Date/Time,Electricity:Facility [J](Hourly),Fans:Electricity [J](Hourly),Cooling:Electricity [J](Hourly),Heating:Electricity [J](Hourly),InteriorLights:Electricity [J](Hourly),InteriorEquipment:Electricity [J](Hourly)
 01/01  01:00:00,1850651.3598124303,335616.2253587564,180000.0,0.0,147020.6307031405,1083329.909329749
 01/01  02:00:00,1974990.576008271,466272.1902125887,180000.0,0.0,147020.6307031405,1077013.160671757
 01/01  03:00:00,2031853.519784038,529451.8826463477,180000.0,0.0,147020.6307031405,1070696.4120137647
 01/01  04:00:00,2091475.8697074694,572666.0558584314,180000.0,0.0,147020.6307031405,1087104.5887251126
 01/01  05:00:00,2215478.890273419,612086.1236050143,180000.0,0.0,147020.6307031405,1171687.54154448
 01/01  06:00:00,2385982.5214045825,643997.04562443,180000.0,0.0,147020.6307031405,1330762.0191298593
 01/01  07:00:00,3500727.091019742,1500685.4429661194,180000.0,0.0,147020.6307031405,1593369.6955085807
 01/01  08:00:00,3659643.4984468375,1240195.4484817418,180000.0,0.0,147020.6307031405,2015051.8494726801
 01/01  09:00:00,4275146.302279903,942660.2409358472,180000.0,0.0,147020.6307031405,2930365.612904265
 01/01  10:00:00,6231498.610446967,548916.7671889366,180000.0,0.0,1128054.635984462,4310806.149800047
 01/01  11:00:00,6479050.063801041,378836.4021736032,180000.0,0.0,1416418.2714083046,4453728.845061367
 01/01  12:00:00,9121394.53552962,322695.408295359,180000.0,0.0,1359642.0115839213,7224920.834860953
 01/01  13:00:00,12855169.498370439,410021.06480757147,180000.0,0.0,1320795.0969672378,10917044.311964123
 01/01  14:00:00,5814056.222519899,284333.6613287352,180000.0,0.0,1308842.2001621043,4015847.0884501766
 01/01  15:00:00,5168592.33395397,299474.6997754709,180000.0,0.0,1344700.8905775044,3319383.471022112
 01/01  16:00:00,5168024.383605834,367963.2136593462,180000.0,0.0,1535947.2394596385,3056804.905855341
 01/01  17:00:00,5216918.027108585,434756.3619165118,180000.0,0.0,1963263.3002431565,2595659.0759490263
 01/01  18:00:00,4330197.3716367055,582915.7221310377,180000.0,0.0,1362630.2357852047,2120448.587773311
 01/01  19:00:00,4246521.373817401,569715.0772026335,180000.0,0.0,1568817.7056737551,1816476.7403623497
 01/01  20:00:00,4043702.5929473653,589699.6185319981,180000.0,0.0,1479170.9796352547,1646908.1113594386
 01/01  21:00:00,4562475.052275124,678937.4136029088,180000.0,0.0,1704781.9068321474,1791662.2950511237
 01/01  22:00:00,3914901.6580699496,39804.967341768985,180000.0,0.0,1685358.4495238054,1770784.275678671
 01/01  23:00:00,2667842.3182476065,111313.84153004255,180000.0,0.0,815785.2069503528,1353649.8329782682
 01/01  24:00:00,2238143.1359837307,201023.79637220677,180000.0,0.0,442257.18178993475,1271489.7785061668
 01/02  01:00:00,2056906.9876652686,270252.79479668883,180000.0,0.0,256987.28131036749,1244982.3171374276
 01/02  02:00:00,1836631.5863337144,327913.20053803246,180000.0,0.0,147020.6307031405,1077013.160671757
 01/02  03:00:00,1864542.9104934484,362141.27335575834,180000.0,0.0,147020.6307031405,1070696.4120137647
 01/02  04:00:00,1903070.7296139668,384260.9157649288,180000.0,0.0,147020.6307031405,1087104.5887251126
 01/02  05:00:00,1992120.5055569508,388727.7388885456,180000.0,0.0,147020.6307031405,1171687.54154448
 01/02  06:00:00,2124637.4815039,382652.0057237472,180000.0,0.0,147020.6307031405,1330762.0191298593
 01/02  07:00:00,3302681.675387871,1140878.6921623047,180000.0,0.0,260423.73914184337,1641727.9222418214
 01/02  08:00:00,4217653.794479117,875491.7023526633,180000.0,0.0,738091.3777169858,2346695.1446201913
 01/02  09:00:00,5834790.900354032,672089.4911279688,180000.0,0.0,1416418.2714083046,3491183.320081109
 01/02  10:00:00,6606587.668670882,584742.3134633462,180000.0,0.0,1455265.186024988,4322859.111709026
 01/02  11:00:00,6183949.03646941,540509.9458729916,180000.0,0.0,1098172.3939716285,4315200.151467024
 01/02  12:00:00,5522955.53568179,498980.5411763459,180000.0,0.0,753032.4987234025,4056806.2149926545
 01/02  13:00:00,5326643.860205341,323476.10002100084,180000.0,0.0,735103.1535157023,4060755.582037129
 01/02  14:00:00,5167333.728316295,134005.83303527412,180000.0,0.0,1163913.3263998623,3664381.296302275
 01/02  15:00:00,4223040.619453168,0.0,180000.0,0.0,747056.0503208358,3270951.296553448
 01/02  16:00:00,4451472.385179219,29547.45785939768,180000.0,0.0,1189313.2321107707,3025302.670577541
 01/02  17:00:00,4930136.62327607,135757.58999141876,180000.0,0.0,1963263.3002431565,2607876.444041604
 01/02  18:00:00,5686312.081382813,297295.5797050022,180000.0,0.0,2581825.7099088086,2542987.9658218487
 01/02  19:00:00,6412264.607772873,313628.2850011741,180000.0,0.0,1923669.3295761521,3883455.142616884
 01/02  20:00:00,3866395.2052580114,412392.23084264435,180000.0,0.0,1479170.9796352547,1646908.1113594386
 01/02  21:00:00,4105288.767154509,569620.1472772576,180000.0,0.0,1445553.4573708174,1703021.7257174908
 01/02  22:00:00,4862028.871116099,8333.138196669974,180000.0,0.0,1685358.4495238054,2749383.3178699194
 01/02  23:00:00,2668305.9794275085,111777.50270994418,180000.0,0.0,815785.2069503528,1353649.8329782682
 01/02  24:00:00,1818252.4816784754,258212.81367217202,180000.0,0.0,147020.6307031405,1089646.6579877406
 01/03  01:00:00,1867403.313786548,352368.17933287396,180000.0,0.0,147020.6307031405,1083329.909329749
 01/03  02:00:00,1931971.4897359894,423253.1039403071,180000.0,0.0,147020.6307031405,1077013.160671757
 01/03  03:00:00,1973565.9369324509,471164.29979476053,180000.0,0.0,147020.6307031405,1070696.4120137647
 01/03  04:00:00,2022778.7644771105,503968.95062807266,180000.0,0.0,147020.6307031405,1087104.5887251126
 01/03  05:00:00,2130561.72828817,527168.9616197648,180000.0,0.0,147020.6307031405,1171687.54154448
 01/03  06:00:00,2286042.060997946,544056.5852177937,180000.0,0.0,147020.6307031405,1330762.0191298593
 01/03  07:00:00,3354301.750849301,1354260.1027956787,180000.0,0.0,147020.6307031405,1593369.6955085807
 01/03  08:00:00,3554720.0764352856,1135272.02647019,180000.0,0.0,147020.6307031405,2015051.8494726801
 01/03  09:00:00,4785860.739008691,936017.1684277045,180000.0,0.0,463473.5736190465,3131270.179225291
 01/03  10:00:00,6836654.732967968,814809.3777604332,180000.0,0.0,1455265.186024988,4322859.111709026
 01/03  11:00:00,7361935.381297113,739897.2485094467,180000.0,0.0,1098172.3939716285,5293799.193658272
 01/03  12:00:00,5517857.76061576,718369.5111355855,180000.0,0.0,601529.531718337,3983822.4369724514
 01/03  13:00:00,6589802.549201002,633880.0979235962,180000.0,0.0,1320795.0969672378,4427818.329678659
 01/03  14:00:00,5820790.17862387,618583.2585701232,180000.0,0.0,1308842.2001621043,3688331.447312759
 01/03  15:00:00,5482663.678087131,613546.0439086325,180000.0,0.0,1344700.8905775044,3319383.471022112
 01/03  16:00:00,5402922.566646918,602861.3967004297,180000.0,0.0,1535947.2394596385,3056804.905855341
 01/03  17:00:00,5379930.376519736,597768.7113276619,180000.0,0.0,1963263.3002431565,2595659.0759490263
 01/03  18:00:00,6047542.41765968,658525.9159818706,180000.0,0.0,2581825.7099088086,2542987.9658218487
 01/03  19:00:00,6129663.672894066,590661.0092108333,180000.0,0.0,2988224.201283343,2259266.6118212277
 01/03  20:00:00,5779560.44059882,529255.0411282622,180000.0,0.0,2814907.197608909,2107474.3184409756
 01/03  21:00:00,5237467.5184791675,658191.8422170262,180000.0,0.0,2223238.8057548073,1968943.4337183898
 01/03  22:00:00,3928602.028255903,53505.33752772301,180000.0,0.0,1685358.4495238054,1770784.275678671
 01/03  23:00:00,3596253.0787479887,125249.67122681088,180000.0,0.0,1485147.4280378215,1598762.5426944124
 01/03  24:00:00,2032938.501484275,234358.99767536146,180000.0,0.0,294638.90624653763,1180568.2182469538
 01/04  01:00:00,1826856.379316138,311821.2448624639,180000.0,0.0,147020.6307031405,1083329.909329749
 01/04  02:00:00,1873376.794879721,364658.4090840387,180000.0,0.0,147020.6307031405,1077013.160671757
 01/04  03:00:00,1903932.0628912663,401530.4257535762,180000.0,0.0,147020.6307031405,1070696.4120137647
 01/04  04:00:00,1947784.2016288277,428974.3877797901,180000.0,0.0,147020.6307031405,1087104.5887251126
 01/04  05:00:00,2054383.4810896965,450990.71442129125,180000.0,0.0,147020.6307031405,1171687.54154448
 01/04  06:00:00,2487714.876897427,464062.8731434609,180000.0,0.0,297627.130447821,1461822.047358992
 01/04  07:00:00,3903150.294217728,1256063.3054763307,180000.0,0.0,600633.064457952,1786802.602441544
 01/04  08:00:00,4333052.195043102,1051976.943379537,180000.0,0.0,738091.3777169858,2285608.3041573027
 01/04  09:00:00,5117979.669888776,872952.2709966331,180000.0,0.0,779926.5165349526,3210001.0646205405
 01/04  10:00:00,5853321.354022678,648486.890043521,180000.0,0.0,800844.085943936,4160269.3205617
 01/04  11:00:00,6611004.967956553,498573.93823653774,180000.0,0.0,1416418.2714083046,4465946.213153945
 01/04  12:00:00,6414054.180152527,493141.14514963963,180000.0,0.0,1359642.0115839213,4347134.742629579
 01/04  13:00:00,6383752.894088229,488917.2832737114,180000.0,0.0,1320795.0969672378,4366731.489215771
 01/04  14:00:00,5251756.0173081765,493231.7281625302,180000.0,0.0,1018984.45263762,3534506.563929143
 01/04  15:00:00,5278981.425723339,409863.7915448406,180000.0,0.0,1344700.8905775044,3319383.471022112
 01/04  16:00:00,5200200.476808037,400139.3068615488,180000.0,0.0,1535947.2394596385,3056804.905855341
 01/04  17:00:00,4014860.6663271505,498296.62269029696,180000.0,0.0,1054843.14305302,2238481.611583945
 01/04  18:00:00,4389848.5708648795,642566.9213592113,180000.0,0.0,1362630.2357852047,2120448.587773311
 01/04  19:00:00,4288868.472619323,612062.1760045559,180000.0,0.0,1568817.7056737551,1816476.7403623497
 01/04  20:00:00,4087271.968994165,633268.9945787978,180000.0,0.0,1479170.9796352547,1646908.1113594386
 01/04  21:00:00,3935740.8546642363,747941.2535819479,180000.0,0.0,1186325.0079094875,1614381.1563838576
 01/04  22:00:00,2908247.9295469397,125931.68609886002,180000.0,0.0,917384.8297939863,1445977.4481283892
 01/04  23:00:00,3459560.054878787,217175.38005851305,180000.0,0.0,1317806.8727659544,1537484.3652653762
 01/04  24:00:00,2333759.4790259115,296130.3730900761,180000.0,0.0,443153.6490503198,1271103.0775700933
 01/05  01:00:00,1892204.2748031102,377169.14034943597,180000.0,0.0,147020.6307031405,1083329.909329749
 01/05  02:00:00,1946228.7790959834,437510.3933003012,180000.0,0.0,147020.6307031405,1077013.160671757
 01/05  03:00:00,1988160.8685397198,485759.23140202975,180000.0,0.0,147020.6307031405,1070696.4120137647
 01/05  04:00:00,2198898.156980221,529315.8477880436,180000.0,0.0,147020.6307031405,1237877.0840682527
 01/05  05:00:00,2150877.8279763088,547485.0613079036,180000.0,0.0,147020.6307031405,1171687.54154448
 01/05  06:00:00,2307758.890983156,565773.4152030034,180000.0,0.0,147020.6307031405,1330762.0191298593
 01/05  07:00:00,3381457.4034166383,1381415.755363016,180000.0,0.0,147020.6307031405,1593369.6955085807
 01/05  08:00:00,3590491.586892772,1171043.5369276765,180000.0,0.0,147020.6307031405,2015051.8494726801
 01/05  09:00:00,5228119.3098429665,983091.9109508239,180000.0,0.0,779926.5165349526,3210001.0646205405
 01/05  10:00:00,5954268.386855632,863483.0540206891,180000.0,0.0,800844.085943936,4046220.189417487
 01/05  11:00:00,6849570.02342933,749356.3618018918,180000.0,0.0,1416418.2714083046,4453728.845061367
 01/05  12:00:00,9024931.102276463,698151.4400922891,180000.0,0.0,1359642.0115839213,6753001.369810866
 01/05  13:00:00,13220722.946355406,775574.5127925368,180000.0,0.0,1320795.0969672378,10917044.311964123
 01/05  14:00:00,8048479.250683356,663380.5824487208,180000.0,0.0,1308842.2001621043,5871223.195493647
 01/05  15:00:00,5465084.62984122,595966.9956627211,180000.0,0.0,1344700.8905775044,3319383.471022112
 01/05  16:00:00,5482654.934811186,568544.6337204844,180000.0,0.0,1535947.2394596385,3170854.0369995534
 01/05  17:00:00,5062605.9776044525,584626.3497086067,180000.0,0.0,1736158.2609456223,2518582.0779503337
 01/05  18:00:00,4477935.341637708,730653.6921320402,180000.0,0.0,1362630.2357852047,2120448.587773311
 01/05  19:00:00,6185475.426996008,646472.763312775,180000.0,0.0,2988224.201283343,2259266.6118212277
 01/05  20:00:00,5813924.939502802,624706.380495131,180000.0,0.0,2814907.197608909,2046387.477978087
 01/05  21:00:00,5302057.585011575,722781.9087494342,180000.0,0.0,2223238.8057548073,1968943.4337183898
 01/05  22:00:00,3971907.3852599068,96810.69453172632,180000.0,0.0,1685358.4495238054,1770784.275678671
 01/05  23:00:00,3660492.0927991266,189488.68527794903,180000.0,0.0,1485147.4280378215,1598762.5426944124
 01/05  24:00:00,2328482.6845257776,291363.34491425374,180000.0,0.0,442257.18178993475,1271489.7785061668
 01/06  01:00:00,2155883.6762791807,369229.483410601,180000.0,0.0,256987.28131036749,1244982.3171374276
 01/06  02:00:00,2108335.6152107124,431383.57861296466,180000.0,0.0,183775.7883789256,1208491.6537980374
 01/06  03:00:00,2096223.781535877,480685.2477633966,180000.0,0.0,147020.6307031405,1186109.0607011812
 01/06  04:00:00,2135817.661714538,518748.67612283514,180000.0,0.0,147020.6307031405,1187639.5125204036
 01/06  05:00:00,2151221.254965651,547828.4882972463,180000.0,0.0,147020.6307031405,1171687.54154448
 01/06  06:00:00,2327242.224741723,567050.7325405644,180000.0,0.0,147020.6307031405,1330762.0191298593
 01/06  07:00:00,3403031.59360149,1382508.1770742356,180000.0,0.0,147020.6307031405,1593369.6955085807
 01/06  08:00:00,3578119.366871265,1142741.0525377893,180000.0,0.0,147020.6307031405,2015051.8494726801
 01/06  09:00:00,6007467.488507628,837938.8231236883,180000.0,0.0,1416418.2714083046,3491183.320081109
 01/06  10:00:00,5672052.906742415,576716.0698022206,180000.0,0.0,800844.085943936,4046220.189417487
 01/06  11:00:00,5143335.113091123,406297.43370877724,180000.0,0.0,463473.57361904654,4038946.056500282
 01/06  12:00:00,4497379.545915646,369075.77945864934,180000.0,0.0,147020.6307031405,3764871.102911844
 01/06  13:00:00,4427846.510222949,318737.1800298117,180000.0,0.0,147020.6307031405,3754779.6748584877
 01/06  14:00:00,3741409.7487183223,316323.9316580032,180000.0,0.0,147020.6307031405,3073031.9137782953
 01/06  15:00:00,3839415.3672917453,307962.77023082814,180000.0,0.0,447038.34051198815,2879380.983970046
 01/06  16:00:00,4141343.8572257976,358273.807628252,180000.0,0.0,842679.2247619027,2733081.8002041336
 01/06  17:00:00,3959673.606745039,443109.56310818496,180000.0,0.0,1054843.14305302,2238481.611583945
 01/06  18:00:00,10118845.363615382,623021.4365536816,180000.0,0.0,2581825.7099088086,6647519.639153113
 01/06  19:00:00,12761585.408949086,674545.6745701289,180000.0,0.0,2988224.201283343,8809579.434569579
 01/06  20:00:00,12424848.022867676,696695.4013747836,180000.0,0.0,2814907.197608909,8596700.300726438
 01/06  21:00:00,12028419.465210296,917036.982620809,180000.0,0.0,2223238.8057548073,8519256.256466743
 01/06  22:00:00,4593990.880832856,137064.40538474428,180000.0,0.0,917384.8297939863,3136517.9444968016
 01/06  23:00:00,2719367.706300945,168369.19211757122,180000.0,0.0,815785.2069503528,1361774.3827598323
 01/06  24:00:00,2315868.7319197,287852.4005186788,180000.0,0.0,442257.18178993475,1271489.7785061668
 01/07  01:00:00,2012399.115410859,361554.451749732,180000.0,0.0,202003.956006754,1164156.1132335882
 01/07  02:00:00,1933198.1199988127,424479.7342031306,180000.0,0.0,147020.6307031405,1077013.160671757
 01/07  03:00:00,1974423.1926055513,474297.3075204873,180000.0,0.0,147020.6307031405,1070696.4120137647
 01/07  04:00:00,2031081.2964175683,514547.2346211566,180000.0,0.0,147020.6307031405,1087104.5887251126
 01/07  05:00:00,2285335.5202965066,537625.2171150587,180000.0,0.0,153071.78471073924,1309953.924049924
 01/07  06:00:00,2725198.020727331,438992.6387008054,180000.0,0.0,297627.130447821,1706169.4092105462
 01/07  07:00:00,3987873.3351695566,1303994.391550936,180000.0,0.0,600633.064457952,1803112.7888451351
 01/07  08:00:00,3985568.0472641876,1119376.1320814774,180000.0,0.0,442556.00421006314,2150330.0768149914
 01/07  09:00:00,5113510.601374658,861655.9463246381,180000.0,0.0,779926.5165349526,3210001.0646205405
 01/07  10:00:00,5684700.832937619,589363.9959974239,180000.0,0.0,800844.085943936,4046220.189417487
 01/07  11:00:00,5381582.359085399,417455.50755890016,180000.0,0.0,621700.0450769996,4107808.7571864817
 01/07  12:00:00,4476477.810130043,348174.0436730472,180000.0,0.0,147020.6307031405,3764871.102911844
 01/07  13:00:00,4354543.842786829,245434.51259369188,180000.0,0.0,147020.6307031405,3754779.6748584877
 01/07  14:00:00,3594131.942297904,169046.1252375847,180000.0,0.0,147020.6307031405,3073031.9137782953
 01/07  15:00:00,3329666.6660114797,245454.72949125816,180000.0,0.0,147020.6307031405,2732158.0332381977
 01/07  16:00:00,3814306.8087677807,286498.7753835974,180000.0,0.0,668764.5762472121,2651734.4325054623
 01/07  17:00:00,12240156.915890556,442501.63070497743,180000.0,0.0,1736158.2609456223,9838257.735240068
 01/07  18:00:00,12820941.213995028,687590.8109553128,180000.0,0.0,2581825.7099088086,9285046.115131129
 01/07  19:00:00,6038779.321332108,440965.5692386125,180000.0,0.0,2988224.201283343,2320353.4522841163
 01/07  20:00:00,6354392.598203444,481304.5844517518,180000.0,0.0,2814907.197608909,2741635.6929852366
 01/07  21:00:00,10549792.976066139,832635.1858944745,180000.0,0.0,2223238.8057548073,7125031.564048921
 01/07  22:00:00,3941711.361655578,82544.93529577795,180000.0,0.0,1685358.4495238054,1770784.275678671
 01/07  23:00:00,2075505.9510176526,217995.1155636655,180000.0,0.0,314211.7747649436,1169860.1362158542
 01/07  24:00:00,1889945.0800541479,339008.4202583474,180000.0,0.0,147020.6307031405,1089646.6579877406
 01/08  01:00:00,1938126.1850942492,423091.05064057495,180000.0,0.0,147020.6307031405,1083329.909329749
 01/08  02:00:00,1999551.8954355093,490833.5096398272,180000.0,0.0,147020.6307031405,1077013.160671757
 01/08  03:00:00,2044418.032140697,542016.3950030068,180000.0,0.0,147020.6307031405,1070696.4120137647
 01/08  04:00:00,2102729.403455805,583919.5896067669,180000.0,0.0,147020.6307031405,1087104.5887251126
 01/08  05:00:00,2220690.828104277,617298.0614358721,180000.0,0.0,147020.6307031405,1171687.54154448
 01/08  06:00:00,2383185.9431782435,641200.4673980909,180000.0,0.0,147020.6307031405,1330762.0191298593
 01/08  07:00:00,3469382.67360524,1469341.025551617,180000.0,0.0,147020.6307031405,1593369.6955085807
 01/08  08:00:00,3635503.861513723,1216055.8115486274,180000.0,0.0,147020.6307031405,2015051.8494726801
 01/08  09:00:00,4254572.437053303,922086.3757092481,180000.0,0.0,147020.6307031405,2930365.612904265
 01/08  10:00:00,5263384.74150399,637027.3052132702,180000.0,0.0,473932.3583235382,3908704.0204936615
 01/08  11:00:00,6506523.914564455,406310.2529370161,180000.0,0.0,1416418.2714083046,4453728.845061367
 01/08  12:00:00,11948984.603123479,347048.5295651284,180000.0,0.0,1359642.0115839213,10028157.781185042
 01/08  13:00:00,9753857.459729366,256349.79640325505,180000.0,0.0,1320795.0969672378,7969403.541727364
 01/08  14:00:00,5294257.579573419,92050.659519672,180000.0,0.0,1308842.2001621043,3688331.447312759
 01/08  15:00:00,5105340.4462484885,0.0,180000.0,0.0,1344700.8905775044,3555606.283092101
 01/08  16:00:00,5044408.531798042,0.0,180000.0,0.0,1535947.2394596385,3301152.2677068943
 01/08  17:00:00,5099759.141844533,73250.11480090767,180000.0,0.0,1963263.3002431565,2840006.4378005806
 01/08  18:00:00,5881444.455444797,248080.59191543196,180000.0,0.0,2581825.7099088086,2787335.3276734026
 01/08  19:00:00,6001301.416283132,217951.3907483436,180000.0,0.0,2988224.201283343,2503613.9736727816
 01/08  20:00:00,5683917.411432864,250351.49057363987,180000.0,0.0,2814907.197608909,2290734.839829641
 01/08  21:00:00,5228867.299553877,405244.26144018234,180000.0,0.0,2223238.8057548073,2213290.7955699437
 01/08  22:00:00,3132249.9002465853,8109.854399386385,180000.0,0.0,1108780.5898861843,1596405.4904353106
 01/08  23:00:00,1805873.0931639604,163162.12171015976,180000.0,0.0,147020.6307031405,1108596.9039617165
 01/08  24:00:00,1873341.6386589725,313301.9706526689,180000.0,0.0,147020.6307031405,1089646.6579877406
 01/09  01:00:00,1921651.825366268,406616.69091259374,180000.0,0.0,147020.6307031405,1083329.909329749
 01/09  02:00:00,1991317.2184609429,482598.8326652607,180000.0,0.0,147020.6307031405,1077013.160671757
 01/09  03:00:00,2042399.278683008,539997.6415453178,180000.0,0.0,147020.6307031405,1070696.4120137647
 01/09  04:00:00,2103780.7879666965,584970.9741176586,180000.0,0.0,147020.6307031405,1087104.5887251126
 01/09  05:00:00,2224961.2658688435,621568.4992004383,180000.0,0.0,147020.6307031405,1171687.54154448
 01/09  06:00:00,2392399.4084857604,650413.9327056077,180000.0,0.0,147020.6307031405,1330762.0191298593
 01/09  07:00:00,4123758.3854296408,1476671.3966882436,180000.0,0.0,600633.064457952,1786802.602441544
 01/09  08:00:00,4504863.774534976,1223788.5228714112,180000.0,0.0,738091.3777169858,2285608.3041573027
 01/09  09:00:00,4977966.107745873,961074.0432407528,180000.0,0.0,621700.0450769996,3140092.201691472
 01/09  10:00:00,5021682.342635288,859752.8028887913,180000.0,0.0,147020.6307031405,3771187.8515698356
 01/09  11:00:00,5975658.034489438,788993.5149240375,180000.0,0.0,779926.5165349526,4176671.4578726813
 01/09  12:00:00,5710153.267823525,686178.2733180813,180000.0,0.0,753032.4987234025,4056806.2149926545
 01/09  13:00:00,5502402.461135815,499234.70095147414,180000.0,0.0,735103.1535157023,4060755.582037129
 01/09  14:00:00,8812457.179845488,393083.8482766785,180000.0,0.0,729126.7051131357,7485213.35387679
 01/09  15:00:00,6072304.672099514,346806.7424914847,180000.0,0.0,747056.0503208358,4773408.606708311
 01/09  16:00:00,5351564.436578108,326278.8326608256,180000.0,0.0,1189313.2321107707,3628663.347175003
 01/09  17:00:00,5397971.854139598,370931.14090154256,180000.0,0.0,1963263.3002431565,2840538.123995009
 01/09  18:00:00,5970705.070806883,467639.4379848604,180000.0,0.0,2581825.7099088086,2657037.0969660617
 01/09  19:00:00,4676509.562511171,395670.3067999192,180000.0,0.0,1923669.3295761521,2065658.0755564375
 01/09  20:00:00,3997965.754921976,543962.780506609,180000.0,0.0,1479170.9796352547,1646908.1113594386
 01/09  21:00:00,4557685.5447566165,674147.9060844013,180000.0,0.0,1704781.9068321474,1791662.2950511237
 01/09  22:00:00,3951936.9425834413,76840.25185526058,180000.0,0.0,1685358.4495238054,1770784.275678671
 01/09  23:00:00,1852008.2249601455,209297.25350634486,180000.0,0.0,147020.6307031405,1108596.9039617165
 01/09  24:00:00,1886415.9585847699,326376.2905784665,180000.0,0.0,147020.6307031405,1089646.6579877406
 01/10  01:00:00,1924738.2715301244,409703.1370764503,180000.0,0.0,147020.6307031405,1083329.909329749
 01/10  02:00:00,1986029.2524407501,477310.866645068,180000.0,0.0,147020.6307031405,1077013.160671757
 01/10  03:00:00,2031832.7173878276,529431.0802501373,180000.0,0.0,147020.6307031405,1070696.4120137647
 01/10  04:00:00,2088821.739761222,570011.9259121841,180000.0,0.0,147020.6307031405,1087104.5887251126
 01/10  05:00:00,2207347.460468341,603954.6937999357,180000.0,0.0,147020.6307031405,1171687.54154448
 01/10  06:00:00,2375624.6093197223,633639.1335395697,180000.0,0.0,147020.6307031405,1330762.0191298593
 01/10  07:00:00,3465803.5116114495,1465761.8635578263,180000.0,0.0,147020.6307031405,1593369.6955085807
 01/10  08:00:00,3636711.909588576,1217263.8596234804,180000.0,0.0,147020.6307031405,2015051.8494726801
 01/10  09:00:00,5607811.636240541,903947.2321814377,180000.0,0.0,1098172.3939716285,3350592.192350825
 01/10  10:00:00,6619982.673516547,598137.3183090128,180000.0,0.0,1455265.186024988,4322859.111709026
 01/10  11:00:00,8128600.947021879,377517.29856759217,180000.0,0.0,1416418.2714083046,6104598.831888215
 01/10  12:00:00,7419708.020629517,214784.99587241496,180000.0,0.0,1359642.0115839213,5631144.732383794
 01/10  13:00:00,5355189.036542446,129104.3137005617,180000.0,0.0,881526.1393785861,4137249.558831789
 01/10  14:00:00,4149994.1571743567,57591.45923111748,180000.0,0.0,583600.1865106369,3303769.238853719
 01/10  15:00:00,3148613.142338848,64401.20581862636,180000.0,0.0,147020.6307031405,2732158.0332381977
 01/10  16:00:00,3068960.817442341,192889.70155403123,180000.0,0.0,147020.6307031405,2521741.4605536605
 01/10  17:00:00,5079500.995109008,285121.9618243572,180000.0,0.0,1963263.3002431565,2607876.444041604
 01/10  18:00:00,4655279.005234037,436476.8022224439,180000.0,0.0,1667429.1043161058,2287170.2727483334
 01/10  19:00:00,4121617.8620130927,444811.5653983258,180000.0,0.0,1568817.7056737551,1816476.7403623497
 01/10  20:00:00,5658785.873534487,469567.3145268165,180000.0,0.0,2814907.197608909,2046387.477978087
 01/10  21:00:00,5194241.43500153,614965.758739388,180000.0,0.0,2223238.8057548073,1968943.4337183898
 01/10  22:00:00,2871306.337607907,88990.09415982768,180000.0,0.0,917384.8297939863,1445977.4481283892
 01/10  23:00:00,2768949.9115456,212421.43482803545,180000.0,0.0,815785.2069503528,1353649.8329782682
 01/10  24:00:00,2374361.4108781232,337242.07126659947,180000.0,0.0,442257.18178993475,1271489.7785061668
 01/11  01:00:00,2213605.233899952,426951.0410313726,180000.0,0.0,256987.28131036749,1244982.3171374276
 01/11  02:00:00,2013365.46715071,504647.0813550279,180000.0,0.0,147020.6307031405,1077013.160671757
 01/11  03:00:00,2062706.7868452948,560305.1497076045,180000.0,0.0,147020.6307031405,1070696.4120137647
 01/11  04:00:00,2119224.370063833,600414.5562147951,180000.0,0.0,147020.6307031405,1087104.5887251126
 01/11  05:00:00,2239364.8498830823,635972.083214677,180000.0,0.0,147020.6307031405,1171687.54154448
 01/11  06:00:00,2410149.4201907674,668163.9444106147,180000.0,0.0,147020.6307031405,1330762.0191298593
 01/11  07:00:00,3831981.399612656,1508417.0812151455,180000.0,0.0,373826.8475805463,1690086.1489750622
 01/11  08:00:00,4965968.184312882,1252256.506929516,180000.0,0.0,1035419.6857446784,2420916.4218494105
 01/11  09:00:00,6191160.10774121,1028458.6985151457,180000.0,0.0,1416418.2714083046,3491183.320081109
 01/11  10:00:00,6902241.363614737,880396.0084072027,180000.0,0.0,1455265.186024988,4322859.111709026
 01/11  11:00:00,6869004.341669325,768790.6800418872,180000.0,0.0,1416418.2714083046,4453728.845061367
 01/11  12:00:00,6605834.586294716,684921.5512918298,180000.0,0.0,1359642.0115839213,4347134.742629579
 01/11  13:00:00,6533257.221744297,577334.7704668917,180000.0,0.0,1320795.0969672378,4427818.329678659
 01/11  14:00:00,4904829.297701629,589987.6394640823,180000.0,0.0,729126.7051131357,3380681.680545527
 01/11  15:00:00,5032159.793148029,608254.3472579722,180000.0,0.0,1045878.4704491701,3172993.7028620034
 01/11  16:00:00,5405692.819657102,605631.6497106142,180000.0,0.0,1535947.2394596385,3056804.905855341
 01/11  17:00:00,5396133.236677852,613971.5714857792,180000.0,0.0,1963263.3002431565,2595659.0759490263
 01/11  18:00:00,6082231.210778637,693214.7091008268,180000.0,0.0,2581825.7099088086,2542987.9658218487
 01/11  19:00:00,6157156.477906711,618153.8142234775,180000.0,0.0,2988224.201283343,2259266.6118212277
 01/11  20:00:00,5809329.11944999,620110.5604423198,180000.0,0.0,2814907.197608909,2046387.477978087
 01/11  21:00:00,3951115.21375034,763315.6126680512,180000.0,0.0,1186325.0079094875,1614381.1563838576
 01/11  22:00:00,2930411.553274825,148095.3098267456,180000.0,0.0,917384.8297939863,1445977.4481283892
 01/11  23:00:00,2827878.863961851,271350.38724428706,180000.0,0.0,815785.2069503528,1353649.8329782682
 01/11  24:00:00,2413292.0444441536,376172.70483263006,180000.0,0.0,442257.18178993475,1271489.7785061668
 01/12  01:00:00,2047901.613807227,464961.7147498266,180000.0,0.0,174512.29335494724,1123743.0112816684
 01/12  02:00:00,2035428.7179439242,526710.332148242,180000.0,0.0,147020.6307031405,1077013.160671757
 01/12  03:00:00,2079099.9231879823,576698.2860502924,180000.0,0.0,147020.6307031405,1070696.4120137647
 01/12  04:00:00,2135403.177649907,616593.3638008691,180000.0,0.0,147020.6307031405,1087104.5887251126
 01/12  05:00:00,2373261.3058271897,648061.5447164933,180000.0,0.0,155088.83604660552,1285426.330643306
 01/12  06:00:00,2861200.549311858,636461.6236798369,180000.0,0.0,372930.38032016123,1587605.7193647078
 01/12  07:00:00,4729040.329340987,1437358.3599724346,180000.0,0.0,1051854.9188517367,1980175.7286749147
 01/12  08:00:00,5329034.8973044325,1182686.794201267,180000.0,0.0,1332747.993772371,2556224.5395415183
 01/12  09:00:00,5653436.51944413,949572.1153850275,180000.0,0.0,1098172.3939716285,3350592.1923508244
 01/12  10:00:00,6703494.887395782,681649.5321882478,180000.0,0.0,1455265.186024988,4322859.111709026
 01/12  11:00:00,6322864.346663725,451037.9705517969,180000.0,0.0,1257295.3326899665,4384464.498264195
 01/12  12:00:00,5324240.045272207,300265.05076676304,180000.0,0.0,753032.4987234025,4056806.2149926545
 01/12  13:00:00,5196399.831902278,193232.0717179374,180000.0,0.0,735103.1535157023,4060755.582037129
 01/12  14:00:00,3764182.2621710524,116657.48481642648,180000.0,0.0,292547.1493056393,3149944.355470103
 01/12  15:00:00,3598733.243218689,67280.64615777138,180000.0,0.0,447038.34051198815,2879380.983970046
 01/12  16:00:00,3945467.3815662595,162397.3319687142,180000.0,0.0,842679.2247619027,2733081.8002041336
 01/12  17:00:00,9153649.575459883,328043.07739943604,180000.0,0.0,1963263.3002431565,6639103.908817401
 01/12  18:00:00,12598696.959240556,659367.6348143921,180000.0,0.0,2581825.7099088086,9093300.788570203
 01/12  19:00:00,11397318.04095247,529513.8582151374,180000.0,0.0,1923669.3295761521,8652623.002582524
 01/12  20:00:00,12411273.277968366,480295.7382016539,180000.0,0.0,2814907.197608909,8788146.458737131
 01/12  21:00:00,6940146.912101599,478945.6683008167,180000.0,0.0,2223238.8057548073,3850869.0012570317
 01/12  22:00:00,3622243.4967822973,0.0,180000.0,0.0,1493365.0445913505,1709924.4866652424
 01/12  23:00:00,2629370.827274978,72842.35055741406,180000.0,0.0,815785.2069503528,1353649.8329782682
 01/12  24:00:00,1769543.6796692943,209504.01166299067,180000.0,0.0,147020.6307031405,1089646.6579877406
 01/13  01:00:00,1812075.1719820825,297040.0375284086,180000.0,0.0,147020.6307031405,1083329.909329749
 01/13  02:00:00,1884095.6737432387,375377.2879475567,180000.0,0.0,147020.6307031405,1077013.160671757
 01/13  03:00:00,1945819.162989707,445693.2779046429,180000.0,0.0,147020.6307031405,1070696.4120137647
 01/13  04:00:00,2019701.686383318,503167.624586906,180000.0,0.0,147020.6307031405,1087104.5887251126
 01/13  05:00:00,2151722.045721716,548329.2790533107,180000.0,0.0,147020.6307031405,1171687.54154448
 01/13  06:00:00,2344554.7581526344,584363.2659514757,180000.0,0.0,147020.6307031405,1330762.0191298593
 01/13  07:00:00,3424922.317111462,1404398.9005842078,180000.0,0.0,147020.6307031405,1593369.6955085807
 01/13  08:00:00,3664583.3768281704,1115155.9313504815,180000.0,0.0,147020.6307031405,2129100.9806168927
 01/13  09:00:00,5195656.143660641,699454.1267590673,180000.0,0.0,779926.5165349526,3454348.426472094
 01/13  10:00:00,6520271.814187487,473533.0370005589,180000.0,0.0,1455265.186024988,4343201.029583167
 01/13  11:00:00,6403198.362362561,298433.19662987103,180000.0,0.0,1416418.2714083046,4453728.845061367
 01/13  12:00:00,5444409.321544667,193924.06486223667,180000.0,0.0,904684.8769385322,4129388.3469018852
 01/13  13:00:00,4451222.079376524,118598.14168558609,180000.0,0.0,294041.261406281,3831273.6516531482
 01/13  14:00:00,4175565.6976363147,83162.99969307586,180000.0,0.0,583600.1865106369,3303769.238853719
 01/13  15:00:00,4097873.773721231,119180.51611961785,180000.0,0.0,747056.0503208358,3026603.9347018944
 01/13  16:00:00,4003175.6390621965,220105.58946465072,180000.0,0.0,842679.2247619027,2733081.8002041336
 01/13  17:00:00,3908424.594932243,277811.42015117645,180000.0,0.0,1054843.14305302,2352530.742728158
 01/13  18:00:00,4279860.026125244,330731.91677469306,180000.0,0.0,1362630.2357852047,2320019.295565568
 01/13  19:00:00,4995433.500197528,389804.772101154,180000.0,0.0,2278520.953478549,2037871.6760917886
 01/13  20:00:00,5596165.443637026,418325.64489248383,180000.0,0.0,2814907.197608909,2046387.477978087
 01/13  21:00:00,5101221.591207376,540151.9313662411,180000.0,0.0,2223238.8057548073,1968943.4337183898
 01/13  22:00:00,3871078.505829133,11912.079469332855,180000.0,0.0,1685358.4495238054,1770784.275678671
 01/13  23:00:00,4198527.191968268,84210.37278873875,180000.0,0.0,1150466.3174940872,2590411.5772122527
 01/13  24:00:00,8791746.27022487,325954.45470973273,180000.0,0.0,294638.90624653763,7856883.538163678
 01/14  01:00:00,7486557.510584093,403756.4767943203,180000.0,0.0,147020.6307031405,6651095.808665847
 01/14  02:00:00,1850935.1269305455,342216.74113486346,180000.0,0.0,147020.6307031405,1077013.160671757
 01/14  03:00:00,1879297.6075800909,379171.7224950266,180000.0,0.0,147020.6307031405,1070696.4120137647
 01/14  04:00:00,2003089.738526344,372506.5455857195,180000.0,0.0,147020.6307031405,1201153.7198693254
 01/14  05:00:00,2263241.790253491,293694.6672912409,180000.0,0.0,155088.83604660552,1529773.69249486
 01/14  06:00:00,2443462.5178607516,381262.57981163793,180000.0,0.0,297627.130447821,1482163.9652331336
 01/14  07:00:00,3845512.932272493,1177944.1750574633,180000.0,0.0,600633.064457952,1786802.602441544
 01/14  08:00:00,4279427.879436868,982422.3634049244,180000.0,0.0,738091.3777169858,2285608.3041573027
 01/14  09:00:00,5319123.544673192,837850.3870396926,180000.0,0.0,939049.4552532905,3280296.6284856824
 01/14  10:00:00,5834759.147985017,739422.3110448219,180000.0,0.0,800844.085943936,4046220.189417487
 01/14  11:00:00,5848923.052563567,657707.0288929145,180000.0,0.0,779926.5165349526,4176671.4578726813
 01/14  12:00:00,4737336.0103330845,609032.2438760882,180000.0,0.0,147020.6307031405,3764871.102911844
 01/14  13:00:00,4659218.882341857,550109.5521487191,180000.0,0.0,147020.6307031405,3754779.6748584877
 01/14  14:00:00,3967726.4251407236,542640.6080804048,180000.0,0.0,147020.6307031405,3073031.9137782953
 01/14  15:00:00,3847627.318599052,539795.0518084823,180000.0,0.0,297029.48560756433,2805769.508604122
 01/14  16:00:00,4318460.476220459,535390.4266229132,180000.0,0.0,842679.2247619027,2733081.8002041336
 01/14  17:00:00,4071331.321500066,554767.2778632126,180000.0,0.0,1054843.14305302,2238481.611583945
 01/14  18:00:00,4388400.128277617,638842.7267193233,180000.0,0.0,1362630.2357852047,2120448.587773311
 01/14  19:00:00,2437143.8242419465,627140.445409705,180000.0,0.0,147020.6307031405,1373746.6496030646
 01/14  20:00:00,4902430.783981029,592198.777532638,180000.0,0.0,2147039.088622082,1846647.7946687627
 01/14  21:00:00,5197513.782079312,636444.1222381766,180000.0,0.0,2223238.8057548073,1968943.4337183898
 01/14  22:00:00,2830157.1587042566,63771.17962455679,180000.0,0.0,917384.8297939863,1445977.4481283892
 01/14  23:00:00,2234040.9685369027,148075.7567669746,180000.0,0.0,481402.91882674664,1231123.3684699922
 01/14  24:00:00,1799819.8521062345,248883.192310434,180000.0,0.0,147020.6307031405,1089646.6579877406
 01/15  01:00:00,1825799.390237867,310764.25578419265,180000.0,0.0,147020.6307031405,1083329.909329749
 01/15  02:00:00,1871982.0396067537,363263.6538110715,180000.0,0.0,147020.6307031405,1077013.160671757
 01/15  03:00:00,1905925.8946832134,403524.25754552346,180000.0,0.0,147020.6307031405,1070696.4120137647
 01/15  04:00:00,1953555.7664327268,434745.9525836888,180000.0,0.0,147020.6307031405,1087104.5887251126
 01/15  05:00:00,2061407.536438133,458014.7697697278,180000.0,0.0,147020.6307031405,1171687.54154448
 01/15  06:00:00,2430471.165227086,477235.7934665732,180000.0,0.0,259975.50551165087,1429057.040301709
 01/15  07:00:00,3900910.2048315327,1253823.2160901353,180000.0,0.0,600633.064457952,1786802.602441544
 01/15  08:00:00,5131698.33940837,985350.2363052038,180000.0,0.0,1332747.993772371,2556224.5395415183
 01/15  09:00:00,5183853.787403742,709407.8859281184,180000.0,0.0,939049.4552532905,3280296.6284856824
 01/15  10:00:00,6007768.190887118,451452.8468658786,180000.0,0.0,1128054.635984462,4184539.650563256
 01/15  11:00:00,5512936.0853311885,326271.5657657892,180000.0,0.0,779926.5165349526,4176671.4578726813
 01/15  12:00:00,5776779.126119114,304335.111364949,180000.0,0.0,1056337.2551536618,4201970.478811117
 01/15  13:00:00,6145536.149155098,250700.53834058018,180000.0,0.0,1320795.0969672378,4366731.489215771
 01/15  14:00:00,5446246.179694356,244039.2596406101,180000.0,0.0,1308842.2001621043,3688331.447312759
 01/15  15:00:00,5161781.632702361,292663.9985238622,180000.0,0.0,1344700.8905775044,3319383.471022112
 01/15  16:00:00,5143297.566812456,343236.3968659668,180000.0,0.0,1535947.2394596385,3056804.905855341
 01/15  17:00:00,4900849.472338263,374000.3720721067,180000.0,0.0,1736158.2609456223,2567451.5503206444
 01/15  18:00:00,5882121.012406893,493104.51072908286,180000.0,0.0,2581825.7099088086,2542987.9658218487
 01/15  19:00:00,5996287.185620811,457284.52193757816,180000.0,0.0,2988224.201283343,2259266.6118212277
 01/15  20:00:00,4805136.843146566,483526.0764350477,180000.0,0.0,2147039.088622082,1846647.794668763
 01/15  21:00:00,3797007.5875334544,609207.9864511653,180000.0,0.0,1186325.0079094875,1614381.1563838576
 01/15  22:00:00,1736241.1454830198,49036.14797647541,180000.0,0.0,147020.6307031405,1121230.4012777002
 01/15  23:00:00,1753638.4524853432,110927.48103154276,180000.0,0.0,147020.6307031405,1108596.9039617165
 01/15  24:00:00,1742882.7623896424,182843.09438333882,180000.0,0.0,147020.6307031405,1089646.6579877406
 01/16  01:00:00,1746696.4805622848,231661.34610861092,180000.0,0.0,147020.6307031405,1083329.909329749
 01/16  02:00:00,1778498.5614045484,269780.1756088663,180000.0,0.0,147020.6307031405,1077013.160671757
 01/16  03:00:00,1799030.3762051205,296628.73906743043,180000.0,0.0,147020.6307031405,1070696.4120137647
 01/16  04:00:00,1831206.0053529511,312396.1915039135,180000.0,0.0,147020.6307031405,1087104.5887251126
 01/16  05:00:00,1921364.5708819802,317971.80421357503,180000.0,0.0,147020.6307031405,1171687.54154448
 01/16  06:00:00,2058263.6423442014,316278.16656404873,180000.0,0.0,147020.6307031405,1330762.0191298593
 01/16  07:00:00,3039779.9078342197,1039738.2597805974,180000.0,0.0,147020.6307031405,1593369.6955085807
 01/16  08:00:00,4867907.813650602,823640.3202204058,180000.0,0.0,590323.6909635244,3196568.2326773955
 01/16  09:00:00,4902723.096731814,657695.6978396705,180000.0,0.0,779926.5165349526,3210001.0646205405
 01/16  10:00:00,6560831.8746326305,538986.5194250954,180000.0,0.0,1455265.186024988,4322859.111709026
 01/16  11:00:00,6558594.869672244,458381.2080448067,180000.0,0.0,1416418.2714083046,4453728.845061367
 01/16  12:00:00,6288921.435116157,413008.40011327015,135000.0,0.0,1359642.0115839213,4347134.742629579
 01/16  13:00:00,6130676.562190322,301791.82023159176,0.0,0.0,1320795.0969672378,4480780.620359983
 01/16  14:00:00,5440304.6869613435,83750.40505604415,90000.0,0.0,1308842.2001621043,3932678.8091643127
 01/16  15:00:00,5113464.996030053,0.0,180000.0,0.0,1344700.8905775044,3563730.8328736657
 01/16  16:00:00,5044408.531798042,0.0,180000.0,0.0,1535947.2394596385,3301152.2677068943
 01/16  17:00:00,6005108.069234874,0.0,180000.0,0.0,1963263.3002431565,3818605.479991829
 01/16  18:00:00,5713988.624779906,80624.76125054123,180000.0,0.0,2581825.7099088086,2787335.3276734026
 01/16  19:00:00,8402803.134563778,51433.12952056053,180000.0,0.0,2988224.201283343,5071633.953181212
 01/16  20:00:00,7839491.668086279,74298.05693626769,180000.0,0.0,2814907.197608909,4622362.53012043
 01/16  21:00:00,4889887.915974021,310612.23971187946,180000.0,0.0,2223238.8057548073,1968943.4337183898
 01/16  22:00:00,3875096.6907281806,0.0,180000.0,0.0,1685358.4495238054,1770784.275678671
 01/16  23:00:00,1652924.5330571085,10213.5616033079,180000.0,0.0,147020.6307031405,1108596.9039617165
 01/16  24:00:00,1663517.1969459075,103477.52893960406,180000.0,0.0,147020.6307031405,1089646.6579877406
 01/17  01:00:00,1707443.265601817,192408.13114814306,180000.0,0.0,147020.6307031405,1083329.909329749
 01/17  02:00:00,1769560.6044029023,260842.21860722016,180000.0,0.0,147020.6307031405,1077013.160671757
 01/17  03:00:00,1824768.1295447857,322366.4924070955,180000.0,0.0,147020.6307031405,1070696.4120137647
 01/17  04:00:00,1888786.7077530003,369976.8939039625,180000.0,0.0,147020.6307031405,1087104.5887251126
 01/17  05:00:00,2010534.1132039865,407141.34653558134,180000.0,0.0,147020.6307031405,1171687.54154448
 01/17  06:00:00,2178053.342390416,436067.86661026324,180000.0,0.0,147020.6307031405,1330762.0191298593
 01/17  07:00:00,3383948.4227872426,1222145.4395616762,180000.0,0.0,260423.7391418434,1641727.9222418214
 01/17  08:00:00,4050259.265849124,984590.8146101765,180000.0,0.0,590323.6909635244,2217969.190486147
 01/17  09:00:00,5886550.524288637,662762.2745996843,180000.0,0.0,1416418.2714083046,3552270.1605439973
 01/17  10:00:00,6728092.358003794,438057.0198372898,180000.0,0.0,1128054.635984462,4918259.644708522
 01/17  11:00:00,6592678.989291712,247586.27961829098,180000.0,0.0,1416418.2714083046,4698607.89310735
 01/17  12:00:00,6062160.299470073,141247.26446718493,180000.0,0.0,1359642.0115839213,4347134.742629579
 01/17  13:00:00,5941551.235859852,46715.62504533592,180000.0,0.0,1320795.0969672378,4366731.489215771
 01/17  14:00:00,5217383.353594562,15176.433540815131,180000.0,0.0,1308842.2001621043,3688331.447312759
 01/17  15:00:00,4954099.777228173,84982.14304967447,180000.0,0.0,1344700.8905775044,3319383.471022112
 01/17  16:00:00,4971747.215327581,171686.04538109316,180000.0,0.0,1535947.2394596385,3056804.905855341
 01/17  17:00:00,5009145.545327777,226983.88013570337,180000.0,0.0,1963263.3002431565,2595659.0759490263
 01/17  18:00:00,5725426.699607862,336410.1979300522,180000.0,0.0,2581825.7099088086,2542987.9658218487
 01/17  19:00:00,5860135.224787065,321132.5611038317,180000.0,0.0,2988224.201283343,2259266.6118212277
 01/17  20:00:00,5537554.11667741,348335.5576697396,180000.0,0.0,2814907.197608909,2046387.477978087
 01/17  21:00:00,5047835.888658598,468560.212396457,180000.0,0.0,2223238.8057548073,1968943.4337183898
 01/17  22:00:00,5831377.625117995,0.0,180000.0,0.0,1685358.4495238054,3727065.210068485
 01/17  23:00:00,3047322.3090861654,33556.366966794456,180000.0,0.0,1150466.3174940872,1476206.1878363404
 01/17  24:00:00,2175188.897187951,138069.5575764275,180000.0,0.0,442257.18178993475,1271489.7785061668
 01/18  01:00:00,1725626.836013226,210591.70155955196,180000.0,0.0,147020.6307031405,1083329.909329749
 01/18  02:00:00,1784552.7583450773,275834.3725493951,180000.0,0.0,147020.6307031405,1077013.160671757
 01/18  03:00:00,1819838.4086138485,317436.7714761585,180000.0,0.0,147020.6307031405,1070696.4120137647
 01/18  04:00:00,1865112.4204049346,346302.6065558968,180000.0,0.0,147020.6307031405,1087104.5887251126
 01/18  05:00:00,1980461.3325572452,377068.5658888401,180000.0,0.0,147020.6307031405,1171687.54154448
 01/18  06:00:00,2151753.6063772184,409768.1305970658,180000.0,0.0,147020.6307031405,1330762.0191298593
 01/18  07:00:00,3191949.1352400836,1191907.4871864603,180000.0,0.0,147020.6307031405,1593369.6955085807
 01/18  08:00:00,3392915.883263382,973467.8332982864,180000.0,0.0,147020.6307031405,2015051.8494726801
 01/18  09:00:00,4933330.257735748,688302.858843605,180000.0,0.0,779926.5165349526,3210001.0646205405
 01/18  10:00:00,5511895.239799444,421109.90696449915,180000.0,0.0,800844.085943936,4046220.189417487
 01/18  11:00:00,5867943.093087273,224504.00249085366,180000.0,0.0,1098172.3939716285,4315200.151467024
 01/18  12:00:00,6010079.650149374,89166.61514648693,180000.0,0.0,1359642.0115839213,4347134.742629579
 01/18  13:00:00,5972973.117644036,78137.5068295189,180000.0,0.0,1320795.0969672378,4366731.489215771
 01/18  14:00:00,5318482.626290411,116275.70623666483,180000.0,0.0,1308842.2001621043,3688331.447312759
 01/18  15:00:00,5007823.394716864,138705.76053836555,180000.0,0.0,1344700.8905775044,3319383.471022112
 01/18  16:00:00,4962517.465190762,162456.29524427405,180000.0,0.0,1535947.2394596385,3056804.905855341
 01/18  17:00:00,5000453.326084627,218291.66089255383,180000.0,0.0,1963263.3002431565,2595659.0759490263
 01/18  18:00:00,5726433.890781229,337417.3891034191,180000.0,0.0,2581825.7099088086,2542987.9658218487
 01/18  19:00:00,5864869.0636037765,325866.3999205439,180000.0,0.0,2988224.201283343,2259266.6118212277
 01/18  20:00:00,5562759.88354817,373541.3245405007,180000.0,0.0,2814907.197608909,2046387.477978087
 01/18  21:00:00,5108863.548437295,529587.8721751532,180000.0,0.0,2223238.8057548073,1968943.4337183898
 01/18  22:00:00,4623047.292899007,14230.60802556065,180000.0,0.0,1685358.4495238054,2504504.2698239367
 01/18  23:00:00,2701493.0544936256,128539.90604601974,180000.0,0.0,648594.0628885498,1537265.6487701125
 01/18  24:00:00,1833432.4534795133,273392.78547320975,180000.0,0.0,147020.6307031405,1089646.6579877406
 01/19  01:00:00,1872334.226402108,357299.0919484339,180000.0,0.0,147020.6307031405,1083329.909329749
 01/19  02:00:00,1939718.2767929123,430999.89099723013,180000.0,0.0,147020.6307031405,1077013.160671757
 01/19  03:00:00,1991960.4658644774,489558.8287267873,180000.0,0.0,147020.6307031405,1070696.4120137647
 01/19  04:00:00,2052970.0768610665,534160.2630120286,180000.0,0.0,147020.6307031405,1087104.5887251126
 01/19  05:00:00,2170362.0601380756,566969.2934696706,180000.0,0.0,147020.6307031405,1171687.54154448
 01/19  06:00:00,2335079.3866846855,593093.9109045328,180000.0,0.0,147020.6307031405,1330762.0191298593
 01/19  07:00:00,3400771.4140826436,1400729.7660290208,180000.0,0.0,147020.6307031405,1593369.6955085807
 01/19  08:00:00,4191336.3929144987,1125667.9416755515,180000.0,0.0,590323.6909635244,2217969.190486147
 01/19  09:00:00,5063279.68457544,818252.2856832979,180000.0,0.0,779926.5165349526,3210001.0646205405
 01/19  10:00:00,5629120.536002806,538335.2031678628,180000.0,0.0,800844.085943936,4046220.189417487
 01/19  11:00:00,5984072.625022104,340633.5344256851,180000.0,0.0,1098172.3939716285,4315200.151467024
 01/19  12:00:00,6158553.719293359,237640.68429047117,180000.0,0.0,1359642.0115839213,4347134.742629579
 01/19  13:00:00,6084480.291026174,189644.6802116566,180000.0,0.0,1320795.0969672378,4366731.489215771
 01/19  14:00:00,5381163.74389535,178956.8238416037,180000.0,0.0,1308842.2001621043,3688331.447312759
 01/19  15:00:00,5065134.4204681665,196016.78628966838,180000.0,0.0,1344700.8905775044,3319383.471022112
 01/19  16:00:00,4560493.092955203,268927.4831831858,180000.0,0.0,1189313.2321107707,2894943.3530297372
 01/19  17:00:00,3872941.672839962,356377.62920310814,180000.0,0.0,1054843.14305302,2238481.611583945
 01/19  18:00:00,5049159.13520045,481010.0596087108,180000.0,0.0,1972227.9728470065,2331718.27679758
 01/19  19:00:00,6101155.192040401,325929.7162871772,180000.0,0.0,2988224.201283343,2495489.4238912174
 01/19  20:00:00,5608709.382682453,403180.63727119216,180000.0,0.0,2814907.197608909,2062697.6643816784
 01/19  21:00:00,5147048.017137129,567772.340874987,180000.0,0.0,2223238.8057548073,1968943.4337183898
 01/19  22:00:00,3907352.4454633985,32255.754735218008,180000.0,0.0,1685358.4495238054,1770784.275678671
 01/19  23:00:00,2687340.534987878,130812.05827031352,180000.0,0.0,815785.2069503528,1353649.8329782682
 01/19  24:00:00,1809542.486283898,249502.81827759452,180000.0,0.0,147020.6307031405,1089646.6579877406
 01/20  01:00:00,1843415.3862468987,328380.2517932246,180000.0,0.0,147020.6307031405,1083329.909329749
 01/20  02:00:00,1903514.6283622305,394796.2425665484,180000.0,0.0,147020.6307031405,1077013.160671757
 01/20  03:00:00,1942914.3618261083,442788.47674104385,180000.0,0.0,147020.6307031405,1070696.4120137647
 01/20  04:00:00,1991112.7821260556,474578.7203296437,180000.0,0.0,147020.6307031405,1087104.5887251126
 01/20  05:00:00,2101367.143463482,497974.37679507694,180000.0,0.0,147020.6307031405,1171687.54154448
 01/20  06:00:00,2279372.5658221953,519181.07362103695,180000.0,0.0,147020.6307031405,1330762.0191298593
 01/20  07:00:00,3647589.8395116962,1303543.7526405547,180000.0,0.0,373826.8475805463,1690086.1489750622
 01/20  08:00:00,5008119.357459975,1062159.2028483306,180000.0,0.0,1184083.8397585247,2488570.4806954646
 01/20  09:00:00,5187635.501432443,874694.0059195352,180000.0,0.0,779926.5165349526,3271087.905083429
 01/20  10:00:00,5895774.731340489,800437.894400294,180000.0,0.0,800844.085943936,4046220.189417487
 01/20  11:00:00,5904377.686537307,713161.6628666548,180000.0,0.0,779926.5165349526,4176671.4578726813
 01/20  12:00:00,5216112.973471241,638835.7169637086,180000.0,0.0,450026.5647132715,3910838.658952249
 01/20  13:00:00,4699870.512679184,590761.1824860472,180000.0,0.0,147020.6307031405,3754779.6748584877
 01/20  14:00:00,3870697.9422405367,445612.12518021755,180000.0,0.0,147020.6307031405,3073031.9137782953
 01/20  15:00:00,4580903.143429901,379603.79168406647,180000.0,0.0,896467.2603850029,3099798.818781949
 01/20  16:00:00,5217466.1485947,417404.978648212,180000.0,0.0,1535947.2394596385,3056804.905855341
 01/20  17:00:00,5252313.411386035,470151.7461939622,180000.0,0.0,1963263.3002431565,2595659.0759490263
 01/20  18:00:00,5591425.186892971,549479.8057426829,180000.0,0.0,2277026.8413779074,2498439.961772603
 01/20  19:00:00,4259052.006231783,584521.461669642,180000.0,0.0,1568817.7056737551,1816476.7403623497
 01/20  20:00:00,4071295.762928702,628671.5487764637,180000.0,0.0,1479170.9796352547,1646908.1113594386
 01/20  21:00:00,3950970.104837759,781376.5201764766,180000.0,0.0,1186325.0079094875,1614381.1563838576
 01/20  22:00:00,2405945.450563417,187115.09445448522,180000.0,0.0,532202.7302485633,1283603.9247030448
 01/20  23:00:00,2183131.8298107404,325620.99435675354,180000.0,0.0,314211.7747649436,1169860.1362158542
 01/20  24:00:00,1978159.4280248915,427222.76822909113,180000.0,0.0,147020.6307031405,1089646.6579877406
 01/21  01:00:00,2021875.124751749,506839.99029807467,180000.0,0.0,147020.6307031405,1083329.909329749
 01/21  02:00:00,2079131.315134216,570412.9293385339,180000.0,0.0,147020.6307031405,1077013.160671757
 01/21  03:00:00,2119824.8792301365,619698.9941450722,180000.0,0.0,147020.6307031405,1070696.4120137647
 01/21  04:00:00,2173423.476804886,656889.4150084744,180000.0,0.0,147020.6307031405,1087104.5887251126
 01/21  05:00:00,2286048.4096707464,682655.6430023413,180000.0,0.0,147020.6307031405,1171687.54154448
 01/21  06:00:00,2459493.004024408,699301.5118232492,180000.0,0.0,147020.6307031405,1330762.0191298593
 01/21  07:00:00,3857158.8075476154,1513112.7206764738,180000.0,0.0,373826.8475805463,1690086.1489750622
 01/21  08:00:00,4552548.158687399,1255542.642655454,180000.0,0.0,738091.3777169858,2285608.3041573027
 01/21  09:00:00,5535233.071009303,1053959.9133758028,180000.0,0.0,939049.4552532905,3280296.6284856824
 01/21  10:00:00,5051377.4529143125,884896.4090625637,180000.0,0.0,147020.6307031405,3771187.8515698356
 01/21  11:00:00,5065858.888007438,782999.5529133972,180000.0,0.0,147020.6307031405,3901220.655127882
 01/21  12:00:00,4828452.653755885,700148.8872988889,180000.0,0.0,147020.6307031405,3764871.102911844
 01/21  13:00:00,4747542.613048658,638433.2828555204,180000.0,0.0,147020.6307031405,3754779.6748584877
 01/21  14:00:00,4034449.8559888555,609364.0389285362,180000.0,0.0,147020.6307031405,3073031.9137782953
 01/21  15:00:00,3704912.2488333415,620700.3123131194,180000.0,0.0,147020.6307031405,2732158.0332381977
 01/21  16:00:00,3697982.987208316,627736.6955695325,180000.0,0.0,320935.27921783103,2542001.9877894437
 01/21  17:00:00,5108050.491706128,568984.0233473937,180000.0,0.0,1736158.2609456223,2579668.9184132223
 01/21  18:00:00,6079220.26995277,687928.0162223347,180000.0,0.0,2581825.7099088086,2542987.9658218487
 01/21  19:00:00,6290130.600663207,517180.8769626103,180000.0,0.0,2988224.201283343,2495489.4238912174
 01/21  20:00:00,5768996.136523806,574846.1513756721,180000.0,0.0,2814907.197608909,2062697.6643816784
 01/21  21:00:00,5296415.703766334,735346.0439251988,180000.0,0.0,2223238.8057548073,1968943.4337183898
 01/21  22:00:00,3972582.530804633,113416.1044448331,180000.0,0.0,1685358.4495238054,1770784.275678671
 01/21  23:00:00,2778895.556243325,236021.59184151507,180000.0,0.0,815785.2069503528,1353649.8329782682
 01/21  24:00:00,1898701.1893624852,347764.5295666846,180000.0,0.0,147020.6307031405,1089646.6579877406
 01/22  01:00:00,1935378.829435842,420343.6949821679,180000.0,0.0,147020.6307031405,1083329.909329749
 01/22  02:00:00,1965397.205983912,456678.82018823,180000.0,0.0,147020.6307031405,1077013.160671757
 01/22  03:00:00,1980213.4146864347,477811.7775487445,180000.0,0.0,147020.6307031405,1070696.4120137647
 01/22  04:00:00,2007189.9245522749,488380.110703237,180000.0,0.0,147020.6307031405,1087104.5887251126
 01/22  05:00:00,2098090.8542181207,494698.0875497158,180000.0,0.0,147020.6307031405,1171687.54154448
 01/22  06:00:00,2245971.8034287486,503986.32764859614,180000.0,0.0,147020.6307031405,1330762.0191298593
 01/22  07:00:00,3289914.0049095177,1289872.3568558951,180000.0,0.0,147020.6307031405,1593369.6955085807
 01/22  08:00:00,3485695.520551442,1066247.4705863465,180000.0,0.0,147020.6307031405,2015051.8494726801
 01/22  09:00:00,5101234.191108797,856206.7922166546,180000.0,0.0,779926.5165349526,3210001.0646205405
 01/22  10:00:00,5787090.487614982,696305.1547800383,180000.0,0.0,800844.085943936,4046220.189417487
 01/22  11:00:00,5707206.670347568,520542.1507821678,180000.0,0.0,779926.5165349526,4176671.4578726813
 01/22  12:00:00,5397714.935307303,373739.9408018596,180000.0,0.0,753032.4987234025,4056806.2149926545
 01/22  13:00:00,5267113.441837468,202858.84119023924,180000.0,0.0,735103.1535157023,4121842.422500018
 01/22  14:00:00,4437421.050401462,122579.39216391728,180000.0,0.0,729126.7051131357,3380681.680545527
 01/22  15:00:00,5095558.6389629515,173478.7141031286,180000.0,0.0,1344700.8905775044,3372345.7617034363
 01/22  16:00:00,9911540.304584146,270378.83110980655,180000.0,0.0,1362630.2357852045,8071222.213057627
 01/22  17:00:00,10472505.327173814,450093.40378305945,180000.0,0.0,1963263.3002431565,7835909.3341477085
 01/22  18:00:00,5025983.193533957,457834.117942218,180000.0,0.0,1972227.9728470067,2331718.2767975796
 01/22  19:00:00,4145261.3224427826,468455.02582801547,180000.0,0.0,1568817.7056737551,1816476.7403623497
 01/22  20:00:00,3965153.4235486584,511150.44913329114,180000.0,0.0,1479170.9796352547,1646908.1113594386
 01/22  21:00:00,4629592.405840531,509831.9550983273,180000.0,0.0,1704781.9068321474,2027885.1071211132
 01/22  22:00:00,3412722.6952015623,6619.201246952502,180000.0,0.0,1301371.6396588958,1685777.8887700099
 01/22  23:00:00,2001061.8226341177,129896.47486437616,180000.0,0.0,314211.7747649436,1169860.1362158542
 01/22  24:00:00,1814402.9260329981,254363.2580266944,180000.0,0.0,147020.6307031405,1089646.6579877406
 01/23  01:00:00,1849544.8568980983,334509.72244442406,180000.0,0.0,147020.6307031405,1083329.909329749
 01/23  02:00:00,1907622.9831749932,398904.5973793107,180000.0,0.0,147020.6307031405,1077013.160671757
 01/23  03:00:00,1953666.0297597097,451264.3926220194,180000.0,0.0,147020.6307031405,1070696.4120137647
 01/23  04:00:00,2012015.982907984,493206.1690589465,180000.0,0.0,147020.6307031405,1087104.5887251126
 01/23  05:00:00,2129925.3447101535,526532.5780417484,180000.0,0.0,147020.6307031405,1171687.54154448
 01/23  06:00:00,2297247.596095904,555262.1203157511,180000.0,0.0,147020.6307031405,1330762.0191298593
 01/23  07:00:00,3684316.5821047043,1360752.2637071947,180000.0,0.0,373826.8475805463,1690086.1489750622
 01/23  08:00:00,4396245.494355558,1115170.2426919935,180000.0,0.0,738091.3777169858,2285608.3041573027
 01/23  09:00:00,4673962.733756,885206.0036379013,180000.0,0.0,463473.57361904654,3070183.338762403
 01/23  10:00:00,4831691.865915048,669762.326168551,180000.0,0.0,147020.6307031405,3771187.8515698356
 01/23  11:00:00,4847927.670313057,569619.8393242671,180000.0,0.0,147020.6307031405,3901220.655127882
 01/23  12:00:00,4675771.6225830205,549743.6081786503,180000.0,0.0,147020.6307031405,3764871.102911844
 01/23  13:00:00,4570650.914203937,461541.58401080023,180000.0,0.0,147020.6307031405,3754779.6748584877
 01/23  14:00:00,4896344.338313398,384094.67633863963,180000.0,0.0,438073.66790813813,3869142.7214877363
 01/23  15:00:00,7696934.574380409,426800.1480172816,180000.0,0.0,747056.0503208358,6318045.103463408
 01/23  16:00:00,4185166.0501549123,402096.000557367,180000.0,0.0,842679.2247619027,2733081.8002041336
 01/23  17:00:00,4037089.645417954,520525.60178110015,180000.0,0.0,1054843.14305302,2238481.611583945
 01/23  18:00:00,6116504.864502971,666401.5223622723,180000.0,0.0,2581825.7099088086,2604074.8062847373
 01/23  19:00:00,6218717.679747309,679715.0160640755,180000.0,0.0,2988224.201283343,2259266.6118212277
 01/23  20:00:00,5941275.460485395,752056.9014777252,180000.0,0.0,2814907.197608909,2046387.477978087
 01/23  21:00:00,5499154.0255734455,919878.349311304,180000.0,0.0,2223238.8057548073,1968943.4337183898
 01/23  22:00:00,3096051.529710045,313735.2862619655,180000.0,0.0,917384.8297939863,1445977.4481283892
 01/23  23:00:00,3027118.863489746,470590.3867721823,180000.0,0.0,815785.2069503528,1353649.8329782682
 01/23  24:00:00,2628830.1395268105,591710.7999152866,180000.0,0.0,442257.18178993475,1271489.7785061668
 01/24  01:00:00,2472046.750103911,685392.5572353313,180000.0,0.0,256987.28131036749,1244982.3171374276
 01/24  02:00:00,2360851.4057806195,768016.1945839045,180000.0,0.0,165398.20954103305,1142752.4072348974
 01/24  03:00:00,2325013.4643526943,822611.8272150044,180000.0,0.0,147020.6307031405,1070696.4120137647
 01/24  04:00:00,2385849.9354373603,867040.1215883227,180000.0,0.0,147020.6307031405,1087104.5887251126
 01/24  05:00:00,2504228.1040348243,900835.3373664194,180000.0,0.0,147020.6307031405,1171687.54154448
 01/24  06:00:00,2669143.2456686464,927157.769888494,180000.0,0.0,147020.6307031405,1330762.0191298593
 01/24  07:00:00,3792783.9309221394,1792742.2828685169,180000.0,0.0,147020.6307031405,1593369.6955085807
 01/24  08:00:00,3907832.4514051005,1488384.4014400044,180000.0,0.0,147020.6307031405,2015051.8494726801
 01/24  09:00:00,8307108.524835919,1197377.4935955298,180000.0,0.0,1098172.3939716285,5756458.819532111
 01/24  10:00:00,13619888.33952088,1047730.161564992,180000.0,0.0,1455265.186024988,10873171.934457377
 01/24  11:00:00,10809059.51229088,778658.1570144306,180000.0,0.0,1416418.2714083046,8383916.538710378
 01/24  12:00:00,6419641.811665487,498728.77666259895,180000.0,0.0,1359642.0115839213,4347134.742629579
 01/24  13:00:00,6306381.22928988,350458.77801247424,180000.0,0.0,1320795.0969672378,4427818.329678659
 01/24  14:00:00,5492387.512212525,290180.592158778,180000.0,0.0,1308842.2001621043,3688331.447312759
 01/24  15:00:00,5105309.52407161,236191.88989311075,180000.0,0.0,1344700.8905775044,3319383.471022112
 01/24  16:00:00,5099820.242346112,299759.0723996231,180000.0,0.0,1535947.2394596385,3056804.905855341
 01/24  17:00:00,4008019.719661542,438493.3853433641,180000.0,0.0,1054843.14305302,2291443.9022652693
 01/24  18:00:00,5597519.373824469,610812.0354081301,180000.0,0.0,2277026.8413779074,2445477.6710912785
 01/24  19:00:00,6147693.92609248,608691.262409247,180000.0,0.0,2988224.201283343,2259266.6118212277
 01/24  20:00:00,5863508.48652162,674289.92751395,180000.0,0.0,2814907.197608909,2046387.477978087
 01/24  21:00:00,4056694.7928596586,868895.1917773698,180000.0,0.0,1186325.0079094875,1614381.1563838576
 01/24  22:00:00,3042425.953269289,260109.70982120928,180000.0,0.0,917384.8297939863,1445977.4481283892
 01/24  23:00:00,2969651.396369797,413122.91965223267,180000.0,0.0,815785.2069503528,1353649.8329782682
 01/24  24:00:00,2564088.990815533,526969.6512040093,180000.0,0.0,442257.18178993475,1271489.7785061668
 01/25  01:00:00,2402904.2409534794,616250.0480848998,180000.0,0.0,256987.28131036749,1244982.3171374276
 01/25  02:00:00,2323118.4317671787,688224.8078699474,180000.0,0.0,174586.99895997933,1175622.0305164675
 01/25  03:00:00,2249024.5508264415,746622.9136887512,180000.0,0.0,147020.6307031405,1070696.4120137647
 01/25  04:00:00,2307877.222727697,789067.4088786594,180000.0,0.0,147020.6307031405,1087104.5887251126
 01/25  05:00:00,2425966.868568383,822574.1018999782,180000.0,0.0,147020.6307031405,1171687.54154448
 01/25  06:00:00,2788576.5668477374,779491.327843888,180000.0,0.0,222323.88057548075,1522558.5324812164
 01/25  07:00:00,4314124.124446734,1667037.135705337,180000.0,0.0,600633.064457952,1786802.602441544
 01/25  08:00:00,5499742.043832411,1353393.9407292462,180000.0,0.0,1332747.993772371,2556224.5395415183
 01/25  09:00:00,6204846.009428231,1042144.6002021672,180000.0,0.0,1416418.2714083046,3491183.320081109
 01/25  10:00:00,5855364.606313359,764579.2734784152,180000.0,0.0,800844.085943936,4046220.189417487
 01/25  11:00:00,6423339.2498736065,551512.8737616782,180000.0,0.0,1257295.3326899665,4384464.498264195
 01/25  12:00:00,6297477.27289603,376564.2378931429,180000.0,0.0,1359642.0115839213,4347134.742629579
 01/25  13:00:00,5712692.189258466,263690.50375903613,180000.0,0.0,1027949.12524147,4213743.53562645
 01/25  14:00:00,5360827.884717979,158620.96466423167,180000.0,0.0,1308842.2001621043,3688331.447312759
 01/25  15:00:00,4948339.653272687,79222.01909418832,180000.0,0.0,1344700.8905775044,3319383.471022112
 01/25  16:00:00,3941752.4425972635,158682.3929997178,180000.0,0.0,842679.2247619027,2733081.8002041336
 01/25  17:00:00,5060491.703113828,278330.0379217554,180000.0,0.0,1963263.3002431565,2595659.0759490263
 01/25  18:00:00,6809693.909384996,442078.36551593716,180000.0,0.0,2581825.7099088086,3521587.008013097
 01/25  19:00:00,5972599.137052476,433596.47336924355,180000.0,0.0,2988224.201283343,2259266.6118212277
 01/25  20:00:00,5677732.081291536,488513.52228386723,180000.0,0.0,2814907.197608909,2046387.477978087
 01/25  21:00:00,5244234.295022553,664958.6187604115,180000.0,0.0,2223238.8057548073,1968943.4337183898
 01/25  22:00:00,2906225.9358539134,123909.69240583375,180000.0,0.0,917384.8297939863,1445977.4481283892
 01/25  23:00:00,2817046.2406416754,260517.7639241111,180000.0,0.0,815785.2069503528,1353649.8329782682
 01/25  24:00:00,2067664.4786625248,388354.8927549162,180000.0,0.0,220829.76847483907,1135107.4381173472
 01/26  01:00:00,1980013.050705019,464977.91625134496,180000.0,0.0,147020.6307031405,1083329.909329749
 01/26  02:00:00,2035000.7159344186,526282.3301387364,180000.0,0.0,147020.6307031405,1077013.160671757
 01/26  03:00:00,2076739.801455054,574338.1643173636,180000.0,0.0,147020.6307031405,1070696.4120137647
 01/26  04:00:00,2133163.709675931,614353.8958268932,180000.0,0.0,147020.6307031405,1087104.5887251126
 01/26  05:00:00,2254204.9395629894,650812.1728945845,180000.0,0.0,147020.6307031405,1171687.54154448
 01/26  06:00:00,2426031.850101718,684046.3743215657,180000.0,0.0,147020.6307031405,1330762.0191298593
 01/26  07:00:00,3511384.732702749,1511343.0846491258,180000.0,0.0,147020.6307031405,1593369.6955085807
 01/26  08:00:00,3877467.560231574,1242612.7098418607,180000.0,0.0,294788.31745660177,2082690.9631438358
 01/26  09:00:00,4787438.668762684,998681.9386445849,180000.0,0.0,463473.57361904654,3070183.338762403
 01/26  10:00:00,5774726.847703953,683941.5148690093,180000.0,0.0,800844.085943936,4046220.189417487
 01/26  11:00:00,6538365.510512392,438151.84888495464,180000.0,0.0,1416418.2714083046,4453728.845061367
 01/26  12:00:00,5783871.381986465,311427.36723230005,180000.0,0.0,1056337.2551536618,4201970.478811117
 01/26  13:00:00,6190270.89164827,295435.28083375335,180000.0,0.0,1320795.0969672378,4366731.489215771
 01/26  14:00:00,6512327.09719325,331521.1349482559,180000.0,0.0,1308842.2001621043,4666930.489504007
 01/26  15:00:00,5263813.84128473,394696.2071062307,180000.0,0.0,1344700.8905775044,3319383.471022112
 01/26  16:00:00,4991133.22868592,445319.8388266676,180000.0,0.0,1362630.2357852045,2975874.129442539
 01/26  17:00:00,4040803.1488796473,524239.1052427932,180000.0,0.0,1054843.14305302,2238481.611583945
 01/26  18:00:00,6190354.3055818165,643606.1877988292,180000.0,0.0,1972227.9728470065,3310317.318988828
 01/26  19:00:00,6113464.678069253,574462.014386021,180000.0,0.0,2988224.201283343,2259266.6118212277
 01/26  20:00:00,5769945.664688449,580727.10568078,180000.0,0.0,2814907.197608909,2046387.477978087
 01/26  21:00:00,5278255.253833324,698979.577571183,180000.0,0.0,2223238.8057548073,1968943.4337183898
 01/26  22:00:00,3434317.8313384736,105611.36425034313,180000.0,0.0,1301371.6396588958,1608380.86190353
 01/26  23:00:00,2323018.718634762,223398.99454907965,180000.0,0.0,481402.91882674664,1231123.3684699922
 01/26  24:00:00,1882762.5806689612,322722.91266265773,180000.0,0.0,147020.6307031405,1089646.6579877406
 01/27  01:00:00,1902722.1850735792,387687.0506199052,180000.0,0.0,147020.6307031405,1083329.909329749
 01/27  02:00:00,1951517.4876305955,442799.10183491337,180000.0,0.0,147020.6307031405,1077013.160671757
 01/27  03:00:00,1979800.6027738107,479674.7176887465,180000.0,0.0,147020.6307031405,1070696.4120137647
 01/27  04:00:00,2055801.0961389032,514133.30339366867,180000.0,0.0,147020.6307031405,1112238.3196739352
 01/27  05:00:00,2137461.8403265947,534069.0736581897,180000.0,0.0,147020.6307031405,1171687.54154448
 01/27  06:00:00,2308209.7301020874,548018.2379009286,180000.0,0.0,147020.6307031405,1330762.0191298593
 01/27  07:00:00,4308586.509570225,1318720.2620416186,180000.0,0.0,826243.9916548445,1883489.1655582292
 01/27  08:00:00,4413832.665882297,1116827.149850352,180000.0,0.0,738091.3777169858,2285608.3041573027
 01/27  09:00:00,5194819.55633201,942964.9012819903,180000.0,0.0,779926.5165349526,3210001.0646205405
 01/27  10:00:00,5003546.640978546,837065.5971267978,180000.0,0.0,147020.6307031405,3771187.8515698356
 01/27  11:00:00,5043986.734305465,761127.3992114246,180000.0,0.0,147020.6307031405,3901220.655127882
 01/27  12:00:00,4830714.451088266,702410.68463127,180000.0,0.0,147020.6307031405,3764871.102911844
 01/27  13:00:00,5079365.101284844,571605.1919868046,180000.0,0.0,294041.2614062809,4006409.6232602494
 01/27  14:00:00,4962527.984723433,444083.8872230807,180000.0,0.0,729126.7051131357,3584284.119808334
 01/27  15:00:00,4505781.690694602,527088.4330929883,180000.0,0.0,747056.0503208358,3026603.9347018944
 01/27  16:00:00,3359889.1945957723,597867.2098516752,180000.0,0.0,147020.6307031405,2407692.3294094475
 01/27  17:00:00,2902560.691773204,651056.4055509047,180000.0,0.0,147020.6307031405,1881244.36651927
 01/27  18:00:00,4119604.9603356603,726499.4484904546,180000.0,0.0,1059624.3017750736,2067002.632070354
 01/27  19:00:00,6166875.719381835,556844.5991957624,180000.0,0.0,2988224.201283343,2332570.8203766937
 01/27  20:00:00,5754571.595250919,576731.796506378,180000.0,0.0,2814907.197608909,2046387.477978087
 01/27  21:00:00,5240233.576075698,679163.9162345635,180000.0,0.0,2223238.8057548073,1968943.4337183898
 01/27  22:00:00,2868782.2918469706,102396.31276727063,180000.0,0.0,917384.8297939863,1445977.4481283892
 01/27  23:00:00,2752575.3406905704,209701.3762887606,180000.0,0.0,815785.2069503528,1353649.8329782682
 01/27  24:00:00,2106387.501390354,316911.00579194335,180000.0,0.0,294638.90624653763,1180568.2182469538
 01/28  01:00:00,1901773.2594981596,386738.1250444858,180000.0,0.0,147020.6307031405,1083329.909329749
 01/28  02:00:00,1948961.0284569869,440242.6426613049,180000.0,0.0,147020.6307031405,1077013.160671757
 01/28  03:00:00,1983026.7228974442,482900.83781237993,180000.0,0.0,147020.6307031405,1070696.4120137647
 01/28  04:00:00,2033622.2447207877,517088.1829243758,180000.0,0.0,147020.6307031405,1087104.5887251126
 01/28  05:00:00,2146338.9787392183,542946.2120708132,180000.0,0.0,147020.6307031405,1171687.54154448
 01/28  06:00:00,2321022.9688821873,560831.4766810287,180000.0,0.0,147020.6307031405,1330762.0191298593
 01/28  07:00:00,3376364.419811515,1355841.0032842606,180000.0,0.0,147020.6307031405,1593369.6955085807
 01/28  08:00:00,4422595.530444533,1125590.0144125882,180000.0,0.0,738091.3777169858,2285608.3041573027
 01/28  09:00:00,5884769.104944842,944658.9421443818,180000.0,0.0,1257295.3326899665,3420887.7562159672
 01/28  10:00:00,5040151.573988108,873670.5301363602,180000.0,0.0,147020.6307031405,3771187.8515698356
 01/28  11:00:00,5504851.030867815,767813.3514854689,180000.0,0.0,463473.5736190465,4038946.0565002817
 01/28  12:00:00,5706096.229869443,679845.4833113743,180000.0,0.0,753032.4987234025,4056806.2149926545
 01/28  13:00:00,5641161.685035622,637993.9248512817,180000.0,0.0,735103.1535157023,4060755.582037129
 01/28  14:00:00,4036666.6213672375,611580.8043069185,180000.0,0.0,147020.6307031405,3073031.9137782953
 01/28  15:00:00,3675554.1488003246,591342.2122801035,180000.0,0.0,147020.6307031405,2732158.0332381977
 01/28  16:00:00,3607431.109071114,537184.8174323301,180000.0,0.0,320935.27921783103,2542001.9877894437
 01/28  17:00:00,7438635.757382512,558882.3206163929,180000.0,0.0,1736158.2609456223,4920355.886820607
 01/28  18:00:00,9597982.320936061,822307.1895121208,180000.0,0.0,2581825.7099088086,5927370.843515354
 01/28  19:00:00,4813225.74550856,673146.1091793022,180000.0,0.0,1923669.3295761521,1927174.2082270693
 01/28  20:00:00,4196180.05279034,753555.8386381014,180000.0,0.0,1479170.9796352547,1646908.1113594386
 01/28  21:00:00,4101748.4641004903,932154.879439208,180000.0,0.0,1186325.0079094875,1614381.1563838576
 01/28  22:00:00,3070121.6242999136,303735.64522021415,180000.0,0.0,917384.8297939863,1445977.4481283892
 01/28  23:00:00,2105256.896525776,476200.4373877303,180000.0,0.0,147020.6307031405,1108596.9039617165
 01/28  24:00:00,2156762.2947198134,605825.6349240128,180000.0,0.0,147020.6307031405,1089646.6579877406
 01/29  01:00:00,2232937.536304927,717902.4018512528,180000.0,0.0,147020.6307031405,1083329.909329749
 01/29  02:00:00,2318521.5530032953,809803.1672076129,180000.0,0.0,147020.6307031405,1077013.160671757
 01/29  03:00:00,2386321.5536778523,883919.9165401622,180000.0,0.0,147020.6307031405,1070696.4120137647
 01/29  04:00:00,2464790.512822946,945980.6989739084,180000.0,0.0,147020.6307031405,1087104.5887251126
 01/29  05:00:00,2599656.3442948246,996263.5776264193,180000.0,0.0,147020.6307031405,1171687.54154448
 01/29  06:00:00,2778197.4695438687,1036211.9937637155,180000.0,0.0,147020.6307031405,1330762.0191298593
 01/29  07:00:00,4100603.2925355476,1938800.3093099815,180000.0,0.0,260423.7391418434,1641727.9222418214
 01/29  08:00:00,4712316.568095676,1646648.1168567282,180000.0,0.0,590323.6909635244,2217969.190486147
 01/29  09:00:00,5620916.914333163,1375889.51544102,180000.0,0.0,779926.5165349526,3210001.0646205405
 01/29  10:00:00,7182758.663501657,1160913.3082941214,180000.0,0.0,1455265.186024988,4322859.111709026
 01/29  11:00:00,7080679.062147593,980465.4005201557,180000.0,0.0,1416418.2714083046,4453728.845061367
 01/29  12:00:00,6756632.999495182,835719.9644922939,180000.0,0.0,1359642.0115839213,4347134.742629579
 01/29  13:00:00,6199321.517438171,750319.8319387422,180000.0,0.0,1027949.12524147,4213743.53562645
 01/29  14:00:00,5066099.910246408,751258.2520088617,180000.0,0.0,729126.7051131357,3380681.680545527
 01/29  15:00:00,4753871.256331397,775177.998729784,180000.0,0.0,747056.0503208358,3026603.9347018944
 01/29  16:00:00,4600246.323252722,817176.2736551767,180000.0,0.0,842679.2247619027,2733081.8002041336
 01/29  17:00:00,5620422.54723692,838260.8820448475,180000.0,0.0,1963263.3002431565,2595659.0759490263
 01/29  18:00:00,6363236.988607347,974220.4869295369,180000.0,0.0,2581825.7099088086,2542987.9658218487
 01/29  19:00:00,7444739.192510386,927137.4866359045,180000.0,0.0,2988224.201283343,3237865.654012476
 01/29  20:00:00,6149479.015246835,960260.4562391646,180000.0,0.0,2814907.197608909,2046387.477978087
 01/29  21:00:00,4318251.269808108,1130451.6687258189,180000.0,0.0,1186325.0079094875,1614381.1563838576
 01/29  22:00:00,3224143.1189620346,441826.8755139545,180000.0,0.0,917384.8297939863,1445977.4481283892
 01/29  23:00:00,3139419.0255054226,582890.5487878585,180000.0,0.0,815785.2069503528,1353649.8329782682
 01/29  24:00:00,2742294.5562337264,705175.2166222025,180000.0,0.0,442257.18178993475,1271489.7785061668
 01/30  01:00:00,2327267.611150624,812232.4766969502,180000.0,0.0,147020.6307031405,1083329.909329749
 01/30  02:00:00,2403311.3302479517,894592.9444522694,180000.0,0.0,147020.6307031405,1077013.160671757
 01/30  03:00:00,2460041.197120834,957639.5599831437,180000.0,0.0,147020.6307031405,1070696.4120137647
 01/30  04:00:00,2523847.8979329998,1005038.084083962,180000.0,0.0,147020.6307031405,1087104.5887251126
 01/30  05:00:00,2649213.5796362045,1045820.8129677994,180000.0,0.0,147020.6307031405,1171687.54154448
 01/30  06:00:00,2823290.6226258194,1081305.1468456672,180000.0,0.0,147020.6307031405,1330762.0191298593
 01/30  07:00:00,3961711.7527869064,1961670.1047332839,180000.0,0.0,147020.6307031405,1593369.6955085807
 01/30  08:00:00,4499262.48288286,1649000.8320685294,180000.0,0.0,442556.00421006314,2150330.0768149914
 01/30  09:00:00,6060285.24769787,1230154.344401977,180000.0,0.0,1098172.3939716285,3476858.6915876153
 01/30  10:00:00,6989006.443359003,967161.0881514689,180000.0,0.0,1455265.186024988,4322859.111709026
 01/30  11:00:00,6879580.7446235,779367.0829960611,180000.0,0.0,1416418.2714083046,4453728.845061367
 01/30  12:00:00,6397729.109493131,574784.0853778135,180000.0,0.0,1207989.6333687915,4400819.109957138
 01/30  13:00:00,6475759.3436119985,466874.6016532682,180000.0,0.0,1320795.0969672378,4480780.620359983
 01/30  14:00:00,5599663.540271163,385239.2521248393,180000.0,0.0,1308842.2001621043,3700548.8154053367
 01/30  15:00:00,5218685.945029449,349568.31085094996,180000.0,0.0,1344700.8905775044,3319383.471022112
 01/30  16:00:00,4711176.198399374,419610.58862735686,180000.0,0.0,1189313.2321107707,2894943.3530297372
 01/30  17:00:00,4131007.441966298,561481.10764812,180000.0,0.0,1054843.14305302,2291443.9022652693
 01/30  18:00:00,6476758.072758609,756330.7401970037,180000.0,0.0,2277026.8413779074,3179197.665236544
 01/30  19:00:00,6540071.589463412,756189.8777341958,180000.0,0.0,2988224.201283343,2504145.6598672103
 01/30  20:00:00,6020133.671176584,830915.1121689145,180000.0,0.0,2814907.197608909,2046387.477978087
 01/30  21:00:00,5610153.480940582,1030877.8046784409,180000.0,0.0,2223238.8057548073,1968943.4337183898
 01/30  22:00:00,3460225.942398955,405297.28679620824,180000.0,0.0,1108780.5898861843,1527194.100190858
 01/30  23:00:00,2234721.206298886,592010.2348450851,180000.0,0.0,147020.6307031405,1108596.9039617165
 01/30  24:00:00,2280610.079316918,720570.4113106143,180000.0,0.0,147020.6307031405,1089646.6579877406
 01/31  01:00:00,2335869.9577780445,820834.8233243704,180000.0,0.0,147020.6307031405,1083329.909329749
 01/31  02:00:00,2405542.4695898225,896824.0837941405,180000.0,0.0,147020.6307031405,1077013.160671757
 01/31  03:00:00,2455941.0054970677,953539.3683593777,180000.0,0.0,147020.6307031405,1070696.4120137647
 01/31  04:00:00,2516876.526543136,998066.7126940984,180000.0,0.0,147020.6307031405,1087104.5887251126
 01/31  05:00:00,2637327.4954174003,1033934.7287489949,180000.0,0.0,147020.6307031405,1171687.54154448
 01/31  06:00:00,2805476.0019738814,1063490.5261937284,180000.0,0.0,147020.6307031405,1330762.0191298593
 01/31  07:00:00,4577310.089567099,1930223.100825701,180000.0,0.0,600633.064457952,1786802.602441544
 01/31  08:00:00,4870348.25013505,1589272.9984714852,180000.0,0.0,738091.3777169858,2285608.3041573027
 01/31  09:00:00,6040656.993757797,1273301.2214484497,180000.0,0.0,463473.57361904654,4048782.380953651
 01/31  10:00:00,5215997.385703846,1054067.8459573493,180000.0,0.0,147020.6307031405,3771187.8515698356
 01/31  11:00:00,5853716.198536648,894140.8511154017,180000.0,0.0,621700.0450769996,4107808.7571864817
 01/31  12:00:00,5327082.6693674615,752081.1649125543,180000.0,0.0,450026.5647132715,3910838.658952249
 01/31  13:00:00,5665637.865200114,662470.1050157743,180000.0,0.0,735103.1535157023,4060755.582037129
 01/31  14:00:00,5758246.897244437,556039.97719069,180000.0,0.0,1308842.2001621043,3688331.447312759
 01/31  15:00:00,5379712.851284568,510595.2171060693,180000.0,0.0,1344700.8905775044,3319383.471022112
 01/31  16:00:00,5299742.114501485,499680.9445549968,180000.0,0.0,1535947.2394596385,3056804.905855341
 01/31  17:00:00,5339637.888892189,557476.2237001155,180000.0,0.0,1963263.3002431565,2595659.0759490263
 01/31  18:00:00,6128014.463794195,677911.1216534964,180000.0,0.0,2581825.7099088086,2604074.8062847373
 01/31  19:00:00,6205503.44625462,666500.7825713872,180000.0,0.0,2988224.201283343,2259266.6118212277
 01/31  20:00:00,5890556.375373269,701337.816365599,180000.0,0.0,2814907.197608909,2046387.477978087
 01/31  21:00:00,5435567.113095667,856291.4368335258,180000.0,0.0,2223238.8057548073,1968943.4337183898
 01/31  22:00:00,4091344.8859385373,216248.1952103567,180000.0,0.0,1685358.4495238054,1770784.275678671
 01/31  23:00:00,3354455.415894964,340689.4737755926,180000.0,0.0,1150466.3174940872,1476206.1878363404
 01/31  24:00:00,2239530.6482135854,440951.14440467174,180000.0,0.0,294638.90624653763,1180568.2182469538
 02/01  01:00:00,2022197.2589607805,506597.40039001626,180000.0,0.0,147020.6307031405,1083139.696467843
 02/01  02:00:00,2059145.49837557,549847.2946786684,180000.0,0.0,147020.6307031405,1076838.0415939803
 02/01  03:00:00,2115275.292051231,582205.6975485254,180000.0,0.0,147020.6307031405,1100609.4323997842
 02/01  04:00:00,2115647.8814326446,596090.2159463775,180000.0,0.0,147020.6307031405,1087097.503383346
 02/01  05:00:00,2208330.7152472264,603623.6184864569,180000.0,0.0,147020.6307031405,1172246.9346578487
 02/01  06:00:00,2349218.1129312827,605101.0889456139,180000.0,0.0,147020.6307031405,1332286.3354174872
 02/01  07:00:00,3718955.439288125,1392324.8425908613,180000.0,0.0,370838.62337926286,1695566.242905124
 02/01  08:00:00,4841262.250601675,1125324.420435456,180000.0,0.0,1024960.9010401868,2433043.362439238
 02/01  09:00:00,5648265.289247323,941264.3985041999,180000.0,0.0,1083231.272965212,3368128.214817199
 02/01  10:00:00,6810417.081442624,790793.1924225844,180000.0,0.0,1428371.168213438,4347072.136476301
 02/01  11:00:00,6787298.860443223,688562.9642533796,180000.0,0.0,1389524.2535967545,4478784.040619282
 02/01  12:00:00,10534057.923424369,649084.25035525,180000.0,0.0,1332747.993772371,8337843.223405516
 02/01  13:00:00,9909580.829606134,631392.7495689036,180000.0,0.0,1293901.0791556875,7776781.036168558
 02/01  14:00:00,5717227.993612286,520203.27873533714,180000.0,0.0,1281948.1823505543,3709862.7315394906
 02/01  15:00:00,5355675.43614566,511617.48346874723,180000.0,0.0,1299877.527558254,3338966.6241317536
 02/01  16:00:00,5328173.247630447,411482.2382462764,180000.0,0.0,1398488.9262006045,3310696.11847058
 02/01  17:00:00,10753420.621539706,509924.0840712056,180000.0,0.0,1667429.1043161056,8352516.322356835
 02/01  18:00:00,11813099.477114424,771188.9931700544,180000.0,0.0,2172438.9943329906,8604661.43174634
 02/01  19:00:00,5820914.620883563,534417.6528361021,180000.0,0.0,2722272.247369126,2271908.698100308
 02/01  20:00:00,5812573.943467343,522205.6603822175,180000.0,0.0,2904553.92364741,2056823.7172423734
 02/01  21:00:00,5550559.169832853,620614.1637198634,180000.0,0.0,2560908.140499825,1980449.9665396856
 02/01  22:00:00,4228396.136678995,39988.37991448352,180000.0,0.0,1987169.0938534234,1780561.4716724572
 02/01  23:00:00,1792558.6032614307,148604.75752151682,180000.0,0.0,147020.6307031405,1108346.3159632944
 02/01  24:00:00,1798542.7000544048,237674.40326638025,180000.0,0.0,147020.6307031405,1089441.3513417062
 02/02  01:00:00,1807913.601768827,292313.74319806305,180000.0,0.0,147020.6307031405,1083139.696467843
 02/02  02:00:00,1840920.004000851,331621.8003039495,180000.0,0.0,147020.6307031405,1076838.0415939803
 02/02  03:00:00,1921426.110984427,358283.4708020544,180000.0,0.0,147020.6307031405,1130682.4780794512
 02/02  04:00:00,1947715.6644480897,376254.06227049435,180000.0,0.0,147020.6307031405,1139001.440074674
 02/02  05:00:00,1994788.9332346246,390081.8364738551,180000.0,0.0,147020.6307031405,1172246.9346578487
 02/02  06:00:00,2143253.4994823094,399136.4754966407,180000.0,0.0,147020.6307031405,1332286.3354174872
 02/02  07:00:00,3154867.9320567814,1151241.438867544,180000.0,0.0,147020.6307031405,1596380.1320732203
 02/02  08:00:00,3415093.304497415,928538.9371560002,180000.0,0.0,147020.6307031405,2081600.1699514803
 02/02  09:00:00,5031171.275139563,778727.1966541097,180000.0,0.0,770961.8439311025,3225840.831593639
 02/02  10:00:00,5753707.875373242,656464.0615080243,180000.0,0.0,785902.9649375193,4067160.2645973973
 02/02  11:00:00,6673012.393328306,574276.4971384618,180000.0,0.0,1389524.2535967545,4478784.040619282
 02/02  12:00:00,6441724.238654894,521624.34336641966,180000.0,0.0,1332747.993772371,4372969.44562487
 02/02  13:00:00,6490908.046729634,360880.0323159162,180000.0,0.0,1293901.0791556875,4628620.970545042
 02/02  14:00:00,5736915.36726531,295543.2905368062,180000.0,0.0,1281948.1823505543,3954210.093391044
 02/02  15:00:00,5357062.022024302,268656.707495837,180000.0,0.0,1299877.527558254,3583313.9859833075
 02/02  16:00:00,5146325.44213102,221509.8829652854,180000.0,0.0,1398488.9262006045,3318820.668252144
 02/02  17:00:00,4993893.014988948,246984.96646599245,180000.0,0.0,1667429.1043161056,2855927.833411287
 02/02  18:00:00,5599588.21933333,361012.8846366346,180000.0,0.0,2172438.9943329906,2801326.282498664
 02/02  19:00:00,5846497.148386984,315652.8184879696,180000.0,0.0,2722272.247369126,2516256.059951862
 02/02  20:00:00,5748112.709641345,408874.9541859076,180000.0,0.0,2904553.92364741,2105693.1896126843
 02/02  21:00:00,6036062.062996585,573548.8723388053,180000.0,0.0,2560908.140499825,2513018.151084476
 02/02  22:00:00,5809194.76093822,43857.517981324825,180000.0,0.0,1987169.0938534234,3357490.957864841
 02/02  23:00:00,2813568.9077628506,128281.26907611924,180000.0,0.0,938302.3992029697,1358398.3404102828
 02/02  24:00:00,2039001.125092326,237896.73700841638,180000.0,0.0,294638.90624653763,1182059.1670941943
 02/03  01:00:00,1835162.5686698887,319562.7100991247,180000.0,0.0,147020.6307031405,1083139.696467843
 02/03  02:00:00,1888151.2343373494,378853.0306404481,180000.0,0.0,147020.6307031405,1076838.0415939803
 02/03  03:00:00,1926089.7511413712,425385.3660444146,180000.0,0.0,147020.6307031405,1070536.3867201174
 02/03  04:00:00,1981563.4482937232,464297.9465335383,180000.0,0.0,147020.6307031405,1087097.503383346
 02/03  05:00:00,2100615.621414076,495908.52465330635,180000.0,0.0,147020.6307031405,1172246.9346578487
 02/03  06:00:00,2285692.1016798844,523237.767885558,180000.0,0.0,147020.6307031405,1332286.3354174872
 02/03  07:00:00,3344068.0275659245,1319812.0608419473,180000.0,0.0,147020.6307031405,1596380.1320732203
 02/03  08:00:00,4353424.241429117,1051261.7197416755,180000.0,0.0,732114.929314419,2296068.8796036514
 02/03  09:00:00,5024890.351134513,765569.7814708119,180000.0,0.0,770961.8439311025,3225840.831593639
 02/03  10:00:00,6523375.550162721,499167.33369051677,180000.0,0.0,1428371.168213438,4347072.136476301
 02/03  11:00:00,5834862.771203162,346866.43508050434,180000.0,0.0,923361.278196553,4329623.128500132
 02/03  12:00:00,5408920.341644565,373404.7361522884,180000.0,0.0,741079.6019182691,4077761.3839566936
 02/03  13:00:00,5404836.950361647,395626.23587421514,180000.0,0.0,720162.0325092857,4081542.7172651594
 02/03  14:00:00,4711825.454098036,395092.6382634054,180000.0,0.0,714185.584106719,3397333.4307410074
 02/03  15:00:00,4370533.977412318,401219.21705975506,180000.0,0.0,723299.6679206331,3040801.2914450257
 02/03  16:00:00,3931280.041929131,443372.51432860905,180000.0,0.0,617217.7087750745,2663183.854112461
 02/03  17:00:00,3914845.5463934736,482054.87970653124,180000.0,0.0,908420.1571901363,2300819.398701245
 02/03  18:00:00,5225000.102304028,580878.7363158202,180000.0,0.0,1919186.9932742273,2457832.151122858
 02/03  19:00:00,5822911.359602883,538706.555281505,180000.0,0.0,2722272.247369126,2271908.698100308
 02/03  20:00:00,5885366.431954313,484285.28657382255,180000.0,0.0,2904553.92364741,2178997.3981681503
 02/03  21:00:00,8117250.372707102,637622.6968943404,180000.0,0.0,2560908.140499825,4548469.946048115
 02/03  22:00:00,6193565.13648038,71138.23809697959,180000.0,0.0,1757075.8303546058,3960719.02287274
 02/03  23:00:00,2103417.5671274564,212883.25550733123,180000.0,0.0,344841.0728280978,1170859.3220750415
 02/03  24:00:00,1882176.9363002488,330477.2944165528,180000.0,0.0,147020.6307031405,1089441.3513417062
 02/04  01:00:00,1921204.9123530067,405605.05378224264,180000.0,0.0,147020.6307031405,1083139.696467843
 02/04  02:00:00,1976974.3413234816,467676.13762658025,180000.0,0.0,147020.6307031405,1076838.0415939803
 02/04  03:00:00,2016887.0201080763,516182.6350111199,180000.0,0.0,147020.6307031405,1070536.3867201174
 02/04  04:00:00,2070098.6021996087,552833.1004394237,180000.0,0.0,147020.6307031405,1087097.503383346
 02/04  05:00:00,2306923.4542248272,575828.6514106435,180000.0,0.0,154790.01362647716,1290865.2577879264
 02/04  06:00:00,2427587.308838318,594421.0448889213,180000.0,0.0,184149.31640408604,1365869.5798716117
 02/04  07:00:00,3418999.0117766857,1394743.0450527086,180000.0,0.0,147020.6307031405,1596380.1320732203
 02/04  08:00:00,3602384.3504474927,1160871.677486391,180000.0,0.0,147020.6307031405,2020513.3294885918
 02/04  09:00:00,4319573.6184685975,968709.247780385,180000.0,0.0,147020.6307031405,2941325.845846113
 02/04  10:00:00,4941461.396114141,758427.4609100418,180000.0,0.0,147020.6307031405,3787248.392718494
 02/04  11:00:00,4833795.277574209,533639.3503779168,180000.0,0.0,147020.6307031405,3918123.367067179
 02/04  12:00:00,4506012.1457867585,361370.157621672,180000.0,0.0,147020.6307031405,3780946.7378446306
 02/04  13:00:00,4368415.243987359,243201.37251596688,180000.0,0.0,147020.6307031405,3770687.2760552666
 02/04  14:00:00,3651311.4222308807,214272.86059831255,180000.0,0.0,147020.6307031405,3084804.129942524
 02/04  15:00:00,6569098.3649067525,272488.03246063174,180000.0,0.0,723299.6679206332,5368096.863538584
 02/04  16:00:00,11667877.432102675,437096.4120401429,180000.0,0.0,1398488.9262006045,9624786.129148941
 02/04  17:00:00,6766229.0196739435,408292.2259590721,180000.0,0.0,1667429.1043161056,4466956.578603204
 02/04  18:00:00,5476072.752695702,479552.6161244783,180000.0,0.0,2172438.9943329906,2556978.920647111
 02/04  19:00:00,5751917.233979328,467712.4296579499,180000.0,0.0,2722272.247369126,2271908.698100308
 02/04  20:00:00,5789215.510026321,510308.0455716066,180000.0,0.0,2904553.92364741,2056823.7172423734
 02/04  21:00:00,5565166.567004595,653558.8707002639,180000.0,0.0,2560908.140499825,1980449.9665396856
 02/04  22:00:00,3027969.9764312925,105786.34272534645,180000.0,0.0,1066796.0398581533,1450755.5486917386
 02/04  23:00:00,2117307.6908894926,226773.3792693676,180000.0,0.0,344841.0728280978,1170859.3220750415
 02/04  24:00:00,1888508.4533581827,336808.8114744871,180000.0,0.0,147020.6307031405,1089441.3513417062
 02/05  01:00:00,1932613.110822414,417013.25225164986,180000.0,0.0,147020.6307031405,1083139.696467843
 02/05  02:00:00,1989332.4599963718,480034.25629947026,180000.0,0.0,147020.6307031405,1076838.0415939803
 02/05  03:00:00,2026204.7596206313,523208.21079759265,180000.0,0.0,147020.6307031405,1070536.3867201174
 02/05  04:00:00,2068931.3878180988,549373.7223318318,180000.0,0.0,147020.6307031405,1087097.503383346
 02/05  05:00:00,2167258.8819028507,562551.7851420811,180000.0,0.0,147020.6307031405,1172246.9346578487
 02/05  06:00:00,2312198.137130741,568081.1131450721,180000.0,0.0,147020.6307031405,1332286.3354174872
 02/05  07:00:00,3977810.560084166,1328175.8598788765,180000.0,0.0,594656.6160553853,1794752.3537370278
 02/05  08:00:00,4354089.2982325535,1067971.922627688,180000.0,0.0,732114.929314419,2296068.8796036514
 02/05  09:00:00,6015123.498321017,853565.7953202239,180000.0,0.0,1395500.7019993213,3510415.5980407586
 02/05  10:00:00,5367785.596716333,729938.8859077559,180000.0,0.0,466461.7978203299,3927204.3286579456
 02/05  11:00:00,4955609.223699439,660037.6239553113,180000.0,0.0,147020.6307031405,3918123.367067179
 02/05  12:00:00,4747384.137463366,605034.3130243622,180000.0,0.0,147020.6307031405,3780946.7378446306
 02/05  13:00:00,4880507.738673886,534294.6564484839,180000.0,0.0,290305.98115467676,3848401.1363577396
 02/05  14:00:00,5029644.463719973,431751.83266187506,180000.0,0.0,856126.2336676777,3536552.596403517
 02/05  15:00:00,5228446.559103768,384388.60642685654,180000.0,0.0,1299877.527558254,3338966.6241317536
 02/05  16:00:00,8984155.64246855,448531.40715475765,180000.0,0.0,1398488.9262006045,6929629.3444002
 02/05  17:00:00,4347322.179768648,406127.64843013877,180000.0,0.0,1287924.630753121,2429718.7897898266
 02/05  18:00:00,4789419.479634311,516238.1475183301,180000.0,0.0,1665934.992215464,2342436.2820354765
 02/05  19:00:00,5734256.131481463,447759.1634340028,180000.0,0.0,2722272.247369126,2271908.698100308
 02/05  20:00:00,5731618.439863154,441250.1567780279,180000.0,0.0,2904553.92364741,2056823.7172423734
 02/05  21:00:00,4704487.04854785,558747.3096985231,180000.0,0.0,1957286.8518405897,1799865.9879352578
 02/05  22:00:00,2957544.1061533326,19315.326364810913,180000.0,0.0,1066796.0398581533,1450755.5486917386
 02/05  23:00:00,2778276.2797936527,92988.64110692154,180000.0,0.0,938302.3992029697,1358398.3404102828
 02/05  24:00:00,1766639.4898045447,205771.19301652026,180000.0,0.0,147020.6307031405,1089441.3513417062
 02/06  01:00:00,1798553.7061409373,282953.8475701732,180000.0,0.0,147020.6307031405,1083139.696467843
 02/06  02:00:00,1854767.7999388995,345469.5962419979,180000.0,0.0,147020.6307031405,1076838.0415939803
 02/06  03:00:00,1900983.6342696983,397987.0854466596,180000.0,0.0,147020.6307031405,1070536.3867201174
 02/06  04:00:00,1963922.62617423,444364.9606879629,180000.0,0.0,147020.6307031405,1087097.503383346
 02/06  05:00:00,2215330.31141471,484235.5086005256,180000.0,0.0,154790.01362647716,1290865.2577879264
 02/06  06:00:00,2268110.342454341,523993.3184686722,180000.0,0.0,147020.6307031405,1332286.3354174872
 02/06  07:00:00,3326651.141509719,1323024.6483204816,180000.0,0.0,147020.6307031405,1596380.1320732203
 02/06  08:00:00,3472087.793841811,1046620.2669632838,180000.0,0.0,147020.6307031405,2020513.3294885918
 02/06  09:00:00,5216800.671184092,737078.1865698042,180000.0,0.0,927096.5584481573,3296984.523205419
 02/06  10:00:00,6446597.093744089,426973.20472404896,180000.0,0.0,1428371.168213438,4347072.136476301
 02/06  11:00:00,6332151.460625783,233415.56443593756,180000.0,0.0,1389524.2535967545,4478784.040619282
 02/06  12:00:00,5815816.215236219,117435.43332831506,180000.0,0.0,1184830.8958088455,4299167.430207826
 02/06  13:00:00,5054007.813233741,44797.098746308344,180000.0,0.0,720162.0325092857,4081542.7172651594
 02/06  14:00:00,5197024.714876949,0.0,180000.0,0.0,1281948.1823505543,3709862.7315394906
 02/06  15:00:00,4844057.952676912,0.0,180000.0,0.0,1299877.527558254,3338966.6241317536
 02/06  16:00:00,4794517.328458393,0.0,180000.0,0.0,1398488.9262006045,3188522.4375448027
 02/06  17:00:00,3700364.4406479658,31728.437194337657,180000.0,0.0,1098172.3939716285,2346912.4986864375
 02/06  18:00:00,3809632.998065773,257498.3066789532,180000.0,0.0,1159430.9900979372,2127893.643423842
 02/06  19:00:00,3849732.1697236756,298889.01861905836,180000.0,0.0,1434347.6166160046,1824179.5119105857
 02/06  20:00:00,3855442.1785176443,347123.7142732261,180000.0,0.0,1526982.5668557885,1652345.2551932882
 02/06  21:00:00,3869222.033438642,507687.5618529774,180000.0,0.0,1353665.5631813547,1619282.00933083
 02/06  22:00:00,2944632.1585176867,6403.378729164827,180000.0,0.0,1066796.0398581533,1450755.5486917386
 02/06  23:00:00,2777090.3485116903,91802.70982495877,180000.0,0.0,938302.3992029697,1358398.3404102828
 02/06  24:00:00,1911360.7427669168,230374.40033094963,180000.0,0.0,220829.76847483907,1135750.2592179503
 02/07  01:00:00,1815166.0037267273,299566.1451559634,180000.0,0.0,147020.6307031405,1083139.696467843
 02/07  02:00:00,1867191.5980028366,357893.3943059351,180000.0,0.0,147020.6307031405,1076838.0415939803
 02/07  03:00:00,1907897.703345968,404901.1545229294,180000.0,0.0,147020.6307031405,1070536.3867201174
 02/07  04:00:00,1959694.3891480884,440136.7236618212,180000.0,0.0,147020.6307031405,1087097.503383346
 02/07  05:00:00,2070719.7278424308,466012.6310816611,180000.0,0.0,147020.6307031405,1172246.9346578487
 02/07  06:00:00,2224931.256839646,480814.2328539775,180000.0,0.0,147020.6307031405,1332286.3354174872
 02/07  07:00:00,3249144.9922643974,1245518.4990751601,180000.0,0.0,147020.6307031405,1596380.1320732203
 02/07  08:00:00,3451532.200249145,1026064.6733706184,180000.0,0.0,147020.6307031405,2020513.3294885918
 02/07  09:00:00,5581408.279198201,821445.0977737539,180000.0,0.0,1083231.272965212,3421090.505498523
 02/07  10:00:00,7614705.624470035,608720.3525239591,180000.0,0.0,1428371.168213438,5333433.519402336
 02/07  11:00:00,6470043.944758346,596778.2912292485,180000.0,0.0,1234136.5951300208,4408701.456425269
 02/07  12:00:00,6464771.650859375,544671.7555708999,180000.0,0.0,1332747.993772371,4372969.44562487
 02/07  13:00:00,6372365.606354513,478560.4040107867,180000.0,0.0,1293901.0791556875,4392398.158475053
 02/07  14:00:00,5626690.1595039945,429665.44462704624,180000.0,0.0,1281948.1823505543,3709862.7315394906
 02/07  15:00:00,5283662.143440424,439604.190763513,180000.0,0.0,1299877.527558254,3338966.6241317536
 02/07  16:00:00,5153303.911082987,472835.71376880584,180000.0,0.0,1398488.9262006045,3074473.3064005896
 02/07  17:00:00,4496943.2685071835,494661.89670578524,180000.0,0.0,1287924.6307531209,2490805.630252715
 02/07  18:00:00,5580225.675006134,585997.7021609924,180000.0,0.0,2172438.9943329906,2556978.920647111
 02/07  19:00:00,5880744.754619945,472074.1056467069,180000.0,0.0,2722272.247369126,2394082.379026085
 02/07  20:00:00,6723848.290194975,516330.0144282684,180000.0,0.0,2904553.92364741,2973973.709923955
 02/07  21:00:00,5559352.07511232,629407.0689993303,180000.0,0.0,2560908.140499825,1980449.9665396856
 02/07  22:00:00,2711792.293575609,85958.84682102001,180000.0,0.0,836852.1875694002,1368304.0679465593
 02/07  23:00:00,1861217.4351158151,217263.5893759011,180000.0,0.0,147020.6307031405,1108346.3159632944
 02/07  24:00:00,1898728.481095698,337860.1843076734,180000.0,0.0,147020.6307031405,1089441.3513417062
 02/08  01:00:00,1946143.0044352722,430543.1458645081,180000.0,0.0,147020.6307031405,1083139.696467843
 02/08  02:00:00,2028014.1784640993,518715.9747671981,180000.0,0.0,147020.6307031405,1076838.0415939803
 02/08  03:00:00,2099855.218766992,596858.6699439532,180000.0,0.0,147020.6307031405,1070536.3867201174
 02/08  04:00:00,2182471.490142175,662913.8246559082,180000.0,0.0,147020.6307031405,1087097.503383346
 02/08  05:00:00,2321306.8676186725,716599.770857903,180000.0,0.0,147020.6307031405,1172246.9346578487
 02/08  06:00:00,2643890.4672434516,758349.5829476429,180000.0,0.0,221278.00210503157,1399452.8243257364
 02/08  07:00:00,4239827.905874376,1590193.2056690862,180000.0,0.0,594656.6160553853,1794752.3537370278
 02/08  08:00:00,5042626.486416111,1273726.365568567,180000.0,0.0,1024960.9010401866,2486005.6531205624
 02/08  09:00:00,5904628.818439678,962224.9717861561,180000.0,0.0,1239365.9874822665,3447396.4562105434
 02/08  10:00:00,6746177.517119487,731783.7105726869,180000.0,0.0,785902.9649375193,4984310.25727898
 02/08  11:00:00,6659226.814255971,560490.9180661271,180000.0,0.0,1389524.2535967545,4478784.040619282
 02/08  12:00:00,7255376.58767706,418126.69970700395,180000.0,0.0,1332747.993772371,5290119.438306453
 02/08  13:00:00,5127448.645688741,339237.1419553192,180000.0,0.0,576876.6820577494,4003828.8569626864
 02/08  14:00:00,3710791.621831581,273753.0601990121,180000.0,0.0,147020.6307031405,3084804.129942524
 02/08  15:00:00,4175057.854080772,205505.80400220002,180000.0,0.0,723150.256710569,3041187.992381099
 02/08  16:00:00,3991126.5570306983,263919.41886638023,180000.0,0.0,773950.0681323858,2745751.105318946
 02/08  17:00:00,3782782.8334967406,402954.45749112254,180000.0,0.0,908420.1571901363,2247857.1080199205
 02/08  18:00:00,5593247.258596133,599019.2857509911,180000.0,0.0,2172438.9943329906,2556978.920647111
 02/08  19:00:00,5019506.802816048,600836.7432400094,180000.0,0.0,2078309.9319925653,2048044.1050054468
 02/08  20:00:00,4183245.403185883,674926.9389414645,180000.0,0.0,1526982.5668557885,1652345.2551932882
 02/08  21:00:00,4199861.117267101,838326.6456814366,180000.0,0.0,1353665.5631813547,1619282.00933083
 02/08  22:00:00,3161515.1708024964,223286.3910139748,180000.0,0.0,1066796.0398581533,1450755.5486917386
 02/08  23:00:00,2015669.2214876486,371715.37574773456,180000.0,0.0,147020.6307031405,1108346.3159632944
 02/08  24:00:00,2031343.3317198697,470475.03493184526,180000.0,0.0,147020.6307031405,1089441.3513417062
 02/09  01:00:00,2053896.4953056038,538296.63673484,180000.0,0.0,147020.6307031405,1083139.696467843
 02/09  02:00:00,2095831.61594091,586533.4122440085,180000.0,0.0,147020.6307031405,1076838.0415939803
 02/09  03:00:00,2127324.822433942,624328.2736109036,180000.0,0.0,147020.6307031405,1070536.3867201174
 02/09  04:00:00,2171812.8689414053,652255.2034551381,180000.0,0.0,147020.6307031405,1087097.503383346
 02/09  05:00:00,2269157.7820342607,664450.6852734911,180000.0,0.0,147020.6307031405,1172246.9346578487
 02/09  06:00:00,2421004.703871617,676887.6798859483,180000.0,0.0,147020.6307031405,1332286.3354174872
 02/09  07:00:00,3493488.256736685,1489861.7635474475,180000.0,0.0,147020.6307031405,1596380.1320732203
 02/09  08:00:00,3670930.502124119,1245462.9752455927,180000.0,0.0,147020.6307031405,2020513.3294885918
 02/09  09:00:00,4386960.929403819,1042973.0498938536,180000.0,0.0,147020.6307031405,2941325.845846113
 02/09  10:00:00,5031729.037545212,853279.4297932762,180000.0,0.0,147020.6307031405,3787248.392718494
 02/09  11:00:00,5010874.821175212,715303.2214310841,180000.0,0.0,147020.6307031405,3918123.367067179
 02/09  12:00:00,4754727.27071763,612377.4462786268,180000.0,0.0,147020.6307031405,3780946.7378446306
 02/09  13:00:00,5543795.836584106,534585.1220966746,180000.0,0.0,720162.0325092857,4081542.7172651594
 02/09  14:00:00,4795377.041812433,478644.2259778026,180000.0,0.0,714185.584106719,3397333.4307410074
 02/09  15:00:00,4445801.572535064,476249.5224564915,180000.0,0.0,723150.256710569,3041187.992381099
 02/09  16:00:00,4264926.509500275,537719.3713359567,180000.0,0.0,773950.0681323858,2745751.105318946
 02/09  17:00:00,4244490.164972736,583978.7113006719,180000.0,0.0,1098172.3939716285,2338787.948904874
 02/09  18:00:00,5659539.538808929,665311.565963787,180000.0,0.0,2172438.9943329906,2556978.920647111
 02/09  19:00:00,5052661.9439213015,633991.8843452622,180000.0,0.0,2078309.9319925653,2048044.1050054468
 02/09  20:00:00,4181173.9523707423,672855.4881263233,180000.0,0.0,1526982.5668557885,1652345.2551932882
 02/09  21:00:00,8243577.7807873115,745612.7951658926,180000.0,0.0,2560908.140499825,4548469.946048115
 02/09  22:00:00,4325939.399229985,144665.4391465041,180000.0,0.0,1757075.8303546058,2003520.938490244
 02/09  23:00:00,2459696.843755086,295076.1015417632,180000.0,0.0,542661.5149530551,1233372.3281867886
 02/09  24:00:00,1984971.9809021547,424103.6841141302,180000.0,0.0,147020.6307031405,1089441.3513417062
 02/10  01:00:00,2040649.533302452,525049.6747316878,180000.0,0.0,147020.6307031405,1083139.696467843
 02/10  02:00:00,2118056.35459538,608758.1508984782,180000.0,0.0,147020.6307031405,1076838.0415939803
 02/10  03:00:00,2173008.5738879647,672304.1887910087,180000.0,0.0,147020.6307031405,1070536.3867201174
 02/10  04:00:00,2240237.591791336,722972.0900311508,180000.0,0.0,147020.6307031405,1087097.503383346
 02/10  05:00:00,2372909.6354926997,768202.5387319302,180000.0,0.0,147020.6307031405,1172246.9346578487
 02/10  06:00:00,2716202.219389205,812324.0252847385,180000.0,0.0,221278.00210503157,1399452.8243257364
 02/10  07:00:00,4639397.699623808,1646633.8921775674,180000.0,0.0,818773.4311516361,1893135.1723469887
 02/10  08:00:00,4643410.535986547,1341248.0142991066,180000.0,0.0,732114.929314419,2296068.8796036514
 02/10  09:00:00,5507544.3994880235,1020945.4236954879,180000.0,0.0,927096.5584481573,3296984.523205419
 02/10  10:00:00,6065735.598531304,733312.4384252157,180000.0,0.0,946520.015756499,4137138.232567123
 02/10  11:00:00,5772541.205310298,571101.9523112761,180000.0,0.0,767973.6197298192,4198453.70384323
 02/10  12:00:00,4610368.978991841,465726.9908267551,180000.0,0.0,147020.6307031405,3780946.7378446306
 02/10  13:00:00,4512058.2991383625,386844.4276669697,180000.0,0.0,147020.6307031405,3770687.2760552666
 02/10  14:00:00,3754684.825254428,317646.2636218594,180000.0,0.0,147020.6307031405,3084804.129942524
 02/10  15:00:00,3362796.287456733,268699.29888053803,180000.0,0.0,147020.6307031405,2741862.556886151
 02/10  16:00:00,3065384.0654598176,295375.3695506833,180000.0,0.0,147020.6307031405,2415482.1004930083
 02/10  17:00:00,2674650.139265787,418397.8495426829,180000.0,0.0,147020.6307031405,1885680.5482244017
 02/10  18:00:00,4159561.5094993566,605134.6543864539,180000.0,0.0,1159430.9900979372,2127893.643423842
 02/10  19:00:00,4162290.16866992,613739.1812913849,180000.0,0.0,1434347.6166160046,1824179.5119105857
 02/10  20:00:00,5915276.9104380915,636369.4459833776,180000.0,0.0,2904553.92364741,2056823.7172423734
 02/10  21:00:00,5686182.471142201,774574.7748378697,180000.0,0.0,2560908.140499825,1980449.9665396856
 02/10  22:00:00,4343285.953473033,170923.34279109823,180000.0,0.0,1987169.0938534234,1780561.4716724572
 02/10  23:00:00,2990054.026379373,318519.3700491348,180000.0,0.0,938302.3992029697,1358398.3404102828
 02/10  24:00:00,2456031.079019331,423859.2545438651,180000.0,0.0,442257.18178993475,1274676.9828466824
 02/11  01:00:00,2019591.0631681033,503991.2045973394,180000.0,0.0,147020.6307031405,1083139.696467843
 02/11  02:00:00,2072918.788588054,563620.5848911526,180000.0,0.0,147020.6307031405,1076838.0415939803
 02/11  03:00:00,2108412.4622765053,607708.0771795486,180000.0,0.0,147020.6307031405,1070536.3867201174
 02/11  04:00:00,2158865.547652371,641600.0458921861,180000.0,0.0,147020.6307031405,1087097.503383346
 02/11  05:00:00,2275024.9180480908,670317.8212873212,180000.0,0.0,147020.6307031405,1172246.9346578487
 02/11  06:00:00,2629851.3137370646,621549.0781805667,180000.0,0.0,184149.316404086,1541005.5514787128
 02/11  07:00:00,3620154.725785371,1351551.39720984,180000.0,0.0,147020.6307031405,1840727.4939247742
 02/11  08:00:00,3785605.3794729873,1099745.3446603308,180000.0,0.0,147020.6307031405,2264860.6913401457
 02/11  09:00:00,4432928.935266314,837717.2027265483,180000.0,0.0,147020.6307031405,3185673.2076976663
 02/11  10:00:00,5022240.046009352,594858.7489536986,180000.0,0.0,147020.6307031405,4031595.754570048
 02/11  11:00:00,4963195.119301439,418691.83025359246,180000.0,0.0,147020.6307031405,4162470.728918733
 02/11  12:00:00,4681375.282320605,292385.9323039639,180000.0,0.0,147020.6307031405,4025294.0996961845
 02/11  13:00:00,4484599.714817528,249429.53051293525,180000.0,0.0,147020.6307031405,3880643.588888466
 02/11  14:00:00,3702017.440090803,264978.8784582345,180000.0,0.0,147020.6307031405,3084804.129942524
 02/11  15:00:00,3320294.285672915,226197.29709671956,180000.0,0.0,147020.6307031405,2741862.556886151
 02/11  16:00:00,3032143.350061046,262134.65415191097,180000.0,0.0,147020.6307031405,2415482.1004930083
 02/11  17:00:00,2647631.9529573265,391379.66323422274,180000.0,0.0,147020.6307031405,1885680.5482244017
 02/11  18:00:00,3763278.6432329984,569225.697274612,180000.0,0.0,906328.400249238,2020622.3241180247
 02/11  19:00:00,5384510.514816236,534219.1647305683,180000.0,0.0,2400291.0896808454,2159976.4015528774
 02/11  20:00:00,4536583.676502349,594213.5761781649,180000.0,0.0,1871375.4060536937,1753464.8707055596
 02/11  21:00:00,4144296.8473227597,801099.6855457528,180000.0,0.0,1353665.5631813547,1619282.00933083
 02/11  22:00:00,3156711.227121017,234527.59341507056,180000.0,0.0,1066796.0398581533,1450755.5486917386
 02/11  23:00:00,3082713.9268308394,411179.2705006018,180000.0,0.0,938302.3992029697,1358398.3404102828
 02/11  24:00:00,2455861.491510329,543807.7126828054,180000.0,0.0,368448.0440182362,1228368.0749704384
 02/12  01:00:00,2168519.8064360474,652919.9478652836,180000.0,0.0,147020.6307031405,1083139.696467843
 02/12  02:00:00,2253846.2835449865,744548.0798480851,180000.0,0.0,147020.6307031405,1076838.0415939803
 02/12  03:00:00,2338858.752771971,835862.2039489324,180000.0,0.0,147020.6307031405,1070536.3867201174
 02/12  04:00:00,2429906.1544157276,910348.4889294608,180000.0,0.0,147020.6307031405,1087097.503383346
 02/12  05:00:00,2573161.951561111,968454.8548003412,180000.0,0.0,147020.6307031405,1172246.9346578487
 02/12  06:00:00,2764615.7176562864,1020498.6936706179,180000.0,0.0,147020.6307031405,1332286.3354174872
 02/12  07:00:00,3905354.4069437254,1901727.9137544874,180000.0,0.0,147020.6307031405,1596380.1320732203
 02/12  08:00:00,4422830.180786096,1567037.7295443998,180000.0,0.0,439567.7800087797,2158291.1045461213
 02/12  09:00:00,5474928.848387264,1222484.7699018097,180000.0,0.0,770961.8439311025,3225840.831593639
 02/12  10:00:00,6943481.62650923,923857.7374891889,180000.0,0.0,1428371.168213438,4347072.136476301
 02/12  11:00:00,6834975.1159951985,736239.2198053554,180000.0,0.0,1389524.2535967545,4478784.040619282
 02/12  12:00:00,6549275.170093192,568088.4343418299,180000.0,0.0,1332747.993772371,4434056.286087759
 02/12  13:00:00,6351919.277255459,458114.0749117329,180000.0,0.0,1293901.0791556875,4392398.158475053
 02/12  14:00:00,5563367.1444246955,366342.429547747,180000.0,0.0,1281948.1823505543,3709862.7315394906
 02/12  15:00:00,5143241.370768914,299183.418092003,180000.0,0.0,1299877.527558254,3338966.6241317536
 02/12  16:00:00,5065414.750749255,384946.55343507347,180000.0,0.0,1398488.9262006045,3074473.3064005896
 02/12  17:00:00,5016995.078031216,453347.5508969265,180000.0,0.0,1667429.1043161056,2672667.3120226217
 02/12  18:00:00,5633107.678838519,638879.7059933767,180000.0,0.0,2172438.9943329906,2556978.920647111
 02/12  19:00:00,5927363.201768727,640866.2337212673,180000.0,0.0,2722272.247369126,2271908.698100308
 02/12  20:00:00,5977435.504086821,687067.2210016958,180000.0,0.0,2904553.92364741,2056823.7172423734
 02/12  21:00:00,5789342.966147661,859397.9600346725,180000.0,0.0,2560908.140499825,1980449.9665396856
 02/12  22:00:00,4421850.3882565005,233442.63149199056,180000.0,0.0,1987169.0938534234,1780561.4716724572
 02/12  23:00:00,4094533.739475507,370243.10650339164,180000.0,0.0,1727193.588341772,1608510.145556864
 02/12  24:00:00,2530559.4637397397,487426.0498391749,180000.0,0.0,444050.1163107048,1274676.9828466827
 02/13  01:00:00,2102214.67082382,586614.8122530559,180000.0,0.0,147020.6307031405,1083139.696467843
 02/13  02:00:00,2173558.491001589,664260.2873046875,180000.0,0.0,147020.6307031405,1076838.0415939803
 02/13  03:00:00,2237767.3319360837,734770.7831130452,180000.0,0.0,147020.6307031405,1070536.3867201174
 02/13  04:00:00,2313104.366802547,793546.7013162799,180000.0,0.0,147020.6307031405,1087097.503383346
 02/13  05:00:00,2446377.5671817367,841670.4704209672,180000.0,0.0,147020.6307031405,1172246.9346578487
 02/13  06:00:00,2627993.620321756,883876.5963360881,180000.0,0.0,147020.6307031405,1332286.3354174872
 02/13  07:00:00,3744456.7776018875,1740830.2844126497,180000.0,0.0,147020.6307031405,1596380.1320732203
 02/13  08:00:00,4132964.2946974193,1378285.1744930954,180000.0,0.0,293294.2053559601,2203451.3481615693
 02/13  09:00:00,5799803.31430465,1084677.8737799623,180000.0,0.0,1083231.272965212,3376252.7645987635
 02/13  10:00:00,6043796.606720248,946552.7928550306,180000.0,0.0,785902.9649375193,4067160.2645973973
 02/13  11:00:00,6663249.904623765,789984.2510946675,180000.0,0.0,1234136.5951300208,4408701.456425269
 02/13  12:00:00,6593099.099479241,672999.2041907667,180000.0,0.0,1332747.993772371,4372969.44562487
 02/13  13:00:00,6463492.776569288,569687.5742255619,180000.0,0.0,1293901.0791556875,4392398.158475053
 02/13  14:00:00,5684634.982012926,487610.26713597693,180000.0,0.0,1281948.1823505543,3709862.7315394906
 02/13  15:00:00,4051932.434387042,520107.9150596587,180000.0,0.0,435085.4437068547,2891525.274633625
 02/13  16:00:00,4291608.059188999,564400.9210246811,180000.0,0.0,773950.0681323858,2745751.105318946
 02/13  17:00:00,4551247.826005541,610053.2946670317,180000.0,0.0,1287924.6307531209,2429718.7897898266
 02/13  18:00:00,5721588.632652395,727360.6598072537,180000.0,0.0,2172438.9943329906,2556978.920647111
 02/13  19:00:00,4679506.897946782,694750.2926064547,180000.0,0.0,1756328.7743042847,1936111.8084580163
 02/13  20:00:00,5083888.781033216,684545.4073684446,180000.0,0.0,2215768.2452515992,1854584.4862178308
 02/13  21:00:00,5714599.81306034,784654.8069473504,180000.0,0.0,2560908.140499825,1980449.9665396856
 02/13  22:00:00,4327592.049150204,139184.2923856941,180000.0,0.0,1987169.0938534234,1780561.4716724572
 02/13  23:00:00,3456627.3360773334,251838.2002479105,180000.0,0.0,1332747.993772371,1483454.2429835736
 02/13  24:00:00,1914991.4543253994,354123.15753737465,180000.0,0.0,147020.6307031405,1089441.3513417062
 02/14  01:00:00,1932765.3779009234,417165.5193301594,180000.0,0.0,147020.6307031405,1083139.696467843
 02/14  02:00:00,1973553.8439387917,464255.6402418902,180000.0,0.0,147020.6307031405,1076838.0415939803
 02/14  03:00:00,2004406.7874360383,501410.2386129999,180000.0,0.0,147020.6307031405,1070536.3867201174
 02/14  04:00:00,2052182.9350395552,532625.2695532881,180000.0,0.0,147020.6307031405,1087097.503383346
 02/14  05:00:00,2158896.64179895,554189.5450381807,180000.0,0.0,147020.6307031405,1172246.9346578487
 02/14  06:00:00,2307949.8366256515,563832.812639983,180000.0,0.0,147020.6307031405,1332286.3354174872
 02/14  07:00:00,3972451.83249802,1322817.1322927305,180000.0,0.0,594656.6160553853,1794752.3537370278
 02/14  08:00:00,4329839.986413727,1043722.6108088613,180000.0,0.0,732114.929314419,2296068.8796036514
 02/14  09:00:00,5106183.173656754,853739.0951713003,180000.0,0.0,770961.8439311025,3225840.831593639
 02/14  10:00:00,6824594.408619575,568747.7075295456,180000.0,0.0,1428371.168213438,4583294.94854629
 02/14  11:00:00,6646711.446331604,535758.1820491819,180000.0,0.0,1389524.2535967545,4491001.40871186
 02/14  12:00:00,5775985.956396754,521043.4012499888,180000.0,0.0,888996.6998817945,4151563.3993737376
 02/14  13:00:00,6376923.516065068,483118.3137213412,180000.0,0.0,1293901.0791556875,4392398.158475053
 02/14  14:00:00,5632715.416971914,435690.7020949648,180000.0,0.0,1281948.1823505543,3709862.7315394906
 02/14  15:00:00,5233274.386688228,389216.4340113157,180000.0,0.0,1299877.527558254,3338966.6241317536
 02/14  16:00:00,4845621.533648048,403468.60112133273,180000.0,0.0,1242354.21168355,2992292.7561301785
 02/14  17:00:00,4992059.656339005,436536.67898628034,180000.0,0.0,1667429.1043161056,2664542.7622410576
 02/14  18:00:00,5684747.940762668,446172.6060659721,180000.0,0.0,2172438.9943329906,2801326.282498664
 02/14  19:00:00,5813120.664822262,449226.6699083218,180000.0,0.0,2722272.247369126,2349305.7249667877
 02/14  20:00:00,5808945.742395947,518577.4593108203,180000.0,0.0,2904553.92364741,2056823.7172423734
 02/14  21:00:00,4791274.511278952,645534.7724296243,180000.0,0.0,1957286.85184059,1799865.9879352576
 02/14  22:00:00,3026132.780454849,87904.00066632724,180000.0,0.0,1066796.0398581533,1450755.5486917386
 02/14  23:00:00,1846718.5785467555,202764.73280684138,180000.0,0.0,147020.6307031405,1108346.3159632944
 02/14  24:00:00,1856182.75589405,295314.4591060256,180000.0,0.0,147020.6307031405,1089441.3513417062
 02/15  01:00:00,1872347.5644354527,356747.7058646888,180000.0,0.0,147020.6307031405,1083139.696467843
 02/15  02:00:00,1917000.9461010592,407702.7424041577,180000.0,0.0,147020.6307031405,1076838.0415939803
 02/15  03:00:00,1948290.7309279093,445294.18210487056,180000.0,0.0,147020.6307031405,1070536.3867201174
 02/15  04:00:00,1989521.154079382,469963.48859311506,180000.0,0.0,147020.6307031405,1087097.503383346
 02/15  05:00:00,2094094.0557140806,489386.95895331114,180000.0,0.0,147020.6307031405,1172246.9346578487
 02/15  06:00:00,2249096.3220244925,504979.298038824,180000.0,0.0,147020.6307031405,1332286.3354174872
 02/15  07:00:00,3284327.3209333336,1280700.827744096,180000.0,0.0,147020.6307031405,1596380.1320732203
 02/15  08:00:00,4303728.973656495,1017611.5980516298,180000.0,0.0,732114.929314419,2296068.8796036514
 02/15  09:00:00,5105368.263933735,852924.185448282,180000.0,0.0,770961.8439311025,3225840.831593639
 02/15  10:00:00,5844068.81861138,746825.0047461618,180000.0,0.0,785902.9649375193,4067160.2645973973
 02/15  11:00:00,5856207.164448315,659352.2389014566,180000.0,0.0,767973.6197298192,4198453.70384323
 02/15  12:00:00,5835670.248640951,580727.6934941859,180000.0,0.0,888996.6998817946,4151563.399373738
 02/15  13:00:00,6413164.842308394,519359.63996466686,180000.0,0.0,1293901.0791556875,4392398.158475053
 02/15  14:00:00,5481596.009544154,443557.42896489636,180000.0,0.0,1140007.5327895954,3692817.2468027584
 02/15  15:00:00,5334856.652890046,448154.6101298925,180000.0,0.0,723150.256710569,3958337.985062681
 02/15  16:00:00,4201775.63163168,360519.36232314893,180000.0,0.0,773950.0681323858,2859800.2364631584
 02/15  17:00:00,4934882.758932043,297931.0232422879,180000.0,0.0,1667429.1043161056,2745971.520578088
 02/15  18:00:00,5483996.541601401,489768.5687562588,180000.0,0.0,2172438.9943329906,2556978.920647111
 02/15  19:00:00,4895996.455364903,477326.39578886377,180000.0,0.0,2078309.9319925653,2048044.1050054468
 02/15  20:00:00,4032291.081289551,523972.61704513244,180000.0,0.0,1526982.5668557885,1652345.2551932882
 02/15  21:00:00,3621696.212110437,652114.9629465402,180000.0,0.0,1052004.3300618012,1528990.0200286163
 02/15  22:00:00,3930419.5968569387,54556.58433642503,180000.0,0.0,1757075.8303546058,1698109.9909272776
 02/15  23:00:00,3838222.318652042,113931.6856799272,180000.0,0.0,1727193.588341772,1608510.145556864
 02/15  24:00:00,1776907.4568680807,216039.16008005626,180000.0,0.0,147020.6307031405,1089441.3513417062
 02/16  01:00:00,1787307.5528837696,271707.6943130056,180000.0,0.0,147020.6307031405,1083139.696467843
 02/16  02:00:00,1822537.0342326474,313238.83053574606,180000.0,0.0,147020.6307031405,1076838.0415939803
 02/16  03:00:00,1847370.6598129189,344374.11098988,180000.0,0.0,147020.6307031405,1070536.3867201174
 02/16  04:00:00,1959235.071691595,325628.27506111504,180000.0,0.0,147020.6307031405,1201146.6345275587
 02/16  05:00:00,2210961.9367632074,235519.77209746916,180000.0,0.0,154790.01362647716,1535212.6196394803
 02/16  06:00:00,2346052.2319055214,302777.3008959809,180000.0,0.0,295535.3735069227,1482929.4996375768
 02/16  07:00:00,4020208.4973579454,986987.3229835558,180000.0,0.0,818773.4311516361,1954222.0128098773
 02/16  08:00:00,4084905.043161452,798787.6675565864,180000.0,0.0,732114.929314419,2296068.8796036514
 02/16  09:00:00,4865137.260755319,612693.1822698663,180000.0,0.0,770961.8439311025,3225840.831593639
 02/16  10:00:00,5652493.968130266,380114.18265794707,180000.0,0.0,785902.9649375193,4242296.236204499
 02/16  11:00:00,5650329.261530631,138613.04430467208,135000.0,0.0,923361.278196553,4402927.337055597
 02/16  12:00:00,6745961.151563955,88711.26359389877,0.0,0.0,1332747.993772371,5290119.438306452
 02/16  13:00:00,5041589.660907488,32378.94642005613,180000.0,0.0,720162.0325092857,4081542.7172651594
 02/16  14:00:00,4536805.79059521,0.0,180000.0,0.0,856126.2336676777,3475465.7559406282
 02/16  15:00:00,5376626.137221702,0.0,180000.0,0.0,1299877.527558254,3871534.808676544
 02/16  16:00:00,11387930.201924212,0.0,180000.0,0.0,1398488.9262006045,9781935.31101062
 02/16  17:00:00,9742810.94487008,0.0,180000.0,0.0,1667429.1043161056,7851830.729758414
 02/16  18:00:00,5054212.3078650925,59984.3350199507,180000.0,0.0,2172438.9943329906,2556978.920647111
 02/16  19:00:00,5372274.941832692,85777.97378523154,180000.0,0.0,2722272.247369126,2271908.698100308
 02/16  20:00:00,5443452.804654094,153084.52156896892,180000.0,0.0,2904553.92364741,2056823.7172423734
 02/16  21:00:00,4451132.555316018,305392.81646669103,180000.0,0.0,1957286.85184059,1799865.9879352576
 02/16  22:00:00,1688647.4476527907,0.0,180000.0,0.0,147020.6307031405,1120949.6257110205
 02/16  23:00:00,2694791.283701193,9503.645014461452,180000.0,0.0,938302.3992029697,1358398.3404102828
 02/16  24:00:00,1697478.0087475101,136609.71195948572,180000.0,0.0,147020.6307031405,1089441.3513417062
 02/17  01:00:00,1787056.5766500302,271456.71807926614,180000.0,0.0,147020.6307031405,1083139.696467843
 02/17  02:00:00,1875297.281181099,365999.0774841974,180000.0,0.0,147020.6307031405,1076838.0415939803
 02/17  03:00:00,1941986.9222321173,441282.53713516076,180000.0,0.0,147020.6307031405,1070536.3867201174
 02/17  04:00:00,2016699.2673464995,499433.7655863148,180000.0,0.0,147020.6307031405,1087097.503383346
 02/17  05:00:00,2311192.178078532,548887.1496870678,180000.0,0.0,156732.35935731133,1320133.1376343723
 02/17  06:00:00,2634682.4094890845,589380.3550744777,180000.0,0.0,295535.3735069227,1466619.3132339856
 02/17  07:00:00,4059907.3837791285,1389643.210039099,180000.0,0.0,594656.6160553853,1794752.3537370278
 02/17  08:00:00,3584710.464404051,1143197.7914429498,180000.0,0.0,147020.6307031405,2020513.3294885918
 02/17  09:00:00,5118782.447955378,859461.8782916772,180000.0,0.0,770961.8439311025,3225840.831593639
 02/17  10:00:00,5737558.171322643,635730.0300052605,180000.0,0.0,785902.9649375193,4067160.2645973973
 02/17  11:00:00,5708460.352307602,507021.09930857946,180000.0,0.0,767973.6197298192,4198453.70384323
 02/17  12:00:00,5444762.048334081,409246.4428418034,180000.0,0.0,741079.6019182691,4077761.3839566936
 02/17  13:00:00,5334167.22034123,324956.50585379754,180000.0,0.0,720162.0325092857,4081542.7172651594
 02/17  14:00:00,3713447.7321828417,276409.17055027315,180000.0,0.0,147020.6307031405,3084804.129942524
 02/17  15:00:00,3312238.605231153,218141.6166549577,180000.0,0.0,147020.6307031405,2741862.556886151
 02/17  16:00:00,3724438.9837552253,236531.4561547031,180000.0,0.0,617217.7087750745,2663183.854112461
 02/17  17:00:00,3750831.626726983,371003.25072136516,180000.0,0.0,908420.1571901363,2247857.1080199205
 02/17  18:00:00,4462879.869237306,547929.6937598223,180000.0,0.0,1412682.9911567005,2235164.962729659
 02/17  19:00:00,5790485.449663661,506280.6453422826,180000.0,0.0,2722272.247369126,2271908.698100308
 02/17  20:00:00,4077109.405926781,580251.7603127733,180000.0,0.0,1526982.5668557885,1652345.2551932882
 02/17  21:00:00,4085940.9036900713,742743.7419130644,180000.0,0.0,1353665.5631813547,1619282.00933083
 02/17  22:00:00,3067549.6233236855,145365.9896177396,180000.0,0.0,1066796.0398581533,1450755.5486917386
 02/17  23:00:00,3187380.2599885543,256094.8550869701,180000.0,0.0,1135525.1964876703,1420926.2916969282
 02/17  24:00:00,2382555.71638863,350383.89191316377,180000.0,0.0,442257.18178993475,1274676.9828466824
 02/18  01:00:00,1941860.0507170416,426260.19214627746,180000.0,0.0,147020.6307031405,1083139.696467843
 02/18  02:00:00,2164588.038650334,483783.23456400185,180000.0,0.0,183775.7883789256,1211589.484307626
 02/18  03:00:00,2088869.9371751002,528019.4607188095,180000.0,0.0,147020.6307031405,1130682.4780794512
 02/18  04:00:00,2083879.691256213,566614.189496028,180000.0,0.0,147020.6307031405,1087097.503383346
 02/18  05:00:00,2203401.3094987944,598694.2127380249,180000.0,0.0,147020.6307031405,1172246.9346578487
 02/18  06:00:00,2385405.580283722,622951.2464893956,180000.0,0.0,147020.6307031405,1332286.3354174872
 02/18  07:00:00,3447303.6440487327,1423047.677324756,180000.0,0.0,147020.6307031405,1596380.1320732203
 02/18  08:00:00,4470326.296080321,1168163.77439288,180000.0,0.0,732114.929314419,2296068.8796036514
 02/18  09:00:00,4306851.9047699105,955987.5340816982,180000.0,0.0,147020.6307031405,2941325.845846113
 02/18  10:00:00,4998980.533100156,815946.5978960561,180000.0,0.0,147020.6307031405,3787248.392718494
 02/18  11:00:00,4992211.888678721,692055.961482429,180000.0,0.0,147020.6307031405,3918123.367067179
 02/18  12:00:00,4763121.648303095,618479.6601380085,180000.0,0.0,147020.6307031405,3780946.7378446306
 02/18  13:00:00,4702130.773372257,576916.9019008647,180000.0,0.0,147020.6307031405,3770687.2760552666
 02/18  14:00:00,3971645.8256643955,534607.2640318268,180000.0,0.0,147020.6307031405,3084804.129942524
 02/18  15:00:00,3585914.3616512096,491817.37307501445,180000.0,0.0,147020.6307031405,2741862.556886151
 02/18  16:00:00,3296166.581854275,526157.8859451408,180000.0,0.0,147020.6307031405,2415482.1004930083
 02/18  17:00:00,2840164.088317346,583911.7985942417,180000.0,0.0,147020.6307031405,1885680.5482244017
 02/18  18:00:00,4237292.110219701,682865.2551067986,180000.0,0.0,1159430.9900979372,2127893.643423842
 02/18  19:00:00,4183495.3823068887,634944.3949283537,180000.0,0.0,1434347.6166160046,1824179.5119105857
 02/18  20:00:00,5450754.110925302,617359.1011807637,180000.0,0.0,2560161.0844495045,1955704.101730102
 02/18  21:00:00,5606288.656456022,694680.9601516908,180000.0,0.0,2560908.140499825,1980449.9665396856
 02/18  22:00:00,3036680.857410165,114497.22370421878,180000.0,0.0,1066796.0398581533,1450755.5486917386
 02/18  23:00:00,2378748.346727741,227880.58687091141,180000.0,0.0,542661.5149530551,1233372.3281867886
 02/18  24:00:00,1876277.2361540236,324577.5942703277,180000.0,0.0,147020.6307031405,1089441.3513417062
 02/19  01:00:00,1896236.7671651144,380636.90859435033,180000.0,0.0,147020.6307031405,1083139.696467843
 02/19  02:00:00,1935013.4817509113,425715.27805401,180000.0,0.0,147020.6307031405,1076838.0415939803
 02/19  03:00:00,1963586.4291713021,460589.88034826354,180000.0,0.0,147020.6307031405,1070536.3867201174
 02/19  04:00:00,2005505.3723819014,485947.7068956343,180000.0,0.0,147020.6307031405,1087097.503383346
 02/19  05:00:00,2112148.860281353,507441.76352058334,180000.0,0.0,147020.6307031405,1172246.9346578487
 02/19  06:00:00,2268158.578313494,524041.55432782567,180000.0,0.0,147020.6307031405,1332286.3354174872
 02/19  07:00:00,3943427.7861558925,1293793.085950603,180000.0,0.0,594656.6160553853,1794752.3537370278
 02/19  08:00:00,4760924.041681342,1044986.2115151219,180000.0,0.0,1024960.9010401868,2433043.362439238
 02/19  09:00:00,5147270.208638042,894826.1301525892,180000.0,0.0,770961.8439311025,3225840.831593639
 02/19  10:00:00,5899278.709556202,802034.8956909837,180000.0,0.0,785902.9649375193,4067160.2645973973
 02/19  11:00:00,6369824.81297597,722029.4021076192,180000.0,0.0,1078748.936663287,4338618.872231256
 02/19  12:00:00,6552600.580571314,632500.6852828403,180000.0,0.0,1332747.993772371,4372969.44562487
 02/19  13:00:00,6474949.594688888,581144.3923451614,180000.0,0.0,1293901.0791556875,4392398.158475053
 02/19  14:00:00,6065577.47072807,553782.4726627126,180000.0,0.0,1281948.1823505543,4024633.014727898
 02/19  15:00:00,11236297.95085896,632638.8328526361,180000.0,0.0,1299877.527558254,9098567.789461166
 02/19  16:00:00,10490022.604860112,679021.8891282835,180000.0,0.0,1398488.9262006045,8205005.824818237
 02/19  17:00:00,5063322.542806892,560761.8561354909,180000.0,0.0,1667429.1043161056,2611580.471559733
 02/19  18:00:00,5338957.14080427,583078.8073979313,180000.0,0.0,1919186.9932742273,2571881.2822670704
 02/19  19:00:00,5837348.763488427,550851.7954409663,180000.0,0.0,2722272.247369126,2271908.698100308
 02/19  20:00:00,5856908.632354016,566540.3492688908,180000.0,0.0,2904553.92364741,2056823.7172423734
 02/19  21:00:00,5583216.976408352,653271.9702953636,180000.0,0.0,2560908.140499825,1980449.9665396856
 02/19  22:00:00,4255941.651585353,67533.89482084214,180000.0,0.0,1987169.0938534234,1780561.4716724572
 02/19  23:00:00,3123044.8354947404,178006.44823666295,180000.0,0.0,1135525.1964876703,1420926.2916969282
 02/19  24:00:00,2324995.6097216574,283655.13034186244,180000.0,0.0,442257.18178993475,1274676.9828466824
 02/20  01:00:00,1878853.9084241253,363254.0498533612,180000.0,0.0,147020.6307031405,1083139.696467843
 02/20  02:00:00,1940714.4964840137,431416.2927871123,180000.0,0.0,147020.6307031405,1076838.0415939803
 02/20  03:00:00,1992411.778627521,489415.22980448225,180000.0,0.0,147020.6307031405,1070536.3867201174
 02/20  04:00:00,2059535.1050734515,539977.4395871841,180000.0,0.0,147020.6307031405,1087097.503383346
 02/20  05:00:00,2184723.473428568,580016.3766677985,180000.0,0.0,147020.6307031405,1172246.9346578487
 02/20  06:00:00,2355229.3975578956,611112.3735722268,180000.0,0.0,147020.6307031405,1332286.3354174872
 02/20  07:00:00,3583673.7125497297,1418545.1676064795,180000.0,0.0,258929.6270412017,1645973.1874891724
 02/20  08:00:00,4523096.554209385,1122930.047460307,180000.0,0.0,732114.929314419,2410118.010747864
 02/20  09:00:00,5235192.750034721,787270.7820680236,180000.0,0.0,770961.8439311025,3421318.7210748824
 02/20  10:00:00,6636414.120999362,616790.2319793211,180000.0,0.0,1428371.168213438,4347072.136476301
 02/20  11:00:00,6553357.6596210105,454621.76343116607,180000.0,0.0,1389524.2535967545,4478784.040619282
 02/20  12:00:00,5416220.301561102,382996.8597949076,180000.0,0.0,741079.6019182691,4077761.3839566936
 02/20  13:00:00,5410612.830780109,401402.1162926784,180000.0,0.0,720162.0325092857,4081542.7172651594
 02/20  14:00:00,4731578.604156238,414845.7883216076,180000.0,0.0,714185.584106719,3397333.4307410074
 02/20  15:00:00,4414697.064607328,445145.014528755,180000.0,0.0,723150.256710569,3041187.992381099
 02/20  16:00:00,5132353.680396972,451885.48308279144,180000.0,0.0,1398488.9262006045,3074473.3064005896
 02/20  17:00:00,4982879.606454626,480318.91978322517,180000.0,0.0,1667429.1043161056,2611580.471559733
 02/20  18:00:00,5631238.917407708,637010.9445625661,180000.0,0.0,2172438.9943329906,2556978.920647111
 02/20  19:00:00,5900860.505814124,614363.537766663,180000.0,0.0,2722272.247369126,2271908.698100308
 02/20  20:00:00,6837397.338818386,629879.0630516794,180000.0,0.0,2904553.92364741,2973973.709923955
 02/20  21:00:00,5318023.173321988,780180.8008408305,180000.0,0.0,2259097.4961702074,1890157.9772374716
 02/20  22:00:00,4357888.776302036,169481.01953752557,180000.0,0.0,1987169.0938534234,1780561.4716724572
 02/20  23:00:00,4027520.942145984,303230.3091738686,180000.0,0.0,1727193.588341772,1608510.145556864
 02/20  24:00:00,2469382.326361344,428041.8469815494,180000.0,0.0,442257.18178993475,1274676.9828466824
 02/21  01:00:00,2036792.4519372887,521192.5933665248,180000.0,0.0,147020.6307031405,1083139.696467843
 02/21  02:00:00,2103981.425003875,594683.2213069735,180000.0,0.0,147020.6307031405,1076838.0415939803
 02/21  03:00:00,2157450.547642961,654453.9988199228,180000.0,0.0,147020.6307031405,1070536.3867201174
 02/21  04:00:00,2222518.7267981237,702961.0613118563,180000.0,0.0,147020.6307031405,1087097.503383346
 02/21  05:00:00,2345930.024709977,741222.9279492075,180000.0,0.0,147020.6307031405,1172246.9346578487
 02/21  06:00:00,2515865.3746166197,771748.3506309511,180000.0,0.0,147020.6307031405,1332286.3354174872
 02/21  07:00:00,3596729.0138940886,1593102.5207048508,180000.0,0.0,147020.6307031405,1596380.1320732203
 02/21  08:00:00,3691931.1011383473,1266463.5742598204,180000.0,0.0,147020.6307031405,2020513.3294885918
 02/21  09:00:00,5709524.101479353,924511.8384491089,180000.0,0.0,770961.8439311025,3758409.0161384298
 02/21  10:00:00,12626333.553955885,821627.735480637,180000.0,0.0,785902.9649375193,10774622.26920743
 02/21  11:00:00,10189112.06822543,597421.8593050281,180000.0,0.0,1389524.2535967545,7971738.35334984
 02/21  12:00:00,6276028.0457790885,355928.15049061424,180000.0,0.0,1332747.993772371,4372969.44562487
 02/21  13:00:00,6145732.250736024,251927.04839229773,180000.0,0.0,1293901.0791556875,4392398.158475053
 02/21  14:00:00,5371675.052609797,174650.3377328475,180000.0,0.0,1281948.1823505543,3709862.7315394906
 02/21  15:00:00,4925870.948321029,81812.99564411712,180000.0,0.0,1299877.527558254,3338966.6241317536
 02/21  16:00:00,4773107.829598997,92639.63228481656,180000.0,0.0,1398488.9262006045,3074473.3064005896
 02/21  17:00:00,3637232.620931176,257404.24492555758,180000.0,0.0,908420.1571901363,2247857.1080199205
 02/21  18:00:00,5112676.370714186,478971.71823362436,180000.0,0.0,1919186.9932742273,2449707.6013412937
 02/21  19:00:00,5752651.817940294,466154.8498928332,180000.0,0.0,2722272.247369126,2271908.698100308
 02/21  20:00:00,5811308.208590538,520939.92550541204,180000.0,0.0,2904553.92364741,2056823.7172423734
 02/21  21:00:00,2549845.5482638315,756123.9663652373,180000.0,0.0,147020.6307031405,1258114.0521219748
 02/21  22:00:00,2808012.398410001,182178.9516554118,180000.0,0.0,836852.1875694001,1368304.067946559
 02/21  23:00:00,3001183.2746275384,315895.6359408066,180000.0,0.0,938302.3992029697,1358398.3404102828
 02/21  24:00:00,1995526.8457419851,434658.5489539608,180000.0,0.0,147020.6307031405,1089441.3513417062
 02/22  01:00:00,2040253.6933744443,524653.8348036802,180000.0,0.0,147020.6307031405,1083139.696467843
 02/22  02:00:00,2104064.7418410303,594766.5381441289,180000.0,0.0,147020.6307031405,1076838.0415939803
 02/22  03:00:00,2143761.860634938,640765.3118118993,180000.0,0.0,147020.6307031405,1070536.3867201174
 02/22  04:00:00,2184645.4918535715,665087.8263673047,180000.0,0.0,147020.6307031405,1087097.503383346
 02/22  05:00:00,2272149.507063964,667442.4103031944,180000.0,0.0,147020.6307031405,1172246.9346578487
 02/22  06:00:00,2403363.274195344,659246.2502096761,180000.0,0.0,147020.6307031405,1332286.3354174872
 02/22  07:00:00,3438717.292775596,1435090.7995863585,180000.0,0.0,147020.6307031405,1596380.1320732203
 02/22  08:00:00,4018214.2393451543,1162421.7881034582,180000.0,0.0,439567.7800087797,2158291.1045461213
 02/22  09:00:00,5674199.850254648,906112.1190486365,180000.0,0.0,1083231.272965212,3429215.0552800875
 02/22  10:00:00,6777358.995928295,757735.1069082549,180000.0,0.0,1428371.168213438,4347072.136476301
 02/22  11:00:00,6679793.351662214,581057.4554723696,180000.0,0.0,1389524.2535967545,4478784.040619282
 02/22  12:00:00,6363541.741073989,443441.84578551544,180000.0,0.0,1332747.993772371,4372969.44562487
 02/22  13:00:00,6241386.350317993,347581.1479742659,180000.0,0.0,1293901.0791556875,4392398.158475053
 02/22  14:00:00,5475463.99415147,278439.27927452105,180000.0,0.0,1281948.1823505543,3709862.7315394906
 02/22  15:00:00,5104131.01463043,260073.06195351837,180000.0,0.0,1299877.527558254,3338966.6241317536
 02/22  16:00:00,4978174.536567368,297706.3392531872,180000.0,0.0,1398488.9262006045,3074473.3064005896
 02/22  17:00:00,4832305.8646177035,329745.1779463037,180000.0,0.0,1667429.1043161056,2611580.471559733
 02/22  18:00:00,4000161.6293980842,448026.93801126437,180000.0,0.0,1159430.9900979372,2127893.643423842
 02/22  19:00:00,3975661.081401945,424817.9302973278,180000.0,0.0,1434347.6166160046,1824179.5119105857
 02/22  20:00:00,3936347.5734251523,428029.1091807344,180000.0,0.0,1526982.5668557885,1652345.2551932882
 02/22  21:00:00,3118833.720951149,541205.6942090197,180000.0,0.0,750343.0969422476,1438698.0307264023
 02/22  22:00:00,1731190.6627673698,42543.21511457915,180000.0,0.0,147020.6307031405,1120949.6257110205
 02/22  23:00:00,1772130.3912078121,128176.54546789787,180000.0,0.0,147020.6307031405,1108346.3159632944
 02/22  24:00:00,1789859.1420113312,228990.84522330665,180000.0,0.0,147020.6307031405,1089441.3513417062
 02/23  01:00:00,1816484.5406880328,300884.68211726885,180000.0,0.0,147020.6307031405,1083139.696467843
 02/23  02:00:00,1870347.7201578242,361049.5164609227,180000.0,0.0,147020.6307031405,1076838.0415939803
 02/23  03:00:00,1911959.048887478,408962.5000644394,180000.0,0.0,147020.6307031405,1070536.3867201174
 02/23  04:00:00,1967456.5985020231,447898.9330157564,180000.0,0.0,147020.6307031405,1087097.503383346
 02/23  05:00:00,2149338.2287015556,430582.0007965731,180000.0,0.0,147020.6307031405,1286296.0658020615
 02/23  06:00:00,2549640.1524551767,388284.3588308731,180000.0,0.0,295535.3735069227,1601010.3622523402
 02/23  07:00:00,3859380.289378849,1209745.589173559,180000.0,0.0,594656.6160553853,1794752.3537370278
 02/23  08:00:00,4273865.888700322,987748.5130954573,180000.0,0.0,732114.929314419,2296068.8796036514
 02/23  09:00:00,4670404.064978795,758138.9548368726,180000.0,0.0,458991.23731712153,3197632.469864089
 02/23  10:00:00,5818308.746232782,476717.57051600923,180000.0,0.0,785902.9649375193,4311507.626448952
 02/23  11:00:00,5700806.542162891,259604.25476447842,180000.0,0.0,767973.6197298192,4442801.065694785
 02/23  12:00:00,5586738.716351686,87448.7993533666,180000.0,0.0,888996.6998817946,4395910.7612252915
 02/23  13:00:00,6138152.564195281,0.0,180000.0,0.0,1293901.0791556875,4636745.520326607
 02/23  14:00:00,5441372.076728503,0.0,180000.0,0.0,1281948.1823505543,3954210.093391044
 02/23  15:00:00,4869778.83887888,0.0,180000.0,0.0,1155695.7098463327,3508869.328045644
 02/23  16:00:00,4613196.085822803,0.0,180000.0,0.0,1242354.21168355,3163335.9094262663
 02/23  17:00:00,4556915.97764829,54355.29097688922,180000.0,0.0,1667429.1043161056,2611580.471559733
 02/23  18:00:00,5969886.0671854885,241938.1001950812,180000.0,0.0,2172438.9943329906,3290698.9147923766
 02/23  19:00:00,5713542.324611632,243615.35802785493,180000.0,0.0,2722272.247369126,2455338.6966366246
 02/23  20:00:00,5610686.820230478,259231.6966824656,180000.0,0.0,2904553.92364741,2117910.5577052617
 02/23  21:00:00,4556752.174908665,411012.4360593383,180000.0,0.0,1957286.85184059,1799865.9879352576
 02/23  22:00:00,1688647.4476527907,0.0,180000.0,0.0,147020.6307031405,1120949.6257110205
 02/23  23:00:00,1704078.53059154,60124.68485162586,180000.0,0.0,147020.6307031405,1108346.3159632944
 02/23  24:00:00,1731088.8631688694,170220.5663808449,180000.0,0.0,147020.6307031405,1089441.3513417062
 02/24  01:00:00,1755271.2524134025,239671.39384263838,180000.0,0.0,147020.6307031405,1083139.696467843
 02/24  02:00:00,1804528.5142955217,295230.3105986201,180000.0,0.0,147020.6307031405,1076838.0415939803
 02/24  03:00:00,1843356.2528488599,342651.8677519034,180000.0,0.0,147020.6307031405,1070536.3867201174
 02/24  04:00:00,1896167.0418834891,378901.54012330406,180000.0,0.0,147020.6307031405,1087097.503383346
 02/24  05:00:00,2012396.3134625896,407689.2167018199,180000.0,0.0,147020.6307031405,1172246.9346578487
 02/24  06:00:00,2194575.7513415674,432121.41754724155,180000.0,0.0,147020.6307031405,1332286.3354174872
 02/24  07:00:00,3203708.9279814027,1179452.9612574251,180000.0,0.0,147020.6307031405,1596380.1320732203
 02/24  08:00:00,5035261.402629278,873457.9718191284,180000.0,0.0,1317806.8727659544,2570017.8452748246
 02/24  09:00:00,5757582.160066006,528061.1254240792,180000.0,0.0,1395500.7019993213,3571502.438503647
 02/24  10:00:00,5634956.266884986,302533.1067788984,180000.0,0.0,946520.015756499,4137138.232567123
 02/24  11:00:00,5370657.853458307,169218.60045928365,180000.0,0.0,767973.6197298192,4198453.70384323
 02/24  12:00:00,5102594.538796869,67078.93330459259,180000.0,0.0,741079.6019182691,4077761.3839566936
 02/24  13:00:00,4795270.565206658,7059.061473236417,180000.0,0.0,576876.6820577494,4003828.8569626864
 02/24  14:00:00,4096809.2522841147,0.0,180000.0,0.0,572394.3457558244,3319201.105541386
 02/24  15:00:00,3094096.988576195,0.0,180000.0,0.0,147020.6307031405,2741862.556886151
 02/24  16:00:00,3248607.917036726,0.0,180000.0,0.0,460485.3494177632,2580616.602905977
 02/24  17:00:00,4221877.609004955,0.0,180000.0,0.0,1477676.8675346132,2520649.63067478
 02/24  18:00:00,3689798.04856106,135371.19344815688,180000.0,0.0,1159430.9900979372,2127893.643423842
 02/24  19:00:00,3732468.6016800515,183917.6143015161,180000.0,0.0,1434347.6166160046,1824179.5119105857
 02/24  20:00:00,4283952.17969154,166446.10776025482,180000.0,0.0,1871375.406053694,1928600.8423126605
 02/24  21:00:00,5263827.315613557,217828.57029087047,180000.0,0.0,2560908.140499825,2114841.0155580402
 02/24  22:00:00,4151878.3706315253,0.0,180000.0,0.0,1296889.3033569707,2450357.0221185004
 02/24  23:00:00,1890534.311620125,0.0,180000.0,0.0,344841.0728280978,1170859.3220750415
 02/24  24:00:00,1556903.0639192865,5203.422035590762,180000.0,0.0,147020.6307031405,1089441.3513417062
 02/25  01:00:00,1569355.7734982676,53755.91492750349,180000.0,0.0,147020.6307031405,1083139.696467843
 02/25  02:00:00,1612600.00867663,103301.80497972832,180000.0,0.0,147020.6307031405,1076838.0415939803
 02/25  03:00:00,1646660.099083758,145955.71398680165,180000.0,0.0,147020.6307031405,1070536.3867201174
 02/25  04:00:00,1714703.0097895986,197437.50802941376,180000.0,0.0,147020.6307031405,1087097.503383346
 02/25  05:00:00,1852778.2879982984,248071.1912375288,180000.0,0.0,147020.6307031405,1172246.9346578487
 02/25  06:00:00,2052567.3599012932,290113.02610696695,180000.0,0.0,147020.6307031405,1332286.3354174872
 02/25  07:00:00,3353379.266243576,1006119.196011573,180000.0,0.0,370838.6233792629,1695566.242905124
 02/25  08:00:00,3229723.135774426,788210.4628133243,180000.0,0.0,147020.6307031405,2020513.3294885918
 02/25  09:00:00,4774830.565955095,515509.9962913946,180000.0,0.0,770961.8439311025,3225840.831593639
 02/25  10:00:00,5402947.354967051,301119.2136496692,180000.0,0.0,785902.9649375193,4067160.2645973973
 02/25  11:00:00,4931720.26875011,180922.6786524521,180000.0,0.0,457497.1252164799,4058288.5354552045
 02/25  12:00:00,4254739.313409431,110097.32524434415,180000.0,0.0,147020.6307031405,3780946.7378446306
 02/25  13:00:00,4163281.0900381794,38067.218566786454,180000.0,0.0,147020.6307031405,3770687.2760552666
 02/25  14:00:00,3437038.5616325685,0.0,180000.0,0.0,147020.6307031405,3084804.129942524
 02/25  15:00:00,3094096.988576195,0.0,180000.0,0.0,147020.6307031405,2741862.556886151
 02/25  16:00:00,2770008.6959091346,0.0,180000.0,0.0,147020.6307031405,2415482.1004930083
 02/25  17:00:00,2302978.5480580563,46726.25833495252,180000.0,0.0,147020.6307031405,1885680.5482244017
 02/25  18:00:00,7850099.981706872,330799.34881332377,180000.0,0.0,1159430.9900979372,6092767.421204487
 02/25  19:00:00,11394527.595335461,427836.87673715246,180000.0,0.0,2078309.9319925653,8598356.927753799
 02/25  20:00:00,4928528.2978935735,322847.84150283,180000.0,0.0,2215768.2452515992,2072382.3875742136
 02/25  21:00:00,4970958.845536707,451453.78286420694,180000.0,0.0,2259097.4961702074,1890157.9772374716
 02/25  22:00:00,4286411.741826148,0.0,180000.0,0.0,1987169.0938534234,1894610.60281667
 02/25  23:00:00,3766687.7810622836,48025.58066509731,180000.0,0.0,1727193.588341772,1616634.6953384283
 02/25  24:00:00,2702611.551451345,186381.67534256773,180000.0,0.0,741079.6019182691,1459912.614351659
 02/26  01:00:00,1811663.7940280444,296063.9354572802,180000.0,0.0,147020.6307031405,1083139.696467843
 02/26  02:00:00,1878171.212351683,368873.00865478156,180000.0,0.0,147020.6307031405,1076838.0415939803
 02/26  03:00:00,1935694.8770966814,432698.3282736427,180000.0,0.0,147020.6307031405,1070536.3867201174
 02/26  04:00:00,2002858.3952070302,483300.7297207633,180000.0,0.0,147020.6307031405,1087097.503383346
 02/26  05:00:00,2129823.985048285,525116.8882875158,180000.0,0.0,147020.6307031405,1172246.9346578487
 02/26  06:00:00,2299082.410173309,554965.3861876405,180000.0,0.0,147020.6307031405,1332286.3354174872
 02/26  07:00:00,3950169.824478065,1300535.1242727756,180000.0,0.0,594656.6160553853,1794752.3537370278
 02/26  08:00:00,4273069.819919511,986952.4443146457,180000.0,0.0,732114.929314419,2296068.8796036514
 02/26  09:00:00,4936091.5789258275,683647.5004403733,180000.0,0.0,770961.8439311025,3225840.831593639
 02/26  10:00:00,5539763.138852346,442519.3249871275,180000.0,0.0,785902.9649375193,4067160.2645973973
 02/26  11:00:00,5485171.282709691,288316.35716283263,180000.0,0.0,767973.6197298192,4198453.70384323
 02/26  12:00:00,5208943.11535558,175719.67358938482,180000.0,0.0,741079.6019182691,4077761.3839566936
 02/26  13:00:00,5088313.63422465,79102.91973721888,180000.0,0.0,720162.0325092857,4081542.7172651594
 02/26  14:00:00,4321234.693456232,4501.8776216011365,180000.0,0.0,714185.584106719,3397333.4307410074
 02/26  15:00:00,3969552.0500785722,0.0,180000.0,0.0,723150.256710569,3041187.992381099
 02/26  16:00:00,4794517.328458393,0.0,180000.0,0.0,1398488.9262006045,3188522.4375448027
 02/26  17:00:00,4698038.576152644,0.0,180000.0,0.0,1667429.1043161056,2807058.361040976
 02/26  18:00:00,5138439.687391501,144211.71454635853,180000.0,0.0,2172438.9943329906,2556978.920647111
 02/26  19:00:00,5502421.215246951,215924.24719949125,180000.0,0.0,2722272.247369126,2271908.698100308
 02/26  20:00:00,5584258.688056231,293890.4049711046,180000.0,0.0,2904553.92364741,2056823.7172423734
 02/26  21:00:00,5345458.813914577,415513.80780158716,180000.0,0.0,2560908.140499825,1980449.9665396856
 02/26  22:00:00,4188407.7567645106,0.0,180000.0,0.0,1987169.0938534234,1780561.4716724572
 02/26  23:00:00,3234399.8903871235,29610.754557700395,180000.0,0.0,1332747.993772371,1483454.2429835736
 02/26  24:00:00,2064571.814751978,142452.91375974054,180000.0,0.0,369344.5112786212,1228368.0749704386
 02/27  01:00:00,1755327.6811800022,239727.82260923798,180000.0,0.0,147020.6307031405,1083139.696467843
 02/27  02:00:00,1814984.0574624487,305685.8537655474,180000.0,0.0,147020.6307031405,1076838.0415939803
 02/27  03:00:00,1860231.4799627461,357234.9311397075,180000.0,0.0,147020.6307031405,1070536.3867201174
 02/27  04:00:00,1908946.9988751002,389389.333388833,180000.0,0.0,147020.6307031405,1087097.503383346
 02/27  05:00:00,2141785.498270416,410690.6954562325,180000.0,0.0,154790.01362647716,1290865.2577879264
 02/27  06:00:00,2311611.5855729864,426070.70127717755,180000.0,0.0,221278.0021050316,1399452.8243257361
 02/27  07:00:00,3488640.558776752,1162009.9620794884,180000.0,0.0,370838.62337926286,1695566.242905124
 02/27  08:00:00,4218099.202610076,931981.8270052104,180000.0,0.0,732114.929314419,2296068.8796036514
 02/27  09:00:00,5019861.055569073,767416.9770836191,180000.0,0.0,770961.8439311025,3225840.831593639
 02/27  10:00:00,5795532.512078455,637201.8577503482,180000.0,0.0,785902.9649375193,4128247.105060286
 02/27  11:00:00,6651326.844704616,552590.9485147708,180000.0,0.0,1389524.2535967545,4478784.040619282
 02/27  12:00:00,6423774.2518711975,503674.35658272385,180000.0,0.0,1332747.993772371,4372969.44562487
 02/27  13:00:00,6362937.652376349,469132.45003262284,180000.0,0.0,1293901.0791556875,4392398.158475053
 02/27  14:00:00,5655220.723569073,397109.16822923545,180000.0,0.0,1281948.1823505543,3770949.572002379
 02/27  15:00:00,4876057.502924554,355203.3704025991,180000.0,0.0,1011513.8921344115,3304126.4394006394
 02/27  16:00:00,5084056.372214775,269197.1258822396,180000.0,0.0,1398488.9262006045,3208864.3554189447
 02/27  17:00:00,4827515.787678816,324955.10100741615,180000.0,0.0,1667429.1043161056,2611580.471559733
 02/27  18:00:00,5375848.597844561,381620.6249994187,180000.0,0.0,2172438.9943329906,2556978.920647111
 02/27  19:00:00,5614597.6617092015,328100.69366174145,180000.0,0.0,2722272.247369126,2271908.698100308
 02/27  20:00:00,5619145.053121463,328776.7700363378,180000.0,0.0,2904553.92364741,2056823.7172423734
 02/27  21:00:00,6250858.103399784,403763.10460521287,180000.0,0.0,2560908.140499825,2897599.959221267
 02/27  22:00:00,2938228.7797885216,0.0,180000.0,0.0,1066796.0398581533,1450755.5486917386
 02/27  23:00:00,1685376.5950525883,41422.7493126741,180000.0,0.0,147020.6307031405,1108346.3159632944
 02/27  24:00:00,1694309.1077250137,133440.81093698915,180000.0,0.0,147020.6307031405,1089441.3513417062
 02/28  01:00:00,1717834.147905919,202234.28933515493,180000.0,0.0,147020.6307031405,1083139.696467843
 02/28  02:00:00,1773553.1663170601,264254.96262015885,180000.0,0.0,147020.6307031405,1076838.0415939803
 02/28  03:00:00,1825283.921192233,322287.3723691942,180000.0,0.0,147020.6307031405,1070536.3867201174
 02/28  04:00:00,1892093.7047359585,372536.0392496913,180000.0,0.0,147020.6307031405,1087097.503383346
 02/28  05:00:00,2015773.1159226382,411066.0191618687,180000.0,0.0,147020.6307031405,1172246.9346578487
 02/28  06:00:00,2180938.427552218,436821.4035665496,180000.0,0.0,147020.6307031405,1332286.3354174872
 02/28  07:00:00,3183038.5834339084,1179412.0902446704,180000.0,0.0,147020.6307031405,1596380.1320732203
 02/28  08:00:00,4762995.712517237,810835.0702810286,180000.0,0.0,1024960.9010401866,2669266.174509228
 02/28  09:00:00,5904877.200495228,604835.6301650675,180000.0,0.0,1395500.7019993213,3648899.465370127
 02/28  10:00:00,6590559.87296365,570935.9839436092,180000.0,0.0,1428371.168213438,4347072.136476301
 02/28  11:00:00,6153922.4897991065,506127.078930756,180000.0,0.0,1078748.9366632868,4338618.872231256
 02/28  12:00:00,5713524.892694089,458582.337547324,180000.0,0.0,888996.6998817946,4151563.399373738
 02/28  13:00:00,6285797.348376238,391992.14603251184,180000.0,0.0,1293901.0791556875,4392398.158475053
 02/28  14:00:00,5601310.0207069265,343198.46536708914,180000.0,0.0,1281948.1823505543,3770949.572002379
 02/28  15:00:00,5199758.335272199,355700.3825952875,180000.0,0.0,1299877.527558254,3338966.6241317536
 02/28  16:00:00,5052788.280903299,372320.0835891191,180000.0,0.0,1398488.9262006045,3074473.3064005896
 02/28  17:00:00,4893299.420861835,390738.734190434,180000.0,0.0,1667429.1043161056,2611580.471559733
 02/28  18:00:00,5463059.336532496,468831.36368735414,180000.0,0.0,2172438.9943329906,2556978.920647111
 02/28  19:00:00,5699511.031132822,413014.0630853613,180000.0,0.0,2722272.247369126,2271908.698100308
 02/28  20:00:00,5699810.535222144,409442.252137018,180000.0,0.0,2904553.92364741,2056823.7172423734
 02/28  21:00:00,5428542.853404756,498597.84729176667,180000.0,0.0,2560908.140499825,1980449.9665396856
 02/28  22:00:00,4424630.5688345,0.0,180000.0,0.0,1987169.0938534234,2016784.283742447
 02/28  23:00:00,3189385.7491096314,0.0,180000.0,0.0,1135525.1964876703,1665273.6535484823
 02/28  24:00:00,2285687.841231349,0.0,180000.0,0.0,442257.18178993475,1519024.3446982363
 03/01  01:00:00,1972074.361667491,5731.095288591661,180000.0,0.0,256987.28131036749,1446061.2717193018
 03/01  02:00:00,1831156.4258328401,35111.19499390235,180000.0,0.0,147020.6307031405,1385729.886786567
 03/01  03:00:00,1850524.0608340474,55538.35072706408,180000.0,0.0,147020.6307031405,1384670.3660546131
 03/01  04:00:00,1868997.613835421,69365.73528770471,180000.0,0.0,147020.6307031405,1389316.5344953458
 03/01  05:00:00,1836353.2176797008,160586.82079263852,180000.0,0.0,147020.6307031405,1265451.0528346917
 03/01  06:00:00,2024239.4095682367,216964.32592112655,180000.0,0.0,147020.6307031405,1413256.53133698
 03/01  07:00:00,3435501.5954794004,944737.8629136618,180000.0,0.0,579715.4950489686,1667671.8251858344
 03/01  08:00:00,3842232.502580939,778024.5904563117,180000.0,0.0,717173.8083080023,2105468.446123716
 03/01  09:00:00,4542648.691374018,640302.4161562591,180000.0,0.0,744067.8261195525,2918523.546043323
 03/01  10:00:00,5189961.836049917,556252.0492236192,180000.0,0.0,750044.2745221191,3652964.382439431
 03/01  11:00:00,6554411.344355706,471019.5217014145,180000.0,0.0,1314818.648564671,4548736.572053033
 03/01  12:00:00,12485009.851747438,525997.2312642075,180000.0,0.0,1264018.8371428542,10487832.463769976
 03/01  13:00:00,9012267.97013199,478838.90546807385,180000.0,0.0,1225171.9225261705,7106528.086481424
 03/01  14:00:00,5686871.399250776,395835.63273555995,180000.0,0.0,1213219.0257210373,3877898.4397758846
 03/01  15:00:00,9612866.907828407,455563.8293030807,180000.0,0.0,1222183.698324887,7735201.079182145
 03/01  16:00:00,3806163.687067622,398837.5785990139,180000.0,0.0,711197.3599054357,2494399.692906852
 03/01  17:00:00,3488964.211738787,419055.7175455264,180000.0,0.0,788891.1891388026,2066612.96693195
 03/01  18:00:00,3722851.0416406207,523759.8716728846,180000.0,0.0,971172.8654170866,1980920.3829436598
 03/01  19:00:00,3727405.2362105814,518602.10189534666,180000.0,0.0,1234136.5951300205,1705939.5619219039
 03/01  20:00:00,4599505.07090316,545029.6197802405,180000.0,0.0,2082792.2682944904,1673984.1313566912
 03/01  21:00:00,9570302.642285343,734989.7158329416,180000.0,0.0,2701354.6779601425,5789179.576431826
 03/01  22:00:00,9297030.759887315,189000.06710719893,180000.0,0.0,2265073.9445727738,6472827.511214535
 03/01  23:00:00,2648063.5511342147,220152.52589749382,180000.0,0.0,782914.7407362359,1300217.6124400515
 03/01  24:00:00,2127907.356097459,348074.5386147759,180000.0,0.0,294638.90624653763,1191116.3690404608
 03/02  01:00:00,2015019.085249208,455140.38526389876,180000.0,0.0,147020.6307031405,1149563.3559329386
 03/02  02:00:00,2094464.5028705616,542766.6338831778,180000.0,0.0,147020.6307031405,1141382.5249350131
 03/02  03:00:00,2168705.88874352,625188.850754061,180000.0,0.0,147020.6307031405,1133201.6939370881
 03/02  04:00:00,2271493.450518003,716208.9338218409,180000.0,0.0,147020.6307031405,1144969.172643792
 03/02  05:00:00,2427932.7127016406,801035.7881848894,180000.0,0.0,147020.6307031405,1216581.580464381
 03/02  06:00:00,2607210.4551402302,856972.1544333193,180000.0,0.0,147020.6307031405,1356219.7483967813
 03/02  07:00:00,3680509.7510113856,1698099.8908337667,180000.0,0.0,147020.6307031405,1592012.8171435422
 03/02  08:00:00,3937072.1736593377,1403997.4389641155,180000.0,0.0,289558.9251043559,2001950.1518979575
 03/02  09:00:00,4993846.432136636,1091500.1569188777,180000.0,0.0,744067.8261195525,2918523.546043323
 03/02  10:00:00,5526984.867096035,893275.0802697374,180000.0,0.0,750044.2745221191,3652964.382439431
 03/02  11:00:00,6006830.983039742,746820.5981638301,180000.0,0.0,1169142.718752108,3871031.064087215
 03/02  12:00:00,5904853.029861191,622155.7292946867,180000.0,0.0,1264018.8371428542,3811517.1438532495
 03/02  13:00:00,5781301.275591741,523028.62230199995,180000.0,0.0,1225171.9225261705,3831371.675107249
 03/02  14:00:00,4944786.051004346,413748.4719841902,180000.0,0.0,1080243.0487639285,3250876.2292379336
 03/02  15:00:00,4024450.739398186,381223.10292839585,180000.0,0.0,684303.3420938856,2759005.9933576104
 03/02  16:00:00,3970061.7679287707,376974.0901119894,180000.0,0.0,851643.8973657528,2539714.724794708
 03/02  17:00:00,4410670.845986825,436259.87658509443,180000.0,0.0,1434347.6166160046,2325659.0146632176
 03/02  18:00:00,4885805.110243691,598945.3835281269,180000.0,0.0,1795922.744971289,2243939.0601372863
 03/02  19:00:00,5180720.175952188,610665.4371506784,180000.0,0.0,2321850.2043971578,1979477.5571410412
 03/02  20:00:00,5473411.557505446,653755.412832785,180000.0,0.0,2728248.695771693,1793708.3974292304
 03/02  21:00:00,5590916.833840839,799048.7402568108,180000.0,0.0,2701354.6779601425,1745734.7435634513
 03/02  22:00:00,4397343.243878572,202047.1681597199,180000.0,0.0,2265073.9445727738,1560092.8941532704
 03/02  23:00:00,3517660.5938470885,339921.68986677204,180000.0,0.0,1416418.2714083046,1416541.960511578
 03/02  24:00:00,2781630.7103942325,455240.65091102576,180000.0,0.0,741079.6019182691,1291232.9153692531
 03/03  01:00:00,2335847.4478653194,533267.5205189743,180000.0,0.0,312269.42903410934,1227015.7849630057
 03/03  02:00:00,2213873.076257406,582838.4917875031,180000.0,0.0,192889.8721928398,1174849.9989278326
 03/03  03:00:00,2164995.717198471,609046.8133150974,180000.0,0.0,147020.6307031405,1147444.31446903
 03/03  04:00:00,2178671.9460850847,622560.3387997674,180000.0,0.0,147020.6307031405,1147607.0178709736
 03/03  05:00:00,2255868.4349655844,628971.5104488332,180000.0,0.0,147020.6307031405,1216581.580464381
 03/03  06:00:00,2395249.4860435063,630525.1482323809,180000.0,0.0,147020.6307031405,1356219.7483967813
 03/03  07:00:00,3400047.5538478633,1401340.9019280036,180000.0,0.0,147020.6307031405,1592012.8171435422
 03/03  08:00:00,4267288.984480519,1076356.6587454912,180000.0,0.0,717173.8083080023,2219517.577267929
 03/03  09:00:00,5523542.706542967,812066.213654017,180000.0,0.0,1341712.6663762212,3124576.6595437666
 03/03  10:00:00,5852647.910464507,656610.9100959187,180000.0,0.0,1202760.2410165458,3758954.12021124
 03/03  11:00:00,5179731.752112294,459386.398317993,180000.0,0.0,732114.929314419,3764772.3131672395
 03/03  12:00:00,4366968.835269676,329254.68067682616,180000.0,0.0,286570.7009030726,3542171.379481348
 03/03  13:00:00,4071528.7757813907,222901.83605161562,180000.0,0.0,147020.6307031405,3499877.2533703134
 03/03  14:00:00,4077581.304135847,127827.64638418998,180000.0,0.0,681315.1178926023,3068520.23884076
 03/03  15:00:00,3728400.066075497,28135.646665507225,180000.0,0.0,684303.3420938856,2816042.7762978096
 03/03  16:00:00,3432561.763821986,25235.655353378057,180000.0,0.0,711197.3599054357,2494399.692906852
 03/03  17:00:00,4944790.540987925,122021.51902339325,180000.0,0.0,1272983.5097467043,3335381.1740953196
 03/03  18:00:00,11442300.053702429,481388.74469098786,180000.0,0.0,1795922.744971289,8916179.887795137
 03/03  19:00:00,6539785.175497977,333962.98564740666,180000.0,0.0,2321850.2043971578,3617055.7628281293
 03/03  20:00:00,5093975.804496341,283373.43301381427,180000.0,0.0,2728248.695771693,1793708.3974292304
 03/03  21:00:00,5181547.068680523,404165.01220070926,180000.0,0.0,2701354.6779601425,1745734.7435634513
 03/03  22:00:00,5099770.785934248,0.0,180000.0,0.0,2265073.9445727738,2477242.886834853
 03/03  23:00:00,2274662.5939652054,47071.64814500061,180000.0,0.0,623343.5683877054,1270333.233200227
 03/03  24:00:00,1761388.7491644993,169789.40788691802,180000.0,0.0,147020.6307031405,1157744.1869308634
 03/04  01:00:00,1811457.0918050238,251578.39181971477,180000.0,0.0,147020.6307031405,1149563.3559329386
 03/04  02:00:00,1866089.0723961531,314391.2034087694,180000.0,0.0,147020.6307031405,1141382.5249350131
 03/04  03:00:00,1911767.3883799023,370061.10502847045,180000.0,0.0,147020.6307031405,1133201.6939370881
 03/04  04:00:00,1965781.0106744943,412307.2486163588,180000.0,0.0,147020.6307031405,1144969.172643792
 03/04  05:00:00,2068317.3453033068,441420.4207865554,180000.0,0.0,147020.6307031405,1216581.580464381
 03/04  06:00:00,2309240.645405313,459729.44324077707,180000.0,0.0,218439.1891138124,1369588.0543395202
 03/04  07:00:00,3955204.3679926754,1192173.972969866,180000.0,0.0,797855.8617426527,1705501.3292069803
 03/04  08:00:00,4155942.439568607,902999.1982776542,180000.0,0.0,859114.4578689612,2139587.843262895
 03/04  09:00:00,4530273.526164637,622494.987032799,180000.0,0.0,744067.8261195525,2918523.546043323
 03/04  10:00:00,5141601.75196323,504270.45586087793,180000.0,0.0,750044.2745221191,3652964.382439431
 03/04  11:00:00,4448582.990000024,454950.48867737723,180000.0,0.0,147020.6307031405,3623153.759306865
 03/04  12:00:00,4263955.769580688,404499.1635900273,180000.0,0.0,147020.6307031405,3503463.901079093
 03/04  13:00:00,4193440.8449512264,344813.9052214515,180000.0,0.0,147020.6307031405,3499877.2533703134
 03/04  14:00:00,3555469.8437315086,307102.9497786128,180000.0,0.0,147020.6307031405,2901427.962231461
 03/04  15:00:00,3545358.3888466647,249173.44642003454,180000.0,0.0,415661.9863985131,2680604.655009823
 03/04  16:00:00,6048814.072330205,235621.33668031066,180000.0,0.0,711197.3599054357,4900266.320088139
 03/04  17:00:00,10063465.046061814,443243.72912020225,180000.0,0.0,788891.1891388026,8616925.789680302
 03/04  18:00:00,5903789.154601494,523461.9920641667,180000.0,0.0,1383547.805194188,3747970.681098124
 03/04  19:00:00,4993058.55469268,424814.5705291984,180000.0,0.0,2321850.2043971578,1979477.5571410412
 03/04  20:00:00,5285997.926862815,475395.55538028816,180000.0,0.0,2728248.695771693,1793708.3974292304
 03/04  21:00:00,3944524.495051368,648592.8029897475,180000.0,0.0,1425382.9440121546,1540256.1130932467
 03/04  22:00:00,3050648.9668223183,109570.04114163126,180000.0,0.0,1204254.3531171873,1379370.6180368795
 03/04  23:00:00,2658829.6918760827,241783.19446752185,180000.0,0.0,782914.7407362359,1300217.6124400515
 03/04  24:00:00,1961317.0548642785,369717.71358669735,180000.0,0.0,147020.6307031405,1157744.1869308634
 03/05  01:00:00,2020131.97816551,460253.27818020096,180000.0,0.0,147020.6307031405,1149563.3559329386
 03/05  02:00:00,2086286.7991916554,534588.9302042715,180000.0,0.0,147020.6307031405,1141382.5249350131
 03/05  03:00:00,2134924.9830167023,591407.9450272436,180000.0,0.0,147020.6307031405,1133201.6939370881
 03/05  04:00:00,2187235.266042513,631950.7493463501,180000.0,0.0,147020.6307031405,1144969.172643792
 03/05  05:00:00,2309397.885215475,663059.2030145869,180000.0,0.0,153594.72394596384,1229449.2449056946
 03/05  06:00:00,2604659.5441824314,684847.5147686986,180000.0,0.0,289857.7475244843,1382956.360282259
 03/05  07:00:00,3962159.4736092812,1471395.7410435425,180000.0,0.0,579715.4950489686,1667671.8251858344
 03/05  08:00:00,4588826.907216153,1172498.901691249,180000.0,0.0,1001055.10742992,2173707.2404020745
 03/05  09:00:00,5515696.305886487,870738.9173745051,180000.0,0.0,1341712.6663762212,3063489.8190808785
 03/05  10:00:00,5695590.356351171,689410.1000140486,180000.0,0.0,1051854.918851737,3723624.207620637
 03/05  11:00:00,5270493.286541307,553769.4420230596,180000.0,0.0,732114.929314419,3764772.3131672395
 03/05  12:00:00,4491723.746876519,455820.34692169784,180000.0,0.0,286570.7009030726,3542171.3794813487
 03/05  13:00:00,4911067.480458458,356452.28461798356,180000.0,0.0,687291.566295169,3665594.573888985
 03/05  14:00:00,4056084.4877465265,281677.52094456,180000.0,0.0,547741.4960952369,3026747.1696884357
 03/05  15:00:00,3514970.2571383156,218785.31471168497,180000.0,0.0,415661.9863985131,2680604.655009823
 03/05  16:00:00,4341714.112702832,191341.7268415289,180000.0,0.0,1272983.5097467043,2675659.8204582776
 03/05  17:00:00,4205461.1655358225,284012.48681541596,180000.0,0.0,1434347.6166160046,2272696.723981893
 03/05  18:00:00,4744450.112105619,461664.8776489294,180000.0,0.0,1795922.744971289,2239864.5678784116
 03/05  19:00:00,3692985.3272938067,484182.19297857163,180000.0,0.0,1234136.5951300205,1705939.5619219039
 03/05  20:00:00,5321486.0662820125,533290.6210138275,180000.0,0.0,2082792.2682944904,2407704.125501957
 03/05  21:00:00,5624619.370110612,649321.2779902674,180000.0,0.0,2701354.6779601425,1929164.7420997676
 03/05  22:00:00,4325177.280429395,72844.42177034363,180000.0,0.0,2265073.9445727738,1617129.6770934693
 03/05  23:00:00,2837646.9765141797,222278.98159155983,180000.0,0.0,941290.623404253,1329298.6994579332
 03/05  24:00:00,2318594.3260182263,357771.0508825492,180000.0,0.0,442257.18178993475,1224488.5511500582
 03/06  01:00:00,2010948.5787802776,451069.8787949688,180000.0,0.0,147020.6307031405,1149563.3559329386
 03/06  02:00:00,2084833.3168172478,533135.4478298639,180000.0,0.0,147020.6307031405,1141382.5249350131
 03/06  03:00:00,2137518.254046824,594001.2160573652,180000.0,0.0,147020.6307031405,1133201.6939370881
 03/06  04:00:00,2199520.2326515354,644235.7159553727,180000.0,0.0,147020.6307031405,1144969.172643792
 03/06  05:00:00,2318073.8121636505,691176.8876468991,180000.0,0.0,147020.6307031405,1216581.580464381
 03/06  06:00:00,2477720.269945615,727481.969238704,180000.0,0.0,147020.6307031405,1356219.7483967813
 03/06  07:00:00,3508594.084303163,1526184.2241255445,180000.0,0.0,147020.6307031405,1592012.8171435422
 03/06  08:00:00,3921941.654514315,1211822.527342624,180000.0,0.0,432097.2195055714,2036456.24997321
 03/06  09:00:00,4784955.15321193,882608.8779941715,180000.0,0.0,744067.8261195525,2918523.546043323
 03/06  10:00:00,5472479.4743723525,652534.4527906423,180000.0,0.0,900949.5966869281,3688294.295030034
 03/06  11:00:00,5756284.894269432,496274.50939352106,180000.0,0.0,1169142.7187521078,3871031.064087216
 03/06  12:00:00,5653275.013660945,370577.7130944405,180000.0,0.0,1264018.8371428542,3811517.1438532495
 03/06  13:00:00,5529674.541657656,271401.8883679149,180000.0,0.0,1225171.9225261705,3831371.675107249
 03/06  14:00:00,4500541.527387566,201289.77741704247,180000.0,0.0,947267.0718068199,3152066.37714541
 03/06  15:00:00,3966916.9828383317,150405.2890729709,180000.0,0.0,818773.431151636,2797819.9615954305
 03/06  16:00:00,4274100.490153603,123728.1042923003,180000.0,0.0,1272983.5097467043,2675659.8204582776
 03/06  17:00:00,4142588.540372215,221139.86165180846,180000.0,0.0,1434347.6166160046,2272696.723981893
 03/06  18:00:00,4686527.89398148,403742.6595247901,180000.0,0.0,1795922.744971289,2239864.5678784116
 03/06  19:00:00,4979649.782321921,409595.0435204114,180000.0,0.0,2321850.2043971578,1979477.5571410412
 03/06  20:00:00,5276495.2617093865,456839.1170367253,180000.0,0.0,2728248.695771693,1793708.3974292304
 03/06  21:00:00,5413710.810843475,621842.7172594464,180000.0,0.0,2701354.6779601425,1745734.7435634513
 03/06  22:00:00,3070158.940322579,116404.7321757047,180000.0,0.0,1204254.3531171873,1379370.6180368795
 03/06  23:00:00,2501288.953006852,261834.18840725825,180000.0,0.0,623941.213227962,1270734.8793111984
 03/06  24:00:00,1994420.01648622,395577.6566565315,180000.0,0.0,147020.6307031405,1157744.1869308634
 03/07  01:00:00,2040522.5858876333,480643.88590232434,180000.0,0.0,147020.6307031405,1149563.3559329386
 03/07  02:00:00,2108938.722891071,557240.853903687,180000.0,0.0,147020.6307031405,1141382.5249350131
 03/07  03:00:00,2161130.5604846403,617613.5224951815,180000.0,0.0,147020.6307031405,1133201.6939370881
 03/07  04:00:00,2220362.875574573,665078.3588784107,180000.0,0.0,147020.6307031405,1144969.172643792
 03/07  05:00:00,2330703.053392962,703806.1288762108,180000.0,0.0,147020.6307031405,1216581.580464381
 03/07  06:00:00,2484224.066916379,733985.7662094681,180000.0,0.0,147020.6307031405,1356219.7483967813
 03/07  07:00:00,4012512.0273739956,1519955.360287486,180000.0,0.0,581508.4295697386,1667671.8251858342
 03/07  08:00:00,4945379.931331109,1176931.8324059295,180000.0,0.0,1284936.4065518377,2241946.034680433
 03/07  09:00:00,6032904.055516009,842102.230969557,180000.0,0.0,1042890.2462478868,3908156.6752436827
 03/07  10:00:00,9383394.589757912,706239.970063238,180000.0,0.0,750044.2745221191,7696409.215307806
 03/07  11:00:00,12653037.022236824,661618.301160005,180000.0,0.0,1314818.648564671,10456763.470475558
 03/07  12:00:00,12365933.789865898,532923.6665510413,180000.0,0.0,1264018.8371428542,10361829.966601603
 03/07  13:00:00,12234880.99148937,426295.5154512793,180000.0,0.0,1225171.9225261705,10381684.4978556
 03/07  14:00:00,10068866.229748916,333548.77130477934,180000.0,0.0,681315.1178926023,8854084.03953324
 03/07  15:00:00,3771909.8426313316,128682.20616154149,180000.0,0.0,684303.3420938856,2759005.9933576104
 03/07  16:00:00,3869739.984883279,90890.73771832403,180000.0,0.0,992090.43482607,2585029.756682565
 03/07  17:00:00,4108443.428641011,186994.74992060533,180000.0,0.0,1434347.6166160046,2272696.723981893
 03/07  18:00:00,5571925.036741206,371989.8096029341,180000.0,0.0,1795922.744971289,3157014.560559994
 03/07  19:00:00,4948176.69510141,378121.9562999011,180000.0,0.0,2321850.2043971578,1979477.5571410412
 03/07  20:00:00,5233360.085235371,413703.94056271,180000.0,0.0,2728248.695771693,1793708.3974292304
 03/07  21:00:00,4633768.05607418,582625.144699248,180000.0,0.0,2063368.8109861487,1642995.428328349
 03/07  22:00:00,3038044.633019318,84290.42487244349,180000.0,0.0,1204254.3531171873,1379370.6180368795
 03/07  23:00:00,2268100.3460020297,217101.84203956323,180000.0,0.0,464967.6857196882,1241252.1461823452
 03/07  24:00:00,1954169.6436878673,355327.28385817865,180000.0,0.0,147020.6307031405,1157744.1869308634
 03/08  01:00:00,1996610.466371721,436731.76638641173,180000.0,0.0,147020.6307031405,1149563.3559329386
 03/08  02:00:00,2057703.5183468915,506005.6493595077,180000.0,0.0,147020.6307031405,1141382.5249350131
 03/08  03:00:00,2106887.685691761,563370.647702302,180000.0,0.0,147020.6307031405,1133201.6939370881
 03/08  04:00:00,2162984.359669202,607699.8429730396,180000.0,0.0,147020.6307031405,1144969.172643792
 03/08  05:00:00,2278083.077061229,651186.1525444777,180000.0,0.0,147020.6307031405,1216581.580464381
 03/08  06:00:00,2544703.8403038178,652641.8923032968,180000.0,0.0,218439.1891138124,1426624.837279719
 03/08  07:00:00,3434444.2122900346,1452034.3521124164,180000.0,0.0,147020.6307031405,1592012.8171435422
 03/08  08:00:00,3486183.910798865,1130153.568580111,180000.0,0.0,147020.6307031405,1967444.0538227046
 03/08  09:00:00,4316846.865758194,785507.324767419,180000.0,0.0,445544.2284113465,2846040.409524545
 03/08  10:00:00,5180055.2392606195,546345.4524343224,180000.0,0.0,750044.2745221191,3652964.382439431
 03/08  11:00:00,5467928.862225022,389013.9908016659,180000.0,0.0,1023466.7889395449,3835611.4804472234
 03/08  12:00:00,6451607.556811299,251760.26356321236,180000.0,0.0,1264018.8371428542,4728667.1365348315
 03/08  13:00:00,5415136.409583147,156863.75629340528,180000.0,0.0,1225171.9225261705,3831371.675107249
 03/08  14:00:00,4860109.573313283,36223.75951679077,180000.0,0.0,1213219.0257210373,3410748.48705716
 03/08  15:00:00,4458537.5465778485,0.0,180000.0,0.0,1222183.698324887,3036435.5472346675
 03/08  16:00:00,4150372.3858613027,0.0,180000.0,0.0,1272983.5097467043,2675659.8204582776
 03/08  17:00:00,3977474.7150870017,56026.036366595436,180000.0,0.0,1434347.6166160046,2272696.723981893
 03/08  18:00:00,4620062.715177842,223228.3495769396,180000.0,0.0,1795922.744971289,2353913.6990226246
 03/08  19:00:00,3556049.8679521354,225073.0527111237,180000.0,0.0,1234136.5951300205,1828113.242847681
 03/08  20:00:00,3653539.027125723,364244.2695525449,180000.0,0.0,1437335.840817288,1554259.865284152
 03/08  21:00:00,3809581.039509713,499163.3103438782,180000.0,0.0,1425382.9440121546,1540256.1130932467
 03/08  22:00:00,2957994.8290464007,4240.620899526544,180000.0,0.0,1204254.3531171873,1379370.6180368795
 03/08  23:00:00,2506223.9718614668,78312.9466247458,180000.0,0.0,782914.7407362359,1300217.6124400515
 03/08  24:00:00,1793182.0506463493,194339.69081666062,180000.0,0.0,147020.6307031405,1157744.1869308634
 03/09  01:00:00,1822637.1511505784,262758.4511652693,180000.0,0.0,147020.6307031405,1149563.3559329386
 03/09  02:00:00,1863608.2025991217,311910.3336117377,180000.0,0.0,147020.6307031405,1141382.5249350131
 03/09  03:00:00,1894233.4905056,350716.45251614123,180000.0,0.0,147020.6307031405,1133201.6939370881
 03/09  04:00:00,1932099.5484869462,376815.0317907836,180000.0,0.0,147020.6307031405,1144969.172643792
 03/09  05:00:00,2020810.9872518443,393914.0627350926,180000.0,0.0,147020.6307031405,1216581.580464381
 03/09  06:00:00,2152011.850353419,401773.5496465077,180000.0,0.0,147020.6307031405,1356219.7483967813
 03/09  07:00:00,3098292.7179814205,1115882.8578038025,180000.0,0.0,147020.6307031405,1592012.8171435422
 03/09  08:00:00,3212599.617554251,856569.2753354965,180000.0,0.0,147020.6307031405,1967444.0538227046
 03/09  09:00:00,4495445.673065741,536062.6149077837,180000.0,0.0,744067.8261195525,2975560.328983522
 03/09  10:00:00,5697774.926743688,319124.2008957417,180000.0,0.0,1353665.5631813547,3794284.0328018432
 03/09  11:00:00,6511096.914355727,152841.02334567855,180000.0,0.0,1314818.648564671,4823600.64040879
 03/09  12:00:00,5225142.273618297,32444.973051791465,90000.0,0.0,1264018.8371428542,3811517.1438532495
 03/09  13:00:00,4726443.924565108,0.0,0.0,0.0,956231.7444106697,3748483.124498117
 03/09  14:00:00,4294000.796079957,0.0,0.0,0.0,1080243.0487639285,3193839.4462977345
 03/09  15:00:00,4161265.00173134,10112.975735709666,54023.086494916206,0.0,1087713.6092671368,2989497.0292152837
 03/09  16:00:00,4172180.012902759,2881.214596119623,194851.92018646176,0.0,1272983.5097467043,2679734.3127171523
 03/09  17:00:00,2433942.7575790565,0.0,180000.0,0.0,307488.270312056,1912050.1491444928
 03/09  18:00:00,2162622.0397380376,46627.289418999615,180000.0,0.0,147020.6307031405,1721976.1980089084
 03/09  19:00:00,2644612.339035132,116909.58641505247,180000.0,0.0,690578.6129165805,1568397.1624401882
 03/09  20:00:00,3107794.9478735058,200956.07104003197,180000.0,0.0,1114757.0382887512,1494382.7870729845
 03/09  21:00:00,3658490.222808286,348072.4936424516,180000.0,0.0,1425382.9440121546,1540256.1130932467
 03/09  22:00:00,2025287.2092490457,0.0,180000.0,0.0,411329.06130665215,1243828.910949586
 03/09  23:00:00,2448375.239542693,20464.214305972095,180000.0,0.0,782914.7407362359,1300217.6124400515
 03/09  24:00:00,2002132.9321376309,131804.88582845055,180000.0,0.0,368448.0440182362,1207802.4600952594
 03/10  01:00:00,1791309.728312019,231431.02832671005,180000.0,0.0,147020.6307031405,1149563.3559329386
 03/10  02:00:00,1845418.8537841614,293720.98479677766,180000.0,0.0,147020.6307031405,1141382.5249350131
 03/10  03:00:00,1894173.6734902374,352467.3901388055,180000.0,0.0,147020.6307031405,1133201.6939370881
 03/10  04:00:00,1954330.3754753864,400856.6134172507,180000.0,0.0,147020.6307031405,1144969.172643792
 03/10  05:00:00,2062238.6468799622,435341.72236321075,180000.0,0.0,147020.6307031405,1216581.580464381
 03/10  06:00:00,2216053.379852188,451329.0420410626,180000.0,0.0,147020.6307031405,1356219.7483967813
 03/10  07:00:00,3684616.2657581004,1120518.958509922,180000.0,0.0,579715.4950489686,1724708.6081260333
 03/10  08:00:00,4806199.832208388,819536.5967721697,180000.0,0.0,859114.4578689612,2873307.837408161
 03/10  09:00:00,4596028.101963853,504819.5642956991,180000.0,0.0,744067.8261195525,3101953.5445796396
 03/10  10:00:00,4939319.308087096,301988.0119847434,180000.0,0.0,750044.2745221191,3652964.382439431
 03/10  11:00:00,4896155.694807611,175810.34101331065,180000.0,0.0,732114.929314419,3764772.3131672395
 03/10  12:00:00,4650137.6455631,77650.84516368911,180000.0,0.0,705220.911502869,3658293.8146881144
 03/10  13:00:00,3858532.473606333,9905.533876558098,180000.0,0.0,147020.6307031405,3499877.2533703134
 03/10  14:00:00,3248366.893952896,0.0,180000.0,0.0,147020.6307031405,2901427.962231461
 03/10  15:00:00,2949142.248383471,0.0,180000.0,0.0,147020.6307031405,2602203.316662036
 03/10  16:00:00,2663495.836158774,0.0,180000.0,0.0,147020.6307031405,2314746.1497993125
 03/10  17:00:00,2221954.1787076555,0.0,180000.0,0.0,147020.6307031405,1860529.209882007
 03/10  18:00:00,2275827.411482583,158021.90652551793,180000.0,0.0,147020.6307031405,1721976.1980089084
 03/10  19:00:00,2737005.2331674853,211113.23518543295,180000.0,0.0,690578.6129165805,1568397.1624401882
 03/10  20:00:00,3536715.6976542855,256474.71327124152,180000.0,0.0,1437335.840817288,1554259.865284152
 03/10  21:00:00,2942359.918268133,388348.6980961213,180000.0,0.0,786201.7873576476,1437516.7978581442
 03/10  22:00:00,1703122.9271502492,0.0,180000.0,0.0,147020.6307031405,1198648.3419204883
 03/10  23:00:00,1680852.2171853366,17630.76232528474,180000.0,0.0,147020.6307031405,1182286.6799246387
 03/10  24:00:00,1696188.820333132,104589.47905555055,180000.0,0.0,147020.6307031405,1157744.1869308634
 03/11  01:00:00,1726335.8629838978,174637.9939965139,180000.0,0.0,147020.6307031405,1141382.5249350131
 03/11  02:00:00,1760539.5224408805,218833.23908944844,180000.0,0.0,147020.6307031405,1133201.6939370881
 03/11  03:00:00,1808762.2857456796,255288.5236875441,180000.0,0.0,147020.6307031405,1144969.172643792
 03/11  04:00:00,1907958.8049740219,281061.88045727054,180000.0,0.0,147020.6307031405,1216581.580464381
 03/11  05:00:00,2063420.5960078922,298696.2581967672,180000.0,0.0,147020.6307031405,1356219.7483967813
 03/11  06:00:00,2998153.065263628,999446.4133437685,180000.0,0.0,147020.6307031405,1592012.8171435422
 03/11  07:00:00,4324711.344922464,720572.0853242716,180000.0,0.0,1001055.10742992,2348843.2120091757
 03/11  08:00:00,4557337.2720200475,527385.0519624322,180000.0,0.0,744067.8261195525,3040697.2269691
 03/11  09:00:00,5111796.764331617,474465.46822926507,180000.0,0.0,750044.2745221191,3652964.382439431
 03/11  10:00:00,4374010.806557634,380378.305234987,180000.0,0.0,147020.6307031405,3623153.759306865
 03/11  11:00:00,4011938.4631862333,287481.857195572,45000.0,0.0,147020.6307031405,3503463.901079093
 03/11  12:00:00,3940964.0617282493,158287.99085426156,0.0,0.0,147020.6307031405,3613926.384514526
 03/11  13:00:00,3841052.4791710586,67224.32916052776,0.0,0.0,681315.1178926023,3072594.731099635
 03/11  14:00:00,3474090.869241018,10863.232771227293,0.0,0.0,684303.3420938856,2759005.9933576104
 03/11  15:00:00,3227326.108468608,0.0,0.0,0.0,711197.3599054357,2494399.692906852
 03/11  16:00:00,3315678.5864568334,0.0,0.0,0.0,1111619.4028774034,2169654.8454569215
 03/11  17:00:00,4838315.983239982,0.0,0.0,0.0,1795922.744971289,2973584.562023677
 03/11  18:00:00,4751673.982699798,0.0,180000.0,0.0,2321850.2043971578,2162907.5556773576
 03/11  19:00:00,3302780.387621596,22539.40323855156,180000.0,0.0,1437335.840817288,1554259.865284152
 03/11  20:00:00,4535523.9836556055,128504.51828033957,180000.0,0.0,2382361.7444731453,1694365.0859459
 03/11  21:00:00,3561849.8594666766,0.0,180000.0,0.0,1734664.1488449806,1469731.7560950748
 03/11  22:00:00,2417046.4974085605,0.0,180000.0,0.0,782914.7407362359,1300217.6124400515
 03/11  23:00:00,1591599.3412775814,0.0,180000.0,0.0,147020.6307031405,1157744.1869308634
 03/11  24:00:00,1559878.699985309,0.0,180000.0,0.0,147020.6307031405,1149563.3559329386
 03/12  01:00:00,1551697.8689873838,0.0,180000.0,0.0,147020.6307031405,1141382.5249350131
 03/12  02:00:00,1546253.113117638,2736.0751281794155,180000.0,0.0,147020.6307031405,1133201.6939370881
 03/12  03:00:00,1588936.4856842947,33651.96898813231,180000.0,0.0,147020.6307031405,1144969.172643792
 03/12  04:00:00,1690583.5095135057,63686.58499675449,180000.0,0.0,147020.6307031405,1216581.580464381
 03/12  05:00:00,1838076.3332653858,87838.03255847484,180000.0,0.0,147020.6307031405,1356219.7483967813
 03/12  06:00:00,3315365.12973809,696616.4618149365,180000.0,0.0,688785.6783958107,1686586.5771964074
 03/12  07:00:00,4324722.996981875,556274.8980566955,180000.0,0.0,1284936.4065518377,2241946.034680433
 03/12  08:00:00,5713225.545384774,425982.23254696664,180000.0,0.0,1341712.6663762212,3705775.743406704
 03/12  09:00:00,12320610.216963658,310644.1711989874,135000.0,0.0,1353665.5631813547,10470599.35271857
 03/12  10:00:00,8653657.184482064,117394.87477942188,0.0,0.0,1314818.648564671,7181607.059101382
 03/12  11:00:00,5338920.1126364935,0.0,0.0,0.0,1264018.8371428542,4047739.9559232392
 03/12  12:00:00,5139359.493752629,0.0,0.0,0.0,1225171.9225261705,3892458.5155701376
 03/12  13:00:00,3944502.7038610904,0.0,0.0,0.0,814291.0948497112,3110293.307993085
 03/12  14:00:00,4128896.7716270927,42979.31433702702,276121.7062291353,0.0,953243.5202093864,2836633.9298332506
 03/12  15:00:00,5099342.612824953,142418.8785076352,929514.5655158163,0.0,1272983.5097467043,2732696.6033984763
 03/12  16:00:00,4855243.26822514,148091.28393784323,965703.3055668909,0.0,1434347.6166160046,2272696.723981893
 03/12  17:00:00,4442878.536723224,33715.7404902632,306377.56177627126,0.0,1795922.744971289,2239864.5678784116
 03/12  18:00:00,4585544.555416336,2181.9531881805724,193307.8634266471,0.0,2321850.2043971578,1979477.5571410412
 03/12  19:00:00,4819656.144672661,0.0,180000.0,0.0,2728248.695771693,1793708.3974292304
 03/12  20:00:00,4791868.093584028,0.0,180000.0,0.0,2701354.6779601425,1745734.7435634513
 03/12  21:00:00,4195296.075718853,0.0,180000.0,0.0,2265073.9445727738,1560092.8941532704
 03/12  22:00:00,2990281.9342944175,0.0,180000.0,0.0,1258042.3887402874,1387460.8734936963
 03/12  23:00:00,1598842.3598296887,0.0,180000.0,0.0,147020.6307031405,1157744.1869308634
 03/12  24:00:00,1559878.699985309,0.0,180000.0,0.0,147020.6307031405,1149563.3559329386
 03/13  01:00:00,1551697.8689873838,0.0,180000.0,0.0,147020.6307031405,1141382.5249350131
 03/13  02:00:00,1564206.485637283,20689.4476478244,180000.0,0.0,147020.6307031405,1133201.6939370881
 03/13  03:00:00,1676016.4477623426,120731.93106618022,180000.0,0.0,147020.6307031405,1144969.172643792
 03/13  04:00:00,1842289.9326298146,215393.00811306312,180000.0,0.0,147020.6307031405,1216581.580464381
 03/13  05:00:00,2045449.8112117094,295211.5105047985,180000.0,0.0,147020.6307031405,1356219.7483967813
 03/13  06:00:00,3773315.823328087,1026582.2200475183,180000.0,0.0,797855.8617426527,1705501.3292069803
 03/13  07:00:00,4654728.77220063,886280.6732754505,180000.0,0.0,1284936.4065518377,2241946.034680433
 03/13  08:00:00,4820027.318992764,732028.2654514498,180000.0,0.0,893479.0361837196,2954765.114302712
 03/13  09:00:00,5342350.198888223,522405.1773065133,180000.0,0.0,900949.5966869281,3688294.295030034
 03/13  10:00:00,6895874.146337724,344850.3164563129,180000.0,0.0,732114.929314419,5599072.298530404
 03/13  11:00:00,4980109.620930618,231428.26146795298,180000.0,0.0,844920.3929128654,3696599.646979398
 03/13  12:00:00,5370049.168590946,111776.51530120517,180000.0,0.0,1225171.9225261705,3831371.675107249
 03/13  13:00:00,4664842.692025756,16092.849836366786,180000.0,0.0,1213219.0257210373,3235612.5154500594
 03/13  14:00:00,4336363.865652071,0.0,180000.0,0.0,1222183.698324887,2914261.8663088907
 03/13  15:00:00,4150372.3858613027,0.0,180000.0,0.0,1272983.5097467043,2675659.8204582776
 03/13  16:00:00,3822612.763732833,0.0,180000.0,0.0,1272983.509746704,2335224.91586362
 03/13  17:00:00,3382351.691356401,0.0,180000.0,0.0,971172.8654170866,2164180.9043323253
 03/13  18:00:00,2900948.061634309,32695.118166652566,180000.0,0.0,962357.6040233006,1637168.362181046
 03/13  19:00:00,3829331.973590307,157446.8692422581,180000.0,0.0,1760064.0545558892,1614121.9983204217
 03/13  20:00:00,5197715.360325021,230711.29513389128,180000.0,0.0,2701354.6779601425,1920870.7151705525
 03/13  21:00:00,4317469.75664463,0.0,180000.0,0.0,2265073.9445727738,1682266.5750790476
 03/13  22:00:00,2427911.025236721,0.0,180000.0,0.0,782914.7407362359,1300217.6124400515
 03/13  23:00:00,1647876.1884169478,49033.8285872591,180000.0,0.0,147020.6307031405,1157744.1869308634
 03/13  24:00:00,1733765.2281872595,173886.52820195054,180000.0,0.0,147020.6307031405,1149563.3559329386
 03/14  01:00:00,1813325.6451051522,261627.7761177684,180000.0,0.0,147020.6307031405,1141382.5249350131
 03/14  02:00:00,1857758.1195280012,314241.0815385425,180000.0,0.0,147020.6307031405,1133201.6939370881
 03/14  03:00:00,1908899.8874895158,353615.37079335307,180000.0,0.0,147020.6307031405,1144969.172643792
 03/14  04:00:00,2010966.0695821443,384069.14506539283,180000.0,0.0,147020.6307031405,1216581.580464381
 03/14  05:00:00,2162035.736758367,411797.4360514562,180000.0,0.0,147020.6307031405,1356219.7483967813
 03/14  06:00:00,4023138.1709503685,1144265.4502528645,180000.0,0.0,363368.06287605455,2272128.2454905137
 03/14  07:00:00,10792421.1519995,1051897.9199581493,180000.0,0.0,717173.8083080023,8781783.76604044
 03/14  08:00:00,9766117.79302177,784773.65148322,180000.0,0.0,744067.8261195525,7997521.412364115
 03/14  09:00:00,5800611.692413753,421960.9665658063,180000.0,0.0,1353665.5631813547,3794284.0328018432
 03/14  10:00:00,5691103.168414787,249997.27008632084,180000.0,0.0,1314818.648564671,3906450.6477272073
 03/14  11:00:00,5433883.159738194,151185.8591716887,180000.0,0.0,1264018.8371428542,3811517.1438532495
 03/14  12:00:00,5364370.967163704,106098.31387396331,180000.0,0.0,1225171.9225261705,3831371.675107249
 03/14  13:00:00,4750706.934038299,101957.09184890952,180000.0,0.0,1213219.0257210373,3235612.5154500594
 03/14  14:00:00,4487839.433092542,94438.78450027155,180000.0,0.0,1222183.698324887,2971298.64924909
 03/14  15:00:00,4110080.471716678,145469.6552035487,180000.0,0.0,1132536.972286387,2630344.788570421
 03/14  16:00:00,3286345.1666402817,216436.6724470211,180000.0,0.0,788891.1891388026,2066612.96693195
 03/14  17:00:00,3551651.0351735773,352559.8652058417,180000.0,0.0,971172.8654170866,1980920.3829436598
 03/14  18:00:00,3604092.7204003683,395289.5860851335,180000.0,0.0,1234136.5951300205,1705939.5619219039
 03/14  19:00:00,3772684.0632310817,483389.30565790366,180000.0,0.0,1437335.840817288,1554259.865284152
 03/14  20:00:00,3959525.990261787,649108.2610959522,180000.0,0.0,1425382.9440121546,1540256.1130932467
 03/14  21:00:00,3072565.0636162106,118810.85546933617,180000.0,0.0,1204254.3531171873,1379370.6180368795
 03/14  22:00:00,2310441.2005224074,259442.69655994076,180000.0,0.0,464967.6857196882,1241252.1461823452
 03/14  23:00:00,1973878.6563907864,375036.2965610976,180000.0,0.0,147020.6307031405,1157744.1869308634
 03/14  24:00:00,2011024.4816803434,451145.7816950344,180000.0,0.0,147020.6307031405,1149563.3559329386
 03/15  01:00:00,2069456.4496182553,517758.5806308716,180000.0,0.0,147020.6307031405,1141382.5249350131
 03/15  02:00:00,2116813.6324794427,573296.594489984,180000.0,0.0,147020.6307031405,1133201.6939370881
 03/15  03:00:00,2174367.533855406,619083.0171592433,180000.0,0.0,147020.6307031405,1144969.172643792
 03/15  04:00:00,2287988.588467201,661091.6639504498,180000.0,0.0,147020.6307031405,1216581.580464381
 03/15  05:00:00,2454532.3679720224,704294.0672651114,180000.0,0.0,147020.6307031405,1356219.7483967813
 03/15  06:00:00,3514730.0218783366,1532320.161700718,180000.0,0.0,147020.6307031405,1592012.8171435422
 03/15  07:00:00,4371017.54641602,1306809.6342913925,180000.0,0.0,717173.8083080023,2105468.446123716
 03/15  08:00:00,5020789.3053155355,1118443.030097778,180000.0,0.0,744067.8261195525,2918523.546043323
 03/15  09:00:00,5897263.410174023,891083.1538369007,180000.0,0.0,1051854.918851737,3723624.2076206375
 03/15  10:00:00,6157882.321992805,716776.4236643389,180000.0,0.0,1314818.648564671,3906450.6477272073
 03/15  11:00:00,5888252.425476352,605555.1249098475,180000.0,0.0,1264018.8371428542,3811517.1438532495
 03/15  12:00:00,5895730.833431365,401235.36807163554,180000.0,0.0,1225171.9225261705,4067594.4871772383
 03/15  13:00:00,5797541.263198409,353984.5864008649,180000.0,0.0,1213219.0257210373,4030419.3500582133
 03/15  14:00:00,4883248.381625966,306417.73449737974,180000.0,0.0,1222183.698324887,3154728.647785406
 03/15  15:00:00,4402300.257293103,251927.8714318002,180000.0,0.0,1272983.5097467043,2675659.8204582776
 03/15  16:00:00,4161889.94890214,240441.27018173353,180000.0,0.0,1434347.6166160046,2272696.723981893
 03/15  17:00:00,4706302.577452655,423517.3429959647,180000.0,0.0,1795922.744971289,2239864.5678784116
 03/15  18:00:00,5011935.924075887,441881.18527437706,180000.0,0.0,2321850.2043971578,1979477.5571410412
 03/15  19:00:00,5317071.8879322605,497415.7432595997,180000.0,0.0,2728248.695771693,1793708.3974292304
 03/15  20:00:00,4725888.363043721,674745.451668789,180000.0,0.0,2063368.8109861487,1642995.428328349
 03/15  21:00:00,1882155.1319118922,166356.92229545594,180000.0,0.0,147020.6307031405,1198648.3419204883
 03/15  22:00:00,2006443.9643493884,332357.981661176,180000.0,0.0,147020.6307031405,1182286.6799246387
 03/15  23:00:00,2055392.437015229,456550.0771855402,180000.0,0.0,147020.6307031405,1157744.1869308634
 03/15  24:00:00,2102437.1468874314,542558.4469021221,180000.0,0.0,147020.6307031405,1149563.3559329386
 03/16  01:00:00,2179630.1734847417,611969.6910576536,180000.0,0.0,156209.42012208677,1148156.3489557714
 03/16  02:00:00,2211198.15621554,667681.1182260814,180000.0,0.0,147020.6307031405,1133201.6939370881
 03/16  03:00:00,2265435.0206754818,710150.5039793195,180000.0,0.0,147020.6307031405,1144969.172643792
 03/16  04:00:00,2370734.6842535073,743837.7597367557,180000.0,0.0,147020.6307031405,1216581.580464381
 03/16  05:00:00,2521367.3174219998,771129.0167150889,180000.0,0.0,147020.6307031405,1356219.7483967813
 03/16  06:00:00,3559226.989832614,1576817.1296549956,180000.0,0.0,147020.6307031405,1592012.8171435422
 03/16  07:00:00,3666782.9043999016,1310752.562181147,180000.0,0.0,147020.6307031405,1967444.0538227046
 03/16  08:00:00,4637905.645363951,1049529.321432978,180000.0,0.0,445544.22841134644,2903077.192464744
 03/16  09:00:00,6181815.039531053,803164.3136831064,180000.0,0.0,1353665.5631813547,3794284.0328018432
 03/16  10:00:00,6038643.733859476,597537.8355310096,180000.0,0.0,1314818.648564671,3906450.6477272073
 03/16  11:00:00,5600078.006207449,442423.728660901,180000.0,0.0,1124319.355732858,3826173.6022432903
 03/16  12:00:00,5590782.389189002,264076.7384100248,180000.0,0.0,1090701.83346842,4034274.7616542364
 03/16  13:00:00,4383851.356842546,259348.65298145666,180000.0,0.0,814291.0948497112,3110293.307993085
 03/16  14:00:00,3885802.6147982287,242574.97832843807,180000.0,0.0,684303.3420938856,2759005.9933576104
 03/16  15:00:00,3803833.5837255903,210745.9059088085,180000.0,0.0,851643.8973657528,2539714.724794708
 03/16  16:00:00,3317150.574430173,247242.08023691186,180000.0,0.0,788891.1891388026,2066612.96693195
 03/16  17:00:00,3590049.9592930255,390958.78932529024,180000.0,0.0,971172.8654170866,1980920.3829436598
 03/16  18:00:00,3595695.497418575,386892.3631033404,180000.0,0.0,1234136.5951300205,1705939.5619219039
 03/16  19:00:00,5227164.636033847,407508.49136118556,180000.0,0.0,2728248.695771693,1793708.3974292304
 03/16  20:00:00,5314316.919450765,522448.8258667365,180000.0,0.0,2701354.6779601425,1745734.7435634513
 03/16  21:00:00,4207221.050097241,11924.974378388459,180000.0,0.0,2265073.9445727738,1560092.8941532704
 03/16  22:00:00,2911032.266224251,108207.30161573281,180000.0,0.0,1099666.5060722702,1358379.7864758149
 03/16  23:00:00,2013305.1558490251,233472.338366342,180000.0,0.0,294638.90624653763,1191116.3690404608
 03/16  24:00:00,1874589.8617562084,314711.16177089943,180000.0,0.0,147020.6307031405,1149563.3559329386
 03/17  01:00:00,1931455.159679424,379757.2906920401,180000.0,0.0,147020.6307031405,1141382.5249350131
 03/17  02:00:00,1970550.587012456,428844.3036610239,180000.0,0.0,147020.6307031405,1133201.6939370881
 03/17  03:00:00,2020275.256641734,466801.49458359845,180000.0,0.0,147020.6307031405,1144969.172643792
 03/17  04:00:00,2122253.5304699033,495356.6059531518,180000.0,0.0,147020.6307031405,1216581.580464381
 03/17  05:00:00,2279632.145498886,514907.80768776056,180000.0,0.0,147020.6307031405,1356219.7483967813
 03/17  06:00:00,3269662.223655494,1270955.5717356347,180000.0,0.0,147020.6307031405,1592012.8171435422
 03/17  07:00:00,3413169.0551321283,1044463.430447187,180000.0,0.0,147020.6307031405,1967444.0538227046
 03/17  08:00:00,5494391.714239299,844002.0618132376,180000.0,0.0,1341712.6663762212,3063489.8190808785
 03/17  09:00:00,5692740.047719546,682938.28210637,180000.0,0.0,1051854.918851737,3723624.207620637
 03/17  10:00:00,5280361.284785321,560015.9309910205,180000.0,0.0,732114.929314419,3764772.3131672395
 03/17  11:00:00,5509745.676885563,403242.9353823124,180000.0,0.0,1124319.355732858,3773211.3115619654
 03/17  12:00:00,4637413.421219001,259295.28940620105,180000.0,0.0,552223.8323971619,3624165.243759317
 03/17  13:00:00,3407482.3918744843,159115.49792158836,180000.0,0.0,147020.6307031405,2901427.962231461
 03/17  14:00:00,3203530.5586768175,80866.96327176684,180000.0,0.0,281341.30855082674,2641403.9858359294
 03/17  15:00:00,9133136.876660887,44787.72963681519,180000.0,0.0,711197.3599054357,8175422.731462315
 03/17  16:00:00,8019420.81092262,36777.69966809542,180000.0,0.0,788891.1891388026,6979347.583993214
 03/17  17:00:00,3309955.808307784,109053.8837020216,180000.0,0.0,971172.8654170866,1980920.3829436598
 03/17  18:00:00,4815533.730218785,72153.77444820112,180000.0,0.0,2321850.2043971578,2154613.5287481425
 03/17  19:00:00,5046276.490907641,113500.43849933779,180000.0,0.0,2728248.695771693,1915882.0783550073
 03/17  20:00:00,5100633.905356573,323251.8488767599,180000.0,0.0,2701354.6779601425,1745734.7435634513
 03/17  21:00:00,2941078.925680687,0.0,180000.0,0.0,1204254.3531171873,1379370.6180368795
 03/17  22:00:00,2228590.236771433,0.0,180000.0,0.0,623941.213227962,1270734.8793111984
 03/17  23:00:00,1666212.210431449,74612.86915386748,180000.0,0.0,147020.6307031405,1157744.1869308634
 03/17  24:00:00,1724980.0546014265,165101.35461611743,180000.0,0.0,147020.6307031405,1149563.3559329386
 03/18  01:00:00,1774889.965976228,223192.09698884416,180000.0,0.0,147020.6307031405,1141382.5249350131
 03/18  02:00:00,1810739.0617660608,269032.77841462864,180000.0,0.0,147020.6307031405,1133201.6939370881
 03/18  03:00:00,1857626.906014938,304153.1439568023,180000.0,0.0,147020.6307031405,1144969.172643792
 03/18  04:00:00,1956505.9165738504,329608.992057099,180000.0,0.0,147020.6307031405,1216581.580464381
 03/18  05:00:00,2117225.203536571,352500.86572544643,180000.0,0.0,147020.6307031405,1356219.7483967813
 03/18  06:00:00,3069536.5946315024,1070829.9427116427,180000.0,0.0,147020.6307031405,1592012.8171435422
 03/18  07:00:00,3594071.3596972693,871276.9500593913,180000.0,0.0,432097.2195055714,2036456.24997321
 03/18  08:00:00,4623373.864329741,715595.3251979031,180000.0,0.0,744067.8261195525,2918523.546043323
 03/18  09:00:00,4888138.665891283,622979.0168796268,180000.0,0.0,448532.4526126298,3582304.557258224
 03/18  10:00:00,4551315.834945684,557683.3336230367,180000.0,0.0,147020.6307031405,3623153.759306865
 03/18  11:00:00,4344827.367368105,485370.7613774441,180000.0,0.0,147020.6307031405,3503463.901079093
 03/18  12:00:00,4615305.912098721,413684.84431359527,180000.0,0.0,417156.0984991547,3582735.913629649
 03/18  13:00:00,3624549.80990358,376182.9159506844,180000.0,0.0,147020.6307031405,2901427.962231461
 03/18  14:00:00,3490569.4892071467,367905.8938020959,180000.0,0.0,281341.30855082674,2641403.9858359294
 03/18  15:00:00,3766684.818728712,359358.71026010416,180000.0,0.0,711197.3599054357,2494399.692906852
 03/18  16:00:00,3448277.147168337,378368.6529750764,180000.0,0.0,788891.1891388026,2066612.96693195
 03/18  17:00:00,4192381.1397354114,449632.1828851719,180000.0,0.0,1383547.805194188,2110392.4754110356
 03/18  18:00:00,4959830.702738415,391586.71857493353,180000.0,0.0,2321850.2043971578,1979477.5571410412
 03/18  19:00:00,5200000.949043638,389398.5775611113,180000.0,0.0,2728248.695771693,1793708.3974292304
 03/18  20:00:00,5256402.953749325,479020.8972695115,180000.0,0.0,2701354.6779601425,1745734.7435634513
 03/18  21:00:00,3561849.8594666766,0.0,180000.0,0.0,1734664.1488449806,1469731.7560950748
 03/18  22:00:00,2469462.368114597,52415.87070603669,180000.0,0.0,782914.7407362359,1300217.6124400515
 03/18  23:00:00,2099338.106834165,145757.850250594,180000.0,0.0,442257.18178993475,1224488.5511500582
 03/18  24:00:00,1896675.922957685,215209.31956584868,180000.0,0.0,229495.61865856074,1188676.2713840457
 03/19  01:00:00,1828368.862661406,276670.99367402215,180000.0,0.0,147020.6307031405,1141382.5249350131
 03/19  02:00:00,1875312.2872296192,331795.24924016045,180000.0,0.0,147020.6307031405,1133201.6939370881
 03/19  03:00:00,1932247.6362935451,376963.11959738255,180000.0,0.0,147020.6307031405,1144969.172643792
 03/19  04:00:00,2049018.3185275653,422121.394010814,180000.0,0.0,147020.6307031405,1216581.580464381
 03/19  05:00:00,2208559.556606521,458321.25589960994,180000.0,0.0,147020.6307031405,1356219.7483967813
 03/19  06:00:00,3238642.213166549,1199195.570048732,180000.0,0.0,147020.6307031405,1649049.6000837414
 03/19  07:00:00,4245723.834571515,1005455.8757467502,180000.0,0.0,859114.4578689612,2139587.8432628955
 03/19  08:00:00,9569805.643747814,881403.4223674564,180000.0,0.0,1341712.6663762212,7106934.651949253
 03/19  09:00:00,11032587.214163058,741201.8712538448,180000.0,0.0,1353665.5631813547,8707018.649863107
 03/19  10:00:00,5893796.290001683,452690.3916732159,180000.0,0.0,1314818.648564671,3906450.6477272073
 03/19  11:00:00,6272061.947906202,347078.7230138716,180000.0,0.0,1264018.8371428542,4453803.068179075
 03/19  12:00:00,11642645.722997028,411715.2072398302,180000.0,0.0,687291.566295169,10341909.893805709
 03/19  13:00:00,5845816.133125389,258484.26968664478,180000.0,0.0,681315.1178926023,4706098.444527848
 03/19  14:00:00,3595801.1098920023,126094.8204437914,180000.0,0.0,549982.6642461993,2719805.324183717
 03/19  15:00:00,3823712.8557469593,44863.608582003966,180000.0,0.0,992090.43482607,2585029.756682565
 03/19  16:00:00,3926135.954985833,4687.276265426556,180000.0,0.0,1434347.6166160046,2272696.723981893
 03/19  17:00:00,4452146.473545258,169361.23908856814,180000.0,0.0,1795922.744971289,2239864.5678784116
 03/19  18:00:00,4809433.24653669,239378.50773518058,180000.0,0.0,2321850.2043971578,1979477.5571410412
 03/19  19:00:00,5135888.31663145,316232.1719587897,180000.0,0.0,2728248.695771693,1793708.3974292304
 03/19  20:00:00,5251372.635101579,459504.5415175513,180000.0,0.0,2701354.6779601425,1745734.7435634513
 03/19  21:00:00,4195296.075718853,0.0,180000.0,0.0,2265073.9445727738,1560092.8941532704
 03/19  22:00:00,4166575.3342847186,71686.43762282075,180000.0,0.0,1416418.2714083046,2333691.9531931602
 03/19  23:00:00,2181707.4436956835,219091.23403923598,180000.0,0.0,444050.1163107048,1224488.5511500582
 03/19  24:00:00,1877821.6082185663,317942.9082332571,180000.0,0.0,147020.6307031405,1149563.3559329386
 03/20  01:00:00,1932218.8308024893,380520.9618151055,180000.0,0.0,147020.6307031405,1141382.5249350131
 03/20  02:00:00,1977661.8709181293,434144.8329286706,180000.0,0.0,147020.6307031405,1133201.6939370881
 03/20  03:00:00,2033035.0006628172,477750.48396665463,180000.0,0.0,147020.6307031405,1144969.172643792
 03/20  04:00:00,2139256.8348824796,512359.9103657282,180000.0,0.0,147020.6307031405,1216581.580464381
 03/20  05:00:00,2288387.2262922493,538148.9255853387,180000.0,0.0,147020.6307031405,1356219.7483967813
 03/20  06:00:00,3308245.578250746,1268798.9351329277,180000.0,0.0,147020.6307031405,1649049.6000837414
 03/20  07:00:00,4074442.6863882057,1010234.7742635779,180000.0,0.0,717173.8083080023,2105468.446123716
 03/20  08:00:00,4663356.98583019,761010.710612431,180000.0,0.0,744067.8261195525,2918523.546043323
 03/20  09:00:00,5117586.728600457,483876.9417741598,180000.0,0.0,750044.2745221191,3652964.382439431
 03/20  10:00:00,4992781.043168137,276057.1986498901,180000.0,0.0,732114.929314419,3764772.3131672395
 03/20  11:00:00,4715644.406874224,144968.36111283922,180000.0,0.0,705220.911502869,3658293.8146881144
 03/20  12:00:00,4587874.964473632,33259.768633157444,180000.0,0.0,687291.566295169,3665594.573888985
 03/20  13:00:00,3949753.6577516566,0.0,180000.0,0.0,681315.1178926023,3068520.23884076
 03/20  14:00:00,3598227.6364697902,0.0,135000.0,0.0,684303.3420938856,2759005.9933576104
 03/20  15:00:00,3227326.108468608,0.0,0.0,0.0,711197.3599054357,2494399.692906852
 03/20  16:00:00,3921448.6787204063,0.0,180000.0,0.0,1434347.6166160046,2272696.723981893
 03/20  17:00:00,4335747.525138014,0.0,180000.0,0.0,1795922.744971289,2292826.858559736
 03/20  18:00:00,3954590.2692801347,0.0,180000.0,0.0,1777993.3997635893,1907869.8922532357
 03/20  19:00:00,3300352.4070439767,11057.649470798397,180000.0,0.0,1437335.840817288,1554259.865284152
 03/20  20:00:00,3509055.2539230064,198637.5247571719,180000.0,0.0,1425382.9440121546,1540256.1130932467
 03/20  21:00:00,2644265.208514265,0.0,180000.0,0.0,939945.9225136756,1334190.0490077815
 03/20  22:00:00,1674085.9826882123,0.0,180000.0,0.0,147020.6307031405,1182286.6799246387
 03/20  23:00:00,1605377.564736345,6535.204906656393,180000.0,0.0,147020.6307031405,1157744.1869308634
 03/20  24:00:00,1650562.5055763028,90683.80559099361,180000.0,0.0,147020.6307031405,1149563.3559329386
 03/21  01:00:00,1740242.6532216908,188544.784234307,180000.0,0.0,147020.6307031405,1141382.5249350131
 03/21  02:00:00,1802000.6955363397,258483.65754688095,180000.0,0.0,147020.6307031405,1133201.6939370881
 03/21  03:00:00,1870919.9911393328,315635.47444317,180000.0,0.0,147020.6307031405,1144969.172643792
 03/21  04:00:00,1991710.2372841563,364813.31276740495,180000.0,0.0,147020.6307031405,1216581.580464381
 03/21  05:00:00,2153095.4991496634,402857.1984427521,180000.0,0.0,147020.6307031405,1356219.7483967813
 03/21  06:00:00,3109375.4732629983,1126965.6130853794,180000.0,0.0,147020.6307031405,1592012.8171435422
 03/21  07:00:00,3247785.760552681,891755.4183339268,180000.0,0.0,147020.6307031405,1967444.0538227046
 03/21  08:00:00,4541367.724704796,639021.4494870388,180000.0,0.0,744067.8261195525,2918523.546043323
 03/21  09:00:00,4994501.498637327,360791.7118110289,180000.0,0.0,750044.2745221191,3652964.382439431
 03/21  10:00:00,5483132.035823821,132026.13749535495,90000.0,0.0,1314818.648564671,3906450.6477272073
 03/21  11:00:00,5109210.713413374,6513.412846868397,0.0,0.0,1264018.8371428542,3811517.1438532495
 03/21  12:00:00,4726443.924565108,0.0,0.0,0.0,956231.7444106697,3748483.1244981172
 03/21  13:00:00,3944502.70386109,0.0,0.0,0.0,814291.094849711,3110293.307993085
 03/21  14:00:00,4374572.842336807,31071.300041358336,187137.67664337796,0.0,1222183.698324887,2914261.8663088907
 03/21  15:00:00,4751900.557627772,109505.5311621059,672022.6406043633,0.0,1272983.5097467043,2675659.8204582776
 03/21  16:00:00,4998500.330539092,167981.46833006717,1032033.4005484191,0.0,1434347.6166160046,2329733.506922092
 03/21  17:00:00,4483707.169752706,41651.45489902176,339270.4803969946,0.0,1795922.744971289,2239864.5678784116
 03/21  18:00:00,4583990.825158246,2101.347042422903,191834.73931431427,0.0,2321850.2043971578,1979477.5571410412
 03/21  19:00:00,4819656.144672661,0.0,180000.0,0.0,2728248.695771693,1793708.3974292304
 03/21  20:00:00,4422492.256206352,986.753726872528,180000.0,0.0,2382361.7444731453,1694365.0859459
 03/21  21:00:00,4195296.075718853,0.0,180000.0,0.0,2265073.9445727738,1560092.8941532704
 03/21  22:00:00,2802824.9646085184,0.0,180000.0,0.0,1099666.5060722702,1358379.7864758149
 03/21  23:00:00,1598842.3598296887,0.0,180000.0,0.0,147020.6307031405,1157744.1869308634
 03/21  24:00:00,1559878.699985309,0.0,180000.0,0.0,147020.6307031405,1149563.3559329386
 03/22  01:00:00,1583168.192335199,31470.32334781533,180000.0,0.0,147020.6307031405,1141382.5249350131
 03/22  02:00:00,1663414.0309200068,119896.99293054818,180000.0,0.0,147020.6307031405,1133201.6939370881
 03/22  03:00:00,1741052.5568411073,185768.0401449449,180000.0,0.0,147020.6307031405,1144969.172643792
 03/22  04:00:00,1865141.2025671883,228523.39920836833,180000.0,0.0,150307.67732455218,1223015.4126850378
 03/22  05:00:00,2018552.1413770416,268313.84067013074,180000.0,0.0,147020.6307031405,1356219.7483967813
 03/22  06:00:00,2947545.208319555,965135.3481419366,180000.0,0.0,147020.6307031405,1592012.8171435422
 03/22  07:00:00,3146134.805219705,790104.4630009512,180000.0,0.0,147020.6307031405,1967444.0538227046
 03/22  08:00:00,4463244.685428721,560898.4102109629,180000.0,0.0,744067.8261195525,2918523.546043323
 03/22  09:00:00,5717876.55583179,282189.04704364465,180000.0,0.0,1353665.5631813547,3851320.815742042
 03/22  10:00:00,5530885.409443017,134779.51111455064,135000.0,0.0,1314818.648564671,3906450.6477272073
 03/22  11:00:00,5133365.862613599,30668.56204709395,0.0,0.0,1264018.8371428542,3811517.1438532495
 03/22  12:00:00,4902358.288927425,0.0,0.0,0.0,1090701.8334684202,3789927.3998026834
 03/22  13:00:00,8512194.675057765,0.0,0.0,0.0,1213219.0257210373,7279057.348318434
 03/22  14:00:00,10706676.688400423,0.0,0.0,0.0,1222183.698324887,9464574.689057242
 03/22  15:00:00,4003249.3088158914,4734.640443230586,28142.282511358375,0.0,1272983.5097467043,2675659.8204582776
 03/22  16:00:00,4000268.7660818016,36967.05228465592,221853.0350767389,0.0,1434347.6166160046,2272696.723981893
 03/22  17:00:00,4739890.377613889,32689.118475491476,368193.21261171805,0.0,1795922.744971289,2476087.3799484014
 03/22  18:00:00,4706596.488224582,11152.376801409651,244302.53215877453,0.0,2321850.2043971578,2040564.3976039297
 03/22  19:00:00,4054475.4511229196,0.0,180000.0,0.0,2082792.2682944904,1673984.1313566912
 03/22  20:00:00,3347413.6659379657,36995.93677213073,180000.0,0.0,1425382.9440121546,1540256.1130932467
 03/22  21:00:00,2953754.2081468743,0.0,180000.0,0.0,1204254.3531171873,1379370.6180368795
 03/22  22:00:00,1674085.9826882123,0.0,180000.0,0.0,147020.6307031405,1182286.6799246387
 03/22  23:00:00,1598842.3598296887,0.0,180000.0,0.0,147020.6307031405,1157744.1869308634
 03/22  24:00:00,1559878.699985309,0.0,180000.0,0.0,147020.6307031405,1149563.3559329386
 03/23  01:00:00,1578193.5714620184,26495.702474634723,180000.0,0.0,147020.6307031405,1141382.5249350131
 03/23  02:00:00,1641827.1989654296,98310.16097597068,180000.0,0.0,147020.6307031405,1133201.6939370881
 03/23  03:00:00,1715168.6039628305,159884.08726666812,180000.0,0.0,147020.6307031405,1144969.172643792
 03/23  04:00:00,1835891.1114801483,208994.18696339682,180000.0,0.0,147020.6307031405,1216581.580464381
 03/23  05:00:00,2174343.3599857506,254531.330572018,180000.0,0.0,289857.7475244843,1382956.360282259
 03/23  06:00:00,3420697.8479518625,929934.1153861237,180000.0,0.0,579715.4950489686,1667671.8251858344
 03/23  07:00:00,3808748.288978658,744540.3768540309,180000.0,0.0,717173.8083080023,2105468.446123716
 03/23  08:00:00,4568969.219926778,430400.1326390299,180000.0,0.0,744067.8261195525,3154746.358113312
 03/23  09:00:00,5473677.167786302,281261.67669376836,180000.0,0.0,1202760.2410165458,3758954.12021124
 03/23  10:00:00,5242077.448150631,163162.57672727463,180000.0,0.0,1023466.7889395449,3835611.4804472234
 03/23  11:00:00,5140010.370949,37313.07038249566,0.0,0.0,1264018.8371428542,3811517.1438532495
 03/23  12:00:00,5078272.653289741,0.0,0.0,0.0,1225171.9225261705,3831371.675107249
 03/23  13:00:00,3769753.6577516566,0.0,0.0,0.0,681315.1178926023,3068520.23884076
 03/23  14:00:00,3809795.751060931,0.0,0.0,0.0,953243.5202093865,2836633.9298332506
 03/23  15:00:00,3999253.7439853293,80421.4352555132,516370.22865410626,0.0,711197.3599054357,2669535.664513953
 03/23  16:00:00,4110005.8446978116,105909.35581714453,688417.902423834,0.0,1111619.4028774034,2169654.8454569215
 03/23  17:00:00,4313810.021096904,28334.461518832406,182690.3251213813,0.0,1795922.744971289,2239864.5678784116
 03/23  18:00:00,4591969.742848242,3103.5042913945585,198811.49975533813,0.0,2321850.2043971578,1979477.5571410412
 03/23  19:00:00,4819656.144672661,0.0,180000.0,0.0,2728248.695771693,1793708.3974292304
 03/23  20:00:00,4791868.093584028,0.0,180000.0,0.0,2701354.6779601425,1745734.7435634513
 03/23  21:00:00,4195296.075718853,0.0,180000.0,0.0,2265073.9445727738,1560092.8941532704
 03/23  22:00:00,2050998.503962467,0.0,180000.0,0.0,464967.6857196882,1241252.1461823452
 03/23  23:00:00,1598842.3598296887,0.0,180000.0,0.0,147020.6307031405,1157744.1869308634
 03/23  24:00:00,1559878.699985309,0.0,180000.0,0.0,147020.6307031405,1149563.3559329386
 03/24  01:00:00,1551697.8689873838,0.0,180000.0,0.0,147020.6307031405,1141382.5249350131
 03/24  02:00:00,1541706.283351432,0.0,180000.0,0.0,147020.6307031405,1133201.6939370881
 03/24  03:00:00,1578805.300739387,25331.538681251564,180000.0,0.0,147020.6307031405,1144969.172643792
 03/24  04:00:00,1702090.707645154,75193.78312840263,180000.0,0.0,147020.6307031405,1216581.580464381
 03/24  05:00:00,1961242.5790821444,82469.11012680666,180000.0,0.0,147020.6307031405,1470268.8795409938
 03/24  06:00:00,3324979.5368900634,577664.469041543,180000.0,0.0,579715.4950489686,1907926.368726375
 03/24  07:00:00,4324275.753237071,543152.3718457046,180000.0,0.0,1284936.4065518377,2241946.034680433
 03/24  08:00:00,4883073.15937186,418336.285269354,180000.0,0.0,1192301.456312054,3027248.25082149
 03/24  09:00:00,5651259.560282971,268987.3251589713,180000.0,0.0,1353665.5631813547,3794284.0328018432
 03/24  10:00:00,4908425.779284452,189245.8248208681,180000.0,0.0,730919.6396339057,3764802.203517036
 03/24  11:00:00,3872899.6592603102,148443.05326964837,45000.0,0.0,147020.6307031405,3503463.901079093
 03/24  12:00:00,3756284.2277323143,87657.28800253902,0.0,0.0,147020.6307031405,3499877.2533703134
 03/24  13:00:00,3456195.266928954,37134.9910766775,0.0,0.0,414167.87429787137,2984974.100536111
 03/24  14:00:00,2943487.513137143,823.9177320925697,0.0,0.0,281341.30855082674,2641403.9858359294
 03/24  15:00:00,2528495.836158774,0.0,45000.0,0.0,147020.6307031405,2314746.1497993125
 03/24  16:00:00,2250504.5204407806,28550.34173312514,180000.0,0.0,147020.6307031405,1860529.209882007
 03/24  17:00:00,3054730.0126478565,124602.19295426796,180000.0,0.0,765134.8067386,1916184.336709972
 03/24  18:00:00,4761084.12931391,17704.173543326415,180000.0,0.0,2321850.2043971578,2154613.528748142
 03/24  19:00:00,4902859.247393651,92256.87591112372,180000.0,0.0,2728248.695771693,1793708.3974292304
 03/24  20:00:00,4967762.674804604,190380.61832478968,180000.0,0.0,2701354.6779601425,1745734.7435634513
 03/24  21:00:00,4182620.7932526655,0.0,180000.0,0.0,2265073.9445727738,1560092.8941532704
 03/24  22:00:00,2040133.9761343063,0.0,180000.0,0.0,464967.6857196882,1241252.1461823452
 03/24  23:00:00,1591599.3412775814,0.0,180000.0,0.0,147020.6307031405,1157744.1869308634
 03/24  24:00:00,1559878.699985309,0.0,180000.0,0.0,147020.6307031405,1149563.3559329386
 03/25  01:00:00,1567365.6016805426,15667.732693158852,180000.0,0.0,147020.6307031405,1141382.5249350131
 03/25  02:00:00,1599526.078114829,57819.794763396974,180000.0,0.0,147020.6307031405,1133201.6939370881
 03/25  03:00:00,1642163.152692385,88689.3906342496,180000.0,0.0,147020.6307031405,1144969.172643792
 03/25  04:00:00,1743728.745827574,116831.82131082262,180000.0,0.0,147020.6307031405,1216581.580464381
 03/25  05:00:00,1909474.619692029,144750.28188090379,180000.0,0.0,147020.6307031405,1356219.7483967813
 03/25  06:00:00,3284403.323994573,777342.7996865939,180000.0,0.0,579715.4950489686,1667671.8251858344
 03/25  07:00:00,3674035.8438313035,597152.6492404896,180000.0,0.0,717173.8083080023,2105468.446123716
 03/25  08:00:00,5029613.888401184,379224.23597512173,180000.0,0.0,1341712.6663762212,3063489.8190808785
 03/25  09:00:00,3919503.3543609,206515.35243993916,0.0,0.0,147020.6307031405,3511644.732077018
 03/25  10:00:00,3903443.0041233134,89810.50280066657,0.0,0.0,147020.6307031405,3623153.759306865
 03/25  11:00:00,3685697.38795477,6240.781964108529,0.0,0.0,147020.6307031405,3503463.901079093
 03/25  12:00:00,3668626.9397297753,0.0,0.0,0.0,147020.6307031405,3499877.2533703134
 03/25  13:00:00,3068366.893952896,0.0,0.0,0.0,147020.6307031405,2901427.962231461
 03/25  14:00:00,2884215.430597524,14239.682608322242,100833.49960573074,0.0,147020.6307031405,2602203.316662036
 03/25  15:00:00,4095655.663082135,105986.08296837847,762343.4716451485,0.0,711197.3599054357,2494399.692906852
 03/25  16:00:00,4308774.94485313,173069.85134595336,1245796.599313916,0.0,788891.1891388026,2066612.96693195
 03/25  17:00:00,4472956.333116401,139735.19553412806,984358.913914073,0.0,1177360.3353056372,2102693.2121175467
 03/25  18:00:00,5258042.727790484,110370.95111624386,759427.792510758,0.0,2321850.2043971578,1979477.5571410412
 03/25  19:00:00,5070726.050227655,56440.90382902254,383682.77491610544,0.0,2728248.695771693,1793708.3974292304
 03/25  20:00:00,3115931.6920616208,0.0,0.0,0.0,1425382.9440121546,1540256.1130932467
 03/25  21:00:00,2142100.926415468,0.0,0.0,0.0,675637.4919101639,1289009.4799786839
 03/25  22:00:00,1483221.4548600519,0.0,0.0,0.0,147020.6307031405,1182286.6799246387
 03/25  23:00:00,1591599.3412775814,0.0,180000.0,0.0,147020.6307031405,1157744.1869308634
 03/25  24:00:00,1559878.699985309,0.0,180000.0,0.0,147020.6307031405,1149563.3559329386
 03/26  01:00:00,1551697.8689873838,0.0,180000.0,0.0,147020.6307031405,1141382.5249350131
 03/26  02:00:00,1543517.0379894588,0.0,180000.0,0.0,147020.6307031405,1133201.6939370881
 03/26  03:00:00,1555284.5166961625,0.0,180000.0,0.0,147020.6307031405,1144969.172643792
 03/26  04:00:00,1626896.9245167514,0.0,180000.0,0.0,147020.6307031405,1216581.580464381
 03/26  05:00:00,1750238.300706911,0.0,180000.0,0.0,147020.6307031405,1356219.7483967813
 03/26  06:00:00,2844787.741061565,354024.008495826,180000.0,0.0,579715.4950489686,1667671.8251858344
 03/26  07:00:00,4027750.6581194336,304302.5591942534,135000.0,0.0,1284936.4065518377,2241946.034680433
 03/26  08:00:00,4698338.583077095,233381.19456511457,0.0,0.0,1341712.6663762212,3063489.8190808785
 03/26  09:00:00,5378581.776073096,179931.0502251495,0.0,0.0,1353665.5631813547,3794284.0328018432
 03/26  10:00:00,5358485.127535183,97379.22920671744,0.0,0.0,1314818.648564671,3906450.6477272073
 03/26  11:00:00,4970336.913734107,45644.92686888354,0.0,0.0,1124319.355732858,3773211.311561966
 03/26  12:00:00,4399204.333831733,24589.137991258543,0.0,0.0,687291.566295169,3665594.573888985
 03/26  13:00:00,4686903.650433239,0.0,0.0,0.0,681315.1178926023,3985670.231522342
 03/26  14:00:00,6514297.785996733,0.0,0.0,0.0,818773.431151636,5675606.053826804
 03/26  15:00:00,10577721.991549853,0.0,0.0,0.0,1272983.5097467043,9283009.426146828
 03/26  16:00:00,7438178.672984409,6719.208195866702,46984.18879183947,0.0,307488.270312056,7042582.667562139
 03/26  17:00:00,4020907.440069113,23430.72734032966,165614.99439433194,0.0,1589735.2750827386,2175128.5216447236
 03/26  18:00:00,4779104.021364687,47969.40909108114,341079.87347209704,0.0,2321850.2043971578,1979477.5571410412
 03/26  19:00:00,4899438.63197706,32090.582206460953,227691.90509793788,0.0,2728248.695771693,1793708.3974292304
 03/26  20:00:00,4611868.093584028,0.0,0.0,0.0,2701354.6779601425,1745734.7435634513
 03/26  21:00:00,4015296.0757188527,0.0,0.0,0.0,2265073.9445727738,1560092.8941532704
 03/26  22:00:00,1915998.503962467,0.0,45000.0,0.0,464967.6857196882,1241252.1461823452
 03/26  23:00:00,1598842.3598296887,0.0,180000.0,0.0,147020.6307031405,1157744.1869308634
 03/26  24:00:00,1559878.699985309,0.0,180000.0,0.0,147020.6307031405,1149563.3559329386
 03/27  01:00:00,1551697.8689873838,0.0,180000.0,0.0,147020.6307031405,1141382.5249350131
 03/27  02:00:00,1543517.0379894588,0.0,180000.0,0.0,147020.6307031405,1133201.6939370881
 03/27  03:00:00,1555284.5166961625,0.0,180000.0,0.0,147020.6307031405,1144969.172643792
 03/27  04:00:00,1636617.8033588198,0.0,180000.0,0.0,150307.67732455215,1223015.4126850378
 03/27  05:00:00,2005043.7441610196,919.4298458946657,180000.0,0.0,361575.1283552845,1395551.264352851
 03/27  06:00:00,3533990.4745501927,531287.0005547934,180000.0,0.0,1015996.2284363367,1743330.8332281262
 03/27  07:00:00,4215278.913630534,446830.81470535434,180000.0,0.0,1284936.4065518377,2241946.034680433
 03/27  08:00:00,4939429.3520044815,294471.96349249984,180000.0,0.0,1341712.6663762212,3063489.8190808785
 03/27  09:00:00,11250398.815138819,190725.05073541056,180000.0,0.0,1353665.5631813547,9475307.071357306
 03/27  10:00:00,7910021.061569976,98140.8056775514,0.0,0.0,732114.929314419,7039928.724541416
 03/27  11:00:00,4746686.673163945,0.0,0.0,0.0,984619.8743228617,3734905.4792706817
 03/27  12:00:00,4550529.56020279,0.0,0.0,0.0,821761.6553529192,3707038.849193551
 03/27  13:00:00,3769753.6577516566,0.0,0.0,0.0,681315.1178926023,3068520.23884076
 03/27  14:00:00,3574940.17956234,14214.049212145517,97498.49388040416,0.0,684303.3420938856,2759005.9933576104
 03/27  15:00:00,2996906.428042083,65194.950087262914,448215.64179604605,0.0,147020.6307031405,2314746.1497993125
 03/27  16:00:00,4589671.916960957,154352.79497950722,1062603.7525844178,0.0,1111619.4028774034,2226691.62839712
 03/27  17:00:00,4527536.863866754,54292.35860932391,370459.2708007395,0.0,1795922.744971289,2239864.5678784116
 03/27  18:00:00,4663518.460416343,23809.434383305696,249654.2872315283,0.0,2321850.2043971578,1979477.5571410412
 03/27  19:00:00,5436432.067124002,50845.26564970359,509707.84473164805,0.0,2728248.695771693,2029931.2094992201
 03/27  20:00:00,4852954.934046916,0.0,180000.0,0.0,2701354.6779601425,1806821.58402634
 03/27  21:00:00,4195296.075718853,0.0,180000.0,0.0,2265073.9445727738,1560092.8941532704
 03/27  22:00:00,2802824.9646085184,0.0,180000.0,0.0,1099666.5060722702,1358379.7864758149
 03/27  23:00:00,1598842.3598296887,0.0,180000.0,0.0,147020.6307031405,1157744.1869308634
 03/27  24:00:00,1559878.699985309,0.0,180000.0,0.0,147020.6307031405,1149563.3559329386
 03/28  01:00:00,1551697.8689873838,0.0,180000.0,0.0,147020.6307031405,1141382.5249350131
 03/28  02:00:00,1543517.0379894588,0.0,180000.0,0.0,147020.6307031405,1133201.6939370881
 03/28  03:00:00,1555284.5166961625,0.0,180000.0,0.0,147020.6307031405,1144969.172643792
 03/28  04:00:00,1664619.416161591,18280.733960702542,180000.0,0.0,153594.72394596384,1229449.2449056946
 03/28  05:00:00,1991238.3095284961,71426.28011476334,180000.0,0.0,289857.7475244843,1382956.360282259
 03/28  06:00:00,3143863.388337698,653099.6557719596,180000.0,0.0,579715.4950489686,1667671.8251858344
 03/28  07:00:00,3459172.0804330288,572008.5607848697,180000.0,0.0,574635.5139067869,2070962.348048463
 03/28  08:00:00,4381680.825553152,479334.55033539375,180000.0,0.0,744067.8261195525,2918523.546043323
 03/28  09:00:00,5768639.456326997,389988.73047904985,180000.0,0.0,1353665.5631813547,3794284.0328018432
 03/28  10:00:00,5425066.351845339,346151.48042198236,180000.0,0.0,1023466.788939545,3835611.4804472234
 03/28  11:00:00,5246675.496077094,319988.82291314955,180000.0,0.0,984619.8743228617,3734905.4792706817
 03/28  12:00:00,5851515.85877468,302786.00988374685,180000.0,0.0,956231.7444106697,4390769.048823942
 03/28  13:00:00,11012723.522378316,386654.5447099359,180000.0,0.0,681315.1178926023,9744835.558757484
 03/28  14:00:00,5599757.814080736,318951.97192385694,180000.0,0.0,684303.3420938856,4396584.199044698
 03/28  15:00:00,3681841.59325405,274515.48478544166,180000.0,0.0,711197.3599054357,2494399.692906852
 03/28  16:00:00,3180018.870717463,245110.3765242024,45000.0,0.0,788891.1891388026,2066612.96693195
 03/28  17:00:00,3285137.52893042,266046.35896268405,0.0,0.0,971172.8654170866,1980920.3829436598
 03/28  18:00:00,3274355.6241540583,188515.70689862513,0.0,0.0,1234136.5951300205,1762976.344862103
 03/28  19:00:00,4406641.121821602,149575.32392381114,0.0,0.0,2405520.4820330916,1733846.2643929608
 03/28  20:00:00,2242411.384880494,224874.3635490734,0.0,0.0,466611.209030394,1386147.140240593
 03/28  21:00:00,3071926.2015632372,0.0,0.0,0.0,675637.4919101639,2206159.472660266
 03/28  22:00:00,2247911.025236721,0.0,0.0,0.0,782914.7407362359,1300217.6124400515
 03/28  23:00:00,1780823.2751356775,0.0,0.0,0.0,442257.18178993475,1224488.5511500582
 03/28  24:00:00,1676995.9045273454,0.0,135000.0,0.0,256987.28131036749,1201713.909867748
 03/29  01:00:00,1551697.8689873838,0.0,180000.0,0.0,147020.6307031405,1141382.5249350131
 03/29  02:00:00,1549540.8496623717,6023.811672912974,180000.0,0.0,147020.6307031405,1133201.6939370881
 03/29  03:00:00,1599511.004592546,44226.48789638357,180000.0,0.0,147020.6307031405,1144969.172643792
 03/29  04:00:00,1711104.779937334,84207.8554205822,180000.0,0.0,147020.6307031405,1216581.580464381
 03/29  05:00:00,1874143.7642464105,123905.46353949945,180000.0,0.0,147020.6307031405,1356219.7483967813
 03/29  06:00:00,3243889.509455441,753125.7768897027,180000.0,0.0,579715.4950489686,1667671.8251858344
 03/29  07:00:00,3685015.969408652,620808.0572840249,180000.0,0.0,717173.8083080023,2105468.446123716
 03/29  08:00:00,4428593.826372234,412198.4200102627,180000.0,0.0,744067.8261195525,3032572.677187536
 03/29  09:00:00,5630133.13371978,247407.91561295756,180000.0,0.0,1353665.5631813547,3798358.525060718
 03/29  10:00:00,5604833.911824919,163728.01349645216,180000.0,0.0,1314818.648564671,3906450.6477272073
 03/29  11:00:00,4858803.879793696,110122.5203310318,180000.0,0.0,844920.3929128654,3696599.646979398
 03/29  12:00:00,5292783.263925775,34510.61063603376,180000.0,0.0,1225171.9225261705,3831371.675107249
 03/29  13:00:00,4589556.558473464,1506.6312492944098,180000.0,0.0,1080243.0487639285,3307888.577441947
 03/29  14:00:00,4458537.5465778485,0.0,180000.0,0.0,1222183.698324887,3036435.5472346675
 03/29  15:00:00,4150372.3858613027,0.0,180000.0,0.0,1272983.5097467043,2675659.8204582776
 03/29  16:00:00,3708563.6325886194,0.0,180000.0,0.0,1272983.509746704,2221175.7847194076
 03/29  17:00:00,3199091.1699677357,0.0,180000.0,0.0,971172.8654170866,1980920.3829436598
 03/29  18:00:00,3208565.8445892255,0.0,180000.0,0.0,1234286.0063400848,1705552.8609858304
 03/29  19:00:00,6662013.065538483,8056.935502658263,180000.0,0.0,2728248.695771693,3628008.382792394
 03/29  20:00:00,4576306.281180651,154800.77870117116,180000.0,0.0,2382361.7444731453,1694365.0859459003
 03/29  21:00:00,2953754.2081468743,0.0,180000.0,0.0,1204254.3531171873,1379370.6180368795
 03/29  22:00:00,2427911.025236721,0.0,180000.0,0.0,782914.7407362359,1300217.6124400515
 03/29  23:00:00,1689337.588656186,0.0,180000.0,0.0,220829.76847483907,1174430.277985662
 03/29  24:00:00,1632831.6538174825,72952.95383217343,180000.0,0.0,147020.6307031405,1149563.3559329386
 03/30  01:00:00,1716157.6317586373,164459.76277125377,180000.0,0.0,147020.6307031405,1141382.5249350131
 03/30  02:00:00,1778856.1530430014,235339.1150535424,180000.0,0.0,147020.6307031405,1133201.6939370881
 03/30  03:00:00,1845557.8116637894,290273.2949676269,180000.0,0.0,147020.6307031405,1144969.172643792
 03/30  04:00:00,1968044.745461243,341147.8209444915,180000.0,0.0,147020.6307031405,1216581.580464381
 03/30  05:00:00,2130926.8600605065,380688.55935359607,180000.0,0.0,147020.6307031405,1356219.7483967813
 03/30  06:00:00,3062210.4944274696,1079800.6342498513,180000.0,0.0,147020.6307031405,1592012.8171435422
 03/30  07:00:00,3549243.2104705824,839124.0832988918,180000.0,0.0,432097.2195055714,2036456.24997321
 03/30  08:00:00,4472720.645610575,570374.3703928166,180000.0,0.0,744067.8261195525,2918523.546043323
 03/30  09:00:00,4961536.953210627,327827.166384329,180000.0,0.0,750044.2745221191,3652964.382439431
 03/30  10:00:00,4895111.724878587,178387.88036033983,180000.0,0.0,732114.929314419,3764772.3131672395
 03/30  11:00:00,5267470.741986278,74773.4414197731,90000.0,0.0,1264018.8371428542,3811517.1438532495
 03/30  12:00:00,4390648.35609144,16033.160250965397,0.0,0.0,687291.566295169,3665594.573888985
 03/30  13:00:00,3944502.7038610904,0.0,0.0,0.0,814291.0948497112,3110293.307993085
 03/30  14:00:00,3463227.6364697902,0.0,0.0,0.0,684303.3420938856,2759005.9933576104
 03/30  15:00:00,4518330.810658395,0.0,0.0,0.0,1132536.972286387,3364064.7827156866
 03/30  16:00:00,7900528.885037696,41659.94968554129,334771.1547612088,0.0,1434347.6166160046,6055345.825852434
 03/30  17:00:00,4963494.111488536,28164.438647554143,347410.84679776983,0.0,1795922.744971289,2724998.159464935
 03/30  18:00:00,4570054.738801509,0.0,180000.0,0.0,2321850.2043971578,1979477.5571410412
 03/30  19:00:00,4819656.144672661,0.0,180000.0,0.0,2728248.695771693,1793708.3974292304
 03/30  20:00:00,4791868.093584028,0.0,180000.0,0.0,2701354.6779601425,1745734.7435634513
 03/30  21:00:00,4195296.075718853,0.0,180000.0,0.0,2265073.9445727738,1560092.8941532704
 03/30  22:00:00,3177738.903980316,0.0,180000.0,0.0,1416418.2714083046,1416541.960511578
 03/30  23:00:00,2326390.059483207,0.0,180000.0,0.0,741079.6019182691,1291232.9153692531
 03/30  24:00:00,1802579.927346345,0.0,180000.0,0.0,312269.42903410934,1227015.7849630057
 03/31  01:00:00,1615548.3227462017,0.0,180000.0,0.0,183775.7883789256,1168477.821018046
 03/31  02:00:00,1555948.9038833736,0.0,180000.0,0.0,147020.6307031405,1147444.31446903
 03/31  03:00:00,1556886.6344743506,3412.872416214916,180000.0,0.0,147020.6307031405,1144969.172643792
 03/31  04:00:00,1670463.2909108321,43566.36639408072,180000.0,0.0,147020.6307031405,1216581.580464381
 03/31  05:00:00,1839982.262200712,75257.924389587,180000.0,0.0,147020.6307031405,1356219.7483967813
 03/31  06:00:00,3135980.1285886522,628919.604280673,180000.0,0.0,579715.4950489686,1667671.8251858344
 03/31  07:00:00,3579349.1433579153,502465.9487671011,180000.0,0.0,717173.8083080023,2105468.446123716
 03/31  08:00:00,4134672.4713295684,361893.9321977305,45000.0,0.0,744067.8261195525,2918523.546043323
 03/31  09:00:00,4686918.735211557,229587.43910920445,0.0,0.0,750044.2745221191,3652964.382439431
 03/31  10:00:00,5186852.712157973,103220.81800600802,0.0,0.0,1169142.7187521078,3871031.064087216
 03/31  11:00:00,4425168.343712687,32681.543313275713,0.0,0.0,705220.911502869,3658293.8146881144
 03/31  12:00:00,6208915.181203638,0.0,0.0,0.0,687291.566295169,5499894.559252149
 03/31  13:00:00,3068366.893952896,0.0,0.0,0.0,147020.6307031405,2901427.962231461
 03/31  14:00:00,2769142.248383471,0.0,0.0,0.0,147020.6307031405,2602203.316662036
 03/31  15:00:00,2483495.836158774,0.0,0.0,0.0,147020.6307031405,2314746.1497993125
 03/31  16:00:00,2465931.336450458,0.0,0.0,0.0,467955.9099209715,1963571.0884069786
 03/31  17:00:00,3020901.9246057626,0.0,0.0,0.0,971172.8654170866,1980920.3829436598
 03/31  18:00:00,1664791.6162868969,0.0,0.0,0.0,147020.6307031405,1430854.7629584728
 03/31  19:00:00,3100375.4504182106,0.0,0.0,0.0,1437485.2520273523,1554244.920109254
 03/31  20:00:00,5516917.589325931,2385.5401645359066,0.0,0.0,2701354.6779601425,2662884.7362450333
 03/31  21:00:00,3381849.8594666766,0.0,0.0,0.0,1734664.1488449806,1469731.7560950748
 03/31  22:00:00,1860133.9761343063,0.0,0.0,0.0,464967.6857196882,1241252.1461823452
 03/31  23:00:00,1411599.3412775814,0.0,0.0,0.0,147020.6307031405,1157744.1869308634
 03/31  24:00:00,1379365.9416519792,0.0,0.0,0.0,147020.6307031405,1149386.1251458295
 04/01  01:00:00,1371185.110654054,0.0,0.0,0.0,147020.6307031405,1141205.294147904
 04/01  02:00:00,1361200.819095194,0.0,0.0,0.0,147020.6307031405,1133024.463149979
 04/01  03:00:00,1372909.2208728613,0.0,0.0,0.0,147020.6307031405,1144732.8649276462
 04/01  04:00:00,1589259.312108044,0.0,135000.0,0.0,149560.62127423132,1221739.5050308034
 04/01  05:00:00,1923349.108626326,0.0,180000.0,0.0,281789.54218101926,1380403.8412032323
 04/01  06:00:00,3429600.162479871,451588.47629198094,180000.0,0.0,980137.5380209365,1738521.8834858132
 04/01  07:00:00,3779377.5374251558,393237.5140469344,180000.0,0.0,965196.4170145198,2167001.723365367
 04/01  08:00:00,4226322.818371008,361294.38361241296,180000.0,0.0,708209.1357041523,2911894.7188607836
 04/01  09:00:00,4930331.888125246,349845.67511306517,180000.0,0.0,702232.6873015856,3644149.7088825456
 04/01  10:00:00,5004646.868840665,341397.5145486117,180000.0,0.0,684303.3420938856,3755662.9587357277
 04/01  11:00:00,4525168.547238634,342004.1260944206,180000.0,0.0,402214.977492738,3572094.0746765155
 04/01  12:00:00,4156816.504008342,315366.3246880366,180000.0,0.0,147020.6307031405,3492788.021885945
 04/01  13:00:00,3502673.613676264,259703.8781846527,180000.0,0.0,147020.6307031405,2896111.0386181856
 04/01  14:00:00,3129666.0784345856,185034.83457685454,180000.0,0.0,147020.6307031405,2597772.5469843056
 04/01  15:00:00,2829526.7211997057,169722.10663725284,180000.0,0.0,147020.6307031405,2311142.457128092
 04/01  16:00:00,2771785.4202164942,197740.85680638367,180000.0,0.0,399226.75329145463,1960552.0594608912
 04/01  17:00:00,2611249.1240608264,292704.15035397717,180000.0,0.0,285076.5888024309,1784936.8835888887
 04/01  18:00:00,3062481.1605655095,269266.5618293623,180000.0,0.0,824749.8795542028,1701898.612257065
 04/01  19:00:00,4021119.423990435,291466.5320719057,180000.0,0.0,1712252.4673353557,1729192.7909270744
 04/01  20:00:00,4874337.342003182,395642.0687943342,180000.0,0.0,2408508.7062343745,1740499.3404168691
 04/01  21:00:00,3825041.2545026806,0.0,180000.0,0.0,2002110.2148598398,1466191.9046712115
 04/01  22:00:00,1696805.617883503,34381.39036335857,180000.0,0.0,147020.6307031405,1182109.4491375296
 04/01  23:00:00,1737832.0721258018,146840.3121837424,180000.0,0.0,147020.6307031405,1157566.9561437543
 04/01  24:00:00,1779139.1141607498,219773.1725087706,180000.0,0.0,147020.6307031405,1149386.1251458295
 04/02  01:00:00,1828519.9750689636,277334.8644149096,180000.0,0.0,147020.6307031405,1141205.294147904
 04/02  02:00:00,1874961.6850936261,331957.405437497,180000.0,0.0,147020.6307031405,1133024.463149979
 04/02  03:00:00,1935899.6709811038,381186.9895473075,180000.0,0.0,147020.6307031405,1144732.8649276462
 04/02  04:00:00,2051275.9351135734,425187.153575334,180000.0,0.0,147020.6307031405,1216108.9650320897
 04/02  05:00:00,2213326.7629509084,464244.49703194,180000.0,0.0,147020.6307031405,1355333.5944612334
 04/02  06:00:00,3188955.8956632717,1208337.3283388116,180000.0,0.0,147020.6307031405,1590476.8169885944
 04/02  07:00:00,4018303.154963739,984121.3695354662,180000.0,0.0,693268.0146977357,2099596.111658748
 04/02  08:00:00,5303424.818120635,740267.5110537936,180000.0,0.0,1269995.2855454208,3053647.8230105657
 04/02  09:00:00,5104495.303045733,527616.0111554221,180000.0,0.0,702232.6873015856,3644149.7088825456
 04/02  10:00:00,5123863.151744157,350171.58742976165,180000.0,0.0,684303.3420938856,3869712.0898799403
 04/02  11:00:00,4846932.648122944,220549.72759502634,180000.0,0.0,657409.3242823355,3761921.6878315564
 04/02  12:00:00,4223989.363966228,218396.66353435337,180000.0,0.0,270135.4677960142,3533815.705904641
 04/02  13:00:00,3424298.6458965093,181328.91040489828,180000.0,0.0,147020.6307031405,2896111.0386181856
 04/02  14:00:00,3775251.327652458,133510.8930777986,180000.0,0.0,633503.5306720687,2808398.8377323058
 04/02  15:00:00,3461035.855997788,133772.93930106307,180000.0,0.0,636491.7548733521,2489129.6350921523
 04/02  16:00:00,3056297.139568793,127837.75761713607,180000.0,0.0,651432.8758797687,2062760.7554141232
 04/02  17:00:00,3174358.5754057714,250490.8231185313,180000.0,0.0,699244.4631003023,1977895.2484323434
 04/02  18:00:00,5293406.910162108,250468.54347783598,180000.0,0.0,1163913.3263998623,3610655.472798596
 04/02  19:00:00,3767749.5841425573,312240.1001550326,180000.0,0.0,1488135.652239105,1670148.895287646
 04/02  20:00:00,3624718.7096433025,466338.4051162009,180000.0,0.0,1275971.7339479877,1538293.6595340294
 04/02  21:00:00,2079752.8139333774,11016.887007592122,180000.0,0.0,456152.42432590236,1243220.143701709
 04/02  22:00:00,2683448.135492811,96680.36033272752,180000.0,0.0,944278.8476055363,1298374.0165094633
 04/02  23:00:00,2000237.0404937179,221874.1632266637,180000.0,0.0,294638.90624653763,1190105.9556816122
 04/02  24:00:00,1862696.4367529964,303330.49510101706,180000.0,0.0,147020.6307031405,1149386.1251458295
 04/03  01:00:00,1912910.229661322,361725.119007268,180000.0,0.0,147020.6307031405,1141205.294147904
 04/03  02:00:00,1972362.1896967182,416781.6546521268,180000.0,0.0,147020.6307031405,1145600.7185384417
 04/03  03:00:00,2006787.510736317,452074.8293025207,180000.0,0.0,147020.6307031405,1144732.8649276462
 04/03  04:00:00,2108398.94287972,482310.16134148056,180000.0,0.0,147020.6307031405,1216108.9650320897
 04/03  05:00:00,2253866.0391764496,504783.77325748117,180000.0,0.0,147020.6307031405,1355333.5944612334
 04/03  06:00:00,3701987.397847606,1232610.668486205,180000.0,0.0,561786.1498412685,1664469.4598874075
 04/03  07:00:00,4652140.093475653,939290.2800005731,180000.0,0.0,1237124.819331304,2234407.335071986
 04/03  08:00:00,5241770.698940799,678613.3918739575,180000.0,0.0,1269995.2855454208,3053647.8230105657
 04/03  09:00:00,5722028.572641179,451233.09783752565,180000.0,0.0,1258042.3887402874,3782256.190357185
 04/03  10:00:00,5308212.3777511045,310427.07397911994,180000.0,0.0,953243.5202093865,3824865.651222029
 04/03  11:00:00,4733831.6881461255,221497.89876242145,180000.0,0.0,657409.3242823355,3647872.5566873434
 04/03  12:00:00,4468871.528497763,134993.7858427473,180000.0,0.0,516365.14198176167,3615871.073942034
 04/03  13:00:00,3965381.2848960417,70502.7379696822,180000.0,0.0,633503.5306720687,3061536.950084006
 04/03  14:00:00,3592843.9937710506,8140.342136590465,180000.0,0.0,633503.5306720687,2751362.054792107
 04/03  15:00:00,3327262.9166967245,0.0,180000.0,0.0,636491.7548733521,2489129.6350921523
 04/03  16:00:00,3281678.91081269,0.0,180000.0,0.0,902443.7087875697,2164969.4513673554
 04/03  17:00:00,2938157.578214094,14289.825926853879,180000.0,0.0,699244.4631003023,1977895.2484323434
 04/03  18:00:00,1909682.4514817277,64205.49041177318,180000.0,0.0,147020.6307031405,1430086.7628809994
 04/03  19:00:00,3040402.559021321,151214.4965051543,180000.0,0.0,1039902.0220466034,1552061.1040087894
 04/03  20:00:00,3451121.3815367687,292741.07700966723,180000.0,0.0,1275971.7339479877,1538293.6595340294
 04/03  21:00:00,2422616.7531168773,0.0,180000.0,0.0,765284.2179486642,1287969.1762700388
 04/03  22:00:00,1673244.9908857543,0.0,180000.0,0.0,147020.6307031405,1182109.4491375296
 04/03  23:00:00,1646751.8708659867,48546.26868018735,180000.0,0.0,147020.6307031405,1157566.9561437543
 04/03  24:00:00,1711453.1782606817,152087.2366087024,180000.0,0.0,147020.6307031405,1149386.1251458295
 04/04  01:00:00,1781255.5356558221,230070.4250017684,180000.0,0.0,147020.6307031405,1141205.294147904
 04/04  02:00:00,1829509.3975332188,286505.1178770898,180000.0,0.0,147020.6307031405,1133024.463149979
 04/04  03:00:00,1892126.5159560195,337413.8345222232,180000.0,0.0,147020.6307031405,1144732.8649276462
 04/04  04:00:00,2004312.0530990572,378223.2715608177,180000.0,0.0,147020.6307031405,1216108.9650320897
 04/04  05:00:00,2157030.930978113,407948.66505914443,180000.0,0.0,147020.6307031405,1355333.5944612334
 04/04  06:00:00,3087385.5773913027,1106767.0100668434,180000.0,0.0,147020.6307031405,1590476.8169885944
 04/04  07:00:00,3914522.805586322,827378.729476725,180000.0,0.0,693268.0146977357,2152558.402340072
 04/04  08:00:00,5170708.686832735,489470.51715113106,180000.0,0.0,1269995.2855454208,3171728.685625329
 04/04  09:00:00,5576954.483769959,306159.00896630593,180000.0,0.0,1258042.3887402874,3782256.190357185
 04/04  10:00:00,5005912.963012302,177199.0945412187,180000.0,0.0,818773.431151636,3790264.3049788782
 04/04  11:00:00,4844024.252247988,88894.80919329243,90000.0,0.0,914396.605592703,3723680.9290479673
 04/04  12:00:00,4658941.877210218,13141.04102230762,0.0,0.0,886008.4756805111,3738150.8337761792
 04/04  13:00:00,4368766.642958762,0.0,0.0,0.0,1123572.299682537,3225356.2771059396
 04/04  14:00:00,3725038.677942954,0.0,0.0,0.0,877043.8030766612,2828156.8086960074
 04/04  15:00:00,2980398.3411631566,0.0,0.0,0.0,514123.9738307992,2444632.8406011374
 04/04  16:00:00,3562894.4995680144,16040.231025896039,91955.82886839562,0.0,1153454.5416953706,2267178.1473205877
 04/04  17:00:00,3609337.467112651,0.0,0.0,0.0,1252065.9403377208,2290543.486020336
 04/04  18:00:00,3700156.8023644667,0.0,135000.0,0.0,1503076.7732455216,1973710.4616331307
 04/04  19:00:00,6589850.884967312,0.0,180000.0,0.0,1936369.2824316064,4356256.666074932
 04/04  20:00:00,4615103.906722978,0.0,180000.0,0.0,2408508.7062343745,1862480.2894435194
 04/04  21:00:00,4544952.551359391,0.0,180000.0,0.0,2620672.6245254916,1554916.5679357245
 04/04  22:00:00,2815643.2923780796,0.0,180000.0,0.0,1144489.8690915203,1327038.5122414753
 04/04  23:00:00,2814221.0955202254,0.0,180000.0,0.0,442257.18178993475,2078345.898391386
 04/04  24:00:00,1559365.9416519792,0.0,180000.0,0.0,147020.6307031405,1149386.1251458295
 04/05  01:00:00,1551185.110654054,0.0,180000.0,0.0,147020.6307031405,1141205.294147904
 04/05  02:00:00,1543004.2796561292,0.0,180000.0,0.0,147020.6307031405,1133024.463149979
 04/05  03:00:00,1556309.4577181092,1596.7762843128749,180000.0,0.0,147020.6307031405,1144732.8649276462
 04/05  04:00:00,1667313.8883451354,41225.106806895674,180000.0,0.0,147020.6307031405,1216108.9650320897
 04/05  05:00:00,1842857.9774462702,93775.71152730189,180000.0,0.0,147020.6307031405,1355333.5944612334
 04/05  06:00:00,2665083.6712655183,684465.1039410585,180000.0,0.0,147020.6307031405,1590476.8169885944
 04/05  07:00:00,3277790.4697009223,584108.0976267692,180000.0,0.0,420144.3227004381,2032220.3903019251
 04/05  08:00:00,4318186.6710730605,458568.617997271,180000.0,0.0,708209.1357041523,2911894.7188607836
 04/05  09:00:00,4940282.929568406,363403.6376780947,180000.0,0.0,702232.6873015856,3644149.7088825456
 04/05  10:00:00,4902731.895979653,243089.46280947007,180000.0,0.0,684303.3420938856,3755662.9587357277
 04/05  11:00:00,5176995.7939914875,134070.6972658002,45000.0,0.0,1171383.8869030706,3799489.3014085917
 04/05  12:00:00,5034061.306226452,60479.89761721647,0.0,0.0,1132536.9722863869,3819402.9095916287
 04/05  13:00:00,4375022.87448672,6256.231527957667,0.0,0.0,1123572.299682537,3225356.2771059396
 04/05  14:00:00,4102410.4871916464,0.0,0.0,0.0,1120584.0754812537,2961988.345540107
 04/05  15:00:00,3815378.6443708455,0.0,0.0,0.0,1126560.5238838203,2667176.5937558054
 04/05  16:00:00,3454898.439673723,0.0,0.0,0.0,1153454.5416953706,2267178.1473205877
 04/05  17:00:00,3556040.3735552384,3739.6893827859103,0.0,0.0,1252065.9403377208,2233506.703080137
 04/05  18:00:00,3752530.121374533,7373.319010066203,180000.0,0.0,1503076.7732455216,1973710.4616331307
 04/05  19:00:00,4074845.814253661,53014.90879477875,180000.0,0.0,1936369.2824316064,1788236.6865665026
 04/05  20:00:00,4635580.190930232,142457.23323390464,180000.0,0.0,2408508.7062343745,1740499.3404168691
 04/05  21:00:00,3366601.2175690504,0.0,180000.0,0.0,1383547.805194188,1613690.0534766887
 04/05  22:00:00,2635637.2475303942,0.0,180000.0,0.0,944278.8476055363,1347243.488879774
 04/05  23:00:00,1598205.6021857993,0.0,180000.0,0.0,147020.6307031405,1157566.9561437543
 04/05  24:00:00,1559365.9416519792,0.0,180000.0,0.0,147020.6307031405,1149386.1251458295
 04/06  01:00:00,1551185.110654054,0.0,180000.0,0.0,147020.6307031405,1141205.294147904
 04/06  02:00:00,1564512.7316847546,21508.452028625434,180000.0,0.0,147020.6307031405,1133024.463149979
 04/06  03:00:00,1636954.8970641685,82242.2156303722,180000.0,0.0,147020.6307031405,1144732.8649276462
 04/06  04:00:00,1755834.4070235998,129745.6254853604,180000.0,0.0,147020.6307031405,1216108.9650320897
 04/06  05:00:00,1915610.3848583088,166528.11893934043,180000.0,0.0,147020.6307031405,1355333.5944612334
 04/06  06:00:00,3024841.9800325595,799844.3316896289,180000.0,0.0,354403.39027220453,1627473.138438001
 04/06  07:00:00,3489994.1663988354,626062.0876476222,180000.0,0.0,556706.1686990869,2065908.2509803362
 04/06  08:00:00,5018505.941328916,455348.6342620744,180000.0,0.0,1269995.2855454208,3053647.8230105657
 04/06  09:00:00,5566551.029602321,295755.55479866854,180000.0,0.0,1258042.3887402874,3782256.190357185
 04/06  10:00:00,5406302.572499525,160374.39812573855,90000.0,0.0,1222183.698324887,3894068.3437083294
 04/06  11:00:00,5068690.666566011,70765.56984032349,0.0,0.0,1171383.8869030706,3799489.3014085917
 04/06  12:00:00,4333600.858890234,15580.595123649033,0.0,0.0,639479.9790746354,3656898.75796073
 04/06  13:00:00,4041822.594942561,0.0,0.0,0.0,878537.9151773029,3143446.6135949725
 04/06  14:00:00,4045373.7042514477,0.0,0.0,0.0,1120584.0754812537,2904951.5625999086
 04/06  15:00:00,3832201.65281773,2298.018255062331,14524.99019182247,0.0,1126560.5238838203,2667176.5937558054
 04/06  16:00:00,4360523.004108694,63014.38956709977,402689.3938432924,0.0,776938.2923336691,3083615.1777068684
 04/06  17:00:00,3296940.6633961485,51313.10282334764,330716.65498947277,0.0,699244.4631003023,2148938.401728431
 04/06  18:00:00,2615018.0592970825,0.0,0.0,0.0,824749.8795542028,1701898.612257065
 04/06  19:00:00,3744889.005688083,0.0,180000.0,0.0,1039902.0220466034,2407762.0471807052
 04/06  20:00:00,3158380.3045271016,0.0,180000.0,0.0,1275971.7339479877,1538293.6595340294
 04/06  21:00:00,3130378.4054990606,0.0,180000.0,0.0,1383547.805194188,1377467.2414066987
 04/06  22:00:00,1673244.9908857543,0.0,180000.0,0.0,147020.6307031405,1182109.4491375296
 04/06  23:00:00,1598205.6021857993,0.0,180000.0,0.0,147020.6307031405,1157566.9561437543
 04/06  24:00:00,1559365.9416519792,0.0,180000.0,0.0,147020.6307031405,1149386.1251458295
 04/07  01:00:00,1551185.110654054,0.0,180000.0,0.0,147020.6307031405,1141205.294147904
 04/07  02:00:00,1541200.819095194,0.0,180000.0,0.0,147020.6307031405,1133024.463149979
 04/07  03:00:00,1594617.8903124987,41708.669439637364,180000.0,0.0,147020.6307031405,1144732.8649276462
 04/07  04:00:00,1726597.4560543494,100508.67451611008,180000.0,0.0,147020.6307031405,1216108.9650320897
 04/07  05:00:00,1907809.4868151054,144299.5364086572,180000.0,0.0,147020.6307031405,1355333.5944612334
 04/07  06:00:00,2742914.273250264,746064.5608773896,180000.0,0.0,147020.6307031405,1590476.8169885944
 04/07  07:00:00,2981155.479138869,558311.5135520934,180000.0,0.0,147020.6307031405,2021881.4518853012
 04/07  08:00:00,4176085.8973374674,356057.462578872,135000.0,0.0,708209.1357041523,2911894.7188607836
 04/07  09:00:00,4591907.133162832,134384.13721045223,0.0,0.0,702232.6873015856,3701186.4918227447
 04/07  10:00:00,4527033.785912458,43784.43162040438,0.0,0.0,684303.3420938856,3755662.9587357277
 04/07  11:00:00,3674562.2814314375,2370.689087649552,0.0,0.0,147020.6307031405,3496315.592665687
 04/07  12:00:00,3661450.1793203056,0.0,0.0,0.0,147020.6307031405,3492788.021885945
 04/07  13:00:00,3445960.9241491845,0.0,0.0,0.0,390262.0806876046,3035860.777291295
 04/07  14:00:00,3404703.6516344603,0.0,0.0,0.0,633503.5306720687,2751362.054792107
 04/07  15:00:00,3147262.9166967245,0.0,0.0,0.0,636491.7548733521,2489129.6350921523
 04/07  16:00:00,3215728.0419569025,0.0,0.0,0.0,902443.7087875695,2279018.5825115684
 04/07  17:00:00,3786234.1384923635,0.0,0.0,0.0,1252065.9403377208,2465636.6968391137
 04/07  18:00:00,3698353.341803532,0.0,135000.0,0.0,1503076.7732455216,1973710.4616331307
 04/07  19:00:00,4868514.545826124,0.0,180000.0,0.0,1936369.2824316064,2643937.6297384184
 04/07  20:00:00,3200523.744198861,56571.12415923938,180000.0,0.0,1275971.7339479877,1538293.6595340294
 04/07  21:00:00,3825041.25450268,0.0,180000.0,0.0,2002110.2148598395,1466191.9046712117
 04/07  22:00:00,2804822.5290124696,0.0,180000.0,0.0,1144489.8690915203,1327038.5122414753
 04/07  23:00:00,1590991.7599420594,0.0,180000.0,0.0,147020.6307031405,1157566.9561437543
 04/07  24:00:00,1559365.9416519792,0.0,180000.0,0.0,147020.6307031405,1149386.1251458295
 04/08  01:00:00,1551185.110654054,0.0,180000.0,0.0,147020.6307031405,1141205.294147904
 04/08  02:00:00,1541200.819095194,0.0,180000.0,0.0,147020.6307031405,1133024.463149979
 04/08  03:00:00,1552909.2208728613,0.0,180000.0,0.0,147020.6307031405,1144732.8649276462
 04/08  04:00:00,1653016.044047221,26927.26250898176,180000.0,0.0,147020.6307031405,1216108.9650320897
 04/08  05:00:00,1822074.6709453687,58564.72053892067,180000.0,0.0,147020.6307031405,1355333.5944612334
 04/08  06:00:00,3203118.6950455057,489412.5583472642,180000.0,0.0,561786.1498412685,1892567.722175833
 04/08  07:00:00,3479874.6773351775,433068.66798035917,180000.0,0.0,693268.0146977357,2099596.111658748
 04/08  08:00:00,3950162.5382555453,265134.10349694995,0.0,0.0,708209.1357041523,2911894.7188607836
 04/08  09:00:00,4495580.307058863,95094.09404668154,0.0,0.0,702232.6873015856,3644149.7088825456
 04/08  10:00:00,4493473.948972054,10224.59468000077,0.0,0.0,684303.3420938856,3755662.9587357277
 04/08  11:00:00,3672191.5923437877,0.0,0.0,0.0,147020.6307031405,3496315.592665687
 04/08  12:00:00,3661450.1793203056,0.0,0.0,0.0,147020.6307031405,3492788.021885945
 04/08  13:00:00,3225946.9383502984,0.0,0.0,0.0,268641.35569537256,2937467.516484641
 04/08  14:00:00,3485089.4129966106,10435.100839258537,69950.66052289153,0.0,633503.5306720687,2751362.054792107
 04/08  15:00:00,3722046.0065947226,74024.19466925343,500758.89522874495,0.0,636491.7548733521,2489129.6350921523
 04/08  16:00:00,3722200.352044085,124862.69259838518,848878.2774940426,0.0,651432.8758797687,2062760.7554141232
 04/08  17:00:00,3033586.614157267,37067.6504235656,250847.750885526,0.0,699244.4631003023,1977895.2484323434
 04/08  18:00:00,2762270.290082407,7667.994751141014,141387.69659511864,0.0,824749.8795542028,1701898.612257065
 04/08  19:00:00,5663683.589481056,0.0,180000.0,0.0,1936369.2824316064,3439106.67339335
 04/08  20:00:00,5517826.2149170805,0.0,180000.0,0.0,2408508.7062343745,2779630.2821251014
 04/08  21:00:00,4532328.327432846,0.0,180000.0,0.0,2620672.6245254916,1554916.5679357245
 04/08  22:00:00,3033698.0462304656,0.0,180000.0,0.0,1344700.8905775044,1355703.0079734873
 04/08  23:00:00,1771149.0350233146,0.0,180000.0,0.0,294638.90624653763,1190105.9556816122
 04/08  24:00:00,1559365.9416519792,0.0,180000.0,0.0,147020.6307031405,1149386.1251458295
 04/09  01:00:00,1551185.110654054,0.0,180000.0,0.0,147020.6307031405,1141205.294147904
 04/09  02:00:00,1543004.2796561292,0.0,180000.0,0.0,147020.6307031405,1133024.463149979
 04/09  03:00:00,1554712.6814337962,0.0,180000.0,0.0,147020.6307031405,1144732.8649276462
 04/09  04:00:00,1642192.4341577725,16103.6526195331,180000.0,0.0,147020.6307031405,1216108.9650320897
 04/09  05:00:00,1809487.4840338328,60405.21811486449,180000.0,0.0,147020.6307031405,1355333.5944612334
 04/09  06:00:00,2600627.1354251923,620008.5681007323,180000.0,0.0,147020.6307031405,1590476.8169885944
 04/09  07:00:00,3535828.5690734363,501646.783645163,180000.0,0.0,693268.0146977357,2099596.111658748
 04/09  08:00:00,4525838.421544853,314450.7414735365,180000.0,0.0,989102.2106247866,2982771.2709356747
 04/09  09:00:00,5199120.917326843,108325.44252319014,0.0,0.0,1258042.3887402874,3782256.190357185
 04/09  10:00:00,5217768.27378292,4803.31646893397,0.0,0.0,1222183.698324887,3951105.1266485285
 04/09  11:00:00,4997925.096725687,0.0,0.0,0.0,1171383.8869030706,3799489.3014085917
 04/09  12:00:00,4645800.83618791,0.0,0.0,0.0,886008.4756805112,3738150.8337761797
 04/09  13:00:00,3849380.98905103,17042.94768176609,117459.49444290428,0.0,633503.5306720687,3061536.950084006
 04/09  14:00:00,4260599.985986451,87346.63256888873,608382.1886288547,0.0,755273.666874365,2789759.4317440577
 04/09  15:00:00,5748674.4807157125,227614.8996261917,1591631.8055744623,0.0,1126560.5238838203,2781225.7249000184
 04/09  16:00:00,5083122.292743338,227375.54968622993,1577458.067813902,0.0,1027949.1252414702,2216073.7993439715
 04/09  17:00:00,5558988.3058524765,122752.64959643647,839389.6841706489,0.0,837449.832409657,3692668.0989211393
 04/09  18:00:00,4367412.089380957,87687.44061060538,592586.8973792349,0.0,1503076.7732455216,2095691.4106597812
 04/09  19:00:00,4100764.825793532,21990.14080282846,236943.7795318212,0.0,1936369.2824316064,1788236.6865665026
 04/09  20:00:00,4493122.957696328,0.0,180000.0,0.0,2408508.7062343745,1740499.3404168691
 04/09  21:00:00,4544952.551359391,0.0,180000.0,0.0,2620672.6245254916,1554916.5679357245
 04/09  22:00:00,3502269.8440320673,0.0,180000.0,0.0,1745122.9335494724,1413031.9994375112
 04/09  23:00:00,2139667.0697283912,0.0,180000.0,0.0,591668.3918541019,1254380.662535385
 04/09  24:00:00,1559365.9416519792,0.0,180000.0,0.0,147020.6307031405,1149386.1251458295
 04/10  01:00:00,1551185.110654054,0.0,180000.0,0.0,147020.6307031405,1141205.294147904
 04/10  02:00:00,1543004.2796561292,0.0,180000.0,0.0,147020.6307031405,1133024.463149979
 04/10  03:00:00,1554712.6814337962,0.0,180000.0,0.0,147020.6307031405,1144732.8649276462
 04/10  04:00:00,1626088.7815382394,0.0,180000.0,0.0,147020.6307031405,1216108.9650320897
 04/10  05:00:00,1749082.2659189685,0.0,180000.0,0.0,147020.6307031405,1355333.5944612334
 04/10  06:00:00,2728375.201020066,446340.76973693696,180000.0,0.0,354403.39027220453,1684509.9213782
 04/10  07:00:00,3404548.3023694493,370366.5169411766,180000.0,0.0,693268.0146977357,2099596.111658748
 04/10  08:00:00,3942361.4675604342,262743.41448464396,0.0,0.0,708209.1357041523,2911894.7188607836
 04/10  09:00:00,4530245.990560636,133366.698670325,0.0,0.0,702232.6873015856,3644149.7088825456
 04/10  10:00:00,4670578.6705522165,21864.802081132537,0.0,0.0,818773.431151636,3790264.3049788782
 04/10  11:00:00,4332333.789383704,0.0,0.0,0.0,657409.3242823355,3647872.5566873434
 04/10  12:00:00,4318020.263766585,0.0,0.0,0.0,639479.9790746354,3656898.75796073
 04/10  13:00:00,4419676.752416839,26122.02214361581,188260.11132256157,0.0,1001055.10742992,3184401.445350456
 04/10  14:00:00,4993382.083603155,114655.1484291683,833353.2309225386,0.0,1120584.0754812537,2904951.5625999086
 04/10  15:00:00,5494174.810392298,203443.04726170225,1475353.1187597492,0.0,1126560.5238838203,2667176.5937558054
 04/10  16:00:00,5540564.997782261,255145.21710395516,1830521.341004583,0.0,1153454.5416953706,2267178.1473205877
 04/10  17:00:00,5003103.299171395,179931.19038144982,1270871.4246174926,0.0,1252065.9403377208,2233506.703080137
 04/10  18:00:00,4685286.536723062,140916.71285639697,979213.021502199,0.0,1503076.7732455216,1973710.4616331307
 04/10  19:00:00,4203359.156139407,81936.70005830101,562752.2613579028,0.0,1712252.4673353557,1729192.7909270742
 04/10  20:00:00,2978380.3045271016,0.0,0.0,0.0,1275971.7339479877,1538293.6595340294
 04/10  21:00:00,2950378.4054990606,0.0,0.0,0.0,1383547.805194188,1377467.2414066987
 04/10  22:00:00,2406767.7751600835,0.0,0.0,0.0,944278.8476055363,1298374.0165094633
 04/10  23:00:00,1868520.1523483095,0.0,90000.0,0.0,442257.18178993475,1222644.9552194702
 04/10  24:00:00,1559365.9416519792,0.0,180000.0,0.0,147020.6307031405,1149386.1251458295
 04/11  01:00:00,1551185.110654054,0.0,180000.0,0.0,147020.6307031405,1141205.294147904
 04/11  02:00:00,1543004.2796561292,0.0,180000.0,0.0,147020.6307031405,1133024.463149979
 04/11  03:00:00,1554712.6814337962,0.0,180000.0,0.0,147020.6307031405,1144732.8649276462
 04/11  04:00:00,1642429.8426778486,0.0,180000.0,0.0,152100.61184532216,1227370.045029517
 04/11  05:00:00,1749082.2659189685,0.0,180000.0,0.0,147020.6307031405,1355333.5944612334
 04/11  06:00:00,2264256.9906149516,283638.42329049215,180000.0,0.0,147020.6307031405,1590476.8169885944
 04/11  07:00:00,2655591.3060066877,249446.0566053312,180000.0,0.0,147020.6307031405,2017806.9596264265
 04/11  08:00:00,3896042.2779592453,208471.83584835188,180000.0,0.0,567912.0094538993,2880144.2341461387
 04/11  09:00:00,5438087.146622157,167291.67181850405,180000.0,0.0,1258042.3887402874,3782256.190357185
 04/11  10:00:00,5475049.501083303,139121.32670951675,180000.0,0.0,1222183.698324887,3894068.3437083294
 04/11  11:00:00,5333347.154346345,98385.27468045834,180000.0,0.0,1171383.8869030706,3856526.0843487913
 04/11  12:00:00,5265831.538304127,112250.12969489161,180000.0,0.0,1132536.9722863869,3819402.9095916287
 04/11  13:00:00,4664849.244172279,116082.6012135169,180000.0,0.0,1123572.299682537,3225356.2771059396
 04/11  14:00:00,4342175.478414347,116801.77416289941,180000.0,0.0,1120584.0754812537,2904951.5625999086
 04/11  15:00:00,4115838.0279456563,120459.38357481122,180000.0,0.0,1126560.5238838203,2667176.5937558054
 04/11  16:00:00,3766459.867975781,131561.42830205793,180000.0,0.0,1153454.5416953706,2267178.1473205877
 04/11  17:00:00,3943513.9242322324,211213.2400597798,180000.0,0.0,1252065.9403377208,2233506.703080137
 04/11  18:00:00,3931515.334804881,186358.53244041442,180000.0,0.0,1503076.7732455216,1973710.4616331307
 04/11  19:00:00,3661155.7145892046,205646.2306016802,180000.0,0.0,1488135.652239105,1670148.895287646
 04/11  20:00:00,3460630.214663843,302249.91013674176,180000.0,0.0,1275971.7339479877,1538293.6595340294
 04/11  21:00:00,3130378.4054990606,0.0,180000.0,0.0,1383547.805194188,1377467.2414066987
 04/11  22:00:00,3044518.809596075,0.0,180000.0,0.0,1344700.8905775044,1355703.0079734873
 04/11  23:00:00,1958520.1523483095,0.0,180000.0,0.0,442257.18178993475,1222644.9552194702
 04/11  24:00:00,1577990.5699226286,18624.628270649242,180000.0,0.0,147020.6307031405,1149386.1251458295
 04/12  01:00:00,1619188.3662339835,68003.25557992954,180000.0,0.0,147020.6307031405,1141205.294147904
 04/12  02:00:00,1641831.5810640152,98827.30140788594,180000.0,0.0,147020.6307031405,1133024.463149979
 04/12  03:00:00,1679850.1612190956,125137.47978529951,180000.0,0.0,147020.6307031405,1144732.8649276462
 04/12  04:00:00,1775867.23236129,149778.45082305052,180000.0,0.0,147020.6307031405,1216108.9650320897
 04/12  05:00:00,1920792.9907194485,171710.72480048003,180000.0,0.0,147020.6307031405,1355333.5944612334
 04/12  06:00:00,2784109.036921645,803490.4695971854,180000.0,0.0,147020.6307031405,1590476.8169885944
 04/12  07:00:00,3477516.0548092243,613583.9760580116,180000.0,0.0,556706.1686990869,2065908.2509803362
 04/12  08:00:00,4671075.326633904,459687.64656258817,180000.0,0.0,989102.2106247866,2982771.2709356747
 04/12  09:00:00,5671042.702752767,343210.4450089168,180000.0,0.0,1258042.3887402874,3839292.9732973846
 04/12  10:00:00,5630737.439562708,294809.2651889213,180000.0,0.0,1222183.698324887,3894068.3437083294
 04/12  11:00:00,5426951.8763328,249026.77960711299,180000.0,0.0,1171383.8869030706,3799489.3014085917
 04/12  12:00:00,4716723.077034768,218702.81326818283,180000.0,0.0,639479.9790746354,3656898.75796073
 04/12  13:00:00,4241629.130232755,183278.55929829492,180000.0,0.0,756020.7229246858,3102491.781839489
 04/12  14:00:00,4069838.9457249623,164800.26778200854,180000.0,0.0,877043.8030766612,2828156.8086960074
 04/12  15:00:00,3856972.212630351,138614.64915636714,180000.0,0.0,881526.1393785863,2635189.897364178
 04/12  16:00:00,3788844.7574998643,153946.317826141,180000.0,0.0,1153454.5416953706,2267178.1473205877
 04/12  17:00:00,4688233.129263177,222212.45094545808,180000.0,0.0,1252065.9403377208,2967226.6972254026
 04/12  18:00:00,4061124.7619580356,193987.01056691838,180000.0,0.0,1503076.7732455216,2095691.4106597812
 04/12  19:00:00,4228612.570976302,206781.66551741998,180000.0,0.0,1936369.2824316064,1788236.6865665026
 04/12  20:00:00,4115874.659779891,290123.02866817615,180000.0,0.0,1842240.220091181,1639396.4999754494
 04/12  21:00:00,3130378.4054990606,0.0,180000.0,0.0,1383547.805194188,1377467.2414066987
 04/12  22:00:00,2586767.7751600835,0.0,180000.0,0.0,944278.8476055363,1298374.0165094633
 04/12  23:00:00,1607511.9721090985,9306.369923299308,180000.0,0.0,147020.6307031405,1157566.9561437543
 04/12  24:00:00,1622388.5019401275,63022.56028814832,180000.0,0.0,147020.6307031405,1149386.1251458295
 04/13  01:00:00,1693007.8344023032,110730.67944057976,180000.0,0.0,165398.20954103302,1153919.7596176811
 04/13  02:00:00,1708057.32999607,152476.79495147822,180000.0,0.0,147020.6307031405,1145600.7185384417
 04/13  03:00:00,1733105.5328645369,177421.3713470378,180000.0,0.0,147020.6307031405,1145704.3450113488
 04/13  04:00:00,1823813.815313377,197725.03377513762,180000.0,0.0,147020.6307031405,1216108.9650320897
 04/13  05:00:00,2119230.9100362216,210186.4205091371,180000.0,0.0,282686.00944140425,1379630.4393310854
 04/13  06:00:00,3783820.193262426,822039.6521229513,180000.0,0.0,980137.5380209365,1738521.8834858132
 04/13  07:00:00,4325974.383789566,613124.5703144872,180000.0,0.0,1237124.819331304,2234407.335071986
 04/13  08:00:00,5022256.968126446,402062.8781194057,180000.0,0.0,1269995.2855454208,3110684.605950765
 04/13  09:00:00,6391085.1863517165,309588.7683761476,135000.0,0.0,1258042.3887402874,4637957.1335291015
 04/13  10:00:00,4771329.597422804,238724.87357129692,0.0,0.0,684303.3420938856,3808625.249417052
 04/13  11:00:00,5004703.693900641,169101.9317515749,0.0,0.0,1042890.2462478869,3765659.607487154
 04/13  12:00:00,5089893.138547714,116311.72993847857,0.0,0.0,1132536.9722863869,3819402.9095916287
 04/13  13:00:00,4431978.560889818,63211.91793105597,0.0,0.0,1123572.299682537,3225356.2771059396
 04/13  14:00:00,3911144.581126273,25938.39002907231,0.0,0.0,998813.9392789574,2866554.185647958
 04/13  15:00:00,3482715.7265169146,1394.9459831291288,0.0,0.0,881526.1393785863,2578153.114423979
 04/13  16:00:00,3682996.701962149,0.0,0.0,0.0,1153454.5416953706,2495276.4096090132
 04/13  17:00:00,3552300.6841724524,0.0,0.0,0.0,1252065.9403377208,2233506.703080137
 04/13  18:00:00,2705018.0592970825,0.0,90000.0,0.0,824749.8795542028,1701898.612257065
 04/13  19:00:00,2889188.062516167,0.0,180000.0,0.0,1039902.0220466034,1552061.1040087894
 04/13  20:00:00,4558660.30596865,65537.34827232237,180000.0,0.0,2408508.7062343745,1740499.3404168691
 04/13  21:00:00,4544952.551359391,0.0,180000.0,0.0,2620672.6245254916,1554916.5679357245
 04/13  22:00:00,2587757.417458911,0.0,180000.0,0.0,946071.7821263064,1297570.7242875204
 04/13  23:00:00,1598205.6021857993,0.0,180000.0,0.0,147020.6307031405,1157566.9561437543
 04/13  24:00:00,1559365.9416519792,0.0,180000.0,0.0,147020.6307031405,1149386.1251458295
 04/14  01:00:00,1551185.110654054,0.0,180000.0,0.0,147020.6307031405,1141205.294147904
 04/14  02:00:00,1541200.819095194,0.0,180000.0,0.0,147020.6307031405,1133024.463149979
 04/14  03:00:00,1566935.8115947978,14026.590721936253,180000.0,0.0,147020.6307031405,1144732.8649276462
 04/14  04:00:00,1682330.395755726,56241.61421748638,180000.0,0.0,147020.6307031405,1216108.9650320897
 04/14  05:00:00,1931157.3467170494,53598.265166388264,180000.0,0.0,147020.6307031405,1469382.725605446
 04/14  06:00:00,3165363.8107936173,565706.8052395887,180000.0,0.0,561786.1498412685,1778518.5910316203
 04/14  07:00:00,3207571.8504344122,501265.25443371455,180000.0,0.0,420144.3227004381,2032220.390301925
 04/14  08:00:00,3530358.860504846,369818.838641339,180000.0,0.0,147020.6307031405,2768594.810966707
 04/14  09:00:00,4181574.186271146,257236.97962199873,45000.0,0.0,285823.64485275175,3539409.7449683454
 04/14  10:00:00,4614408.698986917,131159.34469486403,0.0,0.0,684303.3420938856,3755662.9587357277
 04/14  11:00:00,4063479.489375088,60315.068230874494,0.0,0.0,402214.977492738,3572094.0746765155
 04/14  12:00:00,4324563.492414359,6543.22864777438,0.0,0.0,639479.9790746354,3656898.75796073
 04/14  13:00:00,3714878.5469263596,0.0,0.0,0.0,633503.5306720687,3061536.950084006
 04/14  14:00:00,3404703.6516344603,0.0,0.0,0.0,633503.5306720687,2751362.054792107
 04/14  15:00:00,3293327.415653685,4216.3076703210945,27799.060142426944,0.0,636491.7548733521,2603178.7662363653
 04/14  16:00:00,3108610.40570709,32296.947634006716,213804.9449772136,0.0,651432.8758797687,2176809.8865583357
 04/14  17:00:00,2745671.2128481753,0.0,0.0,0.0,699244.4631003023,1977895.2484323434
 04/14  18:00:00,2748214.5987361474,0.0,135000.0,0.0,824749.8795542028,1701898.612257065
 04/14  19:00:00,2880170.759711492,0.0,180000.0,0.0,1039902.0220466034,1552061.1040087894
 04/14  20:00:00,3144773.567760793,820.9477211717568,180000.0,0.0,1275971.7339479877,1538293.6595340294
 04/14  21:00:00,4178684.7909677634,0.0,180000.0,0.0,2311391.419692666,1510554.236303468
 04/14  22:00:00,2119185.6196573093,0.0,180000.0,0.0,545649.7391543384,1240241.7328234965
 04/14  23:00:00,1590991.7599420594,0.0,180000.0,0.0,147020.6307031405,1157566.9561437543
 04/14  24:00:00,1559365.9416519792,0.0,180000.0,0.0,147020.6307031405,1149386.1251458295
 04/15  01:00:00,1551185.110654054,0.0,180000.0,0.0,147020.6307031405,1141205.294147904
 04/15  02:00:00,1541200.819095194,0.0,180000.0,0.0,147020.6307031405,1133024.463149979
 04/15  03:00:00,1552909.2208728613,0.0,180000.0,0.0,147020.6307031405,1144732.8649276462
 04/15  04:00:00,1643470.914377388,17382.132839148515,180000.0,0.0,147020.6307031405,1216108.9650320897
 04/15  05:00:00,1822329.640580731,58819.69017428272,180000.0,0.0,147020.6307031405,1355333.5944612334
 04/15  06:00:00,2606774.3333243467,609924.620951472,180000.0,0.0,147020.6307031405,1590476.8169885944
 04/15  07:00:00,2875683.457909365,509876.2752627883,180000.0,0.0,147020.6307031405,1964844.668945102
 04/15  08:00:00,4236502.134661309,371473.699902714,180000.0,0.0,708209.1357041523,2911894.7188607836
 04/15  09:00:00,7453251.0589717515,288511.18240934284,90000.0,0.0,980137.5380209364,6040498.521713423
 04/15  10:00:00,6021064.538362481,227752.61952075598,0.0,0.0,684303.3420938856,5065725.523285397
 04/15  11:00:00,4498537.395815314,164400.14587067455,0.0,0.0,657409.3242823355,3647872.5566873434
 04/15  12:00:00,4453067.085309839,135046.82154325416,0.0,0.0,639479.9790746354,3656898.75796073
 04/15  13:00:00,3818786.6719643082,103908.12503794879,0.0,0.0,633503.5306720687,3061536.950084006
 04/15  14:00:00,3631904.306459169,92200.65482470827,135000.0,0.0,633503.5306720687,2751362.054792107
 04/15  15:00:00,3434894.9337059576,107632.01700923336,180000.0,0.0,636491.7548733521,2489129.6350921523
 04/15  16:00:00,3788377.838617646,100517.10826259878,180000.0,0.0,1153454.5416953706,2320140.438001912
 04/15  17:00:00,3916642.9115051553,178464.2745128929,180000.0,0.0,1252065.9403377208,2237581.1953390115
 04/15  18:00:00,3909578.9224852724,166225.58068174042,180000.0,0.0,1503076.7732455216,1973710.4616331307
 04/15  19:00:00,4203262.048801492,190448.44614728447,180000.0,0.0,1936369.2824316064,1788236.6865665026
 04/15  20:00:00,4757725.586745723,279030.3135368762,180000.0,0.0,2408508.7062343745,1740499.3404168691
 04/15  21:00:00,3117754.1815725155,0.0,180000.0,0.0,1383547.805194188,1377467.2414066987
 04/15  22:00:00,2119185.6196573093,0.0,180000.0,0.0,545649.7391543384,1240241.7328234965
 04/15  23:00:00,1601168.0278735782,10176.267931518745,180000.0,0.0,147020.6307031405,1157566.9561437543
 04/15  24:00:00,1626501.764044202,67135.82239222268,180000.0,0.0,147020.6307031405,1149386.1251458295
 04/16  01:00:00,1667863.3600674612,116678.24941340715,180000.0,0.0,147020.6307031405,1141205.294147904
 04/16  02:00:00,1693421.8333450102,150417.5536888809,180000.0,0.0,147020.6307031405,1133024.463149979
 04/16  03:00:00,1737290.2223898526,182577.5409560566,180000.0,0.0,147020.6307031405,1144732.8649276462
 04/16  04:00:00,1854145.8106290977,211715.96795124904,180000.0,0.0,152100.61184532216,1227370.045029517
 04/16  05:00:00,2145531.393322899,236609.9691840527,180000.0,0.0,281789.54218101926,1380403.8412032323
 04/16  06:00:00,3368272.691845784,898895.962484383,180000.0,0.0,561786.1498412685,1664469.4598874075
 04/16  07:00:00,3765897.92583956,731716.1404112867,180000.0,0.0,693268.0146977357,2099596.111658748
 04/16  08:00:00,4482275.657051995,622657.6039762053,180000.0,0.0,708209.1357041523,2911894.7188607836
 04/16  09:00:00,5486433.639253279,562596.2559062976,180000.0,0.0,980137.5380209365,3713202.949619865
 04/16  10:00:00,6683654.218880344,492025.1013346413,180000.0,0.0,1222183.698324887,4749769.286880245
 04/16  11:00:00,5625908.970315388,447983.87358970026,180000.0,0.0,1171383.8869030706,3799489.3014085917
 04/16  12:00:00,5577484.43312211,423903.0245128743,180000.0,0.0,1132536.9722863869,3819402.9095916287
 04/16  13:00:00,4940578.657006492,319061.2259858412,180000.0,0.0,1001055.10742992,3420624.257420446
 04/16  14:00:00,4616263.865310949,342020.6886891915,180000.0,0.0,1120584.0754812537,2953821.0349702192
 04/16  15:00:00,3746889.951876385,362590.2522394615,180000.0,0.0,636491.7548733521,2546166.4180323514
 04/16  16:00:00,3302799.861467315,374340.479515658,180000.0,0.0,651432.8758797687,2062760.7554141232
 04/16  17:00:00,4160230.485089187,427929.8009167349,180000.0,0.0,1252065.9403377208,2233506.703080137
 04/16  18:00:00,4120535.364820757,375378.56245629024,180000.0,0.0,1503076.7732455216,1973710.4616331307
 04/16  19:00:00,4396880.793118231,375049.8876593483,180000.0,0.0,1936369.2824316064,1788236.6865665026
 04/16  20:00:00,4930337.7542901505,437214.7965938223,180000.0,0.0,2408508.7062343745,1740499.3404168691
 04/16  21:00:00,4544952.551359391,0.0,180000.0,0.0,2620672.6245254916,1554916.5679357245
 04/16  22:00:00,3505999.665619573,3729.8215875058795,180000.0,0.0,1745122.9335494724,1413031.9994375112
 04/16  23:00:00,2031535.2741715787,73015.1218232692,180000.0,0.0,442257.18178993475,1222644.9552194702
 04/16  24:00:00,1856098.7033390214,137888.50673237126,180000.0,0.0,256987.28131036749,1198263.7294932734
 04/17  01:00:00,1813738.6340902005,185299.76438297605,180000.0,0.0,192889.8721928398,1172589.8117113751
 04/17  02:00:00,1775751.1179952915,220170.5829506999,180000.0,0.0,147020.6307031405,1145600.7185384417
 04/17  03:00:00,1805977.0375772878,251021.48612256566,180000.0,0.0,147020.6307031405,1144975.7349485718
 04/17  04:00:00,1903161.1501460725,277072.3686078332,180000.0,0.0,147020.6307031405,1216108.9650320897
 04/17  05:00:00,2048700.874204724,299618.60828575556,180000.0,0.0,147020.6307031405,1355333.5944612334
 04/17  06:00:00,3447631.0636132024,978254.3342518013,180000.0,0.0,561786.1498412685,1664469.4598874075
 04/17  07:00:00,3782544.295002185,748362.5095739115,180000.0,0.0,693268.0146977357,2099596.111658748
 04/17  08:00:00,4093790.064427447,586416.2177992008,180000.0,0.0,427614.8832036464,2840244.764913745
 04/17  09:00:00,4760381.291524322,416885.5393984871,180000.0,0.0,424626.659002363,3688372.197417292
 04/17  10:00:00,5022423.319046661,362780.8858764782,180000.0,0.0,684303.3420938856,3755662.9587357277
 04/17  11:00:00,4331593.3151056,315718.76892253436,180000.0,0.0,274617.8040979392,3534204.8336711014
 04/17  12:00:00,4119550.944409479,278100.7650891734,180000.0,0.0,147020.6307031405,3492788.021885945
 04/17  13:00:00,3794529.1057071714,225604.96449818573,180000.0,0.0,390262.0806876046,2978823.994351096
 04/17  14:00:00,4090971.445816338,185932.76787338406,180000.0,0.0,877043.8030766612,2828156.808696008
 04/17  15:00:00,5784044.145045001,137795.51384730815,180000.0,0.0,1126560.5238838203,4318046.580582653
 04/17  16:00:00,3369716.007525864,142665.91211704025,180000.0,0.0,776938.2923336691,2235846.0524173896
 04/17  17:00:00,3995079.5878898706,215510.8924307145,180000.0,0.0,699244.4631003023,2833596.1916042594
 04/17  18:00:00,3704951.1307134544,197329.01411583403,180000.0,0.0,1333495.049822692,1905757.4992891143
 04/17  19:00:00,8238848.98251474,252144.29927521292,180000.0,0.0,1936369.2824316064,5753110.464347147
 04/17  20:00:00,11493332.24512908,449896.464684403,180000.0,0.0,2408508.7062343745,8290812.163165222
 04/17  21:00:00,6785306.248665984,0.0,180000.0,0.0,2002110.2148598398,4413832.67490797
 04/17  22:00:00,2586767.7751600835,0.0,180000.0,0.0,944278.8476055363,1298374.0165094633
 04/17  23:00:00,1964034.6852551606,5514.53290685112,180000.0,0.0,442257.18178993475,1222644.9552194702
 04/17  24:00:00,1624658.1866346865,65292.24498270718,180000.0,0.0,147020.6307031405,1149386.1251458295
 04/18  01:00:00,1672618.1531002277,121433.04244617367,180000.0,0.0,147020.6307031405,1141205.294147904
 04/18  02:00:00,1703530.4676370604,160526.18798093122,180000.0,0.0,147020.6307031405,1133024.463149979
 04/18  03:00:00,1750728.0164382407,196015.33500444438,180000.0,0.0,147020.6307031405,1144732.8649276462
 04/18  04:00:00,1871811.8005595428,229381.95788169408,180000.0,0.0,152100.61184532216,1227370.045029517
 04/18  05:00:00,2164175.0832871646,255253.65914831823,180000.0,0.0,281789.54218101926,1380403.8412032323
 04/18  06:00:00,3385067.699558835,915690.9701974341,180000.0,0.0,561786.1498412685,1664469.4598874075
 04/18  07:00:00,3727256.850766291,693075.0653380177,180000.0,0.0,693268.0146977357,2099596.111658748
 04/18  08:00:00,4330677.530523453,471059.47744766274,180000.0,0.0,708209.1357041523,2911894.7188607836
 04/18  09:00:00,4135607.2688018177,298593.3187288861,135000.0,0.0,147020.6307031405,3504496.423663612
 04/18  10:00:00,4152952.4507488525,181281.028184095,0.0,0.0,281341.30855082674,3650653.981673361
 04/18  11:00:00,4419481.413649285,87147.62426558147,0.0,0.0,657409.3242823355,3647872.5566873434
 04/18  12:00:00,4668699.975161551,11653.453577201568,0.0,0.0,762744.2273775733,3872660.767475556
 04/18  13:00:00,4539809.796254851,0.0,0.0,0.0,1123572.299682537,3396399.4304020274
 04/18  14:00:00,4045373.7042514477,0.0,0.0,0.0,1120584.0754812537,2904951.5625999086
 04/18  15:00:00,3147262.9166967245,0.0,0.0,0.0,636491.7548733521,2489129.6350921523
 04/18  16:00:00,3101678.9108126904,0.0,0.0,0.0,902443.7087875695,2164969.4513673554
 04/18  17:00:00,5325151.620025951,0.0,0.0,0.0,1252065.9403377208,4006357.6389336344
 04/18  18:00:00,6255157.730899546,0.0,0.0,0.0,1503076.7732455216,4663711.390168211
 04/18  19:00:00,2754188.062516167,0.0,45000.0,0.0,1039902.0220466034,1552061.1040087894
 04/18  20:00:00,3169875.4758898267,11495.171362725192,180000.0,0.0,1275971.7339479877,1538293.6595340294
 04/18  21:00:00,3837665.4784292257,0.0,180000.0,0.0,2002110.2148598395,1466191.9046712117
 04/18  22:00:00,2130006.383022919,0.0,180000.0,0.0,545649.7391543384,1240241.7328234965
 04/18  23:00:00,1598205.6021857993,0.0,180000.0,0.0,147020.6307031405,1157566.9561437543
 04/18  24:00:00,1559365.9416519792,0.0,180000.0,0.0,147020.6307031405,1149386.1251458295
 04/19  01:00:00,1551185.110654054,0.0,180000.0,0.0,147020.6307031405,1141205.294147904
 04/19  02:00:00,1543004.2796561292,0.0,180000.0,0.0,147020.6307031405,1133024.463149979
 04/19  03:00:00,1560497.9219182662,5785.240484470016,180000.0,0.0,147020.6307031405,1144732.8649276462
 04/19  04:00:00,1681196.3850513566,55107.60351311707,180000.0,0.0,147020.6307031405,1216108.9650320897
 04/19  05:00:00,1847832.7868597892,98750.52094082082,180000.0,0.0,147020.6307031405,1355333.5944612334
 04/19  06:00:00,3119601.399365224,650224.6700038228,180000.0,0.0,561786.1498412685,1664469.4598874075
 04/19  07:00:00,3032348.1854534927,508915.5200564004,180000.0,0.0,283582.4767017893,1998532.5296235136
 04/19  08:00:00,3665541.6132677565,293167.7666395105,45000.0,0.0,427614.8832036464,2840244.764913745
 04/19  09:00:00,4861401.528703255,117564.14535627299,0.0,0.0,980137.5380209365,3713202.949619865
 04/19  10:00:00,5171813.566049997,15885.391676209983,0.0,0.0,1222183.698324887,3894068.3437083294
 04/19  11:00:00,4997925.096725687,0.0,0.0,0.0,1171383.8869030706,3799489.3014085917
 04/19  12:00:00,4973581.408609236,0.0,0.0,0.0,1132536.9722863869,3819402.9095916287
 04/19  13:00:00,4368766.642958762,0.0,0.0,0.0,1123572.299682537,3225356.2771059396
 04/19  14:00:00,4045373.7042514477,0.0,0.0,0.0,1120584.0754812537,2904951.5625999086
 04/19  15:00:00,3185435.873921634,4939.479962630536,33233.477262279324,0.0,636491.7548733521,2489129.6350921523
 04/19  16:00:00,3887896.2278739484,55961.88265561753,377035.9055446078,0.0,1153454.5416953706,2267178.1473205877
 04/19  17:00:00,2807347.172899996,8203.270565489318,55276.15004726633,0.0,699244.4631003023,1977895.2484323434
 04/19  18:00:00,2615018.0592970825,0.0,0.0,0.0,824749.8795542028,1701898.612257065
 04/19  19:00:00,1578524.5041711046,0.0,0.0,0.0,147020.6307031405,1314278.93700719
 04/19  20:00:00,1825676.716655121,0.0,180000.0,0.0,147020.6307031405,1334541.1749068962
 04/19  21:00:00,1714855.1007346937,0.0,180000.0,0.0,147020.6307031405,1198471.1111333792
 04/19  22:00:00,2358387.0790915014,0.0,180000.0,0.0,744964.2933799373,1269307.8746664799
 04/19  23:00:00,1958520.1523483095,0.0,180000.0,0.0,442257.18178993475,1222644.9552194702
 04/19  24:00:00,1559365.9416519792,0.0,180000.0,0.0,147020.6307031405,1149386.1251458295
 04/20  01:00:00,1551185.110654054,0.0,180000.0,0.0,147020.6307031405,1141205.294147904
 04/20  02:00:00,1543004.2796561292,0.0,180000.0,0.0,147020.6307031405,1133024.463149979
 04/20  03:00:00,1554712.6814337962,0.0,180000.0,0.0,147020.6307031405,1144732.8649276462
 04/20  04:00:00,1626088.7815382394,0.0,180000.0,0.0,147020.6307031405,1216108.9650320897
 04/20  05:00:00,1775582.175974355,26499.910055386666,180000.0,0.0,147020.6307031405,1355333.5944612334
 04/20  06:00:00,2538197.8606638364,557579.2933393765,180000.0,0.0,147020.6307031405,1590476.8169885944
 04/20  07:00:00,4066601.887407897,398752.07393281703,135000.0,0.0,1237124.819331304,2234407.335071986
 04/20  08:00:00,4601152.726481689,160958.63647464954,0.0,0.0,1269995.2855454208,3110684.605950765
 04/20  09:00:00,5975072.370130513,28575.952154943305,0.0,0.0,1258042.3887402874,4637957.133529101
 04/20  10:00:00,5155928.174373787,0.0,0.0,0.0,1222183.698324887,3894068.3437083294
 04/20  11:00:00,4997925.096725687,0.0,0.0,0.0,1171383.8869030706,3799489.3014085917
 04/20  12:00:00,4973581.408609236,0.0,0.0,0.0,1132536.9722863869,3819402.9095916287
 04/20  13:00:00,4577329.812843159,25886.915215414985,182676.25466898156,0.0,1123572.299682537,3225356.2771059396
 04/20  14:00:00,4772664.486296171,89523.9126833836,637766.8693613405,0.0,1120584.0754812537,2904951.5625999086
 04/20  15:00:00,5125551.92924707,160970.34334823574,1149202.9415279888,0.0,1126560.5238838203,2667176.5937558054
 04/20  16:00:00,5185659.659056536,214005.58058716368,1516755.6387956487,0.0,1153454.5416953706,2267178.1473205877
 04/20  17:00:00,4877421.369658919,165609.6127650252,1159511.0727214413,0.0,1252065.9403377208,2233506.703080137
 04/20  18:00:00,4330102.331834119,126793.66909972069,875686.5461367769,0.0,1333495.0498226918,1905757.4992891143
 04/20  19:00:00,3425632.3555573407,55327.05942553395,377956.52287996106,0.0,1264018.8371428542,1611104.9996482178
 04/20  20:00:00,4313122.957696328,0.0,0.0,0.0,2408508.7062343745,1740499.3404168691
 04/20  21:00:00,4364952.551359391,0.0,0.0,0.0,2620672.6245254916,1554916.5679357245
 04/20  22:00:00,3322269.8440320673,0.0,0.0,0.0,1745122.9335494724,1413031.9994375112
 04/20  23:00:00,1959509.7946471362,0.0,180000.0,0.0,444050.1163107048,1221841.662997527
 04/20  24:00:00,1559365.9416519792,0.0,180000.0,0.0,147020.6307031405,1149386.1251458295
 04/21  01:00:00,1551185.110654054,0.0,180000.0,0.0,147020.6307031405,1141205.294147904
 04/21  02:00:00,1541200.819095194,0.0,180000.0,0.0,147020.6307031405,1133024.463149979
 04/21  03:00:00,1552909.2208728613,0.0,180000.0,0.0,147020.6307031405,1144732.8649276462
 04/21  04:00:00,1626088.7815382394,0.0,180000.0,0.0,147020.6307031405,1216108.9650320897
 04/21  05:00:00,1763509.9504064482,0.0,180000.0,0.0,147020.6307031405,1355333.5944612334
 04/21  06:00:00,2576402.1729083583,335173.37951701286,180000.0,0.0,354403.39027220453,1627473.138438001
 04/21  07:00:00,3159664.649390003,247858.6400351851,45000.0,0.0,693268.0146977357,2099596.111658748
 04/21  08:00:00,3873562.2029645005,74484.63706169299,0.0,0.0,708209.1357041523,3025943.850004996
 04/21  09:00:00,5338749.757777076,0.0,0.0,0.0,1258042.3887402874,4026603.5522087393
 04/21  10:00:00,6217866.96320289,10120.67257237765,70143.8391380359,0.0,1222183.698324887,4872135.699705149
 04/21  11:00:00,5206533.62446065,62890.305048581926,443177.75858922454,0.0,657409.3242823355,4014200.867565548
 04/21  12:00:00,5621739.005729586,130251.51591625964,929119.8641951864,0.0,639479.9790746354,3901246.1198122837
 04/21  13:00:00,5613433.339241739,202940.9867376731,1451266.4437261526,0.0,633503.5306720687,3305884.31193556
 04/21  14:00:00,7078987.762380617,252917.66485629123,1802629.037276059,0.0,1120584.0754812537,3883018.918596728
 04/21  15:00:00,5251402.160827961,158664.6036090522,1122818.677854693,0.0,1126560.5238838203,2821716.8287491756
 04/21  16:00:00,4294273.37381815,104731.08226284251,734643.8518815832,0.0,1153454.5416953706,2267178.1473205877
 04/21  17:00:00,3758901.760076167,25687.906374631086,179109.70896814857,0.0,1252065.9403377208,2233506.703080137
 04/21  18:00:00,3782539.5482788547,21021.579736003056,145202.33605799504,0.0,1503076.7732455216,2026672.7523144549
 04/21  19:00:00,5563860.711048233,79802.0924166869,551196.710953869,0.0,1936369.2824316064,2888284.9915899723
 04/21  20:00:00,4527564.745579158,0.0,180000.0,0.0,2408508.7062343745,1789368.8127871798
 04/21  21:00:00,4532328.327432846,0.0,180000.0,0.0,2620672.6245254916,1554916.5679357245
 04/21  22:00:00,2575947.011794474,0.0,180000.0,0.0,944278.8476055363,1298374.0165094633
 04/21  23:00:00,1951306.3101045697,0.0,180000.0,0.0,442257.18178993475,1222644.9552194702
 04/21  24:00:00,1718210.1966066503,0.0,180000.0,0.0,256987.28131036749,1198263.7294932734
 04/22  01:00:00,1551185.110654054,0.0,180000.0,0.0,147020.6307031405,1141205.294147904
 04/22  02:00:00,1564631.573205841,23430.754110646838,180000.0,0.0,147020.6307031405,1133024.463149979
 04/22  03:00:00,1663998.974890988,111089.75401812689,180000.0,0.0,147020.6307031405,1144732.8649276462
 04/22  04:00:00,1811749.9926135994,185661.21107535996,180000.0,0.0,147020.6307031405,1216108.9650320897
 04/22  05:00:00,2000455.7655809256,236945.81517447723,180000.0,0.0,147020.6307031405,1355333.5944612334
 04/22  06:00:00,3345643.477001042,860035.6025912263,180000.0,0.0,561786.1498412685,1664469.4598874075
 04/22  07:00:00,3743991.3207703494,697185.311415531,180000.0,0.0,693268.0146977357,2099596.111658748
 04/22  08:00:00,4382104.551357551,517076.1165989556,180000.0,0.0,708209.1357041523,2911894.7188607836
 04/22  09:00:00,4990511.984322156,410025.77130997466,180000.0,0.0,702232.6873015856,3644149.7088825456
 04/22  10:00:00,4343967.525584186,358012.852099367,180000.0,0.0,147020.6307031405,3615650.989319239
 04/22  11:00:00,4211639.4917830285,245398.7682950278,180000.0,0.0,147020.6307031405,3610364.7238099
 04/22  12:00:00,4204569.5805536695,198976.8801217945,180000.0,0.0,270135.4677960142,3533815.705904641
 04/22  13:00:00,3428496.4207053236,185526.68521371245,180000.0,0.0,147020.6307031405,2896111.0386181856
 04/22  14:00:00,3255306.4288224755,150657.08302056167,180000.0,0.0,268641.35569537256,2636169.923936256
 04/22  15:00:00,3771322.4064311623,88952.27316322573,180000.0,0.0,269388.4117456934,3211340.194791023
 04/22  16:00:00,2308421.2406478664,88791.49577930217,180000.0,0.0,147020.6307031405,1858343.3635076592
 04/22  17:00:00,2867332.6490305527,144036.849229486,180000.0,0.0,561188.5050010118,1913575.7934845253
 04/22  18:00:00,3194032.7745031696,106246.70705997752,180000.0,0.0,994331.6029770325,1826888.3575412806
 04/22  19:00:00,4154251.1876773313,141437.5850231231,180000.0,0.0,1936369.2824316064,1788236.6865665026
 04/22  20:00:00,4720367.843988126,241672.57077927893,180000.0,0.0,2408508.7062343745,1740499.3404168691
 04/22  21:00:00,3825041.2545026806,0.0,180000.0,0.0,2002110.2148598398,1466191.9046712115
 04/22  22:00:00,2575947.011794474,0.0,180000.0,0.0,944278.8476055363,1298374.0165094633
 04/22  23:00:00,1594093.6622377993,3101.902295739728,180000.0,0.0,147020.6307031405,1157566.9561437543
 04/22  24:00:00,1626743.7254044134,67377.78375243412,180000.0,0.0,147020.6307031405,1149386.1251458295
 04/23  01:00:00,1686180.5170706408,134995.40641658666,180000.0,0.0,147020.6307031405,1141205.294147904
 04/23  02:00:00,1726666.8387217042,183662.55906557525,180000.0,0.0,147020.6307031405,1133024.463149979
 04/23  03:00:00,1777560.6785316076,222847.99709781157,180000.0,0.0,147020.6307031405,1144732.8649276462
 04/23  04:00:00,1885304.5856910287,259215.80415278947,180000.0,0.0,147020.6307031405,1216108.9650320897
 04/23  05:00:00,2036374.2156150977,287291.9496961291,180000.0,0.0,147020.6307031405,1355333.5944612334
 04/23  06:00:00,2916142.9945637407,935524.4272392807,180000.0,0.0,147020.6307031405,1590476.8169885944
 04/23  07:00:00,3746727.0298321736,712545.2444039008,180000.0,0.0,693268.0146977357,2099596.111658748
 04/23  08:00:00,4845693.561126291,458421.06755721243,180000.0,0.0,1129548.7480851037,3018209.54697312
 04/23  09:00:00,5383033.707816916,285717.2787415986,180000.0,0.0,1119089.963380612,3747729.569988525
 04/23  10:00:00,4889106.912223195,176502.18837168784,180000.0,0.0,684303.3420938856,3808625.249417052
 04/23  11:00:00,5165385.607033111,35777.474528155544,180000.0,0.0,1042890.2462478869,3879665.9778430434
 04/23  12:00:00,4349843.203134343,31822.939367758503,0.0,0.0,639479.9790746354,3656898.75796073
 04/23  13:00:00,4262331.401890861,0.0,0.0,0.0,1001055.10742992,3241438.2282906547
 04/23  14:00:00,3885206.191097201,0.0,0.0,0.0,998813.9392789574,2866554.185647958
 04/23  15:00:00,3371328.631555454,0.0,0.0,0.0,759008.9471259692,2590678.157698265
 04/23  16:00:00,3454898.439673723,0.0,0.0,0.0,1153454.5416953706,2267178.1473205877
 04/23  17:00:00,3350192.4512011493,0.0,0.0,0.0,1113860.5710283662,2169603.839418188
 04/23  18:00:00,3622193.585304666,0.0,0.0,0.0,1503076.7732455216,2030747.2445733298
 04/23  19:00:00,4021830.9054588825,0.0,180000.0,0.0,1936369.2824316064,1788236.6865665026
 04/23  20:00:00,7114105.227886083,0.0,180000.0,0.0,2408508.7062343745,4361481.610606624
 04/23  21:00:00,4736853.005956658,0.0,180000.0,0.0,1074416.011571426,3293073.635487058
 04/23  22:00:00,1673244.9908857543,0.0,180000.0,0.0,147020.6307031405,1182109.4491375296
 04/23  23:00:00,1598205.6021857993,0.0,180000.0,0.0,147020.6307031405,1157566.9561437543
 04/23  24:00:00,1559365.9416519792,0.0,180000.0,0.0,147020.6307031405,1149386.1251458295
 04/24  01:00:00,1551185.110654054,0.0,180000.0,0.0,147020.6307031405,1141205.294147904
 04/24  02:00:00,1543004.2796561292,0.0,180000.0,0.0,147020.6307031405,1133024.463149979
 04/24  03:00:00,1554712.6814337962,0.0,180000.0,0.0,147020.6307031405,1144732.8649276462
 04/24  04:00:00,1652456.4342491275,10026.59157127882,180000.0,0.0,152100.61184532216,1227370.045029517
 04/24  05:00:00,1962715.062961482,53793.63882263587,180000.0,0.0,281789.54218101926,1380403.8412032323
 04/24  06:00:00,2584953.8582971166,604335.2909726568,180000.0,0.0,147020.6307031405,1590476.8169885944
 04/24  07:00:00,3474555.4060043846,440373.62057611113,180000.0,0.0,693268.0146977357,2099596.111658748
 04/24  08:00:00,3947178.0555023807,222560.00242659025,45000.0,0.0,708209.1357041523,2911894.7188607836
 04/24  09:00:00,5158849.416829944,68053.94202629094,0.0,0.0,1258042.3887402874,3782256.190357185
 04/24  10:00:00,5155928.174373787,0.0,0.0,0.0,1222183.698324887,3894068.3437083294
 04/24  11:00:00,4831527.269890191,0.0,0.0,0.0,1042890.2462478868,3761585.1152282795
 04/24  12:00:00,4481910.549977248,0.0,0.0,0.0,762744.2273775733,3697524.795868455
 04/24  13:00:00,5010980.793271253,14130.331125138084,95515.6346425631,0.0,1123572.299682537,3757924.4616507306
 04/24  14:00:00,11142546.172175426,49674.19659291919,340036.266721028,0.0,1120584.0754812537,9612413.567209939
 04/24  15:00:00,11383099.346560687,128604.00244649871,888803.8769949906,0.0,1126560.5238838203,9217489.416504156
 04/24  16:00:00,11912131.505953997,178219.38001163668,1226219.4492094023,0.0,902443.7087875697,9570983.217287622
 04/24  17:00:00,10713747.94826547,88242.95619005979,597604.4228945544,0.0,699244.4631003023,9261928.065325962
 04/24  18:00:00,5628706.985669732,101174.29742031783,673038.8624754635,0.0,824749.8795542028,3941374.378733933
 04/24  19:00:00,3034110.964754254,42844.24754787983,282078.6546902071,0.0,1039902.0220466034,1552061.1040087894
 04/24  20:00:00,3979437.2944040215,0.0,0.0,0.0,2125374.463162778,1689947.9201961593
 04/24  21:00:00,4364952.551359391,0.0,0.0,0.0,2620672.6245254916,1554916.5679357245
 04/24  22:00:00,2815643.2923780796,0.0,180000.0,0.0,1144489.8690915203,1327038.5122414753
 04/24  23:00:00,1958520.1523483095,0.0,180000.0,0.0,442257.18178993475,1222644.9552194702
 04/24  24:00:00,1559365.9416519792,0.0,180000.0,0.0,147020.6307031405,1149386.1251458295
 04/25  01:00:00,1551185.110654054,0.0,180000.0,0.0,147020.6307031405,1141205.294147904
 04/25  02:00:00,1543004.2796561292,0.0,180000.0,0.0,147020.6307031405,1133024.463149979
 04/25  03:00:00,1554712.6814337962,0.0,180000.0,0.0,147020.6307031405,1144732.8649276462
 04/25  04:00:00,1626088.7815382394,0.0,180000.0,0.0,147020.6307031405,1216108.9650320897
 04/25  05:00:00,1749082.2659189685,0.0,180000.0,0.0,147020.6307031405,1355333.5944612334
 04/25  06:00:00,2320018.6862486275,339400.1189241675,180000.0,0.0,147020.6307031405,1590476.8169885944
 04/25  07:00:00,3542884.1449168753,281998.56953670166,180000.0,0.0,829232.2158561277,2190335.700452256
 04/25  08:00:00,6552888.858397897,238114.39360131687,180000.0,0.0,1269995.2855454208,4805264.980740305
 04/25  09:00:00,12089177.601308271,297099.4190926143,180000.0,0.0,1258042.3887402874,10303538.89776919
 04/25  10:00:00,5219881.167344857,222095.8635728724,180000.0,0.0,953243.5202093865,3824865.651222029
 04/25  11:00:00,4716896.555971112,204562.7665874088,180000.0,0.0,657409.3242823355,3647872.5566873434
 04/25  12:00:00,4476927.158677593,188049.4160225782,135000.0,0.0,516365.14198176167,3615871.073942034
 04/25  13:00:00,3573436.2604711764,131549.82858086686,0.0,0.0,390262.0806876046,3031786.2850324204
 04/25  14:00:00,3969687.823406986,80407.14005091034,0.0,0.0,998813.9392789574,2870628.6779068327
 04/25  15:00:00,3880403.498087681,65024.85371683557,0.0,0.0,1126560.5238838203,2667176.5937558054
 04/25  16:00:00,3516251.5173407127,61353.07766698922,0.0,0.0,1153454.5416953706,2267178.1473205877
 04/25  17:00:00,3662860.7815157645,110560.09734331201,0.0,0.0,1252065.9403377208,2233506.703080137
 04/25  18:00:00,3696363.2653196547,86206.4629551878,45000.0,0.0,1503076.7732455216,1973710.4616331307
 04/25  19:00:00,4126898.7955534505,105067.8900945681,180000.0,0.0,1936369.2824316064,1788236.6865665026
 04/25  20:00:00,4675036.264970632,181913.30727430392,180000.0,0.0,2408508.7062343745,1740499.3404168691
 04/25  21:00:00,4544952.551359391,0.0,180000.0,0.0,2620672.6245254916,1554916.5679357245
 04/25  22:00:00,3044518.809596075,0.0,180000.0,0.0,1344700.8905775044,1355703.0079734873
 04/25  23:00:00,1688284.2397264265,0.0,180000.0,0.0,220829.76847483907,1173836.4559126834
 04/25  24:00:00,1559365.9416519792,0.0,180000.0,0.0,147020.6307031405,1149386.1251458295
 04/26  01:00:00,1551185.110654054,0.0,180000.0,0.0,147020.6307031405,1141205.294147904
 04/26  02:00:00,1554742.226500256,11737.946844126891,180000.0,0.0,147020.6307031405,1133024.463149979
 04/26  03:00:00,1617112.5735536332,62399.892119836906,180000.0,0.0,147020.6307031405,1144732.8649276462
 04/26  04:00:00,1732660.5177347222,106571.73619648273,180000.0,0.0,147020.6307031405,1216108.9650320897
 04/26  05:00:00,1887692.8697512094,138610.6038322408,180000.0,0.0,147020.6307031405,1355333.5944612334
 04/26  06:00:00,2709869.7268366395,729251.1595121797,180000.0,0.0,147020.6307031405,1590476.8169885944
 04/26  07:00:00,3596072.0659242533,561890.2804959804,180000.0,0.0,693268.0146977357,2099596.111658748
 04/26  08:00:00,4217854.732548609,358236.67947281955,180000.0,0.0,708209.1357041523,2911894.7188607836
 04/26  09:00:00,5146290.294926724,222452.91157974277,180000.0,0.0,980137.5380209365,3713202.949619865
 04/26  10:00:00,7226853.703347925,118074.59312064033,180000.0,0.0,1222183.698324887,5666919.279561828
 04/26  11:00:00,5767188.755120033,56695.47384955498,180000.0,0.0,1171383.8869030706,4332057.485953382
 04/26  12:00:00,8117156.4088262115,38785.04811853837,0.0,0.0,1132536.9722863869,6924192.861690067
 04/26  13:00:00,4368766.642958762,0.0,0.0,0.0,1123572.299682537,3225356.2771059396
 04/26  14:00:00,4045373.7042514477,0.0,0.0,0.0,1120584.0754812537,2904951.5625999086
 04/26  15:00:00,3815378.6443708455,0.0,0.0,0.0,1126560.5238838203,2667176.5937558054
 04/26  16:00:00,3454898.439673723,0.0,0.0,0.0,1153454.5416953706,2267178.1473205877
 04/26  17:00:00,3350192.4512011497,0.0,0.0,0.0,1113860.5710283662,2169603.8394181887
 04/26  18:00:00,2705018.0592970825,0.0,90000.0,0.0,824749.8795542028,1701898.612257065
 04/26  19:00:00,3455509.4839875246,0.0,180000.0,0.0,1488135.652239105,1670148.895287646
 04/26  20:00:00,4493122.957696328,0.0,180000.0,0.0,2408508.7062343745,1740499.3404168691
 04/26  21:00:00,3837665.4784292253,0.0,180000.0,0.0,2002110.2148598398,1466191.9046712115
 04/26  22:00:00,2586767.7751600835,0.0,180000.0,0.0,944278.8476055363,1298374.0165094633
 04/26  23:00:00,1868441.514807682,0.0,180000.0,0.0,368448.0440182362,1206375.4554505413
 04/26  24:00:00,1559365.9416519792,0.0,180000.0,0.0,147020.6307031405,1149386.1251458295
 04/27  01:00:00,1551185.110654054,0.0,180000.0,0.0,147020.6307031405,1141205.294147904
 04/27  02:00:00,1546989.8861873217,3985.6065311924463,180000.0,0.0,147020.6307031405,1133024.463149979
 04/27  03:00:00,1611147.8467466377,56435.16531284155,180000.0,0.0,147020.6307031405,1144732.8649276462
 04/27  04:00:00,1750754.4823084376,108324.63963058888,180000.0,0.0,152100.61184532216,1227370.045029517
 04/27  05:00:00,2128046.8549862118,105076.29970315265,180000.0,0.0,281789.54218101926,1494452.9723474449
 04/27  06:00:00,3164497.086325236,695120.3569638353,180000.0,0.0,561786.1498412685,1664469.4598874075
 04/27  07:00:00,3581616.019880184,547434.2344519105,180000.0,0.0,693268.0146977357,2099596.111658748
 04/27  08:00:00,4240355.135180565,380737.08210477454,180000.0,0.0,708209.1357041523,2911894.7188607836
 04/27  09:00:00,4879788.011405907,233859.58837138314,135000.0,0.0,702232.6873015856,3758198.8400267586
 04/27  10:00:00,5305955.217128274,150027.0427544876,0.0,0.0,1222183.698324887,3894068.3437083294
 04/27  11:00:00,5076195.336526938,78270.23980125028,0.0,0.0,1171383.8869030706,3799489.3014085917
 04/27  12:00:00,4656474.454386495,10673.618198585427,0.0,0.0,886008.4756805112,3738150.8337761797
 04/27  13:00:00,3225946.9383502984,0.0,0.0,0.0,268641.35569537256,2937467.5164846405
 04/27  14:00:00,2764631.243857731,0.0,0.0,0.0,147020.6307031405,2597772.5469843056
 04/27  15:00:00,2479804.614562453,0.0,0.0,0.0,147020.6307031405,2311142.457128092
 04/27  16:00:00,2592618.4579467825,2899.8259158193964,19064.304190335915,0.0,524732.1697453551,2011656.407437507
 04/27  17:00:00,3568711.5568238487,2168.3896130420912,14242.48303835457,0.0,1252065.9403377208,2233506.703080137
 04/27  18:00:00,3645238.0801141276,10735.383301089752,69345.89444857118,0.0,1503076.7732455216,1973710.4616331307
 04/27  19:00:00,3841830.9054588825,0.0,0.0,0.0,1936369.2824316064,1788236.6865665026
 04/27  20:00:00,4313122.957696328,0.0,0.0,0.0,2408508.7062343745,1740499.3404168691
 04/27  21:00:00,4544952.551359391,0.0,180000.0,0.0,2620672.6245254916,1554916.5679357245
 04/27  22:00:00,2586767.7751600835,0.0,180000.0,0.0,944278.8476055363,1298374.0165094633
 04/27  23:00:00,1598205.6021857993,0.0,180000.0,0.0,147020.6307031405,1157566.9561437543
 04/27  24:00:00,1559365.9416519792,0.0,180000.0,0.0,147020.6307031405,1149386.1251458295
 04/28  01:00:00,1551185.110654054,0.0,180000.0,0.0,147020.6307031405,1141205.294147904
 04/28  02:00:00,1541200.819095194,0.0,180000.0,0.0,147020.6307031405,1133024.463149979
 04/28  03:00:00,1552909.2208728613,0.0,180000.0,0.0,147020.6307031405,1144732.8649276462
 04/28  04:00:00,1626088.7815382394,0.0,180000.0,0.0,147020.6307031405,1216108.9650320897
 04/28  05:00:00,1763509.9504064482,0.0,180000.0,0.0,147020.6307031405,1355333.5944612334
 04/28  06:00:00,2366635.297116852,369785.58474397723,180000.0,0.0,147020.6307031405,1590476.8169885944
 04/28  07:00:00,2839354.7813277496,303297.8920041126,180000.0,0.0,283582.4767017893,1998532.5296235136
 04/28  08:00:00,3218719.528468389,238179.50660488184,0.0,0.0,147020.6307031405,2768594.810966707
 04/28  09:00:00,3866285.3600433758,160664.48884857338,0.0,0.0,147020.6307031405,3504496.423663612
 04/28  10:00:00,3862306.4086388806,56351.73515406148,0.0,0.0,147020.6307031405,3615650.989319239
 04/28  11:00:00,3674671.109861954,2479.5175181659342,0.0,0.0,147020.6307031405,3496315.592665687
 04/28  12:00:00,3661450.1793203056,0.0,0.0,0.0,147020.6307031405,3492788.021885945
 04/28  13:00:00,3115932.0261729355,0.0,0.0,0.0,147020.6307031405,2949073.3292995105
 04/28  14:00:00,3278566.8605088172,3757.793464859095,26049.025094805493,0.0,511882.80567983666,2717039.170099031
 04/28  15:00:00,3540699.4243664052,49454.365355296235,343982.1423143842,0.0,636491.7548733521,2489129.6350921523
 04/28  16:00:00,3428472.862602421,85554.95846090018,594458.5221898637,0.0,651432.8758797687,2062760.7554141232
 04/28  17:00:00,2497179.5565600526,19801.93529529881,136457.23451079574,0.0,423132.5469017214,1849256.3385367072
 04/28  18:00:00,2662396.636517042,6335.984981546841,42846.052799347686,0.0,824749.8795542028,1701898.612257065
 04/28  19:00:00,3832813.602654208,0.0,0.0,0.0,1936369.2824316064,1788236.6865665026
 04/28  20:00:00,4298695.273208847,0.0,0.0,0.0,2408508.7062343745,1740499.3404168691
 04/28  21:00:00,4442328.327432846,0.0,90000.0,0.0,2620672.6245254916,1554916.5679357245
 04/28  22:00:00,3491449.0806664573,0.0,180000.0,0.0,1745122.9335494724,1413031.9994375112
 04/28  23:00:00,1951306.3101045697,0.0,180000.0,0.0,442257.18178993475,1222644.9552194702
 04/28  24:00:00,1559365.9416519792,0.0,180000.0,0.0,147020.6307031405,1149386.1251458295
 04/29  01:00:00,1551185.110654054,0.0,180000.0,0.0,147020.6307031405,1141205.294147904
 04/29  02:00:00,1541200.819095194,0.0,180000.0,0.0,147020.6307031405,1133024.463149979
 04/29  03:00:00,1552909.2208728613,0.0,180000.0,0.0,147020.6307031405,1144732.8649276462
 04/29  04:00:00,1626088.7815382394,0.0,180000.0,0.0,147020.6307031405,1216108.9650320897
 04/29  05:00:00,1763509.9504064482,0.0,180000.0,0.0,147020.6307031405,1355333.5944612334
 04/29  06:00:00,2577807.9327106024,336579.13931925746,180000.0,0.0,354403.39027220453,1627473.138438001
 04/29  07:00:00,3816756.8944421913,248913.08111206949,135000.0,0.0,1101160.618172912,2257741.312158875
 04/29  08:00:00,6220649.830876151,181212.15529965796,0.0,0.0,1269995.2855454208,4704517.809837413
 04/29  09:00:00,6260119.574972218,126586.23733846296,0.0,0.0,1258042.3887402874,4821387.132065418
 04/29  10:00:00,4426663.536185879,112990.08699654274,0.0,0.0,550132.0754562634,3720258.320270634
 04/29  11:00:00,3769241.2532233335,97049.66087954596,0.0,0.0,147020.6307031405,3496315.592665687
 04/29  12:00:00,3737271.4176074713,75821.23828716567,0.0,0.0,147020.6307031405,3492788.021885945
 04/29  13:00:00,3292786.6424370864,66839.70408678803,0.0,0.0,268641.35569537256,2937467.5164846405
 04/29  14:00:00,2833721.3360653687,69090.09220763732,0.0,0.0,147020.6307031405,2597772.5469843056
 04/29  15:00:00,2541714.172837872,61909.55827541913,0.0,0.0,147020.6307031405,2311142.457128092
 04/29  16:00:00,3142665.816508234,41584.55053580036,0.0,0.0,901846.063947313,2164969.4513673554
 04/29  17:00:00,3620711.7288426333,66607.5841092457,0.0,0.0,1252065.9403377208,2233506.703080137
 04/29  18:00:00,3378482.3039002046,52663.64786351871,0.0,0.0,1333495.049822692,1905757.4992891143
 04/29  19:00:00,4740386.120599703,51871.574773578854,0.0,0.0,1936369.2824316064,2643937.6297384184
 04/29  20:00:00,4410583.604636779,111888.33142793177,0.0,0.0,2408508.7062343745,1740499.3404168691
 04/29  21:00:00,9999780.31090058,0.0,45000.0,0.0,2620672.6245254916,7157368.551403457
 04/29  22:00:00,9126259.834542826,0.0,180000.0,0.0,944278.8476055363,7848686.839257815
 04/29  23:00:00,2901054.32449173,0.0,180000.0,0.0,147020.6307031405,2467629.5206934246
 04/29  24:00:00,1424365.9416519792,0.0,45000.0,0.0,147020.6307031405,1149386.1251458295
 04/30  01:00:00,1371185.110654054,0.0,0.0,0.0,147020.6307031405,1141205.294147904
 04/30  02:00:00,1363004.2796561292,0.0,0.0,0.0,147020.6307031405,1133024.463149979
 04/30  03:00:00,1374712.6814337962,0.0,0.0,0.0,147020.6307031405,1144732.8649276462
 04/30  04:00:00,1462429.8426778486,0.0,0.0,0.0,152100.61184532216,1227370.045029517
 04/30  05:00:00,1934006.7131352,0.0,45000.0,0.0,418351.3881796681,1403927.2842009373
 04/30  06:00:00,3054769.7417624933,507292.059456574,135000.0,0.0,666373.9968861856,1682982.565787009
 04/30  07:00:00,3884706.3198287524,351856.50635367306,0.0,0.0,1237124.819331304,2234407.335071986
 04/30  08:00:00,4534442.356986283,151285.0499194424,0.0,0.0,1269995.2855454208,3053647.8230105657
 04/30  09:00:00,5123353.463636918,32557.988833265357,0.0,0.0,1258042.3887402874,3782256.190357185
 04/30  10:00:00,4986856.739072885,0.0,0.0,0.0,1087713.6092671368,3859466.9974651793
 04/30  11:00:00,4332333.789383704,0.0,0.0,0.0,657409.3242823355,3647872.5566873434
 04/30  12:00:00,4318020.263766585,0.0,0.0,0.0,639479.9790746354,3656898.75796073
 04/30  13:00:00,3828927.678070572,0.0,0.0,0.0,633503.5306720687,3175586.0812282185
 04/30  14:00:00,4045373.7042514477,0.0,0.0,0.0,1120584.0754812537,2904951.5625999086
 04/30  15:00:00,4118218.7157454337,37728.329408490674,265111.7419660977,0.0,1126560.5238838203,2667176.5937558054
 04/30  16:00:00,4232179.924327162,96377.18324272297,680904.301410716,0.0,1153454.5416953706,2267178.1473205877
 04/30  17:00:00,4063170.9404882384,63461.86113829338,447408.3951774924,0.0,1252065.9403377208,2233506.703080137
 04/30  18:00:00,3953620.013654357,48595.81377004326,339867.39751984656,0.0,1503076.7732455216,1973710.4616331307
 04/30  19:00:00,3948518.3611107017,13405.642589360148,93281.813062459,0.0,1936369.2824316064,1788236.6865665026
 04/30  20:00:00,4313122.957696328,0.0,0.0,0.0,2408508.7062343745,1740499.3404168691
 04/30  21:00:00,4544952.551359391,0.0,180000.0,0.0,2620672.6245254916,1554916.5679357245
 04/30  22:00:00,3044518.809596075,0.0,180000.0,0.0,1344700.8905775044,1355703.0079734873
 04/30  23:00:00,1958520.1523483095,0.0,180000.0,0.0,442257.18178993475,1222644.9552194702
 04/30  24:00:00,1681466.6033918364,0.0,180000.0,0.0,229495.61865856074,1188676.2713840457
 05/01  01:00:00,1551697.8689873838,0.0,180000.0,0.0,147020.6307031405,1141382.5249350131
 05/01  02:00:00,1543517.0379894588,0.0,180000.0,0.0,147020.6307031405,1133201.6939370881
 05/01  03:00:00,1555284.5166961625,0.0,180000.0,0.0,147020.6307031405,1144969.172643792
 05/01  04:00:00,1626896.9245167514,0.0,180000.0,0.0,147020.6307031405,1216581.580464381
 05/01  05:00:00,1758711.656209198,8473.355502287157,180000.0,0.0,147020.6307031405,1356219.7483967813
 05/01  06:00:00,2600378.703831693,503919.71250986203,180000.0,0.0,147020.6307031405,1706061.948287755
 05/01  07:00:00,3504958.2241440234,309394.19616227754,180000.0,0.0,669362.2210874689,2284636.149201368
 05/01  08:00:00,4092379.1678217426,261750.2734347854,180000.0,0.0,672350.4452887522,2918523.546043323
 05/01  09:00:00,4669831.681584897,176745.06919966568,135000.0,0.0,654421.1000810522,3652964.382439431
 05/01  10:00:00,5170169.4675573725,94333.46970847253,0.0,0.0,1129548.7480851037,3906450.6477272073
 05/01  11:00:00,5495288.6474784585,42304.83864544681,0.0,0.0,1081737.1608645702,4344085.32839804
 05/01  12:00:00,11639237.420054361,32796.21423159226,0.0,0.0,1045878.47044917,10538833.679717278
 05/01  13:00:00,7237097.160349147,0.0,0.0,0.0,1033925.5736440365,6183253.285686819
 05/01  14:00:00,3669349.213600614,0.0,0.0,0.0,812796.9827490693,2836633.9298332506
 05/01  15:00:00,3107797.1404172746,0.0,0.0,0.0,591668.391854102,2494399.692906852
 05/01  16:00:00,2701650.3695124104,0.0,0.0,0.0,600633.064457952,2066612.96693195
 05/01  17:00:00,3421470.116564088,0.0,0.0,0.0,1114607.627078687,2239864.5678784116
 05/01  18:00:00,2948021.9401429445,2405.783614277639,16113.736505247864,0.0,998066.8832286367,1842708.5595314726
 05/01  19:00:00,3570048.5175939733,0.0,45000.0,0.0,1613641.0686930055,1793708.3974292304
 05/01  20:00:00,4149399.8903081077,0.0,180000.0,0.0,2058886.4746842233,1745734.7435634513
 05/01  21:00:00,4338730.837380453,0.0,180000.0,0.0,2408508.7062343745,1560092.8941532704
 05/01  22:00:00,3485525.9967125,0.0,180000.0,0.0,1724205.364140489,1416541.960511578
 05/01  23:00:00,1779832.817482683,0.0,180000.0,0.0,294638.90624653763,1191116.3690404608
 05/01  24:00:00,1559878.699985309,0.0,180000.0,0.0,147020.6307031405,1149563.3559329386
 05/02  01:00:00,1551697.8689873838,0.0,180000.0,0.0,147020.6307031405,1141382.5249350131
 05/02  02:00:00,1543517.0379894588,0.0,180000.0,0.0,147020.6307031405,1133201.6939370881
 05/02  03:00:00,1555284.5166961625,0.0,180000.0,0.0,147020.6307031405,1144969.172643792
 05/02  04:00:00,1626896.9245167514,0.0,180000.0,0.0,147020.6307031405,1216581.580464381
 05/02  05:00:00,1803200.5913882353,0.0,180000.0,0.0,147020.6307031405,1409182.0390781057
 05/02  06:00:00,2791475.515080786,332495.9806715724,180000.0,0.0,543856.8046335684,1671746.317444709
 05/02  07:00:00,3737007.4338863883,241194.28520099202,0.0,0.0,1192301.456312054,2241946.034680433
 05/02  08:00:00,4437234.983284228,115712.35643384638,0.0,0.0,1198277.9047146207,3063489.8190808785
 05/02  09:00:00,5041377.067313419,30984.466146322957,0.0,0.0,1165407.4385005038,3794284.0328018432
 05/02  10:00:00,5075835.9978489,0.0,0.0,0.0,1129548.7480851037,3906450.6477272073
 05/02  11:00:00,4920415.624288221,0.0,0.0,0.0,1081737.1608645702,3811517.1438532495
 05/02  12:00:00,4898979.20121274,0.0,0.0,0.0,1045878.47044917,3831371.675107249
 05/02  13:00:00,4289456.39011239,0.0,0.0,0.0,1033925.5736440365,3235612.5154500594
 05/02  14:00:00,3968105.7409712207,0.0,0.0,0.0,1033925.5736440365,2914261.8663088907
 05/02  15:00:00,3802407.288970637,8279.790699782643,59824.82431093627,0.0,1036913.79784532,2675659.8204582776
 05/02  16:00:00,3802259.9094923125,53136.8985385938,387178.8057962974,0.0,1054843.14305302,2272696.723981893
 05/02  17:00:00,3972474.0896852347,66484.90075741654,484519.0723637304,0.0,1114607.627078687,2239864.5678784116
 05/02  18:00:00,3161140.0166985253,73030.84483286238,526294.7578924055,0.0,714185.584106719,1758901.8526032283
 05/02  19:00:00,4022913.5136199556,83643.20786539432,596025.8130625736,0.0,1430612.3363644006,1794933.1048558494
 05/02  20:00:00,4004963.4218460186,4408.095510218971,31155.436027691674,0.0,2058886.4746842233,1745734.7435634513
 05/02  21:00:00,4158730.837380453,0.0,0.0,0.0,2408508.7062343745,1560092.8941532704
 05/02  22:00:00,2400310.4595021717,0.0,0.0,0.0,935314.1750016864,1300217.6124400515
 05/02  23:00:00,1418842.3598296887,0.0,0.0,0.0,147020.6307031405,1157744.1869308634
 05/02  24:00:00,1379878.699985309,0.0,0.0,0.0,147020.6307031405,1149563.3559329386
 05/03  01:00:00,1371697.8689873838,0.0,0.0,0.0,147020.6307031405,1141382.5249350131
 05/03  02:00:00,1363517.0379894588,0.0,0.0,0.0,147020.6307031405,1133201.6939370881
 05/03  03:00:00,1375284.5166961625,0.0,0.0,0.0,147020.6307031405,1144969.172643792
 05/03  04:00:00,1446896.9245167514,0.0,0.0,0.0,147020.6307031405,1216581.580464381
 05/03  05:00:00,1570238.300706911,0.0,0.0,0.0,147020.6307031405,1356219.7483967813
 05/03  06:00:00,2351259.2159579936,76354.17380765527,0.0,0.0,543856.8046335684,1667671.8251858344
 05/03  07:00:00,2883519.1684521455,47122.843548051824,0.0,0.0,669362.2210874689,2105468.446123716
 05/03  08:00:00,3988389.5646893615,2313.8040706915444,0.0,0.0,935314.1750016864,2991006.6825621007
 05/03  09:00:00,5213787.5555571485,0.0,0.0,0.0,654421.1000810522,4508665.325611347
 05/03  10:00:00,4444088.894278463,0.0,0.0,0.0,639479.9790746354,3764772.3131672395
 05/03  11:00:00,4298041.095521601,0.0,0.0,0.0,612585.9612630852,3658293.8146881144
 05/03  12:00:00,8246854.023381336,0.0,0.0,0.0,594656.6160553853,7630468.35166963
 05/03  13:00:00,8275254.378124342,1202.9818993485399,8725.488587991042,0.0,591668.391854102,7653739.214764605
 05/03  14:00:00,3505297.6820696327,16408.03706351854,118296.95877610747,0.0,591668.391854102,2759005.9933576104
 05/03  15:00:00,3202824.3852666467,11679.68514027878,83347.5597090937,0.0,591668.391854102,2494399.692906852
 05/03  16:00:00,2715525.3856510497,1717.4184992339187,12157.59763940496,0.0,600633.064457952,2066612.96693195
 05/03  17:00:00,2678433.6110214344,0.0,0.0,0.0,630515.3064707854,1980920.3829436598
 05/03  18:00:00,2929502.4200234194,0.0,0.0,0.0,998066.8832286366,1842708.5595314726
 05/03  19:00:00,3525048.5175939733,0.0,0.0,0.0,1613641.0686930055,1793708.3974292304
 05/03  20:00:00,7606758.026951336,0.0,0.0,0.0,2058886.4746842233,5383092.880206679
 05/03  21:00:00,2848459.813178958,0.0,0.0,0.0,1278959.9581492709,1379370.6180368795
 05/03  22:00:00,1947198.2210951922,0.0,0.0,0.0,541167.4028524135,1241252.1461823452
 05/03  23:00:00,1598842.3598296887,0.0,180000.0,0.0,147020.6307031405,1157744.1869308634
 05/03  24:00:00,1559878.699985309,0.0,180000.0,0.0,147020.6307031405,1149563.3559329386
 05/04  01:00:00,1551697.8689873838,0.0,180000.0,0.0,147020.6307031405,1141382.5249350131
 05/04  02:00:00,1543517.0379894588,0.0,180000.0,0.0,147020.6307031405,1133201.6939370881
 05/04  03:00:00,1555284.5166961625,0.0,180000.0,0.0,147020.6307031405,1144969.172643792
 05/04  04:00:00,1626896.9245167514,0.0,180000.0,0.0,147020.6307031405,1216581.580464381
 05/04  05:00:00,1827106.3709269208,0.0,180000.0,0.0,210520.3949804115,1369588.0543395202
 05/04  06:00:00,3051726.8308751155,360275.3753182881,180000.0,0.0,742573.7140189108,1705501.3292069803
 05/04  07:00:00,4027355.5238829143,237493.24405330486,180000.0,0.0,1192301.456312054,2355995.165824646
 05/04  08:00:00,4542202.086990045,220679.46013966395,0.0,0.0,1198277.9047146207,3063489.8190808785
 05/04  09:00:00,10841656.040070819,228811.45543599012,0.0,0.0,1165407.4385005038,9396736.016269576
 05/04  10:00:00,11534010.973174611,223735.7043625798,0.0,0.0,884514.3635798696,10385924.303195575
 05/04  11:00:00,6059492.670899897,140201.74644531528,0.0,0.0,847161.5610638277,5044968.043820352
 05/04  12:00:00,4993028.964480806,94049.76326806648,0.0,0.0,1045878.47044917,3831371.675107249
 05/04  13:00:00,6115816.892356524,53509.56639063642,0.0,0.0,1033925.5736440365,5008463.451303557
 05/04  14:00:00,3997812.3205805775,29706.57960935726,0.0,0.0,1033925.5736440365,2914261.8663088907
 05/04  15:00:00,3787264.9646412423,0.0,0.0,0.0,1036913.79784532,2728622.111139602
 05/04  16:00:00,3366018.697416296,0.0,0.0,0.0,1054843.14305302,2276771.216240768
 05/04  17:00:00,3421470.116564088,0.0,0.0,0.0,1114607.627078687,2239864.5678784116
 05/04  18:00:00,3350152.7167549054,0.0,0.0,0.0,1281948.1823505543,1979477.5571410412
 05/04  19:00:00,3660048.5175939733,0.0,135000.0,0.0,1613641.0686930055,1793708.3974292304
 05/04  20:00:00,3613367.0446246867,44822.34175701609,180000.0,0.0,1580770.6024788884,1642995.428328349
 05/04  21:00:00,3028459.813178958,0.0,180000.0,0.0,1278959.9581492709,1379370.6180368795
 05/04  22:00:00,2580310.4595021717,0.0,180000.0,0.0,935314.1750016864,1300217.6124400515
 05/04  23:00:00,1598842.3598296887,0.0,180000.0,0.0,147020.6307031405,1157744.1869308634
 05/04  24:00:00,1559878.699985309,0.0,180000.0,0.0,147020.6307031405,1149563.3559329386
 05/05  01:00:00,1551697.8689873838,0.0,180000.0,0.0,147020.6307031405,1141382.5249350131
 05/05  02:00:00,1541706.283351432,0.0,180000.0,0.0,147020.6307031405,1133201.6939370881
 05/05  03:00:00,1606436.05273946,0.0,180000.0,0.0,147020.6307031405,1197931.4633251163
 05/05  04:00:00,1883306.1791200172,0.0,180000.0,0.0,150307.67732455215,1469703.788446235
 05/05  05:00:00,1880026.44314114,0.0,180000.0,0.0,242270.27711904707,1376272.2073108896
 05/05  06:00:00,2492977.7522385996,494271.10031874,180000.0,0.0,147020.6307031405,1592012.8171435422
 05/05  07:00:00,2781825.372562188,413119.7478772466,180000.0,0.0,147020.6307031405,1967444.0538227046
 05/05  08:00:00,3575838.9410963645,296024.73927428114,180000.0,0.0,147020.6307031405,2887606.40414998
 05/05  09:00:00,4693169.453577634,152293.6288386966,0.0,0.0,654421.1000810522,3832132.0855170824
 05/05  10:00:00,4617843.883718326,170133.4801638088,0.0,0.0,639479.9790746354,3764772.3131672395
 05/05  11:00:00,4433231.763470256,133379.91331062777,0.0,0.0,612585.9612630852,3658293.8146881144
 05/05  12:00:00,4384314.633735482,102334.38813479102,0.0,0.0,594656.6160553853,3665594.573888985
 05/05  13:00:00,3762904.604947628,82797.67323447173,0.0,0.0,591668.391854102,3068520.23884076
 05/05  14:00:00,3441642.3950241376,71049.70879413112,0.0,0.0,591668.391854102,2759005.9933576104
 05/05  15:00:00,2567820.4058020655,84324.56964329173,0.0,0.0,147020.6307031405,2314746.1497993125
 05/05  16:00:00,2136593.6407483984,94639.46204074263,0.0,0.0,147020.6307031405,1860529.209882007
 05/05  17:00:00,2161298.4805794074,109443.84447812976,0.0,0.0,147020.6307031405,1836025.3291531212
 05/05  18:00:00,2610823.6376795527,103782.26902564662,0.0,0.0,714185.584106719,1705939.5619219039
 05/05  19:00:00,2666767.402152974,122336.11920863228,0.0,0.0,881526.1393785862,1554259.865284152
 05/05  20:00:00,5156839.534693327,165357.52679658984,135000.0,0.0,1341712.666376221,3364476.706564296
 05/05  21:00:00,5015564.461668911,0.0,180000.0,0.0,1278959.9581492709,3379150.54899302
 05/05  22:00:00,1889777.5740635418,0.0,180000.0,0.0,344094.016777777,1211769.413053492
 05/05  23:00:00,1591599.3412775814,0.0,180000.0,0.0,147020.6307031405,1157744.1869308634
 05/05  24:00:00,1559878.699985309,0.0,180000.0,0.0,147020.6307031405,1149563.3559329386
 05/06  01:00:00,1551697.8689873838,0.0,180000.0,0.0,147020.6307031405,1141382.5249350131
 05/06  02:00:00,1496706.283351432,0.0,135000.0,0.0,147020.6307031405,1133201.6939370881
 05/06  03:00:00,1553473.7620581356,0.0,180000.0,0.0,147020.6307031405,1144969.172643792
 05/06  04:00:00,1649326.0999711896,18390.49768875696,180000.0,0.0,147842.3923584934,1219798.4965747094
 05/06  05:00:00,1801240.1116805943,36515.77386946921,180000.0,0.0,147020.6307031405,1356219.7483967813
 05/06  06:00:00,3310260.4705137173,542738.0430627074,180000.0,0.0,345438.7176683544,2162410.505709479
 05/06  07:00:00,10052361.157674346,450827.5456940354,45000.0,0.0,669362.2210874689,8812930.450733747
 05/06  08:00:00,5183824.308611639,217700.58576093114,0.0,0.0,672350.4452887522,4228586.110592994
 05/06  09:00:00,5108321.37248594,94307.26204279147,0.0,0.0,1165407.4385005038,3794284.0328018432
 05/06  10:00:00,4804802.088010581,41218.132670846404,0.0,0.0,884514.3635798696,3835611.4804472234
 05/06  11:00:00,5212589.576271743,0.0,0.0,0.0,612585.9612630852,4571031.54080023
 05/06  12:00:00,4281980.245600691,0.0,0.0,0.0,594656.6160553853,3665594.573888985
 05/06  13:00:00,3527171.922273091,0.0,0.0,0.0,480506.45156636165,3026747.1696884353
 05/06  14:00:00,2769142.248383471,0.0,0.0,0.0,147020.6307031405,2602203.316662036
 05/06  15:00:00,2483495.836158774,0.0,0.0,0.0,147020.6307031405,2314746.1497993125
 05/06  16:00:00,2165921.793959883,15252.06416769313,108715.55108453438,0.0,147020.6307031405,1860529.209882007
 05/06  17:00:00,2178574.96564921,29699.18777690031,211070.272915245,0.0,147020.6307031405,1721976.1980089084
 05/06  18:00:00,2832058.808889214,40458.681301819,284558.7589334888,0.0,714185.584106719,1705939.5619219039
 05/06  19:00:00,3646085.5987147884,16315.244063351334,113775.61024759723,0.0,1613641.0686930055,1793708.3974292304
 05/06  20:00:00,3954913.853203894,0.0,0.0,0.0,2058886.4746842233,1745734.7435634513
 05/06  21:00:00,4146055.554914266,0.0,0.0,0.0,2408508.7062343745,1560092.8941532704
 05/06  22:00:00,1709777.5740635418,0.0,0.0,0.0,344094.016777777,1211769.413053492
 05/06  23:00:00,1591599.3412775814,0.0,180000.0,0.0,147020.6307031405,1157744.1869308634
 05/06  24:00:00,1559878.699985309,0.0,180000.0,0.0,147020.6307031405,1149563.3559329386
 05/07  01:00:00,1551697.8689873838,0.0,180000.0,0.0,147020.6307031405,1141382.5249350131
 05/07  02:00:00,1543517.0379894588,0.0,180000.0,0.0,147020.6307031405,1133201.6939370881
 05/07  03:00:00,1555284.5166961625,0.0,180000.0,0.0,147020.6307031405,1144969.172643792
 05/07  04:00:00,1626896.9245167514,0.0,180000.0,0.0,147020.6307031405,1216581.580464381
 05/07  05:00:00,1750238.300706911,0.0,180000.0,0.0,147020.6307031405,1356219.7483967813
 05/07  06:00:00,2294962.576884864,312552.7167072453,180000.0,0.0,147020.6307031405,1592012.8171435422
 05/07  07:00:00,2446922.0657874322,225891.7235686782,45000.0,0.0,147020.6307031405,1967444.0538227046
 05/07  08:00:00,3419886.4270511605,104405.57647578644,0.0,0.0,409685.53799594636,2846040.409524545
 05/07  09:00:00,4383685.848264361,25599.235879128464,0.0,0.0,654421.1000810522,3652964.382439431
 05/07  10:00:00,5075835.9978489,0.0,0.0,0.0,1129548.7480851037,3906450.6477272073
 05/07  11:00:00,4920415.624288221,0.0,0.0,0.0,1081737.1608645702,3811517.1438532495
 05/07  12:00:00,4339017.028540891,0.0,0.0,0.0,594656.6160553853,3722631.356829184
 05/07  13:00:00,4289456.39011239,0.0,0.0,0.0,1033925.5736440365,3235612.5154500594
 05/07  14:00:00,3968105.7409712207,0.0,0.0,0.0,1033925.5736440365,2914261.8663088907
 05/07  15:00:00,3734302.6739599183,0.0,0.0,0.0,1036913.79784532,2675659.8204582776
 05/07  16:00:00,3361944.2051574215,0.0,0.0,0.0,1054843.14305302,2272696.723981893
 05/07  17:00:00,3421470.116564088,0.0,0.0,0.0,1114607.627078687,2239864.5678784116
 05/07  18:00:00,3350152.7167549054,0.0,0.0,0.0,1281948.1823505543,1979477.5571410412
 05/07  19:00:00,3615048.5175939733,0.0,90000.0,0.0,1613641.0686930055,1793708.3974292304
 05/07  20:00:00,3568544.7028676705,0.0,180000.0,0.0,1580770.6024788884,1642995.428328349
 05/07  21:00:00,1715798.2096164364,0.0,180000.0,0.0,147020.6307031405,1198648.3419204883
 05/07  22:00:00,1674085.9826882123,0.0,180000.0,0.0,147020.6307031405,1182286.6799246387
 05/07  23:00:00,1598842.3598296887,0.0,180000.0,0.0,147020.6307031405,1157744.1869308634
 05/07  24:00:00,1559878.699985309,0.0,180000.0,0.0,147020.6307031405,1149563.3559329386
 05/08  01:00:00,1551697.8689873838,0.0,180000.0,0.0,147020.6307031405,1141382.5249350131
 05/08  02:00:00,1543517.0379894588,0.0,180000.0,0.0,147020.6307031405,1133201.6939370881
 05/08  03:00:00,1555284.5166961625,0.0,180000.0,0.0,147020.6307031405,1144969.172643792
 05/08  04:00:00,1626896.9245167514,0.0,180000.0,0.0,147020.6307031405,1216581.580464381
 05/08  05:00:00,1758330.6459042127,8092.345197301749,180000.0,0.0,147020.6307031405,1356219.7483967813
 05/08  06:00:00,2515134.0044974145,532724.1443197961,180000.0,0.0,147020.6307031405,1592012.8171435422
 05/08  07:00:00,2767808.1246569166,411777.782438162,180000.0,0.0,147020.6307031405,1967444.0538227046
 05/08  08:00:00,3797989.70519414,302508.8546187661,180000.0,0.0,409685.53799594636,2846040.409524545
 05/08  09:00:00,4627614.5914285,224527.97904326752,45000.0,0.0,654421.1000810522,3652964.382439431
 05/08  10:00:00,5241927.512811765,166091.5149628641,0.0,0.0,1129548.7480851037,3906450.6477272073
 05/08  11:00:00,5025700.959873194,105285.3355849731,0.0,0.0,1081737.1608645702,3811517.1438532495
 05/08  12:00:00,4957599.695279092,58620.49406635204,0.0,0.0,1045878.47044917,3831371.675107249
 05/08  13:00:00,4325477.281650319,36020.891537928685,0.0,0.0,1033925.5736440365,3235612.5154500594
 05/08  14:00:00,3396242.9598079473,25650.273577940676,0.0,0.0,591668.391854102,2759005.9933576104
 05/08  15:00:00,4437055.772487717,3678.5387415429973,0.0,0.0,925602.4463475154,3486045.7317423373
 05/08  16:00:00,3361944.2051574215,0.0,0.0,0.0,1054843.14305302,2272696.723981893
 05/08  17:00:00,3249297.339903084,13586.349724659363,0.0,0.0,993584.5469267117,2175128.5216447236
 05/08  18:00:00,2467211.1507359543,33921.46553577346,135000.0,0.0,572394.3457558244,1637168.362181046
 05/08  19:00:00,2788091.373286163,54606.31715168633,180000.0,0.0,881526.1393785862,1554259.865284152
 05/08  20:00:00,3118522.2717746412,130832.75634740731,180000.0,0.0,1102654.7302735536,1540256.1130932467
 05/08  21:00:00,3356027.569229332,0.0,180000.0,0.0,1561347.1451705466,1424551.1870659771
 05/08  22:00:00,1674085.9826882123,0.0,180000.0,0.0,147020.6307031405,1182286.6799246387
 05/08  23:00:00,1598842.3598296887,0.0,180000.0,0.0,147020.6307031405,1157744.1869308634
 05/08  24:00:00,1559878.699985309,0.0,180000.0,0.0,147020.6307031405,1149563.3559329386
 05/09  01:00:00,1551697.8689873838,0.0,180000.0,0.0,147020.6307031405,1141382.5249350131
 05/09  02:00:00,1543517.0379894588,0.0,180000.0,0.0,147020.6307031405,1133201.6939370881
 05/09  03:00:00,1555284.5166961625,0.0,180000.0,0.0,147020.6307031405,1144969.172643792
 05/09  04:00:00,1655614.9684562813,28718.04393952976,180000.0,0.0,147020.6307031405,1216581.580464381
 05/09  05:00:00,6108874.4218223505,50181.22582282655,180000.0,0.0,337221.1011148253,5474474.173277709
 05/09  06:00:00,9767786.995312832,616991.9447385829,180000.0,0.0,941290.6234042532,7966128.014839061
 05/09  07:00:00,4005952.688252729,375139.53956733266,135000.0,0.0,1192301.456312054,2241946.034680433
 05/09  08:00:00,4502134.365838946,180611.73898856447,0.0,0.0,1198277.9047146207,3063489.8190808785
 05/09  09:00:00,5083606.445748807,73213.84458171081,0.0,0.0,1165407.4385005038,3794284.0328018432
 05/09  10:00:00,5941870.903845709,10333.962824893291,0.0,0.0,1129548.7480851037,4762151.590899123
 05/09  11:00:00,4920415.624288221,0.0,0.0,0.0,1081737.1608645702,3811517.1438532495
 05/09  12:00:00,4898979.20121274,0.0,0.0,0.0,1045878.47044917,3831371.675107249
 05/09  13:00:00,4289456.39011239,0.0,0.0,0.0,1033925.5736440365,3235612.5154500594
 05/09  14:00:00,3968105.7409712207,0.0,0.0,0.0,1033925.5736440365,2914261.8663088907
 05/09  15:00:00,3734302.6739599183,0.0,0.0,0.0,1036913.79784532,2675659.8204582776
 05/09  16:00:00,3361944.2051574215,0.0,0.0,0.0,1054843.14305302,2272696.723981893
 05/09  17:00:00,3421470.116564088,0.0,0.0,0.0,1114607.627078687,2239864.5678784116
 05/09  18:00:00,3350152.7167549054,0.0,0.0,0.0,1281948.1823505543,1979477.5571410412
 05/09  19:00:00,3525048.5175939733,0.0,0.0,0.0,1613641.0686930055,1793708.3974292304
 05/09  20:00:00,2807689.5154272337,0.0,0.0,0.0,1102654.7302735536,1540256.1130932467
 05/09  21:00:00,2848459.813178958,0.0,0.0,0.0,1278959.9581492709,1379370.6180368795
 05/09  22:00:00,2353754.340298682,0.0,180000.0,0.0,738240.78892705,1270734.8793111984
 05/09  23:00:00,1598842.3598296887,0.0,180000.0,0.0,147020.6307031405,1157744.1869308634
 05/09  24:00:00,1559878.699985309,0.0,180000.0,0.0,147020.6307031405,1149563.3559329386
 05/10  01:00:00,1551697.8689873838,0.0,180000.0,0.0,147020.6307031405,1141382.5249350131
 05/10  02:00:00,1543517.0379894588,0.0,180000.0,0.0,147020.6307031405,1133201.6939370881
 05/10  03:00:00,1555284.5166961625,0.0,180000.0,0.0,147020.6307031405,1144969.172643792
 05/10  04:00:00,1626896.9245167514,0.0,180000.0,0.0,147020.6307031405,1216581.580464381
 05/10  05:00:00,1750238.300706911,0.0,180000.0,0.0,147020.6307031405,1356219.7483967813
 05/10  06:00:00,2399220.4004396703,416810.5402620517,180000.0,0.0,147020.6307031405,1592012.8171435422
 05/10  07:00:00,3039093.9683365645,352880.63477514056,180000.0,0.0,408191.42589530465,2036456.24997321
 05/10  08:00:00,4106739.6105850334,276110.7161980756,180000.0,0.0,672350.4452887522,2918523.546043323
 05/10  09:00:00,4554599.323515402,196512.71113016954,0.0,0.0,654421.1000810522,3652964.382439431
 05/10  10:00:00,4258756.923135108,131706.97997257998,0.0,0.0,393250.304888888,3693963.036237052
 05/10  11:00:00,4694564.1054202365,85335.74551532566,0.0,0.0,847161.5610638277,3734905.4792706817
 05/10  12:00:00,4931036.089480868,32056.888268127677,0.0,0.0,1045878.47044917,3831371.675107249
 05/10  13:00:00,3988613.47123208,3831.8103193064803,0.0,0.0,812796.9827490693,3152066.37714541
 05/10  14:00:00,3695106.9215224115,0.0,0.0,0.0,702232.6873015857,2972955.9332025317
 05/10  15:00:00,3734302.6739599183,0.0,0.0,0.0,1036913.79784532,2675659.8204582776
 05/10  16:00:00,3361944.2051574215,0.0,0.0,0.0,1054843.14305302,2272696.723981893
 05/10  17:00:00,3421470.116564088,0.0,0.0,0.0,1114607.627078687,2239864.5678784116
 05/10  18:00:00,3350152.7167549054,0.0,0.0,0.0,1281948.1823505543,1979477.5571410412
 05/10  19:00:00,3525048.5175939733,0.0,0.0,0.0,1613641.0686930055,1793708.3974292304
 05/10  20:00:00,3969399.8903081077,0.0,0.0,0.0,2058886.4746842233,1745734.7435634513
 05/10  21:00:00,4158730.837380453,0.0,0.0,0.0,2408508.7062343745,1560092.8941532704
 05/10  22:00:00,3305525.9967125,0.0,0.0,0.0,1724205.364140489,1416541.960511578
 05/10  23:00:00,1780823.2751356775,0.0,0.0,0.0,442257.18178993475,1224488.5511500582
 05/10  24:00:00,1379878.699985309,0.0,0.0,0.0,147020.6307031405,1149563.3559329386
 05/11  01:00:00,1371697.8689873838,0.0,0.0,0.0,147020.6307031405,1141382.5249350131
 05/11  02:00:00,1363517.0379894588,0.0,0.0,0.0,147020.6307031405,1133201.6939370881
 05/11  03:00:00,1510284.5166961625,0.0,135000.0,0.0,147020.6307031405,1144969.172643792
 05/11  04:00:00,1626896.9245167514,0.0,180000.0,0.0,147020.6307031405,1216581.580464381
 05/11  05:00:00,1750238.300706911,0.0,180000.0,0.0,147020.6307031405,1356219.7483967813
 05/11  06:00:00,2316742.1371200467,334332.27694242855,180000.0,0.0,147020.6307031405,1592012.8171435422
 05/11  07:00:00,3170037.975749413,243641.65084531915,90000.0,0.0,669362.2210874689,2105468.446123716
 05/11  08:00:00,4434793.926959121,113271.30010873967,0.0,0.0,1198277.9047146207,3063489.8190808785
 05/11  09:00:00,5038487.240418112,28094.639251016502,0.0,0.0,1165407.4385005038,3794284.0328018432
 05/11  10:00:00,5075835.9978489,0.0,0.0,0.0,1129548.7480851037,3906450.6477272073
 05/11  11:00:00,4977452.40722842,0.0,0.0,0.0,1081737.1608645702,3868553.926793448
 05/11  12:00:00,4898979.20121274,0.0,0.0,0.0,1045878.47044917,3831371.675107249
 05/11  13:00:00,3680106.9317131564,0.0,0.0,0.0,591668.391854102,3068520.23884076
 05/11  14:00:00,3669349.2136006136,0.0,0.0,0.0,812796.9827490692,2836633.9298332506
 05/11  15:00:00,2483495.836158774,0.0,0.0,0.0,147020.6307031405,2314746.1497993125
 05/11  16:00:00,2041954.1787076555,0.0,0.0,0.0,147020.6307031405,1860529.209882007
 05/11  17:00:00,6643307.3888020795,0.0,0.0,0.0,630515.3064707854,5945794.160724306
 05/11  18:00:00,8217133.973693638,0.0,0.0,0.0,856126.2336676777,7272280.76276265
 05/11  19:00:00,3525048.5175939733,0.0,0.0,0.0,1613641.0686930055,1793708.3974292304
 05/11  20:00:00,3969399.8903081077,0.0,0.0,0.0,2058886.4746842233,1745734.7435634513
 05/11  21:00:00,3683595.3252797057,0.0,180000.0,0.0,1843734.3321918228,1469731.7560950748
 05/11  22:00:00,2580310.4595021717,0.0,180000.0,0.0,935314.1750016864,1300217.6124400515
 05/11  23:00:00,1598842.3598296887,0.0,180000.0,0.0,147020.6307031405,1157744.1869308634
 05/11  24:00:00,1559878.699985309,0.0,180000.0,0.0,147020.6307031405,1149563.3559329386
 05/12  01:00:00,1551697.8689873838,0.0,180000.0,0.0,147020.6307031405,1141382.5249350131
 05/12  02:00:00,1541706.283351432,0.0,180000.0,0.0,147020.6307031405,1133201.6939370881
 05/12  03:00:00,1553473.7620581356,0.0,180000.0,0.0,147020.6307031405,1144969.172643792
 05/12  04:00:00,1626896.9245167514,0.0,180000.0,0.0,147020.6307031405,1216581.580464381
 05/12  05:00:00,1764724.337811125,0.0,180000.0,0.0,147020.6307031405,1356219.7483967813
 05/12  06:00:00,2412210.3084864463,413503.6565665868,180000.0,0.0,147020.6307031405,1592012.8171435422
 05/12  07:00:00,2669944.943348879,301239.31866393756,180000.0,0.0,147020.6307031405,1967444.0538227046
 05/12  08:00:00,8554519.042873275,172690.37432816863,90000.0,0.0,1198277.9047146207,7028363.596861524
 05/12  09:00:00,11433840.758468255,82980.33526996027,0.0,0.0,1165407.4385005038,10131130.345556991
 05/12  10:00:00,4605647.179447127,0.0,0.0,0.0,761997.1713272525,3800191.896807232
 05/12  11:00:00,4299851.850159627,0.0,0.0,0.0,612585.9612630852,3658293.8146881144
 05/12  12:00:00,4281980.245600691,0.0,0.0,0.0,594656.6160553853,3665594.573888985
 05/12  13:00:00,3680106.9317131564,0.0,0.0,0.0,591668.391854102,3068520.23884076
 05/12  14:00:00,3370592.6862300066,0.0,0.0,0.0,591668.391854102,2759005.9933576104
 05/12  15:00:00,2883122.4998039976,11008.669129796821,76467.34238617672,0.0,369344.51127862127,2404572.921353082
 05/12  16:00:00,2197943.1973251565,19634.835950542816,136354.18266695825,0.0,147020.6307031405,1860529.209882007
 05/12  17:00:00,3589527.974877409,69253.24995749776,478985.85005762125,0.0,751687.797832825,2220792.400784449
 05/12  18:00:00,4469296.343015437,126920.51085115872,875953.0074326365,0.0,1281948.1823505543,2097558.4197558044
 05/12  19:00:00,3790712.9939999366,35092.993546253456,239625.25604984313,0.0,1613641.0686930055,1793708.3974292304
 05/12  20:00:00,2793203.47832302,0.0,0.0,0.0,1102654.7302735536,1540256.1130932467
 05/12  21:00:00,2835784.5307127708,0.0,0.0,0.0,1278959.9581492709,1379370.6180368795
 05/12  22:00:00,1483221.4548600519,0.0,0.0,0.0,147020.6307031405,1182286.6799246387
 05/12  23:00:00,1591599.3412775814,0.0,180000.0,0.0,147020.6307031405,1157744.1869308634
 05/12  24:00:00,1559878.699985309,0.0,180000.0,0.0,147020.6307031405,1149563.3559329386
 05/13  01:00:00,1551697.8689873838,0.0,180000.0,0.0,147020.6307031405,1141382.5249350131
 05/13  02:00:00,1541706.283351432,0.0,180000.0,0.0,147020.6307031405,1133201.6939370881
 05/13  03:00:00,1553473.7620581356,0.0,180000.0,0.0,147020.6307031405,1144969.172643792
 05/13  04:00:00,1626896.9245167514,0.0,180000.0,0.0,147020.6307031405,1216581.580464381
 05/13  05:00:00,1841592.4080311349,0.0,180000.0,0.0,210520.3949804115,1369588.0543395202
 05/13  06:00:00,2714180.2287195968,287978.39482701727,135000.0,0.0,543856.8046335684,1667671.8251858344
 05/13  07:00:00,3043742.046108054,194670.43873777275,0.0,0.0,669362.2210874689,2105468.446123716
 05/13  08:00:00,3724294.62048764,68233.46218660244,0.0,0.0,672350.4452887522,2918523.546043323
 05/13  09:00:00,4039789.200250689,2441.1384595657287,0.0,0.0,400720.86539209634,3582304.557258224
 05/13  10:00:00,3813632.501322647,0.0,0.0,0.0,147020.6307031405,3623153.759306865
 05/13  11:00:00,4009691.388640004,0.0,0.0,0.0,263411.9633431267,3717307.35108845
 05/13  12:00:00,4338974.267752565,0.0,0.0,0.0,594656.6160553853,3722588.5960408603
 05/13  13:00:00,4061177.907291691,9375.0549368813,67021.19144203575,0.0,812796.9827490692,3152066.3771454096
 05/13  14:00:00,4467398.598249215,60771.50557262249,438521.3517053715,0.0,1033925.5736440365,2914261.8663088907
 05/13  15:00:00,3983904.738700681,105890.08324201494,770217.5150413917,0.0,591668.391854102,2494399.692906852
 05/13  16:00:00,3866941.410542533,140789.5514337574,1024501.4895963648,0.0,600633.064457952,2066612.96693195
 05/13  17:00:00,4157029.968643264,172760.4479717304,1246988.3720718734,0.0,630515.3064707854,2037957.1658838587
 05/13  18:00:00,3800783.6549748825,134079.49544228124,949337.6425129521,0.0,856126.2336676777,1774324.0607266882
 05/13  19:00:00,4366987.947050038,107248.41135772306,743744.7912884748,0.0,1613641.0686930055,1793708.3974292304
 05/13  20:00:00,4079611.6469077785,15865.918769851536,108831.87493403262,0.0,2058886.4746842233,1745734.7435634513
 05/13  21:00:00,4199473.609742382,6841.195243638467,46576.859584476944,0.0,2408508.7062343745,1560092.8941532704
 05/13  22:00:00,2842053.7002791753,0.0,0.0,0.0,1329759.7695710878,1358379.7864758149
 05/13  23:00:00,1773580.2565835707,0.0,0.0,0.0,442257.18178993475,1224488.5511500582
 05/13  24:00:00,1541995.9045273454,0.0,0.0,0.0,256987.28131036749,1201713.909867748
 05/14  01:00:00,1435548.3227462017,0.0,0.0,0.0,183775.7883789256,1168477.821018046
 05/14  02:00:00,1543517.0379894588,0.0,180000.0,0.0,147020.6307031405,1133201.6939370881
 05/14  03:00:00,1555284.5166961625,0.0,180000.0,0.0,147020.6307031405,1144969.172643792
 05/14  04:00:00,1626896.9245167514,0.0,180000.0,0.0,147020.6307031405,1216581.580464381
 05/14  05:00:00,1750238.300706911,0.0,180000.0,0.0,147020.6307031405,1356219.7483967813
 05/14  06:00:00,2004106.3320068675,156696.47182924912,45000.0,0.0,147020.6307031405,1592012.8171435422
 05/14  07:00:00,2269834.7859514533,93804.4437326985,0.0,0.0,147020.6307031405,1967444.0538227046
 05/14  08:00:00,3658325.187128648,7696.292741690825,0.0,0.0,672350.4452887522,2918523.546043323
 05/14  09:00:00,4358086.612385232,0.0,0.0,0.0,654421.1000810522,3652964.382439431
 05/14  10:00:00,4444088.894278463,0.0,0.0,0.0,639479.9790746354,3764772.3131672395
 05/14  11:00:00,6010264.916476869,28650.1598624388,213430.00703673088,0.0,1081737.1608645702,4659286.269142727
 05/14  12:00:00,6049284.741557201,106127.346780224,804116.3819228234,0.0,1045878.47044917,4071433.486748662
 05/14  13:00:00,5464693.981350675,135163.1736594845,1040074.4175788005,0.0,1033925.5736440365,3235612.5154500594
 05/14  14:00:00,5756570.822316849,205114.63634666614,1583350.444998962,0.0,1033925.5736440365,2914261.8663088907
 05/14  15:00:00,5126745.994530779,232467.95386893948,1786480.9002445657,0.0,591668.391854102,2494399.692906852
 05/14  16:00:00,4704687.737332415,233068.8879037582,1769968.479916247,0.0,600633.064457952,2066612.96693195
 05/14  17:00:00,4393023.933543712,203108.9162976706,1511481.4062246075,0.0,630515.3064707854,1980920.3829436598
 05/14  18:00:00,4028135.769714522,184342.04013087254,1334941.6062917165,0.0,714185.584106719,1705939.5619219039
 05/14  19:00:00,6508787.965350853,171484.83941559173,1215798.0902923555,0.0,881526.1393785862,4122279.844792581
 05/14  20:00:00,4676472.051461883,80600.57934508257,565297.6772968309,0.0,2058886.4746842233,1806908.6480753128
 05/14  21:00:00,4831447.845889805,84195.06885905826,588521.9396502932,0.0,2408508.7062343745,1560092.8941532704
 05/14  22:00:00,3643737.311464182,42397.480937141445,295813.8338145405,0.0,1724205.364140489,1416541.960511578
 05/14  23:00:00,2159160.5004203767,1603.6919791634507,11166.748958006208,0.0,741079.6019182691,1291232.9153692531
 05/14  24:00:00,1541995.9045273454,0.0,0.0,0.0,256987.28131036749,1201713.909867748
 05/15  01:00:00,1371697.8689873838,0.0,0.0,0.0,147020.6307031405,1141382.5249350131
 05/15  02:00:00,1363517.0379894588,0.0,0.0,0.0,147020.6307031405,1133201.6939370881
 05/15  03:00:00,1375284.5166961625,0.0,0.0,0.0,147020.6307031405,1144969.172643792
 05/15  04:00:00,1446896.9245167514,0.0,0.0,0.0,147020.6307031405,1216581.580464381
 05/15  05:00:00,1684287.4318511235,0.0,0.0,0.0,147020.6307031405,1470268.8795409938
 05/15  06:00:00,2690619.158634479,0.0,0.0,0.0,742573.7140189108,1884669.0322846323
 05/15  07:00:00,3166104.736794745,0.0,0.0,0.0,930831.8386997614,2173707.2404020745
 05/15  08:00:00,3707665.677327157,0.0,0.0,0.0,672350.4452887522,2975560.328983522
 05/15  09:00:00,4358086.612385232,0.0,0.0,0.0,654421.1000810522,3652964.382439431
 05/15  10:00:00,4538260.439638887,41360.4945235598,316887.71127147495,0.0,393250.304888888,3746925.3269183766
 05/15  11:00:00,5452137.058379081,95464.26585411196,743369.9403611836,0.0,847161.5610638277,3738979.9715295564
 05/15  12:00:00,6364763.514710007,140388.72929717405,1101326.8774613272,0.0,820267.5432522777,4281051.309042907
 05/15  13:00:00,11985292.80685846,180441.07777851983,1417282.7927567519,0.0,591668.391854102,9775982.24345079
 05/15  14:00:00,6202679.745045905,172613.12687075665,1349411.3673954713,0.0,591668.391854102,4069068.5579072805
 05/15  15:00:00,4484169.7820466515,203872.00007608812,1583689.8368069648,0.0,258182.5709908809,2416696.3185163965
 05/15  16:00:00,4876129.586301415,250025.3396870623,1924453.8771019424,0.0,600633.064457952,2066612.96693195
 05/15  17:00:00,5251592.249469088,257230.0432834161,1944410.3423929112,0.0,872561.4667747363,2110392.4754110356
 05/15  18:00:00,5264405.455045427,229183.99900900724,1685068.7392815151,0.0,1281948.1823505543,1979477.5571410412
 05/15  19:00:00,5105999.59962714,193735.95686586693,1387215.1251673,0.0,1613641.0686930055,1793708.3974292304
 05/15  20:00:00,4803228.481207557,103519.89777130127,730308.6931281482,0.0,2058886.4746842233,1745734.7435634513
 05/15  21:00:00,3812912.0495241145,79465.63838755984,557418.8419072226,0.0,1561347.1451705468,1424551.1870659771
 05/15  22:00:00,2599244.3069891366,24892.266348839858,174041.581138125,0.0,935314.1750016864,1300217.6124400515
 05/15  23:00:00,1418842.3598296887,0.0,0.0,0.0,147020.6307031405,1157744.1869308634
 05/15  24:00:00,1379878.699985309,0.0,0.0,0.0,147020.6307031405,1149563.3559329386
 05/16  01:00:00,1371697.8689873838,0.0,0.0,0.0,147020.6307031405,1141382.5249350131
 05/16  02:00:00,1363517.0379894588,0.0,0.0,0.0,147020.6307031405,1133201.6939370881
 05/16  03:00:00,1375284.5166961625,0.0,0.0,0.0,147020.6307031405,1144969.172643792
 05/16  04:00:00,1446896.9245167514,0.0,0.0,0.0,147020.6307031405,1216581.580464381
 05/16  05:00:00,1627275.0836471098,0.0,0.0,0.0,147020.6307031405,1413256.53133698
 05/16  06:00:00,2038657.4511639785,0.0,0.0,0.0,345438.71766835445,1629842.3211646886
 05/16  07:00:00,2176030.3422187543,0.0,0.0,0.0,147020.6307031405,1967444.0538227046
 05/16  08:00:00,3650628.8943869574,0.0,0.0,0.0,672350.4452887522,2918523.546043323
 05/16  09:00:00,4358086.612385232,0.0,0.0,0.0,654421.1000810522,3652964.382439431
 05/16  10:00:00,4444088.894278463,0.0,0.0,0.0,639479.9790746354,3764772.3131672395
 05/16  11:00:00,5265291.376611979,39840.56723653879,305035.1850872182,0.0,1081737.1608645702,3811517.1438532495
 05/16  12:00:00,5741003.380357834,96433.16283190313,745591.0163131913,0.0,1045878.47044917,3831371.675107249
 05/16  13:00:00,5722789.182447625,163987.04437444336,1269345.747960792,0.0,1033925.5736440365,3235612.5154500594
 05/16  14:00:00,5713529.681309745,200253.01273257274,1545170.9276059505,0.0,1033925.5736440365,2914261.8663088907
 05/16  15:00:00,5698763.762839273,226493.4822611229,1737967.6066182314,0.0,1036913.79784532,2675659.8204582776
 05/16  16:00:00,5630417.560073183,263623.90012334223,2004849.4547924188,0.0,1054843.14305302,2272696.723981893
 05/16  17:00:00,5537134.591018894,248661.48414584371,1867002.9903089623,0.0,1114607.627078687,2239864.5678784116
 05/16  18:00:00,4778750.336624224,221381.07926508464,1627866.8373357204,0.0,998066.8832286367,1842708.5595314726
 05/16  19:00:00,4492564.751229303,177502.54004843632,1275795.4243166416,0.0,1247583.604035796,1673984.1313566912
 05/16  20:00:00,4790872.771235257,101563.74855178039,719909.1323753693,0.0,2058886.4746842233,1745734.7435634513
 05/16  21:00:00,2317571.90962662,56348.58780962987,397259.7113099232,0.0,430005.4625646731,1243828.9109495862
 05/16  22:00:00,1524580.314176818,3795.532013917925,26698.79947468745,0.0,147020.6307031405,1182286.6799246387
 05/16  23:00:00,1418842.3598296887,0.0,0.0,0.0,147020.6307031405,1157744.1869308634
 05/16  24:00:00,1379878.699985309,0.0,0.0,0.0,147020.6307031405,1149563.3559329386
 05/17  01:00:00,1371697.8689873838,0.0,0.0,0.0,147020.6307031405,1141382.5249350131
 05/17  02:00:00,1363517.0379894588,0.0,0.0,0.0,147020.6307031405,1133201.6939370881
 05/17  03:00:00,1375284.5166961625,0.0,0.0,0.0,147020.6307031405,1144969.172643792
 05/17  04:00:00,1446896.9245167514,0.0,0.0,0.0,147020.6307031405,1216581.580464381
 05/17  05:00:00,1647106.3709269208,0.0,0.0,0.0,210520.3949804115,1369588.0543395202
 05/17  06:00:00,2297059.761854477,22154.71970413841,0.0,0.0,543856.8046335684,1667671.8251858344
 05/17  07:00:00,2839579.4418772943,3183.116973200483,0.0,0.0,669362.2210874689,2105468.446123716
 05/17  08:00:00,4506329.837558873,0.0,0.0,0.0,672350.4452887522,3774224.489215239
 05/17  09:00:00,4684239.606776164,0.0,0.0,0.0,909914.2692907781,3723624.2076206375
 05/17  10:00:00,4811777.772187721,6010.041639724124,45805.284484314754,0.0,884514.3635798696,3835611.4804472234
 05/17  11:00:00,3908478.0387585605,26419.132704564538,204413.0547013616,0.0,147020.6307031405,3503463.901079093
 05/17  12:00:00,5376764.02408007,106466.11747279097,834067.9221035757,0.0,707462.0796538315,3707038.8491935506
 05/17  13:00:00,6014996.665950083,194279.27713410207,1531260.998703592,0.0,1033925.5736440365,3235612.5154500594
 05/17  14:00:00,6169862.518813619,247940.83032488776,1953815.94751751,0.0,1033925.5736440365,2914261.8663088907
 05/17  15:00:00,5910451.324732826,299310.44141205715,2346717.359517833,0.0,702979.7433519065,2539714.724794708
 05/17  16:00:00,6217672.457593852,374386.893207771,2919524.953022219,0.0,714185.584106719,2175170.6891346346
 05/17  17:00:00,5677660.506503178,343953.55960933847,2655273.335872405,0.0,630515.3064707854,1980920.3829436598
 05/17  18:00:00,5051647.483177054,298101.59737837745,2244693.7625067434,0.0,714185.584106719,1705939.5619219039
 05/17  19:00:00,5550026.6214044215,243595.97733764298,1781382.1264728054,0.0,1613641.0686930055,1793708.3974292304
 05/17  20:00:00,5204114.422293233,150939.9484810502,1083774.5835040752,0.0,2058886.4746842233,1745734.7435634513
 05/17  21:00:00,4204883.173849872,126620.99645262396,902234.6081679165,0.0,1561347.1451705468,1424551.1870659771
 05/17  22:00:00,2936333.3489160915,66208.41245828333,469814.476955636,0.0,935314.1750016864,1300217.6124400515
 05/17  23:00:00,1839933.8871648808,7317.659445457104,51792.952583746315,0.0,442257.18178993475,1224488.5511500582
 05/17  24:00:00,1379878.699985309,0.0,0.0,0.0,147020.6307031405,1149563.3559329386
 05/18  01:00:00,1371697.8689873838,0.0,0.0,0.0,147020.6307031405,1141382.5249350131
 05/18  02:00:00,1363517.0379894588,0.0,0.0,0.0,147020.6307031405,1133201.6939370881
 05/18  03:00:00,1375284.5166961625,0.0,0.0,0.0,147020.6307031405,1144969.172643792
 05/18  04:00:00,1446896.9245167514,0.0,0.0,0.0,147020.6307031405,1216581.580464381
 05/18  05:00:00,1570238.300706911,0.0,0.0,0.0,147020.6307031405,1356219.7483967813
 05/18  06:00:00,2156930.657867223,0.0,0.0,0.0,444797.1723610256,1648757.0731752613
 05/18  07:00:00,3001250.5308494195,0.0,0.0,0.0,800097.0298936152,2139587.843262895
 05/18  08:00:00,4321522.6268503815,0.0,0.0,0.0,1198277.9047146207,3063489.8190808785
 05/18  09:00:00,5010392.601167096,0.0,0.0,0.0,1165407.4385005038,3794284.0328018432
 05/18  10:00:00,4468312.709698442,2771.25904210512,21452.55637787422,0.0,639479.9790746354,3764772.3131672395
 05/18  11:00:00,4857102.168646181,62724.39767798422,496336.67544659576,0.0,612585.9612630852,3658293.8146881144
 05/18  12:00:00,6195933.222769765,160752.19578106244,1290451.5646789754,0.0,933073.0068507239,3789927.399802683
 05/18  13:00:00,6147221.622600164,249765.1184844617,2012049.9171214132,0.0,702232.6873015857,3163255.598674409
 05/18  14:00:00,6094238.778977949,300428.94461950473,2419142.655869564,0.0,591668.391854102,2763080.4856164847
 05/18  15:00:00,6841112.413963143,343958.6251596509,2762851.114843573,0.0,1036913.79784532,2675659.8204582776
 05/18  16:00:00,7164009.276417674,417930.1064611765,3327098.1818588767,0.0,1054843.14305302,2329733.5069220923
 05/18  17:00:00,6971637.357128195,402215.6341314406,3147951.6064326656,0.0,1114607.627078687,2239864.5678784116
 05/18  18:00:00,5530387.46243711,324700.5078220491,2486509.6829573847,0.0,856126.2336676779,1774324.0607266882
 05/18  19:00:00,4830003.758526666,267601.01356698765,2008917.6888252022,0.0,881526.1393785862,1554259.865284152
 05/18  20:00:00,4726337.070662277,193618.79278679847,1434601.168728026,0.0,1341712.666376221,1591625.770710798
 05/18  21:00:00,5821547.983388369,198969.8665685959,1463847.2794393194,0.0,2408508.7062343745,1560092.8941532704
 05/18  22:00:00,3573230.32792723,140936.20187836484,1031983.6665466927,0.0,935314.1750016864,1300217.6124400515
 05/18  23:00:00,2221001.5128968945,74825.31701516527,546343.3783990457,0.0,294638.90624653763,1191116.3690404608
 05/18  24:00:00,1666821.0295829494,34630.7404482761,252311.5891493642,0.0,147020.6307031405,1149563.3559329386
 05/19  01:00:00,1413201.4384577093,5019.900545176683,36483.66892514903,0.0,147020.6307031405,1141382.5249350131
 05/19  02:00:00,1361706.283351432,0.0,0.0,0.0,147020.6307031405,1133201.6939370881
 05/19  03:00:00,1373473.7620581356,0.0,0.0,0.0,147020.6307031405,1144969.172643792
 05/19  04:00:00,1446896.9245167514,0.0,0.0,0.0,147020.6307031405,1216581.580464381
 05/19  05:00:00,1584724.337811125,0.0,0.0,0.0,147020.6307031405,1356219.7483967813
 05/19  06:00:00,2054954.2429062193,0.0,0.0,0.0,345438.7176683544,1629842.3211646883
 05/19  07:00:00,3178780.019260932,0.0,0.0,0.0,930831.8386997614,2173707.2404020745
 05/19  08:00:00,4833730.46327943,53629.476147420006,400183.80568622367,0.0,1198277.9047146207,3116452.109762203
 05/19  09:00:00,6928925.046206813,233164.65383357834,1763551.9144694644,0.0,909914.269290778,3967971.569472191
 05/19  10:00:00,6408095.581790072,220699.09273024308,1686723.7948239876,0.0,639479.9790746354,3817734.6038485644
 05/19  11:00:00,6135407.328030967,210759.0071477132,1624796.470723627,0.0,612585.9612630852,3658293.8146881144
 05/19  12:00:00,6497694.474434778,252864.14761843285,1962850.0812156536,0.0,594656.6160553853,3665594.573888985
 05/19  13:00:00,6221722.478108905,288612.225734874,2253003.3206608742,0.0,591668.391854102,3068520.23884076
 05/19  14:00:00,6224188.170661407,323440.4221082464,2530155.0623231535,0.0,591668.391854102,2759005.9933576104
 05/19  15:00:00,6409090.298164385,375184.063896957,2926109.0938501535,0.0,591668.391854102,2494399.692906852
 05/19  16:00:00,6086356.862123882,406741.8487813671,3142888.6915312936,0.0,487229.95601924916,2015092.0276694645
 05/19  17:00:00,6780418.61877854,426773.1850323013,3244846.0323752523,0.0,872561.4667747363,2167429.2583512347
 05/19  18:00:00,6401700.644844706,362891.26415238227,2690467.4185754457,0.0,1281948.1823505543,1979477.5571410412
 05/19  19:00:00,5992835.824701569,301210.80486858584,2175630.275429143,0.0,1613641.0686930055,1793708.3974292304
 05/19  20:00:00,5511506.226614561,192088.38803346365,1364503.9853772037,0.0,2058886.4746842233,1745734.7435634513
 05/19  21:00:00,10412092.641086882,123149.05689402902,867951.6869482709,0.0,2408508.7062343745,6835029.236483587
 05/19  22:00:00,2996299.0853060544,75710.04763984183,531143.1059922015,0.0,935314.1750016864,1300217.6124400515
 05/19  23:00:00,1867194.5997591307,11704.700113649813,81909.64306191025,0.0,442257.18178993475,1224488.5511500582
 05/19  24:00:00,1460937.3022563271,0.0,0.0,0.0,202003.956006754,1175638.6329003433
 05/20  01:00:00,1371697.8689873838,0.0,0.0,0.0,147020.6307031405,1141382.5249350131
 05/20  02:00:00,1361706.283351432,0.0,0.0,0.0,147020.6307031405,1133201.6939370881
 05/20  03:00:00,1373473.7620581356,0.0,0.0,0.0,147020.6307031405,1144969.172643792
 05/20  04:00:00,1446896.9245167514,0.0,0.0,0.0,147020.6307031405,1216581.580464381
 05/20  05:00:00,1584724.337811125,0.0,0.0,0.0,147020.6307031405,1356219.7483967813
 05/20  06:00:00,1818706.6519198595,0.0,0.0,0.0,147020.6307031405,1592012.8171435422
 05/20  07:00:00,2188705.6246849415,0.0,0.0,0.0,147020.6307031405,1967444.0538227046
 05/20  08:00:00,2985765.0706778704,0.0,0.0,0.0,147020.6307031405,2773557.2730057673
 05/20  09:00:00,4361708.121661285,0.0,0.0,0.0,654421.1000810522,3652964.382439431
 05/20  10:00:00,4597560.389095276,17502.45081519779,132347.5347255614,0.0,639479.9790746354,3764772.3131672395
 05/20  11:00:00,4937304.761550443,73673.25276648336,563779.6586243329,0.0,612585.9612630852,3658293.8146881144
 05/20  12:00:00,5818206.900052237,209059.17404190305,1612046.488205729,0.0,258929.6270412017,3716442.5551070822
 05/20  13:00:00,6770278.026875866,334048.85148477694,2580986.272070831,0.0,591668.391854102,3243656.2104478613
 05/20  14:00:00,5937482.353532196,294890.879474853,2271998.7878273358,0.0,591668.391854102,2759005.9933576104
 05/20  15:00:00,6771771.645039775,351564.0907508789,2685904.8803289775,0.0,1036913.79784532,2675659.8204582776
 05/20  16:00:00,6792283.686034377,401516.2317862761,3028823.2490906795,0.0,1054843.14305302,2272696.723981893
 05/20  17:00:00,6469946.283968099,383423.822800698,2849000.7163509503,0.0,993584.5469267117,2175128.5216447236
 05/20  18:00:00,5047923.534465355,306553.35394647333,2234328.8118649754,0.0,714185.584106719,1705939.5619219039
 05/20  19:00:00,5639865.981693901,260862.32882723276,1863008.9084628285,0.0,1613641.0686930055,1793708.3974292304
 05/20  20:00:00,5160231.590154751,149826.3533370939,1055491.3836137636,0.0,2058886.4746842233,1745734.7435634513
 05/20  21:00:00,4058622.43909154,111904.21859603403,783365.9337323615,0.0,1561347.1451705468,1424551.1870659771
 05/20  22:00:00,2682007.7595300823,36678.47389433859,255883.35396173268,0.0,935314.1750016864,1300217.6124400515
 05/20  23:00:00,1773580.2565835707,0.0,0.0,0.0,442257.18178993475,1224488.5511500582
 05/20  24:00:00,1420408.0011208178,0.0,0.0,0.0,174512.29335494724,1162600.994416641
 05/21  01:00:00,1371697.8689873838,0.0,0.0,0.0,147020.6307031405,1141382.5249350131
 05/21  02:00:00,1363517.0379894588,0.0,0.0,0.0,147020.6307031405,1133201.6939370881
 05/21  03:00:00,1375284.5166961625,0.0,0.0,0.0,147020.6307031405,1144969.172643792
 05/21  04:00:00,1446896.9245167514,0.0,0.0,0.0,147020.6307031405,1216581.580464381
 05/21  05:00:00,1661634.62649824,0.0,0.0,0.0,178770.512841776,1415866.192049475
 05/21  06:00:00,2278979.5344092133,0.0,0.0,0.0,543856.8046335684,1671746.317444709
 05/21  07:00:00,2836396.324904094,0.0,0.0,0.0,669362.2210874689,2105468.446123716
 05/21  08:00:00,3650628.8943869574,0.0,0.0,0.0,672350.4452887522,2918523.546043323
 05/21  09:00:00,4358086.612385232,0.0,0.0,0.0,654421.1000810522,3652964.382439431
 05/21  10:00:00,5260104.458942505,15223.013298120872,116083.15711415994,0.0,1129548.7480851037,3959412.9384085317
 05/21  11:00:00,9079945.862483833,86254.91541013039,669689.2333085686,0.0,612585.9612630852,7684254.432931649
 05/21  12:00:00,12858191.083921202,175148.57317923574,1388000.2256838882,0.0,933073.0068507239,10340240.222551035
 05/21  13:00:00,7862319.912580658,251398.11040469562,2011402.8475139015,0.0,1033925.5736440365,4545675.079999731
 05/21  14:00:00,6497101.088059954,297639.243686391,2380734.367087646,0.0,923361.278196553,2875447.8980710707
 05/21  15:00:00,6764241.115384933,339807.7387910747,2690130.70263394,0.0,1036913.79784532,2675659.8204582776
 05/21  16:00:00,6445102.696245853,351657.3399944144,2731501.1510940166,0.0,1054843.14305302,2272696.723981893
 05/21  17:00:00,6521872.357461846,360355.6710443052,2740046.569853453,0.0,1114607.627078687,2239864.5678784116
 05/21  18:00:00,6688335.30710609,343117.78394354123,2560014.1599672134,0.0,998066.8832286367,2698409.5027033887
 05/21  19:00:00,4705360.706651172,258409.84257334511,1893465.8079433497,0.0,881526.1393785862,1554259.865284152
 05/21  20:00:00,4758931.5028656535,166439.5524063367,1203947.2475916464,0.0,1580770.6024788886,1642995.4283283488
 05/21  21:00:00,4470652.3595032655,158252.55725779917,1136969.8778563908,0.0,1560749.50033029,1424551.1870659771
 05/21  22:00:00,2066555.3847761422,70248.35593917844,502221.04614875134,0.0,147020.6307031405,1182286.6799246387
 05/21  23:00:00,1540062.0156759792,14905.853442245967,106313.80240404463,0.0,147020.6307031405,1157744.1869308634
 05/21  24:00:00,1379878.699985309,0.0,0.0,0.0,147020.6307031405,1149563.3559329386
 05/22  01:00:00,1371697.8689873838,0.0,0.0,0.0,147020.6307031405,1141382.5249350131
 05/22  02:00:00,1363517.0379894588,0.0,0.0,0.0,147020.6307031405,1133201.6939370881
 05/22  03:00:00,1375284.5166961625,0.0,0.0,0.0,147020.6307031405,1144969.172643792
 05/22  04:00:00,1446896.9245167514,0.0,0.0,0.0,147020.6307031405,1216581.580464381
 05/22  05:00:00,1570238.300706911,0.0,0.0,0.0,147020.6307031405,1356219.7483967813
 05/22  06:00:00,1802409.8601776185,0.0,0.0,0.0,147020.6307031405,1592012.8171435422
 05/22  07:00:00,3425220.4962355006,3262.1783885931027,23723.587293186116,0.0,930831.8386997615,2405837.234161051
 05/22  08:00:00,3650628.8943869574,0.0,0.0,0.0,672350.4452887522,2918523.546043323
 05/22  09:00:00,5911959.447343575,24411.089188797454,184531.31101123197,0.0,1037660.8538956409,4614655.063383156
 05/22  10:00:00,5821913.173898593,85972.08867392843,660105.0873757635,0.0,1129548.7480851037,3906450.6477272073
 05/22  11:00:00,6219114.718219395,147820.6373930212,1150878.4565381529,0.0,1081737.1608645702,3811517.1438532495
 05/22  12:00:00,6818312.112342708,215942.72976091906,1703390.1813690488,0.0,1045878.47044917,3831371.675107249
 05/22  13:00:00,6775357.888599661,276541.60925823223,2209359.889229039,0.0,1033925.5736440365,3235612.5154500594
 05/22  14:00:00,6553192.298156802,317766.0154977666,2566077.0690584215,0.0,812796.9827490693,2836633.9298332506
 05/22  15:00:00,6106502.588624348,328518.80869195913,2670186.639515114,0.0,591668.391854102,2494399.692906852
 05/22  16:00:00,6633824.300933339,377775.5417703869,3059178.012916783,0.0,941290.6234042529,2221175.784719407
 05/22  17:00:00,7057012.7254474275,404973.75901455444,3230568.849868785,0.0,1114607.627078687,2239864.5678784116
 05/22  18:00:00,6367985.9315650435,400339.27458257764,3134420.2541805776,0.0,856126.2336676777,1888373.191870901
 05/22  19:00:00,6272981.5101776,315796.1081417436,2432136.884441884,0.0,1613641.0686930055,1793708.3974292304
 05/22  20:00:00,6315156.604225887,271509.7564597122,2074246.9574580668,0.0,2058886.4746842233,1745734.7435634513
 05/22  21:00:00,6375832.348243583,257437.22355756623,1959664.2873055635,0.0,2408508.7062343745,1560092.8941532704
 05/22  22:00:00,5136896.818486569,213694.41579159876,1617676.4059824708,0.0,1724205.364140489,1416541.960511578
 05/22  23:00:00,3457693.462327199,153805.31641007782,1157498.0864339145,0.0,741079.6019182691,1291232.9153692531
 05/22  24:00:00,2252317.362166902,102802.06437016463,769636.5978114288,0.0,147020.6307031405,1149563.3559329386
 05/23  01:00:00,1934267.302877796,66567.41192893594,496002.02196147654,0.0,147020.6307031405,1141382.5249350131
 05/23  02:00:00,1694609.7769669688,39299.92969122016,291792.80928629,0.0,147020.6307031405,1133201.6939370881
 05/23  03:00:00,1528474.2935617561,18215.658013530014,134974.1188520634,0.0,147020.6307031405,1144969.172643792
 05/23  04:00:00,1483570.9673004649,2442.5704373869617,18076.761283601038,0.0,150307.67732455215,1229449.2449056946
 05/23  05:00:00,1723974.4411469307,0.0,0.0,0.0,274020.15925768256,1382956.360282259
 05/23  06:00:00,2462243.0689918017,22024.724645230242,165313.30219623275,0.0,543856.8046335684,1667671.8251858344
 05/23  07:00:00,3466605.292980755,72503.89670277646,557705.0713738848,0.0,669362.2210874689,2105468.446123716
 05/23  08:00:00,4986441.906107031,150036.89528088024,1185776.1164391926,0.0,672350.4452887522,2918523.546043323
 05/23  09:00:00,6691341.002349922,231607.79427047865,1885607.8078174223,0.0,782167.684685915,3741256.585711358
 05/23  10:00:00,8390661.962831382,348778.8253362666,2904960.299183326,0.0,1129548.7480851037,3967537.488190096
 05/23  11:00:00,8177735.084869079,344288.74224440637,2913030.718336452,0.0,1081737.1608645702,3811517.1438532495
 05/23  12:00:00,14780426.694365855,448550.10197088384,3830445.407714499,0.0,1045878.47044917,9433823.658574982
 05/23  13:00:00,15285462.668624222,513239.0048830854,4412307.456617621,0.0,923361.2781965529,9416636.62790867
 05/23  14:00:00,8779356.155181512,499157.0310870469,4312093.383123244,0.0,1033925.5736440365,2914261.8663088907
 05/23  15:00:00,8432756.298044901,506774.02582781005,4348305.981642834,0.0,925602.4463475156,2630344.788570421
 05/23  16:00:00,8233841.653902952,544839.7628527769,4543155.472571047,0.0,827738.103755486,2283703.976601134
 05/23  17:00:00,7989558.214679243,502540.15858855686,4008511.1565863984,0.0,1114607.627078687,2296901.3508186108
 05/23  18:00:00,7663096.678012259,412606.5416220454,3166617.4254900436,0.0,1281948.1823505543,2713197.5512863067
 05/23  19:00:00,7566616.102379863,354179.6904727474,2648256.952604911,0.0,1613641.0686930055,2832839.3391374624
 05/23  20:00:00,6088886.777344728,253632.81334093382,1865854.0736956866,0.0,2058886.4746842233,1745734.7435634513
 05/23  21:00:00,6021251.948255483,224871.12705792306,1637649.9838171073,0.0,2408508.7062343745,1560092.8941532704
 05/23  22:00:00,3580133.7929000603,143424.44853214084,1036398.8848657485,0.0,935314.1750016864,1300217.6124400515
 05/23  23:00:00,2736897.50512169,72154.16304762595,518353.2825908573,0.0,741079.6019182691,1291232.9153692531
 05/23  24:00:00,1672310.5005140405,15976.42585430147,114338.17013239369,0.0,256987.28131036749,1201713.909867748
 05/24  01:00:00,1435548.3227462017,0.0,0.0,0.0,183775.7883789256,1168477.821018046
 05/24  02:00:00,1377759.6585214003,0.0,0.0,0.0,147020.6307031405,1147444.31446903
 05/24  03:00:00,1377262.9006165485,0.0,0.0,0.0,147020.6307031405,1146947.556564178
 05/24  04:00:00,1446896.9245167514,0.0,0.0,0.0,147020.6307031405,1216581.580464381
 05/24  05:00:00,1570238.300706911,0.0,0.0,0.0,147020.6307031405,1356219.7483967813
 05/24  06:00:00,1802409.8601776185,0.0,0.0,0.0,147020.6307031405,1592012.8171435422
 05/24  07:00:00,2506213.333561424,0.0,0.0,0.0,408191.42589530465,2036456.24997321
 05/24  08:00:00,3986075.7606186694,0.0,0.0,0.0,935314.1750016864,2991006.6825621007
 05/24  09:00:00,5064044.696141141,6500.64137163255,47151.45360241216,0.0,1165407.4385005038,3794284.0328018432
 05/24  10:00:00,9814919.971443724,79425.02160364285,580736.0430663234,0.0,1129548.7480851037,7985373.556652065
 05/24  11:00:00,8850853.603920255,117444.78324013113,865352.4261551459,0.0,1081737.1608645702,6759157.914090009
 05/24  12:00:00,6429094.037846815,181810.04801241678,1348304.7886216582,0.0,1045878.47044917,3831371.675107249
 05/24  13:00:00,6234251.937726269,230656.05313833483,1714139.4944755442,0.0,1033925.5736440365,3235612.5154500594
 05/24  14:00:00,6275155.129607329,273913.1936712133,2033136.1949648946,0.0,1033925.5736440365,2914261.8663088907
 05/24  15:00:00,6459365.236757591,324552.01819263404,2400510.544605039,0.0,1036913.79784532,2675659.8204582776
 05/24  16:00:00,6426615.754548541,367613.883514518,2697057.6658766014,0.0,1054843.14305302,2272696.723981893
 05/24  17:00:00,5888131.214211761,344459.818991203,2493719.531427797,0.0,872561.4667747363,2110392.4754110356
 05/24  18:00:00,5876645.9139638925,311211.669264663,2215281.5279443236,0.0,1281948.1823505543,1979477.5571410412
 05/24  19:00:00,5495248.199687428,246121.50871763565,1724078.1733758184,0.0,1613641.0686930055,1793708.3974292304
 05/24  20:00:00,3537863.7058539116,92025.42701521947,638148.7634114583,0.0,1102654.7302735536,1540256.1130932467
 05/24  21:00:00,1734951.437093869,25204.550783476898,173948.67669395552,0.0,147020.6307031405,1198648.3419204883
 05/24  22:00:00,1494085.9826882123,0.0,0.0,0.0,147020.6307031405,1182286.6799246387
 05/24  23:00:00,1418842.3598296887,0.0,0.0,0.0,147020.6307031405,1157744.1869308634
 05/24  24:00:00,1379878.699985309,0.0,0.0,0.0,147020.6307031405,1149563.3559329386
 05/25  01:00:00,1371697.8689873838,0.0,0.0,0.0,147020.6307031405,1141382.5249350131
 05/25  02:00:00,1543517.0379894588,0.0,180000.0,0.0,147020.6307031405,1133201.6939370881
 05/25  03:00:00,1555284.5166961625,0.0,180000.0,0.0,147020.6307031405,1144969.172643792
 05/25  04:00:00,1598051.6355794768,0.0,135000.0,0.0,150307.67732455215,1229449.2449056946
 05/25  05:00:00,1723974.4411469307,0.0,0.0,0.0,274020.15925768256,1382956.360282259
 05/25  06:00:00,2577003.8810010743,65552.42544424736,0.0,0.0,742573.7140189108,1705501.3292069803
 05/25  07:00:00,3505472.8947336474,9659.746048251376,0.0,0.0,1192301.456312054,2241946.034680433
 05/25  08:00:00,4321522.6268503815,0.0,0.0,0.0,1198277.9047146207,3063489.8190808785
 05/25  09:00:00,4684239.606776164,0.0,0.0,0.0,909914.269290778,3723624.207620637
 05/25  10:00:00,4444088.894278463,0.0,0.0,0.0,639479.9790746354,3764772.3131672395
 05/25  11:00:00,4298041.095521601,0.0,0.0,0.0,612585.9612630852,3658293.8146881144
 05/25  12:00:00,4364554.693841969,9759.932502100182,72814.51573917756,0.0,594656.6160553853,3665594.573888985
 05/25  13:00:00,4228266.764824845,64251.584815356175,483908.24829633243,0.0,591668.391854102,3068520.23884076
 05/25  14:00:00,4507839.385959268,132785.71213784622,1004460.9875914137,0.0,591668.391854102,2759005.9933576104
 05/25  15:00:00,4390690.346115008,187209.67984087463,1407834.1779861094,0.0,369344.51127862127,2404572.921353082
 05/25  16:00:00,4729148.746020948,240421.51385414298,1787076.8626543945,0.0,600633.064457952,2066612.96693195
 05/25  17:00:00,4832589.25442812,251840.4053380813,1849352.9473872804,0.0,630515.3064707854,2033882.673624984
 05/25  18:00:00,5021311.730450381,278042.62655981147,2020017.3399740183,0.0,856126.2336676777,1778398.552985563
 05/25  19:00:00,5510844.843169287,242581.971669272,1743214.353906042,0.0,1613641.0686930055,1793708.3974292304
 05/25  20:00:00,5214178.249121981,153186.06101221335,1091592.2978016594,0.0,2058886.4746842233,1745734.7435634513
 05/25  21:00:00,4208002.623375913,127464.36061371141,904510.6935328703,0.0,1561347.1451705468,1424551.1870659771
 05/25  22:00:00,2927404.2043713033,65239.3637737357,461854.381095396,0.0,935314.1750016864,1300217.6124400515
 05/25  23:00:00,1490450.58761023,8869.320648969231,62738.90713157221,0.0,147020.6307031405,1157744.1869308634
 05/25  24:00:00,1379878.699985309,0.0,0.0,0.0,147020.6307031405,1149563.3559329386
 05/26  01:00:00,1371697.8689873838,0.0,0.0,0.0,147020.6307031405,1141382.5249350131
 05/26  02:00:00,1361706.283351432,0.0,0.0,0.0,147020.6307031405,1133201.6939370881
 05/26  03:00:00,1373473.7620581356,0.0,0.0,0.0,147020.6307031405,1144969.172643792
 05/26  04:00:00,1446896.9245167514,0.0,0.0,0.0,147020.6307031405,1216581.580464381
 05/26  05:00:00,1584724.337811125,0.0,0.0,0.0,147020.6307031405,1356219.7483967813
 05/26  06:00:00,1875743.4348600581,0.0,0.0,0.0,147020.6307031405,1649049.6000837414
 05/26  07:00:00,2849071.607370281,0.0,0.0,0.0,669362.2210874689,2105468.446123716
 05/26  08:00:00,4066272.8923078226,8800.841648298468,65964.02612677452,0.0,935314.1750016864,2991006.6825621007
 05/26  09:00:00,4921650.475885037,64239.05206823745,495703.3021555145,0.0,654421.1000810522,3652964.382439431
 05/26  10:00:00,5821283.33795118,136047.30186875758,1079588.8566352965,0.0,761997.1713272524,3800191.896807231
 05/26  11:00:00,5912943.769574473,193437.52113803665,1574258.3881696363,0.0,497091.0958834841,3619184.690174887
 05/26  12:00:00,5908246.8106929585,240704.58366120153,1998915.287301981,0.0,147020.6307031405,3499877.2533703134
 05/26  13:00:00,5767048.242307585,287615.7252933399,2411065.623061348,0.0,147020.6307031405,2901427.962231461
 05/26  14:00:00,6031427.4430493675,347932.49108412943,2914352.7035817676,0.0,147020.6307031405,2602203.316662036
 05/26  15:00:00,7300257.421416821,434147.343279083,3601135.497013767,0.0,703129.1545619706,2540116.37090568
 05/26  16:00:00,7992599.190781884,505443.5136056201,4125211.472018841,0.0,1054843.14305302,2272696.723981893
 05/26  17:00:00,8167278.513102289,527785.0699563461,4216212.571943827,0.0,1114607.627078687,2239864.5678784116
 05/26  18:00:00,7223851.900927642,481780.7400602959,3761417.204800629,0.0,998066.8832286367,1895670.850212797
 05/26  19:00:00,7190000.432314604,425070.0775543282,3244861.1180975605,0.0,1613641.0686930055,1797782.889688105
 05/26  20:00:00,6850222.207169939,340686.4410341239,2554621.912931921,0.0,2058886.4746842233,1745734.7435634513
 05/26  21:00:00,6675628.29363973,300221.995517042,2229350.743208422,0.0,2408508.7062343745,1560092.8941532704
 05/26  22:00:00,3241812.2003773674,209674.97103783189,1548915.7744794842,0.0,147020.6307031405,1182286.6799246387
 05/26  23:00:00,2577006.2440975225,139264.1326243466,1026142.7701955948,0.0,147020.6307031405,1157744.1869308634
 05/26  24:00:00,2198365.191765495,97788.45589378646,720698.0358863998,0.0,147020.6307031405,1149563.3559329386
 05/27  01:00:00,1941968.0658454222,67959.6117386784,502310.58511936,0.0,147020.6307031405,1141382.5249350131
 05/27  02:00:00,1745606.4664589623,45625.052837124,338275.13027040614,0.0,147020.6307031405,1133201.6939370881
 05/27  03:00:00,1591388.964262358,25890.66099258391,192024.54121163837,0.0,147020.6307031405,1144969.172643792
 05/27  04:00:00,1514511.9269181506,8037.150321466868,59577.852079932614,0.0,147020.6307031405,1216581.580464381
 05/27  05:00:00,1584724.337811125,0.0,0.0,0.0,147020.6307031405,1356219.7483967813
 05/27  06:00:00,2054954.2429062193,0.0,0.0,0.0,345438.7176683544,1629842.3211646883
 05/27  07:00:00,3231831.1362546966,44788.990909047665,337970.53797536803,0.0,669362.2210874689,2105468.446123716
 05/27  08:00:00,5946185.981904423,180381.1066296167,1381813.201570146,0.0,1198277.9047146207,3120526.6020210776
 05/27  09:00:00,7124192.243734967,240421.31849504611,1869756.8147967714,0.0,1165407.4385005038,3794284.0328018432
 05/27  10:00:00,6694003.514248586,252336.46968440793,1993956.6410096618,0.0,639479.9790746354,3764772.3131672395
 05/27  11:00:00,6782422.688860241,275380.16081677465,2207190.6778838392,0.0,612585.9612630852,3658293.8146881144
 05/27  12:00:00,6662683.460508955,295198.69121149956,2392181.176632222,0.0,370838.6233792629,3582735.913629649
 05/27  13:00:00,6145176.879949324,335203.43070507084,2741606.5552913565,0.0,147020.6307031405,2901427.962231461
 05/27  14:00:00,6115097.822822044,363027.81299996545,2982927.761438608,0.0,147020.6307031405,2602203.316662036
 05/27  15:00:00,6375328.14841298,422584.5803832441,3469247.7318709614,0.0,147020.6307031405,2314746.1497993125
 05/27  16:00:00,6363683.094864792,472677.0002291225,3849051.9159280146,0.0,147020.6307031405,1860529.209882007
 05/27  17:00:00,6647045.432092952,501600.16034550866,4022030.051614779,0.0,267894.2996450517,1786712.244242596
 05/27  18:00:00,5956685.459821116,439764.7204650127,3431004.246885703,0.0,430603.1074049297,1568397.1624401882
 05/27  19:00:00,6255460.059633279,405007.43847115507,3063130.472852908,0.0,1064554.871707191,1614121.9983204217
 05/27  20:00:00,6036159.907817751,316779.6622187488,2345321.5798355457,0.0,1580770.6024788886,1642995.4283283488
 05/27  21:00:00,5438290.681845015,274117.7136912738,2001418.3262308529,0.0,1560749.50033029,1424551.1870659771
 05/27  22:00:00,2953143.872450591,178938.035420352,1290984.3821701873,0.0,147020.6307031405,1182286.6799246387
 05/27  23:00:00,2255460.0658611455,103461.1606188553,740399.5639647087,0.0,147020.6307031405,1157744.1869308634
 05/27  24:00:00,1724069.3702706483,42417.80985332008,301772.86043201917,0.0,147020.6307031405,1149563.3559329386
 05/28  01:00:00,1385706.1960971411,1732.974669636545,12275.352440120767,0.0,147020.6307031405,1141382.5249350131
 05/28  02:00:00,1363517.0379894588,0.0,0.0,0.0,147020.6307031405,1133201.6939370881
 05/28  03:00:00,1375284.5166961625,0.0,0.0,0.0,147020.6307031405,1144969.172643792
 05/28  04:00:00,1446896.9245167514,0.0,0.0,0.0,147020.6307031405,1216581.580464381
 05/28  05:00:00,1570238.300706911,0.0,0.0,0.0,147020.6307031405,1356219.7483967813
 05/28  06:00:00,1802409.8601776185,0.0,0.0,0.0,147020.6307031405,1592012.8171435422
 05/28  07:00:00,2836396.324904094,0.0,0.0,0.0,669362.2210874689,2105468.446123716
 05/28  08:00:00,3650628.8943869574,0.0,0.0,0.0,672350.4452887522,2918523.546043323
 05/28  09:00:00,4358086.612385232,0.0,0.0,0.0,654421.1000810522,3652964.382439431
 05/28  10:00:00,4444088.894278463,0.0,0.0,0.0,639479.9790746354,3764772.3131672395
 05/28  11:00:00,4636780.513277375,3336.458334514698,24215.695037949707,0.0,847161.5610638277,3734905.4792706817
 05/28  12:00:00,6213808.228220271,55519.05813273413,403609.0257028808,0.0,1045878.47044917,4687072.618279165
 05/28  13:00:00,4484141.509068091,78745.16665071606,572952.0461044102,0.0,702232.6873015857,3110293.307993085
 05/28  14:00:00,4273082.429921897,109229.98804843918,793259.7556434511,0.0,591668.391854102,2759005.9933576104
 05/28  15:00:00,4388727.378082131,136801.04699520447,987502.8072839912,0.0,702979.7433519065,2539714.724794708
 05/28  16:00:00,5474496.160937425,154340.61784802267,1102510.394760065,0.0,1054843.14305302,3128397.667153809
 05/28  17:00:00,3851112.2642391147,53314.53666416963,376327.6110108571,0.0,1114607.627078687,2239864.5678784116
 05/28  18:00:00,3698481.956822259,43801.84987291315,304527.39019443997,0.0,1281948.1823505543,1979477.5571410412
 05/28  19:00:00,3768905.5020445385,30813.876747489132,213043.10770307604,0.0,1613641.0686930055,1793708.3974292304
 05/28  20:00:00,3969399.8903081077,0.0,0.0,0.0,2058886.4746842233,1745734.7435634513
 05/28  21:00:00,4338730.837380453,0.0,180000.0,0.0,2408508.7062343745,1560092.8941532704
 05/28  22:00:00,3485525.9967125,0.0,180000.0,0.0,1724205.364140489,1416541.960511578
 05/28  23:00:00,2052214.9712225597,0.0,180000.0,0.0,516962.78682201833,1241174.642204857
 05/28  24:00:00,1721995.9045273454,0.0,180000.0,0.0,256987.28131036749,1201713.909867748
 05/29  01:00:00,1615548.3227462017,0.0,180000.0,0.0,183775.7883789256,1168477.821018046
 05/29  02:00:00,1543517.0379894588,0.0,180000.0,0.0,147020.6307031405,1133201.6939370881
 05/29  03:00:00,1555284.5166961625,0.0,180000.0,0.0,147020.6307031405,1144969.172643792
 05/29  04:00:00,1626896.9245167514,0.0,180000.0,0.0,147020.6307031405,1216581.580464381
 05/29  05:00:00,1750238.300706911,0.0,180000.0,0.0,147020.6307031405,1356219.7483967813
 05/29  06:00:00,2608411.5895521995,275705.0072440081,180000.0,0.0,345438.7176683544,1743891.4523089011
 05/29  07:00:00,3916529.0934693995,240715.94478400308,180000.0,0.0,1192301.456312054,2241946.034680433
 05/29  08:00:00,5605847.306331843,195661.44562822155,180000.0,0.0,1198277.9047146207,3972153.052934119
 05/29  09:00:00,5506412.971604595,71673.0085859454,180000.0,0.0,1165407.4385005038,4038631.394653397
 05/29  10:00:00,4786546.4030065965,109495.21804680834,180000.0,0.0,639479.9790746354,3817734.6038485644
 05/29  11:00:00,4612547.446465734,134506.35094413333,180000.0,0.0,612585.9612630852,3658293.8146881144
 05/29  12:00:00,4587691.96489859,125711.71929789885,180000.0,0.0,594656.6160553853,3665594.573888985
 05/29  13:00:00,4016394.9579383796,99251.24328502381,180000.0,0.0,591668.391854102,3125557.0217809593
 05/29  14:00:00,3658265.828296883,107673.14206687642,180000.0,0.0,591668.391854102,2759005.9933576104
 05/29  15:00:00,3550759.3972620126,106335.87345907706,180000.0,0.0,702979.7433519065,2539714.724794708
 05/29  16:00:00,3626668.321767463,84724.11661004118,180000.0,0.0,1054843.14305302,2272696.723981893
 05/29  17:00:00,3729816.487139027,128346.370574939,180000.0,0.0,1114607.627078687,2239864.5678784116
 05/29  18:00:00,3625645.6645684387,95492.94781353298,180000.0,0.0,1281948.1823505543,1979477.5571410412
 05/29  19:00:00,3329490.0244075,110223.23754327532,180000.0,0.0,1247583.604035796,1673984.1313566912
 05/29  20:00:00,3164129.4497049283,176439.93427769476,180000.0,0.0,1102654.7302735536,1540256.1130932467
 05/29  21:00:00,4011163.0813300796,0.0,180000.0,0.0,2126121.5192130986,1514912.325124173
 05/29  22:00:00,2580310.4595021717,0.0,180000.0,0.0,935314.1750016864,1300217.6124400515
 05/29  23:00:00,1598842.3598296887,0.0,180000.0,0.0,147020.6307031405,1157744.1869308634
 05/29  24:00:00,1559878.699985309,0.0,180000.0,0.0,147020.6307031405,1149563.3559329386
 05/30  01:00:00,1551697.8689873838,0.0,180000.0,0.0,147020.6307031405,1141382.5249350131
 05/30  02:00:00,1543517.0379894588,0.0,180000.0,0.0,147020.6307031405,1133201.6939370881
 05/30  03:00:00,1555284.5166961625,0.0,180000.0,0.0,147020.6307031405,1144969.172643792
 05/30  04:00:00,1626896.9245167514,0.0,180000.0,0.0,147020.6307031405,1216581.580464381
 05/30  05:00:00,1754005.709774428,3767.4090675170046,180000.0,0.0,147020.6307031405,1356219.7483967813
 05/30  06:00:00,2478778.2954498464,496368.4352722279,180000.0,0.0,147020.6307031405,1592012.8171435422
 05/30  07:00:00,3052813.96230436,354563.8458027366,135000.0,0.0,408191.42589530465,2093493.0329134092
 05/30  08:00:00,3932222.4383332245,281593.54394626676,0.0,0.0,672350.4452887522,2918523.546043323
 05/30  09:00:00,4587421.456511912,229334.84412668023,0.0,0.0,654421.1000810522,3652964.382439431
 05/30  10:00:00,4402311.3343921825,161212.26008544187,0.0,0.0,393250.3048888879,3808012.167381265
 05/30  11:00:00,5170315.746356746,138554.65668987966,0.0,0.0,612585.9612630852,4392013.80883338
 05/30  12:00:00,4837742.751316806,125282.078883441,0.0,0.0,820267.5432522777,3870464.0735247675
 05/30  13:00:00,4393807.521718835,104351.13160644553,0.0,0.0,1033925.5736440365,3235612.5154500594
 05/30  14:00:00,4056922.837489024,88817.09651780305,0.0,0.0,1033925.5736440365,2914261.8663088907
 05/30  15:00:00,3815433.061483773,81130.38752385453,0.0,0.0,1036913.79784532,2675659.8204582776
 05/30  16:00:00,3443945.3589052674,82001.15374784598,0.0,0.0,1054843.14305302,2272696.723981893
 05/30  17:00:00,3545535.6520738862,124065.53550979827,0.0,0.0,1114607.627078687,2239864.5678784116
 05/30  18:00:00,2831768.5492525953,112591.2775949194,0.0,0.0,856126.2336676777,1774324.0607266882
 05/30  19:00:00,3620157.2864319026,95108.76883792912,0.0,0.0,1613641.0686930055,1793708.3974292304
 05/30  20:00:00,4102828.7929165275,133428.90260841942,0.0,0.0,2058886.4746842233,1745734.7435634513
 05/30  21:00:00,3176027.569229332,0.0,0.0,0.0,1561347.1451705468,1424551.1870659771
 05/30  22:00:00,2400310.4595021717,0.0,0.0,0.0,935314.1750016864,1300217.6124400515
 05/30  23:00:00,1418842.3598296887,0.0,0.0,0.0,147020.6307031405,1157744.1869308634
 05/30  24:00:00,1379878.699985309,0.0,0.0,0.0,147020.6307031405,1149563.3559329386
 05/31  01:00:00,1371697.8689873838,0.0,0.0,0.0,147020.6307031405,1141382.5249350131
 05/31  02:00:00,1363517.0379894588,0.0,0.0,0.0,147020.6307031405,1133201.6939370881
 05/31  03:00:00,1375284.5166961625,0.0,0.0,0.0,147020.6307031405,1144969.172643792
 05/31  04:00:00,1446896.9245167514,0.0,0.0,0.0,147020.6307031405,1216581.580464381
 05/31  05:00:00,1570238.300706911,0.0,0.0,0.0,147020.6307031405,1356219.7483967813
 05/31  06:00:00,2207937.542161395,405527.68198377645,0.0,0.0,147020.6307031405,1592012.8171435422
 05/31  07:00:00,3120195.742172405,283799.4172683111,0.0,0.0,669362.2210874689,2105468.446123716
 05/31  08:00:00,3836684.371224653,129018.69389749697,0.0,0.0,672350.4452887522,2975560.328983522
 05/31  09:00:00,5120201.503182205,56846.61133378556,0.0,0.0,1165407.4385005038,3847246.323483167
 05/31  10:00:00,5615883.187863418,3404.513210853418,0.0,0.0,1129548.7480851037,4443093.3245308725
 05/31  11:00:00,9358569.31635497,6972.798664533684,0.0,0.0,847161.5610638277,8477273.637056207
 05/31  12:00:00,4898979.20121274,0.0,0.0,0.0,1045878.47044917,3831371.675107249
 05/31  13:00:00,4289456.39011239,0.0,0.0,0.0,1033925.5736440365,3235612.5154500594
 05/31  14:00:00,3968105.7409712207,0.0,0.0,0.0,1033925.5736440365,2914261.8663088907
 05/31  15:00:00,3734302.6739599183,0.0,0.0,0.0,1036913.79784532,2675659.8204582776
 05/31  16:00:00,3361944.2051574215,0.0,0.0,0.0,1054843.14305302,2272696.723981893
 05/31  17:00:00,3421470.116564088,0.0,0.0,0.0,1114607.627078687,2239864.5678784116
 05/31  18:00:00,3350152.7167549054,0.0,0.0,0.0,1281948.1823505543,1979477.5571410412
 05/31  19:00:00,3525048.5175939733,0.0,0.0,0.0,1613641.0686930055,1793708.3974292304
 05/31  20:00:00,3969399.8903081077,0.0,0.0,0.0,2058886.4746842233,1745734.7435634513
 05/31  21:00:00,2848459.813178958,0.0,0.0,0.0,1278959.9581492709,1379370.6180368795
 05/31  22:00:00,1494085.9826882123,0.0,0.0,0.0,147020.6307031405,1182286.6799246387
 05/31  23:00:00,1418842.3598296887,0.0,0.0,0.0,147020.6307031405,1157744.1869308634
 05/31  24:00:00,1362192.1988785716,0.0,0.0,0.0,147020.6307031405,1145801.2479943503
 06/01  01:00:00,1353920.8051758725,0.0,0.0,0.0,147020.6307031405,1137529.8542916512
 06/01  02:00:00,1345649.4114731734,0.0,0.0,0.0,147020.6307031405,1129258.460588952
 06/01  03:00:00,1354864.788765252,0.0,0.0,0.0,147020.6307031405,1138473.8378810307
 06/01  04:00:00,1416540.4790416649,0.0,0.0,0.0,147020.6307031405,1200149.5281574435
 06/01  05:00:00,1525375.422056638,0.0,0.0,0.0,147020.6307031405,1322556.925120889
 06/01  06:00:00,1924953.6787364364,193697.08920928146,0.0,0.0,147020.6307031405,1531454.193468844
 06/01  07:00:00,2319397.841141348,119665.36377421413,0.0,0.0,273123.6919972976,1875335.070453385
 06/01  08:00:00,3772504.7195027354,29345.781201861,0.0,0.0,1022719.7328892242,2670673.540933918
 06/01  09:00:00,3936143.1646773145,0.0,0.0,0.0,621550.6338669354,3272367.1185262427
 06/01  10:00:00,4009101.8768025134,0.0,0.0,0.0,606609.5128605186,3369315.2542901738
 06/01  11:00:00,3378881.6126620746,0.0,0.0,0.0,147020.6307031405,3209240.225378147
 06/01  12:00:00,4398168.821910734,0.0,0.0,0.0,564774.3740425518,3815297.842603552
 06/01  13:00:00,4893540.6733276,10553.526850717397,81126.55809195396,0.0,558797.9256399852,4226474.107919033
 06/01  14:00:00,4177046.665226976,86491.53437358284,668918.9403502665,0.0,868079.1304728113,2536968.5052044047
 06/01  15:00:00,4490243.080736531,160817.77394378048,1245592.6188269772,0.0,767973.6197298192,2297762.4629713236
 06/01  16:00:00,4457213.857293255,212695.05714288016,1634065.9890900895,0.0,672350.4452887522,1909449.4074358689
 06/01  17:00:00,4891718.38731713,212953.82411619645,1614612.618464291,0.0,1033925.5736440365,1974428.504859998
 06/01  18:00:00,5024039.397005547,242853.51787196653,1811929.992630764,0.0,1162419.2142992206,1732942.2007063571
 06/01  19:00:00,4769724.997603721,200333.0242810096,1468275.482603051,0.0,1431359.3924147214,1571733.8197881945
 06/01  20:00:00,4276990.729762582,94004.19424794232,680260.1636847345,0.0,1822816.7627828394,1542677.0191236224
 06/01  21:00:00,4459603.078806717,89802.08172985648,645885.9185874792,0.0,2196344.7879432575,1369224.994480614
 06/01  22:00:00,2528206.5921055935,33675.34759777904,241654.3511481522,0.0,902443.7087875695,1213200.5946486504
 06/01  23:00:00,1683035.153189341,0.0,0.0,0.0,442257.18178993475,1145770.7937601
 06/01  24:00:00,1429103.9012231547,0.0,0.0,0.0,229495.61865856074,1130237.9623835133
 06/02  01:00:00,1353920.8051758725,0.0,0.0,0.0,147020.6307031405,1137529.8542916512
 06/02  02:00:00,1344141.3610344543,0.0,0.0,0.0,147020.6307031405,1129258.460588952
 06/02  03:00:00,1353356.7383265328,0.0,0.0,0.0,147020.6307031405,1138473.8378810307
 06/02  04:00:00,1416540.4790416649,0.0,0.0,0.0,147020.6307031405,1200149.5281574435
 06/02  05:00:00,1537439.8255663912,0.0,0.0,0.0,147020.6307031405,1322556.925120889
 06/02  06:00:00,1744829.043475627,0.0,0.0,0.0,147020.6307031405,1531454.193468844
 06/02  07:00:00,2071609.5574708725,0.0,0.0,0.0,147020.6307031405,1862758.8587802467
 06/02  08:00:00,2771811.538771093,0.0,0.0,0.0,147020.6307031405,2570501.0922740623
 06/02  09:00:00,3409773.7629455607,0.0,0.0,0.0,147020.6307031405,3217511.6190808457
 06/02  10:00:00,3549405.6912067407,5791.2395761131465,46239.759051413545,0.0,147020.6307031405,3314160.851346814
 06/02  11:00:00,4131419.3137814263,55534.92363932973,445106.7762154269,0.0,364862.1749766962,3241786.6319304667
 06/02  12:00:00,4468186.074918335,121300.72578945268,973471.8713723463,0.0,147020.6307031405,3208296.2417887654
 06/02  13:00:00,4535465.434364213,187319.0345540079,1500844.102335724,0.0,147020.6307031405,2683693.1119454294
 06/02  14:00:00,5930108.192060456,265977.9559659589,2123110.2885847576,0.0,971172.8654170866,2553258.527266741
 06/02  15:00:00,6335385.960757533,336530.31622039655,2665663.1919238972,0.0,974161.0896183699,2340934.757730239
 06/02  16:00:00,5776068.820473876,358842.9162805956,2806773.093132996,0.0,672350.4452887522,1909449.407435869
 06/02  17:00:00,5184121.646783665,313117.07199057937,2400795.2876536455,0.0,591668.391854102,1821234.97861401
 06/02  18:00:00,5146363.689227753,276285.7654741852,2070323.7064056818,0.0,1035419.6857446785,1691948.1105446883
 06/02  19:00:00,5462390.734621663,270050.30682043696,1984715.0581309476,0.0,1431359.3924147214,1685782.9509324073
 06/02  20:00:00,4887945.265545366,168928.14194957694,1228355.1552756387,0.0,1822816.7627828394,1542677.0191236224
 06/02  21:00:00,4754276.279377003,126577.35920533657,914340.1947533187,0.0,2196344.7879432575,1369224.994480614
 06/02  22:00:00,3421987.5784730325,71144.97321100942,511977.1397828764,0.0,1471700.4191320466,1238980.7590559726
 06/02  23:00:00,1728524.1965451406,6303.319377952374,45217.92573272415,0.0,442257.18178993475,1145770.7937601
 06/02  24:00:00,1362192.1988785716,0.0,0.0,0.0,147020.6307031405,1145801.2479943503
 06/03  01:00:00,1353920.8051758725,0.0,0.0,0.0,147020.6307031405,1137529.8542916512
 06/03  02:00:00,1344141.3610344543,0.0,0.0,0.0,147020.6307031405,1129258.460588952
 06/03  03:00:00,1353356.7383265328,0.0,0.0,0.0,147020.6307031405,1138473.8378810307
 06/03  04:00:00,1416540.4790416649,0.0,0.0,0.0,147020.6307031405,1200149.5281574435
 06/03  05:00:00,1537439.8255663912,0.0,0.0,0.0,147020.6307031405,1322556.925120889
 06/03  06:00:00,1744829.043475627,0.0,0.0,0.0,147020.6307031405,1531454.193468844
 06/03  07:00:00,2348968.103405463,0.0,0.0,0.0,399226.75329145463,1887911.282126523
 06/03  08:00:00,3331139.8748710523,0.0,0.0,0.0,648444.6516784854,2628405.4073986774
 06/03  09:00:00,4471727.450099543,0.0,0.0,0.0,621550.6338669354,3804935.303071033
 06/03  10:00:00,10719579.982289981,0.0,0.0,0.0,606609.5128605186,10076777.258900205
 06/03  11:00:00,5026392.518627157,0.0,0.0,0.0,582703.7192502519,4419559.992357399
 06/03  12:00:00,4288015.2274696035,5769.759678776878,42981.73482876047,0.0,878537.9151773029,3342629.2125201337
 06/03  13:00:00,4065269.4941250193,42705.008109728784,322002.337561889,0.0,868079.1304728113,2815894.46315468
 06/03  14:00:00,3451186.354489358,72854.07957251079,554089.4488987969,0.0,352909.2781715629,2454744.9930205774
 06/03  15:00:00,3617953.3687483747,119113.25226232958,914892.3571459213,0.0,354403.39027220453,2211447.7638032893
 06/03  16:00:00,4602601.19048424,199875.8107406936,1546766.389361173,0.0,776938.2923336693,2050367.7397130406
 06/03  17:00:00,4736073.975005961,191220.8084037915,1479193.1714268078,0.0,1033925.5736440365,1974428.504859998
 06/03  18:00:00,4637727.567277925,192535.5480229072,1477444.1831909209,0.0,1162419.2142992206,1732942.2007063571
 06/03  19:00:00,4490415.554756721,162822.61849605688,1234016.6977345985,0.0,1431359.3924147214,1571733.8197881945
 06/03  20:00:00,4294285.544148485,94581.10074804151,709042.4750802924,0.0,1822816.7627828394,1542677.0191236224
 06/03  21:00:00,3955808.8016530303,94432.45046739338,703931.9771800017,0.0,1683864.3374231642,1325791.0935879948
 06/03  22:00:00,2734732.857018083,58203.140476001754,432701.12581473356,0.0,902443.7087875695,1213200.5946486504
 06/03  23:00:00,1853914.1074512796,21001.756993332212,155909.39902348322,0.0,442257.18178993475,1145770.7937601
 06/03  24:00:00,1413645.53813145,813.1052489425853,6032.432440880375,0.0,202003.956006754,1135425.7242537923
 06/04  01:00:00,1353920.8051758725,0.0,0.0,0.0,147020.6307031405,1137529.8542916512
 06/04  02:00:00,1345649.4114731734,0.0,0.0,0.0,147020.6307031405,1129258.460588952
 06/04  03:00:00,1354864.788765252,0.0,0.0,0.0,147020.6307031405,1138473.8378810307
 06/04  04:00:00,1416540.4790416649,0.0,0.0,0.0,147020.6307031405,1200149.5281574435
 06/04  05:00:00,1525375.422056638,0.0,0.0,0.0,147020.6307031405,1322556.925120889
 06/04  06:00:00,1923380.6759097101,0.0,0.0,0.0,339462.2692657878,1531136.6412887522
 06/04  07:00:00,2615770.2962690196,0.0,0.0,0.0,651432.8758797687,1913063.7054727995
 06/04  08:00:00,3046951.5555049153,0.0,0.0,0.0,397732.641190813,2599453.24983637
 06/04  09:00:00,3406757.6620681225,0.0,0.0,0.0,147020.6307031405,3217511.6190808457
 06/04  10:00:00,3494358.591701776,0.0,0.0,0.0,147020.6307031405,3314160.851346814
 06/04  11:00:00,3552422.8988470444,19772.69734778496,153768.58883718489,0.0,147020.6307031405,3209240.225378147
 06/04  12:00:00,4534179.532832484,75586.82762741571,592992.0678391238,0.0,564774.3740425518,3282729.6580587616
 06/04  13:00:00,4741249.267313391,144921.5338700446,1139707.7893098257,0.0,661891.6605842606,2778139.7287233486
 06/04  14:00:00,5048396.952188747,197169.23223651006,1548975.2864557216,0.0,764985.3955285359,2520678.4831420686
 06/04  15:00:00,5465464.44134631,241645.81332481882,1890626.1754082523,0.0,974161.0896183699,2340934.757730239
 06/04  16:00:00,5174907.824646614,247084.50527448457,1922999.363778216,0.0,986113.9864235034,1990057.0108347456
 06/04  17:00:00,6192214.236225741,253193.765845586,1962130.7995313974,0.0,1033925.5736440365,2887166.2309721126
 06/04  18:00:00,4929631.215362804,225446.80732036877,1734928.5215396192,0.0,1162419.2142992206,1732942.2007063571
 06/04  19:00:00,4705919.488874173,186613.79991329327,1418189.1982412192,0.0,1431359.3924147214,1571733.8197881945
 06/04  20:00:00,4527335.542904279,120248.0401411522,904361.1309332225,0.0,1822816.7627828394,1542677.0191236224
 06/04  21:00:00,5094148.784321237,154801.17202138584,1158395.7508702716,0.0,2196344.7879432575,1426261.7774208132
 06/04  22:00:00,2884496.6594231804,74669.40220984853,556950.3638536695,0.0,902443.7087875695,1213200.5946486504
 06/04  23:00:00,1825480.4574586786,16877.667227118123,125567.63704221934,0.0,442257.18178993475,1145770.7937601
 06/04  24:00:00,1451407.8020046826,0.0,0.0,0.0,256987.28131036749,1125050.2005132344
 06/05  01:00:00,1353920.8051758725,0.0,0.0,0.0,147020.6307031405,1137529.8542916512
 06/05  02:00:00,1345649.4114731734,0.0,0.0,0.0,147020.6307031405,1129258.460588952
 06/05  03:00:00,1354864.788765252,0.0,0.0,0.0,147020.6307031405,1138473.8378810307
 06/05  04:00:00,1416540.4790416649,0.0,0.0,0.0,147020.6307031405,1200149.5281574435
 06/05  05:00:00,1525375.422056638,0.0,0.0,0.0,147020.6307031405,1322556.925120889
 06/05  06:00:00,1731256.5895271548,0.0,0.0,0.0,147020.6307031405,1531454.193468844
 06/05  07:00:00,2338411.750334429,0.0,0.0,0.0,399226.75329145463,1887911.282126523
 06/05  08:00:00,4421030.0931829605,60807.91036489977,478215.50626852654,0.0,1147478.0932928037,2684762.918778999
 06/05  09:00:00,5920294.916092938,159295.59618443914,1293431.587324747,0.0,1099666.5060722702,3325675.814227346
 06/05  10:00:00,6673827.760473786,231673.60344714829,1922306.1589283003,0.0,1063807.8156568701,3422863.0727896467
 06/05  11:00:00,6930344.298127847,284535.4134576648,2393567.316971226,0.0,907673.1011398155,3321947.709978353
 06/05  12:00:00,8590793.252422625,428664.29554967245,3632700.361761257,0.0,983125.76222222,3528206.2276248466
 06/05  13:00:00,7800547.981104694,431556.80860423483,3668429.024047057,0.0,868079.1304728113,2815894.46315468
 06/05  14:00:00,12109565.39581718,484461.479411401,4119210.191115395,0.0,971172.8654170866,6518132.305047386
 06/05  15:00:00,14707163.809057165,566670.603868207,4802301.472321167,0.0,974161.0896183699,8345934.03798479
 06/05  16:00:00,8265705.8374922555,558714.8872640913,4702166.99463425,0.0,986113.9864235034,1990057.0108347456
 06/05  17:00:00,8411389.30822644,574741.9635558726,4772495.399933925,0.0,1033925.5736440365,1974428.504859998
 06/05  18:00:00,7656317.6358732805,512799.23096044007,4174262.5184100247,0.0,1162419.2142992206,1732942.2007063571
 06/05  19:00:00,7198182.005940577,457296.41386016656,3639769.1013607504,0.0,1431359.3924147214,1571733.8197881945
 06/05  20:00:00,6920902.110378371,387723.7174326322,3030452.0211158344,0.0,1822816.7627828394,1542677.0191236224
 06/05  21:00:00,6762547.559085501,347350.840003329,2691281.640592791,0.0,2196344.7879432575,1369224.994480614
 06/05  22:00:00,5577841.650364345,290780.9868691306,2240801.270466487,0.0,1661452.655913539,1247574.1471917466
 06/05  23:00:00,3672478.1406651717,212790.02357807592,1631422.5681518582,0.0,591668.3918541019,1141589.9794418288
 06/05  24:00:00,2819738.933286258,158745.80753643732,1209585.323745138,0.0,256987.28131036749,1125050.2005132344
 06/06  01:00:00,2341342.645926411,115825.91620233051,877314.3419183573,0.0,183775.7883789256,1095056.2792457168
 06/06  02:00:00,1971902.7352500733,79511.60923530461,598854.7962508483,0.0,147020.6307031405,1077145.378879699
 06/06  03:00:00,1706244.2997492817,48695.01619150681,364676.2059634645,0.0,147020.6307031405,1076482.1267100892
 06/06  04:00:00,1638912.7383768805,26267.267961510104,196104.9913737058,0.0,147020.6307031405,1200149.5281574435
 06/06  05:00:00,1718747.530311483,22752.851623323237,170619.25663152174,0.0,147020.6307031405,1322556.925120889
 06/06  06:00:00,2160609.8018658287,49780.7066059277,379572.5057327462,0.0,147020.6307031405,1531454.193468844
 06/06  07:00:00,3949587.00493782,144295.1254718781,1132484.8002567238,0.0,651432.8758797687,1970100.4884129986
 06/06  08:00:00,5547570.22923204,228220.65721480886,1853886.110213677,0.0,773203.012082065,2642494.785243758
 06/06  09:00:00,7400647.957505492,311710.612659588,2621369.6122621526,0.0,1099666.5060722702,3325675.814227346
 06/06  10:00:00,8072911.7786968835,368645.6995548446,3184418.081043701,0.0,1063807.8156568701,3422863.0727896467
 06/06  11:00:00,9471081.361990267,417804.00517385476,3672353.4550608685,0.0,1015996.2284363367,4342306.916738419
 06/06  12:00:00,15919078.760885859,536166.4804838467,4754298.2148948265,0.0,983125.76222222,9627391.698020337
 06/06  13:00:00,8836094.147046939,518169.42809744633,4617362.570496091,0.0,868079.1304728113,2815894.46315468
 06/06  14:00:00,8459735.368717693,533203.5591689042,4743663.133058886,0.0,661891.6605842606,2504388.4610797325
 06/06  15:00:00,8900921.519415736,605575.4759159817,5346823.989037234,0.0,561786.1498412685,2368639.299356621
 06/06  16:00:00,9054045.5027108,644730.4533364509,5623726.266706964,0.0,672350.4452887522,2084585.3790429702
 06/06  17:00:00,8827817.641610071,644730.4533364509,5508486.491623722,0.0,702232.6873015857,1916570.143115706
 06/06  18:00:00,8540044.83032795,599023.9721616055,4971764.97166353,0.0,1162419.2142992206,1732942.2007063571
 06/06  19:00:00,7783434.831949938,517805.6670530842,4164512.674177192,0.0,1431359.3924147214,1571733.8197881945
 06/06  20:00:00,8248082.8122123275,439413.7793789703,3450241.7178315376,0.0,1822816.7627828394,2398377.9622955387
 06/06  21:00:00,5800719.455075516,364672.2505052733,2823960.8289062865,0.0,1171383.8869030706,1282357.1926953755
 06/06  22:00:00,3901046.9595263125,281462.6119094085,2156444.304185175,0.0,147020.6307031405,1178886.8228051467
 06/06  23:00:00,3192949.1766295834,209174.60499342866,1587674.1215966588,0.0,147020.6307031405,1154072.6416970491
 06/06  24:00:00,2727718.6956359693,160024.83945326175,1205501.6573041356,0.0,147020.6307031405,1145801.2479943503
 06/07  01:00:00,2377636.2731193425,120479.91604704186,903235.5518964285,0.0,147020.6307031405,1137529.8542916512
 06/07  02:00:00,2079620.426207386,86641.64321143033,647329.3715227823,0.0,147020.6307031405,1129258.460588952
 06/07  03:00:00,1846518.8732176288,58196.070191679515,433458.01426069706,0.0,147020.6307031405,1138473.8378810307
 06/07  04:00:00,1720008.192405851,35963.32884928481,267504.38451490155,0.0,147020.6307031405,1200149.5281574435
 06/07  05:00:00,1777619.1675079723,29783.918560426137,222459.8268909083,0.0,147020.6307031405,1322556.925120889
 06/07  06:00:00,2190543.7446682258,53472.17023500442,405814.9849060667,0.0,147020.6307031405,1531454.193468844
 06/07  07:00:00,3038872.1142431493,110971.07588347828,866847.8339598327,0.0,147020.6307031405,1862758.8587802467
 06/07  08:00:00,4603317.301542422,202141.69644758984,1633888.2176398956,0.0,147020.6307031405,2570501.0922740623
 06/07  09:00:00,6536639.668475089,277897.9193102828,2322598.5844874918,0.0,621550.6338669354,3272367.1185262427
 06/07  10:00:00,7871313.175301604,350079.3290893079,3001385.8481139583,0.0,1063807.8156568701,3422863.0727896467
 06/07  11:00:00,8281280.062588206,402198.78940570296,3502645.021021837,0.0,1015996.2284363367,3337819.267143542
 06/07  12:00:00,8460481.911405621,445663.2651662007,3902825.6066486444,0.0,773950.0681323858,3319946.36619376
 06/07  13:00:00,8585236.622181036,488509.21667158906,4274194.154896105,0.0,971172.8654170866,2834771.830370345
 06/07  14:00:00,8620999.98680047,524017.5822880992,4555962.457002631,0.0,971172.8654170866,2553258.527266741
 06/07  15:00:00,8854063.231537867,575307.8235206861,4945562.955403943,0.0,974161.0896183699,2340934.757730239
 06/07  16:00:00,8763346.796094844,607750.3793553342,5150772.4611455975,0.0,986113.9864235034,1990057.0108347456
 06/07  17:00:00,8740466.376753667,625588.9109345851,5199588.198091419,0.0,923361.2781965529,1936130.123298501
 06/07  18:00:00,7398534.837936426,541034.972602564,4392224.834979678,0.0,781420.6286355943,1609959.9302213506
 06/07  19:00:00,6460076.306385489,464814.5557357682,3672807.1371549573,0.0,788891.1891388026,1435540.1458392174
 06/07  20:00:00,6404515.104673435,386782.02615219116,2988224.518025549,0.0,1402971.2625025297,1489304.7080697222
 06/07  21:00:00,5504368.078783307,334977.65181409725,2557304.0513052535,0.0,1171383.8869030706,1282357.1926953755
 06/07  22:00:00,4417223.017600408,275107.871761112,2086672.4649616163,0.0,713587.9392664622,1204622.1516877743
 06/07  23:00:00,3179722.4192358074,208424.99663428354,1575196.9725620276,0.0,147020.6307031405,1154072.6416970491
 06/07  24:00:00,2747229.2108590794,162098.5117355865,1222938.5002449213,0.0,147020.6307031405,1145801.2479943503
 06/08  01:00:00,2430795.4591083247,126036.43374254007,950838.220189912,0.0,147020.6307031405,1137529.8542916512
 06/08  02:00:00,2189539.4977840316,98624.86127101378,745265.2250398444,0.0,147020.6307031405,1129258.460588952
 06/08  03:00:00,2296523.8690546737,103242.8817391475,781379.415610075,0.0,147020.6307031405,1195510.6208212296
 06/08  04:00:00,1977522.9125892995,71392.75418943593,540388.2342990903,0.0,149411.2100641672,1146960.3938555252
 06/08  05:00:00,2082217.1628617959,55746.768050234314,422485.76802712434,0.0,268342.53327524423,1279844.2272765844
 06/08  06:00:00,2980222.5016135448,78029.20753355513,595759.7350856822,0.0,723150.256710569,1530501.5369285685
 06/08  07:00:00,5254032.450557843,140018.99478678097,1084239.2554194059,0.0,1159430.9900979372,2819069.4953372693
 06/08  08:00:00,5649084.022097554,198414.44446470586,1568662.9010833143,0.0,1147478.0932928037,2684762.918778999
 06/08  09:00:00,6991098.809565496,276734.18723192957,2246796.8897498143,0.0,1099666.5060722702,3325675.814227346
 06/08  10:00:00,7874154.143600311,352861.5515596726,2944407.811002101,0.0,1063807.8156568701,3479899.855729846
 06/08  11:00:00,8090771.415023904,389780.20841035317,3324554.9544528853,0.0,1015996.2284363367,3337819.267143542
 06/08  12:00:00,8540710.009263048,433035.9399751281,3749288.6274723103,0.0,983125.76222222,3357163.0743287588
 06/08  13:00:00,8492796.97637581,480016.2287101012,4190247.497052368,0.0,971172.8654170866,2834771.830370345
 06/08  14:00:00,7975757.694049185,503385.4847399019,4408887.289825991,0.0,558797.9256399852,2488098.4390173964
 06/08  15:00:00,7445308.46923081,526058.9945198577,4585826.879349012,0.0,147020.6307031405,2168305.3593941703
 06/08  16:00:00,7194786.622782539,532794.1261692551,4580410.586642881,0.0,252206.12258831415,1800722.8290464247
 06/08  17:00:00,7759922.086977527,530441.8216051123,4463053.674653733,0.0,812796.9827490692,1897831.741737004
 06/08  18:00:00,9232471.895473924,493787.2757066283,4057384.841925771,0.0,1162419.2142992206,3444986.092045066
 06/08  19:00:00,6990125.202254292,430822.8663300598,3458185.8452045713,0.0,1431359.3924147214,1571733.8197881945
 06/08  20:00:00,6895537.289373668,381402.98140437884,3011407.9361393843,0.0,1822816.7627828394,1542677.0191236224
 06/08  21:00:00,5482779.722520834,325234.55584346666,2545458.7910134103,0.0,1171383.8869030706,1282357.1926953755
 06/08  22:00:00,4596248.606591739,267261.8766052168,2076109.8366268594,0.0,902443.7087875695,1213200.5946486504
 06/08  23:00:00,3579077.249718912,217152.74840832304,1678889.3481212477,0.0,442257.18178993475,1145770.7937601
 06/08  24:00:00,2888063.826984058,172824.10908963962,1330743.6182343191,0.0,174512.29335494724,1140613.4861240713
 06/09  01:00:00,2521106.999829869,134679.26567653715,1032506.9289774592,0.0,147020.6307031405,1137529.8542916512
 06/09  02:00:00,2273865.8043564754,107739.40515971032,821985.0381623108,0.0,147020.6307031405,1129258.460588952
 06/09  03:00:00,2074001.999225073,83824.43582718572,636820.8250713546,0.0,147020.6307031405,1138473.8378810307
 06/09  04:00:00,1979514.80518767,65579.65401657033,497394.6721294346,0.0,147020.6307031405,1200149.5281574435
 06/09  05:00:00,2020331.3366495033,56138.854828251206,426752.6562548609,0.0,147020.6307031405,1322556.925120889
 06/09  06:00:00,3135928.4888439104,109752.23964151548,841257.5397019718,0.0,530708.6181479217,1587855.8720488595
 06/09  07:00:00,4384869.217423035,136269.44889096846,1063970.1582812914,0.0,1159430.9900979372,1963368.5521653527
 06/09  08:00:00,5300251.016270305,202679.1495077897,1627584.253642803,0.0,773203.012082065,2642494.785243758
 06/09  09:00:00,6241776.5200839015,248072.22815489443,2054545.0263742544,0.0,621550.6338669354,3272367.1185262427
 06/09  10:00:00,6887440.699541316,302695.1572497632,2572627.5646116007,0.0,606609.5128605186,3369315.2542901738
 06/09  11:00:00,7317439.643113808,355628.9042661557,3080645.1740951063,0.0,582703.7192502519,3274333.038482787
 06/09  12:00:00,7681102.942556405,414732.71352236974,3646863.1714727962,0.0,355897.5023728462,3245512.9499237635
 06/09  13:00:00,7328841.80456022,453858.66504827084,4027680.8420374687,0.0,147020.6307031405,2683693.1119454294
 06/09  14:00:00,7486039.395038823,496017.22894193523,4405021.433544079,0.0,147020.6307031405,2421391.5470237583
 06/09  15:00:00,7643894.20937388,539251.8897340705,4771219.724277868,0.0,147020.6307031405,2168305.3593941703
 06/09  16:00:00,7662753.740302054,585197.2696553704,5128445.844980284,0.0,147020.6307031405,1773437.0366275962
 06/09  17:00:00,7961032.724583825,617196.8922398685,5320757.736894621,0.0,258182.57099088086,1707589.6077871285
 06/09  18:00:00,8377726.011165887,571896.6738551476,4838081.501246642,0.0,1162419.2142992206,1732942.2007063571
 06/09  19:00:00,7936257.901738074,522175.65025540395,4320506.012956605,0.0,1431359.3924147214,1571733.8197881945
 06/09  20:00:00,6662276.527717123,451833.5094554494,3666216.6726099416,0.0,983125.76222222,1435932.3970158221
 06/09  21:00:00,6077468.581393217,386274.7185032967,3089663.8402969977,0.0,1171383.8869030706,1282357.1926953755
 06/09  22:00:00,5127740.394190315,324615.22112141777,2559296.5823415504,0.0,902443.7087875695,1213200.5946486504
 06/09  23:00:00,3840227.299728212,247164.01965528572,1916060.3286384617,0.0,442257.18178993475,1145770.7937601
 06/09  24:00:00,3082474.2554175705,188859.40574211467,1442207.047670773,0.0,256987.28131036749,1125050.2005132344
 06/10  01:00:00,2590820.5263875453,145027.7032310477,1097590.4353507748,0.0,183775.7883789256,1095056.2792457168
 06/10  02:00:00,2283063.946282253,110355.46052993234,828567.1247178663,0.0,147020.6307031405,1129258.460588952
 06/10  03:00:00,1976149.4195719664,73794.87023768638,548997.8110077472,0.0,147020.6307031405,1138473.8378810307
 06/10  04:00:00,1958972.6389267591,62434.84291733122,461059.45023323264,0.0,148813.5652239105,1217294.4603712037
 06/10  05:00:00,1923598.5231637184,36665.319778861856,270884.17309066607,0.0,268342.53327524423,1279844.2272765844
 06/10  06:00:00,2091355.3679955543,40917.54669924178,305608.7778206856,0.0,147020.6307031405,1531454.193468844
 06/10  07:00:00,2904312.948318459,96911.29704147603,735792.09380611,0.0,147020.6307031405,1862758.8587802467
 06/10  08:00:00,4870136.8577563325,176935.65289602563,1362061.3299892547,0.0,648444.6516784854,2628405.4073986774
 06/10  09:00:00,6796878.050892539,242432.1772522874,1881566.6139402324,0.0,621550.6338669354,4006087.1126715085
 06/10  10:00:00,6235382.42207752,268411.62179360347,2090243.5161276837,0.0,376815.0717818296,3463719.0018451437
 06/10  11:00:00,5742801.37757216,268809.199687817,2093602.51478355,0.0,147020.6307031405,3209240.225378147
 06/10  12:00:00,6086450.694477318,295031.2134194848,2294959.2133989464,0.0,251459.06653799332,3226904.5958562642
 06/10  13:00:00,6263418.471296014,334638.6380086497,2594130.9913137853,0.0,558797.9256399852,2759262.361507683
 06/10  14:00:00,11651100.482496262,386614.4912579786,2982820.1785243857,0.0,558797.9256399852,7706279.332248001
 06/10  15:00:00,7654704.893046254,529147.1386437463,4054862.01901421,0.0,561786.1498412685,2490812.9802823984
 06/10  16:00:00,7009299.062874382,481666.21069971,3654265.9447586355,0.0,881526.1393785863,1963187.8097017868
 06/10  17:00:00,12250952.19406002,439821.96202264423,3291880.930403263,0.0,923361.278196553,7538582.106766233
 06/10  18:00:00,11480192.347657727,373649.84239046805,2747493.9848782783,0.0,781420.6286355943,7505241.470694868
 06/10  19:00:00,5018045.912705888,329037.0816282425,2374094.4697764767,0.0,788891.1891388026,1435540.1458392174
 06/10  20:00:00,4127653.842403179,195190.1131775081,1388237.3835739398,0.0,983125.76222222,1435932.3970158221
 06/10  21:00:00,3226544.178389328,146586.58285437393,1034072.9922844116,0.0,659202.2588031056,1238893.40145296
 06/10  22:00:00,1994382.5730020506,67368.69162030914,472922.14058232674,0.0,147020.6307031405,1178886.8228051467
 06/10  23:00:00,1641440.897757373,4521.72307371896,31649.899036651113,0.0,368448.0440182362,1147846.255744337
 06/10  24:00:00,1451407.8020046826,0.0,0.0,0.0,256987.28131036749,1125050.2005132344
 06/11  01:00:00,1348202.3878057231,0.0,0.0,0.0,183775.7883789256,1095056.2792457168
 06/11  02:00:00,1293536.3297639203,0.0,0.0,0.0,147020.6307031405,1077145.378879699
 06/11  03:00:00,1292873.0775943105,0.0,0.0,0.0,147020.6307031405,1076482.1267100892
 06/11  04:00:00,1416540.4790416649,0.0,0.0,0.0,147020.6307031405,1200149.5281574435
 06/11  05:00:00,1525375.422056638,0.0,0.0,0.0,147020.6307031405,1322556.925120889
 06/11  06:00:00,1731256.5895271548,0.0,0.0,0.0,147020.6307031405,1531454.193468844
 06/11  07:00:00,2894921.7767243804,0.0,0.0,0.0,905431.932988853,1938216.128819076
 06/11  08:00:00,3882006.6765495343,0.0,0.0,0.0,1147478.0932928037,2684762.918778999
 06/11  09:00:00,5332785.385662358,1140.0486897008022,8376.661216989078,0.0,1099666.5060722702,4181376.757399262
 06/11  10:00:00,4841013.585623212,38045.87918362314,283119.7083412512,0.0,1063807.8156568701,3422863.0727896467
 06/11  11:00:00,7275363.447291711,96197.93248175403,723823.0594791545,0.0,799349.9738432943,5633371.724906722
 06/11  12:00:00,11903437.116116952,144591.0107196988,1096540.2430581267,0.0,773950.0681323858,9870259.188942112
 06/11  13:00:00,6838634.658195958,223145.2670725767,1700691.4773167507,0.0,971172.8654170866,3927036.4935636325
 06/11  14:00:00,5918857.055965831,275771.2215489607,2102065.8869071314,0.0,971172.8654170866,2553258.527266741
 06/11  15:00:00,6734706.455897743,325111.8271794145,2470060.9975806396,0.0,767973.6197298192,3153463.4061432397
 06/11  16:00:00,5377497.093340809,323662.6467573349,2443381.63552319,0.0,672350.4452887522,1909449.4074358689
 06/11  17:00:00,4906091.073801682,252614.4501766224,1887050.032906378,0.0,812796.9827490693,1897831.741737004
 06/11  18:00:00,4945965.180684343,236579.181569493,1740130.1126120333,0.0,1162419.2142992206,1732942.2007063571
 06/11  19:00:00,4485300.595142749,215247.30985260906,1558267.733182928,0.0,1110125.290776762,1503636.982813706
 06/11  20:00:00,3524077.3244247236,118599.81963381736,849186.7556294218,0.0,983125.76222222,1435932.3970158221
 06/11  21:00:00,3380843.1610996164,94533.34561195379,674223.4398237058,0.0,1171383.8869030706,1282357.1926953755
 06/11  22:00:00,1842320.7692002058,46659.698951880404,332521.02681659575,0.0,147020.6307031405,1178886.8228051467
 06/11  23:00:00,1436361.8163700164,4955.561852555382,35305.80447796503,0.0,147020.6307031405,1154072.6416970491
 06/11  24:00:00,1362192.1988785716,0.0,0.0,0.0,147020.6307031405,1145801.2479943503
 06/12  01:00:00,1353920.8051758725,0.0,0.0,0.0,147020.6307031405,1137529.8542916512
 06/12  02:00:00,1345649.4114731734,0.0,0.0,0.0,147020.6307031405,1129258.460588952
 06/12  03:00:00,1323868.9331797813,0.0,0.0,0.0,147020.6307031405,1107477.98229556
 06/12  04:00:00,1416540.4790416649,0.0,0.0,0.0,147020.6307031405,1200149.5281574435
 06/12  05:00:00,1525375.422056638,0.0,0.0,0.0,147020.6307031405,1322556.925120889
 06/12  06:00:00,2115504.7622922654,0.0,0.0,0.0,531903.9078284351,1530819.0891086604
 06/12  07:00:00,2894921.7767243804,0.0,0.0,0.0,905431.932988853,1938216.128819076
 06/12  08:00:00,3934968.9672308583,0.0,0.0,0.0,1147478.0932928037,2737725.2094603227
 06/12  09:00:00,3940217.656936189,0.0,0.0,0.0,621550.6338669354,3276441.6107851174
 06/12  10:00:00,4009101.8768025134,0.0,0.0,0.0,606609.5128605186,3369315.2542901738
 06/12  11:00:00,4094601.9221967957,24805.899952542444,190138.5079304267,0.0,582703.7192502519,3274333.038482787
 06/12  12:00:00,5705504.562922695,146693.40031401784,1143388.9378528686,0.0,983125.76222222,3414199.8572689574
 06/12  13:00:00,5600046.714138653,200481.83938216444,1577031.6241431464,0.0,971172.8654170866,2834771.830370345
 06/12  14:00:00,5842480.535202963,258370.212933101,2043090.3747601244,0.0,971172.8654170866,2553258.527266741
 06/12  15:00:00,5842062.580160611,309447.4336610474,2448782.4585337914,0.0,767973.6197298192,2297762.4629713236
 06/12  16:00:00,7538506.909966478,484629.1318544408,3812831.010448135,0.0,986113.9864235034,2226279.8229047353
 06/12  17:00:00,7731062.524831947,516629.59442356904,4040324.672838536,0.0,1033925.5736440365,2084384.8176931972
 06/12  18:00:00,6599426.12964684,416157.86358940264,3214012.379554621,0.0,1162419.2142992206,1732942.2007063571
 06/12  19:00:00,5305973.005958126,350349.1929776026,2633169.1994857593,0.0,788891.1891388026,1435540.1458392174
 06/12  20:00:00,5697193.988542334,263511.49121749785,1930956.1254949314,0.0,1822816.7627828394,1542677.0191236224
 06/12  21:00:00,4389902.4496738985,215556.8609509833,1562259.2130589588,0.0,1171383.8869030706,1282357.1926953755
 06/12  22:00:00,3514828.721146046,153716.3683970043,1108235.4593893795,0.0,902443.7087875695,1213200.5946486504
 06/12  23:00:00,2275534.545524976,81201.5750145097,583031.4931085866,0.0,368448.0440182362,1147846.255744337
 06/12  24:00:00,1576531.2576095206,26252.382170151745,188086.67656079726,0.0,147020.6307031405,1145801.2479943503
 06/13  01:00:00,1353920.8051758725,0.0,0.0,0.0,147020.6307031405,1137529.8542916512
 06/13  02:00:00,1345649.4114731734,0.0,0.0,0.0,147020.6307031405,1129258.460588952
 06/13  03:00:00,1354864.788765252,0.0,0.0,0.0,147020.6307031405,1138473.8378810307
 06/13  04:00:00,1416540.4790416649,0.0,0.0,0.0,147020.6307031405,1200149.5281574435
 06/13  05:00:00,1525375.422056638,0.0,0.0,0.0,147020.6307031405,1322556.925120889
 06/13  06:00:00,1788293.3724673537,0.0,0.0,0.0,147020.6307031405,1588490.976409043
 06/13  07:00:00,3323558.0966647994,17608.05260535229,131876.78687970672,0.0,1159430.9900979372,1963368.5521653527
 06/13  08:00:00,4935811.625162455,120857.72753098086,932947.2210819398,0.0,1147478.0932928037,2684762.918778999
 06/13  09:00:00,8174892.82746783,223260.51875168143,1772020.6847936874,0.0,1099666.5060722702,5037719.705566055
 06/13  10:00:00,7003697.968990833,272985.3727926692,2210864.5980998254,0.0,1063807.8156568701,3422863.0727896467
 06/13  11:00:00,7544184.638407371,337929.73384576984,2772781.8694607373,0.0,1015996.2284363367,3394856.050083741
 06/13  12:00:00,7901713.024713256,382263.72721907427,3161063.8556785737,0.0,983125.76222222,3357163.0743287588
 06/13  13:00:00,7664756.403564744,413444.3029348492,3428778.850016552,0.0,971172.8654170866,2834771.830370345
 06/13  14:00:00,7695176.877967242,448135.9223854899,3706021.008072014,0.0,971172.8654170866,2553258.527266741
 06/13  15:00:00,7290401.914922541,483887.7339269376,3972041.257677297,0.0,561786.1498412685,2254590.168212408
 06/13  16:00:00,7226574.588276688,521392.86501861963,4226185.960375658,0.0,567762.5982438351,1882580.20630291
 06/13  17:00:00,7283783.925573057,538396.2032790579,4276686.48559328,0.0,591668.391854102,1821234.97861401
 06/13  18:00:00,6980250.255861286,535289.8917929722,4140788.834440358,0.0,527570.9827365743,1702706.075394143
 06/13  19:00:00,6798454.961960395,510886.05266340805,3851065.16465801,0.0,788891.1891388026,1549589.2769834301
 06/13  20:00:00,6432087.488336996,350181.8148558026,2579179.3016512888,0.0,1822816.7627828394,1542677.0191236224
 06/13  21:00:00,6242758.621351259,304555.3866828868,2214288.1561789913,0.0,2196344.7879432575,1369224.994480614
 06/13  22:00:00,4311853.679288385,226515.16391829785,1634115.9970931588,0.0,1092195.945569062,1221793.9827844244
 06/13  23:00:00,2829984.5465363385,140312.57877268648,1006636.814574311,0.0,442257.18178993475,1145770.7937601
 06/13  24:00:00,1975268.5651991174,72484.97078492504,518287.494754093,0.0,174512.29335494724,1140613.4861240713
 06/14  01:00:00,1438048.0484224362,10337.05645187084,73790.18679469301,0.0,147020.6307031405,1137529.8542916512
 06/14  02:00:00,1345649.4114731734,0.0,0.0,0.0,147020.6307031405,1129258.460588952
 06/14  03:00:00,1354864.788765252,0.0,0.0,0.0,147020.6307031405,1138473.8378810307
 06/14  04:00:00,1416540.4790416649,0.0,0.0,0.0,147020.6307031405,1200149.5281574435
 06/14  05:00:00,1525375.422056638,0.0,0.0,0.0,147020.6307031405,1322556.925120889
 06/14  06:00:00,1784218.8802084792,0.0,0.0,0.0,147020.6307031405,1584416.4841501683
 06/14  07:00:00,2759110.455477306,26399.26208876905,194533.32962392466,0.0,525329.8145856117,1961574.3342625499
 06/14  08:00:00,3821233.747804853,57720.35308272822,436897.6711672306,0.0,648444.6516784854,2628405.4073986774
 06/14  09:00:00,4717278.521667376,90134.63057982805,691000.7264102334,0.0,621550.6338669354,3272367.1185262427
 06/14  10:00:00,5429833.781047365,104314.16578739925,805671.6171616266,0.0,1063807.8156568701,3422863.0727896467
 06/14  11:00:00,5653995.229972542,146230.62017345143,1131328.3576384247,0.0,1015996.2284363367,3337819.267143542
 06/14  12:00:00,5827691.671609657,168356.2693655596,1300949.9604284884,0.0,983125.76222222,3357163.0743287588
 06/14  13:00:00,5521010.22331604,189354.1037756496,1456160.5782457234,0.0,971172.8654170866,2887734.12105167
 06/14  14:00:00,7333491.8676093165,312695.19874734344,2387852.966110329,0.0,971172.8654170866,3645182.282508647
 06/14  15:00:00,5050731.808976884,214500.9209644046,1627718.317722973,0.0,871067.3546740946,2319348.610350781
 06/14  16:00:00,4229565.423940943,197755.43633626352,1495777.4417820717,0.0,567762.5982438351,1939616.989243109
 06/14  17:00:00,4428168.231745551,159206.4150666978,1204809.8719422105,0.0,1033925.5736440365,1974428.504859998
 06/14  18:00:00,4513671.798432529,174381.45872080803,1317072.162527581,0.0,1162419.2142992206,1785904.4913876816
 06/14  19:00:00,5242230.035976297,164967.21875465568,1238351.840097841,0.0,1431359.3924147214,2309528.3061923347
 06/14  20:00:00,4555610.815102991,109948.67291363301,820954.8213328021,0.0,1822816.7627828394,1664657.9681502727
 06/14  21:00:00,4635367.447519176,107911.0829958448,803541.2860339498,0.0,2196344.7879432575,1369224.994480614
 06/14  22:00:00,2895926.618714479,76201.5170452816,566848.2083095352,0.0,902443.7087875695,1213200.5946486504
 06/14  23:00:00,1880681.783662698,40410.61094979278,300703.37109848676,0.0,294638.90624653763,1149921.7177285745
 06/14  24:00:00,1456187.0496269458,11138.530318873893,82856.32042950034,0.0,147020.6307031405,1145801.2479943503
 06/15  01:00:00,1353920.8051758725,0.0,0.0,0.0,147020.6307031405,1137529.8542916512
 06/15  02:00:00,1345649.4114731734,0.0,0.0,0.0,147020.6307031405,1129258.460588952
 06/15  03:00:00,1354864.788765252,0.0,0.0,0.0,147020.6307031405,1138473.8378810307
 06/15  04:00:00,1416540.4790416649,0.0,0.0,0.0,147020.6307031405,1200149.5281574435
 06/15  05:00:00,1525375.422056638,0.0,0.0,0.0,147020.6307031405,1322556.925120889
 06/15  06:00:00,1923380.6759097101,0.0,0.0,0.0,339462.2692657878,1531136.6412887522
 06/15  07:00:00,2755346.0364967003,0.0,0.0,0.0,778432.4044343109,1925639.9171459377
 06/15  08:00:00,3488981.144543263,18440.533519717617,143924.88746865117,0.0,648444.6516784854,2628405.4073986774
 06/15  09:00:00,4586593.950455034,73072.93494278737,577377.8508349328,0.0,621550.6338669354,3272367.1185262427
 06/15  10:00:00,5524824.192944686,163195.15534493647,1295490.377857037,0.0,606609.5128605186,3426352.0372303724
 06/15  11:00:00,5575045.047982268,189036.6266196134,1506350.9070488287,0.0,582703.7192502519,3274333.038482787
 06/15  12:00:00,6140651.452098116,253447.3476682016,2021603.4670639704,0.0,564774.3740425518,3282729.6580587616
 06/15  13:00:00,6151974.853280591,313846.3229878481,2503479.6883191634,0.0,558797.9256399852,2759262.361507683
 06/15  14:00:00,6865508.443604903,368131.90352128947,2956356.5925738756,0.0,971172.8654170866,2553258.527266741
 06/15  15:00:00,6950964.38437619,445208.8276112817,3614245.8505064016,0.0,561786.1498412685,2311626.9511526073
 06/15  16:00:00,7602890.162524167,502503.17950388865,4095563.0274263658,0.0,986113.9864235034,1990057.0108347456
 06/15  17:00:00,7994233.43966741,540910.3605328538,4389171.134397914,0.0,1033925.5736440365,1974428.504859998
 06/15  18:00:00,8202742.867520884,498994.91190321447,4000772.074969587,0.0,1162419.2142992206,2466662.194851623
 06/15  19:00:00,7262724.493267365,456568.8047771966,3583058.248743857,0.0,1431359.3924147214,1693714.7688148448
 06/15  20:00:00,5837980.145182813,351096.8880469869,2693983.6023072363,0.0,1193048.512362375,1462618.5525427721
 06/15  21:00:00,5060417.872759973,286234.10998698906,2162097.387109027,0.0,1171383.8869030706,1282357.1926953755
 06/15  22:00:00,4196872.664445024,229667.79520059738,1714327.9758847645,0.0,902443.7087875695,1213200.5946486504
 06/15  23:00:00,3083458.9116797377,166519.262243477,1233904.4962469195,0.0,442257.18178993475,1145770.7937601
 06/15  24:00:00,2416090.3992448756,115006.4016406011,849676.1955995917,0.0,256987.28131036749,1125050.2005132344
 06/16  01:00:00,1964664.681543713,72914.78625920218,537829.090108638,0.0,147020.6307031405,1137529.8542916512
 06/16  02:00:00,1660539.5946776953,37859.6118526249,278538.6217906162,0.0,147020.6307031405,1129258.460588952
 06/16  03:00:00,1418673.2390603004,7834.913136924048,57481.58759684377,0.0,147020.6307031405,1138473.8378810307
 06/16  04:00:00,1416540.4790416649,0.0,0.0,0.0,147020.6307031405,1200149.5281574435
 06/16  05:00:00,1537439.8255663912,0.0,0.0,0.0,147020.6307031405,1322556.925120889
 06/16  06:00:00,1744829.043475627,0.0,0.0,0.0,147020.6307031405,1531454.193468844
 06/16  07:00:00,2814480.748217842,74133.78369233602,554688.2759104208,0.0,147020.6307031405,1976807.9899244595
 06/16  08:00:00,4720532.159659572,162054.9747673142,1227337.3100212058,0.0,648444.6516784854,2628405.4073986774
 06/16  09:00:00,5398047.34897325,198887.77676400557,1524693.0579590881,0.0,384285.63228503795,3244939.368803544
 06/16  10:00:00,5405228.498554362,217937.7489437457,1689916.0570314024,0.0,147020.6307031405,3314160.851346814
 06/16  11:00:00,5506960.615475024,240882.61682344897,1885688.3355507816,0.0,147020.6307031405,3209240.225378147
 06/16  12:00:00,5794505.533499524,272630.2931135057,2148461.7626294815,0.0,147020.6307031405,3208296.2417887654
 06/16  13:00:00,5590169.391844377,307937.4659617301,2434929.6284081666,0.0,147020.6307031405,2683693.1119454294
 06/16  14:00:00,5652731.841997309,344132.82518946764,2723598.2842550315,0.0,147020.6307031405,2421391.5470237583
 06/16  15:00:00,5833146.8205690645,394091.8614997177,3105632.3637074055,0.0,147020.6307031405,2168305.3593941703
 06/16  16:00:00,6541260.85759169,492939.81817412004,3852689.9983029533,0.0,252206.12258831415,1914771.9601906375
 06/16  17:00:00,7146331.5940273795,484336.1905405937,3745198.0853204047,0.0,923361.2781965529,1936130.123298501
 06/16  18:00:00,6935591.015562873,461868.5307715481,3505974.648727228,0.0,1162419.2142992206,1732942.2007063571
 06/16  19:00:00,6541594.148125377,410529.5164328517,3037488.393166459,0.0,1431359.3924147214,1571733.8197881945
 06/16  20:00:00,6041172.527008109,308597.08244366106,2241913.476244297,0.0,1822816.7627828394,1542677.0191236224
 06/16  21:00:00,4860636.091586073,241269.17877426516,1739879.7145125286,0.0,1427624.1121631174,1304074.143141685
 06/16  22:00:00,2772200.4428774463,161224.11138453946,1156884.5906934922,0.0,147020.6307031405,1178886.8228051467
 06/16  23:00:00,2146172.94937882,92912.690137667,663192.0109565336,0.0,147020.6307031405,1154072.6416970491
 06/16  24:00:00,1657397.815284018,36400.52920582502,258805.08719962154,0.0,147020.6307031405,1145801.2479943503
 06/17  01:00:00,1366904.4085365122,1604.5646076839917,11379.03875295574,0.0,147020.6307031405,1137529.8542916512
 06/17  02:00:00,1344141.3610344543,0.0,0.0,0.0,147020.6307031405,1129258.460588952
 06/17  03:00:00,1353356.7383265328,0.0,0.0,0.0,147020.6307031405,1138473.8378810307
 06/17  04:00:00,1416540.4790416649,0.0,0.0,0.0,147020.6307031405,1200149.5281574435
 06/17  05:00:00,1576744.4279302908,0.0,0.0,0.0,207681.58198919235,1301200.5761987367
 06/17  06:00:00,1744829.043475627,0.0,0.0,0.0,147020.6307031405,1531454.193468844
 06/17  07:00:00,2071609.5574708725,0.0,0.0,0.0,147020.6307031405,1862758.8587802467
 06/17  08:00:00,2929063.476032622,18521.715412766738,138730.22184876245,0.0,147020.6307031405,2570501.0922740623
 06/17  09:00:00,4416474.270194559,85951.18872945767,656056.5672149447,0.0,384285.6322850379,3244939.368803544
 06/17  10:00:00,5354197.026243486,153448.63052299607,1188630.4180405387,0.0,606609.5128605186,3369315.2542901738
 06/17  11:00:00,5685238.992448431,204348.65848972395,1599724.769206162,0.0,582703.7192502519,3274333.038482787
 06/17  12:00:00,5727581.5686264,250836.52048457612,1980284.7804829357,0.0,251459.06653799335,3226904.5958562647
 06/17  13:00:00,5610045.546957578,308749.3203549299,2453993.9291281677,0.0,147020.6307031405,2683693.1119454294
 06/17  14:00:00,6314144.926844338,362071.9886607818,2889062.5981522826,0.0,559096.7480601135,2487325.0371452495
 06/17  15:00:00,7246737.863748545,436260.476412465,3477284.934722841,0.0,974161.0896183699,2340934.757730239
 06/17  16:00:00,7367446.095220344,511833.2706368101,4056666.1824051742,0.0,776938.2923336693,1993355.3915090268
 06/17  17:00:00,7781383.7048926875,532202.2889020436,4183521.420815282,0.0,1033925.5736440365,1974428.504859998
 06/17  18:00:00,7255637.100511912,492265.803022677,3795623.461425138,0.0,1162419.2142992206,1732942.2007063571
 06/17  19:00:00,6745123.633854732,432082.60712366406,3219464.7882050034,0.0,1431359.3924147214,1571733.8197881945
 06/17  20:00:00,8376163.040249875,310039.25734230503,2248166.2424938614,0.0,1822816.7627828394,3869972.59121718
 06/17  21:00:00,12197283.312882511,236442.5699750531,1697169.1947407543,0.0,2196344.7879432575,7919537.817228966
 06/17  22:00:00,5463199.030867282,211906.6793581102,1518507.8477540049,0.0,1281948.1823505543,2322652.034113486
 06/17  23:00:00,2831261.892705597,141787.37912233485,1012471.5621487978,0.0,442257.18178993475,1145770.7937601
 06/17  24:00:00,2027219.3507148302,71048.49590858682,504763.05280156084,0.0,256987.28131036749,1125050.2005132344
 06/18  01:00:00,1452443.380047711,12908.006603191383,91332.98563879642,0.0,183775.7883789256,1095056.2792457168
 06/18  02:00:00,1345649.4114731734,0.0,0.0,0.0,147020.6307031405,1129258.460588952
 06/18  03:00:00,1354864.788765252,0.0,0.0,0.0,147020.6307031405,1138473.8378810307
 06/18  04:00:00,1416540.4790416649,0.0,0.0,0.0,147020.6307031405,1200149.5281574435
 06/18  05:00:00,1525375.422056638,0.0,0.0,0.0,147020.6307031405,1322556.925120889
 06/18  06:00:00,1731256.5895271548,0.0,0.0,0.0,147020.6307031405,1531454.193468844
 06/18  07:00:00,2338411.750334429,0.0,0.0,0.0,399226.75329145463,1887911.282126523
 06/18  08:00:00,3766945.1143650515,51114.52418204107,389214.8666281157,0.0,648444.6516784854,2628405.4073986774
 06/18  09:00:00,5372179.271277724,162415.61495461495,1273620.4916457944,0.0,621550.6338669354,3272367.1185262427
 06/18  10:00:00,6364604.067583839,256241.34630068913,2046298.5537993135,0.0,606609.5128605186,3422277.5449714977
 06/18  11:00:00,6650977.655760327,305008.48081457644,2462237.16837305,0.0,582703.7192502519,3278407.530741662
 06/18  12:00:00,7348514.267758973,326866.2581146936,2663262.567828672,0.0,983125.76222222,3357163.0743287588
 06/18  13:00:00,7058043.540000923,378567.47418617073,3100885.0195212904,0.0,764985.3955285359,2797017.095939014
 06/18  14:00:00,7558925.761712447,436529.34183739434,3581376.472365314,0.0,971172.8654170866,2553258.527266741
 06/18  15:00:00,8353043.591386383,535107.7202809993,4370694.287347933,0.0,974161.0896183699,2454983.8888744516
 06/18  16:00:00,8998597.446646433,640563.8763752558,5178073.643070162,0.0,986113.9864235034,2165192.9824418467
 06/18  17:00:00,8366648.6689818,592749.8682421213,4709746.856003037,0.0,1033925.5736440365,1974428.504859998
 06/18  18:00:00,7474374.092766691,514073.2488118601,3991044.957452015,0.0,1162419.2142992206,1732942.2007063571
 06/18  19:00:00,6447077.062071871,434838.17110406683,3300453.338860591,0.0,1110125.290776762,1503636.982813706
 06/18  20:00:00,5457761.975289334,342555.28141159704,2558915.9447162524,0.0,983125.76222222,1435932.3970158221
 06/18  21:00:00,5062925.48553431,291136.1116437782,2159702.998226575,0.0,1171383.8869030706,1282357.1926953755
 06/18  22:00:00,4246751.803996876,237340.03361272055,1756534.877024493,0.0,902443.7087875695,1213200.5946486504
 06/18  23:00:00,3061954.676494953,172977.01375186016,1277676.1853412134,0.0,368448.0440182362,1147846.255744337
 06/18  24:00:00,2405057.8735229485,124395.0407991258,918470.633845251,0.0,147020.6307031405,1145801.2479943503
 06/19  01:00:00,2114978.559354304,90837.93653772975,670219.8176407015,0.0,147020.6307031405,1137529.8542916512
 06/19  02:00:00,1858585.107983601,61319.122810624875,451616.5736998027,0.0,147020.6307031405,1129258.460588952
 06/19  03:00:00,1674299.8098538467,38214.84544337089,281220.1756452238,0.0,147020.6307031405,1138473.8378810307
 06/19  04:00:00,1590210.0522562664,20754.583426733396,152914.9897878682,0.0,147020.6307031405,1200149.5281574435
 06/19  05:00:00,1632795.1461584233,12801.15686350802,94618.56723827722,0.0,147020.6307031405,1322556.925120889
 06/19  06:00:00,1947997.3534204243,25609.896824464093,191130.86706880532,0.0,147020.6307031405,1531454.193468844
 06/19  07:00:00,3258497.1912022466,74758.44329162585,567968.4516416014,0.0,651432.8758797687,1913063.7054727995
 06/19  08:00:00,4184342.1566397785,146095.81484424355,1131126.8703156102,0.0,272376.6359469767,2584977.1710552163
 06/19  09:00:00,5268753.0521695735,194552.2208984777,1535096.7935506753,0.0,265653.1314940892,3231225.493942195
 06/19  10:00:00,5812234.613186879,255840.58819532895,2062035.433289775,0.0,147020.6307031405,3314160.851346814
 06/19  11:00:00,6578442.518762637,291818.6120777433,2406966.3923710673,0.0,582703.7192502519,3274333.038482787
 06/19  12:00:00,7340732.682797464,368299.82999300864,3106832.215438511,0.0,564774.3740425518,3282729.6580587616
 06/19  13:00:00,7450516.628059757,429688.6172755072,3686179.1688106703,0.0,558797.9256399852,2759262.361507683
 06/19  14:00:00,9241254.213419477,501105.94763059693,4343427.375107225,0.0,971172.8654170866,3408959.4704386573
 06/19  15:00:00,8702417.286149327,554664.7007748684,4814560.1327612195,0.0,974161.0896183699,2340934.757730239
 06/19  16:00:00,8274562.119918765,547536.9820781694,4722201.182246682,0.0,986113.9864235034,1990057.0108347456
 06/19  17:00:00,8003958.366590864,521963.3473042881,4417843.074549932,0.0,1033925.5736440365,1974428.504859998
 06/19  18:00:00,7161957.820529733,455771.9264114244,3736930.0076154927,0.0,1162419.2142992206,1732942.2007063571
 06/19  19:00:00,7017487.978402009,432410.83942181536,3426923.865320334,0.0,1431359.3924147214,1628770.6027283934
 06/19  20:00:00,6656147.244624848,360753.50761427195,2792667.3651806703,0.0,1822816.7627828394,1542677.0191236224
 06/19  21:00:00,6522716.742403955,323983.5515858778,2474818.112328696,0.0,2196344.7879432575,1369224.994480614
 06/19  22:00:00,5398219.183497772,274779.6651795903,2077180.1252894532,0.0,1661452.655913539,1247574.1471917466
 06/19  23:00:00,3420153.9045064542,204383.4842979834,1532735.2670191303,0.0,442257.18178993475,1145770.7937601
 06/19  24:00:00,2709210.2532108445,148636.3062826546,1109166.1449235072,0.0,256987.28131036749,1125050.2005132344
 06/20  01:00:00,2249869.843495057,106698.00143537123,794969.4542539628,0.0,183775.7883789256,1095056.2792457168
 06/20  02:00:00,1937352.1267613648,76245.53722265121,567570.2597747932,0.0,147020.6307031405,1077145.378879699
 06/20  03:00:00,1722870.6900880188,50984.56444935026,379013.0480443579,0.0,147020.6307031405,1076482.1267100892
 06/20  04:00:00,1688315.710951415,32240.243680946664,239534.9882288033,0.0,147020.6307031405,1200149.5281574435
 06/20  05:00:00,1709114.8910826175,21734.28134898888,162005.1876769906,0.0,147020.6307031405,1322556.925120889
 06/20  06:00:00,2771012.4251087,70305.93242457794,529360.2371321707,0.0,530708.6181479217,1587855.8720488595
 06/20  07:00:00,4644237.604700191,102739.4858132886,790875.3989906062,0.0,905431.932988853,2793917.071990992
 06/20  08:00:00,4986795.520395065,186028.7072659887,1474151.0895741815,0.0,648444.6516784854,2628405.4073986774
 06/20  09:00:00,6319972.667165028,260330.09302331548,2123499.4094643975,0.0,621550.6338669354,3272367.1185262427
 06/20  10:00:00,6932683.801608009,312365.7795028949,2611216.1453026007,0.0,606609.5128605186,3369315.2542901738
 06/20  11:00:00,7283955.287882289,357489.89424118784,3046807.879327275,0.0,582703.7192502519,3274333.038482787
 06/20  12:00:00,13932224.138561372,463513.26928403636,4000658.2484436557,0.0,564774.3740425518,8885181.641526494
 06/20  13:00:00,13109055.312817944,532422.2778508528,4630620.914106166,0.0,764985.3955285359,7164438.170506478
 06/20  14:00:00,8071469.9718977045,515939.256210675,4492045.796203738,0.0,558797.9256399852,2488098.4390173964
 06/20  15:00:00,8250574.8058780115,560699.8855246566,4855401.997035047,0.0,561786.1498412685,2254590.168212408
 06/20  16:00:00,8296877.451508459,608230.5587581052,5209651.129867943,0.0,567762.5982438351,1882580.20630291
 06/20  17:00:00,8511083.058204751,641356.8680845485,5401024.953419481,0.0,591668.391854102,1821234.97861401
 06/20  18:00:00,7596495.790841749,574745.4403817839,4724468.938821992,0.0,654421.1000810522,1568965.840059682
 06/20  19:00:00,6887385.385372821,508960.12550236296,4055970.6463756943,0.0,788891.1891388026,1435540.1458392174
 06/20  20:00:00,6285026.8503203355,425723.9802334416,3303012.1209254097,0.0,983125.76222222,1435932.3970158221
 06/20  21:00:00,7127230.957415767,394232.02274683985,3009083.8561795466,0.0,2196344.7879432575,1369224.994480614
 06/20  22:00:00,5897129.573459774,333198.9929437999,2517671.187487245,0.0,1661452.655913539,1247574.1471917466
 06/20  23:00:00,4157358.304452679,256760.5245335144,1927101.8352380316,0.0,741079.6019182691,1137409.1651235577
 06/20  24:00:00,3097487.5439595208,194358.50089360235,1452195.8205132545,0.0,257286.10373049584,1124276.7986410875
 06/21  01:00:00,2589000.5194968553,146140.15146238566,1088939.5628585974,0.0,147020.6307031405,1137529.8542916512
 06/21  02:00:00,2271140.9960477795,109607.25594436981,815884.3286302362,0.0,147020.6307031405,1129258.460588952
 06/21  03:00:00,2051731.5844313034,82423.73219388034,614443.0634721708,0.0,147020.6307031405,1138473.8378810307
 06/21  04:00:00,1949762.9926937446,62920.958159854024,470301.55549222574,0.0,147020.6307031405,1200149.5281574435
 06/21  05:00:00,1993983.648597912,54991.715064456046,413616.5114768181,0.0,147020.6307031405,1322556.925120889
 06/21  06:00:00,2277899.8550663656,63386.66048417466,483256.60505503614,0.0,147020.6307031405,1531454.193468844
 06/21  07:00:00,4294811.242556971,127379.79352121371,993358.1918560162,0.0,1159430.9900979372,1963368.5521653527
 06/21  08:00:00,5921603.130719721,226452.3322534894,1813144.121916697,0.0,1147478.0932928037,2684762.918778999
 06/21  09:00:00,7497540.700089891,344877.02348600724,2836759.0968291387,0.0,860608.5699696029,3413070.597521007
 06/21  10:00:00,7537936.860943358,375506.0032047401,3153328.980936104,0.0,606609.5128605186,3369315.2542901738
 06/21  11:00:00,8517674.840539925,397573.66349969304,3384742.719554489,0.0,582703.7192502519,4130033.981654703
 06/21  12:00:00,8069977.449989118,439444.13012208627,3764932.6825010884,0.0,564774.3740425518,3282729.6580587616
 06/21  13:00:00,8009696.385457985,475348.26396260865,4077728.1773618553,0.0,661891.6605842606,2778139.7287233486
 06/21  14:00:00,8850405.822684865,550354.7874531816,4701994.304781748,0.0,971172.8654170866,2610295.31020694
 06/21  15:00:00,8390655.879348692,534755.7489872698,4522707.677748183,0.0,974161.0896183699,2340934.757730239
 06/21  16:00:00,7741791.546876157,506465.00560565834,4230502.585676584,0.0,986113.9864235034,1990057.0108347456
 06/21  17:00:00,7597569.406210034,490449.20347169787,4042968.2580016935,0.0,1033925.5736440365,1974428.504859998
 06/21  18:00:00,7011750.157318628,442682.9567916241,3599811.314024188,0.0,1162419.2142992206,1732942.2007063571
 06/21  19:00:00,6782125.045136631,409875.43987431715,3271133.114542652,0.0,1431359.3924147214,1571733.8197881945
 06/21  20:00:00,6667777.844808296,358370.77760800003,2806680.6953703905,0.0,1822816.7627828394,1542677.0191236224
 06/21  21:00:00,6539318.327244561,322682.6956328014,2492720.553122378,0.0,2196344.7879432575,1369224.994480614
 06/21  22:00:00,5458527.9276721375,278643.31560921855,2133625.2190341908,0.0,1661452.655913539,1247574.1471917466
 06/21  23:00:00,3460249.576665859,206237.62541635882,1570976.798060159,0.0,442257.18178993475,1145770.7937601
 06/21  24:00:00,2764485.6189836143,152793.9578205846,1160283.8591583464,0.0,256987.28131036749,1125050.2005132344
 06/22  01:00:00,2444923.6241059583,127188.01747490322,963814.8014551826,0.0,147020.6307031405,1137529.8542916512
 06/22  02:00:00,2181498.860666249,97482.9911551211,738366.4580379545,0.0,147020.6307031405,1129258.460588952
 06/22  03:00:00,2038698.6426477635,79753.40043773572,604080.4534447754,0.0,147020.6307031405,1138473.8378810307
 06/22  04:00:00,1963832.0732070217,63850.70932970353,483440.88483565336,0.0,147020.6307031405,1200149.5281574435
 06/22  05:00:00,2005758.446586703,55795.98446718336,424587.0400628815,0.0,147020.6307031405,1322556.925120889
 06/22  06:00:00,2695794.816487601,66531.33111029278,513758.72308504273,0.0,531903.9078284351,1530819.0891086604
 06/22  07:00:00,3577129.893547615,108200.22335183327,853159.3739267624,0.0,651432.8758797687,1913063.7054727995
 06/22  08:00:00,4952560.983658181,179600.461058284,1446344.799045002,0.0,648444.6516784854,2628405.4073986774
 06/22  09:00:00,6884228.192499836,261908.83080481875,2154751.629111265,0.0,1099666.5060722702,3325675.814227346
 06/22  10:00:00,7649256.487854438,332418.82125376264,2796989.6685023364,0.0,1063807.8156568701,3422863.0727896467
 06/22  11:00:00,8181383.3094109055,397115.4644945809,3407831.5927556595,0.0,1015996.2284363367,3337819.267143542
 06/22  12:00:00,8786169.748705314,456373.72647291585,3971410.5804167916,0.0,983125.76222222,3357163.0743287588
 06/22  13:00:00,8576361.90973042,491543.57096983737,4262285.088147241,0.0,971172.8654170866,2834771.830370345
 06/22  14:00:00,10895849.174022209,508754.51228647813,4285627.19109557,0.0,764985.3955285359,5319893.520285713
 06/22  15:00:00,14915030.935967846,545281.9595728179,4429206.918093238,0.0,974161.0896183699,8948284.363418791
 06/22  16:00:00,8220127.648527753,461891.309724112,3661147.7200164413,0.0,986113.9864235034,3082321.6740280334
 06/22  17:00:00,6510506.636352083,392485.8417005291,3053868.8499149107,0.0,1033925.5736440365,1974428.504859998
 06/22  18:00:00,5992014.098809293,348950.02842380456,2673808.183882673,0.0,1162419.2142992206,1732942.2007063571
 06/22  19:00:00,5618328.112467831,294228.379484769,2222983.242263401,0.0,1431359.3924147214,1571733.8197881945
 06/22  20:00:00,5364187.22835007,219596.36007817593,1641864.4964419897,0.0,1822816.7627828394,1542677.0191236224
 06/22  21:00:00,5450892.912358242,204787.8289206241,1522190.0049482365,0.0,2196344.7879432575,1369224.994480614
 06/22  22:00:00,3530378.167018939,152088.21296332692,1125413.0606959495,0.0,902443.7087875695,1213200.5946486504
 06/22  23:00:00,2471929.2862062408,94130.77950448077,694763.353512419,0.0,442257.18178993475,1145770.7937601
 06/22  24:00:00,1871382.295321343,50217.3646527463,369757.12866391416,0.0,256987.28131036749,1125050.2005132344
 06/23  01:00:00,1450484.5892166598,12262.137200084722,90020.06421085197,0.0,183775.7883789256,1095056.2792457168
 06/23  02:00:00,1305056.5497525143,0.0,0.0,0.0,147020.6307031405,1090173.649307012
 06/23  03:00:00,1353356.7383265328,0.0,0.0,0.0,147020.6307031405,1138473.8378810307
 06/23  04:00:00,1391141.2015712191,0.0,0.0,0.0,148215.92038365384,1173554.9610064845
 06/23  05:00:00,1537439.8255663912,0.0,0.0,0.0,147020.6307031405,1322556.925120889
 06/23  06:00:00,1744829.043475627,0.0,0.0,0.0,147020.6307031405,1531454.193468844
 06/23  07:00:00,2071609.5574708725,0.0,0.0,0.0,147020.6307031405,1862758.8587802467
 06/23  08:00:00,2899688.7679012967,15145.634162654436,112731.59496754943,0.0,147020.6307031405,2570501.0922740623
 06/23  09:00:00,4717274.411197614,91073.32701233981,687041.8186305217,0.0,621550.6338669354,3272367.1185262427
 06/23  10:00:00,5246117.869981875,157966.25861942442,1204719.4549576833,0.0,491712.2923211741,3355526.6535543334
 06/23  11:00:00,5005730.19259768,186487.45733446637,1438853.0721624205,0.0,147020.6307031405,3209240.225378147
 06/23  12:00:00,5614390.473018266,240553.88577638657,1877376.3195829922,0.0,251459.06653799332,3226904.5958562642
 06/23  13:00:00,6083960.404607462,309679.2694858945,2439632.2931479877,0.0,558797.9256399852,2759262.361507683
 06/23  14:00:00,6422879.292950745,363208.43339817226,2876802.1830626684,0.0,661891.6605842606,2504388.4610797325
 06/23  15:00:00,7237982.867850443,437220.76321388455,3467569.652023319,0.0,974161.0896183699,2340934.757730239
 06/23  16:00:00,7313864.885228538,483878.6023351312,3825162.3272994934,0.0,986113.9864235034,1990057.0108347456
 06/23  17:00:00,7491280.31919599,500165.6795431453,3925454.6444774834,0.0,1033925.5736440365,1974428.504859998
 06/23  18:00:00,7034412.562448459,465497.90619770513,3601166.8201866574,0.0,1162419.2142992206,1732942.2007063571
 06/23  19:00:00,6684406.700801388,419782.72240867396,3171047.7398666497,0.0,1431359.3924147214,1571733.8197881945
 06/23  20:00:00,6219567.027597568,325049.5501122412,2403855.5091651753,0.0,1822816.7627828394,1542677.0191236224
 06/23  21:00:00,5489397.225056403,281098.87349386804,2050853.9775568997,0.0,1683864.3374231642,1325791.0935879948
 06/23  22:00:00,2993285.726970475,186919.16683122612,1352274.8193398342,0.0,147020.6307031405,1178886.8228051467
 06/23  23:00:00,2212794.883868349,100475.33056628937,722251.3050174403,0.0,147020.6307031405,1154072.6416970491
 06/23  24:00:00,1753559.8525775431,47970.547653929905,343397.10604504147,0.0,147020.6307031405,1145801.2479943503
 06/24  01:00:00,1400472.8930735907,5716.5981321511,40835.489765567116,0.0,147020.6307031405,1137529.8542916512
 06/24  02:00:00,1344141.3610344543,0.0,0.0,0.0,147020.6307031405,1129258.460588952
 06/24  03:00:00,1353356.7383265328,0.0,0.0,0.0,147020.6307031405,1138473.8378810307
 06/24  04:00:00,1416540.4790416649,0.0,0.0,0.0,147020.6307031405,1200149.5281574435
 06/24  05:00:00,1537439.8255663912,0.0,0.0,0.0,147020.6307031405,1322556.925120889
 06/24  06:00:00,1744829.043475627,0.0,0.0,0.0,147020.6307031405,1531454.193468844
 06/24  07:00:00,2226277.3756675133,18195.363907131952,136472.4542895091,0.0,147020.6307031405,1862758.8587802467
 06/24  08:00:00,4375595.382879832,120224.0045666545,924231.5034421254,0.0,648444.6516784854,2628405.4073986774
 06/24  09:00:00,6297458.38385701,206913.74426889396,1619960.806126926,0.0,1099666.5060722702,3325675.814227346
 06/24  10:00:00,6873841.388922308,263639.4476021575,2087337.842344374,0.0,1063807.8156568701,3422863.0727896467
 06/24  11:00:00,6486005.933730345,290493.12228208745,2314347.2466957113,0.0,582703.7192502519,3274333.038482787
 06/24  12:00:00,6219557.055811528,316825.1704561231,2529318.4075988685,0.0,147020.6307031405,3208296.2417887654
 06/24  13:00:00,6104599.757829215,349581.20982205827,2785879.6144079026,0.0,249964.95443735167,2702585.424335993
 06/24  14:00:00,6574327.06393715,393743.41928230156,3117098.725171556,0.0,558797.9256399852,2488098.4390173964
 06/24  15:00:00,6753179.72118578,444128.470959992,3474578.326907481,0.0,561786.1498412685,2254590.168212408
 06/24  16:00:00,6742861.041560494,489137.53430486453,3774727.744373221,0.0,567762.5982438351,1882580.20630291
 06/24  17:00:00,6663594.436736548,488066.3197565559,3705318.8298405535,0.0,591668.391854102,1821234.97861401
 06/24  18:00:00,5970796.477236148,435310.6608770877,3239712.4551598076,0.0,654421.1000810522,1568965.840059682
 06/24  19:00:00,6038128.600581454,379602.118040812,2759615.713320801,0.0,1270742.3415957417,1537685.4013009502
 06/24  20:00:00,6651419.281392312,282929.93364989804,2022126.4362503462,0.0,1822816.7627828394,2398377.9622955387
 06/24  21:00:00,4443479.693562107,227119.04401366785,1614830.6269555162,0.0,1171383.8869030706,1282357.1926953755
 06/24  22:00:00,3392221.3136001127,165890.27170764265,1179936.6636471057,0.0,713587.9392664622,1204622.1516877743
 06/24  23:00:00,2201940.237957961,99857.40715493234,712014.5825184089,0.0,147020.6307031405,1154072.6416970491
 06/24  24:00:00,1799660.297206295,53670.60931851415,383797.4890092093,0.0,147020.6307031405,1145801.2479943503
 06/25  01:00:00,1512470.6213539056,19408.68971243797,139141.12646559524,0.0,147020.6307031405,1137529.8542916512
 06/25  02:00:00,1349272.2449447238,442.6770807817867,3180.156390768503,0.0,147020.6307031405,1129258.460588952
 06/25  03:00:00,1354864.788765252,0.0,0.0,0.0,147020.6307031405,1138473.8378810307
 06/25  04:00:00,1416540.4790416649,0.0,0.0,0.0,147020.6307031405,1200149.5281574435
 06/25  05:00:00,1525375.422056638,0.0,0.0,0.0,147020.6307031405,1322556.925120889
 06/25  06:00:00,2115504.7622922654,0.0,0.0,0.0,531903.9078284351,1530819.0891086604
 06/25  07:00:00,2960518.889102704,40640.33700550845,304108.2558281758,0.0,651432.8758797687,1913063.7054727995
 06/25  08:00:00,4485907.540972355,133675.4256812608,1025616.3917361987,0.0,648444.6516784854,2628405.4073986774
 06/25  09:00:00,5835158.482425593,213120.20642014724,1685895.1113281306,0.0,621550.6338669354,3272367.1185262427
 06/25  10:00:00,6487215.90458199,271026.1805887779,2207087.847190699,0.0,606609.5128605186,3369315.2542901738
 06/25  11:00:00,6755259.481642598,309013.8328446962,2566588.134484076,0.0,582703.7192502519,3274333.038482787
 06/25  12:00:00,7379252.351413665,393711.96794087015,3308996.5429713563,0.0,355897.5023728462,3302549.7328639627
 06/25  13:00:00,7441970.3744692,434510.78424489265,3672810.7482507275,0.0,558797.9256399852,2759262.361507683
 06/25  14:00:00,8073365.172792919,537889.2264755704,4540189.9670032095,0.0,352909.2781715628,2625788.146316665
 06/25  15:00:00,7336967.611554599,480891.4072755913,4021603.2809607014,0.0,561786.1498412685,2254590.168212408
 06/25  16:00:00,7687580.6797203915,550609.5473575325,4543926.238336237,0.0,567762.5982438351,1996629.337447123
 06/25  17:00:00,7304506.716064645,529838.9304448348,4305966.548919091,0.0,591668.391854102,1821234.97861401
 06/25  18:00:00,7027542.704382679,490271.319543513,3904002.735768773,0.0,908420.1571901364,1650954.0203830195
 06/25  19:00:00,7067629.67383432,452799.6420465792,3513713.5410680813,0.0,1431359.3924147214,1571733.8197881945
 06/25  20:00:00,6742301.565524051,377396.26496765506,2862178.9287264906,0.0,1822816.7627828394,1542677.0191236224
 06/25  21:00:00,6282112.65306472,333979.16261838796,2502175.587663308,0.0,1940104.562683211,1347508.0440343046
 06/25  22:00:00,4052508.0112891514,259514.94142499217,1934984.6014684627,0.0,524732.169745355,1196043.7087268985
 06/25  23:00:00,3005752.540038596,190478.510038786,1419173.5799603136,0.0,147020.6307031405,1154072.6416970491
 06/25  24:00:00,2580465.9273485173,144066.93797617732,1074206.7904937686,0.0,147020.6307031405,1145801.2479943503
 06/26  01:00:00,2271501.352226757,108417.78601478414,809162.7610361006,0.0,147020.6307031405,1137529.8542916512
 06/26  02:00:00,2023356.0035170014,80056.14579942352,597650.4462444044,0.0,147020.6307031405,1129258.460588952
 06/26  03:00:00,1833847.225779139,56628.333682654426,422354.1033312323,0.0,147020.6307031405,1138473.8378810307
 06/26  04:00:00,1743514.1058202107,38622.80172103335,288350.82505751244,0.0,147020.6307031405,1200149.5281574435
 06/26  05:00:00,1791816.6292618674,31280.581314231156,235160.62589099837,0.0,147020.6307031405,1322556.925120889
 06/26  06:00:00,2458302.526446631,39667.80803668427,303129.9561176811,0.0,531903.9078284351,1530819.0891086604
 06/26  07:00:00,3256271.26689424,72485.52310329712,568015.4475219231,0.0,651432.8758797687,1913063.7054727995
 06/26  08:00:00,4432240.345614893,122372.1862997046,983252.4357602941,0.0,648444.6516784854,2628405.4073986774
 06/26  09:00:00,5693114.716972204,191406.12914157475,1565565.423153315,0.0,621550.6338669354,3272367.1185262427
 06/26  10:00:00,6332158.76903124,250348.02007475554,2072708.8721539704,0.0,606609.5128605186,3369315.2542901738
 06/26  11:00:00,7323710.140801818,355102.78782865364,2974900.707515125,0.0,582703.7192502519,3388382.169627
 06/26  12:00:00,8300015.7589366995,417176.8286462651,3524453.4884748263,0.0,983125.76222222,3357163.0743287588
 06/26  13:00:00,8055695.24695732,447048.84760459285,3786113.148739385,0.0,971172.8654170866,2834771.830370345
 06/26  14:00:00,8425222.809352,512228.5495472357,4314937.5293548275,0.0,971172.8654170866,2610295.31020694
 06/26  15:00:00,8007697.688730849,500960.80835352,4173544.42776409,0.0,974161.0896183699,2340934.757730239
 06/26  16:00:00,8128409.095684655,496953.39353041595,4094063.562015536,0.0,986113.9864235034,2522625.195379536
 06/26  17:00:00,12578211.464209888,532508.9093072666,4348900.192161487,0.0,1033925.5736440365,6607078.922864487
 06/26  18:00:00,7321657.795048962,478248.1936344354,3874153.714911711,0.0,1162419.2142992206,1732942.2007063571
 06/26  19:00:00,6933245.567527734,426660.2733243954,3405468.803483678,0.0,1431359.3924147214,1571733.8197881945
 06/26  20:00:00,6859893.500619001,378571.49799815443,2978595.630790942,0.0,1822816.7627828394,1542677.0191236224
 06/26  21:00:00,5803618.130595252,330897.9950272046,2582676.5841977354,0.0,1427624.1121631174,1304074.143141685
 06/26  22:00:00,4671133.837717893,275821.7359448599,2142435.20841337,0.0,902443.7087875695,1213200.5946486504
 06/26  23:00:00,3310935.217631521,219085.92891600396,1695748.8386760212,0.0,147020.6307031405,1154072.6416970491
 06/26  24:00:00,2882614.0099378573,174292.28459242993,1346129.5264668558,0.0,147020.6307031405,1145801.2479943503
 06/27  01:00:00,2623140.03311245,145519.60714897214,1123699.6207876056,0.0,147020.6307031405,1137529.8542916512
 06/27  02:00:00,2416190.998746004,122791.43569402963,947750.1515788011,0.0,147020.6307031405,1129258.460588952
 06/27  03:00:00,2258853.661307021,103780.22581353578,800208.6467282329,0.0,147020.6307031405,1138473.8378810307
 06/27  04:00:00,2190978.023000281,88903.35235630369,685534.191602312,0.0,147020.6307031405,1200149.5281574435
 06/27  05:00:00,2262431.0317517496,84336.22503697475,652719.3846581369,0.0,147020.6307031405,1322556.925120889
 06/27  06:00:00,2630451.3693624777,102020.92871712844,797173.8511181946,0.0,147020.6307031405,1531454.193468844
 06/27  07:00:00,4459829.4464000985,146087.2243170563,1163610.8067484626,0.0,653225.8104005388,2445631.89001759
 06/27  08:00:00,13587988.16899528,314234.9938052119,2570235.3628862877,0.0,1147478.0932928037,9506274.054533243
 06/27  09:00:00,12215575.67236849,507633.6996599027,4266184.009392905,0.0,1099666.5060722702,6299866.044959276
 06/27  10:00:00,10237857.344634486,570257.8963103918,4903404.088374202,0.0,1063807.8156568701,3667210.4346412006
 06/27  11:00:00,10143098.89792233,618972.4869590411,5400121.534797909,0.0,582703.7192502519,3518680.4003343415
 06/27  12:00:00,10432532.365158271,644730.4533364509,5677853.9126043245,0.0,564774.3740425518,3527077.019910316
 06/27  13:00:00,10408289.769086476,644730.4533364509,5696678.70328513,0.0,971172.8654170866,3079119.1922218995
 06/27  14:00:00,10121819.286555482,644730.4533364509,5691721.523857739,0.0,971172.8654170866,2797605.889118295
 06/27  15:00:00,9431728.716041539,644730.4533364509,5666513.470461582,0.0,767973.6197298192,2334414.567249057
 06/27  16:00:00,9499277.14544147,644730.4533364509,5613499.924441117,0.0,986113.9864235034,2226279.8229047353
 06/27  17:00:00,9311160.337336943,644730.4533364509,5549315.648582525,0.0,1033925.5736440365,2027390.795541322
 06/27  18:00:00,9058211.7799124,644730.4533364509,5444225.440073133,0.0,1162419.2142992206,1732942.2007063571
 06/27  19:00:00,12113388.310969334,644730.4533364509,5306525.8006743975,0.0,1431359.3924147214,4632749.386027018
 06/27  20:00:00,12935371.726470765,586125.8867223766,4722255.094083233,0.0,1402971.2625025297,6086786.893239183
 06/27  21:00:00,6800949.170786374,467259.18477210286,3721603.610350315,0.0,1171383.8869030706,1282357.1926953755
 06/27  22:00:00,4773307.486116756,371916.6914396271,2938250.7512454,0.0,147020.6307031405,1178886.8228051467
 06/27  23:00:00,4056806.025325088,300532.10100372636,2360173.474281865,0.0,147020.6307031405,1154072.6416970491
 06/27  24:00:00,3544509.8768791603,247473.17500308529,1934844.5029975032,0.0,147020.6307031405,1145801.2479943503
 06/28  01:00:00,3168885.256082217,206268.23999610334,1608696.2109102407,0.0,147020.6307031405,1137529.8542916512
 06/28  02:00:00,2873500.2379615437,173886.7843905423,1353964.0420978281,0.0,147020.6307031405,1129258.460588952
 06/28  03:00:00,2658254.31148472,148400.57345723372,1154988.9492622344,0.0,147020.6307031405,1138473.8378810307
 06/28  04:00:00,2551843.6901301374,129106.10109022533,1006197.1099982472,0.0,147020.6307031405,1200149.5281574435
 06/28  05:00:00,2587980.754149741,120289.23462773395,942316.0974653692,0.0,147020.6307031405,1322556.925120889
 06/28  06:00:00,3620203.2584738536,183488.22151456488,1456297.5781093799,0.0,339462.2692657878,1588173.4242289513
 06/28  07:00:00,4972907.485164809,227309.01303474768,1850676.6954056812,0.0,905431.932988853,1938216.1288190759
 06/28  08:00:00,6291121.639660729,315031.29290728655,2649474.623198548,0.0,648444.6516784854,2628405.4073986774
 06/28  09:00:00,8425086.840608766,407685.79739720875,3549833.310627805,0.0,1099666.5060722702,3325675.814227346
 06/28  10:00:00,9306316.982128333,480044.74918329786,4306424.234846698,0.0,1063807.8156568701,3422863.0727896467
 06/28  11:00:00,9790890.781936444,532224.9941014159,4882229.5356743615,0.0,1015996.2284363367,3337819.267143542
 06/28  12:00:00,10375317.555125795,584019.0126238017,5432913.100686388,0.0,983125.76222222,3357163.0743287588
 06/28  13:00:00,10377264.122250022,633114.8208544697,5921616.05078221,0.0,971172.8654170866,2834771.830370345
 06/28  14:00:00,10212604.266746933,644730.4533364509,6026853.865900743,0.0,971172.8654170866,2553258.527266741
 06/28  15:00:00,9960874.077143792,644730.4533364509,5982951.171194104,0.0,974161.0896183699,2340934.757730239
 06/28  16:00:00,9555317.058538962,644730.4533364509,5905762.649608599,0.0,986113.9864235034,1990057.0108347456
 06/28  17:00:00,8911982.606812103,644730.4533364509,5798550.916774931,0.0,591668.391854102,1821234.97861401
 06/28  18:00:00,9274376.40204518,644730.4533364509,5660390.06220591,0.0,1162419.2142992206,1732942.2007063571
 06/28  19:00:00,9247590.450585863,644730.4533364509,5501743.506529752,0.0,1431359.3924147214,1571733.8197881945
 06/28  20:00:00,9321986.847161325,624174.444681879,5195086.03064954,0.0,1822816.7627828394,1542677.0191236224
 06/28  21:00:00,8636816.696739811,535230.0090873142,4377671.609163117,0.0,2196344.7879432575,1369224.994480614
 06/28  22:00:00,5763831.733544132,430025.6508304116,3475797.6143180234,0.0,524732.169745355,1196043.7087268985
 06/28  23:00:00,4532766.141001381,347639.78231633065,2789025.908645554,0.0,147020.6307031405,1154072.6416970491
 06/28  24:00:00,3979503.489438002,291576.24801278557,2325735.0425466443,0.0,147020.6307031405,1145801.2479943503
 06/29  01:00:00,3568093.874951915,247441.01623833674,1966732.0535377054,0.0,147020.6307031405,1137529.8542916512
 06/29  02:00:00,3252691.0052463617,213302.71841608107,1693738.8753571073,0.0,147020.6307031405,1129258.460588952
 06/29  03:00:00,3018540.7503109397,186294.26456525573,1477381.6969804321,0.0,147020.6307031405,1138473.8378810307
 06/29  04:00:00,2804771.867988513,155711.46495839546,1232519.9239884524,0.0,147020.6307031405,1200149.5281574435
 06/29  05:00:00,2839534.308252834,142397.362970793,1132456.9208615038,0.0,207681.58198919235,1301200.5761987367
 06/29  06:00:00,3835944.269782018,178299.59087456437,1446675.518264167,0.0,627527.0822695021,1530660.3130186144
 06/29  07:00:00,5853343.795350223,284952.30071708176,2394318.237453401,0.0,1159430.9900979372,1963368.5521653527
 06/29  08:00:00,7870168.60992611,408692.6593913549,3579469.2739852215,0.0,1147478.0932928037,2684762.918778999
 06/29  09:00:00,9539166.866893342,501231.8120891345,4570367.322220456,0.0,1099666.5060722702,3325675.814227346
 06/29  10:00:00,10431053.704790507,568132.0122323624,5343073.694459806,0.0,1063807.8156568701,3422863.0727896467
 06/29  11:00:00,10916249.387640331,617496.3881798376,5922316.747299828,0.0,1015996.2284363367,3337819.267143542
 06/29  12:00:00,13554603.050459374,642682.7688924798,6226239.267657728,0.0,983125.76222222,5684458.646422315
 06/29  13:00:00,17303606.34667722,644730.4533364509,6286029.8199790735,0.0,971172.8654170866,9385084.653118698
 06/29  14:00:00,11575816.430381391,644730.4533364509,6297801.366341913,0.0,971172.8654170866,3645523.1904600286
 06/29  15:00:00,10246475.075457826,644730.4533364509,6268552.169508136,0.0,974161.0896183699,2340934.757730239
 06/29  16:00:00,9846343.60991813,644730.4533364509,6196789.2009877665,0.0,986113.9864235034,1990057.0108347456
 06/29  17:00:00,9783983.986613397,644730.4533364509,6075101.588540304,0.0,1033925.5736440365,1974428.504859998
 06/29  18:00:00,9698348.351569122,644730.4533364509,5900635.543422782,0.0,654421.1000810522,2424666.7832315983
 06/29  19:00:00,8644259.336495917,644730.4533364509,5677074.269664701,0.0,788891.1891388026,1435540.1458392174
 06/29  20:00:00,8690701.95907132,644730.4533364509,5489680.756573385,0.0,983125.76222222,1435932.3970158221
 06/29  21:00:00,9459886.415204283,644730.4533364509,5369198.0590848075,0.0,1940104.5626832107,1347508.0440343046
 06/29  22:00:00,7628493.560690468,584295.0643421167,4791321.60298869,0.0,902443.7087875695,1213200.5946486504
 06/29  23:00:00,5599704.578436539,461168.1094248396,3742436.018972202,0.0,147020.6307031405,1154072.6416970491
 06/29  24:00:00,4770340.678004756,376246.3422896888,3031902.1368364957,0.0,147020.6307031405,1145801.2479943503
 06/30  01:00:00,4183963.768879628,313788.61552472174,2516254.348179034,0.0,147020.6307031405,1137529.8542916512
 06/30  02:00:00,3743500.76431641,267250.5457346659,2132108.8575472897,0.0,147020.6307031405,1129258.460588952
 06/30  03:00:00,3412177.7140910826,230263.77538610582,1828557.200378444,0.0,147020.6307031405,1138473.8378810307
 06/30  04:00:00,3208051.3763524946,200860.20342061282,1590650.6938902172,0.0,147020.6307031405,1200149.5281574435
 06/30  05:00:00,3227008.0063673975,188843.9599116995,1500724.220889307,0.0,147020.6307031405,1322556.925120889
 06/30  06:00:00,3683873.5798608754,213408.4410377659,1725636.0953474827,0.0,147020.6307031405,1531454.193468844
 06/30  07:00:00,4673079.243591988,277414.0451171273,2324055.6410039887,0.0,147020.6307031405,1862758.8587802467
 06/30  08:00:00,7414567.151428191,404961.1815447623,3539618.356763716,0.0,773203.012082065,2642494.785243758
 06/30  09:00:00,9571515.955469295,507030.540328327,4593901.581679778,0.0,1099666.5060722702,3325675.814227346
 06/30  10:00:00,10058589.64224295,556007.9312664815,5175693.450108108,0.0,606609.5128605186,3684085.537478581
 06/30  11:00:00,16275786.887442369,632795.322539863,6002224.83482055,0.0,582703.7192502519,9033934.2038122
 06/30  12:00:00,15070350.910666209,644730.4533364509,6192598.74539635,0.0,564774.3740425518,7650150.732626226
 06/30  13:00:00,10196903.456738967,644730.4533364509,6217524.161428937,0.0,558797.9256399852,2759262.361507683
 06/30  14:00:00,9900549.05838175,644730.4533364509,6192333.685562006,0.0,558797.9256399852,2488098.4390173964
 06/30  15:00:00,9616351.53707508,644730.4533364509,6137148.160420321,0.0,561786.1498412685,2254590.168212408
 06/30  16:00:00,9173316.183591653,644730.4533364509,6049589.967372793,0.0,567762.5982438351,1882580.20630291
 06/30  17:00:00,9638020.512651294,644730.4533364509,5927630.064139483,0.0,1033925.5736440365,1974428.504859998
 06/30  18:00:00,9090418.523525275,644730.4533364509,5760965.180875825,0.0,908420.1571901364,1703916.311064344
 06/30  19:00:00,9303529.884797389,644730.4533364509,5561148.700675998,0.0,1431359.3924147214,1575808.3120470692
 06/30  20:00:00,9525098.75628525,644730.4533364509,5389706.334628648,0.0,1822816.7627828394,1542677.0191236224
 06/30  21:00:00,9639537.260113824,644730.4533364509,5281448.081359024,0.0,2196344.7879432575,1369224.994480614
 06/30  22:00:00,7245734.538307251,550693.9564129892,4451211.991166915,0.0,902443.7087875695,1213200.5946486504
 06/30  23:00:00,5528953.974578696,442683.68351511034,3552734.691204044,0.0,294638.90624653763,1149921.7177285745
 06/30  24:00:00,4609253.764793449,360941.8439263241,2886918.3979530665,0.0,147020.6307031405,1145505.863349168
 07/01  01:00:00,4066923.002356113,302549.4087578683,2411251.464386885,0.0,147020.6307031405,1137234.469646469
 07/01  02:00:00,3634752.770336571,256871.91563018557,2034527.2285208066,0.0,147020.6307031405,1128963.07594377
 07/01  03:00:00,3305868.1130658374,220223.3736738352,1733174.197462738,0.0,147020.6307031405,1138079.9916874547
 07/01  04:00:00,3102777.2960671964,190961.4221345582,1496566.3785974567,0.0,147020.6307031405,1199361.8357702913
 07/01  05:00:00,3081931.7455803845,175022.1348379883,1371439.0586056085,0.0,147020.6307031405,1321080.0018949788
 07/01  06:00:00,3414413.9597861255,188463.17423348755,1484163.1514233095,0.0,147020.6307031405,1528894.1932106004
 07/01  07:00:00,4436458.8635411505,233872.5800958426,1863053.6632550887,0.0,396238.52909017133,1881912.6088537052
 07/01  08:00:00,6760895.209162032,319959.02967118425,2587545.24623564,0.0,1129548.7480851037,2669946.2495391695
 07/01  09:00:00,7714721.705559,355538.099184667,2931233.7658233535,0.0,1075760.7124620036,3307275.84839653
 07/01  10:00:00,7816932.906794043,394370.6748600034,3313795.2341168784,0.0,706715.0236035107,3366121.350459693
 07/01  11:00:00,8045813.958465912,440142.6052611522,3751820.5400505927,0.0,570750.8224451186,3259146.241539744
 07/01  12:00:00,7809354.2649171185,463077.13870077103,3984810.3276547454,0.0,147020.6307031405,3196480.855981484
 07/01  13:00:00,8213127.983727591,505198.13905571314,4394500.516516989,0.0,549833.2530361351,2747127.872564857
 07/01  14:00:00,7820390.470496133,525928.9971947765,4601151.124015615,0.0,246976.73023606834,2429865.4164957753
 07/01  15:00:00,7636513.157595482,509967.0959866944,4434892.552913634,0.0,449130.09745288646,2224558.0993652875
 07/01  16:00:00,7764190.467929825,499933.957477101,4290746.9819302205,0.0,965196.4170145198,1979868.0343694352
 07/01  17:00:00,7670553.337396371,493439.53175808437,4143264.0221974077,0.0,1013008.0042350534,1963951.6249287273
 07/01  18:00:00,7354770.755428062,474997.4012973964,3866727.8734163335,0.0,1144489.8690915203,1796694.3641148992
 07/01  19:00:00,8168998.632202089,533715.2503140139,4232655.224499747,0.0,1416418.2714083046,1896383.3265951325
 07/01  20:00:00,7637314.113922828,397527.2763173262,3099822.2457211744,0.0,1807875.6417764225,2207828.8762921384
 07/01  21:00:00,6706175.098058244,345218.6636011664,2673560.128798017,0.0,2178415.442735557,1362264.149261516
 07/01  22:00:00,5612415.431245301,297496.23974376934,2297551.837958547,0.0,1649499.7591084056,1240613.301972649
 07/01  23:00:00,3750982.4327405947,238617.70852980093,1839635.4135310897,0.0,442257.18178993475,1142142.6788279596
 07/01  24:00:00,3108576.795390648,190838.32748496634,1470402.291452877,0.0,256987.28131036749,1121481.8662806866
 07/02  01:00:00,2716820.3147815256,156966.69319468766,1208577.6880038856,0.0,156209.42012208677,1126199.4845991156
 07/02  02:00:00,2489727.6454574503,131727.14369401528,1013149.7662547744,0.0,147020.6307031405,1128963.07594377
 07/02  03:00:00,2327669.4607147016,112121.21246246241,861580.5969998939,0.0,147020.6307031405,1138079.9916874547
 07/02  04:00:00,2218750.7798092114,94352.28223125928,722414.6434739272,0.0,147468.864333333,1185647.960908942
 07/02  05:00:00,2194400.324379648,77912.65673679975,592993.990090713,0.0,147020.6307031405,1321080.0018949788
 07/02  06:00:00,2283200.7009975407,64594.34079323325,490292.7099827131,0.0,147020.6307031405,1528894.1932106004
 07/02  07:00:00,2917019.1729280227,68358.53422196936,519607.7837774049,0.0,396238.52909017133,1881912.6088537052
 07/02  08:00:00,4074710.6952106887,89012.35182240035,679952.0689057484,0.0,639479.9790746354,2616861.6877462137
 07/02  09:00:00,4172986.118998762,89443.91175415716,689004.7437700136,0.0,147020.6307031405,3205597.771725168
 07/02  10:00:00,5447368.897578431,146847.54279187077,1137693.4666232243,0.0,706715.0236035107,3423176.459452031
 07/02  11:00:00,5969316.198360077,187265.19528388616,1445156.1835894813,0.0,995078.6590273534,3319359.520613133
 07/02  12:00:00,6097759.117082199,204430.2136454637,1560971.8664978733,0.0,959219.9686119532,3355171.7564499304
 07/02  13:00:00,5790501.085547798,243423.7175717048,1838364.3600223153,0.0,850149.7852651111,2842095.0201347703
 07/02  14:00:00,5284306.391837863,209247.9515201397,1569006.929793264,0.0,950255.2960081032,2539328.0119624594
 07/02  15:00:00,4985718.602838471,199000.81589948435,1487186.0314487435,0.0,953243.5202093864,2328322.9234038778
 07/02  16:00:00,4491427.470408773,179813.8177718013,1338104.1241144678,0.0,965196.4170145198,1979868.0343694352
 07/02  17:00:00,3934259.163015495,107384.75818540812,794521.7307122898,0.0,1013008.0042350534,1963951.6249287273
 07/02  18:00:00,3679224.7343481705,107976.11863128333,794929.5022284484,0.0,1019731.5086879409,1683229.2479695035
 07/02  19:00:00,2913844.940776845,72599.31911543506,532587.275961051,0.0,779926.5165349526,1431419.7231651072
 07/02  20:00:00,2603711.619117262,6992.78007271687,51186.53698877702,0.0,977149.3138196532,1432146.0398356956
 07/02  21:00:00,3270018.398451077,14682.959414670227,107254.9084328782,0.0,1670417.3285173886,1320466.7231625796
 07/02  22:00:00,2332851.2877305243,10535.348316255819,77051.0267110537,0.0,899455.4845862862,1209572.4797165105
 07/02  23:00:00,1678717.7479720307,0.0,0.0,0.0,442257.18178993475,1142142.6788279596
 07/02  24:00:00,1361393.5229140585,0.0,0.0,0.0,147020.6307031405,1145505.863349168
 07/03  01:00:00,1353122.1292113597,0.0,0.0,0.0,147020.6307031405,1137234.469646469
 07/03  02:00:00,1344850.7355086603,0.0,0.0,0.0,147020.6307031405,1128963.07594377
 07/03  03:00:00,1353967.6512523456,0.0,0.0,0.0,147020.6307031405,1138079.9916874547
 07/03  04:00:00,1415249.4953351817,0.0,0.0,0.0,147020.6307031405,1199361.8357702913
 07/03  05:00:00,1523493.6775521357,0.0,0.0,0.0,147020.6307031405,1321080.0018949788
 07/03  06:00:00,1728313.6502215944,0.0,0.0,0.0,147020.6307031405,1528894.1932106004
 07/03  07:00:00,2329052.8549286486,0.0,0.0,0.0,396238.52909017133,1881912.6088537052
 07/03  08:00:00,2758655.560573795,0.0,0.0,0.0,147020.6307031405,2562230.3222089643
 07/03  09:00:00,3782443.209312768,0.0,0.0,0.0,496194.62862309907,3244329.5196433864
 07/03  10:00:00,3981130.709219947,0.0,0.0,0.0,594656.6160553853,3353537.688056768
 07/03  11:00:00,3852353.7038310855,0.0,0.0,0.0,570750.8224451186,3259146.241539744
 07/03  12:00:00,3719187.783474285,0.0,0.0,0.0,451371.265603849,3249851.2059934577
 07/03  13:00:00,3194652.0975779183,0.0,0.0,0.0,449130.09745288646,2729053.7975711348
 07/03  14:00:00,3040754.1046892293,0.0,0.0,0.0,546845.0288348518,2477440.87330048
 07/03  15:00:00,2813109.629086119,0.0,0.0,0.0,549833.2530361351,2245311.0641730055
 07/03  16:00:00,2603377.0131782703,0.0,0.0,0.0,658156.3803326563,1916775.555707065
 07/03  17:00:00,4100880.407696207,21034.577040942146,154585.16814191447,0.0,1013008.0042350534,2856859.613324281
 07/03  18:00:00,2970298.2978013856,3465.6374394993886,25594.278879938014,0.0,1144489.8690915203,1723390.155559433
 07/03  19:00:00,3163694.3410805594,10428.417470593027,76921.24451771485,0.0,1416418.2714083046,1562614.3016836478
 07/03  20:00:00,3479670.52183338,0.0,0.0,0.0,1807875.6417764225,1535557.9316565385
 07/03  21:00:00,3697876.0709206327,0.0,0.0,0.0,2178415.442735557,1362264.149261516
 07/03  22:00:00,2831078.735286909,0.0,0.0,0.0,1461988.6904778758,1232853.0964086144
 07/03  23:00:00,1678717.7479720307,0.0,0.0,0.0,442257.18178993475,1142142.6788279596
 07/03  24:00:00,1447336.1764528044,0.0,0.0,0.0,256987.28131036749,1121481.8662806866
 07/04  01:00:00,1484221.2140270993,0.0,0.0,0.0,183775.7883789256,1231578.3967864236
 07/04  02:00:00,1380685.6836149858,0.0,0.0,0.0,147020.6307031405,1164798.0240500954
 07/04  03:00:00,1338038.1869988423,0.0,0.0,0.0,147020.6307031405,1122150.5274339514
 07/04  04:00:00,1415249.4953351817,0.0,0.0,0.0,147020.6307031405,1199361.8357702913
 07/04  05:00:00,1560889.3285240503,0.0,0.0,0.0,206635.70351874316,1298860.5800512908
 07/04  06:00:00,2370114.246114857,0.0,0.0,0.0,715679.6962073606,1602035.7235996427
 07/04  07:00:00,4152233.255211029,0.0,0.0,0.0,1144489.8690915203,2956841.669134737
 07/04  08:00:00,3713111.272585107,0.0,0.0,0.0,1007031.5558324866,2656675.109090931
 07/04  09:00:00,3523839.3787539834,0.0,0.0,0.0,263411.9633431267,3218508.3543645744
 07/04  10:00:00,3481613.2705117078,0.0,0.0,0.0,147020.6307031405,3301656.234700774
 07/04  11:00:00,3852101.4689301783,0.0,0.0,0.0,570900.2336551828,3258744.5954287723
 07/04  12:00:00,4351328.585901406,4046.9131835687667,31234.822182565596,0.0,959219.9686119532,3338861.570046339
 07/04  13:00:00,4404594.772331332,70595.56112803967,547851.5401015457,0.0,950255.2960081032,2819424.172539746
 07/04  14:00:00,6738108.194541228,199276.20508044364,1549689.5387651671,0.0,950255.2960081032,4022418.9521336174
 07/04  15:00:00,10103952.147472333,242527.74986513608,1885222.9641367118,0.0,549833.2530361351,7408402.868557371
 07/04  16:00:00,4733364.487989586,259767.47091605887,2015344.4242147896,0.0,555809.7014387018,1873997.8142814864
 07/04  17:00:00,5106784.92385532,254378.34150725132,1965440.588405578,0.0,904684.8769385322,1926888.0720499414
 07/04  18:00:00,5418651.847605711,285705.4111362119,2191708.054987551,0.0,1144489.8690915203,1723390.155559433
 07/04  19:00:00,4877521.790646235,255130.59539138962,1929889.6828585407,0.0,1098172.3939716285,1497017.0124243775
 07/04  20:00:00,3821053.878621627,150740.15155679153,1124781.425009068,0.0,977149.3138196532,1432146.0398356956
 07/04  21:00:00,3645835.0919973077,124563.18368324044,922986.9180276435,0.0,1162419.2142992206,1278669.297063643
 07/04  22:00:00,2022475.0665971087,66842.82573932092,493783.22359426436,0.0,147020.6307031405,1178591.4381599645
 07/04  23:00:00,1503107.6327875308,12903.776849068949,95088.08082931848,0.0,147020.6307031405,1153777.257051867
 07/04  24:00:00,2095113.517059324,0.0,0.0,0.0,147020.6307031405,1879225.8574944334
 07/05  01:00:00,1353122.1292113597,0.0,0.0,0.0,147020.6307031405,1137234.469646469
 07/05  02:00:00,1344850.7355086603,0.0,0.0,0.0,147020.6307031405,1128963.07594377
 07/05  03:00:00,1353967.6512523456,0.0,0.0,0.0,147020.6307031405,1138079.9916874547
 07/05  04:00:00,1415249.4953351817,0.0,0.0,0.0,147020.6307031405,1199361.8357702913
 07/05  05:00:00,1523493.6775521357,0.0,0.0,0.0,147020.6307031405,1321080.0018949788
 07/05  06:00:00,1916616.3298311268,0.0,0.0,0.0,336474.0450645044,1527743.458458769
 07/05  07:00:00,2329052.8549286486,0.0,0.0,0.0,396238.52909017133,1881912.6088537052
 07/05  08:00:00,3032200.9175281674,0.0,0.0,0.0,393250.3048888879,2589546.004977589
 07/05  09:00:00,4168350.3732484886,0.0,0.0,0.0,844173.3368625443,3282257.9753396614
 07/05  10:00:00,4985154.559002391,56817.52061653243,448638.0493617096,0.0,1042890.2462478868,3403872.3376684682
 07/05  11:00:00,5567188.057542577,136798.56331497137,1093494.6747408966,0.0,995078.6590273534,3319359.520613133
 07/05  12:00:00,6246891.179359521,213499.87284106723,1717344.4559831824,0.0,959219.9686119532,3338861.570046339
 07/05  13:00:00,8159530.0849994235,300260.8818867222,2422251.5451841075,0.0,950255.2960081032,4470294.159366594
 07/05  14:00:00,6714393.95476725,353508.6444479808,2854833.7997948104,0.0,950255.2960081032,2539328.0119624594
 07/05  15:00:00,6786786.7100752145,385224.3176682129,3102030.636916759,0.0,953243.5202093864,2328322.9234038778
 07/05  16:00:00,6625479.727005989,405517.3760958317,3246452.8223876534,0.0,965196.4170145198,1979868.0343694352
 07/05  17:00:00,6385715.792910169,374798.15774871036,2978564.961043661,0.0,1013008.0042350534,1963951.6249287273
 07/05  18:00:00,6039362.749695752,349340.10329533025,2748784.2649184735,0.0,1144489.8690915203,1723390.155559433
 07/05  19:00:00,5997730.217736883,333388.7688391207,2587996.7698055115,0.0,1416418.2714083046,1562614.3016836478
 07/05  20:00:00,7009610.140309159,280421.2004306019,2148938.4268272785,0.0,1807875.6417764225,2636137.9228744367
 07/05  21:00:00,5237739.972836673,242515.66833548277,1846649.3186058176,0.0,1162419.2142992206,1828959.2926725922
 07/05  22:00:00,3865761.647532098,188503.04054708968,1431993.6942817932,0.0,899455.4845862862,1209572.4797165105
 07/05  23:00:00,2900042.2561973725,141942.288974335,1079382.2192510068,0.0,442257.18178993475,1142142.6788279596
 07/05  24:00:00,2424497.5343045793,106179.840770984,809807.6125689292,0.0,256987.28131036749,1182655.770792548
 07/06  01:00:00,2028449.284543988,78009.84805970117,597317.3072729273,0.0,147020.6307031405,1137234.469646469
 07/06  02:00:00,1905167.9654016788,64345.29149113377,495971.9384018847,0.0,147020.6307031405,1128963.07594377
 07/06  03:00:00,1854814.1217001723,57214.89979665682,443631.57065116987,0.0,147020.6307031405,1138079.9916874547
 07/06  04:00:00,1851901.656192186,49746.284791758946,386905.87606524536,0.0,147020.6307031405,1199361.8357702913
 07/06  05:00:00,1931243.546797588,46293.69954551526,361456.1696999371,0.0,147020.6307031405,1321080.0018949788
 07/06  06:00:00,2629315.264567003,59052.25095574047,465848.47397241805,0.0,526226.2818459967,1525789.4314849945
 07/06  07:00:00,3992998.9872497753,93636.00346482717,749994.0298026721,0.0,1144489.8690915203,1953977.3679059842
 07/06  08:00:00,5251158.503692805,153169.79784702574,1249089.100559816,0.0,1129548.7480851037,2669946.2495391695
 07/06  09:00:00,6527558.164217595,225991.12114776298,1876611.421165015,0.0,1075760.7124620036,3307275.84839653
 07/06  10:00:00,7337581.155499553,302617.9903087657,2555264.1761666397,0.0,1042890.2462478868,3403872.3376684682
 07/06  11:00:00,8480394.31372197,418493.507181275,3586522.1197246164,0.0,995078.6590273534,3457843.3879425013
 07/06  12:00:00,9980027.472242042,552336.8002876552,4781605.405771867,0.0,959219.9686119532,3668899.985693588
 07/06  13:00:00,9401542.532131007,514993.39723419526,4488662.418676451,0.0,950255.2960081032,3431163.2176583614
 07/06  14:00:00,8751074.787327964,540249.0424281604,4704774.234375346,0.0,950255.2960081032,2539328.0119624594
 07/06  15:00:00,8849741.727587854,578556.7388492352,4971653.233248376,0.0,953243.5202093864,2328322.9234038778
 07/06  16:00:00,8713046.825422773,609517.192661871,5130020.1042383965,0.0,965196.4170145198,1979868.0343694352
 07/06  17:00:00,7905097.903170662,589878.0679918121,4864413.881762281,0.0,579715.4950489686,1815697.413413584
 07/06  18:00:00,7364255.900467012,502885.25796348223,4085051.5290150912,0.0,1019731.5086879407,1683229.2479695035
 07/06  19:00:00,6913566.295428244,446069.09966079466,3583074.1000231705,0.0,1257295.3326899665,1529815.6570540126
 07/06  20:00:00,6700474.650852767,385004.91667069355,3069333.767293097,0.0,1600194.05978723,1509704.9587013277
 07/06  21:00:00,6980718.315557294,366232.22726902005,2916610.0173676405,0.0,2178415.442735557,1362264.149261516
 07/06  22:00:00,4963179.76303597,303385.7678675348,2414529.0824652193,0.0,899455.4845862862,1209572.4797165105
 07/06  23:00:00,3735624.197528774,245811.24562577193,1952896.1903624146,0.0,294638.90624653763,1147959.9679399133
 07/06  24:00:00,3155612.6395897893,201158.94726510215,1593060.1694106287,0.0,147020.6307031405,1145505.863349168
 07/07  01:00:00,2866487.534807341,170212.8182942338,1343152.5873017479,0.0,147020.6307031405,1137234.469646469
 07/07  02:00:00,2636738.693403448,146039.08705676228,1147345.980161107,0.0,147020.6307031405,1128963.07594377
 07/07  03:00:00,2462690.901859672,125890.51985621212,984329.8400741955,0.0,147020.6307031405,1138079.9916874547
 07/07  04:00:00,2372708.902767087,108902.10697080637,848557.3004610984,0.0,147020.6307031405,1199361.8357702913
 07/07  05:00:00,2445877.501368982,103430.6809143982,806976.2683177963,0.0,147020.6307031405,1321080.0018949788
 07/07  06:00:00,2868530.162961886,126877.18675304961,999865.3420795079,0.0,147020.6307031405,1528894.1932106004
 07/07  07:00:00,3592699.2294140914,168475.26622193586,1357395.2995917646,0.0,147020.6307031405,1858426.5506509077
 07/07  08:00:00,5840615.039292864,272057.5371516251,2258319.899689455,0.0,639479.9790746354,2616861.6877462137
 07/07  09:00:00,7069280.921002382,356855.01685173734,3056290.391471106,0.0,379803.2959831129,3231418.9370039804
 07/07  10:00:00,7431556.56952882,403214.77998878644,3543734.3003821634,0.0,147020.6307031405,3301656.234700774
 07/07  11:00:00,7764968.365917732,442166.2156880003,3954501.392334818,0.0,147020.6307031405,3197326.378022469
 07/07  12:00:00,8558463.340858053,493904.0610885523,4464611.824599443,0.0,349921.0539702795,3232061.0893228
 07/07  13:00:00,9193582.060977746,576195.2147895263,5230653.309477864,0.0,549833.2530361351,2820432.0811203234
 07/07  14:00:00,9697870.528783035,644730.4533364509,5857653.003864859,0.0,546845.0288348518,2632173.840192977
 07/07  15:00:00,9292170.733660564,644730.4533364509,5834330.651237994,0.0,549833.2530361351,2245311.0641730055
 07/07  16:00:00,8883747.992570886,644730.4533364509,5780764.946375698,0.0,555809.7014387018,1873997.8142814864
 07/07  17:00:00,8788386.384389363,644730.4533364509,5691352.868313261,0.0,579715.4950489686,1815697.413413584
 07/07  18:00:00,8643993.913189314,644730.4533364509,5554279.991674525,0.0,770214.7878807817,1602907.432789645
 07/07  19:00:00,8278248.772256673,599289.8904898243,4993942.915985952,0.0,1098172.3939716285,1497017.0124243775
 07/07  20:00:00,6804202.997699354,494693.66564452567,4009324.103143154,0.0,769617.143040525,1406308.012055383
 07/07  21:00:00,6416330.651627331,425848.14323233365,3402677.283370144,0.0,1162419.2142992206,1278669.297063643
 07/07  22:00:00,5462262.657600963,362399.7488877038,2863580.6519485326,0.0,899455.4845862862,1209572.4797165105
 07/07  23:00:00,4244761.808823361,291533.87780536327,2280498.6203382933,0.0,442257.18178993475,1142142.6788279596
 07/07  24:00:00,3506564.689273831,235199.55656384068,1824028.956257186,0.0,256987.28131036749,1121481.8662806866
 07/08  01:00:00,2973942.746206203,187277.72949743096,1440927.670011041,0.0,183775.7883789256,1093094.5294570555
 07/08  02:00:00,2559010.531318836,146847.81503792433,1122588.5369480648,0.0,147020.6307031405,1075183.629091038
 07/08  03:00:00,2250147.0324830106,111922.8161120382,849471.5314557219,0.0,147020.6307031405,1074362.1346734418
 07/08  04:00:00,2187060.377919759,90466.70668156941,681344.1759030083,0.0,147020.6307031405,1199361.8357702913
 07/08  05:00:00,2146857.9002691335,71958.2527494865,539429.0953828595,0.0,147020.6307031405,1321080.0018949788
 07/08  06:00:00,2416564.2365997965,79332.79113863682,595443.8113318313,0.0,147020.6307031405,1528894.1932106004
 07/08  07:00:00,3558530.5683814846,135460.27283572216,1026543.6532036683,0.0,396238.52909017133,1938906.63100558
 07/08  08:00:00,5935688.170223882,238882.10372849286,1843415.1332401817,0.0,1129548.7480851037,2669946.2495391695
 07/08  09:00:00,6449042.147947408,284415.85444866004,2249886.9502604264,0.0,612585.9612630852,3257240.1022827923
 07/08  10:00:00,7007611.391258551,332282.4626757736,2691204.000716667,0.0,594656.6160553853,3353537.688056768
 07/08  11:00:00,7246256.210746802,365942.6392431209,3026462.7583495136,0.0,570750.8224451186,3259146.241539744
 07/08  12:00:00,6940088.5823220685,380198.18605792895,3198423.597702537,0.0,147020.6307031405,3196480.855981484
 07/08  13:00:00,7386000.91323117,441637.92023854,3749710.8954147114,0.0,449130.09745288646,2729053.7975711348
 07/08  14:00:00,7651089.0191565715,486664.71400703,4123670.200460312,0.0,546845.0288348518,2477440.87330048
 07/08  15:00:00,7776548.454272234,524869.6098454231,4381276.370768689,0.0,550132.0754562634,2302305.0863248804
 07/08  16:00:00,7327158.695408573,474972.0138117665,3878677.153074303,0.0,965196.4170145198,1979868.0343694352
 07/08  17:00:00,6932565.016511937,433562.13759180537,3465153.0954792537,0.0,1013008.0042350534,1963951.6249287273
 07/08  18:00:00,6431096.90625418,393577.26817661617,3097778.3659186973,0.0,1144489.8690915203,1723390.155559433
 07/08  19:00:00,6143754.458433547,350346.90159189154,2724548.424364812,0.0,1416418.2714083046,1562614.3016836478
 07/08  20:00:00,6074023.383858938,299605.5108828799,2306724.2257273304,0.0,1807875.6417764225,1535557.9316565385
 07/08  21:00:00,9841772.157717727,287259.9451830083,2198617.320420362,0.0,2178415.442735557,5030762.73571681
 07/08  22:00:00,5771548.415971144,241937.5620776982,1844949.008830011,0.0,1649499.7591084056,1907907.7934930995
 07/08  23:00:00,4354032.578544073,199571.61887536026,1520666.2780050952,0.0,741079.6019182691,1804385.6296835388
 07/08  24:00:00,2560832.3554124963,138985.96676295923,1060452.8657354787,0.0,147020.6307031405,1145505.863349168
 07/09  01:00:00,2337279.9318375657,113729.4561706252,870428.346455581,0.0,147020.6307031405,1137234.469646469
 07/09  02:00:00,2167463.311281657,94672.6506111348,727939.9251618618,0.0,147020.6307031405,1128963.07594377
 07/09  03:00:00,2014182.139316074,75624.26836676119,584590.2196969673,0.0,147020.6307031405,1138079.9916874547
 07/09  04:00:00,2037780.7053764132,71149.04704466563,551382.1629965658,0.0,147020.6307031405,1199361.8357702913
 07/09  05:00:00,2090051.457479718,64660.57613210574,501897.20379547647,0.0,147020.6307031405,1321080.0018949788
 07/09  06:00:00,2708153.6506418614,68711.29217088301,534523.349030319,0.0,525927.4594258684,1526592.7237069376
 07/09  07:00:00,3273571.1357427253,76317.27429522944,595497.0499290193,0.0,645456.4274772021,1905398.6670565028
 07/09  08:00:00,4059088.2642712556,85390.0701029562,667951.9196857591,0.0,639479.9790746354,2616861.6877462137
 07/09  09:00:00,4804684.587504575,101238.64662134068,791700.8162910738,0.0,612585.9612630852,3257240.1022827923
 07/09  10:00:00,4946237.988275105,109575.1304986173,855532.1485565403,0.0,594656.6160553853,3353537.688056768
 07/09  11:00:00,4918046.1806379985,120847.55641910006,944844.920387813,0.0,570750.8224451186,3259146.241539744
 07/09  12:00:00,5017845.771125239,133373.62032284882,1046044.0390238774,0.0,552821.4772374185,3267641.3226641156
 07/09  13:00:00,4623851.030943699,147892.28623928683,1162529.416549524,0.0,549833.2530361351,2747127.872564857
 07/09  14:00:00,4672928.730284379,183737.4348998246,1448437.1906953258,0.0,546845.0288348518,2477440.87330048
 07/09  15:00:00,5206689.153049908,227109.36208499363,1801653.5670757026,0.0,852390.9534160735,2307569.9585961597
 07/09  16:00:00,4725823.933712127,252031.754832213,2015539.586021177,0.0,555809.7014387018,1873997.8142814864
 07/09  17:00:00,5496769.771568082,320596.9668796208,2579980.1710965848,0.0,688038.6223454898,1852760.9662923696
 07/09  18:00:00,6134128.329582234,353230.7717271738,2839659.176373112,0.0,1144489.8690915203,1723390.155559433
 07/09  19:00:00,7004351.171637213,350396.5017502603,2782440.9471397693,0.0,1416418.2714083046,2357783.3453385797
 07/09  20:00:00,6218659.034621198,309695.10568072053,2429293.4071070966,0.0,1807875.6417764225,1535557.9316565385
 07/09  21:00:00,5036233.116379937,276590.8840584605,2161357.242035053,0.0,1162419.2142992206,1278669.297063643
 07/09  22:00:00,4123095.0482398286,235634.0205717852,1838050.0888247509,0.0,711346.7711154998,1201827.219327374
 07/09  23:00:00,2988156.9666665327,181299.4088160275,1411741.7827413618,0.0,147020.6307031405,1153777.257051867
 07/09  24:00:00,2691671.3304277794,151452.14421284816,1178825.6633008728,0.0,147020.6307031405,1145505.863349168
 07/10  01:00:00,2455424.50097161,125680.39867982794,976621.9730804224,0.0,147020.6307031405,1137234.469646469
 07/10  02:00:00,2214815.0368055496,99425.74514872048,770538.556148169,0.0,147020.6307031405,1128963.07594377
 07/10  03:00:00,2090536.7407315806,84422.0035650941,652147.0859141408,0.0,147020.6307031405,1138079.9916874547
 07/10  04:00:00,1999270.9279014552,67307.02211478195,516714.41045149154,0.0,147020.6307031405,1199361.8357702913
 07/10  05:00:00,1965246.3251903057,51180.46450209588,390572.1831360742,0.0,147020.6307031405,1321080.0018949788
 07/10  06:00:00,2128525.446115146,46388.00097788068,353823.7949156711,0.0,147020.6307031405,1528894.1932106004
 07/10  07:00:00,2557010.88850551,57681.872773641124,442980.11739304906,0.0,147020.6307031405,1858426.5506509077
 07/10  08:00:00,3630395.0992180216,99180.49710383512,772559.0415403914,0.0,147020.6307031405,2562230.3222089643
 07/10  09:00:00,4732280.307059927,149930.40207204813,1187812.441513288,0.0,147020.6307031405,3205597.771725168
 07/10  10:00:00,5834724.941856033,205273.62822578952,1648320.6044102975,0.0,594656.6160553853,3353537.688056768
 07/10  11:00:00,6271117.06545805,266230.30571324704,2152533.0559137175,0.0,570750.8224451186,3259146.241539744
 07/10  12:00:00,6657849.476162439,309434.97632010246,2509986.3880638243,0.0,552821.4772374185,3267641.3226641156
 07/10  13:00:00,6538347.658982869,353499.4871917096,2871418.843636272,0.0,549833.2530361351,2747127.872564857
 07/10  14:00:00,6489735.930988822,378596.56747279165,3070385.2588268016,0.0,546845.0288348518,2477440.87330048
 07/10  15:00:00,6771128.637564496,395859.8367244164,3197342.576950868,0.0,852390.9534160736,2307569.9585961597
 07/10  16:00:00,6719726.284069229,415659.4900363578,3330557.2655103663,0.0,965196.4170145198,1979868.0343694352
 07/10  17:00:00,6785190.960956002,420851.5738977014,3331986.7129405043,0.0,1013008.0042350534,1963951.6249287273
 07/10  18:00:00,6561415.003605582,411382.92824540683,3208793.6938782264,0.0,1144489.8690915203,1723390.155559433
 07/10  19:00:00,7067738.077253802,369471.5027394276,2826752.8517671907,0.0,1416418.2714083046,2357783.3453385797
 07/10  20:00:00,5932566.603240563,287648.33495623915,2165247.7464509434,0.0,1807875.6417764225,1535557.9316565385
 07/10  21:00:00,4650236.639849646,242384.51449755224,1809567.13506567,0.0,1162419.2142992206,1278669.297063643
 07/10  22:00:00,4710231.5588501515,197874.67447823245,1471922.9280137718,0.0,899455.4845862862,2004741.5233714422
 07/10  23:00:00,2864616.318390739,140680.81275027752,1045217.7576684311,0.0,442257.18178993475,1142142.6788279596
 07/10  24:00:00,2143740.3956492567,92981.51013846883,689365.3625967293,0.0,147020.6307031405,1145505.863349168
 07/11  01:00:00,1797392.2642595652,52962.540123522675,391307.5949246827,0.0,147020.6307031405,1137234.469646469
 07/11  02:00:00,1520614.2107410512,20995.556403938488,154767.91882845244,0.0,147020.6307031405,1128963.07594377
 07/11  03:00:00,1362087.0670041249,970.2465598698096,7149.169191909393,0.0,147020.6307031405,1138079.9916874547
 07/11  04:00:00,1415249.4953351817,0.0,0.0,0.0,147020.6307031405,1199361.8357702913
 07/11  05:00:00,1523493.6775521357,0.0,0.0,0.0,147020.6307031405,1321080.0018949788
 07/11  06:00:00,1790222.315860832,5278.970519623472,40319.50871602296,0.0,147020.6307031405,1545204.3796141916
 07/11  07:00:00,4639839.248214891,188456.70023501682,1468375.3389938942,0.0,770214.7878807817,2161890.704120427
 07/11  08:00:00,5044726.966006922,191166.98480043208,1523378.970538795,0.0,639479.9790746354,2641296.423931369
 07/11  09:00:00,5785524.983837519,204623.3048849519,1669156.5543604067,0.0,612585.9612630852,3257240.1022827923
 07/11  10:00:00,6864302.700719719,270245.2417571764,2239000.5398894437,0.0,930831.8386997614,3391288.675265543
 07/11  11:00:00,7862180.688311772,371000.43679760006,3097230.3230351247,0.0,995078.6590273534,3376414.629605471
 07/11  12:00:00,7560551.500809718,384480.1036702646,3218238.600671751,0.0,654421.1000810522,3285446.3845096715
 07/11  13:00:00,7873805.957880961,437181.7158033725,3650476.570975843,0.0,950255.2960081032,2819424.172539746
 07/11  14:00:00,7785854.84998295,461095.7431403051,3818707.5963181853,0.0,950255.2960081032,2539328.0119624594
 07/11  15:00:00,7824927.712365195,493506.22287805437,4031889.733996898,0.0,953243.5202093864,2328322.9234038778
 07/11  16:00:00,7592691.870566796,510772.58738771034,4108409.7546565807,0.0,965196.4170145198,1979868.0343694352
 07/11  17:00:00,7541808.023453259,505392.51400484843,4004062.8353306134,0.0,1013008.0042350534,1963951.6249287273
 07/11  18:00:00,6865212.675786091,444616.9378581547,3479357.3564459886,0.0,1144489.8690915203,1723390.155559433
 07/11  19:00:00,6474408.277141193,389518.87140950194,3008544.7266394394,0.0,1416418.2714083046,1562614.3016836478
 07/11  20:00:00,6265955.860366393,323020.12903896,2463265.2094940534,0.0,1807875.6417764225,1535557.9316565385
 07/11  21:00:00,4924477.757605015,271562.14433920564,2054630.6229793862,0.0,1162419.2142992206,1278669.297063643
 07/11  22:00:00,3817220.9105800046,207245.73064377808,1560564.2410929338,0.0,711346.7711154998,1201827.219327374
 07/11  23:00:00,2689793.2409395347,152237.73503309744,1142439.730797294,0.0,147020.6307031405,1153777.257051867
 07/11  24:00:00,2296457.9681023695,110184.55587776368,824879.889310547,0.0,147020.6307031405,1145505.863349168
 07/12  01:00:00,2023811.874725666,79040.37044730932,591649.375066997,0.0,147020.6307031405,1137234.469646469
 07/12  02:00:00,1832685.8572181133,57404.16772030447,430430.95398914826,0.0,147020.6307031405,1128963.07594377
 07/12  03:00:00,1712226.8453422561,42012.829026460866,316246.3650634497,0.0,147020.6307031405,1138079.9916874547
 07/12  04:00:00,1613579.7920601165,29371.153034404073,222021.70861515793,0.0,148813.5652239105,1144506.336324894
 07/12  05:00:00,1810094.31482826,24625.474331836085,187183.86100045877,0.0,266250.77633434586,1276641.1582076028
 07/12  06:00:00,2413256.4028053647,35543.62983628118,272793.7635284236,0.0,525927.4594258684,1526592.7237069376
 07/12  07:00:00,3664497.2779968437,58592.44162109851,456535.8823934692,0.0,1144489.8690915203,1953977.3679059842
 07/12  08:00:00,4567748.090723034,80388.78220548817,638459.7032315823,0.0,1129548.7480851037,2669946.2495391695
 07/12  09:00:00,5321009.343997421,98494.8455940837,797558.8764985211,0.0,1075760.7124620036,3307275.84839653
 07/12  10:00:00,5684442.324255541,130775.96972057463,1073967.3655108176,0.0,1042890.2462478868,3403872.3376684682
 07/12  11:00:00,5525513.884018972,154750.75106713714,1276138.8712929375,0.0,782914.7407362361,3289252.881076439
 07/12  12:00:00,6140764.330158289,223802.20498192293,1839724.6440194738,0.0,756020.7229246859,3303251.4463552274
 07/12  13:00:00,11266736.23159334,313039.92387504503,2547785.152400584,0.0,950255.2960081032,7439187.656755712
 07/12  14:00:00,9818181.04798052,323509.61481250403,2604237.0449500512,0.0,950255.2960081032,5923710.889655964
 07/12  15:00:00,5911119.726761164,305022.969588725,2428170.533283227,0.0,852390.9534160735,2307569.9585961597
 07/12  16:00:00,5318657.846817193,293877.0837349746,2308899.7023915974,0.0,760503.0592266108,1926932.9243254606
 07/12  17:00:00,5220410.481079266,266668.79986374197,2066775.6872730344,0.0,904684.8769385322,1926888.0720499414
 07/12  18:00:00,5346358.373038584,277895.8712994074,2127224.1202572295,0.0,1144489.8690915203,1723390.155559433
 07/12  19:00:00,5213304.599439327,249405.01393547351,1887554.906411602,0.0,1416418.2714083046,1562614.3016836478
 07/12  20:00:00,4506055.188233808,175619.69650002063,1317834.079789213,0.0,1392512.477798038,1483851.9857461168
 07/12  21:00:00,3820257.409875543,144235.851395597,1077736.568193522,0.0,1162419.2142992206,1278669.297063643
 07/12  22:00:00,2758283.0880289697,106984.0618455151,797742.0612000851,0.0,523238.0576447134,1194081.9589382375
 07/12  23:00:00,1884229.4069046096,57897.69404258394,431215.9377528822,0.0,147020.6307031405,1153777.257051867
 07/12  24:00:00,2996775.041002476,12724.323804512711,94796.72837785157,0.0,147020.6307031405,2673366.329255221
 07/13  01:00:00,1377076.894935573,2833.5089105156617,21121.25681369751,0.0,147020.6307031405,1137234.469646469
 07/13  02:00:00,1344850.7355086603,0.0,0.0,0.0,147020.6307031405,1128963.07594377
 07/13  03:00:00,1353967.6512523456,0.0,0.0,0.0,147020.6307031405,1138079.9916874547
 07/13  04:00:00,1431559.681738773,0.0,0.0,0.0,147020.6307031405,1215672.0221738825
 07/13  05:00:00,1646320.271616755,860.1128264679561,6430.256705575498,0.0,266250.77633434586,1317386.0807963493
 07/13  06:00:00,2104919.0094406595,0.0,0.0,0.0,525927.4594258684,1526592.7237069376
 07/13  07:00:00,3162731.8092487217,49148.558258869445,373342.5721420072,0.0,645456.4274772021,2043882.5343858711
 07/13  08:00:00,5298569.5760203,150224.1845346836,1152837.3690887205,0.0,1129548.7480851037,2816554.6666501015
 07/13  09:00:00,5260247.017722749,95130.88986651815,740160.5059514141,0.0,1075760.7124620036,3307275.84839653
 07/13  10:00:00,5528890.300120646,117875.33025128144,931315.9808452156,0.0,1042890.2462478868,3403872.3376684682
 07/13  11:00:00,5565687.013264348,161811.26428197717,1292941.3009198818,0.0,782914.7407362361,3305563.06748003
 07/13  12:00:00,6684150.785384012,313914.1647801851,2525941.8035822157,0.0,349921.0539702795,3476408.4511743537
 07/13  13:00:00,5659205.825806046,281695.13600129983,2277201.0866186437,0.0,348426.9418696378,2735414.458762568
 07/13  14:00:00,6353510.4851190895,313429.9098003513,2534029.0647942796,0.0,950255.2960081032,2539328.0119624594
 07/13  15:00:00,6811333.36733088,387881.21334895777,3123920.39849168,0.0,953243.5202093864,2328322.9234038778
 07/13  16:00:00,7055200.549335079,454056.4926022649,3627634.5282103103,0.0,965196.4170145198,1979868.0343694352
 07/13  17:00:00,7841701.215828725,483493.034666351,3821459.8237402593,0.0,796361.749642011,2684993.5628260872
 07/13  18:00:00,6732636.288013,449215.9954014485,3507101.1791231125,0.0,1019731.5086879407,1683229.2479695035
 07/13  19:00:00,6674794.550613056,413458.454204188,3184991.4173166165,0.0,1416418.2714083046,1562614.3016836478
 07/13  20:00:00,6529839.4551733965,332520.8312200402,2534218.103583659,0.0,1807875.6417764225,1718987.930192855
 07/13  21:00:00,6658213.284403317,302113.4000126692,2290374.9058136926,0.0,1162419.2142992206,2746109.285354174
 07/13  22:00:00,7474459.357732484,253607.152402122,1916004.9872317903,0.0,899455.4845862862,4269154.785111868
 07/13  23:00:00,9968738.265799494,199248.88010766022,1503806.7106937175,0.0,442257.18178993475,7729107.605854045
 07/13  24:00:00,5414516.62864429,135386.5005364631,1022004.2490160377,0.0,174512.29335494724,4013746.556875092
 07/14  01:00:00,4193581.5218614293,89537.63838889037,676110.1676556389,0.0,147020.6307031405,3212046.0562520092
 07/14  02:00:00,1941484.9030030305,69914.87840325825,528216.3984141935,0.0,147020.6307031405,1128963.07594377
 07/14  03:00:00,1745952.7551227745,45958.6984180823,347523.51477542805,0.0,147020.6307031405,1138079.9916874547
 07/14  04:00:00,1667921.5511501902,29463.218581784273,223208.83723322427,0.0,147020.6307031405,1199361.8357702913
 07/14  05:00:00,1731755.4969568616,22780.61828708453,173504.3265329894,0.0,147020.6307031405,1321080.0018949788
 07/14  06:00:00,2555330.711143788,50215.11634439803,386722.60145099676,0.0,525927.4594258684,1526592.7237069376
 07/14  07:00:00,6120795.86090763,71943.64680127536,562368.9445332628,0.0,645456.4274772021,4779645.359849548
 07/14  08:00:00,10818050.416352807,106583.0440001508,850916.9471525194,0.0,639479.9790746354,9167174.510494566
 07/14  09:00:00,5286632.827577058,137985.15970664728,1124681.8583127586,0.0,612585.9612630852,3366466.568602121
 07/14  10:00:00,5591771.728257225,173214.32320158588,1434432.4771895297,0.0,594656.6160553853,3353537.688056768
 07/14  11:00:00,6115663.640940908,247423.02425690976,2078783.2951927693,0.0,464818.27450962405,3300685.2978123007
 07/14  12:00:00,6706917.453667329,301527.41116654547,2566961.93072227,0.0,552821.4772374185,3267641.3226641156
 07/14  13:00:00,6789447.84424236,360786.41936492414,3115232.096722547,0.0,549833.2530361351,2747127.872564857
 07/14  14:00:00,7264187.016246323,433871.7919204205,3789561.1196366735,0.0,546845.0288348518,2477440.87330048
 07/14  15:00:00,8006125.422137808,519005.7544943141,4552404.5069563445,0.0,650685.8198294479,2266064.0289807236
 07/14  16:00:00,8397132.033845313,583383.4876567615,5097867.485497932,0.0,760503.0592266108,1926932.9243254608
 07/14  17:00:00,9255492.940318514,644730.4533364509,5576912.703541184,0.0,1013008.0042350534,1963951.6249287273
 07/14  18:00:00,8786754.507961586,615540.0232089391,5231473.212593781,0.0,1144489.8690915203,1723390.155559433
 07/14  19:00:00,13058972.7357757,589939.5281565018,4888349.17666222,0.0,1416418.2714083046,6074439.20016378
 07/14  20:00:00,11794916.634731196,529290.5574280125,4304978.117323898,0.0,1807875.6417764225,5028512.244387098
 07/14  21:00:00,6561885.538243589,438785.819526158,3535294.493692578,0.0,1162419.2142992206,1278669.297063643
 07/14  22:00:00,4594454.620440216,349175.14281897934,2792413.1162962024,0.0,147020.6307031405,1178591.4381599645
 07/14  23:00:00,3909345.300354854,281354.6858433066,2238863.2766947304,0.0,147020.6307031405,1153777.257051867
 07/14  24:00:00,3454615.5702617373,234490.26321447556,1858731.7841332033,0.0,147020.6307031405,1145505.863349168
 07/15  01:00:00,3108260.546719438,197251.6704460395,1557886.7470620384,0.0,147020.6307031405,1137234.469646469
 07/15  02:00:00,2816436.496719323,166053.41386820615,1307029.456665538,0.0,147020.6307031405,1128963.07594377
 07/15  03:00:00,2595575.0346616157,140524.86897176894,1102579.6237605824,0.0,147020.6307031405,1138079.9916874547
 07/15  04:00:00,2472665.5363378716,119750.79712029177,937665.2438823985,0.0,147020.6307031405,1199361.8357702913
 07/15  05:00:00,2529710.248935916,105820.7961279116,832325.4242133448,0.0,236443.23992654454,1287750.8691294468
 07/15  06:00:00,2817947.93011103,119804.84583377346,956355.4501479283,0.0,147020.6307031405,1528894.1932106004
 07/15  07:00:00,3678825.026877843,175884.8748561126,1436111.4884213395,0.0,147020.6307031405,1858426.5506509077
 07/15  08:00:00,5375821.267008683,278514.0024536237,2334160.3760120193,0.0,147020.6307031405,2562230.3222089643
 07/15  09:00:00,7376027.445481304,360570.66942009726,3100717.4328228827,0.0,612585.9612630852,3257240.1022827923
 07/15  10:00:00,8099399.397527315,421381.0395446813,3693893.430116524,0.0,594656.6160553853,3353537.688056768
 07/15  11:00:00,8772092.832163006,491708.09224217007,4369539.904614796,0.0,570750.8224451186,3316140.263691619
 07/15  12:00:00,9243291.230576005,541563.1022464104,4863300.016551082,0.0,552821.4772374185,3267641.3226641156
 07/15  13:00:00,9061186.206343409,572756.2303896858,5175000.647798833,0.0,549833.2530361351,2747127.872564857
 07/15  14:00:00,9128517.230101036,606728.5421617699,5481034.583250036,0.0,546845.0288348518,2477440.87330048
 07/15  15:00:00,9213856.805931943,640117.2715811197,5760629.905264705,0.0,549833.2530361351,2245311.0641730055
 07/15  16:00:00,8857463.310542986,644730.4533364509,5754480.264347799,0.0,555809.7014387018,1873997.8142814864
 07/15  17:00:00,9214396.520673249,644730.4533364509,5681202.964071226,0.0,904684.8769385322,1926888.0720499414
 07/15  18:00:00,9147289.98256626,644730.4533364509,5562818.257070942,0.0,1144489.8690915203,1723390.155559433
 07/15  19:00:00,8997055.458840907,633867.6530069015,5294328.67335716,0.0,1416418.2714083046,1562614.3016836478
 07/15  20:00:00,8609687.528855495,563098.1070751894,4578895.774531577,0.0,1807875.6417764225,1535557.9316565385
 07/15  21:00:00,8154934.9466243,494858.1823035332,3972680.4586617057,0.0,2178415.442735557,1362264.149261516
 07/15  22:00:00,4986630.332645997,394412.27257152234,3139351.6987494407,0.0,147020.6307031405,1178591.4381599645
 07/15  23:00:00,4215051.588600631,317046.36413726164,2508877.886646552,0.0,147020.6307031405,1153777.257051867
 07/15  24:00:00,3692012.7203255557,262167.80896912084,2068451.3884423764,0.0,147020.6307031405,1145505.863349168
 07/16  01:00:00,3313757.724670255,220940.7649860771,1739694.8304728186,0.0,147020.6307031405,1137234.469646469
 07/16  02:00:00,3027652.363734711,189587.05604575507,1493214.5721802954,0.0,147020.6307031405,1128963.07594377
 07/16  03:00:00,2818638.3544396767,164918.54103855335,1299752.1621487776,0.0,147020.6307031405,1138079.9916874547
 07/16  04:00:00,2646040.1187546793,144416.88764006214,1139436.3007040625,0.0,148813.5652239105,1144506.336324894
 07/16  05:00:00,2804706.6152239125,135096.27061050545,1071325.3651174419,0.0,266250.77633434586,1276641.1582076028
 07/16  06:00:00,3501453.0613964987,152773.29995922805,1227450.56559302,0.0,525927.4594258684,1542902.910110529
 07/16  07:00:00,5414892.032290902,241427.1551572743,1983351.000562604,0.0,1144489.8690915203,1994722.2904947307
 07/16  08:00:00,6810925.482465694,313512.1855550193,2648513.6916247113,0.0,1129548.7480851037,2669946.2495391695
 07/16  09:00:00,8354229.532687031,406964.7096884693,3522309.201093745,0.0,1075760.7124620036,3307275.84839653
 07/16  10:00:00,9052726.525799762,465697.4924254207,4107330.044350192,0.0,1042890.2462478868,3403872.3376684682
 07/16  11:00:00,10912173.483188502,526503.5140396623,4704168.076820339,0.0,995078.6590273534,4663966.593454923
 07/16  12:00:00,17272868.65907204,640133.1486308872,5766375.837157533,0.0,959219.9686119532,9889174.392794693
 07/16  13:00:00,10321176.238129716,639172.1370963133,5786629.963612327,0.0,950255.2960081032,2928650.638859075
 07/16  14:00:00,9999786.00981256,644730.4533364509,5832693.85954806,0.0,950255.2960081032,2555638.1983660506
 07/16  15:00:00,9791751.543394359,644730.4533364509,5806744.41197892,0.0,953243.5202093864,2369067.8459926248
 07/16  16:00:00,13987743.857818581,644730.4533364509,5749740.391743662,0.0,965196.4170145198,6599631.518585401
 07/16  17:00:00,11032167.870116368,644730.4533364509,5676432.86482505,0.0,796361.749642011,3859249.757358839
 07/16  18:00:00,9146866.923393203,644730.4533364509,5560898.088574803,0.0,1144489.8690915203,1723390.155559433
 07/16  19:00:00,9141026.68928555,644730.4533364509,5419951.556856849,0.0,1416418.2714083046,1562614.3016836478
 07/16  20:00:00,9283971.848021919,628059.444043898,5176241.882144642,0.0,1807875.6417764225,1535557.9316565385
 07/16  21:00:00,9031384.157859663,576355.9772728913,4700097.000673801,0.0,2178415.442735557,1419319.2582538538
 07/16  22:00:00,7338077.928144845,473423.46176130406,3838304.456902068,0.0,1649499.7591084056,1240613.301972649
 07/16  23:00:00,5093778.16585079,376454.14219761896,3038606.27568114,0.0,442257.18178993475,1142142.6788279596
 07/16  24:00:00,4128344.892771003,306130.00157990895,2460821.368277035,0.0,147020.6307031405,1145505.863349168
 07/17  01:00:00,3658896.434515643,255995.17964231066,2049779.1256619727,0.0,147020.6307031405,1137234.469646469
 07/17  02:00:00,3333475.832442714,221323.17441802088,1767301.9225160321,0.0,147020.6307031405,1128963.07594377
 07/17  03:00:00,3087026.211282737,193232.76899577913,1539825.7910346123,0.0,147020.6307031405,1138079.9916874547
 07/17  04:00:00,2944475.1133522755,170798.73068272593,1358426.8873343682,0.0,147020.6307031405,1199361.8357702913
 07/17  05:00:00,2918553.243580037,155785.6235810158,1239273.9424468856,0.0,147020.6307031405,1321080.0018949788
 07/17  06:00:00,3191306.384185872,162816.31507774664,1300176.4188865311,0.0,147020.6307031405,1528894.1932106004
 07/17  07:00:00,3848993.134559865,198164.04892671193,1594480.1872943335,0.0,147020.6307031405,1858426.5506509077
 07/17  08:00:00,5140266.949186908,260082.78479510755,2121528.603818006,0.0,147020.6307031405,2562230.3222089643
 07/17  09:00:00,7058130.540501763,337354.47087514354,2809030.9450344597,0.0,612585.9612630852,3257240.1022827923
 07/17  10:00:00,8377281.349717375,410175.8266842835,3487406.534008942,0.0,1042890.2462478868,3403872.3376684682
 07/17  11:00:00,8702902.195204793,451805.8783307765,3914201.497387307,0.0,995078.6590273534,3319359.520613133
 07/17  12:00:00,9312405.38411244,510810.64459298854,4485547.88898418,0.0,959219.9686119532,3338861.570046339
 07/17  13:00:00,9300747.637892652,560524.0486692296,4954075.918121677,0.0,950255.2960081032,2819424.172539746
 07/17  14:00:00,9346537.216366008,592143.706345092,5248341.999496456,0.0,950255.2960081032,2539328.0119624594
 07/17  15:00:00,9218125.928708851,613464.9857701987,5426734.719049441,0.0,852390.9534160736,2307569.9585961597
 07/17  16:00:00,9164609.91929293,637066.5269856792,5554033.863784749,0.0,965196.4170145198,1979868.0343694352
 07/17  17:00:00,9055416.162145492,631876.4107254974,5391187.077302197,0.0,1013008.0042350534,1963951.6249287273
 07/17  18:00:00,8141776.264611051,555804.992538508,4644732.890590596,0.0,1144489.8690915203,1723390.155559433
 07/17  19:00:00,7541787.341883894,487311.53494090494,3978131.1278507374,0.0,1416418.2714083046,1562614.3016836478
 07/17  20:00:00,7405275.366985132,435876.61332311184,3489728.2318286393,0.0,1807875.6417764225,1535557.9316565385
 07/17  21:00:00,5962692.375840492,376970.8594446198,2987436.5261094486,0.0,1162419.2142992206,1278669.297063643
 07/17  22:00:00,5097287.955856494,321545.7835261654,2530477.259627113,0.0,899455.4845862862,1209572.4797165105
 07/17  23:00:00,3774725.587101529,261601.34795046586,2047107.9708261979,0.0,220829.76847483907,1150868.6124958901
 07/17  24:00:00,3246169.0928468443,214164.94346335315,1670610.6264694326,0.0,147020.6307031405,1145505.863349168
 07/18  01:00:00,2939153.9716149634,180478.22458319587,1405553.6178204075,0.0,147020.6307031405,1137234.469646469
 07/18  02:00:00,2705651.5143527966,154771.6517147841,1206029.1271293522,0.0,147020.6307031405,1128963.07594377
 07/18  03:00:00,2553402.799905913,136059.32885734033,1063375.8197962267,0.0,147020.6307031405,1138079.9916874547
 07/18  04:00:00,2495240.7050322467,122114.31085957025,957876.8988374947,0.0,147020.6307031405,1199361.8357702913
 07/18  05:00:00,2589680.15055183,118100.24311686856,931776.0434792344,0.0,147020.6307031405,1337390.18829857
 07/18  06:00:00,4808356.240287804,246591.0527672241,1963360.7874835094,0.0,810555.8145981068,1735449.7591311103
 07/18  07:00:00,4503793.592498646,195183.67752750477,1569950.067836715,0.0,770214.7878807818,1917543.342268873
 07/18  08:00:00,4833171.28090987,196967.71202846715,1604002.6513532351,0.0,393250.3048888879,2589546.004977589
 07/18  09:00:00,6022807.624084898,228453.35874832538,1882609.1407444126,0.0,612585.9612630852,3257240.1022827923
 07/18  10:00:00,6637364.101057645,284785.82646507234,2371447.5653726254,0.0,594656.6160553853,3353537.688056768
 07/18  11:00:00,6789804.057772254,324755.36551188154,2734082.5022441,0.0,464818.27450962405,3243691.2756604254
 07/18  12:00:00,7389233.716587166,360788.4597204091,3070612.460399055,0.0,654421.1000810522,3285446.3845096715
 07/18  13:00:00,7935111.325662661,432052.7579248225,3700600.7102325014,0.0,950255.2960081032,2835734.358943337
 07/18  14:00:00,8582719.373660142,531438.0271663092,4563815.242687559,0.0,849402.7292147903,2621595.1720375856
 07/18  15:00:00,8476190.386386588,540245.8508422582,4636412.780054088,0.0,953243.5202093864,2328322.9234038778
 07/18  16:00:00,8607912.42712915,591214.377647846,5043188.520958799,0.0,965196.4170145198,1979868.0343694352
 07/18  17:00:00,8292401.195740465,588652.3457843651,4962169.536188916,0.0,796361.749642011,1889824.5191711558
 07/18  18:00:00,7122095.79140084,520368.16165751906,4320166.320235408,0.0,645456.4274772021,1562746.5251997155
 07/18  19:00:00,6509038.837819443,459019.69347079797,3741360.798648286,0.0,779926.5165349526,1431419.7231651072
 07/18  20:00:00,6215664.001784041,406159.36327554536,3263972.336452728,0.0,977149.3138196532,1432146.0398356956
 07/18  21:00:00,5795229.428290008,355782.2535149738,2841162.18448861,0.0,1162419.2142992206,1278669.297063643
 07/18  22:00:00,5027073.693740774,311155.91387114,2470652.8671664186,0.0,899455.4845862862,1209572.4797165105
 07/18  23:00:00,3970695.3285929784,257729.84062144987,2034247.7399994985,0.0,442257.18178993475,1142142.6788279596
 07/18  24:00:00,3412853.029061092,221881.82847960648,1743635.0241286815,0.0,256987.28131036749,1121481.8662806866
 07/19  01:00:00,2942288.9820240773,180613.35855742675,1415938.27676892,0.0,183775.7883789256,1093094.5294570555
 07/19  02:00:00,2747370.232555576,159018.93881923874,1243500.5582276771,0.0,147020.6307031405,1128963.07594377
 07/19  03:00:00,2570922.8719104184,138235.8930068168,1078719.327651256,0.0,147020.6307031405,1138079.9916874547
 07/19  04:00:00,2471967.990934394,120170.41269903257,936548.0829001796,0.0,147020.6307031405,1199361.8357702913
 07/19  05:00:00,2447974.011791123,104958.27993136804,819522.0543076197,0.0,147020.6307031405,1321080.0018949788
 07/19  06:00:00,2899156.601230642,110861.14795220915,871679.1234473058,0.0,336474.0450645044,1527743.458458769
 07/19  07:00:00,3804202.4154236885,134113.89611768952,1068331.7077875219,0.0,645456.4274772021,1905398.6670565028
 07/19  08:00:00,4778051.207912896,161913.30706338282,1310391.6263669722,0.0,639479.9790746354,2616861.6877462137
 07/19  09:00:00,5801559.364314532,204327.4443410259,1685486.7953813456,0.0,612585.9612630852,3257240.1022827923
 07/19  10:00:00,6365402.166408965,254679.45557096374,2129592.001618054,0.0,594656.6160553853,3353537.688056768
 07/19  11:00:00,6021673.52354629,282986.3974757132,2371883.4774987437,0.0,147020.6307031405,3197326.378022469
 07/19  12:00:00,6728125.552848682,320945.0773473317,2687992.6920270645,0.0,451371.265603849,3249851.2059934577
 07/19  13:00:00,6615920.140530459,352343.3754375709,2950147.4369379985,0.0,549833.2530361351,2747127.872564857
 07/19  14:00:00,6576666.81271088,378188.6261175349,3157724.081904116,0.0,546845.0288348518,2477440.87330048
 07/19  15:00:00,6704870.147968687,392554.8818437533,3255994.5738367527,0.0,751538.3866227608,2286816.9937884416
 07/19  16:00:00,8497605.803834092,415859.55356403935,3409579.5201982684,0.0,965196.4170145198,3678525.2359187147
 07/19  17:00:00,12658962.541439231,499807.92351004016,4045318.6355405548,0.0,1013008.0042350534,7045434.933199569
 07/19  18:00:00,8712210.65116722,422516.1786036815,3383362.2442570855,0.0,1144489.8690915203,3688484.002383939
 07/19  19:00:00,5936510.643252428,363967.7632729811,2880041.367583141,0.0,1098172.3939716285,1497017.0124243775
 07/19  20:00:00,5114717.621018704,291378.3630284242,2277806.9559345124,0.0,977149.3138196532,1432146.0398356956
 07/19  21:00:00,6171110.3592414595,329320.05607094266,2555225.9052376207,0.0,1670417.3285173886,1458950.5904919477
 07/19  22:00:00,5776342.46574052,382229.067184848,2945828.746255007,0.0,898857.8397460297,1413189.864154216
 07/19  23:00:00,3311611.340365438,221381.19755368217,1695114.3677026127,0.0,147020.6307031405,1153777.257051867
 07/19  24:00:00,2738530.702641552,159608.60983046037,1217528.569897033,0.0,147020.6307031405,1145505.863349168
 07/20  01:00:00,2417501.3233993193,123426.88246370108,940952.3117242582,0.0,147020.6307031405,1137234.469646469
 07/20  02:00:00,2169720.3235418694,95752.05194092386,729117.536092285,0.0,147020.6307031405,1128963.07594377
 07/20  03:00:00,1986052.6621148288,73455.35224869645,558629.6586137867,0.0,147020.6307031405,1138079.9916874547
 07/20  04:00:00,1906218.5740192158,57042.820228154495,433926.2584558796,0.0,147020.6307031405,1199361.8357702913
 07/20  05:00:00,1963206.007982038,50811.923118487815,388900.40731141425,0.0,147020.6307031405,1321080.0018949788
 07/20  06:00:00,2340134.667694746,69930.5252297891,541890.4922433624,0.0,147020.6307031405,1528894.1932106004
 07/20  07:00:00,4342929.8699863115,132165.93677986157,1045084.7928205819,0.0,1144489.8690915203,1970287.5543095756
 07/20  08:00:00,6399021.769362828,298480.2744026495,2425479.610335305,0.0,884514.3635798696,2741142.913383313
 07/20  09:00:00,7009074.4464324415,329733.7117291697,2767595.610111111,0.0,612585.9612630852,3257240.1022827923
 07/20  10:00:00,7790119.09960865,396600.0721618145,3412388.3182268892,0.0,594656.6160553853,3353537.688056768
 07/20  11:00:00,8295584.724793058,454135.49682959187,3972785.337728788,0.0,570750.8224451186,3275456.4279433354
 07/20  12:00:00,10631748.724931939,626445.3490442974,5534523.558459875,0.0,959219.9686119532,3493594.536938836
 07/20  13:00:00,9827701.280722976,611510.822299611,5430042.787321618,0.0,950255.2960081032,2819424.172539746
 07/20  14:00:00,9825986.266707152,638326.5680283175,5681608.188154374,0.0,950255.2960081032,2539328.0119624594
 07/20  15:00:00,9678364.654672101,644730.4533364509,5734102.445845409,0.0,953243.5202093864,2328322.9234038778
 07/20  16:00:00,9364958.040127637,644730.4533364509,5715241.02994984,0.0,965196.4170145198,2011345.062688276
 07/20  17:00:00,15569387.900088497,644730.4533364509,5666440.111050036,0.0,1013008.0042350534,8189816.28651294
 07/20  18:00:00,10898824.374639006,644730.4533364509,5566050.867814191,0.0,1144489.8690915203,3470194.8275658498
 07/20  19:00:00,9123546.91018011,644730.4533364509,5402471.777751407,0.0,1416418.2714083046,1562614.3016836478
 07/20  20:00:00,8821756.12882953,582809.7983413106,4759275.808654839,0.0,1807875.6417764225,1535557.9316565385
 07/20  21:00:00,8325436.74380685,512303.2933048153,4115257.3795814016,0.0,2178415.442735557,1362264.149261516
 07/20  22:00:00,6892198.573174641,432519.6169749801,3433328.946718187,0.0,1649499.7591084056,1240613.301972649
 07/20  23:00:00,5236785.515096458,343492.531722438,2703008.1646099444,0.0,147020.6307031405,1948946.3007067987
 07/20  24:00:00,3731642.1724199075,268944.00449653453,2101304.6450093146,0.0,147020.6307031405,1145505.863349168
 07/21  01:00:00,3284444.8159608147,220239.32547473727,1711083.3612747178,0.0,147020.6307031405,1137234.469646469
 07/21  02:00:00,2930162.706018122,181703.0622746763,1405106.0175578669,0.0,147020.6307031405,1128963.07594377
 07/21  03:00:00,2666341.1889272416,150905.34751189547,1162965.299486082,0.0,147020.6307031405,1138079.9916874547
 07/21  04:00:00,2503469.1995885465,125276.30855335588,962943.3957000091,0.0,147020.6307031405,1199361.8357702913
 07/21  05:00:00,2708154.0574756404,128159.42018235472,987530.0630046229,0.0,147020.6307031405,1378074.0240468537
 07/21  06:00:00,3314823.2385341604,136147.08129533898,1060283.1638904286,0.0,525927.4594258684,1526592.7237069376
 07/21  07:00:00,4684370.561131602,170574.73547555594,1353947.1064121984,0.0,1144489.8690915203,1953977.3679059842
 07/21  08:00:00,6219134.505574397,259345.01578147488,2106398.556537715,0.0,1129548.7480851037,2669946.2495391695
 07/21  09:00:00,7567062.771432348,337532.69776791264,2801580.2331134556,0.0,1075760.7124620036,3307275.84839653
 07/21  10:00:00,8233420.501032688,400023.8958282259,3377352.212288265,0.0,594656.6160553853,3825457.1531068548
 07/21  11:00:00,14768285.529084288,507558.984288233,4335713.33893686,0.0,570750.8224451186,9330308.63424477
 07/21  12:00:00,14408083.924808385,577245.6684301941,4958231.693126509,0.0,552821.4772374185,8301819.774137286
 07/21  13:00:00,9676054.56490882,639480.7005345273,5478797.174367849,0.0,549833.2530361351,2991475.2344164113
 07/21  14:00:00,9081517.81988663,632569.4714523208,5379666.689248911,0.0,546845.0288348518,2505968.427796649
 07/21  15:00:00,8717756.986407742,626488.7039171625,5278158.653404459,0.0,549833.2530361351,2245311.0641730055
 07/21  16:00:00,8184355.355980204,612430.1559274466,5113672.60719402,0.0,555809.7014387018,1873997.8142814864
 07/21  17:00:00,8523832.404551242,593627.5569573015,4896355.064153061,0.0,1013008.0042350534,1963951.6249287273
 07/21  18:00:00,7726252.430428959,525662.1866633153,4260848.971606778,0.0,1144489.8690915203,1723390.155559433
 07/21  19:00:00,7252267.943708421,467921.55205127754,3715487.259180299,0.0,1416418.2714083046,1562614.3016836478
 07/21  20:00:00,7086312.503306987,409687.81556436874,3208931.04049389,0.0,1807875.6417764225,1535557.9316565385
 07/21  21:00:00,5591884.12984211,342385.07263474935,2661693.832182506,0.0,1162419.2142992206,1278669.297063643
 07/21  22:00:00,4736904.626617197,287290.61139955674,2213331.7584529147,0.0,899455.4845862862,1209572.4797165105
 07/21  23:00:00,3498029.4193585766,227865.11301234708,1739235.9820979687,0.0,294638.90624653763,1147959.9679399133
 07/21  24:00:00,3293084.184956573,174315.77174522163,1320141.5093788402,0.0,147020.6307031405,1582739.2442676206
 07/22  01:00:00,2482176.510782567,132545.14177745307,996509.2397937537,0.0,147020.6307031405,1137234.469646469
 07/22  02:00:00,2149185.3858298296,95207.41101381637,710624.348630434,0.0,147020.6307031405,1128963.07594377
 07/22  03:00:00,1893675.4726286344,64230.92677602778,476974.00392334256,0.0,147020.6307031405,1138079.9916874547
 07/22  04:00:00,1667465.5675209265,36346.63581097943,268932.0012993924,0.0,148813.5652239105,1144506.336324894
 07/22  05:00:00,2679000.426756616,28223.99119004306,208837.14650199463,0.0,325865.84914994857,2048703.520375961
 07/22  06:00:00,2987667.645145404,58262.9013798685,435415.33080170624,0.0,905431.932988853,1522684.6697593885
 07/22  07:00:00,3725339.2813928,120781.18802852918,919017.3080287571,0.0,645456.4274772021,1978702.8756119688
 07/22  08:00:00,6433122.635447803,333632.31220769056,2577464.644903494,0.0,639479.9790746354,2828649.7636310477
 07/22  09:00:00,6680891.098759225,312395.7871033203,2453755.9684175807,0.0,612585.9612630852,3257240.1022827923
 07/22  10:00:00,6354939.815180255,305859.44741586875,2439593.5189294564,0.0,258929.62704120172,3314626.5980397724
 07/22  11:00:00,6324362.449805651,324784.0732831617,2631277.6186275757,0.0,147020.6307031405,3197326.378022469
 07/22  12:00:00,6752340.343556158,367745.05720518646,3023128.4877893687,0.0,147020.6307031405,3196480.855981484
 07/22  13:00:00,6924220.697385182,425744.11030095577,3541378.9506602497,0.0,247723.78628638916,2692905.6475836905
 07/22  14:00:00,6990843.721054849,471161.1066238162,3942186.850279789,0.0,147020.6307031405,2414006.930894207
 07/22  15:00:00,7230870.026135473,523273.497005905,4380311.3816073155,0.0,147020.6307031405,2162299.204942133
 07/22  16:00:00,6912327.022638841,533452.34199504,4433615.013465095,0.0,147020.6307031405,1769793.9593370166
 07/22  17:00:00,6844061.695111804,497089.0061765111,4063163.215099478,0.0,363368.06287605455,1863551.2566826625
 07/22  18:00:00,9169021.579604143,494049.4540110214,3953323.9222843032,0.0,645456.4274772021,4004330.5283237034
 07/22  19:00:00,6909447.089196709,433743.24971740996,3406844.7070024544,0.0,1416418.2714083046,1562614.3016836478
 07/22  20:00:00,6781037.202331307,378188.52887423226,2935155.026208347,0.0,1807875.6417764225,1535557.9316565385
 07/22  21:00:00,6111446.4761017775,341004.4196793546,2632841.291080466,0.0,1670417.3285173888,1320466.7231625796
 07/22  22:00:00,4641918.819694112,277542.12147075706,2128094.4414586294,0.0,899455.4845862862,1209572.4797165105
 07/22  23:00:00,7793966.041269209,211829.47860736732,1610283.8331491696,0.0,220829.76847483907,5662693.510976023
 07/22  24:00:00,2789148.9146788483,166989.25724121134,1260766.1345235785,0.0,147020.6307031405,1145505.863349168
 07/23  01:00:00,2430031.585309687,126561.73074127371,950347.7253570537,0.0,147020.6307031405,1137234.469646469
 07/23  02:00:00,2157654.630754051,95835.47188948879,716968.4233559018,0.0,147020.6307031405,1128963.07594377
 07/23  03:00:00,1930145.2885883364,68156.040023009,508021.5973129818,0.0,147020.6307031405,1138079.9916874547
 07/23  04:00:00,1788111.42817607,44227.84037168333,328634.0924692049,0.0,147020.6307031405,1199361.8357702913
 07/23  05:00:00,1780734.817184731,30435.779827896324,226805.35980469882,0.0,147020.6307031405,1321080.0018949788
 07/23  06:00:00,2121991.369944797,46005.37633601269,347672.34338718985,0.0,147020.6307031405,1528894.1932106004
 07/23  07:00:00,2826877.896519881,88171.7506343469,682357.2475467138,0.0,147020.6307031405,1858426.5506509077
 07/23  08:00:00,5255907.889369765,187457.0126672817,1491127.9368182325,0.0,884514.3635798695,2643403.9686426916
 07/23  09:00:00,7057202.489870974,288605.1835920636,2343641.684374094,0.0,1075760.7124620036,3307275.84839653
 07/23  10:00:00,7716226.044014899,350832.0240795609,2885695.030911188,0.0,1042890.2462478868,3403872.3376684682
 07/23  11:00:00,7985014.445567483,392144.86743032804,3255974.7586504454,0.0,995078.6590273534,3319359.520613133
 07/23  12:00:00,8246389.889867149,432332.64944667375,3617415.074574394,0.0,857620.3457683194,3321056.5082007833
 07/23  13:00:00,7819824.0739847245,479634.04234277376,4026760.703487062,0.0,549833.2530361351,2747127.872564857
 07/23  14:00:00,7887521.550712727,515954.6809054676,4330812.765118031,0.0,546845.0288348518,2477440.87330048
 07/23  15:00:00,8049037.56324273,555486.534786497,4664131.212966522,0.0,549833.2530361351,2261621.2505765967
 07/23  16:00:00,11440140.1554306,634262.4217739356,5324694.939680302,0.0,555809.7014387018,4896928.0153991105
 07/23  17:00:00,15580871.781954171,644223.5178863048,5353982.767201716,0.0,1013008.0042350534,8514264.44767708
 07/23  18:00:00,9445233.871607559,542891.9007697251,4433243.123449834,0.0,1144489.8690915203,3251250.6214654865
 07/23  19:00:00,7275987.575000355,465426.9753064233,3734215.9206016795,0.0,1416418.2714083046,1562614.3016836478
 07/23  20:00:00,7149214.787203591,411380.7963735073,3258163.4689967036,0.0,1807875.6417764225,1535557.9316565385
 07/23  21:00:00,6972251.577046815,371058.94092987117,2903316.5651963125,0.0,2178415.442735557,1362264.149261516
 07/23  22:00:00,5404528.67296119,316997.6121074439,2451723.5997614027,0.0,1274477.621847346,1225092.8908445798
 07/23  23:00:00,3808535.0254439954,246365.74732581733,1883451.5301461474,0.0,442257.18178993475,1142142.6788279596
 07/23  24:00:00,3065278.33642611,189089.2417196699,1428852.9182536362,0.0,256987.28131036749,1121481.8662806866
 07/24  01:00:00,2519336.7905141013,138613.3430743625,1034986.1007420077,0.0,183775.7883789256,1093094.5294570555
 07/24  02:00:00,2068796.2103174329,92699.61527726636,685025.3063842382,0.0,147020.6307031405,1075183.629091038
 07/24  03:00:00,1716685.337191385,43539.08260873926,319178.6033303,0.0,147020.6307031405,1138079.9916874547
 07/24  04:00:00,1578245.788321689,19626.9190793499,143369.3739071575,0.0,147020.6307031405,1199361.8357702913
 07/24  05:00:00,1568759.631271215,5438.2820529624805,39827.67166611699,0.0,147020.6307031405,1321080.0018949788
 07/24  06:00:00,1959188.337763219,27400.68937217511,203473.9981694494,0.0,147020.6307031405,1528894.1932106004
 07/24  07:00:00,3353776.450824589,87317.05446473944,664702.5848413722,0.0,645456.4274772021,1905398.6670565028
 07/24  08:00:00,5395642.023373079,205899.92659511243,1612419.1568937146,0.0,884514.3635798695,2643403.9686426916
 07/24  09:00:00,6760786.428354649,287280.6281974426,2305155.426908718,0.0,844173.3368625444,3282257.9753396614
 07/24  10:00:00,7019492.994511094,331343.1518830469,2707019.1334080985,0.0,594656.6160553853,3353537.688056768
 07/24  11:00:00,7914628.910027819,385396.1291987599,3192337.9613423496,0.0,995078.6590273534,3319359.520613133
 07/24  12:00:00,8401598.493328229,436543.29130518244,3649008.351487776,0.0,959219.9686119532,3338861.570046339
 07/24  13:00:00,8248711.448446766,475412.9082556859,3987150.869089334,0.0,950255.2960081032,2819424.172539746
 07/24  14:00:00,9809893.469319224,528308.9518572605,4430925.934095714,0.0,950255.2960081032,3883935.084804249
 07/24  15:00:00,15754139.714132924,630847.5053819212,5273447.630512407,0.0,953243.5202093864,8878635.74615223
 07/24  16:00:00,10604414.117313705,642539.0331020325,5350787.35000208,0.0,965196.4170145198,3617446.240056523
 07/24  17:00:00,8991285.712770514,638944.2854224823,5262933.644237896,0.0,1013008.0042350534,2021006.733921065
 07/24  18:00:00,8008283.118171366,560410.0564713392,4506634.680218078,0.0,1144489.8690915203,1723390.155559433
 07/24  19:00:00,7481035.039895515,501238.30641648336,3903452.05438678,0.0,1416418.2714083046,1562614.3016836478
 07/24  20:00:00,7149282.104341457,425320.45145617775,3244291.131051899,0.0,1807875.6417764225,1535557.9316565385
 07/24  21:00:00,6910179.40658826,374707.49985344685,2837595.835814181,0.0,2178415.442735557,1362264.149261516
 07/24  22:00:00,4838227.670299781,303648.58207700506,2289314.17551956,0.0,899455.4845862862,1209572.4797165105
 07/24  23:00:00,3689204.6554668685,236320.21399801067,1774166.6934968273,0.0,442257.18178993475,1142142.6788279596
 07/24  24:00:00,5551294.651049302,175104.2448028341,1308729.1006943232,0.0,256987.28131036749,3741606.995380027
 07/25  01:00:00,2532193.3505084817,140163.1384411006,1046292.8653696501,0.0,183775.7883789256,1093094.5294570555
 07/25  02:00:00,2210782.3574515693,108357.89718078429,811353.1716148567,0.0,147020.6307031405,1075183.629091038
 07/25  03:00:00,2117360.586608401,89447.06724682542,673945.86810923,0.0,147020.6307031405,1138079.9916874547
 07/25  04:00:00,2071698.3493338989,76508.20865206221,579940.6453466549,0.0,147020.6307031405,1199361.8357702913
 07/25  05:00:00,2106093.267395207,67456.3954526317,515143.19439043995,0.0,147020.6307031405,1321080.0018949788
 07/25  06:00:00,3209654.601119393,98552.51909318965,761329.7537854877,0.0,715679.6962073606,1581693.805725501
 07/25  07:00:00,4290267.146906465,129383.43786208435,1011514.7550621051,0.0,1144489.8690915203,1953977.3679059842
 07/25  08:00:00,5966235.232195521,148518.0113026221,1173648.571952004,0.0,1129548.7480851037,3465115.293194101
 07/25  09:00:00,5786695.057966701,166293.28809970524,1323748.772290343,0.0,959967.024662274,3294766.9118680954
 07/25  10:00:00,9175123.723756745,196201.58871893905,1578372.7663705307,0.0,594656.6160553853,6772956.347504098
 07/25  11:00:00,5629942.029435307,194433.95007035093,1583154.3755338695,0.0,570750.8224451186,3259146.241539744
 07/25  12:00:00,5870030.56707292,220426.84302968494,1811175.6122647226,0.0,552821.4772374185,3267641.3226641156
 07/25  13:00:00,6546171.881076716,292606.9684693216,2410362.13251331,0.0,950255.2960081032,2876479.281532084
 07/25  14:00:00,6403669.620164013,314389.6867791762,2583228.4228603775,0.0,950255.2960081032,2539328.0119624594
 07/25  15:00:00,6357304.304237902,333345.02992586856,2724427.5188217917,0.0,953243.5202093864,2328322.9234038778
 07/25  16:00:00,6431198.654410691,378999.5457089923,3078689.580179194,0.0,965196.4170145198,1979868.0343694352
 07/25  17:00:00,6847810.831057006,420467.9825261882,3394990.1744130203,0.0,1013008.0042350534,1963951.6249287273
 07/25  18:00:00,6516834.05122896,396620.6839326496,3178974.9858143628,0.0,1144489.8690915203,1723390.155559433
 07/25  19:00:00,6350642.058706011,366282.63664594013,2908014.742967819,0.0,1416418.2714083046,1562614.3016836478
 07/25  20:00:00,6537849.942014616,342143.73908478825,2699725.494692856,0.0,1807875.6417764225,1551868.1180601297
 07/25  21:00:00,6818192.678253045,346828.41761866264,2732743.267125004,0.0,2178415.442735557,1403009.0718502626
 07/25  22:00:00,4630381.867953316,268811.8352108107,2116305.1200392907,0.0,899455.4845862862,1209572.4797165105
 07/25  23:00:00,6716994.983861605,231982.36465157405,1824109.5927091222,0.0,442257.18178993475,4124327.9573568376
 07/25  24:00:00,7145576.296196036,199783.0539234371,1568269.3721707838,0.0,256987.28131036749,5051669.559929698
 07/26  01:00:00,2859840.2509563738,170242.34222044598,1336475.7795245682,0.0,147020.6307031405,1137234.469646469
 07/26  02:00:00,2621838.846973067,144534.80646565856,1132453.3049987482,0.0,147020.6307031405,1128963.07594377
 07/26  03:00:00,2410574.866447879,120016.55746396478,936590.6577315688,0.0,147020.6307031405,1138079.9916874547
 07/26  04:00:00,2263567.9939509304,96724.768562544,751593.7300532046,0.0,147020.6307031405,1199361.8357702913
 07/26  05:00:00,2275166.920301262,85586.55184955061,666086.6908995754,0.0,147020.6307031405,1321080.0018949788
 07/26  06:00:00,2644535.616759412,103263.47525277695,812958.4912850407,0.0,147020.6307031405,1528894.1932106004
 07/26  07:00:00,3355677.0280310567,143836.7936994126,1155491.3359928245,0.0,147020.6307031405,1858426.5506509077
 07/26  08:00:00,5718444.476778721,259920.39005084377,2152777.812245338,0.0,639479.9790746354,2616861.6877462137
 07/26  09:00:00,8050482.3136158995,379040.60514955816,3246486.086561525,0.0,1075760.7124620036,3307275.84839653
 07/26  10:00:00,9700370.60735471,521527.3134012642,4585095.173785083,0.0,1042890.2462478868,3517921.468812681
 07/26  11:00:00,9094523.449419701,515062.715644339,4605971.751030372,0.0,676832.7815906773,3274199.5613080915
 07/26  12:00:00,10386993.123233683,599950.4973106156,5413940.666395459,0.0,959219.9686119532,3395916.679038677
 07/26  13:00:00,10096126.777149279,627704.1699335857,5682274.936113948,0.0,950255.2960081032,2819424.172539746
 07/26  14:00:00,9981015.141172165,644730.4533364509,5830233.177311256,0.0,950255.2960081032,2539328.0119624594
 07/26  15:00:00,9745367.983969843,644730.4533364509,5801105.775143149,0.0,953243.5202093864,2328322.9234038778
 07/26  16:00:00,9352422.617819285,644730.4533364509,5734182.635960331,0.0,965196.4170145198,1979868.0343694352
 07/26  17:00:00,9307778.66956989,644730.4533364509,5630695.542115642,0.0,1013008.0042350534,1963951.6249287273
 07/26  18:00:00,9107114.95157932,644730.4533364509,5464091.007768582,0.0,1144489.8690915203,1780445.2645517706
 07/26  19:00:00,9987496.550981551,644730.4533364509,5271681.667105662,0.0,1416418.2714083046,2557354.053130836
 07/26  20:00:00,9135019.846350567,620593.8725356,4949233.875333544,0.0,1807875.6417764225,1621079.5083045822
 07/26  21:00:00,9170061.27542647,527626.27738316,4149389.8834677464,0.0,2178415.442735557,2157433.1929164478
 07/26  22:00:00,5459963.456044731,409924.2286114313,3196482.2624499295,0.0,523238.0576447134,1194081.9589382375
 07/26  23:00:00,4195154.291659509,319474.1218986751,2480564.3946516905,0.0,147020.6307031405,1153777.257051867
 07/26  24:00:00,3634163.6394018526,259993.38635818183,2012776.7301296126,0.0,147020.6307031405,1145505.863349168
 07/27  01:00:00,3208927.515097214,213111.6702244305,1642693.7156614233,0.0,147020.6307031405,1137234.469646469
 07/27  02:00:00,2864354.00949225,175211.32709353734,1344291.9468900522,0.0,147020.6307031405,1128963.07594377
 07/27  03:00:00,2599750.1770646553,144199.23122147057,1101583.2945908392,0.0,147020.6307031405,1138079.9916874547
 07/27  04:00:00,2492472.8783186506,123233.56254056665,937679.6340393112,0.0,147020.6307031405,1215672.0221738825
 07/27  05:00:00,2817225.2298467476,136651.8342912919,1041543.4934707438,0.0,266250.77633434586,1317386.0807963493
 07/27  06:00:00,3263786.918176216,132648.99825420853,1026218.9104813479,0.0,525927.4594258684,1526592.7237069376
 07/27  07:00:00,4201750.3598570395,178495.30330026383,1421498.245038299,0.0,645456.4274772021,1905398.6670565028
 07/27  08:00:00,5957055.765189179,286479.60751994874,2364829.883186691,0.0,639479.9790746354,2616861.6877462137
 07/27  09:00:00,7522681.118832779,378622.9179828946,3232313.0762577243,0.0,612585.9612630852,3257240.1022827923
 07/27  10:00:00,8820876.200812498,444668.19433092896,3896509.017457419,0.0,1042890.2462478868,3403872.3376684682
 07/27  11:00:00,9322788.106393594,502037.1792286247,4483856.107678261,0.0,995078.6590273534,3319359.520613133
 07/27  12:00:00,9953492.275894184,561844.7572924513,5075600.668066462,0.0,959219.9686119532,3338861.570046339
 07/27  13:00:00,9969866.838680174,612426.3328211195,5571292.834757308,0.0,950255.2960081032,2819424.172539746
 07/27  14:00:00,9744967.94851804,639704.7452454431,5831860.395665752,0.0,748550.1624214775,2508384.4426314696
 07/27  15:00:00,9310875.481956068,644730.4533364509,5853035.399533499,0.0,549833.2530361351,2245311.0641730055
 07/27  16:00:00,9281143.881224418,644730.4533364509,5791718.133281404,0.0,862849.7381205653,1953400.4793474479
 07/27  17:00:00,9351651.324566351,644730.4533364509,5674568.197112104,0.0,1013008.0042350534,1963951.6249287273
 07/27  18:00:00,9074595.09128876,644730.4533364509,5488626.25647036,0.0,1144489.8690915203,1723390.155559433
 07/27  19:00:00,8594861.853312448,598614.6339447295,4919902.540275468,0.0,1416418.2714083046,1562614.3016836478
 07/27  20:00:00,11296147.759218121,536436.6011545816,4297855.357701283,0.0,1807875.6417764225,4517743.210185416
 07/27  21:00:00,10012450.22823551,487268.5949593678,3862211.715531004,0.0,2178415.442735557,3327357.9960860214
 07/27  22:00:00,6676061.241889754,411485.8410413546,3238225.391366925,0.0,1649499.7591084056,1240613.301972649
 07/27  23:00:00,4909010.50788182,333948.61782221246,2607549.715739263,0.0,741079.6019182691,1132114.685047939
 07/27  24:00:00,3772165.4009268926,267582.8363157266,2078732.0515430481,0.0,229495.61865856074,1127487.865547807
 07/28  01:00:00,3265160.0755179673,218700.20330577088,1693337.7430008366,0.0,147020.6307031405,1137234.469646469
 07/28  02:00:00,2927065.0467960127,181792.2626238573,1401919.1579865764,0.0,147020.6307031405,1128963.07594377
 07/28  03:00:00,2661958.836797508,151024.41591631732,1158463.8789519263,0.0,147020.6307031405,1138079.9916874547
 07/28  04:00:00,2437876.4122736487,121493.33633807261,927664.8630627079,0.0,147917.0979635255,1171934.0860475926
 07/28  05:00:00,2442390.816721459,96662.95694616558,735466.0056946762,0.0,266250.77633434586,1276641.1582076028
 07/28  06:00:00,3176505.8940648404,114553.77521959497,870254.9169413863,0.0,525927.4594258684,1599896.932262404
 07/28  07:00:00,4526421.987736184,154027.2368409123,1171801.1090626777,0.0,1144489.8690915203,1994722.2904947307
 07/28  08:00:00,4941329.448864718,125785.56774432008,962152.9478651896,0.0,1129548.7480851037,2669946.2495391695
 07/28  09:00:00,4466298.024208464,107517.3470138582,831947.0797944596,0.0,263411.9633431267,3218508.3543645744
 07/28  10:00:00,4457207.259899523,109920.14844539503,862679.6222962575,0.0,147020.6307031405,3301656.234700774
 07/28  11:00:00,4771843.151189114,156867.06821423737,1246675.325079963,0.0,147020.6307031405,3197326.378022469
 07/28  12:00:00,5122716.942835894,195030.3540543381,1566219.7902199533,0.0,147020.6307031405,3196480.855981484
 07/28  13:00:00,5162355.649336235,255808.56699580222,2068226.6764934263,0.0,147020.6307031405,2674831.5725899683
 07/28  14:00:00,5422090.240389633,312767.47036367224,2531827.0058747167,0.0,147020.6307031405,2414006.930894207
 07/28  15:00:00,5731552.655512848,375008.02915539773,3029259.4788351995,0.0,147020.6307031405,2162299.204942133
 07/28  16:00:00,7641949.496800418,451081.277507387,3624195.370748345,0.0,453612.43375481153,3084615.3376513254
 07/28  17:00:00,13729562.32268929,526253.125735431,4200693.311465854,0.0,579715.4950489686,8366010.236161935
 07/28  18:00:00,8223655.641378128,470620.95228972565,3726165.8168971557,0.0,645456.4274772021,3309551.197206132
 07/28  19:00:00,7027495.818753024,437396.2833877243,3399259.4538618056,0.0,1416418.2714083046,1684595.2507102983
 07/28  20:00:00,7357882.354334264,374586.3399718153,2843331.4224781212,0.0,1807875.6417764225,2207828.8762921384
 07/28  21:00:00,6464696.56862035,328367.7804554115,2448932.482505877,0.0,2178415.442735557,1362264.149261516
 07/28  22:00:00,4321378.200001601,248424.99443653735,1836670.948800338,0.0,899455.4845862862,1209572.4797165105
 07/28  23:00:00,3214451.9195737448,184099.03587731978,1357623.5730167204,0.0,442257.18178993475,1142142.6788279596
 07/28  24:00:00,2529393.942321986,129289.40298923457,952768.3628799467,0.0,256987.28131036749,1121481.8662806866
 07/29  01:00:00,2093926.6854415177,89484.40743619596,658704.9313075908,0.0,183775.7883789256,1093094.5294570555
 07/29  02:00:00,1811604.9573534043,57609.88560288573,424086.30727812287,0.0,147020.6307031405,1115518.2142305868
 07/29  03:00:00,1643005.780352246,34711.12756980524,255824.11085317648,0.0,147020.6307031405,1138079.9916874547
 07/29  04:00:00,1530530.143476241,13772.773733657252,101507.87440740208,0.0,147020.6307031405,1199361.8357702913
 07/29  05:00:00,1535470.5521367877,0.0,0.0,0.0,147020.6307031405,1321080.0018949788
 07/29  06:00:00,2427252.7856451077,14119.144175278452,106942.43831371801,0.0,715679.6962073606,1524638.6967331632
 07/29  07:00:00,3880057.0033463016,82210.37706592554,637997.9070365286,0.0,1144489.8690915203,1953977.3679059842
 07/29  08:00:00,5710417.421366446,201246.2492528899,1598786.216706473,0.0,1129548.7480851037,2726940.2716910443
 07/29  09:00:00,6611938.193397792,283029.4266404232,2285866.7991908807,0.0,728379.6490628148,3269749.038811227
 07/29  10:00:00,11674303.491057834,345932.8243293514,2832420.8403822416,0.0,594656.6160553853,7865362.5865369
 07/29  11:00:00,14314963.272066034,422623.7637164147,3488175.8724471005,0.0,570750.8224451186,9809459.064288095
 07/29  12:00:00,9451718.41822116,440664.55786203675,3644765.2826745594,0.0,552821.4772374185,4795501.788570169
 07/29  13:00:00,7502800.273872968,453169.7325723395,3736201.2131457394,0.0,549833.2530361351,2747127.872564857
 07/29  14:00:00,7341525.137438668,469773.40930165234,3830997.623447788,0.0,546845.0288348518,2477440.87330048
 07/29  15:00:00,6699675.5631573405,444722.85476665053,3563299.1996955373,0.0,449130.09745288646,2224558.0993652875
 07/29  16:00:00,6535754.670766138,454254.2001407066,3566253.8556148186,0.0,555809.7014387018,1930991.8364333613
 07/29  17:00:00,6510598.636144871,398699.2981718466,3078049.5545321456,0.0,1013008.0042350534,1963951.6249287273
 07/29  18:00:00,5974645.057296759,350903.56234007905,2684000.2227978143,0.0,1144489.8690915203,1723390.155559433
 07/29  19:00:00,6119627.497886013,347275.98641603615,2646498.356841259,0.0,1416418.2714083046,1619608.3238355226
 07/29  20:00:00,5794690.060712468,269621.12826751004,2057375.2851962305,0.0,1807875.6417764225,1535557.9316565385
 07/29  21:00:00,5897746.310165614,254853.1765796108,1955496.8279269414,0.0,2178415.442735557,1362264.149261516
 07/29  22:00:00,3162504.4127265955,196226.94129509092,1513411.1101064705,0.0,147020.6307031405,1178591.4381599645
 07/29  23:00:00,2792743.634585982,160462.71362165455,1243153.5831475104,0.0,147020.6307031405,1153777.257051867
 07/29  24:00:00,2591714.9383601244,140327.61586134415,1089993.7995847214,0.0,147020.6307031405,1145505.863349168
 07/30  01:00:00,2450946.605843673,124765.16821479329,973059.3084175197,0.0,147020.6307031405,1137234.469646469
 07/30  02:00:00,2350018.356351371,113886.5966847555,891281.0241579553,0.0,147020.6307031405,1128963.07594377
 07/30  03:00:00,2282825.7259039674,105144.34676443967,823713.7278871823,0.0,147020.6307031405,1138079.9916874547
 07/30  04:00:00,2272476.5054257987,97181.32986055638,760045.6802300609,0.0,147020.6307031405,1199361.8357702913
 07/30  05:00:00,2326254.1661608974,91155.58135494257,711604.9072538193,0.0,147020.6307031405,1321080.0018949788
 07/30  06:00:00,3001774.376858551,101941.53538268633,794913.8320352054,0.0,525927.4594258684,1526592.7237069376
 07/30  07:00:00,3887652.7327380814,146185.96430353465,1139709.95691607,0.0,645456.4274772021,1905398.6670565028
 07/30  08:00:00,5488585.691591248,246449.59066771384,1936389.8264409946,0.0,639479.9790746354,2616861.6877462137
 07/30  09:00:00,7368918.122611505,328015.0849858372,2615947.41572085,0.0,1075760.7124620036,3307275.84839653
 07/30  10:00:00,7815882.416114338,366471.7040280591,2969711.7230621297,0.0,1042890.2462478868,3403872.3376684682
 07/30  11:00:00,8844151.48914842,402629.9873439984,3309457.6386627792,0.0,995078.6590273534,4114528.5642680647
 07/30  12:00:00,8409678.368031185,451723.0994098528,3761313.1027752506,0.0,857620.3457683194,3321056.5082007833
 07/30  13:00:00,7800941.1449441,477130.3460287454,4010381.4707604647,0.0,549833.2530361351,2747127.872564857
 07/30  14:00:00,8402430.212651307,518968.07170510717,4377410.630421741,0.0,950255.2960081032,2539328.0119624594
 07/30  15:00:00,8608330.003829297,565245.2576902142,4743552.990648841,0.0,953243.5202093864,2328322.9234038778
 07/30  16:00:00,8854940.55130145,619132.8669838011,5123814.288465777,0.0,965196.4170145198,2118351.9016988035
 07/30  17:00:00,9067362.119194383,644730.4533364509,5243670.574629202,0.0,1013008.0042350534,2110560.04203966
 07/30  18:00:00,8035857.947458915,570670.6690163657,4523948.896960601,0.0,1144489.8690915203,1723390.155559433
 07/30  19:00:00,7361990.019617672,494277.9963796462,3791367.3441457744,0.0,1416418.2714083046,1562614.3016836478
 07/30  20:00:00,6767086.372736979,387862.19337165996,2899553.6575319385,0.0,1807875.6417764225,1535557.9316565385
 07/30  21:00:00,5254323.526999365,317381.5376989427,2338656.999013998,0.0,1162419.2142992206,1278669.297063643
 07/30  22:00:00,4253709.4452570435,242181.61580551637,1766262.9167483123,0.0,899455.4845862862,1209572.4797165105
 07/30  23:00:00,2733788.0045741387,162442.2201677997,1176230.0092971958,0.0,147020.6307031405,1153777.257051867
 07/30  24:00:00,2184454.3731673653,100305.9030806369,722754.9471726699,0.0,147020.6307031405,1145505.863349168
 07/31  01:00:00,1752509.4346301812,48839.049764812415,350548.2556540093,0.0,147020.6307031405,1137234.469646469
 07/31  02:00:00,1408822.7860828447,7840.070146724094,56131.98042746026,0.0,147020.6307031405,1128963.07594377
 07/31  03:00:00,1353967.6512523456,0.0,0.0,0.0,147020.6307031405,1138079.9916874547
 07/31  04:00:00,1415249.4953351817,0.0,0.0,0.0,147020.6307031405,1199361.8357702913
 07/31  05:00:00,1523493.6775521357,0.0,0.0,0.0,147020.6307031405,1321080.0018949788
 07/31  06:00:00,1728313.6502215944,0.0,0.0,0.0,147020.6307031405,1528894.1932106004
 07/31  07:00:00,2601756.811518477,0.0,0.0,0.0,645456.4274772021,1905398.6670565028
 07/31  08:00:00,3796227.9573855978,58246.322873060555,432235.36002999777,0.0,639479.9790746354,2616861.6877462137
 07/31  09:00:00,8209263.942316899,153793.5122829622,1161540.0269128985,0.0,612585.9612630852,6239425.38081167
 07/31  10:00:00,12674389.346361347,217978.68727374508,1675682.9872172023,0.0,818773.4311516361,9929017.835610969
 07/31  11:00:00,8311846.891669184,277624.26185317116,2169467.344423251,0.0,995078.6590273534,4847219.986519187
 07/31  12:00:00,7856451.141928683,384171.1048272438,3042184.0554219563,0.0,959219.9686119532,3452910.7011905517
 07/31  13:00:00,6859364.85654168,394899.4394504115,3151036.088936381,0.0,549833.2530361351,2747127.872564857
 07/31  14:00:00,8071055.275369946,408979.47881046904,3276714.619028458,0.0,546845.0288348518,3822047.9461422698
 07/31  15:00:00,10917418.648569364,497593.88622712006,3987732.89434094,0.0,549833.2530361351,5864293.30308819
 07/31  16:00:00,8104828.915698765,567714.2565398552,4522860.208047658,0.0,965196.4170145198,2020612.9569581817
 07/31  17:00:00,8061785.447113184,567070.309959085,4462362.4630363025,0.0,1013008.0042350534,1963951.6249287273
 07/31  18:00:00,7309157.596959254,502672.6383328135,3865246.577144493,0.0,1144489.8690915203,1723390.155559433
 07/31  19:00:00,5875157.0843882635,421014.4594979724,3145484.279189933,0.0,779926.5165349526,1431419.7231651072
 07/31  20:00:00,5109917.846265339,308231.51685381,2256154.0273557613,0.0,977149.3138196532,1432146.0398356956
 07/31  21:00:00,4713752.1985936025,256457.2045851897,1859010.0037219888,0.0,1162419.2142992206,1278669.297063643
 07/31  22:00:00,3717110.545302525,203293.7788938921,1464988.5272306993,0.0,710749.1262752432,1201842.1645022721
 07/31  23:00:00,2464250.6712210374,130828.91276631148,938305.9833455828,0.0,147020.6307031405,1153777.257051867
 07/31  24:00:00,1973556.608165659,75134.92720994931,537028.1580416512,0.0,147020.6307031405,1145505.863349168
 08/01  01:00:00,1588027.9691463565,28890.99886948087,206014.84106551608,0.0,147020.6307031405,1137234.469646469
 08/01  02:00:00,1351902.6025019113,868.4137406871819,6183.453252563812,0.0,147020.6307031405,1128963.07594377
 08/01  03:00:00,1353967.6512523456,0.0,0.0,0.0,147020.6307031405,1138079.9916874547
 08/01  04:00:00,1415249.4953351817,0.0,0.0,0.0,147020.6307031405,1199361.8357702913
 08/01  05:00:00,1523493.6775521357,0.0,0.0,0.0,147020.6307031405,1321080.0018949788
 08/01  06:00:00,1976641.3369726094,0.0,0.0,0.0,339462.2692657878,1584780.2413989678
 08/01  07:00:00,3044848.4309772514,18684.854233979713,140141.9092884034,0.0,905431.932988853,1929688.0174812432
 08/01  08:00:00,10425043.32679532,109506.75244725266,846255.6403866697,0.0,1147478.0932928037,8272398.233006903
 08/01  09:00:00,10351261.687366381,245002.964718313,1945007.514840357,0.0,1099666.5060722702,7019665.640689158
 08/01  10:00:00,7320660.947898749,310227.5460183361,2509816.84344728,0.0,1063807.8156568701,3403872.3376684682
 08/01  11:00:00,7699800.853120808,363629.3062934601,2978359.1579316556,0.0,1015996.2284363367,3319359.520613133
 08/01  12:00:00,8331662.80248449,431214.832323214,3560495.3260157392,0.0,983125.76222222,3338861.570046339
 08/01  13:00:00,7175770.82346804,453802.7085465695,3762629.310346532,0.0,249964.9544373517,2692905.6475836905
 08/01  14:00:00,7347615.000173265,475444.9830112123,3938265.8250034703,0.0,455853.6019057741,2461582.3876989116
 08/01  15:00:00,7611422.776075231,517564.9683455564,4268795.281838422,0.0,561786.1498412685,2245311.0641730055
 08/01  16:00:00,7043654.265973274,498572.84189776337,4071887.710210356,0.0,570750.8224451186,1873997.8142814864
 08/01  17:00:00,6813986.655863773,480313.2602738961,3855973.424361759,0.0,606609.5128605186,1815697.413413584
 08/01  18:00:00,5233598.389892723,409052.528440671,3202063.97907792,0.0,147020.6307031405,1402102.8948399979
 08/01  19:00:00,4292375.176569917,319447.07080554613,2429976.808858251,0.0,147020.6307031405,1298618.5602026803
 08/01  20:00:00,3707776.684419525,247924.1444266106,1847801.032174909,0.0,147020.6307031405,1328793.9287144458
 08/01  21:00:00,4246849.016130495,221007.46000709012,1628331.4306288082,0.0,982528.1173819632,1257785.529189073
 08/01  22:00:00,2918899.0585257667,174659.90252859646,1282390.1387336468,0.0,147020.6307031405,1178591.4381599645
 08/01  23:00:00,2457605.611240937,127372.26319201618,935117.5729397773,0.0,147020.6307031405,1153777.257051867
 08/01  24:00:00,2125303.722710781,91513.93913583124,672396.260660891,0.0,147020.6307031405,1145505.863349168
 08/02  01:00:00,1868544.5343806837,61772.03198025719,453650.37318906677,0.0,147020.6307031405,1137234.469646469
 08/02  02:00:00,1646176.498767961,36151.15323081114,265174.6100284897,0.0,147020.6307031405,1128963.07594377
 08/02  03:00:00,1477321.1161326827,14795.26300623247,108558.20187410455,0.0,147020.6307031405,1138079.9916874547
 08/02  04:00:00,1649526.6260135768,29168.25528496104,214129.59427470187,0.0,149934.14929939178,1187427.5982927722
 08/02  05:00:00,1693033.9645764038,2019.8658107731217,14889.812424960031,0.0,388469.14616683463,1232262.0952198193
 08/02  06:00:00,2699500.670877911,24805.80994644107,185214.75927152517,0.0,914396.605592703,1522684.6697593885
 08/02  07:00:00,3896192.4404337974,85150.94695348653,646731.4184916174,0.0,1159430.9900979372,1953977.3679059842
 08/02  08:00:00,5582614.520364681,195972.43121588486,1519813.138655132,0.0,1147478.0932928037,2669946.2495391695
 08/02  09:00:00,6990021.371272727,284194.2729378431,2256965.682819801,0.0,1099666.5060722702,3307275.84839653
 08/02  10:00:00,7518310.373760921,331553.935181933,2686139.8801458557,0.0,1063807.8156568701,3403872.3376684682
 08/02  11:00:00,8637864.850138795,451474.8234680009,3714528.506630888,0.0,1015996.2284363367,3433408.6517573465
 08/02  12:00:00,8532899.24988185,449963.9247222914,3742982.6810140214,0.0,983125.76222222,3338861.570046339
 08/02  13:00:00,8039638.7673243005,476925.92698054924,3997983.219709016,0.0,764985.3955285359,2783276.022552301
 08/02  14:00:00,7843866.033362858,509004.31238397036,4282154.719484526,0.0,558797.9256399852,2477440.87330048
 08/02  15:00:00,7836286.903388449,534210.9085843742,4477013.468912823,0.0,561786.1498412685,2245311.0641730055
 08/02  16:00:00,8648064.72138755,614355.6357645586,5105830.046315001,0.0,888996.6998817947,2010437.262287647
 08/02  17:00:00,8697739.67812572,625868.3004280407,5137840.852584976,0.0,951749.4081087448,1926888.0720499414
 08/02  18:00:00,7062316.120658811,523573.0350717779,4200405.516254736,0.0,702232.6873015856,1562746.5251997155
 08/02  19:00:00,7015912.550396199,475138.2168519653,3701849.835285045,0.0,1244595.3798345125,1497017.0124243775
 08/02  20:00:00,8203456.470194172,426428.0529174807,3251453.163878385,0.0,2058886.4746842233,2330451.830313666
 08/02  21:00:00,7182746.422963599,385314.53855631116,2905321.240403237,0.0,2372650.015818975,1362264.149261516
 08/02  22:00:00,5251298.055957332,305279.27275487705,2283317.30429856,0.0,1301371.6396588958,1225092.8908445798
 08/02  23:00:00,3633772.667970227,231922.10947880408,1723132.8105193921,0.0,442257.18178993475,1142142.6788279596
 08/02  24:00:00,2781653.291012166,169401.693050891,1250858.0750472164,0.0,147020.6307031405,1145505.863349168
 08/03  01:00:00,2344039.3582246387,118775.14971654564,872142.0792967333,0.0,147020.6307031405,1137234.469646469
 08/03  02:00:00,1988110.1188464565,77383.28275064366,565876.1005871525,0.0,147020.6307031405,1128963.07594377
 08/03  03:00:00,1711264.6116790145,43101.88645683423,314195.0739698345,0.0,147020.6307031405,1138079.9916874547
 08/03  04:00:00,1549321.3298925273,16181.314473155122,117890.52008419033,0.0,147020.6307031405,1199361.8357702913
 08/03  05:00:00,1531857.0348170586,1007.2849202053585,7356.072344717569,0.0,147020.6307031405,1321080.0018949788
 08/03  06:00:00,1802231.978142403,8784.274865717205,65134.05305509144,0.0,147020.6307031405,1528894.1932106004
 08/03  07:00:00,2915988.1796185775,87174.53606546608,658415.6140700784,0.0,147020.6307031405,1972475.6817951207
 08/03  08:00:00,5921404.046194904,279042.3577413057,2148483.0382895553,0.0,648444.6516784854,2796029.390823866
 08/03  09:00:00,6509730.976526207,260902.22692095948,2064043.1432497012,0.0,860608.5699696027,3282257.9753396614
 08/03  10:00:00,7345186.138829798,313516.9780105844,2531052.6023860816,0.0,1063807.8156568701,3403872.3376684682
 08/03  11:00:00,7703895.30016847,365947.58514470025,2980135.326128077,0.0,1015996.2284363367,3319359.520613133
 08/03  12:00:00,8069212.214229537,406551.3327209972,3322708.237363003,0.0,983125.76222222,3338861.570046339
 08/03  13:00:00,7907894.086327882,446371.9000104946,3654456.9458066565,0.0,971172.8654170866,2819424.172539746
 08/03  14:00:00,6999458.6134090815,442197.9942551773,3623356.4269953226,0.0,455853.6019057741,2461582.387698912
 08/03  15:00:00,6411746.499808723,431274.30177887814,3528742.7059153426,0.0,250712.0104876725,2183052.169749851
 08/03  16:00:00,7079801.181833686,447485.38517994946,3628924.0261183996,0.0,995078.6590273534,1979868.0343694352
 08/03  17:00:00,6913776.56734265,426003.22498907783,3401632.6326126745,0.0,1066796.0398581533,1963951.6249287273
 08/03  18:00:00,5562726.522377051,365686.46325038775,2858553.078584304,0.0,702382.0985116498,1562746.5251997155
 08/03  19:00:00,5113757.803564673,312833.2720344516,2393654.7871875125,0.0,878537.9151773029,1431419.7231651072
 08/03  20:00:00,4783879.890049929,247180.15505734744,1865662.016482913,0.0,1102654.7302735536,1432146.0398356956
 08/03  21:00:00,6044665.833824033,253071.97184636997,1899483.217973612,0.0,2372650.015818975,1362264.149261516
 08/03  22:00:00,4965772.294601599,224557.17236599507,1679006.4223387295,0.0,1685358.4495238054,1240613.301972649
 08/03  23:00:00,3077827.9833208895,165480.5449900554,1233629.6903588034,0.0,442257.18178993475,1142142.6788279596
 08/03  24:00:00,2455761.173885586,119383.55851827931,889041.4389145024,0.0,256987.28131036749,1121481.8662806866
 08/04  01:00:00,2069364.8845246432,85742.13938843855,637885.3984384738,0.0,183775.7883789256,1093094.5294570555
 08/04  02:00:00,1802275.0041185752,59228.672927103085,440027.2901454425,0.0,147020.6307031405,1088628.490804221
 08/04  03:00:00,1676548.277197816,38515.6554242775,285562.0798442742,0.0,147020.6307031405,1138079.9916874547
 08/04  04:00:00,1470996.7063235447,12872.369928531887,95339.76114420164,0.0,149411.2100641672,1144506.336324894
 08/04  05:00:00,1593132.8463003337,0.0,0.0,0.0,238012.0576322183,1287750.8691294468
 08/04  06:00:00,1741787.6341293282,0.0,0.0,0.0,147020.6307031405,1528894.1932106004
 08/04  07:00:00,2132153.0915425657,7587.193323343428,57737.23461883122,0.0,147020.6307031405,1858426.5506509077
 08/04  08:00:00,3216056.5267483843,51868.938105437155,401040.7000999075,0.0,147020.6307031405,2562230.3222089643
 08/04  09:00:00,4231560.484634477,94149.1459104417,739879.6566032807,0.0,147020.6307031405,3205597.771725168
 08/04  10:00:00,4900480.832950581,158249.7377461823,1257623.6060465276,0.0,147020.6307031405,3301656.234700774
 08/04  11:00:00,5288269.711176604,213305.60019456374,1706663.3530871267,0.0,147020.6307031405,3197326.378022469
 08/04  12:00:00,5944187.601726238,260157.76622994384,2078105.9319236688,0.0,355897.5023728462,3232061.0893228
 08/04  13:00:00,5360260.819843043,283981.03291743144,2237959.3810786055,0.0,147020.6307031405,2674831.5725899683
 08/04  14:00:00,5004282.334334417,276815.6968118442,2149970.8733713287,0.0,147020.6307031405,2414006.930894207
 08/04  15:00:00,5051315.10376798,270571.73985165416,2080125.1826173232,0.0,458094.77005673654,2224558.0993652875
 08/04  16:00:00,5359621.262351999,272992.13526365475,2083237.3565530065,0.0,995078.6590273534,1979868.0343694352
 08/04  17:00:00,4797497.544863578,234599.72089724522,1779480.3741587428,0.0,836702.776359336,1889824.5191711558
 08/04  18:00:00,4126621.651656121,209506.262101683,1580274.929545224,0.0,702232.6873015856,1562746.5251997155
 08/04  19:00:00,5001210.717252427,204355.34888449212,1533761.6628076741,0.0,1610652.844491722,1562614.3016836478
 08/04  20:00:00,10243837.770350654,139940.8684047052,1047651.3473795645,0.0,1819828.5385815557,7112156.942169061
 08/04  21:00:00,3630221.4516056795,126786.71930217923,950427.87688296,0.0,425523.1262627481,1980767.0154958027
 08/04  22:00:00,2227527.252568856,91118.7566626395,683542.1345811817,0.0,147020.6307031405,1178591.4381599645
 08/04  23:00:00,1923468.118350746,62801.43632198601,471539.3442119431,0.0,147020.6307031405,1153777.257051867
 08/04  24:00:00,1749109.1288573311,45531.48264450562,342184.1232987669,0.0,147020.6307031405,1145505.863349168
 08/05  01:00:00,1608133.202374147,29902.909134226342,225108.16402856098,0.0,147020.6307031405,1137234.469646469
 08/05  02:00:00,1494498.0338601083,17711.463969248223,133432.9437052814,0.0,147020.6307031405,1128963.07594377
 08/05  03:00:00,1406712.2761655757,6355.050546839758,47886.68368947171,0.0,147020.6307031405,1138079.9916874547
 08/05  04:00:00,1362784.5752508112,0.0,0.0,0.0,149411.2100641672,1144506.336324894
 08/05  05:00:00,1573912.0815791516,0.0,0.0,0.0,207681.58198919237,1298860.5800512908
 08/05  06:00:00,1837433.0860347361,0.0,0.0,0.0,243241.44998446413,1528318.8258346848
 08/05  07:00:00,2618213.025182614,0.0,0.0,0.0,651432.8758797687,1905398.6670565028
 08/05  08:00:00,3319202.275055634,0.0,0.0,0.0,648444.6516784854,2616861.6877462137
 08/05  09:00:00,3930195.110071415,748.5718269048206,5742.522402337039,0.0,621550.6338669354,3257240.1022827923
 08/05  10:00:00,4450190.772781996,22917.35155679666,177429.12034993002,0.0,835208.6642586945,3378705.012862618
 08/05  11:00:00,3791345.7627631566,33747.571730499294,264921.6951216468,0.0,255941.40283991836,3212781.343901788
 08/05  12:00:00,4148947.0414960543,88065.65398938919,699414.5889450619,0.0,147020.6307031405,3196480.855981484
 08/05  13:00:00,4198060.550055954,150714.67450556188,1209025.4697033858,0.0,147020.6307031405,2674831.5725899683
 08/05  14:00:00,4336929.753138081,193997.6705363589,1565436.318450478,0.0,147020.6307031405,2414006.930894207
 08/05  15:00:00,4286153.04103473,215983.45471762875,1742884.43879485,0.0,147020.6307031405,2162299.204942133
 08/05  16:00:00,3938029.9880350637,220608.83552038425,1772161.4853359736,0.0,147020.6307031405,1769793.9593370166
 08/05  17:00:00,3657879.4690831294,198769.72142623895,1587755.7607782118,0.0,147020.6307031405,1667443.2018984403
 08/05  18:00:00,3248179.209747465,181907.24937322087,1445287.1873231921,0.0,147020.6307031405,1402102.8948399979
 08/05  19:00:00,4616429.903459318,201093.10866374272,1583897.8431517938,0.0,1244595.3798345125,1497017.0124243775
 08/05  20:00:00,5234888.714392726,202119.59015673999,1578975.553137336,0.0,1819828.5385815557,1509704.958701328
 08/05  21:00:00,4255068.931600396,178768.30316319803,1389884.0047699949,0.0,1261030.6129415708,1278669.297063643
 08/05  22:00:00,2893099.7393347765,141911.87013898545,1097985.1977089085,0.0,339611.6804758519,1186336.6985491011
 08/05  23:00:00,2262497.1370682977,100438.0660323625,772931.7332191184,0.0,147020.6307031405,1153777.257051867
 08/05  24:00:00,2010208.8166902093,74887.79547282532,573927.4983033254,0.0,147020.6307031405,1145505.863349168
 08/06  01:00:00,1808601.961319131,52793.576405982785,402686.2557017886,0.0,147020.6307031405,1137234.469646469
 08/06  02:00:00,1612414.287811025,31141.761179826965,236421.79112253775,0.0,147020.6307031405,1128963.07594377
 08/06  03:00:00,1461665.8243316342,12564.54175952316,95133.6313197654,0.0,147020.6307031405,1138079.9916874547
 08/06  04:00:00,1422033.5991671653,791.9315198436799,5992.172312139894,0.0,147020.6307031405,1199361.8357702913
 08/06  05:00:00,1523493.6775521357,0.0,0.0,0.0,147020.6307031405,1321080.0018949788
 08/06  06:00:00,1804263.3781913877,8770.330347427403,67179.39762236596,0.0,147020.6307031405,1528894.1932106004
 08/06  07:00:00,2530946.1946143797,53915.38433236157,420681.91194319795,0.0,147020.6307031405,1858426.5506509077
 08/06  08:00:00,5614942.640584236,218674.34727305116,1748461.5615809597,0.0,897961.3724856446,2700440.7515828907
 08/06  09:00:00,7219066.359859049,299297.27541133005,2470907.668932637,0.0,1099666.5060722702,3307275.84839653
 08/06  10:00:00,8068869.809767572,375197.54494812246,3193055.7063863166,0.0,1063807.8156568701,3403872.3376684682
 08/06  11:00:00,8518886.783331333,429282.97269698913,3731791.4217386525,0.0,1015996.2284363367,3319359.520613133
 08/06  12:00:00,9210095.801859379,497093.64990772767,4373049.507806114,0.0,983125.76222222,3338861.570046339
 08/06  13:00:00,10030698.214608412,557037.4178008455,4932875.56215157,0.0,971172.8654170866,3553144.1666850112
 08/06  14:00:00,9812917.251889333,592129.9143312364,5250930.343382154,0.0,558797.9256399852,3394590.8659820617
 08/06  15:00:00,8863297.409574337,625726.772163512,5536952.456111824,0.0,458094.77005673654,2224558.0993652875
 08/06  16:00:00,9373555.072209679,644730.4533364509,5668396.065397693,0.0,995078.6590273534,2036904.817309634
 08/06  17:00:00,9296939.870246943,644730.4533364509,5566068.707169595,0.0,1066796.0398581533,1963951.6249287273
 08/06  18:00:00,9089752.09146714,644730.4533364509,5390230.736999974,0.0,1258042.3887402874,1723390.155559433
 08/06  19:00:00,8942899.05657974,617497.081326177,4997785.940137696,0.0,1610652.844491722,1619651.0846238467
 08/06  20:00:00,8370469.957532823,519892.26168398367,4119896.3411076576,0.0,2058886.4746842233,1535557.9316565385
 08/06  21:00:00,6588092.971271999,440820.02495464764,3451541.956719294,0.0,1259835.3232610575,1278699.1874134394
 08/06  22:00:00,4334535.5388154965,328374.30823006236,2544312.2133219107,0.0,147020.6307031405,1178591.4381599645
 08/06  23:00:00,3682251.6997259865,263235.6580245433,2023900.2665922998,0.0,147020.6307031405,1153777.257051867
 08/06  24:00:00,3196491.345907797,211827.0573628393,1623270.7656308992,0.0,147020.6307031405,1145505.863349168
 08/07  01:00:00,2853471.1757343956,173097.74246379716,1327251.304059239,0.0,147020.6307031405,1137234.469646469
 08/07  02:00:00,2575930.2175393295,142035.4109721468,1089044.0710585222,0.0,147020.6307031405,1128963.07594377
 08/07  03:00:00,2361042.901248914,116298.17781246925,890777.0721840994,0.0,147020.6307031405,1138079.9916874547
 08/07  04:00:00,2162853.498176596,92388.86484801774,707680.0580777671,0.0,149411.2100641672,1144506.336324894
 08/07  05:00:00,2298912.3054912603,80410.71736874082,618124.8516856559,0.0,268342.53327524423,1276641.1582076028
 08/07  06:00:00,2907717.5145954085,90802.3223229222,706019.7344292599,0.0,531903.9078284351,1526592.7237069376
 08/07  07:00:00,3739172.445582725,126611.8043508344,1004827.3813108469,0.0,651432.8758797687,1905398.6670565028
 08/07  08:00:00,5125757.742783806,198091.9609643816,1612954.8347330363,0.0,648444.6516784854,2616861.6877462137
 08/07  09:00:00,6682542.531161984,294522.2579010885,2467310.4760648864,0.0,621550.6338669354,3257240.1022827923
 08/07  10:00:00,8068650.421794916,370777.54688859626,3197256.316473186,0.0,1063807.8156568701,3403872.3376684682
 08/07  11:00:00,14996605.306188691,513175.5887290982,4523165.345096167,0.0,1015996.2284363367,8921811.504080866
 08/07  12:00:00,13855222.587018758,585634.2927056795,5217245.857874911,0.0,983125.76222222,7051251.362338969
 08/07  13:00:00,9908738.218415635,610834.4331249605,5433801.761839746,0.0,971172.8654170866,2876460.955479945
 08/07  14:00:00,9571290.733572988,615323.7056460837,5428997.947993461,0.0,971172.8654170866,2539328.0119624594
 08/07  15:00:00,9464851.048727762,630972.2214246423,5510441.278202609,0.0,977149.3138196532,2328322.9234038778
 08/07  16:00:00,9185134.50783348,644267.6076020827,5537475.129696062,0.0,995078.6590273534,1979868.0343694352
 08/07  17:00:00,10128058.486086871,644730.4533364509,5427157.452745296,0.0,1066796.0398581533,2933981.4951929552
 08/07  18:00:00,9102220.618635679,640589.0161492346,5288759.838740965,0.0,1258042.3887402874,1841471.0181741964
 08/07  19:00:00,8414410.87364246,565210.7322707142,4578620.889196076,0.0,1610652.844491722,1562614.3016836478
 08/07  20:00:00,8118858.285639945,488083.7046610003,3900093.226237763,0.0,2058886.4746842233,1535557.9316565385
 08/07  21:00:00,7718309.491220276,429088.00494821125,3397110.842268014,0.0,2372650.015818975,1362264.149261516
 08/07  22:00:00,9030988.014370736,384221.80100348825,3016537.533961947,0.0,1685358.4495238054,3808633.281481079
 08/07  23:00:00,5367754.362921752,312290.057348792,2437180.300771841,0.0,591668.3918541019,1932297.725592881
 08/07  24:00:00,3449563.62664768,237848.0129073635,1850322.0908262576,0.0,147020.6307031405,1145505.863349168
 08/08  01:00:00,3061287.251928677,194850.96157199674,1513314.1611453202,0.0,147020.6307031405,1137234.469646469
 08/08  02:00:00,2786437.5318895136,164361.54569184678,1277225.2506890066,0.0,147020.6307031405,1128963.07594377
 08/08  03:00:00,2598252.335208345,141747.3068654962,1102537.3770905035,0.0,147020.6307031405,1138079.9916874547
 08/08  04:00:00,2425528.6999744335,115040.93181184058,895238.2728274113,0.0,147020.6307031405,1199361.8357702913
 08/08  05:00:00,2383756.2996336143,98008.28744305362,762254.334638425,0.0,147020.6307031405,1321080.0018949788
 08/08  06:00:00,2516887.193732785,89698.07040697725,698875.4731042131,0.0,147020.6307031405,1528894.1932106004
 08/08  07:00:00,4182686.085804331,110554.31266463385,868524.6094689441,0.0,525329.8145856117,2627375.63210037
 08/08  08:00:00,5489630.976483465,173493.0298992573,1388135.091578683,0.0,1147478.0932928037,2731120.154051031
 08/08  09:00:00,12739315.3404942,289952.72814713966,2398049.213364246,0.0,1099666.5060722702,8909727.831864262
 08/08  10:00:00,13678714.782438777,410958.63140399416,3526889.334402972,0.0,1063807.8156568701,8644122.595867151
 08/08  11:00:00,8528080.440465093,425277.5913026604,3744990.460266741,0.0,1015996.2284363367,3319359.520613133
 08/08  12:00:00,8971021.828029951,467248.2799872773,4163820.9038971364,0.0,983125.76222222,3338861.570046339
 08/08  13:00:00,8184427.428478185,489338.2687352109,4372695.1589842355,0.0,558797.9256399852,2747127.872564857
 08/08  14:00:00,8142516.460932866,514858.92945994186,4574950.529978561,0.0,558797.9256399852,2477440.87330048
 08/08  15:00:00,7819595.731905868,510398.1417970736,4484135.064217543,0.0,561786.1498412685,2245311.0641730055
 08/08  16:00:00,7949971.202550357,524462.9247924108,4554666.021390155,0.0,888996.6998817946,1953400.4793474479
 08/08  17:00:00,7020453.642477548,508636.53372351546,4338038.684362173,0.0,376815.0717818296,1741570.3076560122
 08/08  18:00:00,6579663.95606165,456588.95636987395,3784737.430359481,0.0,702232.6873015856,1562746.5251997155
 08/08  19:00:00,6003664.166835488,396451.2747619537,3199943.1477308245,0.0,878537.9151773029,1431419.7231651072
 08/08  20:00:00,7102085.59736033,377224.83041721757,2994179.4122019317,0.0,2058886.4746842233,1535557.9316565385
 08/08  21:00:00,6394297.48447855,349349.1187078024,2750444.849304335,0.0,1816840.3143802728,1320466.7231625796
 08/08  22:00:00,4813592.209017515,288991.2810316951,2261406.6700749043,0.0,917384.8297939863,1209572.4797165105
 08/08  23:00:00,3419629.205407503,230268.09664573817,1794245.3336526218,0.0,147020.6307031405,1153777.257051867
 08/08  24:00:00,3012948.334684954,188562.51867327467,1462992.2930976204,0.0,147020.6307031405,1145505.863349168
 08/09  01:00:00,2726696.065196608,157195.3418645427,1216378.5941207055,0.0,147020.6307031405,1137234.469646469
 08/09  02:00:00,2500004.0694910893,132454.401722339,1022698.9322600905,0.0,147020.6307031405,1128963.07594377
 08/09  03:00:00,2331006.5873605795,112196.34421614153,864842.5918920923,0.0,147020.6307031405,1138079.9916874547
 08/09  04:00:00,2250204.2361649196,95957.91715296035,738996.8236767774,0.0,147020.6307031405,1199361.8357702913
 08/09  05:00:00,2248831.693796399,83350.45312452753,641987.5631197358,0.0,147020.6307031405,1321080.0018949788
 08/09  06:00:00,2504248.8670364628,77918.82557215044,602370.9393373099,0.0,243241.44998446413,1528318.8258346848
 08/09  07:00:00,3821712.936911372,131452.33184668038,1025490.5622034494,0.0,651432.8758797687,1962435.4499967017
 08/09  08:00:00,5068323.713819541,134617.82451370623,1066876.9388121723,0.0,1147478.0932928037,2669946.2495391695
 08/09  09:00:00,8583536.273120727,199312.8060680472,1608066.479444039,0.0,1099666.5060722702,5634571.420490087
 08/09  10:00:00,11950861.488520423,284702.3725444721,2330743.2254556455,0.0,1063807.8156568701,8238671.66975564
 08/09  11:00:00,7293251.107749594,316079.83659502293,2619358.882258879,0.0,1015996.2284363367,3319359.520613133
 08/09  12:00:00,7859556.10485666,389820.5645503402,3252175.805051256,0.0,878537.9151773029,3321056.5082007833
 08/09  13:00:00,8502413.810754271,444472.12780750357,3718308.2578912466,0.0,971172.8654170866,3351992.357084536
 08/09  14:00:00,15271282.467111945,538221.9913592851,4498629.391209186,0.0,971172.8654170866,9246790.016572492
 08/09  15:00:00,10238486.48796145,519238.2427972531,4320999.109458148,0.0,977149.3138196532,4403134.510009418
 08/09  16:00:00,7841676.299285106,523180.2158707593,4315104.312879009,0.0,995078.6590273534,1979868.0343694352
 08/09  17:00:00,7251737.11878791,488597.13550118566,3981219.642802216,0.0,836702.776359336,1889824.5191711558
 08/09  18:00:00,6075447.790629932,414211.2874251177,3322898.933872518,0.0,702232.6873015856,1562746.5251997155
 08/09  19:00:00,4809903.525043521,342927.88111383055,2707944.7351644235,0.0,329899.9518216811,1331818.8509432871
 08/09  20:00:00,3878605.838898072,257212.58649482118,2009341.7445852454,0.0,147020.6307031405,1328793.9287144458
 08/09  21:00:00,4893353.867904453,250529.5373112058,1945927.9416644732,0.0,1261030.6129415708,1278669.297063643
 08/09  22:00:00,4185179.7185932826,220218.22483481868,1701767.235847548,0.0,917384.8297939863,1209572.4797165105
 08/09  23:00:00,3216787.1053513144,176802.4453122817,1361266.9120670022,0.0,442257.18178993475,1142142.6788279596
 08/09  24:00:00,2572046.362064652,137033.10723256986,1052134.068533338,0.0,174512.29335494724,1139499.8640820477
 08/10  01:00:00,2270125.4634824945,105915.07110527331,811088.2631658614,0.0,147020.6307031405,1137234.469646469
 08/10  02:00:00,2049638.153683283,81574.89232791196,623212.5258467105,0.0,147020.6307031405,1128963.07594377
 08/10  03:00:00,1884882.647344696,61566.961506004845,469348.03458634554,0.0,147020.6307031405,1138079.9916874547
 08/10  04:00:00,1882316.6992700032,54261.156896081106,412806.0470387404,0.0,147020.6307031405,1199361.8357702913
 08/10  05:00:00,1904228.881613439,41972.97767943996,319541.46166068147,0.0,177351.10634616643,1309970.2909731348
 08/10  06:00:00,2099272.7576330397,42842.55761842926,328116.54979301605,0.0,147020.6307031405,1528894.1932106004
 08/10  07:00:00,5012180.86750887,200479.34237956518,1554405.6601485477,0.0,1032431.4615433951,2173962.68645259
 08/10  08:00:00,5065457.910317612,197049.38671297094,1553697.5765182518,0.0,648444.6516784854,2616861.6877462137
 08/10  09:00:00,5525136.6604360575,220065.6882957089,1778990.4252354023,0.0,265653.1314940892,3218508.3543645744
 08/10  10:00:00,6785529.417741826,285742.65945867874,2380804.2599323844,0.0,720311.4437193498,3365734.6495236196
 08/10  11:00:00,7971847.4852665905,378550.4790723864,3235484.617298512,0.0,1015996.2284363367,3319359.520613133
 08/10  12:00:00,8620520.91196609,441599.63748412265,3838968.63033643,0.0,983125.76222222,3338861.570046339
 08/10  13:00:00,9385228.277830321,571023.8625790526,5014257.853534326,0.0,868079.1304728113,2915399.2286902363
 08/10  14:00:00,9200637.436461536,604230.202903449,5311085.581309743,0.0,661891.6605842606,2606961.789110188
 08/10  15:00:00,9180486.988963246,641264.1167264198,5596079.483730812,0.0,561786.1498412685,2363391.926787769
 08/10  16:00:00,8545727.212361425,631969.5749596574,5440563.9235366145,0.0,570750.8224451186,1873997.8142814864
 08/10  17:00:00,8417655.656819213,627010.6463918169,5312945.039199276,0.0,606609.5128605186,1815697.413413584
 08/10  18:00:00,7262444.652325664,528629.2521157251,4395477.830877643,0.0,702232.6873015856,1562746.5251997155
 08/10  19:00:00,6595005.750589352,457649.5396805209,3730086.466566122,0.0,878537.9151773029,1431419.7231651072
 08/10  20:00:00,7694385.415971123,438674.931208428,3525029.1300215144,0.0,2058886.4746842233,1535557.9316565385
 08/10  21:00:00,6557133.608429936,396453.8496064979,3164979.8061258444,0.0,1538935.4636609217,1299568.0101131112
 08/10  22:00:00,5203776.615893373,328439.7610675381,2612142.5969149196,0.0,917384.8297939863,1209572.4797165105
 08/10  23:00:00,4146297.8906452996,275704.17595912697,2191875.966714142,0.0,442257.18178993475,1142142.6788279596
 08/10  24:00:00,3484874.3105358616,231984.2674078365,1848525.1934445936,0.0,202003.956006754,1133493.8648149273
 08/11  01:00:00,3081217.8304204186,193317.4253514611,1542163.0583712272,0.0,183775.7883789256,1093094.5294570555
 08/11  02:00:00,2874778.7972652134,172073.24888665133,1372796.7839061662,0.0,147020.6307031405,1115518.2142305868
 08/11  03:00:00,2727401.1803359073,153147.9888534877,1221782.6495531553,0.0,147020.6307031405,1138079.9916874547
 08/11  04:00:00,2679133.6352541833,140770.25130106875,1123113.8886179326,0.0,147020.6307031405,1199361.8357702913
 08/11  05:00:00,2708722.5476988764,130407.38544741354,1042844.6101146751,0.0,147020.6307031405,1321080.0018949788
 08/11  06:00:00,3036698.2741247225,121752.52479653513,981867.211388043,0.0,339462.2692657878,1527743.4584587691
 08/11  07:00:00,3376459.357328435,142684.20942163924,1166946.484306405,0.0,147020.6307031405,1858426.5506509077
 08/11  08:00:00,4441162.84131192,180501.38227539987,1497514.5704934802,0.0,147020.6307031405,2562230.3222089643
 08/11  09:00:00,7226136.383583524,294728.19789890625,2479552.551523372,0.0,1099666.5060722702,3307275.84839653
 08/11  10:00:00,8218953.221600165,387202.5005014644,3328139.944019404,0.0,1063807.8156568701,3403872.3376684682
 08/11  11:00:00,8315839.1939874515,453786.4264498751,3996249.057578276,0.0,582703.7192502519,3259146.241539744
 08/11  12:00:00,9067111.76665545,523581.8941883977,4693148.863883408,0.0,564774.3740425518,3267641.3226641156
 08/11  13:00:00,9175554.647460917,583227.9914109193,5269932.655291257,0.0,558797.9256399852,2747127.872564857
 08/11  14:00:00,9038578.348084932,620725.8742029112,5602751.091059218,0.0,352909.2781715629,2445723.9020973435
 08/11  15:00:00,8985252.765596239,644730.4533364509,5764348.475553037,0.0,354403.39027220453,2203805.1345575694
 08/11  16:00:00,8267944.181874091,644730.4533364509,5677954.061358934,0.0,147020.6307031405,1769793.9593370166
 08/11  17:00:00,8094713.364201298,644730.4533364509,5578628.923986169,0.0,147020.6307031405,1667443.2018984403
 08/11  18:00:00,8257614.893386949,644730.4533364509,5466960.401694829,0.0,424626.659002363,1649436.1318453937
 08/11  19:00:00,8752851.819084316,639389.6262561723,5318682.915064952,0.0,1061566.6475059078,1643386.0708723941
 08/11  20:00:00,8961040.861972727,569697.310190093,4672639.071626105,0.0,2058886.4746842233,1535557.9316565385
 08/11  21:00:00,8451939.8040773,499482.7485029222,4070826.176831899,0.0,2372650.015818975,1362264.149261516
 08/11  22:00:00,6964628.81987446,429082.11110992974,3482320.6648061452,0.0,1685358.4495238054,1240613.301972649
 08/11  23:00:00,4947490.749509729,344334.19525034225,2786030.0304055256,0.0,591668.3918541019,1137128.6819379493
 08/11  24:00:00,3975427.287813254,287748.60111283034,2326285.163786365,0.0,147020.6307031405,1145505.863349168
 08/12  01:00:00,3621832.203340386,249513.7923355698,2019196.2817934572,0.0,147020.6307031405,1137234.469646469
 08/12  02:00:00,3354759.8822404565,221072.90982737235,1790333.3462275048,0.0,147020.6307031405,1128963.07594377
 08/12  03:00:00,3165283.916583691,199214.64996515485,1613598.7246892722,0.0,147020.6307031405,1138079.9916874547
 08/12  04:00:00,3077157.2446879693,182592.4615640852,1479315.2877887024,0.0,147020.6307031405,1199361.8357702913
 08/12  05:00:00,3092178.409597775,170818.5513717598,1385889.3060892273,0.0,147020.6307031405,1321080.0018949788
 08/12  06:00:00,3645879.3501241505,201397.5582492499,1645657.3748053736,0.0,147020.6307031405,1585930.9761507993
 08/12  07:00:00,4592235.975276546,212086.76033818812,1761936.189755743,0.0,651432.8758797687,1905398.6670565028
 08/12  08:00:00,5945624.246376292,247533.46932713286,2102829.5002898877,0.0,897961.3724856446,2643403.9686426916
 08/12  09:00:00,7571630.732943028,323140.3563463462,2796634.7424354353,0.0,1099666.5060722702,3307275.84839653
 08/12  10:00:00,8317165.162476859,414635.2128970358,3652685.6487045535,0.0,835208.6642586944,3378705.012862618
 08/12  11:00:00,8642597.329624742,478225.515436231,4298568.104229211,0.0,582703.7192502519,3259146.241539744
 08/12  12:00:00,9433960.204050723,549047.3134323298,5034531.882034747,0.0,564774.3740425518,3267641.3226641156
 08/12  13:00:00,10001471.733546775,624330.6921964341,5812411.420715606,0.0,764985.3955285359,2783276.0225523016
 08/12  14:00:00,9760851.69077829,644730.4533364509,6063414.235947478,0.0,558797.9256399852,2477440.87330048
 08/12  15:00:00,9305795.049226798,644730.4533364509,6084890.759183595,0.0,354403.39027220453,2203805.1345575694
 08/12  16:00:00,8628242.33249051,644730.4533364509,6038252.211975352,0.0,147020.6307031405,1769793.9593370166
 08/12  17:00:00,8577010.442865267,644730.4533364509,5908965.229232006,0.0,261917.85124248502,1704506.7547772261
 08/12  18:00:00,8704824.59814813,644730.4533364509,5723253.684802465,0.0,702232.6873015856,1562746.5251997155
 08/12  19:00:00,9237183.184348227,644730.4533364509,5545186.402409757,0.0,1427624.1121631172,1529815.6570540126
 08/12  20:00:00,9726168.727966916,638455.1373473083,5369009.110463078,0.0,2058886.4746842233,1535557.9316565385
 08/12  21:00:00,13352678.311495656,592501.9129755461,4913671.741996985,0.0,2372650.015818975,5327137.927042161
 08/12  22:00:00,12400229.579090055,519811.0424011592,4276238.93673675,0.0,917384.8297939863,6559540.477696226
 08/12  23:00:00,5359851.315748456,401283.45783362957,3285838.547235122,0.0,442257.18178993475,1142142.6788279596
 08/12  24:00:00,4391673.949482758,331165.72617989336,2699114.700388806,0.0,147020.6307031405,1145505.863349168
 08/13  01:00:00,3953160.723034013,285149.9677706206,2314888.6260520327,0.0,147020.6307031405,1137234.469646469
 08/13  02:00:00,3605317.6923616403,248520.21389039612,2011946.7429625841,0.0,147020.6307031405,1128963.07594377
 08/13  03:00:00,3345838.5195064833,219587.4686324253,1772283.3996217123,0.0,147020.6307031405,1138079.9916874547
 08/13  04:00:00,3190952.810884318,196195.55513949436,1579507.760409642,0.0,147020.6307031405,1199361.8357702913
 08/13  05:00:00,3235327.7709552683,180416.39337550424,1454534.6411429006,0.0,268342.53327524423,1276641.1582076028
 08/13  06:00:00,3829282.4990903474,187888.27648078793,1530498.7647663332,0.0,531903.9078284351,1526592.7237069376
 08/13  07:00:00,10988099.730975077,292103.5002144875,2432848.6966904886,0.0,651432.8758797687,7560812.94120556
 08/13  08:00:00,10234577.701536974,433671.9607853977,3747110.5498181502,0.0,1147478.0932928037,4856912.489978933
 08/13  09:00:00,9489276.085293986,502331.8072583956,4538082.862520507,0.0,1099666.5060722702,3307275.84839653
 08/13  10:00:00,10679054.460817758,597626.4795922432,5580811.422792382,0.0,1063807.8156568701,3403872.3376684682
 08/13  11:00:00,11244846.005940747,644575.2351670184,6128409.250733822,0.0,1015996.2284363367,3433408.6517573455
 08/13  12:00:00,11345460.692070844,644730.4533364509,6181609.891511202,0.0,983125.76222222,3518029.273123991
 08/13  13:00:00,10663573.099318206,644730.4533364509,6211777.405471028,0.0,971172.8654170866,2819424.172539746
 08/13  14:00:00,10393972.772311011,644730.4533364509,6222273.239041118,0.0,971172.8654170866,2539328.0119624594
 08/13  15:00:00,10421598.427727014,644730.4533364509,6217207.613220065,0.0,977149.3138196532,2564545.735473868
 08/13  16:00:00,9875012.534368742,644730.4533364509,6169896.28834508,0.0,995078.6590273534,2036862.05652131
 08/13  17:00:00,9783923.867318777,644730.4533364509,6053052.704241429,0.0,1066796.0398581533,1963951.6249287273
 08/13  18:00:00,13057698.710851505,644730.4533364509,5873007.384194328,0.0,1258042.3887402874,5208560.127749445
 08/13  19:00:00,10322226.7626457,644730.4533364509,5673197.062988312,0.0,1610652.844491722,2296334.2958289133
 08/13  20:00:00,8837541.178125724,644730.4533364509,5521773.006279604,0.0,1102654.7302735536,1432146.0398356956
 08/13  21:00:00,7558471.553062315,644730.4533364509,5414389.764533801,0.0,147020.6307031405,1195134.2255653625
 08/13  22:00:00,7003926.931323108,598047.5397439182,4944030.374315666,0.0,147020.6307031405,1178591.4381599645
 08/13  23:00:00,5792404.887577094,479012.1945925592,3918276.917875392,0.0,147020.6307031405,1153777.257051867
 08/13  24:00:00,4959183.208001176,394387.43863528396,3203402.2464518333,0.0,147020.6307031405,1145505.863349168
 08/14  01:00:00,4364706.182839306,331906.3167067452,2679677.7369212005,0.0,147020.6307031405,1137234.469646469
 08/14  02:00:00,3903247.285925619,283447.6386064133,2274948.911810545,0.0,147020.6307031405,1128963.07594377
 08/14  03:00:00,3569232.1963567804,245991.23267463467,1969273.3124297997,0.0,147020.6307031405,1138079.9916874547
 08/14  04:00:00,3375440.3003823105,217519.48133273394,1742671.3237143953,0.0,147020.6307031405,1199361.8357702913
 08/14  05:00:00,3305965.9826225895,197141.2729514815,1585331.0321189726,0.0,147020.6307031405,1321080.0018949788
 08/14  06:00:00,3526149.5823006295,197107.04517589012,1600728.8869031447,0.0,147020.6307031405,1528894.1932106004
 08/14  07:00:00,4790566.856164563,234991.14925536502,1947842.4469881542,0.0,651432.8758797687,1905398.6670565028
 08/14  08:00:00,6533864.032369537,337188.32665922923,2881964.7586239185,0.0,648444.6516784854,2616861.6877462137
 08/14  09:00:00,8234514.299280397,438717.9712266639,3875086.530857722,0.0,621550.6338669354,3257240.1022827923
 08/14  10:00:00,8482926.849940708,496630.5391001046,4504683.040328895,0.0,147020.6307031405,3301656.234700774
 08/14  11:00:00,8512127.11564052,502049.7501642852,4643273.716904402,0.0,147020.6307031405,3197326.378022469
 08/14  12:00:00,10239123.025654573,598500.8539790902,5610647.114876203,0.0,669511.6322975331,3342498.1126247686
 08/14  13:00:00,10536726.933494529,644730.4533364509,6084931.239647348,0.0,971172.8654170866,2819424.172539746
 08/14  14:00:00,10267849.40877989,644730.4533364509,6096149.875509996,0.0,971172.8654170866,2539328.0119624594
 08/14  15:00:00,10026245.62176112,644730.4533364509,6058077.619324161,0.0,977149.3138196532,2328322.9234038778
 08/14  16:00:00,9685852.105612112,644730.4533364509,5980693.098800126,0.0,995078.6590273534,2036904.8173096343
 08/14  17:00:00,9606142.257862154,644730.4533364509,5875271.094784806,0.0,1066796.0398581533,1963951.6249287273
 08/14  18:00:00,10222505.984576318,644730.4533364509,5728090.731452025,0.0,1258042.3887402874,2518284.0542165604
 08/14  19:00:00,9487393.510175563,644730.4533364509,5572083.804663445,0.0,1610652.844491722,1562614.3016836478
 08/14  20:00:00,9827304.517022405,644730.4533364509,5451892.708944774,0.0,2058886.4746842233,1535557.9316565385
 08/14  21:00:00,15499299.780626357,644425.5195323573,5360311.633622215,0.0,2372650.015818975,6964716.132729249
 08/14  22:00:00,11963578.60695633,563906.2235804752,4625073.891186352,0.0,1685358.4495238054,4953003.0942652775
 08/14  23:00:00,5549366.967985956,425119.48314311844,3445529.736870807,0.0,442257.18178993475,1142142.6788279596
 08/14  24:00:00,4574108.705812861,346262.00812774687,2780510.5212323098,0.0,256987.28131036749,1121481.8662806866
 08/15  01:00:00,3931915.6748210243,288620.1305548486,2297558.197568445,0.0,183775.7883789256,1093094.5294570555
 08/15  02:00:00,3458528.6424755407,242097.80096182233,1911914.6911446068,0.0,147020.6307031405,1088628.490804221
 08/15  03:00:00,3178125.174660775,206289.33051115324,1617868.192897276,0.0,147020.6307031405,1138079.9916874547
 08/15  04:00:00,2954203.084852079,175192.763335348,1363760.8261815493,0.0,147020.6307031405,1199361.8357702913
 08/15  05:00:00,3068488.045140178,170587.63839688778,1317369.9462509558,0.0,147020.6307031405,1378116.7848351777
 08/15  06:00:00,3544283.677875972,164108.33831079907,1269279.8817219464,0.0,531903.9078284351,1526592.7237069376
 08/15  07:00:00,4233239.225796439,183677.1408318955,1441828.8250435,0.0,651432.8758797687,1905398.6670565028
 08/15  08:00:00,5873827.348074878,283765.7556608381,2275350.64532765,0.0,648444.6516784854,2616861.6877462137
 08/15  09:00:00,7342655.789313598,372785.98967256164,3049160.002445026,0.0,621550.6338669354,3257240.1022827923
 08/15  10:00:00,7943445.023082219,423841.7465266001,3526519.6705305395,0.0,606609.5128605186,3353537.688056768
 08/15  11:00:00,8269201.734102394,467231.5200138247,3937663.6134523503,0.0,582703.7192502519,3259146.241539744
 08/15  12:00:00,8799211.90558379,520442.6449402015,4428388.252059944,0.0,564774.3740425518,3267641.3226641156
 08/15  13:00:00,8711560.612320257,564120.7583031219,4825045.853258396,0.0,558797.9256399852,2747127.872564857
 08/15  14:00:00,9157623.92138196,600838.1701095849,5148382.190948702,0.0,868079.1304728113,2523856.2272969647
 08/15  15:00:00,9522919.22743609,642068.7395191689,5500376.155876213,0.0,977149.3138196532,2385359.706344077
 08/15  16:00:00,9149672.258493908,644730.4533364509,5501550.034622122,0.0,995078.6590273534,1979868.0343694352
 08/15  17:00:00,9168490.55450644,644730.4533364509,5437619.391429091,0.0,1066796.0398581533,1963951.6249287273
 08/15  18:00:00,8844187.436474388,626002.4559826793,5163394.079360994,0.0,1258042.3887402874,1723390.155559433
 08/15  19:00:00,8313722.04511136,557280.746149091,4485862.046786601,0.0,1610652.844491722,1562614.3016836478
 08/15  20:00:00,7533838.644023472,486475.91231579357,3846503.195082255,0.0,1580770.6024788884,1483851.9857461168
 08/15  21:00:00,6249195.760680864,403330.95709661,3148968.4146554796,0.0,1261030.6129415708,1278669.297063643
 08/15  22:00:00,5266397.25844468,344204.4522534501,2658998.5482803136,0.0,917384.8297939863,1209572.4797165105
 08/15  23:00:00,3854973.03180931,276358.243686716,2112598.519797729,0.0,220829.76847483907,1150868.6124958901
 08/15  24:00:00,3233700.409628423,218228.27631542436,1654078.6103989403,0.0,147020.6307031405,1145505.863349168
 08/16  01:00:00,2826772.997996165,172875.2893520232,1300775.579432782,0.0,147020.6307031405,1137234.469646469
 08/16  02:00:00,2481760.1140100006,134166.72783041856,1002742.650670922,0.0,147020.6307031405,1128963.07594377
 08/16  03:00:00,2206106.871435543,101025.04218992786,751114.1779932695,0.0,147020.6307031405,1138079.9916874547
 08/16  04:00:00,2038073.8690314516,74008.05690251093,548816.3167937589,0.0,147020.6307031405,1199361.8357702913
 08/16  05:00:00,2002762.675884298,56805.55202371004,422463.44630845205,0.0,147020.6307031405,1321080.0018949788
 08/16  06:00:00,2250490.616201895,61239.83544896415,460937.1305313362,0.0,147020.6307031405,1528894.1932106004
 08/16  07:00:00,2844840.5902737193,90562.78323986544,697928.9086950338,0.0,147020.6307031405,1858426.5506509077
 08/16  08:00:00,4167467.8219370693,157591.96958436575,1251220.291778909,0.0,147020.6307031405,2562230.3222089643
 08/16  09:00:00,5658551.220156459,232848.60870193527,1899622.0645495777,0.0,265653.1314940892,3218508.3543645744
 08/16  10:00:00,7340149.650475971,381180.93943363655,3174351.885045184,0.0,261917.85124248502,3489762.5696468735
 08/16  11:00:00,9015008.653669108,526846.7731345836,4448719.308291203,0.0,582703.7192502519,3434282.2131468453
 08/16  12:00:00,8738704.399091719,499630.67042751005,4266299.81119009,0.0,669362.2210874689,3285446.3845096715
 08/16  13:00:00,8400215.834731292,530196.1428554635,4547625.69111709,0.0,558797.9256399852,2747127.872564857
 08/16  14:00:00,8392532.002252582,558193.9351947259,4781631.065563493,0.0,558797.9256399852,2477440.87330048
 08/16  15:00:00,8978455.006886542,606386.3404842552,5173224.873104092,0.0,873308.5228250572,2307569.9585961597
 08/16  16:00:00,8978282.877842247,630305.1918180697,5344585.915488839,0.0,995078.6590273534,1979868.0343694352
 08/16  17:00:00,9053130.451313317,636847.9958542454,5330141.745718174,0.0,1066796.0398581533,1963951.6249287273
 08/16  18:00:00,7269489.155524867,538942.1141213314,4392060.060861175,0.0,702382.0985116498,1562746.5251997155
 08/16  19:00:00,7975045.579665157,471748.4800368198,3714825.2302656425,0.0,1427624.1121631172,2263535.6511992784
 08/16  20:00:00,7448840.955609475,420654.7416570608,3236330.9546993715,0.0,2058886.4746842233,1596731.8361684
 08/16  21:00:00,7137833.85955981,377159.7523671036,2868563.463188655,0.0,2372650.015818975,1362264.149261516
 08/16  22:00:00,6993948.04589043,431956.2799630446,3263560.2539605214,0.0,1685358.4495238054,1476836.1140426388
 08/16  23:00:00,4532618.146550156,327837.15834954515,2469069.218076705,0.0,442257.18178993475,1199136.7009798344
 08/16  24:00:00,3202783.7695435383,206345.84396459296,1549101.7491261412,0.0,256987.28131036749,1121481.8662806866
 08/17  01:00:00,2628075.108013862,151053.96716502632,1131283.7941511045,0.0,183775.7883789256,1093094.5294570555
 08/17  02:00:00,2240264.0776005937,111973.64160679726,837219.147337868,0.0,147020.6307031405,1075183.629091038
 08/17  03:00:00,2071834.8381278785,86678.13623216671,647118.5148968694,0.0,147020.6307031405,1122150.5274339514
 08/17  04:00:00,1984855.0912546301,67419.2056803423,502186.390239106,0.0,147020.6307031405,1199361.8357702913
 08/17  05:00:00,1958752.7750208313,51383.4089957373,383875.68847295817,0.0,147020.6307031405,1321080.0018949788
 08/17  06:00:00,2214477.041219188,56589.11007741229,429574.28092018154,0.0,147020.6307031405,1528894.1932106004
 08/17  07:00:00,3814545.656768013,105607.6710620277,822916.3182511171,0.0,905431.932988853,1929688.0174812432
 08/17  08:00:00,5664873.303643148,199547.3142679616,1598497.0388815233,0.0,1147478.0932928037,2669946.2495391695
 08/17  09:00:00,7186723.365407731,296480.42981325253,2441381.5200793967,0.0,1099666.5060722702,3307275.84839653
 08/17  10:00:00,8094687.369289439,381542.54526742414,3212528.2655888833,0.0,1063807.8156568701,3403872.3376684682
 08/17  11:00:00,8637310.304674085,447978.9292162939,3831518.9865620993,0.0,1015996.2284363367,3319359.520613133
 08/17  12:00:00,9152820.858403262,511449.93850467796,4423811.184643519,0.0,878537.9151773029,3321056.5082007833
 08/17  13:00:00,9357909.96829902,611154.2881598109,5310312.548236258,0.0,558797.9256399852,2861177.0037090695
 08/17  14:00:00,9492930.192291465,621931.9554583313,5405557.893569263,0.0,868079.1304728113,2580893.010237164
 08/17  15:00:00,9476182.537332121,637296.0838694917,5515448.904362121,0.0,977149.3138196532,2328322.9234038778
 08/17  16:00:00,8951855.805538846,635943.1892837589,5445070.359887296,0.0,888996.6998817947,1953400.4793474479
 08/17  17:00:00,8893668.68031341,616437.349415425,5191090.621157086,0.0,1066796.0398581533,1963951.6249287273
 08/17  18:00:00,10815916.384017285,563187.8586953087,4629917.644682832,0.0,1258042.3887402874,4291410.135067862
 08/17  19:00:00,8517798.107050195,493363.29081379133,3958686.520405804,0.0,1610652.844491722,2357783.3453385793
 08/17  20:00:00,7338033.094695218,435536.34663478215,3436726.3023771336,0.0,1819828.5385815557,1509704.958701328
 08/17  21:00:00,9677813.364074348,396578.25814250804,3099168.744813055,0.0,1261030.6129415708,4763839.269253654
 08/17  22:00:00,6541475.982805669,336286.7440255409,2609014.155234479,0.0,1493365.0445913507,1966573.0905538802
 08/17  23:00:00,4297093.447987731,267079.51473493734,2062501.7589324492,0.0,741079.6019182691,1132114.685047939
 08/17  24:00:00,3429043.5070620114,217682.24663379343,1677484.7855964112,0.0,367551.5767578512,1097457.8692122055
 08/18  01:00:00,2917738.99846778,180349.59324472287,1387959.667268512,0.0,165398.20954103305,1115164.4995517621
 08/18  02:00:00,2653391.4274625783,150945.00828885706,1159092.7929881422,0.0,147020.6307031405,1128963.07594377
 08/18  03:00:00,2471098.1829945827,128958.5533569509,989669.0877083678,0.0,147020.6307031405,1138079.9916874547
 08/18  04:00:00,2384017.628209658,111709.68366875064,857058.4492057257,0.0,147020.6307031405,1199361.8357702913
 08/18  05:00:00,2400643.7998862145,99492.88933613773,765680.3584132894,0.0,147020.6307031405,1321080.0018949788
 08/18  06:00:00,2797238.499243958,98423.71304807079,765736.2482557427,0.0,339462.2692657878,1527743.458458769
 08/18  07:00:00,3266825.5350599894,118988.00241254475,943162.7786514983,0.0,273123.6919972976,1870169.5797523065
 08/18  08:00:00,4993613.3822476715,184061.71205715914,1490349.3951348788,0.0,648444.6516784854,2616861.6877462137
 08/18  09:00:00,7146603.637569731,291086.66611992574,2399244.7710628416,0.0,621550.6338669354,3789808.286827583
 08/18  10:00:00,10598253.616450628,395410.41629418125,3319773.324743149,0.0,606609.5128605186,6240529.738798821
 08/18  11:00:00,7998997.846834986,430856.0649069144,3702338.0719687706,0.0,582703.7192502519,3259146.241539744
 08/18  12:00:00,8754987.179157015,501299.8771338647,4403306.293439505,0.0,564774.3740425518,3267641.3226641156
 08/18  13:00:00,8946106.378325794,568287.668771279,5055424.708795776,0.0,558797.9256399852,2747127.872564857
 08/18  14:00:00,9056952.589595258,605206.3519898679,5399039.236111028,0.0,558797.9256399852,2477440.87330048
 08/18  15:00:00,8903109.165533345,615738.3844095109,5462308.255232582,0.0,561786.1498412685,2245311.0641730055
 08/18  16:00:00,8309732.817779368,598026.3946967291,5238512.709217485,0.0,570750.8224451186,1873997.8142814864
 08/18  17:00:00,8036621.5499985125,579641.9031150498,4977782.566332262,0.0,606609.5128605186,1815697.413413584
 08/18  18:00:00,7067038.1905296575,504030.6163583292,4226167.114162114,0.0,702232.6873015856,1562746.5251997155
 08/18  19:00:00,6677436.945163101,441377.56694848323,3620447.8035290753,0.0,1061566.6475059078,1464218.3677947423
 08/18  20:00:00,7586753.96873739,425719.6801306546,3442329.808450207,0.0,2058886.4746842233,1535557.9316565385
 08/18  21:00:00,7380381.743645458,387620.87485121714,3111129.99005176,0.0,2372650.015818975,1362264.149261516
 08/18  22:00:00,5696143.102301251,338917.04874081287,2703507.230595033,0.0,1301371.6396588958,1225092.8908445798
 08/18  23:00:00,3832757.994835105,273350.67407285556,2170279.982945432,0.0,147020.6307031405,1153777.257051867
 08/18  24:00:00,3408123.0112625263,229524.17314181887,1817205.3152066485,0.0,147020.6307031405,1145505.863349168
 08/19  01:00:00,3119890.1455287165,198504.43352399656,1568263.58279336,0.0,147020.6307031405,1137234.469646469
 08/19  02:00:00,2901804.3261713544,175069.5177287563,1383381.1822570197,0.0,147020.6307031405,1128963.07594377
 08/19  03:00:00,2759477.4158536787,157678.97113955865,1249327.902784856,0.0,147020.6307031405,1138079.9916874547
 08/19  04:00:00,2711601.8064505784,144824.5321455748,1151527.778969822,0.0,147020.6307031405,1199361.8357702913
 08/19  05:00:00,2751378.833950992,135519.84802561518,1080388.4337885892,0.0,147020.6307031405,1321080.0018949788
 08/19  06:00:00,2938187.76051028,132558.2707520959,1063841.8556288555,0.0,147020.6307031405,1528894.1932106004
 08/19  07:00:00,3370584.065595084,142612.35630704154,1161143.0456876522,0.0,147020.6307031405,1858426.5506509077
 08/19  08:00:00,4967076.527026899,162573.84910738457,1347270.9020120613,0.0,773203.012082065,2630132.8281944524
 08/19  09:00:00,5065631.037752312,163297.68719065556,1373258.5850105472,0.0,265653.1314940892,3218508.3543645744
 08/19  10:00:00,5084300.492327934,168635.29852235795,1431057.7046477061,0.0,147020.6307031405,3301656.234700774
 08/19  11:00:00,5202134.220802182,192799.63089890685,1641033.8320083623,0.0,147020.6307031405,3197326.378022469
 08/19  12:00:00,5454783.681912393,219434.84687112147,1873882.0364796692,0.0,147020.6307031405,3196480.855981484
 08/19  13:00:00,5485952.997002976,276067.65823856054,2371564.9329174105,0.0,147020.6307031405,2674831.5725899683
 08/19  14:00:00,5897379.677195304,344176.52185327664,2975707.391190783,0.0,147020.6307031405,2414006.930894207
 08/19  15:00:00,6400303.8466581255,395581.1012012048,3428548.9087501685,0.0,354403.39027220453,2203805.1345575694
 08/19  16:00:00,6787733.629904883,448320.2888148661,3866219.627224862,0.0,570750.8224451186,1873997.8142814864
 08/19  17:00:00,7106642.676180318,485299.58372066694,4142146.01190845,0.0,606609.5128605186,1815697.413413584
 08/19  18:00:00,6920770.700981068,448431.4703150837,3777272.1047575604,0.0,980137.5380209365,1643068.340379574
 08/19  19:00:00,7256091.3502199855,428654.9565043069,3564342.6881554173,0.0,1610652.844491722,1562614.3016836478
 08/19  20:00:00,7537361.077062117,412418.25374237966,3406238.343163209,0.0,2058886.4746842233,1535557.9316565385
 08/19  21:00:00,7508450.490576328,392151.83212242933,3234667.779711419,0.0,2372650.015818975,1362264.149261516
 08/19  22:00:00,6296472.69338662,351614.1989248768,2891632.4505033586,0.0,1685358.4495238054,1240613.301972649
 08/19  23:00:00,4238121.335432233,294494.7626498417,2412698.2485341313,0.0,294638.90624653763,1147959.9679399133
 08/19  24:00:00,3646453.442206543,249413.1201038369,2035646.7991886477,0.0,147020.6307031405,1145505.863349168
 08/20  01:00:00,3362564.9805236766,220042.288214324,1789400.5630979927,0.0,147020.6307031405,1137234.469646469
 08/20  02:00:00,3140610.125355721,197266.0862382075,1598493.303608853,0.0,147020.6307031405,1128963.07594377
 08/20  03:00:00,2976030.9573719995,178745.2527126862,1443318.0534069678,0.0,147020.6307031405,1138079.9916874547
 08/20  04:00:00,2892439.9648651006,163289.99919496535,1313900.4703349543,0.0,147020.6307031405,1199361.8357702913
 08/20  05:00:00,2878630.4957383224,150265.6583360295,1204871.1598501573,0.0,147020.6307031405,1321080.0018949788
 08/20  06:00:00,3806799.545965001,192146.21309449396,1543365.834943718,0.0,435085.44370685477,1583803.2279120805
 08/20  07:00:00,4874108.184388084,202920.63810487805,1646021.6750614252,0.0,1032431.4615433951,1941832.692693614
 08/20  08:00:00,5988187.585712375,259053.3052034467,2138364.331718902,0.0,897961.3724856446,2643403.9686426916
 08/20  09:00:00,13669581.226163428,381954.44300452573,3236313.384176087,0.0,1099666.5060722702,8909727.831864262
 08/20  10:00:00,9180298.749221494,403260.31961368804,3511672.8491188046,0.0,1063807.8156568701,4168621.359724338
 08/20  11:00:00,8577361.077644438,426656.650550629,3792892.0381981162,0.0,1015996.2284363367,3319359.520613133
 08/20  12:00:00,9194959.735528085,486024.50977635797,4368982.581606191,0.0,983125.76222222,3338861.570046339
 08/20  13:00:00,9002830.391951546,517588.74195912114,4678176.409481694,0.0,971172.8654170866,2819424.172539746
 08/20  14:00:00,8783860.16394865,523648.83979664464,4733242.244218561,0.0,971172.8654170866,2539328.0119624594
 08/20  15:00:00,8260666.196375362,543806.9977433807,4891796.672740729,0.0,561786.1498412685,2245311.0641730055
 08/20  16:00:00,8790191.151198173,578670.5621307943,5151092.035591843,0.0,995078.6590273534,2036904.8173096343
 08/20  17:00:00,8590928.539956436,563417.1806181166,4941370.649597421,0.0,1066796.0398581533,1963951.6249287273
 08/20  18:00:00,8808051.09140493,516818.00387862814,4441548.287738458,0.0,1258042.3887402874,2518284.05421656
 08/20  19:00:00,7686288.909758503,468583.01441404654,3947126.643168786,0.0,1610652.844491722,1562614.3016836478
 08/20  20:00:00,7933443.835401513,451109.7801458896,3751652.700514442,0.0,2058886.4746842233,1535557.9316565385
 08/20  21:00:00,6979796.8995503485,398183.32925774413,3287110.053826191,0.0,1816840.3143802728,1320466.7231625796
 08/20  22:00:00,5294166.977000082,330007.33876195265,2700965.3803272145,0.0,917384.8297939863,1209572.4797165105
 08/20  23:00:00,4043695.798013431,274697.90789911133,2232081.1285737325,0.0,294638.90624653763,1147959.9679399133
 08/20  24:00:00,3517455.7822775645,237433.32916124683,1918628.9302022592,0.0,147020.6307031405,1145505.863349168
 08/21  01:00:00,3133745.86178206,197234.53833076655,1583389.1942399337,0.0,147020.6307031405,1137234.469646469
 08/21  02:00:00,2954264.0069765775,179379.8258324825,1430033.4456354342,0.0,147020.6307031405,1128963.07594377
 08/21  03:00:00,2649280.3764643623,152140.8520198639,1206889.730206166,0.0,147020.6307031405,1074362.1346734418
 08/21  04:00:00,2645827.462818594,138173.94915815545,1092404.018325257,0.0,147020.6307031405,1199361.8357702913
 08/21  05:00:00,2656350.537091642,127213.20959508141,1005643.649944425,0.0,147020.6307031405,1321080.0018949788
 08/21  06:00:00,2894168.0981699983,129722.6833710795,1036131.7645773243,0.0,147020.6307031405,1528894.1932106004
 08/21  07:00:00,4163707.7282503345,168651.87914302765,1387322.5891862637,0.0,651432.8758797687,1905398.6670565028
 08/21  08:00:00,6134542.274529218,294974.7846301918,2524856.5428126366,0.0,648444.6516784854,2616861.6877462137
 08/21  09:00:00,8392415.165049586,449327.96205315046,3965340.622860225,0.0,621550.6338669354,3314276.8852229915
 08/21  10:00:00,9548387.85350759,505644.6387760359,4542126.656298422,0.0,1063807.8156568701,3403872.3376684682
 08/21  11:00:00,12567395.872385316,583378.6944205149,5298909.216975552,0.0,1015996.2284363367,5646655.09270669
 08/21  12:00:00,17324116.69577824,644730.4533364509,5911513.68443837,0.0,878537.9151773029,9871369.330949137
 08/21  13:00:00,10357049.357841823,644730.4533364509,5952691.522828181,0.0,558797.9256399852,3184361.2534833094
 08/21  14:00:00,9649613.425574278,644730.4533364509,5952175.970743466,0.0,558797.9256399852,2477440.87330048
 08/21  15:00:00,9642147.464434242,644730.4533364509,5923166.973601909,0.0,769467.731830461,2286816.9937884416
 08/21  16:00:00,9503888.683471285,644730.4533364509,5855766.459599497,0.0,995078.6590273534,1979868.0343694352
 08/21  17:00:00,9459024.066270065,644730.4533364509,5728152.903192716,0.0,1066796.0398581533,1963951.6249287273
 08/21  18:00:00,9258289.341864567,644730.4533364509,5558767.987397402,0.0,1258042.3887402874,1723390.155559433
 08/21  19:00:00,9302842.715540878,642134.4561716475,5390129.007193562,0.0,1610652.844491722,1562614.3016836478
 08/21  20:00:00,9294986.618867924,602495.535133268,4961809.728993475,0.0,2058886.4746842233,1535557.9316565385
 08/21  21:00:00,10357218.466910463,526536.2980639695,4287701.538015595,0.0,2372650.015818975,3013134.136088364
 08/21  22:00:00,7008241.052462058,434322.3729256414,3511709.9796395428,0.0,1685358.4495238054,1240613.301972649
 08/21  23:00:00,5135837.050150301,358487.34068587696,2882036.1417311584,0.0,666373.9968861855,1134621.683492944
 08/21  24:00:00,4103159.041327536,297719.9248719582,2379588.6033874596,0.0,229495.61865856074,1127487.865547807
 08/22  01:00:00,3593560.317170044,250412.50961158235,1990025.6783471021,0.0,147020.6307031405,1137234.469646469
 08/22  02:00:00,3241476.487808843,213037.32905161672,1683588.423248566,0.0,147020.6307031405,1128963.07594377
 08/22  03:00:00,2997600.631332527,185309.19059348595,1458323.7894866953,0.0,147020.6307031405,1138079.9916874547
 08/22  04:00:00,2856091.1425574403,162925.61910834428,1277916.0281139142,0.0,147020.6307031405,1199361.8357702913
 08/22  05:00:00,2800212.124700088,144633.91913774284,1132084.5280102096,0.0,147020.6307031405,1321080.0018949788
 08/22  06:00:00,2909913.247120271,133643.46502714168,1047956.131871535,0.0,147020.6307031405,1528894.1932106004
 08/22  07:00:00,3234250.2991389465,132667.15791791122,1045234.2428822154,0.0,147020.6307031405,1858426.5506509077
 08/22  08:00:00,4026178.596203197,141954.41955072028,1125568.6160786818,0.0,147020.6307031405,2562230.3222089643
 08/22  09:00:00,4744140.656134717,150206.19899923968,1199396.9936608863,0.0,147020.6307031405,3205597.771725168
 08/22  10:00:00,5457081.298893865,161893.15054446692,1302104.5423243186,0.0,606609.5128605186,3353537.688056768
 08/22  11:00:00,5587841.773885694,189142.06442790185,1534393.1088215737,0.0,582703.7192502519,3259146.241539744
 08/22  12:00:00,5545867.290209925,224194.90762567293,1837977.0315171385,0.0,251459.06653799335,3214270.972652142
 08/22  13:00:00,5336358.446348197,268840.609715293,2229197.430785898,0.0,147020.6307031405,2674831.5725899683
 08/22  14:00:00,5942000.526586439,308095.8252090822,2581197.6998829944,0.0,558797.9256399852,2477440.87330048
 08/22  15:00:00,8847795.545288065,352987.340408279,2968668.8394880346,0.0,873308.5228250572,4634865.530689717
 08/22  16:00:00,13502569.193592038,448874.4956145659,3765089.133028875,0.0,782914.7407362361,8477245.747073812
 08/22  17:00:00,8678986.697082857,453816.47389655723,3782376.405133675,0.0,606609.5128605186,3780791.2602380896
 08/22  18:00:00,5810718.0156134125,375857.1308399248,3096523.3154411926,0.0,702232.6873015856,1562746.5251997155
 08/22  19:00:00,6275148.155245674,343336.24090651196,2790822.1758511877,0.0,878537.9151773029,2165139.7173103727
 08/22  20:00:00,5868414.195488333,310576.0663427685,2499143.5233001458,0.0,624837.6804883471,2297619.976956653
 08/22  21:00:00,4845648.619870039,271980.3568376097,2176158.1375378314,0.0,982528.1173819632,1257785.529189073
 08/22  22:00:00,4563729.999234663,256554.20000345816,2043981.54132029,0.0,917384.8297939863,1209572.4797165105
 08/22  23:00:00,3455927.0393721964,214534.80937618064,1704475.4684554285,0.0,294638.90624653763,1147959.9679399133
 08/22  24:00:00,2989625.622497734,182337.99385623055,1445894.105727445,0.0,147020.6307031405,1145505.863349168
 08/23  01:00:00,2766870.724632789,158574.84375221314,1255173.751669216,0.0,147020.6307031405,1137234.469646469
 08/23  02:00:00,2573740.548102975,137801.9199277109,1091087.8926666041,0.0,147020.6307031405,1128963.07594377
 08/23  03:00:00,2478495.408894243,125907.85254285546,998619.905099042,0.0,147020.6307031405,1138079.9916874547
 08/23  04:00:00,2460939.082525931,116798.77429984862,928890.8128909005,0.0,147020.6307031405,1199361.8357702913
 08/23  05:00:00,2505618.186517518,109474.10197309812,872650.4069922839,0.0,147020.6307031405,1321080.0018949788
 08/23  06:00:00,2751072.512493702,113405.02290123425,909353.8393708734,0.0,147020.6307031405,1528894.1932106004
 08/23  07:00:00,3335768.842179112,140347.54446907018,1139072.3993712217,0.0,147020.6307031405,1858426.5506509077
 08/23  08:00:00,4882900.839765483,230077.43845099106,1894167.8407406968,0.0,147020.6307031405,2562230.3222089643
 08/23  09:00:00,7031416.985580031,331959.5449214405,2778747.6434625806,0.0,621550.6338669354,3257240.1022827923
 08/23  10:00:00,7695549.940932168,389007.499108606,3313458.8357984815,0.0,606609.5128605186,3353537.688056768
 08/23  11:00:00,8218121.373772811,451919.01053179463,3901895.762604798,0.0,582703.7192502519,3259146.241539744
 08/23  12:00:00,9009649.936949663,518640.27028360596,4518235.749191938,0.0,669362.2210874688,3285446.3845096715
 08/23  13:00:00,8913257.454644408,573807.2770259464,5017056.176859723,0.0,558797.9256399852,2747127.872564857
 08/23  14:00:00,8975386.84264613,607045.9412395117,5315633.899912256,0.0,558797.9256399852,2477440.87330048
 08/23  15:00:00,13143692.451408658,640937.493882587,5598769.52270996,0.0,561786.1498412685,6324233.973097864
 08/23  16:00:00,13058829.408309763,644730.4533364509,5590237.230569998,0.0,995078.6590273534,5800337.988237412
 08/23  17:00:00,9138318.841973877,635575.5037145946,5416602.628518384,0.0,1066796.0398581533,1963951.6249287273
 08/23  18:00:00,8229761.474677434,554275.1354529182,4620695.438093801,0.0,1258042.3887402874,1723390.155559433
 08/23  19:00:00,7632503.842976458,475488.14509556803,3886436.44570522,0.0,1610652.844491722,1562614.3016836478
 08/23  20:00:00,7580784.889734694,423951.155132362,3426152.379861151,0.0,2058886.4746842233,1535557.9316565385
 08/23  21:00:00,7198041.303148191,398010.0011299054,3206724.221783054,0.0,2094745.1650996238,1341365.436212048
 08/23  22:00:00,4730884.099839233,317380.9402511602,2550981.5220008525,0.0,532202.7302485633,1194081.9589382375
 08/23  23:00:00,3771439.661919708,263198.3948880184,2113125.491922546,0.0,147020.6307031405,1153777.257051867
 08/23  24:00:00,3385251.3483393006,224439.77754859524,1799418.0478766465,0.0,147020.6307031405,1145505.863349168
 08/24  01:00:00,3112468.674831604,195621.89284075503,1563724.6527794895,0.0,147020.6307031405,1137234.469646469
 08/24  02:00:00,2906649.3631131835,174370.70952903194,1387427.918075491,0.0,147020.6307031405,1128963.07594377
 08/24  03:00:00,2740749.8217406366,155561.61601311827,1231220.554475173,0.0,147020.6307031405,1138079.9916874547
 08/24  04:00:00,2644324.35873589,138746.18408972613,1090328.679310982,0.0,147020.6307031405,1199361.8357702913
 08/24  05:00:00,2602589.689187519,122563.77999489062,956532.2316404924,0.0,147020.6307031405,1321080.0018949788
 08/24  06:00:00,2973360.37292803,119893.33436104162,933862.4845345782,0.0,339462.2692657878,1527743.458458769
 08/24  07:00:00,4560557.128567696,157740.5688670543,1238506.4847119483,0.0,1159430.9900979372,1953977.3679059842
 08/24  08:00:00,5803575.698114656,245865.88565990026,1966939.863664729,0.0,897961.3724856445,2643403.9686426916
 08/24  09:00:00,6881647.184941895,321447.91558981634,2639489.472156069,0.0,621550.6338669354,3257240.1022827923
 08/24  10:00:00,7538393.140933509,375969.5788719238,3169339.9560365044,0.0,606609.5128605186,3353537.688056768
 08/24  11:00:00,9122052.941011947,514816.8233907304,4444417.098313027,0.0,691026.8465467731,3449335.5329151927
 08/24  12:00:00,10282717.90878506,638622.3742389658,5618414.197970385,0.0,564923.785252616,3442792.2394461147
 08/24  13:00:00,9426852.789264562,613368.0520115446,5491090.736494279,0.0,558797.9256399852,2747127.872564857
 08/24  14:00:00,9488214.094134036,640107.1133176167,5795399.979322056,0.0,558797.9256399852,2477440.87330048
 08/24  15:00:00,9582590.579911258,644730.4533364509,5863610.089078927,0.0,769467.731830461,2286816.9937884416
 08/24  16:00:00,8972919.554790257,644730.4533364509,5854995.387588652,0.0,570750.8224451186,1873997.8142814864
 08/24  17:00:00,9054070.273324197,644730.4533364509,5779529.664131433,0.0,721656.1446099273,1852760.9662923696
 08/24  18:00:00,8959795.053311594,644730.4533364509,5618500.364743637,0.0,980137.5380209364,1643068.3403795743
 08/24  19:00:00,8183435.099432596,611456.2121197368,5164709.14297015,0.0,878537.9151773029,1431419.7231651072
 08/24  20:00:00,8667077.942763403,559849.9548749984,4641457.542205104,0.0,1819828.538581556,1509704.9587013277
 08/24  21:00:00,8549317.255299173,504468.92794222257,4152737.6833529007,0.0,2372650.015818975,1362264.149261516
 08/24  22:00:00,6665441.325531704,436297.7006634934,3566442.145964315,0.0,1301371.6396588958,1225092.8908445798
 08/24  23:00:00,4573759.841706392,348868.95675450197,2829775.1098427475,0.0,147020.6307031405,1153777.257051867
 08/24  24:00:00,3999300.8926613824,291164.83566964313,2346742.534077681,0.0,147020.6307031405,1145505.863349168
 08/25  01:00:00,3545677.3758438476,244251.05931301447,1955688.9698331023,0.0,183775.7883789256,1093094.5294570555
 08/25  02:00:00,3261238.0138373277,214075.4782430898,1703808.9094086594,0.0,147020.6307031405,1128963.07594377
 08/25  03:00:00,3035001.3937434806,188882.8651748211,1493647.9866393951,0.0,147020.6307031405,1138079.9916874547
 08/25  04:00:00,2886138.720261585,165991.37483484755,1304897.8500915559,0.0,147020.6307031405,1199361.8357702913
 08/25  05:00:00,2823880.4820516775,145494.34196526615,1142915.587949624,0.0,147020.6307031405,1321080.0018949788
 08/25  06:00:00,3031188.1462269817,144088.08845420097,1145312.4236434523,0.0,147020.6307031405,1528894.1932106004
 08/25  07:00:00,8534638.428635921,211346.21722563688,1728942.1358731752,0.0,1159430.9900979372,5373537.6031928295
 08/25  08:00:00,7020176.232394229,330097.3405927826,2818758.613338537,0.0,1147478.0932928037,2669946.2495391695
 08/25  09:00:00,8600798.614062812,445559.2876740715,3967459.5013870317,0.0,860608.5699696029,3282257.9753396614
 08/25  10:00:00,9239109.35052925,516286.43636390805,4726745.089494098,0.0,606609.5128605186,3353537.688056768
 08/25  11:00:00,9810277.64291955,576320.3655078255,5368153.567452423,0.0,582703.7192502519,3259146.241539744
 08/25  12:00:00,10502072.254081618,637761.096396519,6013930.149101453,0.0,564774.3740425518,3267641.3226641156
 08/25  13:00:00,10088445.149979986,644730.4533364509,6121320.695884797,0.0,558797.9256399852,2747127.872564857
 08/25  14:00:00,9888830.450742718,644730.4533364509,6134356.212971706,0.0,558797.9256399852,2534477.656240679
 08/25  15:00:00,9623377.285741169,644730.4533364509,6153584.306513467,0.0,561786.1498412685,2245311.0641730055
 08/25  16:00:00,9169009.963075224,644730.4533364509,6183069.307545231,0.0,464818.27450962405,1847946.850545369
 08/25  17:00:00,9624750.300364219,644730.4533364509,6082553.266075964,0.0,836702.776359336,2003873.6503153685
 08/25  18:00:00,9537252.542352956,644730.4533364509,5839228.297208873,0.0,1258042.3887402874,1723390.155559433
 08/25  19:00:00,9508489.925203267,644730.4533364509,5600665.766306557,0.0,1610652.844491722,1562614.3016836478
 08/25  20:00:00,9775201.969434805,644730.4533364509,5411767.035941825,0.0,2058886.4746842233,1535557.9316565385
 08/25  21:00:00,9687078.913052002,631562.8056975617,5173885.228611961,0.0,2372650.015818975,1362264.149261516
 08/25  22:00:00,6984674.611054249,521860.559279096,4208602.449802726,0.0,917384.8297939863,1209572.4797165105
 08/25  23:00:00,5422365.647946094,417250.5340686817,3332385.803197708,0.0,442257.18178993475,1142142.6788279596
 08/25  24:00:00,4447563.97899823,335570.62134836224,2664657.1811970635,0.0,256987.28131036749,1121481.8662806866
 08/26  01:00:00,3861673.6380435727,282280.7343059181,2229963.165783109,0.0,165398.20954103305,1115164.4995517621
 08/26  02:00:00,3454949.484378581,238449.86066060912,1873145.9975323929,0.0,147020.6307031405,1128963.07594377
 08/26  03:00:00,3146075.0675162403,203487.34080143948,1590117.1847855372,0.0,147020.6307031405,1138079.9916874547
 08/26  04:00:00,2955639.42453726,175368.7481160879,1365021.1810859905,0.0,147020.6307031405,1199361.8357702913
 08/26  05:00:00,2872260.50771977,152190.67314098973,1184599.2824419925,0.0,147020.6307031405,1321080.0018949788
 08/26  06:00:00,3060535.3425488723,148728.56642554654,1170019.1419939972,0.0,147020.6307031405,1528894.1932106004
 08/26  07:00:00,4792934.033292845,178122.69779467984,1440021.495247901,0.0,1159430.9900979372,1953977.3679059842
 08/26  08:00:00,6702522.030705871,300108.4469910454,2531093.305251918,0.0,1147478.0932928037,2669946.2495391695
 08/26  09:00:00,8619528.86231516,422981.2111211105,3744692.017032804,0.0,1099666.5060722702,3307275.84839653
 08/26  10:00:00,8569318.557431284,498942.73930708936,4585768.328966325,0.0,147020.6307031405,3301656.234700774
 08/26  11:00:00,9471349.764214648,563046.3409536277,5291251.189333913,0.0,364862.1749766962,3228236.3097811067
 08/26  12:00:00,9902651.827159625,620703.3555874289,5920481.673010593,0.0,147020.6307031405,3196480.855981484
 08/26  13:00:00,9931358.544368435,644730.4533364509,6206270.887729112,0.0,352909.2781715628,2710979.7225774126
 08/26  14:00:00,9930796.771856237,644730.4533364509,6233359.317025425,0.0,558797.9256399852,2477440.87330048
 08/26  15:00:00,9695033.369232902,644730.4533364509,6225240.390005199,0.0,561786.1498412685,2245311.0641730055
 08/26  16:00:00,9278201.765807698,644730.4533364509,6160277.598606092,0.0,570750.8224451186,1873997.8142814864
 08/26  17:00:00,9139540.542579304,644730.4533364509,6015613.008691653,0.0,606609.5128605186,1815697.413413584
 08/26  18:00:00,9316941.889646702,644730.4533364509,5798030.977452221,0.0,1119089.963380612,1683229.2479695035
 08/26  19:00:00,8641635.053856133,644730.4533364509,5597120.402792379,0.0,878537.9151773029,1431419.7231651072
 08/26  20:00:00,8254325.714733992,644730.4533364509,5480027.522818357,0.0,624837.6804883471,1380469.9842750707
 08/26  21:00:00,6992588.526917499,585521.3227099499,4918195.634277055,0.0,147020.6307031405,1195134.2255653625
 08/26  22:00:00,5964144.612521244,484464.5984842067,4026813.6527120033,0.0,147020.6307031405,1178591.4381599645
 08/26  23:00:00,5164455.284512017,408590.4442383188,3366737.50245688,0.0,147020.6307031405,1153777.257051867
 08/26  24:00:00,4586370.7946222145,350749.06641125574,2874228.205296901,0.0,147020.6307031405,1145505.863349168
 08/27  01:00:00,4155085.686926774,305810.290346443,2496153.267368971,0.0,147020.6307031405,1137234.469646469
 08/27  02:00:00,3800439.7346732863,269173.63548243354,2186415.3636821923,0.0,147020.6307031405,1128963.07594377
 08/27  03:00:00,3527447.9497846835,239178.400204718,1934301.8983276198,0.0,147020.6307031405,1138079.9916874547
 08/27  04:00:00,3361246.0607634,214834.76690809775,1731161.7985201206,0.0,147020.6307031405,1199361.8357702913
 08/27  05:00:00,3285966.042512968,195002.43078378908,1567469.9341770434,0.0,147020.6307031405,1321080.0018949788
 08/27  06:00:00,3474705.6110813906,191783.58540447638,1554608.3754553199,0.0,147020.6307031405,1528894.1932106004
 08/27  07:00:00,4846638.7435582755,264046.3795941781,2193514.501893967,0.0,399226.75329145463,1938949.3917939041
 08/27  08:00:00,6705947.43556549,351806.0724062679,3039430.416072834,0.0,648444.6516784854,2616861.6877462137
 08/27  09:00:00,11949840.563549712,500827.85308455443,4493580.364951311,0.0,1099666.5060722702,5813846.778395293
 08/27  10:00:00,10358827.732701834,573522.835905078,5284688.338363625,0.0,1063807.8156568701,3403872.3376684682
 08/27  11:00:00,11659299.63254056,634443.4315642861,5933323.817935316,0.0,1015996.2284363367,4053079.5147583988
 08/27  12:00:00,11152423.323732987,644730.4533364509,6063569.772756239,0.0,564774.3740425518,3861383.4117207676
 08/27  13:00:00,16755983.12768987,644730.4533364509,6081396.668984648,0.0,558797.9256399852,9454589.877174888
 08/27  14:00:00,13925987.429641478,644730.4533364509,6098653.553178666,0.0,971172.8654170866,6194962.355155379
 08/27  15:00:00,10010349.27194135,644730.4533364509,6105688.184843816,0.0,873308.5228250572,2368656.7990590483
 08/27  16:00:00,9755276.38949334,644730.4533364509,6107154.165621553,0.0,995078.6590273534,1979868.0343694352
 08/27  17:00:00,9744748.377175441,644730.4533364509,6013877.214098093,0.0,1066796.0398581533,1963951.6249287273
 08/27  18:00:00,9486146.314858887,644730.4533364509,5786624.960391722,0.0,1258042.3887402874,1723390.155559433
 08/27  19:00:00,10267231.611169398,644730.4533364509,5557028.007000152,0.0,1610652.844491722,2357508.200340775
 08/27  20:00:00,9783023.582927125,644730.4533364509,5407611.774849493,0.0,2058886.4746842233,1535557.9316565385
 08/27  21:00:00,8659220.6124851,644730.4533364509,5317593.7702198755,0.0,1261030.6129415708,1278669.297063643
 08/27  22:00:00,7006210.5911456635,562620.7049739367,4581068.248584507,0.0,532202.7302485633,1194081.9589382375
 08/27  23:00:00,5332458.690190817,434715.6162988235,3502627.2987828506,0.0,147020.6307031405,1153777.257051867
 08/27  24:00:00,4512262.133978577,350220.82399027457,2800647.7870742436,0.0,147020.6307031405,1145505.863349168
 08/28  01:00:00,3970754.4562765765,292725.83921432355,2324906.487850893,0.0,147020.6307031405,1137234.469646469
 08/28  02:00:00,3534102.948541456,246183.77806070933,1943068.434972086,0.0,147020.6307031405,1128963.07594377
 08/28  03:00:00,3209211.581416014,209598.6220167618,1645645.3081469066,0.0,147020.6307031405,1138079.9916874547
 08/28  04:00:00,3006778.3467141176,180921.93507309954,1410606.9163058363,0.0,147020.6307031405,1199361.8357702913
 08/28  05:00:00,2829710.246018133,149532.69582517806,1156683.8726408193,0.0,147020.6307031405,1321080.0018949788
 08/28  06:00:00,3298374.9480765206,152180.6522270119,1173627.4511357737,0.0,339462.2692657878,1580705.7491400933
 08/28  07:00:00,4219401.273716935,183602.90240429365,1423990.6191327234,0.0,651432.8758797687,1909473.1593153775
 08/28  08:00:00,5994799.7308183,256347.8011849553,2009652.4799914996,0.0,1022719.7328892241,2656675.109090931
 08/28  09:00:00,7521921.928942287,344015.50143065624,2729045.0119965486,0.0,1099666.5060722702,3307275.84839653
 08/28  10:00:00,8062969.212254157,395040.96445757477,3167311.68936345,0.0,1063807.8156568701,3403872.3376684682
 08/28  11:00:00,8301633.559557131,434454.8725693781,3509366.29809206,0.0,1015996.2284363367,3319359.520613133
 08/28  12:00:00,8363816.652328069,468586.5854353802,3800063.240528098,0.0,773950.068132386,3303251.4463552274
 08/28  13:00:00,7720650.887583048,482685.0776712722,3915571.8091530376,0.0,558797.9256399852,2747127.872564857
 08/28  14:00:00,8164384.698601102,511051.39007963846,4126364.22858802,0.0,971172.8654170866,2539328.0119624594
 08/28  15:00:00,7676681.849440876,511322.75982700434,4091109.0521179913,0.0,769467.731830461,2286816.9937884416
 08/28  16:00:00,7749578.380946005,559034.5412241982,4409664.640082005,0.0,676832.7815906773,2075601.340910575
 08/28  17:00:00,7675355.507654437,517852.7111638233,4014368.0645978414,0.0,1066796.0398581533,2020945.6470806021
 08/28  18:00:00,6653019.507781196,419015.96541049046,3179212.6412399914,0.0,1258042.3887402874,1723390.155559433
 08/28  19:00:00,6184813.423969674,344781.58038150077,2569452.5914125037,0.0,1610652.844491722,1562614.3016836478
 08/28  20:00:00,6027428.969020244,273830.6850416671,2022916.9292373965,0.0,2058886.4746842233,1535557.9316565385
 08/28  21:00:00,6071354.828312743,260377.36551879125,1918866.8187899012,0.0,2372650.015818975,1362264.149261516
 08/28  22:00:00,3976391.0964066586,204938.38896320164,1508258.4495325414,0.0,917384.8297939863,1209572.4797165105
 08/28  23:00:00,2891333.6417225883,145160.27084466632,1067455.6229058914,0.0,442257.18178993475,1142142.6788279596
 08/28  24:00:00,2186232.1754369563,98770.77213853254,726067.8803843654,0.0,147020.6307031405,1145505.863349168
 08/29  01:00:00,1899081.0642161346,65384.4730301651,480574.4619746099,0.0,147020.6307031405,1137234.469646469
 08/29  02:00:00,1681507.3538111364,40323.585343823564,296333.0329586526,0.0,147020.6307031405,1128963.07594377
 08/29  03:00:00,1514542.0968087018,19234.43895554929,141340.00660080687,0.0,147020.6307031405,1138079.9916874547
 08/29  04:00:00,1440464.4720009547,3019.504160917251,22195.47250485572,0.0,147020.6307031405,1199361.8357702913
 08/29  05:00:00,1523493.6775521357,0.0,0.0,0.0,147020.6307031405,1321080.0018949788
 08/29  06:00:00,1919604.5540324103,0.0,0.0,0.0,339462.2692657878,1527743.458458769
 08/29  07:00:00,2735801.6345286206,14926.07444272759,113142.30016484982,0.0,651432.8758797687,1905398.6670565028
 08/29  08:00:00,4350750.682247838,55530.84297534016,428390.8887788349,0.0,1147478.0932928037,2669946.2495391695
 08/29  09:00:00,5268118.054643527,92881.7878303141,726374.8512981299,0.0,1099666.5060722702,3307275.84839653
 08/29  10:00:00,5820053.482735256,147429.35000077123,1172007.574301351,0.0,1063807.8156568701,3403872.3376684682
 08/29  11:00:00,6239687.475452547,207447.7527169017,1674427.3338399536,0.0,1015996.2284363367,3319359.520613133
 08/29  12:00:00,6677221.029399248,254695.3562294342,2082573.0290242764,0.0,983125.76222222,3338861.570046339
 08/29  13:00:00,6748576.7098176535,317276.4564416836,2624235.0128652398,0.0,971172.8654170866,2819424.172539746
 08/29  14:00:00,6299495.332573612,348363.19645418774,2898425.134625063,0.0,558797.9256399852,2477440.87330048
 08/29  15:00:00,6461720.823179377,363178.3586766713,3024292.4270068253,0.0,769467.731830461,2286816.9937884416
 08/29  16:00:00,6832946.329525601,412121.8508132223,3417432.7081770413,0.0,995078.6590273534,1979868.0343694352
 08/29  17:00:00,6942466.93007369,419012.0013964267,3437314.218936365,0.0,1066796.0398581533,1963951.6249287273
 08/29  18:00:00,6499334.8990030475,380014.95630859287,3064529.041563741,0.0,1258042.3887402874,1723390.155559433
 08/29  19:00:00,6332361.041155146,343870.33338544815,2717911.455594029,0.0,1610652.844491722,1562614.3016836478
 08/29  20:00:00,5289727.853570383,297728.6262231412,2320961.508837574,0.0,1102654.7302735536,1432146.0398356956
 08/29  21:00:00,4996072.426559376,263210.9509679565,2035965.0866626448,0.0,1261030.6129415708,1278669.297063643
 08/29  22:00:00,4211442.439981165,223992.18495902617,1724255.9971112236,0.0,917384.8297939863,1209572.4797165105
 08/29  23:00:00,3288501.405231168,185560.75024345785,1424222.9070156794,0.0,442257.18178993475,1142142.6788279596
 08/29  24:00:00,2673859.5533472784,143967.33864808484,1104041.701631076,0.0,229495.61865856074,1127487.865547807
 08/30  01:00:00,2304247.6072042678,109572.22172657307,841553.2562663351,0.0,147020.6307031405,1137234.469646469
 08/30  02:00:00,2145717.0065976167,92019.12836157386,708847.1427273827,0.0,147020.6307031405,1128963.07594377
 08/30  03:00:00,2049183.6226903624,79622.40731381334,615593.5641242035,0.0,147020.6307031405,1138079.9916874547
 08/30  04:00:00,2115385.940699472,79927.87614852627,620208.5692157641,0.0,147020.6307031405,1199361.8357702913
 08/30  05:00:00,2201577.6721600457,77156.8480679063,600927.1465400038,0.0,147020.6307031405,1321080.0018949788
 08/30  06:00:00,2414205.2117265295,77428.57574475354,608462.9857601814,0.0,147020.6307031405,1528894.1932106004
 08/30  07:00:00,2841976.8872683533,87030.56027826037,698597.4286512731,0.0,147020.6307031405,1858426.5506509077
 08/30  08:00:00,4103524.3393736216,144797.87471032058,1200070.9040895062,0.0,147020.6307031405,2562230.3222089643
 08/30  09:00:00,5668855.913498124,238819.38475232525,2035499.0652712074,0.0,147020.6307031405,3205597.771725168
 08/30  10:00:00,6691098.822132155,330800.5005883841,2878685.0510320636,0.0,147020.6307031405,3301656.234700774
 08/30  11:00:00,7463830.206637093,416857.6762964078,3680168.881768853,0.0,147020.6307031405,3197326.378022469
 08/30  12:00:00,8329587.893199195,501137.9845206396,4466983.110116953,0.0,147020.6307031405,3196480.855981484
 08/30  13:00:00,8803984.832959346,575236.4273929746,5148391.202263499,0.0,352909.2781715628,2710979.7225774126
 08/30  14:00:00,9948101.422533562,640543.628727884,5727626.423190911,0.0,971172.8654170866,2592290.3026437834
 08/30  15:00:00,9946078.918038353,644730.4533364509,5733563.55374984,0.0,977149.3138196532,2572670.285255432
 08/30  16:00:00,9174183.381954014,644730.4533364509,5679362.33873331,0.0,676832.7815906773,2144812.7311550276
 08/30  17:00:00,9105682.252154738,644730.4533364509,5586794.281110419,0.0,721656.1446099273,2097108.3281439238
 08/30  18:00:00,9060137.383760335,644730.4533364509,5474495.333340824,0.0,980137.5380209364,1887415.7022311282
 08/30  19:00:00,9522417.800943218,644730.4533364509,5362760.733579545,0.0,1610652.844491722,1806961.6635352017
 08/30  20:00:00,9910036.519610396,644730.4533364509,5290277.34968121,0.0,2058886.4746842233,1779905.2935080924
 08/30  21:00:00,9553651.558476944,637859.9455074058,5192186.302026967,0.0,2094745.1650996238,1471663.6669193888
 08/30  22:00:00,5864731.933859084,485472.37811629655,3917410.5384792644,0.0,147020.6307031405,1178591.4381599645
 08/30  23:00:00,4744844.947107466,370917.49444872816,2978811.6775495936,0.0,147020.6307031405,1153777.257051867
 08/30  24:00:00,4078447.2969386964,301235.63337984896,2415818.140644789,0.0,147020.6307031405,1145505.863349168
 08/31  01:00:00,3572154.1462396,246354.75284810862,1972677.2641801324,0.0,147020.6307031405,1137234.469646469
 08/31  02:00:00,3253263.9131787163,212864.63954700693,1695548.5381230498,0.0,147020.6307031405,1128963.07594377
 08/31  03:00:00,2982139.8346598726,182808.55535276886,1445363.628054758,0.0,147020.6307031405,1138079.9916874547
 08/31  04:00:00,2896771.2567550126,167248.33107601944,1314273.4303438112,0.0,147020.6307031405,1199361.8357702913
 08/31  05:00:00,2848834.216909624,150143.17853070112,1175197.3608267875,0.0,147020.6307031405,1321080.0018949788
 08/31  06:00:00,2970383.082712087,140320.6731748364,1101748.759315656,0.0,147020.6307031405,1528894.1932106004
 08/31  07:00:00,5049398.7980702855,276784.15686487826,2204350.7500054855,0.0,399226.75329145463,2118135.420923695
 08/31  08:00:00,7019962.525647562,337774.28605013434,2758365.266951888,0.0,1147478.0932928037,2726940.2716910443
 08/31  09:00:00,8805499.12140452,377502.2573867442,3184241.549845565,0.0,1099666.5060722702,4102169.747053657
 08/31  10:00:00,8972196.641276537,458870.45829901146,3955672.8416041937,0.0,1063807.8156568701,3460909.120608667
 08/31  11:00:00,9031852.572956096,482940.1406836634,4191100.0433767396,0.0,1015996.2284363367,3319359.520613133
 08/31  12:00:00,9212516.885065475,505113.0848507817,4367451.156069156,0.0,983125.76222222,3338861.570046339
 08/31  13:00:00,8500102.005314875,514071.5790330125,4421300.805647128,0.0,764985.3955285359,2783276.022552301
 08/31  14:00:00,8849605.035598068,555368.2994503211,4767267.656214304,0.0,971172.8654170866,2539328.0119624594
 08/31  15:00:00,8807062.179912793,572446.6155565879,4911178.015255694,0.0,977149.3138196532,2328322.9234038778
 08/31  16:00:00,8870428.58180573,614995.3141878286,5252041.497082563,0.0,995078.6590273534,1979868.0343694352
 08/31  17:00:00,8770248.745064862,583657.9663120018,4913996.908867614,0.0,606609.5128605186,2610591.312070711
 08/31  18:00:00,7391137.897929825,518876.1157175494,4240761.748786163,0.0,841185.1126612611,1716956.5639338577
 08/31  19:00:00,8486368.046520658,563345.5931575905,4473275.498109747,0.0,1610652.844491722,1741782.0047612996
 08/31  20:00:00,7511724.421918867,428469.8982863551,3352573.168891332,0.0,2058886.4746842233,1535557.9316565385
 08/31  21:00:00,7292214.952334395,387051.5394797528,3013052.768850591,0.0,2372650.015818975,1362264.149261516
 08/31  22:00:00,5489618.75028374,323977.9963566561,2502939.2750231903,0.0,1301371.6396588958,1225092.8908445798
 08/31  23:00:00,3843926.2323779976,249608.06659671088,1915600.4178092557,0.0,442257.18178993475,1142142.6788279596
 08/31  24:00:00,3083882.998511224,199134.72710367612,1522556.072528976,0.0,147020.6307031405,1145801.2479943503
 09/01  01:00:00,2745967.087950378,161399.58028775873,1230646.702486747,0.0,147020.6307031405,1137529.8542916512
 09/01  02:00:00,2483966.1543069277,132455.8988133495,1007368.8944591237,0.0,147020.6307031405,1129258.460588952
 09/01  03:00:00,2283667.2460224573,108433.2922250489,821877.2154708757,0.0,147020.6307031405,1138473.8378810307
 09/01  04:00:00,2171412.740761292,88207.83356898159,666664.4281506458,0.0,147020.6307031405,1200149.5281574435
 09/01  05:00:00,2166472.3755242988,73461.94473158322,555570.6052263243,0.0,147020.6307031405,1322556.925120889
 09/01  06:00:00,2316337.529446422,66427.61171644343,505080.8742543516,0.0,147020.6307031405,1531454.193468844
 09/01  07:00:00,2564858.546591996,56824.93913078774,436424.0499903358,0.0,147020.6307031405,1862758.8587802467
 09/01  08:00:00,3930753.7720633387,65485.59951304744,510222.50406897184,0.0,672350.4452887522,2628405.4073986774
 09/01  09:00:00,5227863.888376439,92586.26791338735,740026.6131037662,0.0,1037660.8538956409,3312348.6403020704
 09/01  10:00:00,5944953.141752284,147254.19213370123,1209093.918214574,0.0,1129548.7480851037,3422863.0727896467
 09/01  11:00:00,5600139.933444768,196210.939154746,1625545.7234407892,0.0,496194.62862309907,3258059.835206627
 09/01  12:00:00,7034856.642742079,342334.5590398398,2821851.093064593,0.0,370838.62337926286,3481735.7619937537
 09/01  13:00:00,6645191.751169854,386535.04593729175,3163219.2924650144,0.0,258182.5709908809,2820666.2869507563
 09/01  14:00:00,5522954.796270263,321828.85293112096,2616125.2107863333,0.0,147020.6307031405,2421391.5470237583
 09/01  15:00:00,5799988.121542837,338120.857168835,2725762.9052332365,0.0,484988.7878682867,2233018.9660078487
 09/01  16:00:00,6471639.808466337,420850.8198380573,3342869.218515667,0.0,621550.6338669354,2057716.1779100113
 09/01  17:00:00,6463888.740042628,427437.54793491005,3343573.1953085978,0.0,696256.238899019,1939315.8412287734
 09/01  18:00:00,5286934.28547769,319367.50975595077,2462617.720432652,0.0,863596.794170886,1568965.840059682
 09/01  19:00:00,4976230.830951118,272200.23204553744,2075352.6964696608,0.0,1102654.7302735536,1435540.1458392174
 09/01  20:00:00,6427935.536016597,223193.4540715236,1689905.7599291767,0.0,1302865.7517595375,3086802.38384267
 09/01  21:00:00,7017255.307631521,228310.35708022086,1723710.2010633452,0.0,1027351.4804012134,3890094.3260922637
 09/01  22:00:00,2714516.7021402395,147829.49229898248,1112595.469041842,0.0,147020.6307031405,1178886.8228051467
 09/01  23:00:00,2298574.0992995505,106813.45421235147,801692.3968025793,0.0,147020.6307031405,1154072.6416970491
 09/01  24:00:00,2042944.6116184692,79998.77951152319,600753.6332283744,0.0,147020.6307031405,1145801.2479943503
 09/02  01:00:00,1898922.1067922506,63825.55646946226,481175.745146916,0.0,147020.6307031405,1137529.8542916512
 09/02  02:00:00,1786951.8281074692,51711.89125020944,391098.5758228056,0.0,147020.6307031405,1129258.460588952
 09/02  03:00:00,1710495.5875875624,41598.32308283586,315540.52617819374,0.0,147020.6307031405,1138473.8378810307
 09/02  04:00:00,1708158.158716742,33883.78618406654,257733.8934910105,0.0,147020.6307031405,1200149.5281574435
 09/02  05:00:00,1771888.6352133607,27207.19405860947,207241.61558836,0.0,147020.6307031405,1322556.925120889
 09/02  06:00:00,2351805.9556922973,24582.56638857843,186193.27625784764,0.0,543856.8046335684,1530819.0891086604
 09/02  07:00:00,3598042.9322898476,25990.864382564032,194076.0792142643,0.0,669362.2210874689,2646783.6996180653
 09/02  08:00:00,4080844.205428974,37173.03158285508,275502.07093505433,0.0,935314.1750016864,2778565.112115489
 09/02  09:00:00,10337281.89158399,23499.96504788823,175005.17717894417,0.0,1165407.4385005038,8928127.79769508
 09/02  10:00:00,5558736.8791991435,58637.943919994614,446377.16087637667,0.0,761997.1713272525,4255531.392546261
 09/02  11:00:00,4924810.351386307,130657.88924360806,1015769.1912934664,0.0,496194.62862309907,3258059.835206627
 09/02  12:00:00,5201457.087765072,205338.89353455487,1622704.7164739808,0.0,147020.6307031405,3208296.2417887654
 09/02  13:00:00,5322622.163124301,260863.3651696556,2084402.2478018599,0.0,258182.57099088086,2702585.424335993
 09/02  14:00:00,6027658.7720842855,324396.1694409802,2606907.216945896,0.0,591668.391854102,2488098.4390173964
 09/02  15:00:00,5549600.044333262,356050.96361974406,2860126.485351578,0.0,147020.6307031405,2168305.3593941703
 09/02  16:00:00,5504945.63237524,363789.6773734286,2900475.9229916623,0.0,384435.0434951021,1827592.0301793837
 09/02  17:00:00,6565179.505018609,371230.84075063834,2913136.5266002067,0.0,1249077.7161364374,1974428.504859998
 09/02  18:00:00,6344932.6202770015,340440.41435186344,2618392.981681373,0.0,1580770.6024788886,1732942.2007063571
 09/02  19:00:00,4322083.397121573,286321.67984418664,2168873.0265161158,0.0,385929.1555957438,1390476.5088423777
 09/02  20:00:00,6102400.126611484,232044.78235842177,1743201.6210595588,0.0,2459308.5176561913,1542677.0191236224
 09/02  21:00:00,5911603.449218424,224588.4680093957,1674833.8356623463,0.0,2495167.2080715913,1369224.994480614
 09/02  22:00:00,4427385.583330399,170941.6040007364,1264056.2519525005,0.0,1616629.2928942887,1247574.1471917466
 09/02  23:00:00,2463213.1693994133,94218.29972472004,691110.3961547421,0.0,443153.6490503198,1145755.8485852017
 09/02  24:00:00,1672269.7812310646,37396.65622822926,272680.92612426373,0.0,147020.6307031405,1145801.2479943503
 09/03  01:00:00,1374282.1318179306,2462.3884120006896,17898.93823005736,0.0,147020.6307031405,1137529.8542916512
 09/03  02:00:00,1345649.4114731734,0.0,0.0,0.0,147020.6307031405,1129258.460588952
 09/03  03:00:00,1354864.788765252,0.0,0.0,0.0,147020.6307031405,1138473.8378810307
 09/03  04:00:00,1416540.4790416649,0.0,0.0,0.0,147020.6307031405,1200149.5281574435
 09/03  05:00:00,1567518.8374117566,0.0,0.0,0.0,210520.3949804115,1301200.5761987367
 09/03  06:00:00,2127457.6590973986,0.0,0.0,0.0,543856.8046335684,1530819.0891086604
 09/03  07:00:00,2633699.6414767196,0.0,0.0,0.0,669362.2210874689,1913063.7054727995
 09/03  08:00:00,3945424.6109325825,1488.9418137335613,11129.181147497347,0.0,1198277.9047146207,2684762.918778999
 09/03  09:00:00,3467764.0353001254,7076.7442126515925,53929.629019351334,0.0,147020.6307031405,3217511.6190808457
 09/03  10:00:00,4300105.091399163,92207.12050959897,713539.3791877888,0.0,147020.6307031405,3314160.851346814
 09/03  11:00:00,5429180.464326721,225193.7192292554,1768068.3494951916,0.0,147020.6307031405,3266277.0083183455
 09/03  12:00:00,7046459.474430542,323717.6330276664,2564431.3266922073,0.0,820267.5432522777,3319946.36619376
 09/03  13:00:00,7671164.298431056,422384.8331324253,3363493.5064583384,0.0,1033925.5736440365,2834771.830370345
 09/03  14:00:00,8271962.305574361,514298.6135525325,4096854.2533449414,0.0,1033925.5736440365,2610295.31020694
 09/03  15:00:00,8390793.943224005,558022.6606863933,4427861.449093575,0.0,1045878.47044917,2340934.757730239
 09/03  16:00:00,8214885.381863307,574469.1764868443,4525027.9543350665,0.0,1096678.281870987,1990057.0108347456
 09/03  17:00:00,8771846.55191344,599079.8647266929,4657239.787887713,0.0,1249077.7161364374,2210651.3169299876
 09/03  18:00:00,7564553.548656344,484993.68085116637,3691952.5931226946,0.0,1580770.6024788886,1732942.2007063571
 09/03  19:00:00,7099113.7592545375,398312.5158183328,2969169.44624576,0.0,2061874.6988855067,1571733.8197881945
 09/03  20:00:00,6744564.6722676875,311104.20156822127,2294242.3439962105,0.0,2459308.5176561913,1542677.0191236224
 09/03  21:00:00,6345346.002978702,278440.75945828273,2044167.7449027041,0.0,2495167.2080715913,1369224.994480614
 09/03  22:00:00,4341807.611535407,207469.8325586531,1517640.1019966751,0.0,1249077.7161364374,1230387.3709201985
 09/03  23:00:00,2745422.9074796373,128129.10471189891,934258.6495783973,0.0,442257.18178993475,1145770.7937601
 09/03  24:00:00,1931384.9705016604,68799.02147545604,500393.7501476329,0.0,147020.6307031405,1145801.2479943503
 09/04  01:00:00,1568661.7692679106,26011.904184967974,188729.05990706998,0.0,147020.6307031405,1137529.8542916512
 09/04  02:00:00,1351158.1254707233,668.2667060251381,4840.447291524719,0.0,147020.6307031405,1129258.460588952
 09/04  03:00:00,1354864.788765252,0.0,0.0,0.0,147020.6307031405,1138473.8378810307
 09/04  04:00:00,1416540.4790416649,0.0,0.0,0.0,147020.6307031405,1200149.5281574435
 09/04  05:00:00,1525375.422056638,0.0,0.0,0.0,147020.6307031405,1322556.925120889
 09/04  06:00:00,2127457.6590973986,0.0,0.0,0.0,543856.8046335684,1530819.0891086604
 09/04  07:00:00,2633699.6414767196,0.0,0.0,0.0,669362.2210874689,1913063.7054727995
 09/04  08:00:00,3691767.080969873,50161.280417045615,379856.03287502297,0.0,541017.9916423493,2670966.111557723
 09/04  09:00:00,6017779.283327211,169458.06660408527,1315012.5517111402,0.0,1165407.4385005038,3325675.814227346
 09/04  10:00:00,6993147.151602084,270038.7161110625,2137519.50496445,0.0,1129548.7480851037,3422863.0727896467
 09/04  11:00:00,7687705.440194906,359428.72459879046,2886099.5310072163,0.0,1081737.1608645702,3337819.267143542
 09/04  12:00:00,8383907.162318514,435150.96434506075,3527618.0479308944,0.0,1045878.47044917,3357163.0743287588
 09/04  13:00:00,8208189.176439415,500714.89035829913,4081071.652567122,0.0,812796.9827490693,2797017.095939014
 09/04  14:00:00,8000924.430610804,535227.7589428908,4369341.285970504,0.0,591668.391854102,2488098.4390173964
 09/04  15:00:00,8201431.242204522,582901.4824682476,4748198.146002567,0.0,597644.8402566687,2254590.168212408
 09/04  16:00:00,8022554.707216698,604091.2541020411,4885679.654609147,0.0,621550.6338669354,1882580.20630291
 09/04  17:00:00,7388097.955306825,537308.9732092812,4277499.898351907,0.0,696256.238899019,1821234.97861401
 09/04  18:00:00,7248761.24046064,466987.7536627201,3614453.754354105,0.0,1401477.150401888,1691948.1105446883
 09/04  19:00:00,8188158.8506920645,422148.89002786134,3178677.2203018423,0.0,2061874.6988855067,2427434.762960111
 09/04  20:00:00,6915345.58256386,330036.8583479786,2446090.597512625,0.0,2459308.5176561913,1542677.0191236224
 09/04  21:00:00,6583184.286273202,306322.28079386207,2254124.506861624,0.0,2495167.2080715913,1369224.994480614
 09/04  22:00:00,5009521.3345815055,241378.54670250916,1766706.7578695181,0.0,1616629.2928942887,1247574.1471917466
 09/04  23:00:00,4893819.957631639,180830.23117244543,1317910.681931144,0.0,442257.18178993475,2857814.685098809
 09/04  24:00:00,2277572.0415790495,100025.2765050843,726138.9630692827,0.0,256987.28131036749,1125050.2005132344
 09/05  01:00:00,1791685.450386706,53825.56157211299,389657.5010088699,0.0,183775.7883789256,1095056.2792457168
 09/05  02:00:00,1462661.3938988992,14214.461696717408,102797.52072900826,0.0,147020.6307031405,1129258.460588952
 09/05  03:00:00,1354864.788765252,0.0,0.0,0.0,147020.6307031405,1138473.8378810307
 09/05  04:00:00,1416540.4790416649,0.0,0.0,0.0,147020.6307031405,1200149.5281574435
 09/05  05:00:00,1525375.422056638,0.0,0.0,0.0,147020.6307031405,1322556.925120889
 09/05  06:00:00,2288883.7292882544,12432.612024882796,91956.67522577423,0.0,543856.8046335684,1587855.8720488593
 09/05  07:00:00,2691471.6115083573,6764.479580160233,51007.490451477985,0.0,669362.2210874689,1913063.7054727995
 09/05  08:00:00,4429346.874625391,57135.56087755233,439404.82577648736,0.0,1198277.9047146207,2684762.918778999
 09/05  09:00:00,5970430.054449437,156005.36524008,1224079.2412571737,0.0,1165407.4385005038,3382712.597167545
 09/05  10:00:00,7088313.835396367,183314.15623460241,1463709.8054632773,0.0,1129548.7480851037,4278564.015961563
 09/05  11:00:00,6401025.568004212,215782.10077680857,1743066.2826385042,0.0,1081737.1608645702,3337819.267143542
 09/05  12:00:00,6584507.824944366,237257.397969546,1926112.2769322617,0.0,1045878.47044917,3357163.0743287588
 09/05  13:00:00,6205035.995658221,254485.42884768097,2065264.6079702475,0.0,1033925.5736440365,2834771.830370345
 09/05  14:00:00,12116293.816789996,320233.03853602574,2589836.1390495487,0.0,1033925.5736440365,8155710.510734474
 09/05  15:00:00,10331502.695332006,330652.03633825865,2665753.131900697,0.0,1045878.47044917,6271122.451379251
 09/05  16:00:00,5725066.135589739,289675.13969568367,2320002.7448526593,0.0,1096678.281870987,1990057.0108347456
 09/05  17:00:00,6522237.093622185,267944.068442516,2119287.9947787104,0.0,1249077.7161364374,2830129.4480319135
 09/05  18:00:00,5681361.236651368,260582.12519957032,2033171.8367693136,0.0,1580770.6024788886,1732942.2007063571
 09/05  19:00:00,5874609.611571301,245790.24802608593,1897187.5663547693,0.0,2061874.6988855067,1571733.8197881945
 09/05  20:00:00,6034171.488293149,218303.2161966238,1676650.1453932691,0.0,2459308.5176561913,1542677.0191236224
 09/05  21:00:00,5916016.027541766,217946.027460984,1675332.5014630675,0.0,2495167.2080715913,1369224.994480614
 09/05  22:00:00,3906046.1824258724,170304.04641057772,1311413.6355499162,0.0,1065301.9277575118,1221793.9827844244
 09/05  23:00:00,2446276.201040647,120522.62893936713,929653.1220617837,0.0,147020.6307031405,1154072.6416970491
 09/05  24:00:00,4651062.575153321,102502.72044842155,792160.381388188,0.0,229495.61865856074,3457533.534477071
 09/06  01:00:00,8682329.762253892,89580.1364856314,694234.415214185,0.0,183775.7883789256,7645369.101994068
 09/06  02:00:00,2732551.775418356,84915.70988860719,659983.642209054,0.0,147020.6307031405,1771261.4724364742
 09/06  03:00:00,1999445.1191802146,73560.24446914029,571020.0859458222,0.0,147020.6307031405,1138473.8378810307
 09/06  04:00:00,1962036.5225665004,62387.59111391455,483108.4524109208,0.0,147020.6307031405,1200149.5281574435
 09/06  05:00:00,1991330.9664128383,53357.93613114317,412597.6082250571,0.0,147020.6307031405,1322556.925120889
 09/06  06:00:00,2163009.4850871703,49358.44441986096,382394.4511401549,0.0,147020.6307031405,1531454.193468844
 09/06  07:00:00,2607965.671053526,61946.9161801253,484965.55047356244,0.0,147020.6307031405,1862758.8587802467
 09/06  08:00:00,3674780.0585501743,101074.35625890878,806418.3148363302,0.0,147020.6307031405,2570501.0922740623
 09/06  09:00:00,4846813.312358187,157659.19613718663,1282396.454152878,0.0,147020.6307031405,3217511.6190808457
 09/06  10:00:00,5972805.338539926,237759.92693870663,1966879.9442420164,0.0,393250.3048888879,3341738.052818494
 09/06  11:00:00,8419794.472283773,389660.3887614268,3272825.201906208,0.0,612585.9612630852,4122102.1637722654
 09/06  12:00:00,9585849.418280538,525927.2911824982,4455716.187565941,0.0,1045878.47044917,3540230.863818297
 09/06  13:00:00,9071038.22070342,544817.5875054012,4640934.674357726,0.0,1033925.5736440365,2834771.830370345
 09/06  14:00:00,9178397.710516775,585883.0339378904,4988742.020842196,0.0,1033925.5736440365,2553258.527266741
 09/06  15:00:00,9415482.297567504,635722.760868438,5374849.703255027,0.0,1045878.47044917,2340934.757730239
 09/06  16:00:00,9135244.294228753,644730.4533364509,5375125.589850904,0.0,1096678.281870987,1990057.0108347456
 09/06  17:00:00,8842560.725186877,607776.335423579,4955480.302534254,0.0,1249077.7161364374,1974428.504859998
 09/06  18:00:00,8030604.611240457,520082.24158944574,4122915.094968526,0.0,1580770.6024788886,1732942.2007063571
 09/06  19:00:00,9499999.668823887,463410.6921797678,3592913.288114965,0.0,2061874.6988855067,3283777.711126904
 09/06  20:00:00,7571740.332520406,396258.23463363183,3036263.971183518,0.0,2459308.5176561913,1542677.0191236224
 09/06  21:00:00,7090911.37848955,356888.1881906607,2711285.6916811746,0.0,2495167.2080715913,1369224.994480614
 09/06  22:00:00,4735756.2411707835,271038.538793711,2040389.201911694,0.0,1065301.9277575118,1221793.9827844244
 09/06  23:00:00,7244192.649595294,228424.21830815845,1702332.910161887,0.0,591668.3918541019,4626759.95163184
 09/06  24:00:00,3502386.298338153,154876.35912209153,1145540.8951195024,0.0,202003.956006754,1930594.767908724
 09/07  01:00:00,2105671.2390404614,89978.89884292406,661771.5350216646,0.0,147020.6307031405,1137529.8542916512
 09/07  02:00:00,1773895.4116833373,51440.372992121076,376805.6272180432,0.0,147020.6307031405,1129258.460588952
 09/07  03:00:00,1514940.6722139872,19273.23635685789,140802.64709187718,0.0,147020.6307031405,1138473.8378810307
 09/07  04:00:00,1366638.391361158,0.0,0.0,0.0,150307.67732455215,1146960.3938555252
 09/07  05:00:00,1609662.2527668753,0.0,0.0,0.0,274020.15925768256,1279844.2272765844
 09/07  06:00:00,2127457.6590973986,0.0,0.0,0.0,543856.8046335684,1530819.0891086604
 09/07  07:00:00,3358174.358992477,28154.038043697765,209350.83509400714,0.0,1061566.6475059078,2007829.1234324134
 09/07  08:00:00,5084352.123801048,126768.73181992985,967740.1210695677,0.0,1198277.9047146207,2741799.7017191974
 09/07  09:00:00,6283231.974758334,197527.52900885238,1552395.7807374971,0.0,1165407.4385005038,3325675.814227346
 09/07  10:00:00,7549741.449382506,328353.22562184697,2635799.293234088,0.0,1129548.7480851037,3422863.0727896467
 09/07  11:00:00,8159919.446952617,406799.79487096984,3310942.4674927485,0.0,1081737.1608645702,3337819.267143542
 09/07  12:00:00,11306709.154621655,494700.05082192674,4063575.381663612,0.0,1045878.47044917,5684458.646422315
 09/07  13:00:00,15937942.944624133,594858.7804670554,4907485.382568436,0.0,1033925.5736440365,9385084.653118698
 09/07  14:00:00,14621165.181790978,635509.1028594401,5251350.904777203,0.0,1033925.5736440365,7683791.045684388
 09/07  15:00:00,9359179.753715347,638823.0238470162,5258410.113484092,0.0,1045878.47044917,2397971.5406704377
 09/07  16:00:00,8977087.06985341,640438.3905980517,5221260.428213961,0.0,1096678.281870987,1990057.0108347456
 09/07  17:00:00,8463862.867427725,576643.9858682002,4607914.794330481,0.0,1249077.7161364374,1974428.504859998
 09/07  18:00:00,10491680.894559307,517805.6236740047,4018248.01669439,0.0,1580770.6024788886,4300962.180214787
 09/07  19:00:00,9384056.666573506,459005.7924630114,3481100.0405835346,0.0,2061874.6988855067,3284052.8561247084
 09/07  20:00:00,4915555.114475593,314321.72388791176,2356497.523470978,0.0,724943.191231339,1382560.0859619218
 09/07  21:00:00,6167175.5179698365,291382.96014728147,2168365.0374272377,0.0,2201574.1802955028,1347508.0440343046
 09/07  22:00:00,3496754.4388540746,219305.11884180334,1622104.456450804,0.0,330647.0078720019,1187465.2657660227
 09/07  23:00:00,2613251.7342492966,145501.3629501005,1071649.9212597,0.0,147020.6307031405,1154072.6416970491
 09/07  24:00:00,2252727.1988711394,103996.69705632035,764234.4021547199,0.0,174512.29335494724,1140613.4861240713
 09/08  01:00:00,1960694.2416036697,72714.05566339637,534059.3807644007,0.0,147020.6307031405,1137529.8542916512
 09/08  02:00:00,1753768.696377049,48950.49577025071,360676.839572344,0.0,147020.6307031405,1129258.460588952
 09/08  03:00:00,1493375.5140864092,24014.91545849163,177995.57147232635,0.0,147020.6307031405,1076482.1267100892
 09/08  04:00:00,1579556.2603426394,19256.05092475415,143759.73037622034,0.0,147020.6307031405,1200149.5281574435
 09/08  05:00:00,1682895.0933722954,17077.84206369034,128377.42574221379,0.0,147020.6307031405,1322556.925120889
 09/08  06:00:00,1910622.3145480964,19292.411912653075,146500.85915981646,0.0,147020.6307031405,1531454.193468844
 09/08  07:00:00,2386396.735824585,35963.79417217355,278823.3841815389,0.0,147020.6307031405,1862758.8587802467
 09/08  08:00:00,4292849.375661811,104442.15726055199,833361.54991994,0.0,672350.4452887522,2628405.4073986774
 09/08  09:00:00,6166969.768663621,238833.73392593465,1956106.3029688168,0.0,654421.1000810522,3272367.1185262427
 09/08  10:00:00,7302322.038692443,347802.59438179573,2909531.000416578,0.0,639479.9790746354,3369315.2542901738
 09/08  11:00:00,7818536.876910759,426082.2850488743,3614071.3210126515,0.0,496194.62862309907,3258059.835206627
 09/08  12:00:00,7950044.774127952,479456.18798890663,4097175.10838251,0.0,147020.6307031405,3208296.2417887654
 09/08  13:00:00,7999350.386872992,539071.4414060102,4612976.647992501,0.0,147020.6307031405,2683693.1119454294
 09/08  14:00:00,8090769.712684667,578608.7797889516,4927160.200342907,0.0,147020.6307031405,2421391.5470237583
 09/08  15:00:00,8116195.742414631,612336.7401230658,5170436.406929625,0.0,147020.6307031405,2168305.3593941703
 09/08  16:00:00,7571481.950367698,602266.8696705285,5020104.455030768,0.0,147020.6307031405,1773437.0366275962
 09/08  17:00:00,6930219.270594517,550005.4181168044,4506179.4875917435,0.0,147020.6307031405,1669707.8175115013
 09/08  18:00:00,6902517.475261095,486334.17780916224,3911234.242162846,0.0,863596.794170886,1568965.840059682
 09/08  19:00:00,6460358.845495531,429313.9109064074,3402367.032153205,0.0,1102654.7302735536,1435540.1458392174
 09/08  20:00:00,5897582.31975344,377235.7987188925,2972027.621636548,0.0,1013904.4714954383,1409246.241488872
 09/08  21:00:00,4232870.733865642,309110.5587899986,2433520.991167482,0.0,147020.6307031405,1195429.6102105447
 09/08  22:00:00,3719984.5057761464,255794.1104038703,2010098.6545728617,0.0,147020.6307031405,1178886.8228051467
 09/08  23:00:00,3312455.815062441,217378.00822452846,1705009.558553293,0.0,147020.6307031405,1154072.6416970491
 09/08  24:00:00,3005973.3245898294,186351.84422655992,1457429.281484698,0.0,147020.6307031405,1145801.2479943503
 09/09  01:00:00,2787540.25958273,162857.9676204754,1270761.486786382,0.0,147020.6307031405,1137529.8542916512
 09/09  02:00:00,2606378.190248938,143582.70302202145,1118654.1261924622,0.0,147020.6307031405,1129258.460588952
 09/09  03:00:00,2472214.418345185,127545.58612722624,991312.0938914259,0.0,147020.6307031405,1138473.8378810307
 09/09  04:00:00,2415643.7687936956,114078.30689957406,885024.982852457,0.0,147020.6307031405,1200149.5281574435
 09/09  05:00:00,2444709.772424235,103594.68929384054,803675.2575640031,0.0,147020.6307031405,1322556.925120889
 09/09  06:00:00,2784935.255518873,112532.24324293478,874611.678118987,0.0,147020.6307031405,1584416.4841501683
 09/09  07:00:00,3795575.483728966,130300.61025526881,1016944.386667069,0.0,669362.2210874689,1917138.1977316742
 09/09  08:00:00,4530453.529916301,132689.755850516,1042718.1055844661,0.0,672350.4452887522,2628405.4073986774
 09/09  09:00:00,5502272.737933173,165400.88414453107,1307805.3390795738,0.0,654421.1000810522,3329403.901466442
 09/09  10:00:00,5330314.549219361,159127.39645812122,1263102.1466958844,0.0,516365.14198176167,3355526.6535543334
 09/09  11:00:00,4642542.451686642,140777.64824057207,1121375.1403452768,0.0,147020.6307031405,3209240.225378147
 09/09  12:00:00,4663172.747957948,143261.64128871416,1146497.6289126982,0.0,147020.6307031405,3208296.2417887654
 09/09  13:00:00,4229360.923777393,152752.6761138292,1229305.9501890838,0.0,147020.6307031405,2683693.1119454294
 09/09  14:00:00,4061080.8895189343,162637.29476409566,1313442.8622020292,0.0,147020.6307031405,2421391.5470237583
 09/09  15:00:00,3950762.443211562,178408.2862663741,1438931.5615832473,0.0,147020.6307031405,2168305.3593941703
 09/09  16:00:00,4192928.5269960947,236271.20437393262,1893497.5658115493,0.0,147020.6307031405,1887486.1677718093
 09/09  17:00:00,5992286.613999428,342342.343661664,2719475.6822049045,0.0,834461.6082083735,2038701.063253159
 09/09  18:00:00,5764494.62282178,268002.7771230929,2110392.6214549225,0.0,1580770.6024788886,1732942.2007063571
 09/09  19:00:00,5943444.425837126,251900.05036042875,1967452.8304798475,0.0,2061874.6988855067,1571733.8197881945
 09/09  20:00:00,6961316.91131897,239592.54662635317,1860850.6473538482,0.0,2459308.5176561913,2276397.0132688885
 09/09  21:00:00,5482806.923568612,226779.96350908215,1752484.8219309938,0.0,1907981.1525194147,1447772.0426146453
 09/09  22:00:00,3725810.1504453914,173170.86099522316,1329728.268131804,0.0,881526.1393785862,1213200.5946486504
 09/09  23:00:00,2503276.585825269,128794.9309076745,984413.406632975,0.0,147020.6307031405,1154072.6416970491
 09/09  24:00:00,2170849.266670943,93873.1187706279,714783.9490217434,0.0,147020.6307031405,1145801.2479943503
 09/10  01:00:00,1982647.0923907117,73208.52078069304,555517.7664341461,0.0,147020.6307031405,1137529.8542916512
 09/10  02:00:00,1811772.9770967762,54467.46666826161,411656.0989553412,0.0,147020.6307031405,1129258.460588952
 09/10  03:00:00,1668841.8189916841,36803.117085877384,277173.91314055485,0.0,147020.6307031405,1138473.8378810307
 09/10  04:00:00,1584425.9194537355,19738.84971819394,148146.5906938768,0.0,147020.6307031405,1200149.5281574435
 09/10  05:00:00,1556840.0416191688,3708.1303614904996,27756.48920104047,0.0,147020.6307031405,1322556.925120889
 09/10  06:00:00,1932839.7156625642,410.2243787916994,3072.3669714957255,0.0,345438.7176683544,1531136.6412887522
 09/10  07:00:00,2090163.8249830226,3393.752070452159,25716.868512732253,0.0,147020.6307031405,1862758.8587802467
 09/10  08:00:00,4193834.73415274,97111.1479527152,746202.069034863,0.0,672350.4452887522,2628405.4073986774
 09/10  09:00:00,7297013.778674007,299607.7468474213,2345973.7434115135,0.0,1165407.4385005038,3443799.4376304336
 09/10  10:00:00,7754171.871738875,352914.020918165,2815668.9202941386,0.0,1129548.7480851037,3422863.0727896467
 09/10  11:00:00,8162054.862101534,409196.4365757602,3310681.240936875,0.0,1081737.1608645702,3337819.267143542
 09/10  12:00:00,9093426.839514192,504674.342563945,4110577.5639674896,0.0,1045878.47044917,3414199.8572689574
 09/10  13:00:00,8723786.11446371,528853.7900738354,4309646.365549581,0.0,1033925.5736440365,2834771.830370345
 09/10  14:00:00,8458049.557473313,560100.9109010516,4547884.625855212,0.0,812796.9827490693,2520678.4831420686
 09/10  15:00:00,8037903.432330306,571066.8144281759,4596505.004168423,0.0,597644.8402566687,2254590.168212408
 09/10  16:00:00,8378408.325878365,604641.3414409624,4804029.846529977,0.0,977896.3698699742,1963187.8097017868
 09/10  17:00:00,9577545.395873792,511487.2010051473,3988969.7881585993,0.0,834461.6082083737,4186828.932269064
 09/10  18:00:00,11745812.930875095,412947.76212064835,3148924.4239095054,0.0,863596.794170886,7246449.4791768165
 09/10  19:00:00,5720491.890484252,363493.9244559604,2720779.8113987762,0.0,1102654.7302735536,1435540.1458392174
 09/10  20:00:00,5025323.943541838,256457.6563052205,1892835.548537814,0.0,1302865.7517595375,1435932.3970158221
 09/10  21:00:00,4521266.281621391,211649.41847123008,1548119.2774220365,0.0,1320795.0969672378,1282357.1926953755
 09/10  22:00:00,2850974.97823481,144639.02991254136,1050991.0847608014,0.0,330647.0078720019,1187465.2657660227
 09/10  23:00:00,2013487.3961383116,75030.00923205874,542356.9368667566,0.0,147020.6307031405,1154072.6416970491
 09/10  24:00:00,1528747.1545699497,20301.059137214528,146253.89655416372,0.0,147020.6307031405,1145801.2479943503
 09/11  01:00:00,1353920.8051758725,0.0,0.0,0.0,147020.6307031405,1137529.8542916512
 09/11  02:00:00,1345649.4114731734,0.0,0.0,0.0,147020.6307031405,1129258.460588952
 09/11  03:00:00,1292873.0775943105,0.0,0.0,0.0,147020.6307031405,1076482.1267100892
 09/11  04:00:00,1416540.4790416649,0.0,0.0,0.0,147020.6307031405,1200149.5281574435
 09/11  05:00:00,1525375.422056638,0.0,0.0,0.0,147020.6307031405,1322556.925120889
 09/11  06:00:00,1731256.5895271548,0.0,0.0,0.0,147020.6307031405,1531454.193468844
 09/11  07:00:00,2118089.987340037,0.0,0.0,0.0,147020.6307031405,1919795.6417204458
 09/11  08:00:00,4681383.046362465,1754.4589631506278,13102.105282696872,0.0,1198277.9047146207,3418482.9129242646
 09/11  09:00:00,5422118.135133839,88593.99745695486,678234.5236382489,0.0,1165407.4385005038,3447656.7632539966
 09/11  10:00:00,6359449.502404879,200985.7720937551,1572874.7997845523,0.0,1129548.7480851037,3422863.0727896467
 09/11  11:00:00,7129891.2104696985,300394.8282615475,2387319.197619252,0.0,1081737.1608645702,3337819.267143542
 09/11  12:00:00,7945921.572782333,390525.9713502385,3134257.4513895367,0.0,1045878.47044917,3357163.0743287588
 09/11  13:00:00,8079345.352202953,462584.31406833587,3731475.0792943244,0.0,1033925.5736440365,2834771.830370345
 09/11  14:00:00,8095752.708586274,495264.96792196383,3996715.0849276204,0.0,1033925.5736440365,2553258.527266741
 09/11  15:00:00,7787198.786712373,530255.752292703,4252966.865758381,0.0,709703.247804794,2276176.315591866
 09/11  16:00:00,8163187.053109162,565245.1375060079,4482553.664561757,0.0,1096678.281870987,1990057.0108347456
 09/11  17:00:00,6810234.942350503,481862.5848492095,3755083.2737556566,0.0,696256.238899019,1821234.97861401
 09/11  18:00:00,6778802.945866553,418537.45976615255,3192945.7536565843,0.0,1401477.150401888,1691948.1105446883
 09/11  19:00:00,6915439.981134705,374845.6162637982,2808962.567680461,0.0,2061874.6988855067,1571733.8197881945
 09/11  20:00:00,6647107.938678632,297974.3928471318,2209915.419128243,0.0,2459308.5176561913,1542677.0191236224
 09/11  21:00:00,6355247.926018435,278333.68076067,2054176.7466400494,0.0,2495167.2080715913,1369224.994480614
 09/11  22:00:00,3207726.6197642265,185755.83642384878,1366625.9197789105,0.0,330647.0078720019,1187465.2657660227
 09/11  23:00:00,2395554.8961632317,119532.64398198864,879921.802141747,0.0,147020.6307031405,1154072.6416970491
 09/11  24:00:00,2038826.0789266776,80762.27601258288,595871.6040355229,0.0,147020.6307031405,1145801.2479943503
 09/12  01:00:00,1748620.8003572037,47040.170840773346,347659.82434055774,0.0,147020.6307031405,1137529.8542916512
 09/12  02:00:00,1595871.4971052257,29765.745822235844,220456.33980981636,0.0,147020.6307031405,1129258.460588952
 09/12  03:00:00,1472576.4371794462,13972.14185367023,103739.506560524,0.0,147020.6307031405,1138473.8378810307
 09/12  04:00:00,1472023.7585753032,8049.215226762627,59909.58622700238,0.0,147842.3923584934,1186852.244581964
 09/12  05:00:00,1564976.1174471236,4678.3896570980105,34922.30573338743,0.0,147020.6307031405,1322556.925120889
 09/12  06:00:00,1762943.335119044,3723.1464573923254,27963.599134497028,0.0,147020.6307031405,1531454.193468844
 09/12  07:00:00,2561073.5113231027,24772.889776864315,188924.1986079593,0.0,408191.42589530465,1887911.282126523
 09/12  08:00:00,4259053.676792009,103281.74043994868,805250.419186898,0.0,672350.4452887522,2628405.4073986774
 09/12  09:00:00,6340433.83057708,217247.51326105534,1730951.4108341776,0.0,1037660.8538956408,3312348.64030207
 09/12  10:00:00,7114469.949077099,307147.95097111247,2493541.3613343854,0.0,884514.3635798695,3396089.16353991
 09/12  11:00:00,11657450.13841869,410657.2971420392,3385055.421400905,0.0,1081737.1608645702,6757379.502430387
 09/12  12:00:00,8822612.502984254,473605.45178867894,3927868.901153017,0.0,1045878.47044917,3357163.0743287588
 09/12  13:00:00,8684984.080550883,519832.1411618162,4279865.980548777,0.0,1033925.5736440365,2834771.830370345
 09/12  14:00:00,12859444.391129285,577611.0623601713,4713186.895251782,0.0,1033925.5736440365,6518132.305047386
 09/12  15:00:00,10215526.960339058,625206.8293132924,5088814.24302526,0.0,1045878.47044917,3437530.8122867043
 09/12  16:00:00,9245937.053471118,644730.4533364509,5241470.987241716,0.0,1096678.281870987,2234404.3726862995
 09/12  17:00:00,8833833.102630481,644730.4533364509,5194962.452825987,0.0,834461.6082083737,2103880.722027061
 09/12  18:00:00,9398438.337890934,644730.4533364509,5121753.248020444,0.0,1580770.6024788886,1977289.562557911
 09/12  19:00:00,13401326.849512544,619004.6604482866,4841469.25224161,0.0,2061874.6988855067,5780954.959420394
 09/12  20:00:00,16004035.686890408,578918.8647948139,4491238.510792432,0.0,2459308.5176561913,8337337.203723528
 09/12  21:00:00,10068006.093815403,546030.3018418388,4235727.019346983,0.0,1614388.1247433263,3513515.3518177452
 09/12  22:00:00,5834236.067490539,403873.675207185,3125098.859777209,0.0,881526.1393785862,1286504.8032041164
 09/12  23:00:00,3986100.9745654883,264176.6216023966,2038889.1997737512,0.0,442257.18178993475,1145770.7937601
 09/12  24:00:00,3205894.08279139,206450.8967281849,1592643.1856215782,0.0,202003.956006754,1135425.7242537923
 09/13  01:00:00,2819074.6968788537,167680.4128944356,1297473.4788085457,0.0,147020.6307031405,1137529.8542916512
 09/13  02:00:00,2591183.086999052,142046.8778096315,1103486.7977162476,0.0,147020.6307031405,1129258.460588952
 09/13  03:00:00,2422931.987376148,121750.5670899782,946316.6315209174,0.0,147020.6307031405,1138473.8378810307
 09/13  04:00:00,2344150.840655228,105759.92446774515,821850.437145818,0.0,147020.6307031405,1200149.5281574435
 09/13  05:00:00,2351058.87716061,94099.39091602011,731584.0641879523,0.0,147020.6307031405,1322556.925120889
 09/13  06:00:00,3002802.605827391,131727.05213555563,1025769.833020468,0.0,147020.6307031405,1645503.3246130568
 09/13  07:00:00,5448121.855180545,250576.09736342911,1954745.3518248901,0.0,1061566.6475059078,2129960.043569866
 09/13  08:00:00,5579279.972421151,187089.66363966186,1459383.8208101369,0.0,1198277.9047146207,2684762.918778999
 09/13  09:00:00,6568539.740208681,231395.90264268254,1803835.1725540129,0.0,1165407.4385005038,3325675.814227346
 09/13  10:00:00,7381125.775053678,315616.0054295479,2479920.8390975595,0.0,1129548.7480851037,3422863.0727896467
 09/13  11:00:00,7884976.78106659,381733.11840991507,3061066.478067776,0.0,1081737.1608645702,3337819.267143542
 09/13  12:00:00,8098033.514838043,443436.5782916318,3627700.2395016886,0.0,707462.0796538314,3301338.0121262614
 09/13  13:00:00,7968103.511004483,495957.2920968133,4104626.910719973,0.0,591668.391854102,2759262.361507683
 09/13  14:00:00,8144953.415099122,541950.3547998229,4506647.674601888,0.0,591668.391854102,2488098.4390173964
 09/13  15:00:00,8785209.805291662,601807.9883649208,4992818.802656544,0.0,821761.6553529194,2350724.753652648
 09/13  16:00:00,9037795.962796137,642172.5077633134,5276160.7117325505,0.0,1096678.281870987,1994131.5030936203
 09/13  17:00:00,7632376.884643309,559834.5003761197,4499253.300521553,0.0,696256.238899019,1821234.97861401
 09/13  18:00:00,6580147.403532034,463872.453613195,3609817.8441910343,0.0,863596.794170886,1568965.840059682
 09/13  19:00:00,5981601.325812249,390152.41461800854,2955230.756564725,0.0,1102654.7302735536,1435540.1458392174
 09/13  20:00:00,5777404.07452135,305447.4980337185,2280128.9907877147,0.0,1591976.443233701,1462618.5525427721
 09/13  21:00:00,7406414.083457556,300741.26444087474,2227234.3772270503,0.0,2495167.2080715913,2224925.93765253
 09/13  22:00:00,4970095.755445752,235858.45337410909,1732801.2720621652,0.0,1616629.2928942887,1247574.1471917466
 09/13  23:00:00,3262059.9026012346,155165.6673519713,1133398.2905681306,0.0,741079.6019182691,1137409.1651235577
 09/13  24:00:00,2238957.989452577,95056.59744572794,692493.5900021668,0.0,256987.28131036749,1125050.2005132344
 09/14  01:00:00,1724765.7578342569,45567.600414016335,330995.76961451746,0.0,183775.7883789256,1095056.2792457168
 09/14  02:00:00,1395852.249600242,9243.210166186018,67016.1688155088,0.0,147020.6307031405,1103201.9197343255
 09/14  03:00:00,1354864.788765252,0.0,0.0,0.0,147020.6307031405,1138473.8378810307
 09/14  04:00:00,1366638.391361158,0.0,0.0,0.0,150307.67732455215,1146960.3938555252
 09/14  05:00:00,1609662.2527668753,0.0,0.0,0.0,274020.15925768256,1279844.2272765844
 09/14  06:00:00,2127457.6590973986,0.0,0.0,0.0,543856.8046335684,1530819.0891086604
 09/14  07:00:00,4001945.5215056986,7231.266184459514,54050.537782116284,0.0,1192301.456312054,2697088.5463106185
 09/14  08:00:00,4864995.950730562,93539.63352718047,716668.8802053803,0.0,1198277.9047146207,2806743.867805649
 09/14  09:00:00,6385551.571745131,209708.14813713578,1642534.75859601,0.0,1165407.4385005038,3325675.814227346
 09/14  10:00:00,7344707.749247545,307334.7685367112,2451784.050184263,0.0,1129548.7480851037,3422863.0727896467
 09/14  11:00:00,8808715.262143008,461641.2976348817,3729760.8083121274,0.0,1081737.1608645702,3512955.238750643
 09/14  12:00:00,10097853.103943516,601792.9974637156,4895754.25335959,0.0,1045878.47044917,3536330.7774064103
 09/14  13:00:00,8999026.11929432,557996.5878502897,4555743.572603738,0.0,1033925.5736440365,2834771.830370345
 09/14  14:00:00,8916843.277947364,579789.2434473124,4733281.378763364,0.0,1033925.5736440365,2553258.527266741
 09/14  15:00:00,8785075.370165018,589813.4358715678,4790352.100849412,0.0,1045878.47044917,2340934.757730239
 09/14  16:00:00,8277593.827267313,566116.3156724926,4543126.9698721,0.0,1096678.281870987,2043019.3015160698
 09/14  17:00:00,7891456.593826006,519899.5379268783,4088178.4764112094,0.0,1249077.7161364374,1978502.9971188724
 09/14  18:00:00,8013556.970334875,447915.90715623647,3444313.794350889,0.0,1580770.6024788886,2466662.194851623
 09/14  19:00:00,7234600.124654272,394772.97417200566,2986214.4042651695,0.0,2061874.6988855067,1693714.7688148448
 09/14  20:00:00,6903777.614781267,325293.25733895844,2439266.230739053,0.0,2459308.5176561913,1542677.0191236224
 09/14  21:00:00,5070881.139728467,272880.85244896275,2036502.7015513806,0.0,1320795.0969672378,1282357.1926953755
 09/14  22:00:00,4058068.1294647423,216100.17169057232,1610008.6338234907,0.0,881526.1393785862,1213200.5946486504
 09/14  23:00:00,3065479.0430839243,163257.6980454361,1219186.191849147,0.0,442257.18178993475,1145770.7937601
 09/14  24:00:00,2480429.2172854664,126277.88269945329,947351.3341443862,0.0,202003.956006754,1135425.7242537923
 09/15  01:00:00,2212465.1583344047,100422.62027934517,758121.732879187,0.0,147020.6307031405,1137529.8542916512
 09/15  02:00:00,2072141.0134647815,84622.30002841292,643377.3524019143,0.0,147020.6307031405,1129258.460588952
 09/15  03:00:00,2003197.454767419,75064.35911293654,574776.3573279497,0.0,147020.6307031405,1138473.8378810307
 09/15  04:00:00,2021225.4872988577,69402.97551909977,535282.0327380932,0.0,147020.6307031405,1200149.5281574435
 09/15  05:00:00,2108881.9588823183,65338.89048659545,506103.2428293318,0.0,147020.6307031405,1322556.925120889
 09/15  06:00:00,2315897.288273278,64975.48093928065,506092.7638583706,0.0,147020.6307031405,1531454.193468844
 09/15  07:00:00,2794155.477448494,81183.5631287602,641362.3568488618,0.0,147020.6307031405,1862758.8587802467
 09/15  08:00:00,5013077.551317751,150888.54972284206,1216000.847710495,0.0,935314.1750016864,2656584.163088838
 09/15  09:00:00,6250413.544229138,262677.7296326801,2155760.308709104,0.0,528467.4499969592,3258266.54272882
 09/15  10:00:00,6644022.174007099,336022.7418264564,2810624.7396014296,0.0,147020.6307031405,3314160.851346814
 09/15  11:00:00,7620757.798250671,418079.17982790363,3556959.883489681,0.0,379803.2959831129,3241786.631930467
 09/15  12:00:00,8716109.810752053,502190.6324713622,4318436.298901916,0.0,594656.6160553853,3282729.6580587616
 09/15  13:00:00,8400422.727209872,548736.0721998204,4744275.852178963,0.0,369344.51127862127,2721477.7367265564
 09/15  14:00:00,8241060.563937064,587052.1677445776,5069007.663639678,0.0,147020.6307031405,2421391.5470237583
 09/15  15:00:00,8065680.851980533,598802.8272803931,5133455.4293382,0.0,147020.6307031405,2168305.3593941703
 09/15  16:00:00,7657255.359056976,588890.7493455369,4973335.69083526,0.0,265653.1314940892,1800722.8290464247
 09/15  17:00:00,9124255.211635659,642817.967668955,5317409.795970655,0.0,972666.9775177281,2134054.5538069936
 09/15  18:00:00,9044734.226203896,607877.2714150704,4932676.867930297,0.0,1580770.6024788886,1851023.0633211206
 09/15  19:00:00,8153306.822952122,493832.869535096,3935382.4084201762,0.0,2061874.6988855067,1571733.8197881945
 09/15  20:00:00,7993110.544295195,435161.5486240862,3430795.2724776054,0.0,2459308.5176561913,1542677.0191236224
 09/15  21:00:00,8221120.676303982,392502.0785431751,3082717.458068859,0.0,2495167.2080715913,2102944.98862588
 09/15  22:00:00,6759826.409280797,327962.32463367406,2566857.898095331,0.0,697899.7622097248,3038922.137050939
 09/15  23:00:00,3437472.6425963254,232602.63035106834,1814801.7639606376,0.0,147020.6307031405,1154072.6416970491
 09/15  24:00:00,3106820.9306296185,198524.0084016946,1546104.7233493524,0.0,147020.6307031405,1145801.2479943503
 09/16  01:00:00,2833277.8388974667,168678.9235511186,1310678.110170475,0.0,147020.6307031405,1137529.8542916512
 09/16  02:00:00,2589900.7361308574,142654.77954231054,1103104.5955540924,0.0,147020.6307031405,1129258.460588952
 09/16  03:00:00,2387906.7542605507,119172.40735321962,915377.6085807984,0.0,147020.6307031405,1138473.8378810307
 09/16  04:00:00,2256556.101846515,97353.21260651633,742662.4101983339,0.0,147020.6307031405,1200149.5281574435
 09/16  05:00:00,2198660.0057051443,77062.83167190268,584157.3484668508,0.0,147020.6307031405,1322556.925120889
 09/16  06:00:00,3237809.8629836095,65649.16227612192,495511.12830147287,0.0,345438.7176683544,2264856.6354340175
 09/16  07:00:00,5802765.120288688,87884.4569109607,663080.6015496716,0.0,1192301.456312054,3797668.5375285167
 09/16  08:00:00,4031261.7094985824,61923.519002423796,468721.2793132921,0.0,803832.3101452193,2642494.785243758
 09/16  09:00:00,3925064.029165618,43510.791285549385,331215.48272868095,0.0,273870.7480476184,3231225.4939421946
 09/16  10:00:00,3971073.685064593,54718.379050011186,418980.6134353678,0.0,147020.6307031405,3314160.851346814
 09/16  11:00:00,4064254.369723215,78790.13781124001,605074.5688111808,0.0,147020.6307031405,3209240.225378147
 09/16  12:00:00,4130357.5152540356,87065.06192913355,669878.9755683665,0.0,147020.6307031405,3208296.2417887654
 09/16  13:00:00,4559439.801724616,137126.36936080948,1054794.1241761108,0.0,591668.391854102,2759262.361507683
 09/16  14:00:00,4641257.927476619,178094.98691725015,1366807.5548619602,0.0,591668.391854102,2488098.4390173964
 09/16  15:00:00,4588181.947724894,198709.48854319207,1519140.845447994,0.0,597644.8402566687,2254590.168212408
 09/16  16:00:00,4599877.236689365,240068.45293842393,1827024.9852454304,0.0,621550.6338669354,1882580.20630291
 09/16  17:00:00,5745412.843402409,225404.09004043398,1706628.4311494213,0.0,1249077.7161364374,2506996.6894047884
 09/16  18:00:00,11569024.10814705,198426.33283530083,1497324.088696624,0.0,1401477.150401888,8399410.11515472
 09/16  19:00:00,4951300.946779984,182478.17967575445,1375395.8426124398,0.0,1102654.7302735536,2200289.167895087
 09/16  20:00:00,5115227.13511624,152890.5292369441,1150979.729686906,0.0,2170197.826182028,1515990.8635966722
 09/16  21:00:00,5520320.031135219,176916.07269715643,1331222.8128913809,0.0,2495167.2080715913,1369224.994480614
 09/16  22:00:00,3218059.374562012,116763.33584889962,878385.0173947485,0.0,881526.1393785862,1213200.5946486504
 09/16  23:00:00,2259765.7926753657,68393.78584043507,514369.0554004664,0.0,442257.18178993475,1145770.7937601
 09/16  24:00:00,1672471.585390516,36410.33000210098,273869.0565098435,0.0,147020.6307031405,1145801.2479943503
 09/17  01:00:00,1445355.5631433593,10723.88295829191,80710.87500919479,0.0,147020.6307031405,1137529.8542916512
 09/17  02:00:00,1345649.4114731734,0.0,0.0,0.0,147020.6307031405,1129258.460588952
 09/17  03:00:00,1354864.788765252,0.0,0.0,0.0,147020.6307031405,1138473.8378810307
 09/17  04:00:00,1416540.4790416649,0.0,0.0,0.0,147020.6307031405,1200149.5281574435
 09/17  05:00:00,1525375.422056638,0.0,0.0,0.0,147020.6307031405,1322556.925120889
 09/17  06:00:00,2127457.6590973986,0.0,0.0,0.0,543856.8046335684,1530819.0891086604
 09/17  07:00:00,2061053.204399838,0.0,0.0,0.0,147020.6307031405,1862758.8587802467
 09/17  08:00:00,2767287.3874549353,0.0,0.0,0.0,147020.6307031405,2570501.0922740623
 09/17  09:00:00,4130252.6908985763,18233.743388516818,143005.31661862863,0.0,654421.1000810522,3272367.1185262427
 09/17  10:00:00,4490340.935324771,49715.80558146531,398652.7867266769,0.0,639479.9790746354,3369315.2542901738
 09/17  11:00:00,4718860.751048522,88376.21937495368,720944.7753469085,0.0,612585.9612630852,3274333.038482787
 09/17  12:00:00,4633361.9242828125,122170.86435914927,1007260.2317615675,0.0,258929.62704120172,3226904.5958562647
 09/17  13:00:00,4666811.617627774,167890.2057908914,1391510.6090057944,0.0,369344.51127862127,2721477.736726556
 09/17  14:00:00,6254580.255579146,247715.35227415606,2054808.5744356648,0.0,591668.391854102,3343799.3821893125
 09/17  15:00:00,5296860.547737759,261939.6270212343,2164589.306982818,0.0,597644.8402566687,2254590.168212408
 09/17  16:00:00,8382833.8977112975,320374.60042061267,2619775.4741557315,0.0,1096678.281870987,4317352.582928303
 09/17  17:00:00,12225747.414650755,360933.86992554844,2908025.8183790287,0.0,1249077.7161364374,7651912.143977132
 09/17  18:00:00,6224963.003372818,317966.1951342676,2519389.5335560665,0.0,1580770.6024788886,1732942.2007063571
 09/17  19:00:00,6291573.662590859,290909.9917852462,2269031.8736151666,0.0,2061874.6988855067,1571733.8197881945
 09/17  20:00:00,6312659.194961386,249324.05438633315,1924117.013871796,0.0,2459308.5176561913,1542677.0191236224
 09/17  21:00:00,5358959.429323663,227013.45899349012,1739828.428157254,0.0,1907981.1525194147,1325791.0935879948
 09/17  22:00:00,2770446.303322088,151546.27467385007,1155759.9852165082,0.0,147020.6307031405,1178886.8228051467
 09/17  23:00:00,2292600.864225466,104130.6612284929,792369.7529574765,0.0,147020.6307031405,1154072.6416970491
 09/17  24:00:00,1986218.1202223236,72541.59219744566,551484.3291463061,0.0,147020.6307031405,1145801.2479943503
 09/18  01:00:00,1756527.4643890113,46836.00041457337,355770.6587985656,0.0,147020.6307031405,1137529.8542916512
 09/18  02:00:00,1575060.792796594,26719.398210291816,202691.98311312872,0.0,147020.6307031405,1129258.460588952
 09/18  03:00:00,1433785.7726940918,9200.27313578761,69720.71079305203,0.0,147020.6307031405,1138473.8378810307
 09/18  04:00:00,1416540.4790416649,0.0,0.0,0.0,147020.6307031405,1200149.5281574435
 09/18  05:00:00,1525375.422056638,0.0,0.0,0.0,147020.6307031405,1322556.925120889
 09/18  06:00:00,1857045.0782213109,8482.747323536625,64343.45068929491,0.0,147020.6307031405,1584416.4841501683
 09/18  07:00:00,3804621.221562178,78182.33924797039,597644.8466778712,0.0,1061566.6475059078,2015953.6732139776
 09/18  08:00:00,4236568.77089835,100788.04370792888,785259.2100252584,0.0,672350.4452887522,2628405.4073986774
 09/18  09:00:00,6725867.560133015,260753.37340502205,2072879.2802461456,0.0,1037660.8538956409,3312348.6403020704
 09/18  10:00:00,8184797.867453502,394712.46620767226,3204496.4707192574,0.0,1129548.7480851037,3422863.0727896467
 09/18  11:00:00,8920643.379369942,483368.59938856936,3995097.595392475,0.0,1081737.1608645702,3337819.267143542
 09/18  12:00:00,9734750.42713474,567502.7531975104,4746109.523894671,0.0,1045878.47044917,3357163.0743287588
 09/18  13:00:00,9760689.591052122,624251.2443926603,5251152.387819169,0.0,1033925.5736440365,2834771.830370345
 09/18  14:00:00,9674674.073966049,644730.4533364509,5426170.964892909,0.0,1033925.5736440365,2553258.527266741
 09/18  15:00:00,9450636.96656131,644730.4533364509,5400996.67978082,0.0,1045878.47044917,2340934.757730239
 09/18  16:00:00,8734248.41546073,644730.4533364509,5354046.267544599,0.0,740332.5458679483,1966486.190376068
 09/18  17:00:00,8265346.390439007,621216.930918664,5070840.375774706,0.0,696256.238899019,1821234.97861401
 09/18  18:00:00,8894206.010669079,634987.005187584,5075964.003206361,0.0,1222183.6983248873,1887176.8324530092
 09/18  19:00:00,8253608.462914415,509451.39587281045,4012525.2698511584,0.0,2061874.6988855067,1571733.8197881945
 09/18  20:00:00,7817924.370790983,418255.11222162313,3260451.131866103,0.0,2459308.5176561913,1542677.0191236224
 09/18  21:00:00,7209714.96489507,365482.9185565643,2821494.5477207904,0.0,2495167.2080715913,1369224.994480614
 09/18  22:00:00,4942567.141209152,291621.14738647244,2226617.4933573,0.0,1065301.9277575118,1221793.9827844244
 09/18  23:00:00,3538428.031896621,216375.1716137299,1639017.70709355,0.0,442257.18178993475,1145770.7937601
 09/18  24:00:00,2834181.548050763,161661.71323422357,1221112.032811857,0.0,256987.28131036749,1125050.2005132344
 09/19  01:00:00,2411312.8993930165,123702.62822996777,933689.465987176,0.0,147020.6307031405,1137529.8542916512
 09/19  02:00:00,2149809.339546535,94118.2406133131,710041.6874600484,0.0,147020.6307031405,1129258.460588952
 09/19  03:00:00,1884737.0193596631,62035.27933782432,467836.95125658665,0.0,147020.6307031405,1138473.8378810307
 09/19  04:00:00,1817493.1771908551,47053.81902004272,353898.8791291476,0.0,147020.6307031405,1200149.5281574435
 09/19  05:00:00,1750514.2793536778,26562.063915703147,198576.79338133673,0.0,147020.6307031405,1322556.925120889
 09/19  06:00:00,1778348.7868235037,5583.600172717973,41508.597123630905,0.0,147020.6307031405,1531454.193468844
 09/19  07:00:00,2110722.386676654,5901.033538094889,43768.14873872136,0.0,147020.6307031405,1862758.8587802467
 09/19  08:00:00,3383630.0266165696,72500.66982299084,543841.9693386435,0.0,147020.6307031405,2570501.0922740623
 09/19  09:00:00,6515523.312558473,230152.3841499156,1752062.2633965728,0.0,1165407.4385005038,3325675.814227346
 09/19  10:00:00,7303266.465073889,311728.96039255394,2405948.574154764,0.0,1129548.7480851037,3422863.0727896467
 09/19  11:00:00,7913430.648084093,395050.984738642,3076202.4787565526,0.0,1081737.1608645702,3337819.267143542
 09/19  12:00:00,8484139.51490967,460144.45059332973,3602856.9142737803,0.0,1045878.47044917,3357163.0743287588
 09/19  13:00:00,8394093.99885149,509299.08306151023,3999508.9569496857,0.0,1033925.5736440365,2834771.830370345
 09/19  14:00:00,8353341.335319007,565388.9517730798,4437888.362828879,0.0,812796.9827490693,2520678.4831420686
 09/19  15:00:00,8083616.921304142,591362.605434797,4621922.702135637,0.0,597644.8402566687,2254590.168212408
 09/19  16:00:00,7499437.659737438,567167.049607146,4399486.811624782,0.0,621550.6338669354,1882580.20630291
 09/19  17:00:00,8159087.817325985,455487.8841763295,3479440.8625771725,0.0,696256.238899019,3472104.9654408577
 09/19  18:00:00,7205171.1295484435,428662.9600602753,3213677.8591496097,0.0,1580770.6024788886,1908165.2363624317
 09/19  19:00:00,6650624.234155567,346756.6119225864,2568161.332783661,0.0,2061874.6988855067,1575808.3120470692
 09/19  20:00:00,6038928.867095608,227656.27721185735,1672054.463180495,0.0,2459308.5176561913,1542677.0191236224
 09/19  21:00:00,5231484.918979654,145720.46755158226,1063026.9528103566,0.0,2495167.2080715913,1369224.994480614
 09/19  22:00:00,3178615.4528198214,161140.5831572907,1169925.1859713264,0.0,514273.38504086336,1196043.7087268985
 09/19  23:00:00,2173349.474454828,94288.20081251464,682960.8236028173,0.0,147020.6307031405,1154072.6416970491
 09/19  24:00:00,1754819.8669394308,47680.59452296611,344947.07353789324,0.0,147020.6307031405,1145801.2479943503
 09/20  01:00:00,1451427.6610652122,11853.788075095814,85653.06781424396,0.0,147020.6307031405,1137529.8542916512
 09/20  02:00:00,1345649.4114731734,0.0,0.0,0.0,147020.6307031405,1129258.460588952
 09/20  03:00:00,1354864.788765252,0.0,0.0,0.0,147020.6307031405,1138473.8378810307
 09/20  04:00:00,1416540.4790416649,0.0,0.0,0.0,147020.6307031405,1200149.5281574435
 09/20  05:00:00,1525375.422056638,0.0,0.0,0.0,147020.6307031405,1322556.925120889
 09/20  06:00:00,1731256.5895271548,0.0,0.0,0.0,147020.6307031405,1531454.193468844
 09/20  07:00:00,2061053.204399838,0.0,0.0,0.0,147020.6307031405,1862758.8587802467
 09/20  08:00:00,3058904.4523100485,0.0,0.0,0.0,409685.53799594636,2599453.24983637
 09/20  09:00:00,5096754.783584987,98281.54437932579,747312.0912539526,0.0,909914.269290778,3299021.4663767945
 09/20  10:00:00,6007205.708327129,224350.13393233056,1740883.231378168,0.0,639479.9790746354,3369315.2542901738
 09/20  11:00:00,7525900.913340905,348156.12982857856,2735567.5989234275,0.0,1081737.1608645702,3337819.267143542
 09/20  12:00:00,8175780.511402118,436000.1601929709,3450056.018832535,0.0,933073.0068507239,3338554.720261259
 09/20  13:00:00,8427104.881192133,508698.7545391972,4033120.1678126426,0.0,1033925.5736440365,2834771.830370345
 09/20  14:00:00,8151065.008858809,553079.0342706698,4374776.27138091,0.0,702232.6873015857,2504388.4610797325
 09/20  15:00:00,8776874.311347881,607371.382304318,4764593.095599525,0.0,1045878.47044917,2340934.757730239
 09/20  16:00:00,8634283.622210504,618786.3423275475,4786059.897697348,0.0,1096678.281870987,2104106.1419789586
 09/20  17:00:00,8503418.30674417,589481.73408011,4455464.782357364,0.0,1249077.7161364374,2153596.2079376495
 09/20  18:00:00,7037499.395074102,436954.52637485135,3212937.594016766,0.0,1580770.6024788886,1732942.2007063571
 09/20  19:00:00,9268581.772588696,361482.39341795223,2607447.602471869,0.0,2061874.6988855067,4139753.799296624
 09/20  20:00:00,6971175.161758044,257197.5292973728,1841039.5116121487,0.0,2459308.5176561913,2276397.0132688885
 09/20  21:00:00,8891785.325870868,240322.81460407242,1712725.9473941987,0.0,1907981.1525194147,4872410.115287673
 09/20  22:00:00,3276844.45900241,128968.57648306772,915916.5585686633,0.0,881526.1393785862,1213200.5946486504
 09/20  23:00:00,1809188.9538136711,51089.605160124556,361998.8986140504,0.0,147020.6307031405,1154072.6416970491
 09/20  24:00:00,1387912.4264916999,3185.399066730495,22534.828546397763,0.0,147020.6307031405,1145801.2479943503
 09/21  01:00:00,1353920.8051758725,0.0,0.0,0.0,147020.6307031405,1137529.8542916512
 09/21  02:00:00,1345649.4114731734,0.0,0.0,0.0,147020.6307031405,1129258.460588952
 09/21  03:00:00,1354864.788765252,0.0,0.0,0.0,147020.6307031405,1138473.8378810307
 09/21  04:00:00,1416540.4790416649,0.0,0.0,0.0,147020.6307031405,1200149.5281574435
 09/21  05:00:00,1525375.422056638,0.0,0.0,0.0,147020.6307031405,1322556.925120889
 09/21  06:00:00,1731256.5895271548,0.0,0.0,0.0,147020.6307031405,1531454.193468844
 09/21  07:00:00,2347376.422938279,0.0,0.0,0.0,408191.4258953047,1887911.282126523
 09/21  08:00:00,2767287.3874549353,0.0,0.0,0.0,147020.6307031405,2570501.0922740623
 09/21  09:00:00,3990274.8791792914,18755.77896147259,143069.4615322146,0.0,527570.9827365743,3258653.2436648933
 09/21  10:00:00,5159874.937332677,127018.37933783262,990884.214978214,0.0,639479.9790746354,3369315.2542901738
 09/21  11:00:00,5263283.261122949,210643.220780887,1673758.4276799883,0.0,147020.6307031405,3209240.225378147
 09/21  12:00:00,6385993.030175493,332623.4236698613,2679956.128749096,0.0,147020.6307031405,3208296.2417887654
 09/21  13:00:00,6710319.555236788,424002.1979928169,3439015.0597694907,0.0,147020.6307031405,2683693.1119454294
 09/21  14:00:00,7092630.091406887,493977.48619441653,4013651.872659662,0.0,147020.6307031405,2421391.5470237583
 09/21  15:00:00,8024802.926011257,567671.6475110834,4586799.664766467,0.0,597644.8402566687,2254590.168212408
 09/21  16:00:00,8299664.868404625,577281.290066706,4606995.3272965215,0.0,1096678.281870987,1990057.0108347456
 09/21  17:00:00,7662158.710090473,496087.709490562,3886766.9133708677,0.0,1249077.7161364374,1974428.504859998
 09/21  18:00:00,6575611.08111239,409946.34481028264,3146027.413568613,0.0,684452.7533039497,2261290.097932307
 09/21  19:00:00,6374777.753836697,358317.38654421,2710554.4423558568,0.0,1582264.7145795303,1625617.9318403562
 09/21  20:00:00,6728091.307917653,303921.2421237943,2284951.9390906016,0.0,2459308.5176561913,1542677.0191236224
 09/21  21:00:00,6392700.103730438,278853.90508301614,2091108.7000297077,0.0,2495167.2080715913,1369224.994480614
 09/21  22:00:00,3193476.227445053,203915.92096327175,1526420.2630500516,0.0,147020.6307031405,1178886.8228051467
 09/21  23:00:00,2658391.403166249,148501.40546269057,1113789.5476640621,0.0,147020.6307031405,1154072.6416970491
 09/21  24:00:00,2364556.860912274,117234.86669908142,885129.7953346206,0.0,147020.6307031405,1145801.2479943503
 09/22  01:00:00,2173075.175163677,95398.6632627551,723755.7067250495,0.0,147020.6307031405,1137529.8542916512
 09/22  02:00:00,2017359.9167162157,78232.47631142513,594986.0793703365,0.0,147020.6307031405,1129258.460588952
 09/22  03:00:00,1923309.4864365384,66085.65367132012,503867.0944386855,0.0,147020.6307031405,1138473.8378810307
 09/22  04:00:00,1905076.6589942726,56564.6279542903,431971.5519983175,0.0,147020.6307031405,1200149.5281574435
 09/22  05:00:00,1963469.573198795,49246.5279026737,376783.2197297301,0.0,147020.6307031405,1322556.925120889
 09/22  06:00:00,2353531.673583375,47276.357587351886,363325.7377352739,0.0,345438.7176683544,1531136.6412887522
 09/22  07:00:00,3251880.3098066156,69283.76191181873,538340.5533470431,0.0,669362.2210874689,1913063.7054727995
 09/22  08:00:00,4681463.15223792,152198.5053261423,1205978.3797138021,0.0,541017.9916423493,2727978.459761737
 09/22  09:00:00,6196372.301932346,278518.14409309917,2245342.7217620825,0.0,273870.7480476184,3353399.174867972
 09/22  10:00:00,6345146.645298164,265500.10840847157,2171561.530824338,0.0,516365.14198176167,3355526.6535543343
 09/22  11:00:00,6726013.779303055,304705.35128976504,2510260.6212479128,0.0,612585.9612630852,3274333.038482787
 09/22  12:00:00,6297030.702079417,315261.6894890832,2608355.5348337977,0.0,147020.6307031405,3208296.2417887654
 09/22  13:00:00,5995165.761530757,338410.2792951283,2809453.18476115,0.0,147020.6307031405,2683693.1119454294
 09/22  14:00:00,5850961.65747573,350837.25393812463,2915123.670984797,0.0,147020.6307031405,2421391.5470237583
 09/22  15:00:00,5560645.484532201,347586.2558839667,2879636.6332862936,0.0,147020.6307031405,2168305.3593941703
 09/22  16:00:00,5706810.230455548,360514.99534730555,2959429.7298125094,0.0,502918.13307598664,1855294.4138840816
 09/22  17:00:00,6459904.916282574,428215.7704479096,3456946.732367804,0.0,558947.3368500493,1958489.1599454843
 09/22  18:00:00,7474205.036025392,479357.26940136065,3804976.2650060514,0.0,1222183.6983248873,1895301.3822345734
 09/22  19:00:00,8302846.798107275,491244.12672525947,3843163.7645336115,0.0,2061874.6988855067,1816081.1816397484
 09/22  20:00:00,8540232.798626259,475366.4501714851,3693365.2634097165,0.0,2459308.5176561913,1787024.3809751763
 09/22  21:00:00,5862423.900611645,435112.99176021456,3377548.8509044824,0.0,440464.2472691648,1461508.8676833063
 09/22  22:00:00,5079255.046803147,385983.1180348777,2994832.8261173,0.0,147020.6307031405,1423234.1846567006
 09/22  23:00:00,4778316.92452313,359189.2366639962,2784712.07772296,0.0,147020.6307031405,1398420.003548603
 09/22  24:00:00,3366703.5684363157,228049.73957524364,1764244.2618899231,0.0,147020.6307031405,1158018.616086928
 09/23  01:00:00,2732380.670126442,158047.09516586937,1220412.7697846997,0.0,147020.6307031405,1137529.8542916512
 09/23  02:00:00,2446131.749722061,126472.21819050082,975518.170497106,0.0,147020.6307031405,1129258.460588952
 09/23  03:00:00,2254886.490558525,103643.43812423575,797886.3141077565,0.0,147020.6307031405,1138473.8378810307
 09/23  04:00:00,2031085.8422765713,76480.67039030597,587966.7805251073,0.0,150307.67732455215,1146960.3938555252
 09/23  05:00:00,2166503.4926378634,62735.43636314026,482041.39999809454,0.0,274020.15925768256,1279844.2272765844
 09/23  06:00:00,2669282.4814912314,60704.43180760099,467547.93663775915,0.0,543856.8046335684,1530819.0891086604
 09/23  07:00:00,3307334.108675875,75437.28613168438,587640.8279964367,0.0,669362.2210874689,1913063.7054727995
 09/23  08:00:00,5198678.363052192,140968.5751043329,1120379.1486603506,0.0,1198277.9047146207,2684762.918778999
 09/23  09:00:00,7676997.48556803,285554.1413575551,2322550.3937762612,0.0,1165407.4385005038,3858243.9987721364
 09/23  10:00:00,14890111.992799047,386511.23992509476,3207533.7168599116,0.0,1129548.7480851037,10130325.077399679
 09/23  11:00:00,19051188.705277864,484879.1168116316,4087141.558500251,0.0,1081737.1608645702,13373302.062081905
 09/23  12:00:00,16283241.306003075,544217.5010198808,4628576.409606696,0.0,482747.61971732415,10609603.170394547
 09/23  13:00:00,14171770.548008341,580797.1075074961,4958107.342333881,0.0,147020.6307031405,8469256.912637912
 09/23  14:00:00,8278747.888948188,557179.754325152,4753051.412211777,0.0,480506.45156636165,2471421.716018987
 09/23  15:00:00,8422465.504260851,600231.1079099635,5086130.037210122,0.0,484988.7878682867,2233018.9660078487
 09/23  16:00:00,7196176.335984849,528969.8983917849,4426259.225507109,0.0,384285.6322850379,1828008.6214652532
 09/23  17:00:00,7022289.641543033,482346.54529869347,3965145.962059984,0.0,696256.238899019,1821234.97861401
 09/23  18:00:00,6212274.8997717295,409479.6273611469,3297846.217121495,0.0,863596.794170886,1568965.840059682
 09/23  19:00:00,5785571.619545441,354186.58726955956,2802707.1298399623,0.0,1102654.7302735536,1435540.1458392174
 09/23  20:00:00,6694754.372836254,326151.53066699934,2557245.9659768646,0.0,2170197.826182028,1515990.8635966722
 09/23  21:00:00,5732381.105679159,301848.69091307063,2364146.737851434,0.0,1614537.5359533902,1304059.197966787
 09/23  22:00:00,3468447.106712515,228292.21871349568,1786063.1471996047,0.0,147020.6307031405,1178886.8228051467
 09/23  23:00:00,3036589.533121188,186717.38423509186,1459803.9006014774,0.0,147020.6307031405,1154072.6416970491
 09/23  24:00:00,2754710.390257315,157755.08749258704,1234763.103886156,0.0,147020.6307031405,1145801.2479943503
 09/24  01:00:00,2562686.0695409877,136721.97208745216,1072043.2922776628,0.0,147020.6307031405,1137529.8542916512
 09/24  02:00:00,2411845.159047751,120505.22039923092,945690.527175347,0.0,147020.6307031405,1129258.460588952
 09/24  03:00:00,2309146.8880077694,107826.3332508572,846455.7659916602,0.0,147020.6307031405,1138473.8378810307
 09/24  04:00:00,2283897.5172055084,97972.60915923642,769384.429004607,0.0,147020.6307031405,1200149.5281574435
 09/24  05:00:00,2325923.0096703013,90393.444062082,710154.1435515815,0.0,147020.6307031405,1322556.925120889
 09/24  06:00:00,2928688.7055703914,90268.36231306802,710962.6841599252,0.0,543856.8046335684,1530819.0891086604
 09/24  07:00:00,4100815.785307713,151256.67376457786,1201810.3389222026,0.0,669362.2210874689,2027112.8366170123
 09/24  08:00:00,6191465.114899175,278431.9104714135,2237772.741483401,0.0,803832.3101452193,2821662.4883214096
 09/24  09:00:00,6189436.486906381,211980.39062986453,1726294.9483248098,0.0,909914.269290778,3299021.4663767945
 09/24  10:00:00,6499960.632315045,207555.8126903136,1706815.88909816,0.0,1129548.7480851037,3422863.0727896467
 09/24  11:00:00,6645434.489591064,238246.13502287568,1965011.1699792896,0.0,1081737.1608645702,3337819.267143542
 09/24  12:00:00,6674137.733579154,243866.93036724,2009132.653169356,0.0,1045878.47044917,3357163.0743287588
 09/24  13:00:00,6268103.748445846,258620.49502949286,2124197.294576061,0.0,1033925.5736440365,2834771.830370345
 09/24  14:00:00,6524771.119823309,326179.0895454352,2668711.40136968,0.0,923361.278196553,2589930.795885729
 09/24  15:00:00,8012904.088362851,484071.83552385954,3940661.898006288,0.0,1045878.47044917,2524195.279118904
 09/24  16:00:00,6878539.164195011,415137.6243701478,3348013.288783467,0.0,1096678.281870987,1990057.0108347456
 09/24  17:00:00,6651956.162787278,376832.6712245399,2995819.4043336953,0.0,1249077.7161364374,1974428.504859998
 09/24  18:00:00,6396790.157673834,340887.5352448567,2668295.3477464933,0.0,1580770.6024788886,1732942.2007063571
 09/24  19:00:00,6438425.175665729,310051.05325674295,2396742.32521854,0.0,2061874.6988855067,1571733.8197881945
 09/24  20:00:00,6426302.909966485,263724.3506224412,2023360.4326407877,0.0,2459308.5176561913,1542677.0191236224
 09/24  21:00:00,6186438.459330535,250561.89809222549,1913139.0626205935,0.0,2495167.2080715913,1369224.994480614
 09/24  22:00:00,4118587.9260731805,197298.8340114983,1496960.5915963037,0.0,1065301.9277575118,1221793.9827844244
 09/24  23:00:00,2695310.5624701795,126970.48956400249,957038.5955042975,0.0,368448.0440182362,1147846.255744337
 09/24  24:00:00,2084553.0647927974,85042.15551635332,637318.7103978726,0.0,147020.6307031405,1145801.2479943503
 09/25  01:00:00,1796370.9509774568,52298.65209457122,390151.49370701285,0.0,147020.6307031405,1137529.8542916512
 09/25  02:00:00,1562517.2285495843,25703.933812042837,191163.88326436776,0.0,147020.6307031405,1129258.460588952
 09/25  03:00:00,1388133.6612831196,3950.082592084268,29318.789925783174,0.0,147020.6307031405,1138473.8378810307
 09/25  04:00:00,1416540.4790416649,0.0,0.0,0.0,147020.6307031405,1200149.5281574435
 09/25  05:00:00,1525375.422056638,0.0,0.0,0.0,147020.6307031405,1322556.925120889
 09/25  06:00:00,1731256.5895271548,0.0,0.0,0.0,147020.6307031405,1531454.193468844
 09/25  07:00:00,2061053.204399838,0.0,0.0,0.0,147020.6307031405,1862758.8587802467
 09/25  08:00:00,2767287.3874549353,0.0,0.0,0.0,147020.6307031405,2570501.0922740623
 09/25  09:00:00,5275983.817432059,84801.87471931509,657873.277700759,0.0,1165407.4385005038,3325675.814227346
 09/25  10:00:00,6656522.542321136,231202.0375961987,1839731.5741983652,0.0,1129548.7480851037,3422863.0727896467
 09/25  11:00:00,7368142.381128382,320398.5211602397,2605566.6753792437,0.0,1081737.1608645702,3337819.267143542
 09/25  12:00:00,8386283.975081374,429101.1014587565,3536044.7235800596,0.0,1045878.47044917,3357163.0743287588
 09/25  13:00:00,8597639.92693882,507243.4993210018,4205110.468777526,0.0,1033925.5736440365,2834771.830370345
 09/25  14:00:00,8702044.418692656,549639.8360562215,4548631.926899747,0.0,1033925.5736440365,2553258.527266741
 09/25  15:00:00,8026230.123535721,502064.4658961939,4119255.824195487,0.0,1045878.47044917,2340934.757730239
 09/25  16:00:00,7120424.496754445,440075.6217860654,3564960.623926983,0.0,1096678.281870987,1990057.0108347456
 09/25  17:00:00,6809561.526000928,394040.6350821997,3136216.803689684,0.0,1249077.7161364374,1974428.504859998
 09/25  18:00:00,6491887.801163968,352138.3295805007,2752142.1969009833,0.0,1580770.6024788886,1732942.2007063571
 09/25  19:00:00,6423076.927838604,309188.9605989202,2382256.1700492385,0.0,2061874.6988855067,1571733.8197881945
 09/25  20:00:00,5974873.61575877,248695.55313549784,1902756.78292113,0.0,2170197.826182028,1515990.8635966724
 09/25  21:00:00,3158019.7281003464,192006.87391436362,1465217.3172067874,0.0,147020.6307031405,1195429.6102105447
 09/25  22:00:00,2732021.971524229,147269.57929223235,1121612.3488002669,0.0,147020.6307031405,1178886.8228051467
 09/25  23:00:00,2361109.7525568744,112101.90668756251,852907.3958298154,0.0,147020.6307031405,1154072.6416970491
 09/25  24:00:00,2082580.375298228,83800.77061511655,636587.40580454,0.0,147020.6307031405,1145801.2479943503
 09/26  01:00:00,1908559.5572990337,64632.17983585382,490006.57228730747,0.0,147020.6307031405,1137529.8542916512
 09/26  02:00:00,1751809.3655465092,47407.885517730356,358752.0685556054,0.0,147020.6307031405,1129258.460588952
 09/26  03:00:00,1626151.8749147158,31715.160685251627,239571.92546421208,0.0,147020.6307031405,1138473.8378810307
 09/26  04:00:00,1754709.4386170213,33434.566572865035,251772.10232116719,0.0,147020.6307031405,1253111.8188387677
 09/26  05:00:00,3069672.2880216925,145379.37940444882,1091355.0016763736,0.0,242270.277119047,1534869.7635892145
 09/26  06:00:00,3775269.932164027,165516.49408904457,1237948.4171260295,0.0,543856.8046335684,1775166.4509602142
 09/26  07:00:00,4567359.949541644,182934.30775049838,1363067.6179835873,0.0,800097.0298936153,2169987.2789974916
 09/26  08:00:00,6393257.433180558,262123.51983379555,1953980.0635238565,0.0,1198277.9047146207,2929110.280630552
 09/26  09:00:00,8227547.050560937,405140.7838560308,3044750.2398413676,0.0,1165407.4385005038,3570023.1760788998
 09/26  10:00:00,9283319.434460588,514976.8868186915,3938406.2552637714,0.0,1129548.7480851037,3667210.4346412006
 09/26  11:00:00,9410290.664626902,549206.7771758131,4284515.653843835,0.0,1081737.1608645702,3472210.3161618966
 09/26  12:00:00,9231464.323113931,555595.4241467965,4403509.253112255,0.0,820267.5432522777,3433995.4973379727
 09/26  13:00:00,9838967.245016564,643534.2050204569,5130979.378078162,0.0,1033925.5736440365,3013939.5334479976
 09/26  14:00:00,8875376.650105255,588666.1129435599,4682937.881425006,0.0,1033925.5736440365,2553258.527266741
 09/26  15:00:00,8829270.836279439,610357.0974968881,4814003.905338512,0.0,1045878.47044917,2340934.757730239
 09/26  16:00:00,8154730.657686334,573990.7523459555,4465351.654298983,0.0,1096678.281870987,1990057.0108347456
 09/26  17:00:00,7372490.371683773,468492.1223308813,3567657.37918365,0.0,1249077.7161364374,2031465.2878001966
 09/26  18:00:00,6462859.099247306,364391.4277754131,2710860.3967894088,0.0,1580770.6024788886,1732942.2007063571
 09/26  19:00:00,6099757.330145952,317939.5662543052,2324039.3773414344,0.0,1822069.7067325185,1537685.4013009502
 09/26  20:00:00,4545298.7545211185,202681.68884466978,1466586.3269776462,0.0,1302865.7517595375,1435932.3970158221
 09/26  21:00:00,3992652.8786526504,150412.6464235802,1080742.6465009467,0.0,1320795.0969672378,1282357.1926953755
 09/26  22:00:00,2972515.80516786,90875.70457435973,649680.776642821,0.0,881526.1393785862,1213200.5946486504
 09/26  23:00:00,1744584.6496705292,16394.70673771348,116888.46553093567,0.0,368448.0440182362,1147846.255744337
 09/26  24:00:00,1362192.1988785716,0.0,0.0,0.0,147020.6307031405,1145801.2479943503
 09/27  01:00:00,1353920.8051758725,0.0,0.0,0.0,147020.6307031405,1137529.8542916512
 09/27  02:00:00,1345649.4114731734,0.0,0.0,0.0,147020.6307031405,1129258.460588952
 09/27  03:00:00,1354864.788765252,0.0,0.0,0.0,147020.6307031405,1138473.8378810307
 09/27  04:00:00,1416540.4790416649,0.0,0.0,0.0,147020.6307031405,1200149.5281574435
 09/27  05:00:00,1639424.5532008507,0.0,0.0,0.0,147020.6307031405,1436606.0562651018
 09/27  06:00:00,2249631.340023176,0.0,0.0,0.0,543856.8046335684,1652992.7700344375
 09/27  07:00:00,2633699.6414767196,0.0,0.0,0.0,669362.2210874689,1913063.7054727995
 09/27  08:00:00,3350521.5171651617,0.0,0.0,0.0,672350.4452887522,2628405.4073986774
 09/27  09:00:00,4550948.945961155,34923.076626042086,264864.7213834046,0.0,909914.2692907781,3299021.4663767945
 09/27  10:00:00,5563066.113730187,157760.55653040306,1227429.0673056683,0.0,761997.1713272525,3382702.2089150418
 09/27  11:00:00,7839968.617681289,284897.7654541744,2257192.724466299,0.0,1081737.1608645702,4193520.210315458
 09/27  12:00:00,7555003.406941452,349226.4419154603,2784638.8149834336,0.0,1045878.47044917,3357163.0743287588
 09/27  13:00:00,7531015.087096922,407938.4036420014,3237790.7246146277,0.0,1033925.5736440365,2834771.830370345
 09/27  14:00:00,7923961.575241255,484730.31574246683,3835458.603762099,0.0,1033925.5736440365,2553258.527266741
 09/27  15:00:00,8231361.362864604,541041.6045228358,4285409.92489773,0.0,1045878.47044917,2340934.757730239
 09/27  16:00:00,7712705.860924552,571147.9795195521,4490650.459496402,0.0,621550.6338669354,2000703.8297059976
 09/27  17:00:00,7270764.479665104,456017.9281487819,3535442.464287279,0.0,1249077.7161364374,1974428.504859998
 09/27  18:00:00,6799422.050450434,394136.29614784755,3017678.4796201014,0.0,1580770.6024788886,1732942.2007063571
 09/27  19:00:00,6704402.475866875,346429.5493069531,2626341.129369475,0.0,2061874.6988855067,1571733.8197881945
 09/27  20:00:00,6260734.017523494,285590.42260233266,2151722.3152190177,0.0,2170197.826182028,1515990.8635966724
 09/27  21:00:00,4804384.707275448,239543.59946450568,1803343.5220828182,0.0,1320795.0969672378,1282357.1926953755
 09/27  22:00:00,3860253.7838790957,190865.88994045334,1437428.569987964,0.0,881526.1393785862,1213200.5946486504
 09/27  23:00:00,2736645.9612076436,140143.72095777394,1056934.4386354513,0.0,294638.90624653763,1149921.7177285745
 09/27  24:00:00,2289875.073354638,108462.81553635822,819220.0589397079,0.0,147020.6307031405,1145801.2479943503
 09/28  01:00:00,2092041.9827300245,86241.4450272244,651879.7325269275,0.0,147020.6307031405,1137529.8542916512
 09/28  02:00:00,1933970.1589562607,68743.76202065688,519576.98546243034,0.0,147020.6307031405,1129258.460588952
 09/28  03:00:00,1812459.5983602828,53579.72242024826,404015.08717478253,0.0,147020.6307031405,1138473.8378810307
 09/28  04:00:00,1743593.915836341,38440.9169872481,288612.5198074279,0.0,147020.6307031405,1200149.5281574435
 09/28  05:00:00,1731230.8509391688,24277.04756733246,181578.38131519832,0.0,147020.6307031405,1322556.925120889
 09/28  06:00:00,6201130.300807268,12847.051650491117,95951.81227873324,0.0,543856.8046335684,5495692.866889305
 09/28  07:00:00,9249785.786792954,7695.343919236606,58077.97864864541,0.0,669362.2210874689,8463376.528221153
 09/28  08:00:00,4242190.932859464,52313.68813323223,402122.34664261725,0.0,672350.4452887522,3065638.78831713
 09/28  09:00:00,5092782.246910669,79411.88350333915,621135.4569254834,0.0,1037660.8538956409,3312348.6403020704
 09/28  10:00:00,9543418.982812308,112041.58606391691,880914.6884411754,0.0,1129548.7480851037,7387736.850570292
 09/28  11:00:00,11229100.11553212,137758.15481418112,1081398.8767929403,0.0,1081737.1608645702,8905585.16647964
 09/28  12:00:00,5832955.598926276,159229.9249020333,1252587.5239816844,0.0,1045878.47044917,3357163.0743287588
 09/28  13:00:00,5438015.821342768,173847.541848046,1378882.3206544295,0.0,1033925.5736440365,2834771.830370345
 09/28  14:00:00,5138938.639820088,170828.91775370162,1364337.0663296974,0.0,1033925.5736440365,2553258.527266741
 09/28  15:00:00,4930256.384662456,169985.84234548255,1355360.7088729353,0.0,1045878.47044917,2340934.757730239
 09/28  16:00:00,4620178.354213871,169424.06002794608,1335366.043144528,0.0,1096678.281870987,1990057.0108347456
 09/28  17:00:00,5116055.961454902,197306.39426905962,1525396.3488125857,0.0,1249077.7161364374,2088477.6360042104
 09/28  18:00:00,5732555.059346473,257253.87963878998,1965520.2240994214,0.0,1580770.6024788886,1855115.881632134
 09/28  19:00:00,5182747.389877448,169209.33722776087,1281906.2554592418,0.0,2061874.6988855067,1571733.8197881945
 09/28  20:00:00,5183016.608772967,122430.0327586219,921368.4493110884,0.0,2459308.5176561913,1542677.0191236224
 09/28  21:00:00,5823752.235201647,198550.4149662291,1484340.6982146145,0.0,2495167.2080715913,1487348.6178837013
 09/28  22:00:00,3887873.9397219745,105181.90299559064,781256.0067169063,0.0,1616629.2928942887,1247574.1471917466
 09/28  23:00:00,1994521.3178401159,37101.35722132044,274384.8074294543,0.0,442257.18178993475,1145770.7937601
 09/28  24:00:00,1469469.0821303008,2156.9851987292013,15904.294926888986,0.0,256987.28131036749,1125050.2005132344
 09/29  01:00:00,1348202.3878057231,0.0,0.0,0.0,183775.7883789256,1095056.2792457168
 09/29  02:00:00,1292028.2793252012,0.0,0.0,0.0,147020.6307031405,1077145.378879699
 09/29  03:00:00,1337858.8105337974,0.0,0.0,0.0,147020.6307031405,1122975.9100882953
 09/29  04:00:00,1366638.391361158,0.0,0.0,0.0,150307.67732455215,1146960.3938555252
 09/29  05:00:00,1735775.7874208414,0.0,0.0,0.0,274020.15925768256,1393893.3584207972
 09/29  06:00:00,2263203.7939716484,0.0,0.0,0.0,543856.8046335684,1652992.7700344375
 09/29  07:00:00,2644255.9945477536,0.0,0.0,0.0,669362.2210874689,1913063.7054727995
 09/29  08:00:00,3937330.639287509,0.0,0.0,0.0,1198277.9047146207,2684762.918778999
 09/29  09:00:00,6963270.986867716,0.0,0.0,0.0,1037660.8538956408,5880368.619810499
 09/29  10:00:00,4549756.3524591345,23446.735609624266,173233.98109838023,0.0,147020.6307031405,4169861.7945187297
 09/29  11:00:00,4300776.24494819,108840.37336251774,811546.2084848791,0.0,147020.6307031405,3209240.225378147
 09/29  12:00:00,5159235.849140303,210191.82070678286,1575630.5506769842,0.0,147020.6307031405,3208296.2417887654
 09/29  13:00:00,5485607.250790717,263849.02076593286,1984293.1745153917,0.0,480506.45156636165,2740370.0491171195
 09/29  14:00:00,6078963.154842598,349987.5423807866,2632620.2267644024,0.0,591668.391854102,2488098.4390173964
 09/29  15:00:00,5804869.3462541625,361294.4025505396,2707470.584562857,0.0,484988.7878682867,2233018.9660078487
 09/29  16:00:00,4634539.951419435,301128.14053261606,2238382.8920106418,0.0,265653.1314940892,1800722.8290464247
 09/29  17:00:00,4201843.200018223,195430.93226327887,1431615.1335705877,0.0,696256.238899019,1821234.97861401
 09/29  18:00:00,3873184.3546790895,160289.96213388385,1154983.0465747942,0.0,863596.794170886,1621928.1307410065
 09/29  19:00:00,4866602.482519821,165846.79173861415,1185356.2237028263,0.0,1822069.7067325185,1602846.7340227133
 09/29  20:00:00,3419501.6163019366,29523.43038378334,210215.00372799113,0.0,1591976.443233701,1462618.5525427721
 09/29  21:00:00,2766743.581024141,1951.2930932143095,13851.055273837188,0.0,1320795.0969672378,1282357.1926953755
 09/29  22:00:00,1838501.3810588897,0.0,0.0,0.0,514273.38504086336,1196043.7087268985
 09/29  23:00:00,1533535.5998595417,0.0,0.0,0.0,294638.9062465376,1149921.7177285745
 09/29  24:00:00,1362192.1988785716,0.0,0.0,0.0,147020.6307031405,1145801.2479943503
 09/30  01:00:00,1353920.8051758725,0.0,0.0,0.0,147020.6307031405,1137529.8542916512
 09/30  02:00:00,1344141.3610344543,0.0,0.0,0.0,147020.6307031405,1129258.460588952
 09/30  03:00:00,1353356.7383265328,0.0,0.0,0.0,147020.6307031405,1138473.8378810307
 09/30  04:00:00,1416540.4790416649,0.0,0.0,0.0,147020.6307031405,1200149.5281574435
 09/30  05:00:00,1537439.8255663912,0.0,0.0,0.0,147020.6307031405,1322556.925120889
 09/30  06:00:00,1811699.8161662486,66870.77269062161,0.0,0.0,147020.6307031405,1531454.193468844
 09/30  07:00:00,2134223.226888952,62613.669418079066,0.0,0.0,147020.6307031405,1862758.8587802467
 09/30  08:00:00,3412082.451421519,0.0,0.0,0.0,672350.4452887522,2685442.1903388766
 09/30  09:00:00,3972029.7317688693,0.0,0.0,0.0,654421.1000810522,3272367.1185262427
 09/30  10:00:00,3771181.568236641,0.0,0.0,0.0,393250.304888888,3341738.052818494
 09/30  11:00:00,3380389.6631007935,0.0,0.0,0.0,147020.6307031405,3209240.225378147
 09/30  12:00:00,3373413.4777565356,0.0,0.0,0.0,147020.6307031405,3208296.2417887654
 09/30  13:00:00,2956693.115010997,13172.843488732466,96217.97404778432,0.0,147020.6307031405,2683693.1119454294
 09/30  14:00:00,3352498.2515480733,76867.30864490697,562791.5470642074,0.0,258182.5709908809,2438068.270022168
 09/30  15:00:00,3363778.4087018105,91561.9136866725,670339.3904673142,0.0,372332.7354799046,2211447.7638032893
 09/30  16:00:00,3726072.4970289473,108886.91042315707,793099.5618323372,0.0,859114.4578689612,1936318.608568828
 09/30  17:00:00,3718578.2777407235,53269.53461238381,384496.6054605765,0.0,1249077.7161364374,1974428.504859998
 09/30  18:00:00,3753865.6233334737,45226.68351817694,322539.7155715317,0.0,1580770.6024788886,1732942.2007063571
 09/30  19:00:00,3851218.9668802028,15703.407754237816,111424.0141291155,0.0,2061874.6988855067,1571733.8197881945
 09/30  20:00:00,8092027.5009741485,0.0,0.0,0.0,2459308.5176561913,5507550.796904268
 09/30  21:00:00,9301254.055405444,0.0,0.0,0.0,1320795.0969672378,7832670.015443727
 09/30  22:00:00,2083529.9418476047,0.0,0.0,0.0,330647.0078720019,1624698.646684475
 09/30  23:00:00,1390068.2482846193,0.0,0.0,0.0,147020.6307031405,1154072.6416970491
 09/30  24:00:00,1331372.3823745893,0.0,0.0,0.0,147020.6307031405,1101308.6839818843
 10/01  01:00:00,1324346.2258625343,0.0,0.0,0.0,147020.6307031405,1094282.527469829
 10/01  02:00:00,1317320.0693504782,0.0,0.0,0.0,147020.6307031405,1087256.3709577732
 10/01  03:00:00,1419552.9917042938,0.0,90000.0,0.0,147020.6307031405,1099489.2933115885
 10/01  04:00:00,1579563.150655719,0.0,180000.0,0.0,147020.6307031405,1169499.4522630137
 10/01  05:00:00,1738103.8807248073,0.0,180000.0,0.0,180712.8585726102,1310595.5111845036
 10/01  06:00:00,2675167.0233388944,150332.3873306447,180000.0,0.0,561786.1498412685,1719863.5433597036
 10/01  07:00:00,2942256.0231990796,91048.23419013164,0.0,0.0,693268.0146977357,2096560.1155841425
 10/01  08:00:00,4323608.084557134,39058.59924767199,0.0,0.0,1269995.2855454208,2954979.8251171797
 10/01  09:00:00,4968862.840790205,0.0,0.0,0.0,1258042.3887402874,3660272.497804095
 10/01  10:00:00,5031358.350272239,0.0,0.0,0.0,1222183.698324887,3769458.402182778
 10/01  11:00:00,4896924.492020507,2372.6321997057107,17428.428373241448,0.0,1171383.8869030706,3678660.283341371
 10/01  12:00:00,5509357.619138496,78118.53570087175,580144.0057263526,0.0,1132536.9722863869,3696894.69646239
 10/01  13:00:00,5897934.139078775,192039.4975316032,1440651.7550144058,0.0,1123572.299682537,3121812.461967943
 10/01  14:00:00,6514710.531414808,293969.8647754524,2210559.4517837777,0.0,1126560.5238838203,2863762.5660894704
 10/01  15:00:00,6873598.140424946,365027.2838744543,2733361.5477211946,0.0,1162419.2142992206,2591126.6855675806
 10/01  16:00:00,6573995.38119757,363909.1067487462,2697732.9143908178,0.0,1284936.4065518377,2193116.555982218
 10/01  17:00:00,5936387.323498624,254643.22628716653,1856969.9339814617,0.0,1592723.499284022,2165255.15297828
 10/01  18:00:00,5899961.084263958,221048.10886436605,1583269.5645117436,0.0,2097733.3893009066,1909451.101656753
 10/01  19:00:00,4187648.826793529,151123.38503831174,1070932.6917497853,0.0,1356653.7873826378,1491595.4974092795
 10/01  20:00:00,5418950.214904634,105230.38760815543,742075.5675494993,0.0,2662507.763343459,1744855.6451045973
 10/01  21:00:00,4705441.239696639,88461.06558639601,621986.822198503,0.0,2303920.8591894577,1501517.6643004487
 10/01  22:00:00,2288148.888775481,10773.88521626684,75536.86151816582,0.0,791879.413340086,1245677.8774020402
 10/01  23:00:00,1549245.643331435,0.0,0.0,0.0,294638.90624653763,1140873.8400317978
 10/01  24:00:00,1331372.3823745893,0.0,0.0,0.0,147020.6307031405,1101308.6839818843
 10/02  01:00:00,1324346.2258625343,0.0,0.0,0.0,147020.6307031405,1094282.527469829
 10/02  02:00:00,1317320.0693504782,0.0,0.0,0.0,147020.6307031405,1087256.3709577732
 10/02  03:00:00,1329552.9917042938,0.0,0.0,0.0,147020.6307031405,1099489.2933115885
 10/02  04:00:00,1399563.150655719,0.0,0.0,0.0,147020.6307031405,1169499.4522630137
 10/02  05:00:00,1518129.1459949396,0.0,0.0,0.0,147020.6307031405,1304313.0043241058
 10/02  06:00:00,2303359.001515412,72573.49665137463,0.0,0.0,561786.1498412685,1605814.4122154908
 10/02  07:00:00,3506336.345044993,45731.69893328385,0.0,0.0,1237124.819331304,2162100.168053336
 10/02  08:00:00,4289964.720186868,5415.234877405556,0.0,0.0,1269995.2855454208,2954979.8251171797
 10/02  09:00:00,4968862.840790205,0.0,0.0,0.0,1258042.3887402874,3660272.497804095
 10/02  10:00:00,5044799.906005848,1595.9123570970025,11845.643376511935,0.0,1222183.698324887,3769458.402182778
 10/02  11:00:00,5607060.213385228,85385.45217303025,644551.3297646377,0.0,1171383.8869030706,3678660.283341371
 10/02  12:00:00,6630861.69439163,204682.03711157176,1575084.5795687856,0.0,1132536.9722863869,3696894.69646239
 10/02  13:00:00,6206007.944242019,295868.5381537629,2300450.9807313695,0.0,633503.5306720687,2956326.7698025303
 10/02  14:00:00,7843336.799357603,433948.2084292396,3391082.8262912226,0.0,1126560.5238838203,2871887.1158710346
 10/02  15:00:00,8000245.142319407,480633.949765402,3752526.4335062737,0.0,1162419.2142992206,2583002.1357860165
 10/02  16:00:00,8171623.687907584,520282.55166369275,4024938.645041671,0.0,1284936.4065518377,2307165.6871264307
 10/02  17:00:00,8115943.42453626,485125.8922813301,3675745.1383175924,0.0,1592723.499284022,2295553.3836856214
 10/02  18:00:00,7195540.672842931,368632.4754800777,2731264.7864750046,0.0,2097733.3893009066,1909451.101656753
 10/02  19:00:00,6969473.550751215,307364.79626376746,2248443.2552610696,0.0,2566884.588902392,1729437.4451104712
 10/02  20:00:00,6346953.455412665,222511.56716417897,1613884.468964396,0.0,2662507.763343459,1683768.804641709
 10/02  21:00:00,5535996.401955417,187653.59099014307,1353349.4590535352,0.0,2303920.8591894577,1501517.6643004487
 10/02  22:00:00,3160618.0711379666,117090.11274847224,841689.8163484464,0.0,791879.413340086,1245677.8774020402
 10/02  23:00:00,2174131.1248098915,54437.44611828777,390290.7602789137,0.0,442257.18178993475,1173412.8395696557
 10/02  24:00:00,1584266.5280279908,11336.725568904496,81046.79998634706,0.0,256987.28131036749,1151852.6534728073
 10/03  01:00:00,1386530.314477873,0.0,0.0,0.0,183775.7883789256,1119711.458409383
 10/03  02:00:00,1317320.0693504782,0.0,0.0,0.0,147020.6307031405,1087256.3709577732
 10/03  03:00:00,1329552.9917042938,0.0,0.0,0.0,147020.6307031405,1099489.2933115885
 10/03  04:00:00,1415904.211795328,0.0,0.0,0.0,152100.61184532216,1180760.5322604412
 10/03  05:00:00,1792077.2160586228,0.0,0.0,0.0,281789.54218101926,1443492.16290991
 10/03  06:00:00,2238910.054645601,0.0,0.0,0.0,561786.1498412685,1613938.961997055
 10/03  07:00:00,2781996.3987644953,0.0,0.0,0.0,693268.0146977357,2027348.7253396898
 10/03  08:00:00,3579403.6468745247,0.0,0.0,0.0,708209.1357041523,2811620.1365235103
 10/03  09:00:00,4273340.073432976,0.0,0.0,0.0,702232.6873015856,3520559.4318855694
 10/03  10:00:00,5358458.968897871,37420.869527669725,289679.7490979616,0.0,1222183.698324887,3769458.402182778
 10/03  11:00:00,6203463.851280332,148492.5761581122,1177847.8436746597,0.0,1171383.8869030706,3678660.283341371
 10/03  12:00:00,7042916.048473577,243116.34687619732,1948704.6238861075,0.0,1132536.9722863869,3696894.69646239
 10/03  13:00:00,8033067.8052281365,322928.01518823253,2589195.9603352207,0.0,1123572.299682537,3977513.405139859
 10/03  14:00:00,6990465.724972552,337560.70539974124,2695686.095398557,0.0,1126560.5238838203,2810800.275408146
 10/03  15:00:00,6699510.783434635,328675.052513523,2603750.97187338,0.0,1162419.2142992206,2583002.1357860165
 10/03  16:00:00,6172022.754392077,302123.40609827277,2357545.9882357977,0.0,1284936.4065518377,2193116.555982218
 10/03  17:00:00,6191645.9136552345,274011.8167331555,2092859.9336920846,0.0,1592723.499284022,2165255.15297828
 10/03  18:00:00,5526185.381123903,242176.3102699101,1813679.4241357434,0.0,1609158.7323910801,1772711.9943969809
 10/03  19:00:00,5190341.233536617,188414.86544757444,1394047.693757784,0.0,1356653.7873826378,2133881.421735105
 10/03  20:00:00,10194813.175430704,56031.784599138504,412156.72125387774,0.0,1404465.3746031711,8157878.443675594
 10/03  21:00:00,5773048.7329169065,75841.52128950269,557631.6989093137,0.0,1225171.9225261705,3724848.7617700873
 10/03  22:00:00,1900049.76922573,54951.271058067076,404383.7061354946,0.0,147020.6307031405,1129413.3100301065
 10/03  23:00:00,1499462.1715911787,15601.645323672157,114772.1580173266,0.0,147020.6307031405,1108334.8404939398
 10/03  24:00:00,1331372.3823745893,0.0,0.0,0.0,147020.6307031405,1101308.6839818843
 10/04  01:00:00,1324346.2258625343,0.0,0.0,0.0,147020.6307031405,1094282.527469829
 10/04  02:00:00,1317320.0693504782,0.0,0.0,0.0,147020.6307031405,1087256.3709577732
 10/04  03:00:00,1329552.9917042938,0.0,0.0,0.0,147020.6307031405,1099489.2933115885
 10/04  04:00:00,1399563.150655719,0.0,0.0,0.0,147020.6307031405,1169499.4522630137
 10/04  05:00:00,1659165.4559175633,0.0,0.0,0.0,214405.08644207986,1377964.8585077901
 10/04  06:00:00,2723189.3166421107,0.0,0.0,0.0,980137.5380209365,1679866.8358138965
 10/04  07:00:00,3460604.646111709,0.0,0.0,0.0,1237124.819331304,2162100.168053336
 10/04  08:00:00,4284549.485309462,0.0,0.0,0.0,1269995.2855454208,2954979.8251171797
 10/04  09:00:00,4968862.840790205,0.0,0.0,0.0,1258042.3887402874,3660272.497804095
 10/04  10:00:00,4522939.106036622,0.0,0.0,0.0,818773.431151636,3664449.4251204114
 10/04  11:00:00,4211591.904805169,0.0,0.0,0.0,657409.3242823355,3527103.319319715
 10/04  12:00:00,4307976.479568949,0.0,0.0,0.0,639479.9790746354,3646833.091531818
 10/04  13:00:00,4880342.299035935,44051.89251138197,326700.1581402314,0.0,1123572.299682537,3366159.8238194967
 10/04  14:00:00,5065606.309141256,102099.45806015524,761940.5650552938,0.0,1126560.5238838203,3055147.6372597
 10/04  15:00:00,5777337.847550314,132873.73363643832,990746.0686887638,0.0,1162419.2142992206,3469635.421963396
 10/04  16:00:00,11233110.01576369,94834.24569390503,705259.7282435017,0.0,1284936.4065518377,9113779.237750497
 10/04  17:00:00,10840450.73455823,26263.60462753701,194752.78210079164,0.0,1592723.499284022,8959915.337578185
 10/04  18:00:00,10129730.843868533,58343.9757071589,431710.8010128181,0.0,1120584.0754812537,8430633.071737114
 10/04  19:00:00,7363698.135142169,113849.9236984426,842322.7378445091,0.0,2566884.588902392,3723297.4194833105
 10/04  20:00:00,4562370.886652916,6171.1857911288425,45642.28157769674,0.0,2662507.763343459,1683768.804641709
 10/04  21:00:00,3366120.8184434357,0.0,0.0,0.0,1764546.390857814,1412019.599163789
 10/04  22:00:00,2201838.142041048,0.0,0.0,0.0,791879.413340086,1245677.8774020402
 10/04  23:00:00,1729402.91841269,0.0,0.0,0.0,442257.18178993475,1173412.8395696557
 10/04  24:00:00,1411627.6924236643,0.0,0.0,0.0,202003.956006754,1126580.6687273458
 10/05  01:00:00,1324346.2258625343,0.0,0.0,0.0,147020.6307031405,1094282.527469829
 10/05  02:00:00,1317320.0693504782,0.0,0.0,0.0,147020.6307031405,1087256.3709577732
 10/05  03:00:00,1329552.9917042938,0.0,0.0,0.0,147020.6307031405,1099489.2933115885
 10/05  04:00:00,1399563.150655719,0.0,0.0,0.0,147020.6307031405,1169499.4522630137
 10/05  05:00:00,1518129.1459949396,0.0,0.0,0.0,147020.6307031405,1304313.0043241058
 10/05  06:00:00,1741257.1698927255,836.4115095160965,0.0,0.0,147020.6307031405,1530215.1848727914
 10/05  07:00:00,2101214.228555421,1883.021642645722,0.0,0.0,147020.6307031405,1890930.9174825652
 10/05  08:00:00,3403281.5436507524,0.0,0.0,0.0,567912.0094538993,2775795.159549991
 10/05  09:00:00,8316784.906301351,0.0,0.0,0.0,702232.6873015856,7564004.264753943
 10/05  10:00:00,9179343.945277633,0.0,0.0,0.0,1222183.698324887,7917443.997188171
 10/05  11:00:00,4877123.43144756,0.0,0.0,0.0,1171383.8869030706,3678660.283341371
 10/05  12:00:00,4851095.077711272,0.0,0.0,0.0,1132536.9722863869,3696894.69646239
 10/05  13:00:00,4265242.886532767,0.0,0.0,0.0,1123572.299682537,3121812.461967943
 10/05  14:00:00,4111657.785354924,10942.443636004838,82409.57708177716,0.0,1126560.5238838203,2871887.1158710346
 10/05  15:00:00,3767084.759047732,0.0,0.0,0.0,1162419.2142992206,2583002.1357860165
 10/05  16:00:00,3512353.360058007,0.0,0.0,0.0,1284936.4065518377,2193116.555982218
 10/05  17:00:00,3824774.1632299954,0.0,0.0,0.0,1592723.499284022,2165255.15297828
 10/05  18:00:00,4095643.4108878486,0.0,0.0,0.0,2097733.3893009066,1909451.101656753
 10/05  19:00:00,4413665.499226378,0.0,0.0,0.0,2566884.588902392,1729437.4451104712
 10/05  20:00:00,3050309.349660962,0.0,0.0,0.0,1404465.3746031711,1481563.1237588695
 10/05  21:00:00,1480041.0821791901,0.0,0.0,0.0,147020.6307031405,1143465.623054217
 10/05  22:00:00,2201838.142041048,0.0,0.0,0.0,791879.413340086,1245677.8774020402
 10/05  23:00:00,1729402.91841269,0.0,0.0,0.0,442257.18178993475,1173412.8395696557
 10/05  24:00:00,1411627.6924236643,0.0,0.0,0.0,202003.956006754,1126580.6687273458
 10/06  01:00:00,1324346.2258625343,0.0,0.0,0.0,147020.6307031405,1094282.527469829
 10/06  02:00:00,1315514.7852702704,0.0,0.0,0.0,147020.6307031405,1087256.3709577732
 10/06  03:00:00,1327747.7076240855,0.0,0.0,0.0,147020.6307031405,1099489.2933115885
 10/06  04:00:00,1399563.150655719,0.0,0.0,0.0,147020.6307031405,1169499.4522630137
 10/06  05:00:00,1532571.418636603,0.0,0.0,0.0,147020.6307031405,1304313.0043241058
 10/06  06:00:00,1885354.8202785386,128686.50517345786,0.0,0.0,147020.6307031405,1530215.1848727914
 10/06  07:00:00,2211006.0067515178,99037.81127728728,0.0,0.0,147020.6307031405,1890930.9174825652
 10/06  08:00:00,2911758.2935401276,31427.207320067762,0.0,0.0,147020.6307031405,2668320.2286294336
 10/06  09:00:00,3929517.9706847034,0.0,0.0,0.0,424626.65900236304,3450732.789276102
 10/06  10:00:00,3679781.9119779314,0.0,0.0,0.0,147020.6307031405,3489434.4633498006
 10/06  11:00:00,3549785.166141047,0.0,0.0,0.0,147020.6307031405,3373879.9901545797
 10/06  12:00:00,4476443.422968743,87430.36035145608,687513.2775272611,0.0,270135.4677960142,3409700.908331517
 10/06  13:00:00,5702119.42697515,234381.14639761663,1858049.855220647,0.0,633503.5306720687,2956326.7698025303
 10/06  14:00:00,6488926.754896856,354928.27743351454,2820437.8301073574,0.0,636491.7548733521,2657210.7676003445
 10/06  15:00:00,6526786.884062657,386417.78282494814,3060935.999515684,0.0,654421.1000810522,2403348.592678477
 10/06  16:00:00,6655070.377141101,419740.6400455035,3302156.2051750105,0.0,859114.4578689612,2039758.6765276755
 10/06  17:00:00,6960107.088081418,357545.90589473123,2775981.734876483,0.0,1592723.499284022,2165255.15297828
 10/06  18:00:00,6848938.579588272,319556.94096827984,2435543.511812351,0.0,2097733.3893009066,1909451.101656753
 10/06  19:00:00,5891577.827424798,260260.36819558585,1950714.755014346,0.0,1961769.188142515,1610516.4712598755
 10/06  20:00:00,4184050.839583084,136871.63507978938,1011312.127483996,0.0,1404465.3746031711,1481563.1237588695
 10/06  21:00:00,3501872.4029195523,93492.90309577479,683768.2034101009,0.0,1225171.9225261705,1322521.5340271294
 10/06  22:00:00,2440908.9066224047,30202.39699221445,219700.0720703899,0.0,791879.413340086,1245677.8774020402
 10/06  23:00:00,1451945.869469976,0.0,0.0,0.0,220829.76847483907,1124604.340262869
 10/06  24:00:00,1331372.3823745893,0.0,0.0,0.0,147020.6307031405,1101308.6839818843
 10/07  01:00:00,1324346.2258625343,0.0,0.0,0.0,147020.6307031405,1094282.527469829
 10/07  02:00:00,1315514.7852702704,0.0,0.0,0.0,147020.6307031405,1087256.3709577732
 10/07  03:00:00,1327747.7076240855,0.0,0.0,0.0,147020.6307031405,1099489.2933115885
 10/07  04:00:00,1399563.150655719,0.0,0.0,0.0,147020.6307031405,1169499.4522630137
 10/07  05:00:00,1612520.8880963381,0.0,0.0,0.0,214405.08644207986,1316878.0180449015
 10/07  06:00:00,1886754.9843478044,7495.482622516751,0.0,0.0,250712.01048767252,1549114.991708466
 10/07  07:00:00,2579438.718582293,3964.246256425713,0.0,0.0,420144.3227004381,2081313.5023369044
 10/07  08:00:00,3232575.292667604,0.0,0.0,0.0,427614.8832036464,2739970.182576472
 10/07  09:00:00,3582085.299776014,0.0,0.0,0.0,147020.6307031405,3380906.1466666353
 10/07  10:00:00,3873867.9733943865,21979.183113480307,172106.87830297477,0.0,147020.6307031405,3489434.4633498006
 10/07  11:00:00,5232110.366994971,162588.1835374439,1292747.1711675106,0.0,274617.8040979392,3473272.6629087515
 10/07  12:00:00,6636698.0163077675,270523.8666721501,2172246.8012108807,0.0,639479.9790746354,3532783.9603876052
 10/07  13:00:00,5762214.477143094,309256.91279062786,2495177.9504303294,0.0,147020.6307031405,2790900.8583367104
 10/07  14:00:00,6101184.020716969,307629.9300803924,2480497.913082409,0.0,636790.5772934804,2656407.4753784016
 10/07  15:00:00,6106605.476880166,316748.4954413618,2538510.965385353,0.0,781420.6286355943,2448261.978455362
 10/07  16:00:00,6021163.718490697,303582.73442767706,2398287.5667174873,0.0,1142995.7569908788,2141997.2628307035
 10/07  17:00:00,6493096.412731156,299493.2381715971,2305936.886786466,0.0,1592723.499284022,2226341.9934411687
 10/07  18:00:00,6245510.246336337,252866.6649984289,1898805.4545302675,0.0,2097733.3893009066,1909451.101656753
 10/07  19:00:00,6795920.531721905,270508.3229230826,1998599.4490477066,0.0,2566884.588902392,1851611.1260362482
 10/07  20:00:00,5713878.981390152,146061.3051139803,1071702.5296337449,0.0,2662507.763343459,1683768.804641709
 10/07  21:00:00,4997564.182494185,122163.74745036362,893044.0716935379,0.0,2303920.8591894577,1501517.6643004487
 10/07  22:00:00,6481499.050448468,29804.21146813534,217243.56855215854,0.0,791879.413340086,5289122.710270415
 10/07  23:00:00,7129429.508587109,0.0,0.0,0.0,220829.76847483907,6802087.979380002
 10/07  24:00:00,1571633.8427199994,0.0,0.0,0.0,312269.42903410934,1176321.3459963256
 10/08  01:00:00,1416669.6553535354,0.0,0.0,0.0,202003.95600675402,1131622.6316572167
 10/08  02:00:00,1317320.0693504782,0.0,0.0,0.0,147020.6307031405,1087256.3709577732
 10/08  03:00:00,1329552.9917042938,0.0,0.0,0.0,147020.6307031405,1099489.2933115885
 10/08  04:00:00,1415904.211795328,0.0,0.0,0.0,152100.61184532216,1180760.5322604412
 10/08  05:00:00,1678028.08491441,0.0,0.0,0.0,281789.54218101926,1329443.0317656973
 10/08  06:00:00,2230785.504864037,0.0,0.0,0.0,561786.1498412685,1605814.4122154908
 10/08  07:00:00,8802323.560993565,0.0,0.0,0.0,965196.4170145199,7775747.485251975
 10/08  08:00:00,6794956.874627769,0.0,0.0,0.0,1269995.2855454208,5465387.214435485
 10/08  09:00:00,5219402.600542973,29188.93865894654,221350.82109382126,0.0,1258042.3887402874,3660272.497804095
 10/08  10:00:00,6361396.614268906,151664.6250592834,1178373.6389373834,0.0,1222183.698324887,3769458.402182778
 10/08  11:00:00,6571726.863592695,265563.261325304,2094571.6974622211,0.0,657409.3242823355,3527103.319319715
 10/08  12:00:00,8125997.8215788305,403370.87602134485,3200115.7324894816,0.0,886008.4756805112,3614839.3284249976
 10/08  13:00:00,7910410.278038204,482235.89570818655,3818485.956973131,0.0,633503.5306720687,2956326.7698025303
 10/08  14:00:00,8821693.073163401,548871.6637258527,4315602.4852632955,0.0,1126560.5238838203,2810800.275408146
 10/08  15:00:00,8907351.949728489,586246.046457041,4554021.144223714,0.0,1162419.2142992206,2583002.1357860165
 10/08  16:00:00,7887366.744532997,507131.38149787224,3867882.0029771174,0.0,1284936.4065518377,2193116.555982218
 10/08  17:00:00,9221444.992601782,428443.33525001316,3195376.5582682756,0.0,1592723.499284022,3938106.0888317777
 10/08  18:00:00,6972610.74792726,346211.9007393466,2530755.4363000644,0.0,2097733.3893009066,1909451.101656753
 10/08  19:00:00,7534278.583535242,275476.9331671259,1989435.2079698222,0.0,2566884.588902392,2585138.3882823875
 10/08  20:00:00,5803616.863608916,157897.8337715903,1135161.6105532355,0.0,2662507.763343459,1683768.804641709
 10/08  21:00:00,4305605.02043098,114722.12247493213,824762.0795126129,0.0,1764546.390857814,1412019.599163789
 10/08  22:00:00,2609023.5047977995,49672.474572267936,357512.88818448334,0.0,791879.413340086,1245677.8774020402
 10/08  23:00:00,1792690.1978773472,7711.604116574872,55575.67534808231,0.0,442257.18178993475,1173412.8395696557
 10/08  24:00:00,1371500.0373991267,0.0,0.0,0.0,174512.29335494724,1113944.676354615
 10/09  01:00:00,1324346.2258625343,0.0,0.0,0.0,147020.6307031405,1094282.527469829
 10/09  02:00:00,1317320.0693504782,0.0,0.0,0.0,147020.6307031405,1087256.3709577732
 10/09  03:00:00,1330584.252487589,0.0,0.0,0.0,147020.6307031405,1100520.5540948836
 10/09  04:00:00,1415904.211795328,0.0,0.0,0.0,152100.61184532216,1180760.5322604412
 10/09  05:00:00,2320314.009240235,0.0,0.0,0.0,281789.54218101926,1971728.956091523
 10/09  06:00:00,8907100.824780762,0.0,0.0,0.0,561786.1498412685,8282129.732132215
 10/09  07:00:00,8349762.298100596,0.0,0.0,0.0,693268.0146977357,7595114.624675789
 10/09  08:00:00,3579403.6468745247,0.0,0.0,0.0,708209.1357041523,2811620.1365235103
 10/09  09:00:00,4273340.073432976,0.0,0.0,0.0,702232.6873015856,3520559.4318855694
 10/09  10:00:00,4353466.024624749,0.0,0.0,0.0,684303.3420938856,3629446.4327662895
 10/09  11:00:00,4956950.367072434,67220.42503114336,503002.06562902033,0.0,657409.3242823355,3702239.290926816
 10/09  12:00:00,5297807.038957755,121457.82335434348,913210.4769342223,0.0,639479.9790746354,3601995.3506320585
 10/09  13:00:00,5069226.34130406,164519.03047339295,1233932.0450108922,0.0,633503.5306720687,3017413.610265419
 10/09  14:00:00,5104446.253403137,173405.36828160688,1295651.0993564124,0.0,881526.1393785862,2734005.5215042452
 10/09  15:00:00,5475163.041306253,202638.48609116086,1505439.7961673597,0.0,1162419.2142992206,2583002.1357860165
 10/09  16:00:00,5220266.182959749,203735.42661284815,1504177.3962888948,0.0,1284936.4065518377,2193116.555982218
 10/09  17:00:00,4890735.924576136,127827.35559366789,938134.4057524728,0.0,1592723.499284022,2165255.15297828
 10/09  18:00:00,4743056.388093724,115597.88430871951,844471.9749819553,0.0,1853446.0608459932,1841081.5480268667
 10/09  19:00:00,3542244.871979243,69636.20248908146,507015.91948472895,0.0,1356653.7873826378,1491595.4974092795
 10/09  20:00:00,3050309.349660962,0.0,0.0,0.0,1404465.3746031711,1481563.1237588695
 10/09  21:00:00,2737248.284975132,0.0,0.0,0.0,1225171.9225261705,1322521.5340271294
 10/09  22:00:00,2201838.142041048,0.0,0.0,0.0,791879.413340086,1245677.8774020402
 10/09  23:00:00,1729402.91841269,0.0,0.0,0.0,442257.18178993475,1173412.8395696557
 10/09  24:00:00,1491883.0024727392,0.0,0.0,0.0,256987.28131036749,1151852.6534728073
 10/10  01:00:00,1355438.2701702036,0.0,0.0,0.0,165398.20954103305,1106996.9929396058
 10/10  02:00:00,1317320.0693504782,0.0,0.0,0.0,147020.6307031405,1087256.3709577732
 10/10  03:00:00,1329552.9917042938,0.0,0.0,0.0,147020.6307031405,1099489.2933115885
 10/10  04:00:00,1415904.211795328,0.0,0.0,0.0,152100.61184532216,1180760.5322604412
 10/10  05:00:00,1678028.08491441,0.0,0.0,0.0,281789.54218101926,1329443.0317656973
 10/10  06:00:00,2230785.504864037,0.0,0.0,0.0,561786.1498412685,1605814.4122154908
 10/10  07:00:00,3121300.522438102,0.0,0.0,0.0,965196.4170145198,2094724.4466965129
 10/10  08:00:00,3403281.5436507524,0.0,0.0,0.0,567912.0094538993,2775795.1595499907
 10/10  09:00:00,3578474.731615598,0.0,0.0,0.0,147020.6307031405,3380906.1466666353
 10/10  10:00:00,4184142.354422941,0.0,0.0,0.0,549982.6642461994,3594443.4404121675
 10/10  11:00:00,4211591.904805169,0.0,0.0,0.0,657409.3242823355,3527103.319319715
 10/10  12:00:00,4193927.348424736,0.0,0.0,0.0,639479.9790746354,3532783.9603876052
 10/10  13:00:00,3776104.2143236455,5208.952941428126,39033.15509955399,0.0,633503.5306720687,3078500.4507283065
 10/10  14:00:00,3313560.647355984,0.0,0.0,0.0,636491.7548733521,2657210.7676003445
 10/10  15:00:00,3079433.1017220244,0.0,0.0,0.0,654421.1000810522,2403348.592678477
 10/10  16:00:00,2740113.5892081144,0.0,0.0,0.0,717173.8083080023,1988639.383376161
 10/10  17:00:00,2844346.0867281538,0.0,0.0,0.0,869573.2425734528,1907977.3331870073
 10/10  18:00:00,3782986.528803049,0.0,0.0,0.0,1853446.0608459935,1841081.5480268672
 10/10  19:00:00,4051647.311921142,0.0,0.0,0.0,2264326.8885224536,1669976.9581851733
 10/10  20:00:00,3415371.367066744,0.0,0.0,0.0,1718975.9717882432,1532114.5439795793
 10/10  21:00:00,3994993.351911739,0.0,0.0,0.0,2303920.8591894577,1501517.6643004487
 10/10  22:00:00,2961952.5524462974,0.0,0.0,0.0,1437335.840817288,1360335.860330088
 10/10  23:00:00,2093363.1183163328,0.0,0.0,0.0,741079.6019182691,1238550.6193449646
 10/10  24:00:00,1331372.3823745893,0.0,0.0,0.0,147020.6307031405,1101308.6839818843
 10/11  01:00:00,1324346.2258625343,0.0,0.0,0.0,147020.6307031405,1094282.527469829
 10/11  02:00:00,1317320.0693504782,0.0,0.0,0.0,147020.6307031405,1087256.3709577732
 10/11  03:00:00,1329552.9917042938,0.0,0.0,0.0,147020.6307031405,1099489.2933115885
 10/11  04:00:00,1399563.150655719,0.0,0.0,0.0,147020.6307031405,1169499.4522630137
 10/11  05:00:00,1518129.1459949396,0.0,0.0,0.0,147020.6307031405,1304313.0043241058
 10/11  06:00:00,1740420.7583832096,0.0,0.0,0.0,147020.6307031405,1530215.1848727914
 10/11  07:00:00,2099331.206912775,0.0,0.0,0.0,147020.6307031405,1890930.9174825652
 10/11  08:00:00,3227159.44042698,0.0,0.0,0.0,427614.8832036464,2739970.182576472
 10/11  09:00:00,4968862.840790205,0.0,0.0,0.0,1258042.3887402874,3660272.497804095
 10/11  10:00:00,5972366.772187928,107139.53152691873,833868.8903887706,0.0,1222183.698324887,3769458.402182778
 10/11  11:00:00,7147130.120154949,255306.13374791224,2014700.5549594765,0.0,1171383.8869030706,3678660.283341371
 10/11  12:00:00,8055888.903942856,358840.06558823737,2845953.760643347,0.0,1132536.9722863869,3696894.69646239
 10/11  13:00:00,8083041.930077427,427513.1091837494,3390285.934360911,0.0,1123572.299682537,3121812.461967943
 10/11  14:00:00,8145436.619786507,507202.11377028015,4002844.7202511085,0.0,881526.1393785862,2734005.5215042452
 10/11  15:00:00,7444824.824244617,494790.7308635132,3870600.9916590797,0.0,654421.1000810522,2403348.592678477
 10/11  16:00:00,6543328.592522128,436122.7153065566,3367092.288007457,0.0,717173.8083080023,1988639.383376161
 10/11  17:00:00,6747012.120128155,362867.56531428406,2743390.570246447,0.0,1411935.9351063797,2162022.5384933506
 10/11  18:00:00,5804159.967433495,277495.6341566532,2056334.6865585924,0.0,1609158.7323910804,1772711.9943969809
 10/11  19:00:00,6288107.42626499,225105.65133980603,1649336.275698807,0.0,2566884.588902392,1729437.4451104712
 10/11  20:00:00,5624217.674933084,134283.41351681744,979376.842132177,0.0,2662507.763343459,1683768.804641709
 10/11  21:00:00,6886820.605660327,111513.55538573435,811680.4521000193,0.0,2303920.8591894577,3470150.9105632827
 10/11  22:00:00,2588763.8682725145,46820.66415056156,340357.2969818128,0.0,792028.8245501502,1245276.2312910687
 10/11  23:00:00,1373266.6225980986,505.4881310331873,3672.7662168852685,0.0,147020.6307031405,1108334.8404939398
 10/11  24:00:00,1331372.3823745893,0.0,0.0,0.0,147020.6307031405,1101308.6839818843
 10/12  01:00:00,1324346.2258625343,0.0,0.0,0.0,147020.6307031405,1094282.527469829
 10/12  02:00:00,1317320.0693504782,0.0,0.0,0.0,147020.6307031405,1087256.3709577732
 10/12  03:00:00,1329552.9917042938,0.0,0.0,0.0,147020.6307031405,1099489.2933115885
 10/12  04:00:00,1399563.150655719,0.0,0.0,0.0,147020.6307031405,1169499.4522630137
 10/12  05:00:00,1518129.1459949396,0.0,0.0,0.0,147020.6307031405,1304313.0043241058
 10/12  06:00:00,1740420.7583832096,0.0,0.0,0.0,147020.6307031405,1530215.1848727914
 10/12  07:00:00,2099331.206912775,0.0,0.0,0.0,147020.6307031405,1890930.9174825652
 10/12  08:00:00,2874915.2339794356,0.0,0.0,0.0,147020.6307031405,2668320.2286294336
 10/12  09:00:00,3578474.731615598,0.0,0.0,0.0,147020.6307031405,3380906.1466666353
 10/12  10:00:00,4357891.640770635,506.2023140207523,3919.4138318648484,0.0,684303.3420938856,3629446.4327662895
 10/12  11:00:00,4867351.166598119,74161.58302649538,581597.678766453,0.0,657409.3242823355,3527103.319319715
 10/12  12:00:00,6211634.896922861,226505.59298070677,1791201.9555174184,0.0,639479.9790746354,3532783.9603876052
 10/12  13:00:00,7572546.542207614,399799.15195057204,3174194.893849327,0.0,878537.9151773029,3100156.456348125
 10/12  14:00:00,8391770.981505888,494697.2641028658,3939854.793228768,0.0,1126560.5238838203,2810800.275408146
 10/12  15:00:00,8724443.109005252,554201.8332111249,4403156.516746394,0.0,1162419.2142992206,2583002.1357860165
 10/12  16:00:00,7969709.888068371,503271.29681381024,3954085.2311965544,0.0,1284936.4065518377,2193116.555982218
 10/12  17:00:00,8601143.341021705,458633.7308613867,3522928.6123221694,0.0,1592723.499284022,2960061.987586434
 10/12  18:00:00,7292823.78941081,362362.3446473348,2712837.084848977,0.0,2097733.3893009066,2031432.0506834039
 10/12  19:00:00,6891020.338988954,296226.4148919726,2181128.4248706033,0.0,2566884.588902392,1729437.4451104712
 10/12  20:00:00,6175115.200392272,200480.14977009056,1464077.6313380918,0.0,2662507.763343459,1683768.804641709
 10/12  21:00:00,4635485.343334572,153346.70185189252,1116017.8230392437,0.0,1764546.390857814,1412019.599163789
 10/12  22:00:00,2837607.061207522,76988.72572005243,558780.1934464214,0.0,791879.413340086,1245677.8774020402
 10/12  23:00:00,1843047.4470132303,13788.520424847975,99856.00817569232,0.0,442257.18178993475,1173412.8395696557
 10/12  24:00:00,1491883.0024727392,0.0,0.0,0.0,256987.28131036749,1151852.6534728073
 10/13  01:00:00,1386530.314477873,0.0,0.0,0.0,183775.7883789256,1119711.458409383
 10/13  02:00:00,1328091.0406587329,0.0,0.0,0.0,147020.6307031405,1099832.6263462359
 10/13  03:00:00,1328778.9684073806,0.0,0.0,0.0,147020.6307031405,1100520.5540948836
 10/13  04:00:00,1399563.150655719,0.0,0.0,0.0,147020.6307031405,1169499.4522630137
 10/13  05:00:00,1612520.8880963381,0.0,0.0,0.0,214405.08644207986,1316878.0180449015
 10/13  06:00:00,2247033.0615859083,0.0,0.0,0.0,561786.1498412685,1605814.4122154908
 10/13  07:00:00,2453300.791400091,0.0,0.0,0.0,420144.3227004381,1959139.8214111275
 10/13  08:00:00,3874861.2169934297,0.0,0.0,0.0,427614.8832036464,3382256.1069022976
 10/13  09:00:00,10995105.982776953,4882.220357277629,36957.80090955918,0.0,702232.6873015856,10196874.751802294
 10/13  10:00:00,6401009.339014159,133867.8892111612,1037235.6733866143,0.0,684303.3420938856,4502275.616397507
 10/13  11:00:00,6633262.873664515,272370.3596520401,2147495.325127098,0.0,657409.3242823355,3527103.319319715
 10/13  12:00:00,7646237.44797303,385468.3381085894,3066841.761439705,0.0,639479.9790746354,3532783.9603876052
 10/13  13:00:00,7818450.736667156,468241.34845331253,3740520.9628569568,0.0,633503.5306720687,2956326.7698025303
 10/13  14:00:00,8138365.257181539,537508.4329248524,4287296.176900703,0.0,636491.7548733521,2657210.7676003445
 10/13  15:00:00,8220544.7894940395,576594.5782013992,4564517.109570615,0.0,654421.1000810522,2403348.592678477
 10/13  16:00:00,7207596.471275181,508823.91272891907,3958658.9693381474,0.0,717173.8083080023,1988639.383376161
 10/13  17:00:00,6990744.408222551,464552.407598445,3504904.658208644,0.0,869573.2425734528,2083113.3047941085
 10/13  18:00:00,6143304.023219508,386207.0333747021,2844675.00113191,0.0,1120584.0754812537,1705184.2773816613
 10/13  19:00:00,6838278.730901582,293905.58769984194,2139734.064376401,0.0,2566884.588902392,1729437.4451104712
 10/13  20:00:00,5820579.472835956,204840.24371790577,1484686.0998814052,0.0,2347997.166158387,1633217.384420999
 10/13  21:00:00,3968620.62248658,151178.08733360854,1092831.2387392954,0.0,1225171.9225261705,1322521.5340271294
 10/13  22:00:00,2946091.6279958077,91902.1182084113,663183.0722275957,0.0,791879.413340086,1245677.8774020402
 10/13  23:00:00,1622048.42641873,31695.96975103673,228485.22473834493,0.0,147020.6307031405,1108334.8404939398
 10/13  24:00:00,1339258.3245408996,960.9058934304524,6925.036272879786,0.0,147020.6307031405,1101308.6839818843
 10/14  01:00:00,1324346.2258625343,0.0,0.0,0.0,147020.6307031405,1094282.527469829
 10/14  02:00:00,1315514.7852702704,0.0,0.0,0.0,147020.6307031405,1087256.3709577732
 10/14  03:00:00,1328005.5228199093,0.0,0.0,0.0,147020.6307031405,1099747.1085074123
 10/14  04:00:00,1399563.150655719,0.0,0.0,0.0,147020.6307031405,1169499.4522630137
 10/14  05:00:00,1532571.418636603,0.0,0.0,0.0,147020.6307031405,1304313.0043241058
 10/14  06:00:00,1756668.3151050808,0.0,0.0,0.0,147020.6307031405,1530215.1848727914
 10/14  07:00:00,2794633.387325951,0.0,0.0,0.0,693268.0146977357,2027348.7253396898
 10/14  08:00:00,4440520.442287064,0.0,0.0,0.0,708209.1357041523,3667321.079695427
 10/14  09:00:00,5744423.85474274,84809.51969724051,648943.6993068412,0.0,702232.6873015856,4254279.426030835
 10/14  10:00:00,9215553.931411752,251635.85828782746,1972668.2203014556,0.0,1222183.698324887,5725739.336572592
 10/14  11:00:00,8064835.457296308,355439.39293393766,2830467.3488346026,0.0,1171383.8869030706,3678660.283341371
 10/14  12:00:00,8184624.22429765,423506.924395428,3402748.6079457887,0.0,762893.6385876375,3573811.644406301
 10/14  13:00:00,8959530.764974073,517303.1640960447,4176984.7143452596,0.0,1123572.299682537,3121812.461967943
 10/14  14:00:00,8018485.65044309,554617.8691055322,4472640.7421925245,0.0,391756.1927882463,2579612.7214745004
 10/14  15:00:00,7442558.066608535,560629.3503368445,4487883.261891638,0.0,147020.6307031405,2225361.414714417
 10/14  16:00:00,6585614.428637493,498432.9592651839,3927995.807297691,0.0,289558.9251043559,1835326.3394463127
 10/14  17:00:00,6374973.2331596855,405428.8913937338,3123392.9709575907,0.0,869573.2425734528,1907977.3331870073
 10/14  18:00:00,6883829.973722752,361632.020955767,2741016.7080441443,0.0,1853446.0608459935,1841081.5480268672
 10/14  19:00:00,7212470.968617226,329793.7025182728,2478038.187273614,0.0,2566884.588902392,1729437.4451104712
 10/14  20:00:00,6761161.794653999,267471.29732281633,1997575.350688756,0.0,2662507.763343459,1683768.804641709
 10/14  21:00:00,5962700.287620314,265038.0293232487,1968655.3212180452,0.0,2034233.6250236358,1517855.4721950074
 10/14  22:00:00,3305373.6442096774,155469.28077428348,1149178.7633778132,0.0,630664.7176808496,1216611.7355590567
 10/14  23:00:00,2149281.3425869797,94148.71327943873,693265.3973781925,0.0,147020.6307031405,1108334.8404939398
 10/14  24:00:00,1776947.9871447398,53427.5658829195,392148.0388872309,0.0,147020.6307031405,1101308.6839818843
 10/15  01:00:00,1461141.180037897,16418.787106222553,120376.1670691404,0.0,147020.6307031405,1094282.527469829
 10/15  02:00:00,1323988.2180669322,800.5337070869455,5867.6150093671395,0.0,147020.6307031405,1087256.3709577732
 10/15  03:00:00,1329552.9917042938,0.0,0.0,0.0,147020.6307031405,1099489.2933115885
 10/15  04:00:00,1399563.150655719,0.0,0.0,0.0,147020.6307031405,1169499.4522630137
 10/15  05:00:00,1518129.1459949396,0.0,0.0,0.0,147020.6307031405,1304313.0043241058
 10/15  06:00:00,2292891.8779755486,0.0,0.0,0.0,563579.0843620385,1666127.8508062325
 10/15  07:00:00,3290952.5842749057,0.0,0.0,0.0,1101160.618172912,2128412.3073749244
 10/15  08:00:00,4240623.1346522905,15706.27681378476,116653.83213777754,0.0,1129548.7480851037,2919139.9029687624
 10/15  09:00:00,6342357.987869844,159607.49722484732,1213887.6498547923,0.0,1258042.3887402874,3660272.497804095
 10/15  10:00:00,7512078.128423875,283629.52615101717,2197090.2520006197,0.0,1222183.698324887,3769458.402182778
 10/15  11:00:00,8320105.277226884,388267.91373032384,3054713.932049,0.0,1171383.8869030706,3678660.283341371
 10/15  12:00:00,8623214.122327074,458522.9097367197,3642179.9995223507,0.0,886008.4756805112,3614839.3284249976
 10/15  13:00:00,8828062.209824786,526869.0403862653,4199838.898199722,0.0,1001055.10742992,3080441.0389265893
 10/15  14:00:00,8893251.99075009,551763.4715129093,4384269.5950629255,0.0,1126560.5238838203,2810800.275408146
 10/15  15:00:00,7589117.88409574,469375.2022110647,3696483.7514997954,0.0,908420.1571901364,2493175.3642322468
 10/15  16:00:00,6896863.226596987,429945.2278563191,3340684.5241076066,0.0,1001055.10742992,2090877.9696791894
 10/15  17:00:00,7585041.264358063,344192.0622702089,2623652.179506202,0.0,869573.2425734528,3680828.2690405054
 10/15  18:00:00,5968564.105211982,281173.73466550116,2108654.493852564,0.0,1120584.0754812537,2369692.8812824744
 10/15  19:00:00,5063764.209654836,234480.24335735192,1741710.2672654015,0.0,1356653.7873826378,1613576.44643593
 10/15  20:00:00,4651414.666538246,183657.64737298703,1356360.8290414086,0.0,1404465.3746031711,1542649.9642217578
 10/15  21:00:00,5467084.489199814,175820.30793118663,1296270.8293568888,0.0,2303920.8591894577,1501517.6643004487
 10/15  22:00:00,4096733.9459211356,135536.12146811828,999245.2720067197,0.0,1437335.840817288,1360335.860330088
 10/15  23:00:00,2449374.191170036,85871.31393251901,634099.958824827,0.0,442257.18178993475,1173412.8395696557
 10/15  24:00:00,1911216.4324341572,49916.143253459384,369417.2867079586,0.0,256987.28131036749,1151852.6534728073
 10/16  01:00:00,1575449.4996275816,22441.514094112892,166477.67105559565,0.0,183775.7883789256,1119711.458409383
 10/16  02:00:00,1369278.671260486,4671.812439306612,34710.534082238104,0.0,147020.6307031405,1099832.6263462359
 10/16  03:00:00,1654733.4031972566,31176.41720075497,231885.89304602437,0.0,147020.6307031405,1161607.3945577722
 10/16  04:00:00,1399563.150655719,0.0,0.0,0.0,147020.6307031405,1169499.4522630137
 10/16  05:00:00,1598078.6154546747,0.0,0.0,0.0,214405.08644207986,1316878.0180449015
 10/16  06:00:00,2693623.3789649606,18304.471715796084,137244.65603320213,0.0,770961.8439311027,1703927.4644775824
 10/16  07:00:00,3664794.4713268112,23801.471542084797,180388.3536730177,0.0,1237124.819331304,2162100.168053336
 10/16  08:00:00,4950612.755032238,76661.58297334405,589401.6867494319,0.0,1269995.2855454208,2954979.8251171797
 10/16  09:00:00,6308069.887750883,191185.279404821,1495783.1512344712,0.0,980137.5380209364,3590415.964844832
 10/16  10:00:00,6959605.5857356815,291113.1424518744,2315026.4186590584,0.0,684303.3420938856,3629446.4327662895
 10/16  11:00:00,7228712.979380671,333980.49593392265,2683140.578641579,0.0,657409.3242823355,3527103.319319715
 10/16  12:00:00,7360375.3270441005,349223.1061184885,2817224.8725008764,0.0,639479.9790746354,3532783.9603876052
 10/16  13:00:00,7557960.113260727,381609.98421940254,3074995.857802528,0.0,1001055.10742992,3080441.03892659
 10/16  14:00:00,7355785.041107783,376960.5007122699,3021605.6162212603,0.0,1126560.5238838203,2810800.275408146
 10/16  15:00:00,6964131.904317339,357037.68561285257,2840009.459656754,0.0,1162419.2142992206,2583002.1357860165
 10/16  16:00:00,6383862.526179151,323891.30824444746,2547617.8578766957,0.0,1284936.4065518377,2193116.555982218
 10/16  17:00:00,6388337.998631246,292621.28178990714,2270942.553611343,0.0,1592723.499284022,2165255.15297828
 10/16  18:00:00,6460094.924098403,272134.1295939756,2092317.3836165795,0.0,2097733.3893009066,1909451.101656753
 10/16  19:00:00,8170197.946194897,261126.53414591835,1997419.0453248585,0.0,2566884.588902392,3227424.312608213
 10/16  20:00:00,10784740.661574721,218683.09083159972,1671794.3195042294,0.0,2662507.763343459,6067474.636596511
 10/16  21:00:00,5471091.300286827,206515.05316098867,1584019.1619482513,0.0,2034233.6250236358,1456768.6317321188
 10/16  22:00:00,2591199.7581739076,132743.82216820226,1017741.1439735373,0.0,147020.6307031405,1129413.3100301065
 10/16  23:00:00,2217567.594191036,98205.30794426547,750273.917996591,0.0,147020.6307031405,1108334.8404939398
 10/16  24:00:00,1918636.43380484,68515.4129075939,518748.638522657,0.0,147020.6307031405,1101308.6839818843
 10/17  01:00:00,1603872.1314010315,33060.88390694863,246465.02163154838,0.0,147020.6307031405,1094282.527469829
 10/17  02:00:00,1330997.7170546406,1636.8996430278437,12040.748061134529,0.0,147020.6307031405,1087256.3709577732
 10/17  03:00:00,1329552.9917042938,0.0,0.0,0.0,147020.6307031405,1099489.2933115885
 10/17  04:00:00,1399563.150655719,0.0,0.0,0.0,147020.6307031405,1169499.4522630137
 10/17  05:00:00,1518129.1459949396,0.0,0.0,0.0,147020.6307031405,1304313.0043241058
 10/17  06:00:00,1740420.7583832096,0.0,0.0,0.0,147020.6307031405,1530215.1848727914
 10/17  07:00:00,2445133.4764828063,0.0,0.0,0.0,283582.4767017893,2100171.341053948
 10/17  08:00:00,3809844.5025439006,4774.457014633817,34281.327484512956,0.0,708209.1357041523,3003005.20769374
 10/17  09:00:00,3753818.1583726993,21213.249584484434,154130.17717261726,0.0,147020.6307031405,3380906.1466666353
 10/17  10:00:00,5797505.267573306,159541.83694634057,1170448.2748580035,0.0,684303.3420938856,3743495.563910502
 10/17  11:00:00,6062455.908415408,219680.89383478306,1623058.5599938915,0.0,657409.3242823355,3535227.8691012785
 10/17  12:00:00,7344222.832870606,295846.7885608718,2197280.9665984623,0.0,1132536.9722863869,3696894.69646239
 10/17  13:00:00,6984101.342872737,360897.3148974605,2685738.3720304496,0.0,878537.9151773029,3039069.6158852363
 10/17  14:00:00,6376298.2065968225,363457.787072333,2699279.7721685055,0.0,636491.7548733521,2657210.7676003445
 10/17  15:00:00,5624680.590568135,303751.0142716052,2241496.4745745054,0.0,654421.1000810522,2403348.592678477
 10/17  16:00:00,4775570.774945479,245156.17345263262,1790301.0122847315,0.0,717173.8083080023,1988639.383376161
 10/17  17:00:00,5527284.523732409,222624.00605004298,1602819.6926520546,0.0,1411935.9351063797,2223109.378956239
 10/17  18:00:00,5494189.288843052,172496.58761837002,1226049.2903368343,0.0,2097733.3893009066,1909451.101656753
 10/17  19:00:00,5485477.423167061,132926.6286783203,938885.295262362,0.0,2566884.588902392,1729437.4451104712
 10/17  20:00:00,4036365.1511575785,31825.381052612356,224106.38563244062,0.0,2033486.568973315,1582665.9642002892
 10/17  21:00:00,2749454.1630297997,1521.6387045909564,10684.239350076787,0.0,1225171.9225261705,1322521.5340271294
 10/17  22:00:00,2201838.142041048,0.0,0.0,0.0,791879.413340086,1245677.8774020402
 10/17  23:00:00,1369088.36825018,0.0,0.0,0.0,147020.6307031405,1108334.8404939398
 10/17  24:00:00,1331372.3823745893,0.0,0.0,0.0,147020.6307031405,1101308.6839818843
 10/18  01:00:00,1324346.2258625343,0.0,0.0,0.0,147020.6307031405,1094282.527469829
 10/18  02:00:00,1317320.0693504782,0.0,0.0,0.0,147020.6307031405,1087256.3709577732
 10/18  03:00:00,1329552.9917042938,0.0,0.0,0.0,147020.6307031405,1099489.2933115885
 10/18  04:00:00,1399563.150655719,0.0,0.0,0.0,147020.6307031405,1169499.4522630137
 10/18  05:00:00,1608129.1459949396,0.0,90000.0,0.0,147020.6307031405,1304313.0043241058
 10/18  06:00:00,2772831.746916319,115844.33616324487,180000.0,0.0,770961.8439311027,1642840.6240146938
 10/18  07:00:00,3730827.8229358927,74136.336361295,135000.0,0.0,1237124.819331304,2223187.0085162246
 10/18  08:00:00,5051374.480608754,33105.00115402693,0.0,0.0,1269995.2855454208,3688699.819262445
 10/18  09:00:00,7842293.767861601,0.0,0.0,0.0,1258042.3887402874,6533703.424875492
 10/18  10:00:00,5574593.839825012,38361.34235726071,268651.33512552205,0.0,1222183.698324887,4005681.214252767
 10/18  11:00:00,9444988.77828592,110293.13353762259,782977.7947068147,0.0,785902.9649375193,7738735.623900844
 10/18  12:00:00,7874555.788434463,129853.3421943661,930649.9687160202,0.0,639479.9790746354,6152909.089486946
 10/18  13:00:00,6050610.950646507,284445.5061428165,2042427.8880025903,0.0,633503.5306720687,3070375.900946743
 10/18  14:00:00,7778366.560600085,444370.52707804495,3185392.0381775564,0.0,1126560.5238838203,3002185.3465783754
 10/18  15:00:00,6077271.671909366,305228.8531587184,2176870.974034343,0.0,1035419.6857446785,2538088.7500091316
 10/18  16:00:00,4870081.4568329705,216062.2839117516,1527785.6982881583,0.0,1001055.10742992,2090877.9696791894
 10/18  17:00:00,4086999.522949255,117141.49017792384,819318.0864548286,0.0,1050360.8067510952,2033383.628597714
 10/18  18:00:00,4773830.454794176,85508.46352358026,592678.5803827463,0.0,2097733.3893009066,1909451.101656753
 10/18  19:00:00,4738250.056336539,41108.963222523904,283475.593887637,0.0,2566884.588902392,1729437.4451104712
 10/18  20:00:00,4510557.41928409,0.0,0.0,0.0,2662507.763343459,1683768.804641709
 10/18  21:00:00,3994993.351911739,0.0,0.0,0.0,2303920.8591894577,1501517.6643004487
 10/18  22:00:00,3141952.5524462974,0.0,180000.0,0.0,1437335.840817288,1360335.860330088
 10/18  23:00:00,1639167.0057908075,0.0,180000.0,0.0,220829.76847483907,1124604.340262869
 10/18  24:00:00,1511372.3823745893,0.0,180000.0,0.0,147020.6307031405,1101308.6839818843
 10/19  01:00:00,1504346.2258625343,0.0,180000.0,0.0,147020.6307031405,1094282.527469829
 10/19  02:00:00,1497320.0693504782,0.0,180000.0,0.0,147020.6307031405,1087256.3709577732
 10/19  03:00:00,1509552.9917042938,0.0,180000.0,0.0,147020.6307031405,1099489.2933115885
 10/19  04:00:00,1579563.150655719,0.0,180000.0,0.0,147020.6307031405,1169499.4522630137
 10/19  05:00:00,1698129.1459949396,0.0,180000.0,0.0,147020.6307031405,1304313.0043241058
 10/19  06:00:00,2748269.347187686,276397.00186075986,180000.0,0.0,561786.1498412685,1666901.2526783792
 10/19  07:00:00,3703523.061823499,232570.47754859357,180000.0,0.0,1101160.618172912,2128412.3073749244
 10/19  08:00:00,3921896.9238503147,162493.27697579024,180000.0,0.0,708209.1357041523,2811620.1365235103
 10/19  09:00:00,5338155.932905925,29768.55146850903,45000.0,0.0,980137.5380209364,4232701.889170658
 10/19  10:00:00,11768760.510651853,0.0,0.0,0.0,1222183.698324887,10506860.562562391
 10/19  11:00:00,7279450.659190517,0.0,0.0,0.0,1171383.8869030706,6080987.511084328
 10/19  12:00:00,4851095.077711272,0.0,0.0,0.0,1132536.9722863869,3696894.69646239
 10/19  13:00:00,4555899.32000588,36585.250218711924,254071.18325440155,0.0,1123572.299682537,3121812.461967943
 10/19  14:00:00,5140842.879690804,147291.34839037227,1036332.6071261775,0.0,1126560.5238838203,2810800.275408146
 10/19  15:00:00,5644041.90983423,232362.71638665616,1644594.4343998414,0.0,1162419.2142992206,2583002.1357860165
 10/19  16:00:00,5210197.939338165,211131.3253216617,1486713.2539584967,0.0,1284936.4065518377,2193116.555982218
 10/19  17:00:00,7484470.711483256,88262.99117438289,615548.3292248251,0.0,1592723.499284022,5121140.380832331
 10/19  18:00:00,6952271.616780176,43877.74897281328,302343.0676012077,0.0,2097733.3893009066,4419858.490975059
 10/19  19:00:00,4726748.180734213,39801.84897679443,273280.8325310416,0.0,2566884.588902392,1729437.4451104712
 10/19  20:00:00,4510557.41928409,0.0,0.0,0.0,2662507.763343459,1683768.804641709
 10/19  21:00:00,3366120.8184434357,0.0,0.0,0.0,1764546.390857814,1412019.599163789
 10/19  22:00:00,2201838.142041048,0.0,0.0,0.0,791879.413340086,1245677.8774020402
 10/19  23:00:00,1729402.91841269,0.0,0.0,0.0,442257.18178993475,1173412.8395696557
 10/19  24:00:00,1331372.3823745893,0.0,0.0,0.0,147020.6307031405,1101308.6839818843
 10/20  01:00:00,1324346.2258625343,0.0,0.0,0.0,147020.6307031405,1094282.527469829
 10/20  02:00:00,1328091.0406587329,0.0,0.0,0.0,147020.6307031405,1099832.6263462359
 10/20  03:00:00,1328778.9684073806,0.0,0.0,0.0,147020.6307031405,1100520.5540948836
 10/20  04:00:00,1399563.150655719,0.0,0.0,0.0,147020.6307031405,1169499.4522630137
 10/20  05:00:00,1532571.418636603,0.0,0.0,0.0,147020.6307031405,1304313.0043241058
 10/20  06:00:00,1853355.656170631,96687.34106555016,0.0,0.0,147020.6307031405,1530215.1848727914
 10/20  07:00:00,3542182.9907114133,68941.35603824875,0.0,0.0,1237124.819331304,2162100.168053336
 10/20  08:00:00,3602060.277037051,16912.065151978382,0.0,0.0,708507.9581242807,2811650.0268733064
 10/20  09:00:00,3755801.6352303587,0.0,0.0,0.0,285823.64485275175,3415819.4679713687
 10/20  10:00:00,3849105.58217974,0.0,0.0,0.0,281341.3085508268,3524437.4557039225
 10/20  11:00:00,3668855.7960736644,14283.395778065376,104787.23415455213,0.0,147020.6307031405,3373879.9901545797
 10/20  12:00:00,4237685.276578227,82748.40099938391,617579.6116003873,0.0,147020.6307031405,3368673.2243128205
 10/20  13:00:00,4692597.519724639,202225.74435162413,1532592.1614508778,0.0,147020.6307031405,2790900.8583367104
 10/20  14:00:00,5339789.80501907,309092.3674247659,2361804.00666022,0.0,147020.6307031405,2502014.6753486567
 10/20  15:00:00,5872227.728811806,382276.97711333795,2924558.3854829227,0.0,273870.7480476184,2269858.209205432
 10/20  16:00:00,5773111.5108302655,354701.09674843616,2678296.8248737147,0.0,717173.8083080023,1988639.383376161
 10/20  17:00:00,5132522.133365147,273778.1929448631,2012592.569611922,0.0,869573.2425734528,1907977.3331870073
 10/20  18:00:00,4653983.130928063,221316.4540093945,1589456.0784502258,0.0,1120584.0754812537,1635972.8871372086
 10/20  19:00:00,4311364.709084909,167232.8337097384,1187565.545770778,0.0,1356653.7873826378,1491595.4974092795
 10/20  20:00:00,3683866.983601319,80331.27851088061,567668.6280711398,0.0,1404465.3746031711,1481563.1237588695
 10/20  21:00:00,3233080.3946251217,63134.33899864013,445334.75921280496,0.0,1225171.9225261705,1322521.5340271294
 10/20  22:00:00,1496954.7374268686,8328.303266921936,58743.34660902569,0.0,147020.6307031405,1129413.3100301065
 10/20  23:00:00,1361867.2319293483,0.0,0.0,0.0,147020.6307031405,1108334.8404939398
 10/20  24:00:00,1371500.0373991267,0.0,0.0,0.0,174512.29335494724,1113944.676354615
 10/21  01:00:00,1324346.2258625343,0.0,0.0,0.0,147020.6307031405,1094282.527469829
 10/21  02:00:00,1315514.7852702704,0.0,0.0,0.0,147020.6307031405,1087256.3709577732
 10/21  03:00:00,1327747.7076240855,0.0,0.0,0.0,147020.6307031405,1099489.2933115885
 10/21  04:00:00,1399563.150655719,0.0,0.0,0.0,147020.6307031405,1169499.4522630137
 10/21  05:00:00,1532571.418636603,0.0,0.0,0.0,147020.6307031405,1304313.0043241058
 10/21  06:00:00,1756668.3151050808,0.0,0.0,0.0,147020.6307031405,1530215.1848727914
 10/21  07:00:00,2226017.3266184432,0.0,0.0,0.0,147020.6307031405,2004980.0486267777
 10/21  08:00:00,3592944.0488967127,0.0,0.0,0.0,708209.1357041523,2819744.686305075
 10/21  09:00:00,4276950.641593393,0.0,0.0,0.0,702232.6873015856,3520559.4318855694
 10/21  10:00:00,3679781.9119779314,0.0,0.0,0.0,147020.6307031405,3489434.4633498006
 10/21  11:00:00,4147935.221235374,68771.89100264941,529378.1640916772,0.0,147020.6307031405,3373879.9901545797
 10/21  12:00:00,5169088.027955799,166540.7778182922,1301047.4650474808,0.0,270135.4677960142,3409700.908331516
 10/21  13:00:00,5389250.820569304,275175.46067151165,2156295.7459756546,0.0,147020.6307031405,2790900.8583367104
 10/21  14:00:00,6254319.600222507,399511.2047381677,3124828.124087366,0.0,147020.6307031405,2563101.5158115453
 10/21  15:00:00,7127225.900034517,462945.5531030014,3584847.245209491,0.0,654421.1000810522,2403348.592678477
 10/21  16:00:00,6353031.423602361,420062.6925051106,3192855.1418891363,0.0,717173.8083080023,1988639.383376161
 10/21  17:00:00,6364987.804139027,351848.3351077426,2615687.2195091136,0.0,1231148.3709287373,2097703.083545532
 10/21  18:00:00,6610546.071715997,302846.9930795837,2213860.951828772,0.0,2097733.3893009066,1909451.101656753
 10/21  19:00:00,6032241.069364117,241797.36187638604,1747822.8159676287,0.0,2264326.8885224536,1669976.9581851733
 10/21  20:00:00,4907388.536524702,139420.98859904136,1001976.436094797,0.0,2033486.568973315,1582665.9642002892
 10/21  21:00:00,5076960.226075524,133666.8261836871,960937.0365415533,0.0,2303920.8591894577,1501517.6643004487
 10/21  22:00:00,2852510.665104008,80675.1303540363,580829.0971901717,0.0,791879.413340086,1245677.8774020402
 10/21  23:00:00,2009435.9134927664,34997.72159223774,252256.4098086703,0.0,442257.18178993475,1173412.8395696557
 10/21  24:00:00,1357300.522079553,3157.598925203928,22770.540779759594,0.0,147020.6307031405,1101308.6839818843
 10/22  01:00:00,1324346.2258625343,0.0,0.0,0.0,147020.6307031405,1094282.527469829
 10/22  02:00:00,1317320.0693504782,0.0,0.0,0.0,147020.6307031405,1087256.3709577732
 10/22  03:00:00,1329552.9917042938,0.0,0.0,0.0,147020.6307031405,1099489.2933115885
 10/22  04:00:00,1415904.211795328,0.0,0.0,0.0,152100.61184532216,1180760.5322604412
 10/22  05:00:00,1678028.08491441,0.0,0.0,0.0,281789.54218101926,1329443.0317656973
 10/22  06:00:00,3233322.4662231123,0.0,0.0,0.0,770961.8439311025,2399175.679484732
 10/22  07:00:00,9655404.910135046,690.1604320416208,5017.959851552149,0.0,693268.0146977357,8895049.116426647
 10/22  08:00:00,5981730.874617483,0.0,0.0,0.0,708209.1357041523,5213947.364266469
 10/22  09:00:00,4500905.3879363565,26595.85620383763,200969.4582995428,0.0,702232.6873015856,3520559.4318855694
 10/22  10:00:00,7201395.565717132,261419.72467669836,2011340.8415219495,0.0,953243.5202093864,3935675.229544523
 10/22  11:00:00,7952328.993657487,343327.5366015936,2662666.6353638805,0.0,1171383.8869030706,3747871.6735858233
 10/22  12:00:00,7302493.736705169,352959.67712723213,2755606.7111532018,0.0,639479.9790746354,3532783.9603876052
 10/22  13:00:00,7531339.759644514,407244.23828648496,3186629.8654132024,0.0,878537.9151773029,3039069.6158852368
 10/22  14:00:00,6853496.61003504,401794.6499329321,3138141.312746125,0.0,636491.7548733521,2657210.7676003445
 10/22  15:00:00,6752805.823727333,419562.52951881953,3253810.1924864897,0.0,654421.1000810522,2403348.592678477
 10/22  16:00:00,5711202.974014299,344589.94679767924,2626499.438008506,0.0,717173.8083080023,1988639.383376161
 10/22  17:00:00,5939527.724880666,280066.6523500801,2079793.9284260506,0.0,1411935.9351063797,2100935.698030462
 10/22  18:00:00,6098611.917098031,241782.462078352,1761186.0441318313,0.0,2097733.3893009066,1909451.101656753
 10/22  19:00:00,6082723.523141213,202882.80596733055,1466175.2179475038,0.0,2566884.588902392,1729437.4451104712
 10/22  20:00:00,5474809.264698392,117555.15469839406,846696.6907159074,0.0,2662507.763343459,1683768.804641709
 10/22  21:00:00,4422686.189241622,90706.34826501025,651422.755799025,0.0,2034233.6250236358,1456768.6317321188
 10/22  22:00:00,2384291.6656615483,22369.84814685065,160083.67547364964,0.0,791879.413340086,1245677.8774020402
 10/22  23:00:00,1369088.36825018,0.0,0.0,0.0,147020.6307031405,1108334.8404939398
 10/22  24:00:00,1331372.3823745893,0.0,0.0,0.0,147020.6307031405,1101308.6839818843
 10/23  01:00:00,1324346.2258625343,0.0,0.0,0.0,147020.6307031405,1094282.527469829
 10/23  02:00:00,1317320.0693504782,0.0,0.0,0.0,147020.6307031405,1087256.3709577732
 10/23  03:00:00,1329552.9917042938,0.0,0.0,0.0,147020.6307031405,1099489.2933115885
 10/23  04:00:00,1399563.150655719,0.0,0.0,0.0,147020.6307031405,1169499.4522630137
 10/23  05:00:00,1518129.1459949396,0.0,0.0,0.0,147020.6307031405,1304313.0043241058
 10/23  06:00:00,1809630.6409691873,69209.88258597757,0.0,0.0,147020.6307031405,1530215.1848727914
 10/23  07:00:00,2938954.0170937036,42908.48718499568,0.0,0.0,693268.0146977357,2141397.856483903
 10/23  08:00:00,4414847.716016803,0.0,0.0,0.0,1269995.2855454208,3085278.055824521
 10/23  09:00:00,4968862.840790205,0.0,0.0,0.0,1258042.3887402874,3660272.497804095
 10/23  10:00:00,5031358.350272239,0.0,0.0,0.0,1222183.698324887,3769458.402182778
 10/23  11:00:00,5078890.14507994,24744.240157806977,177022.47347457288,0.0,1171383.8869030706,3678660.283341371
 10/23  12:00:00,5979405.61736677,137205.85075062796,991104.6889048703,0.0,1132536.9722863869,3696894.69646239
 10/23  13:00:00,6208817.721807577,234998.62087600288,1708576.2143988071,0.0,1123572.299682537,3121812.461967943
 10/23  14:00:00,5992192.0586989485,245925.73003794462,1789047.4044867503,0.0,1126560.5238838203,2810800.275408146
 10/23  15:00:00,6415770.966602483,321331.49826170795,2327354.7092930423,0.0,1162419.2142992206,2583002.1357860165
 10/23  16:00:00,5849417.548700786,286291.70425950765,2050772.484383272,0.0,1284936.4065518377,2193116.555982218
 10/23  17:00:00,5114134.0008111475,159906.53435158145,1129453.3032295709,0.0,1592723.499284022,2165255.15297828
 10/23  18:00:00,5053057.850307757,119829.06263676072,837585.3767831472,0.0,2097733.3893009066,1909451.101656753
 10/23  19:00:00,4976316.905021307,70711.928460771,491939.4773341578,0.0,2566884.588902392,1729437.4451104712
 10/23  20:00:00,3050309.349660962,0.0,0.0,0.0,1404465.3746031711,1481563.1237588695
 10/23  21:00:00,2782248.284975132,0.0,45000.0,0.0,1225171.9225261705,1322521.5340271294
 10/23  22:00:00,2381838.142041048,0.0,180000.0,0.0,791879.413340086,1245677.8774020402
 10/23  23:00:00,1549088.36825018,0.0,180000.0,0.0,147020.6307031405,1108334.8404939398
 10/23  24:00:00,1511372.3823745893,0.0,180000.0,0.0,147020.6307031405,1101308.6839818843
 10/24  01:00:00,1504346.2258625343,0.0,180000.0,0.0,147020.6307031405,1094282.527469829
 10/24  02:00:00,1497320.0693504782,0.0,180000.0,0.0,147020.6307031405,1087256.3709577732
 10/24  03:00:00,1509552.9917042938,0.0,180000.0,0.0,147020.6307031405,1099489.2933115885
 10/24  04:00:00,1579563.150655719,0.0,180000.0,0.0,147020.6307031405,1169499.4522630137
 10/24  05:00:00,1698129.1459949396,0.0,180000.0,0.0,147020.6307031405,1304313.0043241058
 10/24  06:00:00,2272326.8179546427,351906.05957143306,180000.0,0.0,147020.6307031405,1530215.1848727914
 10/24  07:00:00,2631034.586514234,290616.53913857066,180000.0,0.0,147020.6307031405,1952017.7579454535
 10/24  08:00:00,3959906.7915809685,200503.14470644362,180000.0,0.0,708209.1357041523,2811620.1365235103
 10/24  09:00:00,4519698.186552422,66358.11311944613,180000.0,0.0,702232.6873015856,3520559.4318855694
 10/24  10:00:00,4353466.024624749,0.0,0.0,0.0,684303.3420938856,3629446.4327662895
 10/24  11:00:00,4272678.745268057,0.0,0.0,0.0,657409.3242823355,3588190.1597826034
 10/24  12:00:00,4193927.348424736,0.0,0.0,0.0,639479.9790746354,3532783.9603876052
 10/24  13:00:00,3803290.9285141686,3784.4843532410373,25929.403510071184,0.0,756020.7229246858,2997698.1928438838
 10/24  14:00:00,3791140.298410482,60661.97784204128,416917.6732124563,0.0,636491.7548733521,2657210.7676003445
 10/24  15:00:00,4349593.101925578,138757.79395035707,959489.2919217696,0.0,781420.6286355943,2448261.978455362
 10/24  16:00:00,4228764.769333991,90966.35701616923,625445.0522598152,0.0,1284936.4065518377,2193116.555982218
 10/24  17:00:00,3862202.2194727464,4792.180237958606,32635.8760047924,0.0,1592723.499284022,2165255.15297828
 10/24  18:00:00,4095643.4108878486,0.0,0.0,0.0,2097733.3893009066,1909451.101656753
 10/24  19:00:00,4413665.499226378,0.0,0.0,0.0,2566884.588902392,1729437.4451104712
 10/24  20:00:00,3780433.3844725266,0.0,0.0,0.0,2033486.568973315,1582665.9642002892
 10/24  21:00:00,2917248.284975132,0.0,180000.0,0.0,1225171.9225261705,1322521.5340271294
 10/24  22:00:00,1485714.7920321682,0.0,45000.0,0.0,147020.6307031405,1129413.3100301065
 10/24  23:00:00,1369088.36825018,0.0,0.0,0.0,147020.6307031405,1108334.8404939398
 10/24  24:00:00,1331372.3823745893,0.0,0.0,0.0,147020.6307031405,1101308.6839818843
 10/25  01:00:00,1324346.2258625343,0.0,0.0,0.0,147020.6307031405,1094282.527469829
 10/25  02:00:00,1317320.0693504782,0.0,0.0,0.0,147020.6307031405,1087256.3709577732
 10/25  03:00:00,1329552.9917042938,0.0,0.0,0.0,147020.6307031405,1099489.2933115885
 10/25  04:00:00,1399563.150655719,0.0,0.0,0.0,147020.6307031405,1169499.4522630137
 10/25  05:00:00,1518129.1459949396,0.0,0.0,0.0,147020.6307031405,1304313.0043241058
 10/25  06:00:00,1964084.0272297056,223663.2688464958,0.0,0.0,147020.6307031405,1530215.1848727914
 10/25  07:00:00,2972963.999928592,190967.60116409662,0.0,0.0,693268.0146977357,2027348.7253396898
 10/25  08:00:00,3389509.899219036,162350.45879205575,0.0,0.0,427614.8832036464,2739970.182576472
 10/25  09:00:00,3890510.3037603786,138319.23669043634,0.0,0.0,285823.64485275175,3415819.4679713687
 10/25  10:00:00,4445651.660171396,92185.63554664676,0.0,0.0,684303.3420938856,3629446.4327662895
 10/25  11:00:00,4266489.249366416,54897.34456124648,0.0,0.0,657409.3242823355,3527103.319319715
 10/25  12:00:00,4537766.781037902,15255.567969898411,0.0,0.0,886008.4756805111,3614839.3284249976
 10/25  13:00:00,4101354.2712387964,0.0,0.0,0.0,1001055.10742992,3080441.0389265893
 10/25  14:00:00,3205356.1339318333,0.0,0.0,0.0,514123.9738307992,2671374.035218747
 10/25  15:00:00,3603296.394497869,0.0,0.0,0.0,1035419.6857446785,2546213.299790696
 10/25  16:00:00,3512353.360058007,0.0,0.0,0.0,1284936.4065518377,2193116.555982218
 10/25  17:00:00,3824774.1632299954,0.0,0.0,0.0,1592723.499284022,2165255.15297828
 10/25  18:00:00,4095643.4108878486,0.0,0.0,0.0,2097733.3893009066,1909451.101656753
 10/25  19:00:00,4413665.499226378,0.0,0.0,0.0,2566884.588902392,1729437.4451104712
 10/25  20:00:00,4510557.41928409,0.0,0.0,0.0,2662507.763343459,1683768.804641709
 10/25  21:00:00,3994993.351911739,0.0,0.0,0.0,2303920.8591894577,1501517.6643004487
 10/25  22:00:00,3817653.495618214,0.0,0.0,0.0,1437335.840817288,2216036.803502004
 10/25  23:00:00,1820392.9683886007,0.0,0.0,0.0,516962.78682201833,1189697.2845134828
 10/25  24:00:00,1331372.3823745893,0.0,0.0,0.0,147020.6307031405,1101308.6839818843
 10/26  01:00:00,1324346.2258625343,0.0,0.0,0.0,147020.6307031405,1094282.527469829
 10/26  02:00:00,1317320.0693504782,0.0,0.0,0.0,147020.6307031405,1087256.3709577732
 10/26  03:00:00,1329552.9917042938,0.0,0.0,0.0,147020.6307031405,1099489.2933115885
 10/26  04:00:00,1399563.150655719,0.0,0.0,0.0,147020.6307031405,1169499.4522630137
 10/26  05:00:00,1558103.8807248073,0.0,0.0,0.0,180712.8585726102,1310595.5111845038
 10/26  06:00:00,2241384.705380593,10599.200516556117,0.0,0.0,561786.1498412685,1605814.4122154908
 10/26  07:00:00,2791493.065131721,9496.66636722599,0.0,0.0,693268.0146977357,2027348.7253396898
 10/26  08:00:00,3935495.009912259,3518.443820265575,0.0,0.0,989102.2106247866,2883299.980820345
 10/26  09:00:00,4968862.840790205,0.0,0.0,0.0,1258042.3887402874,3660272.497804095
 10/26  10:00:00,5031358.350272239,0.0,0.0,0.0,1222183.698324887,3769458.402182778
 10/26  11:00:00,4877123.43144756,0.0,0.0,0.0,1171383.8869030706,3678660.283341371
 10/26  12:00:00,4851095.077711272,0.0,0.0,0.0,1132536.9722863869,3696894.69646239
 10/26  13:00:00,4387416.567458544,0.0,0.0,0.0,1123572.299682537,3243986.1428937195
 10/26  14:00:00,3957218.9241742534,0.0,0.0,0.0,1126560.5238838203,2810800.275408146
 10/26  15:00:00,3767084.759047732,0.0,0.0,0.0,1162419.2142992206,2583002.1357860165
 10/26  16:00:00,3512353.360058007,0.0,0.0,0.0,1284936.4065518377,2193116.555982218
 10/26  17:00:00,3395646.9654419627,0.0,0.0,0.0,1231148.3709287373,2097703.083545532
 10/26  18:00:00,4095643.4108878486,0.0,0.0,0.0,2097733.3893009066,1909451.101656753
 10/26  19:00:00,4413665.499226378,0.0,0.0,0.0,2566884.588902392,1729437.4451104712
 10/26  20:00:00,4145495.4018783085,0.0,0.0,0.0,2347997.166158387,1633217.384420999
 10/26  21:00:00,2737248.284975132,0.0,0.0,0.0,1225171.9225261705,1322521.5340271294
 10/26  22:00:00,2201838.142041048,0.0,0.0,0.0,791879.413340086,1245677.8774020402
 10/26  23:00:00,1729402.91841269,0.0,0.0,0.0,442257.18178993475,1173412.8395696557
 10/26  24:00:00,1331372.3823745893,0.0,0.0,0.0,147020.6307031405,1101308.6839818843
 10/27  01:00:00,1324346.2258625343,0.0,0.0,0.0,147020.6307031405,1094282.527469829
 10/27  02:00:00,1315514.7852702704,0.0,0.0,0.0,147020.6307031405,1087256.3709577732
 10/27  03:00:00,1327747.7076240855,0.0,0.0,0.0,147020.6307031405,1099489.2933115885
 10/27  04:00:00,1399563.150655719,0.0,0.0,0.0,147020.6307031405,1169499.4522630137
 10/27  05:00:00,1532571.418636603,0.0,0.0,0.0,147020.6307031405,1304313.0043241058
 10/27  06:00:00,1967228.3379709763,210560.02286589536,0.0,0.0,147020.6307031405,1530215.1848727914
 10/27  07:00:00,2299820.8381406004,187852.64266636994,0.0,0.0,147020.6307031405,1890930.9174825652
 10/27  08:00:00,4087072.2615678953,149679.84323527818,0.0,0.0,989102.2106247866,2883299.980820345
 10/27  09:00:00,5094981.91786861,122508.50891798922,0.0,0.0,1258042.3887402874,3660272.497804095
 10/27  10:00:00,4812696.652902041,116673.89729313014,0.0,0.0,953243.5202093865,3699452.4174745334
 10/27  11:00:00,3845578.7356729656,129890.56384583621,0.0,0.0,274617.8040979392,3412185.8224458634
 10/27  12:00:00,3672473.1907457085,135115.92676725204,0.0,0.0,147020.6307031405,3368673.2243128205
 10/27  13:00:00,3143778.1237307247,133036.2191272624,0.0,0.0,147020.6307031405,2843863.1490180343
 10/27  14:00:00,3384209.3534985995,40430.43907786073,0.0,0.0,514123.9738307992,2809796.8157076524
 10/27  15:00:00,3183459.2944547143,104026.19273268974,0.0,0.0,654421.1000810522,2403348.592678477
 10/27  16:00:00,2861762.26723239,121648.67802427585,0.0,0.0,717173.8083080023,1988639.383376161
 10/27  17:00:00,3016813.609853984,170662.23904562264,0.0,0.0,869573.2425734528,1907977.3331870073
 10/27  18:00:00,4791043.1259773085,101198.64740122721,0.0,0.0,1853446.0608459935,2749744.7818801072
 10/27  19:00:00,4524175.453013891,50324.98394410066,0.0,0.0,2566884.588902392,1798648.8353549237
 10/27  20:00:00,4619319.054016456,123203.90737402886,0.0,0.0,2662507.763343459,1683768.804641709
 10/27  21:00:00,3667920.0966161317,0.0,0.0,0.0,2034233.6250236358,1456768.6317321188
 10/27  22:00:00,1810444.7625553608,0.0,0.0,0.0,469450.02202161326,1187545.5937160733
 10/27  23:00:00,1361867.2319293483,0.0,0.0,0.0,147020.6307031405,1108334.8404939398
 10/27  24:00:00,1331372.3823745893,0.0,0.0,0.0,147020.6307031405,1101308.6839818843
 10/28  01:00:00,1504346.2258625343,0.0,180000.0,0.0,147020.6307031405,1094282.527469829
 10/28  02:00:00,1495514.7852702704,0.0,180000.0,0.0,147020.6307031405,1087256.3709577732
 10/28  03:00:00,1507747.7076240855,0.0,180000.0,0.0,147020.6307031405,1099489.2933115885
 10/28  04:00:00,1579563.150655719,0.0,180000.0,0.0,147020.6307031405,1169499.4522630137
 10/28  05:00:00,1719325.0846380894,6753.6660014864,180000.0,0.0,147020.6307031405,1304313.0043241058
 10/28  06:00:00,2455776.3302757363,519108.01517065556,180000.0,0.0,147020.6307031405,1530215.1848727914
 10/28  07:00:00,2727407.128865317,435438.93339108647,180000.0,0.0,147020.6307031405,1890930.9174825652
 10/28  08:00:00,4458870.800479507,341478.3821468898,180000.0,0.0,989102.2106247866,2883299.980820345
 10/28  09:00:00,4696570.623697027,284619.9821036345,135000.0,0.0,702232.6873015856,3520559.4318855694
 10/28  10:00:00,4586312.393165317,229235.80038015218,0.0,0.0,684303.3420938856,3629446.4327662895
 10/28  11:00:00,4241160.027282039,193665.8440827449,0.0,0.0,529812.1508875367,3488797.487028431
 10/28  12:00:00,3710404.350207723,173047.08622926674,0.0,0.0,147020.6307031405,3368673.2243128205
 10/28  13:00:00,3112770.6571767726,154991.04325463492,0.0,0.0,147020.6307031405,2790900.8583367104
 10/28  14:00:00,2890053.7585909106,107111.19651261342,0.0,0.0,147020.6307031405,2616063.8064928697
 10/28  15:00:00,3187047.6070858445,99489.95558225628,0.0,0.0,654421.1000810522,2411473.142460041
 10/28  16:00:00,2863323.087563779,123209.49835566443,0.0,0.0,717173.8083080023,1988639.383376161
 10/28  17:00:00,3413158.5989069305,186900.20897310876,135000.0,0.0,1050360.8067510952,1972296.7881348254
 10/28  18:00:00,4419418.803304916,145580.67649727585,180000.0,0.0,2097733.3893009066,1909451.101656753
 10/28  19:00:00,4023425.9395103846,162823.23529551883,180000.0,0.0,1961769.188142515,1610516.4712598755
 10/28  20:00:00,4189824.2103634877,243833.0985326251,180000.0,0.0,2033486.568973315,1582665.9642002892
 10/28  21:00:00,4162356.3633502834,0.0,180000.0,0.0,2303920.8591894577,1501517.6643004487
 10/28  22:00:00,2371006.4375598,0.0,180000.0,0.0,791879.413340086,1245677.8774020402
 10/28  23:00:00,1902181.7820918583,0.0,180000.0,0.0,442257.18178993475,1173412.8395696557
 10/28  24:00:00,1511372.3823745893,0.0,180000.0,0.0,147020.6307031405,1101308.6839818843
 10/29  01:00:00,1508656.560619734,4310.334757199784,180000.0,0.0,147020.6307031405,1094282.527469829
 10/29  02:00:00,1533018.1849580025,35698.11560752442,180000.0,0.0,147020.6307031405,1087256.3709577732
 10/29  03:00:00,1570736.6321947079,61183.640490414065,180000.0,0.0,147020.6307031405,1099489.2933115885
 10/29  04:00:00,1657069.5239329864,77506.37327726754,180000.0,0.0,147020.6307031405,1169499.4522630137
 10/29  05:00:00,1788087.4244026996,89958.27840776017,180000.0,0.0,147020.6307031405,1304313.0043241058
 10/29  06:00:00,2649468.21781506,614998.3282876378,180000.0,0.0,147020.6307031405,1644264.3160170042
 10/29  07:00:00,3585525.786926629,379182.02631057985,180000.0,0.0,693268.0146977357,2271696.0871912437
 10/29  08:00:00,4147437.160877313,318822.1237583356,180000.0,0.0,708209.1357041523,2880831.5267679626
 10/29  09:00:00,5234141.082180338,265278.24139013345,0.0,0.0,1258042.3887402874,3660272.497804095
 10/29  10:00:00,5235048.182920369,203689.8326481296,0.0,0.0,1222183.698324887,3769458.402182778
 10/29  11:00:00,5172051.521649776,58705.27813222575,0.0,0.0,1171383.8869030706,3914883.0954113607
 10/29  12:00:00,4963724.393836572,43417.92588084721,0.0,0.0,1132536.9722863869,3766106.0867068423
 10/29  13:00:00,4359446.548873586,41241.37165949438,0.0,0.0,1123572.299682537,3174774.752649267
 10/29  14:00:00,3879737.1476166723,0.0,0.0,0.0,881526.1393785863,2978352.883355799
 10/29  15:00:00,3789889.790238141,14680.481408844731,0.0,0.0,1162419.2142992206,2591126.6855675806
 10/29  16:00:00,3555803.7939444054,43450.43388639864,0.0,0.0,1284936.4065518377,2193116.555982218
 10/29  17:00:00,3929391.98821548,104617.82498548494,0.0,0.0,1592723.499284022,2165255.15297828
 10/29  18:00:00,4173816.9034100203,78173.49252217195,0.0,0.0,2097733.3893009066,1909451.101656753
 10/29  19:00:00,4489908.499482433,76243.0002560546,0.0,0.0,2566884.588902392,1729437.4451104712
 10/29  20:00:00,4642114.888971419,131557.46968732824,0.0,0.0,2662507.763343459,1683768.804641709
 10/29  21:00:00,3994993.351911739,0.0,0.0,0.0,2303920.8591894577,1501517.6643004487
 10/29  22:00:00,2961952.5524462974,0.0,0.0,0.0,1437335.840817288,1360335.860330088
 10/29  23:00:00,1549245.643331435,0.0,0.0,0.0,294638.90624653763,1140873.8400317978
 10/29  24:00:00,1331372.3823745893,0.0,0.0,0.0,147020.6307031405,1101308.6839818843
 10/30  01:00:00,1355438.2701702036,0.0,0.0,0.0,165398.20954103302,1106996.9929396058
 10/30  02:00:00,1320464.133197594,0.0,0.0,0.0,147020.6307031405,1090400.434804889
 10/30  03:00:00,1329552.9917042938,0.0,0.0,0.0,147020.6307031405,1099489.2933115885
 10/30  04:00:00,1415904.211795328,0.0,0.0,0.0,152100.61184532216,1180760.5322604412
 10/30  05:00:00,1518129.1459949396,0.0,0.0,0.0,147020.6307031405,1304313.0043241058
 10/30  06:00:00,2203203.45914716,348733.5696197378,0.0,0.0,147020.6307031405,1644264.3160170042
 10/30  07:00:00,3098675.348474496,247467.55946554797,0.0,0.0,693268.0146977357,2096560.1155841425
 10/30  08:00:00,4442839.937102171,158290.45179270793,0.0,0.0,1269995.2855454208,2954979.8251171797
 10/30  09:00:00,5063656.440603729,94793.59981352511,0.0,0.0,1258042.3887402874,3660272.497804095
 10/30  10:00:00,4432950.591491775,79484.56686702522,0.0,0.0,684303.3420938856,3629446.4327662895
 10/30  11:00:00,4253526.100084077,41934.195278906824,0.0,0.0,657409.3242823355,3527103.319319715
 10/30  12:00:00,4525273.537561963,2762.3244939593933,0.0,0.0,886008.4756805111,3614839.3284249976
 10/30  13:00:00,4265242.886532767,0.0,0.0,0.0,1123572.299682537,3121812.461967943
 10/30  14:00:00,3957218.9241742534,0.0,0.0,0.0,1126560.5238838203,2810800.275408146
 10/30  15:00:00,3767084.759047732,0.0,0.0,0.0,1162419.2142992206,2583002.1357860165
 10/30  16:00:00,3512353.360058007,0.0,0.0,0.0,1284936.4065518377,2193116.555982218
 10/30  17:00:00,3824774.1632299954,0.0,0.0,0.0,1592723.499284022,2165255.15297828
 10/30  18:00:00,4095643.4108878486,0.0,0.0,0.0,2097733.3893009066,1909451.101656753
 10/30  19:00:00,4413665.499226378,0.0,0.0,0.0,2566884.588902392,1729437.4451104712
 10/30  20:00:00,4510557.41928409,0.0,0.0,0.0,2662507.763343459,1683768.804641709
 10/30  21:00:00,3366120.8184434357,0.0,0.0,0.0,1764546.390857814,1412019.599163789
 10/30  22:00:00,1821276.4670366081,0.0,0.0,0.0,469450.02202161326,1187545.5937160733
 10/30  23:00:00,1369088.36825018,0.0,0.0,0.0,147020.6307031405,1108334.8404939398
 10/30  24:00:00,1331372.3823745893,0.0,0.0,0.0,147020.6307031405,1101308.6839818843
 10/31  01:00:00,1324346.2258625343,0.0,0.0,0.0,147020.6307031405,1094282.527469829
 10/31  02:00:00,1317320.0693504782,0.0,0.0,0.0,147020.6307031405,1087256.3709577732
 10/31  03:00:00,1329552.9917042938,0.0,0.0,0.0,147020.6307031405,1099489.2933115885
 10/31  04:00:00,1399563.150655719,0.0,0.0,0.0,147020.6307031405,1169499.4522630137
 10/31  05:00:00,1739114.9253772986,0.0,0.0,0.0,281789.54218101926,1390529.8722285859
 10/31  06:00:00,2804020.5234358236,80831.2067937129,0.0,0.0,980137.5380209365,1679866.8358138965
 10/31  07:00:00,4211903.319503013,65249.79205619194,0.0,0.0,1101160.618172912,2984113.2505468405
 10/31  08:00:00,2927191.082466929,52275.84848749339,0.0,0.0,147020.6307031405,2668320.2286294336
 10/31  09:00:00,3643715.346894501,4153.774816013965,0.0,0.0,147020.6307031405,3441992.987129524
 10/31  10:00:00,5209166.967796665,0.0,0.0,0.0,684303.3420938856,4485147.375938205
 10/31  11:00:00,4324670.102480745,13415.040849624977,99663.15682595092,0.0,657409.3242823355,3527103.319319715
 10/31  12:00:00,4575572.439485896,83543.12011760323,626387.0131666968,0.0,393250.304888888,3450728.592350213
 10/31  13:00:00,4060242.7699406096,109992.35645823392,829493.5967015508,0.0,268641.35569537256,2832257.3362031654
 10/31  14:00:00,5140463.385087395,157715.11759355385,1188068.4999175067,0.0,514123.9738307992,3260697.668863248
 10/31  15:00:00,10717383.046812475,153603.60708752702,1150724.8417571834,0.0,400720.86539209634,8990670.32361317
 10/31  16:00:00,5444772.887896691,210145.96839947658,1560597.3061949946,0.0,717173.8083080023,2922555.4074702673
 10/31  17:00:00,3646377.278504054,96026.55580785315,706004.6359680472,0.0,869573.2425734528,1907977.3331870073
 10/31  18:00:00,4769854.991726666,81312.62939306456,592898.9514457531,0.0,2097733.3893009066,1909451.101656753
 10/31  19:00:00,5891298.739048375,75108.52813855115,546823.7685115287,0.0,2566884.588902392,2585138.3882823875
 10/31  20:00:00,4552128.063013967,5023.420315689539,36547.22341418658,0.0,2662507.763343459,1683768.804641709
 10/31  21:00:00,3994993.351911739,0.0,0.0,0.0,2303920.8591894577,1501517.6643004487
 10/31  22:00:00,2581895.3472436727,0.0,0.0,0.0,1114607.627078687,1303006.8688660641
 10/31  23:00:00,1459167.0057908075,0.0,0.0,0.0,220829.76847483907,1124604.340262869
 10/31  24:00:00,1329073.1749032973,0.0,0.0,0.0,147020.6307031405,1099261.1221702576
 11/01  01:00:00,1322092.2997436288,0.0,0.0,0.0,147020.6307031405,1092280.2470105889
 11/01  02:00:00,1315111.4245839606,0.0,0.0,0.0,147020.6307031405,1085299.3718509206
 11/01  03:00:00,1327310.8590514471,0.0,0.0,0.0,147020.6307031405,1097498.8063184072
 11/01  04:00:00,1397051.2224003987,0.0,0.0,0.0,147020.6307031405,1167239.1696673587
 11/01  05:00:00,1515115.0680889823,0.0,0.0,0.0,147020.6307031405,1301501.3370574443
 11/01  06:00:00,2365815.0035439963,122666.89903710845,0.0,0.0,579715.4950489686,1600439.1361743
 11/01  07:00:00,2911984.6914613685,113211.96379487634,0.0,0.0,717173.8083080023,2020405.25959726
 11/01  08:00:00,4387502.381449049,43162.144804119955,0.0,0.0,1341712.6663762212,2943233.724029867
 11/01  09:00:00,5966822.269374151,0.0,0.0,0.0,1353665.5631813547,4562761.927565901
 11/01  10:00:00,7691499.264589017,13611.883674534067,98056.04371896395,0.0,1314818.648564671,6225416.791138288
 11/01  11:00:00,11096117.453844577,51007.31613625913,369882.22599383356,0.0,1264018.8371428542,9384211.871735793
 11/01  12:00:00,6913781.00098918,239214.01472045376,1745529.6800449432,0.0,1225171.9225261705,3682267.6214289437
 11/01  13:00:00,6890082.419640461,327905.0094410397,2393542.780348742,0.0,1080243.0487639285,3068593.6323404703
 11/01  14:00:00,6634184.773032472,393520.22411359334,2861934.3475141926,0.0,711197.3599054357,2647734.8927529696
 11/01  15:00:00,7093853.354006833,414422.04426786315,2992720.0298775584,0.0,1181842.6716075623,2483270.8459851802
 11/01  16:00:00,6910015.015173638,331641.40304052545,2366154.628593962,0.0,1993145.5422559902,2184876.984357767
 11/01  17:00:00,6071391.85937258,160055.3920485902,1127504.5856533586,0.0,2560908.140499825,2156330.6408424093
 11/01  18:00:00,7858599.220523275,77365.38723866537,541163.1846812547,0.0,2844789.439621743,4307090.346384546
 11/01  19:00:00,9369096.194747396,0.0,135000.0,0.0,2590790.3825126584,6526317.9332794435
 11/01  20:00:00,4781452.02629089,0.0,180000.0,0.0,2026016.0084701069,2411652.987283373
 11/01  21:00:00,3596176.2387394877,0.0,180000.0,0.0,1547900.1362647717,1679295.6826238583
 11/01  22:00:00,3074747.1903935885,0.0,180000.0,0.0,1374583.132590338,1356381.0272658411
 11/01  23:00:00,2267592.8997227754,0.0,180000.0,0.0,741079.6019182691,1233125.045893992
 11/01  24:00:00,1509073.1749032973,0.0,180000.0,0.0,147020.6307031405,1099261.1221702576
 11/02  01:00:00,1502092.2997436288,0.0,180000.0,0.0,147020.6307031405,1092280.2470105889
 11/02  02:00:00,1495111.4245839606,0.0,180000.0,0.0,147020.6307031405,1085299.3718509206
 11/02  03:00:00,1507310.8590514471,0.0,180000.0,0.0,147020.6307031405,1097498.8063184072
 11/02  04:00:00,1594826.6149410568,0.0,180000.0,0.0,153594.72394596384,1178440.4689651935
 11/02  05:00:00,1914378.1378897629,0.0,180000.0,0.0,289857.7475244843,1377927.2900368813
 11/02  06:00:00,2956410.2289266586,288914.76256821706,180000.0,0.0,579715.4950489686,1844786.498025854
 11/02  07:00:00,4037448.586936497,255936.6397047746,180000.0,0.0,1284936.4065518377,2255381.880918654
 11/02  08:00:00,4766814.238738926,242474.00209399647,180000.0,0.0,1341712.6663762212,2943233.724029867
 11/02  09:00:00,5313659.392482408,83987.11578983991,180000.0,0.0,1353665.5631813547,3645611.934884318
 11/02  10:00:00,5108785.051240331,0.0,0.0,0.0,1314818.648564671,3754370.505183099
 11/02  11:00:00,4955061.041752674,0.0,0.0,0.0,1264018.8371428542,3664045.001773982
 11/02  12:00:00,4929037.306223784,0.0,0.0,0.0,1225171.9225261705,3682267.6214289437
 11/02  13:00:00,3646842.203712903,0.0,0.0,0.0,681315.1178926023,2945729.13707402
 11/02  14:00:00,3378730.201404685,0.0,0.0,0.0,711197.3599054357,2647734.8927529696
 11/02  15:00:00,3686711.279861412,0.0,0.0,0.0,1181842.6716075623,2483270.8459851802
 11/02  16:00:00,6732134.74186465,0.0,0.0,0.0,1993145.5422559902,4704792.742683265
 11/02  17:00:00,11444339.590304347,0.0,0.0,0.0,2560908.140499825,8816838.349476123
 11/02  18:00:00,4608983.370444005,0.0,180000.0,0.0,2507120.104876725,1833672.4029702144
 11/02  19:00:00,4246489.497246515,0.0,180000.0,0.0,2285244.4579314366,1664257.160359786
 11/02  20:00:00,4108947.6719623157,61215.63981669204,180000.0,0.0,2026016.0084701069,1677932.9931381072
 11/02  21:00:00,2974429.235738303,0.0,180000.0,0.0,1198277.9047146204,1407170.9111728251
 11/02  22:00:00,2347563.0269020484,0.0,180000.0,0.0,761997.1713272525,1241782.8250373863
 11/02  23:00:00,1815637.0187078537,0.0,180000.0,0.0,368448.0440182362,1153800.722779103
 11/02  24:00:00,1509073.1749032973,0.0,180000.0,0.0,147020.6307031405,1099261.1221702576
 11/03  01:00:00,1502092.2997436288,0.0,180000.0,0.0,147020.6307031405,1092280.2470105889
 11/03  02:00:00,1493311.6110615714,0.0,180000.0,0.0,147020.6307031405,1085299.3718509206
 11/03  03:00:00,1506409.8086312988,898.7631022406962,180000.0,0.0,147020.6307031405,1097498.8063184072
 11/03  04:00:00,1611649.3383846236,34598.11598422495,180000.0,0.0,147020.6307031405,1167239.1696673587
 11/03  05:00:00,1787592.6101614577,78079.03389336256,180000.0,0.0,147020.6307031405,1301501.3370574443
 11/03  06:00:00,3093260.0793662397,653913.6531578494,180000.0,0.0,579715.4950489686,1600439.1361743
 11/03  07:00:00,3533964.3323738165,542592.9100506003,180000.0,0.0,717173.8083080023,2020405.25959726
 11/03  08:00:00,4534040.581309848,373969.9859511815,180000.0,0.0,1042890.2462478869,2872387.062304772
 11/03  09:00:00,5476293.482197759,128972.44731619963,180000.0,0.0,1353665.5631813547,3759661.0660285307
 11/03  10:00:00,4971510.31130906,0.0,180000.0,0.0,877790.859126982,3870523.9276447403
 11/03  11:00:00,6697730.842101909,0.0,90000.0,0.0,1264018.8371428542,5314914.98860083
 11/03  12:00:00,3770816.539884531,0.0,0.0,0.0,147020.6307031405,3602198.146912722
 11/03  13:00:00,2961588.324888481,1680.2136678899333,11179.721719083682,0.0,147020.6307031405,2781909.8100520866
 11/03  14:00:00,2678125.2314289743,2234.204768437352,14867.281566355534,0.0,147020.6307031405,2494205.1656447602
 11/03  15:00:00,2555281.9938819036,21955.710102714278,146007.93510246032,0.0,147020.6307031405,2218699.955704919
 11/03  16:00:00,2399798.1094157873,2992.9923100684805,154879.26914026335,0.0,377711.5390422145,1830017.8519978477
 11/03  17:00:00,4235007.971431832,0.0,180000.0,0.0,1957286.85184059,2029328.2057404553
 11/03  18:00:00,3391521.6039874284,0.0,180000.0,0.0,1494112.1006416716,1631018.4542710795
 11/03  19:00:00,4602080.24985522,0.0,180000.0,0.0,2590790.3825126584,1723301.0559992143
 11/03  20:00:00,4073497.454592849,40163.93062633884,180000.0,0.0,2026016.0084701069,1677932.9931381072
 11/03  21:00:00,2742672.038849145,0.0,180000.0,0.0,1023466.7889395449,1362823.524715467
 11/03  22:00:00,1607189.4029151464,0.0,180000.0,0.0,147020.6307031405,1127184.6228089312
 11/03  23:00:00,1808437.7646182973,0.0,180000.0,0.0,368448.0440182362,1153800.722779103
 11/03  24:00:00,1509073.1749032973,0.0,180000.0,0.0,147020.6307031405,1099261.1221702576
 11/04  01:00:00,1508727.338777594,6635.039033965313,180000.0,0.0,147020.6307031405,1092280.2470105889
 11/04  02:00:00,1556456.4102811413,63144.79921956996,180000.0,0.0,147020.6307031405,1085299.3718509206
 11/04  03:00:00,1624141.5421684003,118630.49663934202,180000.0,0.0,147020.6307031405,1097498.8063184072
 11/04  04:00:00,1733361.3020698314,156310.07966943271,180000.0,0.0,147020.6307031405,1167239.1696673587
 11/04  05:00:00,1894360.6927372925,184847.11646919753,180000.0,0.0,147020.6307031405,1301501.3370574443
 11/04  06:00:00,2745908.7349804696,813249.8160167208,180000.0,0.0,147020.6307031405,1526446.493275487
 11/04  07:00:00,3689569.2752415547,633018.1941444365,180000.0,0.0,717173.8083080023,2085584.918371162
 11/04  08:00:00,4246839.238380745,456437.72487550834,180000.0,0.0,744067.8261195525,2801540.400579677
 11/04  09:00:00,4924509.387079751,247339.06420805224,180000.0,0.0,901099.0078969923,3542076.909303033
 11/04  10:00:00,3945498.2543900744,97662.58321210832,180000.0,0.0,147020.6307031405,3477619.515937487
 11/04  11:00:00,3729943.559252103,11588.254016180366,180000.0,0.0,147020.6307031405,3362537.658174556
 11/04  12:00:00,3615937.491838549,0.0,90000.0,0.0,147020.6307031405,3357319.0988667393
 11/04  13:00:00,2948728.3895015074,0.0,0.0,0.0,147020.6307031405,2781909.8100520866
 11/04  14:00:00,2661023.745094181,0.0,0.0,0.0,147020.6307031405,2494205.1656447602
 11/04  15:00:00,2522318.348676729,0.0,135000.0,0.0,147020.6307031405,2218699.955704919
 11/04  16:00:00,3612948.879628564,0.0,180000.0,0.0,1300773.9948186395,2097978.427884531
 11/04  17:00:00,3572883.061197729,68498.81352708608,180000.0,0.0,1353665.5631813547,1902325.7706385015
 11/04  18:00:00,3481753.165890185,90231.56190275667,180000.0,0.0,1494112.1006416716,1631018.4542710795
 11/04  19:00:00,4351155.963714688,113665.53408011794,180000.0,0.0,2285244.4579314366,1664257.160359786
 11/04  20:00:00,4958338.326559933,191284.80844815698,180000.0,0.0,2026016.0084701069,2411652.987283373
 11/04  21:00:00,3583577.5440827636,0.0,180000.0,0.0,1547900.1362647717,1679295.6826238583
 11/04  22:00:00,2336764.145767714,0.0,180000.0,0.0,761997.1713272525,1241782.8250373863
 11/04  23:00:00,1898099.8108730551,0.0,180000.0,0.0,442257.18178993475,1169653.6312621625
 11/04  24:00:00,1509882.3200504163,809.1451471190437,180000.0,0.0,147020.6307031405,1099261.1221702576
 11/05  01:00:00,1553535.8606210677,44462.685717770204,180000.0,0.0,147020.6307031405,1099261.1221702576
 11/05  02:00:00,1599584.3109582653,97492.01121463675,180000.0,0.0,147020.6307031405,1092280.2470105889
 11/05  03:00:00,1629890.7678357111,134779.34325175066,180000.0,0.0,147020.6307031405,1085299.3718509206
 11/05  04:00:00,1667279.915112912,159969.056061465,180000.0,0.0,147020.6307031405,1097498.8063184072
 11/05  05:00:00,1760532.0048263432,183480.78242594423,180000.0,0.0,147020.6307031405,1167239.1696673587
 11/05  06:00:00,1901681.6278087134,206566.55971973125,180000.0,0.0,147020.6307031405,1301501.3370574443
 11/05  07:00:00,2774501.327048589,805078.439105018,180000.0,0.0,147020.6307031405,1579408.7839568115
 11/05  08:00:00,3357156.694683059,542392.754003616,180000.0,0.0,574635.5139067869,1998934.7670114264
 11/05  09:00:00,4941414.107430483,180851.05871556306,180000.0,0.0,1341712.6663762212,3179456.5360998567
 11/05  10:00:00,5329951.260681835,2540.0392486449937,180000.0,0.0,1353665.5631813547,3743350.8796249395
 11/05  11:00:00,5288785.051240331,0.0,180000.0,0.0,1314818.648564671,3754370.505183099
 11/05  12:00:00,9178505.874621047,0.0,180000.0,0.0,1264018.8371428542,7707489.834642356
 11/05  13:00:00,12576500.121653719,0.0,180000.0,0.0,1225171.9225261705,11149730.436858878
 11/05  14:00:00,6297816.766657717,19693.63685855095,297979.4855488063,0.0,1213219.0257210373,4747126.669783042
 11/05  15:00:00,4781387.195803691,72185.09997505855,616702.8212187629,0.0,1272983.5097467043,2799717.8161168844
 11/05  16:00:00,4486569.11366215,26330.294766573184,340197.34702585184,0.0,1526982.5668557885,2571461.142745267
 11/05  17:00:00,4392218.98353915,0.0,180000.0,0.0,1993145.5422559902,2184876.984357767
 11/05  18:00:00,4963831.881670632,0.0,180000.0,0.0,2560908.140499825,2156330.6408424093
 11/05  19:00:00,5014204.021422069,0.0,180000.0,0.0,2844789.439621743,1901223.719203259
 11/05  20:00:00,4636155.577191856,25076.259724689597,180000.0,0.0,2590790.3825126584,1723301.0559992143
 11/05  21:00:00,4211390.484125969,163658.45198034594,180000.0,0.0,2026016.0084701069,1677932.9931381072
 11/05  22:00:00,3193587.737970737,0.0,180000.0,0.0,1373089.0204896962,1451518.2976301834
 11/05  23:00:00,1982775.6554757648,0.0,180000.0,0.0,454508.9010151965,1184483.7239231588
 11/05  24:00:00,1546650.8799435804,0.0,180000.0,0.0,147020.6307031405,1106241.9973299257
 11/06  01:00:00,1523425.6210042394,14352.446100942077,180000.0,0.0,147020.6307031405,1099261.1221702576
 11/06  02:00:00,1578183.1865272727,76090.88678364389,180000.0,0.0,147020.6307031405,1092280.2470105889
 11/06  03:00:00,1629780.1808133742,134668.7562294138,180000.0,0.0,147020.6307031405,1085299.3718509206
 11/06  04:00:00,1688398.287566041,181087.42851459392,180000.0,0.0,147020.6307031405,1097498.8063184072
 11/06  05:00:00,1797478.4487356255,220427.2263352266,180000.0,0.0,147020.6307031405,1167239.1696673587
 11/06  06:00:00,1951468.2286107293,256353.16052174714,180000.0,0.0,147020.6307031405,1301501.3370574443
 11/06  07:00:00,2804014.5470818426,887553.949819596,180000.0,0.0,147020.6307031405,1526446.493275487
 11/06  08:00:00,3069115.7329662656,619021.4705386539,180000.0,0.0,289558.9251043559,1919341.6775620258
 11/06  09:00:00,4972963.069981685,212400.02126676522,180000.0,0.0,1341712.6663762212,3179456.5360998567
 11/06  10:00:00,6069827.714295234,8696.498716777747,180000.0,0.0,1353665.5631813547,4477070.873770205
 11/06  11:00:00,4840815.467119046,0.0,90000.0,0.0,877193.2142867254,3834026.35533976
 11/06  12:00:00,4246312.736534918,0.0,0.0,0.0,705220.911502869,3514094.6221962124
 11/06  13:00:00,4780953.054190044,3777.2337730745658,23219.69598376348,0.0,1090701.83346842,3641656.5286961175
 11/06  14:00:00,4466467.651205579,65376.86853091679,406386.961536575,0.0,947267.0718068199,3027638.800584987
 11/06  15:00:00,5032446.241054018,128872.03925988096,811074.9271842687,0.0,1272983.5097467043,2799717.8161168844
 11/06  16:00:00,4788482.038558138,80653.59124167221,587786.9754467396,0.0,1526982.5668557885,2571461.142745267
 11/06  17:00:00,4438891.566295168,6706.448622210236,219966.13413380837,0.0,1993145.5422559902,2184876.984357767
 11/06  18:00:00,4963831.881670632,0.0,180000.0,0.0,2560908.140499825,2156330.6408424093
 11/06  19:00:00,5014204.021422069,0.0,180000.0,0.0,2844789.439621743,1901223.719203259
 11/06  20:00:00,4611079.317467166,0.0,180000.0,0.0,2590790.3825126584,1723301.0559992143
 11/06  21:00:00,5098661.248036722,68599.56443561343,180000.0,0.0,2026016.0084701069,2660262.6445935913
 11/06  22:00:00,3412746.240203171,0.0,180000.0,0.0,1547900.1362647717,1495865.6840875417
 11/06  23:00:00,2710557.4638075614,0.0,180000.0,0.0,1067692.5071185385,1299081.9261516137
 11/06  24:00:00,1546650.8799435804,0.0,180000.0,0.0,147020.6307031405,1106241.9973299257
 11/07  01:00:00,1509073.1749032973,0.0,180000.0,0.0,147020.6307031405,1099261.1221702576
 11/07  02:00:00,1543122.2175394678,41029.9177958392,180000.0,0.0,147020.6307031405,1092280.2470105889
 11/07  03:00:00,1610240.7902754098,115129.36569144914,180000.0,0.0,147020.6307031405,1085299.3718509206
 11/07  04:00:00,1682104.6154970042,174793.75644555723,180000.0,0.0,147020.6307031405,1097498.8063184072
 11/07  05:00:00,1793508.628637998,216457.406237599,180000.0,0.0,147020.6307031405,1167239.1696673587
 11/07  06:00:00,1943051.838403698,247936.77031471598,180000.0,0.0,147020.6307031405,1301501.3370574443
 11/07  07:00:00,2798737.859285689,882277.2620234422,180000.0,0.0,147020.6307031405,1526446.493275487
 11/07  08:00:00,3353708.3000716213,597028.5650165792,180000.0,0.0,432097.2195055714,2083388.8557882411
 11/07  09:00:00,4126942.803328214,341940.7303901436,180000.0,0.0,744067.8261195525,2801540.400579677
 11/07  10:00:00,6088231.278822001,124839.0079841668,180000.0,0.0,1353665.5631813547,4379331.929029584
 11/07  11:00:00,4668230.465734679,7064.739481294121,90000.0,0.0,732114.929314419,3799454.8994464055
 11/07  12:00:00,4423499.812839357,0.0,0.0,0.0,844920.3929128654,3551582.2170906547
 11/07  13:00:00,4929037.306223784,0.0,0.0,0.0,1225171.9225261705,3682267.6214289437
 11/07  14:00:00,4654923.646004817,43342.20958515286,269015.9978563935,0.0,1213219.0257210373,3109548.464095954
 11/07  15:00:00,4661713.290784318,78114.72595211858,491099.29022233054,0.0,1272983.5097467043,2799717.8161168844
 11/07  16:00:00,4317012.0086635165,27024.716941121194,169945.81985267042,0.0,1526982.5668557885,2571461.142745267
 11/07  17:00:00,4302218.98353915,0.0,90000.0,0.0,1993145.5422559902,2184876.984357767
 11/07  18:00:00,3867896.296028848,0.0,180000.0,0.0,1655476.2075109724,1965826.9881894784
 11/07  19:00:00,4127041.4116550833,0.0,180000.0,0.0,1494112.1006416716,2364738.448416345
 11/07  20:00:00,4816414.187892586,3086.031533393296,180000.0,0.0,147020.6307031405,4369319.646700759
 11/07  21:00:00,3852578.7572110984,89557.15380105736,180000.0,0.0,1791440.4086693644,1627798.164203267
 11/07  22:00:00,3412746.240203171,0.0,180000.0,0.0,1547900.1362647717,1495865.6840875417
 11/07  23:00:00,2711155.108647818,0.0,180000.0,0.0,1068290.1519587953,1299081.9261516137
 11/07  24:00:00,1905299.0649626115,0.0,180000.0,0.0,442257.18178993475,1169653.6312621625
 11/08  01:00:00,1509073.1749032973,0.0,180000.0,0.0,147020.6307031405,1099261.1221702576
 11/08  02:00:00,1502092.2997436288,0.0,180000.0,0.0,147020.6307031405,1092280.2470105889
 11/08  03:00:00,1496275.733729015,1164.3091450546171,180000.0,0.0,147020.6307031405,1085299.3718509206
 11/08  04:00:00,1543302.8959419257,35992.03689047868,180000.0,0.0,147020.6307031405,1097498.8063184072
 11/08  05:00:00,1671424.8590656868,76598.24412463026,180000.0,0.0,153594.72394596384,1178440.4689651935
 11/08  06:00:00,1969575.5372086635,108159.69000022518,180000.0,0.0,289857.7475244843,1324964.999355557
 11/08  07:00:00,3089998.1879913313,666850.0834844433,180000.0,0.0,579715.4950489686,1600439.1361743
 11/08  08:00:00,3448734.1725946814,469961.4449281896,180000.0,0.0,717173.8083080023,2020405.25959726
 11/08  09:00:00,4009112.008873062,224109.93593499257,180000.0,0.0,744067.8261195525,2801540.400579677
 11/08  10:00:00,4389742.265476397,36737.978218111326,45000.0,0.0,750044.2745221191,3507565.2341092713
 11/08  11:00:00,4387735.727717069,0.0,0.0,0.0,732114.929314419,3616024.9009100893
 11/08  12:00:00,4955061.041752674,0.0,0.0,0.0,1264018.8371428542,3664045.001773982
 11/08  13:00:00,5341651.118871212,55137.99814883381,357475.81449859415,0.0,1225171.9225261705,3682267.6214289437
 11/08  14:00:00,5540535.556873996,157584.96663019998,1040385.1516805238,0.0,1213219.0257210373,3109548.464095954
 11/08  15:00:00,4259595.98529291,186489.18856144245,1232656.4375596608,0.0,288064.8130037143,2532587.597421813
 11/08  16:00:00,3310264.5436863815,115637.50639207447,754346.3979362536,0.0,147020.6307031405,2271662.2463862435
 11/08  17:00:00,5163701.622946661,132541.78501711122,856121.5687787303,0.0,1762305.2227068518,2378536.589518574
 11/08  18:00:00,4977427.33916062,21049.664515328815,135893.68869692707,0.0,2560908.140499825,2192982.7451201426
 11/08  19:00:00,4834204.021422069,0.0,0.0,0.0,2844789.439621743,1901223.719203259
 11/08  20:00:00,4431079.317467166,0.0,0.0,0.0,2590790.3825126584,1723301.0559992143
 11/08  21:00:00,8096679.648368185,5502.783354187417,180000.0,0.0,2026016.0084701069,5721377.826006482
 11/08  22:00:00,9963059.062951522,0.0,180000.0,0.0,1547900.1362647717,8046178.506835893
 11/08  23:00:00,3074747.1903935885,0.0,180000.0,0.0,1374583.132590338,1356381.0272658411
 11/08  24:00:00,2086445.9823426935,0.0,180000.0,0.0,591668.3918541019,1201389.3385780773
 11/09  01:00:00,1509073.1749032973,0.0,180000.0,0.0,147020.6307031405,1099261.1221702576
 11/09  02:00:00,1502092.2997436288,0.0,180000.0,0.0,147020.6307031405,1092280.2470105889
 11/09  03:00:00,1495111.4245839606,0.0,180000.0,0.0,147020.6307031405,1085299.3718509206
 11/09  04:00:00,1507310.8590514471,0.0,180000.0,0.0,147020.6307031405,1097498.8063184072
 11/09  05:00:00,1585212.654576497,8161.432176098257,180000.0,0.0,147020.6307031405,1167239.1696673587
 11/09  06:00:00,1742691.677491258,47576.60940227579,180000.0,0.0,147020.6307031405,1301501.3370574443
 11/09  07:00:00,2499430.5382638937,582969.9410016472,180000.0,0.0,147020.6307031405,1526446.493275487
 11/09  08:00:00,3376906.9107856085,398134.18311911647,180000.0,0.0,717173.8083080023,2020405.25959726
 11/09  09:00:00,6769863.719764136,137172.5854642066,90000.0,0.0,1042890.2462478868,5440407.041813202
 11/09  10:00:00,5355083.224255536,0.0,0.0,0.0,1353665.5631813547,3951022.8824472846
 11/09  11:00:00,6025935.043921912,0.0,0.0,0.0,1314818.648564671,4671520.49786468
 11/09  12:00:00,5621782.509077437,76095.37760765424,525446.4309432076,0.0,1264018.8371428542,3729224.6605478837
 11/09  13:00:00,5721759.664916201,163110.2875117205,1154855.6165524283,0.0,821761.6553529192,3560434.343230464
 11/09  14:00:00,6551159.546286951,271722.09069621,1936872.01702747,0.0,1213219.0257210373,3109548.464095954
 11/09  15:00:00,10641868.102589397,309862.1907024928,2196061.804408661,0.0,1272983.5097467043,6843162.648985259
 11/09  16:00:00,12446513.706975305,223191.75364000487,1552967.6587172253,0.0,1526982.5668557885,9121773.96549362
 11/09  17:00:00,8683097.082245214,138802.88708084996,947692.3339317075,0.0,1993145.5422559902,5569259.862051271
 11/09  18:00:00,5279062.053542523,63668.9358789149,431561.2359929761,0.0,2560908.140499825,2156330.6408424093
 11/09  19:00:00,5298419.739932559,59742.58964815124,404473.12886233977,0.0,2844789.439621743,1901223.719203259
 11/09  20:00:00,4981968.5133927055,56190.175640320245,380649.88914100686,0.0,2590790.3825126584,1837350.187143427
 11/09  21:00:00,3911429.573261234,3518.8635967585187,23868.491115261,0.0,2026016.0084701069,1694243.1795416984
 11/09  22:00:00,2794429.235738303,0.0,0.0,0.0,1198277.9047146204,1407170.9111728251
 11/09  23:00:00,1620381.9697626228,0.0,0.0,0.0,300764.7658591685,1155834.173366045
 11/09  24:00:00,1366650.8799435804,0.0,0.0,0.0,147020.6307031405,1106241.9973299257
 11/10  01:00:00,1329073.1749032973,0.0,0.0,0.0,147020.6307031405,1099261.1221702576
 11/10  02:00:00,1322092.2997436288,0.0,0.0,0.0,147020.6307031405,1092280.2470105889
 11/10  03:00:00,1313311.6110615714,0.0,0.0,0.0,147020.6307031405,1085299.3718509206
 11/10  04:00:00,1325511.0455290582,0.0,0.0,0.0,147020.6307031405,1097498.8063184072
 11/10  05:00:00,1397051.2224003987,0.0,0.0,0.0,147020.6307031405,1167239.1696673587
 11/10  06:00:00,1529513.576268095,0.0,0.0,0.0,147020.6307031405,1301501.3370574443
 11/10  07:00:00,2460851.8295785375,200515.76107132062,0.0,0.0,581508.4295697386,1599635.843952357
 11/10  08:00:00,7735983.752938734,180260.04123354805,0.0,0.0,1284936.4065518377,6196994.950735394
 11/10  09:00:00,10699906.01745611,169522.59934909176,0.0,0.0,1042890.2462478868,9422699.885053124
 11/10  10:00:00,5073689.128989203,30698.25100332588,0.0,0.0,1202760.2410165458,3786236.231297658
 11/10  11:00:00,4910685.801726988,0.0,0.0,0.0,1023466.788939545,3844023.4882501042
 11/10  12:00:00,4268374.019556028,2540.8996131785666,17720.56988554228,0.0,705220.911502869,3514094.6221962124
 11/10  13:00:00,4766312.567441151,66694.60430631482,470905.38407336007,0.0,687291.566295169,3519823.2504976373
 11/10  14:00:00,4205835.508704316,154441.46648759,1102665.652715218,0.0,147020.6307031405,2781909.8100520866
 11/10  15:00:00,5078034.539094567,230999.13847185925,1647731.813295649,0.0,570153.1776048619,2609352.460975917
 11/10  16:00:00,3595321.1028675586,150047.68624443238,1057955.0679463972,0.0,147020.6307031405,2218699.955704919
 11/10  17:00:00,3011525.3055338403,82459.60899283776,573090.7174313338,0.0,377711.5390422145,1944066.9831420605
 11/10  18:00:00,5740438.319790999,92776.89212907951,642117.1068025009,0.0,2560908.140499825,2376243.266508808
 11/10  19:00:00,4982382.722023265,18971.99442083652,131006.5197027497,0.0,2844789.439621743,1901223.719203259
 11/10  20:00:00,4602080.24985522,0.0,180000.0,0.0,2590790.3825126584,1723301.0559992143
 11/10  21:00:00,4033333.5239665103,0.0,180000.0,0.0,2026016.0084701069,1677932.9931381072
 11/10  22:00:00,2961830.541081579,0.0,180000.0,0.0,1198277.9047146204,1407170.9111728251
 11/10  23:00:00,1789583.0886282881,0.0,180000.0,0.0,300764.7658591685,1155834.173366045
 11/10  24:00:00,1539451.625854024,0.0,180000.0,0.0,147020.6307031405,1106241.9973299257
 11/11  01:00:00,1509073.1749032973,0.0,180000.0,0.0,147020.6307031405,1099261.1221702576
 11/11  02:00:00,1502092.2997436288,0.0,180000.0,0.0,147020.6307031405,1092280.2470105889
 11/11  03:00:00,1493311.6110615714,0.0,180000.0,0.0,147020.6307031405,1085299.3718509206
 11/11  04:00:00,1514849.9103280157,9338.86479895733,180000.0,0.0,147020.6307031405,1097498.8063184072
 11/11  05:00:00,1641362.325133612,64311.102733213316,180000.0,0.0,147020.6307031405,1167239.1696673587
 11/11  06:00:00,1991595.4620620064,115781.10667445496,180000.0,0.0,289857.7475244843,1324964.999355557
 11/11  07:00:00,3131138.548235913,691792.1220275229,180000.0,0.0,579715.4950489686,1600439.1361743
 11/11  08:00:00,3524758.3839088054,533386.9615855892,180000.0,0.0,717173.8083080023,2020405.25959726
 11/11  09:00:00,4071912.327065959,281510.81356072193,180000.0,0.0,744067.8261195525,2801540.400579677
 11/11  10:00:00,4470271.414828317,68667.50052525323,90000.0,0.0,750044.2745221191,3507565.2341092713
 11/11  11:00:00,4391335.354761847,0.0,0.0,0.0,732114.929314419,3616024.9009100893
 11/11  12:00:00,4070673.2388519607,0.0,0.0,0.0,565670.8413029369,3476205.3811907982
 11/11  13:00:00,3525937.491838549,0.0,0.0,0.0,147020.6307031405,3357319.0988667393
 11/11  14:00:00,2948728.3895015074,0.0,0.0,0.0,147020.6307031405,2781909.8100520866
 11/11  15:00:00,2661023.745094181,0.0,0.0,0.0,147020.6307031405,2494205.1656447602
 11/11  16:00:00,2603834.0334708216,0.0,0.0,0.0,319441.1671171894,2262795.1040849625
 11/11  17:00:00,4347218.98353915,0.0,135000.0,0.0,1993145.5422559902,2184876.984357767
 11/11  18:00:00,7371498.3223743085,0.0,180000.0,0.0,2560908.140499825,4562197.268023696
 11/11  19:00:00,11050714.255020957,2935.615132021959,180000.0,0.0,2507120.104876725,8274267.485937532
 11/11  20:00:00,3146746.0237484025,3025.054775783237,180000.0,0.0,1368606.6841877713,1487125.4734415011
 11/11  21:00:00,4100908.3478908176,67574.82392430707,180000.0,0.0,2026016.0084701069,1677932.9931381072
 11/11  22:00:00,3400147.545546447,0.0,180000.0,0.0,1547900.1362647717,1495865.6840875417
 11/11  23:00:00,2336764.145767714,0.0,180000.0,0.0,761997.1713272525,1241782.8250373863
 11/11  24:00:00,1539451.625854024,0.0,180000.0,0.0,147020.6307031405,1106241.9973299257
 11/12  01:00:00,1509073.1749032973,0.0,180000.0,0.0,147020.6307031405,1099261.1221702576
 11/12  02:00:00,1367092.2997436288,0.0,45000.0,0.0,147020.6307031405,1092280.2470105889
 11/12  03:00:00,1315111.4245839606,0.0,0.0,0.0,147020.6307031405,1085299.3718509206
 11/12  04:00:00,1327310.8590514471,0.0,0.0,0.0,147020.6307031405,1097498.8063184072
 11/12  05:00:00,1397051.2224003987,0.0,0.0,0.0,147020.6307031405,1167239.1696673587
 11/12  06:00:00,1515115.0680889823,0.0,0.0,0.0,147020.6307031405,1301501.3370574443
 11/12  07:00:00,2914157.7587324977,351496.59953056043,0.0,0.0,797855.8617426527,1701811.8241756654
 11/12  08:00:00,3609325.530232616,284872.21018092753,0.0,0.0,1142995.7569908788,2120263.9032995794
 11/12  09:00:00,4626497.782976804,168108.41518766148,0.0,0.0,1341712.6663762212,3057282.85517408
 11/12  10:00:00,5256071.817018634,55698.30490411928,0.0,0.0,1353665.5631813547,3796313.1703062644
 11/12  11:00:00,5197269.372046457,88484.32080612572,0.0,0.0,1314818.648564671,3754370.505183099
 11/12  12:00:00,5016206.512833034,61145.47108035946,0.0,0.0,1264018.8371428542,3664045.001773982
 11/12  13:00:00,4973066.732344115,44029.42612033215,0.0,0.0,1225171.9225261705,3682267.6214289437
 11/12  14:00:00,4030699.7912575724,35995.970119484904,0.0,0.0,947267.0718068199,3027638.800584987
 11/12  15:00:00,3596002.582086965,38830.11238098373,0.0,0.0,851643.8973657528,2685730.6235939483
 11/12  16:00:00,4356264.283939715,0.0,0.0,0.0,1526982.5668557885,2807683.9548152573
 11/12  17:00:00,3461341.9680895666,0.0,0.0,0.0,1300624.5836085752,2126520.9275555983
 11/12  18:00:00,4783831.881670632,0.0,0.0,0.0,2560908.140499825,2156330.6408424093
 11/12  19:00:00,4834204.021422069,0.0,0.0,0.0,2844789.439621743,1901223.719203259
 11/12  20:00:00,4431079.317467166,0.0,0.0,0.0,2590790.3825126584,1723301.0559992143
 11/12  21:00:00,3881051.0705467393,13319.038401115477,0.0,0.0,2026016.0084701069,1677932.9931381072
 11/12  22:00:00,3232746.240203171,0.0,0.0,0.0,1547900.1362647717,1495865.6840875417
 11/12  23:00:00,2621155.108647818,0.0,90000.0,0.0,1068290.1519587953,1299081.9261516137
 11/12  24:00:00,1905299.0649626115,0.0,180000.0,0.0,442257.18178993475,1169653.6312621625
 11/13  01:00:00,1509073.1749032973,0.0,180000.0,0.0,147020.6307031405,1099261.1221702576
 11/13  02:00:00,1502092.2997436288,0.0,180000.0,0.0,147020.6307031405,1092280.2470105889
 11/13  03:00:00,1495111.4245839606,0.0,180000.0,0.0,147020.6307031405,1085299.3718509206
 11/13  04:00:00,1507310.8590514471,0.0,180000.0,0.0,147020.6307031405,1097498.8063184072
 11/13  05:00:00,1598926.887216704,21875.664816305332,180000.0,0.0,147020.6307031405,1167239.1696673587
 11/13  06:00:00,1831364.815290768,53099.3576420575,180000.0,0.0,218439.1891138124,1313233.1682065006
 11/13  07:00:00,3005619.173567287,582471.0690603992,180000.0,0.0,579715.4950489686,1600439.1361743
 11/13  08:00:00,3379761.131884055,400988.4042175632,180000.0,0.0,717173.8083080023,2020405.25959726
 11/13  09:00:00,3860350.5805100463,165348.50757197596,90000.0,0.0,744067.8261195525,2801540.400579677
 11/13  10:00:00,4690427.082899696,11588.800924268739,0.0,0.0,1051854.918851737,3576588.5844967943
 11/13  11:00:00,9702248.48478147,0.0,0.0,0.0,1314818.648564671,8347833.938724238
 11/13  12:00:00,6371901.75935181,13412.961641178616,93365.19140828756,0.0,1264018.8371428542,4974107.566323652
 11/13  13:00:00,5790465.851966965,107300.74059943741,754127.805143744,0.0,1225171.9225261705,3682267.6214289437
 11/13  14:00:00,6081467.042664364,215839.33452202321,1523062.2695790695,0.0,1213219.0257210373,3109548.464095954
 11/13  15:00:00,5531850.353582371,246404.9344624908,1728272.9494138989,0.0,851643.8973657528,2685730.6235939483
 11/13  16:00:00,5022023.588867672,168129.9784726781,1167182.3305335816,0.0,1181842.6716075623,2483270.8459851802
 11/13  17:00:00,3681650.6903604516,75460.09342205532,520083.9183587858,0.0,1069784.2640594367,1982125.957594781
 11/13  18:00:00,3322584.4341482534,0.0,0.0,0.0,1353665.5631813547,1902325.7706385015
 11/13  19:00:00,3213321.4175098175,0.0,0.0,0.0,1494112.1006416716,1631018.4542710795
 11/13  20:00:00,4201489.497246515,0.0,135000.0,0.0,2285244.4579314366,1664257.160359786
 11/13  21:00:00,4047732.0321456236,0.0,180000.0,0.0,2026016.0084701069,1677932.9931381072
 11/13  22:00:00,2974429.235738303,0.0,180000.0,0.0,1198277.9047146204,1407170.9111728251
 11/13  23:00:00,1982775.6554757648,0.0,180000.0,0.0,454508.9010151965,1184483.7239231588
 11/13  24:00:00,1546650.8799435804,0.0,180000.0,0.0,147020.6307031405,1106241.9973299257
 11/14  01:00:00,1509073.1749032973,0.0,180000.0,0.0,147020.6307031405,1099261.1221702576
 11/14  02:00:00,1502092.2997436288,0.0,180000.0,0.0,147020.6307031405,1092280.2470105889
 11/14  03:00:00,1495111.4245839606,0.0,180000.0,0.0,147020.6307031405,1085299.3718509206
 11/14  04:00:00,1542459.041098679,35148.182047231836,180000.0,0.0,147020.6307031405,1097498.8063184072
 11/14  05:00:00,1672310.2692152571,86371.3505445293,180000.0,0.0,150307.67732455218,1172839.8193162761
 11/14  06:00:00,1829025.2533487864,133910.18525980425,180000.0,0.0,147020.6307031405,1301501.3370574443
 11/14  07:00:00,2635667.7080135094,719207.1107512624,180000.0,0.0,147020.6307031405,1526446.493275487
 11/14  08:00:00,3331110.933229534,528564.3606426684,180000.0,0.0,574635.5139067869,1986717.3989188485
 11/14  09:00:00,4065572.97176005,280570.89882198,180000.0,0.0,744067.8261195525,2801540.400579677
 11/14  10:00:00,5316419.975544157,86747.69885158926,180000.0,0.0,1353665.5631813547,3645611.934884318
 11/14  11:00:00,5304259.023666345,15473.9724260147,180000.0,0.0,1314818.648564671,3754370.505183099
 11/14  12:00:00,4336312.736534918,0.0,90000.0,0.0,705220.911502869,3514094.6221962124
 11/14  13:00:00,4962432.573206741,0.0,0.0,0.0,687291.566295169,4253543.244642903
 11/14  14:00:00,4358133.819674403,0.0,180000.0,0.0,947267.0718068198,3211068.7991213035
 11/14  15:00:00,4272499.274609869,0.0,180000.0,0.0,1272983.5097467043,2799717.8161168844
 11/14  16:00:00,4414090.603013938,0.0,180000.0,0.0,1526982.5668557885,2685510.27388948
 11/14  17:00:00,4612131.60920555,0.0,180000.0,0.0,1993145.5422559902,2404789.610024165
 11/14  18:00:00,5053653.794574561,89821.91290392785,180000.0,0.0,2560908.140499825,2156330.6408424093
 11/14  19:00:00,5099156.375422204,84952.35400013569,180000.0,0.0,2844789.439621743,1901223.719203259
 11/14  20:00:00,4719686.184299346,108606.86683217977,180000.0,0.0,2590790.3825126584,1723301.0559992143
 11/14  21:00:00,4230526.734357409,182794.70221178627,180000.0,0.0,2026016.0084701069,1677932.9931381072
 11/14  22:00:00,3412746.240203171,0.0,180000.0,0.0,1547900.1362647717,1495865.6840875417
 11/14  23:00:00,2711155.108647818,0.0,180000.0,0.0,1068290.1519587953,1299081.9261516137
 11/14  24:00:00,1546650.8799435804,0.0,180000.0,0.0,147020.6307031405,1106241.9973299257
 11/15  01:00:00,1509073.1749032973,0.0,180000.0,0.0,147020.6307031405,1099261.1221702576
 11/15  02:00:00,1502092.2997436288,0.0,180000.0,0.0,147020.6307031405,1092280.2470105889
 11/15  03:00:00,1525732.5647562663,30621.14017230578,180000.0,0.0,147020.6307031405,1085299.3718509206
 11/15  04:00:00,1584152.010750357,76841.15169891005,180000.0,0.0,147020.6307031405,1097498.8063184072
 11/15  05:00:00,1689599.2430995398,112548.0206991408,180000.0,0.0,147020.6307031405,1167239.1696673587
 11/15  06:00:00,1839499.519233623,144384.45114464097,180000.0,0.0,147020.6307031405,1301501.3370574443
 11/15  07:00:00,2671345.9583140425,754885.3610517954,180000.0,0.0,147020.6307031405,1526446.493275487
 11/15  08:00:00,2901611.2171786767,513693.9786864792,180000.0,0.0,147020.6307031405,1999702.9480278273
 11/15  09:00:00,4404261.019814071,190077.04409773223,180000.0,0.0,893479.0361837198,3081311.0932937786
 11/15  10:00:00,5329563.778618315,59146.57933700089,180000.0,0.0,1353665.5631813547,3686356.857473064
 11/15  11:00:00,5293575.609775416,4790.558535084735,180000.0,0.0,1314818.648564671,3754370.505183099
 11/15  12:00:00,5135061.041752674,0.0,180000.0,0.0,1264018.8371428542,3664045.001773982
 11/15  13:00:00,5109037.306223784,0.0,180000.0,0.0,1225171.9225261705,3682267.6214289437
 11/15  14:00:00,4522565.438563271,0.0,180000.0,0.0,1213219.0257210373,3109548.464095954
 11/15  15:00:00,4325461.565291193,0.0,180000.0,0.0,1272983.5097467043,2852680.106798209
 11/15  16:00:00,3727443.210723735,0.0,180000.0,0.0,1009272.7239834492,2516572.724471616
 11/15  17:00:00,4392218.98353915,0.0,180000.0,0.0,1993145.5422559902,2184876.984357767
 11/15  18:00:00,6616729.388469582,2027.519972103472,180000.0,0.0,2560908.140499825,3807200.627669257
 11/15  19:00:00,5266580.997527728,7497.928059676877,180000.0,0.0,2844789.439621743,2146102.7672492415
 11/15  20:00:00,7266523.149640565,22244.193891067684,180000.0,0.0,2590790.3825126584,4356500.694281546
 11/15  21:00:00,6464586.0645433515,154245.00045226503,180000.0,0.0,2026016.0084701069,3940542.02508357
 11/15  22:00:00,4055032.1645289958,0.0,180000.0,0.0,1547900.1362647717,2138151.6084133675
 11/15  23:00:00,6258108.197579755,0.0,180000.0,0.0,1374583.132590338,4539742.034452006
 11/15  24:00:00,2086445.9823426935,0.0,180000.0,0.0,591668.3918541019,1201389.3385780773
 11/16  01:00:00,1669668.9683817811,1751.5385238127897,180000.0,0.0,256987.28131036749,1148138.7265177015
 11/16  02:00:00,1613749.915058868,51139.89184337948,180000.0,0.0,183775.7883789256,1116042.8128066638
 11/16  03:00:00,1617720.1487550484,110092.24948221784,180000.0,0.0,147020.6307031405,1097815.8465397907
 11/16  04:00:00,1663210.8289104612,156535.07421919756,180000.0,0.0,147020.6307031405,1096863.7019582235
 11/16  05:00:00,1772999.4221629733,195948.1997625748,180000.0,0.0,147020.6307031405,1167239.1696673587
 11/16  06:00:00,1926418.436448281,231303.36835929877,180000.0,0.0,147020.6307031405,1301501.3370574443
 11/16  07:00:00,2799216.2682616925,882755.6709994456,180000.0,0.0,147020.6307031405,1526446.493275487
 11/16  08:00:00,4027131.175714035,567545.4022429413,180000.0,0.0,1001055.10742992,2217337.0062799435
 11/16  09:00:00,4876768.725195629,352428.4885506992,180000.0,0.0,1341712.6663762212,2943233.724029867
 11/16  10:00:00,4674722.5462156115,186718.25895732554,180000.0,0.0,750044.2745221191,3507565.2341092713
 11/16  11:00:00,4635791.718560433,68055.99084336396,180000.0,0.0,732114.929314419,3616024.9009100893
 11/16  12:00:00,4427871.072397403,1558.335862485769,180000.0,0.0,705220.911502869,3514094.6221962124
 11/16  13:00:00,4408712.579061476,0.0,180000.0,0.0,687291.566295169,3519823.2504976373
 11/16  14:00:00,4522565.438563271,0.0,180000.0,0.0,1213219.0257210373,3109548.464095954
 11/16  15:00:00,3915614.7380072773,0.0,180000.0,0.0,992090.43482607,2723726.354434927
 11/16  16:00:00,3000349.718264914,0.0,180000.0,0.0,491861.70353123837,2306890.252465006
 11/16  17:00:00,2140532.237760737,0.0,180000.0,0.0,147020.6307031405,1779315.1501322032
 11/16  18:00:00,2501480.397179819,95588.25337607178,180000.0,0.0,448681.86382269405,1710617.179652656
 11/16  19:00:00,3502304.7725735544,108983.35506373702,180000.0,0.0,1494112.1006416716,1631018.4542710795
 11/16  20:00:00,4763989.250479544,148369.57930841285,180000.0,0.0,1979698.5333502148,2338933.2588656233
 11/16  21:00:00,4194443.901458379,247992.29951202212,180000.0,0.0,1791440.4086693644,1811228.1627395833
 11/16  22:00:00,2536112.2312734355,0.0,180000.0,0.0,848655.6731644694,1318476.1382581086
 11/16  23:00:00,2347563.0269020484,0.0,180000.0,0.0,761997.1713272525,1241782.8250373863
 11/16  24:00:00,1911614.180156662,6315.115194050322,180000.0,0.0,442257.18178993475,1169653.6312621625
 11/17  01:00:00,1743032.834571761,75115.40471379284,180000.0,0.0,256987.28131036749,1148138.7265177015
 11/17  02:00:00,1790083.9410256115,113424.78666590968,180000.0,0.0,183775.7883789256,1230091.9439508766
 11/17  03:00:00,1697803.7488636626,175665.47670963022,180000.0,0.0,147020.6307031405,1114126.032943382
 11/17  04:00:00,2651886.2591909636,229860.32534050723,180000.0,0.0,147020.6307031405,2014013.6946398055
 11/17  05:00:00,1856153.0901164657,279101.86771606695,180000.0,0.0,147020.6307031405,1167239.1696673587
 11/17  06:00:00,2024622.878736861,315109.302468766,180000.0,0.0,147020.6307031405,1301501.3370574443
 11/17  07:00:00,2925868.4735747892,993209.5546110406,180000.0,0.0,147020.6307031405,1526446.493275487
 11/17  08:00:00,3005533.904066272,719067.102061564,180000.0,0.0,147020.6307031405,1885653.8168836143
 11/17  09:00:00,4227487.198489017,437085.6849837791,180000.0,0.0,744067.8261195525,2801540.400579677
 11/17  10:00:00,4740786.669466047,196220.4644816576,180000.0,0.0,750044.2745221191,3560527.5247905958
 11/17  11:00:00,5182234.962709868,6027.584334836696,180000.0,0.0,1023466.7889395449,3929545.064898148
 11/17  12:00:00,4819138.806943918,0.0,180000.0,0.0,984619.8743228615,3625721.91626283
 11/17  13:00:00,4057325.035450012,0.0,180000.0,0.0,417156.09849915473,3438571.174682188
 11/17  14:00:00,3128728.3895015074,0.0,180000.0,0.0,147020.6307031405,2781909.8100520866
 11/17  15:00:00,3379303.5873270594,0.0,180000.0,0.0,570153.1776048619,2609352.460975917
 11/17  16:00:00,2614992.3753460012,47674.02666927222,180000.0,0.0,147020.6307031405,2218699.955704919
 11/17  17:00:00,2269769.4872357254,129237.2494749882,180000.0,0.0,147020.6307031405,1779315.1501322032
 11/17  18:00:00,3703296.465007252,198912.21733660912,180000.0,0.0,1353665.5631813547,1902325.7706385015
 11/17  19:00:00,4462259.830713349,153588.23404433895,180000.0,0.0,1494112.1006416716,2548168.4469526615
 11/17  20:00:00,4390808.468401958,153318.03876738792,180000.0,0.0,2285244.4579314366,1664257.160359786
 11/17  21:00:00,4241441.631346617,208108.10738010614,180000.0,0.0,2026016.0084701069,1677932.9931381072
 11/17  22:00:00,7225794.477058439,0.0,180000.0,0.0,1547900.1362647717,5321512.615599534
 11/17  23:00:00,2928948.309259254,0.0,45000.0,0.0,1374583.132590338,1356381.0272658411
 11/17  24:00:00,2080393.645633219,0.0,0.0,0.0,741079.6019182691,1233125.045893992
 11/18  01:00:00,1527777.9048067003,0.0,0.0,0.0,284628.35517223843,1160358.1276045626
 11/18  02:00:00,1557745.9948225901,0.0,0.0,0.0,183775.7883789256,1291178.784413765
 11/18  03:00:00,1484653.8709539513,0.0,0.0,0.0,147020.6307031405,1256641.6317433007
 11/18  04:00:00,1324875.9411688743,0.0,0.0,0.0,147020.6307031405,1096863.7019582235
 11/18  05:00:00,1397051.2224003987,0.0,0.0,0.0,147020.6307031405,1167239.1696673587
 11/18  06:00:00,1529513.576268095,0.0,0.0,0.0,147020.6307031405,1301501.3370574443
 11/18  07:00:00,2213791.528171237,334460.732396328,0.0,0.0,255194.34678959753,1544944.6540001903
 11/18  08:00:00,2341251.5862700325,234784.78426532375,0.0,0.0,147020.6307031405,1885653.8168836143
 11/18  09:00:00,2946883.2692323616,75222.27459372648,0.0,0.0,147020.6307031405,2659847.077129487
 11/18  10:00:00,3570533.5697090384,0.0,0.0,0.0,147020.6307031405,3369518.5333342245
 11/18  11:00:00,3667835.6711779665,0.0,0.0,0.0,147020.6307031405,3477619.515937487
 11/18  12:00:00,3932760.9481006283,49676.6167944981,344729.0260702078,0.0,147020.6307031405,3362537.658174556
 11/18  13:00:00,4777953.199619363,155348.70392491957,1096667.0038558948,0.0,147020.6307031405,3357319.0988667393
 11/18  14:00:00,4912380.378095571,242967.30005935277,1720684.6885347103,0.0,147020.6307031405,2781909.8100520866
 11/18  15:00:00,4696842.742622404,253888.0853001331,1781930.91222809,0.0,147020.6307031405,2494205.1656447602
 11/18  16:00:00,3797093.995584452,178075.13415665197,1231700.5127510708,0.0,147020.6307031405,2218699.955704919
 11/18  17:00:00,3619041.724127143,125425.02883099524,856248.1059817611,0.0,608402.4473812886,1994769.685007705
 11/18  18:00:00,5342408.134182956,136674.2212284986,930813.3158562272,0.0,1957286.8518405897,2249240.831406854
 11/18  19:00:00,5485889.171058869,83532.70830824628,569952.2548509433,0.0,2844789.439621743,1901223.719203259
 11/18  20:00:00,6754815.66465606,55719.15457287104,381267.2253551392,0.0,2590790.3825126584,3619050.090872044
 11/18  21:00:00,7678980.455478502,0.0,0.0,0.0,2026016.0084701069,5503579.924650099
 11/18  22:00:00,3220147.545546447,0.0,0.0,0.0,1547900.1362647717,1495865.6840875417
 11/18  23:00:00,2883948.309259254,0.0,0.0,0.0,1374583.132590338,1356381.0272658411
 11/18  24:00:00,1359451.625854024,0.0,0.0,0.0,147020.6307031405,1106241.9973299257
 11/19  01:00:00,1329073.1749032973,0.0,0.0,0.0,147020.6307031405,1099261.1221702576
 11/19  02:00:00,1502092.2997436288,0.0,180000.0,0.0,147020.6307031405,1092280.2470105889
 11/19  03:00:00,1495111.4245839606,0.0,180000.0,0.0,147020.6307031405,1085299.3718509206
 11/19  04:00:00,1507310.8590514471,0.0,180000.0,0.0,147020.6307031405,1097498.8063184072
 11/19  05:00:00,1577051.2224003987,0.0,180000.0,0.0,147020.6307031405,1167239.1696673587
 11/19  06:00:00,1778265.4576487103,0.0,180000.0,0.0,218439.1891138124,1313233.1682065006
 11/19  07:00:00,2884785.8947841646,461637.7902772767,180000.0,0.0,579715.4950489686,1600439.1361743
 11/19  08:00:00,3022013.8182925065,330513.7420113662,180000.0,0.0,432097.2195055714,2018209.197014339
 11/19  09:00:00,3970942.347887603,185940.27494953267,180000.0,0.0,744067.8261195525,2801540.400579677
 11/19  10:00:00,4584747.422012269,31563.47598008091,180000.0,0.0,750044.2745221191,3572744.892883173
 11/19  11:00:00,4567735.727717069,0.0,180000.0,0.0,732114.929314419,3616024.9009100893
 11/19  12:00:00,4426312.736534918,0.0,180000.0,0.0,705220.911502869,3514094.6221962124
 11/19  13:00:00,4408712.579061476,0.0,180000.0,0.0,687291.566295169,3519823.2504976373
 11/19  14:00:00,4000773.0124254953,0.0,180000.0,0.0,814291.094849711,2986683.9688295037
 11/19  15:00:00,4272499.274609869,0.0,180000.0,0.0,1272983.5097467043,2799717.8161168844
 11/19  16:00:00,4300041.471869726,0.0,180000.0,0.0,1526982.5668557885,2571461.142745267
 11/19  17:00:00,4457398.642313052,0.0,180000.0,0.0,1993145.5422559902,2250056.6431316687
 11/19  18:00:00,4973902.350131113,10070.468460480233,180000.0,0.0,2560908.140499825,2156330.6408424093
 11/19  19:00:00,8513836.05219388,79205.7502378812,180000.0,0.0,2507120.104876725,5659319.334482206
 11/19  20:00:00,4740273.126875012,129193.80940784556,180000.0,0.0,2590790.3825126584,1723301.0559992143
 11/19  21:00:00,4287166.169526709,239434.13738108566,180000.0,0.0,2026016.0084701069,1677932.9931381072
 11/19  22:00:00,2974429.235738303,0.0,180000.0,0.0,1198277.9047146204,1407170.9111728251
 11/19  23:00:00,1617988.2840494812,0.0,180000.0,0.0,147020.6307031405,1127184.6228089312
 11/19  24:00:00,1562055.2463067453,15404.36636316491,180000.0,0.0,147020.6307031405,1106241.9973299257
 11/20  01:00:00,1603103.652709799,94030.47780650173,180000.0,0.0,147020.6307031405,1099261.1221702576
 11/20  02:00:00,1667925.0487649946,165832.74902136583,180000.0,0.0,147020.6307031405,1092280.2470105889
 11/20  03:00:00,1712638.6277002925,217527.20311633198,180000.0,0.0,147020.6307031405,1085299.3718509206
 11/20  04:00:00,1767890.865857089,260580.00680564204,180000.0,0.0,147020.6307031405,1097498.8063184072
 11/20  05:00:00,1876328.2384529135,299277.01605251455,180000.0,0.0,147020.6307031405,1167239.1696673587
 11/20  06:00:00,2030937.031727158,335821.9636381757,180000.0,0.0,147020.6307031405,1301501.3370574443
 11/20  07:00:00,2934780.432731485,1018319.8354692382,180000.0,0.0,147020.6307031405,1526446.493275487
 11/20  08:00:00,3025790.0078266994,751921.9004787145,180000.0,0.0,147020.6307031405,1885653.8168836143
 11/20  09:00:00,4263514.116393827,478512.0434557572,180000.0,0.0,744067.8261195525,2801540.400579677
 11/20  10:00:00,4741008.575794032,253004.288535746,180000.0,0.0,750044.2745221191,3507565.2341092713
 11/20  11:00:00,5379787.26110221,91002.209861879,180000.0,0.0,1314818.648564671,3754370.505183099
 11/20  12:00:00,5137554.963848512,2493.9220958377064,180000.0,0.0,1264018.8371428542,3664045.001773982
 11/20  13:00:00,5109037.306223784,0.0,180000.0,0.0,1225171.9225261705,3682267.6214289437
 11/20  14:00:00,4522565.438563271,0.0,180000.0,0.0,1213219.0257210373,3109548.464095954
 11/20  15:00:00,4272499.274609869,0.0,180000.0,0.0,1272983.5097467043,2799717.8161168844
 11/20  16:00:00,4300041.471869726,0.0,180000.0,0.0,1526982.5668557885,2571461.142745267
 11/20  17:00:00,4628441.79560914,0.0,180000.0,0.0,1993145.5422559902,2421099.796427756
 11/20  18:00:00,5069069.013281992,7498.186870737203,180000.0,0.0,2560908.140499825,2254069.585583031
 11/20  19:00:00,5039241.18179795,25037.160375881424,180000.0,0.0,2844789.439621743,1901223.719203259
 11/20  20:00:00,4711141.112976404,100061.795509238,180000.0,0.0,2590790.3825126584,1723301.0559992143
 11/20  21:00:00,5194350.01906128,229467.9942340745,180000.0,0.0,2026016.0084701069,2595082.985819689
 11/20  22:00:00,3412746.240203171,0.0,180000.0,0.0,1547900.1362647717,1495865.6840875417
 11/20  23:00:00,3074747.1903935885,0.0,180000.0,0.0,1374583.132590338,1356381.0272658411
 11/20  24:00:00,2177019.4410327347,0.0,180000.0,0.0,666373.9968861855,1217257.1922360347
 11/21  01:00:00,1671943.9112452106,4026.481387242309,180000.0,0.0,256987.28131036749,1148138.7265177015
 11/21  02:00:00,1550696.5077173307,48604.20797370182,180000.0,0.0,147020.6307031405,1092280.2470105889
 11/21  03:00:00,1582329.8782705565,87218.45368659597,180000.0,0.0,147020.6307031405,1085299.3718509206
 11/21  04:00:00,1612572.222676762,105261.36362531505,180000.0,0.0,147020.6307031405,1097498.8063184072
 11/21  05:00:00,1695684.1452448226,118632.92284442404,180000.0,0.0,147020.6307031405,1167239.1696673587
 11/21  06:00:00,1829076.6311848084,133961.5630958262,180000.0,0.0,147020.6307031405,1301501.3370574443
 11/21  07:00:00,2661384.600439069,744924.003176822,180000.0,0.0,147020.6307031405,1526446.493275487
 11/21  08:00:00,3375787.6021877658,573241.0296009007,180000.0,0.0,574635.5139067868,1986717.3989188485
 11/21  09:00:00,3498540.1545349066,452278.6004634389,180000.0,0.0,147020.6307031405,2659847.077129487
 11/21  10:00:00,4838254.30323905,350250.0159807637,180000.0,0.0,750044.2745221191,3507565.2341092713
 11/21  11:00:00,8722889.604389925,291709.0438044824,0.0,0.0,732114.929314419,7659469.733778464
 11/21  12:00:00,11067763.111160208,271137.5518769364,0.0,0.0,705220.911502869,10064407.444944564
 11/21  13:00:00,4324838.742301695,96126.16324021948,0.0,0.0,687291.566295169,3519823.2504976373
 11/21  14:00:00,4180926.183166382,12291.55331570193,0.0,0.0,1080243.0487639285,3068593.6323404703
 11/21  15:00:00,4092499.274609869,0.0,0.0,0.0,1272983.5097467043,2799717.8161168844
 11/21  16:00:00,3686711.2798614115,0.0,0.0,0.0,1181842.6716075623,2483270.8459851798
 11/21  17:00:00,4214648.944230982,2429.960691831885,0.0,0.0,1993145.5422559902,2184876.984357767
 11/21  18:00:00,4847964.919050226,64133.037379593254,0.0,0.0,2560908.140499825,2156330.6408424093
 11/21  19:00:00,4868011.1694270745,33807.148005006406,0.0,0.0,2844789.439621743,1901223.719203259
 11/21  20:00:00,4667302.129537155,0.0,0.0,0.0,2590790.3825126584,1959523.868069204
 11/21  21:00:00,4039270.4283847995,8619.792724652276,0.0,0.0,2026016.0084701069,1840851.596652631
 11/21  22:00:00,3232746.240203171,0.0,0.0,0.0,1547900.1362647717,1495865.6840875417
 11/21  23:00:00,1802775.6554757648,0.0,0.0,0.0,454508.9010151965,1184483.7239231588
 11/21  24:00:00,1366650.8799435804,0.0,0.0,0.0,147020.6307031405,1106241.9973299257
 11/22  01:00:00,1329073.1749032973,0.0,0.0,0.0,147020.6307031405,1099261.1221702576
 11/22  02:00:00,1322092.2997436288,0.0,0.0,0.0,147020.6307031405,1092280.2470105889
 11/22  03:00:00,1315111.4245839606,0.0,0.0,0.0,147020.6307031405,1085299.3718509206
 11/22  04:00:00,1327310.8590514471,0.0,0.0,0.0,147020.6307031405,1097498.8063184072
 11/22  05:00:00,1397051.2224003987,0.0,0.0,0.0,147020.6307031405,1167239.1696673587
 11/22  06:00:00,1515115.0680889823,0.0,0.0,0.0,147020.6307031405,1301501.3370574443
 11/22  07:00:00,2177029.9908857904,313897.5168123832,0.0,0.0,255194.3467895975,1544944.6540001903
 11/22  08:00:00,3781473.0968777873,216613.25392379824,0.0,0.0,1284936.4065518377,2218729.7766409214
 11/22  09:00:00,4532213.590770984,187873.3541260549,0.0,0.0,1341712.6663762212,2943233.724029867
 11/22  10:00:00,5203330.779355673,153658.50266310517,0.0,0.0,1353665.5631813547,3645611.934884318
 11/22  11:00:00,5240235.047512127,131449.99627179743,0.0,0.0,1314818.648564671,3754370.505183099
 11/22  12:00:00,5069074.414247889,114013.37249521563,0.0,0.0,1264018.8371428542,3664045.001773982
 11/22  13:00:00,4351166.719842055,122454.14078057928,0.0,0.0,687291.566295169,3519823.2504976373
 11/22  14:00:00,4122545.6641696515,127841.8430315642,0.0,0.0,947267.0718068198,3027638.800584987
 11/22  15:00:00,3681587.632884293,124415.16317831157,0.0,0.0,851643.8973657528,2685730.6235939483
 11/22  16:00:00,3737921.588002684,132875.40414542882,135000.0,0.0,1009272.7239834494,2439175.6976051363
 11/22  17:00:00,3474550.4177221335,143264.08036862043,180000.0,0.0,1069784.2640594367,2047305.616368683
 11/22  18:00:00,3735273.3072251715,232688.873076918,180000.0,0.0,1353665.5631813547,1902325.7706385015
 11/22  19:00:00,5215008.246212825,200804.22479075688,180000.0,0.0,2844789.439621743,1901223.719203259
 11/22  20:00:00,4837674.160039381,226594.84257221513,180000.0,0.0,2590790.3825126584,1723301.0559992143
 11/22  21:00:00,4377619.525901785,329887.4937561618,180000.0,0.0,2026016.0084701069,1677932.9931381072
 11/22  22:00:00,3412746.240203171,0.0,180000.0,0.0,1547900.1362647717,1495865.6840875417
 11/22  23:00:00,2347563.0269020484,0.0,180000.0,0.0,761997.1713272525,1241782.8250373863
 11/22  24:00:00,1778858.2984740387,52883.3260209426,180000.0,0.0,294638.90624653763,1137947.814296044
 11/23  01:00:00,1639980.4955837675,130907.32068047035,180000.0,0.0,147020.6307031405,1099261.1221702576
 11/23  02:00:00,1680723.654743706,178631.35500007722,180000.0,0.0,147020.6307031405,1092280.2470105889
 11/23  03:00:00,1712856.5909122536,217745.16632829278,180000.0,0.0,147020.6307031405,1085299.3718509206
 11/23  04:00:00,1761792.885754626,254482.02670317894,180000.0,0.0,147020.6307031405,1097498.8063184072
 11/23  05:00:00,1883021.2280973878,288194.61315633095,180000.0,0.0,153594.72394596384,1178440.4689651935
 11/23  06:00:00,2178197.405877342,316781.55866890354,180000.0,0.0,289857.7475244843,1324964.999355557
 11/23  07:00:00,2925379.2297142064,1008918.6324519594,180000.0,0.0,147020.6307031405,1526446.493275487
 11/23  08:00:00,3046646.879264666,772778.7719166806,180000.0,0.0,147020.6307031405,1885653.8168836143
 11/23  09:00:00,4379521.131079291,594519.0581412206,180000.0,0.0,744067.8261195525,2801540.400579677
 11/23  10:00:00,5011554.619850633,458370.6738184446,180000.0,0.0,750044.2745221191,3572744.892883173
 11/23  11:00:00,5625417.230506447,336632.17926611676,180000.0,0.0,1314818.648564671,3754370.505183099
 11/23  12:00:00,5177803.827463931,219929.862015697,180000.0,0.0,1124319.355732858,3626557.406879539
 11/23  13:00:00,5199639.582054546,90602.27583076319,180000.0,0.0,1225171.9225261705,3682267.6214289437
 11/23  14:00:00,4180522.528109502,5818.706971414879,180000.0,0.0,947267.0718068199,3027638.800584987
 11/23  15:00:00,4094057.0063085733,0.0,180000.0,0.0,1132536.972286387,2761722.0852759057
 11/23  16:00:00,4355214.7808116805,55173.30894195448,180000.0,0.0,1526982.5668557885,2571461.142745267
 11/23  17:00:00,4330630.121282444,154759.55520927734,180000.0,0.0,1762305.2227068518,2199368.8864409225
 11/23  18:00:00,3834671.1261115056,332086.69196325174,180000.0,0.0,1353665.5631813547,1902325.7706385015
 11/23  19:00:00,3726307.150325814,332985.73281599634,180000.0,0.0,1494112.1006416716,1631018.4542710795
 11/23  20:00:00,3543019.3554558805,390299.31887131603,180000.0,0.0,1368606.6841877713,1487125.4734415011
 11/23  21:00:00,4913041.850624353,517580.6832683128,180000.0,0.0,1556864.808868622,2494813.3279500087
 11/23  22:00:00,2133362.221029641,36732.393551790345,180000.0,0.0,497838.15193380497,1229811.2556931884
 11/23  23:00:00,1763694.146290933,145705.86224145186,180000.0,0.0,147020.6307031405,1127184.6228089312
 11/23  24:00:00,1797020.6798681084,250369.7999245281,180000.0,0.0,147020.6307031405,1106241.9973299257
 11/24  01:00:00,1823529.9713759483,314456.79647265095,180000.0,0.0,147020.6307031405,1099261.1221702576
 11/24  02:00:00,1866696.8943199287,364604.5945762999,180000.0,0.0,147020.6307031405,1092280.2470105889
 11/24  03:00:00,1897142.3811000835,403830.7700385122,180000.0,0.0,147020.6307031405,1085299.3718509206
 11/24  04:00:00,1940395.0822193348,434884.0366902766,180000.0,0.0,147020.6307031405,1097498.8063184072
 11/24  05:00:00,2036705.3927249731,459654.1703245746,180000.0,0.0,147020.6307031405,1167239.1696673587
 11/24  06:00:00,2188700.9874759014,479187.41120780597,180000.0,0.0,147020.6307031405,1301501.3370574443
 11/24  07:00:00,3133624.637464017,1200965.7185002682,180000.0,0.0,147020.6307031405,1526446.493275487
 11/24  08:00:00,3198930.8374103815,912464.0354056729,180000.0,0.0,147020.6307031405,1885653.8168836143
 11/24  09:00:00,4421221.626680918,630820.1131756806,180000.0,0.0,744067.8261195525,2801540.400579677
 11/24  10:00:00,4889858.217412615,398254.3031095512,180000.0,0.0,750044.2745221191,3507565.2341092713
 11/24  11:00:00,4451720.897251398,242135.38428149142,180000.0,0.0,439567.7800087798,3546822.208423788
 11/24  12:00:00,3847476.4655476883,129121.16031176611,180000.0,0.0,147020.6307031405,3362537.658174556
 11/24  13:00:00,3739559.0373168928,33621.545478344015,180000.0,0.0,147020.6307031405,3357319.0988667393
 11/24  14:00:00,3128728.3895015074,0.0,180000.0,0.0,147020.6307031405,2781909.8100520866
 11/24  15:00:00,2841023.745094181,0.0,180000.0,0.0,147020.6307031405,2494205.1656447602
 11/24  16:00:00,2614166.861731206,46848.51305447717,180000.0,0.0,147020.6307031405,2218699.955704919
 11/24  17:00:00,2616482.06093697,194556.2129715145,180000.0,0.0,377711.5390422145,1830017.8519978477
 11/24  18:00:00,5818175.918538489,300706.0925444807,180000.0,0.0,2259097.4961702074,3009979.4159730147
 11/24  19:00:00,5279852.579407111,267448.3715074313,180000.0,0.0,2844789.439621743,1901223.719203259
 11/24  20:00:00,4901512.6560530355,299432.4061978151,180000.0,0.0,2590790.3825126584,1723301.0559992143
 11/24  21:00:00,4461295.110022878,427961.5860563675,180000.0,0.0,2026016.0084701069,1677932.9931381072
 11/24  22:00:00,3400147.545546447,0.0,180000.0,0.0,1547900.1362647717,1495865.6840875417
 11/24  23:00:00,2570921.7273441544,52361.540703555715,180000.0,0.0,915143.6616430238,1270432.3755945
 11/24  24:00:00,2054555.3869692124,156455.5760961575,180000.0,0.0,442257.18178993475,1169653.6312621625
 11/25  01:00:00,1893010.3543969863,225092.9245390179,180000.0,0.0,256987.28131036749,1148138.7265177015
 11/25  02:00:00,1833955.957112096,271345.93389660725,180000.0,0.0,183775.7883789256,1116042.8128066638
 11/25  03:00:00,1805296.6804118718,311985.06935030024,180000.0,0.0,147020.6307031405,1085299.3718509206
 11/25  04:00:00,1849248.3248452633,343737.27931620507,180000.0,0.0,147020.6307031405,1097498.8063184072
 11/25  05:00:00,1944624.0186208214,367572.7962204227,180000.0,0.0,147020.6307031405,1167239.1696673587
 11/25  06:00:00,2093737.0655450716,384223.48927697656,180000.0,0.0,147020.6307031405,1301501.3370574443
 11/25  07:00:00,3008237.4007210196,1075578.4817572706,180000.0,0.0,147020.6307031405,1526446.493275487
 11/25  08:00:00,3106136.1135027353,819669.3114980266,180000.0,0.0,147020.6307031405,1885653.8168836143
 11/25  09:00:00,4339347.170234618,548945.6567293808,180000.0,0.0,744067.8261195525,2801540.400579677
 11/25  10:00:00,4791936.690221861,300332.77591879625,180000.0,0.0,750044.2745221191,3507565.2341092713
 11/25  11:00:00,4720534.424619116,149199.0698572688,180000.0,0.0,732114.929314419,3616024.9009100893
 11/25  12:00:00,4029044.9007609836,90810.97311436852,45000.0,0.0,426120.77110300475,3438316.140185384
 11/25  13:00:00,3589690.788935588,63753.297097039496,0.0,0.0,147020.6307031405,3357319.0988667393
 11/25  14:00:00,3128743.3731886866,5486.5301343297215,0.0,0.0,280594.25250050594,2822864.64180757
 11/25  15:00:00,3647172.469705981,0.0,90000.0,0.0,851643.8973657528,2685730.6235939483
 11/25  16:00:00,3478985.523129273,45604.43527617496,180000.0,0.0,836702.7763593362,2395080.549225093
 11/25  17:00:00,3925121.309888056,95958.47882867545,180000.0,0.0,1531464.9031577134,2083501.470976274
 11/25  18:00:00,3709294.374117929,204910.12644728622,180000.0,0.0,1353665.5631813547,1902325.7706385015
 11/25  19:00:00,3988033.037857105,191290.78289161372,180000.0,0.0,1831781.4353866894,1698569.7705041242
 11/25  20:00:00,4798059.996676443,195979.74682122248,180000.0,0.0,2590790.3825126584,1723301.0559992143
 11/25  21:00:00,4327398.640968425,294065.1170019151,180000.0,0.0,2026016.0084701069,1677932.9931381072
 11/25  22:00:00,2961830.541081579,0.0,180000.0,0.0,1198277.9047146204,1407170.9111728251
 11/25  23:00:00,2336764.145767714,0.0,180000.0,0.0,761997.1713272525,1241782.8250373863
 11/25  24:00:00,1718775.7183635395,0.0,180000.0,0.0,294638.90624653763,1137947.814296044
 11/26  01:00:00,1546643.7718254696,37570.59692217225,180000.0,0.0,147020.6307031405,1099261.1221702576
 11/26  02:00:00,1586713.7989251264,84621.49918149764,180000.0,0.0,147020.6307031405,1092280.2470105889
 11/26  03:00:00,1617366.3368817428,122254.91229778196,180000.0,0.0,147020.6307031405,1085299.3718509206
 11/26  04:00:00,1661059.488673836,153748.62962238892,180000.0,0.0,147020.6307031405,1097498.8063184072
 11/26  05:00:00,1755937.5723831397,178886.3499827412,180000.0,0.0,147020.6307031405,1167239.1696673587
 11/26  06:00:00,1894761.7631458126,199646.69505683015,180000.0,0.0,147020.6307031405,1301501.3370574443
 11/26  07:00:00,3548862.296801452,806201.1375995146,180000.0,0.0,797855.8617426527,1701811.8241756654
 11/26  08:00:00,4332775.656805068,653095.472624982,180000.0,0.0,1284936.4065518377,2153550.1178670195
 11/26  09:00:00,5047909.211104504,523568.97445957473,180000.0,0.0,1341712.6663762212,2943233.724029867
 11/26  10:00:00,5493913.412504736,449658.1331707391,180000.0,0.0,1202760.2410165458,3611100.2596905567
 11/26  11:00:00,5167162.127024049,419164.0684261648,180000.0,0.0,877790.859126982,3650611.301978342
 11/26  12:00:00,5575099.959257478,325989.7863605906,180000.0,0.0,1264018.8371428542,3778094.1329181944
 11/26  13:00:00,5526502.4296663515,197552.4977761692,180000.0,0.0,1225171.9225261705,3902180.247095342
 11/26  14:00:00,4793602.228388159,271036.7898248873,180000.0,0.0,1213219.0257210373,3109548.464095954
 11/26  15:00:00,4573240.123011757,300740.8484018876,180000.0,0.0,1272983.5097467043,2799717.8161168844
 11/26  16:00:00,3986872.962193625,336826.7783363703,180000.0,0.0,1009272.7239834494,2439175.6976051363
 11/26  17:00:00,4738726.365785283,346507.38224613253,180000.0,0.0,1993145.5422559902,2184876.984357767
 11/26  18:00:00,4661318.47000355,428110.31209410686,180000.0,0.0,1957286.85184059,2029328.2057404553
 11/26  19:00:00,5789840.865966444,394167.747283943,180000.0,0.0,2507120.104876725,2620362.1512087085
 11/26  20:00:00,11080690.807013603,476878.5760896248,180000.0,0.0,2590790.3825126584,7716033.969456026
 11/26  21:00:00,9374825.701100465,632156.9532499585,180000.0,0.0,2026016.0084701069,6372869.708842989
 11/26  22:00:00,2758478.019098225,3207.285592355453,180000.0,0.0,1023466.7889395449,1362823.524715467
 11/26  23:00:00,3130751.927037342,56004.73664375314,180000.0,0.0,1374583.132590338,1356381.0272658411
 11/26  24:00:00,1965131.4950720123,149494.47636415862,180000.0,0.0,368448.0440182362,1153800.722779103
 11/27  01:00:00,1714866.0890853517,205792.91418205423,180000.0,0.0,147020.6307031405,1099261.1221702576
 11/27  02:00:00,1751698.2157569532,249605.91601332452,180000.0,0.0,147020.6307031405,1092280.2470105889
 11/27  03:00:00,1780997.6602893714,285886.2357054109,180000.0,0.0,147020.6307031405,1085299.3718509206
 11/27  04:00:00,1823399.996055401,316089.1370039537,180000.0,0.0,147020.6307031405,1097498.8063184072
 11/27  05:00:00,1918026.1399169688,340974.91751657025,180000.0,0.0,147020.6307031405,1167239.1696673587
 11/27  06:00:00,2139499.3342570625,361233.8766083518,180000.0,0.0,218439.1891138124,1313233.1682065006
 11/27  07:00:00,3485137.5453165504,1061989.4408096622,180000.0,0.0,579715.4950489686,1600439.1361743
 11/27  08:00:00,7932010.425835162,909792.8653002962,180000.0,0.0,717173.8083080023,6063850.092465634
 11/27  09:00:00,12527233.396891657,720264.88574351,180000.0,0.0,1192301.456312054,10375273.208597254
 11/27  10:00:00,7273397.16498623,406146.68260657403,180000.0,0.0,1353665.5631813547,5283190.140571406
 11/27  11:00:00,5496150.285401032,207365.2341607017,180000.0,0.0,1314818.648564671,3754370.505183099
 11/27  12:00:00,5247056.845161727,111995.80340905345,180000.0,0.0,1264018.8371428542,3664045.001773982
 11/27  13:00:00,4447141.607318282,38429.028256805934,180000.0,0.0,687291.566295169,3519823.2504976373
 11/27  14:00:00,4000773.0124254953,0.0,180000.0,0.0,814291.094849711,2986683.9688295037
 11/27  15:00:00,4272499.274609869,0.0,180000.0,0.0,1272983.5097467043,2799717.8161168844
 11/27  16:00:00,4330562.641647611,30521.169777885814,180000.0,0.0,1526982.5668557885,2571461.142745267
 11/27  17:00:00,4553157.517039309,160938.5335001589,180000.0,0.0,1993145.5422559902,2184876.984357767
 11/27  18:00:00,5273533.309652427,309701.42798179446,180000.0,0.0,2560908.140499825,2156330.6408424093
 11/27  19:00:00,5311633.541971146,297429.5205490775,180000.0,0.0,2844789.439621743,1901223.719203259
 11/27  20:00:00,4953335.888139365,342256.5706721985,180000.0,0.0,2590790.3825126584,1723301.0559992143
 11/27  21:00:00,3971089.039731973,492777.86505751446,180000.0,0.0,1556864.808868622,1577663.335268427
 11/27  22:00:00,5851186.806733364,32573.93934890681,180000.0,0.0,1547900.1362647717,3901732.311268828
 11/27  23:00:00,7554608.072951497,222232.1278963345,180000.0,0.0,915143.6616430238,6073449.252874729
 11/27  24:00:00,2140967.21078517,235668.14582255855,180000.0,0.0,442257.18178993475,1169653.6312621625
 11/28  01:00:00,1850896.7847695476,302112.54612758255,180000.0,0.0,174512.29335494724,1111480.5232571184
 11/28  02:00:00,1852935.7872193663,350843.4874757376,180000.0,0.0,147020.6307031405,1092280.2470105889
 11/28  03:00:00,1880251.3676974734,385139.9431135128,180000.0,0.0,147020.6307031405,1085299.3718509206
 11/28  04:00:00,1916004.1676146751,408693.3085632279,180000.0,0.0,147020.6307031405,1097498.8063184072
 11/28  05:00:00,2004524.1005041273,427472.8781037286,180000.0,0.0,147020.6307031405,1167239.1696673587
 11/28  06:00:00,2134694.6298790304,439579.561790048,180000.0,0.0,147020.6307031405,1301501.3370574443
 11/28  07:00:00,3068797.6617254596,1152337.0644632124,180000.0,0.0,147020.6307031405,1526446.493275487
 11/28  08:00:00,3733236.8527523773,930690.2801655114,180000.0,0.0,574635.5139067869,1986717.3989188485
 11/28  09:00:00,4928257.313850611,773586.159059111,180000.0,0.0,1042890.2462478869,2872387.062304772
 11/28  10:00:00,5797497.343920356,567825.0672277872,180000.0,0.0,1353665.5631813547,3645611.934884318
 11/28  11:00:00,9353809.454126082,497186.90388592286,180000.0,0.0,877790.859126982,7759235.793620617
 11/28  12:00:00,12018843.972448837,510657.18425225234,180000.0,0.0,1124319.355732858,10176870.22962789
 11/28  13:00:00,5459775.879217865,350738.5729940815,180000.0,0.0,1225171.9225261705,3682267.6214289437
 11/28  14:00:00,5776027.698046906,336312.26680205116,180000.0,0.0,1213219.0257210373,4026698.4567775363
 11/28  15:00:00,4106953.007505906,369780.53779992467,180000.0,0.0,851643.8973657528,2685730.6235939483
 11/28  16:00:00,4692099.285854412,392057.81398468756,180000.0,0.0,1526982.5668557885,2571461.142745267
 11/28  17:00:00,4794694.3684972115,402475.3849580607,180000.0,0.0,1993145.5422559902,2184876.984357767
 11/28  18:00:00,5432373.104782064,468541.22311143193,180000.0,0.0,2560908.140499825,2156330.6408424093
 11/28  19:00:00,5427744.997766572,413540.97634450305,180000.0,0.0,2844789.439621743,1901223.719203259
 11/28  20:00:00,3962304.589133905,444994.73232868937,180000.0,0.0,1674152.608768993,1546169.3690809293
 11/28  21:00:00,3467876.32824678,558986.0110434875,180000.0,0.0,1087713.6092671368,1477393.6773987464
 11/28  22:00:00,2570186.068173635,34073.83690019961,180000.0,0.0,848655.6731644694,1318476.1382581086
 11/28  23:00:00,3160466.107625607,85718.91723201818,180000.0,0.0,1374583.132590338,1356381.0272658411
 11/28  24:00:00,2431263.4746330786,163670.57491030285,180000.0,0.0,741079.6019182691,1233125.045893992
 11/29  01:00:00,2048179.746824449,220820.41717155237,180000.0,0.0,367551.5767578512,1197016.3308651457
 11/29  02:00:00,1832052.423790134,269442.40057464514,180000.0,0.0,183775.7883789256,1116042.8128066638
 11/29  03:00:00,1819755.5413778373,312127.642105007,180000.0,0.0,147020.6307031405,1097815.8465397907
 11/29  04:00:00,1854798.5763660427,347964.04558473325,180000.0,0.0,147020.6307031405,1097022.4780482694
 11/29  05:00:00,1953738.087965698,376686.8655652993,180000.0,0.0,147020.6307031405,1167239.1696673587
 11/29  06:00:00,2086291.2547207258,391176.18663174345,180000.0,0.0,147020.6307031405,1301501.3370574443
 11/29  07:00:00,3515138.781829943,1091990.677323055,180000.0,0.0,579715.4950489686,1600439.1361743
 11/29  08:00:00,3850003.630084232,871230.9024177401,180000.0,0.0,717173.8083080023,2020405.25959726
 11/29  09:00:00,5213163.067708345,688822.8310634162,180000.0,0.0,1341712.6663762212,2943233.724029867
 11/29  10:00:00,5785135.26615378,555462.9894612116,180000.0,0.0,1353665.5631813547,3645611.934884318
 11/29  11:00:00,5578886.107586216,470363.3872267017,180000.0,0.0,1169142.7187521078,3719784.1041148463
 11/29  12:00:00,5036089.327316258,432589.5144769016,180000.0,0.0,844920.3929128653,3551582.2170906547
 11/29  13:00:00,5455454.799348495,346417.49312471115,180000.0,0.0,1225171.9225261705,3682267.6214289437
 11/29  14:00:00,4795142.286247968,272576.847684696,180000.0,0.0,1213219.0257210373,3109548.464095954
 11/29  15:00:00,4538586.812183122,266087.53757325327,180000.0,0.0,1272983.5097467043,2799717.8161168844
 11/29  16:00:00,4606422.056391095,306380.5845213691,180000.0,0.0,1526982.5668557885,2571461.142745267
 11/29  17:00:00,4742740.085266602,350521.10172745184,180000.0,0.0,1993145.5422559902,2184876.984357767
 11/29  18:00:00,5416536.818990915,452704.9373202826,180000.0,0.0,2560908.140499825,2156330.6408424093
 11/29  19:00:00,5436847.794254955,422643.7728328868,180000.0,0.0,2844789.439621743,1901223.719203259
 11/29  20:00:00,5069422.8741979,458343.556730734,180000.0,0.0,2590790.3825126584,1723301.0559992143
 11/29  21:00:00,4634933.218702613,587201.1865569897,180000.0,0.0,2026016.0084701069,1677932.9931381072
 11/29  22:00:00,3472477.5662649916,59731.32606182044,180000.0,0.0,1547900.1362647717,1495865.6840875417
 11/29  23:00:00,3239653.066503186,164905.8761095974,180000.0,0.0,1374583.132590338,1356381.0272658411
 11/29  24:00:00,2451012.8699267562,273993.4288940215,180000.0,0.0,666373.9968861855,1217257.1922360347
 11/30  01:00:00,1851917.2121385667,342844.03723526944,180000.0,0.0,147020.6307031405,1099261.1221702576
 11/30  02:00:00,1899242.6372048652,397150.3374612365,180000.0,0.0,147020.6307031405,1092280.2470105889
 11/30  03:00:00,1935751.538379922,440640.11379596137,180000.0,0.0,147020.6307031405,1085299.3718509206
 11/30  04:00:00,1982117.76059672,474806.9015452731,180000.0,0.0,147020.6307031405,1097498.8063184072
 11/30  05:00:00,2079139.1208064978,502087.898406099,180000.0,0.0,147020.6307031405,1167239.1696673587
 11/30  06:00:00,2218941.5946015487,523826.5265125669,180000.0,0.0,147020.6307031405,1301501.3370574443
 11/30  07:00:00,3181905.0620615287,1265444.464799282,180000.0,0.0,147020.6307031405,1526446.493275487
 11/30  08:00:00,3316139.289356522,928222.0508643243,180000.0,0.0,147020.6307031405,1999702.9480278273
 11/30  09:00:00,4930088.303268972,531069.7866259178,180000.0,0.0,1042890.2462478869,3116734.424156326
 11/30  10:00:00,5610748.473835156,340331.27455384174,180000.0,0.0,1353665.5631813547,3686356.857473064
 11/30  11:00:00,5331092.586602616,222569.86624310157,180000.0,0.0,1169142.7187521078,3719784.1041148463
 11/30  12:00:00,4557971.750553501,131659.01401858265,180000.0,0.0,705220.911502869,3514094.6221962124
 11/30  13:00:00,5162976.356694254,53939.0504704703,180000.0,0.0,1225171.9225261705,3682267.6214289437
 11/30  14:00:00,4602922.009714789,80356.57115151733,180000.0,0.0,1213219.0257210373,3109548.464095954
 11/30  15:00:00,4428305.255032405,155805.98042253623,180000.0,0.0,1272983.5097467043,2799717.8161168844
 11/30  16:00:00,4519154.355142382,219112.88327265682,180000.0,0.0,1526982.5668557885,2571461.142745267
 11/30  17:00:00,4662849.651312611,270630.66777346097,180000.0,0.0,1993145.5422559902,2184876.984357767
 11/30  18:00:00,4775194.500073206,305763.5300937734,180000.0,0.0,1957286.8518405897,2265551.0178104453
 11/30  19:00:00,5429060.868280794,251938.24334420095,180000.0,0.0,2844789.439621743,2064142.3227177826
 11/30  20:00:00,4959215.462849286,348136.1453821203,180000.0,0.0,2590790.3825126584,1723301.0559992143
 11/30  21:00:00,4525439.003413884,477706.9712682606,180000.0,0.0,2026016.0084701069,1677932.9931381072
 11/30  22:00:00,3415569.878066713,2823.6378635420033,180000.0,0.0,1547900.1362647717,1495865.6840875417
 11/30  23:00:00,2441727.451984854,95359.71476331903,180000.0,0.0,760801.8816467392,1241782.8250373863
 11/30  24:00:00,1751007.7605981606,204356.8806545803,180000.0,0.0,147020.6307031405,1106241.9973299257
 12/01  01:00:00,1784893.408733365,269858.2742796907,180000.0,0.0,147020.6307031405,1083329.909329749
 12/01  02:00:00,1826553.5418937178,317835.15609803563,180000.0,0.0,147020.6307031405,1077013.160671757
 12/01  03:00:00,1853269.521105885,353143.6360208209,180000.0,0.0,147020.6307031405,1070696.4120137647
 12/01  04:00:00,1894353.736977681,377819.67518126924,180000.0,0.0,147020.6307031405,1087104.5887251126
 12/01  05:00:00,1996840.3040072094,393447.53733880416,180000.0,0.0,147020.6307031405,1171687.54154448
 12/01  06:00:00,2301213.0276197973,401234.1499021811,180000.0,0.0,221278.00210503157,1396292.0332444257
 12/01  07:00:00,3757120.296097761,1095527.9872852988,180000.0,0.0,594656.6160553853,1786802.602441544
 12/01  08:00:00,4121047.892672722,830018.8250433449,180000.0,0.0,732114.929314419,2285608.3041573027
 12/01  09:00:00,4652191.432275999,635195.6160658895,180000.0,0.0,614976.540624112,3140092.201691472
 12/01  10:00:00,5492219.034748458,411823.3188146786,180000.0,0.0,785902.9649375193,4046220.189417487
 12/01  11:00:00,4805509.603908257,298549.3208713466,180000.0,0.0,302258.8779598102,3970083.3558140816
 12/01  12:00:00,4395188.747595253,266884.98113825754,180000.0,0.0,147020.6307031405,3764871.102911844
 12/01  13:00:00,4318360.53475247,209251.20455933272,180000.0,0.0,147020.6307031405,3754779.6748584877
 12/01  14:00:00,3587358.525973845,162272.7089135256,180000.0,0.0,147020.6307031405,3073031.9137782953
 12/01  15:00:00,3859286.3590767095,104213.43174544451,180000.0,0.0,597047.195416412,2952992.4593359698
 12/01  16:00:00,3990112.138672909,153254.05345226236,180000.0,0.0,896467.2603850029,2733081.8002041336
 12/01  17:00:00,6131052.519874224,211073.3276526056,180000.0,0.0,1412682.9911567005,4284056.91206503
 12/01  18:00:00,5472988.374143327,327030.4463350213,180000.0,0.0,2442126.2284988123,2437353.1213097144
 12/01  19:00:00,5791589.244323691,275779.9021020677,180000.0,0.0,2967306.6318743597,2259266.6118212277
 12/01  20:00:00,5227406.004970587,285635.91812742944,180000.0,0.0,2578837.485707525,2046387.477978087
 12/01  21:00:00,4681354.570771933,383248.6406437313,180000.0,0.0,1960275.076041873,1968943.4337183898
 12/01  22:00:00,2682715.701443766,0.0,180000.0,0.0,833714.5521580528,1445977.4481283892
 12/01  23:00:00,1645091.5524874234,16035.09334937718,180000.0,0.0,147020.6307031405,1108596.9039617165
 12/01  24:00:00,1646678.3149322544,95741.65513645392,180000.0,0.0,147020.6307031405,1089646.6579877406
 12/02  01:00:00,1673962.37066743,158927.23621375603,180000.0,0.0,147020.6307031405,1083329.909329749
 12/02  02:00:00,1702872.5762338464,194154.19043816428,180000.0,0.0,147020.6307031405,1077013.160671757
 12/02  03:00:00,1721152.5871953596,221026.70211029545,180000.0,0.0,147020.6307031405,1070696.4120137647
 12/02  04:00:00,1757329.8461172637,240795.78432085202,180000.0,0.0,147020.6307031405,1087104.5887251126
 12/02  05:00:00,1858268.8795202244,254876.11285181902,180000.0,0.0,147020.6307031405,1171687.54154448
 12/02  06:00:00,2016638.312485108,256446.82028394952,180000.0,0.0,147020.6307031405,1330762.0191298593
 12/02  07:00:00,2931415.170553185,910891.754025931,180000.0,0.0,147020.6307031405,1593369.6955085807
 12/02  08:00:00,3357948.6190758394,708657.6164183882,180000.0,0.0,293294.2053559601,2082690.9631438358
 12/02  09:00:00,4797959.733493626,555069.751047456,180000.0,0.0,770961.8439311025,3210001.0646205405
 12/02  10:00:00,5463182.81913901,427787.1032052313,135000.0,0.0,785902.9649375193,4046220.189417487
 12/02  11:00:00,5283325.847734188,284062.720868669,0.0,0.0,767973.6197298192,4176671.4578726813
 12/02  12:00:00,4994074.596524276,94597.08799743847,0.0,0.0,741079.6019182691,4121985.8737665564
 12/02  13:00:00,4820749.905597326,12523.266419402127,0.0,0.0,720162.0325092857,4060755.582037129
 12/02  14:00:00,4126262.216392131,6361.679161001859,0.0,0.0,714185.584106719,3380681.680545527
 12/02  15:00:00,3386709.1434010575,35256.54634013983,0.0,0.0,447038.34051198815,2879380.983970046
 12/02  16:00:00,2660103.456446043,78081.47170194608,0.0,0.0,147020.6307031405,2407692.3294094475
 12/02  17:00:00,3561969.112898086,55637.56344241276,0.0,0.0,1159430.9900979372,2303661.2703578467
 12/02  18:00:00,5072189.022967899,106231.09515959412,0.0,0.0,2442126.2284988123,2437353.1213097144
 12/02  19:00:00,5402813.185184578,67003.84296295473,0.0,0.0,2967306.6318743597,2259266.6118212277
 12/02  20:00:00,4032870.242389394,78943.4638167211,0.0,0.0,1970733.860746365,1846647.794668763
 12/02  21:00:00,4264230.315089778,146124.38496157696,0.0,0.0,1960275.076041873,1968943.4337183898
 12/02  22:00:00,3008764.898366491,0.0,0.0,0.0,1177360.3353056374,1608380.86190353
 12/02  23:00:00,1879071.1939583777,0.0,0.0,0.0,454508.9010151965,1231123.3684699922
 12/02  24:00:00,1550936.6597958005,0.0,180000.0,0.0,147020.6307031405,1089646.6579877406
 12/03  01:00:00,1515035.134453674,0.0,180000.0,0.0,147020.6307031405,1083329.909329749
 12/03  02:00:00,1508718.3857956822,0.0,180000.0,0.0,147020.6307031405,1077013.160671757
 12/03  03:00:00,1540147.634964779,37745.99782708894,180000.0,0.0,147020.6307031405,1070696.4120137647
 12/03  04:00:00,1609486.7941088406,90676.9802598027,180000.0,0.0,147020.6307031405,1087104.5887251126
 12/03  05:00:00,1733934.3355060616,130541.56883765622,180000.0,0.0,147020.6307031405,1171687.54154448
 12/03  06:00:00,1911096.362160537,169110.88638038427,180000.0,0.0,147020.6307031405,1330762.0191298593
 12/03  07:00:00,2830473.7090532384,830432.060999616,180000.0,0.0,147020.6307031405,1593369.6955085807
 12/03  08:00:00,3096818.5442291,677370.4942640045,180000.0,0.0,147020.6307031405,2015051.8494726801
 12/03  09:00:00,3861831.227205278,529345.1658612223,180000.0,0.0,147020.6307031405,2930365.612904265
 12/03  10:00:00,4509772.506607155,347842.9668606584,180000.0,0.0,147020.6307031405,3771187.8515698356
 12/03  11:00:00,4487386.334974207,209078.50398541812,180000.0,0.0,147020.6307031405,3901220.655127882
 12/03  12:00:00,5141060.911231209,129038.81353089839,180000.0,0.0,741079.6019182691,4056806.2149926545
 12/03  13:00:00,5073658.330522917,85431.69134499361,180000.0,0.0,720162.0325092857,4060755.582037129
 12/03  14:00:00,4371192.9859861825,6173.8768216152885,180000.0,0.0,714185.584106719,3445800.252478966
 12/03  15:00:00,4875094.082581066,0.0,180000.0,0.0,1350677.3389800712,3319383.471022112
 12/03  16:00:00,4915149.41715522,7512.175962531612,180000.0,0.0,1643523.3107058387,3056804.905855341
 12/03  17:00:00,5103020.156466576,111682.79718466934,180000.0,0.0,2172438.9943329906,2595659.0759490263
 12/03  18:00:00,5859560.445558445,217167.24726634476,180000.0,0.0,2770083.8345896592,2608106.537755288
 12/03  19:00:00,4843227.261783596,251758.01474165494,180000.0,0.0,2262085.720371491,2037871.6760917888
 12/03  20:00:00,3677686.7737076897,340224.5431423725,180000.0,0.0,1362630.2357852047,1646908.1113594386
 12/03  21:00:00,3552091.682865348,498762.1708408103,180000.0,0.0,1051854.9188517367,1614381.1563838576
 12/03  22:00:00,2721372.5620914535,22726.596279307087,180000.0,0.0,833714.5521580528,1445977.4481283892
 12/03  23:00:00,2624212.12185386,121471.68075939626,180000.0,0.0,761997.1713272525,1353649.8329782682
 12/03  24:00:00,2028447.8025097654,229868.2987008519,180000.0,0.0,294638.90624653763,1180568.2182469538
 12/04  01:00:00,1823192.315871684,308157.18141801003,180000.0,0.0,147020.6307031405,1083329.909329749
 12/04  02:00:00,1874964.1394615949,366245.75366591284,180000.0,0.0,147020.6307031405,1077013.160671757
 12/04  03:00:00,1916349.380709799,413947.743572109,180000.0,0.0,147020.6307031405,1070696.4120137647
 12/04  04:00:00,1972743.3788063598,453933.56495732197,180000.0,0.0,147020.6307031405,1087104.5887251126
 12/04  05:00:00,2084230.2793525546,480837.5126841494,180000.0,0.0,147020.6307031405,1171687.54154448
 12/04  06:00:00,2244508.3791602515,502522.9033800985,180000.0,0.0,147020.6307031405,1330762.0191298593
 12/04  07:00:00,3239353.1364585976,1239311.4884049753,180000.0,0.0,147020.6307031405,1593369.6955085807
 12/04  08:00:00,3843819.0999007057,996545.6732876587,180000.0,0.0,439567.7800087797,2150330.0768149914
 12/04  09:00:00,5039146.8614088595,803084.1351205672,180000.0,0.0,770961.8439311025,3210001.0646205405
 12/04  10:00:00,5738055.8413129095,662211.6294843822,180000.0,0.0,785902.9649375193,4046220.189417487
 12/04  11:00:00,5680595.813027708,505884.19026744104,180000.0,0.0,767973.6197298192,4176671.4578726813
 12/04  12:00:00,5425120.036996386,413097.9392960763,180000.0,0.0,741079.6019182691,4056806.2149926545
 12/04  13:00:00,5368558.655406112,380332.01622818736,180000.0,0.0,720162.0325092857,4060755.582037129
 12/04  14:00:00,4731560.593417879,313579.19357198686,180000.0,0.0,714185.584106719,3498762.5431602905
 12/04  15:00:00,4430602.039740936,227903.33816191106,180000.0,0.0,747056.0503208358,3250609.3786793062
 12/04  16:00:00,4182006.8675172683,345148.7822966226,180000.0,0.0,896467.2603850029,2733081.8002041336
 12/04  17:00:00,4038100.8854951183,416948.99481334724,180000.0,0.0,1159430.9900979372,2238481.611583945
 12/04  18:00:00,6065125.009904394,487850.3835457329,180000.0,0.0,2770083.8345896592,2542987.9658218487
 12/04  19:00:00,5932382.536595918,414297.4423216675,180000.0,0.0,2967306.6318743597,2259266.6118212277
 12/04  20:00:00,5365783.215427837,412634.3683215506,180000.0,0.0,2578837.485707525,2046387.477978087
 12/04  21:00:00,4810657.636852607,494345.6903034,180000.0,0.0,1960275.076041873,1968943.4337183898
 12/04  22:00:00,3710744.359657597,0.0,180000.0,0.0,1521006.1184532219,1770784.275678671
 12/04  23:00:00,1708404.340418691,65693.36896489034,180000.0,0.0,147020.6307031405,1108596.9039617165
 12/04  24:00:00,1724549.9445914458,164510.2765851423,180000.0,0.0,147020.6307031405,1089646.6579877406
 12/05  01:00:00,1743843.8099796465,228808.67552597224,180000.0,0.0,147020.6307031405,1083329.909329749
 12/05  02:00:00,1786730.0299504779,278011.6441547957,180000.0,0.0,147020.6307031405,1077013.160671757
 12/05  03:00:00,1814656.9692541002,312255.33211641025,180000.0,0.0,147020.6307031405,1070696.4120137647
 12/05  04:00:00,1902667.9353368296,333590.6595901464,180000.0,0.0,147020.6307031405,1137372.050622758
 12/05  05:00:00,1954945.1826187614,351552.4159503564,180000.0,0.0,147020.6307031405,1171687.54154448
 12/05  06:00:00,2111529.0769967358,369543.60121658305,180000.0,0.0,147020.6307031405,1330762.0191298593
 12/05  07:00:00,3083667.01166516,1083625.363611537,180000.0,0.0,147020.6307031405,1593369.6955085807
 12/05  08:00:00,4126672.979861954,851574.1766009562,180000.0,0.0,732114.929314419,2285608.3041573027
 12/05  09:00:00,5778798.593353779,571896.1816032594,180000.0,0.0,1395500.7019993213,3556301.892014548
 12/05  10:00:00,6326709.114812383,331757.77741639805,180000.0,0.0,1428371.168213438,4322859.111709026
 12/05  11:00:00,6232548.618913038,159228.97509714903,180000.0,0.0,1389524.2535967545,4453728.845061367
 12/05  12:00:00,5939475.974854501,45456.95766316452,180000.0,0.0,1332747.993772371,4347134.742629579
 12/05  13:00:00,5872487.458626996,4545.865624028058,180000.0,0.0,1293901.0791556875,4366731.489215771
 12/05  14:00:00,5175312.902242197,0.0,180000.0,0.0,1281948.1823505543,3688331.447312759
 12/05  15:00:00,4875094.082581066,0.0,180000.0,0.0,1350677.3389800712,3319383.471022112
 12/05  16:00:00,4907637.241192688,0.0,180000.0,0.0,1643523.3107058387,3056804.905855341
 12/05  17:00:00,5043034.970707583,51697.611425676434,180000.0,0.0,2172438.9943329906,2595659.0759490263
 12/05  18:00:00,5770747.94480985,193473.31845119048,180000.0,0.0,2770083.8345896592,2542987.9658218487
 12/05  19:00:00,6511670.066968798,198415.92903961684,180000.0,0.0,2967306.6318743597,3054435.6554761594
 12/05  20:00:00,8825751.079417616,204002.2615850005,180000.0,0.0,2578837.485707525,5714987.448704415
 12/05  21:00:00,6152575.114837882,307374.1304884781,180000.0,0.0,1960275.076041873,3497832.4715185873
 12/05  22:00:00,3710744.359657597,0.0,180000.0,0.0,1521006.1184532219,1770784.275678671
 12/05  23:00:00,3366415.5604762603,0.0,180000.0,0.0,1380559.5809929045,1598762.5426944124
 12/05  24:00:00,2530883.1667266646,14645.090212674477,180000.0,0.0,741079.6019182691,1451786.095280299
 12/06  01:00:00,1592837.2739758177,77802.13952214345,180000.0,0.0,147020.6307031405,1083329.909329749
 12/06  02:00:00,1624194.1734453293,115475.78764964714,180000.0,0.0,147020.6307031405,1077013.160671757
 12/06  03:00:00,1633845.383407597,131443.7462699067,180000.0,0.0,147020.6307031405,1070696.4120137647
 12/06  04:00:00,1667783.955985994,148974.14213695622,180000.0,0.0,147020.6307031405,1087104.5887251126
 12/06  05:00:00,1766371.3286895233,162978.56202111836,180000.0,0.0,147020.6307031405,1171687.54154448
 12/06  06:00:00,1905654.393616536,163668.91783638322,180000.0,0.0,147020.6307031405,1330762.0191298593
 12/06  07:00:00,2851020.264900771,732897.7542323854,180000.0,0.0,147020.6307031405,1711450.558123344
 12/06  08:00:00,3514656.542909048,409464.9839946139,0.0,0.0,585841.3546615994,2441974.6344635594
 12/06  09:00:00,5113952.201033076,262720.4310898526,0.0,0.0,770961.8439311025,4005170.108275472
 12/06  10:00:00,7251332.357374796,154328.16311047084,0.0,0.0,785902.9649375193,6247380.171853283
 12/06  11:00:00,5020513.347725301,25801.724965034868,0.0,0.0,767973.6197298192,4176671.4578726813
 12/06  12:00:00,4832022.09770031,0.0,0.0,0.0,741079.6019182691,4056806.2149926545
 12/06  13:00:00,5083116.286843378,9739.841661853261,61547.366740793965,0.0,720162.0325092857,4264358.021299937
 12/06  14:00:00,5041234.597670711,35767.739123344814,229007.04755793567,0.0,1140007.5327895954,3611419.005620951
 12/06  15:00:00,5244620.846786926,73467.01143246797,476059.75277339155,0.0,1350677.3389800712,3319383.471022112
 12/06  16:00:00,5084874.851904649,47692.517910501,309545.0928014602,0.0,1643523.3107058387,3056804.905855341
 12/06  17:00:00,4896867.720938512,11422.179050146126,74108.18260645885,0.0,2172438.9943329906,2595659.0759490263
 12/06  18:00:00,5397274.626358661,0.0,0.0,0.0,2770083.8345896592,2542987.9658218487
 12/06  19:00:00,5338085.09427425,0.0,0.0,0.0,2967306.6318743597,2259266.6118212277
 12/06  20:00:00,4773148.847106286,0.0,0.0,0.0,2578837.485707525,2046387.477978087
 12/06  21:00:00,4136311.946549207,0.0,0.0,0.0,1960275.076041873,1968943.4337183898
 12/06  22:00:00,3530744.359657597,0.0,0.0,0.0,1521006.1184532219,1770784.275678671
 12/06  23:00:00,1462710.9714538006,0.0,0.0,0.0,147020.6307031405,1108596.9039617165
 12/06  24:00:00,1560039.6680063035,0.0,180000.0,0.0,147020.6307031405,1089646.6579877406
 12/07  01:00:00,1515035.134453674,0.0,180000.0,0.0,147020.6307031405,1083329.909329749
 12/07  02:00:00,1508718.3857956822,0.0,180000.0,0.0,147020.6307031405,1077013.160671757
 12/07  03:00:00,1502401.63713769,0.0,180000.0,0.0,147020.6307031405,1070696.4120137647
 12/07  04:00:00,1520113.8749098391,1304.0610608014497,180000.0,0.0,147020.6307031405,1087104.5887251126
 12/07  05:00:00,1657947.2766942717,54554.510025866555,180000.0,0.0,147020.6307031405,1171687.54154448
 12/07  06:00:00,1865198.6494579394,123213.17367778663,180000.0,0.0,147020.6307031405,1330762.0191298593
 12/07  07:00:00,2745971.5691086026,745929.9210549798,180000.0,0.0,147020.6307031405,1593369.6955085807
 12/07  08:00:00,3625288.2335199006,537760.263366313,180000.0,0.0,439567.7800087797,2390584.620355532
 12/07  09:00:00,7292321.596871671,329111.9836651241,180000.0,0.0,770961.8439311025,5937147.951538794
 12/07  10:00:00,6536727.509214108,174916.17474548976,180000.0,0.0,1428371.168213438,4689719.108781658
 12/07  11:00:00,6178636.882723963,105317.23890807488,180000.0,0.0,1389524.2535967545,4453728.845061367
 12/07  12:00:00,5984381.03699352,90362.01980218323,180000.0,0.0,1332747.993772371,4347134.742629579
 12/07  13:00:00,5948059.06740775,80117.47440478213,180000.0,0.0,1293901.0791556875,4366731.489215771
 12/07  14:00:00,10343433.433151783,36830.83553397874,180000.0,0.0,1281948.1823505543,8819621.142688368
 12/07  15:00:00,11531745.301640173,106338.3963107556,180000.0,0.0,1350677.3389800712,9869696.293770462
 12/07  16:00:00,5649150.824761803,17032.33799766268,180000.0,0.0,1643523.3107058387,3781286.151426792
 12/07  17:00:00,5111359.576980211,95587.48151314861,180000.0,0.0,2172438.9943329906,2620093.8121341816
 12/07  18:00:00,5405475.600683258,261793.42492757906,180000.0,0.0,2442126.2284988123,2437353.1213097144
 12/07  19:00:00,4898529.458568068,241941.6395926872,180000.0,0.0,2262085.720371491,2102990.248025228
 12/07  20:00:00,5236457.221934253,283308.3748279675,180000.0,0.0,2578837.485707525,2046387.477978087
 12/07  21:00:00,4718250.275864064,401938.3293148564,180000.0,0.0,1960275.076041873,1968943.4337183898
 12/07  22:00:00,3204695.1627348717,0.0,180000.0,0.0,1177360.3353056374,1608380.86190353
 12/07  23:00:00,2540912.076784086,38171.63568962157,180000.0,0.0,761997.1713272525,1353649.8329782682
 12/07  24:00:00,1937081.6066839565,138502.10287504276,180000.0,0.0,294638.90624653763,1180568.2182469536
 12/08  01:00:00,1981781.9814886637,195127.78862008426,180000.0,0.0,256987.28131036749,1244982.3171374276
 12/08  02:00:00,1754716.55240773,245998.16661204756,180000.0,0.0,147020.6307031405,1077013.160671757
 12/08  03:00:00,1789623.8587290186,289497.97364395426,180000.0,0.0,147020.6307031405,1070696.4120137647
 12/08  04:00:00,1878773.5900190957,309277.23754135944,180000.0,0.0,147020.6307031405,1140066.879406437
 12/08  05:00:00,2006394.073703942,330029.85293187766,180000.0,0.0,150905.3221648088,1240774.3041864708
 12/08  06:00:00,2402057.2693007146,362291.0060666411,180000.0,0.0,295535.3735069227,1461822.047358992
 12/08  07:00:00,4361421.333218985,1058222.2679806505,180000.0,0.0,1042890.2462478868,1980175.7286749147
 12/08  08:00:00,4586938.613981594,867755.4569343415,180000.0,0.0,1024960.9010401868,2420916.4218494105
 12/08  09:00:00,4992132.679802051,749242.6973558813,180000.0,0.0,770961.8439311025,3210001.0646205405
 12/08  10:00:00,5304692.524656035,681254.1447632718,180000.0,0.0,466461.7978203299,3908704.020493661
 12/08  11:00:00,5568562.0231876,613399.8442649514,180000.0,0.0,612735.3724731496,4107808.7571864817
 12/08  12:00:00,4718549.096949572,590245.3304925757,180000.0,0.0,147020.6307031405,3764871.102911844
 12/08  13:00:00,4689412.256049506,580302.9258563688,180000.0,0.0,147020.6307031405,3754779.6748584877
 12/08  14:00:00,4004498.4102667966,579412.5932064771,180000.0,0.0,147020.6307031405,3073031.9137782953
 12/08  15:00:00,4542343.3051652005,563650.0475635877,180000.0,0.0,747056.0503208358,3026603.9347018944
 12/08  16:00:00,4129731.635372777,561582.575271268,180000.0,0.0,709105.6029645373,2651734.4325054623
 12/08  17:00:00,4174857.747419654,553705.8567378824,180000.0,0.0,1159430.9900979372,2238481.611583945
 12/08  18:00:00,5432723.985256813,608944.3670662038,180000.0,0.0,1458253.4102262715,3099047.6299645593
 12/08  19:00:00,5186574.1038071485,545397.4138588926,180000.0,0.0,1556864.8088686217,2795075.7825535974
 12/08  20:00:00,4265825.273800521,535820.1493630911,180000.0,0.0,1666682.0482657847,1746777.9530141007
 12/08  21:00:00,4894628.18114474,596522.2510165394,180000.0,0.0,1960275.076041873,1968943.4337183898
 12/08  22:00:00,2735854.0602421695,53138.3587984036,180000.0,0.0,833714.5521580528,1445977.4481283892
 12/08  23:00:00,2203286.749070087,144215.55511170928,180000.0,0.0,454508.9010151965,1231123.3684699922
 12/08  24:00:00,1787302.08438587,236365.4245900695,180000.0,0.0,147020.6307031405,1089646.6579877406
 12/09  01:00:00,1816954.3412558017,301919.2068021276,180000.0,0.0,147020.6307031405,1083329.909329749
 12/09  02:00:00,1869314.3352563381,360595.9494606558,180000.0,0.0,147020.6307031405,1077013.160671757
 12/09  03:00:00,1906927.7525438073,406801.8674587429,180000.0,0.0,147020.6307031405,1070696.4120137647
 12/09  04:00:00,1959996.6133065452,443462.5515101334,180000.0,0.0,147020.6307031405,1087104.5887251126
 12/09  05:00:00,2078676.0044837557,475283.2378153504,180000.0,0.0,147020.6307031405,1171687.54154448
 12/09  06:00:00,2404788.303154658,504809.42543704197,180000.0,0.0,221278.00210503157,1396292.0332444257
 12/09  07:00:00,3904533.3632885423,1242941.05447608,180000.0,0.0,594656.6160553853,1786802.602441544
 12/09  08:00:00,4677697.182185981,958514.0251387284,180000.0,0.0,1024960.9010401866,2420916.4218494105
 12/09  09:00:00,4937385.73639277,694495.7539465998,180000.0,0.0,770961.8439311025,3210001.0646205405
 12/09  10:00:00,4643155.861099207,476674.8172474583,180000.0,0.0,147020.6307031405,3771187.8515698356
 12/09  11:00:00,4607935.326926108,325075.99183206825,180000.0,0.0,147020.6307031405,3901220.655127882
 12/09  12:00:00,4357486.619351775,229182.8528947796,180000.0,0.0,147020.6307031405,3764871.102911844
 12/09  13:00:00,4264167.010542842,155057.6803497043,180000.0,0.0,147020.6307031405,3754779.6748584877
 12/09  14:00:00,3624787.336167137,199701.51910681793,180000.0,0.0,147020.6307031405,3073031.9137782953
 12/09  15:00:00,3347925.3883170574,263713.45179683564,180000.0,0.0,147020.6307031405,2732158.0332381977
 12/09  16:00:00,3100926.1358889313,338904.1511448343,180000.0,0.0,147020.6307031405,2407692.3294094475
 12/09  17:00:00,3673900.8251816197,395160.83561471675,180000.0,0.0,906328.400249238,2149172.300317776
 12/09  18:00:00,4348236.070476799,503055.494477439,180000.0,0.0,1458253.4102262715,2120448.587773311
 12/09  19:00:00,4137389.343008588,474811.69525158015,180000.0,0.0,1556864.8088686217,1816476.7403623497
 12/09  20:00:00,3824007.2459263876,497923.77562419896,180000.0,0.0,1362630.2357852047,1646908.1113594386
 12/09  21:00:00,3648273.6529482864,613150.1573447551,180000.0,0.0,1051854.9188517367,1614381.1563838576
 12/09  22:00:00,2749071.5429443503,66355.84150058459,180000.0,0.0,833714.5521580528,1445977.4481283892
 12/09  23:00:00,2637637.7780881417,148551.84930943238,180000.0,0.0,761997.1713272525,1353649.8329782682
 12/09  24:00:00,2025334.7459226719,235858.25032426126,180000.0,0.0,294638.90624653763,1180568.2182469538
 12/10  01:00:00,1818406.374322488,303371.239868814,180000.0,0.0,147020.6307031405,1083329.909329749
 12/10  02:00:00,1854488.9338096464,345770.54801396397,180000.0,0.0,147020.6307031405,1077013.160671757
 12/10  03:00:00,1881601.195548729,379199.5584110388,180000.0,0.0,147020.6307031405,1070696.4120137647
 12/10  04:00:00,1927824.365114154,409014.5512651162,180000.0,0.0,147020.6307031405,1087104.5887251126
 12/10  05:00:00,2033196.5075995126,429803.7409311074,180000.0,0.0,147020.6307031405,1171687.54154448
 12/10  06:00:00,2185509.4402336595,443523.9644535065,180000.0,0.0,147020.6307031405,1330762.0191298593
 12/10  07:00:00,3647261.8452338316,1166418.5279663028,180000.0,0.0,482747.61971732415,1738444.375708303
 12/10  08:00:00,4032108.4059520634,913928.2688631658,180000.0,0.0,585841.3546615994,2274963.212638022
 12/10  09:00:00,4768468.808969465,750175.6991356676,180000.0,0.0,614976.540624112,3148216.7514730357
 12/10  10:00:00,5722500.4702155925,646656.2583870651,180000.0,0.0,785902.9649375193,4046220.189417487
 12/10  11:00:00,5730018.372846594,555306.750086327,180000.0,0.0,767973.6197298192,4176671.4578726813
 12/10  12:00:00,6356809.228526691,462790.21133535466,180000.0,0.0,1332747.993772371,4347134.742629579
 12/10  13:00:00,6252177.679211527,384236.08620855917,180000.0,0.0,1293901.0791556875,4366731.489215771
 12/10  14:00:00,5583369.331112599,289975.56625563896,180000.0,0.0,1281948.1823505543,3806412.309927522
 12/10  15:00:00,5272876.65700643,153435.21257381054,180000.0,0.0,1350677.3389800712,3563730.8328736657
 12/10  16:00:00,5180588.892856055,224082.1792930555,180000.0,0.0,1643523.3107058387,3105674.3782256516
 12/10  17:00:00,5292780.677718015,301443.3184361079,180000.0,0.0,2172438.9943329906,2595659.0759490263
 12/10  18:00:00,5950275.354706987,373000.72834832605,180000.0,0.0,2770083.8345896592,2542987.9658218487
 12/10  19:00:00,5841887.131019448,323802.03674519825,180000.0,0.0,2967306.6318743597,2259266.6118212277
 12/10  20:00:00,5286528.80623509,333379.9591288034,180000.0,0.0,2578837.485707525,2046387.477978087
 12/10  21:00:00,4738783.967703237,422472.02115403034,180000.0,0.0,1960275.076041873,1968943.4337183898
 12/10  22:00:00,2698645.965812146,0.0,180000.0,0.0,833714.5521580528,1445977.4481283892
 12/10  23:00:00,2514585.667915957,11845.226821493019,180000.0,0.0,761997.1713272525,1353649.8329782682
 12/10  24:00:00,3084209.4329541405,68491.0511513688,180000.0,0.0,442257.18178993475,2250088.8206974147
 12/11  01:00:00,1847192.608614982,128443.18035012887,180000.0,0.0,229495.61865856074,1204569.215185508
 12/11  02:00:00,1678420.8076102717,169702.42181458938,180000.0,0.0,147020.6307031405,1077013.160671757
 12/11  03:00:00,1708172.8437106768,205771.20657298644,180000.0,0.0,147020.6307031405,1070696.4120137647
 12/11  04:00:00,1751178.1834240565,232368.36957501876,180000.0,0.0,147020.6307031405,1087104.5887251126
 12/11  05:00:00,1862956.609883131,259563.84321472564,180000.0,0.0,147020.6307031405,1171687.54154448
 12/11  06:00:00,2013290.0687833072,271304.5930031546,180000.0,0.0,147020.6307031405,1330762.0191298593
 12/11  07:00:00,3572398.9827123624,931288.4423735318,180000.0,0.0,594656.6160553853,1786802.602441544
 12/11  08:00:00,3994444.019862457,719345.2166014593,180000.0,0.0,732114.929314419,2285608.3041573027
 12/11  09:00:00,5021708.4649349125,559215.4602644226,180000.0,0.0,927096.5584481573,3280296.628485683
 12/11  10:00:00,6337205.860644667,432254.52324868244,90000.0,0.0,1428371.168213438,4322859.111709026
 12/11  11:00:00,6244658.6754762605,351339.0316603722,0.0,0.0,1389524.2535967545,4453728.845061367
 12/11  12:00:00,6002103.817740502,288084.8005491658,0.0,0.0,1332747.993772371,4347134.742629579
 12/11  13:00:00,5924513.852725886,236572.2597229188,0.0,0.0,1293901.0791556875,4366731.489215771
 12/11  14:00:00,5194232.697204268,198919.79496207077,0.0,0.0,1281948.1823505543,3688331.447312759
 12/11  15:00:00,4871141.649158815,176047.56657774912,0.0,0.0,1350677.3389800712,3319383.471022112
 12/11  16:00:00,4864611.586153542,136974.34496085407,0.0,0.0,1643523.3107058387,3056804.905855341
 12/11  17:00:00,5705195.956169148,98689.55323231024,0.0,0.0,2172438.9943329906,3390828.119603958
 12/11  18:00:00,6640042.646818796,80738.97973256967,0.0,0.0,2770083.8345896592,3705017.0065494133
 12/11  19:00:00,5389432.161176894,51347.06690264337,0.0,0.0,2967306.6318743597,2259266.6118212277
 12/11  20:00:00,4809721.743510785,36572.896404498024,0.0,0.0,2578837.485707525,2046387.477978087
 12/11  21:00:00,4198500.485717799,62188.53916859169,0.0,0.0,1960275.076041873,1968943.4337183898
 12/11  22:00:00,6160213.388675693,0.0,0.0,0.0,1521006.1184532219,4400253.304696766
 12/11  23:00:00,2689600.4381670966,0.0,0.0,0.0,761997.1713272525,1720509.8300509008
 12/11  24:00:00,1499309.5859076087,0.0,0.0,0.0,220829.76847483907,1135107.4381173472
 12/12  01:00:00,1335035.134453674,0.0,0.0,0.0,147020.6307031405,1083329.909329749
 12/12  02:00:00,1328718.3857956822,0.0,0.0,0.0,147020.6307031405,1077013.160671757
 12/12  03:00:00,1457401.63713769,0.0,135000.0,0.0,147020.6307031405,1070696.4120137647
 12/12  04:00:00,1569077.2757466834,0.0,180000.0,0.0,147020.6307031405,1137372.050622758
 12/12  05:00:00,1603392.7666684052,0.0,180000.0,0.0,147020.6307031405,1171687.54154448
 12/12  06:00:00,1778045.3338032078,36059.85802305511,180000.0,0.0,147020.6307031405,1330762.0191298593
 12/12  07:00:00,2628124.708641547,628083.060587924,180000.0,0.0,147020.6307031405,1593369.6955085807
 12/12  08:00:00,3841321.295210057,566222.4919490593,180000.0,0.0,732114.929314419,2285608.3041573027
 12/12  09:00:00,5604853.591537208,463069.75172012823,180000.0,0.0,1395500.7019993213,3491183.320081109
 12/12  10:00:00,6142898.870731882,377724.3147277612,180000.0,0.0,1267754.1173944583,4253699.381136142
 12/12  11:00:00,6046838.555123925,198170.9165719417,180000.0,0.0,1234136.5951300208,4384464.498264195
 12/12  12:00:00,5941054.362125818,47035.34493448082,180000.0,0.0,1332747.993772371,4347134.742629579
 12/12  13:00:00,5933060.164936407,0.0,180000.0,0.0,1293901.0791556875,4431850.06114921
 12/12  14:00:00,4737606.719736663,0.0,180000.0,0.0,998066.8832286367,3534506.563929143
 12/12  15:00:00,3978693.257601613,0.0,180000.0,0.0,747056.0503208358,3026603.9347018944
 12/12  16:00:00,4758023.314814441,0.0,180000.0,0.0,1456759.2981256298,3093954.992057302
 12/12  17:00:00,5012998.265210875,5350.719525377114,180000.0,0.0,2172438.9943329906,2611969.2623526175
 12/12  18:00:00,5725181.307708245,147906.68134958413,180000.0,0.0,2770083.8345896592,2542987.9658218487
 12/12  19:00:00,5681564.967908829,163479.87363458052,180000.0,0.0,2967306.6318743597,2259266.6118212277
 12/12  20:00:00,8143884.413169931,194406.5399729153,180000.0,0.0,2578837.485707525,5042716.504068815
 12/12  21:00:00,4651444.234112402,335132.2875631952,180000.0,0.0,1960275.076041873,1968943.4337183898
 12/12  22:00:00,3710744.359657597,0.0,180000.0,0.0,1521006.1184532219,1770784.275678671
 12/12  23:00:00,2502740.441094464,0.0,180000.0,0.0,761997.1713272525,1353649.8329782682
 12/12  24:00:00,2087327.13332018,50207.79370865626,180000.0,0.0,442257.18178993475,1271489.7785061668
 12/13  01:00:00,1912183.1833478701,125528.99047929027,180000.0,0.0,256987.28131036749,1244982.3171374276
 12/13  02:00:00,1855254.316655057,178302.28005730914,180000.0,0.0,183775.7883789256,1208491.6537980374
 12/13  03:00:00,2623604.3966635806,222639.76203830802,180000.0,0.0,147020.6307031405,1969259.4095013472
 12/13  04:00:00,8613555.17691906,349513.7235163615,180000.0,0.0,147020.6307031405,7832336.228278772
 12/13  05:00:00,4106790.933800846,307078.40850473766,180000.0,0.0,154790.01362647716,3360237.917248846
 12/13  06:00:00,2228828.7486278517,277162.1945730129,180000.0,0.0,258406.68780597713,1429057.040301709
 12/13  07:00:00,3316191.0624408973,930496.3963112319,180000.0,0.0,370838.62337926286,1755204.7209085014
 12/13  08:00:00,4881372.1429348355,749965.1608380871,180000.0,0.0,1317806.8727659544,2556224.5395415183
 12/13  09:00:00,6711160.291007785,590777.4089994574,180000.0,0.0,1395500.7019993213,4469782.362272358
 12/13  10:00:00,5834892.473284945,529271.480064553,180000.0,0.0,946520.015756499,4115379.9199903714
 12/13  11:00:00,5647017.114672026,472305.4919117586,180000.0,0.0,767973.6197298192,4176671.4578726813
 12/13  12:00:00,5425635.040652509,413612.9429521988,180000.0,0.0,741079.6019182691,4056806.2149926545
 12/13  13:00:00,5718925.438872408,290841.3227819615,180000.0,0.0,1007031.5558324866,4213743.535626451
 12/13  14:00:00,5263099.441953711,87786.53971151474,180000.0,0.0,1281948.1823505543,3688331.447312759
 12/13  15:00:00,4876135.052663846,1040.9700827807917,180000.0,0.0,1350677.3389800712,3319383.471022112
 12/13  16:00:00,4936493.149146571,28855.907953882557,180000.0,0.0,1643523.3107058387,3056804.905855341
 12/13  17:00:00,5125879.246383937,69423.31516859049,180000.0,0.0,2172438.9943329906,2660777.6478824657
 12/13  18:00:00,6544432.737636493,171989.06762289995,180000.0,0.0,2770083.8345896592,3338157.00947678
 12/13  19:00:00,5849603.990292139,148088.89748157328,180000.0,0.0,2967306.6318743597,2442696.6103575444
 12/13  20:00:00,5122958.67977138,169809.83266509272,180000.0,0.0,2578837.485707525,2046387.477978087
 12/13  21:00:00,4592695.947796939,276384.00124773174,180000.0,0.0,1960275.076041873,1968943.4337183898
 12/13  22:00:00,3457719.7611962343,0.0,180000.0,0.0,1349183.2268794298,1689582.5687911005
 12/13  23:00:00,2502740.441094464,0.0,180000.0,0.0,761997.1713272525,1353649.8329782682
 12/13  24:00:00,2037119.3396115238,0.0,180000.0,0.0,442257.18178993475,1271489.7785061668
 12/14  01:00:00,1837493.8067295423,50839.61386096262,180000.0,0.0,256987.28131036749,1244982.3171374276
 12/14  02:00:00,1790914.2022861454,113962.16568839754,180000.0,0.0,183775.7883789256,1208491.6537980374
 12/14  03:00:00,1659056.5983770564,156654.96123936638,180000.0,0.0,147020.6307031405,1070696.4120137647
 12/14  04:00:00,1718932.5254140683,200122.71156503033,180000.0,0.0,147020.6307031405,1087104.5887251126
 12/14  05:00:00,1844808.1659532571,241415.39928485177,180000.0,0.0,147020.6307031405,1171687.54154448
 12/14  06:00:00,2019830.210300753,277844.7345206003,180000.0,0.0,147020.6307031405,1330762.0191298593
 12/14  07:00:00,3599804.3195464835,958693.7792076528,180000.0,0.0,594656.6160553853,1786802.602441544
 12/14  08:00:00,4016789.559348858,741690.7560878603,180000.0,0.0,732114.929314419,2285608.3041573027
 12/14  09:00:00,5967141.8065343965,495068.1746815442,180000.0,0.0,1083231.272965212,4133742.541150991
 12/14  10:00:00,12983304.018953633,343655.9657992772,180000.0,0.0,1428371.168213438,10967555.827467393
 12/14  11:00:00,6431826.602978749,140709.0578064782,180000.0,0.0,1389524.2535967545,4671526.74641775
 12/14  12:00:00,5907147.2656160155,13128.248424679368,180000.0,0.0,1332747.993772371,4347134.742629579
 12/14  13:00:00,5428084.116090446,0.0,180000.0,0.0,1007031.5558324866,4213743.53562645
 12/14  14:00:00,4299900.537231129,0.0,180000.0,0.0,714185.584106719,3380681.680545527
 12/14  15:00:00,4426893.670091339,0.0,180000.0,0.0,1048866.6946504535,3172993.7028620034
 12/14  16:00:00,4907637.241192688,0.0,180000.0,0.0,1643523.3107058387,3056804.905855341
 12/14  17:00:00,5109418.22189667,0.0,180000.0,0.0,2172438.9943329906,2713739.93856379
 12/14  18:00:00,5651815.707521779,58230.894759526695,180000.0,0.0,2770083.8345896592,2559298.1522254404
 12/14  19:00:00,5614363.640182114,96278.54590786411,180000.0,0.0,2967306.6318743597,2259266.6118212277
 12/14  20:00:00,5120217.924086329,167069.0769800424,180000.0,0.0,2578837.485707525,2046387.477978087
 12/14  21:00:00,4623992.744016565,307680.7974673587,180000.0,0.0,1960275.076041873,1968943.4337183898
 12/14  22:00:00,2698645.965812146,0.0,180000.0,0.0,833714.5521580528,1445977.4481283892
 12/14  23:00:00,2506836.6700478946,4096.228953430456,180000.0,0.0,761997.1713272525,1353649.8329782682
 12/14  24:00:00,2126406.340837569,89287.00122604544,180000.0,0.0,442257.18178993475,1271489.7785061668
 12/15  01:00:00,1973809.0457370668,187154.85286848727,180000.0,0.0,256987.28131036749,1244982.3171374276
 12/15  02:00:00,1765218.4178876637,256500.03209198161,180000.0,0.0,147020.6307031405,1077013.160671757
 12/15  03:00:00,1809400.54385427,309274.65876920556,180000.0,0.0,147020.6307031405,1070696.4120137647
 12/15  04:00:00,1874005.576524593,357471.51472818095,180000.0,0.0,147020.6307031405,1087104.5887251126
 12/15  05:00:00,2004568.883490692,401176.1168222869,180000.0,0.0,147020.6307031405,1171687.54154448
 12/15  06:00:00,2198246.031875713,438054.539674554,180000.0,0.0,147020.6307031405,1330762.0191298593
 12/15  07:00:00,3199955.749981014,1179432.33345376,180000.0,0.0,147020.6307031405,1593369.6955085807
 12/15  08:00:00,3465931.932576123,896162.5692242922,180000.0,0.0,147020.6307031405,2149442.8984910347
 12/15  09:00:00,4939617.432179188,696727.4497330195,180000.0,0.0,770961.8439311025,3210001.0646205405
 12/15  10:00:00,5160953.822509,537515.4426162358,180000.0,0.0,466461.7978203299,3908704.020493661
 12/15  11:00:00,5367349.246406931,412187.06748428335,180000.0,0.0,612735.3724731496,4107808.7571864817
 12/15  12:00:00,4442659.561362114,314355.7949051169,180000.0,0.0,147020.6307031405,3764871.102911844
 12/15  13:00:00,4341855.045186484,232745.7149933469,180000.0,0.0,147020.6307031405,3754779.6748584877
 12/15  14:00:00,4088001.2278842954,225508.0507385711,180000.0,0.0,430603.1074049297,3226856.797161911
 12/15  15:00:00,3287099.4672717405,202887.53075151853,180000.0,0.0,147020.6307031405,2732158.0332381977
 12/15  16:00:00,3805790.8336848617,237641.77358335257,180000.0,0.0,709105.6029645373,2651734.4325054623
 12/15  17:00:00,2870046.9110096204,276130.72367245285,180000.0,0.0,400123.2205518397,1970553.677785439
 12/15  18:00:00,2496130.8022724185,386269.18758901994,180000.0,0.0,147020.6307031405,1696362.4059804792
 12/15  19:00:00,4499691.564756094,321658.4420390298,180000.0,0.0,1204403.7643272514,2684393.259863776
 12/15  20:00:00,7724532.282937398,355003.97976683604,180000.0,0.0,1362630.2357852047,5690352.944227813
 12/15  21:00:00,10113998.800185483,528562.4818336003,180000.0,0.0,1051854.9188517367,8164693.97913221
 12/15  22:00:00,4349845.377564051,0.0,180000.0,0.0,1521006.1184532219,2425815.557953506
 12/15  23:00:00,2705004.7086241585,0.0,180000.0,0.0,916637.7737436654,1414928.0104073042
 12/15  24:00:00,2028016.3314010208,0.0,180000.0,0.0,442257.18178993475,1271489.7785061668
 12/16  01:00:00,1470035.134453674,0.0,135000.0,0.0,147020.6307031405,1083329.909329749
 12/16  02:00:00,1337025.3628225941,8306.977026911958,0.0,0.0,147020.6307031405,1077013.160671757
 12/16  03:00:00,1340662.921170073,20537.03608500876,0.0,0.0,147020.6307031405,1070696.4120137647
 12/16  04:00:00,1365760.4500879128,29226.388291500985,0.0,0.0,147020.6307031405,1087104.5887251126
 12/16  05:00:00,1461120.1561718094,37727.38950340421,0.0,0.0,147020.6307031405,1171687.54154448
 12/16  06:00:00,1626051.7060859571,45860.21388479848,0.0,0.0,147020.6307031405,1330762.0191298593
 12/16  07:00:00,2466918.925264357,626395.508737103,0.0,0.0,147020.6307031405,1593369.6955085807
 12/16  08:00:00,3388012.8205477046,490896.44124230277,0.0,0.0,585841.3546615994,2217969.190486147
 12/16  09:00:00,3549938.709593326,390625.39209139295,0.0,0.0,147020.6307031405,2930365.612904265
 12/16  10:00:00,4325628.605945787,339147.56209403864,0.0,0.0,147020.6307031405,3771187.8515698356
 12/16  11:00:00,4398622.471620563,295763.13652652345,0.0,0.0,147020.6307031405,3901220.655127882
 12/16  12:00:00,4220402.357147032,272098.59069003613,0.0,0.0,147020.6307031405,3764871.102911844
 12/16  13:00:00,4161617.2596936906,232507.92950055288,0.0,0.0,147020.6307031405,3754779.6748584877
 12/16  14:00:00,3669329.9757495513,205540.47864652952,0.0,0.0,288811.8690540351,3149944.355470103
 12/16  15:00:00,3992334.008349115,128461.0919735999,0.0,0.0,747056.0503208358,3091783.5934757963
 12/16  16:00:00,3788655.08776132,131797.002540674,0.0,0.0,896467.2603850029,2733081.8002041336
 12/16  17:00:00,3589086.336994227,147934.44631245564,0.0,0.0,1159430.9900979372,2238481.611583945
 12/16  18:00:00,3858815.536208713,193634.96020935258,0.0,0.0,1458253.4102262715,2120448.587773311
 12/16  19:00:00,7215027.148266723,53211.84761115174,0.0,0.0,2967306.6318743597,4085272.570255177
 12/16  20:00:00,8291909.444991593,0.0,0.0,0.0,2578837.485707525,5576526.836126522
 12/16  21:00:00,4230489.056747474,112383.12661927292,0.0,0.0,1960275.076041873,1968943.4337183898
 12/16  22:00:00,3514814.0952892164,0.0,0.0,0.0,1521006.1184532219,1770784.275678671
 12/16  23:00:00,2740923.4884696077,0.0,0.0,0.0,1071278.3761600784,1476206.1878363404
 12/16  24:00:00,1848016.3314010208,0.0,0.0,0.0,442257.18178993475,1271489.7785061668
 12/17  01:00:00,1335035.134453674,0.0,0.0,0.0,147020.6307031405,1083329.909329749
 12/17  02:00:00,1328718.3857956822,0.0,0.0,0.0,147020.6307031405,1077013.160671757
 12/17  03:00:00,1322401.63713769,0.0,0.0,0.0,147020.6307031405,1070696.4120137647
 12/17  04:00:00,1338809.8138490377,0.0,0.0,0.0,147020.6307031405,1087104.5887251126
 12/17  05:00:00,1423392.7666684052,0.0,0.0,0.0,147020.6307031405,1171687.54154448
 12/17  06:00:00,1561985.4757801527,0.0,0.0,0.0,147020.6307031405,1330762.0191298593
 12/17  07:00:00,2290613.776130844,470572.12807722157,0.0,0.0,147020.6307031405,1593369.6955085807
 12/17  08:00:00,2619667.60525801,380219.5552929144,0.0,0.0,147020.6307031405,2015051.8494726801
 12/17  09:00:00,3402548.2606743537,184943.62739685905,0.0,0.0,147020.6307031405,2995484.184837704
 12/17  10:00:00,4919327.27148115,23483.059652621618,0.0,0.0,785902.9649375193,4046220.189417487
 12/17  11:00:00,4994711.622760267,0.0,0.0,0.0,767973.6197298192,4176671.4578726813
 12/17  12:00:00,5915172.116602882,8827.393326852176,57934.657066337764,0.0,1332747.993772371,4481525.791647934
 12/17  13:00:00,6126181.640223125,57481.212081280806,380758.83513887704,0.0,1293901.0791556875,4366731.489215771
 12/17  14:00:00,6068280.290311251,139489.46902945338,933477.9190396008,0.0,1281948.1823505543,3688331.447312759
 12/17  15:00:00,7901070.366736887,162510.1326997213,1086268.0670736046,0.0,1350677.3389800712,5276581.555404607
 12/17  16:00:00,5461624.294437656,85470.24527090945,648516.8079740579,0.0,1643523.3107058387,3056804.905855341
 12/17  17:00:00,5025954.72936443,4725.575849981858,209891.79423254088,0.0,2172438.9943329906,2595659.0759490263
 12/17  18:00:00,5577274.626358661,0.0,180000.0,0.0,2770083.8345896592,2542987.9658218487
 12/17  19:00:00,5518085.09427425,0.0,180000.0,0.0,2967306.6318743597,2259266.6118212277
 12/17  20:00:00,4953148.847106286,0.0,180000.0,0.0,2578837.485707525,2046387.477978087
 12/17  21:00:00,4366481.443349486,50169.496800278095,180000.0,0.0,1960275.076041873,1968943.4337183898
 12/17  22:00:00,3710744.359657597,0.0,180000.0,0.0,1521006.1184532219,1770784.275678671
 12/17  23:00:00,2502740.441094464,0.0,180000.0,0.0,761997.1713272525,1353649.8329782682
 12/17  24:00:00,2037119.3396115238,0.0,180000.0,0.0,442257.18178993475,1271489.7785061668
 12/18  01:00:00,1786654.1928685796,0.0,180000.0,0.0,256987.28131036749,1244982.3171374276
 12/18  02:00:00,1682114.6110133464,5162.574415598514,180000.0,0.0,183775.7883789256,1208491.6537980374
 12/18  03:00:00,1561277.9690072283,58876.331869538015,180000.0,0.0,147020.6307031405,1070696.4120137647
 12/18  04:00:00,1636868.8690770534,118059.05522801561,180000.0,0.0,147020.6307031405,1087104.5887251126
 12/18  05:00:00,1762733.72984163,159340.9631732247,180000.0,0.0,147020.6307031405,1171687.54154448
 12/18  06:00:00,1942534.1007292583,200548.62494910543,180000.0,0.0,147020.6307031405,1330762.0191298593
 12/18  07:00:00,3199982.8905223818,879406.7963261552,180000.0,0.0,370838.62337926286,1690086.1489750622
 12/18  08:00:00,4035579.58830538,695362.2131109436,180000.0,0.0,732114.929314419,2350726.8760907417
 12/18  09:00:00,5633766.041059319,602534.2711160947,180000.0,0.0,770961.8439311025,4005170.108275472
 12/18  10:00:00,6507148.318162108,501549.7414697957,180000.0,0.0,1267754.1173944583,4494123.401824332
 12/18  11:00:00,5445947.981546962,487212.75694800034,180000.0,0.0,612735.3724731496,4115933.3069680454
 12/18  12:00:00,5475498.275392194,463476.17769188364,180000.0,0.0,741079.6019182691,4056806.2149926545
 12/18  13:00:00,5445808.868365524,457582.2291876002,180000.0,0.0,720162.0325092857,4060755.582037129
 12/18  14:00:00,4547544.118890237,466347.26170181006,180000.0,0.0,572394.3457558244,3303769.238853719
 12/18  15:00:00,5878195.271987401,444051.0468510327,180000.0,0.0,1199772.0168152624,4029338.9357422236
 12/18  16:00:00,12100321.918405905,547987.9614548483,180000.0,0.0,1643523.3107058387,9701501.621613707
 12/18  17:00:00,5680016.267600852,405762.43502912356,180000.0,0.0,2172438.9943329906,2878575.5492388485
 12/18  18:00:00,6029777.7737156,452503.14735694014,180000.0,0.0,2770083.8345896592,2542987.9658218487
 12/18  19:00:00,5903453.06728821,385367.97301396035,180000.0,0.0,2967306.6318743597,2259266.6118212277
 12/18  20:00:00,5323531.172855835,370382.3257495493,180000.0,0.0,2578837.485707525,2046387.477978087
 12/18  21:00:00,5547301.312305806,435820.322101667,180000.0,0.0,1960275.076041873,2764112.4773733215
 12/18  22:00:00,2882075.964348463,0.0,180000.0,0.0,833714.5521580528,1629407.4466647056
 12/18  23:00:00,2081695.5361826476,8969.829908515097,180000.0,0.0,454508.9010151965,1231123.3684699922
 12/18  24:00:00,1622073.707476799,62034.03947049549,180000.0,0.0,147020.6307031405,1089646.6579877406
 12/19  01:00:00,1620559.7942557926,105524.65980211864,180000.0,0.0,147020.6307031405,1083329.909329749
 12/19  02:00:00,1650187.6164897692,141469.23069408708,180000.0,0.0,147020.6307031405,1077013.160671757
 12/19  03:00:00,1679650.4819049395,177248.84476724954,180000.0,0.0,147020.6307031405,1070696.4120137647
 12/19  04:00:00,1728298.6251008227,209488.8112517848,180000.0,0.0,147020.6307031405,1087104.5887251126
 12/19  05:00:00,1835051.7293458025,231658.96267739712,180000.0,0.0,147020.6307031405,1171687.54154448
 12/19  06:00:00,1998982.7422748527,256997.26649469987,180000.0,0.0,147020.6307031405,1330762.0191298593
 12/19  07:00:00,2956982.7258725297,956941.0778189067,180000.0,0.0,147020.6307031405,1593369.6955085807
 12/19  08:00:00,3224410.894146776,804962.8441816799,180000.0,0.0,147020.6307031405,2015051.8494726801
 12/19  09:00:00,4491009.389356522,706734.9955403476,180000.0,0.0,458991.2373171215,3070183.3387624025
 12/19  10:00:00,5669926.53591609,594082.3240875616,180000.0,0.0,785902.9649375193,4046220.189417487
 12/19  11:00:00,5706758.741922995,532047.1191627275,180000.0,0.0,767973.6197298192,4176671.4578726813
 12/19  12:00:00,5520838.731626101,508816.633925791,180000.0,0.0,741079.6019182691,4056806.2149926545
 12/19  13:00:00,5502671.644168086,449326.43305672356,180000.0,0.0,720162.0325092857,4125874.1539705684
 12/19  14:00:00,5618742.823745561,443429.92150336364,180000.0,0.0,1281948.1823505543,3688331.447312759
 12/19  15:00:00,4664104.875417489,461311.4115710121,180000.0,0.0,897961.3724856446,3099798.8187819486
 12/19  16:00:00,4319748.223004194,482890.1377835482,180000.0,0.0,896467.2603850029,2733081.8002041336
 12/19  17:00:00,4158330.4521519337,537178.5614701626,180000.0,0.0,1159430.9900979372,2238481.611583945
 12/19  18:00:00,5805283.456907347,596482.7092182273,180000.0,0.0,2442126.2284988123,2502471.6932431534
 12/19  19:00:00,6088047.231492551,569962.1372183014,180000.0,0.0,2967306.6318743597,2259266.6118212277
 12/19  20:00:00,5544343.723259587,591194.876153301,180000.0,0.0,2578837.485707525,2046387.477978087
 12/19  21:00:00,5038805.674476782,722493.7279275751,180000.0,0.0,1960275.076041873,1968943.4337183898
 12/19  22:00:00,3847854.8061933788,137110.446535782,180000.0,0.0,1521006.1184532219,1770784.275678671
 12/19  23:00:00,2992069.4189846185,273410.1980447055,180000.0,0.0,916637.7737436654,1414928.0104073042
 12/19  24:00:00,2407783.3614419606,370664.0218304367,180000.0,0.0,442257.18178993475,1271489.7785061668
 12/20  01:00:00,1965844.6490347302,450809.5145810561,180000.0,0.0,147020.6307031405,1083329.909329749
 12/20  02:00:00,2017082.308933394,508363.92313771165,180000.0,0.0,147020.6307031405,1077013.160671757
 12/20  03:00:00,2050589.3760915888,548187.7389538987,180000.0,0.0,147020.6307031405,1070696.4120137647
 12/20  04:00:00,2099126.66806338,580316.854214342,180000.0,0.0,147020.6307031405,1087104.5887251126
 12/20  05:00:00,2201639.6074094386,598246.8407410334,180000.0,0.0,147020.6307031405,1171687.54154448
 12/20  06:00:00,2358993.9441742953,617008.4683941426,180000.0,0.0,147020.6307031405,1330762.0191298593
 12/20  07:00:00,3393133.5378587963,1393091.8898051737,180000.0,0.0,147020.6307031405,1593369.6955085807
 12/20  08:00:00,3542461.979871759,1123013.9299066635,180000.0,0.0,147020.6307031405,2015051.8494726801
 12/20  09:00:00,5083632.16834133,847569.4420530378,180000.0,0.0,770961.8439311025,3210001.0646205405
 12/20  10:00:00,5669252.832508577,593408.6206800493,180000.0,0.0,785902.9649375193,4046220.189417487
 12/20  11:00:00,4934423.24015243,432014.4612207718,180000.0,0.0,302258.8779598102,3970083.3558140816
 12/20  12:00:00,4878924.149728885,309899.093676544,180000.0,0.0,444050.11631070473,3910838.658952249
 12/20  13:00:00,6826467.885819484,175375.94401635008,180000.0,0.0,1293901.0791556875,5149881.838015936
 12/20  14:00:00,12048645.836452737,228636.21845217078,180000.0,0.0,1281948.1823505543,10333028.16307113
 12/20  15:00:00,8867465.24535251,171901.20890346717,180000.0,0.0,1350677.3389800712,7139853.424890087
 12/20  16:00:00,5074484.862430628,166847.62123794015,180000.0,0.0,1643523.3107058387,3056804.905855341
 12/20  17:00:00,7907314.503782078,286508.11548207595,180000.0,0.0,2172438.9943329906,5225128.104967122
 12/20  18:00:00,8414244.576248948,387261.3969847332,180000.0,0.0,2770083.8345896592,4992696.518727401
 12/20  19:00:00,6685126.540135166,371872.4022059845,180000.0,0.0,2967306.6318743597,3054435.6554761594
 12/20  20:00:00,7329441.385209553,408298.47588194825,180000.0,0.0,1666682.048265785,4926536.977641145
 12/20  21:00:00,4561424.866706638,560858.5287885984,180000.0,0.0,1733170.036744339,1880302.8643847567
 12/20  22:00:00,1742123.4425548578,54918.445048313355,180000.0,0.0,147020.6307031405,1121230.4012777002
 12/20  23:00:00,1787946.4494128746,145235.47795907402,180000.0,0.0,147020.6307031405,1108596.9039617165
 12/20  24:00:00,1796832.1805849497,236792.51257864607,180000.0,0.0,147020.6307031405,1089646.6579877406
 12/21  01:00:00,1807411.2803474255,292376.1458937515,180000.0,0.0,147020.6307031405,1083329.909329749
 12/21  02:00:00,1846137.3215850554,337418.93578937324,180000.0,0.0,147020.6307031405,1077013.160671757
 12/21  03:00:00,1873543.890548788,371142.25341109786,180000.0,0.0,147020.6307031405,1070696.4120137647
 12/21  04:00:00,1916331.8331355052,397522.01928646734,180000.0,0.0,147020.6307031405,1087104.5887251126
 12/21  05:00:00,2023411.424419201,420018.6577507958,180000.0,0.0,147020.6307031405,1171687.54154448
 12/21  06:00:00,2180899.665344703,438914.18956455006,180000.0,0.0,147020.6307031405,1330762.0191298593
 12/21  07:00:00,3494123.815924696,1173547.7217284692,180000.0,0.0,370838.62337926286,1690086.1489750622
 12/21  08:00:00,4186304.160278723,911205.3570177254,180000.0,0.0,732114.929314419,2285608.3041573027
 12/21  09:00:00,4890963.07836705,654900.3520787572,180000.0,0.0,770961.8439311025,3210001.0646205405
 12/21  10:00:00,5559704.562224937,483860.350396409,180000.0,0.0,785902.9649375193,4046220.189417487
 12/21  11:00:00,5986418.987776421,362403.35448834306,180000.0,0.0,1078748.936663287,4315200.151467024
 12/21  12:00:00,6143978.217261711,249959.2000703749,180000.0,0.0,1332747.993772371,4347134.742629579
 12/21  13:00:00,6071036.642680769,203095.0496778022,180000.0,0.0,1293901.0791556875,4366731.489215771
 12/21  14:00:00,5355866.970448946,180554.06820674933,180000.0,0.0,1281948.1823505543,3688331.447312759
 12/21  15:00:00,5061678.659146168,186584.57656510285,180000.0,0.0,1350677.3389800712,3319383.471022112
 12/21  16:00:00,5124666.486387428,217029.24519473987,180000.0,0.0,1643523.3107058387,3056804.905855341
 12/21  17:00:00,3977325.3148306585,238092.56153412422,180000.0,0.0,1159430.9900979372,2356562.4741987083
 12/21  18:00:00,6041595.746082469,240315.6757463959,180000.0,0.0,2770083.8345896592,2766993.409799261
 12/21  19:00:00,4138154.889259277,233046.94590910256,180000.0,0.0,1556864.8088686217,2056731.2839028905
 12/21  20:00:00,3752968.545001941,313674.55138498807,180000.0,0.0,1362630.2357852047,1748739.8744110737
 12/21  21:00:00,4787603.827159307,471291.8806101004,180000.0,0.0,1960275.076041873,1968943.4337183898
 12/21  22:00:00,2951670.564273509,0.0,180000.0,0.0,1005537.4437318451,1527179.1550159596
 12/21  23:00:00,1707261.1772669917,64550.20581319118,180000.0,0.0,147020.6307031405,1108596.9039617165
 12/21  24:00:00,1719126.0804350958,159086.41242879236,180000.0,0.0,147020.6307031405,1089646.6579877406
 12/22  01:00:00,1712491.2173055355,197456.0828518613,180000.0,0.0,147020.6307031405,1083329.909329749
 12/22  02:00:00,1736041.808252897,227323.42245721494,180000.0,0.0,147020.6307031405,1077013.160671757
 12/22  03:00:00,1751203.370762663,251077.48567759848,180000.0,0.0,147020.6307031405,1070696.4120137647
 12/22  04:00:00,1785251.751831451,268717.69003503904,180000.0,0.0,147020.6307031405,1087104.5887251126
 12/22  05:00:00,1885425.5480844348,282032.78141602967,180000.0,0.0,147020.6307031405,1171687.54154448
 12/22  06:00:00,2050711.3112800824,290519.81907892413,180000.0,0.0,147020.6307031405,1330762.0191298593
 12/22  07:00:00,3625585.67881749,963993.3700050277,180000.0,0.0,594656.6160553853,1786802.602441544
 12/22  08:00:00,3838478.401418426,761362.0221130236,180000.0,0.0,585841.3546615994,2217969.190486147
 12/22  09:00:00,4427553.202129701,636451.55215565,180000.0,0.0,458991.2373171215,3070183.3387624025
 12/22  10:00:00,5389632.93308043,537715.8851671583,180000.0,0.0,626182.3813789246,3977462.104955574
 12/22  11:00:00,5653098.937558808,473835.8106932907,180000.0,0.0,767973.6197298192,4176671.4578726813
 12/22  12:00:00,5457569.044027445,443271.19427450944,180000.0,0.0,741079.6019182691,4056806.2149926545
 12/22  13:00:00,4552275.027011453,443165.69681831554,180000.0,0.0,147020.6307031405,3754779.6748584877
 12/22  14:00:00,3830237.22418864,405151.4071283204,180000.0,0.0,147020.6307031405,3073031.9137782953
 12/22  15:00:00,3406469.1933658947,322257.256845673,180000.0,0.0,147020.6307031405,2732158.0332381977
 12/22  16:00:00,3088333.895843976,326311.9110998793,180000.0,0.0,147020.6307031405,2407692.3294094475
 12/22  17:00:00,3322290.394965434,385962.3065133984,180000.0,0.0,653225.8104005388,2059862.9890516074
 12/22  18:00:00,4330471.146790691,485290.57079133065,180000.0,0.0,1458253.4102262715,2120448.587773311
 12/22  19:00:00,5945018.642447978,429209.3002263552,180000.0,0.0,2967306.6318743597,2259266.6118212277
 12/22  20:00:00,4587162.735098004,453235.956525331,180000.0,0.0,1970733.860746365,1846647.794668763
 12/22  21:00:00,3634972.5407482274,599339.2788203837,180000.0,0.0,1052751.3861121219,1613994.4554477842
 12/22  22:00:00,3735917.073611927,41102.97832271131,180000.0,0.0,1521006.1184532219,1770784.275678671
 12/22  23:00:00,2613078.333105907,123992.40432719726,180000.0,0.0,761997.1713272525,1353649.8329782682
 12/22  24:00:00,2249636.80394826,221620.47254723898,180000.0,0.0,442257.18178993475,1271489.7785061668
 12/23  01:00:00,1939297.649573125,288452.9859119981,180000.0,0.0,202003.956006754,1164156.1132335882
 12/23  02:00:00,1857055.8604633142,348337.4746676319,180000.0,0.0,147020.6307031405,1077013.160671757
 12/23  03:00:00,1902317.9956901502,402192.11060508585,180000.0,0.0,147020.6307031405,1070696.4120137647
 12/23  04:00:00,1965141.8740636476,448607.81226723583,180000.0,0.0,147020.6307031405,1087104.5887251126
 12/23  05:00:00,2088420.725070767,485027.9584023617,180000.0,0.0,147020.6307031405,1171687.54154448
 12/23  06:00:00,2277290.839010867,517099.34680970816,180000.0,0.0,147020.6307031405,1330762.0191298593
 12/23  07:00:00,3464978.2401324287,1284187.6005338724,180000.0,0.0,258929.6270412017,1641727.9222418214
 12/23  08:00:00,4317126.266136146,1026097.1985067689,180000.0,0.0,732114.929314419,2285608.3041573027
 12/23  09:00:00,5903186.248936523,754575.152961565,180000.0,0.0,1395500.7019993213,3491183.320081109
 12/23  10:00:00,6516188.385956252,516685.5444550169,180000.0,0.0,1428371.168213438,4322859.111709026
 12/23  11:00:00,8870202.739244021,386464.96414159436,180000.0,0.0,1389524.2535967545,6859595.472242653
 12/23  12:00:00,11521799.594140964,385254.5666983208,180000.0,0.0,1332747.993772371,9587385.000828262
 12/23  13:00:00,5195177.596671583,206950.9574936587,180000.0,0.0,720162.0325092857,4060755.582037129
 12/23  14:00:00,4515405.198036576,215504.66080544685,180000.0,0.0,714185.584106719,3380681.680545527
 12/23  15:00:00,4277467.192587247,298773.9349856342,180000.0,0.0,747056.0503208358,3026603.9347018944
 12/23  16:00:00,4212936.59939522,376078.5141745742,180000.0,0.0,896467.2603850029,2733081.8002041336
 12/23  17:00:00,4148494.790658313,413293.7688323293,180000.0,0.0,1159430.9900979372,2352530.742728158
 12/23  18:00:00,4553555.124011437,480337.3725641143,180000.0,0.0,1458253.4102262715,2348485.7632212737
 12/23  19:00:00,6024324.682829458,508515.34060783574,180000.0,0.0,2967306.6318743597,2259266.6118212277
 12/23  20:00:00,5497531.378997031,555761.2921538735,180000.0,0.0,2578837.485707525,2046387.477978087
 12/23  21:00:00,4991983.750203883,693877.8200756827,180000.0,0.0,1960275.076041873,1968943.4337183898
 12/23  22:00:00,3319576.254196829,130811.35583033838,180000.0,0.0,1177360.3353056374,1608380.86190353
 12/23  23:00:00,2760824.3591477894,271738.4303690801,180000.0,0.0,761997.1713272525,1353649.8329782682
 12/23  24:00:00,2394098.599854583,366082.26845356205,180000.0,0.0,442257.18178993475,1271489.7785061668
 12/24  01:00:00,1943950.4617171534,428915.3272634793,180000.0,0.0,147020.6307031405,1083329.909329749
 12/24  02:00:00,1986029.7423101559,477311.35651447356,180000.0,0.0,147020.6307031405,1077013.160671757
 12/24  03:00:00,2020899.1891934436,518497.5520557536,180000.0,0.0,147020.6307031405,1070696.4120137647
 12/24  04:00:00,2070031.9475307541,551222.1336817165,180000.0,0.0,147020.6307031405,1087104.5887251126
 12/24  05:00:00,2178722.532853698,575329.7661852925,180000.0,0.0,147020.6307031405,1171687.54154448
 12/24  06:00:00,2343771.907150038,601786.4313698851,180000.0,0.0,147020.6307031405,1330762.0191298593
 12/24  07:00:00,3727484.629592059,1341789.9634623937,180000.0,0.0,370838.62337926286,1755204.7209085014
 12/24  08:00:00,5809499.54288015,1109019.256692173,180000.0,0.0,1171383.8869030704,3271720.82949563
 12/24  09:00:00,9229522.329663604,1054346.2036255612,180000.0,0.0,1239365.9874822667,6680710.320819125
 12/24  10:00:00,6850448.274187566,855496.9367915811,180000.0,0.0,1428371.168213438,4322859.111709026
 12/24  11:00:00,6853244.061627286,779924.4178113969,180000.0,0.0,1389524.2535967545,4453728.845061367
 12/24  12:00:00,6619983.745574726,725964.7283833898,180000.0,0.0,1332747.993772371,4347134.742629579
 12/24  13:00:00,6548677.335405971,680735.7424030033,180000.0,0.0,1293901.0791556875,4366731.489215771
 12/24  14:00:00,5823091.835582061,647778.9333398637,180000.0,0.0,1281948.1823505543,3688331.447312759
 12/24  15:00:00,5514911.583215051,639817.5006339862,180000.0,0.0,1350677.3389800712,3319383.471022112
 12/24  16:00:00,5539700.511552485,632063.2703597969,180000.0,0.0,1643523.3107058387,3056804.905855341
 12/24  17:00:00,5631299.291637223,639961.9323553167,180000.0,0.0,2172438.9943329906,2595659.0759490263
 12/24  18:00:00,5076170.788401319,742679.4916997271,180000.0,0.0,1786211.0163171184,2283077.45443732
 12/24  19:00:00,6291622.812411895,529190.3562860913,180000.0,0.0,2967306.6318743597,2503613.9736727816
 12/24  20:00:00,5577224.181939429,583330.412244396,180000.0,0.0,2578837.485707525,2087132.4005668336
 12/24  21:00:00,5053707.534968064,737395.5884188571,180000.0,0.0,1960275.076041873,1968943.4337183898
 12/24  22:00:00,3591488.687014963,133768.92581872887,180000.0,0.0,1349183.2268794298,1689582.5687911005
 12/24  23:00:00,2128711.7027020687,270993.3638381019,180000.0,0.0,300764.7658591685,1169860.1362158542
 12/24  24:00:00,1914488.5132683439,354448.84526204027,180000.0,0.0,147020.6307031405,1089646.6579877406
 12/25  01:00:00,1929656.156895218,414621.022441544,180000.0,0.0,147020.6307031405,1083329.909329749
 12/25  02:00:00,1960649.7111696966,451931.32537401444,180000.0,0.0,147020.6307031405,1077013.160671757
 12/25  03:00:00,1981087.0168224517,478685.3796847615,180000.0,0.0,147020.6307031405,1070696.4120137647
 12/25  04:00:00,2014329.5520893708,495519.7382403329,180000.0,0.0,147020.6307031405,1087104.5887251126
 12/25  05:00:00,2105616.005732138,502223.2390637332,180000.0,0.0,147020.6307031405,1171687.54154448
 12/25  06:00:00,2243462.0341199874,501476.5583398347,180000.0,0.0,147020.6307031405,1330762.0191298593
 12/25  07:00:00,3239616.544887314,1239574.896833692,180000.0,0.0,147020.6307031405,1593369.6955085807
 12/25  08:00:00,3466451.5857928535,981884.963894318,180000.0,0.0,147020.6307031405,2080170.4214061194
 12/25  09:00:00,5941237.139148183,799453.2993311017,180000.0,0.0,1395500.7019993213,3491183.320081109
 12/25  10:00:00,6645461.146762462,650509.8093664775,180000.0,0.0,1428371.168213438,4322859.111709026
 12/25  11:00:00,6600742.264074478,527422.6202585904,180000.0,0.0,1389524.2535967545,4453728.845061367
 12/25  12:00:00,6379046.606585003,485027.58939366706,180000.0,0.0,1332747.993772371,4347134.742629579
 12/25  13:00:00,5469062.35506026,480835.71588233544,180000.0,0.0,720162.0325092857,4060755.582037129
 12/25  14:00:00,4775649.586269565,475749.04903843586,180000.0,0.0,714185.584106719,3380681.680545527
 12/25  15:00:00,4438876.600428404,460183.3428267918,180000.0,0.0,747056.0503208358,3026603.9347018944
 12/25  16:00:00,4823837.343505512,451589.68029884534,180000.0,0.0,1269995.2855454208,2894943.3530297372
 12/25  17:00:00,5502838.861439412,377110.45313915215,180000.0,0.0,2172438.9943329906,2730050.1249673814
 12/25  18:00:00,6042549.315050347,465274.6886916864,180000.0,0.0,2770083.8345896592,2542987.9658218487
 12/25  19:00:00,5933345.224010777,415260.1297365277,180000.0,0.0,2967306.6318743597,2259266.6118212277
 12/25  20:00:00,5369101.9337349385,415953.0866286524,180000.0,0.0,2578837.485707525,2046387.477978087
 12/25  21:00:00,4827521.347423751,511209.4008745445,180000.0,0.0,1960275.076041873,1968943.4337183898
 12/25  22:00:00,3457719.7611962343,0.0,180000.0,0.0,1349183.2268794298,1689582.5687911005
 12/25  23:00:00,2571047.549198421,68307.10810395729,180000.0,0.0,761997.1713272525,1353649.8329782682
 12/25  24:00:00,1958610.9788581533,160031.47504923982,180000.0,0.0,294638.90624653763,1180568.2182469538
 12/26  01:00:00,1736225.6435165652,221190.50906289116,180000.0,0.0,147020.6307031405,1083329.909329749
 12/26  02:00:00,1781936.854284599,273218.46848891693,180000.0,0.0,147020.6307031405,1077013.160671757
 12/26  03:00:00,1821405.8846922403,319004.2475545503,180000.0,0.0,147020.6307031405,1070696.4120137647
 12/26  04:00:00,1875969.2892016605,357159.4753526229,180000.0,0.0,147020.6307031405,1087104.5887251126
 12/26  05:00:00,1990773.2118750594,387380.44520665426,180000.0,0.0,147020.6307031405,1171687.54154448
 12/26  06:00:00,2155193.4601486297,413207.98436847713,180000.0,0.0,147020.6307031405,1330762.0191298593
 12/26  07:00:00,3159861.2050141664,1159819.5569605439,180000.0,0.0,147020.6307031405,1593369.6955085807
 12/26  08:00:00,3453274.8181262896,915745.9055464303,180000.0,0.0,147020.6307031405,2133132.7120874436
 12/26  09:00:00,4931204.3444853565,678831.4317934723,180000.0,0.0,770961.8439311025,3226311.2510241317
 12/26  10:00:00,6485269.56962336,490318.2322273747,180000.0,0.0,1428371.168213438,4322859.111709026
 12/26  11:00:00,6508217.852700856,434898.2088849676,180000.0,0.0,1389524.2535967545,4453728.845061367
 12/26  12:00:00,6310913.519970901,351775.93084612605,180000.0,0.0,1332747.993772371,4412253.314563018
 12/26  13:00:00,6221731.654041724,353790.06103875616,180000.0,0.0,1293901.0791556875,4366731.489215771
 12/26  14:00:00,4901475.568792949,382721.9403090536,180000.0,0.0,856126.2336676777,3457594.122237335
 12/26  15:00:00,5215325.437489247,340231.3549081812,180000.0,0.0,1350677.3389800712,3319383.471022112
 12/26  16:00:00,5237074.951699697,329437.7105070092,180000.0,0.0,1643523.3107058387,3056804.905855341
 12/26  17:00:00,5369308.573266648,377971.21398474043,180000.0,0.0,2172438.9943329906,2595659.0759490263
 12/26  18:00:00,6057967.814667916,480693.18830925645,180000.0,0.0,2770083.8345896592,2542987.9658218487
 12/26  19:00:00,5953434.663261412,435349.56898716214,180000.0,0.0,2967306.6318743597,2259266.6118212277
 12/26  20:00:00,5407631.702794595,454482.85568830837,180000.0,0.0,2578837.485707525,2046387.477978087
 12/26  21:00:00,4895988.119862491,579676.1733132841,180000.0,0.0,1960275.076041873,1968943.4337183898
 12/26  22:00:00,3760432.067662407,49687.70800481062,180000.0,0.0,1521006.1184532219,1770784.275678671
 12/26  23:00:00,2656574.2206399846,153833.77954552032,180000.0,0.0,761997.1713272525,1353649.8329782682
 12/26  24:00:00,2048124.8250379278,249545.3212290142,180000.0,0.0,294638.90624653763,1180568.2182469538
 12/27  01:00:00,1832673.405598021,317638.27114434703,180000.0,0.0,147020.6307031405,1083329.909329749
 12/27  02:00:00,1883192.2362473921,374473.85045171005,180000.0,0.0,147020.6307031405,1077013.160671757
 12/27  03:00:00,1925387.9878672622,422986.350729572,180000.0,0.0,147020.6307031405,1070696.4120137647
 12/27  04:00:00,1981990.5553717306,463180.7415226929,180000.0,0.0,147020.6307031405,1087104.5887251126
 12/27  05:00:00,2099512.2482642857,496119.48159588047,180000.0,0.0,147020.6307031405,1171687.54154448
 12/27  06:00:00,2343873.2708108537,483806.9324159378,180000.0,0.0,147020.6307031405,1448842.8817446227
 12/27  07:00:00,4317108.581956907,1131189.2194277286,180000.0,0.0,818773.4311516361,2107494.6095356415
 12/27  08:00:00,4301558.185204722,1026459.3819437244,180000.0,0.0,732114.929314419,2285608.3041573027
 12/27  09:00:00,6090110.651486366,875448.8830068259,180000.0,0.0,770961.8439311025,4188600.106811788
 12/27  10:00:00,5846729.724631772,770885.5128032444,180000.0,0.0,785902.9649375193,4046220.189417487
 12/27  11:00:00,5886668.9978939425,711957.3751336767,180000.0,0.0,767973.6197298192,4176671.4578726813
 12/27  12:00:00,5674280.300153675,662258.2024533642,180000.0,0.0,741079.6019182691,4056806.2149926545
 12/27  13:00:00,5571485.916226825,583259.2770488998,180000.0,0.0,720162.0325092857,4060755.582037129
 12/27  14:00:00,4641421.493373728,560224.6361853019,180000.0,0.0,572394.3457558244,3303769.238853719
 12/27  15:00:00,4482642.788402897,503949.5308012842,180000.0,0.0,747056.0503208358,3026603.9347018944
 12/27  16:00:00,4616245.067935834,511692.1937221769,180000.0,0.0,1083231.272965212,2814012.5766169354
 12/27  17:00:00,3173047.4535610243,579131.2662238566,180000.0,0.0,400123.2205518397,1970553.677785439
 12/27  18:00:00,4540590.24744004,640691.4013414306,180000.0,0.0,1458253.4102262715,2177442.609925186
 12/27  19:00:00,4253653.281234095,580675.3316428976,180000.0,0.0,1556864.8088686217,1824601.290143914
 12/27  20:00:00,3940169.7723740344,602707.541808717,180000.0,0.0,1362630.2357852047,1646908.1113594386
 12/27  21:00:00,3755356.7695362954,702027.2575117577,180000.0,0.0,1051854.9188517367,1614381.1563838576
 12/27  22:00:00,2303663.5624473626,110738.08078801696,180000.0,0.0,490367.59143059666,1283603.9247030448
 12/27  23:00:00,1853129.2870691256,210418.31561532523,180000.0,0.0,147020.6307031405,1108596.9039617165
 12/27  24:00:00,1847740.112084758,287700.4440784544,180000.0,0.0,147020.6307031405,1089646.6579877406
 12/28  01:00:00,1851861.525785888,336826.39133221406,180000.0,0.0,147020.6307031405,1083329.909329749
 12/28  02:00:00,1876746.4515497372,368028.06575405516,180000.0,0.0,147020.6307031405,1077013.160671757
 12/28  03:00:00,1889926.472715891,387524.83557820064,180000.0,0.0,147020.6307031405,1070696.4120137647
 12/28  04:00:00,1919229.5229906437,400419.709141606,180000.0,0.0,147020.6307031405,1087104.5887251126
 12/28  05:00:00,2004169.288449034,400776.5217806292,180000.0,0.0,147020.6307031405,1171687.54154448
 12/28  06:00:00,2462316.8781498563,383762.609184914,180000.0,0.0,295535.3735069227,1518816.0695108671
 12/28  07:00:00,4202603.095176443,1072162.9377366446,180000.0,0.0,930831.8386997614,1939956.996898136
 12/28  08:00:00,4990741.250197399,859334.2681006506,180000.0,0.0,1317806.8727659544,2556224.5395415183
 12/28  09:00:00,5836509.48244476,694725.6426276802,180000.0,0.0,1395500.7019993213,3491183.320081109
 12/28  10:00:00,10816305.909693355,668663.919113009,180000.0,0.0,1428371.168213438,8475549.764893385
 12/28  11:00:00,10173569.452760484,607295.496214037,180000.0,0.0,1389524.2535967545,7946683.157791926
 12/28  12:00:00,6293635.245828895,399616.2286375578,180000.0,0.0,1332747.993772371,4347134.742629579
 12/28  13:00:00,6207168.7330430895,98972.59649958221,180000.0,0.0,1293901.0791556875,4606986.032756312
 12/28  14:00:00,5234214.5703540705,26342.382145154086,180000.0,0.0,1281948.1823505543,3720890.7332794787
 12/28  15:00:00,4992846.989245724,117752.90666465837,180000.0,0.0,1350677.3389800712,3319383.471022112
 12/28  16:00:00,5107343.027182785,199705.78599009657,180000.0,0.0,1643523.3107058387,3056804.905855341
 12/28  17:00:00,5251805.357525223,260467.9982433158,180000.0,0.0,2172438.9943329906,2595659.0759490263
 12/28  18:00:00,5945910.095329391,368635.4689707303,180000.0,0.0,2770083.8345896592,2542987.9658218487
 12/28  19:00:00,5857214.531563857,339129.4372896073,180000.0,0.0,2967306.6318743597,2259266.6118212277
 12/28  20:00:00,5356193.121913361,346050.2526551997,180000.0,0.0,2578837.485707525,2103381.500129962
 12/28  21:00:00,4778603.101304496,454166.60497372446,180000.0,0.0,1960275.076041873,1977067.983499954
 12/28  22:00:00,2698645.965812146,0.0,180000.0,0.0,833714.5521580528,1445977.4481283892
 12/28  23:00:00,2558315.8518252834,55575.41073081915,180000.0,0.0,761997.1713272525,1353649.8329782682
 12/28  24:00:00,2192853.519744967,155734.1801334431,180000.0,0.0,442257.18178993475,1271489.7785061668
 12/29  01:00:00,1747148.7694534268,232113.63499975286,180000.0,0.0,147020.6307031405,1083329.909329749
 12/29  02:00:00,1794912.109195305,286193.7233996226,180000.0,0.0,147020.6307031405,1077013.160671757
 12/29  03:00:00,1853340.9434869988,324361.89623008046,180000.0,0.0,147020.6307031405,1099549.5741856187
 12/29  04:00:00,1871505.2009814233,354971.1391850116,180000.0,0.0,147020.6307031405,1087104.5887251126
 12/29  05:00:00,1984377.7174944957,380984.9508260905,180000.0,0.0,147020.6307031405,1171687.54154448
 12/29  06:00:00,2160386.493229552,400195.00102839334,180000.0,0.0,147020.6307031405,1330762.0191298593
 12/29  07:00:00,3152637.9433774715,1132114.526850218,180000.0,0.0,147020.6307031405,1593369.6955085807
 12/29  08:00:00,4201450.023421291,910092.2430219888,180000.0,0.0,732413.7517345474,2285638.194507099
 12/29  09:00:00,5880982.274110693,732371.1781357354,180000.0,0.0,1395500.7019993213,3491183.320081109
 12/29  10:00:00,6174149.216188827,634199.9374713191,180000.0,0.0,1107137.0665754788,4184539.6505632563
 12/29  11:00:00,5749504.949360606,570241.822495088,180000.0,0.0,767973.6197298192,4176671.4578726813
 12/29  12:00:00,5530800.059296051,516502.2095431157,180000.0,0.0,741079.6019182691,4056806.2149926545
 12/29  13:00:00,6219492.367893307,396343.5417394991,180000.0,0.0,1150466.317494087,4465373.484028212
 12/29  14:00:00,5577446.704765069,373606.24802670407,180000.0,0.0,1281948.1823505543,3716859.001808928
 12/29  15:00:00,5282383.829187699,407289.746606633,180000.0,0.0,1350677.3389800712,3319383.471022112
 12/29  16:00:00,5341395.256768826,433758.01557613735,180000.0,0.0,1643523.3107058387,3056804.905855341
 12/29  17:00:00,5432511.9209670145,441174.5616851075,180000.0,0.0,2172438.9943329906,2595659.0759490263
 12/29  18:00:00,6079930.67840522,500380.299993934,180000.0,0.0,2770083.8345896592,2542987.9658218487
 12/29  19:00:00,5946944.635248112,431135.2930264883,180000.0,0.0,2967306.6318743597,2259266.6118212277
 12/29  20:00:00,5364205.385382128,422435.2985389708,180000.0,0.0,2578837.485707525,2046387.477978087
 12/29  21:00:00,4802669.996320632,504564.06619243184,180000.0,0.0,1960275.076041873,1968943.4337183898
 12/29  22:00:00,2685868.470615359,3152.769171593149,180000.0,0.0,833714.5521580528,1445977.4481283892
 12/29  23:00:00,1694750.654719443,65694.19558139701,180000.0,0.0,147020.6307031405,1108596.9039617165
 12/29  24:00:00,1698403.336670995,147466.67687519448,180000.0,0.0,147020.6307031405,1089646.6579877406
 12/30  01:00:00,1713658.3532418318,198623.21878815762,180000.0,0.0,147020.6307031405,1083329.909329749
 12/30  02:00:00,1748100.6637618903,239382.27796620817,180000.0,0.0,147020.6307031405,1077013.160671757
 12/30  03:00:00,1769295.3483960442,269169.46331098006,180000.0,0.0,147020.6307031405,1070696.4120137647
 12/30  04:00:00,1806853.5514219324,290319.48962552065,180000.0,0.0,147020.6307031405,1087104.5887251126
 12/30  05:00:00,1907963.644283956,304570.8776155507,180000.0,0.0,147020.6307031405,1171687.54154448
 12/30  06:00:00,2179276.008501298,243948.54469303804,180000.0,0.0,147020.6307031405,1505897.9907369604
 12/30  07:00:00,3660255.8611336034,900924.6075805195,180000.0,0.0,594656.6160553853,1884541.5471821653
 12/30  08:00:00,4955372.596967663,755073.0598212099,180000.0,0.0,1317806.8727659544,2609186.8302228427
 12/30  09:00:00,5456565.49158091,516467.5905187926,180000.0,0.0,1083231.272965212,3594939.554202378
 12/30  10:00:00,6523965.335519525,479685.8399589915,180000.0,0.0,1428371.168213438,4367635.765768322
 12/30  11:00:00,6553692.488724459,475821.3408033191,180000.0,0.0,1389524.2535967545,4453728.845061367
 12/30  12:00:00,5050183.262514203,478882.45440923714,180000.0,0.0,444050.1163107048,3910838.658952249
 12/30  13:00:00,4597997.497903825,488888.16771068797,180000.0,0.0,147020.6307031405,3754779.6748584877
 12/30  14:00:00,3903456.6513574133,478370.8342970936,180000.0,0.0,147020.6307031405,3073031.9137782953
 12/30  15:00:00,3559678.373865735,475466.4373455131,180000.0,0.0,147020.6307031405,2732158.0332381977
 12/30  16:00:00,3244006.768098795,481984.7833546977,180000.0,0.0,147020.6307031405,2407692.3294094475
 12/30  17:00:00,2748933.430633347,497429.14441104745,180000.0,0.0,147020.6307031405,1881244.36651927
 12/30  18:00:00,3988464.7188621657,511934.2244178933,180000.0,0.0,1130445.2153454889,2079606.701099005
 12/30  19:00:00,5931442.774281491,415633.432059868,180000.0,0.0,2967306.6318743597,2259266.6118212277
 12/30  20:00:00,5339448.550150992,397678.4633078354,180000.0,0.0,2578837.485707525,2046387.477978087
 12/30  21:00:00,4775023.195472704,476917.2653445034,180000.0,0.0,1960275.076041873,1968943.4337183898
 12/30  22:00:00,3694814.0952892164,0.0,180000.0,0.0,1521006.1184532219,1770784.275678671
 12/30  23:00:00,3915684.384593239,16161.853932383598,180000.0,0.0,1071278.3761600784,2454805.230027588
 12/30  24:00:00,2117467.1591331856,89450.8277321649,180000.0,0.0,442257.18178993475,1271489.7785061668
 12/31  01:00:00,1662660.417770925,147625.2833172511,180000.0,0.0,147020.6307031405,1083329.909329749
 12/31  02:00:00,1704737.4961729627,196019.11037728057,180000.0,0.0,147020.6307031405,1077013.160671757
 12/31  03:00:00,1742756.3750721684,240354.73793447827,180000.0,0.0,147020.6307031405,1070696.4120137647
 12/31  04:00:00,1788670.259846024,269860.4459969861,180000.0,0.0,147020.6307031405,1087104.5887251126
 12/31  05:00:00,1893365.4922196697,289972.7255512647,180000.0,0.0,147020.6307031405,1171687.54154448
 12/31  06:00:00,2185060.9354715724,303288.0741749622,180000.0,0.0,221278.00210503157,1396292.0332444257
 12/31  07:00:00,3992763.414623187,965730.9241379804,180000.0,0.0,818773.4311516361,1948607.7374916684
 12/31  08:00:00,4904811.89458302,773404.9124862726,180000.0,0.0,1317806.8727659544,2556224.5395415183
 12/31  09:00:00,5695640.913486605,553857.0736695238,180000.0,0.0,1395500.7019993213,3491183.320081109
 12/31  10:00:00,6366536.716610405,306466.80728098116,180000.0,0.0,1428371.168213438,4387977.683642465
 12/31  11:00:00,6562557.815229978,143321.2035323769,180000.0,0.0,1389524.2535967545,4799645.81294308
 12/31  12:00:00,8255067.569486819,47449.24876725608,180000.0,0.0,1332747.993772371,6660734.046157807
 12/31  13:00:00,5903172.630407785,35231.037404817085,180000.0,0.0,1293901.0791556875,4366731.489215771
 12/31  14:00:00,5242765.693179082,67452.79093688526,180000.0,0.0,1281948.1823505543,3688331.447312759
 12/31  15:00:00,4981658.480289792,106564.39770872612,180000.0,0.0,1350677.3389800712,3319383.471022112
 12/31  16:00:00,5062860.160122551,155222.91892986227,180000.0,0.0,1643523.3107058387,3056804.905855341
 12/31  17:00:00,7113120.30152929,164584.85786488882,180000.0,0.0,2172438.9943329906,4552857.160331522
 12/31  18:00:00,5826500.4573244415,249225.83096578077,180000.0,0.0,2770083.8345896592,2542987.9658218487
 12/31  19:00:00,5734110.059048032,216024.964773782,180000.0,0.0,2967306.6318743597,2259266.6118212277
 12/31  20:00:00,6213293.861481145,281545.9721836114,180000.0,0.0,2578837.485707525,3024986.5201693354
 12/31  21:00:00,4774918.793366116,458606.8468169088,180000.0,0.0,1960275.076041873,1968943.4337183898
 12/31  22:00:00,3710744.359657597,0.0,180000.0,0.0,1521006.1184532219,1770784.275678671
 12/31  23:00:00,3214358.397967411,63861.617336599935,180000.0,0.0,1225918.9785764916,1537484.3652653764
 12/31  24:00:00,2231606.6653018417,194487.32569031775,180000.0,0.0,442257.18178993475,1271489.7785061668
