
OS:Version,
  {faed0fd5-14b9-4bf2-a78f-b3ee6fec9261}, !- Handle
  3.7.0;                                  !- Version Identifier

OS:WeatherFile,
  {25d13a2e-5fbe-4e5c-94e7-9de552c021bf}, !- Handle
  Taunton Muni,                           !- City
  MA,                                     !- State Province Region
  USA,                                    !- Country
  customized weather file,                !- Data Source
  725068,                                 !- WMO Number
  41.88,                                  !- Latitude {deg}
  -71.02,                                 !- Longitude {deg}
  -5,                                     !- Time Zone {hr}
  13,                                     !- Elevation {m}
  /weather/G2500050.epw,                  !- Url
  5105B3CF,                               !- Checksum
  2018,                                   !- Start Date Actual Year
  Monday;                                 !- Start Day of Week

OS:YearDescription,
  {ef371cc5-e007-4fd0-b9e8-72ee958d767d}, !- Handle
  2018,                                   !- Calendar Year
  ,                                       !- Day of Week for Start Day
  ;                                       !- Is Leap Year

OS:Site,
  {222d2943-3049-48d3-b6ad-21b125abf56b}, !- Handle
  Taunton Muni_MA_USA,                    !- Name
  41.88,                                  !- Latitude {deg}
  -71.02,                                 !- Longitude {deg}
  -5,                                     !- Time Zone {hr}
  13,                                     !- Elevation {m}
  Suburbs;                                !- Terrain

OS:RunPeriodControl:DaylightSavingTime,
  {e0345ddf-64ef-4a42-a76c-91af02085d5f}, !- Handle
  Mar 11,                                 !- Start Date
  Nov 4;                                  !- End Date

OS:Site:GroundTemperature:Shallow,
  {ab723eed-1cd9-4876-a7a3-7c12ac6993fb}, !- Handle
  6.50481091931034,                       !- January Surface Ground Temperature {C}
  4.520347229371,                         !- February Surface Ground Temperature {C}
  4.36142426037047,                       !- March Surface Ground Temperature {C}
  5.30315368019814,                       !- April Surface Ground Temperature {C}
  9.08367252792077,                       !- May Surface Ground Temperature {C}
  12.8465801150702,                       !- June Surface Ground Temperature {C}
  16.1088198873592,                       !- July Surface Ground Temperature {C}
  18.1753685499522,                       !- August Surface Ground Temperature {C}
  18.3509332095845,                       !- September Surface Ground Temperature {C}
  16.6701432119899,                       !- October Surface Ground Temperature {C}
  13.4910924692034,                       !- November Surface Ground Temperature {C}
  9.84361556023569;                       !- December Surface Ground Temperature {C}

OS:SimulationControl,
  {a997fbd0-636f-4fbc-b6e5-d6c51f9d4246}, !- Handle
  ,                                       !- Do Zone Sizing Calculation
  ,                                       !- Do System Sizing Calculation
  ,                                       !- Do Plant Sizing Calculation
  No;                                     !- Run Simulation for Sizing Periods

OS:Timestep,
  {48ff5e22-6d93-4a45-93c5-95be50c43039}, !- Handle
  4;                                      !- Number of Timesteps per Hour

OS:ShadowCalculation,
  {54841dd2-8e6e-4b0b-b26e-6cea662da43e}, !- Handle
  PolygonClipping,                        !- Shading Calculation Method
  ,                                       !- Shading Calculation Update Frequency Method
  20,                                     !- Shading Calculation Update Frequency
  200,                                    !- Maximum Figures in Shadow Overlap Calculations
  ,                                       !- Polygon Clipping Algorithm
  512,                                    !- Pixel Counting Resolution
  ,                                       !- Sky Diffuse Modeling Algorithm
  No,                                     !- Output External Shading Calculation Results
  No,                                     !- Disable Self-Shading Within Shading Zone Groups
  No;                                     !- Disable Self-Shading From Shading Zone Groups to Other Zones

OS:SurfaceConvectionAlgorithm:Outside,
  {7b36fe5b-8bcb-460e-a74a-49e3d7db42f7}, !- Handle
  DOE-2;                                  !- Algorithm

OS:SurfaceConvectionAlgorithm:Inside,
  {6073add0-d1b0-4c44-bc6d-7e5f3da25ebe}, !- Handle
  TARP;                                   !- Algorithm

OS:ZoneCapacitanceMultiplier:ResearchSpecial,
  {d9a5deba-c2f0-4efa-9314-6a04f1586d6b}, !- Handle
  1,                                      !- Temperature Capacity Multiplier
  15,                                     !- Humidity Capacity Multiplier
  ;                                       !- Carbon Dioxide Capacity Multiplier

OS:ConvergenceLimits,
  {a51ab209-b2bd-47a5-a2bb-9c10c2d32a0b}, !- Handle
  0;                                      !- Minimum System Timestep {minutes}

OS:RunPeriod,
  {18da1378-0d9b-4524-a345-6137123840f5}, !- Handle
  Run Period 1,                           !- Name
  1,                                      !- Begin Month
  1,                                      !- Begin Day of Month
  12,                                     !- End Month
  31,                                     !- End Day of Month
  ,                                       !- Use Weather File Holidays and Special Days
  ,                                       !- Use Weather File Daylight Saving Period
  ,                                       !- Apply Weekend Holiday Rule
  ,                                       !- Use Weather File Rain Indicators
  ,                                       !- Use Weather File Snow Indicators
  ;                                       !- Number of Times Runperiod to be Repeated

OS:PerformancePrecisionTradeoffs,
  {29f40e28-61bb-4b32-8653-46e00350ee25}, !- Handle
  ,                                       !- Use Coil Direct Solutions
  CarrollMRT;                             !- Zone Radiant Exchange Algorithm

OS:ThermalZone,
  {64ae1bcf-95d1-4130-8ee3-58c696da9bef}, !- Handle
  conditioned space,                      !- Name
  1,                                      !- Multiplier
  ,                                       !- Ceiling Height {m}
  384.656044105728,                       !- Volume {m3}
  ,                                       !- Floor Area {m2}
  ,                                       !- Zone Inside Convection Algorithm
  ,                                       !- Zone Outside Convection Algorithm
  ,                                       !- Zone Conditioning Equipment List Name
  {c2498184-5578-47bf-abbe-e3a346b98728}, !- Zone Air Inlet Port List
  {227a3802-747c-493f-9559-76d327a59695}, !- Zone Air Exhaust Port List
  {66a14d61-0399-4433-b0e4-2f287f995e69}, !- Zone Air Node Name
  {2a4b7c0a-7c3f-4c74-a897-28a443ae041d}, !- Zone Return Air Port List
  ,                                       !- Primary Daylighting Control Name
  ,                                       !- Fraction of Zone Controlled by Primary Daylighting Control
  ,                                       !- Secondary Daylighting Control Name
  ,                                       !- Fraction of Zone Controlled by Secondary Daylighting Control
  ,                                       !- Illuminance Map Name
  ,                                       !- Group Rendering Name
  {fae8fb60-7cf8-4186-a10e-974f24c58b90}, !- Thermostat Name
  No;                                     !- Use Ideal Air Loads

OS:Node,
  {750986e2-d686-416b-9ac0-6a2cc3e6f367}, !- Handle
  Node 1,                                 !- Name
  {66a14d61-0399-4433-b0e4-2f287f995e69}, !- Inlet Port
  ;                                       !- Outlet Port

OS:Connection,
  {66a14d61-0399-4433-b0e4-2f287f995e69}, !- Handle
  {64ae1bcf-95d1-4130-8ee3-58c696da9bef}, !- Source Object
  11,                                     !- Outlet Port
  {750986e2-d686-416b-9ac0-6a2cc3e6f367}, !- Target Object
  2;                                      !- Inlet Port

OS:PortList,
  {c2498184-5578-47bf-abbe-e3a346b98728}, !- Handle
  {64ae1bcf-95d1-4130-8ee3-58c696da9bef}, !- HVAC Component
  {a152ea27-395b-4df3-82b9-9370b9553901}; !- Port 1

OS:PortList,
  {227a3802-747c-493f-9559-76d327a59695}, !- Handle
  {64ae1bcf-95d1-4130-8ee3-58c696da9bef}; !- HVAC Component

OS:PortList,
  {2a4b7c0a-7c3f-4c74-a897-28a443ae041d}, !- Handle
  {64ae1bcf-95d1-4130-8ee3-58c696da9bef}, !- HVAC Component
  {90fc106a-6363-48d0-9354-9854ca40500f}; !- Port 1

OS:Sizing:Zone,
  {41c28b30-e70f-4d67-8477-a9928c1942e0}, !- Handle
  {64ae1bcf-95d1-4130-8ee3-58c696da9bef}, !- Zone or ZoneList Name
  SupplyAirTemperature,                   !- Zone Cooling Design Supply Air Temperature Input Method
  14,                                     !- Zone Cooling Design Supply Air Temperature {C}
  11.11,                                  !- Zone Cooling Design Supply Air Temperature Difference {deltaC}
  SupplyAirTemperature,                   !- Zone Heating Design Supply Air Temperature Input Method
  40,                                     !- Zone Heating Design Supply Air Temperature {C}
  11.11,                                  !- Zone Heating Design Supply Air Temperature Difference {deltaC}
  0.0085,                                 !- Zone Cooling Design Supply Air Humidity Ratio {kg-H2O/kg-air}
  0.008,                                  !- Zone Heating Design Supply Air Humidity Ratio {kg-H2O/kg-air}
  ,                                       !- Zone Heating Sizing Factor
  ,                                       !- Zone Cooling Sizing Factor
  DesignDay,                              !- Cooling Design Air Flow Method
  ,                                       !- Cooling Design Air Flow Rate {m3/s}
  ,                                       !- Cooling Minimum Air Flow per Zone Floor Area {m3/s-m2}
  ,                                       !- Cooling Minimum Air Flow {m3/s}
  ,                                       !- Cooling Minimum Air Flow Fraction
  DesignDay,                              !- Heating Design Air Flow Method
  ,                                       !- Heating Design Air Flow Rate {m3/s}
  ,                                       !- Heating Maximum Air Flow per Zone Floor Area {m3/s-m2}
  ,                                       !- Heating Maximum Air Flow {m3/s}
  ,                                       !- Heating Maximum Air Flow Fraction
  No,                                     !- Account for Dedicated Outdoor Air System
  NeutralSupplyAir,                       !- Dedicated Outdoor Air System Control Strategy
  autosize,                               !- Dedicated Outdoor Air Low Setpoint Temperature for Design {C}
  autosize,                               !- Dedicated Outdoor Air High Setpoint Temperature for Design {C}
  Sensible Load Only No Latent Load,      !- Zone Load Sizing Method
  HumidityRatioDifference,                !- Zone Latent Cooling Design Supply Air Humidity Ratio Input Method
  ,                                       !- Zone Dehumidification Design Supply Air Humidity Ratio {kgWater/kgDryAir}
  0.005,                                  !- Zone Cooling Design Supply Air Humidity Ratio Difference {kgWater/kgDryAir}
  HumidityRatioDifference,                !- Zone Latent Heating Design Supply Air Humidity Ratio Input Method
  ,                                       !- Zone Humidification Design Supply Air Humidity Ratio {kgWater/kgDryAir}
  0.005;                                  !- Zone Humidification Design Supply Air Humidity Ratio Difference {kgWater/kgDryAir}

OS:ZoneHVAC:EquipmentList,
  {bc07c0a4-1125-4b4f-a05a-031b6f67870f}, !- Handle
  Zone HVAC Equipment List 1,             !- Name
  {64ae1bcf-95d1-4130-8ee3-58c696da9bef}, !- Thermal Zone
  ,                                       !- Load Distribution Scheme
  {453a356b-13ba-4d49-a913-cfac3aa8409f}, !- Zone Equipment 1
  1,                                      !- Zone Equipment Cooling Sequence 1
  1,                                      !- Zone Equipment Heating or No-Load Sequence 1
  {27088984-c48b-4c0d-b71d-47ba0b5c4e8b}, !- Zone Equipment Sequential Cooling Fraction Schedule Name 1
  {d4f288c5-2fa8-413d-b44d-23ed8b9ef3d7}; !- Zone Equipment Sequential Heating Fraction Schedule Name 1

OS:AdditionalProperties,
  {a2d017ba-c0e0-4ba2-8cb1-04df286281cd}, !- Handle
  {64ae1bcf-95d1-4130-8ee3-58c696da9bef}, !- Object Name
  ObjectType,                             !- Feature Name 1
  String,                                 !- Feature Data Type 1
  conditioned space;                      !- Feature Value 1

OS:Space,
  {e42f2ab6-2c94-42a9-af10-d2a8a063b931}, !- Handle
  conditioned space 1,                    !- Name
  ,                                       !- Space Type Name
  ,                                       !- Default Construction Set Name
  ,                                       !- Default Schedule Set Name
  ,                                       !- Direction of Relative North {deg}
  ,                                       !- X Origin {m}
  ,                                       !- Y Origin {m}
  ,                                       !- Z Origin {m}
  ,                                       !- Building Story Name
  {64ae1bcf-95d1-4130-8ee3-58c696da9bef}, !- Thermal Zone Name
  ,                                       !- Part of Total Floor Area
  ,                                       !- Design Specification Outdoor Air Object Name
  {08d6d2aa-9924-4d6a-ba1c-43e825865b73}, !- Building Unit Name
  384.656044105728;                       !- Volume {m3}

OS:Schedule:Ruleset,
  {b445eef0-dec5-424e-b3ea-9590942577e4}, !- Handle
  heating setpoint,                       !- Name
  {e1a072b5-5414-4d4f-b920-81169784f0c6}, !- Schedule Type Limits Name
  {42455efc-6488-4d31-bfb5-72882f578b48}; !- Default Day Schedule Name

OS:Schedule:Day,
  {42455efc-6488-4d31-bfb5-72882f578b48}, !- Handle
  heating setpoint default day,           !- Name
  {e1a072b5-5414-4d4f-b920-81169784f0c6}, !- Schedule Type Limits Name
  ,                                       !- Interpolate to Timestep
  24,                                     !- Hour 1
  0,                                      !- Minute 1
  0;                                      !- Value Until Time 1

OS:Schedule:Rule,
  {5bb9447b-3603-4db8-bb18-25f23423b0a9}, !- Handle
  heating setpoint allday ruleset1,       !- Name
  {b445eef0-dec5-424e-b3ea-9590942577e4}, !- Schedule Ruleset Name
  0,                                      !- Rule Order
  {aee484a7-bc2d-4cc2-9624-b844f9900026}, !- Day Schedule Name
  Yes,                                    !- Apply Sunday
  Yes,                                    !- Apply Monday
  Yes,                                    !- Apply Tuesday
  Yes,                                    !- Apply Wednesday
  Yes,                                    !- Apply Thursday
  Yes,                                    !- Apply Friday
  Yes,                                    !- Apply Saturday
  DateRange,                              !- Date Specification Type
  1,                                      !- Start Month
  1,                                      !- Start Day
  12,                                     !- End Month
  31;                                     !- End Day

OS:Schedule:Day,
  {aee484a7-bc2d-4cc2-9624-b844f9900026}, !- Handle
  heating setpoint allday1,               !- Name
  {e1a072b5-5414-4d4f-b920-81169784f0c6}, !- Schedule Type Limits Name
  ,                                       !- Interpolate to Timestep
  6,                                      !- Hour 1
  0,                                      !- Minute 1
  16.6666666666667,                       !- Value Until Time 1
  21,                                     !- Hour 2
  0,                                      !- Minute 2
  20,                                     !- Value Until Time 2
  24,                                     !- Hour 3
  0,                                      !- Minute 3
  16.6666666666667;                       !- Value Until Time 3

OS:Schedule:Ruleset,
  {80201b96-0834-4294-a37f-46a4cd2ca7d7}, !- Handle
  cooling setpoint,                       !- Name
  {e1a072b5-5414-4d4f-b920-81169784f0c6}, !- Schedule Type Limits Name
  {49f158fa-edfb-4b04-b55c-57c7e5d37972}; !- Default Day Schedule Name

OS:Schedule:Day,
  {49f158fa-edfb-4b04-b55c-57c7e5d37972}, !- Handle
  cooling setpoint default day,           !- Name
  {e1a072b5-5414-4d4f-b920-81169784f0c6}, !- Schedule Type Limits Name
  ,                                       !- Interpolate to Timestep
  24,                                     !- Hour 1
  0,                                      !- Minute 1
  0;                                      !- Value Until Time 1

OS:Schedule:Rule,
  {6a78896e-6c4f-432a-8747-2b68634e1e2c}, !- Handle
  cooling setpoint allday ruleset1,       !- Name
  {80201b96-0834-4294-a37f-46a4cd2ca7d7}, !- Schedule Ruleset Name
  0,                                      !- Rule Order
  {61b451aa-baf6-47a8-a7cf-e6da9fe3e313}, !- Day Schedule Name
  Yes,                                    !- Apply Sunday
  Yes,                                    !- Apply Monday
  Yes,                                    !- Apply Tuesday
  Yes,                                    !- Apply Wednesday
  Yes,                                    !- Apply Thursday
  Yes,                                    !- Apply Friday
  Yes,                                    !- Apply Saturday
  DateRange,                              !- Date Specification Type
  1,                                      !- Start Month
  1,                                      !- Start Day
  12,                                     !- End Month
  31;                                     !- End Day

OS:Schedule:Day,
  {61b451aa-baf6-47a8-a7cf-e6da9fe3e313}, !- Handle
  cooling setpoint allday1,               !- Name
  {e1a072b5-5414-4d4f-b920-81169784f0c6}, !- Schedule Type Limits Name
  ,                                       !- Interpolate to Timestep
  24,                                     !- Hour 1
  0,                                      !- Minute 1
  22.2222222222222;                       !- Value Until Time 1

OS:ThermostatSetpoint:DualSetpoint,
  {fae8fb60-7cf8-4186-a10e-974f24c58b90}, !- Handle
  conditioned space temperature setpoint, !- Name
  {b445eef0-dec5-424e-b3ea-9590942577e4}, !- Heating Setpoint Temperature Schedule Name
  {80201b96-0834-4294-a37f-46a4cd2ca7d7}; !- Cooling Setpoint Temperature Schedule Name

OS:ScheduleTypeLimits,
  {e1a072b5-5414-4d4f-b920-81169784f0c6}, !- Handle
  Temperature,                            !- Name
  ,                                       !- Lower Limit Value
  ,                                       !- Upper Limit Value
  Continuous,                             !- Numeric Type
  Temperature;                            !- Unit Type

OS:Surface,
  {8f2bb64f-ceee-4c49-9804-7aaedf5bc1aa}, !- Handle
  Roof1,                                  !- Name
  RoofCeiling,                            !- Surface Type
  {c35bc563-c35c-4e00-9496-d959642585a0}, !- Construction Name
  {aad900f3-58b3-4d06-acd5-f3608a94bd3e}, !- Space Name
  Outdoors,                               !- Outside Boundary Condition
  ,                                       !- Outside Boundary Condition Object
  SunExposed,                             !- Sun Exposure
  WindExposed,                            !- Wind Exposure
  ,                                       !- View Factor to Ground
  ,                                       !- Number of Vertices
  -26.9158718610956, 49.7428798198191, 2.7432, !- X,Y,Z Vertex 1 {m}
  -26.9158720853399, 41.3436624482779, 6.94280868577062, !- X,Y,Z Vertex 2 {m}
  -17.5252615850583, 41.343662197565, 6.94280868577062, !- X,Y,Z Vertex 3 {m}
  -17.5252613608139, 49.7428795691063, 2.7432; !- X,Y,Z Vertex 4 {m}

OS:AdditionalProperties,
  {011a0d17-6c9f-43c6-931b-575f68fd26bb}, !- Handle
  {8f2bb64f-ceee-4c49-9804-7aaedf5bc1aa}, !- Object Name
  Length,                                 !- Feature Name 1
  Double,                                 !- Feature Data Type 1
  30.809089567853189,                     !- Feature Value 1
  Width,                                  !- Feature Name 2
  Double,                                 !- Feature Data Type 2
  30.809089567853185,                     !- Feature Value 2
  Azimuth,                                !- Feature Name 3
  Integer,                                !- Feature Data Type 3
  0,                                      !- Feature Value 3
  Tilt,                                   !- Feature Name 4
  Double,                                 !- Feature Data Type 4
  0.5,                                    !- Feature Value 4
  SurfaceType,                            !- Feature Name 5
  String,                                 !- Feature Data Type 5
  Roof;                                   !- Feature Value 5

OS:ThermalZone,
  {b05ebf2c-40d9-483e-a8c4-fd9f172babec}, !- Handle
  attic - vented,                         !- Name
  1,                                      !- Multiplier
  ,                                       !- Ceiling Height {m}
  147.677783132844,                       !- Volume {m3}
  ,                                       !- Floor Area {m2}
  ,                                       !- Zone Inside Convection Algorithm
  ,                                       !- Zone Outside Convection Algorithm
  ,                                       !- Zone Conditioning Equipment List Name
  {3580ba90-7d37-42bf-9daa-f837f8c3589d}, !- Zone Air Inlet Port List
  {b029858c-33de-46ef-bd30-5adedfe725e8}, !- Zone Air Exhaust Port List
  {6183ba07-f3fe-482d-bdf3-bdedcac98de7}, !- Zone Air Node Name
  {8ef05726-b704-4f5d-8e00-3dea1c23b125}, !- Zone Return Air Port List
  ,                                       !- Primary Daylighting Control Name
  ,                                       !- Fraction of Zone Controlled by Primary Daylighting Control
  ,                                       !- Secondary Daylighting Control Name
  ,                                       !- Fraction of Zone Controlled by Secondary Daylighting Control
  ,                                       !- Illuminance Map Name
  ,                                       !- Group Rendering Name
  ,                                       !- Thermostat Name
  No;                                     !- Use Ideal Air Loads

OS:Node,
  {695ff9a9-1b30-483d-a9ff-19599b15367d}, !- Handle
  Node 2,                                 !- Name
  {6183ba07-f3fe-482d-bdf3-bdedcac98de7}, !- Inlet Port
  ;                                       !- Outlet Port

OS:Connection,
  {6183ba07-f3fe-482d-bdf3-bdedcac98de7}, !- Handle
  {b05ebf2c-40d9-483e-a8c4-fd9f172babec}, !- Source Object
  11,                                     !- Outlet Port
  {695ff9a9-1b30-483d-a9ff-19599b15367d}, !- Target Object
  2;                                      !- Inlet Port

OS:PortList,
  {3580ba90-7d37-42bf-9daa-f837f8c3589d}, !- Handle
  {b05ebf2c-40d9-483e-a8c4-fd9f172babec}; !- HVAC Component

OS:PortList,
  {b029858c-33de-46ef-bd30-5adedfe725e8}, !- Handle
  {b05ebf2c-40d9-483e-a8c4-fd9f172babec}; !- HVAC Component

OS:PortList,
  {8ef05726-b704-4f5d-8e00-3dea1c23b125}, !- Handle
  {b05ebf2c-40d9-483e-a8c4-fd9f172babec}; !- HVAC Component

OS:Sizing:Zone,
  {c034234a-2145-4250-a7b3-c6896605f64f}, !- Handle
  {b05ebf2c-40d9-483e-a8c4-fd9f172babec}, !- Zone or ZoneList Name
  SupplyAirTemperature,                   !- Zone Cooling Design Supply Air Temperature Input Method
  14,                                     !- Zone Cooling Design Supply Air Temperature {C}
  11.11,                                  !- Zone Cooling Design Supply Air Temperature Difference {deltaC}
  SupplyAirTemperature,                   !- Zone Heating Design Supply Air Temperature Input Method
  40,                                     !- Zone Heating Design Supply Air Temperature {C}
  11.11,                                  !- Zone Heating Design Supply Air Temperature Difference {deltaC}
  0.0085,                                 !- Zone Cooling Design Supply Air Humidity Ratio {kg-H2O/kg-air}
  0.008,                                  !- Zone Heating Design Supply Air Humidity Ratio {kg-H2O/kg-air}
  ,                                       !- Zone Heating Sizing Factor
  ,                                       !- Zone Cooling Sizing Factor
  DesignDay,                              !- Cooling Design Air Flow Method
  ,                                       !- Cooling Design Air Flow Rate {m3/s}
  ,                                       !- Cooling Minimum Air Flow per Zone Floor Area {m3/s-m2}
  ,                                       !- Cooling Minimum Air Flow {m3/s}
  ,                                       !- Cooling Minimum Air Flow Fraction
  DesignDay,                              !- Heating Design Air Flow Method
  ,                                       !- Heating Design Air Flow Rate {m3/s}
  ,                                       !- Heating Maximum Air Flow per Zone Floor Area {m3/s-m2}
  ,                                       !- Heating Maximum Air Flow {m3/s}
  ,                                       !- Heating Maximum Air Flow Fraction
  No,                                     !- Account for Dedicated Outdoor Air System
  NeutralSupplyAir,                       !- Dedicated Outdoor Air System Control Strategy
  autosize,                               !- Dedicated Outdoor Air Low Setpoint Temperature for Design {C}
  autosize,                               !- Dedicated Outdoor Air High Setpoint Temperature for Design {C}
  Sensible Load Only No Latent Load,      !- Zone Load Sizing Method
  HumidityRatioDifference,                !- Zone Latent Cooling Design Supply Air Humidity Ratio Input Method
  ,                                       !- Zone Dehumidification Design Supply Air Humidity Ratio {kgWater/kgDryAir}
  0.005,                                  !- Zone Cooling Design Supply Air Humidity Ratio Difference {kgWater/kgDryAir}
  HumidityRatioDifference,                !- Zone Latent Heating Design Supply Air Humidity Ratio Input Method
  ,                                       !- Zone Humidification Design Supply Air Humidity Ratio {kgWater/kgDryAir}
  0.005;                                  !- Zone Humidification Design Supply Air Humidity Ratio Difference {kgWater/kgDryAir}

OS:ZoneHVAC:EquipmentList,
  {827ead60-a070-4cc1-b8eb-8ab4e2b9a2ec}, !- Handle
  Zone HVAC Equipment List 2,             !- Name
  {b05ebf2c-40d9-483e-a8c4-fd9f172babec}; !- Thermal Zone

OS:AdditionalProperties,
  {48af1766-9f30-46d8-82a3-4f111c882a7e}, !- Handle
  {b05ebf2c-40d9-483e-a8c4-fd9f172babec}, !- Object Name
  ObjectType,                             !- Feature Name 1
  String,                                 !- Feature Data Type 1
  attic - vented;                         !- Feature Value 1

OS:Space,
  {aad900f3-58b3-4d06-acd5-f3608a94bd3e}, !- Handle
  attic - vented 1,                       !- Name
  ,                                       !- Space Type Name
  ,                                       !- Default Construction Set Name
  ,                                       !- Default Schedule Set Name
  ,                                       !- Direction of Relative North {deg}
  ,                                       !- X Origin {m}
  ,                                       !- Y Origin {m}
  ,                                       !- Z Origin {m}
  ,                                       !- Building Story Name
  {b05ebf2c-40d9-483e-a8c4-fd9f172babec}, !- Thermal Zone Name
  ,                                       !- Part of Total Floor Area
  ,                                       !- Design Specification Outdoor Air Object Name
  {08d6d2aa-9924-4d6a-ba1c-43e825865b73}, !- Building Unit Name
  147.677783132844;                       !- Volume {m3}

OS:Material,
  {76a74afc-32ca-4ce5-bbcf-4649ce19d001}, !- Handle
  asphalt or fiberglass shingles,         !- Name
  Rough,                                  !- Roughness
  0.00635,                                !- Thickness {m}
  0.162714,                               !- Conductivity {W/m-K}
  1121.4,                                 !- Density {kg/m3}
  1465.45,                                !- Specific Heat {J/kg-K}
  0.9,                                    !- Thermal Absorptance
  0.85,                                   !- Solar Absorptance
  0.85;                                   !- Visible Absorptance

OS:Material,
  {e993da42-1b66-494f-9f3e-2edc99965a2a}, !- Handle
  roof rigid ins,                         !- Name
  Rough,                                  !- Roughness
  0.0028163194147757,                     !- Thickness {m}
  0.029427,                               !- Conductivity {W/m-K}
  32.04,                                  !- Density {kg/m3}
  1214.23,                                !- Specific Heat {J/kg-K}
  0.9,                                    !- Thermal Absorptance
  0.7,                                    !- Solar Absorptance
  0.7;                                    !- Visible Absorptance

OS:Material,
  {22c7c5ef-584d-40bf-ae1c-46863c49e51e}, !- Handle
  osb sheathing 0.5 in.,                  !- Name
  Rough,                                  !- Roughness
  0.0127,                                 !- Thickness {m}
  0.1154577,                              !- Conductivity {W/m-K}
  512.64,                                 !- Density {kg/m3}
  1214.23,                                !- Specific Heat {J/kg-K}
  0.9,                                    !- Thermal Absorptance
  0.6,                                    !- Solar Absorptance
  0.6;                                    !- Visible Absorptance

OS:Construction,
  {c35bc563-c35c-4e00-9496-d959642585a0}, !- Handle
  Roof1 construction,                     !- Name
  ,                                       !- Surface Rendering Name
  {76a74afc-32ca-4ce5-bbcf-4649ce19d001}, !- Layer 1
  {e993da42-1b66-494f-9f3e-2edc99965a2a}, !- Layer 2
  {22c7c5ef-584d-40bf-ae1c-46863c49e51e}; !- Layer 3

OS:Surface,
  {8b655b8b-680b-4200-b6df-c6ec7eaa1c5a}, !- Handle
  Roof2,                                  !- Name
  RoofCeiling,                            !- Surface Type
  {8d07c8c8-9301-4e1c-a164-28446449e3ba}, !- Construction Name
  {aad900f3-58b3-4d06-acd5-f3608a94bd3e}, !- Space Name
  Outdoors,                               !- Outside Boundary Condition
  ,                                       !- Outside Boundary Condition Object
  SunExposed,                             !- Sun Exposure
  WindExposed,                            !- Wind Exposure
  ,                                       !- View Factor to Ground
  ,                                       !- Number of Vertices
  -26.4387572108566, -49.7428812379253, 2.7432, !- X,Y,Z Vertex 1 {m}
  -26.4387572108566, -41.343663866384, 6.94280868577062, !- X,Y,Z Vertex 2 {m}
  -35.8293677111383, -41.343663866384, 6.94280868577062, !- X,Y,Z Vertex 3 {m}
  -35.8293677111383, -49.7428812379253, 2.7432; !- X,Y,Z Vertex 4 {m}

OS:AdditionalProperties,
  {55712736-f8d9-4fb5-9477-14b51120e42a}, !- Handle
  {8b655b8b-680b-4200-b6df-c6ec7eaa1c5a}, !- Object Name
  Length,                                 !- Feature Name 1
  Double,                                 !- Feature Data Type 1
  30.809089567853189,                     !- Feature Value 1
  Width,                                  !- Feature Name 2
  Double,                                 !- Feature Data Type 2
  30.809089567853185,                     !- Feature Value 2
  Azimuth,                                !- Feature Name 3
  Integer,                                !- Feature Data Type 3
  180,                                    !- Feature Value 3
  Tilt,                                   !- Feature Name 4
  Double,                                 !- Feature Data Type 4
  0.5,                                    !- Feature Value 4
  SurfaceType,                            !- Feature Name 5
  String,                                 !- Feature Data Type 5
  Roof;                                   !- Feature Value 5

OS:Construction,
  {8d07c8c8-9301-4e1c-a164-28446449e3ba}, !- Handle
  Roof2 construction,                     !- Name
  ,                                       !- Surface Rendering Name
  {76a74afc-32ca-4ce5-bbcf-4649ce19d001}, !- Layer 1
  {e993da42-1b66-494f-9f3e-2edc99965a2a}, !- Layer 2
  {22c7c5ef-584d-40bf-ae1c-46863c49e51e}; !- Layer 3

OS:Surface,
  {f3047643-228a-4342-b975-d7548363e988}, !- Handle
  Wall1,                                  !- Name
  Wall,                                   !- Surface Type
  {de71cd61-b79f-41c1-8512-4cf9f3971aad}, !- Construction Name
  {e42f2ab6-2c94-42a9-af10-d2a8a063b931}, !- Space Name
  Outdoors,                               !- Outside Boundary Condition
  ,                                       !- Outside Boundary Condition Object
  SunExposed,                             !- Sun Exposure
  WindExposed,                            !- Wind Exposure
  ,                                       !- View Factor to Ground
  ,                                       !- Number of Vertices
  -48.8138489270639, 49.7428794317006, 0.3048, !- X,Y,Z Vertex 1 {m}
  -48.8138489270639, 49.7428794317006, 2.7432, !- X,Y,Z Vertex 2 {m}
  -34.9949789270639, 49.7428794317006, 2.7432, !- X,Y,Z Vertex 3 {m}
  -34.9949789270639, 49.7428794317006, 0.3048; !- X,Y,Z Vertex 4 {m}

OS:AdditionalProperties,
  {8404325a-1313-4c3d-84ab-76f2c2affdb4}, !- Handle
  {f3047643-228a-4342-b975-d7548363e988}, !- Object Name
  Length,                                 !- Feature Name 1
  Double,                                 !- Feature Data Type 1
  45.337500000000006,                     !- Feature Value 1
  Azimuth,                                !- Feature Name 2
  Integer,                                !- Feature Data Type 2
  0,                                      !- Feature Value 2
  Tilt,                                   !- Feature Name 3
  Double,                                 !- Feature Data Type 3
  90,                                     !- Feature Value 3
  SurfaceType,                            !- Feature Name 4
  String,                                 !- Feature Data Type 4
  Wall;                                   !- Feature Value 4

OS:Material,
  {58be4eae-de27-4bb7-897d-de5986e1d197}, !- Handle
  vinyl siding,                           !- Name
  Rough,                                  !- Roughness
  0.009525,                               !- Thickness {m}
  0.089435,                               !- Conductivity {W/m-K}
  177.822,                                !- Density {kg/m3}
  1046.75,                                !- Specific Heat {J/kg-K}
  0.9,                                    !- Thermal Absorptance
  0.5,                                    !- Solar Absorptance
  0.5;                                    !- Visible Absorptance

OS:Material,
  {95e9fbe5-37a2-415d-828d-2cfeb1d83b2d}, !- Handle
  osb sheathing 0.5 in. 1,                !- Name
  Rough,                                  !- Roughness
  0.0127,                                 !- Thickness {m}
  0.1154577,                              !- Conductivity {W/m-K}
  512.64,                                 !- Density {kg/m3}
  1214.23,                                !- Specific Heat {J/kg-K}
  0.9,                                    !- Thermal Absorptance
  0.7,                                    !- Solar Absorptance
  0.7;                                    !- Visible Absorptance

OS:Material,
  {5d6084c1-5f4e-4e18-872d-a200432b1d92}, !- Handle
  wall stud and cavity,                   !- Name
  Rough,                                  !- Roughness
  0.1397,                                 !- Thickness {m}
  0.0950888816651551,                     !- Conductivity {W/m-K}
  139.0536,                               !- Density {kg/m3}
  1170.23755760369,                       !- Specific Heat {J/kg-K}
  0.9,                                    !- Thermal Absorptance
  0.7,                                    !- Solar Absorptance
  0.7;                                    !- Visible Absorptance

OS:Material,
  {0b497491-fb16-450b-a40f-10d03b88b0c5}, !- Handle
  gypsum board,                           !- Name
  Rough,                                  !- Roughness
  0.0127,                                 !- Thickness {m}
  0.1602906,                              !- Conductivity {W/m-K}
  801,                                    !- Density {kg/m3}
  837.4,                                  !- Specific Heat {J/kg-K}
  0.9,                                    !- Thermal Absorptance
  0.6,                                    !- Solar Absorptance
  0.6;                                    !- Visible Absorptance

OS:Construction,
  {de71cd61-b79f-41c1-8512-4cf9f3971aad}, !- Handle
  Wall1 construction,                     !- Name
  ,                                       !- Surface Rendering Name
  {58be4eae-de27-4bb7-897d-de5986e1d197}, !- Layer 1
  {95e9fbe5-37a2-415d-828d-2cfeb1d83b2d}, !- Layer 2
  {5d6084c1-5f4e-4e18-872d-a200432b1d92}, !- Layer 3
  {0b497491-fb16-450b-a40f-10d03b88b0c5}; !- Layer 4

OS:Surface,
  {5e456e20-8124-46f4-92c3-7527dd162d8d}, !- Handle
  Wall2,                                  !- Name
  Wall,                                   !- Surface Type
  {3f584023-25ed-41ce-a1a8-69ff05b8c8b8}, !- Construction Name
  {e42f2ab6-2c94-42a9-af10-d2a8a063b931}, !- Space Name
  Outdoors,                               !- Outside Boundary Condition
  ,                                       !- Outside Boundary Condition Object
  SunExposed,                             !- Sun Exposure
  WindExposed,                            !- Wind Exposure
  ,                                       !- View Factor to Ground
  ,                                       !- Number of Vertices
  49.7428808282886, -29.4386025998821, 0.3048, !- X,Y,Z Vertex 1 {m}
  49.7428808282886, -29.4386025998821, 2.7432, !- X,Y,Z Vertex 2 {m}
  49.7428809307718, -37.1157525998821, 2.7432, !- X,Y,Z Vertex 3 {m}
  49.7428809307718, -37.1157525998821, 0.3048; !- X,Y,Z Vertex 4 {m}

OS:AdditionalProperties,
  {28113b9e-8ea4-47f8-b4b7-1608e62678ea}, !- Handle
  {5e456e20-8124-46f4-92c3-7527dd162d8d}, !- Object Name
  Length,                                 !- Feature Name 1
  Double,                                 !- Feature Data Type 1
  25.1875,                                !- Feature Value 1
  Azimuth,                                !- Feature Name 2
  Integer,                                !- Feature Data Type 2
  90,                                     !- Feature Value 2
  Tilt,                                   !- Feature Name 3
  Double,                                 !- Feature Data Type 3
  90,                                     !- Feature Value 3
  SurfaceType,                            !- Feature Name 4
  String,                                 !- Feature Data Type 4
  Wall;                                   !- Feature Value 4

OS:Construction,
  {3f584023-25ed-41ce-a1a8-69ff05b8c8b8}, !- Handle
  Wall2 construction,                     !- Name
  ,                                       !- Surface Rendering Name
  {58be4eae-de27-4bb7-897d-de5986e1d197}, !- Layer 1
  {95e9fbe5-37a2-415d-828d-2cfeb1d83b2d}, !- Layer 2
  {5d6084c1-5f4e-4e18-872d-a200432b1d92}, !- Layer 3
  {0b497491-fb16-450b-a40f-10d03b88b0c5}; !- Layer 4

OS:Surface,
  {73bf09c3-eb96-440b-b49b-c5aa1e475ef9}, !- Handle
  Wall3,                                  !- Name
  Wall,                                   !- Surface Type
  {da575b19-5059-4e7f-9c0d-1b406d254769}, !- Construction Name
  {e42f2ab6-2c94-42a9-af10-d2a8a063b931}, !- Space Name
  Outdoors,                               !- Outside Boundary Condition
  ,                                       !- Outside Boundary Condition Object
  SunExposed,                             !- Sun Exposure
  WindExposed,                            !- Wind Exposure
  ,                                       !- View Factor to Ground
  ,                                       !- Number of Vertices
  -3.45980671640253, -49.7428802167929, 0.3048, !- X,Y,Z Vertex 1 {m}
  -3.45980671640253, -49.7428802167929, 2.7432, !- X,Y,Z Vertex 2 {m}
  -16.5166767164025, -49.7428805653885, 2.7432, !- X,Y,Z Vertex 3 {m}
  -16.5166767164025, -49.7428805653885, 0.3048; !- X,Y,Z Vertex 4 {m}

OS:AdditionalProperties,
  {b8840761-6a48-4488-96bb-2f4a8d2f9cc4}, !- Handle
  {73bf09c3-eb96-440b-b49b-c5aa1e475ef9}, !- Object Name
  Length,                                 !- Feature Name 1
  Double,                                 !- Feature Data Type 1
  42.837500000000006,                     !- Feature Value 1
  Azimuth,                                !- Feature Name 2
  Integer,                                !- Feature Data Type 2
  180,                                    !- Feature Value 2
  Tilt,                                   !- Feature Name 3
  Double,                                 !- Feature Data Type 3
  90,                                     !- Feature Value 3
  SurfaceType,                            !- Feature Name 4
  String,                                 !- Feature Data Type 4
  Wall;                                   !- Feature Value 4

OS:Construction,
  {da575b19-5059-4e7f-9c0d-1b406d254769}, !- Handle
  Wall3 construction,                     !- Name
  ,                                       !- Surface Rendering Name
  {58be4eae-de27-4bb7-897d-de5986e1d197}, !- Layer 1
  {95e9fbe5-37a2-415d-828d-2cfeb1d83b2d}, !- Layer 2
  {5d6084c1-5f4e-4e18-872d-a200432b1d92}, !- Layer 3
  {0b497491-fb16-450b-a40f-10d03b88b0c5}; !- Layer 4

OS:Surface,
  {1d64dbe9-4c62-4481-bbd9-f0ddbe730f8c}, !- Handle
  Wall4,                                  !- Name
  Wall,                                   !- Surface Type
  {654ae4e6-4aa3-4b44-8e0b-e443fbc80de3}, !- Construction Name
  {e42f2ab6-2c94-42a9-af10-d2a8a063b931}, !- Space Name
  Outdoors,                               !- Outside Boundary Condition
  ,                                       !- Outside Boundary Condition Object
  SunExposed,                             !- Sun Exposure
  WindExposed,                            !- Wind Exposure
  ,                                       !- View Factor to Ground
  ,                                       !- Number of Vertices
  -49.7428816142477, 29.4386012718343, 0.3048, !- X,Y,Z Vertex 1 {m}
  -49.7428816142477, 29.4386012718343, 2.7432, !- X,Y,Z Vertex 2 {m}
  -49.7428819216974, 37.1157512718343, 2.7432, !- X,Y,Z Vertex 3 {m}
  -49.7428819216974, 37.1157512718343, 0.3048; !- X,Y,Z Vertex 4 {m}

OS:AdditionalProperties,
  {fa747335-3afa-4092-a820-17ea43210844}, !- Handle
  {1d64dbe9-4c62-4481-bbd9-f0ddbe730f8c}, !- Object Name
  Length,                                 !- Feature Name 1
  Double,                                 !- Feature Data Type 1
  25.1875,                                !- Feature Value 1
  Azimuth,                                !- Feature Name 2
  Integer,                                !- Feature Data Type 2
  270,                                    !- Feature Value 2
  Tilt,                                   !- Feature Name 3
  Double,                                 !- Feature Data Type 3
  90,                                     !- Feature Value 3
  SurfaceType,                            !- Feature Name 4
  String,                                 !- Feature Data Type 4
  Wall;                                   !- Feature Value 4

OS:Construction,
  {654ae4e6-4aa3-4b44-8e0b-e443fbc80de3}, !- Handle
  Wall4 construction,                     !- Name
  ,                                       !- Surface Rendering Name
  {58be4eae-de27-4bb7-897d-de5986e1d197}, !- Layer 1
  {95e9fbe5-37a2-415d-828d-2cfeb1d83b2d}, !- Layer 2
  {5d6084c1-5f4e-4e18-872d-a200432b1d92}, !- Layer 3
  {0b497491-fb16-450b-a40f-10d03b88b0c5}; !- Layer 4

OS:Surface,
  {c22e35d0-868b-4012-acdb-17aebf826fbd}, !- Handle
  Wall5,                                  !- Name
  Wall,                                   !- Surface Type
  {a115dd3f-f87d-4f43-bd70-afc534dcadef}, !- Construction Name
  {aad900f3-58b3-4d06-acd5-f3608a94bd3e}, !- Space Name
  Outdoors,                               !- Outside Boundary Condition
  ,                                       !- Outside Boundary Condition Object
  SunExposed,                             !- Sun Exposure
  WindExposed,                            !- Wind Exposure
  ,                                       !- View Factor to Ground
  ,                                       !- Number of Vertices
  49.7428806622972, -24.0175821998821, 0.3048, !- X,Y,Z Vertex 1 {m}
  49.7428806622972, -24.0175821998821, 2.7432, !- X,Y,Z Vertex 2 {m}
  49.7428807222614, -28.5095721998821, 2.7432, !- X,Y,Z Vertex 3 {m}
  49.7428807222614, -28.5095721998821, 0.3048; !- X,Y,Z Vertex 4 {m}

OS:AdditionalProperties,
  {dbf07947-7df7-4a87-9ae8-82f996dd3f26}, !- Handle
  {c22e35d0-868b-4012-acdb-17aebf826fbd}, !- Object Name
  Length,                                 !- Feature Name 1
  Double,                                 !- Feature Data Type 1
  14.737500000000001,                     !- Feature Value 1
  Azimuth,                                !- Feature Name 2
  Integer,                                !- Feature Data Type 2
  90,                                     !- Feature Value 2
  Tilt,                                   !- Feature Name 3
  Double,                                 !- Feature Data Type 3
  90,                                     !- Feature Value 3
  SurfaceType,                            !- Feature Name 4
  String,                                 !- Feature Data Type 4
  Wall;                                   !- Feature Value 4

OS:Material,
  {d444963d-5ecc-4a5f-94ac-826e185a1d76}, !- Handle
  wall stud and cavity 1,                 !- Name
  Rough,                                  !- Roughness
  0.1397,                                 !- Thickness {m}
  0.419005042209566,                      !- Conductivity {W/m-K}
  139.0536,                               !- Density {kg/m3}
  1170.23755760369,                       !- Specific Heat {J/kg-K}
  0.9,                                    !- Thermal Absorptance
  0.6,                                    !- Solar Absorptance
  0.6;                                    !- Visible Absorptance

OS:Construction,
  {a115dd3f-f87d-4f43-bd70-afc534dcadef}, !- Handle
  Wall5 construction,                     !- Name
  ,                                       !- Surface Rendering Name
  {58be4eae-de27-4bb7-897d-de5986e1d197}, !- Layer 1
  {95e9fbe5-37a2-415d-828d-2cfeb1d83b2d}, !- Layer 2
  {d444963d-5ecc-4a5f-94ac-826e185a1d76}; !- Layer 3

OS:Surface,
  {83dc63cf-3126-4624-9d84-df53a6657c1c}, !- Handle
  Wall6,                                  !- Name
  Wall,                                   !- Surface Type
  {e9c20c8d-bff4-4e8c-9a74-f1d6fe2c27e1}, !- Construction Name
  {aad900f3-58b3-4d06-acd5-f3608a94bd3e}, !- Space Name
  Outdoors,                               !- Outside Boundary Condition
  ,                                       !- Outside Boundary Condition Object
  SunExposed,                             !- Sun Exposure
  WindExposed,                            !- Wind Exposure
  ,                                       !- View Factor to Ground
  ,                                       !- Number of Vertices
  -49.7428813035247, 24.0175808718343, 0.3048, !- X,Y,Z Vertex 1 {m}
  -49.7428813035247, 24.0175808718343, 2.7432, !- X,Y,Z Vertex 2 {m}
  -49.7428814834171, 28.5095708718343, 2.7432, !- X,Y,Z Vertex 3 {m}
  -49.7428814834171, 28.5095708718343, 0.3048; !- X,Y,Z Vertex 4 {m}

OS:AdditionalProperties,
  {179310f2-83cf-4132-a19f-2c1b26be46c8}, !- Handle
  {83dc63cf-3126-4624-9d84-df53a6657c1c}, !- Object Name
  Length,                                 !- Feature Name 1
  Double,                                 !- Feature Data Type 1
  14.737500000000001,                     !- Feature Value 1
  Azimuth,                                !- Feature Name 2
  Integer,                                !- Feature Data Type 2
  270,                                    !- Feature Value 2
  Tilt,                                   !- Feature Name 3
  Double,                                 !- Feature Data Type 3
  90,                                     !- Feature Value 3
  SurfaceType,                            !- Feature Name 4
  String,                                 !- Feature Data Type 4
  Wall;                                   !- Feature Value 4

OS:Construction,
  {e9c20c8d-bff4-4e8c-9a74-f1d6fe2c27e1}, !- Handle
  Wall6 construction,                     !- Name
  ,                                       !- Surface Rendering Name
  {58be4eae-de27-4bb7-897d-de5986e1d197}, !- Layer 1
  {95e9fbe5-37a2-415d-828d-2cfeb1d83b2d}, !- Layer 2
  {d444963d-5ecc-4a5f-94ac-826e185a1d76}; !- Layer 3

OS:Surface,
  {5d774830-5bab-4796-94d5-1e0d23241a6e}, !- Handle
  RimJoist1,                              !- Name
  Wall,                                   !- Surface Type
  {dfe0bed7-6c1f-4c04-a4b7-05af5080029b}, !- Construction Name
  {3a417cd0-2ddf-448d-9874-c9246d4b0134}, !- Space Name
  Outdoors,                               !- Outside Boundary Condition
  ,                                       !- Outside Boundary Condition Object
  SunExposed,                             !- Sun Exposure
  WindExposed,                            !- Wind Exposure
  ,                                       !- View Factor to Ground
  ,                                       !- Number of Vertices
  -16.5962310729361, 49.7428798562084, 0.3048, !- X,Y,Z Vertex 1 {m}
  -16.5962310729361, 49.7428798562084, 0.6096, !- X,Y,Z Vertex 2 {m}
  -3.6117510729361, 49.7428798562084, 0.6096, !- X,Y,Z Vertex 3 {m}
  -3.6117510729361, 49.7428798562084, 0.3048; !- X,Y,Z Vertex 4 {m}

OS:AdditionalProperties,
  {81c9b888-9c79-41d1-9d1e-b1b4f4981f3e}, !- Handle
  {5d774830-5bab-4796-94d5-1e0d23241a6e}, !- Object Name
  Length,                                 !- Feature Name 1
  Double,                                 !- Feature Data Type 1
  42.600000000000001,                     !- Feature Value 1
  Azimuth,                                !- Feature Name 2
  Integer,                                !- Feature Data Type 2
  0,                                      !- Feature Value 2
  Tilt,                                   !- Feature Name 3
  Double,                                 !- Feature Data Type 3
  90,                                     !- Feature Value 3
  SurfaceType,                            !- Feature Name 4
  String,                                 !- Feature Data Type 4
  RimJoist;                               !- Feature Value 4

OS:ThermalZone,
  {1f5d812e-84cf-45eb-9f2a-8287ea59c088}, !- Handle
  basement - unconditioned,               !- Name
  1,                                      !- Multiplier
  ,                                       !- Ceiling Height {m}
  384.656044105728,                       !- Volume {m3}
  ,                                       !- Floor Area {m2}
  ,                                       !- Zone Inside Convection Algorithm
  ,                                       !- Zone Outside Convection Algorithm
  ,                                       !- Zone Conditioning Equipment List Name
  {b07ec356-3bb1-41c5-ad69-e38fc2161cc0}, !- Zone Air Inlet Port List
  {81cad64e-e263-497f-95de-6b929ef2b01c}, !- Zone Air Exhaust Port List
  {79ee395a-0324-4b50-90fe-2c1b2f3af6af}, !- Zone Air Node Name
  {a0f33ea4-37ef-4eec-a563-fbe27fc31ec2}, !- Zone Return Air Port List
  ,                                       !- Primary Daylighting Control Name
  ,                                       !- Fraction of Zone Controlled by Primary Daylighting Control
  ,                                       !- Secondary Daylighting Control Name
  ,                                       !- Fraction of Zone Controlled by Secondary Daylighting Control
  ,                                       !- Illuminance Map Name
  ,                                       !- Group Rendering Name
  ,                                       !- Thermostat Name
  No;                                     !- Use Ideal Air Loads

OS:Node,
  {9b932f47-d5f6-4a8a-8b7a-b5945afccfbc}, !- Handle
  Node 3,                                 !- Name
  {79ee395a-0324-4b50-90fe-2c1b2f3af6af}, !- Inlet Port
  ;                                       !- Outlet Port

OS:Connection,
  {79ee395a-0324-4b50-90fe-2c1b2f3af6af}, !- Handle
  {1f5d812e-84cf-45eb-9f2a-8287ea59c088}, !- Source Object
  11,                                     !- Outlet Port
  {9b932f47-d5f6-4a8a-8b7a-b5945afccfbc}, !- Target Object
  2;                                      !- Inlet Port

OS:PortList,
  {b07ec356-3bb1-41c5-ad69-e38fc2161cc0}, !- Handle
  {1f5d812e-84cf-45eb-9f2a-8287ea59c088}; !- HVAC Component

OS:PortList,
  {81cad64e-e263-497f-95de-6b929ef2b01c}, !- Handle
  {1f5d812e-84cf-45eb-9f2a-8287ea59c088}; !- HVAC Component

OS:PortList,
  {a0f33ea4-37ef-4eec-a563-fbe27fc31ec2}, !- Handle
  {1f5d812e-84cf-45eb-9f2a-8287ea59c088}; !- HVAC Component

OS:Sizing:Zone,
  {6a27d293-9217-4c68-9892-b73a0851d7d3}, !- Handle
  {1f5d812e-84cf-45eb-9f2a-8287ea59c088}, !- Zone or ZoneList Name
  SupplyAirTemperature,                   !- Zone Cooling Design Supply Air Temperature Input Method
  14,                                     !- Zone Cooling Design Supply Air Temperature {C}
  11.11,                                  !- Zone Cooling Design Supply Air Temperature Difference {deltaC}
  SupplyAirTemperature,                   !- Zone Heating Design Supply Air Temperature Input Method
  40,                                     !- Zone Heating Design Supply Air Temperature {C}
  11.11,                                  !- Zone Heating Design Supply Air Temperature Difference {deltaC}
  0.0085,                                 !- Zone Cooling Design Supply Air Humidity Ratio {kg-H2O/kg-air}
  0.008,                                  !- Zone Heating Design Supply Air Humidity Ratio {kg-H2O/kg-air}
  ,                                       !- Zone Heating Sizing Factor
  ,                                       !- Zone Cooling Sizing Factor
  DesignDay,                              !- Cooling Design Air Flow Method
  ,                                       !- Cooling Design Air Flow Rate {m3/s}
  ,                                       !- Cooling Minimum Air Flow per Zone Floor Area {m3/s-m2}
  ,                                       !- Cooling Minimum Air Flow {m3/s}
  ,                                       !- Cooling Minimum Air Flow Fraction
  DesignDay,                              !- Heating Design Air Flow Method
  ,                                       !- Heating Design Air Flow Rate {m3/s}
  ,                                       !- Heating Maximum Air Flow per Zone Floor Area {m3/s-m2}
  ,                                       !- Heating Maximum Air Flow {m3/s}
  ,                                       !- Heating Maximum Air Flow Fraction
  No,                                     !- Account for Dedicated Outdoor Air System
  NeutralSupplyAir,                       !- Dedicated Outdoor Air System Control Strategy
  autosize,                               !- Dedicated Outdoor Air Low Setpoint Temperature for Design {C}
  autosize,                               !- Dedicated Outdoor Air High Setpoint Temperature for Design {C}
  Sensible Load Only No Latent Load,      !- Zone Load Sizing Method
  HumidityRatioDifference,                !- Zone Latent Cooling Design Supply Air Humidity Ratio Input Method
  ,                                       !- Zone Dehumidification Design Supply Air Humidity Ratio {kgWater/kgDryAir}
  0.005,                                  !- Zone Cooling Design Supply Air Humidity Ratio Difference {kgWater/kgDryAir}
  HumidityRatioDifference,                !- Zone Latent Heating Design Supply Air Humidity Ratio Input Method
  ,                                       !- Zone Humidification Design Supply Air Humidity Ratio {kgWater/kgDryAir}
  0.005;                                  !- Zone Humidification Design Supply Air Humidity Ratio Difference {kgWater/kgDryAir}

OS:ZoneHVAC:EquipmentList,
  {383268e2-085e-443e-9119-c1f57cc4b731}, !- Handle
  Zone HVAC Equipment List 3,             !- Name
  {1f5d812e-84cf-45eb-9f2a-8287ea59c088}; !- Thermal Zone

OS:AdditionalProperties,
  {69286def-0aff-4c96-8fed-70054ade1996}, !- Handle
  {1f5d812e-84cf-45eb-9f2a-8287ea59c088}, !- Object Name
  ObjectType,                             !- Feature Name 1
  String,                                 !- Feature Data Type 1
  basement - unconditioned;               !- Feature Value 1

OS:Space,
  {3a417cd0-2ddf-448d-9874-c9246d4b0134}, !- Handle
  basement - unconditioned 1,             !- Name
  ,                                       !- Space Type Name
  ,                                       !- Default Construction Set Name
  ,                                       !- Default Schedule Set Name
  ,                                       !- Direction of Relative North {deg}
  ,                                       !- X Origin {m}
  ,                                       !- Y Origin {m}
  ,                                       !- Z Origin {m}
  ,                                       !- Building Story Name
  {1f5d812e-84cf-45eb-9f2a-8287ea59c088}, !- Thermal Zone Name
  ,                                       !- Part of Total Floor Area
  ,                                       !- Design Specification Outdoor Air Object Name
  {08d6d2aa-9924-4d6a-ba1c-43e825865b73}, !- Building Unit Name
  384.656044105728;                       !- Volume {m3}

OS:Material,
  {b4b5daee-2e6c-4848-ae45-416398aee471}, !- Handle
  rim joist stud and cavity,              !- Name
  Rough,                                  !- Roughness
  0.0508,                                 !- Thickness {m}
  0.178288778581823,                      !- Conductivity {W/m-K}
  50.32683,                               !- Density {kg/m3}
  1063.80987585548,                       !- Specific Heat {J/kg-K}
  0.9,                                    !- Thermal Absorptance
  0.6,                                    !- Solar Absorptance
  0.6;                                    !- Visible Absorptance

OS:Construction,
  {dfe0bed7-6c1f-4c04-a4b7-05af5080029b}, !- Handle
  RimJoist1 construction,                 !- Name
  ,                                       !- Surface Rendering Name
  {58be4eae-de27-4bb7-897d-de5986e1d197}, !- Layer 1
  {b4b5daee-2e6c-4848-ae45-416398aee471}; !- Layer 2

OS:Surface,
  {b7a261a4-221b-45f6-b8dd-7b07ac40fb1f}, !- Handle
  RimJoist2,                              !- Name
  Wall,                                   !- Surface Type
  {d4a4b251-b616-432d-9e24-59297e23f3be}, !- Construction Name
  {3a417cd0-2ddf-448d-9874-c9246d4b0134}, !- Space Name
  Outdoors,                               !- Outside Boundary Condition
  ,                                       !- Outside Boundary Condition Object
  SunExposed,                             !- Sun Exposure
  WindExposed,                            !- Wind Exposure
  ,                                       !- View Factor to Ground
  ,                                       !- Number of Vertices
  49.7428811744893, -42.51911866304, 0.3048, !- X,Y,Z Vertex 1 {m}
  49.7428811744893, -42.51911866304, 0.6096, !- X,Y,Z Vertex 2 {m}
  49.7428812709201, -49.74287866304, 0.6096, !- X,Y,Z Vertex 3 {m}
  49.7428812709201, -49.74287866304, 0.3048; !- X,Y,Z Vertex 4 {m}

OS:AdditionalProperties,
  {b197bae0-0ee8-4774-b0aa-56ecff2a897a}, !- Handle
  {b7a261a4-221b-45f6-b8dd-7b07ac40fb1f}, !- Object Name
  Length,                                 !- Feature Name 1
  Double,                                 !- Feature Data Type 1
  23.699999999999999,                     !- Feature Value 1
  Azimuth,                                !- Feature Name 2
  Integer,                                !- Feature Data Type 2
  90,                                     !- Feature Value 2
  Tilt,                                   !- Feature Name 3
  Double,                                 !- Feature Data Type 3
  90,                                     !- Feature Value 3
  SurfaceType,                            !- Feature Name 4
  String,                                 !- Feature Data Type 4
  RimJoist;                               !- Feature Value 4

OS:Construction,
  {d4a4b251-b616-432d-9e24-59297e23f3be}, !- Handle
  RimJoist2 construction,                 !- Name
  ,                                       !- Surface Rendering Name
  {58be4eae-de27-4bb7-897d-de5986e1d197}, !- Layer 1
  {b4b5daee-2e6c-4848-ae45-416398aee471}; !- Layer 2

OS:Surface,
  {cdf34dd1-0540-4102-ae96-8eb2add508e4}, !- Handle
  RimJoist3,                              !- Name
  Wall,                                   !- Surface Type
  {61eac318-d1fd-465c-b608-c8b4d23e4cdc}, !- Construction Name
  {3a417cd0-2ddf-448d-9874-c9246d4b0134}, !- Space Name
  Outdoors,                               !- Outside Boundary Condition
  ,                                       !- Outside Boundary Condition Object
  SunExposed,                             !- Sun Exposure
  WindExposed,                            !- Wind Exposure
  ,                                       !- View Factor to Ground
  ,                                       !- Number of Vertices
  -36.7583979990161, -49.7428815498308, 0.3048, !- X,Y,Z Vertex 1 {m}
  -36.7583979990161, -49.7428815498308, 0.6096, !- X,Y,Z Vertex 2 {m}
  -49.7428779990161, -49.7428818964937, 0.6096, !- X,Y,Z Vertex 3 {m}
  -49.7428779990161, -49.7428818964937, 0.3048; !- X,Y,Z Vertex 4 {m}

OS:AdditionalProperties,
  {04c53544-deb4-4b34-a953-a8fed5589ec8}, !- Handle
  {cdf34dd1-0540-4102-ae96-8eb2add508e4}, !- Object Name
  Length,                                 !- Feature Name 1
  Double,                                 !- Feature Data Type 1
  42.600000000000001,                     !- Feature Value 1
  Azimuth,                                !- Feature Name 2
  Integer,                                !- Feature Data Type 2
  180,                                    !- Feature Value 2
  Tilt,                                   !- Feature Name 3
  Double,                                 !- Feature Data Type 3
  90,                                     !- Feature Value 3
  SurfaceType,                            !- Feature Name 4
  String,                                 !- Feature Data Type 4
  RimJoist;                               !- Feature Value 4

OS:Construction,
  {61eac318-d1fd-465c-b608-c8b4d23e4cdc}, !- Handle
  RimJoist3 construction,                 !- Name
  ,                                       !- Surface Rendering Name
  {58be4eae-de27-4bb7-897d-de5986e1d197}, !- Layer 1
  {b4b5daee-2e6c-4848-ae45-416398aee471}; !- Layer 2

OS:Surface,
  {92e1f0b7-51d7-4e53-8c26-234a5eafb9a4}, !- Handle
  RimJoist4,                              !- Name
  Wall,                                   !- Surface Type
  {b4677f80-47e5-4dfb-9e57-b367fe73b2ab}, !- Construction Name
  {3a417cd0-2ddf-448d-9874-c9246d4b0134}, !- Space Name
  Outdoors,                               !- Outside Boundary Condition
  ,                                       !- Outside Boundary Condition Object
  SunExposed,                             !- Sun Exposure
  WindExposed,                            !- Wind Exposure
  ,                                       !- View Factor to Ground
  ,                                       !- Number of Vertices
  -49.7428823096753, 42.5191173349921, 0.3048, !- X,Y,Z Vertex 1 {m}
  -49.7428823096753, 42.5191173349921, 0.6096, !- X,Y,Z Vertex 2 {m}
  -49.7428825989679, 49.7428773349921, 0.6096, !- X,Y,Z Vertex 3 {m}
  -49.7428825989679, 49.7428773349921, 0.3048; !- X,Y,Z Vertex 4 {m}

OS:AdditionalProperties,
  {b14bd1b6-d17a-4bdf-8adb-264441643d06}, !- Handle
  {92e1f0b7-51d7-4e53-8c26-234a5eafb9a4}, !- Object Name
  Length,                                 !- Feature Name 1
  Double,                                 !- Feature Data Type 1
  23.699999999999999,                     !- Feature Value 1
  Azimuth,                                !- Feature Name 2
  Integer,                                !- Feature Data Type 2
  270,                                    !- Feature Value 2
  Tilt,                                   !- Feature Name 3
  Double,                                 !- Feature Data Type 3
  90,                                     !- Feature Value 3
  SurfaceType,                            !- Feature Name 4
  String,                                 !- Feature Data Type 4
  RimJoist;                               !- Feature Value 4

OS:Construction,
  {b4677f80-47e5-4dfb-9e57-b367fe73b2ab}, !- Handle
  RimJoist4 construction,                 !- Name
  ,                                       !- Surface Rendering Name
  {58be4eae-de27-4bb7-897d-de5986e1d197}, !- Layer 1
  {b4b5daee-2e6c-4848-ae45-416398aee471}; !- Layer 2

OS:Surface,
  {da810218-83d8-41e1-87e8-7ef2496b8098}, !- Handle
  Floor1,                                 !- Name
  Floor,                                  !- Surface Type
  {8af9df91-6ce8-4cce-a269-a4ddcd4579c5}, !- Construction Name
  {e42f2ab6-2c94-42a9-af10-d2a8a063b931}, !- Space Name
  Surface,                                !- Outside Boundary Condition
  {dd8a3c64-54c7-40ca-87f4-650e8c6710a7}, !- Outside Boundary Condition Object
  NoSun,                                  !- Sun Exposure
  NoWind,                                 !- Wind Exposure
  ,                                       !- View Factor to Ground
  ,                                       !- Number of Vertices
  -6.27991564274553, -6.27991564274553, 0.3048, !- X,Y,Z Vertex 1 {m}
  -6.27991564274553, 6.27991564274553, 0.3048, !- X,Y,Z Vertex 2 {m}
  6.27991564274553, 6.27991564274553, 0.3048, !- X,Y,Z Vertex 3 {m}
  6.27991564274553, -6.27991564274553, 0.3048; !- X,Y,Z Vertex 4 {m}

OS:AdditionalProperties,
  {68e337d4-00b4-45d0-b5ce-4499cd9a8c43}, !- Handle
  {da810218-83d8-41e1-87e8-7ef2496b8098}, !- Object Name
  SurfaceType,                            !- Feature Name 1
  String,                                 !- Feature Data Type 1
  Floor,                                  !- Feature Value 1
  Tilt,                                   !- Feature Name 2
  Double,                                 !- Feature Data Type 2
  0;                                      !- Feature Value 2

OS:Surface,
  {dd8a3c64-54c7-40ca-87f4-650e8c6710a7}, !- Handle
  Surface 1 Reversed,                     !- Name
  RoofCeiling,                            !- Surface Type
  {9c40b3c4-b1d0-4bb4-b3a7-f88d9f0b0252}, !- Construction Name
  {3a417cd0-2ddf-448d-9874-c9246d4b0134}, !- Space Name
  Surface,                                !- Outside Boundary Condition
  {da810218-83d8-41e1-87e8-7ef2496b8098}, !- Outside Boundary Condition Object
  NoSun,                                  !- Sun Exposure
  NoWind,                                 !- Wind Exposure
  ,                                       !- View Factor to Ground
  ,                                       !- Number of Vertices
  6.27991564274553, -6.27991564274553, 0.3048, !- X,Y,Z Vertex 1 {m}
  6.27991564274553, 6.27991564274553, 0.3048, !- X,Y,Z Vertex 2 {m}
  -6.27991564274553, 6.27991564274553, 0.3048, !- X,Y,Z Vertex 3 {m}
  -6.27991564274553, -6.27991564274553, 0.3048; !- X,Y,Z Vertex 4 {m}

OS:AdditionalProperties,
  {38430e24-1c18-4397-9a04-146de1637f79}, !- Handle
  {dd8a3c64-54c7-40ca-87f4-650e8c6710a7}, !- Object Name
  SurfaceType,                            !- Feature Name 1
  String,                                 !- Feature Data Type 1
  Floor;                                  !- Feature Value 1

OS:Material,
  {e781dcb3-0c6a-4c64-ba6f-2385220f1a24}, !- Handle
  floor stud and cavity,                  !- Name
  Rough,                                  !- Roughness
  0.1397,                                 !- Thickness {m}
  0.0972396202374407,                     !- Conductivity {W/m-K}
  92.3553,                                !- Density {kg/m3}
  1139.71374674761,                       !- Specific Heat {J/kg-K}
  0.9,                                    !- Thermal Absorptance
  0.7,                                    !- Solar Absorptance
  0.7;                                    !- Visible Absorptance

OS:Material,
  {4c342ae0-b07f-4fb7-a07d-483fc27213ae}, !- Handle
  floor rigid ins,                        !- Name
  Rough,                                  !- Roughness
  0.051816,                               !- Thickness {m}
  0.029427,                               !- Conductivity {W/m-K}
  32.04,                                  !- Density {kg/m3}
  1214.23,                                !- Specific Heat {J/kg-K}
  0.9,                                    !- Thermal Absorptance
  0.7,                                    !- Solar Absorptance
  0.7;                                    !- Visible Absorptance

OS:Material,
  {98c82809-742c-4f73-828d-bb96baa1936e}, !- Handle
  osb sheathing 0.75 in.,                 !- Name
  Rough,                                  !- Roughness
  0.01905,                                !- Thickness {m}
  0.1154577,                              !- Conductivity {W/m-K}
  512.64,                                 !- Density {kg/m3}
  1214.23,                                !- Specific Heat {J/kg-K}
  0.9,                                    !- Thermal Absorptance
  0.7,                                    !- Solar Absorptance
  0.7;                                    !- Visible Absorptance

OS:Material,
  {e6f50b1b-5e51-4f23-8524-32bffa85593e}, !- Handle
  floor covering,                         !- Name
  Rough,                                  !- Roughness
  0.0127,                                 !- Thickness {m}
  0.0433443509615385,                     !- Conductivity {W/m-K}
  54.468,                                 !- Density {kg/m3}
  1339.84,                                !- Specific Heat {J/kg-K}
  0.9,                                    !- Thermal Absorptance
  0.6,                                    !- Solar Absorptance
  0.6;                                    !- Visible Absorptance

OS:Construction,
  {8af9df91-6ce8-4cce-a269-a4ddcd4579c5}, !- Handle
  Floor1 construction,                    !- Name
  ,                                       !- Surface Rendering Name
  {e781dcb3-0c6a-4c64-ba6f-2385220f1a24}, !- Layer 1
  {4c342ae0-b07f-4fb7-a07d-483fc27213ae}, !- Layer 2
  {98c82809-742c-4f73-828d-bb96baa1936e}, !- Layer 3
  {e6f50b1b-5e51-4f23-8524-32bffa85593e}; !- Layer 4

OS:Construction,
  {9c40b3c4-b1d0-4bb4-b3a7-f88d9f0b0252}, !- Handle
  Floor1 construction Reversed,           !- Name
  ,                                       !- Surface Rendering Name
  {e6f50b1b-5e51-4f23-8524-32bffa85593e}, !- Layer 1
  {98c82809-742c-4f73-828d-bb96baa1936e}, !- Layer 2
  {4c342ae0-b07f-4fb7-a07d-483fc27213ae}, !- Layer 3
  {e781dcb3-0c6a-4c64-ba6f-2385220f1a24}; !- Layer 4

OS:Surface,
  {8e5083ca-4c31-4a90-bea9-222178b72036}, !- Handle
  Floor2,                                 !- Name
  RoofCeiling,                            !- Surface Type
  {284fd094-4a37-4e68-989d-12e7c333f895}, !- Construction Name
  {e42f2ab6-2c94-42a9-af10-d2a8a063b931}, !- Space Name
  Surface,                                !- Outside Boundary Condition
  {2cd96ebd-db76-4fa2-bbac-217e0ac5de0c}, !- Outside Boundary Condition Object
  NoSun,                                  !- Sun Exposure
  NoWind,                                 !- Wind Exposure
  ,                                       !- View Factor to Ground
  ,                                       !- Number of Vertices
  6.27991564274553, -6.27991564274553, 2.7432, !- X,Y,Z Vertex 1 {m}
  6.27991564274553, 6.27991564274553, 2.7432, !- X,Y,Z Vertex 2 {m}
  -6.27991564274553, 6.27991564274553, 2.7432, !- X,Y,Z Vertex 3 {m}
  -6.27991564274553, -6.27991564274553, 2.7432; !- X,Y,Z Vertex 4 {m}

OS:AdditionalProperties,
  {fa29b11d-02d0-4811-b4b9-26fa3b744881}, !- Handle
  {8e5083ca-4c31-4a90-bea9-222178b72036}, !- Object Name
  SurfaceType,                            !- Feature Name 1
  String,                                 !- Feature Data Type 1
  Ceiling,                                !- Feature Value 1
  Tilt,                                   !- Feature Name 2
  Double,                                 !- Feature Data Type 2
  0;                                      !- Feature Value 2

OS:Surface,
  {2cd96ebd-db76-4fa2-bbac-217e0ac5de0c}, !- Handle
  Surface 1 Reversed 1,                   !- Name
  Floor,                                  !- Surface Type
  {4e1a1f36-b498-4c97-b124-a0e01f8396bb}, !- Construction Name
  {aad900f3-58b3-4d06-acd5-f3608a94bd3e}, !- Space Name
  Surface,                                !- Outside Boundary Condition
  {8e5083ca-4c31-4a90-bea9-222178b72036}, !- Outside Boundary Condition Object
  NoSun,                                  !- Sun Exposure
  NoWind,                                 !- Wind Exposure
  ,                                       !- View Factor to Ground
  ,                                       !- Number of Vertices
  -6.27991564274553, -6.27991564274553, 2.7432, !- X,Y,Z Vertex 1 {m}
  -6.27991564274553, 6.27991564274553, 2.7432, !- X,Y,Z Vertex 2 {m}
  6.27991564274553, 6.27991564274553, 2.7432, !- X,Y,Z Vertex 3 {m}
  6.27991564274553, -6.27991564274553, 2.7432; !- X,Y,Z Vertex 4 {m}

OS:AdditionalProperties,
  {1cdead6b-bcba-494b-b558-e100932ded81}, !- Handle
  {2cd96ebd-db76-4fa2-bbac-217e0ac5de0c}, !- Object Name
  SurfaceType,                            !- Feature Name 1
  String,                                 !- Feature Data Type 1
  Ceiling;                                !- Feature Value 1

OS:Material,
  {a5e5e47e-d861-4766-8ad9-4d964637eabb}, !- Handle
  ceiling loosefill ins,                  !- Name
  Rough,                                  !- Roughness
  0.254,                                  !- Thickness {m}
  0.0480833333333333,                     !- Conductivity {W/m-K}
  16.02,                                  !- Density {kg/m3}
  1046.75,                                !- Specific Heat {J/kg-K}
  0.9,                                    !- Thermal Absorptance
  0.7,                                    !- Solar Absorptance
  0.7;                                    !- Visible Absorptance

OS:Material,
  {7e00dd78-e9f6-450d-9a4d-077613b2eb59}, !- Handle
  ceiling stud and cavity,                !- Name
  Rough,                                  !- Roughness
  0.1397,                                 !- Thickness {m}
  0.10411696221643,                       !- Conductivity {W/m-K}
  65.682,                                 !- Density {kg/m3}
  1177.46609756098,                       !- Specific Heat {J/kg-K}
  0.9,                                    !- Thermal Absorptance
  0.7,                                    !- Solar Absorptance
  0.7;                                    !- Visible Absorptance

OS:Construction,
  {284fd094-4a37-4e68-989d-12e7c333f895}, !- Handle
  Floor2 construction,                    !- Name
  ,                                       !- Surface Rendering Name
  {a5e5e47e-d861-4766-8ad9-4d964637eabb}, !- Layer 1
  {7e00dd78-e9f6-450d-9a4d-077613b2eb59}, !- Layer 2
  {0b497491-fb16-450b-a40f-10d03b88b0c5}; !- Layer 3

OS:Construction,
  {4e1a1f36-b498-4c97-b124-a0e01f8396bb}, !- Handle
  Floor2 construction Reversed,           !- Name
  ,                                       !- Surface Rendering Name
  {0b497491-fb16-450b-a40f-10d03b88b0c5}, !- Layer 1
  {7e00dd78-e9f6-450d-9a4d-077613b2eb59}, !- Layer 2
  {a5e5e47e-d861-4766-8ad9-4d964637eabb}; !- Layer 3

OS:Surface,
  {2faef52c-5da0-4dc8-a548-9bfb2a2d499b}, !- Handle
  FoundationWall1,                        !- Name
  Wall,                                   !- Surface Type
  {e4c42214-eee0-4473-9cf0-eee739e02467}, !- Construction Name
  {3a417cd0-2ddf-448d-9874-c9246d4b0134}, !- Space Name
  Foundation,                             !- Outside Boundary Condition
  {f13c14ba-a0dc-4f95-96a5-1ca5224b784c}, !- Outside Boundary Condition Object
  NoSun,                                  !- Sun Exposure
  NoWind,                                 !- Wind Exposure
  ,                                       !- View Factor to Ground
  ,                                       !- Number of Vertices
  -2.6827206729361, 49.7428803051938, -2.1336, !- X,Y,Z Vertex 1 {m}
  -2.6827206729361, 49.7428803051938, 0.3048, !- X,Y,Z Vertex 2 {m}
  49.7428793270639, 49.7428803051938, 0.3048, !- X,Y,Z Vertex 3 {m}
  49.7428793270639, 49.7428803051938, -2.1336; !- X,Y,Z Vertex 4 {m}

OS:AdditionalProperties,
  {1c0fcc62-3710-428e-8161-6f2ced4f778d}, !- Handle
  {2faef52c-5da0-4dc8-a548-9bfb2a2d499b}, !- Object Name
  Length,                                 !- Feature Name 1
  Double,                                 !- Feature Data Type 1
  172,                                    !- Feature Value 1
  Azimuth,                                !- Feature Name 2
  Integer,                                !- Feature Data Type 2
  0,                                      !- Feature Value 2
  Tilt,                                   !- Feature Name 3
  Double,                                 !- Feature Data Type 3
  90,                                     !- Feature Value 3
  SurfaceType,                            !- Feature Name 4
  String,                                 !- Feature Data Type 4
  FoundationWall;                         !- Feature Value 4

OS:Foundation:Kiva,
  {f13c14ba-a0dc-4f95-96a5-1ca5224b784c}, !- Handle
  Foundation Kiva 1,                      !- Name
  4.43335084723196,                       !- Initial Indoor Air Temperature {C}
  ,                                       !- Interior Horizontal Insulation Material Name
  ,                                       !- Interior Horizontal Insulation Depth {m}
  ,                                       !- Interior Horizontal Insulation Width {m}
  ,                                       !- Interior Vertical Insulation Material Name
  ,                                       !- Interior Vertical Insulation Depth {m}
  ,                                       !- Exterior Horizontal Insulation Material Name
  ,                                       !- Exterior Horizontal Insulation Depth {m}
  ,                                       !- Exterior Horizontal Insulation Width {m}
  ,                                       !- Exterior Vertical Insulation Material Name
  ,                                       !- Exterior Vertical Insulation Depth {m}
  0.3048,                                 !- Wall Height Above Grade {m}
  0.2032,                                 !- Wall Depth Below Slab {m}
  ,                                       !- Footing Wall Construction Name
  ,                                       !- Footing Material Name
  ;                                       !- Footing Depth {m}

OS:Foundation:Kiva:Settings,
  {2d48c7db-018c-4a09-883a-6e7e3e1ccac9}, !- Handle
  2.4234,                                 !- Soil Conductivity {W/m-K}
  1842.3,                                 !- Soil Density {kg/m3}
  418.7,                                  !- Soil Specific Heat {J/kg-K}
  0.9,                                    !- Ground Solar Absorptivity {dimensionless}
  0.9,                                    !- Ground Thermal Absorptivity {dimensionless}
  0.03,                                   !- Ground Surface Roughness {m}
  40,                                     !- Far-Field Width {m}
  ZeroFlux,                               !- Deep-Ground Boundary Condition
  40,                                     !- Deep-Ground Depth {m}
  0.2,                                    !- Minimum Cell Dimension {m}
  3,                                      !- Maximum Cell Growth Coefficient {dimensionless}
  Timestep;                               !- Simulation Timestep

OS:Material,
  {c8741b94-c4d9-42f3-8098-c26af2c812be}, !- Handle
  concrete 8.0 in.,                       !- Name
  Rough,                                  !- Roughness
  0.2032,                                 !- Thickness {m}
  1.803125,                               !- Conductivity {W/m-K}
  2242.8,                                 !- Density {kg/m3}
  837.4,                                  !- Specific Heat {J/kg-K}
  0.9,                                    !- Thermal Absorptance
  0.7,                                    !- Solar Absorptance
  0.7;                                    !- Visible Absorptance

OS:Construction,
  {e4c42214-eee0-4473-9cf0-eee739e02467}, !- Handle
  FoundationWall1 construction,           !- Name
  ,                                       !- Surface Rendering Name
  {c8741b94-c4d9-42f3-8098-c26af2c812be}; !- Layer 1

OS:Surface,
  {d623aa86-33ef-4b2a-bf5c-f934785c1cd4}, !- Handle
  Slab1,                                  !- Name
  Floor,                                  !- Surface Type
  {d7338434-c64a-4f9a-924e-43fd2f7bc926}, !- Construction Name
  {3a417cd0-2ddf-448d-9874-c9246d4b0134}, !- Space Name
  Foundation,                             !- Outside Boundary Condition
  {f13c14ba-a0dc-4f95-96a5-1ca5224b784c}, !- Outside Boundary Condition Object
  NoSun,                                  !- Sun Exposure
  NoWind,                                 !- Wind Exposure
  ,                                       !- View Factor to Ground
  ,                                       !- Number of Vertices
  -8.42592255286254, -4.68047744713746, -2.1336, !- X,Y,Z Vertex 1 {m}
  -8.42592255286254, 4.68047744713746, -2.1336, !- X,Y,Z Vertex 2 {m}
  8.42592255286254, 4.68047744713746, -2.1336, !- X,Y,Z Vertex 3 {m}
  8.42592255286254, -4.68047744713746, -2.1336; !- X,Y,Z Vertex 4 {m}

OS:AdditionalProperties,
  {92f760e8-af4e-44ae-9c9c-cc22b96d33a4}, !- Handle
  {d623aa86-33ef-4b2a-bf5c-f934785c1cd4}, !- Object Name
  SurfaceType,                            !- Feature Name 1
  String,                                 !- Feature Data Type 1
  Slab;                                   !- Feature Value 1

OS:Material,
  {81b9c5b3-6113-4dee-b819-a543ad9f4d69}, !- Handle
  concrete 4.0 in.,                       !- Name
  Rough,                                  !- Roughness
  0.1016,                                 !- Thickness {m}
  1.803125,                               !- Conductivity {W/m-K}
  2242.8,                                 !- Density {kg/m3}
  837.4,                                  !- Specific Heat {J/kg-K}
  0.9,                                    !- Thermal Absorptance
  0.7,                                    !- Solar Absorptance
  0.7;                                    !- Visible Absorptance

OS:Construction,
  {d7338434-c64a-4f9a-924e-43fd2f7bc926}, !- Handle
  Slab1 construction,                     !- Name
  ,                                       !- Surface Rendering Name
  {81b9c5b3-6113-4dee-b819-a543ad9f4d69}; !- Layer 1

OS:SurfaceProperty:ExposedFoundationPerimeter,
  {5ef1d8ad-0f59-4b60-a037-6cb40e6e4eb7}, !- Handle
  {d623aa86-33ef-4b2a-bf5c-f934785c1cd4}, !- Surface Name
  TotalExposedPerimeter,                  !- Exposed Perimeter Calculation Method
  52.4256;                                !- Total Exposed Perimeter {m}

OS:Surface,
  {31188c86-7a24-4a3b-984c-9748bd4edc66}, !- Handle
  surface Window1,                        !- Name
  Wall,                                   !- Surface Type
  {27a9ad0a-69d6-4cae-98a9-2dd40c7c0ab5}, !- Construction Name
  {e42f2ab6-2c94-42a9-af10-d2a8a063b931}, !- Space Name
  Outdoors,                               !- Outside Boundary Condition
  ,                                       !- Outside Boundary Condition Object
  SunExposed,                             !- Sun Exposure
  WindExposed,                            !- Wind Exposure
  ,                                       !- View Factor to Ground
  ,                                       !- Number of Vertices
  -34.066285888908, 49.74287957786, 0.304462638155905, !- X,Y,Z Vertex 1 {m}
  -34.066285888908, 49.74287957786, 1.49385736184409, !- X,Y,Z Vertex 2 {m}
  -27.8445650113737, 49.74287957786, 1.49385736184409, !- X,Y,Z Vertex 3 {m}
  -27.8445650113737, 49.74287957786, 0.304462638155905; !- X,Y,Z Vertex 4 {m}

OS:AdditionalProperties,
  {947e54ff-ddab-47cc-8e35-a956f178a54f}, !- Handle
  {31188c86-7a24-4a3b-984c-9748bd4edc66}, !- Object Name
  Length,                                 !- Feature Name 1
  Double,                                 !- Feature Data Type 1
  20.410256410256412,                     !- Feature Value 1
  Azimuth,                                !- Feature Name 2
  Integer,                                !- Feature Data Type 2
  0,                                      !- Feature Value 2
  Tilt,                                   !- Feature Name 3
  Double,                                 !- Feature Data Type 3
  90,                                     !- Feature Value 3
  SurfaceType,                            !- Feature Name 4
  String,                                 !- Feature Data Type 4
  Window;                                 !- Feature Value 4

OS:SubSurface,
  {0349f481-3294-40f9-a05f-9b604e607887}, !- Handle
  Window1,                                !- Name
  FixedWindow,                            !- Sub Surface Type
  {1de775d6-6a24-4e3e-b48e-0bedc9b5d77e}, !- Construction Name
  {31188c86-7a24-4a3b-984c-9748bd4edc66}, !- Surface Name
  ,                                       !- Outside Boundary Condition Object
  ,                                       !- View Factor to Ground
  ,                                       !- Frame and Divider Name
  ,                                       !- Multiplier
  ,                                       !- Number of Vertices
  -34.0659485270639, 49.74287957786, 0.3048, !- X,Y,Z Vertex 1 {m}
  -34.0659485270639, 49.74287957786, 1.49352, !- X,Y,Z Vertex 2 {m}
  -27.8449023732177, 49.74287957786, 1.49352, !- X,Y,Z Vertex 3 {m}
  -27.8449023732177, 49.74287957786, 0.3048; !- X,Y,Z Vertex 4 {m}

OS:ShadingSurfaceGroup,
  {478f4460-f816-4b71-9c7e-0c3ceb53c569}, !- Handle
  Window1 Shading Surfaces,               !- Name
  Space,                                  !- Shading Surface Type
  {e42f2ab6-2c94-42a9-af10-d2a8a063b931}, !- Space Name
  ,                                       !- Direction of Relative North {deg}
  ,                                       !- X Origin {m}
  ,                                       !- Y Origin {m}
  ,                                       !- Z Origin {m}
  {0349f481-3294-40f9-a05f-9b604e607887}; !- Shaded Object Name

OS:ShadingSurface,
  {44a5b460-9ca9-4097-a2df-f5486e626722}, !- Handle
  Window1 overhangs,                      !- Name
  ,                                       !- Construction Name
  {478f4460-f816-4b71-9c7e-0c3ceb53c569}, !- Shading Surface Group Name
  ,                                       !- Transmittance Schedule Name
  ,                                       !- Number of Vertices
  -34.3707485270639, 49.74287957786, 1.79832, !- X,Y,Z Vertex 1 {m}
  -27.5401023732177, 49.74287957786, 1.79832, !- X,Y,Z Vertex 2 {m}
  -27.5401023732177, 50.35247957786, 1.79832, !- X,Y,Z Vertex 3 {m}
  -34.3707485270639, 50.35247957786, 1.79832; !- X,Y,Z Vertex 4 {m}

OS:WindowMaterial:SimpleGlazingSystem,
  {b47927e0-f08d-4cda-a56f-d754aa9aad08}, !- Handle
  WindowMaterial,                         !- Name
  2.78222,                                !- U-Factor {W/m2-K}
  0.56;                                   !- Solar Heat Gain Coefficient

OS:Construction,
  {1de775d6-6a24-4e3e-b48e-0bedc9b5d77e}, !- Handle
  WindowConstruction,                     !- Name
  ,                                       !- Surface Rendering Name
  {b47927e0-f08d-4cda-a56f-d754aa9aad08}; !- Layer 1

OS:Schedule:Ruleset,
  {2e0bf3a4-60ba-4c13-83de-b0aa22056b35}, !- Handle
  trans schedule winter=0.85 summer=0.7,  !- Name
  {7c878e8d-f40e-4d25-9c3b-441490f7374d}, !- Schedule Type Limits Name
  {bb824349-0384-499b-90e2-6e73156e6c2d}; !- Default Day Schedule Name

OS:Schedule:Day,
  {bb824349-0384-499b-90e2-6e73156e6c2d}, !- Handle
  trans schedule winter=0.85 summer=0.7 default day, !- Name
  {7c878e8d-f40e-4d25-9c3b-441490f7374d}, !- Schedule Type Limits Name
  ,                                       !- Interpolate to Timestep
  24,                                     !- Hour 1
  0,                                      !- Minute 1
  0;                                      !- Value Until Time 1

OS:Schedule:Rule,
  {631a89de-bab4-499a-b7a1-107ae850894c}, !- Handle
  trans schedule winter=0.85 summer=0.7 allday ruleset1, !- Name
  {2e0bf3a4-60ba-4c13-83de-b0aa22056b35}, !- Schedule Ruleset Name
  2,                                      !- Rule Order
  {2650dbae-ce75-4874-967a-f99b17f92026}, !- Day Schedule Name
  Yes,                                    !- Apply Sunday
  Yes,                                    !- Apply Monday
  Yes,                                    !- Apply Tuesday
  Yes,                                    !- Apply Wednesday
  Yes,                                    !- Apply Thursday
  Yes,                                    !- Apply Friday
  Yes,                                    !- Apply Saturday
  DateRange,                              !- Date Specification Type
  1,                                      !- Start Month
  1,                                      !- Start Day
  4,                                      !- End Month
  30;                                     !- End Day

OS:Schedule:Day,
  {2650dbae-ce75-4874-967a-f99b17f92026}, !- Handle
  trans schedule winter=0.85 summer=0.7 allday1, !- Name
  {7c878e8d-f40e-4d25-9c3b-441490f7374d}, !- Schedule Type Limits Name
  ,                                       !- Interpolate to Timestep
  24,                                     !- Hour 1
  0,                                      !- Minute 1
  0.85;                                   !- Value Until Time 1

OS:Schedule:Rule,
  {69348ddd-ed0d-4394-aba0-4770d3ffd09e}, !- Handle
  trans schedule winter=0.85 summer=0.7 allday ruleset121, !- Name
  {2e0bf3a4-60ba-4c13-83de-b0aa22056b35}, !- Schedule Ruleset Name
  1,                                      !- Rule Order
  {4b181b65-2723-4000-a7d2-815014798755}, !- Day Schedule Name
  Yes,                                    !- Apply Sunday
  Yes,                                    !- Apply Monday
  Yes,                                    !- Apply Tuesday
  Yes,                                    !- Apply Wednesday
  Yes,                                    !- Apply Thursday
  Yes,                                    !- Apply Friday
  Yes,                                    !- Apply Saturday
  DateRange,                              !- Date Specification Type
  5,                                      !- Start Month
  1,                                      !- Start Day
  10,                                     !- End Month
  31;                                     !- End Day

OS:Schedule:Day,
  {4b181b65-2723-4000-a7d2-815014798755}, !- Handle
  trans schedule winter=0.85 summer=0.7 allday121, !- Name
  {7c878e8d-f40e-4d25-9c3b-441490f7374d}, !- Schedule Type Limits Name
  ,                                       !- Interpolate to Timestep
  24,                                     !- Hour 1
  0,                                      !- Minute 1
  0.7;                                    !- Value Until Time 1

OS:Schedule:Rule,
  {453d7070-e781-4cc4-8b21-ebc384a20350}, !- Handle
  trans schedule winter=0.85 summer=0.7 allday ruleset305, !- Name
  {2e0bf3a4-60ba-4c13-83de-b0aa22056b35}, !- Schedule Ruleset Name
  0,                                      !- Rule Order
  {e88904a6-f856-44a9-a8fe-20c8b5988875}, !- Day Schedule Name
  Yes,                                    !- Apply Sunday
  Yes,                                    !- Apply Monday
  Yes,                                    !- Apply Tuesday
  Yes,                                    !- Apply Wednesday
  Yes,                                    !- Apply Thursday
  Yes,                                    !- Apply Friday
  Yes,                                    !- Apply Saturday
  DateRange,                              !- Date Specification Type
  11,                                     !- Start Month
  1,                                      !- Start Day
  12,                                     !- End Month
  31;                                     !- End Day

OS:Schedule:Day,
  {e88904a6-f856-44a9-a8fe-20c8b5988875}, !- Handle
  trans schedule winter=0.85 summer=0.7 allday305, !- Name
  {7c878e8d-f40e-4d25-9c3b-441490f7374d}, !- Schedule Type Limits Name
  ,                                       !- Interpolate to Timestep
  24,                                     !- Hour 1
  0,                                      !- Minute 1
  0.85;                                   !- Value Until Time 1

OS:ScheduleTypeLimits,
  {7c878e8d-f40e-4d25-9c3b-441490f7374d}, !- Handle
  Fractional,                             !- Name
  0,                                      !- Lower Limit Value
  1,                                      !- Upper Limit Value
  Continuous;                             !- Numeric Type

OS:SurfaceProperty:IncidentSolarMultiplier,
  {a63822ba-55af-494e-a0ff-138e9b709792}, !- Handle
  {0349f481-3294-40f9-a05f-9b604e607887}, !- Surface Name
  1,                                      !- Incident Solar Multiplier {dimensionless}
  {2e0bf3a4-60ba-4c13-83de-b0aa22056b35}; !- Incident Solar Multiplier Schedule Name

OS:Surface,
  {c8184636-c55a-4e1e-9757-d2d8ef3d5c8e}, !- Handle
  surface Window2,                        !- Name
  Wall,                                   !- Surface Type
  {27a9ad0a-69d6-4cae-98a9-2dd40c7c0ab5}, !- Construction Name
  {e42f2ab6-2c94-42a9-af10-d2a8a063b931}, !- Space Name
  Outdoors,                               !- Outside Boundary Condition
  ,                                       !- Outside Boundary Condition Object
  SunExposed,                             !- Sun Exposure
  WindExposed,                            !- Wind Exposure
  ,                                       !- View Factor to Ground
  ,                                       !- Number of Vertices
  49.7428810304731, -38.0442516059864, 0.304268606104286, !- X,Y,Z Vertex 1 {m}
  49.7428810304731, -38.0442516059864, 1.46357139389571, !- X,Y,Z Vertex 2 {m}
  49.742881077814, -41.5906196569357, 1.46357139389571, !- X,Y,Z Vertex 3 {m}
  49.742881077814, -41.5906196569357, 0.304268606104286; !- X,Y,Z Vertex 4 {m}

OS:AdditionalProperties,
  {c3a2ef32-584d-4f74-b167-78b435436e04}, !- Handle
  {c8184636-c55a-4e1e-9757-d2d8ef3d5c8e}, !- Object Name
  Length,                                 !- Feature Name 1
  Double,                                 !- Feature Data Type 1
  11.631578947368425,                     !- Feature Value 1
  Azimuth,                                !- Feature Name 2
  Integer,                                !- Feature Data Type 2
  90,                                     !- Feature Value 2
  Tilt,                                   !- Feature Name 3
  Double,                                 !- Feature Data Type 3
  90,                                     !- Feature Value 3
  SurfaceType,                            !- Feature Name 4
  String,                                 !- Feature Data Type 4
  Window;                                 !- Feature Value 4

OS:SubSurface,
  {16831078-4137-4756-9fad-6cf8ec9ee4f0}, !- Handle
  Window2,                                !- Name
  FixedWindow,                            !- Sub Surface Type
  {b38fc3d7-4abb-417d-860d-6d3ada4f9f15}, !- Construction Name
  {c8184636-c55a-4e1e-9757-d2d8ef3d5c8e}, !- Surface Name
  ,                                       !- Outside Boundary Condition Object
  ,                                       !- View Factor to Ground
  ,                                       !- Frame and Divider Name
  ,                                       !- Multiplier
  ,                                       !- Number of Vertices
  49.7428810304802, -38.0447829998821, 0.3048, !- X,Y,Z Vertex 1 {m}
  49.7428810304802, -38.0447829998821, 1.46304, !- X,Y,Z Vertex 2 {m}
  49.742881077807, -41.59008826304, 1.46304, !- X,Y,Z Vertex 3 {m}
  49.742881077807, -41.59008826304, 0.3048; !- X,Y,Z Vertex 4 {m}

OS:ShadingSurfaceGroup,
  {5a6338d4-b8f2-4313-85be-52964067aed5}, !- Handle
  Window2 Shading Surfaces,               !- Name
  Space,                                  !- Shading Surface Type
  {e42f2ab6-2c94-42a9-af10-d2a8a063b931}, !- Space Name
  ,                                       !- Direction of Relative North {deg}
  ,                                       !- X Origin {m}
  ,                                       !- Y Origin {m}
  ,                                       !- Z Origin {m}
  {16831078-4137-4756-9fad-6cf8ec9ee4f0}; !- Shaded Object Name

OS:ShadingSurface,
  {9461f821-fdae-48a2-b4cf-d9ccb6c344bb}, !- Handle
  Window2 overhangs,                      !- Name
  ,                                       !- Construction Name
  {5a6338d4-b8f2-4313-85be-52964067aed5}, !- Shading Surface Group Name
  ,                                       !- Transmittance Schedule Name
  ,                                       !- Number of Vertices
  49.7428810264114, -37.7399829998821, 1.76784, !- X,Y,Z Vertex 1 {m}
  49.7428810818758, -41.89488826304, 1.76784, !- X,Y,Z Vertex 2 {m}
  50.3524810818758, -41.8948882549024, 1.76784, !- X,Y,Z Vertex 3 {m}
  50.3524810264114, -37.7399829917445, 1.76784; !- X,Y,Z Vertex 4 {m}

OS:Construction,
  {b38fc3d7-4abb-417d-860d-6d3ada4f9f15}, !- Handle
  WindowConstruction 1,                   !- Name
  ,                                       !- Surface Rendering Name
  {b47927e0-f08d-4cda-a56f-d754aa9aad08}; !- Layer 1

OS:SurfaceProperty:IncidentSolarMultiplier,
  {9a00207b-4f27-433e-9e33-ecf36b3370a4}, !- Handle
  {16831078-4137-4756-9fad-6cf8ec9ee4f0}, !- Surface Name
  1,                                      !- Incident Solar Multiplier {dimensionless}
  {2e0bf3a4-60ba-4c13-83de-b0aa22056b35}; !- Incident Solar Multiplier Schedule Name

OS:Surface,
  {170b2e60-7132-4f23-823f-d73908531dcb}, !- Handle
  surface Window3,                        !- Name
  Wall,                                   !- Surface Type
  {27a9ad0a-69d6-4cae-98a9-2dd40c7c0ab5}, !- Construction Name
  {e42f2ab6-2c94-42a9-af10-d2a8a063b931}, !- Space Name
  Outdoors,                               !- Outside Boundary Condition
  ,                                       !- Outside Boundary Condition Object
  SunExposed,                             !- Sun Exposure
  WindExposed,                            !- Wind Exposure
  ,                                       !- View Factor to Ground
  ,                                       !- Number of Vertices
  -17.4453697545584, -49.7428807312564, 0.304462638155905, !- X,Y,Z Vertex 1 {m}
  -17.4453697545584, -49.7428807312564, 1.49385736184409, !- X,Y,Z Vertex 2 {m}
  -23.6670906320928, -49.7428808973654, 1.49385736184409, !- X,Y,Z Vertex 3 {m}
  -23.6670906320928, -49.7428808973654, 0.304462638155905; !- X,Y,Z Vertex 4 {m}

OS:AdditionalProperties,
  {5b41625b-4b17-4a04-bcab-4945efd020d1}, !- Handle
  {170b2e60-7132-4f23-823f-d73908531dcb}, !- Object Name
  Length,                                 !- Feature Name 1
  Double,                                 !- Feature Data Type 1
  20.410256410256412,                     !- Feature Value 1
  Azimuth,                                !- Feature Name 2
  Integer,                                !- Feature Data Type 2
  180,                                    !- Feature Value 2
  Tilt,                                   !- Feature Name 3
  Double,                                 !- Feature Data Type 3
  90,                                     !- Feature Value 3
  SurfaceType,                            !- Feature Name 4
  String,                                 !- Feature Data Type 4
  Window;                                 !- Feature Value 4

OS:SubSurface,
  {a123202f-721c-4c47-8151-358dd95642a3}, !- Handle
  Window3,                                !- Name
  FixedWindow,                            !- Sub Surface Type
  {ca8f1762-289d-4eb9-b897-80b754810f9e}, !- Construction Name
  {170b2e60-7132-4f23-823f-d73908531dcb}, !- Surface Name
  ,                                       !- Outside Boundary Condition Object
  ,                                       !- View Factor to Ground
  ,                                       !- Frame and Divider Name
  ,                                       !- Multiplier
  ,                                       !- Number of Vertices
  -17.4457071164025, -49.7428807312654, 0.3048, !- X,Y,Z Vertex 1 {m}
  -17.4457071164025, -49.7428807312654, 1.49352, !- X,Y,Z Vertex 2 {m}
  -23.6667532702487, -49.7428808973564, 1.49352, !- X,Y,Z Vertex 3 {m}
  -23.6667532702487, -49.7428808973564, 0.3048; !- X,Y,Z Vertex 4 {m}

OS:ShadingSurfaceGroup,
  {7d4c108d-3625-4b79-bfab-9b82c6a4f400}, !- Handle
  Window3 Shading Surfaces,               !- Name
  Space,                                  !- Shading Surface Type
  {e42f2ab6-2c94-42a9-af10-d2a8a063b931}, !- Space Name
  ,                                       !- Direction of Relative North {deg}
  ,                                       !- X Origin {m}
  ,                                       !- Y Origin {m}
  ,                                       !- Z Origin {m}
  {a123202f-721c-4c47-8151-358dd95642a3}; !- Shaded Object Name

OS:ShadingSurface,
  {4fe0e58e-debe-4ad7-bb97-eb3e949f6ef9}, !- Handle
  Window3 overhangs,                      !- Name
  ,                                       !- Construction Name
  {7d4c108d-3625-4b79-bfab-9b82c6a4f400}, !- Shading Surface Group Name
  ,                                       !- Transmittance Schedule Name
  ,                                       !- Number of Vertices
  -17.1409071164025, -49.7428807231277, 1.79832, !- X,Y,Z Vertex 1 {m}
  -23.9715532702487, -49.742880905494, 1.79832, !- X,Y,Z Vertex 2 {m}
  -23.9715532539734, -50.352480905494, 1.79832, !- X,Y,Z Vertex 3 {m}
  -17.1409071001273, -50.3524807231277, 1.79832; !- X,Y,Z Vertex 4 {m}

OS:Construction,
  {ca8f1762-289d-4eb9-b897-80b754810f9e}, !- Handle
  WindowConstruction 2,                   !- Name
  ,                                       !- Surface Rendering Name
  {b47927e0-f08d-4cda-a56f-d754aa9aad08}; !- Layer 1

OS:SurfaceProperty:IncidentSolarMultiplier,
  {14efb547-837d-4e2c-b3c4-4a5e612a7e4b}, !- Handle
  {a123202f-721c-4c47-8151-358dd95642a3}, !- Surface Name
  1,                                      !- Incident Solar Multiplier {dimensionless}
  {2e0bf3a4-60ba-4c13-83de-b0aa22056b35}; !- Incident Solar Multiplier Schedule Name

OS:Surface,
  {7f82a551-0406-4fe3-914b-8b679bc2e08f}, !- Handle
  surface Window4,                        !- Name
  Wall,                                   !- Surface Type
  {27a9ad0a-69d6-4cae-98a9-2dd40c7c0ab5}, !- Construction Name
  {e42f2ab6-2c94-42a9-af10-d2a8a063b931}, !- Space Name
  Outdoors,                               !- Outside Boundary Condition
  ,                                       !- Outside Boundary Condition Object
  SunExposed,                             !- Sun Exposure
  WindExposed,                            !- Wind Exposure
  ,                                       !- View Factor to Ground
  ,                                       !- Number of Vertices
  -49.7428820461881, 38.0442502779385, 0.304268606104286, !- X,Y,Z Vertex 1 {m}
  -49.7428820461881, 38.0442502779385, 1.46357139389571, !- X,Y,Z Vertex 2 {m}
  -49.7428821882108, 41.5906183288879, 1.46357139389571, !- X,Y,Z Vertex 3 {m}
  -49.7428821882108, 41.5906183288879, 0.304268606104286; !- X,Y,Z Vertex 4 {m}

OS:AdditionalProperties,
  {78c32008-a27b-4eba-bb18-ff7b411ae47f}, !- Handle
  {7f82a551-0406-4fe3-914b-8b679bc2e08f}, !- Object Name
  Length,                                 !- Feature Name 1
  Double,                                 !- Feature Data Type 1
  11.631578947368425,                     !- Feature Value 1
  Azimuth,                                !- Feature Name 2
  Integer,                                !- Feature Data Type 2
  270,                                    !- Feature Value 2
  Tilt,                                   !- Feature Name 3
  Double,                                 !- Feature Data Type 3
  90,                                     !- Feature Value 3
  SurfaceType,                            !- Feature Name 4
  String,                                 !- Feature Data Type 4
  Window;                                 !- Feature Value 4

OS:SubSurface,
  {a4e4983e-b771-4f19-8ed2-b402a402d52c}, !- Handle
  Window4,                                !- Name
  FixedWindow,                            !- Sub Surface Type
  {b135d03e-22a7-4759-af1c-502ce4eef7c2}, !- Construction Name
  {7f82a551-0406-4fe3-914b-8b679bc2e08f}, !- Surface Name
  ,                                       !- Outside Boundary Condition Object
  ,                                       !- View Factor to Ground
  ,                                       !- Frame and Divider Name
  ,                                       !- Multiplier
  ,                                       !- Number of Vertices
  -49.7428820462094, 38.0447816718342, 0.3048, !- X,Y,Z Vertex 1 {m}
  -49.7428820462094, 38.0447816718342, 1.46304, !- X,Y,Z Vertex 2 {m}
  -49.7428821881895, 41.5900869349921, 1.46304, !- X,Y,Z Vertex 3 {m}
  -49.7428821881895, 41.5900869349921, 0.3048; !- X,Y,Z Vertex 4 {m}

OS:ShadingSurfaceGroup,
  {d96acf2d-9b08-4f00-b1db-9455b4fd7ced}, !- Handle
  Window4 Shading Surfaces,               !- Name
  Space,                                  !- Shading Surface Type
  {e42f2ab6-2c94-42a9-af10-d2a8a063b931}, !- Space Name
  ,                                       !- Direction of Relative North {deg}
  ,                                       !- X Origin {m}
  ,                                       !- Y Origin {m}
  ,                                       !- Z Origin {m}
  {a4e4983e-b771-4f19-8ed2-b402a402d52c}; !- Shaded Object Name

OS:ShadingSurface,
  {2e4dbe82-27d4-4fce-84a2-b64f8c73fa55}, !- Handle
  Window4 overhangs,                      !- Name
  ,                                       !- Construction Name
  {d96acf2d-9b08-4f00-b1db-9455b4fd7ced}, !- Shading Surface Group Name
  ,                                       !- Transmittance Schedule Name
  ,                                       !- Number of Vertices
  -49.7428820340029, 37.7399816718342, 1.76784, !- X,Y,Z Vertex 1 {m}
  -49.742882200396, 41.8948869349921, 1.76784, !- X,Y,Z Vertex 2 {m}
  -50.352482200396, 41.8948869105793, 1.76784, !- X,Y,Z Vertex 3 {m}
  -50.3524820340029, 37.7399816474214, 1.76784; !- X,Y,Z Vertex 4 {m}

OS:Construction,
  {b135d03e-22a7-4759-af1c-502ce4eef7c2}, !- Handle
  WindowConstruction 3,                   !- Name
  ,                                       !- Surface Rendering Name
  {b47927e0-f08d-4cda-a56f-d754aa9aad08}; !- Layer 1

OS:SurfaceProperty:IncidentSolarMultiplier,
  {d3d7bd42-9a58-4f13-9c5c-79d0a9fcecfb}, !- Handle
  {a4e4983e-b771-4f19-8ed2-b402a402d52c}, !- Surface Name
  1,                                      !- Incident Solar Multiplier {dimensionless}
  {2e0bf3a4-60ba-4c13-83de-b0aa22056b35}; !- Incident Solar Multiplier Schedule Name

OS:Material,
  {74cf6c13-080b-4ef5-913c-35df4d6931f4}, !- Handle
  wood siding,                            !- Name
  Rough,                                  !- Roughness
  0.0254,                                 !- Thickness {m}
  0.1024175,                              !- Conductivity {W/m-K}
  544.68,                                 !- Density {kg/m3}
  1172.36;                                !- Specific Heat {J/kg-K}

OS:Material,
  {b89aea0a-3310-4ea4-8850-083d6dcaf516}, !- Handle
  wall rigid ins,                         !- Name
  Rough,                                  !- Roughness
  0.5129784,                              !- Thickness {m}
  0.029427,                               !- Conductivity {W/m-K}
  32.04,                                  !- Density {kg/m3}
  1214.23,                                !- Specific Heat {J/kg-K}
  0.9,                                    !- Thermal Absorptance
  0.7,                                    !- Solar Absorptance
  0.7;                                    !- Visible Absorptance

OS:Material,
  {83c4b23f-9e7c-4133-a876-75f9936c8d38}, !- Handle
  wall stud and cavity 2,                 !- Name
  Rough,                                  !- Roughness
  0.0889,                                 !- Thickness {m}
  0.380278417457636,                      !- Conductivity {W/m-K}
  52.34794524,                            !- Density {kg/m3}
  1209.88641434781,                       !- Specific Heat {J/kg-K}
  0.9,                                    !- Thermal Absorptance
  0.7,                                    !- Solar Absorptance
  0.7;                                    !- Visible Absorptance

OS:Construction,
  {27a9ad0a-69d6-4cae-98a9-2dd40c7c0ab5}, !- Handle
  AdiabaticWallConstruction,              !- Name
  ,                                       !- Surface Rendering Name
  {74cf6c13-080b-4ef5-913c-35df4d6931f4}, !- Layer 1
  {b89aea0a-3310-4ea4-8850-083d6dcaf516}, !- Layer 2
  {83c4b23f-9e7c-4133-a876-75f9936c8d38}, !- Layer 3
  {0b497491-fb16-450b-a40f-10d03b88b0c5}; !- Layer 4

OS:Surface,
  {2ec10d1b-dcea-4128-8db9-d3829bea9e33}, !- Handle
  surface Door1,                          !- Name
  Wall,                                   !- Surface Type
  {d7c40eac-49af-40d1-991a-34da9be40273}, !- Construction Name
  {e42f2ab6-2c94-42a9-af10-d2a8a063b931}, !- Space Name
  Outdoors,                               !- Outside Boundary Condition
  ,                                       !- Outside Boundary Condition Object
  SunExposed,                             !- Sun Exposure
  WindExposed,                            !- Wind Exposure
  ,                                       !- View Factor to Ground
  ,                                       !- Number of Vertices
  -24.5949358259807, -49.7428809821619, 0.303952155732047, !- X,Y,Z Vertex 1 {m}
  -24.5949358259807, -49.7428809821619, 2.33866384426795, !- X,Y,Z Vertex 2 {m}
  -25.5105745430024, -49.7428810066079, 2.33866384426795, !- X,Y,Z Vertex 3 {m}
  -25.5105745430024, -49.7428810066079, 0.303952155732047; !- X,Y,Z Vertex 4 {m}

OS:AdditionalProperties,
  {732a95ea-301c-4456-86a2-24bdf4e490bd}, !- Handle
  {2ec10d1b-dcea-4128-8db9-d3829bea9e33}, !- Object Name
  Length,                                 !- Feature Name 1
  Double,                                 !- Feature Data Type 1
  2.9985007496251876,                     !- Feature Value 1
  Azimuth,                                !- Feature Name 2
  Integer,                                !- Feature Data Type 2
  180,                                    !- Feature Value 2
  Tilt,                                   !- Feature Name 3
  Double,                                 !- Feature Data Type 3
  90,                                     !- Feature Value 3
  SurfaceType,                            !- Feature Name 4
  String,                                 !- Feature Data Type 4
  Door;                                   !- Feature Value 4

OS:SubSurface,
  {1331fe82-6b66-4687-992e-2aabaabed683}, !- Handle
  Door1,                                  !- Name
  Door,                                   !- Sub Surface Type
  {7fbabf74-218d-42a4-a86b-514117a2f6a1}, !- Construction Name
  {2ec10d1b-dcea-4128-8db9-d3829bea9e33}, !- Surface Name
  ,                                       !- Outside Boundary Condition Object
  ,                                       !- View Factor to Ground
  ,                                       !- Frame and Divider Name
  ,                                       !- Multiplier
  ,                                       !- Number of Vertices
  -24.5957836702487, -49.7428809821845, 0.3048, !- X,Y,Z Vertex 1 {m}
  -24.5957836702487, -49.7428809821845, 2.337816, !- X,Y,Z Vertex 2 {m}
  -25.5097266987344, -49.7428810065852, 2.337816, !- X,Y,Z Vertex 3 {m}
  -25.5097266987344, -49.7428810065852, 0.3048; !- X,Y,Z Vertex 4 {m}

OS:Material,
  {f082fd19-eeff-4a21-a6cf-ca0ebd48fcbe}, !- Handle
  door material,                          !- Name
  Rough,                                  !- Roughness
  0.04445,                                !- Thickness {m}
  0.0612266553480475,                     !- Conductivity {W/m-K}
  512.64,                                 !- Density {kg/m3}
  1214.23,                                !- Specific Heat {J/kg-K}
  0.9,                                    !- Thermal Absorptance
  0.7,                                    !- Solar Absorptance
  0.7;                                    !- Visible Absorptance

OS:Construction,
  {7fbabf74-218d-42a4-a86b-514117a2f6a1}, !- Handle
  Door,                                   !- Name
  ,                                       !- Surface Rendering Name
  {f082fd19-eeff-4a21-a6cf-ca0ebd48fcbe}; !- Layer 1

OS:Material,
  {d8d10983-d67b-40e6-a0e1-148c52f0c640}, !- Handle
  wood siding 1,                          !- Name
  Rough,                                  !- Roughness
  0.0254,                                 !- Thickness {m}
  0.1024175,                              !- Conductivity {W/m-K}
  544.68,                                 !- Density {kg/m3}
  1172.36;                                !- Specific Heat {J/kg-K}

OS:Construction,
  {d7c40eac-49af-40d1-991a-34da9be40273}, !- Handle
  AdiabaticWallConstruction 1,            !- Name
  ,                                       !- Surface Rendering Name
  {d8d10983-d67b-40e6-a0e1-148c52f0c640}, !- Layer 1
  {b89aea0a-3310-4ea4-8850-083d6dcaf516}, !- Layer 2
  {83c4b23f-9e7c-4133-a876-75f9936c8d38}, !- Layer 3
  {0b497491-fb16-450b-a40f-10d03b88b0c5}; !- Layer 4

OS:InternalMass:Definition,
  {db2b0be6-e7bc-40db-84eb-9c61426966e8}, !- Handle
  partition wall mass,                    !- Name
  {7eb7d15f-e567-47d4-a46b-1ef2ce95dd95}, !- Construction Name
  SurfaceArea,                            !- Design Level Calculation Method
  157.74936192,                           !- Surface Area {m2}
  ,                                       !- Surface Area per Space Floor Area {dimensionless}
  ;                                       !- Surface Area per Person {m2/person}

OS:InternalMass,
  {13d99664-18f1-4026-96e2-beb43c115038}, !- Handle
  partition wall mass,                    !- Name
  {db2b0be6-e7bc-40db-84eb-9c61426966e8}, !- Internal Mass Definition Name
  {e42f2ab6-2c94-42a9-af10-d2a8a063b931}, !- Space or SpaceType Name
  1;                                      !- Multiplier

OS:Material,
  {07c575ee-f082-4bbf-8434-3cbc604eb422}, !- Handle
  wall stud and cavity 3,                 !- Name
  Rough,                                  !- Roughness
  0.0889,                                 !- Thickness {m}
  0.391763531157105,                      !- Conductivity {W/m-K}
  83.034082224,                           !- Density {kg/m3}
  1211.67419087611,                       !- Specific Heat {J/kg-K}
  0.9,                                    !- Thermal Absorptance
  0.7,                                    !- Solar Absorptance
  0.7;                                    !- Visible Absorptance

OS:Construction,
  {7eb7d15f-e567-47d4-a46b-1ef2ce95dd95}, !- Handle
  PartitionWallConstruction,              !- Name
  ,                                       !- Surface Rendering Name
  {0b497491-fb16-450b-a40f-10d03b88b0c5}, !- Layer 1
  {07c575ee-f082-4bbf-8434-3cbc604eb422}, !- Layer 2
  {0b497491-fb16-450b-a40f-10d03b88b0c5}; !- Layer 3

OS:InternalMass:Definition,
  {c53a5b13-7950-4887-ab22-ca391d65d7f3}, !- Handle
  furniture mass conditioned space 1,     !- Name
  {f72b152c-eeaf-4ef2-8fb8-77f80f46f093}, !- Construction Name
  SurfaceArea,                            !- Design Level Calculation Method
  63.099744768,                           !- Surface Area {m2}
  ,                                       !- Surface Area per Space Floor Area {dimensionless}
  ;                                       !- Surface Area per Person {m2/person}

OS:InternalMass,
  {7715546c-0ebc-4347-b399-44dbd60acf9f}, !- Handle
  furniture mass conditioned space 1,     !- Name
  {c53a5b13-7950-4887-ab22-ca391d65d7f3}, !- Internal Mass Definition Name
  {e42f2ab6-2c94-42a9-af10-d2a8a063b931}, !- Space or SpaceType Name
  1;                                      !- Multiplier

OS:Material,
  {983c3d33-a566-4d8e-9b5d-6a915d354da3}, !- Handle
  furniture material conditioned space 1, !- Name
  Rough,                                  !- Roughness
  0.1524,                                 !- Thickness {m}
  0.1154577,                              !- Conductivity {W/m-K}
  640.8,                                  !- Density {kg/m3}
  1214.23,                                !- Specific Heat {J/kg-K}
  0.9,                                    !- Thermal Absorptance
  0.6,                                    !- Solar Absorptance
  0.6;                                    !- Visible Absorptance

OS:Construction,
  {f72b152c-eeaf-4ef2-8fb8-77f80f46f093}, !- Handle
  furniture construction conditioned space 1, !- Name
  ,                                       !- Surface Rendering Name
  {983c3d33-a566-4d8e-9b5d-6a915d354da3}; !- Layer 1

OS:InternalMass:Definition,
  {33f9373a-af15-4a99-8795-134e7874b7cc}, !- Handle
  furniture mass basement - unconditioned 1, !- Name
  {d017e98c-0392-451f-ab4a-2dd94c426044}, !- Construction Name
  SurfaceArea,                            !- Design Level Calculation Method
  63.099744768,                           !- Surface Area {m2}
  ,                                       !- Surface Area per Space Floor Area {dimensionless}
  ;                                       !- Surface Area per Person {m2/person}

OS:InternalMass,
  {9f09e39a-be7c-4c26-b7be-a76ac452951f}, !- Handle
  furniture mass basement - unconditioned 1, !- Name
  {33f9373a-af15-4a99-8795-134e7874b7cc}, !- Internal Mass Definition Name
  {3a417cd0-2ddf-448d-9874-c9246d4b0134}, !- Space or SpaceType Name
  1;                                      !- Multiplier

OS:Material,
  {20332046-c194-44df-b5e1-8e734eb52fee}, !- Handle
  furniture material basement - unconditioned 1, !- Name
  Rough,                                  !- Roughness
  0.1524,                                 !- Thickness {m}
  0.1154577,                              !- Conductivity {W/m-K}
  640.8,                                  !- Density {kg/m3}
  1214.23,                                !- Specific Heat {J/kg-K}
  0.9,                                    !- Thermal Absorptance
  0.6,                                    !- Solar Absorptance
  0.6;                                    !- Visible Absorptance

OS:Construction,
  {d017e98c-0392-451f-ab4a-2dd94c426044}, !- Handle
  furniture construction basement - unconditioned 1, !- Name
  ,                                       !- Surface Rendering Name
  {20332046-c194-44df-b5e1-8e734eb52fee}; !- Layer 1

OS:ShadingSurface,
  {c14bafb1-3f3c-48fe-8427-0129f307da50}, !- Handle
  Neighbor azimuth 270 distance 15.0,     !- Name
  ,                                       !- Construction Name
  {3c521d63-212f-40ed-9529-b43a859fe2a8}, !- Shading Surface Group Name
  ,                                       !- Transmittance Schedule Name
  ,                                       !- Number of Vertices
  -54.3148779990161, -49.7428815022322, 0, !- X,Y,Z Vertex 1 {m}
  -54.3148779990161, -49.7428815022322, 2.7432, !- X,Y,Z Vertex 2 {m}
  -54.3148819831594, 49.7428771518956, 2.7432, !- X,Y,Z Vertex 3 {m}
  -54.3148819831594, 49.7428771518956, 0; !- X,Y,Z Vertex 4 {m}

OS:AdditionalProperties,
  {c37c71fa-9abc-416e-900f-62b9b722d763}, !- Handle
  {c14bafb1-3f3c-48fe-8427-0129f307da50}, !- Object Name
  Azimuth,                                !- Feature Name 1
  Integer,                                !- Feature Data Type 1
  270,                                    !- Feature Value 1
  Distance,                               !- Feature Name 2
  Double,                                 !- Feature Data Type 2
  15;                                     !- Feature Value 2

OS:ShadingSurface,
  {b1c1b218-2dfe-4ae3-a103-683e669a185b}, !- Handle
  Neighbor azimuth 90 distance 15.0,      !- Name
  ,                                       !- Construction Name
  {3c521d63-212f-40ed-9529-b43a859fe2a8}, !- Shading Surface Group Name
  ,                                       !- Transmittance Schedule Name
  ,                                       !- Number of Vertices
  54.3148793270639, 49.74288005212, 0,    !- X,Y,Z Vertex 1 {m}
  54.3148793270639, 49.74288005212, 2.7432, !- X,Y,Z Vertex 2 {m}
  54.3148806551117, -49.7428786020078, 2.7432, !- X,Y,Z Vertex 3 {m}
  54.3148806551117, -49.7428786020078, 0; !- X,Y,Z Vertex 4 {m}

OS:AdditionalProperties,
  {3affa22b-980e-4826-870c-19feeedfbc5d}, !- Handle
  {b1c1b218-2dfe-4ae3-a103-683e669a185b}, !- Object Name
  Azimuth,                                !- Feature Name 1
  Integer,                                !- Feature Data Type 1
  90,                                     !- Feature Value 1
  Distance,                               !- Feature Name 2
  Double,                                 !- Feature Data Type 2
  15;                                     !- Feature Value 2

OS:ShadingSurfaceGroup,
  {3c521d63-212f-40ed-9529-b43a859fe2a8}, !- Handle
  neighbors,                              !- Name
  Building;                               !- Shading Surface Type

OS:Schedule:File,
  {00d45c73-c1c0-4a4a-89c5-7035881c66b0}, !- Handle
  occupants,                              !- Name
  {7c878e8d-f40e-4d25-9c3b-441490f7374d}, !- Schedule Type Limits Name
  {f7f6b022-7906-480c-afc8-fbb9019bc1a1}, !- External File Name
  1,                                      !- Column Number
  1,                                      !- Rows to Skip at Top
  8760,                                   !- Number of Hours of Data
  ,                                       !- Column Separator
  ,                                       !- Interpolate to Timestep
  15,                                     !- Minutes per Item
  ,                                       !- Adjust Schedule for Daylight Savings
  Yes;                                    !- Translate File With Relative Path

OS:External:File,
  {f7f6b022-7906-480c-afc8-fbb9019bc1a1}, !- Handle
  External File 1,                        !- Name
  in.schedules.csv;                       !- File Name

OS:Schedule:Constant,
  {4ef86cd4-3c10-4e09-a65e-a847042ca378}, !- Handle
  occupants activity schedule,            !- Name
  {9737a419-22af-45c7-af50-1d8cc0a4b628}, !- Schedule Type Limits Name
  117.228428068889;                       !- Value

OS:People:Definition,
  {4c6ea8cd-7e04-448f-aead-e3dec3ea7874}, !- Handle
  occupants,                              !- Name
  People,                                 !- Number of People Calculation Method
  2,                                      !- Number of People {people}
  ,                                       !- People per Space Floor Area {person/m2}
  ,                                       !- Space Floor Area per Person {m2/person}
  0.314170909090909,                      !- Fraction Radiant
  0.563030303030303,                      !- Sensible Heat Fraction
  0,                                      !- Carbon Dioxide Generation Rate {m3/s-W}
  No,                                     !- Enable ASHRAE 55 Comfort Warnings
  ZoneAveraged;                           !- Mean Radiant Temperature Calculation Type

OS:People,
  {8cceb969-2cfb-467c-a48c-0dfcaa637546}, !- Handle
  occupants,                              !- Name
  {4c6ea8cd-7e04-448f-aead-e3dec3ea7874}, !- People Definition Name
  {e42f2ab6-2c94-42a9-af10-d2a8a063b931}, !- Space or SpaceType Name
  {00d45c73-c1c0-4a4a-89c5-7035881c66b0}, !- Number of People Schedule Name
  {4ef86cd4-3c10-4e09-a65e-a847042ca378}, !- Activity Level Schedule Name
  ,                                       !- Surface Name/Angle Factor List Name
  ,                                       !- Work Efficiency Schedule Name
  ,                                       !- Clothing Insulation Schedule Name
  ,                                       !- Air Velocity Schedule Name
  1;                                      !- Multiplier

OS:ScheduleTypeLimits,
  {9737a419-22af-45c7-af50-1d8cc0a4b628}, !- Handle
  ActivityLevel,                          !- Name
  0,                                      !- Lower Limit Value
  ,                                       !- Upper Limit Value
  Continuous,                             !- Numeric Type
  ActivityLevel;                          !- Unit Type

OS:Curve:Biquadratic,
  {68fa75ab-8be8-4c8a-b2c0-4e2b3c337a8b}, !- Handle
  Cool-CAP-fT1,                           !- Name
  1.557359706,                            !- Coefficient1 Constant
  -0.0744481692,                          !- Coefficient2 x
  0.00309859668,                          !- Coefficient3 x**2
  0.0014595786,                           !- Coefficient4 y
  -4.1148e-05,                            !- Coefficient5 y**2
  -0.00042671448,                         !- Coefficient6 x*y
  -100,                                   !- Minimum Value of x
  100,                                    !- Maximum Value of x
  -100,                                   !- Minimum Value of y
  100;                                    !- Maximum Value of y

OS:Curve:Biquadratic,
  {a0c17b2d-e04c-4c57-9f0f-a1f1786d0b5c}, !- Handle
  Cool-EIR-fT1,                           !- Name
  -0.350447695,                           !- Coefficient1 Constant
  0.116809893,                            !- Coefficient2 x
  -0.00339950844,                         !- Coefficient3 x**2
  -0.001226088,                           !- Coefficient4 y
  0.0006008094,                           !- Coefficient5 y**2
  -0.000466884,                           !- Coefficient6 x*y
  -100,                                   !- Minimum Value of x
  100,                                    !- Maximum Value of x
  -100,                                   !- Minimum Value of y
  100;                                    !- Maximum Value of y

OS:Curve:Quadratic,
  {cf77a4b4-96e1-4477-8702-3990470cc4a2}, !- Handle
  Cool-CAP-fFF1,                          !- Name
  0.718664047,                            !- Coefficient1 Constant
  0.41797409,                             !- Coefficient2 x
  -0.136638137,                           !- Coefficient3 x**2
  0,                                      !- Minimum Value of x
  2,                                      !- Maximum Value of x
  0,                                      !- Minimum Curve Output
  2;                                      !- Maximum Curve Output

OS:Curve:Quadratic,
  {2c044f3b-9f98-4df6-8c31-45bc0a4091b8}, !- Handle
  Cool-EIR-fFF1,                          !- Name
  1.143487507,                            !- Coefficient1 Constant
  -0.13943972,                            !- Coefficient2 x
  -0.004047787,                           !- Coefficient3 x**2
  0,                                      !- Minimum Value of x
  2,                                      !- Maximum Value of x
  0,                                      !- Minimum Curve Output
  2;                                      !- Maximum Curve Output

OS:Curve:Quadratic,
  {ce24cd71-09ed-4554-8339-0bc8fff6da17}, !- Handle
  Cool-PLF-fPLR1,                         !- Name
  0.93,                                   !- Coefficient1 Constant
  0.07,                                   !- Coefficient2 x
  0,                                      !- Coefficient3 x**2
  0,                                      !- Minimum Value of x
  1,                                      !- Maximum Value of x
  0.7,                                    !- Minimum Curve Output
  1;                                      !- Maximum Curve Output

OS:Schedule:Constant,
  {b406f736-53d0-426d-8652-22a68506b98b}, !- Handle
  Always On Discrete,                     !- Name
  {792aadbb-5279-410a-b7ee-4b45844ebf63}, !- Schedule Type Limits Name
  1;                                      !- Value

OS:ScheduleTypeLimits,
  {792aadbb-5279-410a-b7ee-4b45844ebf63}, !- Handle
  OnOff,                                  !- Name
  0,                                      !- Lower Limit Value
  1,                                      !- Upper Limit Value
  Discrete,                               !- Numeric Type
  Availability;                           !- Unit Type

OS:Coil:Cooling:DX:SingleSpeed,
  {13b945ac-5202-495b-aa51-28b1b323d297}, !- Handle
  central ac and furnace clg coil,        !- Name
  {b406f736-53d0-426d-8652-22a68506b98b}, !- Availability Schedule Name
  7045.51628847742,                       !- Rated Total Cooling Capacity {W}
  0.730031800184905,                      !- Rated Sensible Heat Ratio
  3.7702,                                 !- Rated COP {W/W}
  0.362548728010771,                      !- Rated Air Flow Rate {m3/s}
  773.3,                                  !- Rated Evaporator Fan Power Per Volume Flow Rate 2017 {W/(m3/s)}
  934.4,                                  !- Rated Evaporator Fan Power Per Volume Flow Rate 2023 {W/(m3/s)}
  ,                                       !- Air Inlet Node Name
  ,                                       !- Air Outlet Node Name
  {68fa75ab-8be8-4c8a-b2c0-4e2b3c337a8b}, !- Total Cooling Capacity Function of Temperature Curve Name
  {cf77a4b4-96e1-4477-8702-3990470cc4a2}, !- Total Cooling Capacity Function of Flow Fraction Curve Name
  {a0c17b2d-e04c-4c57-9f0f-a1f1786d0b5c}, !- Energy Input Ratio Function of Temperature Curve Name
  {2c044f3b-9f98-4df6-8c31-45bc0a4091b8}, !- Energy Input Ratio Function of Flow Fraction Curve Name
  {ce24cd71-09ed-4554-8339-0bc8fff6da17}, !- Part Load Fraction Correlation Curve Name
  -25,                                    !- Minimum Outdoor Dry-Bulb Temperature for Compressor Operation {C}
  1000,                                   !- Nominal Time for Condensate Removal to Begin {s}
  1.5,                                    !- Ratio of Initial Moisture Evaporation Rate and Steady State Latent Capacity {dimensionless}
  3,                                      !- Maximum Cycling Rate {cycles/hr}
  45,                                     !- Latent Capacity Time Constant {s}
  ,                                       !- Condenser Air Inlet Node Name
  AirCooled,                              !- Condenser Type
  0.9,                                    !- Evaporative Condenser Effectiveness {dimensionless}
  autosize,                               !- Evaporative Condenser Air Flow Rate {m3/s}
  autosize,                               !- Evaporative Condenser Pump Rated Power Consumption {W}
  50,                                     !- Crankcase Heater Capacity {W}
  ,                                       !- Crankcase Heater Capacity Function of Temperature Curve Name
  10,                                     !- Maximum Outdoor Dry-Bulb Temperature for Crankcase Heater Operation {C}
  ,                                       !- Supply Water Storage Tank Name
  ,                                       !- Condensate Collection Water Storage Tank Name
  0,                                      !- Basin Heater Capacity {W/K}
  2;                                      !- Basin Heater Setpoint Temperature {C}

OS:AdditionalProperties,
  {5c4efc53-8921-4a4a-99a0-0903f957cfdd}, !- Handle
  {13b945ac-5202-495b-aa51-28b1b323d297}, !- Object Name
  HPXML_ID,                               !- Feature Name 1
  String,                                 !- Feature Data Type 1
  CoolingSystem1;                         !- Feature Value 1

OS:Coil:Heating:Gas,
  {b3c95dee-f957-4e9f-b249-69de60d5648e}, !- Handle
  central ac and furnace htg coil,        !- Name
  {b406f736-53d0-426d-8652-22a68506b98b}, !- Availability Schedule Name
  0.8,                                    !- Gas Burner Efficiency
  18004.8211960305,                       !- Nominal Capacity {W}
  ,                                       !- Air Inlet Node Name
  ,                                       !- Air Outlet Node Name
  ,                                       !- Temperature Setpoint Node Name
  0,                                      !- On Cycle Parasitic Electric Load {W}
  ,                                       !- Part Load Fraction Correlation Curve Name
  0,                                      !- Off Cycle Parasitic Gas Load {W}
  NaturalGas;                             !- Fuel Type

OS:AdditionalProperties,
  {91fd2ba4-8478-4df0-ac3b-67281d2056c8}, !- Handle
  {b3c95dee-f957-4e9f-b249-69de60d5648e}, !- Object Name
  HPXML_ID,                               !- Feature Name 1
  String,                                 !- Feature Data Type 1
  HeatingSystem1,                         !- Feature Value 1
  IsHeatPumpBackup,                       !- Feature Name 2
  Boolean,                                !- Feature Data Type 2
  false;                                  !- Feature Value 2

OS:Fan:SystemModel,
  {d6202a6a-dc95-4d81-8aac-2852655b9433}, !- Handle
  central ac and furnace supply fan,      !- Name
  {b406f736-53d0-426d-8652-22a68506b98b}, !- Availability Schedule Name
  ,                                       !- Air Inlet Node Name
  ,                                       !- Air Outlet Node Name
  0.5276372414976,                        !- Design Maximum Air Flow Rate {m3/s}
  Discrete,                               !- Speed Control Method
  0.2,                                    !- Electric Power Minimum Flow Rate Fraction
  794.580001233493,                       !- Design Pressure Rise {Pa}
  1,                                      !- Motor Efficiency
  1,                                      !- Motor In Air Stream Fraction
  autosize,                               !- Design Electric Power Consumption {W}
  TotalEfficiencyAndPressure,             !- Design Power Sizing Method
  840,                                    !- Electric Power Per Unit Flow Rate {W/(m3/s)}
  1.66667,                                !- Electric Power Per Unit Flow Rate Per Unit Pressure {W-s/m3-Pa}
  0.75,                                   !- Fan Total Efficiency
  ,                                       !- Electric Power Function of Flow Fraction Curve Name
  ,                                       !- Night Ventilation Mode Pressure Rise {Pa}
  ,                                       !- Night Ventilation Mode Flow Fraction
  ,                                       !- Motor Loss Zone Name
  0,                                      !- Motor Loss Radiative Fraction
  supply fan,                             !- End-Use Subcategory
  0.68426,                                !- Speed Flow Fraction 1
  0.32038,                                !- Speed Electric Power Fraction 1
  1,                                      !- Speed Flow Fraction 2
  1;                                      !- Speed Electric Power Fraction 2

OS:EnergyManagementSystem:Sensor,
  {8d137c0d-9126-498c-957f-33a4f9b9085c}, !- Handle
  central_ac_and_furnace_supply_fan_s,    !- Name
  central ac and furnace supply fan,      !- Output Variable or Output Meter Index Key Name
  Fan Electricity Energy;                 !- Output Variable or Output Meter Name

OS:EnergyManagementSystem:Sensor,
  {2ac9263c-97b6-4843-9d97-489960976c2e}, !- Handle
  central_ac_and_furnace_clg_coil_s,      !- Name
  central ac and furnace clg coil,        !- Output Variable or Output Meter Index Key Name
  Cooling Coil Total Cooling Energy;      !- Output Variable or Output Meter Name

OS:EnergyManagementSystem:Program,
  {2dd04784-7af5-4371-9e25-173e9fb941c2}, !- Handle
  central_ac_and_furnace_supply_fan_disaggregate_program, !- Name
  Set central_ac_and_furnace_supply_fan_clg = 0, !- Program Line 1
  If central_ac_and_furnace_clg_coil_s > 0, !- Program Line 2
  Set central_ac_and_furnace_supply_fan_clg = central_ac_and_furnace_supply_fan_s, !- Program Line 3
  EndIf;                                  !- Program Line 4

OS:EnergyManagementSystem:ProgramCallingManager,
  {9e9cf3c0-8fb3-4ac4-93a8-fdef26f1df07}, !- Handle
  central ac and furnace supply fan disaggregate program calling manager, !- Name
  EndOfSystemTimestepBeforeHVACReporting, !- EnergyPlus Model Calling Point
  {2dd04784-7af5-4371-9e25-173e9fb941c2}; !- Program Name 1

OS:EnergyManagementSystem:OutputVariable,
  {c89c030f-8bee-4324-b4c2-5f8e7a686f5b}, !- Handle
  central ac and furnace supply fan disaggregate clg, !- Name
  central_ac_and_furnace_supply_fan_clg,  !- EMS Variable Name
  Summed,                                 !- Type of Data in Variable
  SystemTimestep,                         !- Update Frequency
  {2dd04784-7af5-4371-9e25-173e9fb941c2}, !- EMS Program or Subroutine Name
  J;                                      !- Units

OS:AdditionalProperties,
  {96e8290b-1412-4bfd-9704-e92e9ef12ba9}, !- Handle
  {c89c030f-8bee-4324-b4c2-5f8e7a686f5b}, !- Object Name
  HPXML_ID,                               !- Feature Name 1
  String,                                 !- Feature Data Type 1
  CoolingSystem1,                         !- Feature Value 1
  ObjectType,                             !- Feature Name 2
  String,                                 !- Feature Data Type 2
  disaggregate clg;                       !- Feature Value 2

OS:EnergyManagementSystem:Sensor,
  {500d42b9-23df-452c-9ad8-fec7b76b6baa}, !- Handle
  central_ac_and_furnace_supply_fan_s_1,  !- Name
  central ac and furnace supply fan,      !- Output Variable or Output Meter Index Key Name
  Fan Electricity Energy;                 !- Output Variable or Output Meter Name

OS:EnergyManagementSystem:Sensor,
  {144324aa-e1bc-44a1-b8d9-1509e2d889bb}, !- Handle
  central_ac_and_furnace_htg_coil_s,      !- Name
  central ac and furnace htg coil,        !- Output Variable or Output Meter Index Key Name
  Heating Coil Heating Energy;            !- Output Variable or Output Meter Name

OS:EnergyManagementSystem:Program,
  {64fd28bb-858b-45b5-9fd1-a1089af1f204}, !- Handle
  central_ac_and_furnace_supply_fan_disaggregate_program_1, !- Name
  Set central_ac_and_furnace_supply_fan_primary_htg = 0, !- Program Line 1
  If central_ac_and_furnace_htg_coil_s > 0, !- Program Line 2
  Set central_ac_and_furnace_supply_fan_primary_htg = central_ac_and_furnace_supply_fan_s_1, !- Program Line 3
  EndIf;                                  !- Program Line 4

OS:EnergyManagementSystem:ProgramCallingManager,
  {7c81e064-c6e1-41cd-b1e9-3e4ce0b55510}, !- Handle
  central ac and furnace supply fan disaggregate program calling manager 1, !- Name
  EndOfSystemTimestepBeforeHVACReporting, !- EnergyPlus Model Calling Point
  {64fd28bb-858b-45b5-9fd1-a1089af1f204}; !- Program Name 1

OS:EnergyManagementSystem:OutputVariable,
  {40d5dbc1-28b3-49ee-84cb-8039c89b2a28}, !- Handle
  central ac and furnace supply fan disaggregate htg primary, !- Name
  central_ac_and_furnace_supply_fan_primary_htg, !- EMS Variable Name
  Summed,                                 !- Type of Data in Variable
  SystemTimestep,                         !- Update Frequency
  {64fd28bb-858b-45b5-9fd1-a1089af1f204}, !- EMS Program or Subroutine Name
  J;                                      !- Units

OS:AdditionalProperties,
  {276b0175-0785-4112-bdb3-b7e9f23c8165}, !- Handle
  {40d5dbc1-28b3-49ee-84cb-8039c89b2a28}, !- Object Name
  HPXML_ID,                               !- Feature Name 1
  String,                                 !- Feature Data Type 1
  HeatingSystem1,                         !- Feature Value 1
  ObjectType,                             !- Feature Name 2
  String,                                 !- Feature Data Type 2
  disaggregate htg primary;               !- Feature Value 2

OS:Schedule:Constant,
  {a922a247-af24-4c27-9684-2f7102bef607}, !- Handle
  central ac and furnace auto fan schedule, !- Name
  {792aadbb-5279-410a-b7ee-4b45844ebf63}, !- Schedule Type Limits Name
  0;                                      !- Value

OS:AirLoopHVAC:UnitarySystem,
  {e5e8b3ff-136d-4383-9c2e-86e84f22f2f9}, !- Handle
  central ac and furnace unitary system,  !- Name
  Load,                                   !- Control Type
  {64ae1bcf-95d1-4130-8ee3-58c696da9bef}, !- Controlling Zone or Thermostat Location
  None,                                   !- Dehumidification Control Type
  {b406f736-53d0-426d-8652-22a68506b98b}, !- Availability Schedule Name
  {b10993b9-61f4-411e-9618-a62cb7b2b675}, !- Air Inlet Node Name
  {69574255-40fd-4f64-ad6f-aec68497637c}, !- Air Outlet Node Name
  {d6202a6a-dc95-4d81-8aac-2852655b9433}, !- Supply Fan Name
  BlowThrough,                            !- Fan Placement
  {a922a247-af24-4c27-9684-2f7102bef607}, !- Supply Air Fan Operating Mode Schedule Name
  {b3c95dee-f957-4e9f-b249-69de60d5648e}, !- Heating Coil Name
  1,                                      !- DX Heating Coil Sizing Ratio
  {13b945ac-5202-495b-aa51-28b1b323d297}, !- Cooling Coil Name
  No,                                     !- Use DOAS DX Cooling Coil
  2,                                      !- DOAS DX Cooling Coil Leaving Minimum Air Temperature {C}
  SensibleOnlyLoadControl,                !- Latent Load Control
  ,                                       !- Supplemental Heating Coil Name
  SupplyAirFlowRate,                      !- Supply Air Flow Rate Method During Cooling Operation
  0.361039794048,                         !- Supply Air Flow Rate During Cooling Operation {m3/s}
  ,                                       !- Supply Air Flow Rate Per Floor Area During Cooling Operation {m3/s-m2}
  ,                                       !- Fraction of Autosized Design Cooling Supply Air Flow Rate
  ,                                       !- Design Supply Air Flow Rate Per Unit of Capacity During Cooling Operation {m3/s-W}
  SupplyAirFlowRate,                      !- Supply Air Flow Rate Method During Heating Operation
  0.5276372414976,                        !- Supply Air Flow Rate During Heating Operation {m3/s}
  ,                                       !- Supply Air Flow Rate Per Floor Area during Heating Operation {m3/s-m2}
  ,                                       !- Fraction of Autosized Design Heating Supply Air Flow Rate
  ,                                       !- Design Supply Air Flow Rate Per Unit of Capacity During Heating Operation {m3/s-W}
  SupplyAirFlowRate,                      !- Supply Air Flow Rate Method When No Cooling or Heating is Required
  0,                                      !- Supply Air Flow Rate When No Cooling or Heating is Required {m3/s}
  ,                                       !- Supply Air Flow Rate Per Floor Area When No Cooling or Heating is Required {m3/s-m2}
  ,                                       !- Fraction of Autosized Design Cooling Supply Air Flow Rate When No Cooling or Heating is Required
  ,                                       !- Fraction of Autosized Design Heating Supply Air Flow Rate When No Cooling or Heating is Required
  ,                                       !- Design Supply Air Flow Rate Per Unit of Capacity During Cooling Operation When No Cooling or Heating is Required {m3/s-W}
  ,                                       !- Design Supply Air Flow Rate Per Unit of Capacity During Heating Operation When No Cooling or Heating is Required {m3/s-W}
  48.8888888888889,                       !- Maximum Supply Air Temperature {C}
  21,                                     !- Maximum Outdoor Dry-Bulb Temperature for Supplemental Heater Operation {C}
  ,                                       !- Outdoor Dry-Bulb Temperature Sensor Node Name
  0,                                      !- Ancilliary On-Cycle Electric Power {W}
  0;                                      !- Ancilliary Off-Cycle Electric Power {W}

OS:AirLoopHVAC,
  {5d1bb132-0fa3-41a8-bf12-9be145ebd4e5}, !- Handle
  central ac and furnace airloop,         !- Name
  ,                                       !- Controller List Name
  {b406f736-53d0-426d-8652-22a68506b98b}, !- Availability Schedule
  {1b017eed-b933-474b-a093-abbddffe6caa}, !- Availability Manager List Name
  0.5276372414976,                        !- Design Supply Air Flow Rate {m3/s}
  1,                                      !- Design Return Air Flow Fraction of Supply Air Flow
  ,                                       !- Branch List Name
  ,                                       !- Connector List Name
  {d0077064-35fc-41e8-a889-dac5ff77cc96}, !- Supply Side Inlet Node Name
  {69846233-0b4e-4b2f-afa7-054f691ea744}, !- Demand Side Outlet Node Name
  {aea859e0-033f-4856-b1a6-37d6ffa9e99a}, !- Demand Side Inlet Node A
  {1cd4371d-6a0c-437c-82a7-4ada187c63a2}, !- Supply Side Outlet Node A
  ,                                       !- Demand Side Inlet Node B
  ,                                       !- Supply Side Outlet Node B
  ,                                       !- Return Air Bypass Flow Temperature Setpoint Schedule Name
  {6cd85199-499d-463c-9b70-833318c8a4da}, !- Demand Mixer Name
  {8137c5e5-601c-4e1a-b17a-4d59f4d6b4af}, !- Demand Splitter A Name
  ,                                       !- Demand Splitter B Name
  ;                                       !- Supply Splitter Name

OS:Node,
  {05028e5d-d0b8-41ee-81d6-e0504119bdf7}, !- Handle
  Node 4,                                 !- Name
  {d0077064-35fc-41e8-a889-dac5ff77cc96}, !- Inlet Port
  {b10993b9-61f4-411e-9618-a62cb7b2b675}; !- Outlet Port

OS:Node,
  {2e7820ef-caa2-4ccb-bb4c-0863a4eb58f1}, !- Handle
  Node 5,                                 !- Name
  {69574255-40fd-4f64-ad6f-aec68497637c}, !- Inlet Port
  {1cd4371d-6a0c-437c-82a7-4ada187c63a2}; !- Outlet Port

OS:Connection,
  {d0077064-35fc-41e8-a889-dac5ff77cc96}, !- Handle
  {5d1bb132-0fa3-41a8-bf12-9be145ebd4e5}, !- Source Object
  9,                                      !- Outlet Port
  {05028e5d-d0b8-41ee-81d6-e0504119bdf7}, !- Target Object
  2;                                      !- Inlet Port

OS:Connection,
  {1cd4371d-6a0c-437c-82a7-4ada187c63a2}, !- Handle
  {2e7820ef-caa2-4ccb-bb4c-0863a4eb58f1}, !- Source Object
  3,                                      !- Outlet Port
  {5d1bb132-0fa3-41a8-bf12-9be145ebd4e5}, !- Target Object
  12;                                     !- Inlet Port

OS:Node,
  {616f15af-1c25-4d69-88e7-84fea41c8a69}, !- Handle
  Node 6,                                 !- Name
  {aea859e0-033f-4856-b1a6-37d6ffa9e99a}, !- Inlet Port
  {fc24a602-c6cb-4d43-9caa-d0beaa590f90}; !- Outlet Port

OS:Node,
  {be67c069-06fd-4d54-8be8-0fa4f7378387}, !- Handle
  Node 7,                                 !- Name
  {afb8cdce-0ecf-4187-8e1f-ea0bd6fe4ffc}, !- Inlet Port
  {69846233-0b4e-4b2f-afa7-054f691ea744}; !- Outlet Port

OS:Node,
  {0dabf9d5-1403-4ccb-92df-8a83264b8745}, !- Handle
  Node 8,                                 !- Name
  {1de6634b-07c2-4a60-b428-833facdfbddc}, !- Inlet Port
  {a152ea27-395b-4df3-82b9-9370b9553901}; !- Outlet Port

OS:Connection,
  {aea859e0-033f-4856-b1a6-37d6ffa9e99a}, !- Handle
  {5d1bb132-0fa3-41a8-bf12-9be145ebd4e5}, !- Source Object
  11,                                     !- Outlet Port
  {616f15af-1c25-4d69-88e7-84fea41c8a69}, !- Target Object
  2;                                      !- Inlet Port

OS:Connection,
  {69846233-0b4e-4b2f-afa7-054f691ea744}, !- Handle
  {be67c069-06fd-4d54-8be8-0fa4f7378387}, !- Source Object
  3,                                      !- Outlet Port
  {5d1bb132-0fa3-41a8-bf12-9be145ebd4e5}, !- Target Object
  10;                                     !- Inlet Port

OS:AirLoopHVAC:ZoneSplitter,
  {8137c5e5-601c-4e1a-b17a-4d59f4d6b4af}, !- Handle
  central ac and furnace zone splitter,   !- Name
  {fc24a602-c6cb-4d43-9caa-d0beaa590f90}, !- Inlet Node Name
  {e4fed056-8499-4135-89de-1a33ea40eb2a}; !- Outlet Node Name 1

OS:AirLoopHVAC:ZoneMixer,
  {6cd85199-499d-463c-9b70-833318c8a4da}, !- Handle
  central ac and furnace zone mixer,      !- Name
  {afb8cdce-0ecf-4187-8e1f-ea0bd6fe4ffc}, !- Outlet Node Name
  {d07dca3d-041f-48a5-9617-457d3d0e52cc}; !- Inlet Node Name 1

OS:Connection,
  {fc24a602-c6cb-4d43-9caa-d0beaa590f90}, !- Handle
  {616f15af-1c25-4d69-88e7-84fea41c8a69}, !- Source Object
  3,                                      !- Outlet Port
  {8137c5e5-601c-4e1a-b17a-4d59f4d6b4af}, !- Target Object
  2;                                      !- Inlet Port

OS:Connection,
  {afb8cdce-0ecf-4187-8e1f-ea0bd6fe4ffc}, !- Handle
  {6cd85199-499d-463c-9b70-833318c8a4da}, !- Source Object
  2,                                      !- Outlet Port
  {be67c069-06fd-4d54-8be8-0fa4f7378387}, !- Target Object
  2;                                      !- Inlet Port

OS:Sizing:System,
  {074d6846-e699-44ff-8976-1395aa936d4a}, !- Handle
  {5d1bb132-0fa3-41a8-bf12-9be145ebd4e5}, !- AirLoop Name
  ,                                       !- Type of Load to Size On
  ,                                       !- Design Outdoor Air Flow Rate {m3/s}
  0.3,                                    !- Central Heating Maximum System Air Flow Ratio
  7,                                      !- Preheat Design Temperature {C}
  0.008,                                  !- Preheat Design Humidity Ratio {kg-H2O/kg-Air}
  12.8,                                   !- Precool Design Temperature {C}
  0.008,                                  !- Precool Design Humidity Ratio {kg-H2O/kg-Air}
  12.8,                                   !- Central Cooling Design Supply Air Temperature {C}
  16.7,                                   !- Central Heating Design Supply Air Temperature {C}
  ,                                       !- Sizing Option
  Yes,                                    !- 100% Outdoor Air in Cooling
  Yes,                                    !- 100% Outdoor Air in Heating
  0.0085,                                 !- Central Cooling Design Supply Air Humidity Ratio {kg-H2O/kg-Air}
  ,                                       !- Central Heating Design Supply Air Humidity Ratio {kg-H2O/kg-Air}
  ,                                       !- Cooling Design Air Flow Method
  ,                                       !- Cooling Design Air Flow Rate {m3/s}
  ,                                       !- Heating Design Air Flow Method
  ,                                       !- Heating Design Air Flow Rate {m3/s}
  ,                                       !- System Outdoor Air Method
  1,                                      !- Zone Maximum Outdoor Air Fraction {dimensionless}
  0.0099676501,                           !- Cooling Supply Air Flow Rate Per Floor Area {m3/s-m2}
  1,                                      !- Cooling Fraction of Autosized Cooling Supply Air Flow Rate
  3.9475456e-05,                          !- Cooling Supply Air Flow Rate Per Unit Cooling Capacity {m3/s-W}
  0.0099676501,                           !- Heating Supply Air Flow Rate Per Floor Area {m3/s-m2}
  1,                                      !- Heating Fraction of Autosized Heating Supply Air Flow Rate
  1,                                      !- Heating Fraction of Autosized Cooling Supply Air Flow Rate
  3.1588213e-05,                          !- Heating Supply Air Flow Rate Per Unit Heating Capacity {m3/s-W}
  CoolingDesignCapacity,                  !- Cooling Design Capacity Method
  autosize,                               !- Cooling Design Capacity {W}
  234.7,                                  !- Cooling Design Capacity Per Floor Area {W/m2}
  1,                                      !- Fraction of Autosized Cooling Design Capacity
  HeatingDesignCapacity,                  !- Heating Design Capacity Method
  autosize,                               !- Heating Design Capacity {W}
  157,                                    !- Heating Design Capacity Per Floor Area {W/m2}
  1,                                      !- Fraction of Autosized Heating Design Capacity
  OnOff,                                  !- Central Cooling Capacity Control Method
  autosize;                               !- Occupant Diversity

OS:AvailabilityManagerAssignmentList,
  {1b017eed-b933-474b-a093-abbddffe6caa}, !- Handle
  Air Loop HVAC 1 AvailabilityManagerAssignmentList; !- Name

OS:Connection,
  {b10993b9-61f4-411e-9618-a62cb7b2b675}, !- Handle
  {05028e5d-d0b8-41ee-81d6-e0504119bdf7}, !- Source Object
  3,                                      !- Outlet Port
  {e5e8b3ff-136d-4383-9c2e-86e84f22f2f9}, !- Target Object
  6;                                      !- Inlet Port

OS:Connection,
  {69574255-40fd-4f64-ad6f-aec68497637c}, !- Handle
  {e5e8b3ff-136d-4383-9c2e-86e84f22f2f9}, !- Source Object
  7,                                      !- Outlet Port
  {2e7820ef-caa2-4ccb-bb4c-0863a4eb58f1}, !- Target Object
  2;                                      !- Inlet Port

OS:AirTerminal:SingleDuct:ConstantVolume:NoReheat,
  {453a356b-13ba-4d49-a913-cfac3aa8409f}, !- Handle
  central ac and furnace terminal,        !- Name
  {b406f736-53d0-426d-8652-22a68506b98b}, !- Availability Schedule Name
  {0e5578e4-55f7-4485-ad93-4ca87b1f1394}, !- Air Inlet Node Name
  {1de6634b-07c2-4a60-b428-833facdfbddc}, !- Air Outlet Node Name
  0.5276372414976;                        !- Maximum Air Flow Rate {m3/s}

OS:Node,
  {e0f4f559-bbd7-44c2-a4a5-17e4c60f1392}, !- Handle
  Node 9,                                 !- Name
  {90fc106a-6363-48d0-9354-9854ca40500f}, !- Inlet Port
  {2f86d559-6ed7-4ba6-bd6a-7940a803b600}; !- Outlet Port

OS:Connection,
  {a152ea27-395b-4df3-82b9-9370b9553901}, !- Handle
  {0dabf9d5-1403-4ccb-92df-8a83264b8745}, !- Source Object
  3,                                      !- Outlet Port
  {c2498184-5578-47bf-abbe-e3a346b98728}, !- Target Object
  2;                                      !- Inlet Port

OS:Connection,
  {90fc106a-6363-48d0-9354-9854ca40500f}, !- Handle
  {2a4b7c0a-7c3f-4c74-a897-28a443ae041d}, !- Source Object
  2,                                      !- Outlet Port
  {e0f4f559-bbd7-44c2-a4a5-17e4c60f1392}, !- Target Object
  2;                                      !- Inlet Port

OS:Node,
  {e60ae66c-ce2e-4d7a-b2af-128cd65e11bb}, !- Handle
  Node 10,                                !- Name
  {e4fed056-8499-4135-89de-1a33ea40eb2a}, !- Inlet Port
  {0e5578e4-55f7-4485-ad93-4ca87b1f1394}; !- Outlet Port

OS:Connection,
  {e4fed056-8499-4135-89de-1a33ea40eb2a}, !- Handle
  {8137c5e5-601c-4e1a-b17a-4d59f4d6b4af}, !- Source Object
  3,                                      !- Outlet Port
  {e60ae66c-ce2e-4d7a-b2af-128cd65e11bb}, !- Target Object
  2;                                      !- Inlet Port

OS:Connection,
  {0e5578e4-55f7-4485-ad93-4ca87b1f1394}, !- Handle
  {e60ae66c-ce2e-4d7a-b2af-128cd65e11bb}, !- Source Object
  3,                                      !- Outlet Port
  {453a356b-13ba-4d49-a913-cfac3aa8409f}, !- Target Object
  3;                                      !- Inlet Port

OS:Connection,
  {1de6634b-07c2-4a60-b428-833facdfbddc}, !- Handle
  {453a356b-13ba-4d49-a913-cfac3aa8409f}, !- Source Object
  4,                                      !- Outlet Port
  {0dabf9d5-1403-4ccb-92df-8a83264b8745}, !- Target Object
  2;                                      !- Inlet Port

OS:Schedule:Constant,
  {d4f288c5-2fa8-413d-b44d-23ed8b9ef3d7}, !- Handle
  Sequential Fraction Schedule,           !- Name
  {7c878e8d-f40e-4d25-9c3b-441490f7374d}, !- Schedule Type Limits Name
  1;                                      !- Value

OS:Schedule:Constant,
  {27088984-c48b-4c0d-b71d-47ba0b5c4e8b}, !- Handle
  Sequential Fraction Schedule 1,         !- Name
  {7c878e8d-f40e-4d25-9c3b-441490f7374d}, !- Schedule Type Limits Name
  1;                                      !- Value

OS:Schedule:File,
  {059b36f9-a3d5-4251-af8f-b1fa28a5cfff}, !- Handle
  ceiling_fan,                            !- Name
  {7c878e8d-f40e-4d25-9c3b-441490f7374d}, !- Schedule Type Limits Name
  {f7f6b022-7906-480c-afc8-fbb9019bc1a1}, !- External File Name
  8,                                      !- Column Number
  1,                                      !- Rows to Skip at Top
  8760,                                   !- Number of Hours of Data
  ,                                       !- Column Separator
  ,                                       !- Interpolate to Timestep
  15,                                     !- Minutes per Item
  ,                                       !- Adjust Schedule for Daylight Savings
  Yes;                                    !- Translate File With Relative Path

OS:ElectricEquipment:Definition,
  {830aa4f8-15ff-40c6-994b-705e70becc67}, !- Handle
  ceiling fan,                            !- Name
  EquipmentLevel,                         !- Design Level Calculation Method
  16.6057498868079,                       !- Design Level {W}
  ,                                       !- Watts per Space Floor Area {W/m2}
  ,                                       !- Watts per Person {W/person}
  0,                                      !- Fraction Latent
  0.558,                                  !- Fraction Radiant
  0;                                      !- Fraction Lost

OS:ElectricEquipment,
  {8805ad81-fc23-42ae-9966-ed6e4092ec15}, !- Handle
  ceiling fan,                            !- Name
  {830aa4f8-15ff-40c6-994b-705e70becc67}, !- Electric Equipment Definition Name
  {e42f2ab6-2c94-42a9-af10-d2a8a063b931}, !- Space or SpaceType Name
  {059b36f9-a3d5-4251-af8f-b1fa28a5cfff}, !- Schedule Name
  ,                                       !- Multiplier
  ceiling fan;                            !- End-Use Subcategory

OS:PlantLoop,
  {39b1e03d-3d06-4a11-a7b3-4b4ab7a4e459}, !- Handle
  dhw loop,                               !- Name
  ,                                       !- Fluid Type
  0,                                      !- Glycol Concentration
  ,                                       !- User Defined Fluid Type
  ,                                       !- Plant Equipment Operation Heating Load
  ,                                       !- Plant Equipment Operation Cooling Load
  ,                                       !- Primary Plant Equipment Operation Scheme
  {a6fb43ce-7c9d-4346-931d-b9b61a55941a}, !- Loop Temperature Setpoint Node Name
  ,                                       !- Maximum Loop Temperature {C}
  ,                                       !- Minimum Loop Temperature {C}
  0.01,                                   !- Maximum Loop Flow Rate {m3/s}
  ,                                       !- Minimum Loop Flow Rate {m3/s}
  0.003,                                  !- Plant Loop Volume {m3}
  {f018ac50-5b58-4cd0-8fff-29f43ca77289}, !- Plant Side Inlet Node Name
  {5623f90a-27b0-4c0b-bb2e-f4fcf0363e2e}, !- Plant Side Outlet Node Name
  ,                                       !- Plant Side Branch List Name
  {47c6b579-1ceb-405b-b900-95f56d36b325}, !- Demand Side Inlet Node Name
  {84ac76ec-bbf8-4e92-97be-506ae09ad7dc}, !- Demand Side Outlet Node Name
  ,                                       !- Demand Side Branch List Name
  ,                                       !- Demand Side Connector List Name
  Optimal,                                !- Load Distribution Scheme
  {e1573a2d-f58f-480d-8cf6-72e292ccc9cf}, !- Availability Manager List Name
  ,                                       !- Plant Loop Demand Calculation Scheme
  ,                                       !- Common Pipe Simulation
  ,                                       !- Pressure Simulation Type
  ,                                       !- Plant Equipment Operation Heating Load Schedule
  ,                                       !- Plant Equipment Operation Cooling Load Schedule
  ,                                       !- Primary Plant Equipment Operation Scheme Schedule
  ,                                       !- Component Setpoint Operation Scheme Schedule
  {a6b0e341-36d1-4f5d-955c-c63e2a7bdb57}, !- Demand Mixer Name
  {ff21b919-5f02-4477-9719-ad1b2742d412}, !- Demand Splitter Name
  {40cb0b02-95aa-423f-98ca-8003f13bf77c}, !- Supply Mixer Name
  {76c16fef-47e4-4f27-bb7e-d2d6aac8e970}; !- Supply Splitter Name

OS:Node,
  {8fc1c8c4-a90d-4125-9381-0fe9031bd7f1}, !- Handle
  Node 11,                                !- Name
  {f018ac50-5b58-4cd0-8fff-29f43ca77289}, !- Inlet Port
  {f2a458df-63b8-4d9c-a2aa-b1dda3e50341}; !- Outlet Port

OS:Node,
  {a6fb43ce-7c9d-4346-931d-b9b61a55941a}, !- Handle
  Node 12,                                !- Name
  {7ccbb2b1-d77f-4874-ad75-47a4780bc325}, !- Inlet Port
  {5623f90a-27b0-4c0b-bb2e-f4fcf0363e2e}; !- Outlet Port

OS:Node,
  {22ff734e-14fa-4bb1-bff7-8e4e30e8e4bf}, !- Handle
  Node 13,                                !- Name
  {b5766c24-c24d-4375-b538-86d37bae318f}, !- Inlet Port
  {e2caeaa9-38fb-47e9-8fcd-bb2df66b6b11}; !- Outlet Port

OS:Connector:Mixer,
  {40cb0b02-95aa-423f-98ca-8003f13bf77c}, !- Handle
  Connector Mixer 1,                      !- Name
  {bc5be15e-1ea6-445e-a268-462828cb1d56}, !- Outlet Branch Name
  {3bf9bd4a-a101-468c-90ce-a1a21bdc623a}, !- Inlet Branch Name 1
  {4e5e8378-8381-4f32-a2d2-6c01ced2a239}; !- Inlet Branch Name 2

OS:Connector:Splitter,
  {76c16fef-47e4-4f27-bb7e-d2d6aac8e970}, !- Handle
  Connector Splitter 1,                   !- Name
  {9764ba40-eda3-4f58-88b3-8aad4d3c0ce7}, !- Inlet Branch Name
  {b5766c24-c24d-4375-b538-86d37bae318f}, !- Outlet Branch Name 1
  {86b68ff4-aff0-4975-8a5e-0c7b4fefd498}; !- Outlet Branch Name 2

OS:Connection,
  {f018ac50-5b58-4cd0-8fff-29f43ca77289}, !- Handle
  {39b1e03d-3d06-4a11-a7b3-4b4ab7a4e459}, !- Source Object
  14,                                     !- Outlet Port
  {8fc1c8c4-a90d-4125-9381-0fe9031bd7f1}, !- Target Object
  2;                                      !- Inlet Port

OS:Connection,
  {b5766c24-c24d-4375-b538-86d37bae318f}, !- Handle
  {76c16fef-47e4-4f27-bb7e-d2d6aac8e970}, !- Source Object
  3,                                      !- Outlet Port
  {22ff734e-14fa-4bb1-bff7-8e4e30e8e4bf}, !- Target Object
  2;                                      !- Inlet Port

OS:Connection,
  {5623f90a-27b0-4c0b-bb2e-f4fcf0363e2e}, !- Handle
  {a6fb43ce-7c9d-4346-931d-b9b61a55941a}, !- Source Object
  3,                                      !- Outlet Port
  {39b1e03d-3d06-4a11-a7b3-4b4ab7a4e459}, !- Target Object
  15;                                     !- Inlet Port

OS:Node,
  {e31cec80-c88c-4aca-959c-6d7ec6dcecc6}, !- Handle
  Node 14,                                !- Name
  {47c6b579-1ceb-405b-b900-95f56d36b325}, !- Inlet Port
  {ea2c7dec-a36c-482d-8452-faf80becefcf}; !- Outlet Port

OS:Node,
  {03c1fc95-d29d-48f7-9a22-99e3630a08a0}, !- Handle
  Node 15,                                !- Name
  {8f7941f0-10e5-43c7-9125-c97b90fbdaac}, !- Inlet Port
  {84ac76ec-bbf8-4e92-97be-506ae09ad7dc}; !- Outlet Port

OS:Node,
  {b78996cb-1f2a-4b61-99df-ebd74e0339a4}, !- Handle
  Node 16,                                !- Name
  {ce187fab-64db-4ade-ac76-62bccfeb7b1c}, !- Inlet Port
  {5c320bb2-f634-4118-86c0-503502d29db4}; !- Outlet Port

OS:Connector:Mixer,
  {a6b0e341-36d1-4f5d-955c-c63e2a7bdb57}, !- Handle
  Connector Mixer 2,                      !- Name
  {8f7941f0-10e5-43c7-9125-c97b90fbdaac}, !- Outlet Branch Name
  {202069d6-c7f4-4a5e-abc6-d75e1ad980d3}; !- Inlet Branch Name 1

OS:Connector:Splitter,
  {ff21b919-5f02-4477-9719-ad1b2742d412}, !- Handle
  Connector Splitter 2,                   !- Name
  {ea2c7dec-a36c-482d-8452-faf80becefcf}, !- Inlet Branch Name
  {ce187fab-64db-4ade-ac76-62bccfeb7b1c}; !- Outlet Branch Name 1

OS:Connection,
  {47c6b579-1ceb-405b-b900-95f56d36b325}, !- Handle
  {39b1e03d-3d06-4a11-a7b3-4b4ab7a4e459}, !- Source Object
  17,                                     !- Outlet Port
  {e31cec80-c88c-4aca-959c-6d7ec6dcecc6}, !- Target Object
  2;                                      !- Inlet Port

OS:Connection,
  {ea2c7dec-a36c-482d-8452-faf80becefcf}, !- Handle
  {e31cec80-c88c-4aca-959c-6d7ec6dcecc6}, !- Source Object
  3,                                      !- Outlet Port
  {ff21b919-5f02-4477-9719-ad1b2742d412}, !- Target Object
  2;                                      !- Inlet Port

OS:Connection,
  {ce187fab-64db-4ade-ac76-62bccfeb7b1c}, !- Handle
  {ff21b919-5f02-4477-9719-ad1b2742d412}, !- Source Object
  3,                                      !- Outlet Port
  {b78996cb-1f2a-4b61-99df-ebd74e0339a4}, !- Target Object
  2;                                      !- Inlet Port

OS:Connection,
  {8f7941f0-10e5-43c7-9125-c97b90fbdaac}, !- Handle
  {a6b0e341-36d1-4f5d-955c-c63e2a7bdb57}, !- Source Object
  2,                                      !- Outlet Port
  {03c1fc95-d29d-48f7-9a22-99e3630a08a0}, !- Target Object
  2;                                      !- Inlet Port

OS:Connection,
  {84ac76ec-bbf8-4e92-97be-506ae09ad7dc}, !- Handle
  {03c1fc95-d29d-48f7-9a22-99e3630a08a0}, !- Source Object
  3,                                      !- Outlet Port
  {39b1e03d-3d06-4a11-a7b3-4b4ab7a4e459}, !- Target Object
  18;                                     !- Inlet Port

OS:Sizing:Plant,
  {0ac7f595-0103-404c-8f8c-363e1dab5cec}, !- Handle
  {39b1e03d-3d06-4a11-a7b3-4b4ab7a4e459}, !- Plant or Condenser Loop Name
  Heating,                                !- Loop Type
  51.6666666666667,                       !- Design Loop Exit Temperature {C}
  5.55555555555556,                       !- Loop Design Temperature Difference {deltaC}
  NonCoincident,                          !- Sizing Option
  1,                                      !- Zone Timesteps in Averaging Window
  None;                                   !- Coincident Sizing Factor Mode

OS:AvailabilityManagerAssignmentList,
  {e1573a2d-f58f-480d-8cf6-72e292ccc9cf}, !- Handle
  Plant Loop 1 AvailabilityManagerAssignmentList; !- Name

OS:Pipe:Adiabatic,
  {9808650a-8922-448d-bb30-2f7158da4b3f}, !- Handle
  Pipe Adiabatic 1,                       !- Name
  {e2caeaa9-38fb-47e9-8fcd-bb2df66b6b11}, !- Inlet Node Name
  {514ee23b-1cee-4e14-aab7-de8bf85bf7ab}; !- Outlet Node Name

OS:Pipe:Adiabatic,
  {42b12c98-c9d9-400c-9bb8-59bdf3d1e277}, !- Handle
  Pipe Adiabatic 2,                       !- Name
  {0fd3d554-8bd7-486b-974a-29772756dd62}, !- Inlet Node Name
  {7ccbb2b1-d77f-4874-ad75-47a4780bc325}; !- Outlet Node Name

OS:Node,
  {70ea1067-aedb-47f9-97d2-488559128fac}, !- Handle
  Node 17,                                !- Name
  {514ee23b-1cee-4e14-aab7-de8bf85bf7ab}, !- Inlet Port
  {3bf9bd4a-a101-468c-90ce-a1a21bdc623a}; !- Outlet Port

OS:Connection,
  {e2caeaa9-38fb-47e9-8fcd-bb2df66b6b11}, !- Handle
  {22ff734e-14fa-4bb1-bff7-8e4e30e8e4bf}, !- Source Object
  3,                                      !- Outlet Port
  {9808650a-8922-448d-bb30-2f7158da4b3f}, !- Target Object
  2;                                      !- Inlet Port

OS:Connection,
  {514ee23b-1cee-4e14-aab7-de8bf85bf7ab}, !- Handle
  {9808650a-8922-448d-bb30-2f7158da4b3f}, !- Source Object
  3,                                      !- Outlet Port
  {70ea1067-aedb-47f9-97d2-488559128fac}, !- Target Object
  2;                                      !- Inlet Port

OS:Connection,
  {3bf9bd4a-a101-468c-90ce-a1a21bdc623a}, !- Handle
  {70ea1067-aedb-47f9-97d2-488559128fac}, !- Source Object
  3,                                      !- Outlet Port
  {40cb0b02-95aa-423f-98ca-8003f13bf77c}, !- Target Object
  3;                                      !- Inlet Port

OS:Node,
  {6bcf78c3-e233-40c3-989d-2a8c4bdfa48c}, !- Handle
  Node 18,                                !- Name
  {bc5be15e-1ea6-445e-a268-462828cb1d56}, !- Inlet Port
  {0fd3d554-8bd7-486b-974a-29772756dd62}; !- Outlet Port

OS:Connection,
  {bc5be15e-1ea6-445e-a268-462828cb1d56}, !- Handle
  {40cb0b02-95aa-423f-98ca-8003f13bf77c}, !- Source Object
  2,                                      !- Outlet Port
  {6bcf78c3-e233-40c3-989d-2a8c4bdfa48c}, !- Target Object
  2;                                      !- Inlet Port

OS:Connection,
  {0fd3d554-8bd7-486b-974a-29772756dd62}, !- Handle
  {6bcf78c3-e233-40c3-989d-2a8c4bdfa48c}, !- Source Object
  3,                                      !- Outlet Port
  {42b12c98-c9d9-400c-9bb8-59bdf3d1e277}, !- Target Object
  2;                                      !- Inlet Port

OS:Connection,
  {7ccbb2b1-d77f-4874-ad75-47a4780bc325}, !- Handle
  {42b12c98-c9d9-400c-9bb8-59bdf3d1e277}, !- Source Object
  3,                                      !- Outlet Port
  {a6fb43ce-7c9d-4346-931d-b9b61a55941a}, !- Target Object
  2;                                      !- Inlet Port

OS:Pump:VariableSpeed,
  {d720dc69-e51c-4b54-bf79-dd2109df36f8}, !- Handle
  Pump Variable Speed 1,                  !- Name
  {f2a458df-63b8-4d9c-a2aa-b1dda3e50341}, !- Inlet Node Name
  {c52dab2e-f5b6-42a0-9981-922e64407100}, !- Outlet Node Name
  0.01,                                   !- Rated Flow Rate {m3/s}
  1,                                      !- Rated Pump Head {Pa}
  0,                                      !- Rated Power Consumption {W}
  1,                                      !- Motor Efficiency
  0,                                      !- Fraction of Motor Inefficiencies to Fluid Stream
  0,                                      !- Coefficient 1 of the Part Load Performance Curve
  1,                                      !- Coefficient 2 of the Part Load Performance Curve
  0,                                      !- Coefficient 3 of the Part Load Performance Curve
  0,                                      !- Coefficient 4 of the Part Load Performance Curve
  ,                                       !- Minimum Flow Rate {m3/s}
  Intermittent,                           !- Pump Control Type
  ,                                       !- Pump Flow Rate Schedule Name
  ,                                       !- Pump Curve Name
  ,                                       !- Impeller Diameter {m}
  ,                                       !- VFD Control Type
  ,                                       !- Pump RPM Schedule Name
  ,                                       !- Minimum Pressure Schedule {Pa}
  ,                                       !- Maximum Pressure Schedule {Pa}
  ,                                       !- Minimum RPM Schedule {rev/min}
  ,                                       !- Maximum RPM Schedule {rev/min}
  ,                                       !- Zone Name
  0.5,                                    !- Skin Loss Radiative Fraction
  PowerPerFlowPerPressure,                !- Design Power Sizing Method
  348701.1,                               !- Design Electric Power per Unit Flow Rate {W/(m3/s)}
  1.282051282,                            !- Design Shaft Power per Unit Flow Rate per Unit Head {W-s/m3-Pa}
  0,                                      !- Design Minimum Flow Rate Fraction
  General;                                !- End-Use Subcategory

OS:Node,
  {9670ad55-b7ea-4ef8-b3de-ac1ecf6b9b60}, !- Handle
  Node 19,                                !- Name
  {c52dab2e-f5b6-42a0-9981-922e64407100}, !- Inlet Port
  {9764ba40-eda3-4f58-88b3-8aad4d3c0ce7}; !- Outlet Port

OS:Connection,
  {f2a458df-63b8-4d9c-a2aa-b1dda3e50341}, !- Handle
  {8fc1c8c4-a90d-4125-9381-0fe9031bd7f1}, !- Source Object
  3,                                      !- Outlet Port
  {d720dc69-e51c-4b54-bf79-dd2109df36f8}, !- Target Object
  2;                                      !- Inlet Port

OS:Connection,
  {c52dab2e-f5b6-42a0-9981-922e64407100}, !- Handle
  {d720dc69-e51c-4b54-bf79-dd2109df36f8}, !- Source Object
  3,                                      !- Outlet Port
  {9670ad55-b7ea-4ef8-b3de-ac1ecf6b9b60}, !- Target Object
  2;                                      !- Inlet Port

OS:Connection,
  {9764ba40-eda3-4f58-88b3-8aad4d3c0ce7}, !- Handle
  {9670ad55-b7ea-4ef8-b3de-ac1ecf6b9b60}, !- Source Object
  3,                                      !- Outlet Port
  {76c16fef-47e4-4f27-bb7e-d2d6aac8e970}, !- Target Object
  2;                                      !- Inlet Port

OS:Schedule:Constant,
  {bc95e76d-6c07-4712-8b9b-f2f8865b3309}, !- Handle
  dhw temp,                               !- Name
  {e1a072b5-5414-4d4f-b920-81169784f0c6}, !- Schedule Type Limits Name
  51.6666666666667;                       !- Value

OS:SetpointManager:Scheduled,
  {e1c119ab-7ce2-4565-9390-741925b276b9}, !- Handle
  Setpoint Manager Scheduled 1,           !- Name
  Temperature,                            !- Control Variable
  {bc95e76d-6c07-4712-8b9b-f2f8865b3309}, !- Schedule Name
  {a6fb43ce-7c9d-4346-931d-b9b61a55941a}; !- Setpoint Node or NodeList Name

OS:WaterHeater:Mixed,
  {fc72e73d-3965-4dd5-a7d4-bfd937f0a03d}, !- Handle
  water heater,                           !- Name
  0.00378541178396985,                    !- Tank Volume {m3}
  {5d013c0a-fef2-4f56-a480-76fc26b9d998}, !- Setpoint Temperature Schedule Name
  0,                                      !- Deadband Temperature Difference {deltaC}
  99,                                     !- Maximum Temperature Limit {C}
  Modulate,                               !- Heater Control Type
  29307107017.2222,                       !- Heater Maximum Capacity {W}
  0,                                      !- Heater Minimum Capacity {W}
  ,                                       !- Heater Ignition Minimum Flow Rate {m3/s}
  ,                                       !- Heater Ignition Delay {s}
  NaturalGas,                             !- Heater Fuel Type
  0.7544,                                 !- Heater Thermal Efficiency
  ,                                       !- Part Load Factor Curve Name
  0,                                      !- Off Cycle Parasitic Fuel Consumption Rate {W}
  Electricity,                            !- Off Cycle Parasitic Fuel Type
  0,                                      !- Off Cycle Parasitic Heat Fraction to Tank
  0,                                      !- On Cycle Parasitic Fuel Consumption Rate {W}
  Electricity,                            !- On Cycle Parasitic Fuel Type
  0,                                      !- On Cycle Parasitic Heat Fraction to Tank
  ThermalZone,                            !- Ambient Temperature Indicator
  ,                                       !- Ambient Temperature Schedule Name
  {1f5d812e-84cf-45eb-9f2a-8287ea59c088}, !- Ambient Temperature Thermal Zone Name
  ,                                       !- Ambient Temperature Outdoor Air Node Name
  0,                                      !- Off Cycle Loss Coefficient to Ambient Temperature {W/K}
  1,                                      !- Off Cycle Loss Fraction to Thermal Zone
  0,                                      !- On Cycle Loss Coefficient to Ambient Temperature {W/K}
  1,                                      !- On Cycle Loss Fraction to Thermal Zone
  ,                                       !- Peak Use Flow Rate {m3/s}
  ,                                       !- Use Flow Rate Fraction Schedule Name
  ,                                       !- Cold Water Supply Temperature Schedule Name
  {48992da6-5622-4521-bdb0-0f10454a4dac}, !- Use Side Inlet Node Name
  {b4ec2623-0977-48ea-83d9-4e0f89461e38}, !- Use Side Outlet Node Name
  1,                                      !- Use Side Effectiveness
  ,                                       !- Source Side Inlet Node Name
  ,                                       !- Source Side Outlet Node Name
  1,                                      !- Source Side Effectiveness
  autosize,                               !- Use Side Design Flow Rate {m3/s}
  autosize,                               !- Source Side Design Flow Rate {m3/s}
  1.5,                                    !- Indirect Water Heating Recovery Time {hr}
  IndirectHeatPrimarySetpoint,            !- Source Side Flow Control Mode
  ,                                       !- Indirect Alternate Setpoint Temperature Schedule Name
  General;                                !- End-Use Subcategory

OS:WaterHeater:Sizing,
  {d80a5199-aa02-487e-b443-c5bbcd8df3c5}, !- Handle
  {fc72e73d-3965-4dd5-a7d4-bfd937f0a03d}, !- WaterHeater Name
  PeakDraw,                               !- Design Mode
  0.538503,                               !- Time Storage Can Meet Peak Draw {hr}
  0,                                      !- Time for Tank Recovery {hr}
  1;                                      !- Nominal Tank Volume for Autosizing Plant Connections {m3}

OS:Schedule:Constant,
  {5d013c0a-fef2-4f56-a480-76fc26b9d998}, !- Handle
  water heater setpoint,                  !- Name
  {e1a072b5-5414-4d4f-b920-81169784f0c6}, !- Schedule Type Limits Name
  51.6666666666667;                       !- Value

OS:AdditionalProperties,
  {5f6bce43-415f-4887-b0aa-fb873ca64c98}, !- Handle
  {fc72e73d-3965-4dd5-a7d4-bfd937f0a03d}, !- Object Name
  HPXML_ID,                               !- Feature Name 1
  String,                                 !- Feature Data Type 1
  WaterHeatingSystem1;                    !- Feature Value 1

OS:Node,
  {f3ced153-8813-4938-a959-26f6c028ad60}, !- Handle
  Node 20,                                !- Name
  {86b68ff4-aff0-4975-8a5e-0c7b4fefd498}, !- Inlet Port
  {48992da6-5622-4521-bdb0-0f10454a4dac}; !- Outlet Port

OS:Connection,
  {86b68ff4-aff0-4975-8a5e-0c7b4fefd498}, !- Handle
  {76c16fef-47e4-4f27-bb7e-d2d6aac8e970}, !- Source Object
  4,                                      !- Outlet Port
  {f3ced153-8813-4938-a959-26f6c028ad60}, !- Target Object
  2;                                      !- Inlet Port

OS:Node,
  {0ae901f4-9d15-4ed8-9e64-a4bf1cd09930}, !- Handle
  Node 21,                                !- Name
  {b4ec2623-0977-48ea-83d9-4e0f89461e38}, !- Inlet Port
  {4e5e8378-8381-4f32-a2d2-6c01ced2a239}; !- Outlet Port

OS:Connection,
  {48992da6-5622-4521-bdb0-0f10454a4dac}, !- Handle
  {f3ced153-8813-4938-a959-26f6c028ad60}, !- Source Object
  3,                                      !- Outlet Port
  {fc72e73d-3965-4dd5-a7d4-bfd937f0a03d}, !- Target Object
  31;                                     !- Inlet Port

OS:Connection,
  {b4ec2623-0977-48ea-83d9-4e0f89461e38}, !- Handle
  {fc72e73d-3965-4dd5-a7d4-bfd937f0a03d}, !- Source Object
  32,                                     !- Outlet Port
  {0ae901f4-9d15-4ed8-9e64-a4bf1cd09930}, !- Target Object
  2;                                      !- Inlet Port

OS:Connection,
  {4e5e8378-8381-4f32-a2d2-6c01ced2a239}, !- Handle
  {0ae901f4-9d15-4ed8-9e64-a4bf1cd09930}, !- Source Object
  3,                                      !- Outlet Port
  {40cb0b02-95aa-423f-98ca-8003f13bf77c}, !- Target Object
  4;                                      !- Inlet Port

OS:OtherEquipment:Definition,
  {89cf738f-cda9-4426-9726-76d51417a903}, !- Handle
  water heater energy adjustment1,        !- Name
  EquipmentLevel,                         !- Design Level Calculation Method
  0.01,                                   !- Design Level {W}
  ,                                       !- Watts per Space Floor Area {W/m2}
  ,                                       !- Watts per Person {W/Person}
  0,                                      !- Fraction Latent
  0,                                      !- Fraction Radiant
  1;                                      !- Fraction Lost

OS:OtherEquipment,
  {217cc105-0313-4258-930e-bee6099b3877}, !- Handle
  water heater energy adjustment1,        !- Name
  {89cf738f-cda9-4426-9726-76d51417a903}, !- Other Equipment Definition Name
  {3a417cd0-2ddf-448d-9874-c9246d4b0134}, !- Space or SpaceType Name
  {b406f736-53d0-426d-8652-22a68506b98b}, !- Schedule Name
  ,                                       !- Multiplier
  NaturalGas,                             !- Fuel Type
  water heater energy adjustment1;        !- End-Use Subcategory

OS:AdditionalProperties,
  {ac831260-0a9f-4a6d-888e-1fc91ef891cf}, !- Handle
  {217cc105-0313-4258-930e-bee6099b3877}, !- Object Name
  HPXML_ID,                               !- Feature Name 1
  String,                                 !- Feature Data Type 1
  WaterHeatingSystem1;                    !- Feature Value 1

OS:EnergyManagementSystem:Sensor,
  {f0f5d868-f47e-44ac-aef0-7d4f6cf29a9f}, !- Handle
  water_heater_energy,                    !- Name
  water heater,                           !- Output Variable or Output Meter Index Key Name
  Water Heater NaturalGas Rate;           !- Output Variable or Output Meter Name

OS:EnergyManagementSystem:Sensor,
  {94b27fa1-18fe-49a2-81af-ed0e95f0f711}, !- Handle
  water_heater_on_cycle_parasitic,        !- Name
  water heater,                           !- Output Variable or Output Meter Index Key Name
  Water Heater On Cycle Parasitic Electricity Rate; !- Output Variable or Output Meter Name

OS:EnergyManagementSystem:Sensor,
  {56294787-c921-4297-afe4-be6ca7c17932}, !- Handle
  water_heater_off_cycle_parasitic,       !- Name
  water heater,                           !- Output Variable or Output Meter Index Key Name
  Water Heater Off Cycle Parasitic Electricity Rate; !- Output Variable or Output Meter Name

OS:EnergyManagementSystem:Actuator,
  {fb0fd14a-4d85-4387-a5c2-cecceea92a86}, !- Handle
  water_heater_ec_adj_act,                !- Name
  {217cc105-0313-4258-930e-bee6099b3877}, !- Actuated Component Name
  OtherEquipment,                         !- Actuated Component Type
  Power Level,                            !- Actuated Component Control Type
  {3a417cd0-2ddf-448d-9874-c9246d4b0134}; !- Zone or Space Name

OS:EnergyManagementSystem:Program,
  {72e6eeeb-0494-412f-aeb3-ac739d277f19}, !- Handle
  water_heater_EC_adj,                    !- Name
  Set dhw_e_cons = water_heater_energy + water_heater_on_cycle_parasitic + water_heater_off_cycle_parasitic, !- Program Line 1
  Set water_heater_ec_adj_act = 0.0 * dhw_e_cons / 1; !- Program Line 2

OS:EnergyManagementSystem:ProgramCallingManager,
  {f02befbe-4a5f-49b7-9045-df8e3f0b072d}, !- Handle
  water heater EC_adj ProgramManager,     !- Name
  EndOfSystemTimestepBeforeHVACReporting, !- EnergyPlus Model Calling Point
  {72e6eeeb-0494-412f-aeb3-ac739d277f19}; !- Program Name 1

OS:WaterUse:Connections,
  {646be8c1-be98-4611-a3f0-671451e196a0}, !- Handle
  Water Use Connections 1,                !- Name
  {5c320bb2-f634-4118-86c0-503502d29db4}, !- Inlet Node Name
  {73f49549-c25d-44cc-a7b1-c2a51d4e56c0}, !- Outlet Node Name
  ,                                       !- Supply Water Storage Tank Name
  ,                                       !- Reclamation Water Storage Tank Name
  ,                                       !- Hot Water Supply Temperature Schedule Name
  ,                                       !- Cold Water Supply Temperature Schedule Name
  None,                                   !- Drain Water Heat Exchanger Type
  Plant,                                  !- Drain Water Heat Exchanger Destination
  ,                                       !- Drain Water Heat Exchanger U-Factor Times Area {W/K}
  {eb0e45f8-c4e7-4371-a3c4-026a2198e7ae}, !- Water Use Equipment Name 1
  {0529c630-a747-4db0-9f76-ce9bbb9dac23}, !- Water Use Equipment Name 2
  {3443999f-e47a-4ce0-bb34-f544a1011c3c}, !- Water Use Equipment Name 3
  {099aac05-5234-4a61-b08f-afdcb611244e}; !- Water Use Equipment Name 4

OS:AdditionalProperties,
  {babd6a8b-0576-482c-aca3-7b218729cd6d}, !- Handle
  {646be8c1-be98-4611-a3f0-671451e196a0}, !- Object Name
  HPXML_ID,                               !- Feature Name 1
  String,                                 !- Feature Data Type 1
  WaterHeatingSystem1;                    !- Feature Value 1

OS:Node,
  {b6e9cd47-642c-46a3-9f9c-b2b4336c26ba}, !- Handle
  Node 22,                                !- Name
  {73f49549-c25d-44cc-a7b1-c2a51d4e56c0}, !- Inlet Port
  {202069d6-c7f4-4a5e-abc6-d75e1ad980d3}; !- Outlet Port

OS:Connection,
  {5c320bb2-f634-4118-86c0-503502d29db4}, !- Handle
  {b78996cb-1f2a-4b61-99df-ebd74e0339a4}, !- Source Object
  3,                                      !- Outlet Port
  {646be8c1-be98-4611-a3f0-671451e196a0}, !- Target Object
  2;                                      !- Inlet Port

OS:Connection,
  {73f49549-c25d-44cc-a7b1-c2a51d4e56c0}, !- Handle
  {646be8c1-be98-4611-a3f0-671451e196a0}, !- Source Object
  3,                                      !- Outlet Port
  {b6e9cd47-642c-46a3-9f9c-b2b4336c26ba}, !- Target Object
  2;                                      !- Inlet Port

OS:Connection,
  {202069d6-c7f4-4a5e-abc6-d75e1ad980d3}, !- Handle
  {b6e9cd47-642c-46a3-9f9c-b2b4336c26ba}, !- Source Object
  3,                                      !- Outlet Port
  {a6b0e341-36d1-4f5d-955c-c63e2a7bdb57}, !- Target Object
  3;                                      !- Inlet Port

OS:Schedule:File,
  {837b2339-ef90-460a-bc34-49b4ee88fb54}, !- Handle
  clothes_washer,                         !- Name
  {7c878e8d-f40e-4d25-9c3b-441490f7374d}, !- Schedule Type Limits Name
  {f7f6b022-7906-480c-afc8-fbb9019bc1a1}, !- External File Name
  6,                                      !- Column Number
  1,                                      !- Rows to Skip at Top
  8760,                                   !- Number of Hours of Data
  ,                                       !- Column Separator
  ,                                       !- Interpolate to Timestep
  15,                                     !- Minutes per Item
  ,                                       !- Adjust Schedule for Daylight Savings
  Yes;                                    !- Translate File With Relative Path

OS:ElectricEquipment:Definition,
  {3779aac5-d068-4708-a97e-a708cfa7e197}, !- Handle
  clothes washer,                         !- Name
  EquipmentLevel,                         !- Design Level Calculation Method
  524.354961166763,                       !- Design Level {W}
  ,                                       !- Watts per Space Floor Area {W/m2}
  ,                                       !- Watts per Person {W/person}
  0.03,                                   !- Fraction Latent
  0.162,                                  !- Fraction Radiant
  0.7;                                    !- Fraction Lost

OS:ElectricEquipment,
  {3c9edec3-5454-4587-ada4-c489961249f6}, !- Handle
  clothes washer,                         !- Name
  {3779aac5-d068-4708-a97e-a708cfa7e197}, !- Electric Equipment Definition Name
  {e42f2ab6-2c94-42a9-af10-d2a8a063b931}, !- Space or SpaceType Name
  {837b2339-ef90-460a-bc34-49b4ee88fb54}, !- Schedule Name
  ,                                       !- Multiplier
  clothes washer;                         !- End-Use Subcategory

OS:Schedule:File,
  {dea0e785-96da-40a4-9211-40e11c619682}, !- Handle
  clothes_dryer,                          !- Name
  {7c878e8d-f40e-4d25-9c3b-441490f7374d}, !- Schedule Type Limits Name
  {f7f6b022-7906-480c-afc8-fbb9019bc1a1}, !- External File Name
  7,                                      !- Column Number
  1,                                      !- Rows to Skip at Top
  8760,                                   !- Number of Hours of Data
  ,                                       !- Column Separator
  ,                                       !- Interpolate to Timestep
  15,                                     !- Minutes per Item
  ,                                       !- Adjust Schedule for Daylight Savings
  Yes;                                    !- Translate File With Relative Path

OS:ElectricEquipment:Definition,
  {351f0a64-9d0f-42da-8f81-0e84a7d1d040}, !- Handle
  clothes dryer,                          !- Name
  EquipmentLevel,                         !- Design Level Calculation Method
  1819.53133965232,                       !- Design Level {W}
  ,                                       !- Watts per Space Floor Area {W/m2}
  ,                                       !- Watts per Person {W/person}
  0.015,                                  !- Fraction Latent
  0.081,                                  !- Fraction Radiant
  0.85;                                   !- Fraction Lost

OS:ElectricEquipment,
  {d4d7e446-ee3c-4ffb-b5db-92f5a77728d2}, !- Handle
  clothes dryer,                          !- Name
  {351f0a64-9d0f-42da-8f81-0e84a7d1d040}, !- Electric Equipment Definition Name
  {e42f2ab6-2c94-42a9-af10-d2a8a063b931}, !- Space or SpaceType Name
  {dea0e785-96da-40a4-9211-40e11c619682}, !- Schedule Name
  ,                                       !- Multiplier
  clothes dryer;                          !- End-Use Subcategory

OS:Schedule:File,
  {14e7699f-d3cc-49a6-a93d-2edafd3544d4}, !- Handle
  dishwasher,                             !- Name
  {7c878e8d-f40e-4d25-9c3b-441490f7374d}, !- Schedule Type Limits Name
  {f7f6b022-7906-480c-afc8-fbb9019bc1a1}, !- External File Name
  5,                                      !- Column Number
  1,                                      !- Rows to Skip at Top
  8760,                                   !- Number of Hours of Data
  ,                                       !- Column Separator
  ,                                       !- Interpolate to Timestep
  15,                                     !- Minutes per Item
  ,                                       !- Adjust Schedule for Daylight Savings
  Yes;                                    !- Translate File With Relative Path

OS:ElectricEquipment:Definition,
  {3b5c7209-931d-46f1-b2eb-d6a7a863ac25}, !- Handle
  dishwasher,                             !- Name
  EquipmentLevel,                         !- Design Level Calculation Method
  1019.05554742398,                       !- Design Level {W}
  ,                                       !- Watts per Space Floor Area {W/m2}
  ,                                       !- Watts per Person {W/person}
  0.3,                                    !- Fraction Latent
  0.18,                                   !- Fraction Radiant
  0.4;                                    !- Fraction Lost

OS:ElectricEquipment,
  {05067327-1787-4899-a996-368a136e8987}, !- Handle
  dishwasher,                             !- Name
  {3b5c7209-931d-46f1-b2eb-d6a7a863ac25}, !- Electric Equipment Definition Name
  {e42f2ab6-2c94-42a9-af10-d2a8a063b931}, !- Space or SpaceType Name
  {14e7699f-d3cc-49a6-a93d-2edafd3544d4}, !- Schedule Name
  ,                                       !- Multiplier
  dishwasher;                             !- End-Use Subcategory

OS:Schedule:Ruleset,
  {b83289ee-c5c7-4d9c-8681-63bb579219a1}, !- Handle
  fridge schedule,                        !- Name
  {7c878e8d-f40e-4d25-9c3b-441490f7374d}, !- Schedule Type Limits Name
  {9282282f-c098-484b-bde1-edf4e0f22c0c}; !- Default Day Schedule Name

OS:Schedule:Day,
  {9282282f-c098-484b-bde1-edf4e0f22c0c}, !- Handle
  fridge schedule default day,            !- Name
  {7c878e8d-f40e-4d25-9c3b-441490f7374d}, !- Schedule Type Limits Name
  ,                                       !- Interpolate to Timestep
  24,                                     !- Hour 1
  0,                                      !- Minute 1
  0;                                      !- Value Until Time 1

OS:Schedule:Rule,
  {0ac7fcb0-1ac3-46ae-b3aa-0e7e4a48cc21}, !- Handle
  fridge schedule allday ruleset1,        !- Name
  {b83289ee-c5c7-4d9c-8681-63bb579219a1}, !- Schedule Ruleset Name
  6,                                      !- Rule Order
  {937c5dd8-ddae-4623-b78a-a257e9c4cad0}, !- Day Schedule Name
  Yes,                                    !- Apply Sunday
  Yes,                                    !- Apply Monday
  Yes,                                    !- Apply Tuesday
  Yes,                                    !- Apply Wednesday
  Yes,                                    !- Apply Thursday
  Yes,                                    !- Apply Friday
  Yes,                                    !- Apply Saturday
  DateRange,                              !- Date Specification Type
  1,                                      !- Start Month
  1,                                      !- Start Day
  1,                                      !- End Month
  31;                                     !- End Day

OS:Schedule:Day,
  {937c5dd8-ddae-4623-b78a-a257e9c4cad0}, !- Handle
  fridge schedule allday1,                !- Name
  {7c878e8d-f40e-4d25-9c3b-441490f7374d}, !- Schedule Type Limits Name
  ,                                       !- Interpolate to Timestep
  1,                                      !- Hour 1
  0,                                      !- Minute 1
  0.610948905109489,                      !- Value Until Time 1
  2,                                      !- Hour 2
  0,                                      !- Minute 2
  0.595675182481752,                      !- Value Until Time 2
  3,                                      !- Hour 3
  0,                                      !- Minute 3
  0.580401459854014,                      !- Value Until Time 3
  4,                                      !- Hour 4
  0,                                      !- Minute 4
  0.565127737226277,                      !- Value Until Time 4
  6,                                      !- Hour 5
  0,                                      !- Minute 5
  0.54985401459854,                       !- Value Until Time 5
  7,                                      !- Hour 6
  0,                                      !- Minute 6
  0.580401459854014,                      !- Value Until Time 6
  8,                                      !- Hour 7
  0,                                      !- Minute 7
  0.610948905109489,                      !- Value Until Time 7
  10,                                     !- Hour 8
  0,                                      !- Minute 8
  0.626222627737226,                      !- Value Until Time 8
  12,                                     !- Hour 9
  0,                                      !- Minute 9
  0.610948905109489,                      !- Value Until Time 9
  15,                                     !- Hour 10
  0,                                      !- Minute 10
  0.641496350364963,                      !- Value Until Time 10
  16,                                     !- Hour 11
  0,                                      !- Minute 11
  0.626222627737226,                      !- Value Until Time 11
  17,                                     !- Hour 12
  0,                                      !- Minute 12
  0.672043795620438,                      !- Value Until Time 12
  18,                                     !- Hour 13
  0,                                      !- Minute 13
  0.733138686131387,                      !- Value Until Time 13
  19,                                     !- Hour 14
  0,                                      !- Minute 14
  0.763686131386861,                      !- Value Until Time 14
  20,                                     !- Hour 15
  0,                                      !- Minute 15
  0.733138686131387,                      !- Value Until Time 15
  21,                                     !- Hour 16
  0,                                      !- Minute 16
  0.717864963503649,                      !- Value Until Time 16
  22,                                     !- Hour 17
  0,                                      !- Minute 17
  0.702591240875912,                      !- Value Until Time 17
  23,                                     !- Hour 18
  0,                                      !- Minute 18
  0.672043795620438,                      !- Value Until Time 18
  24,                                     !- Hour 19
  0,                                      !- Minute 19
  0.626222627737226;                      !- Value Until Time 19

OS:Schedule:Rule,
  {863e5d2b-3ff7-48cb-a8b2-b3e53512e4b8}, !- Handle
  fridge schedule allday ruleset2,        !- Name
  {b83289ee-c5c7-4d9c-8681-63bb579219a1}, !- Schedule Ruleset Name
  5,                                      !- Rule Order
  {abb0dd22-a145-498c-be84-a08ccc7e5b52}, !- Day Schedule Name
  Yes,                                    !- Apply Sunday
  Yes,                                    !- Apply Monday
  Yes,                                    !- Apply Tuesday
  Yes,                                    !- Apply Wednesday
  Yes,                                    !- Apply Thursday
  Yes,                                    !- Apply Friday
  Yes,                                    !- Apply Saturday
  DateRange,                              !- Date Specification Type
  2,                                      !- Start Month
  1,                                      !- Start Day
  2,                                      !- End Month
  28;                                     !- End Day

OS:Schedule:Day,
  {abb0dd22-a145-498c-be84-a08ccc7e5b52}, !- Handle
  fridge schedule allday2,                !- Name
  {7c878e8d-f40e-4d25-9c3b-441490f7374d}, !- Schedule Type Limits Name
  ,                                       !- Interpolate to Timestep
  1,                                      !- Hour 1
  0,                                      !- Minute 1
  0.60948905109489,                       !- Value Until Time 1
  2,                                      !- Hour 2
  0,                                      !- Minute 2
  0.594251824817518,                      !- Value Until Time 2
  3,                                      !- Hour 3
  0,                                      !- Minute 3
  0.579014598540146,                      !- Value Until Time 3
  4,                                      !- Hour 4
  0,                                      !- Minute 4
  0.563777372262774,                      !- Value Until Time 4
  6,                                      !- Hour 5
  0,                                      !- Minute 5
  0.548540145985401,                      !- Value Until Time 5
  7,                                      !- Hour 6
  0,                                      !- Minute 6
  0.579014598540146,                      !- Value Until Time 6
  8,                                      !- Hour 7
  0,                                      !- Minute 7
  0.60948905109489,                       !- Value Until Time 7
  10,                                     !- Hour 8
  0,                                      !- Minute 8
  0.624726277372263,                      !- Value Until Time 8
  12,                                     !- Hour 9
  0,                                      !- Minute 9
  0.60948905109489,                       !- Value Until Time 9
  15,                                     !- Hour 10
  0,                                      !- Minute 10
  0.639963503649635,                      !- Value Until Time 10
  16,                                     !- Hour 11
  0,                                      !- Minute 11
  0.624726277372263,                      !- Value Until Time 11
  17,                                     !- Hour 12
  0,                                      !- Minute 12
  0.670437956204379,                      !- Value Until Time 12
  18,                                     !- Hour 13
  0,                                      !- Minute 13
  0.731386861313868,                      !- Value Until Time 13
  19,                                     !- Hour 14
  0,                                      !- Minute 14
  0.761861313868613,                      !- Value Until Time 14
  20,                                     !- Hour 15
  0,                                      !- Minute 15
  0.731386861313868,                      !- Value Until Time 15
  21,                                     !- Hour 16
  0,                                      !- Minute 16
  0.716149635036496,                      !- Value Until Time 16
  22,                                     !- Hour 17
  0,                                      !- Minute 17
  0.700912408759124,                      !- Value Until Time 17
  23,                                     !- Hour 18
  0,                                      !- Minute 18
  0.670437956204379,                      !- Value Until Time 18
  24,                                     !- Hour 19
  0,                                      !- Minute 19
  0.624726277372263;                      !- Value Until Time 19

OS:Schedule:Rule,
  {dd9115b4-c0b1-4a5f-99c2-599c3175cb66}, !- Handle
  fridge schedule allday ruleset3,        !- Name
  {b83289ee-c5c7-4d9c-8681-63bb579219a1}, !- Schedule Ruleset Name
  4,                                      !- Rule Order
  {3d1fb16e-6f0b-4c31-abc3-1fa31f141c6d}, !- Day Schedule Name
  Yes,                                    !- Apply Sunday
  Yes,                                    !- Apply Monday
  Yes,                                    !- Apply Tuesday
  Yes,                                    !- Apply Wednesday
  Yes,                                    !- Apply Thursday
  Yes,                                    !- Apply Friday
  Yes,                                    !- Apply Saturday
  DateRange,                              !- Date Specification Type
  3,                                      !- Start Month
  1,                                      !- Start Day
  5,                                      !- End Month
  31;                                     !- End Day

OS:Schedule:Day,
  {3d1fb16e-6f0b-4c31-abc3-1fa31f141c6d}, !- Handle
  fridge schedule allday3,                !- Name
  {7c878e8d-f40e-4d25-9c3b-441490f7374d}, !- Schedule Type Limits Name
  ,                                       !- Interpolate to Timestep
  1,                                      !- Hour 1
  0,                                      !- Minute 1
  0.791240875912409,                      !- Value Until Time 1
  2,                                      !- Hour 2
  0,                                      !- Minute 2
  0.771459854014598,                      !- Value Until Time 2
  3,                                      !- Hour 3
  0,                                      !- Minute 3
  0.751678832116788,                      !- Value Until Time 3
  4,                                      !- Hour 4
  0,                                      !- Minute 4
  0.731897810218978,                      !- Value Until Time 4
  6,                                      !- Hour 5
  0,                                      !- Minute 5
  0.712116788321168,                      !- Value Until Time 5
  7,                                      !- Hour 6
  0,                                      !- Minute 6
  0.751678832116788,                      !- Value Until Time 6
  8,                                      !- Hour 7
  0,                                      !- Minute 7
  0.791240875912409,                      !- Value Until Time 7
  10,                                     !- Hour 8
  0,                                      !- Minute 8
  0.811021897810219,                      !- Value Until Time 8
  12,                                     !- Hour 9
  0,                                      !- Minute 9
  0.791240875912409,                      !- Value Until Time 9
  15,                                     !- Hour 10
  0,                                      !- Minute 10
  0.830802919708029,                      !- Value Until Time 10
  16,                                     !- Hour 11
  0,                                      !- Minute 11
  0.811021897810219,                      !- Value Until Time 11
  17,                                     !- Hour 12
  0,                                      !- Minute 12
  0.87036496350365,                       !- Value Until Time 12
  18,                                     !- Hour 13
  0,                                      !- Minute 13
  0.949489051094891,                      !- Value Until Time 13
  19,                                     !- Hour 14
  0,                                      !- Minute 14
  0.989051094890511,                      !- Value Until Time 14
  20,                                     !- Hour 15
  0,                                      !- Minute 15
  0.949489051094891,                      !- Value Until Time 15
  21,                                     !- Hour 16
  0,                                      !- Minute 16
  0.92970802919708,                       !- Value Until Time 16
  22,                                     !- Hour 17
  0,                                      !- Minute 17
  0.90992700729927,                       !- Value Until Time 17
  23,                                     !- Hour 18
  0,                                      !- Minute 18
  0.87036496350365,                       !- Value Until Time 18
  24,                                     !- Hour 19
  0,                                      !- Minute 19
  0.811021897810219;                      !- Value Until Time 19

OS:Schedule:Rule,
  {42be0ac0-7683-4962-89fa-7720a42b1f6d}, !- Handle
  fridge schedule allday ruleset6,        !- Name
  {b83289ee-c5c7-4d9c-8681-63bb579219a1}, !- Schedule Ruleset Name
  3,                                      !- Rule Order
  {0a6057a0-b0f8-4a9f-94a9-3e0b8de3e420}, !- Day Schedule Name
  Yes,                                    !- Apply Sunday
  Yes,                                    !- Apply Monday
  Yes,                                    !- Apply Tuesday
  Yes,                                    !- Apply Wednesday
  Yes,                                    !- Apply Thursday
  Yes,                                    !- Apply Friday
  Yes,                                    !- Apply Saturday
  DateRange,                              !- Date Specification Type
  6,                                      !- Start Month
  1,                                      !- Start Day
  9,                                      !- End Month
  30;                                     !- End Day

OS:Schedule:Day,
  {0a6057a0-b0f8-4a9f-94a9-3e0b8de3e420}, !- Handle
  fridge schedule allday6,                !- Name
  {7c878e8d-f40e-4d25-9c3b-441490f7374d}, !- Schedule Type Limits Name
  ,                                       !- Interpolate to Timestep
  1,                                      !- Hour 1
  0,                                      !- Minute 1
  0.8,                                    !- Value Until Time 1
  2,                                      !- Hour 2
  0,                                      !- Minute 2
  0.78,                                   !- Value Until Time 2
  3,                                      !- Hour 3
  0,                                      !- Minute 3
  0.76,                                   !- Value Until Time 3
  4,                                      !- Hour 4
  0,                                      !- Minute 4
  0.74,                                   !- Value Until Time 4
  6,                                      !- Hour 5
  0,                                      !- Minute 5
  0.72,                                   !- Value Until Time 5
  7,                                      !- Hour 6
  0,                                      !- Minute 6
  0.76,                                   !- Value Until Time 6
  8,                                      !- Hour 7
  0,                                      !- Minute 7
  0.8,                                    !- Value Until Time 7
  10,                                     !- Hour 8
  0,                                      !- Minute 8
  0.82,                                   !- Value Until Time 8
  12,                                     !- Hour 9
  0,                                      !- Minute 9
  0.8,                                    !- Value Until Time 9
  15,                                     !- Hour 10
  0,                                      !- Minute 10
  0.84,                                   !- Value Until Time 10
  16,                                     !- Hour 11
  0,                                      !- Minute 11
  0.82,                                   !- Value Until Time 11
  17,                                     !- Hour 12
  0,                                      !- Minute 12
  0.88,                                   !- Value Until Time 12
  18,                                     !- Hour 13
  0,                                      !- Minute 13
  0.96,                                   !- Value Until Time 13
  19,                                     !- Hour 14
  0,                                      !- Minute 14
  1,                                      !- Value Until Time 14
  20,                                     !- Hour 15
  0,                                      !- Minute 15
  0.96,                                   !- Value Until Time 15
  21,                                     !- Hour 16
  0,                                      !- Minute 16
  0.94,                                   !- Value Until Time 16
  22,                                     !- Hour 17
  0,                                      !- Minute 17
  0.92,                                   !- Value Until Time 17
  23,                                     !- Hour 18
  0,                                      !- Minute 18
  0.88,                                   !- Value Until Time 18
  24,                                     !- Hour 19
  0,                                      !- Minute 19
  0.82;                                   !- Value Until Time 19

OS:Schedule:Rule,
  {0221864e-c0ac-47a7-8042-4fb37841f9fb}, !- Handle
  fridge schedule allday ruleset10,       !- Name
  {b83289ee-c5c7-4d9c-8681-63bb579219a1}, !- Schedule Ruleset Name
  2,                                      !- Rule Order
  {7c6dbc50-3f5e-4706-b08a-6497ea87246e}, !- Day Schedule Name
  Yes,                                    !- Apply Sunday
  Yes,                                    !- Apply Monday
  Yes,                                    !- Apply Tuesday
  Yes,                                    !- Apply Wednesday
  Yes,                                    !- Apply Thursday
  Yes,                                    !- Apply Friday
  Yes,                                    !- Apply Saturday
  DateRange,                              !- Date Specification Type
  10,                                     !- Start Month
  1,                                      !- Start Day
  10,                                     !- End Month
  31;                                     !- End Day

OS:Schedule:Day,
  {7c6dbc50-3f5e-4706-b08a-6497ea87246e}, !- Handle
  fridge schedule allday10,               !- Name
  {7c878e8d-f40e-4d25-9c3b-441490f7374d}, !- Schedule Type Limits Name
  ,                                       !- Interpolate to Timestep
  1,                                      !- Hour 1
  0,                                      !- Minute 1
  0.67956204379562,                       !- Value Until Time 1
  2,                                      !- Hour 2
  0,                                      !- Minute 2
  0.66257299270073,                       !- Value Until Time 2
  3,                                      !- Hour 3
  0,                                      !- Minute 3
  0.645583941605839,                      !- Value Until Time 3
  4,                                      !- Hour 4
  0,                                      !- Minute 4
  0.628594890510949,                      !- Value Until Time 4
  6,                                      !- Hour 5
  0,                                      !- Minute 5
  0.611605839416058,                      !- Value Until Time 5
  7,                                      !- Hour 6
  0,                                      !- Minute 6
  0.645583941605839,                      !- Value Until Time 6
  8,                                      !- Hour 7
  0,                                      !- Minute 7
  0.67956204379562,                       !- Value Until Time 7
  10,                                     !- Hour 8
  0,                                      !- Minute 8
  0.696551094890511,                      !- Value Until Time 8
  12,                                     !- Hour 9
  0,                                      !- Minute 9
  0.67956204379562,                       !- Value Until Time 9
  15,                                     !- Hour 10
  0,                                      !- Minute 10
  0.713540145985401,                      !- Value Until Time 10
  16,                                     !- Hour 11
  0,                                      !- Minute 11
  0.696551094890511,                      !- Value Until Time 11
  17,                                     !- Hour 12
  0,                                      !- Minute 12
  0.747518248175182,                      !- Value Until Time 12
  18,                                     !- Hour 13
  0,                                      !- Minute 13
  0.815474452554744,                      !- Value Until Time 13
  19,                                     !- Hour 14
  0,                                      !- Minute 14
  0.849452554744526,                      !- Value Until Time 14
  20,                                     !- Hour 15
  0,                                      !- Minute 15
  0.815474452554744,                      !- Value Until Time 15
  21,                                     !- Hour 16
  0,                                      !- Minute 16
  0.798485401459854,                      !- Value Until Time 16
  22,                                     !- Hour 17
  0,                                      !- Minute 17
  0.781496350364963,                      !- Value Until Time 17
  23,                                     !- Hour 18
  0,                                      !- Minute 18
  0.747518248175182,                      !- Value Until Time 18
  24,                                     !- Hour 19
  0,                                      !- Minute 19
  0.696551094890511;                      !- Value Until Time 19

OS:Schedule:Rule,
  {8490a6a4-6840-4298-8fa7-bb09aa85147c}, !- Handle
  fridge schedule allday ruleset11,       !- Name
  {b83289ee-c5c7-4d9c-8681-63bb579219a1}, !- Schedule Ruleset Name
  1,                                      !- Rule Order
  {fbebbc24-1523-4f93-8df8-d5b34b1c1567}, !- Day Schedule Name
  Yes,                                    !- Apply Sunday
  Yes,                                    !- Apply Monday
  Yes,                                    !- Apply Tuesday
  Yes,                                    !- Apply Wednesday
  Yes,                                    !- Apply Thursday
  Yes,                                    !- Apply Friday
  Yes,                                    !- Apply Saturday
  DateRange,                              !- Date Specification Type
  11,                                     !- Start Month
  1,                                      !- Start Day
  11,                                     !- End Month
  30;                                     !- End Day

OS:Schedule:Day,
  {fbebbc24-1523-4f93-8df8-d5b34b1c1567}, !- Handle
  fridge schedule allday11,               !- Name
  {7c878e8d-f40e-4d25-9c3b-441490f7374d}, !- Schedule Type Limits Name
  ,                                       !- Interpolate to Timestep
  1,                                      !- Hour 1
  0,                                      !- Minute 1
  0.675182481751825,                      !- Value Until Time 1
  2,                                      !- Hour 2
  0,                                      !- Minute 2
  0.658302919708029,                      !- Value Until Time 2
  3,                                      !- Hour 3
  0,                                      !- Minute 3
  0.641423357664234,                      !- Value Until Time 3
  4,                                      !- Hour 4
  0,                                      !- Minute 4
  0.624543795620438,                      !- Value Until Time 4
  6,                                      !- Hour 5
  0,                                      !- Minute 5
  0.607664233576642,                      !- Value Until Time 5
  7,                                      !- Hour 6
  0,                                      !- Minute 6
  0.641423357664234,                      !- Value Until Time 6
  8,                                      !- Hour 7
  0,                                      !- Minute 7
  0.675182481751825,                      !- Value Until Time 7
  10,                                     !- Hour 8
  0,                                      !- Minute 8
  0.69206204379562,                       !- Value Until Time 8
  12,                                     !- Hour 9
  0,                                      !- Minute 9
  0.675182481751825,                      !- Value Until Time 9
  15,                                     !- Hour 10
  0,                                      !- Minute 10
  0.708941605839416,                      !- Value Until Time 10
  16,                                     !- Hour 11
  0,                                      !- Minute 11
  0.69206204379562,                       !- Value Until Time 11
  17,                                     !- Hour 12
  0,                                      !- Minute 12
  0.742700729927007,                      !- Value Until Time 12
  18,                                     !- Hour 13
  0,                                      !- Minute 13
  0.81021897810219,                       !- Value Until Time 13
  19,                                     !- Hour 14
  0,                                      !- Minute 14
  0.843978102189781,                      !- Value Until Time 14
  20,                                     !- Hour 15
  0,                                      !- Minute 15
  0.81021897810219,                       !- Value Until Time 15
  21,                                     !- Hour 16
  0,                                      !- Minute 16
  0.793339416058394,                      !- Value Until Time 16
  22,                                     !- Hour 17
  0,                                      !- Minute 17
  0.776459854014598,                      !- Value Until Time 17
  23,                                     !- Hour 18
  0,                                      !- Minute 18
  0.742700729927007,                      !- Value Until Time 18
  24,                                     !- Hour 19
  0,                                      !- Minute 19
  0.69206204379562;                       !- Value Until Time 19

OS:Schedule:Rule,
  {642e7c84-2825-4540-9a21-482ad6514fb2}, !- Handle
  fridge schedule allday ruleset12,       !- Name
  {b83289ee-c5c7-4d9c-8681-63bb579219a1}, !- Schedule Ruleset Name
  0,                                      !- Rule Order
  {1b0ee10c-716b-40fd-8d33-284bb4630be0}, !- Day Schedule Name
  Yes,                                    !- Apply Sunday
  Yes,                                    !- Apply Monday
  Yes,                                    !- Apply Tuesday
  Yes,                                    !- Apply Wednesday
  Yes,                                    !- Apply Thursday
  Yes,                                    !- Apply Friday
  Yes,                                    !- Apply Saturday
  DateRange,                              !- Date Specification Type
  12,                                     !- Start Month
  1,                                      !- Start Day
  12,                                     !- End Month
  31;                                     !- End Day

OS:Schedule:Day,
  {1b0ee10c-716b-40fd-8d33-284bb4630be0}, !- Handle
  fridge schedule allday12,               !- Name
  {7c878e8d-f40e-4d25-9c3b-441490f7374d}, !- Schedule Type Limits Name
  ,                                       !- Interpolate to Timestep
  1,                                      !- Hour 1
  0,                                      !- Minute 1
  0.610948905109489,                      !- Value Until Time 1
  2,                                      !- Hour 2
  0,                                      !- Minute 2
  0.595675182481752,                      !- Value Until Time 2
  3,                                      !- Hour 3
  0,                                      !- Minute 3
  0.580401459854014,                      !- Value Until Time 3
  4,                                      !- Hour 4
  0,                                      !- Minute 4
  0.565127737226277,                      !- Value Until Time 4
  6,                                      !- Hour 5
  0,                                      !- Minute 5
  0.54985401459854,                       !- Value Until Time 5
  7,                                      !- Hour 6
  0,                                      !- Minute 6
  0.580401459854014,                      !- Value Until Time 6
  8,                                      !- Hour 7
  0,                                      !- Minute 7
  0.610948905109489,                      !- Value Until Time 7
  10,                                     !- Hour 8
  0,                                      !- Minute 8
  0.626222627737226,                      !- Value Until Time 8
  12,                                     !- Hour 9
  0,                                      !- Minute 9
  0.610948905109489,                      !- Value Until Time 9
  15,                                     !- Hour 10
  0,                                      !- Minute 10
  0.641496350364963,                      !- Value Until Time 10
  16,                                     !- Hour 11
  0,                                      !- Minute 11
  0.626222627737226,                      !- Value Until Time 11
  17,                                     !- Hour 12
  0,                                      !- Minute 12
  0.672043795620438,                      !- Value Until Time 12
  18,                                     !- Hour 13
  0,                                      !- Minute 13
  0.733138686131387,                      !- Value Until Time 13
  19,                                     !- Hour 14
  0,                                      !- Minute 14
  0.763686131386861,                      !- Value Until Time 14
  20,                                     !- Hour 15
  0,                                      !- Minute 15
  0.733138686131387,                      !- Value Until Time 15
  21,                                     !- Hour 16
  0,                                      !- Minute 16
  0.717864963503649,                      !- Value Until Time 16
  22,                                     !- Hour 17
  0,                                      !- Minute 17
  0.702591240875912,                      !- Value Until Time 17
  23,                                     !- Hour 18
  0,                                      !- Minute 18
  0.672043795620438,                      !- Value Until Time 18
  24,                                     !- Hour 19
  0,                                      !- Minute 19
  0.626222627737226;                      !- Value Until Time 19

OS:ElectricEquipment:Definition,
  {4d88bb58-2599-48af-a964-f17d40f1f774}, !- Handle
  fridge,                                 !- Name
  EquipmentLevel,                         !- Design Level Calculation Method
  57.4402340465214,                       !- Design Level {W}
  ,                                       !- Watts per Space Floor Area {W/m2}
  ,                                       !- Watts per Person {W/person}
  0,                                      !- Fraction Latent
  0.6,                                    !- Fraction Radiant
  0;                                      !- Fraction Lost

OS:ElectricEquipment,
  {a3a9a48b-f918-4fe0-8e41-9743c824cf10}, !- Handle
  fridge,                                 !- Name
  {4d88bb58-2599-48af-a964-f17d40f1f774}, !- Electric Equipment Definition Name
  {e42f2ab6-2c94-42a9-af10-d2a8a063b931}, !- Space or SpaceType Name
  {b83289ee-c5c7-4d9c-8681-63bb579219a1}, !- Schedule Name
  ,                                       !- Multiplier
  fridge;                                 !- End-Use Subcategory

OS:Schedule:Ruleset,
  {5135b234-f008-43b3-a0f4-c9060c9e265b}, !- Handle
  fridge schedule 1,                      !- Name
  {7c878e8d-f40e-4d25-9c3b-441490f7374d}, !- Schedule Type Limits Name
  {9efb829c-a9f4-4e4c-b791-3ce7eced3c05}; !- Default Day Schedule Name

OS:Schedule:Day,
  {9efb829c-a9f4-4e4c-b791-3ce7eced3c05}, !- Handle
  fridge schedule default day 1,          !- Name
  {7c878e8d-f40e-4d25-9c3b-441490f7374d}, !- Schedule Type Limits Name
  ,                                       !- Interpolate to Timestep
  24,                                     !- Hour 1
  0,                                      !- Minute 1
  0;                                      !- Value Until Time 1

OS:Schedule:Rule,
  {0db06560-e7ac-4a22-8f52-d75ba260033a}, !- Handle
  fridge schedule allday ruleset1 1,      !- Name
  {5135b234-f008-43b3-a0f4-c9060c9e265b}, !- Schedule Ruleset Name
  6,                                      !- Rule Order
  {d3acb27c-87be-482d-bdc9-0606c0692207}, !- Day Schedule Name
  Yes,                                    !- Apply Sunday
  Yes,                                    !- Apply Monday
  Yes,                                    !- Apply Tuesday
  Yes,                                    !- Apply Wednesday
  Yes,                                    !- Apply Thursday
  Yes,                                    !- Apply Friday
  Yes,                                    !- Apply Saturday
  DateRange,                              !- Date Specification Type
  1,                                      !- Start Month
  1,                                      !- Start Day
  1,                                      !- End Month
  31;                                     !- End Day

OS:Schedule:Day,
  {d3acb27c-87be-482d-bdc9-0606c0692207}, !- Handle
  fridge schedule allday1 1,              !- Name
  {7c878e8d-f40e-4d25-9c3b-441490f7374d}, !- Schedule Type Limits Name
  ,                                       !- Interpolate to Timestep
  1,                                      !- Hour 1
  0,                                      !- Minute 1
  0.610948905109489,                      !- Value Until Time 1
  2,                                      !- Hour 2
  0,                                      !- Minute 2
  0.595675182481752,                      !- Value Until Time 2
  3,                                      !- Hour 3
  0,                                      !- Minute 3
  0.580401459854014,                      !- Value Until Time 3
  4,                                      !- Hour 4
  0,                                      !- Minute 4
  0.565127737226277,                      !- Value Until Time 4
  6,                                      !- Hour 5
  0,                                      !- Minute 5
  0.54985401459854,                       !- Value Until Time 5
  7,                                      !- Hour 6
  0,                                      !- Minute 6
  0.580401459854014,                      !- Value Until Time 6
  8,                                      !- Hour 7
  0,                                      !- Minute 7
  0.610948905109489,                      !- Value Until Time 7
  10,                                     !- Hour 8
  0,                                      !- Minute 8
  0.626222627737226,                      !- Value Until Time 8
  12,                                     !- Hour 9
  0,                                      !- Minute 9
  0.610948905109489,                      !- Value Until Time 9
  15,                                     !- Hour 10
  0,                                      !- Minute 10
  0.641496350364963,                      !- Value Until Time 10
  16,                                     !- Hour 11
  0,                                      !- Minute 11
  0.626222627737226,                      !- Value Until Time 11
  17,                                     !- Hour 12
  0,                                      !- Minute 12
  0.672043795620438,                      !- Value Until Time 12
  18,                                     !- Hour 13
  0,                                      !- Minute 13
  0.733138686131387,                      !- Value Until Time 13
  19,                                     !- Hour 14
  0,                                      !- Minute 14
  0.763686131386861,                      !- Value Until Time 14
  20,                                     !- Hour 15
  0,                                      !- Minute 15
  0.733138686131387,                      !- Value Until Time 15
  21,                                     !- Hour 16
  0,                                      !- Minute 16
  0.717864963503649,                      !- Value Until Time 16
  22,                                     !- Hour 17
  0,                                      !- Minute 17
  0.702591240875912,                      !- Value Until Time 17
  23,                                     !- Hour 18
  0,                                      !- Minute 18
  0.672043795620438,                      !- Value Until Time 18
  24,                                     !- Hour 19
  0,                                      !- Minute 19
  0.626222627737226;                      !- Value Until Time 19

OS:Schedule:Rule,
  {24ef5923-0989-4f07-b189-3e78c2610a28}, !- Handle
  fridge schedule allday ruleset2 1,      !- Name
  {5135b234-f008-43b3-a0f4-c9060c9e265b}, !- Schedule Ruleset Name
  5,                                      !- Rule Order
  {0c03eb25-56c3-4a4d-9082-8103101dfd24}, !- Day Schedule Name
  Yes,                                    !- Apply Sunday
  Yes,                                    !- Apply Monday
  Yes,                                    !- Apply Tuesday
  Yes,                                    !- Apply Wednesday
  Yes,                                    !- Apply Thursday
  Yes,                                    !- Apply Friday
  Yes,                                    !- Apply Saturday
  DateRange,                              !- Date Specification Type
  2,                                      !- Start Month
  1,                                      !- Start Day
  2,                                      !- End Month
  28;                                     !- End Day

OS:Schedule:Day,
  {0c03eb25-56c3-4a4d-9082-8103101dfd24}, !- Handle
  fridge schedule allday2 1,              !- Name
  {7c878e8d-f40e-4d25-9c3b-441490f7374d}, !- Schedule Type Limits Name
  ,                                       !- Interpolate to Timestep
  1,                                      !- Hour 1
  0,                                      !- Minute 1
  0.60948905109489,                       !- Value Until Time 1
  2,                                      !- Hour 2
  0,                                      !- Minute 2
  0.594251824817518,                      !- Value Until Time 2
  3,                                      !- Hour 3
  0,                                      !- Minute 3
  0.579014598540146,                      !- Value Until Time 3
  4,                                      !- Hour 4
  0,                                      !- Minute 4
  0.563777372262774,                      !- Value Until Time 4
  6,                                      !- Hour 5
  0,                                      !- Minute 5
  0.548540145985401,                      !- Value Until Time 5
  7,                                      !- Hour 6
  0,                                      !- Minute 6
  0.579014598540146,                      !- Value Until Time 6
  8,                                      !- Hour 7
  0,                                      !- Minute 7
  0.60948905109489,                       !- Value Until Time 7
  10,                                     !- Hour 8
  0,                                      !- Minute 8
  0.624726277372263,                      !- Value Until Time 8
  12,                                     !- Hour 9
  0,                                      !- Minute 9
  0.60948905109489,                       !- Value Until Time 9
  15,                                     !- Hour 10
  0,                                      !- Minute 10
  0.639963503649635,                      !- Value Until Time 10
  16,                                     !- Hour 11
  0,                                      !- Minute 11
  0.624726277372263,                      !- Value Until Time 11
  17,                                     !- Hour 12
  0,                                      !- Minute 12
  0.670437956204379,                      !- Value Until Time 12
  18,                                     !- Hour 13
  0,                                      !- Minute 13
  0.731386861313868,                      !- Value Until Time 13
  19,                                     !- Hour 14
  0,                                      !- Minute 14
  0.761861313868613,                      !- Value Until Time 14
  20,                                     !- Hour 15
  0,                                      !- Minute 15
  0.731386861313868,                      !- Value Until Time 15
  21,                                     !- Hour 16
  0,                                      !- Minute 16
  0.716149635036496,                      !- Value Until Time 16
  22,                                     !- Hour 17
  0,                                      !- Minute 17
  0.700912408759124,                      !- Value Until Time 17
  23,                                     !- Hour 18
  0,                                      !- Minute 18
  0.670437956204379,                      !- Value Until Time 18
  24,                                     !- Hour 19
  0,                                      !- Minute 19
  0.624726277372263;                      !- Value Until Time 19

OS:Schedule:Rule,
  {31b1659b-7541-407e-9afc-3d8aa7303b2e}, !- Handle
  fridge schedule allday ruleset3 1,      !- Name
  {5135b234-f008-43b3-a0f4-c9060c9e265b}, !- Schedule Ruleset Name
  4,                                      !- Rule Order
  {55ffeafb-2b74-430c-9b29-71e990e969e0}, !- Day Schedule Name
  Yes,                                    !- Apply Sunday
  Yes,                                    !- Apply Monday
  Yes,                                    !- Apply Tuesday
  Yes,                                    !- Apply Wednesday
  Yes,                                    !- Apply Thursday
  Yes,                                    !- Apply Friday
  Yes,                                    !- Apply Saturday
  DateRange,                              !- Date Specification Type
  3,                                      !- Start Month
  1,                                      !- Start Day
  5,                                      !- End Month
  31;                                     !- End Day

OS:Schedule:Day,
  {55ffeafb-2b74-430c-9b29-71e990e969e0}, !- Handle
  fridge schedule allday3 1,              !- Name
  {7c878e8d-f40e-4d25-9c3b-441490f7374d}, !- Schedule Type Limits Name
  ,                                       !- Interpolate to Timestep
  1,                                      !- Hour 1
  0,                                      !- Minute 1
  0.791240875912409,                      !- Value Until Time 1
  2,                                      !- Hour 2
  0,                                      !- Minute 2
  0.771459854014598,                      !- Value Until Time 2
  3,                                      !- Hour 3
  0,                                      !- Minute 3
  0.751678832116788,                      !- Value Until Time 3
  4,                                      !- Hour 4
  0,                                      !- Minute 4
  0.731897810218978,                      !- Value Until Time 4
  6,                                      !- Hour 5
  0,                                      !- Minute 5
  0.712116788321168,                      !- Value Until Time 5
  7,                                      !- Hour 6
  0,                                      !- Minute 6
  0.751678832116788,                      !- Value Until Time 6
  8,                                      !- Hour 7
  0,                                      !- Minute 7
  0.791240875912409,                      !- Value Until Time 7
  10,                                     !- Hour 8
  0,                                      !- Minute 8
  0.811021897810219,                      !- Value Until Time 8
  12,                                     !- Hour 9
  0,                                      !- Minute 9
  0.791240875912409,                      !- Value Until Time 9
  15,                                     !- Hour 10
  0,                                      !- Minute 10
  0.830802919708029,                      !- Value Until Time 10
  16,                                     !- Hour 11
  0,                                      !- Minute 11
  0.811021897810219,                      !- Value Until Time 11
  17,                                     !- Hour 12
  0,                                      !- Minute 12
  0.87036496350365,                       !- Value Until Time 12
  18,                                     !- Hour 13
  0,                                      !- Minute 13
  0.949489051094891,                      !- Value Until Time 13
  19,                                     !- Hour 14
  0,                                      !- Minute 14
  0.989051094890511,                      !- Value Until Time 14
  20,                                     !- Hour 15
  0,                                      !- Minute 15
  0.949489051094891,                      !- Value Until Time 15
  21,                                     !- Hour 16
  0,                                      !- Minute 16
  0.92970802919708,                       !- Value Until Time 16
  22,                                     !- Hour 17
  0,                                      !- Minute 17
  0.90992700729927,                       !- Value Until Time 17
  23,                                     !- Hour 18
  0,                                      !- Minute 18
  0.87036496350365,                       !- Value Until Time 18
  24,                                     !- Hour 19
  0,                                      !- Minute 19
  0.811021897810219;                      !- Value Until Time 19

OS:Schedule:Rule,
  {68be7aeb-4aa0-4d3d-9ff0-0910caebee45}, !- Handle
  fridge schedule allday ruleset6 1,      !- Name
  {5135b234-f008-43b3-a0f4-c9060c9e265b}, !- Schedule Ruleset Name
  3,                                      !- Rule Order
  {7966212a-51fe-4f3d-8fdf-28a75e1ee051}, !- Day Schedule Name
  Yes,                                    !- Apply Sunday
  Yes,                                    !- Apply Monday
  Yes,                                    !- Apply Tuesday
  Yes,                                    !- Apply Wednesday
  Yes,                                    !- Apply Thursday
  Yes,                                    !- Apply Friday
  Yes,                                    !- Apply Saturday
  DateRange,                              !- Date Specification Type
  6,                                      !- Start Month
  1,                                      !- Start Day
  9,                                      !- End Month
  30;                                     !- End Day

OS:Schedule:Day,
  {7966212a-51fe-4f3d-8fdf-28a75e1ee051}, !- Handle
  fridge schedule allday6 1,              !- Name
  {7c878e8d-f40e-4d25-9c3b-441490f7374d}, !- Schedule Type Limits Name
  ,                                       !- Interpolate to Timestep
  1,                                      !- Hour 1
  0,                                      !- Minute 1
  0.8,                                    !- Value Until Time 1
  2,                                      !- Hour 2
  0,                                      !- Minute 2
  0.78,                                   !- Value Until Time 2
  3,                                      !- Hour 3
  0,                                      !- Minute 3
  0.76,                                   !- Value Until Time 3
  4,                                      !- Hour 4
  0,                                      !- Minute 4
  0.74,                                   !- Value Until Time 4
  6,                                      !- Hour 5
  0,                                      !- Minute 5
  0.72,                                   !- Value Until Time 5
  7,                                      !- Hour 6
  0,                                      !- Minute 6
  0.76,                                   !- Value Until Time 6
  8,                                      !- Hour 7
  0,                                      !- Minute 7
  0.8,                                    !- Value Until Time 7
  10,                                     !- Hour 8
  0,                                      !- Minute 8
  0.82,                                   !- Value Until Time 8
  12,                                     !- Hour 9
  0,                                      !- Minute 9
  0.8,                                    !- Value Until Time 9
  15,                                     !- Hour 10
  0,                                      !- Minute 10
  0.84,                                   !- Value Until Time 10
  16,                                     !- Hour 11
  0,                                      !- Minute 11
  0.82,                                   !- Value Until Time 11
  17,                                     !- Hour 12
  0,                                      !- Minute 12
  0.88,                                   !- Value Until Time 12
  18,                                     !- Hour 13
  0,                                      !- Minute 13
  0.96,                                   !- Value Until Time 13
  19,                                     !- Hour 14
  0,                                      !- Minute 14
  1,                                      !- Value Until Time 14
  20,                                     !- Hour 15
  0,                                      !- Minute 15
  0.96,                                   !- Value Until Time 15
  21,                                     !- Hour 16
  0,                                      !- Minute 16
  0.94,                                   !- Value Until Time 16
  22,                                     !- Hour 17
  0,                                      !- Minute 17
  0.92,                                   !- Value Until Time 17
  23,                                     !- Hour 18
  0,                                      !- Minute 18
  0.88,                                   !- Value Until Time 18
  24,                                     !- Hour 19
  0,                                      !- Minute 19
  0.82;                                   !- Value Until Time 19

OS:Schedule:Rule,
  {95efa800-c78c-44dc-9a04-141c7d1d6878}, !- Handle
  fridge schedule allday ruleset10 1,     !- Name
  {5135b234-f008-43b3-a0f4-c9060c9e265b}, !- Schedule Ruleset Name
  2,                                      !- Rule Order
  {d8e83748-e273-448f-a1de-ac5b748e575f}, !- Day Schedule Name
  Yes,                                    !- Apply Sunday
  Yes,                                    !- Apply Monday
  Yes,                                    !- Apply Tuesday
  Yes,                                    !- Apply Wednesday
  Yes,                                    !- Apply Thursday
  Yes,                                    !- Apply Friday
  Yes,                                    !- Apply Saturday
  DateRange,                              !- Date Specification Type
  10,                                     !- Start Month
  1,                                      !- Start Day
  10,                                     !- End Month
  31;                                     !- End Day

OS:Schedule:Day,
  {d8e83748-e273-448f-a1de-ac5b748e575f}, !- Handle
  fridge schedule allday10 1,             !- Name
  {7c878e8d-f40e-4d25-9c3b-441490f7374d}, !- Schedule Type Limits Name
  ,                                       !- Interpolate to Timestep
  1,                                      !- Hour 1
  0,                                      !- Minute 1
  0.67956204379562,                       !- Value Until Time 1
  2,                                      !- Hour 2
  0,                                      !- Minute 2
  0.66257299270073,                       !- Value Until Time 2
  3,                                      !- Hour 3
  0,                                      !- Minute 3
  0.645583941605839,                      !- Value Until Time 3
  4,                                      !- Hour 4
  0,                                      !- Minute 4
  0.628594890510949,                      !- Value Until Time 4
  6,                                      !- Hour 5
  0,                                      !- Minute 5
  0.611605839416058,                      !- Value Until Time 5
  7,                                      !- Hour 6
  0,                                      !- Minute 6
  0.645583941605839,                      !- Value Until Time 6
  8,                                      !- Hour 7
  0,                                      !- Minute 7
  0.67956204379562,                       !- Value Until Time 7
  10,                                     !- Hour 8
  0,                                      !- Minute 8
  0.696551094890511,                      !- Value Until Time 8
  12,                                     !- Hour 9
  0,                                      !- Minute 9
  0.67956204379562,                       !- Value Until Time 9
  15,                                     !- Hour 10
  0,                                      !- Minute 10
  0.713540145985401,                      !- Value Until Time 10
  16,                                     !- Hour 11
  0,                                      !- Minute 11
  0.696551094890511,                      !- Value Until Time 11
  17,                                     !- Hour 12
  0,                                      !- Minute 12
  0.747518248175182,                      !- Value Until Time 12
  18,                                     !- Hour 13
  0,                                      !- Minute 13
  0.815474452554744,                      !- Value Until Time 13
  19,                                     !- Hour 14
  0,                                      !- Minute 14
  0.849452554744526,                      !- Value Until Time 14
  20,                                     !- Hour 15
  0,                                      !- Minute 15
  0.815474452554744,                      !- Value Until Time 15
  21,                                     !- Hour 16
  0,                                      !- Minute 16
  0.798485401459854,                      !- Value Until Time 16
  22,                                     !- Hour 17
  0,                                      !- Minute 17
  0.781496350364963,                      !- Value Until Time 17
  23,                                     !- Hour 18
  0,                                      !- Minute 18
  0.747518248175182,                      !- Value Until Time 18
  24,                                     !- Hour 19
  0,                                      !- Minute 19
  0.696551094890511;                      !- Value Until Time 19

OS:Schedule:Rule,
  {e1641d3d-9279-4b2a-b01f-78624054632c}, !- Handle
  fridge schedule allday ruleset11 1,     !- Name
  {5135b234-f008-43b3-a0f4-c9060c9e265b}, !- Schedule Ruleset Name
  1,                                      !- Rule Order
  {0f9811d6-8b1c-4904-9c81-914aa2e4416d}, !- Day Schedule Name
  Yes,                                    !- Apply Sunday
  Yes,                                    !- Apply Monday
  Yes,                                    !- Apply Tuesday
  Yes,                                    !- Apply Wednesday
  Yes,                                    !- Apply Thursday
  Yes,                                    !- Apply Friday
  Yes,                                    !- Apply Saturday
  DateRange,                              !- Date Specification Type
  11,                                     !- Start Month
  1,                                      !- Start Day
  11,                                     !- End Month
  30;                                     !- End Day

OS:Schedule:Day,
  {0f9811d6-8b1c-4904-9c81-914aa2e4416d}, !- Handle
  fridge schedule allday11 1,             !- Name
  {7c878e8d-f40e-4d25-9c3b-441490f7374d}, !- Schedule Type Limits Name
  ,                                       !- Interpolate to Timestep
  1,                                      !- Hour 1
  0,                                      !- Minute 1
  0.675182481751825,                      !- Value Until Time 1
  2,                                      !- Hour 2
  0,                                      !- Minute 2
  0.658302919708029,                      !- Value Until Time 2
  3,                                      !- Hour 3
  0,                                      !- Minute 3
  0.641423357664234,                      !- Value Until Time 3
  4,                                      !- Hour 4
  0,                                      !- Minute 4
  0.624543795620438,                      !- Value Until Time 4
  6,                                      !- Hour 5
  0,                                      !- Minute 5
  0.607664233576642,                      !- Value Until Time 5
  7,                                      !- Hour 6
  0,                                      !- Minute 6
  0.641423357664234,                      !- Value Until Time 6
  8,                                      !- Hour 7
  0,                                      !- Minute 7
  0.675182481751825,                      !- Value Until Time 7
  10,                                     !- Hour 8
  0,                                      !- Minute 8
  0.69206204379562,                       !- Value Until Time 8
  12,                                     !- Hour 9
  0,                                      !- Minute 9
  0.675182481751825,                      !- Value Until Time 9
  15,                                     !- Hour 10
  0,                                      !- Minute 10
  0.708941605839416,                      !- Value Until Time 10
  16,                                     !- Hour 11
  0,                                      !- Minute 11
  0.69206204379562,                       !- Value Until Time 11
  17,                                     !- Hour 12
  0,                                      !- Minute 12
  0.742700729927007,                      !- Value Until Time 12
  18,                                     !- Hour 13
  0,                                      !- Minute 13
  0.81021897810219,                       !- Value Until Time 13
  19,                                     !- Hour 14
  0,                                      !- Minute 14
  0.843978102189781,                      !- Value Until Time 14
  20,                                     !- Hour 15
  0,                                      !- Minute 15
  0.81021897810219,                       !- Value Until Time 15
  21,                                     !- Hour 16
  0,                                      !- Minute 16
  0.793339416058394,                      !- Value Until Time 16
  22,                                     !- Hour 17
  0,                                      !- Minute 17
  0.776459854014598,                      !- Value Until Time 17
  23,                                     !- Hour 18
  0,                                      !- Minute 18
  0.742700729927007,                      !- Value Until Time 18
  24,                                     !- Hour 19
  0,                                      !- Minute 19
  0.69206204379562;                       !- Value Until Time 19

OS:Schedule:Rule,
  {cbbcd666-e24a-4753-9c15-debd961c6ae6}, !- Handle
  fridge schedule allday ruleset12 1,     !- Name
  {5135b234-f008-43b3-a0f4-c9060c9e265b}, !- Schedule Ruleset Name
  0,                                      !- Rule Order
  {543e7db8-3445-4f9f-8cab-e15a4c321df9}, !- Day Schedule Name
  Yes,                                    !- Apply Sunday
  Yes,                                    !- Apply Monday
  Yes,                                    !- Apply Tuesday
  Yes,                                    !- Apply Wednesday
  Yes,                                    !- Apply Thursday
  Yes,                                    !- Apply Friday
  Yes,                                    !- Apply Saturday
  DateRange,                              !- Date Specification Type
  12,                                     !- Start Month
  1,                                      !- Start Day
  12,                                     !- End Month
  31;                                     !- End Day

OS:Schedule:Day,
  {543e7db8-3445-4f9f-8cab-e15a4c321df9}, !- Handle
  fridge schedule allday12 1,             !- Name
  {7c878e8d-f40e-4d25-9c3b-441490f7374d}, !- Schedule Type Limits Name
  ,                                       !- Interpolate to Timestep
  1,                                      !- Hour 1
  0,                                      !- Minute 1
  0.610948905109489,                      !- Value Until Time 1
  2,                                      !- Hour 2
  0,                                      !- Minute 2
  0.595675182481752,                      !- Value Until Time 2
  3,                                      !- Hour 3
  0,                                      !- Minute 3
  0.580401459854014,                      !- Value Until Time 3
  4,                                      !- Hour 4
  0,                                      !- Minute 4
  0.565127737226277,                      !- Value Until Time 4
  6,                                      !- Hour 5
  0,                                      !- Minute 5
  0.54985401459854,                       !- Value Until Time 5
  7,                                      !- Hour 6
  0,                                      !- Minute 6
  0.580401459854014,                      !- Value Until Time 6
  8,                                      !- Hour 7
  0,                                      !- Minute 7
  0.610948905109489,                      !- Value Until Time 7
  10,                                     !- Hour 8
  0,                                      !- Minute 8
  0.626222627737226,                      !- Value Until Time 8
  12,                                     !- Hour 9
  0,                                      !- Minute 9
  0.610948905109489,                      !- Value Until Time 9
  15,                                     !- Hour 10
  0,                                      !- Minute 10
  0.641496350364963,                      !- Value Until Time 10
  16,                                     !- Hour 11
  0,                                      !- Minute 11
  0.626222627737226,                      !- Value Until Time 11
  17,                                     !- Hour 12
  0,                                      !- Minute 12
  0.672043795620438,                      !- Value Until Time 12
  18,                                     !- Hour 13
  0,                                      !- Minute 13
  0.733138686131387,                      !- Value Until Time 13
  19,                                     !- Hour 14
  0,                                      !- Minute 14
  0.763686131386861,                      !- Value Until Time 14
  20,                                     !- Hour 15
  0,                                      !- Minute 15
  0.733138686131387,                      !- Value Until Time 15
  21,                                     !- Hour 16
  0,                                      !- Minute 16
  0.717864963503649,                      !- Value Until Time 16
  22,                                     !- Hour 17
  0,                                      !- Minute 17
  0.702591240875912,                      !- Value Until Time 17
  23,                                     !- Hour 18
  0,                                      !- Minute 18
  0.672043795620438,                      !- Value Until Time 18
  24,                                     !- Hour 19
  0,                                      !- Minute 19
  0.626222627737226;                      !- Value Until Time 19

OS:ElectricEquipment:Definition,
  {351ea549-6c5a-45a2-9b55-d418cfcd6e0c}, !- Handle
  fridge 2,                               !- Name
  EquipmentLevel,                         !- Design Level Calculation Method
  57.4402340465214,                       !- Design Level {W}
  ,                                       !- Watts per Space Floor Area {W/m2}
  ,                                       !- Watts per Person {W/person}
  0,                                      !- Fraction Latent
  0.6,                                    !- Fraction Radiant
  0;                                      !- Fraction Lost

OS:ElectricEquipment,
  {01651f40-cfa6-4646-9efe-96db95f17a6b}, !- Handle
  fridge 1,                               !- Name
  {351ea549-6c5a-45a2-9b55-d418cfcd6e0c}, !- Electric Equipment Definition Name
  {3a417cd0-2ddf-448d-9874-c9246d4b0134}, !- Space or SpaceType Name
  {5135b234-f008-43b3-a0f4-c9060c9e265b}, !- Schedule Name
  ,                                       !- Multiplier
  fridge;                                 !- End-Use Subcategory

OS:Schedule:File,
  {50ffd3d0-de2f-4bb7-9f73-fb2cbb356771}, !- Handle
  cooking_range,                          !- Name
  {7c878e8d-f40e-4d25-9c3b-441490f7374d}, !- Schedule Type Limits Name
  {f7f6b022-7906-480c-afc8-fbb9019bc1a1}, !- External File Name
  4,                                      !- Column Number
  1,                                      !- Rows to Skip at Top
  8760,                                   !- Number of Hours of Data
  ,                                       !- Column Separator
  ,                                       !- Interpolate to Timestep
  15,                                     !- Minutes per Item
  ,                                       !- Adjust Schedule for Daylight Savings
  Yes;                                    !- Translate File With Relative Path

OS:ElectricEquipment:Definition,
  {0402e3c3-c025-48c4-bf2c-cd5b9f5c5895}, !- Handle
  cooking range,                          !- Name
  EquipmentLevel,                         !- Design Level Calculation Method
  67.8742671809872,                       !- Design Level {W}
  ,                                       !- Watts per Space Floor Area {W/m2}
  ,                                       !- Watts per Person {W/person}
  0.161847255712269,                      !- Fraction Latent
  0.382891646572639,                      !- Fraction Radiant
  0.2;                                    !- Fraction Lost

OS:ElectricEquipment,
  {67061e4c-148f-4c9a-89e9-5907b39f95fe}, !- Handle
  cooking range,                          !- Name
  {0402e3c3-c025-48c4-bf2c-cd5b9f5c5895}, !- Electric Equipment Definition Name
  {e42f2ab6-2c94-42a9-af10-d2a8a063b931}, !- Space or SpaceType Name
  {50ffd3d0-de2f-4bb7-9f73-fb2cbb356771}, !- Schedule Name
  ,                                       !- Multiplier
  cooking range;                          !- End-Use Subcategory

OS:OtherEquipment:Definition,
  {e20e387f-02f6-4089-821b-45e5f1422dfd}, !- Handle
  cooking range 2,                        !- Name
  EquipmentLevel,                         !- Design Level Calculation Method
  1989.19841198873,                       !- Design Level {W}
  ,                                       !- Watts per Space Floor Area {W/m2}
  ,                                       !- Watts per Person {W/Person}
  0.161847255712269,                      !- Fraction Latent
  0.382891646572639,                      !- Fraction Radiant
  0.2;                                    !- Fraction Lost

OS:OtherEquipment,
  {8b139641-4a4e-4eb0-a1f1-384807e54281}, !- Handle
  cooking range 1,                        !- Name
  {e20e387f-02f6-4089-821b-45e5f1422dfd}, !- Other Equipment Definition Name
  {e42f2ab6-2c94-42a9-af10-d2a8a063b931}, !- Space or SpaceType Name
  {50ffd3d0-de2f-4bb7-9f73-fb2cbb356771}, !- Schedule Name
  ,                                       !- Multiplier
  NaturalGas,                             !- Fuel Type
  cooking range;                          !- End-Use Subcategory

OS:Schedule:FixedInterval,
  {c634bf74-620d-47b2-9976-4e9587f130be}, !- Handle
  mains temperature schedule,             !- Name
  {e1a072b5-5414-4d4f-b920-81169784f0c6}, !- Schedule Type Limits Name
  ,                                       !- Translate to Schedule File
  ,                                       !- Interpolate to Timestep
  1440,                                   !- Interval Length {minutes}
  ,                                       !- Out Of Range Value
  1,                                      !- Start Month
  1,                                      !- Start Day
  9.76055555555556,                       !- Value 1
  9.69166666666667,                       !- Value 2
  9.62388888888889,                       !- Value 3
  9.55833333333333,                       !- Value 4
  9.49388888888889,                       !- Value 5
  9.43111111111111,                       !- Value 6
  9.36944444444445,                       !- Value 7
  9.30944444444444,                       !- Value 8
  9.25111111111111,                       !- Value 9
  9.19444444444444,                       !- Value 10
  9.13888888888889,                       !- Value 11
  9.08555555555555,                       !- Value 12
  9.03333333333333,                       !- Value 13
  8.98333333333333,                       !- Value 14
  8.93444444444444,                       !- Value 15
  8.88722222222222,                       !- Value 16
  8.84166666666667,                       !- Value 17
  8.79833333333334,                       !- Value 18
  8.75611111111111,                       !- Value 19
  8.71555555555556,                       !- Value 20
  8.67722222222222,                       !- Value 21
  8.64,                                   !- Value 22
  8.605,                                  !- Value 23
  8.57166666666667,                       !- Value 24
  8.54,                                   !- Value 25
  8.51,                                   !- Value 26
  8.48222222222222,                       !- Value 27
  8.45555555555555,                       !- Value 28
  8.43111111111111,                       !- Value 29
  8.40888888888889,                       !- Value 30
  8.38777777777778,                       !- Value 31
  8.36888888888889,                       !- Value 32
  8.35166666666667,                       !- Value 33
  8.33611111111111,                       !- Value 34
  8.32277777777778,                       !- Value 35
  8.31055555555556,                       !- Value 36
  8.30111111111111,                       !- Value 37
  8.29277777777778,                       !- Value 38
  8.28666666666667,                       !- Value 39
  8.28222222222222,                       !- Value 40
  8.28,                                   !- Value 41
  8.27888888888889,                       !- Value 42
  8.28055555555556,                       !- Value 43
  8.28333333333333,                       !- Value 44
  8.28833333333333,                       !- Value 45
  8.295,                                  !- Value 46
  8.30333333333333,                       !- Value 47
  8.31388888888889,                       !- Value 48
  8.32611111111111,                       !- Value 49
  8.34055555555555,                       !- Value 50
  8.35611111111111,                       !- Value 51
  8.37388888888889,                       !- Value 52
  8.39388888888889,                       !- Value 53
  8.415,                                  !- Value 54
  8.43833333333333,                       !- Value 55
  8.46333333333333,                       !- Value 56
  8.49,                                   !- Value 57
  8.51888888888889,                       !- Value 58
  8.54888888888889,                       !- Value 59
  8.58111111111111,                       !- Value 60
  8.615,                                  !- Value 61
  8.65055555555555,                       !- Value 62
  8.68833333333333,                       !- Value 63
  8.72722222222222,                       !- Value 64
  8.76833333333333,                       !- Value 65
  8.81055555555556,                       !- Value 66
  8.855,                                  !- Value 67
  8.90055555555556,                       !- Value 68
  8.94833333333333,                       !- Value 69
  8.99777777777778,                       !- Value 70
  9.04833333333333,                       !- Value 71
  9.10111111111111,                       !- Value 72
  9.155,                                  !- Value 73
  9.21055555555556,                       !- Value 74
  9.26777777777778,                       !- Value 75
  9.32666666666666,                       !- Value 76
  9.38722222222222,                       !- Value 77
  9.44888888888889,                       !- Value 78
  9.51222222222222,                       !- Value 79
  9.57722222222222,                       !- Value 80
  9.64333333333333,                       !- Value 81
  9.71111111111111,                       !- Value 82
  9.78055555555555,                       !- Value 83
  9.85111111111111,                       !- Value 84
  9.92333333333333,                       !- Value 85
  9.99666666666667,                       !- Value 86
  10.0711111111111,                       !- Value 87
  10.1472222222222,                       !- Value 88
  10.2244444444444,                       !- Value 89
  10.3033333333333,                       !- Value 90
  10.3827777777778,                       !- Value 91
  10.4638888888889,                       !- Value 92
  10.5461111111111,                       !- Value 93
  10.6294444444444,                       !- Value 94
  10.7144444444444,                       !- Value 95
  10.8,                                   !- Value 96
  10.8866666666667,                       !- Value 97
  10.975,                                 !- Value 98
  11.0638888888889,                       !- Value 99
  11.1538888888889,                       !- Value 100
  11.2444444444444,                       !- Value 101
  11.3366666666667,                       !- Value 102
  11.4294444444444,                       !- Value 103
  11.5233333333333,                       !- Value 104
  11.6177777777778,                       !- Value 105
  11.7133333333333,                       !- Value 106
  11.81,                                  !- Value 107
  11.9072222222222,                       !- Value 108
  12.005,                                 !- Value 109
  12.1038888888889,                       !- Value 110
  12.2033333333333,                       !- Value 111
  12.3033333333333,                       !- Value 112
  12.4044444444444,                       !- Value 113
  12.5055555555556,                       !- Value 114
  12.6077777777778,                       !- Value 115
  12.71,                                  !- Value 116
  12.8133333333333,                       !- Value 117
  12.9166666666667,                       !- Value 118
  13.0211111111111,                       !- Value 119
  13.1255555555556,                       !- Value 120
  13.2305555555556,                       !- Value 121
  13.3361111111111,                       !- Value 122
  13.4416666666667,                       !- Value 123
  13.5477777777778,                       !- Value 124
  13.6538888888889,                       !- Value 125
  13.7605555555556,                       !- Value 126
  13.8672222222222,                       !- Value 127
  13.9744444444444,                       !- Value 128
  14.0811111111111,                       !- Value 129
  14.1888888888889,                       !- Value 130
  14.2961111111111,                       !- Value 131
  14.4033333333333,                       !- Value 132
  14.5111111111111,                       !- Value 133
  14.6183333333333,                       !- Value 134
  14.7261111111111,                       !- Value 135
  14.8333333333333,                       !- Value 136
  14.9405555555556,                       !- Value 137
  15.0477777777778,                       !- Value 138
  15.155,                                 !- Value 139
  15.2616666666667,                       !- Value 140
  15.3683333333333,                       !- Value 141
  15.4744444444444,                       !- Value 142
  15.5805555555556,                       !- Value 143
  15.6866666666667,                       !- Value 144
  15.7916666666667,                       !- Value 145
  15.8972222222222,                       !- Value 146
  16.0016666666667,                       !- Value 147
  16.1061111111111,                       !- Value 148
  16.2094444444444,                       !- Value 149
  16.3127777777778,                       !- Value 150
  16.4155555555556,                       !- Value 151
  16.5177777777778,                       !- Value 152
  16.6194444444444,                       !- Value 153
  16.72,                                  !- Value 154
  16.8205555555556,                       !- Value 155
  16.92,                                  !- Value 156
  17.0188888888889,                       !- Value 157
  17.1172222222222,                       !- Value 158
  17.2144444444444,                       !- Value 159
  17.3111111111111,                       !- Value 160
  17.4072222222222,                       !- Value 161
  17.5022222222222,                       !- Value 162
  17.5961111111111,                       !- Value 163
  17.6894444444444,                       !- Value 164
  17.7816666666667,                       !- Value 165
  17.8727777777778,                       !- Value 166
  17.9627777777778,                       !- Value 167
  18.0522222222222,                       !- Value 168
  18.1405555555556,                       !- Value 169
  18.2272222222222,                       !- Value 170
  18.3133333333333,                       !- Value 171
  18.3983333333333,                       !- Value 172
  18.4822222222222,                       !- Value 173
  18.5644444444444,                       !- Value 174
  18.6461111111111,                       !- Value 175
  18.7261111111111,                       !- Value 176
  18.805,                                 !- Value 177
  18.8827777777778,                       !- Value 178
  18.9588888888889,                       !- Value 179
  19.0344444444444,                       !- Value 180
  19.1077777777778,                       !- Value 181
  19.18,                                  !- Value 182
  19.2511111111111,                       !- Value 183
  19.3205555555556,                       !- Value 184
  19.3888888888889,                       !- Value 185
  19.4555555555556,                       !- Value 186
  19.5211111111111,                       !- Value 187
  19.5844444444444,                       !- Value 188
  19.6472222222222,                       !- Value 189
  19.7077777777778,                       !- Value 190
  19.7672222222222,                       !- Value 191
  19.8244444444444,                       !- Value 192
  19.8805555555556,                       !- Value 193
  19.935,                                 !- Value 194
  19.9883333333333,                       !- Value 195
  20.0394444444444,                       !- Value 196
  20.0888888888889,                       !- Value 197
  20.1372222222222,                       !- Value 198
  20.1833333333333,                       !- Value 199
  20.2283333333333,                       !- Value 200
  20.2711111111111,                       !- Value 201
  20.3122222222222,                       !- Value 202
  20.3522222222222,                       !- Value 203
  20.39,                                  !- Value 204
  20.4261111111111,                       !- Value 205
  20.4605555555556,                       !- Value 206
  20.4927777777778,                       !- Value 207
  20.5238888888889,                       !- Value 208
  20.5527777777778,                       !- Value 209
  20.58,                                  !- Value 210
  20.6055555555556,                       !- Value 211
  20.6294444444444,                       !- Value 212
  20.6511111111111,                       !- Value 213
  20.6711111111111,                       !- Value 214
  20.6894444444444,                       !- Value 215
  20.7061111111111,                       !- Value 216
  20.7205555555556,                       !- Value 217
  20.7333333333333,                       !- Value 218
  20.7444444444444,                       !- Value 219
  20.7533333333333,                       !- Value 220
  20.7605555555556,                       !- Value 221
  20.7661111111111,                       !- Value 222
  20.7694444444444,                       !- Value 223
  20.7711111111111,                       !- Value 224
  20.7711111111111,                       !- Value 225
  20.7688888888889,                       !- Value 226
  20.765,                                 !- Value 227
  20.7594444444444,                       !- Value 228
  20.7516666666667,                       !- Value 229
  20.7422222222222,                       !- Value 230
  20.7311111111111,                       !- Value 231
  20.7177777777778,                       !- Value 232
  20.7033333333333,                       !- Value 233
  20.6861111111111,                       !- Value 234
  20.6677777777778,                       !- Value 235
  20.6472222222222,                       !- Value 236
  20.625,                                 !- Value 237
  20.6011111111111,                       !- Value 238
  20.5755555555556,                       !- Value 239
  20.5477777777778,                       !- Value 240
  20.5183333333333,                       !- Value 241
  20.4872222222222,                       !- Value 242
  20.4544444444444,                       !- Value 243
  20.4194444444444,                       !- Value 244
  20.3833333333333,                       !- Value 245
  20.345,                                 !- Value 246
  20.305,                                 !- Value 247
  20.2633333333333,                       !- Value 248
  20.2205555555556,                       !- Value 249
  20.1755555555556,                       !- Value 250
  20.1288888888889,                       !- Value 251
  20.0805555555556,                       !- Value 252
  20.0305555555556,                       !- Value 253
  19.9788888888889,                       !- Value 254
  19.9255555555556,                       !- Value 255
  19.8705555555556,                       !- Value 256
  19.8144444444444,                       !- Value 257
  19.7566666666667,                       !- Value 258
  19.6972222222222,                       !- Value 259
  19.6361111111111,                       !- Value 260
  19.5733333333333,                       !- Value 261
  19.5094444444444,                       !- Value 262
  19.4438888888889,                       !- Value 263
  19.3766666666667,                       !- Value 264
  19.3083333333333,                       !- Value 265
  19.2383333333333,                       !- Value 266
  19.1672222222222,                       !- Value 267
  19.095,                                 !- Value 268
  19.0211111111111,                       !- Value 269
  18.9455555555556,                       !- Value 270
  18.8688888888889,                       !- Value 271
  18.7911111111111,                       !- Value 272
  18.7116666666667,                       !- Value 273
  18.6316666666667,                       !- Value 274
  18.55,                                  !- Value 275
  18.4672222222222,                       !- Value 276
  18.3833333333333,                       !- Value 277
  18.2983333333333,                       !- Value 278
  18.2116666666667,                       !- Value 279
  18.1244444444444,                       !- Value 280
  18.0361111111111,                       !- Value 281
  17.9466666666667,                       !- Value 282
  17.8561111111111,                       !- Value 283
  17.765,                                 !- Value 284
  17.6727777777778,                       !- Value 285
  17.5794444444444,                       !- Value 286
  17.485,                                 !- Value 287
  17.39,                                  !- Value 288
  17.2938888888889,                       !- Value 289
  17.1972222222222,                       !- Value 290
  17.1,                                   !- Value 291
  17.0016666666667,                       !- Value 292
  16.9022222222222,                       !- Value 293
  16.8027777777778,                       !- Value 294
  16.7022222222222,                       !- Value 295
  16.6011111111111,                       !- Value 296
  16.4994444444444,                       !- Value 297
  16.3972222222222,                       !- Value 298
  16.2944444444444,                       !- Value 299
  16.1911111111111,                       !- Value 300
  16.0872222222222,                       !- Value 301
  15.9827777777778,                       !- Value 302
  15.8783333333333,                       !- Value 303
  15.7733333333333,                       !- Value 304
  15.6677777777778,                       !- Value 305
  15.5616666666667,                       !- Value 306
  15.4555555555556,                       !- Value 307
  15.3494444444444,                       !- Value 308
  15.2427777777778,                       !- Value 309
  15.1355555555556,                       !- Value 310
  15.0283333333333,                       !- Value 311
  14.9211111111111,                       !- Value 312
  14.8138888888889,                       !- Value 313
  14.7066666666667,                       !- Value 314
  14.5988888888889,                       !- Value 315
  14.4916666666667,                       !- Value 316
  14.3844444444444,                       !- Value 317
  14.2766666666667,                       !- Value 318
  14.1694444444444,                       !- Value 319
  14.0622222222222,                       !- Value 320
  13.955,                                 !- Value 321
  13.8483333333333,                       !- Value 322
  13.7411111111111,                       !- Value 323
  13.635,                                 !- Value 324
  13.5283333333333,                       !- Value 325
  13.4227777777778,                       !- Value 326
  13.3172222222222,                       !- Value 327
  13.2116666666667,                       !- Value 328
  13.1066666666667,                       !- Value 329
  13.0022222222222,                       !- Value 330
  12.8983333333333,                       !- Value 331
  12.795,                                 !- Value 332
  12.6916666666667,                       !- Value 333
  12.5894444444444,                       !- Value 334
  12.4872222222222,                       !- Value 335
  12.3861111111111,                       !- Value 336
  12.2855555555556,                       !- Value 337
  12.1855555555556,                       !- Value 338
  12.0861111111111,                       !- Value 339
  11.9877777777778,                       !- Value 340
  11.8894444444444,                       !- Value 341
  11.7927777777778,                       !- Value 342
  11.6966666666667,                       !- Value 343
  11.6011111111111,                       !- Value 344
  11.5066666666667,                       !- Value 345
  11.4127777777778,                       !- Value 346
  11.32,                                  !- Value 347
  11.2283333333333,                       !- Value 348
  11.1372222222222,                       !- Value 349
  11.0477777777778,                       !- Value 350
  10.9588888888889,                       !- Value 351
  10.8711111111111,                       !- Value 352
  10.7844444444444,                       !- Value 353
  10.6988888888889,                       !- Value 354
  10.6144444444444,                       !- Value 355
  10.5316666666667,                       !- Value 356
  10.4494444444444,                       !- Value 357
  10.3683333333333,                       !- Value 358
  10.2888888888889,                       !- Value 359
  10.2105555555556,                       !- Value 360
  10.1333333333333,                       !- Value 361
  10.0577777777778,                       !- Value 362
  9.98333333333333,                       !- Value 363
  9.91,                                   !- Value 364
  9.83833333333333;                       !- Value 365

OS:Site:WaterMainsTemperature,
  {ba8e9630-c62d-4eb1-a152-abccadfd1433}, !- Handle
  Schedule,                               !- Calculation Method
  {c634bf74-620d-47b2-9976-4e9587f130be}; !- Temperature Schedule Name

OS:Schedule:Constant,
  {aeb6b569-51f9-4e19-9a8d-7f4227b428c4}, !- Handle
  mixed water temperature schedule,       !- Name
  {e1a072b5-5414-4d4f-b920-81169784f0c6}, !- Schedule Type Limits Name
  40.5555555555556;                       !- Value

OS:Schedule:File,
  {b78c99a1-a0ba-4508-8a23-4f5e1739cb59}, !- Handle
  hot_water_fixtures,                     !- Name
  {7c878e8d-f40e-4d25-9c3b-441490f7374d}, !- Schedule Type Limits Name
  {f7f6b022-7906-480c-afc8-fbb9019bc1a1}, !- External File Name
  13,                                     !- Column Number
  1,                                      !- Rows to Skip at Top
  8760,                                   !- Number of Hours of Data
  ,                                       !- Column Separator
  ,                                       !- Interpolate to Timestep
  15,                                     !- Minutes per Item
  ,                                       !- Adjust Schedule for Daylight Savings
  Yes;                                    !- Translate File With Relative Path

OS:WaterUse:Equipment:Definition,
  {8ab42d86-2e6e-478b-959d-0fb9d2b89c36}, !- Handle
  dhw fixtures,                           !- Name
  dhw fixtures,                           !- End-Use Subcategory
  3.38022587651532e-05,                   !- Peak Flow Rate {m3/s}
  {aeb6b569-51f9-4e19-9a8d-7f4227b428c4}; !- Target Temperature Schedule Name

OS:WaterUse:Equipment,
  {eb0e45f8-c4e7-4371-a3c4-026a2198e7ae}, !- Handle
  dhw fixtures,                           !- Name
  {8ab42d86-2e6e-478b-959d-0fb9d2b89c36}, !- Water Use Equipment Definition Name
  ,                                       !- Space Name
  {b78c99a1-a0ba-4508-8a23-4f5e1739cb59}; !- Flow Rate Fraction Schedule Name

OS:WaterUse:Equipment:Definition,
  {79e4f204-9114-44a8-9e06-9c271c6ca027}, !- Handle
  dhw distribution waste,                 !- Name
  dhw distribution waste,                 !- End-Use Subcategory
  1.2983334454863e-05,                    !- Peak Flow Rate {m3/s}
  {aeb6b569-51f9-4e19-9a8d-7f4227b428c4}; !- Target Temperature Schedule Name

OS:WaterUse:Equipment,
  {0529c630-a747-4db0-9f76-ce9bbb9dac23}, !- Handle
  dhw distribution waste,                 !- Name
  {79e4f204-9114-44a8-9e06-9c271c6ca027}, !- Water Use Equipment Definition Name
  ,                                       !- Space Name
  {b78c99a1-a0ba-4508-8a23-4f5e1739cb59}; !- Flow Rate Fraction Schedule Name

OS:Schedule:File,
  {beced662-6213-4531-a6ac-f7b28fad06d0}, !- Handle
  hot_water_clothes_washer,               !- Name
  {7c878e8d-f40e-4d25-9c3b-441490f7374d}, !- Schedule Type Limits Name
  {f7f6b022-7906-480c-afc8-fbb9019bc1a1}, !- External File Name
  12,                                     !- Column Number
  1,                                      !- Rows to Skip at Top
  8760,                                   !- Number of Hours of Data
  ,                                       !- Column Separator
  ,                                       !- Interpolate to Timestep
  15,                                     !- Minutes per Item
  ,                                       !- Adjust Schedule for Daylight Savings
  Yes;                                    !- Translate File With Relative Path

OS:WaterUse:Equipment:Definition,
  {be07ea53-f7b7-4b29-99a2-34335ac3334a}, !- Handle
  clothes washer,                         !- Name
  clothes washer,                         !- End-Use Subcategory
  1.70716796842234e-06;                   !- Peak Flow Rate {m3/s}

OS:WaterUse:Equipment,
  {3443999f-e47a-4ce0-bb34-f544a1011c3c}, !- Handle
  clothes washer,                         !- Name
  {be07ea53-f7b7-4b29-99a2-34335ac3334a}, !- Water Use Equipment Definition Name
  ,                                       !- Space Name
  {beced662-6213-4531-a6ac-f7b28fad06d0}; !- Flow Rate Fraction Schedule Name

OS:Schedule:File,
  {dc75adf9-82d5-485d-8a13-9a94871ad136}, !- Handle
  hot_water_dishwasher,                   !- Name
  {7c878e8d-f40e-4d25-9c3b-441490f7374d}, !- Schedule Type Limits Name
  {f7f6b022-7906-480c-afc8-fbb9019bc1a1}, !- External File Name
  11,                                     !- Column Number
  1,                                      !- Rows to Skip at Top
  8760,                                   !- Number of Hours of Data
  ,                                       !- Column Separator
  ,                                       !- Interpolate to Timestep
  15,                                     !- Minutes per Item
  ,                                       !- Adjust Schedule for Daylight Savings
  Yes;                                    !- Translate File With Relative Path

OS:WaterUse:Equipment:Definition,
  {fac25ae4-8d50-46bc-bfcc-473f4f468e6a}, !- Handle
  dishwasher,                             !- Name
  dishwasher,                             !- End-Use Subcategory
  5.43003766301045e-06;                   !- Peak Flow Rate {m3/s}

OS:WaterUse:Equipment,
  {099aac05-5234-4a61-b08f-afdcb611244e}, !- Handle
  dishwasher,                             !- Name
  {fac25ae4-8d50-46bc-bfcc-473f4f468e6a}, !- Water Use Equipment Definition Name
  ,                                       !- Space Name
  {dc75adf9-82d5-485d-8a13-9a94871ad136}; !- Flow Rate Fraction Schedule Name

OS:OtherEquipment:Definition,
  {4d6a90e9-8e62-497a-a76d-b30bbd91d9a5}, !- Handle
  water sensible,                         !- Name
  EquipmentLevel,                         !- Design Level Calculation Method
  -561.413617464674,                      !- Design Level {W}
  ,                                       !- Watts per Space Floor Area {W/m2}
  ,                                       !- Watts per Person {W/Person}
  0,                                      !- Fraction Latent
  0.6,                                    !- Fraction Radiant
  0;                                      !- Fraction Lost

OS:OtherEquipment,
  {5435b573-cd60-4782-b607-afd8743a9d34}, !- Handle
  water sensible,                         !- Name
  {4d6a90e9-8e62-497a-a76d-b30bbd91d9a5}, !- Other Equipment Definition Name
  {e42f2ab6-2c94-42a9-af10-d2a8a063b931}, !- Space or SpaceType Name
  {b78c99a1-a0ba-4508-8a23-4f5e1739cb59}, !- Schedule Name
  ,                                       !- Multiplier
  None,                                   !- Fuel Type
  water sensible;                         !- End-Use Subcategory

OS:OtherEquipment:Definition,
  {1a6e6f7a-7679-4641-9a4e-2fddad47d6ad}, !- Handle
  water latent,                           !- Name
  EquipmentLevel,                         !- Design Level Calculation Method
  569.649514053398,                       !- Design Level {W}
  ,                                       !- Watts per Space Floor Area {W/m2}
  ,                                       !- Watts per Person {W/Person}
  1,                                      !- Fraction Latent
  0,                                      !- Fraction Radiant
  0;                                      !- Fraction Lost

OS:OtherEquipment,
  {d9011145-fabc-4edb-8ab3-19486eb3c6b4}, !- Handle
  water latent,                           !- Name
  {1a6e6f7a-7679-4641-9a4e-2fddad47d6ad}, !- Other Equipment Definition Name
  {e42f2ab6-2c94-42a9-af10-d2a8a063b931}, !- Space or SpaceType Name
  {b78c99a1-a0ba-4508-8a23-4f5e1739cb59}, !- Schedule Name
  ,                                       !- Multiplier
  None,                                   !- Fuel Type
  water latent;                           !- End-Use Subcategory

OS:Schedule:File,
  {fcad950a-6ce4-4b57-8066-46b29537c30e}, !- Handle
  plug_loads_other,                       !- Name
  {7c878e8d-f40e-4d25-9c3b-441490f7374d}, !- Schedule Type Limits Name
  {f7f6b022-7906-480c-afc8-fbb9019bc1a1}, !- External File Name
  9,                                      !- Column Number
  1,                                      !- Rows to Skip at Top
  8760,                                   !- Number of Hours of Data
  ,                                       !- Column Separator
  ,                                       !- Interpolate to Timestep
  15,                                     !- Minutes per Item
  ,                                       !- Adjust Schedule for Daylight Savings
  Yes;                                    !- Translate File With Relative Path

OS:ElectricEquipment:Definition,
  {4bbc15b1-753d-4920-9e2b-eeae1c4cad0e}, !- Handle
  misc plug loads,                        !- Name
  EquipmentLevel,                         !- Design Level Calculation Method
  446.273456635117,                       !- Design Level {W}
  ,                                       !- Watts per Space Floor Area {W/m2}
  ,                                       !- Watts per Person {W/person}
  0.021,                                  !- Fraction Latent
  0.558,                                  !- Fraction Radiant
  0.0489999999999999;                     !- Fraction Lost

OS:ElectricEquipment,
  {c523e39c-f439-44fc-88b5-e32fbad58b6e}, !- Handle
  misc plug loads,                        !- Name
  {4bbc15b1-753d-4920-9e2b-eeae1c4cad0e}, !- Electric Equipment Definition Name
  {e42f2ab6-2c94-42a9-af10-d2a8a063b931}, !- Space or SpaceType Name
  {fcad950a-6ce4-4b57-8066-46b29537c30e}, !- Schedule Name
  ,                                       !- Multiplier
  misc plug loads;                        !- End-Use Subcategory

OS:Schedule:File,
  {3b08b672-a410-47b3-ad11-9ba4ca2ca2d2}, !- Handle
  lighting_interior,                      !- Name
  {7c878e8d-f40e-4d25-9c3b-441490f7374d}, !- Schedule Type Limits Name
  {f7f6b022-7906-480c-afc8-fbb9019bc1a1}, !- External File Name
  2,                                      !- Column Number
  1,                                      !- Rows to Skip at Top
  8760,                                   !- Number of Hours of Data
  ,                                       !- Column Separator
  ,                                       !- Interpolate to Timestep
  15,                                     !- Minutes per Item
  ,                                       !- Adjust Schedule for Daylight Savings
  Yes;                                    !- Translate File With Relative Path

OS:Lights:Definition,
  {2a3c17d2-8552-43cd-b73a-87b105b39144}, !- Handle
  interior lighting,                      !- Name
  LightingLevel,                          !- Design Level Calculation Method
  830.062278134262,                       !- Lighting Level {W}
  ,                                       !- Watts per Space Floor Area {W/m2}
  ,                                       !- Watts per Person {W/person}
  0.6,                                    !- Fraction Radiant
  0.2,                                    !- Fraction Visible
  0;                                      !- Return Air Fraction

OS:Lights,
  {0fe9d6a3-12e9-4466-8331-b01ed81dbbda}, !- Handle
  interior lighting,                      !- Name
  {2a3c17d2-8552-43cd-b73a-87b105b39144}, !- Lights Definition Name
  {e42f2ab6-2c94-42a9-af10-d2a8a063b931}, !- Space or SpaceType Name
  {3b08b672-a410-47b3-ad11-9ba4ca2ca2d2}, !- Schedule Name
  1,                                      !- Fraction Replaceable
  ,                                       !- Multiplier
  interior lighting;                      !- End-Use Subcategory

OS:Schedule:Ruleset,
  {27bdf299-e778-4852-9635-bc0b93c7a460}, !- Handle
  exterior lighting schedule,             !- Name
  {7c878e8d-f40e-4d25-9c3b-441490f7374d}, !- Schedule Type Limits Name
  {00c88854-9973-4ec5-8ef8-0aab1ecd043c}; !- Default Day Schedule Name

OS:Schedule:Day,
  {00c88854-9973-4ec5-8ef8-0aab1ecd043c}, !- Handle
  exterior lighting schedule default day, !- Name
  {7c878e8d-f40e-4d25-9c3b-441490f7374d}, !- Schedule Type Limits Name
  ,                                       !- Interpolate to Timestep
  24,                                     !- Hour 1
  0,                                      !- Minute 1
  0;                                      !- Value Until Time 1

OS:Schedule:Rule,
  {6bc83cec-97cb-417a-ae4d-d5288072fc29}, !- Handle
  exterior lighting schedule weekday ruleset1, !- Name
  {27bdf299-e778-4852-9635-bc0b93c7a460}, !- Schedule Ruleset Name
  21,                                     !- Rule Order
  {9922d315-49e0-4a89-8b4c-b32df6a97a06}, !- Day Schedule Name
  ,                                       !- Apply Sunday
  Yes,                                    !- Apply Monday
  Yes,                                    !- Apply Tuesday
  Yes,                                    !- Apply Wednesday
  Yes,                                    !- Apply Thursday
  Yes,                                    !- Apply Friday
  ,                                       !- Apply Saturday
  DateRange,                              !- Date Specification Type
  1,                                      !- Start Month
  1,                                      !- Start Day
  1,                                      !- End Month
  31;                                     !- End Day

OS:Schedule:Day,
  {9922d315-49e0-4a89-8b4c-b32df6a97a06}, !- Handle
  exterior lighting schedule weekday1,    !- Name
  {7c878e8d-f40e-4d25-9c3b-441490f7374d}, !- Schedule Type Limits Name
  ,                                       !- Interpolate to Timestep
  5,                                      !- Hour 1
  0,                                      !- Minute 1
  0.434958518013411,                      !- Value Until Time 1
  6,                                      !- Hour 2
  0,                                      !- Minute 2
  0.349857938402091,                      !- Value Until Time 2
  7,                                      !- Hour 3
  0,                                      !- Minute 3
  0.330946698488465,                      !- Value Until Time 3
  8,                                      !- Hour 4
  0,                                      !- Minute 4
  0.321491078531651,                      !- Value Until Time 4
  9,                                      !- Hour 5
  0,                                      !- Minute 5
  0.312035458574838,                      !- Value Until Time 5
  10,                                     !- Hour 6
  0,                                      !- Minute 6
  0.264757358790772,                      !- Value Until Time 6
  11,                                     !- Hour 7
  0,                                      !- Minute 7
  0.208023639049892,                      !- Value Until Time 7
  12,                                     !- Hour 8
  0,                                      !- Minute 8
  0.141834299352199,                      !- Value Until Time 8
  13,                                     !- Hour 9
  0,                                      !- Minute 9
  0.113467439481759,                      !- Value Until Time 9
  15,                                     !- Hour 10
  0,                                      !- Minute 10
  0.104011819524946,                      !- Value Until Time 10
  16,                                     !- Hour 11
  0,                                      !- Minute 11
  0.113467439481759,                      !- Value Until Time 11
  17,                                     !- Hour 12
  0,                                      !- Minute 12
  0.179656779179452,                      !- Value Until Time 12
  18,                                     !- Hour 13
  0,                                      !- Minute 13
  0.349857938402091,                      !- Value Until Time 13
  19,                                     !- Hour 14
  0,                                      !- Minute 14
  0.463325377883851,                      !- Value Until Time 14
  20,                                     !- Hour 15
  0,                                      !- Minute 15
  0.614615297192863,                      !- Value Until Time 15
  21,                                     !- Hour 16
  0,                                      !- Minute 16
  0.860461416070008,                      !- Value Until Time 16
  22,                                     !- Hour 17
  0,                                      !- Minute 17
  0.992840095465394,                      !- Value Until Time 17
  23,                                     !- Hour 18
  0,                                      !- Minute 18
  0.860461416070008,                      !- Value Until Time 18
  24,                                     !- Hour 19
  0,                                      !- Minute 19
  0.595704057279236;                      !- Value Until Time 19

OS:Schedule:Rule,
  {129da324-1399-4b09-b1cf-79229ed89cdc}, !- Handle
  exterior lighting schedule weekend ruleset1, !- Name
  {27bdf299-e778-4852-9635-bc0b93c7a460}, !- Schedule Ruleset Name
  20,                                     !- Rule Order
  {4b012b3a-6863-4400-9efd-48e49d8d240d}, !- Day Schedule Name
  Yes,                                    !- Apply Sunday
  ,                                       !- Apply Monday
  ,                                       !- Apply Tuesday
  ,                                       !- Apply Wednesday
  ,                                       !- Apply Thursday
  ,                                       !- Apply Friday
  Yes,                                    !- Apply Saturday
  DateRange,                              !- Date Specification Type
  1,                                      !- Start Month
  1,                                      !- Start Day
  1,                                      !- End Month
  31;                                     !- End Day

OS:Schedule:Day,
  {4b012b3a-6863-4400-9efd-48e49d8d240d}, !- Handle
  exterior lighting schedule weekend1,    !- Name
  {7c878e8d-f40e-4d25-9c3b-441490f7374d}, !- Schedule Type Limits Name
  ,                                       !- Interpolate to Timestep
  2,                                      !- Hour 1
  0,                                      !- Minute 1
  0.434958518013411,                      !- Value Until Time 1
  4,                                      !- Hour 2
  0,                                      !- Minute 2
  0.425502898056597,                      !- Value Until Time 2
  5,                                      !- Hour 3
  0,                                      !- Minute 3
  0.434958518013411,                      !- Value Until Time 3
  6,                                      !- Hour 4
  0,                                      !- Minute 4
  0.425502898056597,                      !- Value Until Time 4
  7,                                      !- Hour 5
  0,                                      !- Minute 5
  0.416047278099784,                      !- Value Until Time 5
  8,                                      !- Hour 6
  0,                                      !- Minute 6
  0.387680418229344,                      !- Value Until Time 6
  9,                                      !- Hour 7
  0,                                      !- Minute 7
  0.340402318445278,                      !- Value Until Time 7
  10,                                     !- Hour 8
  0,                                      !- Minute 8
  0.283668598704398,                      !- Value Until Time 8
  11,                                     !- Hour 9
  0,                                      !- Minute 9
  0.226934878963519,                      !- Value Until Time 9
  12,                                     !- Hour 10
  0,                                      !- Minute 10
  0.151289919309012,                      !- Value Until Time 10
  13,                                     !- Hour 11
  0,                                      !- Minute 11
  0.113467439481759,                      !- Value Until Time 11
  15,                                     !- Hour 12
  0,                                      !- Minute 12
  0.104011819524946,                      !- Value Until Time 12
  16,                                     !- Hour 13
  0,                                      !- Minute 13
  0.113467439481759,                      !- Value Until Time 13
  17,                                     !- Hour 14
  0,                                      !- Minute 14
  0.179656779179452,                      !- Value Until Time 14
  18,                                     !- Hour 15
  0,                                      !- Minute 15
  0.359313558358904,                      !- Value Until Time 15
  19,                                     !- Hour 16
  0,                                      !- Minute 16
  0.453869757927037,                      !- Value Until Time 16
  20,                                     !- Hour 17
  0,                                      !- Minute 17
  0.567337197408797,                      !- Value Until Time 17
  21,                                     !- Hour 18
  0,                                      !- Minute 18
  0.784816456415502,                      !- Value Until Time 18
  22,                                     !- Hour 19
  0,                                      !- Minute 19
  0.926650755767701,                      !- Value Until Time 19
  23,                                     !- Hour 20
  0,                                      !- Minute 20
  0.803727696329128,                      !- Value Until Time 20
  24,                                     !- Hour 21
  0,                                      !- Minute 21
  0.557881577451983;                      !- Value Until Time 21

OS:Schedule:Rule,
  {6f1f9dc8-487e-4d6c-9fd6-5afedc265df1}, !- Handle
  exterior lighting schedule weekday ruleset2, !- Name
  {27bdf299-e778-4852-9635-bc0b93c7a460}, !- Schedule Ruleset Name
  19,                                     !- Rule Order
  {ce5f8c01-6f61-463f-8b62-6e7ddcfeefb1}, !- Day Schedule Name
  ,                                       !- Apply Sunday
  Yes,                                    !- Apply Monday
  Yes,                                    !- Apply Tuesday
  Yes,                                    !- Apply Wednesday
  Yes,                                    !- Apply Thursday
  Yes,                                    !- Apply Friday
  ,                                       !- Apply Saturday
  DateRange,                              !- Date Specification Type
  2,                                      !- Start Month
  1,                                      !- Start Day
  2,                                      !- End Month
  28;                                     !- End Day

OS:Schedule:Day,
  {ce5f8c01-6f61-463f-8b62-6e7ddcfeefb1}, !- Handle
  exterior lighting schedule weekday2,    !- Name
  {7c878e8d-f40e-4d25-9c3b-441490f7374d}, !- Schedule Type Limits Name
  ,                                       !- Interpolate to Timestep
  5,                                      !- Hour 1
  0,                                      !- Minute 1
  0.438095238095238,                      !- Value Until Time 1
  6,                                      !- Hour 2
  0,                                      !- Minute 2
  0.352380952380952,                      !- Value Until Time 2
  7,                                      !- Hour 3
  0,                                      !- Minute 3
  0.333333333333333,                      !- Value Until Time 3
  8,                                      !- Hour 4
  0,                                      !- Minute 4
  0.323809523809524,                      !- Value Until Time 4
  9,                                      !- Hour 5
  0,                                      !- Minute 5
  0.314285714285714,                      !- Value Until Time 5
  10,                                     !- Hour 6
  0,                                      !- Minute 6
  0.266666666666667,                      !- Value Until Time 6
  11,                                     !- Hour 7
  0,                                      !- Minute 7
  0.20952380952381,                       !- Value Until Time 7
  12,                                     !- Hour 8
  0,                                      !- Minute 8
  0.142857142857143,                      !- Value Until Time 8
  13,                                     !- Hour 9
  0,                                      !- Minute 9
  0.114285714285714,                      !- Value Until Time 9
  15,                                     !- Hour 10
  0,                                      !- Minute 10
  0.104761904761905,                      !- Value Until Time 10
  16,                                     !- Hour 11
  0,                                      !- Minute 11
  0.114285714285714,                      !- Value Until Time 11
  17,                                     !- Hour 12
  0,                                      !- Minute 12
  0.180952380952381,                      !- Value Until Time 12
  18,                                     !- Hour 13
  0,                                      !- Minute 13
  0.352380952380952,                      !- Value Until Time 13
  19,                                     !- Hour 14
  0,                                      !- Minute 14
  0.466666666666667,                      !- Value Until Time 14
  20,                                     !- Hour 15
  0,                                      !- Minute 15
  0.619047619047619,                      !- Value Until Time 15
  21,                                     !- Hour 16
  0,                                      !- Minute 16
  0.866666666666667,                      !- Value Until Time 16
  22,                                     !- Hour 17
  0,                                      !- Minute 17
  1,                                      !- Value Until Time 17
  23,                                     !- Hour 18
  0,                                      !- Minute 18
  0.866666666666667,                      !- Value Until Time 18
  24,                                     !- Hour 19
  0,                                      !- Minute 19
  0.6;                                    !- Value Until Time 19

OS:Schedule:Rule,
  {e66d283a-7ab4-454a-9536-7a61baf5183b}, !- Handle
  exterior lighting schedule weekend ruleset2, !- Name
  {27bdf299-e778-4852-9635-bc0b93c7a460}, !- Schedule Ruleset Name
  18,                                     !- Rule Order
  {3121865e-42d3-4c17-a3f2-b6fd2605ee13}, !- Day Schedule Name
  Yes,                                    !- Apply Sunday
  ,                                       !- Apply Monday
  ,                                       !- Apply Tuesday
  ,                                       !- Apply Wednesday
  ,                                       !- Apply Thursday
  ,                                       !- Apply Friday
  Yes,                                    !- Apply Saturday
  DateRange,                              !- Date Specification Type
  2,                                      !- Start Month
  1,                                      !- Start Day
  2,                                      !- End Month
  28;                                     !- End Day

OS:Schedule:Day,
  {3121865e-42d3-4c17-a3f2-b6fd2605ee13}, !- Handle
  exterior lighting schedule weekend2,    !- Name
  {7c878e8d-f40e-4d25-9c3b-441490f7374d}, !- Schedule Type Limits Name
  ,                                       !- Interpolate to Timestep
  2,                                      !- Hour 1
  0,                                      !- Minute 1
  0.438095238095238,                      !- Value Until Time 1
  4,                                      !- Hour 2
  0,                                      !- Minute 2
  0.428571428571429,                      !- Value Until Time 2
  5,                                      !- Hour 3
  0,                                      !- Minute 3
  0.438095238095238,                      !- Value Until Time 3
  6,                                      !- Hour 4
  0,                                      !- Minute 4
  0.428571428571429,                      !- Value Until Time 4
  7,                                      !- Hour 5
  0,                                      !- Minute 5
  0.419047619047619,                      !- Value Until Time 5
  8,                                      !- Hour 6
  0,                                      !- Minute 6
  0.390476190476191,                      !- Value Until Time 6
  9,                                      !- Hour 7
  0,                                      !- Minute 7
  0.342857142857143,                      !- Value Until Time 7
  10,                                     !- Hour 8
  0,                                      !- Minute 8
  0.285714285714286,                      !- Value Until Time 8
  11,                                     !- Hour 9
  0,                                      !- Minute 9
  0.228571428571429,                      !- Value Until Time 9
  12,                                     !- Hour 10
  0,                                      !- Minute 10
  0.152380952380952,                      !- Value Until Time 10
  13,                                     !- Hour 11
  0,                                      !- Minute 11
  0.114285714285714,                      !- Value Until Time 11
  15,                                     !- Hour 12
  0,                                      !- Minute 12
  0.104761904761905,                      !- Value Until Time 12
  16,                                     !- Hour 13
  0,                                      !- Minute 13
  0.114285714285714,                      !- Value Until Time 13
  17,                                     !- Hour 14
  0,                                      !- Minute 14
  0.180952380952381,                      !- Value Until Time 14
  18,                                     !- Hour 15
  0,                                      !- Minute 15
  0.361904761904762,                      !- Value Until Time 15
  19,                                     !- Hour 16
  0,                                      !- Minute 16
  0.457142857142857,                      !- Value Until Time 16
  20,                                     !- Hour 17
  0,                                      !- Minute 17
  0.571428571428571,                      !- Value Until Time 17
  21,                                     !- Hour 18
  0,                                      !- Minute 18
  0.790476190476191,                      !- Value Until Time 18
  22,                                     !- Hour 19
  0,                                      !- Minute 19
  0.933333333333333,                      !- Value Until Time 19
  23,                                     !- Hour 20
  0,                                      !- Minute 20
  0.80952380952381,                       !- Value Until Time 20
  24,                                     !- Hour 21
  0,                                      !- Minute 21
  0.561904761904762;                      !- Value Until Time 21

OS:Schedule:Rule,
  {03bedf5d-d93d-41e5-93ee-f98c847e3043}, !- Handle
  exterior lighting schedule weekday ruleset3, !- Name
  {27bdf299-e778-4852-9635-bc0b93c7a460}, !- Schedule Ruleset Name
  17,                                     !- Rule Order
  {2f2ad7f9-eaa9-4d54-973e-ac968072fe78}, !- Day Schedule Name
  ,                                       !- Apply Sunday
  Yes,                                    !- Apply Monday
  Yes,                                    !- Apply Tuesday
  Yes,                                    !- Apply Wednesday
  Yes,                                    !- Apply Thursday
  Yes,                                    !- Apply Friday
  ,                                       !- Apply Saturday
  DateRange,                              !- Date Specification Type
  3,                                      !- Start Month
  1,                                      !- Start Day
  3,                                      !- End Month
  31;                                     !- End Day

OS:Schedule:Day,
  {2f2ad7f9-eaa9-4d54-973e-ac968072fe78}, !- Handle
  exterior lighting schedule weekday3,    !- Name
  {7c878e8d-f40e-4d25-9c3b-441490f7374d}, !- Schedule Type Limits Name
  ,                                       !- Interpolate to Timestep
  5,                                      !- Hour 1
  0,                                      !- Minute 1
  0.346084782361632,                      !- Value Until Time 1
  6,                                      !- Hour 2
  0,                                      !- Minute 2
  0.278372542334356,                      !- Value Until Time 2
  7,                                      !- Hour 3
  0,                                      !- Minute 3
  0.26332537788385,                       !- Value Until Time 3
  8,                                      !- Hour 4
  0,                                      !- Minute 4
  0.255801795658598,                      !- Value Until Time 4
  9,                                      !- Hour 5
  0,                                      !- Minute 5
  0.248278213433345,                      !- Value Until Time 5
  10,                                     !- Hour 6
  0,                                      !- Minute 6
  0.21066030230708,                       !- Value Until Time 6
  11,                                     !- Hour 7
  0,                                      !- Minute 7
  0.165518808955563,                      !- Value Until Time 7
  12,                                     !- Hour 8
  0,                                      !- Minute 8
  0.112853733378793,                      !- Value Until Time 8
  13,                                     !- Hour 9
  0,                                      !- Minute 9
  0.0902829867030344,                     !- Value Until Time 9
  15,                                     !- Hour 10
  0,                                      !- Minute 10
  0.0827594044777816,                     !- Value Until Time 10
  16,                                     !- Hour 11
  0,                                      !- Minute 11
  0.0902829867030344,                     !- Value Until Time 11
  17,                                     !- Hour 12
  0,                                      !- Minute 12
  0.142948062279805,                      !- Value Until Time 12
  18,                                     !- Hour 13
  0,                                      !- Minute 13
  0.278372542334356,                      !- Value Until Time 13
  19,                                     !- Hour 14
  0,                                      !- Minute 14
  0.368655529037391,                      !- Value Until Time 14
  20,                                     !- Hour 15
  0,                                      !- Minute 15
  0.489032844641437,                      !- Value Until Time 15
  21,                                     !- Hour 16
  0,                                      !- Minute 16
  0.684645982498011,                      !- Value Until Time 16
  22,                                     !- Hour 17
  0,                                      !- Minute 17
  0.789976133651551,                      !- Value Until Time 17
  23,                                     !- Hour 18
  0,                                      !- Minute 18
  0.684645982498011,                      !- Value Until Time 18
  24,                                     !- Hour 19
  0,                                      !- Minute 19
  0.473985680190931;                      !- Value Until Time 19

OS:Schedule:Rule,
  {c65b1b43-3379-48dc-bd92-7600980a357c}, !- Handle
  exterior lighting schedule weekend ruleset3, !- Name
  {27bdf299-e778-4852-9635-bc0b93c7a460}, !- Schedule Ruleset Name
  16,                                     !- Rule Order
  {cce35bd7-1f30-4155-a295-44c818bd7da2}, !- Day Schedule Name
  Yes,                                    !- Apply Sunday
  ,                                       !- Apply Monday
  ,                                       !- Apply Tuesday
  ,                                       !- Apply Wednesday
  ,                                       !- Apply Thursday
  ,                                       !- Apply Friday
  Yes,                                    !- Apply Saturday
  DateRange,                              !- Date Specification Type
  3,                                      !- Start Month
  1,                                      !- Start Day
  3,                                      !- End Month
  31;                                     !- End Day

OS:Schedule:Day,
  {cce35bd7-1f30-4155-a295-44c818bd7da2}, !- Handle
  exterior lighting schedule weekend3,    !- Name
  {7c878e8d-f40e-4d25-9c3b-441490f7374d}, !- Schedule Type Limits Name
  ,                                       !- Interpolate to Timestep
  2,                                      !- Hour 1
  0,                                      !- Minute 1
  0.346084782361632,                      !- Value Until Time 1
  4,                                      !- Hour 2
  0,                                      !- Minute 2
  0.338561200136379,                      !- Value Until Time 2
  5,                                      !- Hour 3
  0,                                      !- Minute 3
  0.346084782361632,                      !- Value Until Time 3
  6,                                      !- Hour 4
  0,                                      !- Minute 4
  0.338561200136379,                      !- Value Until Time 4
  7,                                      !- Hour 5
  0,                                      !- Minute 5
  0.331037617911126,                      !- Value Until Time 5
  8,                                      !- Hour 6
  0,                                      !- Minute 6
  0.308466871235368,                      !- Value Until Time 6
  9,                                      !- Hour 7
  0,                                      !- Minute 7
  0.270848960109103,                      !- Value Until Time 7
  10,                                     !- Hour 8
  0,                                      !- Minute 8
  0.225707466757586,                      !- Value Until Time 8
  11,                                     !- Hour 9
  0,                                      !- Minute 9
  0.180565973406069,                      !- Value Until Time 9
  12,                                     !- Hour 10
  0,                                      !- Minute 10
  0.120377315604046,                      !- Value Until Time 10
  13,                                     !- Hour 11
  0,                                      !- Minute 11
  0.0902829867030344,                     !- Value Until Time 11
  15,                                     !- Hour 12
  0,                                      !- Minute 12
  0.0827594044777816,                     !- Value Until Time 12
  16,                                     !- Hour 13
  0,                                      !- Minute 13
  0.0902829867030344,                     !- Value Until Time 13
  17,                                     !- Hour 14
  0,                                      !- Minute 14
  0.142948062279805,                      !- Value Until Time 14
  18,                                     !- Hour 15
  0,                                      !- Minute 15
  0.285896124559609,                      !- Value Until Time 15
  19,                                     !- Hour 16
  0,                                      !- Minute 16
  0.361131946812138,                      !- Value Until Time 16
  20,                                     !- Hour 17
  0,                                      !- Minute 17
  0.451414933515172,                      !- Value Until Time 17
  21,                                     !- Hour 18
  0,                                      !- Minute 18
  0.624457324695988,                      !- Value Until Time 18
  22,                                     !- Hour 19
  0,                                      !- Minute 19
  0.737311058074781,                      !- Value Until Time 19
  23,                                     !- Hour 20
  0,                                      !- Minute 20
  0.639504489146494,                      !- Value Until Time 20
  24,                                     !- Hour 21
  0,                                      !- Minute 21
  0.443891351289919;                      !- Value Until Time 21

OS:Schedule:Rule,
  {b79471ff-aaf4-46a2-ba2c-7d555732513e}, !- Handle
  exterior lighting schedule weekday ruleset4, !- Name
  {27bdf299-e778-4852-9635-bc0b93c7a460}, !- Schedule Ruleset Name
  15,                                     !- Rule Order
  {1b73b2cf-0ce2-4641-b55b-d1093af51684}, !- Day Schedule Name
  ,                                       !- Apply Sunday
  Yes,                                    !- Apply Monday
  Yes,                                    !- Apply Tuesday
  Yes,                                    !- Apply Wednesday
  Yes,                                    !- Apply Thursday
  Yes,                                    !- Apply Friday
  ,                                       !- Apply Saturday
  DateRange,                              !- Date Specification Type
  4,                                      !- Start Month
  1,                                      !- Start Day
  4,                                      !- End Month
  30;                                     !- End Day

OS:Schedule:Day,
  {1b73b2cf-0ce2-4641-b55b-d1093af51684}, !- Handle
  exterior lighting schedule weekday4,    !- Name
  {7c878e8d-f40e-4d25-9c3b-441490f7374d}, !- Schedule Type Limits Name
  ,                                       !- Interpolate to Timestep
  5,                                      !- Hour 1
  0,                                      !- Minute 1
  0.344690684547486,                      !- Value Until Time 1
  6,                                      !- Hour 2
  0,                                      !- Minute 2
  0.277251202788196,                      !- Value Until Time 2
  7,                                      !- Hour 3
  0,                                      !- Minute 3
  0.262264651286131,                      !- Value Until Time 3
  8,                                      !- Hour 4
  0,                                      !- Minute 4
  0.254771375535099,                      !- Value Until Time 4
  9,                                      !- Hour 5
  0,                                      !- Minute 5
  0.247278099784066,                      !- Value Until Time 5
  10,                                     !- Hour 6
  0,                                      !- Minute 6
  0.209811721028905,                      !- Value Until Time 6
  11,                                     !- Hour 7
  0,                                      !- Minute 7
  0.164852066522711,                      !- Value Until Time 7
  12,                                     !- Hour 8
  0,                                      !- Minute 8
  0.112399136265485,                      !- Value Until Time 8
  13,                                     !- Hour 9
  0,                                      !- Minute 9
  0.0899193090123878,                     !- Value Until Time 9
  15,                                     !- Hour 10
  0,                                      !- Minute 10
  0.0824260332613555,                     !- Value Until Time 10
  16,                                     !- Hour 11
  0,                                      !- Minute 11
  0.0899193090123878,                     !- Value Until Time 11
  17,                                     !- Hour 12
  0,                                      !- Minute 12
  0.142372239269614,                      !- Value Until Time 12
  18,                                     !- Hour 13
  0,                                      !- Minute 13
  0.277251202788196,                      !- Value Until Time 13
  19,                                     !- Hour 14
  0,                                      !- Minute 14
  0.367170511800583,                      !- Value Until Time 14
  20,                                     !- Hour 15
  0,                                      !- Minute 15
  0.4870629238171,                        !- Value Until Time 15
  21,                                     !- Hour 16
  0,                                      !- Minute 16
  0.681888093343941,                      !- Value Until Time 16
  22,                                     !- Hour 17
  0,                                      !- Minute 17
  0.786793953858393,                      !- Value Until Time 17
  23,                                     !- Hour 18
  0,                                      !- Minute 18
  0.681888093343941,                      !- Value Until Time 18
  24,                                     !- Hour 19
  0,                                      !- Minute 19
  0.472076372315036;                      !- Value Until Time 19

OS:Schedule:Rule,
  {9d5bd763-5b11-4e5b-b519-858f4a05ab72}, !- Handle
  exterior lighting schedule weekend ruleset4, !- Name
  {27bdf299-e778-4852-9635-bc0b93c7a460}, !- Schedule Ruleset Name
  14,                                     !- Rule Order
  {d5864e5c-0421-4428-85a0-e08909e12508}, !- Day Schedule Name
  Yes,                                    !- Apply Sunday
  ,                                       !- Apply Monday
  ,                                       !- Apply Tuesday
  ,                                       !- Apply Wednesday
  ,                                       !- Apply Thursday
  ,                                       !- Apply Friday
  Yes,                                    !- Apply Saturday
  DateRange,                              !- Date Specification Type
  4,                                      !- Start Month
  1,                                      !- Start Day
  4,                                      !- End Month
  30;                                     !- End Day

OS:Schedule:Day,
  {d5864e5c-0421-4428-85a0-e08909e12508}, !- Handle
  exterior lighting schedule weekend4,    !- Name
  {7c878e8d-f40e-4d25-9c3b-441490f7374d}, !- Schedule Type Limits Name
  ,                                       !- Interpolate to Timestep
  2,                                      !- Hour 1
  0,                                      !- Minute 1
  0.344690684547486,                      !- Value Until Time 1
  4,                                      !- Hour 2
  0,                                      !- Minute 2
  0.337197408796454,                      !- Value Until Time 2
  5,                                      !- Hour 3
  0,                                      !- Minute 3
  0.344690684547486,                      !- Value Until Time 3
  6,                                      !- Hour 4
  0,                                      !- Minute 4
  0.337197408796454,                      !- Value Until Time 4
  7,                                      !- Hour 5
  0,                                      !- Minute 5
  0.329704133045422,                      !- Value Until Time 5
  8,                                      !- Hour 6
  0,                                      !- Minute 6
  0.307224305792325,                      !- Value Until Time 6
  9,                                      !- Hour 7
  0,                                      !- Minute 7
  0.269757927037163,                      !- Value Until Time 7
  10,                                     !- Hour 8
  0,                                      !- Minute 8
  0.224798272530969,                      !- Value Until Time 8
  11,                                     !- Hour 9
  0,                                      !- Minute 9
  0.179838618024776,                      !- Value Until Time 9
  12,                                     !- Hour 10
  0,                                      !- Minute 10
  0.119892412016517,                      !- Value Until Time 10
  13,                                     !- Hour 11
  0,                                      !- Minute 11
  0.0899193090123878,                     !- Value Until Time 11
  15,                                     !- Hour 12
  0,                                      !- Minute 12
  0.0824260332613555,                     !- Value Until Time 12
  16,                                     !- Hour 13
  0,                                      !- Minute 13
  0.0899193090123878,                     !- Value Until Time 13
  17,                                     !- Hour 14
  0,                                      !- Minute 14
  0.142372239269614,                      !- Value Until Time 14
  18,                                     !- Hour 15
  0,                                      !- Minute 15
  0.284744478539228,                      !- Value Until Time 15
  19,                                     !- Hour 16
  0,                                      !- Minute 16
  0.359677236049551,                      !- Value Until Time 16
  20,                                     !- Hour 17
  0,                                      !- Minute 17
  0.449596545061939,                      !- Value Until Time 17
  21,                                     !- Hour 18
  0,                                      !- Minute 18
  0.621941887335682,                      !- Value Until Time 18
  22,                                     !- Hour 19
  0,                                      !- Minute 19
  0.734341023601167,                      !- Value Until Time 19
  23,                                     !- Hour 20
  0,                                      !- Minute 20
  0.636928438837747,                      !- Value Until Time 20
  24,                                     !- Hour 21
  0,                                      !- Minute 21
  0.442103269310907;                      !- Value Until Time 21

OS:Schedule:Rule,
  {c8dfd696-5a9f-4576-b445-3cbfbd1c3db6}, !- Handle
  exterior lighting schedule weekday ruleset5, !- Name
  {27bdf299-e778-4852-9635-bc0b93c7a460}, !- Schedule Ruleset Name
  13,                                     !- Rule Order
  {18111a94-1b35-4f1e-8537-f5880f76f61c}, !- Day Schedule Name
  ,                                       !- Apply Sunday
  Yes,                                    !- Apply Monday
  Yes,                                    !- Apply Tuesday
  Yes,                                    !- Apply Wednesday
  Yes,                                    !- Apply Thursday
  Yes,                                    !- Apply Friday
  ,                                       !- Apply Saturday
  DateRange,                              !- Date Specification Type
  5,                                      !- Start Month
  1,                                      !- Start Day
  5,                                      !- End Month
  31;                                     !- End Day

OS:Schedule:Day,
  {18111a94-1b35-4f1e-8537-f5880f76f61c}, !- Handle
  exterior lighting schedule weekday5,    !- Name
  {7c878e8d-f40e-4d25-9c3b-441490f7374d}, !- Schedule Type Limits Name
  ,                                       !- Interpolate to Timestep
  5,                                      !- Hour 1
  0,                                      !- Minute 1
  0.346084782361632,                      !- Value Until Time 1
  6,                                      !- Hour 2
  0,                                      !- Minute 2
  0.278372542334356,                      !- Value Until Time 2
  7,                                      !- Hour 3
  0,                                      !- Minute 3
  0.26332537788385,                       !- Value Until Time 3
  8,                                      !- Hour 4
  0,                                      !- Minute 4
  0.255801795658598,                      !- Value Until Time 4
  9,                                      !- Hour 5
  0,                                      !- Minute 5
  0.248278213433345,                      !- Value Until Time 5
  10,                                     !- Hour 6
  0,                                      !- Minute 6
  0.21066030230708,                       !- Value Until Time 6
  11,                                     !- Hour 7
  0,                                      !- Minute 7
  0.165518808955563,                      !- Value Until Time 7
  12,                                     !- Hour 8
  0,                                      !- Minute 8
  0.112853733378793,                      !- Value Until Time 8
  13,                                     !- Hour 9
  0,                                      !- Minute 9
  0.0902829867030344,                     !- Value Until Time 9
  15,                                     !- Hour 10
  0,                                      !- Minute 10
  0.0827594044777816,                     !- Value Until Time 10
  16,                                     !- Hour 11
  0,                                      !- Minute 11
  0.0902829867030344,                     !- Value Until Time 11
  17,                                     !- Hour 12
  0,                                      !- Minute 12
  0.142948062279805,                      !- Value Until Time 12
  18,                                     !- Hour 13
  0,                                      !- Minute 13
  0.278372542334356,                      !- Value Until Time 13
  19,                                     !- Hour 14
  0,                                      !- Minute 14
  0.368655529037391,                      !- Value Until Time 14
  20,                                     !- Hour 15
  0,                                      !- Minute 15
  0.489032844641437,                      !- Value Until Time 15
  21,                                     !- Hour 16
  0,                                      !- Minute 16
  0.684645982498011,                      !- Value Until Time 16
  22,                                     !- Hour 17
  0,                                      !- Minute 17
  0.789976133651551,                      !- Value Until Time 17
  23,                                     !- Hour 18
  0,                                      !- Minute 18
  0.684645982498011,                      !- Value Until Time 18
  24,                                     !- Hour 19
  0,                                      !- Minute 19
  0.473985680190931;                      !- Value Until Time 19

OS:Schedule:Rule,
  {8c33a385-0b95-4923-b8a4-00b8b9afa57d}, !- Handle
  exterior lighting schedule weekend ruleset5, !- Name
  {27bdf299-e778-4852-9635-bc0b93c7a460}, !- Schedule Ruleset Name
  12,                                     !- Rule Order
  {bb5f887f-2e69-4d92-907f-98890168c660}, !- Day Schedule Name
  Yes,                                    !- Apply Sunday
  ,                                       !- Apply Monday
  ,                                       !- Apply Tuesday
  ,                                       !- Apply Wednesday
  ,                                       !- Apply Thursday
  ,                                       !- Apply Friday
  Yes,                                    !- Apply Saturday
  DateRange,                              !- Date Specification Type
  5,                                      !- Start Month
  1,                                      !- Start Day
  5,                                      !- End Month
  31;                                     !- End Day

OS:Schedule:Day,
  {bb5f887f-2e69-4d92-907f-98890168c660}, !- Handle
  exterior lighting schedule weekend5,    !- Name
  {7c878e8d-f40e-4d25-9c3b-441490f7374d}, !- Schedule Type Limits Name
  ,                                       !- Interpolate to Timestep
  2,                                      !- Hour 1
  0,                                      !- Minute 1
  0.346084782361632,                      !- Value Until Time 1
  4,                                      !- Hour 2
  0,                                      !- Minute 2
  0.338561200136379,                      !- Value Until Time 2
  5,                                      !- Hour 3
  0,                                      !- Minute 3
  0.346084782361632,                      !- Value Until Time 3
  6,                                      !- Hour 4
  0,                                      !- Minute 4
  0.338561200136379,                      !- Value Until Time 4
  7,                                      !- Hour 5
  0,                                      !- Minute 5
  0.331037617911126,                      !- Value Until Time 5
  8,                                      !- Hour 6
  0,                                      !- Minute 6
  0.308466871235368,                      !- Value Until Time 6
  9,                                      !- Hour 7
  0,                                      !- Minute 7
  0.270848960109103,                      !- Value Until Time 7
  10,                                     !- Hour 8
  0,                                      !- Minute 8
  0.225707466757586,                      !- Value Until Time 8
  11,                                     !- Hour 9
  0,                                      !- Minute 9
  0.180565973406069,                      !- Value Until Time 9
  12,                                     !- Hour 10
  0,                                      !- Minute 10
  0.120377315604046,                      !- Value Until Time 10
  13,                                     !- Hour 11
  0,                                      !- Minute 11
  0.0902829867030344,                     !- Value Until Time 11
  15,                                     !- Hour 12
  0,                                      !- Minute 12
  0.0827594044777816,                     !- Value Until Time 12
  16,                                     !- Hour 13
  0,                                      !- Minute 13
  0.0902829867030344,                     !- Value Until Time 13
  17,                                     !- Hour 14
  0,                                      !- Minute 14
  0.142948062279805,                      !- Value Until Time 14
  18,                                     !- Hour 15
  0,                                      !- Minute 15
  0.285896124559609,                      !- Value Until Time 15
  19,                                     !- Hour 16
  0,                                      !- Minute 16
  0.361131946812138,                      !- Value Until Time 16
  20,                                     !- Hour 17
  0,                                      !- Minute 17
  0.451414933515172,                      !- Value Until Time 17
  21,                                     !- Hour 18
  0,                                      !- Minute 18
  0.624457324695988,                      !- Value Until Time 18
  22,                                     !- Hour 19
  0,                                      !- Minute 19
  0.737311058074781,                      !- Value Until Time 19
  23,                                     !- Hour 20
  0,                                      !- Minute 20
  0.639504489146494,                      !- Value Until Time 20
  24,                                     !- Hour 21
  0,                                      !- Minute 21
  0.443891351289919;                      !- Value Until Time 21

OS:Schedule:Rule,
  {46064adb-c915-447f-b624-2686cc23feac}, !- Handle
  exterior lighting schedule weekday ruleset6, !- Name
  {27bdf299-e778-4852-9635-bc0b93c7a460}, !- Schedule Ruleset Name
  11,                                     !- Rule Order
  {0dd2166d-f294-469b-8460-0bc5dda886bd}, !- Day Schedule Name
  ,                                       !- Apply Sunday
  Yes,                                    !- Apply Monday
  Yes,                                    !- Apply Tuesday
  Yes,                                    !- Apply Wednesday
  Yes,                                    !- Apply Thursday
  Yes,                                    !- Apply Friday
  ,                                       !- Apply Saturday
  DateRange,                              !- Date Specification Type
  6,                                      !- Start Month
  1,                                      !- Start Day
  6,                                      !- End Month
  30;                                     !- End Day

OS:Schedule:Day,
  {0dd2166d-f294-469b-8460-0bc5dda886bd}, !- Handle
  exterior lighting schedule weekday6,    !- Name
  {7c878e8d-f40e-4d25-9c3b-441490f7374d}, !- Schedule Type Limits Name
  ,                                       !- Interpolate to Timestep
  5,                                      !- Hour 1
  0,                                      !- Minute 1
  0.288229723074592,                      !- Value Until Time 1
  6,                                      !- Hour 2
  0,                                      !- Minute 2
  0.231836951168693,                      !- Value Until Time 2
  7,                                      !- Hour 3
  0,                                      !- Minute 3
  0.219305224078494,                      !- Value Until Time 3
  8,                                      !- Hour 4
  0,                                      !- Minute 4
  0.213039360533394,                      !- Value Until Time 4
  9,                                      !- Hour 5
  0,                                      !- Minute 5
  0.206773496988294,                      !- Value Until Time 5
  10,                                     !- Hour 6
  0,                                      !- Minute 6
  0.175444179262795,                      !- Value Until Time 6
  11,                                     !- Hour 7
  0,                                      !- Minute 7
  0.137848997992196,                      !- Value Until Time 7
  12,                                     !- Hour 8
  0,                                      !- Minute 8
  0.0939879531764973,                     !- Value Until Time 8
  13,                                     !- Hour 9
  0,                                      !- Minute 9
  0.0751903625411979,                     !- Value Until Time 9
  15,                                     !- Hour 10
  0,                                      !- Minute 10
  0.068924498996098,                      !- Value Until Time 10
  16,                                     !- Hour 11
  0,                                      !- Minute 11
  0.0751903625411979,                     !- Value Until Time 11
  17,                                     !- Hour 12
  0,                                      !- Minute 12
  0.119051407356897,                      !- Value Until Time 12
  18,                                     !- Hour 13
  0,                                      !- Minute 13
  0.231836951168693,                      !- Value Until Time 13
  19,                                     !- Hour 14
  0,                                      !- Minute 14
  0.307027313709891,                      !- Value Until Time 14
  20,                                     !- Hour 15
  0,                                      !- Minute 15
  0.407281130431488,                      !- Value Until Time 15
  21,                                     !- Hour 16
  0,                                      !- Minute 16
  0.570193582604084,                      !- Value Until Time 16
  22,                                     !- Hour 17
  0,                                      !- Minute 17
  0.657915672235481,                      !- Value Until Time 17
  23,                                     !- Hour 18
  0,                                      !- Minute 18
  0.570193582604084,                      !- Value Until Time 18
  24,                                     !- Hour 19
  0,                                      !- Minute 19
  0.394749403341289;                      !- Value Until Time 19

OS:Schedule:Rule,
  {a93f4cd9-a195-4004-bc31-94f556422c25}, !- Handle
  exterior lighting schedule weekend ruleset6, !- Name
  {27bdf299-e778-4852-9635-bc0b93c7a460}, !- Schedule Ruleset Name
  10,                                     !- Rule Order
  {025e23b5-d8ff-45ae-a78a-31021c2439a6}, !- Day Schedule Name
  Yes,                                    !- Apply Sunday
  ,                                       !- Apply Monday
  ,                                       !- Apply Tuesday
  ,                                       !- Apply Wednesday
  ,                                       !- Apply Thursday
  ,                                       !- Apply Friday
  Yes,                                    !- Apply Saturday
  DateRange,                              !- Date Specification Type
  6,                                      !- Start Month
  1,                                      !- Start Day
  6,                                      !- End Month
  30;                                     !- End Day

OS:Schedule:Day,
  {025e23b5-d8ff-45ae-a78a-31021c2439a6}, !- Handle
  exterior lighting schedule weekend6,    !- Name
  {7c878e8d-f40e-4d25-9c3b-441490f7374d}, !- Schedule Type Limits Name
  ,                                       !- Interpolate to Timestep
  2,                                      !- Hour 1
  0,                                      !- Minute 1
  0.288229723074592,                      !- Value Until Time 1
  4,                                      !- Hour 2
  0,                                      !- Minute 2
  0.281963859529492,                      !- Value Until Time 2
  5,                                      !- Hour 3
  0,                                      !- Minute 3
  0.288229723074592,                      !- Value Until Time 3
  6,                                      !- Hour 4
  0,                                      !- Minute 4
  0.281963859529492,                      !- Value Until Time 4
  7,                                      !- Hour 5
  0,                                      !- Minute 5
  0.275697995984392,                      !- Value Until Time 5
  8,                                      !- Hour 6
  0,                                      !- Minute 6
  0.256900405349093,                      !- Value Until Time 6
  9,                                      !- Hour 7
  0,                                      !- Minute 7
  0.225571087623594,                      !- Value Until Time 7
  10,                                     !- Hour 8
  0,                                      !- Minute 8
  0.187975906352995,                      !- Value Until Time 8
  11,                                     !- Hour 9
  0,                                      !- Minute 9
  0.150380725082396,                      !- Value Until Time 9
  12,                                     !- Hour 10
  0,                                      !- Minute 10
  0.100253816721597,                      !- Value Until Time 10
  13,                                     !- Hour 11
  0,                                      !- Minute 11
  0.0751903625411979,                     !- Value Until Time 11
  15,                                     !- Hour 12
  0,                                      !- Minute 12
  0.068924498996098,                      !- Value Until Time 12
  16,                                     !- Hour 13
  0,                                      !- Minute 13
  0.0751903625411979,                     !- Value Until Time 13
  17,                                     !- Hour 14
  0,                                      !- Minute 14
  0.119051407356897,                      !- Value Until Time 14
  18,                                     !- Hour 15
  0,                                      !- Minute 15
  0.238102814713793,                      !- Value Until Time 15
  19,                                     !- Hour 16
  0,                                      !- Minute 16
  0.300761450164791,                      !- Value Until Time 16
  20,                                     !- Hour 17
  0,                                      !- Minute 17
  0.375951812705989,                      !- Value Until Time 17
  21,                                     !- Hour 18
  0,                                      !- Minute 18
  0.520066674243285,                      !- Value Until Time 18
  22,                                     !- Hour 19
  0,                                      !- Minute 19
  0.614054627419783,                      !- Value Until Time 19
  23,                                     !- Hour 20
  0,                                      !- Minute 20
  0.532598401333485,                      !- Value Until Time 20
  24,                                     !- Hour 21
  0,                                      !- Minute 21
  0.369685949160889;                      !- Value Until Time 21

OS:Schedule:Rule,
  {e3d6032a-e7f2-43ee-9e71-cce2284f75b1}, !- Handle
  exterior lighting schedule weekday ruleset7, !- Name
  {27bdf299-e778-4852-9635-bc0b93c7a460}, !- Schedule Ruleset Name
  9,                                      !- Rule Order
  {980b9789-2880-438d-bd2a-ad8eab7af574}, !- Day Schedule Name
  ,                                       !- Apply Sunday
  Yes,                                    !- Apply Monday
  Yes,                                    !- Apply Tuesday
  Yes,                                    !- Apply Wednesday
  Yes,                                    !- Apply Thursday
  Yes,                                    !- Apply Friday
  ,                                       !- Apply Saturday
  DateRange,                              !- Date Specification Type
  7,                                      !- Start Month
  1,                                      !- Start Day
  8,                                      !- End Month
  31;                                     !- End Day

OS:Schedule:Day,
  {980b9789-2880-438d-bd2a-ad8eab7af574}, !- Handle
  exterior lighting schedule weekday7,    !- Name
  {7c878e8d-f40e-4d25-9c3b-441490f7374d}, !- Schedule Type Limits Name
  ,                                       !- Interpolate to Timestep
  5,                                      !- Hour 1
  0,                                      !- Minute 1
  0.286138576353373,                      !- Value Until Time 1
  6,                                      !- Hour 2
  0,                                      !- Minute 2
  0.230154941849453,                      !- Value Until Time 2
  7,                                      !- Hour 3
  0,                                      !- Minute 3
  0.217714134181915,                      !- Value Until Time 3
  8,                                      !- Hour 4
  0,                                      !- Minute 4
  0.211493730348146,                      !- Value Until Time 4
  9,                                      !- Hour 5
  0,                                      !- Minute 5
  0.205273326514377,                      !- Value Until Time 5
  10,                                     !- Hour 6
  0,                                      !- Minute 6
  0.174171307345532,                      !- Value Until Time 6
  11,                                     !- Hour 7
  0,                                      !- Minute 7
  0.136848884342918,                      !- Value Until Time 7
  12,                                     !- Hour 8
  0,                                      !- Minute 8
  0.0933060575065348,                     !- Value Until Time 8
  13,                                     !- Hour 9
  0,                                      !- Minute 9
  0.0746448460052279,                     !- Value Until Time 9
  15,                                     !- Hour 10
  0,                                      !- Minute 10
  0.0684244421714589,                     !- Value Until Time 10
  16,                                     !- Hour 11
  0,                                      !- Minute 11
  0.0746448460052279,                     !- Value Until Time 11
  17,                                     !- Hour 12
  0,                                      !- Minute 12
  0.118187672841611,                      !- Value Until Time 12
  18,                                     !- Hour 13
  0,                                      !- Minute 13
  0.230154941849453,                      !- Value Until Time 13
  19,                                     !- Hour 14
  0,                                      !- Minute 14
  0.30479978785468,                       !- Value Until Time 14
  20,                                     !- Hour 15
  0,                                      !- Minute 15
  0.404326249194984,                      !- Value Until Time 15
  21,                                     !- Hour 16
  0,                                      !- Minute 16
  0.566056748872978,                      !- Value Until Time 16
  22,                                     !- Hour 17
  0,                                      !- Minute 17
  0.653142402545744,                      !- Value Until Time 17
  23,                                     !- Hour 18
  0,                                      !- Minute 18
  0.566056748872978,                      !- Value Until Time 18
  24,                                     !- Hour 19
  0,                                      !- Minute 19
  0.391885441527446;                      !- Value Until Time 19

OS:Schedule:Rule,
  {32f52ce8-ab55-422f-a7a1-abab6fc699e9}, !- Handle
  exterior lighting schedule weekend ruleset7, !- Name
  {27bdf299-e778-4852-9635-bc0b93c7a460}, !- Schedule Ruleset Name
  8,                                      !- Rule Order
  {1c1881b2-a3e8-48d2-9340-69fefe6a9e96}, !- Day Schedule Name
  Yes,                                    !- Apply Sunday
  ,                                       !- Apply Monday
  ,                                       !- Apply Tuesday
  ,                                       !- Apply Wednesday
  ,                                       !- Apply Thursday
  ,                                       !- Apply Friday
  Yes,                                    !- Apply Saturday
  DateRange,                              !- Date Specification Type
  7,                                      !- Start Month
  1,                                      !- Start Day
  8,                                      !- End Month
  31;                                     !- End Day

OS:Schedule:Day,
  {1c1881b2-a3e8-48d2-9340-69fefe6a9e96}, !- Handle
  exterior lighting schedule weekend7,    !- Name
  {7c878e8d-f40e-4d25-9c3b-441490f7374d}, !- Schedule Type Limits Name
  ,                                       !- Interpolate to Timestep
  2,                                      !- Hour 1
  0,                                      !- Minute 1
  0.286138576353373,                      !- Value Until Time 1
  4,                                      !- Hour 2
  0,                                      !- Minute 2
  0.279918172519604,                      !- Value Until Time 2
  5,                                      !- Hour 3
  0,                                      !- Minute 3
  0.286138576353373,                      !- Value Until Time 3
  6,                                      !- Hour 4
  0,                                      !- Minute 4
  0.279918172519604,                      !- Value Until Time 4
  7,                                      !- Hour 5
  0,                                      !- Minute 5
  0.273697768685836,                      !- Value Until Time 5
  8,                                      !- Hour 6
  0,                                      !- Minute 6
  0.255036557184529,                      !- Value Until Time 6
  9,                                      !- Hour 7
  0,                                      !- Minute 7
  0.223934538015684,                      !- Value Until Time 7
  10,                                     !- Hour 8
  0,                                      !- Minute 8
  0.18661211501307,                       !- Value Until Time 8
  11,                                     !- Hour 9
  0,                                      !- Minute 9
  0.149289692010456,                      !- Value Until Time 9
  12,                                     !- Hour 10
  0,                                      !- Minute 10
  0.0995264613403038,                     !- Value Until Time 10
  13,                                     !- Hour 11
  0,                                      !- Minute 11
  0.0746448460052279,                     !- Value Until Time 11
  15,                                     !- Hour 12
  0,                                      !- Minute 12
  0.0684244421714589,                     !- Value Until Time 12
  16,                                     !- Hour 13
  0,                                      !- Minute 13
  0.0746448460052279,                     !- Value Until Time 13
  17,                                     !- Hour 14
  0,                                      !- Minute 14
  0.118187672841611,                      !- Value Until Time 14
  18,                                     !- Hour 15
  0,                                      !- Minute 15
  0.236375345683222,                      !- Value Until Time 15
  19,                                     !- Hour 16
  0,                                      !- Minute 16
  0.298579384020911,                      !- Value Until Time 16
  20,                                     !- Hour 17
  0,                                      !- Minute 17
  0.373224230026139,                      !- Value Until Time 17
  21,                                     !- Hour 18
  0,                                      !- Minute 18
  0.516293518202826,                      !- Value Until Time 18
  22,                                     !- Hour 19
  0,                                      !- Minute 19
  0.609599575709361,                      !- Value Until Time 19
  23,                                     !- Hour 20
  0,                                      !- Minute 20
  0.528734325870364,                      !- Value Until Time 20
  24,                                     !- Hour 21
  0,                                      !- Minute 21
  0.36700382619237;                       !- Value Until Time 21

OS:Schedule:Rule,
  {7284e56d-0dc0-4220-909e-4c20cce1e2f1}, !- Handle
  exterior lighting schedule weekday ruleset9, !- Name
  {27bdf299-e778-4852-9635-bc0b93c7a460}, !- Schedule Ruleset Name
  7,                                      !- Rule Order
  {3bea99bb-97b7-49a7-9f10-a802819e3d57}, !- Day Schedule Name
  ,                                       !- Apply Sunday
  Yes,                                    !- Apply Monday
  Yes,                                    !- Apply Tuesday
  Yes,                                    !- Apply Wednesday
  Yes,                                    !- Apply Thursday
  Yes,                                    !- Apply Friday
  ,                                       !- Apply Saturday
  DateRange,                              !- Date Specification Type
  9,                                      !- Start Month
  1,                                      !- Start Day
  9,                                      !- End Month
  30;                                     !- End Day

OS:Schedule:Day,
  {3bea99bb-97b7-49a7-9f10-a802819e3d57}, !- Handle
  exterior lighting schedule weekday9,    !- Name
  {7c878e8d-f40e-4d25-9c3b-441490f7374d}, !- Schedule Type Limits Name
  ,                                       !- Interpolate to Timestep
  5,                                      !- Hour 1
  0,                                      !- Minute 1
  0.288229723074592,                      !- Value Until Time 1
  6,                                      !- Hour 2
  0,                                      !- Minute 2
  0.231836951168693,                      !- Value Until Time 2
  7,                                      !- Hour 3
  0,                                      !- Minute 3
  0.219305224078494,                      !- Value Until Time 3
  8,                                      !- Hour 4
  0,                                      !- Minute 4
  0.213039360533394,                      !- Value Until Time 4
  9,                                      !- Hour 5
  0,                                      !- Minute 5
  0.206773496988294,                      !- Value Until Time 5
  10,                                     !- Hour 6
  0,                                      !- Minute 6
  0.175444179262795,                      !- Value Until Time 6
  11,                                     !- Hour 7
  0,                                      !- Minute 7
  0.137848997992196,                      !- Value Until Time 7
  12,                                     !- Hour 8
  0,                                      !- Minute 8
  0.0939879531764973,                     !- Value Until Time 8
  13,                                     !- Hour 9
  0,                                      !- Minute 9
  0.0751903625411979,                     !- Value Until Time 9
  15,                                     !- Hour 10
  0,                                      !- Minute 10
  0.068924498996098,                      !- Value Until Time 10
  16,                                     !- Hour 11
  0,                                      !- Minute 11
  0.0751903625411979,                     !- Value Until Time 11
  17,                                     !- Hour 12
  0,                                      !- Minute 12
  0.119051407356897,                      !- Value Until Time 12
  18,                                     !- Hour 13
  0,                                      !- Minute 13
  0.231836951168693,                      !- Value Until Time 13
  19,                                     !- Hour 14
  0,                                      !- Minute 14
  0.307027313709891,                      !- Value Until Time 14
  20,                                     !- Hour 15
  0,                                      !- Minute 15
  0.407281130431488,                      !- Value Until Time 15
  21,                                     !- Hour 16
  0,                                      !- Minute 16
  0.570193582604084,                      !- Value Until Time 16
  22,                                     !- Hour 17
  0,                                      !- Minute 17
  0.657915672235481,                      !- Value Until Time 17
  23,                                     !- Hour 18
  0,                                      !- Minute 18
  0.570193582604084,                      !- Value Until Time 18
  24,                                     !- Hour 19
  0,                                      !- Minute 19
  0.394749403341289;                      !- Value Until Time 19

OS:Schedule:Rule,
  {aaed79bd-123e-49c5-a919-e52e6fca6644}, !- Handle
  exterior lighting schedule weekend ruleset9, !- Name
  {27bdf299-e778-4852-9635-bc0b93c7a460}, !- Schedule Ruleset Name
  6,                                      !- Rule Order
  {445ba2ed-839e-4937-8d10-337f95192e1b}, !- Day Schedule Name
  Yes,                                    !- Apply Sunday
  ,                                       !- Apply Monday
  ,                                       !- Apply Tuesday
  ,                                       !- Apply Wednesday
  ,                                       !- Apply Thursday
  ,                                       !- Apply Friday
  Yes,                                    !- Apply Saturday
  DateRange,                              !- Date Specification Type
  9,                                      !- Start Month
  1,                                      !- Start Day
  9,                                      !- End Month
  30;                                     !- End Day

OS:Schedule:Day,
  {445ba2ed-839e-4937-8d10-337f95192e1b}, !- Handle
  exterior lighting schedule weekend9,    !- Name
  {7c878e8d-f40e-4d25-9c3b-441490f7374d}, !- Schedule Type Limits Name
  ,                                       !- Interpolate to Timestep
  2,                                      !- Hour 1
  0,                                      !- Minute 1
  0.288229723074592,                      !- Value Until Time 1
  4,                                      !- Hour 2
  0,                                      !- Minute 2
  0.281963859529492,                      !- Value Until Time 2
  5,                                      !- Hour 3
  0,                                      !- Minute 3
  0.288229723074592,                      !- Value Until Time 3
  6,                                      !- Hour 4
  0,                                      !- Minute 4
  0.281963859529492,                      !- Value Until Time 4
  7,                                      !- Hour 5
  0,                                      !- Minute 5
  0.275697995984392,                      !- Value Until Time 5
  8,                                      !- Hour 6
  0,                                      !- Minute 6
  0.256900405349093,                      !- Value Until Time 6
  9,                                      !- Hour 7
  0,                                      !- Minute 7
  0.225571087623594,                      !- Value Until Time 7
  10,                                     !- Hour 8
  0,                                      !- Minute 8
  0.187975906352995,                      !- Value Until Time 8
  11,                                     !- Hour 9
  0,                                      !- Minute 9
  0.150380725082396,                      !- Value Until Time 9
  12,                                     !- Hour 10
  0,                                      !- Minute 10
  0.100253816721597,                      !- Value Until Time 10
  13,                                     !- Hour 11
  0,                                      !- Minute 11
  0.0751903625411979,                     !- Value Until Time 11
  15,                                     !- Hour 12
  0,                                      !- Minute 12
  0.068924498996098,                      !- Value Until Time 12
  16,                                     !- Hour 13
  0,                                      !- Minute 13
  0.0751903625411979,                     !- Value Until Time 13
  17,                                     !- Hour 14
  0,                                      !- Minute 14
  0.119051407356897,                      !- Value Until Time 14
  18,                                     !- Hour 15
  0,                                      !- Minute 15
  0.238102814713793,                      !- Value Until Time 15
  19,                                     !- Hour 16
  0,                                      !- Minute 16
  0.300761450164791,                      !- Value Until Time 16
  20,                                     !- Hour 17
  0,                                      !- Minute 17
  0.375951812705989,                      !- Value Until Time 17
  21,                                     !- Hour 18
  0,                                      !- Minute 18
  0.520066674243285,                      !- Value Until Time 18
  22,                                     !- Hour 19
  0,                                      !- Minute 19
  0.614054627419783,                      !- Value Until Time 19
  23,                                     !- Hour 20
  0,                                      !- Minute 20
  0.532598401333485,                      !- Value Until Time 20
  24,                                     !- Hour 21
  0,                                      !- Minute 21
  0.369685949160889;                      !- Value Until Time 21

OS:Schedule:Rule,
  {26fc679a-9aac-447d-8e08-0be6ca4bc3ad}, !- Handle
  exterior lighting schedule weekday ruleset10, !- Name
  {27bdf299-e778-4852-9635-bc0b93c7a460}, !- Schedule Ruleset Name
  5,                                      !- Rule Order
  {9348f90b-abbd-4851-b2ab-adcb804a8cdc}, !- Day Schedule Name
  ,                                       !- Apply Sunday
  Yes,                                    !- Apply Monday
  Yes,                                    !- Apply Tuesday
  Yes,                                    !- Apply Wednesday
  Yes,                                    !- Apply Thursday
  Yes,                                    !- Apply Friday
  ,                                       !- Apply Saturday
  DateRange,                              !- Date Specification Type
  10,                                     !- Start Month
  1,                                      !- Start Day
  10,                                     !- End Month
  31;                                     !- End Day

OS:Schedule:Day,
  {9348f90b-abbd-4851-b2ab-adcb804a8cdc}, !- Handle
  exterior lighting schedule weekday10,   !- Name
  {7c878e8d-f40e-4d25-9c3b-441490f7374d}, !- Schedule Type Limits Name
  ,                                       !- Interpolate to Timestep
  5,                                      !- Hour 1
  0,                                      !- Minute 1
  0.345039209001023,                      !- Value Until Time 1
  6,                                      !- Hour 2
  0,                                      !- Minute 2
  0.277531537674736,                      !- Value Until Time 2
  7,                                      !- Hour 3
  0,                                      !- Minute 3
  0.262529832935561,                      !- Value Until Time 3
  8,                                      !- Hour 4
  0,                                      !- Minute 4
  0.255028980565973,                      !- Value Until Time 4
  9,                                      !- Hour 5
  0,                                      !- Minute 5
  0.247528128196386,                      !- Value Until Time 5
  10,                                     !- Hour 6
  0,                                      !- Minute 6
  0.210023866348449,                      !- Value Until Time 6
  11,                                     !- Hour 7
  0,                                      !- Minute 7
  0.165018752130924,                      !- Value Until Time 7
  12,                                     !- Hour 8
  0,                                      !- Minute 8
  0.112512785543812,                      !- Value Until Time 8
  13,                                     !- Hour 9
  0,                                      !- Minute 9
  0.0900102284350494,                     !- Value Until Time 9
  15,                                     !- Hour 10
  0,                                      !- Minute 10
  0.082509376065462,                      !- Value Until Time 10
  16,                                     !- Hour 11
  0,                                      !- Minute 11
  0.0900102284350494,                     !- Value Until Time 11
  17,                                     !- Hour 12
  0,                                      !- Minute 12
  0.142516195022162,                      !- Value Until Time 12
  18,                                     !- Hour 13
  0,                                      !- Minute 13
  0.277531537674736,                      !- Value Until Time 13
  19,                                     !- Hour 14
  0,                                      !- Minute 14
  0.367541766109785,                      !- Value Until Time 14
  20,                                     !- Hour 15
  0,                                      !- Minute 15
  0.487555404023184,                      !- Value Until Time 15
  21,                                     !- Hour 16
  0,                                      !- Minute 16
  0.682577565632458,                      !- Value Until Time 16
  22,                                     !- Hour 17
  0,                                      !- Minute 17
  0.787589498806682,                      !- Value Until Time 17
  23,                                     !- Hour 18
  0,                                      !- Minute 18
  0.682577565632458,                      !- Value Until Time 18
  24,                                     !- Hour 19
  0,                                      !- Minute 19
  0.47255369928401;                       !- Value Until Time 19

OS:Schedule:Rule,
  {852b3f9b-773e-4421-904d-831ad21c8cc4}, !- Handle
  exterior lighting schedule weekend ruleset10, !- Name
  {27bdf299-e778-4852-9635-bc0b93c7a460}, !- Schedule Ruleset Name
  4,                                      !- Rule Order
  {31e789f8-7522-43b5-a201-06c27dec7265}, !- Day Schedule Name
  Yes,                                    !- Apply Sunday
  ,                                       !- Apply Monday
  ,                                       !- Apply Tuesday
  ,                                       !- Apply Wednesday
  ,                                       !- Apply Thursday
  ,                                       !- Apply Friday
  Yes,                                    !- Apply Saturday
  DateRange,                              !- Date Specification Type
  10,                                     !- Start Month
  1,                                      !- Start Day
  10,                                     !- End Month
  31;                                     !- End Day

OS:Schedule:Day,
  {31e789f8-7522-43b5-a201-06c27dec7265}, !- Handle
  exterior lighting schedule weekend10,   !- Name
  {7c878e8d-f40e-4d25-9c3b-441490f7374d}, !- Schedule Type Limits Name
  ,                                       !- Interpolate to Timestep
  2,                                      !- Hour 1
  0,                                      !- Minute 1
  0.345039209001023,                      !- Value Until Time 1
  4,                                      !- Hour 2
  0,                                      !- Minute 2
  0.337538356631435,                      !- Value Until Time 2
  5,                                      !- Hour 3
  0,                                      !- Minute 3
  0.345039209001023,                      !- Value Until Time 3
  6,                                      !- Hour 4
  0,                                      !- Minute 4
  0.337538356631435,                      !- Value Until Time 4
  7,                                      !- Hour 5
  0,                                      !- Minute 5
  0.330037504261848,                      !- Value Until Time 5
  8,                                      !- Hour 6
  0,                                      !- Minute 6
  0.307534947153086,                      !- Value Until Time 6
  9,                                      !- Hour 7
  0,                                      !- Minute 7
  0.270030685305148,                      !- Value Until Time 7
  10,                                     !- Hour 8
  0,                                      !- Minute 8
  0.225025571087624,                      !- Value Until Time 8
  11,                                     !- Hour 9
  0,                                      !- Minute 9
  0.180020456870099,                      !- Value Until Time 9
  12,                                     !- Hour 10
  0,                                      !- Minute 10
  0.120013637913399,                      !- Value Until Time 10
  13,                                     !- Hour 11
  0,                                      !- Minute 11
  0.0900102284350494,                     !- Value Until Time 11
  15,                                     !- Hour 12
  0,                                      !- Minute 12
  0.082509376065462,                      !- Value Until Time 12
  16,                                     !- Hour 13
  0,                                      !- Minute 13
  0.0900102284350494,                     !- Value Until Time 13
  17,                                     !- Hour 14
  0,                                      !- Minute 14
  0.142516195022162,                      !- Value Until Time 14
  18,                                     !- Hour 15
  0,                                      !- Minute 15
  0.285032390044323,                      !- Value Until Time 15
  19,                                     !- Hour 16
  0,                                      !- Minute 16
  0.360040913740198,                      !- Value Until Time 16
  20,                                     !- Hour 17
  0,                                      !- Minute 17
  0.450051142175247,                      !- Value Until Time 17
  21,                                     !- Hour 18
  0,                                      !- Minute 18
  0.622570746675759,                      !- Value Until Time 18
  22,                                     !- Hour 19
  0,                                      !- Minute 19
  0.73508353221957,                       !- Value Until Time 19
  23,                                     !- Hour 20
  0,                                      !- Minute 20
  0.637572451414934,                      !- Value Until Time 20
  24,                                     !- Hour 21
  0,                                      !- Minute 21
  0.44255028980566;                       !- Value Until Time 21

OS:Schedule:Rule,
  {fcf71a16-22db-45ee-9a24-ed960a027e7b}, !- Handle
  exterior lighting schedule weekday ruleset11, !- Name
  {27bdf299-e778-4852-9635-bc0b93c7a460}, !- Schedule Ruleset Name
  3,                                      !- Rule Order
  {93d09e22-24fb-44e5-b405-7043caed052a}, !- Day Schedule Name
  ,                                       !- Apply Sunday
  Yes,                                    !- Apply Monday
  Yes,                                    !- Apply Tuesday
  Yes,                                    !- Apply Wednesday
  Yes,                                    !- Apply Thursday
  Yes,                                    !- Apply Friday
  ,                                       !- Apply Saturday
  DateRange,                              !- Date Specification Type
  11,                                     !- Start Month
  1,                                      !- Start Day
  11,                                     !- End Month
  30;                                     !- End Day

OS:Schedule:Day,
  {93d09e22-24fb-44e5-b405-7043caed052a}, !- Handle
  exterior lighting schedule weekday11,   !- Name
  {7c878e8d-f40e-4d25-9c3b-441490f7374d}, !- Schedule Type Limits Name
  ,                                       !- Interpolate to Timestep
  5,                                      !- Hour 1
  0,                                      !- Minute 1
  0.343993635640414,                      !- Value Until Time 1
  6,                                      !- Hour 2
  0,                                      !- Minute 2
  0.276690533015115,                      !- Value Until Time 2
  7,                                      !- Hour 3
  0,                                      !- Minute 3
  0.261734287987271,                      !- Value Until Time 3
  8,                                      !- Hour 4
  0,                                      !- Minute 4
  0.254256165473349,                      !- Value Until Time 4
  9,                                      !- Hour 5
  0,                                      !- Minute 5
  0.246778042959427,                      !- Value Until Time 5
  10,                                     !- Hour 6
  0,                                      !- Minute 6
  0.209387430389817,                      !- Value Until Time 6
  11,                                     !- Hour 7
  0,                                      !- Minute 7
  0.164518695306285,                      !- Value Until Time 7
  12,                                     !- Hour 8
  0,                                      !- Minute 8
  0.112171837708831,                      !- Value Until Time 8
  13,                                     !- Hour 9
  0,                                      !- Minute 9
  0.0897374701670644,                     !- Value Until Time 9
  15,                                     !- Hour 10
  0,                                      !- Minute 10
  0.0822593476531424,                     !- Value Until Time 10
  16,                                     !- Hour 11
  0,                                      !- Minute 11
  0.0897374701670644,                     !- Value Until Time 11
  17,                                     !- Hour 12
  0,                                      !- Minute 12
  0.142084327764519,                      !- Value Until Time 12
  18,                                     !- Hour 13
  0,                                      !- Minute 13
  0.276690533015115,                      !- Value Until Time 13
  19,                                     !- Hour 14
  0,                                      !- Minute 14
  0.36642800318218,                       !- Value Until Time 14
  20,                                     !- Hour 15
  0,                                      !- Minute 15
  0.486077963404932,                      !- Value Until Time 15
  21,                                     !- Hour 16
  0,                                      !- Minute 16
  0.680509148766905,                      !- Value Until Time 16
  22,                                     !- Hour 17
  0,                                      !- Minute 17
  0.785202863961814,                      !- Value Until Time 17
  23,                                     !- Hour 18
  0,                                      !- Minute 18
  0.680509148766905,                      !- Value Until Time 18
  24,                                     !- Hour 19
  0,                                      !- Minute 19
  0.471121718377088;                      !- Value Until Time 19

OS:Schedule:Rule,
  {eed53bae-657c-44e9-824d-d97a4ab8439a}, !- Handle
  exterior lighting schedule weekend ruleset11, !- Name
  {27bdf299-e778-4852-9635-bc0b93c7a460}, !- Schedule Ruleset Name
  2,                                      !- Rule Order
  {abba8bf6-ec01-47e1-938e-613257db0496}, !- Day Schedule Name
  Yes,                                    !- Apply Sunday
  ,                                       !- Apply Monday
  ,                                       !- Apply Tuesday
  ,                                       !- Apply Wednesday
  ,                                       !- Apply Thursday
  ,                                       !- Apply Friday
  Yes,                                    !- Apply Saturday
  DateRange,                              !- Date Specification Type
  11,                                     !- Start Month
  1,                                      !- Start Day
  11,                                     !- End Month
  30;                                     !- End Day

OS:Schedule:Day,
  {abba8bf6-ec01-47e1-938e-613257db0496}, !- Handle
  exterior lighting schedule weekend11,   !- Name
  {7c878e8d-f40e-4d25-9c3b-441490f7374d}, !- Schedule Type Limits Name
  ,                                       !- Interpolate to Timestep
  2,                                      !- Hour 1
  0,                                      !- Minute 1
  0.343993635640414,                      !- Value Until Time 1
  4,                                      !- Hour 2
  0,                                      !- Minute 2
  0.336515513126492,                      !- Value Until Time 2
  5,                                      !- Hour 3
  0,                                      !- Minute 3
  0.343993635640414,                      !- Value Until Time 3
  6,                                      !- Hour 4
  0,                                      !- Minute 4
  0.336515513126492,                      !- Value Until Time 4
  7,                                      !- Hour 5
  0,                                      !- Minute 5
  0.32903739061257,                       !- Value Until Time 5
  8,                                      !- Hour 6
  0,                                      !- Minute 6
  0.306603023070804,                      !- Value Until Time 6
  9,                                      !- Hour 7
  0,                                      !- Minute 7
  0.269212410501193,                      !- Value Until Time 7
  10,                                     !- Hour 8
  0,                                      !- Minute 8
  0.224343675417661,                      !- Value Until Time 8
  11,                                     !- Hour 9
  0,                                      !- Minute 9
  0.179474940334129,                      !- Value Until Time 9
  12,                                     !- Hour 10
  0,                                      !- Minute 10
  0.119649960222753,                      !- Value Until Time 10
  13,                                     !- Hour 11
  0,                                      !- Minute 11
  0.0897374701670644,                     !- Value Until Time 11
  15,                                     !- Hour 12
  0,                                      !- Minute 12
  0.0822593476531424,                     !- Value Until Time 12
  16,                                     !- Hour 13
  0,                                      !- Minute 13
  0.0897374701670644,                     !- Value Until Time 13
  17,                                     !- Hour 14
  0,                                      !- Minute 14
  0.142084327764519,                      !- Value Until Time 14
  18,                                     !- Hour 15
  0,                                      !- Minute 15
  0.284168655529037,                      !- Value Until Time 15
  19,                                     !- Hour 16
  0,                                      !- Minute 16
  0.358949880668258,                      !- Value Until Time 16
  20,                                     !- Hour 17
  0,                                      !- Minute 17
  0.448687350835322,                      !- Value Until Time 17
  21,                                     !- Hour 18
  0,                                      !- Minute 18
  0.620684168655529,                      !- Value Until Time 18
  22,                                     !- Hour 19
  0,                                      !- Minute 19
  0.73285600636436,                       !- Value Until Time 19
  23,                                     !- Hour 20
  0,                                      !- Minute 20
  0.635640413683373,                      !- Value Until Time 20
  24,                                     !- Hour 21
  0,                                      !- Minute 21
  0.4412092283214;                        !- Value Until Time 21

OS:Schedule:Rule,
  {7f2e082f-9bf9-443e-ad39-72b354b1d717}, !- Handle
  exterior lighting schedule weekday ruleset12, !- Name
  {27bdf299-e778-4852-9635-bc0b93c7a460}, !- Schedule Ruleset Name
  1,                                      !- Rule Order
  {99999b2b-c306-4bb9-8af5-88bff9bab299}, !- Day Schedule Name
  ,                                       !- Apply Sunday
  Yes,                                    !- Apply Monday
  Yes,                                    !- Apply Tuesday
  Yes,                                    !- Apply Wednesday
  Yes,                                    !- Apply Thursday
  Yes,                                    !- Apply Friday
  ,                                       !- Apply Saturday
  DateRange,                              !- Date Specification Type
  12,                                     !- Start Month
  1,                                      !- Start Day
  12,                                     !- End Month
  31;                                     !- End Day

OS:Schedule:Day,
  {99999b2b-c306-4bb9-8af5-88bff9bab299}, !- Handle
  exterior lighting schedule weekday12,   !- Name
  {7c878e8d-f40e-4d25-9c3b-441490f7374d}, !- Schedule Type Limits Name
  ,                                       !- Interpolate to Timestep
  5,                                      !- Hour 1
  0,                                      !- Minute 1
  0.434958518013411,                      !- Value Until Time 1
  6,                                      !- Hour 2
  0,                                      !- Minute 2
  0.349857938402091,                      !- Value Until Time 2
  7,                                      !- Hour 3
  0,                                      !- Minute 3
  0.330946698488465,                      !- Value Until Time 3
  8,                                      !- Hour 4
  0,                                      !- Minute 4
  0.321491078531651,                      !- Value Until Time 4
  9,                                      !- Hour 5
  0,                                      !- Minute 5
  0.312035458574838,                      !- Value Until Time 5
  10,                                     !- Hour 6
  0,                                      !- Minute 6
  0.264757358790772,                      !- Value Until Time 6
  11,                                     !- Hour 7
  0,                                      !- Minute 7
  0.208023639049892,                      !- Value Until Time 7
  12,                                     !- Hour 8
  0,                                      !- Minute 8
  0.141834299352199,                      !- Value Until Time 8
  13,                                     !- Hour 9
  0,                                      !- Minute 9
  0.113467439481759,                      !- Value Until Time 9
  15,                                     !- Hour 10
  0,                                      !- Minute 10
  0.104011819524946,                      !- Value Until Time 10
  16,                                     !- Hour 11
  0,                                      !- Minute 11
  0.113467439481759,                      !- Value Until Time 11
  17,                                     !- Hour 12
  0,                                      !- Minute 12
  0.179656779179452,                      !- Value Until Time 12
  18,                                     !- Hour 13
  0,                                      !- Minute 13
  0.349857938402091,                      !- Value Until Time 13
  19,                                     !- Hour 14
  0,                                      !- Minute 14
  0.463325377883851,                      !- Value Until Time 14
  20,                                     !- Hour 15
  0,                                      !- Minute 15
  0.614615297192863,                      !- Value Until Time 15
  21,                                     !- Hour 16
  0,                                      !- Minute 16
  0.860461416070008,                      !- Value Until Time 16
  22,                                     !- Hour 17
  0,                                      !- Minute 17
  0.992840095465394,                      !- Value Until Time 17
  23,                                     !- Hour 18
  0,                                      !- Minute 18
  0.860461416070008,                      !- Value Until Time 18
  24,                                     !- Hour 19
  0,                                      !- Minute 19
  0.595704057279236;                      !- Value Until Time 19

OS:Schedule:Rule,
  {ec8bb3b2-2f98-4190-bbca-731978f7430c}, !- Handle
  exterior lighting schedule weekend ruleset12, !- Name
  {27bdf299-e778-4852-9635-bc0b93c7a460}, !- Schedule Ruleset Name
  0,                                      !- Rule Order
  {51731cfe-a06a-47b2-97a6-164beea367ca}, !- Day Schedule Name
  Yes,                                    !- Apply Sunday
  ,                                       !- Apply Monday
  ,                                       !- Apply Tuesday
  ,                                       !- Apply Wednesday
  ,                                       !- Apply Thursday
  ,                                       !- Apply Friday
  Yes,                                    !- Apply Saturday
  DateRange,                              !- Date Specification Type
  12,                                     !- Start Month
  1,                                      !- Start Day
  12,                                     !- End Month
  31;                                     !- End Day

OS:Schedule:Day,
  {51731cfe-a06a-47b2-97a6-164beea367ca}, !- Handle
  exterior lighting schedule weekend12,   !- Name
  {7c878e8d-f40e-4d25-9c3b-441490f7374d}, !- Schedule Type Limits Name
  ,                                       !- Interpolate to Timestep
  2,                                      !- Hour 1
  0,                                      !- Minute 1
  0.434958518013411,                      !- Value Until Time 1
  4,                                      !- Hour 2
  0,                                      !- Minute 2
  0.425502898056597,                      !- Value Until Time 2
  5,                                      !- Hour 3
  0,                                      !- Minute 3
  0.434958518013411,                      !- Value Until Time 3
  6,                                      !- Hour 4
  0,                                      !- Minute 4
  0.425502898056597,                      !- Value Until Time 4
  7,                                      !- Hour 5
  0,                                      !- Minute 5
  0.416047278099784,                      !- Value Until Time 5
  8,                                      !- Hour 6
  0,                                      !- Minute 6
  0.387680418229344,                      !- Value Until Time 6
  9,                                      !- Hour 7
  0,                                      !- Minute 7
  0.340402318445278,                      !- Value Until Time 7
  10,                                     !- Hour 8
  0,                                      !- Minute 8
  0.283668598704398,                      !- Value Until Time 8
  11,                                     !- Hour 9
  0,                                      !- Minute 9
  0.226934878963519,                      !- Value Until Time 9
  12,                                     !- Hour 10
  0,                                      !- Minute 10
  0.151289919309012,                      !- Value Until Time 10
  13,                                     !- Hour 11
  0,                                      !- Minute 11
  0.113467439481759,                      !- Value Until Time 11
  15,                                     !- Hour 12
  0,                                      !- Minute 12
  0.104011819524946,                      !- Value Until Time 12
  16,                                     !- Hour 13
  0,                                      !- Minute 13
  0.113467439481759,                      !- Value Until Time 13
  17,                                     !- Hour 14
  0,                                      !- Minute 14
  0.179656779179452,                      !- Value Until Time 14
  18,                                     !- Hour 15
  0,                                      !- Minute 15
  0.359313558358904,                      !- Value Until Time 15
  19,                                     !- Hour 16
  0,                                      !- Minute 16
  0.453869757927037,                      !- Value Until Time 16
  20,                                     !- Hour 17
  0,                                      !- Minute 17
  0.567337197408797,                      !- Value Until Time 17
  21,                                     !- Hour 18
  0,                                      !- Minute 18
  0.784816456415502,                      !- Value Until Time 18
  22,                                     !- Hour 19
  0,                                      !- Minute 19
  0.926650755767701,                      !- Value Until Time 19
  23,                                     !- Hour 20
  0,                                      !- Minute 20
  0.803727696329128,                      !- Value Until Time 20
  24,                                     !- Hour 21
  0,                                      !- Minute 21
  0.557881577451983;                      !- Value Until Time 21

OS:Exterior:Lights:Definition,
  {4e9f7663-3b8d-4b52-a36d-d1e83bcd9486}, !- Handle
  exterior lighting,                      !- Name
  66.8547753440638;                       !- Design Level {W}

OS:Exterior:Lights,
  {85613cfc-216b-4ac0-a3fc-b9a17e5e4cc2}, !- Handle
  exterior lighting,                      !- Name
  {4e9f7663-3b8d-4b52-a36d-d1e83bcd9486}, !- Exterior Lights Definition Name
  {27bdf299-e778-4852-9635-bc0b93c7a460}, !- Schedule Name
  ,                                       !- Control Option
  ,                                       !- Multiplier
  exterior lighting;                      !- End-Use Subcategory

OS:Schedule:Ruleset,
  {5e31571a-4891-4263-97fd-2b30a9063d97}, !- Handle
  misc pool heater schedule,              !- Name
  {7c878e8d-f40e-4d25-9c3b-441490f7374d}, !- Schedule Type Limits Name
  {565593df-7f24-41f3-93ec-a5287c017c16}; !- Default Day Schedule Name

OS:Schedule:Day,
  {565593df-7f24-41f3-93ec-a5287c017c16}, !- Handle
  misc pool heater schedule default day,  !- Name
  {7c878e8d-f40e-4d25-9c3b-441490f7374d}, !- Schedule Type Limits Name
  ,                                       !- Interpolate to Timestep
  24,                                     !- Hour 1
  0,                                      !- Minute 1
  0;                                      !- Value Until Time 1

OS:Schedule:Rule,
  {6aa5ed5f-8ea5-4cfd-bc98-11ca2ea56c69}, !- Handle
  misc pool heater schedule allday ruleset1, !- Name
  {5e31571a-4891-4263-97fd-2b30a9063d97}, !- Schedule Ruleset Name
  10,                                     !- Rule Order
  {4fec905f-930f-493f-b25d-a77af2f6dab7}, !- Day Schedule Name
  Yes,                                    !- Apply Sunday
  Yes,                                    !- Apply Monday
  Yes,                                    !- Apply Tuesday
  Yes,                                    !- Apply Wednesday
  Yes,                                    !- Apply Thursday
  Yes,                                    !- Apply Friday
  Yes,                                    !- Apply Saturday
  DateRange,                              !- Date Specification Type
  1,                                      !- Start Month
  1,                                      !- Start Day
  1,                                      !- End Month
  31;                                     !- End Day

OS:Schedule:Day,
  {4fec905f-930f-493f-b25d-a77af2f6dab7}, !- Handle
  misc pool heater schedule allday1,      !- Name
  {7c878e8d-f40e-4d25-9c3b-441490f7374d}, !- Schedule Type Limits Name
  ,                                       !- Interpolate to Timestep
  3,                                      !- Hour 1
  0,                                      !- Minute 1
  0.0234796231866366,                     !- Value Until Time 1
  4,                                      !- Hour 2
  0,                                      !- Minute 2
  0.0313061642488487,                     !- Value Until Time 2
  5,                                      !- Hour 3
  0,                                      !- Minute 3
  0.0626123284976975,                     !- Value Until Time 3
  6,                                      !- Hour 4
  0,                                      !- Minute 4
  0.117398115933183,                      !- Value Until Time 4
  7,                                      !- Hour 5
  0,                                      !- Minute 5
  0.203490067617517,                      !- Value Until Time 5
  8,                                      !- Hour 6
  0,                                      !- Minute 6
  0.344367806737336,                      !- Value Until Time 6
  9,                                      !- Hour 7
  0,                                      !- Minute 7
  0.657429449225824,                      !- Value Until Time 7
  10,                                     !- Hour 8
  0,                                      !- Minute 8
  0.947011468527674,                      !- Value Until Time 8
  11,                                     !- Hour 9
  0,                                      !- Minute 9
  0.993970714900947,                      !- Value Until Time 9
  12,                                     !- Hour 10
  0,                                      !- Minute 10
  0.947011468527674,                      !- Value Until Time 10
  13,                                     !- Hour 11
  0,                                      !- Minute 11
  0.939184927465462,                      !- Value Until Time 11
  14,                                     !- Hour 12
  0,                                      !- Minute 12
  0.704388695599097,                      !- Value Until Time 12
  15,                                     !- Hour 13
  0,                                      !- Minute 13
  0.586990579665914,                      !- Value Until Time 13
  16,                                     !- Hour 14
  0,                                      !- Minute 14
  0.477419004794943,                      !- Value Until Time 14
  17,                                     !- Hour 15
  0,                                      !- Minute 15
  0.289582019301851,                      !- Value Until Time 15
  18,                                     !- Hour 16
  0,                                      !- Minute 16
  0.18001044443088,                       !- Value Until Time 16
  19,                                     !- Hour 17
  0,                                      !- Minute 17
  0.101745033808758,                      !- Value Until Time 17
  20,                                     !- Hour 18
  0,                                      !- Minute 18
  0.0626123284976975,                     !- Value Until Time 18
  21,                                     !- Hour 19
  0,                                      !- Minute 19
  0.0313061642488487,                     !- Value Until Time 19
  24,                                     !- Hour 20
  0,                                      !- Minute 20
  0.0234796231866366;                     !- Value Until Time 20

OS:Schedule:Rule,
  {c0046d62-5651-411b-8e0e-4bcfe6cc1e7c}, !- Handle
  misc pool heater schedule allday ruleset2, !- Name
  {5e31571a-4891-4263-97fd-2b30a9063d97}, !- Schedule Ruleset Name
  9,                                      !- Rule Order
  {f86c4c9a-1feb-4945-a778-842388b1d90e}, !- Day Schedule Name
  Yes,                                    !- Apply Sunday
  Yes,                                    !- Apply Monday
  Yes,                                    !- Apply Tuesday
  Yes,                                    !- Apply Wednesday
  Yes,                                    !- Apply Thursday
  Yes,                                    !- Apply Friday
  Yes,                                    !- Apply Saturday
  DateRange,                              !- Date Specification Type
  2,                                      !- Start Month
  1,                                      !- Start Day
  2,                                      !- End Month
  28;                                     !- End Day

OS:Schedule:Day,
  {f86c4c9a-1feb-4945-a778-842388b1d90e}, !- Handle
  misc pool heater schedule allday2,      !- Name
  {7c878e8d-f40e-4d25-9c3b-441490f7374d}, !- Schedule Type Limits Name
  ,                                       !- Interpolate to Timestep
  3,                                      !- Hour 1
  0,                                      !- Minute 1
  0.0236220472440945,                     !- Value Until Time 1
  4,                                      !- Hour 2
  0,                                      !- Minute 2
  0.031496062992126,                      !- Value Until Time 2
  5,                                      !- Hour 3
  0,                                      !- Minute 3
  0.062992125984252,                      !- Value Until Time 3
  6,                                      !- Hour 4
  0,                                      !- Minute 4
  0.118110236220472,                      !- Value Until Time 4
  7,                                      !- Hour 5
  0,                                      !- Minute 5
  0.204724409448819,                      !- Value Until Time 5
  8,                                      !- Hour 6
  0,                                      !- Minute 6
  0.346456692913386,                      !- Value Until Time 6
  9,                                      !- Hour 7
  0,                                      !- Minute 7
  0.661417322834646,                      !- Value Until Time 7
  10,                                     !- Hour 8
  0,                                      !- Minute 8
  0.952755905511811,                      !- Value Until Time 8
  11,                                     !- Hour 9
  0,                                      !- Minute 9
  1,                                      !- Value Until Time 9
  12,                                     !- Hour 10
  0,                                      !- Minute 10
  0.952755905511811,                      !- Value Until Time 10
  13,                                     !- Hour 11
  0,                                      !- Minute 11
  0.94488188976378,                       !- Value Until Time 11
  14,                                     !- Hour 12
  0,                                      !- Minute 12
  0.708661417322835,                      !- Value Until Time 12
  15,                                     !- Hour 13
  0,                                      !- Minute 13
  0.590551181102362,                      !- Value Until Time 13
  16,                                     !- Hour 14
  0,                                      !- Minute 14
  0.480314960629921,                      !- Value Until Time 14
  17,                                     !- Hour 15
  0,                                      !- Minute 15
  0.291338582677165,                      !- Value Until Time 15
  18,                                     !- Hour 16
  0,                                      !- Minute 16
  0.181102362204724,                      !- Value Until Time 16
  19,                                     !- Hour 17
  0,                                      !- Minute 17
  0.102362204724409,                      !- Value Until Time 17
  20,                                     !- Hour 18
  0,                                      !- Minute 18
  0.062992125984252,                      !- Value Until Time 18
  21,                                     !- Hour 19
  0,                                      !- Minute 19
  0.031496062992126,                      !- Value Until Time 19
  24,                                     !- Hour 20
  0,                                      !- Minute 20
  0.0236220472440945;                     !- Value Until Time 20

OS:Schedule:Rule,
  {8ceae2ad-eabd-43d6-aa72-d406aad53d0a}, !- Handle
  misc pool heater schedule allday ruleset3, !- Name
  {5e31571a-4891-4263-97fd-2b30a9063d97}, !- Schedule Ruleset Name
  8,                                      !- Rule Order
  {3e72ce0f-d772-4f0b-9504-94a1cf1cd0d8}, !- Day Schedule Name
  Yes,                                    !- Apply Sunday
  Yes,                                    !- Apply Monday
  Yes,                                    !- Apply Tuesday
  Yes,                                    !- Apply Wednesday
  Yes,                                    !- Apply Thursday
  Yes,                                    !- Apply Friday
  Yes,                                    !- Apply Saturday
  DateRange,                              !- Date Specification Type
  3,                                      !- Start Month
  1,                                      !- Start Day
  3,                                      !- End Month
  31;                                     !- End Day

OS:Schedule:Day,
  {3e72ce0f-d772-4f0b-9504-94a1cf1cd0d8}, !- Handle
  misc pool heater schedule allday3,      !- Name
  {7c878e8d-f40e-4d25-9c3b-441490f7374d}, !- Schedule Type Limits Name
  ,                                       !- Interpolate to Timestep
  3,                                      !- Hour 1
  0,                                      !- Minute 1
  0.0206107957435553,                     !- Value Until Time 1
  4,                                      !- Hour 2
  0,                                      !- Minute 2
  0.0274810609914071,                     !- Value Until Time 2
  5,                                      !- Hour 3
  0,                                      !- Minute 3
  0.0549621219828142,                     !- Value Until Time 3
  6,                                      !- Hour 4
  0,                                      !- Minute 4
  0.103053978717777,                      !- Value Until Time 4
  7,                                      !- Hour 5
  0,                                      !- Minute 5
  0.178626896444146,                      !- Value Until Time 5
  8,                                      !- Hour 6
  0,                                      !- Minute 6
  0.302291670905478,                      !- Value Until Time 6
  9,                                      !- Hour 7
  0,                                      !- Minute 7
  0.577102280819549,                      !- Value Until Time 7
  10,                                     !- Hour 8
  0,                                      !- Minute 8
  0.831302094990064,                      !- Value Until Time 8
  11,                                     !- Hour 9
  0,                                      !- Minute 9
  0.872523686477175,                      !- Value Until Time 9
  12,                                     !- Hour 10
  0,                                      !- Minute 10
  0.831302094990064,                      !- Value Until Time 10
  13,                                     !- Hour 11
  0,                                      !- Minute 11
  0.824431829742212,                      !- Value Until Time 11
  14,                                     !- Hour 12
  0,                                      !- Minute 12
  0.618323872306659,                      !- Value Until Time 12
  15,                                     !- Hour 13
  0,                                      !- Minute 13
  0.515269893588883,                      !- Value Until Time 13
  16,                                     !- Hour 14
  0,                                      !- Minute 14
  0.419086180118958,                      !- Value Until Time 14
  17,                                     !- Hour 15
  0,                                      !- Minute 15
  0.254199814170516,                      !- Value Until Time 15
  18,                                     !- Hour 16
  0,                                      !- Minute 16
  0.158016100700591,                      !- Value Until Time 16
  19,                                     !- Hour 17
  0,                                      !- Minute 17
  0.089313448222073,                      !- Value Until Time 17
  20,                                     !- Hour 18
  0,                                      !- Minute 18
  0.0549621219828142,                     !- Value Until Time 18
  21,                                     !- Hour 19
  0,                                      !- Minute 19
  0.0274810609914071,                     !- Value Until Time 19
  24,                                     !- Hour 20
  0,                                      !- Minute 20
  0.0206107957435553;                     !- Value Until Time 20

OS:Schedule:Rule,
  {132fe285-277d-46cf-910c-e83ad02d78ce}, !- Handle
  misc pool heater schedule allday ruleset4, !- Name
  {5e31571a-4891-4263-97fd-2b30a9063d97}, !- Schedule Ruleset Name
  7,                                      !- Rule Order
  {0867a170-f650-4639-a97b-3bad12a84d0f}, !- Day Schedule Name
  Yes,                                    !- Apply Sunday
  Yes,                                    !- Apply Monday
  Yes,                                    !- Apply Tuesday
  Yes,                                    !- Apply Wednesday
  Yes,                                    !- Apply Thursday
  Yes,                                    !- Apply Friday
  Yes,                                    !- Apply Saturday
  DateRange,                              !- Date Specification Type
  4,                                      !- Start Month
  1,                                      !- Start Day
  4,                                      !- End Month
  30;                                     !- End Day

OS:Schedule:Day,
  {0867a170-f650-4639-a97b-3bad12a84d0f}, !- Handle
  misc pool heater schedule allday4,      !- Name
  {7c878e8d-f40e-4d25-9c3b-441490f7374d}, !- Schedule Type Limits Name
  ,                                       !- Interpolate to Timestep
  3,                                      !- Hour 1
  0,                                      !- Minute 1
  0.0205497568617876,                     !- Value Until Time 1
  4,                                      !- Hour 2
  0,                                      !- Minute 2
  0.0273996758157168,                     !- Value Until Time 2
  5,                                      !- Hour 3
  0,                                      !- Minute 3
  0.0547993516314337,                     !- Value Until Time 3
  6,                                      !- Hour 4
  0,                                      !- Minute 4
  0.102748784308938,                      !- Value Until Time 4
  7,                                      !- Hour 5
  0,                                      !- Minute 5
  0.178097892802159,                      !- Value Until Time 5
  8,                                      !- Hour 6
  0,                                      !- Minute 6
  0.301396433972885,                      !- Value Until Time 6
  9,                                      !- Hour 7
  0,                                      !- Minute 7
  0.575393192130053,                      !- Value Until Time 7
  10,                                     !- Hour 8
  0,                                      !- Minute 8
  0.828840193425434,                      !- Value Until Time 8
  11,                                     !- Hour 9
  0,                                      !- Minute 9
  0.869939707149009,                      !- Value Until Time 9
  12,                                     !- Hour 10
  0,                                      !- Minute 10
  0.828840193425434,                      !- Value Until Time 10
  13,                                     !- Hour 11
  0,                                      !- Minute 11
  0.821990274471505,                      !- Value Until Time 11
  14,                                     !- Hour 12
  0,                                      !- Minute 12
  0.616492705853629,                      !- Value Until Time 12
  15,                                     !- Hour 13
  0,                                      !- Minute 13
  0.513743921544691,                      !- Value Until Time 13
  16,                                     !- Hour 14
  0,                                      !- Minute 14
  0.417845056189682,                      !- Value Until Time 14
  17,                                     !- Hour 15
  0,                                      !- Minute 15
  0.253447001295381,                      !- Value Until Time 15
  18,                                     !- Hour 16
  0,                                      !- Minute 16
  0.157548135940372,                      !- Value Until Time 16
  19,                                     !- Hour 17
  0,                                      !- Minute 17
  0.0890489464010797,                     !- Value Until Time 17
  20,                                     !- Hour 18
  0,                                      !- Minute 18
  0.0547993516314337,                     !- Value Until Time 18
  21,                                     !- Hour 19
  0,                                      !- Minute 19
  0.0273996758157168,                     !- Value Until Time 19
  24,                                     !- Hour 20
  0,                                      !- Minute 20
  0.0205497568617876;                     !- Value Until Time 20

OS:Schedule:Rule,
  {fc66a7a0-85f9-45ed-926c-0e58eb17315f}, !- Handle
  misc pool heater schedule allday ruleset5, !- Name
  {5e31571a-4891-4263-97fd-2b30a9063d97}, !- Schedule Ruleset Name
  6,                                      !- Rule Order
  {9083558d-6c61-4563-9fb6-d62374db2663}, !- Day Schedule Name
  Yes,                                    !- Apply Sunday
  Yes,                                    !- Apply Monday
  Yes,                                    !- Apply Tuesday
  Yes,                                    !- Apply Wednesday
  Yes,                                    !- Apply Thursday
  Yes,                                    !- Apply Friday
  Yes,                                    !- Apply Saturday
  DateRange,                              !- Date Specification Type
  5,                                      !- Start Month
  1,                                      !- Start Day
  5,                                      !- End Month
  31;                                     !- End Day

OS:Schedule:Day,
  {9083558d-6c61-4563-9fb6-d62374db2663}, !- Handle
  misc pool heater schedule allday5,      !- Name
  {7c878e8d-f40e-4d25-9c3b-441490f7374d}, !- Schedule Type Limits Name
  ,                                       !- Interpolate to Timestep
  3,                                      !- Hour 1
  0,                                      !- Minute 1
  0.0206107957435553,                     !- Value Until Time 1
  4,                                      !- Hour 2
  0,                                      !- Minute 2
  0.0274810609914071,                     !- Value Until Time 2
  5,                                      !- Hour 3
  0,                                      !- Minute 3
  0.0549621219828142,                     !- Value Until Time 3
  6,                                      !- Hour 4
  0,                                      !- Minute 4
  0.103053978717777,                      !- Value Until Time 4
  7,                                      !- Hour 5
  0,                                      !- Minute 5
  0.178626896444146,                      !- Value Until Time 5
  8,                                      !- Hour 6
  0,                                      !- Minute 6
  0.302291670905478,                      !- Value Until Time 6
  9,                                      !- Hour 7
  0,                                      !- Minute 7
  0.577102280819549,                      !- Value Until Time 7
  10,                                     !- Hour 8
  0,                                      !- Minute 8
  0.831302094990064,                      !- Value Until Time 8
  11,                                     !- Hour 9
  0,                                      !- Minute 9
  0.872523686477175,                      !- Value Until Time 9
  12,                                     !- Hour 10
  0,                                      !- Minute 10
  0.831302094990064,                      !- Value Until Time 10
  13,                                     !- Hour 11
  0,                                      !- Minute 11
  0.824431829742212,                      !- Value Until Time 11
  14,                                     !- Hour 12
  0,                                      !- Minute 12
  0.618323872306659,                      !- Value Until Time 12
  15,                                     !- Hour 13
  0,                                      !- Minute 13
  0.515269893588883,                      !- Value Until Time 13
  16,                                     !- Hour 14
  0,                                      !- Minute 14
  0.419086180118958,                      !- Value Until Time 14
  17,                                     !- Hour 15
  0,                                      !- Minute 15
  0.254199814170516,                      !- Value Until Time 15
  18,                                     !- Hour 16
  0,                                      !- Minute 16
  0.158016100700591,                      !- Value Until Time 16
  19,                                     !- Hour 17
  0,                                      !- Minute 17
  0.089313448222073,                      !- Value Until Time 17
  20,                                     !- Hour 18
  0,                                      !- Minute 18
  0.0549621219828142,                     !- Value Until Time 18
  21,                                     !- Hour 19
  0,                                      !- Minute 19
  0.0274810609914071,                     !- Value Until Time 19
  24,                                     !- Hour 20
  0,                                      !- Minute 20
  0.0206107957435553;                     !- Value Until Time 20

OS:Schedule:Rule,
  {c76f039e-909d-4437-9135-1e8f2702a10d}, !- Handle
  misc pool heater schedule allday ruleset6, !- Name
  {5e31571a-4891-4263-97fd-2b30a9063d97}, !- Schedule Ruleset Name
  5,                                      !- Rule Order
  {66d81063-317f-4071-98c2-43cd217382ed}, !- Day Schedule Name
  Yes,                                    !- Apply Sunday
  Yes,                                    !- Apply Monday
  Yes,                                    !- Apply Tuesday
  Yes,                                    !- Apply Wednesday
  Yes,                                    !- Apply Thursday
  Yes,                                    !- Apply Friday
  Yes,                                    !- Apply Saturday
  DateRange,                              !- Date Specification Type
  6,                                      !- Start Month
  1,                                      !- Start Day
  6,                                      !- End Month
  30;                                     !- End Day

OS:Schedule:Day,
  {66d81063-317f-4071-98c2-43cd217382ed}, !- Handle
  misc pool heater schedule allday6,      !- Name
  {7c878e8d-f40e-4d25-9c3b-441490f7374d}, !- Schedule Type Limits Name
  ,                                       !- Interpolate to Timestep
  3,                                      !- Hour 1
  0,                                      !- Minute 1
  0.0180675090032351,                     !- Value Until Time 1
  4,                                      !- Hour 2
  0,                                      !- Minute 2
  0.0240900120043134,                     !- Value Until Time 2
  5,                                      !- Hour 3
  0,                                      !- Minute 3
  0.0481800240086268,                     !- Value Until Time 3
  6,                                      !- Hour 4
  0,                                      !- Minute 4
  0.0903375450161753,                     !- Value Until Time 4
  7,                                      !- Hour 5
  0,                                      !- Minute 5
  0.156585078028037,                      !- Value Until Time 5
  8,                                      !- Hour 6
  0,                                      !- Minute 6
  0.264990132047448,                      !- Value Until Time 6
  9,                                      !- Hour 7
  0,                                      !- Minute 7
  0.505890252090582,                      !- Value Until Time 7
  10,                                     !- Hour 8
  0,                                      !- Minute 8
  0.728722863130481,                      !- Value Until Time 8
  11,                                     !- Hour 9
  0,                                      !- Minute 9
  0.764857881136951,                      !- Value Until Time 9
  12,                                     !- Hour 10
  0,                                      !- Minute 10
  0.728722863130481,                      !- Value Until Time 10
  13,                                     !- Hour 11
  0,                                      !- Minute 11
  0.722700360129402,                      !- Value Until Time 11
  14,                                     !- Hour 12
  0,                                      !- Minute 12
  0.542025270097052,                      !- Value Until Time 12
  15,                                     !- Hour 13
  0,                                      !- Minute 13
  0.451687725080876,                      !- Value Until Time 13
  16,                                     !- Hour 14
  0,                                      !- Minute 14
  0.36737268306578,                       !- Value Until Time 14
  17,                                     !- Hour 15
  0,                                      !- Minute 15
  0.222832611039899,                      !- Value Until Time 15
  18,                                     !- Hour 16
  0,                                      !- Minute 16
  0.138517569024802,                      !- Value Until Time 16
  19,                                     !- Hour 17
  0,                                      !- Minute 17
  0.0782925390140186,                     !- Value Until Time 17
  20,                                     !- Hour 18
  0,                                      !- Minute 18
  0.0481800240086268,                     !- Value Until Time 18
  21,                                     !- Hour 19
  0,                                      !- Minute 19
  0.0240900120043134,                     !- Value Until Time 19
  24,                                     !- Hour 20
  0,                                      !- Minute 20
  0.0180675090032351;                     !- Value Until Time 20

OS:Schedule:Rule,
  {ecc10385-f57c-438d-ba0a-2d8b3d85cb90}, !- Handle
  misc pool heater schedule allday ruleset7, !- Name
  {5e31571a-4891-4263-97fd-2b30a9063d97}, !- Schedule Ruleset Name
  4,                                      !- Rule Order
  {834c39d5-44f9-4ca0-b488-c9aac306f056}, !- Day Schedule Name
  Yes,                                    !- Apply Sunday
  Yes,                                    !- Apply Monday
  Yes,                                    !- Apply Tuesday
  Yes,                                    !- Apply Wednesday
  Yes,                                    !- Apply Thursday
  Yes,                                    !- Apply Friday
  Yes,                                    !- Apply Saturday
  DateRange,                              !- Date Specification Type
  7,                                      !- Start Month
  1,                                      !- Start Day
  8,                                      !- End Month
  31;                                     !- End Day

OS:Schedule:Day,
  {834c39d5-44f9-4ca0-b488-c9aac306f056}, !- Handle
  misc pool heater schedule allday7,      !- Name
  {7c878e8d-f40e-4d25-9c3b-441490f7374d}, !- Schedule Type Limits Name
  ,                                       !- Interpolate to Timestep
  3,                                      !- Hour 1
  0,                                      !- Minute 1
  0.0179657775336222,                     !- Value Until Time 1
  4,                                      !- Hour 2
  0,                                      !- Minute 2
  0.0239543700448297,                     !- Value Until Time 2
  5,                                      !- Hour 3
  0,                                      !- Minute 3
  0.0479087400896593,                     !- Value Until Time 3
  6,                                      !- Hour 4
  0,                                      !- Minute 4
  0.0898288876681113,                     !- Value Until Time 4
  7,                                      !- Hour 5
  0,                                      !- Minute 5
  0.155703405291393,                      !- Value Until Time 5
  8,                                      !- Hour 6
  0,                                      !- Minute 6
  0.263498070493126,                      !- Value Until Time 6
  9,                                      !- Hour 7
  0,                                      !- Minute 7
  0.503041770941423,                      !- Value Until Time 7
  10,                                     !- Hour 8
  0,                                      !- Minute 8
  0.724619693856097,                      !- Value Until Time 8
  11,                                     !- Hour 9
  0,                                      !- Minute 9
  0.760551248923342,                      !- Value Until Time 9
  12,                                     !- Hour 10
  0,                                      !- Minute 10
  0.724619693856097,                      !- Value Until Time 10
  13,                                     !- Hour 11
  0,                                      !- Minute 11
  0.71863110134489,                       !- Value Until Time 11
  14,                                     !- Hour 12
  0,                                      !- Minute 12
  0.538973326008668,                      !- Value Until Time 12
  15,                                     !- Hour 13
  0,                                      !- Minute 13
  0.449144438340556,                      !- Value Until Time 13
  16,                                     !- Hour 14
  0,                                      !- Minute 14
  0.365304143183652,                      !- Value Until Time 14
  17,                                     !- Hour 15
  0,                                      !- Minute 15
  0.221577922914674,                      !- Value Until Time 15
  18,                                     !- Hour 16
  0,                                      !- Minute 16
  0.137737627757771,                      !- Value Until Time 16
  19,                                     !- Hour 17
  0,                                      !- Minute 17
  0.0778517026456964,                     !- Value Until Time 17
  20,                                     !- Hour 18
  0,                                      !- Minute 18
  0.0479087400896593,                     !- Value Until Time 18
  21,                                     !- Hour 19
  0,                                      !- Minute 19
  0.0239543700448297,                     !- Value Until Time 19
  24,                                     !- Hour 20
  0,                                      !- Minute 20
  0.0179657775336222;                     !- Value Until Time 20

OS:Schedule:Rule,
  {08050a27-0308-4358-946d-f35ee7cce4ac}, !- Handle
  misc pool heater schedule allday ruleset9, !- Name
  {5e31571a-4891-4263-97fd-2b30a9063d97}, !- Schedule Ruleset Name
  3,                                      !- Rule Order
  {b4331d21-8bb3-4d1c-a9c3-6271112f4073}, !- Day Schedule Name
  Yes,                                    !- Apply Sunday
  Yes,                                    !- Apply Monday
  Yes,                                    !- Apply Tuesday
  Yes,                                    !- Apply Wednesday
  Yes,                                    !- Apply Thursday
  Yes,                                    !- Apply Friday
  Yes,                                    !- Apply Saturday
  DateRange,                              !- Date Specification Type
  9,                                      !- Start Month
  1,                                      !- Start Day
  9,                                      !- End Month
  30;                                     !- End Day

OS:Schedule:Day,
  {b4331d21-8bb3-4d1c-a9c3-6271112f4073}, !- Handle
  misc pool heater schedule allday9,      !- Name
  {7c878e8d-f40e-4d25-9c3b-441490f7374d}, !- Schedule Type Limits Name
  ,                                       !- Interpolate to Timestep
  3,                                      !- Hour 1
  0,                                      !- Minute 1
  0.0180675090032351,                     !- Value Until Time 1
  4,                                      !- Hour 2
  0,                                      !- Minute 2
  0.0240900120043134,                     !- Value Until Time 2
  5,                                      !- Hour 3
  0,                                      !- Minute 3
  0.0481800240086268,                     !- Value Until Time 3
  6,                                      !- Hour 4
  0,                                      !- Minute 4
  0.0903375450161753,                     !- Value Until Time 4
  7,                                      !- Hour 5
  0,                                      !- Minute 5
  0.156585078028037,                      !- Value Until Time 5
  8,                                      !- Hour 6
  0,                                      !- Minute 6
  0.264990132047448,                      !- Value Until Time 6
  9,                                      !- Hour 7
  0,                                      !- Minute 7
  0.505890252090582,                      !- Value Until Time 7
  10,                                     !- Hour 8
  0,                                      !- Minute 8
  0.728722863130481,                      !- Value Until Time 8
  11,                                     !- Hour 9
  0,                                      !- Minute 9
  0.764857881136951,                      !- Value Until Time 9
  12,                                     !- Hour 10
  0,                                      !- Minute 10
  0.728722863130481,                      !- Value Until Time 10
  13,                                     !- Hour 11
  0,                                      !- Minute 11
  0.722700360129402,                      !- Value Until Time 11
  14,                                     !- Hour 12
  0,                                      !- Minute 12
  0.542025270097052,                      !- Value Until Time 12
  15,                                     !- Hour 13
  0,                                      !- Minute 13
  0.451687725080876,                      !- Value Until Time 13
  16,                                     !- Hour 14
  0,                                      !- Minute 14
  0.36737268306578,                       !- Value Until Time 14
  17,                                     !- Hour 15
  0,                                      !- Minute 15
  0.222832611039899,                      !- Value Until Time 15
  18,                                     !- Hour 16
  0,                                      !- Minute 16
  0.138517569024802,                      !- Value Until Time 16
  19,                                     !- Hour 17
  0,                                      !- Minute 17
  0.0782925390140186,                     !- Value Until Time 17
  20,                                     !- Hour 18
  0,                                      !- Minute 18
  0.0481800240086268,                     !- Value Until Time 18
  21,                                     !- Hour 19
  0,                                      !- Minute 19
  0.0240900120043134,                     !- Value Until Time 19
  24,                                     !- Hour 20
  0,                                      !- Minute 20
  0.0180675090032351;                     !- Value Until Time 20

OS:Schedule:Rule,
  {5f5204bf-b615-4c7b-8846-91ff0a38fc38}, !- Handle
  misc pool heater schedule allday ruleset10, !- Name
  {5e31571a-4891-4263-97fd-2b30a9063d97}, !- Schedule Ruleset Name
  2,                                      !- Rule Order
  {54c55256-d7d8-47dc-8e76-e668873a8cc1}, !- Day Schedule Name
  Yes,                                    !- Apply Sunday
  Yes,                                    !- Apply Monday
  Yes,                                    !- Apply Tuesday
  Yes,                                    !- Apply Wednesday
  Yes,                                    !- Apply Thursday
  Yes,                                    !- Apply Friday
  Yes,                                    !- Apply Saturday
  DateRange,                              !- Date Specification Type
  10,                                     !- Start Month
  1,                                      !- Start Day
  10,                                     !- End Month
  31;                                     !- End Day

OS:Schedule:Day,
  {54c55256-d7d8-47dc-8e76-e668873a8cc1}, !- Handle
  misc pool heater schedule allday10,     !- Name
  {7c878e8d-f40e-4d25-9c3b-441490f7374d}, !- Schedule Type Limits Name
  ,                                       !- Interpolate to Timestep
  3,                                      !- Hour 1
  0,                                      !- Minute 1
  0.0198986754562656,                     !- Value Until Time 1
  4,                                      !- Hour 2
  0,                                      !- Minute 2
  0.0265315672750209,                     !- Value Until Time 2
  5,                                      !- Hour 3
  0,                                      !- Minute 3
  0.0530631345500417,                     !- Value Until Time 3
  6,                                      !- Hour 4
  0,                                      !- Minute 4
  0.0994933772813282,                     !- Value Until Time 4
  7,                                      !- Hour 5
  0,                                      !- Minute 5
  0.172455187287636,                      !- Value Until Time 5
  8,                                      !- Hour 6
  0,                                      !- Minute 6
  0.291847240025229,                      !- Value Until Time 6
  9,                                      !- Hour 7
  0,                                      !- Minute 7
  0.557162912775438,                      !- Value Until Time 7
  10,                                     !- Hour 8
  0,                                      !- Minute 8
  0.802579910069381,                      !- Value Until Time 8
  11,                                     !- Hour 9
  0,                                      !- Minute 9
  0.842377260981912,                      !- Value Until Time 9
  12,                                     !- Hour 10
  0,                                      !- Minute 10
  0.802579910069381,                      !- Value Until Time 10
  13,                                     !- Hour 11
  0,                                      !- Minute 11
  0.795947018250626,                      !- Value Until Time 11
  14,                                     !- Hour 12
  0,                                      !- Minute 12
  0.596960263687969,                      !- Value Until Time 12
  15,                                     !- Hour 13
  0,                                      !- Minute 13
  0.497466886406641,                      !- Value Until Time 13
  16,                                     !- Hour 14
  0,                                      !- Minute 14
  0.404606400944068,                      !- Value Until Time 14
  17,                                     !- Hour 15
  0,                                      !- Minute 15
  0.245416997293943,                      !- Value Until Time 15
  18,                                     !- Hour 16
  0,                                      !- Minute 16
  0.15255651183137,                       !- Value Until Time 16
  19,                                     !- Hour 17
  0,                                      !- Minute 17
  0.0862275936438178,                     !- Value Until Time 17
  20,                                     !- Hour 18
  0,                                      !- Minute 18
  0.0530631345500417,                     !- Value Until Time 18
  21,                                     !- Hour 19
  0,                                      !- Minute 19
  0.0265315672750209,                     !- Value Until Time 19
  24,                                     !- Hour 20
  0,                                      !- Minute 20
  0.0198986754562656;                     !- Value Until Time 20

OS:Schedule:Rule,
  {da2d1753-7096-4c2e-a2f6-020b1185d8b2}, !- Handle
  misc pool heater schedule allday ruleset11, !- Name
  {5e31571a-4891-4263-97fd-2b30a9063d97}, !- Schedule Ruleset Name
  1,                                      !- Rule Order
  {56b37dd0-d166-4ec6-9dc6-7c1f36d40456}, !- Day Schedule Name
  Yes,                                    !- Apply Sunday
  Yes,                                    !- Apply Monday
  Yes,                                    !- Apply Tuesday
  Yes,                                    !- Apply Wednesday
  Yes,                                    !- Apply Thursday
  Yes,                                    !- Apply Friday
  Yes,                                    !- Apply Saturday
  DateRange,                              !- Date Specification Type
  11,                                     !- Start Month
  1,                                      !- Start Day
  11,                                     !- End Month
  30;                                     !- End Day

OS:Schedule:Day,
  {56b37dd0-d166-4ec6-9dc6-7c1f36d40456}, !- Handle
  misc pool heater schedule allday11,     !- Name
  {7c878e8d-f40e-4d25-9c3b-441490f7374d}, !- Schedule Type Limits Name
  ,                                       !- Interpolate to Timestep
  3,                                      !- Hour 1
  0,                                      !- Minute 1
  0.0198172902805754,                     !- Value Until Time 1
  4,                                      !- Hour 2
  0,                                      !- Minute 2
  0.0264230537074339,                     !- Value Until Time 2
  5,                                      !- Hour 3
  0,                                      !- Minute 3
  0.0528461074148677,                     !- Value Until Time 3
  6,                                      !- Hour 4
  0,                                      !- Minute 4
  0.099086451402877,                      !- Value Until Time 4
  7,                                      !- Hour 5
  0,                                      !- Minute 5
  0.17174984909832,                       !- Value Until Time 5
  8,                                      !- Hour 6
  0,                                      !- Minute 6
  0.290653590781772,                      !- Value Until Time 6
  9,                                      !- Hour 7
  0,                                      !- Minute 7
  0.554884127856111,                      !- Value Until Time 7
  10,                                     !- Hour 8
  0,                                      !- Minute 8
  0.799297374649874,                      !- Value Until Time 8
  11,                                     !- Hour 9
  0,                                      !- Minute 9
  0.838931955211025,                      !- Value Until Time 9
  12,                                     !- Hour 10
  0,                                      !- Minute 10
  0.799297374649874,                      !- Value Until Time 10
  13,                                     !- Hour 11
  0,                                      !- Minute 11
  0.792691611223016,                      !- Value Until Time 11
  14,                                     !- Hour 12
  0,                                      !- Minute 12
  0.594518708417262,                      !- Value Until Time 12
  15,                                     !- Hour 13
  0,                                      !- Minute 13
  0.495432257014385,                      !- Value Until Time 13
  16,                                     !- Hour 14
  0,                                      !- Minute 14
  0.402951569038366,                      !- Value Until Time 14
  17,                                     !- Hour 15
  0,                                      !- Minute 15
  0.244413246793763,                      !- Value Until Time 15
  18,                                     !- Hour 16
  0,                                      !- Minute 16
  0.151932558817745,                      !- Value Until Time 16
  19,                                     !- Hour 17
  0,                                      !- Minute 17
  0.08587492454916,                       !- Value Until Time 17
  20,                                     !- Hour 18
  0,                                      !- Minute 18
  0.0528461074148677,                     !- Value Until Time 18
  21,                                     !- Hour 19
  0,                                      !- Minute 19
  0.0264230537074339,                     !- Value Until Time 19
  24,                                     !- Hour 20
  0,                                      !- Minute 20
  0.0198172902805754;                     !- Value Until Time 20

OS:Schedule:Rule,
  {8ed03bb8-7c2f-4d87-bde1-ef81115c4230}, !- Handle
  misc pool heater schedule allday ruleset12, !- Name
  {5e31571a-4891-4263-97fd-2b30a9063d97}, !- Schedule Ruleset Name
  0,                                      !- Rule Order
  {92f2a984-0cf3-4cdd-9ff5-8ebabce7f4f9}, !- Day Schedule Name
  Yes,                                    !- Apply Sunday
  Yes,                                    !- Apply Monday
  Yes,                                    !- Apply Tuesday
  Yes,                                    !- Apply Wednesday
  Yes,                                    !- Apply Thursday
  Yes,                                    !- Apply Friday
  Yes,                                    !- Apply Saturday
  DateRange,                              !- Date Specification Type
  12,                                     !- Start Month
  1,                                      !- Start Day
  12,                                     !- End Month
  31;                                     !- End Day

OS:Schedule:Day,
  {92f2a984-0cf3-4cdd-9ff5-8ebabce7f4f9}, !- Handle
  misc pool heater schedule allday12,     !- Name
  {7c878e8d-f40e-4d25-9c3b-441490f7374d}, !- Schedule Type Limits Name
  ,                                       !- Interpolate to Timestep
  3,                                      !- Hour 1
  0,                                      !- Minute 1
  0.0234796231866366,                     !- Value Until Time 1
  4,                                      !- Hour 2
  0,                                      !- Minute 2
  0.0313061642488487,                     !- Value Until Time 2
  5,                                      !- Hour 3
  0,                                      !- Minute 3
  0.0626123284976975,                     !- Value Until Time 3
  6,                                      !- Hour 4
  0,                                      !- Minute 4
  0.117398115933183,                      !- Value Until Time 4
  7,                                      !- Hour 5
  0,                                      !- Minute 5
  0.203490067617517,                      !- Value Until Time 5
  8,                                      !- Hour 6
  0,                                      !- Minute 6
  0.344367806737336,                      !- Value Until Time 6
  9,                                      !- Hour 7
  0,                                      !- Minute 7
  0.657429449225824,                      !- Value Until Time 7
  10,                                     !- Hour 8
  0,                                      !- Minute 8
  0.947011468527674,                      !- Value Until Time 8
  11,                                     !- Hour 9
  0,                                      !- Minute 9
  0.993970714900947,                      !- Value Until Time 9
  12,                                     !- Hour 10
  0,                                      !- Minute 10
  0.947011468527674,                      !- Value Until Time 10
  13,                                     !- Hour 11
  0,                                      !- Minute 11
  0.939184927465462,                      !- Value Until Time 11
  14,                                     !- Hour 12
  0,                                      !- Minute 12
  0.704388695599097,                      !- Value Until Time 12
  15,                                     !- Hour 13
  0,                                      !- Minute 13
  0.586990579665914,                      !- Value Until Time 13
  16,                                     !- Hour 14
  0,                                      !- Minute 14
  0.477419004794943,                      !- Value Until Time 14
  17,                                     !- Hour 15
  0,                                      !- Minute 15
  0.289582019301851,                      !- Value Until Time 15
  18,                                     !- Hour 16
  0,                                      !- Minute 16
  0.18001044443088,                       !- Value Until Time 16
  19,                                     !- Hour 17
  0,                                      !- Minute 17
  0.101745033808758,                      !- Value Until Time 17
  20,                                     !- Hour 18
  0,                                      !- Minute 18
  0.0626123284976975,                     !- Value Until Time 18
  21,                                     !- Hour 19
  0,                                      !- Minute 19
  0.0313061642488487,                     !- Value Until Time 19
  24,                                     !- Hour 20
  0,                                      !- Minute 20
  0.0234796231866366;                     !- Value Until Time 20

OS:OtherEquipment:Definition,
  {c4783315-ed24-4783-875f-9af00676d07e}, !- Handle
  misc pool heater,                       !- Name
  EquipmentLevel,                         !- Design Level Calculation Method
  2235.58467062778,                       !- Design Level {W}
  ,                                       !- Watts per Space Floor Area {W/m2}
  ,                                       !- Watts per Person {W/Person}
  0,                                      !- Fraction Latent
  0,                                      !- Fraction Radiant
  1;                                      !- Fraction Lost

OS:OtherEquipment,
  {f91f2a21-1dda-4689-b8d3-c4da4ccd0f4c}, !- Handle
  misc pool heater,                       !- Name
  {c4783315-ed24-4783-875f-9af00676d07e}, !- Other Equipment Definition Name
  {e42f2ab6-2c94-42a9-af10-d2a8a063b931}, !- Space or SpaceType Name
  {5e31571a-4891-4263-97fd-2b30a9063d97}, !- Schedule Name
  ,                                       !- Multiplier
  NaturalGas,                             !- Fuel Type
  misc pool heater;                       !- End-Use Subcategory

OS:Schedule:Ruleset,
  {799daee9-7bfb-4aa2-b098-588390031070}, !- Handle
  misc pool pump schedule,                !- Name
  {7c878e8d-f40e-4d25-9c3b-441490f7374d}, !- Schedule Type Limits Name
  {c09b56c8-b8f4-4cc4-828c-a0a113c88b0b}; !- Default Day Schedule Name

OS:Schedule:Day,
  {c09b56c8-b8f4-4cc4-828c-a0a113c88b0b}, !- Handle
  misc pool pump schedule default day,    !- Name
  {7c878e8d-f40e-4d25-9c3b-441490f7374d}, !- Schedule Type Limits Name
  ,                                       !- Interpolate to Timestep
  24,                                     !- Hour 1
  0,                                      !- Minute 1
  0;                                      !- Value Until Time 1

OS:Schedule:Rule,
  {7bc501d8-0cd4-4389-aca4-b4347653ab5e}, !- Handle
  misc pool pump schedule allday ruleset1, !- Name
  {799daee9-7bfb-4aa2-b098-588390031070}, !- Schedule Ruleset Name
  10,                                     !- Rule Order
  {7aa46611-9ba1-49eb-8682-b71ec6ccfdb3}, !- Day Schedule Name
  Yes,                                    !- Apply Sunday
  Yes,                                    !- Apply Monday
  Yes,                                    !- Apply Tuesday
  Yes,                                    !- Apply Wednesday
  Yes,                                    !- Apply Thursday
  Yes,                                    !- Apply Friday
  Yes,                                    !- Apply Saturday
  DateRange,                              !- Date Specification Type
  1,                                      !- Start Month
  1,                                      !- Start Day
  1,                                      !- End Month
  31;                                     !- End Day

OS:Schedule:Day,
  {7aa46611-9ba1-49eb-8682-b71ec6ccfdb3}, !- Handle
  misc pool pump schedule allday1,        !- Name
  {7c878e8d-f40e-4d25-9c3b-441490f7374d}, !- Schedule Type Limits Name
  ,                                       !- Interpolate to Timestep
  3,                                      !- Hour 1
  0,                                      !- Minute 1
  0.0234796231866366,                     !- Value Until Time 1
  4,                                      !- Hour 2
  0,                                      !- Minute 2
  0.0313061642488487,                     !- Value Until Time 2
  5,                                      !- Hour 3
  0,                                      !- Minute 3
  0.0626123284976975,                     !- Value Until Time 3
  6,                                      !- Hour 4
  0,                                      !- Minute 4
  0.117398115933183,                      !- Value Until Time 4
  7,                                      !- Hour 5
  0,                                      !- Minute 5
  0.203490067617517,                      !- Value Until Time 5
  8,                                      !- Hour 6
  0,                                      !- Minute 6
  0.344367806737336,                      !- Value Until Time 6
  9,                                      !- Hour 7
  0,                                      !- Minute 7
  0.657429449225824,                      !- Value Until Time 7
  10,                                     !- Hour 8
  0,                                      !- Minute 8
  0.947011468527674,                      !- Value Until Time 8
  11,                                     !- Hour 9
  0,                                      !- Minute 9
  0.993970714900947,                      !- Value Until Time 9
  12,                                     !- Hour 10
  0,                                      !- Minute 10
  0.947011468527674,                      !- Value Until Time 10
  13,                                     !- Hour 11
  0,                                      !- Minute 11
  0.939184927465462,                      !- Value Until Time 11
  14,                                     !- Hour 12
  0,                                      !- Minute 12
  0.704388695599097,                      !- Value Until Time 12
  15,                                     !- Hour 13
  0,                                      !- Minute 13
  0.586990579665914,                      !- Value Until Time 13
  16,                                     !- Hour 14
  0,                                      !- Minute 14
  0.477419004794943,                      !- Value Until Time 14
  17,                                     !- Hour 15
  0,                                      !- Minute 15
  0.289582019301851,                      !- Value Until Time 15
  18,                                     !- Hour 16
  0,                                      !- Minute 16
  0.18001044443088,                       !- Value Until Time 16
  19,                                     !- Hour 17
  0,                                      !- Minute 17
  0.101745033808758,                      !- Value Until Time 17
  20,                                     !- Hour 18
  0,                                      !- Minute 18
  0.0626123284976975,                     !- Value Until Time 18
  21,                                     !- Hour 19
  0,                                      !- Minute 19
  0.0313061642488487,                     !- Value Until Time 19
  24,                                     !- Hour 20
  0,                                      !- Minute 20
  0.0234796231866366;                     !- Value Until Time 20

OS:Schedule:Rule,
  {4480fdf7-c08e-4e02-89fd-3c901e002293}, !- Handle
  misc pool pump schedule allday ruleset2, !- Name
  {799daee9-7bfb-4aa2-b098-588390031070}, !- Schedule Ruleset Name
  9,                                      !- Rule Order
  {71f93042-2172-438f-9679-4d67e91667e5}, !- Day Schedule Name
  Yes,                                    !- Apply Sunday
  Yes,                                    !- Apply Monday
  Yes,                                    !- Apply Tuesday
  Yes,                                    !- Apply Wednesday
  Yes,                                    !- Apply Thursday
  Yes,                                    !- Apply Friday
  Yes,                                    !- Apply Saturday
  DateRange,                              !- Date Specification Type
  2,                                      !- Start Month
  1,                                      !- Start Day
  2,                                      !- End Month
  28;                                     !- End Day

OS:Schedule:Day,
  {71f93042-2172-438f-9679-4d67e91667e5}, !- Handle
  misc pool pump schedule allday2,        !- Name
  {7c878e8d-f40e-4d25-9c3b-441490f7374d}, !- Schedule Type Limits Name
  ,                                       !- Interpolate to Timestep
  3,                                      !- Hour 1
  0,                                      !- Minute 1
  0.0236220472440945,                     !- Value Until Time 1
  4,                                      !- Hour 2
  0,                                      !- Minute 2
  0.031496062992126,                      !- Value Until Time 2
  5,                                      !- Hour 3
  0,                                      !- Minute 3
  0.062992125984252,                      !- Value Until Time 3
  6,                                      !- Hour 4
  0,                                      !- Minute 4
  0.118110236220472,                      !- Value Until Time 4
  7,                                      !- Hour 5
  0,                                      !- Minute 5
  0.204724409448819,                      !- Value Until Time 5
  8,                                      !- Hour 6
  0,                                      !- Minute 6
  0.346456692913386,                      !- Value Until Time 6
  9,                                      !- Hour 7
  0,                                      !- Minute 7
  0.661417322834646,                      !- Value Until Time 7
  10,                                     !- Hour 8
  0,                                      !- Minute 8
  0.952755905511811,                      !- Value Until Time 8
  11,                                     !- Hour 9
  0,                                      !- Minute 9
  1,                                      !- Value Until Time 9
  12,                                     !- Hour 10
  0,                                      !- Minute 10
  0.952755905511811,                      !- Value Until Time 10
  13,                                     !- Hour 11
  0,                                      !- Minute 11
  0.94488188976378,                       !- Value Until Time 11
  14,                                     !- Hour 12
  0,                                      !- Minute 12
  0.708661417322835,                      !- Value Until Time 12
  15,                                     !- Hour 13
  0,                                      !- Minute 13
  0.590551181102362,                      !- Value Until Time 13
  16,                                     !- Hour 14
  0,                                      !- Minute 14
  0.480314960629921,                      !- Value Until Time 14
  17,                                     !- Hour 15
  0,                                      !- Minute 15
  0.291338582677165,                      !- Value Until Time 15
  18,                                     !- Hour 16
  0,                                      !- Minute 16
  0.181102362204724,                      !- Value Until Time 16
  19,                                     !- Hour 17
  0,                                      !- Minute 17
  0.102362204724409,                      !- Value Until Time 17
  20,                                     !- Hour 18
  0,                                      !- Minute 18
  0.062992125984252,                      !- Value Until Time 18
  21,                                     !- Hour 19
  0,                                      !- Minute 19
  0.031496062992126,                      !- Value Until Time 19
  24,                                     !- Hour 20
  0,                                      !- Minute 20
  0.0236220472440945;                     !- Value Until Time 20

OS:Schedule:Rule,
  {650dcda3-336f-457d-ba60-57076b8344c5}, !- Handle
  misc pool pump schedule allday ruleset3, !- Name
  {799daee9-7bfb-4aa2-b098-588390031070}, !- Schedule Ruleset Name
  8,                                      !- Rule Order
  {9fa1962b-6954-4bb7-b263-f0a557d99f15}, !- Day Schedule Name
  Yes,                                    !- Apply Sunday
  Yes,                                    !- Apply Monday
  Yes,                                    !- Apply Tuesday
  Yes,                                    !- Apply Wednesday
  Yes,                                    !- Apply Thursday
  Yes,                                    !- Apply Friday
  Yes,                                    !- Apply Saturday
  DateRange,                              !- Date Specification Type
  3,                                      !- Start Month
  1,                                      !- Start Day
  3,                                      !- End Month
  31;                                     !- End Day

OS:Schedule:Day,
  {9fa1962b-6954-4bb7-b263-f0a557d99f15}, !- Handle
  misc pool pump schedule allday3,        !- Name
  {7c878e8d-f40e-4d25-9c3b-441490f7374d}, !- Schedule Type Limits Name
  ,                                       !- Interpolate to Timestep
  3,                                      !- Hour 1
  0,                                      !- Minute 1
  0.0206107957435553,                     !- Value Until Time 1
  4,                                      !- Hour 2
  0,                                      !- Minute 2
  0.0274810609914071,                     !- Value Until Time 2
  5,                                      !- Hour 3
  0,                                      !- Minute 3
  0.0549621219828142,                     !- Value Until Time 3
  6,                                      !- Hour 4
  0,                                      !- Minute 4
  0.103053978717777,                      !- Value Until Time 4
  7,                                      !- Hour 5
  0,                                      !- Minute 5
  0.178626896444146,                      !- Value Until Time 5
  8,                                      !- Hour 6
  0,                                      !- Minute 6
  0.302291670905478,                      !- Value Until Time 6
  9,                                      !- Hour 7
  0,                                      !- Minute 7
  0.577102280819549,                      !- Value Until Time 7
  10,                                     !- Hour 8
  0,                                      !- Minute 8
  0.831302094990064,                      !- Value Until Time 8
  11,                                     !- Hour 9
  0,                                      !- Minute 9
  0.872523686477175,                      !- Value Until Time 9
  12,                                     !- Hour 10
  0,                                      !- Minute 10
  0.831302094990064,                      !- Value Until Time 10
  13,                                     !- Hour 11
  0,                                      !- Minute 11
  0.824431829742212,                      !- Value Until Time 11
  14,                                     !- Hour 12
  0,                                      !- Minute 12
  0.618323872306659,                      !- Value Until Time 12
  15,                                     !- Hour 13
  0,                                      !- Minute 13
  0.515269893588883,                      !- Value Until Time 13
  16,                                     !- Hour 14
  0,                                      !- Minute 14
  0.419086180118958,                      !- Value Until Time 14
  17,                                     !- Hour 15
  0,                                      !- Minute 15
  0.254199814170516,                      !- Value Until Time 15
  18,                                     !- Hour 16
  0,                                      !- Minute 16
  0.158016100700591,                      !- Value Until Time 16
  19,                                     !- Hour 17
  0,                                      !- Minute 17
  0.089313448222073,                      !- Value Until Time 17
  20,                                     !- Hour 18
  0,                                      !- Minute 18
  0.0549621219828142,                     !- Value Until Time 18
  21,                                     !- Hour 19
  0,                                      !- Minute 19
  0.0274810609914071,                     !- Value Until Time 19
  24,                                     !- Hour 20
  0,                                      !- Minute 20
  0.0206107957435553;                     !- Value Until Time 20

OS:Schedule:Rule,
  {b7e1d42b-8dd7-43b3-a928-b5350398a628}, !- Handle
  misc pool pump schedule allday ruleset4, !- Name
  {799daee9-7bfb-4aa2-b098-588390031070}, !- Schedule Ruleset Name
  7,                                      !- Rule Order
  {2dcbd475-4111-4b83-a9db-db34fb82badc}, !- Day Schedule Name
  Yes,                                    !- Apply Sunday
  Yes,                                    !- Apply Monday
  Yes,                                    !- Apply Tuesday
  Yes,                                    !- Apply Wednesday
  Yes,                                    !- Apply Thursday
  Yes,                                    !- Apply Friday
  Yes,                                    !- Apply Saturday
  DateRange,                              !- Date Specification Type
  4,                                      !- Start Month
  1,                                      !- Start Day
  4,                                      !- End Month
  30;                                     !- End Day

OS:Schedule:Day,
  {2dcbd475-4111-4b83-a9db-db34fb82badc}, !- Handle
  misc pool pump schedule allday4,        !- Name
  {7c878e8d-f40e-4d25-9c3b-441490f7374d}, !- Schedule Type Limits Name
  ,                                       !- Interpolate to Timestep
  3,                                      !- Hour 1
  0,                                      !- Minute 1
  0.0205497568617876,                     !- Value Until Time 1
  4,                                      !- Hour 2
  0,                                      !- Minute 2
  0.0273996758157168,                     !- Value Until Time 2
  5,                                      !- Hour 3
  0,                                      !- Minute 3
  0.0547993516314337,                     !- Value Until Time 3
  6,                                      !- Hour 4
  0,                                      !- Minute 4
  0.102748784308938,                      !- Value Until Time 4
  7,                                      !- Hour 5
  0,                                      !- Minute 5
  0.178097892802159,                      !- Value Until Time 5
  8,                                      !- Hour 6
  0,                                      !- Minute 6
  0.301396433972885,                      !- Value Until Time 6
  9,                                      !- Hour 7
  0,                                      !- Minute 7
  0.575393192130053,                      !- Value Until Time 7
  10,                                     !- Hour 8
  0,                                      !- Minute 8
  0.828840193425434,                      !- Value Until Time 8
  11,                                     !- Hour 9
  0,                                      !- Minute 9
  0.869939707149009,                      !- Value Until Time 9
  12,                                     !- Hour 10
  0,                                      !- Minute 10
  0.828840193425434,                      !- Value Until Time 10
  13,                                     !- Hour 11
  0,                                      !- Minute 11
  0.821990274471505,                      !- Value Until Time 11
  14,                                     !- Hour 12
  0,                                      !- Minute 12
  0.616492705853629,                      !- Value Until Time 12
  15,                                     !- Hour 13
  0,                                      !- Minute 13
  0.513743921544691,                      !- Value Until Time 13
  16,                                     !- Hour 14
  0,                                      !- Minute 14
  0.417845056189682,                      !- Value Until Time 14
  17,                                     !- Hour 15
  0,                                      !- Minute 15
  0.253447001295381,                      !- Value Until Time 15
  18,                                     !- Hour 16
  0,                                      !- Minute 16
  0.157548135940372,                      !- Value Until Time 16
  19,                                     !- Hour 17
  0,                                      !- Minute 17
  0.0890489464010797,                     !- Value Until Time 17
  20,                                     !- Hour 18
  0,                                      !- Minute 18
  0.0547993516314337,                     !- Value Until Time 18
  21,                                     !- Hour 19
  0,                                      !- Minute 19
  0.0273996758157168,                     !- Value Until Time 19
  24,                                     !- Hour 20
  0,                                      !- Minute 20
  0.0205497568617876;                     !- Value Until Time 20

OS:Schedule:Rule,
  {93908870-d69f-4d59-baf6-7a33f49661a0}, !- Handle
  misc pool pump schedule allday ruleset5, !- Name
  {799daee9-7bfb-4aa2-b098-588390031070}, !- Schedule Ruleset Name
  6,                                      !- Rule Order
  {30653ce4-1ccb-4c44-9a76-72a4505ca8b9}, !- Day Schedule Name
  Yes,                                    !- Apply Sunday
  Yes,                                    !- Apply Monday
  Yes,                                    !- Apply Tuesday
  Yes,                                    !- Apply Wednesday
  Yes,                                    !- Apply Thursday
  Yes,                                    !- Apply Friday
  Yes,                                    !- Apply Saturday
  DateRange,                              !- Date Specification Type
  5,                                      !- Start Month
  1,                                      !- Start Day
  5,                                      !- End Month
  31;                                     !- End Day

OS:Schedule:Day,
  {30653ce4-1ccb-4c44-9a76-72a4505ca8b9}, !- Handle
  misc pool pump schedule allday5,        !- Name
  {7c878e8d-f40e-4d25-9c3b-441490f7374d}, !- Schedule Type Limits Name
  ,                                       !- Interpolate to Timestep
  3,                                      !- Hour 1
  0,                                      !- Minute 1
  0.0206107957435553,                     !- Value Until Time 1
  4,                                      !- Hour 2
  0,                                      !- Minute 2
  0.0274810609914071,                     !- Value Until Time 2
  5,                                      !- Hour 3
  0,                                      !- Minute 3
  0.0549621219828142,                     !- Value Until Time 3
  6,                                      !- Hour 4
  0,                                      !- Minute 4
  0.103053978717777,                      !- Value Until Time 4
  7,                                      !- Hour 5
  0,                                      !- Minute 5
  0.178626896444146,                      !- Value Until Time 5
  8,                                      !- Hour 6
  0,                                      !- Minute 6
  0.302291670905478,                      !- Value Until Time 6
  9,                                      !- Hour 7
  0,                                      !- Minute 7
  0.577102280819549,                      !- Value Until Time 7
  10,                                     !- Hour 8
  0,                                      !- Minute 8
  0.831302094990064,                      !- Value Until Time 8
  11,                                     !- Hour 9
  0,                                      !- Minute 9
  0.872523686477175,                      !- Value Until Time 9
  12,                                     !- Hour 10
  0,                                      !- Minute 10
  0.831302094990064,                      !- Value Until Time 10
  13,                                     !- Hour 11
  0,                                      !- Minute 11
  0.824431829742212,                      !- Value Until Time 11
  14,                                     !- Hour 12
  0,                                      !- Minute 12
  0.618323872306659,                      !- Value Until Time 12
  15,                                     !- Hour 13
  0,                                      !- Minute 13
  0.515269893588883,                      !- Value Until Time 13
  16,                                     !- Hour 14
  0,                                      !- Minute 14
  0.419086180118958,                      !- Value Until Time 14
  17,                                     !- Hour 15
  0,                                      !- Minute 15
  0.254199814170516,                      !- Value Until Time 15
  18,                                     !- Hour 16
  0,                                      !- Minute 16
  0.158016100700591,                      !- Value Until Time 16
  19,                                     !- Hour 17
  0,                                      !- Minute 17
  0.089313448222073,                      !- Value Until Time 17
  20,                                     !- Hour 18
  0,                                      !- Minute 18
  0.0549621219828142,                     !- Value Until Time 18
  21,                                     !- Hour 19
  0,                                      !- Minute 19
  0.0274810609914071,                     !- Value Until Time 19
  24,                                     !- Hour 20
  0,                                      !- Minute 20
  0.0206107957435553;                     !- Value Until Time 20

OS:Schedule:Rule,
  {0f9448c5-cbf6-498d-873f-fe6ae1478f7d}, !- Handle
  misc pool pump schedule allday ruleset6, !- Name
  {799daee9-7bfb-4aa2-b098-588390031070}, !- Schedule Ruleset Name
  5,                                      !- Rule Order
  {9c40f52b-312f-4652-94a7-b7ed7a24f5b0}, !- Day Schedule Name
  Yes,                                    !- Apply Sunday
  Yes,                                    !- Apply Monday
  Yes,                                    !- Apply Tuesday
  Yes,                                    !- Apply Wednesday
  Yes,                                    !- Apply Thursday
  Yes,                                    !- Apply Friday
  Yes,                                    !- Apply Saturday
  DateRange,                              !- Date Specification Type
  6,                                      !- Start Month
  1,                                      !- Start Day
  6,                                      !- End Month
  30;                                     !- End Day

OS:Schedule:Day,
  {9c40f52b-312f-4652-94a7-b7ed7a24f5b0}, !- Handle
  misc pool pump schedule allday6,        !- Name
  {7c878e8d-f40e-4d25-9c3b-441490f7374d}, !- Schedule Type Limits Name
  ,                                       !- Interpolate to Timestep
  3,                                      !- Hour 1
  0,                                      !- Minute 1
  0.0180675090032351,                     !- Value Until Time 1
  4,                                      !- Hour 2
  0,                                      !- Minute 2
  0.0240900120043134,                     !- Value Until Time 2
  5,                                      !- Hour 3
  0,                                      !- Minute 3
  0.0481800240086268,                     !- Value Until Time 3
  6,                                      !- Hour 4
  0,                                      !- Minute 4
  0.0903375450161753,                     !- Value Until Time 4
  7,                                      !- Hour 5
  0,                                      !- Minute 5
  0.156585078028037,                      !- Value Until Time 5
  8,                                      !- Hour 6
  0,                                      !- Minute 6
  0.264990132047448,                      !- Value Until Time 6
  9,                                      !- Hour 7
  0,                                      !- Minute 7
  0.505890252090582,                      !- Value Until Time 7
  10,                                     !- Hour 8
  0,                                      !- Minute 8
  0.728722863130481,                      !- Value Until Time 8
  11,                                     !- Hour 9
  0,                                      !- Minute 9
  0.764857881136951,                      !- Value Until Time 9
  12,                                     !- Hour 10
  0,                                      !- Minute 10
  0.728722863130481,                      !- Value Until Time 10
  13,                                     !- Hour 11
  0,                                      !- Minute 11
  0.722700360129402,                      !- Value Until Time 11
  14,                                     !- Hour 12
  0,                                      !- Minute 12
  0.542025270097052,                      !- Value Until Time 12
  15,                                     !- Hour 13
  0,                                      !- Minute 13
  0.451687725080876,                      !- Value Until Time 13
  16,                                     !- Hour 14
  0,                                      !- Minute 14
  0.36737268306578,                       !- Value Until Time 14
  17,                                     !- Hour 15
  0,                                      !- Minute 15
  0.222832611039899,                      !- Value Until Time 15
  18,                                     !- Hour 16
  0,                                      !- Minute 16
  0.138517569024802,                      !- Value Until Time 16
  19,                                     !- Hour 17
  0,                                      !- Minute 17
  0.0782925390140186,                     !- Value Until Time 17
  20,                                     !- Hour 18
  0,                                      !- Minute 18
  0.0481800240086268,                     !- Value Until Time 18
  21,                                     !- Hour 19
  0,                                      !- Minute 19
  0.0240900120043134,                     !- Value Until Time 19
  24,                                     !- Hour 20
  0,                                      !- Minute 20
  0.0180675090032351;                     !- Value Until Time 20

OS:Schedule:Rule,
  {ca8375c4-1dd8-4956-8e8a-142ffcf13878}, !- Handle
  misc pool pump schedule allday ruleset7, !- Name
  {799daee9-7bfb-4aa2-b098-588390031070}, !- Schedule Ruleset Name
  4,                                      !- Rule Order
  {373e7821-af3e-4949-91d4-771ca809cf13}, !- Day Schedule Name
  Yes,                                    !- Apply Sunday
  Yes,                                    !- Apply Monday
  Yes,                                    !- Apply Tuesday
  Yes,                                    !- Apply Wednesday
  Yes,                                    !- Apply Thursday
  Yes,                                    !- Apply Friday
  Yes,                                    !- Apply Saturday
  DateRange,                              !- Date Specification Type
  7,                                      !- Start Month
  1,                                      !- Start Day
  8,                                      !- End Month
  31;                                     !- End Day

OS:Schedule:Day,
  {373e7821-af3e-4949-91d4-771ca809cf13}, !- Handle
  misc pool pump schedule allday7,        !- Name
  {7c878e8d-f40e-4d25-9c3b-441490f7374d}, !- Schedule Type Limits Name
  ,                                       !- Interpolate to Timestep
  3,                                      !- Hour 1
  0,                                      !- Minute 1
  0.0179657775336222,                     !- Value Until Time 1
  4,                                      !- Hour 2
  0,                                      !- Minute 2
  0.0239543700448297,                     !- Value Until Time 2
  5,                                      !- Hour 3
  0,                                      !- Minute 3
  0.0479087400896593,                     !- Value Until Time 3
  6,                                      !- Hour 4
  0,                                      !- Minute 4
  0.0898288876681113,                     !- Value Until Time 4
  7,                                      !- Hour 5
  0,                                      !- Minute 5
  0.155703405291393,                      !- Value Until Time 5
  8,                                      !- Hour 6
  0,                                      !- Minute 6
  0.263498070493126,                      !- Value Until Time 6
  9,                                      !- Hour 7
  0,                                      !- Minute 7
  0.503041770941423,                      !- Value Until Time 7
  10,                                     !- Hour 8
  0,                                      !- Minute 8
  0.724619693856097,                      !- Value Until Time 8
  11,                                     !- Hour 9
  0,                                      !- Minute 9
  0.760551248923342,                      !- Value Until Time 9
  12,                                     !- Hour 10
  0,                                      !- Minute 10
  0.724619693856097,                      !- Value Until Time 10
  13,                                     !- Hour 11
  0,                                      !- Minute 11
  0.71863110134489,                       !- Value Until Time 11
  14,                                     !- Hour 12
  0,                                      !- Minute 12
  0.538973326008668,                      !- Value Until Time 12
  15,                                     !- Hour 13
  0,                                      !- Minute 13
  0.449144438340556,                      !- Value Until Time 13
  16,                                     !- Hour 14
  0,                                      !- Minute 14
  0.365304143183652,                      !- Value Until Time 14
  17,                                     !- Hour 15
  0,                                      !- Minute 15
  0.221577922914674,                      !- Value Until Time 15
  18,                                     !- Hour 16
  0,                                      !- Minute 16
  0.137737627757771,                      !- Value Until Time 16
  19,                                     !- Hour 17
  0,                                      !- Minute 17
  0.0778517026456964,                     !- Value Until Time 17
  20,                                     !- Hour 18
  0,                                      !- Minute 18
  0.0479087400896593,                     !- Value Until Time 18
  21,                                     !- Hour 19
  0,                                      !- Minute 19
  0.0239543700448297,                     !- Value Until Time 19
  24,                                     !- Hour 20
  0,                                      !- Minute 20
  0.0179657775336222;                     !- Value Until Time 20

OS:Schedule:Rule,
  {f6861941-fdbc-403d-afc4-5f5f64b51928}, !- Handle
  misc pool pump schedule allday ruleset9, !- Name
  {799daee9-7bfb-4aa2-b098-588390031070}, !- Schedule Ruleset Name
  3,                                      !- Rule Order
  {8a8b7f7f-c4e7-42a1-ab7c-bea760cbdef0}, !- Day Schedule Name
  Yes,                                    !- Apply Sunday
  Yes,                                    !- Apply Monday
  Yes,                                    !- Apply Tuesday
  Yes,                                    !- Apply Wednesday
  Yes,                                    !- Apply Thursday
  Yes,                                    !- Apply Friday
  Yes,                                    !- Apply Saturday
  DateRange,                              !- Date Specification Type
  9,                                      !- Start Month
  1,                                      !- Start Day
  9,                                      !- End Month
  30;                                     !- End Day

OS:Schedule:Day,
  {8a8b7f7f-c4e7-42a1-ab7c-bea760cbdef0}, !- Handle
  misc pool pump schedule allday9,        !- Name
  {7c878e8d-f40e-4d25-9c3b-441490f7374d}, !- Schedule Type Limits Name
  ,                                       !- Interpolate to Timestep
  3,                                      !- Hour 1
  0,                                      !- Minute 1
  0.0180675090032351,                     !- Value Until Time 1
  4,                                      !- Hour 2
  0,                                      !- Minute 2
  0.0240900120043134,                     !- Value Until Time 2
  5,                                      !- Hour 3
  0,                                      !- Minute 3
  0.0481800240086268,                     !- Value Until Time 3
  6,                                      !- Hour 4
  0,                                      !- Minute 4
  0.0903375450161753,                     !- Value Until Time 4
  7,                                      !- Hour 5
  0,                                      !- Minute 5
  0.156585078028037,                      !- Value Until Time 5
  8,                                      !- Hour 6
  0,                                      !- Minute 6
  0.264990132047448,                      !- Value Until Time 6
  9,                                      !- Hour 7
  0,                                      !- Minute 7
  0.505890252090582,                      !- Value Until Time 7
  10,                                     !- Hour 8
  0,                                      !- Minute 8
  0.728722863130481,                      !- Value Until Time 8
  11,                                     !- Hour 9
  0,                                      !- Minute 9
  0.764857881136951,                      !- Value Until Time 9
  12,                                     !- Hour 10
  0,                                      !- Minute 10
  0.728722863130481,                      !- Value Until Time 10
  13,                                     !- Hour 11
  0,                                      !- Minute 11
  0.722700360129402,                      !- Value Until Time 11
  14,                                     !- Hour 12
  0,                                      !- Minute 12
  0.542025270097052,                      !- Value Until Time 12
  15,                                     !- Hour 13
  0,                                      !- Minute 13
  0.451687725080876,                      !- Value Until Time 13
  16,                                     !- Hour 14
  0,                                      !- Minute 14
  0.36737268306578,                       !- Value Until Time 14
  17,                                     !- Hour 15
  0,                                      !- Minute 15
  0.222832611039899,                      !- Value Until Time 15
  18,                                     !- Hour 16
  0,                                      !- Minute 16
  0.138517569024802,                      !- Value Until Time 16
  19,                                     !- Hour 17
  0,                                      !- Minute 17
  0.0782925390140186,                     !- Value Until Time 17
  20,                                     !- Hour 18
  0,                                      !- Minute 18
  0.0481800240086268,                     !- Value Until Time 18
  21,                                     !- Hour 19
  0,                                      !- Minute 19
  0.0240900120043134,                     !- Value Until Time 19
  24,                                     !- Hour 20
  0,                                      !- Minute 20
  0.0180675090032351;                     !- Value Until Time 20

OS:Schedule:Rule,
  {177f37ff-05e7-4025-a50b-5f0f196a8728}, !- Handle
  misc pool pump schedule allday ruleset10, !- Name
  {799daee9-7bfb-4aa2-b098-588390031070}, !- Schedule Ruleset Name
  2,                                      !- Rule Order
  {597565ed-1526-40b8-adbe-5e63deff2c3d}, !- Day Schedule Name
  Yes,                                    !- Apply Sunday
  Yes,                                    !- Apply Monday
  Yes,                                    !- Apply Tuesday
  Yes,                                    !- Apply Wednesday
  Yes,                                    !- Apply Thursday
  Yes,                                    !- Apply Friday
  Yes,                                    !- Apply Saturday
  DateRange,                              !- Date Specification Type
  10,                                     !- Start Month
  1,                                      !- Start Day
  10,                                     !- End Month
  31;                                     !- End Day

OS:Schedule:Day,
  {597565ed-1526-40b8-adbe-5e63deff2c3d}, !- Handle
  misc pool pump schedule allday10,       !- Name
  {7c878e8d-f40e-4d25-9c3b-441490f7374d}, !- Schedule Type Limits Name
  ,                                       !- Interpolate to Timestep
  3,                                      !- Hour 1
  0,                                      !- Minute 1
  0.0198986754562656,                     !- Value Until Time 1
  4,                                      !- Hour 2
  0,                                      !- Minute 2
  0.0265315672750209,                     !- Value Until Time 2
  5,                                      !- Hour 3
  0,                                      !- Minute 3
  0.0530631345500417,                     !- Value Until Time 3
  6,                                      !- Hour 4
  0,                                      !- Minute 4
  0.0994933772813282,                     !- Value Until Time 4
  7,                                      !- Hour 5
  0,                                      !- Minute 5
  0.172455187287636,                      !- Value Until Time 5
  8,                                      !- Hour 6
  0,                                      !- Minute 6
  0.291847240025229,                      !- Value Until Time 6
  9,                                      !- Hour 7
  0,                                      !- Minute 7
  0.557162912775438,                      !- Value Until Time 7
  10,                                     !- Hour 8
  0,                                      !- Minute 8
  0.802579910069381,                      !- Value Until Time 8
  11,                                     !- Hour 9
  0,                                      !- Minute 9
  0.842377260981912,                      !- Value Until Time 9
  12,                                     !- Hour 10
  0,                                      !- Minute 10
  0.802579910069381,                      !- Value Until Time 10
  13,                                     !- Hour 11
  0,                                      !- Minute 11
  0.795947018250626,                      !- Value Until Time 11
  14,                                     !- Hour 12
  0,                                      !- Minute 12
  0.596960263687969,                      !- Value Until Time 12
  15,                                     !- Hour 13
  0,                                      !- Minute 13
  0.497466886406641,                      !- Value Until Time 13
  16,                                     !- Hour 14
  0,                                      !- Minute 14
  0.404606400944068,                      !- Value Until Time 14
  17,                                     !- Hour 15
  0,                                      !- Minute 15
  0.245416997293943,                      !- Value Until Time 15
  18,                                     !- Hour 16
  0,                                      !- Minute 16
  0.15255651183137,                       !- Value Until Time 16
  19,                                     !- Hour 17
  0,                                      !- Minute 17
  0.0862275936438178,                     !- Value Until Time 17
  20,                                     !- Hour 18
  0,                                      !- Minute 18
  0.0530631345500417,                     !- Value Until Time 18
  21,                                     !- Hour 19
  0,                                      !- Minute 19
  0.0265315672750209,                     !- Value Until Time 19
  24,                                     !- Hour 20
  0,                                      !- Minute 20
  0.0198986754562656;                     !- Value Until Time 20

OS:Schedule:Rule,
  {13ba6567-d99c-471b-ab8e-1b94d068f054}, !- Handle
  misc pool pump schedule allday ruleset11, !- Name
  {799daee9-7bfb-4aa2-b098-588390031070}, !- Schedule Ruleset Name
  1,                                      !- Rule Order
  {dd89b00d-2b38-4699-94f6-c40872267e1a}, !- Day Schedule Name
  Yes,                                    !- Apply Sunday
  Yes,                                    !- Apply Monday
  Yes,                                    !- Apply Tuesday
  Yes,                                    !- Apply Wednesday
  Yes,                                    !- Apply Thursday
  Yes,                                    !- Apply Friday
  Yes,                                    !- Apply Saturday
  DateRange,                              !- Date Specification Type
  11,                                     !- Start Month
  1,                                      !- Start Day
  11,                                     !- End Month
  30;                                     !- End Day

OS:Schedule:Day,
  {dd89b00d-2b38-4699-94f6-c40872267e1a}, !- Handle
  misc pool pump schedule allday11,       !- Name
  {7c878e8d-f40e-4d25-9c3b-441490f7374d}, !- Schedule Type Limits Name
  ,                                       !- Interpolate to Timestep
  3,                                      !- Hour 1
  0,                                      !- Minute 1
  0.0198172902805754,                     !- Value Until Time 1
  4,                                      !- Hour 2
  0,                                      !- Minute 2
  0.0264230537074339,                     !- Value Until Time 2
  5,                                      !- Hour 3
  0,                                      !- Minute 3
  0.0528461074148677,                     !- Value Until Time 3
  6,                                      !- Hour 4
  0,                                      !- Minute 4
  0.099086451402877,                      !- Value Until Time 4
  7,                                      !- Hour 5
  0,                                      !- Minute 5
  0.17174984909832,                       !- Value Until Time 5
  8,                                      !- Hour 6
  0,                                      !- Minute 6
  0.290653590781772,                      !- Value Until Time 6
  9,                                      !- Hour 7
  0,                                      !- Minute 7
  0.554884127856111,                      !- Value Until Time 7
  10,                                     !- Hour 8
  0,                                      !- Minute 8
  0.799297374649874,                      !- Value Until Time 8
  11,                                     !- Hour 9
  0,                                      !- Minute 9
  0.838931955211025,                      !- Value Until Time 9
  12,                                     !- Hour 10
  0,                                      !- Minute 10
  0.799297374649874,                      !- Value Until Time 10
  13,                                     !- Hour 11
  0,                                      !- Minute 11
  0.792691611223016,                      !- Value Until Time 11
  14,                                     !- Hour 12
  0,                                      !- Minute 12
  0.594518708417262,                      !- Value Until Time 12
  15,                                     !- Hour 13
  0,                                      !- Minute 13
  0.495432257014385,                      !- Value Until Time 13
  16,                                     !- Hour 14
  0,                                      !- Minute 14
  0.402951569038366,                      !- Value Until Time 14
  17,                                     !- Hour 15
  0,                                      !- Minute 15
  0.244413246793763,                      !- Value Until Time 15
  18,                                     !- Hour 16
  0,                                      !- Minute 16
  0.151932558817745,                      !- Value Until Time 16
  19,                                     !- Hour 17
  0,                                      !- Minute 17
  0.08587492454916,                       !- Value Until Time 17
  20,                                     !- Hour 18
  0,                                      !- Minute 18
  0.0528461074148677,                     !- Value Until Time 18
  21,                                     !- Hour 19
  0,                                      !- Minute 19
  0.0264230537074339,                     !- Value Until Time 19
  24,                                     !- Hour 20
  0,                                      !- Minute 20
  0.0198172902805754;                     !- Value Until Time 20

OS:Schedule:Rule,
  {99b98f7e-5ae9-41db-b72b-563d6b42d363}, !- Handle
  misc pool pump schedule allday ruleset12, !- Name
  {799daee9-7bfb-4aa2-b098-588390031070}, !- Schedule Ruleset Name
  0,                                      !- Rule Order
  {3caca77f-acf6-4b25-ae39-0423b7bdc76d}, !- Day Schedule Name
  Yes,                                    !- Apply Sunday
  Yes,                                    !- Apply Monday
  Yes,                                    !- Apply Tuesday
  Yes,                                    !- Apply Wednesday
  Yes,                                    !- Apply Thursday
  Yes,                                    !- Apply Friday
  Yes,                                    !- Apply Saturday
  DateRange,                              !- Date Specification Type
  12,                                     !- Start Month
  1,                                      !- Start Day
  12,                                     !- End Month
  31;                                     !- End Day

OS:Schedule:Day,
  {3caca77f-acf6-4b25-ae39-0423b7bdc76d}, !- Handle
  misc pool pump schedule allday12,       !- Name
  {7c878e8d-f40e-4d25-9c3b-441490f7374d}, !- Schedule Type Limits Name
  ,                                       !- Interpolate to Timestep
  3,                                      !- Hour 1
  0,                                      !- Minute 1
  0.0234796231866366,                     !- Value Until Time 1
  4,                                      !- Hour 2
  0,                                      !- Minute 2
  0.0313061642488487,                     !- Value Until Time 2
  5,                                      !- Hour 3
  0,                                      !- Minute 3
  0.0626123284976975,                     !- Value Until Time 3
  6,                                      !- Hour 4
  0,                                      !- Minute 4
  0.117398115933183,                      !- Value Until Time 4
  7,                                      !- Hour 5
  0,                                      !- Minute 5
  0.203490067617517,                      !- Value Until Time 5
  8,                                      !- Hour 6
  0,                                      !- Minute 6
  0.344367806737336,                      !- Value Until Time 6
  9,                                      !- Hour 7
  0,                                      !- Minute 7
  0.657429449225824,                      !- Value Until Time 7
  10,                                     !- Hour 8
  0,                                      !- Minute 8
  0.947011468527674,                      !- Value Until Time 8
  11,                                     !- Hour 9
  0,                                      !- Minute 9
  0.993970714900947,                      !- Value Until Time 9
  12,                                     !- Hour 10
  0,                                      !- Minute 10
  0.947011468527674,                      !- Value Until Time 10
  13,                                     !- Hour 11
  0,                                      !- Minute 11
  0.939184927465462,                      !- Value Until Time 11
  14,                                     !- Hour 12
  0,                                      !- Minute 12
  0.704388695599097,                      !- Value Until Time 12
  15,                                     !- Hour 13
  0,                                      !- Minute 13
  0.586990579665914,                      !- Value Until Time 13
  16,                                     !- Hour 14
  0,                                      !- Minute 14
  0.477419004794943,                      !- Value Until Time 14
  17,                                     !- Hour 15
  0,                                      !- Minute 15
  0.289582019301851,                      !- Value Until Time 15
  18,                                     !- Hour 16
  0,                                      !- Minute 16
  0.18001044443088,                       !- Value Until Time 16
  19,                                     !- Hour 17
  0,                                      !- Minute 17
  0.101745033808758,                      !- Value Until Time 17
  20,                                     !- Hour 18
  0,                                      !- Minute 18
  0.0626123284976975,                     !- Value Until Time 18
  21,                                     !- Hour 19
  0,                                      !- Minute 19
  0.0313061642488487,                     !- Value Until Time 19
  24,                                     !- Hour 20
  0,                                      !- Minute 20
  0.0234796231866366;                     !- Value Until Time 20

OS:ElectricEquipment:Definition,
  {a12de099-c70a-47e6-83bb-55f0ffb27cbe}, !- Handle
  misc pool pump,                         !- Name
  EquipmentLevel,                         !- Design Level Calculation Method
  806.547773669614,                       !- Design Level {W}
  ,                                       !- Watts per Space Floor Area {W/m2}
  ,                                       !- Watts per Person {W/person}
  0,                                      !- Fraction Latent
  0,                                      !- Fraction Radiant
  1;                                      !- Fraction Lost

OS:ElectricEquipment,
  {db948814-4437-4368-855e-dd4bd408534e}, !- Handle
  misc pool pump,                         !- Name
  {a12de099-c70a-47e6-83bb-55f0ffb27cbe}, !- Electric Equipment Definition Name
  {e42f2ab6-2c94-42a9-af10-d2a8a063b931}, !- Space or SpaceType Name
  {799daee9-7bfb-4aa2-b098-588390031070}, !- Schedule Name
  ,                                       !- Multiplier
  misc pool pump;                         !- End-Use Subcategory

OS:Schedule:Ruleset,
  {a17caa32-6078-454f-ba43-3ec57e6ba905}, !- Handle
  cooling season schedule,                !- Name
  {7c878e8d-f40e-4d25-9c3b-441490f7374d}, !- Schedule Type Limits Name
  {eae0888e-c2b3-4f49-914b-5df2b4c0a7ca}; !- Default Day Schedule Name

OS:Schedule:Day,
  {eae0888e-c2b3-4f49-914b-5df2b4c0a7ca}, !- Handle
  cooling season schedule default day,    !- Name
  {7c878e8d-f40e-4d25-9c3b-441490f7374d}, !- Schedule Type Limits Name
  ,                                       !- Interpolate to Timestep
  24,                                     !- Hour 1
  0,                                      !- Minute 1
  0;                                      !- Value Until Time 1

OS:Schedule:Rule,
  {659fa1d5-8dca-4763-8234-4bfbf011661c}, !- Handle
  cooling season schedule allday ruleset1, !- Name
  {a17caa32-6078-454f-ba43-3ec57e6ba905}, !- Schedule Ruleset Name
  2,                                      !- Rule Order
  {e89538c1-b277-4cce-97df-79454342ce16}, !- Day Schedule Name
  Yes,                                    !- Apply Sunday
  Yes,                                    !- Apply Monday
  Yes,                                    !- Apply Tuesday
  Yes,                                    !- Apply Wednesday
  Yes,                                    !- Apply Thursday
  Yes,                                    !- Apply Friday
  Yes,                                    !- Apply Saturday
  DateRange,                              !- Date Specification Type
  1,                                      !- Start Month
  1,                                      !- Start Day
  4,                                      !- End Month
  30;                                     !- End Day

OS:Schedule:Day,
  {e89538c1-b277-4cce-97df-79454342ce16}, !- Handle
  cooling season schedule allday1,        !- Name
  {7c878e8d-f40e-4d25-9c3b-441490f7374d}, !- Schedule Type Limits Name
  ,                                       !- Interpolate to Timestep
  24,                                     !- Hour 1
  0,                                      !- Minute 1
  0;                                      !- Value Until Time 1

OS:Schedule:Rule,
  {000f98b6-4e7f-4c13-856b-17aa6a83ed8f}, !- Handle
  cooling season schedule allday ruleset5, !- Name
  {a17caa32-6078-454f-ba43-3ec57e6ba905}, !- Schedule Ruleset Name
  1,                                      !- Rule Order
  {78b4b459-7f82-47b0-a88d-3851d53cb1ec}, !- Day Schedule Name
  Yes,                                    !- Apply Sunday
  Yes,                                    !- Apply Monday
  Yes,                                    !- Apply Tuesday
  Yes,                                    !- Apply Wednesday
  Yes,                                    !- Apply Thursday
  Yes,                                    !- Apply Friday
  Yes,                                    !- Apply Saturday
  DateRange,                              !- Date Specification Type
  5,                                      !- Start Month
  1,                                      !- Start Day
  10,                                     !- End Month
  31;                                     !- End Day

OS:Schedule:Day,
  {78b4b459-7f82-47b0-a88d-3851d53cb1ec}, !- Handle
  cooling season schedule allday5,        !- Name
  {7c878e8d-f40e-4d25-9c3b-441490f7374d}, !- Schedule Type Limits Name
  ,                                       !- Interpolate to Timestep
  24,                                     !- Hour 1
  0,                                      !- Minute 1
  1;                                      !- Value Until Time 1

OS:Schedule:Rule,
  {79142716-c24c-4fec-a19d-9106cfcf279d}, !- Handle
  cooling season schedule allday ruleset11, !- Name
  {a17caa32-6078-454f-ba43-3ec57e6ba905}, !- Schedule Ruleset Name
  0,                                      !- Rule Order
  {ed8a30da-2bc6-4ed1-a643-2c10ff740e35}, !- Day Schedule Name
  Yes,                                    !- Apply Sunday
  Yes,                                    !- Apply Monday
  Yes,                                    !- Apply Tuesday
  Yes,                                    !- Apply Wednesday
  Yes,                                    !- Apply Thursday
  Yes,                                    !- Apply Friday
  Yes,                                    !- Apply Saturday
  DateRange,                              !- Date Specification Type
  11,                                     !- Start Month
  1,                                      !- Start Day
  12,                                     !- End Month
  31;                                     !- End Day

OS:Schedule:Day,
  {ed8a30da-2bc6-4ed1-a643-2c10ff740e35}, !- Handle
  cooling season schedule allday11,       !- Name
  {7c878e8d-f40e-4d25-9c3b-441490f7374d}, !- Schedule Type Limits Name
  ,                                       !- Interpolate to Timestep
  24,                                     !- Hour 1
  0,                                      !- Minute 1
  0;                                      !- Value Until Time 1

OS:EnergyManagementSystem:Sensor,
  {a6e87c1d-9a62-4f0b-b4f0-af1de6019078}, !- Handle
  cool_season,                            !- Name
  cooling season schedule,                !- Output Variable or Output Meter Index Key Name
  Schedule Value;                         !- Output Variable or Output Meter Name

OS:EnergyManagementSystem:Sensor,
  {20d96ddc-2ef9-4207-9768-a54d4c9612d6}, !- Handle
  out_pb_s,                               !- Name
  ,                                       !- Output Variable or Output Meter Index Key Name
  Site Outdoor Air Barometric Pressure;   !- Output Variable or Output Meter Name

OS:EnergyManagementSystem:Sensor,
  {4a9054c8-097e-43a1-9013-412effa15b37}, !- Handle
  out_wt_s,                               !- Name
  ,                                       !- Output Variable or Output Meter Index Key Name
  Site Outdoor Air Humidity Ratio;        !- Output Variable or Output Meter Name

OS:EnergyManagementSystem:Sensor,
  {bd8eddf3-ead7-4801-9190-9b882591d4d5}, !- Handle
  win_s,                                  !- Name
  conditioned space,                      !- Output Variable or Output Meter Index Key Name
  Zone Air Humidity Ratio;                !- Output Variable or Output Meter Name

OS:EnergyManagementSystem:Sensor,
  {2985401d-7602-44b2-b3fc-91a0235dc99a}, !- Handle
  site_vw_s,                              !- Name
  ,                                       !- Output Variable or Output Meter Index Key Name
  Site Wind Speed;                        !- Output Variable or Output Meter Name

OS:EnergyManagementSystem:Sensor,
  {4ffe7d48-ce9d-43cb-80c1-1135e352ae2a}, !- Handle
  tin_s,                                  !- Name
  conditioned space,                      !- Output Variable or Output Meter Index Key Name
  Zone Mean Air Temperature;              !- Output Variable or Output Meter Name

OS:EnergyManagementSystem:Sensor,
  {e3b84dc7-3cda-41a8-946f-5c55ce490503}, !- Handle
  tout_s,                                 !- Name
  conditioned space,                      !- Output Variable or Output Meter Index Key Name
  Zone Outdoor Air Drybulb Temperature;   !- Output Variable or Output Meter Name

OS:EnergyManagementSystem:GlobalVariable,
  {133c6b9f-667e-4a8e-b14d-daa3dd2a2967}, !- Handle
  central_ac_and_furnace_airloop_Fan_RTF; !- Name

OS:EnergyManagementSystem:InternalVariable,
  {dfb17daa-89da-4bcc-9ff1-bbf2a05b5757}, !- Handle
  central_ac_and_furnace_airloop_max_sup_fan_mfr, !- Name
  central ac and furnace supply fan,      !- Internal Data Index Key Name
  Fan Maximum Mass Flow Rate;             !- Internal Data Type

OS:EnergyManagementSystem:Sensor,
  {7320f330-68be-459b-83e5-656955875782}, !- Handle
  central_ac_and_furnace_airloop_Fan_RTF_s, !- Name
  central ac and furnace supply fan,      !- Output Variable or Output Meter Index Key Name
  Fan Runtime Fraction Speed 1;           !- Output Variable or Output Meter Name

OS:EnergyManagementSystem:Sensor,
  {eb8e2751-b43d-4b02-aa07-57aeccbd7142}, !- Handle
  central_ac_and_furnace_airloop_Fan_RTF_s_1, !- Name
  central ac and furnace supply fan,      !- Output Variable or Output Meter Index Key Name
  Fan Runtime Fraction Speed 2;           !- Output Variable or Output Meter Name

OS:ThermalZone,
  {657bddab-1fe8-465b-9fe2-6f61dadd0017}, !- Handle
  central ac and furnace airloop ret air zone, !- Name
  1,                                      !- Multiplier
  ,                                       !- Ceiling Height {m}
  1,                                      !- Volume {m3}
  ,                                       !- Floor Area {m2}
  ,                                       !- Zone Inside Convection Algorithm
  ,                                       !- Zone Outside Convection Algorithm
  ,                                       !- Zone Conditioning Equipment List Name
  {d32eb84d-94bf-4580-901f-dabdae59617f}, !- Zone Air Inlet Port List
  {325ceb1a-b94f-412d-994a-20584a9e4fa8}, !- Zone Air Exhaust Port List
  {fd1da89c-561d-4026-9336-4032cba6f1c8}, !- Zone Air Node Name
  {0cf46f97-8491-48fb-aaad-36825d725ebe}, !- Zone Return Air Port List
  ,                                       !- Primary Daylighting Control Name
  ,                                       !- Fraction of Zone Controlled by Primary Daylighting Control
  ,                                       !- Secondary Daylighting Control Name
  ,                                       !- Fraction of Zone Controlled by Secondary Daylighting Control
  ,                                       !- Illuminance Map Name
  ,                                       !- Group Rendering Name
  ,                                       !- Thermostat Name
  No;                                     !- Use Ideal Air Loads

OS:Node,
  {535da53d-de75-445b-8aef-d285e74a8e43}, !- Handle
  Node 23,                                !- Name
  {fd1da89c-561d-4026-9336-4032cba6f1c8}, !- Inlet Port
  ;                                       !- Outlet Port

OS:Connection,
  {fd1da89c-561d-4026-9336-4032cba6f1c8}, !- Handle
  {657bddab-1fe8-465b-9fe2-6f61dadd0017}, !- Source Object
  11,                                     !- Outlet Port
  {535da53d-de75-445b-8aef-d285e74a8e43}, !- Target Object
  2;                                      !- Inlet Port

OS:PortList,
  {d32eb84d-94bf-4580-901f-dabdae59617f}, !- Handle
  {657bddab-1fe8-465b-9fe2-6f61dadd0017}; !- HVAC Component

OS:PortList,
  {325ceb1a-b94f-412d-994a-20584a9e4fa8}, !- Handle
  {657bddab-1fe8-465b-9fe2-6f61dadd0017}; !- HVAC Component

OS:PortList,
  {0cf46f97-8491-48fb-aaad-36825d725ebe}, !- Handle
  {657bddab-1fe8-465b-9fe2-6f61dadd0017}; !- HVAC Component

OS:Sizing:Zone,
  {7f0f528a-f2d0-453a-8b79-32f67b7ec879}, !- Handle
  {657bddab-1fe8-465b-9fe2-6f61dadd0017}, !- Zone or ZoneList Name
  SupplyAirTemperature,                   !- Zone Cooling Design Supply Air Temperature Input Method
  14,                                     !- Zone Cooling Design Supply Air Temperature {C}
  11.11,                                  !- Zone Cooling Design Supply Air Temperature Difference {deltaC}
  SupplyAirTemperature,                   !- Zone Heating Design Supply Air Temperature Input Method
  40,                                     !- Zone Heating Design Supply Air Temperature {C}
  11.11,                                  !- Zone Heating Design Supply Air Temperature Difference {deltaC}
  0.0085,                                 !- Zone Cooling Design Supply Air Humidity Ratio {kg-H2O/kg-air}
  0.008,                                  !- Zone Heating Design Supply Air Humidity Ratio {kg-H2O/kg-air}
  ,                                       !- Zone Heating Sizing Factor
  ,                                       !- Zone Cooling Sizing Factor
  DesignDay,                              !- Cooling Design Air Flow Method
  ,                                       !- Cooling Design Air Flow Rate {m3/s}
  ,                                       !- Cooling Minimum Air Flow per Zone Floor Area {m3/s-m2}
  ,                                       !- Cooling Minimum Air Flow {m3/s}
  ,                                       !- Cooling Minimum Air Flow Fraction
  DesignDay,                              !- Heating Design Air Flow Method
  ,                                       !- Heating Design Air Flow Rate {m3/s}
  ,                                       !- Heating Maximum Air Flow per Zone Floor Area {m3/s-m2}
  ,                                       !- Heating Maximum Air Flow {m3/s}
  ,                                       !- Heating Maximum Air Flow Fraction
  No,                                     !- Account for Dedicated Outdoor Air System
  NeutralSupplyAir,                       !- Dedicated Outdoor Air System Control Strategy
  autosize,                               !- Dedicated Outdoor Air Low Setpoint Temperature for Design {C}
  autosize,                               !- Dedicated Outdoor Air High Setpoint Temperature for Design {C}
  Sensible Load Only No Latent Load,      !- Zone Load Sizing Method
  HumidityRatioDifference,                !- Zone Latent Cooling Design Supply Air Humidity Ratio Input Method
  ,                                       !- Zone Dehumidification Design Supply Air Humidity Ratio {kgWater/kgDryAir}
  0.005,                                  !- Zone Cooling Design Supply Air Humidity Ratio Difference {kgWater/kgDryAir}
  HumidityRatioDifference,                !- Zone Latent Heating Design Supply Air Humidity Ratio Input Method
  ,                                       !- Zone Humidification Design Supply Air Humidity Ratio {kgWater/kgDryAir}
  0.005;                                  !- Zone Humidification Design Supply Air Humidity Ratio Difference {kgWater/kgDryAir}

OS:ZoneHVAC:EquipmentList,
  {b71d450f-f124-4ac1-b869-fab85e592e87}, !- Handle
  Zone HVAC Equipment List 4,             !- Name
  {657bddab-1fe8-465b-9fe2-6f61dadd0017}; !- Thermal Zone

OS:Space,
  {a2b6ec32-4bb0-4239-8b37-670d3aa8e79c}, !- Handle
  central ac and furnace airloop ret air space, !- Name
  ,                                       !- Space Type Name
  ,                                       !- Default Construction Set Name
  ,                                       !- Default Schedule Set Name
  ,                                       !- Direction of Relative North {deg}
  ,                                       !- X Origin {m}
  ,                                       !- Y Origin {m}
  ,                                       !- Z Origin {m}
  ,                                       !- Building Story Name
  {657bddab-1fe8-465b-9fe2-6f61dadd0017}, !- Thermal Zone Name
  ,                                       !- Part of Total Floor Area
  ,                                       !- Design Specification Outdoor Air Object Name
  {08d6d2aa-9924-4d6a-ba1c-43e825865b73}; !- Building Unit Name

OS:Surface,
  {5306e3a6-fa76-4b30-8bc7-1d434bb6a176}, !- Handle
  Surface 1,                              !- Name
  Floor,                                  !- Surface Type
  {b24cfa3c-5bc8-4ca6-84d0-34f843dd5d57}, !- Construction Name
  {a2b6ec32-4bb0-4239-8b37-670d3aa8e79c}, !- Space Name
  Adiabatic,                              !- Outside Boundary Condition
  ,                                       !- Outside Boundary Condition Object
  NoSun,                                  !- Sun Exposure
  NoWind,                                 !- Wind Exposure
  ,                                       !- View Factor to Ground
  ,                                       !- Number of Vertices
  0, 0, 0,                                !- X,Y,Z Vertex 1 {m}
  0, 1, 0,                                !- X,Y,Z Vertex 2 {m}
  1, 1, 0,                                !- X,Y,Z Vertex 3 {m}
  1, 0, 0;                                !- X,Y,Z Vertex 4 {m}

OS:Surface,
  {b52b8b2b-c03d-487b-be63-eb4f13e86019}, !- Handle
  Surface 2,                              !- Name
  Wall,                                   !- Surface Type
  {b24cfa3c-5bc8-4ca6-84d0-34f843dd5d57}, !- Construction Name
  {a2b6ec32-4bb0-4239-8b37-670d3aa8e79c}, !- Space Name
  Adiabatic,                              !- Outside Boundary Condition
  ,                                       !- Outside Boundary Condition Object
  NoSun,                                  !- Sun Exposure
  NoWind,                                 !- Wind Exposure
  ,                                       !- View Factor to Ground
  ,                                       !- Number of Vertices
  0, 0, 1,                                !- X,Y,Z Vertex 1 {m}
  0, 1, 1,                                !- X,Y,Z Vertex 2 {m}
  0, 1, 0,                                !- X,Y,Z Vertex 3 {m}
  0, 0, 0;                                !- X,Y,Z Vertex 4 {m}

OS:Surface,
  {701a1048-c5cb-40a4-a66b-ccede50c1403}, !- Handle
  Surface 3,                              !- Name
  Wall,                                   !- Surface Type
  {b24cfa3c-5bc8-4ca6-84d0-34f843dd5d57}, !- Construction Name
  {a2b6ec32-4bb0-4239-8b37-670d3aa8e79c}, !- Space Name
  Adiabatic,                              !- Outside Boundary Condition
  ,                                       !- Outside Boundary Condition Object
  NoSun,                                  !- Sun Exposure
  NoWind,                                 !- Wind Exposure
  ,                                       !- View Factor to Ground
  ,                                       !- Number of Vertices
  0, 1, 1,                                !- X,Y,Z Vertex 1 {m}
  1, 1, 1,                                !- X,Y,Z Vertex 2 {m}
  1, 1, 0,                                !- X,Y,Z Vertex 3 {m}
  0, 1, 0;                                !- X,Y,Z Vertex 4 {m}

OS:Surface,
  {b3bc712a-8648-4eba-a112-810127d3266f}, !- Handle
  Surface 4,                              !- Name
  Wall,                                   !- Surface Type
  {b24cfa3c-5bc8-4ca6-84d0-34f843dd5d57}, !- Construction Name
  {a2b6ec32-4bb0-4239-8b37-670d3aa8e79c}, !- Space Name
  Adiabatic,                              !- Outside Boundary Condition
  ,                                       !- Outside Boundary Condition Object
  NoSun,                                  !- Sun Exposure
  NoWind,                                 !- Wind Exposure
  ,                                       !- View Factor to Ground
  ,                                       !- Number of Vertices
  1, 1, 1,                                !- X,Y,Z Vertex 1 {m}
  1, 0, 1,                                !- X,Y,Z Vertex 2 {m}
  1, 0, 0,                                !- X,Y,Z Vertex 3 {m}
  1, 1, 0;                                !- X,Y,Z Vertex 4 {m}

OS:Surface,
  {aec4185f-8886-4c91-9e95-c8d86bc243b4}, !- Handle
  Surface 5,                              !- Name
  Wall,                                   !- Surface Type
  {b24cfa3c-5bc8-4ca6-84d0-34f843dd5d57}, !- Construction Name
  {a2b6ec32-4bb0-4239-8b37-670d3aa8e79c}, !- Space Name
  Adiabatic,                              !- Outside Boundary Condition
  ,                                       !- Outside Boundary Condition Object
  NoSun,                                  !- Sun Exposure
  NoWind,                                 !- Wind Exposure
  ,                                       !- View Factor to Ground
  ,                                       !- Number of Vertices
  1, 0, 1,                                !- X,Y,Z Vertex 1 {m}
  0, 0, 1,                                !- X,Y,Z Vertex 2 {m}
  0, 0, 0,                                !- X,Y,Z Vertex 3 {m}
  1, 0, 0;                                !- X,Y,Z Vertex 4 {m}

OS:Surface,
  {d3e4f9d2-d777-485d-95a5-456abf1efb57}, !- Handle
  Surface 6,                              !- Name
  RoofCeiling,                            !- Surface Type
  {b24cfa3c-5bc8-4ca6-84d0-34f843dd5d57}, !- Construction Name
  {a2b6ec32-4bb0-4239-8b37-670d3aa8e79c}, !- Space Name
  Adiabatic,                              !- Outside Boundary Condition
  ,                                       !- Outside Boundary Condition Object
  NoSun,                                  !- Sun Exposure
  NoWind,                                 !- Wind Exposure
  ,                                       !- View Factor to Ground
  ,                                       !- Number of Vertices
  1, 0, 1,                                !- X,Y,Z Vertex 1 {m}
  1, 1, 1,                                !- X,Y,Z Vertex 2 {m}
  0, 1, 1,                                !- X,Y,Z Vertex 3 {m}
  0, 0, 1;                                !- X,Y,Z Vertex 4 {m}

OS:Material:NoMass,
  {a409cbd3-3e84-4f9f-b170-f73b46d5bbdf}, !- Handle
  Adiabatic,                              !- Name
  Rough,                                  !- Roughness
  176.1;                                  !- Thermal Resistance {m2-K/W}

OS:Construction,
  {b24cfa3c-5bc8-4ca6-84d0-34f843dd5d57}, !- Handle
  AdiabaticConst,                         !- Name
  ,                                       !- Surface Rendering Name
  {a409cbd3-3e84-4f9f-b170-f73b46d5bbdf}; !- Layer 1

OS:SurfaceProperty:ConvectionCoefficients,
  {39712817-d1b2-4cd4-9a0c-989bf2386160}, !- Handle
  {d3e4f9d2-d777-485d-95a5-456abf1efb57}, !- Surface Name
  Inside,                                 !- Convection Coefficient 1 Location
  Value,                                  !- Convection Coefficient 1 Type
  30;                                     !- Convection Coefficient 1 {W/m2-K}

OS:SurfaceProperty:ConvectionCoefficients,
  {10dd839a-9bf7-425f-b952-b3b6dcaac326}, !- Handle
  {aec4185f-8886-4c91-9e95-c8d86bc243b4}, !- Surface Name
  Inside,                                 !- Convection Coefficient 1 Location
  Value,                                  !- Convection Coefficient 1 Type
  30;                                     !- Convection Coefficient 1 {W/m2-K}

OS:SurfaceProperty:ConvectionCoefficients,
  {a964be40-bf41-4704-98f2-16d4937163d7}, !- Handle
  {5306e3a6-fa76-4b30-8bc7-1d434bb6a176}, !- Surface Name
  Inside,                                 !- Convection Coefficient 1 Location
  Value,                                  !- Convection Coefficient 1 Type
  30;                                     !- Convection Coefficient 1 {W/m2-K}

OS:SurfaceProperty:ConvectionCoefficients,
  {7988d8c9-2e59-49e0-bb48-f813b73308ef}, !- Handle
  {b3bc712a-8648-4eba-a112-810127d3266f}, !- Surface Name
  Inside,                                 !- Convection Coefficient 1 Location
  Value,                                  !- Convection Coefficient 1 Type
  30;                                     !- Convection Coefficient 1 {W/m2-K}

OS:SurfaceProperty:ConvectionCoefficients,
  {37ec39f9-2725-4dd7-9bc4-9b3a341d869b}, !- Handle
  {701a1048-c5cb-40a4-a66b-ccede50c1403}, !- Surface Name
  Inside,                                 !- Convection Coefficient 1 Location
  Value,                                  !- Convection Coefficient 1 Type
  30;                                     !- Convection Coefficient 1 {W/m2-K}

OS:SurfaceProperty:ConvectionCoefficients,
  {51bed65e-fd94-466b-8bbf-6cb686f1ee30}, !- Handle
  {b52b8b2b-c03d-487b-be63-eb4f13e86019}, !- Surface Name
  Inside,                                 !- Convection Coefficient 1 Location
  Value,                                  !- Convection Coefficient 1 Type
  30;                                     !- Convection Coefficient 1 {W/m2-K}

OS:AirLoopHVAC:ReturnPlenum,
  {9fb2baf7-1da9-40d9-806b-03725d2ca16d}, !- Handle
  Air Loop HVAC Return Plenum 1,          !- Name
  {657bddab-1fe8-465b-9fe2-6f61dadd0017}, !- ThermalZone
  {96a9d6fe-1c80-4b4b-9b3c-2ad66e653a4c}, !- Outlet Node
  ,                                       !- Induced Air Outlet Port List
  {2f86d559-6ed7-4ba6-bd6a-7940a803b600}; !- Inlet Node 1

OS:Node,
  {ef4d282e-7ef8-4010-ad65-c809f4a6eabb}, !- Handle
  Node 25,                                !- Name
  {96a9d6fe-1c80-4b4b-9b3c-2ad66e653a4c}, !- Inlet Port
  {d07dca3d-041f-48a5-9617-457d3d0e52cc}; !- Outlet Port

OS:Connection,
  {2f86d559-6ed7-4ba6-bd6a-7940a803b600}, !- Handle
  {e0f4f559-bbd7-44c2-a4a5-17e4c60f1392}, !- Source Object
  3,                                      !- Outlet Port
  {9fb2baf7-1da9-40d9-806b-03725d2ca16d}, !- Target Object
  5;                                      !- Inlet Port

OS:Connection,
  {96a9d6fe-1c80-4b4b-9b3c-2ad66e653a4c}, !- Handle
  {9fb2baf7-1da9-40d9-806b-03725d2ca16d}, !- Source Object
  3,                                      !- Outlet Port
  {ef4d282e-7ef8-4010-ad65-c809f4a6eabb}, !- Target Object
  2;                                      !- Inlet Port

OS:Connection,
  {d07dca3d-041f-48a5-9617-457d3d0e52cc}, !- Handle
  {ef4d282e-7ef8-4010-ad65-c809f4a6eabb}, !- Source Object
  3,                                      !- Outlet Port
  {6cd85199-499d-463c-9b70-833318c8a4da}, !- Target Object
  3;                                      !- Inlet Port

OS:EnergyManagementSystem:GlobalVariable,
  {cd808fe1-0847-4a6b-8162-e7a4d777df63}, !- Handle
  central_ac_and_furnace_airloop_AH_MFR;  !- Name

OS:EnergyManagementSystem:Sensor,
  {1bc14033-17c1-4d49-805f-39af57cde460}, !- Handle
  central_ac_and_furnace_airloop_AH_MFR_s, !- Name
  Node 6,                                 !- Output Variable or Output Meter Index Key Name
  System Node Mass Flow Rate;             !- Output Variable or Output Meter Name

OS:EnergyManagementSystem:GlobalVariable,
  {640c46c0-4430-401f-bd20-6222a5b5f7e2}, !- Handle
  central_ac_and_furnace_airloop_AH_VFR;  !- Name

OS:EnergyManagementSystem:Sensor,
  {cb15a474-386f-4e5d-8029-4b698a64441d}, !- Handle
  central_ac_and_furnace_airloop_AH_VFR_s, !- Name
  Node 6,                                 !- Output Variable or Output Meter Index Key Name
  System Node Current Density Volume Flow Rate; !- Output Variable or Output Meter Name

OS:EnergyManagementSystem:GlobalVariable,
  {bd7d544f-8019-41be-9a4f-610925ce9377}, !- Handle
  central_ac_and_furnace_airloop_AH_Tout; !- Name

OS:EnergyManagementSystem:Sensor,
  {11abf597-5566-4913-9eba-9e342f463aa9}, !- Handle
  central_ac_and_furnace_airloop_AH_Tout_s, !- Name
  Node 6,                                 !- Output Variable or Output Meter Index Key Name
  System Node Temperature;                !- Output Variable or Output Meter Name

OS:EnergyManagementSystem:GlobalVariable,
  {b8bb3e8e-7f08-47c3-a21a-e93abcd952a7}, !- Handle
  central_ac_and_furnace_airloop_AH_Wout; !- Name

OS:EnergyManagementSystem:Sensor,
  {8eee1ee8-b607-40ea-bca2-5d0c98629ef7}, !- Handle
  central_ac_and_furnace_airloop_AH_Wout_s, !- Name
  Node 6,                                 !- Output Variable or Output Meter Index Key Name
  System Node Humidity Ratio;             !- Output Variable or Output Meter Name

OS:EnergyManagementSystem:GlobalVariable,
  {ebd81c4b-5afb-40cf-9fad-e66d898e6f48}, !- Handle
  central_ac_and_furnace_airloop_RA_T;    !- Name

OS:EnergyManagementSystem:Sensor,
  {b2ad0e34-458f-4f52-8b68-a3205b840481}, !- Handle
  central_ac_and_furnace_airloop_RA_T_s,  !- Name
  Node 9,                                 !- Output Variable or Output Meter Index Key Name
  System Node Temperature;                !- Output Variable or Output Meter Name

OS:EnergyManagementSystem:GlobalVariable,
  {53c42c09-3897-46b0-a295-ad81a9409f92}, !- Handle
  central_ac_and_furnace_airloop_Ra_W;    !- Name

OS:EnergyManagementSystem:Sensor,
  {a07b43e5-d7f9-4221-a506-ff7ff8113cff}, !- Handle
  central_ac_and_furnace_airloop_Ra_W_s,  !- Name
  Node 9,                                 !- Output Variable or Output Meter Index Key Name
  System Node Humidity Ratio;             !- Output Variable or Output Meter Name

OS:EnergyManagementSystem:GlobalVariable,
  {bfd03648-5b09-4f57-bbf2-e603e7a1e9c9}, !- Handle
  central_ac_and_furnace_airloop_0_DZ_T;  !- Name

OS:EnergyManagementSystem:Sensor,
  {cb611a7f-aae8-4aa2-b2ca-43f61e056422}, !- Handle
  central_ac_and_furnace_airloop_0_DZ_T_s, !- Name
  basement - unconditioned,               !- Output Variable or Output Meter Index Key Name
  Zone Air Temperature;                   !- Output Variable or Output Meter Name

OS:EnergyManagementSystem:GlobalVariable,
  {f5756fd9-94e3-4c27-83da-3394781ab6f5}, !- Handle
  central_ac_and_furnace_airloop_0_DZ_W;  !- Name

OS:EnergyManagementSystem:Sensor,
  {b86f03a4-38cd-4675-9471-461cad51544e}, !- Handle
  central_ac_and_furnace_airloop_0_DZ_W_s, !- Name
  basement - unconditioned,               !- Output Variable or Output Meter Index Key Name
  Zone Mean Air Humidity Ratio;           !- Output Variable or Output Meter Name

OS:EnergyManagementSystem:GlobalVariable,
  {698a44f4-4b07-412b-aa2f-27e9b882bbe2}, !- Handle
  central_ac_and_furnace_airloop_0_SupSensLkToCond; !- Name

OS:OtherEquipment:Definition,
  {2535005a-27bf-4b83-96a0-9aa372f896f8}, !- Handle
  central_ac_and_furnace_airloop_0_SupSensLkToCond equip, !- Name
  EquipmentLevel,                         !- Design Level Calculation Method
  0,                                      !- Design Level {W}
  ,                                       !- Watts per Space Floor Area {W/m2}
  ,                                       !- Watts per Person {W/Person}
  0,                                      !- Fraction Latent
  0,                                      !- Fraction Radiant
  0;                                      !- Fraction Lost

OS:OtherEquipment,
  {aa29fc0b-bd66-4dd5-9d35-7e3d93d40459}, !- Handle
  central_ac_and_furnace_airloop_0_SupSensLkToCond equip, !- Name
  {2535005a-27bf-4b83-96a0-9aa372f896f8}, !- Other Equipment Definition Name
  {e42f2ab6-2c94-42a9-af10-d2a8a063b931}, !- Space or SpaceType Name
  {b406f736-53d0-426d-8652-22a68506b98b}, !- Schedule Name
  ,                                       !- Multiplier
  None,                                   !- Fuel Type
  duct load;                              !- End-Use Subcategory

OS:EnergyManagementSystem:Actuator,
  {01e8d1d4-97c1-4efb-a231-922efeee12c7}, !- Handle
  central_ac_and_furnace_airloop_0_SupSensLkToCond_equip_act, !- Name
  {aa29fc0b-bd66-4dd5-9d35-7e3d93d40459}, !- Actuated Component Name
  OtherEquipment,                         !- Actuated Component Type
  Power Level,                            !- Actuated Component Control Type
  {e42f2ab6-2c94-42a9-af10-d2a8a063b931}; !- Zone or Space Name

OS:EnergyManagementSystem:GlobalVariable,
  {29536aa2-ea41-4fab-9c52-0ade994f4551}, !- Handle
  central_ac_and_furnace_airloop_0_SupLatLkToCond; !- Name

OS:OtherEquipment:Definition,
  {8293ae9d-6fb8-4ef9-b3dc-d3b13aa8d319}, !- Handle
  central_ac_and_furnace_airloop_0_SupLatLkToCond equip, !- Name
  EquipmentLevel,                         !- Design Level Calculation Method
  0,                                      !- Design Level {W}
  ,                                       !- Watts per Space Floor Area {W/m2}
  ,                                       !- Watts per Person {W/Person}
  1,                                      !- Fraction Latent
  0,                                      !- Fraction Radiant
  0;                                      !- Fraction Lost

OS:OtherEquipment,
  {ea1e6191-5ea3-4f2e-a130-1d10da69fc83}, !- Handle
  central_ac_and_furnace_airloop_0_SupLatLkToCond equip, !- Name
  {8293ae9d-6fb8-4ef9-b3dc-d3b13aa8d319}, !- Other Equipment Definition Name
  {e42f2ab6-2c94-42a9-af10-d2a8a063b931}, !- Space or SpaceType Name
  {b406f736-53d0-426d-8652-22a68506b98b}, !- Schedule Name
  ,                                       !- Multiplier
  None,                                   !- Fuel Type
  duct load;                              !- End-Use Subcategory

OS:EnergyManagementSystem:Actuator,
  {57dffd5f-82dc-46ca-bf80-8dbdd0fbc3f1}, !- Handle
  central_ac_and_furnace_airloop_0_SupLatLkToCond_equip_act, !- Name
  {ea1e6191-5ea3-4f2e-a130-1d10da69fc83}, !- Actuated Component Name
  OtherEquipment,                         !- Actuated Component Type
  Power Level,                            !- Actuated Component Control Type
  {e42f2ab6-2c94-42a9-af10-d2a8a063b931}; !- Zone or Space Name

OS:EnergyManagementSystem:GlobalVariable,
  {af8eb641-832e-4759-9a06-96365210fa0e}, !- Handle
  central_ac_and_furnace_airloop_0_SupCondToLv; !- Name

OS:OtherEquipment:Definition,
  {fdd4fd50-13fd-4b7d-8015-3d029f8238db}, !- Handle
  central_ac_and_furnace_airloop_0_SupCondToLv equip, !- Name
  EquipmentLevel,                         !- Design Level Calculation Method
  0,                                      !- Design Level {W}
  ,                                       !- Watts per Space Floor Area {W/m2}
  ,                                       !- Watts per Person {W/Person}
  0,                                      !- Fraction Latent
  0,                                      !- Fraction Radiant
  0;                                      !- Fraction Lost

OS:OtherEquipment,
  {a00a43e6-6898-4fb1-a6a1-6e10c4bbe259}, !- Handle
  central_ac_and_furnace_airloop_0_SupCondToLv equip, !- Name
  {fdd4fd50-13fd-4b7d-8015-3d029f8238db}, !- Other Equipment Definition Name
  {e42f2ab6-2c94-42a9-af10-d2a8a063b931}, !- Space or SpaceType Name
  {b406f736-53d0-426d-8652-22a68506b98b}, !- Schedule Name
  ,                                       !- Multiplier
  None,                                   !- Fuel Type
  duct load;                              !- End-Use Subcategory

OS:EnergyManagementSystem:Actuator,
  {bb960ebd-aa81-4f13-9c86-4c0ed1f00ea3}, !- Handle
  central_ac_and_furnace_airloop_0_SupCondToLv_equip_act, !- Name
  {a00a43e6-6898-4fb1-a6a1-6e10c4bbe259}, !- Actuated Component Name
  OtherEquipment,                         !- Actuated Component Type
  Power Level,                            !- Actuated Component Control Type
  {e42f2ab6-2c94-42a9-af10-d2a8a063b931}; !- Zone or Space Name

OS:EnergyManagementSystem:GlobalVariable,
  {9867b5c3-31ee-4297-89fa-9cbe34d3eace}, !- Handle
  central_ac_and_furnace_airloop_0_RetCondToRP; !- Name

OS:OtherEquipment:Definition,
  {bc741c8c-a642-4684-b087-71de516fbfa5}, !- Handle
  central_ac_and_furnace_airloop_0_RetCondToRP equip, !- Name
  EquipmentLevel,                         !- Design Level Calculation Method
  0,                                      !- Design Level {W}
  ,                                       !- Watts per Space Floor Area {W/m2}
  ,                                       !- Watts per Person {W/Person}
  0,                                      !- Fraction Latent
  0,                                      !- Fraction Radiant
  0;                                      !- Fraction Lost

OS:OtherEquipment,
  {91493923-bfb6-4f40-a503-75c075cff0ac}, !- Handle
  central_ac_and_furnace_airloop_0_RetCondToRP equip, !- Name
  {bc741c8c-a642-4684-b087-71de516fbfa5}, !- Other Equipment Definition Name
  {a2b6ec32-4bb0-4239-8b37-670d3aa8e79c}, !- Space or SpaceType Name
  {b406f736-53d0-426d-8652-22a68506b98b}, !- Schedule Name
  ,                                       !- Multiplier
  None,                                   !- Fuel Type
  duct load;                              !- End-Use Subcategory

OS:EnergyManagementSystem:Actuator,
  {2a2a2200-4ff5-4ff7-9bc9-da9d7c21e670}, !- Handle
  central_ac_and_furnace_airloop_0_RetCondToRP_equip_act, !- Name
  {91493923-bfb6-4f40-a503-75c075cff0ac}, !- Actuated Component Name
  OtherEquipment,                         !- Actuated Component Type
  Power Level,                            !- Actuated Component Control Type
  {a2b6ec32-4bb0-4239-8b37-670d3aa8e79c}; !- Zone or Space Name

OS:EnergyManagementSystem:GlobalVariable,
  {c29c5f11-105e-4fcc-9f86-cce3aec3461e}, !- Handle
  central_ac_and_furnace_airloop_0_RetSensLkToRP; !- Name

OS:OtherEquipment:Definition,
  {d35a6090-6482-42af-98be-c2cf7b160389}, !- Handle
  central_ac_and_furnace_airloop_0_RetSensLkToRP equip, !- Name
  EquipmentLevel,                         !- Design Level Calculation Method
  0,                                      !- Design Level {W}
  ,                                       !- Watts per Space Floor Area {W/m2}
  ,                                       !- Watts per Person {W/Person}
  0,                                      !- Fraction Latent
  0,                                      !- Fraction Radiant
  0;                                      !- Fraction Lost

OS:OtherEquipment,
  {7e97672a-714b-43a2-a47d-9e4a9c4bd801}, !- Handle
  central_ac_and_furnace_airloop_0_RetSensLkToRP equip, !- Name
  {d35a6090-6482-42af-98be-c2cf7b160389}, !- Other Equipment Definition Name
  {a2b6ec32-4bb0-4239-8b37-670d3aa8e79c}, !- Space or SpaceType Name
  {b406f736-53d0-426d-8652-22a68506b98b}, !- Schedule Name
  ,                                       !- Multiplier
  None,                                   !- Fuel Type
  duct load;                              !- End-Use Subcategory

OS:EnergyManagementSystem:Actuator,
  {3779394e-2d63-453a-b167-36472cf68a3d}, !- Handle
  central_ac_and_furnace_airloop_0_RetSensLkToRP_equip_act, !- Name
  {7e97672a-714b-43a2-a47d-9e4a9c4bd801}, !- Actuated Component Name
  OtherEquipment,                         !- Actuated Component Type
  Power Level,                            !- Actuated Component Control Type
  {a2b6ec32-4bb0-4239-8b37-670d3aa8e79c}; !- Zone or Space Name

OS:EnergyManagementSystem:GlobalVariable,
  {35a66520-57b0-4c6c-b646-2290778ee55a}, !- Handle
  central_ac_and_furnace_airloop_0_RetLatLkToRP; !- Name

OS:OtherEquipment:Definition,
  {e0d76b8e-cb10-4519-ab2d-0ca8d2f45eab}, !- Handle
  central_ac_and_furnace_airloop_0_RetLatLkToRP equip, !- Name
  EquipmentLevel,                         !- Design Level Calculation Method
  0,                                      !- Design Level {W}
  ,                                       !- Watts per Space Floor Area {W/m2}
  ,                                       !- Watts per Person {W/Person}
  1,                                      !- Fraction Latent
  0,                                      !- Fraction Radiant
  0;                                      !- Fraction Lost

OS:OtherEquipment,
  {220b2ae2-5217-4786-8aab-02b683cc094e}, !- Handle
  central_ac_and_furnace_airloop_0_RetLatLkToRP equip, !- Name
  {e0d76b8e-cb10-4519-ab2d-0ca8d2f45eab}, !- Other Equipment Definition Name
  {a2b6ec32-4bb0-4239-8b37-670d3aa8e79c}, !- Space or SpaceType Name
  {b406f736-53d0-426d-8652-22a68506b98b}, !- Schedule Name
  ,                                       !- Multiplier
  None,                                   !- Fuel Type
  duct load;                              !- End-Use Subcategory

OS:EnergyManagementSystem:Actuator,
  {95282d07-d804-4266-bc0b-dd33b0cef7af}, !- Handle
  central_ac_and_furnace_airloop_0_RetLatLkToRP_equip_act, !- Name
  {220b2ae2-5217-4786-8aab-02b683cc094e}, !- Actuated Component Name
  OtherEquipment,                         !- Actuated Component Type
  Power Level,                            !- Actuated Component Control Type
  {a2b6ec32-4bb0-4239-8b37-670d3aa8e79c}; !- Zone or Space Name

OS:EnergyManagementSystem:GlobalVariable,
  {a1154108-1877-4f17-98e9-45114cda67c8}, !- Handle
  central_ac_and_furnace_airloop_0_SupCondToDZ; !- Name

OS:OtherEquipment:Definition,
  {0299282b-5150-4320-94eb-794dbc3f965c}, !- Handle
  central_ac_and_furnace_airloop_0_SupCondToDZ equip, !- Name
  EquipmentLevel,                         !- Design Level Calculation Method
  0,                                      !- Design Level {W}
  ,                                       !- Watts per Space Floor Area {W/m2}
  ,                                       !- Watts per Person {W/Person}
  0,                                      !- Fraction Latent
  0,                                      !- Fraction Radiant
  0;                                      !- Fraction Lost

OS:OtherEquipment,
  {9e54c225-3f2a-4770-861f-28a5b462a9cd}, !- Handle
  central_ac_and_furnace_airloop_0_SupCondToDZ equip, !- Name
  {0299282b-5150-4320-94eb-794dbc3f965c}, !- Other Equipment Definition Name
  {3a417cd0-2ddf-448d-9874-c9246d4b0134}, !- Space or SpaceType Name
  {b406f736-53d0-426d-8652-22a68506b98b}, !- Schedule Name
  ,                                       !- Multiplier
  None,                                   !- Fuel Type
  General;                                !- End-Use Subcategory

OS:EnergyManagementSystem:Actuator,
  {304e1fe6-35ed-4680-8da1-99fbd6623cb6}, !- Handle
  central_ac_and_furnace_airloop_0_SupCondToDZ_equip_act, !- Name
  {9e54c225-3f2a-4770-861f-28a5b462a9cd}, !- Actuated Component Name
  OtherEquipment,                         !- Actuated Component Type
  Power Level,                            !- Actuated Component Control Type
  {3a417cd0-2ddf-448d-9874-c9246d4b0134}; !- Zone or Space Name

OS:EnergyManagementSystem:GlobalVariable,
  {269c4837-477b-4dbc-98dd-41e9269df3b0}, !- Handle
  central_ac_and_furnace_airloop_0_RetCondToDZ; !- Name

OS:OtherEquipment:Definition,
  {0cc8c78d-fed9-4c71-88b1-db5234b064e9}, !- Handle
  central_ac_and_furnace_airloop_0_RetCondToDZ equip, !- Name
  EquipmentLevel,                         !- Design Level Calculation Method
  0,                                      !- Design Level {W}
  ,                                       !- Watts per Space Floor Area {W/m2}
  ,                                       !- Watts per Person {W/Person}
  0,                                      !- Fraction Latent
  0,                                      !- Fraction Radiant
  0;                                      !- Fraction Lost

OS:OtherEquipment,
  {012b007d-6f99-4ffa-9c91-79c081da9823}, !- Handle
  central_ac_and_furnace_airloop_0_RetCondToDZ equip, !- Name
  {0cc8c78d-fed9-4c71-88b1-db5234b064e9}, !- Other Equipment Definition Name
  {3a417cd0-2ddf-448d-9874-c9246d4b0134}, !- Space or SpaceType Name
  {b406f736-53d0-426d-8652-22a68506b98b}, !- Schedule Name
  ,                                       !- Multiplier
  None,                                   !- Fuel Type
  General;                                !- End-Use Subcategory

OS:EnergyManagementSystem:Actuator,
  {1e71828b-baa3-4162-9731-5605bdf63479}, !- Handle
  central_ac_and_furnace_airloop_0_RetCondToDZ_equip_act, !- Name
  {012b007d-6f99-4ffa-9c91-79c081da9823}, !- Actuated Component Name
  OtherEquipment,                         !- Actuated Component Type
  Power Level,                            !- Actuated Component Control Type
  {3a417cd0-2ddf-448d-9874-c9246d4b0134}; !- Zone or Space Name

OS:EnergyManagementSystem:GlobalVariable,
  {74defaa9-23b2-4d8e-8df4-cef0c351a479}, !- Handle
  central_ac_and_furnace_airloop_0_SupSensLkToDZ; !- Name

OS:OtherEquipment:Definition,
  {f68825ed-dcb1-4723-ad05-d219ce2279cf}, !- Handle
  central_ac_and_furnace_airloop_0_SupSensLkToDZ equip, !- Name
  EquipmentLevel,                         !- Design Level Calculation Method
  0,                                      !- Design Level {W}
  ,                                       !- Watts per Space Floor Area {W/m2}
  ,                                       !- Watts per Person {W/Person}
  0,                                      !- Fraction Latent
  0,                                      !- Fraction Radiant
  0;                                      !- Fraction Lost

OS:OtherEquipment,
  {15595724-1b75-4c16-99cf-b49966494881}, !- Handle
  central_ac_and_furnace_airloop_0_SupSensLkToDZ equip, !- Name
  {f68825ed-dcb1-4723-ad05-d219ce2279cf}, !- Other Equipment Definition Name
  {3a417cd0-2ddf-448d-9874-c9246d4b0134}, !- Space or SpaceType Name
  {b406f736-53d0-426d-8652-22a68506b98b}, !- Schedule Name
  ,                                       !- Multiplier
  None,                                   !- Fuel Type
  General;                                !- End-Use Subcategory

OS:EnergyManagementSystem:Actuator,
  {e7cf74cb-4198-48e4-81a3-3d4f83712ac3}, !- Handle
  central_ac_and_furnace_airloop_0_SupSensLkToDZ_equip_act, !- Name
  {15595724-1b75-4c16-99cf-b49966494881}, !- Actuated Component Name
  OtherEquipment,                         !- Actuated Component Type
  Power Level,                            !- Actuated Component Control Type
  {3a417cd0-2ddf-448d-9874-c9246d4b0134}; !- Zone or Space Name

OS:EnergyManagementSystem:GlobalVariable,
  {2cbf2d2b-2c20-4ef6-81a6-285dbe64c453}, !- Handle
  central_ac_and_furnace_airloop_0_SupLatLkToDZ; !- Name

OS:OtherEquipment:Definition,
  {0ba91ec5-fc9b-496d-a121-95413dd47b30}, !- Handle
  central_ac_and_furnace_airloop_0_SupLatLkToDZ equip, !- Name
  EquipmentLevel,                         !- Design Level Calculation Method
  0,                                      !- Design Level {W}
  ,                                       !- Watts per Space Floor Area {W/m2}
  ,                                       !- Watts per Person {W/Person}
  1,                                      !- Fraction Latent
  0,                                      !- Fraction Radiant
  0;                                      !- Fraction Lost

OS:OtherEquipment,
  {6a8b1ada-ded7-40e4-a4a0-1c243c7719d1}, !- Handle
  central_ac_and_furnace_airloop_0_SupLatLkToDZ equip, !- Name
  {0ba91ec5-fc9b-496d-a121-95413dd47b30}, !- Other Equipment Definition Name
  {3a417cd0-2ddf-448d-9874-c9246d4b0134}, !- Space or SpaceType Name
  {b406f736-53d0-426d-8652-22a68506b98b}, !- Schedule Name
  ,                                       !- Multiplier
  None,                                   !- Fuel Type
  General;                                !- End-Use Subcategory

OS:EnergyManagementSystem:Actuator,
  {7b4656b9-a60e-431a-b4c1-be4f52eb0747}, !- Handle
  central_ac_and_furnace_airloop_0_SupLatLkToDZ_equip_act, !- Name
  {6a8b1ada-ded7-40e4-a4a0-1c243c7719d1}, !- Actuated Component Name
  OtherEquipment,                         !- Actuated Component Type
  Power Level,                            !- Actuated Component Control Type
  {3a417cd0-2ddf-448d-9874-c9246d4b0134}; !- Zone or Space Name

OS:EnergyManagementSystem:GlobalVariable,
  {770795d5-ff2e-4ed0-831c-d4271f92e260}, !- Handle
  central_ac_and_furnace_airloop_0_ZoneMixDZToCond; !- Name

OS:ZoneMixing,
  {e2c6e75e-10e9-4e8a-97d0-e5db0742dcac}, !- Handle
  central_ac_and_furnace_airloop_0_ZoneMixDZToCond mix, !- Name
  {64ae1bcf-95d1-4130-8ee3-58c696da9bef}, !- Zone or Space Name
  {1ccc135f-74eb-4b73-a63f-c74640791b6d}, !- Schedule Name
  Flow/Zone,                              !- Design Flow Rate Calculation Method
  0,                                      !- Design Flow Rate {m3/s}
  ,                                       !- Flow Rate per Floor Area {m3/s-m2}
  ,                                       !- Flow Rate per Person {m3/s-person}
  ,                                       !- Air Changes per Hour {1/hr}
  {1f5d812e-84cf-45eb-9f2a-8287ea59c088}, !- Source Zone or Space Name
  ,                                       !- Delta Temperature {deltaC}
  ,                                       !- Delta Temperature Schedule Name
  ,                                       !- Minimum Receiving Temperature Schedule Name
  ,                                       !- Maximum Receiving Temperature Schedule Name
  ,                                       !- Minimum Source Temperature Schedule Name
  ,                                       !- Maximum Source Temperature Schedule Name
  ,                                       !- Minimum Outdoor Temperature Schedule Name
  ;                                       !- Maximum Outdoor Temperature Schedule Name

OS:Schedule:Constant,
  {1ccc135f-74eb-4b73-a63f-c74640791b6d}, !- Handle
  Always On Continuous,                   !- Name
  {812df9bf-40d4-4765-a225-81c62647d2e0}, !- Schedule Type Limits Name
  1;                                      !- Value

OS:ScheduleTypeLimits,
  {812df9bf-40d4-4765-a225-81c62647d2e0}, !- Handle
  Fractional 1,                           !- Name
  0,                                      !- Lower Limit Value
  1,                                      !- Upper Limit Value
  Continuous,                             !- Numeric Type
  ;                                       !- Unit Type

OS:EnergyManagementSystem:Actuator,
  {4e71e3a3-d6f1-45d3-8868-6dd082d6d847}, !- Handle
  central_ac_and_furnace_airloop_0_ZoneMixDZToCond_mix_act, !- Name
  {e2c6e75e-10e9-4e8a-97d0-e5db0742dcac}, !- Actuated Component Name
  ZoneMixing,                             !- Actuated Component Type
  Air Exchange Flow Rate,                 !- Actuated Component Control Type
  ;                                       !- Zone or Space Name

OS:AdditionalProperties,
  {e6ef1d5b-5153-4aef-9598-f0849cdc5e3e}, !- Handle
  {e2c6e75e-10e9-4e8a-97d0-e5db0742dcac}, !- Object Name
  ObjectType,                             !- Feature Name 1
  String,                                 !- Feature Data Type 1
  duct load;                              !- Feature Value 1

OS:EnergyManagementSystem:GlobalVariable,
  {bcc4b16d-232d-44a5-b31a-b22a3cd63952}, !- Handle
  central_ac_and_furnace_airloop_0_ZoneMixCondToDZ; !- Name

OS:ZoneMixing,
  {fbc2f214-899a-4849-b770-479df9868b16}, !- Handle
  central_ac_and_furnace_airloop_0_ZoneMixCondToDZ mix, !- Name
  {1f5d812e-84cf-45eb-9f2a-8287ea59c088}, !- Zone or Space Name
  {1ccc135f-74eb-4b73-a63f-c74640791b6d}, !- Schedule Name
  Flow/Zone,                              !- Design Flow Rate Calculation Method
  0,                                      !- Design Flow Rate {m3/s}
  ,                                       !- Flow Rate per Floor Area {m3/s-m2}
  ,                                       !- Flow Rate per Person {m3/s-person}
  ,                                       !- Air Changes per Hour {1/hr}
  {64ae1bcf-95d1-4130-8ee3-58c696da9bef}, !- Source Zone or Space Name
  ,                                       !- Delta Temperature {deltaC}
  ,                                       !- Delta Temperature Schedule Name
  ,                                       !- Minimum Receiving Temperature Schedule Name
  ,                                       !- Maximum Receiving Temperature Schedule Name
  ,                                       !- Minimum Source Temperature Schedule Name
  ,                                       !- Maximum Source Temperature Schedule Name
  ,                                       !- Minimum Outdoor Temperature Schedule Name
  ;                                       !- Maximum Outdoor Temperature Schedule Name

OS:EnergyManagementSystem:Actuator,
  {b223214f-d006-49eb-964f-36ee59f5f4c6}, !- Handle
  central_ac_and_furnace_airloop_0_ZoneMixCondToDZ_mix_act, !- Name
  {fbc2f214-899a-4849-b770-479df9868b16}, !- Actuated Component Name
  ZoneMixing,                             !- Actuated Component Type
  Air Exchange Flow Rate,                 !- Actuated Component Control Type
  ;                                       !- Zone or Space Name

OS:AdditionalProperties,
  {caa6900f-444f-44e2-b499-82b288a52375}, !- Handle
  {fbc2f214-899a-4849-b770-479df9868b16}, !- Object Name
  ObjectType,                             !- Feature Name 1
  String,                                 !- Feature Data Type 1
  duct load;                              !- Feature Value 1

OS:EnergyManagementSystem:Subroutine,
  {c01bbf6d-e902-484e-9141-5d3f1f49a704}, !- Handle
  central_ac_and_furnace_airloop_0_duct_subroutine, !- Name
  Set AH_MFR = central_ac_and_furnace_airloop_AH_MFR / 1, !- Program Line 1
  If AH_MFR>0,                            !- Program Line 2
  Set AH_Tout = central_ac_and_furnace_airloop_AH_Tout, !- Program Line 3
  Set AH_Wout = central_ac_and_furnace_airloop_AH_Wout, !- Program Line 4
  Set RA_T = central_ac_and_furnace_airloop_RA_T, !- Program Line 5
  Set RA_W = central_ac_and_furnace_airloop_Ra_W, !- Program Line 6
  Set Fan_RTF = central_ac_and_furnace_airloop_Fan_RTF, !- Program Line 7
  Set DZ_T = central_ac_and_furnace_airloop_0_DZ_T, !- Program Line 8
  Set DZ_W = central_ac_and_furnace_airloop_0_DZ_W, !- Program Line 9
  Set AH_VFR = central_ac_and_furnace_airloop_AH_VFR / 1, !- Program Line 10
  Set h_SA = (@HFnTdbW AH_Tout AH_Wout),  !- Program Line 11
  Set h_RA = (@HFnTdbW RA_T RA_W),        !- Program Line 12
  Set h_fg = (@HfgAirFnWTdb AH_Wout AH_Tout), !- Program Line 13
  Set h_DZ = (@HFnTdbW DZ_T DZ_W),        !- Program Line 14
  Set air_cp = 1006.0,                    !- Program Line 15
  Set f_sup = 0.133,                      !- Program Line 16
  Set f_ret = 0.067,                      !- Program Line 17
  Set sup_lk_mfr = f_sup * AH_MFR,        !- Program Line 18
  Set ret_lk_mfr = f_ret * AH_MFR,        !- Program Line 19
  Set SupTotLkToCond = sup_lk_mfr*(h_RA - h_SA), !- Program Line 20
  Set SupLatLkToCond = sup_lk_mfr*h_fg*(RA_W-AH_Wout), !- Program Line 21
  Set SupSensLkToCond = SupTotLkToCond-SupLatLkToCond, !- Program Line 22
  Set supply_ua = 142.257,                !- Program Line 23
  Set eTm = 0-((Fan_RTF/(AH_MFR*air_cp))*supply_ua), !- Program Line 24
  Set t_sup = DZ_T+((AH_Tout-DZ_T)*(@Exp eTm)), !- Program Line 25
  Set SupCondToCond = AH_MFR*air_cp*(t_sup-AH_Tout), !- Program Line 26
  Set SupCondToDZ = 0-SupCondToCond,      !- Program Line 27
  Set return_ua = 26.344,                 !- Program Line 28
  Set eTm = 0-((Fan_RTF/(AH_MFR*air_cp))*return_ua), !- Program Line 29
  Set t_ret = DZ_T+((RA_T-DZ_T)*(@Exp eTm)), !- Program Line 30
  Set RetCondToRP = AH_MFR*air_cp*(t_ret-RA_T), !- Program Line 31
  Set RetCondToDZ = 0-RetCondToRP,        !- Program Line 32
  Set RetLatLkToRP = 0,                   !- Program Line 33
  Set RetSensLkToRP = ret_lk_mfr*air_cp*(DZ_T-RA_T), !- Program Line 34
  Set SupTotLkToDZ = sup_lk_mfr*(h_SA-h_DZ), !- Program Line 35
  Set SupLatLkToDZ = sup_lk_mfr*h_fg*(AH_Wout-DZ_W), !- Program Line 36
  Set SupSensLkToDZ = SupTotLkToDZ-SupLatLkToDZ, !- Program Line 37
  Set f_imbalance = f_sup-f_ret,          !- Program Line 38
  Set oa_vfr = 0.0 * f_imbalance * AH_VFR, !- Program Line 39
  Set sup_lk_vfr = f_sup * AH_VFR,        !- Program Line 40
  Set ret_lk_vfr = f_ret * AH_VFR,        !- Program Line 41
  If f_sup > f_ret,                       !- Program Line 42
  Set ZoneMixCondToDZ = 0,                !- Program Line 43
  Set ZoneMixDZToCond = (sup_lk_vfr-ret_lk_vfr)-oa_vfr, !- Program Line 44
  Else,                                   !- Program Line 45
  Set ZoneMixCondToDZ = (ret_lk_vfr-sup_lk_vfr)+oa_vfr, !- Program Line 46
  Set ZoneMixDZToCond = 0,                !- Program Line 47
  EndIf,                                  !- Program Line 48
  Else,                                   !- Program Line 49
  Set SupLatLkToCond = 0,                 !- Program Line 50
  Set SupSensLkToCond = 0,                !- Program Line 51
  Set SupCondToCond = 0,                  !- Program Line 52
  Set RetCondToRP = 0,                    !- Program Line 53
  Set RetLatLkToRP = 0,                   !- Program Line 54
  Set RetSensLkToRP = 0,                  !- Program Line 55
  Set RetCondToDZ = 0,                    !- Program Line 56
  Set SupCondToDZ = 0,                    !- Program Line 57
  Set SupLatLkToDZ = 0,                   !- Program Line 58
  Set SupSensLkToDZ = 0,                  !- Program Line 59
  Set ZoneMixCondToDZ = 0,                !- Program Line 60
  Set ZoneMixDZToCond = 0,                !- Program Line 61
  EndIf,                                  !- Program Line 62
  Set central_ac_and_furnace_airloop_0_SupLatLkToCond = SupLatLkToCond, !- Program Line 63
  Set central_ac_and_furnace_airloop_0_SupSensLkToCond = SupSensLkToCond, !- Program Line 64
  Set central_ac_and_furnace_airloop_0_SupCondToLv = SupCondToCond, !- Program Line 65
  Set central_ac_and_furnace_airloop_0_RetCondToRP = RetCondToRP, !- Program Line 66
  Set central_ac_and_furnace_airloop_0_RetLatLkToRP = RetLatLkToRP, !- Program Line 67
  Set central_ac_and_furnace_airloop_0_RetSensLkToRP = RetSensLkToRP, !- Program Line 68
  Set central_ac_and_furnace_airloop_0_RetCondToDZ = RetCondToDZ, !- Program Line 69
  Set central_ac_and_furnace_airloop_0_SupCondToDZ = SupCondToDZ, !- Program Line 70
  Set central_ac_and_furnace_airloop_0_SupLatLkToDZ = SupLatLkToDZ, !- Program Line 71
  Set central_ac_and_furnace_airloop_0_SupSensLkToDZ = SupSensLkToDZ, !- Program Line 72
  Set central_ac_and_furnace_airloop_0_ZoneMixCondToDZ = ZoneMixCondToDZ, !- Program Line 73
  Set central_ac_and_furnace_airloop_0_ZoneMixDZToCond = ZoneMixDZToCond; !- Program Line 74

OS:EnergyManagementSystem:Program,
  {7e94fdf4-1f90-4252-9165-e36a9d675a01}, !- Handle
  central_ac_and_furnace_airloop_0_duct_program, !- Name
  Set central_ac_and_furnace_airloop_AH_MFR = central_ac_and_furnace_airloop_AH_MFR_s, !- Program Line 1
  Set central_ac_and_furnace_airloop_Fan_RTF = 0, !- Program Line 2
  Set central_ac_and_furnace_airloop_Fan_RTF = central_ac_and_furnace_airloop_Fan_RTF + central_ac_and_furnace_airloop_Fan_RTF_s, !- Program Line 3
  Set central_ac_and_furnace_airloop_Fan_RTF = central_ac_and_furnace_airloop_Fan_RTF + central_ac_and_furnace_airloop_Fan_RTF_s_1, !- Program Line 4
  Set central_ac_and_furnace_airloop_AH_VFR = central_ac_and_furnace_airloop_AH_VFR_s, !- Program Line 5
  Set central_ac_and_furnace_airloop_AH_Tout = central_ac_and_furnace_airloop_AH_Tout_s, !- Program Line 6
  Set central_ac_and_furnace_airloop_AH_Wout = central_ac_and_furnace_airloop_AH_Wout_s, !- Program Line 7
  Set central_ac_and_furnace_airloop_RA_T = central_ac_and_furnace_airloop_RA_T_s, !- Program Line 8
  Set central_ac_and_furnace_airloop_Ra_W = central_ac_and_furnace_airloop_Ra_W_s, !- Program Line 9
  Set central_ac_and_furnace_airloop_0_DZ_T = central_ac_and_furnace_airloop_0_DZ_T_s, !- Program Line 10
  Set central_ac_and_furnace_airloop_0_DZ_W = central_ac_and_furnace_airloop_0_DZ_W_s, !- Program Line 11
  Run central_ac_and_furnace_airloop_0_duct_subroutine, !- Program Line 12
  Set central_ac_and_furnace_airloop_0_SupSensLkToCond_equip_act = central_ac_and_furnace_airloop_0_SupSensLkToCond, !- Program Line 13
  Set central_ac_and_furnace_airloop_0_SupLatLkToCond_equip_act = central_ac_and_furnace_airloop_0_SupLatLkToCond, !- Program Line 14
  Set central_ac_and_furnace_airloop_0_SupCondToLv_equip_act = central_ac_and_furnace_airloop_0_SupCondToLv, !- Program Line 15
  Set central_ac_and_furnace_airloop_0_RetSensLkToRP_equip_act = central_ac_and_furnace_airloop_0_RetSensLkToRP, !- Program Line 16
  Set central_ac_and_furnace_airloop_0_RetLatLkToRP_equip_act = central_ac_and_furnace_airloop_0_RetLatLkToRP, !- Program Line 17
  Set central_ac_and_furnace_airloop_0_RetCondToRP_equip_act = central_ac_and_furnace_airloop_0_RetCondToRP, !- Program Line 18
  Set central_ac_and_furnace_airloop_0_RetCondToDZ_equip_act = central_ac_and_furnace_airloop_0_RetCondToDZ, !- Program Line 19
  Set central_ac_and_furnace_airloop_0_SupCondToDZ_equip_act = central_ac_and_furnace_airloop_0_SupCondToDZ, !- Program Line 20
  Set central_ac_and_furnace_airloop_0_SupSensLkToDZ_equip_act = central_ac_and_furnace_airloop_0_SupSensLkToDZ, !- Program Line 21
  Set central_ac_and_furnace_airloop_0_SupLatLkToDZ_equip_act = central_ac_and_furnace_airloop_0_SupLatLkToDZ, !- Program Line 22
  Set central_ac_and_furnace_airloop_0_ZoneMixDZToCond_mix_act = central_ac_and_furnace_airloop_0_ZoneMixDZToCond, !- Program Line 23
  Set central_ac_and_furnace_airloop_0_ZoneMixCondToDZ_mix_act = central_ac_and_furnace_airloop_0_ZoneMixCondToDZ; !- Program Line 24

OS:EnergyManagementSystem:ProgramCallingManager,
  {41cbe1fd-ef7f-4537-ae32-1fca836f0ad5}, !- Handle
  central_ac_and_furnace_airloop_0_duct_program calling manager, !- Name
  EndOfSystemTimestepAfterHVACReporting,  !- EnergyPlus Model Calling Point
  {7e94fdf4-1f90-4252-9165-e36a9d675a01}; !- Program Name 1

OS:Schedule:Ruleset,
  {82159ce3-4bbe-42c1-a615-4e6c72411900}, !- Handle
  natural vent schedule,                  !- Name
  {792aadbb-5279-410a-b7ee-4b45844ebf63}, !- Schedule Type Limits Name
  {6d252ebe-c466-4464-bc05-8041dbc467bb}; !- Default Day Schedule Name

OS:Schedule:Day,
  {6d252ebe-c466-4464-bc05-8041dbc467bb}, !- Handle
  natural vent schedule default day,      !- Name
  {792aadbb-5279-410a-b7ee-4b45844ebf63}, !- Schedule Type Limits Name
  ,                                       !- Interpolate to Timestep
  24,                                     !- Hour 1
  0,                                      !- Minute 1
  0;                                      !- Value Until Time 1

OS:Schedule:Rule,
  {bcdbae1d-a5a6-47f2-885e-131902232208}, !- Handle
  natural vent schedule rule,             !- Name
  {82159ce3-4bbe-42c1-a615-4e6c72411900}, !- Schedule Ruleset Name
  0,                                      !- Rule Order
  {44099fad-95b6-44ac-b699-60e94d63713a}, !- Day Schedule Name
  ,                                       !- Apply Sunday
  Yes,                                    !- Apply Monday
  ,                                       !- Apply Tuesday
  Yes,                                    !- Apply Wednesday
  ,                                       !- Apply Thursday
  Yes,                                    !- Apply Friday
  ,                                       !- Apply Saturday
  DateRange,                              !- Date Specification Type
  1,                                      !- Start Month
  1,                                      !- Start Day
  12,                                     !- End Month
  31;                                     !- End Day

OS:Schedule:Day,
  {44099fad-95b6-44ac-b699-60e94d63713a}, !- Handle
  natural vent schedule avail day,        !- Name
  {792aadbb-5279-410a-b7ee-4b45844ebf63}, !- Schedule Type Limits Name
  ,                                       !- Interpolate to Timestep
  24,                                     !- Hour 1
  0,                                      !- Minute 1
  1;                                      !- Value Until Time 1

OS:EnergyManagementSystem:Sensor,
  {a58bb53c-7275-41f6-ad04-be6c737e3b1d}, !- Handle
  natural_vent_s,                         !- Name
  natural vent schedule,                  !- Output Variable or Output Meter Index Key Name
  Schedule Value;                         !- Output Variable or Output Meter Name

OS:EnergyManagementSystem:Sensor,
  {172ca514-648a-4f90-8d72-59557c09b000}, !- Handle
  htg_sp_s,                               !- Name
  heating setpoint,                       !- Output Variable or Output Meter Index Key Name
  Schedule Value;                         !- Output Variable or Output Meter Name

OS:EnergyManagementSystem:Sensor,
  {10490373-2330-498d-b324-7f9070b7bb69}, !- Handle
  clg_sp_s,                               !- Name
  cooling setpoint,                       !- Output Variable or Output Meter Index Key Name
  Schedule Value;                         !- Output Variable or Output Meter Name

OS:SpaceInfiltration:DesignFlowRate,
  {224e7c31-0928-4fd4-a730-eddb2a98ab59}, !- Handle
  natural vent flow,                      !- Name
  {e42f2ab6-2c94-42a9-af10-d2a8a063b931}, !- Space or SpaceType Name
  {b406f736-53d0-426d-8652-22a68506b98b}, !- Schedule Name
  Flow/Space,                             !- Design Flow Rate Calculation Method
  0,                                      !- Design Flow Rate {m3/s}
  ,                                       !- Flow per Space Floor Area {m3/s-m2}
  ,                                       !- Flow per Exterior Surface Area {m3/s-m2}
  ,                                       !- Air Changes per Hour {1/hr}
  ,                                       !- Constant Term Coefficient
  ,                                       !- Temperature Term Coefficient
  ,                                       !- Velocity Term Coefficient
  ;                                       !- Velocity Squared Term Coefficient

OS:EnergyManagementSystem:Actuator,
  {d286c0d2-f81c-4feb-b2a9-f52298f55568}, !- Handle
  natural_vent_flow_act,                  !- Name
  {224e7c31-0928-4fd4-a730-eddb2a98ab59}, !- Actuated Component Name
  Zone Infiltration,                      !- Actuated Component Type
  Air Exchange Flow Rate,                 !- Actuated Component Control Type
  ;                                       !- Zone or Space Name

OS:AdditionalProperties,
  {c93aef2b-45c9-40b5-9e67-3bbe95cdba81}, !- Handle
  {224e7c31-0928-4fd4-a730-eddb2a98ab59}, !- Object Name
  ObjectType,                             !- Feature Name 1
  String,                                 !- Feature Data Type 1
  natural vent;                           !- Feature Value 1

OS:SpaceInfiltration:DesignFlowRate,
  {5bc4dd8d-59d3-4a3a-b666-72225a2c47b4}, !- Handle
  whole house fan flow,                   !- Name
  {e42f2ab6-2c94-42a9-af10-d2a8a063b931}, !- Space or SpaceType Name
  {b406f736-53d0-426d-8652-22a68506b98b}, !- Schedule Name
  Flow/Space,                             !- Design Flow Rate Calculation Method
  0,                                      !- Design Flow Rate {m3/s}
  ,                                       !- Flow per Space Floor Area {m3/s-m2}
  ,                                       !- Flow per Exterior Surface Area {m3/s-m2}
  ,                                       !- Air Changes per Hour {1/hr}
  ,                                       !- Constant Term Coefficient
  ,                                       !- Temperature Term Coefficient
  ,                                       !- Velocity Term Coefficient
  ;                                       !- Velocity Squared Term Coefficient

OS:EnergyManagementSystem:Actuator,
  {2030248b-84ec-4c40-8a0c-e43ec59967c8}, !- Handle
  whole_house_fan_flow_act,               !- Name
  {5bc4dd8d-59d3-4a3a-b666-72225a2c47b4}, !- Actuated Component Name
  Zone Infiltration,                      !- Actuated Component Type
  Air Exchange Flow Rate,                 !- Actuated Component Control Type
  ;                                       !- Zone or Space Name

OS:AdditionalProperties,
  {f8816db4-147f-47a2-b006-e646bb1a7004}, !- Handle
  {5bc4dd8d-59d3-4a3a-b666-72225a2c47b4}, !- Object Name
  ObjectType,                             !- Feature Name 1
  String,                                 !- Feature Data Type 1
  whole house fan;                        !- Feature Value 1

OS:ElectricEquipment:Definition,
  {e061cf18-ae0b-48f1-8d72-6f734056b06e}, !- Handle
  whole house fan,                        !- Name
  EquipmentLevel,                         !- Design Level Calculation Method
  0,                                      !- Design Level {W}
  ,                                       !- Watts per Space Floor Area {W/m2}
  ,                                       !- Watts per Person {W/person}
  0,                                      !- Fraction Latent
  0,                                      !- Fraction Radiant
  1;                                      !- Fraction Lost

OS:ElectricEquipment,
  {aeb54de3-a3fe-4927-827b-af776288a5cd}, !- Handle
  whole house fan,                        !- Name
  {e061cf18-ae0b-48f1-8d72-6f734056b06e}, !- Electric Equipment Definition Name
  {e42f2ab6-2c94-42a9-af10-d2a8a063b931}, !- Space or SpaceType Name
  {b406f736-53d0-426d-8652-22a68506b98b}, !- Schedule Name
  ,                                       !- Multiplier
  whole house fan;                        !- End-Use Subcategory

OS:EnergyManagementSystem:Actuator,
  {cd28f2f8-b3fe-4a76-a60c-c5f4f226ca04}, !- Handle
  whole_house_fan_act,                    !- Name
  {aeb54de3-a3fe-4927-827b-af776288a5cd}, !- Actuated Component Name
  ElectricEquipment,                      !- Actuated Component Type
  Electricity Rate,                       !- Actuated Component Control Type
  {e42f2ab6-2c94-42a9-af10-d2a8a063b931}; !- Zone or Space Name

OS:ZoneMixing,
  {aaa24e74-8f37-481a-90c8-e733fa4df2e2}, !- Handle
  whole house fan mix,                    !- Name
  {b05ebf2c-40d9-483e-a8c4-fd9f172babec}, !- Zone or Space Name
  {1ccc135f-74eb-4b73-a63f-c74640791b6d}, !- Schedule Name
  Flow/Zone,                              !- Design Flow Rate Calculation Method
  0,                                      !- Design Flow Rate {m3/s}
  ,                                       !- Flow Rate per Floor Area {m3/s-m2}
  ,                                       !- Flow Rate per Person {m3/s-person}
  ,                                       !- Air Changes per Hour {1/hr}
  {64ae1bcf-95d1-4130-8ee3-58c696da9bef}, !- Source Zone or Space Name
  ,                                       !- Delta Temperature {deltaC}
  ,                                       !- Delta Temperature Schedule Name
  ,                                       !- Minimum Receiving Temperature Schedule Name
  ,                                       !- Maximum Receiving Temperature Schedule Name
  ,                                       !- Minimum Source Temperature Schedule Name
  ,                                       !- Maximum Source Temperature Schedule Name
  ,                                       !- Minimum Outdoor Temperature Schedule Name
  ;                                       !- Maximum Outdoor Temperature Schedule Name

OS:EnergyManagementSystem:Actuator,
  {1ef7adc6-a59e-4885-b6fd-9bf6d5a00984}, !- Handle
  whole_house_fan_mix_act,                !- Name
  {aaa24e74-8f37-481a-90c8-e733fa4df2e2}, !- Actuated Component Name
  ZoneMixing,                             !- Actuated Component Type
  Air Exchange Flow Rate,                 !- Actuated Component Control Type
  ;                                       !- Zone or Space Name

OS:EnergyManagementSystem:Program,
  {2332b19b-4a26-4390-95cb-517cd0d3fc1b}, !- Handle
  natural_vent_program,                   !- Name
  Set Tin = tin_s,                        !- Program Line 1
  Set Tout = tout_s,                      !- Program Line 2
  Set Wout = out_wt_s,                    !- Program Line 3
  Set Pbar = out_pb_s,                    !- Program Line 4
  Set Phiout = (@RhFnTdbWPb Tout Wout Pbar), !- Program Line 5
  Set MaxHR = 0.0115,                     !- Program Line 6
  Set MaxRH = 0.7,                        !- Program Line 7
  Set Tnvsp = (htg_sp_s + clg_sp_s) / 2,  !- Program Line 8
  Set NVavail = natural_vent_s,           !- Program Line 9
  Set ClgSsnAvail = cool_season,          !- Program Line 10
  Set natural_vent_flow_act = 0,          !- Program Line 11
  Set whole_house_fan_flow_act = 0,       !- Program Line 12
  Set whole_house_fan_mix_act = 0,        !- Program Line 13
  Set whole_house_fan_act = 0,            !- Program Line 14
  If ((Wout < MaxHR) && (Phiout < MaxRH) && (Tin > Tout) && (Tin > Tnvsp) && (ClgSsnAvail > 0)), !- Program Line 15
  Set WHF_Flow = 0,                       !- Program Line 16
  Set Adj = (Tin-Tnvsp)/(Tin-Tout),       !- Program Line 17
  Set Adj = (@Min Adj 1),                 !- Program Line 18
  Set Adj = (@Max Adj 0),                 !- Program Line 19
  If (WHF_Flow > 0),                      !- Program Line 20
  Set whole_house_fan_flow_act = WHF_Flow*Adj, !- Program Line 21
  Set whole_house_fan_mix_act = WHF_Flow*Adj, !- Program Line 22
  Set WHF_W = 0,                          !- Program Line 23
  Set whole_house_fan_act = WHF_W*Adj,    !- Program Line 24
  ElseIf (NVavail > 0),                   !- Program Line 25
  Set NVArea = 9247.122667008001,         !- Program Line 26
  Set Cs = 8.968567957270247e-05,         !- Program Line 27
  Set Cw = 6.158219665777789e-05,         !- Program Line 28
  Set Tdiff = Tin-Tout,                   !- Program Line 29
  Set dT = (@Abs Tdiff),                  !- Program Line 30
  Set Vwind = site_vw_s,                  !- Program Line 31
  Set SGNV = NVArea*Adj*((((Cs*dT)+(Cw*(Vwind^2)))^0.5)/1000), !- Program Line 32
  Set MaxNV = 2.1369780228096005,         !- Program Line 33
  Set natural_vent_flow_act = (@Min SGNV MaxNV), !- Program Line 34
  EndIf,                                  !- Program Line 35
  EndIf;                                  !- Program Line 36

OS:AdditionalProperties,
  {842cb254-c2f9-4c27-996c-659458d576d4}, !- Handle
  {2332b19b-4a26-4390-95cb-517cd0d3fc1b}, !- Object Name
  ObjectType,                             !- Feature Name 1
  String,                                 !- Feature Data Type 1
  natural vent;                           !- Feature Value 1

OS:EnergyManagementSystem:ProgramCallingManager,
  {80457393-66a0-40d0-89f1-fb8baf425d25}, !- Handle
  natural_vent_program calling manager,   !- Name
  BeginZoneTimestepAfterInitHeatBalance,  !- EnergyPlus Model Calling Point
  {2332b19b-4a26-4390-95cb-517cd0d3fc1b}; !- Program Name 1

OS:EnergyManagementSystem:OutputVariable,
  {5b37ec02-101e-4d60-9134-069fb917fc2d}, !- Handle
  natural_vent_flow_act_timeseries_outvar, !- Name
  natural_vent_flow_act,                  !- EMS Variable Name
  Averaged,                               !- Type of Data in Variable
  ZoneTimestep,                           !- Update Frequency
  {2332b19b-4a26-4390-95cb-517cd0d3fc1b}, !- EMS Program or Subroutine Name
  m^/s;                                   !- Units

OS:EnergyManagementSystem:OutputVariable,
  {0b0888f2-e1dd-4029-8319-0ec99435c2fe}, !- Handle
  whole_house_fan_flow_act_timeseries_outvar, !- Name
  whole_house_fan_flow_act,               !- EMS Variable Name
  Averaged,                               !- Type of Data in Variable
  ZoneTimestep,                           !- Update Frequency
  {2332b19b-4a26-4390-95cb-517cd0d3fc1b}, !- EMS Program or Subroutine Name
  m^/s;                                   !- Units

OS:SpaceInfiltration:DesignFlowRate,
  {ee3d1ecc-3979-44b3-9ed6-429003848024}, !- Handle
  infil|basement - unconditioned 1,       !- Name
  {3a417cd0-2ddf-448d-9874-c9246d4b0134}, !- Space or SpaceType Name
  {b406f736-53d0-426d-8652-22a68506b98b}, !- Schedule Name
  AirChanges/Hour,                        !- Design Flow Rate Calculation Method
  ,                                       !- Design Flow Rate {m3/s}
  ,                                       !- Flow per Space Floor Area {m3/s-m2}
  ,                                       !- Flow per Exterior Surface Area {m3/s-m2}
  0.1,                                    !- Air Changes per Hour {1/hr}
  1,                                      !- Constant Term Coefficient
  0,                                      !- Temperature Term Coefficient
  0,                                      !- Velocity Term Coefficient
  0;                                      !- Velocity Squared Term Coefficient

OS:SpaceInfiltration:EffectiveLeakageArea,
  {6011aff4-b344-43d9-9ffa-97b49b343022}, !- Handle
  infil|attic - vented 1,                 !- Name
  {aad900f3-58b3-4d06-acd5-f3608a94bd3e}, !- Space or SpaceType Name
  {b406f736-53d0-426d-8652-22a68506b98b}, !- Schedule Name
  5257.7862327936,                        !- Effective Air Leakage Area {cm2}
  0.000461595208535131,                   !- Stack Coefficient
  4.03225737561461e-05;                   !- Wind Coefficient

OS:Schedule:Constant,
  {07c59d89-cb53-4551-9115-5f5d3b51c93d}, !- Handle
  mech vent house fan schedule,           !- Name
  {7c878e8d-f40e-4d25-9c3b-441490f7374d}, !- Schedule Type Limits Name
  1;                                      !- Value

OS:ElectricEquipment:Definition,
  {7138c8f4-8c17-4401-b1e0-395eee3c1034}, !- Handle
  mech vent house fan,                    !- Name
  EquipmentLevel,                         !- Design Level Calculation Method
  0,                                      !- Design Level {W}
  ,                                       !- Watts per Space Floor Area {W/m2}
  ,                                       !- Watts per Person {W/person}
  0,                                      !- Fraction Latent
  0,                                      !- Fraction Radiant
  1;                                      !- Fraction Lost

OS:ElectricEquipment,
  {c71f8166-80fd-4df5-9d9a-c770e1160e25}, !- Handle
  mech vent house fan,                    !- Name
  {7138c8f4-8c17-4401-b1e0-395eee3c1034}, !- Electric Equipment Definition Name
  {e42f2ab6-2c94-42a9-af10-d2a8a063b931}, !- Space or SpaceType Name
  {07c59d89-cb53-4551-9115-5f5d3b51c93d}, !- Schedule Name
  ,                                       !- Multiplier
  mech vent;                              !- End-Use Subcategory

OS:Schedule:Constant,
  {2f8f2289-0148-4ca8-b4fc-6ab454f36daa}, !- Handle
  mech vent house fan cfis schedule,      !- Name
  {7c878e8d-f40e-4d25-9c3b-441490f7374d}, !- Schedule Type Limits Name
  1;                                      !- Value

OS:ElectricEquipment:Definition,
  {25122ac2-9384-4d21-9649-18d8e1953af1}, !- Handle
  mech vent house fan cfis,               !- Name
  EquipmentLevel,                         !- Design Level Calculation Method
  0,                                      !- Design Level {W}
  ,                                       !- Watts per Space Floor Area {W/m2}
  ,                                       !- Watts per Person {W/person}
  0,                                      !- Fraction Latent
  0,                                      !- Fraction Radiant
  0;                                      !- Fraction Lost

OS:ElectricEquipment,
  {7f99377d-fa20-41b9-be6c-98ea30f20431}, !- Handle
  mech vent house fan cfis,               !- Name
  {25122ac2-9384-4d21-9649-18d8e1953af1}, !- Electric Equipment Definition Name
  {e42f2ab6-2c94-42a9-af10-d2a8a063b931}, !- Space or SpaceType Name
  {2f8f2289-0148-4ca8-b4fc-6ab454f36daa}, !- Schedule Name
  ,                                       !- Multiplier
  mech vent;                              !- End-Use Subcategory

OS:EnergyManagementSystem:Actuator,
  {f00bb067-7c60-49e9-b528-f3f83a1df504}, !- Handle
  mech_vent_house_fan_cfis_act,           !- Name
  {7f99377d-fa20-41b9-be6c-98ea30f20431}, !- Actuated Component Name
  ElectricEquipment,                      !- Actuated Component Type
  Electricity Rate,                       !- Actuated Component Control Type
  {e42f2ab6-2c94-42a9-af10-d2a8a063b931}; !- Zone or Space Name

OS:SpaceInfiltration:DesignFlowRate,
  {8fed097c-36d5-4ecf-baea-b22cc670875c}, !- Handle
  infil flow,                             !- Name
  {e42f2ab6-2c94-42a9-af10-d2a8a063b931}, !- Space or SpaceType Name
  {b406f736-53d0-426d-8652-22a68506b98b}, !- Schedule Name
  Flow/Space,                             !- Design Flow Rate Calculation Method
  0,                                      !- Design Flow Rate {m3/s}
  ,                                       !- Flow per Space Floor Area {m3/s-m2}
  ,                                       !- Flow per Exterior Surface Area {m3/s-m2}
  ,                                       !- Air Changes per Hour {1/hr}
  ,                                       !- Constant Term Coefficient
  ,                                       !- Temperature Term Coefficient
  ,                                       !- Velocity Term Coefficient
  ;                                       !- Velocity Squared Term Coefficient

OS:EnergyManagementSystem:Actuator,
  {4ed0582d-cca5-4c3c-8599-ca5f4da68646}, !- Handle
  infil_flow_act,                         !- Name
  {8fed097c-36d5-4ecf-baea-b22cc670875c}, !- Actuated Component Name
  Zone Infiltration,                      !- Actuated Component Type
  Air Exchange Flow Rate,                 !- Actuated Component Control Type
  ;                                       !- Zone or Space Name

OS:AdditionalProperties,
  {2c5bb3a3-0862-4968-bc52-9eecced99ecd}, !- Handle
  {8fed097c-36d5-4ecf-baea-b22cc670875c}, !- Object Name
  ObjectType,                             !- Feature Name 1
  String,                                 !- Feature Data Type 1
  infil;                                  !- Feature Value 1

OS:EnergyManagementSystem:Program,
  {21714886-eaad-40c8-86c5-3ce25588bffb}, !- Handle
  infil_program,                          !- Name
  Set p_m = 0.14,                         !- Program Line 1
  Set p_s = 0.22,                         !- Program Line 2
  Set s_m = 270,                          !- Program Line 3
  Set s_s = 370,                          !- Program Line 4
  Set z_m = 9.99744,                      !- Program Line 5
  Set z_s = 2.4384,                       !- Program Line 6
  Set f_t = (((s_m/z_m)^p_m)*((z_s/s_s)^p_s)), !- Program Line 7
  Set Tdiff = tin_s-tout_s,               !- Program Line 8
  Set dT = @Abs Tdiff,                    !- Program Line 9
  Set c = 0.1654,                         !- Program Line 10
  Set Cs = 0.0573,                        !- Program Line 11
  Set Cw = 0.1644,                        !- Program Line 12
  Set n = 0.65,                           !- Program Line 13
  Set sft = (f_t*0.5),                    !- Program Line 14
  Set temp1 = ((c*Cw)*((sft*site_vw_s)^(2*n)))^2, !- Program Line 15
  Set Qinf = (((c*Cs*(dT^n))^2)+temp1)^0.5, !- Program Line 16
  Set Qinf = (@Max Qinf 0),               !- Program Line 17
  Set mech_vent_house_fan_sensible_load_equip_act = 0.0, !- Program Line 18
  Set mech_vent_house_fan_latent_load_equip_act = 0.0, !- Program Line 19
  Set OASupInPb = out_pb_s,               !- Program Line 20
  Set OASupInTemp = tout_s,               !- Program Line 21
  Set OASupInW = out_wt_s,                !- Program Line 22
  Set OASupRho = (@RhoAirFnPbTdbW OASupInPb OASupInTemp OASupInW), !- Program Line 23
  Set OASupCp = (@CpAirFnW OASupInW),     !- Program Line 24
  Set OASupInEnth = (@HFnTdbW OASupInTemp OASupInW), !- Program Line 25
  Set ZoneTemp = tin_s,                   !- Program Line 26
  Set ZoneW = win_s,                      !- Program Line 27
  Set ZoneCp = (@CpAirFnW ZoneW),         !- Program Line 28
  Set ZoneAirEnth = (@HFnTdbW ZoneTemp ZoneW), !- Program Line 29
  Set mech_vent_house_fan_cfis_act = 0.0, !- Program Line 30
  Set QWHV_cfis_sup = 0.0,                !- Program Line 31
  Set QWHV_cfis_suppl_sup = 0.0,          !- Program Line 32
  Set QWHV_cfis_suppl_exh = 0.0,          !- Program Line 33
  Set Qrange = 0,                         !- Program Line 34
  Set Qrange = Qrange + 0.04719 * mech_vent_range_fan_0_sch_s, !- Program Line 35
  Set Qbath = 0,                          !- Program Line 36
  Set Qbath = Qbath + 0.04719 * mech_vent_bath_fan_0_sch_s, !- Program Line 37
  Set Qdryer = 0,                         !- Program Line 38
  Set Qdryer = Qdryer + 0.07833 * clothes_dryer_exhaust_0_sch_s, !- Program Line 39
  Set QWHV_sup = 0.0,                     !- Program Line 40
  Set QWHV_exh = 0.0,                     !- Program Line 41
  Set Qexhaust = Qrange + Qbath + Qdryer + QWHV_exh + QWHV_cfis_suppl_exh, !- Program Line 42
  Set Qsupply = QWHV_sup + QWHV_cfis_sup + QWHV_cfis_suppl_sup, !- Program Line 43
  Set Qfan = (@Max Qexhaust Qsupply),     !- Program Line 44
  If Qfan > 0,                            !- Program Line 45
  Set Qavg = ((Qexhaust + Qsupply) / 2.0), !- Program Line 46
  If ((@Abs (Qexhaust - Qavg)) / Qavg) <= 0.1, !- Program Line 47
  Set phi = 1,                            !- Program Line 48
  Else,                                   !- Program Line 49
  Set phi = (Qinf / (Qinf + Qfan)),       !- Program Line 50
  EndIf,                                  !- Program Line 51
  Set Qinf_adj = phi * Qinf,              !- Program Line 52
  Else,                                   !- Program Line 53
  Set Qinf_adj = Qinf,                    !- Program Line 54
  EndIf,                                  !- Program Line 55
  Set infil_flow_act = Qinf_adj,          !- Program Line 56
  Set Qload = Qfan,                       !- Program Line 57
  Set Effectiveness_Sens = 0.0,           !- Program Line 58
  Set Effectiveness_Lat = 0.0,            !- Program Line 59
  Set Fan_MFR = Qload * OASupRho,         !- Program Line 60
  Set ZoneInEnth = OASupInEnth,           !- Program Line 61
  Set ZoneInTemp = OASupInTemp,           !- Program Line 62
  Set FanTotalToCond = Fan_MFR * (ZoneInEnth - ZoneAirEnth), !- Program Line 63
  Set FanSensToCond = Fan_MFR * ZoneCp * (ZoneInTemp - ZoneTemp), !- Program Line 64
  Set FanLatToCond = FanTotalToCond - FanSensToCond, !- Program Line 65
  Set mech_vent_house_fan_sensible_load_equip_act = mech_vent_house_fan_sensible_load_equip_act + FanSensToCond, !- Program Line 66
  Set mech_vent_house_fan_latent_load_equip_act = mech_vent_house_fan_latent_load_equip_act + FanLatToCond; !- Program Line 67

OS:AdditionalProperties,
  {d050df64-7cae-4fd5-9244-fb534a142c54}, !- Handle
  {21714886-eaad-40c8-86c5-3ce25588bffb}, !- Object Name
  ObjectType,                             !- Feature Name 1
  String,                                 !- Feature Data Type 1
  infil;                                  !- Feature Value 1

OS:OtherEquipment:Definition,
  {80aaeca2-9901-4352-be82-562ecbba2008}, !- Handle
  mech vent house fan sensible load equip, !- Name
  EquipmentLevel,                         !- Design Level Calculation Method
  0,                                      !- Design Level {W}
  ,                                       !- Watts per Space Floor Area {W/m2}
  ,                                       !- Watts per Person {W/Person}
  0,                                      !- Fraction Latent
  0,                                      !- Fraction Radiant
  0;                                      !- Fraction Lost

OS:OtherEquipment,
  {3093ebdf-bb17-4666-8401-7e882ea074a2}, !- Handle
  mech vent house fan sensible load equip, !- Name
  {80aaeca2-9901-4352-be82-562ecbba2008}, !- Other Equipment Definition Name
  {e42f2ab6-2c94-42a9-af10-d2a8a063b931}, !- Space or SpaceType Name
  {b406f736-53d0-426d-8652-22a68506b98b}, !- Schedule Name
  ,                                       !- Multiplier
  None,                                   !- Fuel Type
  mech vent house fan;                    !- End-Use Subcategory

OS:EnergyManagementSystem:Actuator,
  {5d0d05cc-daee-4b3f-ab2a-56ed5f628507}, !- Handle
  mech_vent_house_fan_sensible_load_equip_act, !- Name
  {3093ebdf-bb17-4666-8401-7e882ea074a2}, !- Actuated Component Name
  OtherEquipment,                         !- Actuated Component Type
  Power Level,                            !- Actuated Component Control Type
  {e42f2ab6-2c94-42a9-af10-d2a8a063b931}; !- Zone or Space Name

OS:OtherEquipment:Definition,
  {aa2ae7e1-4480-424b-b06c-c289f7c3b04c}, !- Handle
  mech vent house fan latent load equip,  !- Name
  EquipmentLevel,                         !- Design Level Calculation Method
  0,                                      !- Design Level {W}
  ,                                       !- Watts per Space Floor Area {W/m2}
  ,                                       !- Watts per Person {W/Person}
  1,                                      !- Fraction Latent
  0,                                      !- Fraction Radiant
  0;                                      !- Fraction Lost

OS:OtherEquipment,
  {d2b866cd-6775-4dfe-a103-d87e19f93570}, !- Handle
  mech vent house fan latent load equip,  !- Name
  {aa2ae7e1-4480-424b-b06c-c289f7c3b04c}, !- Other Equipment Definition Name
  {e42f2ab6-2c94-42a9-af10-d2a8a063b931}, !- Space or SpaceType Name
  {b406f736-53d0-426d-8652-22a68506b98b}, !- Schedule Name
  ,                                       !- Multiplier
  None,                                   !- Fuel Type
  mech vent house fan;                    !- End-Use Subcategory

OS:EnergyManagementSystem:Actuator,
  {00ccd535-0fb4-44b6-bceb-a8b802c6be3e}, !- Handle
  mech_vent_house_fan_latent_load_equip_act, !- Name
  {d2b866cd-6775-4dfe-a103-d87e19f93570}, !- Actuated Component Name
  OtherEquipment,                         !- Actuated Component Type
  Power Level,                            !- Actuated Component Control Type
  {e42f2ab6-2c94-42a9-af10-d2a8a063b931}; !- Zone or Space Name

OS:Schedule:Ruleset,
  {3f3f32b6-bc0e-4f21-93b8-1d378cbbcb01}, !- Handle
  mech vent range fan 0 schedule,         !- Name
  {7c878e8d-f40e-4d25-9c3b-441490f7374d}, !- Schedule Type Limits Name
  {801bf955-50af-4e09-8ab0-ca8c3da0bd14}; !- Default Day Schedule Name

OS:Schedule:Day,
  {801bf955-50af-4e09-8ab0-ca8c3da0bd14}, !- Handle
  mech vent range fan 0 schedule default day, !- Name
  {7c878e8d-f40e-4d25-9c3b-441490f7374d}, !- Schedule Type Limits Name
  ,                                       !- Interpolate to Timestep
  24,                                     !- Hour 1
  0,                                      !- Minute 1
  0;                                      !- Value Until Time 1

OS:Schedule:Rule,
  {33eecbde-00cc-4310-b383-25e953063efe}, !- Handle
  mech vent range fan 0 schedule allday ruleset1, !- Name
  {3f3f32b6-bc0e-4f21-93b8-1d378cbbcb01}, !- Schedule Ruleset Name
  0,                                      !- Rule Order
  {2996ace0-5564-4b55-bb81-45bdf5af4061}, !- Day Schedule Name
  Yes,                                    !- Apply Sunday
  Yes,                                    !- Apply Monday
  Yes,                                    !- Apply Tuesday
  Yes,                                    !- Apply Wednesday
  Yes,                                    !- Apply Thursday
  Yes,                                    !- Apply Friday
  Yes,                                    !- Apply Saturday
  DateRange,                              !- Date Specification Type
  1,                                      !- Start Month
  1,                                      !- Start Day
  12,                                     !- End Month
  31;                                     !- End Day

OS:Schedule:Day,
  {2996ace0-5564-4b55-bb81-45bdf5af4061}, !- Handle
  mech vent range fan 0 schedule allday1, !- Name
  {7c878e8d-f40e-4d25-9c3b-441490f7374d}, !- Schedule Type Limits Name
  ,                                       !- Interpolate to Timestep
  17,                                     !- Hour 1
  0,                                      !- Minute 1
  0,                                      !- Value Until Time 1
  18,                                     !- Hour 2
  0,                                      !- Minute 2
  1,                                      !- Value Until Time 2
  24,                                     !- Hour 3
  0,                                      !- Minute 3
  0;                                      !- Value Until Time 3

OS:EnergyManagementSystem:Sensor,
  {72ab382f-8875-40f7-8ba5-1e44a6293bc0}, !- Handle
  mech_vent_range_fan_0_sch_s,            !- Name
  mech vent range fan 0 schedule,         !- Output Variable or Output Meter Index Key Name
  Schedule Value;                         !- Output Variable or Output Meter Name

OS:ElectricEquipment:Definition,
  {bc66afd5-4822-40bf-99a2-b8388067bd6e}, !- Handle
  mech vent range fan 0,                  !- Name
  EquipmentLevel,                         !- Design Level Calculation Method
  30,                                     !- Design Level {W}
  ,                                       !- Watts per Space Floor Area {W/m2}
  ,                                       !- Watts per Person {W/person}
  0,                                      !- Fraction Latent
  0,                                      !- Fraction Radiant
  1;                                      !- Fraction Lost

OS:ElectricEquipment,
  {1c99e45b-dd2b-47b4-837c-e3b5f3a72b3e}, !- Handle
  mech vent range fan 0,                  !- Name
  {bc66afd5-4822-40bf-99a2-b8388067bd6e}, !- Electric Equipment Definition Name
  {e42f2ab6-2c94-42a9-af10-d2a8a063b931}, !- Space or SpaceType Name
  {3f3f32b6-bc0e-4f21-93b8-1d378cbbcb01}, !- Schedule Name
  ,                                       !- Multiplier
  mech vent;                              !- End-Use Subcategory

OS:Schedule:Ruleset,
  {b0e85b82-4cfd-4a0a-99ab-144e36fd7f41}, !- Handle
  mech vent bath fan 0 schedule,          !- Name
  {7c878e8d-f40e-4d25-9c3b-441490f7374d}, !- Schedule Type Limits Name
  {6032cf88-bcba-4837-9404-d5a7b0f0c961}; !- Default Day Schedule Name

OS:Schedule:Day,
  {6032cf88-bcba-4837-9404-d5a7b0f0c961}, !- Handle
  mech vent bath fan 0 schedule default day, !- Name
  {7c878e8d-f40e-4d25-9c3b-441490f7374d}, !- Schedule Type Limits Name
  ,                                       !- Interpolate to Timestep
  24,                                     !- Hour 1
  0,                                      !- Minute 1
  0;                                      !- Value Until Time 1

OS:Schedule:Rule,
  {1c3d98ad-8bb7-47ef-b9a7-b594a7bb0b34}, !- Handle
  mech vent bath fan 0 schedule allday ruleset1, !- Name
  {b0e85b82-4cfd-4a0a-99ab-144e36fd7f41}, !- Schedule Ruleset Name
  0,                                      !- Rule Order
  {6fe02c96-ea11-4ab6-a5d8-992fffef636a}, !- Day Schedule Name
  Yes,                                    !- Apply Sunday
  Yes,                                    !- Apply Monday
  Yes,                                    !- Apply Tuesday
  Yes,                                    !- Apply Wednesday
  Yes,                                    !- Apply Thursday
  Yes,                                    !- Apply Friday
  Yes,                                    !- Apply Saturday
  DateRange,                              !- Date Specification Type
  1,                                      !- Start Month
  1,                                      !- Start Day
  12,                                     !- End Month
  31;                                     !- End Day

OS:Schedule:Day,
  {6fe02c96-ea11-4ab6-a5d8-992fffef636a}, !- Handle
  mech vent bath fan 0 schedule allday1,  !- Name
  {7c878e8d-f40e-4d25-9c3b-441490f7374d}, !- Schedule Type Limits Name
  ,                                       !- Interpolate to Timestep
  20,                                     !- Hour 1
  0,                                      !- Minute 1
  0,                                      !- Value Until Time 1
  21,                                     !- Hour 2
  0,                                      !- Minute 2
  1,                                      !- Value Until Time 2
  24,                                     !- Hour 3
  0,                                      !- Minute 3
  0;                                      !- Value Until Time 3

OS:EnergyManagementSystem:Sensor,
  {e66571b6-2cfa-449e-8a7d-e5d5aeb6f85f}, !- Handle
  mech_vent_bath_fan_0_sch_s,             !- Name
  mech vent bath fan 0 schedule,          !- Output Variable or Output Meter Index Key Name
  Schedule Value;                         !- Output Variable or Output Meter Name

OS:ElectricEquipment:Definition,
  {ad2b2e39-0d82-45a4-8809-d1494bf26d56}, !- Handle
  mech vent bath fan 0,                   !- Name
  EquipmentLevel,                         !- Design Level Calculation Method
  30,                                     !- Design Level {W}
  ,                                       !- Watts per Space Floor Area {W/m2}
  ,                                       !- Watts per Person {W/person}
  0,                                      !- Fraction Latent
  0,                                      !- Fraction Radiant
  1;                                      !- Fraction Lost

OS:ElectricEquipment,
  {9b158c2a-4e20-4990-b1f0-39095a52c1a3}, !- Handle
  mech vent bath fan 0,                   !- Name
  {ad2b2e39-0d82-45a4-8809-d1494bf26d56}, !- Electric Equipment Definition Name
  {e42f2ab6-2c94-42a9-af10-d2a8a063b931}, !- Space or SpaceType Name
  {b0e85b82-4cfd-4a0a-99ab-144e36fd7f41}, !- Schedule Name
  ,                                       !- Multiplier
  mech vent;                              !- End-Use Subcategory

OS:EnergyManagementSystem:Sensor,
  {2dd7162b-2632-49b0-9c93-3547822b6094}, !- Handle
  clothes_dryer_exhaust_0_sch_s,          !- Name
  clothes_dryer,                          !- Output Variable or Output Meter Index Key Name
  Schedule Value;                         !- Output Variable or Output Meter Name

OS:EnergyManagementSystem:OutputVariable,
  {b4b2b56e-e5c8-4e08-ac64-8bdd205d8ec7}, !- Handle
  Qfan_timeseries_outvar,                 !- Name
  Qfan,                                   !- EMS Variable Name
  Averaged,                               !- Type of Data in Variable
  ZoneTimestep,                           !- Update Frequency
  {21714886-eaad-40c8-86c5-3ce25588bffb}, !- EMS Program or Subroutine Name
  m^/s;                                   !- Units

OS:EnergyManagementSystem:OutputVariable,
  {0fcbfc2b-052a-463c-bf04-28307db806c4}, !- Handle
  infil_flow_act_timeseries_outvar,       !- Name
  infil_flow_act,                         !- EMS Variable Name
  Averaged,                               !- Type of Data in Variable
  ZoneTimestep,                           !- Update Frequency
  {21714886-eaad-40c8-86c5-3ce25588bffb}, !- EMS Program or Subroutine Name
  m^/s;                                   !- Units

OS:EnergyManagementSystem:ProgramCallingManager,
  {a4d58161-c35f-4920-8868-21db35301672}, !- Handle
  infil_program calling manager,          !- Name
  BeginZoneTimestepAfterInitHeatBalance,  !- EnergyPlus Model Calling Point
  {21714886-eaad-40c8-86c5-3ce25588bffb}; !- Program Name 1

OS:BuildingUnit,
  {08d6d2aa-9924-4d6a-ba1c-43e825865b73}, !- Handle
  Building Unit 1,                        !- Name
  ,                                       !- Rendering Color
  ;                                       !- Building Unit Type

OS:AdditionalProperties,
  {4ccbe566-76fd-4a60-83ef-6a7536965840}, !- Handle
  {08d6d2aa-9924-4d6a-ba1c-43e825865b73}, !- Object Name
  unit_num,                               !- Feature Name 1
  Integer,                                !- Feature Data Type 1
  1;                                      !- Feature Value 1

OS:AdditionalProperties,
  {0f2df1e0-9dc9-4797-ad13-b8026d78cb21}, !- Handle
  {657bddab-1fe8-465b-9fe2-6f61dadd0017}; !- Object Name

OS:EnergyManagementSystem:Sensor,
  {656d48e0-1022-40a0-898a-5e151813cee1}, !- Handle
  zone_htg_unmet_s,                       !- Name
  conditioned space,                      !- Output Variable or Output Meter Index Key Name
  Zone Heating Setpoint Not Met Time;     !- Output Variable or Output Meter Name

OS:EnergyManagementSystem:Sensor,
  {b465e91e-534e-4bbc-b899-d4776f92340d}, !- Handle
  zone_clg_unmet_s,                       !- Name
  conditioned space,                      !- Output Variable or Output Meter Index Key Name
  Zone Cooling Setpoint Not Met Time;     !- Output Variable or Output Meter Name

OS:AdditionalProperties,
  {26efcaea-3277-4ee1-a145-b38087432d4b}, !- Handle
  {b465e91e-534e-4bbc-b899-d4776f92340d}; !- Object Name

OS:AdditionalProperties,
  {a6755b4a-35c9-49f2-884b-9daf436a9f26}, !- Handle
  {656d48e0-1022-40a0-898a-5e151813cee1}; !- Object Name

OS:AdditionalProperties,
  {fce297b5-9284-4db5-bf74-0d8f1d6833b2}, !- Handle
  {2985401d-7602-44b2-b3fc-91a0235dc99a}; !- Object Name

OS:AdditionalProperties,
  {4a7383c5-020c-4ed3-a69f-60eb08649801}, !- Handle
  {4ffe7d48-ce9d-43cb-80c1-1135e352ae2a}; !- Object Name

OS:AdditionalProperties,
  {5f82fd69-5529-456b-99cb-e5bb1a92c036}, !- Handle
  {500d42b9-23df-452c-9ad8-fec7b76b6baa}; !- Object Name

OS:AdditionalProperties,
  {95f3e1cc-18af-460c-9cfb-4857f5b5ac59}, !- Handle
  {4a9054c8-097e-43a1-9013-412effa15b37}; !- Object Name

OS:AdditionalProperties,
  {1b98ea61-606a-4e71-8891-e214c549d481}, !- Handle
  {94b27fa1-18fe-49a2-81af-ed0e95f0f711}; !- Object Name

OS:AdditionalProperties,
  {73dbc187-e011-407a-90bb-24e0517260e6}, !- Handle
  {cb611a7f-aae8-4aa2-b2ca-43f61e056422}; !- Object Name

OS:AdditionalProperties,
  {e3b9beab-286d-4e87-87a6-7bcf846c84f4}, !- Handle
  {8d137c0d-9126-498c-957f-33a4f9b9085c}; !- Object Name

OS:AdditionalProperties,
  {1474a401-bd04-402d-89e4-4b624caffb5d}, !- Handle
  {56294787-c921-4297-afe4-be6ca7c17932}; !- Object Name

OS:AdditionalProperties,
  {5da04dba-aa62-4632-b62e-50b564152b5c}, !- Handle
  {f0f5d868-f47e-44ac-aef0-7d4f6cf29a9f}; !- Object Name

OS:AdditionalProperties,
  {9108b36b-0bf3-4768-a712-6f12e5ecdfb3}, !- Handle
  {144324aa-e1bc-44a1-b8d9-1509e2d889bb}; !- Object Name

OS:AdditionalProperties,
  {56ae9007-1ad3-4041-b3a6-a23fb17a3008}, !- Handle
  {cb15a474-386f-4e5d-8029-4b698a64441d}; !- Object Name

OS:AdditionalProperties,
  {f6079929-ea5a-47f7-ac50-a2ac0dafcc45}, !- Handle
  {20d96ddc-2ef9-4207-9768-a54d4c9612d6}; !- Object Name

OS:AdditionalProperties,
  {8d8acd85-7ea3-4ac8-8f0e-d0da3906827a}, !- Handle
  {2ac9263c-97b6-4843-9d97-489960976c2e}; !- Object Name

OS:AdditionalProperties,
  {1d7cb706-c711-4311-87a2-af1e1390ad18}, !- Handle
  {e3b84dc7-3cda-41a8-946f-5c55ce490503}; !- Object Name

OS:AdditionalProperties,
  {bf4d42d6-ab7f-4033-9f0b-b02d3282b133}, !- Handle
  {7320f330-68be-459b-83e5-656955875782}; !- Object Name

OS:AdditionalProperties,
  {1fd17c28-c7e4-49f7-a8a9-1ad6dc9ea6a0}, !- Handle
  {bd8eddf3-ead7-4801-9190-9b882591d4d5}; !- Object Name

OS:AdditionalProperties,
  {2a04ea7f-5220-4383-951e-ebe89de3c8b7}, !- Handle
  {11abf597-5566-4913-9eba-9e342f463aa9}; !- Object Name

OS:AdditionalProperties,
  {18b19661-14d2-4a68-9317-297375e28dce}, !- Handle
  {eb8e2751-b43d-4b02-aa07-57aeccbd7142}; !- Object Name

OS:AdditionalProperties,
  {91a1d67c-e9ec-4820-af18-bc9adbeac4e3}, !- Handle
  {a07b43e5-d7f9-4221-a506-ff7ff8113cff}; !- Object Name

OS:AdditionalProperties,
  {550ba8bd-609d-451d-86e9-7515a8650ec0}, !- Handle
  {172ca514-648a-4f90-8d72-59557c09b000}; !- Object Name

OS:AdditionalProperties,
  {978d90b6-0f97-4529-8a81-52b936e9c67e}, !- Handle
  {1bc14033-17c1-4d49-805f-39af57cde460}; !- Object Name

OS:AdditionalProperties,
  {49265058-2ccd-43d1-a549-5ae0bb269e3d}, !- Handle
  {b2ad0e34-458f-4f52-8b68-a3205b840481}; !- Object Name

OS:AdditionalProperties,
  {7aa6db96-9958-4089-a095-0e30d1bf8e70}, !- Handle
  {8eee1ee8-b607-40ea-bca2-5d0c98629ef7}; !- Object Name

OS:AdditionalProperties,
  {f53bffd0-983d-4ba2-a5cc-c2ee4d5d837a}, !- Handle
  {a6e87c1d-9a62-4f0b-b4f0-af1de6019078}; !- Object Name

OS:AdditionalProperties,
  {11274296-f6b2-4a80-8fb5-949b9d616544}, !- Handle
  {a58bb53c-7275-41f6-ad04-be6c737e3b1d}; !- Object Name

OS:AdditionalProperties,
  {19aaf6fe-5746-4e1b-88c1-42677fd0a338}, !- Handle
  {b86f03a4-38cd-4675-9471-461cad51544e}; !- Object Name

OS:AdditionalProperties,
  {7de1dd1a-f372-4a65-a8e2-0ceff2e1b749}, !- Handle
  {2dd7162b-2632-49b0-9c93-3547822b6094}; !- Object Name

OS:AdditionalProperties,
  {f11ad9ea-05ed-400e-b3ec-919f38d2c7ad}, !- Handle
  {72ab382f-8875-40f7-8ba5-1e44a6293bc0}; !- Object Name

OS:AdditionalProperties,
  {1f0fab2a-1579-4a3c-9adc-11ad711cf7a9}, !- Handle
  {10490373-2330-498d-b324-7f9070b7bb69}; !- Object Name

OS:AdditionalProperties,
  {d48a0b75-7364-422c-b271-e9b1f3fe46ca}, !- Handle
  {e66571b6-2cfa-449e-8a7d-e5d5aeb6f85f}; !- Object Name

OS:EnergyManagementSystem:Program,
  {b3114b4a-dae9-4bfb-b7cb-ac4f2bdc8c84}, !- Handle
  unmet_hours_program,                    !- Name
  Set htg_unmet_hours = 0,                !- Program Line 1
  Set clg_unmet_hours = 0,                !- Program Line 2
  If ((DayOfYear >= 1) && (DayOfYear <= 365)), !- Program Line 3
  If zone_htg_unmet_s > htg_unmet_hours,  !- Program Line 4
  Set htg_unmet_hours = zone_htg_unmet_s, !- Program Line 5
  EndIf,                                  !- Program Line 6
  EndIf,                                  !- Program Line 7
  If ((DayOfYear >= 1) && (DayOfYear <= 365)), !- Program Line 8
  If zone_clg_unmet_s > clg_unmet_hours,  !- Program Line 9
  Set clg_unmet_hours = zone_clg_unmet_s, !- Program Line 10
  EndIf,                                  !- Program Line 11
  EndIf;                                  !- Program Line 12

OS:AdditionalProperties,
  {13b8fca4-f80b-48aa-83e2-cc756f7d6a40}, !- Handle
  {b3114b4a-dae9-4bfb-b7cb-ac4f2bdc8c84}, !- Object Name
  ObjectType,                             !- Feature Name 1
  String,                                 !- Feature Data Type 1
  unmet hours program;                    !- Feature Value 1

OS:EnergyManagementSystem:ProgramCallingManager,
  {67eafd22-fc15-4133-a6af-652627ab6467}, !- Handle
  unmet_hours_program calling manager,    !- Name
  EndOfZoneTimestepBeforeZoneReporting,   !- EnergyPlus Model Calling Point
  {b3114b4a-dae9-4bfb-b7cb-ac4f2bdc8c84}; !- Program Name 1

OS:EnergyManagementSystem:Sensor,
  {f86f900a-da91-44c0-b4da-23f320878a5c}, !- Handle
  htg_load_cond,                          !- Name
  ,                                       !- Output Variable or Output Meter Index Key Name
  Heating:EnergyTransfer:Zone:CONDITIONED SPACE; !- Output Variable or Output Meter Name

OS:EnergyManagementSystem:Sensor,
  {4fafa48c-22d1-4fe7-a73b-258ad59b2917}, !- Handle
  clg_load_cond,                          !- Name
  ,                                       !- Output Variable or Output Meter Index Key Name
  Cooling:EnergyTransfer:Zone:CONDITIONED SPACE; !- Output Variable or Output Meter Name

OS:EnergyManagementSystem:Sensor,
  {b8f93450-4222-467c-8999-923fe5879c39}, !- Handle
  htg_load_duct,                          !- Name
  ,                                       !- Output Variable or Output Meter Index Key Name
  Heating:EnergyTransfer:Zone:CENTRAL AC AND FURNACE AIRLOOP RET AIR ZONE; !- Output Variable or Output Meter Name

OS:EnergyManagementSystem:Sensor,
  {d240184c-d119-433b-9532-c803ae107983}, !- Handle
  clg_load_duct,                          !- Name
  ,                                       !- Output Variable or Output Meter Index Key Name
  Cooling:EnergyTransfer:Zone:CENTRAL AC AND FURNACE AIRLOOP RET AIR ZONE; !- Output Variable or Output Meter Name

OS:EnergyManagementSystem:Program,
  {e3e34d17-fcb9-4ecb-bae8-b57a201be161}, !- Handle
  total_loads_program,                    !- Name
  Set loads_htg_tot = 0,                  !- Program Line 1
  Set loads_clg_tot = 0,                  !- Program Line 2
  If htg_load_cond > 0,                   !- Program Line 3
  Set loads_htg_tot = loads_htg_tot + (htg_load_cond - clg_load_cond) * 1.0, !- Program Line 4
  Set loads_htg_tot = loads_htg_tot + (htg_load_duct - clg_load_duct) * 1.0, !- Program Line 5
  EndIf,                                  !- Program Line 6
  If clg_load_cond > 0,                   !- Program Line 7
  Set loads_clg_tot = loads_clg_tot + (clg_load_cond - htg_load_cond) * 1.0, !- Program Line 8
  Set loads_clg_tot = loads_clg_tot + (clg_load_duct - htg_load_duct) * 1.0, !- Program Line 9
  EndIf;                                  !- Program Line 10

OS:AdditionalProperties,
  {a94a14f4-00c6-4d80-bd3f-a3a681db0054}, !- Handle
  {e3e34d17-fcb9-4ecb-bae8-b57a201be161}, !- Object Name
  ObjectType,                             !- Feature Name 1
  String,                                 !- Feature Data Type 1
  total loads program;                    !- Feature Value 1

OS:EnergyManagementSystem:ProgramCallingManager,
  {8d79a95b-d33f-4bff-a7e5-72872facba62}, !- Handle
  total_loads_program calling manager,    !- Name
  EndOfZoneTimestepAfterZoneReporting,    !- EnergyPlus Model Calling Point
  {e3e34d17-fcb9-4ecb-bae8-b57a201be161}; !- Program Name 1

OS:Output:JSON,
  {1bedb254-3e41-4e6c-adba-c73a631e1d74}, !- Handle
  TimeSeriesAndTabular,                   !- Option Type
  No,                                     !- Output JSON
  No,                                     !- Output CBOR
  Yes;                                    !- Output MessagePack

OS:OutputControl:Files,
  {adf455a5-c1f7-4120-b265-ec047ab92f0e}, !- Handle
  No,                                     !- Output CSV
  No,                                     !- Output MTR
  No,                                     !- Output ESO
  No,                                     !- Output EIO
  Yes,                                    !- Output Tabular
  No,                                     !- Output SQLite
  Yes,                                    !- Output JSON
  No,                                     !- Output AUDIT
  Yes,                                    !- Output Zone Sizing
  Yes,                                    !- Output System Sizing
  Yes,                                    !- Output DXF
  No,                                     !- Output BND
  No,                                     !- Output RDD
  No,                                     !- Output MDD
  No,                                     !- Output MTD
  No,                                     !- Output SHD
  Yes,                                    !- Output DFS
  Yes,                                    !- Output GLHE
  Yes,                                    !- Output DelightIn
  Yes,                                    !- Output DelightELdmp
  Yes,                                    !- Output DelightDFdmp
  Yes,                                    !- Output EDD
  Yes,                                    !- Output DBG
  No,                                     !- Output PerfLog
  Yes,                                    !- Output SLN
  Yes,                                    !- Output SCI
  Yes,                                    !- Output WRL
  Yes,                                    !- Output Screen
  Yes,                                    !- Output ExtShd
  Yes;                                    !- Output Tarcog

OS:Building,
  {710f639c-eb40-4d39-8942-a27c9cb8670d}, !- Handle
  Building 1,                             !- Name
  ,                                       !- Building Sector Type
  ,                                       !- North Axis {deg}
  ,                                       !- Nominal Floor to Floor Height {m}
  ,                                       !- Space Type Name
  ,                                       !- Default Construction Set Name
  ;                                       !- Default Schedule Set Name

OS:AdditionalProperties,
  {27f4154b-e733-432c-b7ae-69ea6b5b78c9}, !- Handle
  {710f639c-eb40-4d39-8942-a27c9cb8670d}, !- Object Name
  hpxml_path,                             !- Feature Name 1
  String,                                 !- Feature Data Type 1
  /var/simdata/openstudio/run/home.xml,   !- Feature Value 1
  hpxml_defaults_path,                    !- Feature Name 2
  String,                                 !- Feature Data Type 2
  /var/simdata/openstudio/run/in.xml,     !- Feature Value 2
  building_id,                            !- Feature Name 3
  String,                                 !- Feature Data Type 3
  ,                                       !- Feature Value 3
  emissions_scenario_names,               !- Feature Name 4
  String,                                 !- Feature Data Type 4
  ["LRMER_LowRECost_15"&#44 "LRMER_MidCase_15"&#44 "LRMER_HighRECost_15"&#44 "LRMER_MidCase_25"], !- Feature Value 4
  emissions_scenario_types,               !- Feature Name 5
  String,                                 !- Feature Data Type 5
  ["CO2e"&#44 "CO2e"&#44 "CO2e"&#44 "CO2e"], !- Feature Value 5
  heated_zones,                           !- Feature Name 6
  String,                                 !- Feature Data Type 6
  ["conditioned space"],                  !- Feature Value 6
  cooled_zones,                           !- Feature Name 7
  String,                                 !- Feature Data Type 7
  ["conditioned space"],                  !- Feature Value 7
  is_southern_hemisphere,                 !- Feature Name 8
  Boolean,                                !- Feature Data Type 8
  false;                                  !- Feature Value 8

