
OS:Version,
  {8852b20a-b4c7-4916-a0f8-36e399ecc340}, !- Handle
  3.7.0;                                  !- Version Identifier

OS:WeatherFile,
  {0fe34c6a-034b-4b9e-a0a1-7e830ae1963c}, !- Handle
  Birmingham Muni,                        !- City
  AL,                                     !- State Province Region
  USA,                                    !- Country
  customized weather file,                !- Data Source
  722280,                                 !- WMO Number
  33.56,                                  !- Latitude {deg}
  -86.75,                                 !- Longitude {deg}
  -6,                                     !- Time Zone {hr}
  192,                                    !- Elevation {m}
  /weather/G0100730.epw,                  !- Url
  774DAE53,                               !- Checksum
  2018,                                   !- Start Date Actual Year
  Monday;                                 !- Start Day of Week

OS:YearDescription,
  {436b60ac-9ec5-4e2b-b708-ca31a7472c87}, !- Handle
  2018,                                   !- Calendar Year
  ,                                       !- Day of Week for Start Day
  ;                                       !- Is Leap Year

OS:Site,
  {e8748e7c-110b-4559-8439-0afb17be71af}, !- Handle
  Birmingham Muni_AL_USA,                 !- Name
  33.56,                                  !- Latitude {deg}
  -86.75,                                 !- Longitude {deg}
  -6,                                     !- Time Zone {hr}
  192,                                    !- Elevation {m}
  Suburbs;                                !- Terrain

OS:RunPeriodControl:DaylightSavingTime,
  {9431d4f9-1cbb-410c-9d99-d43a95925696}, !- Handle
  Mar 11,                                 !- Start Date
  Nov 4;                                  !- End Date

OS:Site:GroundTemperature:Shallow,
  {9d28b44f-6286-463f-af2b-07b6aa7b6d3f}, !- Handle
  13.9536242928817,                       !- January Surface Ground Temperature {C}
  12.2281143254001,                       !- February Surface Ground Temperature {C}
  12.0899292991573,                       !- March Surface Ground Temperature {C}
  12.9087719460757,                       !- April Surface Ground Temperature {C}
  16.1959688784605,                       !- May Surface Ground Temperature {C}
  19.467852653032,                        !- June Surface Ground Temperature {C}
  22.3044010222147,                       !- July Surface Ground Temperature {C}
  24.1012846506066,                       !- August Surface Ground Temperature {C}
  24.2539397844187,                       !- September Surface Ground Temperature {C}
  22.7924769676404,                       !- October Surface Ground Temperature {C}
  20.0282622472512,                       !- November Surface Ground Temperature {C}
  16.8567465402668;                       !- December Surface Ground Temperature {C}

OS:SimulationControl,
  {d1674f7f-527b-42f4-a838-7e777ed59b74}, !- Handle
  ,                                       !- Do Zone Sizing Calculation
  ,                                       !- Do System Sizing Calculation
  ,                                       !- Do Plant Sizing Calculation
  No;                                     !- Run Simulation for Sizing Periods

OS:Timestep,
  {0a304709-6663-4fa4-af4f-c50f2e61e8ae}, !- Handle
  4;                                      !- Number of Timesteps per Hour

OS:ShadowCalculation,
  {35bdb486-b4b4-4733-9c61-ca47b53e1494}, !- Handle
  PolygonClipping,                        !- Shading Calculation Method
  ,                                       !- Shading Calculation Update Frequency Method
  20,                                     !- Shading Calculation Update Frequency
  200,                                    !- Maximum Figures in Shadow Overlap Calculations
  ,                                       !- Polygon Clipping Algorithm
  512,                                    !- Pixel Counting Resolution
  ,                                       !- Sky Diffuse Modeling Algorithm
  No,                                     !- Output External Shading Calculation Results
  No,                                     !- Disable Self-Shading Within Shading Zone Groups
  No;                                     !- Disable Self-Shading From Shading Zone Groups to Other Zones

OS:SurfaceConvectionAlgorithm:Outside,
  {aca35284-627a-45bd-8b7c-ebf6ef880dab}, !- Handle
  DOE-2;                                  !- Algorithm

OS:SurfaceConvectionAlgorithm:Inside,
  {e91d404b-5220-4d6c-8c45-001b6f10f20f}, !- Handle
  TARP;                                   !- Algorithm

OS:ZoneCapacitanceMultiplier:ResearchSpecial,
  {26c1bb45-ff9a-416c-aef1-8f456b5afd81}, !- Handle
  1,                                      !- Temperature Capacity Multiplier
  15,                                     !- Humidity Capacity Multiplier
  ;                                       !- Carbon Dioxide Capacity Multiplier

OS:ConvergenceLimits,
  {5c05d26f-bc05-44f1-8270-4742afe79f8a}, !- Handle
  0;                                      !- Minimum System Timestep {minutes}

OS:RunPeriod,
  {d6004b35-8e08-4adb-bea4-3584c0e37bef}, !- Handle
  Run Period 1,                           !- Name
  1,                                      !- Begin Month
  1,                                      !- Begin Day of Month
  12,                                     !- End Month
  31,                                     !- End Day of Month
  ,                                       !- Use Weather File Holidays and Special Days
  ,                                       !- Use Weather File Daylight Saving Period
  ,                                       !- Apply Weekend Holiday Rule
  ,                                       !- Use Weather File Rain Indicators
  ,                                       !- Use Weather File Snow Indicators
  ;                                       !- Number of Times Runperiod to be Repeated

OS:PerformancePrecisionTradeoffs,
  {271d8e82-3b78-4af6-8d6e-37d8247bf6bc}, !- Handle
  ,                                       !- Use Coil Direct Solutions
  CarrollMRT;                             !- Zone Radiant Exchange Algorithm

OS:ThermalZone,
  {90961844-a5c1-44d4-8d26-df7a52080608}, !- Handle
  conditioned space,                      !- Name
  1,                                      !- Multiplier
  ,                                       !- Ceiling Height {m}
  493.619269791744,                       !- Volume {m3}
  ,                                       !- Floor Area {m2}
  ,                                       !- Zone Inside Convection Algorithm
  ,                                       !- Zone Outside Convection Algorithm
  ,                                       !- Zone Conditioning Equipment List Name
  {264f9149-6179-4478-b9af-727dda279dbb}, !- Zone Air Inlet Port List
  {bffa1fbc-4c1b-4bf0-ace9-1ee8586e4456}, !- Zone Air Exhaust Port List
  {963faba0-9461-4ed0-bf7d-9a795985170b}, !- Zone Air Node Name
  {aaef34c1-a7bb-4b47-a0ce-a4db29afb1db}, !- Zone Return Air Port List
  ,                                       !- Primary Daylighting Control Name
  ,                                       !- Fraction of Zone Controlled by Primary Daylighting Control
  ,                                       !- Secondary Daylighting Control Name
  ,                                       !- Fraction of Zone Controlled by Secondary Daylighting Control
  ,                                       !- Illuminance Map Name
  ,                                       !- Group Rendering Name
  {d860fe2b-884c-4058-94e4-b06179550f69}, !- Thermostat Name
  No;                                     !- Use Ideal Air Loads

OS:Node,
  {e63a3ce4-7468-4faa-9d51-e14a097cf583}, !- Handle
  Node 1,                                 !- Name
  {963faba0-9461-4ed0-bf7d-9a795985170b}, !- Inlet Port
  ;                                       !- Outlet Port

OS:Connection,
  {963faba0-9461-4ed0-bf7d-9a795985170b}, !- Handle
  {90961844-a5c1-44d4-8d26-df7a52080608}, !- Source Object
  11,                                     !- Outlet Port
  {e63a3ce4-7468-4faa-9d51-e14a097cf583}, !- Target Object
  2;                                      !- Inlet Port

OS:PortList,
  {264f9149-6179-4478-b9af-727dda279dbb}, !- Handle
  {90961844-a5c1-44d4-8d26-df7a52080608}, !- HVAC Component
  {b6038fcd-c7b7-46ea-825d-e95a70234251}; !- Port 1

OS:PortList,
  {bffa1fbc-4c1b-4bf0-ace9-1ee8586e4456}, !- Handle
  {90961844-a5c1-44d4-8d26-df7a52080608}; !- HVAC Component

OS:PortList,
  {aaef34c1-a7bb-4b47-a0ce-a4db29afb1db}, !- Handle
  {90961844-a5c1-44d4-8d26-df7a52080608}, !- HVAC Component
  {31b027aa-7304-4e7a-8b9e-68e637d97ce4}; !- Port 1

OS:Sizing:Zone,
  {681e75f6-964a-4f36-836e-16fb7aca3b35}, !- Handle
  {90961844-a5c1-44d4-8d26-df7a52080608}, !- Zone or ZoneList Name
  SupplyAirTemperature,                   !- Zone Cooling Design Supply Air Temperature Input Method
  14,                                     !- Zone Cooling Design Supply Air Temperature {C}
  11.11,                                  !- Zone Cooling Design Supply Air Temperature Difference {deltaC}
  SupplyAirTemperature,                   !- Zone Heating Design Supply Air Temperature Input Method
  40,                                     !- Zone Heating Design Supply Air Temperature {C}
  11.11,                                  !- Zone Heating Design Supply Air Temperature Difference {deltaC}
  0.0085,                                 !- Zone Cooling Design Supply Air Humidity Ratio {kg-H2O/kg-air}
  0.008,                                  !- Zone Heating Design Supply Air Humidity Ratio {kg-H2O/kg-air}
  ,                                       !- Zone Heating Sizing Factor
  ,                                       !- Zone Cooling Sizing Factor
  DesignDay,                              !- Cooling Design Air Flow Method
  ,                                       !- Cooling Design Air Flow Rate {m3/s}
  ,                                       !- Cooling Minimum Air Flow per Zone Floor Area {m3/s-m2}
  ,                                       !- Cooling Minimum Air Flow {m3/s}
  ,                                       !- Cooling Minimum Air Flow Fraction
  DesignDay,                              !- Heating Design Air Flow Method
  ,                                       !- Heating Design Air Flow Rate {m3/s}
  ,                                       !- Heating Maximum Air Flow per Zone Floor Area {m3/s-m2}
  ,                                       !- Heating Maximum Air Flow {m3/s}
  ,                                       !- Heating Maximum Air Flow Fraction
  No,                                     !- Account for Dedicated Outdoor Air System
  NeutralSupplyAir,                       !- Dedicated Outdoor Air System Control Strategy
  autosize,                               !- Dedicated Outdoor Air Low Setpoint Temperature for Design {C}
  autosize,                               !- Dedicated Outdoor Air High Setpoint Temperature for Design {C}
  Sensible Load Only No Latent Load,      !- Zone Load Sizing Method
  HumidityRatioDifference,                !- Zone Latent Cooling Design Supply Air Humidity Ratio Input Method
  ,                                       !- Zone Dehumidification Design Supply Air Humidity Ratio {kgWater/kgDryAir}
  0.005,                                  !- Zone Cooling Design Supply Air Humidity Ratio Difference {kgWater/kgDryAir}
  HumidityRatioDifference,                !- Zone Latent Heating Design Supply Air Humidity Ratio Input Method
  ,                                       !- Zone Humidification Design Supply Air Humidity Ratio {kgWater/kgDryAir}
  0.005;                                  !- Zone Humidification Design Supply Air Humidity Ratio Difference {kgWater/kgDryAir}

OS:ZoneHVAC:EquipmentList,
  {4773092c-e7c8-4b6a-8666-52659dd3333e}, !- Handle
  Zone HVAC Equipment List 1,             !- Name
  {90961844-a5c1-44d4-8d26-df7a52080608}, !- Thermal Zone
  ,                                       !- Load Distribution Scheme
  {ab1d2f08-a5bb-4d4d-adcd-1a27a4c1c56e}, !- Zone Equipment 1
  1,                                      !- Zone Equipment Cooling Sequence 1
  1,                                      !- Zone Equipment Heating or No-Load Sequence 1
  {a4ddf654-ecfc-4b1c-ae02-81d3130f2e37}, !- Zone Equipment Sequential Cooling Fraction Schedule Name 1
  {dabd306d-297e-40e4-9f08-56ba96b22dc6}; !- Zone Equipment Sequential Heating Fraction Schedule Name 1

OS:AdditionalProperties,
  {71582a10-63d7-480c-aa57-aa8577a8639a}, !- Handle
  {90961844-a5c1-44d4-8d26-df7a52080608}, !- Object Name
  ObjectType,                             !- Feature Name 1
  String,                                 !- Feature Data Type 1
  conditioned space;                      !- Feature Value 1

OS:Space,
  {0ce7c95c-eaa9-4e1c-be4f-70c83b523d81}, !- Handle
  conditioned space 1,                    !- Name
  ,                                       !- Space Type Name
  ,                                       !- Default Construction Set Name
  ,                                       !- Default Schedule Set Name
  ,                                       !- Direction of Relative North {deg}
  ,                                       !- X Origin {m}
  ,                                       !- Y Origin {m}
  ,                                       !- Z Origin {m}
  ,                                       !- Building Story Name
  {90961844-a5c1-44d4-8d26-df7a52080608}, !- Thermal Zone Name
  ,                                       !- Part of Total Floor Area
  ,                                       !- Design Specification Outdoor Air Object Name
  {fa31c639-a100-4818-b368-3fc615f3e0cc}, !- Building Unit Name
  493.619269791744;                       !- Volume {m3}

OS:Schedule:Ruleset,
  {48e4135e-e180-48a9-bbe8-36c71d6a99f6}, !- Handle
  heating setpoint,                       !- Name
  {6815f7cd-e84e-4b59-8a7c-6bd3d419ff22}, !- Schedule Type Limits Name
  {5efd6f11-e488-4305-9658-edd63d3b2f35}; !- Default Day Schedule Name

OS:Schedule:Day,
  {5efd6f11-e488-4305-9658-edd63d3b2f35}, !- Handle
  heating setpoint default day,           !- Name
  {6815f7cd-e84e-4b59-8a7c-6bd3d419ff22}, !- Schedule Type Limits Name
  ,                                       !- Interpolate to Timestep
  24,                                     !- Hour 1
  0,                                      !- Minute 1
  0;                                      !- Value Until Time 1

OS:Schedule:Rule,
  {759c7969-887b-45f1-ac07-9129c9ef299b}, !- Handle
  heating setpoint allday ruleset1,       !- Name
  {48e4135e-e180-48a9-bbe8-36c71d6a99f6}, !- Schedule Ruleset Name
  0,                                      !- Rule Order
  {827c2d47-b544-4469-99de-7111b8a3c598}, !- Day Schedule Name
  Yes,                                    !- Apply Sunday
  Yes,                                    !- Apply Monday
  Yes,                                    !- Apply Tuesday
  Yes,                                    !- Apply Wednesday
  Yes,                                    !- Apply Thursday
  Yes,                                    !- Apply Friday
  Yes,                                    !- Apply Saturday
  DateRange,                              !- Date Specification Type
  1,                                      !- Start Month
  1,                                      !- Start Day
  12,                                     !- End Month
  31;                                     !- End Day

OS:Schedule:Day,
  {827c2d47-b544-4469-99de-7111b8a3c598}, !- Handle
  heating setpoint allday1,               !- Name
  {6815f7cd-e84e-4b59-8a7c-6bd3d419ff22}, !- Schedule Type Limits Name
  ,                                       !- Interpolate to Timestep
  24,                                     !- Hour 1
  0,                                      !- Minute 1
  22.2222222222222;                       !- Value Until Time 1

OS:Schedule:Ruleset,
  {7ac217fb-2dfd-4461-abf0-32a68df6d2e4}, !- Handle
  cooling setpoint,                       !- Name
  {6815f7cd-e84e-4b59-8a7c-6bd3d419ff22}, !- Schedule Type Limits Name
  {eb3e1e87-a0d3-4396-9348-0147ce776ad8}; !- Default Day Schedule Name

OS:Schedule:Day,
  {eb3e1e87-a0d3-4396-9348-0147ce776ad8}, !- Handle
  cooling setpoint default day,           !- Name
  {6815f7cd-e84e-4b59-8a7c-6bd3d419ff22}, !- Schedule Type Limits Name
  ,                                       !- Interpolate to Timestep
  24,                                     !- Hour 1
  0,                                      !- Minute 1
  0;                                      !- Value Until Time 1

OS:Schedule:Rule,
  {e6c036b7-4b17-4aa5-ac9c-3ff9a43f213f}, !- Handle
  cooling setpoint allday ruleset1,       !- Name
  {7ac217fb-2dfd-4461-abf0-32a68df6d2e4}, !- Schedule Ruleset Name
  0,                                      !- Rule Order
  {c3ccc37c-3034-470b-a5b2-36e0198d2d78}, !- Day Schedule Name
  Yes,                                    !- Apply Sunday
  Yes,                                    !- Apply Monday
  Yes,                                    !- Apply Tuesday
  Yes,                                    !- Apply Wednesday
  Yes,                                    !- Apply Thursday
  Yes,                                    !- Apply Friday
  Yes,                                    !- Apply Saturday
  DateRange,                              !- Date Specification Type
  1,                                      !- Start Month
  1,                                      !- Start Day
  12,                                     !- End Month
  31;                                     !- End Day

OS:Schedule:Day,
  {c3ccc37c-3034-470b-a5b2-36e0198d2d78}, !- Handle
  cooling setpoint allday1,               !- Name
  {6815f7cd-e84e-4b59-8a7c-6bd3d419ff22}, !- Schedule Type Limits Name
  ,                                       !- Interpolate to Timestep
  24,                                     !- Hour 1
  0,                                      !- Minute 1
  25.5555555555556;                       !- Value Until Time 1

OS:ThermostatSetpoint:DualSetpoint,
  {d860fe2b-884c-4058-94e4-b06179550f69}, !- Handle
  conditioned space temperature setpoint, !- Name
  {48e4135e-e180-48a9-bbe8-36c71d6a99f6}, !- Heating Setpoint Temperature Schedule Name
  {7ac217fb-2dfd-4461-abf0-32a68df6d2e4}; !- Cooling Setpoint Temperature Schedule Name

OS:ScheduleTypeLimits,
  {6815f7cd-e84e-4b59-8a7c-6bd3d419ff22}, !- Handle
  Temperature,                            !- Name
  ,                                       !- Lower Limit Value
  ,                                       !- Upper Limit Value
  Continuous,                             !- Numeric Type
  Temperature;                            !- Unit Type

OS:Surface,
  {1f149d1d-bbc5-40a1-9ad7-6ed41c2bae15}, !- Handle
  Roof1,                                  !- Name
  RoofCeiling,                            !- Surface Type
  {d90f59b7-ade7-406d-a30a-63587dc65bd8}, !- Construction Name
  {2042ae1a-9c13-476d-b245-229c06e5ba09}, !- Space Name
  Outdoors,                               !- Outside Boundary Condition
  ,                                       !- Outside Boundary Condition Object
  SunExposed,                             !- Sun Exposure
  WindExposed,                            !- Wind Exposure
  ,                                       !- View Factor to Ground
  ,                                       !- Number of Vertices
  -7.96555390544794, -18.6034680567993, 2.4384, !- X,Y,Z Vertex 1 {m}
  -7.96555390544794, -9.08862941291255, 7.19581932194336, !- X,Y,Z Vertex 2 {m}
  -18.6034669067842, -9.08862941291255, 7.19581932194336, !- X,Y,Z Vertex 3 {m}
  -18.6034669067842, -18.6034680567993, 2.4384; !- X,Y,Z Vertex 4 {m}

OS:AdditionalProperties,
  {b4844067-e6bb-4eaa-a2c6-392ec29b4160}, !- Handle
  {1f149d1d-bbc5-40a1-9ad7-6ed41c2bae15}, !- Object Name
  Length,                                 !- Feature Name 1
  Double,                                 !- Feature Data Type 1
  34.901289374462948,                     !- Feature Value 1
  Width,                                  !- Feature Name 2
  Double,                                 !- Feature Data Type 2
  34.901289374462941,                     !- Feature Value 2
  Azimuth,                                !- Feature Name 3
  Integer,                                !- Feature Data Type 3
  180,                                    !- Feature Value 3
  Tilt,                                   !- Feature Name 4
  Double,                                 !- Feature Data Type 4
  0.5,                                    !- Feature Value 4
  SurfaceType,                            !- Feature Name 5
  String,                                 !- Feature Data Type 5
  Roof;                                   !- Feature Value 5

OS:ThermalZone,
  {92eeaa0e-23b0-48bc-9f55-06d358a92f11}, !- Handle
  attic - vented,                         !- Name
  1,                                      !- Multiplier
  ,                                       !- Ceiling Height {m}
  214.681430665403,                       !- Volume {m3}
  ,                                       !- Floor Area {m2}
  ,                                       !- Zone Inside Convection Algorithm
  ,                                       !- Zone Outside Convection Algorithm
  ,                                       !- Zone Conditioning Equipment List Name
  {320ebe6c-ca1f-4ec5-b307-9b1dcdaa9d10}, !- Zone Air Inlet Port List
  {42adf419-fa1f-4d6d-ac74-cde3875ec67f}, !- Zone Air Exhaust Port List
  {cdc7253b-c91b-4d51-a47e-11e1944c67b2}, !- Zone Air Node Name
  {908984ec-3239-4a69-aeec-39c6187c6d25}, !- Zone Return Air Port List
  ,                                       !- Primary Daylighting Control Name
  ,                                       !- Fraction of Zone Controlled by Primary Daylighting Control
  ,                                       !- Secondary Daylighting Control Name
  ,                                       !- Fraction of Zone Controlled by Secondary Daylighting Control
  ,                                       !- Illuminance Map Name
  ,                                       !- Group Rendering Name
  ,                                       !- Thermostat Name
  No;                                     !- Use Ideal Air Loads

OS:Node,
  {f35e2c33-b48e-490b-bcda-41a05905095c}, !- Handle
  Node 2,                                 !- Name
  {cdc7253b-c91b-4d51-a47e-11e1944c67b2}, !- Inlet Port
  ;                                       !- Outlet Port

OS:Connection,
  {cdc7253b-c91b-4d51-a47e-11e1944c67b2}, !- Handle
  {92eeaa0e-23b0-48bc-9f55-06d358a92f11}, !- Source Object
  11,                                     !- Outlet Port
  {f35e2c33-b48e-490b-bcda-41a05905095c}, !- Target Object
  2;                                      !- Inlet Port

OS:PortList,
  {320ebe6c-ca1f-4ec5-b307-9b1dcdaa9d10}, !- Handle
  {92eeaa0e-23b0-48bc-9f55-06d358a92f11}; !- HVAC Component

OS:PortList,
  {42adf419-fa1f-4d6d-ac74-cde3875ec67f}, !- Handle
  {92eeaa0e-23b0-48bc-9f55-06d358a92f11}; !- HVAC Component

OS:PortList,
  {908984ec-3239-4a69-aeec-39c6187c6d25}, !- Handle
  {92eeaa0e-23b0-48bc-9f55-06d358a92f11}; !- HVAC Component

OS:Sizing:Zone,
  {84061753-3123-4f48-8559-7f43ca387030}, !- Handle
  {92eeaa0e-23b0-48bc-9f55-06d358a92f11}, !- Zone or ZoneList Name
  SupplyAirTemperature,                   !- Zone Cooling Design Supply Air Temperature Input Method
  14,                                     !- Zone Cooling Design Supply Air Temperature {C}
  11.11,                                  !- Zone Cooling Design Supply Air Temperature Difference {deltaC}
  SupplyAirTemperature,                   !- Zone Heating Design Supply Air Temperature Input Method
  40,                                     !- Zone Heating Design Supply Air Temperature {C}
  11.11,                                  !- Zone Heating Design Supply Air Temperature Difference {deltaC}
  0.0085,                                 !- Zone Cooling Design Supply Air Humidity Ratio {kg-H2O/kg-air}
  0.008,                                  !- Zone Heating Design Supply Air Humidity Ratio {kg-H2O/kg-air}
  ,                                       !- Zone Heating Sizing Factor
  ,                                       !- Zone Cooling Sizing Factor
  DesignDay,                              !- Cooling Design Air Flow Method
  ,                                       !- Cooling Design Air Flow Rate {m3/s}
  ,                                       !- Cooling Minimum Air Flow per Zone Floor Area {m3/s-m2}
  ,                                       !- Cooling Minimum Air Flow {m3/s}
  ,                                       !- Cooling Minimum Air Flow Fraction
  DesignDay,                              !- Heating Design Air Flow Method
  ,                                       !- Heating Design Air Flow Rate {m3/s}
  ,                                       !- Heating Maximum Air Flow per Zone Floor Area {m3/s-m2}
  ,                                       !- Heating Maximum Air Flow {m3/s}
  ,                                       !- Heating Maximum Air Flow Fraction
  No,                                     !- Account for Dedicated Outdoor Air System
  NeutralSupplyAir,                       !- Dedicated Outdoor Air System Control Strategy
  autosize,                               !- Dedicated Outdoor Air Low Setpoint Temperature for Design {C}
  autosize,                               !- Dedicated Outdoor Air High Setpoint Temperature for Design {C}
  Sensible Load Only No Latent Load,      !- Zone Load Sizing Method
  HumidityRatioDifference,                !- Zone Latent Cooling Design Supply Air Humidity Ratio Input Method
  ,                                       !- Zone Dehumidification Design Supply Air Humidity Ratio {kgWater/kgDryAir}
  0.005,                                  !- Zone Cooling Design Supply Air Humidity Ratio Difference {kgWater/kgDryAir}
  HumidityRatioDifference,                !- Zone Latent Heating Design Supply Air Humidity Ratio Input Method
  ,                                       !- Zone Humidification Design Supply Air Humidity Ratio {kgWater/kgDryAir}
  0.005;                                  !- Zone Humidification Design Supply Air Humidity Ratio Difference {kgWater/kgDryAir}

OS:ZoneHVAC:EquipmentList,
  {22a98607-9a0e-4270-9268-2a30e4624621}, !- Handle
  Zone HVAC Equipment List 2,             !- Name
  {92eeaa0e-23b0-48bc-9f55-06d358a92f11}; !- Thermal Zone

OS:AdditionalProperties,
  {5a145333-0897-4fcd-b3e9-c5199c663f07}, !- Handle
  {92eeaa0e-23b0-48bc-9f55-06d358a92f11}, !- Object Name
  ObjectType,                             !- Feature Name 1
  String,                                 !- Feature Data Type 1
  attic - vented;                         !- Feature Value 1

OS:Space,
  {2042ae1a-9c13-476d-b245-229c06e5ba09}, !- Handle
  attic - vented 1,                       !- Name
  ,                                       !- Space Type Name
  ,                                       !- Default Construction Set Name
  ,                                       !- Default Schedule Set Name
  ,                                       !- Direction of Relative North {deg}
  ,                                       !- X Origin {m}
  ,                                       !- Y Origin {m}
  ,                                       !- Z Origin {m}
  ,                                       !- Building Story Name
  {92eeaa0e-23b0-48bc-9f55-06d358a92f11}, !- Thermal Zone Name
  ,                                       !- Part of Total Floor Area
  ,                                       !- Design Specification Outdoor Air Object Name
  {fa31c639-a100-4818-b368-3fc615f3e0cc}, !- Building Unit Name
  214.681430665403;                       !- Volume {m3}

OS:Material,
  {f5b2c35f-f8a3-482f-a8aa-dc15cd5d36ee}, !- Handle
  metal surfacing,                        !- Name
  Rough,                                  !- Roughness
  0.000508,                               !- Thickness {m}
  50.040325,                              !- Conductivity {W/m-K}
  7801.74,                                !- Density {kg/m3}
  460.57,                                 !- Specific Heat {J/kg-K}
  0.9,                                    !- Thermal Absorptance
  0.9,                                    !- Solar Absorptance
  0.9;                                    !- Visible Absorptance

OS:Material,
  {8a2088f0-58d4-46f9-99b7-87c7abbf98d6}, !- Handle
  roof rigid ins,                         !- Name
  Rough,                                  !- Roughness
  0.00396442493270656,                    !- Thickness {m}
  0.029427,                               !- Conductivity {W/m-K}
  32.04,                                  !- Density {kg/m3}
  1214.23,                                !- Specific Heat {J/kg-K}
  0.9,                                    !- Thermal Absorptance
  0.7,                                    !- Solar Absorptance
  0.7;                                    !- Visible Absorptance

OS:Material,
  {5a1274f6-303a-4cd9-8c8d-844f9be42cdb}, !- Handle
  osb sheathing 0.5 in.,                  !- Name
  Rough,                                  !- Roughness
  0.0127,                                 !- Thickness {m}
  0.1154577,                              !- Conductivity {W/m-K}
  512.64,                                 !- Density {kg/m3}
  1214.23,                                !- Specific Heat {J/kg-K}
  0.9,                                    !- Thermal Absorptance
  0.6,                                    !- Solar Absorptance
  0.6;                                    !- Visible Absorptance

OS:Construction,
  {d90f59b7-ade7-406d-a30a-63587dc65bd8}, !- Handle
  Roof1 construction,                     !- Name
  ,                                       !- Surface Rendering Name
  {f5b2c35f-f8a3-482f-a8aa-dc15cd5d36ee}, !- Layer 1
  {8a2088f0-58d4-46f9-99b7-87c7abbf98d6}, !- Layer 2
  {5a1274f6-303a-4cd9-8c8d-844f9be42cdb}; !- Layer 3

OS:Surface,
  {b92a9f20-6d4c-401a-ab51-a7f2e3407558}, !- Handle
  Roof2,                                  !- Name
  RoofCeiling,                            !- Surface Type
  {f9dc12e0-1ab9-4e05-9ac0-8508aa7742e4}, !- Construction Name
  {2042ae1a-9c13-476d-b245-229c06e5ba09}, !- Space Name
  Outdoors,                               !- Outside Boundary Condition
  ,                                       !- Outside Boundary Condition Object
  SunExposed,                             !- Sun Exposure
  WindExposed,                            !- Wind Exposure
  ,                                       !- View Factor to Ground
  ,                                       !- Number of Vertices
  7.96555440212795, 18.6034678441329, 2.4384, !- X,Y,Z Vertex 1 {m}
  7.96555414809842, 9.0886292002462, 7.19581932194336, !- X,Y,Z Vertex 2 {m}
  18.6034671494347, 9.08862891623255, 7.19581932194336, !- X,Y,Z Vertex 3 {m}
  18.6034674034643, 18.6034675601193, 2.4384; !- X,Y,Z Vertex 4 {m}

OS:AdditionalProperties,
  {6fa224b5-94ad-45d0-b210-0ca8e507f186}, !- Handle
  {b92a9f20-6d4c-401a-ab51-a7f2e3407558}, !- Object Name
  Length,                                 !- Feature Name 1
  Double,                                 !- Feature Data Type 1
  34.901289374462948,                     !- Feature Value 1
  Width,                                  !- Feature Name 2
  Double,                                 !- Feature Data Type 2
  34.901289374462941,                     !- Feature Value 2
  Azimuth,                                !- Feature Name 3
  Integer,                                !- Feature Data Type 3
  0,                                      !- Feature Value 3
  Tilt,                                   !- Feature Name 4
  Double,                                 !- Feature Data Type 4
  0.5,                                    !- Feature Value 4
  SurfaceType,                            !- Feature Name 5
  String,                                 !- Feature Data Type 5
  Roof;                                   !- Feature Value 5

OS:Construction,
  {f9dc12e0-1ab9-4e05-9ac0-8508aa7742e4}, !- Handle
  Roof2 construction,                     !- Name
  ,                                       !- Surface Rendering Name
  {f5b2c35f-f8a3-482f-a8aa-dc15cd5d36ee}, !- Layer 1
  {8a2088f0-58d4-46f9-99b7-87c7abbf98d6}, !- Layer 2
  {5a1274f6-303a-4cd9-8c8d-844f9be42cdb}; !- Layer 3

OS:Surface,
  {2777dcfa-68ff-457d-a235-562e40cb3b77}, !- Handle
  Wall1,                                  !- Name
  Wall,                                   !- Surface Type
  {53bd0f1c-61bb-4bf3-9ab0-d47c6b8ecc4b}, !- Construction Name
  {0ce7c95c-eaa9-4e1c-be4f-70c83b523d81}, !- Space Name
  Outdoors,                               !- Outside Boundary Condition
  ,                                       !- Outside Boundary Condition Object
  SunExposed,                             !- Sun Exposure
  WindExposed,                            !- Wind Exposure
  ,                                       !- View Factor to Ground
  ,                                       !- Number of Vertices
  16.5934639446437, -18.6034669647316, 0, !- X,Y,Z Vertex 1 {m}
  16.5934639446437, -18.6034669647316, 2.4384, !- X,Y,Z Vertex 2 {m}
  0.941983944643741, -18.6034673825988, 2.4384, !- X,Y,Z Vertex 3 {m}
  0.941983944643741, -18.6034673825988, 0; !- X,Y,Z Vertex 4 {m}

OS:AdditionalProperties,
  {d8c015c8-84bd-4ca8-91bf-ac367b5dd563}, !- Handle
  {2777dcfa-68ff-457d-a235-562e40cb3b77}, !- Object Name
  Length,                                 !- Feature Name 1
  Double,                                 !- Feature Data Type 1
  51.350000000000001,                     !- Feature Value 1
  Azimuth,                                !- Feature Name 2
  Integer,                                !- Feature Data Type 2
  180,                                    !- Feature Value 2
  Tilt,                                   !- Feature Name 3
  Double,                                 !- Feature Data Type 3
  90,                                     !- Feature Value 3
  SurfaceType,                            !- Feature Name 4
  String,                                 !- Feature Data Type 4
  Wall;                                   !- Feature Value 4

OS:Material,
  {150ffd00-8f32-4a10-96df-6202cf1b6b63}, !- Handle
  vinyl siding,                           !- Name
  Rough,                                  !- Roughness
  0.009525,                               !- Thickness {m}
  0.089435,                               !- Conductivity {W/m-K}
  177.822,                                !- Density {kg/m3}
  1046.75,                                !- Specific Heat {J/kg-K}
  0.9,                                    !- Thermal Absorptance
  0.5,                                    !- Solar Absorptance
  0.5;                                    !- Visible Absorptance

OS:Material,
  {95b71930-ad08-41cb-b572-9e5c71264668}, !- Handle
  osb sheathing 0.5 in. 1,                !- Name
  Rough,                                  !- Roughness
  0.0127,                                 !- Thickness {m}
  0.1154577,                              !- Conductivity {W/m-K}
  512.64,                                 !- Density {kg/m3}
  1214.23,                                !- Specific Heat {J/kg-K}
  0.9,                                    !- Thermal Absorptance
  0.7,                                    !- Solar Absorptance
  0.7;                                    !- Visible Absorptance

OS:Material,
  {e8d618f8-7a37-4b99-ac79-cd54c33e94e4}, !- Handle
  wall stud and cavity,                   !- Name
  Rough,                                  !- Roughness
  0.1397,                                 !- Thickness {m}
  0.549615314517503,                      !- Conductivity {W/m-K}
  139.0536,                               !- Density {kg/m3}
  1170.23755760369,                       !- Specific Heat {J/kg-K}
  0.9,                                    !- Thermal Absorptance
  0.7,                                    !- Solar Absorptance
  0.7;                                    !- Visible Absorptance

OS:Material,
  {0a1a77ee-ab5e-4032-b0fd-b4237318a086}, !- Handle
  gypsum board,                           !- Name
  Rough,                                  !- Roughness
  0.0127,                                 !- Thickness {m}
  0.1602906,                              !- Conductivity {W/m-K}
  801,                                    !- Density {kg/m3}
  837.4,                                  !- Specific Heat {J/kg-K}
  0.9,                                    !- Thermal Absorptance
  0.6,                                    !- Solar Absorptance
  0.6;                                    !- Visible Absorptance

OS:Construction,
  {53bd0f1c-61bb-4bf3-9ab0-d47c6b8ecc4b}, !- Handle
  Wall1 construction,                     !- Name
  ,                                       !- Surface Rendering Name
  {150ffd00-8f32-4a10-96df-6202cf1b6b63}, !- Layer 1
  {95b71930-ad08-41cb-b572-9e5c71264668}, !- Layer 2
  {e8d618f8-7a37-4b99-ac79-cd54c33e94e4}, !- Layer 3
  {0a1a77ee-ab5e-4032-b0fd-b4237318a086}; !- Layer 4

OS:Surface,
  {01edf7c9-f6d5-41a3-aa55-7970f2e7abc6}, !- Handle
  Wall2,                                  !- Name
  Wall,                                   !- Surface Type
  {d806287c-726c-4073-995a-41d7969b5e95}, !- Construction Name
  {0ce7c95c-eaa9-4e1c-be4f-70c83b523d81}, !- Space Name
  Outdoors,                               !- Outside Boundary Condition
  ,                                       !- Outside Boundary Condition Object
  SunExposed,                             !- Sun Exposure
  WindExposed,                            !- Wind Exposure
  ,                                       !- View Factor to Ground
  ,                                       !- Number of Vertices
  -18.6034678419466, 4.85285937467271, 0, !- X,Y,Z Vertex 1 {m}
  -18.6034678419466, 4.85285937467271, 2.4384, !- X,Y,Z Vertex 2 {m}
  -18.6034681901353, 13.5472793746727, 2.4384, !- X,Y,Z Vertex 3 {m}
  -18.6034681901353, 13.5472793746727, 0; !- X,Y,Z Vertex 4 {m}

OS:AdditionalProperties,
  {7c6a2396-1ba2-4ce3-a600-18c7db040a7b}, !- Handle
  {01edf7c9-f6d5-41a3-aa55-7970f2e7abc6}, !- Object Name
  Length,                                 !- Feature Name 1
  Double,                                 !- Feature Data Type 1
  28.525000000000002,                     !- Feature Value 1
  Azimuth,                                !- Feature Name 2
  Integer,                                !- Feature Data Type 2
  270,                                    !- Feature Value 2
  Tilt,                                   !- Feature Name 3
  Double,                                 !- Feature Data Type 3
  90,                                     !- Feature Value 3
  SurfaceType,                            !- Feature Name 4
  String,                                 !- Feature Data Type 4
  Wall;                                   !- Feature Value 4

OS:Construction,
  {d806287c-726c-4073-995a-41d7969b5e95}, !- Handle
  Wall2 construction,                     !- Name
  ,                                       !- Surface Rendering Name
  {150ffd00-8f32-4a10-96df-6202cf1b6b63}, !- Layer 1
  {95b71930-ad08-41cb-b572-9e5c71264668}, !- Layer 2
  {e8d618f8-7a37-4b99-ac79-cd54c33e94e4}, !- Layer 3
  {0a1a77ee-ab5e-4032-b0fd-b4237318a086}; !- Layer 4

OS:Surface,
  {12f03412-40c2-4258-86d5-303959c2c708}, !- Handle
  Wall3,                                  !- Name
  Wall,                                   !- Surface Type
  {5ca1832a-6e38-4ded-93bb-8da87a6c54f9}, !- Construction Name
  {0ce7c95c-eaa9-4e1c-be4f-70c83b523d81}, !- Space Name
  Outdoors,                               !- Outside Boundary Condition
  ,                                       !- Outside Boundary Condition Object
  SunExposed,                             !- Sun Exposure
  WindExposed,                            !- Wind Exposure
  ,                                       !- View Factor to Ground
  ,                                       !- Number of Vertices
  -17.6744368764495, 18.603467388232, 0,  !- X,Y,Z Vertex 1 {m}
  -17.6744368764495, 18.603467388232, 2.4384, !- X,Y,Z Vertex 2 {m}
  -2.78495687644949, 18.603467388232, 2.4384, !- X,Y,Z Vertex 3 {m}
  -2.78495687644949, 18.603467388232, 0;  !- X,Y,Z Vertex 4 {m}

OS:AdditionalProperties,
  {339ab78a-ea18-4137-8782-d1722fece305}, !- Handle
  {12f03412-40c2-4258-86d5-303959c2c708}, !- Object Name
  Length,                                 !- Feature Name 1
  Double,                                 !- Feature Data Type 1
  48.850000000000001,                     !- Feature Value 1
  Azimuth,                                !- Feature Name 2
  Integer,                                !- Feature Data Type 2
  0,                                      !- Feature Value 2
  Tilt,                                   !- Feature Name 3
  Double,                                 !- Feature Data Type 3
  90,                                     !- Feature Value 3
  SurfaceType,                            !- Feature Name 4
  String,                                 !- Feature Data Type 4
  Wall;                                   !- Feature Value 4

OS:Construction,
  {5ca1832a-6e38-4ded-93bb-8da87a6c54f9}, !- Handle
  Wall3 construction,                     !- Name
  ,                                       !- Surface Rendering Name
  {150ffd00-8f32-4a10-96df-6202cf1b6b63}, !- Layer 1
  {95b71930-ad08-41cb-b572-9e5c71264668}, !- Layer 2
  {e8d618f8-7a37-4b99-ac79-cd54c33e94e4}, !- Layer 3
  {0a1a77ee-ab5e-4032-b0fd-b4237318a086}; !- Layer 4

OS:Surface,
  {47223def-52ea-4ae8-a9a3-ed569987d5a3}, !- Handle
  Wall4,                                  !- Name
  Wall,                                   !- Surface Type
  {0e6b1b31-4eec-4d3b-b3fa-861f27ec9638}, !- Construction Name
  {0ce7c95c-eaa9-4e1c-be4f-70c83b523d81}, !- Space Name
  Outdoors,                               !- Outside Boundary Condition
  ,                                       !- Outside Boundary Condition Object
  SunExposed,                             !- Sun Exposure
  WindExposed,                            !- Wind Exposure
  ,                                       !- View Factor to Ground
  ,                                       !- Number of Vertices
  18.6034677123839, -4.85285987135273, 0, !- X,Y,Z Vertex 1 {m}
  18.6034677123839, -4.85285987135273, 2.4384, !- X,Y,Z Vertex 2 {m}
  18.6034678284467, -13.5472798713527, 2.4384, !- X,Y,Z Vertex 3 {m}
  18.6034678284467, -13.5472798713527, 0; !- X,Y,Z Vertex 4 {m}

OS:AdditionalProperties,
  {fd2eef3f-2e3c-4c68-b9da-6e9bf427508d}, !- Handle
  {47223def-52ea-4ae8-a9a3-ed569987d5a3}, !- Object Name
  Length,                                 !- Feature Name 1
  Double,                                 !- Feature Data Type 1
  28.525000000000002,                     !- Feature Value 1
  Azimuth,                                !- Feature Name 2
  Integer,                                !- Feature Data Type 2
  90,                                     !- Feature Value 2
  Tilt,                                   !- Feature Name 3
  Double,                                 !- Feature Data Type 3
  90,                                     !- Feature Value 3
  SurfaceType,                            !- Feature Name 4
  String,                                 !- Feature Data Type 4
  Wall;                                   !- Feature Value 4

OS:Construction,
  {0e6b1b31-4eec-4d3b-b3fa-861f27ec9638}, !- Handle
  Wall4 construction,                     !- Name
  ,                                       !- Surface Rendering Name
  {150ffd00-8f32-4a10-96df-6202cf1b6b63}, !- Layer 1
  {95b71930-ad08-41cb-b572-9e5c71264668}, !- Layer 2
  {e8d618f8-7a37-4b99-ac79-cd54c33e94e4}, !- Layer 3
  {0a1a77ee-ab5e-4032-b0fd-b4237318a086}; !- Layer 4

OS:Surface,
  {4dc9843a-d46c-486c-8fd8-cf3fc3245087}, !- Handle
  Wall5,                                  !- Name
  Wall,                                   !- Surface Type
  {b8c8ab9d-53b1-4f3d-b827-508d8e79944d}, !- Construction Name
  {2042ae1a-9c13-476d-b245-229c06e5ba09}, !- Space Name
  Outdoors,                               !- Outside Boundary Condition
  ,                                       !- Outside Boundary Condition Object
  SunExposed,                             !- Sun Exposure
  WindExposed,                            !- Wind Exposure
  ,                                       !- View Factor to Ground
  ,                                       !- Number of Vertices
  -18.6034674649782, -1.84070102532728, 0, !- X,Y,Z Vertex 1 {m}
  -18.6034674649782, -1.84070102532728, 2.4384, !- X,Y,Z Vertex 2 {m}
  -18.6034676958325, 3.92382897467272, 2.4384, !- X,Y,Z Vertex 3 {m}
  -18.6034676958325, 3.92382897467272, 0; !- X,Y,Z Vertex 4 {m}

OS:AdditionalProperties,
  {fd4fdba9-732e-4a9d-93b1-8ba490324f0e}, !- Handle
  {4dc9843a-d46c-486c-8fd8-cf3fc3245087}, !- Object Name
  Length,                                 !- Feature Name 1
  Double,                                 !- Feature Data Type 1
  18.912500000000001,                     !- Feature Value 1
  Azimuth,                                !- Feature Name 2
  Integer,                                !- Feature Data Type 2
  270,                                    !- Feature Value 2
  Tilt,                                   !- Feature Name 3
  Double,                                 !- Feature Data Type 3
  90,                                     !- Feature Value 3
  SurfaceType,                            !- Feature Name 4
  String,                                 !- Feature Data Type 4
  Wall;                                   !- Feature Value 4

OS:Material,
  {3fd7f15b-ac57-4ea2-8029-570f00ceba4a}, !- Handle
  wall stud and cavity 1,                 !- Name
  Rough,                                  !- Roughness
  0.1397,                                 !- Thickness {m}
  0.419005042209566,                      !- Conductivity {W/m-K}
  139.0536,                               !- Density {kg/m3}
  1170.23755760369,                       !- Specific Heat {J/kg-K}
  0.9,                                    !- Thermal Absorptance
  0.6,                                    !- Solar Absorptance
  0.6;                                    !- Visible Absorptance

OS:Construction,
  {b8c8ab9d-53b1-4f3d-b827-508d8e79944d}, !- Handle
  Wall5 construction,                     !- Name
  ,                                       !- Surface Rendering Name
  {150ffd00-8f32-4a10-96df-6202cf1b6b63}, !- Layer 1
  {95b71930-ad08-41cb-b572-9e5c71264668}, !- Layer 2
  {3fd7f15b-ac57-4ea2-8029-570f00ceba4a}; !- Layer 3

OS:Surface,
  {73f64193-394d-425d-86ba-717877e2d84d}, !- Handle
  Wall6,                                  !- Name
  Wall,                                   !- Surface Type
  {153f5ecf-36f3-4846-926b-462eb6cbe8c8}, !- Construction Name
  {2042ae1a-9c13-476d-b245-229c06e5ba09}, !- Space Name
  Outdoors,                               !- Outside Boundary Condition
  ,                                       !- Outside Boundary Condition Object
  SunExposed,                             !- Sun Exposure
  WindExposed,                            !- Wind Exposure
  ,                                       !- View Factor to Ground
  ,                                       !- Number of Vertices
  18.6034675141218, 1.84070052864727, 0,  !- X,Y,Z Vertex 1 {m}
  18.6034675141218, 1.84070052864727, 2.4384, !- X,Y,Z Vertex 2 {m}
  18.6034675910732, -3.92382947135274, 2.4384, !- X,Y,Z Vertex 3 {m}
  18.6034675910732, -3.92382947135274, 0; !- X,Y,Z Vertex 4 {m}

OS:AdditionalProperties,
  {18026ac4-9feb-4d44-bbe0-6b32fc55c7ba}, !- Handle
  {73f64193-394d-425d-86ba-717877e2d84d}, !- Object Name
  Length,                                 !- Feature Name 1
  Double,                                 !- Feature Data Type 1
  18.912500000000001,                     !- Feature Value 1
  Azimuth,                                !- Feature Name 2
  Integer,                                !- Feature Data Type 2
  90,                                     !- Feature Value 2
  Tilt,                                   !- Feature Name 3
  Double,                                 !- Feature Data Type 3
  90,                                     !- Feature Value 3
  SurfaceType,                            !- Feature Name 4
  String,                                 !- Feature Data Type 4
  Wall;                                   !- Feature Value 4

OS:Construction,
  {153f5ecf-36f3-4846-926b-462eb6cbe8c8}, !- Handle
  Wall6 construction,                     !- Name
  ,                                       !- Surface Rendering Name
  {150ffd00-8f32-4a10-96df-6202cf1b6b63}, !- Layer 1
  {95b71930-ad08-41cb-b572-9e5c71264668}, !- Layer 2
  {3fd7f15b-ac57-4ea2-8029-570f00ceba4a}; !- Layer 3

OS:Surface,
  {eb8808e8-c0d4-41fa-87aa-d9e4b14b4740}, !- Handle
  Floor1,                                 !- Name
  RoofCeiling,                            !- Surface Type
  {8093a408-2e0f-4892-98df-7a321b741243}, !- Construction Name
  {0ce7c95c-eaa9-4e1c-be4f-70c83b523d81}, !- Space Name
  Surface,                                !- Outside Boundary Condition
  {b2846000-7934-46e0-bc9e-35ebf65ca963}, !- Outside Boundary Condition Object
  NoSun,                                  !- Sun Exposure
  NoWind,                                 !- Wind Exposure
  ,                                       !- View Factor to Ground
  ,                                       !- Number of Vertices
  7.11399543435333, -7.11399543435333, 2.4384, !- X,Y,Z Vertex 1 {m}
  7.11399543435333, 7.11399543435333, 2.4384, !- X,Y,Z Vertex 2 {m}
  -7.11399543435333, 7.11399543435333, 2.4384, !- X,Y,Z Vertex 3 {m}
  -7.11399543435333, -7.11399543435333, 2.4384; !- X,Y,Z Vertex 4 {m}

OS:AdditionalProperties,
  {012bcdd4-f7e3-4c0c-a324-730b98b86d1f}, !- Handle
  {eb8808e8-c0d4-41fa-87aa-d9e4b14b4740}, !- Object Name
  SurfaceType,                            !- Feature Name 1
  String,                                 !- Feature Data Type 1
  Ceiling,                                !- Feature Value 1
  Tilt,                                   !- Feature Name 2
  Double,                                 !- Feature Data Type 2
  0;                                      !- Feature Value 2

OS:Surface,
  {b2846000-7934-46e0-bc9e-35ebf65ca963}, !- Handle
  Surface 1 Reversed,                     !- Name
  Floor,                                  !- Surface Type
  {54e3d6d3-71da-40b2-ade0-6411b40cc65e}, !- Construction Name
  {2042ae1a-9c13-476d-b245-229c06e5ba09}, !- Space Name
  Surface,                                !- Outside Boundary Condition
  {eb8808e8-c0d4-41fa-87aa-d9e4b14b4740}, !- Outside Boundary Condition Object
  NoSun,                                  !- Sun Exposure
  NoWind,                                 !- Wind Exposure
  ,                                       !- View Factor to Ground
  ,                                       !- Number of Vertices
  -7.11399543435333, -7.11399543435333, 2.4384, !- X,Y,Z Vertex 1 {m}
  -7.11399543435333, 7.11399543435333, 2.4384, !- X,Y,Z Vertex 2 {m}
  7.11399543435333, 7.11399543435333, 2.4384, !- X,Y,Z Vertex 3 {m}
  7.11399543435333, -7.11399543435333, 2.4384; !- X,Y,Z Vertex 4 {m}

OS:AdditionalProperties,
  {73db8021-3a66-4723-b25f-dc43f4ba3320}, !- Handle
  {b2846000-7934-46e0-bc9e-35ebf65ca963}, !- Object Name
  SurfaceType,                            !- Feature Name 1
  String,                                 !- Feature Data Type 1
  Ceiling;                                !- Feature Value 1

OS:Material,
  {6f8a1fbf-efdb-4df3-8b94-c507e12b6ffb}, !- Handle
  ceiling loosefill ins,                  !- Name
  Rough,                                  !- Roughness
  0.0846666666666667,                     !- Thickness {m}
  0.0480833333333333,                     !- Conductivity {W/m-K}
  16.02,                                  !- Density {kg/m3}
  1046.75,                                !- Specific Heat {J/kg-K}
  0.9,                                    !- Thermal Absorptance
  0.7,                                    !- Solar Absorptance
  0.7;                                    !- Visible Absorptance

OS:Material,
  {96ce7cf8-6f37-44a4-8443-115c5263cb29}, !- Handle
  ceiling stud and cavity,                !- Name
  Rough,                                  !- Roughness
  0.1397,                                 !- Thickness {m}
  0.302810725070963,                      !- Conductivity {W/m-K}
  65.682,                                 !- Density {kg/m3}
  1177.46609756098,                       !- Specific Heat {J/kg-K}
  0.9,                                    !- Thermal Absorptance
  0.7,                                    !- Solar Absorptance
  0.7;                                    !- Visible Absorptance

OS:Construction,
  {8093a408-2e0f-4892-98df-7a321b741243}, !- Handle
  Floor1 construction,                    !- Name
  ,                                       !- Surface Rendering Name
  {6f8a1fbf-efdb-4df3-8b94-c507e12b6ffb}, !- Layer 1
  {96ce7cf8-6f37-44a4-8443-115c5263cb29}, !- Layer 2
  {0a1a77ee-ab5e-4032-b0fd-b4237318a086}; !- Layer 3

OS:Construction,
  {54e3d6d3-71da-40b2-ade0-6411b40cc65e}, !- Handle
  Floor1 construction Reversed,           !- Name
  ,                                       !- Surface Rendering Name
  {0a1a77ee-ab5e-4032-b0fd-b4237318a086}, !- Layer 1
  {96ce7cf8-6f37-44a4-8443-115c5263cb29}, !- Layer 2
  {6f8a1fbf-efdb-4df3-8b94-c507e12b6ffb}; !- Layer 3

OS:Surface,
  {c374034a-c1f6-4dd7-aa98-8021cb0ca717}, !- Handle
  Slab1,                                  !- Name
  Floor,                                  !- Surface Type
  {32307b72-53d6-4e30-87e8-11fdd235d6b2}, !- Construction Name
  {0ce7c95c-eaa9-4e1c-be4f-70c83b523d81}, !- Space Name
  Foundation,                             !- Outside Boundary Condition
  {22aed6e7-2098-455b-bb5e-046b99a449d9}, !- Outside Boundary Condition Object
  NoSun,                                  !- Sun Exposure
  NoWind,                                 !- Wind Exposure
  ,                                       !- View Factor to Ground
  ,                                       !- Number of Vertices
  -9.5373874318943, -5.3063725681057, 0,  !- X,Y,Z Vertex 1 {m}
  -9.5373874318943, 5.3063725681057, 0,   !- X,Y,Z Vertex 2 {m}
  9.5373874318943, 5.3063725681057, 0,    !- X,Y,Z Vertex 3 {m}
  9.5373874318943, -5.3063725681057, 0;   !- X,Y,Z Vertex 4 {m}

OS:AdditionalProperties,
  {793d90e6-6859-4c0e-9f93-5081ebcd0a63}, !- Handle
  {c374034a-c1f6-4dd7-aa98-8021cb0ca717}, !- Object Name
  SurfaceType,                            !- Feature Name 1
  String,                                 !- Feature Data Type 1
  Slab;                                   !- Feature Value 1

OS:Foundation:Kiva,
  {22aed6e7-2098-455b-bb5e-046b99a449d9}, !- Handle
  Foundation Kiva 1,                      !- Name
  22.2222222222222,                       !- Initial Indoor Air Temperature {C}
  ,                                       !- Interior Horizontal Insulation Material Name
  ,                                       !- Interior Horizontal Insulation Depth {m}
  ,                                       !- Interior Horizontal Insulation Width {m}
  ,                                       !- Interior Vertical Insulation Material Name
  ,                                       !- Interior Vertical Insulation Depth {m}
  ,                                       !- Exterior Horizontal Insulation Material Name
  ,                                       !- Exterior Horizontal Insulation Depth {m}
  ,                                       !- Exterior Horizontal Insulation Width {m}
  ,                                       !- Exterior Vertical Insulation Material Name
  ,                                       !- Exterior Vertical Insulation Depth {m}
  0.1016,                                 !- Wall Height Above Grade {m}
  0.2032,                                 !- Wall Depth Below Slab {m}
  ,                                       !- Footing Wall Construction Name
  ,                                       !- Footing Material Name
  ;                                       !- Footing Depth {m}

OS:Foundation:Kiva:Settings,
  {c028a8d8-2261-47df-9445-b923e31064fb}, !- Handle
  2.4234,                                 !- Soil Conductivity {W/m-K}
  1842.3,                                 !- Soil Density {kg/m3}
  418.7,                                  !- Soil Specific Heat {J/kg-K}
  0.9,                                    !- Ground Solar Absorptivity {dimensionless}
  0.9,                                    !- Ground Thermal Absorptivity {dimensionless}
  0.03,                                   !- Ground Surface Roughness {m}
  40,                                     !- Far-Field Width {m}
  ZeroFlux,                               !- Deep-Ground Boundary Condition
  40,                                     !- Deep-Ground Depth {m}
  0.2,                                    !- Minimum Cell Dimension {m}
  3,                                      !- Maximum Cell Growth Coefficient {dimensionless}
  Timestep;                               !- Simulation Timestep

OS:Material,
  {227ad29b-6416-4c82-8725-266bb754b7cd}, !- Handle
  concrete 4.0 in.,                       !- Name
  Rough,                                  !- Roughness
  0.1016,                                 !- Thickness {m}
  1.803125,                               !- Conductivity {W/m-K}
  2242.8,                                 !- Density {kg/m3}
  837.4,                                  !- Specific Heat {J/kg-K}
  0.9,                                    !- Thermal Absorptance
  0.7,                                    !- Solar Absorptance
  0.7;                                    !- Visible Absorptance

OS:Material,
  {dc69f4d7-e5d4-4550-afc9-a6e474fcd22e}, !- Handle
  floor covering,                         !- Name
  Rough,                                  !- Roughness
  0.0127,                                 !- Thickness {m}
  0.045078125,                            !- Conductivity {W/m-K}
  54.468,                                 !- Density {kg/m3}
  1339.84,                                !- Specific Heat {J/kg-K}
  0.9,                                    !- Thermal Absorptance
  0.9,                                    !- Solar Absorptance
  0.9;                                    !- Visible Absorptance

OS:Construction,
  {32307b72-53d6-4e30-87e8-11fdd235d6b2}, !- Handle
  Slab1 construction,                     !- Name
  ,                                       !- Surface Rendering Name
  {227ad29b-6416-4c82-8725-266bb754b7cd}, !- Layer 1
  {dc69f4d7-e5d4-4550-afc9-a6e474fcd22e}; !- Layer 2

OS:SurfaceProperty:ExposedFoundationPerimeter,
  {1f58c16d-5800-4ee6-8c50-53a8f715ecbe}, !- Handle
  {c374034a-c1f6-4dd7-aa98-8021cb0ca717}, !- Surface Name
  TotalExposedPerimeter,                  !- Exposed Perimeter Calculation Method
  59.37504;                               !- Total Exposed Perimeter {m}

OS:Surface,
  {03f64cdc-3563-475e-8775-50b313761f44}, !- Handle
  surface Window1,                        !- Name
  Wall,                                   !- Surface Type
  {355aab20-11a2-4aae-9800-d302a54b65e5}, !- Construction Name
  {0ce7c95c-eaa9-4e1c-be4f-70c83b523d81}, !- Space Name
  Outdoors,                               !- Outside Boundary Condition
  ,                                       !- Outside Boundary Condition Object
  SunExposed,                             !- Sun Exposure
  WindExposed,                            !- Wind Exposure
  ,                                       !- View Factor to Ground
  ,                                       !- Number of Vertices
  0.0132569867523968, -18.6034675713148, -0.000303442108644913, !- X,Y,Z Vertex 1 {m}
  0.0132569867523968, -18.6034675713148, 1.18902344210865, !- X,Y,Z Vertex 2 {m}
  -7.03682682054182, -18.6034677595397, 1.18902344210865, !- X,Y,Z Vertex 3 {m}
  -7.03682682054182, -18.6034677595397, -0.000303442108644913; !- X,Y,Z Vertex 4 {m}

OS:AdditionalProperties,
  {14fe03c7-97f0-434b-a8b5-18cc5441d97d}, !- Handle
  {03f64cdc-3563-475e-8775-50b313761f44}, !- Object Name
  Length,                                 !- Feature Name 1
  Double,                                 !- Feature Data Type 1
  23.128205128205128,                     !- Feature Value 1
  Azimuth,                                !- Feature Name 2
  Integer,                                !- Feature Data Type 2
  180,                                    !- Feature Value 2
  Tilt,                                   !- Feature Name 3
  Double,                                 !- Feature Data Type 3
  90,                                     !- Feature Value 3
  SurfaceType,                            !- Feature Name 4
  String,                                 !- Feature Data Type 4
  Window;                                 !- Feature Value 4

OS:SubSurface,
  {7721bd24-61a2-4425-865c-e506fbfdd46e}, !- Handle
  Window1,                                !- Name
  FixedWindow,                            !- Sub Surface Type
  {b9617ef6-132e-4a38-bd7e-d8d29ac746a9}, !- Construction Name
  {03f64cdc-3563-475e-8775-50b313761f44}, !- Surface Name
  ,                                       !- Outside Boundary Condition Object
  ,                                       !- View Factor to Ground
  ,                                       !- Frame and Divider Name
  ,                                       !- Multiplier
  ,                                       !- Number of Vertices
  0.012953544643747, -18.6034675713229, 0, !- X,Y,Z Vertex 1 {m}
  0.012953544643747, -18.6034675713229, 1.18872, !- X,Y,Z Vertex 2 {m}
  -7.03652337843317, -18.6034677595316, 1.18872, !- X,Y,Z Vertex 3 {m}
  -7.03652337843317, -18.6034677595316, 0; !- X,Y,Z Vertex 4 {m}

OS:ShadingSurfaceGroup,
  {7d9c3530-57b3-4a5c-9548-9df3e7dd9ba4}, !- Handle
  Window1 Shading Surfaces,               !- Name
  Space,                                  !- Shading Surface Type
  {0ce7c95c-eaa9-4e1c-be4f-70c83b523d81}, !- Space Name
  ,                                       !- Direction of Relative North {deg}
  ,                                       !- X Origin {m}
  ,                                       !- Y Origin {m}
  ,                                       !- Z Origin {m}
  {7721bd24-61a2-4425-865c-e506fbfdd46e}; !- Shaded Object Name

OS:ShadingSurface,
  {218ba70d-0f37-4d20-8dc2-2264a568bbc5}, !- Handle
  Window1 overhangs,                      !- Name
  ,                                       !- Construction Name
  {7d9c3530-57b3-4a5c-9548-9df3e7dd9ba4}, !- Shading Surface Group Name
  ,                                       !- Transmittance Schedule Name
  ,                                       !- Number of Vertices
  0.317753544643747, -18.6034675631853, 1.49352, !- X,Y,Z Vertex 1 {m}
  -7.34132337843317, -18.6034677676693, 1.49352, !- X,Y,Z Vertex 2 {m}
  -7.34132336215792, -19.2130677676693, 1.49352, !- X,Y,Z Vertex 3 {m}
  0.317753560918997, -19.2130675631853, 1.49352; !- X,Y,Z Vertex 4 {m}

OS:WindowMaterial:SimpleGlazingSystem,
  {d75f5d1a-fdee-4403-b484-01a398185829}, !- Handle
  WindowMaterial,                         !- Name
  4.76952,                                !- U-Factor {W/m2-K}
  0.63;                                   !- Solar Heat Gain Coefficient

OS:Construction,
  {b9617ef6-132e-4a38-bd7e-d8d29ac746a9}, !- Handle
  WindowConstruction,                     !- Name
  ,                                       !- Surface Rendering Name
  {d75f5d1a-fdee-4403-b484-01a398185829}; !- Layer 1

OS:Schedule:Ruleset,
  {a65d477a-4150-49a0-b688-ad7a435c4ca3}, !- Handle
  trans schedule winter=0.85 summer=0.7,  !- Name
  {73ae1be1-9d31-4719-afe4-99485051a31f}, !- Schedule Type Limits Name
  {8b5a3201-39ee-4dc5-a0dd-a17a657d2f10}; !- Default Day Schedule Name

OS:Schedule:Day,
  {8b5a3201-39ee-4dc5-a0dd-a17a657d2f10}, !- Handle
  trans schedule winter=0.85 summer=0.7 default day, !- Name
  {73ae1be1-9d31-4719-afe4-99485051a31f}, !- Schedule Type Limits Name
  ,                                       !- Interpolate to Timestep
  24,                                     !- Hour 1
  0,                                      !- Minute 1
  0;                                      !- Value Until Time 1

OS:Schedule:Rule,
  {66a1981c-c877-4148-9769-3a2efcd457af}, !- Handle
  trans schedule winter=0.85 summer=0.7 allday ruleset1, !- Name
  {a65d477a-4150-49a0-b688-ad7a435c4ca3}, !- Schedule Ruleset Name
  2,                                      !- Rule Order
  {ab493fbd-ce95-4141-a1e9-7287ed2414c9}, !- Day Schedule Name
  Yes,                                    !- Apply Sunday
  Yes,                                    !- Apply Monday
  Yes,                                    !- Apply Tuesday
  Yes,                                    !- Apply Wednesday
  Yes,                                    !- Apply Thursday
  Yes,                                    !- Apply Friday
  Yes,                                    !- Apply Saturday
  DateRange,                              !- Date Specification Type
  1,                                      !- Start Month
  1,                                      !- Start Day
  3,                                      !- End Month
  31;                                     !- End Day

OS:Schedule:Day,
  {ab493fbd-ce95-4141-a1e9-7287ed2414c9}, !- Handle
  trans schedule winter=0.85 summer=0.7 allday1, !- Name
  {73ae1be1-9d31-4719-afe4-99485051a31f}, !- Schedule Type Limits Name
  ,                                       !- Interpolate to Timestep
  24,                                     !- Hour 1
  0,                                      !- Minute 1
  0.85;                                   !- Value Until Time 1

OS:Schedule:Rule,
  {18265d29-e391-4780-bb5b-389d4249aba2}, !- Handle
  trans schedule winter=0.85 summer=0.7 allday ruleset91, !- Name
  {a65d477a-4150-49a0-b688-ad7a435c4ca3}, !- Schedule Ruleset Name
  1,                                      !- Rule Order
  {5fd266b9-168b-45e3-a37d-240e62c7832d}, !- Day Schedule Name
  Yes,                                    !- Apply Sunday
  Yes,                                    !- Apply Monday
  Yes,                                    !- Apply Tuesday
  Yes,                                    !- Apply Wednesday
  Yes,                                    !- Apply Thursday
  Yes,                                    !- Apply Friday
  Yes,                                    !- Apply Saturday
  DateRange,                              !- Date Specification Type
  4,                                      !- Start Month
  1,                                      !- Start Day
  11,                                     !- End Month
  30;                                     !- End Day

OS:Schedule:Day,
  {5fd266b9-168b-45e3-a37d-240e62c7832d}, !- Handle
  trans schedule winter=0.85 summer=0.7 allday91, !- Name
  {73ae1be1-9d31-4719-afe4-99485051a31f}, !- Schedule Type Limits Name
  ,                                       !- Interpolate to Timestep
  24,                                     !- Hour 1
  0,                                      !- Minute 1
  0.7;                                    !- Value Until Time 1

OS:Schedule:Rule,
  {b8abfba4-acad-4db6-b8fd-fdda802c2254}, !- Handle
  trans schedule winter=0.85 summer=0.7 allday ruleset335, !- Name
  {a65d477a-4150-49a0-b688-ad7a435c4ca3}, !- Schedule Ruleset Name
  0,                                      !- Rule Order
  {8a51f5d1-348a-4975-a95f-03328eea13af}, !- Day Schedule Name
  Yes,                                    !- Apply Sunday
  Yes,                                    !- Apply Monday
  Yes,                                    !- Apply Tuesday
  Yes,                                    !- Apply Wednesday
  Yes,                                    !- Apply Thursday
  Yes,                                    !- Apply Friday
  Yes,                                    !- Apply Saturday
  DateRange,                              !- Date Specification Type
  12,                                     !- Start Month
  1,                                      !- Start Day
  12,                                     !- End Month
  31;                                     !- End Day

OS:Schedule:Day,
  {8a51f5d1-348a-4975-a95f-03328eea13af}, !- Handle
  trans schedule winter=0.85 summer=0.7 allday335, !- Name
  {73ae1be1-9d31-4719-afe4-99485051a31f}, !- Schedule Type Limits Name
  ,                                       !- Interpolate to Timestep
  24,                                     !- Hour 1
  0,                                      !- Minute 1
  0.85;                                   !- Value Until Time 1

OS:ScheduleTypeLimits,
  {73ae1be1-9d31-4719-afe4-99485051a31f}, !- Handle
  Fractional,                             !- Name
  0,                                      !- Lower Limit Value
  1,                                      !- Upper Limit Value
  Continuous;                             !- Numeric Type

OS:SurfaceProperty:IncidentSolarMultiplier,
  {8b82956c-0732-4289-a59a-cfd3e6fdeff5}, !- Handle
  {7721bd24-61a2-4425-865c-e506fbfdd46e}, !- Surface Name
  1,                                      !- Incident Solar Multiplier {dimensionless}
  {a65d477a-4150-49a0-b688-ad7a435c4ca3}; !- Incident Solar Multiplier Schedule Name

OS:Surface,
  {e7669197-6424-4f26-a75f-9f24bb850642}, !- Handle
  surface Window2,                        !- Name
  Wall,                                   !- Surface Type
  {355aab20-11a2-4aae-9800-d302a54b65e5}, !- Construction Name
  {0ce7c95c-eaa9-4e1c-be4f-70c83b523d81}, !- Space Name
  Outdoors,                               !- Outside Boundary Condition
  ,                                       !- Outside Boundary Condition Object
  SunExposed,                             !- Sun Exposure
  WindExposed,                            !- Wind Exposure
  ,                                       !- View Factor to Ground
  ,                                       !- Number of Vertices
  -18.6034683253016, 14.4758341158539, -0.000475658818793356, !- X,Y,Z Vertex 1 {m}
  -18.6034683253016, 14.4758341158539, 1.12823565881879, !- X,Y,Z Vertex 2 {m}
  -18.6034684906215, 18.6039421902483, 1.12823565881879, !- X,Y,Z Vertex 3 {m}
  -18.6034684906215, 18.6039421902483, -0.000475658818793356; !- X,Y,Z Vertex 4 {m}

OS:AdditionalProperties,
  {a572cfea-3089-44fd-99eb-8a9e7c34b3d6}, !- Handle
  {e7669197-6424-4f26-a75f-9f24bb850642}, !- Object Name
  Length,                                 !- Feature Name 1
  Double,                                 !- Feature Data Type 1
  13.54054054054054,                      !- Feature Value 1
  Azimuth,                                !- Feature Name 2
  Integer,                                !- Feature Data Type 2
  270,                                    !- Feature Value 2
  Tilt,                                   !- Feature Name 3
  Double,                                 !- Feature Data Type 3
  90,                                     !- Feature Value 3
  SurfaceType,                            !- Feature Name 4
  String,                                 !- Feature Data Type 4
  Window;                                 !- Feature Value 4

OS:SubSurface,
  {61f59524-c4fd-40eb-92e0-39a25c7ee90a}, !- Handle
  Window2,                                !- Name
  FixedWindow,                            !- Sub Surface Type
  {4118ed1a-b21e-44d7-8fe8-0a5c8ee0f461}, !- Construction Name
  {e7669197-6424-4f26-a75f-9f24bb850642}, !- Surface Name
  ,                                       !- Outside Boundary Condition Object
  ,                                       !- View Factor to Ground
  ,                                       !- Frame and Divider Name
  ,                                       !- Multiplier
  ,                                       !- Number of Vertices
  -18.6034683253207, 14.4763097746727, 0, !- X,Y,Z Vertex 1 {m}
  -18.6034683253207, 14.4763097746727, 1.12776, !- X,Y,Z Vertex 2 {m}
  -18.6034684906025, 18.6034665314295, 1.12776, !- X,Y,Z Vertex 3 {m}
  -18.6034684906025, 18.6034665314295, 0; !- X,Y,Z Vertex 4 {m}

OS:ShadingSurfaceGroup,
  {10e163a0-3b04-4c8e-9830-3688b3640c02}, !- Handle
  Window2 Shading Surfaces,               !- Name
  Space,                                  !- Shading Surface Type
  {0ce7c95c-eaa9-4e1c-be4f-70c83b523d81}, !- Space Name
  ,                                       !- Direction of Relative North {deg}
  ,                                       !- X Origin {m}
  ,                                       !- Y Origin {m}
  ,                                       !- Z Origin {m}
  {61f59524-c4fd-40eb-92e0-39a25c7ee90a}; !- Shaded Object Name

OS:ShadingSurface,
  {48c57814-4196-4ca2-aee5-8296c12ee8d8}, !- Handle
  Window2 overhangs,                      !- Name
  ,                                       !- Construction Name
  {10e163a0-3b04-4c8e-9830-3688b3640c02}, !- Shading Surface Group Name
  ,                                       !- Transmittance Schedule Name
  ,                                       !- Number of Vertices
  -18.6034683131143, 14.1715097746727, 1.43256, !- X,Y,Z Vertex 1 {m}
  -18.6034685028089, 18.9082665314295, 1.43256, !- X,Y,Z Vertex 2 {m}
  -19.2130685028089, 18.9082665070166, 1.43256, !- X,Y,Z Vertex 3 {m}
  -19.2130683131143, 14.1715097502598, 1.43256; !- X,Y,Z Vertex 4 {m}

OS:Construction,
  {4118ed1a-b21e-44d7-8fe8-0a5c8ee0f461}, !- Handle
  WindowConstruction 1,                   !- Name
  ,                                       !- Surface Rendering Name
  {d75f5d1a-fdee-4403-b484-01a398185829}; !- Layer 1

OS:SurfaceProperty:IncidentSolarMultiplier,
  {8847909b-d0a6-416d-8cb1-7bf3a1e1c067}, !- Handle
  {61f59524-c4fd-40eb-92e0-39a25c7ee90a}, !- Surface Name
  1,                                      !- Incident Solar Multiplier {dimensionless}
  {a65d477a-4150-49a0-b688-ad7a435c4ca3}; !- Incident Solar Multiplier Schedule Name

OS:Surface,
  {e598f1bb-e7fb-41cb-8850-846bc74d24a2}, !- Handle
  surface Window3,                        !- Name
  Wall,                                   !- Surface Type
  {355aab20-11a2-4aae-9800-d302a54b65e5}, !- Construction Name
  {0ce7c95c-eaa9-4e1c-be4f-70c83b523d81}, !- Space Name
  Outdoors,                               !- Outside Boundary Condition
  ,                                       !- Outside Boundary Condition Object
  SunExposed,                             !- Sun Exposure
  WindExposed,                            !- Wind Exposure
  ,                                       !- View Factor to Ground
  ,                                       !- Number of Vertices
  -1.85622991855814, 18.6034675470667, -0.000303442108644913, !- X,Y,Z Vertex 1 {m}
  -1.85622991855814, 18.6034675470667, 1.18902344210865, !- X,Y,Z Vertex 2 {m}
  5.19385388873608, 18.6034675470667, 1.18902344210865, !- X,Y,Z Vertex 3 {m}
  5.19385388873608, 18.6034675470667, -0.000303442108644913; !- X,Y,Z Vertex 4 {m}

OS:AdditionalProperties,
  {0f7349ae-464f-4d31-99e1-5fbc2d84cfd8}, !- Handle
  {e598f1bb-e7fb-41cb-8850-846bc74d24a2}, !- Object Name
  Length,                                 !- Feature Name 1
  Double,                                 !- Feature Data Type 1
  23.128205128205128,                     !- Feature Value 1
  Azimuth,                                !- Feature Name 2
  Integer,                                !- Feature Data Type 2
  0,                                      !- Feature Value 2
  Tilt,                                   !- Feature Name 3
  Double,                                 !- Feature Data Type 3
  90,                                     !- Feature Value 3
  SurfaceType,                            !- Feature Name 4
  String,                                 !- Feature Data Type 4
  Window;                                 !- Feature Value 4

OS:SubSurface,
  {378a9bbd-69ba-4061-bd18-339d053f409b}, !- Handle
  Window3,                                !- Name
  FixedWindow,                            !- Sub Surface Type
  {eb74cc44-72b7-4585-8b12-b5f59d941cf3}, !- Construction Name
  {e598f1bb-e7fb-41cb-8850-846bc74d24a2}, !- Surface Name
  ,                                       !- Outside Boundary Condition Object
  ,                                       !- View Factor to Ground
  ,                                       !- Frame and Divider Name
  ,                                       !- Multiplier
  ,                                       !- Number of Vertices
  -1.85592647644949, 18.6034675470667, 0, !- X,Y,Z Vertex 1 {m}
  -1.85592647644949, 18.6034675470667, 1.18872, !- X,Y,Z Vertex 2 {m}
  5.19355044662743, 18.6034675470667, 1.18872, !- X,Y,Z Vertex 3 {m}
  5.19355044662743, 18.6034675470667, 0;  !- X,Y,Z Vertex 4 {m}

OS:ShadingSurfaceGroup,
  {9d226f6d-8bf8-44c5-a49f-bccdcf9d1380}, !- Handle
  Window3 Shading Surfaces,               !- Name
  Space,                                  !- Shading Surface Type
  {0ce7c95c-eaa9-4e1c-be4f-70c83b523d81}, !- Space Name
  ,                                       !- Direction of Relative North {deg}
  ,                                       !- X Origin {m}
  ,                                       !- Y Origin {m}
  ,                                       !- Z Origin {m}
  {378a9bbd-69ba-4061-bd18-339d053f409b}; !- Shaded Object Name

OS:ShadingSurface,
  {f304f9ef-8b7f-4e0b-99dd-de120ef096cb}, !- Handle
  Window3 overhangs,                      !- Name
  ,                                       !- Construction Name
  {9d226f6d-8bf8-44c5-a49f-bccdcf9d1380}, !- Shading Surface Group Name
  ,                                       !- Transmittance Schedule Name
  ,                                       !- Number of Vertices
  -2.16072647644949, 18.6034675470667, 1.49352, !- X,Y,Z Vertex 1 {m}
  5.49835044662743, 18.6034675470667, 1.49352, !- X,Y,Z Vertex 2 {m}
  5.49835044662743, 19.2130675470667, 1.49352, !- X,Y,Z Vertex 3 {m}
  -2.16072647644949, 19.2130675470667, 1.49352; !- X,Y,Z Vertex 4 {m}

OS:Construction,
  {eb74cc44-72b7-4585-8b12-b5f59d941cf3}, !- Handle
  WindowConstruction 2,                   !- Name
  ,                                       !- Surface Rendering Name
  {d75f5d1a-fdee-4403-b484-01a398185829}; !- Layer 1

OS:SurfaceProperty:IncidentSolarMultiplier,
  {67ffd5f2-32a5-4973-b503-8135ebd29787}, !- Handle
  {378a9bbd-69ba-4061-bd18-339d053f409b}, !- Surface Name
  1,                                      !- Incident Solar Multiplier {dimensionless}
  {a65d477a-4150-49a0-b688-ad7a435c4ca3}; !- Incident Solar Multiplier Schedule Name

OS:Surface,
  {e129b92d-e7ef-4281-8f50-e908ba440608}, !- Handle
  surface Window4,                        !- Name
  Wall,                                   !- Surface Type
  {355aab20-11a2-4aae-9800-d302a54b65e5}, !- Construction Name
  {0ce7c95c-eaa9-4e1c-be4f-70c83b523d81}, !- Space Name
  Outdoors,                               !- Outside Boundary Condition
  ,                                       !- Outside Boundary Condition Object
  SunExposed,                             !- Sun Exposure
  WindExposed,                            !- Wind Exposure
  ,                                       !- View Factor to Ground
  ,                                       !- Number of Vertices
  18.6034679388223, -14.4758346125339, -0.000475658818793356, !- X,Y,Z Vertex 1 {m}
  18.6034679388223, -14.4758346125339, 1.12823565881879, !- X,Y,Z Vertex 2 {m}
  18.6034679939289, -18.6039426869283, 1.12823565881879, !- X,Y,Z Vertex 3 {m}
  18.6034679939289, -18.6039426869283, -0.000475658818793356; !- X,Y,Z Vertex 4 {m}

OS:AdditionalProperties,
  {b04d59f8-3748-44f3-a25f-8aa179fbbbc5}, !- Handle
  {e129b92d-e7ef-4281-8f50-e908ba440608}, !- Object Name
  Length,                                 !- Feature Name 1
  Double,                                 !- Feature Data Type 1
  13.54054054054054,                      !- Feature Value 1
  Azimuth,                                !- Feature Name 2
  Integer,                                !- Feature Data Type 2
  90,                                     !- Feature Value 2
  Tilt,                                   !- Feature Name 3
  Double,                                 !- Feature Data Type 3
  90,                                     !- Feature Value 3
  SurfaceType,                            !- Feature Name 4
  String,                                 !- Feature Data Type 4
  Window;                                 !- Feature Value 4

OS:SubSurface,
  {015cc964-3684-4627-a487-2beae84f8fda}, !- Handle
  Window4,                                !- Name
  FixedWindow,                            !- Sub Surface Type
  {1043c10a-0d88-41e7-8455-e928cae5fd01}, !- Construction Name
  {e129b92d-e7ef-4281-8f50-e908ba440608}, !- Surface Name
  ,                                       !- Outside Boundary Condition Object
  ,                                       !- View Factor to Ground
  ,                                       !- Frame and Divider Name
  ,                                       !- Multiplier
  ,                                       !- Number of Vertices
  18.6034679388286, -14.4763102713527, 0, !- X,Y,Z Vertex 1 {m}
  18.6034679388286, -14.4763102713527, 1.12776, !- X,Y,Z Vertex 2 {m}
  18.6034679939226, -18.6034670281095, 1.12776, !- X,Y,Z Vertex 3 {m}
  18.6034679939226, -18.6034670281095, 0; !- X,Y,Z Vertex 4 {m}

OS:ShadingSurfaceGroup,
  {8b35ca7d-dead-46b3-b31b-d12405c65b23}, !- Handle
  Window4 Shading Surfaces,               !- Name
  Space,                                  !- Shading Surface Type
  {0ce7c95c-eaa9-4e1c-be4f-70c83b523d81}, !- Space Name
  ,                                       !- Direction of Relative North {deg}
  ,                                       !- X Origin {m}
  ,                                       !- Y Origin {m}
  ,                                       !- Z Origin {m}
  {015cc964-3684-4627-a487-2beae84f8fda}; !- Shaded Object Name

OS:ShadingSurface,
  {1304e77d-fb94-4bec-b6f7-f0928f51bacf}, !- Handle
  Window4 overhangs,                      !- Name
  ,                                       !- Construction Name
  {8b35ca7d-dead-46b3-b31b-d12405c65b23}, !- Shading Surface Group Name
  ,                                       !- Transmittance Schedule Name
  ,                                       !- Number of Vertices
  18.6034679347598, -14.1715102713527, 1.43256, !- X,Y,Z Vertex 1 {m}
  18.6034679979914, -18.9082670281095, 1.43256, !- X,Y,Z Vertex 2 {m}
  19.2130679979914, -18.9082670199719, 1.43256, !- X,Y,Z Vertex 3 {m}
  19.2130679347598, -14.1715102632151, 1.43256; !- X,Y,Z Vertex 4 {m}

OS:Construction,
  {1043c10a-0d88-41e7-8455-e928cae5fd01}, !- Handle
  WindowConstruction 3,                   !- Name
  ,                                       !- Surface Rendering Name
  {d75f5d1a-fdee-4403-b484-01a398185829}; !- Layer 1

OS:SurfaceProperty:IncidentSolarMultiplier,
  {4364fa1d-0e77-4805-8d7c-169be110d451}, !- Handle
  {015cc964-3684-4627-a487-2beae84f8fda}, !- Surface Name
  1,                                      !- Incident Solar Multiplier {dimensionless}
  {a65d477a-4150-49a0-b688-ad7a435c4ca3}; !- Incident Solar Multiplier Schedule Name

OS:Material,
  {3e35b5b1-cec6-4b9b-82e9-684891124d34}, !- Handle
  wood siding,                            !- Name
  Rough,                                  !- Roughness
  0.0254,                                 !- Thickness {m}
  0.1024175,                              !- Conductivity {W/m-K}
  544.68,                                 !- Density {kg/m3}
  1172.36;                                !- Specific Heat {J/kg-K}

OS:Material,
  {6e80e308-e8ef-4970-b08c-d51440e8fcbd}, !- Handle
  wall rigid ins,                         !- Name
  Rough,                                  !- Roughness
  0.5129784,                              !- Thickness {m}
  0.029427,                               !- Conductivity {W/m-K}
  32.04,                                  !- Density {kg/m3}
  1214.23,                                !- Specific Heat {J/kg-K}
  0.9,                                    !- Thermal Absorptance
  0.7,                                    !- Solar Absorptance
  0.7;                                    !- Visible Absorptance

OS:Material,
  {b70ba28f-6ac2-42f5-95fd-8787e220e65b}, !- Handle
  wall stud and cavity 2,                 !- Name
  Rough,                                  !- Roughness
  0.0889,                                 !- Thickness {m}
  0.380278417457636,                      !- Conductivity {W/m-K}
  52.34794524,                            !- Density {kg/m3}
  1209.88641434781,                       !- Specific Heat {J/kg-K}
  0.9,                                    !- Thermal Absorptance
  0.7,                                    !- Solar Absorptance
  0.7;                                    !- Visible Absorptance

OS:Construction,
  {355aab20-11a2-4aae-9800-d302a54b65e5}, !- Handle
  AdiabaticWallConstruction,              !- Name
  ,                                       !- Surface Rendering Name
  {3e35b5b1-cec6-4b9b-82e9-684891124d34}, !- Layer 1
  {6e80e308-e8ef-4970-b08c-d51440e8fcbd}, !- Layer 2
  {b70ba28f-6ac2-42f5-95fd-8787e220e65b}, !- Layer 3
  {0a1a77ee-ab5e-4032-b0fd-b4237318a086}; !- Layer 4

OS:Surface,
  {b6f374e1-3afc-491a-ac47-f8bc175d8c01}, !- Handle
  surface Door1,                          !- Name
  Wall,                                   !- Surface Type
  {3556398b-53d1-4c32-af9c-52fa87e9a9ef}, !- Construction Name
  {0ce7c95c-eaa9-4e1c-be4f-70c83b523d81}, !- Space Name
  Outdoors,                               !- Outside Boundary Condition
  ,                                       !- Outside Boundary Condition Object
  SunExposed,                             !- Sun Exposure
  WindExposed,                            !- Wind Exposure
  ,                                       !- View Factor to Ground
  ,                                       !- Number of Vertices
  6.12173300235948, 18.6034676126208, -0.000847844267953146, !- X,Y,Z Vertex 1 {m}
  6.12173300235948, 18.6034676126208, 2.03386384426795, !- X,Y,Z Vertex 2 {m}
  7.03737171938114, 18.6034676126208, 2.03386384426795, !- X,Y,Z Vertex 3 {m}
  7.03737171938114, 18.6034676126208, -0.000847844267953146; !- X,Y,Z Vertex 4 {m}

OS:AdditionalProperties,
  {58ea9753-febc-4502-a6db-a052c8afaf2c}, !- Handle
  {b6f374e1-3afc-491a-ac47-f8bc175d8c01}, !- Object Name
  Length,                                 !- Feature Name 1
  Double,                                 !- Feature Data Type 1
  2.9985007496251876,                     !- Feature Value 1
  Azimuth,                                !- Feature Name 2
  Integer,                                !- Feature Data Type 2
  0,                                      !- Feature Value 2
  Tilt,                                   !- Feature Name 3
  Double,                                 !- Feature Data Type 3
  90,                                     !- Feature Value 3
  SurfaceType,                            !- Feature Name 4
  String,                                 !- Feature Data Type 4
  Door;                                   !- Feature Value 4

OS:SubSurface,
  {c95e0d21-f7a8-4afc-9ddb-01a6c031b86e}, !- Handle
  Door1,                                  !- Name
  Door,                                   !- Sub Surface Type
  {be8e3b2f-6fcc-4610-b933-abf033775767}, !- Construction Name
  {b6f374e1-3afc-491a-ac47-f8bc175d8c01}, !- Surface Name
  ,                                       !- Outside Boundary Condition Object
  ,                                       !- View Factor to Ground
  ,                                       !- Frame and Divider Name
  ,                                       !- Multiplier
  ,                                       !- Number of Vertices
  6.12258084662743, 18.6034676126208, 0,  !- X,Y,Z Vertex 1 {m}
  6.12258084662743, 18.6034676126208, 2.033016, !- X,Y,Z Vertex 2 {m}
  7.03652387511319, 18.6034676126208, 2.033016, !- X,Y,Z Vertex 3 {m}
  7.03652387511319, 18.6034676126208, 0;  !- X,Y,Z Vertex 4 {m}

OS:Material,
  {68ce1231-5aa4-4426-a4c8-acf00964a052}, !- Handle
  door material,                          !- Name
  Rough,                                  !- Roughness
  0.04445,                                !- Thickness {m}
  0.0612266553480475,                     !- Conductivity {W/m-K}
  512.64,                                 !- Density {kg/m3}
  1214.23,                                !- Specific Heat {J/kg-K}
  0.9,                                    !- Thermal Absorptance
  0.7,                                    !- Solar Absorptance
  0.7;                                    !- Visible Absorptance

OS:Construction,
  {be8e3b2f-6fcc-4610-b933-abf033775767}, !- Handle
  Door,                                   !- Name
  ,                                       !- Surface Rendering Name
  {68ce1231-5aa4-4426-a4c8-acf00964a052}; !- Layer 1

OS:Material,
  {c36952ff-1d12-4410-88ad-7f1f625141eb}, !- Handle
  wood siding 1,                          !- Name
  Rough,                                  !- Roughness
  0.0254,                                 !- Thickness {m}
  0.1024175,                              !- Conductivity {W/m-K}
  544.68,                                 !- Density {kg/m3}
  1172.36;                                !- Specific Heat {J/kg-K}

OS:Construction,
  {3556398b-53d1-4c32-af9c-52fa87e9a9ef}, !- Handle
  AdiabaticWallConstruction 1,            !- Name
  ,                                       !- Surface Rendering Name
  {c36952ff-1d12-4410-88ad-7f1f625141eb}, !- Layer 1
  {6e80e308-e8ef-4970-b08c-d51440e8fcbd}, !- Layer 2
  {b70ba28f-6ac2-42f5-95fd-8787e220e65b}, !- Layer 3
  {0a1a77ee-ab5e-4032-b0fd-b4237318a086}; !- Layer 4

OS:InternalMass:Definition,
  {f31d34e4-a8a1-4a1b-a64d-f1ba5a025ab6}, !- Handle
  partition wall mass,                    !- Name
  {65dfd646-db43-45ff-8ddd-272cf2800f9e}, !- Construction Name
  SurfaceArea,                            !- Design Level Calculation Method
  202.43572416,                           !- Surface Area {m2}
  ,                                       !- Surface Area per Space Floor Area {dimensionless}
  ;                                       !- Surface Area per Person {m2/person}

OS:InternalMass,
  {d6bc8003-feee-4601-96b1-f34e021a6a49}, !- Handle
  partition wall mass,                    !- Name
  {f31d34e4-a8a1-4a1b-a64d-f1ba5a025ab6}, !- Internal Mass Definition Name
  {0ce7c95c-eaa9-4e1c-be4f-70c83b523d81}, !- Space or SpaceType Name
  1;                                      !- Multiplier

OS:Material,
  {3cea401a-b45e-4aa4-95d3-442fd1b59abc}, !- Handle
  wall stud and cavity 3,                 !- Name
  Rough,                                  !- Roughness
  0.0889,                                 !- Thickness {m}
  0.391763531157105,                      !- Conductivity {W/m-K}
  83.034082224,                           !- Density {kg/m3}
  1211.67419087611,                       !- Specific Heat {J/kg-K}
  0.9,                                    !- Thermal Absorptance
  0.7,                                    !- Solar Absorptance
  0.7;                                    !- Visible Absorptance

OS:Construction,
  {65dfd646-db43-45ff-8ddd-272cf2800f9e}, !- Handle
  PartitionWallConstruction,              !- Name
  ,                                       !- Surface Rendering Name
  {0a1a77ee-ab5e-4032-b0fd-b4237318a086}, !- Layer 1
  {3cea401a-b45e-4aa4-95d3-442fd1b59abc}, !- Layer 2
  {0a1a77ee-ab5e-4032-b0fd-b4237318a086}; !- Layer 3

OS:InternalMass:Definition,
  {86c6c05b-84a6-47de-9475-0c3dffca99c1}, !- Handle
  furniture mass conditioned space 1,     !- Name
  {b80f4d33-78bc-4c18-9120-f7f30bfdba4d}, !- Construction Name
  SurfaceArea,                            !- Design Level Calculation Method
  80.974289664,                           !- Surface Area {m2}
  ,                                       !- Surface Area per Space Floor Area {dimensionless}
  ;                                       !- Surface Area per Person {m2/person}

OS:InternalMass,
  {6f0a6e46-6f79-42aa-a9c1-6ddca968fe46}, !- Handle
  furniture mass conditioned space 1,     !- Name
  {86c6c05b-84a6-47de-9475-0c3dffca99c1}, !- Internal Mass Definition Name
  {0ce7c95c-eaa9-4e1c-be4f-70c83b523d81}, !- Space or SpaceType Name
  1;                                      !- Multiplier

OS:Material,
  {a05a7a21-40cf-4164-863b-dfea9b046207}, !- Handle
  furniture material conditioned space 1, !- Name
  Rough,                                  !- Roughness
  0.1524,                                 !- Thickness {m}
  0.1154577,                              !- Conductivity {W/m-K}
  640.8,                                  !- Density {kg/m3}
  1214.23,                                !- Specific Heat {J/kg-K}
  0.9,                                    !- Thermal Absorptance
  0.6,                                    !- Solar Absorptance
  0.6;                                    !- Visible Absorptance

OS:Construction,
  {b80f4d33-78bc-4c18-9120-f7f30bfdba4d}, !- Handle
  furniture construction conditioned space 1, !- Name
  ,                                       !- Surface Rendering Name
  {a05a7a21-40cf-4164-863b-dfea9b046207}; !- Layer 1

OS:ShadingSurface,
  {1ea7eae6-d876-413c-9938-64af019646d7}, !- Handle
  Neighbor azimuth 90 distance 15.0,      !- Name
  ,                                       !- Construction Name
  {70f89f6f-8a8f-4d17-bcc5-73b5205b3733}, !- Shading Surface Group Name
  ,                                       !- Transmittance Schedule Name
  ,                                       !- Number of Vertices
  23.1754672764495, 18.6034675858217, 0,  !- X,Y,Z Vertex 1 {m}
  23.1754672764495, 18.6034675858217, 2.4384, !- X,Y,Z Vertex 2 {m}
  23.1754677731295, -18.6034669670773, 2.4384, !- X,Y,Z Vertex 3 {m}
  23.1754677731295, -18.6034669670773, 0; !- X,Y,Z Vertex 4 {m}

OS:AdditionalProperties,
  {9c140317-c38b-4b60-a6de-c2a861060e5d}, !- Handle
  {1ea7eae6-d876-413c-9938-64af019646d7}, !- Object Name
  Azimuth,                                !- Feature Name 1
  Integer,                                !- Feature Data Type 1
  90,                                     !- Feature Value 1
  Distance,                               !- Feature Name 2
  Double,                                 !- Feature Data Type 2
  15;                                     !- Feature Value 2

OS:ShadingSurface,
  {5f4d4610-c0b6-4163-9d18-e9ae7dd77c09}, !- Handle
  Neighbor azimuth 270 distance 15.0,     !- Name
  ,                                       !- Construction Name
  {70f89f6f-8a8f-4d17-bcc5-73b5205b3733}, !- Shading Surface Group Name
  ,                                       !- Transmittance Schedule Name
  ,                                       !- Number of Vertices
  -23.1754667797695, -18.6034682045661, 0, !- X,Y,Z Vertex 1 {m}
  -23.1754667797695, -18.6034682045661, 2.4384, !- X,Y,Z Vertex 2 {m}
  -23.1754682698095, 18.6034663483329, 2.4384, !- X,Y,Z Vertex 3 {m}
  -23.1754682698095, 18.6034663483329, 0; !- X,Y,Z Vertex 4 {m}

OS:AdditionalProperties,
  {ed1e2fe2-dccf-45a8-a5d8-a09e262d1f76}, !- Handle
  {5f4d4610-c0b6-4163-9d18-e9ae7dd77c09}, !- Object Name
  Azimuth,                                !- Feature Name 1
  Integer,                                !- Feature Data Type 1
  270,                                    !- Feature Value 1
  Distance,                               !- Feature Name 2
  Double,                                 !- Feature Data Type 2
  15;                                     !- Feature Value 2

OS:ShadingSurfaceGroup,
  {70f89f6f-8a8f-4d17-bcc5-73b5205b3733}, !- Handle
  neighbors,                              !- Name
  Building;                               !- Shading Surface Type

OS:Schedule:File,
  {89e5b630-2c93-424f-a2a8-17e885628138}, !- Handle
  occupants,                              !- Name
  {73ae1be1-9d31-4719-afe4-99485051a31f}, !- Schedule Type Limits Name
  {886b5722-01c1-4a0a-af99-37a7bfaa8e58}, !- External File Name
  1,                                      !- Column Number
  1,                                      !- Rows to Skip at Top
  8760,                                   !- Number of Hours of Data
  ,                                       !- Column Separator
  ,                                       !- Interpolate to Timestep
  15,                                     !- Minutes per Item
  ,                                       !- Adjust Schedule for Daylight Savings
  Yes;                                    !- Translate File With Relative Path

OS:External:File,
  {886b5722-01c1-4a0a-af99-37a7bfaa8e58}, !- Handle
  External File 1,                        !- Name
  in.schedules.csv;                       !- File Name

OS:Schedule:Constant,
  {19fa0da8-0e8c-49f3-94ba-6a3a5ea9c2be}, !- Handle
  occupants activity schedule,            !- Name
  {989ce1c8-50a9-45cf-bb4b-4e7c44e1861f}, !- Schedule Type Limits Name
  117.228428068889;                       !- Value

OS:People:Definition,
  {01af553e-983f-434d-afe7-b079213d5cad}, !- Handle
  occupants,                              !- Name
  People,                                 !- Number of People Calculation Method
  1,                                      !- Number of People {people}
  ,                                       !- People per Space Floor Area {person/m2}
  ,                                       !- Space Floor Area per Person {m2/person}
  0.314170909090909,                      !- Fraction Radiant
  0.563030303030303,                      !- Sensible Heat Fraction
  0,                                      !- Carbon Dioxide Generation Rate {m3/s-W}
  No,                                     !- Enable ASHRAE 55 Comfort Warnings
  ZoneAveraged;                           !- Mean Radiant Temperature Calculation Type

OS:People,
  {578afc8b-de79-4801-bcb5-c5bf6381f111}, !- Handle
  occupants,                              !- Name
  {01af553e-983f-434d-afe7-b079213d5cad}, !- People Definition Name
  {0ce7c95c-eaa9-4e1c-be4f-70c83b523d81}, !- Space or SpaceType Name
  {89e5b630-2c93-424f-a2a8-17e885628138}, !- Number of People Schedule Name
  {19fa0da8-0e8c-49f3-94ba-6a3a5ea9c2be}, !- Activity Level Schedule Name
  ,                                       !- Surface Name/Angle Factor List Name
  ,                                       !- Work Efficiency Schedule Name
  ,                                       !- Clothing Insulation Schedule Name
  ,                                       !- Air Velocity Schedule Name
  1;                                      !- Multiplier

OS:ScheduleTypeLimits,
  {989ce1c8-50a9-45cf-bb4b-4e7c44e1861f}, !- Handle
  ActivityLevel,                          !- Name
  0,                                      !- Lower Limit Value
  ,                                       !- Upper Limit Value
  Continuous,                             !- Numeric Type
  ActivityLevel;                          !- Unit Type

OS:Curve:Biquadratic,
  {63f2ad7a-85ec-4d72-968f-2a4abb86c2dd}, !- Handle
  Cool-CAP-fT1,                           !- Name
  1.557359706,                            !- Coefficient1 Constant
  -0.0744481692,                          !- Coefficient2 x
  0.00309859668,                          !- Coefficient3 x**2
  0.0014595786,                           !- Coefficient4 y
  -4.1148e-05,                            !- Coefficient5 y**2
  -0.00042671448,                         !- Coefficient6 x*y
  -100,                                   !- Minimum Value of x
  100,                                    !- Maximum Value of x
  -100,                                   !- Minimum Value of y
  100;                                    !- Maximum Value of y

OS:Curve:Biquadratic,
  {70be2b6e-a4c4-4217-bc1b-61df143ee9d3}, !- Handle
  Cool-EIR-fT1,                           !- Name
  -0.350447695,                           !- Coefficient1 Constant
  0.116809893,                            !- Coefficient2 x
  -0.00339950844,                         !- Coefficient3 x**2
  -0.001226088,                           !- Coefficient4 y
  0.0006008094,                           !- Coefficient5 y**2
  -0.000466884,                           !- Coefficient6 x*y
  -100,                                   !- Minimum Value of x
  100,                                    !- Maximum Value of x
  -100,                                   !- Minimum Value of y
  100;                                    !- Maximum Value of y

OS:Curve:Quadratic,
  {766047fc-2b69-495a-986b-df0aab274c57}, !- Handle
  Cool-CAP-fFF1,                          !- Name
  0.718664047,                            !- Coefficient1 Constant
  0.41797409,                             !- Coefficient2 x
  -0.136638137,                           !- Coefficient3 x**2
  0,                                      !- Minimum Value of x
  2,                                      !- Maximum Value of x
  0,                                      !- Minimum Curve Output
  2;                                      !- Maximum Curve Output

OS:Curve:Quadratic,
  {571f9a07-280a-4bd9-9d60-19a3f3de40cc}, !- Handle
  Cool-EIR-fFF1,                          !- Name
  1.143487507,                            !- Coefficient1 Constant
  -0.13943972,                            !- Coefficient2 x
  -0.004047787,                           !- Coefficient3 x**2
  0,                                      !- Minimum Value of x
  2,                                      !- Maximum Value of x
  0,                                      !- Minimum Curve Output
  2;                                      !- Maximum Curve Output

OS:Curve:Quadratic,
  {b6a5e959-254a-475f-b14e-10e446af5a3f}, !- Handle
  Cool-PLF-fPLR1,                         !- Name
  0.93,                                   !- Coefficient1 Constant
  0.07,                                   !- Coefficient2 x
  0,                                      !- Coefficient3 x**2
  0,                                      !- Minimum Value of x
  1,                                      !- Maximum Value of x
  0.7,                                    !- Minimum Curve Output
  1;                                      !- Maximum Curve Output

OS:Schedule:Constant,
  {8b6f5efa-c31a-4ff7-bb79-ef5bd05a7ece}, !- Handle
  Always On Discrete,                     !- Name
  {32724f63-3a01-413f-b815-051f496ec45a}, !- Schedule Type Limits Name
  1;                                      !- Value

OS:ScheduleTypeLimits,
  {32724f63-3a01-413f-b815-051f496ec45a}, !- Handle
  OnOff,                                  !- Name
  0,                                      !- Lower Limit Value
  1,                                      !- Upper Limit Value
  Discrete,                               !- Numeric Type
  Availability;                           !- Unit Type

OS:Coil:Cooling:DX:SingleSpeed,
  {84e5e045-f690-4251-ba0d-80ab3246e4ed}, !- Handle
  central ac and furnace clg coil,        !- Name
  {8b6f5efa-c31a-4ff7-bb79-ef5bd05a7ece}, !- Availability Schedule Name
  24422.3474817305,                       !- Rated Total Cooling Capacity {W}
  0.730031800184905,                      !- Rated Sensible Heat Ratio
  3.7702,                                 !- Rated COP {W/W}
  1.25672706612278,                       !- Rated Air Flow Rate {m3/s}
  773.3,                                  !- Rated Evaporator Fan Power Per Volume Flow Rate 2017 {W/(m3/s)}
  934.4,                                  !- Rated Evaporator Fan Power Per Volume Flow Rate 2023 {W/(m3/s)}
  ,                                       !- Air Inlet Node Name
  ,                                       !- Air Outlet Node Name
  {63f2ad7a-85ec-4d72-968f-2a4abb86c2dd}, !- Total Cooling Capacity Function of Temperature Curve Name
  {766047fc-2b69-495a-986b-df0aab274c57}, !- Total Cooling Capacity Function of Flow Fraction Curve Name
  {70be2b6e-a4c4-4217-bc1b-61df143ee9d3}, !- Energy Input Ratio Function of Temperature Curve Name
  {571f9a07-280a-4bd9-9d60-19a3f3de40cc}, !- Energy Input Ratio Function of Flow Fraction Curve Name
  {b6a5e959-254a-475f-b14e-10e446af5a3f}, !- Part Load Fraction Correlation Curve Name
  -25,                                    !- Minimum Outdoor Dry-Bulb Temperature for Compressor Operation {C}
  1000,                                   !- Nominal Time for Condensate Removal to Begin {s}
  1.5,                                    !- Ratio of Initial Moisture Evaporation Rate and Steady State Latent Capacity {dimensionless}
  3,                                      !- Maximum Cycling Rate {cycles/hr}
  45,                                     !- Latent Capacity Time Constant {s}
  ,                                       !- Condenser Air Inlet Node Name
  AirCooled,                              !- Condenser Type
  0.9,                                    !- Evaporative Condenser Effectiveness {dimensionless}
  autosize,                               !- Evaporative Condenser Air Flow Rate {m3/s}
  autosize,                               !- Evaporative Condenser Pump Rated Power Consumption {W}
  50,                                     !- Crankcase Heater Capacity {W}
  ,                                       !- Crankcase Heater Capacity Function of Temperature Curve Name
  10,                                     !- Maximum Outdoor Dry-Bulb Temperature for Crankcase Heater Operation {C}
  ,                                       !- Supply Water Storage Tank Name
  ,                                       !- Condensate Collection Water Storage Tank Name
  0,                                      !- Basin Heater Capacity {W/K}
  2;                                      !- Basin Heater Setpoint Temperature {C}

OS:AdditionalProperties,
  {ab50660d-3c17-4230-a6c1-2b32135353ab}, !- Handle
  {84e5e045-f690-4251-ba0d-80ab3246e4ed}, !- Object Name
  HPXML_ID,                               !- Feature Name 1
  String,                                 !- Feature Data Type 1
  CoolingSystem1;                         !- Feature Value 1

OS:Coil:Heating:Gas,
  {800f38a0-95ee-4b10-8ed8-db327758aa7e}, !- Handle
  central ac and furnace htg coil,        !- Name
  {8b6f5efa-c31a-4ff7-bb79-ef5bd05a7ece}, !- Availability Schedule Name
  0.8,                                    !- Gas Burner Efficiency
  28163.5437014102,                       !- Nominal Capacity {W}
  ,                                       !- Air Inlet Node Name
  ,                                       !- Air Outlet Node Name
  ,                                       !- Temperature Setpoint Node Name
  0,                                      !- On Cycle Parasitic Electric Load {W}
  ,                                       !- Part Load Fraction Correlation Curve Name
  0,                                      !- Off Cycle Parasitic Gas Load {W}
  NaturalGas;                             !- Fuel Type

OS:AdditionalProperties,
  {3d10a61d-39b3-4b1e-930f-486b7f091b32}, !- Handle
  {800f38a0-95ee-4b10-8ed8-db327758aa7e}, !- Object Name
  HPXML_ID,                               !- Feature Name 1
  String,                                 !- Feature Data Type 1
  HeatingSystem1,                         !- Feature Value 1
  IsHeatPumpBackup,                       !- Feature Name 2
  Boolean,                                !- Feature Data Type 2
  false;                                  !- Feature Value 2

OS:Fan:SystemModel,
  {96c94539-ca67-4ba5-9bf6-ee0a199d9c37}, !- Handle
  central ac and furnace supply fan,      !- Name
  {8b6f5efa-c31a-4ff7-bb79-ef5bd05a7ece}, !- Availability Schedule Name
  ,                                       !- Air Inlet Node Name
  ,                                       !- Air Outlet Node Name
  1.5177829773312,                        !- Design Maximum Air Flow Rate {m3/s}
  Discrete,                               !- Speed Control Method
  0.2,                                    !- Electric Power Minimum Flow Rate Fraction
  794.580001233493,                       !- Design Pressure Rise {Pa}
  1,                                      !- Motor Efficiency
  1,                                      !- Motor In Air Stream Fraction
  autosize,                               !- Design Electric Power Consumption {W}
  TotalEfficiencyAndPressure,             !- Design Power Sizing Method
  840,                                    !- Electric Power Per Unit Flow Rate {W/(m3/s)}
  1.66667,                                !- Electric Power Per Unit Flow Rate Per Unit Pressure {W-s/m3-Pa}
  0.75,                                   !- Fan Total Efficiency
  ,                                       !- Electric Power Function of Flow Fraction Curve Name
  ,                                       !- Night Ventilation Mode Pressure Rise {Pa}
  ,                                       !- Night Ventilation Mode Flow Fraction
  ,                                       !- Motor Loss Zone Name
  0,                                      !- Motor Loss Radiative Fraction
  supply fan,                             !- End-Use Subcategory
  0.55379,                                !- Speed Flow Fraction 1
  0.16984,                                !- Speed Electric Power Fraction 1
  1,                                      !- Speed Flow Fraction 2
  1;                                      !- Speed Electric Power Fraction 2

OS:EnergyManagementSystem:Sensor,
  {5b317de1-798a-480e-acb5-3e68dacbf0da}, !- Handle
  central_ac_and_furnace_supply_fan_s,    !- Name
  central ac and furnace supply fan,      !- Output Variable or Output Meter Index Key Name
  Fan Electricity Energy;                 !- Output Variable or Output Meter Name

OS:EnergyManagementSystem:Sensor,
  {9b17ae7b-5bde-4e4c-a5a7-c2973c600032}, !- Handle
  central_ac_and_furnace_clg_coil_s,      !- Name
  central ac and furnace clg coil,        !- Output Variable or Output Meter Index Key Name
  Cooling Coil Total Cooling Energy;      !- Output Variable or Output Meter Name

OS:EnergyManagementSystem:Program,
  {29923363-ad35-476f-ad5d-fda1133ae479}, !- Handle
  central_ac_and_furnace_supply_fan_disaggregate_program, !- Name
  Set central_ac_and_furnace_supply_fan_clg = 0, !- Program Line 1
  If central_ac_and_furnace_clg_coil_s > 0, !- Program Line 2
  Set central_ac_and_furnace_supply_fan_clg = central_ac_and_furnace_supply_fan_s, !- Program Line 3
  EndIf;                                  !- Program Line 4

OS:EnergyManagementSystem:ProgramCallingManager,
  {32f53e61-1aed-44c9-ad02-685f0b79e594}, !- Handle
  central ac and furnace supply fan disaggregate program calling manager, !- Name
  EndOfSystemTimestepBeforeHVACReporting, !- EnergyPlus Model Calling Point
  {29923363-ad35-476f-ad5d-fda1133ae479}; !- Program Name 1

OS:EnergyManagementSystem:OutputVariable,
  {829b56e4-609e-4a56-b768-3d083f9317ff}, !- Handle
  central ac and furnace supply fan disaggregate clg, !- Name
  central_ac_and_furnace_supply_fan_clg,  !- EMS Variable Name
  Summed,                                 !- Type of Data in Variable
  SystemTimestep,                         !- Update Frequency
  {29923363-ad35-476f-ad5d-fda1133ae479}, !- EMS Program or Subroutine Name
  J;                                      !- Units

OS:AdditionalProperties,
  {937d584f-2b9f-4584-b60c-81dffde26822}, !- Handle
  {829b56e4-609e-4a56-b768-3d083f9317ff}, !- Object Name
  HPXML_ID,                               !- Feature Name 1
  String,                                 !- Feature Data Type 1
  CoolingSystem1,                         !- Feature Value 1
  ObjectType,                             !- Feature Name 2
  String,                                 !- Feature Data Type 2
  disaggregate clg;                       !- Feature Value 2

OS:EnergyManagementSystem:Sensor,
  {b6711615-7b95-4a93-a2ed-3fd9526e2392}, !- Handle
  central_ac_and_furnace_supply_fan_s_1,  !- Name
  central ac and furnace supply fan,      !- Output Variable or Output Meter Index Key Name
  Fan Electricity Energy;                 !- Output Variable or Output Meter Name

OS:EnergyManagementSystem:Sensor,
  {0501fadf-8e5d-4218-a219-76367f89b61a}, !- Handle
  central_ac_and_furnace_htg_coil_s,      !- Name
  central ac and furnace htg coil,        !- Output Variable or Output Meter Index Key Name
  Heating Coil Heating Energy;            !- Output Variable or Output Meter Name

OS:EnergyManagementSystem:Program,
  {add72afb-ba7d-404e-84f5-87c6f24d3c98}, !- Handle
  central_ac_and_furnace_supply_fan_disaggregate_program_1, !- Name
  Set central_ac_and_furnace_supply_fan_primary_htg = 0, !- Program Line 1
  If central_ac_and_furnace_htg_coil_s > 0, !- Program Line 2
  Set central_ac_and_furnace_supply_fan_primary_htg = central_ac_and_furnace_supply_fan_s_1, !- Program Line 3
  EndIf;                                  !- Program Line 4

OS:EnergyManagementSystem:ProgramCallingManager,
  {efa236e4-713a-48c5-a4fc-e5023d7899d3}, !- Handle
  central ac and furnace supply fan disaggregate program calling manager 1, !- Name
  EndOfSystemTimestepBeforeHVACReporting, !- EnergyPlus Model Calling Point
  {add72afb-ba7d-404e-84f5-87c6f24d3c98}; !- Program Name 1

OS:EnergyManagementSystem:OutputVariable,
  {1cf74348-2eff-465d-a9f1-07ab4e7eb83c}, !- Handle
  central ac and furnace supply fan disaggregate htg primary, !- Name
  central_ac_and_furnace_supply_fan_primary_htg, !- EMS Variable Name
  Summed,                                 !- Type of Data in Variable
  SystemTimestep,                         !- Update Frequency
  {add72afb-ba7d-404e-84f5-87c6f24d3c98}, !- EMS Program or Subroutine Name
  J;                                      !- Units

OS:AdditionalProperties,
  {4be82d85-0c4d-45d4-bf26-abbc0d754f70}, !- Handle
  {1cf74348-2eff-465d-a9f1-07ab4e7eb83c}, !- Object Name
  HPXML_ID,                               !- Feature Name 1
  String,                                 !- Feature Data Type 1
  HeatingSystem1,                         !- Feature Value 1
  ObjectType,                             !- Feature Name 2
  String,                                 !- Feature Data Type 2
  disaggregate htg primary;               !- Feature Value 2

OS:Schedule:Constant,
  {008e0d95-7ea5-49c6-8eb6-37784579652d}, !- Handle
  central ac and furnace auto fan schedule, !- Name
  {32724f63-3a01-413f-b815-051f496ec45a}, !- Schedule Type Limits Name
  0;                                      !- Value

OS:AirLoopHVAC:UnitarySystem,
  {8b44d7c7-9f3b-4ecf-ae77-1e50f0c26c41}, !- Handle
  central ac and furnace unitary system,  !- Name
  Load,                                   !- Control Type
  {90961844-a5c1-44d4-8d26-df7a52080608}, !- Controlling Zone or Thermostat Location
  None,                                   !- Dehumidification Control Type
  {8b6f5efa-c31a-4ff7-bb79-ef5bd05a7ece}, !- Availability Schedule Name
  {879c603c-2279-43fb-8658-2a5102b28c73}, !- Air Inlet Node Name
  {85bb449f-f9e5-414b-aa14-cec4d7672f71}, !- Air Outlet Node Name
  {96c94539-ca67-4ba5-9bf6-ee0a199d9c37}, !- Supply Fan Name
  BlowThrough,                            !- Fan Placement
  {008e0d95-7ea5-49c6-8eb6-37784579652d}, !- Supply Air Fan Operating Mode Schedule Name
  {800f38a0-95ee-4b10-8ed8-db327758aa7e}, !- Heating Coil Name
  1,                                      !- DX Heating Coil Sizing Ratio
  {84e5e045-f690-4251-ba0d-80ab3246e4ed}, !- Cooling Coil Name
  No,                                     !- Use DOAS DX Cooling Coil
  2,                                      !- DOAS DX Cooling Coil Leaving Minimum Air Temperature {C}
  SensibleOnlyLoadControl,                !- Latent Load Control
  ,                                       !- Supplemental Heating Coil Name
  SupplyAirFlowRate,                      !- Supply Air Flow Rate Method During Cooling Operation
  1.5177829773312,                        !- Supply Air Flow Rate During Cooling Operation {m3/s}
  ,                                       !- Supply Air Flow Rate Per Floor Area During Cooling Operation {m3/s-m2}
  ,                                       !- Fraction of Autosized Design Cooling Supply Air Flow Rate
  ,                                       !- Design Supply Air Flow Rate Per Unit of Capacity During Cooling Operation {m3/s-W}
  SupplyAirFlowRate,                      !- Supply Air Flow Rate Method During Heating Operation
  0.8405383963392,                        !- Supply Air Flow Rate During Heating Operation {m3/s}
  ,                                       !- Supply Air Flow Rate Per Floor Area during Heating Operation {m3/s-m2}
  ,                                       !- Fraction of Autosized Design Heating Supply Air Flow Rate
  ,                                       !- Design Supply Air Flow Rate Per Unit of Capacity During Heating Operation {m3/s-W}
  SupplyAirFlowRate,                      !- Supply Air Flow Rate Method When No Cooling or Heating is Required
  0,                                      !- Supply Air Flow Rate When No Cooling or Heating is Required {m3/s}
  ,                                       !- Supply Air Flow Rate Per Floor Area When No Cooling or Heating is Required {m3/s-m2}
  ,                                       !- Fraction of Autosized Design Cooling Supply Air Flow Rate When No Cooling or Heating is Required
  ,                                       !- Fraction of Autosized Design Heating Supply Air Flow Rate When No Cooling or Heating is Required
  ,                                       !- Design Supply Air Flow Rate Per Unit of Capacity During Cooling Operation When No Cooling or Heating is Required {m3/s-W}
  ,                                       !- Design Supply Air Flow Rate Per Unit of Capacity During Heating Operation When No Cooling or Heating is Required {m3/s-W}
  48.8888888888889,                       !- Maximum Supply Air Temperature {C}
  21,                                     !- Maximum Outdoor Dry-Bulb Temperature for Supplemental Heater Operation {C}
  ,                                       !- Outdoor Dry-Bulb Temperature Sensor Node Name
  0,                                      !- Ancilliary On-Cycle Electric Power {W}
  0;                                      !- Ancilliary Off-Cycle Electric Power {W}

OS:AirLoopHVAC,
  {cf567b67-8ad6-4b91-a357-badd4d74da86}, !- Handle
  central ac and furnace airloop,         !- Name
  ,                                       !- Controller List Name
  {8b6f5efa-c31a-4ff7-bb79-ef5bd05a7ece}, !- Availability Schedule
  {3e29e8ef-7fe9-4adc-a431-76014773e1de}, !- Availability Manager List Name
  1.5177829773312,                        !- Design Supply Air Flow Rate {m3/s}
  1,                                      !- Design Return Air Flow Fraction of Supply Air Flow
  ,                                       !- Branch List Name
  ,                                       !- Connector List Name
  {c7460723-35e8-4f47-b719-f233ed767c7a}, !- Supply Side Inlet Node Name
  {1b6239a9-60b1-4f89-8d2d-760b3b378cfe}, !- Demand Side Outlet Node Name
  {0512bb35-54fb-412b-9fb8-ace313f67a3a}, !- Demand Side Inlet Node A
  {20c32214-4d65-453a-bb65-7571380e137b}, !- Supply Side Outlet Node A
  ,                                       !- Demand Side Inlet Node B
  ,                                       !- Supply Side Outlet Node B
  ,                                       !- Return Air Bypass Flow Temperature Setpoint Schedule Name
  {a10303e9-c1ba-4cd3-b223-131e3ce593ad}, !- Demand Mixer Name
  {3e50746a-c108-4ee6-9b87-9c625413c378}, !- Demand Splitter A Name
  ,                                       !- Demand Splitter B Name
  ;                                       !- Supply Splitter Name

OS:Node,
  {95a26156-fc72-40a9-9b56-2357d496fb30}, !- Handle
  Node 3,                                 !- Name
  {c7460723-35e8-4f47-b719-f233ed767c7a}, !- Inlet Port
  {879c603c-2279-43fb-8658-2a5102b28c73}; !- Outlet Port

OS:Node,
  {d8fba24a-408c-4811-8399-47966b406d08}, !- Handle
  Node 4,                                 !- Name
  {85bb449f-f9e5-414b-aa14-cec4d7672f71}, !- Inlet Port
  {20c32214-4d65-453a-bb65-7571380e137b}; !- Outlet Port

OS:Connection,
  {c7460723-35e8-4f47-b719-f233ed767c7a}, !- Handle
  {cf567b67-8ad6-4b91-a357-badd4d74da86}, !- Source Object
  9,                                      !- Outlet Port
  {95a26156-fc72-40a9-9b56-2357d496fb30}, !- Target Object
  2;                                      !- Inlet Port

OS:Connection,
  {20c32214-4d65-453a-bb65-7571380e137b}, !- Handle
  {d8fba24a-408c-4811-8399-47966b406d08}, !- Source Object
  3,                                      !- Outlet Port
  {cf567b67-8ad6-4b91-a357-badd4d74da86}, !- Target Object
  12;                                     !- Inlet Port

OS:Node,
  {f23b272f-752b-4c9c-95b8-183f0a7aeb66}, !- Handle
  Node 5,                                 !- Name
  {0512bb35-54fb-412b-9fb8-ace313f67a3a}, !- Inlet Port
  {5e65777e-83c7-47a6-918c-466e3b54904b}; !- Outlet Port

OS:Node,
  {45f22278-759a-4a92-821d-6870c9e099d4}, !- Handle
  Node 6,                                 !- Name
  {e65c54ce-30a2-45c9-9351-df2fc59092b1}, !- Inlet Port
  {1b6239a9-60b1-4f89-8d2d-760b3b378cfe}; !- Outlet Port

OS:Node,
  {b89108c8-0d17-4f28-a243-914cd9ee46bd}, !- Handle
  Node 7,                                 !- Name
  {773ec8a0-b4b9-4c37-a5c8-0707fc4a3356}, !- Inlet Port
  {b6038fcd-c7b7-46ea-825d-e95a70234251}; !- Outlet Port

OS:Connection,
  {0512bb35-54fb-412b-9fb8-ace313f67a3a}, !- Handle
  {cf567b67-8ad6-4b91-a357-badd4d74da86}, !- Source Object
  11,                                     !- Outlet Port
  {f23b272f-752b-4c9c-95b8-183f0a7aeb66}, !- Target Object
  2;                                      !- Inlet Port

OS:Connection,
  {1b6239a9-60b1-4f89-8d2d-760b3b378cfe}, !- Handle
  {45f22278-759a-4a92-821d-6870c9e099d4}, !- Source Object
  3,                                      !- Outlet Port
  {cf567b67-8ad6-4b91-a357-badd4d74da86}, !- Target Object
  10;                                     !- Inlet Port

OS:AirLoopHVAC:ZoneSplitter,
  {3e50746a-c108-4ee6-9b87-9c625413c378}, !- Handle
  central ac and furnace zone splitter,   !- Name
  {5e65777e-83c7-47a6-918c-466e3b54904b}, !- Inlet Node Name
  {08a7b52c-bf2a-4906-a2c1-f1fbd444558a}; !- Outlet Node Name 1

OS:AirLoopHVAC:ZoneMixer,
  {a10303e9-c1ba-4cd3-b223-131e3ce593ad}, !- Handle
  central ac and furnace zone mixer,      !- Name
  {e65c54ce-30a2-45c9-9351-df2fc59092b1}, !- Outlet Node Name
  {d2ca1b9c-b298-4e31-8789-4ccf5ff3b1a5}; !- Inlet Node Name 1

OS:Connection,
  {5e65777e-83c7-47a6-918c-466e3b54904b}, !- Handle
  {f23b272f-752b-4c9c-95b8-183f0a7aeb66}, !- Source Object
  3,                                      !- Outlet Port
  {3e50746a-c108-4ee6-9b87-9c625413c378}, !- Target Object
  2;                                      !- Inlet Port

OS:Connection,
  {e65c54ce-30a2-45c9-9351-df2fc59092b1}, !- Handle
  {a10303e9-c1ba-4cd3-b223-131e3ce593ad}, !- Source Object
  2,                                      !- Outlet Port
  {45f22278-759a-4a92-821d-6870c9e099d4}, !- Target Object
  2;                                      !- Inlet Port

OS:Sizing:System,
  {a15e3dfb-6f64-42dd-9355-d33c821479fa}, !- Handle
  {cf567b67-8ad6-4b91-a357-badd4d74da86}, !- AirLoop Name
  ,                                       !- Type of Load to Size On
  ,                                       !- Design Outdoor Air Flow Rate {m3/s}
  0.3,                                    !- Central Heating Maximum System Air Flow Ratio
  7,                                      !- Preheat Design Temperature {C}
  0.008,                                  !- Preheat Design Humidity Ratio {kg-H2O/kg-Air}
  12.8,                                   !- Precool Design Temperature {C}
  0.008,                                  !- Precool Design Humidity Ratio {kg-H2O/kg-Air}
  12.8,                                   !- Central Cooling Design Supply Air Temperature {C}
  16.7,                                   !- Central Heating Design Supply Air Temperature {C}
  ,                                       !- Sizing Option
  Yes,                                    !- 100% Outdoor Air in Cooling
  Yes,                                    !- 100% Outdoor Air in Heating
  0.0085,                                 !- Central Cooling Design Supply Air Humidity Ratio {kg-H2O/kg-Air}
  ,                                       !- Central Heating Design Supply Air Humidity Ratio {kg-H2O/kg-Air}
  ,                                       !- Cooling Design Air Flow Method
  ,                                       !- Cooling Design Air Flow Rate {m3/s}
  ,                                       !- Heating Design Air Flow Method
  ,                                       !- Heating Design Air Flow Rate {m3/s}
  ,                                       !- System Outdoor Air Method
  1,                                      !- Zone Maximum Outdoor Air Fraction {dimensionless}
  0.0099676501,                           !- Cooling Supply Air Flow Rate Per Floor Area {m3/s-m2}
  1,                                      !- Cooling Fraction of Autosized Cooling Supply Air Flow Rate
  3.9475456e-05,                          !- Cooling Supply Air Flow Rate Per Unit Cooling Capacity {m3/s-W}
  0.0099676501,                           !- Heating Supply Air Flow Rate Per Floor Area {m3/s-m2}
  1,                                      !- Heating Fraction of Autosized Heating Supply Air Flow Rate
  1,                                      !- Heating Fraction of Autosized Cooling Supply Air Flow Rate
  3.1588213e-05,                          !- Heating Supply Air Flow Rate Per Unit Heating Capacity {m3/s-W}
  CoolingDesignCapacity,                  !- Cooling Design Capacity Method
  autosize,                               !- Cooling Design Capacity {W}
  234.7,                                  !- Cooling Design Capacity Per Floor Area {W/m2}
  1,                                      !- Fraction of Autosized Cooling Design Capacity
  HeatingDesignCapacity,                  !- Heating Design Capacity Method
  autosize,                               !- Heating Design Capacity {W}
  157,                                    !- Heating Design Capacity Per Floor Area {W/m2}
  1,                                      !- Fraction of Autosized Heating Design Capacity
  OnOff,                                  !- Central Cooling Capacity Control Method
  autosize;                               !- Occupant Diversity

OS:AvailabilityManagerAssignmentList,
  {3e29e8ef-7fe9-4adc-a431-76014773e1de}, !- Handle
  Air Loop HVAC 1 AvailabilityManagerAssignmentList; !- Name

OS:Connection,
  {879c603c-2279-43fb-8658-2a5102b28c73}, !- Handle
  {95a26156-fc72-40a9-9b56-2357d496fb30}, !- Source Object
  3,                                      !- Outlet Port
  {8b44d7c7-9f3b-4ecf-ae77-1e50f0c26c41}, !- Target Object
  6;                                      !- Inlet Port

OS:Connection,
  {85bb449f-f9e5-414b-aa14-cec4d7672f71}, !- Handle
  {8b44d7c7-9f3b-4ecf-ae77-1e50f0c26c41}, !- Source Object
  7,                                      !- Outlet Port
  {d8fba24a-408c-4811-8399-47966b406d08}, !- Target Object
  2;                                      !- Inlet Port

OS:AirTerminal:SingleDuct:ConstantVolume:NoReheat,
  {ab1d2f08-a5bb-4d4d-adcd-1a27a4c1c56e}, !- Handle
  central ac and furnace terminal,        !- Name
  {8b6f5efa-c31a-4ff7-bb79-ef5bd05a7ece}, !- Availability Schedule Name
  {ca7e2cc2-3a16-4e39-b739-13a4175e4995}, !- Air Inlet Node Name
  {773ec8a0-b4b9-4c37-a5c8-0707fc4a3356}, !- Air Outlet Node Name
  1.5177829773312;                        !- Maximum Air Flow Rate {m3/s}

OS:Node,
  {4788fc42-8bf1-4b20-b838-bd71aa62d823}, !- Handle
  Node 8,                                 !- Name
  {31b027aa-7304-4e7a-8b9e-68e637d97ce4}, !- Inlet Port
  {ed7646cb-db74-420d-a62e-37f32929cfd6}; !- Outlet Port

OS:Connection,
  {b6038fcd-c7b7-46ea-825d-e95a70234251}, !- Handle
  {b89108c8-0d17-4f28-a243-914cd9ee46bd}, !- Source Object
  3,                                      !- Outlet Port
  {264f9149-6179-4478-b9af-727dda279dbb}, !- Target Object
  2;                                      !- Inlet Port

OS:Connection,
  {31b027aa-7304-4e7a-8b9e-68e637d97ce4}, !- Handle
  {aaef34c1-a7bb-4b47-a0ce-a4db29afb1db}, !- Source Object
  2,                                      !- Outlet Port
  {4788fc42-8bf1-4b20-b838-bd71aa62d823}, !- Target Object
  2;                                      !- Inlet Port

OS:Node,
  {638acc8a-6fbd-4640-9976-f99988c27b96}, !- Handle
  Node 9,                                 !- Name
  {08a7b52c-bf2a-4906-a2c1-f1fbd444558a}, !- Inlet Port
  {ca7e2cc2-3a16-4e39-b739-13a4175e4995}; !- Outlet Port

OS:Connection,
  {08a7b52c-bf2a-4906-a2c1-f1fbd444558a}, !- Handle
  {3e50746a-c108-4ee6-9b87-9c625413c378}, !- Source Object
  3,                                      !- Outlet Port
  {638acc8a-6fbd-4640-9976-f99988c27b96}, !- Target Object
  2;                                      !- Inlet Port

OS:Connection,
  {ca7e2cc2-3a16-4e39-b739-13a4175e4995}, !- Handle
  {638acc8a-6fbd-4640-9976-f99988c27b96}, !- Source Object
  3,                                      !- Outlet Port
  {ab1d2f08-a5bb-4d4d-adcd-1a27a4c1c56e}, !- Target Object
  3;                                      !- Inlet Port

OS:Connection,
  {773ec8a0-b4b9-4c37-a5c8-0707fc4a3356}, !- Handle
  {ab1d2f08-a5bb-4d4d-adcd-1a27a4c1c56e}, !- Source Object
  4,                                      !- Outlet Port
  {b89108c8-0d17-4f28-a243-914cd9ee46bd}, !- Target Object
  2;                                      !- Inlet Port

OS:Schedule:Constant,
  {dabd306d-297e-40e4-9f08-56ba96b22dc6}, !- Handle
  Sequential Fraction Schedule,           !- Name
  {73ae1be1-9d31-4719-afe4-99485051a31f}, !- Schedule Type Limits Name
  1;                                      !- Value

OS:Schedule:Constant,
  {a4ddf654-ecfc-4b1c-ae02-81d3130f2e37}, !- Handle
  Sequential Fraction Schedule 1,         !- Name
  {73ae1be1-9d31-4719-afe4-99485051a31f}, !- Schedule Type Limits Name
  1;                                      !- Value

OS:PlantLoop,
  {c9111ca4-5522-4311-9357-b81a91ec1108}, !- Handle
  dhw loop,                               !- Name
  ,                                       !- Fluid Type
  0,                                      !- Glycol Concentration
  ,                                       !- User Defined Fluid Type
  ,                                       !- Plant Equipment Operation Heating Load
  ,                                       !- Plant Equipment Operation Cooling Load
  ,                                       !- Primary Plant Equipment Operation Scheme
  {7182ed46-06c5-48d0-898f-768d4657835a}, !- Loop Temperature Setpoint Node Name
  ,                                       !- Maximum Loop Temperature {C}
  ,                                       !- Minimum Loop Temperature {C}
  0.01,                                   !- Maximum Loop Flow Rate {m3/s}
  ,                                       !- Minimum Loop Flow Rate {m3/s}
  0.003,                                  !- Plant Loop Volume {m3}
  {7af7f8c1-afe8-4591-9af8-ee24185510b6}, !- Plant Side Inlet Node Name
  {b98b2eab-418f-4954-ae5e-8084b0f6a3a5}, !- Plant Side Outlet Node Name
  ,                                       !- Plant Side Branch List Name
  {060dded6-2b51-4921-aac6-2a26d671b514}, !- Demand Side Inlet Node Name
  {aaaf1d09-2c9e-45f4-8f1b-9f36fc4074a8}, !- Demand Side Outlet Node Name
  ,                                       !- Demand Side Branch List Name
  ,                                       !- Demand Side Connector List Name
  Optimal,                                !- Load Distribution Scheme
  {5abab9b2-b722-467f-a9be-0e7d032934d8}, !- Availability Manager List Name
  ,                                       !- Plant Loop Demand Calculation Scheme
  ,                                       !- Common Pipe Simulation
  ,                                       !- Pressure Simulation Type
  ,                                       !- Plant Equipment Operation Heating Load Schedule
  ,                                       !- Plant Equipment Operation Cooling Load Schedule
  ,                                       !- Primary Plant Equipment Operation Scheme Schedule
  ,                                       !- Component Setpoint Operation Scheme Schedule
  {e891791f-5192-4dc6-b21b-7ace68f177e5}, !- Demand Mixer Name
  {10106fdc-dc2d-48e7-ac14-df1f1a4f8d66}, !- Demand Splitter Name
  {f945d0ea-093f-4361-b798-02292626eb39}, !- Supply Mixer Name
  {ddf536f9-d59f-4a46-ac33-84442247e7f6}; !- Supply Splitter Name

OS:Node,
  {69b37acb-15e4-4fec-a91f-5871fce53b3c}, !- Handle
  Node 10,                                !- Name
  {7af7f8c1-afe8-4591-9af8-ee24185510b6}, !- Inlet Port
  {65aabafd-13eb-49ab-af8d-c3345ccb755c}; !- Outlet Port

OS:Node,
  {7182ed46-06c5-48d0-898f-768d4657835a}, !- Handle
  Node 11,                                !- Name
  {7fb8a3c2-0f62-4c63-8f62-48fc1dd83ed4}, !- Inlet Port
  {b98b2eab-418f-4954-ae5e-8084b0f6a3a5}; !- Outlet Port

OS:Node,
  {d55434be-cc7e-4d76-8521-9af99258e2ea}, !- Handle
  Node 12,                                !- Name
  {0aad9091-f302-457c-8ff6-b4d6074d34e0}, !- Inlet Port
  {30091985-1c2f-4a7c-a532-5c72b6ee2a4c}; !- Outlet Port

OS:Connector:Mixer,
  {f945d0ea-093f-4361-b798-02292626eb39}, !- Handle
  Connector Mixer 1,                      !- Name
  {c8915904-5085-46aa-9371-d094cfc6b892}, !- Outlet Branch Name
  {b61e506f-fd09-4768-b954-9ac67910299c}, !- Inlet Branch Name 1
  {5e867bc8-baee-4446-be37-d47e5473960d}; !- Inlet Branch Name 2

OS:Connector:Splitter,
  {ddf536f9-d59f-4a46-ac33-84442247e7f6}, !- Handle
  Connector Splitter 1,                   !- Name
  {a657cb48-652c-4674-ba09-8f790da9556d}, !- Inlet Branch Name
  {0aad9091-f302-457c-8ff6-b4d6074d34e0}, !- Outlet Branch Name 1
  {d31ae9a8-d04c-41ff-a7dd-a69fd8ab2260}; !- Outlet Branch Name 2

OS:Connection,
  {7af7f8c1-afe8-4591-9af8-ee24185510b6}, !- Handle
  {c9111ca4-5522-4311-9357-b81a91ec1108}, !- Source Object
  14,                                     !- Outlet Port
  {69b37acb-15e4-4fec-a91f-5871fce53b3c}, !- Target Object
  2;                                      !- Inlet Port

OS:Connection,
  {0aad9091-f302-457c-8ff6-b4d6074d34e0}, !- Handle
  {ddf536f9-d59f-4a46-ac33-84442247e7f6}, !- Source Object
  3,                                      !- Outlet Port
  {d55434be-cc7e-4d76-8521-9af99258e2ea}, !- Target Object
  2;                                      !- Inlet Port

OS:Connection,
  {b98b2eab-418f-4954-ae5e-8084b0f6a3a5}, !- Handle
  {7182ed46-06c5-48d0-898f-768d4657835a}, !- Source Object
  3,                                      !- Outlet Port
  {c9111ca4-5522-4311-9357-b81a91ec1108}, !- Target Object
  15;                                     !- Inlet Port

OS:Node,
  {3417f7b5-8d58-4382-b85a-4d226b29cfdb}, !- Handle
  Node 13,                                !- Name
  {060dded6-2b51-4921-aac6-2a26d671b514}, !- Inlet Port
  {3f88d7b2-7f79-4414-897e-4e0e17746b10}; !- Outlet Port

OS:Node,
  {6bdcf724-3bb1-4856-b9ea-40f31ced49ab}, !- Handle
  Node 14,                                !- Name
  {2ebbde26-cfa0-41d6-abf5-b954f3021ee3}, !- Inlet Port
  {aaaf1d09-2c9e-45f4-8f1b-9f36fc4074a8}; !- Outlet Port

OS:Node,
  {1362a041-fe55-4235-847e-fa139c0cf8c0}, !- Handle
  Node 15,                                !- Name
  {5dcb535f-2c92-4c14-a180-f355bfc63294}, !- Inlet Port
  {e122f552-8949-4781-9f65-84e31cd23be7}; !- Outlet Port

OS:Connector:Mixer,
  {e891791f-5192-4dc6-b21b-7ace68f177e5}, !- Handle
  Connector Mixer 2,                      !- Name
  {2ebbde26-cfa0-41d6-abf5-b954f3021ee3}, !- Outlet Branch Name
  {4ad7935d-619f-40ab-933a-dc86ee8f40f0}; !- Inlet Branch Name 1

OS:Connector:Splitter,
  {10106fdc-dc2d-48e7-ac14-df1f1a4f8d66}, !- Handle
  Connector Splitter 2,                   !- Name
  {3f88d7b2-7f79-4414-897e-4e0e17746b10}, !- Inlet Branch Name
  {5dcb535f-2c92-4c14-a180-f355bfc63294}; !- Outlet Branch Name 1

OS:Connection,
  {060dded6-2b51-4921-aac6-2a26d671b514}, !- Handle
  {c9111ca4-5522-4311-9357-b81a91ec1108}, !- Source Object
  17,                                     !- Outlet Port
  {3417f7b5-8d58-4382-b85a-4d226b29cfdb}, !- Target Object
  2;                                      !- Inlet Port

OS:Connection,
  {3f88d7b2-7f79-4414-897e-4e0e17746b10}, !- Handle
  {3417f7b5-8d58-4382-b85a-4d226b29cfdb}, !- Source Object
  3,                                      !- Outlet Port
  {10106fdc-dc2d-48e7-ac14-df1f1a4f8d66}, !- Target Object
  2;                                      !- Inlet Port

OS:Connection,
  {5dcb535f-2c92-4c14-a180-f355bfc63294}, !- Handle
  {10106fdc-dc2d-48e7-ac14-df1f1a4f8d66}, !- Source Object
  3,                                      !- Outlet Port
  {1362a041-fe55-4235-847e-fa139c0cf8c0}, !- Target Object
  2;                                      !- Inlet Port

OS:Connection,
  {2ebbde26-cfa0-41d6-abf5-b954f3021ee3}, !- Handle
  {e891791f-5192-4dc6-b21b-7ace68f177e5}, !- Source Object
  2,                                      !- Outlet Port
  {6bdcf724-3bb1-4856-b9ea-40f31ced49ab}, !- Target Object
  2;                                      !- Inlet Port

OS:Connection,
  {aaaf1d09-2c9e-45f4-8f1b-9f36fc4074a8}, !- Handle
  {6bdcf724-3bb1-4856-b9ea-40f31ced49ab}, !- Source Object
  3,                                      !- Outlet Port
  {c9111ca4-5522-4311-9357-b81a91ec1108}, !- Target Object
  18;                                     !- Inlet Port

OS:Sizing:Plant,
  {8fe9e885-670c-4fee-8ea5-71cfead6b016}, !- Handle
  {c9111ca4-5522-4311-9357-b81a91ec1108}, !- Plant or Condenser Loop Name
  Heating,                                !- Loop Type
  52.6666666666667,                       !- Design Loop Exit Temperature {C}
  5.55555555555556,                       !- Loop Design Temperature Difference {deltaC}
  NonCoincident,                          !- Sizing Option
  1,                                      !- Zone Timesteps in Averaging Window
  None;                                   !- Coincident Sizing Factor Mode

OS:AvailabilityManagerAssignmentList,
  {5abab9b2-b722-467f-a9be-0e7d032934d8}, !- Handle
  Plant Loop 1 AvailabilityManagerAssignmentList; !- Name

OS:Pipe:Adiabatic,
  {12fd2f41-72b7-4ab0-803b-364070b8197e}, !- Handle
  Pipe Adiabatic 1,                       !- Name
  {30091985-1c2f-4a7c-a532-5c72b6ee2a4c}, !- Inlet Node Name
  {a29a58f2-32b8-4a7f-aff0-6312e06c51a7}; !- Outlet Node Name

OS:Pipe:Adiabatic,
  {06bbcfd2-f2ed-4304-81ba-78ba5d72e4e7}, !- Handle
  Pipe Adiabatic 2,                       !- Name
  {a7503eeb-4015-4932-a1e2-5287599fd40e}, !- Inlet Node Name
  {7fb8a3c2-0f62-4c63-8f62-48fc1dd83ed4}; !- Outlet Node Name

OS:Node,
  {3f81a6ff-c734-4974-abdc-bfe5fde293d6}, !- Handle
  Node 16,                                !- Name
  {a29a58f2-32b8-4a7f-aff0-6312e06c51a7}, !- Inlet Port
  {b61e506f-fd09-4768-b954-9ac67910299c}; !- Outlet Port

OS:Connection,
  {30091985-1c2f-4a7c-a532-5c72b6ee2a4c}, !- Handle
  {d55434be-cc7e-4d76-8521-9af99258e2ea}, !- Source Object
  3,                                      !- Outlet Port
  {12fd2f41-72b7-4ab0-803b-364070b8197e}, !- Target Object
  2;                                      !- Inlet Port

OS:Connection,
  {a29a58f2-32b8-4a7f-aff0-6312e06c51a7}, !- Handle
  {12fd2f41-72b7-4ab0-803b-364070b8197e}, !- Source Object
  3,                                      !- Outlet Port
  {3f81a6ff-c734-4974-abdc-bfe5fde293d6}, !- Target Object
  2;                                      !- Inlet Port

OS:Connection,
  {b61e506f-fd09-4768-b954-9ac67910299c}, !- Handle
  {3f81a6ff-c734-4974-abdc-bfe5fde293d6}, !- Source Object
  3,                                      !- Outlet Port
  {f945d0ea-093f-4361-b798-02292626eb39}, !- Target Object
  3;                                      !- Inlet Port

OS:Node,
  {03bb37cb-a24c-499f-be9c-ee2a3731e239}, !- Handle
  Node 17,                                !- Name
  {c8915904-5085-46aa-9371-d094cfc6b892}, !- Inlet Port
  {a7503eeb-4015-4932-a1e2-5287599fd40e}; !- Outlet Port

OS:Connection,
  {c8915904-5085-46aa-9371-d094cfc6b892}, !- Handle
  {f945d0ea-093f-4361-b798-02292626eb39}, !- Source Object
  2,                                      !- Outlet Port
  {03bb37cb-a24c-499f-be9c-ee2a3731e239}, !- Target Object
  2;                                      !- Inlet Port

OS:Connection,
  {a7503eeb-4015-4932-a1e2-5287599fd40e}, !- Handle
  {03bb37cb-a24c-499f-be9c-ee2a3731e239}, !- Source Object
  3,                                      !- Outlet Port
  {06bbcfd2-f2ed-4304-81ba-78ba5d72e4e7}, !- Target Object
  2;                                      !- Inlet Port

OS:Connection,
  {7fb8a3c2-0f62-4c63-8f62-48fc1dd83ed4}, !- Handle
  {06bbcfd2-f2ed-4304-81ba-78ba5d72e4e7}, !- Source Object
  3,                                      !- Outlet Port
  {7182ed46-06c5-48d0-898f-768d4657835a}, !- Target Object
  2;                                      !- Inlet Port

OS:Pump:VariableSpeed,
  {b02bd39e-7cf1-4eeb-b565-3383d6b2c086}, !- Handle
  Pump Variable Speed 1,                  !- Name
  {65aabafd-13eb-49ab-af8d-c3345ccb755c}, !- Inlet Node Name
  {fea01835-f273-4996-9309-b620e319aadd}, !- Outlet Node Name
  0.01,                                   !- Rated Flow Rate {m3/s}
  1,                                      !- Rated Pump Head {Pa}
  0,                                      !- Rated Power Consumption {W}
  1,                                      !- Motor Efficiency
  0,                                      !- Fraction of Motor Inefficiencies to Fluid Stream
  0,                                      !- Coefficient 1 of the Part Load Performance Curve
  1,                                      !- Coefficient 2 of the Part Load Performance Curve
  0,                                      !- Coefficient 3 of the Part Load Performance Curve
  0,                                      !- Coefficient 4 of the Part Load Performance Curve
  ,                                       !- Minimum Flow Rate {m3/s}
  Intermittent,                           !- Pump Control Type
  ,                                       !- Pump Flow Rate Schedule Name
  ,                                       !- Pump Curve Name
  ,                                       !- Impeller Diameter {m}
  ,                                       !- VFD Control Type
  ,                                       !- Pump RPM Schedule Name
  ,                                       !- Minimum Pressure Schedule {Pa}
  ,                                       !- Maximum Pressure Schedule {Pa}
  ,                                       !- Minimum RPM Schedule {rev/min}
  ,                                       !- Maximum RPM Schedule {rev/min}
  ,                                       !- Zone Name
  0.5,                                    !- Skin Loss Radiative Fraction
  PowerPerFlowPerPressure,                !- Design Power Sizing Method
  348701.1,                               !- Design Electric Power per Unit Flow Rate {W/(m3/s)}
  1.282051282,                            !- Design Shaft Power per Unit Flow Rate per Unit Head {W-s/m3-Pa}
  0,                                      !- Design Minimum Flow Rate Fraction
  General;                                !- End-Use Subcategory

OS:Node,
  {08b9e403-2379-4df9-87ca-8f377a3f805a}, !- Handle
  Node 18,                                !- Name
  {fea01835-f273-4996-9309-b620e319aadd}, !- Inlet Port
  {a657cb48-652c-4674-ba09-8f790da9556d}; !- Outlet Port

OS:Connection,
  {65aabafd-13eb-49ab-af8d-c3345ccb755c}, !- Handle
  {69b37acb-15e4-4fec-a91f-5871fce53b3c}, !- Source Object
  3,                                      !- Outlet Port
  {b02bd39e-7cf1-4eeb-b565-3383d6b2c086}, !- Target Object
  2;                                      !- Inlet Port

OS:Connection,
  {fea01835-f273-4996-9309-b620e319aadd}, !- Handle
  {b02bd39e-7cf1-4eeb-b565-3383d6b2c086}, !- Source Object
  3,                                      !- Outlet Port
  {08b9e403-2379-4df9-87ca-8f377a3f805a}, !- Target Object
  2;                                      !- Inlet Port

OS:Connection,
  {a657cb48-652c-4674-ba09-8f790da9556d}, !- Handle
  {08b9e403-2379-4df9-87ca-8f377a3f805a}, !- Source Object
  3,                                      !- Outlet Port
  {ddf536f9-d59f-4a46-ac33-84442247e7f6}, !- Target Object
  2;                                      !- Inlet Port

OS:Schedule:Constant,
  {8a5c753e-1e41-4036-b51d-a5d71ca84863}, !- Handle
  dhw temp,                               !- Name
  {6815f7cd-e84e-4b59-8a7c-6bd3d419ff22}, !- Schedule Type Limits Name
  52.6666666666667;                       !- Value

OS:SetpointManager:Scheduled,
  {e70a4913-d22e-4e75-b5dc-827bd1a8a7ae}, !- Handle
  Setpoint Manager Scheduled 1,           !- Name
  Temperature,                            !- Control Variable
  {8a5c753e-1e41-4036-b51d-a5d71ca84863}, !- Schedule Name
  {7182ed46-06c5-48d0-898f-768d4657835a}; !- Setpoint Node or NodeList Name

OS:WaterHeater:Mixed,
  {35c5aa17-123f-4e33-b28e-2d658dfa1ade}, !- Handle
  water heater,                           !- Name
  0.143845647790854,                      !- Tank Volume {m3}
  {9defefd7-9b8d-4bba-bfc2-d07f6b8ebdf2}, !- Setpoint Temperature Schedule Name
  2,                                      !- Deadband Temperature Difference {deltaC}
  99,                                     !- Maximum Temperature Limit {C}
  Cycle,                                  !- Heater Control Type
  11136.7006665444,                       !- Heater Maximum Capacity {W}
  0,                                      !- Heater Minimum Capacity {W}
  ,                                       !- Heater Ignition Minimum Flow Rate {m3/s}
  ,                                       !- Heater Ignition Delay {s}
  NaturalGas,                             !- Heater Fuel Type
  0.774056018827943,                      !- Heater Thermal Efficiency
  ,                                       !- Part Load Factor Curve Name
  0,                                      !- Off Cycle Parasitic Fuel Consumption Rate {W}
  Electricity,                            !- Off Cycle Parasitic Fuel Type
  0,                                      !- Off Cycle Parasitic Heat Fraction to Tank
  0,                                      !- On Cycle Parasitic Fuel Consumption Rate {W}
  Electricity,                            !- On Cycle Parasitic Fuel Type
  0,                                      !- On Cycle Parasitic Heat Fraction to Tank
  ThermalZone,                            !- Ambient Temperature Indicator
  ,                                       !- Ambient Temperature Schedule Name
  {90961844-a5c1-44d4-8d26-df7a52080608}, !- Ambient Temperature Thermal Zone Name
  ,                                       !- Ambient Temperature Outdoor Air Node Name
  4.17411699860906,                       !- Off Cycle Loss Coefficient to Ambient Temperature {W/K}
  0.64,                                   !- Off Cycle Loss Fraction to Thermal Zone
  4.17411699860906,                       !- On Cycle Loss Coefficient to Ambient Temperature {W/K}
  1,                                      !- On Cycle Loss Fraction to Thermal Zone
  ,                                       !- Peak Use Flow Rate {m3/s}
  ,                                       !- Use Flow Rate Fraction Schedule Name
  ,                                       !- Cold Water Supply Temperature Schedule Name
  {dc3044a6-d0d5-4606-a25e-f45da25059e4}, !- Use Side Inlet Node Name
  {fdbdf43f-a89e-424b-acfb-296e6cc618f9}, !- Use Side Outlet Node Name
  1,                                      !- Use Side Effectiveness
  ,                                       !- Source Side Inlet Node Name
  ,                                       !- Source Side Outlet Node Name
  1,                                      !- Source Side Effectiveness
  autosize,                               !- Use Side Design Flow Rate {m3/s}
  autosize,                               !- Source Side Design Flow Rate {m3/s}
  1.5,                                    !- Indirect Water Heating Recovery Time {hr}
  IndirectHeatPrimarySetpoint,            !- Source Side Flow Control Mode
  ,                                       !- Indirect Alternate Setpoint Temperature Schedule Name
  General;                                !- End-Use Subcategory

OS:WaterHeater:Sizing,
  {c6fe0c88-c325-46e0-a6c7-51445145eb70}, !- Handle
  {35c5aa17-123f-4e33-b28e-2d658dfa1ade}, !- WaterHeater Name
  PeakDraw,                               !- Design Mode
  0.538503,                               !- Time Storage Can Meet Peak Draw {hr}
  0,                                      !- Time for Tank Recovery {hr}
  1;                                      !- Nominal Tank Volume for Autosizing Plant Connections {m3}

OS:Schedule:Constant,
  {9defefd7-9b8d-4bba-bfc2-d07f6b8ebdf2}, !- Handle
  water heater setpoint,                  !- Name
  {6815f7cd-e84e-4b59-8a7c-6bd3d419ff22}, !- Schedule Type Limits Name
  52.6666666666667;                       !- Value

OS:AdditionalProperties,
  {232b31a5-07a6-4819-9389-3848359ceebf}, !- Handle
  {35c5aa17-123f-4e33-b28e-2d658dfa1ade}, !- Object Name
  HPXML_ID,                               !- Feature Name 1
  String,                                 !- Feature Data Type 1
  WaterHeatingSystem1;                    !- Feature Value 1

OS:Node,
  {5c63727c-4251-4520-b34f-34950b0425fc}, !- Handle
  Node 19,                                !- Name
  {d31ae9a8-d04c-41ff-a7dd-a69fd8ab2260}, !- Inlet Port
  {dc3044a6-d0d5-4606-a25e-f45da25059e4}; !- Outlet Port

OS:Connection,
  {d31ae9a8-d04c-41ff-a7dd-a69fd8ab2260}, !- Handle
  {ddf536f9-d59f-4a46-ac33-84442247e7f6}, !- Source Object
  4,                                      !- Outlet Port
  {5c63727c-4251-4520-b34f-34950b0425fc}, !- Target Object
  2;                                      !- Inlet Port

OS:Node,
  {663ab4cb-e20e-449f-ae79-5105ab9b3328}, !- Handle
  Node 20,                                !- Name
  {fdbdf43f-a89e-424b-acfb-296e6cc618f9}, !- Inlet Port
  {5e867bc8-baee-4446-be37-d47e5473960d}; !- Outlet Port

OS:Connection,
  {dc3044a6-d0d5-4606-a25e-f45da25059e4}, !- Handle
  {5c63727c-4251-4520-b34f-34950b0425fc}, !- Source Object
  3,                                      !- Outlet Port
  {35c5aa17-123f-4e33-b28e-2d658dfa1ade}, !- Target Object
  31;                                     !- Inlet Port

OS:Connection,
  {fdbdf43f-a89e-424b-acfb-296e6cc618f9}, !- Handle
  {35c5aa17-123f-4e33-b28e-2d658dfa1ade}, !- Source Object
  32,                                     !- Outlet Port
  {663ab4cb-e20e-449f-ae79-5105ab9b3328}, !- Target Object
  2;                                      !- Inlet Port

OS:Connection,
  {5e867bc8-baee-4446-be37-d47e5473960d}, !- Handle
  {663ab4cb-e20e-449f-ae79-5105ab9b3328}, !- Source Object
  3,                                      !- Outlet Port
  {f945d0ea-093f-4361-b798-02292626eb39}, !- Target Object
  4;                                      !- Inlet Port

OS:OtherEquipment:Definition,
  {accf70f0-6f95-4878-86a8-3cd624d254e5}, !- Handle
  water heater energy adjustment1,        !- Name
  EquipmentLevel,                         !- Design Level Calculation Method
  0.01,                                   !- Design Level {W}
  ,                                       !- Watts per Space Floor Area {W/m2}
  ,                                       !- Watts per Person {W/Person}
  0,                                      !- Fraction Latent
  0,                                      !- Fraction Radiant
  1;                                      !- Fraction Lost

OS:OtherEquipment,
  {4409ce67-c8d0-4430-a477-baa6aba3277d}, !- Handle
  water heater energy adjustment1,        !- Name
  {accf70f0-6f95-4878-86a8-3cd624d254e5}, !- Other Equipment Definition Name
  {0ce7c95c-eaa9-4e1c-be4f-70c83b523d81}, !- Space or SpaceType Name
  {8b6f5efa-c31a-4ff7-bb79-ef5bd05a7ece}, !- Schedule Name
  ,                                       !- Multiplier
  NaturalGas,                             !- Fuel Type
  water heater energy adjustment1;        !- End-Use Subcategory

OS:AdditionalProperties,
  {3bdb5f43-a852-40f0-b5fd-288c85dcef0c}, !- Handle
  {4409ce67-c8d0-4430-a477-baa6aba3277d}, !- Object Name
  HPXML_ID,                               !- Feature Name 1
  String,                                 !- Feature Data Type 1
  WaterHeatingSystem1;                    !- Feature Value 1

OS:EnergyManagementSystem:Sensor,
  {c552713c-aae5-44d6-9586-8039c0219dbf}, !- Handle
  water_heater_energy,                    !- Name
  water heater,                           !- Output Variable or Output Meter Index Key Name
  Water Heater NaturalGas Rate;           !- Output Variable or Output Meter Name

OS:EnergyManagementSystem:Sensor,
  {8b2d1121-5230-481d-80df-6e3926e70918}, !- Handle
  water_heater_on_cycle_parasitic,        !- Name
  water heater,                           !- Output Variable or Output Meter Index Key Name
  Water Heater On Cycle Parasitic Electricity Rate; !- Output Variable or Output Meter Name

OS:EnergyManagementSystem:Sensor,
  {a8ba02c3-36b4-4c2d-8b2b-2c33ae43235d}, !- Handle
  water_heater_off_cycle_parasitic,       !- Name
  water heater,                           !- Output Variable or Output Meter Index Key Name
  Water Heater Off Cycle Parasitic Electricity Rate; !- Output Variable or Output Meter Name

OS:EnergyManagementSystem:Actuator,
  {cc13e53e-9f6b-4303-935b-23ddd72238d2}, !- Handle
  water_heater_ec_adj_act,                !- Name
  {4409ce67-c8d0-4430-a477-baa6aba3277d}, !- Actuated Component Name
  OtherEquipment,                         !- Actuated Component Type
  Power Level,                            !- Actuated Component Control Type
  {0ce7c95c-eaa9-4e1c-be4f-70c83b523d81}; !- Zone or Space Name

OS:EnergyManagementSystem:Program,
  {2895b2c8-e7ae-4647-b3f2-c55f58af4caa}, !- Handle
  water_heater_EC_adj,                    !- Name
  Set dhw_e_cons = water_heater_energy + water_heater_on_cycle_parasitic + water_heater_off_cycle_parasitic, !- Program Line 1
  Set water_heater_ec_adj_act = 0.0 * dhw_e_cons / 1; !- Program Line 2

OS:EnergyManagementSystem:ProgramCallingManager,
  {d987d239-1e54-4d3f-b619-985aaf071ed5}, !- Handle
  water heater EC_adj ProgramManager,     !- Name
  EndOfSystemTimestepBeforeHVACReporting, !- EnergyPlus Model Calling Point
  {2895b2c8-e7ae-4647-b3f2-c55f58af4caa}; !- Program Name 1

OS:WaterUse:Connections,
  {53f2dbcd-1741-414a-a24f-35a1478ba163}, !- Handle
  Water Use Connections 1,                !- Name
  {e122f552-8949-4781-9f65-84e31cd23be7}, !- Inlet Node Name
  {2ec79a59-529c-4ef2-9589-2078eccb0b17}, !- Outlet Node Name
  ,                                       !- Supply Water Storage Tank Name
  ,                                       !- Reclamation Water Storage Tank Name
  ,                                       !- Hot Water Supply Temperature Schedule Name
  ,                                       !- Cold Water Supply Temperature Schedule Name
  None,                                   !- Drain Water Heat Exchanger Type
  Plant,                                  !- Drain Water Heat Exchanger Destination
  ,                                       !- Drain Water Heat Exchanger U-Factor Times Area {W/K}
  {4269a487-2f3d-4b5b-9fbe-d859aaff643e}, !- Water Use Equipment Name 1
  {bb76e833-988b-46c2-8bbb-758d8f9c3664}; !- Water Use Equipment Name 2

OS:AdditionalProperties,
  {c7fbb8cf-75c7-4af2-a8ae-e337cd00bb5b}, !- Handle
  {53f2dbcd-1741-414a-a24f-35a1478ba163}, !- Object Name
  HPXML_ID,                               !- Feature Name 1
  String,                                 !- Feature Data Type 1
  WaterHeatingSystem1;                    !- Feature Value 1

OS:Node,
  {24e1895d-3d5b-4ba1-8df8-57a31f87d14c}, !- Handle
  Node 21,                                !- Name
  {2ec79a59-529c-4ef2-9589-2078eccb0b17}, !- Inlet Port
  {4ad7935d-619f-40ab-933a-dc86ee8f40f0}; !- Outlet Port

OS:Connection,
  {e122f552-8949-4781-9f65-84e31cd23be7}, !- Handle
  {1362a041-fe55-4235-847e-fa139c0cf8c0}, !- Source Object
  3,                                      !- Outlet Port
  {53f2dbcd-1741-414a-a24f-35a1478ba163}, !- Target Object
  2;                                      !- Inlet Port

OS:Connection,
  {2ec79a59-529c-4ef2-9589-2078eccb0b17}, !- Handle
  {53f2dbcd-1741-414a-a24f-35a1478ba163}, !- Source Object
  3,                                      !- Outlet Port
  {24e1895d-3d5b-4ba1-8df8-57a31f87d14c}, !- Target Object
  2;                                      !- Inlet Port

OS:Connection,
  {4ad7935d-619f-40ab-933a-dc86ee8f40f0}, !- Handle
  {24e1895d-3d5b-4ba1-8df8-57a31f87d14c}, !- Source Object
  3,                                      !- Outlet Port
  {e891791f-5192-4dc6-b21b-7ace68f177e5}, !- Target Object
  3;                                      !- Inlet Port

OS:Schedule:Ruleset,
  {20b2ef6f-cfff-4712-b9a9-cbfc19bfa042}, !- Handle
  fridge schedule,                        !- Name
  {73ae1be1-9d31-4719-afe4-99485051a31f}, !- Schedule Type Limits Name
  {184c404e-4d62-4c45-9bda-0d1afcb1039b}; !- Default Day Schedule Name

OS:Schedule:Day,
  {184c404e-4d62-4c45-9bda-0d1afcb1039b}, !- Handle
  fridge schedule default day,            !- Name
  {73ae1be1-9d31-4719-afe4-99485051a31f}, !- Schedule Type Limits Name
  ,                                       !- Interpolate to Timestep
  24,                                     !- Hour 1
  0,                                      !- Minute 1
  0;                                      !- Value Until Time 1

OS:Schedule:Rule,
  {88f48557-53dc-4572-b81e-d1c2985597d7}, !- Handle
  fridge schedule allday ruleset1,        !- Name
  {20b2ef6f-cfff-4712-b9a9-cbfc19bfa042}, !- Schedule Ruleset Name
  6,                                      !- Rule Order
  {994129c7-4e82-4787-9094-b597484e25db}, !- Day Schedule Name
  Yes,                                    !- Apply Sunday
  Yes,                                    !- Apply Monday
  Yes,                                    !- Apply Tuesday
  Yes,                                    !- Apply Wednesday
  Yes,                                    !- Apply Thursday
  Yes,                                    !- Apply Friday
  Yes,                                    !- Apply Saturday
  DateRange,                              !- Date Specification Type
  1,                                      !- Start Month
  1,                                      !- Start Day
  1,                                      !- End Month
  31;                                     !- End Day

OS:Schedule:Day,
  {994129c7-4e82-4787-9094-b597484e25db}, !- Handle
  fridge schedule allday1,                !- Name
  {73ae1be1-9d31-4719-afe4-99485051a31f}, !- Schedule Type Limits Name
  ,                                       !- Interpolate to Timestep
  1,                                      !- Hour 1
  0,                                      !- Minute 1
  0.610948905109489,                      !- Value Until Time 1
  2,                                      !- Hour 2
  0,                                      !- Minute 2
  0.595675182481752,                      !- Value Until Time 2
  3,                                      !- Hour 3
  0,                                      !- Minute 3
  0.580401459854014,                      !- Value Until Time 3
  4,                                      !- Hour 4
  0,                                      !- Minute 4
  0.565127737226277,                      !- Value Until Time 4
  6,                                      !- Hour 5
  0,                                      !- Minute 5
  0.54985401459854,                       !- Value Until Time 5
  7,                                      !- Hour 6
  0,                                      !- Minute 6
  0.580401459854014,                      !- Value Until Time 6
  8,                                      !- Hour 7
  0,                                      !- Minute 7
  0.610948905109489,                      !- Value Until Time 7
  10,                                     !- Hour 8
  0,                                      !- Minute 8
  0.626222627737226,                      !- Value Until Time 8
  12,                                     !- Hour 9
  0,                                      !- Minute 9
  0.610948905109489,                      !- Value Until Time 9
  15,                                     !- Hour 10
  0,                                      !- Minute 10
  0.641496350364963,                      !- Value Until Time 10
  16,                                     !- Hour 11
  0,                                      !- Minute 11
  0.626222627737226,                      !- Value Until Time 11
  17,                                     !- Hour 12
  0,                                      !- Minute 12
  0.672043795620438,                      !- Value Until Time 12
  18,                                     !- Hour 13
  0,                                      !- Minute 13
  0.733138686131387,                      !- Value Until Time 13
  19,                                     !- Hour 14
  0,                                      !- Minute 14
  0.763686131386861,                      !- Value Until Time 14
  20,                                     !- Hour 15
  0,                                      !- Minute 15
  0.733138686131387,                      !- Value Until Time 15
  21,                                     !- Hour 16
  0,                                      !- Minute 16
  0.717864963503649,                      !- Value Until Time 16
  22,                                     !- Hour 17
  0,                                      !- Minute 17
  0.702591240875912,                      !- Value Until Time 17
  23,                                     !- Hour 18
  0,                                      !- Minute 18
  0.672043795620438,                      !- Value Until Time 18
  24,                                     !- Hour 19
  0,                                      !- Minute 19
  0.626222627737226;                      !- Value Until Time 19

OS:Schedule:Rule,
  {e236596d-b207-4f02-9039-f953ee3b0154}, !- Handle
  fridge schedule allday ruleset2,        !- Name
  {20b2ef6f-cfff-4712-b9a9-cbfc19bfa042}, !- Schedule Ruleset Name
  5,                                      !- Rule Order
  {7c3ba111-de56-4ed9-a4b3-ff99c6082d9c}, !- Day Schedule Name
  Yes,                                    !- Apply Sunday
  Yes,                                    !- Apply Monday
  Yes,                                    !- Apply Tuesday
  Yes,                                    !- Apply Wednesday
  Yes,                                    !- Apply Thursday
  Yes,                                    !- Apply Friday
  Yes,                                    !- Apply Saturday
  DateRange,                              !- Date Specification Type
  2,                                      !- Start Month
  1,                                      !- Start Day
  2,                                      !- End Month
  28;                                     !- End Day

OS:Schedule:Day,
  {7c3ba111-de56-4ed9-a4b3-ff99c6082d9c}, !- Handle
  fridge schedule allday2,                !- Name
  {73ae1be1-9d31-4719-afe4-99485051a31f}, !- Schedule Type Limits Name
  ,                                       !- Interpolate to Timestep
  1,                                      !- Hour 1
  0,                                      !- Minute 1
  0.60948905109489,                       !- Value Until Time 1
  2,                                      !- Hour 2
  0,                                      !- Minute 2
  0.594251824817518,                      !- Value Until Time 2
  3,                                      !- Hour 3
  0,                                      !- Minute 3
  0.579014598540146,                      !- Value Until Time 3
  4,                                      !- Hour 4
  0,                                      !- Minute 4
  0.563777372262774,                      !- Value Until Time 4
  6,                                      !- Hour 5
  0,                                      !- Minute 5
  0.548540145985401,                      !- Value Until Time 5
  7,                                      !- Hour 6
  0,                                      !- Minute 6
  0.579014598540146,                      !- Value Until Time 6
  8,                                      !- Hour 7
  0,                                      !- Minute 7
  0.60948905109489,                       !- Value Until Time 7
  10,                                     !- Hour 8
  0,                                      !- Minute 8
  0.624726277372263,                      !- Value Until Time 8
  12,                                     !- Hour 9
  0,                                      !- Minute 9
  0.60948905109489,                       !- Value Until Time 9
  15,                                     !- Hour 10
  0,                                      !- Minute 10
  0.639963503649635,                      !- Value Until Time 10
  16,                                     !- Hour 11
  0,                                      !- Minute 11
  0.624726277372263,                      !- Value Until Time 11
  17,                                     !- Hour 12
  0,                                      !- Minute 12
  0.670437956204379,                      !- Value Until Time 12
  18,                                     !- Hour 13
  0,                                      !- Minute 13
  0.731386861313868,                      !- Value Until Time 13
  19,                                     !- Hour 14
  0,                                      !- Minute 14
  0.761861313868613,                      !- Value Until Time 14
  20,                                     !- Hour 15
  0,                                      !- Minute 15
  0.731386861313868,                      !- Value Until Time 15
  21,                                     !- Hour 16
  0,                                      !- Minute 16
  0.716149635036496,                      !- Value Until Time 16
  22,                                     !- Hour 17
  0,                                      !- Minute 17
  0.700912408759124,                      !- Value Until Time 17
  23,                                     !- Hour 18
  0,                                      !- Minute 18
  0.670437956204379,                      !- Value Until Time 18
  24,                                     !- Hour 19
  0,                                      !- Minute 19
  0.624726277372263;                      !- Value Until Time 19

OS:Schedule:Rule,
  {093d8dcf-be73-44f6-98e5-5d5a99e862d0}, !- Handle
  fridge schedule allday ruleset3,        !- Name
  {20b2ef6f-cfff-4712-b9a9-cbfc19bfa042}, !- Schedule Ruleset Name
  4,                                      !- Rule Order
  {34af8399-59d2-4771-92b7-311d42ad562e}, !- Day Schedule Name
  Yes,                                    !- Apply Sunday
  Yes,                                    !- Apply Monday
  Yes,                                    !- Apply Tuesday
  Yes,                                    !- Apply Wednesday
  Yes,                                    !- Apply Thursday
  Yes,                                    !- Apply Friday
  Yes,                                    !- Apply Saturday
  DateRange,                              !- Date Specification Type
  3,                                      !- Start Month
  1,                                      !- Start Day
  5,                                      !- End Month
  31;                                     !- End Day

OS:Schedule:Day,
  {34af8399-59d2-4771-92b7-311d42ad562e}, !- Handle
  fridge schedule allday3,                !- Name
  {73ae1be1-9d31-4719-afe4-99485051a31f}, !- Schedule Type Limits Name
  ,                                       !- Interpolate to Timestep
  1,                                      !- Hour 1
  0,                                      !- Minute 1
  0.791240875912409,                      !- Value Until Time 1
  2,                                      !- Hour 2
  0,                                      !- Minute 2
  0.771459854014598,                      !- Value Until Time 2
  3,                                      !- Hour 3
  0,                                      !- Minute 3
  0.751678832116788,                      !- Value Until Time 3
  4,                                      !- Hour 4
  0,                                      !- Minute 4
  0.731897810218978,                      !- Value Until Time 4
  6,                                      !- Hour 5
  0,                                      !- Minute 5
  0.712116788321168,                      !- Value Until Time 5
  7,                                      !- Hour 6
  0,                                      !- Minute 6
  0.751678832116788,                      !- Value Until Time 6
  8,                                      !- Hour 7
  0,                                      !- Minute 7
  0.791240875912409,                      !- Value Until Time 7
  10,                                     !- Hour 8
  0,                                      !- Minute 8
  0.811021897810219,                      !- Value Until Time 8
  12,                                     !- Hour 9
  0,                                      !- Minute 9
  0.791240875912409,                      !- Value Until Time 9
  15,                                     !- Hour 10
  0,                                      !- Minute 10
  0.830802919708029,                      !- Value Until Time 10
  16,                                     !- Hour 11
  0,                                      !- Minute 11
  0.811021897810219,                      !- Value Until Time 11
  17,                                     !- Hour 12
  0,                                      !- Minute 12
  0.87036496350365,                       !- Value Until Time 12
  18,                                     !- Hour 13
  0,                                      !- Minute 13
  0.949489051094891,                      !- Value Until Time 13
  19,                                     !- Hour 14
  0,                                      !- Minute 14
  0.989051094890511,                      !- Value Until Time 14
  20,                                     !- Hour 15
  0,                                      !- Minute 15
  0.949489051094891,                      !- Value Until Time 15
  21,                                     !- Hour 16
  0,                                      !- Minute 16
  0.92970802919708,                       !- Value Until Time 16
  22,                                     !- Hour 17
  0,                                      !- Minute 17
  0.90992700729927,                       !- Value Until Time 17
  23,                                     !- Hour 18
  0,                                      !- Minute 18
  0.87036496350365,                       !- Value Until Time 18
  24,                                     !- Hour 19
  0,                                      !- Minute 19
  0.811021897810219;                      !- Value Until Time 19

OS:Schedule:Rule,
  {a9f82c74-7c2f-4418-89cf-b7df811a8da6}, !- Handle
  fridge schedule allday ruleset6,        !- Name
  {20b2ef6f-cfff-4712-b9a9-cbfc19bfa042}, !- Schedule Ruleset Name
  3,                                      !- Rule Order
  {a79d07bd-83db-4932-b530-9bc9d531233b}, !- Day Schedule Name
  Yes,                                    !- Apply Sunday
  Yes,                                    !- Apply Monday
  Yes,                                    !- Apply Tuesday
  Yes,                                    !- Apply Wednesday
  Yes,                                    !- Apply Thursday
  Yes,                                    !- Apply Friday
  Yes,                                    !- Apply Saturday
  DateRange,                              !- Date Specification Type
  6,                                      !- Start Month
  1,                                      !- Start Day
  9,                                      !- End Month
  30;                                     !- End Day

OS:Schedule:Day,
  {a79d07bd-83db-4932-b530-9bc9d531233b}, !- Handle
  fridge schedule allday6,                !- Name
  {73ae1be1-9d31-4719-afe4-99485051a31f}, !- Schedule Type Limits Name
  ,                                       !- Interpolate to Timestep
  1,                                      !- Hour 1
  0,                                      !- Minute 1
  0.8,                                    !- Value Until Time 1
  2,                                      !- Hour 2
  0,                                      !- Minute 2
  0.78,                                   !- Value Until Time 2
  3,                                      !- Hour 3
  0,                                      !- Minute 3
  0.76,                                   !- Value Until Time 3
  4,                                      !- Hour 4
  0,                                      !- Minute 4
  0.74,                                   !- Value Until Time 4
  6,                                      !- Hour 5
  0,                                      !- Minute 5
  0.72,                                   !- Value Until Time 5
  7,                                      !- Hour 6
  0,                                      !- Minute 6
  0.76,                                   !- Value Until Time 6
  8,                                      !- Hour 7
  0,                                      !- Minute 7
  0.8,                                    !- Value Until Time 7
  10,                                     !- Hour 8
  0,                                      !- Minute 8
  0.82,                                   !- Value Until Time 8
  12,                                     !- Hour 9
  0,                                      !- Minute 9
  0.8,                                    !- Value Until Time 9
  15,                                     !- Hour 10
  0,                                      !- Minute 10
  0.84,                                   !- Value Until Time 10
  16,                                     !- Hour 11
  0,                                      !- Minute 11
  0.82,                                   !- Value Until Time 11
  17,                                     !- Hour 12
  0,                                      !- Minute 12
  0.88,                                   !- Value Until Time 12
  18,                                     !- Hour 13
  0,                                      !- Minute 13
  0.96,                                   !- Value Until Time 13
  19,                                     !- Hour 14
  0,                                      !- Minute 14
  1,                                      !- Value Until Time 14
  20,                                     !- Hour 15
  0,                                      !- Minute 15
  0.96,                                   !- Value Until Time 15
  21,                                     !- Hour 16
  0,                                      !- Minute 16
  0.94,                                   !- Value Until Time 16
  22,                                     !- Hour 17
  0,                                      !- Minute 17
  0.92,                                   !- Value Until Time 17
  23,                                     !- Hour 18
  0,                                      !- Minute 18
  0.88,                                   !- Value Until Time 18
  24,                                     !- Hour 19
  0,                                      !- Minute 19
  0.82;                                   !- Value Until Time 19

OS:Schedule:Rule,
  {e5190e87-689b-4883-8d85-feece0b45a0d}, !- Handle
  fridge schedule allday ruleset10,       !- Name
  {20b2ef6f-cfff-4712-b9a9-cbfc19bfa042}, !- Schedule Ruleset Name
  2,                                      !- Rule Order
  {57b3eb34-0505-4951-861f-b4efbc6f4699}, !- Day Schedule Name
  Yes,                                    !- Apply Sunday
  Yes,                                    !- Apply Monday
  Yes,                                    !- Apply Tuesday
  Yes,                                    !- Apply Wednesday
  Yes,                                    !- Apply Thursday
  Yes,                                    !- Apply Friday
  Yes,                                    !- Apply Saturday
  DateRange,                              !- Date Specification Type
  10,                                     !- Start Month
  1,                                      !- Start Day
  10,                                     !- End Month
  31;                                     !- End Day

OS:Schedule:Day,
  {57b3eb34-0505-4951-861f-b4efbc6f4699}, !- Handle
  fridge schedule allday10,               !- Name
  {73ae1be1-9d31-4719-afe4-99485051a31f}, !- Schedule Type Limits Name
  ,                                       !- Interpolate to Timestep
  1,                                      !- Hour 1
  0,                                      !- Minute 1
  0.67956204379562,                       !- Value Until Time 1
  2,                                      !- Hour 2
  0,                                      !- Minute 2
  0.66257299270073,                       !- Value Until Time 2
  3,                                      !- Hour 3
  0,                                      !- Minute 3
  0.645583941605839,                      !- Value Until Time 3
  4,                                      !- Hour 4
  0,                                      !- Minute 4
  0.628594890510949,                      !- Value Until Time 4
  6,                                      !- Hour 5
  0,                                      !- Minute 5
  0.611605839416058,                      !- Value Until Time 5
  7,                                      !- Hour 6
  0,                                      !- Minute 6
  0.645583941605839,                      !- Value Until Time 6
  8,                                      !- Hour 7
  0,                                      !- Minute 7
  0.67956204379562,                       !- Value Until Time 7
  10,                                     !- Hour 8
  0,                                      !- Minute 8
  0.696551094890511,                      !- Value Until Time 8
  12,                                     !- Hour 9
  0,                                      !- Minute 9
  0.67956204379562,                       !- Value Until Time 9
  15,                                     !- Hour 10
  0,                                      !- Minute 10
  0.713540145985401,                      !- Value Until Time 10
  16,                                     !- Hour 11
  0,                                      !- Minute 11
  0.696551094890511,                      !- Value Until Time 11
  17,                                     !- Hour 12
  0,                                      !- Minute 12
  0.747518248175182,                      !- Value Until Time 12
  18,                                     !- Hour 13
  0,                                      !- Minute 13
  0.815474452554744,                      !- Value Until Time 13
  19,                                     !- Hour 14
  0,                                      !- Minute 14
  0.849452554744526,                      !- Value Until Time 14
  20,                                     !- Hour 15
  0,                                      !- Minute 15
  0.815474452554744,                      !- Value Until Time 15
  21,                                     !- Hour 16
  0,                                      !- Minute 16
  0.798485401459854,                      !- Value Until Time 16
  22,                                     !- Hour 17
  0,                                      !- Minute 17
  0.781496350364963,                      !- Value Until Time 17
  23,                                     !- Hour 18
  0,                                      !- Minute 18
  0.747518248175182,                      !- Value Until Time 18
  24,                                     !- Hour 19
  0,                                      !- Minute 19
  0.696551094890511;                      !- Value Until Time 19

OS:Schedule:Rule,
  {1360a0be-3521-4719-90a4-cc389363a555}, !- Handle
  fridge schedule allday ruleset11,       !- Name
  {20b2ef6f-cfff-4712-b9a9-cbfc19bfa042}, !- Schedule Ruleset Name
  1,                                      !- Rule Order
  {19e124dc-e854-46ea-8b66-f55047a48108}, !- Day Schedule Name
  Yes,                                    !- Apply Sunday
  Yes,                                    !- Apply Monday
  Yes,                                    !- Apply Tuesday
  Yes,                                    !- Apply Wednesday
  Yes,                                    !- Apply Thursday
  Yes,                                    !- Apply Friday
  Yes,                                    !- Apply Saturday
  DateRange,                              !- Date Specification Type
  11,                                     !- Start Month
  1,                                      !- Start Day
  11,                                     !- End Month
  30;                                     !- End Day

OS:Schedule:Day,
  {19e124dc-e854-46ea-8b66-f55047a48108}, !- Handle
  fridge schedule allday11,               !- Name
  {73ae1be1-9d31-4719-afe4-99485051a31f}, !- Schedule Type Limits Name
  ,                                       !- Interpolate to Timestep
  1,                                      !- Hour 1
  0,                                      !- Minute 1
  0.675182481751825,                      !- Value Until Time 1
  2,                                      !- Hour 2
  0,                                      !- Minute 2
  0.658302919708029,                      !- Value Until Time 2
  3,                                      !- Hour 3
  0,                                      !- Minute 3
  0.641423357664234,                      !- Value Until Time 3
  4,                                      !- Hour 4
  0,                                      !- Minute 4
  0.624543795620438,                      !- Value Until Time 4
  6,                                      !- Hour 5
  0,                                      !- Minute 5
  0.607664233576642,                      !- Value Until Time 5
  7,                                      !- Hour 6
  0,                                      !- Minute 6
  0.641423357664234,                      !- Value Until Time 6
  8,                                      !- Hour 7
  0,                                      !- Minute 7
  0.675182481751825,                      !- Value Until Time 7
  10,                                     !- Hour 8
  0,                                      !- Minute 8
  0.69206204379562,                       !- Value Until Time 8
  12,                                     !- Hour 9
  0,                                      !- Minute 9
  0.675182481751825,                      !- Value Until Time 9
  15,                                     !- Hour 10
  0,                                      !- Minute 10
  0.708941605839416,                      !- Value Until Time 10
  16,                                     !- Hour 11
  0,                                      !- Minute 11
  0.69206204379562,                       !- Value Until Time 11
  17,                                     !- Hour 12
  0,                                      !- Minute 12
  0.742700729927007,                      !- Value Until Time 12
  18,                                     !- Hour 13
  0,                                      !- Minute 13
  0.81021897810219,                       !- Value Until Time 13
  19,                                     !- Hour 14
  0,                                      !- Minute 14
  0.843978102189781,                      !- Value Until Time 14
  20,                                     !- Hour 15
  0,                                      !- Minute 15
  0.81021897810219,                       !- Value Until Time 15
  21,                                     !- Hour 16
  0,                                      !- Minute 16
  0.793339416058394,                      !- Value Until Time 16
  22,                                     !- Hour 17
  0,                                      !- Minute 17
  0.776459854014598,                      !- Value Until Time 17
  23,                                     !- Hour 18
  0,                                      !- Minute 18
  0.742700729927007,                      !- Value Until Time 18
  24,                                     !- Hour 19
  0,                                      !- Minute 19
  0.69206204379562;                       !- Value Until Time 19

OS:Schedule:Rule,
  {b1a461b0-a758-4954-bcc4-72a6a731a06b}, !- Handle
  fridge schedule allday ruleset12,       !- Name
  {20b2ef6f-cfff-4712-b9a9-cbfc19bfa042}, !- Schedule Ruleset Name
  0,                                      !- Rule Order
  {41e15cb5-6975-427f-9f34-d96acb589156}, !- Day Schedule Name
  Yes,                                    !- Apply Sunday
  Yes,                                    !- Apply Monday
  Yes,                                    !- Apply Tuesday
  Yes,                                    !- Apply Wednesday
  Yes,                                    !- Apply Thursday
  Yes,                                    !- Apply Friday
  Yes,                                    !- Apply Saturday
  DateRange,                              !- Date Specification Type
  12,                                     !- Start Month
  1,                                      !- Start Day
  12,                                     !- End Month
  31;                                     !- End Day

OS:Schedule:Day,
  {41e15cb5-6975-427f-9f34-d96acb589156}, !- Handle
  fridge schedule allday12,               !- Name
  {73ae1be1-9d31-4719-afe4-99485051a31f}, !- Schedule Type Limits Name
  ,                                       !- Interpolate to Timestep
  1,                                      !- Hour 1
  0,                                      !- Minute 1
  0.610948905109489,                      !- Value Until Time 1
  2,                                      !- Hour 2
  0,                                      !- Minute 2
  0.595675182481752,                      !- Value Until Time 2
  3,                                      !- Hour 3
  0,                                      !- Minute 3
  0.580401459854014,                      !- Value Until Time 3
  4,                                      !- Hour 4
  0,                                      !- Minute 4
  0.565127737226277,                      !- Value Until Time 4
  6,                                      !- Hour 5
  0,                                      !- Minute 5
  0.54985401459854,                       !- Value Until Time 5
  7,                                      !- Hour 6
  0,                                      !- Minute 6
  0.580401459854014,                      !- Value Until Time 6
  8,                                      !- Hour 7
  0,                                      !- Minute 7
  0.610948905109489,                      !- Value Until Time 7
  10,                                     !- Hour 8
  0,                                      !- Minute 8
  0.626222627737226,                      !- Value Until Time 8
  12,                                     !- Hour 9
  0,                                      !- Minute 9
  0.610948905109489,                      !- Value Until Time 9
  15,                                     !- Hour 10
  0,                                      !- Minute 10
  0.641496350364963,                      !- Value Until Time 10
  16,                                     !- Hour 11
  0,                                      !- Minute 11
  0.626222627737226,                      !- Value Until Time 11
  17,                                     !- Hour 12
  0,                                      !- Minute 12
  0.672043795620438,                      !- Value Until Time 12
  18,                                     !- Hour 13
  0,                                      !- Minute 13
  0.733138686131387,                      !- Value Until Time 13
  19,                                     !- Hour 14
  0,                                      !- Minute 14
  0.763686131386861,                      !- Value Until Time 14
  20,                                     !- Hour 15
  0,                                      !- Minute 15
  0.733138686131387,                      !- Value Until Time 15
  21,                                     !- Hour 16
  0,                                      !- Minute 16
  0.717864963503649,                      !- Value Until Time 16
  22,                                     !- Hour 17
  0,                                      !- Minute 17
  0.702591240875912,                      !- Value Until Time 17
  23,                                     !- Hour 18
  0,                                      !- Minute 18
  0.672043795620438,                      !- Value Until Time 18
  24,                                     !- Hour 19
  0,                                      !- Minute 19
  0.626222627737226;                      !- Value Until Time 19

OS:ElectricEquipment:Definition,
  {ca5ef507-0645-42d0-a75b-8e03681f9893}, !- Handle
  fridge,                                 !- Name
  EquipmentLevel,                         !- Design Level Calculation Method
  61.6920111619754,                       !- Design Level {W}
  ,                                       !- Watts per Space Floor Area {W/m2}
  ,                                       !- Watts per Person {W/person}
  0,                                      !- Fraction Latent
  0.6,                                    !- Fraction Radiant
  0;                                      !- Fraction Lost

OS:ElectricEquipment,
  {35db808f-ee6f-4037-852d-5bd01fa45886}, !- Handle
  fridge,                                 !- Name
  {ca5ef507-0645-42d0-a75b-8e03681f9893}, !- Electric Equipment Definition Name
  {0ce7c95c-eaa9-4e1c-be4f-70c83b523d81}, !- Space or SpaceType Name
  {20b2ef6f-cfff-4712-b9a9-cbfc19bfa042}, !- Schedule Name
  ,                                       !- Multiplier
  fridge;                                 !- End-Use Subcategory

OS:Schedule:Ruleset,
  {c3006d32-3108-4200-9bd8-5984509f080a}, !- Handle
  freezer schedule,                       !- Name
  {73ae1be1-9d31-4719-afe4-99485051a31f}, !- Schedule Type Limits Name
  {70ab38bb-41ff-46ba-8a89-06c30a06e0cd}; !- Default Day Schedule Name

OS:Schedule:Day,
  {70ab38bb-41ff-46ba-8a89-06c30a06e0cd}, !- Handle
  freezer schedule default day,           !- Name
  {73ae1be1-9d31-4719-afe4-99485051a31f}, !- Schedule Type Limits Name
  ,                                       !- Interpolate to Timestep
  24,                                     !- Hour 1
  0,                                      !- Minute 1
  0;                                      !- Value Until Time 1

OS:Schedule:Rule,
  {8bcf9a10-5acf-466e-ac69-5e3aa45d06ee}, !- Handle
  freezer schedule allday ruleset1,       !- Name
  {c3006d32-3108-4200-9bd8-5984509f080a}, !- Schedule Ruleset Name
  6,                                      !- Rule Order
  {4f894eff-9e72-4260-ae5c-36af886b8651}, !- Day Schedule Name
  Yes,                                    !- Apply Sunday
  Yes,                                    !- Apply Monday
  Yes,                                    !- Apply Tuesday
  Yes,                                    !- Apply Wednesday
  Yes,                                    !- Apply Thursday
  Yes,                                    !- Apply Friday
  Yes,                                    !- Apply Saturday
  DateRange,                              !- Date Specification Type
  1,                                      !- Start Month
  1,                                      !- Start Day
  1,                                      !- End Month
  31;                                     !- End Day

OS:Schedule:Day,
  {4f894eff-9e72-4260-ae5c-36af886b8651}, !- Handle
  freezer schedule allday1,               !- Name
  {73ae1be1-9d31-4719-afe4-99485051a31f}, !- Schedule Type Limits Name
  ,                                       !- Interpolate to Timestep
  1,                                      !- Hour 1
  0,                                      !- Minute 1
  0.610948905109489,                      !- Value Until Time 1
  2,                                      !- Hour 2
  0,                                      !- Minute 2
  0.595675182481752,                      !- Value Until Time 2
  3,                                      !- Hour 3
  0,                                      !- Minute 3
  0.580401459854014,                      !- Value Until Time 3
  4,                                      !- Hour 4
  0,                                      !- Minute 4
  0.565127737226277,                      !- Value Until Time 4
  6,                                      !- Hour 5
  0,                                      !- Minute 5
  0.54985401459854,                       !- Value Until Time 5
  7,                                      !- Hour 6
  0,                                      !- Minute 6
  0.580401459854014,                      !- Value Until Time 6
  8,                                      !- Hour 7
  0,                                      !- Minute 7
  0.610948905109489,                      !- Value Until Time 7
  10,                                     !- Hour 8
  0,                                      !- Minute 8
  0.626222627737226,                      !- Value Until Time 8
  12,                                     !- Hour 9
  0,                                      !- Minute 9
  0.610948905109489,                      !- Value Until Time 9
  15,                                     !- Hour 10
  0,                                      !- Minute 10
  0.641496350364963,                      !- Value Until Time 10
  16,                                     !- Hour 11
  0,                                      !- Minute 11
  0.626222627737226,                      !- Value Until Time 11
  17,                                     !- Hour 12
  0,                                      !- Minute 12
  0.672043795620438,                      !- Value Until Time 12
  18,                                     !- Hour 13
  0,                                      !- Minute 13
  0.733138686131387,                      !- Value Until Time 13
  19,                                     !- Hour 14
  0,                                      !- Minute 14
  0.763686131386861,                      !- Value Until Time 14
  20,                                     !- Hour 15
  0,                                      !- Minute 15
  0.733138686131387,                      !- Value Until Time 15
  21,                                     !- Hour 16
  0,                                      !- Minute 16
  0.717864963503649,                      !- Value Until Time 16
  22,                                     !- Hour 17
  0,                                      !- Minute 17
  0.702591240875912,                      !- Value Until Time 17
  23,                                     !- Hour 18
  0,                                      !- Minute 18
  0.672043795620438,                      !- Value Until Time 18
  24,                                     !- Hour 19
  0,                                      !- Minute 19
  0.626222627737226;                      !- Value Until Time 19

OS:Schedule:Rule,
  {2655c5c0-04f9-47d7-9fea-5e4f85fc7f0d}, !- Handle
  freezer schedule allday ruleset2,       !- Name
  {c3006d32-3108-4200-9bd8-5984509f080a}, !- Schedule Ruleset Name
  5,                                      !- Rule Order
  {6bf4a332-e8bc-405f-979c-44416e367d04}, !- Day Schedule Name
  Yes,                                    !- Apply Sunday
  Yes,                                    !- Apply Monday
  Yes,                                    !- Apply Tuesday
  Yes,                                    !- Apply Wednesday
  Yes,                                    !- Apply Thursday
  Yes,                                    !- Apply Friday
  Yes,                                    !- Apply Saturday
  DateRange,                              !- Date Specification Type
  2,                                      !- Start Month
  1,                                      !- Start Day
  2,                                      !- End Month
  28;                                     !- End Day

OS:Schedule:Day,
  {6bf4a332-e8bc-405f-979c-44416e367d04}, !- Handle
  freezer schedule allday2,               !- Name
  {73ae1be1-9d31-4719-afe4-99485051a31f}, !- Schedule Type Limits Name
  ,                                       !- Interpolate to Timestep
  1,                                      !- Hour 1
  0,                                      !- Minute 1
  0.60948905109489,                       !- Value Until Time 1
  2,                                      !- Hour 2
  0,                                      !- Minute 2
  0.594251824817518,                      !- Value Until Time 2
  3,                                      !- Hour 3
  0,                                      !- Minute 3
  0.579014598540146,                      !- Value Until Time 3
  4,                                      !- Hour 4
  0,                                      !- Minute 4
  0.563777372262774,                      !- Value Until Time 4
  6,                                      !- Hour 5
  0,                                      !- Minute 5
  0.548540145985401,                      !- Value Until Time 5
  7,                                      !- Hour 6
  0,                                      !- Minute 6
  0.579014598540146,                      !- Value Until Time 6
  8,                                      !- Hour 7
  0,                                      !- Minute 7
  0.60948905109489,                       !- Value Until Time 7
  10,                                     !- Hour 8
  0,                                      !- Minute 8
  0.624726277372263,                      !- Value Until Time 8
  12,                                     !- Hour 9
  0,                                      !- Minute 9
  0.60948905109489,                       !- Value Until Time 9
  15,                                     !- Hour 10
  0,                                      !- Minute 10
  0.639963503649635,                      !- Value Until Time 10
  16,                                     !- Hour 11
  0,                                      !- Minute 11
  0.624726277372263,                      !- Value Until Time 11
  17,                                     !- Hour 12
  0,                                      !- Minute 12
  0.670437956204379,                      !- Value Until Time 12
  18,                                     !- Hour 13
  0,                                      !- Minute 13
  0.731386861313868,                      !- Value Until Time 13
  19,                                     !- Hour 14
  0,                                      !- Minute 14
  0.761861313868613,                      !- Value Until Time 14
  20,                                     !- Hour 15
  0,                                      !- Minute 15
  0.731386861313868,                      !- Value Until Time 15
  21,                                     !- Hour 16
  0,                                      !- Minute 16
  0.716149635036496,                      !- Value Until Time 16
  22,                                     !- Hour 17
  0,                                      !- Minute 17
  0.700912408759124,                      !- Value Until Time 17
  23,                                     !- Hour 18
  0,                                      !- Minute 18
  0.670437956204379,                      !- Value Until Time 18
  24,                                     !- Hour 19
  0,                                      !- Minute 19
  0.624726277372263;                      !- Value Until Time 19

OS:Schedule:Rule,
  {01969f68-d47a-410f-be41-889acab1453d}, !- Handle
  freezer schedule allday ruleset3,       !- Name
  {c3006d32-3108-4200-9bd8-5984509f080a}, !- Schedule Ruleset Name
  4,                                      !- Rule Order
  {81b8c600-7f1c-4267-b19d-b1f5c8419e76}, !- Day Schedule Name
  Yes,                                    !- Apply Sunday
  Yes,                                    !- Apply Monday
  Yes,                                    !- Apply Tuesday
  Yes,                                    !- Apply Wednesday
  Yes,                                    !- Apply Thursday
  Yes,                                    !- Apply Friday
  Yes,                                    !- Apply Saturday
  DateRange,                              !- Date Specification Type
  3,                                      !- Start Month
  1,                                      !- Start Day
  5,                                      !- End Month
  31;                                     !- End Day

OS:Schedule:Day,
  {81b8c600-7f1c-4267-b19d-b1f5c8419e76}, !- Handle
  freezer schedule allday3,               !- Name
  {73ae1be1-9d31-4719-afe4-99485051a31f}, !- Schedule Type Limits Name
  ,                                       !- Interpolate to Timestep
  1,                                      !- Hour 1
  0,                                      !- Minute 1
  0.791240875912409,                      !- Value Until Time 1
  2,                                      !- Hour 2
  0,                                      !- Minute 2
  0.771459854014598,                      !- Value Until Time 2
  3,                                      !- Hour 3
  0,                                      !- Minute 3
  0.751678832116788,                      !- Value Until Time 3
  4,                                      !- Hour 4
  0,                                      !- Minute 4
  0.731897810218978,                      !- Value Until Time 4
  6,                                      !- Hour 5
  0,                                      !- Minute 5
  0.712116788321168,                      !- Value Until Time 5
  7,                                      !- Hour 6
  0,                                      !- Minute 6
  0.751678832116788,                      !- Value Until Time 6
  8,                                      !- Hour 7
  0,                                      !- Minute 7
  0.791240875912409,                      !- Value Until Time 7
  10,                                     !- Hour 8
  0,                                      !- Minute 8
  0.811021897810219,                      !- Value Until Time 8
  12,                                     !- Hour 9
  0,                                      !- Minute 9
  0.791240875912409,                      !- Value Until Time 9
  15,                                     !- Hour 10
  0,                                      !- Minute 10
  0.830802919708029,                      !- Value Until Time 10
  16,                                     !- Hour 11
  0,                                      !- Minute 11
  0.811021897810219,                      !- Value Until Time 11
  17,                                     !- Hour 12
  0,                                      !- Minute 12
  0.87036496350365,                       !- Value Until Time 12
  18,                                     !- Hour 13
  0,                                      !- Minute 13
  0.949489051094891,                      !- Value Until Time 13
  19,                                     !- Hour 14
  0,                                      !- Minute 14
  0.989051094890511,                      !- Value Until Time 14
  20,                                     !- Hour 15
  0,                                      !- Minute 15
  0.949489051094891,                      !- Value Until Time 15
  21,                                     !- Hour 16
  0,                                      !- Minute 16
  0.92970802919708,                       !- Value Until Time 16
  22,                                     !- Hour 17
  0,                                      !- Minute 17
  0.90992700729927,                       !- Value Until Time 17
  23,                                     !- Hour 18
  0,                                      !- Minute 18
  0.87036496350365,                       !- Value Until Time 18
  24,                                     !- Hour 19
  0,                                      !- Minute 19
  0.811021897810219;                      !- Value Until Time 19

OS:Schedule:Rule,
  {46754fc8-9485-47ba-91fb-3204db8e4cd2}, !- Handle
  freezer schedule allday ruleset6,       !- Name
  {c3006d32-3108-4200-9bd8-5984509f080a}, !- Schedule Ruleset Name
  3,                                      !- Rule Order
  {d214e6d6-e7df-4229-b4ce-b265f80bf9e1}, !- Day Schedule Name
  Yes,                                    !- Apply Sunday
  Yes,                                    !- Apply Monday
  Yes,                                    !- Apply Tuesday
  Yes,                                    !- Apply Wednesday
  Yes,                                    !- Apply Thursday
  Yes,                                    !- Apply Friday
  Yes,                                    !- Apply Saturday
  DateRange,                              !- Date Specification Type
  6,                                      !- Start Month
  1,                                      !- Start Day
  9,                                      !- End Month
  30;                                     !- End Day

OS:Schedule:Day,
  {d214e6d6-e7df-4229-b4ce-b265f80bf9e1}, !- Handle
  freezer schedule allday6,               !- Name
  {73ae1be1-9d31-4719-afe4-99485051a31f}, !- Schedule Type Limits Name
  ,                                       !- Interpolate to Timestep
  1,                                      !- Hour 1
  0,                                      !- Minute 1
  0.8,                                    !- Value Until Time 1
  2,                                      !- Hour 2
  0,                                      !- Minute 2
  0.78,                                   !- Value Until Time 2
  3,                                      !- Hour 3
  0,                                      !- Minute 3
  0.76,                                   !- Value Until Time 3
  4,                                      !- Hour 4
  0,                                      !- Minute 4
  0.74,                                   !- Value Until Time 4
  6,                                      !- Hour 5
  0,                                      !- Minute 5
  0.72,                                   !- Value Until Time 5
  7,                                      !- Hour 6
  0,                                      !- Minute 6
  0.76,                                   !- Value Until Time 6
  8,                                      !- Hour 7
  0,                                      !- Minute 7
  0.8,                                    !- Value Until Time 7
  10,                                     !- Hour 8
  0,                                      !- Minute 8
  0.82,                                   !- Value Until Time 8
  12,                                     !- Hour 9
  0,                                      !- Minute 9
  0.8,                                    !- Value Until Time 9
  15,                                     !- Hour 10
  0,                                      !- Minute 10
  0.84,                                   !- Value Until Time 10
  16,                                     !- Hour 11
  0,                                      !- Minute 11
  0.82,                                   !- Value Until Time 11
  17,                                     !- Hour 12
  0,                                      !- Minute 12
  0.88,                                   !- Value Until Time 12
  18,                                     !- Hour 13
  0,                                      !- Minute 13
  0.96,                                   !- Value Until Time 13
  19,                                     !- Hour 14
  0,                                      !- Minute 14
  1,                                      !- Value Until Time 14
  20,                                     !- Hour 15
  0,                                      !- Minute 15
  0.96,                                   !- Value Until Time 15
  21,                                     !- Hour 16
  0,                                      !- Minute 16
  0.94,                                   !- Value Until Time 16
  22,                                     !- Hour 17
  0,                                      !- Minute 17
  0.92,                                   !- Value Until Time 17
  23,                                     !- Hour 18
  0,                                      !- Minute 18
  0.88,                                   !- Value Until Time 18
  24,                                     !- Hour 19
  0,                                      !- Minute 19
  0.82;                                   !- Value Until Time 19

OS:Schedule:Rule,
  {3cbe1bb5-7f4d-4aeb-925c-e5d563ae546b}, !- Handle
  freezer schedule allday ruleset10,      !- Name
  {c3006d32-3108-4200-9bd8-5984509f080a}, !- Schedule Ruleset Name
  2,                                      !- Rule Order
  {b0de285c-0f6f-4ed5-8914-690ef749c977}, !- Day Schedule Name
  Yes,                                    !- Apply Sunday
  Yes,                                    !- Apply Monday
  Yes,                                    !- Apply Tuesday
  Yes,                                    !- Apply Wednesday
  Yes,                                    !- Apply Thursday
  Yes,                                    !- Apply Friday
  Yes,                                    !- Apply Saturday
  DateRange,                              !- Date Specification Type
  10,                                     !- Start Month
  1,                                      !- Start Day
  10,                                     !- End Month
  31;                                     !- End Day

OS:Schedule:Day,
  {b0de285c-0f6f-4ed5-8914-690ef749c977}, !- Handle
  freezer schedule allday10,              !- Name
  {73ae1be1-9d31-4719-afe4-99485051a31f}, !- Schedule Type Limits Name
  ,                                       !- Interpolate to Timestep
  1,                                      !- Hour 1
  0,                                      !- Minute 1
  0.67956204379562,                       !- Value Until Time 1
  2,                                      !- Hour 2
  0,                                      !- Minute 2
  0.66257299270073,                       !- Value Until Time 2
  3,                                      !- Hour 3
  0,                                      !- Minute 3
  0.645583941605839,                      !- Value Until Time 3
  4,                                      !- Hour 4
  0,                                      !- Minute 4
  0.628594890510949,                      !- Value Until Time 4
  6,                                      !- Hour 5
  0,                                      !- Minute 5
  0.611605839416058,                      !- Value Until Time 5
  7,                                      !- Hour 6
  0,                                      !- Minute 6
  0.645583941605839,                      !- Value Until Time 6
  8,                                      !- Hour 7
  0,                                      !- Minute 7
  0.67956204379562,                       !- Value Until Time 7
  10,                                     !- Hour 8
  0,                                      !- Minute 8
  0.696551094890511,                      !- Value Until Time 8
  12,                                     !- Hour 9
  0,                                      !- Minute 9
  0.67956204379562,                       !- Value Until Time 9
  15,                                     !- Hour 10
  0,                                      !- Minute 10
  0.713540145985401,                      !- Value Until Time 10
  16,                                     !- Hour 11
  0,                                      !- Minute 11
  0.696551094890511,                      !- Value Until Time 11
  17,                                     !- Hour 12
  0,                                      !- Minute 12
  0.747518248175182,                      !- Value Until Time 12
  18,                                     !- Hour 13
  0,                                      !- Minute 13
  0.815474452554744,                      !- Value Until Time 13
  19,                                     !- Hour 14
  0,                                      !- Minute 14
  0.849452554744526,                      !- Value Until Time 14
  20,                                     !- Hour 15
  0,                                      !- Minute 15
  0.815474452554744,                      !- Value Until Time 15
  21,                                     !- Hour 16
  0,                                      !- Minute 16
  0.798485401459854,                      !- Value Until Time 16
  22,                                     !- Hour 17
  0,                                      !- Minute 17
  0.781496350364963,                      !- Value Until Time 17
  23,                                     !- Hour 18
  0,                                      !- Minute 18
  0.747518248175182,                      !- Value Until Time 18
  24,                                     !- Hour 19
  0,                                      !- Minute 19
  0.696551094890511;                      !- Value Until Time 19

OS:Schedule:Rule,
  {5af932ad-3a22-4028-9aa4-f85ad497af06}, !- Handle
  freezer schedule allday ruleset11,      !- Name
  {c3006d32-3108-4200-9bd8-5984509f080a}, !- Schedule Ruleset Name
  1,                                      !- Rule Order
  {1b241af4-266c-4e19-8414-5d6bb2df9fc1}, !- Day Schedule Name
  Yes,                                    !- Apply Sunday
  Yes,                                    !- Apply Monday
  Yes,                                    !- Apply Tuesday
  Yes,                                    !- Apply Wednesday
  Yes,                                    !- Apply Thursday
  Yes,                                    !- Apply Friday
  Yes,                                    !- Apply Saturday
  DateRange,                              !- Date Specification Type
  11,                                     !- Start Month
  1,                                      !- Start Day
  11,                                     !- End Month
  30;                                     !- End Day

OS:Schedule:Day,
  {1b241af4-266c-4e19-8414-5d6bb2df9fc1}, !- Handle
  freezer schedule allday11,              !- Name
  {73ae1be1-9d31-4719-afe4-99485051a31f}, !- Schedule Type Limits Name
  ,                                       !- Interpolate to Timestep
  1,                                      !- Hour 1
  0,                                      !- Minute 1
  0.675182481751825,                      !- Value Until Time 1
  2,                                      !- Hour 2
  0,                                      !- Minute 2
  0.658302919708029,                      !- Value Until Time 2
  3,                                      !- Hour 3
  0,                                      !- Minute 3
  0.641423357664234,                      !- Value Until Time 3
  4,                                      !- Hour 4
  0,                                      !- Minute 4
  0.624543795620438,                      !- Value Until Time 4
  6,                                      !- Hour 5
  0,                                      !- Minute 5
  0.607664233576642,                      !- Value Until Time 5
  7,                                      !- Hour 6
  0,                                      !- Minute 6
  0.641423357664234,                      !- Value Until Time 6
  8,                                      !- Hour 7
  0,                                      !- Minute 7
  0.675182481751825,                      !- Value Until Time 7
  10,                                     !- Hour 8
  0,                                      !- Minute 8
  0.69206204379562,                       !- Value Until Time 8
  12,                                     !- Hour 9
  0,                                      !- Minute 9
  0.675182481751825,                      !- Value Until Time 9
  15,                                     !- Hour 10
  0,                                      !- Minute 10
  0.708941605839416,                      !- Value Until Time 10
  16,                                     !- Hour 11
  0,                                      !- Minute 11
  0.69206204379562,                       !- Value Until Time 11
  17,                                     !- Hour 12
  0,                                      !- Minute 12
  0.742700729927007,                      !- Value Until Time 12
  18,                                     !- Hour 13
  0,                                      !- Minute 13
  0.81021897810219,                       !- Value Until Time 13
  19,                                     !- Hour 14
  0,                                      !- Minute 14
  0.843978102189781,                      !- Value Until Time 14
  20,                                     !- Hour 15
  0,                                      !- Minute 15
  0.81021897810219,                       !- Value Until Time 15
  21,                                     !- Hour 16
  0,                                      !- Minute 16
  0.793339416058394,                      !- Value Until Time 16
  22,                                     !- Hour 17
  0,                                      !- Minute 17
  0.776459854014598,                      !- Value Until Time 17
  23,                                     !- Hour 18
  0,                                      !- Minute 18
  0.742700729927007,                      !- Value Until Time 18
  24,                                     !- Hour 19
  0,                                      !- Minute 19
  0.69206204379562;                       !- Value Until Time 19

OS:Schedule:Rule,
  {8f3a40a1-7f0e-4e91-943d-4e330aca5f58}, !- Handle
  freezer schedule allday ruleset12,      !- Name
  {c3006d32-3108-4200-9bd8-5984509f080a}, !- Schedule Ruleset Name
  0,                                      !- Rule Order
  {696f3022-dd1d-4790-9eeb-dfe662af2b62}, !- Day Schedule Name
  Yes,                                    !- Apply Sunday
  Yes,                                    !- Apply Monday
  Yes,                                    !- Apply Tuesday
  Yes,                                    !- Apply Wednesday
  Yes,                                    !- Apply Thursday
  Yes,                                    !- Apply Friday
  Yes,                                    !- Apply Saturday
  DateRange,                              !- Date Specification Type
  12,                                     !- Start Month
  1,                                      !- Start Day
  12,                                     !- End Month
  31;                                     !- End Day

OS:Schedule:Day,
  {696f3022-dd1d-4790-9eeb-dfe662af2b62}, !- Handle
  freezer schedule allday12,              !- Name
  {73ae1be1-9d31-4719-afe4-99485051a31f}, !- Schedule Type Limits Name
  ,                                       !- Interpolate to Timestep
  1,                                      !- Hour 1
  0,                                      !- Minute 1
  0.610948905109489,                      !- Value Until Time 1
  2,                                      !- Hour 2
  0,                                      !- Minute 2
  0.595675182481752,                      !- Value Until Time 2
  3,                                      !- Hour 3
  0,                                      !- Minute 3
  0.580401459854014,                      !- Value Until Time 3
  4,                                      !- Hour 4
  0,                                      !- Minute 4
  0.565127737226277,                      !- Value Until Time 4
  6,                                      !- Hour 5
  0,                                      !- Minute 5
  0.54985401459854,                       !- Value Until Time 5
  7,                                      !- Hour 6
  0,                                      !- Minute 6
  0.580401459854014,                      !- Value Until Time 6
  8,                                      !- Hour 7
  0,                                      !- Minute 7
  0.610948905109489,                      !- Value Until Time 7
  10,                                     !- Hour 8
  0,                                      !- Minute 8
  0.626222627737226,                      !- Value Until Time 8
  12,                                     !- Hour 9
  0,                                      !- Minute 9
  0.610948905109489,                      !- Value Until Time 9
  15,                                     !- Hour 10
  0,                                      !- Minute 10
  0.641496350364963,                      !- Value Until Time 10
  16,                                     !- Hour 11
  0,                                      !- Minute 11
  0.626222627737226,                      !- Value Until Time 11
  17,                                     !- Hour 12
  0,                                      !- Minute 12
  0.672043795620438,                      !- Value Until Time 12
  18,                                     !- Hour 13
  0,                                      !- Minute 13
  0.733138686131387,                      !- Value Until Time 13
  19,                                     !- Hour 14
  0,                                      !- Minute 14
  0.763686131386861,                      !- Value Until Time 14
  20,                                     !- Hour 15
  0,                                      !- Minute 15
  0.733138686131387,                      !- Value Until Time 15
  21,                                     !- Hour 16
  0,                                      !- Minute 16
  0.717864963503649,                      !- Value Until Time 16
  22,                                     !- Hour 17
  0,                                      !- Minute 17
  0.702591240875912,                      !- Value Until Time 17
  23,                                     !- Hour 18
  0,                                      !- Minute 18
  0.672043795620438,                      !- Value Until Time 18
  24,                                     !- Hour 19
  0,                                      !- Minute 19
  0.626222627737226;                      !- Value Until Time 19

OS:ElectricEquipment:Definition,
  {dac457c3-7296-4f19-90a8-8144a97c87a8}, !- Handle
  freezer,                                !- Name
  EquipmentLevel,                         !- Design Level Calculation Method
  47.9573463212955,                       !- Design Level {W}
  ,                                       !- Watts per Space Floor Area {W/m2}
  ,                                       !- Watts per Person {W/person}
  0,                                      !- Fraction Latent
  0.6,                                    !- Fraction Radiant
  0;                                      !- Fraction Lost

OS:ElectricEquipment,
  {f8c5d912-6629-459c-9fd2-d7fd314e6fef}, !- Handle
  freezer,                                !- Name
  {dac457c3-7296-4f19-90a8-8144a97c87a8}, !- Electric Equipment Definition Name
  {0ce7c95c-eaa9-4e1c-be4f-70c83b523d81}, !- Space or SpaceType Name
  {c3006d32-3108-4200-9bd8-5984509f080a}, !- Schedule Name
  ,                                       !- Multiplier
  freezer;                                !- End-Use Subcategory

OS:Schedule:File,
  {4ba76426-248d-4b20-864a-053d81273e2e}, !- Handle
  cooking_range,                          !- Name
  {73ae1be1-9d31-4719-afe4-99485051a31f}, !- Schedule Type Limits Name
  {886b5722-01c1-4a0a-af99-37a7bfaa8e58}, !- External File Name
  4,                                      !- Column Number
  1,                                      !- Rows to Skip at Top
  8760,                                   !- Number of Hours of Data
  ,                                       !- Column Separator
  ,                                       !- Interpolate to Timestep
  15,                                     !- Minutes per Item
  ,                                       !- Adjust Schedule for Daylight Savings
  Yes;                                    !- Translate File With Relative Path

OS:ElectricEquipment:Definition,
  {c8deb571-a856-4be8-8d9d-32e8440e4095}, !- Handle
  cooking range,                          !- Name
  EquipmentLevel,                         !- Design Level Calculation Method
  1492.86173826039,                       !- Design Level {W}
  ,                                       !- Watts per Space Floor Area {W/m2}
  ,                                       !- Watts per Person {W/person}
  0.0799999999999999,                     !- Fraction Latent
  0.432,                                  !- Fraction Radiant
  0.2;                                    !- Fraction Lost

OS:ElectricEquipment,
  {d609c40d-f58d-4456-a27c-21b53a6aebf1}, !- Handle
  cooking range,                          !- Name
  {c8deb571-a856-4be8-8d9d-32e8440e4095}, !- Electric Equipment Definition Name
  {0ce7c95c-eaa9-4e1c-be4f-70c83b523d81}, !- Space or SpaceType Name
  {4ba76426-248d-4b20-864a-053d81273e2e}, !- Schedule Name
  ,                                       !- Multiplier
  cooking range;                          !- End-Use Subcategory

OS:Schedule:FixedInterval,
  {c3145d0c-d13b-4b3f-a0ea-91b790a74d55}, !- Handle
  mains temperature schedule,             !- Name
  {6815f7cd-e84e-4b59-8a7c-6bd3d419ff22}, !- Schedule Type Limits Name
  ,                                       !- Translate to Schedule File
  ,                                       !- Interpolate to Timestep
  1440,                                   !- Interval Length {minutes}
  ,                                       !- Out Of Range Value
  1,                                      !- Start Month
  1,                                      !- Start Day
  15.3322222222222,                       !- Value 1
  15.2777777777778,                       !- Value 2
  15.225,                                 !- Value 3
  15.1744444444444,                       !- Value 4
  15.125,                                 !- Value 5
  15.0777777777778,                       !- Value 6
  15.0327777777778,                       !- Value 7
  14.9888888888889,                       !- Value 8
  14.9472222222222,                       !- Value 9
  14.9077777777778,                       !- Value 10
  14.87,                                  !- Value 11
  14.8338888888889,                       !- Value 12
  14.8,                                   !- Value 13
  14.7677777777778,                       !- Value 14
  14.7377777777778,                       !- Value 15
  14.7094444444444,                       !- Value 16
  14.6833333333333,                       !- Value 17
  14.6588888888889,                       !- Value 18
  14.6366666666667,                       !- Value 19
  14.6166666666667,                       !- Value 20
  14.5983333333333,                       !- Value 21
  14.5822222222222,                       !- Value 22
  14.5677777777778,                       !- Value 23
  14.5555555555556,                       !- Value 24
  14.5455555555556,                       !- Value 25
  14.5372222222222,                       !- Value 26
  14.5305555555556,                       !- Value 27
  14.5266666666667,                       !- Value 28
  14.5244444444444,                       !- Value 29
  14.5244444444444,                       !- Value 30
  14.5261111111111,                       !- Value 31
  14.53,                                  !- Value 32
  14.5355555555556,                       !- Value 33
  14.5438888888889,                       !- Value 34
  14.5533333333333,                       !- Value 35
  14.5655555555556,                       !- Value 36
  14.5794444444444,                       !- Value 37
  14.595,                                 !- Value 38
  14.6133333333333,                       !- Value 39
  14.6333333333333,                       !- Value 40
  14.655,                                 !- Value 41
  14.6788888888889,                       !- Value 42
  14.7044444444444,                       !- Value 43
  14.7322222222222,                       !- Value 44
  14.7622222222222,                       !- Value 45
  14.7938888888889,                       !- Value 46
  14.8277777777778,                       !- Value 47
  14.8633333333333,                       !- Value 48
  14.9005555555556,                       !- Value 49
  14.94,                                  !- Value 50
  14.9811111111111,                       !- Value 51
  15.0244444444444,                       !- Value 52
  15.0694444444444,                       !- Value 53
  15.1166666666667,                       !- Value 54
  15.165,                                 !- Value 55
  15.2155555555556,                       !- Value 56
  15.2683333333333,                       !- Value 57
  15.3222222222222,                       !- Value 58
  15.3783333333333,                       !- Value 59
  15.4361111111111,                       !- Value 60
  15.4955555555556,                       !- Value 61
  15.5566666666667,                       !- Value 62
  15.6194444444444,                       !- Value 63
  15.6844444444444,                       !- Value 64
  15.7505555555556,                       !- Value 65
  15.8183333333333,                       !- Value 66
  15.8877777777778,                       !- Value 67
  15.9594444444444,                       !- Value 68
  16.0322222222222,                       !- Value 69
  16.1061111111111,                       !- Value 70
  16.1822222222222,                       !- Value 71
  16.2594444444444,                       !- Value 72
  16.3388888888889,                       !- Value 73
  16.4188888888889,                       !- Value 74
  16.5011111111111,                       !- Value 75
  16.5844444444444,                       !- Value 76
  16.6688888888889,                       !- Value 77
  16.755,                                 !- Value 78
  16.8422222222222,                       !- Value 79
  16.9311111111111,                       !- Value 80
  17.0211111111111,                       !- Value 81
  17.1127777777778,                       !- Value 82
  17.2055555555556,                       !- Value 83
  17.2994444444444,                       !- Value 84
  17.3944444444444,                       !- Value 85
  17.4905555555556,                       !- Value 86
  17.5877777777778,                       !- Value 87
  17.6861111111111,                       !- Value 88
  17.7855555555556,                       !- Value 89
  17.8861111111111,                       !- Value 90
  17.9877777777778,                       !- Value 91
  18.0905555555556,                       !- Value 92
  18.1944444444444,                       !- Value 93
  18.2988888888889,                       !- Value 94
  18.4038888888889,                       !- Value 95
  18.5105555555556,                       !- Value 96
  18.6172222222222,                       !- Value 97
  18.7255555555556,                       !- Value 98
  18.8338888888889,                       !- Value 99
  18.9433333333333,                       !- Value 100
  19.0533333333333,                       !- Value 101
  19.1644444444444,                       !- Value 102
  19.2761111111111,                       !- Value 103
  19.3877777777778,                       !- Value 104
  19.5005555555556,                       !- Value 105
  19.6138888888889,                       !- Value 106
  19.7272222222222,                       !- Value 107
  19.8416666666667,                       !- Value 108
  19.9561111111111,                       !- Value 109
  20.0711111111111,                       !- Value 110
  20.1866666666667,                       !- Value 111
  20.3022222222222,                       !- Value 112
  20.4183333333333,                       !- Value 113
  20.535,                                 !- Value 114
  20.6516666666667,                       !- Value 115
  20.7683333333333,                       !- Value 116
  20.885,                                 !- Value 117
  21.0022222222222,                       !- Value 118
  21.1194444444444,                       !- Value 119
  21.2366666666667,                       !- Value 120
  21.3538888888889,                       !- Value 121
  21.4711111111111,                       !- Value 122
  21.5883333333333,                       !- Value 123
  21.7055555555556,                       !- Value 124
  21.8227777777778,                       !- Value 125
  21.9394444444444,                       !- Value 126
  22.0561111111111,                       !- Value 127
  22.1727777777778,                       !- Value 128
  22.2888888888889,                       !- Value 129
  22.405,                                 !- Value 130
  22.5205555555556,                       !- Value 131
  22.6361111111111,                       !- Value 132
  22.7505555555556,                       !- Value 133
  22.865,                                 !- Value 134
  22.9794444444444,                       !- Value 135
  23.0927777777778,                       !- Value 136
  23.2061111111111,                       !- Value 137
  23.3183333333333,                       !- Value 138
  23.4305555555556,                       !- Value 139
  23.5416666666667,                       !- Value 140
  23.6522222222222,                       !- Value 141
  23.7622222222222,                       !- Value 142
  23.8716666666667,                       !- Value 143
  23.98,                                  !- Value 144
  24.0877777777778,                       !- Value 145
  24.1944444444444,                       !- Value 146
  24.3005555555556,                       !- Value 147
  24.4055555555556,                       !- Value 148
  24.51,                                  !- Value 149
  24.6133333333333,                       !- Value 150
  24.7155555555556,                       !- Value 151
  24.8172222222222,                       !- Value 152
  24.9172222222222,                       !- Value 153
  25.0166666666667,                       !- Value 154
  25.115,                                 !- Value 155
  25.2116666666667,                       !- Value 156
  25.3077777777778,                       !- Value 157
  25.4022222222222,                       !- Value 158
  25.4961111111111,                       !- Value 159
  25.5883333333333,                       !- Value 160
  25.6794444444444,                       !- Value 161
  25.7688888888889,                       !- Value 162
  25.8577777777778,                       !- Value 163
  25.9444444444444,                       !- Value 164
  26.0305555555556,                       !- Value 165
  26.1144444444444,                       !- Value 166
  26.1977777777778,                       !- Value 167
  26.2788888888889,                       !- Value 168
  26.3588888888889,                       !- Value 169
  26.4377777777778,                       !- Value 170
  26.515,                                 !- Value 171
  26.59,                                  !- Value 172
  26.6644444444444,                       !- Value 173
  26.7366666666667,                       !- Value 174
  26.8072222222222,                       !- Value 175
  26.8766666666667,                       !- Value 176
  26.9438888888889,                       !- Value 177
  27.01,                                  !- Value 178
  27.0738888888889,                       !- Value 179
  27.1366666666667,                       !- Value 180
  27.1972222222222,                       !- Value 181
  27.2561111111111,                       !- Value 182
  27.3133333333333,                       !- Value 183
  27.3688888888889,                       !- Value 184
  27.4227777777778,                       !- Value 185
  27.4744444444444,                       !- Value 186
  27.5244444444444,                       !- Value 187
  27.5727777777778,                       !- Value 188
  27.6194444444444,                       !- Value 189
  27.6638888888889,                       !- Value 190
  27.7066666666667,                       !- Value 191
  27.7472222222222,                       !- Value 192
  27.7861111111111,                       !- Value 193
  27.8233333333333,                       !- Value 194
  27.8583333333333,                       !- Value 195
  27.8916666666667,                       !- Value 196
  27.9227777777778,                       !- Value 197
  27.9516666666667,                       !- Value 198
  27.9794444444444,                       !- Value 199
  28.0044444444444,                       !- Value 200
  28.0277777777778,                       !- Value 201
  28.0494444444444,                       !- Value 202
  28.0688888888889,                       !- Value 203
  28.0861111111111,                       !- Value 204
  28.1016666666667,                       !- Value 205
  28.115,                                 !- Value 206
  28.1261111111111,                       !- Value 207
  28.1355555555556,                       !- Value 208
  28.1427777777778,                       !- Value 209
  28.1483333333333,                       !- Value 210
  28.1516666666667,                       !- Value 211
  28.1527777777778,                       !- Value 212
  28.1522222222222,                       !- Value 213
  28.1494444444444,                       !- Value 214
  28.1444444444444,                       !- Value 215
  28.1377777777778,                       !- Value 216
  28.1288888888889,                       !- Value 217
  28.1183333333333,                       !- Value 218
  28.1055555555556,                       !- Value 219
  28.0905555555556,                       !- Value 220
  28.0738888888889,                       !- Value 221
  28.055,                                 !- Value 222
  28.0344444444444,                       !- Value 223
  28.0116666666667,                       !- Value 224
  27.9866666666667,                       !- Value 225
  27.96,                                  !- Value 226
  27.9316666666667,                       !- Value 227
  27.9011111111111,                       !- Value 228
  27.8683333333333,                       !- Value 229
  27.8338888888889,                       !- Value 230
  27.7972222222222,                       !- Value 231
  27.7588888888889,                       !- Value 232
  27.7188888888889,                       !- Value 233
  27.6766666666667,                       !- Value 234
  27.6327777777778,                       !- Value 235
  27.5866666666667,                       !- Value 236
  27.5388888888889,                       !- Value 237
  27.4894444444444,                       !- Value 238
  27.4383333333333,                       !- Value 239
  27.385,                                 !- Value 240
  27.33,                                  !- Value 241
  27.2733333333333,                       !- Value 242
  27.2144444444444,                       !- Value 243
  27.1544444444444,                       !- Value 244
  27.0922222222222,                       !- Value 245
  27.0288888888889,                       !- Value 246
  26.9633333333333,                       !- Value 247
  26.8966666666667,                       !- Value 248
  26.8277777777778,                       !- Value 249
  26.7572222222222,                       !- Value 250
  26.6855555555556,                       !- Value 251
  26.6122222222222,                       !- Value 252
  26.5372222222222,                       !- Value 253
  26.4605555555556,                       !- Value 254
  26.3822222222222,                       !- Value 255
  26.3027777777778,                       !- Value 256
  26.2216666666667,                       !- Value 257
  26.1388888888889,                       !- Value 258
  26.055,                                 !- Value 259
  25.97,                                  !- Value 260
  25.8833333333333,                       !- Value 261
  25.795,                                 !- Value 262
  25.7055555555556,                       !- Value 263
  25.615,                                 !- Value 264
  25.5233333333333,                       !- Value 265
  25.43,                                  !- Value 266
  25.3355555555556,                       !- Value 267
  25.24,                                  !- Value 268
  25.1433333333333,                       !- Value 269
  25.0455555555556,                       !- Value 270
  24.9466666666667,                       !- Value 271
  24.8466666666667,                       !- Value 272
  24.7455555555556,                       !- Value 273
  24.6433333333333,                       !- Value 274
  24.5405555555556,                       !- Value 275
  24.4366666666667,                       !- Value 276
  24.3316666666667,                       !- Value 277
  24.2255555555556,                       !- Value 278
  24.1188888888889,                       !- Value 279
  24.0116666666667,                       !- Value 280
  23.9033333333333,                       !- Value 281
  23.7944444444444,                       !- Value 282
  23.6844444444444,                       !- Value 283
  23.5738888888889,                       !- Value 284
  23.4627777777778,                       !- Value 285
  23.3511111111111,                       !- Value 286
  23.2388888888889,                       !- Value 287
  23.1261111111111,                       !- Value 288
  23.0127777777778,                       !- Value 289
  22.8988888888889,                       !- Value 290
  22.7844444444444,                       !- Value 291
  22.6694444444444,                       !- Value 292
  22.5544444444444,                       !- Value 293
  22.4388888888889,                       !- Value 294
  22.3227777777778,                       !- Value 295
  22.2066666666667,                       !- Value 296
  22.0905555555556,                       !- Value 297
  21.9738888888889,                       !- Value 298
  21.8566666666667,                       !- Value 299
  21.74,                                  !- Value 300
  21.6227777777778,                       !- Value 301
  21.5055555555556,                       !- Value 302
  21.3883333333333,                       !- Value 303
  21.2711111111111,                       !- Value 304
  21.1538888888889,                       !- Value 305
  21.0366666666667,                       !- Value 306
  20.9194444444444,                       !- Value 307
  20.8022222222222,                       !- Value 308
  20.6855555555556,                       !- Value 309
  20.5688888888889,                       !- Value 310
  20.4527777777778,                       !- Value 311
  20.3366666666667,                       !- Value 312
  20.2205555555556,                       !- Value 313
  20.105,                                 !- Value 314
  19.99,                                  !- Value 315
  19.875,                                 !- Value 316
  19.7611111111111,                       !- Value 317
  19.6472222222222,                       !- Value 318
  19.5338888888889,                       !- Value 319
  19.4211111111111,                       !- Value 320
  19.3088888888889,                       !- Value 321
  19.1972222222222,                       !- Value 322
  19.0861111111111,                       !- Value 323
  18.9755555555556,                       !- Value 324
  18.8661111111111,                       !- Value 325
  18.7572222222222,                       !- Value 326
  18.6488888888889,                       !- Value 327
  18.5416666666667,                       !- Value 328
  18.435,                                 !- Value 329
  18.3294444444444,                       !- Value 330
  18.2244444444444,                       !- Value 331
  18.1211111111111,                       !- Value 332
  18.0177777777778,                       !- Value 333
  17.9161111111111,                       !- Value 334
  17.815,                                 !- Value 335
  17.7155555555556,                       !- Value 336
  17.6166666666667,                       !- Value 337
  17.5188888888889,                       !- Value 338
  17.4222222222222,                       !- Value 339
  17.3266666666667,                       !- Value 340
  17.2327777777778,                       !- Value 341
  17.14,                                  !- Value 342
  17.0477777777778,                       !- Value 343
  16.9577777777778,                       !- Value 344
  16.8683333333333,                       !- Value 345
  16.7805555555556,                       !- Value 346
  16.6938888888889,                       !- Value 347
  16.6088888888889,                       !- Value 348
  16.525,                                 !- Value 349
  16.4427777777778,                       !- Value 350
  16.3622222222222,                       !- Value 351
  16.2827777777778,                       !- Value 352
  16.205,                                 !- Value 353
  16.1283333333333,                       !- Value 354
  16.0538888888889,                       !- Value 355
  15.9805555555556,                       !- Value 356
  15.9088888888889,                       !- Value 357
  15.8388888888889,                       !- Value 358
  15.77,                                  !- Value 359
  15.7033333333333,                       !- Value 360
  15.6383333333333,                       !- Value 361
  15.575,                                 !- Value 362
  15.5133333333333,                       !- Value 363
  15.4533333333333,                       !- Value 364
  15.395;                                 !- Value 365

OS:Site:WaterMainsTemperature,
  {b246f619-243a-4cd5-a1f3-e29d02e00ac6}, !- Handle
  Schedule,                               !- Calculation Method
  {c3145d0c-d13b-4b3f-a0ea-91b790a74d55}; !- Temperature Schedule Name

OS:Schedule:Constant,
  {220e3a03-1470-400f-8384-383ac4ca6755}, !- Handle
  mixed water temperature schedule,       !- Name
  {6815f7cd-e84e-4b59-8a7c-6bd3d419ff22}, !- Schedule Type Limits Name
  40.5555555555556;                       !- Value

OS:Schedule:File,
  {fd5161c6-f258-4ca6-b1d2-23d4baff4dc0}, !- Handle
  hot_water_fixtures,                     !- Name
  {73ae1be1-9d31-4719-afe4-99485051a31f}, !- Schedule Type Limits Name
  {886b5722-01c1-4a0a-af99-37a7bfaa8e58}, !- External File Name
  13,                                     !- Column Number
  1,                                      !- Rows to Skip at Top
  8760,                                   !- Number of Hours of Data
  ,                                       !- Column Separator
  ,                                       !- Interpolate to Timestep
  15,                                     !- Minutes per Item
  ,                                       !- Adjust Schedule for Daylight Savings
  Yes;                                    !- Translate File With Relative Path

OS:WaterUse:Equipment:Definition,
  {5dfd21c2-6a07-429a-b5ee-0f40c24d2c16}, !- Handle
  dhw fixtures,                           !- Name
  dhw fixtures,                           !- End-Use Subcategory
  1.80439934712612e-05,                   !- Peak Flow Rate {m3/s}
  {220e3a03-1470-400f-8384-383ac4ca6755}; !- Target Temperature Schedule Name

OS:WaterUse:Equipment,
  {4269a487-2f3d-4b5b-9fbe-d859aaff643e}, !- Handle
  dhw fixtures,                           !- Name
  {5dfd21c2-6a07-429a-b5ee-0f40c24d2c16}, !- Water Use Equipment Definition Name
  ,                                       !- Space Name
  {fd5161c6-f258-4ca6-b1d2-23d4baff4dc0}; !- Flow Rate Fraction Schedule Name

OS:WaterUse:Equipment:Definition,
  {8ac18573-f18b-47f3-8dd6-9d1ad7dd985b}, !- Handle
  dhw distribution waste,                 !- Name
  dhw distribution waste,                 !- End-Use Subcategory
  5.48897443444697e-06,                   !- Peak Flow Rate {m3/s}
  {220e3a03-1470-400f-8384-383ac4ca6755}; !- Target Temperature Schedule Name

OS:WaterUse:Equipment,
  {bb76e833-988b-46c2-8bbb-758d8f9c3664}, !- Handle
  dhw distribution waste,                 !- Name
  {8ac18573-f18b-47f3-8dd6-9d1ad7dd985b}, !- Water Use Equipment Definition Name
  ,                                       !- Space Name
  {fd5161c6-f258-4ca6-b1d2-23d4baff4dc0}; !- Flow Rate Fraction Schedule Name

OS:OtherEquipment:Definition,
  {1130ce33-07e3-4135-b521-f75672b302f3}, !- Handle
  water sensible,                         !- Name
  EquipmentLevel,                         !- Design Level Calculation Method
  -394.243807502897,                      !- Design Level {W}
  ,                                       !- Watts per Space Floor Area {W/m2}
  ,                                       !- Watts per Person {W/Person}
  0,                                      !- Fraction Latent
  0.6,                                    !- Fraction Radiant
  0;                                      !- Fraction Lost

OS:OtherEquipment,
  {b8e4dc49-3442-4e5a-b686-b432d606e3ec}, !- Handle
  water sensible,                         !- Name
  {1130ce33-07e3-4135-b521-f75672b302f3}, !- Other Equipment Definition Name
  {0ce7c95c-eaa9-4e1c-be4f-70c83b523d81}, !- Space or SpaceType Name
  {fd5161c6-f258-4ca6-b1d2-23d4baff4dc0}, !- Schedule Name
  ,                                       !- Multiplier
  None,                                   !- Fuel Type
  water sensible;                         !- End-Use Subcategory

OS:OtherEquipment:Definition,
  {aa134be4-daa5-42a7-8090-3fe5b37b2ad3}, !- Handle
  water latent,                           !- Name
  EquipmentLevel,                         !- Design Level Calculation Method
  400.027335241326,                       !- Design Level {W}
  ,                                       !- Watts per Space Floor Area {W/m2}
  ,                                       !- Watts per Person {W/Person}
  1,                                      !- Fraction Latent
  0,                                      !- Fraction Radiant
  0;                                      !- Fraction Lost

OS:OtherEquipment,
  {dcbc878a-2455-4f56-bb28-e464e4f9e229}, !- Handle
  water latent,                           !- Name
  {aa134be4-daa5-42a7-8090-3fe5b37b2ad3}, !- Other Equipment Definition Name
  {0ce7c95c-eaa9-4e1c-be4f-70c83b523d81}, !- Space or SpaceType Name
  {fd5161c6-f258-4ca6-b1d2-23d4baff4dc0}, !- Schedule Name
  ,                                       !- Multiplier
  None,                                   !- Fuel Type
  water latent;                           !- End-Use Subcategory

OS:Schedule:File,
  {b622795f-092b-4b54-94de-f1105d8cd483}, !- Handle
  plug_loads_other,                       !- Name
  {73ae1be1-9d31-4719-afe4-99485051a31f}, !- Schedule Type Limits Name
  {886b5722-01c1-4a0a-af99-37a7bfaa8e58}, !- External File Name
  9,                                      !- Column Number
  1,                                      !- Rows to Skip at Top
  8760,                                   !- Number of Hours of Data
  ,                                       !- Column Separator
  ,                                       !- Interpolate to Timestep
  15,                                     !- Minutes per Item
  ,                                       !- Adjust Schedule for Daylight Savings
  Yes;                                    !- Translate File With Relative Path

OS:ElectricEquipment:Definition,
  {283794fb-62bf-4b52-9a61-7ab52c86cc3f}, !- Handle
  misc plug loads,                        !- Name
  EquipmentLevel,                         !- Design Level Calculation Method
  245.475063899506,                       !- Design Level {W}
  ,                                       !- Watts per Space Floor Area {W/m2}
  ,                                       !- Watts per Person {W/person}
  0.021,                                  !- Fraction Latent
  0.558,                                  !- Fraction Radiant
  0.0489999999999999;                     !- Fraction Lost

OS:ElectricEquipment,
  {95edd877-a3e0-4945-bfa0-aab53765ecb4}, !- Handle
  misc plug loads,                        !- Name
  {283794fb-62bf-4b52-9a61-7ab52c86cc3f}, !- Electric Equipment Definition Name
  {0ce7c95c-eaa9-4e1c-be4f-70c83b523d81}, !- Space or SpaceType Name
  {b622795f-092b-4b54-94de-f1105d8cd483}, !- Schedule Name
  ,                                       !- Multiplier
  misc plug loads;                        !- End-Use Subcategory

OS:Schedule:File,
  {396b088c-6583-48f8-8a3e-4ad537e2fe6d}, !- Handle
  lighting_interior,                      !- Name
  {73ae1be1-9d31-4719-afe4-99485051a31f}, !- Schedule Type Limits Name
  {886b5722-01c1-4a0a-af99-37a7bfaa8e58}, !- External File Name
  2,                                      !- Column Number
  1,                                      !- Rows to Skip at Top
  8760,                                   !- Number of Hours of Data
  ,                                       !- Column Separator
  ,                                       !- Interpolate to Timestep
  15,                                     !- Minutes per Item
  ,                                       !- Adjust Schedule for Daylight Savings
  Yes;                                    !- Translate File With Relative Path

OS:Lights:Definition,
  {7a3e1865-e433-4d4a-b199-9a235e28ebc5}, !- Handle
  interior lighting,                      !- Name
  LightingLevel,                          !- Design Level Calculation Method
  1250.52454673821,                       !- Lighting Level {W}
  ,                                       !- Watts per Space Floor Area {W/m2}
  ,                                       !- Watts per Person {W/person}
  0.6,                                    !- Fraction Radiant
  0.2,                                    !- Fraction Visible
  0;                                      !- Return Air Fraction

OS:Lights,
  {1c2ab478-f9e3-497d-9879-1794cb0cd6cd}, !- Handle
  interior lighting,                      !- Name
  {7a3e1865-e433-4d4a-b199-9a235e28ebc5}, !- Lights Definition Name
  {0ce7c95c-eaa9-4e1c-be4f-70c83b523d81}, !- Space or SpaceType Name
  {396b088c-6583-48f8-8a3e-4ad537e2fe6d}, !- Schedule Name
  1,                                      !- Fraction Replaceable
  ,                                       !- Multiplier
  interior lighting;                      !- End-Use Subcategory

OS:Schedule:Ruleset,
  {bcbf8b8f-27f0-40c5-95d8-4bccd768142e}, !- Handle
  exterior lighting schedule,             !- Name
  {73ae1be1-9d31-4719-afe4-99485051a31f}, !- Schedule Type Limits Name
  {aefd77cb-dbf6-46dc-a217-d1718f8dfb2a}; !- Default Day Schedule Name

OS:Schedule:Day,
  {aefd77cb-dbf6-46dc-a217-d1718f8dfb2a}, !- Handle
  exterior lighting schedule default day, !- Name
  {73ae1be1-9d31-4719-afe4-99485051a31f}, !- Schedule Type Limits Name
  ,                                       !- Interpolate to Timestep
  24,                                     !- Hour 1
  0,                                      !- Minute 1
  0;                                      !- Value Until Time 1

OS:Schedule:Rule,
  {129db7ae-93df-4d61-84f0-66abe92f2780}, !- Handle
  exterior lighting schedule weekday ruleset1, !- Name
  {bcbf8b8f-27f0-40c5-95d8-4bccd768142e}, !- Schedule Ruleset Name
  21,                                     !- Rule Order
  {0a977a0e-b076-4a73-8196-c58bd9151f6b}, !- Day Schedule Name
  ,                                       !- Apply Sunday
  Yes,                                    !- Apply Monday
  Yes,                                    !- Apply Tuesday
  Yes,                                    !- Apply Wednesday
  Yes,                                    !- Apply Thursday
  Yes,                                    !- Apply Friday
  ,                                       !- Apply Saturday
  DateRange,                              !- Date Specification Type
  1,                                      !- Start Month
  1,                                      !- Start Day
  1,                                      !- End Month
  31;                                     !- End Day

OS:Schedule:Day,
  {0a977a0e-b076-4a73-8196-c58bd9151f6b}, !- Handle
  exterior lighting schedule weekday1,    !- Name
  {73ae1be1-9d31-4719-afe4-99485051a31f}, !- Schedule Type Limits Name
  ,                                       !- Interpolate to Timestep
  5,                                      !- Hour 1
  0,                                      !- Minute 1
  0.434958518013411,                      !- Value Until Time 1
  6,                                      !- Hour 2
  0,                                      !- Minute 2
  0.349857938402091,                      !- Value Until Time 2
  7,                                      !- Hour 3
  0,                                      !- Minute 3
  0.330946698488465,                      !- Value Until Time 3
  8,                                      !- Hour 4
  0,                                      !- Minute 4
  0.321491078531651,                      !- Value Until Time 4
  9,                                      !- Hour 5
  0,                                      !- Minute 5
  0.312035458574838,                      !- Value Until Time 5
  10,                                     !- Hour 6
  0,                                      !- Minute 6
  0.264757358790772,                      !- Value Until Time 6
  11,                                     !- Hour 7
  0,                                      !- Minute 7
  0.208023639049892,                      !- Value Until Time 7
  12,                                     !- Hour 8
  0,                                      !- Minute 8
  0.141834299352199,                      !- Value Until Time 8
  13,                                     !- Hour 9
  0,                                      !- Minute 9
  0.113467439481759,                      !- Value Until Time 9
  15,                                     !- Hour 10
  0,                                      !- Minute 10
  0.104011819524946,                      !- Value Until Time 10
  16,                                     !- Hour 11
  0,                                      !- Minute 11
  0.113467439481759,                      !- Value Until Time 11
  17,                                     !- Hour 12
  0,                                      !- Minute 12
  0.179656779179452,                      !- Value Until Time 12
  18,                                     !- Hour 13
  0,                                      !- Minute 13
  0.349857938402091,                      !- Value Until Time 13
  19,                                     !- Hour 14
  0,                                      !- Minute 14
  0.463325377883851,                      !- Value Until Time 14
  20,                                     !- Hour 15
  0,                                      !- Minute 15
  0.614615297192863,                      !- Value Until Time 15
  21,                                     !- Hour 16
  0,                                      !- Minute 16
  0.860461416070008,                      !- Value Until Time 16
  22,                                     !- Hour 17
  0,                                      !- Minute 17
  0.992840095465394,                      !- Value Until Time 17
  23,                                     !- Hour 18
  0,                                      !- Minute 18
  0.860461416070008,                      !- Value Until Time 18
  24,                                     !- Hour 19
  0,                                      !- Minute 19
  0.595704057279236;                      !- Value Until Time 19

OS:Schedule:Rule,
  {182b703a-e0be-4481-b780-f3e97fe20d58}, !- Handle
  exterior lighting schedule weekend ruleset1, !- Name
  {bcbf8b8f-27f0-40c5-95d8-4bccd768142e}, !- Schedule Ruleset Name
  20,                                     !- Rule Order
  {5138d468-8e75-4171-9b26-b43adae53755}, !- Day Schedule Name
  Yes,                                    !- Apply Sunday
  ,                                       !- Apply Monday
  ,                                       !- Apply Tuesday
  ,                                       !- Apply Wednesday
  ,                                       !- Apply Thursday
  ,                                       !- Apply Friday
  Yes,                                    !- Apply Saturday
  DateRange,                              !- Date Specification Type
  1,                                      !- Start Month
  1,                                      !- Start Day
  1,                                      !- End Month
  31;                                     !- End Day

OS:Schedule:Day,
  {5138d468-8e75-4171-9b26-b43adae53755}, !- Handle
  exterior lighting schedule weekend1,    !- Name
  {73ae1be1-9d31-4719-afe4-99485051a31f}, !- Schedule Type Limits Name
  ,                                       !- Interpolate to Timestep
  2,                                      !- Hour 1
  0,                                      !- Minute 1
  0.434958518013411,                      !- Value Until Time 1
  4,                                      !- Hour 2
  0,                                      !- Minute 2
  0.425502898056597,                      !- Value Until Time 2
  5,                                      !- Hour 3
  0,                                      !- Minute 3
  0.434958518013411,                      !- Value Until Time 3
  6,                                      !- Hour 4
  0,                                      !- Minute 4
  0.425502898056597,                      !- Value Until Time 4
  7,                                      !- Hour 5
  0,                                      !- Minute 5
  0.416047278099784,                      !- Value Until Time 5
  8,                                      !- Hour 6
  0,                                      !- Minute 6
  0.387680418229344,                      !- Value Until Time 6
  9,                                      !- Hour 7
  0,                                      !- Minute 7
  0.340402318445278,                      !- Value Until Time 7
  10,                                     !- Hour 8
  0,                                      !- Minute 8
  0.283668598704398,                      !- Value Until Time 8
  11,                                     !- Hour 9
  0,                                      !- Minute 9
  0.226934878963519,                      !- Value Until Time 9
  12,                                     !- Hour 10
  0,                                      !- Minute 10
  0.151289919309012,                      !- Value Until Time 10
  13,                                     !- Hour 11
  0,                                      !- Minute 11
  0.113467439481759,                      !- Value Until Time 11
  15,                                     !- Hour 12
  0,                                      !- Minute 12
  0.104011819524946,                      !- Value Until Time 12
  16,                                     !- Hour 13
  0,                                      !- Minute 13
  0.113467439481759,                      !- Value Until Time 13
  17,                                     !- Hour 14
  0,                                      !- Minute 14
  0.179656779179452,                      !- Value Until Time 14
  18,                                     !- Hour 15
  0,                                      !- Minute 15
  0.359313558358904,                      !- Value Until Time 15
  19,                                     !- Hour 16
  0,                                      !- Minute 16
  0.453869757927037,                      !- Value Until Time 16
  20,                                     !- Hour 17
  0,                                      !- Minute 17
  0.567337197408797,                      !- Value Until Time 17
  21,                                     !- Hour 18
  0,                                      !- Minute 18
  0.784816456415502,                      !- Value Until Time 18
  22,                                     !- Hour 19
  0,                                      !- Minute 19
  0.926650755767701,                      !- Value Until Time 19
  23,                                     !- Hour 20
  0,                                      !- Minute 20
  0.803727696329128,                      !- Value Until Time 20
  24,                                     !- Hour 21
  0,                                      !- Minute 21
  0.557881577451983;                      !- Value Until Time 21

OS:Schedule:Rule,
  {cd03fada-9642-4ec4-8b08-651d3ad3a7dc}, !- Handle
  exterior lighting schedule weekday ruleset2, !- Name
  {bcbf8b8f-27f0-40c5-95d8-4bccd768142e}, !- Schedule Ruleset Name
  19,                                     !- Rule Order
  {2f72ab90-b93e-4b9e-aa42-2c1ce94fccbf}, !- Day Schedule Name
  ,                                       !- Apply Sunday
  Yes,                                    !- Apply Monday
  Yes,                                    !- Apply Tuesday
  Yes,                                    !- Apply Wednesday
  Yes,                                    !- Apply Thursday
  Yes,                                    !- Apply Friday
  ,                                       !- Apply Saturday
  DateRange,                              !- Date Specification Type
  2,                                      !- Start Month
  1,                                      !- Start Day
  2,                                      !- End Month
  28;                                     !- End Day

OS:Schedule:Day,
  {2f72ab90-b93e-4b9e-aa42-2c1ce94fccbf}, !- Handle
  exterior lighting schedule weekday2,    !- Name
  {73ae1be1-9d31-4719-afe4-99485051a31f}, !- Schedule Type Limits Name
  ,                                       !- Interpolate to Timestep
  5,                                      !- Hour 1
  0,                                      !- Minute 1
  0.438095238095238,                      !- Value Until Time 1
  6,                                      !- Hour 2
  0,                                      !- Minute 2
  0.352380952380952,                      !- Value Until Time 2
  7,                                      !- Hour 3
  0,                                      !- Minute 3
  0.333333333333333,                      !- Value Until Time 3
  8,                                      !- Hour 4
  0,                                      !- Minute 4
  0.323809523809524,                      !- Value Until Time 4
  9,                                      !- Hour 5
  0,                                      !- Minute 5
  0.314285714285714,                      !- Value Until Time 5
  10,                                     !- Hour 6
  0,                                      !- Minute 6
  0.266666666666667,                      !- Value Until Time 6
  11,                                     !- Hour 7
  0,                                      !- Minute 7
  0.20952380952381,                       !- Value Until Time 7
  12,                                     !- Hour 8
  0,                                      !- Minute 8
  0.142857142857143,                      !- Value Until Time 8
  13,                                     !- Hour 9
  0,                                      !- Minute 9
  0.114285714285714,                      !- Value Until Time 9
  15,                                     !- Hour 10
  0,                                      !- Minute 10
  0.104761904761905,                      !- Value Until Time 10
  16,                                     !- Hour 11
  0,                                      !- Minute 11
  0.114285714285714,                      !- Value Until Time 11
  17,                                     !- Hour 12
  0,                                      !- Minute 12
  0.180952380952381,                      !- Value Until Time 12
  18,                                     !- Hour 13
  0,                                      !- Minute 13
  0.352380952380952,                      !- Value Until Time 13
  19,                                     !- Hour 14
  0,                                      !- Minute 14
  0.466666666666667,                      !- Value Until Time 14
  20,                                     !- Hour 15
  0,                                      !- Minute 15
  0.619047619047619,                      !- Value Until Time 15
  21,                                     !- Hour 16
  0,                                      !- Minute 16
  0.866666666666667,                      !- Value Until Time 16
  22,                                     !- Hour 17
  0,                                      !- Minute 17
  1,                                      !- Value Until Time 17
  23,                                     !- Hour 18
  0,                                      !- Minute 18
  0.866666666666667,                      !- Value Until Time 18
  24,                                     !- Hour 19
  0,                                      !- Minute 19
  0.6;                                    !- Value Until Time 19

OS:Schedule:Rule,
  {f975d40f-3045-4d47-924f-a79a30cde1c1}, !- Handle
  exterior lighting schedule weekend ruleset2, !- Name
  {bcbf8b8f-27f0-40c5-95d8-4bccd768142e}, !- Schedule Ruleset Name
  18,                                     !- Rule Order
  {ac7178aa-f8d1-4f49-b352-873d2feb83ec}, !- Day Schedule Name
  Yes,                                    !- Apply Sunday
  ,                                       !- Apply Monday
  ,                                       !- Apply Tuesday
  ,                                       !- Apply Wednesday
  ,                                       !- Apply Thursday
  ,                                       !- Apply Friday
  Yes,                                    !- Apply Saturday
  DateRange,                              !- Date Specification Type
  2,                                      !- Start Month
  1,                                      !- Start Day
  2,                                      !- End Month
  28;                                     !- End Day

OS:Schedule:Day,
  {ac7178aa-f8d1-4f49-b352-873d2feb83ec}, !- Handle
  exterior lighting schedule weekend2,    !- Name
  {73ae1be1-9d31-4719-afe4-99485051a31f}, !- Schedule Type Limits Name
  ,                                       !- Interpolate to Timestep
  2,                                      !- Hour 1
  0,                                      !- Minute 1
  0.438095238095238,                      !- Value Until Time 1
  4,                                      !- Hour 2
  0,                                      !- Minute 2
  0.428571428571429,                      !- Value Until Time 2
  5,                                      !- Hour 3
  0,                                      !- Minute 3
  0.438095238095238,                      !- Value Until Time 3
  6,                                      !- Hour 4
  0,                                      !- Minute 4
  0.428571428571429,                      !- Value Until Time 4
  7,                                      !- Hour 5
  0,                                      !- Minute 5
  0.419047619047619,                      !- Value Until Time 5
  8,                                      !- Hour 6
  0,                                      !- Minute 6
  0.390476190476191,                      !- Value Until Time 6
  9,                                      !- Hour 7
  0,                                      !- Minute 7
  0.342857142857143,                      !- Value Until Time 7
  10,                                     !- Hour 8
  0,                                      !- Minute 8
  0.285714285714286,                      !- Value Until Time 8
  11,                                     !- Hour 9
  0,                                      !- Minute 9
  0.228571428571429,                      !- Value Until Time 9
  12,                                     !- Hour 10
  0,                                      !- Minute 10
  0.152380952380952,                      !- Value Until Time 10
  13,                                     !- Hour 11
  0,                                      !- Minute 11
  0.114285714285714,                      !- Value Until Time 11
  15,                                     !- Hour 12
  0,                                      !- Minute 12
  0.104761904761905,                      !- Value Until Time 12
  16,                                     !- Hour 13
  0,                                      !- Minute 13
  0.114285714285714,                      !- Value Until Time 13
  17,                                     !- Hour 14
  0,                                      !- Minute 14
  0.180952380952381,                      !- Value Until Time 14
  18,                                     !- Hour 15
  0,                                      !- Minute 15
  0.361904761904762,                      !- Value Until Time 15
  19,                                     !- Hour 16
  0,                                      !- Minute 16
  0.457142857142857,                      !- Value Until Time 16
  20,                                     !- Hour 17
  0,                                      !- Minute 17
  0.571428571428571,                      !- Value Until Time 17
  21,                                     !- Hour 18
  0,                                      !- Minute 18
  0.790476190476191,                      !- Value Until Time 18
  22,                                     !- Hour 19
  0,                                      !- Minute 19
  0.933333333333333,                      !- Value Until Time 19
  23,                                     !- Hour 20
  0,                                      !- Minute 20
  0.80952380952381,                       !- Value Until Time 20
  24,                                     !- Hour 21
  0,                                      !- Minute 21
  0.561904761904762;                      !- Value Until Time 21

OS:Schedule:Rule,
  {12e18992-11db-4511-b173-14d2a713437c}, !- Handle
  exterior lighting schedule weekday ruleset3, !- Name
  {bcbf8b8f-27f0-40c5-95d8-4bccd768142e}, !- Schedule Ruleset Name
  17,                                     !- Rule Order
  {4535ff8f-f5bd-48be-a5a6-e0fd53e1b22f}, !- Day Schedule Name
  ,                                       !- Apply Sunday
  Yes,                                    !- Apply Monday
  Yes,                                    !- Apply Tuesday
  Yes,                                    !- Apply Wednesday
  Yes,                                    !- Apply Thursday
  Yes,                                    !- Apply Friday
  ,                                       !- Apply Saturday
  DateRange,                              !- Date Specification Type
  3,                                      !- Start Month
  1,                                      !- Start Day
  3,                                      !- End Month
  31;                                     !- End Day

OS:Schedule:Day,
  {4535ff8f-f5bd-48be-a5a6-e0fd53e1b22f}, !- Handle
  exterior lighting schedule weekday3,    !- Name
  {73ae1be1-9d31-4719-afe4-99485051a31f}, !- Schedule Type Limits Name
  ,                                       !- Interpolate to Timestep
  5,                                      !- Hour 1
  0,                                      !- Minute 1
  0.346084782361632,                      !- Value Until Time 1
  6,                                      !- Hour 2
  0,                                      !- Minute 2
  0.278372542334356,                      !- Value Until Time 2
  7,                                      !- Hour 3
  0,                                      !- Minute 3
  0.26332537788385,                       !- Value Until Time 3
  8,                                      !- Hour 4
  0,                                      !- Minute 4
  0.255801795658598,                      !- Value Until Time 4
  9,                                      !- Hour 5
  0,                                      !- Minute 5
  0.248278213433345,                      !- Value Until Time 5
  10,                                     !- Hour 6
  0,                                      !- Minute 6
  0.21066030230708,                       !- Value Until Time 6
  11,                                     !- Hour 7
  0,                                      !- Minute 7
  0.165518808955563,                      !- Value Until Time 7
  12,                                     !- Hour 8
  0,                                      !- Minute 8
  0.112853733378793,                      !- Value Until Time 8
  13,                                     !- Hour 9
  0,                                      !- Minute 9
  0.0902829867030344,                     !- Value Until Time 9
  15,                                     !- Hour 10
  0,                                      !- Minute 10
  0.0827594044777816,                     !- Value Until Time 10
  16,                                     !- Hour 11
  0,                                      !- Minute 11
  0.0902829867030344,                     !- Value Until Time 11
  17,                                     !- Hour 12
  0,                                      !- Minute 12
  0.142948062279805,                      !- Value Until Time 12
  18,                                     !- Hour 13
  0,                                      !- Minute 13
  0.278372542334356,                      !- Value Until Time 13
  19,                                     !- Hour 14
  0,                                      !- Minute 14
  0.368655529037391,                      !- Value Until Time 14
  20,                                     !- Hour 15
  0,                                      !- Minute 15
  0.489032844641437,                      !- Value Until Time 15
  21,                                     !- Hour 16
  0,                                      !- Minute 16
  0.684645982498011,                      !- Value Until Time 16
  22,                                     !- Hour 17
  0,                                      !- Minute 17
  0.789976133651551,                      !- Value Until Time 17
  23,                                     !- Hour 18
  0,                                      !- Minute 18
  0.684645982498011,                      !- Value Until Time 18
  24,                                     !- Hour 19
  0,                                      !- Minute 19
  0.473985680190931;                      !- Value Until Time 19

OS:Schedule:Rule,
  {be2ec615-47b0-4cb1-9b93-56963c41e525}, !- Handle
  exterior lighting schedule weekend ruleset3, !- Name
  {bcbf8b8f-27f0-40c5-95d8-4bccd768142e}, !- Schedule Ruleset Name
  16,                                     !- Rule Order
  {e81afb20-20f4-4218-b5de-44676d0f58e0}, !- Day Schedule Name
  Yes,                                    !- Apply Sunday
  ,                                       !- Apply Monday
  ,                                       !- Apply Tuesday
  ,                                       !- Apply Wednesday
  ,                                       !- Apply Thursday
  ,                                       !- Apply Friday
  Yes,                                    !- Apply Saturday
  DateRange,                              !- Date Specification Type
  3,                                      !- Start Month
  1,                                      !- Start Day
  3,                                      !- End Month
  31;                                     !- End Day

OS:Schedule:Day,
  {e81afb20-20f4-4218-b5de-44676d0f58e0}, !- Handle
  exterior lighting schedule weekend3,    !- Name
  {73ae1be1-9d31-4719-afe4-99485051a31f}, !- Schedule Type Limits Name
  ,                                       !- Interpolate to Timestep
  2,                                      !- Hour 1
  0,                                      !- Minute 1
  0.346084782361632,                      !- Value Until Time 1
  4,                                      !- Hour 2
  0,                                      !- Minute 2
  0.338561200136379,                      !- Value Until Time 2
  5,                                      !- Hour 3
  0,                                      !- Minute 3
  0.346084782361632,                      !- Value Until Time 3
  6,                                      !- Hour 4
  0,                                      !- Minute 4
  0.338561200136379,                      !- Value Until Time 4
  7,                                      !- Hour 5
  0,                                      !- Minute 5
  0.331037617911126,                      !- Value Until Time 5
  8,                                      !- Hour 6
  0,                                      !- Minute 6
  0.308466871235368,                      !- Value Until Time 6
  9,                                      !- Hour 7
  0,                                      !- Minute 7
  0.270848960109103,                      !- Value Until Time 7
  10,                                     !- Hour 8
  0,                                      !- Minute 8
  0.225707466757586,                      !- Value Until Time 8
  11,                                     !- Hour 9
  0,                                      !- Minute 9
  0.180565973406069,                      !- Value Until Time 9
  12,                                     !- Hour 10
  0,                                      !- Minute 10
  0.120377315604046,                      !- Value Until Time 10
  13,                                     !- Hour 11
  0,                                      !- Minute 11
  0.0902829867030344,                     !- Value Until Time 11
  15,                                     !- Hour 12
  0,                                      !- Minute 12
  0.0827594044777816,                     !- Value Until Time 12
  16,                                     !- Hour 13
  0,                                      !- Minute 13
  0.0902829867030344,                     !- Value Until Time 13
  17,                                     !- Hour 14
  0,                                      !- Minute 14
  0.142948062279805,                      !- Value Until Time 14
  18,                                     !- Hour 15
  0,                                      !- Minute 15
  0.285896124559609,                      !- Value Until Time 15
  19,                                     !- Hour 16
  0,                                      !- Minute 16
  0.361131946812138,                      !- Value Until Time 16
  20,                                     !- Hour 17
  0,                                      !- Minute 17
  0.451414933515172,                      !- Value Until Time 17
  21,                                     !- Hour 18
  0,                                      !- Minute 18
  0.624457324695988,                      !- Value Until Time 18
  22,                                     !- Hour 19
  0,                                      !- Minute 19
  0.737311058074781,                      !- Value Until Time 19
  23,                                     !- Hour 20
  0,                                      !- Minute 20
  0.639504489146494,                      !- Value Until Time 20
  24,                                     !- Hour 21
  0,                                      !- Minute 21
  0.443891351289919;                      !- Value Until Time 21

OS:Schedule:Rule,
  {de1dbb60-da22-40ca-86f3-86f368ff3b26}, !- Handle
  exterior lighting schedule weekday ruleset4, !- Name
  {bcbf8b8f-27f0-40c5-95d8-4bccd768142e}, !- Schedule Ruleset Name
  15,                                     !- Rule Order
  {53c46e63-c11a-4f12-a216-c41766ba531c}, !- Day Schedule Name
  ,                                       !- Apply Sunday
  Yes,                                    !- Apply Monday
  Yes,                                    !- Apply Tuesday
  Yes,                                    !- Apply Wednesday
  Yes,                                    !- Apply Thursday
  Yes,                                    !- Apply Friday
  ,                                       !- Apply Saturday
  DateRange,                              !- Date Specification Type
  4,                                      !- Start Month
  1,                                      !- Start Day
  4,                                      !- End Month
  30;                                     !- End Day

OS:Schedule:Day,
  {53c46e63-c11a-4f12-a216-c41766ba531c}, !- Handle
  exterior lighting schedule weekday4,    !- Name
  {73ae1be1-9d31-4719-afe4-99485051a31f}, !- Schedule Type Limits Name
  ,                                       !- Interpolate to Timestep
  5,                                      !- Hour 1
  0,                                      !- Minute 1
  0.344690684547486,                      !- Value Until Time 1
  6,                                      !- Hour 2
  0,                                      !- Minute 2
  0.277251202788196,                      !- Value Until Time 2
  7,                                      !- Hour 3
  0,                                      !- Minute 3
  0.262264651286131,                      !- Value Until Time 3
  8,                                      !- Hour 4
  0,                                      !- Minute 4
  0.254771375535099,                      !- Value Until Time 4
  9,                                      !- Hour 5
  0,                                      !- Minute 5
  0.247278099784066,                      !- Value Until Time 5
  10,                                     !- Hour 6
  0,                                      !- Minute 6
  0.209811721028905,                      !- Value Until Time 6
  11,                                     !- Hour 7
  0,                                      !- Minute 7
  0.164852066522711,                      !- Value Until Time 7
  12,                                     !- Hour 8
  0,                                      !- Minute 8
  0.112399136265485,                      !- Value Until Time 8
  13,                                     !- Hour 9
  0,                                      !- Minute 9
  0.0899193090123878,                     !- Value Until Time 9
  15,                                     !- Hour 10
  0,                                      !- Minute 10
  0.0824260332613555,                     !- Value Until Time 10
  16,                                     !- Hour 11
  0,                                      !- Minute 11
  0.0899193090123878,                     !- Value Until Time 11
  17,                                     !- Hour 12
  0,                                      !- Minute 12
  0.142372239269614,                      !- Value Until Time 12
  18,                                     !- Hour 13
  0,                                      !- Minute 13
  0.277251202788196,                      !- Value Until Time 13
  19,                                     !- Hour 14
  0,                                      !- Minute 14
  0.367170511800583,                      !- Value Until Time 14
  20,                                     !- Hour 15
  0,                                      !- Minute 15
  0.4870629238171,                        !- Value Until Time 15
  21,                                     !- Hour 16
  0,                                      !- Minute 16
  0.681888093343941,                      !- Value Until Time 16
  22,                                     !- Hour 17
  0,                                      !- Minute 17
  0.786793953858393,                      !- Value Until Time 17
  23,                                     !- Hour 18
  0,                                      !- Minute 18
  0.681888093343941,                      !- Value Until Time 18
  24,                                     !- Hour 19
  0,                                      !- Minute 19
  0.472076372315036;                      !- Value Until Time 19

OS:Schedule:Rule,
  {7cbf66fa-db54-4981-b214-1452e3af98b7}, !- Handle
  exterior lighting schedule weekend ruleset4, !- Name
  {bcbf8b8f-27f0-40c5-95d8-4bccd768142e}, !- Schedule Ruleset Name
  14,                                     !- Rule Order
  {54990835-1297-49fc-ac97-d5c9197132c7}, !- Day Schedule Name
  Yes,                                    !- Apply Sunday
  ,                                       !- Apply Monday
  ,                                       !- Apply Tuesday
  ,                                       !- Apply Wednesday
  ,                                       !- Apply Thursday
  ,                                       !- Apply Friday
  Yes,                                    !- Apply Saturday
  DateRange,                              !- Date Specification Type
  4,                                      !- Start Month
  1,                                      !- Start Day
  4,                                      !- End Month
  30;                                     !- End Day

OS:Schedule:Day,
  {54990835-1297-49fc-ac97-d5c9197132c7}, !- Handle
  exterior lighting schedule weekend4,    !- Name
  {73ae1be1-9d31-4719-afe4-99485051a31f}, !- Schedule Type Limits Name
  ,                                       !- Interpolate to Timestep
  2,                                      !- Hour 1
  0,                                      !- Minute 1
  0.344690684547486,                      !- Value Until Time 1
  4,                                      !- Hour 2
  0,                                      !- Minute 2
  0.337197408796454,                      !- Value Until Time 2
  5,                                      !- Hour 3
  0,                                      !- Minute 3
  0.344690684547486,                      !- Value Until Time 3
  6,                                      !- Hour 4
  0,                                      !- Minute 4
  0.337197408796454,                      !- Value Until Time 4
  7,                                      !- Hour 5
  0,                                      !- Minute 5
  0.329704133045422,                      !- Value Until Time 5
  8,                                      !- Hour 6
  0,                                      !- Minute 6
  0.307224305792325,                      !- Value Until Time 6
  9,                                      !- Hour 7
  0,                                      !- Minute 7
  0.269757927037163,                      !- Value Until Time 7
  10,                                     !- Hour 8
  0,                                      !- Minute 8
  0.224798272530969,                      !- Value Until Time 8
  11,                                     !- Hour 9
  0,                                      !- Minute 9
  0.179838618024776,                      !- Value Until Time 9
  12,                                     !- Hour 10
  0,                                      !- Minute 10
  0.119892412016517,                      !- Value Until Time 10
  13,                                     !- Hour 11
  0,                                      !- Minute 11
  0.0899193090123878,                     !- Value Until Time 11
  15,                                     !- Hour 12
  0,                                      !- Minute 12
  0.0824260332613555,                     !- Value Until Time 12
  16,                                     !- Hour 13
  0,                                      !- Minute 13
  0.0899193090123878,                     !- Value Until Time 13
  17,                                     !- Hour 14
  0,                                      !- Minute 14
  0.142372239269614,                      !- Value Until Time 14
  18,                                     !- Hour 15
  0,                                      !- Minute 15
  0.284744478539228,                      !- Value Until Time 15
  19,                                     !- Hour 16
  0,                                      !- Minute 16
  0.359677236049551,                      !- Value Until Time 16
  20,                                     !- Hour 17
  0,                                      !- Minute 17
  0.449596545061939,                      !- Value Until Time 17
  21,                                     !- Hour 18
  0,                                      !- Minute 18
  0.621941887335682,                      !- Value Until Time 18
  22,                                     !- Hour 19
  0,                                      !- Minute 19
  0.734341023601167,                      !- Value Until Time 19
  23,                                     !- Hour 20
  0,                                      !- Minute 20
  0.636928438837747,                      !- Value Until Time 20
  24,                                     !- Hour 21
  0,                                      !- Minute 21
  0.442103269310907;                      !- Value Until Time 21

OS:Schedule:Rule,
  {54f1e1f6-7198-4e82-9cea-f975d6a42d0e}, !- Handle
  exterior lighting schedule weekday ruleset5, !- Name
  {bcbf8b8f-27f0-40c5-95d8-4bccd768142e}, !- Schedule Ruleset Name
  13,                                     !- Rule Order
  {eee40f83-74fa-43e4-97ce-1eb45e5a1ed8}, !- Day Schedule Name
  ,                                       !- Apply Sunday
  Yes,                                    !- Apply Monday
  Yes,                                    !- Apply Tuesday
  Yes,                                    !- Apply Wednesday
  Yes,                                    !- Apply Thursday
  Yes,                                    !- Apply Friday
  ,                                       !- Apply Saturday
  DateRange,                              !- Date Specification Type
  5,                                      !- Start Month
  1,                                      !- Start Day
  5,                                      !- End Month
  31;                                     !- End Day

OS:Schedule:Day,
  {eee40f83-74fa-43e4-97ce-1eb45e5a1ed8}, !- Handle
  exterior lighting schedule weekday5,    !- Name
  {73ae1be1-9d31-4719-afe4-99485051a31f}, !- Schedule Type Limits Name
  ,                                       !- Interpolate to Timestep
  5,                                      !- Hour 1
  0,                                      !- Minute 1
  0.346084782361632,                      !- Value Until Time 1
  6,                                      !- Hour 2
  0,                                      !- Minute 2
  0.278372542334356,                      !- Value Until Time 2
  7,                                      !- Hour 3
  0,                                      !- Minute 3
  0.26332537788385,                       !- Value Until Time 3
  8,                                      !- Hour 4
  0,                                      !- Minute 4
  0.255801795658598,                      !- Value Until Time 4
  9,                                      !- Hour 5
  0,                                      !- Minute 5
  0.248278213433345,                      !- Value Until Time 5
  10,                                     !- Hour 6
  0,                                      !- Minute 6
  0.21066030230708,                       !- Value Until Time 6
  11,                                     !- Hour 7
  0,                                      !- Minute 7
  0.165518808955563,                      !- Value Until Time 7
  12,                                     !- Hour 8
  0,                                      !- Minute 8
  0.112853733378793,                      !- Value Until Time 8
  13,                                     !- Hour 9
  0,                                      !- Minute 9
  0.0902829867030344,                     !- Value Until Time 9
  15,                                     !- Hour 10
  0,                                      !- Minute 10
  0.0827594044777816,                     !- Value Until Time 10
  16,                                     !- Hour 11
  0,                                      !- Minute 11
  0.0902829867030344,                     !- Value Until Time 11
  17,                                     !- Hour 12
  0,                                      !- Minute 12
  0.142948062279805,                      !- Value Until Time 12
  18,                                     !- Hour 13
  0,                                      !- Minute 13
  0.278372542334356,                      !- Value Until Time 13
  19,                                     !- Hour 14
  0,                                      !- Minute 14
  0.368655529037391,                      !- Value Until Time 14
  20,                                     !- Hour 15
  0,                                      !- Minute 15
  0.489032844641437,                      !- Value Until Time 15
  21,                                     !- Hour 16
  0,                                      !- Minute 16
  0.684645982498011,                      !- Value Until Time 16
  22,                                     !- Hour 17
  0,                                      !- Minute 17
  0.789976133651551,                      !- Value Until Time 17
  23,                                     !- Hour 18
  0,                                      !- Minute 18
  0.684645982498011,                      !- Value Until Time 18
  24,                                     !- Hour 19
  0,                                      !- Minute 19
  0.473985680190931;                      !- Value Until Time 19

OS:Schedule:Rule,
  {10019ddc-c3bd-46a6-87b7-ebacaf72957a}, !- Handle
  exterior lighting schedule weekend ruleset5, !- Name
  {bcbf8b8f-27f0-40c5-95d8-4bccd768142e}, !- Schedule Ruleset Name
  12,                                     !- Rule Order
  {1b4610ce-b1f9-4185-b828-932d9fba3cd6}, !- Day Schedule Name
  Yes,                                    !- Apply Sunday
  ,                                       !- Apply Monday
  ,                                       !- Apply Tuesday
  ,                                       !- Apply Wednesday
  ,                                       !- Apply Thursday
  ,                                       !- Apply Friday
  Yes,                                    !- Apply Saturday
  DateRange,                              !- Date Specification Type
  5,                                      !- Start Month
  1,                                      !- Start Day
  5,                                      !- End Month
  31;                                     !- End Day

OS:Schedule:Day,
  {1b4610ce-b1f9-4185-b828-932d9fba3cd6}, !- Handle
  exterior lighting schedule weekend5,    !- Name
  {73ae1be1-9d31-4719-afe4-99485051a31f}, !- Schedule Type Limits Name
  ,                                       !- Interpolate to Timestep
  2,                                      !- Hour 1
  0,                                      !- Minute 1
  0.346084782361632,                      !- Value Until Time 1
  4,                                      !- Hour 2
  0,                                      !- Minute 2
  0.338561200136379,                      !- Value Until Time 2
  5,                                      !- Hour 3
  0,                                      !- Minute 3
  0.346084782361632,                      !- Value Until Time 3
  6,                                      !- Hour 4
  0,                                      !- Minute 4
  0.338561200136379,                      !- Value Until Time 4
  7,                                      !- Hour 5
  0,                                      !- Minute 5
  0.331037617911126,                      !- Value Until Time 5
  8,                                      !- Hour 6
  0,                                      !- Minute 6
  0.308466871235368,                      !- Value Until Time 6
  9,                                      !- Hour 7
  0,                                      !- Minute 7
  0.270848960109103,                      !- Value Until Time 7
  10,                                     !- Hour 8
  0,                                      !- Minute 8
  0.225707466757586,                      !- Value Until Time 8
  11,                                     !- Hour 9
  0,                                      !- Minute 9
  0.180565973406069,                      !- Value Until Time 9
  12,                                     !- Hour 10
  0,                                      !- Minute 10
  0.120377315604046,                      !- Value Until Time 10
  13,                                     !- Hour 11
  0,                                      !- Minute 11
  0.0902829867030344,                     !- Value Until Time 11
  15,                                     !- Hour 12
  0,                                      !- Minute 12
  0.0827594044777816,                     !- Value Until Time 12
  16,                                     !- Hour 13
  0,                                      !- Minute 13
  0.0902829867030344,                     !- Value Until Time 13
  17,                                     !- Hour 14
  0,                                      !- Minute 14
  0.142948062279805,                      !- Value Until Time 14
  18,                                     !- Hour 15
  0,                                      !- Minute 15
  0.285896124559609,                      !- Value Until Time 15
  19,                                     !- Hour 16
  0,                                      !- Minute 16
  0.361131946812138,                      !- Value Until Time 16
  20,                                     !- Hour 17
  0,                                      !- Minute 17
  0.451414933515172,                      !- Value Until Time 17
  21,                                     !- Hour 18
  0,                                      !- Minute 18
  0.624457324695988,                      !- Value Until Time 18
  22,                                     !- Hour 19
  0,                                      !- Minute 19
  0.737311058074781,                      !- Value Until Time 19
  23,                                     !- Hour 20
  0,                                      !- Minute 20
  0.639504489146494,                      !- Value Until Time 20
  24,                                     !- Hour 21
  0,                                      !- Minute 21
  0.443891351289919;                      !- Value Until Time 21

OS:Schedule:Rule,
  {f5530ebc-e458-4665-8ab0-25643d6c8597}, !- Handle
  exterior lighting schedule weekday ruleset6, !- Name
  {bcbf8b8f-27f0-40c5-95d8-4bccd768142e}, !- Schedule Ruleset Name
  11,                                     !- Rule Order
  {98d54004-baea-4e6e-ad71-fcd70e89a186}, !- Day Schedule Name
  ,                                       !- Apply Sunday
  Yes,                                    !- Apply Monday
  Yes,                                    !- Apply Tuesday
  Yes,                                    !- Apply Wednesday
  Yes,                                    !- Apply Thursday
  Yes,                                    !- Apply Friday
  ,                                       !- Apply Saturday
  DateRange,                              !- Date Specification Type
  6,                                      !- Start Month
  1,                                      !- Start Day
  6,                                      !- End Month
  30;                                     !- End Day

OS:Schedule:Day,
  {98d54004-baea-4e6e-ad71-fcd70e89a186}, !- Handle
  exterior lighting schedule weekday6,    !- Name
  {73ae1be1-9d31-4719-afe4-99485051a31f}, !- Schedule Type Limits Name
  ,                                       !- Interpolate to Timestep
  5,                                      !- Hour 1
  0,                                      !- Minute 1
  0.288229723074592,                      !- Value Until Time 1
  6,                                      !- Hour 2
  0,                                      !- Minute 2
  0.231836951168693,                      !- Value Until Time 2
  7,                                      !- Hour 3
  0,                                      !- Minute 3
  0.219305224078494,                      !- Value Until Time 3
  8,                                      !- Hour 4
  0,                                      !- Minute 4
  0.213039360533394,                      !- Value Until Time 4
  9,                                      !- Hour 5
  0,                                      !- Minute 5
  0.206773496988294,                      !- Value Until Time 5
  10,                                     !- Hour 6
  0,                                      !- Minute 6
  0.175444179262795,                      !- Value Until Time 6
  11,                                     !- Hour 7
  0,                                      !- Minute 7
  0.137848997992196,                      !- Value Until Time 7
  12,                                     !- Hour 8
  0,                                      !- Minute 8
  0.0939879531764973,                     !- Value Until Time 8
  13,                                     !- Hour 9
  0,                                      !- Minute 9
  0.0751903625411979,                     !- Value Until Time 9
  15,                                     !- Hour 10
  0,                                      !- Minute 10
  0.068924498996098,                      !- Value Until Time 10
  16,                                     !- Hour 11
  0,                                      !- Minute 11
  0.0751903625411979,                     !- Value Until Time 11
  17,                                     !- Hour 12
  0,                                      !- Minute 12
  0.119051407356897,                      !- Value Until Time 12
  18,                                     !- Hour 13
  0,                                      !- Minute 13
  0.231836951168693,                      !- Value Until Time 13
  19,                                     !- Hour 14
  0,                                      !- Minute 14
  0.307027313709891,                      !- Value Until Time 14
  20,                                     !- Hour 15
  0,                                      !- Minute 15
  0.407281130431488,                      !- Value Until Time 15
  21,                                     !- Hour 16
  0,                                      !- Minute 16
  0.570193582604084,                      !- Value Until Time 16
  22,                                     !- Hour 17
  0,                                      !- Minute 17
  0.657915672235481,                      !- Value Until Time 17
  23,                                     !- Hour 18
  0,                                      !- Minute 18
  0.570193582604084,                      !- Value Until Time 18
  24,                                     !- Hour 19
  0,                                      !- Minute 19
  0.394749403341289;                      !- Value Until Time 19

OS:Schedule:Rule,
  {4b94918a-ea79-4b51-aebb-08b6e5c2f254}, !- Handle
  exterior lighting schedule weekend ruleset6, !- Name
  {bcbf8b8f-27f0-40c5-95d8-4bccd768142e}, !- Schedule Ruleset Name
  10,                                     !- Rule Order
  {c1b0c716-8ebf-40a9-9ce0-2cd60ef334d3}, !- Day Schedule Name
  Yes,                                    !- Apply Sunday
  ,                                       !- Apply Monday
  ,                                       !- Apply Tuesday
  ,                                       !- Apply Wednesday
  ,                                       !- Apply Thursday
  ,                                       !- Apply Friday
  Yes,                                    !- Apply Saturday
  DateRange,                              !- Date Specification Type
  6,                                      !- Start Month
  1,                                      !- Start Day
  6,                                      !- End Month
  30;                                     !- End Day

OS:Schedule:Day,
  {c1b0c716-8ebf-40a9-9ce0-2cd60ef334d3}, !- Handle
  exterior lighting schedule weekend6,    !- Name
  {73ae1be1-9d31-4719-afe4-99485051a31f}, !- Schedule Type Limits Name
  ,                                       !- Interpolate to Timestep
  2,                                      !- Hour 1
  0,                                      !- Minute 1
  0.288229723074592,                      !- Value Until Time 1
  4,                                      !- Hour 2
  0,                                      !- Minute 2
  0.281963859529492,                      !- Value Until Time 2
  5,                                      !- Hour 3
  0,                                      !- Minute 3
  0.288229723074592,                      !- Value Until Time 3
  6,                                      !- Hour 4
  0,                                      !- Minute 4
  0.281963859529492,                      !- Value Until Time 4
  7,                                      !- Hour 5
  0,                                      !- Minute 5
  0.275697995984392,                      !- Value Until Time 5
  8,                                      !- Hour 6
  0,                                      !- Minute 6
  0.256900405349093,                      !- Value Until Time 6
  9,                                      !- Hour 7
  0,                                      !- Minute 7
  0.225571087623594,                      !- Value Until Time 7
  10,                                     !- Hour 8
  0,                                      !- Minute 8
  0.187975906352995,                      !- Value Until Time 8
  11,                                     !- Hour 9
  0,                                      !- Minute 9
  0.150380725082396,                      !- Value Until Time 9
  12,                                     !- Hour 10
  0,                                      !- Minute 10
  0.100253816721597,                      !- Value Until Time 10
  13,                                     !- Hour 11
  0,                                      !- Minute 11
  0.0751903625411979,                     !- Value Until Time 11
  15,                                     !- Hour 12
  0,                                      !- Minute 12
  0.068924498996098,                      !- Value Until Time 12
  16,                                     !- Hour 13
  0,                                      !- Minute 13
  0.0751903625411979,                     !- Value Until Time 13
  17,                                     !- Hour 14
  0,                                      !- Minute 14
  0.119051407356897,                      !- Value Until Time 14
  18,                                     !- Hour 15
  0,                                      !- Minute 15
  0.238102814713793,                      !- Value Until Time 15
  19,                                     !- Hour 16
  0,                                      !- Minute 16
  0.300761450164791,                      !- Value Until Time 16
  20,                                     !- Hour 17
  0,                                      !- Minute 17
  0.375951812705989,                      !- Value Until Time 17
  21,                                     !- Hour 18
  0,                                      !- Minute 18
  0.520066674243285,                      !- Value Until Time 18
  22,                                     !- Hour 19
  0,                                      !- Minute 19
  0.614054627419783,                      !- Value Until Time 19
  23,                                     !- Hour 20
  0,                                      !- Minute 20
  0.532598401333485,                      !- Value Until Time 20
  24,                                     !- Hour 21
  0,                                      !- Minute 21
  0.369685949160889;                      !- Value Until Time 21

OS:Schedule:Rule,
  {fa2ff3b5-7ce8-454c-950b-237486014d02}, !- Handle
  exterior lighting schedule weekday ruleset7, !- Name
  {bcbf8b8f-27f0-40c5-95d8-4bccd768142e}, !- Schedule Ruleset Name
  9,                                      !- Rule Order
  {4b5de162-472c-47f2-b83f-2f8aaf881c05}, !- Day Schedule Name
  ,                                       !- Apply Sunday
  Yes,                                    !- Apply Monday
  Yes,                                    !- Apply Tuesday
  Yes,                                    !- Apply Wednesday
  Yes,                                    !- Apply Thursday
  Yes,                                    !- Apply Friday
  ,                                       !- Apply Saturday
  DateRange,                              !- Date Specification Type
  7,                                      !- Start Month
  1,                                      !- Start Day
  8,                                      !- End Month
  31;                                     !- End Day

OS:Schedule:Day,
  {4b5de162-472c-47f2-b83f-2f8aaf881c05}, !- Handle
  exterior lighting schedule weekday7,    !- Name
  {73ae1be1-9d31-4719-afe4-99485051a31f}, !- Schedule Type Limits Name
  ,                                       !- Interpolate to Timestep
  5,                                      !- Hour 1
  0,                                      !- Minute 1
  0.286138576353373,                      !- Value Until Time 1
  6,                                      !- Hour 2
  0,                                      !- Minute 2
  0.230154941849453,                      !- Value Until Time 2
  7,                                      !- Hour 3
  0,                                      !- Minute 3
  0.217714134181915,                      !- Value Until Time 3
  8,                                      !- Hour 4
  0,                                      !- Minute 4
  0.211493730348146,                      !- Value Until Time 4
  9,                                      !- Hour 5
  0,                                      !- Minute 5
  0.205273326514377,                      !- Value Until Time 5
  10,                                     !- Hour 6
  0,                                      !- Minute 6
  0.174171307345532,                      !- Value Until Time 6
  11,                                     !- Hour 7
  0,                                      !- Minute 7
  0.136848884342918,                      !- Value Until Time 7
  12,                                     !- Hour 8
  0,                                      !- Minute 8
  0.0933060575065348,                     !- Value Until Time 8
  13,                                     !- Hour 9
  0,                                      !- Minute 9
  0.0746448460052279,                     !- Value Until Time 9
  15,                                     !- Hour 10
  0,                                      !- Minute 10
  0.0684244421714589,                     !- Value Until Time 10
  16,                                     !- Hour 11
  0,                                      !- Minute 11
  0.0746448460052279,                     !- Value Until Time 11
  17,                                     !- Hour 12
  0,                                      !- Minute 12
  0.118187672841611,                      !- Value Until Time 12
  18,                                     !- Hour 13
  0,                                      !- Minute 13
  0.230154941849453,                      !- Value Until Time 13
  19,                                     !- Hour 14
  0,                                      !- Minute 14
  0.30479978785468,                       !- Value Until Time 14
  20,                                     !- Hour 15
  0,                                      !- Minute 15
  0.404326249194984,                      !- Value Until Time 15
  21,                                     !- Hour 16
  0,                                      !- Minute 16
  0.566056748872978,                      !- Value Until Time 16
  22,                                     !- Hour 17
  0,                                      !- Minute 17
  0.653142402545744,                      !- Value Until Time 17
  23,                                     !- Hour 18
  0,                                      !- Minute 18
  0.566056748872978,                      !- Value Until Time 18
  24,                                     !- Hour 19
  0,                                      !- Minute 19
  0.391885441527446;                      !- Value Until Time 19

OS:Schedule:Rule,
  {0fd8e189-4a58-46ba-a499-50fd723208bf}, !- Handle
  exterior lighting schedule weekend ruleset7, !- Name
  {bcbf8b8f-27f0-40c5-95d8-4bccd768142e}, !- Schedule Ruleset Name
  8,                                      !- Rule Order
  {d5a6ca22-fbbb-4cb7-bb58-b0c4470b5254}, !- Day Schedule Name
  Yes,                                    !- Apply Sunday
  ,                                       !- Apply Monday
  ,                                       !- Apply Tuesday
  ,                                       !- Apply Wednesday
  ,                                       !- Apply Thursday
  ,                                       !- Apply Friday
  Yes,                                    !- Apply Saturday
  DateRange,                              !- Date Specification Type
  7,                                      !- Start Month
  1,                                      !- Start Day
  8,                                      !- End Month
  31;                                     !- End Day

OS:Schedule:Day,
  {d5a6ca22-fbbb-4cb7-bb58-b0c4470b5254}, !- Handle
  exterior lighting schedule weekend7,    !- Name
  {73ae1be1-9d31-4719-afe4-99485051a31f}, !- Schedule Type Limits Name
  ,                                       !- Interpolate to Timestep
  2,                                      !- Hour 1
  0,                                      !- Minute 1
  0.286138576353373,                      !- Value Until Time 1
  4,                                      !- Hour 2
  0,                                      !- Minute 2
  0.279918172519604,                      !- Value Until Time 2
  5,                                      !- Hour 3
  0,                                      !- Minute 3
  0.286138576353373,                      !- Value Until Time 3
  6,                                      !- Hour 4
  0,                                      !- Minute 4
  0.279918172519604,                      !- Value Until Time 4
  7,                                      !- Hour 5
  0,                                      !- Minute 5
  0.273697768685836,                      !- Value Until Time 5
  8,                                      !- Hour 6
  0,                                      !- Minute 6
  0.255036557184529,                      !- Value Until Time 6
  9,                                      !- Hour 7
  0,                                      !- Minute 7
  0.223934538015684,                      !- Value Until Time 7
  10,                                     !- Hour 8
  0,                                      !- Minute 8
  0.18661211501307,                       !- Value Until Time 8
  11,                                     !- Hour 9
  0,                                      !- Minute 9
  0.149289692010456,                      !- Value Until Time 9
  12,                                     !- Hour 10
  0,                                      !- Minute 10
  0.0995264613403038,                     !- Value Until Time 10
  13,                                     !- Hour 11
  0,                                      !- Minute 11
  0.0746448460052279,                     !- Value Until Time 11
  15,                                     !- Hour 12
  0,                                      !- Minute 12
  0.0684244421714589,                     !- Value Until Time 12
  16,                                     !- Hour 13
  0,                                      !- Minute 13
  0.0746448460052279,                     !- Value Until Time 13
  17,                                     !- Hour 14
  0,                                      !- Minute 14
  0.118187672841611,                      !- Value Until Time 14
  18,                                     !- Hour 15
  0,                                      !- Minute 15
  0.236375345683222,                      !- Value Until Time 15
  19,                                     !- Hour 16
  0,                                      !- Minute 16
  0.298579384020911,                      !- Value Until Time 16
  20,                                     !- Hour 17
  0,                                      !- Minute 17
  0.373224230026139,                      !- Value Until Time 17
  21,                                     !- Hour 18
  0,                                      !- Minute 18
  0.516293518202826,                      !- Value Until Time 18
  22,                                     !- Hour 19
  0,                                      !- Minute 19
  0.609599575709361,                      !- Value Until Time 19
  23,                                     !- Hour 20
  0,                                      !- Minute 20
  0.528734325870364,                      !- Value Until Time 20
  24,                                     !- Hour 21
  0,                                      !- Minute 21
  0.36700382619237;                       !- Value Until Time 21

OS:Schedule:Rule,
  {cfa109e3-bc25-48f3-af60-12e5ca0c17ac}, !- Handle
  exterior lighting schedule weekday ruleset9, !- Name
  {bcbf8b8f-27f0-40c5-95d8-4bccd768142e}, !- Schedule Ruleset Name
  7,                                      !- Rule Order
  {b4d93cdf-6047-46e3-a297-3a41915d0f50}, !- Day Schedule Name
  ,                                       !- Apply Sunday
  Yes,                                    !- Apply Monday
  Yes,                                    !- Apply Tuesday
  Yes,                                    !- Apply Wednesday
  Yes,                                    !- Apply Thursday
  Yes,                                    !- Apply Friday
  ,                                       !- Apply Saturday
  DateRange,                              !- Date Specification Type
  9,                                      !- Start Month
  1,                                      !- Start Day
  9,                                      !- End Month
  30;                                     !- End Day

OS:Schedule:Day,
  {b4d93cdf-6047-46e3-a297-3a41915d0f50}, !- Handle
  exterior lighting schedule weekday9,    !- Name
  {73ae1be1-9d31-4719-afe4-99485051a31f}, !- Schedule Type Limits Name
  ,                                       !- Interpolate to Timestep
  5,                                      !- Hour 1
  0,                                      !- Minute 1
  0.288229723074592,                      !- Value Until Time 1
  6,                                      !- Hour 2
  0,                                      !- Minute 2
  0.231836951168693,                      !- Value Until Time 2
  7,                                      !- Hour 3
  0,                                      !- Minute 3
  0.219305224078494,                      !- Value Until Time 3
  8,                                      !- Hour 4
  0,                                      !- Minute 4
  0.213039360533394,                      !- Value Until Time 4
  9,                                      !- Hour 5
  0,                                      !- Minute 5
  0.206773496988294,                      !- Value Until Time 5
  10,                                     !- Hour 6
  0,                                      !- Minute 6
  0.175444179262795,                      !- Value Until Time 6
  11,                                     !- Hour 7
  0,                                      !- Minute 7
  0.137848997992196,                      !- Value Until Time 7
  12,                                     !- Hour 8
  0,                                      !- Minute 8
  0.0939879531764973,                     !- Value Until Time 8
  13,                                     !- Hour 9
  0,                                      !- Minute 9
  0.0751903625411979,                     !- Value Until Time 9
  15,                                     !- Hour 10
  0,                                      !- Minute 10
  0.068924498996098,                      !- Value Until Time 10
  16,                                     !- Hour 11
  0,                                      !- Minute 11
  0.0751903625411979,                     !- Value Until Time 11
  17,                                     !- Hour 12
  0,                                      !- Minute 12
  0.119051407356897,                      !- Value Until Time 12
  18,                                     !- Hour 13
  0,                                      !- Minute 13
  0.231836951168693,                      !- Value Until Time 13
  19,                                     !- Hour 14
  0,                                      !- Minute 14
  0.307027313709891,                      !- Value Until Time 14
  20,                                     !- Hour 15
  0,                                      !- Minute 15
  0.407281130431488,                      !- Value Until Time 15
  21,                                     !- Hour 16
  0,                                      !- Minute 16
  0.570193582604084,                      !- Value Until Time 16
  22,                                     !- Hour 17
  0,                                      !- Minute 17
  0.657915672235481,                      !- Value Until Time 17
  23,                                     !- Hour 18
  0,                                      !- Minute 18
  0.570193582604084,                      !- Value Until Time 18
  24,                                     !- Hour 19
  0,                                      !- Minute 19
  0.394749403341289;                      !- Value Until Time 19

OS:Schedule:Rule,
  {4dd07532-95ff-46a4-a568-ad581863d91a}, !- Handle
  exterior lighting schedule weekend ruleset9, !- Name
  {bcbf8b8f-27f0-40c5-95d8-4bccd768142e}, !- Schedule Ruleset Name
  6,                                      !- Rule Order
  {e5583b49-9a57-4506-b48a-d219466b1801}, !- Day Schedule Name
  Yes,                                    !- Apply Sunday
  ,                                       !- Apply Monday
  ,                                       !- Apply Tuesday
  ,                                       !- Apply Wednesday
  ,                                       !- Apply Thursday
  ,                                       !- Apply Friday
  Yes,                                    !- Apply Saturday
  DateRange,                              !- Date Specification Type
  9,                                      !- Start Month
  1,                                      !- Start Day
  9,                                      !- End Month
  30;                                     !- End Day

OS:Schedule:Day,
  {e5583b49-9a57-4506-b48a-d219466b1801}, !- Handle
  exterior lighting schedule weekend9,    !- Name
  {73ae1be1-9d31-4719-afe4-99485051a31f}, !- Schedule Type Limits Name
  ,                                       !- Interpolate to Timestep
  2,                                      !- Hour 1
  0,                                      !- Minute 1
  0.288229723074592,                      !- Value Until Time 1
  4,                                      !- Hour 2
  0,                                      !- Minute 2
  0.281963859529492,                      !- Value Until Time 2
  5,                                      !- Hour 3
  0,                                      !- Minute 3
  0.288229723074592,                      !- Value Until Time 3
  6,                                      !- Hour 4
  0,                                      !- Minute 4
  0.281963859529492,                      !- Value Until Time 4
  7,                                      !- Hour 5
  0,                                      !- Minute 5
  0.275697995984392,                      !- Value Until Time 5
  8,                                      !- Hour 6
  0,                                      !- Minute 6
  0.256900405349093,                      !- Value Until Time 6
  9,                                      !- Hour 7
  0,                                      !- Minute 7
  0.225571087623594,                      !- Value Until Time 7
  10,                                     !- Hour 8
  0,                                      !- Minute 8
  0.187975906352995,                      !- Value Until Time 8
  11,                                     !- Hour 9
  0,                                      !- Minute 9
  0.150380725082396,                      !- Value Until Time 9
  12,                                     !- Hour 10
  0,                                      !- Minute 10
  0.100253816721597,                      !- Value Until Time 10
  13,                                     !- Hour 11
  0,                                      !- Minute 11
  0.0751903625411979,                     !- Value Until Time 11
  15,                                     !- Hour 12
  0,                                      !- Minute 12
  0.068924498996098,                      !- Value Until Time 12
  16,                                     !- Hour 13
  0,                                      !- Minute 13
  0.0751903625411979,                     !- Value Until Time 13
  17,                                     !- Hour 14
  0,                                      !- Minute 14
  0.119051407356897,                      !- Value Until Time 14
  18,                                     !- Hour 15
  0,                                      !- Minute 15
  0.238102814713793,                      !- Value Until Time 15
  19,                                     !- Hour 16
  0,                                      !- Minute 16
  0.300761450164791,                      !- Value Until Time 16
  20,                                     !- Hour 17
  0,                                      !- Minute 17
  0.375951812705989,                      !- Value Until Time 17
  21,                                     !- Hour 18
  0,                                      !- Minute 18
  0.520066674243285,                      !- Value Until Time 18
  22,                                     !- Hour 19
  0,                                      !- Minute 19
  0.614054627419783,                      !- Value Until Time 19
  23,                                     !- Hour 20
  0,                                      !- Minute 20
  0.532598401333485,                      !- Value Until Time 20
  24,                                     !- Hour 21
  0,                                      !- Minute 21
  0.369685949160889;                      !- Value Until Time 21

OS:Schedule:Rule,
  {21fc7584-4f49-422b-b744-3d320a655747}, !- Handle
  exterior lighting schedule weekday ruleset10, !- Name
  {bcbf8b8f-27f0-40c5-95d8-4bccd768142e}, !- Schedule Ruleset Name
  5,                                      !- Rule Order
  {4696d617-5a3e-4722-9443-12b3c01ad7e4}, !- Day Schedule Name
  ,                                       !- Apply Sunday
  Yes,                                    !- Apply Monday
  Yes,                                    !- Apply Tuesday
  Yes,                                    !- Apply Wednesday
  Yes,                                    !- Apply Thursday
  Yes,                                    !- Apply Friday
  ,                                       !- Apply Saturday
  DateRange,                              !- Date Specification Type
  10,                                     !- Start Month
  1,                                      !- Start Day
  10,                                     !- End Month
  31;                                     !- End Day

OS:Schedule:Day,
  {4696d617-5a3e-4722-9443-12b3c01ad7e4}, !- Handle
  exterior lighting schedule weekday10,   !- Name
  {73ae1be1-9d31-4719-afe4-99485051a31f}, !- Schedule Type Limits Name
  ,                                       !- Interpolate to Timestep
  5,                                      !- Hour 1
  0,                                      !- Minute 1
  0.345039209001023,                      !- Value Until Time 1
  6,                                      !- Hour 2
  0,                                      !- Minute 2
  0.277531537674736,                      !- Value Until Time 2
  7,                                      !- Hour 3
  0,                                      !- Minute 3
  0.262529832935561,                      !- Value Until Time 3
  8,                                      !- Hour 4
  0,                                      !- Minute 4
  0.255028980565973,                      !- Value Until Time 4
  9,                                      !- Hour 5
  0,                                      !- Minute 5
  0.247528128196386,                      !- Value Until Time 5
  10,                                     !- Hour 6
  0,                                      !- Minute 6
  0.210023866348449,                      !- Value Until Time 6
  11,                                     !- Hour 7
  0,                                      !- Minute 7
  0.165018752130924,                      !- Value Until Time 7
  12,                                     !- Hour 8
  0,                                      !- Minute 8
  0.112512785543812,                      !- Value Until Time 8
  13,                                     !- Hour 9
  0,                                      !- Minute 9
  0.0900102284350494,                     !- Value Until Time 9
  15,                                     !- Hour 10
  0,                                      !- Minute 10
  0.082509376065462,                      !- Value Until Time 10
  16,                                     !- Hour 11
  0,                                      !- Minute 11
  0.0900102284350494,                     !- Value Until Time 11
  17,                                     !- Hour 12
  0,                                      !- Minute 12
  0.142516195022162,                      !- Value Until Time 12
  18,                                     !- Hour 13
  0,                                      !- Minute 13
  0.277531537674736,                      !- Value Until Time 13
  19,                                     !- Hour 14
  0,                                      !- Minute 14
  0.367541766109785,                      !- Value Until Time 14
  20,                                     !- Hour 15
  0,                                      !- Minute 15
  0.487555404023184,                      !- Value Until Time 15
  21,                                     !- Hour 16
  0,                                      !- Minute 16
  0.682577565632458,                      !- Value Until Time 16
  22,                                     !- Hour 17
  0,                                      !- Minute 17
  0.787589498806682,                      !- Value Until Time 17
  23,                                     !- Hour 18
  0,                                      !- Minute 18
  0.682577565632458,                      !- Value Until Time 18
  24,                                     !- Hour 19
  0,                                      !- Minute 19
  0.47255369928401;                       !- Value Until Time 19

OS:Schedule:Rule,
  {e579df3d-05f2-4862-aa9c-3ed854a3ce25}, !- Handle
  exterior lighting schedule weekend ruleset10, !- Name
  {bcbf8b8f-27f0-40c5-95d8-4bccd768142e}, !- Schedule Ruleset Name
  4,                                      !- Rule Order
  {2f82df5a-47b6-4b20-8421-eb5836b6598e}, !- Day Schedule Name
  Yes,                                    !- Apply Sunday
  ,                                       !- Apply Monday
  ,                                       !- Apply Tuesday
  ,                                       !- Apply Wednesday
  ,                                       !- Apply Thursday
  ,                                       !- Apply Friday
  Yes,                                    !- Apply Saturday
  DateRange,                              !- Date Specification Type
  10,                                     !- Start Month
  1,                                      !- Start Day
  10,                                     !- End Month
  31;                                     !- End Day

OS:Schedule:Day,
  {2f82df5a-47b6-4b20-8421-eb5836b6598e}, !- Handle
  exterior lighting schedule weekend10,   !- Name
  {73ae1be1-9d31-4719-afe4-99485051a31f}, !- Schedule Type Limits Name
  ,                                       !- Interpolate to Timestep
  2,                                      !- Hour 1
  0,                                      !- Minute 1
  0.345039209001023,                      !- Value Until Time 1
  4,                                      !- Hour 2
  0,                                      !- Minute 2
  0.337538356631435,                      !- Value Until Time 2
  5,                                      !- Hour 3
  0,                                      !- Minute 3
  0.345039209001023,                      !- Value Until Time 3
  6,                                      !- Hour 4
  0,                                      !- Minute 4
  0.337538356631435,                      !- Value Until Time 4
  7,                                      !- Hour 5
  0,                                      !- Minute 5
  0.330037504261848,                      !- Value Until Time 5
  8,                                      !- Hour 6
  0,                                      !- Minute 6
  0.307534947153086,                      !- Value Until Time 6
  9,                                      !- Hour 7
  0,                                      !- Minute 7
  0.270030685305148,                      !- Value Until Time 7
  10,                                     !- Hour 8
  0,                                      !- Minute 8
  0.225025571087624,                      !- Value Until Time 8
  11,                                     !- Hour 9
  0,                                      !- Minute 9
  0.180020456870099,                      !- Value Until Time 9
  12,                                     !- Hour 10
  0,                                      !- Minute 10
  0.120013637913399,                      !- Value Until Time 10
  13,                                     !- Hour 11
  0,                                      !- Minute 11
  0.0900102284350494,                     !- Value Until Time 11
  15,                                     !- Hour 12
  0,                                      !- Minute 12
  0.082509376065462,                      !- Value Until Time 12
  16,                                     !- Hour 13
  0,                                      !- Minute 13
  0.0900102284350494,                     !- Value Until Time 13
  17,                                     !- Hour 14
  0,                                      !- Minute 14
  0.142516195022162,                      !- Value Until Time 14
  18,                                     !- Hour 15
  0,                                      !- Minute 15
  0.285032390044323,                      !- Value Until Time 15
  19,                                     !- Hour 16
  0,                                      !- Minute 16
  0.360040913740198,                      !- Value Until Time 16
  20,                                     !- Hour 17
  0,                                      !- Minute 17
  0.450051142175247,                      !- Value Until Time 17
  21,                                     !- Hour 18
  0,                                      !- Minute 18
  0.622570746675759,                      !- Value Until Time 18
  22,                                     !- Hour 19
  0,                                      !- Minute 19
  0.73508353221957,                       !- Value Until Time 19
  23,                                     !- Hour 20
  0,                                      !- Minute 20
  0.637572451414934,                      !- Value Until Time 20
  24,                                     !- Hour 21
  0,                                      !- Minute 21
  0.44255028980566;                       !- Value Until Time 21

OS:Schedule:Rule,
  {753fa70a-627f-495a-bf68-53b6ab124b11}, !- Handle
  exterior lighting schedule weekday ruleset11, !- Name
  {bcbf8b8f-27f0-40c5-95d8-4bccd768142e}, !- Schedule Ruleset Name
  3,                                      !- Rule Order
  {1c35a001-8fde-4e54-acc2-f563d246f5ca}, !- Day Schedule Name
  ,                                       !- Apply Sunday
  Yes,                                    !- Apply Monday
  Yes,                                    !- Apply Tuesday
  Yes,                                    !- Apply Wednesday
  Yes,                                    !- Apply Thursday
  Yes,                                    !- Apply Friday
  ,                                       !- Apply Saturday
  DateRange,                              !- Date Specification Type
  11,                                     !- Start Month
  1,                                      !- Start Day
  11,                                     !- End Month
  30;                                     !- End Day

OS:Schedule:Day,
  {1c35a001-8fde-4e54-acc2-f563d246f5ca}, !- Handle
  exterior lighting schedule weekday11,   !- Name
  {73ae1be1-9d31-4719-afe4-99485051a31f}, !- Schedule Type Limits Name
  ,                                       !- Interpolate to Timestep
  5,                                      !- Hour 1
  0,                                      !- Minute 1
  0.343993635640414,                      !- Value Until Time 1
  6,                                      !- Hour 2
  0,                                      !- Minute 2
  0.276690533015115,                      !- Value Until Time 2
  7,                                      !- Hour 3
  0,                                      !- Minute 3
  0.261734287987271,                      !- Value Until Time 3
  8,                                      !- Hour 4
  0,                                      !- Minute 4
  0.254256165473349,                      !- Value Until Time 4
  9,                                      !- Hour 5
  0,                                      !- Minute 5
  0.246778042959427,                      !- Value Until Time 5
  10,                                     !- Hour 6
  0,                                      !- Minute 6
  0.209387430389817,                      !- Value Until Time 6
  11,                                     !- Hour 7
  0,                                      !- Minute 7
  0.164518695306285,                      !- Value Until Time 7
  12,                                     !- Hour 8
  0,                                      !- Minute 8
  0.112171837708831,                      !- Value Until Time 8
  13,                                     !- Hour 9
  0,                                      !- Minute 9
  0.0897374701670644,                     !- Value Until Time 9
  15,                                     !- Hour 10
  0,                                      !- Minute 10
  0.0822593476531424,                     !- Value Until Time 10
  16,                                     !- Hour 11
  0,                                      !- Minute 11
  0.0897374701670644,                     !- Value Until Time 11
  17,                                     !- Hour 12
  0,                                      !- Minute 12
  0.142084327764519,                      !- Value Until Time 12
  18,                                     !- Hour 13
  0,                                      !- Minute 13
  0.276690533015115,                      !- Value Until Time 13
  19,                                     !- Hour 14
  0,                                      !- Minute 14
  0.36642800318218,                       !- Value Until Time 14
  20,                                     !- Hour 15
  0,                                      !- Minute 15
  0.486077963404932,                      !- Value Until Time 15
  21,                                     !- Hour 16
  0,                                      !- Minute 16
  0.680509148766905,                      !- Value Until Time 16
  22,                                     !- Hour 17
  0,                                      !- Minute 17
  0.785202863961814,                      !- Value Until Time 17
  23,                                     !- Hour 18
  0,                                      !- Minute 18
  0.680509148766905,                      !- Value Until Time 18
  24,                                     !- Hour 19
  0,                                      !- Minute 19
  0.471121718377088;                      !- Value Until Time 19

OS:Schedule:Rule,
  {635bfe6b-c768-4a75-905a-a722b690f862}, !- Handle
  exterior lighting schedule weekend ruleset11, !- Name
  {bcbf8b8f-27f0-40c5-95d8-4bccd768142e}, !- Schedule Ruleset Name
  2,                                      !- Rule Order
  {15ab8b74-edbb-4d22-9bd5-d14c4b460862}, !- Day Schedule Name
  Yes,                                    !- Apply Sunday
  ,                                       !- Apply Monday
  ,                                       !- Apply Tuesday
  ,                                       !- Apply Wednesday
  ,                                       !- Apply Thursday
  ,                                       !- Apply Friday
  Yes,                                    !- Apply Saturday
  DateRange,                              !- Date Specification Type
  11,                                     !- Start Month
  1,                                      !- Start Day
  11,                                     !- End Month
  30;                                     !- End Day

OS:Schedule:Day,
  {15ab8b74-edbb-4d22-9bd5-d14c4b460862}, !- Handle
  exterior lighting schedule weekend11,   !- Name
  {73ae1be1-9d31-4719-afe4-99485051a31f}, !- Schedule Type Limits Name
  ,                                       !- Interpolate to Timestep
  2,                                      !- Hour 1
  0,                                      !- Minute 1
  0.343993635640414,                      !- Value Until Time 1
  4,                                      !- Hour 2
  0,                                      !- Minute 2
  0.336515513126492,                      !- Value Until Time 2
  5,                                      !- Hour 3
  0,                                      !- Minute 3
  0.343993635640414,                      !- Value Until Time 3
  6,                                      !- Hour 4
  0,                                      !- Minute 4
  0.336515513126492,                      !- Value Until Time 4
  7,                                      !- Hour 5
  0,                                      !- Minute 5
  0.32903739061257,                       !- Value Until Time 5
  8,                                      !- Hour 6
  0,                                      !- Minute 6
  0.306603023070804,                      !- Value Until Time 6
  9,                                      !- Hour 7
  0,                                      !- Minute 7
  0.269212410501193,                      !- Value Until Time 7
  10,                                     !- Hour 8
  0,                                      !- Minute 8
  0.224343675417661,                      !- Value Until Time 8
  11,                                     !- Hour 9
  0,                                      !- Minute 9
  0.179474940334129,                      !- Value Until Time 9
  12,                                     !- Hour 10
  0,                                      !- Minute 10
  0.119649960222753,                      !- Value Until Time 10
  13,                                     !- Hour 11
  0,                                      !- Minute 11
  0.0897374701670644,                     !- Value Until Time 11
  15,                                     !- Hour 12
  0,                                      !- Minute 12
  0.0822593476531424,                     !- Value Until Time 12
  16,                                     !- Hour 13
  0,                                      !- Minute 13
  0.0897374701670644,                     !- Value Until Time 13
  17,                                     !- Hour 14
  0,                                      !- Minute 14
  0.142084327764519,                      !- Value Until Time 14
  18,                                     !- Hour 15
  0,                                      !- Minute 15
  0.284168655529037,                      !- Value Until Time 15
  19,                                     !- Hour 16
  0,                                      !- Minute 16
  0.358949880668258,                      !- Value Until Time 16
  20,                                     !- Hour 17
  0,                                      !- Minute 17
  0.448687350835322,                      !- Value Until Time 17
  21,                                     !- Hour 18
  0,                                      !- Minute 18
  0.620684168655529,                      !- Value Until Time 18
  22,                                     !- Hour 19
  0,                                      !- Minute 19
  0.73285600636436,                       !- Value Until Time 19
  23,                                     !- Hour 20
  0,                                      !- Minute 20
  0.635640413683373,                      !- Value Until Time 20
  24,                                     !- Hour 21
  0,                                      !- Minute 21
  0.4412092283214;                        !- Value Until Time 21

OS:Schedule:Rule,
  {dd59e953-f23d-499f-bdff-ee8283d09db8}, !- Handle
  exterior lighting schedule weekday ruleset12, !- Name
  {bcbf8b8f-27f0-40c5-95d8-4bccd768142e}, !- Schedule Ruleset Name
  1,                                      !- Rule Order
  {e80030a7-516e-4c30-92d9-214e56203be6}, !- Day Schedule Name
  ,                                       !- Apply Sunday
  Yes,                                    !- Apply Monday
  Yes,                                    !- Apply Tuesday
  Yes,                                    !- Apply Wednesday
  Yes,                                    !- Apply Thursday
  Yes,                                    !- Apply Friday
  ,                                       !- Apply Saturday
  DateRange,                              !- Date Specification Type
  12,                                     !- Start Month
  1,                                      !- Start Day
  12,                                     !- End Month
  31;                                     !- End Day

OS:Schedule:Day,
  {e80030a7-516e-4c30-92d9-214e56203be6}, !- Handle
  exterior lighting schedule weekday12,   !- Name
  {73ae1be1-9d31-4719-afe4-99485051a31f}, !- Schedule Type Limits Name
  ,                                       !- Interpolate to Timestep
  5,                                      !- Hour 1
  0,                                      !- Minute 1
  0.434958518013411,                      !- Value Until Time 1
  6,                                      !- Hour 2
  0,                                      !- Minute 2
  0.349857938402091,                      !- Value Until Time 2
  7,                                      !- Hour 3
  0,                                      !- Minute 3
  0.330946698488465,                      !- Value Until Time 3
  8,                                      !- Hour 4
  0,                                      !- Minute 4
  0.321491078531651,                      !- Value Until Time 4
  9,                                      !- Hour 5
  0,                                      !- Minute 5
  0.312035458574838,                      !- Value Until Time 5
  10,                                     !- Hour 6
  0,                                      !- Minute 6
  0.264757358790772,                      !- Value Until Time 6
  11,                                     !- Hour 7
  0,                                      !- Minute 7
  0.208023639049892,                      !- Value Until Time 7
  12,                                     !- Hour 8
  0,                                      !- Minute 8
  0.141834299352199,                      !- Value Until Time 8
  13,                                     !- Hour 9
  0,                                      !- Minute 9
  0.113467439481759,                      !- Value Until Time 9
  15,                                     !- Hour 10
  0,                                      !- Minute 10
  0.104011819524946,                      !- Value Until Time 10
  16,                                     !- Hour 11
  0,                                      !- Minute 11
  0.113467439481759,                      !- Value Until Time 11
  17,                                     !- Hour 12
  0,                                      !- Minute 12
  0.179656779179452,                      !- Value Until Time 12
  18,                                     !- Hour 13
  0,                                      !- Minute 13
  0.349857938402091,                      !- Value Until Time 13
  19,                                     !- Hour 14
  0,                                      !- Minute 14
  0.463325377883851,                      !- Value Until Time 14
  20,                                     !- Hour 15
  0,                                      !- Minute 15
  0.614615297192863,                      !- Value Until Time 15
  21,                                     !- Hour 16
  0,                                      !- Minute 16
  0.860461416070008,                      !- Value Until Time 16
  22,                                     !- Hour 17
  0,                                      !- Minute 17
  0.992840095465394,                      !- Value Until Time 17
  23,                                     !- Hour 18
  0,                                      !- Minute 18
  0.860461416070008,                      !- Value Until Time 18
  24,                                     !- Hour 19
  0,                                      !- Minute 19
  0.595704057279236;                      !- Value Until Time 19

OS:Schedule:Rule,
  {6ed531ef-a3c1-4239-a72d-bc13148a7ea5}, !- Handle
  exterior lighting schedule weekend ruleset12, !- Name
  {bcbf8b8f-27f0-40c5-95d8-4bccd768142e}, !- Schedule Ruleset Name
  0,                                      !- Rule Order
  {85b22b34-1f49-450d-9207-727df2c1afef}, !- Day Schedule Name
  Yes,                                    !- Apply Sunday
  ,                                       !- Apply Monday
  ,                                       !- Apply Tuesday
  ,                                       !- Apply Wednesday
  ,                                       !- Apply Thursday
  ,                                       !- Apply Friday
  Yes,                                    !- Apply Saturday
  DateRange,                              !- Date Specification Type
  12,                                     !- Start Month
  1,                                      !- Start Day
  12,                                     !- End Month
  31;                                     !- End Day

OS:Schedule:Day,
  {85b22b34-1f49-450d-9207-727df2c1afef}, !- Handle
  exterior lighting schedule weekend12,   !- Name
  {73ae1be1-9d31-4719-afe4-99485051a31f}, !- Schedule Type Limits Name
  ,                                       !- Interpolate to Timestep
  2,                                      !- Hour 1
  0,                                      !- Minute 1
  0.434958518013411,                      !- Value Until Time 1
  4,                                      !- Hour 2
  0,                                      !- Minute 2
  0.425502898056597,                      !- Value Until Time 2
  5,                                      !- Hour 3
  0,                                      !- Minute 3
  0.434958518013411,                      !- Value Until Time 3
  6,                                      !- Hour 4
  0,                                      !- Minute 4
  0.425502898056597,                      !- Value Until Time 4
  7,                                      !- Hour 5
  0,                                      !- Minute 5
  0.416047278099784,                      !- Value Until Time 5
  8,                                      !- Hour 6
  0,                                      !- Minute 6
  0.387680418229344,                      !- Value Until Time 6
  9,                                      !- Hour 7
  0,                                      !- Minute 7
  0.340402318445278,                      !- Value Until Time 7
  10,                                     !- Hour 8
  0,                                      !- Minute 8
  0.283668598704398,                      !- Value Until Time 8
  11,                                     !- Hour 9
  0,                                      !- Minute 9
  0.226934878963519,                      !- Value Until Time 9
  12,                                     !- Hour 10
  0,                                      !- Minute 10
  0.151289919309012,                      !- Value Until Time 10
  13,                                     !- Hour 11
  0,                                      !- Minute 11
  0.113467439481759,                      !- Value Until Time 11
  15,                                     !- Hour 12
  0,                                      !- Minute 12
  0.104011819524946,                      !- Value Until Time 12
  16,                                     !- Hour 13
  0,                                      !- Minute 13
  0.113467439481759,                      !- Value Until Time 13
  17,                                     !- Hour 14
  0,                                      !- Minute 14
  0.179656779179452,                      !- Value Until Time 14
  18,                                     !- Hour 15
  0,                                      !- Minute 15
  0.359313558358904,                      !- Value Until Time 15
  19,                                     !- Hour 16
  0,                                      !- Minute 16
  0.453869757927037,                      !- Value Until Time 16
  20,                                     !- Hour 17
  0,                                      !- Minute 17
  0.567337197408797,                      !- Value Until Time 17
  21,                                     !- Hour 18
  0,                                      !- Minute 18
  0.784816456415502,                      !- Value Until Time 18
  22,                                     !- Hour 19
  0,                                      !- Minute 19
  0.926650755767701,                      !- Value Until Time 19
  23,                                     !- Hour 20
  0,                                      !- Minute 20
  0.803727696329128,                      !- Value Until Time 20
  24,                                     !- Hour 21
  0,                                      !- Minute 21
  0.557881577451983;                      !- Value Until Time 21

OS:Exterior:Lights:Definition,
  {dfe73f07-94d9-4b42-83f5-b15355a9a5f0}, !- Handle
  exterior lighting,                      !- Name
  75.5505965827049;                       !- Design Level {W}

OS:Exterior:Lights,
  {a5a5e4da-70a6-4fb1-9ddb-6f592b29ec8f}, !- Handle
  exterior lighting,                      !- Name
  {dfe73f07-94d9-4b42-83f5-b15355a9a5f0}, !- Exterior Lights Definition Name
  {bcbf8b8f-27f0-40c5-95d8-4bccd768142e}, !- Schedule Name
  ,                                       !- Control Option
  ,                                       !- Multiplier
  exterior lighting;                      !- End-Use Subcategory

OS:Schedule:Ruleset,
  {49fc7fd2-8373-48b8-9789-389d8efa1466}, !- Handle
  cooling season schedule,                !- Name
  {73ae1be1-9d31-4719-afe4-99485051a31f}, !- Schedule Type Limits Name
  {c94a7ef2-2f3d-4323-a4e3-b51b3e8eb4bb}; !- Default Day Schedule Name

OS:Schedule:Day,
  {c94a7ef2-2f3d-4323-a4e3-b51b3e8eb4bb}, !- Handle
  cooling season schedule default day,    !- Name
  {73ae1be1-9d31-4719-afe4-99485051a31f}, !- Schedule Type Limits Name
  ,                                       !- Interpolate to Timestep
  24,                                     !- Hour 1
  0,                                      !- Minute 1
  0;                                      !- Value Until Time 1

OS:Schedule:Rule,
  {b1ec360d-cd72-4433-9f72-a4faff027a4e}, !- Handle
  cooling season schedule allday ruleset1, !- Name
  {49fc7fd2-8373-48b8-9789-389d8efa1466}, !- Schedule Ruleset Name
  2,                                      !- Rule Order
  {18088146-7775-4847-8d8b-9e39e5235724}, !- Day Schedule Name
  Yes,                                    !- Apply Sunday
  Yes,                                    !- Apply Monday
  Yes,                                    !- Apply Tuesday
  Yes,                                    !- Apply Wednesday
  Yes,                                    !- Apply Thursday
  Yes,                                    !- Apply Friday
  Yes,                                    !- Apply Saturday
  DateRange,                              !- Date Specification Type
  1,                                      !- Start Month
  1,                                      !- Start Day
  3,                                      !- End Month
  31;                                     !- End Day

OS:Schedule:Day,
  {18088146-7775-4847-8d8b-9e39e5235724}, !- Handle
  cooling season schedule allday1,        !- Name
  {73ae1be1-9d31-4719-afe4-99485051a31f}, !- Schedule Type Limits Name
  ,                                       !- Interpolate to Timestep
  24,                                     !- Hour 1
  0,                                      !- Minute 1
  0;                                      !- Value Until Time 1

OS:Schedule:Rule,
  {abcde335-500a-416f-9628-6714e2834a44}, !- Handle
  cooling season schedule allday ruleset4, !- Name
  {49fc7fd2-8373-48b8-9789-389d8efa1466}, !- Schedule Ruleset Name
  1,                                      !- Rule Order
  {4612d0df-cf6a-4be7-bc34-1a9fd129067b}, !- Day Schedule Name
  Yes,                                    !- Apply Sunday
  Yes,                                    !- Apply Monday
  Yes,                                    !- Apply Tuesday
  Yes,                                    !- Apply Wednesday
  Yes,                                    !- Apply Thursday
  Yes,                                    !- Apply Friday
  Yes,                                    !- Apply Saturday
  DateRange,                              !- Date Specification Type
  4,                                      !- Start Month
  1,                                      !- Start Day
  11,                                     !- End Month
  30;                                     !- End Day

OS:Schedule:Day,
  {4612d0df-cf6a-4be7-bc34-1a9fd129067b}, !- Handle
  cooling season schedule allday4,        !- Name
  {73ae1be1-9d31-4719-afe4-99485051a31f}, !- Schedule Type Limits Name
  ,                                       !- Interpolate to Timestep
  24,                                     !- Hour 1
  0,                                      !- Minute 1
  1;                                      !- Value Until Time 1

OS:Schedule:Rule,
  {4677636b-8f52-4062-9904-e7fd8544b84d}, !- Handle
  cooling season schedule allday ruleset12, !- Name
  {49fc7fd2-8373-48b8-9789-389d8efa1466}, !- Schedule Ruleset Name
  0,                                      !- Rule Order
  {8f9870fb-c19d-43ea-a405-b04df671eb1f}, !- Day Schedule Name
  Yes,                                    !- Apply Sunday
  Yes,                                    !- Apply Monday
  Yes,                                    !- Apply Tuesday
  Yes,                                    !- Apply Wednesday
  Yes,                                    !- Apply Thursday
  Yes,                                    !- Apply Friday
  Yes,                                    !- Apply Saturday
  DateRange,                              !- Date Specification Type
  12,                                     !- Start Month
  1,                                      !- Start Day
  12,                                     !- End Month
  31;                                     !- End Day

OS:Schedule:Day,
  {8f9870fb-c19d-43ea-a405-b04df671eb1f}, !- Handle
  cooling season schedule allday12,       !- Name
  {73ae1be1-9d31-4719-afe4-99485051a31f}, !- Schedule Type Limits Name
  ,                                       !- Interpolate to Timestep
  24,                                     !- Hour 1
  0,                                      !- Minute 1
  0;                                      !- Value Until Time 1

OS:EnergyManagementSystem:Sensor,
  {59c92fb4-3098-4623-b496-737f16585994}, !- Handle
  cool_season,                            !- Name
  cooling season schedule,                !- Output Variable or Output Meter Index Key Name
  Schedule Value;                         !- Output Variable or Output Meter Name

OS:EnergyManagementSystem:Sensor,
  {733e076d-2465-47a5-b5c3-05be9985ca4c}, !- Handle
  out_pb_s,                               !- Name
  ,                                       !- Output Variable or Output Meter Index Key Name
  Site Outdoor Air Barometric Pressure;   !- Output Variable or Output Meter Name

OS:EnergyManagementSystem:Sensor,
  {4a84775e-ff89-4e7a-9c8f-abefea49ceee}, !- Handle
  out_wt_s,                               !- Name
  ,                                       !- Output Variable or Output Meter Index Key Name
  Site Outdoor Air Humidity Ratio;        !- Output Variable or Output Meter Name

OS:EnergyManagementSystem:Sensor,
  {46d7d72c-6536-49fa-ba83-abefb2b74b2a}, !- Handle
  win_s,                                  !- Name
  conditioned space,                      !- Output Variable or Output Meter Index Key Name
  Zone Air Humidity Ratio;                !- Output Variable or Output Meter Name

OS:EnergyManagementSystem:Sensor,
  {e736daf1-491f-48c3-83f3-eb600c93bd9f}, !- Handle
  site_vw_s,                              !- Name
  ,                                       !- Output Variable or Output Meter Index Key Name
  Site Wind Speed;                        !- Output Variable or Output Meter Name

OS:EnergyManagementSystem:Sensor,
  {e4032c00-3160-48e2-94ae-9e9834965846}, !- Handle
  tin_s,                                  !- Name
  conditioned space,                      !- Output Variable or Output Meter Index Key Name
  Zone Mean Air Temperature;              !- Output Variable or Output Meter Name

OS:EnergyManagementSystem:Sensor,
  {f1f1fbff-1edf-4602-8853-093507e89f46}, !- Handle
  tout_s,                                 !- Name
  conditioned space,                      !- Output Variable or Output Meter Index Key Name
  Zone Outdoor Air Drybulb Temperature;   !- Output Variable or Output Meter Name

OS:EnergyManagementSystem:GlobalVariable,
  {e0f5bf60-5725-42b9-a855-f0c700721be3}, !- Handle
  central_ac_and_furnace_airloop_Fan_RTF; !- Name

OS:EnergyManagementSystem:InternalVariable,
  {d8f58758-b8db-425f-94da-f66b30ff8c94}, !- Handle
  central_ac_and_furnace_airloop_max_sup_fan_mfr, !- Name
  central ac and furnace supply fan,      !- Internal Data Index Key Name
  Fan Maximum Mass Flow Rate;             !- Internal Data Type

OS:EnergyManagementSystem:Sensor,
  {b50cb9c7-c338-43c2-b467-1e643dcb3d2c}, !- Handle
  central_ac_and_furnace_airloop_Fan_RTF_s, !- Name
  central ac and furnace supply fan,      !- Output Variable or Output Meter Index Key Name
  Fan Runtime Fraction Speed 1;           !- Output Variable or Output Meter Name

OS:EnergyManagementSystem:Sensor,
  {b255ad1c-e9b5-4c24-a6e3-db27c94f0966}, !- Handle
  central_ac_and_furnace_airloop_Fan_RTF_s_1, !- Name
  central ac and furnace supply fan,      !- Output Variable or Output Meter Index Key Name
  Fan Runtime Fraction Speed 2;           !- Output Variable or Output Meter Name

OS:ThermalZone,
  {613c66dd-e757-4707-b5b7-a84e103dc937}, !- Handle
  central ac and furnace airloop ret air zone, !- Name
  1,                                      !- Multiplier
  ,                                       !- Ceiling Height {m}
  1,                                      !- Volume {m3}
  ,                                       !- Floor Area {m2}
  ,                                       !- Zone Inside Convection Algorithm
  ,                                       !- Zone Outside Convection Algorithm
  ,                                       !- Zone Conditioning Equipment List Name
  {f9b14589-9730-4fc5-8793-841a14b54825}, !- Zone Air Inlet Port List
  {08ebc5b9-0a66-4294-be95-1f7d98a13b7a}, !- Zone Air Exhaust Port List
  {0b0f2b5c-7ee9-4a82-967e-65e01c3bfd64}, !- Zone Air Node Name
  {7e98420b-8780-4712-b446-6eb452f5c32c}, !- Zone Return Air Port List
  ,                                       !- Primary Daylighting Control Name
  ,                                       !- Fraction of Zone Controlled by Primary Daylighting Control
  ,                                       !- Secondary Daylighting Control Name
  ,                                       !- Fraction of Zone Controlled by Secondary Daylighting Control
  ,                                       !- Illuminance Map Name
  ,                                       !- Group Rendering Name
  ,                                       !- Thermostat Name
  No;                                     !- Use Ideal Air Loads

OS:Node,
  {ccb07c9a-6582-43b3-bd0f-85a071a7a9ed}, !- Handle
  Node 22,                                !- Name
  {0b0f2b5c-7ee9-4a82-967e-65e01c3bfd64}, !- Inlet Port
  ;                                       !- Outlet Port

OS:Connection,
  {0b0f2b5c-7ee9-4a82-967e-65e01c3bfd64}, !- Handle
  {613c66dd-e757-4707-b5b7-a84e103dc937}, !- Source Object
  11,                                     !- Outlet Port
  {ccb07c9a-6582-43b3-bd0f-85a071a7a9ed}, !- Target Object
  2;                                      !- Inlet Port

OS:PortList,
  {f9b14589-9730-4fc5-8793-841a14b54825}, !- Handle
  {613c66dd-e757-4707-b5b7-a84e103dc937}; !- HVAC Component

OS:PortList,
  {08ebc5b9-0a66-4294-be95-1f7d98a13b7a}, !- Handle
  {613c66dd-e757-4707-b5b7-a84e103dc937}; !- HVAC Component

OS:PortList,
  {7e98420b-8780-4712-b446-6eb452f5c32c}, !- Handle
  {613c66dd-e757-4707-b5b7-a84e103dc937}; !- HVAC Component

OS:Sizing:Zone,
  {e2b1b634-7510-4911-a6e6-c4713742804d}, !- Handle
  {613c66dd-e757-4707-b5b7-a84e103dc937}, !- Zone or ZoneList Name
  SupplyAirTemperature,                   !- Zone Cooling Design Supply Air Temperature Input Method
  14,                                     !- Zone Cooling Design Supply Air Temperature {C}
  11.11,                                  !- Zone Cooling Design Supply Air Temperature Difference {deltaC}
  SupplyAirTemperature,                   !- Zone Heating Design Supply Air Temperature Input Method
  40,                                     !- Zone Heating Design Supply Air Temperature {C}
  11.11,                                  !- Zone Heating Design Supply Air Temperature Difference {deltaC}
  0.0085,                                 !- Zone Cooling Design Supply Air Humidity Ratio {kg-H2O/kg-air}
  0.008,                                  !- Zone Heating Design Supply Air Humidity Ratio {kg-H2O/kg-air}
  ,                                       !- Zone Heating Sizing Factor
  ,                                       !- Zone Cooling Sizing Factor
  DesignDay,                              !- Cooling Design Air Flow Method
  ,                                       !- Cooling Design Air Flow Rate {m3/s}
  ,                                       !- Cooling Minimum Air Flow per Zone Floor Area {m3/s-m2}
  ,                                       !- Cooling Minimum Air Flow {m3/s}
  ,                                       !- Cooling Minimum Air Flow Fraction
  DesignDay,                              !- Heating Design Air Flow Method
  ,                                       !- Heating Design Air Flow Rate {m3/s}
  ,                                       !- Heating Maximum Air Flow per Zone Floor Area {m3/s-m2}
  ,                                       !- Heating Maximum Air Flow {m3/s}
  ,                                       !- Heating Maximum Air Flow Fraction
  No,                                     !- Account for Dedicated Outdoor Air System
  NeutralSupplyAir,                       !- Dedicated Outdoor Air System Control Strategy
  autosize,                               !- Dedicated Outdoor Air Low Setpoint Temperature for Design {C}
  autosize,                               !- Dedicated Outdoor Air High Setpoint Temperature for Design {C}
  Sensible Load Only No Latent Load,      !- Zone Load Sizing Method
  HumidityRatioDifference,                !- Zone Latent Cooling Design Supply Air Humidity Ratio Input Method
  ,                                       !- Zone Dehumidification Design Supply Air Humidity Ratio {kgWater/kgDryAir}
  0.005,                                  !- Zone Cooling Design Supply Air Humidity Ratio Difference {kgWater/kgDryAir}
  HumidityRatioDifference,                !- Zone Latent Heating Design Supply Air Humidity Ratio Input Method
  ,                                       !- Zone Humidification Design Supply Air Humidity Ratio {kgWater/kgDryAir}
  0.005;                                  !- Zone Humidification Design Supply Air Humidity Ratio Difference {kgWater/kgDryAir}

OS:ZoneHVAC:EquipmentList,
  {d43e3e4a-dab1-474f-bd9f-a450d6dd6336}, !- Handle
  Zone HVAC Equipment List 3,             !- Name
  {613c66dd-e757-4707-b5b7-a84e103dc937}; !- Thermal Zone

OS:Space,
  {8860c6f4-6bc2-4735-92ed-f5c7a53b3214}, !- Handle
  central ac and furnace airloop ret air space, !- Name
  ,                                       !- Space Type Name
  ,                                       !- Default Construction Set Name
  ,                                       !- Default Schedule Set Name
  ,                                       !- Direction of Relative North {deg}
  ,                                       !- X Origin {m}
  ,                                       !- Y Origin {m}
  ,                                       !- Z Origin {m}
  ,                                       !- Building Story Name
  {613c66dd-e757-4707-b5b7-a84e103dc937}, !- Thermal Zone Name
  ,                                       !- Part of Total Floor Area
  ,                                       !- Design Specification Outdoor Air Object Name
  {fa31c639-a100-4818-b368-3fc615f3e0cc}; !- Building Unit Name

OS:Surface,
  {61a084af-684f-41f1-b391-b883a4ae61e2}, !- Handle
  Surface 1,                              !- Name
  Floor,                                  !- Surface Type
  {663a74d3-2eb5-47ea-abed-d1935b244e01}, !- Construction Name
  {8860c6f4-6bc2-4735-92ed-f5c7a53b3214}, !- Space Name
  Adiabatic,                              !- Outside Boundary Condition
  ,                                       !- Outside Boundary Condition Object
  NoSun,                                  !- Sun Exposure
  NoWind,                                 !- Wind Exposure
  ,                                       !- View Factor to Ground
  ,                                       !- Number of Vertices
  0, 0, 0,                                !- X,Y,Z Vertex 1 {m}
  0, 1, 0,                                !- X,Y,Z Vertex 2 {m}
  1, 1, 0,                                !- X,Y,Z Vertex 3 {m}
  1, 0, 0;                                !- X,Y,Z Vertex 4 {m}

OS:Surface,
  {facd21c3-0cc5-4c0d-b9c9-b0e026632817}, !- Handle
  Surface 2,                              !- Name
  Wall,                                   !- Surface Type
  {663a74d3-2eb5-47ea-abed-d1935b244e01}, !- Construction Name
  {8860c6f4-6bc2-4735-92ed-f5c7a53b3214}, !- Space Name
  Adiabatic,                              !- Outside Boundary Condition
  ,                                       !- Outside Boundary Condition Object
  NoSun,                                  !- Sun Exposure
  NoWind,                                 !- Wind Exposure
  ,                                       !- View Factor to Ground
  ,                                       !- Number of Vertices
  0, 0, 1,                                !- X,Y,Z Vertex 1 {m}
  0, 1, 1,                                !- X,Y,Z Vertex 2 {m}
  0, 1, 0,                                !- X,Y,Z Vertex 3 {m}
  0, 0, 0;                                !- X,Y,Z Vertex 4 {m}

OS:Surface,
  {9a41a9e4-3b58-4bb3-860e-9a6cd12c9067}, !- Handle
  Surface 3,                              !- Name
  Wall,                                   !- Surface Type
  {663a74d3-2eb5-47ea-abed-d1935b244e01}, !- Construction Name
  {8860c6f4-6bc2-4735-92ed-f5c7a53b3214}, !- Space Name
  Adiabatic,                              !- Outside Boundary Condition
  ,                                       !- Outside Boundary Condition Object
  NoSun,                                  !- Sun Exposure
  NoWind,                                 !- Wind Exposure
  ,                                       !- View Factor to Ground
  ,                                       !- Number of Vertices
  0, 1, 1,                                !- X,Y,Z Vertex 1 {m}
  1, 1, 1,                                !- X,Y,Z Vertex 2 {m}
  1, 1, 0,                                !- X,Y,Z Vertex 3 {m}
  0, 1, 0;                                !- X,Y,Z Vertex 4 {m}

OS:Surface,
  {1267f8cd-a501-43ac-a8eb-3b577441c39b}, !- Handle
  Surface 4,                              !- Name
  Wall,                                   !- Surface Type
  {663a74d3-2eb5-47ea-abed-d1935b244e01}, !- Construction Name
  {8860c6f4-6bc2-4735-92ed-f5c7a53b3214}, !- Space Name
  Adiabatic,                              !- Outside Boundary Condition
  ,                                       !- Outside Boundary Condition Object
  NoSun,                                  !- Sun Exposure
  NoWind,                                 !- Wind Exposure
  ,                                       !- View Factor to Ground
  ,                                       !- Number of Vertices
  1, 1, 1,                                !- X,Y,Z Vertex 1 {m}
  1, 0, 1,                                !- X,Y,Z Vertex 2 {m}
  1, 0, 0,                                !- X,Y,Z Vertex 3 {m}
  1, 1, 0;                                !- X,Y,Z Vertex 4 {m}

OS:Surface,
  {71710332-a1cb-4fb2-aefe-f2ae9fe41ef1}, !- Handle
  Surface 5,                              !- Name
  Wall,                                   !- Surface Type
  {663a74d3-2eb5-47ea-abed-d1935b244e01}, !- Construction Name
  {8860c6f4-6bc2-4735-92ed-f5c7a53b3214}, !- Space Name
  Adiabatic,                              !- Outside Boundary Condition
  ,                                       !- Outside Boundary Condition Object
  NoSun,                                  !- Sun Exposure
  NoWind,                                 !- Wind Exposure
  ,                                       !- View Factor to Ground
  ,                                       !- Number of Vertices
  1, 0, 1,                                !- X,Y,Z Vertex 1 {m}
  0, 0, 1,                                !- X,Y,Z Vertex 2 {m}
  0, 0, 0,                                !- X,Y,Z Vertex 3 {m}
  1, 0, 0;                                !- X,Y,Z Vertex 4 {m}

OS:Surface,
  {e659f8c4-4053-4c53-a6c1-14d55ce58774}, !- Handle
  Surface 6,                              !- Name
  RoofCeiling,                            !- Surface Type
  {663a74d3-2eb5-47ea-abed-d1935b244e01}, !- Construction Name
  {8860c6f4-6bc2-4735-92ed-f5c7a53b3214}, !- Space Name
  Adiabatic,                              !- Outside Boundary Condition
  ,                                       !- Outside Boundary Condition Object
  NoSun,                                  !- Sun Exposure
  NoWind,                                 !- Wind Exposure
  ,                                       !- View Factor to Ground
  ,                                       !- Number of Vertices
  1, 0, 1,                                !- X,Y,Z Vertex 1 {m}
  1, 1, 1,                                !- X,Y,Z Vertex 2 {m}
  0, 1, 1,                                !- X,Y,Z Vertex 3 {m}
  0, 0, 1;                                !- X,Y,Z Vertex 4 {m}

OS:Material:NoMass,
  {d04dd242-79c9-4dbb-b6b3-23a90a591593}, !- Handle
  Adiabatic,                              !- Name
  Rough,                                  !- Roughness
  176.1;                                  !- Thermal Resistance {m2-K/W}

OS:Construction,
  {663a74d3-2eb5-47ea-abed-d1935b244e01}, !- Handle
  AdiabaticConst,                         !- Name
  ,                                       !- Surface Rendering Name
  {d04dd242-79c9-4dbb-b6b3-23a90a591593}; !- Layer 1

OS:SurfaceProperty:ConvectionCoefficients,
  {db28f941-fa01-42f5-9a9b-c0ba63ed427f}, !- Handle
  {e659f8c4-4053-4c53-a6c1-14d55ce58774}, !- Surface Name
  Inside,                                 !- Convection Coefficient 1 Location
  Value,                                  !- Convection Coefficient 1 Type
  30;                                     !- Convection Coefficient 1 {W/m2-K}

OS:SurfaceProperty:ConvectionCoefficients,
  {3406d7e8-8e1e-4a42-a935-12d1c4504db3}, !- Handle
  {facd21c3-0cc5-4c0d-b9c9-b0e026632817}, !- Surface Name
  Inside,                                 !- Convection Coefficient 1 Location
  Value,                                  !- Convection Coefficient 1 Type
  30;                                     !- Convection Coefficient 1 {W/m2-K}

OS:SurfaceProperty:ConvectionCoefficients,
  {755ac11b-db26-47aa-8f7e-a8bb27f2fd5f}, !- Handle
  {9a41a9e4-3b58-4bb3-860e-9a6cd12c9067}, !- Surface Name
  Inside,                                 !- Convection Coefficient 1 Location
  Value,                                  !- Convection Coefficient 1 Type
  30;                                     !- Convection Coefficient 1 {W/m2-K}

OS:SurfaceProperty:ConvectionCoefficients,
  {bfa04a45-0887-4405-99cf-161167488ee6}, !- Handle
  {1267f8cd-a501-43ac-a8eb-3b577441c39b}, !- Surface Name
  Inside,                                 !- Convection Coefficient 1 Location
  Value,                                  !- Convection Coefficient 1 Type
  30;                                     !- Convection Coefficient 1 {W/m2-K}

OS:SurfaceProperty:ConvectionCoefficients,
  {1884d328-5a05-424e-8c10-bd9d21a37f9c}, !- Handle
  {71710332-a1cb-4fb2-aefe-f2ae9fe41ef1}, !- Surface Name
  Inside,                                 !- Convection Coefficient 1 Location
  Value,                                  !- Convection Coefficient 1 Type
  30;                                     !- Convection Coefficient 1 {W/m2-K}

OS:SurfaceProperty:ConvectionCoefficients,
  {95e075ba-3057-4e1d-a23f-199497ba5bee}, !- Handle
  {61a084af-684f-41f1-b391-b883a4ae61e2}, !- Surface Name
  Inside,                                 !- Convection Coefficient 1 Location
  Value,                                  !- Convection Coefficient 1 Type
  30;                                     !- Convection Coefficient 1 {W/m2-K}

OS:AirLoopHVAC:ReturnPlenum,
  {27b82eee-4a5d-4bb3-80f3-175c18c8e024}, !- Handle
  Air Loop HVAC Return Plenum 1,          !- Name
  {613c66dd-e757-4707-b5b7-a84e103dc937}, !- ThermalZone
  {e2cfe78c-962c-4907-b60c-a4f065f22a4e}, !- Outlet Node
  ,                                       !- Induced Air Outlet Port List
  {ed7646cb-db74-420d-a62e-37f32929cfd6}; !- Inlet Node 1

OS:Node,
  {48a45540-724d-41c9-983b-75c7e96073dd}, !- Handle
  Node 24,                                !- Name
  {e2cfe78c-962c-4907-b60c-a4f065f22a4e}, !- Inlet Port
  {d2ca1b9c-b298-4e31-8789-4ccf5ff3b1a5}; !- Outlet Port

OS:Connection,
  {ed7646cb-db74-420d-a62e-37f32929cfd6}, !- Handle
  {4788fc42-8bf1-4b20-b838-bd71aa62d823}, !- Source Object
  3,                                      !- Outlet Port
  {27b82eee-4a5d-4bb3-80f3-175c18c8e024}, !- Target Object
  5;                                      !- Inlet Port

OS:Connection,
  {e2cfe78c-962c-4907-b60c-a4f065f22a4e}, !- Handle
  {27b82eee-4a5d-4bb3-80f3-175c18c8e024}, !- Source Object
  3,                                      !- Outlet Port
  {48a45540-724d-41c9-983b-75c7e96073dd}, !- Target Object
  2;                                      !- Inlet Port

OS:Connection,
  {d2ca1b9c-b298-4e31-8789-4ccf5ff3b1a5}, !- Handle
  {48a45540-724d-41c9-983b-75c7e96073dd}, !- Source Object
  3,                                      !- Outlet Port
  {a10303e9-c1ba-4cd3-b223-131e3ce593ad}, !- Target Object
  3;                                      !- Inlet Port

OS:EnergyManagementSystem:GlobalVariable,
  {a22b194e-4b15-4a2e-980d-6260d2db9e12}, !- Handle
  central_ac_and_furnace_airloop_AH_MFR;  !- Name

OS:EnergyManagementSystem:Sensor,
  {6374713d-0030-4897-b871-e1e2c097fe3c}, !- Handle
  central_ac_and_furnace_airloop_AH_MFR_s, !- Name
  Node 5,                                 !- Output Variable or Output Meter Index Key Name
  System Node Mass Flow Rate;             !- Output Variable or Output Meter Name

OS:EnergyManagementSystem:GlobalVariable,
  {fc4e9834-d4db-4731-9986-340efc3f3f34}, !- Handle
  central_ac_and_furnace_airloop_AH_VFR;  !- Name

OS:EnergyManagementSystem:Sensor,
  {80cd99bf-d589-4c0a-9a36-c7da209581a1}, !- Handle
  central_ac_and_furnace_airloop_AH_VFR_s, !- Name
  Node 5,                                 !- Output Variable or Output Meter Index Key Name
  System Node Current Density Volume Flow Rate; !- Output Variable or Output Meter Name

OS:EnergyManagementSystem:GlobalVariable,
  {62d38f4b-ed05-477b-964d-a5d068775138}, !- Handle
  central_ac_and_furnace_airloop_AH_Tout; !- Name

OS:EnergyManagementSystem:Sensor,
  {0f829a6a-99a5-4190-8fd1-be26ef00db5d}, !- Handle
  central_ac_and_furnace_airloop_AH_Tout_s, !- Name
  Node 5,                                 !- Output Variable or Output Meter Index Key Name
  System Node Temperature;                !- Output Variable or Output Meter Name

OS:EnergyManagementSystem:GlobalVariable,
  {98bc46a5-4699-4834-a3b4-4f9a9882572e}, !- Handle
  central_ac_and_furnace_airloop_AH_Wout; !- Name

OS:EnergyManagementSystem:Sensor,
  {599bd8c2-0f67-49ed-819e-7c21987595df}, !- Handle
  central_ac_and_furnace_airloop_AH_Wout_s, !- Name
  Node 5,                                 !- Output Variable or Output Meter Index Key Name
  System Node Humidity Ratio;             !- Output Variable or Output Meter Name

OS:EnergyManagementSystem:GlobalVariable,
  {93c7e4c7-1332-4853-9f4b-910d9bba7b0e}, !- Handle
  central_ac_and_furnace_airloop_RA_T;    !- Name

OS:EnergyManagementSystem:Sensor,
  {57a4185b-da80-484e-82de-21e5799e3bb5}, !- Handle
  central_ac_and_furnace_airloop_RA_T_s,  !- Name
  Node 8,                                 !- Output Variable or Output Meter Index Key Name
  System Node Temperature;                !- Output Variable or Output Meter Name

OS:EnergyManagementSystem:GlobalVariable,
  {865004b5-8dc8-463f-9855-8bb1ed43aee6}, !- Handle
  central_ac_and_furnace_airloop_Ra_W;    !- Name

OS:EnergyManagementSystem:Sensor,
  {6331a08d-e8e0-4c0b-8e24-6c450a8d849e}, !- Handle
  central_ac_and_furnace_airloop_Ra_W_s,  !- Name
  Node 8,                                 !- Output Variable or Output Meter Index Key Name
  System Node Humidity Ratio;             !- Output Variable or Output Meter Name

OS:EnergyManagementSystem:GlobalVariable,
  {533915a4-8097-4418-8382-3ca759a5087a}, !- Handle
  central_ac_and_furnace_airloop_0_DZ_T;  !- Name

OS:EnergyManagementSystem:Sensor,
  {0a5e6546-cae6-4671-8cd8-f518e7d45d28}, !- Handle
  central_ac_and_furnace_airloop_0_DZ_T_s, !- Name
  attic - vented,                         !- Output Variable or Output Meter Index Key Name
  Zone Air Temperature;                   !- Output Variable or Output Meter Name

OS:EnergyManagementSystem:GlobalVariable,
  {d1b0f59f-874d-4c88-9f38-527ada4be33d}, !- Handle
  central_ac_and_furnace_airloop_0_DZ_W;  !- Name

OS:EnergyManagementSystem:Sensor,
  {a2d1f39b-cd33-4dfa-85e2-7f4622f5eb51}, !- Handle
  central_ac_and_furnace_airloop_0_DZ_W_s, !- Name
  attic - vented,                         !- Output Variable or Output Meter Index Key Name
  Zone Mean Air Humidity Ratio;           !- Output Variable or Output Meter Name

OS:EnergyManagementSystem:GlobalVariable,
  {0cb4e6d8-03a0-4b55-9146-71f981a69121}, !- Handle
  central_ac_and_furnace_airloop_0_SupSensLkToCond; !- Name

OS:OtherEquipment:Definition,
  {439341aa-c0b9-4ece-a2af-7d812f8c06b9}, !- Handle
  central_ac_and_furnace_airloop_0_SupSensLkToCond equip, !- Name
  EquipmentLevel,                         !- Design Level Calculation Method
  0,                                      !- Design Level {W}
  ,                                       !- Watts per Space Floor Area {W/m2}
  ,                                       !- Watts per Person {W/Person}
  0,                                      !- Fraction Latent
  0,                                      !- Fraction Radiant
  0;                                      !- Fraction Lost

OS:OtherEquipment,
  {dd73c78b-901c-4998-8497-cfb0120bf455}, !- Handle
  central_ac_and_furnace_airloop_0_SupSensLkToCond equip, !- Name
  {439341aa-c0b9-4ece-a2af-7d812f8c06b9}, !- Other Equipment Definition Name
  {0ce7c95c-eaa9-4e1c-be4f-70c83b523d81}, !- Space or SpaceType Name
  {8b6f5efa-c31a-4ff7-bb79-ef5bd05a7ece}, !- Schedule Name
  ,                                       !- Multiplier
  None,                                   !- Fuel Type
  duct load;                              !- End-Use Subcategory

OS:EnergyManagementSystem:Actuator,
  {f66c9c06-559b-435b-b00b-19209f6f0802}, !- Handle
  central_ac_and_furnace_airloop_0_SupSensLkToCond_equip_act, !- Name
  {dd73c78b-901c-4998-8497-cfb0120bf455}, !- Actuated Component Name
  OtherEquipment,                         !- Actuated Component Type
  Power Level,                            !- Actuated Component Control Type
  {0ce7c95c-eaa9-4e1c-be4f-70c83b523d81}; !- Zone or Space Name

OS:EnergyManagementSystem:GlobalVariable,
  {4aacf94c-d551-4d35-a13f-03f55b77c7b2}, !- Handle
  central_ac_and_furnace_airloop_0_SupLatLkToCond; !- Name

OS:OtherEquipment:Definition,
  {d1c0c98a-1305-45e9-b663-17f8cd18a31e}, !- Handle
  central_ac_and_furnace_airloop_0_SupLatLkToCond equip, !- Name
  EquipmentLevel,                         !- Design Level Calculation Method
  0,                                      !- Design Level {W}
  ,                                       !- Watts per Space Floor Area {W/m2}
  ,                                       !- Watts per Person {W/Person}
  1,                                      !- Fraction Latent
  0,                                      !- Fraction Radiant
  0;                                      !- Fraction Lost

OS:OtherEquipment,
  {ca2308f2-5fc4-4c85-a09b-60c451a81e23}, !- Handle
  central_ac_and_furnace_airloop_0_SupLatLkToCond equip, !- Name
  {d1c0c98a-1305-45e9-b663-17f8cd18a31e}, !- Other Equipment Definition Name
  {0ce7c95c-eaa9-4e1c-be4f-70c83b523d81}, !- Space or SpaceType Name
  {8b6f5efa-c31a-4ff7-bb79-ef5bd05a7ece}, !- Schedule Name
  ,                                       !- Multiplier
  None,                                   !- Fuel Type
  duct load;                              !- End-Use Subcategory

OS:EnergyManagementSystem:Actuator,
  {e063eca5-4a20-4a51-8f47-1ee3cd2811b1}, !- Handle
  central_ac_and_furnace_airloop_0_SupLatLkToCond_equip_act, !- Name
  {ca2308f2-5fc4-4c85-a09b-60c451a81e23}, !- Actuated Component Name
  OtherEquipment,                         !- Actuated Component Type
  Power Level,                            !- Actuated Component Control Type
  {0ce7c95c-eaa9-4e1c-be4f-70c83b523d81}; !- Zone or Space Name

OS:EnergyManagementSystem:GlobalVariable,
  {67262811-5810-4882-83cc-c34cef1210b9}, !- Handle
  central_ac_and_furnace_airloop_0_SupCondToLv; !- Name

OS:OtherEquipment:Definition,
  {0731c03c-cbde-4e4f-be26-84a022247d3a}, !- Handle
  central_ac_and_furnace_airloop_0_SupCondToLv equip, !- Name
  EquipmentLevel,                         !- Design Level Calculation Method
  0,                                      !- Design Level {W}
  ,                                       !- Watts per Space Floor Area {W/m2}
  ,                                       !- Watts per Person {W/Person}
  0,                                      !- Fraction Latent
  0,                                      !- Fraction Radiant
  0;                                      !- Fraction Lost

OS:OtherEquipment,
  {7f636725-2ea7-41a7-9ac9-927dc1633b5d}, !- Handle
  central_ac_and_furnace_airloop_0_SupCondToLv equip, !- Name
  {0731c03c-cbde-4e4f-be26-84a022247d3a}, !- Other Equipment Definition Name
  {0ce7c95c-eaa9-4e1c-be4f-70c83b523d81}, !- Space or SpaceType Name
  {8b6f5efa-c31a-4ff7-bb79-ef5bd05a7ece}, !- Schedule Name
  ,                                       !- Multiplier
  None,                                   !- Fuel Type
  duct load;                              !- End-Use Subcategory

OS:EnergyManagementSystem:Actuator,
  {21289cff-98c9-4e44-a838-677b8ebd5105}, !- Handle
  central_ac_and_furnace_airloop_0_SupCondToLv_equip_act, !- Name
  {7f636725-2ea7-41a7-9ac9-927dc1633b5d}, !- Actuated Component Name
  OtherEquipment,                         !- Actuated Component Type
  Power Level,                            !- Actuated Component Control Type
  {0ce7c95c-eaa9-4e1c-be4f-70c83b523d81}; !- Zone or Space Name

OS:EnergyManagementSystem:GlobalVariable,
  {9c5dabde-9d92-4261-9a74-0fbc1243cf8e}, !- Handle
  central_ac_and_furnace_airloop_0_RetCondToRP; !- Name

OS:OtherEquipment:Definition,
  {301ad6d9-d092-42c8-9025-563201eb9a53}, !- Handle
  central_ac_and_furnace_airloop_0_RetCondToRP equip, !- Name
  EquipmentLevel,                         !- Design Level Calculation Method
  0,                                      !- Design Level {W}
  ,                                       !- Watts per Space Floor Area {W/m2}
  ,                                       !- Watts per Person {W/Person}
  0,                                      !- Fraction Latent
  0,                                      !- Fraction Radiant
  0;                                      !- Fraction Lost

OS:OtherEquipment,
  {4be18380-3daa-4e45-8d6a-1c2a0733febb}, !- Handle
  central_ac_and_furnace_airloop_0_RetCondToRP equip, !- Name
  {301ad6d9-d092-42c8-9025-563201eb9a53}, !- Other Equipment Definition Name
  {8860c6f4-6bc2-4735-92ed-f5c7a53b3214}, !- Space or SpaceType Name
  {8b6f5efa-c31a-4ff7-bb79-ef5bd05a7ece}, !- Schedule Name
  ,                                       !- Multiplier
  None,                                   !- Fuel Type
  duct load;                              !- End-Use Subcategory

OS:EnergyManagementSystem:Actuator,
  {53fad7c0-5aa4-4c84-8e79-31ed30396327}, !- Handle
  central_ac_and_furnace_airloop_0_RetCondToRP_equip_act, !- Name
  {4be18380-3daa-4e45-8d6a-1c2a0733febb}, !- Actuated Component Name
  OtherEquipment,                         !- Actuated Component Type
  Power Level,                            !- Actuated Component Control Type
  {8860c6f4-6bc2-4735-92ed-f5c7a53b3214}; !- Zone or Space Name

OS:EnergyManagementSystem:GlobalVariable,
  {a9f3cd4d-4f2b-45e5-a95f-94a4caee5528}, !- Handle
  central_ac_and_furnace_airloop_0_RetSensLkToRP; !- Name

OS:OtherEquipment:Definition,
  {252ad56d-c32e-4fe6-8357-d683c39f7f20}, !- Handle
  central_ac_and_furnace_airloop_0_RetSensLkToRP equip, !- Name
  EquipmentLevel,                         !- Design Level Calculation Method
  0,                                      !- Design Level {W}
  ,                                       !- Watts per Space Floor Area {W/m2}
  ,                                       !- Watts per Person {W/Person}
  0,                                      !- Fraction Latent
  0,                                      !- Fraction Radiant
  0;                                      !- Fraction Lost

OS:OtherEquipment,
  {c691639d-f12d-4c32-bc45-ba250c0743fe}, !- Handle
  central_ac_and_furnace_airloop_0_RetSensLkToRP equip, !- Name
  {252ad56d-c32e-4fe6-8357-d683c39f7f20}, !- Other Equipment Definition Name
  {8860c6f4-6bc2-4735-92ed-f5c7a53b3214}, !- Space or SpaceType Name
  {8b6f5efa-c31a-4ff7-bb79-ef5bd05a7ece}, !- Schedule Name
  ,                                       !- Multiplier
  None,                                   !- Fuel Type
  duct load;                              !- End-Use Subcategory

OS:EnergyManagementSystem:Actuator,
  {4d871c2c-3b0b-4e7e-9f39-93a8756572b6}, !- Handle
  central_ac_and_furnace_airloop_0_RetSensLkToRP_equip_act, !- Name
  {c691639d-f12d-4c32-bc45-ba250c0743fe}, !- Actuated Component Name
  OtherEquipment,                         !- Actuated Component Type
  Power Level,                            !- Actuated Component Control Type
  {8860c6f4-6bc2-4735-92ed-f5c7a53b3214}; !- Zone or Space Name

OS:EnergyManagementSystem:GlobalVariable,
  {0db8e7e6-f079-4c02-8c70-94d452d71dfe}, !- Handle
  central_ac_and_furnace_airloop_0_RetLatLkToRP; !- Name

OS:OtherEquipment:Definition,
  {114cf311-5ad7-4b58-b70a-caa56f6e6c4b}, !- Handle
  central_ac_and_furnace_airloop_0_RetLatLkToRP equip, !- Name
  EquipmentLevel,                         !- Design Level Calculation Method
  0,                                      !- Design Level {W}
  ,                                       !- Watts per Space Floor Area {W/m2}
  ,                                       !- Watts per Person {W/Person}
  1,                                      !- Fraction Latent
  0,                                      !- Fraction Radiant
  0;                                      !- Fraction Lost

OS:OtherEquipment,
  {9d40cea2-9327-45f6-9b87-3aa5c065d440}, !- Handle
  central_ac_and_furnace_airloop_0_RetLatLkToRP equip, !- Name
  {114cf311-5ad7-4b58-b70a-caa56f6e6c4b}, !- Other Equipment Definition Name
  {8860c6f4-6bc2-4735-92ed-f5c7a53b3214}, !- Space or SpaceType Name
  {8b6f5efa-c31a-4ff7-bb79-ef5bd05a7ece}, !- Schedule Name
  ,                                       !- Multiplier
  None,                                   !- Fuel Type
  duct load;                              !- End-Use Subcategory

OS:EnergyManagementSystem:Actuator,
  {8e211e09-f290-43f3-9db9-bde0ca7d7348}, !- Handle
  central_ac_and_furnace_airloop_0_RetLatLkToRP_equip_act, !- Name
  {9d40cea2-9327-45f6-9b87-3aa5c065d440}, !- Actuated Component Name
  OtherEquipment,                         !- Actuated Component Type
  Power Level,                            !- Actuated Component Control Type
  {8860c6f4-6bc2-4735-92ed-f5c7a53b3214}; !- Zone or Space Name

OS:EnergyManagementSystem:GlobalVariable,
  {abccdd85-80c9-4561-9c91-1f99765558b6}, !- Handle
  central_ac_and_furnace_airloop_0_SupCondToDZ; !- Name

OS:OtherEquipment:Definition,
  {d8f833c5-fd50-4ede-9de4-f6cb3a21dc2c}, !- Handle
  central_ac_and_furnace_airloop_0_SupCondToDZ equip, !- Name
  EquipmentLevel,                         !- Design Level Calculation Method
  0,                                      !- Design Level {W}
  ,                                       !- Watts per Space Floor Area {W/m2}
  ,                                       !- Watts per Person {W/Person}
  0,                                      !- Fraction Latent
  0,                                      !- Fraction Radiant
  0;                                      !- Fraction Lost

OS:OtherEquipment,
  {995cdd2e-6c85-48cd-b9c8-49349494876a}, !- Handle
  central_ac_and_furnace_airloop_0_SupCondToDZ equip, !- Name
  {d8f833c5-fd50-4ede-9de4-f6cb3a21dc2c}, !- Other Equipment Definition Name
  {2042ae1a-9c13-476d-b245-229c06e5ba09}, !- Space or SpaceType Name
  {8b6f5efa-c31a-4ff7-bb79-ef5bd05a7ece}, !- Schedule Name
  ,                                       !- Multiplier
  None,                                   !- Fuel Type
  General;                                !- End-Use Subcategory

OS:EnergyManagementSystem:Actuator,
  {1bb9718e-5386-42f6-a7e4-2bccffd154b2}, !- Handle
  central_ac_and_furnace_airloop_0_SupCondToDZ_equip_act, !- Name
  {995cdd2e-6c85-48cd-b9c8-49349494876a}, !- Actuated Component Name
  OtherEquipment,                         !- Actuated Component Type
  Power Level,                            !- Actuated Component Control Type
  {2042ae1a-9c13-476d-b245-229c06e5ba09}; !- Zone or Space Name

OS:EnergyManagementSystem:GlobalVariable,
  {8b6675ea-24ab-4b07-9ee3-54a2ca8cd20b}, !- Handle
  central_ac_and_furnace_airloop_0_RetCondToDZ; !- Name

OS:OtherEquipment:Definition,
  {4b4013e8-2597-4d61-bbaf-764e8f1fbd87}, !- Handle
  central_ac_and_furnace_airloop_0_RetCondToDZ equip, !- Name
  EquipmentLevel,                         !- Design Level Calculation Method
  0,                                      !- Design Level {W}
  ,                                       !- Watts per Space Floor Area {W/m2}
  ,                                       !- Watts per Person {W/Person}
  0,                                      !- Fraction Latent
  0,                                      !- Fraction Radiant
  0;                                      !- Fraction Lost

OS:OtherEquipment,
  {c12d6d88-8b5f-495b-ba9d-0dc2c848cff8}, !- Handle
  central_ac_and_furnace_airloop_0_RetCondToDZ equip, !- Name
  {4b4013e8-2597-4d61-bbaf-764e8f1fbd87}, !- Other Equipment Definition Name
  {2042ae1a-9c13-476d-b245-229c06e5ba09}, !- Space or SpaceType Name
  {8b6f5efa-c31a-4ff7-bb79-ef5bd05a7ece}, !- Schedule Name
  ,                                       !- Multiplier
  None,                                   !- Fuel Type
  General;                                !- End-Use Subcategory

OS:EnergyManagementSystem:Actuator,
  {b50ed185-5400-47fd-a1cd-7a6c5d5ef47d}, !- Handle
  central_ac_and_furnace_airloop_0_RetCondToDZ_equip_act, !- Name
  {c12d6d88-8b5f-495b-ba9d-0dc2c848cff8}, !- Actuated Component Name
  OtherEquipment,                         !- Actuated Component Type
  Power Level,                            !- Actuated Component Control Type
  {2042ae1a-9c13-476d-b245-229c06e5ba09}; !- Zone or Space Name

OS:EnergyManagementSystem:GlobalVariable,
  {218478a5-25a9-4afe-ae36-a172ac742a61}, !- Handle
  central_ac_and_furnace_airloop_0_SupSensLkToDZ; !- Name

OS:OtherEquipment:Definition,
  {0064adf0-2d04-4e45-bdca-0d54f360dfbb}, !- Handle
  central_ac_and_furnace_airloop_0_SupSensLkToDZ equip, !- Name
  EquipmentLevel,                         !- Design Level Calculation Method
  0,                                      !- Design Level {W}
  ,                                       !- Watts per Space Floor Area {W/m2}
  ,                                       !- Watts per Person {W/Person}
  0,                                      !- Fraction Latent
  0,                                      !- Fraction Radiant
  0;                                      !- Fraction Lost

OS:OtherEquipment,
  {a4e35fd5-8c1c-4abd-9553-123b059ec917}, !- Handle
  central_ac_and_furnace_airloop_0_SupSensLkToDZ equip, !- Name
  {0064adf0-2d04-4e45-bdca-0d54f360dfbb}, !- Other Equipment Definition Name
  {2042ae1a-9c13-476d-b245-229c06e5ba09}, !- Space or SpaceType Name
  {8b6f5efa-c31a-4ff7-bb79-ef5bd05a7ece}, !- Schedule Name
  ,                                       !- Multiplier
  None,                                   !- Fuel Type
  General;                                !- End-Use Subcategory

OS:EnergyManagementSystem:Actuator,
  {553ff5d5-09b6-4d1d-a6ec-8c3d22e5f547}, !- Handle
  central_ac_and_furnace_airloop_0_SupSensLkToDZ_equip_act, !- Name
  {a4e35fd5-8c1c-4abd-9553-123b059ec917}, !- Actuated Component Name
  OtherEquipment,                         !- Actuated Component Type
  Power Level,                            !- Actuated Component Control Type
  {2042ae1a-9c13-476d-b245-229c06e5ba09}; !- Zone or Space Name

OS:EnergyManagementSystem:GlobalVariable,
  {2f35e1ef-fd41-4ca8-9af1-d60c8560ff42}, !- Handle
  central_ac_and_furnace_airloop_0_SupLatLkToDZ; !- Name

OS:OtherEquipment:Definition,
  {d4e6d38c-0f78-4725-9752-925863cff7e9}, !- Handle
  central_ac_and_furnace_airloop_0_SupLatLkToDZ equip, !- Name
  EquipmentLevel,                         !- Design Level Calculation Method
  0,                                      !- Design Level {W}
  ,                                       !- Watts per Space Floor Area {W/m2}
  ,                                       !- Watts per Person {W/Person}
  1,                                      !- Fraction Latent
  0,                                      !- Fraction Radiant
  0;                                      !- Fraction Lost

OS:OtherEquipment,
  {13fe6ccd-d640-4177-9120-45f5ad7e2afb}, !- Handle
  central_ac_and_furnace_airloop_0_SupLatLkToDZ equip, !- Name
  {d4e6d38c-0f78-4725-9752-925863cff7e9}, !- Other Equipment Definition Name
  {2042ae1a-9c13-476d-b245-229c06e5ba09}, !- Space or SpaceType Name
  {8b6f5efa-c31a-4ff7-bb79-ef5bd05a7ece}, !- Schedule Name
  ,                                       !- Multiplier
  None,                                   !- Fuel Type
  General;                                !- End-Use Subcategory

OS:EnergyManagementSystem:Actuator,
  {f3d7b5d0-38b2-4ba2-9772-7e17cefd3479}, !- Handle
  central_ac_and_furnace_airloop_0_SupLatLkToDZ_equip_act, !- Name
  {13fe6ccd-d640-4177-9120-45f5ad7e2afb}, !- Actuated Component Name
  OtherEquipment,                         !- Actuated Component Type
  Power Level,                            !- Actuated Component Control Type
  {2042ae1a-9c13-476d-b245-229c06e5ba09}; !- Zone or Space Name

OS:EnergyManagementSystem:GlobalVariable,
  {827ca5f5-f8cb-427f-b984-daf58fadbeb4}, !- Handle
  central_ac_and_furnace_airloop_0_ZoneMixDZToCond; !- Name

OS:ZoneMixing,
  {92b1c46c-afef-451a-a61c-f4825d3950a1}, !- Handle
  central_ac_and_furnace_airloop_0_ZoneMixDZToCond mix, !- Name
  {90961844-a5c1-44d4-8d26-df7a52080608}, !- Zone or Space Name
  {1226f342-d166-4101-aa03-e929d9c16e00}, !- Schedule Name
  Flow/Zone,                              !- Design Flow Rate Calculation Method
  0,                                      !- Design Flow Rate {m3/s}
  ,                                       !- Flow Rate per Floor Area {m3/s-m2}
  ,                                       !- Flow Rate per Person {m3/s-person}
  ,                                       !- Air Changes per Hour {1/hr}
  {92eeaa0e-23b0-48bc-9f55-06d358a92f11}, !- Source Zone or Space Name
  ,                                       !- Delta Temperature {deltaC}
  ,                                       !- Delta Temperature Schedule Name
  ,                                       !- Minimum Receiving Temperature Schedule Name
  ,                                       !- Maximum Receiving Temperature Schedule Name
  ,                                       !- Minimum Source Temperature Schedule Name
  ,                                       !- Maximum Source Temperature Schedule Name
  ,                                       !- Minimum Outdoor Temperature Schedule Name
  ;                                       !- Maximum Outdoor Temperature Schedule Name

OS:Schedule:Constant,
  {1226f342-d166-4101-aa03-e929d9c16e00}, !- Handle
  Always On Continuous,                   !- Name
  {33038324-4e4a-4d8c-a08d-c465cbfd54c9}, !- Schedule Type Limits Name
  1;                                      !- Value

OS:ScheduleTypeLimits,
  {33038324-4e4a-4d8c-a08d-c465cbfd54c9}, !- Handle
  Fractional 1,                           !- Name
  0,                                      !- Lower Limit Value
  1,                                      !- Upper Limit Value
  Continuous,                             !- Numeric Type
  ;                                       !- Unit Type

OS:EnergyManagementSystem:Actuator,
  {def35ccd-3325-4059-9e3e-af163c8bcfd2}, !- Handle
  central_ac_and_furnace_airloop_0_ZoneMixDZToCond_mix_act, !- Name
  {92b1c46c-afef-451a-a61c-f4825d3950a1}, !- Actuated Component Name
  ZoneMixing,                             !- Actuated Component Type
  Air Exchange Flow Rate,                 !- Actuated Component Control Type
  ;                                       !- Zone or Space Name

OS:AdditionalProperties,
  {fc0cc932-9cfd-4331-a89f-89e7dd8ac9d3}, !- Handle
  {92b1c46c-afef-451a-a61c-f4825d3950a1}, !- Object Name
  ObjectType,                             !- Feature Name 1
  String,                                 !- Feature Data Type 1
  duct load;                              !- Feature Value 1

OS:EnergyManagementSystem:GlobalVariable,
  {6fdc2d49-4ede-4267-820f-826d11020eff}, !- Handle
  central_ac_and_furnace_airloop_0_ZoneMixCondToDZ; !- Name

OS:ZoneMixing,
  {7cac271a-c8fe-4506-8b28-4753d6a9f090}, !- Handle
  central_ac_and_furnace_airloop_0_ZoneMixCondToDZ mix, !- Name
  {92eeaa0e-23b0-48bc-9f55-06d358a92f11}, !- Zone or Space Name
  {1226f342-d166-4101-aa03-e929d9c16e00}, !- Schedule Name
  Flow/Zone,                              !- Design Flow Rate Calculation Method
  0,                                      !- Design Flow Rate {m3/s}
  ,                                       !- Flow Rate per Floor Area {m3/s-m2}
  ,                                       !- Flow Rate per Person {m3/s-person}
  ,                                       !- Air Changes per Hour {1/hr}
  {90961844-a5c1-44d4-8d26-df7a52080608}, !- Source Zone or Space Name
  ,                                       !- Delta Temperature {deltaC}
  ,                                       !- Delta Temperature Schedule Name
  ,                                       !- Minimum Receiving Temperature Schedule Name
  ,                                       !- Maximum Receiving Temperature Schedule Name
  ,                                       !- Minimum Source Temperature Schedule Name
  ,                                       !- Maximum Source Temperature Schedule Name
  ,                                       !- Minimum Outdoor Temperature Schedule Name
  ;                                       !- Maximum Outdoor Temperature Schedule Name

OS:EnergyManagementSystem:Actuator,
  {9952294c-de7d-41ed-81d1-436d047f1f11}, !- Handle
  central_ac_and_furnace_airloop_0_ZoneMixCondToDZ_mix_act, !- Name
  {7cac271a-c8fe-4506-8b28-4753d6a9f090}, !- Actuated Component Name
  ZoneMixing,                             !- Actuated Component Type
  Air Exchange Flow Rate,                 !- Actuated Component Control Type
  ;                                       !- Zone or Space Name

OS:AdditionalProperties,
  {068abfc7-9a44-48a3-8c88-e558f1f7618f}, !- Handle
  {7cac271a-c8fe-4506-8b28-4753d6a9f090}, !- Object Name
  ObjectType,                             !- Feature Name 1
  String,                                 !- Feature Data Type 1
  duct load;                              !- Feature Value 1

OS:EnergyManagementSystem:Subroutine,
  {0348fba3-4760-4b44-91ae-7a6188c2342d}, !- Handle
  central_ac_and_furnace_airloop_0_duct_subroutine, !- Name
  Set AH_MFR = central_ac_and_furnace_airloop_AH_MFR / 1, !- Program Line 1
  If AH_MFR>0,                            !- Program Line 2
  Set AH_Tout = central_ac_and_furnace_airloop_AH_Tout, !- Program Line 3
  Set AH_Wout = central_ac_and_furnace_airloop_AH_Wout, !- Program Line 4
  Set RA_T = central_ac_and_furnace_airloop_RA_T, !- Program Line 5
  Set RA_W = central_ac_and_furnace_airloop_Ra_W, !- Program Line 6
  Set Fan_RTF = central_ac_and_furnace_airloop_Fan_RTF, !- Program Line 7
  Set DZ_T = central_ac_and_furnace_airloop_0_DZ_T, !- Program Line 8
  Set DZ_W = central_ac_and_furnace_airloop_0_DZ_W, !- Program Line 9
  Set AH_VFR = central_ac_and_furnace_airloop_AH_VFR / 1, !- Program Line 10
  Set h_SA = (@HFnTdbW AH_Tout AH_Wout),  !- Program Line 11
  Set h_RA = (@HFnTdbW RA_T RA_W),        !- Program Line 12
  Set h_fg = (@HfgAirFnWTdb AH_Wout AH_Tout), !- Program Line 13
  Set h_DZ = (@HFnTdbW DZ_T DZ_W),        !- Program Line 14
  Set air_cp = 1006.0,                    !- Program Line 15
  Set f_sup = 0.2,                        !- Program Line 16
  Set f_ret = 0.1,                        !- Program Line 17
  Set sup_lk_mfr = f_sup * AH_MFR,        !- Program Line 18
  Set ret_lk_mfr = f_ret * AH_MFR,        !- Program Line 19
  Set SupTotLkToCond = sup_lk_mfr*(h_RA - h_SA), !- Program Line 20
  Set SupLatLkToCond = sup_lk_mfr*h_fg*(RA_W-AH_Wout), !- Program Line 21
  Set SupSensLkToCond = SupTotLkToCond-SupLatLkToCond, !- Program Line 22
  Set supply_ua = 69.097,                 !- Program Line 23
  Set eTm = 0-((Fan_RTF/(AH_MFR*air_cp))*supply_ua), !- Program Line 24
  Set t_sup = DZ_T+((AH_Tout-DZ_T)*(@Exp eTm)), !- Program Line 25
  Set SupCondToCond = AH_MFR*air_cp*(t_sup-AH_Tout), !- Program Line 26
  Set SupCondToDZ = 0-SupCondToCond,      !- Program Line 27
  Set return_ua = 11.825,                 !- Program Line 28
  Set eTm = 0-((Fan_RTF/(AH_MFR*air_cp))*return_ua), !- Program Line 29
  Set t_ret = DZ_T+((RA_T-DZ_T)*(@Exp eTm)), !- Program Line 30
  Set RetCondToRP = AH_MFR*air_cp*(t_ret-RA_T), !- Program Line 31
  Set RetCondToDZ = 0-RetCondToRP,        !- Program Line 32
  Set RetLatLkToRP = 0,                   !- Program Line 33
  Set RetSensLkToRP = ret_lk_mfr*air_cp*(DZ_T-RA_T), !- Program Line 34
  Set SupTotLkToDZ = sup_lk_mfr*(h_SA-h_DZ), !- Program Line 35
  Set SupLatLkToDZ = sup_lk_mfr*h_fg*(AH_Wout-DZ_W), !- Program Line 36
  Set SupSensLkToDZ = SupTotLkToDZ-SupLatLkToDZ, !- Program Line 37
  Set f_imbalance = f_sup-f_ret,          !- Program Line 38
  Set oa_vfr = 1.0 * f_imbalance * AH_VFR, !- Program Line 39
  Set sup_lk_vfr = f_sup * AH_VFR,        !- Program Line 40
  Set ret_lk_vfr = f_ret * AH_VFR,        !- Program Line 41
  If f_sup > f_ret,                       !- Program Line 42
  Set ZoneMixCondToDZ = 0,                !- Program Line 43
  Set ZoneMixDZToCond = (sup_lk_vfr-ret_lk_vfr)-oa_vfr, !- Program Line 44
  Else,                                   !- Program Line 45
  Set ZoneMixCondToDZ = (ret_lk_vfr-sup_lk_vfr)+oa_vfr, !- Program Line 46
  Set ZoneMixDZToCond = 0,                !- Program Line 47
  EndIf,                                  !- Program Line 48
  Else,                                   !- Program Line 49
  Set SupLatLkToCond = 0,                 !- Program Line 50
  Set SupSensLkToCond = 0,                !- Program Line 51
  Set SupCondToCond = 0,                  !- Program Line 52
  Set RetCondToRP = 0,                    !- Program Line 53
  Set RetLatLkToRP = 0,                   !- Program Line 54
  Set RetSensLkToRP = 0,                  !- Program Line 55
  Set RetCondToDZ = 0,                    !- Program Line 56
  Set SupCondToDZ = 0,                    !- Program Line 57
  Set SupLatLkToDZ = 0,                   !- Program Line 58
  Set SupSensLkToDZ = 0,                  !- Program Line 59
  Set ZoneMixCondToDZ = 0,                !- Program Line 60
  Set ZoneMixDZToCond = 0,                !- Program Line 61
  EndIf,                                  !- Program Line 62
  Set central_ac_and_furnace_airloop_0_SupLatLkToCond = SupLatLkToCond, !- Program Line 63
  Set central_ac_and_furnace_airloop_0_SupSensLkToCond = SupSensLkToCond, !- Program Line 64
  Set central_ac_and_furnace_airloop_0_SupCondToLv = SupCondToCond, !- Program Line 65
  Set central_ac_and_furnace_airloop_0_RetCondToRP = RetCondToRP, !- Program Line 66
  Set central_ac_and_furnace_airloop_0_RetLatLkToRP = RetLatLkToRP, !- Program Line 67
  Set central_ac_and_furnace_airloop_0_RetSensLkToRP = RetSensLkToRP, !- Program Line 68
  Set central_ac_and_furnace_airloop_0_RetCondToDZ = RetCondToDZ, !- Program Line 69
  Set central_ac_and_furnace_airloop_0_SupCondToDZ = SupCondToDZ, !- Program Line 70
  Set central_ac_and_furnace_airloop_0_SupLatLkToDZ = SupLatLkToDZ, !- Program Line 71
  Set central_ac_and_furnace_airloop_0_SupSensLkToDZ = SupSensLkToDZ, !- Program Line 72
  Set central_ac_and_furnace_airloop_0_ZoneMixCondToDZ = ZoneMixCondToDZ, !- Program Line 73
  Set central_ac_and_furnace_airloop_0_ZoneMixDZToCond = ZoneMixDZToCond; !- Program Line 74

OS:EnergyManagementSystem:Program,
  {4883be8f-f14f-447d-b739-2036e152dfc1}, !- Handle
  central_ac_and_furnace_airloop_0_duct_program, !- Name
  Set central_ac_and_furnace_airloop_AH_MFR = central_ac_and_furnace_airloop_AH_MFR_s, !- Program Line 1
  Set central_ac_and_furnace_airloop_Fan_RTF = 0, !- Program Line 2
  Set central_ac_and_furnace_airloop_Fan_RTF = central_ac_and_furnace_airloop_Fan_RTF + central_ac_and_furnace_airloop_Fan_RTF_s, !- Program Line 3
  Set central_ac_and_furnace_airloop_Fan_RTF = central_ac_and_furnace_airloop_Fan_RTF + central_ac_and_furnace_airloop_Fan_RTF_s_1, !- Program Line 4
  Set central_ac_and_furnace_airloop_AH_VFR = central_ac_and_furnace_airloop_AH_VFR_s, !- Program Line 5
  Set central_ac_and_furnace_airloop_AH_Tout = central_ac_and_furnace_airloop_AH_Tout_s, !- Program Line 6
  Set central_ac_and_furnace_airloop_AH_Wout = central_ac_and_furnace_airloop_AH_Wout_s, !- Program Line 7
  Set central_ac_and_furnace_airloop_RA_T = central_ac_and_furnace_airloop_RA_T_s, !- Program Line 8
  Set central_ac_and_furnace_airloop_Ra_W = central_ac_and_furnace_airloop_Ra_W_s, !- Program Line 9
  Set central_ac_and_furnace_airloop_0_DZ_T = central_ac_and_furnace_airloop_0_DZ_T_s, !- Program Line 10
  Set central_ac_and_furnace_airloop_0_DZ_W = central_ac_and_furnace_airloop_0_DZ_W_s, !- Program Line 11
  Run central_ac_and_furnace_airloop_0_duct_subroutine, !- Program Line 12
  Set central_ac_and_furnace_airloop_0_SupSensLkToCond_equip_act = central_ac_and_furnace_airloop_0_SupSensLkToCond, !- Program Line 13
  Set central_ac_and_furnace_airloop_0_SupLatLkToCond_equip_act = central_ac_and_furnace_airloop_0_SupLatLkToCond, !- Program Line 14
  Set central_ac_and_furnace_airloop_0_SupCondToLv_equip_act = central_ac_and_furnace_airloop_0_SupCondToLv, !- Program Line 15
  Set central_ac_and_furnace_airloop_0_RetSensLkToRP_equip_act = central_ac_and_furnace_airloop_0_RetSensLkToRP, !- Program Line 16
  Set central_ac_and_furnace_airloop_0_RetLatLkToRP_equip_act = central_ac_and_furnace_airloop_0_RetLatLkToRP, !- Program Line 17
  Set central_ac_and_furnace_airloop_0_RetCondToRP_equip_act = central_ac_and_furnace_airloop_0_RetCondToRP, !- Program Line 18
  Set central_ac_and_furnace_airloop_0_RetCondToDZ_equip_act = central_ac_and_furnace_airloop_0_RetCondToDZ, !- Program Line 19
  Set central_ac_and_furnace_airloop_0_SupCondToDZ_equip_act = central_ac_and_furnace_airloop_0_SupCondToDZ, !- Program Line 20
  Set central_ac_and_furnace_airloop_0_SupSensLkToDZ_equip_act = central_ac_and_furnace_airloop_0_SupSensLkToDZ, !- Program Line 21
  Set central_ac_and_furnace_airloop_0_SupLatLkToDZ_equip_act = central_ac_and_furnace_airloop_0_SupLatLkToDZ, !- Program Line 22
  Set central_ac_and_furnace_airloop_0_ZoneMixDZToCond_mix_act = central_ac_and_furnace_airloop_0_ZoneMixDZToCond, !- Program Line 23
  Set central_ac_and_furnace_airloop_0_ZoneMixCondToDZ_mix_act = central_ac_and_furnace_airloop_0_ZoneMixCondToDZ; !- Program Line 24

OS:EnergyManagementSystem:ProgramCallingManager,
  {0f80288c-2597-4d1f-9361-9bb5d836b46f}, !- Handle
  central_ac_and_furnace_airloop_0_duct_program calling manager, !- Name
  EndOfSystemTimestepAfterHVACReporting,  !- EnergyPlus Model Calling Point
  {4883be8f-f14f-447d-b739-2036e152dfc1}; !- Program Name 1

OS:Schedule:Ruleset,
  {a429e2a4-d4d0-4aaf-a081-b29796fa9f2c}, !- Handle
  natural vent schedule,                  !- Name
  {32724f63-3a01-413f-b815-051f496ec45a}, !- Schedule Type Limits Name
  {67d69c2b-6592-4d0d-872c-2a97c4132da1}; !- Default Day Schedule Name

OS:Schedule:Day,
  {67d69c2b-6592-4d0d-872c-2a97c4132da1}, !- Handle
  natural vent schedule default day,      !- Name
  {32724f63-3a01-413f-b815-051f496ec45a}, !- Schedule Type Limits Name
  ,                                       !- Interpolate to Timestep
  24,                                     !- Hour 1
  0,                                      !- Minute 1
  0;                                      !- Value Until Time 1

OS:Schedule:Rule,
  {ffa03ad5-2892-4527-8067-a57c04eeb67f}, !- Handle
  natural vent schedule rule,             !- Name
  {a429e2a4-d4d0-4aaf-a081-b29796fa9f2c}, !- Schedule Ruleset Name
  0,                                      !- Rule Order
  {85c8745f-01e4-4c6b-b331-8d77d815c01b}, !- Day Schedule Name
  ,                                       !- Apply Sunday
  Yes,                                    !- Apply Monday
  ,                                       !- Apply Tuesday
  Yes,                                    !- Apply Wednesday
  ,                                       !- Apply Thursday
  Yes,                                    !- Apply Friday
  ,                                       !- Apply Saturday
  DateRange,                              !- Date Specification Type
  1,                                      !- Start Month
  1,                                      !- Start Day
  12,                                     !- End Month
  31;                                     !- End Day

OS:Schedule:Day,
  {85c8745f-01e4-4c6b-b331-8d77d815c01b}, !- Handle
  natural vent schedule avail day,        !- Name
  {32724f63-3a01-413f-b815-051f496ec45a}, !- Schedule Type Limits Name
  ,                                       !- Interpolate to Timestep
  24,                                     !- Hour 1
  0,                                      !- Minute 1
  1;                                      !- Value Until Time 1

OS:EnergyManagementSystem:Sensor,
  {82213522-786c-4793-8fa7-940692e89c13}, !- Handle
  natural_vent_s,                         !- Name
  natural vent schedule,                  !- Output Variable or Output Meter Index Key Name
  Schedule Value;                         !- Output Variable or Output Meter Name

OS:EnergyManagementSystem:Sensor,
  {4a6eb209-e89a-4550-8c86-af7059573a88}, !- Handle
  htg_sp_s,                               !- Name
  heating setpoint,                       !- Output Variable or Output Meter Index Key Name
  Schedule Value;                         !- Output Variable or Output Meter Name

OS:EnergyManagementSystem:Sensor,
  {7470230f-90c0-4b81-8d6c-7dba88c3ebb3}, !- Handle
  clg_sp_s,                               !- Name
  cooling setpoint,                       !- Output Variable or Output Meter Index Key Name
  Schedule Value;                         !- Output Variable or Output Meter Name

OS:SpaceInfiltration:DesignFlowRate,
  {699d1000-0448-41d9-a93c-7d3c3841ea9d}, !- Handle
  natural vent flow,                      !- Name
  {0ce7c95c-eaa9-4e1c-be4f-70c83b523d81}, !- Space or SpaceType Name
  {8b6f5efa-c31a-4ff7-bb79-ef5bd05a7ece}, !- Schedule Name
  Flow/Space,                             !- Design Flow Rate Calculation Method
  0,                                      !- Design Flow Rate {m3/s}
  ,                                       !- Flow per Space Floor Area {m3/s-m2}
  ,                                       !- Flow per Exterior Surface Area {m3/s-m2}
  ,                                       !- Air Changes per Hour {1/hr}
  ,                                       !- Constant Term Coefficient
  ,                                       !- Temperature Term Coefficient
  ,                                       !- Velocity Term Coefficient
  ;                                       !- Velocity Squared Term Coefficient

OS:EnergyManagementSystem:Actuator,
  {62df0656-c2c3-4f68-a9e6-bfaf007d4b60}, !- Handle
  natural_vent_flow_act,                  !- Name
  {699d1000-0448-41d9-a93c-7d3c3841ea9d}, !- Actuated Component Name
  Zone Infiltration,                      !- Actuated Component Type
  Air Exchange Flow Rate,                 !- Actuated Component Control Type
  ;                                       !- Zone or Space Name

OS:AdditionalProperties,
  {b4f128ac-f74a-4a57-b516-8917adcee601}, !- Handle
  {699d1000-0448-41d9-a93c-7d3c3841ea9d}, !- Object Name
  ObjectType,                             !- Feature Name 1
  String,                                 !- Feature Data Type 1
  natural vent;                           !- Feature Value 1

OS:SpaceInfiltration:DesignFlowRate,
  {5394541a-52be-4f47-8bab-0237e3ee2cbe}, !- Handle
  whole house fan flow,                   !- Name
  {0ce7c95c-eaa9-4e1c-be4f-70c83b523d81}, !- Space or SpaceType Name
  {8b6f5efa-c31a-4ff7-bb79-ef5bd05a7ece}, !- Schedule Name
  Flow/Space,                             !- Design Flow Rate Calculation Method
  0,                                      !- Design Flow Rate {m3/s}
  ,                                       !- Flow per Space Floor Area {m3/s-m2}
  ,                                       !- Flow per Exterior Surface Area {m3/s-m2}
  ,                                       !- Air Changes per Hour {1/hr}
  ,                                       !- Constant Term Coefficient
  ,                                       !- Temperature Term Coefficient
  ,                                       !- Velocity Term Coefficient
  ;                                       !- Velocity Squared Term Coefficient

OS:EnergyManagementSystem:Actuator,
  {2de15c44-5cb6-4ea5-b40e-e3a39e713080}, !- Handle
  whole_house_fan_flow_act,               !- Name
  {5394541a-52be-4f47-8bab-0237e3ee2cbe}, !- Actuated Component Name
  Zone Infiltration,                      !- Actuated Component Type
  Air Exchange Flow Rate,                 !- Actuated Component Control Type
  ;                                       !- Zone or Space Name

OS:AdditionalProperties,
  {fea244ad-29f6-4381-bc83-d966574f1aec}, !- Handle
  {5394541a-52be-4f47-8bab-0237e3ee2cbe}, !- Object Name
  ObjectType,                             !- Feature Name 1
  String,                                 !- Feature Data Type 1
  whole house fan;                        !- Feature Value 1

OS:ElectricEquipment:Definition,
  {8151251b-7754-45c4-a0d5-f27c3156f873}, !- Handle
  whole house fan,                        !- Name
  EquipmentLevel,                         !- Design Level Calculation Method
  0,                                      !- Design Level {W}
  ,                                       !- Watts per Space Floor Area {W/m2}
  ,                                       !- Watts per Person {W/person}
  0,                                      !- Fraction Latent
  0,                                      !- Fraction Radiant
  1;                                      !- Fraction Lost

OS:ElectricEquipment,
  {449cfe50-1ad7-44a8-978e-b2858f234885}, !- Handle
  whole house fan,                        !- Name
  {8151251b-7754-45c4-a0d5-f27c3156f873}, !- Electric Equipment Definition Name
  {0ce7c95c-eaa9-4e1c-be4f-70c83b523d81}, !- Space or SpaceType Name
  {8b6f5efa-c31a-4ff7-bb79-ef5bd05a7ece}, !- Schedule Name
  ,                                       !- Multiplier
  whole house fan;                        !- End-Use Subcategory

OS:EnergyManagementSystem:Actuator,
  {c9b3f14d-bbe6-421c-b127-c7d02d42e6ea}, !- Handle
  whole_house_fan_act,                    !- Name
  {449cfe50-1ad7-44a8-978e-b2858f234885}, !- Actuated Component Name
  ElectricEquipment,                      !- Actuated Component Type
  Electricity Rate,                       !- Actuated Component Control Type
  {0ce7c95c-eaa9-4e1c-be4f-70c83b523d81}; !- Zone or Space Name

OS:ZoneMixing,
  {ca37ff37-308e-47e4-a6db-03e823fa3c88}, !- Handle
  whole house fan mix,                    !- Name
  {92eeaa0e-23b0-48bc-9f55-06d358a92f11}, !- Zone or Space Name
  {1226f342-d166-4101-aa03-e929d9c16e00}, !- Schedule Name
  Flow/Zone,                              !- Design Flow Rate Calculation Method
  0,                                      !- Design Flow Rate {m3/s}
  ,                                       !- Flow Rate per Floor Area {m3/s-m2}
  ,                                       !- Flow Rate per Person {m3/s-person}
  ,                                       !- Air Changes per Hour {1/hr}
  {90961844-a5c1-44d4-8d26-df7a52080608}, !- Source Zone or Space Name
  ,                                       !- Delta Temperature {deltaC}
  ,                                       !- Delta Temperature Schedule Name
  ,                                       !- Minimum Receiving Temperature Schedule Name
  ,                                       !- Maximum Receiving Temperature Schedule Name
  ,                                       !- Minimum Source Temperature Schedule Name
  ,                                       !- Maximum Source Temperature Schedule Name
  ,                                       !- Minimum Outdoor Temperature Schedule Name
  ;                                       !- Maximum Outdoor Temperature Schedule Name

OS:EnergyManagementSystem:Actuator,
  {42b75639-0e6c-4c78-a3d1-0c55b45d340e}, !- Handle
  whole_house_fan_mix_act,                !- Name
  {ca37ff37-308e-47e4-a6db-03e823fa3c88}, !- Actuated Component Name
  ZoneMixing,                             !- Actuated Component Type
  Air Exchange Flow Rate,                 !- Actuated Component Control Type
  ;                                       !- Zone or Space Name

OS:EnergyManagementSystem:Program,
  {bb125071-d22c-431b-8135-a8c8b7da8817}, !- Handle
  natural_vent_program,                   !- Name
  Set Tin = tin_s,                        !- Program Line 1
  Set Tout = tout_s,                      !- Program Line 2
  Set Wout = out_wt_s,                    !- Program Line 3
  Set Pbar = out_pb_s,                    !- Program Line 4
  Set Phiout = (@RhFnTdbWPb Tout Wout Pbar), !- Program Line 5
  Set MaxHR = 0.0115,                     !- Program Line 6
  Set MaxRH = 0.7,                        !- Program Line 7
  Set Tnvsp = (htg_sp_s + clg_sp_s) / 2,  !- Program Line 8
  Set NVavail = natural_vent_s,           !- Program Line 9
  Set ClgSsnAvail = cool_season,          !- Program Line 10
  Set natural_vent_flow_act = 0,          !- Program Line 11
  Set whole_house_fan_flow_act = 0,       !- Program Line 12
  Set whole_house_fan_mix_act = 0,        !- Program Line 13
  Set whole_house_fan_act = 0,            !- Program Line 14
  If ((Wout < MaxHR) && (Phiout < MaxRH) && (Tin > Tout) && (Tin > Tnvsp) && (ClgSsnAvail > 0)), !- Program Line 15
  Set WHF_Flow = 0,                       !- Program Line 16
  Set Adj = (Tin-Tnvsp)/(Tin-Tout),       !- Program Line 17
  Set Adj = (@Min Adj 1),                 !- Program Line 18
  Set Adj = (@Max Adj 0),                 !- Program Line 19
  If (WHF_Flow > 0),                      !- Program Line 20
  Set whole_house_fan_flow_act = WHF_Flow*Adj, !- Program Line 21
  Set whole_house_fan_mix_act = WHF_Flow*Adj, !- Program Line 22
  Set WHF_W = 0,                          !- Program Line 23
  Set whole_house_fan_act = WHF_W*Adj,    !- Program Line 24
  ElseIf (NVavail > 0),                   !- Program Line 25
  Set NVArea = 10479.574395648,           !- Program Line 26
  Set Cs = 8.968567957270247e-05,         !- Program Line 27
  Set Cw = 6.158219665777789e-05,         !- Program Line 28
  Set Tdiff = Tin-Tout,                   !- Program Line 29
  Set dT = (@Abs Tdiff),                  !- Program Line 30
  Set Vwind = site_vw_s,                  !- Program Line 31
  Set SGNV = NVArea*Adj*((((Cs*dT)+(Cw*(Vwind^2)))^0.5)/1000), !- Program Line 32
  Set MaxNV = 2.7423292766208007,         !- Program Line 33
  Set natural_vent_flow_act = (@Min SGNV MaxNV), !- Program Line 34
  EndIf,                                  !- Program Line 35
  EndIf;                                  !- Program Line 36

OS:AdditionalProperties,
  {4b9c4cfb-59b7-4284-8dd6-fb1dbfbf7c95}, !- Handle
  {bb125071-d22c-431b-8135-a8c8b7da8817}, !- Object Name
  ObjectType,                             !- Feature Name 1
  String,                                 !- Feature Data Type 1
  natural vent;                           !- Feature Value 1

OS:EnergyManagementSystem:ProgramCallingManager,
  {21c79fd8-4a28-4911-911f-193b8c93aff2}, !- Handle
  natural_vent_program calling manager,   !- Name
  BeginZoneTimestepAfterInitHeatBalance,  !- EnergyPlus Model Calling Point
  {bb125071-d22c-431b-8135-a8c8b7da8817}; !- Program Name 1

OS:EnergyManagementSystem:OutputVariable,
  {54a2b534-86d6-4439-ac84-78dbfc51872d}, !- Handle
  natural_vent_flow_act_timeseries_outvar, !- Name
  natural_vent_flow_act,                  !- EMS Variable Name
  Averaged,                               !- Type of Data in Variable
  ZoneTimestep,                           !- Update Frequency
  {bb125071-d22c-431b-8135-a8c8b7da8817}, !- EMS Program or Subroutine Name
  m^/s;                                   !- Units

OS:EnergyManagementSystem:OutputVariable,
  {a2936155-9e11-4c96-81e8-0db72ac226ba}, !- Handle
  whole_house_fan_flow_act_timeseries_outvar, !- Name
  whole_house_fan_flow_act,               !- EMS Variable Name
  Averaged,                               !- Type of Data in Variable
  ZoneTimestep,                           !- Update Frequency
  {bb125071-d22c-431b-8135-a8c8b7da8817}, !- EMS Program or Subroutine Name
  m^/s;                                   !- Units

OS:SpaceInfiltration:EffectiveLeakageArea,
  {b66c871c-3630-414b-bfdf-56b55f22b02c}, !- Handle
  infil|attic - vented 1,                 !- Name
  {2042ae1a-9c13-476d-b245-229c06e5ba09}, !- Space or SpaceType Name
  {8b6f5efa-c31a-4ff7-bb79-ef5bd05a7ece}, !- Schedule Name
  6747.1826862528,                        !- Effective Air Leakage Area {cm2}
  0.00050038442084926,                    !- Stack Coefficient
  4.19826152431637e-05;                   !- Wind Coefficient

OS:Schedule:Constant,
  {dab9efcf-c2c6-42a8-b345-68fd91d66a47}, !- Handle
  mech vent house fan schedule,           !- Name
  {73ae1be1-9d31-4719-afe4-99485051a31f}, !- Schedule Type Limits Name
  1;                                      !- Value

OS:ElectricEquipment:Definition,
  {d572c3a3-f5a0-4ee0-8cf9-e670a19de00d}, !- Handle
  mech vent house fan,                    !- Name
  EquipmentLevel,                         !- Design Level Calculation Method
  0,                                      !- Design Level {W}
  ,                                       !- Watts per Space Floor Area {W/m2}
  ,                                       !- Watts per Person {W/person}
  0,                                      !- Fraction Latent
  0,                                      !- Fraction Radiant
  1;                                      !- Fraction Lost

OS:ElectricEquipment,
  {9d09699a-1cf6-45f2-8e0a-27fd25029b78}, !- Handle
  mech vent house fan,                    !- Name
  {d572c3a3-f5a0-4ee0-8cf9-e670a19de00d}, !- Electric Equipment Definition Name
  {0ce7c95c-eaa9-4e1c-be4f-70c83b523d81}, !- Space or SpaceType Name
  {dab9efcf-c2c6-42a8-b345-68fd91d66a47}, !- Schedule Name
  ,                                       !- Multiplier
  mech vent;                              !- End-Use Subcategory

OS:Schedule:Constant,
  {f3711e40-8ce8-4965-9c63-97383bf5b50b}, !- Handle
  mech vent house fan cfis schedule,      !- Name
  {73ae1be1-9d31-4719-afe4-99485051a31f}, !- Schedule Type Limits Name
  1;                                      !- Value

OS:ElectricEquipment:Definition,
  {06b142a5-2b76-4174-942f-f32c7d4a0f06}, !- Handle
  mech vent house fan cfis,               !- Name
  EquipmentLevel,                         !- Design Level Calculation Method
  0,                                      !- Design Level {W}
  ,                                       !- Watts per Space Floor Area {W/m2}
  ,                                       !- Watts per Person {W/person}
  0,                                      !- Fraction Latent
  0,                                      !- Fraction Radiant
  0;                                      !- Fraction Lost

OS:ElectricEquipment,
  {7ccd8bba-a9b0-4cc8-b1a1-269f15d78a93}, !- Handle
  mech vent house fan cfis,               !- Name
  {06b142a5-2b76-4174-942f-f32c7d4a0f06}, !- Electric Equipment Definition Name
  {0ce7c95c-eaa9-4e1c-be4f-70c83b523d81}, !- Space or SpaceType Name
  {f3711e40-8ce8-4965-9c63-97383bf5b50b}, !- Schedule Name
  ,                                       !- Multiplier
  mech vent;                              !- End-Use Subcategory

OS:EnergyManagementSystem:Actuator,
  {ecb5d61e-0545-4dec-8365-68cea9fa3e9e}, !- Handle
  mech_vent_house_fan_cfis_act,           !- Name
  {7ccd8bba-a9b0-4cc8-b1a1-269f15d78a93}, !- Actuated Component Name
  ElectricEquipment,                      !- Actuated Component Type
  Electricity Rate,                       !- Actuated Component Control Type
  {0ce7c95c-eaa9-4e1c-be4f-70c83b523d81}; !- Zone or Space Name

OS:SpaceInfiltration:DesignFlowRate,
  {5441b764-87bb-494d-88a2-46ad22e0d8cc}, !- Handle
  infil flow,                             !- Name
  {0ce7c95c-eaa9-4e1c-be4f-70c83b523d81}, !- Space or SpaceType Name
  {8b6f5efa-c31a-4ff7-bb79-ef5bd05a7ece}, !- Schedule Name
  Flow/Space,                             !- Design Flow Rate Calculation Method
  0,                                      !- Design Flow Rate {m3/s}
  ,                                       !- Flow per Space Floor Area {m3/s-m2}
  ,                                       !- Flow per Exterior Surface Area {m3/s-m2}
  ,                                       !- Air Changes per Hour {1/hr}
  ,                                       !- Constant Term Coefficient
  ,                                       !- Temperature Term Coefficient
  ,                                       !- Velocity Term Coefficient
  ;                                       !- Velocity Squared Term Coefficient

OS:EnergyManagementSystem:Actuator,
  {dd2c22a7-926e-41b3-9a6d-fb389c279296}, !- Handle
  infil_flow_act,                         !- Name
  {5441b764-87bb-494d-88a2-46ad22e0d8cc}, !- Actuated Component Name
  Zone Infiltration,                      !- Actuated Component Type
  Air Exchange Flow Rate,                 !- Actuated Component Control Type
  ;                                       !- Zone or Space Name

OS:AdditionalProperties,
  {b0022c4f-d43a-40b9-ac69-c5f294ce88f2}, !- Handle
  {5441b764-87bb-494d-88a2-46ad22e0d8cc}, !- Object Name
  ObjectType,                             !- Feature Name 1
  String,                                 !- Feature Data Type 1
  infil;                                  !- Feature Value 1

OS:EnergyManagementSystem:Program,
  {d531f8e3-b967-4230-bda8-9aa387acc589}, !- Handle
  infil_program,                          !- Name
  Set p_m = 0.14,                         !- Program Line 1
  Set p_s = 0.22,                         !- Program Line 2
  Set s_m = 270,                          !- Program Line 3
  Set s_s = 370,                          !- Program Line 4
  Set z_m = 9.99744,                      !- Program Line 5
  Set z_s = 2.4384,                       !- Program Line 6
  Set f_t = (((s_m/z_m)^p_m)*((z_s/s_s)^p_s)), !- Program Line 7
  Set Tdiff = tin_s-tout_s,               !- Program Line 8
  Set dT = @Abs Tdiff,                    !- Program Line 9
  Set c = 0.2172,                         !- Program Line 10
  Set Cs = 0.0642,                        !- Program Line 11
  Set Cw = 0.1461,                        !- Program Line 12
  Set n = 0.65,                           !- Program Line 13
  Set sft = (f_t*0.7000000000000001),     !- Program Line 14
  Set temp1 = ((c*Cw)*((sft*site_vw_s)^(2*n)))^2, !- Program Line 15
  Set Qinf = (((c*Cs*(dT^n))^2)+temp1)^0.5, !- Program Line 16
  Set Qinf = (@Max Qinf 0),               !- Program Line 17
  Set mech_vent_house_fan_sensible_load_equip_act = 0.0, !- Program Line 18
  Set mech_vent_house_fan_latent_load_equip_act = 0.0, !- Program Line 19
  Set OASupInPb = out_pb_s,               !- Program Line 20
  Set OASupInTemp = tout_s,               !- Program Line 21
  Set OASupInW = out_wt_s,                !- Program Line 22
  Set OASupRho = (@RhoAirFnPbTdbW OASupInPb OASupInTemp OASupInW), !- Program Line 23
  Set OASupCp = (@CpAirFnW OASupInW),     !- Program Line 24
  Set OASupInEnth = (@HFnTdbW OASupInTemp OASupInW), !- Program Line 25
  Set ZoneTemp = tin_s,                   !- Program Line 26
  Set ZoneW = win_s,                      !- Program Line 27
  Set ZoneCp = (@CpAirFnW ZoneW),         !- Program Line 28
  Set ZoneAirEnth = (@HFnTdbW ZoneTemp ZoneW), !- Program Line 29
  Set mech_vent_house_fan_cfis_act = 0.0, !- Program Line 30
  Set QWHV_cfis_sup = 0.0,                !- Program Line 31
  Set QWHV_cfis_suppl_sup = 0.0,          !- Program Line 32
  Set QWHV_cfis_suppl_exh = 0.0,          !- Program Line 33
  Set Qrange = 0,                         !- Program Line 34
  Set Qrange = Qrange + 0.04719 * mech_vent_range_fan_0_sch_s, !- Program Line 35
  Set Qbath = 0,                          !- Program Line 36
  Set Qbath = Qbath + 0.04719 * mech_vent_bath_fan_0_sch_s, !- Program Line 37
  Set Qdryer = 0,                         !- Program Line 38
  Set QWHV_sup = 0.0,                     !- Program Line 39
  Set QWHV_exh = 0.0,                     !- Program Line 40
  Set Qexhaust = Qrange + Qbath + Qdryer + QWHV_exh + QWHV_cfis_suppl_exh, !- Program Line 41
  Set Qsupply = QWHV_sup + QWHV_cfis_sup + QWHV_cfis_suppl_sup, !- Program Line 42
  Set Qfan = (@Max Qexhaust Qsupply),     !- Program Line 43
  If Qfan > 0,                            !- Program Line 44
  Set Qavg = ((Qexhaust + Qsupply) / 2.0), !- Program Line 45
  If ((@Abs (Qexhaust - Qavg)) / Qavg) <= 0.1, !- Program Line 46
  Set phi = 1,                            !- Program Line 47
  Else,                                   !- Program Line 48
  Set phi = (Qinf / (Qinf + Qfan)),       !- Program Line 49
  EndIf,                                  !- Program Line 50
  Set Qinf_adj = phi * Qinf,              !- Program Line 51
  Else,                                   !- Program Line 52
  Set Qinf_adj = Qinf,                    !- Program Line 53
  EndIf,                                  !- Program Line 54
  Set infil_flow_act = Qinf_adj,          !- Program Line 55
  Set Qload = Qfan,                       !- Program Line 56
  Set Effectiveness_Sens = 0.0,           !- Program Line 57
  Set Effectiveness_Lat = 0.0,            !- Program Line 58
  Set Fan_MFR = Qload * OASupRho,         !- Program Line 59
  Set ZoneInEnth = OASupInEnth,           !- Program Line 60
  Set ZoneInTemp = OASupInTemp,           !- Program Line 61
  Set FanTotalToCond = Fan_MFR * (ZoneInEnth - ZoneAirEnth), !- Program Line 62
  Set FanSensToCond = Fan_MFR * ZoneCp * (ZoneInTemp - ZoneTemp), !- Program Line 63
  Set FanLatToCond = FanTotalToCond - FanSensToCond, !- Program Line 64
  Set mech_vent_house_fan_sensible_load_equip_act = mech_vent_house_fan_sensible_load_equip_act + FanSensToCond, !- Program Line 65
  Set mech_vent_house_fan_latent_load_equip_act = mech_vent_house_fan_latent_load_equip_act + FanLatToCond; !- Program Line 66

OS:AdditionalProperties,
  {fc01f043-4c7d-49d4-935e-9ba8d1ce6148}, !- Handle
  {d531f8e3-b967-4230-bda8-9aa387acc589}, !- Object Name
  ObjectType,                             !- Feature Name 1
  String,                                 !- Feature Data Type 1
  infil;                                  !- Feature Value 1

OS:OtherEquipment:Definition,
  {b0dcffa2-5656-402e-80e8-aead2b0eb337}, !- Handle
  mech vent house fan sensible load equip, !- Name
  EquipmentLevel,                         !- Design Level Calculation Method
  0,                                      !- Design Level {W}
  ,                                       !- Watts per Space Floor Area {W/m2}
  ,                                       !- Watts per Person {W/Person}
  0,                                      !- Fraction Latent
  0,                                      !- Fraction Radiant
  0;                                      !- Fraction Lost

OS:OtherEquipment,
  {eb46ae33-58a8-40d3-8402-fbe72129c5b7}, !- Handle
  mech vent house fan sensible load equip, !- Name
  {b0dcffa2-5656-402e-80e8-aead2b0eb337}, !- Other Equipment Definition Name
  {0ce7c95c-eaa9-4e1c-be4f-70c83b523d81}, !- Space or SpaceType Name
  {8b6f5efa-c31a-4ff7-bb79-ef5bd05a7ece}, !- Schedule Name
  ,                                       !- Multiplier
  None,                                   !- Fuel Type
  mech vent house fan;                    !- End-Use Subcategory

OS:EnergyManagementSystem:Actuator,
  {9238bbe3-925b-474d-b2c4-4b638c03193f}, !- Handle
  mech_vent_house_fan_sensible_load_equip_act, !- Name
  {eb46ae33-58a8-40d3-8402-fbe72129c5b7}, !- Actuated Component Name
  OtherEquipment,                         !- Actuated Component Type
  Power Level,                            !- Actuated Component Control Type
  {0ce7c95c-eaa9-4e1c-be4f-70c83b523d81}; !- Zone or Space Name

OS:OtherEquipment:Definition,
  {43f1222b-94f0-406d-9b21-ec3da7660d88}, !- Handle
  mech vent house fan latent load equip,  !- Name
  EquipmentLevel,                         !- Design Level Calculation Method
  0,                                      !- Design Level {W}
  ,                                       !- Watts per Space Floor Area {W/m2}
  ,                                       !- Watts per Person {W/Person}
  1,                                      !- Fraction Latent
  0,                                      !- Fraction Radiant
  0;                                      !- Fraction Lost

OS:OtherEquipment,
  {8e66fa1f-3f53-490a-95d7-e27b9621ae7b}, !- Handle
  mech vent house fan latent load equip,  !- Name
  {43f1222b-94f0-406d-9b21-ec3da7660d88}, !- Other Equipment Definition Name
  {0ce7c95c-eaa9-4e1c-be4f-70c83b523d81}, !- Space or SpaceType Name
  {8b6f5efa-c31a-4ff7-bb79-ef5bd05a7ece}, !- Schedule Name
  ,                                       !- Multiplier
  None,                                   !- Fuel Type
  mech vent house fan;                    !- End-Use Subcategory

OS:EnergyManagementSystem:Actuator,
  {5db1f2f4-4d4e-4f5d-90bb-95ecdb16e80e}, !- Handle
  mech_vent_house_fan_latent_load_equip_act, !- Name
  {8e66fa1f-3f53-490a-95d7-e27b9621ae7b}, !- Actuated Component Name
  OtherEquipment,                         !- Actuated Component Type
  Power Level,                            !- Actuated Component Control Type
  {0ce7c95c-eaa9-4e1c-be4f-70c83b523d81}; !- Zone or Space Name

OS:Schedule:Ruleset,
  {dbeed2ec-82e7-4f1b-bd06-d7e9586363fb}, !- Handle
  mech vent range fan 0 schedule,         !- Name
  {73ae1be1-9d31-4719-afe4-99485051a31f}, !- Schedule Type Limits Name
  {e32a368f-ca24-4c7a-9319-df25286b4d86}; !- Default Day Schedule Name

OS:Schedule:Day,
  {e32a368f-ca24-4c7a-9319-df25286b4d86}, !- Handle
  mech vent range fan 0 schedule default day, !- Name
  {73ae1be1-9d31-4719-afe4-99485051a31f}, !- Schedule Type Limits Name
  ,                                       !- Interpolate to Timestep
  24,                                     !- Hour 1
  0,                                      !- Minute 1
  0;                                      !- Value Until Time 1

OS:Schedule:Rule,
  {2a1c7f20-c522-403f-ad36-b13732eae12a}, !- Handle
  mech vent range fan 0 schedule allday ruleset1, !- Name
  {dbeed2ec-82e7-4f1b-bd06-d7e9586363fb}, !- Schedule Ruleset Name
  0,                                      !- Rule Order
  {38f5ae26-dedf-4428-9c05-01967d4bbe30}, !- Day Schedule Name
  Yes,                                    !- Apply Sunday
  Yes,                                    !- Apply Monday
  Yes,                                    !- Apply Tuesday
  Yes,                                    !- Apply Wednesday
  Yes,                                    !- Apply Thursday
  Yes,                                    !- Apply Friday
  Yes,                                    !- Apply Saturday
  DateRange,                              !- Date Specification Type
  1,                                      !- Start Month
  1,                                      !- Start Day
  12,                                     !- End Month
  31;                                     !- End Day

OS:Schedule:Day,
  {38f5ae26-dedf-4428-9c05-01967d4bbe30}, !- Handle
  mech vent range fan 0 schedule allday1, !- Name
  {73ae1be1-9d31-4719-afe4-99485051a31f}, !- Schedule Type Limits Name
  ,                                       !- Interpolate to Timestep
  16,                                     !- Hour 1
  0,                                      !- Minute 1
  0,                                      !- Value Until Time 1
  17,                                     !- Hour 2
  0,                                      !- Minute 2
  1,                                      !- Value Until Time 2
  24,                                     !- Hour 3
  0,                                      !- Minute 3
  0;                                      !- Value Until Time 3

OS:EnergyManagementSystem:Sensor,
  {cb78b031-3fa0-47a0-b6eb-3d6d55d207d9}, !- Handle
  mech_vent_range_fan_0_sch_s,            !- Name
  mech vent range fan 0 schedule,         !- Output Variable or Output Meter Index Key Name
  Schedule Value;                         !- Output Variable or Output Meter Name

OS:ElectricEquipment:Definition,
  {14abd4fb-85dc-4893-9446-e70c86a7b871}, !- Handle
  mech vent range fan 0,                  !- Name
  EquipmentLevel,                         !- Design Level Calculation Method
  30,                                     !- Design Level {W}
  ,                                       !- Watts per Space Floor Area {W/m2}
  ,                                       !- Watts per Person {W/person}
  0,                                      !- Fraction Latent
  0,                                      !- Fraction Radiant
  1;                                      !- Fraction Lost

OS:ElectricEquipment,
  {0ee62d74-729d-4900-82a9-5aa2524e1f2a}, !- Handle
  mech vent range fan 0,                  !- Name
  {14abd4fb-85dc-4893-9446-e70c86a7b871}, !- Electric Equipment Definition Name
  {0ce7c95c-eaa9-4e1c-be4f-70c83b523d81}, !- Space or SpaceType Name
  {dbeed2ec-82e7-4f1b-bd06-d7e9586363fb}, !- Schedule Name
  ,                                       !- Multiplier
  mech vent;                              !- End-Use Subcategory

OS:Schedule:Ruleset,
  {935c0890-deb0-4f3b-af27-7e8da06e68fd}, !- Handle
  mech vent bath fan 0 schedule,          !- Name
  {73ae1be1-9d31-4719-afe4-99485051a31f}, !- Schedule Type Limits Name
  {1b2fdf46-37c5-4afe-bb16-89eb173756f4}; !- Default Day Schedule Name

OS:Schedule:Day,
  {1b2fdf46-37c5-4afe-bb16-89eb173756f4}, !- Handle
  mech vent bath fan 0 schedule default day, !- Name
  {73ae1be1-9d31-4719-afe4-99485051a31f}, !- Schedule Type Limits Name
  ,                                       !- Interpolate to Timestep
  24,                                     !- Hour 1
  0,                                      !- Minute 1
  0;                                      !- Value Until Time 1

OS:Schedule:Rule,
  {5a60181b-6d81-4f14-ae81-d7388e942394}, !- Handle
  mech vent bath fan 0 schedule allday ruleset1, !- Name
  {935c0890-deb0-4f3b-af27-7e8da06e68fd}, !- Schedule Ruleset Name
  0,                                      !- Rule Order
  {92f85463-5269-4427-8d28-81444da6a9cd}, !- Day Schedule Name
  Yes,                                    !- Apply Sunday
  Yes,                                    !- Apply Monday
  Yes,                                    !- Apply Tuesday
  Yes,                                    !- Apply Wednesday
  Yes,                                    !- Apply Thursday
  Yes,                                    !- Apply Friday
  Yes,                                    !- Apply Saturday
  DateRange,                              !- Date Specification Type
  1,                                      !- Start Month
  1,                                      !- Start Day
  12,                                     !- End Month
  31;                                     !- End Day

OS:Schedule:Day,
  {92f85463-5269-4427-8d28-81444da6a9cd}, !- Handle
  mech vent bath fan 0 schedule allday1,  !- Name
  {73ae1be1-9d31-4719-afe4-99485051a31f}, !- Schedule Type Limits Name
  ,                                       !- Interpolate to Timestep
  16,                                     !- Hour 1
  0,                                      !- Minute 1
  0,                                      !- Value Until Time 1
  17,                                     !- Hour 2
  0,                                      !- Minute 2
  1,                                      !- Value Until Time 2
  24,                                     !- Hour 3
  0,                                      !- Minute 3
  0;                                      !- Value Until Time 3

OS:EnergyManagementSystem:Sensor,
  {85899297-de50-4759-bf8e-059d30cfa50c}, !- Handle
  mech_vent_bath_fan_0_sch_s,             !- Name
  mech vent bath fan 0 schedule,          !- Output Variable or Output Meter Index Key Name
  Schedule Value;                         !- Output Variable or Output Meter Name

OS:ElectricEquipment:Definition,
  {84d47c71-6e9d-44e5-9559-5cbdb8ca295e}, !- Handle
  mech vent bath fan 0,                   !- Name
  EquipmentLevel,                         !- Design Level Calculation Method
  30,                                     !- Design Level {W}
  ,                                       !- Watts per Space Floor Area {W/m2}
  ,                                       !- Watts per Person {W/person}
  0,                                      !- Fraction Latent
  0,                                      !- Fraction Radiant
  1;                                      !- Fraction Lost

OS:ElectricEquipment,
  {8def7707-9028-448e-8b98-e3a559643cc6}, !- Handle
  mech vent bath fan 0,                   !- Name
  {84d47c71-6e9d-44e5-9559-5cbdb8ca295e}, !- Electric Equipment Definition Name
  {0ce7c95c-eaa9-4e1c-be4f-70c83b523d81}, !- Space or SpaceType Name
  {935c0890-deb0-4f3b-af27-7e8da06e68fd}, !- Schedule Name
  ,                                       !- Multiplier
  mech vent;                              !- End-Use Subcategory

OS:EnergyManagementSystem:OutputVariable,
  {8e1ec2a1-8a04-4bbb-b294-5007908e3916}, !- Handle
  Qfan_timeseries_outvar,                 !- Name
  Qfan,                                   !- EMS Variable Name
  Averaged,                               !- Type of Data in Variable
  ZoneTimestep,                           !- Update Frequency
  {d531f8e3-b967-4230-bda8-9aa387acc589}, !- EMS Program or Subroutine Name
  m^/s;                                   !- Units

OS:EnergyManagementSystem:OutputVariable,
  {4ba0ab4c-fa14-48b8-a05b-9701d06223e9}, !- Handle
  infil_flow_act_timeseries_outvar,       !- Name
  infil_flow_act,                         !- EMS Variable Name
  Averaged,                               !- Type of Data in Variable
  ZoneTimestep,                           !- Update Frequency
  {d531f8e3-b967-4230-bda8-9aa387acc589}, !- EMS Program or Subroutine Name
  m^/s;                                   !- Units

OS:EnergyManagementSystem:ProgramCallingManager,
  {4d9c5f64-7be0-482f-baea-d99a689e0f61}, !- Handle
  infil_program calling manager,          !- Name
  BeginZoneTimestepAfterInitHeatBalance,  !- EnergyPlus Model Calling Point
  {d531f8e3-b967-4230-bda8-9aa387acc589}; !- Program Name 1

OS:BuildingUnit,
  {fa31c639-a100-4818-b368-3fc615f3e0cc}, !- Handle
  Building Unit 1,                        !- Name
  ,                                       !- Rendering Color
  ;                                       !- Building Unit Type

OS:AdditionalProperties,
  {73870be4-3e5c-45ec-b7e2-0e4cc73493d7}, !- Handle
  {fa31c639-a100-4818-b368-3fc615f3e0cc}, !- Object Name
  unit_num,                               !- Feature Name 1
  Integer,                                !- Feature Data Type 1
  1;                                      !- Feature Value 1

OS:AdditionalProperties,
  {6a44c221-f714-4e1c-b473-17264b906af7}, !- Handle
  {613c66dd-e757-4707-b5b7-a84e103dc937}; !- Object Name

OS:EnergyManagementSystem:Sensor,
  {9b8d5fa2-aa2f-47ab-bcc7-bc504c50587f}, !- Handle
  zone_htg_unmet_s,                       !- Name
  conditioned space,                      !- Output Variable or Output Meter Index Key Name
  Zone Heating Setpoint Not Met Time;     !- Output Variable or Output Meter Name

OS:EnergyManagementSystem:Sensor,
  {fccc69dc-ae03-4e11-ad8f-4a2a26174e20}, !- Handle
  zone_clg_unmet_s,                       !- Name
  conditioned space,                      !- Output Variable or Output Meter Index Key Name
  Zone Cooling Setpoint Not Met Time;     !- Output Variable or Output Meter Name

OS:AdditionalProperties,
  {4ca949a5-05f9-4d17-9238-1ab5c078a4c0}, !- Handle
  {fccc69dc-ae03-4e11-ad8f-4a2a26174e20}; !- Object Name

OS:AdditionalProperties,
  {35e8bc0a-943f-4166-8f96-a0091fc75624}, !- Handle
  {9b8d5fa2-aa2f-47ab-bcc7-bc504c50587f}; !- Object Name

OS:AdditionalProperties,
  {7432f3ab-bc45-4035-a9e5-0f6fd39b14be}, !- Handle
  {4a84775e-ff89-4e7a-9c8f-abefea49ceee}; !- Object Name

OS:AdditionalProperties,
  {03337696-3113-4451-bf6f-3dbfc4395bc1}, !- Handle
  {733e076d-2465-47a5-b5c3-05be9985ca4c}; !- Object Name

OS:AdditionalProperties,
  {b681188a-a968-49dc-9631-ee4130188844}, !- Handle
  {e736daf1-491f-48c3-83f3-eb600c93bd9f}; !- Object Name

OS:AdditionalProperties,
  {fe95d209-982e-490b-bef0-8d939d2ac6c1}, !- Handle
  {e4032c00-3160-48e2-94ae-9e9834965846}; !- Object Name

OS:AdditionalProperties,
  {e02a86a4-5fb8-49d5-ad41-b32b9226a407}, !- Handle
  {b6711615-7b95-4a93-a2ed-3fd9526e2392}; !- Object Name

OS:AdditionalProperties,
  {1c08bdc6-472e-4baf-9b04-b4effa894f18}, !- Handle
  {46d7d72c-6536-49fa-ba83-abefb2b74b2a}; !- Object Name

OS:AdditionalProperties,
  {ebaa8900-05fc-4718-a398-8291f9414a60}, !- Handle
  {0f829a6a-99a5-4190-8fd1-be26ef00db5d}; !- Object Name

OS:AdditionalProperties,
  {8ee428b0-6613-4aa6-af69-5677546a6b6b}, !- Handle
  {a8ba02c3-36b4-4c2d-8b2b-2c33ae43235d}; !- Object Name

OS:AdditionalProperties,
  {aff200b7-23f9-4a66-a261-9ddd65c4d4bc}, !- Handle
  {0501fadf-8e5d-4218-a219-76367f89b61a}; !- Object Name

OS:AdditionalProperties,
  {6a9eea87-095c-41c7-8ab6-892a15304b19}, !- Handle
  {9b17ae7b-5bde-4e4c-a5a7-c2973c600032}; !- Object Name

OS:AdditionalProperties,
  {b9684371-8926-48cb-8df0-c0cd8d77eace}, !- Handle
  {b50cb9c7-c338-43c2-b467-1e643dcb3d2c}; !- Object Name

OS:AdditionalProperties,
  {bd74614a-22ec-4aa1-8b04-66740614fa2d}, !- Handle
  {59c92fb4-3098-4623-b496-737f16585994}; !- Object Name

OS:AdditionalProperties,
  {371446d2-1421-4e85-8255-a1c274e1f8c0}, !- Handle
  {8b2d1121-5230-481d-80df-6e3926e70918}; !- Object Name

OS:AdditionalProperties,
  {2b1b9b3d-865a-4235-8ae0-33eedd1a5eb3}, !- Handle
  {5b317de1-798a-480e-acb5-3e68dacbf0da}; !- Object Name

OS:AdditionalProperties,
  {b9c077ce-73b7-4c0a-8bc1-a74419e857ad}, !- Handle
  {85899297-de50-4759-bf8e-059d30cfa50c}; !- Object Name

OS:AdditionalProperties,
  {f455c380-5063-4991-9086-5ecb00c0a53f}, !- Handle
  {b255ad1c-e9b5-4c24-a6e3-db27c94f0966}; !- Object Name

OS:AdditionalProperties,
  {5194fbf1-298d-4431-81a2-d93e1894840e}, !- Handle
  {57a4185b-da80-484e-82de-21e5799e3bb5}; !- Object Name

OS:AdditionalProperties,
  {d7052da8-4f11-4f01-91d3-344913742374}, !- Handle
  {f1f1fbff-1edf-4602-8853-093507e89f46}; !- Object Name

OS:AdditionalProperties,
  {b13e2836-1cc5-431c-8065-95296d7a1268}, !- Handle
  {c552713c-aae5-44d6-9586-8039c0219dbf}; !- Object Name

OS:AdditionalProperties,
  {025fbb8b-8c4d-4c44-be63-2ef7e11ce505}, !- Handle
  {7470230f-90c0-4b81-8d6c-7dba88c3ebb3}; !- Object Name

OS:AdditionalProperties,
  {4b9cd4b2-923a-46e8-b029-0359841d8757}, !- Handle
  {6374713d-0030-4897-b871-e1e2c097fe3c}; !- Object Name

OS:AdditionalProperties,
  {46f601d7-abd7-4f85-b38a-e39d2ee2cf16}, !- Handle
  {80cd99bf-d589-4c0a-9a36-c7da209581a1}; !- Object Name

OS:AdditionalProperties,
  {a9cbfd58-1469-436f-9da0-69c0d3f9f33d}, !- Handle
  {cb78b031-3fa0-47a0-b6eb-3d6d55d207d9}; !- Object Name

OS:AdditionalProperties,
  {8dd98e8b-95e9-4374-9fd5-47891063abc8}, !- Handle
  {82213522-786c-4793-8fa7-940692e89c13}; !- Object Name

OS:AdditionalProperties,
  {d57f9047-8008-4e2f-8cc7-da8756f7c1d6}, !- Handle
  {4a6eb209-e89a-4550-8c86-af7059573a88}; !- Object Name

OS:AdditionalProperties,
  {2b008eb8-2c65-476e-ba7e-3a5e8b7e2dd2}, !- Handle
  {599bd8c2-0f67-49ed-819e-7c21987595df}; !- Object Name

OS:AdditionalProperties,
  {db5d7096-bf6d-4147-b370-5a3682f3b991}, !- Handle
  {6331a08d-e8e0-4c0b-8e24-6c450a8d849e}; !- Object Name

OS:AdditionalProperties,
  {439f8433-4f9d-4f0d-b4a4-aab25bf7c38d}, !- Handle
  {0a5e6546-cae6-4671-8cd8-f518e7d45d28}; !- Object Name

OS:AdditionalProperties,
  {ba7f18f8-0e92-4ed9-be9f-f8ecc3f2e3ac}, !- Handle
  {a2d1f39b-cd33-4dfa-85e2-7f4622f5eb51}; !- Object Name

OS:EnergyManagementSystem:Program,
  {95c4c30b-e709-4db0-ba67-269ec804489d}, !- Handle
  unmet_hours_program,                    !- Name
  Set htg_unmet_hours = 0,                !- Program Line 1
  Set clg_unmet_hours = 0,                !- Program Line 2
  If ((DayOfYear >= 1) && (DayOfYear <= 365)), !- Program Line 3
  If zone_htg_unmet_s > htg_unmet_hours,  !- Program Line 4
  Set htg_unmet_hours = zone_htg_unmet_s, !- Program Line 5
  EndIf,                                  !- Program Line 6
  EndIf,                                  !- Program Line 7
  If ((DayOfYear >= 1) && (DayOfYear <= 365)), !- Program Line 8
  If zone_clg_unmet_s > clg_unmet_hours,  !- Program Line 9
  Set clg_unmet_hours = zone_clg_unmet_s, !- Program Line 10
  EndIf,                                  !- Program Line 11
  EndIf;                                  !- Program Line 12

OS:AdditionalProperties,
  {c8e6177f-781a-4bb9-80ba-28d2c3b004fa}, !- Handle
  {95c4c30b-e709-4db0-ba67-269ec804489d}, !- Object Name
  ObjectType,                             !- Feature Name 1
  String,                                 !- Feature Data Type 1
  unmet hours program;                    !- Feature Value 1

OS:EnergyManagementSystem:ProgramCallingManager,
  {4951e8be-4718-47dc-93f4-d002b0c41d5e}, !- Handle
  unmet_hours_program calling manager,    !- Name
  EndOfZoneTimestepBeforeZoneReporting,   !- EnergyPlus Model Calling Point
  {95c4c30b-e709-4db0-ba67-269ec804489d}; !- Program Name 1

OS:EnergyManagementSystem:Sensor,
  {644e22dd-c0cf-4812-8e58-3dba1e87ce4b}, !- Handle
  htg_load_cond,                          !- Name
  ,                                       !- Output Variable or Output Meter Index Key Name
  Heating:EnergyTransfer:Zone:CONDITIONED SPACE; !- Output Variable or Output Meter Name

OS:EnergyManagementSystem:Sensor,
  {b303ba62-1924-4537-986f-5863178b537d}, !- Handle
  clg_load_cond,                          !- Name
  ,                                       !- Output Variable or Output Meter Index Key Name
  Cooling:EnergyTransfer:Zone:CONDITIONED SPACE; !- Output Variable or Output Meter Name

OS:EnergyManagementSystem:Sensor,
  {02b3b19b-7d22-4323-b870-7223a7b0daf9}, !- Handle
  htg_load_duct,                          !- Name
  ,                                       !- Output Variable or Output Meter Index Key Name
  Heating:EnergyTransfer:Zone:CENTRAL AC AND FURNACE AIRLOOP RET AIR ZONE; !- Output Variable or Output Meter Name

OS:EnergyManagementSystem:Sensor,
  {de521136-6a98-460a-8d8a-a3870e2bb4d9}, !- Handle
  clg_load_duct,                          !- Name
  ,                                       !- Output Variable or Output Meter Index Key Name
  Cooling:EnergyTransfer:Zone:CENTRAL AC AND FURNACE AIRLOOP RET AIR ZONE; !- Output Variable or Output Meter Name

OS:EnergyManagementSystem:Program,
  {698fd638-0911-4b89-8a16-d987d94cdf9f}, !- Handle
  total_loads_program,                    !- Name
  Set loads_htg_tot = 0,                  !- Program Line 1
  Set loads_clg_tot = 0,                  !- Program Line 2
  If htg_load_cond > 0,                   !- Program Line 3
  Set loads_htg_tot = loads_htg_tot + (htg_load_cond - clg_load_cond) * 1.0, !- Program Line 4
  Set loads_htg_tot = loads_htg_tot + (htg_load_duct - clg_load_duct) * 1.0, !- Program Line 5
  EndIf,                                  !- Program Line 6
  If clg_load_cond > 0,                   !- Program Line 7
  Set loads_clg_tot = loads_clg_tot + (clg_load_cond - htg_load_cond) * 1.0, !- Program Line 8
  Set loads_clg_tot = loads_clg_tot + (clg_load_duct - htg_load_duct) * 1.0, !- Program Line 9
  EndIf;                                  !- Program Line 10

OS:AdditionalProperties,
  {115ca0df-12e6-48bd-ac76-77ffa18261f7}, !- Handle
  {698fd638-0911-4b89-8a16-d987d94cdf9f}, !- Object Name
  ObjectType,                             !- Feature Name 1
  String,                                 !- Feature Data Type 1
  total loads program;                    !- Feature Value 1

OS:EnergyManagementSystem:ProgramCallingManager,
  {f730c159-b67f-4d09-bfc2-c094aa1fb3b0}, !- Handle
  total_loads_program calling manager,    !- Name
  EndOfZoneTimestepAfterZoneReporting,    !- EnergyPlus Model Calling Point
  {698fd638-0911-4b89-8a16-d987d94cdf9f}; !- Program Name 1

OS:Output:JSON,
  {ecbdc2e1-0c8d-4bba-bf51-fe48af62c7e5}, !- Handle
  TimeSeriesAndTabular,                   !- Option Type
  No,                                     !- Output JSON
  No,                                     !- Output CBOR
  Yes;                                    !- Output MessagePack

OS:OutputControl:Files,
  {6073dd9d-1f21-45bd-a547-abd6f8c301b5}, !- Handle
  No,                                     !- Output CSV
  No,                                     !- Output MTR
  No,                                     !- Output ESO
  No,                                     !- Output EIO
  Yes,                                    !- Output Tabular
  No,                                     !- Output SQLite
  Yes,                                    !- Output JSON
  No,                                     !- Output AUDIT
  Yes,                                    !- Output Zone Sizing
  Yes,                                    !- Output System Sizing
  Yes,                                    !- Output DXF
  No,                                     !- Output BND
  No,                                     !- Output RDD
  No,                                     !- Output MDD
  No,                                     !- Output MTD
  No,                                     !- Output SHD
  Yes,                                    !- Output DFS
  Yes,                                    !- Output GLHE
  Yes,                                    !- Output DelightIn
  Yes,                                    !- Output DelightELdmp
  Yes,                                    !- Output DelightDFdmp
  Yes,                                    !- Output EDD
  Yes,                                    !- Output DBG
  No,                                     !- Output PerfLog
  Yes,                                    !- Output SLN
  Yes,                                    !- Output SCI
  Yes,                                    !- Output WRL
  Yes,                                    !- Output Screen
  Yes,                                    !- Output ExtShd
  Yes;                                    !- Output Tarcog

OS:Building,
  {34ee3c65-26ba-429b-8d34-343ad40e3d71}, !- Handle
  Building 1,                             !- Name
  ,                                       !- Building Sector Type
  ,                                       !- North Axis {deg}
  ,                                       !- Nominal Floor to Floor Height {m}
  ,                                       !- Space Type Name
  ,                                       !- Default Construction Set Name
  ;                                       !- Default Schedule Set Name

OS:AdditionalProperties,
  {327776a6-eea5-46e7-ba70-24c62f456bf0}, !- Handle
  {34ee3c65-26ba-429b-8d34-343ad40e3d71}, !- Object Name
  hpxml_path,                             !- Feature Name 1
  String,                                 !- Feature Data Type 1
  /var/simdata/openstudio/run/home.xml,   !- Feature Value 1
  hpxml_defaults_path,                    !- Feature Name 2
  String,                                 !- Feature Data Type 2
  /var/simdata/openstudio/run/in.xml,     !- Feature Value 2
  building_id,                            !- Feature Name 3
  String,                                 !- Feature Data Type 3
  ,                                       !- Feature Value 3
  emissions_scenario_names,               !- Feature Name 4
  String,                                 !- Feature Data Type 4
  ["LRMER_LowRECost_15"&#44 "LRMER_MidCase_15"&#44 "LRMER_HighRECost_15"&#44 "LRMER_MidCase_25"], !- Feature Value 4
  emissions_scenario_types,               !- Feature Name 5
  String,                                 !- Feature Data Type 5
  ["CO2e"&#44 "CO2e"&#44 "CO2e"&#44 "CO2e"], !- Feature Value 5
  heated_zones,                           !- Feature Name 6
  String,                                 !- Feature Data Type 6
  ["conditioned space"],                  !- Feature Value 6
  cooled_zones,                           !- Feature Name 7
  String,                                 !- Feature Data Type 7
  ["conditioned space"],                  !- Feature Value 7
  is_southern_hemisphere,                 !- Feature Name 8
  Boolean,                                !- Feature Data Type 8
  false;                                  !- Feature Value 8

