Date/Time,Electricity:Facility [J](Hourly),Fans:Electricity [J](Hourly),Cooling:Electricity [J](Hourly),Heating:Electricity [J](Hourly),InteriorLights:Electricity [J](Hourly),InteriorEquipment:Electricity [J](Hourly)
 01/01  01:00:00,1106521.985849159,111186.19366500361,0.0,0.0,65351.281774845425,910267.6850945245
 01/01  02:00:00,931909.0519885286,117609.30466520687,0.0,0.0,47510.71846471471,747072.2035438216
 01/01  03:00:00,933067.1809956548,125338.58402236053,0.0,0.0,47510.71846471471,740501.0531937941
 01/01  04:00:00,955500.5945272797,130001.35236387656,0.0,0.0,47510.71846471471,758271.6983839029
 01/01  05:00:00,1048537.2014394258,132241.92746550476,0.0,0.0,47510.71846471471,849067.730194421
 01/01  06:00:00,1216240.0355311614,133409.8325117873,0.0,0.0,47510.71846471471,1019460.2989753755
 01/01  07:00:00,1496897.921309393,134022.91992302146,0.0,0.0,47510.71846471471,1300362.3506169287
 01/01  08:00:00,1931100.0643918035,117359.0692202044,0.0,0.0,47510.71846471471,1751656.9710394344
 01/01  09:00:00,2874030.7744761663,80475.43398636524,0.0,0.0,47510.71846471471,2731899.942994914
 01/01  10:00:00,3729228.6667249105,37170.024436460175,0.0,0.0,47510.71846471471,3632546.377979953
 01/01  11:00:00,4008409.2024186645,3708.5194324301788,0.0,0.0,150226.19887021132,3845044.6980959084
 01/01  12:00:00,4139887.953369531,0.0,0.0,0.0,244285.8803651323,3889172.6734452294
 01/01  13:00:00,4238667.5185771715,125605.59671304403,357663.32907229505,0.0,95021.43692942942,3655233.6362150675
 01/01  14:00:00,4105862.029362028,281405.6832578542,799373.8194799675,0.0,94540.55921217523,2925827.074401974
 01/01  15:00:00,4465066.905564516,404232.7307362489,1137927.7284151588,0.0,238515.3477580819,2679676.205644969
 01/01  16:00:00,3996160.3636568952,367229.88531258417,1019960.3271776638,0.0,254865.19014472465,2348961.4413745874
 01/01  17:00:00,2823055.5191564877,188330.7239261384,517300.29706590757,0.0,303914.7173046528,1805365.8747515082
 01/01  18:00:00,2278100.132272334,10809.993853847162,29582.103213692168,0.0,567435.7063599529,1654413.1432655582
 01/01  19:00:00,6666199.670076393,0.0,0.0,0.0,925208.7279970758,5719988.236852698
 01/01  20:00:00,3104685.001455319,11166.362372483592,0.0,0.0,961755.4345083949,2103902.4731513737
 01/01  21:00:00,1557470.0071371603,45325.49532277312,0.0,0.0,431828.1900942693,1041311.297727825
 01/01  22:00:00,1446953.7174048305,76271.0163456263,0.0,0.0,332767.3803399046,992909.5238051156
 01/01  23:00:00,1359706.0305824275,98988.35238567217,0.0,0.0,289488.38578702684,932224.2684174355
 01/01  24:00:00,1159649.4455480052,115216.49361304416,0.0,0.0,143301.55974175083,874127.9140446996
 01/02  01:00:00,1204015.686150263,142214.99945530103,0.0,0.0,83191.84508497614,958892.0162952003
 01/02  02:00:00,949476.4708978081,135176.72357448636,0.0,0.0,47510.71846471471,747072.2035438216
 01/02  03:00:00,947445.8409629853,139717.243989691,0.0,0.0,47510.71846471471,740501.0531937941
 01/02  04:00:00,969837.8199930226,144338.57782961946,0.0,0.0,47510.71846471471,758271.6983839029
 01/02  05:00:00,1064655.4052846835,148360.13131076246,0.0,0.0,47510.71846471471,849067.730194421
 01/02  06:00:00,1234886.1550872044,152055.95206783037,0.0,0.0,47510.71846471471,1019460.2989753755
 01/02  07:00:00,1778194.9536227826,152971.27810554072,0.0,0.0,194274.59777069578,1415947.145441818
 01/02  08:00:00,2301942.9910516366,138312.73147002535,0.0,0.0,239477.10319259032,1909579.8507215711
 01/02  09:00:00,3075154.5531804487,101628.51310502578,0.0,0.0,150226.19887021132,2809155.1621750398
 01/02  10:00:00,3746952.0223776065,54893.38008915631,0.0,0.0,47510.71846471471,3632546.377979953
 01/02  11:00:00,4190007.636325348,9572.77570845155,0.0,0.0,252941.6792757079,3918063.395321074
 01/02  12:00:00,4139887.953369531,0.0,0.0,0.0,244285.8803651323,3889172.6734452294
 01/02  13:00:00,4590300.467137118,145017.99585950858,425978.01281596266,0.0,237553.5923235735,3776607.346490738
 01/02  14:00:00,4730102.885279076,365593.2566743492,1074421.956289492,0.0,235630.08145455676,3049742.6978506204
 01/02  15:00:00,4605329.429269493,497669.2663743736,1448218.1425729773,0.0,95261.8757880565,2559465.2515240274
 01/02  16:00:00,4062686.441481398,452156.3793978221,1289767.8615290434,0.0,99349.3363847172,2216269.34452248
 01/02  17:00:00,2593747.586090803,244731.32471919365,685812.6331400229,0.0,47510.71846471471,1607549.0036585908
 01/02  18:00:00,1785714.585881701,35779.43705711717,99539.00865018013,0.0,220915.2233065783,1413621.7312885416
 01/02  19:00:00,2349361.7356960457,0.0,0.0,0.0,815568.6084631188,1512790.422006308
 01/02  20:00:00,2395318.717980648,3230.834556358529,0.0,0.0,961755.4345083949,1402471.7174928284
 01/02  21:00:00,1837990.336365953,25666.683051801458,0.0,0.0,623698.3992786941,1149620.2300431645
 01/02  22:00:00,942401.1021645062,56814.33079159541,0.0,0.0,47510.71846471471,793070.2559940119
 01/02  23:00:00,944916.6201448293,78472.92239386383,0.0,0.0,47510.71846471471,779927.9552939577
 01/02  24:00:00,926851.7822162736,92123.0813591726,0.0,0.0,47510.71846471471,760214.5042438759
 01/03  01:00:00,1044578.0082876134,115707.11061426447,0.0,0.0,47510.71846471471,861643.3538938487
 01/03  02:00:00,990785.230230879,107733.30386022043,0.0,0.0,56455.044005642776,806880.0570502304
 01/03  03:00:00,935984.5402491493,110398.1788505472,0.0,0.0,47510.71846471471,758358.817619102
 01/03  04:00:00,939777.9294416275,114278.68727822418,0.0,0.0,47510.71846471471,758271.6983839029
 01/03  05:00:00,1034114.6243058818,117819.35033196065,0.0,0.0,47510.71846471471,849067.730194421
 01/03  06:00:00,2298686.2989207217,118035.24436846754,0.0,0.0,59676.924711245905,2105114.944261724
 01/03  07:00:00,1747217.5308341295,121993.85531688755,0.0,0.0,194274.59777069578,1415947.145441818
 01/03  08:00:00,3506498.8064636346,102221.39934986168,0.0,0.0,335171.76892617566,3054532.332520148
 01/03  09:00:00,3047814.9881002605,74288.94802483736,0.0,0.0,150226.19887021132,2809155.1621750393
 01/03  10:00:00,4078604.6400671233,29192.658866781763,0.0,0.0,259673.9673172666,3777736.468039293
 01/03  11:00:00,5247287.942817159,922.5619849675946,0.0,0.0,252941.6792757079,4983993.915536368
 01/03  12:00:00,4264070.022178955,31400.380206921964,92781.68860250316,0.0,244285.8803651323,3889172.6734452294
 01/03  13:00:00,5094419.954185247,271283.98218650126,803831.5135370985,0.0,237553.5923235735,3776607.346490738
 01/03  14:00:00,5127991.207365028,487190.8428436549,1439047.7407698142,0.0,188600.24070709624,3008437.4900344047
 01/03  15:00:00,5531597.040199275,667219.6483271471,1941470.9454590199,0.0,238515.3477580819,2679676.205644969
 01/03  16:00:00,5129995.263043886,654535.0272909033,1866490.084586336,0.0,254865.19014472465,2348961.4413745874
 01/03  17:00:00,3619873.3064198093,454839.01166757534,1274720.2315542195,0.0,175712.71788468375,1706457.4392050495
 01/03  18:00:00,3199157.8757190444,205743.4516367264,571065.5323262342,0.0,47510.71846471471,2358978.987712085
 01/03  19:00:00,2228367.46314934,14054.736717775077,38896.63208308329,0.0,705928.4889291618,1448484.9001927006
 01/03  20:00:00,2392087.8834242895,0.0,0.0,0.0,961755.4345083949,1402471.7174928284
 01/03  21:00:00,1968634.4884090256,6221.264344991901,0.0,0.0,719633.5038709064,1203774.6962008344
 01/03  22:00:00,1402930.76158399,32248.0605247855,0.0,0.0,332767.3803399046,992909.5238051156
 01/03  23:00:00,1317049.290862933,56331.61266617781,0.0,0.0,289488.38578702684,932224.2684174355
 01/03  24:00:00,910603.6446058464,75874.94374874541,0.0,0.0,47510.71846471471,760214.5042438759
 01/04  01:00:00,1031419.2431198503,102548.34544650133,0.0,0.0,47510.71846471471,861643.3538938487
 01/04  02:00:00,913349.057706252,99049.31038293029,0.0,0.0,47510.71846471471,747072.2035438216
 01/04  03:00:00,911839.2603503915,104110.66337709723,0.0,0.0,47510.71846471471,740501.0531937941
 01/04  04:00:00,934467.6948630298,108968.4526996266,0.0,0.0,47510.71846471471,758271.6983839029
 01/04  05:00:00,1029615.2678456613,113319.99387174018,0.0,0.0,47510.71846471471,849067.730194421
 01/04  06:00:00,2898776.037283546,110457.00191970164,0.0,0.0,47510.71846471471,2724949.1313198456
 01/04  07:00:00,3555058.752209026,104464.4261502093,0.0,0.0,340461.42381597176,3095130.969938117
 01/04  08:00:00,2005458.9027481345,104245.59147403203,0.0,0.0,95502.3146466836,1791137.6909599686
 01/04  09:00:00,3576984.4867907474,63413.17000619258,0.0,0.0,457795.58682599594,3041631.050928387
 01/04  10:00:00,4160404.524740996,21590.653453508206,0.0,0.0,312570.5162152283,3814241.809228477
 01/04  11:00:00,4180434.8606168968,0.0,0.0,0.0,252941.6792757079,3918063.395321074
 01/04  12:00:00,5100263.2736661425,81666.6843862302,239150.32378120447,0.0,244285.8803651323,4528730.985574406
 01/04  13:00:00,5833495.716762468,352697.79905091797,1035121.251163786,0.0,237553.5923235735,4202979.554576855
 01/04  14:00:00,5291652.143460581,532734.0365646635,1557165.4831443587,0.0,188600.24070709627,3008437.4900344047
 01/04  15:00:00,6778873.079707712,718889.3763829055,2071146.7366964049,0.0,238515.3477580819,3745606.7258602628
 01/04  16:00:00,4617009.093481975,599893.7640172265,1696353.1289102149,0.0,99349.3363847172,2216269.34452248
 01/04  17:00:00,4706222.662988419,421335.3844811684,1167369.0803884598,0.0,495784.9264890775,2613589.3655214324
 01/04  18:00:00,3197639.140561547,177738.44786508783,488858.531094888,0.0,740551.6845714641,1774631.2914508237
 01/04  19:00:00,2037678.569665694,9657.995512637248,26550.121152139796,0.0,596288.3693952048,1384179.3783790926
 01/04  20:00:00,2392087.8834242895,0.0,0.0,0.0,961755.4345083949,1402471.7174928284
 01/04  21:00:00,1827385.936616545,15062.283302393333,0.0,0.0,623698.3992786941,1149620.2300431645
 01/04  22:00:00,1413906.19827674,43223.497217535725,0.0,0.0,332767.3803399046,992909.5238051156
 01/04  23:00:00,934578.0186898597,68134.32093889426,0.0,0.0,47510.71846471471,779927.9552939577
 01/04  24:00:00,920776.5178001714,86047.8169430704,0.0,0.0,47510.71846471471,760214.5042438759
 01/05  01:00:00,1042160.8789041659,113289.98123081712,0.0,0.0,47510.71846471471,861643.3538938487
 01/05  02:00:00,922376.8951311163,108077.1478077945,0.0,0.0,47510.71846471471,747072.2035438216
 01/05  03:00:00,920532.9239425713,112804.3269692769,0.0,0.0,47510.71846471471,740501.0531937941
 01/05  04:00:00,942847.867689939,117348.62552653586,0.0,0.0,47510.71846471471,758271.6983839029
 01/05  05:00:00,1037287.7045274824,120992.43055356137,0.0,0.0,47510.71846471471,849067.730194421
 01/05  06:00:00,1207233.168331701,124402.96531232705,0.0,0.0,47510.71846471471,1019460.2989753755
 01/05  07:00:00,1749940.7269361343,124717.05141889233,0.0,0.0,194274.59777069578,1415947.145441818
 01/05  08:00:00,2270340.5062012705,106710.24661965901,0.0,0.0,239477.10319259032,1909579.8507215711
 01/05  09:00:00,3223154.096021164,69657.35636011952,0.0,0.0,252941.6792757079,2886410.381355165
 01/05  10:00:00,4074884.2160427156,25472.23484237365,0.0,0.0,259673.9673172666,3777736.468039293
 01/05  11:00:00,4532157.437314915,0.0,0.0,0.0,457795.58682599594,4064932.064468804
 01/05  12:00:00,4752003.50476228,66927.19814481158,194624.0734903193,0.0,440483.98900484486,4043538.844563135
 01/05  13:00:00,5727606.71755074,346037.3766854691,1010005.6926700665,0.0,427981.1683562357,3938438.960191632
 01/05  14:00:00,5357745.534974059,528564.6292001995,1539093.233458625,0.0,235630.08145455676,3049742.6978506204
 01/05  15:00:00,5175349.686720109,649535.1987209585,1866372.4676770095,0.0,95261.8757880565,2559465.2515240274
 01/05  16:00:00,5025855.303115409,607992.6171259144,1712965.121954148,0.0,306799.983608178,2392954.0607798332
 01/05  17:00:00,3576719.642031027,387213.6326687292,1072081.5111978557,0.0,303914.7173046528,1805365.8747515082
 01/05  18:00:00,2462937.0424185297,138473.49450697075,380089.639103541,0.0,394319.7281484419,1534194.9950802925
 01/05  19:00:00,1827524.8116533523,0.0,0.0,0.0,486648.24986124784,1319873.8565654852
 01/05  20:00:00,3637532.3464893177,0.0,0.0,0.0,504921.6031169073,3104750.0119493445
 01/05  21:00:00,3084248.178752172,18533.493294766773,0.0,0.0,527763.2946864816,2498946.3667786303
 01/05  22:00:00,1295665.2750532543,46256.55641562339,0.0,0.0,261453.2148711071,942949.7068523397
 01/05  23:00:00,938135.1688765616,71691.47112559617,0.0,0.0,47510.71846471471,779927.9552939577
 01/05  24:00:00,925347.0936050502,90618.39274794917,0.0,0.0,47510.71846471471,760214.5042438759
 01/06  01:00:00,1046325.7240635781,117454.82639022906,0.0,0.0,47510.71846471471,861643.3538938487
 01/06  02:00:00,926333.3461071163,112033.59878379457,0.0,0.0,47510.71846471471,747072.2035438216
 01/06  03:00:00,924014.9710378512,116715.00070183487,0.0,0.0,47510.71846471471,740501.0531937941
 01/06  04:00:00,5053041.307995272,133151.73119787645,0.0,0.0,47510.71846471471,4853090.659655172
 01/06  05:00:00,5979951.175622211,143932.8946026257,0.0,0.0,47510.71846471471,5768790.737240084
 01/06  06:00:00,1210223.856418658,123964.64030106034,0.0,0.0,47510.71846471471,1019460.2989753755
 01/06  07:00:00,1620363.6755565116,122456.6973692038,0.0,0.0,120892.65811770526,1358154.7480293734
 01/06  08:00:00,4456493.158382474,86584.12705490444,0.0,0.0,239477.10319259032,4112858.236006584
 01/06  09:00:00,4093849.9883516496,53107.54814909883,0.0,0.0,150226.19887021132,3875085.682390333
 01/06  10:00:00,4065049.4520266815,14780.21755178412,0.0,0.0,259673.9673172666,3777736.468039293
 01/06  11:00:00,4181292.1138914526,0.0,0.0,0.0,252941.6792757079,3918063.395321074
 01/06  12:00:00,4508692.513408628,93164.06260882517,275211.8707929943,0.0,244285.8803651323,3889172.6734452294
 01/06  13:00:00,5347078.274764501,334408.58472933376,993365.2315735202,0.0,237553.5923235735,3776607.346490738
 01/06  14:00:00,5432240.998943293,540525.2684266218,1601628.0582014364,0.0,235630.08145455676,3049742.6978506204
 01/06  15:00:00,5664787.060399612,699131.1873729146,2042749.4266135897,0.0,238515.3477580819,2679676.205644969
 01/06  16:00:00,5167607.507853139,664411.7412590723,1894225.6154274198,0.0,254865.19014472465,2348961.4413745874
 01/06  17:00:00,3870854.3937760075,464131.931861673,1289297.9637498923,0.0,303914.7173046528,1805365.8747515082
 01/06  18:00:00,2696560.6677453527,200911.05674546218,550847.0755545942,0.0,394319.7281484419,1534194.9950802925
 01/06  19:00:00,1873101.7675107785,12324.017284596042,33681.56521010798,0.0,486648.24986124784,1319873.8565654852
 01/06  20:00:00,1695775.305555158,0.0,0.0,0.0,504921.6031169073,1165136.1042015743
 01/06  21:00:00,2121156.0402922425,12082.258576549548,0.0,0.0,815568.6084631188,1257929.162358504
 01/06  22:00:00,1888557.7377940733,36235.50328579884,0.0,0.0,617446.9889543895,1192869.8351006466
 01/06  23:00:00,1319961.8041468663,61815.885773778806,0.0,0.0,289488.38578702684,932224.2684174355
 01/06  24:00:00,1122243.6744378135,79525.22905196434,0.0,0.0,143301.55974175083,874127.9140446996
 01/07  01:00:00,1168805.8247660631,107005.13807110112,0.0,0.0,83191.84508497614,958892.0162952003
 01/07  02:00:00,1008626.2078948349,102656.88850839742,0.0,0.0,59436.4858526188,826816.0082190332
 01/07  03:00:00,949545.7954551169,106530.29626848492,0.0,0.0,47510.71846471471,776216.5820444098
 01/07  04:00:00,935585.1642494423,110514.54872331719,0.0,0.0,47510.71846471471,758271.6983839029
 01/07  05:00:00,1029264.4131320145,112969.13915809337,0.0,0.0,47510.71846471471,849067.730194421
 01/07  06:00:00,2899475.2581401654,107727.20967809747,0.0,0.0,47510.71846471471,2724949.1313198456
 01/07  07:00:00,2233405.121995742,106534.2538024562,0.0,0.0,194274.59777069578,1913736.6983823604
 01/07  08:00:00,2261437.166678517,94806.52063595963,0.0,0.0,239477.10319259032,1909579.8507215711
 01/07  09:00:00,3394160.1257004975,59340.21756586384,0.0,0.0,355368.63305085193,2964020.716141776
 01/07  10:00:00,4250594.976326884,21521.96167769401,0.0,0.0,365467.06511319004,3850747.1504176618
 01/07  11:00:00,4093854.6136670467,429.58859092515405,0.0,0.0,201583.93907295962,3881554.0467084916
 01/07  12:00:00,4247115.780773876,27379.117229458232,79420.08353760833,0.0,244285.8803651323,3889172.6734452294
 01/07  13:00:00,5073857.443937114,246824.75649783766,719663.431544241,0.0,285160.48633173906,3817065.2499159616
 01/07  14:00:00,5396612.193604661,493614.9116860087,1436047.1613891642,0.0,329882.11403637944,3132353.1134830513
 01/07  15:00:00,5549173.01055415,680770.3766509673,1945496.1874900742,0.0,238515.3477580819,2679676.205644969
 01/07  16:00:00,5501539.608715991,687459.0636733321,1917328.1552699136,0.0,410669.5705350846,2480939.2995903254
 01/07  17:00:00,4505187.789226257,517588.6133509259,1416651.9045231666,0.0,559741.6628838858,2003061.7023599981
 01/07  18:00:00,6591590.971384023,347554.5106279162,941146.3199574937,0.0,740551.6845714641,4546050.644010588
 01/07  19:00:00,4002688.6499460037,86928.99994123021,235139.72659434224,0.0,925208.7279970758,2734837.116824014
 01/07  20:00:00,2389944.7502379,0.0,0.0,0.0,961755.4345083949,1402471.7174928284
 01/07  21:00:00,2113489.2267942764,4415.445078583318,0.0,0.0,815568.6084631188,1257929.162358504
 01/07  22:00:00,1637393.1269032233,27390.852349956884,0.0,0.0,475107.1846471471,1092889.679452881
 01/07  23:00:00,1313054.5035920504,54908.58521896293,0.0,0.0,289488.38578702684,932224.2684174355
 01/07  24:00:00,1120221.481149308,77503.03576345873,0.0,0.0,143301.55974175083,874127.9140446996
 01/08  01:00:00,1171892.9843147907,110092.29761982875,0.0,0.0,83191.84508497614,958892.0162952003
 01/08  02:00:00,1013042.0408587697,107072.72147233218,0.0,0.0,59436.4858526188,826816.0082190332
 01/08  03:00:00,921590.6007191299,113862.00374583562,0.0,0.0,47510.71846471471,740501.0531937941
 01/08  04:00:00,944817.4021538112,119318.15999040802,0.0,0.0,47510.71846471471,758271.6983839029
 01/08  05:00:00,1109966.555019795,122936.52569198661,0.0,0.0,50203.633681338215,917109.5703316848
 01/08  06:00:00,1336023.464404008,125631.93611428911,0.0,0.0,96175.5434508395,1098356.799259595
 01/08  07:00:00,1881252.354141098,125203.389930987,0.0,0.0,267368.01079333376,1473679.0211120492
 01/08  08:00:00,2276064.680216275,112434.4206346637,0.0,0.0,239477.10319259032,1909579.8507215711
 01/08  09:00:00,3390740.171833248,84767.42335257078,0.0,0.0,252941.6792757079,3038886.3901747973
 01/08  10:00:00,6431213.340114522,66379.79652802579,0.0,0.0,259673.9673172666,6093158.030425447
 01/08  11:00:00,4225936.961506498,45502.1008896016,0.0,0.0,252941.6792757079,3918063.395321074
 01/08  12:00:00,4178568.0466861674,38680.093316636216,0.0,0.0,244285.8803651323,3889172.6734452294
 01/08  13:00:00,4030472.5290077627,11168.070546115814,0.0,0.0,237553.5923235735,3776607.346490738
 01/08  14:00:00,3290087.6723152343,0.0,0.0,0.0,235630.08145455676,3049742.6978506204
 01/08  15:00:00,2922906.446413108,0.0,0.0,0.0,238515.3477580819,2679676.205644969
 01/08  16:00:00,2608970.151166647,0.0,0.0,0.0,254865.19014472465,2348961.4413745874
 01/08  17:00:00,2117424.498164442,0.0,0.0,0.0,303914.7173046528,1805365.8747515082
 01/08  18:00:00,1949641.1428567688,5267.234048750901,0.0,0.0,394319.7281484419,1534194.9950802925
 01/08  19:00:00,2028733.913241939,27263.4602410222,0.0,0.0,596288.3693952048,1384179.3783790928
 01/08  20:00:00,2442508.4475141866,50420.56408989695,0.0,0.0,961755.4345083949,1402471.7174928284
 01/08  21:00:00,2186900.7412271383,74397.94641322226,0.0,0.0,815568.6084631188,1257929.162358504
 01/08  22:00:00,1947914.534706044,92591.91373682341,0.0,0.0,617446.9889543895,1192869.8351006466
 01/08  23:00:00,1368287.1469798551,107569.46878309992,0.0,0.0,289488.38578702684,932224.2684174355
 01/08  24:00:00,1161890.6624516267,117457.71051666587,0.0,0.0,143301.55974175083,874127.9140446996
 01/09  01:00:00,1069788.7079972066,140917.81032385773,0.0,0.0,47510.71846471471,861643.3538938487
 01/09  02:00:00,944838.7269980971,130538.97967477539,0.0,0.0,47510.71846471471,747072.2035438216
 01/09  03:00:00,939311.2021089714,131582.60513567715,0.0,0.0,47510.71846471471,740501.0531937941
 01/09  04:00:00,958145.6440074404,132646.4018440372,0.0,0.0,47510.71846471471,758271.6983839029
 01/09  05:00:00,1049148.7901216806,132853.5161477595,0.0,0.0,47510.71846471471,849067.730194421
 01/09  06:00:00,1215254.3983251145,132424.19530574046,0.0,0.0,47510.71846471471,1019460.2989753755
 01/09  07:00:00,3322661.067617775,123122.896821498,0.0,0.0,120892.65811770526,3063643.5803738437
 01/09  08:00:00,5049196.858415395,98206.27747001014,0.0,0.0,287324.436059383,4649092.839218551
 01/09  09:00:00,3574551.24613595,92712.28217703482,0.0,0.0,252941.6792757079,3214752.6056530355
 01/09  10:00:00,10161407.901030432,87103.52694409771,0.0,0.0,259673.9673172666,9802628.860925285
 01/09  11:00:00,9077872.53715857,65581.75831134096,0.0,0.0,201583.93907295962,8801277.053754155
 01/09  12:00:00,4189175.38903047,49287.435660939314,0.0,0.0,244285.8803651323,3889172.6734452294
 01/09  13:00:00,4057789.1573250033,38484.698863356345,0.0,0.0,237553.5923235735,3776607.346490738
 01/09  14:00:00,3321303.4328649202,31215.76054968557,0.0,0.0,235630.08145455676,3049742.6978506204
 01/09  15:00:00,2955531.6233693436,32625.17695623594,0.0,0.0,238515.3477580819,2679676.205644969
 01/09  16:00:00,2648005.778040875,39035.62687422839,0.0,0.0,254865.19014472465,2348961.4413745874
 01/09  17:00:00,1721369.7228914467,58166.0946598602,0.0,0.0,47510.71846471471,1607549.0036585908
 01/09  18:00:00,2162438.265636664,71397.2936302576,0.0,0.0,480877.71725419746,1594304.0691729253
 01/09  19:00:00,2604922.405221605,81615.028177995,0.0,0.0,925208.7279970758,1577095.9438199156
 01/09  20:00:00,1795784.0612312753,97865.62248972758,0.0,0.0,504921.6031169073,1165136.1042015743
 01/09  21:00:00,1621677.9422512255,109533.43043683821,0.0,0.0,431828.1900942693,1041311.297727825
 01/09  22:00:00,1489764.461737004,119081.76067779976,0.0,0.0,332767.3803399046,992909.5238051156
 01/09  23:00:00,1387244.6195628403,126526.94136608504,0.0,0.0,289488.38578702684,932224.2684174355
 01/09  24:00:00,1180198.504000903,135765.5520659422,0.0,0.0,143301.55974175083,874127.9140446996
 01/10  01:00:00,1182650.4304532735,163779.53277992443,90000.0,0.0,47510.71846471471,861643.3538938487
 01/10  02:00:00,1149258.8346908353,154959.08736751354,180000.0,0.0,47510.71846471471,747072.2035438216
 01/10  03:00:00,1147796.167302024,160067.57032872975,180000.0,0.0,47510.71846471471,740501.0531937941
 01/10  04:00:00,1171225.2393379924,165725.9971745891,180000.0,0.0,47510.71846471471,758271.6983839029
 01/10  05:00:00,1266417.5946792103,170122.3207052893,180000.0,0.0,47510.71846471471,849067.730194421
 01/10  06:00:00,1435983.8323345804,173153.62931520632,180000.0,0.0,47510.71846471471,1019460.2989753755
 01/10  07:00:00,2042247.299557227,171610.97969355027,180000.0,0.0,230821.30428201478,1444813.0832769338
 01/10  08:00:00,2055411.1419088698,154197.83063476745,0.0,0.0,95502.3146466836,1791137.6909599686
 01/10  09:00:00,3263654.447277191,110157.7076161463,0.0,0.0,252941.6792757079,2886410.381355165
 01/10  10:00:00,4108355.5219851756,58943.540784833865,0.0,0.0,259673.9673172666,3777736.468039293
 01/10  11:00:00,4194433.632022221,13998.771405323769,0.0,0.0,252941.6792757079,3918063.395321074
 01/10  12:00:00,4139887.953369531,0.0,0.0,0.0,244285.8803651323,3889172.6734452294
 01/10  13:00:00,3938506.9182930673,70182.89173476581,200894.05565640674,0.0,47510.71846471471,3614775.7327898443
 01/10  14:00:00,4104368.8544619735,279665.5448388677,799620.782998899,0.0,94540.55921217523,2925827.074401974
 01/10  15:00:00,4762099.882520317,479884.8369646369,1359308.5991425721,0.0,238515.3477580819,2679676.205644969
 01/10  16:00:00,4408845.312438531,475458.43232543155,1324416.728946452,0.0,254865.19014472465,2348961.4413745874
 01/10  17:00:00,3852151.5533769173,342634.12326663424,938570.1587581185,0.0,559741.6628838858,2003061.7023599981
 01/10  18:00:00,3642104.2536857734,121162.62996534652,329947.8420552988,0.0,740551.6845714641,2434582.91151438
 01/10  19:00:00,2523307.3770436104,0.0,0.0,0.0,925208.7279970758,1577095.9438199156
 01/10  20:00:00,2397399.5128674735,5311.62944318418,0.0,0.0,961755.4345083949,1402471.7174928284
 01/10  21:00:00,2146657.369477236,34154.57466332,0.0,0.0,815568.6084631188,1257929.162358504
 01/10  22:00:00,1922316.4816412795,66993.86067205915,0.0,0.0,617446.9889543895,1192869.8351006466
 01/10  23:00:00,1159588.8660891613,96008.17811530098,0.0,0.0,168499.55212587077,856076.1118556965
 01/10  24:00:00,951117.2367199748,116388.53586287374,0.0,0.0,47510.71846471471,760214.5042438759
 01/11  01:00:00,1074997.3297674058,146126.43209405695,0.0,0.0,47510.71846471471,861643.3538938487
 01/11  02:00:00,953259.7159282882,138959.96860496636,0.0,0.0,47510.71846471471,747072.2035438216
 01/11  03:00:00,952370.2735194841,144641.67654618985,0.0,0.0,47510.71846471471,740501.0531937941
 01/11  04:00:00,1066763.5174714136,151264.27530801052,90000.0,0.0,47510.71846471471,758271.6983839029
 01/11  05:00:00,1253921.7810553377,157626.5070814166,180000.0,0.0,47510.71846471471,849067.730194421
 01/11  06:00:00,1426580.9816447296,163750.77862535533,180000.0,0.0,47510.71846471471,1019460.2989753755
 01/11  07:00:00,1841083.8708420063,167034.53239019954,180000.0,0.0,120892.65811770524,1358154.7480293734
 01/11  08:00:00,2051545.955237153,150332.6439630505,0.0,0.0,95502.3146466836,1791137.6909599686
 01/11  09:00:00,3589031.789247511,107192.82528859605,0.0,0.0,252941.6792757079,3214752.6056530355
 01/11  10:00:00,10148053.63467372,73749.26058738532,0.0,0.0,259673.9673172666,9802628.860925285
 01/11  11:00:00,12193648.197568052,36362.089207885685,0.0,0.0,252941.6792757079,11894914.643064346
 01/11  12:00:00,5475043.896441748,5015.997511025444,0.0,0.0,244285.8803651323,5219312.61900642
 01/11  13:00:00,4019304.458461647,0.0,0.0,0.0,237553.5923235735,3776607.346490738
 01/11  14:00:00,3260778.106477873,39387.701019090615,107972.83027090001,0.0,141570.39995963575,2967132.282218189
 01/11  15:00:00,3005003.764324495,116084.0212028604,317299.19816314895,0.0,47510.71846471471,2519394.9334837133
 01/11  16:00:00,2567867.32287676,92212.3334858282,250962.1057071039,0.0,47510.71846471471,2172038.6455717776
 01/11  17:00:00,1805921.710278431,7854.66978556122,21308.194778069406,0.0,111611.71817469923,1657003.2214318202
 01/11  18:00:00,3303638.555420089,0.0,0.0,0.0,567435.7063599529,2720343.663480852
 01/11  19:00:00,3590513.3999638776,1275.5027049728822,0.0,0.0,925208.7279970758,2643026.4640352093
 01/11  20:00:00,1729107.9951316034,31189.55639005564,0.0,0.0,504921.6031169073,1165136.1042015743
 01/11  21:00:00,1573940.5157070025,61796.003892615074,0.0,0.0,431828.1900942693,1041311.297727825
 01/11  22:00:00,1939728.7499604449,84406.1289912245,0.0,0.0,617446.9889543895,1192869.8351006466
 01/11  23:00:00,1757011.8074988758,101514.40319809981,0.0,0.0,531850.7552831424,1084641.6250253406
 01/11  24:00:00,1265106.0041345987,115983.69118029154,0.0,0.0,191389.33146717056,930729.5033386261
 01/12  01:00:00,1207977.2654917636,146176.57879680168,0.0,0.0,83191.84508497614,958892.0162952003
 01/12  02:00:00,1045137.5200982621,140002.9867433825,45000.0,0.0,53473.602158666756,786944.1058814274
 01/12  03:00:00,1135248.7442950665,147520.14732177212,180000.0,0.0,47510.71846471471,740501.0531937941
 01/12  04:00:00,1161062.3940128677,155563.1518494645,180000.0,0.0,47510.71846471471,758271.6983839029
 01/12  05:00:00,1258765.420602338,162470.14662841702,180000.0,0.0,47510.71846471471,849067.730194421
 01/12  06:00:00,1431067.7489780472,168237.54595867314,180000.0,0.0,47510.71846471471,1019460.2989753755
 01/12  07:00:00,5923192.987020921,149794.15003575105,180000.0,0.0,267368.01079333376,5311028.893887108
 01/12  08:00:00,6941020.821152376,119235.22607585462,45000.0,0.0,430866.4346597609,6331345.854749311
 01/12  09:00:00,4317584.639552316,93037.66578415886,0.0,0.0,457795.58682599594,3752606.7079119887
 01/12  10:00:00,4458312.9666409185,51293.425091991914,0.0,0.0,471260.1629091135,3923757.8327960307
 01/12  11:00:00,4104984.7918913993,12353.464730660222,0.0,0.0,201439.67575778332,3881761.8653828404
 01/12  12:00:00,3787915.3456538096,0.0,0.0,0.0,47510.71846471471,3733975.2276299256
 01/12  13:00:00,3754440.619040971,23041.390015227662,63969.25812384892,0.0,47510.71846471471,3614775.7327898443
 01/12  14:00:00,3896226.594490622,160622.51240476273,445516.40977062494,0.0,235630.08145455676,3049742.6978506204
 01/12  15:00:00,3924689.4971896,265925.04454970243,735858.0062267899,0.0,238515.3477580819,2679676.205644969
 01/12  16:00:00,3521188.7012647046,243435.3948128398,668783.155285218,0.0,254865.19014472465,2348961.4413745874
 01/12  17:00:00,3436892.069008164,129037.20464783724,351610.2809470188,0.0,175712.71788468375,2772387.9594203434
 01/12  18:00:00,4309182.902120246,0.0,0.0,0.0,394319.7281484419,3899003.988392519
 01/12  19:00:00,2441368.03480336,721.6364674145598,0.0,0.0,705928.4889291618,1713715.2041801643
 01/12  20:00:00,2413652.090399834,21564.206975544133,0.0,0.0,961755.4345083949,1402471.7174928284
 01/12  21:00:00,2161728.312132455,49225.51731853903,0.0,0.0,815568.6084631188,1257929.162358504
 01/12  22:00:00,1447701.4232100605,77018.72215085613,0.0,0.0,332767.3803399046,992909.5238051156
 01/12  23:00:00,1259633.9011276467,97484.718042339,0.0,0.0,228993.9689564488,894150.190136566
 01/12  24:00:00,946058.866678839,111330.16582173786,0.0,0.0,47510.71846471471,760214.5042438759
 01/13  01:00:00,1065863.459323139,136992.56164979012,0.0,0.0,47510.71846471471,861643.3538938487
 01/13  02:00:00,942434.354496313,128134.60717299125,0.0,0.0,47510.71846471471,747072.2035438216
 01/13  03:00:00,938946.3479980683,131646.37766205193,0.0,0.0,47510.71846471471,740501.0531937941
 01/13  04:00:00,960688.418283009,135617.80275688387,0.0,0.0,47510.71846471471,758271.6983839029
 01/13  05:00:00,1055234.9595483346,138939.68557441342,0.0,0.0,47510.71846471471,849067.730194421
 01/13  06:00:00,1324504.3919039362,142574.18183358017,0.0,0.0,84009.3372043083,1078632.6741885403
 01/13  07:00:00,5590590.50184732,124159.31381951855,0.0,0.0,194274.59777069578,5253297.018216876
 01/13  08:00:00,6531029.0263468735,100676.29944314054,0.0,0.0,239477.10319259032,6173301.931582747
 01/13  09:00:00,3947158.408622646,81400.13206616591,0.0,0.0,252941.6792757079,3597386.038338766
 01/13  10:00:00,4452220.994972984,44344.200149501376,0.0,0.0,471260.1629091135,3923757.8327960307
 01/13  11:00:00,4540086.040595276,7071.350005804876,0.0,0.0,457795.58682599594,4064932.064468804
 01/13  12:00:00,5556811.379979721,0.0,0.0,0.0,440483.98900484486,5109469.364778428
 01/13  13:00:00,4909701.818532434,141861.49641454563,396276.67392268474,0.0,427981.1683562357,3938438.960191632
 01/13  14:00:00,4967068.457119247,348163.2533933859,975092.63498212,0.0,424134.14661820215,3214963.529115482
 01/13  15:00:00,5135986.51003316,492638.0379144001,1370685.49569356,0.0,428942.9237907441,2839005.1596243987
 01/13  16:00:00,4710768.090193424,457963.8446981424,1260124.4428538375,0.0,462604.3639985379,2524931.9189955713
 01/13  17:00:00,3049373.970707214,249980.78252621126,681968.6900165605,0.0,303914.7173046528,1805365.8747515082
 01/13  18:00:00,2069188.8958034755,33426.82694652477,90959.53341165456,0.0,394319.7281484419,1534194.9950802925
 01/13  19:00:00,2522878.7504063323,0.0,0.0,0.0,925208.7279970758,1577095.9438199156
 01/13  20:00:00,2398804.1002254705,8859.349987570471,0.0,0.0,961755.4345083949,1402471.7174928284
 01/13  21:00:00,2147123.9223966096,38050.14068091678,0.0,0.0,815568.6084631188,1257929.162358504
 01/13  22:00:00,1921323.040754686,69000.80624641142,0.0,0.0,617446.9889543895,1192869.8351006466
 01/13  23:00:00,1453267.8332406997,96426.98334160703,0.0,0.0,350078.9781610557,970328.6075694119
 01/13  24:00:00,1158920.471414953,116202.0260291039,0.0,0.0,143301.55974175083,874127.9140446996
 01/14  01:00:00,1242381.044810865,147074.17751380615,0.0,0.0,92208.30228349235,983381.7396987809
 01/14  02:00:00,997479.493323802,137344.95996892243,0.0,0.0,53473.602158666756,786944.1058814274
 01/14  03:00:00,948352.4641193722,141052.49378335592,0.0,0.0,47510.71846471471,740501.0531937941
 01/14  04:00:00,970534.434330508,145463.818804383,0.0,0.0,47510.71846471471,758271.6983839029
 01/14  05:00:00,1110946.8017061749,149651.5277322538,45000.0,0.0,47510.71846471471,849067.730194421
 01/14  06:00:00,1420598.3971404235,154339.181022826,180000.0,0.0,47510.71846471471,1019460.2989753755
 01/14  07:00:00,1703307.4053464006,156574.764224528,180000.0,0.0,47510.71846471471,1300362.3506169287
 01/14  08:00:00,1957996.8855844766,141255.50395193166,0.0,0.0,47510.71846471471,1751656.9710394344
 01/14  09:00:00,2900107.1800313825,105265.95962974787,0.0,0.0,47510.71846471471,2731899.942994914
 01/14  10:00:00,4108498.0570052513,58228.82253035392,0.0,0.0,259673.9673172666,3777736.468039293
 01/14  11:00:00,4201107.166923467,19815.053032013817,0.0,0.0,252941.6792757079,3918063.395321074
 01/14  12:00:00,4141742.1984243263,1425.6184175171034,0.0,0.0,244285.8803651323,3889172.6734452294
 01/14  13:00:00,4423272.711812781,13631.452425910862,38077.61119166643,0.0,427981.1683562357,3938438.960191632
 01/14  14:00:00,3782226.490336682,106430.59140834636,297277.002505975,0.0,282756.0977454681,3091047.9056668356
 01/14  15:00:00,3640488.9580608825,189555.15747229484,528027.3541754795,0.0,238515.3477580819,2679676.205644969
 01/14  16:00:00,2738630.7140645543,136443.25057496488,377494.57980576163,0.0,47510.71846471471,2172038.6455717776
 01/14  17:00:00,2128075.0606491887,33190.47208363567,91015.3078843252,0.0,239813.71759466827,1755911.656978279
 01/14  18:00:00,1797813.651128489,0.0,0.0,0.0,307617.47572751006,1473908.363184417
 01/14  19:00:00,1837499.788997578,10403.603981503642,0.0,0.0,486648.24986124784,1319873.8565654852
 01/14  20:00:00,1734877.1309523457,39101.82539718757,0.0,0.0,504921.6031169073,1165136.1042015743
 01/14  21:00:00,1579281.9765400155,70566.47782385196,0.0,0.0,431828.1900942693,1041311.297727825
 01/14  22:00:00,1463982.2991883047,96299.9845900462,0.0,0.0,332767.3803399046,992909.5238051156
 01/14  23:00:00,1470659.8310950096,113818.98119591705,0.0,0.0,350078.9781610557,970328.6075694116
 01/14  24:00:00,1166803.1271105509,124084.6817247018,0.0,0.0,143301.55974175083,874127.9140446996
 01/15  01:00:00,1211750.2043421122,149949.5176471502,0.0,0.0,83191.84508497614,958892.0162952003
 01/15  02:00:00,955254.3078844497,140954.56056112802,0.0,0.0,47510.71846471471,747072.2035438216
 01/15  03:00:00,952777.6853725286,145049.0883992344,0.0,0.0,47510.71846471471,740501.0531937941
 01/15  04:00:00,1155713.4916735594,150214.2495101564,180000.0,0.0,47510.71846471471,758271.6983839029
 01/15  05:00:00,1251143.1496307072,154847.87565678608,180000.0,0.0,47510.71846471471,849067.730194421
 01/15  06:00:00,2609550.4915558808,153228.44305086808,180000.0,0.0,96175.5434508395,2164287.319474889
 01/15  07:00:00,3614403.3051532186,148690.7972915065,135000.0,0.0,194274.59777069578,3121435.9777862886
 01/15  08:00:00,2794112.520602892,132692.7080807387,0.0,0.0,239477.10319259032,2407369.403662114
 01/15  09:00:00,3250819.9581280127,97323.21846696775,0.0,0.0,252941.6792757079,2886410.381355165
 01/15  10:00:00,4098335.9752176628,48923.99401732097,0.0,0.0,259673.9673172666,3777736.468039293
 01/15  11:00:00,4187906.4388014944,7471.578184598018,0.0,0.0,252941.6792757079,3918063.395321074
 01/15  12:00:00,4139887.953369531,0.0,0.0,0.0,244285.8803651323,3889172.6734452294
 01/15  13:00:00,4596090.322203102,171638.1526049504,493116.33302644204,0.0,190042.8738588588,3736149.443065515
 01/15  14:00:00,4366496.575188706,368717.96918565425,1061031.1279425207,0.0,47510.71846471471,2884521.8665857585
 01/15  15:00:00,4658057.977281908,542099.3013287557,1544338.130994666,0.0,47510.71846471471,2519394.9334837133
 01/15  16:00:00,4225703.747190296,526620.2670523147,1474390.596454154,0.0,47510.71846471471,2172038.6455717776
 01/15  17:00:00,2954615.690780893,343559.8832378158,947852.1793114904,0.0,47510.71846471471,1607549.0036585908
 01/15  18:00:00,1921692.39228662,111711.84230372397,306573.29412529967,0.0,134212.9708856465,1353335.0993926662
 01/15  19:00:00,1827524.8116533523,0.0,0.0,0.0,486648.24986124784,1319873.8565654852
 01/15  20:00:00,1353534.810710506,2929.0991984675147,0.0,0.0,276216.160790811,1046528.819298161
 01/15  21:00:00,937133.4207813457,26634.4764401629,0.0,0.0,47510.71846471471,823983.2018841752
 01/15  22:00:00,1421660.0492250104,50977.34816580618,0.0,0.0,332767.3803399046,992909.5238051156
 01/15  23:00:00,1336030.5767033426,75312.89850658747,0.0,0.0,289488.38578702684,932224.2684174355
 01/15  24:00:00,930493.5355321453,95764.83467504417,0.0,0.0,47510.71846471471,760214.5042438759
 01/16  01:00:00,1056256.8169012682,127385.91922791931,0.0,0.0,47510.71846471471,861643.3538938487
 01/16  02:00:00,937147.7166950081,122847.9693716863,0.0,0.0,47510.71846471471,747072.2035438216
 01/16  03:00:00,936963.6206136661,129235.02364037183,0.0,0.0,47510.71846471471,740501.0531937941
 01/16  04:00:00,960492.7263890831,134993.48422567997,0.0,0.0,47510.71846471471,758271.6983839029
 01/16  05:00:00,1055875.071810809,139579.79783688794,0.0,0.0,47510.71846471471,849067.730194421
 01/16  06:00:00,1290013.4465357517,143402.58088120547,0.0,0.0,71843.1309577771,1058908.5491174853
 01/16  07:00:00,1639948.535392894,145899.19694108734,0.0,0.0,120892.65811770524,1358154.7480293734
 01/16  08:00:00,1946329.8878332672,132588.892661668,0.0,0.0,47510.71846471471,1751656.9710394344
 01/16  09:00:00,3251582.2985134483,98085.55885240374,0.0,0.0,252941.6792757079,2886410.381355165
 01/16  10:00:00,4110266.412836105,60854.4316357637,0.0,0.0,259673.9673172666,3777736.468039293
 01/16  11:00:00,4216820.97905311,36386.11843621304,0.0,0.0,252941.6792757079,3918063.395321074
 01/16  12:00:00,4165059.7646309277,25171.81126139684,0.0,0.0,244285.8803651323,3889172.6734452294
 01/16  13:00:00,4022911.9290354243,3607.4705737770614,0.0,0.0,237553.5923235735,3776607.346490738
 01/16  14:00:00,3290087.6723152343,0.0,0.0,0.0,235630.08145455676,3049742.6978506204
 01/16  15:00:00,2922906.446413108,0.0,0.0,0.0,238515.3477580819,2679676.205644969
 01/16  16:00:00,2615614.2039973093,6644.05283066185,0.0,0.0,254865.19014472465,2348961.4413745874
 01/16  17:00:00,3423985.865845641,13869.460872044314,0.0,0.0,431828.19009426923,2970144.3087710473
 01/16  18:00:00,2564360.418710721,33318.25710914993,0.0,0.0,740551.6845714641,1774631.2914508237
 01/16  19:00:00,3239018.404330464,55759.40722329717,0.0,0.0,925208.7279970758,2237047.5638834722
 01/16  20:00:00,2300605.6346456553,82060.11239205142,0.0,0.0,847546.976660523,1343137.814170015
 01/16  21:00:00,1468549.4671675386,106816.3472214522,0.0,0.0,335748.8221868806,986979.2737669125
 01/16  22:00:00,1369943.3966533348,120534.67801570386,0.0,0.0,261453.2148711071,942949.7068523397
 01/16  23:00:00,1390094.4121007673,129376.73390401197,0.0,0.0,289488.38578702684,932224.2684174355
 01/16  24:00:00,1127187.694852727,135180.80568723095,0.0,0.0,119353.8494224918,845649.5615944937
 01/17  01:00:00,1084248.1951406295,155377.29746728044,0.0,0.0,47510.71846471471,861643.3538938487
 01/17  02:00:00,956521.2150020332,142221.46767871146,0.0,0.0,47510.71846471471,747072.2035438216
 01/17  03:00:00,946820.7308564417,139092.1338831475,0.0,0.0,47510.71846471471,740501.0531937941
 01/17  04:00:00,962126.4605731493,136627.2184097461,0.0,0.0,47510.71846471471,758271.6983839029
 01/17  05:00:00,1050830.8332726718,134535.5592987509,0.0,0.0,47510.71846471471,849067.730194421
 01/17  06:00:00,1216727.677905979,133897.474886605,0.0,0.0,47510.71846471471,1019460.2989753755
 01/17  07:00:00,1496962.3380864316,134087.33670006017,0.0,0.0,47510.71846471471,1300362.3506169287
 01/17  08:00:00,1946118.1789788136,132377.18380721434,0.0,0.0,47510.71846471471,1751656.9710394344
 01/17  09:00:00,3271744.1229503276,118247.38328928262,0.0,0.0,252941.6792757079,2886410.381355165
 01/17  10:00:00,4145899.8236812204,96487.84248087855,0.0,0.0,259673.9673172666,3777736.468039293
 01/17  11:00:00,4245616.232049646,65181.37143274841,0.0,0.0,252941.6792757079,3918063.395321074
 01/17  12:00:00,4011883.9057936408,47982.25628197046,0.0,0.0,145898.2994149235,3811573.9505375777
 01/17  13:00:00,3681992.3711342216,14562.400232326896,0.0,0.0,47510.71846471471,3614775.7327898443
 01/17  14:00:00,2937190.485408263,443.00734773233893,0.0,0.0,47510.71846471471,2884521.8665857585
 01/17  15:00:00,2571620.5449584853,0.0,0.0,0.0,47510.71846471471,2519394.9334837133
 01/17  16:00:00,2711234.2441147678,27141.48923289877,75122.60371522207,0.0,254865.19014472465,2348961.4413745874
 01/17  17:00:00,2308053.960047014,20603.561937034956,56645.2066486064,0.0,367871.45369946107,1854789.8316536308
 01/17  18:00:00,2531042.1616015714,0.0,0.0,0.0,740551.6845714641,1774631.2914508237
 01/17  19:00:00,2524493.7927519307,1186.4157083200873,0.0,0.0,925208.7279970758,1577095.9438199156
 01/17  20:00:00,2415823.320487832,23735.43706354272,0.0,0.0,961755.4345083949,1402471.7174928284
 01/17  21:00:00,2168921.6323343143,56418.83752039851,0.0,0.0,815568.6084631188,1257929.162358504
 01/17  22:00:00,1943654.044432198,88331.42346297746,0.0,0.0,617446.9889543895,1192869.8351006466
 01/17  23:00:00,1510011.8137437706,114294.13554701525,135000.0,0.0,289488.38578702684,932224.2684174355
 01/17  24:00:00,1357391.8370864626,132958.88515150177,180000.0,0.0,143301.55974175083,874127.9140446996
 01/18  01:00:00,1406178.8024007324,164378.1157057706,180000.0,0.0,83191.84508497614,958892.0162952003
 01/18  02:00:00,1241203.560753963,155234.24136752562,180000.0,0.0,59436.4858526188,826816.0082190332
 01/18  03:00:00,1218739.1560701192,159579.50139559363,180000.0,0.0,47510.71846471471,811932.1108950255
 01/18  04:00:00,1231904.172365285,163302.64916822448,180000.0,0.0,47510.71846471471,821373.9794175603
 01/18  05:00:00,1333877.277180557,166847.24785274852,180000.0,0.0,50203.633681338215,917109.5703316848
 01/18  06:00:00,2621019.0646511475,164697.016146135,180000.0,0.0,96175.5434508395,2164287.319474889
 01/18  07:00:00,1796424.9100599997,167375.5716081928,135000.0,0.0,120892.65811770524,1358154.7480293734
 01/18  08:00:00,1959908.1369817688,146167.14181016933,0.0,0.0,47510.71846471471,1751656.9710394344
 01/18  09:00:00,2895331.0511907893,101775.7107009883,0.0,0.0,47510.71846471471,2731899.942994914
 01/18  10:00:00,3742682.997420821,50624.35513237065,0.0,0.0,47510.71846471471,3632546.377979953
 01/18  11:00:00,3837497.6435178113,8531.138162239184,0.0,0.0,47510.71846471471,3772026.0008707424
 01/18  12:00:00,4139887.953369531,0.0,0.0,0.0,244285.8803651323,3889172.6734452294
 01/18  13:00:00,4456127.9998270525,134774.38805971685,390017.77519562724,0.0,190042.8738588588,3736149.443065515
 01/18  14:00:00,4683344.2213852415,357363.22850793,1035893.3205620768,0.0,235630.08145455676,3049742.6978506204
 01/18  15:00:00,5045627.643506279,548523.3927188246,1574197.8043743465,0.0,238515.3477580819,2679676.205644969
 01/18  16:00:00,4651744.949336943,535667.2076188364,1507107.5905514595,0.0,254865.19014472465,2348961.4413745874
 01/18  17:00:00,4910755.047155196,399371.69097882893,1101266.95120277,0.0,431828.19009426923,2970144.3087710473
 01/18  18:00:00,3127220.2855336396,159546.59529450024,436631.5286375682,0.0,740551.6845714641,1774631.2914508237
 01/18  19:00:00,2547664.81966934,6525.664931706834,17831.77769402263,0.0,925208.7279970758,1577095.9438199156
 01/18  20:00:00,2392087.8834242895,0.0,0.0,0.0,961755.4345083949,1402471.7174928284
 01/18  21:00:00,2787321.6311084814,14867.216231008746,0.0,0.0,815568.6084631188,1917880.7824220606
 01/18  22:00:00,1896897.6669218095,41575.04595258886,0.0,0.0,617446.9889543895,1192869.8351006466
 01/18  23:00:00,1329496.9023909252,68652.78777961223,0.0,0.0,289584.5613304777,932254.5292885423
 01/18  24:00:00,924800.6225617427,90071.9217046416,0.0,0.0,47510.71846471471,760214.5042438759
 01/19  01:00:00,1050724.4988863997,121853.60121305083,0.0,0.0,47510.71846471471,861643.3538938487
 01/19  02:00:00,931315.336523598,117015.58920027611,0.0,0.0,47510.71846471471,747072.2035438216
 01/19  03:00:00,930660.9209444502,122932.32397115597,0.0,0.0,47510.71846471471,740501.0531937941
 01/19  04:00:00,953707.1139365676,128207.87177316434,0.0,0.0,47510.71846471471,758271.6983839029
 01/19  05:00:00,1048268.6927993549,131973.41882543388,0.0,0.0,47510.71846471471,849067.730194421
 01/19  06:00:00,1344900.8306489899,134509.3023592714,0.0,0.0,96175.5434508395,1098356.799259595
 01/19  07:00:00,1758333.5723402374,133109.8968229957,0.0,0.0,194274.59777069578,1415947.145441818
 01/19  08:00:00,2105358.1372142825,116672.5098376771,0.0,0.0,143493.9108286525,1830618.4108805028
 01/19  09:00:00,2872372.446075608,78817.1055858067,0.0,0.0,47510.71846471471,2731899.942994914
 01/19  10:00:00,3725505.77225085,33447.12996240028,0.0,0.0,47510.71846471471,3632546.377979953
 01/19  11:00:00,4182209.064483122,1774.2038662251616,0.0,0.0,252941.6792757079,3918063.395321074
 01/19  12:00:00,4143607.5265981336,941.9253462424614,2777.64788236036,0.0,244285.8803651323,3889172.6734452294
 01/19  13:00:00,4587330.304113591,165970.8543280211,490023.61321386136,0.0,190042.8738588588,3736149.443065515
 01/19  14:00:00,4191330.724316865,295174.9401942538,871073.2574984052,0.0,94540.55921217523,2925827.0744019737
 01/19  15:00:00,4267551.816611568,344338.0774240192,1000307.2927744412,0.0,238515.3477580819,2679676.205644969
 01/19  16:00:00,3611910.1370863193,261286.2817830058,741653.7041366666,0.0,254865.19014472465,2348961.4413745874
 01/19  17:00:00,2800170.348885425,120546.24927684752,335612.7390365575,0.0,431683.926779093,1904183.5276846462
 01/19  18:00:00,2579109.24302482,12779.40820638502,35287.67321686361,0.0,740551.6845714641,1774631.2914508237
 01/19  19:00:00,2523307.3770436104,0.0,0.0,0.0,925208.7279970758,1577095.9438199156
 01/19  20:00:00,2394174.02098965,2086.13756536059,0.0,0.0,961755.4345083949,1402471.7174928284
 01/19  21:00:00,2132270.99809281,19768.203278894252,0.0,0.0,815568.6084631188,1257929.162358504
 01/19  22:00:00,931620.6993773346,46033.928004423724,0.0,0.0,47510.71846471471,793070.2559940119
 01/19  23:00:00,932681.2543488957,66237.5565979303,0.0,0.0,47510.71846471471,779927.9552939577
 01/19  24:00:00,913600.6464537741,78871.94559667299,0.0,0.0,47510.71846471471,760214.5042438759
 01/20  01:00:00,1030411.6654691328,101540.76779578393,0.0,0.0,47510.71846471471,861643.3538938487
 01/20  02:00:00,909525.780974227,95226.03365090529,0.0,0.0,47510.71846471471,747072.2035438216
 01/20  03:00:00,903192.5205400435,95892.55020402727,0.0,0.0,47510.71846471471,740501.0531937941
 01/20  04:00:00,921994.4746883422,96923.8591622171,0.0,0.0,47510.71846471471,758271.6983839029
 01/20  05:00:00,1014155.1662391145,97859.89226519341,0.0,0.0,47510.71846471471,849067.730194421
 01/20  06:00:00,1185375.2294189287,99116.01330133091,0.0,0.0,47510.71846471471,1019460.2989753755
 01/20  07:00:00,1467228.2784908575,100495.63736898478,0.0,0.0,47510.71846471471,1300362.3506169287
 01/20  08:00:00,2263919.4923062534,97288.84626369608,0.0,0.0,239477.10319259032,1909579.8507215711
 01/20  09:00:00,3240519.865943797,85737.24637091806,0.0,0.0,252941.6792757079,2886410.381355165
 01/20  10:00:00,4025125.921067631,64195.02132070619,0.0,0.0,206633.15510412861,3741438.945524458
 01/20  11:00:00,4218864.351432683,37445.126822883685,0.0,0.0,252653.15264535532,3918479.0326697733
 01/20  12:00:00,4164155.5583553324,23838.978348523317,0.0,0.0,244285.8803651323,3889172.6734452294
 01/20  13:00:00,4028047.3170790933,8742.85861744608,0.0,0.0,237553.5923235735,3776607.346490738
 01/20  14:00:00,2941513.278898321,4765.8008377911,0.0,0.0,47510.71846471471,2884521.8665857585
 01/20  15:00:00,2574899.849436337,3279.3044778517283,0.0,0.0,47510.71846471471,2519394.9334837133
 01/20  16:00:00,2231947.061079305,7254.1773954774235,0.0,0.0,47510.71846471471,2172038.6455717776
 01/20  17:00:00,2017942.0225092063,14072.741827978301,0.0,0.0,239813.71759466827,1755911.656978279
 01/20  18:00:00,2610683.7286366657,26322.881062193537,0.0,0.0,394319.7281484419,2173753.307209469
 01/20  19:00:00,6138234.626665131,23368.989685729735,0.0,0.0,815568.6084631188,5278722.949926941
 01/20  20:00:00,2442793.6094367146,52848.85919881483,0.0,0.0,961755.4345083949,1402471.7174928284
 01/20  21:00:00,1733024.910728952,74219.84126290571,0.0,0.0,527763.2946864816,1095465.7638854948
 01/20  22:00:00,1934455.6722115004,82133.4377032259,0.0,0.0,617446.9889543895,1192869.8351006466
 01/20  23:00:00,1056005.2730825641,93564.84004381893,0.0,0.0,108005.13529529274,818002.0335748271
 01/20  24:00:00,932805.3005813895,99791.10627340016,0.0,0.0,47510.71846471471,760214.5042438759
 01/21  01:00:00,1046114.2657111732,117243.36803782421,0.0,0.0,47510.71846471471,861643.3538938487
 01/21  02:00:00,921574.1833780176,107274.43605469579,0.0,0.0,47510.71846471471,747072.2035438216
 01/21  03:00:00,916249.7241543981,108949.75381838187,0.0,0.0,47510.71846471471,740501.0531937941
 01/21  04:00:00,937346.2832422354,112275.66771611045,0.0,0.0,47510.71846471471,758271.6983839029
 01/21  05:00:00,1032076.9252352779,115781.65126135676,0.0,0.0,47510.71846471471,849067.730194421
 01/21  06:00:00,1205626.14824391,119366.9321263123,0.0,0.0,47510.71846471471,1019460.2989753755
 01/21  07:00:00,1488249.7316101731,121517.0904883005,0.0,0.0,47510.71846471471,1300362.3506169287
 01/21  08:00:00,2275116.016037939,108485.36999538157,0.0,0.0,239477.10319259032,1909579.8507215711
 01/21  09:00:00,4673707.453450441,92919.73653875856,0.0,0.0,457795.58682599594,4107561.5711436807
 01/21  10:00:00,4315646.505222004,86573.4905728146,0.0,0.0,365467.06511319004,3850747.1504176618
 01/21  11:00:00,4260166.598305695,78874.48441424163,0.0,0.0,252941.6792757079,3918063.395321074
 01/21  12:00:00,4214268.028334961,73951.44832815259,0.0,0.0,244285.8803651323,3889172.6734452294
 01/21  13:00:00,4705409.972976152,46547.20238532886,0.0,0.0,237553.5923235735,4416165.658619914
 01/21  14:00:00,4012984.2396208756,31230.686898143133,0.0,0.0,377008.1303272908,3600030.5293853837
 01/21  15:00:00,3299828.255160937,27165.278735736214,0.0,0.0,428942.9237907441,2839005.1596243987
 01/21  16:00:00,3017229.3280254346,24549.525383989436,0.0,0.0,462604.3639985379,2524931.9189955713
 01/21  17:00:00,2597892.560114369,26945.28876220407,0.0,0.0,559741.6628838858,2003061.7023599981
 01/21  18:00:00,2568745.002998834,37274.21475998438,0.0,0.0,740551.6845714641,1774631.2914508237
 01/21  19:00:00,2576380.677702649,53501.927296316724,0.0,0.0,925208.7279970758,1577095.9438199156
 01/21  20:00:00,1944966.9843245451,75649.31759870151,0.0,0.0,619130.0609647791,1224470.007524388
 01/21  21:00:00,1604073.7953083985,95358.29659223498,0.0,0.0,431828.1900942693,1041311.297727825
 01/21  22:00:00,1476758.5517450008,109076.2371467421,0.0,0.0,332767.3803399046,992909.5238051156
 01/21  23:00:00,1376800.1635197825,118654.24514669506,0.0,0.0,289488.38578702684,932224.2684174355
 01/21  24:00:00,1169222.2527188342,126503.8073329849,0.0,0.0,143301.55974175083,874127.9140446996
 01/22  01:00:00,1076089.9215836127,147219.02391026376,0.0,0.0,47510.71846471471,861643.3538938487
 01/22  02:00:00,949522.6403541778,135222.893030856,0.0,0.0,47510.71846471471,747072.2035438216
 01/22  03:00:00,943399.246810276,135670.64983698164,0.0,0.0,47510.71846471471,740501.0531937941
 01/22  04:00:00,962669.5088793291,137170.26671592577,0.0,0.0,47510.71846471471,758271.6983839029
 01/22  05:00:00,1125630.08622137,138600.0568935614,0.0,0.0,50203.633681338215,917109.5703316848
 01/22  06:00:00,1348855.2470112236,138463.71872150502,0.0,0.0,96175.5434508395,1098356.799259595
 01/22  07:00:00,5969386.568307497,150069.78334294344,0.0,0.0,267368.01079333376,5536946.841866491
 01/22  08:00:00,10649584.118317772,159669.35635915285,0.0,0.0,430866.4346597609,10044475.021631408
 01/22  09:00:00,6995376.293322564,115852.81773411346,0.0,0.0,406582.1099384239,6458796.6866198545
 01/22  10:00:00,4112734.0666361037,63322.085435762216,0.0,0.0,259673.9673172666,3777736.468039293
 01/22  11:00:00,4206880.939512155,26446.078895258142,0.0,0.0,252941.6792757079,3918063.395321074
 01/22  12:00:00,4143103.9318325473,3215.9784630167264,0.0,0.0,244285.8803651323,3889172.6734452294
 01/22  13:00:00,4153974.950302193,11995.81642072238,34609.87798643515,0.0,285160.48633173906,3817065.249915961
 01/22  14:00:00,3949219.9075309997,169727.23264865106,489405.002567115,0.0,235630.08145455676,3049742.6978506204
 01/22  15:00:00,4251751.199572679,343201.5613730255,985643.1917865451,0.0,238515.3477580819,2679676.205644969
 01/22  16:00:00,4303131.605334239,416298.63496878685,1181935.4063301054,0.0,306799.983608178,2392954.0607798332
 01/22  17:00:00,3805213.1607813304,324734.75693686376,909531.1324923013,0.0,559741.6628838858,2003061.7023599981
 01/22  18:00:00,3018526.8806087356,128934.34340398226,358550.37560318183,0.0,740551.6845714641,1774631.2914508237
 01/22  19:00:00,2605646.556657544,0.0,0.0,0.0,925208.7279970758,1659435.123433849
 01/22  20:00:00,2970523.5544226617,823.2305487486511,0.0,0.0,961755.4345083949,1980084.1579424515
 01/22  21:00:00,2134230.584213176,21727.789399259495,0.0,0.0,815568.6084631188,1257929.162358504
 01/22  22:00:00,1904286.480331518,48963.85936229749,0.0,0.0,617446.9889543895,1192869.8351006466
 01/22  23:00:00,1336930.5425659975,76212.86436924223,0.0,0.0,289488.38578702684,932224.2684174355
 01/22  24:00:00,982230.9741749798,95076.21054841383,0.0,0.0,71458.42878397374,788692.8566940818
 01/23  01:00:00,1052684.8769141955,123813.97924084647,0.0,0.0,47510.71846471471,861643.3538938487
 01/23  02:00:00,931603.6576967827,117303.91037346097,0.0,0.0,47510.71846471471,747072.2035438216
 01/23  03:00:00,928393.7120321813,120665.11505888705,0.0,0.0,47510.71846471471,740501.0531937941
 01/23  04:00:00,948535.6598534343,123036.4176900311,0.0,0.0,47510.71846471471,758271.6983839029
 01/23  05:00:00,1039723.1149644712,123427.84099055012,0.0,0.0,47510.71846471471,849067.730194421
 01/23  06:00:00,1207445.0029439407,124614.79992456676,0.0,0.0,47510.71846471471,1019460.2989753755
 01/23  07:00:00,1484263.8368473242,121388.83546095266,0.0,0.0,47510.71846471471,1300362.3506169287
 01/23  08:00:00,3613099.419957542,93869.59244147231,0.0,0.0,47510.71846471471,3457145.8033839045
 01/23  09:00:00,3706618.6156442296,55332.32304264234,0.0,0.0,252941.6792757079,3384199.934295707
 01/23  10:00:00,4067205.4074264504,17793.42622610874,0.0,0.0,259673.9673172666,3777736.468039293
 01/23  11:00:00,4180434.8606168968,0.0,0.0,0.0,252941.6792757079,3918063.395321074
 01/23  12:00:00,4382100.251859707,82748.57000373454,247456.88041537168,0.0,195092.08989002788,3850373.311991404
 01/23  13:00:00,5006256.741818188,334910.6683537671,1003916.1025625267,0.0,47510.71846471471,3614775.7327898443
 01/23  14:00:00,5224230.87372244,573639.7732674467,1713843.6223944623,0.0,47510.71846471471,2884521.8665857585
 01/23  15:00:00,5565424.753167331,757402.0394690085,2236402.1687398376,0.0,47510.71846471471,2519394.9334837133
 01/23  16:00:00,5192427.271844927,762508.8305422362,2205225.557618863,0.0,47510.71846471471,2172038.6455717776
 01/23  17:00:00,4335731.820245726,578844.5770469547,1639462.7450343296,0.0,303914.7173046528,1805365.8747515082
 01/23  18:00:00,3105840.560747007,305413.2793112167,856053.3726277726,0.0,394319.7281484419,1534194.9950802925
 01/23  19:00:00,2118499.739319292,76676.27838714133,214298.64927879846,0.0,486648.24986124784,1319873.8565654852
 01/23  20:00:00,2763848.958956842,0.0,0.0,0.0,504921.6031169073,2231066.624416868
 01/23  21:00:00,1513003.4848602312,858.9730458438942,0.0,0.0,431828.1900942693,1041311.297727825
 01/23  22:00:00,1388222.9882108716,17540.28715166715,0.0,0.0,332767.3803399046,992909.5238051156
 01/23  23:00:00,906786.4643447998,40342.766593834414,0.0,0.0,47510.71846471471,779927.9552939577
 01/23  24:00:00,891085.0071688739,56356.30631177302,0.0,0.0,47510.71846471471,760214.5042438759
 01/24  01:00:00,1006970.2771808372,78099.37950748843,0.0,0.0,47510.71846471471,861643.3538938487
 01/24  02:00:00,888758.8521374271,74459.10481410522,0.0,0.0,47510.71846471471,747072.2035438216
 01/24  03:00:00,885107.7079739666,77379.11100067238,0.0,0.0,47510.71846471471,740501.0531937941
 01/24  04:00:00,905553.0619761392,80053.81981273594,0.0,0.0,47510.71846471471,758271.6983839029
 01/24  05:00:00,1572060.2504967405,80821.781392824,0.0,0.0,50203.633681338215,1421318.0101077927
 01/24  06:00:00,7759937.830531312,100227.92109438265,0.0,0.0,71843.1309577771,7572007.592899868
 01/24  07:00:00,1450039.7530035237,87164.7516171523,0.0,0.0,47510.71846471471,1300362.3506169287
 01/24  08:00:00,5886042.988692693,60007.488541030725,0.0,0.0,143493.9108286525,5667968.2836555615
 01/24  09:00:00,5954652.408800456,29736.316579646747,0.0,0.0,252941.6792757079,5657829.733914929
 01/24  10:00:00,5378443.055645086,8508.742741586495,0.0,0.0,259673.9673172666,5098258.799742451
 01/24  11:00:00,6203007.039554643,0.0,0.0,0.0,252941.6792757079,5940635.574258822
 01/24  12:00:00,5468385.156283884,166610.89591555495,501934.6869352419,0.0,244285.8803651323,4549124.293508786
 01/24  13:00:00,5890810.023591072,466195.62375213153,1405309.9413772933,0.0,237553.5923235735,3776607.346490738
 01/24  14:00:00,6290688.147345181,752300.4823245795,2248299.9927053675,0.0,235630.08145455676,3049742.6978506204
 01/24  15:00:00,6667683.996255083,948594.2144502428,2796183.335391733,0.0,238515.3477580819,2679676.205644969
 01/24  16:00:00,6706983.151656075,979620.682625752,2830610.0792575786,0.0,410669.5705350846,2480939.2995903254
 01/24  17:00:00,5578183.690972477,784305.027633606,2222931.3919867063,0.0,559741.6628838858,2003061.7023599981
 01/24  18:00:00,4379125.916650638,485848.6599140699,1362235.095134997,0.0,740551.6845714641,1774631.2914508237
 01/24  19:00:00,3333002.354494634,213390.45901402438,596304.5184369994,0.0,925208.7279970758,1577095.9438199156
 01/24  20:00:00,1742164.9575874156,11655.631091106905,32590.887754760883,0.0,504921.6031169073,1165136.1042015743
 01/24  21:00:00,1512144.5118143873,0.0,0.0,0.0,431828.1900942693,1041311.297727825
 01/24  22:00:00,1496811.9829486294,4969.3019119211895,0.0,0.0,403937.28249352577,1042899.6016289984
 01/24  23:00:00,1479512.3609645949,21404.819715829282,0.0,0.0,410669.5705350847,1008432.946721388
 01/24  24:00:00,1189531.4766187912,40409.16366448418,0.0,0.0,191389.33146717056,930729.5033386261
 01/25  01:00:00,996004.8333022192,67133.9356288703,0.0,0.0,47510.71846471471,861643.3538938487
 01/25  02:00:00,881680.6527909939,67380.90546767222,0.0,0.0,47510.71846471471,747072.2035438216
 01/25  03:00:00,882347.1076182976,74618.51064500328,0.0,0.0,47510.71846471471,740501.0531937941
 01/25  04:00:00,907508.6388208623,82009.39665745907,0.0,0.0,47510.71846471471,758271.6983839029
 01/25  05:00:00,1005818.9040979991,89523.63012407802,0.0,0.0,47510.71846471471,849067.730194421
 01/25  06:00:00,1180305.621166592,97475.4181472178,0.0,0.0,47510.71846471471,1019460.2989753755
 01/25  07:00:00,1727713.6387969987,102489.9632797564,0.0,0.0,194274.59777069578,1415947.145441818
 01/25  08:00:00,1905770.4222386722,92029.42706707258,0.0,0.0,47510.71846471471,1751656.9710394344
 01/25  09:00:00,2858291.4425686207,64736.1020788198,0.0,0.0,47510.71846471471,2731899.942994914
 01/25  10:00:00,4072682.1104593347,23270.129258992878,0.0,0.0,259673.9673172666,3777736.468039293
 01/25  11:00:00,4180434.8606168968,0.0,0.0,0.0,252941.6792757079,3918063.395321074
 01/25  12:00:00,4423889.56992407,71650.51853004588,212351.09802449332,0.0,244285.8803651323,3889172.6734452294
 01/25  13:00:00,5473620.707595205,366582.0414565625,1087734.207676995,0.0,237553.5923235735,3776607.346490738
 01/25  14:00:00,5809871.469330264,638058.0857714708,1881725.7112435594,0.0,235630.08145455676,3049742.6978506204
 01/25  15:00:00,6188632.111392088,834958.4271847685,2430767.237794211,0.0,238515.3477580819,2679676.205644969
 01/25  16:00:00,5867726.603880379,844490.5823273151,2414265.870386417,0.0,254865.19014472465,2348961.4413745874
 01/25  17:00:00,4496293.466539869,624448.6730782415,1754420.295297186,0.0,303914.7173046528,1805365.8747515082
 01/25  18:00:00,4958705.265353735,399640.1955018324,1108759.4512334254,0.0,653993.6954657085,2780452.737573485
 01/25  19:00:00,4234120.769446401,171313.34853535498,473569.52365214174,0.0,925208.7279970758,2643026.4640352097
 01/25  20:00:00,2406513.175622171,3828.1791333228894,10597.113064558196,0.0,961755.4345083949,1402471.7174928284
 01/25  21:00:00,2112502.794813916,0.0,0.0,0.0,815568.6084631188,1257929.162358504
 01/25  22:00:00,1380222.722635059,9540.021575854558,0.0,0.0,332767.3803399046,992909.5238051156
 01/25  23:00:00,1096377.77826973,32797.09029586958,0.0,0.0,168499.55212587077,856076.1118556965
 01/25  24:00:00,889121.9072943417,54393.20643724072,0.0,0.0,47510.71846471471,760214.5042438759
 01/26  01:00:00,1013164.0533330825,84293.15565973356,0.0,0.0,47510.71846471471,861643.3538938487
 01/26  02:00:00,898798.161453589,84498.41413026728,0.0,0.0,47510.71846471471,747072.2035438216
 01/26  03:00:00,902018.8015331953,94290.20455990105,0.0,0.0,47510.71846471471,740501.0531937941
 01/26  04:00:00,929988.6231355234,104489.38097212011,0.0,0.0,47510.71846471471,758271.6983839029
 01/26  05:00:00,1029830.4455287716,113535.17155485056,0.0,0.0,47510.71846471471,849067.730194421
 01/26  06:00:00,1205175.5789161716,122345.37589679746,0.0,0.0,47510.71846471471,1019460.2989753755
 01/26  07:00:00,1491483.1251771168,128608.1237907454,0.0,0.0,47510.71846471471,1300362.3506169287
 01/26  08:00:00,1930343.306374878,116602.31120327863,0.0,0.0,47510.71846471471,1751656.9710394344
 01/26  09:00:00,2989298.8631572393,105758.17287462701,0.0,0.0,98868.45866746301,2770527.552584977
 01/26  10:00:00,4136452.4337436575,87040.45254331549,0.0,0.0,259673.9673172666,3777736.468039293
 01/26  11:00:00,4252117.990831977,71683.13021507932,0.0,0.0,252941.6792757079,3918063.395321074
 01/26  12:00:00,4203495.729550682,63607.776181151334,0.0,0.0,244285.8803651323,3889172.6734452294
 01/26  13:00:00,4057765.707470999,38461.24900935227,0.0,0.0,237553.5923235735,3776607.346490738
 01/26  14:00:00,3314246.4642470516,24158.79193181758,0.0,0.0,235630.08145455676,3049742.6978506204
 01/26  15:00:00,2936938.4562944127,14032.009881304359,0.0,0.0,238515.3477580819,2679676.205644969
 01/26  16:00:00,2620593.132089995,11622.98092334751,0.0,0.0,254865.19014472465,2348961.4413745874
 01/26  17:00:00,2245505.3543533674,14700.16289199487,0.0,0.0,367871.45369946107,1854789.8316536308
 01/26  18:00:00,1973788.943690866,29415.034882847845,0.0,0.0,394319.7281484419,1534194.9950802925
 01/26  19:00:00,2569053.9178613913,45746.5408177809,0.0,0.0,925208.7279970758,1577095.9438199156
 01/26  20:00:00,1773360.746198914,75442.30745736629,0.0,0.0,504921.6031169073,1165136.1042015743
 01/26  21:00:00,3119181.6317207217,90837.88744139396,0.0,0.0,719633.5038709064,2269705.216416128
 01/26  22:00:00,1967613.2408992136,112290.61992999312,0.0,0.0,617446.9889543895,1192869.8351006466
 01/26  23:00:00,1372732.991414581,129152.30344072077,180000.0,0.0,168499.55212587077,856076.1118556965
 01/26  24:00:00,1156672.800514084,141944.09965698322,180000.0,0.0,47510.71846471471,760214.5042438759
 01/27  01:00:00,1275807.3901575494,166936.49248420057,180000.0,0.0,47510.71846471471,861643.3538938487
 01/27  02:00:00,1012916.0207487321,153616.2734254104,45000.0,0.0,47510.71846471471,747072.2035438216
 01/27  03:00:00,960640.5380906303,153340.56775461408,0.0,0.0,47510.71846471471,740501.0531937941
 01/27  04:00:00,978309.9768306526,153239.36130452744,0.0,0.0,47510.71846471471,758271.6983839029
 01/27  05:00:00,1068553.432626385,152258.15865246378,0.0,0.0,47510.71846471471,849067.730194421
 01/27  06:00:00,1237313.738136832,151054.52201923428,0.0,0.0,47510.71846471471,1019460.2989753755
 01/27  07:00:00,1514365.9499937438,147633.30887187104,0.0,0.0,47510.71846471471,1300362.3506169287
 01/27  08:00:00,1941958.1312170445,125216.74958449966,0.0,0.0,47510.71846471471,1751656.9710394344
 01/27  09:00:00,2878846.1514702365,84004.93106860203,0.0,0.0,47510.71846471471,2731899.942994914
 01/27  10:00:00,4084908.3235806427,34639.089105744955,0.0,0.0,259673.9673172666,3777736.468039293
 01/27  11:00:00,4358652.2417406,1498.8395001382396,0.0,0.0,355368.6330508519,3991497.729894939
 01/27  12:00:00,4237239.488715369,24453.6012803888,72469.30742817081,0.0,244285.8803651323,3889172.6734452294
 01/27  13:00:00,5093493.905369436,270179.61186288984,804009.8350448998,0.0,237553.5923235735,3776607.346490738
 01/27  14:00:00,5722408.270423273,545384.2513945858,1621642.6743920725,0.0,377008.1303272908,3173658.321299266
 01/27  15:00:00,6268980.00345239,782571.6139340652,2301184.545596147,0.0,381336.0297825786,2799172.9211295415
 01/27  16:00:00,5289284.87090301,787541.9537650528,2277050.0334541285,0.0,47510.71846471471,2172038.6455717776
 01/27  17:00:00,4024756.6056042043,616124.069314051,1745428.9080585674,0.0,47510.71846471471,1607549.0036585908
 01/27  18:00:00,3182783.0149640106,364861.18215377774,1020108.181681744,0.0,307617.47572751006,1473908.363184417
 01/27  19:00:00,2277852.014362225,119112.22948107847,331643.599865072,0.0,486648.24986124784,1319873.8565654852
 01/27  20:00:00,2398965.237999986,2384.3992348943075,6636.088527191584,0.0,961755.4345083949,1402471.7174928284
 01/27  21:00:00,2191412.9613296264,0.0,0.0,0.0,815568.6084631188,1340268.3419724375
 01/27  22:00:00,4332778.369376388,4089.830689665493,0.0,0.0,617446.9889543895,3669236.139279095
 01/27  23:00:00,2167138.3127707466,25908.43602313054,0.0,0.0,350078.9781610557,1754717.6344179353
 01/27  24:00:00,1091031.7972375406,48313.35185169143,0.0,0.0,143301.55974175083,874127.9140446996
 01/28  01:00:00,1004843.3654289887,75972.46775563987,0.0,0.0,47510.71846471471,861643.3538938487
 01/28  02:00:00,889031.1960367622,74731.44871344045,0.0,0.0,47510.71846471471,747072.2035438216
 01/28  03:00:00,887107.4020511401,79807.43171512373,0.0,0.0,47510.71846471471,740501.0531937941
 01/28  04:00:00,909446.1127014289,84375.49717530387,0.0,0.0,47510.71846471471,758271.6983839029
 01/28  05:00:00,1002656.2181613747,86360.94418745363,0.0,0.0,47510.71846471471,849067.730194421
 01/28  06:00:00,1173684.7040603296,87425.48794273208,0.0,0.0,47510.71846471471,1019460.2989753755
 01/28  07:00:00,1715060.8401449765,85979.5248922329,0.0,0.0,194274.59777069578,1415947.145441818
 01/28  08:00:00,2234379.867479278,67749.22143672027,0.0,0.0,239477.10319259032,1909579.8507215711
 01/28  09:00:00,3189029.4580844105,34246.83851153172,0.0,0.0,252941.6792757079,2886410.381355165
 01/28  10:00:00,3697517.0265949597,4601.131031953624,0.0,0.0,47510.71846471471,3632546.377979953
 01/28  11:00:00,3914605.9821492587,21229.439439017802,63552.78408011302,0.0,47510.71846471471,3772026.0008707424
 01/28  12:00:00,4779547.784787443,247537.7142222515,743666.0982741034,0.0,47510.71846471471,3733975.2276299256
 01/28  13:00:00,6246410.717532992,580326.4329450598,1734748.448016224,0.0,190042.87385885883,3736149.443065515
 01/28  14:00:00,6569536.731612887,828564.0654220121,2450884.99387564,0.0,235630.08145455676,3049742.6978506204
 01/28  15:00:00,6685046.717448604,960370.5044330241,2801769.766602473,0.0,238515.3477580819,2679676.205644969
 01/28  16:00:00,6117060.71753774,909959.4741701846,2598131.0922009083,0.0,254865.19014472465,2348961.4413745874
 01/28  17:00:00,4625574.356051214,662231.1571412545,1845918.7007455176,0.0,303914.7173046528,1805365.8747515082
 01/28  18:00:00,3755354.0544509636,365490.8143105767,1005059.5150999259,0.0,653993.6954657085,1714522.2173581908
 01/28  19:00:00,2748804.2268651435,106824.99324448913,293046.12456188636,0.0,815568.6084631188,1512790.422006308
 01/28  20:00:00,1695775.305555158,0.0,0.0,0.0,504921.6031169073,1165136.1042015743
 01/28  21:00:00,1809419.6261770478,524.9859611195134,0.0,0.0,623698.3992786941,1149620.2300431645
 01/28  22:00:00,1870389.8710575937,18067.636549319046,0.0,0.0,617446.9889543895,1192869.8351006466
 01/28  23:00:00,1301056.0000870894,42910.08171400186,0.0,0.0,289488.38578702684,932224.2684174355
 01/28  24:00:00,1107191.7801302536,64473.334744404536,0.0,0.0,143301.55974175083,874127.9140446996
 01/29  01:00:00,1024763.1882156134,95892.29054226447,0.0,0.0,47510.71846471471,861643.3538938487
 01/29  02:00:00,908021.3246348004,93721.57731147876,0.0,0.0,47510.71846471471,747072.2035438216
 01/29  03:00:00,908730.55760947,101001.96063617569,0.0,0.0,47510.71846471471,740501.0531937941
 01/29  04:00:00,933689.0777511221,108189.8355877188,0.0,0.0,47510.71846471471,758271.6983839029
 01/29  05:00:00,1030404.2355630586,114108.96158913759,0.0,0.0,47510.71846471471,849067.730194421
 01/29  06:00:00,1264841.2088065976,118230.34315205143,0.0,0.0,71843.1309577771,1058908.5491174853
 01/29  07:00:00,2805705.304398826,114551.10866628983,0.0,0.0,194274.59777069578,2481877.6656571124
 01/29  08:00:00,2261676.2520581493,98045.99247653772,0.0,0.0,239477.10319259032,1909579.8507215711
 01/29  09:00:00,3041288.3657395686,67729.03117607886,0.0,0.0,150081.93555503502,2809332.719978282
 01/29  10:00:00,3810579.928712261,29182.95169583795,0.0,0.0,100551.53067785269,3668843.900494788
 01/29  11:00:00,6383713.24590191,0.0,0.0,0.0,252941.6792757079,6121341.780606087
 01/29  12:00:00,4266279.451887285,32118.545461787537,94272.95305596705,0.0,244285.8803651323,3889172.6734452294
 01/29  13:00:00,5012082.933340911,251769.87440631466,741008.6004729489,0.0,237553.5923235735,3776607.346490738
 01/29  14:00:00,5098568.094088529,458955.00130939466,1349525.4204639,0.0,235630.08145455676,3049742.6978506204
 01/29  15:00:00,7680039.813890183,611762.2368472865,1780562.1373175627,0.0,238515.3477580819,5044485.1989571955
 01/29  16:00:00,9513823.331209814,582976.24779601,1669378.4420008915,0.0,254865.19014472465,7001459.931620851
 01/29  17:00:00,3751322.4496243335,429383.9091608374,1204514.042299054,0.0,303914.7173046528,1805365.8747515082
 01/29  18:00:00,2658500.855262549,189395.60724242683,524731.3392121044,0.0,394319.7281484419,1534194.9950802925
 01/29  19:00:00,2208494.5909387493,8792.700413605555,24285.796176662312,0.0,705928.4889291618,1448484.9001927006
 01/29  20:00:00,2045003.1610829188,0.0,0.0,0.0,733338.518812651,1283803.9108472015
 01/29  21:00:00,2117297.149415372,4794.354601456035,0.0,0.0,815568.6084631188,1257929.162358504
 01/29  22:00:00,1399967.8939644839,29285.192905279437,0.0,0.0,332767.3803399046,992909.5238051156
 01/29  23:00:00,1313552.8407567337,52835.16255997844,0.0,0.0,289488.38578702684,932224.2684174355
 01/29  24:00:00,1116683.4069203692,72250.45498540827,0.0,0.0,143301.55974175083,874127.9140446996
 01/30  01:00:00,1164851.4025917784,103050.71589681655,0.0,0.0,83191.84508497614,958892.0162952003
 01/30  02:00:00,1005967.4625485113,99998.1431620738,0.0,0.0,59436.4858526188,826816.0082190332
 01/30  03:00:00,914525.5563880864,106796.95941479213,0.0,0.0,47510.71846471471,740501.0531937941
 01/30  04:00:00,937353.2356094732,111853.99344607,0.0,0.0,47510.71846471471,758271.6983839029
 01/30  05:00:00,1084784.6564599914,115438.3159706548,0.0,0.0,49530.404877182336,900099.1102973688
 01/30  06:00:00,1264159.4272128146,117548.56155826816,0.0,0.0,71843.1309577771,1058908.5491174853
 01/30  07:00:00,1738234.166307775,113010.49079053334,0.0,0.0,194274.59777069578,1415947.145441818
 01/30  08:00:00,2253150.945849249,89520.68626763813,0.0,0.0,239477.10319259032,1909579.8507215711
 01/30  09:00:00,3206011.748554842,52515.008893796956,0.0,0.0,252941.6792757079,2886410.381355165
 01/30  10:00:00,4060396.724607846,10984.743407504437,0.0,0.0,259673.9673172666,3777736.468039293
 01/30  11:00:00,4180434.8606168968,0.0,0.0,0.0,252941.6792757079,3918063.395321074
 01/30  12:00:00,4858520.354434982,181392.66676383297,537239.7343016176,0.0,244285.8803651323,3889172.6734452294
 01/30  13:00:00,5934963.8924372755,483082.7675236594,1432576.6664519692,0.0,237553.5923235735,3776607.346490738
 01/30  14:00:00,6171542.00861484,730940.9854910993,2150513.3508085064,0.0,235630.08145455676,3049742.6978506204
 01/30  15:00:00,6339878.15147935,877103.9286047823,2539867.7764614597,0.0,238515.3477580819,2679676.205644969
 01/30  16:00:00,5829344.84309858,838707.5927387425,2381667.0991931898,0.0,254865.19014472465,2348961.4413745874
 01/30  17:00:00,4414737.874444192,606642.8125438493,1690670.5637359014,0.0,303914.7173046528,1805365.8747515082
 01/30  18:00:00,3143144.3091082447,319150.27132746414,879620.1289727626,0.0,394319.7281484419,1534194.9950802925
 01/30  19:00:00,2751549.0729489974,107357.10006642705,294830.237186524,0.0,815568.6084631188,1512790.422006308
 01/30  20:00:00,2399921.7268503294,2091.648585654769,5742.194840385285,0.0,961755.4345083949,1402471.7174928284
 01/30  21:00:00,2112502.794813916,0.0,0.0,0.0,815568.6084631188,1257929.162358504
 01/30  22:00:00,2014378.1545888553,6579.524800002723,0.0,0.0,617446.9889543895,1345345.8439202788
 01/30  23:00:00,7209936.339385055,44214.03731767099,0.0,0.0,289488.38578702684,6837228.892288063
 01/30  24:00:00,4027719.5993833705,57776.45233856342,0.0,0.0,143301.55974175083,3799638.1091545457
 01/31  01:00:00,1136688.1834037565,74887.49670879464,0.0,0.0,83191.84508497614,958892.0162952003
 01/31  02:00:00,979700.2982413518,73730.97885491443,0.0,0.0,59436.4858526188,826816.0082190332
 01/31  03:00:00,2019332.511493756,74242.3366039364,0.0,0.0,47510.71846471471,1877862.6311103192
 01/31  04:00:00,910144.1994987135,84644.95733531035,0.0,0.0,47510.71846471471,758271.6983839029
 01/31  05:00:00,1002677.5208807129,86382.24690679177,0.0,0.0,47510.71846471471,849067.730194421
 01/31  06:00:00,1171810.1901406203,88979.9871212462,0.0,0.0,47510.71846471471,1019460.2989753755
 01/31  07:00:00,1712787.9119319564,87564.23641471448,0.0,0.0,194274.59777069578,1415947.145441818
 01/31  08:00:00,2318120.7062676717,67132.13302762686,0.0,0.0,287324.436059383,1949090.831513212
 01/31  09:00:00,3188715.999661852,35219.26000080722,0.0,0.0,252941.6792757079,2886410.381355165
 01/31  10:00:00,4052740.9304347634,3328.9492344221853,0.0,0.0,259673.9673172666,3777736.468039293
 01/31  11:00:00,4271484.513680402,22856.59711648688,68193.05594701813,0.0,252941.6792757079,3918063.395321074
 01/31  12:00:00,5163918.462137211,255526.08248133233,768504.4262863477,0.0,244285.8803651323,3889172.6734452294
 01/31  13:00:00,6208063.618780738,544368.0117886412,1644391.1485304486,0.0,237553.5923235735,3776607.346490738
 01/31  14:00:00,6485097.081317043,797149.5087566632,2397859.900245146,0.0,235630.08145455676,3049742.6978506204
 01/31  15:00:00,6857195.290542759,989458.0598543338,2944830.7842753176,0.0,238515.3477580819,2679676.205644969
 01/31  16:00:00,7216525.141071184,1041882.324574552,3029487.005035554,0.0,462604.3639985379,2677407.9278152036
 01/31  17:00:00,9910311.353637822,818484.0699839591,2314334.2158732833,0.0,559741.6628838858,6209607.498788411
 01/31  18:00:00,9165277.834318304,489720.345157518,1358404.5789132507,0.0,740551.6845714641,6560742.040096789
 01/31  19:00:00,3518714.9036138253,265327.50926387345,730080.0173063414,0.0,925208.7279970758,1577095.9438199156
 01/31  20:00:00,2613262.432216403,58981.61049281697,162192.9382992965,0.0,961755.4345083949,1402471.7174928284
 01/31  21:00:00,2112502.794813916,0.0,0.0,0.0,815568.6084631188,1257929.162358504
 01/31  22:00:00,2030634.3211227611,0.0,0.0,0.0,332767.3803399046,1652861.143868672
 01/31  23:00:00,979612.5021921612,14600.30932974831,0.0,0.0,108005.13529529274,818002.0335748271
 01/31  24:00:00,868350.8752565557,33622.174399454656,0.0,0.0,47510.71846471471,760214.5042438759
 02/01  01:00:00,989965.0368422575,61137.05584660107,0.0,0.0,47510.71846471471,861458.2485720592
 02/01  02:00:00,875902.7514248127,61630.21910570664,0.0,0.0,47510.71846471471,746902.7998955089
 02/01  03:00:00,876801.4978015675,69084.41415901188,0.0,0.0,47510.71846471471,740347.3512189586
 02/01  04:00:00,901410.7934411927,75759.70906262392,0.0,0.0,47510.71846471471,758281.3519549717
 02/01  05:00:00,998318.0414106358,81264.60805836399,0.0,0.0,47510.71846471471,849683.7009286747
 02/01  06:00:00,1299123.3578773597,85761.3730011074,0.0,0.0,95598.49019013444,1101789.9399800603
 02/01  07:00:00,1455293.6968938848,89068.1714047114,0.0,0.0,47510.71846471471,1303604.6877079178
 02/01  08:00:00,1889617.642804351,69902.84823069365,0.0,0.0,47510.71846471471,1757525.67448716
 02/01  09:00:00,2839160.0778303365,33743.575772349075,0.0,0.0,47510.71846471471,2743659.0996662485
 02/01  10:00:00,3889077.1152708703,2129.858763843334,0.0,0.0,151187.9543047197,3723671.2067490746
 02/01  11:00:00,4442415.015299419,60709.4417881358,185272.64436655794,0.0,248132.90210316586,3938802.237756877
 02/01  12:00:00,5655691.5884578135,367885.1579433125,1132827.9692540672,0.0,239477.10319259032,3909025.5926464684
 02/01  13:00:00,6792039.182607884,674678.9264267453,2082191.8647859006,0.0,233706.57058553994,3796281.208472598
 02/01  14:00:00,6991431.6597585585,928978.3194979097,2848961.4522654447,0.0,185714.97440357108,3023028.0189492917
 02/01  15:00:00,6929511.372280255,1080416.0869248144,3267026.168618658,0.0,47510.71846471471,2529809.5036297264
 02/01  16:00:00,6447902.804096373,1068697.5196355814,3146112.1904816893,0.0,47510.71846471471,2180401.763177288
 02/01  17:00:00,5303796.143395778,861848.1751291017,2452113.8852512655,0.0,218895.53689411067,1762735.9099208913
 02/01  18:00:00,5211590.2634838,593617.2668223762,1649180.9015178345,0.0,347193.7118575305,2605624.8285800023
 02/01  19:00:00,2798515.7700141286,269388.9421075125,743632.8813326203,0.0,439522.2335703365,1324817.5459605015
 02/01  20:00:00,1913649.550156416,59286.86105061701,163417.09272518312,0.0,494342.293337315,1168541.6528840102
 02/01  21:00:00,2181817.048396754,0.0,0.0,0.0,878082.7117061645,1264448.026467583
 02/01  22:00:00,1943913.7865851116,0.0,0.0,0.0,700157.9563221114,1198425.472313377
 02/01  23:00:00,1309206.5544613672,4243.063820257811,0.0,0.0,330843.8694708878,934833.310947215
 02/01  24:00:00,1067838.909410479,21386.348001442413,0.0,0.0,143301.55974175083,875952.786897512
 02/02  01:00:00,1111742.698596086,47249.01751776753,0.0,0.0,83191.84508497614,961442.8220344598
 02/02  02:00:00,956889.2558429627,49163.558581517405,0.0,0.0,59436.4858526188,828430.197449944
 02/02  03:00:00,865422.8044443759,57705.72080182013,0.0,0.0,47510.71846471471,740347.3512189586
 02/02  04:00:00,890537.0000646053,64885.91568603659,0.0,0.0,47510.71846471471,758281.3519549717
 02/02  05:00:00,1060919.812219066,70612.93147973662,0.0,0.0,50107.45813788737,920340.4086425598
 02/02  06:00:00,2479103.6900003413,71306.97870930834,0.0,0.0,143301.55974175083,2248521.5968432245
 02/02  07:00:00,1967137.2699145386,75036.16830315438,0.0,0.0,337576.1575124466,1539414.8247823967
 02/02  08:00:00,2234814.0225358102,64276.51987568109,0.0,0.0,237553.5923235735,1918305.5087147732
 02/02  09:00:00,3199465.1479102885,35339.40084246898,0.0,0.0,249094.65753767424,2900784.405603121
 02/02  10:00:00,4068297.568486632,3770.597321619036,0.0,0.0,254865.19014472465,3797573.6855670554
 02/02  11:00:00,4201887.036684215,1399.3582998784784,4054.749239611189,0.0,248132.90210316586,3938802.237756877
 02/02  12:00:00,4765305.90275242,156603.49457734995,453723.9469146369,0.0,239477.10319259032,3909025.5926464684
 02/02  13:00:00,5642579.4359579235,392071.5205627165,1127823.20396556,0.0,280111.27030057,3837392.828791977
 02/02  14:00:00,5334722.368188148,530921.946227859,1502281.523941762,0.0,231783.0597165232,3064986.9436596627
 02/02  15:00:00,4987159.86415001,591020.3673897723,1640005.2618113584,0.0,140127.76680787315,2611257.573498665
 02/02  16:00:00,4089822.1971643716,497309.8813826169,1359419.2218026523,0.0,47510.71846471471,2180401.763177288
 02/02  17:00:00,4021396.0940060564,346732.3982864446,938004.8322267352,0.0,276023.8097039093,2452432.417588559
 02/02  18:00:00,4010256.9574749484,166541.76354647294,448550.89069876797,0.0,347193.7118575305,3031997.0366661195
 02/02  19:00:00,1785493.9465739955,0.0,0.0,0.0,439522.2335703365,1324817.5459605015
 02/02  20:00:00,1690945.5963806158,0.0,0.0,0.0,494342.293337315,1168541.6528840102
 02/02  21:00:00,1878139.6204477656,14214.792841601458,0.0,0.0,670343.5378523512,1154294.9795308062
 02/02  22:00:00,1451590.746813089,36529.31836733055,0.0,0.0,374122.8640237656,995608.2064723696
 02/02  23:00:00,922575.9468792186,56098.874913236104,0.0,0.0,47510.71846471471,779680.0432782611
 02/02  24:00:00,903547.7802347534,68825.14975165481,0.0,0.0,47510.71846471471,760013.6972486101
 02/03  01:00:00,1017914.9911126817,89087.01011702517,0.0,0.0,47510.71846471471,861458.2485720592
 02/03  02:00:00,899752.1678219413,85479.63550283521,0.0,0.0,47510.71846471471,746902.7998955089
 02/03  03:00:00,899467.1843266333,92181.81837883593,0.0,0.0,47510.71846471471,740347.3512189586
 02/03  04:00:00,926347.959802083,101128.59311827242,0.0,0.0,47510.71846471471,758281.3519549717
 02/03  05:00:00,1119290.2434236498,112236.81007137796,90000.0,0.0,47510.71846471471,849683.7009286747
 02/03  06:00:00,1392210.5018138583,124162.64026840212,180000.0,0.0,47510.71846471471,1021109.8468166171
 02/03  07:00:00,1637025.1964841958,131914.21174219734,135000.0,0.0,47510.71846471471,1303604.6877079178
 02/03  08:00:00,2290977.2955303676,117417.76900693018,0.0,0.0,237553.5923235735,1918305.5087147732
 02/03  09:00:00,3248992.174220449,83571.27406835444,0.0,0.0,249094.65753767424,2900784.405603121
 02/03  10:00:00,4458312.1486854525,38339.36607565683,0.0,0.0,461642.6085640295,3945378.6432030164
 02/03  11:00:00,4551279.263929284,4323.751555833607,0.0,0.0,449139.7879154204,4087454.4997838303
 02/03  12:00:00,4155410.1789551917,0.0,0.0,0.0,239477.10319259032,3909025.5926464684
 02/03  13:00:00,4439900.100877413,107544.06485712965,297187.6446250456,0.0,233706.57058553994,3796281.208472598
 02/03  14:00:00,4270338.994251604,257107.9643379251,711712.1318951516,0.0,231783.0597165232,3064986.9436596627
 02/03  15:00:00,4393024.0435556155,389784.71637483966,1073039.974019799,0.0,232744.81515103157,2692705.6433676034
 02/03  16:00:00,4077417.6982636065,394203.32302358514,1074770.2114155786,0.0,243324.12493062392,2359939.426556719
 02/03  17:00:00,3184187.9306575186,265006.7485024139,714540.4290964208,0.0,333248.2580571588,1863189.858801117
 02/03  18:00:00,2748884.994261507,82226.22555478335,220256.0538225804,0.0,646299.6519896414,1783697.7904936858
 02/03  19:00:00,3138847.200132687,0.0,0.0,0.0,831918.4508497616,2286206.2999345264
 02/03  20:00:00,4278508.138133177,4705.904521715628,0.0,0.0,940596.8149492103,3307302.356976752
 02/03  21:00:00,1988574.4250806351,38103.33903253759,90000.0,0.0,670343.5378523512,1154294.9795308062
 02/03  22:00:00,1665853.2333252567,73813.82874280645,180000.0,0.0,374122.8640237656,995608.2064723696
 02/03  23:00:00,1586492.9005446732,104119.71607211353,180000.0,0.0,330843.8694708878,934833.310947215
 02/03  24:00:00,1353053.982023845,128328.29139384149,180000.0,0.0,143301.55974175083,875952.786897512
 02/04  01:00:00,1445579.2853403068,167311.08324332844,180000.0,0.0,92208.30228349235,986200.8858546037
 02/04  02:00:00,1297274.3282972216,162761.52682239318,180000.0,0.0,65399.36954657086,869254.4179693752
 02/04  03:00:00,1235168.6990936245,173837.4078679744,180000.0,0.0,47510.71846471471,814393.2764968115
 02/04  04:00:00,1239332.3790378615,185448.60691939027,180000.0,0.0,47510.71846471471,806945.7573896323
 02/04  05:00:00,1293341.9126495984,196288.47929732653,180000.0,0.0,47510.71846471471,849683.7009286747
 02/04  06:00:00,1473805.0721432706,205757.21059781453,180000.0,0.0,47510.71846471471,1021109.8468166171
 02/04  07:00:00,2022035.2386780123,208763.17961311105,180000.0,0.0,192351.086901679,1421925.3935938564
 02/04  08:00:00,2537714.692190815,184155.16566737773,180000.0,0.0,237553.5923235735,1918305.5087147732
 02/04  09:00:00,3082602.2972938265,140890.64215156386,135000.0,0.0,47510.71846471471,2743659.0996662485
 02/04  10:00:00,3802481.2353422656,92250.25810370753,0.0,0.0,47510.71846471471,3649768.727931094
 02/04  11:00:00,3897298.3372286996,49276.41835986184,0.0,0.0,47510.71846471471,3790149.9757299237
 02/04  12:00:00,4159031.0888107037,25057.38367744239,0.0,0.0,47510.71846471471,4079555.5035524135
 02/04  13:00:00,9820255.618679756,2034.9317273825325,0.0,0.0,233706.57058553994,9579333.504029734
 02/04  14:00:00,4584683.340437767,0.0,0.0,0.0,231783.0597165232,4348151.3860789025
 02/04  15:00:00,3102416.1346519077,47619.55888421369,124597.22260671709,0.0,232744.81515103157,2692705.6433676034
 02/04  16:00:00,2920129.6438357374,86658.96511966428,225026.51489163036,0.0,243324.12493062392,2359939.426556719
 02/04  17:00:00,2161825.678039157,18070.041664565833,46655.08501089083,0.0,276023.8097039093,1812874.1054593828
 02/04  18:00:00,3375778.523968893,0.0,135000.0,0.0,496746.68192358594,2727626.569644491
 02/04  19:00:00,1981250.954131822,16188.725252585078,180000.0,0.0,439522.2335703365,1324817.5459605015
 02/04  20:00:00,1920099.420440443,51312.41253361908,180000.0,0.0,494342.293337315,1168541.6528840102
 02/04  21:00:00,2128028.615349133,87557.52930103539,180000.0,0.0,670343.5378523512,1154294.9795308062
 02/04  22:00:00,1710947.8928950173,118908.48831256723,180000.0,0.0,374122.8640237656,995608.2064723696
 02/04  23:00:00,1623955.13691709,141581.95244453035,180000.0,0.0,330843.8694708878,934833.310947215
 02/04  24:00:00,1278946.1383633642,160085.41319632996,180000.0,0.0,95406.13910323277,817983.2420730611
 02/05  01:00:00,1304282.3471240103,195454.3661283539,180000.0,0.0,47510.71846471471,861458.2485720592
 02/05  02:00:00,1177405.0563314743,183132.52401236832,180000.0,0.0,47510.71846471471,746902.7998955089
 02/05  03:00:00,1173147.207384077,185430.12374152098,180000.0,0.0,47510.71846471471,740347.3512189586
 02/05  04:00:00,1193675.2418213957,188024.15744282687,180000.0,0.0,47510.71846471471,758281.3519549717
 02/05  05:00:00,1286981.8942446993,189928.46089242748,180000.0,0.0,47510.71846471471,849683.7009286747
 02/05  06:00:00,1455158.4825076908,190564.36252030113,180000.0,0.0,47510.71846471471,1021109.8468166171
 02/05  07:00:00,1995896.877514162,186510.27770208573,180000.0,0.0,192351.086901679,1421925.3935938564
 02/05  08:00:00,2424768.1465674336,164230.6439073044,90000.0,0.0,237553.5923235735,1918305.5087147732
 02/05  09:00:00,3642970.877748413,118668.38457802217,0.0,0.0,452025.05421894556,3058030.755024421
 02/05  10:00:00,4221638.59089272,68466.02571389065,0.0,0.0,306559.54474955087,3834524.9249760453
 02/05  11:00:00,6345852.482578626,26450.65745053161,0.0,0.0,248132.90210316586,6061771.133740246
 02/05  12:00:00,12151241.814731041,19412.10572733562,0.0,0.0,239477.10319259032,11885876.840389743
 02/05  13:00:00,5001001.571617862,9530.51631300307,25005.280735594788,0.0,233706.57058553994,4727578.591646625
 02/05  14:00:00,3330723.167694603,105343.36966628724,275968.94010308024,0.0,47510.71846471471,2897151.2448181794
 02/05  15:00:00,3279532.5864146445,192628.3583551515,504835.11132271035,0.0,47510.71846471471,2529809.5036297264
 02/05  16:00:00,5512759.212147763,164956.42560651328,428876.9563303522,0.0,341423.1792504802,4572322.038623318
 02/05  17:00:00,10504112.605886908,0.0,0.0,0.0,504921.6031169073,9990988.366569594
 02/05  18:00:00,9630021.58352107,4884.463362739972,0.0,0.0,646299.6519896414,8962863.913462631
 02/05  19:00:00,2624548.4822842954,6700.3201153950595,180000.0,0.0,831918.4508497616,1584775.5442759811
 02/05  20:00:00,2422383.1689590337,36602.25549194882,180000.0,0.0,829033.1845462364,1348686.0787615578
 02/05  21:00:00,2280245.5613003075,73504.57720740093,180000.0,0.0,358830.9526150821,1628623.7212548177
 02/05  22:00:00,4180469.114646959,88114.44568008525,180000.0,0.0,292469.8276340029,3574554.483383248
 02/05  23:00:00,1278050.5405222406,121951.86388747641,180000.0,0.0,118344.00621625799,818468.3601954996
 02/05  24:00:00,1153340.8011609735,138618.17067787485,180000.0,0.0,47510.71846471471,760013.6972486101
 02/06  01:00:00,1277749.87028954,168921.88929388355,180000.0,0.0,47510.71846471471,861458.2485720592
 02/06  02:00:00,1151660.1193216469,157387.5870025408,180000.0,0.0,47510.71846471471,746902.7998955089
 02/06  03:00:00,1148141.3137617446,160424.230119189,180000.0,0.0,47510.71846471471,740347.3512189586
 02/06  04:00:00,1170066.6723972152,164415.58801864635,180000.0,0.0,47510.71846471471,758281.3519549717
 02/06  05:00:00,1302810.6059072248,169130.4488614241,180000.0,0.0,48809.08830130104,885012.0547856172
 02/06  06:00:00,1437924.4449717286,173330.3249843392,180000.0,0.0,47510.71846471471,1021109.8468166171
 02/06  07:00:00,1718581.1105350088,172355.58504583553,180000.0,0.0,47510.71846471471,1303604.6877079178
 02/06  08:00:00,1970443.4713116784,150728.6767380209,0.0,0.0,47510.71846471471,1757525.67448716
 02/06  09:00:00,4061248.250049926,100223.91652418658,0.0,0.0,97906.70323295459,3848870.9463657606
 02/06  10:00:00,4112078.5087931515,47551.53762813909,0.0,0.0,254865.19014472465,3797573.6855670554
 02/06  11:00:00,6243904.975552948,2929.617393987025,0.0,0.0,197977.35619355307,6033500.212680726
 02/06  12:00:00,4160090.5842266227,1381.1445281596782,3730.97843802989,0.0,239477.10319259032,3909025.5926464684
 02/06  13:00:00,4826090.947701589,212559.8537865735,578362.7025197777,0.0,233706.57058553994,3796281.208472598
 02/06  14:00:00,4773663.124071937,416526.21900724975,1143645.0170694832,0.0,185714.97440357108,3023028.0189492917
 02/06  15:00:00,4630848.851594833,550478.6301685541,1498301.1046894966,0.0,47510.71846471471,2529809.5036297264
 02/06  16:00:00,4263676.269409693,553220.3322287513,1477362.8432018394,0.0,47510.71846471471,2180401.763177288
 02/06  17:00:00,3287000.363428901,389419.030679484,1014739.9847356043,0.0,161863.43962776285,1712775.272185642
 02/06  18:00:00,3144401.4456510996,196334.76386175575,502095.6845999587,0.0,646299.6519896414,1783697.7904936858
 02/06  19:00:00,2505967.8636492454,19232.514442124706,48887.187038221,0.0,831918.4508497616,1584775.5442759811
 02/06  20:00:00,2377392.685829241,0.0,0.0,0.0,940596.8149492103,1408734.2207207403
 02/06  21:00:00,1565770.103408433,19737.496592859286,0.0,0.0,462604.3639985379,1044141.9325940296
 02/06  22:00:00,1465047.7758198301,49986.34737407169,0.0,0.0,374122.8640237656,995608.2064723696
 02/06  23:00:00,1053548.4074638588,77449.73082909471,0.0,0.0,118344.00621625799,818468.3601954996
 02/06  24:00:00,1088972.5350084177,95452.45633086558,0.0,0.0,119353.8494224918,846968.0144852865
 02/07  01:00:00,1189299.6955780094,124806.01449969083,0.0,0.0,83191.84508497614,961442.8220344598
 02/07  02:00:00,933413.1776109687,119140.6452918627,0.0,0.0,47510.71846471471,746902.7998955089
 02/07  03:00:00,932612.9261403775,124895.84249782181,0.0,0.0,47510.71846471471,740347.3512189586
 02/07  04:00:00,956767.1967996295,131116.11242106074,0.0,0.0,47510.71846471471,758281.3519549717
 02/07  05:00:00,1143584.1434629078,136530.71011063596,90000.0,0.0,47510.71846471471,849683.7009286747
 02/07  06:00:00,1405764.9704402364,141170.8504528468,180000.0,0.0,47510.71846471471,1021109.8468166171
 02/07  07:00:00,1770535.4250834608,141148.82527138435,0.0,0.0,192351.086901679,1421925.3935938564
 02/07  08:00:00,2289175.9918275345,118638.48916740544,0.0,0.0,237553.5923235735,1918305.5087147732
 02/07  09:00:00,3240608.046424263,76482.29935644384,0.0,0.0,249094.65753767424,2900784.405603121
 02/07  10:00:00,4269243.384440363,27425.225247717393,0.0,0.0,358253.89935437706,3871476.1643850356
 02/07  11:00:00,4546092.076983933,0.0,0.0,0.0,449139.7879154204,4087454.4997838303
 02/07  12:00:00,4577489.3891364,64662.30390912636,183182.56116873704,0.0,335652.6466434298,3987516.111993732
 02/07  13:00:00,5320438.739606667,332579.5192027367,952690.8290086926,0.0,233706.57058553994,3796281.208472598
 02/07  14:00:00,5455086.715475046,579045.2572557854,1662549.570224056,0.0,185714.97440357108,3023028.0189492917
 02/07  15:00:00,5480262.44694168,753188.0181407804,2145005.312064117,0.0,47510.71846471471,2529809.5036297264
 02/07  16:00:00,5214326.298729391,785462.4355147388,2195770.76923555,0.0,47510.71846471471,2180401.763177288
 02/07  17:00:00,4248501.794490565,634390.4564646573,1731543.7233587874,0.0,161767.26408431202,1712597.7143823996
 02/07  18:00:00,3505908.8585213497,398674.7109983915,1068595.2170293904,0.0,421970.19689055823,1600695.1788969524
 02/07  19:00:00,2644235.9165999657,167648.5125490541,445665.72396425647,0.0,537621.2878901927,1472146.2251533049
 02/07  20:00:00,4954973.949486702,27720.92026188132,73494.03921713025,0.0,940596.8149492103,3885100.5248991884
 02/07  21:00:00,2064164.3461236348,0.0,0.0,0.0,774213.1247792579,1250664.9111213703
 02/07  22:00:00,1420826.0596790724,5764.631233314132,0.0,0.0,374122.8640237656,995608.2064723696
 02/07  23:00:00,1331864.5734417122,26901.082800602653,0.0,0.0,330843.8694708878,934833.310947215
 02/07  24:00:00,1092326.435712428,45873.87430339148,0.0,0.0,143301.55974175083,875952.786897512
 02/08  01:00:00,1004957.6548313571,76129.67383570058,0.0,0.0,47510.71846471471,861458.2485720592
 02/08  02:00:00,890182.7390876098,75910.20676850379,0.0,0.0,47510.71846471471,746902.7998955089
 02/08  03:00:00,891768.2801091259,84051.19646657024,0.0,0.0,47510.71846471471,740347.3512189586
 02/08  04:00:00,918310.7431521763,92659.6587736074,0.0,0.0,47510.71846471471,758281.3519549717
 02/08  05:00:00,1016410.8286214228,99357.39526915096,0.0,0.0,47510.71846471471,849683.7009286747
 02/08  06:00:00,1189593.6605435656,104999.5405561762,0.0,0.0,47510.71846471471,1021109.8468166171
 02/08  07:00:00,1604055.468272491,106249.40562186591,0.0,0.0,119930.90268319685,1362765.040650887
 02/08  08:00:00,2344564.9300256027,86673.83233338136,0.0,0.0,284920.04747311195,1958292.648597327
 02/08  09:00:00,3542488.169405216,50020.19803952653,0.0,0.0,249094.65753767424,3229126.629900991
 02/08  10:00:00,11682317.548442468,16391.68526274218,0.0,0.0,254865.19014472465,11398972.57758177
 02/08  11:00:00,5000020.701829978,1534.7967283024761,4367.85118262274,0.0,248132.90210316586,4736487.362531205
 02/08  12:00:00,4851209.171223338,180372.4611858701,515858.24877703364,0.0,239477.10319259032,3909025.5926464684
 02/08  13:00:00,5846919.396294959,468782.6750662838,1342968.3298334372,0.0,233706.57058553994,3796281.208472598
 02/08  14:00:00,5909702.033112485,678909.87667288,1929273.2584210786,0.0,231783.0597165232,3064986.9436596627
 02/08  15:00:00,5964646.975868136,798053.3649503728,2236394.257756787,0.0,232744.81515103157,2692705.6433676034
 02/08  16:00:00,6709613.473047988,809584.8592479898,2225653.9297602614,0.0,243324.12493062392,3425869.946772013
 02/08  17:00:00,4240515.104647226,579910.4132705681,1563504.1400129576,0.0,276023.8097039093,1812874.1054593828
 02/08  18:00:00,2960428.816971669,288824.75298882934,768742.4890545438,0.0,347193.7118575305,1539694.308364708
 02/08  19:00:00,1982829.780187599,53997.479498955894,143338.35411464752,0.0,439522.2335703365,1324817.5459605015
 02/08  20:00:00,2377392.685829241,0.0,0.0,0.0,940596.8149492103,1408734.2207207403
 02/08  21:00:00,1550398.5542500243,4365.947434450154,0.0,0.0,462604.3639985379,1044141.9325940296
 02/08  22:00:00,1968870.463421742,24956.67683663033,0.0,0.0,700157.9563221114,1198425.472313377
 02/08  23:00:00,1766790.4828394726,49522.372758530226,0.0,0.0,544353.5759317515,1133628.2239261847
 02/08  24:00:00,1654206.1035770527,71001.1457373371,0.0,0.0,143301.55974175083,1412705.1833281908
 02/09  01:00:00,1168630.976211193,104137.29513287461,0.0,0.0,83191.84508497614,961442.8220344598
 02/09  02:00:00,959928.9193887064,98929.80459843093,0.0,0.0,53473.602158666756,787666.4986727266
 02/09  03:00:00,911375.6388739652,103658.55523140955,0.0,0.0,47510.71846471471,740347.3512189586
 02/09  04:00:00,1994236.763159681,102655.15856581822,0.0,0.0,47510.71846471471,1824211.8721702655
 02/09  05:00:00,1097856.013092072,107549.13235274237,0.0,0.0,50107.45813788737,920340.4086425598
 02/09  06:00:00,1323303.4429009655,109941.45802471339,0.0,0.0,95598.49019013444,1101789.9399800603
 02/09  07:00:00,1674671.3017375781,111074.97050622772,0.0,0.0,156140.99479243794,1392345.2171223718
 02/09  08:00:00,2107239.5226325174,112113.37401562404,0.0,0.0,142532.15539414412,1837915.5916009666
 02/09  09:00:00,2917535.2446339894,112118.74257600243,0.0,0.0,47510.71846471471,2743659.0996662485
 02/09  10:00:00,3989201.1942206174,102253.93771359038,0.0,0.0,151187.9543047197,3723671.2067490746
 02/09  11:00:00,4284599.3738767905,88166.44473206576,0.0,0.0,248132.90210316586,3938802.237756877
 02/09  12:00:00,4244817.317857461,89838.8565970281,0.0,0.0,239477.10319259032,3909025.5926464684
 02/09  13:00:00,4104948.6252305433,69780.23383530584,0.0,0.0,233706.57058553994,3796281.208472598
 02/09  14:00:00,4424650.684416903,57201.266183081374,0.0,0.0,231783.0597165232,4130917.4638749566
 02/09  15:00:00,2730597.834204519,61496.15836168781,0.0,0.0,93819.24263629393,2570533.538564196
 02/09  16:00:00,2576905.807935866,62299.41157275815,0.0,0.0,194370.77331414662,2315055.0107118613
 02/09  17:00:00,2481970.637859056,62249.48141040483,0.0,0.0,447697.15476365783,1963821.3654845855
 02/09  18:00:00,3171719.824186006,67150.3734771439,0.0,0.0,421970.19689055823,2666625.6991122467
 02/09  19:00:00,2354736.213665912,79976.60539573796,0.0,0.0,733819.3965299053,1519786.0446971112
 02/09  20:00:00,3618456.5076668095,92153.26249656688,0.0,0.0,829033.1845462364,2669208.410464715
 02/09  21:00:00,4220835.916307494,99404.96016297024,0.0,0.0,878082.7117061645,3204061.934215353
 02/09  22:00:00,2057999.0123398674,114085.22575475603,0.0,0.0,700157.9563221114,1198425.472313377
 02/09  23:00:00,1323227.2983454978,127885.41237317007,0.0,0.0,260010.58171934454,896044.9940299764
 02/09  24:00:00,1152281.3401769204,137558.70969382167,180000.0,0.0,47510.71846471471,760013.6972486101
 02/10  01:00:00,1271531.8026054907,162703.8216098343,180000.0,0.0,47510.71846471471,861458.2485720592
 02/10  02:00:00,1144542.849443374,150270.3171242679,180000.0,0.0,47510.71846471471,746902.7998955089
 02/10  03:00:00,1176872.5972825706,152564.26869584667,180000.0,0.0,47510.71846471471,777370.3138578851
 02/10  04:00:00,1164458.428652334,159239.06196852366,180000.0,0.0,47510.71846471471,758281.3519549717
 02/10  05:00:00,1259796.2759692995,162742.8426170277,180000.0,0.0,47510.71846471471,849683.7009286747
 02/10  06:00:00,1436405.6985757358,168357.83703027983,180000.0,0.0,47510.71846471471,1021109.8468166171
 02/10  07:00:00,2472720.5319112437,171937.43396318157,180000.0,0.0,119930.90268319685,1981856.6166954993
 02/10  08:00:00,2526670.8363040956,173111.30978065834,180000.0,0.0,237553.5923235735,1918305.5087147732
 02/10  09:00:00,3161836.4162778533,175124.76113559067,180000.0,0.0,47510.71846471471,2743659.0996662485
 02/10  10:00:00,5661894.577174595,156174.7675915666,90000.0,0.0,47510.71846471471,5355257.560275564
 02/10  11:00:00,4753214.42980045,129545.8571800906,0.0,0.0,248132.90210316586,4365174.445842995
 02/10  12:00:00,4013496.727794288,120420.57242894688,0.0,0.0,95502.3146466836,3790666.357602524
 02/10  13:00:00,3757945.64886269,73419.59086579311,0.0,0.0,47510.71846471471,3631834.727195082
 02/10  14:00:00,3075815.471103085,38377.603154526805,0.0,0.0,93578.80377766682,2939110.1695285505
 02/10  15:00:00,2940957.2263220474,10757.873161071582,0.0,0.0,232744.81515103157,2692705.6433676034
 02/10  16:00:00,2610670.8215616494,2226.6577372066386,0.0,0.0,243324.12493062392,2359939.426556719
 02/10  17:00:00,2209224.6189011866,4583.865842502825,0.0,0.0,333248.2580571588,1863189.858801117
 02/10  18:00:00,2457764.5847379956,11361.869853852597,0.0,0.0,646299.6519896414,1783697.7904936858
 02/10  19:00:00,2878240.7411002195,27389.896007694202,0.0,0.0,439618.40911378735,2390509.986630339
 02/10  20:00:00,2505787.4376531867,48214.16068380425,0.0,0.0,940596.8149492103,1491073.4003346737
 02/10  21:00:00,2784035.603850244,68919.90058087812,0.0,0.0,878082.7117061645,1801200.422898262
 02/10  22:00:00,2028135.0243801707,87243.26165836744,0.0,0.0,700157.9563221114,1198425.472313377
 02/10  23:00:00,1843441.2569018712,101114.15266144533,0.0,0.0,615523.4780853727,1090107.6221005965
 02/10  24:00:00,1318702.3540550333,114890.68860022374,0.0,0.0,215433.21732988046,962907.1041341886
 02/11  01:00:00,1209180.129781804,144686.4487034856,0.0,0.0,83191.84508497614,961442.8220344598
 02/11  02:00:00,1136255.2251727497,138529.52791130444,90000.0,0.0,59436.4858526188,828430.197449944
 02/11  03:00:00,1130938.4343790412,143653.0684312437,180000.0,0.0,47510.71846471471,740347.3512189586
 02/11  04:00:00,1018853.8592723485,148634.49258853798,45000.0,0.0,47510.71846471471,758281.3519549717
 02/11  05:00:00,1071773.907517695,154720.4741654233,0.0,0.0,47510.71846471471,849683.7009286747
 02/11  06:00:00,3609956.91882313,145664.0844026546,180000.0,0.0,71554.60432742457,3193310.933828926
 02/11  07:00:00,5732947.302434037,130968.11969442363,0.0,0.0,264963.6222070628,5318019.981963186
 02/11  08:00:00,4022652.8683327893,110666.07858933132,0.0,0.0,332286.5026226504,3561999.8616357166
 02/11  09:00:00,3336823.4017190263,81358.31504128849,0.0,0.0,299827.2567079921,2940095.992958446
 02/11  10:00:00,4283591.148666291,40909.554084128045,0.0,0.0,358253.89935437706,3871476.1643850356
 02/11  11:00:00,4119787.0377414403,9809.284623549565,0.0,0.0,197977.35619355307,3901639.1722501386
 02/11  12:00:00,3805631.480835391,0.0,0.0,0.0,47510.71846471471,3751213.279254543
 02/11  13:00:00,3754300.3049264695,18196.677567712475,51577.5693618598,0.0,47510.71846471471,3631834.727195082
 02/11  14:00:00,3538307.4270860907,153653.75704973566,435242.8121111194,0.0,47510.71846471471,2897151.2448181794
 02/11  15:00:00,3811779.5385078574,321553.315061663,908157.1067094111,0.0,47510.71846471471,2529809.5036297264
 02/11  16:00:00,4034913.7461176803,426854.14161297056,1187290.975602937,0.0,145417.4216976693,2270170.5948670036
 02/11  17:00:00,3626053.6172506707,352499.6370357017,961373.0254613016,0.0,390472.70641040825,1913505.612142851
 02/11  18:00:00,3193502.0148661206,179928.62217885474,484831.4981891895,0.0,646299.6519896414,1866036.9701076192
 02/11  19:00:00,4752643.806781692,19811.284920061484,53174.848612339745,0.0,831918.4508497616,3827016.7730511306
 02/11  20:00:00,3938954.170511286,0.0,0.0,0.0,940596.8149492103,2972454.2938765762
 02/11  21:00:00,2193131.516397586,14768.209558898921,0.0,0.0,878082.7117061645,1264448.026467583
 02/11  22:00:00,1986237.4239162004,45345.66119439706,0.0,0.0,700157.9563221114,1198425.472313377
 02/11  23:00:00,1815223.2256166365,72896.1213762105,0.0,0.0,615523.4780853727,1090107.6221005965
 02/11  24:00:00,1352345.378892498,95505.05516275333,0.0,0.0,239477.10319259032,991891.8765464141
 02/12  01:00:00,1127113.4629975937,130452.63196060629,0.0,0.0,65351.281774845425,911450.5353032595
 02/12  02:00:00,938659.543049499,124387.01073039293,0.0,0.0,47510.71846471471,746902.7998955089
 02/12  03:00:00,936763.997178785,129046.91353622935,0.0,0.0,47510.71846471471,740347.3512189586
 02/12  04:00:00,960466.101703204,134815.01732463518,0.0,0.0,47510.71846471471,758281.3519549717
 02/12  05:00:00,1238272.3259416479,141218.8925893759,180000.0,0.0,47510.71846471471,849683.7009286747
 02/12  06:00:00,1412275.6573972395,147681.5374098499,180000.0,0.0,47510.71846471471,1021109.8468166171
 02/12  07:00:00,1716775.9712174132,149760.177147514,135000.0,0.0,83720.81057395578,1333184.8641794024
 02/12  08:00:00,2299272.902609267,128735.3999491377,0.0,0.0,237553.5923235735,1918305.5087147732
 02/12  09:00:00,3248571.877839775,84446.13077195542,0.0,0.0,249094.65753767424,2900784.405603121
 02/12  10:00:00,5161451.934587267,30994.443206960696,0.0,0.0,254865.19014472465,4863504.205782349
 02/12  11:00:00,4197842.888271893,1409.9591271680656,0.0,0.0,248132.90210316586,3938802.237756877
 02/12  12:00:00,4154978.4612604333,0.0,0.0,0.0,239477.10319259032,3909025.5926464684
 02/12  13:00:00,4236500.081974054,144374.6013714224,407599.42260573385,0.0,47510.71846471471,3631834.727195082
 02/12  14:00:00,4135589.863657724,310856.8752070192,875322.1305254693,0.0,47510.71846471471,2897151.2448181794
 02/12  15:00:00,4278459.3082298655,447501.14699983265,1248889.0444932496,0.0,47510.71846471471,2529809.5036297264
 02/12  16:00:00,4031773.481009165,478811.78097600315,1319868.606054059,0.0,47510.71846471471,2180401.763177288
 02/12  17:00:00,3491421.8187802574,374993.1106600453,1019328.1567565117,0.0,276023.8097039093,1812874.1054593828
 02/12  18:00:00,2871276.4226354426,188595.63119362597,508264.5053829764,0.0,496746.68192358594,1661696.0494291969
 02/12  19:00:00,2527030.80574846,24175.429618845807,65007.21396071444,0.0,831918.4508497616,1584775.5442759811
 02/12  20:00:00,2377392.685829241,0.0,0.0,0.0,940596.8149492103,1408734.2207207403
 02/12  21:00:00,2192336.9398427783,10519.891446024172,0.0,0.0,878082.7117061645,1264448.026467583
 02/12  22:00:00,1457465.1739717075,42403.74552594933,0.0,0.0,374122.8640237656,995608.2064723696
 02/12  23:00:00,1374326.8222882939,69363.3316471845,0.0,0.0,330843.8694708878,934833.310947215
 02/12  24:00:00,926984.5387562659,92261.9082731674,0.0,0.0,47510.71846471471,760013.6972486101
 02/13  01:00:00,1054230.8136194549,125402.83262379846,0.0,0.0,47510.71846471471,861458.2485720592
 02/13  02:00:00,934343.6831174751,120071.15079836905,0.0,0.0,47510.71846471471,746902.7998955089
 02/13  03:00:00,934171.2888281203,126454.20518556457,0.0,0.0,47510.71846471471,740347.3512189586
 02/13  04:00:00,958846.8208859996,133195.73650743076,0.0,0.0,47510.71846471471,758281.3519549717
 02/13  05:00:00,1191374.220900183,139320.78754791137,135000.0,0.0,47510.71846471471,849683.7009286747
 02/13  06:00:00,1409135.7470886079,144541.62710121856,180000.0,0.0,47510.71846471471,1021109.8468166171
 02/13  07:00:00,1818395.5756180463,144008.97580596994,45000.0,0.0,192351.086901679,1421925.3935938564
 02/13  08:00:00,2640145.368292505,120193.4855040071,0.0,0.0,427019.41292172734,2078254.068244988
 02/13  09:00:00,3600955.4410254285,76652.94785503739,0.0,0.0,452025.05421894556,3058030.755024421
 02/13  10:00:00,3745437.8671815796,36070.3253325383,0.0,0.0,47510.71846471471,3649768.727931094
 02/13  11:00:00,3849971.4726134385,2812.989134116999,0.0,0.0,47510.71846471471,3790149.9757299237
 02/13  12:00:00,5049481.748924187,23598.723410960778,67308.06762734985,0.0,95502.3146466836,4856596.877817818
 02/13  13:00:00,4981874.064918314,245278.79965223814,701426.8738708382,0.0,233706.57058553994,3796281.208472598
 02/13  14:00:00,5131288.875074924,474409.58704021754,1355360.390016179,0.0,231783.0597165232,3064986.9436596627
 02/13  15:00:00,5468852.039950586,662711.4927059298,1875941.1940836792,0.0,232744.81515103157,2692705.6433676034
 02/13  16:00:00,5465205.11053151,730096.9938328943,2032907.56767263,0.0,292373.65209055203,2404646.2845983338
 02/13  17:00:00,4732211.688096259,591143.6978538287,1613806.632098795,0.0,504921.6031169073,2014137.1188263197
 02/13  18:00:00,3096132.2531671217,322835.14493467833,870435.5333041474,0.0,347193.7118575305,1539694.308364708
 02/13  19:00:00,2058099.8470717757,73936.27439428013,198669.62610350005,0.0,439522.2335703365,1324817.5459605015
 02/13  20:00:00,1690945.5963806158,0.0,0.0,0.0,494342.293337315,1168541.6528840102
 02/13  21:00:00,2024007.7475451278,1136.8095436687895,0.0,0.0,774213.1247792579,1209371.5029991947
 02/13  22:00:00,1438431.0292805918,23369.600834833538,0.0,0.0,374122.8640237656,995608.2064723696
 02/13  23:00:00,1352347.0130096194,47383.52236851,0.0,0.0,330843.8694708878,934833.310947215
 02/13  24:00:00,1115614.7813595145,69162.21995047783,0.0,0.0,143301.55974175083,875952.786897512
 02/14  01:00:00,1162348.1786893173,97854.49761099866,0.0,0.0,83191.84508497614,961442.8220344598
 02/14  02:00:00,908790.6646080886,94518.13228898251,0.0,0.0,47510.71846471471,746902.7998955089
 02/14  03:00:00,907718.9844636195,100001.9008210637,0.0,0.0,47510.71846471471,740347.3512189586
 02/14  04:00:00,931052.0617631958,105400.977384627,0.0,0.0,47510.71846471471,758281.3519549717
 02/14  05:00:00,1026862.5722805494,109809.13892827767,0.0,0.0,47510.71846471471,849683.7009286747
 02/14  06:00:00,1262936.3608749674,113958.3084431465,0.0,0.0,71554.60432742457,1061449.8933983387
 02/14  07:00:00,1678467.8521775412,114871.52094619068,0.0,0.0,156140.99479243794,1392345.2171223718
 02/14  08:00:00,3544938.149429449,95357.45066115103,0.0,0.0,237553.5923235735,3197348.7048229417
 02/14  09:00:00,3222663.6190599813,58537.871992161934,0.0,0.0,249094.65753767424,2900784.405603121
 02/14  10:00:00,4080518.9988455055,15992.02768049313,0.0,0.0,254865.19014472465,3797573.6855670554
 02/14  11:00:00,4524775.153442595,0.0,0.0,0.0,248132.90210316586,4267144.462054747
 02/14  12:00:00,10100943.974568594,42230.48428646368,120682.73346456187,0.0,239477.10319259032,9692077.888203604
 02/14  13:00:00,6109198.444741694,366027.2232668571,1043929.9637049714,0.0,233706.57058553994,4460354.074847225
 02/14  14:00:00,5535567.532566128,581400.6429192938,1652647.9916283078,0.0,231783.0597165232,3064986.9436596627
 02/14  15:00:00,5682598.835533831,721534.2641273465,2030865.2182455081,0.0,232744.81515103157,2692705.6433676034
 02/14  16:00:00,5457767.799345074,754736.0111165012,2094587.624404131,0.0,243324.12493062392,2359939.426556719
 02/14  17:00:00,4263711.565333992,581238.0247961351,1585372.9891741574,0.0,276023.8097039093,1812874.1054593828
 02/14  18:00:00,4650158.6526753865,382210.8545089219,1027600.9918923301,0.0,496746.68192358594,2727626.569644491
 02/14  19:00:00,2889597.2941493588,122719.57890049215,329029.553079966,0.0,831918.4508497616,1584775.5442759811
 02/14  20:00:00,2928487.8889580662,0.0,0.0,0.0,605905.9237402887,2294520.3150584865
 02/14  21:00:00,1706688.975103234,1710.257892365074,0.0,0.0,566473.9509254445,1099218.456062418
 02/14  22:00:00,1437928.6771314014,22867.248685643055,0.0,0.0,374122.8640237656,995608.2064723696
 02/14  23:00:00,1352790.6399795557,47827.149338446274,0.0,0.0,330843.8694708878,934833.310947215
 02/14  24:00:00,1116152.2699029353,69699.70849389849,0.0,0.0,143301.55974175083,875952.786897512
 02/15  01:00:00,1165425.1982416022,100931.51716328372,0.0,0.0,83191.84508497614,961442.8220344598
 02/15  02:00:00,911983.8271358407,97711.29481673457,0.0,0.0,47510.71846471471,746902.7998955089
 02/15  03:00:00,912235.4017562652,104518.31811370933,0.0,0.0,47510.71846471471,740347.3512189586
 02/15  04:00:00,936992.8274125104,111341.74303394163,0.0,0.0,47510.71846471471,758281.3519549717
 02/15  05:00:00,1034567.0516042004,117513.6182519285,0.0,0.0,47510.71846471471,849683.7009286747
 02/15  06:00:00,2968273.0306893606,113806.14591306973,0.0,0.0,71554.60432742457,2766938.7257428085
 02/15  07:00:00,2302776.339101595,115660.28030374688,0.0,0.0,264963.6222070628,1907042.317274244
 02/15  08:00:00,2271333.0205469127,100795.51788678349,0.0,0.0,237553.5923235735,1918305.5087147732
 02/15  09:00:00,3224210.2071647,60084.46009688106,0.0,0.0,249094.65753767424,2900784.405603121
 02/15  10:00:00,4079784.652044242,15257.680879229267,0.0,0.0,254865.19014472465,3797573.6855670554
 02/15  11:00:00,4196432.929144725,0.0,0.0,0.0,248132.90210316586,3938802.237756877
 02/15  12:00:00,4568225.877948288,106475.76838557978,306771.6483022753,0.0,239477.10319259032,3909025.5926464684
 02/15  13:00:00,5599883.0715687545,402173.1969926068,1162541.4831809103,0.0,233706.57058553994,3796281.208472598
 02/15  14:00:00,5747187.838008603,630104.6862864813,1815564.2537035942,0.0,231783.0597165232,3064986.9436596627
 02/15  15:00:00,6041648.100880235,808150.1098496269,2303298.637869632,0.0,232744.81515103157,2692705.6433676034
 02/15  16:00:00,5786949.270668473,836429.2372594719,2342075.8695845585,0.0,243324.12493062392,2359939.426556719
 02/15  17:00:00,4474824.610033982,636460.0260656816,1741264.0326046012,0.0,276023.8097039093,1812874.1054593828
 02/15  18:00:00,3529410.196772729,367135.7297082135,987858.1810056751,0.0,496746.68192358594,1661696.0494291969
 02/15  19:00:00,2681070.5598439067,110397.76688435621,295913.18468937645,0.0,733819.3965299054,1519786.0446971112
 02/15  20:00:00,2377392.685829241,0.0,0.0,0.0,940596.8149492103,1408734.2207207403
 02/15  21:00:00,2181817.048396754,0.0,0.0,0.0,878082.7117061645,1264448.026467583
 02/15  22:00:00,1959753.168926054,15839.382340942335,0.0,0.0,700157.9563221114,1198425.472313377
 02/15  23:00:00,1454250.781968236,39298.81138515997,0.0,0.0,402013.771624509,973651.8887355605
 02/15  24:00:00,895642.1157692804,60919.485286181894,0.0,0.0,47510.71846471471,760013.6972486101
 02/16  01:00:00,1019067.801165985,90239.82017032852,0.0,0.0,47510.71846471471,861458.2485720592
 02/16  02:00:00,901682.111122205,87409.5788030991,0.0,0.0,47510.71846471471,746902.7998955089
 02/16  03:00:00,901910.554473415,94193.47083085924,0.0,0.0,47510.71846471471,740347.3512189586
 02/16  04:00:00,926431.5178933997,100780.43351483086,0.0,0.0,47510.71846471471,758281.3519549717
 02/16  05:00:00,1060196.929318042,106516.77227224107,0.0,0.0,48809.08830130103,885012.0547856173
 02/16  06:00:00,1324393.2627396686,111031.27786341647,0.0,0.0,95598.49019013444,1101789.9399800603
 02/16  07:00:00,1740327.1323030482,110940.53249097196,0.0,0.0,192351.086901679,1421925.3935938564
 02/16  08:00:00,2086891.5406339015,91765.39201700824,0.0,0.0,142532.15539414412,1837915.5916009666
 02/16  09:00:00,2860386.224641129,54969.72258314171,0.0,0.0,47510.71846471471,2743659.0996662485
 02/16  10:00:00,3722078.817452908,12711.275603866505,0.0,0.0,47510.71846471471,3649768.727931094
 02/16  11:00:00,3847158.4834793215,0.0,0.0,0.0,47510.71846471471,3790149.9757299237
 02/16  12:00:00,4355056.865363057,140300.56086012136,409556.5413623024,0.0,47510.71846471471,3751213.279254543
 02/16  13:00:00,5781874.97634184,445267.24636981904,1301439.3385767832,0.0,233706.57058553994,3796281.208472598
 02/16  14:00:00,5703908.122918942,660522.9125735608,1917920.3323734996,0.0,139646.88909061893,2981069.094238921
 02/16  15:00:00,5734529.789054039,793012.690843005,2272415.422368203,0.0,93819.24263629393,2570533.538564196
 02/16  16:00:00,6421445.436702247,832482.1907554804,2341123.5345127303,0.0,243516.4760175256,2999142.6230794103
 02/16  17:00:00,5535884.518529039,687874.5073214932,1894376.4449777922,0.0,504921.6031169073,2440509.326912437
 02/16  18:00:00,3947920.6430461984,404599.71077456267,1097349.9350822514,0.0,646299.6519896414,1783697.7904936858
 02/16  19:00:00,2793307.2001774837,140238.58327536858,378309.0086319417,0.0,733819.3965299054,1519786.0446971112
 02/16  20:00:00,2396085.58857234,5055.914858266819,13636.987884832311,0.0,940596.8149492103,1408734.2207207403
 02/16  21:00:00,1546032.606815574,0.0,0.0,0.0,462604.3639985379,1044141.9325940296
 02/16  22:00:00,1427894.8892081901,12833.460762431867,0.0,0.0,374122.8640237656,995608.2064723696
 02/16  23:00:00,1122197.552383328,36477.27107978217,0.0,0.0,189177.29396780126,857256.677112738
 02/16  24:00:00,892958.2035960226,58235.573112923994,0.0,0.0,47510.71846471471,760013.6972486101
 02/17  01:00:00,1018135.3266862124,89307.34569055596,0.0,0.0,47510.71846471471,861458.2485720592
 02/17  02:00:00,901191.502448462,86918.97012935595,0.0,0.0,47510.71846471471,746902.7998955089
 02/17  03:00:00,901079.0788827849,93793.71293498747,0.0,0.0,47510.71846471471,740347.3512189586
 02/17  04:00:00,925837.0307754073,100617.66409159682,0.0,0.0,47510.71846471471,758281.3519549717
 02/17  05:00:00,1025913.7053889361,108860.27203666438,0.0,0.0,47510.71846471471,849683.7009286747
 02/17  06:00:00,1202366.5317622623,114318.67021680638,0.0,0.0,47510.71846471471,1021109.8468166171
 02/17  07:00:00,2546230.4233897966,110188.91843250408,0.0,0.0,47510.71846471471,2369535.2079232116
 02/17  08:00:00,2264804.7058117297,91245.1792882919,0.0,0.0,237553.5923235735,1918305.5087147732
 02/17  09:00:00,3218594.395662361,53173.49551026632,0.0,0.0,249094.65753767424,2900784.405603121
 02/17  10:00:00,4076965.2045667805,11574.79801225083,0.0,0.0,254865.19014472465,3797573.6855670554
 02/17  11:00:00,4197296.364534242,0.0,0.0,0.0,248132.90210316586,3938802.237756877
 02/17  12:00:00,4824982.252952865,169826.4573682283,499745.61662944534,0.0,239477.10319259032,3909025.5926464684
 02/17  13:00:00,5926711.210517921,499711.88977328455,1479491.5126989838,0.0,187157.60755533364,3755169.588153219
 02/17  14:00:00,6319478.542994554,788024.5975125727,2317962.0574867777,0.0,185714.97440357105,3023028.018949292
 02/17  15:00:00,6888765.4757524915,1015287.3731956019,2943278.749395913,0.0,232744.81515103157,2692705.6433676034
 02/17  16:00:00,6664357.195970742,1056341.5563427468,2999571.475803552,0.0,243324.12493062392,2359939.426556719
 02/17  17:00:00,6222453.928940371,867502.4157035992,2403212.246353928,0.0,390472.70641040825,2553063.924272028
 02/17  18:00:00,5781672.988321599,609862.6586487517,1659477.09457341,0.0,646299.6519896414,2849628.31070898
 02/17  19:00:00,3938520.065035889,289659.5052232376,785071.9072523919,0.0,831918.4508497616,2011147.7523620988
 02/17  20:00:00,2573098.8723147213,53255.91558314824,144608.85937612428,0.0,940596.8149492103,1408734.2207207403
 02/17  21:00:00,2178363.3068386875,0.0,0.0,0.0,878082.7117061645,1264448.026467583
 02/17  22:00:00,1940891.7627218033,0.0,0.0,0.0,700157.9563221114,1198425.472313377
 02/17  23:00:00,1320166.724540697,17793.54006813722,0.0,0.0,330843.8694708878,934833.310947215
 02/17  24:00:00,1083612.4380403347,38886.74741033129,0.0,0.0,143301.55974175083,875952.786897512
 02/18  01:00:00,1000808.1539195997,71980.17292394325,0.0,0.0,47510.71846471471,861458.2485720592
 02/18  02:00:00,887074.8377232079,72802.3054041019,0.0,0.0,47510.71846471471,746902.7998955089
 02/18  03:00:00,888881.172542308,81595.80659451064,0.0,0.0,47510.71846471471,740347.3512189586
 02/18  04:00:00,914776.6077218936,89557.24103808297,0.0,0.0,47510.71846471471,758281.3519549717
 02/18  05:00:00,1015632.4012354653,98578.96788319346,0.0,0.0,47510.71846471471,849683.7009286747
 02/18  06:00:00,1192412.6836318374,104364.82208638126,0.0,0.0,47510.71846471471,1021109.8468166171
 02/18  07:00:00,1476007.6394051649,105896.65466316631,0.0,0.0,47510.71846471471,1303604.6877079178
 02/18  08:00:00,1913893.444541898,91156.62610493207,0.0,0.0,47510.71846471471,1757525.67448716
 02/18  09:00:00,3313719.8388949702,58254.75221723305,0.0,0.0,299827.25670799206,2940095.992958446
 02/18  10:00:00,4082339.446003863,16949.03944933381,0.0,0.0,254865.19014472465,3797573.6855670554
 02/18  11:00:00,4197296.364534242,0.0,0.0,0.0,248132.90210316586,3938802.237756877
 02/18  12:00:00,4417787.098940249,66637.63537570249,195739.28460935436,0.0,239477.10319259032,3909025.5926464684
 02/18  13:00:00,5380614.89160805,340286.0921060073,1005160.4081068056,0.0,233706.57058553994,3796281.208472598
 02/18  14:00:00,5700723.487375023,607825.6121005793,1791378.9772559162,0.0,231783.0597165232,3064986.9436596627
 02/18  15:00:00,6181580.569170809,830962.9625458876,2420418.253463945,0.0,232744.81515103157,2692705.6433676034
 02/18  16:00:00,6103359.84272021,905075.2862589719,2589840.3926367946,0.0,243324.12493062392,2359939.426556719
 02/18  17:00:00,4949161.2338760905,750182.3513732869,2101878.3311391035,0.0,276023.8097039093,1812874.1054593828
 02/18  18:00:00,3737262.997936237,488613.70587269193,1345355.9994404907,0.0,347193.7118575305,1539694.308364708
 02/18  19:00:00,2032116.772831728,197316.69078615986,539429.2268685257,0.0,145513.59724112015,1129134.808587523
 02/18  20:00:00,1961062.7621924402,27007.822980843273,73656.1589426164,0.0,605905.9237402888,1228589.7948431927
 02/18  21:00:00,1542578.8652575074,0.0,0.0,0.0,462604.3639985379,1044141.9325940296
 02/18  22:00:00,1678952.6451505905,2487.0614984636704,0.0,0.0,537140.4101729386,1097016.8393928735
 02/18  23:00:00,1545031.6665908261,22681.52223433344,0.0,0.0,473183.67377813027,1012470.4665239058
 02/18  24:00:00,1090574.2604507883,45848.569820785066,0.0,0.0,143301.55974175083,875952.786897512
 02/19  01:00:00,1043126.8213873229,80382.41537100094,0.0,0.0,56431.00011978007,886454.3919376594
 02/19  02:00:00,895497.6459836336,81225.11366452761,0.0,0.0,47510.71846471471,746902.7998955089
 02/19  03:00:00,898573.8498270113,90856.7661844556,0.0,0.0,47510.71846471471,740347.3512189586
 02/19  04:00:00,925605.5895807873,99954.5052022185,0.0,0.0,47510.71846471471,758281.3519549717
 02/19  05:00:00,1023841.8978202757,106788.46446800398,0.0,0.0,47510.71846471471,849683.7009286747
 02/19  06:00:00,1196972.0364092996,112377.91642191008,0.0,0.0,47510.71846471471,1021109.8468166171
 02/19  07:00:00,1478789.9750722647,112564.44958309134,0.0,0.0,47510.71846471471,1303604.6877079178
 02/19  08:00:00,2003023.729135191,95603.25753991587,0.0,0.0,95021.43692942942,1797720.6330440636
 02/19  09:00:00,3238628.3455025833,74502.59843476374,0.0,0.0,249094.65753767424,2900784.405603121
 02/19  10:00:00,3936829.937723544,49882.68121651691,0.0,0.0,151187.9543047197,3723671.2067490746
 02/19  11:00:00,3868565.4908884466,21407.007409124933,0.0,0.0,47510.71846471471,3790149.9757299237
 02/19  12:00:00,3806137.5805470813,937.8174064480951,0.0,0.0,47510.71846471471,3751213.279254543
 02/19  13:00:00,4188372.3600884667,61736.981541891204,179127.57050092344,0.0,187157.6075553336,3755169.5881532193
 02/19  14:00:00,4233463.892688496,307247.3567980873,888778.6679418499,0.0,93578.80377766682,2939110.16952855
 02/19  15:00:00,4773984.372568529,566763.7938224436,1625151.4620093023,0.0,47510.71846471471,2529809.5036297264
 02/19  16:00:00,5791331.7506494075,697298.9236959768,1971833.442393112,0.0,145417.4216976693,2971601.350525549
 02/19  17:00:00,4915716.5959593,593072.1223795015,1647931.4817664751,0.0,276023.8097039093,2390486.545909006
 02/19  18:00:00,3233312.474014648,355636.31147190806,974814.5876144439,0.0,347193.7118575305,1539694.308364708
 02/19  19:00:00,2783811.3762190663,136487.1408123255,372564.6271365668,0.0,733819.3965299054,1519786.0446971112
 02/19  20:00:00,2221139.574272323,4114.6145509828175,11244.046254255378,0.0,829033.1845462364,1348686.0787615578
 02/19  21:00:00,1546032.606815574,0.0,0.0,0.0,462604.3639985379,1044141.9325940296
 02/19  22:00:00,1425844.8560313038,10783.427585545442,0.0,0.0,374122.8640237656,995608.2064723696
 02/19  23:00:00,1336487.2945141955,31523.803873085897,0.0,0.0,330843.8694708878,934833.310947215
 02/19  24:00:00,1097756.6011411771,51304.039732140474,0.0,0.0,143301.55974175083,875952.786897512
 02/20  01:00:00,1146036.1546166367,81542.47353831827,0.0,0.0,83191.84508497614,961442.8220344598
 02/20  02:00:00,986945.2267872245,79219.52952577929,0.0,0.0,59436.4858526188,828430.197449944
 02/20  03:00:00,967533.2701230273,85770.26120261863,0.0,0.0,47510.71846471471,814393.2764968115
 02/20  04:00:00,918153.0380585854,92501.95368001657,0.0,0.0,47510.71846471471,758281.3519549717
 02/20  05:00:00,1017118.436236375,100065.0028841031,0.0,0.0,47510.71846471471,849683.7009286747
 02/20  06:00:00,1189149.0326592696,104554.91267188013,0.0,0.0,47510.71846471471,1021109.8468166171
 02/20  07:00:00,1469268.741763558,103043.21627438476,0.0,0.0,47510.71846471471,1303604.6877079178
 02/20  08:00:00,2249319.930194772,78782.42753464288,0.0,0.0,237553.5923235735,1918305.5087147732
 02/20  09:00:00,3202790.757433105,38665.01036528589,0.0,0.0,249094.65753767424,2900784.405603121
 02/20  10:00:00,4068601.4796970794,4074.508532066662,0.0,0.0,254865.19014472465,3797573.6855670554
 02/20  11:00:00,3878409.2598166885,7770.163466023559,23480.61287134324,0.0,47510.71846471471,3790149.9757299237
 02/20  12:00:00,4950255.961643517,240484.25183144334,729682.5976115402,0.0,143493.9108286525,3830119.4359505055
 02/20  13:00:00,5802874.711744211,502488.8116956523,1528199.2587020763,0.0,94059.68149492101,3672946.3475144613
 02/20  14:00:00,6288417.638055175,743991.9118790352,2242906.828157612,0.0,231783.0597165232,3064986.9436596627
 02/20  15:00:00,8336930.128197529,930764.2774590414,2770477.665233042,0.0,232744.81515103157,4398194.475712074
 02/20  16:00:00,9174474.647760462,1004002.3314529426,2932377.559111946,0.0,243324.12493062392,4989590.019927849
 02/20  17:00:00,5128991.245189223,730385.3450123747,2086424.945423181,0.0,390472.70641040825,1913505.612142851
 02/20  18:00:00,4304352.006788105,489584.1790946808,1368796.8305040393,0.0,646299.6519896414,1783697.7904936858
 02/20  19:00:00,4552333.19371216,278149.33653384534,770405.1747941205,0.0,831918.4508497616,2650706.0644912748
 02/20  20:00:00,3298476.514919405,80175.62476290266,221816.62828264866,0.0,940596.8149492103,2027825.7967653524
 02/20  21:00:00,2181817.048396754,0.0,0.0,0.0,878082.7117061645,1264448.026467583
 02/20  22:00:00,3090743.8931584423,0.0,0.0,0.0,618649.183247525,2426764.3519612937
 02/20  23:00:00,1094988.070735318,9267.78943177202,0.0,0.0,189177.29396780126,857256.677112738
 02/20  24:00:00,863855.9191918321,29133.288708733544,0.0,0.0,47510.71846471471,760013.6972486101
 02/21  01:00:00,985099.3994010244,56271.41840536796,0.0,0.0,47510.71846471471,861458.2485720592
 02/21  02:00:00,871089.6817882397,56817.14946913375,0.0,0.0,47510.71846471471,746902.7998955089
 02/21  03:00:00,870868.227489868,63151.14384731217,0.0,0.0,47510.71846471471,740347.3512189586
 02/21  04:00:00,893906.0494645841,68254.96508601519,0.0,0.0,47510.71846471471,758281.3519549717
 02/21  05:00:00,986668.4480512021,69615.01469893035,0.0,0.0,47510.71846471471,849683.7009286747
 02/21  06:00:00,1156479.5311885267,71885.41120113732,0.0,0.0,47510.71846471471,1021109.8468166171
 02/21  07:00:00,1436652.3033523497,70426.77786317638,0.0,0.0,47510.71846471471,1303604.6877079178
 02/21  08:00:00,1871105.348304608,51390.55373095044,0.0,0.0,47510.71846471471,1757525.67448716
 02/21  09:00:00,2822246.460083345,16829.958025357486,0.0,0.0,47510.71846471471,2743659.0996662485
 02/21  10:00:00,4064526.9711650126,0.0,0.0,0.0,254865.19014472465,3797573.6855670554
 02/21  11:00:00,4592145.469447843,98777.44255850711,296935.0977446107,0.0,248132.90210316586,3938802.237756877
 02/21  12:00:00,5668236.085884456,377881.4212497969,1135376.203374225,0.0,239477.10319259032,3909025.5926464684
 02/21  13:00:00,6679495.950297134,666181.4861725253,1978146.0727293706,0.0,233706.57058553994,3796281.208472598
 02/21  14:00:00,6646545.359519813,853298.5709439169,2491727.8905573697,0.0,231783.0597165232,3064986.9436596627
 02/21  15:00:00,6399225.570155467,895278.8687414437,2573747.348253046,0.0,232744.81515103157,2692705.6433676034
 02/21  16:00:00,6242016.729775108,851105.5494471352,2407441.4756973577,0.0,439522.2335703365,2538766.8587231794
 02/21  17:00:00,4894724.357258584,624785.9529602347,1742677.0461547151,0.0,504921.6031169073,2014137.1188263197
 02/21  18:00:00,3634216.351615411,352001.8147985385,972020.8951927603,0.0,571523.1669566137,1722696.9199614413
 02/21  19:00:00,2336662.109896293,103374.7246336135,284704.88478995766,0.0,537621.2878901928,1389807.0455393714
 02/21  20:00:00,2391407.939076082,3735.6229773200093,10279.630269520845,0.0,940596.8149492103,1408734.2207207403
 02/21  21:00:00,2181817.048396754,0.0,0.0,0.0,878082.7117061645,1264448.026467583
 02/21  22:00:00,1815929.9602292622,4229.263178988929,0.0,0.0,618649.183247525,1147721.1558531253
 02/21  23:00:00,1329199.238076234,24235.747435124693,0.0,0.0,330843.8694708878,934833.310947215
 02/21  24:00:00,1090889.5308330702,44436.969424033494,0.0,0.0,143301.55974175083,875952.786897512
 02/22  01:00:00,1139204.9470629892,74711.26598467062,0.0,0.0,83191.84508497614,961442.8220344598
 02/22  02:00:00,888591.5540603441,74319.02174123813,0.0,0.0,47510.71846471471,746902.7998955089
 02/22  03:00:00,888220.6346161349,80503.55097357914,0.0,0.0,47510.71846471471,740347.3512189586
 02/22  04:00:00,910971.8011086807,85320.71673011189,0.0,0.0,47510.71846471471,758281.3519549717
 02/22  05:00:00,1005476.3372439311,88422.90389165933,0.0,0.0,47510.71846471471,849683.7009286747
 02/22  06:00:00,1175066.4408877282,90472.32090033861,0.0,0.0,47510.71846471471,1021109.8468166171
 02/22  07:00:00,1981420.3937322483,89319.29212086416,0.0,0.0,337576.1575124466,1539414.8247823967
 02/22  08:00:00,2429974.057402402,84729.3646780888,0.0,0.0,332286.5026226504,1998279.7884798804
 02/22  09:00:00,3157317.470471402,82869.03465604101,0.0,0.0,198698.67276943434,2861503.079118903
 02/22  10:00:00,3874579.103636394,76421.70445835961,0.0,0.0,99349.3363847172,3686719.9673400843
 02/22  11:00:00,4251480.45716366,55047.52801893447,0.0,0.0,248132.90210316586,3938802.237756877
 02/22  12:00:00,4113803.9858443327,46270.19911384948,0.0,0.0,191485.50701062143,3869572.514298487
 02/22  13:00:00,3889159.724000796,29312.499304728924,0.0,0.0,140608.6445251273,3714057.9678338403
 02/22  14:00:00,3318833.2791836224,17314.381165095314,0.0,0.0,231783.0597165232,3064986.9436596627
 02/22  15:00:00,2936371.3593425807,6172.0061816042835,0.0,0.0,232744.81515103157,2692705.6433676034
 02/22  16:00:00,2326930.861440438,0.0,0.0,0.0,96464.07008119201,2225286.179022146
 02/22  17:00:00,1775301.1463188294,0.0,0.0,0.0,104638.99127451336,1662459.5188439079
 02/22  18:00:00,1368426.573833886,9251.474427383946,0.0,0.0,47510.71846471471,1295690.8262357302
 02/22  19:00:00,1158438.3464129001,25866.231441831136,0.0,0.0,47510.71846471471,1063907.2294631968
 02/22  20:00:00,1220057.7165415108,44380.22719289302,0.0,0.0,159218.61218286477,988397.2270064626
 02/22  21:00:00,2696668.655199139,54706.14115306741,0.0,0.0,774213.1247792579,1828463.079043807
 02/22  22:00:00,2012447.7944089288,68534.0078238173,0.0,0.0,700157.9563221114,1198425.472313377
 02/22  23:00:00,1168199.8337903912,82479.55248684532,0.0,0.0,189177.29396780126,857256.677112738
 02/22  24:00:00,927122.0680046314,92399.43752153282,0.0,0.0,47510.71846471471,760013.6972486101
 02/23  01:00:00,1040607.2503243339,111779.26932867746,0.0,0.0,47510.71846471471,861458.2485720592
 02/23  02:00:00,916374.9367481027,102102.40442899655,0.0,0.0,47510.71846471471,746902.7998955089
 02/23  03:00:00,911068.2791741688,103351.19553161298,0.0,0.0,47510.71846471471,740347.3512189586
 02/23  04:00:00,930830.6410252928,105179.556646724,0.0,0.0,47510.71846471471,758281.3519549717
 02/23  05:00:00,1023574.8669421154,106521.4335898436,0.0,0.0,47510.71846471471,849683.7009286747
 02/23  06:00:00,1192593.1922251838,107999.07223779414,0.0,0.0,47510.71846471471,1021109.8468166171
 02/23  07:00:00,1474370.2497074055,108144.72421823221,0.0,0.0,47510.71846471471,1303604.6877079178
 02/23  08:00:00,2267029.451132064,96491.94847193487,0.0,0.0,237553.5923235735,1918305.5087147732
 02/23  09:00:00,3231540.788842743,67415.04177492371,0.0,0.0,249094.65753767424,2900784.405603121
 02/23  10:00:00,4101839.5909614507,37312.61979643776,0.0,0.0,254865.19014472465,3797573.6855670554
 02/23  11:00:00,4467899.205821395,9221.915797263724,0.0,0.0,398888.0664623568,4050291.434277092
 02/23  12:00:00,4242311.492659485,0.0,0.0,0.0,287564.8749180101,3948270.8523201
 02/23  13:00:00,4354399.7971699,16056.678589157922,45802.907502752794,0.0,326515.97001560003,3960843.6287252894
 02/23  14:00:00,5639990.430824799,204917.61972879758,585318.9097506522,0.0,415478.3477076266,4429526.658995382
 02/23  15:00:00,4724936.837480623,398493.22064059717,1135390.73314028,0.0,371958.91429612174,2814345.074761283
 02/23  16:00:00,4082684.926399386,458555.8267319309,1297198.2382270172,0.0,96464.07008119201,2225286.179022146
 02/23  17:00:00,7327082.260831787,489580.5336424092,1363378.3352836953,0.0,333344.43360060966,5132576.322104666
 02/23  18:00:00,3313063.140517309,230227.96436380575,636864.1789641182,0.0,646299.6519896414,1783697.7904936858
 02/23  19:00:00,2560116.9927088,32500.56754528616,89768.26299461402,0.0,831918.4508497616,1584775.5442759811
 02/23  20:00:00,2377392.685829241,0.0,0.0,0.0,940596.8149492103,1408734.2207207403
 02/23  21:00:00,2186702.9857137213,4885.937316967054,0.0,0.0,878082.7117061645,1264448.026467583
 02/23  22:00:00,1970322.7137743381,26408.927189226502,0.0,0.0,700157.9563221114,1198425.472313377
 02/23  23:00:00,1791730.5318166425,46813.121407666695,0.0,0.0,615523.4780853727,1090107.6221005965
 02/23  24:00:00,1217791.2104277296,65281.33246882219,0.0,0.0,191389.33146717056,933922.3317219631
 02/24  01:00:00,1157097.2002289817,92603.51915066331,0.0,0.0,83191.84508497614,961442.8220344598
 02/24  02:00:00,902928.9786457092,88656.44632660324,0.0,0.0,47510.71846471471,746902.7998955089
 02/24  03:00:00,902019.0414744493,94733.67552665186,0.0,0.0,47510.71846471471,740347.3512189586
 02/24  04:00:00,925868.1919880329,100648.82530422223,0.0,0.0,47510.71846471471,758281.3519549717
 02/24  05:00:00,1094974.7718268372,104667.89108750763,0.0,0.0,50107.45813788737,920340.4086425598
 02/24  06:00:00,1324425.5480798155,107609.82164549676,0.0,0.0,95598.49019013444,1101789.9399800603
 02/24  07:00:00,1739809.4809354383,106537.42187053735,0.0,0.0,192351.086901679,1421925.3935938564
 02/24  08:00:00,2262102.5300803874,88543.00355694993,0.0,0.0,237553.5923235735,1918305.5087147732
 02/24  09:00:00,3218555.521052189,53134.62090009479,0.0,0.0,249094.65753767424,2900784.405603121
 02/24  10:00:00,4961001.603387689,10582.838747098354,0.0,0.0,409948.2539592033,4527518.979838639
 02/24  11:00:00,4197296.364534242,0.0,0.0,0.0,248132.90210316586,3938802.237756877
 02/24  12:00:00,4784481.810978724,156493.89419224966,472577.73783128255,0.0,239477.10319259032,3909025.5926464684
 02/24  13:00:00,6154898.14414504,525926.1798084619,1593803.5729413403,0.0,233706.57058553994,3796281.208472598
 02/24  14:00:00,6769782.540993883,865391.8022609978,2602871.8407143583,0.0,231783.0597165232,3064986.9436596627
 02/24  15:00:00,7288109.230715387,1099230.1818957822,3258679.695658627,0.0,232744.81515103157,2692705.6433676034
 02/24  16:00:00,7049515.194008661,1136846.1909043733,3304224.839279846,0.0,243324.12493062392,2359939.426556719
 02/24  17:00:00,5524997.012152188,893799.8055578897,2534096.6552305985,0.0,276023.8097039093,1812874.1054593828
 02/24  18:00:00,3993351.619279635,553191.5046391017,1536866.8220174792,0.0,347193.7118575305,1539694.308364708
 02/24  19:00:00,2607602.134338862,218568.34771809945,603971.5577415251,0.0,439522.2335703365,1324817.5459605015
 02/24  20:00:00,2586891.8714059573,34339.391838891715,94979.2025976827,0.0,940596.8149492103,1491073.4003346737
 02/24  21:00:00,4807205.619836768,0.0,0.0,0.0,878082.7117061645,3893290.339465664
 02/24  22:00:00,6615060.938563826,8032.721083923764,0.0,0.0,700157.9563221114,5864561.927071476
 02/24  23:00:00,6555612.664871242,27174.811984852047,0.0,0.0,615523.4780853727,5876218.370746559
 02/24  24:00:00,1182022.7068184312,31239.69963855703,0.0,0.0,191389.33146717056,933922.3317219631
 02/25  01:00:00,1124854.8813572158,60361.20027889726,0.0,0.0,83191.84508497614,961442.8220344598
 02/25  02:00:00,874300.9033510301,60028.37103192393,0.0,0.0,47510.71846471471,746902.7998955089
 02/25  03:00:00,872530.9470866969,65245.581138899346,0.0,0.0,47510.71846471471,740347.3512189586
 02/25  04:00:00,893782.741484413,68563.37480060244,0.0,0.0,47510.71846471471,758281.3519549717
 02/25  05:00:00,1060718.8541654996,70411.97342617015,0.0,0.0,50107.45813788737,920340.4086425598
 02/25  06:00:00,1286580.5944103298,69764.86797601104,0.0,0.0,95598.49019013444,1101789.9399800603
 02/25  07:00:00,1698114.4931917535,64842.4341268523,0.0,0.0,192351.086901679,1421925.3935938564
 02/25  08:00:00,3915700.1579303658,36651.79906245864,0.0,0.0,237553.5923235735,3623794.3410592433
 02/25  09:00:00,4284409.308194573,4097.229555918932,0.0,0.0,452025.05421894556,3812745.187408409
 02/25  10:00:00,12021371.67462451,0.0,0.0,0.0,461642.6085640295,11546777.535217734
 02/25  11:00:00,8402321.249954313,229815.86636833393,700039.6761026827,0.0,449139.7879154204,7012964.694893675
 02/25  12:00:00,6717270.011715822,544503.7926613002,1668023.914503123,0.0,431828.1900942693,4066006.6313409954
 02/25  13:00:00,7809839.974505715,844679.0235064053,2579927.2794664367,0.0,419325.36944566015,3960727.6897501135
 02/25  14:00:00,7933805.401548898,1061288.2785220486,3219467.2381757353,0.0,415478.3477076266,3232822.642501146
 02/25  15:00:00,8139297.545232557,1214909.9843026693,3646383.5003838846,0.0,418363.6140111518,2854891.5518925097
 02/25  16:00:00,7593619.860633807,1216117.3178041037,3581545.608602174,0.0,341423.1792504802,2449353.1426399495
 02/25  17:00:00,6349301.346942291,969701.7033228766,2778290.652479606,0.0,276023.8097039093,2317082.5452354904
 02/25  18:00:00,11576438.237520602,544238.9483643677,1527507.1045184636,0.0,347193.7118575305,9141093.200379422
 02/25  19:00:00,6555147.371780959,315811.6540221658,876409.0781748068,0.0,831918.4508497616,4510285.7393858265
 02/25  20:00:00,2833736.3009526962,121660.25167580691,336841.9519214402,0.0,940596.8149492103,1408734.2207207403
 02/25  21:00:00,2194534.7400701595,4293.364703894095,11878.068527577743,0.0,878082.7117061645,1264448.026467583
 02/25  22:00:00,1940891.7627218033,0.0,0.0,0.0,700157.9563221114,1198425.472313377
 02/25  23:00:00,1746880.9215662526,4553.8173258266615,0.0,0.0,615523.4780853727,1090107.6221005965
 02/25  24:00:00,1280613.7823644043,23773.45863465945,0.0,0.0,239477.10319259032,991891.8765464141
 02/26  01:00:00,1150786.8855477502,52518.68345077174,0.0,0.0,92208.30228349235,986200.8858546035
 02/26  02:00:00,870931.719907933,56659.187588826855,0.0,0.0,47510.71846471471,746902.7998955089
 02/26  03:00:00,874097.1622968353,66380.07865427952,0.0,0.0,47510.71846471471,740347.3512189586
 02/26  04:00:00,901082.0984559369,75431.01407736809,0.0,0.0,47510.71846471471,758281.3519549717
 02/26  05:00:00,1072909.9476377023,82603.06689837274,0.0,0.0,50107.45813788737,920340.4086425598
 02/26  06:00:00,1301682.630730759,88320.64585450666,0.0,0.0,95598.49019013444,1101789.9399800603
 02/26  07:00:00,1717097.4791434805,87710.87933140396,0.0,0.0,192351.086901679,1421925.3935938564
 02/26  08:00:00,2237328.1075813393,66790.60492121014,0.0,0.0,237553.5923235735,1918305.5087147732
 02/26  09:00:00,3553827.4049459556,29524.9117755648,0.0,0.0,452025.05421894556,3058030.755024421
 02/26  10:00:00,4067585.6148137455,3058.643648732867,0.0,0.0,254865.19014472465,3797573.6855670554
 02/26  11:00:00,4486716.795608498,0.0,0.0,0.0,47510.71846471471,4429708.2878591
 02/26  12:00:00,5021499.570086356,135156.7072168975,392436.86805285857,0.0,191485.5070106214,4295944.722384605
 02/26  13:00:00,5518352.972692249,377730.8225296576,1105453.7587673538,0.0,233706.57058553994,3796281.208472598
 02/26  14:00:00,5654463.743268526,598447.1265246563,1754497.7187253428,0.0,231783.0597165232,3064986.9436596627
 02/26  15:00:00,6202077.392119442,791840.9170239711,2306134.7682419815,0.0,325554.21458109166,2773798.5976300566
 02/26  16:00:00,7035429.598441173,887043.9291842706,2545824.388581674,0.0,439522.2335703365,3157858.434767792
 02/26  17:00:00,5318771.353353007,733823.9847598986,2057686.0104494737,0.0,504921.6031169073,2014137.1188263197
 02/26  18:00:00,4361822.804097729,490215.7170667129,1343296.910227697,0.0,646299.6519896414,1866036.9701076192
 02/26  19:00:00,3865146.9807767007,240044.46829189477,650501.953885227,0.0,831918.4508497616,2121527.94070666
 02/26  20:00:00,2533760.0775188454,42224.357183658445,114143.03450594614,0.0,940596.8149492103,1408734.2207207403
 02/26  21:00:00,2022870.938001459,0.0,0.0,0.0,774213.1247792579,1209371.5029991944
 02/26  22:00:00,1415566.505469466,505.07702370776246,0.0,0.0,374122.8640237656,995608.2064723696
 02/26  23:00:00,1102714.913339476,16994.632035930223,0.0,0.0,189177.29396780126,857256.677112738
 02/26  24:00:00,871703.5627518268,36980.93226872816,0.0,0.0,47510.71846471471,760013.6972486101
 02/27  01:00:00,995770.9079467155,66942.92695105905,0.0,0.0,47510.71846471471,861458.2485720592
 02/27  02:00:00,880392.5583526116,66120.02603350554,0.0,0.0,47510.71846471471,746902.7998955089
 02/27  03:00:00,880925.4889703272,73208.40532777143,0.0,0.0,47510.71846471471,740347.3512189586
 02/27  04:00:00,904674.6024316583,79023.51805308953,0.0,0.0,47510.71846471471,758281.3519549717
 02/27  05:00:00,1001499.4396297816,84446.0062775099,0.0,0.0,47510.71846471471,849683.7009286747
 02/27  06:00:00,1298934.0940122404,85572.10913598804,0.0,0.0,95598.49019013444,1101789.9399800603
 02/27  07:00:00,1711472.0612693154,82085.46145723917,0.0,0.0,192351.086901679,1421925.3935938564
 02/27  08:00:00,2322316.1390953604,64425.0414031391,0.0,0.0,284920.04747311195,1958292.648597327
 02/27  09:00:00,3195667.879062109,31542.131994289717,0.0,0.0,249094.65753767424,2900784.405603121
 02/27  10:00:00,4066480.888945195,1953.9177801822732,0.0,0.0,254865.19014472465,3797573.6855670554
 02/27  11:00:00,4272782.747775404,18899.258931059423,57450.55969961935,0.0,248132.90210316586,3938802.237756877
 02/27  12:00:00,5075003.5583463255,226730.41817623912,693294.6789096529,0.0,239477.10319259032,3909025.5926464684
 02/27  13:00:00,6025800.230141152,490088.15501556813,1500543.6837303464,0.0,233706.57058553994,3796281.208472598
 02/27  14:00:00,5592012.130458733,650118.3497064258,1992482.9228270713,0.0,47510.71846471471,2897151.2448181794
 02/27  15:00:00,7544511.663505147,803040.6928331587,2453913.0215907353,0.0,47510.71846471471,4235298.335974197
 02/27  16:00:00,7007825.452822709,838332.4493232933,2515585.0555442446,0.0,243324.12493062392,3405403.210687449
 02/27  17:00:00,4931084.493159929,697353.1957672043,2029090.5443340405,0.0,333248.2580571588,1863189.858801117
 02/27  18:00:00,3734697.5500635915,477997.68157589174,1353838.293559404,0.0,347193.7118575305,1539694.308364708
 02/27  19:00:00,5941666.241465309,362617.7440749574,1009339.2947908636,0.0,831918.4508497616,3716636.5847065686
 02/27  20:00:00,2871232.338493549,130697.45644064934,363142.1962236584,0.0,940596.8149492103,1408734.2207207403
 02/27  21:00:00,1602717.5671414456,15005.34149028446,41679.61883558735,0.0,462604.3639985379,1044141.9325940296
 02/27  22:00:00,1415061.4284457583,0.0,0.0,0.0,374122.8640237656,995608.2064723696
 02/27  23:00:00,1085720.281303546,0.0,0.0,0.0,189177.29396780126,857256.677112738
 02/27  24:00:00,840612.7134552663,5890.0829721678365,0.0,0.0,47510.71846471471,760013.6972486101
 02/28  01:00:00,955729.7455528382,26901.764557181763,0.0,0.0,47510.71846471471,861458.2485720592
 02/28  02:00:00,843040.3595125319,28767.827193425735,0.0,0.0,47510.71846471471,746902.7998955089
 02/28  03:00:00,842736.484697502,35019.40105494628,0.0,0.0,47510.71846471471,740347.3512189586
 02/28  04:00:00,867862.6254039572,42211.54102538847,0.0,0.0,47510.71846471471,758281.3519549717
 02/28  05:00:00,964947.9651276602,47894.531775388416,0.0,0.0,47510.71846471471,849683.7009286747
 02/28  06:00:00,1136771.5360410684,52177.416053678724,0.0,0.0,47510.71846471471,1021109.8468166171
 02/28  07:00:00,1418621.0023131908,52395.476824017576,0.0,0.0,47510.71846471471,1303604.6877079178
 02/28  08:00:00,2386050.6148087177,40805.92208440442,0.0,0.0,332286.5026226504,1998279.7884798807
 02/28  09:00:00,3540695.430081119,16392.936910728095,0.0,0.0,452025.05421894556,3058030.755024421
 02/28  10:00:00,4419109.347220279,0.0,0.0,0.0,461642.6085640295,3945378.6432030164
 02/28  11:00:00,4773719.982826823,77014.20734779729,238028.48545489414,0.0,398888.0664623568,4050291.434277092
 02/28  12:00:00,5633600.917201951,359128.5448527978,1119493.91108872,0.0,239477.10319259032,3909025.5926464684
 02/28  13:00:00,6733410.577427531,656582.7274600843,2041659.4585722084,0.0,233706.57058553994,3796281.208472598
 02/28  14:00:00,6854391.673889741,872542.988931531,2680329.786939682,0.0,231783.0597165232,3064986.9436596627
 02/28  15:00:00,6855157.992854299,977083.0313009046,2947875.6083924193,0.0,232744.81515103157,2692705.6433676034
 02/28  16:00:00,6402626.798642949,962500.2431915202,2831682.3916269867,0.0,243324.12493062392,2359939.426556719
 02/28  17:00:00,5278270.347045267,771150.1235999792,2194939.268691621,0.0,390472.70641040825,1913505.612142851
 02/28  18:00:00,8379253.762526754,630698.6486156512,1736788.9550772056,0.0,496746.68192358594,5499045.922204254
 02/28  19:00:00,5256710.902612006,337236.3762784632,917906.2910088062,0.0,831918.4508497616,3148495.617431817
 02/28  20:00:00,7175974.016618501,64027.28254602151,174146.9797576784,0.0,940596.8149492103,5969141.289206302
 02/28  21:00:00,10158668.296140028,0.0,0.0,0.0,878082.7117061645,9241299.274210857
 02/28  22:00:00,2346358.8116197856,0.0,0.0,0.0,374122.8640237656,1926905.5896463972
 02/28  23:00:00,1311854.857027969,6891.366386859667,0.0,0.0,330843.8694708878,934833.310947215
 02/28  24:00:00,1019823.0261063188,26302.947428766718,0.0,0.0,119353.8494224918,846968.0144852865
 03/01  01:00:00,1052839.8925184084,59353.91869591344,0.0,0.0,47510.71846471471,930287.1082924102
 03/01  02:00:00,938535.935982952,61560.26918486527,0.0,0.0,47510.71846471471,813776.8012680018
 03/01  03:00:00,940743.5014042984,72278.14163061952,0.0,0.0,47510.71846471471,805266.4942435939
 03/01  04:00:00,963053.1021697553,81730.42473923822,0.0,0.0,47510.71846471471,818123.8119004322
 03/01  05:00:00,1047135.8533590734,88852.98422797999,0.0,0.0,47510.71846471471,895084.0036010087
 03/01  06:00:00,1199077.2796276791,94290.45780586863,0.0,0.0,47510.71846471471,1044657.3763697329
 03/01  07:00:00,3199388.7703654254,90217.48851377613,0.0,0.0,82759.05513944739,3014475.5930755073
 03/01  08:00:00,3648549.5443468546,72522.8659143087,0.0,0.0,370275.84228573204,3194155.2491854536
 03/01  09:00:00,3449123.0496649006,73019.73907226541,0.0,0.0,143974.78854590672,3220873.981760702
 03/01  10:00:00,3734320.9711888363,56239.28175839864,0.0,0.0,243324.12493062392,3425208.257590458
 03/01  11:00:00,3698549.8281894815,40304.781233942704,0.0,0.0,142051.2776768899,3508690.7424212974
 03/01  12:00:00,4592471.871590066,28305.925627953355,0.0,0.0,92617.04834315841,4466433.197488942
 03/01  13:00:00,3659027.2849767534,7343.941684578578,0.0,0.0,222165.50537143924,3425425.277816726
 03/01  14:00:00,2751618.8315066965,2065.5300036687804,0.0,0.0,47510.71846471471,2698291.069609638
 03/01  15:00:00,2432637.2906255187,3598.3593411808706,0.0,0.0,47510.71846471471,2377776.699390948
 03/01  16:00:00,2133166.3456108663,11443.4202130486,0.0,0.0,47510.71846471471,2070119.646829093
 03/01  17:00:00,1973742.2209112947,18855.42631647819,0.0,0.0,251018.16840669108,1697388.7393567767
 03/01  18:00:00,1818378.1104254567,33258.300640182664,0.0,0.0,305838.22817366954,1466662.8546242416
 03/01  19:00:00,4627923.192248498,40986.01823658551,0.0,0.0,475107.184647147,4095118.7022733926
 03/01  20:00:00,6492600.70991583,44523.88054280912,0.0,0.0,873273.9345336225,5552634.8609426785
 03/01  21:00:00,3429242.641461256,71434.68098845154,0.0,0.0,883853.2443132149,2442919.468704183
 03/01  22:00:00,1990060.993806534,94872.87251554398,0.0,0.0,753054.5052200732,1106323.715160833
 03/01  23:00:00,1619368.9272591714,106558.15464688197,0.0,0.0,468374.89660558826,1013400.628551295
 03/01  24:00:00,1159105.8547492633,115559.57085863,0.0,0.0,143301.55974175083,878758.7836028321
 03/02  01:00:00,1134407.9322532148,140921.95843071994,0.0,0.0,47510.71846471471,930287.1082924102
 03/02  02:00:00,1097082.6675729367,130107.00077485014,90000.0,0.0,47510.71846471471,813776.8012680018
 03/02  03:00:00,1182736.4224860698,134271.06271239123,180000.0,0.0,47510.71846471471,805266.4942435939
 03/02  04:00:00,1200702.560864375,139379.88343385782,180000.0,0.0,47510.71846471471,818123.8119004322
 03/02  05:00:00,1282630.9253891557,144348.05625806213,180000.0,0.0,47510.71846471471,895084.0036010087
 03/02  06:00:00,1432636.00442193,147849.1826001196,180000.0,0.0,47510.71846471471,1044657.3763697329
 03/02  07:00:00,2770866.070117037,140130.7387684425,90000.0,0.0,188504.0651636454,2340294.6325482544
 03/02  08:00:00,2149464.1222433886,124414.76490834494,0.0,0.0,231783.0597165232,1781670.7106571603
 03/02  09:00:00,3304060.2542893426,82034.83414392175,0.0,0.0,240438.85862709873,2970332.0212322953
 03/02  10:00:00,9767940.651930626,50720.59708366107,0.0,0.0,340942.301533226,9366728.446404383
 03/02  11:00:00,6589730.370017843,10235.746081764699,0.0,0.0,426057.6574872189,6145933.93959151
 03/02  12:00:00,4026722.9173671007,0.0,0.0,0.0,408746.0596660678,3612861.157571021
 03/02  13:00:00,3899238.8019589875,65546.75667190623,182008.70199490682,0.0,222165.50537143924,3425425.277816726
 03/02  14:00:00,3735522.7536006477,191330.5641906766,533018.1439576993,0.0,220241.99450242243,2787180.5375211732
 03/02  15:00:00,3595296.301066108,239653.61918505465,667903.4783439115,0.0,221203.74993693084,2462783.940171536
 03/02  16:00:00,3375596.620968976,258727.53336951492,717349.4952371435,0.0,227936.03797848956,2167490.994279818
 03/02  17:00:00,2855944.4548997562,197987.41087919282,543843.591465675,0.0,352964.2444645809,1754669.321258959
 03/02  18:00:00,3237721.8597734566,114463.3540307227,311394.1115184456,0.0,564550.4400564277,2234695.2271804973
 03/02  19:00:00,2203323.8046864965,2656.7121035962523,7206.9542259864265,0.0,731895.8856608884,1444852.9656046527
 03/02  20:00:00,1765565.919195079,0.0,0.0,0.0,563829.1234805464,1179568.7618178136
 03/02  21:00:00,1813614.1743612832,9248.635727737037,0.0,0.0,674671.437307639,1098658.8538705013
 03/02  22:00:00,1924950.8993906248,29762.77809963481,0.0,0.0,753054.5052200732,1106323.715160833
 03/02  23:00:00,1132904.283570266,53434.22055367254,0.0,0.0,152630.5874564823,895804.228104705
 03/02  24:00:00,972326.3082106652,72532.23388308194,0.0,0.0,47510.71846471471,830797.4153168182
 03/03  01:00:00,1094272.3027628905,100786.3289403955,0.0,0.0,47510.71846471471,930287.1082924102
 03/03  02:00:00,973464.9418554638,96489.27505737718,0.0,0.0,47510.71846471471,813776.8012680018
 03/03  03:00:00,968686.9070874557,100562.59398911122,0.0,0.0,47510.71846471471,805266.4942435939
 03/03  04:00:00,986647.7534187714,105666.12266358841,0.0,0.0,47510.71846471471,818123.8119004322
 03/03  05:00:00,1068221.1627402296,109938.29360913631,0.0,0.0,47510.71846471471,895084.0036010087
 03/03  06:00:00,1220114.0061206715,112598.81089618808,0.0,0.0,47510.71846471471,1044657.3763697329
 03/03  07:00:00,1469316.7759751845,110078.14188351357,0.0,0.0,47510.71846471471,1296721.8619122547
 03/03  08:00:00,2617341.1972036557,84137.86685482968,0.0,0.0,139646.88909061893,2379573.5275695072
 03/03  09:00:00,5188048.612767964,27602.86273860472,0.0,0.0,385423.4903792393,4762744.5793380905
 03/03  10:00:00,6363495.755200978,0.0,0.0,0.0,438560.47813582805,5914703.876805127
 03/03  11:00:00,4259706.273346145,51335.88360894755,154861.30517313193,0.0,426057.6574872189,3619266.3068688274
 03/03  12:00:00,5351978.872230737,328045.824250428,996869.0839378741,0.0,408746.0596660678,3612861.157571021
 03/03  13:00:00,6293249.633265935,639057.3478447904,1937432.8809039316,0.0,265684.9387829441,3446981.9056302593
 03/03  14:00:00,6713898.75690713,893067.5272648952,2678654.4611284393,0.0,306799.983608178,2831625.271476941
 03/03  15:00:00,7112530.323082785,1055548.568594088,3110867.807737917,0.0,395281.48358295026,2547080.9497391535
 03/03  16:00:00,6807681.799571725,1064233.9991901487,3064915.5641835565,0.0,408746.0596660678,2265693.6164279412
 03/03  17:00:00,7377990.494611945,895901.6886370725,2503259.863115442,0.0,454910.32052247075,3517438.7355056116
 03/03  18:00:00,8315845.125809906,671511.9813997315,1829115.59479244,0.0,564550.4400564277,5237707.33589861
 03/03  19:00:00,12933979.25661008,156632.83869713676,425988.93731969903,0.0,731895.8856608884,11603091.35451632
 03/03  20:00:00,6835148.005381437,0.0,0.0,0.0,873273.9345336225,5941411.270327767
 03/03  21:00:00,2075962.9628117783,0.0,0.0,0.0,883853.2443132149,1163802.8444458307
 03/03  22:00:00,1892800.7945636513,0.0,0.0,0.0,753054.5052200732,1106323.715160833
 03/03  23:00:00,1520035.160636982,9270.668076697264,0.0,0.0,468374.89660558826,1013400.628551295
 03/03  24:00:00,963119.9897693492,28752.049752340034,0.0,0.0,71458.42878397374,842787.7573883217
 03/04  01:00:00,1051394.541935205,57908.56811270999,0.0,0.0,47510.71846471471,930287.1082924102
 03/04  02:00:00,936657.1173520546,59681.45055396791,0.0,0.0,47510.71846471471,813776.8012680018
 03/04  03:00:00,938365.5223814594,70241.20928311476,0.0,0.0,47510.71846471471,805266.4942435939
 03/04  04:00:00,961769.5659414438,80787.9351862608,0.0,0.0,47510.71846471471,818123.8119004322
 03/04  05:00:00,1048606.092744897,90323.22361380332,0.0,0.0,47510.71846471471,895084.0036010087
 03/04  06:00:00,1205211.015241926,97695.82001744278,0.0,0.0,47510.71846471471,1044657.3763697329
 03/04  07:00:00,1456725.347321251,97486.71322957973,0.0,0.0,47510.71846471471,1296721.8619122547
 03/04  08:00:00,1837414.7623256007,77561.40994868506,0.0,0.0,47510.71846471471,1698359.7202235016
 03/04  09:00:00,4357593.594920093,30741.349301124956,0.0,0.0,47510.71846471471,4267063.846842226
 03/04  10:00:00,4301986.1291046,0.0,0.0,0.0,438560.47813582805,3853194.250708748
 03/04  11:00:00,4282327.32578668,58147.734313558714,170670.50690905628,0.0,426057.6574872189,3619266.3068688274
 03/04  12:00:00,4896199.132327739,301658.5657552866,893827.6866417464,0.0,182829.70810004586,3512426.4250253146
 03/04  13:00:00,5869658.04194216,626014.7626673728,1852720.190659041,0.0,47510.71846471471,3339319.810047021
 03/04  14:00:00,6230186.012865065,867905.9086041674,2547321.616770559,0.0,90693.53747414163,2720513.436587522
 03/04  15:00:00,6418497.193034597,1024329.9965644237,2965128.265185835,0.0,47510.71846471471,2377776.699390948
 03/04  16:00:00,6154661.539881217,1048598.7705018886,2984339.8439815114,0.0,47510.71846471471,2070119.646829093
 03/04  17:00:00,4841628.615276209,846797.9866130382,2358012.447814696,0.0,47510.71846471471,1582827.575552412
 03/04  18:00:00,3623208.6791941207,547526.8570595066,1493855.1187843056,0.0,176674.47331919213,1392192.4563684196
 03/04  19:00:00,2620533.217902328,251311.58146559226,680025.6339615098,0.0,389510.95097589993,1283314.8110832875
 03/04  20:00:00,2060613.1545141176,42380.05256166999,114776.13969511782,0.0,666977.3938315718,1216016.7679057098
 03/04  21:00:00,2075962.9628117783,0.0,0.0,0.0,883853.2443132149,1163802.8444458307
 03/04  22:00:00,1892800.7945636513,0.0,0.0,0.0,753054.5052200732,1106323.715160833
 03/04  23:00:00,945265.2255724855,12437.203314327006,0.0,0.0,47510.71846471471,856328.3363900423
 03/04  24:00:00,928044.4131001494,29614.525473902715,0.0,0.0,47510.71846471471,830797.4153168182
 03/05  01:00:00,1048145.8532269942,54659.87940449914,0.0,0.0,47510.71846471471,930287.1082924102
 03/05  02:00:00,931244.4133323819,54268.74653429503,0.0,0.0,47510.71846471471,813776.8012680018
 03/05  03:00:00,930143.2828815398,61677.92310786097,0.0,0.0,47510.71846471471,805266.4942435939
 03/05  04:00:00,951072.6358440468,69749.95841352979,0.0,0.0,47510.71846471471,818123.8119004322
 03/05  05:00:00,1033267.4345026861,74984.56537159267,0.0,0.0,47510.71846471471,895084.0036010087
 03/05  06:00:00,1822905.0566640387,78559.92271305187,0.0,0.0,47510.71846471471,1684215.6884989091
 03/05  07:00:00,3038273.471175218,71165.93174050565,0.0,0.0,188504.0651636454,2766666.840634372
 03/05  08:00:00,1887237.9612871706,62876.1027162272,0.0,0.0,93578.80377766682,1719187.4678319162
 03/05  09:00:00,2648618.645844446,28278.37259594967,0.0,0.0,47510.71846471471,2561575.014497755
 03/05  10:00:00,3410307.6965328194,1070.5434548889389,0.0,0.0,47510.71846471471,3352177.12770386
 03/05  11:00:00,3739706.611276328,52595.54678309503,160224.75040423684,0.0,47510.71846471471,3471872.56876693
 03/05  12:00:00,5060560.259987267,349895.48272696,1075652.475331999,0.0,137723.37822160212,3492173.2235766933
 03/05  13:00:00,6487581.07347915,695271.8500182158,2140625.8801687593,0.0,222165.50537143924,3425425.277816726
 03/05  14:00:00,6790305.330572696,964291.4391784975,2945650.2179165487,0.0,133876.35648356855,2742735.803565406
 03/05  15:00:00,7012541.552258935,1141542.4320104667,3441960.1889641318,0.0,47510.71846471471,2377776.699390948
 03/05  16:00:00,6927438.986307237,1193959.6693984205,3542307.224769875,0.0,92617.04834315841,2094462.4836917743
 03/05  17:00:00,6610300.940032664,1035021.1080607594,3001301.4613324758,0.0,251018.16840669108,2316480.315401389
 03/05  18:00:00,5782982.139163192,784596.1207264033,2218753.0332906465,0.0,305838.22817366954,2461176.0299851107
 03/05  19:00:00,3335243.7266469207,433777.28898810456,1211929.3885082558,0.0,389510.95097589993,1283314.8110832875
 03/05  20:00:00,2981059.4479090204,210856.18816313916,585848.511234038,0.0,873273.9345336225,1288912.7800815024
 03/05  21:00:00,2278661.2491368037,52995.616128623726,146974.29679372875,0.0,883853.2443132149,1163802.8444458307
 03/05  22:00:00,1895188.12129099,0.0,0.0,0.0,753054.5052200732,1106323.715160833
 03/05  23:00:00,1224065.8237230235,0.0,0.0,0.0,257750.45644824984,935280.1198193677
 03/05  24:00:00,901941.0740427551,2146.999715171815,0.0,0.0,47510.71846471471,830797.4153168182
 03/06  01:00:00,1019340.2778708244,25854.304048329446,0.0,0.0,47510.71846471471,930287.1082924102
 03/06  02:00:00,906232.6509294868,29256.984131400197,0.0,0.0,47510.71846471471,813776.8012680018
 03/06  03:00:00,908593.422104562,40128.062330883324,0.0,0.0,47510.71846471471,805266.4942435939
 03/06  04:00:00,931342.9128801413,50020.23544962424,0.0,0.0,47510.71846471471,818123.8119004322
 03/06  05:00:00,2715376.048992142,51604.34751657884,0.0,0.0,47510.71846471471,2600572.8359454786
 03/06  06:00:00,2608503.789875285,53607.209123621804,0.0,0.0,117093.72415139707,2425184.129612903
 03/06  07:00:00,1797334.5880277809,61636.54332669887,0.0,0.0,328920.35860187106,1394841.0524625161
 03/06  08:00:00,2338312.0040489654,46004.844067621925,0.0,0.0,416440.10314213496,1864271.469877848
 03/06  09:00:00,3534931.047514647,22156.275622484405,0.0,0.0,240438.85862709873,3261081.3729790375
 03/06  10:00:00,3678836.7192830807,755.0298526431062,0.0,0.0,243324.12493062392,3425208.257590458
 03/06  11:00:00,3883135.6455580583,23715.770092318922,69816.09564365786,0.0,236591.83688906513,3545508.916075665
 03/06  12:00:00,4692926.34017521,234761.15461711108,692433.8209756613,0.0,227936.03797848956,3532679.6264739353
 03/06  13:00:00,5825364.1559291575,553061.4271656033,1620619.3854713796,0.0,222165.50537143924,3425425.277816726
 03/06  14:00:00,5995259.013864251,765406.6922508746,2218678.2761611044,0.0,220241.99450242243,2787180.5375211732
 03/06  15:00:00,6116755.835123643,888286.3160861671,2540730.315500334,0.0,221203.74993693084,2462783.940171536
 03/06  16:00:00,6053998.974021111,917345.0032999723,2585042.037785962,0.0,273138.54340038414,2274380.8294307822
 03/06  17:00:00,8823420.469156155,836977.1698190477,2321837.038262865,0.0,403937.2824935258,5254189.091749368
 03/06  18:00:00,4854167.987938917,556689.755246862,1527092.974062757,0.0,564550.4400564277,2193216.0915855085
 03/06  19:00:00,3188166.286340645,267027.3494809676,727678.7985027638,0.0,731895.8856608884,1444852.9656046527
 03/06  20:00:00,2387287.638156687,54567.29202001074,148365.59762483268,0.0,873273.9345336225,1288912.7800815024
 03/06  21:00:00,2078691.3362144514,0.0,0.0,0.0,883853.2443132149,1163802.8444458307
 03/06  22:00:00,1426598.7616955237,862.2672301020247,0.0,0.0,400090.26075549226,989836.3327998455
 03/06  23:00:00,955327.8231666032,20453.52085644014,0.0,0.0,47510.71846471471,856328.3363900423
 03/06  24:00:00,942122.8481977014,42328.77387011816,0.0,0.0,47510.71846471471,830797.4153168182
 03/07  01:00:00,1070724.5873944813,77238.61357198632,0.0,0.0,47510.71846471471,930287.1082924102
 03/07  02:00:00,953783.3704030938,76807.7036050071,0.0,0.0,47510.71846471471,813776.8012680018
 03/07  03:00:00,954234.9082304373,85769.54845675861,0.0,0.0,47510.71846471471,805266.4942435939
 03/07  04:00:00,974490.9372971114,93168.2598665944,0.0,0.0,47510.71846471471,818123.8119004322
 03/07  05:00:00,1055846.6702661042,97563.80113501068,0.0,0.0,47510.71846471471,895084.0036010087
 03/07  06:00:00,1204956.0118607897,100169.1900389792,0.0,0.0,47510.71846471471,1044657.3763697329
 03/07  07:00:00,1644388.9485816988,98166.79259397325,0.0,0.0,188504.0651636454,1345781.4571873853
 03/07  08:00:00,1842152.1260537799,84686.10040420295,0.0,0.0,47510.71846471471,1698359.7202235016
 03/07  09:00:00,2678205.2670737123,57864.99382521639,0.0,0.0,47510.71846471471,2561575.014497755
 03/07  10:00:00,3441230.488863402,31993.33578547195,0.0,0.0,47510.71846471471,3352177.12770386
 03/07  11:00:00,3534900.3507581986,8014.036669202503,0.0,0.0,47510.71846471471,3471872.56876693
 03/07  12:00:00,3505186.5790733453,893.3397991663686,0.0,0.0,47510.71846471471,3451666.820679452
 03/07  13:00:00,3651683.343292175,0.0,0.0,0.0,222165.50537143924,3425425.277816726
 03/07  14:00:00,3411790.600183171,105268.11002050687,295348.44471039285,0.0,220241.99450242243,2787180.5375211732
 03/07  15:00:00,3579901.7825943,234910.44683262293,657252.1322245343,0.0,221203.74993693084,2462783.940171536
 03/07  16:00:00,3272402.279280751,230837.283427469,642045.4034909647,0.0,227936.03797848956,2167490.994279818
 03/07  17:00:00,6680175.408534022,91293.33808325531,252274.13918136398,0.0,454910.32052247075,5875217.7239155825
 03/07  18:00:00,6611740.010739575,0.0,0.0,0.0,499872.3870857381,6099248.896666475
 03/07  19:00:00,1941498.593753737,0.0,0.0,0.0,560703.4183183941,1364083.88834397
 03/07  20:00:00,2185844.7229655385,1489.9744536953508,0.0,0.0,873273.9345336225,1288912.7800815024
 03/07  21:00:00,2096056.2196849007,17364.883470449295,0.0,0.0,883853.2443132149,1163802.8444458307
 03/07  22:00:00,1931473.7593512877,36285.63806029792,0.0,0.0,753054.5052200732,1106323.715160833
 03/07  23:00:00,1277009.1202578126,52943.29653478906,0.0,0.0,257750.45644824984,935280.1198193677
 03/07  24:00:00,1074685.1520258486,67076.92052597791,0.0,0.0,119353.8494224918,866768.4415313287
 03/08  01:00:00,1086021.592180888,92535.61835839303,0.0,0.0,47510.71846471471,930287.1082924102
 03/08  02:00:00,963295.3346832015,86319.66788511496,0.0,0.0,47510.71846471471,813776.8012680018
 03/08  03:00:00,959649.8374977836,91184.4777241048,0.0,0.0,47510.71846471471,805266.4942435939
 03/08  04:00:00,977691.8295343559,96369.15210383889,0.0,0.0,47510.71846471471,818123.8119004322
 03/08  05:00:00,1073119.4975064811,101100.59453254961,0.0,0.0,49722.75596408402,906607.9999444773
 03/08  06:00:00,2296539.2786471867,97663.49164743129,0.0,0.0,117093.72415139707,2069163.335860995
 03/08  07:00:00,1835820.9384444528,100122.89374337089,0.0,0.0,328920.35860187106,1394841.0524625161
 03/08  08:00:00,2178870.6741561787,87006.86615956012,0.0,0.0,277947.32057292614,1802320.9004623322
 03/08  09:00:00,2948546.070034723,54862.87418717253,0.0,0.0,240438.85862709873,2641989.7969344254
 03/08  10:00:00,3695510.0683958475,17428.37896540996,0.0,0.0,243324.12493062392,3425208.257590458
 03/08  11:00:00,3789603.7798220813,0.0,0.0,0.0,236591.83688906513,3545508.916075665
 03/08  12:00:00,3765731.364582437,0.0,0.0,0.0,227936.03797848956,3532679.6264739353
 03/08  13:00:00,4357429.601465133,183937.29879884337,521808.9593741145,0.0,222165.50537143924,3425425.277816726
 03/08  14:00:00,3972822.180244698,319049.80708242755,904219.0716592425,0.0,47510.71846471471,2698291.069609638
 03/08  15:00:00,4482614.996372394,470839.88334020216,1324035.9094950499,0.0,221203.74993693084,2462783.940171536
 03/08  16:00:00,4390994.506262984,525830.9229490443,1465643.990951622,0.0,227936.03797848956,2167490.994279818
 03/08  17:00:00,3454425.1919742916,398181.8613647747,1101356.5360147005,0.0,251018.16840669108,1697388.7393567767
 03/08  18:00:00,2589671.9852678664,214792.4320783666,589759.7434042257,0.0,305838.22817366954,1466662.8546242416
 03/08  19:00:00,2361466.6727660485,44970.62259731202,123035.91181182287,0.0,731895.8856608884,1444852.9656046527
 03/08  20:00:00,2184354.7485118434,0.0,0.0,0.0,873273.9345336225,1288912.7800815024
 03/08  21:00:00,2079671.8605135954,980.5242991440655,0.0,0.0,883853.2443132149,1163802.8444458307
 03/08  22:00:00,1212967.2602874,21764.2281478609,0.0,0.0,223800.48961010348,931592.6416193518
 03/08  23:00:00,980464.898092663,45590.59578249983,0.0,0.0,47510.71846471471,856328.3363900423
 03/08  24:00:00,963965.3052837425,64171.23095615921,0.0,0.0,47510.71846471471,830797.4153168182
 03/09  01:00:00,1086767.0985837374,93281.12476124242,0.0,0.0,47510.71846471471,930287.1082924102
 03/09  02:00:00,964430.0692692986,87454.40247121199,0.0,0.0,47510.71846471471,813776.8012680018
 03/09  03:00:00,960496.6686926705,92031.30891899182,0.0,0.0,47510.71846471471,805266.4942435939
 03/09  04:00:00,978922.4130438128,97599.73561329572,0.0,0.0,47510.71846471471,818123.8119004322
 03/09  05:00:00,1061280.5469004586,102997.67776936508,0.0,0.0,47510.71846471471,895084.0036010087
 03/09  06:00:00,1211668.969653138,106882.14783132744,0.0,0.0,47510.71846471471,1044657.3763697329
 03/09  07:00:00,1652858.1077367286,106635.9517490034,0.0,0.0,188504.0651636454,1345781.4571873853
 03/09  08:00:00,2113890.0048648138,88840.64752977015,0.0,0.0,231783.0597165232,1781670.7106571603
 03/09  09:00:00,3149947.2218270404,50968.30739984676,0.0,0.0,385423.4903792393,2702300.883761928
 03/09  10:00:00,4946735.6979686525,5873.350085544022,0.0,0.0,438560.47813582805,4492752.562837925
 03/09  11:00:00,4052826.991213397,0.0,0.0,0.0,426057.6574872189,3619266.3068688274
 03/09  12:00:00,4238412.591566801,71619.82489539898,205317.73750046792,0.0,363543.5542441733,3592815.7747967495
 03/09  13:00:00,4981525.077242795,343578.98674865946,986262.747201961,0.0,222165.50537143924,3425425.277816726
 03/09  14:00:00,5173913.751434382,557221.8348987745,1605517.8710833364,0.0,220241.99450242243,2787180.5375211732
 03/09  15:00:00,4896848.695507972,567056.6349914656,1642052.856979363,0.0,221203.74993693084,2462783.940171536
 03/09  16:00:00,8356339.23304957,547495.4510202117,1571974.3168919825,0.0,227936.03797848956,6004840.867054876
 03/09  17:00:00,6726668.312919544,355232.8321759446,1005571.0214598427,0.0,251018.16840669108,5108366.404045717
 03/09  18:00:00,2434523.6288271137,90339.21327409969,253324.84947193868,0.0,499872.38708573824,1578368.4520079743
 03/09  19:00:00,2206166.276984468,3353.5279411127603,9352.610686441334,0.0,731895.8856608884,1444852.9656046527
 03/09  20:00:00,2184354.7485118434,0.0,0.0,0.0,873273.9345336225,1288912.7800815024
 03/09  21:00:00,2079289.085437886,597.7492234344394,0.0,0.0,883853.2443132149,1163802.8444458307
 03/09  22:00:00,1907850.301066483,12662.179775492834,0.0,0.0,753054.5052200732,1106323.715160833
 03/09  23:00:00,1468516.7894583489,27892.254068376016,0.0,0.0,415718.78656625364,993870.5013683132
 03/09  24:00:00,941317.7381423262,41523.66381474286,0.0,0.0,47510.71846471471,830797.4153168182
 03/10  01:00:00,1053979.2658151758,60493.291992680795,0.0,0.0,47510.71846471471,930287.1082924102
 03/10  02:00:00,932902.5404895244,55926.87369143774,0.0,0.0,47510.71846471471,813776.8012680018
 03/10  03:00:00,925530.3654056094,57406.05230726477,0.0,0.0,47510.71846471471,805266.4942435939
 03/10  04:00:00,938860.7203467451,57879.08959156208,0.0,0.0,47510.71846471471,818123.8119004322
 03/10  05:00:00,1016476.092689919,58193.2235588255,0.0,0.0,47510.71846471471,895084.0036010087
 03/10  06:00:00,1166635.8172414391,59120.62201695576,0.0,0.0,47510.71846471471,1044657.3763697329
 03/10  07:00:00,1416298.5524793603,57059.91838768928,0.0,0.0,47510.71846471471,1296721.8619122547
 03/10  08:00:00,2071027.2231159187,43590.539053536064,0.0,0.0,231783.0597165232,1781670.7106571603
 03/10  09:00:00,2926028.74759622,31322.411722667286,0.0,0.0,240438.85862709873,2641989.7969344254
 03/10  10:00:00,3434086.254663419,24167.008234820387,0.0,0.0,47510.71846471471,3352177.12770386
 03/10  11:00:00,3540914.490683214,13346.083243549443,0.0,0.0,47510.71846471471,3471872.56876693
 03/10  12:00:00,3511355.787767127,6721.501817614485,0.0,0.0,47510.71846471471,3451666.820679452
 03/10  13:00:00,3651683.343292175,0.0,0.0,0.0,222165.50537143924,3425425.277816726
 03/10  14:00:00,3011174.0454522716,0.0,0.0,0.0,220241.99450242243,2787180.5375211732
 03/10  15:00:00,2687739.2035371424,0.0,0.0,0.0,221203.74993693084,2462783.940171536
 03/10  16:00:00,2399519.5923623173,0.0,0.0,0.0,227936.03797848956,2167490.994279818
 03/10  17:00:00,1954886.7945948164,0.0,0.0,0.0,251018.16840669108,1697388.7393567767
 03/10  18:00:00,1887374.1085592085,0.0,0.0,0.0,370516.28114435903,1503898.0537521525
 03/10  19:00:00,1689196.0024752258,0.0,0.0,0.0,389510.95097589993,1283314.8110832875
 03/10  20:00:00,1627725.6000334779,3461.1906539913166,0.0,0.0,460680.8531295211,1143120.7557299174
 03/10  21:00:00,1680567.7791983958,16093.5127579756,0.0,0.0,570080.5338048511,1066086.8585828363
 03/10  22:00:00,1918283.6972001689,25482.902636517472,0.0,0.0,753054.5052200732,1106323.715160833
 03/10  23:00:00,1262381.485489184,40361.94181816538,0.0,0.0,257750.45644824984,935280.1198193677
 03/10  24:00:00,1021940.3756011918,51634.38319342,0.0,0.0,95406.13910323277,854778.0994598252
 03/11  01:00:00,937361.6528365066,60385.98603841983,0.0,0.0,47510.71846471471,813776.8012680018
 03/11  02:00:00,935200.7925910234,67076.4794926788,0.0,0.0,47510.71846471471,805266.4942435939
 03/11  03:00:00,953343.6671701521,72362.03641496922,0.0,0.0,47510.71846471471,818123.8119004322
 03/11  04:00:00,1035077.1027207694,76794.23358967584,0.0,0.0,47510.71846471471,895084.0036010087
 03/11  05:00:00,1188024.2825939977,80509.08736951405,0.0,0.0,47510.71846471471,1044657.3763697329
 03/11  06:00:00,1442100.0482467348,82861.41415506364,0.0,0.0,47510.71846471471,1296721.8619122547
 03/11  07:00:00,1905407.9713775776,78658.78607929498,0.0,0.0,93578.80377766682,1719187.4678319162
 03/11  08:00:00,2952339.4222511607,57633.08637760808,0.0,0.0,240438.85862709873,2641989.7969344254
 03/11  09:00:00,3706442.8865338834,27679.103752777646,0.0,0.0,243324.12493062392,3425208.257590458
 03/11  10:00:00,3792030.630870817,1744.7576980671863,0.0,0.0,236591.83688906513,3545508.916075665
 03/11  11:00:00,3766072.411257771,0.0,0.0,0.0,227936.03797848956,3532679.6264739353
 03/11  12:00:00,4642846.278920129,247586.75462240784,743576.1810055468,0.0,222165.50537143924,3425425.277816726
 03/11  13:00:00,5205802.845650675,548915.3796335636,1645713.4205648387,0.0,220241.99450242243,2787180.5375211732
 03/11  14:00:00,5454952.784813958,762044.6949874964,2263869.158542124,0.0,47510.71846471471,2377776.699390948
 03/11  15:00:00,5610985.261010312,869397.9370260986,2550415.231845271,0.0,92617.04834315841,2094462.4836917743
 03/11  16:00:00,5165799.506611922,823317.7899186695,2387594.9220984364,0.0,251018.16840669108,1697388.7393567767
 03/11  17:00:00,4169388.110214457,615832.0640038704,1768095.189749978,0.0,305838.22817366954,1466662.8546242416
 03/11  18:00:00,3103892.454311845,367701.8419794325,1046994.6098571869,0.0,389510.95097589993,1283314.8110832875
 03/11  19:00:00,2181423.311049933,145209.61264126413,411949.2890291821,0.0,460680.8531295211,1143120.7557299174
 03/11  20:00:00,1004674.989967873,6682.246178820065,18948.269127092688,0.0,47510.71846471471,903226.8821445124
 03/11  21:00:00,954282.2430863179,0.0,0.0,0.0,47510.71846471471,873348.9504388581
 03/11  22:00:00,934334.507005328,1506.4847471694695,0.0,0.0,47510.71846471471,856328.3363900423
 03/11  23:00:00,913054.7591500682,14624.871523821483,0.0,0.0,47510.71846471471,830797.4153168182
 03/11  24:00:00,1033019.3817430378,39533.40792054287,0.0,0.0,47510.71846471471,930287.1082924102
 03/12  01:00:00,917041.3995535063,40065.7327554195,0.0,0.0,47510.71846471471,813776.8012680018
 03/12  02:00:00,915690.5717001408,47225.21192646209,0.0,0.0,47510.71846471471,805266.4942435939
 03/12  03:00:00,934978.2004140476,53655.522983530434,0.0,0.0,47510.71846471471,818123.8119004322
 03/12  04:00:00,1017251.2795565496,58968.41042545607,0.0,0.0,47510.71846471471,895084.0036010087
 03/12  05:00:00,1168175.6097318367,63388.78791002618,0.0,0.0,47510.71846471471,1044657.3763697329
 03/12  06:00:00,1517781.912630088,66586.22762939315,0.0,0.0,118007.39181418007,1321251.65954982
 03/12  07:00:00,2223978.7513283947,65300.49267020149,0.0,0.0,324111.5814293291,1822971.090267504
 03/12  08:00:00,2956851.887951362,63168.69210381172,0.0,0.0,240438.85862709873,2641989.7969344254
 03/12  09:00:00,3729199.4999355674,51117.81050512981,0.0,0.0,243324.12493062392,3425208.257590458
 03/12  10:00:00,3634475.055072209,41909.37454994187,0.0,0.0,94780.9980708023,3490281.6555941133
 03/12  11:00:00,5244867.542891516,35085.47127286783,0.0,0.0,47510.71846471471,5157155.653023923
 03/12  12:00:00,7141376.16215994,7297.809324399607,0.0,0.0,222165.50537143924,6907820.287360091
 03/12  13:00:00,3030680.937032707,19506.89158043533,0.0,0.0,220241.99450242243,2787180.5375211732
 03/12  14:00:00,2700928.178657937,13188.975120794448,0.0,0.0,221203.74993693084,2462783.940171536
 03/12  15:00:00,2679987.1793731763,1454.9431751574373,0.0,0.0,408746.0596660678,2265693.6164279412
 03/12  16:00:00,2273340.1105149607,0.0,0.0,0.0,454910.32052247075,1811949.9031611413
 03/12  17:00:00,2193475.2509698346,702.4327901586524,0.0,0.0,564550.4400564277,1615603.6511358852
 03/12  18:00:00,2200995.2836512383,7535.145294324448,0.0,0.0,731895.8856608884,1444852.9656046527
 03/12  19:00:00,2205063.436599754,20708.688087909984,0.0,0.0,873273.9345336225,1288912.7800815024
 03/12  20:00:00,2115093.146952466,36401.810738015134,0.0,0.0,883853.2443132149,1163802.8444458307
 03/12  21:00:00,1948492.7288688803,53304.60757789029,0.0,0.0,753054.5052200732,1106323.715160833
 03/12  22:00:00,1365322.0676867329,69070.00674139307,0.0,0.0,310406.56648758444,954810.2470023496
 03/12  23:00:00,979713.689502401,79919.61517481775,0.0,0.0,47510.71846471471,830797.4153168182
 03/12  24:00:00,1093212.9503911634,99726.97656866844,0.0,0.0,47510.71846471471,930287.1082924102
 03/13  01:00:00,967487.7724050174,90512.10560693074,0.0,0.0,47510.71846471471,813776.8012680018
 03/13  02:00:00,959860.2949947915,91394.93522111271,0.0,0.0,47510.71846471471,805266.4942435939
 03/13  03:00:00,974063.7375581338,92741.06012761671,0.0,0.0,47510.71846471471,818123.8119004322
 03/13  04:00:00,1052019.194761014,93736.3256299205,0.0,0.0,47510.71846471471,895084.0036010087
 03/13  05:00:00,1199284.2339568194,94497.4121350091,0.0,0.0,47510.71846471471,1044657.3763697329
 03/13  06:00:00,1640262.2324645661,94040.07647684093,0.0,0.0,188504.0651636454,1345781.4571873853
 03/13  07:00:00,2251841.3897232516,93163.13106505806,0.0,0.0,324111.58142932906,1822971.090267504
 03/13  08:00:00,2918849.7614938174,93502.29629603066,0.0,0.0,192206.82358650272,2621886.1013252577
 03/13  09:00:00,3630850.858953726,87191.43769954189,0.0,0.0,145417.4216976693,3388692.692647159
 03/13  10:00:00,3858151.8150509773,68548.0352288957,0.0,0.0,236591.83688906513,3545508.916075665
 03/13  11:00:00,3697103.5301589575,62091.22823064932,0.0,0.0,137723.37822160212,3492173.2235766933
 03/13  12:00:00,3691617.5042161485,39934.16092397391,0.0,0.0,222165.50537143924,3425425.277816726
 03/13  13:00:00,2848520.512172715,33562.024682376185,0.0,0.0,90693.53747414163,2720513.436587522
 03/13  14:00:00,2715596.29116292,27857.08762577799,0.0,0.0,221203.74993693084,2462783.940171536
 03/13  15:00:00,2426442.8835465545,26923.29118423683,0.0,0.0,227936.03797848956,2167490.994279818
 03/13  16:00:00,2298067.8629173245,24727.752402364033,0.0,0.0,454910.32052247075,1811949.9031611413
 03/13  17:00:00,2218473.163627594,25700.345447918036,0.0,0.0,564550.4400564277,1615603.6511358852
 03/13  18:00:00,1847301.521944407,31783.70049225835,0.0,0.0,475107.1846471471,1323699.3497136286
 03/13  19:00:00,1669246.8985932972,43277.25583714006,0.0,0.0,460680.8531295211,1143120.7557299174
 03/13  20:00:00,2127801.5212172456,49110.185002794366,0.0,0.0,883853.2443132149,1163802.8444458307
 03/13  21:00:00,1838040.2986287517,60215.08404415377,0.0,0.0,664813.4441039279,1077201.8695705861
 03/13  22:00:00,1295938.014818352,71872.19109532857,0.0,0.0,257750.45644824984,935280.1198193677
 03/13  23:00:00,1087633.3526656874,80025.12116581658,0.0,0.0,119353.8494224918,866768.4415313287
 03/13  24:00:00,1091072.5748325826,97586.60101008773,0.0,0.0,47510.71846471471,930287.1082924102
 03/14  01:00:00,965106.9895955888,88131.32279750211,0.0,0.0,47510.71846471471,813776.8012680018
 03/14  02:00:00,957326.6381150074,88861.27834132871,0.0,0.0,47510.71846471471,805266.4942435939
 03/14  03:00:00,971856.5159851296,90533.83855461248,0.0,0.0,47510.71846471471,818123.8119004322
 03/14  04:00:00,1050758.3155852335,92475.44645413989,0.0,0.0,47510.71846471471,895084.0036010087
 03/14  05:00:00,1232816.4128225443,94783.4062218475,0.0,0.0,70640.9366646416,1054773.3429486922
 03/14  06:00:00,1642139.4127543396,95917.2567666143,0.0,0.0,188504.0651636454,1345781.4571873853
 03/14  07:00:00,2382427.0790074016,90119.9190260581,0.0,0.0,416440.10314213496,1864271.469877848
 03/14  08:00:00,3036291.2288533757,74176.12681261054,0.0,0.0,288767.0692111456,2662093.492543593
 03/14  09:00:00,3935273.5037016096,55991.20195232037,0.0,0.0,389751.38983452704,3479981.605005406
 03/14  10:00:00,3957916.8263089005,36701.44079116131,0.0,0.0,331324.74718814204,3582387.6114722462
 03/14  11:00:00,3985250.525624511,23775.496453575972,0.0,0.0,363543.5542441732,3592815.77479675
 03/14  12:00:00,4066523.1658904892,2059.56887853038,0.0,0.0,396243.23901745863,3664127.797890491
 03/14  13:00:00,7359837.518988365,0.0,0.0,0.0,393357.97271393344,6962728.032845756
 03/14  14:00:00,9592825.248932863,0.0,0.0,0.0,395281.48358295026,9193792.251921235
 03/14  15:00:00,2469272.7533212425,0.0,0.0,0.0,273138.54340038414,2192041.649816849
 03/14  16:00:00,2273340.1105149607,0.0,0.0,0.0,454910.32052247075,1811949.9031611413
 03/14  17:00:00,2192772.818179676,0.0,0.0,0.0,564550.4400564277,1615603.6511358852
 03/14  18:00:00,2768910.1217138707,0.0,0.0,0.0,646299.6519896413,2105899.182632857
 03/14  19:00:00,3652598.7757770573,11054.366313055014,0.0,0.0,150803.2521309163,3468573.123436367
 03/14  20:00:00,1555592.1258591781,25552.384806537062,0.0,0.0,465489.63030206313,1033514.8632951715
 03/14  21:00:00,1469510.186356462,43773.6918910404,0.0,0.0,400090.26075549226,989836.3327998455
 03/14  22:00:00,1069097.885754104,61925.7030907257,0.0,0.0,100070.6529605985,876066.2822473736
 03/14  23:00:00,972722.3465597405,72928.27223215715,0.0,0.0,47510.71846471471,830797.4153168182
 03/14  24:00:00,1087591.8522223774,94105.87839988252,0.0,0.0,47510.71846471471,930287.1082924102
 03/15  01:00:00,963670.8954350307,86695.22863694408,0.0,0.0,47510.71846471471,813776.8012680018
 03/15  02:00:00,957316.9631568372,88851.60338315842,0.0,0.0,47510.71846471471,805266.4942435939
 03/15  03:00:00,972716.5847474071,91393.9073168901,0.0,0.0,47510.71846471471,818123.8119004322
 03/15  04:00:00,1051933.2795611832,93650.41043008963,0.0,0.0,47510.71846471471,895084.0036010087
 03/15  05:00:00,5086177.42049168,77548.35633703895,0.0,0.0,93771.1548645685,4902239.18230271
 03/15  06:00:00,2108429.4868873297,88127.99328876467,0.0,0.0,328920.35860187106,1679444.5013599999
 03/15  07:00:00,4117942.5197426863,86464.8039982975,0.0,0.0,277947.32057292614,3741934.808210101
 03/15  08:00:00,3547640.2662886633,76344.62999148981,0.0,0.0,240438.85862709873,3219602.2373840488
 03/15  09:00:00,3735190.2198593398,57108.53042890216,0.0,0.0,243324.12493062392,3425208.257590458
 03/15  10:00:00,3822648.6245884225,33044.84476634116,0.0,0.0,236591.83688906513,3545508.916075665
 03/15  11:00:00,3790743.601449657,25012.236867220225,0.0,0.0,227936.03797848956,3532679.6264739353
 03/15  12:00:00,3658158.6889530853,6475.345660910305,0.0,0.0,222165.50537143924,3425425.277816726
 03/15  13:00:00,3011644.135016226,470.08956395474,0.0,0.0,220241.99450242243,2787180.5375211732
 03/15  14:00:00,2687739.2035371424,0.0,0.0,0.0,221203.74993693084,2462783.940171536
 03/15  15:00:00,2330070.4256211924,0.0,0.0,0.0,182829.70810004586,2143148.1574171367
 03/15  16:00:00,2114209.6280983393,0.0,0.0,0.0,353060.42000803177,1754669.321258959
 03/15  17:00:00,2192772.818179676,0.0,0.0,0.0,564550.4400564277,1615603.6511358852
 03/15  18:00:00,2521802.3626547838,0.0,0.0,0.0,731895.8856608884,1773195.1899025228
 03/15  19:00:00,8112581.072176015,23221.69979354374,0.0,0.0,873273.9345336225,7193917.403952129
 03/15  20:00:00,4635761.439037631,30402.470100497303,0.0,0.0,883853.2443132149,3690470.477168512
 03/15  21:00:00,1934803.182984653,39615.061693663076,0.0,0.0,753054.5052200732,1106323.715160833
 03/15  22:00:00,1570116.7742841048,57306.001671815466,0.0,0.0,468374.89660558826,1013400.628551295
 03/15  23:00:00,1188199.6069247336,72584.86716567358,0.0,0.0,191389.33146717056,902739.4677458392
 03/15  24:00:00,1163170.3555582417,98639.244839193,0.0,0.0,83191.84508497614,965651.1185687025
 03/16  01:00:00,969683.000002867,92707.33320478027,0.0,0.0,47510.71846471471,813776.8012680018
 03/16  02:00:00,966079.6351495545,97614.27537587575,0.0,0.0,47510.71846471471,805266.4942435939
 03/16  03:00:00,983740.4038621413,102417.72643162441,0.0,0.0,47510.71846471471,818123.8119004322
 03/16  04:00:00,1064995.9383924138,106713.06926132021,0.0,0.0,47510.71846471471,895084.0036010087
 03/16  05:00:00,1213870.6958279454,109083.87400613491,0.0,0.0,47510.71846471471,1044657.3763697329
 03/16  06:00:00,1466626.4981868379,110457.28417317383,0.0,0.0,47510.71846471471,1296721.8619122547
 03/16  07:00:00,2130604.2125586336,105554.85522358982,0.0,0.0,231783.0597165232,1781670.7106571603
 03/16  08:00:00,2718002.8995507173,97662.6263022213,0.0,0.0,47510.71846471471,2561575.014497755
 03/16  09:00:00,3492064.530833802,82827.37775587196,0.0,0.0,47510.71846471471,3352177.12770386
 03/16  10:00:00,3586756.968388171,59870.65429917507,0.0,0.0,47510.71846471471,3471872.56876693
 03/16  11:00:00,3615047.4554331256,45394.684831882005,0.0,0.0,92617.04834315841,3471920.022128073
 03/16  12:00:00,3408630.243825706,17707.155209961107,0.0,0.0,47510.71846471471,3339319.810047021
 03/16  13:00:00,2753976.6374645145,4423.335961486422,0.0,0.0,47510.71846471471,2698291.069609638
 03/16  14:00:00,2493713.9993475387,0.0,0.0,0.0,90933.97633276874,2399028.509586095
 03/16  15:00:00,6326164.259952238,2275.1803177297734,0.0,0.0,137723.37822160212,6182073.141308897
 03/16  16:00:00,4350407.612590759,2465.443672961303,0.0,0.0,251018.16840669108,4090444.1136797587
 03/16  17:00:00,1789101.4361693556,3981.626384081803,0.0,0.0,305838.22817366954,1466662.8546242416
 03/16  18:00:00,1703134.9188512855,13597.869700725369,0.0,0.0,389510.95097589993,1283314.8110832875
 03/16  19:00:00,1653682.072577901,27712.429821743503,0.0,0.0,460680.8531295211,1143120.7557299174
 03/16  20:00:00,2121716.472892252,43025.136677800125,0.0,0.0,883853.2443132149,1163802.8444458307
 03/16  21:00:00,1487200.6834860495,61464.189020627935,0.0,0.0,400090.26075549226,989836.3327998455
 03/16  22:00:00,1010965.7738071618,76091.47149699871,0.0,0.0,47510.71846471471,856328.3363900423
 03/16  23:00:00,985048.619723751,85254.54539616771,0.0,0.0,47510.71846471471,830797.4153168182
 03/16  24:00:00,1095011.7970213355,101525.82319884043,0.0,0.0,47510.71846471471,930287.1082924102
 03/17  01:00:00,970577.3534516972,93601.68665361042,0.0,0.0,47510.71846471471,813776.8012680018
 03/17  02:00:00,964160.3353642202,96036.02226587552,0.0,0.0,47510.71846471471,805266.4942435939
 03/17  03:00:00,981668.2961678643,100686.6654126814,0.0,0.0,47510.71846471471,818123.8119004322
 03/17  04:00:00,1064793.3603178472,106510.49118675386,0.0,0.0,47510.71846471471,895084.0036010087
 03/17  05:00:00,1220543.1891541611,113027.99392967761,0.0,0.0,47510.71846471471,1044657.3763697329
 03/17  06:00:00,1573052.7461404833,118787.6410617813,0.0,0.0,118007.39181418007,1321251.65954982
 03/17  07:00:00,2145093.2983910395,117656.61432865701,0.0,0.0,231783.0597165232,1781670.7106571603
 03/17  08:00:00,2996524.754495226,101818.41862167309,0.0,0.0,240438.85862709873,2641989.7969344254
 03/17  09:00:00,4078543.0271308473,71437.02005187157,0.0,0.0,243324.12493062392,3753550.4818883277
 03/17  10:00:00,11570414.258101657,56777.164600701624,0.0,0.0,236591.83688906513,11268860.136403872
 03/17  11:00:00,4316790.087859112,18262.855814477414,0.0,0.0,227936.03797848956,4065134.447260799
 03/17  12:00:00,3651683.343292175,0.0,0.0,0.0,222165.50537143924,3425425.277816726
 03/17  13:00:00,3105593.606034985,24643.11854356446,69776.4420391489,0.0,220241.99450242243,2787180.5375211732
 03/17  14:00:00,7603519.218524989,282903.82280583493,795526.3194069539,0.0,221203.74993693084,6300133.812946593
 03/17  15:00:00,4004992.3751871036,347013.92562937754,973855.4082979253,0.0,227936.03797848956,2452094.443177302
 03/17  16:00:00,4100915.303226554,403480.0721512155,1123456.8604359096,0.0,251018.16840669108,2316480.315401389
 03/17  17:00:00,2878378.7183307623,289973.65154931066,802944.2103208437,0.0,305838.22817366954,1466662.8546242416
 03/17  18:00:00,2553589.029078154,129466.14107550401,356984.56862265855,0.0,646299.6519896413,1404468.4269743115
 03/17  19:00:00,2196301.594034328,3635.7801954600013,10016.29870369529,0.0,873273.9345336225,1288912.7800815024
 03/17  20:00:00,4189505.494768647,5784.206450461041,0.0,0.0,779262.340810427,3376152.0734550264
 03/17  21:00:00,1713149.5360160177,24570.06429047102,0.0,0.0,400090.26075549226,1255066.6367873093
 03/17  22:00:00,1273968.3306267909,51948.78695577222,0.0,0.0,257750.45644824984,935280.1198193677
 03/17  23:00:00,1141776.7161051733,81470.72369740161,90000.0,0.0,95406.13910323277,854778.0994598252
 03/17  24:00:00,1296647.261509776,123161.28768728123,180000.0,0.0,47510.71846471471,930287.1082924102
 03/18  01:00:00,1178609.5013378137,121633.83453972697,180000.0,0.0,47510.71846471471,813776.8012680018
 03/18  02:00:00,1178827.8059821916,130703.49288384715,180000.0,0.0,47510.71846471471,805266.4942435939
 03/18  03:00:00,1199044.048446118,138062.417690935,180000.0,0.0,47510.71846471471,818123.8119004322
 03/18  04:00:00,1281246.8455597209,142963.97642862724,180000.0,0.0,47510.71846471471,895084.0036010087
 03/18  05:00:00,1434145.433542612,146630.23831812854,180000.0,0.0,47510.71846471471,1044657.3763697329
 03/18  06:00:00,1687820.774109846,148582.1400181749,180000.0,0.0,47510.71846471471,1296721.8619122547
 03/18  07:00:00,2084579.6626462832,145934.64442663413,45000.0,0.0,139646.88909061893,1740015.215440331
 03/18  08:00:00,3030334.4426138895,135628.1067403368,0.0,0.0,240438.85862709873,2641989.7969344254
 03/18  09:00:00,5766236.614956986,113716.51673960802,0.0,0.0,438560.47813582805,5203728.219821526
 03/18  10:00:00,4505793.880474058,97329.93267829897,0.0,0.0,426057.6574872189,3974221.17010052
 03/18  11:00:00,4121457.9493787065,94393.98533627162,0.0,0.0,408746.0596660678,3612861.157571021
 03/18  12:00:00,3841369.235269754,59533.769527502984,0.0,0.0,309204.37219444895,3468538.5334437923
 03/18  13:00:00,3179379.961721264,37203.193207468474,0.0,0.0,306799.9836081779,2831625.271476941
 03/18  14:00:00,2712117.5188571415,24378.315319999027,0.0,0.0,221203.74993693084,2462783.940171536
 03/18  15:00:00,2420109.230896078,20589.638533760863,0.0,0.0,227936.03797848956,2167490.994279818
 03/18  16:00:00,2052626.6867395598,18126.563164707146,0.0,0.0,301991.20643563604,1726029.0303078678
 03/18  17:00:00,3912616.393280199,14013.696080718766,0.0,0.0,564550.4400564277,3321092.4834803557
 03/18  18:00:00,4624274.801295606,14691.220285955475,0.0,0.0,731895.8856608884,3861317.454932723
 03/18  19:00:00,2226110.971285335,43461.45615016224,0.0,0.0,873273.9345336225,1288912.7800815024
 03/18  20:00:00,2141715.6969541614,65752.73414238337,0.0,0.0,883853.2443132149,1163802.8444458307
 03/18  21:00:00,1630430.6646368962,89718.59019242138,0.0,0.0,488331.3218716375,1018958.1783900923
 03/18  22:00:00,1039891.4793430292,107063.45708487084,0.0,0.0,47510.71846471471,856328.3363900423
 03/18  23:00:00,1085811.062158084,115505.06975031241,0.0,0.0,95406.13910323277,854778.0994598251
 03/18  24:00:00,1198533.3732315348,134002.26251248634,0.0,0.0,83191.84508497614,965651.1185687025
 03/19  01:00:00,1015938.1129567001,122520.46543241967,0.0,0.0,53473.602158666756,824255.8983002435
 03/19  02:00:00,991119.9932130151,122654.6334393364,0.0,0.0,47510.71846471471,805266.4942435939
 03/19  03:00:00,1005094.7036237273,123772.02619321036,0.0,0.0,47510.71846471471,818123.8119004322
 03/19  04:00:00,1083211.6806794172,124928.81154832356,0.0,0.0,47510.71846471471,895084.0036010087
 03/19  05:00:00,1297617.4863833715,126338.29500378828,0.0,0.0,93771.1548645685,1064889.3095276516
 03/19  06:00:00,1625681.6269208775,126972.70642666734,0.0,0.0,153255.72848891272,1333516.5583686028
 03/19  07:00:00,2149177.557217413,124128.1998823694,0.0,0.0,231783.0597165232,1781670.7106571603
 03/19  08:00:00,3000205.2977626906,106522.1019151404,0.0,0.0,240438.85862709873,2641989.7969344254
 03/19  09:00:00,3751820.643943518,73738.95451308024,0.0,0.0,243324.12493062392,3425208.257590458
 03/19  10:00:00,3702259.2640979383,44014.21714239932,0.0,0.0,142051.2776768899,3508690.742421298
 03/19  11:00:00,3796122.433064275,30391.068481837905,0.0,0.0,227936.03797848956,3532679.6264739353
 03/19  12:00:00,3658353.4644282237,6670.1211360492225,0.0,0.0,222165.50537143924,3425425.277816726
 03/19  13:00:00,3011586.657397027,412.6119447557031,0.0,0.0,220241.99450242243,2787180.5375211732
 03/19  14:00:00,2816926.575143961,0.0,0.0,0.0,308242.6167599405,2504932.444955345
 03/19  15:00:00,2399519.5923623173,0.0,0.0,0.0,227936.03797848956,2167490.994279818
 03/19  16:00:00,4187160.7491595177,24670.25101514533,67546.67899335692,0.0,301991.20643563604,3786472.7258840306
 03/19  17:00:00,2192772.818179676,0.0,0.0,0.0,564550.4400564277,1615603.6511358852
 03/19  18:00:00,2521802.3626547838,0.0,0.0,0.0,731895.8856608884,1773195.1899025228
 03/19  19:00:00,8114774.69648999,25415.32410751863,0.0,0.0,873273.9345336225,7193917.403952129
 03/19  20:00:00,6777814.922979639,46625.096518922706,0.0,0.0,883853.2443132149,5816301.3346920945
 03/19  21:00:00,1944138.9737273338,48950.85243634395,0.0,0.0,753054.5052200732,1106323.715160833
 03/19  22:00:00,1296435.2407899436,72369.41706692004,0.0,0.0,257750.45644824984,935280.1198193677
 03/19  23:00:00,989572.3025934487,89778.2282658654,0.0,0.0,47510.71846471471,830797.4153168182
 03/19  24:00:00,1110086.42132871,116600.44750621503,0.0,0.0,47510.71846471471,930287.1082924102
 03/20  01:00:00,985700.3958946553,108724.72909656848,0.0,0.0,47510.71846471471,813776.8012680018
 03/20  02:00:00,980419.7195187671,111954.35974508847,0.0,0.0,47510.71846471471,805266.4942435939
 03/20  03:00:00,996588.570665708,115265.89323519103,0.0,0.0,47510.71846471471,818123.8119004322
 03/20  04:00:00,1076288.4101357274,118005.54100463405,0.0,0.0,47510.71846471471,895084.0036010087
 03/20  05:00:00,1225289.9087762102,120503.08695439955,0.0,0.0,47510.71846471471,1044657.3763697329
 03/20  06:00:00,1574486.9156915087,123291.23069081407,0.0,0.0,118007.39181418005,1321251.65954982
 03/20  07:00:00,2843962.8834753484,117482.77048175874,0.0,0.0,231783.0597165232,2483101.4663157053
 03/20  08:00:00,5419223.754220052,90653.38978904142,0.0,0.0,240438.85862709873,5076876.965517885
 03/20  09:00:00,3743052.9047501027,64971.21531966503,0.0,0.0,243324.12493062392,3425208.257590458
 03/20  10:00:00,3821841.6590838805,32237.87926179942,0.0,0.0,236591.83688906513,3545508.916075665
 03/20  11:00:00,3781635.056408655,15903.691826217731,0.0,0.0,227936.03797848956,3532679.6264739353
 03/20  12:00:00,3651683.343292175,0.0,0.0,0.0,222165.50537143924,3425425.277816726
 03/20  13:00:00,3018750.418268152,1991.9610669772167,5584.411748902867,0.0,220241.99450242243,2787180.5375211732
 03/20  14:00:00,2964468.2925623353,72806.57268905583,203922.5163361373,0.0,221203.74993693084,2462783.940171536
 03/20  15:00:00,2925595.682258193,138394.09035762158,387681.9995382541,0.0,227936.03797848956,2167490.994279818
 03/20  16:00:00,2600790.9647138272,170153.19980048525,475750.97031852533,0.0,251018.16840669108,1697388.7393567767
 03/20  17:00:00,1979718.3864133647,105158.44248965557,293074.2872487344,0.0,176674.47331919213,1392192.4563684196
 03/20  18:00:00,2041081.8681443175,26378.760250165553,73204.5141404151,0.0,560703.4183183941,1364083.88834397
 03/20  19:00:00,2184354.7485118434,0.0,0.0,0.0,873273.9345336225,1288912.7800815024
 03/20  20:00:00,2078691.3362144514,0.0,0.0,0.0,883853.2443132149,1163802.8444458307
 03/20  21:00:00,1677553.351498558,17091.04362035229,0.0,0.0,576572.3829877827,1048080.0239803392
 03/20  22:00:00,1265960.0546856006,41894.23096257703,0.0,0.0,257750.45644824984,935280.1198193677
 03/20  23:00:00,965012.7751701052,65218.700842521954,0.0,0.0,47510.71846471471,830797.4153168182
 03/20  24:00:00,1090417.2579349983,96931.28411250336,0.0,0.0,47510.71846471471,930287.1082924102
 03/21  01:00:00,969958.935490397,92983.26869231024,0.0,0.0,47510.71846471471,813776.8012680018
 03/21  02:00:00,966263.2552532547,97797.89547957585,0.0,0.0,47510.71846471471,805266.4942435939
 03/21  03:00:00,982898.6679975577,101575.99056704072,0.0,0.0,47510.71846471471,818123.8119004322
 03/21  04:00:00,1699486.2196963874,101645.03843611757,0.0,0.0,47510.71846471471,1534642.315730185
 03/21  05:00:00,1611513.1118038374,101902.14958200452,0.0,0.0,82206.04576460505,1414786.1894698648
 03/21  06:00:00,1651243.619820925,105021.46383319986,0.0,0.0,188504.0651636454,1345781.4571873853
 03/21  07:00:00,2125932.7274652235,100883.37013018015,0.0,0.0,231783.0597165232,1781670.7106571603
 03/21  08:00:00,2972445.1229176773,78761.92707012683,0.0,0.0,240438.85862709873,2641989.7969344254
 03/21  09:00:00,3718834.4284706893,40752.73904025217,0.0,0.0,243324.12493062392,3425208.257590458
 03/21  10:00:00,3796064.469044785,6460.689222703837,0.0,0.0,236591.83688906513,3545508.916075665
 03/21  11:00:00,3765731.364582437,0.0,0.0,0.0,227936.03797848956,3532679.6264739353
 03/21  12:00:00,3907574.1322017154,66047.075123432,189843.71378610848,0.0,222165.50537143924,3425425.277816726
 03/21  13:00:00,3807468.5931670424,238657.30889870558,688447.6107906873,0.0,133876.35648356855,2742735.803565406
 03/21  14:00:00,3940880.933537,390101.42631725554,1121740.5759354064,0.0,47510.71846471471,2377776.699390948
 03/21  15:00:00,4293699.764343526,528381.2453989033,1504697.2600645565,0.0,137723.37822160212,2118805.3205544557
 03/21  16:00:00,8287185.727592229,552576.7234960238,1557227.7307868747,0.0,352964.2444645809,5817937.1420134
 03/21  17:00:00,8036491.040076685,402573.08976586343,1124091.1916698464,0.0,435194.33411504864,6062013.697538564
 03/21  18:00:00,2684811.090813422,264295.0343744305,730979.0072884319,0.0,389510.95097589993,1283314.8110832875
 03/21  19:00:00,1804785.7760754793,47572.191834991936,131243.94148433,0.0,460680.8531295211,1143120.7557299174
 03/21  20:00:00,1941528.4374239987,0.0,0.0,0.0,779262.340810427,1131230.849158166
 03/21  21:00:00,1895844.4049595688,656.2836685788014,0.0,0.0,753054.5052200732,1106323.715160833
 03/21  22:00:00,955468.9923760276,20594.69006586448,0.0,0.0,47510.71846471471,856328.3363900423
 03/21  23:00:00,942675.3372360186,42881.262908435245,0.0,0.0,47510.71846471471,830797.4153168182
 03/21  24:00:00,1070149.3282526708,76663.35443017566,0.0,0.0,47510.71846471471,930287.1082924102
 03/22  01:00:00,954202.6329250945,77226.96612700776,0.0,0.0,47510.71846471471,813776.8012680018
 03/22  02:00:00,954278.6400618958,85813.28028821712,0.0,0.0,47510.71846471471,805266.4942435939
 03/22  03:00:00,974470.7752239183,93148.09779340116,0.0,0.0,47510.71846471471,818123.8119004322
 03/22  04:00:00,3006383.665332172,94750.85461047132,0.0,0.0,49722.75596408402,2846221.907692247
 03/22  05:00:00,2465856.4577195905,97873.24984577208,0.0,0.0,93771.1548645685,2261593.3260218874
 03/22  06:00:00,1648721.3408618704,102499.18487414494,0.0,0.0,188504.0651636454,1345781.4571873853
 03/22  07:00:00,2122861.013769422,97811.65643437867,0.0,0.0,231783.0597165232,1781670.7106571603
 03/22  08:00:00,3239565.8181157876,72154.9974953794,0.0,0.0,433751.7009632861,2722404.5793710956
 03/22  09:00:00,3716355.1206345027,38273.431204064866,0.0,0.0,243324.12493062392,3425208.257590458
 03/22  10:00:00,3794851.3291510544,5247.549328973099,0.0,0.0,236591.83688906513,3545508.916075665
 03/22  11:00:00,3765731.364582437,0.0,0.0,0.0,227936.03797848956,3532679.6264739353
 03/22  12:00:00,3987191.050755713,86161.48119118573,249346.2262723528,0.0,222165.50537143924,3425425.277816726
 03/22  13:00:00,4048963.440444073,266126.4190290275,771662.9759627744,0.0,220241.99450242243,2787180.5375211732
 03/22  14:00:00,4382603.609704356,435799.9151144379,1259064.4910527754,0.0,221203.74993693084,2462783.940171536
 03/22  15:00:00,4471661.901215313,535974.903481507,1536167.405371489,0.0,227936.03797848956,2167490.994279818
 03/22  16:00:00,4097270.348259133,495859.69004974084,1407683.8766744675,0.0,403937.2824935259,1783309.61221005
 03/22  17:00:00,3436734.579656707,326137.43700541876,917824.3244716125,0.0,564550.4400564277,1615603.6511358852
 03/22  18:00:00,2722797.285764634,139372.3063727651,389964.8410349552,0.0,731895.8856608884,1444852.9656046527
 03/22  19:00:00,4499633.560274407,67322.2210853149,187512.8951010853,0.0,873273.9345336225,3349356.475657665
 03/22  20:00:00,2697782.9122590637,0.0,0.0,0.0,883853.2443132149,1782894.4204904428
 03/22  21:00:00,1076493.3338699057,2557.032893307418,0.0,0.0,135655.6040374091,902470.796029105
 03/22  22:00:00,953145.8569687175,18271.554658554374,0.0,0.0,47510.71846471471,856328.3363900423
 03/22  23:00:00,933643.905428244,33849.83110066065,0.0,0.0,47510.71846471471,830797.4153168182
 03/22  24:00:00,1050867.1772777047,57381.203455209565,0.0,0.0,47510.71846471471,930287.1082924102
 03/23  01:00:00,933324.3629901427,56348.69619205588,0.0,0.0,47510.71846471471,813776.8012680018
 03/23  02:00:00,930680.7989432499,62215.43916957115,0.0,0.0,47510.71846471471,805266.4942435939
 03/23  03:00:00,949100.509276838,67777.831846321,0.0,0.0,47510.71846471471,818123.8119004322
 03/23  04:00:00,1030802.094489495,72519.22535840144,0.0,0.0,47510.71846471471,895084.0036010087
 03/23  05:00:00,1181607.1673442717,76820.34552246115,0.0,0.0,47510.71846471471,1044657.3763697329
 03/23  06:00:00,3229780.266391116,73095.7490459516,0.0,0.0,118007.39181418007,3026740.49189429
 03/23  07:00:00,3337123.818430152,70770.21917250336,0.0,0.0,416440.10314213496,2838317.909154153
 03/23  08:00:00,3094481.5856065224,63934.577372543084,0.0,0.0,337095.2797951924,2682197.1881527607
 03/23  09:00:00,3718074.752838744,39993.06340830609,0.0,0.0,243324.12493062392,3425208.257590458
 03/23  10:00:00,3805582.590832825,15978.811010743288,0.0,0.0,236591.83688906513,3545508.916075665
 03/23  11:00:00,3769926.693426816,4195.328844378952,0.0,0.0,227936.03797848956,3532679.6264739353
 03/23  12:00:00,3651683.343292175,0.0,0.0,0.0,222165.50537143924,3425425.277816726
 03/23  13:00:00,2749553.301503028,0.0,0.0,0.0,47510.71846471471,2698291.069609638
 03/23  14:00:00,2813109.7456875145,32439.7329182144,92930.80923215792,0.0,221203.74993693084,2462783.940171536
 03/23  15:00:00,2929099.8434399376,155522.70571650757,443506.712102238,0.0,182829.70810004583,2143148.157417137
 03/23  16:00:00,6257917.804844385,379888.67119467224,1072109.657515097,0.0,301991.20643563604,4497448.3828676315
 03/23  17:00:00,8187658.891626192,456157.9935574339,1275005.9990279067,0.0,564550.4400564277,5879325.731997061
 03/23  18:00:00,3116518.113333394,187374.2866229725,522497.5843104492,0.0,731895.8856608884,1658039.0696477115
 03/23  19:00:00,2260062.7866252977,20008.46325059591,55699.57486285839,0.0,873273.9345336225,1288912.7800815024
 03/23  20:00:00,2078691.3362144514,0.0,0.0,0.0,883853.2443132149,1163802.8444458307
 03/23  21:00:00,1899831.5268887146,4643.405597724539,0.0,0.0,753054.5052200732,1106323.715160833
 03/23  22:00:00,1251662.5003463624,27596.676623338648,0.0,0.0,257750.45644824984,935280.1198193677
 03/23  23:00:00,950162.8376556033,50368.76332802002,0.0,0.0,47510.71846471471,830797.4153168182
 03/23  24:00:00,1077015.8000485087,83529.82622601374,0.0,0.0,47510.71846471471,930287.1082924102
 03/24  01:00:00,958874.9600615058,81899.29326341901,0.0,0.0,47510.71846471471,813776.8012680018
 03/24  02:00:00,956928.5647687562,88804.25167041158,0.0,0.0,47510.71846471471,805266.4942435939
 03/24  03:00:00,975448.984530282,94467.3537750991,0.0,0.0,47510.71846471471,818123.8119004322
 03/24  04:00:00,1056908.4455446417,98625.57641354832,0.0,0.0,47510.71846471471,895084.0036010087
 03/24  05:00:00,1275638.4449312072,101630.88014895095,0.0,0.0,93771.1548645685,1064889.3095276516
 03/24  06:00:00,1652353.787389075,103062.21132334208,0.0,0.0,188504.0651636454,1345781.4571873853
 03/24  07:00:00,2392526.250450656,97831.7637419734,0.0,0.0,416440.10314213496,1864271.469877848
 03/24  08:00:00,3242378.4100645906,73944.44941818048,0.0,0.0,433751.7009632861,2722404.5793710956
 03/24  09:00:00,3855870.6544568306,42973.130129824174,0.0,0.0,340942.301533226,3461723.8225337565
 03/24  10:00:00,3806861.996163573,16576.122990823504,0.0,0.0,236591.83688906513,3545508.916075665
 03/24  11:00:00,3770135.382170828,4062.970913057648,0.0,0.0,227936.03797848956,3532679.6264739353
 03/24  12:00:00,3651683.343292175,0.0,0.0,0.0,222165.50537143924,3425425.277816726
 03/24  13:00:00,3208771.957556531,50950.635647461546,146647.27645679764,0.0,220241.99450242243,2787180.5375211732
 03/24  14:00:00,3498509.835861405,209456.505355311,601314.1269689513,0.0,221203.74993693084,2462783.940171536
 03/24  15:00:00,3773866.840614819,357278.93317292753,1017068.315079574,0.0,227936.03797848956,2167490.994279818
 03/24  16:00:00,3588896.937564996,428648.6399636122,1205361.5030065672,0.0,251018.16840669108,1697388.7393567767
 03/24  17:00:00,2986075.4142800434,316609.0134053378,884005.5444140979,0.0,305838.22817366954,1466662.8546242416
 03/24  18:00:00,2492806.9089839538,145910.47563123386,405738.8862743171,0.0,560703.4183183941,1364083.88834397
 03/24  19:00:00,1949765.889041908,12262.715480166722,34046.21130441142,0.0,666977.3938315718,1216016.7679057098
 03/24  20:00:00,1527311.3676499675,0.0,0.0,0.0,465489.63030206313,1033514.8632951715
 03/24  21:00:00,1552356.9968909668,11644.922446492215,0.0,0.0,488331.3218716375,1018958.1783900924
 03/24  22:00:00,1542622.8245837144,31858.33202342978,0.0,0.0,468374.89660558826,1013400.628551295
 03/24  23:00:00,1166833.4601735787,52582.90711585508,0.0,0.0,191389.33146717056,902739.4677458392
 03/24  24:00:00,1148839.2708573109,84308.16013826217,0.0,0.0,83191.84508497614,965651.1185687025
 03/25  01:00:00,960393.9394750004,83418.27267691365,0.0,0.0,47510.71846471471,813776.8012680018
 03/25  02:00:00,959344.2302495029,91219.91715115821,0.0,0.0,47510.71846471471,805266.4942435939
 03/25  03:00:00,979351.013833879,98369.38307869608,0.0,0.0,47510.71846471471,818123.8119004322
 03/25  04:00:00,1062577.381405986,104294.5122748923,0.0,0.0,47510.71846471471,895084.0036010087
 03/25  05:00:00,1216914.2951376955,109399.09991321192,0.0,0.0,47510.71846471471,1044657.3763697329
 03/25  06:00:00,1660982.612047175,111691.03598144236,0.0,0.0,188504.0651636454,1345781.4571873853
 03/25  07:00:00,2137087.048223219,109650.36416083628,0.0,0.0,231783.0597165232,1781670.7106571603
 03/25  08:00:00,2993463.4574268786,98757.12155332592,0.0,0.0,240438.85862709873,2641989.7969344254
 03/25  09:00:00,4022309.641502544,75278.37562963646,0.0,0.0,438560.47813582805,3498239.3874770557
 03/25  10:00:00,4098773.502687178,45264.41812311285,0.0,0.0,426057.6574872189,3619266.3068688274
 03/25  11:00:00,4048774.376296904,21710.412254468614,0.0,0.0,408746.0596660678,3612861.157571021
 03/25  12:00:00,3716759.404517213,0.0,0.0,0.0,265684.9387829441,3446981.9056302593
 03/25  13:00:00,3011174.0454522716,0.0,0.0,0.0,220241.99450242243,2787180.5375211732
 03/25  14:00:00,2697631.072237462,2610.245161639735,7281.623538679715,0.0,221203.74993693084,2462783.940171536
 03/25  15:00:00,2601903.8033863767,53495.5608739722,148888.6501500875,0.0,227936.03797848956,2167490.994279818
 03/25  16:00:00,2110212.4398416597,41077.42712412166,114248.21812272174,0.0,251018.16840669108,1697388.7393567767
 03/25  17:00:00,1887374.1085592085,0.0,0.0,0.0,370516.2811443591,1503898.0537521525
 03/25  18:00:00,1941157.5470784027,0.0,0.0,0.0,560703.4183183941,1364083.88834397
 03/25  19:00:00,2185514.2135300557,2864.698394882903,0.0,0.0,873273.9345336225,1288912.7800815024
 03/25  20:00:00,2099361.022388689,23398.05957691103,0.0,0.0,883853.2443132149,1163802.8444458307
 03/25  21:00:00,1938522.946485602,45722.151921950724,0.0,0.0,753054.5052200732,1106323.715160833
 03/25  22:00:00,1289278.7490461264,67482.49163690474,0.0,0.0,257942.80753515149,934864.4824706686
 03/25  23:00:00,981304.2016106471,82874.31398440056,0.0,0.0,47510.71846471471,830797.4153168182
 03/25  24:00:00,1101031.2797756903,107545.30595319543,0.0,0.0,47510.71846471471,930287.1082924102
 03/26  01:00:00,978516.4343129904,101540.76751490374,0.0,0.0,47510.71846471471,813776.8012680018
 03/26  02:00:00,974641.2965945976,106175.93682091881,0.0,0.0,47510.71846471471,805266.4942435939
 03/26  03:00:00,992836.2527061536,111513.57527563654,0.0,0.0,47510.71846471471,818123.8119004322
 03/26  04:00:00,1074816.0531568453,116533.18402575169,0.0,0.0,47510.71846471471,895084.0036010087
 03/26  05:00:00,1226276.0879006847,121489.26607887424,0.0,0.0,47510.71846471471,1044657.3763697329
 03/26  06:00:00,1576300.1612338275,125104.47623313253,0.0,0.0,118007.39181418007,1321251.65954982
 03/26  07:00:00,5452834.014450273,104504.05301168152,0.0,0.0,416440.10314213496,4920294.271335095
 03/26  08:00:00,3267405.0515718306,99994.23095142232,0.0,0.0,433751.7009632861,2722404.5793710956
 03/26  09:00:00,4016870.85266415,70521.68014191077,0.0,0.0,438560.47813582805,3498239.3874770557
 03/26  10:00:00,4090407.4299333165,37580.43871991944,0.0,0.0,426057.6574872189,3619266.3068688274
 03/26  11:00:00,3786808.0072644255,21076.642681988676,0.0,0.0,227936.03797848956,3532679.6264739353
 03/26  12:00:00,3652608.5670331405,925.2237409658304,0.0,0.0,222165.50537143924,3425425.277816726
 03/26  13:00:00,4071188.5823439024,0.0,0.0,0.0,263520.9890553002,3803916.0798599264
 03/26  14:00:00,2946113.9467507796,0.0,0.0,0.0,395281.48358295026,2547080.9497391535
 03/26  15:00:00,2716546.4866347313,10120.657481929502,27893.592954783184,0.0,408746.0596660678,2265693.6164279412
 03/26  16:00:00,3499548.1289859544,61941.4526294464,169753.39048067795,0.0,454910.32052247075,2806463.0785220107
 03/26  17:00:00,2192772.818179676,0.0,0.0,0.0,564550.4400564277,1615603.6511358852
 03/26  18:00:00,2193460.138356914,0.0,0.0,0.0,731895.8856608884,1444852.9656046527
 03/26  19:00:00,2189012.6770664765,4657.928554633124,0.0,0.0,873273.9345336225,1288912.7800815024
 03/26  20:00:00,1836054.6373249036,31689.0986913573,0.0,0.0,674671.437307639,1098658.8538705013
 03/26  21:00:00,1951870.788132423,56682.666841433325,0.0,0.0,753054.5052200732,1106323.715160833
 03/26  22:00:00,1451539.122494798,83100.8243271414,0.0,0.0,363062.676526919,974340.3741853314
 03/26  23:00:00,1146341.5804785758,102795.29658794255,0.0,0.0,143301.55974175083,878758.7836028321
 03/26  24:00:00,1196447.1622187695,131916.05149972095,0.0,0.0,83191.84508497614,965651.1185687025
 03/27  01:00:00,1034466.3985619572,124606.77031148289,0.0,0.0,59436.4858526188,834734.9953324853
 03/27  02:00:00,996555.041214956,128089.68144127731,0.0,0.0,47510.71846471471,805266.4942435939
 03/27  03:00:00,1012853.3410511267,131530.6636206096,0.0,0.0,47510.71846471471,818123.8119004322
 03/27  04:00:00,1093076.934500834,134794.06536974027,0.0,0.0,47510.71846471471,895084.0036010087
 03/27  05:00:00,1439164.273027906,137754.35881665227,180000.0,0.0,59075.827564678155,1049715.3596592126
 03/27  06:00:00,1731969.0498773758,140746.89388965053,45000.0,0.0,188504.0651636454,1345781.4571873853
 03/27  07:00:00,2159032.058275284,133982.70094023983,0.0,0.0,231783.0597165232,1781670.7106571603
 03/27  08:00:00,3001856.8800321915,108173.684184641,0.0,0.0,240438.85862709873,2641989.7969344254
 03/27  09:00:00,3482235.501351113,72998.34827318315,0.0,0.0,47510.71846471471,3352177.12770386
 03/27  10:00:00,3564716.327161857,37830.01307286076,0.0,0.0,47510.71846471471,3471872.56876693
 03/27  11:00:00,3524311.259469479,20018.020195299836,0.0,0.0,47510.71846471471,3451666.820679452
 03/27  12:00:00,3456113.1522848527,0.0,0.0,0.0,91174.41519139585,3360846.1769894473
 03/27  13:00:00,3011174.0454522716,0.0,0.0,0.0,220241.99450242243,2787180.5375211732
 03/27  14:00:00,2903632.490569196,57083.04932917321,158810.2377028803,0.0,221203.74993693084,2462783.940171536
 03/27  15:00:00,4958608.304854487,226508.26842147484,627091.6117262251,0.0,227936.03797848956,3872979.826624288
 03/27  16:00:00,5877308.104444796,380153.0416772871,1046190.449864586,0.0,301991.20643563604,4142493.519635939
 03/27  17:00:00,3122418.555098191,248646.99122209934,680998.7456964159,0.0,564550.4400564277,1615603.6511358852
 03/27  18:00:00,2567573.5781485923,100551.38310466046,273562.0566870178,0.0,731895.8856608884,1444852.9656046527
 03/27  19:00:00,2184354.7485118434,0.0,0.0,0.0,873273.9345336225,1288912.7800815024
 03/27  20:00:00,2080477.597879698,1786.2616652466343,0.0,0.0,883853.2443132149,1163802.8444458307
 03/27  21:00:00,1919360.7583792633,24172.637088273383,0.0,0.0,753054.5052200732,1106323.715160833
 03/27  22:00:00,1420815.3742267091,52377.076059052866,0.0,0.0,363062.676526919,974340.3741853314
 03/27  23:00:00,979518.2426340919,79724.16830650854,0.0,0.0,47510.71846471471,830797.4153168182
 03/27  24:00:00,1108317.3155166788,114831.34169418392,0.0,0.0,47510.71846471471,930287.1082924102
 03/28  01:00:00,987430.9658169764,110455.29901888971,0.0,0.0,47510.71846471471,813776.8012680018
 03/28  02:00:00,984504.1567868821,116038.7970132034,0.0,0.0,47510.71846471471,805266.4942435939
 03/28  03:00:00,1002813.6778988235,121491.0004683066,0.0,0.0,47510.71846471471,818123.8119004322
 03/28  04:00:00,1084757.894453472,126475.02532237835,0.0,0.0,47510.71846471471,895084.0036010087
 03/28  05:00:00,1325620.2288332696,130833.40701145909,90000.0,0.0,47510.71846471471,1044657.3763697329
 03/28  06:00:00,1679213.7751662242,132991.61917849875,0.0,0.0,188504.0651636454,1345781.4571873853
 03/28  07:00:00,2151755.4144423436,126706.05710730022,0.0,0.0,231783.0597165232,1781670.7106571603
 03/28  08:00:00,2992214.552021388,98531.35617383763,0.0,0.0,240438.85862709873,2641989.7969344254
 03/28  09:00:00,3732142.415801859,54060.72637142164,0.0,0.0,243324.12493062392,3425208.257590458
 03/28  10:00:00,3802132.575652231,12528.795830149746,0.0,0.0,236591.83688906513,3545508.916075665
 03/28  11:00:00,6141148.36527163,0.0,0.0,0.0,318341.0488222787,5817691.616319339
 03/28  12:00:00,11951389.417699758,16325.17038164708,46225.411382509126,0.0,396243.23901745863,11488503.03681413
 03/28  13:00:00,4931104.635578465,260155.59355972084,733696.6840687984,0.0,393357.97271393344,3540142.871807337
 03/28  14:00:00,4567230.8879031055,425236.5719263743,1195880.3692259511,0.0,395281.48358295026,2547080.9497391535
 03/28  15:00:00,4755346.234841771,547853.5802181447,1528960.4184256084,0.0,408746.0596660678,2265693.6164279412
 03/28  16:00:00,4259177.585708052,569674.4050614581,1575389.7280917056,0.0,352964.2444645809,1754669.321258959
 03/28  17:00:00,3713023.100789154,460956.06877054594,1263120.7180361329,0.0,435194.33411504864,1541133.2528800634
 03/28  18:00:00,2562224.215172097,234394.14093503554,638293.0250865013,0.0,389510.95097589993,1283314.8110832875
 03/28  19:00:00,1763771.4570394768,37089.78268489145,100712.03159842794,0.0,460680.8531295211,1143120.7557299174
 03/28  20:00:00,1667202.6398430935,0.0,0.0,0.0,570080.5338048511,1066086.8585828363
 03/28  21:00:00,1896712.7766222553,1524.655331265594,0.0,0.0,753054.5052200732,1106323.715160833
 03/28  22:00:00,1389352.9153159827,20914.617148326095,0.0,0.0,363062.676526919,974340.3741853314
 03/28  23:00:00,1086878.4178286463,43332.13393801301,0.0,0.0,143301.55974175083,878758.7836028321
 03/28  24:00:00,1142062.1380375111,77531.02731846244,0.0,0.0,83191.84508497614,965651.1185687025
 03/29  01:00:00,987922.9442700506,78063.31601957639,0.0,0.0,59436.4858526188,834734.9953324853
 03/29  02:00:00,955753.395151077,87288.03537739828,0.0,0.0,47510.71846471471,805266.4942435939
 03/29  03:00:00,976648.6017087578,95325.92427824072,0.0,0.0,47510.71846471471,818123.8119004322
 03/29  04:00:00,1059971.1656014284,101688.29647033484,0.0,0.0,47510.71846471471,895084.0036010087
 03/29  05:00:00,1212366.5241023826,107579.70228057218,0.0,0.0,47510.71846471471,1044657.3763697329
 03/29  06:00:00,1467574.4905103757,111405.2764967115,0.0,0.0,47510.71846471471,1296721.8619122547
 03/29  07:00:00,1997872.7215490602,106615.0300567497,0.0,0.0,139646.88909061893,1740015.215440331
 03/29  08:00:00,3246506.1260588993,79095.30543849088,0.0,0.0,433751.7009632861,2722404.5793710956
 03/29  09:00:00,3986343.695696531,39994.52317429165,0.0,0.0,438560.47813582805,3498239.3874770557
 03/29  10:00:00,4059428.0433907397,6601.052177342866,0.0,0.0,426057.6574872189,3619266.3068688274
 03/29  11:00:00,5021236.09272797,0.0,0.0,0.0,408746.0596660678,4607374.33293189
 03/29  12:00:00,3838603.6587375067,31869.489176445764,89974.7650438485,0.0,265684.9387829441,3446981.9056302593
 03/29  13:00:00,3658881.7492411984,169094.01729319376,478613.6864957333,0.0,220241.99450242243,2787180.5375211732
 03/29  14:00:00,3833194.9063986265,299242.94115423143,846212.7617072524,0.0,221203.74993693084,2462783.940171536
 03/29  15:00:00,3904573.613804823,395332.3663926254,1109721.6550498803,0.0,227936.03797848956,2167490.994279818
 03/29  16:00:00,3556986.9141045837,423943.32775904087,1178156.7917507263,0.0,251018.16840669108,1697388.7393567767
 03/29  17:00:00,2886492.019095445,292893.52893828077,808478.6803718905,0.0,305838.22817366954,1466662.8546242416
 03/29  18:00:00,2580809.4692552616,137117.77895354218,376212.32424639387,0.0,646299.6519896413,1404468.4269743115
 03/29  19:00:00,2222669.184518559,10254.032193577686,28060.403813137928,0.0,873273.9345336225,1288912.7800815024
 03/29  20:00:00,2078691.3362144514,0.0,0.0,0.0,883853.2443132149,1163802.8444458307
 03/29  21:00:00,965394.3705305073,8724.800716850355,0.0,0.0,47510.71846471471,873348.9504388581
 03/29  22:00:00,965104.6463204892,30230.344010326167,0.0,0.0,47510.71846471471,856328.3363900423
 03/29  23:00:00,948988.8324816313,49194.75815404802,0.0,0.0,47510.71846471471,830797.4153168182
 03/29  24:00:00,1071788.3493578592,78302.37553536423,0.0,0.0,47510.71846471471,930287.1082924102
 03/30  01:00:00,952997.4289032868,76021.76210520006,0.0,0.0,47510.71846471471,813776.8012680018
 03/30  02:00:00,950848.7199419193,82383.36016824059,0.0,0.0,47510.71846471471,805266.4942435939
 03/30  03:00:00,969481.8875985891,88159.21016807205,0.0,0.0,47510.71846471471,818123.8119004322
 03/30  04:00:00,1051012.4390606119,92729.56992951847,0.0,0.0,47510.71846471471,895084.0036010087
 03/30  05:00:00,1201232.8054376934,96445.98361588306,0.0,0.0,47510.71846471471,1044657.3763697329
 03/30  06:00:00,3153389.048511823,91731.00215368872,0.0,0.0,47510.71846471471,3002210.694256725
 03/30  07:00:00,5844652.369157957,69950.19963324863,0.0,0.0,416440.10314213496,5346666.479421212
 03/30  08:00:00,3441023.961469954,64920.65087731818,0.0,0.0,143974.78854590672,3220873.9817607026
 03/30  09:00:00,4258365.845663151,28403.714276227925,0.0,0.0,194370.77331414662,4026042.0511634205
 03/30  10:00:00,4785198.239008795,1081.2838258440017,0.0,0.0,236591.83688906513,4540022.091436534
 03/30  11:00:00,4453275.829118919,17354.639695016842,51098.248796852014,0.0,227936.03797848956,4151771.2025185474
 03/30  12:00:00,4741110.186678726,274122.9058491399,815303.9375374119,0.0,222165.50537143924,3425425.277816726
 03/30  13:00:00,5350998.194325456,585489.2212623041,1754334.927610881,0.0,220241.99450242243,2787180.5375211732
 03/30  14:00:00,6085248.398424207,851179.8708602365,2546329.3240268277,0.0,221203.74993693084,2462783.940171536
 03/30  15:00:00,6885427.873136268,1079112.5655646431,3197536.2323325314,0.0,363543.5542441732,2241142.9608909106
 03/30  16:00:00,11305708.53089514,1329449.1463687555,3865569.4012363646,0.0,454910.32052247075,5649299.775936198
 03/30  17:00:00,11227803.519952726,1239819.6714230357,3531488.949488839,0.0,564550.4400564277,5879325.731997061
 03/30  18:00:00,5409874.675491768,791408.4132185641,2211820.019873231,0.0,731895.8856608884,1658039.0696477115
 03/30  19:00:00,3765676.2667414877,421030.0270821715,1160291.4911474728,0.0,873273.9345336225,1288912.7800815024
 03/30  20:00:00,2611092.35351555,142128.22364198888,390272.7936591095,0.0,883853.2443132149,1163802.8444458307
 03/30  21:00:00,1798737.6799389771,5582.6385771616815,15329.82677721754,0.0,664813.4441039279,1077201.8695705861
 03/30  22:00:00,1224065.8237230235,0.0,0.0,0.0,257750.45644824984,935280.1198193677
 03/30  23:00:00,1050806.3348498456,7260.050959212392,0.0,0.0,143301.55974175083,878758.7836028321
 03/30  24:00:00,1051414.6916968597,40167.43365022616,0.0,0.0,56431.00011978007,939128.1108614833
 03/31  01:00:00,920017.5296807843,43041.86288269766,0.0,0.0,47510.71846471471,813776.8012680018
 03/31  02:00:00,921674.617386038,53550.30428769336,0.0,0.0,47510.71846471471,805266.4942435939
 03/31  03:00:00,942360.471243137,61378.840487954134,0.0,0.0,47510.71846471471,818123.8119004322
 03/31  04:00:00,1024662.6324670449,66379.76333595141,0.0,0.0,47510.71846471471,895084.0036010087
 03/31  05:00:00,1176553.3303985733,69038.1351740899,0.0,0.0,47510.71846471471,1044657.3763697329
 03/31  06:00:00,1522832.580530457,68567.47545175509,0.0,0.0,118007.39181418007,1321251.65954982
 03/31  07:00:00,2022854.4537385732,62313.602597557285,0.0,0.0,185714.97440357108,1760842.9630487454
 03/31  08:00:00,2943965.251794979,49258.91592142626,0.0,0.0,240438.85862709873,2641989.7969344254
 03/31  09:00:00,3570187.1505673965,25845.635962544697,0.0,0.0,145417.4216976693,3388692.692647159
 03/31  10:00:00,3531666.557016367,4098.149576703049,0.0,0.0,47510.71846471471,3471872.56876693
 03/31  11:00:00,3504634.285949513,0.0,0.0,0.0,47510.71846471471,3451666.820679452
 03/31  12:00:00,3602495.1404520664,51415.0564606446,160156.99537567596,0.0,47510.71846471471,3339319.810047021
 03/31  13:00:00,3905442.28591708,280214.2871030503,875674.6973110017,0.0,47510.71846471471,2698291.069609638
 03/31  14:00:00,4609416.77651513,533829.2892686945,1646548.555962097,0.0,47510.71846471471,2377776.699390948
 03/31  15:00:00,5020312.689301281,705578.8886151561,2123561.7085471824,0.0,92617.04834315841,2094462.4836917743
 03/31  16:00:00,4996354.604438027,772435.1221511478,2269032.687692064,0.0,251018.16840669108,1697388.7393567767
 03/31  17:00:00,5738288.6706495825,709928.8323941017,2044559.3022368033,0.0,435194.33411504864,2535646.4282409325
 03/31  18:00:00,4142546.620726571,508108.7034650936,1441318.8255798975,0.0,731895.8856608884,1444852.9656046527
 03/31  19:00:00,3267745.4173199977,284718.31159034016,800377.5905944844,0.0,873273.9345336225,1288912.7800815024
 03/31  20:00:00,2504009.0168467835,112576.10119711305,315469.95283789246,0.0,883853.2443132149,1163802.8444458307
 03/31  21:00:00,1694385.3935426539,9556.204854673711,26754.207537113227,0.0,576572.3829877827,1048080.0239803392
 03/31  22:00:00,1550361.7679688889,0.0,0.0,0.0,257750.45644824984,1263622.3441172377
 03/31  23:00:00,6713187.399873329,9782.22908955616,0.0,0.0,143301.55974175083,6539981.857197309
 03/31  24:00:00,3434151.2529004565,30547.554396699325,0.0,0.0,56431.00011978007,3331547.7462715385
 04/01  01:00:00,901264.3978890378,24541.766737004014,0.0,0.0,47510.71846471471,813586.960574881
 04/01  02:00:00,903906.7130815728,36034.06182595621,0.0,0.0,47510.71846471471,805076.6535504732
 04/01  03:00:00,927105.8551738347,46439.16649242013,0.0,0.0,47510.71846471471,817870.6909762712
 04/01  04:00:00,1012694.8056032491,54981.37327340927,0.0,0.0,47510.71846471471,894577.7617526869
 04/01  05:00:00,1168503.9153903993,61999.74478112824,0.0,0.0,47510.71846471471,1043708.1729041279
 04/01  06:00:00,1423946.7357013368,66413.83496299482,0.0,0.0,47510.71846471471,1295076.575905208
 04/01  07:00:00,2811385.9835042665,59860.11186856078,0.0,0.0,47510.71846471471,2690088.5654186006
 04/01  08:00:00,2922902.5447286535,46054.588578093666,0.0,0.0,228897.79341299797,2635721.939345219
 04/01  09:00:00,4621747.395576047,15336.293015597103,0.0,0.0,406822.548797051,4189398.367603114
 04/01  10:00:00,4507321.743296965,0.0,0.0,0.0,395281.48358295026,4103888.1107857856
 04/01  11:00:00,4056580.743286279,17672.014958697106,51952.939140588096,0.0,378931.6411963076,3602589.3820385337
 04/01  12:00:00,4580763.906480235,241330.70213786757,711579.336064445,0.0,206777.4184193049,3417000.3753945036
 04/01  13:00:00,5000972.343379539,509780.2616755462,1501107.0185813617,0.0,205815.66298479648,2780532.9985457305
 04/01  14:00:00,5430465.563816744,703889.0762046198,2060649.0495864986,0.0,205815.66298479648,2456375.373448724
 04/01  15:00:00,5731932.37761681,861747.2615150706,2496653.0412137792,0.0,206777.4184193049,2162678.5820045406
 04/01  16:00:00,5132049.308277773,887825.9365064116,2540351.5810471238,0.0,88529.58774649775,1608888.4184095585
 04/01  17:00:00,6710652.396893939,823898.1643659604,2322728.9376860247,0.0,228897.79341299797,3322219.9322925936
 04/01  18:00:00,9559343.211047977,724763.762457581,2009787.4879717177,0.0,440243.5501462177,6368244.112616003
 04/01  19:00:00,9985105.394686703,259121.14780453697,716599.2345607637,0.0,640529.1193825911,8348475.520618239
 04/01  20:00:00,4789066.494376784,40342.41318102894,111951.57380093333,0.0,789601.2117313922,3818978.4472866394
 04/01  21:00:00,2562445.595065197,0.0,0.0,0.0,848268.2932364043,1680889.3603718593
 04/01  22:00:00,1266924.872369884,0.0,0.0,0.0,303914.7173046528,934137.9609444216
 04/01  23:00:00,1010740.8468764389,5481.9358035463865,0.0,0.0,119353.8494224918,865864.3622018388
 04/01  24:00:00,1028360.1957035181,35127.25752707587,0.0,0.0,47510.71846471471,930097.2675992894
 04/02  01:00:00,915370.9607514022,38648.32959936823,0.0,0.0,47510.71846471471,813586.960574881
 04/02  02:00:00,917779.1747237721,49566.850596146,0.0,0.0,47510.71846471471,805076.6535504732
 04/02  03:00:00,939762.3845522751,58756.02299885121,0.0,0.0,47510.71846471471,817870.6909762712
 04/02  04:00:00,1035756.617372487,65619.30361446131,0.0,0.0,49241.87824682982,905270.4833987576
 04/02  05:00:00,1237511.474316227,70685.19943680643,0.0,0.0,91270.59073484667,1062987.7878802214
 04/02  06:00:00,1475894.2355712445,75826.30674331916,0.0,0.0,81075.98312905768,1307103.3951785343
 04/02  07:00:00,1829186.84685169,74551.86068092022,0.0,0.0,47510.71846471471,1695575.3900577314
 04/02  08:00:00,2669087.997702954,54108.599371550066,0.0,0.0,47510.71846471471,2556259.4750903742
 04/02  09:00:00,3679059.6907211533,25975.536308139235,0.0,0.0,226974.28254398116,3416599.0314527666
 04/02  10:00:00,4762111.286844326,2280.5063261589594,0.0,0.0,221203.74993693084,4531154.2273970265
 04/02  11:00:00,3741843.925179853,0.0,0.0,0.0,213509.70646086367,3523239.1256388463
 04/02  12:00:00,3829332.7655875194,52157.05705010683,149321.84025949048,0.0,206777.4184193049,3417000.3753945036
 04/02  13:00:00,3903194.5122206765,236126.7811373325,676982.667960712,0.0,205815.66298479648,2780532.9985457305
 04/02  14:00:00,4968013.0465669865,449214.07785889856,1283456.7237394238,0.0,363543.5542441733,2868062.2891323864
 04/02  15:00:00,12045577.512921298,503891.1408850899,1433354.9076489783,0.0,365467.06511319004,9738788.324809926
 04/02  16:00:00,7061439.535112502,650760.2806360399,1828381.5778780235,0.0,375084.619458274,4200759.272571984
 04/02  17:00:00,5359295.94949027,616310.4147064557,1714905.3967815326,0.0,409707.8151005762,2605804.426637353
 04/02  18:00:00,3339144.1843192317,367477.742767847,1017583.2985609322,0.0,496265.8042063317,1441173.3680556538
 04/02  19:00:00,2479387.1809588075,141146.0917987591,390083.64940913377,0.0,640529.1193825911,1285549.583687704
 04/02  20:00:00,2001612.2370268665,5418.394727495111,14989.630238919666,0.0,789601.2117313922,1160692.7689761934
 04/02  21:00:00,1987210.8647196405,0.0,0.0,0.0,848268.2932364043,1103276.9199222361
 04/02  22:00:00,1357721.4562134077,5509.762579132763,0.0,0.0,367871.453699461,953430.0085819471
 04/02  23:00:00,924924.1024306347,25406.418405622517,0.0,0.0,47510.71846471471,830607.5746236974
 04/02  24:00:00,1048425.5838176947,55192.645641252406,0.0,0.0,47510.71846471471,930097.2675992894
 04/03  01:00:00,931826.1247162424,55103.49356420853,0.0,0.0,47510.71846471471,813586.960574881
 04/03  02:00:00,930784.2464173774,62571.92228975141,0.0,0.0,47510.71846471471,805076.6535504732
 04/03  03:00:00,949643.6468699304,68637.28531650658,0.0,0.0,47510.71846471471,817870.6909762712
 04/03  04:00:00,1030819.7534140066,73106.32108416678,0.0,0.0,47510.71846471471,894577.7617526869
 04/03  05:00:00,1212085.6743828862,76779.14312657838,0.0,0.0,69390.65459978068,1053347.9803921746
 04/03  06:00:00,1616357.5412742863,79513.36063335318,0.0,0.0,181771.77712208664,1343183.8529985133
 04/03  07:00:00,2089381.221597165,76640.54009621889,0.0,0.0,224089.01624045603,1777102.7876121663
 04/03  08:00:00,2929912.9959462765,54084.05841174493,0.0,0.0,228897.79341299797,2635721.939345219
 04/03  09:00:00,3673564.5195467896,20480.36513377517,0.0,0.0,226974.28254398116,3416599.0314527666
 04/03  10:00:00,3765317.605157298,0.0,0.0,0.0,221203.74993693084,3536641.0520361573
 04/03  11:00:00,4070186.149477723,0.0,0.0,0.0,213509.70646086367,3851581.3499367163
 04/03  12:00:00,10030751.278230155,128008.19473344187,369571.8211210101,0.0,366428.8205476985,9162666.367363889
 04/03  13:00:00,8964535.858797679,345091.53059111506,997257.3125334424,0.0,363543.5542441733,7254907.059836843
 04/03  14:00:00,5101181.68521221,566469.1596218345,1627712.5049195816,0.0,363543.5542441733,2539720.0648345165
 04/03  15:00:00,5266122.7927613035,685875.5359600533,1951485.4624660783,0.0,365467.06511319004,2259218.6547578676
 04/03  16:00:00,4562917.445552245,695008.778613555,1955773.6341522,0.0,211586.1955918469,1694095.0526264627
 04/03  17:00:00,4010480.3570721513,565587.0740332031,1575249.411315321,0.0,319302.8042567871,1537773.1712024875
 04/03  18:00:00,4029891.2957951785,365649.68316789245,1008727.7139782881,0.0,496265.8042063317,2142604.1237141993
 04/03  19:00:00,3600835.255413142,143716.8292553666,394596.1495265588,0.0,640529.1193825911,2399914.420568006
 04/03  20:00:00,5550819.489542905,0.0,0.0,0.0,603982.4128712721,4915926.845318766
 04/03  21:00:00,6379754.3270787075,5275.276100266628,0.0,0.0,848268.2932364043,5490545.106181037
 04/03  22:00:00,1366682.1519439593,14470.458309684156,0.0,0.0,367871.453699461,953430.0085819471
 04/03  23:00:00,935843.7949780482,36326.110953036,0.0,0.0,47510.71846471471,830607.5746236974
 04/03  24:00:00,1062196.0145436875,68963.0763672451,0.0,0.0,47510.71846471471,930097.2675992894
 04/04  01:00:00,945081.0071793592,68358.3760273253,0.0,0.0,47510.71846471471,813586.960574881
 04/04  02:00:00,944703.4200291442,76491.09590151816,0.0,0.0,47510.71846471471,805076.6535504732
 04/04  03:00:00,2663146.3439635746,76651.15006568073,0.0,0.0,47510.71846471471,2523359.5233207415
 04/04  04:00:00,1338232.0995362913,83491.3368807821,0.0,0.0,49241.87824682982,1189873.9322962412
 04/04  05:00:00,1258608.8566678688,91782.58178844815,0.0,0.0,91270.59073484667,1062987.7878802214
 04/04  06:00:00,3610587.6237955852,83651.16191269865,0.0,0.0,181771.77712208664,3333276.134240467
 04/04  07:00:00,2101208.4336919105,88467.75219096444,0.0,0.0,224089.01624045603,1777102.7876121663
 04/04  08:00:00,2944132.650443667,68303.71290913543,0.0,0.0,228897.79341299797,2635721.939345219
 04/04  09:00:00,4329218.192529625,36575.72598743465,0.0,0.0,226974.28254398116,4056157.343581943
 04/04  10:00:00,4128874.965948052,8602.497559060967,0.0,0.0,221203.74993693084,3891595.91526785
 04/04  11:00:00,3743617.1940500177,1773.268870164514,0.0,0.0,213509.70646086367,3523239.1256388463
 04/04  12:00:00,3627853.8682779223,0.0,0.0,0.0,206777.4184193049,3417000.3753945036
 04/04  13:00:00,3187065.0134516684,51157.78991733804,145822.16041169816,0.0,205815.66298479648,2780532.9985457305
 04/04  14:00:00,3485504.5390732875,213137.4745569192,606439.626490743,0.0,205815.66298479648,2456375.373448724
 04/04  15:00:00,3758011.830897789,361305.6760271284,1023174.0799827011,0.0,206777.4184193049,2162678.5820045406
 04/04  16:00:00,3323746.8787924275,370080.96926117665,1041530.8767447604,0.0,211586.1955918469,1694095.0526264627
 04/04  17:00:00,2806721.155625261,246730.633078226,690346.6508234077,0.0,319302.8042567871,1537773.1712024875
 04/04  18:00:00,4248939.765337777,126679.65775083865,352381.37205763947,0.0,496265.8042063317,3256968.960594501
 04/04  19:00:00,1970897.6734467105,6021.430976948776,16718.802718847117,0.0,640529.1193825911,1285549.583687704
 04/04  20:00:00,1981204.212060452,0.0,0.0,0.0,789601.2117313922,1160692.7689761934
 04/04  21:00:00,1475642.6665859893,3225.852103605353,0.0,0.0,448178.03248091205,988573.1304404719
 04/04  22:00:00,957464.4776599517,22905.03214544854,0.0,0.0,47510.71846471471,856138.4956969216
 04/04  23:00:00,940825.0059856453,41307.321960633104,0.0,0.0,47510.71846471471,830607.5746236974
 04/04  24:00:00,1064529.4977451204,71296.55956867816,0.0,0.0,47510.71846471471,930097.2675992894
 04/05  01:00:00,946393.0810403838,69670.44988834974,0.0,0.0,47510.71846471471,813586.960574881
 04/05  02:00:00,944926.3995690362,76714.07544141031,0.0,0.0,47510.71846471471,805076.6535504732
 04/05  03:00:00,964030.7126202105,83024.35106678662,0.0,0.0,47510.71846471471,817870.6909762712
 04/05  04:00:00,1045817.0278741543,88103.59554431449,0.0,0.0,47510.71846471471,894577.7617526869
 04/05  05:00:00,1195595.743172638,91808.95553944273,0.0,0.0,47510.71846471471,1043708.1729041279
 04/05  06:00:00,1630099.4952210854,93255.31458015236,0.0,0.0,181771.77712208664,1343183.8529985133
 04/05  07:00:00,2101164.137444668,88423.45594372218,0.0,0.0,224089.01624045603,1777102.7876121663
 04/05  08:00:00,2944310.840962072,68481.9034275401,0.0,0.0,228897.79341299797,2635721.939345219
 04/05  09:00:00,3509832.685571312,45405.31299632694,0.0,0.0,92376.60948453132,3362539.9226741875
 04/05  10:00:00,3790585.2424659813,25267.63730868287,0.0,0.0,221203.74993693084,3536641.0520361573
 04/05  11:00:00,3757050.408241326,15206.483061472785,0.0,0.0,213509.70646086367,3523239.1256388463
 04/05  12:00:00,3627853.8682779223,0.0,0.0,0.0,206777.4184193049,3417000.3753945036
 04/05  13:00:00,2990085.063122632,0.0,0.0,0.0,205815.66298479648,2780532.9985457305
 04/05  14:00:00,2750084.01227192,21913.10133675463,62243.47290954042,0.0,205815.66298479648,2456375.373448724
 04/05  15:00:00,2678809.2702801004,79758.38743795914,225518.8079541821,0.0,206777.4184193049,2162678.5820045406
 04/05  16:00:00,2281118.023438817,60416.34711914501,170013.00878869795,0.0,293335.40752506047,1750899.4754377322
 04/05  17:00:00,1951605.4171825198,0.0,0.0,0.0,364505.30967868166,1574532.2112394858
 04/05  18:00:00,1954083.1429904525,0.0,0.0,0.0,496265.8042063317,1441173.3680556538
 04/05  19:00:00,4231258.7125450075,0.0,0.0,0.0,640529.1193825911,3568650.8564817975
 04/05  20:00:00,3264994.903128802,4674.066809997157,0.0,0.0,789601.2117313922,2439809.393234546
 04/05  21:00:00,1240495.6005683127,26119.45344139465,0.0,0.0,247844.37547281338,930866.1200931047
 04/05  22:00:00,980964.9995300232,46405.55401552027,0.0,0.0,47510.71846471471,856138.4956969216
 04/05  23:00:00,961350.6877072176,61833.00368220541,0.0,0.0,47510.71846471471,830607.5746236974
 04/05  24:00:00,1079562.572701916,86329.6345254737,0.0,0.0,47510.71846471471,930097.2675992894
 04/06  01:00:00,957322.5271586925,80599.89600665853,0.0,0.0,47510.71846471471,813586.960574881
 04/06  02:00:00,952085.6692834996,83873.3451558735,0.0,0.0,47510.71846471471,805076.6535504732
 04/06  03:00:00,967876.5597815459,86870.19822812203,0.0,0.0,47510.71846471471,817870.6909762712
 04/06  04:00:00,1046673.9971978604,88960.56486802062,0.0,0.0,47510.71846471471,894577.7617526869
 04/06  05:00:00,1193952.114584527,90165.32695133181,0.0,0.0,47510.71846471471,1043708.1729041279
 04/06  06:00:00,1538322.1718630479,92662.15909745326,0.0,0.0,114641.24779340066,1319130.2144518606
 04/06  07:00:00,1845771.3655563719,91136.3793856019,0.0,0.0,47510.71846471471,1695575.3900577314
 04/06  08:00:00,2754853.167311765,74661.3841795791,0.0,0.0,92857.48720178552,2576125.0911540855
 04/06  09:00:00,3703840.70407947,50756.54966645596,0.0,0.0,226974.28254398116,3416599.0314527666
 04/06  10:00:00,3548660.733361983,29841.232288238767,0.0,0.0,47510.71846471471,3463835.9794248203
 04/06  11:00:00,3636489.048967091,17259.22424294251,0.0,0.0,130510.2124627892,3483624.519181216
 04/06  12:00:00,3567096.195434924,377.5504137258531,0.0,0.0,166960.74343065734,3395681.8271264266
 04/06  13:00:00,2866964.015997736,0.0,0.0,0.0,126663.19072475558,2736564.4236808755
 04/06  14:00:00,6485413.708503915,0.0,0.0,0.0,205815.66298479648,6275861.643927014
 04/06  15:00:00,10350383.322631232,0.0,0.0,0.0,206777.4184193049,10139529.829747813
 04/06  16:00:00,2310977.595173654,0.0,0.0,0.0,211586.1955918469,2092937.6150136264
 04/06  17:00:00,1706827.15463698,1106.3738311385957,0.0,0.0,228897.79341299797,1464255.091128491
 04/06  18:00:00,2379751.323969397,8274.245891780836,0.0,0.0,159843.7532152952,2194989.354133854
 04/06  19:00:00,1530009.321039443,23042.742023983807,0.0,0.0,343346.69011949695,1141541.1522153427
 04/06  20:00:00,1519309.798199933,37847.572131156965,0.0,0.0,418363.6140111518,1032188.3807047576
 04/06  21:00:00,1777368.5603664243,47554.72076541207,0.0,0.0,648223.1628586581,1045925.025181354
 04/06  22:00:00,5144458.538610801,38145.756233802225,0.0,0.0,303914.7173046528,4771487.833719479
 04/06  23:00:00,1242132.4048945396,58046.0702996688,0.0,0.0,143301.55974175083,1019385.38391652
 04/06  24:00:00,1143084.6933221337,80590.21112836098,0.0,0.0,83191.84508497614,963677.6849963584
 04/07  01:00:00,982658.7698555046,74004.49543290866,0.0,0.0,59436.4858526188,833592.8364575391
 04/07  02:00:00,954748.0226116586,76858.61262843668,0.0,0.0,47510.71846471471,815093.4122780785
 04/07  03:00:00,961034.7055000392,80368.01681862464,0.0,0.0,47510.71846471471,817870.6909762712
 04/07  04:00:00,1041550.4569887689,83837.0246589291,0.0,0.0,47510.71846471471,894577.7617526869
 04/07  05:00:00,1225891.6454600147,87867.73122763082,0.0,0.0,69390.65459978068,1053347.9803921746
 04/07  06:00:00,1711108.2442398262,88867.82813687393,0.0,0.0,181771.77712208664,1425523.0326124467
 04/07  07:00:00,5191611.697612854,72036.18788558528,0.0,0.0,224089.01624045603,4881559.905734422
 04/07  08:00:00,4066420.367876309,64797.23128289849,0.0,0.0,319783.6819740413,3669611.2312270254
 04/07  09:00:00,3950872.6862461134,45892.33934420876,0.0,0.0,406822.548797051,3487967.6119445683
 04/07  10:00:00,4033275.665217291,21227.182756016093,0.0,0.0,395281.48358295026,3608614.849950096
 04/07  11:00:00,4742628.400841748,5931.6274290166975,0.0,0.0,213509.70646086367,4517752.300999716
 04/07  12:00:00,3688877.448403748,0.0,0.0,0.0,246690.26895140327,3438111.1049882304
 04/07  13:00:00,2990085.063122632,0.0,0.0,0.0,205815.66298479648,2780532.9985457305
 04/07  14:00:00,2665927.4380256254,0.0,0.0,0.0,205815.66298479648,2456375.373448724
 04/07  15:00:00,2373532.0748879593,0.0,0.0,0.0,206777.4184193049,2162678.5820045406
 04/07  16:00:00,1703871.790724237,0.0,0.0,0.0,88529.58774649775,1608888.4184095585
 04/07  17:00:00,1460444.8295395975,1416.040820322578,0.0,0.0,92857.48720178552,1353263.7323811273
 04/07  18:00:00,2567314.296016818,3611.4596330741824,0.0,0.0,272176.7879658757,2275221.7505614106
 04/07  19:00:00,1850309.616716558,14148.256509555002,0.0,0.0,566233.5120668175,1249547.4758196138
 04/07  20:00:00,2004930.4441129887,26443.615028612618,0.0,0.0,789601.2117313922,1160692.7689761934
 04/07  21:00:00,1517533.688945225,47494.584566907906,0.0,0.0,448178.03248091205,988573.1304404719
 04/07  22:00:00,998215.7929729982,65694.38469055222,0.0,0.0,47510.71846471471,856138.4956969216
 04/07  23:00:00,1012272.5437321642,78413.57834988402,0.0,0.0,71458.42878397374,842359.8371497446
 04/07  24:00:00,1164353.2663064983,101858.78411272557,0.0,0.0,83191.84508497614,963677.6849963584
 04/08  01:00:00,972433.6093824296,95710.97823039576,0.0,0.0,47510.71846471471,813586.960574881
 04/08  02:00:00,969563.9321845884,101691.28092897189,0.0,0.0,47510.71846471471,805076.6535504732
 04/08  03:00:00,989238.9773301434,108572.28864872898,0.0,0.0,47510.71846471471,817870.6909762712
 04/08  04:00:00,1072572.6658881828,114859.23355834313,0.0,0.0,47510.71846471471,894577.7617526869
 04/08  05:00:00,1226920.7021375364,120416.53152826513,0.0,0.0,47510.71846471471,1043708.1729041279
 04/08  06:00:00,1480964.27622549,123431.37548714803,0.0,0.0,47510.71846471471,1295076.575905208
 04/08  07:00:00,1875811.8327886965,118799.13651385998,0.0,0.0,47510.71846471471,1695575.3900577314
 04/08  08:00:00,4671374.433563391,89037.64506836035,0.0,0.0,228897.79341299797,4341210.77168969
 04/08  09:00:00,7219470.267628848,45600.79438270123,0.0,0.0,406822.548797051,6756856.738288809
 04/08  10:00:00,4047015.288010747,34966.805549472425,0.0,0.0,395281.48358295026,3608614.849950096
 04/08  11:00:00,4013031.6441101776,26075.85492318451,0.0,0.0,378931.6411963076,3602589.3820385337
 04/08  12:00:00,3631867.0605033766,4013.1922254544643,0.0,0.0,206777.4184193049,3417000.3753945036
 04/08  13:00:00,3051293.5046955543,0.0,0.0,0.0,245247.63579964067,2802309.467303809
 04/08  14:00:00,2726195.5836869176,0.0,0.0,0.0,245247.63579964067,2477211.546295172
 04/08  15:00:00,2373532.0748879593,0.0,0.0,0.0,206777.4184193049,2162678.5820045406
 04/08  16:00:00,1912135.0327864904,0.0,0.0,0.0,211586.1955918469,1694095.0526264627
 04/08  17:00:00,2033906.6355134218,0.0,0.0,0.0,409707.8151005762,1611291.251276484
 04/08  18:00:00,1953743.4701184428,0.0,0.0,0.0,496265.8042063317,1441173.3680556538
 04/08  19:00:00,1949189.638668885,2730.563278017903,0.0,0.0,640529.1193825911,1285549.583687704
 04/08  20:00:00,1505808.3137699193,27063.47067721917,0.0,0.0,418363.6140111518,1032188.3807047576
 04/08  21:00:00,1522723.8419993534,52684.73762103615,0.0,0.0,448178.03248091205,988573.1304404719
 04/08  22:00:00,1256781.1987297572,73457.19238173257,0.0,0.0,239813.71759466827,914638.0946325467
 04/08  23:00:00,1131381.400891995,90422.51697379618,0.0,0.0,143301.55974175083,877616.6247278859
 04/08  24:00:00,1182544.9608952405,120050.4787014679,0.0,0.0,83191.84508497614,963677.6849963584
 04/09  01:00:00,988948.8576671416,112226.22651510772,0.0,0.0,47510.71846471471,813586.960574881
 04/09  02:00:00,983490.7400267641,115278.41589913797,0.0,0.0,47510.71846471471,805076.6535504732
 04/09  03:00:00,998935.5574424982,117929.1958890743,0.0,0.0,47510.71846471471,817870.6909762712
 04/09  04:00:00,1079372.5979528134,121659.16562297364,0.0,0.0,47510.71846471471,894577.7617526869
 04/09  05:00:00,1226449.0214602808,122662.23382708545,0.0,0.0,47510.71846471471,1043708.1729041279
 04/09  06:00:00,1476240.0588535802,121764.21396332423,0.0,0.0,47510.71846471471,1295076.575905208
 04/09  07:00:00,1870027.9606431378,115392.97447236786,0.0,0.0,47510.71846471471,1695575.3900577314
 04/09  08:00:00,2968366.873931125,92537.93639659349,0.0,0.0,228897.79341299797,2635721.939345219
 04/09  09:00:00,3722607.5470552323,69523.39264221827,0.0,0.0,226974.28254398116,3416599.0314527666
 04/09  10:00:00,3819249.8392386367,53932.23408133862,0.0,0.0,221203.74993693084,3536641.0520361573
 04/09  11:00:00,3792562.245718149,50718.320538295986,0.0,0.0,213509.70646086367,3523239.1256388463
 04/09  12:00:00,3653284.5145436833,25430.64626576158,0.0,0.0,206777.4184193049,3417000.3753945036
 04/09  13:00:00,2998580.14592245,8495.082799818294,0.0,0.0,205815.66298479648,2780532.9985457305
 04/09  14:00:00,2666265.5382331186,338.1002074932435,0.0,0.0,205815.66298479648,2456375.373448724
 04/09  15:00:00,2373532.0748879593,0.0,0.0,0.0,206777.4184193049,2162678.5820045406
 04/09  16:00:00,2119965.4849032154,0.0,0.0,0.0,334210.0134916672,1779301.6868433668
 04/09  17:00:00,1712798.4517742773,7077.670968435788,0.0,0.0,228897.79341299797,1464255.091128491
 04/09  18:00:00,2476272.672639189,17981.089872628236,0.0,0.0,496265.8042063317,1945381.807831762
 04/09  19:00:00,9491427.782289505,63700.67248653222,0.0,0.0,640529.1193825911,8765119.253739763
 04/09  20:00:00,8195262.287818065,82448.07055883098,0.0,0.0,603982.412871272,7477921.573035095
 04/09  21:00:00,1801327.6398805496,71513.80027953749,0.0,0.0,648223.1628586581,1045925.025181354
 04/09  22:00:00,1682432.6072096382,80474.56147836236,0.0,0.0,559741.6628838858,1011306.1514945235
 04/09  23:00:00,1205352.7603077304,91858.52547267862,0.0,0.0,191389.33146717056,900705.5124312812
 04/09  24:00:00,1178482.69651131,115988.21431753723,0.0,0.0,83191.84508497614,963677.6849963584
 04/10  01:00:00,983859.1769738295,107136.54582179553,0.0,0.0,47510.71846471471,813586.960574881
 04/10  02:00:00,978320.1586154521,110107.83448782602,0.0,0.0,47510.71846471471,805076.6535504732
 04/10  03:00:00,995066.5463867998,114060.18483337587,0.0,0.0,47510.71846471471,817870.6909762712
 04/10  04:00:00,2075685.4531579905,111034.96403909552,0.0,0.0,49241.87824682982,1899783.658759627
 04/10  05:00:00,1283704.8053149583,116878.53043553773,0.0,0.0,91270.59073484667,1062987.7878802214
 04/10  06:00:00,1653330.0487638586,116485.86812292546,0.0,0.0,181771.77712208664,1343183.8529985133
 04/10  07:00:00,2126696.6344465334,113955.95294558741,0.0,0.0,224089.01624045603,1777102.7876121663
 04/10  08:00:00,2853082.694125859,107678.52619289141,0.0,0.0,138204.25593885634,2595990.7072177967
 04/10  09:00:00,3499161.2857292253,97619.50710024979,0.0,0.0,47510.71846471471,3344520.219747994
 04/10  10:00:00,3601765.355413729,82945.854339984,0.0,0.0,47510.71846471471,3463835.9794248203
 04/10  11:00:00,3575469.8661581213,78854.14188967756,0.0,0.0,47510.71846471471,3444009.912723586
 04/10  12:00:00,3682814.845449102,54960.977171179635,0.0,0.0,206777.4184193049,3417000.3753945036
 04/10  13:00:00,3036417.5434951982,46332.48037256589,0.0,0.0,205815.66298479648,2780532.9985457305
 04/10  14:00:00,2707593.5452943146,41666.107268689295,0.0,0.0,205815.66298479648,2456375.373448724
 04/10  15:00:00,2414323.3892097417,40791.314321782454,0.0,0.0,206777.4184193049,2162678.5820045406
 04/10  16:00:00,2286463.5548562887,45986.297771928046,0.0,0.0,211586.1955918469,2022437.2769243326
 04/10  17:00:00,8482320.93979266,68903.66165711462,0.0,0.0,364505.30967868166,8036344.072192512
 04/10  18:00:00,2011627.8753395728,57544.73234912021,0.0,0.0,496265.8042063317,1441173.3680556538
 04/10  19:00:00,2015775.9407809095,67618.5010299953,0.0,0.0,640529.1193825911,1285549.583687704
 04/10  20:00:00,2057036.9373633005,75832.72530284856,0.0,0.0,789601.2117313922,1160692.7689761934
 04/10  21:00:00,1942695.383887491,84183.03172716458,0.0,0.0,748245.7280475313,1074600.972551795
 04/10  22:00:00,1279308.8391501268,93946.79557004498,0.0,0.0,239813.71759466827,914638.0946325467
 04/10  23:00:00,1000342.1883360106,100824.50431099834,0.0,0.0,47510.71846471471,830607.5746236974
 04/10  24:00:00,1114236.5878594066,121003.64968296424,0.0,0.0,47510.71846471471,930097.2675992894
 04/11  01:00:00,986546.9315577769,109824.30040574285,0.0,0.0,47510.71846471471,813586.960574881
 04/11  02:00:00,978928.5756836153,110716.25155598916,0.0,0.0,47510.71846471471,805076.6535504732
 04/11  03:00:00,993505.2494908015,112498.88793737757,0.0,0.0,47510.71846471471,817870.6909762712
 04/11  04:00:00,1071615.2039827087,113901.77165286886,0.0,0.0,47510.71846471471,894577.7617526869
 04/11  05:00:00,1250633.5216910043,115326.99043469656,0.0,0.0,69390.65459978068,1053347.9803921746
 04/11  06:00:00,2731627.1632128516,108832.76650659522,0.0,0.0,249094.65753767427,2361811.188648249
 04/11  07:00:00,2118423.0083895796,105682.32688863357,0.0,0.0,224089.01624045603,1777102.7876121663
 04/11  08:00:00,2953191.594257539,77362.6567230078,0.0,0.0,228897.79341299797,2635721.939345219
 04/11  09:00:00,3693945.290314375,40861.13590136087,0.0,0.0,226974.28254398116,3416599.0314527666
 04/11  10:00:00,3774327.8270261604,9010.221868862554,0.0,0.0,221203.74993693084,3536641.0520361573
 04/11  11:00:00,3742181.9540923797,338.0289125267797,0.0,0.0,213509.70646086367,3523239.1256388463
 04/11  12:00:00,3744558.3131797956,14223.566860209163,41457.29791583831,0.0,246690.26895140327,3438111.1049882304
 04/11  13:00:00,3581062.359740299,150618.3613074185,440358.93531024834,0.0,205815.66298479648,2780532.9985457305
 04/11  14:00:00,3950640.679180658,327188.706820963,957524.5343340695,0.0,205815.66298479648,2456375.373448724
 04/11  15:00:00,4391961.271466227,516289.17251140776,1502140.0240668599,0.0,206777.4184193049,2162678.5820045406
 04/11  16:00:00,4349667.244769145,628434.1348056477,1809242.340492183,0.0,211441.93227667062,1694095.0526264627
 04/11  17:00:00,8657940.630329238,727288.2958073551,2059735.4991054137,0.0,409707.8151005762,5448641.124051541
 04/11  18:00:00,6055757.260954668,499434.54150263395,1399280.9703326346,0.0,496265.8042063317,3644131.9741846016
 04/11  19:00:00,2580334.8653636547,166618.2842862385,465559.1413265014,0.0,640529.1193825911,1285549.583687704
 04/11  20:00:00,3859667.921972459,16520.030573865846,46148.08679929423,0.0,789601.2117313922,2976488.361515041
 04/11  21:00:00,1987210.8647196405,0.0,0.0,0.0,848268.2932364043,1103276.9199222361
 04/11  22:00:00,943000.9967741915,8441.551259688396,0.0,0.0,47510.71846471471,856138.4956969216
 04/11  23:00:00,929166.7778238421,29649.09379882991,0.0,0.0,47510.71846471471,830607.5746236974
 04/11  24:00:00,1054406.783271947,61173.84509550474,0.0,0.0,47510.71846471471,930097.2675992894
 04/12  01:00:00,939651.7602190746,62929.1290670406,0.0,0.0,47510.71846471471,813586.960574881
 04/12  02:00:00,939913.5416304758,71701.21750284966,0.0,0.0,47510.71846471471,805076.6535504732
 04/12  03:00:00,959665.2726346212,78658.91108119745,0.0,0.0,47510.71846471471,817870.6909762712
 04/12  04:00:00,1041554.3097606739,83840.87743083414,0.0,0.0,47510.71846471471,894577.7617526869
 04/12  05:00:00,1238941.027582516,87874.62451465179,0.0,0.0,80330.62266731367,1058167.884136198
 04/12  06:00:00,1627106.1522608737,90261.9716199406,0.0,0.0,181771.77712208664,1343183.8529985133
 04/12  07:00:00,1906684.80958501,87523.399581696,0.0,0.0,91655.29290865004,1715957.2394463401
 04/12  08:00:00,2687377.641518238,72398.24318683414,0.0,0.0,47510.71846471471,2556259.4750903742
 04/12  09:00:00,3453430.855079905,51889.07645092965,0.0,0.0,47510.71846471471,3344520.219747994
 04/12  10:00:00,3798732.4885031725,33414.88334587455,0.0,0.0,221203.74993693084,3536641.0520361573
 04/12  11:00:00,3652084.3376414552,32854.512917306776,0.0,0.0,130510.2124627892,3483624.519181216
 04/12  12:00:00,3644927.222184282,17073.35390635958,0.0,0.0,206777.4184193049,3417000.3753945036
 04/12  13:00:00,2759335.28436826,15492.315495420013,0.0,0.0,47510.71846471471,2692595.8488160204
 04/12  14:00:00,4559647.849741928,13405.555648529808,0.0,0.0,126663.19072475558,4415842.701776538
 04/12  15:00:00,6781980.057640029,21179.79649326962,0.0,0.0,206777.4184193049,6549946.76826334
 04/12  16:00:00,1926406.5069370558,14271.474150565364,0.0,0.0,211586.1955918469,1694095.0526264627
 04/12  17:00:00,1726502.1535329947,20781.3727271533,0.0,0.0,228897.79341299797,1464255.091128491
 04/12  18:00:00,1597609.8015592406,28080.467664356565,0.0,0.0,272176.7879658757,1280708.5752005414
 04/12  19:00:00,1981442.2167721777,33284.77702126338,0.0,0.0,640529.1193825911,1285549.583687704
 04/12  20:00:00,2023833.6183186583,42629.40625820636,0.0,0.0,789601.2117313922,1160692.7689761934
 04/12  21:00:00,1657163.2213702612,56047.89432856307,0.0,0.0,548200.5976697851,1017249.0778109129
 04/12  22:00:00,1337256.2834655289,68293.37386358749,0.0,0.0,303914.7173046528,934137.9609444216
 04/12  23:00:00,1118376.9603239107,76059.38491767395,0.0,0.0,143301.55974175083,877616.6247278859
 04/12  24:00:00,1088737.626075379,95504.68789893665,0.0,0.0,47510.71846471471,930097.2675992894
 04/13  01:00:00,963836.8273228719,87114.19617083795,0.0,0.0,47510.71846471471,813586.960574881
 04/13  02:00:00,956851.6978976786,88639.37377005258,0.0,0.0,47510.71846471471,805076.6535504732
 04/13  03:00:00,971659.2010316043,90652.83947818053,0.0,0.0,47510.71846471471,817870.6909762712
 04/13  04:00:00,1050038.8345240662,92325.40219422632,0.0,0.0,47510.71846471471,894577.7617526869
 04/13  05:00:00,1197623.3143559687,93836.52672277365,0.0,0.0,47510.71846471471,1043708.1729041279
 04/13  06:00:00,5406437.157426372,77835.1879480502,0.0,0.0,148206.51245774367,5168506.906500245
 04/13  07:00:00,3167048.947959026,82552.75574112046,0.0,0.0,179944.4417965207,2893002.872773061
 04/13  08:00:00,2819586.5378781026,74182.36994513513,0.0,0.0,138204.25593885634,2595990.7072177967
 04/13  09:00:00,3641648.8728086483,51450.312341643956,0.0,0.0,182108.39152416453,3398579.3285265733
 04/13  10:00:00,3668894.369076139,26825.815960617434,0.0,0.0,134357.23420082277,3500238.515730489
 04/13  11:00:00,5213960.278243654,11855.721630741158,0.0,0.0,47510.71846471471,5149498.7450680565
 04/13  12:00:00,5901483.667897144,0.0,0.0,0.0,206777.4184193049,5690630.175013726
 04/13  13:00:00,2990085.063122632,0.0,0.0,0.0,205815.66298479648,2780532.9985457305
 04/13  14:00:00,2665927.4380256254,0.0,0.0,0.0,205815.66298479648,2456375.373448724
 04/13  15:00:00,2437339.5047497624,0.0,0.0,0.0,246449.83009277616,2186813.6001928723
 04/13  16:00:00,2828800.6144046336,0.0,0.0,0.0,375084.619458274,2447262.210378178
 04/13  17:00:00,2423916.1874258206,9181.996261450444,26212.365291264654,0.0,409707.8151005762,1966246.1145081767
 04/13  18:00:00,1954083.1429904525,0.0,0.0,0.0,496265.8042063317,1441173.3680556538
 04/13  19:00:00,1948157.4397509145,0.0,0.0,0.0,640529.1193825911,1285549.583687704
 04/13  20:00:00,1612517.2013391433,6119.478772448258,0.0,0.0,511173.01344121184,1064314.4777726165
 04/13  21:00:00,981385.6894944316,25050.20972297931,0.0,0.0,47510.71846471471,873159.1097457374
 04/13  22:00:00,976750.2765377222,42190.831023219056,0.0,0.0,47510.71846471471,856138.4956969216
 04/13  23:00:00,955259.387511737,55741.70348672483,0.0,0.0,47510.71846471471,830607.5746236974
 04/13  24:00:00,1072216.8352973403,78983.89712089793,0.0,0.0,47510.71846471471,930097.2675992894
 04/14  01:00:00,951421.2309450277,74698.59979299367,0.0,0.0,47510.71846471471,813586.960574881
 04/14  02:00:00,961043.0274616058,79814.69790251556,0.0,0.0,47510.71846471471,818432.331853947
 04/14  03:00:00,968354.0599650466,87687.37128363209,0.0,0.0,47510.71846471471,817870.6909762712
 04/14  04:00:00,1048620.2352538279,90906.80292398801,0.0,0.0,47510.71846471471,894577.7617526869
 04/14  05:00:00,1201511.262305695,95007.09169642386,0.0,0.0,47510.71846471471,1043708.1729041279
 04/14  06:00:00,1455254.7796649125,97721.87892657093,0.0,0.0,47510.71846471471,1295076.575905208
 04/14  07:00:00,1845898.4058160796,88885.70954124295,0.0,0.0,47510.71846471471,1695575.3900577314
 04/14  08:00:00,2804669.0296595013,58245.843110504895,0.0,0.0,138204.25593885634,2595990.7072177967
 04/14  09:00:00,5905824.650235954,10752.022092095265,0.0,0.0,406822.548797051,5478059.893186522
 04/14  10:00:00,3765996.9509013165,0.0,0.0,0.0,221203.74993693084,3536641.0520361573
 04/14  11:00:00,3774313.478727296,7896.385833375404,24233.494842058542,0.0,213509.70646086367,3523239.1256388463
 04/14  12:00:00,4521345.721336972,218937.3913994835,674554.4616595671,0.0,206777.4184193049,3417000.3753945036
 04/14  13:00:00,4994674.002613502,490096.55394157744,1514492.3855492924,0.0,205815.66298479648,2780532.9985457305
 04/14  14:00:00,6122819.938198842,788634.2878768798,2427185.6296511684,0.0,363543.5542441733,2539720.0648345165
 04/14  15:00:00,6431646.674582973,1000307.0742972852,3057807.525397729,0.0,206777.4184193049,2162678.5820045406
 04/14  16:00:00,6759964.284547572,1155681.8067125177,3484316.992931839,0.0,334210.0134916672,1779301.6868433668
 04/14  17:00:00,5889658.538277773,1036006.8654130921,3065629.6737279356,0.0,274100.2988348925,1501014.1311654893
 04/14  18:00:00,4591846.459031792,776707.2450408272,2245949.5529680904,0.0,272176.7879658757,1280708.5752005414
 04/14  19:00:00,3109850.8621847634,445541.2726493684,1269210.2943361192,0.0,269387.6972058014,1105331.225672903
 04/14  20:00:00,2172997.1358744204,180957.30008775636,513294.9926939638,0.0,418363.6140111518,1032188.3807047576
 04/14  21:00:00,1984394.3890404957,33421.27224157985,94838.47474265631,0.0,748245.7280475312,1074600.9725517952
 04/14  22:00:00,1433422.4404345513,0.0,0.0,0.0,431828.1900942693,972722.0562194725
 04/14  23:00:00,1040958.8839181988,0.0,0.0,0.0,143301.55974175083,877616.6247278859
 04/14  24:00:00,1043337.6517975774,15473.941612469924,0.0,0.0,65351.281774845425,946887.4762978238
 04/15  01:00:00,896515.2349726681,19792.603820634104,0.0,0.0,47510.71846471471,813586.960574881
 04/15  02:00:00,897753.320337225,29880.669081608503,0.0,0.0,47510.71846471471,805076.6535504732
 04/15  03:00:00,918889.6975839767,38223.00890256228,0.0,0.0,47510.71846471471,817870.6909762712
 04/15  04:00:00,1002322.271368068,44608.83903822825,0.0,0.0,47510.71846471471,894577.7617526869
 04/15  05:00:00,1187229.4962450932,49205.58201270938,0.0,0.0,69390.65459978068,1053347.9803921746
 04/15  06:00:00,1500536.1676593472,51819.09904566684,0.0,0.0,114641.24779340067,1319130.2144518606
 04/15  07:00:00,1802623.9840702498,45611.28779541317,0.0,0.0,47510.71846471471,1695575.3900577314
 04/15  08:00:00,2633338.824589835,17340.407642403392,0.0,0.0,47510.71846471471,2556259.4750903742
 04/15  09:00:00,3527992.3122650133,0.0,0.0,0.0,137242.50050434793,3380559.625600381
 04/15  10:00:00,4087461.177540194,77935.07526454452,243529.15137433316,0.0,221203.74993693084,3536641.0520361573
 04/15  11:00:00,5506190.491322202,425564.2975179686,1338442.5957523715,0.0,213509.70646086367,3523239.1256388463
 04/15  12:00:00,7059937.947132582,829399.1205821985,2602684.958272461,0.0,206777.4184193049,3417000.3753945036
 04/15  13:00:00,7775439.109025102,1163449.2655637343,3621904.7803387363,0.0,205815.66298479648,2780532.9985457305
 04/15  14:00:00,8206785.353255247,1358600.9980495356,4182256.917180086,0.0,205815.66298479648,2456375.373448724
 04/15  15:00:00,8242235.184377486,1455205.564366687,4413497.5451228395,0.0,206777.4184193049,2162678.5820045406
 04/15  16:00:00,7565068.099431755,1421271.7684999132,4231661.298145351,0.0,211586.1955918469,1694095.0526264627
 04/15  17:00:00,6103148.1147424225,1167628.4008504217,3406358.8046726193,0.0,47510.71846471471,1468742.6216183049
 04/15  18:00:00,8723480.021031907,835861.0352722625,2379414.395325981,0.0,328199.04202598974,5163701.250551215
 04/15  19:00:00,8187163.518778451,487950.63423781644,1365485.6228909674,0.0,640529.1193825911,5672817.769946505
 04/15  20:00:00,2986686.7605073755,266602.03925045166,741597.8921725481,0.0,789601.2117313922,1160692.7689761934
 04/15  21:00:00,2249945.3987530908,70040.80785419173,195071.43628332543,0.0,848268.2932364043,1103276.9199222361
 04/15  22:00:00,1266924.872369884,0.0,0.0,0.0,303914.7173046528,934137.9609444216
 04/15  23:00:00,1040958.8839181988,0.0,0.0,0.0,143301.55974175083,877616.6247278859
 04/15  24:00:00,1075283.1714209132,12788.68922714056,0.0,0.0,83191.84508497614,963677.6849963584
 04/16  01:00:00,895501.0463255781,18778.415173544112,0.0,0.0,47510.71846471471,813586.960574881
 04/16  02:00:00,899244.8113370091,31032.487209383107,0.0,0.0,47510.71846471471,805076.6535504732
 04/16  03:00:00,923617.6704018149,42611.308848390945,0.0,0.0,47510.71846471471,817870.6909762712
 04/16  04:00:00,1009864.2178766258,52150.785546786115,0.0,0.0,47510.71846471471,894577.7617526869
 04/16  05:00:00,1163864.1473814987,60077.359748303614,0.0,0.0,47510.71846471471,1043708.1729041279
 04/16  06:00:00,1509115.6415792275,63455.62881363288,0.0,0.0,114641.24779340066,1319130.2144518606
 04/16  07:00:00,2195574.1494467873,53527.747451637624,0.0,0.0,312570.5162152283,1817927.0081315977
 04/16  08:00:00,3094020.1497551743,22798.204597671607,0.0,0.0,365226.62625456287,2694786.1141266255
 04/16  09:00:00,3654227.8154108017,1143.6609977874111,0.0,0.0,226974.28254398116,3416599.0314527666
 04/16  10:00:00,3785537.8115095636,5077.991573745444,15142.214778519889,0.0,221203.74993693084,3536641.0520361573
 04/16  11:00:00,5093554.453505097,178211.2861323126,533940.9300637546,0.0,213509.70646086367,4162797.4377680225
 04/16  12:00:00,10394571.385235358,627192.9530782478,1875802.4830180116,0.0,206777.4184193049,7680722.456255679
 04/16  13:00:00,7342309.435497552,805422.7799144406,2409773.5065468247,0.0,205815.66298479648,3917561.0844593844
 04/16  14:00:00,6872267.797053378,912151.2864843246,2716576.632093805,0.0,205815.66298479648,3033987.813898347
 04/16  15:00:00,7291423.183749422,1044002.7555892409,3071139.4748289697,0.0,87327.39345336225,3084877.485413735
 04/16  16:00:00,6161982.509598574,1073000.4119606605,3107570.2474791813,0.0,252460.80155845365,1722497.2640320975
 04/16  17:00:00,6054420.761045222,960141.4557253186,2732370.1183806215,0.0,409707.8151005762,1939633.4755743537
 04/16  18:00:00,10020454.145934151,632571.8677810382,1772576.0615681831,0.0,496265.8042063317,7102396.44165013
 04/16  19:00:00,9428461.245103255,291345.7730959989,807477.0340617225,0.0,640529.1193825911,7667030.581882324
 04/16  20:00:00,2560997.4921617215,154438.29827177594,425354.9818294934,0.0,789601.2117313922,1160692.7689761934
 04/16  21:00:00,2037069.1322478906,13279.096062730918,36579.171465519205,0.0,848268.2932364043,1103276.9199222361
 04/16  22:00:00,1601958.045731276,0.0,0.0,0.0,559741.6628838858,1011306.1514945235
 04/16  23:00:00,902676.4229271961,3158.738902183905,0.0,0.0,47510.71846471471,830607.5746236974
 04/16  24:00:00,1027557.7985634542,34324.860387011846,0.0,0.0,47510.71846471471,930097.2675992894
 04/17  01:00:00,914443.8165021994,37721.18535016548,0.0,0.0,47510.71846471471,813586.960574881
 04/17  02:00:00,918088.1518944958,49875.82776686982,0.0,0.0,47510.71846471471,805076.6535504732
 04/17  03:00:00,941670.1298704977,60663.76831707379,0.0,0.0,47510.71846471471,817870.6909762712
 04/17  04:00:00,1027048.0118167512,69334.5794869115,0.0,0.0,47510.71846471471,894577.7617526869
 04/17  05:00:00,1179890.3471685676,76103.55953537254,0.0,0.0,47510.71846471471,1043708.1729041279
 04/17  06:00:00,1617059.892869527,80215.71222859382,0.0,0.0,181771.77712208664,1343183.8529985133
 04/17  07:00:00,2085480.9053423654,72740.22384141928,0.0,0.0,224089.01624045603,1777102.7876121663
 04/17  08:00:00,2791395.0682765455,45990.90034357788,0.0,0.0,138204.25593885634,2595990.7072177967
 04/17  09:00:00,4182977.427434927,15166.426518298778,0.0,0.0,182108.39152416453,3976191.7689761966
 04/17  10:00:00,3765317.605157298,0.0,0.0,0.0,221203.74993693084,3536641.0520361573
 04/17  11:00:00,3741843.925179853,0.0,0.0,0.0,213509.70646086367,3523239.1256388463
 04/17  12:00:00,3684606.7028603293,14731.866349981045,42020.96823242577,0.0,206777.4184193049,3417000.3753945036
 04/17  13:00:00,3378842.928880298,100920.07909887345,287837.7866587924,0.0,205815.66298479648,2780532.9985457305
 04/17  14:00:00,3378238.1913590925,200934.07080299605,571789.0915069398,0.0,166239.42685477604,2435539.200602276
 04/17  15:00:00,3409334.430014823,270199.77703090315,765602.5780959607,0.0,206777.4184193049,2162678.5820045406
 04/17  16:00:00,2853947.5036576474,246576.06575601723,695236.4051151403,0.0,211586.1955918469,1694095.0526264627
 04/17  17:00:00,2796781.9439848936,134829.8799082157,378618.84282121365,0.0,228897.79341299797,2041867.5315781143
 04/17  18:00:00,1680995.7471049125,29361.660815464606,82104.75239456413,0.0,272176.7879658757,1280708.5752005414
 04/17  19:00:00,1506966.579015459,0.0,0.0,0.0,343346.69011949695,1141541.1522153427
 04/17  20:00:00,1481462.226068776,0.0,0.0,0.0,418363.6140111518,1032188.3807047576
 04/17  21:00:00,1476447.3583551683,4030.5438727845954,0.0,0.0,448178.03248091205,988573.1304404719
 04/17  22:00:00,957107.120547685,22547.675033181957,0.0,0.0,47510.71846471471,856138.4956969216
 04/17  23:00:00,938391.7200829476,38874.036057935446,0.0,0.0,47510.71846471471,830607.5746236974
 04/17  24:00:00,1058906.4058382337,65673.4676617914,0.0,0.0,47510.71846471471,930097.2675992894
 04/18  01:00:00,939322.167870848,62599.53671881408,0.0,0.0,47510.71846471471,813586.960574881
 04/18  02:00:00,936244.074509997,68031.75038237097,0.0,0.0,47510.71846471471,805076.6535504732
 04/18  03:00:00,953591.1592493872,72584.79769596331,0.0,0.0,47510.71846471471,817870.6909762712
 04/18  04:00:00,1033565.7886906405,75852.35636080068,0.0,0.0,47510.71846471471,894577.7617526869
 04/18  05:00:00,1213929.9608609125,78623.4296046046,0.0,0.0,69390.65459978068,1053347.9803921746
 04/18  06:00:00,1570470.69914822,79218.60244495622,0.0,0.0,148206.51245774367,1331157.033725187
 04/18  07:00:00,1830576.444702926,75941.45853215635,0.0,0.0,47510.71846471471,1695575.3900577314
 04/18  08:00:00,2673782.0950660035,58802.69673459987,0.0,0.0,47510.71846471471,2556259.4750903742
 04/18  09:00:00,3435652.2921868768,34110.51355790152,0.0,0.0,47510.71846471471,3344520.219747994
 04/18  10:00:00,3529736.1600117735,10916.65893802876,0.0,0.0,47510.71846471471,3463835.9794248203
 04/18  11:00:00,3498405.5364120305,1789.8121435866012,0.0,0.0,47510.71846471471,3444009.912723586
 04/18  12:00:00,3444448.1985077495,0.0,0.0,0.0,87327.39345336225,3353044.7305902736
 04/18  13:00:00,3030782.740446995,42249.57823799155,121569.14621126793,0.0,126663.19072475558,2736564.4236808755
 04/18  14:00:00,3504309.903955347,185566.80228433711,532279.3723228001,0.0,284679.6086144849,2498047.71914162
 04/18  15:00:00,3713998.459912924,331628.6819433506,945030.2732198111,0.0,246449.83009277616,2186813.6001928723
 04/18  16:00:00,3484863.2327338895,411472.68007012253,1161255.5198772762,0.0,211586.1955918469,1694095.0526264627
 04/18  17:00:00,3045044.462068823,352241.06450304925,987082.6167599332,0.0,228897.79341299797,1464255.091128491
 04/18  18:00:00,2710271.8876997735,224919.48398057878,627407.7130026342,0.0,440243.5501462177,1401057.1698418758
 04/18  19:00:00,2185782.4415454823,62786.842747646064,174838.1590469218,0.0,640529.1193825911,1285549.583687704
 04/18  20:00:00,1981204.212060452,0.0,0.0,0.0,789601.2117313922,1160692.7689761934
 04/18  21:00:00,1987210.8647196405,0.0,0.0,0.0,848268.2932364043,1103276.9199222361
 04/18  22:00:00,1277724.1944122855,9465.44878939596,0.0,0.0,303626.19067430025,933722.3235957227
 04/18  23:00:00,928754.6354722476,29236.95144723553,0.0,0.0,47510.71846471471,830607.5746236974
 04/18  24:00:00,1049941.2429455023,56708.304769059905,0.0,0.0,47510.71846471471,930097.2675992894
 04/19  01:00:00,933770.6989622364,57048.067810202454,0.0,0.0,47510.71846471471,813586.960574881
 04/19  02:00:00,932965.6444987067,64753.3203710807,0.0,0.0,47510.71846471471,805076.6535504732
 04/19  03:00:00,952055.9845839699,71049.62303054598,0.0,0.0,47510.71846471471,817870.6909762712
 04/19  04:00:00,1033362.1685806909,75648.73625085111,0.0,0.0,47510.71846471471,894577.7617526869
 04/19  05:00:00,1183067.8880214868,79281.10038829195,0.0,0.0,47510.71846471471,1043708.1729041279
 04/19  06:00:00,1709149.581182612,80868.35983722503,0.0,0.0,249094.6575376743,1367298.0132873796
 04/19  07:00:00,2217960.079626931,75913.67763178091,0.0,0.0,312570.51621522836,1817927.0081315977
 04/19  08:00:00,2939193.3293530154,63364.39181848381,0.0,0.0,228897.79341299797,2635721.939345219
 04/19  09:00:00,3701603.037175502,48518.882762487716,0.0,0.0,226974.28254398116,3416599.0314527666
 04/19  10:00:00,3793223.805854518,27906.200697220058,0.0,0.0,221203.74993693084,3536641.0520361573
 04/19  11:00:00,3752754.909915874,10910.984736020675,0.0,0.0,213509.70646086367,3523239.1256388463
 04/19  12:00:00,3627853.8682779223,0.0,0.0,0.0,206777.4184193049,3417000.3753945036
 04/19  13:00:00,2990085.063122632,0.0,0.0,0.0,205815.66298479648,2780532.9985457305
 04/19  14:00:00,2887926.599115149,56742.86026502686,165256.3008244963,0.0,205815.66298479648,2456375.373448724
 04/19  15:00:00,2756018.1128398282,164068.9291991536,474102.8379762041,0.0,47510.71846471471,2066259.552735641
 04/19  16:00:00,2578890.894114283,208805.2008168531,596792.8218857751,0.0,129548.4570282808,1637290.6298151931
 04/19  17:00:00,2514370.1736403974,146885.48321618303,415879.27324169467,0.0,364505.30967868166,1574532.2112394858
 04/19  18:00:00,1646149.0008570561,20060.24115780913,56559.42580436313,0.0,272176.7879658757,1280708.5752005414
 04/19  19:00:00,1506966.579015459,0.0,0.0,0.0,343346.69011949695,1141541.1522153427
 04/19  20:00:00,1481462.226068776,0.0,0.0,0.0,418363.6140111518,1032188.3807047576
 04/19  21:00:00,1482448.0437993796,10031.229316995768,0.0,0.0,448178.03248091205,988573.1304404719
 04/19  22:00:00,1127119.5597116577,25358.38215343564,0.0,0.0,175712.71788468375,895138.2283206717
 04/19  23:00:00,940603.402979173,41085.71895416081,0.0,0.0,47510.71846471471,830607.5746236974
 04/19  24:00:00,1057103.7485541147,63870.81037767256,0.0,0.0,47510.71846471471,930097.2675992894
 04/20  01:00:00,936811.4358458908,60088.80469385684,0.0,0.0,47510.71846471471,813586.960574881
 04/20  02:00:00,933452.1538562783,65239.82972865226,0.0,0.0,47510.71846471471,805076.6535504732
 04/20  03:00:00,951197.2982908274,70190.93673740355,0.0,0.0,47510.71846471471,817870.6909762712
 04/20  04:00:00,1031227.7989260833,73514.36659624346,0.0,0.0,47510.71846471471,894577.7617526869
 04/20  05:00:00,1179141.8537077003,75355.06607450516,0.0,0.0,47510.71846471471,1043708.1729041279
 04/20  06:00:00,1568585.427855958,77333.33115269417,0.0,0.0,148206.51245774367,1331157.033725187
 04/20  07:00:00,2085767.286638576,73026.60513762996,0.0,0.0,224089.01624045603,1777102.7876121663
 04/20  08:00:00,2801623.3898213655,56219.22188839805,0.0,0.0,138204.25593885634,2595990.7072177967
 04/20  09:00:00,3559179.510560816,31866.544039821205,0.0,0.0,137242.50050434793,3380559.625600381
 04/20  10:00:00,3771775.086943076,6457.481785777713,0.0,0.0,221203.74993693084,3536641.0520361573
 04/20  11:00:00,3741843.925179853,0.0,0.0,0.0,213509.70646086367,3523239.1256388463
 04/20  12:00:00,3444448.1985077495,0.0,0.0,0.0,87327.39345336225,3353044.7305902736
 04/20  13:00:00,3066920.376274528,82337.04757076033,240740.35983092804,0.0,47510.71846471471,2692595.8488160204
 04/20  14:00:00,3314936.5657876586,196613.76764509873,573220.1780698717,0.0,126663.19072475558,2414703.0277558276
 04/20  15:00:00,3375764.4253412476,257079.2239984603,745153.1264548283,0.0,206777.4184193049,2162678.5820045406
 04/20  16:00:00,3057090.9030880807,223771.95574638527,644076.6450662385,0.0,375084.619458274,1807703.8982490017
 04/20  17:00:00,2503138.7096210048,121638.95988025036,347932.78709934145,0.0,409707.8151005762,1611291.251276484
 04/20  18:00:00,2062534.961313972,28206.536408075932,80245.28191544357,0.0,496265.8042063317,1441173.3680556538
 04/20  19:00:00,1727562.0093831867,0.0,0.0,0.0,491937.90475104406,1213545.3679515235
 04/20  20:00:00,1481462.226068776,0.0,0.0,0.0,418363.6140111518,1032188.3807047576
 04/20  21:00:00,1478300.4176395182,5883.603157134194,0.0,0.0,448178.03248091205,988573.1304404719
 04/20  22:00:00,957277.0758880932,22717.63037359017,0.0,0.0,47510.71846471471,856138.4956969216
 04/20  23:00:00,937446.9941724673,37929.31014745497,0.0,0.0,47510.71846471471,830607.5746236974
 04/20  24:00:00,1052858.5858940312,59625.64771758896,0.0,0.0,47510.71846471471,930097.2675992894
 04/21  01:00:00,933656.1726421026,56933.541490068674,0.0,0.0,47510.71846471471,813586.960574881
 04/21  02:00:00,929130.7356758497,61258.08442023334,0.0,0.0,47510.71846471471,805076.6535504732
 04/21  03:00:00,945701.5253966685,65034.836715254,0.0,0.0,47510.71846471471,817870.6909762712
 04/21  04:00:00,1025554.7260718611,67841.29374202134,0.0,0.0,47510.71846471471,894577.7617526869
 04/21  05:00:00,1238924.8972727582,69381.23941726128,0.0,0.0,91270.59073484667,1062987.7878802214
 04/21  06:00:00,1518655.7128081326,69938.64419445235,0.0,0.0,114641.24779340067,1319130.2144518606
 04/21  07:00:00,1823758.299777772,66745.60350293564,0.0,0.0,47510.71846471471,1695575.3900577314
 04/21  08:00:00,2793419.849499565,46996.66295056877,0.0,0.0,138204.25593885634,2595990.7072177967
 04/21  09:00:00,3672964.397288777,19200.89713174379,0.0,0.0,226974.28254398116,3416599.0314527666
 04/21  10:00:00,5472147.729098202,661.9458524149044,0.0,0.0,221203.74993693084,5242129.884380627
 04/21  11:00:00,6015813.397671083,0.0,0.0,0.0,213509.70646086367,5796868.925258067
 04/21  12:00:00,4086687.2893979503,115759.74161189416,343073.6795081338,0.0,206777.4184193049,3417000.3753945036
 04/21  13:00:00,8763739.523164473,467742.8654812176,1386222.5421716326,0.0,205815.66298479648,6700222.050934723
 04/21  14:00:00,7001509.386479087,590214.2997047178,1749606.1853126115,0.0,284679.6086144849,4373272.891255168
 04/21  15:00:00,5432094.805501584,710652.053592013,2092680.9575743992,0.0,365467.06511319004,2259218.6547578676
 04/21  16:00:00,5354209.083183363,808657.3685345167,2356309.41237339,0.0,375084.619458274,1807703.8982490017
 04/21  17:00:00,4867899.744329859,729852.0241330073,2104141.08468343,0.0,409707.8151005762,1611291.251276484
 04/21  18:00:00,4022347.6525576385,537545.2513019276,1531058.9311372682,0.0,496265.8042063317,1441173.3680556538
 04/21  19:00:00,3050588.303766764,288658.530919916,815470.6974559806,0.0,640529.1193825911,1285549.583687704
 04/21  20:00:00,1997824.337565417,70459.01075768852,198749.49071919054,0.0,603982.412871272,1096440.5748404756
 04/21  21:00:00,1470039.1043783172,0.0,0.0,0.0,448178.03248091205,988573.1304404719
 04/21  22:00:00,1266924.872369884,0.0,0.0,0.0,303914.7173046528,934137.9609444216
 04/21  23:00:00,1044791.8576167596,3832.9736985607874,0.0,0.0,143301.55974175083,877616.6247278859
 04/21  24:00:00,1058445.0211560542,30581.31097094678,0.0,0.0,65351.281774845425,946887.4762978238
 04/22  01:00:00,942199.8002603331,33545.52583773724,0.0,0.0,59436.4858526188,833592.8364575391
 04/22  02:00:00,925346.9158650497,44118.586305959434,0.0,0.0,47510.71846471471,818432.331853947
 04/22  03:00:00,932831.4436007974,52164.75491938287,0.0,0.0,47510.71846471471,817870.6909762712
 04/22  04:00:00,1016497.8618989764,58784.429569136555,0.0,0.0,47510.71846471471,894577.7617526869
 04/22  05:00:00,1170178.9795070286,63674.80889775738,0.0,0.0,47510.71846471471,1043708.1729041279
 04/22  06:00:00,1422328.1604020952,64795.25966375361,0.0,0.0,47510.71846471471,1295076.575905208
 04/22  07:00:00,1808855.3739530179,51842.677678181455,0.0,0.0,47510.71846471471,1695575.3900577314
 04/22  08:00:00,2766077.476340958,19654.28979196203,0.0,0.0,138204.25593885634,2595990.7072177967
 04/22  09:00:00,3653763.500157033,0.0,0.0,0.0,226974.28254398116,3416599.0314527666
 04/22  10:00:00,4017522.684034397,60217.66961524228,191308.06351783808,0.0,221203.74993693084,3536641.0520361573
 04/22  11:00:00,5520696.599457399,422308.7431942592,1356204.2582112774,0.0,213509.70646086367,3523239.1256388463
 04/22  12:00:00,6859485.113951795,808119.9649008196,2606916.9505432253,0.0,87327.39345336225,3353044.7305902736
 04/22  13:00:00,8051111.9612200605,1203600.054173183,3857426.843924246,0.0,205815.66298479648,2780532.9985457305
 04/22  14:00:00,8558897.381355911,1440346.7864356705,4573447.974847554,0.0,126663.1907247556,2414703.0277558276
 04/22  15:00:00,10835675.499190522,1608167.342764049,5038180.488999665,0.0,206777.4184193049,3978474.1745433877
 04/22  16:00:00,8475076.15447007,1607647.2318580505,4955293.8898255285,0.0,211586.1955918469,1694095.0526264627
 04/22  17:00:00,7333889.432467148,1399501.1051464486,4228327.873642848,0.0,228897.79341299797,1464255.091128491
 04/22  18:00:00,5815993.662084468,1077675.2879538136,3169128.7131077796,0.0,272176.7879658757,1280708.5752005414
 04/22  19:00:00,4725413.027993793,745096.7219478074,2144154.945838982,0.0,566233.5120668175,1249547.4758196138
 04/22  20:00:00,3726294.776018107,452592.8442439224,1295215.1026898087,0.0,789601.2117313922,1160692.7689761934
 04/22  21:00:00,2909139.3925019745,238751.3457274867,685554.8921589138,0.0,848268.2932364043,1103276.9199222361
 04/22  22:00:00,1894399.7777792811,97085.52621445712,280643.02709793893,0.0,495784.92648907757,992014.103856998
 04/22  23:00:00,1092378.1777093103,13156.487936753809,38262.805854357706,0.0,143301.55974175083,877616.6247278859
 04/22  24:00:00,1062494.4821937727,0.0,0.0,0.0,83191.84508497614,963677.6849963584
 04/23  01:00:00,884705.5419696744,0.0,0.0,0.0,50492.160311690735,818588.4295455456
 04/23  02:00:00,868212.324127626,0.0,0.0,0.0,47510.71846471471,805076.6535504732
 04/23  03:00:00,881006.3615534239,0.0,0.0,0.0,47510.71846471471,817870.6909762712
 04/23  04:00:00,958991.362026586,1277.9296967462328,0.0,0.0,47510.71846471471,894577.7617526869
 04/23  05:00:00,1111632.6379654836,7845.850332288623,0.0,0.0,47510.71846471471,1043708.1729041279
 04/23  06:00:00,1638457.6249507482,10176.40360536112,0.0,0.0,249094.6575376743,1367298.0132873796
 04/23  07:00:00,2596647.5825812956,6294.4606307265685,0.0,0.0,224089.01624045603,2354715.2280617896
 04/23  08:00:00,2875828.9375345316,0.0,0.0,0.0,228897.79341299797,2635721.939345219
 04/23  09:00:00,3813617.6875879215,38671.31727823229,121862.2158966749,0.0,226974.28254398116,3416599.0314527666
 04/23  10:00:00,5053887.2651619185,306314.6184887417,982255.0415158785,0.0,221203.74993693084,3536641.0520361573
 04/23  11:00:00,7107500.5361371245,796314.248051198,2569342.3629060737,0.0,213509.70646086367,3523239.1256388463
 04/23  12:00:00,8616489.981918493,1181807.4963395908,3806828.6173009803,0.0,206777.4184193049,3417000.3753945036
 04/23  13:00:00,10399356.096055862,1529268.8936870086,4885488.96388535,0.0,205815.66298479648,3775046.1739065996
 04/23  14:00:00,10271781.890653545,1682091.8776334794,5346150.134544818,0.0,205815.66298479648,3033987.813898347
 04/23  15:00:00,10541357.198919026,1813422.3134952737,5714844.498406616,0.0,206777.4184193049,2802236.894133717
 04/23  16:00:00,14409402.819479365,2011908.045689244,6221637.660142454,0.0,211586.1955918469,5957817.133487638
 04/23  17:00:00,11380662.984896746,1806992.6040727794,5490203.923210859,0.0,364505.30967868166,3706393.2516700737
 04/23  18:00:00,7410797.129723953,1375009.8768066512,4081704.1099268496,0.0,496265.8042063317,1441173.3680556538
 04/23  19:00:00,5798406.2363683,986444.450411111,2863804.346206274,0.0,640529.1193825911,1285549.583687704
 04/23  20:00:00,4470264.901783127,641800.3716019302,1847260.3181207457,0.0,789601.2117313922,1160692.7689761934
 04/23  21:00:00,3297339.735372222,371148.4339791125,1067678.9492327832,0.0,748245.7280475313,1074600.972551795
 04/23  22:00:00,2030748.9395657103,196348.02915977966,565438.0008039892,0.0,303914.7173046528,934137.9609444216
 04/23  23:00:00,1220261.8073333495,82529.83682812397,238214.28648021328,0.0,47510.71846471471,830607.5746236974
 04/23  24:00:00,993232.9381764423,0.0,0.0,0.0,47510.71846471471,930097.2675992894
 04/24  01:00:00,876722.6311520339,0.0,0.0,0.0,47510.71846471471,813586.960574881
 04/24  02:00:00,868212.324127626,0.0,0.0,0.0,47510.71846471471,805076.6535504732
 04/24  03:00:00,881006.3615534239,0.0,0.0,0.0,47510.71846471471,817870.6909762712
 04/24  04:00:00,957713.4323298398,0.0,0.0,0.0,47510.71846471471,894577.7617526869
 04/24  05:00:00,2098299.962994064,0.0,0.0,0.0,47510.71846471471,2038221.348264997
 04/24  06:00:00,1536844.180640933,0.0,0.0,0.0,181771.77712208664,1343183.8529985133
 04/24  07:00:00,2012740.6815009462,0.0,0.0,0.0,224089.01624045603,1777102.7876121663
 04/24  08:00:00,2885994.372165467,2425.864038192658,7739.570592743034,0.0,228897.79341299797,2635721.939345219
 04/24  09:00:00,4586967.442550942,218463.50847477384,715419.7796631539,0.0,226974.28254398116,3416599.0314527666
 04/24  10:00:00,6429430.97248199,610136.133807888,2053977.2335168049,0.0,221203.74993693084,3536641.0520361573
 04/24  11:00:00,9070496.585508833,1208092.6854212887,4120559.9749076916,0.0,213509.70646086367,3523239.1256388463
 04/24  12:00:00,10790296.503499845,1612367.4987436177,5550075.136478303,0.0,206777.4184193049,3417000.3753945036
 04/24  13:00:00,12905506.677349415,2010452.5572661748,6910455.881599738,0.0,205815.66298479648,3775046.1739065996
 04/24  14:00:00,12969055.84359856,2279772.918275093,7782282.904652673,0.0,363543.5542441733,2539720.0648345165
 04/24  15:00:00,13318106.771105304,2443193.954864497,8246151.021905636,0.0,365467.06511319004,2259218.6547578676
 04/24  16:00:00,12827468.46662825,2467799.999999999,8170426.164352792,0.0,375084.619458274,1807703.8982490017
 04/24  17:00:00,11596664.345351795,2267768.3475900944,7295329.035120287,0.0,409707.8151005762,1611291.251276484
 04/24  18:00:00,10835165.039270403,1873085.7406560513,5811292.139129664,0.0,496265.8042063317,2637877.384549889
 04/24  19:00:00,7489466.337168352,1379970.223082208,4161338.67433523,0.0,640529.1193825911,1285549.583687704
 04/24  20:00:00,5847966.532412325,970301.3718514604,2896460.9485004125,0.0,789601.2117313922,1160692.7689761934
 04/24  21:00:00,4676468.653068798,673624.4510351149,2015633.3373140423,0.0,848268.2932364043,1103276.9199222361
 04/24  22:00:00,3454235.7028110046,461822.509829027,1390455.1472507017,0.0,559741.6628838858,1011306.1514945235
 04/24  23:00:00,2348460.4349590736,315360.4267202913,955194.103118138,0.0,167345.4456044607,889161.0685795837
 04/24  24:00:00,1867659.4513594224,216773.02511177864,657653.4880712015,0.0,47510.71846471471,930097.2675992894
 04/25  01:00:00,1531818.4728816813,162930.2470427841,492165.5946868635,0.0,47510.71846471471,813586.960574881
 04/25  02:00:00,1352786.8229885914,121249.43518642707,363325.0636745382,0.0,47510.71846471471,805076.6535504732
 04/25  03:00:00,1218244.874863598,84932.29849423139,252306.2148159425,0.0,47510.71846471471,817870.6909762712
 04/25  04:00:00,1166367.026183239,52803.6926343707,155849.9012190285,0.0,47510.71846471471,894577.7617526869
 04/25  05:00:00,1223500.289694708,30373.649970370163,89339.85209114285,0.0,47510.71846471471,1043708.1729041279
 04/25  06:00:00,1838043.9499387708,29827.40454969376,88498.28333923568,0.0,316417.5379532619,1391412.173576246
 04/25  07:00:00,2928451.8396362346,68021.05109316605,208005.35849838844,0.0,224185.19178390686,2416691.3606124492
 04/25  08:00:00,5214335.945299521,253423.4730944949,799761.9503585,0.0,183551.02467592715,3966390.292394285
 04/25  09:00:00,5727253.937997807,486969.7511139512,1587200.0324708417,0.0,226974.28254398116,3416599.0314527666
 04/25  10:00:00,7580275.261512523,880944.221094554,2934013.4352606703,0.0,221203.74993693084,3536641.0520361573
 04/25  11:00:00,9999883.804978779,1435493.5098911694,4822546.369907756,0.0,213509.70646086367,3523239.1256388463
 04/25  12:00:00,11307533.598705683,1783117.7825684128,6018832.394372795,0.0,127144.0684420098,3374363.27885835
 04/25  13:00:00,12140206.555945475,2097520.8166808477,7052600.676141994,0.0,205815.66298479648,2780532.9985457305
 04/25  14:00:00,12639243.542444319,2300348.7119831257,7672967.3924355665,0.0,205815.66298479648,2456375.373448724
 04/25  15:00:00,12744516.955887886,2419582.26671761,7951402.6142823165,0.0,206777.4184193049,2162678.5820045406
 04/25  16:00:00,11991794.72133388,2390308.7139291144,7689350.974618276,0.0,211586.1955918469,1694095.0526264627
 04/25  17:00:00,10377256.572752956,2100213.9540945273,6571321.837852588,0.0,228897.79341299797,1464255.091128491
 04/25  18:00:00,8744951.18007556,1690561.0691242095,5100306.967960899,0.0,496265.8042063317,1441173.3680556538
 04/25  19:00:00,6825348.988254644,1240451.0538842499,3636740.4946194794,0.0,640529.1193825911,1285549.583687704
 04/25  20:00:00,5366811.261632831,868095.7982692294,2517511.2513031494,0.0,789601.2117313922,1160692.7689761934
 04/25  21:00:00,3947616.6772857243,568112.4200640202,1649690.417620692,0.0,648223.1628586582,1045925.025181354
 04/25  22:00:00,2646758.6489778655,351394.6052276788,1026401.1341482454,0.0,303914.7173046528,934137.9609444216
 04/25  23:00:00,1947459.450494836,238883.64866162802,701958.1992722773,0.0,119353.8494224918,865864.3622018388
 04/25  24:00:00,1518437.5208774828,132782.42087833153,392422.161822709,0.0,47510.71846471471,930097.2675992894
 04/26  01:00:00,1288334.8166924478,103951.72639337376,307660.45914704015,0.0,47510.71846471471,813586.960574881
 04/26  02:00:00,1140337.0960926837,68828.12328806077,203296.6486769969,0.0,47510.71846471471,805076.6535504732
 04/26  03:00:00,1032137.9122658522,38301.28074134585,112830.26997108254,0.0,47510.71846471471,817870.6909762712
 04/26  04:00:00,1030409.2804857823,18455.17146781524,54240.67668812718,0.0,47510.71846471471,894577.7617526869
 04/26  05:00:00,1135723.5711571123,8113.022841482206,23823.760682434935,0.0,47510.71846471471,1043708.1729041279
 04/26  06:00:00,1597401.9943307154,15267.881705443802,45289.93198433825,0.0,181771.77712208664,1343183.8529985133
 04/26  07:00:00,3081204.347755961,66009.12303670277,201520.63935507496,0.0,91655.29290865004,2710470.4148072093
 04/26  08:00:00,3728073.1019490026,205807.31676002225,646436.8476544484,0.0,228897.79341299797,2635721.939345219
 04/26  09:00:00,5665830.1614137255,478431.6324015493,1534314.3745991623,0.0,226974.28254398116,3416599.0314527666
 04/26  10:00:00,7364038.560254347,848610.7022012918,2750110.252895757,0.0,221203.74993693084,3536641.0520361573
 04/26  11:00:00,9255978.02308809,1300123.4366826238,4214010.661225612,0.0,213509.70646086367,3523239.1256388463
 04/26  12:00:00,10279875.91406733,1571529.84927036,5080492.196519048,0.0,206777.4184193049,3417000.3753945036
 04/26  13:00:00,10456300.614332383,1772743.3434177781,5693472.207791973,0.0,205815.66298479648,2780532.9985457305
 04/26  14:00:00,10519058.490742227,1878101.6790130078,5975029.373703594,0.0,205815.66298479648,2456375.373448724
 04/26  15:00:00,10369436.933378508,1933116.9337875256,6062787.924703024,0.0,206777.4184193049,2162678.5820045406
 04/26  16:00:00,9702539.110533627,1907408.8675560155,5882995.21019112,0.0,211586.1955918469,1694095.0526264627
 04/26  17:00:00,8822246.40960203,1706404.1762753662,5164236.816144142,0.0,364505.30967868166,1574532.2112394858
 04/26  18:00:00,7470794.418182718,1395156.3166629802,4121554.958529285,0.0,496265.8042063317,1441173.3680556538
 04/26  19:00:00,10330230.468055451,1172115.084231126,3372608.0712983524,0.0,640529.1193825911,5122899.456462761
 04/26  20:00:00,6235232.449527653,788539.5268330129,2246121.445106601,0.0,789601.2117313922,2380060.0345037803
 04/26  21:00:00,5080693.710685469,488722.1121483474,1386098.3711298248,0.0,448178.03248091205,2722029.543365386
 04/26  22:00:00,1942905.3912633057,263249.95178991667,745095.9939588858,0.0,47510.71846471471,856138.4956969216
 04/26  23:00:00,1429287.7499883277,138508.42408602714,391261.6418772882,0.0,47510.71846471471,830607.5746236974
 04/26  24:00:00,1015206.746801988,5741.085720571581,16232.72290497412,0.0,47510.71846471471,930097.2675992894
 04/27  01:00:00,876722.6311520339,0.0,0.0,0.0,47510.71846471471,813586.960574881
 04/27  02:00:00,868212.324127626,0.0,0.0,0.0,47510.71846471471,805076.6535504732
 04/27  03:00:00,881006.3615534239,0.0,0.0,0.0,47510.71846471471,817870.6909762712
 04/27  04:00:00,957713.4323298398,0.0,0.0,0.0,47510.71846471471,894577.7617526869
 04/27  05:00:00,1103786.787633195,0.0,0.0,0.0,47510.71846471471,1043708.1729041279
 04/27  06:00:00,1491252.096703264,0.0,0.0,0.0,148206.51245774367,1331157.033725187
 04/27  07:00:00,1883687.8338358582,0.0,0.0,0.0,135799.86735258537,1736339.0888349488
 04/27  08:00:00,2875828.9375345316,0.0,0.0,0.0,228897.79341299797,2635721.939345219
 04/27  09:00:00,4130047.176351199,118006.28081407276,358956.74112411204,0.0,226974.28254398116,3416599.0314527666
 04/27  10:00:00,5463112.215898713,414654.0860787785,1283140.5246626367,0.0,221203.74993693084,3536641.0520361573
 04/27  11:00:00,7138548.646630059,824872.223826067,2571832.4976241393,0.0,213509.70646086367,3523239.1256388463
 04/27  12:00:00,8473768.136248317,1174432.7833272093,3671481.4846431855,0.0,206777.4184193049,3417000.3753945036
 04/27  13:00:00,8859736.980283814,1426873.3714623097,4442778.545698872,0.0,205815.66298479648,2780532.9985457305
 04/27  14:00:00,9941410.446611902,1608968.7640225522,4968365.512791516,0.0,284679.6086144849,3075660.159591243
 04/27  15:00:00,9616140.121647663,1725744.3847267216,5261633.94258577,0.0,365467.06511319004,2259218.6547578676
 04/27  16:00:00,9170677.329178724,1744068.5811667163,5237366.44573655,0.0,375084.619458274,1807703.8982490017
 04/27  17:00:00,10145519.812598366,1622199.6297154452,4784264.38789704,0.0,409707.8151005762,3316780.0836209543
 04/27  18:00:00,11852570.067302426,1453986.5098906448,4180778.3335601534,0.0,496265.8042063317,5704895.448916829
 04/27  19:00:00,5736840.382773487,969015.5477903417,2748569.829533871,0.0,640529.1193825911,1356647.1493860641
 04/27  20:00:00,4393188.761953579,631294.6019187707,1780689.9479743568,0.0,789601.2117313922,1160692.7689761934
 04/27  21:00:00,3202548.9445827026,385269.41236183356,1087465.6926198567,0.0,648223.1628586582,1045925.025181354
 04/27  22:00:00,1707354.7191708102,201855.01193191117,570940.261724396,0.0,47510.71846471471,856138.4956969216
 04/27  23:00:00,1234857.0232182217,87523.59443674657,247815.7447564629,0.0,47510.71846471471,830607.5746236974
 04/27  24:00:00,993232.9381764423,0.0,0.0,0.0,47510.71846471471,930097.2675992894
 04/28  01:00:00,876722.6311520339,0.0,0.0,0.0,47510.71846471471,813586.960574881
 04/28  02:00:00,867872.6512556165,0.0,0.0,0.0,47510.71846471471,805076.6535504732
 04/28  03:00:00,880666.6886814145,0.0,0.0,0.0,47510.71846471471,817870.6909762712
 04/28  04:00:00,957713.4323298398,0.0,0.0,0.0,47510.71846471471,894577.7617526869
 04/28  05:00:00,1106504.1706092712,0.0,0.0,0.0,47510.71846471471,1043708.1729041279
 04/28  06:00:00,1359894.0730183444,2361.1722800026123,0.0,0.0,47510.71846471471,1295076.575905208
 04/28  07:00:00,3462868.970014135,367.441394828294,0.0,0.0,47510.71846471471,3401064.2224022015
 04/28  08:00:00,5361747.063082576,2241.709690678165,6836.756488749359,0.0,228897.79341299797,5111542.580097808
 04/28  09:00:00,4249203.752650258,143206.3640039304,452233.8884892945,0.0,226974.28254398116,3416599.0314527666
 04/28  10:00:00,5650951.506219327,441339.4275808653,1443615.1277371463,0.0,221203.74993693084,3536641.0520361573
 04/28  11:00:00,8003942.150027694,986871.9355017953,3274886.616474036,0.0,213509.70646086367,3523239.1256388463
 04/28  12:00:00,9992155.837400258,1441166.3004228002,4801088.508447884,0.0,286603.1194835017,3459221.834581958
 04/28  13:00:00,11166590.930848198,1839235.96514245,6092436.136291426,0.0,363543.5542441733,2867638.8735780427
 04/28  14:00:00,11814648.280006224,2082273.5114418624,6825374.747893566,0.0,363543.5542441733,2539720.0648345165
 04/28  15:00:00,12032838.999203295,2225847.5066950275,7178229.698173096,0.0,365467.06511319004,2259218.6547578676
 04/28  16:00:00,11487277.143591322,2238037.030830355,7059997.81048551,0.0,375084.619458274,1807703.8982490017
 04/28  17:00:00,10188451.748093676,2005194.7152106287,6149350.397369626,0.0,409707.8151005762,1611291.251276484
 04/28  18:00:00,8320856.332649976,1611060.083313906,4756052.779217626,0.0,496265.8042063317,1441173.3680556538
 04/28  19:00:00,6459133.125989394,1168743.180876272,3343930.8697222546,0.0,640529.1193825911,1285549.583687704
 04/28  20:00:00,4976697.094666863,782619.790343587,2215590.4752388992,0.0,789601.2117313922,1160692.7689761934
 04/28  21:00:00,3610704.67149585,490935.05405436107,1392333.4879445438,0.0,648223.1628586582,1045925.025181354
 04/28  22:00:00,2377018.9875485934,288730.74330511893,821363.3718735904,0.0,303914.7173046528,934137.9609444216
 04/28  23:00:00,1595341.7377741537,153398.87153377035,436683.95516749076,0.0,119353.8494224918,865864.3622018388
 04/28  24:00:00,1048434.4798335207,14343.70768798313,40857.83396909531,0.0,47510.71846471471,930097.2675992894
 04/29  01:00:00,888529.4921321713,3080.465503384023,8726.395476753452,0.0,47510.71846471471,813586.960574881
 04/29  02:00:00,867872.6512556165,0.0,0.0,0.0,47510.71846471471,805076.6535504732
 04/29  03:00:00,880666.6886814145,0.0,0.0,0.0,47510.71846471471,817870.6909762712
 04/29  04:00:00,957713.4323298398,0.0,0.0,0.0,47510.71846471471,894577.7617526869
 04/29  05:00:00,1153783.7860439403,0.0,0.0,0.0,80330.62266731367,1058167.884136198
 04/29  06:00:00,5377251.109264077,0.0,0.0,0.0,181771.77712208664,5180533.725773571
 04/29  07:00:00,2156887.150793647,0.0,0.0,0.0,224089.01624045603,1918871.5468008004
 04/29  08:00:00,3067824.792507773,47131.80277517671,143845.03358203568,0.0,228897.79341299797,2635721.939345219
 04/29  09:00:00,4440387.085120958,176162.8126002793,547656.5606774276,0.0,271936.34910724865,3434441.1765757175
 04/29  10:00:00,5035839.101132973,305294.93381402094,964547.2164176356,0.0,221203.74993693084,3536641.0520361573
 04/29  11:00:00,5860464.4144453695,505101.8174151913,1613178.9989783156,0.0,213509.70646086367,3523239.1256388463
 04/29  12:00:00,6643647.032679259,715015.4566117665,2300777.70778957,0.0,206777.4184193049,3417000.3753945036
 04/29  13:00:00,7366878.775682405,1038579.3641941425,3338214.34836563,0.0,205815.66298479648,2780532.9985457305
 04/29  14:00:00,8689545.503300712,1381900.0681726672,4400645.41445725,0.0,363543.5542441733,2539720.0648345165
 04/29  15:00:00,9480459.959845655,1661320.995522056,5190377.169988427,0.0,365467.06511319004,2259218.6547578676
 04/29  16:00:00,9077108.322834378,1704290.2817656458,5183575.738793275,0.0,375084.619458274,1807703.8982490017
 04/29  17:00:00,9652352.565549714,1499255.9818184604,4413701.115873362,0.0,409707.8151005762,3316780.0836209543
 04/29  18:00:00,8854733.024519105,1200399.4417322674,3426960.313049172,0.0,496265.8042063317,3714803.167674876
 04/29  19:00:00,6370535.182353369,774429.1678031709,2176648.5986365406,0.0,640529.1193825911,2758547.924210494
 04/29  20:00:00,10375231.230018664,426559.6178378075,1194596.8726217002,0.0,789601.2117313922,7936280.679450973
 04/29  21:00:00,3454703.8187164557,281610.70176346484,789417.3999502535,0.0,848268.2932364043,1502119.4823093999
 04/29  22:00:00,1764046.4053877413,130404.19928763407,366717.3337302231,0.0,303914.7173046528,934137.9609444216
 04/29  23:00:00,1069036.8320371057,26006.291433752704,73471.60237576641,0.0,95406.13910323277,854112.0996757917
 04/29  24:00:00,993232.9381764423,0.0,0.0,0.0,47510.71846471471,930097.2675992894
 04/30  01:00:00,876722.6311520339,0.0,0.0,0.0,47510.71846471471,813586.960574881
 04/30  02:00:00,868212.324127626,0.0,0.0,0.0,47510.71846471471,805076.6535504732
 04/30  03:00:00,881006.3615534239,0.0,0.0,0.0,47510.71846471471,817870.6909762712
 04/30  04:00:00,957713.4323298398,0.0,0.0,0.0,47510.71846471471,894577.7617526869
 04/30  05:00:00,1104272.333641814,485.54600861899496,0.0,0.0,47510.71846471471,1043708.1729041279
 04/30  06:00:00,2350382.9077497907,1393.8874986653977,0.0,0.0,47510.71846471471,2289589.751266077
 04/30  07:00:00,1885147.5393884438,1459.7055525858866,0.0,0.0,135799.86735258537,1736339.0888349488
 04/30  08:00:00,2767455.407151036,0.0,0.0,0.0,47510.71846471471,2708735.4839100065
 04/30  09:00:00,7718936.978458836,0.0,0.0,0.0,226974.28254398116,7482451.855498588
 04/30  10:00:00,3765317.605157298,0.0,0.0,0.0,221203.74993693084,3536641.0520361573
 04/30  11:00:00,4204165.392563146,115051.53855008364,347269.928833209,0.0,213509.70646086367,3523239.1256388463
 04/30  12:00:00,5258680.787594712,403997.87019426574,1226829.0491225244,0.0,206777.4184193049,3417000.3753945036
 04/30  13:00:00,5819050.985904655,699193.739782488,2129772.1829995355,0.0,205815.66298479648,2780532.9985457305
 04/30  14:00:00,6488630.6806286005,958491.4287538438,2924624.2228256,0.0,166239.42685477604,2435539.200602276
 04/30  15:00:00,9089149.287000904,1273581.2376272548,3864390.0067529646,0.0,127144.0684420098,3819957.899714561
 04/30  16:00:00,11639227.966756128,1585349.366089371,4734300.80679154,0.0,293335.40752506047,5019788.601781974
 04/30  17:00:00,7166415.903550423,1382250.1056848003,4078445.0170597807,0.0,228897.79341299797,1464255.091128491
 04/30  18:00:00,5956883.64570854,1126182.1506306136,3261172.161183043,0.0,272176.7879658757,1280708.5752005414
 04/30  19:00:00,4643898.475150041,814917.3212967501,2322014.574837832,0.0,343346.69011949695,1141541.1522153427
 04/30  20:00:00,3765498.7743861345,530639.7287674077,1503525.8265541126,0.0,603982.4128712721,1096440.5748404753
 04/30  21:00:00,3201827.651432188,316500.8970742281,898115.8896383197,0.0,848268.2932364043,1103276.9199222361
 04/30  22:00:00,2062710.626857806,163273.75110955595,463976.3980816416,0.0,431828.1900942693,972722.0562194725
 04/30  23:00:00,1156125.2810644547,48204.26585932587,137003.38548950426,0.0,95406.13910323277,854112.0996757917
 04/30  24:00:00,1029008.5422707717,0.0,0.0,0.0,65351.281774845425,947969.1134305564
 05/01  01:00:00,909859.6282504742,0.0,0.0,0.0,59436.4858526188,834734.9953324853
 05/01  02:00:00,882773.3562589781,0.0,0.0,0.0,47510.71846471471,819574.4907288932
 05/01  03:00:00,892611.7808694548,0.0,0.0,0.0,47510.71846471471,829412.91533937
 05/01  04:00:00,959201.4549542633,918.5858231698242,0.0,0.0,47510.71846471471,895084.0036010087
 05/01  05:00:00,1113587.2745888233,8800.452767012788,0.0,0.0,47510.71846471471,1044657.3763697329
 05/01  06:00:00,1588678.5344480365,10379.317690655309,0.0,0.0,208316.22711451835,1358046.356006168
 05/01  07:00:00,2013963.2519277758,4301.981544866223,0.0,0.0,216394.97276438883,1781670.7106571603
 05/01  08:00:00,4343599.405942138,0.0,0.0,0.0,217356.72819889724,4114988.137457215
 05/01  09:00:00,9956343.754692024,17927.465333094515,54264.35303492439,0.0,212547.95102635527,9662054.678388292
 05/01  10:00:00,8763533.599320557,184205.8545772288,565882.4555319073,0.0,206777.4184193049,7799164.843934765
 05/01  11:00:00,5445286.966280289,415970.0676127457,1292438.1971203582,0.0,199083.37494323775,3532679.6264739353
 05/01  12:00:00,6611293.363572714,729126.902383475,2259335.7809323156,0.0,193312.84233618737,3425425.277816726
 05/01  13:00:00,7066005.235089492,1002743.1678795114,3080940.68479296,0.0,191389.3314671706,2787180.5375211732
 05/01  14:00:00,7424209.852644629,1179015.677656453,3587269.3899207935,0.0,191389.3314671706,2462783.940171536
 05/01  15:00:00,7939308.317356777,1329751.972381129,4003155.7663657595,0.0,336614.4020779382,2265693.6164279412
 05/01  16:00:00,7671475.213468273,1386220.8189959766,4122516.1589258015,0.0,344308.44555400533,1811949.9031611413
 05/01  17:00:00,6599707.638676379,1267437.7678501983,3721820.111760067,0.0,168403.37658241994,1429427.6554963305
 05/01  18:00:00,5639702.469354121,1054887.1952081877,3042426.806475158,0.0,242362.36949611554,1283314.8110832875
 05/01  19:00:00,4499691.625632126,764068.8645642967,2166976.2670883453,0.0,366909.69826495263,1179568.7618178136
 05/01  20:00:00,3799346.3803926213,498252.5513888684,1403212.5144768795,0.0,703043.2226256366,1163802.8444458307
 05/01  21:00:00,3043371.61296523,290200.9535250332,817588.8098998538,0.0,793448.2334694257,1106323.715160833
 05/01  22:00:00,2112391.6466618595,134790.06991378477,380156.3258990465,0.0,553009.374842327,1013400.628551295
 05/01  23:00:00,1162139.4254697193,21598.781524828963,60960.13212004378,0.0,167345.4456044607,890749.1256743355
 05/01  24:00:00,1029008.5422707718,0.0,0.0,0.0,65351.281774845425,947969.1134305564
 05/02  01:00:00,876975.6667980867,0.0,0.0,0.0,47510.71846471471,813776.8012680018
 05/02  02:00:00,868465.3597736787,0.0,0.0,0.0,47510.71846471471,805266.4942435939
 05/02  03:00:00,881322.677430517,0.0,0.0,0.0,47510.71846471471,818123.8119004322
 05/02  04:00:00,960617.4704979897,2334.601366896175,0.0,0.0,47510.71846471471,895084.0036010087
 05/02  05:00:00,1145257.0462554465,9724.603784471472,0.0,0.0,68140.37253491978,1054773.3429486922
 05/02  06:00:00,1456344.0657501742,11399.791073784203,0.0,0.0,111755.98148987548,1321251.65954982
 05/02  07:00:00,1762453.0416777465,4987.016028169556,0.0,0.0,47510.71846471471,1698359.7202235016
 05/02  08:00:00,2620340.273248496,0.0,0.0,0.0,47510.71846471471,2561575.014497755
 05/02  09:00:00,3789532.411508284,35150.07567257393,107076.82030954109,0.0,212547.95102635527,3425208.257590458
 05/02  10:00:00,4904248.730402602,280215.9451295554,864243.4239207255,0.0,206777.4184193049,3545508.916075665
 05/02  11:00:00,6012132.761269115,610116.1780292958,1897723.34396564,0.0,47510.71846471471,3451666.820679452
 05/02  12:00:00,7250153.192867625,924153.3968332135,2877099.809508371,0.0,83961.24943258287,3360846.1769894473
 05/02  13:00:00,7786545.906552956,1173490.5238513355,3630734.000284602,0.0,191389.3314671706,2787180.5375211732
 05/02  14:00:00,7958693.341448093,1304392.1622629054,3996376.3941178047,0.0,191389.3314671706,2462783.940171536
 05/02  15:00:00,7884615.776221631,1372510.5864118654,4148170.54852426,0.0,192351.086901679,2167490.994279818
 05/02  16:00:00,7228946.308667971,1340638.8731212795,3988240.7007188536,0.0,196198.10863971253,1697388.7393567767
 05/02  17:00:00,8405249.701704293,1238167.627023698,3618352.876681672,0.0,289488.38578702684,3246622.0852245335
 05/02  18:00:00,7293797.44258621,1046173.335158005,2997927.162918083,0.0,437598.72270131967,2795386.93471743
 05/02  19:00:00,4528272.709856436,721903.5575086391,2036913.1734029027,0.0,494823.17105456913,1252464.7739936062
 05/02  20:00:00,3046531.6361299367,422542.39014644857,1184354.5157746365,0.0,375084.619458274,1033514.8632951715
 05/02  21:00:00,2273312.1551789916,217691.50231715618,609687.2942717376,0.0,420287.1248801686,989836.3327998455
 05/02  22:00:00,1160618.512439273,59354.75345291393,166389.45667619602,0.0,47510.71846471471,856328.3363900423
 05/02  23:00:00,899794.0743275833,0.0,0.0,0.0,47510.71846471471,830797.4153168182
 05/02  24:00:00,993485.973822495,0.0,0.0,0.0,47510.71846471471,930287.1082924102
 05/03  01:00:00,876975.6667980867,0.0,0.0,0.0,47510.71846471471,813776.8012680018
 05/03  02:00:00,868465.3597736787,0.0,0.0,0.0,47510.71846471471,805266.4942435939
 05/03  03:00:00,888762.7798207478,7440.10239023068,0.0,0.0,47510.71846471471,818123.8119004322
 05/03  04:00:00,974829.0386062312,16546.16947513776,0.0,0.0,47510.71846471471,895084.0036010087
 05/03  05:00:00,1128689.6406238773,23902.818802066802,0.0,0.0,47510.71846471471,1044657.3763697329
 05/03  06:00:00,1381583.2192749917,25414.005261327646,0.0,0.0,47510.71846471471,1296721.8619122547
 05/03  07:00:00,1772810.9879927437,15344.962343166673,0.0,0.0,47510.71846471471,1698359.7202235016
 05/03  08:00:00,2620340.273248496,0.0,0.0,0.0,47510.71846471471,2561575.014497755
 05/03  09:00:00,3466150.596188807,14237.390375892075,42676.052734984776,0.0,47510.71846471471,3352177.12770386
 05/03  10:00:00,6354172.231149765,277508.934749032,844288.1499672667,0.0,47510.71846471471,5177361.401111401
 05/03  11:00:00,6489528.283964289,605265.4800640675,1862780.6534555524,0.0,199083.37494323775,3817283.0753714186
 05/03  12:00:00,7305064.005997214,903646.8678258685,2778586.4579144223,0.0,193312.84233618737,3425425.277816726
 05/03  13:00:00,7524069.455464128,1120033.5613320735,3421714.511715035,0.0,191389.3314671706,2787180.5375211732
 05/03  14:00:00,7671732.454542356,1244289.0439761316,3769518.625498842,0.0,191389.3314671706,2462783.940171536
 05/03  15:00:00,7645896.639840256,1322523.5797752924,3959438.418779457,0.0,192351.086901679,2167490.994279818
 05/03  16:00:00,6944822.385457494,1310925.4346548868,3865454.4929644507,0.0,121854.41355221362,1640108.1574545945
 05/03  17:00:00,6310321.722408973,1184451.949410068,3437887.2620989787,0.0,208700.92928832167,1466662.8546242416
 05/03  18:00:00,5358509.061130011,966919.7408258409,2760007.225701753,0.0,291171.4577974166,1323699.3497136286
 05/03  19:00:00,4509156.575614475,691902.1755048666,1947393.6786820102,0.0,558779.9074493774,1288912.7800815024
 05/03  20:00:00,3472788.0524268365,414514.6540943098,1160392.0838056535,0.0,703043.2226256366,1163802.8444458307
 05/03  21:00:00,2802230.2463354403,228018.75618065032,638629.640614447,0.0,793448.2334694257,1106323.715160833
 05/03  22:00:00,1532228.12265032,69825.49508075774,196019.5647281694,0.0,300067.6955666192,935280.1198193677
 05/03  23:00:00,1007608.2314998708,0.0,0.0,0.0,119353.8494224918,866768.4415313287
 05/03  24:00:00,993485.973822495,0.0,0.0,0.0,47510.71846471471,930287.1082924102
 05/04  01:00:00,876975.6667980867,0.0,0.0,0.0,47510.71846471471,813776.8012680018
 05/04  02:00:00,868465.3597736787,0.0,0.0,0.0,47510.71846471471,805266.4942435939
 05/04  03:00:00,885279.9550627026,3957.2776321855954,0.0,0.0,47510.71846471471,818123.8119004322
 05/04  04:00:00,971072.2132755134,12789.34414441986,0.0,0.0,47510.71846471471,895084.0036010087
 05/04  05:00:00,2869728.571711435,13334.486571408173,0.0,0.0,78455.19957002232,2765320.158582642
 05/04  06:00:00,2895801.8963848203,11548.591932926895,0.0,0.0,176001.24451503626,2696315.4263001624
 05/04  07:00:00,2019324.4221157767,9663.151732867213,0.0,0.0,216394.97276438883,1781670.7106571603
 05/04  08:00:00,2870601.065419349,0.0,0.0,0.0,217356.72819889724,2641989.7969344254
 05/04  09:00:00,3744603.8412933555,24009.168203483525,73289.15756370281,0.0,212547.95102635527,3425208.257590458
 05/04  10:00:00,4859852.212200894,267494.5611721412,832568.2896764317,0.0,206777.4184193049,3545508.916075665
 05/04  11:00:00,6574303.63939338,680954.0403962662,2156470.8974499293,0.0,199083.37494323775,3532679.6264739353
 05/04  12:00:00,8130498.766027801,1074209.8627779074,3433458.2229929697,0.0,193312.84233618737,3425425.277816726
 05/04  13:00:00,9686774.656859651,1442333.289055395,4622561.673258061,0.0,191389.3314671706,3426738.8496503495
 05/04  14:00:00,10187663.989666458,1708081.20660985,5466703.134757532,0.0,191389.3314671706,2817738.803403229
 05/04  15:00:00,10046560.614948053,1851993.6839094367,5891185.218725031,0.0,156140.99479243794,2143148.157417137
 05/04  16:00:00,9798327.082699047,1905882.367942995,5992377.979928214,0.0,196198.10863971253,1697388.7393567767
 05/04  17:00:00,9258242.94861707,1798775.4174713003,5538598.238114052,0.0,329882.11403637944,1578368.4520079743
 05/04  18:00:00,7913307.610741683,1513379.2378057092,4500765.397538628,0.0,437598.72270131967,1444852.9656046527
 05/04  19:00:00,6163813.086290585,1106050.3154124941,3187902.049450493,0.0,558779.9074493774,1288912.7800815024
 05/04  20:00:00,4811540.571414285,758034.9776313795,2155624.279256033,0.0,703043.2226256366,1163802.8444458307
 05/04  21:00:00,3235053.8406382594,465490.7995205181,1323629.6825276434,0.0,420287.1248801686,989836.3327998455
 05/04  22:00:00,2340344.8580270396,278686.79940844857,795274.9957771982,0.0,300067.6955666192,935280.1198193677
 05/04  23:00:00,1657699.832309153,158660.26092544658,455493.2874930731,0.0,143301.55974175083,878758.7836028321
 05/04  24:00:00,1193654.615922847,33172.39631005467,95951.10889374372,0.0,83191.84508497614,965651.1185687025
 05/05  01:00:00,1018407.962842151,27823.95083810315,80724.38375357377,0.0,59436.4858526188,834734.9953324853
 05/05  02:00:00,875278.3113409942,0.0,0.0,0.0,47510.71846471471,812420.4924862436
 05/05  03:00:00,3007831.933087026,0.0,0.0,0.0,47510.71846471471,2944974.1142322747
 05/05  04:00:00,5211938.796990193,0.0,0.0,0.0,47510.71846471471,5148739.931460109
 05/05  05:00:00,1107515.1952244835,0.0,0.0,0.0,47510.71846471471,1044657.3763697329
 05/05  06:00:00,1359238.634091671,0.0,0.0,0.0,47510.71846471471,1296721.8619122547
 05/05  07:00:00,3665539.1379401805,49353.0314032857,150843.92181550915,0.0,47510.71846471471,3403848.552567972
 05/05  08:00:00,7629130.511907503,325296.9096273127,1021231.7321458985,0.0,217356.72819889724,6052967.461623365
 05/05  09:00:00,6186177.983238657,539914.8584807029,1760784.206693584,0.0,377008.1303272908,3498239.3874770557
 05/05  10:00:00,8863134.291175112,988332.4954271433,3304270.863108308,0.0,365467.06511319004,4196878.747318451
 05/05  11:00:00,10531026.564903282,1556113.5448377372,5237693.271843025,0.0,199083.37494323775,3532679.6264739353
 05/05  12:00:00,12156405.26221993,1919407.2674421382,6440578.628122193,0.0,302231.64529426314,3490095.1612573257
 05/05  13:00:00,12691964.028010923,2190464.0522437477,7286987.565696871,0.0,334690.8912089214,2876070.005432709
 05/05  14:00:00,12797706.74357479,2306054.877522939,7606128.511675102,0.0,334690.8912089214,2547080.9497391535
 05/05  15:00:00,12368920.275676878,2332103.373370738,7612265.776689539,0.0,228416.9156957438,2192041.649816849
 05/05  16:00:00,11862668.631239578,2302333.452517833,7397596.943175249,0.0,344308.44555400533,1811949.9031611413
 05/05  17:00:00,11050210.47014292,2089108.5360848515,6555591.136976367,0.0,249094.65753767424,2143456.365881329
 05/05  18:00:00,10393528.446588729,1799657.9869986025,5433708.188686981,0.0,388789.63440001867,2755002.3960870886
 05/05  19:00:00,7111722.5032288,1336442.7074000211,3907124.307777852,0.0,558779.9074493774,1288912.7800815024
 05/05  20:00:00,5551575.907578183,941924.6122075941,2714498.354246388,0.0,703043.2226256366,1163802.8444458307
 05/05  21:00:00,4454466.098286384,650086.7671917937,1871184.8082815865,0.0,793448.2334694257,1106323.715160833
 05/05  22:00:00,2893725.991938748,419313.2810117112,1210075.9281376489,0.0,300067.6955666192,935280.1198193677
 05/05  23:00:00,2729874.9292126326,285068.64092355524,825011.7506501573,0.0,143301.55974175083,1456371.2240524553
 05/05  24:00:00,1666564.524693243,154126.0469211893,447907.3670530051,0.0,83191.84508497614,965651.1185687025
 05/06  01:00:00,1387260.2116759336,126429.10265120855,367413.4615004447,0.0,53473.602158666756,824255.8983002435
 05/06  02:00:00,1185632.339486483,81355.76198569407,236152.2644024443,0.0,47510.71846471471,805266.4942435939
 05/06  03:00:00,1049001.1989591755,43098.02748894867,124921.54071504402,0.0,47510.71846471471,818123.8119004322
 05/06  04:00:00,1011753.9591353653,13724.368874627206,39746.72112964462,0.0,47510.71846471471,895084.0036010087
 05/06  05:00:00,1107515.1952244835,0.0,0.0,0.0,47510.71846471471,1044657.3763697329
 05/06  06:00:00,1478001.2225814266,7569.969661879315,22417.558165149887,0.0,111755.98148987547,1321251.65954982
 05/06  07:00:00,2348170.3936220054,82945.9804005221,253175.81611123472,0.0,216394.97276438883,1781670.7106571603
 05/06  08:00:00,4690424.596330257,297918.07548456005,943269.8749507233,0.0,217356.72819889724,3219602.2373840483
 05/06  09:00:00,6531504.806283645,631884.6364495747,2073514.0790665834,0.0,335893.08550205687,3479981.6050054063
 05/06  10:00:00,8370432.301382334,1057023.301245415,3552937.54543393,0.0,206777.4184193049,3545508.916075665
 05/06  11:00:00,10968078.41623341,1647857.1887542333,5583001.479256657,0.0,199083.37494323775,3532679.6264739353
 05/06  12:00:00,12394790.161822505,1993653.5700749985,6778305.911490584,0.0,193312.84233618737,3425425.277816726
 05/06  13:00:00,12780406.524606574,2238545.843673793,7559539.298515761,0.0,191389.3314671706,2787180.5375211732
 05/06  14:00:00,12854160.468048926,2348542.659061686,7847693.023919857,0.0,191389.3314671706,2462783.940171536
 05/06  15:00:00,12611400.543917807,2383838.471790362,7863627.430841936,0.0,192351.086901679,2167490.994279818
 05/06  16:00:00,11804918.582140554,2332673.2451145193,7572178.602198196,0.0,196198.10863971253,1697388.7393567767
 05/06  17:00:00,12719397.343898155,2201964.6473933756,6968362.451830523,0.0,289488.38578702684,3246622.0852245335
 05/06  18:00:00,9711497.974768484,1857422.199253932,5670650.397895057,0.0,437598.72270131967,1729456.4145021362
 05/06  19:00:00,7475124.205900762,1417722.8107506395,4189245.907099194,0.0,558779.9074493774,1288912.7800815024
 05/06  20:00:00,5924974.012838738,1029669.2036652487,3000151.868049289,0.0,703043.2226256366,1163802.8444458307
 05/06  21:00:00,4796169.45314897,730965.7965366032,2132009.1337993634,0.0,793448.2334694257,1106323.715160833
 05/06  22:00:00,3631770.195665883,517526.6847611167,1518844.5401077427,0.0,553009.374842327,1013400.628551295
 05/06  23:00:00,2555810.6223313734,365523.8212378026,1076036.248035847,0.0,191389.33146717056,902739.4677458392
 05/06  24:00:00,1880635.728824513,220603.78765513317,648784.6831227464,0.0,56431.00011978007,939128.1108614833
 05/07  01:00:00,1595613.3373692213,182954.8233376934,535682.847233441,0.0,47510.71846471471,813776.8012680018
 05/07  02:00:00,1355094.890263285,123341.16008338546,359711.3712848961,0.0,47510.71846471471,808843.4933649187
 05/07  03:00:00,1143530.9728666176,67064.79705083351,195143.49838526716,0.0,47510.71846471471,818123.8119004322
 05/07  04:00:00,1150036.338205364,49143.19666724684,142610.27240702382,0.0,47510.71846471471,895084.0036010087
 05/07  05:00:00,1180657.9793779328,19439.41032184949,56431.747234273076,0.0,47510.71846471471,1044657.3763697329
 05/07  06:00:00,1504530.0301875405,26312.042943647168,77661.24289886611,0.0,79633.34997729509,1308986.7607310372
 05/07  07:00:00,3053686.640451538,115149.88789940765,351263.0417195979,0.0,216394.97276438883,2359283.151106783
 05/07  08:00:00,4166494.745749642,327046.16435085685,1031412.7140221496,0.0,174895.2257653516,2621886.1013252577
 05/07  09:00:00,7460757.754157889,692651.8028991104,2245321.44159586,0.0,130029.33474553499,4383205.868008028
 05/07  10:00:00,8461897.947564412,1092345.0777465075,3609763.5084655834,0.0,206777.4184193049,3545508.916075665
 05/07  11:00:00,10753634.928779932,1628860.8777156766,5387895.34951707,0.0,199083.37494323775,3532679.6264739353
 05/07  12:00:00,11932064.49377088,1931670.2071353728,6377563.606378585,0.0,193312.84233618737,3425425.277816726
 05/07  13:00:00,12176536.02304836,2145134.687907333,7049079.952724008,0.0,191389.3314671706,2787180.5375211732
 05/07  14:00:00,12198015.478324847,2242598.397984364,7297492.295273102,0.0,191389.3314671706,2462783.940171536
 05/07  15:00:00,13150776.003612757,2315645.744270426,7416065.958364857,0.0,228416.9156957438,3186554.825177718
 05/07  16:00:00,11524022.13818925,2259490.74539919,7101793.157243564,0.0,344308.44555400533,1811949.9031611413
 05/07  17:00:00,10340177.058715448,2049512.816229039,6292166.022077428,0.0,370275.84228573204,1615603.6511358852
 05/07  18:00:00,8736970.313746355,1718248.7178487065,5119558.620500304,0.0,437598.72270131967,1444852.9656046527
 05/07  19:00:00,6969246.018489951,1307569.0829575267,3791816.2141048256,0.0,558779.9074493774,1288912.7800815024
 05/07  20:00:00,5548177.571675253,945657.9235184833,2704638.333629897,0.0,703043.2226256366,1163802.8444458307
 05/07  21:00:00,4313504.970593604,649840.2332298032,1850495.0105610194,0.0,700157.9563221114,1077201.8695705861
 05/07  22:00:00,2881305.437860269,420238.74244217575,1194683.6325767003,0.0,300067.6955666192,935280.1198193677
 05/07  23:00:00,2093238.5656296322,273379.2982114762,776312.9835275225,0.0,143301.55974175083,878758.7836028321
 05/07  24:00:00,1528142.3044703905,120622.97403111708,342988.2197202248,0.0,83191.84508497614,965651.1185687025
 05/08  01:00:00,1292342.0689130214,99526.19238743905,282956.24827510805,0.0,59436.4858526188,834734.9953324853
 05/08  02:00:00,1026212.5062526581,39138.872860345626,111454.27537598404,0.0,47510.71846471471,812420.4924862436
 05/08  03:00:00,881322.677430517,0.0,0.0,0.0,47510.71846471471,818123.8119004322
 05/08  04:00:00,958282.8691310935,0.0,0.0,0.0,47510.71846471471,895084.0036010087
 05/08  05:00:00,1166278.0631201395,0.0,0.0,0.0,88770.02660512485,1064889.3095276516
 05/08  06:00:00,2483941.1559120733,0.0,0.0,0.0,143974.78854590672,2328029.733729472
 05/08  07:00:00,3742360.1563144913,70433.45668674086,213691.69705643988,0.0,385663.92923786637,3060975.486372083
 05/08  08:00:00,4218076.212678077,266681.0034829909,830148.6494310803,0.0,387587.4401068832,2722404.5793710956
 05/08  09:00:00,7939113.691480828,561670.3651367084,1790523.9030701807,0.0,212547.95102635527,5364822.1653382275
 05/08  10:00:00,9378352.674610075,955410.8162068642,3086058.355989468,0.0,206777.4184193049,5122603.057137086
 05/08  11:00:00,18142639.54137459,1620259.13183451,5184102.815978181,0.0,199083.37494323775,11134078.518488651
 05/08  12:00:00,10993275.870769303,1694961.2097437389,5410253.676781177,0.0,193312.84233618737,3690655.58180419
 05/08  13:00:00,10521535.03936346,1812924.7982193627,5726288.858727078,0.0,191389.3314671706,2787180.5375211732
 05/08  14:00:00,10135788.91339063,1853166.397404189,5796362.121256342,0.0,83480.37171532869,2399028.509586095
 05/08  15:00:00,13537795.446155883,2018616.0228368542,6220327.83852012,0.0,119930.90268319685,5174828.122011703
 05/08  16:00:00,9610265.31081934,1902974.753641522,5807223.822349982,0.0,196198.10863971253,1697388.7393567767
 05/08  17:00:00,8751212.183259476,1742237.7282898277,5238652.76445579,0.0,208700.92928832167,1549002.034238175
 05/08  18:00:00,7675939.341213627,1475722.705790515,4341104.925299515,0.0,144936.54398041512,1697463.8790518092
 05/08  19:00:00,5862617.434437398,1134867.3970337985,3259508.2859068196,0.0,302952.9618701444,1143120.7557299174
 05/08  20:00:00,4764021.774657262,807657.3650115228,2287606.3872778756,0.0,539063.9210419552,1098658.8538705013
 05/08  21:00:00,4087582.4188524024,562937.9527222336,1589062.6165898263,0.0,793448.2334694257,1106323.715160833
 05/08  22:00:00,2324176.868193812,341187.4284988252,965237.9472520164,0.0,110649.96274019084,876066.2822473736
 05/08  23:00:00,1729762.2967244214,216191.090090503,613777.1323063353,0.0,47510.71846471471,830797.4153168182
 05/08  24:00:00,1330871.622146728,87529.34021903084,249856.30810520233,0.0,47510.71846471471,930287.1082924102
 05/09  01:00:00,1174160.7412832715,77068.80148406641,220116.2730011182,0.0,47510.71846471471,813776.8012680018
 05/09  02:00:00,977429.4025328682,28309.05179380271,80654.99096538677,0.0,47510.71846471471,805266.4942435939
 05/09  03:00:00,881322.677430517,0.0,0.0,0.0,47510.71846471471,818123.8119004322
 05/09  04:00:00,958282.8691310935,0.0,0.0,0.0,47510.71846471471,895084.0036010087
 05/09  05:00:00,1104786.8218218104,0.0,0.0,0.0,47510.71846471471,1044657.3763697329
 05/09  06:00:00,2439457.4500372596,0.0,0.0,0.0,111755.98148987547,2315764.834910689
 05/09  07:00:00,2261530.986077075,0.0,0.0,0.0,385663.92923786637,1864271.469877848
 05/09  08:00:00,3025302.464217483,38777.41174082307,115923.98705731111,0.0,217356.72819889724,2641989.7969344254
 05/09  09:00:00,4710952.672336567,231837.43350456696,713064.0687120655,0.0,294778.04067682306,3461723.8225337565
 05/09  10:00:00,5526342.07717638,467861.712376781,1473368.288894772,0.0,87327.39345336225,3490281.655594114
 05/09  11:00:00,7379315.320798758,876091.0528688992,2766345.566382674,0.0,199083.37494323775,3532679.6264739353
 05/09  12:00:00,8545430.537446387,1192654.5756347831,3729945.2815546812,0.0,193312.84233618737,3425425.277816726
 05/09  13:00:00,8815435.82802755,1426963.9802662658,4406150.465344265,0.0,191389.3314671706,2787180.5375211732
 05/09  14:00:00,8799862.699072424,1508554.2523029651,4633383.661702078,0.0,191389.3314671706,2462783.940171536
 05/09  15:00:00,8667359.367163036,1550746.945697392,4752677.780180139,0.0,192351.086901679,2167490.994279818
 05/09  16:00:00,8575777.31527767,1629873.972386201,4963497.428449698,0.0,196198.10863971253,1779727.9189707101
 05/09  17:00:00,8750387.071454208,1618740.173617951,4870762.198723378,0.0,249094.65753767427,1999171.3145878422
 05/09  18:00:00,7588299.866654333,1440262.9349876312,4248873.9562693555,0.0,437598.72270131967,1444852.9656046527
 05/09  19:00:00,8363862.743049031,1173460.3951903172,3380927.718683347,0.0,558779.9074493774,3228526.687829272
 05/09  20:00:00,6215395.960102677,845520.9190223073,2399108.025268184,0.0,703043.2226256366,2236688.5457311436
 05/09  21:00:00,3800271.1133499006,551288.2494641864,1558225.2598204943,0.0,606867.6791747971,1048080.0239803392
 05/09  22:00:00,2222785.3109308183,336354.27529020584,951556.7333304498,0.0,47510.71846471471,856328.3363900423
 05/09  23:00:00,1683699.0802147405,204733.57891219814,579171.426974959,0.0,47510.71846471471,830797.4153168182
 05/09  24:00:00,1192153.8005227752,51804.97770471714,146862.84899556302,0.0,47510.71846471471,930287.1082924102
 05/10  01:00:00,1046298.0119599018,44152.24849145436,125170.0966703608,0.0,47510.71846471471,813776.8012680018
 05/10  02:00:00,877160.5458362708,2266.230875691142,6428.955186900956,0.0,47510.71846471471,805266.4942435939
 05/10  03:00:00,881322.677430517,0.0,0.0,0.0,47510.71846471471,818123.8119004322
 05/10  04:00:00,958282.8691310935,0.0,0.0,0.0,47510.71846471471,895084.0036010087
 05/10  05:00:00,1104786.8218218104,0.0,0.0,0.0,47510.71846471471,1044657.3763697329
 05/10  06:00:00,1356169.214013664,0.0,0.0,0.0,47510.71846471471,1296721.8619122547
 05/10  07:00:00,2009661.2703829096,0.0,0.0,0.0,216394.97276438883,1781670.7106571603
 05/10  08:00:00,3382652.5551952934,66312.62954449563,195093.3658867928,0.0,387587.4401068832,2722404.5793710956
 05/10  09:00:00,4619742.743299533,198146.86227458547,596171.8836081291,0.0,335893.08550205687,3479981.6050054063
 05/10  10:00:00,7252927.301005907,370341.81327459635,1132703.8451370364,0.0,206777.4184193049,5535601.197317619
 05/10  11:00:00,5318061.0909298025,386515.9222605044,1194666.467122113,0.0,199083.37494323775,3532679.6264739353
 05/10  12:00:00,9605093.215315687,499752.66831409093,1541194.3743037246,0.0,193312.84233618737,7366740.770257674
 05/10  13:00:00,7690863.07361246,602468.3342565729,1846630.241015586,0.0,191389.3314671706,5046623.653444455
 05/10  14:00:00,5513653.240754867,707338.800622157,2148389.6550653274,0.0,191389.3314671706,2462783.940171536
 05/10  15:00:00,5809370.223779345,862072.1310336858,2583363.451460152,0.0,192351.086901679,2167490.994279818
 05/10  16:00:00,5506807.917821516,913414.6122286677,2693326.570765011,0.0,196198.10863971253,1697388.7393567767
 05/10  17:00:00,8080399.123068537,909585.0939467321,2633783.2382848505,0.0,249094.65753767427,4275317.406311916
 05/10  18:00:00,9532886.428546593,854882.126003554,2432780.0666705864,0.0,437598.72270131967,5790914.22607976
 05/10  19:00:00,6990742.921225707,635043.843497107,1787606.489336364,0.0,558779.9074493774,3987144.6470461404
 05/10  20:00:00,3247731.802354747,354988.0189970621,994862.4688308117,0.0,703043.2226256366,1163802.8444458307
 05/10  21:00:00,2694783.7164275744,200099.4156764388,559102.4512107928,0.0,793448.2334694257,1106323.715160833
 05/10  22:00:00,1685071.352929739,66722.47518252663,186434.72090200195,0.0,426538.5352044731,974340.3741853314
 05/10  23:00:00,899794.0743275833,0.0,0.0,0.0,47510.71846471471,830797.4153168182
 05/10  24:00:00,993485.973822495,0.0,0.0,0.0,47510.71846471471,930287.1082924102
 05/11  01:00:00,876975.6667980867,0.0,0.0,0.0,47510.71846471471,813776.8012680018
 05/11  02:00:00,868465.3597736787,0.0,0.0,0.0,47510.71846471471,805266.4942435939
 05/11  03:00:00,885018.4780335905,3695.8006030733895,0.0,0.0,47510.71846471471,818123.8119004322
 05/11  04:00:00,983399.0402882111,12438.068292238695,0.0,0.0,48664.82498612478,906607.9999444773
 05/11  05:00:00,1184875.558308516,18597.495188376342,0.0,0.0,88770.02660512485,1064889.3095276516
 05/11  06:00:00,1598109.4757351466,19906.4345212161,0.0,0.0,208220.05157106748,1358046.356006168
 05/11  07:00:00,2018513.8158733957,8852.545490485969,0.0,0.0,216394.97276438883,1781670.7106571603
 05/11  08:00:00,2870601.065419349,0.0,0.0,0.0,217356.72819889724,2641989.7969344254
 05/11  09:00:00,3647305.515526169,0.0,0.0,0.0,212547.95102635527,3425208.257590458
 05/11  10:00:00,4087912.9767787457,82548.7501604016,245574.86526602344,0.0,206777.4184193049,3545508.916075665
 05/11  11:00:00,4823950.882397244,271320.8563721587,815751.3244778999,0.0,199083.37494323775,3532679.6264739353
 05/11  12:00:00,5789058.313999649,553523.2880234307,1670681.2436295901,0.0,156862.3113683192,3403898.9108742997
 05/11  13:00:00,6102941.142423523,805776.4438157872,2431227.356647712,0.0,119450.02496594266,2742735.8035654053
 05/11  14:00:00,6704446.139728212,1011159.6615612227,3035361.693099607,0.0,191389.3314671706,2462783.940171536
 05/11  15:00:00,6862634.772810485,1130604.267044465,3368095.864480512,0.0,192351.086901679,2167490.994279818
 05/11  16:00:00,6523216.361490795,1171355.1705127722,3451794.456150186,0.0,196198.10863971253,1697388.7393567767
 05/11  17:00:00,6251709.304714919,1108890.4000188455,3221949.6116643576,0.0,329882.11403637944,1578368.4520079743
 05/11  18:00:00,5292757.984566558,902319.1659962161,2580469.4701046394,0.0,388789.63440001867,1404468.4269743115
 05/11  19:00:00,4387642.923489128,659965.9032311644,1857816.2988303655,0.0,558779.9074493774,1288912.7800815024
 05/11  20:00:00,3435118.479548402,405215.6384680846,1132021.5265534439,0.0,703043.2226256366,1163802.8444458307
 05/11  21:00:00,2754222.0572222136,216082.08733342908,602558.1203484418,0.0,793448.2334694257,1106323.715160833
 05/11  22:00:00,1650396.5365579692,57656.40854552545,160825.9711672332,0.0,426538.5352044731,974340.3741853314
 05/11  23:00:00,899794.0743275833,0.0,0.0,0.0,47510.71846471471,830797.4153168182
 05/11  24:00:00,993485.973822495,0.0,0.0,0.0,47510.71846471471,930287.1082924102
 05/12  01:00:00,876975.6667980867,0.0,0.0,0.0,47510.71846471471,813776.8012680018
 05/12  02:00:00,870653.8267704583,2529.5136721136014,0.0,0.0,47510.71846471471,805266.4942435939
 05/12  03:00:00,894031.0272425812,13049.396487398184,0.0,0.0,47510.71846471471,818123.8119004322
 05/12  04:00:00,979951.2697802194,21668.400649125968,0.0,0.0,47510.71846471471,895084.0036010087
 05/12  05:00:00,1198162.5391079332,29156.102585120665,0.0,0.0,88770.02660512485,1064889.3095276516
 05/12  06:00:00,2730782.670257038,21545.91597978999,0.0,0.0,304876.47273916117,2389354.227823385
 05/12  07:00:00,2274620.5072023603,10702.194397946403,0.0,0.0,385663.92923786637,1864271.469877848
 05/12  08:00:00,2996946.9526176793,0.0,0.0,0.0,302472.0841528902,2682197.1881527607
 05/12  09:00:00,3707360.4361737203,0.0,0.0,0.0,253662.99585158913,3443466.040062107
 05/12  10:00:00,4076732.066038795,138149.343446261,411014.3151528698,0.0,47510.71846471471,3471872.56876693
 05/12  11:00:00,4984379.09051908,355469.0277023078,1066129.4112990077,0.0,85403.88258434547,3471920.0221280726
 05/12  12:00:00,6191628.539457911,643135.1020534082,1925662.75714758,0.0,193312.84233618737,3425425.277816726
 05/12  13:00:00,6309908.97469303,836458.6277700796,2491128.964505932,0.0,191389.3314671706,2787180.5375211732
 05/12  14:00:00,6394932.0290813325,943921.4037722752,2793085.8402416753,0.0,191389.3314671706,2462783.940171536
 05/12  15:00:00,6471982.987930484,1028164.2196832752,3019267.6426306055,0.0,228416.9156957438,2192041.649816849
 05/12  16:00:00,5818235.515306689,1017645.5039976134,2966479.6782912547,0.0,158881.99778078683,1668748.4484056856
 05/12  17:00:00,6494123.962626632,921392.3483519142,2657008.099206798,0.0,329882.11403637944,2572881.627368843
 05/12  18:00:00,4730208.429835746,695651.037959361,1983259.4543347426,0.0,437598.72270131967,1597328.9744242849
 05/12  19:00:00,10988046.85622162,396121.28897846927,1122371.1871775072,0.0,558779.9074493774,8890311.672096217
 05/12  20:00:00,5204318.760574238,274342.20506309555,775380.49846366,0.0,703043.2226256366,3423245.9603691124
 05/12  21:00:00,2281226.4871522174,154871.35326223928,437984.856552097,0.0,606867.6791747971,1048080.0239803392
 05/12  22:00:00,1369433.4973974586,27438.143084994772,77658.57152307553,0.0,300067.6955666192,935280.1198193677
 05/12  23:00:00,934367.9400170092,0.0,0.0,0.0,71458.42878397374,842787.7573883217
 05/12  24:00:00,993485.973822495,0.0,0.0,0.0,47510.71846471471,930287.1082924102
 05/13  01:00:00,876975.6667980867,0.0,0.0,0.0,47510.71846471471,813776.8012680018
 05/13  02:00:00,868124.3130983446,0.0,0.0,0.0,47510.71846471471,805266.4942435939
 05/13  03:00:00,882824.5460374329,1842.9152822499905,0.0,0.0,47510.71846471471,818123.8119004322
 05/13  04:00:00,967800.9968344974,9518.127703404054,0.0,0.0,47510.71846471471,895084.0036010087
 05/13  05:00:00,1123036.9916354825,15521.796410999017,0.0,0.0,47510.71846471471,1044657.3763697329
 05/13  06:00:00,1508912.6217913567,16511.396705596253,0.0,0.0,143878.61300245588,1333516.5583686028
 05/13  07:00:00,1770370.564920948,10517.212544032223,0.0,0.0,47510.71846471471,1698359.7202235016
 05/13  08:00:00,2871624.205445351,0.0,0.0,0.0,217356.72819889724,2641989.7969344254
 05/13  09:00:00,3647987.608876837,0.0,0.0,0.0,212547.95102635527,3425208.257590458
 05/13  10:00:00,5088603.757423546,84853.91105372853,248765.21630595895,0.0,206777.4184193049,4540022.091436534
 05/13  11:00:00,4470323.2107088985,185170.4438551241,547933.0186312557,0.0,199083.37494323775,3532679.6264739353
 05/13  12:00:00,5288372.798875103,435039.9757217147,1288479.04080676,0.0,156862.3113683192,3403898.9108742997
 05/13  13:00:00,5957298.878925655,693845.6379873967,2048940.830867953,0.0,334690.8912089214,2876070.005432709
 05/13  14:00:00,6217537.495718995,860638.9871636744,2528274.7965059127,0.0,298865.5012734837,2526006.697347249
 05/13  15:00:00,6168656.963027009,972516.8718132954,2832205.4499282064,0.0,192351.086901679,2167490.994279818
 05/13  16:00:00,5950440.533376494,1009273.5455230012,2909764.5026663262,0.0,270253.27709685895,1754669.321258959
 05/13  17:00:00,5215194.212240398,915332.7317864961,2611537.922878641,0.0,208700.92928832167,1466662.8546242416
 05/13  18:00:00,4630239.158773423,739793.0285398772,2087672.2757608865,0.0,339980.5460987176,1446423.0679579035
 05/13  19:00:00,5028200.724697422,538735.07393978,1506945.3258264125,0.0,558779.9074493774,2403277.616961804
 05/13  20:00:00,2968252.5043525454,282838.25065098546,790261.3125773596,0.0,703043.2226256366,1163802.8444458307
 05/13  21:00:00,1860624.4030760848,109802.21201480474,307276.1591985211,0.0,420287.1248801686,989836.3327998455
 05/13  22:00:00,1290212.6366631668,6804.308127326002,19071.545746452633,0.0,300067.6955666192,935280.1198193677
 05/13  23:00:00,934367.9400170092,0.0,0.0,0.0,71458.42878397374,842787.7573883217
 05/13  24:00:00,993485.973822495,0.0,0.0,0.0,47510.71846471471,930287.1082924102
 05/14  01:00:00,876975.6667980867,0.0,0.0,0.0,47510.71846471471,813776.8012680018
 05/14  02:00:00,869853.0735079048,1387.7137342259746,0.0,0.0,47510.71846471471,805266.4942435939
 05/14  03:00:00,889134.131849824,7811.454419307,0.0,0.0,47510.71846471471,818123.8119004322
 05/14  04:00:00,4932785.202178629,20508.737741708796,0.0,0.0,48664.82498612478,4847923.492385427
 05/14  05:00:00,7446669.931486971,32523.128571913065,0.0,0.0,88770.02660512485,7312758.04932257
 05/14  06:00:00,1636135.4550772002,13448.707988456026,0.0,0.0,240438.85862709873,1370311.2548249508
 05/14  07:00:00,2264953.827651064,3422.8415739892043,0.0,0.0,385663.92923786637,1864271.469877848
 05/14  08:00:00,3121246.5597640052,0.0,0.0,0.0,387587.4401068832,2722404.5793710956
 05/14  09:00:00,3993482.022300284,27405.84824193635,81279.34934464534,0.0,377008.1303272908,3498239.3874770557
 05/14  10:00:00,5708770.863097829,238610.3037510514,715858.0226335879,0.0,206777.4184193049,4540022.091436534
 05/14  11:00:00,5617171.983236872,467035.37932841404,1413257.902361272,0.0,199083.37494323775,3532679.6264739353
 05/14  12:00:00,6612645.836329474,743443.2195380013,2246371.93653455,0.0,193312.84233618737,3425425.277816726
 05/14  13:00:00,6699264.170510038,928273.9426687215,2788668.8454242977,0.0,191389.3314671706,2787180.5375211732
 05/14  14:00:00,6783992.412795017,1035343.510371308,3090724.1173563264,0.0,191389.3314671706,2462783.940171536
 05/14  15:00:00,6796695.338235404,1118122.1347739862,3314638.562175911,0.0,192351.086901679,2167490.994279818
 05/14  16:00:00,6566742.901064308,1152783.0078911276,3382557.407986014,0.0,270253.27709685895,1754669.321258959
 05/14  17:00:00,6179383.9854681445,1072032.3231119423,3108853.4419472213,0.0,370275.84228573204,1615603.6511358852
 05/14  18:00:00,5458002.924501201,921583.61425081,2637256.334853046,0.0,437598.72270131967,1444852.9656046527
 05/14  19:00:00,4399426.036493746,659617.407429244,1869947.9076369025,0.0,558779.9074493774,1288912.7800815024
 05/14  20:00:00,3455354.5672829677,406973.7324986008,1150499.5202574942,0.0,703043.2226256366,1163802.8444458307
 05/14  21:00:00,2266660.0257321843,214211.16145221246,606515.5056898738,0.0,420287.1248801686,989836.3327998455
 05/14  22:00:00,1556133.9254695494,75521.86552301742,214228.99710513902,0.0,300067.6955666192,935280.1198193677
 05/14  23:00:00,1015447.8463191795,2041.5385979626933,5798.076221346044,0.0,119353.8494224918,866768.4415313287
 05/14  24:00:00,993485.973822495,0.0,0.0,0.0,47510.71846471471,930287.1082924102
 05/15  01:00:00,876975.6667980867,0.0,0.0,0.0,47510.71846471471,813776.8012680018
 05/15  02:00:00,868465.3597736787,0.0,0.0,0.0,47510.71846471471,805266.4942435939
 05/15  03:00:00,881322.677430517,0.0,0.0,0.0,47510.71846471471,818123.8119004322
 05/15  04:00:00,959917.8521770046,1634.9830459109999,0.0,0.0,47510.71846471471,895084.0036010087
 05/15  05:00:00,2117271.1384330615,2598.3309257991477,0.0,0.0,57825.54549981724,2044228.535020082
 05/15  06:00:00,1538597.8282314844,4878.492892368032,0.0,0.0,176001.24451503626,1345781.4571873853
 05/15  07:00:00,2261938.1972536515,407.21117657670396,0.0,0.0,385663.92923786637,1864271.469877848
 05/15  08:00:00,2870601.065419349,0.0,0.0,0.0,217356.72819889724,2641989.7969344254
 05/15  09:00:00,3912782.33732611,66389.97799124861,199086.84380869207,0.0,212547.95102635527,3425208.257590458
 05/15  10:00:00,4981556.216053216,302545.06524339906,919221.7894574958,0.0,206777.4184193049,3545508.916075665
 05/15  11:00:00,6158171.7305110935,595137.6456004226,1826155.3833634849,0.0,199083.37494323775,3532679.6264739353
 05/15  12:00:00,7285412.809705282,924952.7024240298,2853583.2228449173,0.0,120411.78040045104,3382372.5439318735
 05/15  13:00:00,7689341.490980288,1179299.3965557045,3644104.75246456,0.0,119450.02496594266,2742735.8035654053
 05/15  14:00:00,8272138.157765377,1378033.2093017236,4236180.163396271,0.0,191389.3314671706,2462783.940171536
 05/15  15:00:00,9532623.265800737,1527862.6624068734,4646312.786747489,0.0,192351.086901679,3162004.1696406873
 05/15  16:00:00,7960685.91314885,1513746.626366689,4546872.551954323,0.0,196198.10863971253,1697388.7393567767
 05/15  17:00:00,7317616.073517042,1382298.9645691037,4087366.4910568167,0.0,249094.65753767427,1586237.233366086
 05/15  18:00:00,6986149.181706084,1177765.2903433514,3413947.655129697,0.0,437598.72270131967,1940126.2264403426
 05/15  19:00:00,5205100.35659791,866980.6104484608,2468259.02472185,0.0,558779.9074493774,1288912.7800815024
 05/15  20:00:00,4029603.913888368,558058.6998214638,1573663.8995400304,0.0,703043.2226256366,1163802.8444458307
 05/15  21:00:00,3208389.3184584086,333439.98086715257,939367.4880509131,0.0,793448.2334694257,1106323.715160833
 05/15  22:00:00,1914820.3825590704,169516.20249506138,479032.76035351446,0.0,300163.87111007003,935072.3011450182
 05/15  23:00:00,1084172.8003689167,48086.02502781807,136292.70101351544,0.0,47510.71846471471,830797.4153168182
 05/15  24:00:00,993485.973822495,0.0,0.0,0.0,47510.71846471471,930287.1082924102
 05/16  01:00:00,876975.6667980867,0.0,0.0,0.0,47510.71846471471,813776.8012680018
 05/16  02:00:00,868465.3597736787,0.0,0.0,0.0,47510.71846471471,805266.4942435939
 05/16  03:00:00,881322.677430517,0.0,0.0,0.0,47510.71846471471,818123.8119004322
 05/16  04:00:00,2951544.6760892672,0.0,0.0,0.0,47799.24509506723,2888057.2839288297
 05/16  05:00:00,1135532.442470975,0.0,0.0,0.0,68140.37253491978,1054773.3429486924
 05/16  06:00:00,1356169.214013664,0.0,0.0,0.0,47510.71846471471,1296721.8619122547
 05/16  07:00:00,1757466.025649577,0.0,0.0,0.0,47510.71846471471,1698359.7202235016
 05/16  08:00:00,2620340.273248496,0.0,0.0,0.0,47510.71846471471,2561575.014497755
 05/16  09:00:00,4446713.134950614,194082.26556619437,605325.3538582501,0.0,212547.95102635527,3425208.257590458
 05/16  10:00:00,6432785.085093651,562557.034953649,1782096.4644898113,0.0,206777.4184193049,3873851.1403735355
 05/16  11:00:00,14387513.061437868,1172190.7402535249,3695391.324080022,0.0,199083.37494323775,9315731.922031071
 05/16  12:00:00,14205170.76751982,1528111.9951972975,4800572.164206498,0.0,193312.84233618737,7679081.205675827
 05/16  13:00:00,9920621.090510333,1648958.0450583962,5173246.149208274,0.0,263040.111338046,2831625.271476941
 05/16  14:00:00,10230030.400101457,1783954.044663099,5560553.001061607,0.0,334690.8912089214,2547080.9497391535
 05/16  15:00:00,9861766.625576023,1834865.1799947913,5662966.804295725,0.0,192351.086901679,2167490.994279818
 05/16  16:00:00,9236057.260092184,1815331.3619283019,5520659.163336046,0.0,196198.10863971253,1697388.7393567767
 05/16  17:00:00,8192278.0848035775,1631658.4506610048,4872637.123242646,0.0,208700.92928832167,1466662.8546242416
 05/16  18:00:00,6764816.61753626,1330810.0267701154,3891618.123095369,0.0,242362.36949611554,1283314.8110832875
 05/16  19:00:00,5483522.140467241,1013015.4381341732,2901860.2083535832,0.0,366909.69826495263,1179568.7618178136
 05/16  20:00:00,3974484.228584328,660686.1612091535,1874163.337166323,0.0,375084.619458274,1033514.8632951715
 05/16  21:00:00,2933453.0824449146,420121.17898986116,1189714.4920590655,0.0,327093.0232763051,960714.4872095987
 05/16  22:00:00,2033779.0548799583,243283.88122313228,689866.4910810478,0.0,173789.20701566697,895804.228104705
 05/16  23:00:00,1379093.3037267341,124835.18880618527,354464.0405929656,0.0,47510.71846471471,830797.4153168182
 05/16  24:00:00,1002776.1294391487,2415.6142446775602,6874.5413719762055,0.0,47510.71846471471,930287.1082924102
 05/17  01:00:00,876975.6667980867,0.0,0.0,0.0,47510.71846471471,813776.8012680018
 05/17  02:00:00,868465.3597736787,0.0,0.0,0.0,47510.71846471471,805266.4942435939
 05/17  03:00:00,881322.677430517,0.0,0.0,0.0,47510.71846471471,818123.8119004322
 05/17  04:00:00,958282.8691310935,0.0,0.0,0.0,47510.71846471471,895084.0036010087
 05/17  05:00:00,1104786.8218218104,0.0,0.0,0.0,47510.71846471471,1044657.3763697329
 05/17  06:00:00,1444944.27467639,0.0,0.0,0.0,111755.98148987547,1321251.65954982
 05/17  07:00:00,2009661.2703829096,0.0,0.0,0.0,216394.97276438883,1781670.7106571603
 05/17  08:00:00,2892927.320197508,5615.526222230218,16710.728555929494,0.0,217356.72819889724,2641989.7969344254
 05/17  09:00:00,4179023.6917410316,132256.04961571412,399462.1265991485,0.0,212547.95102635527,3425208.257590458
 05/17  10:00:00,4877118.813971678,274971.8730679977,842357.5795513587,0.0,206777.4184193049,3545508.916075665
 05/17  11:00:00,8994277.007104356,539915.4750634306,1661460.0290364926,0.0,199083.37494323775,6588702.427931183
 05/17  12:00:00,6155427.184574353,619081.5629968077,1913514.9413206214,0.0,193312.84233618737,3425425.277816726
 05/17  13:00:00,6294580.235005137,813605.3825903691,2498653.4699977483,0.0,191389.3314671706,2787180.5375211732
 05/17  14:00:00,6811973.303023931,1028815.4852077875,3125233.0327487607,0.0,191389.3314671706,2462783.940171536
 05/17  15:00:00,7193963.8169210795,1208246.5418381693,3621782.633797403,0.0,192351.086901679,2167490.994279818
 05/17  16:00:00,7027541.889875682,1295368.8737514133,3832106.28129643,0.0,196198.10863971253,1697388.7393567767
 05/17  17:00:00,6989622.116530242,1274781.7129861233,3716342.183135139,0.0,370275.84228573204,1615603.6511358852
 05/17  18:00:00,6522498.124269953,1110176.190085582,3184816.734489156,0.0,437598.72270131967,1773195.1899025228
 05/17  19:00:00,10784822.021104332,794477.7764133909,2248067.1391969807,0.0,558779.9074493774,7161329.164147863
 05/17  20:00:00,4057842.509690512,567405.5313838763,1592555.6637797628,0.0,703043.2226256366,1163802.8444458307
 05/17  21:00:00,3264918.597949175,349075.10138646094,980261.6470223716,0.0,793448.2334694257,1106323.715160833
 05/17  22:00:00,2013314.2590897358,174178.11583627053,490099.17654106196,0.0,363399.290928997,954602.428328
 05/17  23:00:00,1084837.2594497253,48470.134883472296,136573.05023866965,0.0,47510.71846471471,830797.4153168182
 05/17  24:00:00,993485.973822495,0.0,0.0,0.0,47510.71846471471,930287.1082924102
 05/18  01:00:00,876975.6667980867,0.0,0.0,0.0,47510.71846471471,813776.8012680018
 05/18  02:00:00,868465.3597736787,0.0,0.0,0.0,47510.71846471471,805266.4942435939
 05/18  03:00:00,881322.677430517,0.0,0.0,0.0,47510.71846471471,818123.8119004322
 05/18  04:00:00,964621.9205635329,0.0,0.0,0.0,48087.77172541975,900846.001772743
 05/18  05:00:00,1104786.8218218104,0.0,0.0,0.0,47510.71846471471,1044657.3763697329
 05/18  06:00:00,1356169.214013664,0.0,0.0,0.0,47510.71846471471,1296721.8619122547
 05/18  07:00:00,1757466.025649577,0.0,0.0,0.0,47510.71846471471,1698359.7202235016
 05/18  08:00:00,2620340.273248496,0.0,0.0,0.0,47510.71846471471,2561575.014497755
 05/18  09:00:00,3970329.3134909845,81205.5503036098,241818.24766120565,0.0,212547.95102635527,3425208.257590458
 05/18  10:00:00,4679534.329707982,257490.45381810132,778706.0381692224,0.0,127144.0684420098,3508690.742421298
 05/18  11:00:00,5895954.079845239,534654.3259840825,1624421.052313973,0.0,199083.37494323775,3532679.6264739353
 05/18  12:00:00,6822977.282296542,822002.788553822,2494097.6093063867,0.0,120411.78040045104,3382372.5439318735
 05/18  13:00:00,6954285.7649231255,987975.8374676798,2983988.5450384263,0.0,191389.3314671706,2787180.5375211732
 05/18  14:00:00,6477629.523754641,952828.0976887066,2866876.6409985526,0.0,191389.3314671706,2462783.940171536
 05/18  15:00:00,7140388.341826041,948900.1018673994,2833040.4233122664,0.0,192351.086901679,3162004.1696406873
 05/18  16:00:00,5623560.1933371555,890580.476236086,2635909.356734238,0.0,307280.86132543214,1783309.61221005
 05/18  17:00:00,5212860.828925195,817242.026406871,2397120.582109344,0.0,370275.84228573204,1615603.6511358852
 05/18  18:00:00,4625503.255761562,698558.7765138417,2027781.5038503748,0.0,437598.72270131967,1444852.9656046527
 05/18  19:00:00,3942984.878655776,534513.1883604757,1538610.968867702,0.0,558779.9074493774,1288912.7800815024
 05/18  20:00:00,3261456.4053020533,352580.1065783724,1010994.9841968077,0.0,703043.2226256366,1163802.8444458307
 05/18  21:00:00,2472941.0378817674,202352.97646162633,579830.4573549202,0.0,606867.6791747971,1048080.0239803392
 05/18  22:00:00,1518639.347718472,65242.038464987294,187014.24641209192,0.0,300067.6955666192,935280.1198193677
 05/18  23:00:00,899794.0743275833,0.0,0.0,0.0,47510.71846471471,830797.4153168182
 05/18  24:00:00,993485.973822495,0.0,0.0,0.0,47510.71846471471,930287.1082924102
 05/19  01:00:00,876975.6667980867,0.0,0.0,0.0,47510.71846471471,813776.8012680018
 05/19  02:00:00,868124.3130983446,0.0,0.0,0.0,47510.71846471471,805266.4942435939
 05/19  03:00:00,883458.1554067864,2476.524651603365,0.0,0.0,47510.71846471471,818123.8119004322
 05/19  04:00:00,970443.6153743766,12160.746243283107,0.0,0.0,47510.71846471471,895084.0036010087
 05/19  05:00:00,1126992.3921349952,19477.196910511826,0.0,0.0,47510.71846471471,1044657.3763697329
 05/19  06:00:00,1379633.9457989533,20395.311707282188,0.0,0.0,47510.71846471471,1296721.8619122547
 05/19  07:00:00,1771300.3627541356,11447.010377219964,0.0,0.0,47510.71846471471,1698359.7202235016
 05/19  08:00:00,2621363.413274498,0.0,0.0,0.0,47510.71846471471,2561575.014497755
 05/19  09:00:00,3766733.2634706036,0.0,0.0,0.0,294778.04067682306,3461723.8225337565
 05/19  10:00:00,4380723.703604557,113310.97295772212,332605.9978285597,0.0,325794.65343971876,3600826.9591705366
 05/19  11:00:00,4750057.680667954,256286.43280298798,756551.4996424471,0.0,199083.37494323775,3532679.6264739353
 05/19  12:00:00,5584247.911024383,497466.3569504008,1463950.8738170601,0.0,193312.84233618737,3425425.277816726
 05/19  13:00:00,5678421.748679042,656953.0258953467,1923051.826540032,0.0,263040.111338046,2831625.271476941
 05/19  14:00:00,6505068.9934325665,778470.1899682404,2263463.008637953,0.0,334690.8912089214,3124693.390188777
 05/19  15:00:00,5571217.448795097,823989.2718718941,2383293.535637696,0.0,192351.086901679,2167490.994279818
 05/19  16:00:00,7482309.5322918175,907780.4139951776,2603512.725361704,0.0,270253.27709685895,3694283.229006728
 05/19  17:00:00,6398186.074799777,865335.2114803836,2461125.8949497663,0.0,370275.84228573204,2688489.352421198
 05/19  18:00:00,4553284.929114315,694692.355859858,1959770.6445324458,0.0,437598.72270131967,1444852.9656046527
 05/19  19:00:00,3676760.1337356144,475960.2399651265,1332644.40571956,0.0,558779.9074493774,1288912.7800815024
 05/19  20:00:00,2880613.4861257416,259890.84101700757,725569.703984534,0.0,703043.2226256366,1163802.8444458307
 05/19  21:00:00,2279754.2235584105,91272.30700838532,255287.39373702172,0.0,793448.2334694257,1106323.715160833
 05/19  22:00:00,1600471.599517547,1333.8670398462739,3738.7616806775404,0.0,553009.374842327,1013400.628551295
 05/19  23:00:00,1186319.0089261502,0.0,0.0,0.0,239477.10319259032,926720.1518888461
 05/19  24:00:00,1029559.733141617,551.1908708452677,0.0,0.0,65351.281774845425,947969.1134305564
 05/20  01:00:00,877948.2437558019,972.5769577152383,0.0,0.0,47510.71846471471,813776.8012680018
 05/20  02:00:00,877994.5076161905,9870.19451784592,0.0,0.0,47510.71846471471,805266.4942435939
 05/20  03:00:00,899185.1302505133,18203.49949533038,0.0,0.0,47510.71846471471,818123.8119004322
 05/20  04:00:00,983267.1857822585,24984.316651165005,0.0,0.0,47510.71846471471,895084.0036010087
 05/20  05:00:00,1137400.5665181526,29885.371293669086,0.0,0.0,47510.71846471471,1044657.3763697329
 05/20  06:00:00,1476534.8774481392,28521.182693741946,0.0,0.0,111755.98148987547,1321251.65954982
 05/20  07:00:00,2089979.8174282243,14963.791394434631,0.0,0.0,258712.2118827582,1802320.9004623322
 05/20  08:00:00,3122269.6997900074,0.0,0.0,0.0,387587.4401068832,2722404.5793710956
 05/20  09:00:00,3954840.88055699,17520.919934675363,51841.04255794454,0.0,377008.1303272908,3498239.3874770557
 05/20  10:00:00,4887374.476741386,223489.11541770148,670966.8691336478,0.0,365467.06511319004,3619266.3068688274
 05/20  11:00:00,5733240.318198042,493193.3052632889,1502827.2647122336,0.0,199083.37494323775,3532679.6264739353
 05/20  12:00:00,6985614.688408098,828677.4579645407,2534106.550186634,0.0,193312.84233618737,3425425.277816726
 05/20  13:00:00,7355298.515021944,1079139.4428599621,3293837.689744963,0.0,191389.3314671706,2787180.5375211732
 05/20  14:00:00,7621871.049077128,1231895.4577239663,3732050.8062857804,0.0,191389.3314671706,2462783.940171536
 05/20  15:00:00,7649261.370116709,1322854.0623969259,3962472.666434276,0.0,192351.086901679,2167490.994279818
 05/20  16:00:00,6962094.93804122,1312557.4945210137,3881094.9856820498,0.0,121854.41355221362,1640108.1574545945
 05/20  17:00:00,6216487.119172195,1198108.2690042523,3485120.796260308,0.0,128105.82387651817,1392192.4563684196
 05/20  18:00:00,5441548.673762009,988501.388700527,2821806.237134398,0.0,291171.4577974166,1323699.3497136286
 05/20  19:00:00,4376509.325196779,712073.5285844526,1997089.793526808,0.0,430866.4346597609,1216016.7679057098
 05/20  20:00:00,3545276.755522589,436871.0310601549,1213252.7833382343,0.0,703043.2226256366,1163802.8444458307
 05/20  21:00:00,2813121.99886671,233287.9049442376,646639.5711094686,0.0,793448.2334694257,1106323.715160833
 05/20  22:00:00,1412113.5545192864,61074.43999753605,169579.52186516958,0.0,236928.45129114308,915542.1739620363
 05/20  23:00:00,898429.8876262467,0.0,0.0,0.0,47510.71846471471,830797.4153168182
 05/20  24:00:00,993485.973822495,0.0,0.0,0.0,47510.71846471471,930287.1082924102
 05/21  01:00:00,876975.6667980867,0.0,0.0,0.0,47510.71846471471,813776.8012680018
 05/21  02:00:00,868800.5810774865,335.221303807838,0.0,0.0,47510.71846471471,805266.4942435939
 05/21  03:00:00,889490.3217919067,8167.644361389697,0.0,0.0,47510.71846471471,818123.8119004322
 05/21  04:00:00,975024.7142175017,16741.845086408077,0.0,0.0,47510.71846471471,895084.0036010087
 05/21  05:00:00,1127730.0711420306,22943.24932022015,0.0,0.0,47510.71846471471,1044657.3763697329
 05/21  06:00:00,2544865.7550038924,16633.24430390681,0.0,0.0,176001.24451503626,2340294.6325482544
 05/21  07:00:00,2265233.6448154524,3702.6587383775745,0.0,0.0,385663.92923786637,1864271.469877848
 05/21  08:00:00,2870601.065419349,0.0,0.0,0.0,217356.72819889724,2641989.7969344254
 05/21  09:00:00,4034687.8035490243,95081.0850734116,292301.2029494437,0.0,212547.95102635527,3425208.257590458
 05/21  10:00:00,5460590.039631564,409934.0669598522,1290866.611319391,0.0,206777.4184193049,3545508.916075665
 05/21  11:00:00,7404765.822736571,876804.6021897924,2791082.518999594,0.0,199083.37494323775,3532679.6264739353
 05/21  12:00:00,8865585.792253666,1249974.0725234482,3992781.0394732943,0.0,193312.84233618737,3425425.277816726
 05/21  13:00:00,9464678.84999701,1548264.3802282112,4934093.087351779,0.0,191389.3314671706,2787180.5375211732
 05/21  14:00:00,9879732.291979184,1734332.7888704126,5487474.71804139,0.0,191389.3314671706,2462783.940171536
 05/21  15:00:00,10033606.332889916,1845694.5354111416,5763360.671862173,0.0,228416.9156957438,2192041.649816849
 05/21  16:00:00,9521909.487406615,1841321.2864765539,5649185.715742895,0.0,270253.27709685895,1754669.321258959
 05/21  17:00:00,12887474.414736953,1826085.3295113852,5458427.774173318,0.0,249094.65753767427,5341247.9265272105
 05/21  18:00:00,7829117.608738201,1460202.5657942097,4256565.963503586,0.0,437598.72270131967,1658039.0696477115
 05/21  19:00:00,5989436.922894903,1071640.883085692,3047935.318381612,0.0,558779.9074493774,1288912.7800815024
 05/21  20:00:00,4723130.974913647,741783.6534688345,2083466.006917939,0.0,703043.2226256366,1163802.8444458307
 05/21  21:00:00,3739386.335668707,474468.9280315876,1329335.5580967763,0.0,793448.2334694257,1106323.715160833
 05/21  22:00:00,2662436.9028417007,280176.56708148227,784815.0849111904,0.0,553009.374842327,1013400.628551295
 05/21  23:00:00,1388458.7938918858,128579.61005176608,360085.10951253644,0.0,47510.71846471471,830797.4153168182
 05/21  24:00:00,993485.973822495,0.0,0.0,0.0,47510.71846471471,930287.1082924102
 05/22  01:00:00,876975.6667980867,0.0,0.0,0.0,47510.71846471471,813776.8012680018
 05/22  02:00:00,868465.3597736787,0.0,0.0,0.0,47510.71846471471,805266.4942435939
 05/22  03:00:00,881322.677430517,0.0,0.0,0.0,47510.71846471471,818123.8119004322
 05/22  04:00:00,958282.8691310935,0.0,0.0,0.0,47510.71846471471,895084.0036010087
 05/22  05:00:00,1104786.8218218104,0.0,0.0,0.0,47510.71846471471,1044657.3763697329
 05/22  06:00:00,1667591.2556445822,420.80268102435554,0.0,0.0,272657.6656831299,1382576.1536437334
 05/22  07:00:00,2009661.2703829096,0.0,0.0,0.0,216394.97276438883,1781670.7106571603
 05/22  08:00:00,2870601.065419349,0.0,0.0,0.0,217356.72819889724,2641989.7969344254
 05/22  09:00:00,4213583.036062956,142697.19954105568,423580.32099573116,0.0,212547.95102635527,3425208.257590458
 05/22  10:00:00,5347068.966033263,396250.8427325987,1191028.7619483436,0.0,206777.4184193049,3545508.916075665
 05/22  11:00:00,6230329.411139339,649394.4284245761,1960349.012304081,0.0,123297.04670397623,3492173.223576694
 05/22  12:00:00,7617715.651222499,912719.113130612,2751888.1117897388,0.0,83961.24943258287,3865054.616765555
 05/22  13:00:00,15227446.945223048,1161640.520228419,3482086.1505628973,0.0,191389.3314671706,10388579.429535888
 05/22  14:00:00,13997767.284033498,1280527.7088517488,3811446.0503194486,0.0,191389.3314671706,8710652.679966453
 05/22  15:00:00,7494631.798249538,1299589.431959567,3831107.725004464,0.0,192351.086901679,2167490.994279818
 05/22  16:00:00,8879025.78912994,1353057.3588327467,3920412.863124885,0.0,196198.10863971253,3402877.571701247
 05/22  17:00:00,6744172.068347674,1238552.143046151,3533033.9655041145,0.0,208700.92928832167,1751266.3035217251
 05/22  18:00:00,5520177.847557978,1022333.2867129738,2866262.466242586,0.0,291171.4577974166,1323699.3497136286
 05/22  19:00:00,4775940.9225285025,772423.3956320976,2133656.805468806,0.0,558779.9074493774,1288912.7800815024
 05/22  20:00:00,3081119.688306394,468405.9147762187,1287544.5138573784,0.0,293191.14420988417,1000942.8680075067
 05/22  21:00:00,2129271.7656334285,247257.22230023253,680713.0791313185,0.0,233898.92167244165,931592.6416193518
 05/22  22:00:00,1258889.6452266662,86114.53080386692,237900.81211263625,0.0,47510.71846471471,856328.3363900423
 05/22  23:00:00,910450.7680383532,2828.1569049770333,7828.536805792825,0.0,47510.71846471471,830797.4153168182
 05/22  24:00:00,993485.973822495,0.0,0.0,0.0,47510.71846471471,930287.1082924102
 05/23  01:00:00,876975.6667980867,0.0,0.0,0.0,47510.71846471471,813776.8012680018
 05/23  02:00:00,868465.3597736787,0.0,0.0,0.0,47510.71846471471,805266.4942435939
 05/23  03:00:00,881998.0233319157,675.3459013986347,0.0,0.0,47510.71846471471,818123.8119004322
 05/23  04:00:00,965861.3775090309,7578.508377937282,0.0,0.0,47510.71846471471,895084.0036010087
 05/23  05:00:00,2864472.9229253763,8078.837785349089,0.0,0.0,78455.19957002232,2765320.158582642
 05/23  06:00:00,5122631.823527312,0.0,0.0,0.0,304876.47273916117,4805818.7171514565
 05/23  07:00:00,2401307.3907361384,336.46713181726807,0.0,0.0,258712.21188275825,2130663.124760202
 05/23  08:00:00,8653653.360976484,0.0,0.0,0.0,217356.72819889724,8425042.09249156
 05/23  09:00:00,3824226.12573777,23160.292195815648,67081.28586450069,0.0,88770.02660512485,3635665.214162973
 05/23  10:00:00,4639501.23741148,223016.01756525016,656695.8584939097,0.0,206777.4184193049,3545508.916075665
 05/23  11:00:00,5566891.599091787,474189.64332985255,1413969.6197830013,0.0,161190.210823607,3512426.4250253146
 05/23  12:00:00,6314912.78891461,733561.5302626085,2190428.170036255,0.0,47510.71846471471,3339319.810047021
 05/23  13:00:00,6399454.007488055,916773.9691154523,2733126.736869576,0.0,47510.71846471471,2698291.069609638
 05/23  14:00:00,6559939.466805821,1026626.0966135224,3047052.9754622006,0.0,83480.37171532869,2399028.509586095
 05/23  15:00:00,6839497.769077526,1135592.4967225445,3339970.631069476,0.0,192351.086901679,2167490.994279818
 05/23  16:00:00,6452318.52212376,1164641.2602914658,3387610.527004456,0.0,196198.10863971253,1697388.7393567767
 05/23  17:00:00,6129728.478926238,1108278.2347726093,3178209.8784991745,0.0,289488.38578702684,1541133.2528800634
 05/23  18:00:00,7452815.543280987,944047.7760988825,2662502.1112796296,0.0,437598.72270131967,3391955.646109783
 05/23  19:00:00,4894902.98153903,730700.5055730474,2029111.4505509199,0.0,558779.9074493774,1554143.084068966
 05/23  20:00:00,4570291.07968862,469857.36422189424,1296597.7361923591,0.0,703043.2226256366,2069757.5091933238
 05/23  21:00:00,8079863.631651746,136976.74989636685,379616.71808034705,0.0,606963.8547182479,6920496.4080467
 05/23  22:00:00,1159772.8009546958,59533.50991275767,165364.9887317748,0.0,47510.71846471471,856328.3363900423
 05/23  23:00:00,899794.0743275833,0.0,0.0,0.0,47510.71846471471,830797.4153168182
 05/23  24:00:00,993485.973822495,0.0,0.0,0.0,47510.71846471471,930287.1082924102
 05/24  01:00:00,876975.6667980867,0.0,0.0,0.0,47510.71846471471,813776.8012680018
 05/24  02:00:00,868465.3597736787,0.0,0.0,0.0,47510.71846471471,805266.4942435939
 05/24  03:00:00,885636.1024003774,4313.424969860345,0.0,0.0,47510.71846471471,818123.8119004322
 05/24  04:00:00,973225.2485576769,11772.85371036367,0.0,0.0,47799.24509506723,897965.0026868759
 05/24  05:00:00,1184740.154271519,18462.091151379576,0.0,0.0,88770.02660512485,1064889.3095276516
 05/24  06:00:00,1638641.034135554,15954.287046810043,0.0,0.0,240438.85862709873,1370311.2548249508
 05/24  07:00:00,2202022.2376264283,3458.68047289443,0.0,0.0,343346.690119497,1843621.280072676
 05/24  08:00:00,2870601.065419349,0.0,0.0,0.0,217356.72819889724,2641989.7969344254
 05/24  09:00:00,3934259.608516585,71777.89038550426,215176.2026049122,0.0,212547.95102635527,3425208.257590458
 05/24  10:00:00,5201802.685676824,353964.0876483535,1088049.236676151,0.0,206777.4184193049,3545508.916075665
 05/24  11:00:00,6967330.4325393755,781855.3170716868,2448596.413920503,0.0,199083.37494323775,3532679.6264739353
 05/24  12:00:00,8518991.598825011,1173006.927405242,3723153.991162847,0.0,193312.84233618737,3425425.277816726
 05/24  13:00:00,9288609.799430564,1503910.7058237372,4802377.711189808,0.0,191389.3314671706,2787180.5375211732
 05/24  14:00:00,9946078.730673902,1743971.7964979897,5544182.149108531,0.0,191389.3314671706,2462783.940171536
 05/24  15:00:00,10181671.303885922,1889865.20053327,5927871.462067145,0.0,192351.086901679,2167490.994279818
 05/24  16:00:00,9647840.695215732,1900761.0404088343,5847012.919979059,0.0,196198.10863971253,1697388.7393567767
 05/24  17:00:00,8657979.161967514,1742412.531037115,5227584.120030474,0.0,208700.92928832167,1466662.8546242416
 05/24  18:00:00,7253146.161931501,1461826.3430004432,4248931.351260282,0.0,242362.36949611554,1283314.8110832875
 05/24  19:00:00,5650899.854873276,1092259.7143782645,3090398.388998232,0.0,302952.9618701444,1143120.7557299174
 05/24  20:00:00,5734395.820718528,780376.1756581552,2176186.8012521355,0.0,621053.5718337959,2125744.0245190347
 05/24  21:00:00,3492336.067352564,475702.7777353347,1325875.6855520091,0.0,606867.6791747971,1048080.0239803392
 05/24  22:00:00,2119475.922905485,268357.77029411145,750489.4700355957,0.0,173789.20701566697,895804.228104705
 05/24  23:00:00,1410001.5076587733,134162.47436392697,376044.95896726305,0.0,47510.71846471471,830797.4153168182
 05/24  24:00:00,1005164.0563564397,3065.1375449970233,8612.94498894773,0.0,47510.71846471471,930287.1082924102
 05/25  01:00:00,876975.6667980867,0.0,0.0,0.0,47510.71846471471,813776.8012680018
 05/25  02:00:00,868465.3597736787,0.0,0.0,0.0,47510.71846471471,805266.4942435939
 05/25  03:00:00,881322.677430517,0.0,0.0,0.0,47510.71846471471,818123.8119004322
 05/25  04:00:00,958282.8691310935,0.0,0.0,0.0,47510.71846471471,895084.0036010087
 05/25  05:00:00,2810275.6541662803,0.0,0.0,0.0,47510.71846471471,2750146.208714203
 05/25  06:00:00,1729547.7235738738,0.0,0.0,0.0,111755.98148987548,1605855.1084473035
 05/25  07:00:00,2009661.2703829096,0.0,0.0,0.0,216394.97276438883,1781670.7106571603
 05/25  08:00:00,2809166.3946951744,15733.713560753036,47962.011800498934,0.0,132433.72333180596,2601782.4057160905
 05/25  09:00:00,4614989.834933016,232871.20753030447,734813.1118765421,0.0,212547.95102635527,3425208.257590458
 05/25  10:00:00,6017540.195547948,529639.2600021913,1728111.5741934362,0.0,206777.4184193049,3545508.916075665
 05/25  11:00:00,8161503.241544596,1023797.2662319851,3400827.273765426,0.0,199083.37494323775,3532679.6264739353
 05/25  12:00:00,9867945.500148315,1436239.1416886412,4808875.678202753,0.0,193312.84233618737,3425425.277816726
 05/25  13:00:00,10792659.170250945,1801863.3527746606,6008474.435059264,0.0,191389.3314671706,2787180.5375211732
 05/25  14:00:00,12654333.290841632,2094024.7309650388,6907870.599448341,0.0,191389.3314671706,3457297.115532405
 05/25  15:00:00,13040350.386943892,2263931.869610858,7357354.216355561,0.0,228416.9156957438,3186554.825177718
 05/25  16:00:00,11516805.249615494,2245093.160903575,7174641.728345088,0.0,307280.86132543214,1783309.61221005
 05/25  17:00:00,10582675.766827166,2081352.6298794397,6502824.916538746,0.0,370275.84228573204,1615603.6511358852
 05/25  18:00:00,9006213.806234427,1764888.1755135427,5342162.655323539,0.0,437598.72270131967,1444852.9656046527
 05/25  19:00:00,7279542.405528918,1376737.0731708433,4032944.6109304773,0.0,558779.9074493774,1288912.7800815024
 05/25  20:00:00,5757646.430682231,994646.3574627282,2865118.7586926296,0.0,703043.2226256366,1163802.8444458307
 05/25  21:00:00,4264824.902479164,695956.6964133746,2000522.7247381303,0.0,513577.40202748287,1018958.1783900923
 05/25  22:00:00,2897919.6041804953,463017.0680259275,1334273.8535787899,0.0,173789.20701566697,895804.228104705
 05/25  23:00:00,2112963.8619976374,312220.7819506031,900949.005719451,0.0,47510.71846471471,830797.4153168182
 05/25  24:00:00,1675618.7633496276,175504.30579143128,506628.48373570136,0.0,47510.71846471471,930287.1082924102
 05/26  01:00:00,1447759.246735445,147341.1972133169,423442.38272404135,0.0,47510.71846471471,813776.8012680018
 05/26  02:00:00,1225476.2823954548,92581.6568970413,264770.31240006885,0.0,47510.71846471471,805266.4942435939
 05/26  03:00:00,1050943.253081801,44165.3064071681,125796.31591945005,0.0,47510.71846471471,818123.8119004322
 05/26  04:00:00,978909.3174939348,5366.028492037727,15260.419870803595,0.0,47510.71846471471,895084.0036010087
 05/26  05:00:00,1107515.1952244835,0.0,0.0,0.0,47510.71846471471,1044657.3763697329
 05/26  06:00:00,1359238.634091671,0.0,0.0,0.0,47510.71846471471,1296721.8619122547
 05/26  07:00:00,2360081.992952314,86675.48820590304,261357.9076361628,0.0,216394.97276438883,1781670.7106571603
 05/26  08:00:00,3915905.7104101744,284367.56259770715,885044.3384525422,0.0,132433.72333180596,2601782.4057160905
 05/26  09:00:00,5867868.330192337,584886.9380900271,1873062.1456737113,0.0,47510.71846471471,3352177.12770386
 05/26  10:00:00,7669092.2053831685,972599.5201519238,3168924.277791581,0.0,47510.71846471471,3471872.56876693
 05/26  11:00:00,12277387.602137525,1522076.6625665305,4982833.015932652,0.0,85403.88258434547,5681617.294248651
 05/26  12:00:00,24238560.792236477,2254996.2546067764,7348357.300669121,0.0,193312.84233618737,14437801.834520381
 05/26  13:00:00,12562805.827400625,2161985.4418312805,7153268.699164864,0.0,191389.3314671706,3052410.841508637
 05/26  14:00:00,12113707.408640422,2226776.3477594797,7400670.666150844,0.0,83480.37171532869,2399028.509586095
 05/26  15:00:00,12462408.837014126,2347194.680518071,7751279.515210547,0.0,192351.086901679,2167490.994279818
 05/26  16:00:00,11895899.733089678,2345457.6904511424,7650375.307810698,0.0,196198.10863971253,1697388.7393567767
 05/26  17:00:00,10931456.161156002,2201187.089640811,7041945.513939931,0.0,208700.92928832167,1466662.8546242416
 05/26  18:00:00,9844302.120058434,1944031.6311168568,6001448.560219567,0.0,437598.72270131967,1444852.9656046527
 05/26  19:00:00,7967975.245816122,1537074.0314148897,4562745.726350303,0.0,558779.9074493774,1288912.7800815024
 05/26  20:00:00,6262562.140794594,1119789.38161327,3247619.8180571236,0.0,703043.2226256366,1163802.8444458307
 05/26  21:00:00,6137663.785976163,827312.9964986118,2382643.091303678,0.0,793448.2334694257,2100836.8905217024
 05/26  22:00:00,7690582.841595969,554560.8472591381,1599307.5310988596,0.0,553009.374842327,4954716.120992243
 05/26  23:00:00,4922305.067255158,388505.90342103515,1124071.2669189034,0.0,215433.21732988046,3174172.9257406243
 05/26  24:00:00,2062220.403618476,255425.71149366634,742263.5814057611,0.0,83191.84508497614,965651.1185687025
 05/27  01:00:00,1765685.6561249595,218925.02756544808,636901.0003090373,0.0,59436.4858526188,834734.9953324853
 05/27  02:00:00,2642256.0011674277,196378.3998427162,568932.1163801984,0.0,47510.71846471471,1814087.6660897627
 05/27  03:00:00,1363935.8321535154,122366.59630580165,352824.79239558196,0.0,47510.71846471471,825886.624597381
 05/27  04:00:00,1262866.4230953825,78747.22191305175,225836.33205123723,0.0,47510.71846471471,895084.0036010087
 05/27  05:00:00,1281570.0473322424,45024.44098414928,129030.4111236097,0.0,47510.71846471471,1044657.3763697329
 05/27  06:00:00,2970881.0608091354,90059.83318363805,260551.8850978769,0.0,240438.85862709873,2364824.43018582
 05/27  07:00:00,2361846.45897205,119775.26852510247,356120.21570336504,0.0,131952.84561455177,1740015.2154403308
 05/27  08:00:00,3834492.7550596325,298479.91853590735,914649.4232492266,0.0,47510.71846471471,2561575.014497755
 05/27  09:00:00,6140976.544048725,612938.0421931534,1939567.9835907933,0.0,171288.64288594513,3406950.4751188084
 05/27  10:00:00,8015735.568373419,1001541.3991604013,3253722.7145100287,0.0,206777.4184193049,3545508.916075665
 05/27  11:00:00,10169801.428407438,1499141.4901715906,4933440.190013329,0.0,199083.37494323775,3532679.6264739353
 05/27  12:00:00,11458199.139586123,1815486.5006117327,6019881.9587174645,0.0,193312.84233618737,3425425.277816726
 05/27  13:00:00,11894827.073559953,2064905.2801833195,6847600.410959613,0.0,191389.3314671706,2787180.5375211732
 05/27  14:00:00,12136559.329409137,2205267.5641910816,7273366.980150674,0.0,191389.3314671706,2462783.940171536
 05/27  15:00:00,12029110.25346054,2269353.6099656196,7395822.002209414,0.0,192351.086901679,2167490.994279818
 05/27  16:00:00,10892111.984402338,2200983.136632658,7054310.666921204,0.0,47510.71846471471,1582827.575552412
 05/27  17:00:00,10201281.711839408,2061954.1592783618,6451003.994985784,0.0,208700.92928832167,1466662.8546242416
 05/27  18:00:00,8927975.17449744,1790167.1077990525,5417373.391839663,0.0,339980.5460987176,1364083.88834397
 05/27  19:00:00,7223417.979909339,1417372.7981595027,4138699.1786643174,0.0,430866.43465976085,1216016.7679057098
 05/27  20:00:00,5333164.008449202,1009794.8519126686,2886462.799730355,0.0,375084.619458274,1033514.8632951715
 05/27  21:00:00,4656862.342739798,709487.9833817683,2014179.8365450262,0.0,793448.2334694257,1106323.715160833
 05/27  22:00:00,3462387.824702093,486707.5932329572,1380281.2606721122,0.0,553009.374842327,1013400.628551295
 05/27  23:00:00,2242919.298774216,322417.6151569103,914257.6388187711,0.0,119353.8494224918,866768.4415313287
 05/27  24:00:00,1610796.5565129435,160952.45939668594,456358.12329376274,0.0,47510.71846471471,930287.1082924102
 05/28  01:00:00,1399795.5281371768,136512.25801616858,386307.6033229214,0.0,47510.71846471471,813776.8012680018
 05/28  02:00:00,1170923.3252237234,79030.76008520275,223427.20536484176,0.0,47510.71846471471,805266.4942435939
 05/28  03:00:00,995575.1738943384,29868.188331842917,84384.30813197847,0.0,47510.71846471471,818123.8119004322
 05/28  04:00:00,958282.8691310935,0.0,0.0,0.0,47510.71846471471,895084.0036010087
 05/28  05:00:00,1135532.442470975,0.0,0.0,0.0,68140.37253491978,1054773.3429486922
 05/28  06:00:00,1533719.3353391164,0.0,0.0,0.0,176001.24451503626,1345781.4571873853
 05/28  07:00:00,2297249.321888486,56843.847507678875,167776.775074356,0.0,258712.21188275825,1802320.9004623322
 05/28  08:00:00,3852108.4270640644,244199.7157157319,737307.645928984,0.0,217356.72819889724,2641989.7969344254
 05/28  09:00:00,9973040.68539619,583411.2532915052,1801008.4241375672,0.0,212547.95102635527,7366523.750031406
 05/28  10:00:00,9902674.25330341,938306.1740638518,2945135.601963956,0.0,206777.4184193049,5804952.031998947
 05/28  11:00:00,9104856.749364443,1289536.3739478928,4078441.673869365,0.0,199083.37494323775,3532679.6264739353
 05/28  12:00:00,10117419.922800764,1556975.3481591735,4937613.894384669,0.0,193312.84233618737,3425425.277816726
 05/28  13:00:00,10243014.006888108,1745938.7075910403,5514753.916880049,0.0,191389.3314671706,2787180.5375211732
 05/28  14:00:00,10265196.92195158,1840059.76553832,5767212.371345879,0.0,191389.3314671706,2462783.940171536
 05/28  15:00:00,10019439.668703062,1869429.5571893158,5786075.47022824,0.0,192351.086901679,2167490.994279818
 05/28  16:00:00,8854960.370590445,1751669.350239404,5334848.562512884,0.0,121854.41355221363,1640108.1574545945
 05/28  17:00:00,8175921.050025798,1531560.2494102777,4563523.400592607,0.0,370275.84228573204,1697942.8307498186
 05/28  18:00:00,7302019.231159452,1258218.1166584208,3649364.878267998,0.0,437598.72270131967,1940126.2264403426
 05/28  19:00:00,5626292.881255366,981229.5598021058,2775202.6000256618,0.0,558779.9074493774,1288912.7800815024
 05/28  20:00:00,4012436.691818642,677910.8370370315,1894891.1245727586,0.0,375084.619458274,1033514.8632951715
 05/28  21:00:00,3135907.4961640295,445398.7120009664,1244575.425572965,0.0,420287.1248801686,989836.3327998455
 05/28  22:00:00,2349737.669384359,284815.54206196126,798539.0644810052,0.0,300067.6955666192,935280.1198193677
 05/28  23:00:00,1534936.0725355812,166542.21668621514,468599.781521783,0.0,47510.71846471471,830797.4153168182
 05/28  24:00:00,1081866.1774499812,23114.224666161383,65265.97896132489,0.0,47510.71846471471,930287.1082924102
 05/29  01:00:00,972939.6521297274,25122.537097147353,70841.4482344933,0.0,47510.71846471471,813776.8012680018
 05/29  02:00:00,868465.3597736787,0.0,0.0,0.0,47510.71846471471,805266.4942435939
 05/29  03:00:00,881322.677430517,0.0,0.0,0.0,47510.71846471471,818123.8119004322
 05/29  04:00:00,958282.8691310935,0.0,0.0,0.0,47510.71846471471,895084.0036010087
 05/29  05:00:00,1104786.8218218104,0.0,0.0,0.0,47510.71846471471,1044657.3763697329
 05/29  06:00:00,1444944.27467639,0.0,0.0,0.0,111755.98148987547,1321251.65954982
 05/29  07:00:00,1820514.8368329103,0.0,0.0,0.0,89731.78203963324,1719187.4678319162
 05/29  08:00:00,2870601.065419349,0.0,0.0,0.0,217356.72819889724,2641989.7969344254
 05/29  09:00:00,3647305.515526169,0.0,0.0,0.0,212547.95102635527,3425208.257590458
 05/29  10:00:00,3973078.8710765867,81929.06304402633,247811.97031190185,0.0,127144.0684420098,3508690.7424212974
 05/29  11:00:00,4248233.456191339,183895.43184090953,560044.7850762507,0.0,47510.71846471471,3451666.820679452
 05/29  12:00:00,4818798.72529793,352893.7308228382,1074981.9058593463,0.0,47510.71846471471,3339319.810047021
 05/29  13:00:00,4822206.871175336,513414.68502623495,1559238.8846460734,0.0,47510.71846471471,2698291.069609638
 05/29  14:00:00,5148710.602437368,648434.9586332247,1956793.7856282839,0.0,119450.02496594266,2420280.319781242
 05/29  15:00:00,5771091.558802884,754316.1773790658,2255494.1438968233,0.0,47510.71846471471,2709677.9589582696
 05/29  16:00:00,10266238.213221844,1027475.8095609571,3009449.976107385,0.0,233081.42955310948,5989751.111169043
 05/29  17:00:00,10707291.867684703,1147354.4153804558,3297717.151034091,0.0,370275.84228573204,5879325.731997061
 05/29  18:00:00,5625449.432390794,951627.9856809766,2703560.9056141125,0.0,437598.72270131967,1515950.5313030127
 05/29  19:00:00,4733817.190536514,752170.3533551726,2111786.1157537424,0.0,558779.9074493774,1288912.7800815024
 05/29  20:00:00,3799278.6869639233,501286.1207120263,1400111.251725024,0.0,703043.2226256366,1163802.8444458307
 05/29  21:00:00,2393225.487621905,282029.244711373,787578.8315145441,0.0,327093.0232763051,960714.4872095987
 05/29  22:00:00,1813705.5124830878,144329.16938125438,402993.28026044054,0.0,300067.6955666192,935280.1198193677
 05/29  23:00:00,1023502.8380211291,32620.0718937493,91088.69179979654,0.0,47510.71846471471,830797.4153168182
 05/29  24:00:00,993485.973822495,0.0,0.0,0.0,47510.71846471471,930287.1082924102
 05/30  01:00:00,876975.6667980867,0.0,0.0,0.0,47510.71846471471,813776.8012680018
 05/30  02:00:00,868465.3597736787,0.0,0.0,0.0,47510.71846471471,805266.4942435939
 05/30  03:00:00,881322.677430517,0.0,0.0,0.0,47510.71846471471,818123.8119004322
 05/30  04:00:00,958282.8691310935,0.0,0.0,0.0,47510.71846471471,895084.0036010087
 05/30  05:00:00,1109005.5368502997,4218.715028489441,0.0,0.0,47510.71846471471,1044657.3763697329
 05/30  06:00:00,1360022.7042402965,3853.490226632443,0.0,0.0,47510.71846471471,1296721.8619122547
 05/30  07:00:00,1883563.6480162432,0.0,0.0,0.0,131952.84561455177,1740015.215440331
 05/30  08:00:00,2620340.273248496,0.0,0.0,0.0,47510.71846471471,2561575.014497755
 05/30  09:00:00,3489766.467272141,20278.87117131667,60250.44302289394,0.0,47510.71846471471,3352177.12770386
 05/30  10:00:00,4482906.154475949,180393.86952209688,542722.9236015315,0.0,206777.4184193049,3545508.916075665
 05/30  11:00:00,5218208.102733302,409950.70200427674,1245817.7958865953,0.0,85403.88258434547,3471920.022128073
 05/30  12:00:00,6188152.775231917,691516.596828223,2105713.089787949,0.0,47510.71846471471,3339319.810047021
 05/30  13:00:00,6400733.372136632,903608.9891427306,2747571.0814908734,0.0,47510.71846471471,2698291.069609638
 05/30  14:00:00,6614800.138012994,1038473.6560359905,3147287.550692666,0.0,47510.71846471471,2377776.699390948
 05/30  15:00:00,7165523.54955106,1199300.5911403296,3602288.3171252236,0.0,192351.086901679,2167490.994279818
 05/30  16:00:00,8383411.735391846,1317156.4031931588,3909003.9212913215,0.0,344308.44555400533,2806463.0785220107
 05/30  17:00:00,6798970.51449989,1220963.0936319572,3579509.200458953,0.0,370275.84228573204,1615603.6511358852
 05/30  18:00:00,6708370.611924377,1073985.6849409956,3095663.6394568607,0.0,437598.72270131967,2084411.277733829
 05/30  19:00:00,7862712.787400816,933747.8809574097,2642639.6956877355,0.0,558779.9074493774,3705377.269409574
 05/30  20:00:00,4151935.9312401004,590556.050581858,1663498.5661313687,0.0,703043.2226256366,1163802.8444458307
 05/30  21:00:00,2934020.806291666,357715.4034210784,1007959.9215429286,0.0,513577.40202748287,1018958.1783900923
 05/30  22:00:00,2012365.7580988607,195215.865279064,550766.829978404,0.0,300067.6955666192,935280.1198193677
 05/30  23:00:00,1360166.5796023987,82757.22814236497,233863.06756940033,0.0,143301.55974175083,878758.7836028321
 05/30  24:00:00,1064531.1107190487,0.0,0.0,0.0,83191.84508497614,965651.1185687025
 05/31  01:00:00,885196.6571611837,0.0,0.0,0.0,50492.160311690735,819016.3497841228
 05/31  02:00:00,868465.3597736787,0.0,0.0,0.0,47510.71846471471,805266.4942435939
 05/31  03:00:00,881322.677430517,0.0,0.0,0.0,47510.71846471471,818123.8119004322
 05/31  04:00:00,2951544.6760892672,0.0,0.0,0.0,47799.24509506723,2888057.2839288297
 05/31  05:00:00,2206232.7327298517,0.0,0.0,0.0,119570.24439525619,2074043.7613472322
 05/31  06:00:00,1533719.3353391164,0.0,0.0,0.0,176001.24451503626,1345781.4571873853
 05/31  07:00:00,2009661.2703829096,0.0,0.0,0.0,216394.97276438883,1781670.7106571603
 05/31  08:00:00,2870601.065419349,0.0,0.0,0.0,217356.72819889724,2641989.7969344254
 05/31  09:00:00,4001641.6165534584,88541.28427956127,265794.8167477278,0.0,212547.95102635527,3425208.257590458
 05/31  10:00:00,5052543.731935241,319727.04467580793,973027.3259071126,0.0,206777.4184193049,3545508.916075665
 05/31  11:00:00,6339856.07317431,638261.1218814438,1964716.2497456819,0.0,199083.37494323775,3532679.6264739353
 05/31  12:00:00,7527507.422000112,952726.0513484369,2951950.6903947527,0.0,193312.84233618737,3425425.277816726
 05/31  13:00:00,7864636.996208112,1193729.246855503,3688586.3669355884,0.0,191389.3314671706,2787180.5375211732
 05/31  14:00:00,8109270.237514751,1341466.300192033,4109879.152255336,0.0,191389.3314671706,2462783.940171536
 05/31  15:00:00,8476341.979914369,1470693.5538941561,4459864.33174142,0.0,300548.5732838734,2241142.9608909106
 05/31  16:00:00,8211102.743260733,1512464.9832037906,4535899.524510446,0.0,344308.44555400533,1811949.9031611413
 05/31  17:00:00,7692728.128564743,1440147.9624940422,4254081.945661721,0.0,370275.84228573204,1615603.6511358852
 05/31  18:00:00,8671520.23199644,1302823.4377084048,3764044.98654622,0.0,437598.72270131967,3150341.7979491227
 05/31  19:00:00,8423949.699445222,1099331.1365311344,3109710.697012841,0.0,558779.9074493774,3633959.9245551494
 05/31  20:00:00,4538762.016874192,693773.0566723787,1947107.6456749407,0.0,703043.2226256366,1163802.8444458307
 05/31  21:00:00,3602552.6606437643,438590.0506433916,1228380.7604600303,0.0,793448.2334694257,1106323.715160833
 05/31  22:00:00,2606080.2472553803,265086.8485046767,743548.1479016759,0.0,553009.374842327,1013400.628551295
 05/31  23:00:00,1532832.818712672,128363.32663328802,360923.20818875096,0.0,143301.55974175083,878758.7836028321
 05/31  24:00:00,986721.7560302141,0.0,0.0,0.0,47510.71846471471,926145.4810468075
 06/01  01:00:00,870117.2389649455,0.0,0.0,0.0,47510.71846471471,809540.9639815388
 06/01  02:00:00,861512.7218996768,0.0,0.0,0.0,47510.71846471471,800936.4469162703
 06/01  03:00:00,871639.153222312,0.0,0.0,0.0,47510.71846471471,811062.8782389052
 06/01  04:00:00,2643447.2620531283,0.0,0.0,0.0,47510.71846471471,2582870.987069722
 06/01  05:00:00,4437388.18275622,0.0,0.0,0.0,106418.2388283539,4320460.691945439
 06/01  06:00:00,1419822.8867404854,0.0,0.0,0.0,172154.22277700267,1237727.4796557825
 06/01  07:00:00,1841406.272654234,0.0,0.0,0.0,211586.1955918469,1620162.9265920497
 06/01  08:00:00,3165875.9462957634,139385.70098838647,431013.7944463885,0.0,209662.68472283008,2376440.649505184
 06/01  09:00:00,5104751.725062104,438185.05881748366,1393332.5553998714,0.0,201968.6412467629,3063312.5221518255
 06/01  10:00:00,7910880.037995252,837152.0360971645,2709069.0606394056,0.0,196198.10863971253,4162212.0881969864
 06/01  11:00:00,8731843.622146491,1263473.480983208,4106699.480323975,0.0,188504.0651636454,3168906.088115219
 06/01  12:00:00,11770076.308889234,1551656.927980965,5028896.92993545,0.0,182733.53255659502,5003380.512367871
 06/01  13:00:00,10421071.157297105,1740696.2187090896,5620847.619875568,0.0,180810.02168757824,2875592.924813878
 06/01  14:00:00,10131785.713512328,1830795.222914892,5897296.426217145,0.0,180810.02168757824,2219759.67048172
 06/01  15:00:00,10016175.430737536,1875071.6994194037,5996421.158370976,0.0,181771.77712208664,1959502.3897767141
 06/01  16:00:00,9340918.691429101,1810452.9075135235,5690007.606344772,0.0,254384.31242747043,1580677.2222334405
 06/01  17:00:00,8558155.700243311,1668317.9347285284,5093793.875116181,0.0,345270.20098851377,1440264.4374276614
 06/01  18:00:00,7081076.974554238,1373355.0668622016,4069518.014652415,0.0,357773.0216371229,1266513.2133717174
 06/01  19:00:00,5404380.4348922875,1015705.1777274733,2947622.3690928495,0.0,333488.69691578596,1089101.9917275922
 06/01  20:00:00,4299029.65241936,740062.3937895887,2128245.0862146923,0.0,416199.66428350785,988675.4289315498
 06/01  21:00:00,3364504.50610466,518455.4583679376,1490905.7223579248,0.0,393357.97271393344,931961.799741763
 06/01  22:00:00,2277784.7483107173,348349.3318990125,1003514.0694390868,0.0,47510.71846471471,852563.5493078821
 06/01  23:00:00,1825682.2137402575,240516.09208545217,693011.2733241536,0.0,47510.71846471471,826749.9981120762
 06/01  24:00:00,1428133.4497897686,113569.39368177134,327842.3000777828,0.0,47510.71846471471,926145.4810468075
 06/02  01:00:00,1289168.865552249,107834.193301557,311217.43328574626,0.0,47510.71846471471,809540.9639815388
 06/02  02:00:00,1125049.016329013,67868.53085068213,195951.79741601675,0.0,47510.71846471471,800936.4469162703
 06/02  03:00:00,999392.3007948003,32933.60844641102,95103.57296344022,0.0,47510.71846471471,811062.8782389052
 06/02  04:00:00,961005.658135768,5928.300058333087,17118.928368776513,0.0,47510.71846471471,877382.1547252517
 06/02  05:00:00,1068791.0345866224,0.0,0.0,0.0,47510.71846471471,1008498.7934405785
 06/02  06:00:00,1302721.6284041007,2786.3854340653807,8178.775823297409,0.0,47510.71846471471,1231748.2598380572
 06/02  07:00:00,1973588.6859421872,70023.020097878,208764.1854047728,0.0,88529.58774649775,1594626.505361161
 06/02  08:00:00,3281421.6691290657,217614.573730229,662114.3412567731,0.0,47510.71846471471,2343956.8175322856
 06/02  09:00:00,5198627.95133025,469542.8880909882,1455282.8847197879,0.0,201968.6412467629,3063312.5221518255
 06/02  10:00:00,6663173.530413389,794558.9531829065,2497900.743657944,0.0,196198.10863971253,3167698.9128361167
 06/02  11:00:00,8279764.211526061,1179471.966173613,3738337.5506757786,0.0,188504.0651636454,3168906.088115219
 06/02  12:00:00,9192345.801670767,1424609.395307733,4517827.863137985,0.0,182733.53255659502,3063766.6046201014
 06/02  13:00:00,9245865.327777702,1581648.9761193392,4976143.978572684,0.0,180810.02168757824,2504137.9791871104
 06/02  14:00:00,9322333.41724563,1680530.3258577161,5238109.0270076245,0.0,180810.02168757824,2219759.67048172
 06/02  15:00:00,9239637.210484795,1734021.11659018,5360933.520947459,0.0,181771.77712208664,1959502.3897767141
 06/02  16:00:00,8842478.164144147,1711860.7707200344,5240724.940810465,0.0,288767.0692111456,1595728.7404926077
 06/02  17:00:00,8252705.856883073,1606657.6878846239,4849720.244762486,0.0,345270.20098851377,1440264.4374276614
 06/02  18:00:00,7201806.648046324,1385534.99891048,4109227.9252182306,0.0,402013.77162450907,1291396.3280996871
 06/02  19:00:00,5985539.132580662,1100618.2576477448,3207741.488990011,0.0,505883.3585514158,1154253.9971497187
 06/02  20:00:00,4891373.544677098,819666.5819146817,2366872.4442267073,0.0,637643.8530790658,1043615.8569555248
 06/02  21:00:00,4059302.6078146,590899.8655562039,1706947.5244991998,0.0,739589.9291369558,994029.9725606795
 06/02  22:00:00,2972814.8826201954,419132.55970535654,1215821.9203246515,0.0,414997.4699903724,898720.0564239706
 06/02  23:00:00,2114053.36486638,299563.1582930449,873083.069643896,0.0,95406.13910323277,829243.0014217971
 06/02  24:00:00,1786682.8244117973,203337.72424746363,596623.3441341193,0.0,47510.71846471471,926145.4810468075
 06/03  01:00:00,1622862.4476451853,190546.27364600403,562198.9350342357,0.0,47510.71846471471,809540.9639815388
 06/03  02:00:00,1509423.920063481,163641.82083851585,484553.411162651,0.0,47510.71846471471,800936.4469162703
 06/03  03:00:00,1444917.2822953206,144742.61153556174,428819.5513748099,0.0,47510.71846471471,811062.8782389052
 06/03  04:00:00,1453189.8039341373,130191.67972814242,385039.69449733646,0.0,47510.71846471471,877382.1547252517
 06/03  05:00:00,1550420.7208238945,121650.3340107566,359979.35222651553,0.0,47510.71846471471,1008498.7934405785
 06/03  06:00:00,1873017.1154545578,145386.77158353623,435873.8767242837,0.0,47510.71846471471,1231748.2598380572
 06/03  07:00:00,2789323.701159654,231890.21532416547,714038.9763197148,0.0,211586.1955918469,1620162.9265920497
 06/03  08:00:00,4759255.135977207,472456.0650887729,1497122.0047580192,0.0,371237.5977202404,2408214.250265111
 06/03  09:00:00,6943803.448136494,819532.0973814453,2670987.9196601007,0.0,355849.5107681061,3088912.905205955
 06/03  10:00:00,8533068.59326864,1191816.3245278955,3970538.435168207,0.0,196198.10863971253,3167698.9128361167
 06/03  11:00:00,10801830.394985616,1703282.5578275393,5736593.142481405,0.0,188504.0651636454,3168906.088115219
 06/03  12:00:00,12113546.148272265,2016678.0375359,6846959.567511314,0.0,182733.53255659502,3063766.6046201014
 06/03  13:00:00,12738672.886288717,2284795.747759552,7765804.765443483,0.0,180810.02168757824,2504137.9791871104
 06/03  14:00:00,13133813.21254544,2449067.502749302,8281051.645415849,0.0,180810.02168757824,2219759.67048172
 06/03  15:00:00,12959500.87020455,2467799.999999999,8256456.202516485,0.0,249094.6575376743,1982741.6041020355
 06/03  16:00:00,12500053.89689628,2467799.999999999,8092927.169239789,0.0,323149.8259948207,1610780.2587517751
 06/03  17:00:00,11764121.874564767,2382366.5369651793,7585427.413363623,0.0,345270.20098851377,1440264.4374276614
 06/03  18:00:00,10014297.672416728,2040687.350446711,6266566.598052404,0.0,402013.77162450907,1291396.3280996871
 06/03  19:00:00,8016040.048668496,1603348.3547465813,4735512.30797901,0.0,505883.3585514158,1154253.9971497187
 06/03  20:00:00,6219197.391537805,1162175.6122848082,3352187.2607172877,0.0,637643.8530790658,1043615.8569555248
 06/03  21:00:00,4943500.387876304,822901.449963512,2359143.720153596,0.0,739589.9291369558,994029.9725606795
 06/03  22:00:00,3401026.305775037,568491.8804412921,1632723.6908435503,0.0,292373.65209055203,883294.2062237986
 06/03  23:00:00,2481566.8756088302,397252.8418712562,1142906.896808135,0.0,95406.13910323277,829243.0014217971
 06/03  24:00:00,1926094.897347113,242297.672827866,697075.4684890327,0.0,47510.71846471471,926145.4810468075
 06/04  01:00:00,1679450.1061400864,209301.73813129484,600031.129043846,0.0,47510.71846471471,809540.9639815388
 06/04  02:00:00,1430749.9949705382,147657.630313276,421579.6427575854,0.0,47510.71846471471,800936.4469162703
 06/04  03:00:00,1235359.2636527047,94679.68060612182,269040.42982427083,0.0,47510.71846471471,811062.8782389052
 06/04  04:00:00,1118713.599259835,47154.84425790049,133600.32529327605,0.0,47510.71846471471,877382.1547252517
 06/04  05:00:00,1125238.357169218,12601.317670379522,35788.396534873566,0.0,67178.61710041139,999160.7738811274
 06/04  06:00:00,1570093.840883117,21961.959378223983,63286.159329753355,0.0,234187.44830279413,1240717.0895646452
 06/04  07:00:00,2505135.4985071034,118355.88226758914,347826.35807766835,0.0,375084.619458274,1654211.4882332343
 06/04  08:00:00,3845601.6564761153,264143.8323876459,792632.8594701431,0.0,371237.5977202404,2408214.250265111
 06/04  09:00:00,5207920.228294462,455131.90418863134,1389813.5869733456,0.0,278909.0760074345,3076112.7136788904
 06/04  10:00:00,5743116.731370808,579665.0727203111,1793305.8927526847,0.0,196198.10863971253,3167698.9128361167
 06/04  11:00:00,6300534.653530544,713348.3114383181,2225515.6812529187,0.0,188504.0651636454,3168906.088115219
 06/04  12:00:00,7371638.634578623,859242.8144078731,2684874.8364960756,0.0,182733.53255659502,3641379.045069725
 06/04  13:00:00,7102794.143883225,1077399.256356962,3337322.5144405826,0.0,180810.02168757824,2504137.9791871104
 06/04  14:00:00,7560804.673893921,1271667.2680002574,3885443.341513374,0.0,180810.02168757824,2219759.67048172
 06/04  15:00:00,7676170.80378786,1378549.5034682064,4152938.7273724983,0.0,181771.77712208664,1959502.3897767141
 06/04  16:00:00,7170778.638944201,1380192.4681611531,4098813.1612014016,0.0,151091.77876126883,1535284.5879104822
 06/04  17:00:00,6233315.956000362,1250758.3219272718,3662937.078298917,0.0,47510.71846471471,1261600.585327032
 06/04  18:00:00,5482265.392943904,1096811.0005489853,3163049.9336160095,0.0,91895.73176727713,1116591.068980851
 06/04  19:00:00,5051998.555921684,919776.8015936515,2611986.643903482,0.0,390953.5841276626,1110819.326868301
 06/04  20:00:00,4249083.713015342,665879.6317903667,1876097.291990364,0.0,637643.8530790658,1043615.8569555248
 06/04  21:00:00,3497658.830134211,455194.0549105091,1279021.3206029653,0.0,739589.9291369558,994029.9725606795
 06/04  22:00:00,2581964.709251675,290043.5437165573,814306.8918207611,0.0,537621.2878901928,914145.9066241427
 06/04  23:00:00,1490954.691278453,157268.45945136703,441531.38349643454,0.0,47510.71846471471,826749.9981120762
 06/04  24:00:00,1015547.1541112098,7559.053721972784,21266.344359022918,0.0,47510.71846471471,926145.4810468075
 06/05  01:00:00,879705.1883771905,2518.2863769620562,7069.663035282854,0.0,47510.71846471471,809540.9639815388
 06/05  02:00:00,861512.7218996768,0.0,0.0,0.0,47510.71846471471,800936.4469162703
 06/05  03:00:00,871639.153222312,0.0,0.0,0.0,47510.71846471471,811062.8782389052
 06/05  04:00:00,937958.4297086585,0.0,0.0,0.0,47510.71846471471,877382.1547252517
 06/05  05:00:00,1076848.642963965,0.0,0.0,0.0,67178.61710041139,999160.7738811274
 06/05  06:00:00,1419822.8867404854,0.0,0.0,0.0,172154.22277700267,1237727.4796557825
 06/05  07:00:00,1841406.272654234,0.0,0.0,0.0,211586.1955918469,1620162.9265920497
 06/05  08:00:00,2400840.6526299748,0.0,0.0,0.0,47510.71846471471,2343956.8175322856
 06/05  09:00:00,3359791.703786732,67560.65040796052,199765.47958317117,0.0,47510.71846471471,3037001.907884726
 06/05  10:00:00,4150005.8724056585,239349.86313229398,716113.4652397872,0.0,47510.71846471471,3140783.08114688
 06/05  11:00:00,5035232.112290571,417442.55572663795,1256118.8957246263,0.0,188504.0651636454,3168906.088115219
 06/05  12:00:00,5725897.270754771,618257.1616596192,1857731.5658701016,0.0,182733.53255659502,3063766.6046201014
 06/05  13:00:00,5668660.4479294475,745996.1319283203,2234591.9429154475,0.0,180810.02168757824,2504137.9791871104
 06/05  14:00:00,5565818.169211671,804629.9669350466,2399763.181545876,0.0,147485.19588186237,2210815.452637894
 06/05  15:00:00,5363360.066312763,811424.6968071288,2407252.796558479,0.0,181771.77712208664,1959502.3897767141
 06/05  16:00:00,5018357.713163463,831641.2606429745,2445126.825035369,0.0,185618.7988601202,1550574.1857151059
 06/05  17:00:00,5927114.7561893985,850312.3778831827,2465405.4456642675,0.0,233466.13172691283,2367421.54893261
 06/05  18:00:00,4288319.175894935,739847.8854647056,2117638.9915366755,0.0,225050.7716749644,1191863.8691878084
 06/05  19:00:00,3762073.2650302625,584531.6126363494,1657306.541969363,0.0,390953.5841276626,1110819.326868301
 06/05  20:00:00,3270591.9394628797,408562.1918573028,1154922.9583709652,0.0,637643.8530790658,1043615.8569555248
 06/05  21:00:00,2567711.351897191,263253.5730957732,745164.3888016506,0.0,566473.9509254446,962995.8861512213
 06/05  22:00:00,1748207.5432028105,142380.03692108722,404312.5687673516,0.0,292373.65209055203,883294.2062237986
 06/05  23:00:00,1150324.0138712802,53997.00614060917,153783.73545178038,0.0,95406.13910323277,829243.0014217971
 06/05  24:00:00,986721.7560302141,0.0,0.0,0.0,47510.71846471471,926145.4810468075
 06/06  01:00:00,870117.2389649455,0.0,0.0,0.0,47510.71846471471,809540.9639815388
 06/06  02:00:00,861512.7218996768,0.0,0.0,0.0,47510.71846471471,800936.4469162703
 06/06  03:00:00,857313.4854784727,0.0,0.0,0.0,47510.71846471471,796737.2104950659
 06/06  04:00:00,937958.4297086585,0.0,0.0,0.0,47510.71846471471,877382.1547252517
 06/06  05:00:00,1066518.7638877195,0.0,0.0,0.0,47510.71846471471,1008498.7934405785
 06/06  06:00:00,1354511.5246754787,0.0,0.0,0.0,109832.47062085869,1234737.8697469197
 06/06  07:00:00,1841406.272654234,0.0,0.0,0.0,211586.1955918469,1620162.9265920497
 06/06  08:00:00,2763215.980050114,43026.92189998571,124712.60728914004,0.0,209662.68472283008,2376440.649505184
 06/06  09:00:00,3804993.2672731606,135480.88575053087,396278.27067788056,0.0,201968.6412467629,3063312.5221518255
 06/06  10:00:00,4190972.2698629363,208167.13900243316,612659.364962691,0.0,196198.10863971253,3167698.9128361167
 06/06  11:00:00,3857966.588320598,168608.48879667214,501189.4826793106,0.0,47510.71846471471,3136397.3908194574
 06/06  12:00:00,4261240.891224857,296868.2377158869,886578.0524338125,0.0,47510.71846471471,3026875.4765620884
 06/06  13:00:00,4223844.869811514,427793.6469882938,1280469.1072225382,0.0,47510.71846471471,2464947.0249249768
 06/06  14:00:00,4812791.402900521,615060.7355787694,1836305.646591004,0.0,147485.19588186237,2210815.452637894
 06/06  15:00:00,5361216.013527624,811440.9552445125,2405092.4853359563,0.0,181771.77712208664,1959502.3897767141
 06/06  16:00:00,5617178.548016217,948402.9567233704,2778883.1386791985,0.0,288767.0692111456,1595728.7404926077
 06/06  17:00:00,5541823.164823465,962206.7950073045,2783572.479417559,0.0,345270.20098851377,1440264.4374276614
 06/06  18:00:00,8397851.335448634,981866.5417775974,2793175.444028592,0.0,357773.0216371229,4251118.66997454
 06/06  19:00:00,4401519.274553528,711420.6420489432,2011499.0773748641,0.0,505883.3585514158,1154253.9971497187
 06/06  20:00:00,3463404.1883180314,459407.48916702543,1296889.9099163944,0.0,637643.8530790658,1043615.8569555248
 06/06  21:00:00,2514433.642355344,249524.6239369081,705615.6284186684,0.0,566473.9509254446,962995.8861512213
 06/06  22:00:00,1618222.728316757,108638.15383388169,308069.63696850324,0.0,292373.65209055203,883294.2062237986
 06/06  23:00:00,1000372.0947307525,15058.152345260734,42770.67010660136,0.0,95406.13910323277,829243.0014217971
 06/06  24:00:00,986721.7560302141,0.0,0.0,0.0,47510.71846471471,926145.4810468075
 06/07  01:00:00,870117.2389649455,0.0,0.0,0.0,47510.71846471471,809540.9639815388
 06/07  02:00:00,861512.7218996768,0.0,0.0,0.0,47510.71846471471,800936.4469162703
 06/07  03:00:00,871639.153222312,0.0,0.0,0.0,47510.71846471471,811062.8782389052
 06/07  04:00:00,937958.4297086585,0.0,0.0,0.0,47510.71846471471,877382.1547252517
 06/07  05:00:00,1066518.7638877195,0.0,0.0,0.0,47510.71846471471,1008498.7934405785
 06/07  06:00:00,1321855.8436429754,0.0,0.0,0.0,78671.5945427867,1233243.0647924885
 06/07  07:00:00,2153025.657181879,0.0,0.0,0.0,129548.4570282808,2013820.0496832607
 06/07  08:00:00,10854895.050596572,0.0,0.0,0.0,209662.68472283008,10635859.24924077
 06/07  09:00:00,8292373.758273422,176110.45643260394,524627.7570926542,0.0,201968.6412467629,7381713.956055241
 06/07  10:00:00,5100278.591263263,431132.228208028,1299000.597157422,0.0,196198.10863971253,3167698.9128361167
 06/07  11:00:00,6060444.920606177,669982.8642775683,2028791.395489301,0.0,188504.0651636454,3168906.088115219
 06/07  12:00:00,6944644.751086591,917876.3275265555,2776859.880334985,0.0,182733.53255659502,3063766.6046201014
 06/07  13:00:00,7025967.567294178,1081486.1809803485,3256409.0132281487,0.0,180810.02168757824,2504137.9791871104
 06/07  14:00:00,7071126.429050936,1170098.2205616704,3497334.144108976,0.0,180810.02168757824,2219759.67048172
 06/07  15:00:00,7005866.692696844,1225985.799773002,3635198.319976687,0.0,181771.77712208664,1959502.3897767141
 06/07  16:00:00,7743876.021660338,1272349.7552612103,3735423.463553138,0.0,185618.7988601202,2545087.361075975
 06/07  17:00:00,6151072.928432131,1176413.4876478165,3417495.727875741,0.0,196198.10863971253,1350456.352286434
 06/07  18:00:00,5298368.495235741,1000639.5837329528,2866896.6126092356,0.0,225050.7716749644,1191863.8691878084
 06/07  19:00:00,4675455.4746814845,784842.0481488735,2212013.87140289,0.0,505883.3585514158,1154253.9971497187
 06/07  20:00:00,3626423.053656992,506136.03647859866,1413180.227943781,0.0,637643.8530790658,1043615.8569555248
 06/07  21:00:00,2892635.502720628,298121.71143907,831070.3366608212,0.0,739589.9291369558,994029.9725606795
 06/07  22:00:00,1771506.027099681,132057.07353944975,368909.1819958634,0.0,353685.5610404622,891007.1313238846
 06/07  23:00:00,964185.0634951878,18966.64906626512,53063.56609827115,0.0,47510.71846471471,826749.9981120762
 06/07  24:00:00,986721.7560302141,0.0,0.0,0.0,47510.71846471471,926145.4810468075
 06/08  01:00:00,870117.2389649455,0.0,0.0,0.0,47510.71846471471,809540.9639815388
 06/08  02:00:00,861512.7218996768,0.0,0.0,0.0,47510.71846471471,800936.4469162703
 06/08  03:00:00,871639.153222312,0.0,0.0,0.0,47510.71846471471,811062.8782389052
 06/08  04:00:00,940158.2640397866,2199.834331128137,0.0,0.0,47510.71846471471,877382.1547252517
 06/08  05:00:00,1075793.8453582851,9275.081470565707,0.0,0.0,47510.71846471471,1008498.7934405785
 06/08  06:00:00,1426852.4620264268,7029.575285941432,0.0,0.0,172154.22277700267,1237727.4796557825
 06/08  07:00:00,1841406.272654234,0.0,0.0,0.0,211586.1955918469,1620162.9265920497
 06/08  08:00:00,2788824.9646183266,0.0,0.0,0.0,371237.5977202404,2408214.250265111
 06/08  09:00:00,4316700.981295648,210717.20040487155,653268.4174705558,0.0,355849.5107681061,3088912.905205955
 06/08  10:00:00,5629859.84972514,530554.7171699277,1685610.6431808677,0.0,233225.69286828575,3174220.052084076
 06/08  11:00:00,7500574.5317779295,980844.4055514873,3158059.465387134,0.0,188504.0651636454,3168906.088115219
 06/08  12:00:00,10072258.58026231,1374050.3736886655,4453786.487987724,0.0,182733.53255659502,4058279.7799809705
 06/08  13:00:00,9816180.754614705,1673089.0777485177,5455019.303780507,0.0,180810.02168757824,2504137.9791871104
 06/08  14:00:00,10471456.398622295,1888372.7040868164,6179389.630155191,0.0,180810.02168757824,2219759.67048172
 06/08  15:00:00,10944757.3885739,2061947.3962591998,6738127.419367543,0.0,181771.77712208664,1959502.3897767141
 06/08  16:00:00,10819229.267077548,2139516.192175386,6938123.447417042,0.0,185618.7988601202,1550574.1857151059
 06/08  17:00:00,10373612.787569728,2076192.8201306826,6620816.165785458,0.0,270734.15481411316,1395360.3948570476
 06/08  18:00:00,9246824.939986672,1847638.8159457247,5691858.3662859695,0.0,402013.77162450907,1291396.3280996871
 06/08  19:00:00,7586475.263219205,1490901.8267725292,4416973.881316954,0.0,505883.3585514158,1154253.9971497187
 06/08  20:00:00,5888896.213391092,1071183.6900224588,3110605.734134021,0.0,637643.8530790658,1043615.8569555248
 06/08  21:00:00,6805072.194707258,752420.9881216679,2166238.8559814855,0.0,739589.9291369558,3116998.8685440477
 06/08  22:00:00,3628247.4733186,505913.9842962435,1448513.7453705329,0.0,476309.3789402826,1171663.2855115205
 06/08  23:00:00,2241916.874845071,323954.28872948076,925030.889888461,0.0,143301.55974175083,831736.0047315182
 06/08  24:00:00,1685792.1620656461,181433.44929887992,517636.9567365521,0.0,47510.71846471471,926145.4810468075
 06/09  01:00:00,1439372.7376653026,148002.9852808301,421252.513419527,0.0,47510.71846471471,809540.9639815388
 06/09  02:00:00,1200493.1274063033,88220.90641198211,251043.5329320072,0.0,47510.71846471471,800936.4469162703
 06/09  03:00:00,1026882.105031961,40441.79932807998,115085.18631893193,0.0,47510.71846471471,811062.8782389052
 06/09  04:00:00,955871.1518894539,4659.681138094771,13253.041042700646,0.0,47510.71846471471,877382.1547252517
 06/09  05:00:00,1068791.0345866224,0.0,0.0,0.0,47510.71846471471,1008498.7934405785
 06/09  06:00:00,1332320.547406846,10225.3099964589,30338.770263649058,0.0,47510.71846471471,1231748.2598380572
 06/09  07:00:00,2214648.236786361,114741.98166294326,355573.76499180205,0.0,129548.4570282808,1603138.6457714573
 06/09  08:00:00,4415972.451083818,384373.1699662955,1241922.2149871078,0.0,371237.5977202404,2408214.250265111
 06/09  09:00:00,6544426.593124176,745277.6691369105,2480476.4323239243,0.0,240438.85862709873,3069712.617915358
 06/09  10:00:00,8396202.361737859,1144004.7412612564,3881483.786904063,0.0,196198.10863971253,3167698.9128361167
 06/09  11:00:00,13024007.435736142,1710272.6501660917,5828811.194910013,0.0,188504.0651636454,5291874.984098588
 06/09  12:00:00,21188255.660022564,2266894.8704182855,7694600.998635954,0.0,182733.53255659502,11040617.852363376
 06/09  13:00:00,14748734.624746364,2284176.785273686,7782272.654451181,0.0,180810.02168757824,4498350.791122929
 06/09  14:00:00,12556935.060822167,2306285.8452790887,7846955.151162789,0.0,180810.02168757824,2219759.67048172
 06/09  15:00:00,12791075.265992723,2435021.775008161,8211370.918037407,0.0,181771.77712208664,1959502.3897767141
 06/09  16:00:00,12398457.072274122,2465293.3581542093,8191574.086634792,0.0,185618.7988601202,1550574.1857151059
 06/09  17:00:00,11853508.828977201,2381219.802100249,7735681.147013495,0.0,308002.17790131347,1417812.4161423545
 06/09  18:00:00,10470610.829425467,2119676.9966483987,6643890.108859453,0.0,402013.77162450907,1291396.3280996871
 06/09  19:00:00,8537922.234534523,1713385.0779740058,5147357.77061761,0.0,505883.3585514158,1154253.9971497187
 06/09  20:00:00,6657674.983663966,1263742.8159277686,3689097.649200489,0.0,637643.8530790658,1043615.8569555248
 06/09  21:00:00,5102011.003424328,913054.3080387434,2631651.542247358,0.0,566473.9509254446,962995.8861512213
 06/09  22:00:00,4766643.56714106,665352.7192103611,1906966.938079635,0.0,292373.65209055203,1877807.3815846676
 06/09  23:00:00,2755254.1054788036,456087.4182786495,1307371.126322476,0.0,143301.55974175083,831736.0047315182
 06/09  24:00:00,2125562.863394753,293955.1462383289,844885.96112621,0.0,47510.71846471471,926145.4810468075
 06/10  01:00:00,1838901.950942866,249768.75956470016,719015.9524132202,0.0,47510.71846471471,809540.9639815388
 06/10  02:00:00,1611177.2061026574,195478.63241553673,566059.642307597,0.0,47510.71846471471,789346.6902334798
 06/10  03:00:00,1496945.7644956708,159635.82619105704,465954.8189196646,0.0,47510.71846471471,811062.8782389052
 06/10  04:00:00,1479522.1460409453,137504.66607990453,404059.0502523822,0.0,47510.71846471471,877382.1547252517
 06/10  05:00:00,1592775.9933195314,132142.1332597325,391842.8254731765,0.0,47510.71846471471,1008498.7934405785
 06/10  06:00:00,1966599.7951344522,167372.87763890077,507470.4503488137,0.0,47510.71846471471,1231748.2598380572
 06/10  07:00:00,2820556.6776452037,284023.5038696806,891262.7030280664,0.0,47510.71846471471,1586114.3649508648
 06/10  08:00:00,4942857.304821525,575889.7111545491,1867956.9404094047,0.0,128586.70159377239,2360198.7335187346
 06/10  09:00:00,12025386.91364285,1082210.3290414163,3606791.602350819,0.0,201968.6412467629,7125895.325882964
 06/10  10:00:00,20526751.590824507,1843041.5363028843,6212882.693223288,0.0,344308.44555400533,12119702.10364762
 06/10  11:00:00,12879377.998686075,2116551.8444545474,7228777.743518269,0.0,328920.35860187106,3200583.5107135833
 06/10  12:00:00,13796648.156110527,2342996.8215795374,8031244.146982243,0.0,318341.04882227874,3100657.7326781144
 06/10  13:00:00,13693292.376068063,2467799.999999999,8451043.044895196,0.0,247652.02438591165,2523672.9345759638
 06/10  14:00:00,13288495.37888601,2467799.999999999,8417001.314505722,0.0,180810.02168757824,2219759.67048172
 06/10  15:00:00,12915606.696509603,2467799.999999999,8303124.12356245,0.0,181771.77712208664,1959502.3897767141
 06/10  16:00:00,12319930.689109385,2467799.999999999,8110541.061624265,0.0,185618.7988601202,1550574.1857151059
 06/10  17:00:00,11783660.54327675,2401220.9444473875,7645831.718965905,0.0,308002.17790131347,1417812.4161423545
 06/10  18:00:00,10071776.8824291,2058135.259416173,6306597.899095314,0.0,402013.77162450907,1291396.3280996871
 06/10  19:00:00,8117645.617806311,1631749.7041612957,4808716.527702109,0.0,505883.3585514158,1154253.9971497187
 06/10  20:00:00,6361054.979090912,1200627.2221588753,3455593.238396329,0.0,637643.8530790658,1043615.8569555248
 06/10  21:00:00,4588151.643757317,837918.2211470546,2397078.334093005,0.0,393357.97271393344,931961.799741763
 06/10  22:00:00,3321141.723680457,584558.217982319,1674569.56647882,0.0,169942.18527763337,867928.8777658404
 06/10  23:00:00,2480839.812491568,410579.87242137396,1179241.2270889936,0.0,47510.71846471471,826749.9981120762
 06/10  24:00:00,2006546.4445022703,262606.065384118,757218.6230879382,0.0,47510.71846471471,926145.4810468075
 06/11  01:00:00,1765970.9196805856,230611.50206634455,665242.1786492956,0.0,47510.71846471471,809540.9639815388
 06/11  02:00:00,1555026.8491558887,178496.5101831638,515017.61707304814,0.0,47510.71846471471,800936.4469162703
 06/11  03:00:00,1401002.8938177782,136399.11499567793,392964.6255997883,0.0,47510.71846471471,811062.8782389052
 06/11  04:00:00,1335843.7161952108,102673.13789800591,295212.1485885462,0.0,47510.71846471471,877382.1547252517
 06/11  05:00:00,1391722.9167607743,83682.45873708006,241521.6941359748,0.0,47510.71846471471,1008498.7934405785
 06/11  06:00:00,1863798.1076153128,112434.38047495009,331540.8403998773,0.0,172154.22277700267,1237727.4796557825
 06/11  07:00:00,2651584.094047045,224094.93226459634,685144.9085123728,0.0,129548.4570282808,1603138.645771457
 06/11  08:00:00,4376047.268083043,474394.5466642575,1500812.0687888118,0.0,47510.71846471471,2343956.8175322856
 06/11  09:00:00,6688691.365529478,848419.6304137772,2747806.1613201,0.0,47510.71846471471,3037001.907884726
 06/11  10:00:00,8722239.546067921,1251287.86261794,4100805.9175521703,0.0,196198.10863971253,3167698.9128361167
 06/11  11:00:00,10555996.168408576,1681934.1249069767,5512391.382662291,0.0,188504.0651636454,3168906.088115219
 06/11  12:00:00,11939168.292101003,1898449.7519330087,6213197.5564933205,0.0,182733.53255659502,3641379.045069725
 06/11  13:00:00,11396525.418145116,2047814.5191865545,6660638.52587288,0.0,180810.02168757824,2504137.9791871104
 06/11  14:00:00,13203859.893272515,2155732.237975396,6938944.758572359,0.0,180810.02168757824,3925248.50282619
 06/11  15:00:00,14090847.295267431,2277632.105907593,7213778.627311644,0.0,316417.5379532619,4279610.618046579
 06/11  16:00:00,10694848.51362409,2122322.0708839926,6633199.715083609,0.0,323149.8259948207,1610780.2587517751
 06/11  17:00:00,9875975.535411414,1987082.961620901,6092848.683391911,0.0,345270.20098851377,1440264.4374276614
 06/11  18:00:00,8819322.302878134,1760694.1622432773,5268961.203265947,0.0,402013.77162450907,1373735.5077136206
 06/11  19:00:00,7863007.032098605,1453264.46202496,4235869.754108235,0.0,505883.3585514158,1649527.2579854087
 06/11  20:00:00,5851398.398863134,1072396.5169510804,3071895.0926774414,0.0,637643.8530790658,1043615.8569555248
 06/11  21:00:00,4253714.397057261,754555.8655333585,2144015.206145104,0.0,393357.97271393344,931961.799741763
 06/11  22:00:00,2934366.7515830426,525038.3166427857,1483407.087967639,0.0,47510.71846471471,852563.5493078821
 06/11  23:00:00,2241092.272324053,354117.47455679096,994819.9494366104,0.0,47510.71846471471,826749.9981120762
 06/11  24:00:00,1665260.310398905,178534.80024408363,500003.7541246072,0.0,47510.71846471471,926145.4810468075
 06/12  01:00:00,1410154.4821864176,142502.9571380089,397534.2860834633,0.0,47510.71846471471,809540.9639815388
 06/12  02:00:00,1147653.813203532,75650.92539134524,210490.1659125099,0.0,47510.71846471471,800936.4469162703
 06/12  03:00:00,927155.5369184141,14701.108162169125,40815.27553393304,0.0,47510.71846471471,811062.8782389052
 06/12  04:00:00,913369.5379709906,0.0,0.0,0.0,48280.122812321424,852023.8586399774
 06/12  05:00:00,1087178.5220402102,0.0,0.0,0.0,86846.51573610806,989822.7543216762
 06/12  06:00:00,1419822.8867404854,0.0,0.0,0.0,172154.22277700267,1237727.4796557825
 06/12  07:00:00,1994241.530717248,39080.86914120808,113754.38892180618,0.0,211586.1955918469,1620162.9265920497
 06/12  08:00:00,4708508.710985443,258116.19783556386,763728.6300493521,0.0,290450.1412215353,3386840.625246017
 06/12  09:00:00,5261507.538460708,496703.07857682544,1491570.3490391332,0.0,201968.6412467629,3063312.5221518255
 06/12  10:00:00,6460342.222681159,766198.1792794134,2323998.2775039338,0.0,196198.10863971253,3167698.9128361167
 06/12  11:00:00,7587171.5437964825,1043674.0252011758,3181826.857755999,0.0,188504.0651636454,3168906.088115219
 06/12  12:00:00,8310773.761417024,1251686.00846136,3809179.2097306135,0.0,182733.53255659502,3063766.6046201014
 06/12  13:00:00,8030040.559942468,1371399.4477932442,4143058.996548541,0.0,47510.71846471471,2464947.0249249768
 06/12  14:00:00,8106904.344737866,1429151.9687315817,4274058.311625995,0.0,180810.02168757824,2219759.67048172
 06/12  15:00:00,7729942.903959085,1444705.1665623637,4276018.997317256,0.0,81075.98312905768,1924734.3509020524
 06/12  16:00:00,7473400.733936567,1461216.472757365,4270594.633694082,0.0,185618.7988601202,1550574.1857151059
 06/12  17:00:00,7047982.848858705,1400787.7487996495,4030311.3427779754,0.0,233466.13172691283,1372908.373571741
 06/12  18:00:00,11066170.733706536,1265282.5383579214,3574632.5047030654,0.0,402013.77162450907,5810324.260990258
 06/12  19:00:00,11383492.225249063,983289.5099127424,2738964.724399144,0.0,505883.3585514158,7136892.432957173
 06/12  20:00:00,4396489.759031491,714299.2866962643,1975083.6831006145,0.0,637643.8530790658,1043615.8569555248
 06/12  21:00:00,3214164.6009652214,466896.1098821653,1290050.1333937738,0.0,479915.961819689,947478.8429464923
 06/12  22:00:00,1958793.2629999127,274027.5972520225,758844.3187752723,0.0,47510.71846471471,852563.5493078821
 06/12  23:00:00,1465023.5027301824,151724.1699962555,421144.48440327507,0.0,47510.71846471471,826749.9981120762
 06/12  24:00:00,1010130.0067404369,6183.774000654149,17224.476709568724,0.0,47510.71846471471,926145.4810468075
 06/13  01:00:00,880041.4099533089,2624.652062285843,7299.5189260774205,0.0,47510.71846471471,809540.9639815388
 06/13  02:00:00,861512.7218996768,0.0,0.0,0.0,47510.71846471471,800936.4469162703
 06/13  03:00:00,871639.153222312,0.0,0.0,0.0,47510.71846471471,811062.8782389052
 06/13  04:00:00,937958.4297086585,0.0,0.0,0.0,47510.71846471471,877382.1547252517
 06/13  05:00:00,1076848.642963965,0.0,0.0,0.0,67178.61710041139,999160.7738811274
 06/13  06:00:00,1452334.3044578126,0.0,0.0,0.0,203170.83553989843,1239222.2846102137
 06/13  07:00:00,2038953.2581618458,0.0,0.0,0.0,375084.619458274,1654211.4882332343
 06/13  08:00:00,3233981.1924946997,114670.17019849762,330486.05767787516,0.0,371237.5977202404,2408214.250265111
 06/13  09:00:00,4736816.070710946,325541.691244243,958559.0160464819,0.0,355849.5107681061,3088912.905205955
 06/13  10:00:00,7913645.669883522,608377.9342689035,1821313.1680629053,0.0,344308.44555400533,5133397.377575725
 06/13  11:00:00,8106305.631164489,901378.9058168497,2722094.9623953514,0.0,328920.35860187106,4149650.8967899736
 06/13  12:00:00,7828156.852393243,1124583.4254987582,3410540.2225885103,0.0,216635.41162301597,3072989.3866346045
 06/13  13:00:00,7809549.908680255,1271410.4017953547,3850067.1337992195,0.0,180810.02168757824,2504137.9791871104
 06/13  14:00:00,7820144.073506923,1350082.081297812,4066367.927828823,0.0,180810.02168757824,2219759.67048172
 06/13  15:00:00,7804844.331008056,1408550.1986658075,4206330.512024639,0.0,215433.21732988046,1971121.9969393748
 06/13  16:00:00,7502025.385017978,1408619.5901325666,4154079.067228922,0.0,323149.8259948207,1610780.2587517751
 06/13  17:00:00,8019763.371707147,1340350.3137514102,3888855.9921962665,0.0,345270.20098851377,2434777.6127885305
 06/13  18:00:00,6115394.2173647545,1144104.2706637508,3263962.188946027,0.0,402013.77162450907,1291396.3280996871
 06/13  19:00:00,5058847.082979294,887917.0580840083,2492330.4697655654,0.0,505883.3585514158,1154253.9971497187
 06/13  20:00:00,3891451.346200323,626935.5372473944,1741665.430931339,0.0,490014.3938820272,1006988.9049395415
 06/13  21:00:00,2343299.6336787017,370122.6235511992,1026070.1553012672,0.0,47510.71846471471,869772.5834384193
 06/13  22:00:00,1688234.151361242,201997.87657603118,560314.9278125928,0.0,47510.71846471471,852563.5493078821
 06/13  23:00:00,1218157.4153950852,86280.59357975233,239721.97348468134,0.0,47510.71846471471,826749.9981120762
 06/13  24:00:00,986721.7560302141,0.0,0.0,0.0,47510.71846471471,926145.4810468075
 06/14  01:00:00,870117.2389649455,0.0,0.0,0.0,47510.71846471471,809540.9639815388
 06/14  02:00:00,861512.7218996768,0.0,0.0,0.0,47510.71846471471,800936.4469162703
 06/14  03:00:00,871639.153222312,0.0,0.0,0.0,47510.71846471471,811062.8782389052
 06/14  04:00:00,937958.4297086585,0.0,0.0,0.0,47510.71846471471,877382.1547252517
 06/14  05:00:00,1066518.7638877195,0.0,0.0,0.0,47510.71846471471,1008498.7934405785
 06/14  06:00:00,1289200.1626104722,0.0,0.0,0.0,47510.71846471471,1231748.2598380572
 06/14  07:00:00,1890793.0190311368,0.0,0.0,0.0,252460.80155845365,1628675.0670023458
 06/14  08:00:00,2717766.9841204053,31328.35201689041,90962.18124252648,0.0,209662.68472283008,2376440.649505184
 06/14  09:00:00,4259219.129262538,248626.65222968016,737358.3661881089,0.0,201968.6412467629,3063312.5221518255
 06/14  10:00:00,5521681.415133751,534365.5101539681,1617170.139081971,0.0,196198.10863971253,3167698.9128361167
 06/14  11:00:00,6678354.488426245,846581.6187079628,2600228.741874994,0.0,82759.05513944739,3144524.565143398
 06/14  12:00:00,8035908.9337548,1169734.5010147474,3616265.8895150023,0.0,182733.53255659502,3063766.6046201014
 06/14  13:00:00,10404437.104950938,1470187.472609292,4540688.426911495,0.0,180810.02168757824,4209626.811531581
 06/14  14:00:00,11625509.158862298,1706263.7452808544,5241921.549581933,0.0,180810.02168757824,4493389.470100941
 06/14  15:00:00,9072582.945600335,1707055.58143414,5220844.79121904,0.0,181771.77712208664,1959502.3897767141
 06/14  16:00:00,8819672.678807456,1734144.975240381,5245069.5259962715,0.0,254384.31242747043,1580677.2222334405
 06/14  17:00:00,8454450.911419658,1674943.047407886,4983463.973613172,0.0,345270.20098851377,1440264.4374276614
 06/14  18:00:00,8788805.268569784,1516475.2591310435,4409777.370784518,0.0,402013.77162450907,2446621.208998933
 06/14  19:00:00,6117445.563265622,1195680.9969036763,3401529.4559373953,0.0,390953.5841276626,1110819.326868301
 06/14  20:00:00,4491067.340136747,828296.6473730659,2324176.7259551124,0.0,342384.9346849886,970361.9529235582
 06/14  21:00:00,5191988.106629168,582947.3668251374,1627149.9857906203,0.0,653031.9400312002,2299035.2610591077
 06/14  22:00:00,3955700.0147754624,392060.8309291119,1095478.3884606147,0.0,537621.2878901928,1904692.428295522
 06/14  23:00:00,1920476.9700183875,230469.285569916,646555.7349284147,0.0,191389.33146717056,834168.4862990256
 06/14  24:00:00,1270459.9486463391,70375.14245297346,198367.82951953812,0.0,65351.281774845425,923300.1383802901
 06/15  01:00:00,1124246.6032854777,66555.75682370104,187573.60749683104,0.0,47510.71846471471,809540.9639815388
 06/15  02:00:00,916476.2974667044,14398.092228216647,40565.48333881097,0.0,47510.71846471471,800936.4469162703
 06/15  03:00:00,871639.153222312,0.0,0.0,0.0,47510.71846471471,811062.8782389052
 06/15  04:00:00,937958.4297086585,0.0,0.0,0.0,47510.71846471471,877382.1547252517
 06/15  05:00:00,1076848.642963965,0.0,0.0,0.0,67178.61710041139,999160.7738811274
 06/15  06:00:00,1549868.5576097937,0.0,0.0,0.0,296220.6738285856,1243706.6994735077
 06/15  07:00:00,1646954.4552339541,940.5780099462964,2731.643338090651,0.0,47510.71846471471,1586114.3649508648
 06/15  08:00:00,3071946.9397694366,144465.00850667732,429323.3795172777,0.0,128586.70159377239,2360198.7335187346
 06/15  09:00:00,4716543.4551339615,355026.9575212744,1088282.386767938,0.0,201968.6412467629,3063312.5221518255
 06/15  10:00:00,6254756.921709261,558478.290269695,1748520.4250921302,0.0,196198.10863971253,3745311.3532857397
 06/15  11:00:00,6772024.531513134,819142.7917646351,2591211.0789091913,0.0,188504.0651636454,3168906.088115219
 06/15  12:00:00,7753275.057602443,1079701.8782655974,3423664.6361117945,0.0,182733.53255659502,3063766.6046201014
 06/15  13:00:00,8348589.945774671,1364713.3499752458,4295804.222713744,0.0,180810.02168757824,2504137.9791871104
 06/15  14:00:00,8581478.418250188,1532647.8778717653,4771943.606946757,0.0,80835.54427043059,2192927.016950243
 06/15  15:00:00,10176631.510107415,1714422.7136732733,5232450.953385208,0.0,249094.6575376743,2977254.7794629047
 06/15  16:00:00,8388813.874161763,1679469.0055150078,5017954.2019257415,0.0,150947.51544609258,1535046.5083650257
 06/15  17:00:00,7250968.997897361,1514109.344161207,4417239.097961982,0.0,47510.71846471471,1261600.585327032
 06/15  18:00:00,6513010.273285629,1339735.0385153552,3811918.8825816014,0.0,180665.758372402,1166772.9357854894
 06/15  19:00:00,5442899.572606839,1074663.7101409903,3006365.1967464695,0.0,276023.8097039093,1067384.6565868834
 06/15  20:00:00,4123413.818313821,735572.9065876828,2049246.9449175708,0.0,342384.9346849886,970361.9529235582
 06/15  21:00:00,3177565.4278763,480536.3998728177,1341885.7026246851,0.0,393357.97271393344,931961.799741763
 06/15  22:00:00,2613430.377940837,317307.1806813888,887533.7575950879,0.0,476309.3789402826,906432.9815240566
 06/15  23:00:00,1703715.043334895,187153.41494428355,523629.93216348183,0.0,143301.55974175083,831736.0047315182
 06/15  24:00:00,1051592.379230992,17055.304398113578,47815.31880266423,0.0,47510.71846471471,926145.4810468075
 06/16  01:00:00,941522.4645603329,18811.30371550174,52593.92187988571,0.0,47510.71846471471,809540.9639815388
 06/16  02:00:00,849638.9313795236,0.0,0.0,0.0,47510.71846471471,789346.6902334797
 06/16  03:00:00,871355.1193849491,0.0,0.0,0.0,47510.71846471471,811062.8782389052
 06/16  04:00:00,937958.4297086585,0.0,0.0,0.0,47510.71846471471,877382.1547252517
 06/16  05:00:00,2063304.2099474915,0.0,0.0,0.0,47510.71846471471,2003011.9688014477
 06/16  06:00:00,1389723.510244248,0.0,0.0,0.0,140993.34669893066,1236232.6747013512
 06/16  07:00:00,1843394.509515774,0.0,0.0,0.0,211586.1955918469,1620162.9265920497
 06/16  08:00:00,3188877.8791109407,102128.75802572057,297072.05495480506,0.0,371237.5977202404,2408214.250265111
 06/16  09:00:00,4583308.826448192,285349.39712893934,844675.998224305,0.0,355849.5107681061,3088912.905205955
 06/16  10:00:00,5478107.632299178,483249.44535170874,1449949.4594687996,0.0,344308.44555400533,3193783.4698279556
 06/16  11:00:00,6314548.244577201,690545.6926968032,2089954.1411671375,0.0,328920.35860187106,3200583.5107135833
 06/16  12:00:00,7215167.54012954,953695.0228505171,2882189.990811199,0.0,284439.1697558578,3091434.950663611
 06/16  13:00:00,7253930.32483929,1141284.9695687122,3424572.982184897,0.0,180810.02168757824,2504137.9791871104
 06/16  14:00:00,7406632.234557549,1259741.7789596866,3743196.391217573,0.0,180810.02168757824,2219759.67048172
 06/16  15:00:00,7415452.0808191905,1336062.8264020781,3934706.6814699573,0.0,181771.77712208664,1959502.3897767141
 06/16  16:00:00,9091230.443875447,1429020.4287736022,4165697.280229413,0.0,220001.55564379532,3271114.536318743
 06/16  17:00:00,7531027.130256118,1404558.3825157373,4045537.374606934,0.0,345270.20098851377,1724867.886325145
 06/16  18:00:00,6291789.3811740745,1230981.7333383553,3492011.653348817,0.0,313532.27164973674,1241630.0986437476
 06/16  19:00:00,5415497.314796554,984716.5943610517,2753601.334492596,0.0,505883.3585514158,1154253.9971497187
 06/16  20:00:00,4286842.597513581,682833.3816085516,1899174.697369321,0.0,637643.8530790658,1043615.8569555248
 06/16  21:00:00,2997145.8894018694,434016.9190647586,1209973.881819853,0.0,393357.97271393344,931961.799741763
 06/16  22:00:00,3154734.466027423,290229.40589211596,810982.5489955046,0.0,537621.2878901928,1491758.3470737657
 06/16  23:00:00,1691619.4101758767,157593.87263136715,441189.4700809775,0.0,239477.10319259032,836600.9678665329
 06/16  24:00:00,1045195.6012444536,7480.088413355236,21003.31551365739,0.0,83191.84508497614,920454.7957137728
 06/17  01:00:00,882081.182138852,3146.0884469441235,8817.854726962218,0.0,47510.71846471471,809540.9639815388
 06/17  02:00:00,861228.6880623141,0.0,0.0,0.0,47510.71846471471,800936.4469162703
 06/17  03:00:00,871355.1193849491,0.0,0.0,0.0,47510.71846471471,811062.8782389052
 06/17  04:00:00,937958.4297086585,0.0,0.0,0.0,47510.71846471471,877382.1547252517
 06/17  05:00:00,1068791.0345866224,0.0,0.0,0.0,47510.71846471471,1008498.7934405785
 06/17  06:00:00,1291756.467146738,0.0,0.0,0.0,47510.71846471471,1231748.2598380572
 06/17  07:00:00,2921753.052042205,7889.186244217999,22542.19148586995,0.0,129548.4570282808,2750127.8299519587
 06/17  08:00:00,6923988.505286626,93076.90545343801,269877.3483605562,0.0,209662.68472283008,6341146.348604739
 06/17  09:00:00,4722393.921009159,277107.27262070554,816513.5395937783,0.0,278909.0760074345,3341343.0176663543
 06/17  10:00:00,5137668.235829078,442841.7210567309,1324112.681199809,0.0,196198.10863971253,3167698.9128361167
 06/17  11:00:00,5822852.847346114,611238.368916907,1849659.7837525364,0.0,188504.0651636454,3168906.088115219
 06/17  12:00:00,6546740.559440671,815445.6953330865,2481386.3208825323,0.0,182733.53255659502,3063766.6046201014
 06/17  13:00:00,6867850.067760918,1036110.3987328862,3143667.295942352,0.0,180810.02168757824,2504137.9791871104
 06/17  14:00:00,7269472.903469317,1214190.608803088,3651588.2302859398,0.0,180810.02168757824,2219759.67048172
 06/17  15:00:00,7465810.263617281,1339800.2006529658,3981327.49001716,0.0,181771.77712208664,1959502.3897767141
 06/17  16:00:00,7336924.408562478,1398012.3430317638,4098453.8879599087,0.0,254384.31242747043,1580677.2222334405
 06/17  17:00:00,6856885.016114641,1363861.5481280456,3935575.7212406606,0.0,196198.10863971253,1350456.352286434
 06/17  18:00:00,6131485.285254868,1224791.2741015255,3476145.746097151,0.0,225050.7716749644,1191863.8691878084
 06/17  19:00:00,5816915.802016767,1005482.028407003,2811424.9649480227,0.0,276023.8097039093,1706942.9687160596
 06/17  20:00:00,5042076.047792945,727292.3591850894,2018780.2881490958,0.0,563829.1234805465,1708599.4684770962
 06/17  21:00:00,9635916.270833082,394752.6631927577,1097300.3709759335,0.0,653031.9400312002,7462995.980571631
 06/17  22:00:00,3188487.808845733,297605.27443630376,828164.3439224298,0.0,537621.2878901928,1500954.0264209623
 06/17  23:00:00,1672495.988860626,153068.11793013278,426591.80346696085,0.0,239477.10319259032,836600.9678665329
 06/17  24:00:00,1057239.473602395,2864.1337481378073,7998.230288757026,0.0,119257.67387904094,914053.8791677675
 06/18  01:00:00,863851.1411716568,0.0,0.0,0.0,59436.4858526188,791349.098800346
 06/18  02:00:00,838333.208534096,0.0,0.0,0.0,47510.71846471471,777756.9335506894
 06/18  03:00:00,871639.153222312,0.0,0.0,0.0,47510.71846471471,811062.8782389052
 06/18  04:00:00,937958.4297086585,0.0,0.0,0.0,47510.71846471471,877382.1547252517
 06/18  05:00:00,2782337.475308435,0.0,0.0,0.0,67178.61710041139,2704649.606225597
 06/18  06:00:00,2828985.181868146,0.0,0.0,0.0,296220.6738285856,2522823.32373186
 06/18  07:00:00,2038953.2581618458,0.0,0.0,0.0,375084.619458274,1654211.4882332343
 06/18  08:00:00,3563860.9303262727,50999.947565744515,146423.57769257855,0.0,371237.5977202404,2985826.6907147346
 06/18  09:00:00,4363913.366184798,232118.5003203742,679079.5024442028,0.0,355849.5107681061,3088912.905205955
 06/18  10:00:00,5437240.413019772,475413.91479212354,1417485.8384237038,0.0,344308.44555400533,3193783.4698279556
 06/18  11:00:00,6679345.543907328,779247.5809364923,2366333.5860949373,0.0,328920.35860187106,3200583.5107135833
 06/18  12:00:00,7745044.137000492,1094943.5222623912,3357067.4104321254,0.0,216635.41162301597,3072989.3866346045
 06/18  13:00:00,8154209.308564569,1344429.2758275077,4121707.659651381,0.0,180810.02168757824,2504137.9791871104
 06/18  14:00:00,8465608.810125973,1498026.7504987263,4563887.995246957,0.0,180810.02168757824,2219759.67048172
 06/18  15:00:00,8544697.765326347,1594773.8159525688,4805241.376426625,0.0,181771.77712208664,1959502.3897767141
 06/18  16:00:00,10523910.316475978,1703236.3710785396,5039557.761627521,0.0,220001.55564379532,3555717.985216227
 06/18  17:00:00,7926546.217474968,1568526.3405452569,4561975.9865311105,0.0,345270.20098851377,1440264.4374276614
 06/18  18:00:00,6947899.380681878,1362144.8278567635,3878426.795070138,0.0,402013.77162450907,1291396.3280996871
 06/18  19:00:00,5810609.164205299,1090445.8995637754,3041563.7095118025,0.0,505883.3585514158,1154253.9971497187
 06/18  20:00:00,4578528.991292956,763604.5088362418,2107817.6932221022,0.0,637643.8530790658,1043615.8569555248
 06/18  21:00:00,4495361.412652112,517177.4537880476,1424377.3935034275,0.0,566473.9509254446,1957509.0615120903
 06/18  22:00:00,1924207.3244481536,265126.9330681322,733159.0444074037,0.0,47510.71846471471,852563.5493078821
 06/18  23:00:00,1392557.2979370188,132657.96619130432,367744.483415063,0.0,47510.71846471471,826749.9981120762
 06/18  24:00:00,986721.7560302141,0.0,0.0,0.0,47510.71846471471,926145.4810468075
 06/19  01:00:00,870117.2389649455,0.0,0.0,0.0,47510.71846471471,809540.9639815388
 06/19  02:00:00,861512.7218996768,0.0,0.0,0.0,47510.71846471471,800936.4469162703
 06/19  03:00:00,871639.153222312,0.0,0.0,0.0,47510.71846471471,811062.8782389052
 06/19  04:00:00,937958.4297086585,0.0,0.0,0.0,47510.71846471471,877382.1547252517
 06/19  05:00:00,1066518.7638877195,0.0,0.0,0.0,47510.71846471471,1008498.7934405785
 06/19  06:00:00,1928758.4747396484,0.0,0.0,0.0,47510.71846471471,1871306.5719672334
 06/19  07:00:00,2196361.1358859264,0.0,0.0,0.0,211586.1955918469,1975117.7898237426
 06/19  08:00:00,2680509.650056532,21737.162708215328,63296.03648732828,0.0,209662.68472283008,2376440.649505184
 06/19  09:00:00,3961866.232710058,172951.13227201812,515680.9895932911,0.0,201968.6412467629,3063312.5221518255
 06/19  10:00:00,4760462.158578435,342216.1184798107,1048100.2742008121,0.0,196198.10863971253,3167698.9128361167
 06/19  11:00:00,5558543.538683061,532498.7472232627,1664374.1306204905,0.0,188504.0651636454,3168906.088115219
 06/19  12:00:00,6356661.014775731,749003.4810242106,2357748.9905264685,0.0,182733.53255659502,3063766.6046201014
 06/19  13:00:00,8169962.070867805,1088280.0659099997,3399096.4565112563,0.0,180810.02168757824,3498651.15454798
 06/19  14:00:00,11827719.474719182,1343191.5735441921,4139518.3443537503,0.0,180810.02168757824,6161075.162922668
 06/19  15:00:00,16450502.032754155,1572966.0669370554,4756002.14512667,0.0,181771.77712208664,9936353.63751999
 06/19  16:00:00,7956960.1239957,1525956.0221857545,4541111.649196297,0.0,288767.0692111456,1595728.7404926077
 06/19  17:00:00,9555753.741092648,1477247.8306103968,4292369.738841698,0.0,345270.20098851377,3430356.718669615
 06/19  18:00:00,6391156.04067627,1220253.9729408924,3463574.3099804,0.0,402013.77162450907,1291396.3280996871
 06/19  19:00:00,5238126.701818554,940452.0745534927,2619075.0721353395,0.0,505883.3585514158,1154253.9971497187
 06/19  20:00:00,3690465.8425786328,624205.3654461089,1727666.5103239568,0.0,342384.9346849886,970361.9529235582
 06/19  21:00:00,2602935.842584483,384916.08740200894,1066894.6650799573,0.0,220434.34558932408,900867.1915900911
 06/19  22:00:00,1735269.6139673796,214165.32730787975,595182.9396868821,0.0,47510.71846471471,852563.5493078821
 06/19  23:00:00,1253148.2939750003,95418.68149000622,265574.7641543425,0.0,47510.71846471471,826749.9981120762
 06/19  24:00:00,986721.7560302141,0.0,0.0,0.0,47510.71846471471,926145.4810468075
 06/20  01:00:00,870117.2389649455,0.0,0.0,0.0,47510.71846471471,809540.9639815388
 06/20  02:00:00,861512.7218996768,0.0,0.0,0.0,47510.71846471471,800936.4469162703
 06/20  03:00:00,871639.153222312,0.0,0.0,0.0,47510.71846471471,811062.8782389052
 06/20  04:00:00,2643447.2620531283,0.0,0.0,0.0,47510.71846471471,2582870.987069722
 06/20  05:00:00,2355965.2672223174,0.0,0.0,0.0,67178.61710041139,2278277.3981394796
 06/20  06:00:00,1826064.2834190836,0.0,0.0,0.0,78671.5945427867,1737451.5045685964
 06/20  07:00:00,9442805.16466895,0.0,0.0,0.0,211586.1955918469,9221561.818606764
 06/20  08:00:00,4724993.30796225,34606.30405179087,100697.74111365239,0.0,209662.68472283008,4370653.461441002
 06/20  09:00:00,3870158.1519328356,150059.18366381948,446864.8574242674,0.0,201968.6412467629,3063312.5221518255
 06/20  10:00:00,4603012.9344981555,304688.75841297075,928178.4101873715,0.0,196198.10863971253,3167698.9128361167
 06/20  11:00:00,5185392.7213827185,442660.28958467254,1381061.7709587393,0.0,188504.0651636454,3168906.088115219
 06/20  12:00:00,5530890.711996065,546693.4139424299,1734288.7548285844,0.0,182733.53255659502,3063766.6046201014
 06/20  13:00:00,5592690.683451153,694944.0291597529,2209674.2812057203,0.0,180810.02168757824,2504137.9791871104
 06/20  14:00:00,6097069.362011106,890313.0668543444,2803062.230776471,0.0,180810.02168757824,2219759.67048172
 06/20  15:00:00,7189236.217484824,1076321.6573800333,3328673.6750284587,0.0,181771.77712208664,2599060.7019058904
 06/20  16:00:00,8038721.745515026,1216971.9640616134,3680191.9098126725,0.0,220001.55564379532,2916159.67308705
 06/20  17:00:00,6105937.960635948,1087910.7562394177,3221983.3139979285,0.0,345270.20098851377,1440264.4374276614
 06/20  18:00:00,5386601.586380362,963227.9324499101,2785169.760890831,0.0,357773.0216371229,1266513.2133717174
 06/20  19:00:00,4229153.5486983145,746681.2534888899,2120601.6294900454,0.0,276023.8097039093,1067384.6565868834
 06/20  20:00:00,3269432.4243842727,505055.9912807097,1425782.4662949955,0.0,342384.9346849886,970361.9529235582
 06/20  21:00:00,2592311.26297181,323477.150633607,913690.7869594054,0.0,393357.97271393344,931961.799741763
 06/20  22:00:00,1791136.0656817704,190071.65975182317,537346.2636864525,0.0,169942.18527763337,867928.8777658404
 06/20  23:00:00,1198219.4067328463,79933.04413979425,226131.5142624005,0.0,47510.71846471471,826749.9981120762
 06/20  24:00:00,986721.7560302141,0.0,0.0,0.0,47510.71846471471,926145.4810468075
 06/21  01:00:00,870117.2389649455,0.0,0.0,0.0,47510.71846471471,809540.9639815388
 06/21  02:00:00,861512.7218996768,0.0,0.0,0.0,47510.71846471471,800936.4469162703
 06/21  03:00:00,871639.153222312,0.0,0.0,0.0,47510.71846471471,811062.8782389052
 06/21  04:00:00,937958.4297086585,0.0,0.0,0.0,47510.71846471471,877382.1547252517
 06/21  05:00:00,2772007.59623219,0.0,0.0,0.0,47510.71846471471,2713987.6257850486
 06/21  06:00:00,1704426.335637969,0.0,0.0,0.0,172154.22277700267,1522330.9285532662
 06/21  07:00:00,1841406.272654234,0.0,0.0,0.0,211586.1955918469,1620162.9265920497
 06/21  08:00:00,2938023.713003747,86225.97139091691,256321.29075184197,0.0,209662.68472283008,2376440.649505184
 06/21  09:00:00,4390702.737099508,276525.3859509479,840943.2403038101,0.0,201968.6412467629,3063312.5221518255
 06/21  10:00:00,5293572.019782984,469298.85773686203,1454127.3961483089,0.0,196198.10863971253,3167698.9128361167
 06/21  11:00:00,6983295.952373961,706269.825000901,2213924.7108752057,0.0,188504.0651636454,3870336.8437737646
 06/21  12:00:00,9452575.86713311,968702.8807019494,3046713.905040495,0.0,182733.53255659502,5251017.142785716
 06/21  13:00:00,7393803.597006604,1138248.920119863,3567482.3038010597,0.0,180810.02168757824,2504137.9791871104
 06/21  14:00:00,7594896.3388964,1265040.2606805172,3926162.0138355927,0.0,180810.02168757824,2219759.67048172
 06/21  15:00:00,7539901.871941416,1327023.1962890478,4068196.1027052132,0.0,181771.77712208664,1959502.3897767141
 06/21  16:00:00,7189237.964369474,1353976.260431719,4093672.0764526348,0.0,185618.7988601202,1550574.1857151059
 06/21  17:00:00,7024375.315843762,1361017.616486827,4046473.942075855,0.0,233466.13172691283,1372908.373571741
 06/21  18:00:00,6847996.774385456,1272293.9932667613,3706209.9351852816,0.0,136280.74506983956,1719294.442832793
 06/21  19:00:00,5070347.539671667,1042041.8162580569,2981696.4460118334,0.0,47510.71846471471,980636.3595084753
 06/21  20:00:00,4018627.40009516,747232.2709976572,2116865.222415055,0.0,194947.82657485164,933735.0009075749
 06/21  21:00:00,3077475.4352793265,503793.70377550786,1422556.641401302,0.0,220434.34558932408,900867.1915900911
 06/21  22:00:00,2108532.1062886477,309164.86528326594,873445.894032764,0.0,47510.71846471471,852563.5493078821
 06/21  23:00:00,1616556.948904352,189273.5884730337,535128.5121006664,0.0,47510.71846471471,826749.9981120762
 06/21  24:00:00,1096409.64803444,28607.147816418492,81080.7441878072,0.0,47510.71846471471,926145.4810468075
 06/22  01:00:00,963748.9256725392,24461.14335186043,69170.54335573326,0.0,47510.71846471471,809540.9639815388
 06/22  02:00:00,861512.7218996768,0.0,0.0,0.0,47510.71846471471,800936.4469162703
 06/22  03:00:00,871639.153222312,0.0,0.0,0.0,47510.71846471471,811062.8782389052
 06/22  04:00:00,937958.4297086585,0.0,0.0,0.0,47510.71846471471,877382.1547252517
 06/22  05:00:00,1066518.7638877195,0.0,0.0,0.0,47510.71846471471,1008498.7934405785
 06/22  06:00:00,1354511.5246754787,0.0,0.0,0.0,109832.47062085869,1234737.86974692
 06/22  07:00:00,1643282.233885917,0.0,0.0,0.0,47510.71846471471,1586114.3649508648
 06/22  08:00:00,2854750.0693055987,113269.05606958612,340640.360606038,0.0,47510.71846471471,2343956.8175322856
 06/22  09:00:00,4794730.35039545,417131.4089890211,1285133.367610828,0.0,47510.71846471471,3037001.907884726
 06/22  10:00:00,6534160.194865682,774527.4474952753,2433387.786938654,0.0,159026.26109596307,3160969.954913808
 06/22  11:00:00,8115691.07359806,1181498.0298050581,3746024.4269483867,0.0,47510.71846471471,3136397.3908194574
 06/22  12:00:00,10405830.284025956,1514115.6434130687,4819406.864176859,0.0,47510.71846471471,4021388.6519229575
 06/22  13:00:00,10015441.694536343,1752363.5784840486,5575005.742966613,0.0,180810.02168757824,2504137.9791871104
 06/22  14:00:00,10259137.30950029,1882932.7755735617,5972510.469546438,0.0,180810.02168757824,2219759.67048172
 06/22  15:00:00,10327521.07230497,1974202.80042346,6208635.698934355,0.0,181771.77712208664,1959502.3897767141
 06/22  16:00:00,9968808.212234663,1992954.342572196,6184829.967134504,0.0,220001.55564379532,1565625.7039742733
 06/22  17:00:00,9580952.95721561,1922790.5258840614,5862118.540932949,0.0,345270.20098851377,1440264.4374276614
 06/22  18:00:00,9238946.948627615,1712072.9343054928,5089457.80729789,0.0,402013.77162450907,2021484.7773689425
 06/22  19:00:00,10983253.143112566,1372403.1078122174,3967544.7810710734,0.0,505883.3585514158,5118959.696249273
 06/22  20:00:00,11448136.842325542,977384.9518177595,2781006.665465719,0.0,637643.8530790658,7026254.292762979
 06/22  21:00:00,4480407.931994804,708431.209246903,2008533.2681271646,0.0,739589.9291369558,994029.9725606795
 06/22  22:00:00,2812222.123166239,454381.84677636926,1294122.1341463747,0.0,169942.18527763337,867928.8777658404
 06/22  23:00:00,2075637.6748107802,306729.2082749432,876753.6182051856,0.0,47510.71846471471,826749.9981120762
 06/22  24:00:00,1592263.3059498454,156563.46758731644,448978.08233231463,0.0,47510.71846471471,926145.4810468075
 06/23  01:00:00,1402675.1146039744,137760.18246865983,394797.6931703689,0.0,47510.71846471471,809540.9639815388
 06/23  02:00:00,1202581.1319509353,88440.3324929052,252912.11139571632,0.0,47510.71846471471,800936.4469162703
 06/23  03:00:00,1037162.5602716042,43081.851718481834,122725.58916817319,0.0,47510.71846471471,811062.8782389052
 06/23  04:00:00,958431.05879145,5331.328508070699,15141.300574720673,0.0,47510.71846471471,877382.1547252517
 06/23  05:00:00,2881252.9679929,27906.368308786587,79066.73275302125,0.0,47510.71846471471,2713987.6257850486
 06/23  06:00:00,6238887.448694628,142904.33482227696,409881.8417344234,0.0,172154.22277700267,5501449.560516957
 06/23  07:00:00,3570612.649001596,168237.81488906543,493049.8043814631,0.0,211586.1955918469,2686093.446807344
 06/23  08:00:00,4069306.2990606115,318249.9484823992,961379.2844477971,0.0,371237.5977202404,2408214.250265111
 06/23  09:00:00,8629274.794809423,595845.6974701345,1852176.0779585578,0.0,355849.5107681061,5816882.493491738
 06/23  10:00:00,6654174.007591659,741815.0398848398,2367450.2402281496,0.0,344308.44555400533,3193783.4698279556
 06/23  11:00:00,9091721.489919959,1080263.7542688549,3482896.1495769746,0.0,328920.35860187106,4195096.6860744525
 06/23  12:00:00,9057388.74447108,1332248.7583689264,4302732.798553408,0.0,318341.04882227874,3100657.7326781144
 06/23  13:00:00,9656511.433555817,1616499.7949753273,5179185.349320436,0.0,314494.0270842451,2543207.889964817
 06/23  14:00:00,10071979.532273898,1799640.7494531102,5699894.0728815,0.0,314494.0270842451,2254826.3106440515
 06/23  15:00:00,10073969.289648924,1880232.7312957977,5867929.795924153,0.0,316417.5379532619,2005980.8184273571
 06/23  16:00:00,9489895.983533736,1856868.3064132298,5693700.949464016,0.0,323149.8259948207,1610780.2587517751
 06/23  17:00:00,9861401.578946374,1768243.2443863568,5302317.234963185,0.0,345270.20098851377,2434777.6127885305
 06/23  18:00:00,7542546.488902958,1484585.6562488223,4350917.1087365225,0.0,402013.77162450907,1291396.3280996871
 06/23  19:00:00,6209290.626697928,1172521.2863009158,3359589.9544541053,0.0,505883.3585514158,1154253.9971497187
 06/23  20:00:00,4974972.843729904,852768.4639858098,2417369.861208385,0.0,637643.8530790658,1043615.8569555248
 06/23  21:00:00,4073134.104680149,601796.8882191184,1709881.9987018337,0.0,739589.9291369558,994029.9725606795
 06/23  22:00:00,2569977.831594973,390525.5892860044,1117438.3030896506,0.0,169942.18527763337,867928.8777658404
 06/23  23:00:00,1914900.5425012882,264491.3844658716,759390.4450542165,0.0,47510.71846471471,826749.9981120762
 06/23  24:00:00,1533514.9219487135,139246.37677767442,400049.17881901836,0.0,56431.00011978007,924722.8097135489
 06/24  01:00:00,1396707.9225029256,136459.61890874003,390131.0646292401,0.0,47510.71846471471,809540.9639815388
 06/24  02:00:00,1206865.9477798562,89921.83219519819,255715.42752234382,0.0,47510.71846471471,800936.4469162703
 06/24  03:00:00,1041584.3331808574,44469.57156527062,125759.64223063758,0.0,47510.71846471471,811062.8782389052
 06/24  04:00:00,959332.9902424859,5596.592438417017,15777.96809541023,0.0,47510.71846471471,877382.1547252517
 06/24  05:00:00,1089450.7927391133,0.0,0.0,0.0,86846.51573610806,989822.7543216762
 06/24  06:00:00,1422379.1912767515,0.0,0.0,0.0,172154.22277700267,1237727.4796557825
 06/24  07:00:00,2045404.251945292,64174.30152446694,187366.45059713046,0.0,170567.32631006383,1611650.7861817533
 06/24  08:00:00,3400358.1268052245,249973.87399878865,748691.4986643721,0.0,47510.71846471471,2343956.8175322856
 06/24  09:00:00,4939945.189120874,452791.0902746033,1394120.4573759446,0.0,47510.71846471471,3037001.907884726
 06/24  10:00:00,6066632.2078240905,652801.5149056835,2043116.8593458687,0.0,196198.10863971253,3167698.9128361167
 06/24  11:00:00,7049854.545925954,891172.4361924183,2796727.415056865,0.0,188504.0651636454,3168906.088115219
 06/24  12:00:00,7873824.614428877,1121917.0589623782,3501999.0122414483,0.0,182733.53255659502,3063766.6046201014
 06/24  13:00:00,8261222.151319942,1361298.748981806,4211851.029252456,0.0,180810.02168757824,2504137.9791871104
 06/24  14:00:00,8330829.137876881,1456401.182106019,4470733.891390571,0.0,180810.02168757824,2219759.67048172
 06/24  15:00:00,7793893.723720089,1397516.2337980655,4251694.916974868,0.0,181771.77712208664,1959502.3897767141
 06/24  16:00:00,6714569.2991662435,1244149.997089437,3728829.6745916866,0.0,185618.7988601202,1550574.1857151059
 06/24  17:00:00,6868070.797404857,1098459.8791215636,3217649.996176489,0.0,196198.10863971253,2344969.5276473034
 06/24  18:00:00,5059053.846595053,920125.3059029622,2639256.4109205436,0.0,269291.52166235057,1216746.9839157779
 06/24  19:00:00,4645571.791085988,776000.7630408241,2192391.642102258,0.0,505883.3585514158,1154253.9971497187
 06/24  20:00:00,3896994.243204457,574849.1612605372,1617310.5634082113,0.0,637643.8530790658,1043615.8569555248
 06/24  21:00:00,3342155.3688805634,414169.20585977053,1166530.9452615967,0.0,739589.9291369558,994029.9725606795
 06/24  22:00:00,2329359.6922315094,277687.28342632327,782836.8402649955,0.0,353685.5610404622,891007.1313238846
 06/24  23:00:00,1650509.3424085255,172557.4932696379,486156.2882612096,0.0,143301.55974175083,831736.0047315182
 06/24  24:00:00,1114066.186615179,33343.116282990435,94001.31430197459,0.0,47510.71846471471,926145.4810468075
 06/25  01:00:00,1013761.5736967819,37700.51550800231,105943.81922383393,0.0,47510.71846471471,809540.9639815388
 06/25  02:00:00,867196.4893774716,1493.0040125024389,4190.763465292231,0.0,47510.71846471471,800936.4469162703
 06/25  03:00:00,871639.153222312,0.0,0.0,0.0,47510.71846471471,811062.8782389052
 06/25  04:00:00,913369.5379709906,0.0,0.0,0.0,48280.122812321424,852023.8586399774
 06/25  05:00:00,2061031.9392485884,0.0,0.0,0.0,47510.71846471471,2003011.9688014477
 06/25  06:00:00,1484845.7221751397,0.0,0.0,0.0,234187.44830279413,1240717.0895646452
 06/25  07:00:00,1841262.0093390576,0.0,0.0,0.0,211441.93227667065,1620162.9265920494
 06/25  08:00:00,2768951.775510243,68100.32585155798,202692.89791320363,0.0,128586.70159377239,2360198.7335187346
 06/25  09:00:00,4245155.97777597,241423.29331637587,730498.5736148446,0.0,201968.6412467629,3063312.5221518255
 06/25  10:00:00,5084709.0276366435,433872.3641246053,1324591.7030802842,0.0,159026.26109596307,3160969.954913807
 06/25  11:00:00,7387276.808479997,747895.6220374559,2283197.350242364,0.0,188504.0651636454,4163419.263476088
 06/25  12:00:00,7445921.586039486,1035496.5917096438,3160516.451104792,0.0,182733.53255659502,3063766.6046201014
 06/25  13:00:00,7877967.50927089,1277234.3828861208,3912660.7532990878,0.0,180810.02168757824,2504137.9791871104
 06/25  14:00:00,8363974.1682681935,1461335.9438756392,4498944.160012265,0.0,180810.02168757824,2219759.67048172
 06/25  15:00:00,8645275.894956384,1598189.0040035697,4902404.318005658,0.0,181771.77712208664,1959502.3897767141
 06/25  16:00:00,8400048.01904336,1653796.6681847028,5004661.723373535,0.0,185618.7988601202,1550574.1857151059
 06/25  17:00:00,8265352.464623178,1631161.3292967156,4838147.244927863,0.0,345270.20098851377,1440264.4374276614
 06/25  18:00:00,7389760.914751421,1456036.5193263195,4226396.637670125,0.0,402013.77162450907,1291396.3280996871
 06/25  19:00:00,6303371.7043457115,1202170.6143577565,3422601.5348582347,0.0,505883.3585514158,1154253.9971497187
 06/25  20:00:00,4828743.186402851,890243.1869768575,2507777.8270109147,0.0,416199.66428350785,988675.4289315498
 06/25  21:00:00,3646187.0210199496,601377.6914237773,1689666.0042173748,0.0,393357.97271393344,931961.799741763
 06/25  22:00:00,2702062.9686265625,393708.41585273907,1106839.6152594516,0.0,292373.65209055203,883294.2062237986
 06/25  23:00:00,1932632.9636976612,252968.32940785738,711927.1500367938,0.0,119353.8494224918,830489.5030766577
 06/25  24:00:00,1318391.7423553413,86759.4799599507,244910.50636517652,0.0,47510.71846471471,926145.4810468075
 06/26  01:00:00,1177800.9219998894,80486.12010369338,227197.56293125043,0.0,47510.71846471471,809540.9639815388
 06/26  02:00:00,962447.321059012,26393.86897025145,74540.73018908374,0.0,47510.71846471471,800936.4469162703
 06/26  03:00:00,850150.651606553,0.0,0.0,0.0,47510.71846471471,789574.3766231462
 06/26  04:00:00,937958.4297086585,0.0,0.0,0.0,47510.71846471471,877382.1547252517
 06/26  05:00:00,1066518.7638877195,0.0,0.0,0.0,47510.71846471471,1008498.7934405785
 06/26  06:00:00,1354511.5246754787,0.0,0.0,0.0,109832.47062085869,1234737.86974692
 06/26  07:00:00,1734831.2760539004,23116.994036889842,68432.04813109334,0.0,47510.71846471471,1586114.3649508648
 06/26  08:00:00,3248900.4876192175,209814.29627090573,638245.5387183371,0.0,47510.71846471471,2343956.8175322856
 06/26  09:00:00,6109830.0104119,531674.1468302261,1665363.440607749,0.0,201968.6412467629,3702870.8342810017
 06/26  10:00:00,7550184.930452335,911576.9310450729,2913507.3702777564,0.0,196198.10863971253,3522653.776067809
 06/26  11:00:00,8927307.291731015,1328310.934350436,4280701.207539944,0.0,153255.72848891272,3160778.9137912784
 06/26  12:00:00,9734155.675344007,1572964.7430515578,5083396.331217292,0.0,47510.71846471471,3026875.4765620884
 06/26  13:00:00,10215994.025563182,1788327.9888531754,5739593.663624327,0.0,180810.02168757824,2504137.9791871104
 06/26  14:00:00,10263330.841416053,1883075.8075350253,5976560.969500738,0.0,180810.02168757824,2219759.67048172
 06/26  15:00:00,10158409.751573231,1928841.0687736901,6039605.06248193,0.0,215433.21732988046,1971121.9969393748
 06/26  16:00:00,9876352.575084701,1944393.2131661416,5992632.634262069,0.0,323149.8259948207,1610780.2587517751
 06/26  17:00:00,9260430.637754718,1854892.2636482073,5609494.4837079095,0.0,345270.20098851377,1440264.4374276614
 06/26  18:00:00,9790208.236242518,1681801.9813082283,4972085.123696267,0.0,225050.7716749644,2897352.701532278
 06/26  19:00:00,13308187.991712907,1558853.0747245485,4486490.9492943045,0.0,505883.3585514158,6738498.409714051
 06/26  20:00:00,7843639.757133938,1108289.1932617621,3156023.1439639134,0.0,490014.3938820272,3063465.9468262154
 06/26  21:00:00,4162716.9048805623,730806.1914823346,2076767.38801943,0.0,393357.97271393344,931961.799741763
 06/26  22:00:00,3109964.494080307,497022.07963254215,1411427.4769333932,0.0,292373.65209055203,883294.2062237986
 06/26  23:00:00,2185757.584661305,336930.9235906176,956671.8127400358,0.0,47510.71846471471,826749.9981120762
 06/26  24:00:00,1708270.1500822105,187754.40320421683,533793.9908477798,0.0,47510.71846471471,926145.4810468075
 06/27  01:00:00,1496075.8469015667,163063.02596203765,462895.58197458345,0.0,47510.71846471471,809540.9639815388
 06/27  02:00:00,1269568.3018585988,106486.76476583142,301568.8151930907,0.0,47510.71846471471,800936.4469162703
 06/27  03:00:00,1099144.3544041226,59509.054536479925,167996.14664533065,0.0,47510.71846471471,811062.8782389052
 06/27  04:00:00,1000802.6479918044,16458.11432678155,46386.1039563644,0.0,47510.71846471471,877382.1547252517
 06/27  05:00:00,1066518.7638877195,0.0,0.0,0.0,47510.71846471471,1008498.7934405785
 06/27  06:00:00,1372094.354943503,4537.135678893008,13045.694589131106,0.0,109832.47062085869,1234737.86974692
 06/27  07:00:00,2157626.5764889224,80409.10505725752,235811.19877743113,0.0,211586.1955918469,1620162.9265920497
 06/27  08:00:00,3399566.3215152854,249254.69063408376,749470.9782512267,0.0,47510.71846471471,2343956.8175322856
 06/27  09:00:00,5266843.825777506,534166.0984505538,1640212.1535313511,0.0,47510.71846471471,3037001.907884726
 06/27  10:00:00,6709631.791354341,842615.0563178904,2628573.3855368146,0.0,84682.56600846417,3147512.0390691888
 06/27  11:00:00,8995929.971754234,1225634.455740163,3855817.5650429344,0.0,118007.39181418005,3792210.051596514
 06/27  12:00:00,12124882.343800303,1574589.4060571287,4955337.250044476,0.0,182733.53255659502,5408813.749093748
 06/27  13:00:00,9524278.67858035,1650182.2284613047,5186024.077033365,0.0,180810.02168757824,2504137.9791871104
 06/27  14:00:00,9510375.995059934,1728317.3391764755,5378364.591503169,0.0,180810.02168757824,2219759.67048172
 06/27  15:00:00,9230813.917526979,1755742.1786571045,5375543.776878618,0.0,148206.51245774367,1947913.0434851602
 06/27  16:00:00,10353673.391392425,1766582.5441457974,5289462.241127461,0.0,82037.73856356609,3210194.224645705
 06/27  17:00:00,11875359.952013578,1781079.8524746737,5197556.0667958185,0.0,196198.10863971253,4690016.672120949
 06/27  18:00:00,7373633.3405454,1463967.9346021116,4202337.648188312,0.0,402013.77162450907,1291396.3280996871
 06/27  19:00:00,6060515.984815247,1186606.4014080104,3353674.4729826883,0.0,390953.5841276626,1110819.326868301
 06/27  20:00:00,4592607.0917674545,855432.6795826819,2398580.4453762043,0.0,342384.9346849886,970361.9529235582
 06/27  21:00:00,3552764.7369029224,578342.7992612055,1619278.6122629193,0.0,393357.97271393344,931961.799741763
 06/27  22:00:00,2499195.1997837415,377528.8194131479,1057948.238127099,0.0,169942.18527763337,867928.8777658404
 06/27  23:00:00,1813781.9922364466,242221.98671070268,679405.1571950923,0.0,47510.71846471471,826749.9981120762
 06/27  24:00:00,1286727.9519995307,78700.16384207593,221306.03212724053,0.0,47510.71846471471,926145.4810468075
 06/28  01:00:00,1155620.0209988432,75001.8014932933,210500.9805406045,0.0,47510.71846471471,809540.9639815388
 06/28  02:00:00,930418.8871383015,18105.32001234551,50800.84522627918,0.0,47510.71846471471,800936.4469162703
 06/28  03:00:00,871639.153222312,0.0,0.0,0.0,47510.71846471471,811062.8782389052
 06/28  04:00:00,937958.4297086585,0.0,0.0,0.0,47510.71846471471,877382.1547252517
 06/28  05:00:00,1066518.7638877195,0.0,0.0,0.0,47510.71846471471,1008498.7934405785
 06/28  06:00:00,1419822.8867404854,0.0,0.0,0.0,172154.22277700267,1237727.4796557825
 06/28  07:00:00,1791875.2629621548,0.0,0.0,0.0,170567.32631006383,1611650.7861817533
 06/28  08:00:00,2882616.464907159,73596.065824569,213543.9482216015,0.0,209662.68472283008,2376440.649505184
 06/28  09:00:00,4014044.643288707,187751.97275677064,553058.5596871872,0.0,201968.6412467629,3063312.5221518255
 06/28  10:00:00,4568385.939520308,300303.11432197574,897937.0593005196,0.0,196198.10863971253,3167698.9128361167
 06/28  11:00:00,5042459.528671781,418069.0835402815,1262719.7842921908,0.0,188504.0651636454,3168906.088115219
 06/28  12:00:00,5650712.49286342,596893.2755293192,1803910.67410905,0.0,182733.53255659502,3063766.6046201014
 06/28  13:00:00,5824606.525056095,783481.6665858935,2353052.4853845206,0.0,180810.02168757824,2504137.9791871104
 06/28  14:00:00,6246191.904089456,965164.7939990322,2877333.0457101353,0.0,180810.02168757824,2219759.67048172
 06/28  15:00:00,6527881.824251173,1107009.5334916734,3276189.717812345,0.0,181771.77712208664,1959502.3897767141
 06/28  16:00:00,7138398.221000368,1161080.2423478977,3398432.9388668034,0.0,323149.8259948207,2250338.5708809514
 06/28  17:00:00,6128473.198033785,1037108.8032302405,3000085.6855457574,0.0,308002.17790131347,1772767.2793740474
 06/28  18:00:00,4988883.514353984,829759.1032290382,2369457.4737560353,0.0,402013.77162450907,1373735.5077136206
 06/28  19:00:00,5899043.729188064,672524.5560114249,1896802.3847359375,0.0,505883.3585514158,2805371.230460699
 06/28  20:00:00,3370840.9700106527,436080.6270062652,1227653.5537697752,0.0,637643.8530790658,1043615.8569555248
 06/28  21:00:00,1994617.149718863,274290.0086869868,773220.2862056406,0.0,47510.71846471471,869772.5834384193
 06/28  22:00:00,1517989.9994783397,154782.29197509587,437286.360530626,0.0,47510.71846471471,852563.5493078821
 06/28  23:00:00,1168551.4244058873,72152.27410960576,204244.30196562977,0.0,47510.71846471471,826749.9981120762
 06/28  24:00:00,986721.7560302141,0.0,0.0,0.0,47510.71846471471,926145.4810468075
 06/29  01:00:00,870117.2389649455,0.0,0.0,0.0,47510.71846471471,809540.9639815388
 06/29  02:00:00,861512.7218996768,0.0,0.0,0.0,47510.71846471471,800936.4469162703
 06/29  03:00:00,871639.153222312,0.0,0.0,0.0,47510.71846471471,811062.8782389052
 06/29  04:00:00,937958.4297086585,0.0,0.0,0.0,47510.71846471471,877382.1547252517
 06/29  05:00:00,1066518.7638877195,0.0,0.0,0.0,47510.71846471471,1008498.7934405785
 06/29  06:00:00,1419822.8867404854,0.0,0.0,0.0,172154.22277700267,1237727.4796557825
 06/29  07:00:00,1841406.272654234,0.0,0.0,0.0,211586.1955918469,1620162.9265920497
 06/29  08:00:00,5814355.894151796,115316.69422332183,332143.39650772116,0.0,209662.68472283008,5147860.002064949
 06/29  09:00:00,8850147.344760338,335767.5618710967,977423.5911833158,0.0,201968.6412467629,7327034.603013001
 06/29  10:00:00,11704850.480998386,541534.6311751499,1589834.0953164778,0.0,196198.10863971253,9371034.901445063
 06/29  11:00:00,8094412.735226899,549187.7991790418,1631082.7559279571,0.0,47510.71846471471,5862370.954094742
 06/29  12:00:00,5344035.501955634,566692.4617334991,1699548.4391469776,0.0,47510.71846471471,3026875.4765620884
 06/29  13:00:00,5292503.35557943,682216.1948804312,2051582.4807270675,0.0,80835.54427043059,2474744.76349051
 06/29  14:00:00,6365414.262591082,851772.648910594,2554927.3244701056,0.0,114160.37007614647,2841429.546923245
 06/29  15:00:00,6444309.38024205,1003186.8172093872,2986639.737809711,0.0,148206.51245774367,2302867.906716853
 06/29  16:00:00,5974228.121538428,1073943.43589836,3158695.058154947,0.0,185618.7988601202,1550574.1857151059
 06/29  17:00:00,5531249.685589975,1034254.1107408565,2999217.6512241457,0.0,159026.26109596307,1328242.4105465834
 06/29  18:00:00,5240244.33540656,953293.82115701,2717870.4859252847,0.0,313532.27164973674,1241630.0986437476
 06/29  19:00:00,4697064.8875379525,792113.4769984562,2226351.855409775,0.0,505883.3585514158,1154253.9971497187
 06/29  20:00:00,3897701.3088464653,578017.6208623173,1612576.898749536,0.0,637643.8530790658,1043615.8569555248
 06/29  21:00:00,3187137.3031866224,376081.6217407305,1047612.2268251552,0.0,739589.9291369558,994029.9725606795
 06/29  22:00:00,1851150.7886733408,207790.55856542548,579642.0878644206,0.0,169942.18527763337,867928.8777658404
 06/29  23:00:00,1217171.0112802703,85642.10179763548,239374.0611519832,0.0,47510.71846471471,826749.9981120762
 06/29  24:00:00,986721.7560302141,0.0,0.0,0.0,47510.71846471471,926145.4810468075
 06/30  01:00:00,870117.2389649455,0.0,0.0,0.0,47510.71846471471,809540.9639815388
 06/30  02:00:00,861228.6880623141,0.0,0.0,0.0,47510.71846471471,800936.4469162703
 06/30  03:00:00,871355.1193849491,0.0,0.0,0.0,47510.71846471471,811062.8782389052
 06/30  04:00:00,937958.4297086585,0.0,0.0,0.0,47510.71846471471,877382.1547252517
 06/30  05:00:00,1068791.0345866224,0.0,0.0,0.0,47510.71846471471,1008498.7934405785
 06/30  06:00:00,1422379.1912767515,0.0,0.0,0.0,172154.22277700267,1237727.4796557825
 06/30  07:00:00,1995870.5183354064,0.0,0.0,0.0,211586.1955918469,1772638.935411682
 06/30  08:00:00,6855606.277579764,25508.026041987316,75715.48630780645,0.0,371237.5977202404,6372919.949364666
 06/30  09:00:00,8465512.928981189,219990.23929032183,670799.6401681646,0.0,355849.5107681061,7210352.523633711
 06/30  10:00:00,5290505.25131799,422318.2913515134,1323278.2324878068,0.0,344308.44555400533,3193783.4698279556
 06/30  11:00:00,6512028.813318934,710220.2334592593,2267760.169146415,0.0,328920.35860187106,3200583.5107135833
 06/30  12:00:00,7862970.221893619,1060782.523037228,3422905.172388567,0.0,284439.1697558578,3091434.950663611
 06/30  13:00:00,8629743.353639495,1414698.4629673145,4570095.081957748,0.0,147485.19588186237,2494340.240621577
 06/30  14:00:00,9768246.42829788,1721116.0131060174,5516873.366642322,0.0,281073.0257350784,2246059.6506034685
 06/30  15:00:00,10236026.908279456,1901540.228930078,6008679.916920405,0.0,316417.5379532619,2005980.8184273571
 06/30  16:00:00,9773720.398725105,1909249.5182778784,5925144.152790737,0.0,323149.8259948207,1610780.2587517751
 06/30  17:00:00,10207798.159633297,1842840.1511764312,5574116.9088600315,0.0,345270.20098851377,2434777.6127885305
 06/30  18:00:00,7769689.79062035,1541126.05765998,4521520.009042757,0.0,402013.77162450907,1291396.3280996871
 06/30  19:00:00,6296378.395640118,1199825.0657606423,3419373.943936569,0.0,505883.3585514158,1154253.9971497187
 06/30  20:00:00,6691842.669351099,854390.788573229,2399160.9493172476,0.0,637643.8530790658,2777072.269880438
 06/30  21:00:00,3865387.7080718726,552819.0517368034,1551113.4385758727,0.0,739589.9291369558,994029.9725606795
 06/30  22:00:00,2590963.602166276,346670.4796608223,975457.5539652627,0.0,353685.5610404622,891007.1313238846
 06/30  23:00:00,1790374.4229012062,209127.53629637195,589451.325727156,0.0,143301.55974175083,831736.0047315182
 06/30  24:00:00,1165325.4903003068,46792.34955079347,132222.57830389854,0.0,47510.71846471471,925829.0798916061
 07/01  01:00:00,1039663.0655580111,44450.031130884694,125506.98904678016,0.0,47510.71846471471,809224.5628263374
 07/01  02:00:00,870878.9188618794,2629.0249986428466,7430.338680534997,0.0,47510.71846471471,800620.0457610689
 07/01  03:00:00,870840.5194536032,0.0,0.0,0.0,47510.71846471471,810641.0100319706
 07/01  04:00:00,937019.9008653909,0.0,0.0,0.0,47510.71846471471,876538.4183113822
 07/01  05:00:00,1067116.297086206,0.0,0.0,0.0,47510.71846471471,1006916.7876645733
 07/01  06:00:00,1288923.652782239,0.0,0.0,0.0,47510.71846471471,1229006.1164929823
 07/01  07:00:00,1640545.4315667087,0.0,0.0,0.0,47510.71846471471,1581473.81467458
 07/01  08:00:00,2927819.5020658365,135523.6806245498,399536.4850243834,0.0,47510.71846471471,2335097.5851866542
 07/01  09:00:00,4454281.323933633,320453.36749248847,965988.1664220451,0.0,122816.16898672201,3036564.4270610986
 07/01  10:00:00,5684753.226334304,572891.1249745834,1760222.6548943042,0.0,192351.086901679,3152521.0043867137
 07/01  11:00:00,6808609.596165463,862863.9724531858,2686151.7428811514,0.0,116083.88094516326,3138998.429767948
 07/01  12:00:00,7924367.968270708,1137771.9309113326,3554998.8834194653,0.0,178886.51081856145,3049326.965532837
 07/01  13:00:00,7806195.767150395,1287130.315174406,4012998.0387861934,0.0,47510.71846471471,2455454.9902689448
 07/01  14:00:00,8092719.655550773,1392494.838425587,4309132.308562528,0.0,177924.75538405305,2210066.04872247
 07/01  15:00:00,8359574.131511051,1409273.743526842,4309389.208045484,0.0,80114.22769454929,2557413.2746556643
 07/01  16:00:00,7675403.896326583,1407615.9925029979,4229938.664918458,0.0,148206.51245774367,1884285.236932241
 07/01  17:00:00,6915682.542450376,1360748.1278666963,4005621.331434378,0.0,192351.086901679,1346247.0172173374
 07/01  18:00:00,6350491.58925072,1235997.3418592687,3557588.755700892,0.0,306799.983608178,1236570.7977283355
 07/01  19:00:00,5988920.601080416,1046054.6281159769,2952690.8866909565,0.0,496265.8042063317,1476990.8941245922
 07/01  20:00:00,8237056.032119885,718790.5408178173,2014204.4381141125,0.0,628988.0541684902,4851669.229032262
 07/01  21:00:00,3721682.7784078727,519149.6496920212,1454061.332838452,0.0,730934.1302263801,989904.2986781762
 07/01  22:00:00,2432037.450085414,324519.9136013333,911292.7597592735,0.0,291123.37002569117,881133.6904471602
 07/01  23:00:00,1626904.619925271,193249.14677509197,543074.7429184082,0.0,47510.71846471471,826433.5969568748
 07/01  24:00:00,1121700.793311633,35483.23769848164,99906.9931675366,0.0,47510.71846471471,925829.0798916061
 07/02  01:00:00,1007499.724187969,36140.971719333145,101652.70708828986,0.0,47510.71846471471,809224.5628263374
 07/02  02:00:00,861101.5283150774,0.0,0.0,0.0,47510.71846471471,800620.0457610689
 07/02  03:00:00,871122.4925859793,0.0,0.0,0.0,47510.71846471471,810641.0100319706
 07/02  04:00:00,937019.9008653909,0.0,0.0,0.0,47510.71846471471,876538.4183113822
 07/02  05:00:00,1064860.5120271984,0.0,0.0,0.0,47510.71846471471,1006916.7876645733
 07/02  06:00:00,1350259.3421304408,0.0,0.0,0.0,108870.71518635028,1231519.567310932
 07/02  07:00:00,1735719.5654079015,0.0,0.0,0.0,128586.70159377239,1597545.777313347
 07/02  08:00:00,2727543.321082239,84869.10633387978,250760.79772858426,0.0,47510.71846471471,2335097.5851866542
 07/02  09:00:00,4395539.533280661,327134.2182279918,988758.9542564813,0.0,47510.71846471471,3024240.394624947
 07/02  10:00:00,5764929.820758379,632951.7150564096,1950875.2127482824,0.0,47510.71846471471,3127388.7655767007
 07/02  11:00:00,7256702.924467166,990189.6571250041,3091137.0743321297,0.0,47510.71846471471,3123635.8775596786
 07/02  12:00:00,8338432.475357826,1276660.0827916118,3996658.566158941,0.0,47510.71846471471,3014219.430354047
 07/02  13:00:00,8608410.438098349,1482145.4533038458,4620197.571604707,0.0,47510.71846471471,2455454.9902689448
 07/02  14:00:00,8726481.369295187,1587530.977815699,4912265.198332247,0.0,47510.71846471471,2176072.770226391
 07/02  15:00:00,9067277.481432576,1674774.459013558,5128379.884169619,0.0,276023.8097039093,1984715.6509569767
 07/02  16:00:00,8530028.82815611,1689624.975832392,5109338.591946578,0.0,181771.77712208664,1543935.9937399095
 07/02  17:00:00,8284930.6638367865,1634386.0825924086,4869216.226536506,0.0,337576.1575124466,1433319.1912975158
 07/02  18:00:00,7475648.724920876,1472117.2527356846,4310972.106982388,0.0,393357.97271393344,1285384.7090024492
 07/02  19:00:00,6415198.357459075,1225132.026430569,3526823.603391015,0.0,496265.8042063317,1148648.669826722
 07/02  20:00:00,5158835.975491386,899493.5559574063,2565431.1377824154,0.0,628988.0541684902,1039263.672536861
 07/02  21:00:00,3976391.104896331,630576.4670813719,1796222.909606014,0.0,560222.54060114,959762.0087083298
 07/02  22:00:00,2637333.0173814325,426957.6659861131,1216776.130045813,0.0,108486.01301254693,859453.6532907471
 07/02  23:00:00,2042777.823036276,299227.3829283581,851841.8173466432,0.0,47510.71846471471,826433.5969568748
 07/02  24:00:00,1556457.8391977237,148251.58350060717,421895.69325150154,0.0,47510.71846471471,925829.0798916061
 07/03  01:00:00,1359216.0525774215,127709.1274774977,361800.87971957785,0.0,47510.71846471471,809224.5628263374
 07/03  02:00:00,1129782.0086843465,70261.2518968134,198419.2284724556,0.0,47510.71846471471,800620.0457610689
 07/03  03:00:00,938064.3892073532,17531.03817286119,49410.85844851277,0.0,47510.71846471471,810641.0100319706
 07/03  04:00:00,924201.2081339189,0.0,0.0,0.0,47847.332866792654,863383.1111778321
 07/03  05:00:00,2087900.1361968555,0.0,0.0,0.0,105600.74670902177,1971866.3835899234
 07/03  06:00:00,1414132.7896700264,0.0,0.0,0.0,170230.71190798588,1234033.018128882
 07/03  07:00:00,2116387.1701950757,70312.32298760017,213207.33603174938,0.0,209662.68472283008,1613617.739952114
 07/03  08:00:00,3626723.2566139493,288025.791023616,899292.3138084922,0.0,87327.39345336225,2342772.6449600733
 07/03  09:00:00,5659811.585144322,615122.8140361436,1965042.4103119909,0.0,47510.71846471471,3024240.394624947
 07/03  10:00:00,7403902.968385191,996183.7444437839,3226616.33098772,0.0,47510.71846471471,3127388.7655767007
 07/03  11:00:00,9460816.348321278,1450119.3897544197,4709417.193523748,0.0,150370.46218538753,3146679.7058720826
 07/03  12:00:00,10209966.26785147,1677872.4981640577,5466979.943280139,0.0,47510.71846471471,3014219.430354047
 07/03  13:00:00,10558500.009842042,1879778.3205585575,6130698.926518127,0.0,80114.22769454929,2464806.8306146725
 07/03  14:00:00,11016905.84750761,2025580.812600965,6600232.526343987,0.0,177924.75538405305,2210066.04872247
 07/03  15:00:00,11209858.62917935,2121385.8272265913,6868192.796548394,0.0,243324.1249306239,1973572.2028852287
 07/03  16:00:00,10932983.241675634,2154417.398750606,6902706.479745935,0.0,282034.78116958676,1588467.0924943627
 07/03  17:00:00,9678318.171754327,2009377.1096593745,6351822.494595169,0.0,47510.71846471471,1259174.8431371588
 07/03  18:00:00,8822330.806801498,1810243.4522334822,5590271.790124951,0.0,220241.99450242243,1187756.8864542216
 07/03  19:00:00,7408032.3780940445,1511550.9369262224,4541340.115788146,0.0,272176.7879658757,1064636.283809363
 07/03  20:00:00,6093742.485828565,1160060.6585438214,3420670.249978106,0.0,483762.98355772265,1003589.0387027032
 07/03  21:00:00,4623492.5458049895,858775.0865782938,2516520.55285445,0.0,304010.8928481036,914578.8346246671
 07/03  22:00:00,3383608.365235703,625105.6884076314,1833085.2551644645,0.0,47510.71846471471,852247.1481526807
 07/03  23:00:00,2762070.12347095,475334.99573238846,1395026.5049772868,0.0,47510.71846471471,826433.5969568748
 07/03  24:00:00,2299951.9350934816,333598.7333838464,980042.6392640206,0.0,47510.71846471471,925829.0798916061
 07/04  01:00:00,2016863.4728379138,291648.68755906104,855508.7398985067,0.0,47510.71846471471,809224.5628263374
 07/04  02:00:00,1877152.7731009687,259279.7147495188,756771.5300363725,0.0,47510.71846471471,800620.0457610689
 07/04  03:00:00,1717706.3526055757,216910.26516324084,629673.5948563556,0.0,47510.71846471471,810641.0100319706
 07/04  04:00:00,1635377.7265015657,179413.50918577035,518944.3164504045,0.0,47510.71846471471,876538.4183113822
 07/04  05:00:00,1670809.6690378948,155083.23387281902,450865.92313787725,0.0,47510.71846471471,1006916.7876645733
 07/04  06:00:00,1971203.4685791289,156558.2937246672,464385.8327240206,0.0,108870.71518635028,1231519.567310932
 07/04  07:00:00,2822141.4842431657,243055.41661773436,746218.5564497055,0.0,209662.68472283008,1613617.739952114
 07/04  08:00:00,4645053.1565847425,494750.8634956523,1568421.9370210492,0.0,206777.4184193049,2365797.824280329
 07/04  09:00:00,6799004.843952317,832665.0892749598,2711434.4279648503,0.0,198121.61950872932,3048888.4594972506
 07/04  10:00:00,8574369.844871327,1210386.9838999102,4012907.360770754,0.0,192351.086901679,3152521.0043867137
 07/04  11:00:00,10658871.030117683,1683108.3867654637,5632515.020964753,0.0,184657.0434256118,3154360.981976217
 07/04  12:00:00,11760970.804531097,1951398.1198483114,6577975.530742874,0.0,178886.51081856145,3049326.965532837
 07/04  13:00:00,12116025.143094232,2163834.772368027,7278301.559234162,0.0,177924.75538405305,2492862.3516518557
 07/04  14:00:00,12645126.283204924,2285835.234749173,7639856.315595222,0.0,177924.75538405305,2538408.27302034
 07/04  15:00:00,18127623.00594256,2434058.3871488287,8019582.814635681,0.0,177924.75538405305,7492673.371185489
 07/04  16:00:00,11918641.070593758,2365119.6070468538,7689442.208613644,0.0,181771.77712208664,1676949.9882960285
 07/04  17:00:00,10757306.492943052,2198543.697711085,7009731.685215039,0.0,192351.086901679,1346247.0172173374
 07/04  18:00:00,11572907.858231425,2011553.8628878065,6230991.747986279,0.0,350078.9781610557,2966466.5857098624
 07/04  19:00:00,12152337.778837789,1807570.2331584312,5412635.691697624,0.0,496265.8042063317,4417537.796170964
 07/04  20:00:00,6680807.2478655,1263053.6708203296,3723842.2952936064,0.0,628988.0541684902,1039263.672536861
 07/04  21:00:00,5469675.074015787,946515.8063995444,2772713.6598122115,0.0,730934.1302263801,989904.2986781762
 07/04  22:00:00,4230580.279296869,702566.9575850011,2057597.512337349,0.0,534736.0215866676,910020.2327416396
 07/04  23:00:00,3028668.475043552,525130.6050763577,1537675.0885562992,0.0,119353.8494224918,828744.6246487182
 07/04  24:00:00,2476229.9292240134,379472.2320070503,1110447.1347713484,0.0,47510.71846471471,925829.0798916061
 07/05  01:00:00,2156082.4692746354,328222.8249448326,958153.5989494566,0.0,47510.71846471471,809224.5628263374
 07/05  02:00:00,1930710.6351983596,273292.23334228824,796316.8735409939,0.0,47510.71846471471,800620.0457610689
 07/05  03:00:00,1768718.3350907667,229318.8085906954,668277.033914092,0.0,47510.71846471471,810641.0100319706
 07/05  04:00:00,1698015.1478549743,194233.80654919439,566761.440440389,0.0,47510.71846471471,876538.4183113822
 07/05  05:00:00,1742456.4081662497,170871.01830658203,501996.5859119486,0.0,57176.36058152407,1001979.4374682845
 07/05  06:00:00,2210835.8400609773,198922.80382719394,597780.2465637571,0.0,170230.71190798588,1234033.018128882
 07/05  07:00:00,2811458.9855376426,284903.8220191908,887983.5438783751,0.0,47510.71846471471,1581473.81467458
 07/05  08:00:00,4888447.5707523525,569009.1881831789,1832541.4960252666,0.0,127144.0684420098,2350447.704733492
 07/05  09:00:00,7419727.956432828,967573.0746899603,3197249.555030361,0.0,198121.61950872932,3048888.4594972506
 07/05  10:00:00,9415977.288662678,1387568.3563939813,4677333.432068034,0.0,192351.086901679,3152521.0043867137
 07/05  11:00:00,11725603.451265328,1905258.0129208886,6477097.8159569735,0.0,184657.0434256118,3154360.981976217
 07/05  12:00:00,12897463.798402164,2184031.2196587436,7481835.42480351,0.0,178886.51081856145,3049326.965532837
 07/05  13:00:00,13316448.369625485,2404991.878633703,8237567.679499737,0.0,177924.75538405305,2492862.3516518557
 07/05  14:00:00,13267485.945322044,2467799.999999999,8408593.436759386,0.0,177924.75538405305,2210066.04872247
 07/05  15:00:00,12918209.93806576,2467799.999999999,8317816.198351463,0.0,177924.75538405305,1951285.3067417326
 07/05  16:00:00,13570970.178742427,2467799.999999999,8184532.939268483,0.0,315455.7825187535,2597823.9674400496
 07/05  17:00:00,13566755.462970741,2467799.999999999,7997104.776559713,0.0,337576.1575124466,2753841.5230006734
 07/05  18:00:00,12132911.114787787,2290799.2379632816,7200485.125545311,0.0,393357.97271393344,2234452.09507884
 07/05  19:00:00,9268827.99538758,1880673.8678430323,5724911.399907058,0.0,496265.8042063317,1148648.669826722
 07/05  20:00:00,8504592.337241571,1463099.3800823148,4353068.500046822,0.0,628988.0541684902,2033776.8478977303
 07/05  21:00:00,6048241.420148633,1088016.7908421324,3209779.0215024687,0.0,730934.1302263801,989904.2986781762
 07/05  22:00:00,4370441.19967454,804213.1017380651,2368083.4775292734,0.0,291411.8966560436,881073.1687049464
 07/05  23:00:00,3318899.1514043882,603563.7256430397,1774190.6972336601,0.0,95406.13910323277,827974.2820847704
 07/05  24:00:00,2725029.8652306274,441736.4306053439,1296982.8721796689,0.0,47510.71846471471,925829.0798916061
 07/06  01:00:00,2326618.501356921,370650.47133781866,1086261.9846387564,0.0,47510.71846471471,809224.5628263374
 07/06  02:00:00,2050374.9030988542,303348.45621872914,885924.9185650477,0.0,47510.71846471471,800620.0457610689
 07/06  03:00:00,1848332.6454923528,250276.58700985473,726933.5658965188,0.0,47510.71846471471,810641.0100319706
 07/06  04:00:00,1727590.5821020473,203235.086601362,587335.5946352944,0.0,47510.71846471471,876538.4183113822
 07/06  05:00:00,4826909.88247676,253329.36745846405,732572.3585108138,0.0,57176.36058152407,3773398.7900280487
 07/06  06:00:00,2549776.9981925017,216567.27688487436,642240.6663167538,0.0,231783.05971652313,1449316.935641192
 07/06  07:00:00,3095577.7102956176,307676.41862386203,955033.7804960292,0.0,209662.68472283008,1613617.739952114
 07/06  08:00:00,5085959.199333681,592249.5075613236,1911829.3357043173,0.0,206777.4184193049,2365797.824280329
 07/06  09:00:00,7546833.33802578,993819.3284933843,3298108.6828198894,0.0,198121.61950872932,3048888.4594972506
 07/06  10:00:00,9575758.432883002,1423868.3447911688,4800814.587891171,0.0,192351.086901679,3152521.0043867137
 07/06  11:00:00,11919355.78585362,1922877.262133037,6500754.892513482,0.0,184657.0434256118,3306836.9907958494
 07/06  12:00:00,17861190.2263957,2276733.796695293,7676925.464296612,0.0,146042.56273009977,7758104.725085182
 07/06  13:00:00,17414359.04095606,2467799.999999999,8284244.605592381,0.0,177924.75538405305,6481287.975523491
 07/06  14:00:00,13141221.790910466,2467799.999999999,8241549.274612371,0.0,210384.00129871134,2218386.8105432475
 07/06  15:00:00,12938708.628154902,2467799.999999999,8162942.357060472,0.0,308723.49447719473,1995859.0990287247
 07/06  16:00:00,12442601.225116327,2467799.999999999,8050677.161003252,0.0,315455.7825187535,1603310.7920791805
 07/06  17:00:00,11693145.942878397,2403687.5038549528,7682353.0178337805,0.0,228657.35455437092,1368015.0607373822
 07/06  18:00:00,10544741.626941683,2157326.2388801253,6694856.022858753,0.0,393357.97271393344,1285384.7090024492
 07/06  19:00:00,8560269.927664816,1763917.209813679,5287160.691342554,0.0,384221.2960861037,1106642.4768180423
 07/06  20:00:00,7548871.430752676,1355305.9666224995,3963520.877523979,0.0,628988.0541684902,1575396.9773914951
 07/06  21:00:00,5711641.477706439,1015098.0831800766,2946097.7867223313,0.0,730934.1302263801,989904.2986781762
 07/06  22:00:00,4393526.214646828,748921.7164822724,2174188.6887900373,0.0,534736.0215866676,910020.2327416396
 07/06  23:00:00,3017475.8368005147,543963.1650435256,1581804.048995715,0.0,47510.71846471471,826433.5969568748
 07/06  24:00:00,2572780.3387501235,405307.4007407325,1181162.3755637764,0.0,47510.71846471471,925829.0798916061
 07/07  01:00:00,2233831.5081320438,348789.64276879106,1015335.8199829065,0.0,47510.71846471471,809224.5628263374
 07/07  02:00:00,1993301.2426165869,289758.85304855474,842722.8343853303,0.0,47510.71846471471,800620.0457610689
 07/07  03:00:00,1829043.8423517044,245192.31025539295,713011.0126427081,0.0,47510.71846471471,810641.0100319706
 07/07  04:00:00,1754775.5230852456,209154.30755327857,608601.314666576,0.0,47510.71846471471,876538.4183113822
 07/07  05:00:00,1805744.1648631212,187953.85947716745,550674.0082997477,0.0,47510.71846471471,1006916.7876645733
 07/07  06:00:00,2152793.41125716,215694.20838054188,648175.5500943791,0.0,47510.71846471471,1229006.1164929823
 07/07  07:00:00,3064500.3530178578,321858.1547336392,1004948.8209496854,0.0,128586.70159377239,1597545.777313347
 07/07  08:00:00,5159474.36715696,612562.8853634036,1964185.2063283888,0.0,206777.4184193049,2365797.824280329
 07/07  09:00:00,9486477.80486798,1025232.9658622078,3324470.9011585256,0.0,198121.61950872932,4930193.124367239
 07/07  10:00:00,15951067.71524168,1561570.1408848744,5055219.692083932,0.0,192351.086901679,9135159.44019417
 07/07  11:00:00,12053673.050975924,1819336.5310258546,5896293.749069357,0.0,184657.0434256118,4148874.157337086
 07/07  12:00:00,11526196.40828471,1953704.5313616362,6340894.722983165,0.0,178886.51081856145,3049326.965532837
 07/07  13:00:00,11542274.165880106,2090601.2188796396,6777784.135508421,0.0,177924.75538405305,2492862.3516518557
 07/07  14:00:00,11515509.06092542,2165415.522249181,7000102.858967436,0.0,145321.24615421845,2201567.7290984504
 07/07  15:00:00,11264409.48968459,2192390.180067975,7026823.308962032,0.0,112813.91246783471,1928998.4105982366
 07/07  16:00:00,11132579.11853626,2225955.311084526,7030764.444272642,0.0,282034.78116958676,1588467.0924943627
 07/07  17:00:00,10200414.964071065,2109226.0913832295,6541875.789538533,0.0,192351.086901679,1346247.0172173374
 07/07  18:00:00,10605213.999654222,1919579.0325189582,5808207.143741548,0.0,306799.983608178,2557093.1294314926
 07/07  19:00:00,10239122.088304736,1668028.4840618102,4919232.519984136,0.0,496265.8042063317,3138676.892109899
 07/07  20:00:00,14053603.73897259,1282075.571902533,3720138.009476167,0.0,628988.0541684902,8398998.333438199
 07/07  21:00:00,5140848.876002477,949934.7537198935,2743723.145797813,0.0,474866.74578851997,944690.8637234066
 07/07  22:00:00,3625440.852763523,677784.392057524,1955749.0781507485,0.0,108486.01301254693,859453.6532907471
 07/07  23:00:00,2867431.0199921797,509901.5034491877,1466948.7863112213,0.0,47510.71846471471,826433.5969568748
 07/07  24:00:00,2336248.502631963,348640.0767500293,1001297.8634363189,0.0,47510.71846471471,925829.0798916061
 07/08  01:00:00,2050608.5651796432,306110.5786041499,874791.9411951471,0.0,47510.71846471471,809224.5628263374
 07/08  02:00:00,1768283.3909862076,236385.9402553252,671077.8955481808,0.0,47510.71846471471,800620.0457610689
 07/08  03:00:00,1530756.3759211965,172588.81967154014,487327.0367960533,0.0,47510.71846471471,810641.0100319706
 07/08  04:00:00,1388908.9556738024,118410.8019061914,333478.25290221995,0.0,47510.71846471471,876538.4183113822
 07/08  05:00:00,1376339.8478506927,80747.76222644956,228475.788538037,0.0,47510.71846471471,1006916.7876645733
 07/08  06:00:00,1668291.2920387695,97587.55339609178,281780.0858604386,0.0,47510.71846471471,1229006.1164929823
 07/08  07:00:00,2515513.281534423,195411.33950651827,582408.5646933713,0.0,128586.70159377239,1597545.777313347
 07/08  08:00:00,4594060.154856934,447497.2926307659,1375156.9321864105,0.0,365467.06511319004,2395787.832161033
 07/08  09:00:00,6466284.078103307,772237.4528206757,2438577.352305372,0.0,198121.61950872932,3048888.4594972506
 07/08  10:00:00,8222328.371564075,1156296.5929988972,3714392.332099761,0.0,192351.086901679,3152521.0043867137
 07/08  11:00:00,10062623.316519007,1588438.6846219862,5130655.036377176,0.0,184657.0434256118,3154360.981976217
 07/08  12:00:00,10963042.862174574,1828137.4564540791,5903308.251780584,0.0,178886.51081856145,3049326.965532837
 07/08  13:00:00,11104890.263897873,2002516.1246383064,6428485.327767524,0.0,177924.75538405305,2492862.3516518557
 07/08  14:00:00,10792893.679374954,2046625.0722513185,6519583.413976394,0.0,47510.71846471471,2176072.770226391
 07/08  15:00:00,10604963.08354427,2077057.0753672956,6526553.140367423,0.0,80114.22769454929,1917854.9625264884
 07/08  16:00:00,10023036.762662435,2053297.221970163,6335016.049722542,0.0,114641.24779340066,1514724.7536611864
 07/08  17:00:00,10529476.260646133,1988769.9026724866,5996880.099463474,0.0,192351.086901679,2340760.192578207
 07/08  18:00:00,8681920.413896218,1774396.477938457,5215246.543887332,0.0,393357.97271393344,1285384.7090024492
 07/08  19:00:00,7338749.626369312,1469187.2791888285,4207729.485204873,0.0,496265.8042063317,1148648.669826722
 07/08  20:00:00,5869217.512893613,1092678.0245708597,3084883.991630199,0.0,628988.0541684902,1039263.672536861
 07/08  21:00:00,4730982.642573003,782753.782960962,2199757.063734641,0.0,730934.1302263801,989904.2986781762
 07/08  22:00:00,3433791.877396124,551812.995871599,1549390.5054279203,0.0,413073.9591213556,895546.700723293
 07/08  23:00:00,2459207.903457676,386017.93256153376,1083737.0291315443,0.0,143301.55974175083,829514.967212666
 07/08  24:00:00,1826847.1797993379,216892.63936401214,609540.5537857093,0.0,65351.281774845425,922091.940785477
 07/09  01:00:00,1599118.3028072715,191736.87366811326,537675.3837588121,0.0,47510.71846471471,809224.5628263374
 07/09  02:00:00,1324235.248244937,121989.1192031705,341144.600726689,0.0,47510.71846471471,800620.0457610689
 07/09  03:00:00,1149063.849803085,73398.82904869693,204542.52816840846,0.0,47510.71846471471,810641.0100319706
 07/09  04:00:00,1025591.690015181,23424.932738348336,65146.85641144165,0.0,47510.71846471471,876538.4183113822
 07/09  05:00:00,1064860.5120271984,0.0,0.0,0.0,47510.71846471471,1006916.7876645733
 07/09  06:00:00,1387221.6417332613,1299.8745270033355,3725.7013060244512,0.0,139550.7135471681,1232776.2927199071
 07/09  07:00:00,2137710.7192744818,77358.90200209482,227484.30609666076,0.0,209662.68472283008,1613617.739952114
 07/09  08:00:00,3847014.99968961,313368.4816021553,951766.1620194146,0.0,206777.4184193049,2365797.824280329
 07/09  09:00:00,5969493.124243641,655595.0702481961,2058992.727282938,0.0,198121.61950872932,3048888.4594972506
 07/09  10:00:00,11010789.48218029,1159982.4652265615,3728312.1641932996,0.0,192351.086901679,5923940.356946478
 07/09  11:00:00,11563960.744620418,1647319.0813816306,5365694.7614473915,0.0,184657.0434256118,4362060.261380145
 07/09  12:00:00,12503410.455428446,1921494.7992123726,6314058.058617578,0.0,211826.634450474,4052647.285559511
 07/09  13:00:00,12005211.498911746,2138447.5184367513,7025630.823941408,0.0,307761.73904268636,2530269.713034766
 07/09  14:00:00,11849536.250059614,2227068.207198516,7272799.184270715,0.0,145176.9828390422,2201390.171295208
 07/09  15:00:00,11468759.442394681,2249612.471021245,7261541.06086547,0.0,47510.71846471471,1906711.5144547403
 07/09  16:00:00,11674386.729220899,2253352.079413088,7146752.846708904,0.0,114641.24779340066,2154283.0657903627
 07/09  17:00:00,10777693.362988021,2163133.624538712,6710573.765200689,0.0,192351.086901679,1701201.88044903
 07/09  18:00:00,9204284.641940113,1918747.212040423,5796035.915266691,0.0,263520.9890553002,1212163.8420912784
 07/09  19:00:00,8645114.209656797,1637108.8127990616,4808629.364365612,0.0,496265.8042063317,1684781.974681356
 07/09  20:00:00,6489017.084585972,1230271.8505540635,3564833.952280346,0.0,628988.0541684902,1039263.672536861
 07/09  21:00:00,5297283.511355104,911151.2327948533,2635686.670756219,0.0,730934.1302263801,989904.2986781762
 07/09  22:00:00,3918976.3612616104,663063.8493183197,1921632.2970524305,0.0,413073.9591213556,895546.700723293
 07/09  23:00:00,2842228.210871906,493649.8205690106,1432151.7146584135,0.0,71458.42878397374,827203.9395208226
 07/09  24:00:00,2441284.320271139,369424.6125396866,1071445.7210818361,0.0,65351.281774845425,922091.940785477
 07/10  01:00:00,2130897.5901625534,324044.3885151889,937147.1562670183,0.0,47510.71846471471,809224.5628263374
 07/10  02:00:00,1904157.3822516485,268766.1969836483,774289.6569529225,0.0,47510.71846471471,800620.0457610689
 07/10  03:00:00,1729232.7960452214,221712.95624080548,636397.3472184367,0.0,47510.71846471471,810641.0100319706
 07/10  04:00:00,1646251.9782657397,183424.4597587974,525807.6176415515,0.0,47510.71846471471,876538.4183113822
 07/10  05:00:00,1710337.9703521393,161184.43793279125,465379.8527100677,0.0,86173.28693195217,987167.3868794179
 07/10  06:00:00,1964906.1199262869,171256.7320814146,507263.49325401685,0.0,47510.71846471471,1229006.1164929823
 07/10  07:00:00,2909122.163905672,263569.8798599508,812684.7728699949,0.0,209662.68472283008,1613617.739952114
 07/10  08:00:00,4829724.576831225,533857.3042457469,1713986.9165174384,0.0,206777.4184193049,2365797.824280329
 07/10  09:00:00,7313421.028223141,935294.8412589186,3123220.8602517154,0.0,198121.61950872932,3048888.4594972506
 07/10  10:00:00,9647697.864248931,1413740.1886998122,4857885.621964056,0.0,83720.81057395578,3286147.8340988364
 07/10  11:00:00,16576162.451588297,2145129.2846983857,7406711.933860628,0.0,150370.46218538753,6869721.173858257
 07/10  12:00:00,16286344.105435563,2449539.345252567,8477980.799751148,0.0,178886.51081856145,5176553.772024774
 07/10  13:00:00,13657186.272174466,2467799.999999999,8515497.460682424,0.0,177924.75538405305,2492862.3516518557
 07/10  14:00:00,13272693.41158073,2467799.999999999,8413800.903018072,0.0,177924.75538405305,2210066.04872247
 07/10  15:00:00,12927640.768237319,2467799.999999999,8239560.762832955,0.0,243324.1249306239,1973572.2028852287
 07/10  16:00:00,12423893.283722065,2467799.999999999,8031969.219608987,0.0,315455.7825187535,1603310.7920791805
 07/10  17:00:00,11991579.129045138,2445032.084831988,7765218.689505278,0.0,337576.1575124466,1433319.1912975158
 07/10  18:00:00,10795733.561695807,2204874.399626088,6898299.796866915,0.0,393357.97271393344,1285384.7090024492
 07/10  19:00:00,9327300.372097276,1872487.1530811219,5791570.491378664,0.0,496265.8042063317,1148648.669826722
 07/10  20:00:00,7747483.388027379,1484988.4128553104,4568583.693420506,0.0,628988.0541684902,1039263.672536861
 07/10  21:00:00,6287042.455324562,1164156.9927704332,3573293.7343451846,0.0,560222.54060114,959762.0087083298
 07/10  22:00:00,4618476.838075737,910209.3181957935,2782850.0982163353,0.0,47510.71846471471,852247.1481526807
 07/10  23:00:00,3890536.3498508204,742923.7002778405,2255904.0268117054,0.0,47510.71846471471,826433.5969568748
 07/10  24:00:00,3529927.9499088507,632910.5836948587,1910706.8037683768,0.0,47510.71846471471,925829.0798916061
 07/11  01:00:00,3038763.40235979,541322.6592003711,1627734.6977790727,0.0,47510.71846471471,809224.5628263374
 07/11  02:00:00,2756334.4816554408,473516.8622368475,1421716.0911035158,0.0,47510.71846471471,800620.0457610689
 07/11  03:00:00,2564176.1139874505,422510.81902127975,1270542.8023801912,0.0,47510.71846471471,810641.0100319706
 07/11  04:00:00,2476027.878859168,383544.87572331907,1155463.102270458,0.0,47510.71846471471,876538.4183113822
 07/11  05:00:00,2523682.17135502,361350.70501299546,1097470.9543148256,0.0,47510.71846471471,1006916.7876645733
 07/11  06:00:00,2881876.71981594,388066.5663490572,1207424.2588760278,0.0,47510.71846471471,1229006.1164929823
 07/11  07:00:00,4007082.3743003365,513160.9346496846,1661053.9284749257,0.0,209662.68472283008,1613617.739952114
 07/11  08:00:00,6140838.521028142,838432.8143112531,2815508.8201729814,0.0,127144.0684420098,2350447.704733492
 07/11  09:00:00,8945760.365113946,1278389.7149302217,4412465.3234712165,0.0,198121.61950872932,3048888.4594972506
 07/11  10:00:00,12006710.87783834,1778290.2791695169,6237786.786338983,0.0,192351.086901679,3792079.31651589
 07/11  11:00:00,15511698.244186252,2395988.5213159453,8421928.131370062,0.0,184657.0434256118,4504894.951088995
 07/11  12:00:00,14396432.262136115,2467799.999999999,8697035.108196205,0.0,178886.51081856145,3049326.965532837
 07/11  13:00:00,14486786.896718059,2467799.999999999,8643667.32956747,0.0,177924.75538405305,3194293.107310401
 07/11  14:00:00,15533921.241451472,2467799.999999999,8570117.374337135,0.0,177924.75538405305,4314977.407274151
 07/11  15:00:00,12998189.271068718,2467799.999999999,8485289.445957586,0.0,112717.73692438388,1928998.4105982364
 07/11  16:00:00,12384426.03444675,2467799.999999999,8378244.312884429,0.0,47510.71846471471,1485513.5135824634
 07/11  17:00:00,12070367.455967354,2467799.999999999,8227470.752838286,0.0,83720.81057395578,1280942.8866572033
 07/11  18:00:00,11760138.10277789,2386204.706928309,7749059.98083671,0.0,350078.9781610557,1260977.7533653923
 07/11  19:00:00,10087817.296705008,2021972.8984055058,6402601.670662012,0.0,496265.8042063317,1148648.669826722
 07/11  20:00:00,7453920.298459059,1573589.9513710476,4910473.892892428,0.0,47510.71846471471,896686.1806846568
 07/11  21:00:00,6011042.48312109,1233818.6613797667,3830649.7420939156,0.0,47510.71846471471,869456.1822832179
 07/11  22:00:00,4983721.333072685,989269.9038333065,3069034.0075757704,0.0,47510.71846471471,852247.1481526807
 07/11  23:00:00,4294527.925539789,829610.4469249194,2573208.855853595,0.0,47510.71846471471,826433.5969568748
 07/11  24:00:00,4026555.488378812,742667.9704502701,2297576.9554829276,0.0,47510.71846471471,925829.0798916061
 07/12  01:00:00,3482761.69626703,638833.9603877306,1974221.690498954,0.0,47510.71846471471,809224.5628263374
 07/12  02:00:00,3225576.2973266905,578447.0196924333,1786027.749319179,0.0,47510.71846471471,800620.0457610689
 07/12  03:00:00,3043798.0183689934,532288.4138561992,1640387.111926815,0.0,47510.71846471471,810641.0100319706
 07/12  04:00:00,2958059.914169776,495766.58879859105,1525273.4245057942,0.0,47510.71846471471,876538.4183113822
 07/12  05:00:00,2990466.088480477,471519.99936846946,1454085.5770848098,0.0,47510.71846471471,1006916.7876645733
 07/12  06:00:00,3458135.1139337104,494090.5522121412,1549911.7720515435,0.0,170230.71190798588,1234033.018128882
 07/12  07:00:00,4502380.711142333,630719.2262970923,2038793.9736695155,0.0,209662.68472283008,1613617.739952114
 07/12  08:00:00,6655037.13158991,940663.909385836,3132492.866136034,0.0,206777.4184193049,2365797.824280329
 07/12  09:00:00,9195345.064519783,1345666.0282226696,4594773.709584607,0.0,198121.61950872932,3048888.4594972506
 07/12  10:00:00,11302382.082804665,1774878.2530039628,6176428.329600039,0.0,192351.086901679,3152521.0043867137
 07/12  11:00:00,13656547.158018457,2300464.934276669,8096770.316043037,0.0,116083.88094516326,3138998.4297679476
 07/12  12:00:00,15023503.386180134,2467799.999999999,8787972.927385593,0.0,178886.51081856145,3585460.2703874707
 07/12  13:00:00,13983589.413789103,2467799.999999999,8841900.60229706,0.0,177924.75538405305,2492862.3516518557
 07/12  14:00:00,13498090.698417578,2467799.999999999,8803605.50527034,0.0,47510.71846471471,2176072.770226391
 07/12  15:00:00,13959752.853653848,2467799.999999999,8679092.107598305,0.0,178117.10647095472,2631359.9619960785
 07/12  16:00:00,17371799.64366074,2467799.999999999,8506155.246341415,0.0,315455.7825187535,6077031.12528543
 07/12  17:00:00,16795614.582963068,2467799.999999999,8292830.300396098,0.0,337576.1575124466,5686975.119156617
 07/12  18:00:00,12184607.931671737,2467799.999999999,8024248.566468934,0.0,393357.97271393344,1285384.7090024492
 07/12  19:00:00,11338526.657313379,2333975.9163190834,7341308.013356805,0.0,496265.8042063317,1148648.669826722
 07/12  20:00:00,8965371.165761849,1773940.662420319,5497519.221589966,0.0,628988.0541684902,1039263.672536861
 07/12  21:00:00,7210747.863621639,1365198.699095623,4195530.496519527,0.0,645578.33541376,974833.1536932529
 07/12  22:00:00,5517230.267701145,1066378.7910169128,3252706.856277032,0.0,291411.8966560436,881073.1687049464
 07/12  23:00:00,4444332.352290757,857405.947630258,2596345.5703663966,0.0,143301.55974175083,829514.967212666
 07/12  24:00:00,3876052.8456216743,714223.2405494157,2147312.1942186407,0.0,83191.84508497614,918354.801679348
 07/13  01:00:00,3252736.2429147474,598007.8362574166,1792240.7772520985,0.0,59436.4858526188,790080.3794633192
 07/13  02:00:00,2947321.186098026,522896.37420935807,1563323.2835735907,0.0,47510.71846471471,800620.0457610689
 07/13  03:00:00,2757167.527184801,474240.0734869351,1411804.9611118871,0.0,47510.71846471471,810641.0100319706
 07/13  04:00:00,2615963.828109226,423201.0935205699,1255742.8337232654,0.0,47510.71846471471,876538.4183113822
 07/13  05:00:00,2605815.577196477,387288.6149335196,1153666.4502357587,0.0,47510.71846471471,1006916.7876645733
 07/13  06:00:00,2890224.18936512,396948.23276238644,1206890.0620118782,0.0,47510.71846471471,1229006.1164929823
 07/13  07:00:00,3930640.5868711337,506821.1511505441,1590951.9245448636,0.0,209662.68472283008,1613617.739952114
 07/13  08:00:00,6235852.995481994,818684.2835051825,2646608.701334182,0.0,365467.06511319004,2395787.832161033
 07/13  09:00:00,8642348.290200472,1210220.4967754898,4003371.8287542583,0.0,348155.4672920389,3072705.2496721568
 07/13  10:00:00,10390899.775131969,1598749.5563249504,5356251.17950245,0.0,264963.6222070628,3164732.0081852353
 07/13  11:00:00,12173654.269579707,2029493.1965692048,6800913.450623034,0.0,184657.0434256118,3154360.981976217
 07/13  12:00:00,12907846.713498063,2227791.640394521,7448457.919163631,0.0,178886.51081856145,3049326.965532837
 07/13  13:00:00,12864101.08106272,2360647.12986123,7829565.139709445,0.0,177924.75538405305,2492862.3516518557
 07/13  14:00:00,12725045.47400915,2411520.483299776,7922432.482146716,0.0,177924.75538405305,2210066.04872247
 07/13  15:00:00,12356138.886309028,2409479.9123580875,7814065.234236644,0.0,177924.75538405305,1951285.3067417326
 07/13  16:00:00,13352321.179646872,2411337.793285506,7679271.645768724,0.0,181771.77712208664,3074582.4739554124
 07/13  17:00:00,10736098.122534744,2225628.46693619,6961438.545581628,0.0,192351.086901679,1346247.0172173374
 07/13  18:00:00,9662496.040007718,1980095.015112662,6057527.609882186,0.0,350078.9781610557,1260977.7533653923
 07/13  19:00:00,8295991.794625277,1661811.7727897936,4970937.294197993,0.0,496265.8042063317,1148648.669826722
 07/13  20:00:00,6759977.789748962,1282131.4425268366,3783935.0654705614,0.0,628988.0541684902,1039263.672536861
 07/13  21:00:00,5601332.446692267,977286.307682977,2873600.531205259,0.0,730934.1302263801,989904.2986781762
 07/13  22:00:00,3888514.8885610295,751724.8757861096,2211372.5911113126,0.0,47510.71846471471,852247.1481526807
 07/13  23:00:00,3278954.857594796,606042.0952318368,1781204.1396016844,0.0,47510.71846471471,826433.5969568748
 07/13  24:00:00,2844728.0680794246,472542.7906292372,1385874.7150045724,0.0,47510.71846471471,925829.0798916061
 07/14  01:00:00,2515193.6920746206,419696.5032630662,1225791.1434312086,0.0,47510.71846471471,809224.5628263374
 07/14  02:00:00,2275237.2721423805,361927.3331277885,1052490.3838318905,0.0,47510.71846471471,800620.0457610689
 07/14  03:00:00,2094626.902746977,314426.5067820484,909359.8765113256,0.0,47510.71846471471,810641.0100319706
 07/14  04:00:00,1981676.4985586852,269541.36975312023,775115.227940174,0.0,47510.71846471471,876538.4183113822
 07/14  05:00:00,1972908.6312582213,229047.0521376656,657832.1143522676,0.0,86173.28693195217,987167.3868794179
 07/14  06:00:00,2340920.6989693465,236875.0498122364,687375.1012957002,0.0,170230.71190798588,1234033.018128882
 07/14  07:00:00,2870414.599038293,310186.6189430711,919682.5485285134,0.0,47510.71846471471,1581473.81467458
 07/14  08:00:00,4473284.883339638,516455.61697006517,1564069.9299526694,0.0,47510.71846471471,2335097.5851866542
 07/14  09:00:00,6291577.874801771,786555.1567094282,2424812.411031403,0.0,47510.71846471471,3024240.394624947
 07/14  10:00:00,7574116.706001513,1064994.6519099255,3327455.214873149,0.0,47510.71846471471,3127388.7655767007
 07/14  11:00:00,9205462.601201348,1413558.9157020631,4448374.08997944,0.0,184657.0434256118,3154360.981976217
 07/14  12:00:00,10067782.195705626,1641186.1679190286,5194998.873846687,0.0,178886.51081856145,3049326.965532837
 07/14  13:00:00,10240870.365103118,1817082.2398648183,5749899.313746256,0.0,177924.75538405305,2492862.3516518557
 07/14  14:00:00,10333020.376911175,1914448.6521663973,6027479.216182118,0.0,177924.75538405305,2210066.04872247
 07/14  15:00:00,10248293.324981922,1971380.4820202393,6144319.1032473855,0.0,177924.75538405305,1951285.3067417326
 07/14  16:00:00,9742592.420932837,1967414.3836507245,6044112.776904972,0.0,181771.77712208664,1543935.9937399095
 07/14  17:00:00,9243119.558608545,1886292.831910837,5691365.021202934,0.0,264963.6222070628,1389783.1042574267
 07/14  18:00:00,11396892.505662315,1791739.0619707312,5276828.599441261,0.0,306799.9836081779,4007990.150288099
 07/14  19:00:00,8327003.962782754,1483693.1914247107,4281880.032236319,0.0,272176.7879658757,2272335.5632132906
 07/14  20:00:00,5841773.448389726,1077976.668756139,3072141.2829410313,0.0,628988.0541684902,1039263.672536861
 07/14  21:00:00,4825968.410687792,802960.0617151355,2274536.5530952564,0.0,730934.1302263801,989904.2986781762
 07/14  22:00:00,3717991.110723026,587395.0876253442,1661872.0525174183,0.0,534736.0215866676,910020.2327416396
 07/14  23:00:00,2626083.7946152575,427531.82076008886,1209099.0320905703,0.0,143301.55974175083,829514.967212666
 07/14  24:00:00,2050797.4135267744,270410.8090419094,765869.1936312472,0.0,83191.84508497614,918354.801679348
 07/15  01:00:00,1829996.2412250522,252457.6581084972,715050.9537113231,0.0,59436.4858526188,790080.3794633192
 07/15  02:00:00,1613720.9655077609,196463.07541306497,556438.3349119944,0.0,47510.71846471471,800620.0457610689
 07/15  03:00:00,1457345.8895752286,153246.71712491353,433258.6529967119,0.0,47510.71846471471,810641.0100319706
 07/15  04:00:00,1392088.9345370615,119045.21825559103,336023.8154160795,0.0,47510.71846471471,876538.4183113822
 07/15  05:00:00,1432150.7170719798,95301.41713172816,269733.00285404566,0.0,47510.71846471471,1006916.7876645733
 07/15  06:00:00,1727731.0217547577,113524.88928985296,325282.47968266567,0.0,47510.71846471471,1229006.1164929823
 07/15  07:00:00,2528810.4042587164,201029.95454239665,590087.0723817863,0.0,128586.70159377239,1597545.777313347
 07/15  08:00:00,4232689.265079219,411382.92370419187,1238580.0659098588,0.0,206777.4184193049,2365797.824280329
 07/15  09:00:00,6106721.337304015,698149.1956982614,2153102.8686284935,0.0,198121.61950872932,3048888.4594972506
 07/15  10:00:00,9936378.564807393,1110336.4393323974,3484310.3977676257,0.0,192351.086901679,5142613.285628667
 07/15  11:00:00,11336923.334326057,1506130.7243534352,4781774.182108307,0.0,184657.0434256118,4859849.814320687
 07/15  12:00:00,12071815.92713999,1782603.6731450579,5695003.939201238,0.0,244766.75808238648,4346057.879122798
 07/15  13:00:00,10600147.229178157,1888554.1543732341,6037704.263312879,0.0,177924.75538405305,2492862.3516518557
 07/15  14:00:00,10629888.005883556,1977176.7903338172,6261618.706987078,0.0,177924.75538405305,2210066.04872247
 07/15  15:00:00,10724565.327421281,2043453.8871810213,6373145.16914583,0.0,308723.49447719473,1995859.0990287247
 07/15  16:00:00,9925170.887419606,2018297.3567493865,6175808.270293081,0.0,181771.77712208664,1543935.9937399095
 07/15  17:00:00,9397050.203414388,1906572.5304377328,5708867.345136408,0.0,337576.1575124466,1433319.1912975158
 07/15  18:00:00,8424252.742297705,1691961.379337668,4957674.791275675,0.0,393357.97271393344,1367723.8886163826
 07/15  19:00:00,9757582.099958604,1452292.4810634102,4167090.4527411344,0.0,496265.8042063317,3625014.9740051706
 07/15  20:00:00,6108369.029477304,1084982.3978783772,3084094.504488526,0.0,628988.0541684902,1286900.302954706
 07/15  21:00:00,4809624.3250408415,798483.8500818161,2262668.6790816262,0.0,730934.1302263801,989904.2986781762
 07/15  22:00:00,3533710.368326869,574051.5011322201,1627070.491098044,0.0,413073.9591213556,895546.700723293
 07/15  23:00:00,2570226.2880357793,411868.3979511775,1168904.9483200037,0.0,143301.55974175083,829514.967212666
 07/15  24:00:00,2047763.935368965,276243.9004709323,785209.472452418,0.0,47510.71846471471,925829.0798916061
 07/16  01:00:00,1855563.1554608888,256651.14078252547,729205.9692980171,0.0,47510.71846471471,809224.5628263374
 07/16  02:00:00,1649003.2235605512,205172.70418995392,582728.9910555198,0.0,47510.71846471471,800620.0457610689
 07/16  03:00:00,1486060.4874307879,160360.05579743895,454577.93904736947,0.0,47510.71846471471,810641.0100319706
 07/16  04:00:00,1392429.164231289,122320.56184151299,345907.39425585704,0.0,47847.332866792654,863383.1111778321
 07/16  05:00:00,1445646.7898562334,96863.35614728782,274466.3378407063,0.0,66842.00269833344,997042.0872719956
 07/16  06:00:00,1699554.2856219248,106746.70843505289,306421.6825960164,0.0,47510.71846471471,1229006.1164929823
 07/16  07:00:00,2360346.361305816,183537.39544841816,538237.3462173205,0.0,47510.71846471471,1581473.81467458
 07/16  08:00:00,3900707.612601894,376571.2417458226,1132222.953836296,0.0,47510.71846471471,2335097.5851866542
 07/16  09:00:00,5847059.599617794,667284.1767561581,2056314.320586368,0.0,85163.44372571836,3030402.4108430226
 07/16  10:00:00,7291478.234025755,989966.8741721669,3120408.466899902,0.0,47510.71846471471,3127388.7655767007
 07/16  11:00:00,11171623.461739477,1471686.4667373165,4693168.397614582,0.0,150370.46218538753,4852168.538216553
 07/16  12:00:00,10890526.458847905,1750779.388401965,5623546.467608546,0.0,178886.51081856145,3333930.4144303207
 07/16  13:00:00,10790075.607014138,1927039.4498296112,6189147.345692484,0.0,177924.75538405305,2492862.3516518557
 07/16  14:00:00,10896489.70008937,2031480.3946550665,6473916.7968716435,0.0,177924.75538405305,2210066.04872247
 07/16  15:00:00,10776799.371840674,2084985.3304911754,6559220.3016352,0.0,177924.75538405305,1951285.3067417326
 07/16  16:00:00,10183775.904677272,2065912.6590707111,6386797.9852294205,0.0,181771.77712208664,1543935.9937399095
 07/16  17:00:00,11713442.54469192,2037575.4538119968,6136743.699621043,0.0,192351.086901679,3336339.298459291
 07/16  18:00:00,8567972.513237707,1748681.2688784655,5126731.879156437,0.0,393357.97271393344,1285384.7090024492
 07/16  19:00:00,6712154.366463284,1388417.6996741877,3968595.341409421,0.0,272176.7879658757,1064636.283809363
 07/16  20:00:00,5309036.028758865,1039780.1533755419,2937144.00252161,0.0,338537.912946955,967914.4048685454
 07/16  21:00:00,3976623.248040222,739028.3016245117,2089938.9822850772,0.0,218510.83472030732,899537.9505108506
 07/16  22:00:00,3790349.658173029,544226.2744372934,1544784.0505711546,0.0,169461.30756037915,1506218.4705579896
 07/16  23:00:00,2967290.8126096167,422111.89220840135,1199643.22287542,0.0,143301.55974175083,1184469.8304443588
 07/16  24:00:00,2032904.5853095343,264644.9759308749,753742.1985250416,0.0,83191.84508497614,918354.801679348
 07/17  01:00:00,1798965.0157261414,243506.62330042286,692970.7630204866,0.0,59436.4858526188,790080.3794633192
 07/17  02:00:00,1602605.5274392306,199061.33394903393,566574.4967225257,0.0,47510.71846471471,776488.2142136625
 07/17  03:00:00,1464012.801278254,161847.5847240957,460767.42112211074,0.0,47510.71846471471,780916.3128780391
 07/17  04:00:00,1448816.7310406868,133117.7243815347,378679.105793761,0.0,47510.71846471471,876538.4183113822
 07/17  05:00:00,1515853.8138681646,112154.95833490291,319925.17582398135,0.0,86173.28693195217,987167.3868794179
 07/17  06:00:00,1871647.873724591,125885.82492665797,363565.9828976992,0.0,139550.7135471681,1232776.292719907
 07/17  07:00:00,2446812.9584012553,204270.83221860474,603970.5065425732,0.0,47510.71846471471,1581473.81467458
 07/17  08:00:00,4083150.442151874,419635.30684738763,1271601.718284711,0.0,47510.71846471471,2335097.5851866542
 07/17  09:00:00,5996304.708695995,711384.8242783231,2205273.5236214832,0.0,47510.71846471471,3024240.394624947
 07/17  10:00:00,7635609.00155233,1051566.7012845082,3317953.103690648,0.0,119930.90268319685,3139954.884981707
 07/17  11:00:00,9447119.765943233,1457173.7697392988,4646698.373816465,0.0,184657.0434256118,3154360.981976217
 07/17  12:00:00,10437765.889556397,1713226.8551374045,5492941.8804790815,0.0,178886.51081856145,3049326.965532837
 07/17  13:00:00,11249782.701513939,1915788.7405405685,6123971.844626691,0.0,177924.75538405305,3028995.65650649
 07/17  14:00:00,10770673.67985763,2007135.6714707157,6372445.499824255,0.0,177924.75538405305,2210066.04872247
 07/17  15:00:00,10603543.616505533,2049343.6486781924,6421606.228113044,0.0,177924.75538405305,1951285.3067417326
 07/17  16:00:00,10008941.770514624,2028344.5110537289,6249531.999083757,0.0,181771.77712208664,1543935.9937399095
 07/17  17:00:00,9196386.030946393,1913688.7259979933,5791644.330560758,0.0,156140.99479243794,1324478.9736972929
 07/17  18:00:00,8404496.745294383,1726893.2851459705,5120319.819782027,0.0,306896.15915162873,1236570.7977283353
 07/17  19:00:00,7439604.519560229,1478472.731862096,4297889.060060643,0.0,496265.8042063317,1148648.669826722
 07/17  20:00:00,6065953.81338127,1126824.4813387378,3245218.0502909683,0.0,628988.0541684902,1039263.672536861
 07/17  21:00:00,4609420.23463025,841124.23857892,2419786.1523256106,0.0,389222.4243455474,929680.2404806971
 07/17  22:00:00,3323513.5307108206,617986.6234262998,1780109.4856209133,0.0,47510.71846471471,852247.1481526807
 07/17  23:00:00,2736523.722790793,475645.98081832146,1369169.119211197,0.0,47510.71846471471,826433.5969568748
 07/17  24:00:00,2310386.7566613737,341517.6775526478,982558.5166631112,0.0,47510.71846471471,925829.0798916061
 07/18  01:00:00,2085958.2786750456,314119.8293130487,902132.4039816507,0.0,47510.71846471471,809224.5628263374
 07/18  02:00:00,1877885.8480536104,263159.63913570467,753624.6806028283,0.0,47510.71846471471,800620.0457610689
 07/18  03:00:00,1715585.99563294,219094.36476832553,625369.1382786352,0.0,47510.71846471471,810641.0100319706
 07/18  04:00:00,1549375.4450501492,165802.02980471408,472190.89984298806,0.0,48183.94726887059,850227.8040442823
 07/18  05:00:00,1627607.9050482744,141020.22776815883,402813.99757083517,0.0,86173.28693195217,987167.3868794179
 07/18  06:00:00,2054902.8932490745,164130.75590854735,476639.3476705005,0.0,170230.71190798588,1234033.018128882
 07/18  07:00:00,2784785.5399816306,238571.92648606107,713346.1023198434,0.0,209662.68472283008,1613617.739952114
 07/18  08:00:00,4535334.808087242,477436.6245432857,1476017.8274759161,0.0,206777.4184193049,2365797.824280329
 07/18  09:00:00,6590019.710815523,795692.6451152854,2539421.738987731,0.0,198121.61950872932,3048888.4594972506
 07/18  10:00:00,10373100.213717584,1192762.2353856105,3889648.5703835394,0.0,192351.086901679,5092134.912134483
 07/18  11:00:00,11290549.26550202,1651027.4234992543,5429546.0131528415,0.0,184657.0434256118,4021089.1884386735
 07/18  12:00:00,14620876.90134491,2007287.7482487573,6610572.646596478,0.0,178886.51081856145,5820746.318092601
 07/18  13:00:00,14630168.51521087,2279619.3004903067,7473701.797099571,0.0,177924.75538405305,4695820.957780804
 07/18  14:00:00,12047069.642436052,2261031.1998470956,7394945.934026298,0.0,177924.75538405305,2210066.04872247
 07/18  15:00:00,12040637.740299813,2315261.5216063634,7505096.213289084,0.0,243324.12493062392,1973572.2028852287
 07/18  16:00:00,11363745.117091104,2292435.785516716,7340244.07119725,0.0,181771.77712208664,1543935.9937399095
 07/18  17:00:00,10941722.28574355,2208354.738144635,6952039.192891043,0.0,337576.1575124466,1433319.1912975158
 07/18  18:00:00,9767013.886349723,1979942.0996207367,6094512.421526182,0.0,393357.97271393344,1285384.7090024492
 07/18  19:00:00,8388609.942700244,1685282.4097276875,5040084.805335067,0.0,496265.8042063317,1148648.669826722
 07/18  20:00:00,6762917.793504043,1287603.492166421,3781403.019586058,0.0,628988.0541684902,1039263.672536861
 07/18  21:00:00,5093866.596103674,955051.1470295787,2790077.600460237,0.0,389510.95097589993,929619.7187384834
 07/18  22:00:00,3931496.0535473037,714722.15005492,2086811.0827710805,0.0,230436.60210821137,873866.6635668799
 07/18  23:00:00,3031842.7878126074,546360.8182616213,1593773.3467897116,0.0,47510.71846471471,826433.5969568748
 07/18  24:00:00,2653436.397467577,426613.7869237629,1240512.0480981995,0.0,47510.71846471471,925829.0798916061
 07/19  01:00:00,2348943.3192665726,379589.5691445771,1099647.7047416496,0.0,47510.71846471471,809224.5628263374
 07/19  02:00:00,2115307.7430436267,322681.96762909833,931524.2470994513,0.0,47510.71846471471,800620.0457610689
 07/19  03:00:00,1937738.0907356923,275097.37369796186,791518.2244517513,0.0,47510.71846471471,810641.0100319706
 07/19  04:00:00,1848384.8287535585,235237.1560237452,676127.7718644224,0.0,47510.71846471471,876538.4183113822
 07/19  05:00:00,1891985.1242316063,210255.10613257714,607412.9222307894,0.0,66842.00269833344,997042.0872719956
 07/19  06:00:00,2317900.8028673055,229005.28236281636,674762.7308344626,0.0,170230.71190798588,1234033.018128882
 07/19  07:00:00,3532559.947171971,338720.0657540412,1032630.1459443341,0.0,209662.68472283008,1941959.9642499841
 07/19  08:00:00,7351830.0252780905,633000.4216477419,1996464.5900284364,0.0,365467.06511319004,4347592.835120315
 07/19  09:00:00,7412229.445249686,958710.3430888453,3111688.4564692257,0.0,273138.54340038414,3060796.8545847037
 07/19  10:00:00,9087635.526150716,1331208.3493416936,4405351.6766083585,0.0,192351.086901679,3152521.0043867137
 07/19  11:00:00,13000325.255085543,1840656.5340922896,6110932.266261313,0.0,184657.0434256118,4859849.814320687
 07/19  12:00:00,16030973.773714963,2208571.5303968014,7321915.963034008,0.0,178886.51081856145,6318216.091877079
 07/19  13:00:00,12312017.958049018,2232928.3857324794,7405200.760824495,0.0,177924.75538405305,2492862.3516518557
 07/19  14:00:00,12235768.538851442,2292846.9721660456,7551829.058122737,0.0,177924.75538405305,2210066.04872247
 07/19  15:00:00,11992708.09493126,2316794.886760135,7543319.468456828,0.0,177924.75538405305,1951285.3067417326
 07/19  16:00:00,11345160.430740543,2282558.0971055315,7331537.073257873,0.0,181771.77712208664,1543935.9937399095
 07/19  17:00:00,10679820.543305822,2168707.8050290663,6845933.005914356,0.0,264963.6222070628,1389783.1042574267
 07/19  18:00:00,9671738.099336658,1952245.5711196999,6026933.163014155,0.0,393357.97271393344,1285384.7090024492
 07/19  19:00:00,8065083.937879864,1635947.262036035,4919944.649335246,0.0,384221.29608610366,1106642.4768180423
 07/19  20:00:00,6754183.328290859,1279309.779407247,3780962.267132049,0.0,628988.0541684902,1039263.672536861
 07/19  21:00:00,5176291.461937673,971561.1368072624,2855992.4765165523,0.0,389510.95097589993,929619.7187384834
 07/19  22:00:00,4135669.4971328657,747168.823633239,2190356.053092425,0.0,291411.8966560436,881073.1687049464
 07/19  23:00:00,3249094.4308742145,581991.7744732734,1701239.8749900467,0.0,119353.8494224918,828744.6246487182
 07/19  24:00:00,2622973.7558957255,417983.1030664452,1218680.0903836652,0.0,47510.71846471471,925829.0798916061
 07/20  01:00:00,2387073.3433647463,389151.64469214296,1128215.6532922573,0.0,47510.71846471471,809224.5628263374
 07/20  02:00:00,2166698.6441992302,336510.77853706805,969086.3373470847,0.0,47510.71846471471,800620.0457610689
 07/20  03:00:00,3858410.5919759795,332392.1032926756,949407.1637528542,0.0,47510.71846471471,2516129.8423764408
 07/20  04:00:00,3301209.6294183726,288922.3937140667,821788.0960435066,0.0,48183.94726887059,2129344.4283026354
 07/20  05:00:00,5614894.337445341,184762.4626504983,526871.9246072719,0.0,86173.28693195217,4806653.657357708
 07/20  06:00:00,4314314.385902869,199936.27630746854,578732.1854339788,0.0,293335.4075250604,3232441.4570032028
 07/20  07:00:00,3119546.832677483,275483.2050636767,816646.003465738,0.0,371237.5977202404,1646592.9399270457
 07/20  08:00:00,4679362.262594299,471918.2798785171,1436883.9720731517,0.0,365467.06511319004,2395787.832161033
 07/20  09:00:00,6387116.981021584,761993.1269794016,2370218.527329676,0.0,198121.61950872932,3048888.4594972506
 07/20  10:00:00,7836784.216687946,1080597.121617301,3405111.5948699806,0.0,192351.086901679,3152521.0043867137
 07/20  11:00:00,9470230.347375277,1469153.128773576,4657829.596214233,0.0,184657.0434256118,3154360.981976217
 07/20  12:00:00,10466214.44887228,1728272.6510828873,5506344.643849482,0.0,178886.51081856145,3049326.965532837
 07/20  13:00:00,10760811.842095524,1933637.3112394582,6153285.719364023,0.0,177924.75538405305,2492862.3516518557
 07/20  14:00:00,10930777.598952193,2050679.259139823,6489005.83124971,0.0,177924.75538405305,2210066.04872247
 07/20  15:00:00,10885592.193063477,2118811.323836365,6634187.129512816,0.0,177924.75538405305,1951285.3067417326
 07/20  16:00:00,10395548.262318272,2120962.242444425,6543520.75949671,0.0,181771.77712208664,1543935.9937399095
 07/20  17:00:00,9616659.882376587,2000429.6789374426,6067199.093422217,0.0,192351.086901679,1346247.0172173374
 07/20  18:00:00,8632076.4051392,1767292.350415043,5239910.639711287,0.0,350078.9781610557,1260977.7533653923
 07/20  19:00:00,6893145.509148316,1418468.237816217,4119535.9459524243,0.0,272176.7879658757,1064636.283809363
 07/20  20:00:00,5983707.250721101,1108580.3422319205,3181215.626737616,0.0,628988.0541684902,1039263.672536861
 07/20  21:00:00,4972481.333479225,835151.8048423514,2386883.9208328417,0.0,730934.1302263801,989904.2986781762
 07/20  22:00:00,3775175.272744431,615417.4281163253,1757409.8324954167,0.0,473904.9903540116,902783.4667324664
 07/20  23:00:00,2759763.663977353,458761.5011477489,1310421.3285355025,0.0,143301.55974175083,829514.967212666
 07/20  24:00:00,2233480.713682361,315725.81213140866,903237.4906973345,0.0,83191.84508497614,918354.801679348
 07/21  01:00:00,1991821.378320119,291002.0517831268,831113.2811566461,0.0,47510.71846471471,809224.5628263374
 07/21  02:00:00,1770144.4618502785,236309.79464887932,673015.1120186977,0.0,47510.71846471471,800620.0457610689
 07/21  03:00:00,1602378.1167939443,190500.98923571213,541036.6081046289,0.0,47510.71846471471,810641.0100319706
 07/21  04:00:00,1526455.3648312192,153583.03728831286,435852.4266775153,0.0,47510.71846471471,876538.4183113822
 07/21  05:00:00,1556573.7036760962,127230.26068386275,362227.1459060274,0.0,47510.71846471471,1006916.7876645733
 07/21  06:00:00,1823105.4344017238,137658.6259139009,396523.1557055838,0.0,47510.71846471471,1229006.1164929823
 07/21  07:00:00,2380907.2357849204,187475.70231692784,552886.1019012838,0.0,47510.71846471471,1581473.81467458
 07/21  08:00:00,3931162.109519598,382226.09675561363,1156176.676347081,0.0,47510.71846471471,2335097.5851866542
 07/21  09:00:00,5799690.585236666,663560.5468554294,2055919.731320296,0.0,47510.71846471471,3024240.394624947
 07/21  10:00:00,7366306.490887254,1006181.360442237,3178458.291226578,0.0,47510.71846471471,3127388.7655767007
 07/21  11:00:00,9426997.623429995,1451547.6384592634,4631920.389450885,0.0,184657.0434256118,3154360.981976217
 07/21  12:00:00,10548172.779025067,1727453.8249237216,5547374.531863718,0.0,211826.63445047397,3058134.110198641
 07/21  13:00:00,13279898.35869917,2054955.714707218,6560961.551257954,0.0,177924.75538405305,4482954.63289381
 07/21  14:00:00,11527911.397347733,2107952.1466626823,6700524.51782452,0.0,177924.75538405305,2538408.27302034
 07/21  15:00:00,17408414.058242228,2315748.02030199,7243311.70240205,0.0,308723.49447719473,7537247.163472481
 07/21  16:00:00,17220509.9394324,2350544.836868173,7228432.906631159,0.0,315455.7825187535,7320718.923899172
 07/21  17:00:00,10065586.900238443,2067943.269173184,6249842.74595655,0.0,264963.6222070628,1472122.28387136
 07/21  18:00:00,9023148.743767237,1777672.9999506879,5234776.126885289,0.0,306799.983608178,1690364.922969036
 07/21  19:00:00,8399199.711867392,1482663.4262032546,4260190.248327657,0.0,496265.8042063317,2143161.8451875914
 07/21  20:00:00,5786264.580226066,1089339.4826040277,3095719.4531519455,0.0,556375.5188631064,1021426.3556197821
 07/21  21:00:00,4818523.892013706,800133.0068410857,2269919.0892952206,0.0,730934.1302263801,989904.2986781762
 07/21  22:00:00,3708349.766414185,583153.1058425137,1656472.6899914083,0.0,534736.0215866676,910020.2327416396
 07/21  23:00:00,2723790.184553978,425736.8383042901,1208512.216081061,0.0,239477.10319259032,833427.6121658551
 07/21  24:00:00,2104430.870138125,276499.20635299844,784822.7023497021,0.0,119257.67387904094,910880.5234670899
 07/22  01:00:00,1830601.0139721031,254351.6487905059,720980.1517514794,0.0,71362.2532405229,770936.196100301
 07/22  02:00:00,1625418.4859312144,199579.68005982513,565019.2506886879,0.0,47510.71846471471,800620.0457610689
 07/22  03:00:00,1458122.9813841162,153616.09459238753,433666.3673381256,0.0,47510.71846471471,810641.0100319706
 07/22  04:00:00,1378271.2618071875,115638.75933054257,325612.6016112542,0.0,47510.71846471471,876538.4183113822
 07/22  05:00:00,1394203.6844828345,85580.80396860314,241506.58342802522,0.0,47510.71846471471,1006916.7876645733
 07/22  06:00:00,1665104.1621694327,97496.96469812964,278683.5446890641,0.0,47510.71846471471,1229006.1164929823
 07/22  07:00:00,2309366.1005672463,170109.29857430796,498711.37042622955,0.0,47510.71846471471,1581473.81467458
 07/22  08:00:00,4808963.925926284,394587.78169220267,1192091.5566397368,0.0,206777.4184193049,3005356.1364095053
 07/22  09:00:00,8647517.4961835,711409.402167142,2205203.6980967894,0.0,310647.0053462115,5411798.196602077
 07/22  10:00:00,6799705.475577334,826392.2639826373,2621673.765129281,0.0,192351.086901679,3152521.0043867137
 07/22  11:00:00,10740542.676744724,1194113.2378751556,3800752.9093829794,0.0,253422.55699296208,5487742.4023756115
 07/22  12:00:00,17124817.725287482,1535037.2644543462,4845236.822050003,0.0,310647.00534621155,10430512.95584841
 07/22  13:00:00,9622480.95657871,1644123.8922740633,5137223.907771058,0.0,307761.73904268636,2530269.713034766
 07/22  14:00:00,9680485.325460248,1750190.4491842398,5376082.336771607,0.0,307761.73904268636,2243349.0960055785
 07/22  15:00:00,9481463.453146271,1786437.6533419099,5387059.528709929,0.0,308723.49447719473,1995859.0990287247
 07/22  16:00:00,8890820.365020178,1761823.5104194677,5204872.790487634,0.0,315455.7825187535,1603310.7920791805
 07/22  17:00:00,8212970.020860368,1651273.2609746635,4780086.432045457,0.0,337576.1575124466,1433319.1912975158
 07/22  18:00:00,6821100.947015908,1403943.5356338774,3995623.8200713405,0.0,220241.99450242243,1187756.8864542216
 07/22  19:00:00,5691437.7875682395,1140175.802182128,3197530.5256683147,0.0,272176.7879658757,1064636.283809363
 07/22  20:00:00,4689195.175522169,839480.2834798541,2338959.099794685,0.0,483762.98355772265,1003589.0387027032
 07/22  21:00:00,4044154.3559224126,607360.9488406511,1688321.611204362,0.0,730934.1302263801,989904.2986781762
 07/22  22:00:00,2916376.042687877,419190.43083479855,1164597.2357564736,0.0,413073.9591213556,895546.700723293
 07/22  23:00:00,2068389.4649258114,285450.69050010544,793485.8326611078,0.0,143301.55974175083,829514.967212666
 07/22  24:00:00,1466026.428660132,119210.94607888599,332298.07172762824,0.0,83191.84508497614,918354.801679348
 07/23  01:00:00,1319056.312979408,118721.64506859372,330628.6225304684,0.0,47510.71846471471,809224.5628263374
 07/23  02:00:00,1125060.3031287591,69768.79290162373,194189.98191205814,0.0,47510.71846471471,800620.0457610689
 07/23  03:00:00,962676.1953482255,24214.499036016023,67339.20372623032,0.0,47510.71846471471,810641.0100319706
 07/23  04:00:00,937019.9008653909,0.0,0.0,0.0,47510.71846471471,876538.4183113822
 07/23  05:00:00,1074317.0958682394,0.0,0.0,0.0,66842.00269833344,997042.0872719956
 07/23  06:00:00,1350259.3421304408,0.0,0.0,0.0,108870.71518635028,1231519.567310932
 07/23  07:00:00,2050103.4284354094,31056.938546706562,88903.92222680559,0.0,290450.1412215353,1630105.3399395798
 07/23  08:00:00,3017845.907953789,159781.98389714575,466150.5070368679,0.0,47510.71846471471,2335097.5851866542
 07/23  09:00:00,4650740.467264953,385014.4676851146,1142264.8973045703,0.0,85163.44372571836,3030402.410843023
 07/23  10:00:00,5847178.762613496,665032.6726988407,2001043.1969609684,0.0,47510.71846471471,3127388.7655767007
 07/23  11:00:00,7215977.039687935,1000168.9661955042,3040431.880482398,0.0,47510.71846471471,3123635.8775596786
 07/23  12:00:00,8359005.1701428415,1293716.030587331,3958554.481265079,0.0,80354.66655317639,3022996.3141487446
 07/23  13:00:00,8907402.157487048,1534219.6943508643,4699293.65164414,0.0,177924.75538405305,2492862.3516518557
 07/23  14:00:00,9141451.877536267,1665785.266618873,5084574.102354735,0.0,177924.75538405305,2210066.04872247
 07/23  15:00:00,9151309.992446372,1746515.724368515,5272200.52836356,0.0,177924.75538405305,1951285.3067417326
 07/23  16:00:00,8680832.664846756,1751669.5149431673,5198097.889526448,0.0,181771.77712208664,1543935.9937399095
 07/23  17:00:00,8056380.197784059,1633928.8364302504,4757271.628991408,0.0,264963.6222070628,1389783.1042574267
 07/23  18:00:00,7193640.764505312,1425382.8868727265,4075698.512429781,0.0,393357.97271393344,1285384.7090024492
 07/23  19:00:00,6168474.694343375,1181306.0609037918,3323925.905802093,0.0,496265.8042063317,1148648.669826722
 07/23  20:00:00,5924862.830073414,901602.3128199073,2515735.7645859993,0.0,483762.98355772265,1998102.2140635722
 07/23  21:00:00,3857782.2431138307,609308.8146568021,1698881.7002480836,0.0,560222.54060114,959762.0087083298
 07/23  22:00:00,3871070.0093773864,443174.7168672341,1235237.4967420811,0.0,291411.8966560436,1875586.3440658154
 07/23  23:00:00,2087027.2484215305,289161.2978179041,807285.1163095246,0.0,143301.55974175083,829514.967212666
 07/23  24:00:00,1492254.5093986597,125627.22097225282,352109.877572789,0.0,83191.84508497614,918354.801679348
 07/24  01:00:00,1304186.8133248223,114649.40341384895,321635.9685244059,0.0,50492.160311690735,804438.5169855828
 07/24  02:00:00,1092990.9372402255,60916.60172417042,170972.8072009775,0.0,47510.71846471471,800620.0457610689
 07/24  03:00:00,937967.2603382972,17567.892362048035,49276.87539026991,0.0,47510.71846471471,810641.0100319706
 07/24  04:00:00,944683.7841653761,2015.9801402921792,5647.90315969302,0.0,47510.71846471471,876538.4183113822
 07/24  05:00:00,1064860.5120271984,0.0,0.0,0.0,47510.71846471471,1006916.7876645733
 07/24  06:00:00,1350259.3421304408,0.0,0.0,0.0,108870.71518635028,1231519.567310932
 07/24  07:00:00,2052661.709669533,56447.67696210438,163346.52153170278,0.0,209662.68472283008,1613617.739952114
 07/24  08:00:00,3824908.41654458,266029.00207526283,788319.4038266866,0.0,365467.06511319004,2395787.832161033
 07/24  09:00:00,5311138.456750679,518326.4746760706,1581721.3968411812,0.0,160468.89424772566,3042726.4432791746
 07/24  10:00:00,6890092.953822581,859209.6859406984,2679807.7676812187,0.0,192351.086901679,3152521.0043867137
 07/24  11:00:00,8538767.455783661,1273777.9832987194,4005677.564786191,0.0,116083.88094516326,3138998.429767948
 07/24  12:00:00,9536449.768280337,1559887.9426399944,4911447.99923307,0.0,47510.71846471471,3014219.430354047
 07/24  13:00:00,10420390.913550336,1796867.5507042012,5621292.32705622,0.0,177924.75538405305,2821204.5759497257
 07/24  14:00:00,14320794.757025851,1982016.556047405,6135280.135920387,0.0,177924.75538405305,6022471.60521787
 07/24  15:00:00,10109027.979800023,1963550.5075064907,6012883.732579237,0.0,177924.75538405305,1951285.3067417326
 07/24  16:00:00,9778976.644829046,1960260.7227803112,5894591.857935657,0.0,315455.7825187535,1603310.7920791805
 07/24  17:00:00,12063260.956303662,1922739.4407997923,5645848.11940897,0.0,301269.8898597547,4182970.5003372347
 07/24  18:00:00,8190477.75750631,1622466.6470387743,4662265.641221673,0.0,393357.97271393344,1498570.813045508
 07/24  19:00:00,6529250.5657038195,1275794.1693388654,3590213.6687274636,0.0,496265.8042063317,1148648.669826722
 07/24  20:00:00,5217535.476845905,930933.2442637474,2592690.9508305946,0.0,628988.0541684902,1039263.672536861
 07/24  21:00:00,4256852.273830829,662647.4053001626,1843759.2607266349,0.0,730934.1302263801,989904.2986781762
 07/24  22:00:00,2758439.3345462414,447972.33779307303,1248685.9757177639,0.0,169461.30756037915,866660.1584288136
 07/24  23:00:00,2040636.8940714146,303102.4081753207,845825.8631348191,0.0,47510.71846471471,826433.5969568748
 07/24  24:00:00,1540174.416650977,145941.02659009903,407922.8276152632,0.0,47510.71846471471,925829.0798916061
 07/25  01:00:00,1393617.726326774,138258.76166112523,385652.91928530275,0.0,47510.71846471471,809224.5628263374
 07/25  02:00:00,1186557.6140552794,85916.26343091695,239539.82230928523,0.0,47510.71846471471,800620.0457610689
 07/25  03:00:00,1018499.6750882884,38916.65046815133,108460.53203415778,0.0,47510.71846471471,810641.0100319706
 07/25  04:00:00,953209.9746533604,4275.568807696808,11914.504980272788,0.0,47510.71846471471,876538.4183113822
 07/25  05:00:00,1083773.6797092804,0.0,0.0,0.0,86173.28693195217,987167.3868794179
 07/25  06:00:00,1414132.7896700264,0.0,0.0,0.0,170230.71190798588,1234033.018128882
 07/25  07:00:00,2027430.7484429237,49573.35218150975,144989.885085688,0.0,209662.68472283008,1613617.739952114
 07/25  08:00:00,3725359.4234439526,260846.6856703711,788292.554418246,0.0,286122.24176624743,2380792.8282206813
 07/25  09:00:00,5564676.172679846,559606.3951755159,1750164.4507918237,0.0,198121.61950872932,3048888.4594972506
 07/25  10:00:00,7370086.7399748,958058.4141918158,3060952.8255823194,0.0,192351.086901679,3152521.0043867137
 07/25  11:00:00,9430800.7863366,1444197.1623409728,4643356.001608159,0.0,184657.0434256118,3154360.981976217
 07/25  12:00:00,10648479.392942216,1754647.5323307994,5662234.706671506,0.0,178886.51081856145,3049326.965532837
 07/25  13:00:00,11093162.151483407,1994895.6682599646,6424377.6717313975,0.0,177924.75538405305,2492862.3516518557
 07/25  14:00:00,11294396.169600338,2118992.2007123213,6784311.460325356,0.0,177924.75538405305,2210066.04872247
 07/25  15:00:00,11259683.475612748,2190006.3010125863,6937083.434885863,0.0,177924.75538405305,1951285.3067417326
 07/25  16:00:00,10758930.369277468,2193173.740028645,6834691.368871685,0.0,181771.77712208664,1543935.9937399095
 07/25  17:00:00,13182575.184528325,2177751.032657719,6626299.378121178,0.0,228657.35455437092,4139434.4132971456
 07/25  18:00:00,12564352.942295536,1970155.3848187942,5839218.532007926,0.0,306799.9836081779,4434362.358374217
 07/25  19:00:00,7116217.69689662,1475505.5463631512,4286274.989132845,0.0,271888.2613355232,1064220.6464606638
 07/25  20:00:00,6578742.271058401,1124644.400464832,3224053.2839873713,0.0,628988.0541684902,1575396.9773914951
 07/25  21:00:00,4115592.032706609,820716.3093493914,2348301.6437098095,0.0,47510.71846471471,869456.1822832179
 07/25  22:00:00,3243259.153104026,599566.1622716006,1718275.5691688175,0.0,47510.71846471471,852247.1481526807
 07/25  23:00:00,2644407.9423588556,453041.3344911516,1299657.9851064293,0.0,47510.71846471471,826433.5969568748
 07/25  24:00:00,2200175.2466140445,313694.5633978315,900170.1207705983,0.0,47510.71846471471,925829.0798916061
 07/26  01:00:00,1984820.6668431563,288580.20769487746,826534.4137679328,0.0,47510.71846471471,809224.5628263374
 07/26  02:00:00,1774083.953886515,236452.15592624884,676530.2696451889,0.0,47510.71846471471,800620.0457610689
 07/26  03:00:00,1617062.601271744,193374.19971627384,552565.9089694908,0.0,47510.71846471471,810641.0100319706
 07/26  04:00:00,1497994.3687456471,145351.9171431561,415622.5507371002,0.0,47510.71846471471,876538.4183113822
 07/26  05:00:00,1543190.086004263,123441.4962866669,354888.0776903979,0.0,47510.71846471471,1006916.7876645733
 07/26  06:00:00,1844912.9541535557,142043.3505594342,416483.70900326606,0.0,47510.71846471471,1229006.1164929823
 07/26  07:00:00,2512297.5873215953,216264.24272136317,657461.7249601549,0.0,47510.71846471471,1581473.81467458
 07/26  08:00:00,4467813.02343589,454541.34232692514,1431391.3250409244,0.0,206777.4184193049,2365797.824280329
 07/26  09:00:00,6719890.548526322,817440.7881099047,2647544.4337039106,0.0,198121.61950872932,3048888.4594972506
 07/26  10:00:00,8723077.863481602,1248236.5615538727,4123765.8017270654,0.0,192351.086901679,3152521.0043867137
 07/26  11:00:00,12221215.929295126,1822765.9759838842,6060689.1555629065,0.0,184657.0434256118,4148874.157337086
 07/26  12:00:00,12275625.269496009,2086948.0811346518,6957080.034421448,0.0,178886.51081856145,3049326.965532837
 07/26  13:00:00,12561363.919551276,2296730.751999886,7590744.356059346,0.0,177924.75538405305,2492862.3516518557
 07/26  14:00:00,12521179.486933507,2376777.8719931953,7753309.106377652,0.0,177924.75538405305,2210066.04872247
 07/26  15:00:00,12180496.710329596,2389435.643573583,7658467.327041715,0.0,177924.75538405305,1951285.3067417326
 07/26  16:00:00,12509668.256228369,2350505.9608763536,7385319.158680022,0.0,215192.77847125335,2553292.868685596
 07/26  17:00:00,10251867.174723469,2131347.807186223,6571488.25752032,0.0,192351.086901679,1346247.0172173374
 07/26  18:00:00,9156408.409131754,1859604.2755611732,5604244.768367777,0.0,393357.97271393344,1285384.7090024492
 07/26  19:00:00,7686224.349740367,1528193.9429308951,4494787.679171981,0.0,496265.8042063317,1148648.669826722
 07/26  20:00:00,6212648.850123308,1158801.1258362848,3359936.442535459,0.0,628988.0541684902,1039263.672536861
 07/26  21:00:00,5160255.986257389,877494.226348921,2532316.1521044364,0.0,730934.1302263801,989904.2986781762
 07/26  22:00:00,4048825.40633469,663794.5713209985,1914615.0256391722,0.0,534736.0215866676,910020.2327416396
 07/26  23:00:00,3012871.9485580856,507875.83243348176,1464371.1876284874,0.0,191389.33146717056,831471.2896892605
 07/26  24:00:00,2406823.907581112,365624.6344552948,1054888.7106802026,0.0,47510.71846471471,925829.0798916061
 07/27  01:00:00,2177453.0923802806,336899.61850887723,970847.4284910569,0.0,47510.71846471471,809224.5628263374
 07/27  02:00:00,1974690.5374062872,287537.8825784861,826051.1265127235,0.0,47510.71846471471,800620.0457610689
 07/27  03:00:00,1807513.72641944,242555.03625798575,693836.197575475,0.0,47510.71846471471,810641.0100319706
 07/27  04:00:00,1729363.7043168081,205758.20715922228,586585.5962921951,0.0,47510.71846471471,876538.4183113822
 07/27  05:00:00,1748987.6459352816,172435.62918677655,492778.3370392249,0.0,86173.28693195217,987167.3868794179
 07/27  06:00:00,2045164.8187685777,178232.20655836214,516673.2700797746,0.0,108870.7151863503,1231519.567310932
 07/27  07:00:00,2613776.7011072533,220786.72440958244,657270.4112897692,0.0,128586.70159377239,1597545.777313347
 07/27  08:00:00,4312251.473670434,424381.6150184071,1305989.5025839864,0.0,206777.4184193049,2365797.824280329
 07/27  09:00:00,5936103.4632315785,642429.5929262595,2038768.5435928116,0.0,198121.61950872932,3048888.4594972506
 07/27  10:00:00,7061399.486217188,876852.1253084682,2833471.860708056,0.0,192351.086901679,3152521.0043867137
 07/27  11:00:00,8499719.707771016,1211939.7879449239,3944532.2974386252,0.0,184657.0434256118,3154360.981976217
 07/27  12:00:00,9694152.56709428,1517447.7814355835,4945107.631718786,0.0,178886.51081856145,3049326.965532837
 07/27  13:00:00,14544194.369031716,1903547.0341523215,6147272.252909059,0.0,177924.75538405305,6312348.622130146
 07/27  14:00:00,13167254.164490134,2086318.4029175825,6695630.441074074,0.0,177924.75538405305,4204278.860658288
 07/27  15:00:00,10964199.91773178,2111452.8107888857,6720153.367228598,0.0,177924.75538405305,1951285.3067417326
 07/27  16:00:00,10497375.642293438,2122222.7440774804,6644087.637838819,0.0,181771.77712208664,1543935.9937399095
 07/27  17:00:00,9689137.22902586,1999762.3398836514,6140343.77912528,0.0,192351.086901679,1346247.0172173374
 07/27  18:00:00,8539916.29021285,1747592.456233197,5235136.369156717,0.0,306799.983608178,1236570.7977283355
 07/27  19:00:00,7226771.699652126,1419968.826526261,4143560.1454883735,0.0,496265.8042063317,1148648.669826722
 07/27  20:00:00,5783665.926743021,1054975.1565768903,3034779.488414567,0.0,628988.0541684902,1039263.672536861
 07/27  21:00:00,4749335.77061487,775347.3846498721,2223542.7781609665,0.0,730934.1302263801,989904.2986781762
 07/27  22:00:00,3577167.2459348785,579595.83469853,1663291.196345488,0.0,413073.9591213556,895546.700723293
 07/27  23:00:00,2689928.900543795,451832.2660066598,1296951.9060094466,0.0,95406.13910323277,827974.2820847704
 07/27  24:00:00,2185260.5749812326,309693.2125048054,889256.8000308124,0.0,47510.71846471471,925829.0798916061
 07/28  01:00:00,1984966.858288178,288682.19099890743,826578.6219089247,0.0,47510.71846471471,809224.5628263374
 07/28  02:00:00,1766301.3150772718,235071.63781431637,670410.1220802536,0.0,47510.71846471471,800620.0457610689
 07/28  03:00:00,1594266.060834636,188401.62291696516,535023.9184640676,0.0,47510.71846471471,810641.0100319706
 07/28  04:00:00,1509359.4527951211,149282.35828505788,423057.19364467234,0.0,47510.71846471471,876538.4183113822
 07/28  05:00:00,1527839.3717201026,119995.94882726247,340727.12580663397,0.0,47510.71846471471,1006916.7876645733
 07/28  06:00:00,1787380.610947203,128586.99704610053,369869.9611188634,0.0,47510.71846471471,1229006.1164929823
 07/28  07:00:00,2607605.7248220798,195332.22863998858,577432.1730797334,0.0,209662.68472283008,1613617.739952114
 07/28  08:00:00,4188413.6841525827,396162.3017720472,1209525.1069153673,0.0,206777.4184193049,2365797.824280329
 07/28  09:00:00,5920585.216671487,641659.3921504715,2023456.5515437564,0.0,198121.61950872932,3048888.4594972506
 07/28  10:00:00,7535872.112368118,970228.824652764,3129180.3021460334,0.0,264963.6222070628,3164732.0081852353
 07/28  11:00:00,9318294.603952354,1406427.971867491,4568337.036565017,0.0,184657.0434256118,3154360.981976217
 07/28  12:00:00,10491151.01698126,1719749.7031097114,5581424.991814799,0.0,146042.56273009977,3040550.0817381395
 07/28  13:00:00,11726610.902620764,1993697.987533206,6419465.791466339,0.0,177924.75538405305,3132420.663781032
 07/28  14:00:00,12000910.771921795,2171163.9978343127,6920579.371351386,0.0,307761.73904268636,2598303.9592372715
 07/28  15:00:00,13445480.243615082,2276376.838360465,7155648.301815714,0.0,308723.49447719473,3701347.9313731953
 07/28  16:00:00,11395172.885501577,2245929.9902159167,6940515.382275099,0.0,315455.7825187535,1887914.240976664
 07/28  17:00:00,9818487.794614788,2037834.0449655424,6173266.355327207,0.0,228657.35455437086,1368015.060737382
 07/28  18:00:00,8450651.380332833,1758624.7301425878,5202807.108689621,0.0,263520.9890553002,1212163.8420912786
 07/28  19:00:00,6900989.728520052,1426253.604226569,4121004.6645756867,0.0,272176.7879658757,1064636.283809363
 07/28  20:00:00,5430814.676719353,1064108.6724532912,3036849.916463357,0.0,338537.912946955,967914.4048685454
 07/28  21:00:00,4361925.875882196,782705.3783828067,2232456.460812162,0.0,389510.95097589993,929619.7187384834
 07/28  22:00:00,3424287.486343209,577272.7156415944,1650561.9890886685,0.0,291411.8966560436,881073.1687049464
 07/28  23:00:00,2639719.968589328,427196.5562737164,1223070.4705510137,0.0,143301.55974175083,829514.967212666
 07/28  24:00:00,2203125.8471364304,307287.61758295994,881320.8186998523,0.0,83191.84508497614,918354.801679348
 07/29  01:00:00,1966164.7707275185,285534.0127021214,818143.128620165,0.0,59436.4858526188,790080.3794633192
 07/29  02:00:00,1773777.6911047325,236737.91883133788,676220.2170906931,0.0,47510.71846471471,800620.0457610689
 07/29  03:00:00,1613565.4774269518,193188.67969977495,549536.2782735738,0.0,47510.71846471471,810641.0100319706
 07/29  04:00:00,1509201.5665370254,155957.41071928135,441861.6404152971,0.0,48183.94726887059,850227.8040442823
 07/29  05:00:00,1558594.5022885334,128145.44804441267,363332.7571579147,0.0,47510.71846471471,1006916.7876645733
 07/29  06:00:00,1824848.4214175385,138179.6878802966,397745.0807550028,0.0,47510.71846471471,1229006.1164929823
 07/29  07:00:00,2449886.5586540475,204120.74697432268,605220.3801130162,0.0,47510.71846471471,1581473.81467458
 07/29  08:00:00,4006741.275184643,397226.3204698947,1216755.618297845,0.0,47510.71846471471,2335097.5851866542
 07/29  09:00:00,5935175.353646322,686097.5368337594,2168867.509751623,0.0,47510.71846471471,3024240.394624947
 07/29  10:00:00,7570071.473222309,1025345.4798223302,3320566.0023697964,0.0,83720.81057395578,3133671.825279204
 07/29  11:00:00,9887384.328791503,1511683.9490770034,4948458.355767734,0.0,253422.55699296208,3169307.8968357877
 07/29  12:00:00,13664537.594440626,1942938.1992134103,6374668.155152202,0.0,277706.88171429903,5065840.680772203
 07/29  13:00:00,11837410.056622313,2138594.2351768734,7024927.009953396,0.0,177924.75538405305,2492862.3516518557
 07/29  14:00:00,12119358.851881362,2274871.94088692,7453394.402431784,0.0,177924.75538405305,2210066.04872247
 07/29  15:00:00,12150084.105943002,2357052.1320288302,7660438.234199875,0.0,177924.75538405305,1951285.3067417326
 07/29  16:00:00,13123815.193007939,2429079.8880233583,7776098.0655106325,0.0,315455.7825187535,2597823.9674400496
 07/29  17:00:00,11227340.150585962,2280916.251323305,7164813.571422409,0.0,337576.1575124466,1433319.1912975158
 07/29  18:00:00,9749401.435938712,1981469.7709021908,6075654.272966093,0.0,393357.97271393344,1285384.7090024492
 07/29  19:00:00,8219547.302201971,1643156.9003408179,4914557.539885541,0.0,496265.8042063317,1148648.669826722
 07/29  20:00:00,6685750.974150058,1262827.2994234322,3731268.17803407,0.0,628988.0541684902,1039263.672536861
 07/29  21:00:00,5606134.4093478825,976734.6032615234,2880928.0102089588,0.0,730934.1302263801,989904.2986781762
 07/29  22:00:00,4329712.973046457,757947.9150689107,2239176.6818809425,0.0,413073.9591213556,895546.700723293
 07/29  23:00:00,3344469.4049010915,595121.0248015521,1759895.4383349412,0.0,143301.55974175083,829514.967212666
 07/29  24:00:00,2847032.213246921,466454.3036464267,1380163.9229508773,0.0,65351.281774845425,922091.940785477
 07/30  01:00:00,2503336.003088316,413007.59791329206,1220622.3597946775,0.0,47510.71846471471,809224.5628263374
 07/30  02:00:00,2289231.353265745,362229.40580031427,1065900.4191503536,0.0,47510.71846471471,800620.0457610689
 07/30  03:00:00,2123463.613337956,318837.3646386037,933503.756113373,0.0,47510.71846471471,810641.0100319706
 07/30  04:00:00,2056673.0072937459,285795.67744218174,833857.4289861732,0.0,47510.71846471471,876538.4183113822
 07/30  05:00:00,2087325.3866770137,260075.11106693122,762389.763582884,0.0,47510.71846471471,1006916.7876645733
 07/30  06:00:00,2381379.6169947786,274059.59791691334,820934.1244870102,0.0,47510.71846471471,1229006.1164929823
 07/30  07:00:00,4299982.47710427,405561.09791211056,1261336.584191213,0.0,47510.71846471471,2575986.990035449
 07/30  08:00:00,5337554.2876473535,650157.7589713885,2105516.172607925,0.0,206777.4184193049,2365797.824280329
 07/30  09:00:00,7590791.6864728825,996131.0575987678,3339755.3021616084,0.0,198121.61950872932,3048888.4594972506
 07/30  10:00:00,9618073.141029961,1416637.5451127319,4850360.095716566,0.0,192351.086901679,3152521.0043867137
 07/30  11:00:00,12107495.186349649,1968419.2204772728,6795828.343484908,0.0,184657.0434256118,3154360.981976217
 07/30  12:00:00,13494553.04986456,2289289.5369640747,7973666.358960577,0.0,178886.51081856145,3049326.965532837
 07/30  13:00:00,13790450.57244912,2467799.999999999,8648761.760957077,0.0,177924.75538405305,2492862.3516518557
 07/30  14:00:00,14402895.020105308,2467799.999999999,8679526.982390145,0.0,177924.75538405305,3074541.5778749743
 07/30  15:00:00,18764160.767715313,2467799.999999999,8622378.96355726,0.0,177924.75538405305,7492673.371185489
 07/30  16:00:00,18561702.452318758,2467799.999999999,8500634.957319675,0.0,282034.7811695868,7305875.224314354
 07/30  17:00:00,13539642.463368658,2467799.999999999,8296000.933299918,0.0,337576.1575124466,2427832.366658385
 07/30  18:00:00,12680475.00958082,2467799.999999999,7983982.339523384,0.0,393357.97271393344,1821518.0138570834
 07/30  19:00:00,10534816.931733837,2150405.8425123375,6721168.361584009,0.0,496265.8042063317,1148648.669826722
 07/30  20:00:00,8268747.346178447,1614271.5130580182,4960564.551368865,0.0,628988.0541684902,1039263.672536861
 07/30  21:00:00,6610381.362487541,1247766.9692038523,3813022.665074743,0.0,560222.54060114,959762.0087083298
 07/30  22:00:00,5200952.511152958,987066.4447483702,3015741.4459973853,0.0,291411.8966560436,881073.1687049464
 07/30  23:00:00,4158674.1876299037,806069.4622960583,2460896.102572571,0.0,47510.71846471471,826433.5969568748
 07/30  24:00:00,3827993.494974088,702004.8947937142,2139678.037734759,0.0,47510.71846471471,925829.0798916061
 07/31  01:00:00,3346761.1940117218,612766.55809652,1864288.5905348558,0.0,47510.71846471471,809224.5628263374
 07/31  02:00:00,3094540.867709537,554062.5334185134,1679376.8059759466,0.0,47510.71846471471,800620.0457610689
 07/31  03:00:00,2920206.5960238553,509075.8563196756,1540008.2471182006,0.0,47510.71846471471,810641.0100319706
 07/31  04:00:00,2845253.8008796917,473976.68276972766,1434257.2172445732,0.0,47510.71846471471,876538.4183113822
 07/31  05:00:00,2887279.9179864833,450108.461961868,1372310.9439974169,0.0,47510.71846471471,1006916.7876645733
 07/31  06:00:00,3319110.4995760354,476122.8634326331,1492728.2940129614,0.0,108870.71518635028,1231519.567310932
 07/31  07:00:00,4416526.2052332,602666.6441253058,1980992.0499321688,0.0,209662.68472283008,1613617.739952114
 07/31  08:00:00,6753398.99541336,942399.1787024505,3229119.4606428696,0.0,206777.4184193049,2365797.824280329
 07/31  09:00:00,9563470.66875318,1394085.5307393263,4914479.811301348,0.0,198121.61950872932,3048888.4594972506
 07/31  10:00:00,12113792.978451816,1885708.1813385529,6749773.988256741,0.0,301269.88985975465,3170837.5100844963
 07/31  11:00:00,14409645.666783758,2405929.4194660615,8660468.624930229,0.0,184657.0434256118,3154360.981976217
 07/31  12:00:00,14655229.631290752,2467799.999999999,8955832.477350846,0.0,178886.51081856145,3049326.965532837
 07/31  13:00:00,15218577.251478024,2467799.999999999,8962523.60310568,0.0,177924.75538405305,3607227.1885321573
 07/31  14:00:00,13756308.632620025,2467799.999999999,8897416.124057367,0.0,177924.75538405305,2210066.04872247
 07/31  15:00:00,13377998.116548482,2467799.999999999,8777604.376834184,0.0,177924.75538405305,1951285.3067417326
 07/31  16:00:00,13803018.701937731,2467799.999999999,8609640.266199725,0.0,181771.77712208664,2538449.169100778
 07/31  17:00:00,12978247.262448445,2467799.999999999,8399133.401482675,0.0,228657.35455437092,1872223.5005134898
 07/31  18:00:00,19622878.581520364,2467799.999999999,8102784.555416221,0.0,393357.97271393344,8645119.369903784
 07/31  19:00:00,13342595.21974248,2359139.5280505815,7459612.410518289,0.0,496265.8042063317,3009249.2233628402
 07/31  20:00:00,10543461.506307766,1831991.289416348,5697036.603436699,0.0,628988.0541684902,2359786.0042400183
 07/31  21:00:00,7827240.368532084,1414065.1959905738,4391701.558908254,0.0,645578.33541376,1346288.0993200203
 07/31  22:00:00,5817612.494010361,1121353.580867302,3498114.292735858,0.0,291411.8966560436,881073.1687049464
 07/31  23:00:00,4812466.924351005,933273.9228383087,2913330.2201018007,0.0,119353.8494224918,828744.6246487182
 07/31  24:00:00,4428644.037417672,837303.6020315075,2605029.8729405496,0.0,47510.71846471471,925829.0798916061
 08/01  01:00:00,3836929.7303431965,723028.7411968915,2244194.9437659597,0.0,47510.71846471471,809224.5628263374
 08/01  02:00:00,3547631.8289096598,656647.952605746,2029882.3479888365,0.0,47510.71846471471,800620.0457610689
 08/01  03:00:00,3340559.5258738576,605088.3126732023,1864348.720614676,0.0,47510.71846471471,810641.0100319706
 08/01  04:00:00,4361622.421549872,596030.2620672225,1834059.083256388,0.0,47510.71846471471,1871051.5936722513
 08/01  05:00:00,3314320.687627543,544350.8335241086,1685522.9455899983,0.0,86846.51573610806,987167.3868794179
 08/01  06:00:00,3896816.8443680867,564618.7384748377,1787879.727364121,0.0,296220.6738285856,1238228.645067384
 08/01  07:00:00,4749465.339254586,667734.9282412756,2197820.9830082273,0.0,252460.8015584537,1621861.539945847
 08/01  08:00:00,6979462.453728394,1000833.6731674972,3393863.158189331,0.0,209662.68472283008,2365797.824280329
 08/01  09:00:00,10215616.404488266,1448233.253208417,4972497.497974673,0.0,201968.6412467629,3585021.764351885
 08/01  10:00:00,11670760.852496285,1876583.6446776178,6439254.685879969,0.0,196198.10863971253,3152521.0043867137
 08/01  11:00:00,13690232.44361104,2348732.5024027163,7994405.297082825,0.0,188504.0651636454,3154360.981976217
 08/01  12:00:00,14091650.517568083,2467799.999999999,8388406.341890141,0.0,182733.53255659502,3049326.965532837
 08/01  13:00:00,13524472.071175907,2467799.999999999,8379897.993380336,0.0,180810.02168757824,2492862.3516518557
 08/01  14:00:00,13215151.099851733,2467799.999999999,8353373.324985552,0.0,180810.02168757824,2210066.04872247
 08/01  15:00:00,13079521.581918873,2467799.999999999,8296061.267348375,0.0,316417.5379532619,1995859.0990287247
 08/01  16:00:00,12593219.918950813,2467799.999999999,8191678.300492653,0.0,325073.3368638375,1603310.7920791805
 08/01  17:00:00,12927730.53646626,2467799.999999999,8023655.782677078,0.0,352964.2444645809,2072877.503426692
 08/01  18:00:00,12281627.626994058,2461984.740938808,7742314.2391509935,0.0,423172.3911836938,1640339.572234142
 08/01  19:00:00,10195323.643959047,2094456.253188533,6386651.625104077,0.0,547238.8422352766,1148648.669826722
 08/01  20:00:00,7643927.842651207,1570564.5467739962,4710475.24911123,0.0,369314.0868512236,967914.4048685454
 08/01  21:00:00,6125814.433890211,1194598.2854309757,3560357.924851685,0.0,411631.32596959296,929619.7187384834
 08/01  22:00:00,4588648.480944252,920670.5189848093,2742560.5402958347,0.0,47510.71846471471,852247.1481526807
 08/01  23:00:00,3849674.508987611,743606.8945907077,2214358.9916356294,0.0,47510.71846471471,826433.5969568748
 08/01  24:00:00,3409188.083508957,609607.7315018926,1813269.78956145,0.0,47510.71846471471,925829.0798916061
 08/02  01:00:00,3012369.015364457,540055.1967022261,1602607.7732818848,0.0,47510.71846471471,809224.5628263374
 08/02  02:00:00,2749335.39731964,477098.0899768495,1411135.779027713,0.0,47510.71846471471,800620.0457610689
 08/02  03:00:00,2535765.228852732,425536.33743866294,1253968.7474050554,0.0,47510.71846471471,795778.6614550048
 08/02  04:00:00,2443243.9062868934,383020.91128927114,1123203.0941322315,0.0,47510.71846471471,876538.4183113822
 08/02  05:00:00,2449181.34195776,347893.0027475024,1021738.0298183807,0.0,77012.56641825972,992104.7370757067
 08/02  06:00:00,2979009.265130094,342314.2888524011,1021966.8573889674,0.0,47510.71846471471,1557348.3407908524
 08/02  07:00:00,9266612.134573862,469658.2994515648,1444340.8215078816,0.0,211586.1955918469,7131439.731521785
 08/02  08:00:00,5426204.606001213,679337.9240176983,2162101.0596119496,0.0,209662.68472283008,2365797.824280329
 08/02  09:00:00,7665833.307603365,1031666.1021193429,3375414.857033481,0.0,201968.6412467629,3048888.4594972506
 08/02  10:00:00,9558129.29040605,1433842.5192977325,4769364.24916962,0.0,196198.10863971253,3152521.0043867137
 08/02  11:00:00,11630526.151886683,1911991.6646543639,6371439.843106815,0.0,188504.0651636454,3154360.981976217
 08/02  12:00:00,12540473.205713987,2152065.5913628438,7152963.4386732,0.0,182733.53255659502,3049326.965532837
 08/02  13:00:00,12701510.724067204,2332712.964346477,7692023.681925159,0.0,180810.02168757824,2492862.3516518557
 08/02  14:00:00,12731786.201325417,2421055.3672317085,7916753.059227525,0.0,180810.02168757824,2210066.04872247
 08/02  15:00:00,12579265.270611394,2465840.6312307483,7976983.877928315,0.0,181771.77712208664,1951285.3067417326
 08/02  16:00:00,12215172.392906938,2467799.999999999,7863097.669675896,0.0,290450.1412215353,1588467.0924943627
 08/02  17:00:00,11528668.494116044,2359521.476764354,7372430.575691683,0.0,352964.2444645809,1433319.1912975158
 08/02  18:00:00,10124735.463910058,2077864.716936106,6324496.963301389,0.0,423172.3911836938,1285384.7090024492
 08/02  19:00:00,8437737.946537124,1697227.0115097526,5026295.169360936,0.0,547238.8422352766,1148648.669826722
 08/02  20:00:00,6881103.150000391,1311985.0351628999,3813654.4852773896,0.0,690540.4019770275,1039263.672536861
 08/02  21:00:00,5558400.6137213325,995977.4410424458,2873693.848433435,0.0,684288.991652723,974833.1536932529
 08/02  22:00:00,3866622.2014327925,739977.5188764606,2132324.1446309444,0.0,109207.32958842823,859453.6532907471
 08/02  23:00:00,3129616.374800915,576516.3778527889,1661391.3741868515,0.0,47510.71846471471,826433.5969568748
 08/02  24:00:00,2671723.188197493,433817.0306693308,1251595.5950825475,0.0,47510.71846471471,925829.0798916061
 08/03  01:00:00,2388609.778422009,390903.8772414954,1127999.8558001674,0.0,47510.71846471471,809224.5628263374
 08/03  02:00:00,2139178.0045037377,328302.28204165417,949774.1941470061,0.0,47510.71846471471,800620.0457610689
 08/03  03:00:00,1982146.7218548164,284900.2943225193,826123.9349463179,0.0,47510.71846471471,810641.0100319706
 08/03  04:00:00,1939106.7486016606,256513.3233779437,745573.524358326,0.0,47510.71846471471,876538.4183113822
 08/03  05:00:00,2008191.3164045718,239028.88505649962,699405.320199314,0.0,57344.66778256305,1001979.4374682845
 08/03  06:00:00,2404779.89943146,247518.13559051295,741205.4633019043,0.0,172154.22277700267,1234033.018128882
 08/03  07:00:00,3230916.465401629,339588.384198637,1056537.0591582493,0.0,211586.1955918469,1613617.739952114
 08/03  08:00:00,5169914.347179534,612328.7838593179,1972819.9409486507,0.0,209662.68472283008,2365797.824280329
 08/03  09:00:00,7471520.906130397,999425.7064861176,3302895.8450209145,0.0,124739.67985573881,3036564.4270610986
 08/03  10:00:00,12022891.833383728,1535423.355944143,5142453.6742589325,0.0,196198.10863971253,5142613.285628667
 08/03  11:00:00,12159723.75660421,2015269.8922740112,6797359.220204697,0.0,188504.0651636454,3154360.981976217
 08/03  12:00:00,13269649.185189003,2286785.5126739247,7747419.496837135,0.0,182733.53255659502,3049326.965532837
 08/03  13:00:00,13483603.385889767,2463529.205263182,8343300.102831016,0.0,180810.02168757824,2492862.3516518557
 08/03  14:00:00,13203497.592010481,2467799.999999999,8341719.817144299,0.0,180810.02168757824,2210066.04872247
 08/03  15:00:00,12864605.383197535,2467799.999999999,8260364.6217452055,0.0,181771.77712208664,1951285.3067417326
 08/03  16:00:00,13088666.211434644,2467799.999999999,8097033.1760744285,0.0,290450.1412215353,2228025.404623539
 08/03  17:00:00,15409374.846325008,2467799.999999999,7853876.384059568,0.0,276504.68742116354,4800760.768946367
 08/03  18:00:00,11236522.978298558,2334927.616068974,7179221.57855702,0.0,423172.3911836938,1285384.7090024492
 08/03  19:00:00,9152971.225049628,1862251.4366688512,5576504.022714341,0.0,547238.8422352766,1148648.669826722
 08/03  20:00:00,7345418.860141035,1414791.7675334685,4175163.4630474667,0.0,690540.4019770275,1039263.672536861
 08/03  21:00:00,6049893.9684380405,1080185.618351593,3175021.99229503,0.0,775174.8802137664,989904.2986781762
 08/03  22:00:00,4457840.123083846,825868.6124061606,2430941.623966958,0.0,294297.1629595688,881073.1687049464
 08/03  23:00:00,3472885.0533700734,654204.1194505781,1926972.3111582207,0.0,47510.71846471471,826433.5969568748
 08/03  24:00:00,3099807.214594782,535660.61344599,1577836.0387031767,0.0,47510.71846471471,925829.0798916061
 08/04  01:00:00,2726412.4574759626,471287.704368436,1385418.7077271806,0.0,47510.71846471471,809224.5628263374
 08/04  02:00:00,2464941.543596253,410303.99506591127,1199850.9512344915,0.0,47510.71846471471,794587.0878742174
 08/04  03:00:00,2227601.109963097,355533.5940217239,1030951.6936417015,0.0,47510.71846471471,780916.3128780391
 08/04  04:00:00,2154420.6910214205,313946.0787448639,903454.7114111657,0.0,47510.71846471471,876538.4183113822
 08/04  05:00:00,2131156.6906566476,274707.7621169597,789332.6314534819,0.0,47510.71846471471,1006916.7876645733
 08/04  06:00:00,2442172.5239396584,270192.68096459244,785803.3857316863,0.0,140993.34669893066,1232776.2927199071
 08/04  07:00:00,3126329.893040397,323387.5675398352,966177.4915291878,0.0,211586.1955918469,1613617.739952114
 08/04  08:00:00,4729471.498054517,537636.2811910545,1654436.7264327167,0.0,169124.69315830123,2358122.7645069105
 08/04  09:00:00,6995104.984798191,840742.6803723301,2656256.779239875,0.0,124739.67985573882,3364906.6513589686
 08/04  10:00:00,12616490.205375683,1302450.2690578254,4169713.9844930894,0.0,196198.10863971253,6941360.488008032
 08/04  11:00:00,10322501.268409047,1651687.512551868,5323437.138599303,0.0,188504.0651636454,3154360.981976217
 08/04  12:00:00,11251093.709660523,1897514.1812053847,6118135.352777195,0.0,182733.53255659502,3049326.965532837
 08/04  13:00:00,11502556.239826882,2093936.868378541,6731845.293652774,0.0,180810.02168757824,2492862.3516518557
 08/04  14:00:00,11620342.990215499,2197513.0114189517,7028852.203930365,0.0,180810.02168757824,2210066.04872247
 08/04  15:00:00,11364147.083271094,2235490.354039333,7081633.39325161,0.0,114641.24779340067,1928998.4105982364
 08/04  16:00:00,10911674.013654215,2218059.2917861594,6908273.7890912555,0.0,221203.74993693084,1558779.6933247272
 08/04  17:00:00,10296078.292619914,2103258.9475064417,6395820.930321091,0.0,352964.2444645809,1433319.1912975158
 08/04  18:00:00,10813697.757194025,1868629.922778232,5517487.191531135,0.0,423172.3911836938,2990873.541346919
 08/04  19:00:00,11922998.235835217,1622503.846860168,4658035.207098858,0.0,297182.42926309403,5328358.364670538
 08/04  20:00:00,9384250.289177628,1239225.0537768519,3515503.847349561,0.0,369314.0868512236,4236803.531212788
 08/04  21:00:00,4554153.41950079,830009.1318042972,2355259.876015573,0.0,411631.32596959296,929619.7187384834
 08/04  22:00:00,3598967.4143927936,607732.7351520491,1723107.517506563,0.0,355849.5107681061,888309.9347141196
 08/04  23:00:00,2732720.6301259766,467794.4428875132,1324909.351240279,0.0,95406.13910323277,827974.2820847704
 08/04  24:00:00,2211944.3209366896,319566.6390404553,906067.1194506198,0.0,47510.71846471471,925829.0798916061
 08/05  01:00:00,2008205.3289533723,297223.2680987869,841276.0154742394,0.0,47510.71846471471,809224.5628263374
 08/05  02:00:00,1773140.3451564605,238790.94796012354,673529.8420136353,0.0,47510.71846471471,800620.0457610689
 08/05  03:00:00,1586616.147157256,187888.92542269066,527886.702280962,0.0,47510.71846471471,810641.0100319706
 08/05  04:00:00,1483128.5805815253,143699.62609487446,402409.0536212601,0.0,47510.71846471471,876538.4183113822
 08/05  05:00:00,1478060.777132613,108106.82755095961,302837.6524954472,0.0,47510.71846471471,1006916.7876645733
 08/05  06:00:00,1693981.099549608,105760.37185008748,299297.07491728175,0.0,47510.71846471471,1229006.1164929823
 08/05  07:00:00,2276549.8200397356,163336.4974254319,472667.89104759507,0.0,47510.71846471471,1581473.81467458
 08/05  08:00:00,3776180.0382865085,348830.6776477774,1034590.0242218275,0.0,47510.71846471471,2335097.5851866542
 08/05  09:00:00,9173830.768037066,733580.0340711363,2214464.6316205654,0.0,124739.67985573882,6092587.228518347
 08/05  10:00:00,7306957.180908271,969797.0510025388,2981673.6617022827,0.0,196198.10863971253,3152521.0043867137
 08/05  11:00:00,8738749.879732285,1316066.8696282653,4075306.392846141,0.0,188504.0651636454,3154360.981976217
 08/05  12:00:00,9731413.594674729,1573148.4504795324,4880111.944785027,0.0,216635.41162301597,3058134.110198641
 08/05  13:00:00,9631384.463669004,1729875.2411540214,5352765.143173743,0.0,80835.54427043059,2464806.8306146725
 08/05  14:00:00,9923992.045347853,1848009.6281730537,5682004.642308614,0.0,180810.02168757824,2210066.04872247
 08/05  15:00:00,9888055.265687782,1915225.7263396685,5836388.777895782,0.0,181771.77712208664,1951285.3067417326
 08/05  16:00:00,9400080.583094202,1910997.713240556,5753208.8323039645,0.0,186580.55429462862,1543935.9937399095
 08/05  17:00:00,8712993.417522982,1807399.7634977293,5348586.527399884,0.0,200045.13037774613,1346247.0172173374
 08/05  18:00:00,7537704.003820288,1564679.4132675966,4536102.912289867,0.0,235630.08145455676,1187756.8864542216
 08/05  19:00:00,6193504.583454583,1251968.836475727,3562798.6459638416,0.0,297182.42926309403,1064636.283809363
 08/05  20:00:00,4880562.446377899,922009.736306071,2597920.4483648543,0.0,369314.0868512236,967914.4048685454
 08/05  21:00:00,3676787.9309307304,661615.6383959849,1858429.9528338974,0.0,229571.02221715383,899537.9505108506
 08/05  22:00:00,2710377.822765399,469389.347134782,1317262.8927612654,0.0,47510.71846471471,852247.1481526807
 08/05  23:00:00,2209781.1717821467,346825.88219589245,972374.5593544833,0.0,47510.71846471471,826433.5969568748
 08/05  24:00:00,1754175.016404939,201662.34867591242,566202.1052834118,0.0,47510.71846471471,925829.0798916061
 08/06  01:00:00,1601280.239483654,192232.38720286137,539341.8069004465,0.0,47510.71846471471,809224.5628263374
 08/06  02:00:00,1408541.4011693066,143816.29481439953,403623.57803982956,0.0,47510.71846471471,800620.0457610689
 08/06  03:00:00,1312474.0808746142,116009.03560736924,325342.55268126563,0.0,47510.71846471471,810641.0100319706
 08/06  04:00:00,1272334.990293276,88199.07510070411,247116.01432718115,0.0,47510.71846471471,876538.4183113822
 08/06  05:00:00,1296030.521953598,60781.94342690622,170388.06649949326,0.0,47510.71846471471,1006916.7876645733
 08/06  06:00:00,2642015.4346094285,94475.79955849255,266640.56509921124,0.0,47510.71846471471,2223519.2918538516
 08/06  07:00:00,2466225.351700151,137653.9110747262,395543.6066600022,0.0,293335.40752506047,1630105.3399395798
 08/06  08:00:00,3948708.6243625577,297755.69410662586,874622.387006252,0.0,371237.5977202404,2395787.832161033
 08/06  09:00:00,5632803.040041212,549820.3182225373,1646532.7136718852,0.0,355849.5107681061,3072705.2496721568
 08/06  10:00:00,6945054.985956205,858109.047610943,2602624.158023062,0.0,307280.86132543214,3170837.5100844963
 08/06  11:00:00,8021867.046899674,1153337.5342594357,3521434.868514736,0.0,188504.0651636454,3154360.981976217
 08/06  12:00:00,8967380.419205219,1411930.061686796,4320006.181840478,0.0,182733.53255659502,3049326.965532837
 08/06  13:00:00,9847472.11709866,1602651.32871331,4887972.055335436,0.0,180810.02168757824,3172937.006906201
 08/06  14:00:00,13408119.017972227,1748731.2151616635,5300704.328844826,0.0,180810.02168757824,6174771.747822025
 08/06  15:00:00,11855298.09915667,1833143.4109450812,5517173.106681728,0.0,181771.77712208664,4319826.126819264
 08/06  16:00:00,12871157.887635998,1953429.3611707191,5820249.903223498,0.0,151813.09533715015,4940308.038389487
 08/06  17:00:00,8474898.59247719,1746908.2509171201,5171265.188067077,0.0,200045.13037774613,1346247.0172173374
 08/06  18:00:00,7741814.471007649,1537420.872306426,4482019.815028658,0.0,423172.3911836938,1285384.7090024492
 08/06  19:00:00,6150428.843197315,1233680.777076241,3536601.0994441793,0.0,297182.42926309403,1064636.283809363
 08/06  20:00:00,4961325.271149532,939397.6025975149,2659039.6217860356,0.0,369314.0868512236,967914.4048685454
 08/06  21:00:00,3494799.7601985615,667566.8366616974,1880658.8438894562,0.0,47510.71846471471,869456.1822832179
 08/06  22:00:00,2733978.4563235077,474310.98489039106,1334250.0497695091,0.0,47510.71846471471,852247.1481526807
 08/06  23:00:00,2248595.4985074103,356116.57726189983,1000770.2984842357,0.0,47510.71846471471,826433.5969568748
 08/06  24:00:00,1763520.6537908176,203862.1666761733,573347.9246690298,0.0,47510.71846471471,925829.0798916061
 08/07  01:00:00,1604178.327637644,192967.51965880225,541504.7625984958,0.0,47510.71846471471,809224.5628263374
 08/07  02:00:00,1381821.9078680836,137017.07995406192,383703.299598944,0.0,47510.71846471471,800620.0457610689
 08/07  03:00:00,1204392.0059609648,87867.99734708687,245401.51602789873,0.0,47510.71846471471,810641.0100319706
 08/07  04:00:00,1094251.9386200353,41512.48118429792,115719.55657034638,0.0,47510.71846471471,876538.4183113822
 08/07  05:00:00,1087840.2700298259,6066.33366005877,16913.42434256871,0.0,47510.71846471471,1006916.7876645733
 08/07  06:00:00,1303669.7165141841,4516.863631734349,12766.958291594437,0.0,47510.71846471471,1229006.1164929823
 08/07  07:00:00,2017560.5712118065,72214.80901758876,208664.44135180762,0.0,129548.4570282808,1597545.777313347
 08/07  08:00:00,3624401.2746200254,261960.26277642505,777675.389472035,0.0,209662.68472283008,2365797.824280329
 08/07  09:00:00,5449239.303429974,539370.1974361867,1651116.7575432472,0.0,201968.6412467629,3048888.4594972506
 08/07  10:00:00,7094340.403807245,902769.566857826,2836648.3150107223,0.0,196198.10863971253,3152521.0043867137
 08/07  11:00:00,9102186.269484632,1373095.4403531356,4381996.185005995,0.0,188504.0651636454,3154360.981976217
 08/07  12:00:00,10418274.099715415,1703714.3505381513,5479115.573499321,0.0,182733.53255659502,3049326.965532837
 08/07  13:00:00,10936759.687697303,1962029.503204054,6297956.106697679,0.0,180810.02168757824,2492862.3516518557
 08/07  14:00:00,11127524.720091583,2085849.4747194047,6647697.470505994,0.0,180810.02168757824,2210066.04872247
 08/07  15:00:00,10978014.699011486,2128786.6250287555,6712787.3125304,0.0,181771.77712208664,1951285.3067417326
 08/07  16:00:00,10477363.47402785,2130498.777428427,6610990.659049741,0.0,186580.55429462862,1543935.9937399095
 08/07  17:00:00,9893218.302752549,2017389.29369991,6139110.389434386,0.0,314734.4659428722,1411551.1477774712
 08/07  18:00:00,8711862.637818644,1760227.8962325756,5229260.957913503,0.0,423172.3911836938,1285384.7090024492
 08/07  19:00:00,7299879.733366139,1431610.0008647256,4154053.9668349777,0.0,547238.8422352766,1148648.669826722
 08/07  20:00:00,5926890.070100278,1078874.5351629388,3092551.905377239,0.0,690540.4019770275,1039263.672536861
 08/07  21:00:00,4917395.970752567,809414.6140771639,2313294.998883985,0.0,775174.8802137664,989904.2986781762
 08/07  22:00:00,3513581.6345394314,599299.8759287129,1713251.8718999918,0.0,294297.1629595688,881073.1687049464
 08/07  23:00:00,2647124.0949246343,455080.8200865548,1300334.652076805,0.0,47510.71846471471,826433.5969568748
 08/07  24:00:00,2211727.344743002,317745.8878938068,907670.8944035805,0.0,47510.71846471471,925829.0798916061
 08/08  01:00:00,2006640.6606766807,295370.7704548692,841563.8448414654,0.0,47510.71846471471,809224.5628263374
 08/08  02:00:00,1789135.3279232492,241792.6311507477,686241.1684574238,0.0,47510.71846471471,800620.0457610689
 08/08  03:00:00,1616786.1908502593,194882.6472681549,550781.0509961251,0.0,47510.71846471471,810641.0100319706
 08/08  04:00:00,1473674.2240210262,147194.5761944963,415000.9568806321,0.0,48280.122812321424,850227.8040442823
 08/08  05:00:00,1535084.1012439448,117835.53170874025,332801.66102176835,0.0,86846.51573610806,987167.3868794179
 08/08  06:00:00,1918841.5595659046,130150.20719956502,372635.05182729656,0.0,172154.22277700267,1234033.018128882
 08/08  07:00:00,2434977.3332412755,176783.06476978085,521512.94762908446,0.0,129548.4570282808,1597545.777313347
 08/08  08:00:00,4192382.5672430703,396245.4580689346,1211371.4868025698,0.0,209662.68472283008,2365797.824280329
 08/08  09:00:00,6147809.561032118,694596.8617685597,2194460.350813018,0.0,201968.6412467629,3048888.4594972506
 08/08  10:00:00,8169416.787631845,1109016.0508754025,3576078.956434244,0.0,307280.86132543214,3170837.510084496
 08/08  11:00:00,10331614.698719803,1606483.4916844128,5207726.439752523,0.0,328920.35860187106,3184254.811695358
 08/08  12:00:00,11471591.10750224,1901775.2133858972,6163535.623509499,0.0,318341.04882227874,3084555.544196054
 08/08  13:00:00,11602994.50518119,2101532.168555242,6781915.417135484,0.0,214231.02303674497,2502214.191997583
 08/08  14:00:00,11608460.16367177,2191315.1312691895,7023167.257536396,0.0,180810.02168757824,2210066.04872247
 08/08  15:00:00,11512847.422508549,2248618.270159491,7127788.390896726,0.0,181771.77712208664,1951285.3067417326
 08/08  16:00:00,11076709.416359864,2241163.164366988,7000738.423988956,0.0,255826.94557923306,1573623.392909545
 08/08  17:00:00,10446089.674901452,2127523.8191330833,6521849.414108361,0.0,352964.2444645809,1433319.1912975158
 08/08  18:00:00,9161845.542242534,1863600.1459002988,5575871.612669671,0.0,423172.3911836938,1285384.7090024492
 08/08  19:00:00,7638356.737756191,1510390.9977064943,4413749.974383261,0.0,547238.8422352766,1148648.669826722
 08/08  20:00:00,6173261.60104668,1137525.985545031,3280271.985941548,0.0,690540.4019770275,1039263.672536861
 08/08  21:00:00,4808151.970960336,861159.4843232099,2470177.229483607,0.0,502517.21453063627,944690.8637234066
 08/08  22:00:00,3349881.2657417897,627320.6083345873,1797143.2357435948,0.0,47510.71846471471,852247.1481526807
 08/08  23:00:00,2748959.221317813,480914.433659858,1376336.16489668,0.0,47510.71846471471,826433.5969568748
 08/08  24:00:00,2288964.2069289316,337127.3481911451,965526.2962921719,0.0,47510.71846471471,925829.0798916061
 08/09  01:00:00,2084516.7692082382,314861.3105984819,899949.4132294103,0.0,47510.71846471471,809224.5628263374
 08/09  02:00:00,1862517.2311070252,260138.15749546024,741277.5452964875,0.0,47510.71846471471,800620.0457610689
 08/09  03:00:00,1685501.774180878,212141.79551359348,602237.4860813052,0.0,47510.71846471471,810641.0100319706
 08/09  04:00:00,1587991.7663210877,170032.72681369178,480939.1386420049,0.0,47510.71846471471,876538.4183113822
 08/09  05:00:00,1562085.7324573873,127275.91457945504,360156.1076076149,0.0,67178.61710041139,997042.0872719956
 08/09  06:00:00,1749189.3758935668,119479.66340980813,343323.81789290323,0.0,47510.71846471471,1229006.1164929823
 08/09  07:00:00,2502906.939924886,168318.8145682913,499797.1033118516,0.0,211586.1955918469,1613617.739952114
 08/09  08:00:00,4081367.6949439393,366489.7019362506,1130112.3706361235,0.0,209662.68472283008,2365797.824280329
 08/09  09:00:00,6120545.484184548,682416.9601093662,2179376.1756246425,0.0,201968.6412467629,3048888.4594972506
 08/09  10:00:00,8163673.142945061,1124530.4318949047,3684220.1891114595,0.0,196198.10863971253,3152521.0043867137
 08/09  11:00:00,10670595.946599256,1700022.7997714467,5623478.502702309,0.0,188504.0651636454,3154360.981976217
 08/09  12:00:00,12153330.873772305,2063355.8857461284,6854530.812348231,0.0,182733.53255659502,3049326.965532837
 08/09  13:00:00,12801751.63681373,2345461.466367555,7779516.092650605,0.0,180810.02168757824,2492862.3516518557
 08/09  14:00:00,12995783.412460137,2464943.1972542377,8136862.440339715,0.0,180810.02168757824,2210066.04872247
 08/09  15:00:00,12680083.821671309,2467799.999999999,8075843.06021898,0.0,181771.77712208664,1951285.3067417326
 08/09  16:00:00,12136773.58469629,2467799.999999999,7933099.547146608,0.0,186580.55429462862,1543935.9937399095
 08/09  17:00:00,14555892.47768633,2463049.0269134785,7704701.122678341,0.0,238274.9088994548,4139434.4132971456
 08/09  18:00:00,14962172.010429623,2227396.104056343,6748680.041839536,0.0,423172.3911836938,5549106.789863624
 08/09  19:00:00,13136708.640014296,1817317.9450877092,5341452.848398976,0.0,547238.8422352766,5412370.750687897
 08/09  20:00:00,9071485.765574517,1350574.3102446091,3905004.1301936447,0.0,690540.4019770275,3099707.3681130246
 08/09  21:00:00,5233663.601423141,940645.587404607,2710245.7233190485,0.0,593403.1030916796,959762.0087083298
 08/09  22:00:00,3913753.521611059,699684.5529638351,2013039.081936498,0.0,294297.1629595688,881073.1687049464
 08/09  23:00:00,2977617.7202607226,531935.823067453,1529255.2215487882,0.0,71458.42878397374,827203.9395208226
 08/09  24:00:00,2491651.8197935517,388876.0797945447,1116465.1775533922,0.0,47510.71846471471,925829.0798916061
 08/10  01:00:00,2224242.751083933,351267.37455195264,1003269.3311516339,0.0,47510.71846471471,809224.5628263374
 08/10  02:00:00,1982957.0348190973,292089.373581551,829766.1329224686,0.0,47510.71846471471,800620.0457610689
 08/10  03:00:00,1779901.7506889994,237530.6430226079,671248.6150804124,0.0,47510.71846471471,810641.0100319706
 08/10  04:00:00,1662344.4555950272,190060.53175754874,535264.0229720877,0.0,47510.71846471471,876538.4183113822
 08/10  05:00:00,1647461.1579594929,152576.96539706617,430023.6805352281,0.0,47510.71846471471,1006916.7876645733
 08/10  06:00:00,1946597.1732171166,137311.45120442024,393229.4214736534,0.0,172154.22277700267,1234033.018128882
 08/10  07:00:00,2543271.1651987713,178432.43201232652,530047.7111417016,0.0,211586.1955918469,1613617.739952114
 08/10  08:00:00,4776262.841919948,407854.301080741,1263735.7732916577,0.0,371237.5977202404,2724130.0564589035
 08/10  09:00:00,12837634.426165272,860612.4404801646,2757519.681981185,0.0,355849.5107681061,8855757.545229293
 08/10  10:00:00,12361107.689754708,1288127.979433889,4221172.086373776,0.0,344308.44555400533,6501295.769480766
 08/10  11:00:00,10886100.725668874,1715604.1950523132,5653091.763333693,0.0,328920.35860187106,3184254.811695358
 08/10  12:00:00,12110438.393123087,2032167.8022769974,6671990.320239244,0.0,318341.04882227874,3084555.544196054
 08/10  13:00:00,12450452.39267642,2256546.1197925527,7346040.82830872,0.0,314494.0270842451,2530269.713034766
 08/10  14:00:00,12566148.512168547,2364985.091048753,7640218.593573836,0.0,314494.0270842451,2243349.0960055785
 08/10  15:00:00,12493506.12248753,2424945.411589338,7752900.396327696,0.0,316417.5379532619,1995859.0990287247
 08/10  16:00:00,11876941.49069764,2399863.448328457,7543336.423911024,0.0,325073.3368638375,1603310.7920791805
 08/10  17:00:00,10782720.642483452,2201497.08630041,6784507.114523036,0.0,352964.2444645809,1433319.1912975158
 08/10  18:00:00,9286324.193248305,1887245.826653031,5676704.582922709,0.0,423172.3911836938,1285384.7090024492
 08/10  19:00:00,8228424.739427348,1517208.0194311785,4460867.6494750995,0.0,547238.8422352766,1684781.974681356
 08/10  20:00:00,6140868.523958258,1123057.5422430432,3262347.3521551145,0.0,690540.4019770275,1039263.672536861
 08/10  21:00:00,7034634.396238392,908967.5515888912,2625491.6545136124,0.0,775174.8802137664,2695393.131022646
 08/10  22:00:00,8476700.69485833,794559.4708380535,2286406.375154223,0.0,232456.28852067902,5137619.005299162
 08/10  23:00:00,3185191.698488144,534822.2218174456,1542737.9360711693,0.0,119353.8494224918,970513.3838373522
 08/10  24:00:00,2583135.506133168,403663.4929021015,1164954.6023774487,0.0,83191.84508497614,918354.801679348
 08/11  01:00:00,2280999.7823949354,364707.5261753428,1050195.4188268036,0.0,53473.602158666756,799652.4711448282
 08/11  02:00:00,2066585.43340945,311447.1244839699,894318.7537427787,0.0,47510.71846471471,800620.0457610689
 08/11  03:00:00,1895757.227309871,265324.1871359102,759592.5207203575,0.0,47510.71846471471,810641.0100319706
 08/11  04:00:00,1803463.692444459,226318.4824756443,646510.6115832971,0.0,47703.06955161638,869960.7647446071
 08/11  05:00:00,1832967.4531618867,198203.55934479745,567647.5967308831,0.0,47510.71846471471,1006916.7876645733
 08/11  06:00:00,2070173.0241691126,199585.76818623772,581663.6032006358,0.0,47510.71846471471,1229006.1164929823
 08/11  07:00:00,2658000.383926709,252905.40184260855,764549.550517392,0.0,47510.71846471471,1581473.81467458
 08/11  08:00:00,4281465.522794979,456385.42112074187,1432320.7652573327,0.0,47510.71846471471,2335097.5851866542
 08/11  09:00:00,6620780.967063666,794526.2580333957,2566938.4143149788,0.0,201968.6412467629,3048888.4594972506
 08/11  10:00:00,8305044.192894199,1191735.5368859235,3931641.8167898376,0.0,47510.71846471471,3127388.7655767007
 08/11  11:00:00,13043716.008152574,1795274.292419043,5954314.499960049,0.0,188359.80184846913,5101255.843806999
 08/11  12:00:00,14610954.02496744,2179851.9599784478,7243901.228278343,0.0,149024.0045770758,5034793.154545064
 08/11  13:00:00,12440221.930530429,2295559.8220212134,7638594.69531942,0.0,47510.71846471471,2455454.9902689448
 08/11  14:00:00,12922848.352250038,2445131.4510049066,8083739.12637895,0.0,180810.02168757824,2210066.04872247
 08/11  15:00:00,12508089.320328437,2467799.999999999,8082683.409820472,0.0,47510.71846471471,1906711.5144547403
 08/11  16:00:00,12004829.856770124,2467799.999999999,7949275.056210964,0.0,82278.17742219318,1500119.133621825
 08/11  17:00:00,11189070.092045547,2323355.078782052,7308707.886638125,0.0,200045.13037774613,1346247.0172173374
 08/11  18:00:00,9712665.465474606,1964821.944513366,6015860.767740101,0.0,329401.2363191253,1389046.8065479677
 08/11  19:00:00,12045797.848736972,1620694.9633601203,4831108.486020125,0.0,484724.73899223097,5092351.2724219365
 08/11  20:00:00,10327553.096058175,1264044.6070711266,3720717.5830014823,0.0,690540.4019770275,4628846.734021335
 08/11  21:00:00,5569014.967860723,958080.6664481779,2818221.7555477596,0.0,775174.8802137664,989904.2986781762
 08/11  22:00:00,4429372.5229138555,749582.5881980355,2205295.4315285063,0.0,540506.5541937179,910020.2327416396
 08/11  23:00:00,3408099.851304676,601377.7214983026,1767225.0938397609,0.0,191389.33146717056,831471.2896892605
 08/11  24:00:00,2882161.639850581,481941.6615627471,1413909.4158422193,0.0,47510.71846471471,925829.0798916061
 08/12  01:00:00,2574544.3751217984,434418.8072908514,1270419.522450601,0.0,47510.71846471471,809224.5628263374
 08/12  02:00:00,2365897.9314309545,384208.4039902717,1120869.972257981,0.0,47510.71846471471,800620.0457610689
 08/12  03:00:00,2234421.0536278216,348375.2722482689,1015205.2619259494,0.0,47510.71846471471,810641.0100319706
 08/12  04:00:00,2188349.2679562205,319851.4268403702,931477.9402504594,0.0,47510.71846471471,876538.4183113822
 08/12  05:00:00,2236602.6397044323,298201.7987419183,871284.543876308,0.0,47510.71846471471,1006916.7876645733
 08/12  06:00:00,2489722.342951332,301487.22847927705,899311.4616898159,0.0,47510.71846471471,1229006.1164929823
 08/12  07:00:00,3108752.21506935,357042.80800718814,1111163.9754954532,0.0,47510.71846471471,1581473.81467458
 08/12  08:00:00,4922887.71086498,593971.2792258239,1936157.095222253,0.0,47510.71846471471,2335097.5851866542
 08/12  09:00:00,7500235.410459231,968316.4671823025,3272602.6485616365,0.0,201968.6412467629,3048888.4594972506
 08/12  10:00:00,9722526.254503462,1433952.6998265493,4933087.086473464,0.0,196198.10863971253,3152521.0043867137
 08/12  11:00:00,12787888.316554371,2039132.842920706,7025959.254936283,0.0,82759.05513944739,3635525.593439921
 08/12  12:00:00,19533295.426765274,2467799.999999999,8488095.474995896,0.0,182733.53255659502,8391282.74162427
 08/12  13:00:00,13660023.278849078,2467799.999999999,8515449.20105351,0.0,180810.02168757824,2492862.3516518557
 08/12  14:00:00,13397126.26424945,2467799.999999999,8493606.726213325,0.0,214231.02303674497,2218386.8105432475
 08/12  15:00:00,13207326.416258095,2467799.999999999,8423866.101687597,0.0,316417.5379532619,1995859.0990287247
 08/12  16:00:00,12700661.853830896,2467799.999999999,8299120.235372738,0.0,325073.3368638375,1603310.7920791805
 08/12  17:00:00,12242666.260936718,2467799.999999999,8097863.490227844,0.0,276504.68742116354,1389783.1042574267
 08/12  18:00:00,11714631.283215214,2399634.4773772503,7592904.995297774,0.0,423172.3911836938,1285384.7090024492
 08/12  19:00:00,9505080.212679423,1913237.1054205354,5879037.207254333,0.0,547238.8422352766,1148648.669826722
 08/12  20:00:00,7590243.859388895,1450375.1264540101,4386660.888433792,0.0,690540.4019770275,1039263.672536861
 08/12  21:00:00,5995975.615019302,1124553.964782635,3396580.20500978,0.0,502517.21453063627,944690.8637234066
 08/12  22:00:00,5197054.74993901,908072.6147515187,2761301.86297315,0.0,294297.1629595688,1209415.3930028165
 08/12  23:00:00,9848949.545813832,823865.191615806,2517809.420863758,0.0,143301.55974175083,6347336.958782338
 08/12  24:00:00,3856092.0808858173,697944.8554991919,2143629.8145330073,0.0,83191.84508497614,918354.801679348
 08/13  01:00:00,3363710.238499622,613569.6350376287,1887652.9740567612,0.0,59436.4858526188,790080.3794633192
 08/13  02:00:00,4332366.127968104,585115.4092669898,1795916.1850531406,0.0,47510.71846471471,1890853.0510939644
 08/13  03:00:00,3020301.229332025,536859.5108015703,1642043.923098407,0.0,47510.71846471471,780916.3128780391
 08/13  04:00:00,2991367.3273274032,507144.80936656496,1547202.6170954471,0.0,47510.71846471471,876538.4183113822
 08/13  05:00:00,3010043.4463872192,476908.47886632395,1458481.2572505777,0.0,67178.61710041139,997042.0872719956
 08/13  06:00:00,3316535.2020033826,462924.9162120787,1437553.9852522607,0.0,172154.22277700267,1234033.018128882
 08/13  07:00:00,4211239.542116931,519563.93294326414,1660410.9632875642,0.0,375084.619458274,1646592.9399270457
 08/13  08:00:00,5735974.104806498,686370.0538233989,2273273.5077334186,0.0,371237.5977202404,2395787.832161033
 08/13  09:00:00,9597143.565422319,1025058.8965901876,3518994.658188995,0.0,278909.0760074345,4766285.686929174
 08/13  10:00:00,12646359.334982783,1535708.7402859877,5410680.92828445,0.0,196198.10863971253,5497568.14886036
 08/13  11:00:00,12941400.279925235,2103697.334609801,7490608.301189929,0.0,188504.0651636454,3154360.981976217
 08/13  12:00:00,14364382.917266294,2435328.6328738607,8693610.108714491,0.0,182733.53255659502,3049326.965532837
 08/13  13:00:00,13959413.272740755,2467799.999999999,8814839.194945186,0.0,180810.02168757824,2492862.3516518557
 08/13  14:00:00,13636622.510091025,2467799.999999999,8774844.735224843,0.0,180810.02168757824,2210066.04872247
 08/13  15:00:00,13311144.779772917,2467799.999999999,8706904.018320587,0.0,181771.77712208664,1951285.3067417326
 08/13  16:00:00,13904416.246048894,2467799.999999999,8607295.242684104,0.0,255826.94557923306,2568136.568270414
 08/13  17:00:00,12721348.503509015,2467799.999999999,8456832.061849011,0.0,352964.2444645809,1433319.1912975158
 08/13  18:00:00,12372919.322545394,2467799.999999999,8182745.53887283,0.0,423172.3911836938,1285384.7090024492
 08/13  19:00:00,10684887.193428008,2134566.518545454,6836104.909216119,0.0,547238.8422352766,1148648.669826722
 08/13  20:00:00,10629613.011356119,1675004.1862855032,5259531.287762744,0.0,690540.4019770275,2978877.5802846304
 08/13  21:00:00,8227722.40657674,1343090.728517203,4181737.978210673,0.0,775174.8802137664,1898111.6407356225
 08/13  22:00:00,5629776.203504776,1079151.0281389577,3349823.2935432293,0.0,294008.6363292163,881133.6904471602
 08/13  23:00:00,4575941.932852319,898058.1666545279,2786175.1434365176,0.0,47510.71846471471,826433.5969568748
 08/13  24:00:00,4305001.565735976,809925.2938913067,2508765.7093990543,0.0,47510.71846471471,925829.0798916061
 08/14  01:00:00,3747036.080692552,702454.2814023849,2174875.7539098207,0.0,47510.71846471471,809224.5628263374
 08/14  02:00:00,3483800.868570187,641316.0740110729,1981383.2662440373,0.0,47510.71846471471,800620.0457610689
 08/14  03:00:00,3294977.0050185653,594388.5552912939,1829465.9571412918,0.0,47510.71846471471,810641.0100319706
 08/14  04:00:00,3199304.6267989166,556247.8066189927,1706036.9193145332,0.0,47510.71846471471,876538.4183113822
 08/14  05:00:00,3202563.1088534147,519997.04115969304,1598119.1591802854,0.0,86846.51573610806,987167.3868794179
 08/14  06:00:00,3577434.9326566234,523137.50140802446,1638241.1307095555,0.0,172154.22277700267,1234033.018128882
 08/14  07:00:00,4375870.076036029,596334.7720278755,1944744.2819634096,0.0,211586.1955918469,1613617.739952114
 08/14  08:00:00,7043503.127504282,889890.868952845,3032713.3313252362,0.0,209662.68472283008,2901931.1291349633
 08/14  09:00:00,9287128.350165626,1331010.0215396276,4697365.980175459,0.0,201968.6412467629,3048888.4594972506
 08/14  10:00:00,11924728.001781942,1871207.3214658776,6742053.0656236205,0.0,159026.26109596307,3146237.9446842107
 08/14  11:00:00,17386760.68779216,2434619.899722876,8833626.791384019,0.0,188504.0651636454,5925780.3345359815
 08/14  12:00:00,15052306.942689685,2467799.999999999,9064459.318114258,0.0,182733.53255659502,3333930.4144303207
 08/14  13:00:00,14085914.03126979,2467799.999999999,9112046.61808,0.0,47510.71846471471,2455454.9902689448
 08/14  14:00:00,13821789.750728434,2467799.999999999,9085481.412151458,0.0,80835.54427043059,2184571.089850411
 08/14  15:00:00,13608428.448852185,2467799.999999999,9004187.687399853,0.0,181771.77712208664,1951285.3067417326
 08/14  16:00:00,13063863.00239018,2467799.999999999,8860188.964840498,0.0,186580.55429462862,1543935.9937399095
 08/14  17:00:00,12725041.764099503,2467799.999999999,8640518.788564757,0.0,238274.9088994548,1368015.0607373822
 08/14  18:00:00,12528536.599325737,2467799.999999999,8338362.815653173,0.0,423172.3911836938,1285384.7090024492
 08/14  19:00:00,12213545.829572544,2467799.999999999,8031530.063906108,0.0,547238.8422352766,1148648.669826722
 08/14  20:00:00,10504858.730859932,2082037.628098886,6667357.473200945,0.0,690540.4019770275,1039263.672536861
 08/14  21:00:00,8646596.96162184,1631168.731352719,5220741.872477703,0.0,775174.8802137664,989904.2986781762
 08/14  22:00:00,7026409.109740682,1336532.7109599556,4282479.170616868,0.0,478954.2063851806,902783.4667324664
 08/14  23:00:00,5692077.936911723,1130359.626482598,3620573.5819014357,0.0,95406.13910323277,827974.2820847704
 08/14  24:00:00,5395002.969634393,1052022.6165232202,3356669.790665557,0.0,47510.71846471471,925829.0798916061
 08/15  01:00:00,4712632.653659976,919104.326144982,2923822.2821346484,0.0,47510.71846471471,809224.5628263374
 08/15  02:00:00,4397050.765600257,848743.8837747364,2687205.353510442,0.0,47510.71846471471,800620.0457610689
 08/15  03:00:00,4179118.9431119454,795242.6820007865,2512753.7685251795,0.0,47510.71846471471,810641.0100319706
 08/15  04:00:00,4077023.795989519,754618.561103415,2385385.3340207133,0.0,47510.71846471471,876538.4183113822
 08/15  05:00:00,4103730.7506402065,727758.2435494824,2311111.9950635256,0.0,47510.71846471471,1006916.7876645733
 08/15  06:00:00,7937495.172347794,834455.497724327,2695795.7756012706,0.0,109832.47062085869,4287542.36876818
 08/15  07:00:00,5182681.226809108,813334.054242105,2730775.552926926,0.0,47510.71846471471,1581473.81467458
 08/15  08:00:00,7267979.94878867,1090613.995387531,3785452.536381364,0.0,47510.71846471471,2335097.5851866542
 08/15  09:00:00,10110597.06462363,1541607.2751463652,5489343.428681076,0.0,47510.71846471471,3024240.394624947
 08/15  10:00:00,12839960.586246308,2090669.6422017913,7568188.05109083,0.0,47510.71846471471,3127388.7655767007
 08/15  11:00:00,14709137.338842677,2467799.999999999,9023031.533053778,0.0,82759.05513944739,3131317.153663813
 08/15  12:00:00,14800143.566216676,2467799.999999999,9096899.390538733,0.0,182733.53255659502,3049326.965532837
 08/15  13:00:00,14242693.382960822,2467799.999999999,9098119.305165254,0.0,180810.02168757824,2492862.3516518557
 08/15  14:00:00,13920165.947272597,2467799.999999999,9058388.172406415,0.0,180810.02168757824,2210066.04872247
 08/15  15:00:00,13595111.622280464,2467799.999999999,8990870.860828135,0.0,181771.77712208664,1951285.3067417326
 08/15  16:00:00,13071205.849914813,2467799.999999999,8867531.812365133,0.0,186580.55429462862,1543935.9937399095
 08/15  17:00:00,12669759.302851407,2467799.999999999,8645234.149358414,0.0,200045.13037774613,1346247.0172173374
 08/15  18:00:00,12178458.498542814,2467799.999999999,8273454.847147614,0.0,235630.08145455676,1187756.8864542216
 08/15  19:00:00,11618296.944214452,2467799.999999999,7853978.820415844,0.0,234764.50156349922,1043425.3686306736
 08/15  20:00:00,9606493.74310378,2108977.290038988,6527659.998869209,0.0,47510.71846471471,896686.1806846568
 08/15  21:00:00,8433867.249435442,1584693.806959206,4908086.187467958,0.0,47510.71846471471,1863969.3576440872
 08/15  22:00:00,6433838.739784757,1269458.8797666007,3963349.973307429,0.0,294297.1629595688,881073.1687049464
 08/15  23:00:00,5430619.361521261,1069077.2294331985,3370961.29779396,0.0,143301.55974175083,829514.967212666
 08/15  24:00:00,5154531.520971997,991619.6152994428,3148394.4948189366,0.0,83191.84508497614,918354.801679348
 08/16  01:00:00,4531526.479227936,873419.8350744833,2788400.598773107,0.0,47510.71846471471,809224.5628263374
 08/16  02:00:00,4272059.86756719,815599.2371775659,2595359.1020745463,0.0,47510.71846471471,800620.0457610689
 08/16  03:00:00,4063926.499861282,768749.9483436517,2424054.0589316506,0.0,47510.71846471471,810641.0100319706
 08/16  04:00:00,3925191.8257524003,725870.7310135607,2262301.1938734488,0.0,47510.71846471471,876538.4183113822
 08/16  05:00:00,3874475.208744376,686374.8091762563,2123239.8875409216,0.0,47510.71846471471,1006916.7876645733
 08/16  06:00:00,6547560.333273992,744991.1206611543,2308779.8249863023,0.0,109832.47062085869,3374087.8573725177
 08/16  07:00:00,11048142.93229192,851597.7977729582,2691559.581030194,0.0,211586.1955918469,7283812.271396138
 08/16  08:00:00,9254088.981939591,1050398.973536996,3413773.508307077,0.0,371237.5977202404,4409373.789006871
 08/16  09:00:00,9303844.764080612,1347908.544993289,4519486.210940533,0.0,355849.5107681061,3072705.2496721568
 08/16  10:00:00,11585137.110725556,1813849.146576842,6243833.097698679,0.0,344308.44555400533,3176943.011983757
 08/16  11:00:00,14267539.536006248,2390127.1658825222,8360007.602840858,0.0,328920.35860187106,3184254.811695358
 08/16  12:00:00,14668022.2727259,2467799.999999999,8793942.002119057,0.0,318341.04882227874,3084555.544196054
 08/16  13:00:00,14062010.212787185,2467799.999999999,8874663.293296723,0.0,214231.02303674497,2502214.191997583
 08/16  14:00:00,13874099.75241036,2467799.999999999,8845354.924864404,0.0,314494.0270842451,2243349.0960055785
 08/16  15:00:00,13507944.091511682,2467799.999999999,8724483.776941184,0.0,316417.5379532619,1995859.0990287247
 08/16  16:00:00,12943301.091917694,2467799.999999999,8541759.473459534,0.0,325073.3368638375,1603310.7920791805
 08/16  17:00:00,12539168.32323029,2467799.999999999,8274651.881570286,0.0,352964.2444645809,1433319.1912975158
 08/16  18:00:00,12113404.264452128,2467799.999999999,7923230.480779566,0.0,423172.3911836938,1285384.7090024492
 08/16  19:00:00,11291352.349162024,2344272.8277831534,7232863.755712433,0.0,547238.8422352766,1148648.669826722
 08/16  20:00:00,8451023.88849035,1746851.3569109552,5341284.484813416,0.0,369314.0868512236,967914.4048685454
 08/16  21:00:00,6386196.658301648,1333725.8795598466,4105896.6990943933,0.0,47510.71846471471,869456.1822832179
 08/16  22:00:00,5372809.936628795,1084235.7753894082,3363156.7395757795,0.0,47510.71846471471,852247.1481526807
 08/16  23:00:00,4710709.080518651,928032.6775512141,2890967.7802061625,0.0,47510.71846471471,826433.5969568748
 08/16  24:00:00,4510909.65258478,856784.6929965876,2667814.397142578,0.0,47510.71846471471,925829.0798916061
 08/17  01:00:00,3987726.5727382144,758969.2160885632,2359051.311269305,0.0,47510.71846471471,809224.5628263374
 08/17  02:00:00,3739147.1068006246,702819.5042870026,2175226.0741985445,0.0,47510.71846471471,800620.0457610689
 08/17  03:00:00,3548823.6180694685,656166.4064991887,2021534.7189843,0.0,47510.71846471471,810641.0100319706
 08/17  04:00:00,3378580.411610959,599149.0748300357,1842411.4359155323,0.0,47510.71846471471,876538.4183113822
 08/17  05:00:00,3373294.1755088177,564978.8761263172,1743454.7873553024,0.0,47510.71846471471,1006916.7876645733
 08/17  06:00:00,3520913.580039672,539273.3412013827,1695254.344247434,0.0,47510.71846471471,1229006.1164929823
 08/17  07:00:00,4277449.339996232,596938.8015043755,1943829.2176494473,0.0,129548.4570282808,1597545.777313347
 08/17  08:00:00,5835205.664937939,737825.0067809348,2512615.0357854385,0.0,209662.68472283008,2365797.824280329
 08/17  09:00:00,7642343.565975227,960753.2743169176,3422837.943207769,0.0,201968.6412467629,3048888.4594972506
 08/17  10:00:00,9594767.577519383,1340071.136857932,4899773.918722753,0.0,196198.10863971253,3152521.0043867137
 08/17  11:00:00,12764740.440837221,2025897.3674875577,7391748.429224161,0.0,188504.0651636454,3154360.981976217
 08/17  12:00:00,14657006.733220987,2426083.718892604,8843002.829830805,0.0,182733.53255659502,3201802.974352469
 08/17  13:00:00,18153847.226560205,2467799.999999999,9044567.44966508,0.0,180810.02168757824,6457568.0507514095
 08/17  14:00:00,17522563.885008473,2467799.999999999,9071203.048657818,0.0,180810.02168757824,5799649.110206943
 08/17  15:00:00,13630848.411331961,2467799.999999999,9026607.64987963,0.0,181771.77712208664,1951285.3067417326
 08/17  16:00:00,13118425.80661248,2467799.999999999,8914751.7690628,0.0,186580.55429462862,1543935.9937399095
 08/17  17:00:00,12806479.305671839,2467799.999999999,8721956.330137093,0.0,238274.9088994548,1368015.0607373822
 08/17  18:00:00,12369558.990724456,2467799.999999999,8393262.806259915,0.0,282515.65888684103,1212163.8420912786
 08/17  19:00:00,12888505.235997252,2467799.999999999,8005058.714672272,0.0,547238.8422352766,1850079.4254852675
 08/17  20:00:00,12785923.876648456,2238691.4024910023,7037953.933244805,0.0,369314.0868512236,3114304.899015215
 08/17  21:00:00,8251445.013313909,1668423.773151537,5212163.016554821,0.0,411631.32596959296,929619.7187384834
 08/17  22:00:00,6319349.209196181,1309278.821174711,4084652.966357863,0.0,47510.71846471471,852247.1481526807
 08/17  23:00:00,5358631.461661303,1083758.1350610345,3383164.7038389947,0.0,47510.71846471471,826433.5969568748
 08/17  24:00:00,4997417.09135858,972966.6345293537,3038139.894383611,0.0,47510.71846471471,925829.0798916061
 08/18  01:00:00,4363685.205539503,844576.9941388067,2649402.1660203505,0.0,47510.71846471471,809224.5628263374
 08/18  02:00:00,4086803.245127439,776841.9510884687,2449141.738856269,0.0,47510.71846471471,800620.0457610689
 08/18  03:00:00,3931955.852348723,733642.4358120298,2327472.8970830897,0.0,47510.71846471471,810641.0100319706
 08/18  04:00:00,3832855.785153758,690914.406704664,2204921.4775837027,0.0,47510.71846471471,876538.4183113822
 08/18  05:00:00,3907165.4692878993,675345.2512737897,2164703.920927904,0.0,47510.71846471471,1006916.7876645733
 08/18  06:00:00,4235111.556871296,691128.1636843763,2255059.740404681,0.0,47510.71846471471,1229006.1164929823
 08/18  07:00:00,5109295.659794616,791722.585106724,2677027.6431211834,0.0,47510.71846471471,1581473.81467458
 08/18  08:00:00,7653167.164231859,1123006.2839379793,3944549.3385251863,0.0,209662.68472283008,2365797.824280329
 08/18  09:00:00,10964489.602582686,1657674.10878147,6047499.199085926,0.0,201968.6412467629,3048888.4594972506
 08/18  10:00:00,14420852.952494152,2315121.2092187423,8750245.27507196,0.0,196198.10863971253,3152521.0043867137
 08/18  11:00:00,15446072.747238448,2467799.999999999,9630896.129980572,0.0,188504.0651636454,3154360.981976217
 08/18  12:00:00,15643826.399714673,2467799.999999999,9745397.191484872,0.0,216635.41162301594,3210610.1190182734
 08/18  13:00:00,20621377.32324583,2467799.999999999,9693750.949893126,0.0,180810.02168757824,8275914.647208989
 08/18  14:00:00,16131818.424929682,2467799.999999999,9549445.111005014,0.0,281073.0257350784,3830398.5837334553
 08/18  15:00:00,14080435.00062199,2467799.999999999,9341779.574331034,0.0,282756.0977454681,1984715.6509569767
 08/18  16:00:00,13364384.372757334,2467799.999999999,9111243.439980537,0.0,221203.74993693084,1558779.6933247272
 08/18  17:00:00,12844618.187538385,2467799.999999999,8819811.060913019,0.0,200045.13037774613,1346247.0172173374
 08/18  18:00:00,12361001.957168845,2467799.999999999,8456280.278906021,0.0,235630.08145455676,1187756.8864542216
 08/18  19:00:00,12271588.874512136,2467799.999999999,8090982.97450758,0.0,547238.8422352766,1148648.669826722
 08/18  20:00:00,12053938.707419224,2467799.999999999,7832930.862918131,0.0,690540.4019770275,1039263.672536861
 08/18  21:00:00,10256115.349692672,2063500.6713165743,6505859.1660572775,0.0,684288.991652723,974833.1536932529
 08/18  22:00:00,7750516.215076853,1569648.8159076066,4981529.351252776,0.0,294297.1629595688,881073.1687049464
 08/18  23:00:00,6475996.929410483,1309198.9980908718,4177344.9895550124,0.0,143301.55974175083,829514.967212666
 08/18  24:00:00,6037429.101488044,1195878.3041739806,3827033.3864604454,0.0,83191.84508497614,918354.801679348
 08/19  01:00:00,5223480.043241378,1035424.7550823705,3325567.6587537765,0.0,59436.4858526188,790080.3794633192
 08/19  02:00:00,4847087.792712012,952935.2260968223,3057464.842979895,0.0,47510.71846471471,776488.2142136625
 08/19  03:00:00,4610764.823293927,891217.4040491377,2848706.8997911857,0.0,47510.71846471471,810641.0100319706
 08/19  04:00:00,4452163.408070639,839894.7720075941,2675248.7351976535,0.0,47510.71846471471,876538.4183113822
 08/19  05:00:00,4420320.6854817765,800741.0810511189,2552463.3073444515,0.0,47510.71846471471,1006916.7876645733
 08/19  06:00:00,5300714.940890721,795410.1138492799,2576822.8621300263,0.0,47510.71846471471,1868564.4286221585
 08/19  07:00:00,5986186.944415788,884895.3775439872,2958626.7202699003,0.0,170567.32631006383,1960536.6218644232
 08/19  08:00:00,7799447.828095626,1168539.246541733,4045297.039785201,0.0,209662.68472283008,2365797.824280329
 08/19  09:00:00,10760730.567468856,1653917.6598903942,5892273.109776758,0.0,163354.16055125085,3042726.4432791746
 08/19  10:00:00,13764646.845160851,2252208.2262048097,8156952.150752593,0.0,196198.10863971253,3152521.0043867137
 08/19  11:00:00,18825397.50189762,2467799.999999999,9068905.392198794,0.0,188504.0651636454,7095676.474417166
 08/19  12:00:00,18442117.290921524,2467799.999999999,9149290.05375911,0.0,182733.53255659502,6638910.027017309
 08/19  13:00:00,14294137.38830989,2467799.999999999,9149563.310514322,0.0,180810.02168757824,2492862.3516518557
 08/19  14:00:00,13946338.208474396,2467799.999999999,9084560.433608213,0.0,180810.02168757824,2210066.04872247
 08/19  15:00:00,13545945.030791596,2467799.999999999,8941704.269339267,0.0,181771.77712208664,1951285.3067417326
 08/19  16:00:00,14095434.309541348,2467799.999999999,8748846.410949437,0.0,290450.1412215353,2582980.2678552317
 08/19  17:00:00,12764133.391863007,2467799.999999999,8499334.977070626,0.0,352964.2444645809,1433319.1912975158
 08/19  18:00:00,12385504.893175129,2467799.999999999,8195613.082634943,0.0,423172.3911836938,1285384.7090024492
 08/19  19:00:00,12081950.962866826,2467799.999999999,7901345.062862272,0.0,547238.8422352766,1148648.669826722
 08/19  20:00:00,11289545.70449164,2306334.0870698136,7230003.772920733,0.0,690540.4019770275,1039263.672536861
 08/19  21:00:00,9136925.614620594,1773861.437613621,5570351.631142188,0.0,775174.8802137664,989904.2986781762
 08/19  22:00:00,7377513.14378193,1422882.6064190783,4480136.0341755375,0.0,540506.5541937179,910020.2327416396
 08/19  23:00:00,5986636.271840727,1192231.4637204306,3754907.7721536844,0.0,191389.33146717056,831471.2896892605
 08/19  24:00:00,5458543.931695677,1078463.5004203,3386718.156727762,0.0,56431.00011978007,923960.5103385416
 08/20  01:00:00,4756154.907780264,938792.2831162917,2947656.579283625,0.0,47510.71846471471,809224.5628263374
 08/20  02:00:00,4420842.183524523,861048.6492130172,2698692.0059964284,0.0,47510.71846471471,800620.0457610689
 08/20  03:00:00,4178389.3727913946,800708.9246976705,2506557.955507744,0.0,47510.71846471471,810641.0100319706
 08/20  04:00:00,3976608.7436594022,736046.5208712718,2303542.32192274,0.0,47510.71846471471,876538.4183113822
 08/20  05:00:00,3947829.862988566,697410.5092682051,2185558.8416931625,0.0,47510.71846471471,1006916.7876645733
 08/20  06:00:00,5280512.587143658,718884.654274605,2280728.862917328,0.0,47510.71846471471,2223519.2918538516
 08/20  07:00:00,5163622.026787942,781277.073364435,2547553.9313787646,0.0,211586.1955918469,1613617.739952114
 08/20  08:00:00,6967544.1487359125,1014499.1421679223,3416492.4355343715,0.0,169124.69315830123,2358122.7645069105
 08/20  09:00:00,9490453.1395513,1424512.2316828384,4941518.050158685,0.0,86125.19916022677,3030402.4108430226
 08/20  10:00:00,12117737.871010672,1965603.2437985872,6971031.7342583975,0.0,47510.71846471471,3127388.7655767007
 08/20  11:00:00,14530652.447833534,2463311.0694734007,8849035.572571233,0.0,82759.05513944739,3131317.153663813
 08/20  12:00:00,16919649.011458807,2467799.999999999,9008017.892333046,0.0,250537.29068943686,5189910.150847813
 08/20  13:00:00,19924918.60363882,2467799.999999999,9068230.127338275,0.0,281073.0257350784,8104713.746109329
 08/20  14:00:00,13896673.247643188,2467799.999999999,9034895.472777005,0.0,180810.02168757824,2210066.04872247
 08/20  15:00:00,13527103.542300992,2467799.999999999,8922862.780848661,0.0,181771.77712208664,1951285.3067417326
 08/20  16:00:00,13587088.76986324,2467799.999999999,8743856.420184385,0.0,186580.55429462862,2183494.3058690857
 08/20  17:00:00,13978953.488399165,2467799.999999999,8483898.721709888,0.0,276504.68742116354,2740317.0733702043
 08/20  18:00:00,12342583.8420719,2467799.999999999,8152410.058399336,0.0,423172.3911836938,1285384.7090024492
 08/20  19:00:00,11999561.036861505,2467799.999999999,7817545.271195069,0.0,547238.8422352766,1148648.669826722
 08/20  20:00:00,10746493.572114784,2219784.8905640775,6869388.9476891365,0.0,610233.8231955766,1021426.3556197821
 08/20  21:00:00,8034359.808903708,1651285.4684553046,5118287.1528308885,0.0,320601.1740933734,914578.8346246671
 08/20  22:00:00,6305495.0828870535,1308572.9986178929,4071504.662605554,0.0,47510.71846471471,852247.1481526807
 08/20  23:00:00,5414052.5855914075,1097510.6537084184,3424833.309121715,0.0,47510.71846471471,826433.5969568748
 08/20  24:00:00,5097780.542348649,997210.2290921229,3114259.750810912,0.0,47510.71846471471,925829.0798916061
 08/21  01:00:00,4483382.802699621,875718.5369607909,2737958.2203584844,0.0,47510.71846471471,809224.5628263374
 08/21  02:00:00,4180378.872634828,805496.922538188,2513780.4217815627,0.0,47510.71846471471,800620.0457610689
 08/21  03:00:00,3966827.9780881535,752016.2751473532,2343689.2103548213,0.0,47510.71846471471,810641.0100319706
 08/21  04:00:00,3864219.278300288,710942.4339147746,2216256.943520122,0.0,47510.71846471471,876538.4183113822
 08/21  05:00:00,3884366.580409099,682570.5181154532,2136935.550266447,0.0,47510.71846471471,1006916.7876645733
 08/21  06:00:00,4277021.61842906,683751.8081766344,2177213.5097133825,0.0,172154.22277700267,1234033.018128882
 08/21  07:00:00,5124422.91998693,755185.944347306,2485263.9922753684,0.0,252316.5382432774,1622069.3586201966
 08/21  08:00:00,6802235.70351609,976208.3384416052,3337687.845378815,0.0,128586.70159377239,2350447.704733492
 08/21  09:00:00,10125660.16610317,1401913.1974636987,4928861.315334297,0.0,201968.6412467629,3585021.764351885
 08/21  10:00:00,11971393.076397516,1892377.1597555126,6724093.394703307,0.0,196198.10863971253,3152521.0043867137
 08/21  11:00:00,14359257.629277233,2429549.656856417,8582613.328295315,0.0,188504.0651636454,3154360.981976217
 08/21  12:00:00,14407727.42798197,2467799.999999999,8704483.252304029,0.0,182733.53255659502,3049326.965532837
 08/21  13:00:00,13718432.726389132,2467799.999999999,8659211.98089645,0.0,114160.37007614647,2474158.6709604003
 08/21  14:00:00,13288976.581548616,2467799.999999999,8594491.388401376,0.0,47510.71846471471,2176072.770226391
 08/21  15:00:00,12912365.636532923,2467799.999999999,8486959.72602496,0.0,47510.71846471471,1906711.5144547403
 08/21  16:00:00,12367390.189591808,2467799.999999999,8311835.389032647,0.0,82278.17742219318,1500119.133621825
 08/21  17:00:00,12356202.90889971,2467799.999999999,8091686.467239704,0.0,352964.2444645809,1433319.1912975158
 08/21  18:00:00,11861742.341732252,2414661.7050038325,7724706.853055853,0.0,423172.3911836938,1285384.7090024492
 08/21  19:00:00,10021570.655149996,1987726.5398912737,6319628.349592288,0.0,547238.8422352766,1148648.669826722
 08/21  20:00:00,8492353.032225631,1608721.6488032518,5128167.7538622795,0.0,690540.4019770275,1039263.672536861
 08/21  21:00:00,7466835.695796259,1351573.8242062603,4320575.5137985805,0.0,775174.8802137664,989904.2986781762
 08/21  22:00:00,6069568.359980409,1160167.399949311,3708371.073320371,0.0,294297.1629595688,881073.1687049464
 08/21  23:00:00,5148325.401827794,1015013.1646291956,3241603.614437323,0.0,47510.71846471471,826433.5969568748
 08/21  24:00:00,5098422.821902007,981960.9143466289,3130151.345109763,0.0,47510.71846471471,925829.0798916061
 08/22  01:00:00,4539296.07733762,873594.0418896296,2795995.9900676445,0.0,47510.71846471471,809224.5628263374
 08/22  02:00:00,4365151.876150449,831322.0857129022,2672728.262122469,0.0,47510.71846471471,800620.0457610689
 08/22  03:00:00,4606699.072906271,807010.0817948384,2600224.274227583,0.0,47510.71846471471,1138983.2343298409
 08/22  04:00:00,10462701.904226592,897088.8265946931,2871082.0911288653,0.0,48280.122812321424,6633280.099601417
 08/22  05:00:00,7984511.688550177,852856.3671256554,2722855.655414076,0.0,86846.51573610806,4311520.144376427
 08/22  06:00:00,4644293.975152621,771495.5920137712,2489159.6840868536,0.0,140993.34669893066,1232776.2927199071
 08/22  07:00:00,5433106.793173108,836366.6368750124,2761949.1342533524,0.0,211586.1955918469,1613617.739952114
 08/22  08:00:00,7326600.612971174,1082195.9840259994,3659639.00657361,0.0,209662.68472283008,2365797.824280329
 08/22  09:00:00,9781239.545476478,1469616.134963169,5052871.062062766,0.0,201968.6412467629,3048888.4594972506
 08/22  10:00:00,12099057.152973372,1955448.677586825,6788685.95344785,0.0,196198.10863971253,3152521.0043867137
 08/22  11:00:00,14327279.756167354,2442330.726726561,8537854.385315293,0.0,188504.0651636454,3154360.981976217
 08/22  12:00:00,14571391.413062152,2467799.999999999,8740020.166187532,0.0,284439.1697558578,3075748.3995302496
 08/22  13:00:00,13931388.665625222,2467799.999999999,8786814.587829653,0.0,180810.02168757824,2492862.3516518557
 08/22  14:00:00,13749745.446839275,2467799.999999999,8762742.382463261,0.0,281073.0257350784,2235028.334184801
 08/22  15:00:00,13446502.901567824,2467799.999999999,8663042.586997326,0.0,316417.5379532619,1995859.0990287247
 08/22  16:00:00,12891440.200914279,2467799.999999999,8489898.58245612,0.0,325073.3368638375,1603310.7920791805
 08/22  17:00:00,12490821.784768265,2467799.999999999,8226305.343108257,0.0,352964.2444645809,1433319.1912975158
 08/22  18:00:00,12080033.584731083,2467799.999999999,7889859.801058521,0.0,423172.3911836938,1285384.7090024492
 08/22  19:00:00,11307196.371115966,2351778.1373773837,7241202.468072148,0.0,547238.8422352766,1148648.669826722
 08/22  20:00:00,8978973.280981418,1782488.0783808527,5441021.573040464,0.0,690540.4019770275,1039263.672536861
 08/22  21:00:00,6930976.652196531,1369674.4594270193,4190443.9691619603,0.0,411631.32596959296,929619.7187384834
 08/22  22:00:00,5721008.7050348045,1111238.8483767756,3408739.969947302,0.0,294297.1629595688,881073.1687049464
 08/22  23:00:00,4827758.950167604,942612.3254365406,2894565.790436961,0.0,143301.55974175083,829514.967212666
 08/22  24:00:00,4470485.259339249,849580.5640234752,2606387.284462156,0.0,83191.84508497614,918354.801679348
 08/23  01:00:00,3952914.4799097525,759075.6650122445,2331351.185492276,0.0,59436.4858526188,790080.3794633192
 08/23  02:00:00,3679579.9521280066,698847.3584154788,2143762.896944857,0.0,47510.71846471471,776488.2142136625
 08/23  03:00:00,3501356.685813742,654075.0518748703,2005883.838506824,0.0,47510.71846471471,780916.3128780391
 08/23  04:00:00,3469021.8309333613,622770.7736977692,1909231.1563702014,0.0,47510.71846471471,876538.4183113822
 08/23  05:00:00,3503282.659776776,599300.7551686764,1839121.3925809013,0.0,47510.71846471471,1006916.7876645733
 08/23  06:00:00,4430463.8655982725,611602.6686835901,1892916.99019465,0.0,47510.71846471471,1868564.4286221585
 08/23  07:00:00,5207321.617360332,689211.0222553262,2181009.491947551,0.0,334210.0134916672,1993304.0031650052
 08/23  08:00:00,6660879.788789737,923724.981265967,3008715.494493618,0.0,330843.8694708879,2388290.3301908574
 08/23  09:00:00,11147238.427216355,1385723.2371652797,4619576.349559816,0.0,355849.5107681061,4778194.082016627
 08/23  10:00:00,12997714.024337668,1887041.7938770226,6405215.73940917,0.0,196198.10863971253,4503054.973499492
 08/23  11:00:00,13886519.64339389,2375282.3553209878,8164142.643947398,0.0,188504.0651636454,3154360.981976217
 08/23  12:00:00,14302927.335930802,2467799.999999999,8599683.16025286,0.0,182733.53255659502,3049326.965532837
 08/23  13:00:00,14436142.196796773,2467799.999999999,8652009.806872029,0.0,180810.02168757824,3132420.663781032
 08/23  14:00:00,14842057.761243816,2467799.999999999,8629746.017264856,0.0,180810.02168757824,3560600.0178352473
 08/23  15:00:00,15031154.744477503,2467799.999999999,8542205.597562535,0.0,316417.5379532619,3701347.9313731953
 08/23  16:00:00,15161332.29103665,2467799.999999999,8414743.528104842,0.0,325073.3368638375,3948357.9365528263
 08/23  17:00:00,12492342.523710858,2467799.999999999,8227826.082050851,0.0,352964.2444645809,1433319.1912975158
 08/23  18:00:00,12173140.85069258,2467799.999999999,7982967.067020018,0.0,423172.3911836938,1285384.7090024492
 08/23  19:00:00,11545649.455334425,2370915.3108018506,7460518.378866137,0.0,547238.8422352766,1148648.669826722
 08/23  20:00:00,9384120.96458926,1850305.8826882145,5778351.452340944,0.0,690540.4019770275,1039263.672536861
 08/23  21:00:00,7847709.2214254895,1471827.3947322038,4581195.468901868,0.0,775174.8802137664,989904.2986781762
 08/23  22:00:00,6161784.83614642,1192040.7249309784,3699925.1106870044,0.0,355849.5107681061,888309.9347141198
 08/23  23:00:00,5152987.262145949,1017880.5768423958,3144525.851009451,0.0,143301.55974175083,829514.967212666
 08/23  24:00:00,4695856.090203413,910701.2483102359,2798844.2794475625,0.0,47510.71846471471,925829.0798916061
 08/24  01:00:00,4148989.1840675035,806426.9406486341,2472856.198038523,0.0,47510.71846471471,809224.5628263374
 08/24  02:00:00,3843818.7068903274,735378.7480524566,2247338.4305227934,0.0,47510.71846471471,800620.0457610689
 08/24  03:00:00,3624128.243960225,679652.8175816378,2073352.9337926083,0.0,47510.71846471471,810641.0100319706
 08/24  04:00:00,3506180.806576364,635122.0691724648,1934038.8365385088,0.0,47510.71846471471,876538.4183113822
 08/24  05:00:00,3482659.7498678793,596687.5061391506,1816215.1325799706,0.0,57344.66778256305,1001979.4374682845
 08/24  06:00:00,3704557.7639326565,577787.467156584,1775549.1992111232,0.0,109832.47062085869,1231519.567310932
 08/24  07:00:00,6728923.634901267,701056.959112265,2202983.372502305,0.0,211586.1955918469,3603710.021194067
 08/24  08:00:00,6282724.956014542,857603.5655831399,2792464.537840307,0.0,250056.41297218268,2373295.326250505
 08/24  09:00:00,8353244.809071543,1137458.111631329,3823761.1042174855,0.0,317379.29338777025,3066751.0521284305
 08/24  10:00:00,11609398.536176493,1493102.4613661922,5142794.53501964,0.0,121854.41355221362,4845443.717326177
 08/24  11:00:00,12823145.98349949,2052376.6832451823,7139071.207231323,0.0,188504.0651636454,3438964.4308737004
 08/24  12:00:00,14084994.88730987,2412821.5463867923,8436729.165245134,0.0,182733.53255659502,3049326.965532837
 08/24  13:00:00,13810649.083987067,2467799.999999999,8666075.006191498,0.0,180810.02168757824,2492862.3516518557
 08/24  14:00:00,13504057.174517868,2467799.999999999,8642279.399651686,0.0,180810.02168757824,2210066.04872247
 08/24  15:00:00,13146896.149680335,2467799.999999999,8542655.388228007,0.0,181771.77712208664,1951285.3067417326
 08/24  16:00:00,15345799.80697392,2467799.999999999,8370706.416864473,0.0,186580.55429462862,4315355.3462996725
 08/24  17:00:00,14733954.95978702,2467799.999999999,8124391.373653367,0.0,352964.2444645809,3778366.335771162
 08/24  18:00:00,11945466.303911664,2467799.999999999,7826585.05330844,0.0,376286.8137514095,1260977.7533653923
 08/24  19:00:00,11007070.582654722,2196415.974067786,6768096.61862263,0.0,547238.8422352766,1476990.8941245922
 08/24  20:00:00,14535590.668921934,1729551.6111652085,5267523.13263949,0.0,690540.4019770275,6822315.968093997
 08/24  21:00:00,8473679.222454756,1334975.1862917417,4066632.53190491,0.0,502372.9512154601,2540091.374143168
 08/24  22:00:00,5187093.86035658,1052538.4182504858,3209138.020442486,0.0,47510.71846471471,852247.1481526807
 08/24  23:00:00,4482832.801365303,888178.420024307,2702945.758579721,0.0,47510.71846471471,826433.5969568748
 08/24  24:00:00,4154621.1365985945,785152.053484061,2383158.5206689187,0.0,47510.71846471471,925829.0798916061
 08/25  01:00:00,3691406.1361333784,700446.7134139475,2121253.377339085,0.0,47510.71846471471,809224.5628263374
 08/25  02:00:00,3434652.602689743,640659.5447679132,1933173.5027391282,0.0,47510.71846471471,800620.0457610689
 08/25  03:00:00,3241548.956050412,591411.4126506776,1779297.0239461316,0.0,47510.71846471471,810641.0100319706
 08/25  04:00:00,3144912.174881042,551409.7928670917,1656482.4811485591,0.0,47510.71846471471,876538.4183113822
 08/25  05:00:00,3152818.52165648,520445.75554182683,1565256.4690284468,0.0,47510.71846471471,1006916.7876645733
 08/25  06:00:00,3358892.942232841,510991.9031798974,1558977.3862707047,0.0,47510.71846471471,1229006.1164929823
 08/25  07:00:00,5261279.327012521,609876.6712196125,1918234.3476629977,0.0,129548.4570282808,2592058.9526742157
 08/25  08:00:00,10389071.171061145,906294.7809055187,2955849.3559459834,0.0,209662.68472283008,6307113.316721278
 08/25  09:00:00,10623760.94813874,1288430.3267409129,4347031.818734178,0.0,201968.6412467629,4777870.9674456045
 08/25  10:00:00,10984317.04092162,1711942.163088385,5916888.4096297845,0.0,196198.10863971253,3152521.0043867137
 08/25  11:00:00,13739446.88159515,2323431.784124082,8068638.4802131895,0.0,188504.0651636454,3154360.981976217
 08/25  12:00:00,14515701.04465714,2467799.999999999,8641620.774050293,0.0,318341.04882227874,3084555.544196054
 08/25  13:00:00,13978596.563001433,2467799.999999999,8662931.118426288,0.0,314494.0270842451,2530269.713034766
 08/25  14:00:00,13486014.363553425,2467799.999999999,8624236.588687243,0.0,180810.02168757824,2210066.04872247
 08/25  15:00:00,13139574.510431753,2467799.999999999,8535333.748979423,0.0,181771.77712208664,1951285.3067417326
 08/25  16:00:00,12683468.87801126,2467799.999999999,8380861.050007338,0.0,255826.94557923306,1573623.392909545
 08/25  17:00:00,14424346.35446815,2467799.999999999,8169455.658433814,0.0,352964.2444645809,3423411.472539469
 08/25  18:00:00,12078190.746192688,2467799.999999999,7888298.9356525,0.0,423172.3911836938,1285384.7090024492
 08/25  19:00:00,10565669.100471132,2154414.066417559,6698449.134049018,0.0,547238.8422352766,1148648.669826722
 08/25  20:00:00,8422212.661585666,1635592.7684899485,5033412.048594623,0.0,690540.4019770275,1039263.672536861
 08/25  21:00:00,7080695.829634991,1300514.300228388,3987468.9835418174,0.0,775174.8802137664,989904.2986781762
 08/25  22:00:00,5760845.185799072,1071831.4814637844,3283308.3149656835,0.0,478954.2063851806,902783.4667324664
 08/25  23:00:00,4667134.95350402,905001.7787561214,2772680.2329833005,0.0,143301.55974175083,829514.967212666
 08/25  24:00:00,4288886.574803831,812325.436808235,2483198.863447981,0.0,56431.00011978007,923960.5103385416
 08/26  01:00:00,3826050.129327014,729381.4749694148,2226962.608977253,0.0,47510.71846471471,809224.5628263374
 08/26  02:00:00,3581111.1761034676,672684.3446023113,2047607.2763184546,0.0,47510.71846471471,800620.0457610689
 08/26  03:00:00,3395498.143359079,626268.1201464824,1898389.5037589932,0.0,47510.71846471471,810641.0100319706
 08/26  04:00:00,4428273.299705607,622966.4639229447,1880159.0620362754,0.0,47703.06955161638,1864473.9401054764
 08/26  05:00:00,3335019.3432948138,559390.0773713716,1688926.5723509984,0.0,86846.51573610806,987167.3868794179
 08/26  06:00:00,3636971.654639909,546703.1499275983,1671674.445981884,0.0,172154.22277700267,1234033.018128882
 08/26  07:00:00,4130331.055781885,585924.4349232914,1854806.3386907184,0.0,88529.58774649775,1589509.7959939637
 08/26  08:00:00,5857192.906841446,805793.2464756089,2658640.3239489333,0.0,47510.71846471471,2335097.5851866542
 08/26  09:00:00,8333807.310320562,1189059.743117981,4064537.260141641,0.0,47510.71846471471,3024240.394624947
 08/26  10:00:00,10915275.553715156,1692480.479410579,5910763.513347382,0.0,159026.26109596307,3146237.9446842102
 08/26  11:00:00,13589128.31861228,2314796.9980490003,8098673.154420871,0.0,47510.71846471471,3123635.8775596786
 08/26  12:00:00,14186738.700094229,2467799.999999999,8653824.873686956,0.0,47510.71846471471,3014219.430354047
 08/26  13:00:00,13773409.467088511,2467799.999999999,8628835.389292942,0.0,180810.02168757824,2492862.3516518557
 08/26  14:00:00,13425539.224435408,2467799.999999999,8563761.449569225,0.0,180810.02168757824,2210066.04872247
 08/26  15:00:00,13060532.088032559,2467799.999999999,8456291.326580226,0.0,181771.77712208664,1951285.3067417326
 08/26  16:00:00,12509875.37796935,2467799.999999999,8306201.340419672,0.0,186580.55429462862,1543935.9937399095
 08/26  17:00:00,12135054.499834947,2467799.999999999,8110247.373209579,0.0,200045.13037774613,1346247.0172173374
 08/26  18:00:00,11784795.920460235,2441237.055483603,7764052.120575128,0.0,329401.2363191253,1236570.7977283355
 08/26  19:00:00,9949471.96144785,2005860.29279152,6230805.768651773,0.0,547238.8422352766,1148648.669826722
 08/26  20:00:00,8081322.004586212,1552279.0387235966,4775835.121361523,0.0,690540.4019770275,1039263.672536861
 08/26  21:00:00,6897009.888321394,1254217.2506709883,3850080.09178562,0.0,775174.8802137664,989904.2986781762
 08/26  22:00:00,5553951.600906634,1036701.3494443443,3180333.9759103972,0.0,417401.8585766433,895546.700723293
 08/26  23:00:00,4557797.552318284,878217.6791520336,2690126.9314016523,0.0,143301.55974175083,829514.967212666
 08/26  24:00:00,4229185.610941566,792454.388057021,2422213.812030927,0.0,83191.84508497614,918354.801679348
 08/27  01:00:00,3699695.619671846,699599.0973333113,2137608.8929333026,0.0,59436.4858526188,790080.3794633192
 08/27  02:00:00,4161449.6485787984,663384.6014376637,2021537.0382442875,0.0,47510.71846471471,1416046.5263428388
 08/27  03:00:00,3736107.2728268285,628273.1270585605,1911481.487104528,0.0,47510.71846471471,1135871.176109732
 08/27  04:00:00,3268882.3993525067,577039.6884324916,1754822.810054624,0.0,47510.71846471471,876538.4183113822
 08/27  05:00:00,3287766.777714264,547158.9805640015,1665954.0868799458,0.0,67178.61710041139,997042.0872719956
 08/27  06:00:00,5903591.969190246,610704.1279577309,1886739.2594515183,0.0,172154.22277700267,3224125.2993708355
 08/27  07:00:00,4478475.453886069,616005.1951745446,1978560.830706442,0.0,252460.80155845365,1621861.539945847
 08/27  08:00:00,6700152.888840201,900690.7797555001,3023131.5658350205,0.0,371237.5977202404,2395787.832161033
 08/27  09:00:00,9519577.25378701,1354718.224530249,4728409.021109972,0.0,355849.5107681061,3072705.2496721568
 08/27  10:00:00,12029592.835527727,1893546.1069817625,6781124.206607268,0.0,196198.10863971253,3152521.0043867137
 08/27  11:00:00,14595063.509331465,2438174.926922153,8809793.93828381,0.0,188504.0651636454,3154360.981976217
 08/27  12:00:00,14703277.223091435,2467799.999999999,9000033.04741349,0.0,182733.53255659502,3049326.965532837
 08/27  13:00:00,14152180.384945627,2467799.999999999,9007606.307150058,0.0,180810.02168757824,2492862.3516518557
 08/27  14:00:00,13816852.34082021,2467799.999999999,8955074.565954026,0.0,180810.02168757824,2210066.04872247
 08/27  15:00:00,13435824.69993573,2467799.999999999,8831583.9384834,0.0,181771.77712208664,1951285.3067417326
 08/27  16:00:00,12860046.724743249,2467799.999999999,8656372.687193569,0.0,186580.55429462862,1543935.9937399095
 08/27  17:00:00,12436266.31858026,2467799.999999999,8411741.165087266,0.0,200045.13037774613,1346247.0172173374
 08/27  18:00:00,13753397.521561828,2467799.999999999,8071612.504752818,0.0,282515.65888684103,2917652.6744357483
 08/27  19:00:00,16100681.233503643,2448629.424032608,7674113.962943424,0.0,547238.8422352766,5412370.750687897
 08/27  20:00:00,10836885.059408862,1926734.3226225192,5946987.8278223155,0.0,690540.4019770275,2246962.9519407894
 08/27  21:00:00,7705175.597186979,1448763.585986104,4461725.653409457,0.0,775174.8802137664,989904.2986781762
 08/27  22:00:00,6252858.169622917,1172517.817462549,3604154.010178799,0.0,540506.5541937179,910020.2327416396
 08/27  23:00:00,4937967.478133114,965189.3343315303,2957175.2624064754,0.0,167345.4456044607,830493.1284509632
 08/27  24:00:00,4437897.966281391,852704.7680957168,2598882.6357400585,0.0,47510.71846471471,925829.0798916061
 08/28  01:00:00,3882331.426043527,746498.694397388,2266126.686265793,0.0,47510.71846471471,809224.5628263374
 08/28  02:00:00,3567845.240603406,673413.2639755309,2033330.4483127976,0.0,47510.71846471471,800620.0457610689
 08/28  03:00:00,3329602.8630400123,614299.0691282965,1844181.3013257363,0.0,47510.71846471471,810641.0100319706
 08/28  04:00:00,3187739.6120630894,564408.4715237259,1686311.2396739728,0.0,47510.71846471471,876538.4183113822
 08/28  05:00:00,3165179.978405875,524209.5884143752,1566316.6797211824,0.0,67178.61710041139,997042.0872719956
 08/28  06:00:00,4491160.046990624,532304.9608449583,1613120.8132198474,0.0,109832.47062085869,2226032.742671801
 08/28  07:00:00,4126494.4930632086,552829.4703324289,1738874.0006860367,0.0,211586.1955918469,1613617.739952114
 08/28  08:00:00,5877433.809297159,768988.8418616608,2523679.345063933,0.0,209662.68472283008,2365797.824280329
 08/28  09:00:00,8270595.138657855,1142320.2300777608,3869522.560129553,0.0,201968.6412467629,3048888.4594972506
 08/28  10:00:00,10525927.44305797,1614373.3034458002,5556631.6176734725,0.0,196198.10863971253,3152521.0043867137
 08/28  11:00:00,13192892.681162111,2213895.1629585093,7631902.874078102,0.0,188504.0651636454,3154360.981976217
 08/28  12:00:00,14164252.7429662,2453724.213304775,8475084.35398348,0.0,182733.53255659502,3049326.965532837
 08/28  13:00:00,13670053.750742193,2467799.999999999,8525479.672946624,0.0,180810.02168757824,2492862.3516518557
 08/28  14:00:00,13312449.281608693,2467799.999999999,8450671.506742511,0.0,180810.02168757824,2210066.04872247
 08/28  15:00:00,12922707.918827185,2467799.999999999,8318467.157374856,0.0,181771.77712208664,1951285.3067417326
 08/28  16:00:00,12443466.223912813,2467799.999999999,8140858.395908894,0.0,255826.94557923306,1573623.392909545
 08/28  17:00:00,14939952.599456381,2467799.999999999,7904016.805236609,0.0,352964.2444645809,4204738.543857279
 08/28  18:00:00,16002879.529175302,2451681.9613353037,7565101.703306258,0.0,423172.3911836938,5549106.789863624
 08/28  19:00:00,13032357.957848713,2024948.2888566093,6095402.342679786,0.0,547238.8422352766,4346440.230472604
 08/28  20:00:00,7518240.772727902,1444149.4163346656,4318627.726833136,0.0,690540.4019770275,1039263.672536861
 08/28  21:00:00,6281232.182409712,1127144.1200126978,3359401.7046055966,0.0,775174.8802137664,989904.2986781762
 08/28  22:00:00,4551139.379717093,894804.3384542473,2662014.503337458,0.0,109207.32958842823,859453.6532907471
 08/28  23:00:00,3816440.514951907,737468.1252687371,2187263.766921895,0.0,47510.71846471471,826433.5969568748
 08/28  24:00:00,3380052.5249419753,605028.6820795013,1788713.2804168598,0.0,47510.71846471471,925829.0798916061
 08/29  01:00:00,3012711.816121339,543025.4447295824,1599980.3260114107,0.0,47510.71846471471,809224.5628263374
 08/29  02:00:00,2800914.0201569614,493860.36154161056,1445952.1303002734,0.0,47510.71846471471,800620.0457610689
 08/29  03:00:00,2636928.750045926,451964.8080699209,1313841.4493900256,0.0,47510.71846471471,810641.0100319706
 08/29  04:00:00,2474998.0209204284,398534.75781609985,1152213.9671986843,0.0,47895.420638518066,863383.1111778322
 08/29  05:00:00,4238852.403291046,378199.1760262328,1090303.8828931442,0.0,47510.71846471471,2712405.6200090433
 08/29  06:00:00,4230307.335714277,374186.2456122311,1089530.8204502263,0.0,172154.22277700267,2584566.987241659
 08/29  07:00:00,3272094.1574823707,358265.6142164908,1079037.5212211371,0.0,211586.1955918469,1613617.739952114
 08/29  08:00:00,5124916.122707609,535651.1633543372,1676157.1126838352,0.0,209662.68472283008,2694140.048578199
 08/29  09:00:00,13277488.792199176,1006010.6931650725,3229673.455026428,0.0,201968.6412467629,8831940.755054384
 08/29  10:00:00,17108571.776255157,1575727.8319198084,5132367.557827402,0.0,196198.10863971253,10198074.868955962
 08/29  11:00:00,11579755.481479162,1921389.263230733,6311271.574122927,0.0,188504.0651636454,3154360.981976217
 08/29  12:00:00,12660452.499823434,2202989.7841654643,7222018.539980026,0.0,182733.53255659502,3049326.965532837
 08/29  13:00:00,12916899.60790765,2408193.218325108,7831932.311786973,0.0,180810.02168757824,2492862.3516518557
 08/29  14:00:00,12815621.888815667,2467799.999999999,7953844.113949487,0.0,180810.02168757824,2210066.04872247
 08/29  15:00:00,12635913.505219217,2467799.999999999,7852453.190648719,0.0,316417.5379532619,1995859.0990287247
 08/29  16:00:00,12092727.807281908,2467345.7081973567,7691640.480626389,0.0,325073.3368638375,1603310.7920791805
 08/29  17:00:00,13062500.088680103,2325016.3311155327,7070670.678746119,0.0,276504.68742116354,3379875.38549938
 08/29  18:00:00,9233998.093034824,1890095.4629784455,5621528.846383814,0.0,423172.3911836938,1285384.7090024492
 08/29  19:00:00,7449248.549068833,1465727.7144841263,4269305.068918272,0.0,547238.8422352766,1148648.669826722
 08/29  20:00:00,6052940.458125136,1107311.7447070316,3190165.083858003,0.0,690540.4019770275,1039263.672536861
 08/29  21:00:00,5029815.527719215,863382.9881461503,2477703.215327612,0.0,684288.991652723,974833.1536932529
 08/29  22:00:00,3796882.849853501,671646.139167509,1924206.823975265,0.0,294297.1629595688,881073.1687049464
 08/29  23:00:00,3061387.4302987168,536786.8554475146,1534019.7405571002,0.0,143301.55974175083,829514.967212666
 08/29  24:00:00,2520705.762699119,398052.87695220683,1136342.323301297,0.0,47510.71846471471,925829.0798916061
 08/30  01:00:00,2302574.775733363,372508.6047717321,1060360.1255812848,0.0,47510.71846471471,809224.5628263374
 08/30  02:00:00,2086250.9770694217,319153.59588152403,905995.8528728202,0.0,47510.71846471471,800620.0457610689
 08/30  03:00:00,1912200.0576907145,271785.11051232,769292.4545924151,0.0,47510.71846471471,810641.0100319706
 08/30  04:00:00,1822532.2405395273,231521.5914950381,653990.7481790984,0.0,47510.71846471471,876538.4183113822
 08/30  05:00:00,1835371.5997257812,196435.92183340323,554488.7693789416,0.0,86846.51573610806,987167.3868794179
 08/30  06:00:00,2084112.4488691003,173461.79627978106,494594.352050276,0.0,172154.22277700267,1234033.018128882
 08/30  07:00:00,2651721.671413292,207916.50321830576,609014.1461502437,0.0,211586.1955918469,1613617.739952114
 08/30  08:00:00,3805857.3843883732,350140.77484944585,1063803.1925191518,0.0,47510.71846471471,2335097.5851866542
 08/30  09:00:00,5880764.7250909,654640.8840128034,2056924.4864547325,0.0,124739.67985573882,3036564.4270610986
 08/30  10:00:00,8014423.561171293,1107726.6567711052,3551774.382461491,0.0,196198.10863971253,3152521.0043867137
 08/30  11:00:00,10364906.588988759,1661651.6875720778,5356160.257291177,0.0,188504.0651636454,3154360.981976217
 08/30  12:00:00,11787944.592379857,2022724.0719939317,6529776.344707982,0.0,182733.53255659502,3049326.965532837
 08/30  13:00:00,12256279.86116517,2272736.5967021566,7306769.186667446,0.0,180810.02168757824,2492862.3516518557
 08/30  14:00:00,13109935.215938715,2405431.526830443,7670967.602112912,0.0,180810.02168757824,2849624.3608516464
 08/30  15:00:00,12855970.71564655,2467799.999999999,7762360.426123904,0.0,282756.09774546814,2339670.5141886696
 08/30  16:00:00,11900813.399431221,2438028.6502435766,7529043.130729484,0.0,325073.3368638375,1603310.7920791805
 08/30  17:00:00,12475455.675176341,2231328.025824664,6741922.375347199,0.0,352964.2444645809,3138808.023641986
 08/30  18:00:00,10124865.197221097,1859928.0715964143,5477199.505116705,0.0,235630.08145455676,2538290.8555669985
 08/30  19:00:00,6714206.649345476,1374653.9880560583,3959405.694612524,0.0,297182.42926309403,1064636.283809363
 08/30  20:00:00,5282018.37154394,1018874.266941021,2900256.0578369386,0.0,369314.0868512236,967914.4048685454
 08/30  21:00:00,4445545.176399332,772859.9677375836,2195869.95150823,0.0,502517.2145306363,944690.8637234066
 08/30  22:00:00,3523685.846796983,604808.7334029592,1717847.2266832967,0.0,294297.1629595688,881073.1687049464
 08/30  23:00:00,2697766.9261778602,470571.87951593683,1335486.4239006487,0.0,47510.71846471471,826433.5969568748
 08/30  24:00:00,2292895.7713467395,340785.3485705824,965799.8603305421,0.0,47510.71846471471,925829.0798916061
 08/31  01:00:00,2100367.832961792,321970.5810502101,908691.2065312362,0.0,47510.71846471471,809224.5628263374
 08/31  02:00:00,1884018.873122498,268337.6392914769,754579.7055159436,0.0,47510.71846471471,800620.0457610689
 08/31  03:00:00,1704344.2904463483,220996.72336873933,619656.2487801127,0.0,47510.71846471471,803209.8357434877
 08/31  04:00:00,1627370.091721011,181693.64006978003,508656.55078584026,0.0,47510.71846471471,876538.4183113822
 08/31  05:00:00,1644784.4446847867,147417.68016058428,412919.856010766,0.0,86846.51573610806,987167.3868794179
 08/31  06:00:00,1814749.130999551,129405.19118495219,366540.4437366966,0.0,78671.5945427867,1230262.841901957
 08/31  07:00:00,2154677.627516241,131940.0055342319,384166.0023419317,0.0,47510.71846471471,1581473.81467458
 08/31  08:00:00,3761486.2490190174,292804.2698097889,883916.3568376631,0.0,209662.68472283008,2365797.824280329
 08/31  09:00:00,5463657.264101861,532990.1898911358,1671914.7257601852,0.0,201968.6412467629,3048888.4594972506
 08/31  10:00:00,6884574.494161617,878647.2108377459,2824824.3903701855,0.0,47510.71846471471,3127388.7655767007
 08/31  11:00:00,9053662.41555764,1389197.251850322,4489088.970697285,0.0,47510.71846471471,3123635.8775596786
 08/31  12:00:00,10522187.89240101,1765450.8260268671,5691623.239966869,0.0,47510.71846471471,3014219.430354047
 08/31  13:00:00,11361859.246725911,2069592.6059801748,6615492.562950168,0.0,180810.02168757824,2492862.3516518557
 08/31  14:00:00,11888974.656882312,2244335.73222615,7083694.097110203,0.0,314494.0270842451,2243349.0960055785
 08/31  15:00:00,11789356.810860325,2308243.444918802,7165453.051371025,0.0,316417.5379532619,1995859.0990287247
 08/31  16:00:00,11065173.934959041,2257665.0585931772,6873767.257907702,0.0,325073.3368638375,1603310.7920791805
 08/31  17:00:00,10309538.065056747,2004359.0716583254,5972329.246883781,0.0,352964.2444645809,1969452.49615215
 08/31  18:00:00,7715729.107074176,1624159.1605916903,4725947.354786979,0.0,188455.97739192,1163349.9308171645
 08/31  19:00:00,6108063.454867375,1224994.9026074964,3502921.585582985,0.0,297182.42926309403,1064636.283809363
 08/31  20:00:00,4635606.978420006,902480.8228915891,2566753.9050476346,0.0,208412.40265796916,932300.2927766012
 08/31  21:00:00,3821223.2604680927,692226.9305539074,1970280.1782867059,0.0,229571.02221715383,899537.9505108506
 08/31  22:00:00,3002180.017047803,539495.0973656594,1537267.498018536,0.0,47510.71846471471,852247.1481526807
 08/31  23:00:00,2551523.347213013,431124.8046943676,1228689.9197573706,0.0,47510.71846471471,826433.5969568748
 08/31  24:00:00,2196656.628925371,314304.9527005174,895629.9201946397,0.0,47510.71846471471,926145.4810468075
 09/01  01:00:00,2035252.3510820274,303304.78509061266,861830.327026469,0.0,47510.71846471471,809540.9639815388
 09/01  02:00:00,1859264.38910688,259958.48707288882,738077.2139716772,0.0,47510.71846471471,800936.4469162703
 09/01  03:00:00,1726793.350940014,222959.77150299848,632478.4600520662,0.0,47510.71846471471,811062.8782389052
 09/01  04:00:00,1671106.3562736218,191298.49123230862,541849.4353326546,0.0,47510.71846471471,877382.1547252517
 09/01  05:00:00,1703028.5585772905,165469.64096519924,468767.88302546856,0.0,47510.71846471471,1008498.7934405785
 09/01  06:00:00,1888256.5152310724,154733.10407941698,441766.9440049175,0.0,47510.71846471471,1231748.2598380572
 09/01  07:00:00,2345860.893503654,178655.90319201958,521934.51956417726,0.0,47510.71846471471,1586114.3649508648
 09/01  08:00:00,3621845.160169864,303954.5072691351,916197.8987586652,0.0,47510.71846471471,2343956.8175322856
 09/01  09:00:00,5241751.036780843,522085.19696772913,1626632.198342787,0.0,47510.71846471471,3037001.907884726
 09/01  10:00:00,6946432.497506955,872074.0129756527,2786156.6070010858,0.0,127144.0684420098,3154240.9969914984
 09/01  11:00:00,9204056.360262994,1380648.4775211273,4450873.878285604,0.0,199083.37494323775,3168906.088115219
 09/01  12:00:00,10676842.648977505,1764697.9266161125,5697330.182339121,0.0,156862.3113683192,3054543.8226055983
 09/01  13:00:00,11151346.355309816,2050385.7172361026,6585378.52247303,0.0,47510.71846471471,2464947.0249249768
 09/01  14:00:00,11457839.199305668,2204372.198687445,7018849.110836099,0.0,47510.71846471471,2183982.799106417
 09/01  15:00:00,11531034.40315032,2286049.8982214653,7184840.621286441,0.0,120411.78040045104,1936323.6971936063
 09/01  16:00:00,11169485.585504452,2263282.786878151,6989381.1938464185,0.0,315696.2213773806,1595728.7404926077
 09/01  17:00:00,12418663.509429665,2118525.3732866542,6385661.19026038,0.0,402975.52705901745,3500708.1330038244
 09/01  18:00:00,8408341.67507038,1695213.7602313987,4981917.778489409,0.0,451063.29878443724,1266513.2133717174
 09/01  19:00:00,6382114.021772148,1274899.6108207898,3666938.213354597,0.0,355849.5107681061,1067384.6565868834
 09/01  20:00:00,5448530.506239662,961210.020126777,2737323.584907613,0.0,701119.7117566199,1025302.3809475331
 09/01  21:00:00,4679369.784138389,740107.6617367819,2108560.513357806,0.0,808836.32042156,994029.9725606795
 09/01  22:00:00,3671092.0156263993,572179.4887475696,1635505.2768372593,0.0,525118.4672415836,914145.9066241427
 09/01  23:00:00,2729232.920242682,450186.6749584624,1287250.6844065415,0.0,143301.55974175083,831736.0047315182
 09/01  24:00:00,2285640.6677980246,328716.74035560444,940211.7301249794,0.0,83191.84508497614,920454.7957137728
 09/02  01:00:00,2083902.2128541782,316608.64548695367,903442.4261955677,0.0,59436.4858526188,791349.098800346
 09/02  02:00:00,1885410.541605723,272316.1025258984,775045.2643830915,0.0,47510.71846471471,777756.9335506894
 09/02  03:00:00,1777929.9957466798,236046.00699556048,670528.8693661701,0.0,47510.71846471471,811062.8782389052
 09/02  04:00:00,1711141.1094434164,201381.09071107564,571801.589023682,0.0,47510.71846471471,877382.1547252517
 09/02  05:00:00,1764776.7633781433,181179.68849086517,514806.0403006558,0.0,47510.71846471471,1008498.7934405785
 09/02  06:00:00,2103621.2510106396,175186.47337331114,502208.56462254364,0.0,176001.24451503626,1237727.4796557825
 09/02  07:00:00,2538230.7268027896,201213.69426399065,590280.1538209126,0.0,131952.84561455177,1603138.645771457
 09/02  08:00:00,3749053.9415105544,334086.491881302,1013274.6954871892,0.0,47510.71846471471,2343956.8175322856
 09/02  09:00:00,5558948.078364018,593802.7858813931,1872111.651012299,0.0,47510.71846471471,3037001.907884726
 09/02  10:00:00,7356733.985877132,975978.5528936747,3185644.821275155,0.0,47510.71846471471,3140783.08114688
 09/02  11:00:00,9913368.220958697,1557245.4588767781,5167670.11139994,0.0,47510.71846471471,3136397.3908194574
 09/02  12:00:00,11740179.435825242,1983281.0193914662,6633430.502376245,0.0,83961.24943258287,3036098.2585765915
 09/02  13:00:00,12582749.772712098,2322016.5436886726,7745151.113422742,0.0,47510.71846471471,2464947.0249249768
 09/02  14:00:00,12885612.020094307,2465756.828822506,8185237.301489678,0.0,47510.71846471471,2183982.799106417
 09/02  15:00:00,12572202.59159489,2467799.999999999,8140338.462471324,0.0,47510.71846471471,1913145.0046104984
 09/02  16:00:00,12195958.598650668,2467799.999999999,8025226.866715556,0.0,162488.58066019329,1535046.508365026
 09/02  17:00:00,11873689.631276404,2402014.188930615,7617642.192039323,0.0,402975.52705901745,1440264.4374276614
 09/02  18:00:00,10802890.72525578,2023977.6225812235,6218366.6725610625,0.0,335652.6466434298,2211260.159276647
 09/02  19:00:00,8068445.874511342,1566154.9364327812,4666421.905441768,0.0,664573.0052453008,1154253.9971497187
 09/02  20:00:00,6543114.614472651,1190250.2566698515,3491263.703442222,0.0,794409.9889039341,1043615.8569555248
 09/02  21:00:00,5195491.517204814,914690.4794010582,2671561.0912020756,0.0,618408.7443888978,962995.8861512213
 09/02  22:00:00,3962322.399914972,706979.8045408062,2061302.3934910223,0.0,286603.11948350165,883294.2062237986
 09/02  23:00:00,3231858.6999907815,573256.3834507632,1666806.7556623402,0.0,143301.55974175083,831736.0047315182
 09/02  24:00:00,2756675.8234299496,446128.7581261612,1293834.8679863478,0.0,83191.84508497614,920454.7957137728
 09/03  01:00:00,2445672.417109458,404562.07276700204,1170993.1053775097,0.0,47510.71846471471,809540.9639815388
 09/03  02:00:00,2266449.5434177234,361385.15160374285,1043551.6699143036,0.0,47510.71846471471,800936.4469162703
 09/03  03:00:00,2126952.2081871917,323217.9740313744,932095.0809335056,0.0,47510.71846471471,811062.8782389052
 09/03  04:00:00,2065003.8879459838,290233.83012090286,836811.6281164223,0.0,47510.71846471471,877382.1547252517
 09/03  05:00:00,2059873.829648899,252727.79524196865,729335.6360084574,0.0,68140.37253491978,999160.7738811274
 09/03  06:00:00,2209130.4031043523,234864.35911439598,685065.881379484,0.0,47510.71846471471,1231748.2598380572
 09/03  07:00:00,4044059.285664578,301154.67084183806,902176.3896350946,0.0,216394.97276438883,2614676.101952919
 09/03  08:00:00,4419626.664033456,441213.8462781507,1375242.3234182491,0.0,217356.72819889724,2376440.649505184
 09/03  09:00:00,6540862.271977952,764938.3599825156,2492110.4913710947,0.0,212547.95102635527,3063312.5221518255
 09/03  10:00:00,8956052.249574427,1275725.5750478003,4299601.59884922,0.0,206777.4184193049,3167698.9128361167
 09/03  11:00:00,12159976.015612409,1987197.5333311772,6800528.511662334,0.0,199083.37494323775,3168906.088115219
 09/03  12:00:00,14017939.884267686,2412641.116831111,8344810.914431933,0.0,193312.84233618737,3063766.6046201014
 09/03  13:00:00,13841830.883435396,2467799.999999999,8629960.857126543,0.0,227070.45808743202,2513875.1960104303
 09/03  14:00:00,13591111.607415225,2467799.999999999,8664446.183279324,0.0,227214.7214026083,2228526.330522303
 09/03  15:00:00,13245335.832777983,2467799.999999999,8621312.194616728,0.0,193312.84233618737,1959502.3897767141
 09/03  16:00:00,12768401.19948685,2467799.999999999,8490342.18826872,0.0,239236.66433396324,1565625.7039742733
 09/03  17:00:00,12556671.10738501,2467799.999999999,8235121.890915904,0.0,402975.52705901745,1440264.4374276614
 09/03  18:00:00,12120216.54549419,2467799.999999999,7838333.934508782,0.0,508768.6248549409,1291396.3280996871
 09/03  19:00:00,10270449.404545806,2082392.314277378,6350767.888444823,0.0,664573.0052453008,1154253.9971497187
 09/03  20:00:00,7982745.973288059,1530105.475067948,4588767.57316063,0.0,794409.9889039341,1043615.8569555248
 09/03  21:00:00,6521883.665973469,1175546.5208240235,3513647.299244105,0.0,808836.32042156,994029.9725606795
 09/03  22:00:00,5041735.859357668,929382.0021854431,2781925.92818569,0.0,405860.79336254264,898720.0564239706
 09/03  23:00:00,4023628.254809921,758387.8637708547,2272308.694811937,0.0,143301.55974175083,831736.0047315182
 09/03  24:00:00,3565750.56338255,644925.8610428134,1934102.9463095227,0.0,47510.71846471471,926145.4810468075
 09/04  01:00:00,3167851.8638870385,574614.8324869944,1723119.792435099,0.0,47510.71846471471,809540.9639815388
 09/04  02:00:00,2943568.822456658,521054.43921921076,1561001.6613377703,0.0,47510.71846471471,800936.4469162703
 09/04  03:00:00,2736080.366692548,474339.5329379616,1418753.016019953,0.0,47510.71846471471,782411.5427512266
 09/04  04:00:00,2718010.0246092905,446569.8446677834,1333481.7502328488,0.0,47510.71846471471,877382.1547252517
 09/04  05:00:00,4647441.165048509,471061.74466714286,1404371.8241491765,0.0,47510.71846471471,2713987.6257850486
 09/04  06:00:00,3686099.8865329428,448556.82818407175,1357777.4506072712,0.0,272657.66568313,1597166.7577507691
 09/04  07:00:00,3886144.8607995445,468501.5987006457,1469769.4532147918,0.0,301029.4510011276,1637187.207412642
 09/04  08:00:00,5523548.870811271,681012.4851027047,2239365.89137151,0.0,217356.72819889724,2376440.649505184
 09/04  09:00:00,8208096.852223642,1109430.0126568957,3814853.418942406,0.0,212547.95102635527,3063312.5221518255
 09/04  10:00:00,11145318.089564996,1710934.880421838,6053658.133465752,0.0,206777.4184193049,3167698.9128361167
 09/04  11:00:00,14321119.156265806,2395291.823543334,8553577.362103574,0.0,199083.37494323775,3168906.088115219
 09/04  12:00:00,14651624.692741962,2467799.999999999,8923336.839737322,0.0,193312.84233618737,3063766.6046201014
 09/04  13:00:00,14151013.446246281,2467799.999999999,8984561.76338101,0.0,191389.3314671706,2504137.9791871104
 09/04  14:00:00,14391096.613663584,2467799.999999999,9004814.799727593,0.0,191389.3314671706,2723968.110257828
 09/04  15:00:00,20922111.77557334,2467799.999999999,8961919.549384832,0.0,193312.84233618737,9295670.977803966
 09/04  16:00:00,13719476.883005556,2467799.999999999,8855140.856439125,0.0,201006.88581225454,2190132.497844282
 09/04  17:00:00,13113700.201192107,2467799.999999999,8637995.751885273,0.0,269531.9605209776,1727863.2368034336
 09/04  18:00:00,12225058.409265172,2467799.999999999,8273529.561473657,0.0,277947.32057292614,1191863.8691878084
 09/04  19:00:00,11768691.16193688,2458857.1102132266,7868137.6849400755,0.0,355849.5107681061,1067384.6565868834
 09/04  20:00:00,9714265.397270849,2002061.0925079314,6294746.392324662,0.0,421248.88031467696,970361.9529235582
 09/04  21:00:00,7480221.258928155,1521157.3934841966,4790627.17752029,0.0,237745.9434104752,900867.1915900911
 09/04  22:00:00,6015489.757465141,1223536.9804594268,3866031.430033096,0.0,47510.71846471471,852563.5493078821
 09/04  23:00:00,7460483.857650366,1086788.2450170645,3441150.008658402,0.0,143301.55974175083,2771349.9124792875
 09/04  24:00:00,6195682.9292971315,1014537.1309769794,3215366.214926321,0.0,83191.84508497614,1869522.181790163
 09/05  01:00:00,4522145.690895455,875031.9871801796,2776996.464750329,0.0,47510.71846471471,809540.9639815388
 09/05  02:00:00,4257613.1561084995,814339.7725681558,2581760.6616406664,0.0,47510.71846471471,800936.4469162703
 09/05  03:00:00,4073432.767862036,770224.9707731786,2445894.311610385,0.0,47510.71846471471,796737.2104950659
 09/05  04:00:00,4081013.9444198497,749803.8480729873,2393251.6666382034,0.0,47510.71846471471,877382.1547252517
 09/05  05:00:00,6131388.071882369,796879.3136583973,2562501.1619917825,0.0,47510.71846471471,2713987.6257850486
 09/05  06:00:00,7711535.135890905,857263.9196451812,2817823.1005102927,0.0,304876.47273916117,3721630.458688569
 09/05  07:00:00,14628087.131434364,1164034.128763047,3988999.887959768,0.0,258712.21188275825,9206683.752358455
 09/05  08:00:00,8534085.40750691,1275542.8395801447,4655372.07358971,0.0,217356.72819889724,2376440.649505184
 09/05  09:00:00,12060837.976991227,1842466.7778507061,6982394.740223366,0.0,171288.64288594513,3056734.8685850506
 09/05  10:00:00,15191116.995575774,2418644.1489733374,9391747.77092503,0.0,206777.4184193049,3167698.9128361167
 09/05  11:00:00,15694276.662425704,2467799.999999999,9854226.691806806,0.0,199083.37494323775,3168906.088115219
 09/05  12:00:00,15728646.07227323,2467799.999999999,10000358.21926859,0.0,193312.84233618737,3063766.6046201014
 09/05  13:00:00,15244455.939546485,2467799.999999999,10078004.256681213,0.0,191389.3314671706,2504137.9791871104
 09/05  14:00:00,14989250.088043757,2467799.999999999,10107176.713883877,0.0,191389.3314671706,2219759.67048172
 09/05  15:00:00,14683375.099370338,2467799.999999999,10059351.461209081,0.0,193312.84233618737,1959502.3897767141
 09/05  16:00:00,14362498.0765319,2467799.999999999,9924595.174971143,0.0,353925.9998990893,1610780.2587517751
 09/05  17:00:00,13868863.48646034,2467799.999999999,9614247.480122555,0.0,358494.3382130042,1417812.4161423545
 09/05  18:00:00,13382064.163972218,2467799.999999999,9100181.552986808,0.0,508768.6248549409,1291396.3280996871
 09/05  19:00:00,12948442.423308698,2467799.999999999,8643353.221485093,0.0,664573.0052453008,1154253.9971497187
 09/05  20:00:00,12530916.861773375,2467799.999999999,8422451.443024509,0.0,607829.4346093056,1006988.9049395415
 09/05  21:00:00,12554080.213391049,2467799.999999999,8364321.19870677,0.0,713622.5324052289,978512.9293559504
 09/05  22:00:00,11072713.521668972,2240398.0888716066,7636571.027890046,0.0,286603.11948350165,883294.2062237986
 09/05  23:00:00,9148912.552297536,1850818.2165786207,6380745.275414144,0.0,71458.42878397374,827996.4997669368
 09/05  24:00:00,8730868.186516916,1739013.007751012,6005133.422735689,0.0,47510.71846471471,926145.4810468075
 09/06  01:00:00,7631701.341291122,1511759.840179156,5249824.262147021,0.0,47510.71846471471,809540.9639815388
 09/06  02:00:00,7249248.500019592,1422497.1732253223,4965238.604894593,0.0,47510.71846471471,800936.4469162703
 09/06  03:00:00,7054067.25587569,1370651.250007336,4811776.852646042,0.0,47510.71846471471,811062.8782389052
 09/06  04:00:00,6972130.915485039,1335139.1888026013,4699033.296973781,0.0,47510.71846471471,877382.1547252517
 09/06  05:00:00,6971840.923986834,1307363.0736383684,4597959.086460745,0.0,47510.71846471471,1008498.7934405785
 09/06  06:00:00,7253475.526415592,1300705.8234728961,4596334.667398199,0.0,111755.98148987547,1234737.86974692
 09/06  07:00:00,8106074.38939831,1375905.1344339552,4985420.613108009,0.0,131952.84561455177,1603138.645771457
 09/06  08:00:00,10409688.134321373,1684720.1854642183,6324127.2962271795,0.0,47510.71846471471,2343956.8175322856
 09/06  09:00:00,13993655.538867556,2247877.268688,8653312.696383955,0.0,47510.71846471471,3037001.907884726
 09/06  10:00:00,15397195.400170602,2467799.999999999,9734852.856137026,0.0,47510.71846471471,3140783.08114688
 09/06  11:00:00,15690992.694990274,2467799.999999999,9942983.401258517,0.0,123297.04670397623,3152651.739467338
 09/06  12:00:00,15605412.206570625,2467799.999999999,10014144.292513097,0.0,83961.24943258287,3036098.2585765915
 09/06  13:00:00,14963969.27091223,2467799.999999999,9980587.15531155,0.0,47510.71846471471,2464947.0249249768
 09/06  14:00:00,14584853.41547782,2467799.999999999,9882435.525695698,0.0,47510.71846471471,2183982.799106417
 09/06  15:00:00,14166106.614738055,2467799.999999999,9734242.485614486,0.0,47510.71846471471,1913145.0046104984
 09/06  16:00:00,13850441.965740088,2467799.999999999,9519484.000601716,0.0,277322.1795404956,1580439.142687984
 09/06  17:00:00,14100293.333182978,2467799.999999999,9201131.67626425,0.0,402975.52705901745,2017876.8778772843
 09/06  18:00:00,13029845.806811702,2467799.999999999,8747963.195826292,0.0,508768.6248549409,1291396.3280996871
 09/06  19:00:00,13322129.597609969,2467799.999999999,8315609.64012782,0.0,664573.0052453008,1855684.7528082642
 09/06  20:00:00,14560862.556937648,2467799.999999999,8041939.093712552,0.0,794409.9889039341,3230866.3951211385
 09/06  21:00:00,11625118.076767959,2409659.1758105243,7714961.548715277,0.0,523194.95637256675,947478.8429464923
 09/06  22:00:00,9262037.240331385,1917664.006523913,6148628.82890015,0.0,286603.11948350165,883294.2062237986
 09/06  23:00:00,7446210.561274253,1533256.9352671315,4920021.9297799915,0.0,143301.55974175083,831736.0047315182
 09/06  24:00:00,6714819.5572193395,1365687.4071491994,4362410.394039925,0.0,47510.71846471471,926145.4810468075
 09/07  01:00:00,5735079.104071327,1162935.6049356842,3702026.2601706972,0.0,47510.71846471471,809540.9639815388
 09/07  02:00:00,5199205.877271288,1043364.0544777722,3294329.1008938383,0.0,47510.71846471471,800936.4469162703
 09/07  03:00:00,4711665.565548695,936164.0592837678,2932513.688530293,0.0,47510.71846471471,782411.5427512266
 09/07  04:00:00,4516395.433297099,870444.0415748323,2707992.9620136074,0.0,47510.71846471471,877382.1547252517
 09/07  05:00:00,4402363.743223069,811780.2534496135,2512773.091374983,0.0,68140.37253491978,999160.7738811274
 09/07  06:00:00,4600148.4322498,772049.9442469003,2404428.57952438,0.0,176001.24451503626,1237727.4796557825
 09/07  07:00:00,5259086.073180143,794846.3409488238,2535685.50279061,0.0,216394.97276438883,1702502.106205983
 09/07  08:00:00,7356025.792050602,993702.8333502057,3263879.203527651,0.0,217356.72819889724,2871713.9103408735
 09/07  09:00:00,9120559.76019858,1332806.0744988103,4503940.26507543,0.0,212547.95102635527,3063312.5221518255
 09/07  10:00:00,11418293.742875822,1802682.4751924563,6234886.192005961,0.0,206777.4184193049,3167698.9128361167
 09/07  11:00:00,14280205.802721258,2390547.650133595,8364932.173149131,0.0,199083.37494323775,3321382.0969348513
 09/07  12:00:00,18441858.563300997,2467799.999999999,8748865.011196801,0.0,193312.84233618737,7028472.303719657
 09/07  13:00:00,15756393.594310518,2467799.999999999,8729341.357909128,0.0,191389.3314671706,4364738.532723229
 09/07  14:00:00,14150724.625729287,2467799.999999999,8567220.495910862,0.0,191389.3314671706,2921190.4261402655
 09/07  15:00:00,15134052.637265923,2467799.999999999,8322778.4609390525,0.0,193312.84233618737,4146752.9279423286
 09/07  16:00:00,12882003.753143627,2467799.999999999,8017667.726577196,0.0,201006.88581225454,2190132.497844282
 09/07  17:00:00,13384736.110049002,2467799.999999999,7709234.72026423,0.0,358494.3382130042,2838697.7995893415
 09/07  18:00:00,12288661.248198897,2310640.5732911727,7008713.183023069,0.0,508768.6248549409,2446621.208998933
 09/07  19:00:00,8812148.536589645,1736085.3549207186,5238773.979845321,0.0,664573.0052453008,1154253.9971497187
 09/07  20:00:00,7342942.127196696,1361624.1955060181,4117445.0066311974,0.0,794409.9889039341,1043615.8569555248
 09/07  21:00:00,5834230.905279512,1100942.3891960892,3343521.995062322,0.0,427981.1683562357,931961.799741763
 09/07  22:00:00,4933760.206097177,926376.0027132941,2811639.7984765614,0.0,286603.11948350165,883294.2062237986
 09/07  23:00:00,4151138.415151493,803909.5139138743,2429879.840932848,0.0,71458.42878397374,827996.4997669368
 09/07  24:00:00,3875402.1382005964,720188.894083964,2168491.4880864182,0.0,47510.71846471471,926145.4810468075
 09/08  01:00:00,3499331.6619731565,657337.9688574877,1971876.4541507235,0.0,47510.71846471471,809540.9639815388
 09/08  02:00:00,3266354.872506612,603819.1166467168,1801307.0677975817,0.0,47510.71846471471,800936.4469162703
 09/08  03:00:00,3090369.380530169,559504.3154388757,1659509.9457063437,0.0,47510.71846471471,811062.8782389052
 09/08  04:00:00,2996501.303307945,520410.10238190315,1538132.771217383,0.0,47510.71846471471,877382.1547252517
 09/08  05:00:00,2996371.627284816,487741.8821394234,1439838.7105587702,0.0,47510.71846471471,1008498.7934405785
 09/08  06:00:00,3080457.7565172957,450955.31232453906,1337745.977046019,0.0,47510.71846471471,1231748.2598380572
 09/08  07:00:00,3711365.8527111644,465377.798258729,1397784.7677641192,0.0,216394.97276438883,1620162.9265920497
 09/08  08:00:00,4882433.259971805,562112.3707098737,1716298.2934127874,0.0,217356.72819889724,2376440.649505184
 09/08  09:00:00,6154836.659986549,698946.3444798876,2171508.8272075937,0.0,212547.95102635527,3063312.5221518255
 09/08  10:00:00,7008863.965929085,872177.2954907679,2755393.527086187,0.0,206777.4184193049,3167698.9128361167
 09/08  11:00:00,8297062.684138515,1169064.8884638292,3755463.791218423,0.0,199083.37494323775,3168906.088115219
 09/08  12:00:00,9559178.517507207,1474954.1192104062,4823736.545292157,0.0,193312.84233618737,3063766.6046201014
 09/08  13:00:00,10770640.301012864,1875755.9769701662,6196232.641177427,0.0,191389.3314671706,2504137.9791871104
 09/08  14:00:00,12055274.081574174,2234396.2331614364,7406604.474252857,0.0,191389.3314671706,2219759.67048172
 09/08  15:00:00,12791850.845734945,2449666.7586007197,8090108.699342263,0.0,265925.3776415712,1982741.6041020355
 09/08  16:00:00,12487791.791736104,2467799.999999999,8049888.890175346,0.0,353925.9998990893,1610780.2587517751
 09/08  17:00:00,11601433.521966707,2329649.124570229,7417751.147090009,0.0,402975.52705901745,1440264.4374276614
 09/08  18:00:00,12007133.030429209,2032015.1059221562,6266052.533379789,0.0,393357.97271393356,3302073.7942199106
 09/08  19:00:00,7679482.443950522,1550110.9985376778,4689095.247816082,0.0,355849.5107681061,1067384.6565868834
 09/08  20:00:00,6246659.538265664,1207409.7168208738,3624064.179705437,0.0,421248.88031467696,970361.9529235582
 09/08  21:00:00,5300562.95376571,979928.3627076434,2932856.3068985064,0.0,427981.1683562357,931961.799741763
 09/08  22:00:00,4437072.177118108,812611.7597651096,2430420.2154698535,0.0,286603.11948350165,883294.2062237986
 09/08  23:00:00,3766229.025564949,693654.6295487911,2080778.8351384797,0.0,143301.55974175083,831736.0047315182
 09/08  24:00:00,3453856.4440194075,615452.0833465785,1851682.604642615,0.0,47510.71846471471,926145.4810468075
 09/09  01:00:00,3129734.718207036,563821.8088724702,1695795.6703696202,0.0,47510.71846471471,809540.9639815388
 09/09  02:00:00,2955014.4060725137,524281.805632183,1569503.9123780169,0.0,47510.71846471471,800936.4469162703
 09/09  03:00:00,2828702.444670636,492397.9547932672,1464949.3704924202,0.0,47510.71846471471,811062.8782389052
 09/09  04:00:00,2760198.460794911,460489.30541537865,1361750.7256708737,0.0,47510.71846471471,877382.1547252517
 09/09  05:00:00,2761124.645279793,429264.99235453096,1263068.6183386398,0.0,47510.71846471471,1008498.7934405785
 09/09  06:00:00,2906082.6213825345,407982.01117443276,1206344.1430613636,0.0,47510.71846471471,1231748.2598380572
 09/09  07:00:00,3327622.714752632,417951.53328079416,1264400.7107243808,0.0,47510.71846471471,1586114.3649508648
 09/09  08:00:00,5890763.116776641,581577.8086282851,1811814.4577918835,0.0,132433.72333180596,3354711.9088796033
 09/09  09:00:00,6721715.3935941765,817994.0062829934,2619339.8990121153,0.0,212547.95102635527,3063312.5221518255
 09/09  10:00:00,8484340.072805764,1192041.795354687,3911005.134098946,0.0,206777.4184193049,3167698.9128361167
 09/09  11:00:00,11239332.524583206,1736487.1285714589,5801969.1672576135,0.0,199083.37494323775,3497248.312413089
 09/09  12:00:00,16789775.62070354,2270727.856744442,7645586.6428113775,0.0,193312.84233618737,6676739.872763181
 09/09  13:00:00,13377496.693663083,2433731.6691794945,8245113.341618317,0.0,191389.3314671706,2504137.9791871104
 09/09  14:00:00,13334311.719814703,2467799.999999999,8363054.245702779,0.0,263040.111338046,2237292.9905628855
 09/09  15:00:00,15878218.010768656,2467799.999999999,8291071.520786224,0.0,338537.912946955,4777400.170987122
 09/09  16:00:00,16846538.046142556,2467799.999999999,8144913.063720625,0.0,353925.9998990893,5874502.33961295
 09/09  17:00:00,12347530.69450183,2467799.999999999,7883928.685006732,0.0,402975.52705901745,1582033.1966162955
 09/09  18:00:00,11047727.021463042,2269981.0120995645,6963947.432215432,0.0,508768.6248549409,1291396.3280996871
 09/09  19:00:00,8648313.458752206,1701641.6532268166,5110802.772888598,0.0,664573.0052453008,1154253.9971497187
 09/09  20:00:00,7252160.970995184,1289382.9765040483,3846161.5970932376,0.0,421248.88031467696,1671792.7085821037
 09/09  21:00:00,7747010.733902587,1050356.2130252575,3121625.698552156,0.0,427981.1683562357,3119212.3379073776
 09/09  22:00:00,4479791.184158331,828315.0777135859,2457435.904561601,0.0,286603.11948350165,883294.2062237986
 09/09  23:00:00,3609510.7390409824,680024.3484133094,2013273.4656723535,0.0,71458.42878397374,827996.4997669368
 09/09  24:00:00,3210273.569266311,561754.101627875,1661797.7116082218,0.0,47510.71846471471,926145.4810468075
 09/10  01:00:00,2862379.917185732,504081.5593415811,1488181.1188792055,0.0,47510.71846471471,809540.9639815388
 09/10  02:00:00,2643368.6345527116,451601.1775074615,1330254.7351455733,0.0,47510.71846471471,800936.4469162703
 09/10  03:00:00,2489835.156315927,410413.240539856,1207782.7625537594,0.0,47510.71846471471,811062.8782389052
 09/10  04:00:00,2378288.966229989,371858.86546265153,1092675.8606225434,0.0,48664.82498612478,852023.8586399774
 09/10  05:00:00,2438963.947789615,343083.82513601973,1006778.0897443682,0.0,88770.02660512485,989822.7543216762
 09/10  06:00:00,2756779.4508411316,336472.6840482201,996636.8583143922,0.0,176001.24451503626,1237727.4796557825
 09/10  07:00:00,3416755.283553324,386646.50138248503,1183893.7323440635,0.0,216394.97276438883,1620162.9265920497
 09/10  08:00:00,5103831.435281083,558408.6903351166,1790749.0161079757,0.0,345029.7621298867,2400270.8500751294
 09/10  09:00:00,7007792.300257751,858621.1777869368,2865357.701846474,0.0,212547.95102635527,3063312.5221518255
 09/10  10:00:00,9141904.03453486,1302038.9608696108,4459139.997987847,0.0,206777.4184193049,3167698.9128361167
 09/10  11:00:00,12026349.424804738,1940815.4031263082,6713284.051059528,0.0,199083.37494323775,3168906.088115219
 09/10  12:00:00,13840936.5536994,2359789.4475093624,8220659.253185396,0.0,193312.84233618737,3063766.6046201014
 09/10  13:00:00,13826320.684696507,2467799.999999999,8659869.001831234,0.0,191389.3314671706,2504137.9791871104
 09/10  14:00:00,13545014.872860484,2467799.999999999,8662941.498700604,0.0,191389.3314671706,2219759.67048172
 09/10  15:00:00,13206318.47413852,2467799.999999999,8582294.835977266,0.0,193312.84233618737,1959502.3897767141
 09/10  16:00:00,12634696.541658772,2467799.999999999,8409918.827221518,0.0,201006.88581225454,1550574.1857151059
 09/10  17:00:00,12166005.232411439,2467799.999999999,8112188.856467614,0.0,225050.7716749644,1350456.352286434
 09/10  18:00:00,12053238.883959208,2311157.645760083,7263839.21504674,0.0,277947.32057292614,2186377.0445486773
 09/10  19:00:00,8804974.519264264,1740511.3351824586,5326072.191018208,0.0,587392.1316260021,1132536.6620090099
 09/10  20:00:00,7191658.012393005,1350404.418546861,4088984.42194197,0.0,701119.7117566199,1025302.3809475332
 09/10  21:00:00,5706053.170663679,1070057.6304130896,3246229.0192294884,0.0,427981.1683562357,931961.799741763
 09/10  22:00:00,4773146.068604017,884684.7737627855,2692716.889933909,0.0,286603.11948350165,883294.2062237986
 09/10  23:00:00,3940874.894253473,752933.4049081373,2295786.6410146835,0.0,47510.71846471471,826749.9981120762
 09/10  24:00:00,3745713.3290532078,681938.4091709617,2077053.1638520318,0.0,47510.71846471471,926145.4810468075
 09/11  01:00:00,3318334.631070559,606269.4052799479,1841947.986825665,0.0,47510.71846471471,809540.9639815388
 09/11  02:00:00,3107696.94548965,558556.5943531584,1687627.6292368153,0.0,47510.71846471471,800936.4469162703
 09/11  03:00:00,2958169.2455946403,520484.0358175518,1566046.0565547766,0.0,47510.71846471471,811062.8782389052
 09/11  04:00:00,2895949.8957289,489055.3457020109,1468936.1203182312,0.0,47510.71846471471,877382.1547252517
 09/11  05:00:00,2919174.943487134,463144.36276608706,1389511.8168333273,0.0,47510.71846471471,1008498.7934405785
 09/11  06:00:00,3167437.460775449,442799.87217643997,1334585.116587502,0.0,143878.61300245588,1236232.6747013512
 09/11  07:00:00,3477963.929512954,449877.1129214665,1384804.58270557,0.0,47510.71846471471,1586114.3649508648
 09/11  08:00:00,4821466.813368382,576691.6231263371,1843934.5376120699,0.0,47510.71846471471,2343956.8175322856
 09/11  09:00:00,6748435.837558283,843373.3267688762,2812596.936993805,0.0,47510.71846471471,3037001.907884726
 09/11  10:00:00,8988025.790031474,1263803.0014742236,4343497.712879846,0.0,206777.4184193049,3167698.9128361167
 09/11  11:00:00,11814458.906548563,1890320.7727171206,6551888.163212544,0.0,199083.37494323775,3168906.088115219
 09/11  12:00:00,13609225.88488348,2317586.9319227915,8031151.099956047,0.0,193312.84233618737,3063766.6046201014
 09/11  13:00:00,13706438.738497816,2467799.999999999,8539987.055632545,0.0,191389.3314671706,2504137.9791871104
 09/11  14:00:00,13379886.581650043,2467799.999999999,8497813.207490163,0.0,191389.3314671706,2219759.67048172
 09/11  15:00:00,13027429.18903789,2467799.999999999,8403405.550876632,0.0,193312.84233618737,1959502.3897767141
 09/11  16:00:00,12473036.474415157,2467799.999999999,8248258.759977903,0.0,201006.88581225454,1550574.1857151059
 09/11  17:00:00,15088165.259239323,2467799.999999999,7978326.081838252,0.0,225050.7716749644,4406479.1537436815
 09/11  18:00:00,11162785.065918606,2299395.1808144357,7131895.714917235,0.0,451063.29878443724,1266513.2133717174
 09/11  19:00:00,8839006.778666154,1739403.136452251,5262314.440390295,0.0,664573.0052453008,1154253.9971497187
 09/11  20:00:00,7172531.653188614,1327600.8102711642,3981057.917857969,0.0,794409.9889039341,1043615.8569555248
 09/11  21:00:00,6066893.835063359,1058529.5742229284,3175674.414935089,0.0,808836.32042156,994029.9725606795
 09/11  22:00:00,4697008.56374489,857315.9354582386,2576606.461339723,0.0,346231.95642302214,891007.1313238846
 09/11  23:00:00,3790779.1440346558,717927.4851367737,2155502.598593111,0.0,71458.42878397374,827996.4997669368
 09/11  24:00:00,3486666.9201069525,626535.9828391792,1873409.1812375595,0.0,47510.71846471471,926145.4810468075
 09/12  01:00:00,3040061.9729545,545877.4818219817,1624067.2521675725,0.0,47510.71846471471,809540.9639815388
 09/12  02:00:00,2816953.057081626,493282.1385179957,1462158.1966639538,0.0,47510.71846471471,800936.4469162703
 09/12  03:00:00,2665444.880861059,453126.6415140192,1340679.0861247275,0.0,47510.71846471471,811062.8782389052
 09/12  04:00:00,2575441.4703293266,419576.1572864978,1242111.072898035,0.0,48664.82498612478,852023.8586399774
 09/12  05:00:00,3753000.995827976,423816.54226238665,1256860.8798062468,0.0,68140.37253491978,1993673.9492419963
 09/12  06:00:00,3176721.9515068447,405112.0715748532,1213085.5234116218,0.0,304876.47273916117,1243706.6994735077
 09/12  07:00:00,4225006.020246124,454112.4939917272,1393018.7340150883,0.0,385663.92923786637,1982553.7125311042
 09/12  08:00:00,11551438.74870353,709564.1586891192,2253647.4874523073,0.0,387587.4401068832,8191266.545822246
 09/12  09:00:00,9571790.433355914,1016673.8701143112,3352260.0723138424,0.0,377008.1303272908,4817895.413154309
 09/12  10:00:00,9967484.838224804,1456101.1526516085,4945884.406210067,0.0,365467.06511319004,3193783.4698279556
 09/12  11:00:00,13057396.9855696,2145210.9023902607,7357263.086744258,0.0,350078.9781610557,3200583.5107135833
 09/12  12:00:00,14385253.83013475,2456547.6910133697,8486102.087447956,0.0,338537.912946955,3100657.7326781144
 09/12  13:00:00,13752032.431822667,2467799.999999999,8585580.748957396,0.0,191389.3314671706,2504137.9791871104
 09/12  14:00:00,13451301.209773172,2467799.999999999,8569227.83561329,0.0,191389.3314671706,2219759.67048172
 09/12  15:00:00,13105507.383401569,2467799.999999999,8481483.745240316,0.0,193312.84233618737,1959502.3897767141
 09/12  16:00:00,13577166.140885409,2467799.999999999,8304593.954306412,0.0,239236.66433396324,2560138.8793351427
 09/12  17:00:00,12325272.901358746,2467799.999999999,8003723.684889642,0.0,402975.52705901745,1440264.4374276614
 09/12  18:00:00,11715647.962591553,2424008.2671999177,7477557.084406229,0.0,508768.6248549409,1291396.3280996871
 09/12  19:00:00,9344428.059600327,1879314.354654129,5627824.503122591,0.0,664573.0052453008,1154253.9971497187
 09/12  20:00:00,7378441.209211687,1391169.3195565292,4123398.964595677,0.0,794409.9889039341,1043615.8569555248
 09/12  21:00:00,5558332.607718242,1054320.9650528424,3114245.1216443004,0.0,427981.1683562357,931961.799741763
 09/12  22:00:00,4485136.2429241175,832049.6915320251,2457342.146484771,0.0,286603.11948350165,883294.2062237986
 09/12  23:00:00,3584126.007964853,680071.9183736626,2011899.2412605386,0.0,47510.71846471471,826749.9981120762
 09/12  24:00:00,3294736.8585026534,582876.6332407004,1725138.4692317392,0.0,47510.71846471471,926145.4810468075
 09/13  01:00:00,2955603.0491587175,527517.3600058248,1557968.4501879474,0.0,47510.71846471471,809540.9639815388
 09/13  02:00:00,2721953.1810200852,472144.7094865411,1388295.7496338673,0.0,47510.71846471471,800936.4469162703
 09/13  03:00:00,2547665.2880011634,426705.177846011,1249320.9569328404,0.0,47510.71846471471,811062.8782389052
 09/13  04:00:00,2465528.9119409937,389710.2031124347,1137860.2791199004,0.0,47510.71846471471,877382.1547252517
 09/13  05:00:00,2471884.2581695984,359097.294186644,1046268.200095235,0.0,47510.71846471471,1008498.7934405785
 09/13  06:00:00,3897933.076013568,376936.861067623,1102813.1311065562,0.0,176001.24451503626,2232240.655016652
 09/13  07:00:00,3166829.1831056867,356458.55258104147,1065621.9886682986,0.0,131952.84561455177,1603138.645771457
 09/13  08:00:00,4303309.902921118,463883.41578455886,1438585.8345065839,0.0,47510.71846471471,2343956.8175322856
 09/13  09:00:00,6255065.61459536,748151.7654400514,2414448.2753597074,0.0,47510.71846471471,3037001.907884726
 09/13  10:00:00,8639366.418812836,1214585.1320119002,4044056.21112353,0.0,206777.4184193049,3167698.9128361167
 09/13  11:00:00,11743159.033705994,1907599.9285515922,6463309.134535501,0.0,199083.37494323775,3168906.088115219
 09/13  12:00:00,13729434.820644584,2363051.133000506,8105895.834639432,0.0,193312.84233618737,3063766.6046201014
 09/13  13:00:00,13705686.634664463,2467799.999999999,8539234.951799192,0.0,191389.3314671706,2504137.9791871104
 09/13  14:00:00,13288805.53038939,2467799.999999999,8541473.769512832,0.0,83480.37171532869,2192927.016950243
 09/13  15:00:00,12928483.724577656,2467799.999999999,8448579.718194667,0.0,83961.24943258287,1924734.3509020524
 09/13  16:00:00,12553858.153789116,2467799.999999999,8275799.142570987,0.0,239236.66433396324,1565625.7039742733
 09/13  17:00:00,12045263.567072997,2467799.999999999,7991447.191129172,0.0,225050.7716749644,1350456.352286434
 09/13  18:00:00,11102137.812213782,2349853.666407032,7268555.298015235,0.0,277947.32057292614,1191863.8691878084
 09/13  19:00:00,8553181.39539633,1770680.4981052845,5340804.530507469,0.0,355849.5107681061,1067384.6565868834
 09/13  20:00:00,6703995.605813468,1324976.682191837,3961561.011183375,0.0,421248.88031467696,970361.9529235582
 09/13  21:00:00,5487534.946545605,1026508.6968626112,3071259.728661893,0.0,427981.1683562357,931961.799741763
 09/13  22:00:00,4560270.758024672,841893.1431982844,2522633.209919066,0.0,286603.11948350165,883294.2062237986
 09/13  23:00:00,3773304.8446070435,707716.5681491706,2123045.004178982,0.0,95406.13910323277,829243.0014217971
 09/13  24:00:00,3459441.8008133564,618341.159761397,1854378.885021745,0.0,47510.71846471471,926145.4810468075
 09/14  01:00:00,3090582.7170372833,555690.9986443637,1664774.479427974,0.0,47510.71846471471,809540.9639815388
 09/14  02:00:00,2858444.862801529,506012.6683379216,1514098.9859295113,0.0,47510.71846471471,777756.9335506894
 09/14  03:00:00,2753513.836585693,471440.4783691004,1410434.2049942806,0.0,47510.71846471471,811062.8782389052
 09/14  04:00:00,2652990.774475497,435916.2829044298,1303320.2514262735,0.0,48664.82498612478,852023.8586399774
 09/14  05:00:00,2729249.7237761943,410994.07473964425,1229153.616127323,0.0,88770.02660512485,989822.7543216762
 09/14  06:00:00,2923499.4658791474,391056.83158286085,1176007.5987517913,0.0,111755.98148987548,1234737.8697469197
 09/14  07:00:00,3320976.2870510262,412458.2848995068,1265235.768265602,0.0,47510.71846471471,1586114.3649508648
 09/14  08:00:00,4747506.432788201,561346.5547643233,1785319.225393903,0.0,47510.71846471471,2343956.8175322856
 09/14  09:00:00,7170404.917211231,903327.9397476052,2983263.5568392845,0.0,212547.95102635527,3063312.5221518255
 09/14  10:00:00,9546571.609336298,1406583.1549402773,4759263.378718616,0.0,206777.4184193049,3167698.9128361167
 09/14  11:00:00,12533928.197963726,2081596.6476389484,7080081.579705875,0.0,199083.37494323775,3168906.088115219
 09/14  12:00:00,14014157.488003537,2430040.151841699,8323629.483157195,0.0,193312.84233618737,3063766.6046201014
 09/14  13:00:00,13695688.948046567,2467799.999999999,8529237.265181296,0.0,191389.3314671706,2504137.9791871104
 09/14  14:00:00,13424530.105581388,2467799.999999999,8542456.731421508,0.0,191389.3314671706,2219759.67048172
 09/14  15:00:00,13092838.740881896,2467799.999999999,8468815.10272064,0.0,193312.84233618737,1959502.3897767141
 09/14  16:00:00,14244783.9420571,2467799.999999999,8314517.395275375,0.0,201006.88581225454,3256063.018059576
 09/14  17:00:00,12458447.707191095,2467799.999999999,8049676.468015578,0.0,225050.7716749644,1705411.2155181267
 09/14  18:00:00,11665045.013215661,2392020.5609312705,7458941.8412989825,0.0,508768.6248549409,1291396.3280996871
 09/14  19:00:00,9311329.117905246,1850359.4469666395,5623680.469115001,0.0,664573.0052453008,1154253.9971497187
 09/14  20:00:00,7486300.114455176,1401291.144968047,4221136.044427648,0.0,794409.9889039341,1043615.8569555248
 09/14  21:00:00,5758052.741770823,1089992.6360066659,3278293.5847430555,0.0,427981.1683562357,931961.799741763
 09/14  22:00:00,4696891.6441838965,872456.901890394,2628690.3373861816,0.0,286603.11948350165,883294.2062237986
 09/14  23:00:00,3840145.322138869,733553.8242890007,2214436.6495192167,0.0,47510.71846471471,826749.9981120762
 09/14  24:00:00,3576724.3082351354,644674.358313256,1945328.1938916657,0.0,47510.71846471471,926145.4810468075
 09/15  01:00:00,3186732.997186047,577101.3030563539,1739514.4551647473,0.0,47510.71846471471,809540.9639815388
 09/15  02:00:00,2976412.886668887,528267.4783962499,1586916.720210323,0.0,47510.71846471471,800936.4469162703
 09/15  03:00:00,2831301.308025733,490308.8421309725,1469637.346509811,0.0,47510.71846471471,811062.8782389052
 09/15  04:00:00,2763212.3873202186,458069.49880134984,1373235.5062011764,0.0,47799.24509506723,871042.5807039331
 09/15  05:00:00,6866379.475296924,457863.0203667161,1375826.6588811278,0.0,88770.02660512485,4931138.246762624
 09/15  06:00:00,10110530.678900244,522280.29046133097,1583715.1266429685,0.0,176001.24451503626,7816036.528436943
 09/15  07:00:00,3811967.446847643,487474.3533521523,1527023.0107923895,0.0,174173.9091894703,1611650.7861817533
 09/15  08:00:00,5273911.579249103,670558.4190302675,2201660.406076772,0.0,47510.71846471471,2343956.8175322856
 09/15  09:00:00,7798934.358354196,1063987.355322118,3641913.3615617515,0.0,47510.71846471471,3037001.907884726
 09/15  10:00:00,10568264.369312275,1634510.9684922723,5738642.789111701,0.0,47510.71846471471,3140783.08114688
 09/15  11:00:00,14010398.636920152,2342002.098901787,8295862.533562103,0.0,199083.37494323775,3168906.088115219
 09/15  12:00:00,14570260.765007868,2467799.999999999,8841972.912003227,0.0,193312.84233618737,3063766.6046201014
 09/15  13:00:00,14100540.773147129,2467799.999999999,8888670.746838275,0.0,227070.45808743202,2513875.1960104303
 09/15  14:00:00,13790865.314669333,2467799.999999999,8864199.89053343,0.0,227214.7214026083,2228526.330522303
 09/15  15:00:00,13384169.76524508,2467799.999999999,8760146.127083825,0.0,193312.84233618737,1959502.3897767141
 09/15  16:00:00,13800319.160649654,2467799.999999999,8581028.27085153,0.0,201006.88581225454,2545087.361075975
 09/15  17:00:00,12327039.642779836,2467799.999999999,8272939.23299865,0.0,225050.7716749644,1350456.352286434
 09/15  18:00:00,11864061.079407834,2467799.999999999,7830227.82465521,0.0,335652.6466434298,1216746.9839157779
 09/15  19:00:00,9932418.211722074,2042279.3047452578,6252066.291860038,0.0,510211.25800670346,1110819.326868301
 09/15  20:00:00,8002653.590324466,1524368.3799737068,4616684.555990182,0.0,794409.9889039341,1043615.8569555248
 09/15  21:00:00,6647383.886078556,1196407.5415805366,3620274.7354542185,0.0,808836.32042156,994029.9725606795
 09/15  22:00:00,5211482.383004662,963172.7629703542,2919585.894071951,0.0,405860.79336254264,898720.0564239706
 09/15  23:00:00,4238553.438629912,805100.5449411815,2441657.3328110524,0.0,143301.55974175083,831736.0047315182
 09/15  24:00:00,3821288.9775435366,704056.1167944574,2130511.104718865,0.0,47510.71846471471,926145.4810468075
 09/16  01:00:00,3374078.9107888425,623393.5459850114,1880568.1258388853,0.0,47510.71846471471,809540.9639815388
 09/16  02:00:00,3136625.866390532,568247.1267042097,1707150.0516240078,0.0,47510.71846471471,800936.4469162703
 09/16  03:00:00,2964640.5142962215,524060.48593561846,1569224.9089756543,0.0,47510.71846471471,811062.8782389052
 09/16  04:00:00,2828022.2062345343,473198.9226559659,1416864.8538699097,0.0,47510.71846471471,877382.1547252517
 09/16  05:00:00,2848830.948077305,444686.3284862299,1335353.5850044528,0.0,47510.71846471471,1008498.7934405785
 09/16  06:00:00,3031553.391928127,430711.99565175,1309084.9291296392,0.0,47510.71846471471,1231748.2598380572
 09/16  07:00:00,3663082.7887307974,486011.01284973184,1531801.305133608,0.0,47510.71846471471,1586114.3649508648
 09/16  08:00:00,5440405.300118269,702151.7148320556,2336560.83114415,0.0,47510.71846471471,2343956.8175322856
 09/16  09:00:00,8235081.722408086,1106700.3556503432,3843999.878458676,0.0,212547.95102635527,3063312.5221518255
 09/16  10:00:00,10925067.398569237,1658183.375596253,5885590.879620854,0.0,206777.4184193049,3167698.9128361167
 09/16  11:00:00,14036372.888864137,2337664.564446996,8326174.319960877,0.0,199083.37494323775,3168906.088115219
 09/16  12:00:00,14598009.999321628,2467799.999999999,8869722.146316987,0.0,193312.84233618737,3063766.6046201014
 09/16  13:00:00,14071918.151041506,2467799.999999999,8905466.468176235,0.0,191389.3314671706,2504137.9791871104
 09/16  14:00:00,13769715.367454395,2467799.999999999,8887641.993294515,0.0,191389.3314671706,2219759.67048172
 09/16  15:00:00,13415871.360229826,2467799.999999999,8791847.722068569,0.0,193312.84233618737,1959502.3897767141
 09/16  16:00:00,12846689.069904145,2467799.999999999,8621911.355466891,0.0,201006.88581225454,1550574.1857151059
 09/16  17:00:00,12356925.492603198,2467799.999999999,8302825.082822013,0.0,225050.7716749644,1350456.352286434
 09/16  18:00:00,12136043.51701783,2467123.863305368,7855121.076564419,0.0,508768.6248549409,1291396.3280996871
 09/16  19:00:00,10119567.0813488,2033448.3694619446,6250249.679250063,0.0,664573.0052453008,1154253.9971497187
 09/16  20:00:00,7999390.182202001,1519168.9324618545,4618620.59537957,0.0,794409.9889039341,1043615.8569555248
 09/16  21:00:00,6127821.394326972,1175690.0634500918,3564353.04671732,0.0,427981.1683562357,931961.799741763
 09/16  22:00:00,5047525.821456055,956709.7768790476,2896775.8426938634,0.0,286603.11948350165,883294.2062237986
 09/16  23:00:00,4228365.4029114675,803823.2710537256,2432746.5709800636,0.0,143301.55974175083,831736.0047315182
 09/16  24:00:00,3885989.0371518545,712707.5737925303,2156569.2660418833,0.0,83191.84508497614,920454.7957137728
 09/17  01:00:00,3406269.749168218,630204.5561248828,1905947.9540783896,0.0,47510.71846471471,809540.9639815388
 09/17  02:00:00,3177532.516327707,576490.8595523522,1739528.9348756783,0.0,47510.71846471471,800936.4469162703
 09/17  03:00:00,3021639.8970094253,535776.7444121845,1614223.999374929,0.0,47510.71846471471,811062.8782389052
 09/17  04:00:00,2947712.2552806246,500744.89905194985,1509008.9265200163,0.0,47510.71846471471,877382.1547252517
 09/17  05:00:00,2996279.7927994197,479338.9102122275,1450422.1186994729,0.0,47510.71846471471,1008498.7934405785
 09/17  06:00:00,3202647.6882303194,470594.1578775263,1442853.367742321,0.0,47510.71846471471,1231748.2598380572
 09/17  07:00:00,4021569.8205478257,521551.4793845498,1653803.2913364999,0.0,216394.97276438883,1620162.9265920497
 09/17  08:00:00,5818552.821398039,741250.1740434854,2474132.1530174986,0.0,217356.72819889724,2376440.649505184
 09/17  09:00:00,8471109.88752409,1156067.4949142758,4031228.971985475,0.0,212547.95102635527,3063312.5221518255
 09/17  10:00:00,11176008.305829778,1708788.2579133343,6086494.97223904,0.0,206777.4184193049,3167698.9128361167
 09/17  11:00:00,14168809.357520279,2368371.696277576,8428187.690623803,0.0,199083.37494323775,3168906.088115219
 09/17  12:00:00,14551806.031719217,2467799.999999999,8823518.178714575,0.0,193312.84233618737,3063766.6046201014
 09/17  13:00:00,14023369.107710753,2467799.999999999,8856917.424845481,0.0,191389.3314671706,2504137.9791871104
 09/17  14:00:00,13761310.360239279,2467799.999999999,8834644.936103377,0.0,227214.72140260827,2228526.330522303
 09/17  15:00:00,13463499.53698067,2467799.999999999,8743624.149188709,0.0,265925.3776415712,1982741.6041020355
 09/17  16:00:00,12817863.758869259,2467799.999999999,8593086.044432005,0.0,201006.88581225454,1550574.1857151059
 09/17  17:00:00,12636858.999390297,2467799.999999999,8315309.782921192,0.0,402975.52705901745,1440264.4374276614
 09/17  18:00:00,12201154.45175587,2467799.999999999,7919271.840770462,0.0,508768.6248549409,1291396.3280996871
 09/17  19:00:00,10370699.349668195,2077104.48868006,6456305.659164531,0.0,664573.0052453008,1154253.9971497187
 09/17  20:00:00,8292845.8190854555,1573890.8912253543,4855082.002800621,0.0,794409.9889039341,1043615.8569555248
 09/17  21:00:00,6980206.223483387,1258866.1782641213,3888650.1993139265,0.0,808836.32042156,994029.9725606795
 09/17  22:00:00,5444946.313549161,1033512.2996145767,3215689.609027263,0.0,286603.11948350165,883294.2062237986
 09/17  23:00:00,4706746.301552666,896982.9228178397,2816831.6825076966,0.0,143301.55974175083,831736.0047315182
 09/17  24:00:00,4532998.459009666,853324.8530246883,2692951.8499547625,0.0,47510.71846471471,926145.4810468075
 09/18  01:00:00,4022687.432900677,757811.9508512635,2394758.243084468,0.0,47510.71846471471,809540.9639815388
 09/18  02:00:00,3829459.726629179,715649.8961515645,2252297.108577937,0.0,47510.71846471471,800936.4469162703
 09/18  03:00:00,3698030.1933563477,683546.1378598863,2142844.9022741495,0.0,47510.71846471471,811062.8782389052
 09/18  04:00:00,3648021.760558795,656413.4871939837,2053649.843656153,0.0,47510.71846471471,877382.1547252517
 09/18  05:00:00,3682327.1122347503,633634.2510180043,1982174.0973290268,0.0,47510.71846471471,1008498.7934405785
 09/18  06:00:00,4029805.7221222296,627470.2369653526,1978473.2255914565,0.0,176193.59560193794,1237727.4796557825
 09/18  07:00:00,4988771.264591723,691950.7614863364,2247287.935163948,0.0,385663.92923786637,1654211.4882332343
 09/18  08:00:00,6593309.88396866,907293.6836566342,3082845.70597497,0.0,217356.72819889724,2376440.649505184
 09/18  09:00:00,9410951.955571244,1353286.0453702002,4773852.489576702,0.0,212547.95102635527,3063312.5221518255
 09/18  10:00:00,14528849.991233924,2003166.6937807803,7197855.54127061,0.0,206777.4184193049,5114801.593341247
 09/18  11:00:00,20492516.28296119,2467799.999999999,8935058.180522304,0.0,199083.37494323775,8886314.219935209
 09/18  12:00:00,14756457.674324257,2467799.999999999,9028169.821319615,0.0,193312.84233618737,3063766.6046201014
 09/18  13:00:00,14209961.521194976,2467799.999999999,9043509.838329704,0.0,191389.3314671706,2504137.9791871104
 09/18  14:00:00,13874218.82562223,2467799.999999999,8992145.451462353,0.0,191389.3314671706,2219759.67048172
 09/18  15:00:00,13504691.28856379,2467799.999999999,8880667.650402535,0.0,193312.84233618737,1959502.3897767141
 09/18  16:00:00,14075556.092830177,2467799.999999999,8696421.312689427,0.0,315696.2213773806,2590241.915853477
 09/18  17:00:00,12725905.86327516,2467799.999999999,8404356.646806054,0.0,402975.52705901745,1440264.4374276614
 09/18  18:00:00,12029072.517544577,2467799.999999999,7994955.22895459,0.0,335652.6466434299,1216746.983915778
 09/18  19:00:00,10627139.20210773,2230700.690720853,6954742.144603301,0.0,355849.5107681061,1067384.6565868834
 09/18  20:00:00,8308758.794914483,1658481.5805241629,5121215.548796758,0.0,514539.15746199124,988675.4289315499
 09/18  21:00:00,6769028.850218764,1317965.0576115348,4061297.2715861285,0.0,427981.1683562357,931961.799741763
 09/18  22:00:00,5316203.40393416,1073631.2069801285,3316650.849981414,0.0,47510.71846471471,852563.5493078821
 09/18  23:00:00,4669231.896774117,920388.370370047,2856688.6780734183,0.0,47510.71846471471,826749.9981120762
 09/18  24:00:00,4478643.11207748,850732.0076166507,2641189.348430616,0.0,47510.71846471471,926145.4810468075
 09/19  01:00:00,3943074.4605205874,751051.5219980287,2321905.699557613,0.0,47510.71846471471,809540.9639815388
 09/19  02:00:00,3679960.24256963,693036.5283026056,2125410.9923673477,0.0,47510.71846471471,800936.4469162703
 09/19  03:00:00,3478784.494978343,644510.1023069166,1962635.239449114,0.0,47510.71846471471,811062.8782389052
 09/19  04:00:00,3364380.8956297976,601684.4274351544,1824738.038485985,0.0,47510.71846471471,877382.1547252517
 09/19  05:00:00,3348803.060352983,563327.2065467333,1707665.455407776,0.0,68140.37253491978,999160.7738811274
 09/19  06:00:00,3623751.5264795693,542121.2453140038,1657960.372687046,0.0,176001.24451503626,1237727.4796557825
 09/19  07:00:00,4220122.73112975,573130.6986597965,1800680.8070997263,0.0,216491.1483078397,1620162.9265920497
 09/19  08:00:00,5914888.239296722,777808.3336507191,2533909.411308948,0.0,217356.72819889724,2376440.649505184
 09/19  09:00:00,8381987.0416821735,1170010.7754958977,3928162.8455619346,0.0,212547.95102635527,3063312.5221518255
 09/19  10:00:00,10838013.122552227,1689991.7111833163,5767296.335691504,0.0,206777.4184193049,3167698.9128361167
 09/19  11:00:00,13365105.376709992,2299568.8259442784,7877367.933921097,0.0,47510.71846471471,3136397.3908194574
 09/19  12:00:00,14054095.165877879,2467799.999999999,8508500.564802721,0.0,47510.71846471471,3026875.4765620884
 09/19  13:00:00,13482782.862494051,2467799.999999999,8499400.74689337,0.0,47510.71846471471,2464947.0249249768
 09/19  14:00:00,14210699.182490684,2467799.999999999,8423940.375158815,0.0,119450.02496594266,3196384.4101549378
 09/19  15:00:00,12914440.183886545,2467799.999999999,8290416.54572529,0.0,193312.84233618737,1959502.3897767141
 09/19  16:00:00,12331777.766781425,2467799.999999999,8107000.052344171,0.0,201006.88581225454,1550574.1857151059
 09/19  17:00:00,12045449.314695679,2467799.999999999,7857766.5184892155,0.0,314013.1493669909,1395360.3948570476
 09/19  18:00:00,10811919.842810733,2204826.330190773,6793010.901634552,0.0,508768.6248549409,1291396.3280996871
 09/19  19:00:00,8544053.378845122,1669140.1397746617,5037624.037246853,0.0,664573.0052453008,1154253.9971497187
 09/19  20:00:00,6972729.243229235,1281618.9907676666,3827237.327402088,0.0,794409.9889039341,1043615.8569555248
 09/19  21:00:00,5925580.123494971,1030468.918279644,3062421.359309985,0.0,808836.32042156,994029.9725606795
 09/19  22:00:00,4494076.063342883,831072.0371366547,2467259.621298908,0.0,286603.11948350165,883294.2062237986
 09/19  23:00:00,3720574.2741741324,699511.4751724283,2078519.5267228135,0.0,95406.13910323277,829243.0014217971
 09/19  24:00:00,3342703.1067688465,594298.6781757021,1761682.6725629305,0.0,47510.71846471471,926145.4810468075
 09/20  01:00:00,3011541.6870226115,541595.052498151,1599829.3955595153,0.0,47510.71846471471,809540.9639815388
 09/20  02:00:00,2778534.246885562,486839.566309128,1430181.9586767573,0.0,47510.71846471471,800936.4469162703
 09/20  03:00:00,2535580.536255142,428305.7660398473,1249961.2847368224,0.0,47510.71846471471,796737.2104950659
 09/20  04:00:00,2475680.2324059405,393931.154285424,1143790.648411858,0.0,47510.71846471471,877382.1547252517
 09/20  05:00:00,2462744.692383119,358397.00773293007,1037828.9207624695,0.0,47510.71846471471,1008498.7934405785
 09/20  06:00:00,2546793.235092008,320650.1757299008,936942.8967516348,0.0,47510.71846471471,1231748.2598380572
 09/20  07:00:00,3036872.3898748206,348830.281294505,1044759.8746943984,0.0,47510.71846471471,1586114.3649508648
 09/20  08:00:00,4692283.766199421,510478.61952013476,1578634.6523422303,0.0,217356.72819889724,2376440.649505184
 09/20  09:00:00,6786360.683274519,838743.3458293866,2663803.91682079,0.0,212547.95102635527,3063312.5221518255
 09/20  10:00:00,8801701.456029452,1284169.4775321865,4136806.902819861,0.0,206777.4184193049,3167698.9128361167
 09/20  11:00:00,11045269.04582351,1814043.552907489,5858975.522297122,0.0,199083.37494323775,3168906.088115219
 09/20  12:00:00,12316751.43127119,2137905.387802595,6918358.190463952,0.0,193312.84233618737,3063766.6046201014
 09/20  13:00:00,12941544.026357263,2393379.601734485,7712734.138867912,0.0,298865.5012734837,2533440.4122703904
 09/20  14:00:00,13270564.916992832,2467799.999999999,7881781.118630997,0.0,334690.8912089214,2583168.534941922
 09/20  15:00:00,19218115.959512092,2467799.999999999,7758435.609571121,0.0,338537.912946955,8649934.030945662
 09/20  16:00:00,12004975.48846055,2459134.035452804,7575738.551446988,0.0,353925.9998990893,1610780.2587517751
 09/20  17:00:00,10590001.103139974,2176450.9001610167,6559800.986509852,0.0,402975.52705901745,1440264.4374276614
 09/20  18:00:00,9303340.956645511,1750865.3795172095,5160780.525693269,0.0,508768.6248549409,1869008.76854931
 09/20  19:00:00,6399985.451525444,1320911.637636144,3834920.991796625,0.0,201680.1146164104,1024010.5080476793
 09/20  20:00:00,4755037.305881076,972157.5419862064,2812413.9173385412,0.0,47510.71846471471,897108.0488915915
 09/20  21:00:00,4131087.600543918,760031.7334988145,2202619.1791214366,0.0,237745.9434104752,900867.1915900912
 09/20  22:00:00,3401456.7756560314,616812.236663206,1791267.4275365318,0.0,107283.81871941144,860246.2135368611
 09/20  23:00:00,2875651.6531265723,507900.5808972956,1475596.2238986248,0.0,47510.71846471471,826749.9981120762
 09/20  24:00:00,2569059.1599703655,405517.16034981934,1176820.2435903319,0.0,47510.71846471471,926145.4810468075
 09/21  01:00:00,2364651.977420033,383926.1078850052,1110608.6305700825,0.0,47510.71846471471,809540.9639815388
 09/21  02:00:00,2195608.3224877417,343531.2152663244,990564.3853217401,0.0,47510.71846471471,800936.4469162703
 09/21  03:00:00,2057799.549850813,306194.54438612034,879965.8522423807,0.0,47510.71846471471,811062.8782389052
 09/21  04:00:00,1994094.6323625993,273108.4961590128,783027.7064949281,0.0,47510.71846471471,877382.1547252517
 09/21  05:00:00,3120865.74437931,274437.37243789615,785396.4326928252,0.0,47510.71846471471,2003011.9688014477
 09/21  06:00:00,2364469.9000682747,242264.210031763,698535.7815579927,0.0,176001.24451503626,1237727.4796557825
 09/21  07:00:00,2920653.738472682,272105.3014180144,802333.3872278915,0.0,216394.97276438883,1620162.9265920497
 09/21  08:00:00,4182391.700160825,390405.1326577066,1188816.0731660626,0.0,217356.72819889724,2376440.649505184
 09/21  09:00:00,6166983.8925004015,673147.7769974077,2114992.4137011203,0.0,294778.04067682306,3076112.71367889
 09/21  10:00:00,8306622.359352351,1124180.3371022781,3616942.742886944,0.0,365467.06511319004,3193783.4698279556
 09/21  11:00:00,10939490.698040739,1735976.781891399,5648590.919714258,0.0,350078.9781610557,3200583.5107135833
 09/21  12:00:00,12123046.01202209,2117533.0406102287,6927718.370336701,0.0,47510.71846471471,3026875.4765620884
 09/21  13:00:00,12746807.57306382,2403066.918609295,7828158.538853843,0.0,47510.71846471471,2464947.0249249768
 09/21  14:00:00,12692700.61361877,2467799.999999999,7990282.723836647,0.0,47510.71846471471,2183982.799106417
 09/21  15:00:00,12413619.053211542,2467799.999999999,7885675.169569131,0.0,120411.78040045104,1936323.6971936063
 09/21  16:00:00,12928709.42973707,2467799.999999999,7709418.539938948,0.0,201006.88581225454,2545087.361075975
 09/21  17:00:00,10660880.631645426,2226116.9839828466,6781814.061587435,0.0,269531.9605209777,1372908.373571741
 09/21  18:00:00,8957157.756045956,1802164.0325447323,5340911.1125158155,0.0,508768.6248549409,1291396.3280996871
 09/21  19:00:00,7137404.702688342,1356961.7920382405,3943153.7088264963,0.0,664573.0052453008,1154253.9971497187
 09/21  20:00:00,5365397.339572805,1013845.2532684809,2934094.173866067,0.0,421248.88031467696,970361.9529235582
 09/21  21:00:00,4325549.68151353,779897.3449145246,2266550.7321266215,0.0,332863.5558833555,916414.4956659271
 09/21  22:00:00,3325395.122851909,611399.7454413597,1788074.030437932,0.0,47510.71846471471,852563.5493078821
 09/21  23:00:00,3008518.7930142786,512391.8231795458,1503195.2736076033,0.0,143301.55974175083,831736.0047315182
 09/21  24:00:00,2665353.175911273,426918.82403625245,1251712.5958448062,0.0,47510.71846471471,926145.4810468075
 09/22  01:00:00,2435154.5596608436,399295.4926349242,1165741.8280609737,0.0,47510.71846471471,809540.9639815388
 09/22  02:00:00,2265675.307866092,359409.06386913144,1045037.5559346466,0.0,47510.71846471471,800936.4469162703
 09/22  03:00:00,2136936.2616754784,324507.5932098347,941073.5490806943,0.0,47510.71846471471,811062.8782389052
 09/22  04:00:00,2081395.4747351063,293425.7371270174,850011.3078994306,0.0,47510.71846471471,877382.1547252517
 09/22  05:00:00,2107637.2101382934,266698.89037013566,772147.2851815354,0.0,47510.71846471471,1008498.7934405785
 09/22  06:00:00,2284637.808227416,253424.40308302926,739456.9379976491,0.0,47510.71846471471,1231748.2598380572
 09/22  07:00:00,2818247.789356779,293433.6942571585,879543.6243521632,0.0,47510.71846471471,1586114.3649508648
 09/22  08:00:00,4444432.928473599,458997.89270820736,1431994.9003430174,0.0,174895.2257653516,2368319.6915119593
 09/22  09:00:00,6449683.687199632,792920.3861736713,2563729.659555633,0.0,47510.71846471471,3037001.907884726
 09/22  10:00:00,8817235.2429698,1308493.0230541993,4313631.608207298,0.0,47510.71846471471,3140783.08114688
 09/22  11:00:00,11929757.052373648,1970683.5475352565,6540871.243928084,0.0,236832.27574769224,3176825.44376481
 09/22  12:00:00,13737115.071296588,2373225.579340224,7921285.44028294,0.0,338537.912946955,3100657.7326781144
 09/22  13:00:00,13559602.690064948,2467799.999999999,8256372.404310085,0.0,298865.5012734837,2533440.4122703904
 09/22  14:00:00,13051219.373928327,2467799.999999999,8214059.870862884,0.0,155419.6782165566,2210815.452637894
 09/22  15:00:00,13574326.96215095,2467799.999999999,8099909.7804070925,0.0,83961.24943258287,2919247.5262629213
 09/22  16:00:00,12143168.075947803,2467799.999999999,7918390.361510548,0.0,201006.88581225454,1550574.1857151059
 09/22  17:00:00,11501116.220898934,2415350.4825796294,7499465.328538118,0.0,225050.7716749644,1350456.352286434
 09/22  18:00:00,9287977.5743781,1946402.6658924064,5858130.09453154,0.0,277947.32057292614,1191863.8691878084
 09/22  19:00:00,7512136.787813111,1464819.689085645,4310346.274850681,0.0,587392.1316260021,1132536.6620090099
 09/22  20:00:00,5624360.612333143,1074311.1135837408,3134863.8570100483,0.0,421248.88031467696,970361.9529235582
 09/22  21:00:00,5051717.759575888,851795.0959394673,2479951.88581368,0.0,713622.5324052289,978512.9293559504
 09/22  22:00:00,3846478.2388346903,678401.7096892699,1974036.327262276,0.0,286603.11948350165,883294.2062237986
 09/22  23:00:00,3122896.084478422,551737.6363510615,1604557.099223802,0.0,119353.8494224918,830489.5030766577
 09/22  24:00:00,2693328.6827323255,436656.39259815484,1269950.534103957,0.0,47510.71846471471,926145.4810468075
 09/23  01:00:00,2423445.1920804325,398150.1884177135,1155177.7646977736,0.0,47510.71846471471,809540.9639815388
 09/23  02:00:00,2253107.5061512734,357398.01053501904,1034480.8075539403,0.0,47510.71846471471,800936.4469162703
 09/23  03:00:00,2114381.6415886264,319870.0046011455,923156.5176025317,0.0,47510.71846471471,811062.8782389052
 09/23  04:00:00,2046194.7862689258,285924.1549363496,822312.2016239177,0.0,47510.71846471471,877382.1547252517
 09/23  05:00:00,2060629.4652456818,256373.51203555148,735464.918623508,0.0,47510.71846471471,1008498.7934405785
 09/23  06:00:00,2352604.65708898,238673.4358424513,687705.0082317438,0.0,176001.24451503626,1237727.4796557825
 09/23  07:00:00,2947230.7893255264,278223.5051487347,820803.997488476,0.0,216394.97276438883,1620162.9265920497
 09/23  08:00:00,4379462.13654075,435224.05817396665,1340215.4825176392,0.0,217356.72819889724,2376440.649505184
 09/23  09:00:00,6652236.597099889,778923.3758727701,2506592.553314118,0.0,212547.95102635527,3145651.701765759
 09/23  10:00:00,9510215.688395549,1303723.1702331498,4329926.113974579,0.0,206777.4184193049,3662972.173671806
 09/23  11:00:00,12861214.322692353,2038693.9266607123,6856631.961847395,0.0,350078.9781610557,3611264.9146253867
 09/23  12:00:00,16410610.467526346,2441259.9130785326,8286237.300996218,0.0,193024.31570583486,5486680.531697409
 09/23  13:00:00,13520738.649254983,2467799.999999999,8445821.750022007,0.0,119450.02496594266,2484542.5020560436
 09/23  14:00:00,13322542.125730626,2467799.999999999,8440468.751570744,0.0,191389.3314671706,2219759.67048172
 09/23  15:00:00,12984605.34556729,2467799.999999999,8360581.707406037,0.0,193312.84233618737,1959502.3897767141
 09/23  16:00:00,12443426.245146375,2467799.999999999,8218648.530709121,0.0,201006.88581225454,1550574.1857151059
 09/23  17:00:00,12011234.951439478,2467799.999999999,7957134.541658292,0.0,225050.7716749644,1350456.352286434
 09/23  18:00:00,10682292.629612122,2246753.500464562,6952094.315193408,0.0,277947.32057292614,1191863.8691878084
 09/23  19:00:00,7688843.898801601,1629760.4655027443,4915122.552738445,0.0,124595.41654056255,1002323.4337780774
 09/23  20:00:00,6349997.368631805,1240932.471861616,3693879.255030836,0.0,421248.88031467696,970361.9529235582
 09/23  21:00:00,5643932.437845334,989589.4300252513,2934372.2299973425,0.0,713622.5324052289,978512.9293559504
 09/23  22:00:00,4649990.852332342,803740.0852679808,2382843.5170227913,0.0,525118.4672415836,914145.9066241427
 09/23  23:00:00,3724996.664770297,662749.4707831154,1969411.1265236489,0.0,239477.10319259032,836600.9678665329
 09/23  24:00:00,3214231.45040377,556231.7159997808,1656282.7577301615,0.0,65351.281774845425,923300.1383802901
 09/24  01:00:00,2860037.6864692685,500191.5774005412,1489728.8701037816,0.0,47510.71846471471,809540.9639815388
 09/24  02:00:00,2660174.0118204076,452888.2068469312,1345773.0830737995,0.0,47510.71846471471,800936.4469162703
 09/24  03:00:00,2507997.959001952,413419.66542808403,1222939.1403515558,0.0,47510.71846471471,811062.8782389052
 09/24  04:00:00,4260789.493409349,411824.7311255021,1211568.5476216844,0.0,47799.24509506723,2576531.4130484033
 09/24  05:00:00,6323372.065699192,464217.0531194419,1359075.3149815833,0.0,88770.02660512485,4400800.419010616
 09/24  06:00:00,2777638.560614522,342727.1616900228,1011241.4904459802,0.0,176001.24451503626,1237727.4796557825
 09/24  07:00:00,3346977.0796978436,373368.16644457716,1127393.8634264907,0.0,216394.97276438883,1620162.9265920497
 09/24  08:00:00,4826166.598525664,536834.884527832,1686161.2196607762,0.0,217356.72819889724,2376440.649505184
 09/24  09:00:00,7098551.469697512,893619.9184340492,2921118.130639122,0.0,212547.95102635527,3063312.5221518255
 09/24  10:00:00,9549073.492662856,1419236.1951330304,4749112.221852421,0.0,206777.4184193049,3167698.9128361167
 09/24  11:00:00,14947806.500488216,2185585.396800161,7329527.437492991,0.0,199083.37494323775,5229349.783691382
 09/24  12:00:00,13945288.721862068,2446075.093716505,8238725.775140921,0.0,193312.84233618737,3063766.6046201014
 09/24  13:00:00,13496460.297780383,2467799.999999999,8330008.61491511,0.0,191389.3314671706,2504137.9791871104
 09/24  14:00:00,14197466.350844912,2467799.999999999,8276287.7513481425,0.0,227214.72140260827,3223039.505883172
 09/24  15:00:00,12983587.33297532,2467799.999999999,8167860.195552655,0.0,338537.912946955,2005980.8184273571
 09/24  16:00:00,12418057.965311557,2467799.999999999,7980155.063750801,0.0,353925.9998990893,1610780.2587517751
 09/24  17:00:00,11974300.56747505,2459721.718317942,7660829.6326880045,0.0,402975.52705901745,1440264.4374276614
 09/24  18:00:00,9979926.466076137,2035475.523086873,6132379.870899879,0.0,277947.32057292614,1520206.0934856785
 09/24  19:00:00,14425809.164914709,1579011.1851158214,4648844.0419685235,0.0,664573.0052453008,7514918.733156476
 09/24  20:00:00,10062625.068766328,1175282.4059688216,3433886.676253553,0.0,794409.9889039341,4633198.918439998
 09/24  21:00:00,5142218.833796655,901288.1287601814,2629702.521573253,0.0,618408.7443888978,962995.8861512213
 09/24  22:00:00,3662520.5529284896,699737.6749856058,2036861.5309702666,0.0,47510.71846471471,852563.5493078821
 09/24  23:00:00,3112531.261555275,569592.3724420641,1650784.0407825597,0.0,47510.71846471471,826749.9981120762
 09/24  24:00:00,2659661.151833431,430392.31705206935,1242547.0787511473,0.0,47510.71846471471,926145.4810468075
 09/25  01:00:00,2403315.050508611,396122.89677613263,1137074.9147675326,0.0,47510.71846471471,809540.9639815388
 09/25  02:00:00,2177421.9418684114,341121.001734357,974788.2182343774,0.0,47510.71846471471,800936.4469162703
 09/25  03:00:00,1990417.9494155361,290694.4681042738,828084.3280889504,0.0,47510.71846471471,811062.8782389052
 09/25  04:00:00,4198360.567220422,316018.52746035834,896042.0092571753,0.0,48087.77172541975,2925146.702258778
 09/25  05:00:00,1924585.5850774436,217812.8867889166,617670.6653793,0.0,88770.02660512485,989822.7543216762
 09/25  06:00:00,3289307.066741354,226437.30500679105,644686.677895175,0.0,176001.24451503626,2232240.655016652
 09/25  07:00:00,2469280.8133710204,211148.10944879285,614850.4700363101,0.0,47510.71846471471,1586114.3649508648
 09/25  08:00:00,3816354.942799233,353404.28960587387,1062110.000563384,0.0,47510.71846471471,2343956.8175322856
 09/25  09:00:00,5929456.416719118,644563.8171574081,2001079.1789373686,0.0,212547.95102635527,3063312.5221518255
 09/25  10:00:00,8001277.5419063745,1104735.0935055222,3515817.372723448,0.0,206777.4184193049,3167698.9128361167
 09/25  11:00:00,10610250.784043672,1714022.8781184682,5523977.935306305,0.0,199083.37494323775,3168906.088115219
 09/25  12:00:00,12206530.103511091,2127985.7951678233,6909403.081303366,0.0,120411.78040045104,3045321.0405910946
 09/25  13:00:00,14690792.666948624,2423103.9687480656,7863548.182990817,0.0,191389.3314671706,4209626.811531581
 09/25  14:00:00,14224489.654267408,2467799.999999999,7991882.310994748,0.0,191389.3314671706,3570293.639594497
 09/25  15:00:00,12537992.508190649,2467799.999999999,7913968.8700293945,0.0,193312.84233618737,1959502.3897767141
 09/25  16:00:00,11993263.71304485,2467799.999999999,7768485.9986075945,0.0,201006.88581225454,1550574.1857151059
 09/25  17:00:00,15237141.487163752,2419827.7688008603,7393947.469644011,0.0,225050.7716749644,5187806.225061492
 09/25  18:00:00,10680317.789500747,1932004.8999135406,5737702.095141917,0.0,451063.29878443724,2545629.83763007
 09/25  19:00:00,7346574.393644173,1411444.5642857275,4097840.62753484,0.0,664573.0052453008,1154253.9971497187
 09/25  20:00:00,5723724.189228652,1053927.152209598,3029131.618270185,0.0,607829.4346093056,1006988.9049395415
 09/25  21:00:00,4466914.934541291,794718.5187197443,2282429.894800447,0.0,427981.1683562357,931961.799741763
 09/25  22:00:00,3583007.557733327,616481.3272718284,1770781.8255541774,0.0,286603.11948350165,883294.2062237986
 09/25  23:00:00,2909747.3698439375,495435.0830237615,1421380.5905930463,0.0,143301.55974175083,831736.0047315182
 09/25  24:00:00,2446856.5448018657,369833.412890058,1060310.9345943665,0.0,83191.84508497614,920454.7957137728
 09/26  01:00:00,2202354.7633682946,345377.05728922965,986860.4671141194,0.0,47510.71846471471,809540.9639815388
 09/26  02:00:00,2003548.3308763746,296924.79620180663,845110.8127748915,0.0,47510.71846471471,800936.4469162703
 09/26  03:00:00,1833052.2137599182,250719.00798915303,710694.0525484531,0.0,47510.71846471471,811062.8782389052
 09/26  04:00:00,1733641.5051223603,208097.81527438905,587585.2601393128,0.0,47510.71846471471,877382.1547252517
 09/26  05:00:00,1716080.0985915537,170242.46465589193,479318.8700479423,0.0,47510.71846471471,1008498.7934405785
 09/26  06:00:00,1846921.0556426132,145834.45302014705,411886.4400119941,0.0,47510.71846471471,1231748.2598380572
 09/26  07:00:00,8849941.554924764,289140.767619966,828474.4251405019,0.0,301029.4510011276,7421639.760692829
 09/26  08:00:00,8603253.431426656,369126.7878177741,1089691.8801944475,0.0,387587.4401068832,6747474.206674576
 09/26  09:00:00,5287221.999618165,444436.8049506702,1368911.2116880894,0.0,377008.1303272908,3088912.905205955
 09/26  10:00:00,6568920.015348341,717377.7610026533,2286042.9749825587,0.0,365467.06511319004,3193783.4698279556
 09/26  11:00:00,8468816.45753433,1202381.5461947843,3894184.9407206466,0.0,199083.37494323775,3168906.088115219
 09/26  12:00:00,10470397.202212077,1693405.1908423372,5516504.158365095,0.0,193312.84233618737,3063766.6046201014
 09/26  13:00:00,11716381.454224361,2126312.4188204147,6891417.352538674,0.0,191389.3314671706,2504137.9791871104
 09/26  14:00:00,12388849.823096588,2373541.954191957,7601034.494744751,0.0,191389.3314671706,2219759.67048172
 09/26  15:00:00,12375781.392795322,2463061.5699294466,7756496.184704618,0.0,193312.84233618737,1959502.3897767141
 09/26  16:00:00,11717178.094029838,2413160.7417198652,7440477.044310965,0.0,277466.4428556719,1580677.2222334405
 09/26  17:00:00,10275832.310674772,2099841.680324854,6322241.413880812,0.0,402975.52705901745,1440264.4374276614
 09/26  18:00:00,8390983.55197442,1677320.5714409994,4899580.369548012,0.0,508768.6248549409,1291396.3280996871
 09/26  19:00:00,6672023.808737679,1253729.6438067248,3581004.9631073494,0.0,664573.0052453008,1154253.9971497187
 09/26  20:00:00,7376161.276710303,988704.8268516422,2797951.0886889356,0.0,514539.15746199124,3049119.1245077127
 09/26  21:00:00,4230405.077417553,711939.9050943818,2017967.8200810114,0.0,523194.95637256675,947478.8429464923
 09/26  22:00:00,2933318.3009016123,522972.6817311018,1484424.272197893,0.0,47510.71846471471,852563.5493078821
 09/26  23:00:00,2441803.8445474086,403706.8150806227,1145942.1811361338,0.0,47510.71846471471,826749.9981120762
 09/26  24:00:00,2037436.1522155716,273629.2789092532,777085.1172761042,0.0,47510.71846471471,926145.4810468075
 09/27  01:00:00,1889785.185059411,266173.8885289381,753494.0575655272,0.0,47510.71846471471,809540.9639815388
 09/27  02:00:00,1693347.5381962757,217658.34352258814,614176.4727740109,0.0,47510.71846471471,800936.4469162703
 09/27  03:00:00,1539633.8209489228,175125.570827485,492869.09689912567,0.0,47510.71846471471,811062.8782389052
 09/27  04:00:00,1468067.593684459,139111.49632818333,390997.6676476175,0.0,47510.71846471471,877382.1547252517
 09/27  05:00:00,1476892.600020105,107698.69434597269,302675.1417864129,0.0,47510.71846471471,1008498.7934405785
 09/27  06:00:00,3577755.731641046,134842.2185075071,380989.64524457266,0.0,111755.98148987547,2940226.70209139
 09/27  07:00:00,3976015.099511851,174562.2899101389,503045.0316048278,0.0,301029.4510011276,2987721.1765254196
 09/27  08:00:00,7637771.537562848,247031.8140454078,745251.5804054784,0.0,302472.0841528902,6333642.942326097
 09/27  09:00:00,11121561.723776933,542685.4515526185,1711266.9781796827,0.0,212547.95102635527,8647108.395572117
 09/27  10:00:00,7232861.427817164,899453.2284893263,2952683.1236504335,0.0,206777.4184193049,3167698.9128361167
 09/27  11:00:00,10093662.432244241,1575657.995957393,5237795.142555091,0.0,123297.04670397623,3152651.7394673377
 09/27  12:00:00,12139988.299606748,2082624.5350159607,6933895.850533257,0.0,83961.24943258287,3036098.2585765915
 09/27  13:00:00,13249220.582320027,2446776.3965482316,8103792.5029065255,0.0,191389.3314671706,2504137.9791871104
 09/27  14:00:00,14030450.352014607,2467799.999999999,8153863.802493856,0.0,191389.3314671706,3214272.845842589
 09/27  15:00:00,12723825.160716424,2467799.999999999,8099801.522555169,0.0,193312.84233618737,1959502.3897767141
 09/27  16:00:00,12307263.792507958,2467799.999999999,7975923.48450895,0.0,277466.4428556719,1580677.2222334405
 09/27  17:00:00,12048569.782085944,2467799.999999999,7727020.5656168405,0.0,402975.52705901745,1440264.4374276614
 09/27  18:00:00,10453397.319769543,2150448.885963726,6488865.822820409,0.0,508768.6248549409,1291396.3280996871
 09/27  19:00:00,7863069.523545169,1578311.8785355084,4645264.8607060695,0.0,510211.25800670346,1110819.326868301
 09/27  20:00:00,6188653.655792048,1162121.2894155507,3385866.947627629,0.0,607829.4346093056,1006988.9049395414
 09/27  21:00:00,4968490.2848465685,886740.8755012928,2581252.0571031147,0.0,523194.95637256675,947478.8429464923
 09/27  22:00:00,3910629.0302208825,693586.7807323774,2021297.8445811837,0.0,286603.11948350165,883294.2062237986
 09/27  23:00:00,3061208.288222785,554362.3406466092,1614691.0992455243,0.0,47510.71846471471,826749.9981120762
 09/27  24:00:00,2620452.970283882,417814.2332849073,1215916.980968761,0.0,47510.71846471471,926145.4810468075
 09/28  01:00:00,2406598.9845004007,393480.2745255042,1143001.4710099504,0.0,47510.71846471471,809540.9639815388
 09/28  02:00:00,2223533.4371894496,348665.57239617925,1013355.1428935938,0.0,47510.71846471471,800936.4469162703
 09/28  03:00:00,2109272.820983284,316063.8366330586,921569.8311279136,0.0,47510.71846471471,811062.8782389052
 09/28  04:00:00,2038230.7315902961,279778.7472510961,820493.5546305416,0.0,47510.71846471471,877382.1547252517
 09/28  05:00:00,2123877.7696434758,261678.45957875135,773097.2771554973,0.0,88770.02660512485,989822.7543216762
 09/28  06:00:00,2649029.629492419,273814.22542663635,816691.0475454131,0.0,304876.47273916117,1243706.6994735077
 09/28  07:00:00,3435347.7321186177,341485.7529707472,1044329.4112064319,0.0,385663.92923786637,1654211.4882332343
 09/28  08:00:00,4750131.856465708,511416.55837126204,1635544.8037573907,0.0,217356.72819889724,2376440.649505184
 09/28  09:00:00,7213430.587135259,902741.8007775345,3026875.365733383,0.0,212547.95102635527,3063312.5221518255
 09/28  10:00:00,9994704.122920312,1480061.6575087064,5133917.389734199,0.0,206777.4184193049,3167698.9128361167
 09/28  11:00:00,13482229.548345633,2242084.6083577797,7867894.969368951,0.0,199083.37494323775,3168906.088115219
 09/28  12:00:00,14456840.417595366,2467799.999999999,8728552.564590726,0.0,193312.84233618737,3063766.6046201014
 09/28  13:00:00,16852201.390106678,2467799.999999999,8744133.851375408,0.0,191389.3314671706,5445753.8350531105
 09/28  14:00:00,21145621.668585368,2467799.999999999,8685539.609069373,0.0,191389.3314671706,9797768.35583783
 09/28  15:00:00,15024260.340862941,2467799.999999999,8550970.245911159,0.0,302231.64529426314,3699850.043609167
 09/28  16:00:00,16896336.23912483,2467799.999999999,8354555.147045526,0.0,239236.6643339632,5829347.7848354485
 09/28  17:00:00,12433709.804333175,2467799.999999999,8032840.9040836515,0.0,314013.1493669909,1608546.4989001064
 09/28  18:00:00,11884730.657081302,2466359.886043011,7604288.1600528825,0.0,508768.6248549409,1291396.3280996871
 09/28  19:00:00,9770157.41191739,1983751.698505937,5949116.511587846,0.0,664573.0052453008,1154253.9971497187
 09/28  20:00:00,7194886.111916703,1417817.0793136489,4248007.367009493,0.0,514539.15746199124,988675.4289315499
 09/28  21:00:00,6071703.154935455,1111913.8062212486,3348561.1652509854,0.0,618408.7443888978,962995.8861512213
 09/28  22:00:00,4842279.2693457585,887314.4915242381,2691878.6108745933,0.0,346231.95642302214,891007.1313238846
 09/28  23:00:00,3927408.4855200564,748501.0393081458,2286752.597881259,0.0,47510.71846471471,826749.9981120762
 09/28  24:00:00,3786348.79589136,687450.1828459058,2112176.85701524,0.0,47510.71846471471,926145.4810468075
 09/29  01:00:00,3410525.062225043,621411.5262657083,1918996.2969943893,0.0,47510.71846471471,809540.9639815388
 09/29  02:00:00,3264617.0739142396,588172.9382760357,1815215.44757589,0.0,47510.71846471471,800936.4469162703
 09/29  03:00:00,3168894.855897351,563621.4693723966,1733918.2671400057,0.0,47510.71846471471,811062.8782389052
 09/29  04:00:00,3143675.8107298454,542433.3264773154,1663284.054543872,0.0,47510.71846471471,877382.1547252517
 09/29  05:00:00,4308701.135890379,553992.8405524367,1691404.085390451,0.0,47510.71846471471,2003011.9688014477
 09/29  06:00:00,3534231.0392834973,518869.904452221,1589134.921816491,0.0,176001.24451503626,1237727.4796557825
 09/29  07:00:00,4210681.152838078,556290.842762458,1755357.6438586381,0.0,258712.21188275825,1628675.0670023458
 09/29  08:00:00,5969184.854427622,775553.9482481837,2589608.3103302936,0.0,217356.72819889724,2376440.649505184
 09/29  09:00:00,8788403.453224763,1217892.096718874,4286129.868206822,0.0,212547.95102635527,3063312.5221518255
 09/29  10:00:00,11802484.24966556,1817042.9592268749,6604148.147086553,0.0,206777.4184193049,3167698.9128361167
 09/29  11:00:00,14770782.320961008,2439059.165753975,8959189.15075077,0.0,199083.37494323775,3168906.088115219
 09/29  12:00:00,14754040.422192648,2467799.999999999,9208445.82111749,0.0,47510.71846471471,3026875.4765620884
 09/29  13:00:00,14395073.849188289,2467799.999999999,9274389.558139164,0.0,155419.6782165566,2494340.240621577
 09/29  14:00:00,14178050.654784754,2467799.999999999,9251385.230648853,0.0,227214.72140260827,2228526.330522303
 09/29  15:00:00,13877997.614111496,2467799.999999999,9158122.226319535,0.0,265925.3776415712,1982741.6041020355
 09/29  16:00:00,13180360.691593954,2467799.999999999,8955582.9771567,0.0,201006.88581225454,1550574.1857151059
 09/29  17:00:00,12893391.549329178,2467799.999999999,8571558.299022712,0.0,402975.52705901745,1440264.4374276614
 09/29  18:00:00,12371284.177880775,2467799.999999999,8089685.60073273,0.0,508768.6248549409,1291396.3280996871
 09/29  19:00:00,11799155.510219114,2426086.4413304273,7636098.245011903,0.0,587392.1316260021,1132536.6620090099
 09/29  20:00:00,9708972.511385892,1897672.7144237785,5949699.142601536,0.0,794409.9889039341,1043615.8569555248
 09/29  21:00:00,8030290.765680041,1488746.059660812,4710843.096975428,0.0,808836.32042156,994029.9725606795
 09/29  22:00:00,6498687.767914344,1230244.8404491523,3939719.2015028344,0.0,405860.79336254264,898720.0564239706
 09/29  23:00:00,5403315.393218589,1065784.5238011996,3446512.15643619,0.0,47510.71846471471,826749.9981120762
 09/29  24:00:00,5364210.655793556,1030861.4979416993,3346627.401821642,0.0,47510.71846471471,926145.4810468075
 09/30  01:00:00,4756619.861981157,913129.6435084678,2973372.9795077434,0.0,47510.71846471471,809540.9639815388
 09/30  02:00:00,4558963.724992217,868489.9235921714,2829245.1133377315,0.0,47510.71846471471,800936.4469162703
 09/30  03:00:00,4456549.919154148,840716.9715228678,2744477.828246331,0.0,47510.71846471471,811062.8782389052
 09/30  04:00:00,4451668.218884848,822300.7008033188,2691409.088372871,0.0,47510.71846471471,877382.1547252517
 09/30  05:00:00,4522496.055331707,808365.595963411,2645339.424781674,0.0,47510.71846471471,1008498.7934405785
 09/30  06:00:00,4877912.4080696255,806763.9904550863,2644922.204599754,0.0,176001.24451503626,1237727.4796557825
 09/30  07:00:00,7511177.014988365,923242.640038388,3084975.4599024057,0.0,174173.9091894703,3317139.618526224
 09/30  08:00:00,12678199.896271454,1299320.2402074141,4511134.979353719,0.0,217356.72819889724,6640162.73036636
 09/30  09:00:00,11246767.30062509,1672786.5608356474,6076413.147447315,0.0,212547.95102635527,3276498.6261948845
 09/30  10:00:00,15129889.13296191,2280811.356536296,8473271.457712613,0.0,206777.4184193049,4162212.0881969864
 09/30  11:00:00,15208020.203700498,2467799.999999999,9322017.942790192,0.0,236832.27574769224,3176825.44376481
 09/30  12:00:00,15362429.782525504,2467799.999999999,9452025.73085208,0.0,338537.912946955,3100657.7326781144
 09/30  13:00:00,14666100.185140252,2467799.999999999,9499648.50227498,0.0,191389.3314671706,2504137.9791871104
 09/30  14:00:00,14335662.840447191,2467799.999999999,9453589.466287311,0.0,191389.3314671706,2219759.67048172
 09/30  15:00:00,13948550.786087554,2467799.999999999,9324527.147926297,0.0,193312.84233618737,1959502.3897767141
 09/30  16:00:00,13315180.116619473,2467799.999999999,9090402.40218222,0.0,201006.88581225454,1550574.1857151059
 09/30  17:00:00,12913376.167529227,2467799.999999999,8658476.127354082,0.0,358494.3382130042,1417812.4161423545
 09/30  18:00:00,14113444.14835333,2467799.999999999,8126356.738860815,0.0,508768.6248549409,2996885.160444157
 09/30  19:00:00,12416163.053871546,2467799.999999999,7757539.158003062,0.0,664573.0052453008,1509208.8603814116
 09/30  20:00:00,10494437.730532572,2102970.8873230647,6529866.1888489295,0.0,794409.9889039341,1043615.8569555248
 09/30  21:00:00,8183169.6066501625,1588533.5148783652,4985396.145170119,0.0,618408.7443888978,962995.8861512213
 09/30  22:00:00,6620170.697740614,1293075.21756053,4133055.2782969405,0.0,286603.11948350165,883294.2062237986
 09/30  23:00:00,5753120.12575182,1124701.1659776124,3661817.6108706496,0.0,119353.8494224918,830489.5030766577
 09/30  24:00:00,5576431.980081001,1084756.5055669714,3548498.8258315506,0.0,47510.71846471471,880025.1793670934
 10/01  01:00:00,4850670.324405296,948049.07557182,3074753.7291544313,0.0,47510.71846471471,764716.0503636582
 10/01  02:00:00,4503300.317422753,879271.755107581,2803470.1716395635,0.0,47510.71846471471,757406.9213602227
 10/01  03:00:00,4216173.30485481,817171.6599835823,2565123.027879944,0.0,47510.71846471471,770727.1476758983
 10/01  04:00:00,4022307.3552769655,757649.4561836023,2355570.989829074,0.0,47510.71846471471,845935.4399489036
 10/01  05:00:00,3874035.1943122167,688364.7151419867,2135238.229577734,0.0,47510.71846471471,990340.9271826756
 10/01  06:00:00,3965548.561692981,648110.4091593329,2026144.769069749,0.0,47510.71846471471,1231882.0936997607
 10/01  07:00:00,4840885.821601648,688979.5979403051,2215948.1892574294,0.0,224089.01624045603,1700308.463186874
 10/01  08:00:00,6712282.221379686,903035.8973681185,3039353.4384715213,0.0,228897.79341299797,2529774.5534733064
 10/01  09:00:00,9637264.002870325,1353835.9129930136,4761256.302563477,0.0,226974.28254398116,3285677.047730314
 10/01  10:00:00,12852783.714564428,1995227.953249948,7226001.340726948,0.0,221203.74993693084,3402870.3115481036
 10/01  11:00:00,15155432.38551348,2467799.999999999,9074551.796090817,0.0,213509.70646086367,3394470.638119192
 10/01  12:00:00,15156819.089185629,2467799.999999999,9192609.272110064,0.0,206777.4184193049,3285552.202782174
 10/01  13:00:00,14559235.246947054,2467799.999999999,9212544.904544743,0.0,205815.66298479648,2669334.499866267
 10/01  14:00:00,16149112.348813195,2467799.999999999,9176009.61209629,0.0,205815.66298479648,4295746.894180864
 10/01  15:00:00,14911734.614665696,2467799.999999999,9085050.086635644,0.0,209662.68472283008,3145141.6474331375
 10/01  16:00:00,13211628.781022673,2467799.999999999,8896049.077360613,0.0,225050.7716749644,1616268.6218531237
 10/01  17:00:00,12647653.969623152,2467799.999999999,8508831.558778116,0.0,267368.0107933338,1391073.7961066002
 10/01  18:00:00,12051400.825465024,2467799.999999999,8011718.52007867,0.0,343346.69011949695,1211874.8154476623
 10/01  19:00:00,11522226.996252514,2434851.7887421506,7560731.794878614,0.0,426057.6574872189,1078484.6941598868
 10/01  20:00:00,9167576.101840155,1889940.6500064908,5814782.523515575,0.0,458757.3422605043,973154.100679085
 10/01  21:00:00,6954633.785185591,1422908.6778463784,4391843.130311993,0.0,230532.77765166224,873647.485477286
 10/01  22:00:00,5819264.230068507,1149724.2471578345,3567154.8320804136,0.0,211682.3711352977,859761.2943164596
 10/01  23:00:00,4876700.249888249,978392.5844770395,3050041.6102370033,0.0,47510.71846471471,779334.308370529
 10/01  24:00:00,4639583.729396842,898681.948192959,2797725.132521404,0.0,47510.71846471471,880025.1793670934
 10/02  01:00:00,4048106.3107789187,784993.4288834251,2435245.3622164493,0.0,47510.71846471471,764716.0503636582
 10/02  02:00:00,3756909.1861861954,719042.8448401276,2217307.9506704584,0.0,47510.71846471471,757406.9213602227
 10/02  03:00:00,3544551.095463502,666380.8574373254,2044291.6210348927,0.0,47510.71846471471,770727.1476758983
 10/02  04:00:00,3439233.221991461,623058.5937624626,1907087.7189647087,0.0,47510.71846471471,845935.4399489036
 10/02  05:00:00,3475436.725468357,589312.1994013691,1804112.0111091663,0.0,69390.65459978068,1000041.256412936
 10/02  06:00:00,4000852.4531189045,574748.175898599,1768737.2018994235,0.0,316417.5379532619,1329048.9660681968
 10/02  07:00:00,4767708.9007757045,620058.2494262789,1953202.2194415322,0.0,401052.01619000064,1781835.860741309
 10/02  08:00:00,7846482.070828728,875269.0955987982,2874034.2846132307,0.0,410669.5705350846,3675288.5814278726
 10/02  09:00:00,9439597.897169828,1279587.4437416042,4385790.544672119,0.0,406822.548797051,3357876.902919514
 10/02  10:00:00,12400670.702377737,1881659.5465262379,6640573.929006616,0.0,395281.48358295026,3475675.384159441
 10/02  11:00:00,15028454.303930074,2450777.1573800067,8781108.196389375,0.0,337576.1575124466,3453892.547805637
 10/02  12:00:00,14955263.215583486,2467799.999999999,8991053.39850792,0.0,206777.4184193049,3285552.202782174
 10/02  13:00:00,14150888.375602476,2467799.999999999,9050440.127449958,0.0,47510.71846471471,2581397.350136557
 10/02  14:00:00,13833252.1536421,2467799.999999999,9042244.235276233,0.0,47510.71846471471,2271957.020349904
 10/02  15:00:00,13466908.676283015,2467799.999999999,8971680.845065288,0.0,47510.71846471471,1975836.9168789252
 10/02  16:00:00,14619015.35038188,2467799.999999999,8816308.48849994,0.0,91895.73176727713,3236550.8199806893
 10/02  17:00:00,14277137.206535727,2467799.999999999,8461896.830973158,0.0,377489.008044545,2957370.7635729206
 10/02  18:00:00,12499113.842266064,2467799.999999999,8001793.75201419,0.0,639567.3639480826,1373291.9264846002
 10/02  19:00:00,12099686.015497606,2441917.122190939,7607233.089824423,0.0,804989.2986835265,1223445.4438140737
 10/02  20:00:00,9954532.715153955,1945370.6503751385,6007135.177654207,0.0,869426.912795589,1101658.4889505208
 10/02  21:00:00,7571996.734998762,1480200.0406263014,4590664.415758104,0.0,505162.0419755344,960268.5227405506
 10/02  22:00:00,5737862.503181972,1179486.424488069,3678662.1794698527,0.0,47510.71846471471,801261.6953808345
 10/02  23:00:00,4958867.783115948,998479.3251047248,3112122.4028370166,0.0,47510.71846471471,779334.308370529
 10/02  24:00:00,4635447.501263181,902142.0992630656,2790128.753317636,0.0,47510.71846471471,880025.1793670934
 10/03  01:00:00,3990178.842879172,776544.5166443987,2385766.806555729,0.0,47510.71846471471,764716.0503636582
 10/03  02:00:00,3678617.087436457,705911.702144635,2152146.9946162133,0.0,47510.71846471471,757406.9213602227
 10/03  03:00:00,3435092.824565016,645186.4680528954,1956027.739520837,0.0,47510.71846471471,770727.1476758983
 10/03  04:00:00,3302668.234483475,594611.5564355829,1798969.7687836022,0.0,47510.71846471471,845935.4399489036
 10/03  05:00:00,3280796.424295218,553950.7139252876,1676413.4607774352,0.0,47510.71846471471,990340.9271826756
 10/03  06:00:00,3418547.19581308,526227.7144914935,1601026.0978576876,0.0,47510.71846471471,1231882.0936997607
 10/03  07:00:00,4043919.543297491,543252.0326778863,1694238.4829716925,0.0,135799.86735258537,1659068.6053187437
 10/03  08:00:00,5946331.473973833,744047.4078443134,2432391.180589473,0.0,228897.79341299797,2529774.5534733064
 10/03  09:00:00,8669031.936012331,1165459.2336172399,3981400.915081257,0.0,226974.28254398116,3285677.047730314
 10/03  10:00:00,11637295.146781363,1768507.1006085034,6237233.625585328,0.0,221203.74993693084,3402870.3115481036
 10/03  11:00:00,14741667.713065345,2426169.06887603,8702418.05476665,0.0,213509.70646086367,3394470.638119192
 10/03  12:00:00,14972172.53307328,2467799.999999999,9007962.715997713,0.0,206777.4184193049,3285552.202782174
 10/03  13:00:00,14402543.612081477,2467799.999999999,9055853.269679166,0.0,205815.66298479648,2669334.499866267
 10/03  14:00:00,14216785.780019838,2467799.999999999,9001771.197490944,0.0,324832.8980052103,2418641.504972439
 10/03  15:00:00,15813597.102143928,2467799.999999999,8860276.351768773,0.0,372199.3531547488,4109241.201346319
 10/03  16:00:00,14800737.706575366,2467799.999999999,8631337.821936794,0.0,403937.2824935258,3291202.292011074
 10/03  17:00:00,12738633.14073076,2467799.999999999,8231580.257053479,0.0,487610.0052957562,1539062.2744364184
 10/03  18:00:00,12267123.629580645,2467799.999999999,7769803.539328772,0.0,639567.3639480826,1373291.9264846002
 10/03  19:00:00,11251850.441406144,2282394.3657877836,6918920.2721361155,0.0,804989.2986835265,1223445.4438140737
 10/03  20:00:00,8709960.153747547,1671279.4256862001,5036653.840936734,0.0,869426.912795589,1101658.4889505208
 10/03  21:00:00,6897192.3663492445,1282779.4971355114,3872359.16997816,0.0,688376.4522493836,1017975.5330879181
 10/03  22:00:00,5322146.821488958,1027788.2675784342,3117749.6525448626,0.0,266406.2553588254,879261.1606283345
 10/03  23:00:00,4477721.913508515,862214.1983012715,2624441.768651812,0.0,143301.55974175083,826343.3584747175
 10/03  24:00:00,4043846.9449412134,767022.9838798282,2333647.312378906,0.0,47510.71846471471,880025.1793670934
 10/04  01:00:00,3526680.1659393776,668579.6713562477,2030232.9749040862,0.0,47510.71846471471,764716.0503636582
 10/04  02:00:00,3231043.0065965345,599388.6993610151,1811095.9165599106,0.0,47510.71846471471,757406.9213602227
 10/04  03:00:00,3044832.6388612166,551932.8708325451,1659021.1510373873,0.0,47510.71846471471,770727.1476758983
 10/04  04:00:00,4918070.592267217,572645.8014024068,1711845.677536798,0.0,50059.37036616196,2567878.992111179
 10/04  05:00:00,4899636.46390749,564330.048206112,1683043.2742955496,0.0,123801.96830709314,2515880.5691536297
 10/04  06:00:00,3358832.572983251,471570.2776032322,1412769.3014680445,0.0,181771.77712208664,1280820.6454904638
 10/04  07:00:00,3936215.2670779144,491242.5908787133,1509014.641795288,0.0,224089.01624045603,1700308.463186874
 10/04  08:00:00,5568508.220542327,662281.2176594104,2136334.117342869,0.0,228897.79341299797,2529774.5534733064
 10/04  09:00:00,8050316.532371601,1036235.3891126527,3491909.355945114,0.0,226974.28254398116,3285677.047730314
 10/04  10:00:00,10387555.634066802,1567425.9772056995,5435073.340357125,0.0,47510.71846471471,3330065.238936767
 10/04  11:00:00,13622012.951379899,2275065.863826248,7980047.017224221,0.0,47510.71846471471,3314289.107022106
 10/04  12:00:00,14479030.047457669,2467799.999999999,8759361.123409003,0.0,47510.71846471471,3200278.009709867
 10/04  13:00:00,13902799.329453256,2467799.999999999,8802351.081300737,0.0,47510.71846471471,2581397.350136557
 10/04  14:00:00,13564089.294140339,2467799.999999999,8773081.375774473,0.0,47510.71846471471,2271957.020349904
 10/04  15:00:00,13283560.431694083,2467799.999999999,8659047.10271285,0.0,128586.70159377239,2024046.431513375
 10/04  16:00:00,12916453.1445278,2467799.999999999,8448397.432046108,0.0,225050.7716749644,1768744.6306727561
 10/04  17:00:00,18644418.202141996,2467799.999999999,8112472.925578726,0.0,487610.0052957562,7563954.667322412
 10/04  18:00:00,19642240.620853223,2458908.956439606,7709415.147205332,0.0,639567.3639480826,8817688.353441011
 10/04  19:00:00,10549736.27682314,1914722.1437068288,5883047.573975521,0.0,804989.2986835265,1924876.1994726192
 10/04  20:00:00,10380279.237143187,1492382.1445380421,4574801.352105996,0.0,869426.912795589,3412727.3423250583
 10/04  21:00:00,6684143.21707236,1179027.3236241466,3642601.4839020325,0.0,779983.6573863083,1046829.0382616017
 10/04  22:00:00,5272577.798769174,977732.4651172956,3044364.7637403402,0.0,320985.8762671768,898553.20826586
 10/04  23:00:00,4332142.519639283,843962.1642805906,2639914.3001844874,0.0,47510.71846471471,779334.308370529
 10/04  24:00:00,4216196.697250972,793576.7450255016,2479443.3035429916,0.0,47510.71846471471,880025.1793670934
 10/05  01:00:00,3713325.522536441,700292.0398500978,2185165.9630072997,0.0,47510.71846471471,764716.0503636582
 10/05  02:00:00,3519185.4213759736,656347.4028352033,2042279.6278651615,0.0,47510.71846471471,757406.9213602227
 10/05  03:00:00,3380287.9217911083,620767.7258416109,1925641.5789582133,0.0,47510.71846471471,770727.1476758983
 10/05  04:00:00,3327518.351313552,590447.9126721667,1827983.5293770959,0.0,47510.71846471471,845935.4399489036
 10/05  05:00:00,6513957.0901732575,652199.0337124041,2008326.1889432678,0.0,69390.65459978068,3771460.6089727003
 10/05  06:00:00,6760334.191059641,668977.5301668555,2058630.4184641056,0.0,181771.77712208664,3839053.894007169
 10/05  07:00:00,4519886.38580381,595506.6286673221,1859176.5239805856,0.0,312570.51621522836,1741072.1619640915
 10/05  08:00:00,5819414.20312748,724471.3987915834,2325049.91879585,0.0,228897.79341299797,2529774.5534733064
 10/05  09:00:00,7767233.064351115,1039369.3083103223,3457234.344510998,0.0,47510.71846471471,3213598.236025542
 10/05  10:00:00,10546731.13049411,1571436.6306670154,5405364.605260453,0.0,177780.4920688768,3384669.0433952697
 10/05  11:00:00,13625577.935431117,2273977.697284239,7984700.167817447,0.0,47510.71846471471,3314289.107022106
 10/05  12:00:00,14529406.001111006,2467799.999999999,8809737.077062337,0.0,47510.71846471471,3200278.009709867
 10/05  13:00:00,13975936.349614285,2467799.999999999,8875488.101461764,0.0,47510.71846471471,2581397.350136557
 10/05  14:00:00,15399340.418080218,2467799.999999999,8842223.439719062,0.0,87086.95459473514,3998489.844215172
 10/05  15:00:00,16048255.978205916,2467799.999999999,8736223.902944468,0.0,209662.68472283008,4630489.19466453
 10/05  16:00:00,12775747.014124379,2467799.999999999,8532954.535170514,0.0,180665.758372402,1587866.410447489
 10/05  17:00:00,11928424.77650696,2467799.999999999,8157448.136320362,0.0,47510.71846471471,1243085.3177767817
 10/05  18:00:00,11365423.586868575,2431603.549346135,7590088.1143910345,0.0,195428.70429210583,1131642.419020106
 10/05  19:00:00,9173629.723772712,1896426.4075457603,5750559.903595202,0.0,426057.6574872189,1078484.6941598868
 10/05  20:00:00,7638345.233899158,1440387.2616457208,4330724.574830457,0.0,766759.5201618178,1069532.3918826617
 10/05  21:00:00,5885259.833945831,1123442.8085467634,3381145.4570953203,0.0,413554.8368386098,931415.0175668669
 10/05  22:00:00,4874181.985527143,919259.6447463528,2778313.439415129,0.0,266406.2553588254,879261.1606283345
 10/05  23:00:00,4141014.4495593263,780071.5805597228,2369876.922444172,0.0,143301.55974175083,826343.3584747175
 10/05  24:00:00,3799608.475751093,705827.8983384826,2150603.928730131,0.0,47510.71846471471,880025.1793670934
 10/06  01:00:00,3365576.064016709,626311.284304471,1911397.260033194,0.0,47510.71846471471,764716.0503636582
 10/06  02:00:00,3185242.914015416,583352.9340844399,1774993.766426471,0.0,47510.71846471471,764084.7605119597
 10/06  03:00:00,3043369.8696999275,546851.7667666164,1656047.9642653167,0.0,47510.71846471471,777658.685675449
 10/06  04:00:00,2976557.3092900002,514646.7986982528,1552823.6013274584,0.0,47510.71846471471,845935.4399489036
 10/06  05:00:00,3009087.5818157946,487141.7207407643,1468793.4808998099,0.0,47510.71846471471,990340.9271826756
 10/06  06:00:00,3162501.7513913456,464237.9683694692,1403910.2526524113,0.0,47510.71846471471,1231882.0936997607
 10/06  07:00:00,3610278.0887292847,473651.0444006321,1457346.9091768567,0.0,47510.71846471471,1617828.7474506134
 10/06  08:00:00,4873939.533289686,565232.6112512463,1798643.5267329996,0.0,47510.71846471471,2450312.0892184614
 10/06  09:00:00,7844833.294622744,818540.3726811336,2689052.95755084,0.0,47510.71846471471,4279528.756240835
 10/06  10:00:00,9044490.959152203,1219250.1122047855,4069564.9905855292,0.0,308242.6167599405,3439272.8478537723
 10/06  11:00:00,11727269.566592075,1823166.7046215115,6046031.108574353,0.0,378931.6411963076,3473699.8510344517
 10/06  12:00:00,12876885.390364483,2146912.705406253,7049868.671482137,0.0,326515.9700156001,3349507.847586405
 10/06  13:00:00,12315866.217846615,2277107.270376403,7406110.699317693,0.0,47510.71846471471,2581397.350136557
 10/06  14:00:00,12282302.09058216,2315508.950840162,7461724.53842368,0.0,166239.42685477604,2335088.9949122965
 10/06  15:00:00,11809561.94590918,2270974.9519952787,7252588.167169159,0.0,209662.68472283008,2072255.9461478246
 10/06  16:00:00,11135394.051277954,2157660.327008884,6837337.620681481,0.0,403937.2824935258,1729998.5109600902
 10/06  17:00:00,9927753.782500304,1913117.6514358446,5975043.23106434,0.0,487610.0052957562,1539062.2744364184
 10/06  18:00:00,8520481.538608147,1599608.0028518802,4891693.461827231,0.0,639567.3639480826,1373291.9264846002
 10/06  19:00:00,7213915.104106709,1286970.6563368207,3878108.725901848,0.0,804989.2986835265,1223445.4438140737
 10/06  20:00:00,6156019.203603636,1038836.124348647,3117876.322713103,0.0,869426.912795589,1101658.4889505208
 10/06  21:00:00,5303034.115595835,858677.670209373,2584222.150100166,0.0,779983.6573863083,1046829.0382616017
 10/06  22:00:00,4075197.208175775,721916.9266833654,2178711.478063792,0.0,266406.2553588254,879261.1606283345
 10/06  23:00:00,3511216.6316084703,628300.3838221403,1893210.3665222619,0.0,143301.55974175083,826343.3584747175
 10/06  24:00:00,3267577.283251755,563775.5884054301,1690411.18396469,0.0,83191.84508497614,914557.9149459878
 10/07  01:00:00,2878678.6148717655,511455.39305650315,1523389.8805009369,0.0,53473.602158666756,774718.9883049873
 10/07  02:00:00,2674337.5236306884,468762.7777847985,1385356.371493122,0.0,47510.71846471471,757406.9213602227
 10/07  03:00:00,2525595.2632034644,430259.9493920361,1261796.713142985,0.0,47510.71846471471,770727.1476758983
 10/07  04:00:00,2449468.640701142,393570.9285588549,1146810.8028779975,0.0,47510.71846471471,845935.4399489036
 10/07  05:00:00,2458380.851696519,359997.518071786,1045230.9534495124,0.0,47510.71846471471,990340.9271826756
 10/07  06:00:00,2604278.4540142003,334899.8354200617,975025.0882246734,0.0,47510.71846471471,1231882.0936997607
 10/07  07:00:00,3326136.5724142976,349662.41681029624,1038136.0069402037,0.0,224089.01624045603,1700308.463186874
 10/07  08:00:00,6487931.960827223,494125.91245146503,1517404.281522719,0.0,228897.79341299797,4235263.385817776
 10/07  09:00:00,6883915.277885813,704872.3753659225,2229818.8744742577,0.0,226974.28254398116,3712049.2558164313
 10/07  10:00:00,8095929.747476291,1058241.1059866122,3405454.188256467,0.0,221203.74993693084,3402870.3115481036
 10/07  11:00:00,10276109.363913871,1577265.4716847765,5085423.286483588,0.0,213509.70646086367,3394470.638119192
 10/07  12:00:00,11611135.989574708,1925799.2725772336,6188926.899921906,0.0,206777.4184193049,3285552.202782174
 10/07  13:00:00,11906528.69318659,2160674.5330655575,6866963.817718723,0.0,205815.66298479648,2669334.499866267
 10/07  14:00:00,11870801.10948746,2268395.223976127,7097337.284193013,0.0,166239.42685477604,2335088.9949122965
 10/07  15:00:00,11574084.1091928,2280272.3400779413,7007812.942370117,0.0,209662.68472283008,2072255.9461478246
 10/07  16:00:00,11765759.166637726,2209235.2183294683,6642813.724430905,0.0,225050.7716749644,2682199.1420684177
 10/07  17:00:00,8967185.241860788,1849468.695350593,5446354.119342316,0.0,267368.0107933338,1391073.7961066002
 10/07  18:00:00,7693948.655102152,1490881.69526836,4288296.3321211375,0.0,565512.1954909362,1332937.6487253658
 10/07  19:00:00,6093612.244804377,1122920.9917387622,3183801.7266228213,0.0,615523.4780853727,1150965.0689869802
 10/07  20:00:00,4620497.1437628325,826524.2858361157,2333840.0601913515,0.0,458757.3422605043,973154.100679085
 10/07  21:00:00,3773042.2577180495,626369.3547309504,1768381.4489432357,0.0,413554.8368386098,931415.0175668669
 10/07  22:00:00,3024880.151691694,483964.5860124052,1366346.7622506716,0.0,266406.2553588254,879261.1606283345
 10/07  23:00:00,2294987.8564091288,379212.1166976581,1068869.7498286273,0.0,47510.71846471471,779334.308370529
 10/07  24:00:00,1930599.8932529502,258540.81720635074,728882.4273641203,0.0,47510.71846471471,880025.1793670934
 10/08  01:00:00,1798715.393056386,254647.3218402309,716200.551537111,0.0,47510.71846471471,764716.0503636582
 10/08  02:00:00,1620522.822257289,210053.47169121512,589910.9598904653,0.0,47510.71846471471,757406.9213602227
 10/08  03:00:00,1490357.0690027517,172384.52433422382,484093.927677244,0.0,47510.71846471471,770727.1476758983
 10/08  04:00:00,1448159.1498958091,141518.2389238493,397554.0017076701,0.0,47510.71846471471,845935.4399489036
 10/08  05:00:00,1470282.7632027036,101881.87177474723,286388.37647013454,0.0,69390.65459978068,1000041.256412936
 10/08  06:00:00,1810892.6055942695,88120.13479568878,248279.4768866062,0.0,181771.77712208664,1280820.6454904638
 10/08  07:00:00,2397389.0648050276,120102.29010284072,341328.74029827345,0.0,224089.01624045603,1700308.463186874
 10/08  08:00:00,3457045.011107651,176632.18811426772,510519.9374533362,0.0,228897.79341299797,2529774.5534733064
 10/08  09:00:00,4455194.056577608,236105.24075655377,696917.0285072201,0.0,226974.28254398116,3285677.047730314
 10/08  10:00:00,4922507.816020079,353234.07062322745,1060968.376851099,0.0,134357.23420082277,3366467.7752424353
 10/08  11:00:00,6224650.797489546,664072.1206029024,2009043.2172372867,0.0,172009.95946182642,3374425.25534492
 10/08  12:00:00,7735402.131038956,1055667.6397084226,3183324.674254967,0.0,206777.4184193049,3285552.202782174
 10/08  13:00:00,8481781.570387276,1404615.5834617284,4198275.644523237,0.0,205815.66298479648,2669334.499866267
 10/08  14:00:00,9056923.354775827,1639303.0236462185,4851931.502160471,0.0,205815.66298479648,2356132.9864330944
 10/08  15:00:00,9202296.790011082,1760247.373359305,5156050.589907034,0.0,209662.68472283008,2072255.9461478246
 10/08  16:00:00,8755464.28719671,1693666.7211745218,4921401.462434599,0.0,403937.2824935258,1729998.5109600902
 10/08  17:00:00,7534791.007987013,1438509.6061802306,4149086.136337563,0.0,432549.5066701506,1502065.1548539638
 10/08  18:00:00,6559312.884332033,1155022.9392076544,3292430.6752585694,0.0,639567.3639480826,1455631.1060985336
 10/08  19:00:00,5440214.285128051,858449.0535495861,2428749.0239838455,0.0,520886.74332974665,1610028.40328023
 10/08  20:00:00,3136588.4064850584,578074.8627665252,1636242.9021650655,0.0,47510.71846471471,843818.4377102513
 10/08  21:00:00,2690956.248799501,435572.3963957627,1235896.6710147827,0.0,139021.74805818847,844763.7194324957
 10/08  22:00:00,2193949.673319378,341947.92691153043,972287.8471837968,0.0,47510.71846471471,801261.6953808345
 10/08  23:00:00,1890264.5191941634,270738.1874429936,771260.2765769635,0.0,47510.71846471471,779334.308370529
 10/08  24:00:00,1604152.4643109157,171292.75456560275,489683.0610628337,0.0,47510.71846471471,880025.1793670934
 10/09  01:00:00,1558515.5796125724,189208.46152577907,541439.5984077494,0.0,47510.71846471471,764716.0503636582
 10/09  02:00:00,1469046.9291981286,167750.63405820786,480737.9044643121,0.0,47510.71846471471,757406.9213602227
 10/09  03:00:00,1417401.3710419096,150823.0854003795,432699.66865024593,0.0,47510.71846471471,770727.1476758983
 10/09  04:00:00,1444547.1511811228,138300.19798027875,397160.0439365542,0.0,47510.71846471471,845935.4399489036
 10/09  05:00:00,1552164.258527172,125495.69454601494,360446.18170599843,0.0,58450.686532247695,995191.0917978059
 10/09  06:00:00,1822752.3252302126,113424.60787054947,326434.5286717264,0.0,114641.24779340067,1256351.3695951123
 10/09  07:00:00,4622190.121541611,127638.61748176384,369650.69182194525,0.0,224089.01624045603,3889251.2410208625
 10/09  08:00:00,12003765.967898492,191864.8000456695,563085.9999661298,0.0,410669.5705350846,10826925.058697864
 10/09  09:00:00,7930457.367640948,401971.7407250734,1196032.4696430652,0.0,406822.548797051,5916110.151436219
 10/09  10:00:00,5526177.852632223,422892.2565320006,1286569.070819675,0.0,351762.0501714454,3457474.1160066063
 10/09  11:00:00,6253110.7392436145,647204.5679562764,1992825.5818646727,0.0,213509.70646086367,3394470.638119192
 10/09  12:00:00,7683097.560799174,1026306.1418437215,3160381.6018798845,0.0,206777.4184193049,3285552.202782174
 10/09  13:00:00,8585031.03947562,1406602.3380167827,4299538.359056527,0.0,205815.66298479648,2669334.499866267
 10/09  14:00:00,9320627.577995684,1679566.41426007,5075372.3347664755,0.0,205815.66298479648,2356132.9864330944
 10/09  15:00:00,9494947.212209865,1809586.1752072289,5399362.210257895,0.0,209662.68472283008,2072255.9461478246
 10/09  16:00:00,8642516.03710548,1722759.4848094922,5071976.848633927,0.0,225050.7716749644,1616268.6218531237
 10/09  17:00:00,7347784.124408703,1456932.6800920488,4219829.033471615,0.0,267368.0107933338,1391073.7961066002
 10/09  18:00:00,6336678.756346136,1147431.4297169705,3274136.682593671,0.0,565512.1954909362,1332937.6487253658
 10/09  19:00:00,5311677.4258863265,850053.0843005013,2411088.5381035814,0.0,804989.2986835265,1223445.4438140737
 10/09  20:00:00,4416020.726705111,629258.4858388997,1784735.3537415988,0.0,869426.912795589,1101658.4889505208
 10/09  21:00:00,3699267.2384156426,478417.3877346142,1358335.4411348465,0.0,779983.6573863083,1046829.0382616017
 10/09  22:00:00,2296763.996022722,349245.53126352606,993580.8149997424,0.0,102234.60268824238,820761.5616927095
 10/09  23:00:00,1880095.4507276586,268269.18963919266,763560.2059142595,0.0,47510.71846471471,779334.308370529
 10/09  24:00:00,1530733.7120585153,152542.18112745087,435014.8822485852,0.0,47510.71846471471,880025.1793670934
 10/10  01:00:00,1483243.7984484634,169995.5325663819,485380.7462030373,0.0,47510.71846471471,764716.0503636582
 10/10  02:00:00,1370718.8767169637,142568.8219116974,407591.66412965755,0.0,47510.71846471471,757406.9213602227
 10/10  03:00:00,1298229.0000608414,120340.2877467901,344010.09532276745,0.0,47510.71846471471,770727.1476758983
 10/10  04:00:00,1301575.9181586355,101669.79936275719,290819.2095315887,0.0,47510.71846471471,845935.4399489036
 10/10  05:00:00,1418860.904855039,79002.10801321853,226266.01651867223,0.0,91270.59073484667,1009741.5856431965
 10/10  06:00:00,1587920.7162973052,64780.81413821182,186046.61608317523,0.0,81075.98312905768,1244116.7316474365
 10/10  07:00:00,3346213.423021374,121778.32305385875,352075.5521043091,0.0,135799.86735258537,2724999.125534038
 10/10  08:00:00,3564496.874803072,201926.35973867524,592677.6295243502,0.0,228897.79341299797,2529774.5534733064
 10/10  09:00:00,4765899.757976346,311368.0715294405,932359.8991330708,0.0,226974.28254398116,3285677.047730314
 10/10  10:00:00,5928590.339352019,566501.406118492,1730534.512645997,0.0,221203.74993693084,3402870.3115481036
 10/10  11:00:00,8214945.378401643,966648.2561003079,2995658.220749493,0.0,213509.70646086367,4034028.9502483686
 10/10  12:00:00,13296348.390705982,1507678.6316988622,4668096.173199554,0.0,206777.4184193049,6909715.971514173
 10/10  13:00:00,9773089.222404469,1688549.1354395866,5205649.744562571,0.0,205815.66298479648,2669334.499866267
 10/10  14:00:00,10056532.026587324,1852766.4343442,5638076.763273986,0.0,205815.66298479648,2356132.9864330944
 10/10  15:00:00,9969004.926267011,1921467.4708886496,5761538.628633618,0.0,209662.68472283008,2072255.9461478246
 10/10  16:00:00,8945351.44148617,1794955.1888207798,5302616.549003329,0.0,225050.7716749644,1616268.6218531237
 10/10  17:00:00,10022179.298155665,1593997.5323519,4625298.31452814,0.0,267368.0107933338,3522934.836537188
 10/10  18:00:00,8232500.556424393,1220818.9674305527,3500185.375859718,0.0,343346.69011949695,3151488.723195432
 10/10  19:00:00,6691601.305815503,926922.5935919126,2641257.2074560327,0.0,804989.2986835265,2296331.1450993866
 10/10  20:00:00,4599649.951410271,673971.9199776811,1923651.1443079787,0.0,869426.912795589,1101658.4889505208
 10/10  21:00:00,3831149.5019013453,510088.74200868746,1458546.3503464763,0.0,779983.6573863083,1046829.0382616017
 10/10  22:00:00,2680518.0907373284,389167.0019124298,1114742.1874592367,0.0,266406.2553588254,879261.1606283345
 10/10  23:00:00,2190079.8861292773,309787.9854850349,889225.9540888111,0.0,143301.55974175083,826343.3584747175
 10/10  24:00:00,1699980.5247904113,195091.68270584906,561712.1934020831,0.0,47510.71846471471,880025.1793670934
 10/11  01:00:00,1624672.0084473197,205549.29982045473,591255.1889478207,0.0,47510.71846471471,764716.0503636582
 10/11  02:00:00,1504289.1720526926,176417.81605103836,507312.9653260455,0.0,47510.71846471471,757406.9213602227
 10/11  03:00:00,1419766.9397075865,151184.24859585398,434704.0741204483,0.0,47510.71846471471,770727.1476758983
 10/11  04:00:00,1412996.5411113133,130047.7052805658,373861.9265664581,0.0,47510.71846471471,845935.4399489036
 10/11  05:00:00,3374444.453587883,159984.82544236738,458538.54620855,0.0,47510.71846471471,2695829.759527146
 10/11  06:00:00,2399247.8689235295,128751.54654177633,369631.12038366153,0.0,181771.77712208664,1707192.8535765815
 10/11  07:00:00,2480836.4893696387,139844.6764360377,405033.7785296881,0.0,224089.01624045603,1700308.463186874
 10/11  08:00:00,3654433.56406549,224322.6466110046,660218.0319144388,0.0,228897.79341299797,2529774.5534733064
 10/11  09:00:00,4958522.451575149,373724.6791038883,1125511.5791034354,0.0,182108.39152416453,3267657.3448041207
 10/11  10:00:00,6406361.148820842,680728.844154045,2094077.8840792668,0.0,221203.74993693084,3402870.3115481036
 10/11  11:00:00,8247383.456904592,1123999.4640232353,3510303.4034586917,0.0,213509.70646086367,3394470.638119192
 10/11  12:00:00,9965933.342688167,1557684.169768458,4911839.355844143,0.0,206777.4184193049,3285552.202782174
 10/11  13:00:00,10828852.943088606,1907938.8268165654,6042023.77386973,0.0,205815.66298479648,2669334.499866267
 10/11  14:00:00,11622562.275607437,2173480.6165523785,6883392.830085919,0.0,205815.66298479648,2356132.9864330944
 10/11  15:00:00,13842069.213585524,2374155.5587991625,7476425.995697147,0.0,209662.68472283008,3777744.778492295
 10/11  16:00:00,16141434.396452794,2440240.004608258,7589692.607321299,0.0,225050.7716749644,5879990.702714299
 10/11  17:00:00,12036845.907769341,2103030.510937003,6402259.7848536465,0.0,487610.0052957562,3031365.0027378295
 10/11  18:00:00,8975684.293567307,1607562.7951061318,4760988.967759676,0.0,639567.3639480826,1950904.366934223
 10/11  19:00:00,6736107.541202899,1198694.7425539899,3486876.995166664,0.0,804989.2986835265,1223445.4438140737
 10/11  20:00:00,5464370.173296051,889723.3127625262,2572619.9734089132,0.0,869426.912795589,1101658.4889505208
 10/11  21:00:00,4113441.1108369958,671628.3035464231,1940680.5286762165,0.0,505162.0419755344,960268.5227405506
 10/11  22:00:00,3192397.1203572326,518187.49644635513,1498304.8865242675,0.0,266117.7287284729,878845.5232796354
 10/11  23:00:00,2446259.1915974016,409716.51967000926,1188276.6167531859,0.0,47510.71846471471,779334.308370529
 10/11  24:00:00,2171638.862904759,313859.60128752,914602.6129347599,0.0,47510.71846471471,880025.1793670934
 10/12  01:00:00,2028858.542131803,306152.54658398114,894838.4758687777,0.0,47510.71846471471,764716.0503636582
 10/12  02:00:00,1913559.0416661014,278032.781249124,814967.8697413688,0.0,47510.71846471471,757406.9213602227
 10/12  03:00:00,1850513.9277559272,258140.1006405737,758495.2101240695,0.0,47510.71846471471,770727.1476758983
 10/12  04:00:00,3035445.1191015257,267406.2342692812,786809.5146385685,0.0,48376.29835577226,1917212.3209872325
 10/12  05:00:00,1927333.1166645507,213785.051372524,631535.5503342049,0.0,69390.65459978068,1000041.2564129359
 10/12  06:00:00,2284528.894095936,204143.38031110118,605892.5198728608,0.0,181771.77712208664,1280820.6454904638
 10/12  07:00:00,3036066.6266436037,272502.6138679691,827605.9783717213,0.0,224089.01624045603,1700308.463186874
 10/12  08:00:00,4704095.248327486,461628.7279687402,1472573.6348186997,0.0,228897.79341299797,2529774.5534733064
 10/12  09:00:00,6760696.543749292,801127.1782352326,2688939.953984264,0.0,47510.71846471471,3213598.236025542
 10/12  10:00:00,10205079.671927989,1379780.3025481394,4800684.7407466965,0.0,47510.71846471471,3969623.551065943
 10/12  11:00:00,18353474.439516485,2320526.5572094237,8156527.554883854,0.0,213365.4431456874,7657954.63943491
 10/12  12:00:00,15461689.27379499,2467799.999999999,8826181.653432606,0.0,366428.8205476985,3797198.6039405987
 10/12  13:00:00,14376216.742747251,2467799.999999999,8906633.358108185,0.0,284679.6086144849,2713363.596473336
 10/12  14:00:00,13934656.374277614,2467799.999999999,8901167.545308476,0.0,205815.66298479648,2356132.9864330944
 10/12  15:00:00,13546848.945734698,2467799.999999999,8793050.118989956,0.0,209662.68472283008,2072255.9461478246
 10/12  16:00:00,12887359.343238855,2467799.999999999,8571779.639576795,0.0,225050.7716749644,1616268.6218531237
 10/12  17:00:00,13464763.187630448,2467799.999999999,8167952.6383620575,0.0,322428.5094189394,2494001.4359043483
 10/12  18:00:00,12172345.908891197,2462934.6467225784,7679891.17191674,0.0,639567.3639480826,1373291.9264846002
 10/12  19:00:00,9979882.047599185,1969185.6119941133,5960160.632122828,0.0,804989.2986835265,1223445.4438140737
 10/12  20:00:00,7761924.210987886,1436971.1877165479,4322926.136146727,0.0,869426.912795589,1101658.4889505208
 10/12  21:00:00,6158849.309447732,1101629.5931312346,3315166.0170809245,0.0,688376.4522493836,1017975.5330879181
 10/12  22:00:00,4622470.764979981,856585.9541393368,2589275.909474982,0.0,266406.2553588254,879261.1606283345
 10/12  23:00:00,3696960.9105528914,705929.0359423487,2142765.8194363364,0.0,47510.71846471471,779334.308370529
 10/12  24:00:00,3436555.6645941604,616702.4132070255,1876676.6027046554,0.0,47510.71846471471,880025.1793670934
 10/13  01:00:00,3038435.06535852,545688.4701271955,1664879.0755522798,0.0,47510.71846471471,764716.0503636582
 10/13  02:00:00,2855908.7084169164,502024.69254661544,1533665.6415175328,0.0,47510.71846471471,757406.9213602227
 10/13  03:00:00,2745936.0945113734,471327.8648129728,1441069.629029957,0.0,47510.71846471471,770727.1476758983
 10/13  04:00:00,2741292.2406377885,450581.82305979,1381623.5083137087,0.0,47510.71846471471,845935.4399489036
 10/13  05:00:00,4044135.1772312103,471867.30054424144,1453184.9762964537,0.0,47510.71846471471,2056271.4473979694
 10/13  06:00:00,3337713.1211160747,452970.1365506925,1407189.843747842,0.0,181771.77712208664,1280820.6454904638
 10/13  07:00:00,4128504.6426884355,523937.3493063049,1666229.1447183322,0.0,224089.01624045603,1700308.463186874
 10/13  08:00:00,6249014.546695441,758974.6151665311,2523110.5333743216,0.0,365226.62625456287,2589462.184277761
 10/13  09:00:00,8836505.018912163,1184247.071623533,4129406.127329115,0.0,226974.28254398116,3285677.047730314
 10/13  10:00:00,11947549.66593719,1814087.9531967056,6501227.259507273,0.0,221203.74993693084,3402870.3115481036
 10/13  11:00:00,14840687.149160944,2440639.939623488,8786626.60379195,0.0,213509.70646086367,3394470.638119192
 10/13  12:00:00,14930264.339082107,2467799.999999999,8966054.52200654,0.0,206777.4184193049,3285552.202782174
 10/13  13:00:00,14341808.171209805,2467799.999999999,8995117.828807494,0.0,205815.66298479648,2669334.499866267
 10/13  14:00:00,13986878.880266964,2467799.999999999,8953390.051297829,0.0,205815.66298479648,2356132.9864330944
 10/13  15:00:00,13596386.129943967,2467799.999999999,8842587.303199226,0.0,209662.68472283008,2072255.9461478246
 10/13  16:00:00,13087353.26715874,2467799.999999999,8625465.363533914,0.0,314494.0270842451,1673133.566406607
 10/13  17:00:00,13787466.24853766,2467799.999999999,8214142.828322245,0.0,487610.0052957562,2604992.794651712
 10/13  18:00:00,12133154.591277614,2467799.999999999,7750583.963564961,0.0,565512.1954909362,1332937.6487253658
 10/13  19:00:00,9778001.537404846,2030592.8420794397,6222465.364307862,0.0,426057.6574872189,1078484.6941598868
 10/13  20:00:00,7509722.115581522,1484427.2200314282,4565162.097814728,0.0,458757.3422605043,973154.100679085
 10/13  21:00:00,6622266.45347359,1189953.7754868793,3692639.0930110225,0.0,688376.4522493837,1017975.5330879181
 10/13  22:00:00,5577339.133181546,994786.3856079326,3112497.269961489,0.0,484724.7389922311,956429.3511784363
 10/13  23:00:00,4555755.149066778,852707.402616686,2677515.4559261594,0.0,167345.4456044607,838125.8818718714
 10/13  24:00:00,4196467.74873978,788169.9278874274,2465121.172169873,0.0,47510.71846471471,880025.1793670934
 10/14  01:00:00,3643650.7895842707,685296.1842052229,2130487.085700004,0.0,47510.71846471471,764716.0503636582
 10/14  02:00:00,3387917.156852837,627722.6772490287,1939976.1052510408,0.0,47510.71846471471,757406.9213602227
 10/14  03:00:00,3198978.7559557203,579779.9082291635,1785660.2470581143,0.0,47510.71846471471,770727.1476758983
 10/14  04:00:00,3127591.465726347,543480.4163958956,1675024.140066162,0.0,47510.71846471471,845935.4399489036
 10/14  05:00:00,3172945.7171639567,514840.2323947406,1589162.971911332,0.0,58450.686532247695,995191.0917978059
 10/14  06:00:00,3530955.7242293158,501836.1077247673,1551566.4756870084,0.0,181771.77712208664,1280820.6454904638
 10/14  07:00:00,4247036.668914994,558688.8739492248,1750009.6463019713,0.0,224089.01624045603,1700308.463186874
 10/14  08:00:00,5964294.522615593,754762.8874977427,2438618.7006092826,0.0,228897.79341299797,2529774.5534733064
 10/14  09:00:00,8819759.347864855,1161839.8844588315,3883019.5220042383,0.0,406822.548797051,3357876.902919514
 10/14  10:00:00,11464719.809700038,1717770.3299292566,5867832.220280213,0.0,395281.48358295026,3475675.384159441
 10/14  11:00:00,14059984.353992373,2358517.8693414778,8088045.878905389,0.0,213509.70646086367,3394470.638119192
 10/14  12:00:00,14502597.550211927,2467799.999999999,8538387.733136361,0.0,206777.4184193049,3285552.202782174
 10/14  13:00:00,13932227.038656786,2467799.999999999,8585536.696254475,0.0,205815.66298479648,2669334.499866267
 10/14  14:00:00,13729499.483171828,2467799.999999999,8574993.485162852,0.0,285160.48633173906,2397805.3321259907
 10/14  15:00:00,13249238.532171885,2467799.999999999,8495439.705427142,0.0,209662.68472283008,2072255.9461478246
 10/14  16:00:00,12644015.838328628,2467799.999999999,8328436.134666568,0.0,225050.7716749644,1616268.6218531237
 10/14  17:00:00,11930006.25889853,2467799.999999999,7974766.71705987,0.0,157439.36462902426,1317079.5569416909
 10/14  18:00:00,11242296.792379986,2320363.3473471105,7121572.2635366,0.0,491457.0270337898,1292583.3709661313
 10/14  19:00:00,8946274.758894207,1724916.076783352,5172522.960242813,0.0,804989.2986835265,1223445.4438140737
 10/14  20:00:00,7157158.738169779,1296957.008078475,3860894.9735494177,0.0,869426.912795589,1101658.4889505208
 10/14  21:00:00,5898688.319034243,1017054.8551378655,3021499.1686100806,0.0,779983.6573863083,1046829.0382616017
 10/14  22:00:00,4705325.003374552,815198.592179331,2420070.933583096,0.0,484724.7389922311,956429.3511784363
 10/14  23:00:00,3638259.093065746,667381.4861766143,1980918.8527959483,0.0,143493.9108286525,826403.8802169312
 10/14  24:00:00,3129530.9079322433,550456.885408136,1635897.3738416287,0.0,47510.71846471471,880025.1793670934
 10/15  01:00:00,2807627.5815762766,497698.10178064543,1482061.9601165866,0.0,47510.71846471471,764716.0503636582
 10/15  02:00:00,2610752.3520390373,448980.86591361125,1341213.0954498174,0.0,47510.71846471471,757406.9213602227
 10/15  03:00:00,2527275.814199538,422890.7671547644,1270506.430053489,0.0,47510.71846471471,770727.1476758983
 10/15  04:00:00,2569886.918539277,412093.77760412195,1248706.2316708653,0.0,47510.71846471471,845935.4399489036
 10/15  05:00:00,2711724.586489903,401472.5371506321,1228239.5343814488,0.0,69390.65459978068,1000041.256412936
 10/15  06:00:00,3221046.546793254,404189.43227758823,1250927.079899237,0.0,249094.65753767427,1304934.8057793304
 10/15  07:00:00,3903982.2320093946,471795.7655605062,1496228.4320449752,0.0,224089.01624045603,1700308.463186874
 10/15  08:00:00,5764816.699745926,695073.4932718376,2299850.320934042,0.0,228897.79341299797,2529774.5534733064
 10/15  09:00:00,8125877.539829223,1092881.5403216537,3762366.587977774,0.0,47510.71846471471,3213598.236025542
 10/15  10:00:00,11211665.196833532,1702431.1898529436,6000928.638434835,0.0,134357.23420082277,3366467.775242435
 10/15  11:00:00,14566202.949721806,2403362.925550135,8549759.434749003,0.0,213509.70646086367,3394470.638119192
 10/15  12:00:00,14874096.640086414,2467799.999999999,8909886.823010849,0.0,206777.4184193049,3285552.202782174
 10/15  13:00:00,14299918.657668483,2467799.999999999,8953228.31526617,0.0,205815.66298479648,2669334.499866267
 10/15  14:00:00,13945050.16145001,2467799.999999999,8911561.332480872,0.0,205815.66298479648,2356132.9864330944
 10/15  15:00:00,13543675.070856959,2467799.999999999,8789876.244112216,0.0,209662.68472283008,2072255.9461478246
 10/15  16:00:00,12932358.697584622,2467799.999999999,8543624.893941179,0.0,269772.3993796047,1644701.0941298653
 10/15  17:00:00,12271816.810248055,2467799.999999999,8132994.399403016,0.0,267368.0107933338,1391073.7961066002
 10/15  18:00:00,12513005.59726512,2467799.999999999,7719355.533533211,0.0,417401.85857664334,1891787.4053360731
 10/15  19:00:00,14263860.570401354,2150073.1585352854,6570060.937364448,0.0,710256.3883844495,4811369.025132527
 10/15  20:00:00,8255632.555752717,1534109.7585580132,4719495.9100700915,0.0,869426.912795589,1101658.4889505208
 10/15  21:00:00,6569602.709806927,1205771.3216412421,3742238.39924072,0.0,596769.247112459,989122.0279142344
 10/15  22:00:00,5275524.661403263,990798.7295102812,3108117.03052732,0.0,266406.2553588254,879261.1606283345
 10/15  23:00:00,4607222.889120377,869340.663501451,2746816.279063495,0.0,143301.55974175083,826343.3584747175
 10/15  24:00:00,4395596.653432508,829507.43489445,2622912.5698555782,0.0,47510.71846471471,880025.1793670934
 10/16  01:00:00,3887723.675410484,736684.8736677953,2323171.2820636444,0.0,47510.71846471471,764716.0503636582
 10/16  02:00:00,3679303.56263814,691772.6075985603,2166972.564363971,0.0,47510.71846471471,757406.9213602227
 10/16  03:00:00,3504923.048443666,650279.8556830984,2020764.5757692838,0.0,47510.71846471471,770727.1476758983
 10/16  04:00:00,3420357.7432423998,614890.1808972764,1896380.6530808338,0.0,47510.71846471471,845935.4399489036
 10/16  05:00:00,3414267.3525184523,580672.8738057422,1783162.2291202145,0.0,47510.71846471471,990340.9271826756
 10/16  06:00:00,3644901.38696218,555969.7114768205,1706038.4867974226,0.0,114641.24779340066,1256351.3695951123
 10/16  07:00:00,4219460.515188719,587485.9037003457,1825545.5838404607,0.0,135799.86735258537,1659068.6053187437
 10/16  08:00:00,5653385.021080673,746685.0219247052,2397656.6528190486,0.0,47510.71846471471,2450312.0892184614
 10/16  09:00:00,8392145.593256611,1119560.949165015,3750412.856777761,0.0,226974.28254398116,3285677.047730314
 10/16  10:00:00,14266128.144492779,1764007.9291514223,6099146.442194064,0.0,221203.74993693084,6174289.664107868
 10/16  11:00:00,14848825.159232635,2397700.840060745,8411671.521663107,0.0,213509.70646086367,3820842.846205309
 10/16  12:00:00,14726088.550086942,2467799.999999999,8761878.733011376,0.0,206777.4184193049,3285552.202782174
 10/16  13:00:00,14125154.195771948,2467799.999999999,8778463.853369638,0.0,205815.66298479648,2669334.499866267
 10/16  14:00:00,13775049.52481366,2467799.999999999,8741560.695844522,0.0,205815.66298479648,2356132.9864330944
 10/16  15:00:00,13406845.265891096,2467799.999999999,8653046.439146355,0.0,209662.68472283008,2072255.9461478246
 10/16  16:00:00,12943823.989581581,2467799.999999999,8481936.085956758,0.0,314494.0270842451,1673133.566406607
 10/16  17:00:00,12638931.18070259,2467799.999999999,8131878.297025312,0.0,487610.0052957562,1539062.2744364184
 10/16  18:00:00,12110555.678060986,2439870.4951290116,7641165.0926800985,0.0,639567.3639480826,1373291.9264846002
 10/16  19:00:00,11173360.719605392,1947829.9524603402,5978290.947168572,0.0,804989.2986835265,2420149.4603083087
 10/16  20:00:00,7822085.41308675,1463307.625289075,4491544.390374693,0.0,766759.5201618178,1069532.3918826617
 10/16  21:00:00,6475476.009044642,1160589.6022488298,3572832.7075602384,0.0,688376.4522493837,1017975.5330879181
 10/16  22:00:00,5272509.409948304,966124.6099360881,2982032.5615548007,0.0,375565.49717552826,917845.2559033855
 10/16  23:00:00,4179364.9945798567,813676.8160776568,2517422.123327994,0.0,47510.71846471471,779334.308370529
 10/16  24:00:00,3979432.7882133713,743664.6888907524,2292591.4506401396,0.0,47510.71846471471,880025.1793670934
 10/17  01:00:00,3488007.814175718,653747.9602427194,2006392.3342539545,0.0,47510.71846471471,764716.0503636582
 10/17  02:00:00,3249425.455178562,598475.7088095602,1823713.5165416568,0.0,47510.71846471471,764084.7605119597
 10/17  03:00:00,3049046.3726130985,550664.8944697295,1664502.8611520852,0.0,47510.71846471471,770727.1476758983
 10/17  04:00:00,2953515.294759009,508211.2821083453,1523793.2219581883,0.0,49241.87824682982,856628.1615949743
 10/17  05:00:00,4215038.175933401,496048.38938660035,1477642.9756333348,0.0,134645.76083117528,2094120.446137186
 10/17  06:00:00,3225992.25228912,429370.153912189,1276410.5841127296,0.0,215433.21732988046,1292877.7256348971
 10/17  07:00:00,3731172.3185216114,447482.58200268535,1347731.7021150128,0.0,224089.01624045603,1700308.463186874
 10/17  08:00:00,4817459.586021679,561179.6980521068,1747236.541632654,0.0,47510.71846471471,2450312.0892184614
 10/17  09:00:00,7194610.159793785,884352.9219387965,2850971.044487164,0.0,182108.39152416453,3267657.3448041207
 10/17  10:00:00,9581757.496036964,1380510.1298907972,4569692.9455586355,0.0,221203.74993693084,3402870.3115481036
 10/17  11:00:00,12472073.683251368,2036455.192105853,6822537.90172285,0.0,213509.70646086367,3394470.638119192
 10/17  12:00:00,15769331.472348131,2412142.670047026,8155290.152881067,0.0,206777.4184193049,4991041.035126644
 10/17  13:00:00,16325025.202078898,2467799.999999999,8420101.611159882,0.0,205815.66298479648,5227567.748382973
 10/17  14:00:00,13445241.488426484,2467799.999999999,8411752.659457346,0.0,205815.66298479648,2356132.9864330944
 10/17  15:00:00,13338811.692330709,2467799.999999999,8325104.849703323,0.0,372199.3531547488,2169627.29359855
 10/17  16:00:00,12759106.62133021,2467799.999999999,8150910.517742621,0.0,403937.2824935258,1729998.5109600902
 10/17  17:00:00,11958730.672561562,2467799.999999999,7819908.261716524,0.0,267368.0107933338,1391073.7961066002
 10/17  18:00:00,9904171.640007194,2057129.6308710277,6275159.703749816,0.0,343346.69011949695,1211874.8154476623
 10/17  19:00:00,7565230.223557808,1513078.134143685,4525508.676782374,0.0,426057.6574872189,1078484.6941598868
 10/17  20:00:00,5710463.594461868,1137817.3505848635,3380084.4589412254,0.0,253134.0303626095,908486.2691946682
 10/17  21:00:00,4442111.752645956,892365.1774960214,2650654.1893992443,0.0,47510.71846471471,815879.9533877051
 10/17  22:00:00,3789968.9927580236,730867.4913102294,2179387.6022237428,0.0,47510.71846471471,801261.6953808345
 10/17  23:00:00,3314571.013421686,618430.6372638267,1847874.3209836532,0.0,47510.71846471471,779334.308370529
 10/17  24:00:00,3095086.3233700227,539740.4371129414,1612169.237574602,0.0,47510.71846471471,880025.1793670934
 10/18  01:00:00,2787402.5590605154,492775.816263363,1466759.2231181082,0.0,47510.71846471471,764716.0503636582
 10/18  02:00:00,2594087.678002263,447852.90366718685,1325676.3836594676,0.0,47510.71846471471,757406.9213602227
 10/18  03:00:00,2442548.2578717126,408248.63512738846,1200421.0057530398,0.0,47510.71846471471,770727.1476758983
 10/18  04:00:00,2367385.876798462,370174.88339991553,1081912.143420164,0.0,48376.29835577226,851281.800771939
 10/18  05:00:00,2441641.39366848,339656.94082827703,988391.6725170545,0.0,91270.59073484667,1009741.5856431965
 10/18  06:00:00,2708142.7408866202,315712.1460978361,917937.6008768097,0.0,181771.77712208664,1280820.6454904638
 10/18  07:00:00,5192184.738123336,393328.50861205044,1157409.362762902,0.0,224089.01624045603,3405797.295531344
 10/18  08:00:00,5579356.971445887,526917.7301065978,1594818.8628517664,0.0,410669.5705350846,3035730.2692986964
 10/18  09:00:00,6686325.327821467,766525.9728865802,2397627.5676210527,0.0,226974.28254398116,3285677.047730314
 10/18  10:00:00,8458782.229053743,1191949.7479765275,3820151.6385523505,0.0,90933.97633276874,3348266.507089601
 10/18  11:00:00,10772462.556618348,1747744.1876245772,5657818.29866434,0.0,47510.71846471471,3314289.107022106
 10/18  12:00:00,12239463.880782325,2101584.9018500415,6824874.831626889,0.0,87327.39345336225,3221596.557977944
 10/18  13:00:00,12922727.770062719,2375870.9012068985,7667966.52645351,0.0,205815.66298479648,2669334.499866267
 10/18  14:00:00,12926044.370728519,2467799.999999999,7892555.541759381,0.0,205815.66298479648,2356132.9864330944
 10/18  15:00:00,12545551.441282965,2467799.999999999,7791752.614538223,0.0,209662.68472283008,2072255.9461478246
 10/18  16:00:00,15891425.178329632,2457309.355929973,7602678.045999775,0.0,314494.0270842451,5510483.439181665
 10/18  17:00:00,12774055.076694688,2122771.536577911,6422027.8807550315,0.0,267368.0107933338,3949307.044623306
 10/18  18:00:00,7795515.692429093,1568569.0360262622,4655064.351016478,0.0,343346.69011949695,1211874.8154476623
 10/18  19:00:00,6498343.411797144,1197714.0069489232,3512039.7967912233,0.0,615523.4780853727,1150965.0689869802
 10/18  20:00:00,5692328.662180763,940771.3272533222,2749530.4478028286,0.0,869426.912795589,1101658.4889505208
 10/18  21:00:00,4799366.297010316,750234.7115459474,2186617.1759181865,0.0,779983.6573863083,1046829.0382616017
 10/18  22:00:00,3502252.8885375177,595867.163432043,1729776.8237398134,0.0,266406.2553588254,879261.1606283345
 10/18  23:00:00,2816113.066514192,487691.22907597333,1408755.8365733998,0.0,95406.13910323277,802838.8334226231
 10/18  24:00:00,2382632.609620434,371055.2387620657,1068400.7221758892,0.0,47510.71846471471,880025.1793670934
 10/19  01:00:00,2186987.177562745,351154.7100916547,1007964.9477920458,0.0,47510.71846471471,764716.0503636582
 10/19  02:00:00,2001507.9952756339,305724.77981944906,875224.8247805758,0.0,47510.71846471471,757406.9213602227
 10/19  03:00:00,1850275.7903547795,263672.4389736896,752724.7343898057,0.0,47510.71846471471,770727.1476758983
 10/19  04:00:00,1775673.7885978548,225391.6988285616,641195.1805050038,0.0,47510.71846471471,845935.4399489036
 10/19  05:00:00,1781669.2914240258,190623.66881593145,540613.3730155991,0.0,47510.71846471471,990340.9271826756
 10/19  06:00:00,2056866.560829903,163785.4003062135,464469.4514835261,0.0,148302.6880011945,1268408.4497395456
 10/19  07:00:00,2981279.7517904714,203688.33921674057,583142.9806658381,0.0,401052.01619000064,1781835.860741309
 10/19  08:00:00,4346672.2749937875,334426.1678944541,980997.9366979279,0.0,410669.5705350846,2609358.061212579
 10/19  09:00:00,7832746.94782602,616634.296918258,1862427.9705283232,0.0,316898.4156705161,5027265.807669384
 10/19  10:00:00,12627053.971544221,1155630.3321138124,3576147.137981705,0.0,221203.74993693084,7666592.392409278
 10/19  11:00:00,10674324.026494458,1594221.7152039653,5040649.5137817105,0.0,213509.70646086367,3820842.846205309
 10/19  12:00:00,11617974.604628615,1935618.0327959652,6185946.75475708,0.0,206777.4184193049,3285552.202782174
 10/19  13:00:00,14716389.696207466,2321349.9283449156,7384288.385029652,0.0,205815.66298479648,4801195.540296855
 10/19  14:00:00,12496204.660210341,2387439.187393461,7543076.643847743,0.0,205815.66298479648,2356132.9864330944
 10/19  15:00:00,12264216.837147387,2410394.2614712073,7502846.7449607765,0.0,250296.85183080976,2096598.783010506
 10/19  16:00:00,13199586.578832772,2308089.4448881065,7045612.198012604,0.0,403937.2824935258,3435487.3433045605
 10/19  17:00:00,14558109.396546714,2082057.6129744402,6173076.81903382,0.0,487610.0052957562,5802784.355297594
 10/19  18:00:00,8436667.703997742,1536000.053993754,4444775.351665995,0.0,639567.3639480826,1799664.1345707178
 10/19  19:00:00,6416709.7270537745,1132609.1390925224,3233564.7844790076,0.0,804989.2986835265,1223445.4438140737
 10/19  20:00:00,5067168.923540728,832108.4794299661,2367827.046687781,0.0,766759.5201618178,1069532.3918826617
 10/19  21:00:00,3505698.80485842,614675.3051093995,1751141.5227218012,0.0,230532.77765166224,873647.485477286
 10/19  22:00:00,2676245.7539763395,466331.7411982659,1330200.1135540223,0.0,47510.71846471471,801261.6953808345
 10/19  23:00:00,2286096.1959246015,373001.8843836379,1064828.2563667574,0.0,47510.71846471471,779334.308370529
 10/19  24:00:00,1960029.0126941528,263544.319191064,753308.0448206095,0.0,47510.71846471471,880025.1793670934
 10/20  01:00:00,1824540.8351090797,258581.4929265257,738091.8225035099,0.0,47510.71846471471,764716.0503636582
 10/20  02:00:00,1654733.9779650148,217108.82165937906,617406.7819528679,0.0,47510.71846471471,757406.9213602227
 10/20  03:00:00,1521787.1848502117,179555.64534228685,508692.9388394816,0.0,47510.71846471471,770727.1476758983
 10/20  04:00:00,1471331.360229859,146874.4794139416,415369.97155162774,0.0,47510.71846471471,845935.4399489036
 10/20  05:00:00,1502574.087183446,117508.6857256393,331913.0212825858,0.0,47510.71846471471,990340.9271826756
 10/20  06:00:00,3541421.264069141,141659.7492732733,399919.1520819323,0.0,47510.71846471471,2937370.926044231
 10/20  07:00:00,5392093.976241848,232784.67450935632,662737.9045519896,0.0,224089.01624045603,4258541.711703579
 10/20  08:00:00,4149183.615860022,284534.25329419546,832381.1431958991,0.0,410669.5705350846,2609358.061212579
 10/20  09:00:00,5265603.965296116,479550.6468733654,1451858.2803012643,0.0,92376.60948453132,3231617.938951735
 10/20  10:00:00,7320538.573422985,889534.81060816,2778054.655988568,0.0,177780.4920688768,3467008.2230092026
 10/20  11:00:00,12472747.46292099,1530968.3701970042,4851992.182800032,0.0,213509.70646086367,5870836.94229764
 10/20  12:00:00,12166335.98911985,1961158.8792490358,6254973.167554545,0.0,206777.4184193049,3739346.3280228754
 10/20  13:00:00,12447000.570356201,2287910.1852094317,7280200.042744458,0.0,205815.66298479648,2669334.499866267
 10/20  14:00:00,12730615.654589556,2449585.427157576,7715341.39846284,0.0,205815.66298479648,2356132.9864330944
 10/20  15:00:00,12074834.339158582,2442365.221790562,7540398.537268538,0.0,88048.71002924355,1999941.67419615
 10/20  16:00:00,11160952.483285554,2269844.736862934,6823865.742816411,0.0,359215.6547888855,1701566.0386833486
 10/20  17:00:00,9457990.360409629,1890669.334922285,5527728.125487224,0.0,487610.0052957562,1539062.2744364184
 10/20  18:00:00,7561642.484939045,1436186.776235749,4096275.6347742607,0.0,639567.3639480826,1373291.9264846002
 10/20  19:00:00,6034732.4836182855,1046089.5755878577,2939807.186162387,0.0,804989.2986835265,1223445.4438140737
 10/20  20:00:00,5595120.6778987665,778063.0275424523,2178192.5816852516,0.0,869426.912795589,1741216.8010796972
 10/20  21:00:00,4514609.877806524,585498.8891006969,1642604.4853334124,0.0,779983.6573863083,1473201.2463477193
 10/20  22:00:00,3103744.6181384353,428232.8697085071,1205456.2708178035,0.0,484724.7389922311,956429.3511784363
 10/20  23:00:00,2305424.9587520477,325647.44939195726,918418.8095762946,0.0,191389.33146717056,849908.4052690255
 10/20  24:00:00,1765515.586511998,196462.89213255385,555662.183497809,0.0,83191.84508497614,914557.9149459878
 10/21  01:00:00,1590236.3929182761,194939.80536587705,551463.2462380739,0.0,53473.602158666756,774718.9883049873
 10/21  02:00:00,1413273.0049304827,155023.73625036734,438030.8943273475,0.0,47510.71846471471,757406.9213602227
 10/21  03:00:00,1296979.4877695353,121367.865088595,342073.02201249683,0.0,47510.71846471471,770727.1476758983
 10/21  04:00:00,1249735.5917318095,89304.39918573506,251344.28328178503,0.0,47510.71846471471,845935.4399489036
 10/21  05:00:00,1282578.5189940901,60188.826319348016,169237.31249952145,0.0,47510.71846471471,990340.9271826756
 10/21  06:00:00,1438432.8317187182,37790.662274698516,106288.63907455458,0.0,47510.71846471471,1231882.0936997607
 10/21  07:00:00,2208866.875521903,70417.61410170399,200111.11275640124,0.0,224089.01624045603,1700308.463186874
 10/21  08:00:00,3254142.315570437,123524.54471002248,359704.8363518462,0.0,228897.79341299797,2529774.5534733064
 10/21  09:00:00,4624782.76289463,244417.0689716306,731489.8132423494,0.0,316898.4156705161,3321776.975324914
 10/21  10:00:00,5581407.63610641,478629.05797313934,1470544.1249000593,0.0,221203.74993693084,3402870.3115481036
 10/21  11:00:00,7458777.47221108,933595.7321191046,2911761.134346469,0.0,213509.70646086367,3394470.638119192
 10/21  12:00:00,9325117.734711237,1410358.1928654637,4418349.724770206,0.0,206777.4184193049,3285552.202782174
 10/21  13:00:00,10454284.714109287,1812577.0124869987,5639924.316983219,0.0,284679.6086144849,2713363.596473336
 10/21  14:00:00,11205111.883482605,2062228.778015768,6335159.938418023,0.0,364505.30967868166,2439477.6778188865
 10/21  15:00:00,11119958.365564052,2134814.0076681115,6439237.515268554,0.0,372199.3531547488,2169627.29359855
 10/21  16:00:00,9846910.479445359,1949163.6791623011,5757350.696695468,0.0,403937.2824935258,1729998.5109600902
 10/21  17:00:00,7976721.008492505,1602513.7035536948,4610787.2595628705,0.0,322428.5094189394,1428070.9156890549
 10/21  18:00:00,6709908.989334508,1231666.9855369413,3449061.929868532,0.0,639567.3639480826,1373291.9264846002
 10/21  19:00:00,5333474.144342912,872976.1863556218,2411662.2361192508,0.0,804989.2986835265,1223445.4438140737
 10/21  20:00:00,4304391.046564905,612929.9020209356,1692154.3880020836,0.0,869426.912795589,1101658.4889505208
 10/21  21:00:00,3513430.7551876428,438377.5604146612,1214918.8994866852,0.0,779983.6573863083,1046829.0382616017
 10/21  22:00:00,2238860.1787847327,301123.62293092563,837391.5029605922,0.0,211682.3711352977,859761.2943164594
 10/21  23:00:00,1608920.2121230024,201340.86206685117,560673.3601733077,0.0,47510.71846471471,779334.308370529
 10/21  24:00:00,1198371.1322990702,67331.48955869774,187862.99405789323,0.0,47510.71846471471,880025.1793670934
 10/22  01:00:00,1142302.1379397328,83046.05693726777,231388.56132342084,0.0,47510.71846471471,764716.0503636582
 10/22  02:00:00,978342.411124361,41674.637730157956,116109.38271859431,0.0,47510.71846471471,757406.9213602227
 10/22  03:00:00,859651.6105502113,6810.407844704201,18962.58571422295,0.0,47510.71846471471,770727.1476758983
 10/22  04:00:00,915298.8499783825,0.0,0.0,0.0,48376.29835577226,851281.8007719389
 10/22  05:00:00,1050432.2495924954,0.0,0.0,0.0,47510.71846471471,990340.9271826756
 10/22  06:00:00,1291293.3834638991,0.0,0.0,0.0,47510.71846471471,1231882.0936997607
 10/22  07:00:00,1935958.0344039132,0.0,0.0,0.0,224089.01624045603,1700308.463186874
 10/22  08:00:00,2769892.8855400467,0.0,0.0,0.0,228897.79341299797,2529774.5534733064
 10/22  09:00:00,3708622.1168177966,48049.781521038516,138400.54798292404,0.0,226974.28254398116,3285677.047730314
 10/22  10:00:00,4364160.110778881,186673.58955206134,545932.1006392904,0.0,221203.74993693084,3402870.3115481036
 10/22  11:00:00,5136439.915192805,384455.4750955363,1138903.8506746034,0.0,213509.70646086367,3394470.638119192
 10/22  12:00:00,6538450.377172653,765363.1701233772,2276677.389973708,0.0,206777.4184193049,3285552.202782174
 10/22  13:00:00,7363341.946013523,1132282.9429151195,3352168.660696093,0.0,205815.66298479648,2669334.499866267
 10/22  14:00:00,10698815.810934786,1502268.6907775614,4377980.081717662,0.0,285160.48633173906,4529666.372556577
 10/22  15:00:00,8731670.867742121,1596955.8548151522,4588808.170299584,0.0,372199.3531547488,2169627.29359855
 10/22  16:00:00,8010490.828698501,1530482.0384530798,4339612.686657832,0.0,403937.2824935258,1729998.5109600902
 10/22  17:00:00,6907187.325224395,1277848.1716169738,3590086.269930141,0.0,487610.0052957562,1539062.2744364184
 10/22  18:00:00,5680725.904495685,961804.8084355625,2689401.0058082473,0.0,639567.3639480826,1373291.9264846002
 10/22  19:00:00,4318105.370921871,665953.7524670266,1863562.0103978463,0.0,615523.4780853727,1150965.0689869802
 10/22  20:00:00,3823044.943546424,478590.2177049419,1342427.8387168706,0.0,869426.912795589,1101658.4889505208
 10/22  21:00:00,2631542.3861856298,328180.872990231,922689.9448916508,0.0,413554.8368386098,931415.0175668669
 10/22  22:00:00,1940059.9859186932,219733.9919034879,617940.8431849465,0.0,211682.3711352977,859761.2943164594
 10/22  23:00:00,1347367.0320737783,130992.47003799748,368108.5068615747,0.0,47510.71846471471,779334.308370529
 10/22  24:00:00,968377.3126949464,6604.581358968224,18596.082653498932,0.0,47510.71846471471,880025.1793670934
 10/23  01:00:00,910624.0290659391,21697.227782481594,61059.2816044135,0.0,47510.71846471471,764716.0503636582
 10/23  02:00:00,820558.3906756087,0.0,0.0,0.0,47510.71846471471,757406.9213602227
 10/23  03:00:00,833878.6169912841,0.0,0.0,0.0,47510.71846471471,770727.1476758983
 10/23  04:00:00,921510.7906924753,0.0,0.0,0.0,49241.87824682982,856628.1615949743
 10/23  05:00:00,1113592.7803231482,0.0,0.0,0.0,91270.59073484667,1009741.5856431965
 10/23  06:00:00,1337093.286075918,0.0,0.0,0.0,81075.98312905768,1244116.7316474365
 10/23  07:00:00,3703319.3102777526,0.0,0.0,0.0,224089.01624045603,3467669.7390607134
 10/23  08:00:00,5080961.738914584,0.0,0.0,0.0,228897.79341299797,4840843.406847844
 10/23  09:00:00,3617336.654557744,24160.35432838261,71004.51291552698,0.0,226974.28254398116,3285677.047730314
 10/23  10:00:00,5660808.892746399,177384.26792905177,531347.8725266596,0.0,221203.74993693084,4723392.643251262
 10/23  11:00:00,7717547.210075023,472161.3516763081,1431543.1757958883,0.0,213509.70646086367,5595232.731299352
 10/23  12:00:00,7440650.262295066,868342.9926144474,2649525.2445189347,0.0,206777.4184193049,3711924.410868292
 10/23  13:00:00,7812105.856162861,1220087.2739482638,3713128.2398122866,0.0,205815.66298479648,2669334.499866267
 10/23  14:00:00,8411821.27486119,1460589.946317728,4385542.499574323,0.0,205815.66298479648,2356132.9864330944
 10/23  15:00:00,8261446.9958266495,1513811.7666086704,4461636.402473237,0.0,209662.68472283008,2072255.9461478246
 10/23  16:00:00,7111560.568038622,1350805.26124641,3912975.6031301506,0.0,225050.7716749644,1616268.6218531237
 10/23  17:00:00,7223093.154857138,1141916.560689736,3252166.0448990082,0.0,322428.5094189394,2494001.4359043483
 10/23  18:00:00,5957047.525720933,861373.2070023551,2426595.9163375264,0.0,639567.3639480826,2012850.2386137764
 10/23  19:00:00,4893627.576955129,634498.0444524275,1782221.52093434,0.0,804989.2986835265,1649817.651900191
 10/23  20:00:00,3669694.5089367237,436688.1581061179,1230979.463705994,0.0,869426.912795589,1101658.4889505208
 10/23  21:00:00,3097277.454596401,322560.33382951346,912202.711220706,0.0,779983.6573863083,1046829.0382616017
 10/23  22:00:00,2001199.2463373234,215237.09814516036,609705.3288160273,0.0,266261.99204364914,879053.3419539849
 10/23  23:00:00,1368864.226751023,135741.56046477822,384856.6111120384,0.0,47510.71846471471,779334.308370529
 10/23  24:00:00,1033993.5279389909,23648.728298534643,67168.15095797696,0.0,47510.71846471471,880025.1793670934
 10/24  01:00:00,1008035.6621349093,46999.28409266532,133168.85836319986,0.0,47510.71846471471,764716.0503636582
 10/24  02:00:00,908741.2346330592,19507.43276672382,55319.73288725284,0.0,47510.71846471471,770762.5996636966
 10/24  03:00:00,839172.5289904862,927.8139049365441,2633.2135943777675,0.0,47510.71846471471,772460.032175786
 10/24  04:00:00,909086.9092642895,0.0,0.0,0.0,47510.71846471471,845935.4399489036
 10/24  05:00:00,1050432.2495924954,0.0,0.0,0.0,47510.71846471471,990340.9271826756
 10/24  06:00:00,1382893.1886879366,0.0,0.0,0.0,114641.24779340066,1256351.3695951123
 10/24  07:00:00,1871193.5310259128,0.0,0.0,0.0,179944.4417965207,1679688.534252809
 10/24  08:00:00,2509043.3463369184,0.0,0.0,0.0,47510.71846471471,2450312.0892184614
 10/24  09:00:00,3617385.916430701,24510.726548224837,70703.40256864208,0.0,226974.28254398116,3285677.047730314
 10/24  10:00:00,4133169.9201143393,128292.9084294642,373322.5910973456,0.0,221203.74993693084,3402870.3115481036
 10/24  11:00:00,4986379.862182133,186470.91170742654,547270.0489228641,0.0,213509.70646086367,4034028.9502483686
 10/24  12:00:00,9852189.013389204,532602.5000686151,1559454.6153838465,0.0,206777.4184193049,7549274.283643349
 10/24  13:00:00,9379133.253400808,733800.3261958801,2142278.816070618,0.0,205815.66298479648,6293498.268598267
 10/24  14:00:00,5534170.20560068,759308.1413257141,2209173.235305827,0.0,205815.66298479648,2356132.9864330944
 10/24  15:00:00,5137382.664239821,799688.545143044,2310266.287879049,0.0,47510.71846471471,1975836.9168789252
 10/24  16:00:00,6971502.02160459,830802.6476090684,2379420.3040274647,0.0,91895.73176727713,3662923.0280668074
 10/24  17:00:00,4762457.369160626,685331.759767928,1955533.5461014844,0.0,487610.0052957562,1621401.4540503519
 10/24  18:00:00,4606975.340453057,541048.7846123287,1541133.2047531623,0.0,639567.3639480826,1868565.1873202897
 10/24  19:00:00,3587075.968871301,399123.5418170921,1137416.6235719644,0.0,804989.2986835265,1223445.4438140737
 10/24  20:00:00,3148344.2211649157,297715.3359406733,848601.998099631,0.0,869426.912795589,1101658.4889505208
 10/24  21:00:00,2129849.17487216,194376.0840122799,554801.5225561319,0.0,413554.8368386098,931415.0175668669
 10/24  22:00:00,1490224.818739274,119828.98487345589,342234.433570962,0.0,156958.48691177004,840261.4280045845
 10/24  23:00:00,1120330.1285683606,70540.99117662385,201523.0822175303,0.0,47510.71846471471,779334.308370529
 10/24  24:00:00,943176.6486824793,0.0,0.0,0.0,47510.71846471471,880025.1793670934
 10/25  01:00:00,827867.5196790441,0.0,0.0,0.0,47510.71846471471,764716.0503636582
 10/25  02:00:00,820558.3906756087,0.0,0.0,0.0,47510.71846471471,757406.9213602227
 10/25  03:00:00,833878.6169912841,0.0,0.0,0.0,47510.71846471471,770727.1476758983
 10/25  04:00:00,909086.9092642895,0.0,0.0,0.0,47510.71846471471,845935.4399489036
 10/25  05:00:00,1050432.2495924954,0.0,0.0,0.0,47510.71846471471,990340.9271826756
 10/25  06:00:00,1291293.3834638991,0.0,0.0,0.0,47510.71846471471,1231882.0936997607
 10/25  07:00:00,1676900.0208919114,0.0,0.0,0.0,47510.71846471471,1617828.7474506134
 10/25  08:00:00,2639468.115938483,0.0,0.0,0.0,138204.25593885634,2490043.321345884
 10/25  09:00:00,3663016.7000815617,100365.70328963544,292021.58526213106,0.0,47510.71846471471,3213598.236025542
 10/25  10:00:00,4683157.001698418,299077.9834758971,875773.6496767688,0.0,134357.23420082277,3366467.775242435
 10/25  11:00:00,5589056.513283584,502692.56712047046,1473283.3567404484,0.0,213509.70646086367,3394470.638119192
 10/25  12:00:00,5915972.741500018,679998.2240704545,1984105.5933808938,0.0,47510.71846471471,3200278.009709867
 10/25  13:00:00,5882652.310863363,769423.8294098807,2234452.14149524,0.0,205671.39966962024,2669364.760737374
 10/25  14:00:00,8644935.577470668,850471.4203650294,2457355.975576736,0.0,205815.66298479648,5127552.338992857
 10/25  15:00:00,5399268.764834138,691004.3344328358,1995893.3955704405,0.0,209662.68472283008,2498628.1542339423
 10/25  16:00:00,3990649.2953271028,533973.082245264,1535742.4094383959,0.0,269772.3993796048,1644701.0941298653
 10/25  17:00:00,3729883.2385136597,438651.88755292306,1251978.4672834566,0.0,487610.0052957562,1539062.2744364184
 10/25  18:00:00,4516763.064171587,370140.1519127436,1051172.301791674,0.0,639567.3639480826,2439222.446699894
 10/25  19:00:00,3024358.1927953586,253437.90230158612,720384.4870115285,0.0,804989.2986835265,1223445.4438140737
 10/25  20:00:00,2523903.187017898,170810.02385987967,485859.76573503716,0.0,766759.5201618178,1069532.3918826617
 10/25  21:00:00,1723228.9643076027,88983.1239109622,253574.2720928928,0.0,413554.8368386098,931415.0175668669
 10/25  22:00:00,1159001.3759767227,34045.321098206026,97146.73657318627,0.0,156814.2235965938,840053.6093302349
 10/25  23:00:00,848266.0551742063,0.0,0.0,0.0,47510.71846471471,779334.308370529
 10/25  24:00:00,943176.6486824793,0.0,0.0,0.0,47510.71846471471,880025.1793670934
 10/26  01:00:00,827867.5196790441,0.0,0.0,0.0,47510.71846471471,764716.0503636582
 10/26  02:00:00,820558.3906756087,0.0,0.0,0.0,47510.71846471471,757406.9213602227
 10/26  03:00:00,833878.6169912841,0.0,0.0,0.0,47510.71846471471,770727.1476758983
 10/26  04:00:00,915298.8499783823,0.0,0.0,0.0,48376.29835577226,851281.800771939
 10/26  05:00:00,1113592.7803231482,0.0,0.0,0.0,91270.59073484667,1009741.5856431965
 10/26  06:00:00,1894272.2589142984,0.0,0.0,0.0,249094.6575376743,1633277.0300772004
 10/26  07:00:00,6088213.164691096,6486.233857834159,0.0,0.0,401052.01619000064,5669114.359666677
 10/26  08:00:00,2900570.5279707257,0.0,0.0,0.0,319783.6819740413,2569566.307342943
 10/26  09:00:00,3522171.7873138343,0.0,0.0,0.0,226974.28254398116,3285677.047730314
 10/26  10:00:00,3803886.48098512,44141.29718047207,128190.76321711813,0.0,221203.74993693084,3402870.3115481036
 10/26  11:00:00,4619932.058447404,256646.62424649613,750204.8447782425,0.0,213509.70646086367,3394470.638119192
 10/26  12:00:00,5832319.532375691,594225.0528136238,1741684.6624864999,0.0,206777.4184193049,3285552.202782174
 10/26  13:00:00,6208785.948169204,846634.5708837274,2483261.034883166,0.0,205815.66298479648,2669334.499866267
 10/26  14:00:00,6624056.369996896,1034889.7620086733,3023477.779019085,0.0,205815.66298479648,2356132.9864330944
 10/26  15:00:00,6728297.352720936,1140486.6744048065,3301811.851571386,0.0,209662.68472283008,2072255.9461478246
 10/26  16:00:00,6402775.144728297,1104688.3524145554,3157690.6887261523,0.0,403937.2824935258,1729998.5109600902
 10/26  17:00:00,5496222.786613558,912444.760251228,2544525.14268505,0.0,487610.0052957562,1539062.2744364184
 10/26  18:00:00,5817466.803668579,664080.7812649898,1803343.6004485558,0.0,639567.3639480826,2693814.258187758
 10/26  19:00:00,4684490.737357062,397571.47881345847,1068298.568581929,0.0,426057.6574872189,2770461.9714898113
 10/26  20:00:00,2176650.595792346,193774.7038407959,520022.96363345935,0.0,458757.3422605043,973154.100679085
 10/26  21:00:00,1663904.9269889016,76875.66386267534,206357.6948224783,0.0,413554.8368386098,931415.0175668669
 10/26  22:00:00,1187524.9381684177,2960.116573205053,7955.920229550986,0.0,266406.2553588254,879261.1606283345
 10/26  23:00:00,848266.0551742063,0.0,0.0,0.0,47510.71846471471,779334.308370529
 10/26  24:00:00,943176.6486824793,0.0,0.0,0.0,47510.71846471471,880025.1793670934
 10/27  01:00:00,827867.5196790441,0.0,0.0,0.0,47510.71846471471,764716.0503636582
 10/27  02:00:00,820218.374352768,0.0,0.0,0.0,47510.71846471471,757406.9213602227
 10/27  03:00:00,833976.615196512,438.0145280686197,0.0,0.0,47510.71846471471,770727.1476758983
 10/27  04:00:00,917030.283586517,7943.374322227314,0.0,0.0,47510.71846471471,845935.4399489036
 10/27  05:00:00,1066778.8582760883,13626.47810086763,0.0,0.0,47510.71846471471,990340.9271826756
 10/27  06:00:00,2373459.551510415,13175.500925655851,0.0,0.0,47510.71846471471,2297812.6139150546
 10/27  07:00:00,2202938.5074732113,6109.961305433885,0.0,0.0,401052.01619000064,1781835.860741309
 10/27  08:00:00,3032268.2193699274,0.0,0.0,0.0,410669.5705350846,2609358.061212579
 10/27  09:00:00,4846394.8745670635,33930.995816542294,97657.47785457688,0.0,316898.4156705161,4387707.495540208
 10/27  10:00:00,4562688.931155105,236049.48581872525,694404.9921031692,0.0,221203.74993693084,3402870.3115481036
 10/27  11:00:00,5887656.643368095,569923.0721021806,1704312.9655204092,0.0,213509.70646086367,3394470.638119192
 10/27  12:00:00,7190825.847380624,919868.1399328519,2774547.890372205,0.0,206777.4184193049,3285552.202782174
 10/27  13:00:00,7845495.864651563,1233958.4720922597,3732647.050156992,0.0,205815.66298479648,2669334.499866267
 10/27  14:00:00,8449817.601853574,1467135.7221308332,4416993.050753603,0.0,205815.66298479648,2356132.9864330944
 10/27  15:00:00,8674413.76611913,1607043.584197341,4781371.355177049,0.0,209662.68472283008,2072255.9461478246
 10/27  16:00:00,7916631.904474815,1546004.9773099776,4522847.223502777,0.0,225050.7716749644,1616268.6218531237
 10/27  17:00:00,6625290.592934724,1288306.3849885985,3665621.7807782455,0.0,267368.0107933338,1391073.7961066002
 10/27  18:00:00,9916969.95195352,1107503.5876492907,3057345.8638165165,0.0,565512.1954909362,5170287.5215004245
 10/27  19:00:00,7599856.157735832,801875.9390366036,2190911.2483144817,0.0,804989.2986835265,3781678.6923307795
 10/27  20:00:00,3846808.586019586,494039.6575000524,1353462.171977647,0.0,869426.912795589,1101658.4889505208
 10/27  21:00:00,4965920.19341815,374311.2276601104,1025985.8381272724,0.0,779983.6573863083,2752317.8706060722
 10/27  22:00:00,2458004.288026575,229148.06805797393,627915.2084538661,0.0,266406.2553588254,1305633.368714452
 10/27  23:00:00,1369887.6978750145,120919.58157397444,330662.1807275841,0.0,95406.13910323277,802838.8334226231
 10/27  24:00:00,960019.2266114261,4509.758864623578,12332.819064323267,0.0,47510.71846471471,880025.1793670934
 10/28  01:00:00,831737.8846666869,1040.1829388994415,2830.1820487432965,0.0,47510.71846471471,764716.0503636582
 10/28  02:00:00,820218.374352768,0.0,0.0,0.0,47510.71846471471,757406.9213602227
 10/28  03:00:00,833538.6006684434,0.0,0.0,0.0,47510.71846471471,770727.1476758983
 10/28  04:00:00,909086.9092642895,0.0,0.0,0.0,47510.71846471471,845935.4399489036
 10/28  05:00:00,1053152.3801752208,0.0,0.0,0.0,47510.71846471471,990340.9271826756
 10/28  06:00:00,1294353.5303694652,0.0,0.0,0.0,47510.71846471471,1231882.0936997607
 10/28  07:00:00,1873573.6452857973,0.0,0.0,0.0,179944.4417965207,1679688.534252809
 10/28  08:00:00,6282765.826142626,48363.51507999702,135020.17347749957,0.0,319783.6819740413,5767357.867988825
 10/28  09:00:00,5693706.203205175,219177.85551836842,633697.8860697271,0.0,406822.548797051,4423807.4231348075
 10/28  10:00:00,10211494.116442613,539610.8625860069,1609610.4045962319,0.0,395281.48358295026,7658830.973929248
 10/28  11:00:00,11596374.01401343,996122.6161228964,3018984.3246101504,0.0,378931.6411963076,7196895.170918623
 10/28  12:00:00,8904287.332195915,1316141.1978670526,4030504.9184531206,0.0,246690.26895140327,3306870.751050251
 10/28  13:00:00,9438465.054153461,1611276.0341672269,4948298.6775839245,0.0,205815.66298479648,2669334.499866267
 10/28  14:00:00,9996227.08797978,1831748.5795436483,5598789.6794669945,0.0,205815.66298479648,2356132.9864330944
 10/28  15:00:00,9669064.247074343,1897314.7728941059,5744321.642962508,0.0,47510.71846471471,1975836.9168789252
 10/28  16:00:00,8508853.316074457,1747774.7508460258,5204447.76039916,0.0,47510.71846471471,1502659.7762305844
 10/28  17:00:00,6870827.7579598185,1430138.4547258962,4137172.6467244807,0.0,47510.71846471471,1243085.3177767817
 10/28  18:00:00,6877571.038628219,1114659.202021618,3125439.027327795,0.0,343346.69011949695,2277805.3356629563
 10/28  19:00:00,4347303.595715785,749674.9770202545,2072685.2876779845,0.0,426057.6574872189,1078484.6941598868
 10/28  20:00:00,3472544.8426690632,500259.22596279765,1377359.3292692695,0.0,561424.7348942754,1005280.1977469439
 10/28  21:00:00,2927445.081703157,348684.1778834162,959548.0291546613,0.0,596769.247112459,989122.0279142344
 10/28  22:00:00,2022969.7233353436,225827.52579752868,622573.3941091972,0.0,266406.2553588254,879261.1606283345
 10/28  23:00:00,1506398.9907141603,137373.76934503723,379319.3401050548,0.0,143301.55974175083,826343.3584747175
 10/28  24:00:00,959078.2013082845,4216.102891422399,11685.449734382915,0.0,47510.71846471471,880025.1793670934
 10/29  01:00:00,842466.785114011,3869.10378416669,10730.1616508001,0.0,47510.71846471471,764716.0503636582
 10/29  02:00:00,820558.3906756087,0.0,0.0,0.0,47510.71846471471,757406.9213602227
 10/29  03:00:00,833878.6169912841,0.0,0.0,0.0,47510.71846471471,770727.1476758983
 10/29  04:00:00,909086.9092642895,0.0,0.0,0.0,47510.71846471471,845935.4399489036
 10/29  05:00:00,2179523.300538442,0.0,0.0,0.0,91270.59073484667,2075672.1058584906
 10/29  06:00:00,1474492.9939119744,0.0,0.0,0.0,181771.77712208664,1280820.6454904638
 10/29  07:00:00,1935958.0344039132,0.0,0.0,0.0,224089.01624045603,1700308.463186874
 10/29  08:00:00,3012240.6089234794,61608.22393333038,180739.4994501026,0.0,228897.79341299797,2529774.5534733064
 10/29  09:00:00,4696420.298794282,290150.11621483,884098.3952656171,0.0,226974.28254398116,3285677.047730314
 10/29  10:00:00,6300325.781105425,645054.7327424851,2023716.6277754102,0.0,221203.74993693084,3402870.3115481036
 10/29  11:00:00,8813081.866332311,1165154.3924160316,3706504.660195744,0.0,213509.70646086367,3722812.8624170623
 10/29  12:00:00,18749762.29700718,1772524.1370258215,5637589.353562221,0.0,206777.4184193049,11128791.192125749
 10/29  13:00:00,12794350.111002617,1972772.4317840121,6285870.566149261,0.0,245247.63579964067,4286719.297718457
 10/29  14:00:00,11499245.800284613,2128843.739877448,6744204.646918108,0.0,245488.07465826775,2376969.1592795425
 10/29  15:00:00,11529662.843591964,2237605.0922801066,7006058.9245671155,0.0,209662.68472283008,2072255.9461478246
 10/29  16:00:00,10330707.912733493,2082374.093444209,6400554.115627223,0.0,225050.7716749644,1616268.6218531237
 10/29  17:00:00,12981170.141703198,1887428.7144494487,5585369.143633651,0.0,267368.0107933338,5228423.668881658
 10/29  18:00:00,8592790.910229975,1423100.988270395,4105504.888271817,0.0,343346.69011949695,2704177.5437490735
 10/29  19:00:00,6591103.417247148,1010191.0285819229,2890818.273053804,0.0,804989.2986835265,1863003.75594325
 10/29  20:00:00,8725881.493861295,840334.1196566235,2394150.2080496913,0.0,766759.5201618178,4693696.160614661
 10/29  21:00:00,3436701.824784786,532364.9332622008,1523665.3232188374,0.0,413554.8368386098,931415.0175668669
 10/29  22:00:00,2335520.715211612,376199.64957992797,1079607.1664076333,0.0,47510.71846471471,801261.6953808345
 10/29  23:00:00,1941272.9019030654,282345.76557869837,810661.0811501608,0.0,47510.71846471471,779334.308370529
 10/29  24:00:00,1706623.9743723432,197444.9503809524,566002.3753089115,0.0,47510.71846471471,880025.1793670934
 10/30  01:00:00,1541469.8400248059,185122.1315823445,528480.1887634173,0.0,47510.71846471471,764716.0503636582
 10/30  02:00:00,1383176.1700199528,146218.0361469799,416399.74319736415,0.0,47510.71846471471,757406.9213602227
 10/30  03:00:00,1272863.2953791516,114179.08965628111,324805.58873158623,0.0,47510.71846471471,770727.1476758983
 10/30  04:00:00,1242019.0759613207,86572.6747564686,246359.49194056258,0.0,47510.71846471471,845935.4399489036
 10/30  05:00:00,2473917.3476553354,92986.03631072135,264568.54153682484,0.0,47510.71846471471,2056271.4473979694
 10/30  06:00:00,1805642.54381444,62230.74679508893,177481.76240292285,0.0,249094.6575376743,1304934.8057793304
 10/30  07:00:00,2348790.7559132753,89826.17188784399,258383.95024552327,0.0,268329.7662278422,1720690.3125754828
 10/30  08:00:00,3428089.666821266,199753.25649441135,588868.294388372,0.0,138204.25593885634,2490043.321345884
 10/30  09:00:00,4893900.714286433,400105.3862811124,1223165.9164755244,0.0,47510.71846471471,3213598.236025542
 10/30  10:00:00,6595823.337242182,773476.832210486,2437290.18852772,0.0,47510.71846471471,3330065.238936767
 10/30  11:00:00,8877254.024495762,1312655.609909561,4197698.34425677,0.0,47510.71846471471,3314289.107022106
 10/30  12:00:00,10449400.46081493,1708232.2958726648,5489299.240893597,0.0,47510.71846471471,3200278.009709867
 10/30  13:00:00,11510151.530701641,2053605.1477350728,6577656.040564259,0.0,205815.66298479648,2669334.499866267
 10/30  14:00:00,12035736.105724491,2268209.403183789,7201837.873571565,0.0,205815.66298479648,2356132.9864330944
 10/30  15:00:00,13245685.791432634,2395944.079897118,7497812.364575479,0.0,209662.68472283008,3138186.466363119
 10/30  16:00:00,10719648.94444263,2177348.4086254947,6694520.832155075,0.0,225050.7716749644,1616268.6218531237
 10/30  17:00:00,8901987.153238423,1815912.8351299101,5415051.907263474,0.0,267368.0107933338,1391073.7961066002
 10/30  18:00:00,7524541.426348126,1407167.2377654167,4087854.0983308335,0.0,639567.3639480826,1373291.9264846002
 10/30  19:00:00,6060779.872300139,1034479.4017323096,2975764.6670855847,0.0,804989.2986835265,1223445.4438140737
 10/30  20:00:00,4962694.684706559,765401.4409787661,2195266.3566031824,0.0,869426.912795589,1101658.4889505208
 10/30  21:00:00,4090253.660457155,575542.100016243,1652197.150894731,0.0,779983.6573863083,1046829.0382616017
 10/30  22:00:00,2575408.1752681853,417665.65369333955,1203804.8718153918,0.0,102234.60268824238,820761.5616927095
 10/30  23:00:00,2120374.5889362884,326946.2317653317,945162.3019967503,0.0,47510.71846471471,779334.308370529
 10/30  24:00:00,1810370.6158618843,222314.3379007579,644879.6292786472,0.0,47510.71846471471,880025.1793670934
 10/31  01:00:00,1645944.5786836902,209792.55240347885,608284.5066011671,0.0,47510.71846471471,764716.0503636582
 10/31  02:00:00,1516035.4346577092,178557.561394323,516919.4825877775,0.0,47510.71846471471,757406.9213602227
 10/31  03:00:00,1424921.4832512403,151950.7152653049,439092.1509946513,0.0,47510.71846471471,770727.1476758983
 10/31  04:00:00,1415080.241342143,130174.40865223746,375818.92342561606,0.0,47510.71846471471,845935.4399489036
 10/31  05:00:00,1519477.4075037963,112571.0927406886,324893.7998052859,0.0,69390.65459978068,1000041.256412936
 10/31  06:00:00,1865818.246239614,100814.66697525582,290510.5853523836,0.0,181771.77712208664,1280820.6454904638
 10/31  07:00:00,2459001.288249094,134273.76698335406,388769.4868618267,0.0,224089.01624045603,1700308.463186874
 10/31  08:00:00,3809348.9413547693,262039.31263343446,777416.7431812881,0.0,228897.79341299797,2529774.5534733064
 10/31  09:00:00,5334316.4393632645,474563.292143925,1463352.5477975246,0.0,137242.50050434793,3249637.641877928
 10/31  10:00:00,6891092.056294272,837774.4306221837,2668261.3091681115,0.0,47510.71846471471,3330065.238936767
 10/31  11:00:00,9158626.85609769,1368237.161506514,4423489.624261744,0.0,47510.71846471471,3314289.107022106
 10/31  12:00:00,10693826.559007946,1749305.011248418,5692652.62371086,0.0,47510.71846471471,3200278.009709867
 10/31  13:00:00,11335397.770218212,2049653.047368568,6653096.474697125,0.0,47510.71846471471,2581397.350136557
 10/31  14:00:00,11264136.437890084,2114464.63840892,6826463.881115301,0.0,47510.71846471471,2271957.020349904
 10/31  15:00:00,10233029.608734842,1956460.6942946813,6249141.083222434,0.0,47510.71846471471,1975836.9168789252
 10/31  16:00:00,10602510.08686196,1711135.64601524,5338105.904840189,0.0,225050.7716749644,3321757.454197594
 10/31  17:00:00,10050484.00443805,1447168.1526909436,4374060.1923853615,0.0,267368.0107933338,3949307.044623306
 10/31  18:00:00,6079813.185610155,1051267.9294662436,3113434.612108416,0.0,565512.1954909362,1332937.6487253658
 10/31  19:00:00,5238179.637113826,810626.3325037672,2377017.5011278153,0.0,804989.2986835265,1223445.4438140737
 10/31  20:00:00,4450745.169181068,624083.8275558783,1824634.4545005788,0.0,869426.912795589,1101658.4889505208
 10/31  21:00:00,3797663.330308251,493419.30515224475,1441729.6156098247,0.0,779983.6573863083,1046829.0382616017
 10/31  22:00:00,3015873.162177478,393635.1817203921,1150142.4049079171,0.0,484724.7389922311,956429.3511784363
 10/31  23:00:00,2082234.7426804563,305860.41856666596,892408.2960942779,0.0,71458.42878397374,791086.5708965762
 10/31  24:00:00,1846494.212667982,231539.54047891186,673962.7414626626,0.0,47510.71846471471,877887.857625721
 11/01  01:00:00,1690703.711742335,221661.52428287565,643312.2807160567,0.0,47510.71846471471,762625.8336427158
 11/01  02:00:00,1559311.6197217226,189711.82609300053,551131.9108683241,0.0,47510.71846471471,755363.8096597111
 11/01  03:00:00,1480458.0825242656,165799.47296476993,482907.7691043794,0.0,47510.71846471471,768646.7673544292
 11/01  04:00:00,1485311.7547344947,147734.702861628,430908.30868986284,0.0,47510.71846471471,843564.6700823172
 11/01  05:00:00,1576082.965857692,134998.38046677771,393651.8441969721,0.0,47510.71846471471,987379.5418263805
 11/01  06:00:00,1770192.7710101386,123503.93567665415,359415.21965926985,0.0,47510.71846471471,1227898.388247347
 11/01  07:00:00,2366441.0813672384,126306.95026362024,369515.9791300398,0.0,185714.97440357105,1673377.654578202
 11/01  08:00:00,3190679.1795681617,172223.25326588916,518465.2733117852,0.0,47510.71846471471,2441293.3975043143
 11/01  09:00:00,5046460.998984994,368573.5114630674,1152366.4988341297,0.0,243324.12493062392,3272705.2565874513
 11/01  10:00:00,6596462.031241275,703785.4076646569,2259187.711762563,0.0,236591.83688906513,3389439.3835773515
 11/01  11:00:00,8347768.8058056,1174747.6171164922,3818229.9850721126,0.0,47510.71846471471,3302195.695597072
 11/01  12:00:00,9971180.773154149,1576016.3632482283,5155411.097911679,0.0,47510.71846471471,3188174.76188536
 11/01  13:00:00,10869572.61382044,1929432.6152436861,6317075.1228845585,0.0,47510.71846471471,2571825.3115536603
 11/01  14:00:00,11672581.731016107,2199599.774743834,7158091.805745931,0.0,47510.71846471471,2263650.5863878103
 11/01  15:00:00,11785253.68159259,2315205.8466149922,7449710.465952039,0.0,47510.71846471471,1968758.818916677
 11/01  16:00:00,12121031.129787778,2226671.6541087665,7017091.106814731,0.0,179655.91516616815,2691171.720261515
 11/01  17:00:00,10000856.035209775,1901740.4112065074,5795623.376630481,0.0,758825.0378271235,1532124.7286428162
 11/01  18:00:00,8816309.369653456,1490913.6684706402,4419501.552523802,0.0,903088.3530033828,1986195.4831086176
 11/01  19:00:00,6544506.980867112,1120167.1812334266,3293115.401867669,0.0,890585.5323547737,1218604.777338673
 11/01  20:00:00,5167672.606845964,839286.486411184,2468561.132895624,0.0,731895.8856608884,1097081.3785766703
 11/01  21:00:00,4167622.1049632207,642595.6840449075,1891995.558286515,0.0,554932.8857113437,1042504.4500339963
 11/01  22:00:00,2797859.3522573416,467791.20670823555,1379268.9569523616,0.0,101753.72497098819,818197.7403241594
 11/01  23:00:00,2298825.0188209945,368699.4473395658,1084108.8552761131,0.0,47510.71846471471,777149.8816087255
 11/01  24:00:00,2017099.9163250048,273721.9200057725,802386.0655928245,0.0,47510.71846471471,877887.857625721
 11/02  01:00:00,1798936.519346159,248562.18585723243,724644.4267455239,0.0,47510.71846471471,762625.8336427158
 11/02  02:00:00,1666792.346527676,217703.95902226868,630620.5047450096,0.0,47510.71846471471,755363.8096597111
 11/02  03:00:00,1522533.2111041197,178086.2035318743,512696.1671171294,0.0,47510.71846471471,768646.7673544292
 11/02  04:00:00,1485608.859407092,149839.83799615852,429100.2782279296,0.0,47510.71846471471,843564.6700823172
 11/02  05:00:00,1534018.2041035509,126363.09866096075,360222.36424864765,0.0,47510.71846471471,987379.5418263805
 11/02  06:00:00,1746396.7467439605,94977.36160623153,269595.45756739646,0.0,118007.39181418007,1251952.0267939996
 11/02  07:00:00,2308649.090042685,113742.67004138371,324288.2680277227,0.0,185714.97440357108,1673377.654578202
 11/02  08:00:00,3261119.0920660608,194746.88858993462,566381.5504856387,0.0,47510.71846471471,2441293.3975043143
 11/02  09:00:00,4868749.96371907,403593.55566202727,1206696.3628425288,0.0,47510.71846471471,3201457.719580077
 11/02  10:00:00,6497166.342079099,768692.0590229759,2356040.287580357,0.0,47510.71846471471,3317465.5856634127
 11/02  11:00:00,8836872.524641331,1272088.233811324,3950338.5547839766,0.0,227936.03797848956,3381424.9085123325
 11/02  12:00:00,10355950.570865344,1661683.6786192819,5195415.8749701865,0.0,222165.50537143924,3272617.680260269
 11/02  13:00:00,10890047.372600019,1941012.5027948876,6066132.843042918,0.0,220241.99450242243,2658931.1865859726
 11/02  14:00:00,11271278.330316855,2116401.624911771,6579222.853767123,0.0,225050.7716749644,2346874.2342891754
 11/02  15:00:00,11194125.142098764,2175452.224185778,6698278.588939441,0.0,251979.92384119946,2064346.5734881787
 11/02  16:00:00,10178285.395484336,2002303.788128399,6059119.575647882,0.0,443850.1330256242,1666571.165245831
 11/02  17:00:00,8786068.133625146,1680999.0546936512,4927090.430613384,0.0,669862.6601350971,1495573.5072801677
 11/02  18:00:00,6657295.354116498,1228172.8530016677,3495119.426580812,0.0,475107.184647147,1442285.5773398567
 11/02  19:00:00,11288619.146034554,829513.4569439513,2331493.813794954,0.0,469336.65204009664,7636241.135182984
 11/02  20:00:00,6164343.177940072,594557.8022181039,1669357.7674407794,0.0,475107.184647147,3394472.7003324446
 11/02  21:00:00,2935731.072551501,438518.8300451743,1232414.687752966,0.0,301221.8020880292,927982.2257788735
 11/02  22:00:00,2020068.585720984,299418.3618882932,843355.8285086381,0.0,47510.71846471471,798935.9535577407
 11/02  23:00:00,1655155.7202671436,211889.8445562943,597249.1595055342,0.0,47510.71846471471,777149.8816087255
 11/02  24:00:00,1269727.7094516156,85997.6863887218,242738.0923364859,0.0,47510.71846471471,877887.857625721
 11/03  01:00:00,1181354.2737043966,93141.08932829343,262483.2776327006,0.0,47510.71846471471,762625.8336427158
 11/03  02:00:00,1015573.6493945434,51729.89404642144,145714.8585580712,0.0,47510.71846471471,755363.8096597111
 11/03  03:00:00,890015.9784764487,15363.836337828787,43240.287653851,0.0,47510.71846471471,768646.7673544292
 11/03  04:00:00,906668.743183004,0.0,0.0,0.0,47510.71846471471,843564.6700823172
 11/03  05:00:00,1050144.6289567202,0.0,0.0,0.0,47510.71846471471,987379.5418263805
 11/03  06:00:00,1290324.4894073396,0.0,0.0,0.0,47510.71846471471,1227898.388247347
 11/03  07:00:00,1939440.98846757,0.0,0.0,0.0,231783.0597165232,1693759.5039668106
 11/03  08:00:00,3118015.1051909365,88844.92036908129,256603.2442004956,0.0,240438.85862709873,2519924.587061761
 11/03  09:00:00,4983989.594482066,301430.81024720415,889875.9333937922,0.0,438560.47813582805,3343952.793594826
 11/03  10:00:00,6420428.559863457,632699.2763959398,1892243.8246851023,0.0,426057.6574872189,3461292.138006863
 11/03  11:00:00,8098545.810610983,1053277.9636164955,3171275.1650726693,0.0,408746.0596660678,3459822.8467301945
 11/03  12:00:00,12104331.592493668,1498620.6596641762,4555621.798144606,0.0,265684.9387829441,5780336.364257773
 11/03  13:00:00,17057085.860022504,1949965.9136300595,5976349.179835314,0.0,220241.99450242243,8906799.926380891
 11/03  14:00:00,13682886.44966696,2108999.4920512857,6511594.890702831,0.0,225050.7716749644,4833512.44956406
 11/03  15:00:00,16202201.696486909,2323611.8868476967,7136314.200116125,0.0,456833.8313914875,6281373.946487436
 11/03  16:00:00,10662763.344960878,2069240.6831564284,6288090.994131136,0.0,576091.5052705285,1722899.4289661879
 11/03  17:00:00,9099397.319378292,1725832.5526096614,5069733.533425497,0.0,758825.0378271235,1532124.7286428162
 11/03  18:00:00,7292946.974366755,1302409.848505687,3704073.539217014,0.0,903088.3530033828,1367103.9070640055
 11/03  19:00:00,5616318.230099291,915811.5071773541,2570977.255007658,0.0,890585.5323547737,1218604.777338673
 11/03  20:00:00,4272328.38838863,634691.9461963753,1780523.3424158772,0.0,731895.8856608884,1097081.3785766703
 11/03  21:00:00,3186894.6340333624,432451.5085653594,1215906.7098055242,0.0,491457.02703378967,1013858.7635346621
 11/03  22:00:00,2329082.4974341644,303591.75875271484,856211.0860887123,0.0,264482.7444898086,875983.1006234153
 11/03  23:00:00,1782162.3886602202,216945.0920387335,614170.844398011,0.0,119353.8494224918,811692.430550498
 11/03  24:00:00,1327406.559831053,100479.07437229773,285935.55473234743,0.0,47510.71846471471,877887.857625721
 11/04  01:00:00,1248205.7489980129,109652.15045431751,312823.6918002927,0.0,47510.71846471471,762625.8336427158
 11/04  02:00:00,1123167.1343122725,79088.01085003262,225950.22667218922,0.0,47510.71846471471,755363.8096597111
 11/04  03:00:00,1034553.7566130462,52706.13963119341,150435.76249708378,0.0,47510.71846471471,768646.7673544292
 11/04  04:00:00,1026571.1257768751,31145.989818770646,88756.39277510045,0.0,47510.71846471471,843564.6700823172
 11/04  05:00:00,1125870.7172334327,11273.750396938063,32097.949540499874,0.0,70640.9366646416,996603.7119657283
 11/04  06:00:00,1501604.1492201923,5762.0923532885,16416.94366732853,0.0,188504.0651636454,1276005.6653406522
 11/04  07:00:00,2111396.199976504,44202.089076238655,127753.12243269505,0.0,231783.0597165232,1693759.5039668106
 11/04  08:00:00,4944845.6512273755,226071.5552889321,672887.2743005471,0.0,337095.2797951924,3696588.046910203
 11/04  09:00:00,5552953.737005196,427893.4446197875,1332377.4415443372,0.0,438560.47813582805,3343952.793594826
 11/04  10:00:00,7156076.305933002,813467.7167372537,2643112.061684082,0.0,283958.29203860357,3407402.5721847294
 11/04  11:00:00,9788008.896437636,1422895.1147675517,4750329.059653707,0.0,227936.03797848956,3381424.9085123325
 11/04  12:00:00,11383795.455294296,1851921.6321073088,6292120.511192745,0.0,47510.71846471471,3188174.76188536
 11/04  13:00:00,12885567.016104516,2270832.866476781,7731832.122865518,0.0,220241.99450242243,2658931.1865859726
 11/04  14:00:00,13393754.486043213,2465958.437812387,8352142.196592866,0.0,225050.7716749644,2346874.2342891754
 11/04  15:00:00,14745601.43675438,2467799.999999999,8251918.275436365,0.0,251979.92384119946,3769835.4058326483
 11/04  16:00:00,15297255.589320887,2467660.3966826606,7988114.685147038,0.0,311608.7607807199,4523431.0132738715
 11/04  17:00:00,11158264.92713368,2156726.780840831,6697706.912949715,0.0,758825.0378271235,1532124.7286428162
 11/04  18:00:00,8856429.81468764,1637868.930964565,4932097.297079021,0.0,903088.3530033828,1367103.9070640055
 11/04  19:00:00,6949976.545752981,1212288.0765466392,3608159.001292062,0.0,890585.5323547737,1218604.777338673
 11/04  20:00:00,5485330.785353767,910514.9442603928,2717702.741316995,0.0,731895.8856608884,1097081.3785766703
 11/04  21:00:00,4368822.136018654,706667.4003447508,2123618.320011425,0.0,491457.02703378967,1013858.7635346621
 11/04  22:00:00,3435946.811070964,564383.5438202731,1702283.6146579538,0.0,264482.7444898086,875983.1006234153
 11/04  23:00:00,2866700.3776947474,468685.9665330058,1411506.065638416,0.0,143301.55974175083,823206.6135310887
 11/04  24:00:00,2493240.079083966,388529.90709180606,1163718.2412657524,0.0,47510.71846471471,877887.857625721
 11/05  01:00:00,2233460.3352830852,324921.8622951997,967546.5422614778,0.0,47510.71846471471,877887.857625721
 11/05  02:00:00,2004262.5961948722,296670.11888881517,881862.5705626545,0.0,47510.71846471471,762625.8336427158
 11/05  03:00:00,1889049.292517575,268887.6059656033,801693.8037915736,0.0,47510.71846471471,755363.8096597111
 11/05  04:00:00,1824882.030135619,248877.39330269975,744253.7963778028,0.0,47510.71846471471,768646.7673544292
 11/05  05:00:00,1835399.2661958593,232762.1704823955,695968.3525304598,0.0,47510.71846471471,843564.6700823172
 11/05  06:00:00,1922958.8410568791,219520.0171076267,656006.08275531,0.0,47510.71846471471,987379.5418263805
 11/05  07:00:00,2256416.6260399423,218206.02624925878,656386.6722203512,0.0,118007.39181418005,1251952.0267939996
 11/05  08:00:00,3031891.889762598,266838.54886025185,827985.254227207,0.0,231783.0597165232,1693759.5039668106
 11/05  09:00:00,4436768.079816561,391164.7298283882,1274053.367277856,0.0,240438.85862709873,2519924.587061761
 11/05  10:00:00,6400728.419308903,657896.1811686145,2217311.2494524913,0.0,243324.12493062392,3272705.2565874513
 11/05  11:00:00,8210697.007755844,1037118.828938978,3540089.2670028103,0.0,236591.83688906513,3389439.3835773515
 11/05  12:00:00,10518423.66037858,1570150.3621645533,5333827.5621679975,0.0,227936.03797848956,3381424.9085123325
 11/05  13:00:00,11630984.453893002,1857387.2840380003,6274746.152579129,0.0,222165.50537143924,3272617.680260269
 11/05  14:00:00,11536663.148581192,1988846.2463850337,6664914.875433942,0.0,220241.99450242243,2658931.1865859726
 11/05  15:00:00,10771248.331774833,1904514.514483624,6291079.965653249,0.0,225050.7716749644,2346874.2342891754
 11/05  16:00:00,9480210.76480103,1689878.4632694952,5469937.972557988,0.0,251979.92384119946,2064346.5734881787
 11/05  17:00:00,7849453.916806522,1419849.9575218183,4501311.563541912,0.0,311608.7607807199,1610242.9015254742
 11/05  18:00:00,6847496.994384474,1162417.6085052977,3632614.3366157403,0.0,580900.2824430704,1459022.2859175187
 11/05  19:00:00,6940372.249942353,982221.6905357075,3052256.410747631,0.0,903088.3530033828,1986195.4831086178
 11/05  20:00:00,5442812.041578511,806939.213784023,2504648.430028471,0.0,890585.5323547737,1218604.777338673
 11/05  21:00:00,4662076.290936786,684190.6943006602,2118060.6090969704,0.0,731895.8856608884,1097081.3785766703
 11/05  22:00:00,3828500.041226114,584016.8210714315,1795695.4478766609,0.0,427981.1683562357,985213.0770353279
 11/05  23:00:00,3016039.8643812537,494403.77051824995,1497332.111993567,0.0,155996.73147726167,837459.5270905781
 11/05  24:00:00,2481033.4715137556,412113.9053294088,1222902.8499790314,0.0,47510.71846471471,777149.8816087255
 11/06  01:00:00,2252311.1876239935,334865.4007299808,976453.8561676048,0.0,47510.71846471471,877887.857625721
 11/06  02:00:00,1979644.7870363952,297748.5030040905,856166.3772889021,0.0,47510.71846471471,762625.8336427158
 11/06  03:00:00,1751153.2943879007,242448.63044703566,690236.7811804676,0.0,47510.71846471471,755363.8096597111
 11/06  04:00:00,1552283.986334315,188199.88369223743,532333.2621869615,0.0,47510.71846471471,768646.7673544292
 11/06  05:00:00,1432448.5431658975,137652.32396738988,388127.47601550346,0.0,47510.71846471471,843564.6700823172
 11/06  06:00:00,1410033.4277233214,95005.58724529759,267595.09928408125,0.0,47510.71846471471,987379.5418263805
 11/06  07:00:00,1639120.255077558,91520.99247789146,260325.64692545234,0.0,47510.71846471471,1227898.388247347
 11/06  08:00:00,2436448.989788197,127575.66974577913,371805.2333672785,0.0,231783.0597165232,1693759.5039668106
 11/06  09:00:00,7457040.069071152,266099.03288959677,795404.9731266346,0.0,240438.85862709873,6143910.667406364
 11/06  10:00:00,11567599.446529463,443313.86140781885,1350895.8566389284,0.0,243324.12493062392,9520573.99638237
 11/06  11:00:00,6367938.722062656,673214.0453377444,2061235.764910856,0.0,236591.83688906513,3389439.3835773515
 11/06  12:00:00,7478114.069687569,959285.9389828063,2904382.3946587313,0.0,227936.03797848956,3381424.9085123325
 11/06  13:00:00,7989430.474733863,1126725.0872156338,3363854.3702423554,0.0,222165.50537143924,3272617.680260269
 11/06  14:00:00,7634909.617697688,1206325.5113893293,3545682.0795461438,0.0,220241.99450242243,2658931.1865859726
 11/06  15:00:00,7403208.13675736,1170634.995714081,3395519.3618983645,0.0,403937.2824935258,2429387.6509775696
 11/06  16:00:00,6117129.240134677,981686.7058491724,2815048.20531196,0.0,251979.92384119946,2064346.5734881787
 11/06  17:00:00,4716650.370383708,752753.4927558803,2129823.3851953223,0.0,245584.25020171862,1582048.5087941887
 11/06  18:00:00,3817750.0387799516,530207.8939122544,1486104.2937136116,0.0,402975.52705901745,1385919.8431922211
 11/06  19:00:00,3000738.457040556,343251.6056730786,958298.9652670256,0.0,475107.184647147,1207470.388906291
 11/06  20:00:00,2301532.0994426636,194108.39178309176,541456.6216805943,0.0,469336.65204009664,1074596.3458663113
 11/06  21:00:00,1726855.5016497811,88956.87778767623,248010.6410975478,0.0,389510.95097589993,969529.30848706
 11/06  22:00:00,1521761.3979113186,19301.537065614393,53672.08856768232,0.0,427981.16835623566,985213.0770353279
 11/06  23:00:00,1024303.9818694368,0.0,0.0,0.0,155996.73147726167,837459.5270905781
 11/06  24:00:00,846016.7162053152,0.0,0.0,0.0,47510.71846471471,777149.8816087255
 11/07  01:00:00,940991.9307264078,0.0,0.0,0.0,47510.71846471471,877887.857625721
 11/07  02:00:00,825729.9067434026,0.0,0.0,0.0,47510.71846471471,762625.8336427158
 11/07  03:00:00,819001.7056003379,533.8228399401055,0.0,0.0,47510.71846471471,755363.8096597111
 11/07  04:00:00,839433.2718797965,7682.431424680408,0.0,0.0,47510.71846471471,768646.7673544292
 11/07  05:00:00,921332.3008704556,14663.557687451514,0.0,0.0,47510.71846471471,843564.6700823172
 11/07  06:00:00,2198825.7839630023,14045.17769934149,0.0,0.0,47510.71846471471,2124727.4068960994
 11/07  07:00:00,1632793.2650215111,15649.803679460745,0.0,0.0,293816.2852423146,1311462.6671375828
 11/07  08:00:00,1945457.4933030517,8389.406627912389,0.0,0.0,231783.0597165232,1693759.5039668106
 11/07  09:00:00,2636312.0735092205,541.7556588177895,0.0,0.0,143974.78854590672,2480608.992283038
 11/07  10:00:00,3258460.045214514,0.0,0.0,0.0,47510.71846471471,3201457.719580077
 11/07  11:00:00,3437697.724560339,0.0,0.0,0.0,94780.9980708023,3335459.0351418974
 11/07  12:00:00,3354791.2036169954,0.0,0.0,0.0,47510.71846471471,3302195.695597072
 11/07  13:00:00,3661599.758946454,42885.63757386893,119863.1040967101,0.0,222165.50537143924,3272617.680260269
 11/07  14:00:00,3271063.556060141,102244.38259198841,285917.1467059377,0.0,220241.99450242243,2658931.1865859726
 11/07  15:00:00,2906136.553451676,104403.26678740868,291270.3603042112,0.0,180665.758372402,2326068.322313834
 11/07  16:00:00,2220211.3858876103,33027.69041945966,91832.08645559549,0.0,98628.0198088359,1992655.7575595526
 11/07  17:00:00,1928292.3957427915,0.0,0.0,0.0,311608.7607807199,1610242.9015254742
 11/07  18:00:00,4824689.977616883,33751.46502837911,92567.7098199786,0.0,491937.904751044,4193890.417114634
 11/07  19:00:00,6660467.14163614,29405.60924124125,80536.87891932024,0.0,903088.3530033828,5630825.987925181
 11/07  20:00:00,3268252.4836796704,0.0,0.0,0.0,890585.5323547737,2355632.863252327
 11/07  21:00:00,1859824.9875391556,0.0,0.0,0.0,731895.8856608884,1097081.3785766703
 11/07  22:00:00,1359189.24412212,2523.017020986507,0.0,0.0,364505.30967868166,956567.3905359937
 11/07  23:00:00,1183470.3460023813,12156.777587560171,0.0,0.0,264482.7444898086,875983.1006234153
 11/07  24:00:00,1008544.9309923624,20680.641587648024,0.0,0.0,143301.55974175083,823206.6135310887
 11/08  01:00:00,980729.7855634203,39737.85483701248,0.0,0.0,47510.71846471471,877887.857625721
 11/08  02:00:00,859021.4575135366,33291.55077013397,0.0,0.0,47510.71846471471,762625.8336427158
 11/08  03:00:00,854452.0177413593,35984.13498096149,0.0,0.0,47510.71846471471,755363.8096597111
 11/08  04:00:00,870415.1054204325,38664.26496531636,0.0,0.0,47510.71846471471,768646.7673544292
 11/08  05:00:00,947244.9757604637,40576.23257745986,0.0,0.0,47510.71846471471,843564.6700823172
 11/08  06:00:00,1089431.8689462785,41999.127752336324,0.0,0.0,47510.71846471471,987379.5418263805
 11/08  07:00:00,1423218.8942225673,41394.966652234725,0.0,0.0,118007.39181418007,1251952.0267939996
 11/08  08:00:00,2102172.513417312,32427.84360084799,0.0,0.0,324111.58142932906,1734107.5653953291
 11/08  09:00:00,3123128.585500863,23236.378492675027,0.0,0.0,240438.85862709873,2848266.811359631
 11/08  10:00:00,9690252.823349562,18010.21981311452,0.0,0.0,243324.12493062392,9419426.871436102
 11/08  11:00:00,7893284.533488859,6139.693815703205,0.0,0.0,236591.83688906513,7643095.311436452
 11/08  12:00:00,3614445.73604603,0.0,0.0,0.0,227936.03797848956,3381424.9085123325
 11/08  13:00:00,3692650.723678251,0.0,0.0,0.0,352723.8056059538,3335859.08642813
 11/08  14:00:00,2882902.0267622145,0.0,0.0,0.0,220241.99450242243,2658931.1865859726
 11/08  15:00:00,2575653.8516379595,0.0,0.0,0.0,225050.7716749644,2346874.2342891754
 11/08  16:00:00,2320394.3289735448,0.0,0.0,0.0,251979.92384119946,2064346.5734881787
 11/08  17:00:00,1928292.3957427915,0.0,0.0,0.0,311608.7607807199,1610242.9015254742
 11/08  18:00:00,2177978.648318111,0.0,0.0,0.0,669862.660135097,1495573.5072801672
 11/08  19:00:00,2286802.572614402,0.0,0.0,0.0,903088.3530033828,1367103.9070640055
 11/08  20:00:00,2141238.045670847,10013.647904830688,0.0,0.0,890585.5323547737,1218604.777338673
 11/08  21:00:00,1883057.7339260057,23232.74638685007,0.0,0.0,731895.8856608884,1097081.3785766703
 11/08  22:00:00,1482169.556561807,33381.78428378504,0.0,0.0,427981.1683562357,985213.0770353279
 11/08  23:00:00,1212426.1475103903,41112.579095569294,0.0,0.0,264482.7444898086,875983.1006234153
 11/08  24:00:00,892965.1024269128,46948.386221597524,0.0,0.0,47510.71846471471,777149.8816087255
 11/09  01:00:00,1004706.3204796236,63714.389753215866,0.0,0.0,47510.71846471471,877887.857625721
 11/09  02:00:00,880702.6463437182,54972.73960031568,0.0,0.0,47510.71846471471,762625.8336427158
 11/09  03:00:00,876886.5559539071,58418.6731935093,0.0,0.0,47510.71846471471,755363.8096597111
 11/09  04:00:00,896063.5795551417,64312.73910002564,0.0,0.0,47510.71846471471,768646.7673544292
 11/09  05:00:00,977465.768849193,70797.02566618906,0.0,0.0,47510.71846471471,843564.6700823172
 11/09  06:00:00,1124640.6074075678,77207.86621362547,0.0,0.0,47510.71846471471,987379.5418263805
 11/09  07:00:00,1364289.4267144778,77015.81104026349,0.0,0.0,47510.71846471471,1227898.388247347
 11/09  08:00:00,1726927.493238781,55659.14536988545,0.0,0.0,47510.71846471471,1612232.1064123758
 11/09  09:00:00,2523424.7340660635,23434.081075576076,0.0,0.0,47510.71846471471,2441293.3975043143
 11/09  10:00:00,3259038.860223337,578.8150088232707,0.0,0.0,47510.71846471471,3201457.719580077
 11/09  11:00:00,3398410.013849318,6893.197465302945,19082.820908248777,0.0,47510.71846471471,3317465.5856634127
 11/09  12:00:00,3771054.7006288925,110108.0609721436,306155.4360397537,0.0,47510.71846471471,3302195.695597072
 11/09  13:00:00,4995428.150401049,464204.17116030725,1291470.6672465007,0.0,47510.71846471471,3188174.76188536
 11/09  14:00:00,5530635.767370563,736045.5606505844,2041606.7554927743,0.0,133876.35648356855,2615378.2490698164
 11/09  15:00:00,6047716.411953222,925806.9848566484,2546255.575458614,0.0,225050.7716749644,2346874.2342891754
 11/09  16:00:00,5606769.775816567,882316.1054481125,2404059.3413949106,0.0,251979.92384119946,2064346.5734881787
 11/09  17:00:00,4394111.02234987,666864.7181958726,1798953.9084112057,0.0,311608.7607807199,1610242.9015254742
 11/09  18:00:00,2871217.5438184473,358612.991171334,962417.1858641753,0.0,225243.12276186608,1312401.7631182247
 11/09  19:00:00,1404848.8624717372,79444.38841014216,213325.5288168627,0.0,47510.71846471471,1047957.914233004
 11/09  20:00:00,1424538.7555881485,0.0,0.0,0.0,363880.16864625114,1038624.4988693278
 11/09  21:00:00,1859824.9875391556,0.0,0.0,0.0,731895.8856608884,1097081.3785766703
 11/09  22:00:00,1633030.862631798,0.0,0.0,0.0,554932.8857113437,1042504.4500339963
 11/09  23:00:00,1181823.180735853,10509.612321031891,0.0,0.0,264482.7444898086,875983.1006234153
 11/09  24:00:00,1017697.1491904818,29832.859785767294,0.0,0.0,143301.55974175083,823206.6135310887
 11/10  01:00:00,1072387.6684193844,62134.1936756464,0.0,0.0,83191.84508497614,911468.2750227898
 11/10  02:00:00,914224.0333012053,57514.801469066115,0.0,0.0,59436.4858526188,781679.3913435484
 11/10  03:00:00,895575.1537584659,64211.62214936894,0.0,0.0,47510.71846471471,768598.4444787574
 11/10  04:00:00,908417.6278807202,71026.55357822598,0.0,0.0,47510.71846471471,774625.9871721546
 11/10  05:00:00,983196.6702225244,76527.92703952045,0.0,0.0,47510.71846471471,843564.6700823172
 11/10  06:00:00,1131132.6256061462,80987.99664942588,0.0,0.0,47510.71846471471,987379.5418263805
 11/10  07:00:00,2194587.472447448,75604.04711869628,0.0,0.0,188504.0651636454,1915563.9774698284
 11/10  08:00:00,3615442.434127163,41929.95816954707,0.0,0.0,231783.0597165232,3327830.991456856
 11/10  09:00:00,2921437.710713639,12898.754145461644,0.0,0.0,337095.2797951924,2559240.1818404845
 11/10  10:00:00,3659296.6424196046,0.0,0.0,0.0,340798.03821804974,3308329.0250911387
 11/10  11:00:00,3681376.4681521864,81387.92212964181,226876.57860608402,0.0,47510.71846471471,3317465.5856634127
 11/10  12:00:00,4573478.548831126,318721.6980406697,899626.661203113,0.0,47510.71846471471,3302195.695597072
 11/10  13:00:00,7140125.598781479,688223.0288109789,1945252.5402657227,0.0,134838.111918077,4367744.0861425325
 11/10  14:00:00,6241860.056163281,879039.2032831127,2479918.8261179533,0.0,220241.99450242243,2658931.1865859726
 11/10  15:00:00,6344695.212508539,1009542.2884861565,2824689.9976623263,0.0,180665.758372402,2326068.322313834
 11/10  16:00:00,5475613.411528971,918441.2488815614,2536834.793621852,0.0,47510.71846471471,1968758.818916677
 11/10  17:00:00,4147936.0586499018,699179.6561186225,1897339.6200296343,0.0,47510.71846471471,1497465.330600333
 11/10  18:00:00,2834126.8058767566,416998.08404572547,1117852.853448894,0.0,47510.71846471471,1238883.6830442282
 11/10  19:00:00,1913538.297574984,178558.2132009424,476462.88988572656,0.0,154409.8350103228,1087836.0329013257
 11/10  20:00:00,1683830.3904610018,32631.57545133759,86926.65888242285,0.0,469336.65204009664,1074596.3458663113
 11/10  21:00:00,1622144.5973890787,0.0,0.0,0.0,560703.4183183942,1033305.3435318652
 11/10  22:00:00,1262171.7801318148,0.0,0.0,0.0,301029.4510011276,927921.7040366596
 11/10  23:00:00,1174119.491321988,4839.838729250407,0.0,0.0,264482.7444898086,875983.1006234153
 11/10  24:00:00,869575.1428151845,24914.370491258192,0.0,0.0,47510.71846471471,777149.8816087255
 11/11  01:00:00,994559.7666279537,53567.835901546074,0.0,0.0,47510.71846471471,877887.857625721
 11/11  02:00:00,874682.9372097345,48953.03046633179,0.0,0.0,47510.71846471471,762625.8336427158
 11/11  03:00:00,871521.5216220631,53392.62483201247,0.0,0.0,47510.71846471471,755363.8096597111
 11/11  04:00:00,888991.5792780875,57579.72479331848,0.0,0.0,47510.71846471471,768646.7673544292
 11/11  05:00:00,962364.6164023229,55695.87321931893,0.0,0.0,47510.71846471471,843564.6700823172
 11/11  06:00:00,1106580.9693217704,56436.34036505024,0.0,0.0,47510.71846471471,987379.5418263805
 11/11  07:00:00,1390244.4365367782,52644.791181379696,0.0,0.0,82759.05513944739,1239925.2075206733
 11/11  08:00:00,1704547.5750031522,30906.325341825912,0.0,0.0,47510.71846471471,1612232.1064123758
 11/11  09:00:00,2503441.027880906,2433.416979377281,0.0,0.0,47510.71846471471,2441293.3975043143
 11/11  10:00:00,3305625.713387833,12225.069454801995,34262.62677782209,0.0,47510.71846471471,3201457.719580077
 11/11  11:00:00,4380164.877654279,262568.82670850947,744484.0835293082,0.0,47510.71846471471,3317465.5856634127
 11/11  12:00:00,7748451.160457993,628781.3639749658,1799396.2421221794,0.0,227936.03797848956,5086913.740856803
 11/11  13:00:00,8033504.014383612,961527.6930009343,2746584.7282955507,0.0,396243.23901745863,3925080.5224255025
 11/11  14:00:00,7461203.207931237,1123758.0011195217,3194321.3268056777,0.0,393357.97271393344,2746037.061618285
 11/11  15:00:00,7460041.584815551,1212265.984497627,3410721.8211730085,0.0,403937.2824935258,2429387.6509775696
 11/11  16:00:00,6769186.011498057,1100034.1246859084,3048315.8957168143,0.0,456833.8313914875,2159934.3280596808
 11/11  17:00:00,5450802.782309201,847950.823191563,2297420.2914443244,0.0,576091.5052705285,1722899.4289661879
 11/11  18:00:00,4352495.8181830235,558567.429410326,1490097.1554295642,0.0,758825.0378271235,1532124.7286428162
 11/11  19:00:00,3396398.6932226946,303221.1780478957,806713.9285307449,0.0,903088.3530033828,1367103.9070640055
 11/11  20:00:00,2604469.967406005,129531.81295834937,345408.6865333761,0.0,890585.5323547737,1218604.777338673
 11/11  21:00:00,1896002.5138639144,10591.025256034241,28298.38883150221,0.0,731895.8856608884,1097081.3785766703
 11/11  22:00:00,1630657.9608393675,0.0,0.0,0.0,554932.8857113437,1042504.4500339963
 11/11  23:00:00,1463683.5278573092,0.0,0.0,0.0,481839.47268870584,953030.2476890897
 11/11  24:00:00,952042.1174558419,995.6652323662225,0.0,0.0,119353.8494224918,811692.430550498
 11/12  01:00:00,968284.4255977367,27292.494871328927,0.0,0.0,47510.71846471471,877887.857625721
 11/12  02:00:00,852075.561408389,26345.654664986378,0.0,0.0,47510.71846471471,762625.8336427158
 11/12  03:00:00,852691.5081508389,34223.625390441026,0.0,0.0,47510.71846471471,755363.8096597111
 11/12  04:00:00,872838.4902037728,41087.64974865673,0.0,0.0,47510.71846471471,768646.7673544292
 11/12  05:00:00,952800.0079657697,46131.26478276579,0.0,0.0,47510.71846471471,843564.6700823172
 11/12  06:00:00,1146059.2346632658,50094.9109604113,0.0,0.0,82206.04576460505,1001215.7970354022
 11/12  07:00:00,1337015.4506130796,49741.834938865155,0.0,0.0,47510.71846471471,1227898.388247347
 11/12  08:00:00,1699277.7452961956,28009.39742730002,0.0,0.0,47510.71846471471,1612232.1064123758
 11/12  09:00:00,2501877.6509653106,1886.9979748229728,0.0,0.0,47510.71846471471,2441293.3975043143
 11/12  10:00:00,3331025.726117926,18869.675041951818,53696.005861460595,0.0,47510.71846471471,3201457.719580077
 11/12  11:00:00,4515470.997759222,293538.48421385116,849498.5180696046,0.0,47510.71846471471,3317465.5856634127
 11/12  12:00:00,6249839.143359929,672095.0540807822,1963298.3532331171,0.0,227936.03797848956,3381424.9085123325
 11/12  13:00:00,7427287.277247831,1005149.8980735396,2923286.3618984167,0.0,222165.50537143924,3272617.680260269
 11/12  14:00:00,7660135.489396956,1213251.8601020025,3498926.139221783,0.0,263520.9890553002,2680707.655344051
 11/12  15:00:00,7743175.901789313,1309020.5738319568,3727801.5125659187,0.0,314494.0270842451,2388130.9426333723
 11/12  16:00:00,8320211.0935023865,1221417.2463053141,3415720.4065624666,0.0,405620.35450391547,3273385.2544865236
 11/12  17:00:00,5696341.8267872725,906741.0577679917,2484169.1013459666,0.0,576091.5052705285,1722899.4289661879
 11/12  18:00:00,4539352.768791669,604603.2897546961,1631257.2316641866,0.0,758825.0378271235,1532124.7286428162
 11/12  19:00:00,3577943.5010490073,350012.79105976794,941128.1373748374,0.0,903088.3530033828,1367103.9070640055
 11/12  20:00:00,2722509.6328050676,160120.38642900522,431164.8486100468,0.0,890585.5323547737,1218604.777338673
 11/12  21:00:00,1950887.7942299035,24639.34568553541,66423.46100521258,0.0,731895.8856608884,1097081.3785766703
 11/12  22:00:00,1448787.7722780218,0.0,0.0,0.0,427981.1683562357,985213.0770353279
 11/12  23:00:00,950799.1885967446,0.0,0.0,0.0,101753.72497098819,818197.7403241594
 11/12  24:00:00,846016.7162053152,0.0,0.0,0.0,47510.71846471471,777149.8816087255
 11/13  01:00:00,962705.5165280483,21713.58580164057,0.0,0.0,47510.71846471471,877887.857625721
 11/13  02:00:00,846731.1723866967,21001.26564329397,0.0,0.0,47510.71846471471,762625.8336427158
 11/13  03:00:00,847038.8750055596,28570.9922451618,0.0,0.0,47510.71846471471,755363.8096597111
 11/13  04:00:00,867371.9150081892,35621.074553073,0.0,0.0,47510.71846471471,768646.7673544292
 11/13  05:00:00,948222.0286587211,41553.28547571724,0.0,0.0,47510.71846471471,843564.6700823172
 11/13  06:00:00,1126929.3677544892,47142.23822127194,0.0,0.0,70640.9366646416,996603.7119657283
 11/13  07:00:00,1605825.205655587,47111.78657520312,0.0,0.0,188504.0651636454,1358344.8449545857
 11/13  08:00:00,4434473.26716874,21038.876315152138,0.0,0.0,231783.0597165232,4170125.8081452586
 11/13  09:00:00,2745996.3854333074,1042.8270307708776,0.0,0.0,192206.82358650272,2541560.1977945752
 11/13  10:00:00,3546251.013388443,5418.489008513337,15311.535692132118,0.0,243324.12493062392,3272705.2565874513
 11/13  11:00:00,4555229.960073493,239303.56592236494,682437.4823370725,0.0,236591.83688906513,3389439.3835773515
 11/13  12:00:00,9732579.87838944,499329.5969117454,1435648.9556618582,0.0,227936.03797848956,7564580.49828214
 11/13  13:00:00,14490455.035362555,780167.5626748422,2234585.207668564,0.0,222165.50537143924,11249468.928003542
 11/13  14:00:00,7201155.779526008,986807.6087579654,2798991.323218964,0.0,220241.99450242243,3191386.0073728357
 11/13  15:00:00,6587442.354869479,1054747.3205251994,2957041.1827063207,0.0,225050.7716749644,2346874.2342891754
 11/13  16:00:00,5769096.660219704,914724.3718793943,2531530.430521126,0.0,149745.3211529571,2169028.7050220603
 11/13  17:00:00,10144155.306213947,586810.8360241728,1604159.6815609909,0.0,311608.7607807199,7635135.294411466
 11/13  18:00:00,11575366.633366775,447220.82222343516,1206017.5660777376,0.0,580900.2824430704,9328685.481719684
 11/13  19:00:00,3167841.008142704,238598.88240421974,642439.5531240822,0.0,903088.3530033828,1367103.9070640055
 11/13  20:00:00,2355295.62818091,60581.200949636164,163490.02946525786,0.0,890585.5323547737,1218604.777338673
 11/13  21:00:00,1859824.9875391556,0.0,0.0,0.0,731895.8856608884,1097081.3785766703
 11/13  22:00:00,1633030.862631798,0.0,0.0,0.0,554932.8857113437,1042504.4500339963
 11/13  23:00:00,1024303.9818694368,0.0,0.0,0.0,155996.73147726167,837459.5270905781
 11/13  24:00:00,855018.7030981499,9001.986892834646,0.0,0.0,47510.71846471471,777149.8816087255
 11/14  01:00:00,975300.8986770757,34308.96795066792,0.0,0.0,47510.71846471471,877887.857625721
 11/14  02:00:00,856295.7108319784,30565.804088575755,0.0,0.0,47510.71846471471,762625.8336427158
 11/14  03:00:00,854265.8475802476,35797.9648198497,0.0,0.0,47510.71846471471,755363.8096597111
 11/14  04:00:00,872703.4213221737,40952.58086705752,0.0,0.0,47510.71846471471,768646.7673544292
 11/14  05:00:00,951884.0345270236,45215.29134401955,0.0,0.0,47510.71846471471,843564.6700823172
 11/14  06:00:00,1096158.2840548996,48725.542860957175,0.0,0.0,47510.71846471471,987379.5418263805
 11/14  07:00:00,1523434.9852024144,47060.74573596389,0.0,0.0,188504.0651636454,1276005.6653406522
 11/14  08:00:00,1965539.71469449,28471.62801935052,0.0,0.0,231783.0597165232,1693759.5039668106
 11/14  09:00:00,2774930.55350025,3380.5707899316885,0.0,0.0,240438.85862709873,2519924.587061761
 11/14  10:00:00,3525520.9886877974,0.0,0.0,0.0,243324.12493062392,3272705.2565874513
 11/14  11:00:00,5051274.112577254,203917.84555917088,594775.779159415,0.0,236591.83688906513,4008530.959621963
 11/14  12:00:00,5817876.381074622,553104.0444293474,1650326.6005992456,0.0,227936.03797848956,3381424.9085123325
 11/14  13:00:00,7235002.554359006,931674.4792748333,2804477.0578082977,0.0,222165.50537143924,3272617.680260269
 11/14  14:00:00,7740659.7470469,1210936.5581227518,3646821.162161934,0.0,220241.99450242243,2658931.1865859726
 11/14  15:00:00,8049618.932685048,1373037.5317731632,4100927.549273926,0.0,225050.7716749644,2346874.2342891754
 11/14  16:00:00,7124332.56735094,1262589.631737659,3691377.0866137296,0.0,149745.3211529571,2016552.6962024276
 11/14  17:00:00,5248863.314145349,965326.6348278127,2732119.896815891,0.0,47510.71846471471,1497465.330600333
 11/14  18:00:00,6536794.749885486,720672.5188305294,1992305.0646527975,0.0,225243.12276186608,3586031.5627374467
 11/14  19:00:00,3289607.0164684425,384449.1119535592,1059066.346785944,0.0,582102.476736206,1247378.7684457197
 11/14  20:00:00,2885109.639584272,200662.8561689865,553222.3856492697,0.0,890585.5323547737,1218604.777338673
 11/14  21:00:00,2139711.0226155934,74415.211398084,205470.82367835377,0.0,731895.8856608884,1097081.3785766703
 11/14  22:00:00,1544871.1330428014,1052.5235227789324,2909.2920651126533,0.0,491457.02703378967,1013858.7635346621
 11/14  23:00:00,1024303.9818694368,0.0,0.0,0.0,155996.73147726167,837459.5270905781
 11/14  24:00:00,846016.7162053152,0.0,0.0,0.0,47510.71846471471,777149.8816087255
 11/15  01:00:00,941693.0257831215,701.0950567136961,0.0,0.0,47510.71846471471,877887.857625721
 11/15  02:00:00,825729.9067434026,0.0,0.0,0.0,47510.71846471471,762625.8336427158
 11/15  03:00:00,824936.9467582582,6469.063997860386,0.0,0.0,47510.71846471471,755363.8096597111
 11/15  04:00:00,844291.6432434615,12540.802788345387,0.0,0.0,47510.71846471471,768646.7673544292
 11/15  05:00:00,924128.662293398,17459.919110394036,0.0,0.0,47510.71846471471,843564.6700823172
 11/15  06:00:00,1068626.6076914186,21193.866497476232,0.0,0.0,47510.71846471471,987379.5418263805
 11/15  07:00:00,2627267.062474869,13544.957938700434,0.0,0.0,188504.0651636454,2413353.530410371
 11/15  08:00:00,2822010.6179676848,497.7889652841891,0.0,0.0,416440.10314213496,2393547.2028684597
 11/15  09:00:00,2839535.990683727,0.0,0.0,0.0,288767.0692111456,2539582.384451123
 11/15  10:00:00,4265910.056609844,181549.67215480836,558839.3957672385,0.0,243324.12493062392,3272705.2565874513
 11/15  11:00:00,6090389.125526155,590846.7248938559,1866053.488818244,0.0,236591.83688906513,3389439.3835773515
 11/15  12:00:00,8190966.2118735565,1092722.621218649,3483797.8546088776,0.0,227936.03797848956,3381424.9085123325
 11/15  13:00:00,9406061.90598671,1410899.577989357,4496311.310721477,0.0,222165.50537143924,3272617.680260269
 11/15  14:00:00,9807245.839846913,1665333.6813296285,5259010.131755071,0.0,220241.99450242243,2658931.1865859726
 11/15  15:00:00,10094624.659661656,1799376.681407453,5588894.1628627665,0.0,314494.0270842451,2388130.9426333727
 11/15  16:00:00,9324990.570609517,1673788.088367398,5030366.491146784,0.0,456833.8313914875,2159934.3280596808
 11/15  17:00:00,8834573.44737345,1391709.1625121823,4000084.7521182355,0.0,576091.5052705285,2860247.294035907
 11/15  18:00:00,5997478.451917071,972138.0400914254,2721848.164452859,0.0,758825.0378271235,1532124.7286428162
 11/15  19:00:00,4728152.798668159,645706.4673883239,1795643.7586654336,0.0,903088.3530033828,1367103.9070640055
 11/15  20:00:00,3670696.0944880964,406982.22267263394,1132489.4740494469,0.0,890585.5323547737,1218604.777338673
 11/15  21:00:00,3417460.3618507367,247927.14444374864,690616.6538232198,0.0,731895.8856608884,1716172.9546212824
 11/15  22:00:00,1944506.4822765691,130759.04313019001,364833.23045379977,0.0,428077.3438996865,985243.3379064349
 11/15  23:00:00,1014477.7193039107,36138.39100689011,101044.93297296809,0.0,47510.71846471471,798935.9535577407
 11/15  24:00:00,846016.7162053152,0.0,0.0,0.0,47510.71846471471,777149.8816087255
 11/16  01:00:00,940991.9307264078,0.0,0.0,0.0,47510.71846471471,877887.857625721
 11/16  02:00:00,825729.9067434026,0.0,0.0,0.0,47510.71846471471,762625.8336427158
 11/16  03:00:00,818467.8827603979,0.0,0.0,0.0,47510.71846471471,755363.8096597111
 11/16  04:00:00,831750.8404551161,0.0,0.0,0.0,47510.71846471471,768646.7673544292
 11/16  05:00:00,906668.743183004,0.0,0.0,0.0,47510.71846471471,843564.6700823172
 11/16  06:00:00,1079787.129533217,0.0,0.0,0.0,70640.9366646416,996603.7119657283
 11/16  07:00:00,1476374.2394664504,0.0,0.0,0.0,188504.0651636454,1276005.6653406522
 11/16  08:00:00,1937068.0866751394,0.0,0.0,0.0,231783.0597165232,1693759.5039668106
 11/16  09:00:00,2923443.386027363,37617.02712270322,114276.37619434166,0.0,240438.85862709873,2519924.587061761
 11/16  10:00:00,4453947.238477991,291029.9724571328,904457.2208063444,0.0,47510.71846471471,3201457.719580077
 11/16  11:00:00,6159845.83290311,666545.2524558348,2120866.5849715094,0.0,47510.71846471471,3317465.5856634127
 11/16  12:00:00,8075039.3429232845,1119592.3208748652,3600655.8184314244,0.0,47510.71846471471,3302195.695597072
 11/16  13:00:00,9382797.461796861,1408335.0238093045,4540385.8470320925,0.0,178501.80864475813,3251506.9506665417
 11/16  14:00:00,9476212.377781982,1634759.8495983235,5218387.652491465,0.0,47510.71846471471,2571825.3115536603
 11/16  15:00:00,9814451.29373493,1757361.1005081479,5481436.341588823,0.0,225050.7716749644,2346874.2342891754
 11/16  16:00:00,8836414.313115349,1626182.1946370304,4889837.789504774,0.0,251979.92384119946,2064346.5734881787
 11/16  17:00:00,8617286.147816952,1340221.148358533,3875774.263192839,0.0,311608.7607807199,3083241.242048264
 11/16  18:00:00,10349409.141926033,1017414.7713725204,2880239.6080323774,0.0,669862.660135097,5769349.62148319
 11/16  19:00:00,4945607.706155904,695833.4482002866,1962971.6853412148,0.0,903088.3530033828,1367103.9070640055
 11/16  20:00:00,3913039.624070925,465763.84929601825,1316051.3770088912,0.0,890585.5323547737,1218604.777338673
 11/16  21:00:00,2229609.476625234,280263.5956761852,794670.5473511664,0.0,218607.01026375813,905220.600032527
 11/16  22:00:00,1543734.2705759376,168760.30996314317,478409.7137378706,0.0,47510.71846471471,813460.0015237506
 11/16  23:00:00,1229871.2392731938,92256.43439688228,260320.40955225896,0.0,47510.71846471471,798935.9535577407
 11/16  24:00:00,955974.5128259964,28872.75660712686,81085.0400135544,0.0,47510.71846471471,777149.8816087255
 11/17  01:00:00,940991.9307264078,0.0,0.0,0.0,47510.71846471471,877887.857625721
 11/17  02:00:00,825729.9067434026,0.0,0.0,0.0,47510.71846471471,762625.8336427158
 11/17  03:00:00,818128.8967900507,0.0,0.0,0.0,47510.71846471471,755363.8096597111
 11/17  04:00:00,831411.8544847689,0.0,0.0,0.0,47510.71846471471,768646.7673544292
 11/17  05:00:00,906668.743183004,0.0,0.0,0.0,47510.71846471471,843564.6700823172
 11/17  06:00:00,1050144.6289567202,0.0,0.0,0.0,47510.71846471471,987379.5418263805
 11/17  07:00:00,1290324.4894073396,0.0,0.0,0.0,47510.71846471471,1227898.388247347
 11/17  08:00:00,1673641.2496613264,0.0,0.0,0.0,47510.71846471471,1612232.1064123758
 11/17  09:00:00,2650469.153456238,37360.34402375637,112101.19853095294,0.0,47510.71846471471,2441293.3975043143
 11/17  10:00:00,4575361.568631209,290721.52838300576,891971.5513563527,0.0,145417.4216976693,3237081.4880837644
 11/17  11:00:00,6579449.707610698,718789.4378724225,2226493.385983526,0.0,236591.83688906513,3389439.3835773515
 11/17  12:00:00,8420972.014379172,1176863.1333344826,3629324.1590283117,0.0,227936.03797848956,3381424.9085123325
 11/17  13:00:00,9368332.292451335,1444395.1581837272,4425086.116991732,0.0,222165.50537143924,3272617.680260269
 11/17  14:00:00,9418182.016655168,1619816.0123801425,4915463.97751281,0.0,220241.99450242243,2658931.1865859726
 11/17  15:00:00,9271427.454083089,1676197.5001413105,5019576.10230382,0.0,225050.7716749644,2346874.2342891754
 11/17  16:00:00,8448818.955123931,1520855.188567787,4457348.606521704,0.0,354406.8776163435,2112140.4507739297
 11/17  17:00:00,6597758.37854329,1213554.7261062798,3455911.2566942195,0.0,311608.7607807199,1610242.9015254742
 11/17  18:00:00,6340445.179067183,897005.3300608697,2504315.146812162,0.0,402975.52705901745,2523267.7082619397
 11/17  19:00:00,4207012.618695062,586590.908513054,1627765.4667949285,0.0,689097.7688252649,1287287.1479851482
 11/17  20:00:00,3555337.098761701,378590.66769254155,1047216.9631548795,0.0,890585.5323547737,1218604.777338673
 11/17  21:00:00,3442511.3080954617,235306.55146444656,648660.9011960918,0.0,731895.8856608884,1798512.1342352158
 11/17  22:00:00,4674820.553512124,151526.5377150233,416269.75077928527,0.0,554932.8857113437,3518870.754212444
 11/17  23:00:00,1672496.12027522,33779.468898675,92693.94390530222,0.0,481839.47268870584,1035369.4273030232
 11/17  24:00:00,951046.4522234757,0.0,0.0,0.0,119353.8494224918,811692.430550498
 11/18  01:00:00,940991.9307264078,0.0,0.0,0.0,47510.71846471471,877887.857625721
 11/18  02:00:00,825729.9067434026,0.0,0.0,0.0,47510.71846471471,762625.8336427158
 11/18  03:00:00,818128.8967900507,0.0,0.0,0.0,47510.71846471471,755363.8096597111
 11/18  04:00:00,835386.2760779443,3974.4215931753797,0.0,0.0,47510.71846471471,768646.7673544292
 11/18  05:00:00,919761.4262692328,13092.683086228848,0.0,0.0,47510.71846471471,843564.6700823172
 11/18  06:00:00,1103038.5837919866,20539.566495991767,0.0,0.0,70640.9366646416,996603.7119657283
 11/18  07:00:00,1314428.164185324,24103.674777984386,0.0,0.0,47510.71846471471,1227898.388247347
 11/18  08:00:00,1680745.4564093489,7104.206748022421,0.0,0.0,47510.71846471471,1612232.1064123758
 11/18  09:00:00,2501007.610901529,0.0,0.0,0.0,47510.71846471471,2441293.3975043143
 11/18  10:00:00,3533263.170914588,71145.88482234803,202979.26893703121,0.0,47510.71846471471,3201457.719580077
 11/18  11:00:00,4881052.319858185,388559.56262355513,1119380.7898181695,0.0,47510.71846471471,3317465.5856634127
 11/18  12:00:00,7419799.53866423,737399.3887144714,2125008.4621854387,0.0,92617.04834315841,4459350.863895606
 11/18  13:00:00,7610277.456624426,1013692.5162025747,2903934.2167436,0.0,352723.8056059538,3335859.08642813
 11/18  14:00:00,7554394.406195989,1165121.4205561636,3311204.5689447424,0.0,350078.9781610557,2724260.5928602065
 11/18  15:00:00,7194803.553049308,1210118.309266565,3409031.3921447834,0.0,225050.7716749644,2346874.2342891754
 11/18  16:00:00,6394452.926425107,1076018.0568177719,2998040.54063379,0.0,251979.92384119946,2064346.5734881787
 11/18  17:00:00,4986087.305896588,816262.0692586161,2241532.84089518,0.0,311608.7607807199,1610242.9015254742
 11/18  18:00:00,6226961.148412747,597400.0055803114,1620241.0771448314,0.0,758825.0378271235,3237613.5609872863
 11/18  19:00:00,6038491.465246036,384958.4327713513,1041496.0205961812,0.0,475107.184647147,4120658.5006546895
 11/18  20:00:00,1952868.1715424617,104475.61097874086,284120.40443647996,0.0,469336.65204009664,1074596.3458663113
 11/18  21:00:00,1403879.7525541298,4484.9829828924885,12218.674569457997,0.0,389510.95097589993,969529.30848706
 11/18  22:00:00,1262171.7801318148,0.0,0.0,0.0,301029.4510011276,927921.7040366596
 11/18  23:00:00,875260.4795019692,0.0,0.0,0.0,47510.71846471471,798935.9535577407
 11/18  24:00:00,845223.0251287299,562.252804803402,0.0,0.0,47510.71846471471,777149.8816087255
 11/19  01:00:00,962355.6038906274,21363.67316421965,0.0,0.0,47510.71846471471,877887.857625721
 11/19  02:00:00,843463.0248829633,17733.11813956072,0.0,0.0,47510.71846471471,762625.8336427158
 11/19  03:00:00,838607.325990033,20139.443229635206,0.0,0.0,47510.71846471471,755363.8096597111
 11/19  04:00:00,855858.8434702195,24108.003015103506,0.0,0.0,47510.71846471471,768646.7673544292
 11/19  05:00:00,933958.6045827135,27289.861399709444,0.0,0.0,47510.71846471471,843564.6700823172
 11/19  06:00:00,1125939.7005875886,29975.376884734105,0.0,0.0,82206.04576460505,1001215.7970354022
 11/19  07:00:00,1317842.091320527,30568.47564631265,0.0,0.0,47510.71846471471,1227898.388247347
 11/19  08:00:00,1682490.5182208186,11222.170351922925,0.0,0.0,47510.71846471471,1612232.1064123758
 11/19  09:00:00,2499990.6529904874,0.0,0.0,0.0,47510.71846471471,2441293.3975043143
 11/19  10:00:00,3425799.0825272338,42774.459216895666,124564.57809582459,0.0,47510.71846471471,3201457.719580077
 11/19  11:00:00,4732732.142861752,342732.87077187747,1017565.2766141077,0.0,47510.71846471471,3317465.5856634127
 11/19  12:00:00,6321342.223811766,740743.4330858926,2225807.5871088775,0.0,47510.71846471471,3302195.695597072
 11/19  13:00:00,7918465.644875489,1104238.8365931301,3315375.791006483,0.0,222165.50537143924,3272617.680260269
 11/19  14:00:00,8193840.183287574,1335884.2473699823,3975053.909155377,0.0,220241.99450242243,2658931.1865859726
 11/19  15:00:00,10687069.523268895,1431647.8994293234,4193129.5569267264,0.0,225050.7716749644,4833512.44956406
 11/19  16:00:00,15233126.775703888,1275344.653952658,3660536.545034413,0.0,251979.92384119946,10041197.821231453
 11/19  17:00:00,6004494.346807168,1000958.0024503008,2810013.644626612,0.0,311608.7607807199,1875473.205512938
 11/19  18:00:00,4909735.952342602,691191.426037509,1915052.278932307,0.0,758825.0378271235,1532124.7286428162
 11/19  19:00:00,3844099.246567474,413814.53125815385,1143482.1426949182,0.0,903088.3530033828,1367103.9070640055
 11/19  20:00:00,2902902.100410147,204755.55188738919,566922.1507567418,0.0,890585.5323547737,1218604.777338673
 11/19  21:00:00,2163278.0691560516,80389.10946991327,223063.97214698297,0.0,731895.8856608884,1097081.3785766703
 11/19  22:00:00,1371475.8268845915,3884.1288699329884,10799.034498967207,0.0,364601.48522213247,956597.6514071007
 11/19  23:00:00,877294.3953240525,0.0,0.0,0.0,47510.71846471471,798935.9535577407
 11/19  24:00:00,846016.7162053152,0.0,0.0,0.0,47510.71846471471,777149.8816087255
 11/20  01:00:00,940991.9307264078,0.0,0.0,0.0,47510.71846471471,877887.857625721
 11/20  02:00:00,825729.9067434026,0.0,0.0,0.0,47510.71846471471,762625.8336427158
 11/20  03:00:00,818467.8827603979,0.0,0.0,0.0,47510.71846471471,755363.8096597111
 11/20  04:00:00,831750.8404551161,0.0,0.0,0.0,47510.71846471471,768646.7673544292
 11/20  05:00:00,906668.743183004,0.0,0.0,0.0,47510.71846471471,843564.6700823172
 11/20  06:00:00,1047432.7411939424,0.0,0.0,0.0,47510.71846471471,987379.5418263805
 11/20  07:00:00,1288252.1307541816,978.5150799672753,0.0,0.0,47510.71846471471,1227898.388247347
 11/20  08:00:00,1870618.1519735784,0.0,0.0,0.0,185714.97440357105,1673377.654578202
 11/20  09:00:00,4016505.755511069,27259.131773021458,80348.77595801115,0.0,240438.85862709873,3657272.4521314795
 11/20  10:00:00,4507199.030850755,244320.77624339052,737357.2659195669,0.0,243324.12493062392,3272705.2565874513
 11/20  11:00:00,6248010.314638989,642974.371178692,1971547.0316462414,0.0,236591.83688906513,3389439.3835773515
 11/20  12:00:00,8120515.5788897155,1107286.6829187586,3398783.159924927,0.0,227936.03797848956,3381424.9085123325
 11/20  13:00:00,9280019.869513944,1425976.4523025025,4355192.399935567,0.0,222165.50537143924,3272617.680260269
 11/20  14:00:00,9586302.230658472,1648460.6535999712,4989884.086985331,0.0,263520.9890553002,2680707.6553440504
 11/20  15:00:00,9462247.55384608,1725290.0041772833,5161303.698030838,0.0,225050.7716749644,2346874.2342891754
 11/20  16:00:00,10266424.963151656,1586941.343892089,4653600.457941553,0.0,251979.92384119946,3769835.4058326483
 11/20  17:00:00,9183250.366813615,1322108.6281992071,3778803.8937421995,0.0,576091.5052705285,3499805.606165082
 11/20  18:00:00,5733910.134441212,896284.6117793953,2534133.2752890307,0.0,758825.0378271235,1532124.7286428162
 11/20  19:00:00,4604912.306970586,606445.1788268785,1711664.5555293055,0.0,903088.3530033828,1367103.9070640055
 11/20  20:00:00,5510241.797589921,437407.04221269995,1236121.5252667347,0.0,890585.5323547737,2924093.609683143
 11/20  21:00:00,7542020.701039035,407390.68692801823,1152851.7048993201,0.0,731895.8856608884,5219034.700249212
 11/20  22:00:00,1998818.7083479813,190621.00673628255,543653.0196874533,0.0,301029.4510011276,927921.7040366596
 11/20  23:00:00,1589660.179206516,108342.87211643379,310003.7386752611,0.0,264482.7444898086,875983.1006234153
 11/20  24:00:00,1193488.080010998,53145.010351724195,152478.7802545594,0.0,143301.55974175083,823206.6135310887
 11/21  01:00:00,958307.3167307405,0.0,0.0,0.0,56431.00011978007,886282.9619749882
 11/21  02:00:00,825729.9067434026,0.0,0.0,0.0,47510.71846471471,762625.8336427158
 11/21  03:00:00,818467.8827603979,0.0,0.0,0.0,47510.71846471471,755363.8096597111
 11/21  04:00:00,831750.8404551161,0.0,0.0,0.0,47510.71846471471,768646.7673544292
 11/21  05:00:00,906668.743183004,0.0,0.0,0.0,47510.71846471471,843564.6700823172
 11/21  06:00:00,2217134.994602936,0.0,0.0,0.0,70640.9366646416,2133951.577035447
 11/21  07:00:00,2707568.252453236,0.0,0.0,0.0,258712.21188275825,2436991.5316083245
 11/21  08:00:00,1937068.0866751394,0.0,0.0,0.0,231783.0597165232,1693759.5039668106
 11/21  09:00:00,4802119.493876827,82883.6187772925,242197.06004474606,0.0,240438.85862709873,4225413.4194062315
 11/21  10:00:00,9308051.354022775,401125.6617716835,1192830.4093376077,0.0,292133.2132319249,7412470.462511837
 11/21  11:00:00,6264361.2115122285,651885.7034187429,1978986.5962794293,0.0,236591.83688906513,3389439.3835773515
 11/21  12:00:00,7951384.840617722,1068982.303588687,3267956.8009830047,0.0,227936.03797848956,3381424.9085123325
 11/21  13:00:00,9111327.255380554,1385033.977301334,4227442.260803346,0.0,222165.50537143924,3272617.680260269
 11/21  14:00:00,13777070.290573943,1758246.7360198535,5298571.655016819,0.0,220241.99450242243,6496281.05936103
 11/21  15:00:00,13174912.45917563,1879889.529170656,5592994.862575558,0.0,225050.7716749644,5473248.450080633
 11/21  16:00:00,8972205.381883085,1615660.7251022456,4735708.665685506,0.0,456833.8313914875,2159934.3280596808
 11/21  17:00:00,7235018.2071258165,1273711.8695680387,3655874.6698844647,0.0,576091.5052705285,1722899.4289661879
 11/21  18:00:00,5782903.905403797,909015.6213267425,2570396.0367042683,0.0,758825.0378271235,1532124.7286428162
 11/21  19:00:00,4566454.772748602,597796.7718764889,1681855.4282577108,0.0,903088.3530033828,1367103.9070640055
 11/21  20:00:00,3607615.8556187986,386919.4194600422,1089472.0383927403,0.0,890585.5323547737,1218604.777338673
 11/21  21:00:00,2807722.739633545,247690.72808320296,700207.024011186,0.0,731895.8856608884,1097081.3785766703
 11/21  22:00:00,2215453.85364404,151703.21031038865,430719.7807018529,0.0,554932.8857113437,1042504.4500339963
 11/21  23:00:00,1452082.0123917828,72919.70583996439,207848.7381369975,0.0,264482.7444898086,875983.1006234153
 11/21  24:00:00,927474.5395092422,11923.44951230823,34072.48049176896,0.0,71458.42878397374,788664.0645893163
 11/22  01:00:00,940991.9307264078,0.0,0.0,0.0,47510.71846471471,877887.857625721
 11/22  02:00:00,825729.9067434026,0.0,0.0,0.0,47510.71846471471,762625.8336427158
 11/22  03:00:00,818467.8827603979,0.0,0.0,0.0,47510.71846471471,755363.8096597111
 11/22  04:00:00,831750.8404551161,0.0,0.0,0.0,47510.71846471471,768646.7673544292
 11/22  05:00:00,906668.743183004,0.0,0.0,0.0,47510.71846471471,843564.6700823172
 11/22  06:00:00,2184780.606263661,0.0,0.0,0.0,47510.71846471471,2124727.4068960994
 11/22  07:00:00,1664066.5353005836,0.0,0.0,0.0,328920.35860187106,1323281.6677365596
 11/22  08:00:00,2709302.9819456404,0.0,0.0,0.0,324111.58142932906,2373665.8775245054
 11/22  09:00:00,3302020.9517349806,8430.386486240379,24251.029597879882,0.0,240438.85862709873,3017714.1400023033
 11/22  10:00:00,4266541.824791629,189155.22385431256,551865.612249519,0.0,243324.12493062392,3272705.2565874513
 11/22  11:00:00,5513968.443225135,508327.5539796258,1502679.4356005979,0.0,142051.2776768899,3353452.484620382
 11/22  12:00:00,6796181.487636231,835268.1552297885,2476294.8625749294,0.0,137723.37822160212,3341810.3020547023
 11/22  13:00:00,7943191.825903114,1127803.342098922,3316537.4665283165,0.0,222165.50537143924,3272617.680260269
 11/22  14:00:00,7626376.230052823,1211719.847591137,3531754.355699473,0.0,220241.99450242243,2658931.1865859726
 11/22  15:00:00,7168330.371880645,1182085.3203991684,3410591.1998435175,0.0,225050.7716749644,2346874.2342891754
 11/22  16:00:00,5742298.848483672,966516.2781626156,2755445.2012954983,0.0,47510.71846471471,1968758.818916677
 11/22  17:00:00,4209312.686110236,698509.2848159557,1959386.6187926354,0.0,47510.71846471471,1497465.330600333
 11/22  18:00:00,7548194.123443573,573764.910268655,1586891.9736169223,0.0,225243.12276186608,5149751.6358932825
 11/22  19:00:00,6362501.955315706,408957.1935130945,1127982.659910702,0.0,475107.184647147,4333844.604697749
 11/22  20:00:00,2868264.695941626,195692.39994489486,541347.8982307147,0.0,890585.5323547737,1218604.777338673
 11/22  21:00:00,1662790.2321383436,72410.89942985725,200491.34994392938,0.0,389510.95097589993,969529.30848706
 11/22  22:00:00,1092684.3380880791,3218.625080740051,8911.248607754496,0.0,174270.08473292115,870690.8527802052
 11/22  23:00:00,877294.3953240525,0.0,0.0,0.0,47510.71846471471,798935.9535577407
 11/22  24:00:00,846016.7162053152,0.0,0.0,0.0,47510.71846471471,777149.8816087255
 11/23  01:00:00,945203.7569706745,4211.826244266635,0.0,0.0,47510.71846471471,877887.857625721
 11/23  02:00:00,831110.1681389034,5380.26139550082,0.0,0.0,47510.71846471471,762625.8336427158
 11/23  03:00:00,834542.9185396235,16075.03577922562,0.0,0.0,47510.71846471471,755363.8096597111
 11/23  04:00:00,857151.7819966876,25400.941541571534,0.0,0.0,47510.71846471471,768646.7673544292
 11/23  05:00:00,946321.3670547307,33260.76604122038,0.0,0.0,48616.73721439936,848850.5091631388
 11/23  06:00:00,1087209.8530539107,39777.11185996811,0.0,0.0,47510.71846471471,987379.5418263805
 11/23  07:00:00,1377125.5039113408,42576.73228906749,0.0,0.0,82759.05513944739,1239925.2075206733
 11/23  08:00:00,1966540.2640491398,29472.177374000472,0.0,0.0,231783.0597165232,1693759.5039668106
 11/23  09:00:00,2786227.494976784,14677.512266465808,0.0,0.0,240438.85862709873,2519924.587061761
 11/23  10:00:00,3526993.3139491808,1472.3252613832753,0.0,0.0,243324.12493062392,3272705.2565874513
 11/23  11:00:00,3633488.911814056,0.0,0.0,0.0,236591.83688906513,3389439.3835773515
 11/23  12:00:00,3614445.73604603,0.0,0.0,0.0,227936.03797848956,3381424.9085123325
 11/23  13:00:00,3636420.98693378,103664.09231519667,293003.5826243417,0.0,47510.71846471471,3188174.76188536
 11/23  14:00:00,3937031.545266817,344026.01371656056,969940.655858062,0.0,47510.71846471471,2571825.3115536603
 11/23  15:00:00,4436734.344837326,559392.77629129,1562451.418019691,0.0,47510.71846471471,2263650.5863878103
 11/23  16:00:00,4191503.3616215275,555933.4669511106,1540218.2856578617,0.0,98628.0198088359,1992655.7575595526
 11/23  17:00:00,3539144.613256264,429482.4425079436,1181369.7750055287,0.0,311608.7607807199,1610242.9015254742
 11/23  18:00:00,3198758.55661673,236045.0548186151,647342.5807004267,0.0,314109.32491044176,1988719.1152843991
 11/23  19:00:00,2993460.0538296876,95052.32753147064,260719.27237176028,0.0,796093.0609143238,1824985.0804651193
 11/23  20:00:00,2137244.1618155907,1605.6747353284807,4414.089314246083,0.0,890585.5323547737,1218604.777338673
 11/23  21:00:00,1859824.9875391556,0.0,0.0,0.0,731895.8856608884,1097081.3785766703
 11/23  22:00:00,1965975.437582791,0.0,0.0,0.0,301029.4510011276,1629352.459695205
 11/23  23:00:00,3649612.52750654,1932.654913270696,0.0,0.0,264482.7444898086,3352349.4048018637
 11/23  24:00:00,1088176.3409065765,17972.87188792856,0.0,0.0,143301.55974175083,905545.7931450221
 11/24  01:00:00,1004866.3457749485,46559.02904420806,0.0,0.0,56431.00011978007,886282.9619749882
 11/24  02:00:00,869320.3258956615,43590.4191522589,0.0,0.0,47510.71846471471,762625.8336427158
 11/24  03:00:00,868733.120598901,50604.223808850336,0.0,0.0,47510.71846471471,755363.8096597111
 11/24  04:00:00,888658.369613792,57246.51512902317,0.0,0.0,47510.71846471471,768646.7673544292
 11/24  05:00:00,975337.3739476281,62276.77293411785,0.0,0.0,48616.737214399356,848850.5091631387
 11/24  06:00:00,1180681.7302440696,65828.3246088002,0.0,0.0,93771.1548645685,1005827.8821050761
 11/24  07:00:00,1544119.3431632798,64694.22996370451,0.0,0.0,188504.0651636454,1276005.6653406522
 11/24  08:00:00,1984046.6580502456,44605.66958267545,0.0,0.0,231783.0597165232,1693759.5039668106
 11/24  09:00:00,2920030.8769853776,11491.920417200588,0.0,0.0,337095.2797951924,2559240.1818404845
 11/24  10:00:00,3659440.905734781,0.0,0.0,0.0,340942.301533226,3308329.0250911387
 11/24  11:00:00,4002019.827739954,144342.1790465569,419301.952192364,0.0,94780.9980708023,3335459.0351418974
 11/24  12:00:00,5237442.520567128,478083.7068377292,1404228.6241420563,0.0,47510.71846471471,3302195.695597072
 11/24  13:00:00,6901014.240980867,864927.3077582273,2537235.9159467663,0.0,222165.50537143924,3272617.680260269
 11/24  14:00:00,7295666.448692227,1126980.9596794117,3285783.4622506006,0.0,220241.99450242243,2658931.1865859726
 11/24  15:00:00,7175361.936790561,1251445.2180856587,3609026.568178557,0.0,47510.71846471471,2263650.5863878103
 11/24  16:00:00,7030640.970100945,1170824.8223927438,3314090.5721433135,0.0,405620.35450391547,2136037.3894168055
 11/24  17:00:00,5264129.070301272,883487.4783206638,2452349.196237817,0.0,311608.7607807199,1610242.9015254742
 11/24  18:00:00,3713964.833013116,543531.7428514874,1494281.4952227697,0.0,314109.32491044176,1349160.803155223
 11/24  19:00:00,2784961.7762303418,290188.453698887,795924.4224013501,0.0,475107.184647147,1207470.388906291
 11/24  20:00:00,2444172.0558786863,121866.5911407919,334090.3247703745,0.0,785273.3122761045,1182602.6694705826
 11/24  21:00:00,1902416.7180884609,12110.545707791642,33193.07260429138,0.0,731895.8856608884,1097081.3785766703
 11/24  22:00:00,1538536.4156624794,0.0,0.0,0.0,491457.02703378967,1013858.7635346621
 11/24  23:00:00,1169279.6525927375,0.0,0.0,0.0,264482.7444898086,875983.1006234153
 11/24  24:00:00,847372.2997104744,2711.5273865479617,0.0,0.0,47510.71846471471,777149.8816087255
 11/25  01:00:00,970966.1094009298,29974.178674521907,0.0,0.0,47510.71846471471,877887.857625721
 11/25  02:00:00,855180.3851186775,29450.47837527488,0.0,0.0,47510.71846471471,762625.8336427158
 11/25  03:00:00,856131.7479009967,38002.851110946,0.0,0.0,47510.71846471471,755363.8096597111
 11/25  04:00:00,877533.6591551006,46121.80467033172,0.0,0.0,47510.71846471471,768646.7673544292
 11/25  05:00:00,959508.1209862632,52839.37780325919,0.0,0.0,47510.71846471471,843564.6700823172
 11/25  06:00:00,1108742.684654817,58598.05569809674,0.0,0.0,47510.71846471471,987379.5418263805
 11/25  07:00:00,1538441.7487656875,59016.635566112236,0.0,0.0,188504.0651636454,1276005.6653406522
 11/25  08:00:00,3412917.365679264,33787.283673467406,0.0,0.0,47510.71846471471,3317720.938756846
 11/25  09:00:00,3411036.64453115,2342.7286616301253,0.0,0.0,288767.0692111456,3107723.3517258745
 11/25  10:00:00,3526198.960628492,0.0,0.0,0.0,243324.12493062392,3272705.2565874513
 11/25  11:00:00,5109633.1190204555,200394.4000364733,573641.0795706863,0.0,236591.83688906513,4090870.139235897
 11/25  12:00:00,6907480.929799656,528757.6305072038,1525755.4251868506,0.0,227936.03797848956,4619608.060601556
 11/25  13:00:00,6777531.756516151,830029.464036436,2384051.3730697157,0.0,265684.9387829441,3293698.1489828895
 11/25  14:00:00,6909641.543547781,1046705.4228023327,2980034.093983234,0.0,220241.99450242243,2658931.1865859726
 11/25  15:00:00,7027273.137293878,1131831.619340401,3189087.7025620397,0.0,314494.0270842451,2388130.9426333727
 11/25  16:00:00,9051225.774194187,1101753.2247847612,3055006.7586948685,0.0,456833.8313914875,4433564.127678903
 11/25  17:00:00,5241200.681443528,786223.6643424146,2149545.3494277997,0.0,576091.5052705285,1722899.4289661879
 11/25  18:00:00,4083969.0698938062,480046.9810554073,1300090.855495265,0.0,758825.0378271235,1532124.7286428162
 11/25  19:00:00,3171499.253451662,238823.57241210048,646212.0943955071,0.0,903088.3530033828,1367103.9070640055
 11/25  20:00:00,3107467.0111129116,74467.174964492,202039.61257559413,0.0,890585.5323547737,1920035.5329972184
 11/25  21:00:00,7300232.443798382,5858.473351048698,15922.128811923043,0.0,731895.8856608884,6518420.120435702
 11/25  22:00:00,3521614.896055097,0.0,0.0,0.0,301029.4510011276,3187364.8199599423
 11/25  23:00:00,1169279.6525927375,0.0,0.0,0.0,264482.7444898086,875983.1006234153
 11/25  24:00:00,888751.2162680854,8628.550644309209,0.0,0.0,71458.42878397374,788664.0645893163
 11/26  01:00:00,974896.8395783647,33904.908851956934,0.0,0.0,47510.71846471471,877887.857625721
 11/26  02:00:00,856347.2801015814,30617.37335817869,0.0,0.0,47510.71846471471,762625.8336427158
 11/26  03:00:00,854871.5446516391,36403.661891241245,0.0,0.0,47510.71846471471,755363.8096597111
 11/26  04:00:00,874189.5427827279,42438.70232761178,0.0,0.0,47510.71846471471,768646.7673544292
 11/26  05:00:00,954563.9039835115,47895.16080050741,0.0,0.0,47510.71846471471,843564.6700823172
 11/26  06:00:00,1099904.2929163573,52471.55172241485,0.0,0.0,47510.71846471471,987379.5418263805
 11/26  07:00:00,1529883.222577359,53508.98311090877,0.0,0.0,188504.0651636454,1276005.6653406522
 11/26  08:00:00,2673461.6456662645,34962.803332579744,0.0,0.0,231783.0597165232,2395190.259625356
 11/26  09:00:00,4810455.218805164,4365.083892016757,0.0,0.0,337095.2797951924,4457808.318096496
 11/26  10:00:00,3525520.9886877974,0.0,0.0,0.0,243324.12493062392,3272705.2565874513
 11/26  11:00:00,4089457.373094163,118697.1293638713,337271.33191623574,0.0,236591.83688906513,3389439.3835773515
 11/26  12:00:00,6484493.504793904,447389.4113978031,1285310.492280352,0.0,227936.03797848956,4518772.773582051
 11/26  13:00:00,6624843.8495471915,807125.2207782154,2318867.6114931013,0.0,222165.50537143924,3272617.680260269
 11/26  14:00:00,6906630.316613465,1042478.3380081063,2981249.951843144,0.0,220241.99450242243,2658931.1865859726
 11/26  15:00:00,7065859.598932292,1170660.4280473613,3319545.319246971,0.0,225050.7716749644,2346874.2342891754
 11/26  16:00:00,6335322.009934226,1057059.012869379,2957868.6680913027,0.0,251979.92384119946,2064346.5734881787
 11/26  17:00:00,4858526.181775069,781512.1084007552,2148721.677631522,0.0,311608.7607807199,1610242.9015254742
 11/26  18:00:00,3488339.40404052,453188.1277421339,1233713.4251443008,0.0,402975.52705901745,1385919.8431922211
 11/26  19:00:00,2896492.477865047,203554.40012870036,553039.1767504319,0.0,796093.0609143238,1327195.527524577
 11/26  20:00:00,2232703.169801723,27301.286758574577,74177.48527713266,0.0,890585.5323547737,1218604.777338673
 11/26  21:00:00,1624856.4851518562,0.0,0.0,0.0,560703.4183183942,1033305.3435318652
 11/26  22:00:00,1264544.6819242456,0.0,0.0,0.0,301029.4510011276,927921.7040366596
 11/26  23:00:00,1177242.9864490444,5929.418034223371,0.0,0.0,264482.7444898086,875983.1006234153
 11/26  24:00:00,943031.3982672555,26090.89546224067,0.0,0.0,95406.13910323277,800178.2475699071
 11/27  01:00:00,1001142.5432742219,60150.612547814235,0.0,0.0,47510.71846471471,877887.857625721
 11/27  02:00:00,883934.5529747298,58204.64623132719,0.0,0.0,47510.71846471471,762625.8336427158
 11/27  03:00:00,884434.5252242683,65966.64246387046,0.0,0.0,47510.71846471471,755363.8096597111
 11/27  04:00:00,910226.271333568,73991.01601515789,0.0,0.0,47510.71846471471,773131.1822177233
 11/27  05:00:00,985145.4109592845,78476.6677762806,0.0,0.0,47510.71846471471,843564.6700823172
 11/27  06:00:00,1130248.569740497,82815.82854655474,0.0,0.0,47510.71846471471,987379.5418263805
 11/27  07:00:00,1369821.3201951971,82547.70452098257,0.0,0.0,47510.71846471471,1227898.388247347
 11/27  08:00:00,2260446.5847514365,58025.33179364812,0.0,0.0,416440.10314213496,1774455.6268238476
 11/27  09:00:00,3061996.0435407977,18502.028936844396,0.0,0.0,433751.7009632861,2598555.776619208
 11/27  10:00:00,4211233.537285554,0.0,0.0,0.0,292133.2132319249,3909608.716883907
 11/27  11:00:00,3799490.623079678,60652.34200279084,170613.0983474038,0.0,189321.55728297753,3371445.934098867
 11/27  12:00:00,4686467.659669491,278401.49534286617,793620.4282805955,0.0,227936.03797848956,3381424.9085123325
 11/27  13:00:00,5398477.793602022,558310.1049285345,1600414.3766792458,0.0,47510.71846471471,3188174.76188536
 11/27  14:00:00,5669757.000772405,790207.167092801,2256484.95798741,0.0,47510.71846471471,2571825.3115536603
 11/27  15:00:00,6142233.750747651,950203.8592507611,2681566.9651368344,0.0,180665.758372402,2326068.322313834
 11/27  16:00:00,6506083.964354234,901411.7110514758,2494498.781139142,0.0,354406.8776163435,2751698.762903106
 11/27  17:00:00,5334557.527219577,709226.9089221861,1916394.2156661656,0.0,509970.81914807635,2192524.850046552
 11/27  18:00:00,3868294.642695753,426909.91318937123,1137892.4821335953,0.0,758825.0378271235,1532124.7286428162
 11/27  19:00:00,2972428.0396303358,187615.06236689546,498010.4046490383,0.0,903088.3530033828,1367103.9070640055
 11/27  20:00:00,2103442.55551595,31087.13877381431,82445.34692287938,0.0,785273.3122761043,1182602.6694705826
 11/27  21:00:00,1389887.982764557,0.0,0.0,0.0,389510.95097589993,969529.30848706
 11/27  22:00:00,1264544.6819242456,0.0,0.0,0.0,301029.4510011276,927921.7040366596
 11/27  23:00:00,1182059.9402093901,10746.371794569193,0.0,0.0,264482.7444898086,875983.1006234153
 11/27  24:00:00,1017918.5042076074,30054.214802892828,0.0,0.0,143301.55974175083,823206.6135310887
 11/28  01:00:00,1072123.9573652653,61870.48262152736,0.0,0.0,83191.84508497614,911468.2750227898
 11/28  02:00:00,915635.8618086372,58926.62997649789,0.0,0.0,59436.4858526188,781679.3913435484
 11/28  03:00:00,891520.6721544836,66435.47198456251,0.0,0.0,47510.71846471471,761981.1270692344
 11/28  04:00:00,910891.0176057168,73160.95733287543,0.0,0.0,47510.71846471471,774625.9871721546
 11/28  05:00:00,984859.698008406,78190.954825402,0.0,0.0,47510.71846471471,843564.6700823172
 11/28  06:00:00,1162014.6952650228,82227.56573180575,0.0,0.0,70640.9366646416,996603.7119657283
 11/28  07:00:00,1651345.1878313872,81124.80044787015,0.0,0.0,258712.21188275825,1299643.666538606
 11/28  08:00:00,1995299.444911393,58231.35823625368,0.0,0.0,231783.0597165232,1693759.5039668106
 11/28  09:00:00,2788753.6244137366,17203.641703418238,0.0,0.0,240438.85862709873,2519924.587061761
 11/28  10:00:00,3525520.9886877974,0.0,0.0,0.0,243324.12493062392,3272705.2565874513
 11/28  11:00:00,4023744.8943494805,101621.06117370399,288634.9213617208,0.0,236591.83688906513,3389439.3835773515
 11/28  12:00:00,5142592.75763286,393744.4895193359,1134402.5320674942,0.0,227936.03797848956,3381424.9085123325
 11/28  13:00:00,6151947.290955374,714067.5419365227,2068577.5843837927,0.0,134838.111918077,3230396.2210728144
 11/28  14:00:00,6283786.892252824,941732.5026680644,2718989.5138925654,0.0,47510.71846471471,2571825.3115536603
 11/28  15:00:00,6463494.637877921,1076232.5829479657,3072371.90440361,0.0,47510.71846471471,2263650.5863878103
 11/28  16:00:00,6179096.420555377,1019719.5482711783,2838982.5433106543,0.0,251979.92384119946,2064346.5734881787
 11/28  17:00:00,4847459.8826686,788769.8309781004,2130397.6559477085,0.0,311608.7607807199,1610242.9015254742
 11/28  18:00:00,3589018.049994748,489391.7724739711,1298188.4263666915,0.0,402975.52705901745,1385919.8431922211
 11/28  19:00:00,3794616.170107539,263782.7663634456,694297.6525739228,0.0,475107.184647147,2344818.25397601
 11/28  20:00:00,1735625.7007012349,46771.00444473412,122887.61027752345,0.0,469336.65204009664,1074596.3458663113
 11/28  21:00:00,1507372.2339582066,0.0,0.0,0.0,475107.184647147,1001417.3260094626
 11/28  22:00:00,1264544.6819242456,0.0,0.0,0.0,301029.4510011276,927921.7040366596
 11/28  23:00:00,878665.7603851092,1371.3650610566058,0.0,0.0,47510.71846471471,798935.9535577407
 11/28  24:00:00,860454.5572273228,14437.841022007604,0.0,0.0,47510.71846471471,777149.8816087255
 11/29  01:00:00,984476.841588094,43484.91086168628,0.0,0.0,47510.71846471471,877887.857625721
 11/29  02:00:00,867457.1162650478,41727.20952164526,0.0,0.0,47510.71846471471,762625.8336427158
 11/29  03:00:00,866832.5152271306,48364.63246673272,0.0,0.0,47510.71846471471,755363.8096597111
 11/29  04:00:00,885541.7230638459,53790.88260872979,0.0,0.0,47510.71846471471,768646.7673544292
 11/29  05:00:00,963946.5396316006,57277.79644859657,0.0,0.0,47510.71846471471,843564.6700823172
 11/29  06:00:00,3914848.4755443353,47368.62373826614,0.0,0.0,82302.22130805589,3772635.149595166
 11/29  07:00:00,4756112.723819622,36023.387061791516,0.0,0.0,328920.35860187106,4379304.469193807
 11/29  08:00:00,2231598.728655599,29177.475697810823,0.0,0.0,416440.10314213496,1774455.6268238476
 11/29  09:00:00,3045934.9242159408,2440.9096119877668,0.0,0.0,433751.7009632861,2598555.776619208
 11/29  10:00:00,3840176.7735901116,12633.077400389531,35538.81728934569,0.0,438560.47813582805,3343952.793594826
 11/29  11:00:00,4578461.476857203,243661.6729996385,701310.8920435086,0.0,236591.83688906513,3389439.3835773515
 11/29  12:00:00,7463654.171251768,611672.0653992293,1791702.0698910728,0.0,47510.71846471471,5007684.527941543
 11/29  13:00:00,10441957.772384312,1023807.3248500362,3006111.3185100015,0.0,222165.50537143924,6185805.792008668
 11/29  14:00:00,7443416.398192091,1158322.2021321754,3402192.1692977003,0.0,220241.99450242243,2658931.1865859726
 11/29  15:00:00,7490181.639938008,1258112.4229444994,3656415.3653555484,0.0,225050.7716749644,2346874.2342891754
 11/29  16:00:00,6735522.75853223,1154431.7900331367,3260696.6395255486,0.0,251979.92384119946,2064346.5734881787
 11/29  17:00:00,6193780.602628798,923134.7490503814,2514225.509741188,0.0,443850.1330256242,2306129.4773750072
 11/29  18:00:00,5127071.44719161,633692.499861639,1692097.1470166412,0.0,758825.0378271235,2029914.2815833585
 11/29  19:00:00,3565525.5603494984,349851.2728852922,928871.714849804,0.0,903088.3530033828,1367103.9070640055
 11/29  20:00:00,2696078.8837801246,154789.672801884,410064.81321222486,0.0,890585.5323547737,1218604.777338673
 11/29  21:00:00,1673246.3285570089,13250.844377344065,35138.999027808626,0.0,560703.4183183941,1033305.3435318652
 11/29  22:00:00,1715370.0422457315,0.0,0.0,0.0,554932.8857113437,1124843.6296479297
 11/29  23:00:00,3647679.872593269,0.0,0.0,0.0,264482.7444898086,3352349.4048018637
 11/29  24:00:00,1689295.04506326,0.0,0.0,0.0,143301.55974175083,1524637.369189634
 11/30  01:00:00,951492.3312622134,10500.400535805617,0.0,0.0,47510.71846471471,877887.857625721
 11/30  02:00:00,836738.7546526178,11008.847909215294,0.0,0.0,47510.71846471471,762625.8336427158
 11/30  03:00:00,835537.072963233,17069.190202835107,0.0,0.0,47510.71846471471,755363.8096597111
 11/30  04:00:00,859653.1825377069,23417.92721929677,0.0,0.0,47510.71846471471,773131.1822177232
 11/30  05:00:00,934390.5703978539,27721.82721484994,0.0,0.0,47510.71846471471,843564.6700823172
 11/30  06:00:00,1078663.0969370196,31230.35574307728,0.0,0.0,47510.71846471471,987379.5418263805
 11/30  07:00:00,1508843.9941962566,32469.754729806187,0.0,0.0,188504.0651636454,1276005.6653406522
 11/30  08:00:00,1698149.0982409841,26880.750372088452,0.0,0.0,47510.71846471471,1612232.1064123758
 11/30  09:00:00,2503620.5940527525,3629.941062265008,0.0,0.0,47510.71846471471,2441293.3975043143
 11/30  10:00:00,3258460.045214514,0.0,0.0,0.0,47510.71846471471,3201457.719580077
 11/30  11:00:00,4200575.2559999125,209511.89802734012,618629.3624968058,0.0,47510.71846471471,3317465.5856634127
 11/30  12:00:00,5736927.318632022,595665.4182461846,1786470.6967688408,0.0,47510.71846471471,3302195.695597072
 11/30  13:00:00,7183607.146240184,935367.2672716194,2814163.288013098,0.0,178501.80864475813,3251506.9506665417
 11/30  14:00:00,7713879.7160021765,1210835.244703869,3620142.4445360927,0.0,220241.99450242243,2658931.1865859726
 11/30  15:00:00,7775556.97137191,1351103.0114411283,3979181.958848629,0.0,136280.74506983956,2305262.410338493
 11/30  16:00:00,6953191.926985533,1238757.598942141,3544068.4790438404,0.0,149745.3211529571,2016552.6962024278
 11/30  17:00:00,7421951.011845138,1010125.611766269,2778044.171991608,0.0,311608.7607807199,3315731.7338699442
 11/30  18:00:00,7261590.362981505,725590.5665004934,1946999.0757641017,0.0,314109.32491044176,4262348.91490362
 11/30  19:00:00,3674005.294581043,378204.87576226785,1008997.8462043734,0.0,903088.3530033828,1367103.9070640055
 11/30  20:00:00,2751007.163057949,169192.5650630494,450590.20022888354,0.0,890585.5323547737,1218604.777338673
 11/30  21:00:00,1970229.5166078731,30141.227624842628,80263.30144387492,0.0,731895.8856608884,1097081.3785766703
 11/30  22:00:00,1633030.862631798,0.0,0.0,0.0,554932.8857113437,1042504.4500339963
 11/30  23:00:00,1171313.568414821,0.0,0.0,0.0,264482.7444898086,875983.1006234153
 11/30  24:00:00,987864.2894047145,0.0,0.0,0.0,143301.55974175083,823206.6135310887
 12/01  01:00:00,944651.4417125083,15780.544039159438,0.0,0.0,47510.71846471471,861643.3538938487
 12/01  02:00:00,830795.9194450455,16496.17212172381,0.0,0.0,47510.71846471471,747072.2035438216
 12/01  03:00:00,830887.0759161474,23587.10558013124,0.0,0.0,47510.71846471471,740501.0531937941
 12/01  04:00:00,854670.1868797087,29599.57135358352,0.0,0.0,47510.71846471471,758271.6983839029
 12/01  05:00:00,950241.4116444781,33946.1376705571,0.0,0.0,47510.71846471471,849067.730194421
 12/01  06:00:00,1249805.2305501453,36561.74242290826,0.0,0.0,95598.49019013444,1098356.799259595
 12/01  07:00:00,1661933.03802782,34775.23364409307,0.0,0.0,192351.086901679,1415947.145441818
 12/01  08:00:00,2522385.450679593,10168.571741333682,0.0,0.0,427019.41292172734,2067623.7738881353
 12/01  09:00:00,4646434.529159057,0.0,0.0,0.0,452025.05421894556,4178978.915998106
 12/01  10:00:00,4831688.598901183,110782.64706921962,322646.71135356545,0.0,461642.6085640295,3923757.8327960307
 12/01  11:00:00,6399390.339914979,469377.2895911626,1405654.158644923,0.0,449139.7879154204,4064932.064468804
 12/01  12:00:00,8391763.715470653,909288.6828755445,2758587.0619482826,0.0,383740.41836884955,4333289.5260815285
 12/01  13:00:00,15182881.214254055,1304158.7602743506,3958260.3933854625,0.0,233706.57058553994,9681611.970361367
 12/01  14:00:00,10315108.62069599,1504489.0639491635,4552235.721767316,0.0,323630.7037120749,3930038.238257378
 12/01  15:00:00,9724992.074749865,1620845.6945848037,4835330.425477895,0.0,425095.90205271053,2839005.1596243987
 12/01  16:00:00,11750973.512687214,1561685.7042502994,4506689.734586778,0.0,425095.90205271053,5252358.652150089
 12/01  17:00:00,7484533.6776384255,1202975.4311310058,3359724.546596965,0.0,326996.84773285425,2586692.946069319
 12/01  18:00:00,5708843.615464179,832067.4150699843,2280867.7980432822,0.0,804989.2986835265,1774631.2914508237
 12/01  19:00:00,4113337.6263060523,515196.42859980493,1402956.8658703675,0.0,726125.3530538381,1448484.9001927003
 12/01  20:00:00,2657937.759285555,264915.46033932414,719367.3683847662,0.0,482801.2281232142,1165136.1042015743
 12/01  21:00:00,1891327.3817714478,114032.69939381018,308972.91191082646,0.0,391434.4618449167,1041311.297727825
 12/01  22:00:00,1398791.8375427225,17216.62605101248,46592.581666736514,0.0,300067.6955666192,992909.5238051156
 12/01  23:00:00,956429.4615730677,0.0,0.0,0.0,101994.16382961528,818002.0335748271
 12/01  24:00:00,833014.1943079893,0.0,0.0,0.0,47510.71846471471,760214.5042438759
 12/02  01:00:00,998348.9071314624,3013.1149473070263,0.0,0.0,65351.281774845425,910267.6850945245
 12/02  02:00:00,863813.4038575925,3678.8705027128563,0.0,0.0,53473.602158666756,786944.1058814274
 12/02  03:00:00,1953400.9042029758,8753.068797241162,0.0,0.0,47510.71846471471,1877848.9182635124
 12/02  04:00:00,876059.3528008063,19437.596757852516,0.0,0.0,47510.71846471471,789822.8389007316
 12/02  05:00:00,943886.1452373127,27590.87126339158,0.0,0.0,47510.71846471471,849067.730194421
 12/02  06:00:00,1119444.4576955722,33185.24157797448,0.0,0.0,47510.71846471471,1019460.2989753755
 12/02  07:00:00,1400922.471238847,34189.83011697415,0.0,0.0,47510.71846471471,1300362.3506169287
 12/02  08:00:00,2964967.412397493,10878.165695229189,0.0,0.0,47510.71846471471,2889004.836109153
 12/02  09:00:00,3150935.597834845,0.0,0.0,0.0,249094.65753767424,2886410.381355165
 12/02  10:00:00,4306838.561227795,67916.62557732774,193461.47834811173,0.0,254865.19014472465,3777736.468039293
 12/02  11:00:00,5690660.588064195,365787.04518434725,1061421.3174209408,0.0,298384.6235562295,3954780.5626080064
 12/02  12:00:00,7990468.860480538,714258.1569625451,2090145.9932498015,0.0,191485.5070106214,4987721.177061123
 12/02  13:00:00,8270824.272697454,995282.1712281967,2912634.2521846304,0.0,419325.36944566015,3938438.960191632
 12/02  14:00:00,7991121.799704624,1180042.6328582754,3437609.486455158,0.0,277706.88171429903,3091047.9056668356
 12/02  15:00:00,7402746.252706203,1243769.2633791813,3587356.444368537,0.0,47510.71846471471,2519394.9334837133
 12/02  16:00:00,7328172.684433125,1157100.2959697354,3259893.667173018,0.0,425095.90205271053,2480939.2995903254
 12/02  17:00:00,5377081.755984459,865834.9639748416,2370740.1634169747,0.0,326996.84773285425,1805365.8747515082
 12/02  18:00:00,3832660.8823106503,544882.2028393098,1466161.5813387686,0.0,331420.92273159284,1473908.3631844171
 12/02  19:00:00,2286764.9891284183,265753.82711296005,712727.7643535066,0.0,160661.24533462737,1127048.073737983
 12/02  20:00:00,1915292.7829238195,111392.93568767127,298371.1865410147,0.0,373978.6007085893,1105832.4617498675
 12/02  21:00:00,2083704.006229078,15080.222868740937,40337.45814334968,0.0,734781.1519644137,1257929.162358504
 12/02  22:00:00,1787884.6203962122,0.0,0.0,0.0,553009.374842327,1192869.8351006466
 12/02  23:00:00,2108084.5570932883,0.0,0.0,0.0,482801.2281232142,1588850.0648014487
 12/02  24:00:00,8936293.996291466,13190.289048387629,0.0,0.0,215433.21732988046,8682381.518313797
 12/03  01:00:00,8954600.032951081,48877.88753445791,0.0,0.0,47510.71846471471,8838494.601637123
 12/03  02:00:00,2706346.8450521124,31446.544192671583,0.0,0.0,47510.71846471471,2607672.7570799403
 12/03  03:00:00,841044.101304326,33315.50433103165,0.0,0.0,47510.71846471471,740501.0531937941
 12/03  04:00:00,900151.2255783798,43100.84289814798,0.0,0.0,47510.71846471471,789822.8389007316
 12/03  05:00:00,965812.9179535826,49517.64397966149,0.0,0.0,47510.71846471471,849067.730194421
 12/03  06:00:00,1138201.1813447506,55370.97832537642,0.0,0.0,47510.71846471471,1019460.2989753755
 12/03  07:00:00,1745042.3402467421,56569.97011070963,0.0,0.0,228657.35455437092,1444813.0832769335
 12/03  08:00:00,2371983.1314242347,36521.51082928082,0.0,0.0,332286.5026226504,1988601.8123048535
 12/03  09:00:00,3337417.102540313,8691.851490054923,0.0,0.0,350559.8558783099,2964020.716141776
 12/03  10:00:00,4397401.987203842,0.0,0.0,0.0,461642.6085640295,3923757.8327960307
 12/03  11:00:00,4256474.096918658,45089.10041111054,122423.80758538932,0.0,197977.35619355307,3881554.0467084907
 12/03  12:00:00,4555404.432147952,204613.14922871854,562875.9372654236,0.0,47510.71846471471,3733975.2276299256
 12/03  13:00:00,5803142.881607972,473578.5776633725,1314251.130536162,0.0,233562.30727036367,3776607.346490738
 12/03  14:00:00,5363073.344920435,642458.1711644515,1783867.6956954533,0.0,47510.71846471471,2884521.8665857585
 12/03  15:00:00,5662213.9748260435,777675.4189605931,2138236.815614162,0.0,142051.2776768899,2599535.569564341
 12/03  16:00:00,5031586.675594313,705786.1677153404,1904641.0909984475,0.0,155515.85376000748,2260500.0434731822
 12/03  17:00:00,3585194.9133745655,497031.83911610366,1305633.6959366119,0.0,117382.2507817496,1657003.2214318202
 12/03  18:00:00,4193358.7367362524,302365.57969362685,777533.4538261116,0.0,426057.6574872189,2671542.8601500113
 12/03  19:00:00,2753127.8250221154,106982.8159772597,273220.2652033537,0.0,839131.6166085745,1512790.422006308
 12/03  20:00:00,2362657.3064429066,3901.991268155319,9946.42630333949,0.0,918476.4399555171,1402471.7174928284
 12/03  21:00:00,1891724.1996276667,0.0,0.0,0.0,648944.4794345393,1203774.6962008344
 12/03  22:00:00,1341610.7931528827,3627.776866963588,0.0,0.0,300067.6955666192,992909.5238051156
 12/03  23:00:00,1260587.8177882168,23914.02545417144,0.0,0.0,265444.499924317,932224.2684174355
 12/03  24:00:00,1087135.858000383,42702.90606542203,0.0,0.0,143301.55974175083,874127.9140446996
 12/04  01:00:00,1069951.3463739378,74615.55418978228,0.0,0.0,65351.281774845425,910267.6850945245
 12/04  02:00:00,883951.4806722982,69651.73334897644,0.0,0.0,47510.71846471471,747072.2035438216
 12/04  03:00:00,882083.0026790708,74354.40570577659,0.0,0.0,47510.71846471471,740501.0531937941
 12/04  04:00:00,903258.4312625916,77759.18909918849,0.0,0.0,47510.71846471471,758271.6983839029
 12/04  05:00:00,1065454.2363171899,78520.3825328325,0.0,0.0,50107.45813788737,917109.5703316848
 12/04  06:00:00,1163523.8719450445,80693.66892567046,0.0,0.0,47510.71846471471,1019460.2989753755
 12/04  07:00:00,1699326.2176718183,76026.05302359324,0.0,0.0,192351.086901679,1415947.145441818
 12/04  08:00:00,2209330.733483624,47623.98477102941,0.0,0.0,237553.5923235735,1909579.8507215711
 12/04  09:00:00,3514847.881449156,7047.097271651276,0.0,0.0,452025.05421894556,3041631.050928387
 12/04  10:00:00,4408299.131962223,2922.8993544300333,7974.245403951208,0.0,461642.6085640295,3923757.8327960307
 12/04  11:00:00,5478404.238668974,252173.74704477872,702728.8532198551,0.0,449139.7879154204,4064932.064468804
 12/04  12:00:00,6422043.463212032,571397.8890208376,1628887.0834893093,0.0,287564.8749180101,3927764.216224706
 12/04  13:00:00,7341854.167052941,884518.9839898716,2528884.612794887,0.0,187157.60755533364,3736149.443065515
 12/04  14:00:00,7442297.58652221,1126068.6670118724,3204734.855191473,0.0,139646.88909061893,2967132.2822181894
 12/04  15:00:00,7587217.733309995,1246280.243970376,3507295.15144193,0.0,189321.5572829775,2639605.8876046548
 12/04  16:00:00,6795367.671217599,1116123.9669064812,3061617.754233895,0.0,263520.98905530025,2348961.4413745874
 12/04  17:00:00,5211534.112146455,840096.4156740577,2230931.067879753,0.0,326996.84773285425,1805365.8747515082
 12/04  18:00:00,3842356.0666718953,517596.06102854805,1348648.1674965522,0.0,426057.6574872189,1534194.9950802925
 12/04  19:00:00,2960420.7998184003,262539.0901975263,679580.5365160606,0.0,613119.0894991017,1384179.3783790928
 12/04  20:00:00,2738341.347990368,108732.27683698204,280800.1822819741,0.0,918476.4399555171,1402471.7174928284
 12/04  21:00:00,2053272.2333243524,6019.015367993713,15537.879641147509,0.0,734781.1519644137,1257929.162358504
 12/04  22:00:00,1337983.0162859191,0.0,0.0,0.0,300067.6955666192,992909.5238051156
 12/04  23:00:00,959001.2213967352,0.0,0.0,0.0,101994.16382961528,818002.0335748271
 12/04  24:00:00,842026.7914263046,7298.090569203657,0.0,0.0,47510.71846471471,760214.5042438759
 12/05  01:00:00,964196.9782286531,35326.080555304114,0.0,0.0,47510.71846471471,861643.3538938487
 12/05  02:00:00,848931.7088386884,34631.96151536678,0.0,0.0,47510.71846471471,747072.2035438216
 12/05  03:00:00,850587.1835254198,42858.58655212556,0.0,0.0,47510.71846471471,740501.0531937941
 12/05  04:00:00,876722.9978980308,51223.7557346276,0.0,0.0,47510.71846471471,758271.6983839029
 12/05  05:00:00,975520.2617003161,59224.98772639505,0.0,0.0,47510.71846471471,849067.730194421
 12/05  06:00:00,1149650.7794328418,66820.57641346774,0.0,0.0,47510.71846471471,1019460.2989753755
 12/05  07:00:00,1500284.389398993,72303.09719715788,0.0,0.0,83720.81057395578,1329258.549323151
 12/05  08:00:00,1881942.9366607603,68201.94148916114,0.0,0.0,47510.71846471471,1751656.9710394344
 12/05  09:00:00,3196993.5258168667,47343.807893854995,0.0,0.0,249094.65753767424,2886410.381355165
 12/05  10:00:00,4056657.260336137,12054.056308337236,0.0,0.0,254865.19014472465,3777736.468039293
 12/05  11:00:00,4175626.0834443546,0.0,0.0,0.0,248132.90210316586,3918063.395321074
 12/05  12:00:00,4645005.793325611,133482.98221705676,376443.6349115652,0.0,239477.10319259032,3889172.6734452294
 12/05  13:00:00,5926179.460019836,495984.8111146658,1414737.212181558,0.0,233706.57058553994,3776607.346490738
 12/05  14:00:00,6405292.021348583,811199.9561045613,2307851.414666821,0.0,231783.0597165232,3049742.6978506204
 12/05  15:00:00,6847775.306391271,1033777.8314554715,2893014.539391708,0.0,236591.83688906513,2679676.205644969
 12/05  16:00:00,6276404.318503538,980939.3116357641,2677839.056790551,0.0,263520.98905530025,2348961.4413745874
 12/05  17:00:00,5369157.896545736,784968.2051517952,2085508.0685134726,0.0,536899.9713143115,1953637.7454578755
 12/05  18:00:00,5719803.925037331,551284.698644874,1435691.585609105,0.0,804989.2986835265,2911979.1565205427
 12/05  19:00:00,3522585.641527262,271490.8430990418,700858.2692183744,0.0,952137.8801633108,1577095.9438199156
 12/05  20:00:00,2664745.563907555,88442.3649719671,227494.31006417584,0.0,918476.4399555171,1402471.7174928284
 12/05  21:00:00,2031715.338315211,0.0,0.0,0.0,734781.1519644137,1257929.162358504
 12/05  22:00:00,1790885.0068571577,0.0,0.0,0.0,553009.374842327,1192869.8351006466
 12/05  23:00:00,1421560.8347374464,0.0,0.0,0.0,374122.8640237656,1008432.946721388
 12/05  24:00:00,1058163.323241787,13730.371306826313,0.0,0.0,143301.55974175083,874127.9140446996
 12/06  01:00:00,1104135.7746740677,42335.08797910572,0.0,0.0,83191.84508497614,958892.0162952003
 12/06  02:00:00,856253.0613979008,41953.314074579095,0.0,0.0,47510.71846471471,747072.2035438216
 12/06  03:00:00,857337.8128775945,49609.215904300276,0.0,0.0,47510.71846471471,740501.0531937941
 12/06  04:00:00,898467.0264524459,57192.214030628355,0.0,0.0,47510.71846471471,774047.2686423172
 12/06  05:00:00,978828.1722374388,62532.89826351784,0.0,0.0,47510.71846471471,849067.730194421
 12/06  06:00:00,1149145.4835033605,66315.28048398648,0.0,0.0,47510.71846471471,1019460.2989753755
 12/06  07:00:00,1819407.4838070525,65762.90818321226,0.0,0.0,264963.6222070628,1473679.0211120495
 12/06  08:00:00,2529739.007403896,41801.3779893107,0.0,0.0,332286.5026226504,2141077.8211244857
 12/06  09:00:00,7245308.943258684,9001.197922625226,0.0,0.0,249094.65753767424,6973068.408768212
 12/06  10:00:00,12021454.451771073,0.0,0.0,0.0,254865.19014472465,11754587.715782566
 12/06  11:00:00,8664413.014001044,198833.1372728492,566758.4733996671,0.0,248132.90210316586,7641258.715205247
 12/06  12:00:00,6145906.622408288,557192.4336301424,1627216.9278527456,0.0,143493.9108286525,3811573.9505375773
 12/06  13:00:00,7339269.187967947,911696.33246003,2673136.0181505927,0.0,94059.68149492101,3655233.6362150675
 12/06  14:00:00,7790176.515392009,1174403.492332522,3416905.6656114543,0.0,185714.97440357105,3008437.4900344047
 12/06  15:00:00,7986696.064592211,1312556.7535093087,3753156.3755388106,0.0,236591.83688906513,2679676.205644969
 12/06  16:00:00,6698483.15569065,1158089.6736338658,3217467.331774608,0.0,101513.2861123611,2216269.34452248
 12/06  17:00:00,9373286.947508996,986576.8122792875,2647505.134042537,0.0,187253.78309878448,5543807.311980107
 12/06  18:00:00,5942163.436820431,663746.0076200635,1758775.8924600745,0.0,804989.2986835265,2698793.0524774836
 12/06  19:00:00,4655354.814205788,384682.96013045404,1019004.5692069427,0.0,952137.8801633108,2278526.699478461
 12/06  20:00:00,4478135.027306979,221578.23356857488,587225.5731638338,0.0,918476.4399555171,2722994.049195986
 12/06  21:00:00,2345184.77381826,85776.80352384417,227692.63197920457,0.0,734781.1519644137,1257929.162358504
 12/06  22:00:00,1806820.40231609,4360.356037724646,11575.039421207626,0.0,553009.374842327,1192869.8351006466
 12/06  23:00:00,1144116.2686882752,0.0,0.0,0.0,210961.05455941643,894150.190136566
 12/06  24:00:00,834728.700857101,0.0,0.0,0.0,47510.71846471471,760214.5042438759
 12/07  01:00:00,936860.5685388567,7989.670865507854,0.0,0.0,47510.71846471471,861643.3538938487
 12/07  02:00:00,825053.8113070191,10754.063983697348,0.0,0.0,47510.71846471471,747072.2035438216
 12/07  03:00:00,828583.1034932253,20854.506519931023,0.0,0.0,47510.71846471471,740501.0531937941
 12/07  04:00:00,856043.9367745087,30544.694611105457,0.0,0.0,47510.71846471471,758271.6983839029
 12/07  05:00:00,990220.0951260787,38605.53124693942,0.0,0.0,48809.08830130103,883088.6502630529
 12/07  06:00:00,1192906.5343308388,46584.195306644855,0.0,0.0,71554.60432742457,1058908.5491174853
 12/07  07:00:00,1673848.1552614616,50547.99061323642,0.0,0.0,192351.086901679,1415947.145441818
 12/07  08:00:00,2208785.8042527633,47079.0555401688,0.0,0.0,237553.5923235735,1909579.8507215711
 12/07  09:00:00,3186932.8929341384,37283.17501112684,0.0,0.0,249094.65753767424,2886410.381355165
 12/07  10:00:00,4066712.8525962313,22109.6485684315,0.0,0.0,254865.19014472465,3777736.468039293
 12/07  11:00:00,4179367.4625026714,3741.379058316816,0.0,0.0,248132.90210316586,3918063.395321074
 12/07  12:00:00,4135079.176196989,0.0,0.0,0.0,239477.10319259032,3889172.6734452294
 12/07  13:00:00,3754436.8373573245,0.0,0.0,0.0,94059.68149492101,3655233.6362150675
 12/07  14:00:00,3498202.9690143894,55394.91615482692,156567.40228236176,0.0,231783.0597165232,3049742.6978506204
 12/07  15:00:00,3596855.493754295,154147.19076913112,434767.112655304,0.0,283717.85317997646,2719508.444139826
 12/07  16:00:00,3650393.953197929,220894.37899791723,616171.7766473569,0.0,371237.5977202405,2436946.680185079
 12/07  17:00:00,2797043.3813027274,175175.33145569992,481361.42125438445,0.0,326996.84773285425,1805365.8747515082
 12/07  18:00:00,2336399.8657478043,96925.8573794907,263362.17022151826,0.0,426057.6574872189,1534194.9950802925
 12/07  19:00:00,2525174.1587096415,41115.36817125648,111134.046696883,0.0,839131.6166085745,1512790.422006308
 12/07  20:00:00,2352137.6874317857,899.4386782539051,2429.359882120158,0.0,918476.4399555171,1402471.7174928284
 12/07  21:00:00,2031715.338315211,0.0,0.0,0.0,734781.1519644137,1257929.162358504
 12/07  22:00:00,1451334.9503432862,0.0,0.0,0.0,363399.290928997,1042929.862500105
 12/07  23:00:00,866443.6977509654,0.0,0.0,0.0,47510.71846471471,779927.9552939577
 12/07  24:00:00,835396.5686962367,667.8678391356636,0.0,0.0,47510.71846471471,760214.5042438759
 12/08  01:00:00,944561.0060021679,15690.108328819038,0.0,0.0,47510.71846471471,861643.3538938487
 12/08  02:00:00,827611.5197647548,13311.772441432991,0.0,0.0,47510.71846471471,747072.2035438216
 12/08  03:00:00,823623.9226514378,16323.952315421415,0.0,0.0,47510.71846471471,740501.0531937941
 12/08  04:00:00,843530.7898957962,18460.174369671236,0.0,0.0,47510.71846471471,758271.6983839029
 12/08  05:00:00,935811.2639283959,19515.98995447484,0.0,0.0,47510.71846471471,849067.730194421
 12/08  06:00:00,1106075.1303494708,19815.91423187326,0.0,0.0,47510.71846471471,1019460.2989753755
 12/08  07:00:00,1580897.4011048449,18845.887536581664,0.0,0.0,156140.99479243794,1387050.9467355958
 12/08  08:00:00,2814318.8636427536,10053.416340036882,0.0,0.0,237553.5923235735,2549138.1628507474
 12/08  09:00:00,3648725.150775387,0.0,0.0,0.0,249094.65753767424,3384199.934295707
 12/08  10:00:00,4045460.4573023557,0.0,0.0,0.0,254865.19014472465,3777736.468039293
 12/08  11:00:00,4275487.152625637,24992.426767519075,74011.38913920778,0.0,248132.90210316586,3918063.395321074
 12/08  12:00:00,5027170.9988287445,224371.85527399217,667291.3407204847,0.0,239477.10319259032,3889172.6734452294
 12/08  13:00:00,5976658.084854678,494314.79894253996,1466885.8491885245,0.0,233706.57058553994,3776607.346490738
 12/08  14:00:00,6242008.644047487,751421.093795568,2204346.8996747173,0.0,231783.0597165232,3049742.6978506204
 12/08  15:00:00,6234055.00031725,850692.503712691,2462379.5610604677,0.0,236591.83688906513,2679676.205644969
 12/08  16:00:00,5545870.902011246,762024.5706219097,2166220.3813121147,0.0,263520.98905530025,2348961.4413745874
 12/08  17:00:00,4881396.222019628,599381.3585819879,1663941.575794564,0.0,606867.6791747971,2003061.7023599981
 12/08  18:00:00,4096794.791357607,402155.7339740572,1098730.655032638,0.0,804989.2986835265,1774631.2914508237
 12/08  19:00:00,4783487.7550407015,245883.08773342698,667274.4330315499,0.0,952137.8801633108,2897618.275523073
 12/08  20:00:00,4938195.230322716,142629.61467691037,385467.63700409123,0.0,918476.4399555171,3465903.940449521
 12/08  21:00:00,2128256.75769769,27050.46352881852,72919.96895188361,0.0,734781.1519644137,1257929.162358504
 12/08  22:00:00,1674659.1227534027,0.0,0.0,0.0,489773.9550234,1142879.757276764
 12/08  23:00:00,956429.4615730677,0.0,0.0,0.0,101994.16382961528,818002.0335748271
 12/08  24:00:00,833014.1943079893,0.0,0.0,0.0,47510.71846471471,760214.5042438759
 12/09  01:00:00,938793.5208585036,9922.623185154713,0.0,0.0,47510.71846471471,861643.3538938487
 12/09  02:00:00,824607.0448149771,10307.297491655354,0.0,0.0,47510.71846471471,747072.2035438216
 12/09  03:00:00,823415.0237541137,16115.053418097465,0.0,0.0,47510.71846471471,740501.0531937941
 12/09  04:00:00,846620.8230034988,21550.207477373795,0.0,0.0,47510.71846471471,758271.6983839029
 12/09  05:00:00,942159.6441007475,25864.370126826463,0.0,0.0,47510.71846471471,849067.730194421
 12/09  06:00:00,1115812.9542978266,29553.738180229095,0.0,0.0,47510.71846471471,1019460.2989753755
 12/09  07:00:00,1463822.5623744885,31983.63043715231,0.0,0.0,83720.81057395578,1329258.549323151
 12/09  08:00:00,4776845.7590166945,14702.148053888266,0.0,0.0,142532.15539414412,4602037.763440267
 12/09  09:00:00,3754215.4804360503,0.0,0.0,0.0,148302.68800119447,3590482.2334928503
 12/09  10:00:00,4097921.8746680943,13545.955818393524,38915.461547345585,0.0,254865.19014472465,3777736.468039293
 12/09  11:00:00,5168136.05231064,253372.78456404328,738279.9310276862,0.0,248132.90210316586,3918063.395321074
 12/09  12:00:00,6350048.67029573,562096.3773948045,1652444.490066658,0.0,239477.10319259032,3889172.6734452294
 12/09  13:00:00,7106753.035422529,785994.3844510303,2305301.214247885,0.0,233706.57058553994,3776607.346490738
 12/09  14:00:00,6770782.383471727,892881.4476367717,2591660.285257756,0.0,231783.0597165232,3049742.6978506204
 12/09  15:00:00,6432507.292940397,890076.3839753605,2534489.7186351763,0.0,283717.85317997646,2719508.444139826
 12/09  16:00:00,4954882.624765441,720591.8726513637,2009597.8684302494,0.0,47510.71846471471,2172038.6455717776
 12/09  17:00:00,3699897.037050521,513046.00862146437,1404321.6501072058,0.0,117382.2507817496,1657003.2214318202
 12/09  18:00:00,3131356.2470804,311902.775654813,842913.0066415143,0.0,426057.6574872189,1534194.9950802925
 12/09  19:00:00,2347845.752497526,137771.40837056807,369513.5830277658,0.0,500112.82594436535,1319873.8565654852
 12/09  20:00:00,1948660.4318718868,29078.10143063164,77674.69359890078,0.0,591720.0310812899,1224470.007524388
 12/09  21:00:00,1187695.850854885,0.0,0.0,0.0,219472.5901548157,932647.249806
 12/09  22:00:00,1221883.5685967212,0.0,0.0,0.0,236928.45129114308,942949.7068523397
 12/09  23:00:00,1418989.0749137788,0.0,0.0,0.0,374122.8640237656,1008432.946721388
 12/09  24:00:00,1052285.829676775,9567.384290925826,0.0,0.0,143301.55974175083,874127.9140446996
 12/10  01:00:00,961080.6127573652,32209.715084016287,0.0,0.0,47510.71846471471,861643.3538938487
 12/10  02:00:00,843628.9800980077,29329.23277468595,0.0,0.0,47510.71846471471,747072.2035438216
 12/10  03:00:00,842104.2265984181,34375.62962512384,0.0,0.0,47510.71846471471,740501.0531937941
 12/10  04:00:00,865453.8154028154,39954.5732394122,0.0,0.0,47510.71846471471,758271.6983839029
 12/10  05:00:00,1101128.2586412341,43773.044074318546,0.0,0.0,52608.022267609194,985030.3669845208
 12/10  06:00:00,1290439.6940541512,49213.406111634904,0.0,0.0,107524.25757803854,1117842.8447851937
 12/10  07:00:00,1869306.122307523,50489.34119587513,0.0,0.0,301269.8898597547,1502544.958947165
 12/10  08:00:00,2542713.244313187,33496.751835874515,0.0,0.0,427019.41292172734,2067623.7738881353
 12/10  09:00:00,3072519.420068725,11893.296504016156,0.0,0.0,198698.67276943434,2847782.7717651026
 12/10  10:00:00,3693244.932184452,1186.289896002174,0.0,0.0,47510.71846471471,3632546.377979953
 12/10  11:00:00,3828966.505355572,0.0,0.0,0.0,47510.71846471471,3772026.0008707424
 12/10  12:00:00,3869007.051804773,21511.22558285046,59580.48056811298,0.0,47510.71846471471,3733975.2276299256
 12/10  13:00:00,5009344.7976621315,286115.1406421453,794779.0867518025,0.0,187157.6075553336,3736149.443065515
 12/10  14:00:00,5221362.7242793245,513492.395201153,1421629.6785009708,0.0,231783.0597165232,3049742.6978506204
 12/10  15:00:00,5250009.775491981,623661.0463804418,1705365.793567447,0.0,236591.83688906513,2679676.205644969
 12/10  16:00:00,4595801.162370892,534285.232976807,1443889.9793168618,0.0,263520.98905530025,2348961.4413745874
 12/10  17:00:00,3096887.4336114405,324296.16785061214,870736.1373487136,0.0,187253.78309878448,1706457.4392050495
 12/10  18:00:00,2058813.9734817012,106497.79160679139,286051.0770311174,0.0,236784.1879759668,1413621.7312885416
 12/10  19:00:00,1852933.3921785674,3236.4867969509687,8707.517645146678,0.0,500112.82594436535,1319873.8565654852
 12/10  20:00:00,2348808.888871412,0.0,0.0,0.0,918476.4399555171,1402471.7174928284
 12/10  21:00:00,2691666.9583787676,0.0,0.0,0.0,734781.1519644137,1917880.7824220604
 12/10  22:00:00,1799825.75029836,8940.743441202354,0.0,0.0,553009.374842327,1192869.8351006466
 12/10  23:00:00,1080430.9055074037,28872.16046489831,0.0,0.0,156477.60919451586,856076.1118556965
 12/10  24:00:00,879850.0621039148,45121.36124681374,0.0,0.0,47510.71846471471,760214.5042438759
 12/11  01:00:00,1001796.9202067751,72926.02253342618,0.0,0.0,47510.71846471471,861643.3538938487
 12/11  02:00:00,881866.6221868837,67566.87486356198,0.0,0.0,47510.71846471471,747072.2035438216
 12/11  03:00:00,881892.3525686683,74163.75559537407,0.0,0.0,47510.71846471471,740501.0531937941
 12/11  04:00:00,906470.0860043049,80970.84384090171,0.0,0.0,47510.71846471471,758271.6983839029
 12/11  05:00:00,1003498.7261525508,87203.45217862976,0.0,0.0,47510.71846471471,849067.730194421
 12/11  06:00:00,1375224.8847766966,93902.54575250264,135000.0,0.0,71554.60432742457,1058908.5491174853
 12/11  07:00:00,1643049.651435532,100174.65004916038,180000.0,0.0,47510.71846471471,1300362.3506169287
 12/11  08:00:00,3116472.3117461577,78392.01311959077,0.0,0.0,95021.43692942942,2928485.5560296876
 12/11  09:00:00,3190945.5967122987,41295.878789286784,0.0,0.0,249094.65753767424,2886410.381355165
 12/11  10:00:00,4049170.211244812,4567.007217012119,0.0,0.0,254865.19014472465,3777736.468039293
 12/11  11:00:00,4184924.598191675,2476.7915143449613,6821.723232975007,0.0,248132.90210316586,3918063.395321074
 12/11  12:00:00,4629330.8521678,131271.8563047111,362979.8196661002,0.0,239477.10319259032,3889172.6734452294
 12/11  13:00:00,5258726.021801207,376710.1423555459,1040572.1756329081,0.0,140608.6445251273,3695691.539640291
 12/11  14:00:00,4973984.530264112,498000.8678446013,1364489.5981006455,0.0,139646.88909061893,2967132.2822181894
 12/11  15:00:00,6954348.196980372,628064.5179174833,1699811.9111743262,0.0,236591.83688906513,4385165.037989439
 12/11  16:00:00,9252466.360623159,644374.8698077917,1726743.459876968,0.0,263520.98905530025,6612683.522235762
 12/11  17:00:00,3391895.0447965562,340368.91782197566,911019.4983819376,0.0,326996.84773285425,1805365.8747515082
 12/11  18:00:00,2919119.994180666,130299.70397897829,348182.4988797635,0.0,710256.3883844495,1714522.2173581908
 12/11  19:00:00,4521607.849930243,8649.207701415384,23108.205271211973,0.0,952137.8801633108,3516709.8515676847
 12/11  20:00:00,3793149.535783492,0.0,0.0,0.0,918476.4399555171,2846812.3644049084
 12/11  21:00:00,1756057.6175775162,4324.556637393506,0.0,0.0,563107.8069046652,1149620.2300431645
 12/11  22:00:00,1366200.4168736534,28217.400587734264,0.0,0.0,300067.6955666192,992909.5238051156
 12/11  23:00:00,1612003.9197346093,46987.90310269415,0.0,0.0,265444.499924317,1260566.4927153054
 12/11  24:00:00,7037707.120602522,88269.54479693285,0.0,0.0,143301.55974175083,6779132.537915327
 12/12  01:00:00,4101881.5189123647,115882.38054140654,0.0,0.0,47510.71846471471,3918771.5945914583
 12/12  02:00:00,900039.0046655383,85739.25734221662,0.0,0.0,47510.71846471471,747072.2035438216
 12/12  03:00:00,898574.212292599,90845.61531930475,0.0,0.0,47510.71846471471,740501.0531937941
 12/12  04:00:00,2620047.7838720037,89059.70936413064,0.0,0.0,47510.71846471471,2463760.530728373
 12/12  05:00:00,2919538.018094134,85346.57277667207,0.0,0.0,50107.45813788737,2764367.161864789
 12/12  06:00:00,1371219.7776561086,98581.67680008967,0.0,0.0,119450.02496594263,1137328.8903107923
 12/12  07:00:00,5736471.554854536,80304.90096783017,0.0,0.0,301269.88985975465,5339894.831722223
 12/12  08:00:00,4363154.144684337,69586.3555411551,0.0,0.0,237553.5923235735,4041440.8911521593
 12/12  09:00:00,3220040.358024738,70390.64010172637,0.0,0.0,249094.65753767424,2886410.381355165
 12/12  10:00:00,4102837.8566510202,58234.6526232205,0.0,0.0,254865.19014472465,3777736.468039293
 12/12  11:00:00,4223110.377673011,47484.29422865778,0.0,0.0,248132.90210316586,3918063.395321074
 12/12  12:00:00,4183662.2826440665,48583.10644707716,0.0,0.0,239477.10319259032,3889172.6734452294
 12/12  13:00:00,3874485.5031102104,33041.79929745664,0.0,0.0,140608.6445251273,3695691.539640291
 12/12  14:00:00,2960361.648328424,23614.170267893056,0.0,0.0,47510.71846471471,2884521.8665857585
 12/12  15:00:00,2586533.0410333057,14912.496074820165,0.0,0.0,47510.71846471471,2519394.9334837133
 12/12  16:00:00,2424134.6781935166,2975.261312991406,0.0,0.0,155515.85376000748,2260500.0434731822
 12/12  17:00:00,2498681.622880468,0.0,0.0,0.0,536899.9713143115,1953637.7454578755
 12/12  18:00:00,2597386.0365565363,1906.2608429026031,0.0,0.0,804989.2986835265,1774631.2914508237
 12/12  19:00:00,2562062.6896370547,11826.160427208782,0.0,0.0,952137.8801633108,1577095.9438199156
 12/12  20:00:00,4707355.1063335445,13499.07298848487,0.0,0.0,918476.4399555171,3747518.8619664754
 12/12  21:00:00,2069165.5557742359,37450.21745902492,0.0,0.0,734781.1519644137,1257929.162358504
 12/12  22:00:00,1841332.751127006,50447.7442698484,0.0,0.0,553009.374842327,1192869.8351006466
 12/12  23:00:00,1115909.6202756977,64350.875233192564,0.0,0.0,156477.60919451586,856076.1118556965
 12/12  24:00:00,909916.5822410795,75187.88138397854,0.0,0.0,47510.71846471471,760214.5042438759
 12/13  01:00:00,1027376.6770701183,98505.77939676936,0.0,0.0,47510.71846471471,861643.3538938487
 12/13  02:00:00,904253.2772369968,89953.52991367501,0.0,0.0,47510.71846471471,747072.2035438216
 12/13  03:00:00,899454.4329201193,91725.83594682491,0.0,0.0,47510.71846471471,740501.0531937941
 12/13  04:00:00,920553.1580270412,95053.91586363799,0.0,0.0,47510.71846471471,758271.6983839029
 12/13  05:00:00,1014933.7465364647,98638.47256254351,0.0,0.0,47510.71846471471,849067.730194421
 12/13  06:00:00,1312431.4961899803,102617.02116096677,0.0,0.0,95598.49019013444,1098356.799259595
 12/13  07:00:00,1726699.613405826,103399.44875760091,0.0,0.0,192351.086901679,1415947.145441818
 12/13  08:00:00,2419525.8330810834,84064.21248612988,0.0,0.0,332286.5026226504,1988601.8123048535
 12/13  09:00:00,3199479.0708746575,49829.35295164582,0.0,0.0,249094.65753767424,2886410.381355165
 12/13  10:00:00,4057630.2825096003,13027.078481800576,0.0,0.0,254865.19014472465,3777736.468039293
 12/13  11:00:00,4175626.0834443546,0.0,0.0,0.0,248132.90210316586,3918063.395321074
 12/13  12:00:00,3882684.7366267145,24701.219173966078,70068.17179893897,0.0,47510.71846471471,3733975.2276299256
 12/13  13:00:00,5178830.375917239,303014.0117417434,860358.927451882,0.0,233706.57058553994,3776607.346490738
 12/13  14:00:00,5436530.663558771,560762.9231793857,1589527.0898021848,0.0,231783.0597165232,3049742.6978506204
 12/13  15:00:00,5704071.364334907,731223.7911538181,2051864.6376369973,0.0,236591.83688906513,2679676.205644969
 12/13  16:00:00,5205458.230853034,688219.043958696,1899613.236817115,0.0,263520.98905530025,2348961.4413745874
 12/13  17:00:00,3903532.0974222315,475308.3585519679,1287717.1102776204,0.0,326996.84773285425,1805365.8747515082
 12/13  18:00:00,4854373.298907058,282748.91842953477,756457.560080238,0.0,804989.2986835265,2994318.3361344757
 12/13  19:00:00,5299445.785166932,74323.7221700064,198519.22960863114,0.0,952137.8801633108,4053462.2479983633
 12/13  20:00:00,3174057.9597388795,0.0,0.0,0.0,918476.4399555171,2227720.7883602963
 12/13  21:00:00,2031715.338315211,0.0,0.0,0.0,734781.1519644137,1257929.162358504
 12/13  22:00:00,1805551.5043880786,14666.497530920982,0.0,0.0,553009.374842327,1192869.8351006466
 12/13  23:00:00,1089317.1846472719,37758.43960476645,0.0,0.0,156477.60919451586,856076.1118556965
 12/13  24:00:00,889245.3554494148,54516.65459231386,0.0,0.0,47510.71846471471,760214.5042438759
 12/14  01:00:00,1010470.4078505962,81599.51017724736,0.0,0.0,47510.71846471471,861643.3538938487
 12/14  02:00:00,888824.6941248188,74524.94680149699,0.0,0.0,47510.71846471471,747072.2035438216
 12/14  03:00:00,885605.3435867914,77876.74661349712,0.0,0.0,47510.71846471471,740501.0531937941
 12/14  04:00:00,905898.963537792,80399.7213743889,0.0,0.0,47510.71846471471,758271.6983839029
 12/14  05:00:00,1032977.494027751,81362.93014861186,0.0,0.0,48809.08830130103,883088.6502630529
 12/14  06:00:00,1290472.2821352296,80657.80710621591,0.0,0.0,95598.49019013444,1098356.799259595
 12/14  07:00:00,1701878.2212810314,78578.0566328062,0.0,0.0,192351.086901679,1415947.145441818
 12/14  08:00:00,2309942.2751264228,61358.09047264849,0.0,0.0,284920.04747311195,1949090.831513212
 12/14  09:00:00,3182192.9025221616,32543.18459914987,0.0,0.0,249094.65753767424,2886410.381355165
 12/14  10:00:00,4048685.1565345516,4081.9525067516606,0.0,0.0,254865.19014472465,3777736.468039293
 12/14  11:00:00,4175626.0834443546,0.0,0.0,0.0,248132.90210316586,3918063.395321074
 12/14  12:00:00,4135079.176196989,0.0,0.0,0.0,239477.10319259032,3889172.6734452294
 12/14  13:00:00,4015457.436723613,0.0,0.0,0.0,233706.57058553994,3776607.346490738
 12/14  14:00:00,4221629.891535695,133566.4587681826,370567.4833204135,0.0,415478.3477076266,3297302.708729415
 12/14  15:00:00,5128438.560115442,322779.0052855851,893713.4056592039,0.0,377969.8857617992,3529261.370398796
 12/14  16:00:00,8139074.498918339,278312.91353212524,765073.9129450794,0.0,478954.20638518065,6611589.946408618
 12/14  17:00:00,6022598.123270346,165111.56149938662,447515.3374177369,0.0,606867.6791747971,4794959.639070143
 12/14  18:00:00,2806082.759272514,57052.72660187366,153550.2569570067,0.0,804989.2986835265,1774631.2914508237
 12/14  19:00:00,2550236.5292098457,0.0,0.0,0.0,952137.8801633108,1577095.9438199156
 12/14  20:00:00,2348808.888871412,0.0,0.0,0.0,918476.4399555171,1402471.7174928284
 12/14  21:00:00,2039166.528465432,7451.190150221384,0.0,0.0,734781.1519644137,1257929.162358504
 12/14  22:00:00,1818220.7994344675,27335.792577309483,0.0,0.0,553009.374842327,1192869.8351006466
 12/14  23:00:00,1281364.861894437,44691.069560391916,0.0,0.0,265444.499924317,932224.2684174355
 12/14  24:00:00,999750.4295806952,60169.60318466417,0.0,0.0,95406.13910323277,817171.2091442877
 12/15  01:00:00,1019565.3497249194,90694.45205157048,0.0,0.0,47510.71846471471,861643.3538938487
 12/15  02:00:00,898132.6566110033,83832.90928768153,0.0,0.0,47510.71846471471,747072.2035438216
 12/15  03:00:00,895630.1334861566,88330.1631501403,0.0,0.0,47510.71846471471,740501.0531937941
 12/15  04:00:00,918407.9741698644,93337.35864373943,0.0,0.0,47510.71846471471,758271.6983839029
 12/15  05:00:00,1050624.161179516,99009.59730037668,0.0,0.0,48809.08830130104,883088.6502630529
 12/15  06:00:00,1187614.25422581,101355.03810821252,0.0,0.0,47510.71846471471,1019460.2989753755
 12/15  07:00:00,1467237.3348974192,100504.69377554653,0.0,0.0,47510.71846471471,1300362.3506169287
 12/15  08:00:00,1897152.4364491845,80411.05481663943,0.0,0.0,47510.71846471471,1751656.9710394344
 12/15  09:00:00,3192052.4705800265,41116.872745181885,0.0,0.0,249094.65753767424,2886410.381355165
 12/15  10:00:00,4048766.2173513332,3305.760048977517,0.0,0.0,254865.19014472465,3777736.468039293
 12/15  11:00:00,4219352.169725448,11185.922198135808,31682.910808401357,0.0,248132.90210316586,3918063.395321074
 12/15  12:00:00,4656361.77733564,180138.32085322958,514297.56891973375,0.0,143493.9108286525,3811573.9505375777
 12/15  13:00:00,5780891.056020614,484702.69600042026,1389275.5138432372,0.0,94059.68149492101,3807709.6450346997
 12/15  14:00:00,11971852.275864556,720576.5848967587,2060030.4165199697,0.0,231783.0597165232,8954747.321721248
 12/15  15:00:00,9340544.143096825,878604.4103377305,2483828.5565173943,0.0,236591.83688906513,5736804.446342578
 12/15  16:00:00,5440006.130355697,799602.2718507054,2219244.441624467,0.0,155515.85376000748,2260500.0434731822
 12/15  17:00:00,4285936.361404319,577390.6485268689,1568039.0842848073,0.0,326996.84773285425,1805365.8747515082
 12/15  18:00:00,3060136.895447539,293930.042973641,789666.3876898249,0.0,426057.6574872189,1534194.9950802925
 12/15  19:00:00,2289928.15802016,73911.59735206723,198144.01420055705,0.0,613119.0894991017,1384179.3783790928
 12/15  20:00:00,2178413.0494041326,0.0,0.0,0.0,809557.6369974413,1343137.814170015
 12/15  21:00:00,1468321.770466811,0.0,0.0,0.0,391434.4618449167,1041311.297727825
 12/15  22:00:00,1341618.4050386695,6635.775213696201,0.0,0.0,300067.6955666192,992909.5238051156
 12/15  23:00:00,1260053.0643619215,25951.03185154375,0.0,0.0,265444.499924317,932224.2684174355
 12/15  24:00:00,980380.1935532677,42513.8737063486,0.0,0.0,95406.13910323277,817171.2091442877
 12/16  01:00:00,999785.6915405428,70914.79386719383,0.0,0.0,47510.71846471471,861643.3538938487
 12/16  02:00:00,880350.0735377847,66050.32621446297,0.0,0.0,47510.71846471471,747072.2035438216
 12/16  03:00:00,878955.5702559333,71655.59991991706,0.0,0.0,47510.71846471471,740501.0531937941
 12/16  04:00:00,902378.8731380517,77308.25761192662,0.0,0.0,47510.71846471471,758271.6983839029
 12/16  05:00:00,998926.7940037416,82631.5200298205,0.0,0.0,47510.71846471471,849067.730194421
 12/16  06:00:00,1173778.2849075485,87519.06878995076,0.0,0.0,47510.71846471471,1019460.2989753755
 12/16  07:00:00,1456769.2306055338,90036.58948366102,0.0,0.0,47510.71846471471,1300362.3506169287
 12/16  08:00:00,1888655.0647811596,71913.68314861454,0.0,0.0,47510.71846471471,1751656.9710394344
 12/16  09:00:00,2827503.422063802,32662.201662167285,0.0,0.0,47510.71846471471,2731899.942994914
 12/16  10:00:00,3694056.4646734484,1140.5691104423554,0.0,0.0,47510.71846471471,3632546.377979953
 12/16  11:00:00,4330372.524239454,40222.319209149384,113666.86831139421,0.0,248132.90210316586,3918063.395321074
 12/16  12:00:00,5223485.725009242,281175.7125536768,806802.2096212986,0.0,239477.10319259032,3889172.6734452294
 12/16  13:00:00,6749005.261020635,635867.1150958777,1837092.8997803833,0.0,372920.6697306301,3897981.0567664085
 12/16  14:00:00,8434849.371733613,944006.5922998386,2718338.144530891,0.0,415478.3477076266,4352311.3941852
 12/16  15:00:00,7371204.363692477,1063439.4224143277,3038948.986590983,0.0,425095.90205271053,2839005.1596243987
 12/16  16:00:00,6783200.734564206,993465.7266692698,2780705.3628668482,0.0,478954.20638518065,2524931.9189955713
 12/16  17:00:00,5445393.310994557,759087.7576740049,2068232.2656774754,0.0,606867.6791747971,2003061.7023599981
 12/16  18:00:00,3575585.956350167,433877.38165781496,1165168.1099082783,0.0,426057.6574872189,1534194.9950802925
 12/16  19:00:00,2483662.883508371,175154.22422651039,467947.89818266925,0.0,500112.82594436535,1319873.8565654852
 12/16  20:00:00,4239718.593831195,33203.54950160311,88488.0871776891,0.0,809557.6369974414,3282751.721917785
 12/16  21:00:00,2771196.2164705223,0.0,0.0,0.0,734781.1519644137,2000839.0536120385
 12/16  22:00:00,1787884.6203962122,0.0,0.0,0.0,553009.374842327,1192869.8351006466
 12/16  23:00:00,1427190.208523485,8201.133609706156,0.0,0.0,374122.8640237656,1008432.946721388
 12/16  24:00:00,965216.4355434089,27350.115696489614,0.0,0.0,95406.13910323277,817171.2091442877
 12/17  01:00:00,983985.7746983485,55114.877024999514,0.0,0.0,47510.71846471471,861643.3538938487
 12/17  02:00:00,866206.0709022402,51906.32357891843,0.0,0.0,47510.71846471471,747072.2035438216
 12/17  03:00:00,865001.3036989038,57272.70672560947,0.0,0.0,47510.71846471471,740501.0531937941
 12/17  04:00:00,888289.429380046,62790.18721664278,0.0,0.0,47510.71846471471,758271.6983839029
 12/17  05:00:00,984229.3860432734,67934.11206935234,0.0,0.0,47510.71846471471,849067.730194421
 12/17  06:00:00,1155474.0218836686,72643.81886429465,0.0,0.0,47510.71846471471,1019460.2989753755
 12/17  07:00:00,1699244.0690508136,75943.90440258845,0.0,0.0,192351.086901679,1415947.145441818
 12/17  08:00:00,1891014.8990833843,77273.90391178487,0.0,0.0,47510.71846471471,1751656.9710394344
 12/17  09:00:00,2858802.0924704974,65246.751980696456,0.0,0.0,47510.71846471471,2731899.942994914
 12/17  10:00:00,4086752.4464051565,42149.242377356626,0.0,0.0,254865.19014472465,3777736.468039293
 12/17  11:00:00,4189813.2991050947,14187.215660740674,0.0,0.0,248132.90210316586,3918063.395321074
 12/17  12:00:00,4136362.1138610872,1282.9376640984788,0.0,0.0,239477.10319259032,3889172.6734452294
 12/17  13:00:00,4519665.876499722,0.0,0.0,0.0,233706.57058553994,4280815.786266847
 12/17  14:00:00,11009591.870905409,0.0,0.0,0.0,231783.0597165232,10773093.918178828
 12/17  15:00:00,6448572.6084987335,55000.17665633181,148236.73880130102,0.0,236591.83688906513,6004028.963141978
 12/17  16:00:00,2950074.4768458474,89904.62033204778,242543.90643657726,0.0,263520.98905530025,2348961.4413745874
 12/17  17:00:00,2194121.615831916,14533.332327164613,39081.65491210783,0.0,326996.84773285425,1805365.8747515082
 12/17  18:00:00,2285795.8069302146,0.0,0.0,0.0,615523.4780853727,1654413.1432655582
 12/17  19:00:00,2550236.5292098457,0.0,0.0,0.0,952137.8801633108,1577095.9438199156
 12/17  20:00:00,2182418.3307580696,1862.1481675469172,0.0,0.0,809557.6369974414,1343137.8141700148
 12/17  21:00:00,2047945.412666436,16230.074351225121,0.0,0.0,734781.1519644137,1257929.162358504
 12/17  22:00:00,1371119.1929969266,33136.17671100748,0.0,0.0,300067.6955666192,992909.5238051156
 12/17  23:00:00,1282420.3852094477,45746.59287540226,0.0,0.0,265444.499924317,932224.2684174355
 12/17  24:00:00,996936.9863542812,57356.159958250166,0.0,0.0,95406.13910323277,817171.2091442877
 12/18  01:00:00,1009321.5655857637,80450.66791241485,0.0,0.0,47510.71846471471,861643.3538938487
 12/18  02:00:00,887183.8788325251,72884.13150920333,0.0,0.0,47510.71846471471,747072.2035438216
 12/18  03:00:00,885073.3270816074,77344.73010831306,0.0,0.0,47510.71846471471,740501.0531937941
 12/18  04:00:00,908715.8490856898,83216.60692228642,0.0,0.0,47510.71846471471,758271.6983839029
 12/18  05:00:00,1005119.720874009,88824.44690008786,0.0,0.0,47510.71846471471,849067.730194421
 12/18  06:00:00,1176768.9702406186,93938.76722124431,0.0,0.0,47510.71846471471,1019460.2989753755
 12/18  07:00:00,1589529.3516636712,96441.76864637282,0.0,0.0,119930.90268319685,1358154.7480293734
 12/18  08:00:00,2067636.1474764787,79912.2755343818,0.0,0.0,142532.15539414412,1830618.4108805028
 12/18  09:00:00,3192677.4699083176,43027.751985305906,0.0,0.0,249094.65753767424,2886410.381355165
 12/18  10:00:00,4049713.4139576647,5110.209929864827,0.0,0.0,254865.19014472465,3777736.468039293
 12/18  11:00:00,4175626.0834443546,0.0,0.0,0.0,248132.90210316586,3918063.395321074
 12/18  12:00:00,4766917.7592549715,163976.41847819032,467862.1645797919,0.0,239477.10319259032,3889172.6734452294
 12/18  13:00:00,5904092.207054502,487922.1316480182,1400712.6386828707,0.0,233706.57058553994,3776607.346490738
 12/18  14:00:00,6123118.856372469,733427.6655462745,2103450.540248994,0.0,231783.0597165232,3049742.6978506204
 12/18  15:00:00,6362525.853338672,895115.852693696,2546427.065100884,0.0,236591.83688906513,2679676.205644969
 12/18  16:00:00,5740820.118798132,823268.5174775412,2299925.6512433677,0.0,263520.98905530025,2348961.4413745874
 12/18  17:00:00,4351479.026419389,592031.9947012386,1618940.403125507,0.0,326996.84773285425,1805365.8747515082
 12/18  18:00:00,4767466.899613064,362960.9267699462,981362.3008431847,0.0,615523.4780853727,2791761.0083352774
 12/18  19:00:00,3729467.5893782927,129055.8309562368,348744.47355366463,0.0,952137.8801633108,2278526.699478461
 12/18  20:00:00,5194671.000266332,11109.32940567434,30044.253512927982,0.0,918476.4399555171,4207180.245969147
 12/18  21:00:00,8146701.504457416,3824.047448722394,0.0,0.0,734781.1519644137,7369091.281051988
 12/18  22:00:00,4406771.9670043215,11660.710020792318,0.0,0.0,300067.6955666192,4050037.7645027256
 12/18  23:00:00,1257774.7670278864,21100.974693840926,0.0,0.0,265444.499924317,932224.2684174355
 12/18  24:00:00,874770.5524014358,40041.851544334735,0.0,0.0,47510.71846471471,760214.5042438759
 12/19  01:00:00,999968.3152686006,71097.41759525175,0.0,0.0,47510.71846471471,861643.3538938487
 12/19  02:00:00,881994.556159369,67694.80883604728,0.0,0.0,47510.71846471471,747072.2035438216
 12/19  03:00:00,882229.5742378146,74500.97726452045,0.0,0.0,47510.71846471471,740501.0531937941
 12/19  04:00:00,906047.6954222836,80548.4532588804,0.0,0.0,47510.71846471471,758271.6983839029
 12/19  05:00:00,1001047.2065432905,84751.93256936947,0.0,0.0,47510.71846471471,849067.730194421
 12/19  06:00:00,2302580.162488778,82402.09439968567,0.0,0.0,47510.71846471471,2156808.164045094
 12/19  07:00:00,1837260.0859213327,83615.51029749263,0.0,0.0,264963.6222070628,1473679.0211120492
 12/19  08:00:00,2228610.663808984,66903.91509638935,0.0,0.0,237553.5923235735,1909579.8507215711
 12/19  09:00:00,3177389.5300432253,27739.81212021346,0.0,0.0,249094.65753767424,2886410.381355165
 12/19  10:00:00,4044603.2040278,0.0,0.0,0.0,254865.19014472465,3777736.468039293
 12/19  11:00:00,4777171.359754339,70837.40800098717,202365.64401112671,0.0,248132.90210316586,4246405.619618945
 12/19  12:00:00,11303522.400942123,324237.9355656523,939200.6653088545,0.0,239477.10319259032,9794177.297315858
 12/19  13:00:00,14246228.792098386,691724.0087318219,2007788.3165462846,0.0,280111.27030057,11261461.676872373
 12/19  14:00:00,7429590.003843319,976028.3926783898,2818404.8413317637,0.0,415478.3477076266,3214963.529115482
 12/19  15:00:00,7584953.576933034,1119108.6662876992,3197028.955958169,0.0,425095.90205271053,2839005.1596243987
 12/19  16:00:00,6874750.157602993,1019193.1085106779,2846527.404064228,0.0,478954.20638518065,2524931.9189955713
 12/19  17:00:00,5434184.870951646,758402.0684340401,2057709.5148745293,0.0,606867.6791747971,2003061.7023599981
 12/19  18:00:00,6107477.178461377,459740.6958015736,1227525.9354669035,0.0,804989.2986835265,3599362.0629300885
 12/19  19:00:00,12537326.553785868,54550.25527415734,145756.32601696314,0.0,952137.8801633108,11363879.387104817
 12/19  20:00:00,5673161.646368422,0.0,0.0,0.0,918476.4399555171,4726824.474989838
 12/19  21:00:00,2031715.338315211,0.0,0.0,0.0,734781.1519644137,1257929.162358504
 12/19  22:00:00,1340623.0483139954,2640.032028076207,0.0,0.0,300067.6955666192,992909.5238051156
 12/19  23:00:00,1258015.820847584,21342.028513538644,0.0,0.0,265444.499924317,932224.2684174355
 12/19  24:00:00,875247.9899782925,40519.289121191476,0.0,0.0,47510.71846471471,760214.5042438759
 12/20  01:00:00,998666.1001956778,69795.202522329,0.0,0.0,47510.71846471471,861643.3538938487
 12/20  02:00:00,879249.7267756889,64949.979452367115,0.0,0.0,47510.71846471471,747072.2035438216
 12/20  03:00:00,877451.4815906903,69722.88461739602,0.0,0.0,47510.71846471471,740501.0531937941
 12/20  04:00:00,899366.1688674659,73866.92670406267,0.0,0.0,47510.71846471471,758271.6983839029
 12/20  05:00:00,1010458.3405406253,76503.42161409515,0.0,0.0,48159.90338300787,866078.190228737
 12/20  06:00:00,1287518.9267284633,77704.45169944958,0.0,0.0,95598.49019013444,1098356.799259595
 12/20  07:00:00,2336227.4419376124,73368.96516021092,0.0,0.0,192351.086901679,2055505.4575709943
 12/20  08:00:00,3841658.4101477615,44814.24342490571,0.0,0.0,237553.5923235735,3544717.2687318325
 12/20  09:00:00,3161975.523462519,12325.8055395072,0.0,0.0,249094.65753767424,2886410.381355165
 12/20  10:00:00,4044603.2040278,0.0,0.0,0.0,254865.19014472465,3777736.468039293
 12/20  11:00:00,4847225.261104967,169143.96448578476,502455.2131748289,0.0,248132.90210316586,3918063.395321074
 12/20  12:00:00,10072227.615730155,638275.789561159,1919708.141366023,0.0,143493.9108286525,7364320.374415153
 12/20  13:00:00,9532739.374407586,948339.643084462,2863453.46225504,0.0,233706.57058553994,5482096.1788352085
 12/20  14:00:00,12811096.168400206,1316742.8664333434,3944390.5705284867,0.0,231783.0597165232,7313464.778711796
 12/20  15:00:00,10966142.549411645,1422649.3229853506,4206045.801554131,0.0,236591.83688906513,5096140.69497304
 12/20  16:00:00,7261468.156709338,1199000.9503908472,3444841.2562412685,0.0,263520.98905530025,2348961.4413745874
 12/20  17:00:00,5561704.247970216,908196.6591348334,2513000.96024274,0.0,326996.84773285425,1805365.8747515082
 12/20  18:00:00,4056032.6399046923,560434.5893492862,1519486.2124086109,0.0,426057.6574872189,1534194.9950802925
 12/20  19:00:00,2870252.564465467,278435.8117692606,750827.364959737,0.0,500112.82594436535,1319873.8565654852
 12/20  20:00:00,2781726.708135302,117283.07695281233,315634.7423110779,0.0,918476.4399555171,1402471.7174928284
 12/20  21:00:00,2063895.4978714357,8719.890264283718,23460.269291940855,0.0,734781.1519644137,1257929.162358504
 12/20  22:00:00,1790885.0068571577,0.0,0.0,0.0,553009.374842327,1192869.8351006466
 12/20  23:00:00,1144116.2686882752,0.0,0.0,0.0,210961.05455941643,894150.190136566
 12/20  24:00:00,838566.665626293,3837.9647691919936,0.0,0.0,47510.71846471471,760214.5042438759
 12/21  01:00:00,954060.1890973267,25189.291423977793,0.0,0.0,47510.71846471471,861643.3538938487
 12/21  02:00:00,837708.127355934,23408.380032612236,0.0,0.0,47510.71846471471,747072.2035438216
 12/21  03:00:00,834584.8393321561,26856.2423588619,0.0,0.0,47510.71846471471,740501.0531937941
 12/21  04:00:00,854762.3152365295,29263.073073126277,0.0,0.0,47510.71846471471,758271.6983839029
 12/21  05:00:00,947613.5533090823,31318.279335161224,0.0,0.0,47510.71846471471,849067.730194421
 12/21  06:00:00,5314579.788592374,41497.49280891895,0.0,0.0,95598.49019013444,5161624.620014036
 12/21  07:00:00,5115346.898257735,40197.176835808066,0.0,0.0,192351.086901679,4867796.702215521
 12/21  08:00:00,2352215.0984851485,16753.4778901951,0.0,0.0,332286.5026226504,1988601.8123048535
 12/21  09:00:00,3239561.3297782782,373.8452916432614,0.0,0.0,299827.2567079921,2925215.5487484704
 12/21  10:00:00,4171766.3274807516,32203.83308445159,94959.29036850002,0.0,254865.19014472465,3777736.468039293
 12/21  11:00:00,5428035.443117909,312358.3906827375,940050.9689908163,0.0,248132.90210316586,3918063.395321074
 12/21  12:00:00,6866272.517222973,697369.5851464286,2120614.7135153497,0.0,191485.5070106214,3850373.311991403
 12/21  13:00:00,8228135.661181784,1024648.8090835738,3105690.2357606636,0.0,233706.57058553994,3858946.526104672
 12/21  14:00:00,10427428.648015397,1301161.0418611371,3900413.047829289,0.0,231783.0597165232,4989356.60559839
 12/21  15:00:00,8480736.43713062,1410568.64120257,4149184.860383959,0.0,236591.83688906513,2679676.205644969
 12/21  16:00:00,7535408.0223159045,1278907.9122326092,3638874.1600060724,0.0,263520.98905530025,2348961.4413745874
 12/21  17:00:00,6520222.357348015,997200.2972548549,2742957.1193713406,0.0,326996.84773285425,2444924.1868806845
 12/21  18:00:00,9649503.12118261,797207.3121523717,2147935.9368471373,0.0,710256.3883844495,5978244.298219366
 12/21  19:00:00,8800889.032806752,539892.6076978531,1447037.8150378778,0.0,952137.8801633108,5840818.024681091
 12/21  20:00:00,4944835.087875412,261388.84515436465,700565.8663595889,0.0,918476.4399555171,3036543.204982874
 12/21  21:00:00,2228288.6461829813,53403.44244599768,143169.86542177256,0.0,734781.1519644137,1257929.162358504
 12/21  22:00:00,1790885.0068571577,0.0,0.0,0.0,553009.374842327,1192869.8351006466
 12/21  23:00:00,1236445.7874459065,0.0,0.0,0.0,265155.97329396446,932284.7901596491
 12/21  24:00:00,838065.1702754773,3336.4694183763618,0.0,0.0,47510.71846471471,760214.5042438759
 12/22  01:00:00,961399.8914763047,32528.99380295586,0.0,0.0,47510.71846471471,861643.3538938487
 12/22  02:00:00,847855.317067518,33555.569744196306,0.0,0.0,47510.71846471471,747072.2035438216
 12/22  03:00:00,849617.6294237702,42317.65908775401,0.0,0.0,47510.71846471471,740501.0531937941
 12/22  04:00:00,874611.1135823673,49540.49805624218,0.0,0.0,47510.71846471471,758271.6983839029
 12/22  05:00:00,971195.2354234968,54899.96144957571,0.0,0.0,47510.71846471471,849067.730194421
 12/22  06:00:00,1144748.802249541,58489.58613194316,0.0,0.0,47510.71846471471,1019460.2989753755
 12/22  07:00:00,1426890.80032959,60158.1592077174,0.0,0.0,47510.71846471471,1300362.3506169287
 12/22  08:00:00,2038975.1479039765,48250.889500933656,0.0,0.0,142532.15539414412,1830618.4108805028
 12/22  09:00:00,3075000.828926496,13088.82544995391,0.0,0.0,198698.67276943434,2847782.7717651026
 12/22  10:00:00,3692915.895563006,0.0,0.0,0.0,47510.71846471471,3632546.377979953
 12/22  11:00:00,4246284.29611025,107677.22324899593,308783.31423112605,0.0,47510.71846471471,3772026.0008707424
 12/22  12:00:00,5537055.380591707,403421.59569104057,1171707.8973379894,0.0,143493.9108286525,3811573.9505375773
 12/22  13:00:00,6891356.5934497,737377.9606457639,2138521.1960803224,0.0,233706.57058553994,3776607.346490738
 12/22  14:00:00,6970244.853019446,952238.4859837779,2731765.7164584678,0.0,231783.0597165232,3049742.6978506204
 12/22  15:00:00,6572449.860702335,999300.125808415,2826847.994642632,0.0,142051.2776768899,2599535.569564341
 12/22  16:00:00,5602790.14186899,842678.5065352389,2338952.2184532257,0.0,155515.85376000748,2260500.0434731822
 12/22  17:00:00,5593901.77897259,623689.8251878024,1692357.4601224256,0.0,326996.84773285425,2942713.739821227
 12/22  18:00:00,2505596.7647663616,269497.316735157,724329.0832016357,0.0,142147.45322034077,1353335.0993926662
 12/22  19:00:00,3141785.083299618,92810.27515591288,248605.97223127773,0.0,386818.03575927636,2392976.72156381
 12/22  20:00:00,2351130.2440452767,1213.9308380788705,3250.557522175547,0.0,918476.4399555171,1402471.7174928284
 12/22  21:00:00,1468321.770466811,0.0,0.0,0.0,391434.4618449167,1041311.297727825
 12/22  22:00:00,1343797.467422788,8814.83759781493,0.0,0.0,300067.6955666192,992909.5238051156
 12/22  23:00:00,990082.8014275457,33653.33985447799,0.0,0.0,101994.16382961528,818002.0335748271
 12/22  24:00:00,884961.4014082246,51947.207100235224,0.0,0.0,47510.71846471471,760214.5042438759
 12/23  01:00:00,1011118.3213861629,82247.42371281405,0.0,0.0,47510.71846471471,861643.3538938487
 12/23  02:00:00,888327.7148106084,74027.96748728669,0.0,0.0,47510.71846471471,747072.2035438216
 12/23  03:00:00,886304.7905438583,79004.820207842,0.0,0.0,47510.71846471471,740501.0531937941
 12/23  04:00:00,908310.501438458,83239.88591233303,0.0,0.0,47510.71846471471,758271.6983839029
 12/23  05:00:00,1001326.9953591527,85031.72138523158,0.0,0.0,47510.71846471471,849067.730194421
 12/23  06:00:00,1171543.1619079201,85283.94579032264,0.0,0.0,47510.71846471471,1019460.2989753755
 12/23  07:00:00,1451195.0605581237,84462.41943625112,0.0,0.0,47510.71846471471,1300362.3506169287
 12/23  08:00:00,1893894.0032499032,77152.62161735815,0.0,0.0,47510.71846471471,1751656.9710394344
 12/23  09:00:00,3204004.3254736736,53068.727638828714,0.0,0.0,249094.65753767424,2886410.381355165
 12/23  10:00:00,4066392.5102507146,20932.052948358665,0.0,0.0,254865.19014472465,3777736.468039293
 12/23  11:00:00,4176773.04685255,289.71013363881457,0.0,0.0,248132.90210316586,3918063.395321074
 12/23  12:00:00,4135507.802834267,0.0,0.0,0.0,239477.10319259032,3889172.6734452294
 12/23  13:00:00,4302688.587381249,73954.33662817808,213276.8140294578,0.0,233706.57058553994,3776607.346490738
 12/23  14:00:00,4093652.084912583,207894.886852046,599516.5474833364,0.0,231783.0597165232,3049742.6978506204
 12/23  15:00:00,4033277.2867746344,287916.64507891575,824377.7061516274,0.0,236591.83688906513,2679676.205644969
 12/23  16:00:00,3620100.6594011374,262262.42407828604,740212.2852456289,0.0,263520.98905530025,2348961.4413745874
 12/23  17:00:00,2737921.6016074657,157881.3071957581,439533.66581906425,0.0,326996.84773285425,1805365.8747515082
 12/23  18:00:00,2639693.729172416,52824.46450733008,145802.84670588377,0.0,710256.3883844495,1714522.2173581908
 12/23  19:00:00,1840560.7610991918,0.0,0.0,0.0,500112.82594436535,1319873.8565654852
 12/23  20:00:00,2811002.7956311842,0.0,0.0,0.0,482801.2281232142,2302483.969271293
 12/23  21:00:00,2028954.6032264042,668.2780094166619,0.0,0.0,734781.1519644137,1257929.162358504
 12/23  22:00:00,1799984.6300847,12100.009688487618,0.0,0.0,553009.374842327,1192869.8351006466
 12/23  23:00:00,1630257.9263506387,26381.809033458434,0.0,0.0,482801.2281232142,1084641.6250253406
 12/23  24:00:00,1236092.1632911437,36339.676376275165,0.0,0.0,215433.21732988046,959030.2979855894
 12/24  01:00:00,1116209.9111377008,54409.224442738676,0.0,0.0,83191.84508497614,958892.0162952003
 12/24  02:00:00,957667.7337134073,51698.41432696997,0.0,0.0,59436.4858526188,826816.0082190332
 12/24  03:00:00,934097.5333244877,54937.87864996215,0.0,0.0,47510.71846471471,811932.1108950255
 12/24  04:00:00,946414.3017824467,57812.77858538636,0.0,0.0,47510.71846471471,821373.9794175603
 12/24  05:00:00,976893.2315432599,60597.95756933879,0.0,0.0,47510.71846471471,849067.730194421
 12/24  06:00:00,1272303.9697110911,62489.49468207761,0.0,0.0,95598.49019013444,1098356.799259595
 12/24  07:00:00,1557408.4418052274,64320.858787929246,0.0,0.0,119930.90268319685,1358154.7480293734
 12/24  08:00:00,2227409.3735625367,65702.62484994177,0.0,0.0,237553.5923235735,1909579.8507215711
 12/24  09:00:00,3210059.647739834,60409.929816822354,0.0,0.0,249094.65753767424,2886410.381355165
 12/24  10:00:00,4094766.2994850604,50163.095457260795,0.0,0.0,254865.19014472465,3777736.468039293
 12/24  11:00:00,4215668.82779448,40042.74435012511,0.0,0.0,248132.90210316586,3918063.395321074
 12/24  12:00:00,4173844.8097141264,38765.63351713727,0.0,0.0,239477.10319259032,3889172.6734452294
 12/24  13:00:00,4040667.6151051978,25210.178381584497,0.0,0.0,233706.57058553994,3776607.346490738
 12/24  14:00:00,3304847.9988986664,18607.34832146598,0.0,0.0,231783.0597165232,3049742.6978506204
 12/24  15:00:00,2936708.74923395,15725.813689858576,0.0,0.0,236591.83688906513,2679676.205644969
 12/24  16:00:00,2631977.361833395,14351.411756172287,0.0,0.0,263520.98905530025,2348961.4413745874
 12/24  17:00:00,2158204.0365214427,17697.407928799013,0.0,0.0,326996.84773285425,1805365.8747515082
 12/24  18:00:00,1385444.9644476904,29026.592906900918,0.0,0.0,47510.71846471471,1293048.467496791
 12/24  19:00:00,3544697.152254964,28561.862078649327,0.0,0.0,726125.353053838,2769007.2318958575
 12/24  20:00:00,3080776.4345393125,30536.790009355325,0.0,0.0,918476.4399555171,2103902.4731513737
 12/24  21:00:00,1931009.2312346848,39285.031607018056,0.0,0.0,648944.4794345393,1203774.6962008344
 12/24  22:00:00,1160528.9740294558,48744.080200040764,0.0,0.0,173789.20701566697,892989.8898995637
 12/24  23:00:00,922807.8004294176,56364.1026784523,0.0,0.0,47510.71846471471,779927.9552939577
 12/24  24:00:00,896987.0796275393,62258.37877043833,0.0,0.0,47510.71846471471,760214.5042438759
 12/25  01:00:00,1011019.4284148689,82148.53074152005,0.0,0.0,47510.71846471471,861643.3538938487
 12/25  02:00:00,889230.4086178512,74930.66129452942,0.0,0.0,47510.71846471471,747072.2035438216
 12/25  03:00:00,886508.3596706202,78779.7626973259,0.0,0.0,47510.71846471471,740501.0531937941
 12/25  04:00:00,908732.0505859868,83232.80842258345,0.0,0.0,47510.71846471471,758271.6983839029
 12/25  05:00:00,1003375.7022355625,87080.4282616413,0.0,0.0,47510.71846471471,849067.730194421
 12/25  06:00:00,1362084.900815111,89446.79995909223,0.0,0.0,119450.02496594263,1137328.8903107923
 12/25  07:00:00,1971963.2844204835,87974.29782102836,0.0,0.0,337576.1575124466,1531410.8967822804
 12/25  08:00:00,2234541.3505149605,72834.60180236596,0.0,0.0,237553.5923235735,1909579.8507215711
 12/25  09:00:00,3361956.1685795323,33230.917529274266,0.0,0.0,350559.8558783099,2964020.7161417757
 12/25  10:00:00,4046715.8232248304,2112.6191970305385,0.0,0.0,254865.19014472465,3777736.468039293
 12/25  11:00:00,4274390.62036719,25912.651134797412,72851.88578803767,0.0,248132.90210316586,3918063.395321074
 12/25  12:00:00,7132716.878399728,240884.66783831237,687698.0255458045,0.0,239477.10319259032,5958227.682263853
 12/25  13:00:00,14261894.08394558,584876.5231899666,1684708.8762887255,0.0,233706.57058553994,11753458.594234012
 12/25  14:00:00,13301422.127412818,885261.2968798215,2536623.2328492748,0.0,323630.7037120749,9551192.000961587
 12/25  15:00:00,9947983.156864377,1097913.0141623907,3104887.8838363695,0.0,425095.90205271053,5315371.463802847
 12/25  16:00:00,7012812.227736736,1008263.612046153,2789361.4758396386,0.0,478954.20638518065,2731089.4138184274
 12/25  17:00:00,6170889.841952231,791227.3210037553,2122030.9211762226,0.0,606867.6791747971,2642620.0144891744
 12/25  18:00:00,9067870.723597161,609643.7530909234,1599025.1139314296,0.0,804989.2986835265,6038353.372311999
 12/25  19:00:00,8193558.970929291,382316.54026393243,997283.8205943377,0.0,952137.8801633108,5840818.024681091
 12/25  20:00:00,4525314.539817832,118962.51111115985,310648.600045985,0.0,918476.4399555171,3149366.2572821034
 12/25  21:00:00,4121431.9016614547,7277.140832095187,19007.19955745662,0.0,734781.1519644137,3321361.385315196
 12/25  22:00:00,1564434.0115715382,0.0,0.0,0.0,426538.5352044731,1092889.679452881
 12/25  23:00:00,1238172.6158475587,1498.823513513491,0.0,0.0,265444.499924317,932224.2684174355
 12/25  24:00:00,1060119.7441625372,15686.792227576363,0.0,0.0,143301.55974175083,874127.9140446996
 12/26  01:00:00,1003081.0080635671,40977.66313481495,0.0,0.0,56431.00011978007,885955.5194941866
 12/26  02:00:00,854966.8567405454,40667.10941722363,0.0,0.0,47510.71846471471,747072.2035438216
 12/26  03:00:00,855726.6441601702,47998.04718687601,0.0,0.0,47510.71846471471,740501.0531937941
 12/26  04:00:00,881021.1562044127,55521.91404100956,0.0,0.0,47510.71846471471,758271.6983839029
 12/26  05:00:00,1048734.566441183,61800.71265682553,0.0,0.0,50107.45813788737,917109.5703316848
 12/26  06:00:00,1276916.0095768906,67101.53454787706,0.0,0.0,95598.49019013444,1098356.799259595
 12/26  07:00:00,1953076.553729285,69087.5671298297,0.0,0.0,337576.1575124466,1531410.8967822804
 12/26  08:00:00,2217630.6807439337,55923.932031338845,0.0,0.0,237553.5923235735,1909579.8507215711
 12/26  09:00:00,3171539.661492182,21889.94356917059,0.0,0.0,249094.65753767424,2886410.381355165
 12/26  10:00:00,4044603.2040278,0.0,0.0,0.0,254865.19014472465,3777736.468039293
 12/26  11:00:00,4452483.26354078,72692.94216292848,204164.2379334969,0.0,248132.90210316586,3918063.395321074
 12/26  12:00:00,5383293.920027369,324235.021453505,923979.7223768745,0.0,239477.10319259032,3889172.6734452294
 12/26  13:00:00,5996786.163331807,581743.9308514383,1660605.3951230445,0.0,94059.68149492101,3655233.6362150675
 12/26  14:00:00,5842152.732629497,758036.3094178571,2147368.9451511092,0.0,47510.71846471471,2884521.8665857585
 12/26  15:00:00,5754262.209404419,839932.6734945904,2342708.9909513434,0.0,47510.71846471471,2519394.9334837133
 12/26  16:00:00,4943638.087573221,727783.5016626776,1991161.7022267163,0.0,47510.71846471471,2172038.6455717776
 12/26  17:00:00,3542619.664953384,510674.12366083043,1368741.9130609678,0.0,47510.71846471471,1607549.0036585908
 12/26  18:00:00,3190839.4431592505,291241.5545753186,768644.066045427,0.0,520790.5677862958,1594304.0691729253
 12/26  19:00:00,2958525.3304103618,112724.76873664958,295564.0324638666,0.0,952137.8801633108,1577095.9438199156
 12/26  20:00:00,1844050.7700287441,0.0,0.0,0.0,591720.0310812899,1224470.007524388
 12/26  21:00:00,2031715.338315211,0.0,0.0,0.0,734781.1519644137,1257929.162358504
 12/26  22:00:00,1341460.90578046,3477.8894945408288,0.0,0.0,300067.6955666192,992909.5238051156
 12/26  23:00:00,888758.1795243857,22314.481773420426,0.0,0.0,47510.71846471471,779927.9552939577
 12/26  24:00:00,872779.9642828485,38051.26342574748,0.0,0.0,47510.71846471471,760214.5042438759
 12/27  01:00:00,994049.0734908521,65178.17581750325,0.0,0.0,47510.71846471471,861643.3538938487
 12/27  02:00:00,876210.8039278546,61911.0566045329,0.0,0.0,47510.71846471471,747072.2035438216
 12/27  03:00:00,876594.3763116801,68865.77933838574,0.0,0.0,47510.71846471471,740501.0531937941
 12/27  04:00:00,900641.3866314206,75142.14446801739,0.0,0.0,47510.71846471471,758271.6983839029
 12/27  05:00:00,996316.8168166357,80021.54284271464,0.0,0.0,47510.71846471471,849067.730194421
 12/27  06:00:00,1166629.4618368717,83799.25881749777,0.0,0.0,47510.71846471471,1019460.2989753755
 12/27  07:00:00,1513729.3350882002,85748.04288636551,0.0,0.0,83720.81057395578,1329258.549323151
 12/27  08:00:00,1895232.7062752857,81491.71110368645,0.0,0.0,47510.71846471471,1751656.9710394344
 12/27  09:00:00,2950799.462213887,68220.52736578308,0.0,0.0,97906.70323295459,2770527.552584977
 12/27  10:00:00,4093326.1656289166,48722.961601116855,0.0,0.0,254865.19014472465,3777736.468039293
 12/27  11:00:00,4205660.807307322,30034.723862966865,0.0,0.0,248132.90210316586,3918063.395321074
 12/27  12:00:00,4153488.5021217684,18409.32592477961,0.0,0.0,239477.10319259032,3889172.6734452294
 12/27  13:00:00,4015457.436723613,0.0,0.0,0.0,233706.57058553994,3776607.346490738
 12/27  14:00:00,3286240.6505772006,0.0,0.0,0.0,231783.0597165232,3049742.6978506204
 12/27  15:00:00,2920982.9355440913,0.0,0.0,0.0,236591.83688906513,2679676.205644969
 12/27  16:00:00,2617625.9500772227,0.0,0.0,0.0,263520.98905530025,2348961.4413745874
 12/27  17:00:00,6216639.830892918,0.0,0.0,0.0,466932.2634538257,5741563.661330811
 12/27  18:00:00,4770076.693256141,2152.1946152011965,0.0,0.0,426057.6574872189,4326007.655574436
 12/27  19:00:00,2214889.2081952323,19276.249722074735,0.0,0.0,726125.3530538381,1448484.9001927003
 12/27  20:00:00,2043441.7113928532,39301.42334712815,0.0,0.0,482801.2281232142,1493478.3284994443
 12/27  21:00:00,8006362.108704003,69642.14651816472,0.0,0.0,734781.1519644137,7162933.786229132
 12/27  22:00:00,4695465.500932203,73903.24866305455,0.0,0.0,426538.5352044731,4150017.9201504905
 12/27  23:00:00,1305270.969385235,68597.17705118975,0.0,0.0,265444.499924317,932224.2684174355
 12/27  24:00:00,1119125.8488382865,74692.89690332563,0.0,0.0,143301.55974175083,874127.9140446996
 12/28  01:00:00,3092030.994558748,90616.40011601636,0.0,0.0,83191.84508497614,2898505.92404297
 12/28  02:00:00,2431152.2468706216,80842.28057210376,0.0,0.0,59436.4858526188,2271156.6551311132
 12/28  03:00:00,965806.0506739971,86646.39599947147,0.0,0.0,47510.71846471471,811932.1108950255
 12/28  04:00:00,978780.070841356,90178.5476442955,0.0,0.0,47510.71846471471,821373.9794175603
 12/28  05:00:00,1079362.6615495384,92428.8077651809,0.0,0.0,50107.45813788737,917109.5703316848
 12/28  06:00:00,1303657.9750491304,93843.50002011667,0.0,0.0,95598.49019013444,1098356.799259595
 12/28  07:00:00,1523388.6613121405,95407.36911030558,0.0,0.0,83720.81057395578,1329258.549323151
 12/28  08:00:00,1904691.5764070144,90950.58123541533,0.0,0.0,47510.71846471471,1751656.9710394344
 12/28  09:00:00,5562668.3609418,67971.49854514236,0.0,0.0,249094.65753767424,5231457.525828812
 12/28  10:00:00,4096486.6038614307,51883.399833631054,0.0,0.0,254865.19014472465,3777736.468039293
 12/28  11:00:00,4203031.027025709,27404.943581353586,0.0,0.0,248132.90210316586,3918063.395321074
 12/28  12:00:00,4156502.5181083907,21423.34191140182,0.0,0.0,239477.10319259032,3889172.6734452294
 12/28  13:00:00,4015457.436723613,0.0,0.0,0.0,233706.57058553994,3776607.346490738
 12/28  14:00:00,3286240.6505772006,0.0,0.0,0.0,231783.0597165232,3049742.6978506204
 12/28  15:00:00,2920982.9355440913,0.0,0.0,0.0,236591.83688906513,2679676.205644969
 12/28  16:00:00,2617625.9500772227,0.0,0.0,0.0,263520.98905530025,2348961.4413745874
 12/28  17:00:00,2140506.6285926434,0.0,0.0,0.0,326996.84773285425,1805365.8747515082
 12/28  18:00:00,2294533.868222248,8738.061292033015,0.0,0.0,615523.4780853727,1654413.1432655582
 12/28  19:00:00,2575142.1223442056,24905.593134359715,0.0,0.0,952137.8801633108,1577095.9438199156
 12/28  20:00:00,2224470.9222695646,43914.73967904193,0.0,0.0,809557.6369974414,1343137.8141700148
 12/28  21:00:00,2088991.6748841123,57276.33656890139,0.0,0.0,734781.1519644137,1257929.162358504
 12/28  22:00:00,1633405.3854946736,68971.37392313528,0.0,0.0,426538.5352044731,1092889.679452881
 12/28  23:00:00,1316643.457129323,79969.66479527757,0.0,0.0,265444.499924317,932224.2684174355
 12/28  24:00:00,924581.6082788755,89852.90742177443,0.0,0.0,47510.71846471471,760214.5042438759
 12/29  01:00:00,1042642.5219290408,113771.62425569193,0.0,0.0,47510.71846471471,861643.3538938487
 12/29  02:00:00,917437.2681619378,103137.52083861611,0.0,0.0,47510.71846471471,747072.2035438216
 12/29  03:00:00,913018.8441477823,105718.87381176592,0.0,0.0,47510.71846471471,740501.0531937941
 12/29  04:00:00,934423.4273841218,109352.8118579969,0.0,0.0,47510.71846471471,758271.6983839029
 12/29  05:00:00,1028922.0203473715,112626.74637345034,0.0,0.0,47510.71846471471,849067.730194421
 12/29  06:00:00,1202023.860569731,115764.64445213333,0.0,0.0,47510.71846471471,1019460.2989753755
 12/29  07:00:00,1484131.704256056,117399.0631341834,0.0,0.0,47510.71846471471,1300362.3506169287
 12/29  08:00:00,1919462.4150388227,102721.03340627777,0.0,0.0,47510.71846471471,1751656.9710394344
 12/29  09:00:00,2865746.8270425117,70905.60664087751,0.0,0.0,47510.71846471471,2731899.942994914
 12/29  10:00:00,4076854.7658865377,31330.753225008193,0.0,0.0,254720.92682954838,3777944.286713642
 12/29  11:00:00,4179398.140100444,2914.8033815330955,0.0,0.0,248132.90210316586,3918063.395321074
 12/29  12:00:00,4135507.802834267,0.0,0.0,0.0,239477.10319259032,3889172.6734452294
 12/29  13:00:00,4363722.46052857,92520.29583037194,255744.72797458485,0.0,233706.57058553994,3776607.346490738
 12/29  14:00:00,3970850.6391285826,274028.18022154947,760074.9808465028,0.0,47510.71846471471,2884521.8665857585
 12/29  15:00:00,4336214.100620246,422043.9475113486,1167868.4128576089,0.0,142051.2776768899,2599535.569564341
 12/29  16:00:00,4103271.2437008284,396651.3570698234,1088993.9365537828,0.0,263520.98905530025,2348961.4413745874
 12/29  17:00:00,3029712.397385291,239149.87377774797,650055.8950149,0.0,326996.84773285425,1805365.8747515082
 12/29  18:00:00,2658709.389155711,58738.61825588794,158904.35294062068,0.0,710256.3883844495,1714522.2173581908
 12/29  19:00:00,2549807.9025725676,0.0,0.0,0.0,952137.8801633108,1577095.9438199156
 12/29  20:00:00,2346665.755685022,0.0,0.0,0.0,918476.4399555171,1402471.7174928284
 12/29  21:00:00,2047377.7752881013,19091.450071113915,0.0,0.0,734781.1519644137,1257929.162358504
 12/29  22:00:00,1832084.9355332092,44200.315136996986,0.0,0.0,553009.374842327,1192869.8351006466
 12/29  23:00:00,1668734.1521591477,64858.034841967536,0.0,0.0,482801.2281232142,1084641.6250253406
 12/29  24:00:00,1009436.5173478335,86422.32303984417,90000.0,0.0,47510.71846471471,760214.5042438759
 12/30  01:00:00,1228446.9714417914,119576.07376844255,180000.0,0.0,47510.71846471471,861643.3538938487
 12/30  02:00:00,1107344.801126991,113045.05380366923,180000.0,0.0,47510.71846471471,747072.2035438216
 12/30  03:00:00,1106262.4980652917,118962.5277292753,180000.0,0.0,47510.71846471471,740501.0531937941
 12/30  04:00:00,1129390.2700963207,124319.65457019542,180000.0,0.0,47510.71846471471,758271.6983839029
 12/30  05:00:00,1226200.5560909687,129905.28211704748,180000.0,0.0,47510.71846471471,849067.730194421
 12/30  06:00:00,1398239.0060199478,131979.7899023502,180000.0,0.0,47510.71846471471,1019460.2989753755
 12/30  07:00:00,1498789.6134575556,132056.97233568312,0.0,0.0,47510.71846471471,1300362.3506169287
 12/30  08:00:00,1926516.467475661,109775.08584311615,0.0,0.0,47510.71846471471,1751656.9710394344
 12/30  09:00:00,2950284.061557213,66419.24679727564,0.0,0.0,97906.70323295459,2770527.552584977
 12/30  10:00:00,3711118.563578877,18202.66801587136,0.0,0.0,47510.71846471471,3632546.377979953
 12/30  11:00:00,4089818.442196715,0.0,0.0,0.0,197977.35619355307,3881554.0467084916
 12/30  12:00:00,4508339.72054911,97334.00173280993,275497.91598203324,0.0,239477.10319259032,3889172.6734452294
 12/30  13:00:00,5621086.864576194,418489.6399296303,1187139.787922951,0.0,233706.57058553994,3776607.346490738
 12/30  14:00:00,5872918.985977729,677304.703575483,1909373.6318250452,0.0,231783.0597165232,3049742.6978506204
 12/30  15:00:00,6091271.915225793,838807.8834383783,2331481.0962433233,0.0,236591.83688906513,2679676.205644969
 12/30  16:00:00,5520908.330344534,779038.6584099297,2124243.721857381,0.0,263520.98905530025,2348961.4413745874
 12/30  17:00:00,4326526.035728469,562018.3807043119,1504609.361668905,0.0,396964.55559333996,1854789.8316536308
 12/30  18:00:00,3707191.1776734577,303983.4597239167,807299.3155986291,0.0,804989.2986835265,1774631.2914508237
 12/30  19:00:00,1643836.8029183792,43243.01385513049,114884.60358888359,0.0,273811.77220454003,1191323.3346804837
 12/30  20:00:00,1505528.6606951335,0.0,0.0,0.0,373978.60070858937,1105832.4617498678
 12/30  21:00:00,912944.4696515715,5874.538408612165,0.0,0.0,47510.71846471471,823983.2018841752
 12/30  22:00:00,912457.3996487637,29871.014736798457,0.0,0.0,47510.71846471471,793070.2559940119
 12/30  23:00:00,1279300.6951090284,45198.6625986508,0.0,0.0,265444.499924317,932224.2684174355
 12/30  24:00:00,1101891.7690134104,59173.323627561425,0.0,0.0,143301.55974175083,874127.9140446996
 12/31  01:00:00,1114103.8350084852,85535.59556892654,0.0,0.0,74271.56342991078,934579.8506948624
 12/31  02:00:00,894434.549291976,80134.80196865422,0.0,0.0,47510.71846471471,747072.2035438216
 12/31  03:00:00,894150.1964334468,86421.59946015259,0.0,0.0,47510.71846471471,740501.0531937941
 12/31  04:00:00,920269.9928357627,94770.7506723595,0.0,0.0,47510.71846471471,758271.6983839029
 12/31  05:00:00,1172665.75557986,103710.83665332974,135000.0,0.0,48159.90338300787,866078.190228737
 12/31  06:00:00,2138589.6012893985,109216.8141312087,180000.0,0.0,95598.49019013444,1737915.1113887713
 12/31  07:00:00,6113429.794340048,91407.54883064749,135000.0,0.0,192351.086901679,5679669.226302994
 12/31  08:00:00,3141774.7917380235,88120.39958063273,0.0,0.0,142532.15539414412,2896548.931095797
 12/31  09:00:00,2861477.45962697,67922.11913716901,0.0,0.0,47510.71846471471,2731899.942994914
 12/31  10:00:00,6323471.169151984,33946.74082732309,0.0,0.0,254865.19014472465,6022657.692336153
 12/31  11:00:00,12172915.204315428,20437.873127801053,0.0,0.0,248132.90210316586,11894914.643064346
 12/31  12:00:00,5466784.252529611,1565.1307714312723,0.0,0.0,239477.10319259032,5219312.61900642
 12/31  13:00:00,4174855.9312245874,42861.35165183643,116537.14284913804,0.0,233706.57058553994,3776607.346490738
 12/31  14:00:00,4041204.677865251,202123.27853734995,552840.7487507004,0.0,231783.0597165232,3049742.6978506204
 12/31  15:00:00,4232841.700699981,350471.59126951935,961387.1738863707,0.0,236591.83688906513,2679676.205644969
 12/31  16:00:00,3878471.1139493175,339112.7685437104,921732.395328384,0.0,263520.98905530025,2348961.4413745874
 12/31  17:00:00,3121679.1373702735,233246.5856432379,628534.2583717841,0.0,396964.55559333996,1854789.8316536308
 12/31  18:00:00,2947053.2647510525,95412.03666015179,256161.45237726712,0.0,804989.2986835265,1774631.2914508237
 12/31  19:00:00,2556321.516773539,1652.417423587983,4432.57014010547,0.0,952137.8801633108,1577095.9438199156
 12/31  20:00:00,2348808.888871412,0.0,0.0,0.0,918476.4399555171,1402471.7174928284
 12/31  21:00:00,2033315.4275499878,1600.0892347768336,0.0,0.0,734781.1519644137,1257929.162358504
 12/31  22:00:00,1471108.593007918,19900.079079189392,0.0,0.0,363303.1153855462,1042899.6016289983
 12/31  23:00:00,1274429.62285205,37755.83051800485,0.0,0.0,265444.499924317,932224.2684174355
 12/31  24:00:00,1097387.5032513323,52954.55131637154,0.0,0.0,143301.55974175083,874127.9140446996
