Date/Time,Electricity:Facility [J](Hourly),Fans:Electricity [J](Hourly),Cooling:Electricity [J](Hourly),Heating:Electricity [J](Hourly),InteriorLights:Electricity [J](Hourly),InteriorEquipment:Electricity [J](Hourly)
 01/01  01:00:00,3006210.2739774752,1210969.9872058197,180000.0,0.0,230357.12290762636,1266582.2119753167
 01/01  02:00:00,2919221.7843695865,1222320.5586001938,180000.0,0.0,230357.12290762636,1168243.1509730536
 01/01  03:00:00,2888946.7605855954,1217764.669081234,180000.0,0.0,230357.12290762636,1142524.016708023
 01/01  04:00:00,2857018.3688679417,1211555.4116286102,180000.0,0.0,230357.12290762636,1116804.8824429922
 01/01  05:00:00,2850275.2793673337,1209172.6544114943,180000.0,0.0,230357.12290762636,1112444.550159501
 01/01  06:00:00,5247955.836518557,1176432.2849336588,180000.0,0.0,466309.96540005336,3330058.4727091417
 01/01  07:00:00,19960259.170755967,1396682.6235818525,180000.0,0.0,937283.0304541073,17356281.92289164
 01/01  08:00:00,36709439.510531306,1743926.8785834657,180000.0,0.0,2084405.5453382386,32613667.252604906
 01/01  09:00:00,17955886.56968106,1359240.642762735,180000.0,0.0,2214972.335650253,14116805.517087039
 01/01  10:00:00,5307811.861937227,1021498.262774048,180000.0,0.0,2280255.730806261,1754048.5932942235
 01/01  11:00:00,4579535.753784695,1007181.3971156959,180000.0,0.0,1718352.2224991964,1617423.4180491131
 01/01  12:00:00,5958643.746356653,977438.4077634081,180000.0,0.0,1179764.212462135,3582864.7287760954
 01/01  13:00:00,5033079.079971396,931170.0826935887,180000.0,0.0,2070416.2463762371,1820631.6330175588
 01/01  14:00:00,21211038.008319914,1129523.4867839168,180000.0,0.0,2051763.847760235,17821461.315715425
 01/01  15:00:00,6111080.0425889,975943.7578239198,180000.0,0.0,2103057.943954241,2823788.982750395
 01/01  16:00:00,4312464.454127466,912365.7117359657,180000.0,0.0,1570298.8084846796,1618938.8160228094
 01/01  17:00:00,7200515.367916237,923588.9103977733,180000.0,0.0,1622758.6795921857,4425304.341276592
 01/01  18:00:00,13100824.840881519,810247.6037693621,180000.0,0.0,3977624.0048624557,8037798.118773998
 01/01  19:00:00,8374003.301249144,997041.8900735842,180000.0,0.0,4663099.654000534,2407845.5258153095
 01/01  20:00:00,7984153.285577959,936736.3516041341,180000.0,0.0,4457923.26922451,2242329.276210918
 01/01  21:00:00,7301187.293034956,1055331.9025671335,180000.0,0.0,3553281.9363484066,2278543.310165658
 01/01  22:00:00,3235370.5302454676,1057189.9211536963,180000.0,0.0,230357.12290762636,1497788.70469904
 01/01  23:00:00,3165222.5770144444,1087300.1551730046,180000.0,0.0,230357.12290762636,1433535.1549800558
 01/01  24:00:00,3046665.889884096,1109366.625107827,180000.0,0.0,230357.12290762636,1364921.27297758
 01/02  01:00:00,2916774.182992447,1121533.896220792,180000.0,0.0,230357.12290762636,1266582.2119753167
 01/02  02:00:00,2826526.4156739824,1129625.1899045894,180000.0,0.0,230357.12290762636,1168243.1509730536
 01/02  03:00:00,2805660.4670924656,1134478.3755881044,180000.0,0.0,230357.12290762636,1142524.016708023
 01/02  04:00:00,11896756.668061633,1244647.5368840594,180000.0,0.0,230357.12290762636,10123451.056381235
 01/02  05:00:00,20332562.62638702,1531208.5085336796,180000.0,0.0,242947.4919734278,18260105.673991196
 01/02  06:00:00,3089879.49032778,1101061.8624881164,180000.0,0.0,466309.96540005336,1247352.548963907
 01/02  07:00:00,3655474.5859086486,1089288.9898491243,180000.0,0.0,937283.0304541073,1358890.9717770484
 01/02  08:00:00,3388234.053994081,1077476.4899713842,180000.0,0.0,693402.9185498795,1349914.8114681165
 01/02  09:00:00,2800235.294963188,1076785.157578799,180000.0,0.0,230357.12290762636,1228224.94029573
 01/02  10:00:00,2760978.160844192,1054658.5829744486,180000.0,0.0,230357.12290762636,1223953.1798994222
 01/02  11:00:00,2707572.110875813,1021043.4242315671,180000.0,0.0,230357.12290762636,1219592.8476159307
 01/02  12:00:00,2655937.2030408173,987410.8351622456,180000.0,0.0,230357.12290762636,1219592.8476159307
 01/02  13:00:00,2632787.1557780327,958983.642407173,180000.0,0.0,230357.12290762636,1232585.272579221
 01/02  14:00:00,2613667.481745235,942435.7281980437,180000.0,0.0,230357.12290762636,1232585.272579221
 01/02  15:00:00,2606499.8477516393,935268.0942044475,180000.0,0.0,230357.12290762636,1232585.272579221
 01/02  16:00:00,2602442.7717346507,932999.5906472827,180000.0,0.0,230357.12290762636,1228224.94029573
 01/02  17:00:00,4413847.015521149,913167.5543550841,180000.0,0.0,1622758.6795921857,1649057.3449241943
 01/02  18:00:00,7703489.142131749,872795.1481310371,180000.0,0.0,2571699.459181295,3983839.421343714
 01/02  19:00:00,7003204.24032752,946985.2630381781,180000.0,0.0,3555613.4861754067,2194589.25975422
 01/02  20:00:00,8167942.8602822255,890769.1426147262,180000.0,0.0,3929827.2334089493,3000182.095720153
 01/02  21:00:00,9242429.371438565,968063.3389379769,180000.0,0.0,3553281.9363484066,4307053.952198423
 01/02  22:00:00,6201493.274663651,941053.7029461967,180000.0,0.0,2685945.4007043066,2124459.3895280436
 01/02  23:00:00,4358515.229952779,982786.4374249631,180000.0,0.0,1291678.6041581477,1670020.04441591
 01/02  24:00:00,2969147.7527584257,1031848.4879821566,180000.0,0.0,230357.12290762636,1364921.27297758
 01/03  01:00:00,2852781.404232308,1057541.1174606525,180000.0,0.0,230357.12290762636,1266582.2119753167
 01/03  02:00:00,2765408.5695451396,1068507.3437757466,180000.0,0.0,230357.12290762636,1168243.1509730536
 01/03  03:00:00,2747298.614011569,1076116.522507207,180000.0,0.0,230357.12290762636,1142524.016708023
 01/03  04:00:00,2727853.02790586,1082390.0706665288,180000.0,0.0,230357.12290762636,1116804.8824429922
 01/03  05:00:00,2730728.594680814,1089625.9697249741,180000.0,0.0,230357.12290762636,1112444.550159501
 01/03  06:00:00,2900794.855209319,1093135.8876217639,180000.0,0.0,348333.5441538399,1184170.3099580118
 01/03  07:00:00,2776050.2384438384,1103255.1822256665,180000.0,0.0,230357.12290762636,1172426.339482177
 01/03  08:00:00,2810891.968571185,1093502.1640429278,180000.0,0.0,230357.12290762636,1219592.8476159307
 01/03  09:00:00,2784673.8270385265,1061223.6896541375,180000.0,0.0,230357.12290762636,1228224.94029573
 01/03  10:00:00,2713474.093054191,1007154.5151844478,180000.0,0.0,230357.12290762636,1223953.1798994222
 01/03  11:00:00,2595234.449351848,908705.7627076023,180000.0,0.0,230357.12290762636,1219592.8476159307
 01/03  12:00:00,2464330.679169394,795804.3112908225,180000.0,0.0,230357.12290762636,1219592.8476159307
 01/03  13:00:00,2405472.5710127424,731669.0576418829,180000.0,0.0,230357.12290762636,1232585.272579221
 01/03  14:00:00,2313133.304107323,641901.5505601314,180000.0,0.0,230357.12290762636,1232585.272579221
 01/03  15:00:00,2853585.7845831374,573072.6326885005,180000.0,0.0,698066.0182038799,1374157.7756304126
 01/03  16:00:00,4280464.507820583,533249.8678771872,180000.0,0.0,1839592.8135032104,1696760.7085561738
 01/03  17:00:00,9763449.486252286,525099.8845055415,180000.0,0.0,3012362.3764843447,5997123.788612712
 01/03  18:00:00,7980124.3143111,560250.2016700797,180000.0,0.0,3977624.0048624557,3167094.9943028614
 01/03  19:00:00,8049842.963609196,672881.5524336367,180000.0,0.0,4663099.654000534,2407845.5258153095
 01/03  20:00:00,7693220.865960598,645803.9319867713,180000.0,0.0,4457923.26922451,2242329.276210918
 01/03  21:00:00,6985375.876536917,739520.4860690949,180000.0,0.0,3553281.9363484066,2278543.310165658
 01/03  22:00:00,5215590.492201296,725031.5476724437,180000.0,0.0,2072747.7962032366,1967776.3668405102
 01/03  23:00:00,3493740.738489031,766915.1313044038,180000.0,0.0,761017.8635328871,1551777.599697983
 01/03  24:00:00,2743477.1422242913,806177.8774480221,180000.0,0.0,230357.12290762636,1364921.27297758
 01/04  01:00:00,2614481.1576685742,819240.8708969183,180000.0,0.0,230357.12290762636,1266582.2119753167
 01/04  02:00:00,2610442.94540878,821466.4970374343,180000.0,0.0,259035.18577972965,1231640.3107029032
 01/04  03:00:00,2604200.174897822,821653.8353250367,180000.0,0.0,230357.12290762636,1253888.2647764466
 01/04  04:00:00,2507406.050941916,837681.2581104926,180000.0,0.0,230357.12290762636,1141066.718035084
 01/04  05:00:00,2490895.801943916,849793.1769880758,180000.0,0.0,230357.12290762636,1112444.550159501
 01/04  06:00:00,4755999.555155085,845435.0032843815,180000.0,0.0,466309.96540005336,3169099.4729949473
 01/04  07:00:00,4375042.222170534,847983.1640954898,180000.0,0.0,937283.0304541073,2319764.4337925683
 01/04  08:00:00,4920162.413651712,827374.9253629694,180000.0,0.0,2084405.5453382386,1740942.108945803
 01/04  09:00:00,4105475.9296604563,805714.7751369836,180000.0,0.0,1470042.165923668,1564850.914418772
 01/04  10:00:00,3129574.1973859877,779108.1759430675,180000.0,0.0,742365.464916885,1356091.2814633406
 01/04  11:00:00,2397048.375429106,710519.6887848603,180000.0,0.0,230357.12290762636,1219592.8476159307
 01/04  12:00:00,2274635.482803909,606109.1149253369,180000.0,0.0,230357.12290762636,1219592.8476159307
 01/04  13:00:00,2187957.878470628,514154.3650997684,180000.0,0.0,230357.12290762636,1232585.272579221
 01/04  14:00:00,2113912.446219782,442680.6926725899,180000.0,0.0,230357.12290762636,1232585.272579221
 01/04  15:00:00,2395050.806079889,403527.8985275239,180000.0,0.0,230357.12290762636,1552876.4265843946
 01/04  16:00:00,4889017.374122197,391299.019510385,180000.0,0.0,767313.0480657879,3519544.188662012
 01/04  17:00:00,4787647.409133223,426608.75275915954,180000.0,0.0,1970159.6038152254,2162015.615909153
 01/04  18:00:00,6357787.006965943,469123.88313044934,180000.0,0.0,3508982.489635402,2104525.520724387
 01/04  19:00:00,9060080.712895641,544484.2492316903,180000.0,0.0,4663099.654000534,3546480.578303701
 01/04  20:00:00,7565030.833262994,517613.8992891688,180000.0,0.0,4457923.26922451,2242329.276210918
 01/04  21:00:00,6389880.594845175,644541.037777195,180000.0,0.0,3138266.067142359,2193043.345971863
 01/04  22:00:00,3999869.97117094,664816.0808928108,180000.0,0.0,1152251.924503532,1732767.1842894927
 01/04  23:00:00,2791919.780142003,713997.3583005636,180000.0,0.0,230357.12290762636,1433535.1549800558
 01/04  24:00:00,2688885.9739834834,751586.7092072144,180000.0,0.0,230357.12290762636,1364921.27297758
 01/05  01:00:00,2571536.4133356167,776296.1265639612,180000.0,0.0,230357.12290762636,1266582.2119753167
 01/05  02:00:00,2492854.607562259,795953.3817928664,180000.0,0.0,230357.12290762636,1168243.1509730536
 01/05  03:00:00,2478857.779189937,807675.6876855749,180000.0,0.0,230357.12290762636,1142524.016708023
 01/05  04:00:00,2462412.6318245516,816949.6745852199,180000.0,0.0,230357.12290762636,1116804.8824429922
 01/05  05:00:00,2465314.586806177,824211.9618503377,180000.0,0.0,230357.12290762636,1112444.550159501
 01/05  06:00:00,2635802.612663375,828143.6450758198,180000.0,0.0,348333.5441538399,1184170.3099580118
 01/05  07:00:00,3389296.015406619,823110.4193470945,180000.0,0.0,937283.0304541073,1358890.9717770484
 01/05  08:00:00,3128840.793938141,818083.2299154445,180000.0,0.0,693402.9185498795,1349914.8114681165
 01/05  09:00:00,2534587.4930030573,811137.3556186681,180000.0,0.0,230357.12290762636,1228224.94029573
 01/05  10:00:00,2478490.408709484,772170.8308397408,180000.0,0.0,230357.12290762636,1223953.1798994222
 01/05  11:00:00,2373113.8680538884,686585.1814096429,180000.0,0.0,230357.12290762636,1219592.8476159307
 01/05  12:00:00,2244085.581501252,575559.2136226797,180000.0,0.0,230357.12290762636,1219592.8476159307
 01/05  13:00:00,2157746.3973637903,483942.883992931,180000.0,0.0,230357.12290762636,1232585.272579221
 01/05  14:00:00,2086340.6898763923,415108.93632920063,180000.0,0.0,230357.12290762636,1232585.272579221
 01/05  15:00:00,2052140.263360877,380908.50981368544,180000.0,0.0,230357.12290762636,1232585.272579221
 01/05  16:00:00,2062788.2139224275,393345.03283505933,180000.0,0.0,230357.12290762636,1228224.94029573
 01/05  17:00:00,2230178.45121295,465575.5485648165,180000.0,0.0,230357.12290762636,1305382.3430908215
 01/05  18:00:00,5795465.300475855,477139.70343037025,180000.0,0.0,3040340.974408348,2002829.5091614332
 01/05  19:00:00,7897623.288835328,520661.87765976874,180000.0,0.0,4663099.654000534,2407845.5258153095
 01/05  20:00:00,5687661.695589317,513303.64257585554,180000.0,0.0,2873635.161777829,1953558.502697235
 01/05  21:00:00,6850909.938748802,605054.5482809795,180000.0,0.0,3553281.9363484066,2278543.310165658
 01/05  22:00:00,5845566.884774476,585127.3130570217,180000.0,0.0,2685945.4007043066,2124459.3895280436
 01/05  23:00:00,3357950.369661659,631124.7624770319,180000.0,0.0,761017.8635328871,1551777.599697983
 01/05  24:00:00,2627606.8234442486,690307.5586679792,180000.0,0.0,230357.12290762636,1364921.27297758
 01/06  01:00:00,2512620.4664132223,717380.1796415669,180000.0,0.0,230357.12290762636,1266582.2119753167
 01/06  02:00:00,2432788.8227627636,735887.5969933709,180000.0,0.0,230357.12290762636,1168243.1509730536
 01/06  03:00:00,2418749.8637782694,750139.5320975751,180000.0,0.0,230357.12290762636,1142524.016708023
 01/06  04:00:00,2405378.317261569,762487.1198459056,180000.0,0.0,230357.12290762636,1116804.8824429922
 01/06  05:00:00,2412475.318815227,771372.6938593871,180000.0,0.0,230357.12290762636,1112444.550159501
 01/06  06:00:00,2426351.334812177,779276.9488873892,180000.0,0.0,230357.12290762636,1120988.0709521165
 01/06  07:00:00,2480034.698934785,784093.8043036046,180000.0,0.0,230357.12290762636,1172426.339482177
 01/06  08:00:00,2510377.1423856663,774985.019091735,180000.0,0.0,230357.12290762636,1219592.8476159307
 01/06  09:00:00,4541066.853178464,727195.5125778376,180000.0,0.0,230357.12290762636,3310930.8640409643
 01/06  10:00:00,3676255.7135145925,676499.7288511598,180000.0,0.0,1254373.8069261436,1488229.383027259
 01/06  11:00:00,3591230.5418081824,643477.3045003416,180000.0,0.0,1221732.1093481397,1484298.8921916764
 01/06  12:00:00,4722305.471388764,590939.0170251746,180000.0,0.0,2131036.541878244,1779181.7553066628
 01/06  13:00:00,4657299.427954155,555390.4306763475,180000.0,0.0,2070416.2463762371,1820631.6330175588
 01/06  14:00:00,4623479.079188509,539355.5087670989,180000.0,0.0,2051763.847760235,1824070.3646008295
 01/06  15:00:00,4655446.337251732,546828.1635134172,180000.0,0.0,2103057.943954241,1797270.8717237297
 01/06  16:00:00,5001484.609671251,560038.1746240639,180000.0,0.0,2378180.823540272,1852404.4936229025
 01/06  17:00:00,8347276.860982256,543726.9613585357,180000.0,0.0,1622758.6795921857,5951927.783381849
 01/06  18:00:00,5347014.982050669,596455.151971524,180000.0,0.0,2571699.459181295,1901133.4975984795
 01/06  19:00:00,8012721.432670619,638331.7813187276,180000.0,0.0,4663099.654000534,2407845.5258153095
 01/06  20:00:00,7617069.244378154,582511.1095226662,180000.0,0.0,4457923.26922451,2242329.276210918
 01/06  21:00:00,6876294.355044861,651013.0431663801,180000.0,0.0,3553281.9363484066,2278543.310165658
 01/06  22:00:00,5862532.788773788,620095.5358220083,180000.0,0.0,2685945.4007043066,2124459.3895280436
 01/06  23:00:00,5289429.542300947,629398.2922460323,180000.0,0.0,2354865.3252702695,1906566.3397728938
 01/06  24:00:00,3713699.78772943,669950.0468636645,180000.0,0.0,1041036.9977556192,1670978.9135137538
 01/07  01:00:00,2517809.8437321666,722569.5569605113,180000.0,0.0,230357.12290762636,1266582.2119753167
 01/07  02:00:00,2446478.9400975513,749577.7143281585,180000.0,0.0,230357.12290762636,1168243.1509730536
 01/07  03:00:00,2429390.1260773507,760779.7943966566,180000.0,0.0,230357.12290762636,1142524.016708023
 01/07  04:00:00,2412630.4703185866,769739.2729029227,180000.0,0.0,230357.12290762636,1116804.8824429922
 01/07  05:00:00,2415270.1693985946,774167.5444427548,180000.0,0.0,230357.12290762636,1112444.550159501
 01/07  06:00:00,2414279.8774137516,767205.4914889641,180000.0,0.0,230357.12290762636,1120988.0709521165
 01/07  07:00:00,2447545.742693339,751604.848062159,180000.0,0.0,230357.12290762636,1172426.339482177
 01/07  08:00:00,2466244.7785096294,730852.6552156984,180000.0,0.0,230357.12290762636,1219592.8476159307
 01/07  09:00:00,3374842.6311120195,698392.6301351171,180000.0,0.0,973888.3627380114,1429978.2845868554
 01/07  10:00:00,3663704.2165107923,663948.2318473596,180000.0,0.0,1254373.8069261436,1488229.383027259
 01/07  11:00:00,2967521.769682362,647809.0478826513,180000.0,0.0,726044.6161278831,1351945.8699038036
 01/07  12:00:00,2311849.4018459297,640751.2741436898,180000.0,0.0,230357.12290762636,1219592.8476159307
 01/07  13:00:00,4686312.249297275,584403.2520194673,180000.0,0.0,2070416.2463762371,1820631.6330175588
 01/07  14:00:00,3747939.1195545103,567600.7830387821,180000.0,0.0,1369785.5233626568,1602263.4550927265
 01/07  15:00:00,4334338.3046971,530426.036832843,180000.0,0.0,1868737.1863407143,1726885.7234631982
 01/07  16:00:00,5650691.058697336,515002.29011249647,180000.0,0.0,1301004.803466149,3623822.8472346794
 01/07  17:00:00,5764241.868375305,530345.114404837,180000.0,0.0,3012362.3764843447,1992670.9408364375
 01/07  18:00:00,8368696.298150791,519195.5536792059,180000.0,0.0,3977624.0048624557,3594149.866309759
 01/07  19:00:00,9443548.988083469,574467.2847074332,180000.0,0.0,4663099.654000534,3902537.5778394523
 01/07  20:00:00,8351735.355640536,543515.0245320948,180000.0,0.0,4457923.26922451,3015991.4724638704
 01/07  21:00:00,25047316.435100187,812192.4538001919,180000.0,0.0,3138266.067142359,20703401.848793224
 01/07  22:00:00,12834734.009156892,772983.0407029962,180000.0,0.0,1152251.924503532,10477466.581230933
 01/07  23:00:00,3975337.1175572397,615038.8839714304,180000.0,0.0,1291678.6041581477,1670020.04441591
 01/07  24:00:00,2882586.45478755,635589.3404082473,180000.0,0.0,462579.485676853,1452683.7991060577
 01/08  01:00:00,2451162.959487426,655922.6727157705,180000.0,0.0,230357.12290762636,1266582.2119753167
 01/08  02:00:00,2359376.2605358507,662475.034766458,180000.0,0.0,230357.12290762636,1168243.1509730536
 01/08  03:00:00,2344213.6655696104,673031.5740652484,180000.0,0.0,230357.12290762636,1142524.016708023
 01/08  04:00:00,2331440.972214632,685978.0149753008,180000.0,0.0,230357.12290762636,1116804.8824429922
 01/08  05:00:00,2458362.586914384,695024.7106159539,180000.0,0.0,242947.4919734278,1222089.4324362895
 01/08  06:00:00,2861770.847812595,691664.1463201513,180000.0,0.0,585219.006577067,1309732.5814396734
 01/08  07:00:00,4139800.0423297533,678420.0724884071,180000.0,0.0,1646074.1778621883,1545294.1981507894
 01/08  08:00:00,11611105.141698144,576658.8095665348,180000.0,0.0,2084405.5453382386,8682600.95278867
 01/08  09:00:00,6510018.893414349,596298.2849634803,180000.0,0.0,2214972.335650253,3433880.198619584
 01/08  10:00:00,2396936.383013947,690616.8051442037,180000.0,0.0,230357.12290762636,1223953.1798994222
 01/08  11:00:00,2355233.0258831694,668704.3392389235,180000.0,0.0,230357.12290762636,1219592.8476159307
 01/08  12:00:00,2279635.85406308,611109.4861845082,180000.0,0.0,230357.12290762636,1219592.8476159307
 01/08  13:00:00,2260192.691026659,586389.1776557998,180000.0,0.0,230357.12290762636,1232585.272579221
 01/08  14:00:00,2208958.237023473,537726.483476281,180000.0,0.0,230357.12290762636,1232585.272579221
 01/08  15:00:00,2196468.100902062,525236.3473548705,180000.0,0.0,230357.12290762636,1232585.272579221
 01/08  16:00:00,2263682.675110307,594239.4940229389,180000.0,0.0,230357.12290762636,1228224.94029573
 01/08  17:00:00,2758289.9875849686,673395.9309316617,180000.0,0.0,230357.12290762636,1625673.497095995
 01/08  18:00:00,6574547.447054089,708564.7052051807,180000.0,0.0,1166707.5334309337,4424120.094942272
 01/08  19:00:00,19029184.8546273,829357.5463685284,180000.0,0.0,4663099.654000534,13230711.422898524
 01/08  20:00:00,23868894.38730116,1032167.1324126686,180000.0,0.0,3401731.197593389,19087831.668756705
 01/08  21:00:00,6090004.769964434,845181.0462962969,180000.0,0.0,2723250.197936312,2107543.381778068
 01/08  22:00:00,4184073.593874206,849703.8170638946,180000.0,0.0,1151552.4595554315,1732782.535769775
 01/08  23:00:00,2995015.4856897104,917093.0638482706,180000.0,0.0,230357.12290762636,1433535.1549800558
 01/08  24:00:00,2888080.4216715237,950781.1568952544,180000.0,0.0,230357.12290762636,1364921.27297758
 01/09  01:00:00,2771631.891630832,976391.6048591763,180000.0,0.0,230357.12290762636,1266582.2119753167
 01/09  02:00:00,2694214.793579974,997313.5678105815,180000.0,0.0,230357.12290762636,1168243.1509730536
 01/09  03:00:00,2687197.4847226143,1016015.3932182528,180000.0,0.0,230357.12290762636,1142524.016708023
 01/09  04:00:00,2679001.1102765165,1033538.1530371847,180000.0,0.0,230357.12290762636,1116804.8824429922
 01/09  05:00:00,2694389.2376180743,1053286.612662234,180000.0,0.0,230357.12290762636,1112444.550159501
 01/09  06:00:00,2688629.6435670173,1062129.336231571,180000.0,0.0,230357.12290762636,1120988.0709521165
 01/09  07:00:00,3184701.876208792,1065211.5500699438,180000.0,0.0,583820.0766808668,1265658.6556296127
 01/09  08:00:00,2787280.2869277066,1069890.4823994495,180000.0,0.0,230357.12290762636,1219592.8476159307
 01/09  09:00:00,2794164.287048038,1070714.1496636488,180000.0,0.0,230357.12290762636,1228224.94029573
 01/09  10:00:00,2767832.5020877304,1061512.9242179873,180000.0,0.0,230357.12290762636,1223953.1798994222
 01/09  11:00:00,2733602.43221605,1047073.7455718046,180000.0,0.0,230357.12290762636,1219592.8476159307
 01/09  12:00:00,2696255.774759951,1027729.4068813793,180000.0,0.0,230357.12290762636,1219592.8476159307
 01/09  13:00:00,2685225.098285477,1011421.5849146177,180000.0,0.0,230357.12290762636,1232585.272579221
 01/09  14:00:00,2667062.9047157546,995831.151168563,180000.0,0.0,230357.12290762636,1232585.272579221
 01/09  15:00:00,2643241.9300870835,972010.1765398916,180000.0,0.0,230357.12290762636,1232585.272579221
 01/09  16:00:00,2637655.015521785,968211.8344344165,180000.0,0.0,230357.12290762636,1228224.94029573
 01/09  17:00:00,7373920.955407064,924641.7405219462,180000.0,0.0,2316861.063090165,3903554.7151452675
 01/09  18:00:00,5105160.469479144,927509.926013673,180000.0,0.0,2103057.943954241,1799437.4860355256
 01/09  19:00:00,7085408.147652595,1029189.1703632526,180000.0,0.0,3555613.486175407,2194589.25975422
 01/09  20:00:00,7964932.025480602,917515.0915067764,180000.0,0.0,4457923.26922451,2242329.276210918
 01/09  21:00:00,7273608.859253786,1027753.4687859628,180000.0,0.0,3553281.9363484066,2278543.310165658
 01/09  22:00:00,6232704.974669362,972265.402951909,180000.0,0.0,2685945.4007043066,2124459.3895280436
 01/09  23:00:00,4689458.9157989705,988315.2077081962,180000.0,0.0,1557941.5944015782,1729171.9697354385
 01/09  24:00:00,2977370.234259779,1040070.9694835099,180000.0,0.0,230357.12290762636,1364921.27297758
 01/10  01:00:00,2851904.6594607,1056664.3726890446,180000.0,0.0,230357.12290762636,1266582.2119753167
 01/10  02:00:00,2758021.651322349,1061120.425552956,180000.0,0.0,230357.12290762636,1168243.1509730536
 01/10  03:00:00,2735530.4789337036,1064348.3874293417,180000.0,0.0,230357.12290762636,1142524.016708023
 01/10  04:00:00,2711941.1788670775,1066478.2216277462,180000.0,0.0,230357.12290762636,1116804.8824429922
 01/10  05:00:00,2771304.699756451,1069084.449129316,180000.0,0.0,236652.30744052707,1167266.991297895
 01/10  06:00:00,2963665.347039545,1065427.049325936,180000.0,0.0,407321.7547769466,1215761.4294609593
 01/10  07:00:00,3184757.991924244,1065267.665785396,180000.0,0.0,583820.0766808668,1265658.6556296127
 01/10  08:00:00,3943143.051483519,1039017.7279663839,180000.0,0.0,1156448.7141921325,1480236.775320302
 01/10  09:00:00,3992679.31290756,1008849.7300278242,180000.0,0.0,1221732.1093481397,1497229.399350564
 01/10  10:00:00,2703897.8661092184,997578.2882394755,180000.0,0.0,230357.12290762636,1223953.1798994222
 01/10  11:00:00,2644603.1604117244,958074.4737674787,180000.0,0.0,230357.12290762636,1219592.8476159307
 01/10  12:00:00,2582305.1224656785,913778.7545871064,180000.0,0.0,230357.12290762636,1219592.8476159307
 01/10  13:00:00,2514346.5311166737,840543.0177458145,180000.0,0.0,230357.12290762636,1232585.272579221
 01/10  14:00:00,3032568.650958406,791752.4618720139,180000.0,0.0,230357.12290762636,1802169.7081184215
 01/10  15:00:00,3607487.8228871874,717562.8592444342,180000.0,0.0,1166707.5334309337,1514928.0721514756
 01/10  16:00:00,7125801.088009671,601648.7292172498,180000.0,0.0,2378180.823540272,3935110.4173681373
 01/10  17:00:00,5876243.663116599,642346.9091461317,180000.0,0.0,3012362.3764843447,1992670.9408364375
 01/10  18:00:00,5441437.94793392,693449.8776784422,180000.0,0.0,2571699.4591812943,1901133.4975984795
 01/10  19:00:00,5566294.362575391,830817.8191722657,180000.0,0.0,2448127.31835028,1981332.99369313
 01/10  20:00:00,8609263.974985186,727847.0379063688,180000.0,0.0,3401731.197593389,4132521.350947031
 01/10  21:00:00,5109284.4678280875,865492.4109596357,180000.0,0.0,1893218.4595242168,1936543.453390478
 01/10  22:00:00,3791574.413931746,842144.9507157365,180000.0,0.0,844953.6573048967,1654441.024426008
 01/10  23:00:00,2951485.8923400096,873563.47049857,180000.0,0.0,230357.12290762636,1433535.1549800558
 01/10  24:00:00,2828771.352883065,891472.0881067954,180000.0,0.0,230357.12290762636,1364921.27297758
 01/11  01:00:00,2697406.074813427,902165.7880417716,180000.0,0.0,230357.12290762636,1266582.2119753167
 01/11  02:00:00,2605828.4270238657,908927.2012544728,180000.0,0.0,230357.12290762636,1168243.1509730536
 01/11  03:00:00,2586270.4278586544,915088.3363542926,180000.0,0.0,230357.12290762636,1142524.016708023
 01/11  04:00:00,2566174.962131401,920712.0048920697,180000.0,0.0,230357.12290762636,1116804.8824429922
 01/11  05:00:00,2567749.305427105,926646.6804712652,180000.0,0.0,230357.12290762636,1112444.550159501
 01/11  06:00:00,2561289.3695940655,934789.0622586191,180000.0,0.0,230357.12290762636,1120988.0709521165
 01/11  07:00:00,4161598.553989295,924017.1775934048,180000.0,0.0,1468876.391010168,1498693.391557354
 01/11  08:00:00,3233298.5666968636,922541.0026741676,180000.0,0.0,693402.9185498795,1349914.8114681165
 01/11  09:00:00,2638204.6383253266,914754.5009409377,180000.0,0.0,230357.12290762636,1228224.94029573
 01/11  10:00:00,2580602.5990776424,874283.0212078993,180000.0,0.0,230357.12290762636,1223953.1798994222
 01/11  11:00:00,2519407.351347475,832878.664703229,180000.0,0.0,230357.12290762636,1219592.8476159307
 01/11  12:00:00,2443692.4002124816,775166.0323339095,180000.0,0.0,230357.12290762636,1219592.8476159307
 01/11  13:00:00,2420545.1270096092,746741.6136387496,180000.0,0.0,230357.12290762636,1232585.272579221
 01/11  14:00:00,2406356.198768446,735124.4452212547,180000.0,0.0,230357.12290762636,1232585.272579221
 01/11  15:00:00,3089478.8415112556,724706.015356901,180000.0,0.0,230357.12290762636,1926126.3451863842
 01/11  16:00:00,11632897.464550156,594975.840667672,180000.0,0.0,1033342.8833265183,9793717.622671952
 01/11  17:00:00,12375660.823669866,544157.6675228616,180000.0,0.0,1622758.6795921857,9979881.039905133
 01/11  18:00:00,9111944.444307549,570237.8699368145,180000.0,0.0,3977624.0048624557,4288927.456032575
 01/11  19:00:00,8078043.8314340515,701082.4202584925,180000.0,0.0,4663099.654000534,2407845.5258153095
 01/11  20:00:00,7688135.6205402445,640718.6865664184,180000.0,0.0,4457923.26922451,2242329.276210918
 01/11  21:00:00,6986410.636703789,740555.2462359659,180000.0,0.0,3553281.9363484066,2278543.310165658
 01/11  22:00:00,5957714.594651614,697275.0229341604,180000.0,0.0,2685945.4007043066,2124459.3895280436
 01/11  23:00:00,4749120.869927041,723525.5691646729,180000.0,0.0,1823271.9647142086,1788293.192094402
 01/11  24:00:00,2867066.2291561468,769774.5199310252,180000.0,0.0,346468.30429223966,1408802.536041819
 01/12  01:00:00,2665403.9194542505,788065.4678061596,180000.0,0.0,273490.7947071313,1305546.705052247
 01/12  02:00:00,2485788.521761721,788887.2959923283,180000.0,0.0,230357.12290762636,1168243.1509730536
 01/12  03:00:00,2458777.7123414814,787595.6208371195,180000.0,0.0,230357.12290762636,1142524.016708023
 01/12  04:00:00,2430843.45271438,785380.4954750483,180000.0,0.0,230357.12290762636,1116804.8824429922
 01/12  05:00:00,2426023.3027641545,784920.6778083148,180000.0,0.0,230357.12290762636,1112444.550159501
 01/12  06:00:00,9443709.93797769,694392.1265472684,180000.0,0.0,348333.5441538399,8125829.153800879
 01/12  07:00:00,7868321.411479402,658070.7788966332,180000.0,0.0,1646074.1778621883,5294164.860892212
 01/12  08:00:00,3924619.7133031706,723328.8485931339,180000.0,0.0,1388437.921978659,1545413.1087266773
 01/12  09:00:00,2486045.413518582,762595.2761341928,180000.0,0.0,230357.12290762636,1228224.94029573
 01/12  10:00:00,2807488.833350607,779096.0336942757,180000.0,0.0,486361.29391225567,1290022.2306813814
 01/12  11:00:00,3699162.5561189023,756552.8384583975,180000.0,0.0,1221732.1093481397,1484298.8921916764
 01/12  12:00:00,3041276.4035222055,757763.5121589137,180000.0,0.0,705060.6676848807,1359875.8263233956
 01/12  13:00:00,2439385.6207256615,765582.1073548022,180000.0,0.0,230357.12290762636,1232585.272579221
 01/12  14:00:00,2434024.1424410343,762792.3888938422,180000.0,0.0,230357.12290762636,1232585.272579221
 01/12  15:00:00,2433769.9625420226,762538.2089948312,180000.0,0.0,230357.12290762636,1232585.272579221
 01/12  16:00:00,3789272.115935806,735058.2894823647,180000.0,0.0,1302636.888345049,1540715.8202243806
 01/12  17:00:00,4216005.570093226,715326.1089271604,180000.0,0.0,1622758.6795921857,1649057.3449241943
 01/12  18:00:00,7511097.050851114,680403.0568504022,180000.0,0.0,2571699.459181295,3983839.421343714
 01/12  19:00:00,8088687.346632274,711725.9354567139,180000.0,0.0,4663099.654000534,2407845.5258153095
 01/12  20:00:00,7695758.416565528,648341.4825917033,180000.0,0.0,4457923.26922451,2242329.276210918
 01/12  21:00:00,7404707.992637755,738653.1783384202,180000.0,0.0,2308234.328730264,3943790.341615313
 01/12  22:00:00,5204470.955942669,724583.5951719396,180000.0,0.0,844953.6573048967,3184898.9219807284
 01/12  23:00:00,2832235.346684096,754312.9248426565,180000.0,0.0,230357.12290762636,1433535.1549800558
 01/12  24:00:00,2708144.3060039813,770845.0412277118,180000.0,0.0,230357.12290762636,1364921.27297758
 01/13  01:00:00,2570888.9640807924,775648.6773091364,180000.0,0.0,230357.12290762636,1266582.2119753167
 01/13  02:00:00,2474409.0179440416,777507.7921746488,180000.0,0.0,230357.12290762636,1168243.1509730536
 01/13  03:00:00,2450925.9411952705,782315.6095145764,180000.0,0.0,230357.12290762636,1142524.016708023
 01/13  04:00:00,2431573.797752436,788682.6003367722,180000.0,0.0,230357.12290762636,1116804.8824429922
 01/13  05:00:00,2437391.836102805,796289.2111469652,180000.0,0.0,230357.12290762636,1112444.550159501
 01/13  06:00:00,2449936.9106073705,802862.524682583,180000.0,0.0,230357.12290762636,1120988.0709521165
 01/13  07:00:00,2502856.643218851,806915.7485876704,180000.0,0.0,230357.12290762636,1172426.339482177
 01/13  08:00:00,2540605.5468580597,805213.4235641283,180000.0,0.0,230357.12290762636,1219592.8476159307
 01/13  09:00:00,5828644.652182579,754393.8660866055,180000.0,0.0,1221732.1093481397,3579935.3230957985
 01/13  10:00:00,4366432.093725885,720825.5419889118,180000.0,0.0,1767314.768866202,1621138.9881607413
 01/13  11:00:00,3673705.349953334,725952.1126454931,180000.0,0.0,1221732.1093481397,1484298.8921916764
 01/13  12:00:00,4215188.821014789,698970.0064971551,180000.0,0.0,1655400.3771701893,1639670.2801687617
 01/13  13:00:00,4769893.86109864,667984.8638208323,180000.0,0.0,2070416.2463762371,1820631.6330175588
 01/13  14:00:00,4740359.461747252,656235.8913258427,180000.0,0.0,2051763.847760235,1824070.3646008295
 01/13  15:00:00,4765717.702737935,657099.5289996198,180000.0,0.0,2103057.943954241,1797270.8717237297
 01/13  16:00:00,5080384.316926465,638937.8818792781,180000.0,0.0,2378180.823540272,1852404.4936229025
 01/13  17:00:00,7927436.696662633,610834.0189469312,180000.0,0.0,3012362.3764843447,4075376.8645816715
 01/13  18:00:00,7101367.460578264,639795.0501290965,180000.0,0.0,3977624.0048624557,2206221.532287341
 01/13  19:00:00,8110862.793008151,736473.1416562604,180000.0,0.0,4663099.654000534,2407845.5258153095
 01/13  20:00:00,7704955.208429871,670397.0735743836,180000.0,0.0,4457923.26922451,2242329.276210918
 01/13  21:00:00,31157103.27472584,1216249.7258179984,180000.0,0.0,3553281.9363484066,25994115.547195025
 01/13  22:00:00,14997332.678408207,1006321.0257092344,180000.0,0.0,1459550.191702167,12099428.998277374
 01/13  23:00:00,4765517.62903681,755352.887216449,180000.0,0.0,1823271.9647142086,1788293.192094402
 01/13  24:00:00,3377368.75365672,810386.750379713,180000.0,0.0,694801.8484460795,1540446.3252345354
 01/14  01:00:00,2651055.6582552027,855815.3714835473,180000.0,0.0,230357.12290762636,1266582.2119753167
 01/14  02:00:00,2582477.1216084915,885575.895839099,180000.0,0.0,230357.12290762636,1168243.1509730536
 01/14  03:00:00,2569990.853218176,901380.5215374822,180000.0,0.0,230357.12290762636,1142524.016708023
 01/14  04:00:00,2548458.8455294333,905567.64811377,180000.0,0.0,230357.12290762636,1116804.8824429922
 01/14  05:00:00,2544914.1204592604,903811.4955034201,180000.0,0.0,230357.12290762636,1112444.550159501
 01/14  06:00:00,2549576.398377828,902502.0124530401,180000.0,0.0,230357.12290762636,1120988.0709521165
 01/14  07:00:00,3478427.1512351073,889095.7167625739,180000.0,0.0,937283.0304541073,1358890.9717770484
 01/14  08:00:00,3796137.6016011424,874009.9593183335,180000.0,0.0,1156448.7141921325,1480236.775320302
 01/14  09:00:00,3840212.339789857,848667.4774391177,180000.0,0.0,1221732.1093481397,1497229.399350564
 01/14  10:00:00,3817248.6024904517,817492.6178270193,180000.0,0.0,1254373.8069261436,1488229.383027259
 01/14  11:00:00,4030064.4456547746,767438.8888426875,180000.0,0.0,1470042.165923668,1550861.1551203947
 01/14  12:00:00,4830024.6741913315,698658.2198277421,180000.0,0.0,2131036.541878244,1779181.7553066628
 01/14  13:00:00,4733172.358764086,631263.3614862784,180000.0,0.0,2070416.2463762371,1820631.6330175588
 01/14  14:00:00,4659940.385424873,575816.8150034633,180000.0,0.0,2051763.847760235,1824070.3646008295
 01/14  15:00:00,4667588.114583469,558969.9408451533,180000.0,0.0,2103057.943954241,1797270.8717237297
 01/14  16:00:00,5010232.604168408,568786.1691212199,180000.0,0.0,2378180.823540272,1852404.4936229025
 01/14  17:00:00,5812717.056226113,578820.302255645,180000.0,0.0,3012362.3764843447,1992670.9408364375
 01/14  18:00:00,4799050.227133671,618827.9238445328,180000.0,0.0,2103057.943954241,1799437.4860355256
 01/14  19:00:00,6117915.245253989,724639.2447314217,180000.0,0.0,3001870.4022628437,2087961.126723675
 01/14  20:00:00,7064349.567796572,654144.3932612059,180000.0,0.0,3929827.2334089493,2146072.3517063567
 01/14  21:00:00,6956801.837566149,731520.5256876687,180000.0,0.0,3553281.9363484066,2278543.310165658
 01/14  22:00:00,5935020.558089269,692583.3051374899,180000.0,0.0,2685945.4007043066,2124459.3895280436
 01/14  23:00:00,5368381.986760667,708350.7367057521,180000.0,0.0,2354865.3252702695,1906566.3397728938
 01/14  24:00:00,3952949.176772456,750276.8567104382,180000.0,0.0,1156448.7141921325,1714489.7762734934
 01/15  01:00:00,3152370.031253807,782730.3193298058,180000.0,0.0,530893.8956079608,1540444.8644273276
 01/15  02:00:00,2596419.527753162,807443.0793818168,180000.0,0.0,259035.18577972963,1231640.3107029032
 01/15  03:00:00,2494167.3017276227,822985.210223261,180000.0,0.0,230357.12290762636,1142524.016708023
 01/15  04:00:00,2477421.63540791,831958.6781685788,180000.0,0.0,230357.12290762636,1116804.8824429922
 01/15  05:00:00,2478717.2137397123,837614.5887838725,180000.0,0.0,230357.12290762636,1112444.550159501
 01/15  06:00:00,2645830.191320275,838171.2237327201,180000.0,0.0,348333.5441538399,1184170.3099580118
 01/15  07:00:00,2954794.7159627364,835304.3898238882,180000.0,0.0,583820.0766808669,1265658.6556296127
 01/15  08:00:00,3151721.5329869236,840963.9689642275,180000.0,0.0,693402.9185498795,1349914.8114681165
 01/15  09:00:00,2564126.8955937577,840676.7582093684,180000.0,0.0,230357.12290762636,1228224.94029573
 01/15  10:00:00,5218487.067801406,785315.1226132516,180000.0,0.0,742365.4649168849,3438797.205208575
 01/15  11:00:00,3714825.0770618543,772215.3594013492,180000.0,0.0,1221732.1093481397,1484298.8921916764
 01/15  12:00:00,3659446.5420613037,760947.1272132937,180000.0,0.0,1179764.212462135,1500158.8050308605
 01/15  13:00:00,3942669.1785154874,750250.5402806345,180000.0,0.0,1381443.2724976582,1600114.2478531823
 01/15  14:00:00,13884645.061288618,793875.3169289671,180000.0,0.0,2051763.847760235,10830716.53853907
 01/15  15:00:00,35581788.02818411,1151839.1099924126,180000.0,0.0,1634416.4287271872,32587243.131404173
 01/15  16:00:00,36108685.91005533,1142320.9513975603,180000.0,0.0,1570298.8084846798,33185205.032289073
 01/15  17:00:00,38160937.38445668,1098454.9588901333,180000.0,0.0,2664961.452261305,34168657.53665555
 01/15  18:00:00,23268346.57503968,916802.7683479736,180000.0,0.0,3508982.489635402,18567406.203580603
 01/15  19:00:00,5464933.983070991,729457.4396678647,180000.0,0.0,2448127.31835028,1981332.99369313
 01/15  20:00:00,5242766.640354707,692761.5476613664,180000.0,0.0,2345539.1259622686,1857301.578192674
 01/15  21:00:00,5021430.16799549,777638.111127038,180000.0,0.0,1893218.4595242168,1936543.453390478
 01/15  22:00:00,4061731.571835366,727361.7950250547,180000.0,0.0,1151552.4595554315,1732782.535769775
 01/15  23:00:00,2816368.893572109,738446.4717306693,180000.0,0.0,230357.12290762636,1433535.1549800558
 01/15  24:00:00,2688348.7297275066,751049.4649512377,180000.0,0.0,230357.12290762636,1364921.27297758
 01/16  01:00:00,2552498.4979569972,757258.2111853417,180000.0,0.0,230357.12290762636,1266582.2119753167
 01/16  02:00:00,2468749.7290849295,771848.5033155364,180000.0,0.0,230357.12290762636,1168243.1509730536
 01/16  03:00:00,2468044.3809206854,796862.2894163233,180000.0,0.0,230357.12290762636,1142524.016708023
 01/16  04:00:00,2465787.9364293553,820324.9791900241,180000.0,0.0,230357.12290762636,1116804.8824429922
 01/16  05:00:00,2603667.7865778543,840329.9102794247,180000.0,0.0,242947.4919734278,1222089.4324362895
 01/16  06:00:00,2575321.9389010216,858242.3014395211,180000.0,0.0,289345.3335307331,1152579.1904550642
 01/16  07:00:00,2547978.1889128946,875183.1326947229,180000.0,0.0,230357.12290762636,1172426.339482177
 01/16  08:00:00,2599054.139852606,881664.3353243484,180000.0,0.0,230357.12290762636,1219592.8476159307
 01/16  09:00:00,2603163.0591064007,879712.9217220118,180000.0,0.0,230357.12290762636,1228224.94029573
 01/16  10:00:00,2559475.4504105337,853155.8725407908,180000.0,0.0,230357.12290762636,1223953.1798994222
 01/16  11:00:00,2514618.497173208,828089.8105289622,180000.0,0.0,230357.12290762636,1219592.8476159307
 01/16  12:00:00,2461893.778062753,793367.4101841812,180000.0,0.0,230357.12290762636,1219592.8476159307
 01/16  13:00:00,2439998.3504688866,766194.8370980271,180000.0,0.0,230357.12290762636,1232585.272579221
 01/16  14:00:00,2420372.901028804,749141.1474816127,180000.0,0.0,230357.12290762636,1232585.272579221
 01/16  15:00:00,2417636.925838704,746405.1722915127,180000.0,0.0,230357.12290762636,1232585.272579221
 01/16  16:00:00,2413366.2504030513,743923.0693156829,180000.0,0.0,230357.12290762636,1228224.94029573
 01/16  17:00:00,2533210.671020345,768607.7683722118,180000.0,0.0,230357.12290762636,1305382.3430908215
 01/16  18:00:00,3821168.7713363124,783905.5524681557,180000.0,0.0,1167173.8433963337,1594934.2619961195
 01/16  19:00:00,8286016.91913668,807463.2350452102,180000.0,0.0,3001870.402262843,4170667.0504689096
 01/16  20:00:00,7753996.480383844,706579.5464100185,180000.0,0.0,4457923.26922451,2242329.276210918
 01/16  21:00:00,5557701.978007636,813394.0877393419,180000.0,0.0,2308234.328730264,2022043.417584273
 01/16  22:00:00,4497814.102155301,777135.7848150523,180000.0,0.0,1459550.191702167,1811093.3441529768
 01/16  23:00:00,3516773.060212716,789947.4530280891,180000.0,0.0,761017.8635328871,1551777.599697983
 01/16  24:00:00,2750904.804678749,813605.5399024797,180000.0,0.0,230357.12290762636,1364921.27297758
 01/17  01:00:00,2618370.053631844,823129.7668601883,180000.0,0.0,230357.12290762636,1266582.2119753167
 01/17  02:00:00,2521306.2615444525,824405.0357750598,180000.0,0.0,230357.12290762636,1168243.1509730536
 01/17  03:00:00,2494962.206249214,823780.1147448521,180000.0,0.0,230357.12290762636,1142524.016708023
 01/17  04:00:00,2468984.646318191,823521.68907886,180000.0,0.0,230357.12290762636,1116804.8824429922
 01/17  05:00:00,2463649.4744153144,822546.8494594742,180000.0,0.0,230357.12290762636,1112444.550159501
 01/17  06:00:00,2447534.171691644,821033.8643561979,180000.0,0.0,230357.12290762636,1120988.0709521165
 01/17  07:00:00,3372657.554668395,806471.9586088709,180000.0,0.0,937283.0304541073,1358890.9717770484
 01/17  08:00:00,3688899.7122869436,784774.3887698082,180000.0,0.0,1156448.7141921325,1480236.775320302
 01/17  09:00:00,2507661.981234522,784211.8438501332,180000.0,0.0,230357.12290762636,1228224.94029573
 01/17  10:00:00,2470701.0102070845,764381.4323373416,180000.0,0.0,230357.12290762636,1223953.1798994222
 01/17  11:00:00,2403782.3468877263,717253.6602434807,180000.0,0.0,230357.12290762636,1219592.8476159307
 01/17  12:00:00,2348065.1119870897,679538.7441085181,180000.0,0.0,230357.12290762636,1219592.8476159307
 01/17  13:00:00,5081477.893001784,631427.3832785268,180000.0,0.0,230357.12290762636,4008832.268931618
 01/17  14:00:00,7028715.985289834,540310.0275588431,180000.0,0.0,1142459.4152301308,5137657.184440517
 01/17  15:00:00,3484807.3509789547,595012.8007368719,180000.0,0.0,1165774.9135001334,1515730.278681604
 01/17  16:00:00,2980321.7294115853,619108.7164480981,180000.0,0.0,765680.9631868877,1384670.9318925873
 01/17  17:00:00,4987848.055235162,621274.7640952781,180000.0,0.0,2316861.063090165,1820848.7914000335
 01/17  18:00:00,8043885.460447822,586506.984510872,180000.0,0.0,3977624.0048624557,3204599.357598791
 01/17  19:00:00,24613399.618030354,937168.4680003093,180000.0,0.0,4663099.654000534,18707115.2646698
 01/17  20:00:00,7629767.613136066,582350.6791622397,180000.0,0.0,4457923.26922451,2242329.276210918
 01/17  21:00:00,6921034.192392217,675178.801924394,180000.0,0.0,3553281.9363484066,2278543.310165658
 01/17  22:00:00,5917579.156639196,657139.5849217423,180000.0,0.0,2685945.4007043066,2124459.3895280436
 01/17  23:00:00,4075367.3292825064,699638.536754692,180000.0,0.0,1291678.6041581477,1670020.04441591
 01/17  24:00:00,3321802.278754142,744533.2361824649,180000.0,0.0,694801.8484460795,1540446.3252345354
 01/18  01:00:00,2906245.472559161,782612.526281764,180000.0,0.0,402891.81010564615,1422440.1842830381
 01/18  02:00:00,2514593.4869183563,817692.2611489636,180000.0,0.0,230357.12290762636,1168243.1509730536
 01/18  03:00:00,2515867.843141229,844685.7516368674,180000.0,0.0,230357.12290762636,1142524.016708023
 01/18  04:00:00,2512140.387417378,866677.430178046,180000.0,0.0,230357.12290762636,1116804.8824429922
 01/18  05:00:00,2529309.6168544004,888206.9918985605,180000.0,0.0,230357.12290762636,1112444.550159501
 01/18  06:00:00,4865729.673099782,884785.4516409391,180000.0,0.0,407321.7547769466,3298467.353206194
 01/18  07:00:00,4337274.806222735,875894.8363813885,180000.0,0.0,1646074.1778621883,1545294.1981507894
 01/18  08:00:00,4962669.866803354,869882.3785146113,180000.0,0.0,2084405.5453382386,1740942.108945803
 01/18  09:00:00,4776892.216092302,845267.9182813573,180000.0,0.0,1966662.2790747248,1700093.9445551878
 01/18  10:00:00,2569487.851170929,863168.2733011859,180000.0,0.0,230357.12290762636,1223953.1798994222
 01/18  11:00:00,2536285.644490795,849756.9578465492,180000.0,0.0,230357.12290762636,1219592.8476159307
 01/18  12:00:00,2498218.4218499935,829692.0539714219,180000.0,0.0,230357.12290762636,1219592.8476159307
 01/18  13:00:00,2483307.3563066884,809503.842935829,180000.0,0.0,230357.12290762636,1232585.272579221
 01/18  14:00:00,2488913.7680150457,817682.0144678543,180000.0,0.0,230357.12290762636,1232585.272579221
 01/18  15:00:00,2503458.857034176,832227.1034869844,180000.0,0.0,230357.12290762636,1232585.272579221
 01/18  16:00:00,2512885.607568585,843442.4264812166,180000.0,0.0,230357.12290762636,1228224.94029573
 01/18  17:00:00,2621841.2227719557,857238.320123822,180000.0,0.0,230357.12290762636,1305382.3430908215
 01/18  18:00:00,6646104.303964924,832689.9984052704,180000.0,0.0,1166707.5334309337,4371551.658653016
 01/18  19:00:00,16440958.281302515,733173.1751460189,180000.0,0.0,4663099.654000534,10738669.220796248
 01/18  20:00:00,9538759.733705174,685636.7638442309,180000.0,0.0,4457923.26922451,4048035.3120980365
 01/18  21:00:00,7066407.84362273,820552.4531549069,180000.0,0.0,3553281.9363484066,2278543.310165658
 01/18  22:00:00,3758493.3284588773,809063.8652428676,180000.0,0.0,844953.6573048967,1654441.024426008
 01/18  23:00:00,2929613.6324753575,851691.2106339182,180000.0,0.0,230357.12290762636,1433535.1549800558
 01/18  24:00:00,2804841.23089875,867541.9661224808,180000.0,0.0,230357.12290762636,1364921.27297758
 01/19  01:00:00,2669603.304417262,874363.0176456068,180000.0,0.0,230357.12290762636,1266582.2119753167
 01/19  02:00:00,2579436.1948256493,882534.9690562566,180000.0,0.0,230357.12290762636,1168243.1509730536
 01/19  03:00:00,2559533.9948813864,888351.9033770245,180000.0,0.0,230357.12290762636,1142524.016708023
 01/19  04:00:00,2535286.778917785,889823.8216784534,180000.0,0.0,230357.12290762636,1116804.8824429922
 01/19  05:00:00,2525514.854544189,884412.2295883488,180000.0,0.0,230357.12290762636,1112444.550159501
 01/19  06:00:00,2699755.0148504786,892096.0472629233,180000.0,0.0,348333.5441538399,1184170.3099580118
 01/19  07:00:00,3016423.7971171658,896933.4709783173,180000.0,0.0,583820.0766808669,1265658.6556296127
 01/19  08:00:00,2634109.3376346007,916719.5331063436,180000.0,0.0,230357.12290762636,1219592.8476159307
 01/19  09:00:00,2648354.227667222,924904.0902828325,180000.0,0.0,230357.12290762636,1228224.94029573
 01/19  10:00:00,2638030.057274065,931710.479404322,180000.0,0.0,230357.12290762636,1223953.1798994222
 01/19  11:00:00,2615977.8106558654,929449.1240116197,180000.0,0.0,230357.12290762636,1219592.8476159307
 01/19  12:00:00,2593856.2565274695,925329.8886488979,180000.0,0.0,230357.12290762636,1219592.8476159307
 01/19  13:00:00,2594181.595884263,920378.0825134034,180000.0,0.0,230357.12290762636,1232585.272579221
 01/19  14:00:00,2590958.4590845853,919726.7055373935,180000.0,0.0,230357.12290762636,1232585.272579221
 01/19  15:00:00,3789847.77971023,900053.2294681479,180000.0,0.0,1165774.9135001334,1515730.278681604
 01/19  16:00:00,3942606.969595443,889624.1247558373,180000.0,0.0,1301004.803466149,1541116.923489445
 01/19  17:00:00,4394869.299834182,894189.8386681161,180000.0,0.0,1622758.6795921857,1649057.3449241943
 01/19  18:00:00,7149548.743292926,889192.2760822207,180000.0,0.0,2103057.943954241,3882143.4097807603
 01/19  19:00:00,8337612.8411042,960651.4299286408,180000.0,0.0,4663099.654000534,2407845.5258153095
 01/19  20:00:00,7961574.903170481,914157.9691966558,180000.0,0.0,4457923.26922451,2242329.276210918
 01/19  21:00:00,6790444.366391761,1045104.8093237805,180000.0,0.0,3138266.067142359,2193043.345971863
 01/19  22:00:00,3603092.3200887623,1039287.2839348718,180000.0,0.0,537655.3901062616,1576114.864562524
 01/19  23:00:00,3144746.105332087,1066823.6834906468,180000.0,0.0,230357.12290762636,1433535.1549800558
 01/19  24:00:00,3187201.6200186145,1089909.9107934933,180000.0,0.0,346468.30429223966,1408802.536041819
 01/20  01:00:00,2910201.8031582,1114961.5163865446,180000.0,0.0,230357.12290762636,1266582.2119753167
 01/20  02:00:00,2831750.6109871706,1134849.3852177782,180000.0,0.0,230357.12290762636,1168243.1509730536
 01/20  03:00:00,2821329.1689012153,1152718.8372205212,180000.0,0.0,230357.12290762636,1142524.016708023
 01/20  04:00:00,2909503.239188648,1169564.6994046164,180000.0,0.0,230357.12290762636,1213852.2248113595
 01/20  05:00:00,2829469.6085313326,1188366.9835754929,180000.0,0.0,230357.12290762636,1112444.550159501
 01/20  06:00:00,2846481.6316958927,1199407.245771105,180000.0,0.0,230357.12290762636,1120988.0709521165
 01/20  07:00:00,2916101.9231633423,1220161.0285321616,180000.0,0.0,230357.12290762636,1172426.339482177
 01/20  08:00:00,2964614.7180780084,1229222.594784077,180000.0,0.0,230357.12290762636,1219592.8476159307
 01/20  09:00:00,2942865.469673973,1211700.052818581,180000.0,0.0,230357.12290762636,1228224.94029573
 01/20  10:00:00,4152064.3527284153,1152308.3680649828,180000.0,0.0,1254373.8069261436,1488229.383027259
 01/20  11:00:00,3408071.8392722635,1088359.1174725532,180000.0,0.0,726044.6161278831,1351945.8699038036
 01/20  12:00:00,21267805.32611554,1276315.459125466,180000.0,0.0,1417582.2948161622,18352759.41499523
 01/20  13:00:00,14518826.924702488,1155100.3843269516,180000.0,0.0,2070416.2463762371,11082449.176115291
 01/20  14:00:00,4899927.730645543,815804.1602241339,180000.0,0.0,2051763.847760235,1824070.3646008295
 01/20  15:00:00,4916977.648299431,808359.4745611156,180000.0,0.0,2103057.943954241,1797270.8717237297
 01/20  16:00:00,5284692.80451373,843246.3694665437,180000.0,0.0,2378180.823540272,1852404.4936229025
 01/20  17:00:00,6125245.503040802,891348.749070334,180000.0,0.0,3012362.3764843447,1992670.9408364375
 01/20  18:00:00,8203846.8765881825,942540.8242423614,180000.0,0.0,2103057.943954241,4880521.23509221
 01/20  19:00:00,40388623.739258915,1793404.468993505,180000.0,0.0,4663099.654000534,33628675.14472883
 01/20  20:00:00,10227994.561212122,1132682.0230173897,180000.0,0.0,4457923.26922451,4303083.679550163
 01/20  21:00:00,7372211.354328198,1146930.0424497172,180000.0,0.0,3553281.9363484066,2278543.310165658
 01/20  22:00:00,6339521.592870463,1097084.3399186826,180000.0,0.0,2685945.4007043066,2124459.3895280436
 01/20  23:00:00,5783244.852357654,1123213.6023027394,180000.0,0.0,2354865.3252702695,1906566.3397728938
 01/20  24:00:00,4364858.528732018,1162186.2086699996,180000.0,0.0,1156448.7141921325,1714489.7762734934
 01/21  01:00:00,3320145.581304171,1196512.6350267737,180000.0,0.0,402891.81010564615,1422440.1842830381
 01/21  02:00:00,3040235.733630005,1205221.673957683,180000.0,0.0,273374.2172157813,1263338.8905678282
 01/21  03:00:00,2863164.216847065,1194553.8851663703,180000.0,0.0,230357.12290762636,1142524.016708023
 01/21  04:00:00,2820861.3485467257,1177970.1511310616,180000.0,0.0,230357.12290762636,1116804.8824429922
 01/21  05:00:00,2926453.70909366,1163115.8327952304,180000.0,0.0,242947.4919734278,1222089.4324362895
 01/21  06:00:00,3155410.6897973353,1146018.9833683302,180000.0,0.0,466309.96540005336,1247352.548963907
 01/21  07:00:00,3707017.642176658,1117686.2077041247,180000.0,0.0,937283.0304541073,1358890.9717770484
 01/21  08:00:00,4321686.122091278,1079267.325803296,180000.0,0.0,1156448.7141921325,1800527.9293254754
 01/21  09:00:00,6942399.831402509,986992.6204850354,180000.0,0.0,1718352.2224991964,3964471.6347662415
 01/21  10:00:00,4295211.180296246,972529.9120960428,180000.0,0.0,1510844.2878961728,1554684.1855940002
 01/21  11:00:00,5935961.948898861,905502.787845786,180000.0,0.0,1221732.1093481397,3567004.815936911
 01/21  12:00:00,4090400.7397647747,881755.7451701186,180000.0,0.0,1417582.2948161622,1569914.5425998112
 01/21  13:00:00,4965790.242715208,863881.2454373997,180000.0,0.0,2070416.2463762371,1820631.6330175588
 01/21  14:00:00,4939282.795315672,855159.2248942617,180000.0,0.0,2051763.847760235,1824070.3646008295
 01/21  15:00:00,4958231.471566034,849613.2978277182,180000.0,0.0,2103057.943954241,1797270.8717237297
 01/21  16:00:00,5286860.972606661,845414.5375594739,180000.0,0.0,2378180.823540272,1852404.4936229025
 01/21  17:00:00,6081870.577332241,847973.8233617735,180000.0,0.0,3012362.3764843447,1992670.9408364375
 01/21  18:00:00,10062751.839771703,824932.4329701398,180000.0,0.0,3977624.0048624557,4982468.528639738
 01/21  19:00:00,16089106.356737148,800434.1951533649,180000.0,0.0,4663099.654000534,10322128.036047202
 01/21  20:00:00,7837830.709359657,803272.5745041705,180000.0,0.0,4457923.26922451,2242329.276210918
 01/21  21:00:00,7154714.331002869,929433.019124388,180000.0,0.0,3553281.9363484066,2278543.310165658
 01/21  22:00:00,6120842.382536568,878405.1295847879,180000.0,0.0,2685945.4007043066,2124459.3895280436
 01/21  23:00:00,5543689.626571277,883658.3765163627,180000.0,0.0,2354865.3252702695,1906566.3397728938
 01/21  24:00:00,3642969.3023529057,917064.719879646,180000.0,0.0,810213.5648825928,1583957.1879942748
 01/22  01:00:00,2904480.7605609177,945044.144036391,180000.0,0.0,316624.46650663624,1344511.1981291773
 01/22  02:00:00,2658299.697851898,961398.4720825055,180000.0,0.0,230357.12290762636,1168243.1509730536
 01/22  03:00:00,2640006.317939058,968824.226434696,180000.0,0.0,230357.12290762636,1142524.016708023
 01/22  04:00:00,2619514.5848061973,974051.6275668661,180000.0,0.0,230357.12290762636,1116804.8824429922
 01/22  05:00:00,2618628.133218347,977525.5082625069,180000.0,0.0,230357.12290762636,1112444.550159501
 01/22  06:00:00,2602950.294298147,976449.9869627007,180000.0,0.0,230357.12290762636,1120988.0709521165
 01/22  07:00:00,3306218.3491116515,963380.3880124653,180000.0,0.0,760551.553567487,1312274.8137033307
 01/22  08:00:00,3859320.7018494587,955195.3783323239,180000.0,0.0,1156448.7141921325,1480236.775320302
 01/22  09:00:00,3926997.3581805737,943167.7753008376,180000.0,0.0,1221732.1093481397,1497229.399350564
 01/22  10:00:00,3914584.4144002665,919971.9493841692,180000.0,0.0,1254373.8069261436,1488229.383027259
 01/22  11:00:00,2916678.92532763,916129.9809293197,180000.0,0.0,478200.86951775476,1285769.358759867
 01/22  12:00:00,2561626.105634886,893099.7377563142,180000.0,0.0,230357.12290762636,1219592.8476159307
 01/22  13:00:00,2531992.4284368563,858188.9150659969,180000.0,0.0,230357.12290762636,1232585.272579221
 01/22  14:00:00,2495521.493778559,824289.7402313674,180000.0,0.0,230357.12290762636,1232585.272579221
 01/22  15:00:00,2467780.6052995534,796548.8517523615,180000.0,0.0,230357.12290762636,1232585.272579221
 01/22  16:00:00,2452971.9321100162,783528.7510226483,180000.0,0.0,230357.12290762636,1228224.94029573
 01/22  17:00:00,4682823.922695909,749554.9547571256,180000.0,0.0,1969460.1388671254,1734945.3924219725
 01/22  18:00:00,7829046.3040266,676504.5807939372,180000.0,0.0,3977624.0048624557,2899762.604894504
 01/22  19:00:00,8823792.018732753,718036.9733622306,180000.0,0.0,4109356.5700879702,3690382.243922836
 01/22  20:00:00,7697329.633635519,649912.6996616935,180000.0,0.0,4457923.26922451,2242329.276210918
 01/22  21:00:00,6986582.562226686,740727.1717588629,180000.0,0.0,3553281.9363484066,2278543.310165658
 01/22  22:00:00,3673116.9305053614,723687.4672893515,180000.0,0.0,844953.6573048967,1654441.024426008
 01/22  23:00:00,2843026.2264074674,765103.8045660281,180000.0,0.0,230357.12290762636,1433535.1549800558
 01/22  24:00:00,3363057.6936602257,785788.6510885484,180000.0,0.0,694801.8484460795,1540446.3252345354
 01/23  01:00:00,2609145.6984089473,813905.4116372918,180000.0,0.0,230357.12290762636,1266582.2119753167
 01/23  02:00:00,2528531.8497336493,831630.6239642566,180000.0,0.0,230357.12290762636,1168243.1509730536
 01/23  03:00:00,2512957.8916726243,841775.8001682626,180000.0,0.0,230357.12290762636,1142524.016708023
 01/23  04:00:00,2493877.41655942,848414.4593200885,180000.0,0.0,230357.12290762636,1116804.8824429922
 01/23  05:00:00,2617181.5064875525,853843.6301891226,180000.0,0.0,242947.4919734278,1222089.4324362895
 01/23  06:00:00,2843349.909451204,854532.2816115405,180000.0,0.0,466309.96540005336,1247352.548963907
 01/23  07:00:00,4082926.91650333,845345.54010744,180000.0,0.0,1468876.391010168,1498693.391557354
 01/23  08:00:00,3762100.8480764073,857975.5245592725,180000.0,0.0,1156448.7141921325,1480236.775320302
 01/23  09:00:00,3855930.248046674,872100.6651669372,180000.0,0.0,1221732.1093481397,1497229.399350564
 01/23  10:00:00,3870239.1069666333,875626.6419505363,180000.0,0.0,1254373.8069261436,1488229.383027259
 01/23  11:00:00,3786712.9306226955,844103.2129621904,180000.0,0.0,1221732.1093481397,1484298.8921916764
 01/23  12:00:00,10598208.400815224,698984.9839183697,180000.0,0.0,1655400.3771701893,8025246.642371649
 01/23  13:00:00,4220469.905187405,724887.8139382335,180000.0,0.0,1611100.9304571846,1673620.0429079744
 01/23  14:00:00,3617666.020764567,738589.4288840658,180000.0,0.0,1142459.4152301308,1528327.8185900254
 01/23  15:00:00,3573825.994267828,684031.4440257456,180000.0,0.0,1165774.9135001334,1515730.278681604
 01/23  16:00:00,3712419.308006696,659436.4631670908,180000.0,0.0,1301004.803466149,1541116.923489445
 01/23  17:00:00,4191956.7750265785,691277.3138605135,180000.0,0.0,1622758.6795921857,1649057.3449241943
 01/23  18:00:00,4910914.748792627,733264.2053271565,180000.0,0.0,2103057.943954241,1799437.4860355256
 01/23  19:00:00,5600529.276757401,865052.7333542753,180000.0,0.0,2448127.31835028,1981332.99369313
 01/23  20:00:00,5384281.932713252,834276.8400199106,180000.0,0.0,2345539.1259622686,1857301.578192674
 01/23  21:00:00,5222834.753586953,979042.6967185007,180000.0,0.0,1893218.4595242168,1936543.453390478
 01/23  22:00:00,3904682.4870736008,955253.0238575909,180000.0,0.0,844953.6573048967,1654441.024426008
 01/23  23:00:00,3079490.1104838275,1001567.6886423881,180000.0,0.0,230357.12290762636,1433535.1549800558
 01/23  24:00:00,2968197.452520647,1030898.1877443781,180000.0,0.0,230357.12290762636,1364921.27297758
 01/24  01:00:00,2833137.839560173,1037897.5527885172,180000.0,0.0,230357.12290762636,1266582.2119753167
 01/24  02:00:00,2733182.5271752607,1036281.3014058685,180000.0,0.0,230357.12290762636,1168243.1509730536
 01/24  03:00:00,2706350.4636124843,1035168.3721081221,180000.0,0.0,230357.12290762636,1142524.016708023
 01/24  04:00:00,2685706.7157392143,1040243.7584998826,180000.0,0.0,230357.12290762636,1116804.8824429922
 01/24  05:00:00,2757534.4909324846,1055314.2403053497,180000.0,0.0,236652.30744052707,1167266.991297895
 01/24  06:00:00,5114930.571102811,1043407.0195179128,180000.0,0.0,466309.96540005336,3330058.4727091417
 01/24  07:00:00,4487711.183606433,1026331.2137650871,180000.0,0.0,1646074.1778621883,1545294.1981507894
 01/24  08:00:00,3643785.846530767,1035862.7413151695,180000.0,0.0,925392.126336406,1415091.1448744917
 01/24  09:00:00,2774233.1911689397,1050783.0537845509,180000.0,0.0,230357.12290762636,1228224.94029573
 01/24  10:00:00,2746533.178496533,1040213.6006267898,180000.0,0.0,230357.12290762636,1223953.1798994222
 01/24  11:00:00,2686610.889286808,1000082.2026425624,180000.0,0.0,230357.12290762636,1219592.8476159307
 01/24  12:00:00,2623011.846880112,954485.4790015401,180000.0,0.0,230357.12290762636,1219592.8476159307
 01/24  13:00:00,2577729.1740514203,903925.6606805609,180000.0,0.0,230357.12290762636,1232585.272579221
 01/24  14:00:00,2543157.5394998463,871925.7859526546,180000.0,0.0,230357.12290762636,1232585.272579221
 01/24  15:00:00,2535996.0837718337,864764.3302246423,180000.0,0.0,230357.12290762636,1232585.272579221
 01/24  16:00:00,4962424.122950427,864390.1021797657,180000.0,0.0,498019.043047257,3389153.859839393
 01/24  17:00:00,4412746.4110831935,912066.949917128,180000.0,0.0,1622758.6795921857,1649057.3449241943
 01/24  18:00:00,9378787.987780575,898267.0058574514,180000.0,0.0,2103057.943954241,6102307.92449318
 01/24  19:00:00,8406428.252448011,1029466.8412724524,180000.0,0.0,4663099.654000534,2407845.5258153095
 01/24  20:00:00,12269406.937401123,919119.5649696426,180000.0,0.0,4457923.26922451,6545199.714668573
 01/24  21:00:00,7341667.743898173,1095812.3534303498,180000.0,0.0,3553281.9363484066,2278543.310165658
 01/24  22:00:00,6343292.969586629,1082853.3978691758,180000.0,0.0,2685945.4007043066,2124459.3895280436
 01/24  23:00:00,4523055.247361841,1147326.4548340251,180000.0,0.0,1291678.6041581477,1670020.04441591
 01/24  24:00:00,3155338.3412108496,1218039.07643458,180000.0,0.0,230357.12290762636,1364921.27297758
 01/25  01:00:00,3060661.06993886,1265420.7831672044,180000.0,0.0,230357.12290762636,1266582.2119753167
 01/25  02:00:00,2995647.672841967,1298746.4470725744,180000.0,0.0,230357.12290762636,1168243.1509730536
 01/25  03:00:00,3002266.388138648,1331084.2966342857,180000.0,0.0,230357.12290762636,1142524.016708023
 01/25  04:00:00,3011571.680358685,1366108.7231193536,180000.0,0.0,230357.12290762636,1116804.8824429922
 01/25  05:00:00,3042953.2855962995,1401850.6606404595,180000.0,0.0,230357.12290762636,1112444.550159501
 01/25  06:00:00,3068211.6854979172,1441711.3781624709,180000.0,0.0,230357.12290762636,1120988.0709521165
 01/25  07:00:00,3588035.8951336294,1468545.5689947815,180000.0,0.0,583820.0766808668,1265658.6556296127
 01/25  08:00:00,3484569.1292717475,1470495.4449962704,180000.0,0.0,461880.02072875295,1284753.8295420236
 01/25  09:00:00,4090659.265887014,1421924.544381115,180000.0,0.0,973888.3627380114,1429978.2845868554
 01/25  10:00:00,4342898.236066021,1348285.7710499244,180000.0,0.0,1254373.8069261436,1488229.383027259
 01/25  11:00:00,4219276.064743726,1276666.3470832207,180000.0,0.0,1221732.1093481397,1484298.8921916764
 01/25  12:00:00,4112483.7241244446,1213984.3092764344,180000.0,0.0,1179764.212462135,1500158.8050308605
 01/25  13:00:00,2834512.2563636936,1160708.7429928335,180000.0,0.0,230357.12290762636,1232585.272579221
 01/25  14:00:00,2783771.037720643,1112539.2841734516,180000.0,0.0,230357.12290762636,1232585.272579221
 01/25  15:00:00,2765303.932679379,1094072.1791321873,180000.0,0.0,230357.12290762636,1232585.272579221
 01/25  16:00:00,4137969.3276180057,1084986.4827784006,180000.0,0.0,1301004.803466149,1541116.923489445
 01/25  17:00:00,5279626.283530688,1085405.7497574599,180000.0,0.0,1622758.6795921857,2342598.417531357
 01/25  18:00:00,7210910.064093842,1073757.142700293,180000.0,0.0,2571699.459181295,3290298.3487365507
 01/25  19:00:00,9571822.023715422,1196482.7872284134,180000.0,0.0,4663099.654000534,3406223.3511267593
 01/25  20:00:00,40079170.071421705,1810923.5185343546,180000.0,0.0,4457923.26922451,33463158.89512444
 01/25  21:00:00,9674997.713902537,1368387.9200954698,180000.0,0.0,3553281.9363484066,4339297.713504904
 01/25  22:00:00,4898815.34238251,1178137.025042261,180000.0,0.0,1459550.191702167,1811093.3441529768
 01/25  23:00:00,4598767.820284581,1223039.027756766,180000.0,0.0,1291678.6041581477,1670020.04441591
 01/25  24:00:00,3239512.027283364,1302212.7625070945,180000.0,0.0,230357.12290762636,1364921.27297758
 01/26  01:00:00,3167618.9982276238,1372378.7114559682,180000.0,0.0,230357.12290762636,1266582.2119753167
 01/26  02:00:00,3125333.8266846873,1428432.6009152946,180000.0,0.0,230357.12290762636,1168243.1509730536
 01/26  03:00:00,3132896.958610035,1461714.867105673,180000.0,0.0,230357.12290762636,1142524.016708023
 01/26  04:00:00,3123669.9067037595,1478206.949464428,180000.0,0.0,230357.12290762636,1116804.8824429922
 01/26  05:00:00,3307582.4398460425,1482924.4858541826,180000.0,0.0,249475.83148902853,1276881.1706141187
 01/26  06:00:00,3557925.9505783385,1478463.7859122846,180000.0,0.0,525764.4859885601,1278542.5652017903
 01/26  07:00:00,5098773.791354655,1468838.936330161,180000.0,0.0,937283.0304541073,2422640.2307420187
 01/26  08:00:00,13375968.685664818,1625506.4065977982,180000.0,0.0,1156448.7141921325,10326573.730870185
 01/26  09:00:00,4407022.859328863,1423193.2764491271,180000.0,0.0,1221732.1093481397,1497229.399350564
 01/26  10:00:00,4310645.417707578,1316032.9526914808,180000.0,0.0,1254373.8069261436,1488229.383027259
 01/26  11:00:00,4140000.1634831144,1197390.4458226096,180000.0,0.0,1221732.1093481397,1484298.8921916764
 01/26  12:00:00,3095588.9826521007,1119569.3530311692,180000.0,0.0,467708.89529625356,1289734.3369696632
 01/26  13:00:00,2732913.748810678,1059110.2354398181,180000.0,0.0,230357.12290762636,1232585.272579221
 01/26  14:00:00,2692247.1761976033,1021015.4226504122,180000.0,0.0,230357.12290762636,1232585.272579221
 01/26  15:00:00,2664321.7638359834,993090.0102887918,180000.0,0.0,230357.12290762636,1232585.272579221
 01/26  16:00:00,2661963.4630568526,992520.2819694845,180000.0,0.0,230357.12290762636,1228224.94029573
 01/26  17:00:00,4057716.112569239,991055.7910326573,180000.0,0.0,1274658.2904210459,1563138.5944658513
 01/26  18:00:00,6854182.385025907,965519.2611904148,180000.0,0.0,3508982.489635402,2104525.520724387
 01/26  19:00:00,8620057.51847022,1049608.0364657457,180000.0,0.0,4663099.654000534,2601333.5966442255
 01/26  20:00:00,25232964.618359484,1355126.6930733193,180000.0,0.0,4457923.26922451,19072750.26752326
 01/26  21:00:00,7327233.687520277,1081378.2970524554,180000.0,0.0,3553281.9363484066,2278543.310165658
 01/26  22:00:00,4779916.489003918,1059238.1716636692,180000.0,0.0,1459550.191702167,1811093.3441529768
 01/26  23:00:00,4477142.528032169,1101413.7355043537,180000.0,0.0,1291678.6041581477,1670020.04441591
 01/26  24:00:00,3093182.629300855,1155883.3645245857,180000.0,0.0,230357.12290762636,1364921.27297758
 01/27  01:00:00,2996356.5218427833,1201116.2350711278,180000.0,0.0,230357.12290762636,1266582.2119753167
 01/27  02:00:00,2941574.942949243,1244673.71717985,180000.0,0.0,230357.12290762636,1168243.1509730536
 01/27  03:00:00,2942334.171560257,1273723.839879563,180000.0,0.0,230357.12290762636,1142524.016708023
 01/27  04:00:00,2947614.3197449646,1304723.1223293007,180000.0,0.0,230357.12290762636,1116804.8824429922
 01/27  05:00:00,2975119.5671816585,1334016.9422258188,180000.0,0.0,230357.12290762636,1112444.550159501
 01/27  06:00:00,3005101.609748572,1358027.2238237846,180000.0,0.0,230357.12290762636,1120988.0709521165
 01/27  07:00:00,3072417.8674604436,1376476.9728292634,180000.0,0.0,230357.12290762636,1172426.339482177
 01/27  08:00:00,3113983.5256583206,1378591.4023643893,180000.0,0.0,230357.12290762636,1219592.8476159307
 01/27  09:00:00,3076896.717033009,1345731.300177617,180000.0,0.0,230357.12290762636,1228224.94029573
 01/27  10:00:00,5537709.997956392,1246252.8791458784,180000.0,0.0,2280255.730806261,1754048.5932942235
 01/27  11:00:00,5344715.647628812,1137473.1323039858,180000.0,0.0,2214972.335650253,1750547.9439065498
 01/27  12:00:00,5172774.41090853,1041407.9565449398,180000.0,0.0,2131036.541878244,1779181.7553066628
 01/27  13:00:00,5067807.580467591,965898.5831897834,180000.0,0.0,2070416.2463762371,1820631.6330175588
 01/27  14:00:00,7033737.904363519,866908.4101968751,180000.0,0.0,2051763.847760235,3906776.2883460643
 01/27  15:00:00,4974939.129603721,866320.9558654064,180000.0,0.0,2103057.943954241,1797270.8717237297
 01/27  16:00:00,5324488.634116139,883042.1990689524,180000.0,0.0,2378180.823540272,1852404.4936229025
 01/27  17:00:00,6154643.968519104,920747.2145486368,180000.0,0.0,3012362.3764843447,1992670.9408364375
 01/27  18:00:00,7411220.155816851,949647.7453676852,180000.0,0.0,3977624.0048624557,2206221.532287341
 01/27  19:00:00,15310234.91365794,994186.4184631812,180000.0,0.0,4663099.654000534,9349504.369658176
 01/27  20:00:00,13893296.06321694,887620.0449838646,180000.0,0.0,4457923.26922451,8213447.159588505
 01/27  21:00:00,7357709.670955462,1132428.3590769814,180000.0,0.0,3553281.9363484066,2278543.310165658
 01/27  22:00:00,6306042.743009574,1063605.4900577932,180000.0,0.0,2685945.4007043066,2124459.3895280436
 01/27  23:00:00,5707574.576409847,1047543.3263549315,180000.0,0.0,2354865.3252702695,1906566.3397728938
 01/27  24:00:00,4246610.3918358525,1043938.0717738341,180000.0,0.0,1156448.7141921325,1714489.7762734934
 01/28  01:00:00,3177444.4638113934,1053811.5175339961,180000.0,0.0,402891.81010564615,1422440.1842830381
 01/28  02:00:00,2934445.095891445,1053393.4249181463,180000.0,0.0,287713.2486518329,1295037.470432753
 01/28  03:00:00,2776395.3274975438,1052102.8717826377,180000.0,0.0,230357.12290762636,1198206.140742235
 01/28  04:00:00,2694082.492420365,1051191.2950047017,180000.0,0.0,230357.12290762636,1116804.8824429922
 01/28  05:00:00,2684630.03256635,1043527.4076105102,180000.0,0.0,230357.12290762636,1112444.550159501
 01/28  06:00:00,2676187.096000258,1029112.7100754702,180000.0,0.0,230357.12290762636,1120988.0709521165
 01/28  07:00:00,2700132.50306328,1004191.6084320992,180000.0,0.0,230357.12290762636,1172426.339482177
 01/28  08:00:00,2695864.402214245,960472.2789203136,180000.0,0.0,230357.12290762636,1219592.8476159307
 01/28  09:00:00,2648802.667134522,917637.25027913,180000.0,0.0,230357.12290762636,1228224.94029573
 01/28  10:00:00,2585813.180401598,874350.0828845198,180000.0,0.0,230357.12290762636,1223953.1798994222
 01/28  11:00:00,3773151.6660251394,825398.4287172988,180000.0,0.0,1221732.1093481397,1484298.8921916764
 01/28  12:00:00,3703313.8319561407,802242.6572844626,180000.0,0.0,1179764.212462135,1500158.8050308605
 01/28  13:00:00,2501833.050941796,828029.5375709368,180000.0,0.0,230357.12290762636,1232585.272579221
 01/28  14:00:00,2535821.5652649924,864589.8117178008,180000.0,0.0,230357.12290762636,1232585.272579221
 01/28  15:00:00,2581819.0946795503,910587.3411323584,180000.0,0.0,230357.12290762636,1232585.272579221
 01/28  16:00:00,3293794.1614704663,932581.1485069792,180000.0,0.0,765680.9631868876,1384670.9318925873
 01/28  17:00:00,6479885.31427034,896499.92935904,180000.0,0.0,1622758.6795921857,3731763.2686694283
 01/28  18:00:00,5955412.459285791,921080.4119828574,180000.0,0.0,2103057.943954241,2653547.2300493214
 01/28  19:00:00,8684179.974765861,1025265.014939375,180000.0,0.0,4663099.654000534,2692370.8342899056
 01/28  20:00:00,8033802.115294265,999243.9804387771,180000.0,0.0,4457923.26922451,2242329.276210918
 01/28  21:00:00,7381156.451320981,1155875.1394425002,180000.0,0.0,3553281.9363484066,2278543.310165658
 01/28  22:00:00,6367320.805008147,1124883.5520563666,180000.0,0.0,2685945.4007043066,2124459.3895280436
 01/28  23:00:00,5816357.463834494,1156326.2137795791,180000.0,0.0,2354865.3252702695,1906566.3397728938
 01/28  24:00:00,3939821.293311345,1213916.7108380853,180000.0,0.0,810213.5648825928,1583957.1879942748
 01/29  01:00:00,3377536.470001308,1253903.5237239108,180000.0,0.0,402891.81010564615,1422440.1842830381
 01/29  02:00:00,3155840.1554917553,1274788.4845184567,180000.0,0.0,287713.2486518329,1295037.470432753
 01/29  03:00:00,2946374.924781299,1275192.8332769375,180000.0,0.0,230357.12290762636,1142524.016708023
 01/29  04:00:00,2913366.8982893657,1267903.941050035,180000.0,0.0,230357.12290762636,1116804.8824429922
 01/29  05:00:00,2909228.541369181,1268125.9164133407,180000.0,0.0,230357.12290762636,1112444.550159501
 01/29  06:00:00,2911762.5009421287,1285262.1936066821,180000.0,0.0,230357.12290762636,1120988.0709521165
 01/29  07:00:00,5931792.458748687,1282900.9389439288,180000.0,0.0,937283.0304541073,3441596.895522283
 01/29  08:00:00,3667872.1945162546,1356632.9690478756,180000.0,0.0,693869.2285152795,1349930.1629483989
 01/29  09:00:00,3126612.272580876,1403162.135196487,180000.0,0.0,230357.12290762636,1228224.94029573
 01/29  10:00:00,3096210.9905859735,1389891.4127162306,180000.0,0.0,230357.12290762636,1223953.1798994222
 01/29  11:00:00,3025068.544075504,1338539.8574312583,180000.0,0.0,230357.12290762636,1219592.8476159307
 01/29  12:00:00,2956469.6535168136,1287943.2856382418,180000.0,0.0,230357.12290762636,1219592.8476159307
 01/29  13:00:00,2922301.532841271,1248498.0194704116,180000.0,0.0,230357.12290762636,1232585.272579221
 01/29  14:00:00,2886382.3210738935,1215150.5675267025,180000.0,0.0,230357.12290762636,1232585.272579221
 01/29  15:00:00,2891748.6807192746,1220516.9271720832,180000.0,0.0,230357.12290762636,1232585.272579221
 01/29  16:00:00,2911241.294309338,1241798.1132219702,180000.0,0.0,230357.12290762636,1228224.94029573
 01/29  17:00:00,3473097.641565957,1274475.5992883411,180000.0,0.0,578457.5120787662,1391301.0935491647
 01/29  18:00:00,7698867.42954445,1239866.7789189497,180000.0,0.0,3977624.0048624557,2206221.532287341
 01/29  19:00:00,7420849.808044646,1364630.8307553024,180000.0,0.0,3555613.4861754067,2194589.25975422
 01/29  20:00:00,5869636.528948586,1319631.436255245,180000.0,0.0,2345539.1259622686,1857301.578192674
 01/29  21:00:00,5729818.556924282,1486026.5000558295,180000.0,0.0,1893218.4595242168,1936543.453390478
 01/29  22:00:00,5171891.994147714,1451213.676807466,180000.0,0.0,1459550.191702167,1811093.3441529768
 01/29  23:00:00,4882312.206308657,1506583.4137808424,180000.0,0.0,1291678.6041581477,1670020.04441591
 01/29  24:00:00,4161596.126682232,1584327.0841105545,180000.0,0.0,694801.8484460795,1540446.3252345354
 01/30  01:00:00,3460390.9183112364,1665150.6315395813,180000.0,0.0,230357.12290762636,1266582.2119753167
 01/30  02:00:00,3436667.1016311524,1739765.8758617598,180000.0,0.0,230357.12290762636,1168243.1509730536
 01/30  03:00:00,3472529.074370762,1801346.9828664002,180000.0,0.0,230357.12290762636,1142524.016708023
 01/30  04:00:00,3485015.967066227,1839553.0098268955,180000.0,0.0,230357.12290762636,1116804.8824429922
 01/30  05:00:00,3481152.6249558404,1840050.0000000002,180000.0,0.0,230357.12290762636,1112444.550159501
 01/30  06:00:00,3466550.3073354466,1840050.0000000002,180000.0,0.0,230357.12290762636,1120988.0709521165
 01/30  07:00:00,4406235.596059524,1840050.0000000002,180000.0,0.0,937283.0304541073,1358890.9717770484
 01/30  08:00:00,4150807.5640226966,1840050.0000000002,180000.0,0.0,693402.9185498795,1349914.8114681165
 01/30  09:00:00,3563500.1373843895,1840050.0000000002,180000.0,0.0,230357.12290762636,1228224.94029573
 01/30  10:00:00,3546369.577869743,1840050.0000000002,180000.0,0.0,230357.12290762636,1223953.1798994222
 01/30  11:00:00,3526578.686644246,1840050.0000000002,180000.0,0.0,230357.12290762636,1219592.8476159307
 01/30  12:00:00,3480794.189134447,1812267.8212558755,180000.0,0.0,230357.12290762636,1219592.8476159307
 01/30  13:00:00,3348876.4012002074,1675072.8878293484,180000.0,0.0,230357.12290762636,1232585.272579221
 01/30  14:00:00,3541478.3640741566,1568285.4009436378,180000.0,0.0,458382.6959882525,1306520.9090819221
 01/30  15:00:00,3193563.3498026044,1522331.5962554128,180000.0,0.0,230357.12290762636,1232585.272579221
 01/30  16:00:00,3180863.210312618,1511420.0292252498,180000.0,0.0,230357.12290762636,1228224.94029573
 01/30  17:00:00,3294054.0582486377,1529451.1556005043,180000.0,0.0,230357.12290762636,1305382.3430908215
 01/30  18:00:00,3466103.61251642,1569419.5375673776,180000.0,0.0,230357.12290762636,1391171.8385657123
 01/30  19:00:00,6433883.224498282,1698406.6810951561,180000.0,0.0,2448127.31835028,1981332.99369313
 01/30  20:00:00,7378446.295461198,1579735.2821276158,180000.0,0.0,3401731.197593389,2049815.427201796
 01/30  21:00:00,7954541.867537514,1708686.477069692,180000.0,0.0,3553281.9363484066,2278543.310165658
 01/30  22:00:00,6878235.826408828,1617796.2546913736,180000.0,0.0,2685945.4007043066,2124459.3895280436
 01/30  23:00:00,5037249.673744421,1661520.8812166068,180000.0,0.0,1291678.6041581477,1670020.04441591
 01/30  24:00:00,4292759.9278537845,1715490.8852821067,180000.0,0.0,694801.8484460795,1540446.3252345354
 01/31  01:00:00,3559456.4671849734,1764216.180413318,180000.0,0.0,230357.12290762636,1266582.2119753167
 01/31  02:00:00,3487165.6848665997,1790264.4590972066,180000.0,0.0,230357.12290762636,1168243.1509730536
 01/31  03:00:00,3491466.9724392807,1820284.8809349183,180000.0,0.0,230357.12290762636,1142524.016708023
 01/31  04:00:00,3485072.536575031,1839609.5793356996,180000.0,0.0,230357.12290762636,1116804.8824429922
 01/31  05:00:00,3481152.6249558404,1840050.0000000002,180000.0,0.0,230357.12290762636,1112444.550159501
 01/31  06:00:00,4010156.7014924446,1840050.0000000002,180000.0,0.0,585219.006577067,1309732.5814396734
 01/31  07:00:00,4407137.51302976,1840050.0000000002,180000.0,0.0,938215.6503849074,1358860.2688164832
 01/31  08:00:00,3557439.804528258,1840050.0000000002,180000.0,0.0,230357.12290762636,1219592.8476159307
 01/31  09:00:00,3563500.1373843895,1840050.0000000002,180000.0,0.0,230357.12290762636,1228224.94029573
 01/31  10:00:00,3532461.2686633556,1826141.690793613,180000.0,0.0,230357.12290762636,1223953.1798994222
 01/31  11:00:00,3366163.5721583194,1679634.8855140738,180000.0,0.0,230357.12290762636,1219592.8476159307
 01/31  12:00:00,3192833.020933523,1524306.6530549503,180000.0,0.0,230357.12290762636,1219592.8476159307
 01/31  13:00:00,3082397.038214409,1408593.5248435494,180000.0,0.0,230357.12290762636,1232585.272579221
 01/31  14:00:00,2997626.161313112,1326394.4077659205,180000.0,0.0,230357.12290762636,1232585.272579221
 01/31  15:00:00,2962682.606606207,1291450.8530590148,180000.0,0.0,230357.12290762636,1232585.272579221
 01/31  16:00:00,3982094.436122995,1274996.5072214487,180000.0,0.0,1033342.8833265183,1462893.927691016
 01/31  17:00:00,6830362.59629954,1246977.2113882396,180000.0,0.0,1622758.6795921857,3731763.2686694283
 01/31  18:00:00,7118404.767257573,1229741.6434220811,180000.0,0.0,3508982.489635402,2104525.520724387
 01/31  19:00:00,8715837.888639545,1338876.4774639863,180000.0,0.0,4663099.654000534,2407845.5258153095
 01/31  20:00:00,8280730.387186216,1233313.45321239,180000.0,0.0,4457923.26922451,2242329.276210918
 01/31  21:00:00,7606536.852666507,1360681.4621986838,180000.0,0.0,3553281.9363484066,2278543.310165658
 01/31  22:00:00,6536520.518633221,1276080.9469157672,180000.0,0.0,2685945.4007043066,2124459.3895280436
 01/31  23:00:00,4036453.800156118,1309146.531525808,180000.0,0.0,761484.1734982872,1551792.9511782653
 01/31  24:00:00,3271911.67296775,1334612.4081914807,180000.0,0.0,230357.12290762636,1364921.27297758
 02/01  01:00:00,3134256.91364088,1337848.4224535788,180000.0,0.0,230357.12290762636,1266897.2845263802
 02/01  02:00:00,3037141.9463360035,1339596.0396053016,180000.0,0.0,230357.12290762636,1168034.7000697812
 02/01  03:00:00,3013412.8173173657,1341669.0661507782,180000.0,0.0,230357.12290762636,1142232.544505667
 02/01  04:00:00,2988514.2812208557,1342572.6856183826,180000.0,0.0,230357.12290762636,1116430.388941552
 02/01  05:00:00,2985797.350831614,1344169.5493542897,180000.0,0.0,230357.12290762636,1112116.594816403
 02/01  06:00:00,3325819.006883271,1336708.045401508,180000.0,0.0,463045.795642253,1250223.8376031646
 02/01  07:00:00,4323254.71355009,1311872.1475182713,180000.0,0.0,1282352.4048501465,1458369.4452824255
 02/01  08:00:00,3885608.552964322,1280810.6536384902,180000.0,0.0,918397.4768554051,1418330.0127397308
 02/01  09:00:00,2988901.840621048,1264830.258377679,180000.0,0.0,230357.12290762636,1228234.355773597
 02/01  10:00:00,2915201.5745998444,1208379.1954870173,180000.0,0.0,230357.12290762636,1223936.683485804
 02/01  11:00:00,2813030.054865684,1126063.3068893051,180000.0,0.0,230357.12290762636,1219622.8893606549
 02/01  12:00:00,2703565.1458309162,1034730.5410343864,180000.0,0.0,230357.12290762636,1219622.8893606549
 02/01  13:00:00,2628178.081437606,954189.1346086352,180000.0,0.0,230357.12290762636,1232548.1498987458
 02/01  14:00:00,2531622.312984334,860223.6723239132,180000.0,0.0,230357.12290762636,1232548.1498987458
 02/01  15:00:00,2478074.6104019284,806675.9697415077,180000.0,0.0,230357.12290762636,1232548.1498987458
 02/01  16:00:00,2474797.0740839583,805121.9213801362,180000.0,0.0,230357.12290762636,1228234.355773597
 02/01  17:00:00,4661673.845594031,813754.1592727816,180000.0,0.0,230357.12290762636,3388346.746211175
 02/01  18:00:00,4685679.584090779,828459.6454584181,180000.0,0.0,1776640.9681742033,1804737.6422218126
 02/01  19:00:00,5468085.968658762,957759.1133202342,180000.0,0.0,2214972.335650253,1988429.517429329
 02/01  20:00:00,5502543.3817896275,894184.7924392968,180000.0,0.0,2396833.222156274,1863155.4662383136
 02/01  21:00:00,5526451.945139954,1009171.4168392647,180000.0,0.0,2159015.1398022473,1942547.5271604024
 02/01  22:00:00,5833076.820582725,951967.0089556014,180000.0,0.0,2452790.4180042804,1976337.2459251052
 02/01  23:00:00,5307304.159910124,952343.1205735974,180000.0,0.0,2142694.2910132455,1796548.8869852414
 02/01  24:00:00,3587411.9307043534,1004865.640358051,180000.0,0.0,694801.8484460795,1544555.15328158
 02/02  01:00:00,2824888.4165343577,1028479.9253470565,180000.0,0.0,230357.12290762636,1266897.2845263802
 02/02  02:00:00,2738880.6562498836,1041334.7495191819,180000.0,0.0,230357.12290762636,1168034.7000697812
 02/02  03:00:00,2721495.6054474795,1049751.8542808916,180000.0,0.0,230357.12290762636,1142232.544505667
 02/02  04:00:00,2797050.9515556744,1050914.5933854496,180000.0,0.0,230357.12290762636,1216625.151509304
 02/02  05:00:00,2681881.4044907326,1040253.6030134083,180000.0,0.0,230357.12290762636,1112116.594816403
 02/02  06:00:00,2651826.710464811,1024916.3199288496,180000.0,0.0,230357.12290762636,1120711.9393919893
 02/02  07:00:00,3126944.7139801634,1006870.9879295746,180000.0,0.0,581488.5268538665,1267924.4832974758
 02/02  08:00:00,3857219.8435492376,956946.8626886118,180000.0,0.0,1147122.5148841313,1485080.0562457982
 02/02  09:00:00,3869257.8385327146,894105.6824174867,180000.0,0.0,1207742.8103861383,1501929.2421669436
 02/02  10:00:00,4118084.0833596936,820912.764220487,180000.0,0.0,1484497.7748510698,1560144.9715687407
 02/02  11:00:00,2484519.147265372,797552.3992889931,180000.0,0.0,230357.12290762636,1219622.8893606549
 02/02  12:00:00,2412953.85130867,744119.2465121401,180000.0,0.0,230357.12290762636,1219622.8893606549
 02/02  13:00:00,2380047.4870959604,706058.54026699,180000.0,0.0,230357.12290762636,1232548.1498987458
 02/02  14:00:00,2349119.709835559,677721.0691751384,180000.0,0.0,230357.12290762636,1232548.1498987458
 02/02  15:00:00,2321232.4675403684,649833.8268799474,180000.0,0.0,230357.12290762636,1232548.1498987458
 02/02  16:00:00,2264296.0365427625,594620.8838389409,180000.0,0.0,230357.12290762636,1228234.355773597
 02/02  17:00:00,3852883.65897317,575333.387665607,180000.0,0.0,1394266.7965461595,1654067.657558956
 02/02  18:00:00,6099268.407208273,569594.8260788989,180000.0,0.0,1776640.9681742033,3477191.284718826
 02/02  19:00:00,5154106.57053923,643779.7152007027,180000.0,0.0,2214972.335650253,1988429.517429329
 02/02  20:00:00,5836911.47240816,590173.0888940133,180000.0,0.0,2937752.782020336,1960615.7005380676
 02/02  21:00:00,7428217.7108574025,632057.8227054116,180000.0,0.0,4089538.3965584678,2290903.6302554826
 02/02  22:00:00,6363111.528594732,581479.229703605,180000.0,0.0,3194223.2629903653,2135426.8882030244
 02/02  23:00:00,4215666.067826973,617897.898530397,180000.0,0.0,1506181.1882421724,1675869.1197163635
 02/02  24:00:00,2916133.0219930597,655206.7365652842,180000.0,0.0,462579.485676853,1455157.5111322799
 02/03  01:00:00,2477625.9249697225,681217.4337824215,180000.0,0.0,230357.12290762636,1266897.2845263802
 02/03  02:00:00,2385549.8825264927,688003.9757957913,180000.0,0.0,230357.12290762636,1168034.7000697812
 02/03  03:00:00,2359251.9567276035,690098.5117295657,180000.0,0.0,230357.12290762636,1142232.544505667
 02/03  04:00:00,2330871.054941475,687519.7655075516,180000.0,0.0,230357.12290762636,1116430.388941552
 02/03  05:00:00,2448084.901808545,679997.731615518,180000.0,0.0,242481.18200802774,1226451.904431704
 02/03  06:00:00,2680363.4188115057,670530.0079813434,180000.0,0.0,463045.795642253,1250223.8376031646
 02/03  07:00:00,2365673.888600912,669027.0437568716,180000.0,0.0,230357.12290762636,1172316.250520219
 02/03  08:00:00,2394028.052947572,657845.4877687456,180000.0,0.0,230357.12290762636,1219622.8893606549
 02/03  09:00:00,3610499.0696320566,627575.995011179,180000.0,0.0,1207742.8103861383,1501929.2421669436
 02/03  10:00:00,3583279.7772083646,601608.9695435737,180000.0,0.0,1231058.308656141,1492903.3139521533
 02/03  11:00:00,4738569.10295278,564981.4829541624,180000.0,0.0,2173004.438764249,1758415.8331891713
 02/03  12:00:00,4627461.006714662,528354.8112972131,180000.0,0.0,2089068.644992239,1788592.6517284121
 02/03  13:00:00,4284692.497011814,514858.0686798223,180000.0,0.0,1803453.7911847061,1755296.9631246882
 02/03  14:00:00,5440725.93508069,497401.6032732161,180000.0,0.0,1119143.916960128,3615687.0469932975
 02/03  15:00:00,3360853.6368971453,498843.46978132566,180000.0,0.0,1133133.2159221296,1520383.583339641
 02/03  16:00:00,5356040.160749273,478976.1853116717,180000.0,0.0,1198416.611078137,3467563.6903368654
 02/03  17:00:00,4655569.758729107,488143.8978771703,180000.0,0.0,1394266.7965461595,2543943.247103329
 02/03  18:00:00,4374431.629864596,514621.3850636849,180000.0,0.0,1776640.9681742033,1804737.6422218126
 02/03  19:00:00,6871751.00099302,554203.1630740067,180000.0,0.0,3701335.350362923,2311877.791465695
 02/03  20:00:00,6988399.380719733,477852.9397207061,180000.0,0.0,4019591.90174846,2155536.1691375757
 02/03  21:00:00,5073466.637449039,576908.5584967498,180000.0,0.0,2159015.1398022473,1942547.5271604024
 02/03  22:00:00,6276856.394894932,513356.23918365437,180000.0,0.0,3194223.2629903653,2135426.8882030244
 02/03  23:00:00,4478056.8484376855,517234.0811324332,180000.0,0.0,1824437.7396277091,1736209.0033508027
 02/03  24:00:00,2800496.306051852,549931.2452982762,180000.0,0.0,462579.485676853,1455157.5111322799
 02/04  01:00:00,2368892.0262361793,572483.535048878,180000.0,0.0,230357.12290762636,1266897.2845263802
 02/04  02:00:00,2280224.5972700957,582678.6905393938,180000.0,0.0,230357.12290762636,1168034.7000697812
 02/04  03:00:00,2288734.3696493288,590567.2557995567,180000.0,0.0,230357.12290762636,1171246.2133574008
 02/04  04:00:00,2342432.2870390364,598886.235037361,180000.0,0.0,230357.12290762636,1216625.151509304
 02/04  05:00:00,2234980.6851335843,593352.88365626,180000.0,0.0,230357.12290762636,1112116.594816403
 02/04  06:00:00,2237406.2239920427,589773.384107682,180000.0,0.0,230357.12290762636,1120711.9393919893
 02/04  07:00:00,2285832.79935915,589185.9545151098,180000.0,0.0,230357.12290762636,1172316.250520219
 02/04  08:00:00,5545273.123635419,544162.0758497093,180000.0,0.0,1147122.5148841313,3567785.9799910323
 02/04  09:00:00,4742593.6283211475,506663.3340456816,180000.0,0.0,2186993.7377262497,1775685.5344814202
 02/04  10:00:00,4747537.469380744,489670.50598548865,180000.0,0.0,2238287.833920256,1761869.9444185027
 02/04  11:00:00,4637714.892938004,464127.2729393863,180000.0,0.0,2173004.438764249,1758415.8331891713
 02/04  12:00:00,4535793.921264441,436687.72584699304,180000.0,0.0,2089068.644992239,1788592.6517284121
 02/04  13:00:00,5189719.870943987,426671.40980988485,180000.0,0.0,2028448.3494902318,2523516.4376212717
 02/04  14:00:00,12701608.82625754,319081.71595094545,180000.0,0.0,2009795.95087423,10164237.791578315
 02/04  15:00:00,8144169.655436103,346956.76013386174,180000.0,0.0,2033111.4491442323,5555608.078303961
 02/04  16:00:00,4648014.470731167,406671.8819782656,180000.0,0.0,2168341.3391102483,1861917.5756200547
 02/04  17:00:00,3729083.8426194414,451533.5713118791,180000.0,0.0,1394266.7965461595,1654067.657558956
 02/04  18:00:00,4395000.866609741,535190.6218088308,180000.0,0.0,1776640.9681742033,1804737.6422218126
 02/04  19:00:00,3370295.007316478,675671.451535031,180000.0,0.0,726510.9260932831,1663777.9335977698
 02/04  20:00:00,7744852.024520204,595925.7893573602,180000.0,0.0,4560511.461612522,2252996.4034373295
 02/04  21:00:00,7443229.35792385,667791.9191202592,180000.0,0.0,4089538.3965584678,2290903.6302554826
 02/04  22:00:00,6410543.570872219,647043.4151609406,180000.0,0.0,3194223.2629903653,2135426.8882030244
 02/04  23:00:00,5774547.52683164,677935.4544664627,180000.0,0.0,2779207.393784318,1917228.6542541198
 02/04  24:00:00,3316380.0088942335,744194.943222131,180000.0,0.0,694801.8484460795,1544555.15328158
 02/05  01:00:00,2760109.082436516,797128.3448665227,180000.0,0.0,316624.46650663624,1347202.187310062
 02/05  02:00:00,2527037.2635814333,829491.3568507315,180000.0,0.0,230357.12290762636,1168034.7000697812
 02/05  03:00:00,2514819.9662063112,843076.2150397236,180000.0,0.0,230357.12290762636,1142232.544505667
 02/05  04:00:00,2497857.882507868,851916.2869053951,180000.0,0.0,230357.12290762636,1116430.388941552
 02/05  05:00:00,2500184.2470961986,858556.4456188745,180000.0,0.0,230357.12290762636,1112116.594816403
 02/05  06:00:00,2489986.7720897193,863076.3815537577,180000.0,0.0,230357.12290762636,1120711.9393919893
 02/05  07:00:00,6142639.212973496,826266.1215675767,180000.0,0.0,1457218.6418751664,3588493.7336315066
 02/05  08:00:00,4297443.770038981,805898.3933862946,180000.0,0.0,1606437.8308031836,1617037.1361188064
 02/05  09:00:00,3790634.0441345274,815481.8880192997,180000.0,0.0,1207742.8103861383,1501929.2421669436
 02/05  10:00:00,2842638.980697316,818399.6475307725,180000.0,0.0,480532.41934475506,1291178.3411023912
 02/05  11:00:00,2506751.7334458367,819784.9854694576,180000.0,0.0,230357.12290762636,1219622.8893606549
 02/05  12:00:00,2474881.2114783977,806046.6066818684,180000.0,0.0,230357.12290762636,1219622.8893606549
 02/05  13:00:00,2463115.823294632,789126.8764656619,180000.0,0.0,230357.12290762636,1232548.1498987458
 02/05  14:00:00,2446256.413120181,774857.77245976,180000.0,0.0,230357.12290762636,1232548.1498987458
 02/05  15:00:00,2449682.6986936247,778284.0580332039,180000.0,0.0,230357.12290762636,1232548.1498987458
 02/05  16:00:00,3095401.10779907,782905.0057438788,180000.0,0.0,714386.8669928818,1387025.5610397109
 02/05  17:00:00,6090386.1783229625,730129.9832701647,180000.0,0.0,1394266.7965461595,3736773.5813041897
 02/05  18:00:00,4598191.351144398,740971.4125120367,180000.0,0.0,1776640.9681742033,1804737.6422218126
 02/05  19:00:00,6697149.4541963935,798894.2648354503,180000.0,0.0,2214972.335650253,3376357.8514517467
 02/05  20:00:00,7377502.870437348,707070.3073702067,180000.0,0.0,2937752.782020336,3384309.880091063
 02/05  21:00:00,7536458.456721462,740298.5685694714,180000.0,0.0,4089538.3965584678,2290903.6302554826
 02/05  22:00:00,6444247.1010101745,662614.8021190471,180000.0,0.0,3194223.2629903653,2135426.8882030244
 02/05  23:00:00,4263140.955021388,666741.0126604482,180000.0,0.0,1504782.2583459723,1675899.8226769287
 02/05  24:00:00,2646355.522053432,707049.2415441832,180000.0,0.0,230357.12290762636,1365759.86898298
 02/06  01:00:00,2506247.0887238216,709838.5975365203,180000.0,0.0,230357.12290762636,1266897.2845263802
 02/06  02:00:00,2399726.685603478,702180.7788727763,180000.0,0.0,230357.12290762636,1168034.7000697812
 02/06  03:00:00,2366803.8411568888,695060.0899903007,180000.0,0.0,230357.12290762636,1142232.544505667
 02/06  04:00:00,2337485.2903295625,691543.6947270893,180000.0,0.0,230357.12290762636,1116430.388941552
 02/06  05:00:00,2333481.0515943365,691853.250117012,180000.0,0.0,230357.12290762636,1112116.594816403
 02/06  06:00:00,4385118.902641043,675502.5883598477,180000.0,0.0,230357.12290762636,3203417.8631372238
 02/06  07:00:00,3689131.616987712,677749.0509558938,180000.0,0.0,1282352.4048501465,1458369.4452824255
 02/06  08:00:00,3870413.394012777,674423.6570755036,180000.0,0.0,1377246.4828090575,1550672.8443975206
 02/06  09:00:00,2432381.680276018,708310.0980326489,180000.0,0.0,230357.12290762636,1228234.355773597
 02/06  10:00:00,2420145.3122588103,713322.9331459834,180000.0,0.0,230357.12290762636,1223936.683485804
 02/06  11:00:00,2394115.421463788,707148.673487409,180000.0,0.0,230357.12290762636,1219622.8893606549
 02/06  12:00:00,2355444.887393704,686610.2825971745,180000.0,0.0,230357.12290762636,1219622.8893606549
 02/06  13:00:00,2334681.2217494715,660692.2749205012,180000.0,0.0,230357.12290762636,1232548.1498987458
 02/06  14:00:00,2318734.2072307533,647335.5665703324,180000.0,0.0,230357.12290762636,1232548.1498987458
 02/06  15:00:00,2316649.8784711324,645251.2378107114,180000.0,0.0,230357.12290762636,1232548.1498987458
 02/06  16:00:00,2319849.878805399,650174.7261015775,180000.0,0.0,230357.12290762636,1228234.355773597
 02/06  17:00:00,3923927.354918413,646377.08361085,180000.0,0.0,1394266.7965461595,1654067.657558956
 02/06  18:00:00,5195631.048826174,644870.0375866494,180000.0,0.0,1776640.9681742033,2498278.7148289755
 02/06  19:00:00,13721174.959048951,605598.499817842,180000.0,0.0,3701335.350362923,9107316.106609242
 02/06  20:00:00,7750587.156812493,588709.3908068989,180000.0,0.0,4560511.461612522,2252996.4034373295
 02/06  21:00:00,7471105.022245733,674945.1340937427,180000.0,0.0,4089538.3965584678,2290903.6302554826
 02/06  22:00:00,6411190.282652749,629557.9837616207,180000.0,0.0,3194223.2629903653,2135426.8882030244
 02/06  23:00:00,2761799.125480252,681153.1501348485,180000.0,0.0,230357.12290762636,1434570.9910997376
 02/06  24:00:00,2648997.8655405035,709691.585031255,180000.0,0.0,230357.12290762636,1365759.86898298
 02/07  01:00:00,2517091.1104886876,720682.6193013861,180000.0,0.0,230357.12290762636,1266897.2845263802
 02/07  02:00:00,2418880.360073477,721334.4533427748,180000.0,0.0,230357.12290762636,1168034.7000697812
 02/07  03:00:00,2393751.5572324228,722007.8060658351,180000.0,0.0,230357.12290762636,1142232.544505667
 02/07  04:00:00,2366373.4354087296,720431.8398062566,180000.0,0.0,230357.12290762636,1116430.388941552
 02/07  05:00:00,2359661.5959486035,718033.7944712795,180000.0,0.0,230357.12290762636,1112116.594816403
 02/07  06:00:00,2342168.477570082,715258.0870341205,180000.0,0.0,230357.12290762636,1120711.9393919893
 02/07  07:00:00,3918758.160129769,685090.9924690838,180000.0,0.0,1457218.6418751664,1505787.809886272
 02/07  08:00:00,2707922.066393728,694316.0046793385,180000.0,0.0,459548.47090175265,1285987.181081941
 02/07  09:00:00,2426358.408495958,702286.8262525889,180000.0,0.0,230357.12290762636,1228234.355773597
 02/07  10:00:00,2408304.528478019,701482.1493651922,180000.0,0.0,230357.12290762636,1223936.683485804
 02/07  11:00:00,2693946.431664882,696449.9187538108,180000.0,0.0,473537.7698637542,1286972.0073392193
 02/07  12:00:00,2352015.863243826,683181.2584472965,180000.0,0.0,230357.12290762636,1219622.8893606549
 02/07  13:00:00,2635546.709520344,662351.1124618276,180000.0,0.0,454885.37124775205,1307226.5517881662
 02/07  14:00:00,2338945.908164112,667547.2675036911,180000.0,0.0,230357.12290762636,1232548.1498987458
 02/07  15:00:00,2353656.8944288036,682258.2537683824,180000.0,0.0,230357.12290762636,1232548.1498987458
 02/07  16:00:00,2354383.175460868,684708.0227570465,180000.0,0.0,230357.12290762636,1228234.355773597
 02/07  17:00:00,2475299.240246703,710085.4776706881,180000.0,0.0,230357.12290762636,1305640.8224659408
 02/07  18:00:00,4165183.0848216885,798503.2941167178,180000.0,0.0,1389370.541909459,1701467.9205591665
 02/07  19:00:00,7822486.735205784,899078.1615352095,180000.0,0.0,4196789.68860048,2419693.8828111505
 02/07  20:00:00,6172442.048249075,925703.6647349292,180000.0,0.0,2937752.782020336,1960615.7005380674
 02/07  21:00:00,7849026.1803855905,1052866.2922336005,180000.0,0.0,4089538.3965584678,2290903.6302554826
 02/07  22:00:00,5936070.891109014,1054961.0794818904,180000.0,0.0,2452790.4180042804,1976337.245925105
 02/07  23:00:00,4721141.73063246,1123373.5613358843,180000.0,0.0,1506181.1882421724,1675869.1197163635
 02/07  24:00:00,3276264.2279447704,1176147.944976258,180000.0,0.0,346468.30429223966,1410458.69005763
 02/08  01:00:00,2993220.8573298086,1196812.3661425074,180000.0,0.0,230357.12290762636,1266897.2845263802
 02/08  02:00:00,2902850.3188262656,1205304.4120955635,180000.0,0.0,230357.12290762636,1168034.7000697812
 02/08  03:00:00,2895863.421790472,1224119.6706238848,180000.0,0.0,230357.12290762636,1142232.544505667
 02/08  04:00:00,2898822.074841721,1252880.4792392482,180000.0,0.0,230357.12290762636,1116430.388941552
 02/08  05:00:00,2916356.9057433065,1274729.1042659825,180000.0,0.0,230357.12290762636,1112116.594816403
 02/08  06:00:00,3365447.5304096923,1286004.2296938961,180000.0,0.0,520984.80884320964,1282617.1636362409
 02/08  07:00:00,3644308.6296723187,1300865.0852599817,180000.0,0.0,757054.2288269866,1315728.5996861043
 02/08  08:00:00,3046724.892122407,1328674.47012343,180000.0,0.0,230357.12290762636,1219622.8893606549
 02/08  09:00:00,3050821.8634130815,1326750.2811697116,180000.0,0.0,230357.12290762636,1228234.355773597
 02/08  10:00:00,3010408.4463034007,1303586.0671905733,180000.0,0.0,230357.12290762636,1223936.683485804
 02/08  11:00:00,2944568.927388639,1257602.1794122604,180000.0,0.0,230357.12290762636,1219622.8893606549
 02/08  12:00:00,2866859.4630567282,1198024.858260199,180000.0,0.0,230357.12290762636,1219622.8893606549
 02/08  13:00:00,2800804.5885706292,1126815.641741659,180000.0,0.0,230357.12290762636,1232548.1498987458
 02/08  14:00:00,2724215.226984398,1052816.586323977,180000.0,0.0,230357.12290762636,1232548.1498987458
 02/08  15:00:00,2969584.684601031,1000533.1623267602,180000.0,0.0,456051.14616125217,1304507.0082589695
 02/08  16:00:00,4228107.606585788,951284.170842642,180000.0,0.0,1440897.7930861649,1624841.9686343824
 02/08  17:00:00,5752148.150045644,958914.5289269335,180000.0,0.0,2560041.710046293,2003976.0938699686
 02/08  18:00:00,6802312.434198294,988527.6234411703,180000.0,0.0,3320126.95364838,2217816.528872398
 02/08  19:00:00,8038627.504430443,1115218.9307598677,180000.0,0.0,4196789.68860048,2419693.8828111505
 02/08  20:00:00,8211192.8982888935,1049315.1322833,180000.0,0.0,4560511.461612522,2252996.4034373295
 02/08  21:00:00,7984045.27867648,1187885.3905244907,180000.0,0.0,4089538.3965584678,2290903.6302554826
 02/08  22:00:00,6913180.431716191,1131548.1328250633,180000.0,0.0,3194223.2629903653,2135426.8882030244
 02/08  23:00:00,6274692.200071612,1162538.2906951366,180000.0,0.0,2779207.393784318,1917228.6542541198
 02/08  24:00:00,4446918.515437152,1223930.0750461966,180000.0,0.0,1156448.7141921325,1723350.4375801804
 02/09  01:00:00,3238375.8353489786,1275395.0977789862,180000.0,0.0,316624.46650663624,1347202.187310062
 02/09  02:00:00,3006668.5759356725,1309122.669204971,180000.0,0.0,230357.12290762636,1168034.7000697812
 02/09  03:00:00,3001545.61573763,1329801.8645710428,180000.0,0.0,230357.12290762636,1142232.544505667
 02/09  04:00:00,2991922.353980246,1345980.7583777732,180000.0,0.0,230357.12290762636,1116430.388941552
 02/09  05:00:00,3123990.9630691414,1355903.792876115,180000.0,0.0,242481.18200802774,1226451.904431704
 02/09  06:00:00,5679394.608917177,1336580.7059880802,180000.0,0.0,636862.8352451229,3430109.7394476277
 02/09  07:00:00,4112015.5891805147,1322917.6247775622,180000.0,0.0,1107486.1678251266,1410951.0806785794
 02/09  08:00:00,4194658.043011344,1294385.0621507186,180000.0,0.0,1147122.5148841313,1485080.0562457982
 02/09  09:00:00,4193964.913718968,1218812.7576037403,180000.0,0.0,1207742.8103861383,1501929.2421669436
 02/09  10:00:00,4117030.9109839494,1140540.7156562582,180000.0,0.0,1231058.308656141,1492903.3139521533
 02/09  11:00:00,2736696.029899705,1049729.281923326,180000.0,0.0,230357.12290762636,1219622.8893606549
 02/09  12:00:00,2595576.045403446,926741.4406069169,180000.0,0.0,230357.12290762636,1219622.8893606549
 02/09  13:00:00,2480863.033651388,806874.0868224173,180000.0,0.0,230357.12290762636,1232548.1498987458
 02/09  14:00:00,2374894.6153699337,703495.9747095129,180000.0,0.0,230357.12290762636,1232548.1498987458
 02/09  15:00:00,2616360.348878902,647308.8266046315,180000.0,0.0,456051.14616125217,1304507.0082589695
 02/09  16:00:00,2982967.7982525765,670471.6961973853,180000.0,0.0,714386.8669928818,1387025.5610397109
 02/09  17:00:00,2868538.8610565513,725240.9712976494,180000.0,0.0,521334.5413172597,1392747.5312391948
 02/09  18:00:00,4133636.736429199,772523.0302144849,180000.0,0.0,1003499.0455409149,2081773.332437454
 02/09  19:00:00,30001858.436699815,1528154.555791356,180000.0,0.0,1718818.5324645964,26447960.346184917
 02/09  20:00:00,7983078.75864934,821200.992643746,180000.0,0.0,4560511.461612522,2252996.4034373295
 02/09  21:00:00,5451072.70181165,933792.1735109619,180000.0,0.0,2159015.1398022473,1942547.5271604024
 02/09  22:00:00,4869111.665083817,888524.340720698,180000.0,0.0,1711357.5730181958,1817247.6036471855
 02/09  23:00:00,4492834.679178819,895066.5098822443,180000.0,0.0,1506181.1882421724,1675869.1197163635
 02/09  24:00:00,3176280.8362109223,915354.5507831469,180000.0,0.0,462579.485676853,1455157.5111322799
 02/10  01:00:00,2724822.9123669835,928414.4211796824,180000.0,0.0,230357.12290762636,1266897.2845263802
 02/10  02:00:00,2625519.258853557,927973.3521228553,180000.0,0.0,230357.12290762636,1168034.7000697812
 02/10  03:00:00,2591974.6877584415,922821.2427604035,180000.0,0.0,230357.12290762636,1142232.544505667
 02/10  04:00:00,2557721.1562185315,914369.866784608,180000.0,0.0,230357.12290762636,1116430.388941552
 02/10  05:00:00,2546235.264947281,904607.4634699571,180000.0,0.0,230357.12290762636,1112116.594816403
 02/10  06:00:00,2543023.9603750743,895391.1204907137,180000.0,0.0,230357.12290762636,1120711.9393919893
 02/10  07:00:00,2581886.474049105,885239.6292050648,180000.0,0.0,230357.12290762636,1172316.250520219
 02/10  08:00:00,2602735.511135002,866552.9459561757,180000.0,0.0,230357.12290762636,1219622.8893606549
 02/10  09:00:00,4633351.062974408,818802.6384801546,180000.0,0.0,230357.12290762636,3310940.2795188315
 02/10  10:00:00,3126793.271259476,779956.3717021171,180000.0,0.0,730707.7157818837,1358419.9987189786
 02/10  11:00:00,2453572.8998638447,761425.5395503662,180000.0,0.0,230357.12290762636,1219622.8893606549
 02/10  12:00:00,2987482.2303530267,708051.7815419731,180000.0,0.0,695734.4683768796,1362251.081737376
 02/10  13:00:00,3528652.266947654,657836.7192004998,180000.0,0.0,1128470.1162681289,1531261.7574564272
 02/10  14:00:00,3473034.158819805,612415.7507575648,180000.0,0.0,1119143.916960128,1532981.1232480626
 02/10  15:00:00,4606618.054161409,558275.821600588,180000.0,0.0,2033111.4491442323,1806737.4155625387
 02/10  16:00:00,3835769.570587759,558946.1348446133,180000.0,0.0,1440897.7930861649,1624841.9686343824
 02/10  17:00:00,5358621.906213399,565388.2850946904,180000.0,0.0,2560041.710046293,2003976.0938699686
 02/10  18:00:00,6399448.933591062,583073.8166653882,180000.0,0.0,3320126.95364838,2217816.528872398
 02/10  19:00:00,7603355.764035217,682537.4965331929,180000.0,0.0,4196789.68860048,2419693.8828111505
 02/10  20:00:00,5884349.600827975,650562.7481565786,180000.0,0.0,2937752.782020336,1960615.7005380674
 02/10  21:00:00,10633648.308501365,708417.4694886195,180000.0,0.0,2641645.9539913023,6888589.473031804
 02/10  22:00:00,7916010.471034527,625886.8732179926,180000.0,0.0,3194223.2629903653,3662050.330308282
 02/10  23:00:00,5773479.533053531,676867.4606883546,180000.0,0.0,2779207.393784318,1917228.6542541198
 02/10  24:00:00,3933563.803489394,720936.5877726382,180000.0,0.0,1156448.7141921325,1723350.4375801804
 02/11  01:00:00,2561263.288850448,764854.7976631473,180000.0,0.0,230357.12290762636,1266897.2845263802
 02/11  02:00:00,2487037.0674898666,789491.1607591647,180000.0,0.0,230357.12290762636,1168034.7000697812
 02/11  03:00:00,2472611.34938487,803457.9043868318,180000.0,0.0,230357.12290762636,1142232.544505667
 02/11  04:00:00,2456899.6483734692,813548.3589395455,180000.0,0.0,230357.12290762636,1116430.388941552
 02/11  05:00:00,2462294.4442968187,820666.6428194946,180000.0,0.0,230357.12290762636,1112116.594816403
 02/11  06:00:00,2473517.4241358503,825884.5842514898,180000.0,0.0,230357.12290762636,1120711.9393919893
 02/11  07:00:00,2525560.61552912,828913.7706850795,180000.0,0.0,230357.12290762636,1172316.250520219
 02/11  08:00:00,2559255.2638845406,823072.6987057145,180000.0,0.0,230357.12290762636,1219622.8893606549
 02/11  09:00:00,2543112.1645166758,811269.6637676563,180000.0,0.0,230357.12290762636,1228234.355773597
 02/11  10:00:00,3763822.6734629693,782151.8657981788,180000.0,0.0,1231058.308656141,1492903.3139521533
 02/11  11:00:00,3695010.347189015,760743.9271367667,180000.0,0.0,1203079.7107321378,1489019.361274913
 02/11  12:00:00,3623589.6238692217,736153.6372121942,180000.0,0.0,1161111.8138461327,1504879.2741140972
 02/11  13:00:00,3583798.9544127076,712983.4066655529,180000.0,0.0,1128470.1162681289,1531261.7574564272
 02/11  14:00:00,4142599.799741176,686438.8880472274,180000.0,0.0,1564469.9339171788,1683197.6099227208
 02/11  15:00:00,4704492.765188994,656150.5326281737,180000.0,0.0,2033111.4491442323,1806737.4155625387
 02/11  16:00:00,3627756.769729823,672439.7183232624,180000.0,0.0,1198416.611078137,1545816.7663058247
 02/11  17:00:00,3958550.162858567,680999.8915510047,180000.0,0.0,1394266.7965461595,1654067.657558956
 02/11  18:00:00,6607933.292143714,665417.1235975686,180000.0,0.0,1776640.9681742033,3887443.5659670467
 02/11  19:00:00,7036163.367032522,718615.5291135097,180000.0,0.0,3701335.350362923,2311877.791465695
 02/11  20:00:00,7787600.251853674,638674.0166908301,180000.0,0.0,4560511.461612522,2252996.4034373295
 02/11  21:00:00,6350458.606807788,714460.8479298472,180000.0,0.0,3124276.7681803573,2116725.5787079427
 02/11  22:00:00,6439599.094876811,676098.9391655327,180000.0,0.0,3194223.2629903653,2135426.8882030244
 02/11  23:00:00,5775219.912181571,678607.8398163936,180000.0,0.0,2779207.393784318,1917228.6542541198
 02/11  24:00:00,2976096.5985143404,725531.5377607641,180000.0,0.0,462579.485676853,1455157.5111322799
 02/12  01:00:00,2554646.754231314,758238.263044013,180000.0,0.0,230357.12290762636,1266897.2845263802
 02/12  02:00:00,2468495.5317025725,770949.6249718706,180000.0,0.0,230357.12290762636,1168034.7000697812
 02/12  03:00:00,2449505.5334986094,777761.7823320217,180000.0,0.0,230357.12290762636,1142232.544505667
 02/12  04:00:00,2421860.078006382,775918.4824039092,180000.0,0.0,230357.12290762636,1116430.388941552
 02/12  05:00:00,2407556.7377087856,765928.9362314617,180000.0,0.0,230357.12290762636,1112116.594816403
 02/12  06:00:00,2388620.539575543,761710.1490395813,180000.0,0.0,230357.12290762636,1120711.9393919893
 02/12  07:00:00,3765549.7386250324,754167.1725932141,180000.0,0.0,1282352.4048501465,1458369.4452824255
 02/12  08:00:00,2763121.1964858724,749515.1347714827,180000.0,0.0,459548.47090175265,1285987.181081941
 02/12  09:00:00,2462352.1258732793,738280.5436299097,180000.0,0.0,230357.12290762636,1228234.355773597
 02/12  10:00:00,2414162.220949793,707339.8418369656,180000.0,0.0,230357.12290762636,1223936.683485804
 02/12  11:00:00,2352262.774506795,665296.0265304161,180000.0,0.0,230357.12290762636,1219622.8893606549
 02/12  12:00:00,2298683.0126804514,629848.4078839219,180000.0,0.0,230357.12290762636,1219622.8893606549
 02/12  13:00:00,2282581.70027731,608592.7534483395,180000.0,0.0,230357.12290762636,1232548.1498987458
 02/12  14:00:00,2258985.1659603384,587586.5252999176,180000.0,0.0,230357.12290762636,1232548.1498987458
 02/12  15:00:00,2261529.741715659,590131.1010552382,180000.0,0.0,230357.12290762636,1232548.1498987458
 02/12  16:00:00,2280216.621278194,610541.4685743721,180000.0,0.0,230357.12290762636,1228234.355773597
 02/12  17:00:00,2416528.389430082,651314.6268540673,180000.0,0.0,230357.12290762636,1305640.8224659408
 02/12  18:00:00,6176934.50658549,647891.0592835856,180000.0,0.0,2548383.9609112917,2704818.1581542683
 02/12  19:00:00,8995469.32463426,682895.8998256144,180000.0,0.0,4196789.68860048,3808858.7339492226
 02/12  20:00:00,7825092.29236366,663214.5263580664,180000.0,0.0,4560511.461612522,2252996.4034373295
 02/12  21:00:00,5872860.687569057,785860.3193055424,180000.0,0.0,2641645.9539913023,2029636.5529341726
 02/12  22:00:00,4762438.702331245,781851.3779681268,180000.0,0.0,1711357.5730181958,1817247.6036471855
 02/12  23:00:00,2913158.8578492766,832512.8825038732,180000.0,0.0,230357.12290762636,1434570.9910997376
 02/12  24:00:00,2806216.356711915,866910.0762026663,180000.0,0.0,230357.12290762636,1365759.86898298
 02/13  01:00:00,2680755.6609363435,884347.1697490423,180000.0,0.0,230357.12290762636,1266897.2845263802
 02/13  02:00:00,2606766.445963419,909220.5392327169,180000.0,0.0,230357.12290762636,1168034.7000697812
 02/13  03:00:00,2610414.942567442,938671.1914008545,180000.0,0.0,230357.12290762636,1142232.544505667
 02/13  04:00:00,2610126.000387,964184.404784527,180000.0,0.0,230357.12290762636,1116430.388941552
 02/13  05:00:00,2624844.6779434746,983216.8764661503,180000.0,0.0,230357.12290762636,1112116.594816403
 02/13  06:00:00,2717662.244080576,1000201.7108081643,180000.0,0.0,288529.291091283,1153089.9139447832
 02/13  07:00:00,4018133.2524822075,1006750.6864503892,180000.0,0.0,1282352.4048501465,1458369.4452824255
 02/13  08:00:00,4468292.529454431,976747.1528017444,180000.0,0.0,1606437.8308031836,1617037.1361188064
 02/13  09:00:00,3324244.997309236,974633.1281299373,180000.0,0.0,719049.9666468824,1365081.7989702702
 02/13  10:00:00,2660394.823670258,953572.4445574313,180000.0,0.0,230357.12290762636,1223936.683485804
 02/13  11:00:00,2582010.027582124,895043.2796057451,180000.0,0.0,230357.12290762636,1219622.8893606549
 02/13  12:00:00,2502576.9927811343,833742.3879846047,180000.0,0.0,230357.12290762636,1219622.8893606549
 02/13  13:00:00,2735355.9357398073,762160.3386812907,180000.0,0.0,454885.371247752,1307226.5517881662
 02/13  14:00:00,2362801.1490825405,691402.5084221197,180000.0,0.0,230357.12290762636,1232548.1498987458
 02/13  15:00:00,2298986.5536669577,627587.9130065372,180000.0,0.0,230357.12290762636,1232548.1498987458
 02/13  16:00:00,2246584.3157737562,576909.1630699347,180000.0,0.0,230357.12290762636,1228234.355773597
 02/13  17:00:00,3101859.369943038,580477.3530012491,180000.0,0.0,812311.9597268929,1479854.2400124485
 02/13  18:00:00,6560620.802762081,620694.940384485,180000.0,0.0,1776640.9681742033,3887443.5659670467
 02/13  19:00:00,5907885.259849635,794287.9749280962,180000.0,0.0,2710426.6738878097,2096245.6087747843
 02/13  20:00:00,29605855.421823468,1141517.2012972478,180000.0,0.0,2937752.782020336,25178215.537550136
 02/13  21:00:00,15449269.66222655,1153053.44467184,180000.0,0.0,2159015.1398022473,11721483.216414422
 02/13  22:00:00,4757919.259511236,777331.9351481169,180000.0,0.0,1711357.5730181958,1817247.6036471855
 02/13  23:00:00,4388650.515152685,790882.345856109,180000.0,0.0,1506181.1882421724,1675869.1197163635
 02/13  24:00:00,3405111.6078656316,822565.3175193296,180000.0,0.0,694801.8484460795,1544555.15328158
 02/14  01:00:00,2967678.8120187833,838125.8280660984,180000.0,0.0,402891.81010564615,1427507.090093744
 02/14  02:00:00,2588123.8784285495,843753.5053470253,180000.0,0.0,244696.15434367798,1200520.1349845524
 02/14  03:00:00,2509958.247146697,838214.495980109,180000.0,0.0,230357.12290762636,1142232.544505667
 02/14  04:00:00,2465906.735682075,819965.1400796019,180000.0,0.0,230357.12290762636,1116430.388941552
 02/14  05:00:00,2436721.3422172274,795093.540739903,180000.0,0.0,230357.12290762636,1112116.594816403
 02/14  06:00:00,2490203.8029395146,772743.2696671027,180000.0,0.0,288529.291091283,1153089.9139447832
 02/14  07:00:00,4182077.8347892086,726126.0654996573,180000.0,0.0,1632084.8789001864,1553206.1744901186
 02/14  08:00:00,3892147.535481207,696238.3567245512,180000.0,0.0,1376780.1728436574,1551058.5961823023
 02/14  09:00:00,3643763.397148347,668611.241033119,180000.0,0.0,1207742.8103861383,1501929.2421669436
 02/14  10:00:00,6146515.849311432,610180.6520874676,180000.0,0.0,1734673.0712881982,3549133.5532163684
 02/14  11:00:00,4949704.162088463,561692.1478797505,180000.0,0.0,1203079.7107321378,2947945.567768478
 02/14  12:00:00,3397272.8547320366,512427.1742435586,180000.0,0.0,1161111.8138461327,1504879.2741140972
 02/14  13:00:00,2195603.4997895546,521614.55296058423,180000.0,0.0,230357.12290762636,1232548.1498987458
 02/14  14:00:00,2184060.50040829,512661.859747869,180000.0,0.0,230357.12290762636,1232548.1498987458
 02/14  15:00:00,2168777.0344143524,497378.3937539315,180000.0,0.0,230357.12290762636,1232548.1498987458
 02/14  16:00:00,2152743.7029745304,483068.5502707086,180000.0,0.0,230357.12290762636,1228234.355773597
 02/14  17:00:00,4693151.348481761,467147.534977625,180000.0,0.0,521334.54131725966,3475453.454984429
 02/14  18:00:00,4331379.165421599,474159.2267892374,180000.0,0.0,1776640.9681742033,1804737.6422218126
 02/14  19:00:00,6851783.25532948,531645.111241918,180000.0,0.0,3701335.350362923,2311877.791465695
 02/14  20:00:00,7637140.847318128,475263.0813125338,180000.0,0.0,4560511.461612522,2252996.4034373295
 02/14  21:00:00,7375056.879427417,578896.9912754269,180000.0,0.0,4089538.3965584678,2290903.6302554826
 02/14  22:00:00,5050421.417524212,619106.5395636903,180000.0,0.0,2082540.3054766383,1896792.4247861453
 02/14  23:00:00,2826257.8189741117,745611.8436287084,180000.0,0.0,230357.12290762636,1434570.9910997376
 02/14  24:00:00,2790312.1420652894,851005.8615560405,180000.0,0.0,230357.12290762636,1365759.86898298
 02/15  01:00:00,2741847.2696980825,945438.7785107812,180000.0,0.0,230357.12290762636,1266897.2845263802
 02/15  02:00:00,2716985.7872622553,1019439.8805315532,180000.0,0.0,230357.12290762636,1168034.7000697812
 02/15  03:00:00,2755269.317727085,1083525.5665604975,180000.0,0.0,230357.12290762636,1142232.544505667
 02/15  04:00:00,2779416.481591992,1133474.8859895188,180000.0,0.0,230357.12290762636,1116430.388941552
 02/15  05:00:00,2815123.934669163,1173496.1331918389,180000.0,0.0,230357.12290762636,1112116.594816403
 02/15  06:00:00,3014765.9522377476,1206755.2762288856,180000.0,0.0,346701.45927493967,1185467.888497577
 02/15  07:00:00,4441309.312273316,1207642.1446126315,180000.0,0.0,1457218.6418751664,1505787.809886272
 02/15  08:00:00,4099336.5597275877,1199063.5788669619,180000.0,0.0,1147122.5148841313,1485080.0562457982
 02/15  09:00:00,3530506.2985293516,1180894.4293500532,180000.0,0.0,719049.9666468824,1365081.7989702702
 02/15  10:00:00,2857281.07395868,1150458.6948458534,180000.0,0.0,230357.12290762636,1223936.683485804
 02/15  11:00:00,2763327.878986155,1076361.131009776,180000.0,0.0,230357.12290762636,1219622.8893606549
 02/15  12:00:00,2667465.447313507,998630.8425169778,180000.0,0.0,230357.12290762636,1219622.8893606549
 02/15  13:00:00,2593806.0995390117,919817.1527100411,180000.0,0.0,230357.12290762636,1232548.1498987458
 02/15  14:00:00,2516123.0566154593,844724.4159550384,180000.0,0.0,230357.12290762636,1232548.1498987458
 02/15  15:00:00,2462860.546967931,791461.9063075106,180000.0,0.0,230357.12290762636,1232548.1498987458
 02/15  16:00:00,2456450.9446787955,786775.7919749739,180000.0,0.0,230357.12290762636,1228234.355773597
 02/15  17:00:00,2591796.8401738508,826583.0775978359,180000.0,0.0,230357.12290762636,1305640.8224659408
 02/15  18:00:00,6305553.451189635,831529.7299365312,180000.0,0.0,1003499.0455409149,4194683.3474758435
 02/15  19:00:00,30121759.272297494,1514121.7165211434,180000.0,0.0,2214972.335650253,26085740.21786715
 02/15  20:00:00,15600580.227036554,1213285.9484322031,180000.0,0.0,2396833.222156274,11642091.155492332
 02/15  21:00:00,7244668.157960987,1018228.1097718214,180000.0,0.0,3606907.5823694123,2203814.604481713
 02/15  22:00:00,4072615.015522106,991617.5584921915,180000.0,0.0,970857.3479629111,1658157.9613692658
 02/15  23:00:00,3144086.3017494427,1063440.3264040395,180000.0,0.0,230357.12290762636,1434570.9910997376
 02/15  24:00:00,3041959.4064318137,1102653.1259225649,180000.0,0.0,230357.12290762636,1365759.86898298
 02/16  01:00:00,2921716.9098926825,1125308.418705381,180000.0,0.0,230357.12290762636,1266897.2845263802
 02/16  02:00:00,2834084.245941654,1136538.3392109515,180000.0,0.0,230357.12290762636,1168034.7000697812
 02/16  03:00:00,2811624.290993903,1139880.5398273151,180000.0,0.0,230357.12290762636,1142232.544505667
 02/16  04:00:00,2784578.8340404006,1138637.2384379273,180000.0,0.0,230357.12290762636,1116430.388941552
 02/16  05:00:00,2776760.35445916,1135132.552981836,180000.0,0.0,230357.12290762636,1112116.594816403
 02/16  06:00:00,3110431.268463429,1121320.3069816658,180000.0,0.0,463045.795642253,1250223.8376031646
 02/16  07:00:00,11908802.809077773,1269319.307712399,180000.0,0.0,757054.2288269866,9611768.556639142
 02/16  08:00:00,3966602.918765331,1066329.937904705,180000.0,0.0,1147122.5148841313,1485080.0562457982
 02/16  09:00:00,3965799.9288882,990647.7727729718,180000.0,0.0,1207742.8103861383,1501929.2421669436
 02/16  10:00:00,3887642.895209169,911152.6998814779,180000.0,0.0,1231058.308656141,1492903.3139521533
 02/16  11:00:00,3144454.813398627,836428.5355528634,180000.0,0.0,716718.4168198821,1354321.125317784
 02/16  12:00:00,2447916.3855463685,779081.7807498389,180000.0,0.0,230357.12290762636,1219622.8893606549
 02/16  13:00:00,2379625.338726122,705636.3918971514,180000.0,0.0,230357.12290762636,1232548.1498987458
 02/16  14:00:00,2335962.8614202035,664564.2207597829,180000.0,0.0,230357.12290762636,1232548.1498987458
 02/16  15:00:00,2322432.0909253443,651033.4502649237,180000.0,0.0,230357.12290762636,1232548.1498987458
 02/16  16:00:00,2337274.60065885,667599.447955028,180000.0,0.0,230357.12290762636,1228234.355773597
 02/16  17:00:00,8074245.502412651,630446.6733447204,180000.0,0.0,1394733.1065115598,5819849.905353923
 02/16  18:00:00,6458752.02820796,644967.2174508362,180000.0,0.0,3320126.95364838,2217816.528872398
 02/16  19:00:00,7701469.2553945705,778060.6817239958,180000.0,0.0,4196789.68860048,2419693.8828111505
 02/16  20:00:00,7876637.235366055,714759.4693604613,180000.0,0.0,4560511.461612522,2252996.4034373295
 02/16  21:00:00,7616950.941493069,820791.0533410786,180000.0,0.0,4089538.3965584678,2290903.6302554826
 02/16  22:00:00,6542970.332406904,761338.0335157758,180000.0,0.0,3194223.2629903653,2135426.8882030244
 02/16  23:00:00,4002126.589147354,784323.0818063889,180000.0,0.0,1186525.706960436,1615559.9390424895
 02/16  24:00:00,2757731.650214632,818425.3697053835,180000.0,0.0,230357.12290762636,1365759.86898298
 02/17  01:00:00,2620823.659406892,824415.1682195904,180000.0,0.0,230357.12290762636,1266897.2845263802
 02/17  02:00:00,2529192.513611662,831646.6068809604,180000.0,0.0,230357.12290762636,1168034.7000697812
 02/17  03:00:00,2499496.9048852785,830343.4598872404,180000.0,0.0,230357.12290762636,1142232.544505667
 02/17  04:00:00,2469445.7148653744,826094.4254314516,180000.0,0.0,230357.12290762636,1116430.388941552
 02/17  05:00:00,2462986.176253497,821358.3747761729,180000.0,0.0,230357.12290762636,1112116.594816403
 02/17  06:00:00,2467254.293654126,819621.4537697656,180000.0,0.0,230357.12290762636,1120711.9393919893
 02/17  07:00:00,2515528.881769945,818882.0369259047,180000.0,0.0,230357.12290762636,1172316.250520219
 02/17  08:00:00,2548061.329592851,811878.7644140248,180000.0,0.0,230357.12290762636,1219622.8893606549
 02/17  09:00:00,4587520.362741013,772971.938246759,180000.0,0.0,230357.12290762636,3310940.2795188315
 02/17  10:00:00,5630276.12891034,726858.3972145081,180000.0,0.0,1231058.308656141,3414650.237983194
 02/17  11:00:00,5154933.61265449,711131.0030846844,180000.0,0.0,1688042.0747481934,2513593.1867764154
 02/17  12:00:00,4773442.258324701,674336.0629072529,180000.0,0.0,2089068.644992239,1788592.6517284121
 02/17  13:00:00,4111633.382540173,641471.9144031262,180000.0,0.0,1578459.2328791805,1680618.561235268
 02/17  14:00:00,3489388.0115542547,628769.6034920149,180000.0,0.0,1119143.916960128,1532981.1232480626
 02/17  15:00:00,3471289.1678147567,609279.0006989372,180000.0,0.0,1133133.2159221296,1520383.583339641
 02/17  16:00:00,4586783.71962348,616419.2112731711,180000.0,0.0,1440897.7930861649,2318383.041241545
 02/17  17:00:00,6774578.836326668,592180.3640698872,180000.0,0.0,2560041.710046293,3393140.9450080404
 02/17  18:00:00,8488005.467130724,588924.4264598166,180000.0,0.0,3320126.95364838,4300522.452617632
 02/17  19:00:00,7629325.460986524,708507.1934844987,180000.0,0.0,4196789.68860048,2419693.8828111505
 02/17  20:00:00,5275020.173512483,679613.1150049015,180000.0,0.0,2396833.222156274,1863155.4662383136
 02/17  21:00:00,5278099.28924068,781541.2102883902,180000.0,0.0,2159015.1398022473,1942547.5271604024
 02/17  22:00:00,4697032.311356354,734577.1301730839,180000.0,0.0,1711357.5730181958,1817247.6036471855
 02/17  23:00:00,4321786.964020088,739560.6317348116,180000.0,0.0,1506181.1882421724,1675869.1197163635
 02/17  24:00:00,3343287.042592216,771101.9769201137,180000.0,0.0,694801.8484460795,1544555.15328158
 02/18  01:00:00,2595388.5604737406,798980.0692864396,180000.0,0.0,230357.12290762636,1266897.2845263802
 02/18  02:00:00,2517191.2931862418,819645.3864555401,180000.0,0.0,230357.12290762636,1168034.7000697812
 02/18  03:00:00,2506788.14247354,837634.6974755019,180000.0,0.0,230357.12290762636,1142232.544505667
 02/18  04:00:00,2497016.8096857397,853665.5202518166,180000.0,0.0,230357.12290762636,1116430.388941552
 02/18  05:00:00,2508566.6456967723,866938.8442194479,180000.0,0.0,230357.12290762636,1112116.594816403
 02/18  06:00:00,2526105.3162547443,878472.476370384,180000.0,0.0,230357.12290762636,1120711.9393919893
 02/18  07:00:00,25905956.493779115,1281796.8746350224,180000.0,0.0,230357.12290762636,24099829.024820272
 02/18  08:00:00,13791829.131586373,1094488.3182918779,180000.0,0.0,1147122.5148841313,11264015.745499816
 02/18  09:00:00,3789090.0791429207,806167.004522043,180000.0,0.0,1207742.8103861383,1501929.2421669436
 02/18  10:00:00,4992879.9497943865,735012.9863991311,180000.0,0.0,2238287.833920256,1761869.9444185027
 02/18  11:00:00,4828956.5819940865,655368.9619954688,180000.0,0.0,2173004.438764249,1758415.8331891713
 02/18  12:00:00,3798077.488001409,607723.9491542763,180000.0,0.0,1393101.0216326592,1575807.6185176761
 02/18  13:00:00,3442193.4605406197,571377.9127934652,180000.0,0.0,1128470.1162681289,1531261.7574564272
 02/18  14:00:00,2194992.461917039,523593.8212566185,180000.0,0.0,230357.12290762636,1232548.1498987458
 02/18  15:00:00,2190199.00331352,518800.3626530993,180000.0,0.0,230357.12290762636,1232548.1498987458
 02/18  16:00:00,2515256.2043145956,524170.57693508884,180000.0,0.0,472371.9949502541,1307629.958406654
 02/18  17:00:00,2351914.6187825548,586700.8562065404,180000.0,0.0,230357.12290762636,1305640.8224659408
 02/18  18:00:00,2570191.3655252373,669743.8526414881,180000.0,0.0,230357.12290762636,1391658.7555712273
 02/18  19:00:00,2933012.8324081204,842760.2744228492,180000.0,0.0,230357.12290762636,1555560.73898725
 02/18  20:00:00,2844518.7322533093,805428.710193392,180000.0,0.0,230357.12290762636,1473314.5290392982
 02/18  21:00:00,4277819.692942744,919768.6739853047,180000.0,0.0,1194686.1313549369,1768369.4756128625
 02/18  22:00:00,4807153.8534515565,844698.6722682868,180000.0,0.0,1711357.5730181958,1817247.6036471855
 02/18  23:00:00,4449181.801555589,866955.469270312,180000.0,0.0,1506181.1882421724,1675869.1197163635
 02/18  24:00:00,2848378.0558426487,919433.0000075991,180000.0,0.0,230357.12290762636,1365759.86898298
 02/19  01:00:00,2755515.035389745,959106.5442024439,180000.0,0.0,230357.12290762636,1266897.2845263802
 02/19  02:00:00,2682639.632481746,985093.7257510442,180000.0,0.0,230357.12290762636,1168034.7000697812
 02/19  03:00:00,2675353.17557338,1003609.4244067924,180000.0,0.0,230357.12290762636,1142232.544505667
 02/19  04:00:00,2663357.793495861,1017416.1978933878,180000.0,0.0,230357.12290762636,1116430.388941552
 02/19  05:00:00,2675445.5558164483,1033817.7543391241,180000.0,0.0,230357.12290762636,1112116.594816403
 02/19  06:00:00,3044494.552221746,1055383.5907399831,180000.0,0.0,463045.795642253,1250223.8376031646
 02/19  07:00:00,3634623.552040233,1067810.189266147,180000.0,0.0,932619.9308001067,1363532.7160747326
 02/19  08:00:00,3942502.0116183246,1042229.0307576982,180000.0,0.0,1147122.5148841313,1485080.0562457982
 02/19  09:00:00,3971496.687172284,996344.5310570562,180000.0,0.0,1207742.8103861383,1501929.2421669436
 02/19  10:00:00,2961897.1532577868,937657.8200912441,180000.0,0.0,480532.41934475506,1291178.3411023912
 02/19  11:00:00,2531861.168001877,844894.420025498,180000.0,0.0,230357.12290762636,1219622.8893606549
 02/19  12:00:00,2412502.0396675942,743667.4348710646,180000.0,0.0,230357.12290762636,1219622.8893606549
 02/19  13:00:00,2319363.207901521,645374.2610725509,180000.0,0.0,230357.12290762636,1232548.1498987458
 02/19  14:00:00,2228748.7352193757,557350.0945589549,180000.0,0.0,230357.12290762636,1232548.1498987458
 02/19  15:00:00,2172536.4793785657,501137.8387181448,180000.0,0.0,230357.12290762636,1232548.1498987458
 02/19  16:00:00,3082612.775391499,448706.19866062334,180000.0,0.0,956401.7390355094,1466421.1636727678
 02/19  17:00:00,3749442.9368137307,471892.6655061679,180000.0,0.0,1394266.7965461595,1654067.657558956
 02/19  18:00:00,4392833.624854879,535613.6862225186,180000.0,0.0,1776640.9681742033,1804737.6422218126
 02/19  19:00:00,5185225.620538692,674898.7652001651,180000.0,0.0,2214972.335650253,1988429.517429329
 02/19  20:00:00,5252948.196227476,644589.6068771451,180000.0,0.0,2396833.222156274,1863155.4662383136
 02/19  21:00:00,7535144.976580009,738985.0884280186,180000.0,0.0,4089538.3965584678,2290903.6302554826
 02/19  22:00:00,4695898.546167953,715311.2218048333,180000.0,0.0,1711357.5730181958,1817247.6036471855
 02/19  23:00:00,3579017.8248696886,739810.752548699,180000.0,0.0,868269.1555748994,1555220.0554080505
 02/19  24:00:00,2713103.5167156435,773797.2362063946,180000.0,0.0,230357.12290762636,1365759.86898298
 02/20  01:00:00,2580410.053132011,784001.56194471,180000.0,0.0,230357.12290762636,1266897.2845263802
 02/20  02:00:00,2485171.433890762,787625.5271600598,180000.0,0.0,230357.12290762636,1168034.7000697812
 02/20  03:00:00,2457700.2594650025,785956.508298415,180000.0,0.0,230357.12290762636,1142232.544505667
 02/20  04:00:00,2433322.822367073,787381.2267646003,180000.0,0.0,230357.12290762636,1116430.388941552
 02/20  05:00:00,2559013.1189034097,790925.9487103836,180000.0,0.0,242481.18200802774,1226451.904431704
 02/20  06:00:00,2609501.1735913362,801490.4975824738,180000.0,0.0,346701.4592749397,1185467.888497577
 02/20  07:00:00,6300520.748193076,761863.0551582915,180000.0,0.0,1632084.8789001864,3635912.0982353534
 02/20  08:00:00,4238446.721407663,746901.3447549769,180000.0,0.0,1606437.8308031836,1617037.1361188064
 02/20  09:00:00,3730354.5199023373,755202.3637871097,180000.0,0.0,1207742.8103861383,1501929.2421669436
 02/20  10:00:00,3724469.19744871,747979.0021210184,180000.0,0.0,1231058.308656141,1492903.3139521533
 02/20  11:00:00,3044113.3054210898,736087.0275753262,180000.0,0.0,716718.4168198821,1354321.125317784
 02/20  12:00:00,2382734.222677027,713899.6178804976,180000.0,0.0,230357.12290762636,1219622.8893606549
 02/20  13:00:00,2339164.581844193,665175.6350152226,180000.0,0.0,230357.12290762636,1232548.1498987458
 02/20  14:00:00,2311677.466251921,640278.8255915004,180000.0,0.0,230357.12290762636,1232548.1498987458
 02/20  15:00:00,2297766.584719722,626367.9440593017,180000.0,0.0,230357.12290762636,1232548.1498987458
 02/20  16:00:00,2284386.8124872264,614711.6597834044,180000.0,0.0,230357.12290762636,1228234.355773597
 02/20  17:00:00,2368859.138972255,603645.3763962396,180000.0,0.0,230357.12290762636,1305640.8224659408
 02/20  18:00:00,3974698.541205262,607319.2855521914,180000.0,0.0,1390070.006857559,1701467.920559166
 02/20  19:00:00,7552742.319423787,629333.7457532119,180000.0,0.0,4196789.68860048,2419693.8828111505
 02/20  20:00:00,7095319.557426453,571821.5855846751,180000.0,0.0,4019591.90174846,2155536.1691375757
 02/20  21:00:00,5195195.764508777,677915.2362080888,180000.0,0.0,2159015.1398022473,1942547.5271604024
 02/20  22:00:00,4194623.65343995,663831.2627434336,180000.0,0.0,1341107.4604905534,1737702.7825082256
 02/20  23:00:00,4271334.937075462,673566.767778887,180000.0,0.0,1506181.1882421724,1675869.1197163635
 02/20  24:00:00,2810827.630435924,710711.3474674118,180000.0,0.0,346468.30429223966,1410458.69005763
 02/21  01:00:00,2539845.1668690145,743436.675681713,180000.0,0.0,230357.12290762636,1266897.2845263802
 02/21  02:00:00,2468730.480071503,771184.573340801,180000.0,0.0,230357.12290762636,1168034.7000697812
 02/21  03:00:00,2472514.548785012,800770.7976184244,180000.0,0.0,230357.12290762636,1142232.544505667
 02/21  04:00:00,2555653.7991478466,834566.1316195596,180000.0,0.0,230357.12290762636,1191576.460867366
 02/21  05:00:00,2501028.774168369,859400.9726910448,180000.0,0.0,230357.12290762636,1112116.594816403
 02/21  06:00:00,2514200.1323849503,887289.7418489893,180000.0,0.0,230357.12290762636,1120711.9393919893
 02/21  07:00:00,2590270.283204459,916936.193877368,180000.0,0.0,230357.12290762636,1172316.250520219
 02/21  08:00:00,4679887.163174404,892705.5886256876,180000.0,0.0,1836095.4887627098,1683015.6760553103
 02/21  09:00:00,3844654.7808889477,869502.6247737198,180000.0,0.0,1207742.8103861383,1501929.2421669436
 02/21  10:00:00,2536688.4943569712,829866.1152441445,180000.0,0.0,230357.12290762636,1223936.683485804
 02/21  11:00:00,2455981.572066808,769014.8240904293,180000.0,0.0,230357.12290762636,1219622.8893606549
 02/21  12:00:00,2369926.686941269,701092.0821447398,180000.0,0.0,230357.12290762636,1219622.8893606549
 02/21  13:00:00,2299811.616405586,625822.6695766153,180000.0,0.0,230357.12290762636,1232548.1498987458
 02/21  14:00:00,2225151.74271161,553753.1020511892,180000.0,0.0,230357.12290762636,1232548.1498987458
 02/21  15:00:00,2168587.416041709,497188.77538128826,180000.0,0.0,230357.12290762636,1232548.1498987458
 02/21  16:00:00,2145924.9820170696,476249.82931324776,180000.0,0.0,230357.12290762636,1228234.355773597
 02/21  17:00:00,7471467.872150471,469217.0622939398,180000.0,0.0,521334.54131725966,6251700.451336825
 02/21  18:00:00,9384128.320298169,450155.3617217447,180000.0,0.0,2934255.457279836,5723876.173060242
 02/21  19:00:00,7555484.319048456,632075.7453778815,180000.0,0.0,4196789.68860048,2419693.8828111505
 02/21  20:00:00,7761095.998961929,599218.2329563363,180000.0,0.0,4560511.461612522,2252996.4034373295
 02/21  21:00:00,7542918.220480422,746758.3323284321,180000.0,0.0,4089538.3965584678,2290903.6302554826
 02/21  22:00:00,6511051.943742298,729419.6448511704,180000.0,0.0,3194223.2629903653,2135426.8882030244
 02/21  23:00:00,5894421.698503552,782267.7891270753,180000.0,0.0,2779207.393784318,1917228.6542541198
 02/21  24:00:00,3443295.998596801,862148.6381466989,180000.0,0.0,693402.9185498795,1544555.1532815802
 02/22  01:00:00,2725214.2750262637,928805.7838389623,180000.0,0.0,230357.12290762636,1266897.2845263802
 02/22  02:00:00,2661807.8725587185,964261.9658280165,180000.0,0.0,230357.12290762636,1168034.7000697812
 02/22  03:00:00,2659014.966319205,987271.2151526171,180000.0,0.0,230357.12290762636,1142232.544505667
 02/22  04:00:00,5392947.31543104,970758.7234761701,180000.0,0.0,230357.12290762636,3892677.3852939494
 02/22  05:00:00,4105184.120896464,947932.0995653674,180000.0,0.0,242481.18200802774,2615616.755569775
 02/22  06:00:00,2970149.7419332974,981038.7804515342,180000.0,0.0,463045.795642253,1250223.8376031646
 02/22  07:00:00,3532415.0270178467,965601.6642437612,180000.0,0.0,932619.9308001067,1363532.7160747326
 02/22  08:00:00,3814197.8586971276,913924.8778365015,180000.0,0.0,1147122.5148841313,1485080.0562457982
 02/22  09:00:00,2596331.1094537624,872259.527210393,180000.0,0.0,230357.12290762636,1228234.355773597
 02/22  10:00:00,2491604.1887983214,784781.8096854944,180000.0,0.0,230357.12290762636,1223936.683485804
 02/22  11:00:00,2366403.552759423,679436.8047830439,180000.0,0.0,230357.12290762636,1219622.8893606549
 02/22  12:00:00,2248946.486614409,580111.8818178793,180000.0,0.0,230357.12290762636,1219622.8893606549
 02/22  13:00:00,2159797.7607387486,485808.81390977785,180000.0,0.0,230357.12290762636,1232548.1498987458
 02/22  14:00:00,2077377.2103774368,405978.569717016,180000.0,0.0,230357.12290762636,1232548.1498987458
 02/22  15:00:00,2020268.1660038433,348869.52534342255,180000.0,0.0,230357.12290762636,1232548.1498987458
 02/22  16:00:00,2997468.578117923,312841.87813125295,180000.0,0.0,472371.99495025404,2001171.031013817
 02/22  17:00:00,6443598.1997781405,261199.72752136004,180000.0,0.0,2560041.710046293,3393140.9450080404
 02/22  18:00:00,6164067.676494482,350282.8657373582,180000.0,0.0,3320126.95364838,2217816.528872398
 02/22  19:00:00,7431412.158292525,508003.58462195133,180000.0,0.0,4196789.68860048,2419693.8828111505
 02/22  20:00:00,5124456.405819797,516097.8164694661,180000.0,0.0,2396833.222156274,1863155.4662383136
 02/22  21:00:00,5175683.510199455,658402.981898766,180000.0,0.0,2159015.1398022473,1942547.5271604024
 02/22  22:00:00,2830980.296262139,649572.7065654285,180000.0,0.0,230357.12290762636,1499068.3190913466
 02/22  23:00:00,2763185.7417775765,682539.7664321731,180000.0,0.0,230357.12290762636,1434570.9910997376
 02/22  24:00:00,2635742.3701969753,696436.0896877269,180000.0,0.0,230357.12290762636,1365759.86898298
 02/23  01:00:00,2501245.2473820522,704836.7561947512,180000.0,0.0,230357.12290762636,1266897.2845263802
 02/23  02:00:00,2405377.2874680622,707831.3807373603,180000.0,0.0,230357.12290762636,1168034.7000697812
 02/23  03:00:00,2378338.4647028325,706594.713536245,180000.0,0.0,230357.12290762636,1142232.544505667
 02/23  04:00:00,2350334.7205917207,704393.1249892474,180000.0,0.0,230357.12290762636,1116430.388941552
 02/23  05:00:00,2409482.8662455254,704625.3804103504,180000.0,0.0,236419.15245782706,1169284.2496240535
 02/23  06:00:00,2508174.433166148,700163.7571572857,180000.0,0.0,346701.4592749397,1185467.888497577
 02/23  07:00:00,2377427.150003997,704093.0606769058,180000.0,0.0,230357.12290762636,1172316.250520219
 02/23  08:00:00,2415046.698529205,696996.2765302277,180000.0,0.0,230357.12290762636,1219622.8893606549
 02/23  09:00:00,3650708.8247098248,674593.345703232,180000.0,0.0,1208675.430316938,1501959.9451275086
 02/23  10:00:00,3611986.8751201555,632232.5100346645,180000.0,0.0,1234322.478413941,1492903.3139521533
 02/23  11:00:00,2329388.470875988,642421.7228996085,180000.0,0.0,230357.12290762636,1219622.8893606549
 02/23  12:00:00,2270871.8973668423,602037.2925703132,180000.0,0.0,230357.12290762636,1219622.8893606549
 02/23  13:00:00,2255430.3023439003,581441.3555149296,180000.0,0.0,230357.12290762636,1232548.1498987458
 02/23  14:00:00,2532118.2821052787,563414.6995944034,180000.0,0.0,452553.8214207518,1307656.393236075
 02/23  15:00:00,3108455.1378509174,544097.8523489475,180000.0,0.0,907439.1926685038,1448424.7249794172
 02/23  16:00:00,3479153.0358800306,523835.98447347037,180000.0,0.0,1198416.611078137,1545816.7663058247
 02/23  17:00:00,3800400.015142937,522849.74383537413,180000.0,0.0,1394266.7965461595,1654067.657558956
 02/23  18:00:00,8097645.562456699,485896.19140956,180000.0,0.0,2548383.9609112917,4787524.081899502
 02/23  19:00:00,8815901.27860383,503327.8537951836,180000.0,0.0,4196789.68860048,3808858.7339492226
 02/23  20:00:00,7639028.317222213,477150.55121661985,180000.0,0.0,4560511.461612522,2252996.4034373295
 02/23  21:00:00,7335381.571907644,539221.6837556539,180000.0,0.0,4089538.3965584678,2290903.6302554826
 02/23  22:00:00,6279274.039570363,497641.7406792362,180000.0,0.0,3194223.2629903653,2135426.8882030244
 02/23  23:00:00,4128158.833868896,531074.7780401385,180000.0,0.0,1505481.7232940726,1675884.471196646
 02/23  24:00:00,2513365.683095647,574059.4025863984,180000.0,0.0,230357.12290762636,1365759.86898298
 02/24  01:00:00,2394557.079714261,598148.5885269598,180000.0,0.0,230357.12290762636,1266897.2845263802
 02/24  02:00:00,2319701.9252109737,622156.0184802716,180000.0,0.0,230357.12290762636,1168034.7000697812
 02/24  03:00:00,2295785.1945061055,626631.7495080675,180000.0,0.0,230357.12290762636,1142232.544505667
 02/24  04:00:00,2276248.159786087,632896.8703521637,180000.0,0.0,230357.12290762636,1116430.388941552
 02/24  05:00:00,2295997.0064372146,654369.2049598903,180000.0,0.0,230357.12290762636,1112116.594816403
 02/24  06:00:00,2344051.802474223,696418.9625898626,180000.0,0.0,230357.12290762636,1120711.9393919893
 02/24  07:00:00,2445127.6039398885,748480.7590958481,180000.0,0.0,230357.12290762636,1172316.250520219
 02/24  08:00:00,2530932.5690198615,794750.0038410352,180000.0,0.0,230357.12290762636,1219622.8893606549
 02/24  09:00:00,2564895.238386206,833052.7376371863,180000.0,0.0,230357.12290762636,1228234.355773597
 02/24  10:00:00,2553086.9765705466,841083.98512062,180000.0,0.0,230357.12290762636,1223936.683485804
 02/24  11:00:00,3766029.339905113,831762.9198528647,180000.0,0.0,1203079.7107321378,1489019.361274913
 02/24  12:00:00,4323863.580879616,830592.489842378,180000.0,0.0,1625090.229419186,1646735.9629212548
 02/24  13:00:00,3730433.3102764324,859617.7625292785,180000.0,0.0,1128470.1162681289,1531261.7574564272
 02/24  14:00:00,3396166.0902428376,832852.6240310527,180000.0,0.0,896947.2184470026,1457872.8799107336
 02/24  15:00:00,3676471.512727216,814461.3456113965,180000.0,0.0,1133133.2159221296,1520383.583339641
 02/24  16:00:00,4737320.546200205,817484.341783889,180000.0,0.0,1925860.1571022202,1782892.3732914971
 02/24  17:00:00,7694393.501689654,818453.9568257099,180000.0,0.0,2560041.710046293,4086682.017615203
 02/24  18:00:00,6690294.965496888,873919.8485712146,180000.0,0.0,3320126.95364838,2217816.528872398
 02/24  19:00:00,5539161.361235244,1031424.8120652669,180000.0,0.0,2214972.335650253,1988429.517429329
 02/24  20:00:00,7505045.690353229,994499.2493542002,180000.0,0.0,4019591.90174846,2155536.1691375757
 02/24  21:00:00,7850182.246687712,1074744.8078841204,180000.0,0.0,4089538.3965584678,2290903.6302554826
 02/24  22:00:00,6816781.971058351,1053281.8153470731,180000.0,0.0,3194223.2629903653,2135426.8882030244
 02/24  23:00:00,6191513.784168558,1094901.7118033809,180000.0,0.0,2779207.393784318,1917228.6542541198
 02/24  24:00:00,4369573.521832443,1156946.3061156874,180000.0,0.0,1156448.7141921325,1723350.4375801804
 02/25  01:00:00,3668532.899020024,1209305.0752238138,180000.0,0.0,573561.2574420656,1586512.4826008505
 02/25  02:00:00,3114768.2456859164,1229924.4735519239,180000.0,0.0,287713.2486518329,1297976.4397288654
 02/25  03:00:00,2920077.845288564,1250924.400290526,180000.0,0.0,230357.12290762636,1142232.544505667
 02/25  04:00:00,2915682.874562201,1272331.5851282775,180000.0,0.0,230357.12290762636,1116430.388941552
 02/25  05:00:00,3053108.1847241,1285021.0145310734,180000.0,0.0,242481.18200802774,1226451.904431704
 02/25  06:00:00,3296826.4086177433,1286992.9977875808,180000.0,0.0,463045.795642253,1250223.8376031646
 02/25  07:00:00,3431326.82824195,1287940.3466744125,180000.0,0.0,581488.5268538665,1267924.4832974758
 02/25  08:00:00,4167673.9703799477,1249268.846339473,180000.0,0.0,1147122.5148841313,1485080.0562457982
 02/25  09:00:00,6857402.409485484,1165269.801292078,180000.0,0.0,1697368.2740561941,3721513.312069417
 02/25  10:00:00,5369232.927438435,1111365.9640431798,180000.0,0.0,2238287.833920256,1761869.9444185027
 02/25  11:00:00,5209088.657390015,1035501.0373913974,180000.0,0.0,2173004.438764249,1758415.8331891713
 02/25  12:00:00,5049372.413986938,950266.2185694891,180000.0,0.0,2089068.644992239,1788592.6517284121
 02/25  13:00:00,4946507.850129258,877000.4616023195,180000.0,0.0,2028448.3494902318,1829975.3650141086
 02/25  14:00:00,4887462.733013649,835759.3176879912,180000.0,0.0,2009795.95087423,1833414.0965973793
 02/25  15:00:00,4851452.097519031,803109.8649582106,180000.0,0.0,2033111.4491442323,1806737.4155625387
 02/25  16:00:00,7102044.732004192,777996.2195060562,180000.0,0.0,2168341.3391102483,3944623.4993652888
 02/25  17:00:00,5581248.309153518,788014.6880348087,180000.0,0.0,2560041.710046293,2003976.0938699686
 02/25  18:00:00,7322156.560960015,812240.3714271784,180000.0,0.0,3320126.95364838,2911357.601479561
 02/25  19:00:00,11268609.203275973,875920.1608906436,180000.0,0.0,4196789.68860048,5891564.657694456
 02/25  20:00:00,7997880.995401275,848954.7602384316,180000.0,0.0,4560511.461612522,2252996.4034373295
 02/25  21:00:00,7189276.000672922,983558.4018321562,180000.0,0.0,3606907.5823694128,2203814.6044817124
 02/25  22:00:00,5368302.850099101,955586.4252838292,180000.0,0.0,2082073.995511238,1896792.4247861453
 02/25  23:00:00,5307835.779798135,968416.5774729084,180000.0,0.0,2142694.2910132455,1796548.8869852414
 02/25  24:00:00,3592028.868783172,1019843.8031110701,180000.0,0.0,694801.8484460795,1544555.15328158
 02/26  01:00:00,2859422.9408846153,1063014.4496973143,180000.0,0.0,230357.12290762636,1266897.2845263802
 02/26  02:00:00,2781985.5228682207,1084439.616137519,180000.0,0.0,230357.12290762636,1168034.7000697812
 02/26  03:00:00,2770362.6450432716,1098618.8938766837,180000.0,0.0,230357.12290762636,1142232.544505667
 02/26  04:00:00,2755289.854491845,1109348.2588893715,180000.0,0.0,230357.12290762636,1116430.388941552
 02/26  05:00:00,2887662.9143655635,1119575.7441725377,180000.0,0.0,242481.18200802774,1226451.904431704
 02/26  06:00:00,3020859.6710130107,1122298.852267698,180000.0,0.0,404873.62745859637,1217845.8630503707
 02/26  07:00:00,3675298.399599902,1108485.0368258161,180000.0,0.0,932619.9308001067,1363532.7160747326
 02/26  08:00:00,3394826.9069117587,1085665.2054819572,180000.0,0.0,688739.8188958789,1352351.4728032267
 02/26  09:00:00,2792208.366063534,1068136.7838201642,180000.0,0.0,230357.12290762636,1228234.355773597
 02/26  10:00:00,2722917.6173686497,1016095.2382558224,180000.0,0.0,230357.12290762636,1223936.683485804
 02/26  11:00:00,2640454.07228899,953487.3243126114,180000.0,0.0,230357.12290762636,1219622.8893606549
 02/26  12:00:00,2568087.0087018902,899252.4039053608,180000.0,0.0,230357.12290762636,1219622.8893606549
 02/26  13:00:00,2538909.9016109253,864920.954781955,180000.0,0.0,230357.12290762636,1232548.1498987458
 02/26  14:00:00,2515040.232045638,843641.591385217,180000.0,0.0,230357.12290762636,1232548.1498987458
 02/26  15:00:00,2504104.4644315504,832705.8237711295,180000.0,0.0,230357.12290762636,1232548.1498987458
 02/26  16:00:00,2507533.427674381,837858.2749705596,180000.0,0.0,230357.12290762636,1228234.355773597
 02/26  17:00:00,3990818.0757071157,837675.9791086827,180000.0,0.0,230357.12290762636,2693569.156488359
 02/26  18:00:00,8103877.813510563,786489.4242824437,180000.0,0.0,2934255.457279836,4107291.603711939
 02/26  19:00:00,7777249.121968467,853840.5482978923,180000.0,0.0,4196789.68860048,2419693.8828111505
 02/26  20:00:00,7924294.585147265,762416.8191416728,180000.0,0.0,4560511.461612522,2252996.4034373295
 02/26  21:00:00,7087238.621769181,860798.5735800164,180000.0,0.0,3606907.5823694128,2203814.6044817124
 02/26  22:00:00,6845519.288408127,782226.0402997737,180000.0,0.0,1711357.5730181958,3899953.5273924205
 02/26  23:00:00,4415283.150095407,817514.9807988309,180000.0,0.0,1506181.1882421724,1675869.1197163635
 02/26  24:00:00,3094746.0389074176,833819.753479642,180000.0,0.0,462579.485676853,1455157.5111322799
 02/27  01:00:00,2642151.4897959414,845742.9986086404,180000.0,0.0,230357.12290762636,1266897.2845263802
 02/27  02:00:00,2545915.87212984,848369.9653991379,180000.0,0.0,230357.12290762636,1168034.7000697812
 02/27  03:00:00,2520879.436237752,849135.6850711642,180000.0,0.0,230357.12290762636,1142232.544505667
 02/27  04:00:00,2494792.8878665306,848851.2922640578,180000.0,0.0,230357.12290762636,1116430.388941552
 02/27  05:00:00,2490214.9212636133,848587.119786289,180000.0,0.0,230357.12290762636,1112116.594816403
 02/27  06:00:00,2474827.049087245,847916.6585512839,180000.0,0.0,230357.12290762636,1120711.9393919893
 02/27  07:00:00,2742850.2101292512,846146.3024404115,180000.0,0.0,405922.8248807464,1220120.3669088474
 02/27  08:00:00,3725654.338974762,825381.3581141355,180000.0,0.0,1147122.5148841313,1485080.0562457982
 02/27  09:00:00,2549806.6729170466,825735.0906736772,180000.0,0.0,230357.12290762636,1228234.355773597
 02/27  10:00:00,2518742.3982405346,811920.019127708,180000.0,0.0,230357.12290762636,1223936.683485804
 02/27  11:00:00,2476800.6206543176,789833.8726779389,180000.0,0.0,230357.12290762636,1219622.8893606549
 02/27  12:00:00,2431706.773040708,762872.1682441786,180000.0,0.0,230357.12290762636,1219622.8893606549
 02/27  13:00:00,2387812.359513326,713823.412684356,180000.0,0.0,230357.12290762636,1232548.1498987458
 02/27  14:00:00,2351321.2663487718,679922.6256883512,180000.0,0.0,230357.12290762636,1232548.1498987458
 02/27  15:00:00,2933509.4202475576,666805.0163594374,180000.0,0.0,681745.1694148779,1376465.8666191935
 02/27  16:00:00,6276081.193840989,595045.4500160231,180000.0,0.0,1683378.9750941927,3786573.0947081745
 02/27  17:00:00,6477462.355630614,580825.7089640817,180000.0,0.0,2560041.710046293,3107379.1194177913
 02/27  18:00:00,7142709.319516153,635383.4361518672,180000.0,0.0,3320126.95364838,2911357.601479561
 02/27  19:00:00,12226040.437935308,727358.0638336041,180000.0,0.0,4196789.68860048,6994967.683242278
 02/27  20:00:00,9007977.416065078,742696.624511664,180000.0,0.0,4560511.461612522,3356399.428985152
 02/27  21:00:00,7705375.908443251,909216.0202912603,180000.0,0.0,4089538.3965584678,2290903.6302554826
 02/27  22:00:00,6667838.095647634,886205.796756507,180000.0,0.0,3194223.2629903653,2135426.8882030244
 02/27  23:00:00,3806651.6642681723,967444.5919471825,180000.0,0.0,868269.1555748994,1555220.0554080505
 02/27  24:00:00,2989401.8629349964,1050095.5824257475,180000.0,0.0,230357.12290762636,1365759.86898298
 02/28  01:00:00,2905978.0737978294,1109569.582610528,180000.0,0.0,230357.12290762636,1266897.2845263802
 02/28  02:00:00,2843253.6363829225,1145707.7296522204,180000.0,0.0,230357.12290762636,1168034.7000697812
 02/28  03:00:00,2847337.634683638,1175593.8835170502,180000.0,0.0,230357.12290762636,1142232.544505667
 02/28  04:00:00,2844402.488079383,1198460.89247691,180000.0,0.0,230357.12290762636,1116430.388941552
 02/28  05:00:00,2854103.1754090423,1212475.373931718,180000.0,0.0,230357.12290762636,1112116.594816403
 02/28  06:00:00,2844151.7247292963,1217241.3341933351,180000.0,0.0,230357.12290762636,1120711.9393919893
 02/28  07:00:00,4428992.8748034,1195325.7071427149,180000.0,0.0,1457218.6418751664,1505787.809886272
 02/28  08:00:00,4344308.40868282,1148318.6717455466,180000.0,0.0,1377246.4828090575,1550672.8443975206
 02/28  09:00:00,2853569.5874597887,1129498.0052164195,180000.0,0.0,230357.12290762636,1228234.355773597
 02/28  10:00:00,2767223.7410805076,1060401.361967681,180000.0,0.0,230357.12290762636,1223936.683485804
 02/28  11:00:00,2656291.9888336323,969325.2408572533,180000.0,0.0,230357.12290762636,1219622.8893606549
 02/28  12:00:00,2540133.8131506657,871299.2083541363,180000.0,0.0,230357.12290762636,1219622.8893606549
 02/28  13:00:00,2456242.9870039932,782254.0401750229,180000.0,0.0,230357.12290762636,1232548.1498987458
 02/28  14:00:00,2374872.2009569276,703473.5602965069,180000.0,0.0,230357.12290762636,1232548.1498987458
 02/28  15:00:00,2331030.420220441,659631.7795600205,180000.0,0.0,230357.12290762636,1232548.1498987458
 02/28  16:00:00,3339323.4666162007,654696.766629531,180000.0,0.0,472371.99495025404,2001171.031013817
 02/28  17:00:00,7514710.1118369065,607829.4514850897,180000.0,0.0,2268597.9816712597,4409066.861478109
 02/28  18:00:00,7298004.973255537,630110.4184846191,180000.0,0.0,3320126.95364838,3071926.2728861943
 02/28  19:00:00,9790105.788011424,731422.8543063628,180000.0,0.0,4196789.68860048,4554968.24284564
 02/28  20:00:00,8226921.754050036,673754.9615681227,180000.0,0.0,4560511.461612522,2644285.4299136493
 02/28  21:00:00,6466783.359287974,810063.1510616351,180000.0,0.0,3124276.7681803573,2116725.5787079427
 02/28  22:00:00,4772438.642739474,791851.3183763546,180000.0,0.0,1711357.5730181958,1817247.6036471855
 02/28  23:00:00,4045603.298011207,827115.677202424,180000.0,0.0,1187225.1719085358,1615544.5875622071
 02/28  24:00:00,2831811.7691879575,892505.4886787086,180000.0,0.0,230357.12290762636,1365759.86898298
 03/01  01:00:00,2769789.822375565,919793.1860787463,180000.0,0.0,230357.12290762636,1345510.6309969712
 03/01  02:00:00,2698437.712516345,938366.7510803473,180000.0,0.0,230357.12290762636,1255584.9561361503
 03/01  03:00:00,2689208.5317292335,955316.2904011817,180000.0,0.0,230357.12290762636,1229406.2360282047
 03/01  04:00:00,2676719.6565307546,969006.1353106487,180000.0,0.0,230357.12290762636,1203227.5159202588
 03/01  05:00:00,2681770.417807509,981486.5123562685,180000.0,0.0,230357.12290762636,1195797.9001513938
 03/01  06:00:00,2929473.2762644393,990781.8557709808,180000.0,0.0,453719.5963342519,1229259.4622350298
 03/01  07:00:00,4032637.0508277593,977516.4952246712,180000.0,0.0,1419913.8446431626,1383586.9091397584
 03/01  08:00:00,2758825.9770944864,974632.7309677033,180000.0,0.0,230357.12290762636,1304262.6014509937
 03/01  09:00:00,2726251.1754049812,932924.7726935217,180000.0,0.0,230357.12290762636,1315442.038087675
 03/01  10:00:00,2654188.079257328,874842.8976737085,180000.0,0.0,230357.12290762636,1311692.2172198591
 03/01  11:00:00,2575740.5747296177,816102.6892268918,180000.0,0.0,230357.12290762636,1304262.6014509937
 03/01  12:00:00,2502489.9202913214,757175.9951526296,180000.0,0.0,230357.12290762636,1304262.6014509937
 03/01  13:00:00,2462020.1633752277,704236.0259870036,180000.0,0.0,230357.12290762636,1322871.65385654
 03/01  14:00:00,2408951.3652860015,653213.5079497823,180000.0,0.0,230357.12290762636,1322871.65385654
 03/01  15:00:00,2349849.7896170923,594111.932280873,180000.0,0.0,230357.12290762636,1322871.65385654
 03/01  16:00:00,6098486.980366962,524348.2918653152,180000.0,0.0,1105154.6179981267,4264428.709879464
 03/01  17:00:00,8751846.294794094,448146.0474033049,180000.0,0.0,1217069.0096941392,6867751.91670856
 03/01  18:00:00,5127580.287031615,536309.4023865666,180000.0,0.0,2415485.620772276,1920072.901948595
 03/01  19:00:00,6631470.62371225,640092.1636989028,180000.0,0.0,3534629.5377324047,2176481.199732708
 03/01  20:00:00,4948431.442099313,620517.1680126723,180000.0,0.0,2228961.634612255,1785944.4360940745
 03/01  21:00:00,6866942.734284346,712889.6892137656,180000.0,0.0,3770116.0702594314,2017725.4900787128
 03/01  22:00:00,3822398.5749198664,685062.0300989794,180000.0,0.0,1085103.2894859242,1657373.8498744592
 03/01  23:00:00,2844422.026302184,741380.5942161242,180000.0,0.0,230357.12290762636,1506472.824445997
 03/01  24:00:00,2743141.2627430186,768432.1907012983,180000.0,0.0,230357.12290762636,1435436.305857791
 03/02  01:00:00,2635128.548640406,785131.9123435875,180000.0,0.0,230357.12290762636,1345510.6309969712
 03/02  02:00:00,2559840.348667771,799769.3872317738,180000.0,0.0,230357.12290762636,1255584.9561361503
 03/02  03:00:00,2549256.512625693,815364.2712976414,180000.0,0.0,230357.12290762636,1229406.2360282047
 03/02  04:00:00,2540623.45636919,832909.9351490841,180000.0,0.0,230357.12290762636,1203227.5159202588
 03/02  05:00:00,2548535.3434931133,848251.4380418727,180000.0,0.0,230357.12290762636,1195797.9001513938
 03/02  06:00:00,2548477.940834091,859110.9141152615,180000.0,0.0,230357.12290762636,1203297.541887026
 03/02  07:00:00,3342302.087057581,851686.2923668252,180000.0,0.0,910237.0524609042,1328758.9404096839
 03/02  08:00:00,3362075.3126168647,809047.6415689525,180000.0,0.0,899745.078239403,1403709.071040346
 03/02  09:00:00,2586560.013384328,793233.6106728683,180000.0,0.0,230357.12290762636,1315442.038087675
 03/02  10:00:00,2522442.0900113885,743096.9084277686,180000.0,0.0,230357.12290762636,1311692.2172198591
 03/02  11:00:00,2456363.2599935583,696725.3744908328,180000.0,0.0,230357.12290762636,1304262.6014509937
 03/02  12:00:00,2408338.7740665483,663024.8489278564,180000.0,0.0,230357.12290762636,1304262.6014509937
 03/02  13:00:00,2392112.314360012,634328.1769717876,180000.0,0.0,230357.12290762636,1322871.65385654
 03/02  14:00:00,2375508.4290709742,619770.5717347546,180000.0,0.0,230357.12290762636,1322871.65385654
 03/02  15:00:00,2370370.4517565398,614632.5944203206,180000.0,0.0,230357.12290762636,1322871.65385654
 03/02  16:00:00,2370640.2434461927,620285.7218268332,180000.0,0.0,230357.12290762636,1315442.038087675
 03/02  17:00:00,3644023.137613037,615816.9950689259,180000.0,0.0,1217069.0096941392,1592257.811861881
 03/02  18:00:00,4836967.014826474,620463.679367541,180000.0,0.0,2103057.9439542405,1857733.0295805149
 03/02  19:00:00,6217776.006616371,704981.683739442,180000.0,0.0,3121945.2183533576,2110581.3819753365
 03/02  20:00:00,5000775.245899289,672860.9718126477,180000.0,0.0,2228961.634612255,1785944.4360940745
 03/02  21:00:00,5815127.708274958,772171.6968412867,180000.0,0.0,2758223.4453413156,1918521.0813599196
 03/02  22:00:00,4802662.947936069,723286.113927762,180000.0,0.0,1939849.456064222,1744667.9724835816
 03/02  23:00:00,2877104.6473382195,774063.2152521596,180000.0,0.0,230357.12290762636,1506472.824445997
 03/02  24:00:00,2791153.2249637335,816444.1529220134,180000.0,0.0,230357.12290762636,1435436.305857791
 03/03  01:00:00,2696478.695424457,846482.0591276385,180000.0,0.0,230357.12290762636,1345510.6309969712
 03/03  02:00:00,2635899.5829622014,875828.6215262038,180000.0,0.0,230357.12290762636,1255584.9561361503
 03/03  03:00:00,2637846.864719752,906000.9034437055,180000.0,0.0,230357.12290762636,1229406.2360282047
 03/03  04:00:00,2642343.321987341,936676.0808192401,180000.0,0.0,230357.12290762636,1203227.5159202588
 03/03  05:00:00,2669462.903257589,969178.9978063479,180000.0,0.0,230357.12290762636,1195797.9001513938
 03/03  06:00:00,2707457.702894919,1001720.4357600508,180000.0,0.0,230357.12290762636,1203297.541887026
 03/03  07:00:00,2788039.2646969836,1031990.8373982282,180000.0,0.0,230357.12290762636,1255654.9821029177
 03/03  08:00:00,2837281.069682827,1038763.8631920107,180000.0,0.0,230357.12290762636,1304262.6014509937
 03/03  09:00:00,2812218.24791141,1012753.0050439356,180000.0,0.0,230357.12290762636,1315442.038087675
 03/03  10:00:00,2744452.341770981,961014.6000833511,180000.0,0.0,230357.12290762636,1311692.2172198591
 03/03  11:00:00,3716771.0664450545,900244.9769340719,180000.0,0.0,1147122.5148841313,1440292.8533787369
 03/03  12:00:00,3617026.5763814254,846126.1315326863,180000.0,0.0,1105154.6179981267,1453005.3460185362
 03/03  13:00:00,3803503.7522590654,792408.2328527183,180000.0,0.0,1284683.9546771469,1521856.2041051427
 03/03  14:00:00,3495997.6969390395,742179.4465436821,180000.0,0.0,1067849.8207661223,1483459.3490571824
 03/03  15:00:00,5298378.312058187,706960.296763923,180000.0,0.0,1911870.8581402185,2477038.076581992
 03/03  16:00:00,6153313.140461164,697005.929339115,180000.0,0.0,1541154.4356471763,3710597.4148508147
 03/03  17:00:00,4056253.103423916,743521.652405209,180000.0,0.0,1217069.0096941392,1876783.1203364767
 03/03  18:00:00,5787994.647608547,819909.9337253757,180000.0,0.0,2727913.297590312,1982412.7743166755
 03/03  19:00:00,5111315.220456451,1037389.4542933812,180000.0,0.0,1883192.7952681156,1912511.5283987238
 03/03  20:00:00,3149614.2698181793,1061539.9519297262,180000.0,0.0,230357.12290762636,1554940.391860539
 03/03  21:00:00,5679131.312855667,1208094.0586564895,180000.0,0.0,2252277.1328822575,1868918.8770005233
 03/03  22:00:00,7954695.14772517,1113395.277728498,180000.0,0.0,1939849.456064222,4520914.968835979
 03/03  23:00:00,5608370.212514113,1134571.0726411701,180000.0,0.0,1249710.707272143,2870154.6281803916
 03/03  24:00:00,4101993.3667295664,1211568.4963482332,180000.0,0.0,1041036.9977556192,1548657.3495574305
 03/04  01:00:00,3441641.583126503,1258829.4000227936,180000.0,0.0,488226.5337738559,1420456.7669376323
 03/04  02:00:00,3150882.522024635,1307125.078969648,180000.0,0.0,287713.2486518329,1281915.3120109332
 03/04  03:00:00,3092665.115578863,1346832.8555410537,180000.0,0.0,230357.12290762636,1243392.5347899671
 03/04  04:00:00,3089183.7846198315,1380699.7301906396,180000.0,0.0,230357.12290762636,1206044.3291813494
 03/04  05:00:00,3128982.40078166,1405865.7135158414,180000.0,0.0,240615.94214642755,1208371.8627271699
 03/04  06:00:00,3259164.8097365056,1428765.3457143225,180000.0,0.0,342038.3596209392,1216278.502061028
 03/04  07:00:00,3198928.7328384425,1442880.3055396874,180000.0,0.0,230357.12290762636,1255654.9821029177
 03/04  08:00:00,3206462.4066547686,1407945.200163952,180000.0,0.0,230357.12290762636,1304262.6014509937
 03/04  09:00:00,5608861.71840911,1328788.4616355712,180000.0,0.0,698066.0182038799,3328341.1566974856
 03/04  10:00:00,4111296.1975934757,1247391.243683244,180000.0,0.0,1175101.1128081344,1447415.439541953
 03/04  11:00:00,4000010.8942489848,1183484.8047380021,180000.0,0.0,1147122.5148841313,1440292.8533787369
 03/04  12:00:00,3880652.4913987652,1109752.0465500255,180000.0,0.0,1105154.6179981267,1453005.3460185362
 03/04  13:00:00,4784646.708217508,1017610.512338249,180000.0,0.0,1921197.0574482195,1641283.7778069824
 03/04  14:00:00,4687577.914357272,938477.1306951765,180000.0,0.0,1902544.6588322176,1644047.044257825
 03/04  15:00:00,4624411.186394819,887102.9151143514,180000.0,0.0,1911870.8581402185,1622928.3325681963
 03/04  16:00:00,5383983.206266381,846268.1236333484,180000.0,0.0,1977154.253296226,2356005.4687127485
 03/04  17:00:00,5117069.209831689,839239.5130404364,180000.0,0.0,1217069.0096941392,2841881.366109022
 03/04  18:00:00,4391580.524848362,922566.0077096565,180000.0,0.0,1478202.5903181692,1733053.2848443538
 03/04  19:00:00,6785329.485755812,1059624.507460143,180000.0,0.0,2709260.89897431,2738222.6368251285
 03/04  20:00:00,8738132.031134106,944076.3128357136,180000.0,0.0,4224768.286524483,3266510.6286536213
 03/04  21:00:00,7770949.793298251,1077718.4718252541,180000.0,0.0,4276062.3827184895,2067327.6944381092
 03/04  22:00:00,6959856.032505326,1013520.4402786116,180000.0,0.0,3646543.9294284177,1919256.2177018262
 03/04  23:00:00,5407291.015757098,1049381.3635570516,180000.0,0.0,2270929.53149826,1733046.3162813787
 03/04  24:00:00,3341955.563603925,1110860.37937253,180000.0,0.0,462579.485676853,1467785.1754862596
 03/05  01:00:00,2992290.5608162987,1142293.92451948,180000.0,0.0,230357.12290762636,1345510.6309969712
 03/05  02:00:00,2913577.408945836,1153506.4475098387,180000.0,0.0,230357.12290762636,1255584.9561361503
 03/05  03:00:00,2891735.024412198,1157842.7830841462,180000.0,0.0,230357.12290762636,1229406.2360282047
 03/05  04:00:00,2867678.6919534104,1159965.170733305,180000.0,0.0,230357.12290762636,1203227.5159202588
 03/05  05:00:00,2877382.7607721165,1165682.4644135865,180000.0,0.0,235486.53252702695,1202084.8814392819
 03/05  06:00:00,3115769.380524647,1177077.9600311883,180000.0,0.0,453719.5963342519,1229259.4622350298
 03/05  07:00:00,6407542.715690643,1141612.544578289,180000.0,0.0,909304.4325301041,4105005.9367620805
 03/05  08:00:00,12131081.529356448,989525.5346837568,180000.0,0.0,1123807.0166141286,9768175.4562904
 03/05  09:00:00,4849073.155549332,1008236.3123453272,180000.0,0.0,1165774.9135001334,2427534.6879877136
 03/05  10:00:00,3858115.451889063,998303.0580828422,180000.0,0.0,1175101.1128081344,1447415.439541953
 03/05  11:00:00,2983578.2361291936,960741.439650406,180000.0,0.0,459548.47090175265,1338270.1644329294
 03/05  12:00:00,2668038.6381536927,922724.7130150005,180000.0,0.0,230357.12290762636,1304262.6014509937
 03/05  13:00:00,2614677.0482184063,856892.9108301817,180000.0,0.0,230357.12290762636,1322871.65385654
 03/05  14:00:00,2555498.35589029,799760.4985540702,180000.0,0.0,230357.12290762636,1322871.65385654
 03/05  15:00:00,2520084.0349667454,764346.1776305264,180000.0,0.0,230357.12290762636,1322871.65385654
 03/05  16:00:00,2528854.0547979753,778499.5331786163,180000.0,0.0,230357.12290762636,1315442.038087675
 03/05  17:00:00,2661564.9640594483,818350.3217522174,180000.0,0.0,230357.12290762636,1393978.1984115131
 03/05  18:00:00,2839921.8541160654,870158.5739122293,180000.0,0.0,230357.12290762636,1483693.795372032
 03/05  19:00:00,4118547.2972236564,1000813.3905340191,180000.0,0.0,1057124.691561921,1780341.4925794818
 03/05  20:00:00,5796849.762496035,912248.165853235,180000.0,0.0,2727913.2975903116,1843680.095672176
 03/05  21:00:00,7693659.777616454,984058.2157274196,180000.0,0.0,4276062.3827184895,2067327.6944381092
 03/05  22:00:00,6412636.647275515,922297.7743303784,180000.0,0.0,3219870.311087369,1875609.1563972651
 03/05  23:00:00,3098607.098421242,995565.6663351825,180000.0,0.0,230357.12290762636,1506472.824445997
 03/05  24:00:00,3019558.9202308245,1044849.8481891043,180000.0,0.0,230357.12290762636,1435436.305857791
 03/06  01:00:00,2926805.790130995,1076809.153834177,180000.0,0.0,230357.12290762636,1345510.6309969712
 03/06  02:00:00,2861364.6681248983,1101293.7066889012,180000.0,0.0,230357.12290762636,1255584.9561361503
 03/06  03:00:00,2860459.4086197373,1126567.1672916852,180000.0,0.0,230357.12290762636,1229406.2360282047
 03/06  04:00:00,2866768.603407572,1159055.0821874659,180000.0,0.0,230357.12290762636,1203227.5159202588
 03/06  05:00:00,2890575.527120012,1190291.6216687714,180000.0,0.0,230357.12290762636,1195797.9001513938
 03/06  06:00:00,3089017.7413584376,1212657.4193086359,180000.0,0.0,397878.9779775955,1222768.982148029
 03/06  07:00:00,3688556.450536015,1198873.2757760598,180000.0,0.0,909304.4325301041,1328758.9404096839
 03/06  08:00:00,3185647.314515453,1144819.304997427,180000.0,0.0,453719.596334252,1337534.891415611
 03/06  09:00:00,3922829.002001933,1054615.825186952,180000.0,0.0,1165774.9135001334,1454911.021598689
 03/06  10:00:00,3822615.4664067794,962803.0726005575,180000.0,0.0,1175101.1128081344,1447415.439541953
 03/06  11:00:00,3693787.624717692,881354.0953107188,180000.0,0.0,1147122.5148841313,1440292.8533787369
 03/06  12:00:00,3572882.373346042,804028.208549307,180000.0,0.0,1105154.6179981267,1453005.3460185362
 03/06  13:00:00,3489483.0458543114,730367.7519389351,180000.0,0.0,1072512.9204201226,1482047.0128711963
 03/06  14:00:00,2918726.421061896,663948.3671961068,180000.0,0.0,649103.4718368744,1403165.5014568614
 03/06  15:00:00,2369739.003914939,614001.1465787194,180000.0,0.0,230357.12290762636,1322871.65385654
 03/06  16:00:00,2581561.352174637,569322.537922805,180000.0,0.0,449056.4966802515,1358626.9569475232
 03/06  17:00:00,4734115.890136941,523716.1071483493,180000.0,0.0,2200983.036688252,1790537.4253122492
 03/06  18:00:00,7435068.772133751,525865.7114482825,180000.0,0.0,2727913.297590312,3925577.4011709793
 03/06  19:00:00,6663551.275243433,672172.8152300857,180000.0,0.0,3534629.5377324047,2176481.199732708
 03/06  20:00:00,7665982.761167716,627744.0633155061,180000.0,0.0,4224768.286524483,2500462.2079474144
 03/06  21:00:00,15352196.314465547,875162.249450573,180000.0,0.0,3264169.7578003737,10846652.822482163
 03/06  22:00:00,19362618.155176602,1138703.390198961,180000.0,0.0,230357.12290762636,17598698.23660951
 03/06  23:00:00,2914211.467810167,811170.0357241072,180000.0,0.0,230357.12290762636,1506472.824445997
 03/06  24:00:00,2845385.5115895583,870676.4395478383,180000.0,0.0,230357.12290762636,1435436.305857791
 03/07  01:00:00,2779036.9303134237,929040.2940166054,180000.0,0.0,230357.12290762636,1345510.6309969712
 03/07  02:00:00,2737575.6718863677,977504.7104503703,180000.0,0.0,230357.12290762636,1255584.9561361503
 03/07  03:00:00,2753852.8279188043,1019960.5865907521,180000.0,0.0,230357.12290762636,1229406.2360282047
 03/07  04:00:00,2766903.861020323,1059190.3398002172,180000.0,0.0,230357.12290762636,1203227.5159202588
 03/07  05:00:00,2795669.964361758,1089677.8634568732,180000.0,0.0,232921.82771732667,1198941.390795338
 03/07  06:00:00,2988049.1832462586,1111688.8611964567,180000.0,0.0,397878.9779775955,1222768.982148029
 03/07  07:00:00,3596401.594685629,1106718.419925674,180000.0,0.0,909304.4325301041,1328758.9404096839
 03/07  08:00:00,3855265.246188823,1044532.9464970685,180000.0,0.0,1123807.0166141286,1437351.7613094628
 03/07  09:00:00,3300294.613822844,969524.8240596241,180000.0,0.0,698066.0182038799,1385176.529843182
 03/07  10:00:00,2684151.8033569446,904806.6217733248,180000.0,0.0,230357.12290762636,1311692.2172198591
 03/07  11:00:00,2582926.2606244404,823288.3751217148,180000.0,0.0,230357.12290762636,1304262.6014509937
 03/07  12:00:00,2501759.9716448067,756446.0465061141,180000.0,0.0,230357.12290762636,1304262.6014509937
 03/07  13:00:00,2460043.8046063134,702259.6672180893,180000.0,0.0,230357.12290762636,1322871.65385654
 03/07  14:00:00,2414881.3467219104,659143.489385691,180000.0,0.0,230357.12290762636,1322871.65385654
 03/07  15:00:00,2386374.0839234013,630636.2265871817,180000.0,0.0,230357.12290762636,1322871.65385654
 03/07  16:00:00,2359963.2577000773,609608.7360807183,180000.0,0.0,230357.12290762636,1315442.038087675
 03/07  17:00:00,6137576.680225637,575109.0906049814,180000.0,0.0,1709026.0231911954,3634562.245441369
 03/07  18:00:00,5549231.94967724,583193.515846076,180000.0,0.0,2727913.297590312,1982412.7743166755
 03/07  19:00:00,6706054.12990026,714675.6698869132,180000.0,0.0,3534629.5377324047,2176481.199732708
 03/07  20:00:00,7211430.34612182,656766.7818105433,180000.0,0.0,4224768.286524483,2016887.0744064804
 03/07  21:00:00,7480999.842108639,771398.2802196045,180000.0,0.0,4276062.3827184895,2067327.6944381092
 03/07  22:00:00,6219460.999233843,729122.126288706,180000.0,0.0,3219870.311087369,1875609.1563972651
 03/07  23:00:00,2904467.0886705415,801425.6565844814,180000.0,0.0,230357.12290762636,1506472.824445997
 03/07  24:00:00,2820456.2804177403,845747.2083760203,180000.0,0.0,230357.12290762636,1435436.305857791
 03/08  01:00:00,2717920.9694359596,867924.333139141,180000.0,0.0,230357.12290762636,1345510.6309969712
 03/08  02:00:00,2642208.647469509,882137.6860335115,180000.0,0.0,230357.12290762636,1255584.9561361503
 03/08  03:00:00,2619961.162229214,886068.9209011621,180000.0,0.0,230357.12290762636,1229406.2360282047
 03/08  04:00:00,2590973.958658343,883260.4374382376,180000.0,0.0,230357.12290762636,1203227.5159202588
 03/08  05:00:00,2579591.87186841,879307.9664171695,180000.0,0.0,230357.12290762636,1195797.9001513938
 03/08  06:00:00,2566852.3295100285,877485.3027911985,180000.0,0.0,230357.12290762636,1203297.541887026
 03/08  07:00:00,3720642.9254282764,854001.4967728993,180000.0,0.0,1249710.707272143,1365310.919563067
 03/08  08:00:00,4122422.953325593,800560.8573565525,180000.0,0.0,1569133.0335711795,1503155.5406296984
 03/08  09:00:00,4739135.170242114,733922.4471504701,180000.0,0.0,464211.5705557532,3293473.910819732
 03/08  10:00:00,2495261.681542575,715916.4999589552,180000.0,0.0,230357.12290762636,1311692.2172198591
 03/08  11:00:00,2409841.22947184,650203.3439691141,180000.0,0.0,230357.12290762636,1304262.6014509937
 03/08  12:00:00,2334173.4668736565,588859.5417349645,180000.0,0.0,230357.12290762636,1304262.6014509937
 03/08  13:00:00,2273933.170031308,516149.03264308366,180000.0,0.0,230357.12290762636,1322871.65385654
 03/08  14:00:00,2210421.1462376644,454683.2889014449,180000.0,0.0,230357.12290762636,1322871.65385654
 03/08  15:00:00,2165622.0377437547,409884.1804075352,180000.0,0.0,230357.12290762636,1322871.65385654
 03/08  16:00:00,2113013.9917309815,362659.4701116224,180000.0,0.0,230357.12290762636,1315442.038087675
 03/08  17:00:00,2190856.4369981745,347641.7946909438,180000.0,0.0,230357.12290762636,1393978.1984115131
 03/08  18:00:00,2383403.234436537,413639.95423270133,180000.0,0.0,230357.12290762636,1483693.795372032
 03/08  19:00:00,4628159.551400799,552187.5051857253,180000.0,0.0,1883192.7952681156,1912511.5283987236
 03/08  20:00:00,7031384.764595762,476721.2002844848,180000.0,0.0,4224768.286524483,2016887.0744064804
 03/08  21:00:00,7298458.505827865,588856.9439388292,180000.0,0.0,4276062.3827184895,2067327.6944381092
 03/08  22:00:00,6529185.873951118,568526.3213603715,180000.0,0.0,3646543.9294284177,1919256.2177018262
 03/08  23:00:00,3035331.3637528378,648936.9732038353,180000.0,0.0,485195.5189987556,1534987.3868178106
 03/08  24:00:00,2687474.4019322707,712765.3298905506,180000.0,0.0,230357.12290762636,1435436.305857791
 03/09  01:00:00,2595921.3548726444,745924.718575826,180000.0,0.0,230357.12290762636,1345510.6309969712
 03/09  02:00:00,2566078.2640327667,764164.0617872742,180000.0,0.0,259035.18577972965,1268750.1340735417
 03/09  03:00:00,2520430.9705971484,772552.430507334,180000.0,0.0,230357.12290762636,1243392.5347899671
 03/09  04:00:00,2482838.1962901456,774420.4717547672,180000.0,0.0,230357.12290762636,1203931.7192355315
 03/09  05:00:00,2470672.715060402,770388.8096091616,180000.0,0.0,230357.12290762636,1195797.9001513938
 03/09  06:00:00,2449887.929644015,760520.9029251853,180000.0,0.0,230357.12290762636,1203297.541887026
 03/09  07:00:00,2849193.1813088376,735535.6405135042,180000.0,0.0,569830.7777188652,1292206.9612563008
 03/09  08:00:00,4505037.019353921,672045.1271075935,180000.0,0.0,2014459.0505282304,1568959.319949934
 03/09  09:00:00,4576299.522623131,644337.0868431807,180000.0,0.0,1165774.9135001334,2518660.280563659
 03/09  10:00:00,27555052.449302923,883068.8265842308,180000.0,0.0,1175101.1128081344,25259586.668454424
 03/09  11:00:00,34667337.26730141,982178.5942353376,180000.0,0.0,1147122.5148841313,32313017.99703784
 03/09  12:00:00,21581406.005377404,806034.9005414961,180000.0,0.0,1105154.6179981267,19459522.286057707
 03/09  13:00:00,3298262.9574019364,539147.6634865605,180000.0,0.0,1072512.9204201226,1482047.0128711963
 03/09  14:00:00,3287736.779303035,533918.5289076773,180000.0,0.0,1067849.8207661223,1483459.3490571824
 03/09  15:00:00,2311605.306442539,555867.4491063198,180000.0,0.0,230357.12290762636,1322871.65385654
 03/09  16:00:00,2350049.8186324197,599695.2970130609,180000.0,0.0,230357.12290762636,1315442.038087675
 03/09  17:00:00,3065547.3686108263,629836.9761851556,180000.0,0.0,723713.0663008827,1493118.005136697
 03/09  18:00:00,4077537.600127937,610569.3630412368,180000.0,0.0,1478202.5903181692,1733053.2848443538
 03/09  19:00:00,5672509.699642973,638299.5139024623,180000.0,0.0,2709260.89897431,2044681.5642179656
 03/09  20:00:00,7101391.955265861,546728.3909545848,180000.0,0.0,4224768.286524483,2016887.0744064804
 03/09  21:00:00,7282409.759270645,572808.1973816102,180000.0,0.0,4276062.3827184895,2067327.6944381092
 03/09  22:00:00,5996000.830284504,505661.95733936655,180000.0,0.0,3219870.311087369,1875609.1563972651
 03/09  23:00:00,3762728.4916565847,526275.2257187539,180000.0,0.0,1249710.707272143,1620531.0739332517
 03/09  24:00:00,2795748.899483026,556468.5950436114,180000.0,0.0,462579.485676853,1467785.1754862596
 03/10  01:00:00,2444681.576746884,594684.9404500653,180000.0,0.0,230357.12290762636,1345510.6309969712
 03/10  02:00:00,2398266.0341121894,638195.0726761919,180000.0,0.0,230357.12290762636,1255584.9561361503
 03/10  03:00:00,2406345.8953325227,674499.934056476,180000.0,0.0,230357.12290762636,1229406.2360282047
 03/10  04:00:00,2399808.67389935,694141.4327312488,180000.0,0.0,230357.12290762636,1203227.5159202588
 03/10  05:00:00,2408311.3179788366,708027.4125275956,180000.0,0.0,230357.12290762636,1195797.9001513938
 03/10  06:00:00,2425199.05173729,719461.7846024213,180000.0,0.0,230357.12290762636,1203297.541887026
 03/10  07:00:00,2481239.9633233,725191.5360245444,180000.0,0.0,230357.12290762636,1255654.9821029177
 03/10  08:00:00,2512242.2340311576,713725.0275403406,180000.0,0.0,230357.12290762636,1304262.6014509937
 03/10  09:00:00,2496556.483233356,697091.2403658817,180000.0,0.0,230357.12290762636,1315442.038087675
 03/10  10:00:00,3536684.7945056157,672779.8405953845,180000.0,0.0,1175101.1128081344,1447415.439541953
 03/10  11:00:00,3650662.991915103,640648.8315752044,180000.0,0.0,1147122.5148841313,1633780.924207653
 03/10  12:00:00,27445377.57645445,862305.9026932381,180000.0,0.0,1105154.6179981267,25265176.57493101
 03/10  13:00:00,17778585.909413327,659877.621985968,180000.0,0.0,1709026.0231911952,15205126.903612107
 03/10  14:00:00,12481896.423395347,401971.9447523152,180000.0,0.0,1902544.6588322176,9974870.739238761
 03/10  15:00:00,12441572.319862513,373440.3536011082,180000.0,0.0,1911870.8581402185,9953752.027549133
 03/10  16:00:00,7050232.501475545,429811.4950972785,180000.0,0.0,1977154.253296226,4438711.3924579825
 03/10  17:00:00,4717626.451814919,507226.6688263268,180000.0,0.0,2200983.036688252,1790537.4253122492
 03/10  18:00:00,5477312.019847149,509227.3059639794,180000.0,0.0,2727913.297590312,1982412.7743166755
 03/10  19:00:00,5176920.9039181825,623341.1353660945,180000.0,0.0,2296576.579595263,1978781.7464605945
 03/10  20:00:00,13594112.610088056,707133.0083496016,180000.0,0.0,2228961.634612255,10355241.164005911
 03/10  21:00:00,6264132.782003524,681998.4941674371,180000.0,0.0,3264169.7578003737,1968123.2857193165
 03/10  22:00:00,4724472.839338821,659419.9656945474,180000.0,0.0,1939849.456064222,1744667.9724835816
 03/10  23:00:00,3080983.5942659695,706866.884028995,180000.0,0.0,485195.5189987556,1534987.3868178106
 03/10  24:00:00,2716427.7423205203,749903.79048682,180000.0,0.0,230357.12290762636,1435436.305857791
 03/11  01:00:00,2534447.340263335,774376.3788273373,180000.0,0.0,230357.12290762636,1255584.9561361503
 03/11  02:00:00,2529347.8610546943,797501.8997786475,180000.0,0.0,230357.12290762636,1229406.2360282047
 03/11  03:00:00,2525517.2317818375,819849.9906137367,180000.0,0.0,230357.12290762636,1203227.5159202588
 03/11  04:00:00,2537771.410991984,837487.505540743,180000.0,0.0,230357.12290762636,1195797.9001513938
 03/11  05:00:00,2552568.2834127173,846831.0162778492,180000.0,0.0,230357.12290762636,1203297.541887026
 03/11  06:00:00,2603308.042697341,847259.6153985858,180000.0,0.0,230357.12290762636,1255654.9821029177
 03/11  07:00:00,2639064.966910098,840547.7604192814,180000.0,0.0,230357.12290762636,1304262.6014509937
 03/11  08:00:00,7641285.379261585,741062.8116910529,180000.0,0.0,1165774.9135001334,5480781.572198227
 03/11  09:00:00,4660494.053788186,714256.6477937532,180000.0,0.0,2121710.342570243,1583138.661864047
 03/11  10:00:00,3995860.599263601,654304.9147361297,180000.0,0.0,1604106.2809761835,1508338.6823031735
 03/11  11:00:00,3380947.7591707953,610047.3143220561,180000.0,0.0,1105154.6179981267,1453005.3460185362
 03/11  12:00:00,3808044.6462584366,544968.9013611191,180000.0,0.0,1496854.988934171,1561665.3953390894
 03/11  13:00:00,4211830.262082261,462729.4784201662,180000.0,0.0,1902544.6588322176,1644047.044257825
 03/11  14:00:00,4134406.542806503,397098.2715260354,180000.0,0.0,1911870.8581402185,1622928.3325681963
 03/11  15:00:00,4186349.9960300205,342175.9860041518,180000.0,0.0,1977154.253296226,1662464.3961055856
 03/11  16:00:00,6428253.633633194,274689.2237902976,180000.0,0.0,2200983.036688252,3733702.0521665527
 03/11  17:00:00,5244112.632866204,276027.91898303374,180000.0,0.0,2727913.297590312,1982412.7743166755
 03/11  18:00:00,6388259.233630646,398927.05366930226,180000.0,0.0,3534629.5377324047,2176481.199732708
 03/11  19:00:00,6948012.686493816,403580.52244256344,180000.0,0.0,4224768.286524483,2016887.0744064804
 03/11  20:00:00,9980202.104975952,510723.7871505582,180000.0,0.0,4276062.3827184895,4843574.690790506
 03/11  21:00:00,7676403.80748154,480444.66100768506,180000.0,0.0,3646543.9294284177,3168879.7719489667
 03/11  22:00:00,4934772.250838448,576862.5986384014,180000.0,0.0,2270929.53149826,1733046.3162813787
 03/11  23:00:00,3678574.1876363647,656563.1660042848,180000.0,0.0,1156448.7141921325,1564831.7843716647
 03/11  24:00:00,2800614.7880876213,727625.5068930101,180000.0,0.0,402891.81010564615,1395968.5886967445
 03/12  01:00:00,2616271.4766450045,772514.0335900175,180000.0,0.0,287713.2486518329,1281915.3120109332
 03/12  02:00:00,2552935.2308339775,805056.690744163,180000.0,0.0,230357.12290762636,1243392.5347899671
 03/12  03:00:00,2536523.142925352,825992.8084441549,180000.0,0.0,230357.12290762636,1206044.3291813494
 03/12  04:00:00,2531692.5366207357,831408.6311694952,180000.0,0.0,230357.12290762636,1195797.9001513938
 03/12  05:00:00,2523145.669888913,833778.6431700833,180000.0,0.0,230357.12290762636,1203297.541887026
 03/12  06:00:00,3326433.7351343757,835817.9404436202,180000.0,0.0,910237.0524609042,1328758.9404096839
 03/12  07:00:00,10722519.044581516,714563.0029082524,180000.0,0.0,1346470.0250926542,8411912.494812446
 03/12  08:00:00,3859461.634605577,687331.2810120275,180000.0,0.0,464211.5705557532,2460391.5413216385
 03/12  09:00:00,2443076.313751971,663731.1321683511,180000.0,0.0,230357.12290762636,1311692.2172198591
 03/12  10:00:00,2345582.078095448,585944.1925927224,180000.0,0.0,230357.12290762636,1304262.6014509937
 03/12  11:00:00,2261564.7061846363,516250.7810459442,180000.0,0.0,230357.12290762636,1304262.6014509937
 03/12  12:00:00,2205348.6868234044,447564.54943518026,180000.0,0.0,230357.12290762636,1322871.65385654
 03/12  13:00:00,2130846.238507354,375108.3811711346,180000.0,0.0,230357.12290762636,1322871.65385654
 03/12  14:00:00,2798013.4922041777,298651.79701256566,180000.0,0.0,861274.5060938984,1435578.108525661
 03/12  15:00:00,3544418.4927627,223385.64167514094,180000.0,0.0,1541154.4356471763,1575323.0548163261
 03/12  16:00:00,3933938.088790548,212190.87363927416,180000.0,0.0,1217069.0096941392,2285798.884469044
 03/12  17:00:00,5318031.6249249,226672.28440494344,180000.0,0.0,1790630.267136205,3045016.711459575
 03/12  18:00:00,4433872.26460406,356830.3531363864,180000.0,0.0,1883892.2602162156,1912881.9287032231
 03/12  19:00:00,6331006.1984978095,333029.9567426913,180000.0,0.0,3725816.623546426,1959151.414828379
 03/12  20:00:00,7928916.76447845,387247.60937201953,180000.0,0.0,3264169.7578003737,3911287.9125736197
 03/12  21:00:00,4509656.952955893,430280.1189475858,180000.0,0.0,1939849.456064222,1744667.9724835816
 03/12  22:00:00,3146104.0596735654,476356.71066161996,180000.0,0.0,740033.9150898848,1563501.9491896243
 03/12  23:00:00,2502126.7872772757,527417.7152355558,180000.0,0.0,230357.12290762636,1435436.305857791
 03/12  24:00:00,2408881.9367706124,558885.3004737942,180000.0,0.0,230357.12290762636,1345510.6309969712
 03/13  01:00:00,2332045.1727453596,571974.2113093623,180000.0,0.0,230357.12290762636,1255584.9561361503
 03/13  02:00:00,2303729.2806313476,569837.0393032955,180000.0,0.0,230357.12290762636,1229406.2360282047
 03/13  03:00:00,2273067.2065106737,565353.6852905679,180000.0,0.0,230357.12290762636,1203227.5159202588
 03/13  04:00:00,4198432.281079956,532150.9669598351,180000.0,0.0,240615.94214642755,3151536.489581473
 03/13  05:00:00,2374939.937883863,560910.714277719,180000.0,0.0,342038.3596209391,1216278.502061028
 03/13  06:00:00,3736123.949200277,552899.701833159,180000.0,0.0,909304.4325301041,2022300.013016847
 03/13  07:00:00,12232203.841239668,426049.8973995577,180000.0,0.0,1123807.0166141286,10432773.405457819
 03/13  08:00:00,3350251.1049503996,482037.92813541944,180000.0,0.0,1165774.9135001334,1454911.021598689
 03/13  09:00:00,3350945.9281850206,491133.5343787994,180000.0,0.0,1175101.1128081344,1447415.439541953
 03/13  10:00:00,3289575.2939821905,477141.76457521704,180000.0,0.0,1147122.5148841313,1440292.8533787369
 03/13  11:00:00,2716558.9240243337,459474.8790566201,180000.0,0.0,667755.8704528766,1378633.973734765
 03/13  12:00:00,2205037.6224143403,447253.4850261158,180000.0,0.0,230357.12290762636,1322871.65385654
 03/13  13:00:00,2173583.4947224506,417845.63738623133,180000.0,0.0,230357.12290762636,1322871.65385654
 03/13  14:00:00,2615965.9140038383,363765.5879289573,180000.0,0.0,651435.0216638744,1398256.2238389538
 03/13  15:00:00,3128276.41538314,330384.7232338899,180000.0,0.0,1105154.6179981267,1488181.7135270666
 03/13  16:00:00,3357693.8384715077,329487.6959273965,180000.0,0.0,1217069.0096941392,1592257.811861881
 03/13  17:00:00,3069190.4539081054,350824.69526283717,180000.0,0.0,854279.8566128978,1608373.540108193
 03/13  18:00:00,5422604.232533634,388394.04679312254,180000.0,0.0,2709260.89897431,2044681.5642179656
 03/13  19:00:00,6863347.313847884,308683.7495366081,180000.0,0.0,4224768.286524483,2016887.0744064804
 03/13  20:00:00,5946293.056364933,347788.5281128066,180000.0,0.0,3264169.7578003737,1968123.2857193165
 03/13  21:00:00,4426504.346305454,347127.5122971467,180000.0,0.0,1939849.456064222,1744667.9724835816
 03/13  22:00:00,2482403.2268412514,379361.7947551914,180000.0,0.0,230357.12290762636,1506472.824445997
 03/13  23:00:00,2366876.3811864494,392167.3091447293,180000.0,0.0,230357.12290762636,1435436.305857791
 03/13  24:00:00,2248523.244189943,398526.6078931244,180000.0,0.0,230357.12290762636,1345510.6309969712
 03/14  01:00:00,2165069.8990201345,404998.93758413685,180000.0,0.0,230357.12290762636,1255584.9561361503
 03/14  02:00:00,2145099.2896970576,411207.04836900544,180000.0,0.0,230357.12290762636,1229406.2360282047
 03/14  03:00:00,2123341.3227970004,415627.80157689407,180000.0,0.0,230357.12290762636,1203227.5159202588
 03/14  04:00:00,2117940.760047213,417656.85459597275,180000.0,0.0,230357.12290762636,1195797.9001513938
 03/14  05:00:00,2102144.5697146524,412777.5429958227,180000.0,0.0,230357.12290762636,1203297.541887026
 03/14  06:00:00,3260485.929048606,393844.5003932287,180000.0,0.0,1249710.707272143,1365310.919563067
 03/14  07:00:00,3041606.2807210214,365873.9810292673,45000.0,0.0,1123807.0166141286,1437351.7613094628
 03/14  08:00:00,2734097.7139359415,314606.23064684117,0.0,0.0,931920.4658520067,1420043.7757209355
 03/14  09:00:00,4622546.788886897,269686.5712820232,0.0,0.0,938915.1153330074,3356649.260815733
 03/14  10:00:00,2876488.728418936,244055.19901196263,0.0,0.0,1147122.5148841313,1440292.8533787369
 03/14  11:00:00,3053139.7011520723,209485.69317370927,0.0,0.0,1323154.5268226515,1489805.28037564
 03/14  12:00:00,2986695.248607911,155599.7292015648,0.0,0.0,1284683.9546771469,1521856.2041051427
 03/14  13:00:00,3192345.6794513487,120886.16242262264,0.0,0.0,1485197.2397991698,1563753.1966575037
 03/14  14:00:00,5455375.995385712,110466.20421977194,0.0,0.0,1072512.9204201226,4249887.790173764
 03/14  15:00:00,3984715.671124531,117200.42472814009,0.0,0.0,1105154.6179981267,2737805.267774207
 03/14  16:00:00,3214247.666383273,186041.52383916208,180000.0,0.0,1217069.0096941392,1592257.811861881
 03/14  17:00:00,3691402.969624071,224434.73253737035,180000.0,0.0,1478202.5903181692,1733053.2848443538
 03/14  18:00:00,5341702.844786721,307492.6590462104,180000.0,0.0,2709260.89897431,2044681.5642179656
 03/14  19:00:00,6419408.614722544,284578.62291642226,180000.0,0.0,3226864.960568369,2594956.8278574403
 03/14  20:00:00,8158702.124540249,338965.15193265636,180000.0,0.0,2252277.1328822575,5201248.354992897
 03/14  21:00:00,4454475.6077254815,375098.773717174,180000.0,0.0,1939849.456064222,1744667.9724835816
 03/14  22:00:00,3645757.617632489,409304.3516946576,180000.0,0.0,1249710.707272143,1620531.0739332517
 03/14  23:00:00,2430144.436268767,455435.36422704684,180000.0,0.0,230357.12290762636,1435436.305857791
 03/14  24:00:00,2338248.734176219,488252.0978794007,180000.0,0.0,230357.12290762636,1345510.6309969712
 03/15  01:00:00,2272694.7719562007,512623.8105202032,180000.0,0.0,230357.12290762636,1255584.9561361503
 03/15  02:00:00,2267236.778932659,533344.5376046074,180000.0,0.0,230357.12290762636,1229406.2360282047
 03/15  03:00:00,2259699.6750984285,551281.9505630501,180000.0,0.0,230357.12290762636,1203931.7192355315
 03/15  04:00:00,2260883.0323434575,560599.1268922172,180000.0,0.0,230357.12290762636,1195797.9001513938
 03/15  05:00:00,2257095.5079607107,567728.481241881,180000.0,0.0,230357.12290762636,1203297.541887026
 03/15  06:00:00,2316306.76806063,578674.8612299184,180000.0,0.0,230357.12290762636,1255654.9821029177
 03/15  07:00:00,3140222.5692533804,586125.0329528688,180000.0,0.0,900444.543187503,1404079.4713448456
 03/15  08:00:00,2393883.973338685,600557.5706272252,180000.0,0.0,230357.12290762636,1315442.038087675
 03/15  09:00:00,3445853.4300104994,586041.0362042785,180000.0,0.0,1175101.1128081344,1447415.439541953
 03/15  10:00:00,3389148.2550911983,576714.725684225,180000.0,0.0,1147122.5148841313,1440292.8533787369
 03/15  11:00:00,3343020.35225311,574166.1874563752,180000.0,0.0,1105154.6179981267,1453005.3460185362
 03/15  12:00:00,3318234.559189128,559119.265273752,180000.0,0.0,1072512.9204201226,1482047.0128711963
 03/15  13:00:00,3307084.8177668108,553266.5673714532,180000.0,0.0,1067849.8207661223,1483459.3490571824
 03/15  14:00:00,3042382.8464167025,541951.2859724911,180000.0,0.0,861973.9710419986,1435948.5088301604
 03/15  15:00:00,2301173.681547177,550819.1599278179,180000.0,0.0,230357.12290762636,1315442.038087675
 03/15  16:00:00,6583180.507112597,483178.95810496755,180000.0,0.0,1463047.5164426672,4418074.711576871
 03/15  17:00:00,10540883.82704115,299351.2883633058,180000.0,0.0,2727913.297590312,7257906.879163355
 03/15  18:00:00,6417253.157327868,425874.69731452054,180000.0,0.0,3534629.5377324047,2176481.199732708
 03/15  19:00:00,6973837.416765838,419173.8524545615,180000.0,0.0,4224768.286524483,2016887.0744064804
 03/15  20:00:00,7217979.187785204,508377.6258961695,180000.0,0.0,4276062.3827184895,2067327.6944381092
 03/15  21:00:00,5512382.846239231,492364.6529397033,180000.0,0.0,2793196.69274632,1831962.095092704
 03/15  22:00:00,2661268.6085355533,558227.1764494933,180000.0,0.0,230357.12290762636,1506472.824445997
 03/15  23:00:00,2575022.6427213377,600313.5706796179,180000.0,0.0,230357.12290762636,1435436.305857791
 03/15  24:00:00,2478040.0268079937,628043.3905111752,180000.0,0.0,230357.12290762636,1345510.6309969712
 03/16  01:00:00,2404097.360888891,644026.3994528933,180000.0,0.0,230357.12290762636,1255584.9561361503
 03/16  02:00:00,2389594.294069858,655702.0527418059,180000.0,0.0,230357.12290762636,1229406.2360282047
 03/16  03:00:00,2373400.889721242,665687.3685011355,180000.0,0.0,230357.12290762636,1203227.5159202588
 03/16  04:00:00,2376438.8160746293,676154.9106233887,180000.0,0.0,230357.12290762636,1195797.9001513938
 03/16  05:00:00,4534872.997587857,653016.9502400948,180000.0,0.0,453719.5963342519,3172424.089089333
 03/16  06:00:00,3540591.4368223376,673950.0081669602,180000.0,0.0,1249710.707272143,1365310.919563067
 03/16  07:00:00,3713121.702326771,646824.5044963735,180000.0,0.0,1346470.0250926542,1470253.6509695805
 03/16  08:00:00,3203988.795920746,604497.3126316457,180000.0,0.0,931920.4658520067,1420043.7757209355
 03/16  09:00:00,2354651.223046988,575306.0414633678,180000.0,0.0,230357.12290762636,1311692.2172198591
 03/16  10:00:00,5555957.827878583,493675.124071336,180000.0,0.0,688739.8188958787,4148524.7237672624
 03/16  11:00:00,11186678.221300725,342885.4214375651,180000.0,0.0,886455.2442255015,9746643.354857586
 03/16  12:00:00,5152578.45948021,339464.7319577271,180000.0,0.0,230357.12290762636,4378201.2439907985
 03/16  13:00:00,2358469.795882032,353211.8402810279,180000.0,0.0,439730.29737225035,1363018.5776567007
 03/16  14:00:00,3038665.6916142027,290002.89680065983,180000.0,0.0,1072512.9204201226,1473640.7938213672
 03/16  15:00:00,3051895.534176481,254003.8420272304,180000.0,0.0,1105154.6179981267,1488181.7135270666
 03/16  16:00:00,3956521.982619511,234774.76746823633,180000.0,0.0,1217069.0096941392,2285798.884469044
 03/16  17:00:00,6026281.453691482,185387.01479929272,180000.0,0.0,2415485.620772276,3169696.456195736
 03/16  18:00:00,6298023.4372161655,306644.97720281756,180000.0,0.0,3534629.5377324047,2176481.199732708
 03/16  19:00:00,6850502.817084765,295839.252773488,180000.0,0.0,4224768.286524483,2016887.0744064804
 03/16  20:00:00,7118291.3651513355,408689.80326230085,180000.0,0.0,4276062.3827184895,2067327.6944381092
 03/16  21:00:00,5423308.057931804,403289.8646322769,180000.0,0.0,2793196.69274632,1831962.095092704
 03/16  22:00:00,5636369.29152978,456751.3987376457,180000.0,0.0,1249710.707272143,3563695.700787555
 03/16  23:00:00,2507211.1678903,532502.0958485801,180000.0,0.0,230357.12290762636,1435436.305857791
 03/16  24:00:00,2438826.0947801596,588829.4584833409,180000.0,0.0,230357.12290762636,1345510.6309969712
 03/17  01:00:00,2376862.3952346835,616791.4337986861,180000.0,0.0,230357.12290762636,1255584.9561361503
 03/17  02:00:00,2361577.9081630334,629731.9468869868,180000.0,0.0,230357.12290762636,1229406.2360282047
 03/17  03:00:00,2348699.067865145,640215.013435953,180000.0,0.0,230357.12290762636,1206044.3291813494
 03/17  04:00:00,2352371.299621566,652087.3941703255,180000.0,0.0,230357.12290762636,1195797.9001513938
 03/17  05:00:00,2361360.5028431253,655623.2357082568,180000.0,0.0,230357.12290762636,1203297.541887026
 03/17  06:00:00,2418117.652742846,662069.2254440903,180000.0,0.0,230357.12290762636,1255654.9821029177
 03/17  07:00:00,2454342.30291481,655825.0964239929,180000.0,0.0,230357.12290762636,1304262.6014509937
 03/17  08:00:00,5380661.335393963,563144.6915686652,180000.0,0.0,1165774.9135001334,3398075.6484529926
 03/17  09:00:00,3923620.63772901,518549.4577766779,180000.0,0.0,1648405.727689189,1515277.050703
 03/17  10:00:00,4313455.709355688,446870.429811727,180000.0,0.0,2061090.047068236,1576384.5112276096
 03/17  11:00:00,4874846.29190274,391205.40172032337,180000.0,0.0,1977154.253296226,2293746.156054114
 03/17  12:00:00,7386198.752804333,286833.0789327003,180000.0,0.0,1921197.0574482195,4973613.255799357
 03/17  13:00:00,4026568.298658291,277467.51499619585,180000.0,0.0,1902544.6588322176,1644047.044257825
 03/17  14:00:00,3725824.7888162797,235677.88665254303,180000.0,0.0,1702031.3737101944,1585606.447881489
 03/17  15:00:00,3005496.434927152,207604.74277790193,180000.0,0.0,1105154.6179981267,1488181.7135270666
 03/17  16:00:00,3204295.5496723745,176089.40712826315,180000.0,0.0,1217069.0096941392,1592257.811861881
 03/17  17:00:00,4011667.311434877,167885.24511005546,180000.0,0.0,1790630.267136205,1795393.1572124343
 03/17  18:00:00,8191497.150231745,259000.3434160981,180000.0,0.0,3534629.5377324047,4119645.826587011
 03/17  19:00:00,6807026.3837553775,262594.219704125,180000.0,0.0,4224768.286524483,2016887.0744064804
 03/17  20:00:00,7088105.454418892,394874.1329458957,180000.0,0.0,4276062.3827184895,2067327.6944381092
 03/17  21:00:00,6329139.254302414,382803.6620757002,180000.0,0.0,3646543.9294284177,1919256.2177018262
 03/17  22:00:00,4243774.338168358,452731.71925543336,180000.0,0.0,1760320.1193852015,1676788.6951073152
 03/17  23:00:00,3025409.7997077396,529743.3830786492,180000.0,0.0,694801.8484460795,1500134.045114728
 03/17  24:00:00,2650183.0987723344,577193.8175777228,180000.0,0.0,402891.81010564615,1395968.5886967445
 03/18  01:00:00,2370484.9641660117,610414.002730014,180000.0,0.0,230357.12290762636,1255584.9561361503
 03/18  02:00:00,2365284.357045537,633438.3957694902,180000.0,0.0,230357.12290762636,1229406.2360282047
 03/18  03:00:00,2357098.6371723395,651431.3960042382,180000.0,0.0,230357.12290762636,1203227.5159202588
 03/18  04:00:00,2365339.220864504,665055.3154132633,180000.0,0.0,230357.12290762636,1195797.9001513938
 03/18  05:00:00,2382127.319067583,676390.0519327146,180000.0,0.0,230357.12290762636,1203297.541887026
 03/18  06:00:00,2438255.6403298774,682207.2130311221,180000.0,0.0,230357.12290762636,1255654.9821029177
 03/18  07:00:00,2956129.4025512896,644342.6692779871,180000.0,0.0,677082.0697608774,1370807.1813802281
 03/18  08:00:00,3437265.300504287,562913.2835332924,180000.0,0.0,1165774.9135001334,1454911.021598689
 03/18  09:00:00,3896646.341495904,491575.1615435718,180000.0,0.0,1648405.7276891887,1515277.0507029998
 03/18  10:00:00,2221720.672830714,457990.22722397867,180000.0,0.0,230357.12290762636,1304262.6014509937
 03/18  11:00:00,2166556.8718396663,419196.6666489692,180000.0,0.0,230357.12290762636,1304262.6014509937
 03/18  12:00:00,2154831.3705349844,397047.2331467601,180000.0,0.0,230357.12290762636,1322871.65385654
 03/18  13:00:00,2875113.3830584185,370815.2309278454,180000.0,0.0,858476.6463014984,1443312.425257022
 03/18  14:00:00,3051770.2541034548,303107.45928991237,180000.0,0.0,1072512.9204201226,1473640.7938213672
 03/18  15:00:00,3296762.1845146287,237299.91289622392,180000.0,0.0,1323154.5268226515,1531752.3841716964
 03/18  16:00:00,3803017.272038743,183714.30927239146,180000.0,0.0,1709026.0231911957,1691397.6185870653
 03/18  17:00:00,3654070.8975859787,185056.38044727358,180000.0,0.0,1478202.5903181692,1733053.2848443538
 03/18  18:00:00,5317272.487031603,285108.58134309656,180000.0,0.0,2709260.89897431,2044681.5642179656
 03/18  19:00:00,4625039.163549799,307356.2897231814,180000.0,0.0,2228961.634612255,1785944.4360940745
 03/18  20:00:00,7914919.295240479,389620.3805500879,180000.0,0.0,3264169.7578003732,3911287.9125736197
 03/18  21:00:00,6294347.307893895,348011.71566718083,180000.0,0.0,3646543.9294284177,1919256.2177018262
 03/18  22:00:00,4758507.662883659,400598.0106836131,180000.0,0.0,2270929.53149826,1733046.3162813787
 03/18  23:00:00,3226435.218648129,467596.49951754365,180000.0,0.0,925625.281319106,1532482.9147431962
 03/18  24:00:00,2372512.9609355913,522516.32463877276,180000.0,0.0,230357.12290762636,1345510.6309969712
 03/19  01:00:00,2317612.422442267,557541.46100627,180000.0,0.0,230357.12290762636,1255584.9561361503
 03/19  02:00:00,2312500.255568715,578608.0142406633,180000.0,0.0,230357.12290762636,1229406.2360282047
 03/19  03:00:00,2304067.5517769204,596354.0305568143,180000.0,0.0,230357.12290762636,1203227.5159202588
 03/19  04:00:00,2311589.953781319,611306.0483300785,180000.0,0.0,230357.12290762636,1195797.9001513938
 03/19  05:00:00,2686637.4482131656,624490.9414067905,180000.0,0.0,564934.5230821646,1241499.621800033
 03/19  06:00:00,3118500.127762557,628816.9530026021,180000.0,0.0,909304.4325301041,1328758.9404096839
 03/19  07:00:00,3403255.5584423672,592523.2587506126,180000.0,0.0,1123807.0166141286,1437351.7613094628
 03/19  08:00:00,2866328.6781517663,535558.8883885462,180000.0,0.0,698066.0182038799,1385176.529843182
 03/19  09:00:00,2264584.7720097695,485239.5904261495,180000.0,0.0,230357.12290762636,1311692.2172198591
 03/19  10:00:00,2179277.8553706943,419639.9698679683,180000.0,0.0,230357.12290762636,1304262.6014509937
 03/19  11:00:00,2109450.406531371,364136.48139267875,180000.0,0.0,230357.12290762636,1304262.6014509937
 03/19  12:00:00,2062444.652190964,304660.51480273984,180000.0,0.0,230357.12290762636,1322871.65385654
 03/19  13:00:00,2000090.1654196307,244352.30808341157,180000.0,0.0,230357.12290762636,1322871.65385654
 03/19  14:00:00,1942959.1881323378,187221.33079611819,180000.0,0.0,230357.12290762636,1322871.65385654
 03/19  15:00:00,18772331.65387741,239247.01640935717,180000.0,0.0,885755.7792774013,17442773.497566596
 03/19  16:00:00,20921543.402850088,248262.9370052813,180000.0,0.0,2200983.036688252,18253418.108168464
 03/19  17:00:00,4277490.684772316,60987.34931338359,180000.0,0.0,2103057.9439542405,1857733.0295805146
 03/19  18:00:00,5107122.741795707,175971.0863142375,180000.0,0.0,1883892.2602162156,2766991.6727170185
 03/19  19:00:00,6366032.9087772155,187369.58313068107,180000.0,0.0,2228961.634612255,3636693.4876539675
 03/19  20:00:00,6452066.7012162935,298013.6561457124,180000.0,0.0,3770116.0702594314,2017725.4900787128
 03/19  21:00:00,5312200.122773295,292181.9294737674,180000.0,0.0,2793196.69274632,1831962.095092704
 03/19  22:00:00,2489332.5722853094,386291.1401992496,180000.0,0.0,230357.12290762636,1506472.824445997
 03/19  23:00:00,2422590.5249660662,447881.4529243461,180000.0,0.0,230357.12290762636,1435436.305857791
 03/19  24:00:00,2339985.237626794,489988.6013299754,180000.0,0.0,230357.12290762636,1345510.6309969712
 03/20  01:00:00,2281613.8603362637,521542.8989002661,180000.0,0.0,230357.12290762636,1255584.9561361503
 03/20  02:00:00,2277525.7559404736,543633.5146124221,180000.0,0.0,230357.12290762636,1229406.2360282047
 03/20  03:00:00,2267724.1062840284,560010.5850639226,180000.0,0.0,230357.12290762636,1203227.5159202588
 03/20  04:00:00,2294722.298089603,571605.610823785,180000.0,0.0,240615.94214642755,1208371.8627271699
 03/20  05:00:00,2583215.0146669797,582796.0510170627,180000.0,0.0,509327.0597082083,1235379.5420175313
 03/20  06:00:00,2331184.5470325244,593552.6402018124,180000.0,0.0,230357.12290762636,1255654.9821029177
 03/20  07:00:00,2368889.6161039686,584696.3699771849,180000.0,0.0,230357.12290762636,1304262.6014509937
 03/20  08:00:00,2353600.7691257787,560274.3664143188,180000.0,0.0,230357.12290762636,1315442.038087675
 03/20  09:00:00,2314400.5074391575,535055.3258555372,180000.0,0.0,230357.12290762636,1311692.2172198591
 03/20  10:00:00,2258200.285316541,498562.3998138155,180000.0,0.0,230357.12290762636,1304262.6014509937
 03/20  11:00:00,2227535.074961228,482221.1498225357,180000.0,0.0,230357.12290762636,1304262.6014509937
 03/20  12:00:00,2222143.75545502,464359.61806679564,180000.0,0.0,230357.12290762636,1322871.65385654
 03/20  13:00:00,2196394.631018706,440656.7736824867,180000.0,0.0,230357.12290762636,1322871.65385654
 03/20  14:00:00,3109778.139183416,412267.97487070295,180000.0,0.0,440896.0722857504,2054105.01145491
 03/20  15:00:00,4397283.249889383,349768.003492992,180000.0,0.0,1105154.6179981267,2737805.267774207
 03/20  16:00:00,5311122.786628674,339752.017230259,180000.0,0.0,1217069.0096941392,3535422.4387161843
 03/20  17:00:00,4918128.692804829,326857.8081597808,180000.0,0.0,2415485.620772276,1920072.901948595
 03/20  18:00:00,6377741.93359726,386363.47358391294,180000.0,0.0,3534629.5377324047,2176481.199732708
 03/20  19:00:00,7997546.520550451,336697.9275552541,180000.0,0.0,2727913.2975903116,4619927.092024573
 03/20  20:00:00,6704708.407141797,412128.8414609852,180000.0,0.0,2758223.445341315,3168144.63560706
 03/20  21:00:00,4486711.301076523,407334.46706821554,180000.0,0.0,1939849.456064222,1744667.9724835816
 03/20  22:00:00,2839178.1607015114,452783.770152509,180000.0,0.0,485195.5189987556,1534987.3868178106
 03/20  23:00:00,2480189.0388072487,505479.96676552854,180000.0,0.0,230357.12290762636,1435436.305857791
 03/20  24:00:00,2402748.8006344605,552752.1643376423,180000.0,0.0,230357.12290762636,1345510.6309969712
 03/21  01:00:00,2333062.425373054,572991.4639370567,180000.0,0.0,230357.12290762636,1255584.9561361503
 03/21  02:00:00,2322234.965655408,588342.724327356,180000.0,0.0,230357.12290762636,1229406.2360282047
 03/21  03:00:00,2304385.0713969027,596671.5501767967,180000.0,0.0,230357.12290762636,1203227.5159202588
 03/21  04:00:00,2298446.397445012,598162.4919937713,180000.0,0.0,230357.12290762636,1195797.9001513938
 03/21  05:00:00,2284778.8014770965,595411.7747582668,180000.0,0.0,230357.12290762636,1203297.541887026
 03/21  06:00:00,5727142.52356747,540378.2141623665,180000.0,0.0,1590116.982014182,3345027.525570753
 03/21  07:00:00,3860631.96226861,538769.8662995688,180000.0,0.0,1569133.0335711795,1503155.5406296984
 03/21  08:00:00,3670692.0677780043,534456.662385244,180000.0,0.0,1398929.89620016,1489778.2674764423
 03/21  09:00:00,3632935.3525755545,502539.84574828285,180000.0,0.0,1411753.4202486617,1481346.2451224762
 03/21  10:00:00,3291224.091672965,478790.56226599164,180000.0,0.0,1147122.5148841313,1440292.8533787369
 03/21  11:00:00,3229171.825445169,460317.66064843436,180000.0,0.0,1105154.6179981267,1453005.3460185362
 03/21  12:00:00,3191170.4071020395,432055.1131866635,180000.0,0.0,1072512.9204201226,1482047.0128711963
 03/21  13:00:00,2910085.1088721664,405786.9567415932,180000.0,0.0,858476.6463014984,1443312.4252570218
 03/21  14:00:00,2134710.4235042874,378972.5661680677,180000.0,0.0,230357.12290762636,1322871.65385654
 03/21  15:00:00,2361188.473089502,348949.65883767063,180000.0,0.0,449056.49668025144,1358626.956947523
 03/21  16:00:00,2412207.6131244753,272745.0957580245,180000.0,0.0,477035.09460425464,1443548.101774105
 03/21  17:00:00,3322033.390955162,229366.39308917793,180000.0,0.0,1166241.2234655335,1670713.4124762733
 03/21  18:00:00,2470450.006318433,312024.1044068311,180000.0,0.0,230357.12290762636,1647801.0564557402
 03/21  19:00:00,2429867.994057089,331562.27590861154,180000.0,0.0,230357.12290762636,1554940.391860539
 03/21  20:00:00,2698666.206711769,431587.5395087686,180000.0,0.0,230357.12290762636,1670510.0595629376
 03/21  21:00:00,4469280.429612599,389903.5956042916,180000.0,0.0,1939849.456064222,1744667.9724835816
 03/21  22:00:00,3651426.548064109,414973.2821262777,180000.0,0.0,1249710.707272143,1620531.0739332517
 03/21  23:00:00,2961573.531381046,457721.9945439363,180000.0,0.0,694801.8484460795,1500134.045114728
 03/21  24:00:00,2461597.199222898,500104.2404771834,180000.0,0.0,316624.46650663624,1370739.6098468578
 03/22  01:00:00,2287088.618591593,527017.6571555955,180000.0,0.0,230357.12290762636,1255584.9561361503
 03/22  02:00:00,2283162.8161200765,549270.5747920248,180000.0,0.0,230357.12290762636,1229406.2360282047
 03/22  03:00:00,2272938.4875867944,565224.9663666883,180000.0,0.0,230357.12290762636,1203227.5159202588
 03/22  04:00:00,2284923.4511001618,584639.5456489212,180000.0,0.0,230357.12290762636,1195797.9001513938
 03/22  05:00:00,2287381.6408067965,598014.6140879669,180000.0,0.0,230357.12290762636,1203297.541887026
 03/22  06:00:00,2343671.176550358,606039.2697196458,180000.0,0.0,230357.12290762636,1255654.9821029177
 03/22  07:00:00,2346702.7708191574,562509.5246923739,180000.0,0.0,230357.12290762636,1304262.6014509937
 03/22  08:00:00,3086413.8325082227,486922.34921912284,180000.0,0.0,931920.4658520067,1420043.7757209355
 03/22  09:00:00,2229688.167284119,450342.9857004987,180000.0,0.0,230357.12290762636,1311692.2172198591
 03/22  10:00:00,2188197.9159606826,428560.0304579567,180000.0,0.0,230357.12290762636,1304262.6014509937
 03/22  11:00:00,2145853.978695876,400540.05355718394,180000.0,0.0,230357.12290762636,1304262.6014509937
 03/22  12:00:00,2129178.230824123,371394.0934358988,180000.0,0.0,230357.12290762636,1322871.65385654
 03/22  13:00:00,2332523.479801319,327265.5242003151,180000.0,0.0,439730.29737225035,1363018.5776567007
 03/22  14:00:00,3009264.0884697023,260601.2936561598,180000.0,0.0,1072512.9204201226,1473640.7938213672
 03/22  15:00:00,3009594.5263719154,211702.8342226652,180000.0,0.0,1105154.6179981267,1488181.7135270666
 03/22  16:00:00,5127466.119199603,156095.3498011883,180000.0,0.0,1217069.0096941392,3535422.4387161843
 03/22  17:00:00,3610480.9477090607,143512.71062236017,180000.0,0.0,1478202.5903181692,1733053.2848443538
 03/22  18:00:00,6232328.1538979905,240949.69388464297,180000.0,0.0,3534629.5377324047,2176481.199732708
 03/22  19:00:00,6803252.386084787,248588.8217735101,180000.0,0.0,4224768.286524483,2016887.0744064804
 03/22  20:00:00,7083325.730960814,373724.1690717798,180000.0,0.0,4276062.3827184895,2067327.6944381092
 03/22  21:00:00,5398528.702009639,378510.508710111,180000.0,0.0,2793196.69274632,1831962.095092704
 03/22  22:00:00,2842799.2004561564,456404.8099071538,180000.0,0.0,485195.5189987556,1534987.3868178106
 03/22  23:00:00,2493498.764186616,518789.6921448959,180000.0,0.0,230357.12290762636,1435436.305857791
 03/22  24:00:00,2404176.237364647,554179.6010678281,180000.0,0.0,230357.12290762636,1345510.6309969712
 03/23  01:00:00,2339162.57536647,579091.6139304729,180000.0,0.0,230357.12290762636,1255584.9561361503
 03/23  02:00:00,2332145.785042181,598253.543714129,180000.0,0.0,230357.12290762636,1229406.2360282047
 03/23  03:00:00,2325618.053246255,616496.1253956037,180000.0,0.0,230357.12290762636,1204635.922550804
 03/23  04:00:00,2332513.286641774,632229.3811905329,180000.0,0.0,230357.12290762636,1195797.9001513938
 03/23  05:00:00,2332273.3113364386,642906.2846176089,180000.0,0.0,230357.12290762636,1203297.541887026
 03/23  06:00:00,3810810.0898216646,627585.8424545461,180000.0,0.0,909304.4325301041,2022300.013016847
 03/23  07:00:00,4356529.221298823,553877.9960037712,180000.0,0.0,899745.078239403,2653332.6252874862
 03/23  08:00:00,2311924.213069042,518597.8103575823,180000.0,0.0,230357.12290762636,1315442.038087675
 03/23  09:00:00,2234402.550022438,455057.3684388183,180000.0,0.0,230357.12290762636,1311692.2172198591
 03/23  10:00:00,2160675.213934187,401037.32843146124,180000.0,0.0,230357.12290762636,1304262.6014509937
 03/23  11:00:00,2092541.4591955892,347227.5340568971,180000.0,0.0,230357.12290762636,1304262.6014509937
 03/23  12:00:00,2053535.3725478963,295751.2351596721,180000.0,0.0,230357.12290762636,1322871.65385654
 03/23  13:00:00,1994674.4027225599,238936.54538634024,180000.0,0.0,230357.12290762636,1322871.65385654
 03/23  14:00:00,2177044.063142623,173074.9714370728,180000.0,0.0,440896.0722857504,1360563.938847747
 03/23  15:00:00,2898126.7319467035,100235.03979745286,180000.0,0.0,1105154.6179981267,1488181.7135270666
 03/23  16:00:00,3084479.607710558,56273.46516644706,180000.0,0.0,1217069.0096941392,1592257.811861881
 03/23  17:00:00,3508272.9327707994,41304.695684099104,180000.0,0.0,1478202.5903181692,1733053.2848443538
 03/23  18:00:00,4692217.877109667,136591.82850557557,180000.0,0.0,2296576.579595263,1978781.7464605942
 03/23  19:00:00,6679566.775156511,124903.21084523553,180000.0,0.0,4224768.286524483,2016887.0744064804
 03/23  20:00:00,6929266.926445969,219665.36455693466,180000.0,0.0,4276062.3827184895,2067327.6944381092
 03/23  21:00:00,6181586.0705543235,220926.5179635767,180000.0,0.0,3646543.9294284177,1919256.2177018262
 03/23  22:00:00,3539032.769783256,302579.50384542503,180000.0,0.0,1249710.707272143,1620531.0739332517
 03/23  23:00:00,2613462.769966631,374182.46552721626,180000.0,0.0,462579.485676853,1467785.1754862596
 03/23  24:00:00,2271962.376615253,421965.7403184345,180000.0,0.0,230357.12290762636,1345510.6309969712
 03/24  01:00:00,2213126.5720286192,453055.6105926223,180000.0,0.0,230357.12290762636,1255584.9561361503
 03/24  02:00:00,2207801.97598903,475956.0147129833,180000.0,0.0,230357.12290762636,1229406.2360282047
 03/24  03:00:00,2199509.731654653,493842.4904865516,180000.0,0.0,230357.12290762636,1203227.5159202588
 03/24  04:00:00,2206354.3501851046,506070.4447338639,180000.0,0.0,230357.12290762636,1195797.9001513938
 03/24  05:00:00,2218509.913429431,512772.6462945626,180000.0,0.0,230357.12290762636,1203297.541887026
 03/24  06:00:00,2270288.5273842607,514240.1000855055,180000.0,0.0,230357.12290762636,1255654.9821029177
 03/24  07:00:00,2303437.624397543,504920.417906726,180000.0,0.0,230357.12290762636,1304262.6014509937
 03/24  08:00:00,11240311.057851564,352211.2827265857,180000.0,0.0,2098394.84430024,8536038.848952569
 03/24  09:00:00,9341293.080354743,257020.1604808154,180000.0,0.0,2121710.342570243,6721174.175743539
 03/24  10:00:00,4168382.0080651036,301796.7285211432,180000.0,0.0,2061090.047068236,1576384.5112276096
 03/24  11:00:00,4059542.397736083,269442.5801608291,180000.0,0.0,1977154.253296226,1600205.083446951
 03/24  12:00:00,4023617.9667311977,256581.77085193864,180000.0,0.0,1921197.0574482195,1641283.7778069824
 03/24  13:00:00,4006046.8571337624,256946.0734716677,180000.0,0.0,1902544.6588322176,1644047.044257825
 03/24  14:00:00,4004566.8808431914,267258.60956272355,180000.0,0.0,1911870.8581402185,1622928.3325681963
 03/24  15:00:00,8101082.549948612,231037.9893232055,180000.0,0.0,1977154.253296226,5688334.946705123
 03/24  16:00:00,4521123.804191329,310724.0212027374,180000.0,0.0,2200983.036688252,1790537.4253122492
 03/24  17:00:00,5329705.489417035,361620.77553386474,180000.0,0.0,2727913.297590312,1982412.7743166755
 03/24  18:00:00,4556913.752933576,481918.1215179064,180000.0,0.0,1883892.2602162156,1912881.9287032231
 03/24  19:00:00,4788675.142888591,470992.26906197425,180000.0,0.0,2228961.634612255,1785944.4360940745
 03/24  20:00:00,6673766.674730598,536083.8700760559,180000.0,0.0,3770116.0702594314,2017725.4900787128
 03/24  21:00:00,6431963.676002937,485628.08377622365,180000.0,0.0,3646543.9294284177,1919256.2177018262
 03/24  22:00:00,4866703.207759221,508793.55555917445,180000.0,0.0,2270929.53149826,1733046.3162813787
 03/24  23:00:00,3053096.89073851,557430.4741094193,180000.0,0.0,694801.8484460795,1500134.045114728
 03/24  24:00:00,2665647.536432002,592658.2552373908,180000.0,0.0,402891.81010564615,1395968.5886967445
 03/25  01:00:00,2440689.778906742,617853.9562565025,180000.0,0.0,273374.2172157813,1275332.7230422376
 03/25  02:00:00,2368837.5254470343,636991.5641709877,180000.0,0.0,230357.12290762636,1229406.2360282047
 03/25  03:00:00,2357235.12385403,651567.8826859286,180000.0,0.0,230357.12290762636,1203227.5159202588
 03/25  04:00:00,2361253.4403132214,660969.5348619808,180000.0,0.0,230357.12290762636,1195797.9001513938
 03/25  05:00:00,2372018.788866058,666281.5217311896,180000.0,0.0,230357.12290762636,1203297.541887026
 03/25  06:00:00,2423565.2366566453,667516.8093578899,180000.0,0.0,230357.12290762636,1255654.9821029177
 03/25  07:00:00,2422098.699754342,623581.4932635252,180000.0,0.0,230357.12290762636,1304262.6014509937
 03/25  08:00:00,2636723.1431332226,568536.2067398683,180000.0,0.0,464211.57055575313,1350309.2839654286
 03/25  09:00:00,3898701.6446997393,493630.46474740724,180000.0,0.0,1648405.7276891887,1515277.0507029998
 03/25  10:00:00,4052039.250571346,447968.7685356303,180000.0,0.0,1832598.16402221,1542361.5967653915
 03/25  11:00:00,4192372.748437617,402272.93086236314,180000.0,0.0,1977154.253296226,1600205.083446951
 03/25  12:00:00,4129289.7455768064,362253.54969754774,180000.0,0.0,1921197.0574482195,1641283.7778069824
 03/25  13:00:00,4066483.3057098873,317382.5220477921,180000.0,0.0,1902544.6588322176,1644047.044257825
 03/25  14:00:00,3998679.67461316,261371.40333269237,180000.0,0.0,1911870.8581402185,1622928.3325681963
 03/25  15:00:00,4055693.6687322245,211519.658706356,180000.0,0.0,1977154.253296226,1662464.3961055856
 03/25  16:00:00,4385288.649290256,174888.86630166412,180000.0,0.0,2200983.036688252,1790537.4253122492
 03/25  17:00:00,5117179.968304051,149095.2544208803,180000.0,0.0,2727913.297590312,1982412.7743166755
 03/25  18:00:00,4371467.668169884,296472.03675421607,180000.0,0.0,1883892.2602162156,1912881.9287032231
 03/25  19:00:00,4633937.798649145,316254.9248225292,180000.0,0.0,2228961.634612255,1785944.4360940745
 03/25  20:00:00,4920799.076769981,449761.82257080276,180000.0,0.0,2252277.1328822575,1868918.8770005233
 03/25  21:00:00,5889985.618532131,413970.7059510277,180000.0,0.0,3219870.3110873685,1875609.1563972651
 03/25  22:00:00,4240460.002880152,449417.3839672279,180000.0,0.0,1760320.1193852015,1676788.6951073152
 03/25  23:00:00,2996056.8995736223,500390.4829445318,180000.0,0.0,694801.8484460795,1500134.045114728
 03/25  24:00:00,2607033.4240814913,534044.1428868801,180000.0,0.0,402891.81010564615,1395968.5886967445
 03/26  01:00:00,2402539.03464087,558781.5915858829,180000.0,0.0,287713.2486518329,1281915.3120109332
 03/26  02:00:00,2325349.3749932544,577470.8349034402,180000.0,0.0,230357.12290762636,1243392.5347899671
 03/26  03:00:00,2299552.043426394,591838.522206288,180000.0,0.0,230357.12290762636,1203227.5159202588
 03/26  04:00:00,2302756.0716779856,602472.1662267449,180000.0,0.0,230357.12290762636,1195797.9001513938
 03/26  05:00:00,2303614.6822726894,614247.6555538594,180000.0,0.0,230357.12290762636,1203297.541887026
 03/26  06:00:00,2908851.0441539586,607180.6863763141,180000.0,0.0,739567.6051244846,1310482.9508329923
 03/26  07:00:00,3599436.791878439,533139.594048041,180000.0,0.0,1346470.0250926542,1470253.6509695805
 03/26  08:00:00,3329053.450641756,460840.273826776,180000.0,0.0,1165774.9135001334,1454911.021598689
 03/26  09:00:00,3254815.2155176424,395002.821711421,180000.0,0.0,1175101.1128081344,1447415.439541953
 03/26  10:00:00,2125896.759709092,366258.8742063663,180000.0,0.0,230357.12290762636,1304262.6014509937
 03/26  11:00:00,2076078.4150463657,330764.4899076735,180000.0,0.0,230357.12290762636,1304262.6014509937
 03/26  12:00:00,2045079.7814237173,287295.644035493,180000.0,0.0,230357.12290762636,1322871.65385654
 03/26  13:00:00,1992065.5829199478,236327.7255837284,180000.0,0.0,230357.12290762636,1322871.65385654
 03/26  14:00:00,1935677.2930485911,179939.43571237175,180000.0,0.0,230357.12290762636,1322871.65385654
 03/26  15:00:00,1883185.4277292101,132830.9061098511,180000.0,0.0,230357.12290762636,1315442.038087675
 03/26  16:00:00,3124158.3827848835,95952.24024077249,180000.0,0.0,1217069.0096941392,1592257.811861881
 03/26  17:00:00,6228439.2006146405,89722.63115926711,180000.0,0.0,2103524.2539196406,3779479.9536115546
 03/26  18:00:00,7521148.838747618,177607.89024242945,180000.0,0.0,3534629.5377324047,3528643.688224548
 03/26  19:00:00,6733196.923618095,178533.35930681933,180000.0,0.0,4224768.286524483,2016887.0744064804
 03/26  20:00:00,7008714.662144359,299113.10025532485,180000.0,0.0,4276062.3827184895,2067327.6944381092
 03/26  21:00:00,6264702.6854519555,304043.1328612085,180000.0,0.0,3646543.9294284177,1919256.2177018262
 03/26  22:00:00,2503927.2429221603,400885.8108361003,180000.0,0.0,230357.12290762636,1506472.824445997
 03/26  23:00:00,2445532.4240159425,470823.35197422234,180000.0,0.0,230357.12290762636,1435436.305857791
 03/26  24:00:00,2366343.3160094274,516346.6797126089,180000.0,0.0,230357.12290762636,1345510.6309969712
 03/27  01:00:00,2309123.590986196,549052.6295501986,180000.0,0.0,230357.12290762636,1255584.9561361503
 03/27  02:00:00,2303305.4063274735,569413.1649994218,180000.0,0.0,230357.12290762636,1229406.2360282047
 03/27  03:00:00,5042056.945016439,556688.0208133905,180000.0,0.0,230357.12290762636,3980882.9189032014
 03/27  04:00:00,7491176.090214165,492565.29810166813,180000.0,0.0,240615.94214642755,6483865.967573849
 03/27  05:00:00,2516302.1552581275,577610.7347646686,180000.0,0.0,453719.5963342519,1229259.4622350298
 03/27  06:00:00,3084623.6842006706,594940.5094407157,180000.0,0.0,909304.4325301041,1328758.9404096839
 03/27  07:00:00,3392055.566944816,581323.2672530618,180000.0,0.0,1123807.0166141286,1437351.7613094628
 03/27  08:00:00,3403178.562049734,534965.3852347535,180000.0,0.0,1165774.9135001334,1454911.021598689
 03/27  09:00:00,2279721.8654438,500376.68386017997,180000.0,0.0,230357.12290762636,1311692.2172198591
 03/27  10:00:00,2216578.772044383,456940.8865416574,180000.0,0.0,230357.12290762636,1304262.6014509937
 03/27  11:00:00,2148670.7725733723,403356.84743467974,180000.0,0.0,230357.12290762636,1304262.6014509937
 03/27  12:00:00,2103828.073432351,346043.9360441269,180000.0,0.0,230357.12290762636,1322871.65385654
 03/27  13:00:00,1908723.7463331302,287985.88899691077,45000.0,0.0,230357.12290762636,1322871.65385654
 03/27  14:00:00,1807862.6815031534,232124.82416693412,0.0,0.0,230357.12290762636,1322871.65385654
 03/27  15:00:00,1757096.5840063184,186742.06238695903,0.0,0.0,230357.12290762636,1315442.038087675
 03/27  16:00:00,2695768.996275061,143810.72879016935,0.0,0.0,970391.037997511,1542687.908499289
 03/27  17:00:00,5709584.72886134,104684.31573422064,0.0,0.0,1790630.267136205,3738557.7840667376
 03/27  18:00:00,6896097.479258315,140609.27523117114,90000.0,0.0,3534629.5377324047,3030590.9437465034
 03/27  19:00:00,7427086.032354906,135048.06159605202,180000.0,0.0,3226864.960568369,3752164.8068101704
 03/27  20:00:00,5819608.870097198,221104.3418450711,180000.0,0.0,3264169.7578003732,1968123.2857193162
 03/27  21:00:00,4307506.174925898,228129.34091759106,180000.0,0.0,1939849.456064222,1744667.9724835816
 03/27  22:00:00,2947953.306293886,278205.95728194073,180000.0,0.0,740033.9150898848,1563501.9491896243
 03/27  23:00:00,2300453.067166869,325743.9951251492,180000.0,0.0,230357.12290762636,1435436.305857791
 03/27  24:00:00,2204665.5253053224,354668.88900850364,180000.0,0.0,230357.12290762636,1345510.6309969712
 03/28  01:00:00,2132476.431167306,372405.4697313085,180000.0,0.0,230357.12290762636,1255584.9561361503
 03/28  02:00:00,2116293.4581986023,382401.2168705505,180000.0,0.0,230357.12290762636,1229406.2360282047
 03/28  03:00:00,2092503.8488950776,384790.3276749715,180000.0,0.0,230357.12290762636,1203227.5159202588
 03/28  04:00:00,4023786.8969261865,363213.77825970994,180000.0,0.0,238051.23733672727,3148392.9989375295
 03/28  05:00:00,5386022.444638247,350792.8737872164,180000.0,0.0,453719.5963342519,4325797.612592601
 03/28  06:00:00,5935561.78938219,313887.2179806905,180000.0,0.0,1419913.8446431626,3950140.9249381693
 03/28  07:00:00,3397508.6558830244,331211.4580526268,180000.0,0.0,1346470.0250926542,1470253.6509695805
 03/28  08:00:00,3172340.4032205185,304127.2264055384,180000.0,0.0,1165774.9135001334,1454911.021598689
 03/28  09:00:00,2801713.613484949,257018.0227343783,135000.0,0.0,938915.1153330074,1413484.6339614296
 03/28  10:00:00,1823705.217495912,244067.33199318647,0.0,0.0,230357.12290762636,1304262.6014509937
 03/28  11:00:00,1779951.6013623024,214637.67622361018,0.0,0.0,230357.12290762636,1304262.6014509937
 03/28  12:00:00,1762645.5849266646,184861.44753844017,0.0,0.0,230357.12290762636,1322871.65385654
 03/28  13:00:00,1725297.7445772106,149559.88724099137,0.0,0.0,230357.12290762636,1322871.65385654
 03/28  14:00:00,1686479.632605352,110741.77526913247,0.0,0.0,230357.12290762636,1322871.65385654
 03/28  15:00:00,2170413.1225675326,76290.01568322793,0.0,0.0,667755.8704528764,1401811.875807371
 03/28  16:00:00,4195509.710195484,30109.927206891127,135000.0,0.0,2200983.036688252,1790537.4253122492
 03/28  17:00:00,4987807.695601485,21769.261770320085,180000.0,0.0,2727913.297590312,1982412.7743166755
 03/28  18:00:00,6096802.350699972,105423.8906866246,180000.0,0.0,3534629.5377324047,2176481.199732708
 03/28  19:00:00,6654444.450027437,99780.88571616064,180000.0,0.0,4224768.286524483,2016887.0744064804
 03/28  20:00:00,6906328.515893106,196726.95400407098,180000.0,0.0,4276062.3827184895,2067327.6944381092
 03/28  21:00:00,5226486.499958815,207167.77160738737,180000.0,0.0,2792497.22779822,1831962.095092704
 03/28  22:00:00,2387209.1763988896,284167.74431282986,180000.0,0.0,230357.12290762636,1506472.824445997
 03/28  23:00:00,2316556.162592143,341847.0905504229,180000.0,0.0,230357.12290762636,1435436.305857791
 03/28  24:00:00,2235208.939968917,385212.3036720983,180000.0,0.0,230357.12290762636,1345510.6309969712
 03/29  01:00:00,2181022.406422603,420951.44498660543,180000.0,0.0,230357.12290762636,1255584.9561361503
 03/29  02:00:00,2185435.986659904,451543.7453318522,180000.0,0.0,230357.12290762636,1229406.2360282047
 03/29  03:00:00,2185930.5362516777,478217.0150315721,180000.0,0.0,230357.12290762636,1203227.5159202588
 03/29  04:00:00,2896029.35325733,496496.1797452822,180000.0,0.0,232921.82771732667,1892482.4634025008
 03/29  05:00:00,3816047.050197007,504276.9891434916,180000.0,0.0,564934.5230821646,2491123.1760471733
 03/29  06:00:00,2279205.8450745842,541573.9382438724,180000.0,0.0,230357.12290762636,1255654.9821029177
 03/29  07:00:00,2276316.7963009817,492123.5501741986,180000.0,0.0,230357.12290762636,1304262.6014509937
 03/29  08:00:00,2217421.4352020817,424095.03249062155,180000.0,0.0,230357.12290762636,1315442.038087675
 03/29  09:00:00,2149611.416722974,370266.235139354,180000.0,0.0,230357.12290762636,1311692.2172198591
 03/29  10:00:00,2075953.8870926187,316316.0015898929,180000.0,0.0,230357.12290762636,1304262.6014509937
 03/29  11:00:00,2010214.1864186614,264900.2612799692,180000.0,0.0,230357.12290762636,1304262.6014509937
 03/29  12:00:00,1976782.8978431427,218998.7604549184,180000.0,0.0,230357.12290762636,1322871.65385654
 03/29  13:00:00,1928661.5762312692,172923.71889504962,180000.0,0.0,230357.12290762636,1322871.65385654
 03/29  14:00:00,1888498.202389153,132760.34505293367,180000.0,0.0,230357.12290762636,1322871.65385654
 03/29  15:00:00,2115164.951050083,102926.13679825162,180000.0,0.0,449056.49668025144,1358626.956947523
 03/29  16:00:00,5328343.994348405,62124.27978696901,180000.0,0.0,1462348.0514945672,3584992.3420787766
 03/29  17:00:00,5035501.322710345,69462.88887917921,180000.0,0.0,2727913.297590312,1982412.7743166755
 03/29  18:00:00,6148066.397812335,156687.93779898714,180000.0,0.0,3534629.5377324047,2176481.199732708
 03/29  19:00:00,6699815.813299185,145152.248987909,180000.0,0.0,4224768.286524483,2016887.0744064804
 03/29  20:00:00,5863421.432522075,264916.90426994953,180000.0,0.0,3264169.7578003732,1968123.2857193162
 03/29  21:00:00,4357620.522624236,278243.68861592875,180000.0,0.0,1939849.456064222,1744667.9724835816
 03/29  22:00:00,3572631.567114086,336178.3011762544,180000.0,0.0,1249710.707272143,1620531.0739332517
 03/29  23:00:00,2633893.715914009,394613.4114745946,180000.0,0.0,462579.485676853,1467785.1754862596
 03/29  24:00:00,2291278.4540350344,441281.8177382161,180000.0,0.0,230357.12290762636,1345510.6309969712
 03/30  01:00:00,2228002.3709784425,467931.40954244474,180000.0,0.0,230357.12290762636,1255584.9561361503
 03/30  02:00:00,2223769.8845244255,489877.6431963736,180000.0,0.0,230357.12290762636,1229406.2360282047
 03/30  03:00:00,2213142.6809968892,505429.1597767835,180000.0,0.0,230357.12290762636,1203227.5159202588
 03/30  04:00:00,2245481.004686861,522364.3174210423,180000.0,0.0,240615.94214642755,1208371.8627271699
 03/30  05:00:00,2595592.909688079,533446.4028817037,180000.0,0.0,564934.5230821646,1241499.621800033
 03/30  06:00:00,3030306.5358199235,540623.361059968,180000.0,0.0,909304.4325301041,1328758.9404096839
 03/30  07:00:00,3344147.9434082424,533415.6437164879,180000.0,0.0,1123807.0166141286,1437351.7613094628
 03/30  08:00:00,2323283.0587767493,529956.6560652895,180000.0,0.0,230357.12290762636,1315442.038087675
 03/30  09:00:00,2267474.1463874634,488128.9648038434,180000.0,0.0,230357.12290762636,1311692.2172198591
 03/30  10:00:00,2211677.094584631,452039.2090819055,180000.0,0.0,230357.12290762636,1304262.6014509937
 03/30  11:00:00,2182158.6812060326,436844.75606734044,180000.0,0.0,230357.12290762636,1304262.6014509937
 03/30  12:00:00,2168611.3175580385,410827.18016981415,180000.0,0.0,230357.12290762636,1322871.65385654
 03/30  13:00:00,2167419.5149103873,411681.65757416806,180000.0,0.0,230357.12290762636,1322871.65385654
 03/30  14:00:00,2189320.6702027526,433582.8128665335,180000.0,0.0,230357.12290762636,1322871.65385654
 03/30  15:00:00,2195047.613853301,444693.0922339418,180000.0,0.0,230357.12290762636,1315442.038087675
 03/30  16:00:00,2293639.1711545857,450424.5288473546,180000.0,0.0,230357.12290762636,1393978.1984115131
 03/30  17:00:00,3160548.4959176485,442182.7372723805,180000.0,0.0,854279.8566128977,1608373.540108193
 03/30  18:00:00,3606233.3895916855,488499.4829020478,180000.0,0.0,1057124.691561921,1780341.4925794816
 03/30  19:00:00,2583402.55619677,485096.83804829285,180000.0,0.0,230357.12290762636,1554940.391860539
 03/30  20:00:00,3414132.5968597634,591971.7228037086,180000.0,0.0,735837.1254012841,1720112.2639223342
 03/30  21:00:00,4616790.178715473,537413.3447071658,180000.0,0.0,1939849.456064222,1744667.9724835816
 03/30  22:00:00,3803259.4720433224,566806.2061054913,180000.0,0.0,1249710.707272143,1620531.0739332517
 03/30  23:00:00,2591587.633879815,616878.5618380951,180000.0,0.0,230357.12290762636,1435436.305857791
 03/30  24:00:00,2500273.3167995308,650276.680502712,180000.0,0.0,230357.12290762636,1345510.6309969712
 03/31  01:00:00,2433940.642995283,673869.6815592855,180000.0,0.0,230357.12290762636,1255584.9561361503
 03/31  02:00:00,2423499.6587443138,691653.6974682668,180000.0,0.0,230357.12290762636,1229406.2360282047
 03/31  03:00:00,2411748.96924331,706081.7280752086,180000.0,0.0,230357.12290762636,1203227.5159202588
 03/31  04:00:00,2417584.3311425783,717300.4256913377,180000.0,0.0,230357.12290762636,1195797.9001513938
 03/31  05:00:00,2430324.357702475,724587.0905676065,180000.0,0.0,230357.12290762636,1203297.541887026
 03/31  06:00:00,2476043.746154404,719995.318855649,180000.0,0.0,230357.12290762636,1255654.9821029177
 03/31  07:00:00,3470748.645981758,645692.38592597,180000.0,0.0,1123807.0166141286,1437351.7613094628
 03/31  08:00:00,3452399.4485967057,578047.4316257108,180000.0,0.0,1165774.9135001334,1454911.021598689
 03/31  09:00:00,3406043.652836024,542138.6989257927,180000.0,0.0,1175101.1128081344,1447415.439541953
 03/31  10:00:00,3333242.900976599,516716.81146561605,180000.0,0.0,1147122.5148841313,1440292.8533787369
 03/31  11:00:00,3257502.830673188,486602.38582444866,180000.0,0.0,1105154.6179981267,1453005.3460185362
 03/31  12:00:00,3205162.487288214,446047.1933728376,180000.0,0.0,1072512.9204201226,1482047.0128711963
 03/31  13:00:00,2663341.3633912606,408563.3095254721,180000.0,0.0,649103.4718368744,1403165.5014568614
 03/31  14:00:00,2140899.7964048544,385161.939068635,180000.0,0.0,230357.12290762636,1322871.65385654
 03/31  15:00:00,9992514.67577462,252964.13978250563,180000.0,0.0,1105154.6179981267,8429840.557369933
 03/31  16:00:00,4383074.428370672,244786.02847035075,180000.0,0.0,1217069.0096941392,2702340.0692180907
 03/31  17:00:00,4466892.77994783,248343.1644368927,180000.0,0.0,2103057.9439542405,1857733.0295805149
 03/31  18:00:00,6325064.841505539,335732.66154419584,180000.0,0.0,3534629.5377324047,2176481.199732708
 03/31  19:00:00,4654436.670619548,336753.79679293133,180000.0,0.0,2228961.634612255,1785944.4360940745
 03/31  20:00:00,7935704.662317468,431823.45045034075,180000.0,0.0,3264169.7578003732,3889870.2097503557
 03/31  21:00:00,7112633.476858506,383186.0130891435,180000.0,0.0,3646543.9294284177,2702368.089244475
 03/31  22:00:00,4788130.563135015,430220.9109349686,180000.0,0.0,2270929.53149826,1733046.3162813787
 03/31  23:00:00,3252483.693689159,493644.97455857357,180000.0,0.0,925625.281319106,1532482.9147431962
 03/31  24:00:00,2503642.2129576877,544590.7582686965,180000.0,0.0,316624.46650663624,1368677.2755077262
 04/01  01:00:00,2338232.5003704154,578796.1258680795,180000.0,0.0,230357.12290762636,1255329.5389200803
 04/01  02:00:00,2332077.9785293452,600813.9409816099,180000.0,0.0,230357.12290762636,1229195.2391975378
 04/01  03:00:00,2320704.514867815,615574.7770426222,180000.0,0.0,230357.12290762636,1203060.9394749957
 04/01  04:00:00,2325804.926817876,626077.8726258411,180000.0,0.0,230357.12290762636,1195620.2186097796
 04/01  05:00:00,2338369.5829659924,633203.1344630842,180000.0,0.0,230357.12290762636,1203097.6501527103
 04/01  06:00:00,3764085.4306463017,619523.5687922947,180000.0,0.0,230357.12290762636,2644531.100735866
 04/01  07:00:00,8230515.191695381,512528.6463886752,180000.0,0.0,1513175.8377231732,5941251.181069192
 04/01  08:00:00,4650586.36316491,531326.3979029965,180000.0,0.0,1986480.4526042275,1879410.172303629
 04/01  09:00:00,29346710.517259117,759600.7494496338,180000.0,0.0,1536491.3359931756,26809477.314854592
 04/01  10:00:00,8979469.350092338,582233.2754672841,180000.0,0.0,1072512.9204201226,7095810.260635561
 04/01  11:00:00,3141232.861370694,448587.7844840898,180000.0,0.0,1030545.023534118,1449491.4576395717
 04/01  12:00:00,3559613.502593252,407360.0438993657,180000.0,0.0,1389603.696892159,1558193.3150170408
 04/01  13:00:00,3946348.4574263636,347001.6304005794,180000.0,0.0,1757988.5695582011,1638939.8479149542
 04/01  14:00:00,14059750.226466719,349381.97397565056,180000.0,0.0,1757988.5695582011,11749961.27338024
 04/01  15:00:00,17416408.143004935,396935.550847357,180000.0,0.0,1762651.6692122016,15052364.47616069
 04/01  16:00:00,4045695.6907988004,240187.64708956404,180000.0,0.0,1799956.466444206,1786828.8698559448
 04/01  17:00:00,4401733.0886659585,241460.97210166382,180000.0,0.0,1925860.1571022202,1976966.5446439027
 04/01  18:00:00,5042305.940372923,317952.49788914237,180000.0,0.0,2275592.6311522606,2170935.0241927775
 04/01  19:00:00,5531942.758421545,299330.2931907415,180000.0,0.0,2919100.383404334,2011229.8479030402
 04/01  20:00:00,4568721.046270349,399371.6557686678,180000.0,0.0,1953838.7550262236,1866353.5452147145
 04/01  21:00:00,4674625.0371713145,389172.0337574482,180000.0,0.0,2163678.2394562475,1742047.115216018
 04/01  22:00:00,3878401.4273094665,410219.4950037599,180000.0,0.0,1496854.9889341714,1618093.778646678
 04/01  23:00:00,2937009.5296431617,444155.68371404737,180000.0,0.0,694801.8484460795,1497807.800791663
 04/01  24:00:00,2538345.17937159,469371.11233339465,180000.0,0.0,402891.81010564615,1392332.5442579205
 04/02  01:00:00,2244143.325050538,484706.95054820215,180000.0,0.0,230357.12290762636,1255329.5389200803
 04/02  02:00:00,2230173.8195588896,496871.7447790969,180000.0,0.0,230357.12290762636,1229195.2391975378
 04/02  03:00:00,2213211.3414486386,506043.56639138795,180000.0,0.0,230357.12290762636,1203060.9394749957
 04/02  04:00:00,2206845.8651279826,507118.8109359482,180000.0,0.0,230357.12290762636,1195620.2186097796
 04/02  05:00:00,2201684.754448768,512822.603802317,180000.0,0.0,230357.12290762636,1203097.6501527103
 04/02  06:00:00,2976150.2300322284,516627.2974598246,180000.0,0.0,881325.8346061008,1326865.7948443035
 04/02  07:00:00,2540100.6052641748,510032.374161795,180000.0,0.0,444393.39702625095,1336381.5681861853
 04/02  08:00:00,2264554.712992105,471866.7915184974,180000.0,0.0,230357.12290762636,1315075.5699080958
 04/02  09:00:00,2202239.500188047,423480.4806461901,180000.0,0.0,230357.12290762636,1311336.8541366307
 04/02  10:00:00,2140693.6093687555,381603.5340844576,180000.0,0.0,230357.12290762636,1303896.1332714143
 04/02  11:00:00,2088786.672123653,343962.857463755,180000.0,0.0,230357.12290762636,1303896.1332714143
 04/02  12:00:00,2072931.322493577,315601.462027953,180000.0,0.0,230357.12290762636,1322516.2907733116
 04/02  13:00:00,2070547.2108150814,315255.38758151454,180000.0,0.0,230357.12290762636,1322516.2907733116
 04/02  14:00:00,2086130.998400231,330839.17516666406,180000.0,0.0,230357.12290762636,1322516.2907733116
 04/02  15:00:00,2586170.05375656,338228.16967810754,180000.0,0.0,230357.12290762636,1813128.3143861406
 04/02  16:00:00,4396105.209167505,301797.56101519597,180000.0,0.0,1604106.2809761832,2271478.659767039
 04/02  17:00:00,4410566.659868646,252332.58053640937,180000.0,0.0,1925860.1571022202,1976966.5446439027
 04/02  18:00:00,4081303.812851108,317276.5403409318,180000.0,0.0,1509678.512982673,1974484.935156704
 04/02  19:00:00,5540664.9072431605,297862.25585207273,180000.0,0.0,2919100.383404334,2011229.8479030402
 04/02  20:00:00,6475349.137978498,373750.2800559616,180000.0,0.0,3674522.5273524206,2061614.9424529157
 04/02  21:00:00,6744093.136122316,337746.6906549687,180000.0,0.0,4098864.5958664687,1913487.9402348779
 04/02  22:00:00,2502714.822865387,401256.36962087976,180000.0,0.0,230357.12290762636,1505639.9422196806
 04/02  23:00:00,2424935.9597901395,451468.01666792954,180000.0,0.0,230357.12290762636,1434714.4745949835
 04/02  24:00:00,2320659.7757394793,471530.93339969206,180000.0,0.0,230357.12290762636,1345022.006757532
 04/03  01:00:00,2245804.5573359528,486368.18283361703,180000.0,0.0,230357.12290762636,1255329.5389200803
 04/03  02:00:00,2236842.7308346266,503540.65605483396,180000.0,0.0,230357.12290762636,1229195.2391975378
 04/03  03:00:00,2229775.6050900565,522607.8300328057,180000.0,0.0,230357.12290762636,1203060.9394749957
 04/03  04:00:00,2242635.7247041157,542908.6705120812,180000.0,0.0,230357.12290762636,1195620.2186097796
 04/03  05:00:00,2253396.246676343,564534.0960298921,180000.0,0.0,230357.12290762636,1203097.6501527103
 04/03  06:00:00,2483105.235196979,565433.4953333118,180000.0,0.0,393099.300832245,1273241.1359094218
 04/03  07:00:00,2288880.6952466834,505334.17317769985,180000.0,0.0,230357.12290762636,1303896.1332714143
 04/03  08:00:00,2224403.8675825107,431715.9461089028,180000.0,0.0,230357.12290762636,1315075.5699080958
 04/03  09:00:00,2653601.1526285633,372715.5307375384,180000.0,0.0,665424.3206258761,1378396.258767549
 04/03  10:00:00,3054377.9438532772,318644.82626786776,180000.0,0.0,1072512.9204201226,1438383.37806003
 04/03  11:00:00,2495033.6978645637,277318.27070734114,180000.0,0.0,630451.0732208722,1376693.795455493
 04/03  12:00:00,2010054.4822512243,252724.62178560035,180000.0,0.0,230357.12290762636,1322516.2907733116
 04/03  13:00:00,1919162.3519024262,208870.5286688594,135000.0,0.0,230357.12290762636,1322516.2907733116
 04/03  14:00:00,1738062.3767517605,162770.55351819366,0.0,0.0,230357.12290762636,1322516.2907733116
 04/03  15:00:00,1694997.1094489475,125107.96984853952,0.0,0.0,230357.12290762636,1315075.5699080958
 04/03  16:00:00,1960542.9717165546,117984.67232411899,180000.0,0.0,230357.12290762636,1393478.4690757233
 04/03  17:00:00,4837232.092832686,102228.97449694367,180000.0,0.0,865471.295782499,3614124.4449671283
 04/03  18:00:00,8735241.60932971,120438.16998151949,180000.0,0.0,2275592.6311522606,6059346.98382513
 04/03  19:00:00,5387134.935832182,144332.28444109415,180000.0,0.0,2919100.383404334,2011229.8479030402
 04/03  20:00:00,6324411.468904402,222812.61098186683,180000.0,0.0,3674522.5273524206,2061614.9424529157
 04/03  21:00:00,6608729.416619074,202382.97115172696,180000.0,0.0,4098864.5958664687,1913487.9402348779
 04/03  22:00:00,5099602.578823006,239918.48794894217,180000.0,0.0,2765218.094822316,1729004.6079345478
 04/03  23:00:00,2289041.321806082,315573.3786838716,180000.0,0.0,230357.12290762636,1434714.4745949835
 04/03  24:00:00,2221625.8150553796,372496.97271559224,180000.0,0.0,230357.12290762636,1345022.006757532
 04/04  01:00:00,2168368.6707907957,408932.2962884599,180000.0,0.0,230357.12290762636,1255329.5389200803
 04/04  02:00:00,2170410.2394381715,437108.1646583788,180000.0,0.0,230357.12290762636,1229195.2391975378
 04/04  03:00:00,2166798.350302285,459630.57524503453,180000.0,0.0,230357.12290762636,1203060.9394749957
 04/04  04:00:00,2183584.5932108504,483857.53901881585,180000.0,0.0,230357.12290762636,1195620.2186097796
 04/04  05:00:00,2189522.715685882,500660.5650394311,180000.0,0.0,230357.12290762636,1203097.6501527103
 04/04  06:00:00,2247564.6608394673,510509.98521204625,180000.0,0.0,230357.12290762636,1255366.2495977946
 04/04  07:00:00,2787446.1785383257,510856.2384025514,180000.0,0.0,658429.6711448755,1368867.0031009563
 04/04  08:00:00,2313594.7145968545,520906.7931232464,180000.0,0.0,230357.12290762636,1315075.5699080958
 04/04  09:00:00,2291806.3865344618,513047.36699260457,180000.0,0.0,230357.12290762636,1311336.8541366307
 04/04  10:00:00,2266260.714459262,507170.6391749642,180000.0,0.0,230357.12290762636,1303896.1332714143
 04/04  11:00:00,2251731.7629731838,506907.9483132861,180000.0,0.0,230357.12290762636,1303896.1332714143
 04/04  12:00:00,2246253.7996894834,488923.93922385963,180000.0,0.0,230357.12290762636,1322516.2907733116
 04/04  13:00:00,2233506.2307063793,478214.40747281245,180000.0,0.0,230357.12290762636,1322516.2907733116
 04/04  14:00:00,2224410.7363583334,469118.9131247666,180000.0,0.0,230357.12290762636,1322516.2907733116
 04/04  15:00:00,2206343.443593002,456454.3039925938,180000.0,0.0,230357.12290762636,1315075.5699080958
 04/04  16:00:00,4163863.469431584,441402.88282187644,180000.0,0.0,622756.9587917712,2880980.92040885
 04/04  17:00:00,5106052.324672438,391735.7637002234,180000.0,0.0,1925860.1571022202,2533049.02628388
 04/04  18:00:00,5180549.243217458,454157.76350161963,180000.0,0.0,2275592.6311522606,2170935.0241927775
 04/04  19:00:00,5642403.0365231605,399600.3851320726,180000.0,0.0,2919100.383404334,2011229.8479030402
 04/04  20:00:00,5132182.283473277,467542.30272403866,180000.0,0.0,2384009.6981077725,1915168.8945242648
 04/04  21:00:00,2661243.549975965,467767.8287231777,180000.0,0.0,230357.12290762636,1569124.6889791605
 04/04  22:00:00,2590115.81670906,488657.3634645526,180000.0,0.0,230357.12290762636,1505639.9422196806
 04/04  23:00:00,2485493.3020104654,512025.35888825555,180000.0,0.0,230357.12290762636,1434714.4745949835
 04/04  24:00:00,2367653.6114937877,518524.76915400045,180000.0,0.0,230357.12290762636,1345022.006757532
 04/05  01:00:00,2282512.2654416244,523075.89093928854,180000.0,0.0,230357.12290762636,1255329.5389200803
 04/05  02:00:00,2267303.814660059,527810.7970295137,180000.0,0.0,230357.12290762636,1235386.1820482903
 04/05  03:00:00,2241475.834924697,533364.860683777,180000.0,0.0,230357.12290762636,1204004.1386586647
 04/05  04:00:00,2261065.6608545035,542380.3818140194,180000.0,0.0,238284.39231942725,1206651.1740464282
 04/05  05:00:00,2461772.7275939593,537314.6553335375,180000.0,0.0,441595.53723385057,1227455.1574404566
 04/05  06:00:00,3163598.3279537773,522976.6696994449,180000.0,0.0,1044534.3224961195,1344756.0326362131
 04/05  07:00:00,2768306.48568914,491716.5455533648,180000.0,0.0,658429.6711448755,1368867.0031009563
 04/05  08:00:00,2280164.7536842306,487476.8322106231,180000.0,0.0,230357.12290762636,1315075.5699080958
 04/05  09:00:00,2234212.8966684495,455453.87712659244,180000.0,0.0,230357.12290762636,1311336.8541366307
 04/05  10:00:00,2159296.845545024,400206.7702607262,180000.0,0.0,230357.12290762636,1303896.1332714143
 04/05  11:00:00,2088236.3033824456,343412.4887225478,180000.0,0.0,230357.12290762636,1303896.1332714143
 04/05  12:00:00,2037874.487752311,280544.6272866868,180000.0,0.0,230357.12290762636,1322516.2907733116
 04/05  13:00:00,1925246.6156152326,214954.79238166587,135000.0,0.0,230357.12290762636,1322516.2907733116
 04/05  14:00:00,1722535.2899957218,147243.46676215497,0.0,0.0,230357.12290762636,1322516.2907733116
 04/05  15:00:00,2813429.8449604376,71557.10051113759,0.0,0.0,1188390.946822036,1529025.3508425786
 04/05  16:00:00,7320457.515806175,38535.79570465941,184542.90150897315,0.0,1799956.466444206,5258699.644739252
 04/05  17:00:00,4572953.175208797,25403.455667209797,152774.45546030387,0.0,1925860.1571022202,2393507.7293929495
 04/05  18:00:00,4780438.0569673665,54046.57725152799,180000.0,0.0,2275592.6311522606,2170935.0241927775
 04/05  19:00:00,4129747.8456068607,65021.13306465215,180000.0,0.0,1911870.8581402188,1840383.4343182747
 04/05  20:00:00,4348873.7597945,163220.07143636033,180000.0,0.0,1953838.7550262236,1866353.5452147145
 04/05  21:00:00,3945658.8077488393,172500.42940694306,180000.0,0.0,1680347.9603190923,1698816.5086568035
 04/05  22:00:00,3022039.967360392,231105.66288911417,180000.0,0.0,863606.0559208989,1561866.8604331794
 04/05  23:00:00,2263946.2719474053,290478.32882519497,180000.0,0.0,230357.12290762636,1434714.4745949835
 04/05  24:00:00,2178807.721590826,329678.87925103866,180000.0,0.0,230357.12290762636,1345022.006757532
 04/06  01:00:00,2115994.8393075485,356558.4648052127,180000.0,0.0,230357.12290762636,1255329.5389200803
 04/06  02:00:00,2109382.900916129,376080.8261363363,180000.0,0.0,230357.12290762636,1229195.2391975378
 04/06  03:00:00,2099611.57568243,392443.80062517925,180000.0,0.0,230357.12290762636,1203060.9394749957
 04/06  04:00:00,2106036.9390258733,406309.88483383827,180000.0,0.0,230357.12290762636,1195620.2186097796
 04/06  05:00:00,2106785.829180388,417923.67853393685,180000.0,0.0,230357.12290762636,1203097.6501527103
 04/06  06:00:00,2161270.06576154,424215.3901341191,180000.0,0.0,230357.12290762636,1255366.2495977946
 04/06  07:00:00,3177663.336565755,408029.97836318886,180000.0,0.0,1086502.2193821245,1433837.8729304986
 04/06  08:00:00,2444268.197184191,397248.98441176885,180000.0,0.0,450222.27159375156,1349541.7125207847
 04/06  09:00:00,2161691.9854210718,382932.9658792148,180000.0,0.0,230357.12290762636,1311336.8541366307
 04/06  10:00:00,2119163.4378864663,360073.3626021683,180000.0,0.0,230357.12290762636,1303896.1332714143
 04/06  11:00:00,1922301.4296817307,312477.6150218329,45000.0,0.0,230357.12290762636,1303896.1332714143
 04/06  12:00:00,1839069.0514103197,261739.19094469567,0.0,0.0,230357.12290762636,1322516.2907733116
 04/06  13:00:00,1791934.5149882687,216642.69175470172,0.0,0.0,230357.12290762636,1322516.2907733116
 04/06  14:00:00,2036870.4931857493,171491.6072401647,0.0,0.0,230357.12290762636,1612603.3534853298
 04/06  15:00:00,10474281.793867065,165125.11657362303,0.0,0.0,997903.3259561141,9286796.904552642
 04/06  16:00:00,2761527.503996847,116095.40254981145,0.0,0.0,1016555.7245721162,1590153.6694658338
 04/06  17:00:00,2559810.8537780466,133698.5616149935,90000.0,0.0,653766.5714908749,1606938.3430860639
 04/06  18:00:00,5566003.231156289,177516.694936617,180000.0,0.0,1254373.8069261436,3854248.9049227284
 04/06  19:00:00,5414530.024650763,171727.37325967458,180000.0,0.0,2919100.383404334,2011229.8479030402
 04/06  20:00:00,4444020.379176944,258366.6908188042,180000.0,0.0,1953838.7550262236,1866353.5452147145
 04/06  21:00:00,3499502.078530943,252904.58588541666,180000.0,0.0,1197017.681181937,1655585.9020975893
 04/06  22:00:00,2393417.102825464,291958.64958095684,180000.0,0.0,230357.12290762636,1505639.9422196806
 04/06  23:00:00,2296285.033808544,322817.0906863335,180000.0,0.0,230357.12290762636,1434714.4745949835
 04/06  24:00:00,2182701.2503368035,333572.40799701645,180000.0,0.0,230357.12290762636,1345022.006757532
 04/07  01:00:00,2099988.0515344767,340551.67703214125,180000.0,0.0,230357.12290762636,1255329.5389200803
 04/07  02:00:00,2075092.637133126,343828.59958539036,180000.0,0.0,230357.12290762636,1229195.2391975378
 04/07  03:00:00,2056884.2682441354,351148.3303185252,180000.0,0.0,230357.12290762636,1203667.1395754123
 04/07  04:00:00,2053964.8476962599,354237.7935042255,180000.0,0.0,230357.12290762636,1195620.2186097796
 04/07  05:00:00,2061350.6658201697,356184.2173172615,180000.0,0.0,230357.12290762636,1203097.6501527103
 04/07  06:00:00,2109892.6411392065,354495.6304232708,180000.0,0.0,230357.12290762636,1255366.2495977946
 04/07  07:00:00,2144812.6250756197,346999.84238223545,180000.0,0.0,230357.12290762636,1303896.1332714143
 04/07  08:00:00,2123519.098000423,324717.064830644,180000.0,0.0,230357.12290762636,1315075.5699080958
 04/07  09:00:00,2900122.8773772586,293034.57867295167,0.0,0.0,1100491.518344126,1445455.6633984672
 04/07  10:00:00,2584692.245023274,269043.81354902766,0.0,0.0,861973.9710419986,1404761.566862876
 04/07  11:00:00,1822518.7737158411,255656.92182388584,0.0,0.0,230357.12290762636,1303896.1332714143
 04/07  12:00:00,1813889.3954308562,236559.5349652323,0.0,0.0,230357.12290762636,1322516.2907733116
 04/07  13:00:00,3518791.235861238,220228.28898984974,0.0,0.0,802519.4504534919,2473625.0868652677
 04/07  14:00:00,12769855.02209314,197631.5257802399,0.0,0.0,1566801.4837441794,10983003.603016093
 04/07  15:00:00,3595385.865664948,150870.24908056686,0.0,0.0,1762651.6692122016,1657407.500587494
 04/07  16:00:00,2311698.078279967,157702.87786023138,0.0,0.0,623456.4237398712,1491816.0692707787
 04/07  17:00:00,1960386.7558687208,169523.41326289138,0.0,0.0,230357.12290762636,1483060.8048800319
 04/07  18:00:00,2189350.439922298,214099.40977934678,0.0,0.0,230357.12290762636,1647068.1200965815
 04/07  19:00:00,2119988.7472675107,213252.98589858395,0.0,0.0,230357.12290762636,1554096.4045378715
 04/07  20:00:00,2332891.8141323207,263767.05420543527,0.0,0.0,230357.12290762636,1669610.546758516
 04/07  21:00:00,2249572.9012759235,250363.44064753616,0.0,0.0,230357.12290762636,1569124.6889791605
 04/07  22:00:00,2168721.9787496906,259491.74889752618,0.0,0.0,230357.12290762636,1505639.9422196806
 04/07  23:00:00,2058547.8908543207,273232.0966603394,0.0,0.0,230357.12290762636,1434714.4745949835
 04/07  24:00:00,2135904.660047989,286775.8177082016,180000.0,0.0,230357.12290762636,1345022.006757532
 04/08  01:00:00,2059118.5137022675,299682.1391999321,180000.0,0.0,230357.12290762636,1255329.5389200803
 04/08  02:00:00,2043560.4501409633,312296.4125932278,180000.0,0.0,230357.12290762636,1229195.2391975378
 04/08  03:00:00,2030913.4527501392,325783.7149249456,180000.0,0.0,230357.12290762636,1203060.9394749957
 04/08  04:00:00,2029806.6754559397,330079.6212639053,180000.0,0.0,230357.12290762636,1195620.2186097796
 04/08  05:00:00,2049967.6963468129,344801.24784390454,180000.0,0.0,230357.12290762636,1203097.6501527103
 04/08  06:00:00,2101728.3602362527,346331.34952031693,180000.0,0.0,230357.12290762636,1255366.2495977946
 04/08  07:00:00,2090105.1552652859,292292.3725719019,180000.0,0.0,230357.12290762636,1303896.1332714143
 04/08  08:00:00,2488627.7316320613,226163.11586465337,135000.0,0.0,670087.4202798766,1384007.8551334739
 04/08  09:00:00,2270947.28421263,165985.58785749003,0.0,0.0,665424.3206258762,1378396.258767549
 04/08  10:00:00,1718664.646951096,135498.49720268353,0.0,0.0,230357.12290762636,1303896.1332714143
 04/08  11:00:00,1662132.4593995684,95270.60750761321,0.0,0.0,230357.12290762636,1303896.1332714143
 04/08  12:00:00,1638757.7397282347,61427.879262610775,0.0,0.0,230357.12290762636,1322516.2907733116
 04/08  13:00:00,1593395.3327388838,18103.50950531682,0.0,0.0,230357.12290762636,1322516.2907733116
 04/08  14:00:00,2003968.1374829793,24818.56182452048,176216.19515462738,0.0,421077.8987562482,1359437.0721949546
 04/08  15:00:00,2865673.542381116,73599.72402565397,518857.6931521556,0.0,805317.310245892,1443442.368172729
 04/08  16:00:00,4851783.04899381,154076.25517797042,1072198.7501066036,0.0,1799956.466444206,1786828.8698559448
 04/08  17:00:00,7691519.967334328,225872.33425030115,1540128.183741685,0.0,1925860.1571022202,3922213.8774219514
 04/08  18:00:00,5638638.931028994,140903.65119342427,953381.8373517878,0.0,2275592.6311522606,2170935.0241927775
 04/08  19:00:00,6870925.600762153,101842.39393518523,684599.4071094975,0.0,2919100.383404334,3043101.1823897073
 04/08  20:00:00,8383881.096612947,44408.10744609134,298904.06906628836,0.0,3674522.5273524206,4196889.302487404
 04/08  21:00:00,6936619.993051061,24687.346509906478,166033.8716895858,0.0,4098864.5958664687,2447306.5302435
 04/08  22:00:00,6246466.921343054,13321.129366043115,0.0,0.0,2765218.094822316,3294694.5324298367
 04/08  23:00:00,3970588.9853366995,66900.7745867363,0.0,0.0,1156448.7141921325,2626995.299866459
 04/08  24:00:00,2375425.380147086,141763.01468609172,180000.0,0.0,530893.8956079608,1429018.7571784048
 04/09  01:00:00,2033021.1312408648,191502.68817979709,180000.0,0.0,287713.2486518329,1280055.481734606
 04/09  02:00:00,1975652.0620711753,236159.0444406303,180000.0,0.0,230357.12290762636,1235386.1820482903
 04/09  03:00:00,1981290.7996662857,274123.024609035,180000.0,0.0,230357.12290762636,1203060.9394749957
 04/09  04:00:00,2006935.9419761412,307208.88778410666,180000.0,0.0,230357.12290762636,1195620.2186097796
 04/09  05:00:00,2143536.076395397,336875.9649419604,180000.0,0.0,335976.33007073845,1215276.4037965834
 04/09  06:00:00,2984471.1421955083,343849.48394117586,180000.0,0.0,1044534.3224961195,1344756.0326362131
 04/09  07:00:00,2324420.97106972,294352.7399673407,180000.0,0.0,444393.39702625095,1336381.5681861853
 04/09  08:00:00,2036003.0958586722,243315.17438506422,180000.0,0.0,230357.12290762636,1315075.5699080958
 04/09  09:00:00,1845067.5059011637,201308.48635930673,45000.0,0.0,230357.12290762636,1311336.8541366307
 04/09  10:00:00,1751488.2952636015,172398.21997930363,0.0,0.0,230357.12290762636,1303896.1332714143
 04/09  11:00:00,1710158.058871515,145334.24421161722,0.0,0.0,230357.12290762636,1303896.1332714143
 04/09  12:00:00,1692483.062078025,115153.2016124012,0.0,0.0,230357.12290762636,1322516.2907733116
 04/09  13:00:00,2337344.4279884226,70652.81560370143,0.0,0.0,802519.4504534919,1441753.7523786002
 04/09  14:00:00,1628650.5864657813,53358.76323221455,0.0,0.0,230357.12290762636,1322516.2907733116
 04/09  15:00:00,1620693.8494490813,50804.70984867343,0.0,0.0,230357.12290762636,1315075.5699080958
 04/09  16:00:00,1957846.1914384644,49569.44153237893,0.0,0.0,426906.77332374884,1442647.269173251
 04/09  17:00:00,6779525.1661154665,33282.11237998863,117264.29980486321,0.0,1289347.0543311476,5264224.322013354
 04/09  18:00:00,5166852.900027576,68920.23556269106,135000.0,0.0,2275592.6311522606,2587476.2089418243
 04/09  19:00:00,5337249.1518028295,94446.50041174106,180000.0,0.0,2919100.383404334,2011229.8479030402
 04/09  20:00:00,5812667.357799118,190054.79226768142,180000.0,0.0,3244351.5842708712,2012799.5931433653
 04/09  21:00:00,4512306.109018583,212586.8449803176,180000.0,0.0,2163678.2394562475,1742047.115216018
 04/09  22:00:00,3751381.5885869483,270971.43288889923,180000.0,0.0,1496854.9889341714,1618093.778646678
 04/09  23:00:00,2318044.6282177726,344576.68509556213,180000.0,0.0,230357.12290762636,1434714.4745949835
 04/09  24:00:00,2248003.7001492498,398874.85780946235,180000.0,0.0,230357.12290762636,1345022.006757532
 04/10  01:00:00,2197143.627660149,437707.25315781287,180000.0,0.0,230357.12290762636,1255329.5389200803
 04/10  02:00:00,2201670.416984971,468368.3422051786,180000.0,0.0,230357.12290762636,1229195.2391975378
 04/10  03:00:00,2196857.8907151,489690.1156578493,180000.0,0.0,230357.12290762636,1203060.9394749957
 04/10  04:00:00,2201720.084951377,501993.0307593426,180000.0,0.0,230357.12290762636,1195620.2186097796
 04/10  05:00:00,2198099.7443375667,509237.59369111556,180000.0,0.0,230357.12290762636,1203097.6501527103
 04/10  06:00:00,2968344.6369800568,508821.7044076527,180000.0,0.0,881325.8346061008,1326865.7948443035
 04/10  07:00:00,3512678.3769480586,497207.4231799154,180000.0,0.0,1299839.0285526488,1466338.659325552
 04/10  08:00:00,4290610.406996444,467551.61614272103,180000.0,0.0,1986480.4526042275,1589323.109591611
 04/10  09:00:00,3254242.438826943,471230.2145867498,180000.0,0.0,1100491.518344126,1445455.6633984672
 04/10  10:00:00,2712303.607214353,464892.0107794996,180000.0,0.0,651435.0216638745,1371139.7556657223
 04/10  11:00:00,2210557.7614343376,465733.9467744396,180000.0,0.0,230357.12290762636,1303896.1332714143
 04/10  12:00:00,2223117.2458122084,465787.3853465841,180000.0,0.0,230357.12290762636,1322516.2907733116
 04/10  13:00:00,2225719.8659001207,470428.04266655375,180000.0,0.0,230357.12290762636,1322516.2907733116
 04/10  14:00:00,2232655.082215224,477363.2589816573,180000.0,0.0,230357.12290762636,1322516.2907733116
 04/10  15:00:00,2236098.193047328,486209.0534469196,180000.0,0.0,230357.12290762636,1315075.5699080958
 04/10  16:00:00,3307712.8883600137,482280.78691297834,180000.0,0.0,1016555.7245721162,1590153.6694658338
 04/10  17:00:00,3548837.5860910327,485438.30713869963,180000.0,0.0,1077176.0200741233,1730815.8812920959
 04/10  18:00:00,4629081.857221924,544266.5156431925,180000.0,0.0,1764983.2190392022,2039968.2981687284
 04/10  19:00:00,4934879.730429704,477461.0382712032,180000.0,0.0,2247614.033228257,1897332.2388465297
 04/10  20:00:00,5680366.58688058,536740.313740242,180000.0,0.0,2814180.641189322,1963984.2438338152
 04/10  21:00:00,3233302.628229513,513266.0212803563,180000.0,0.0,713687.4020447817,1612355.2955383747
 04/10  22:00:00,2639300.657341594,537842.2040970866,180000.0,0.0,230357.12290762636,1505639.9422196806
 04/10  23:00:00,2661318.17282383,555965.7167678368,180000.0,0.0,346468.30429223966,1450487.8061441535
 04/10  24:00:00,2420159.82717191,571030.9848321229,180000.0,0.0,230357.12290762636,1345022.006757532
 04/11  01:00:00,2343378.2384857116,583941.8639833757,180000.0,0.0,230357.12290762636,1255329.5389200803
 04/11  02:00:00,2331337.5507746064,598035.4759948137,180000.0,0.0,230357.12290762636,1229195.2391975378
 04/11  03:00:00,2315689.6267377306,608521.8516804802,180000.0,0.0,230357.12290762636,1203060.9394749957
 04/11  04:00:00,2322633.4636253607,622906.4094333263,180000.0,0.0,230357.12290762636,1195620.2186097796
 04/11  05:00:00,2320631.3237734414,631769.1731269901,180000.0,0.0,230357.12290762636,1203097.6501527103
 04/11  06:00:00,2738094.268827152,639805.4647272395,180000.0,0.0,555841.4787568636,1291116.022221049
 04/11  07:00:00,3408379.5387178315,638746.1805152656,180000.0,0.0,1086502.2193821245,1433837.8729304986
 04/11  08:00:00,8934193.247814287,569603.4625168807,180000.0,0.0,1109817.717652127,7007516.838987393
 04/11  09:00:00,9524208.901262743,493078.9057868481,180000.0,0.0,1100491.518344126,7693573.43463417
 04/11  10:00:00,2324810.036170451,565719.9608861529,180000.0,0.0,230357.12290762636,1303896.1332714143
 04/11  11:00:00,2302043.006549483,557219.1918895852,180000.0,0.0,230357.12290762636,1303896.1332714143
 04/11  12:00:00,2291787.7029960714,534457.8425304473,180000.0,0.0,230357.12290762636,1322516.2907733116
 04/11  13:00:00,2257952.2322697965,502660.40903623006,180000.0,0.0,230357.12290762636,1322516.2907733116
 04/11  14:00:00,2220606.7656514784,465314.94241791166,180000.0,0.0,230357.12290762636,1322516.2907733116
 04/11  15:00:00,2181577.0495818662,431687.9099814584,180000.0,0.0,230357.12290762636,1315075.5699080958
 04/11  16:00:00,2741606.3353179917,407611.1348982559,180000.0,0.0,623456.4237398712,1491816.0692707784
 04/11  17:00:00,5906410.349693681,350346.3377733466,180000.0,0.0,1501518.0885881716,3799138.545746048
 04/11  18:00:00,7223307.579604385,397407.58538463636,180000.0,0.0,2275592.6311522606,4270443.538696689
 04/11  19:00:00,13974852.428018281,397645.11435315694,180000.0,0.0,2919100.383404334,10345634.510177076
 04/11  20:00:00,6470530.477203461,368931.61928092514,180000.0,0.0,3674522.5273524206,2061614.9424529157
 04/11  21:00:00,8544364.719387716,304294.95402539487,180000.0,0.0,4098864.5958664687,3747211.260129851
 04/11  22:00:00,34499207.57276812,518116.8717792934,180000.0,0.0,2765218.094822316,30850411.218049318
 04/11  23:00:00,3086169.5306000407,323564.94334089576,180000.0,0.0,925625.281319106,1528582.960320439
 04/11  24:00:00,2284050.6095155175,324999.1548265263,180000.0,0.0,316624.46650663624,1368677.2755077262
 04/12  01:00:00,2106074.9623421235,346638.5878397878,180000.0,0.0,230357.12290762636,1255329.5389200803
 04/12  02:00:00,2101222.7005481822,367920.62576838944,180000.0,0.0,230357.12290762636,1229195.2391975378
 04/12  03:00:00,2095116.9134394522,387949.13838220155,180000.0,0.0,230357.12290762636,1203060.9394749957
 04/12  04:00:00,2104540.014459852,404812.9602678177,180000.0,0.0,230357.12290762636,1195620.2186097796
 04/12  05:00:00,2109468.186810753,420606.03616430145,180000.0,0.0,230357.12290762636,1203097.6501527103
 04/12  06:00:00,2170335.2607716066,433280.5851441851,180000.0,0.0,230357.12290762636,1255366.2495977946
 04/12  07:00:00,2917839.02465158,394727.3754824095,180000.0,0.0,872465.9452635,1401352.4380157273
 04/12  08:00:00,2158994.692811421,366306.771337813,180000.0,0.0,230357.12290762636,1315075.5699080958
 04/12  09:00:00,2161299.365953255,382540.346411398,180000.0,0.0,230357.12290762636,1311336.8541366307
 04/12  10:00:00,2132842.3810346466,373752.30575034895,180000.0,0.0,230357.12290762636,1303896.1332714143
 04/12  11:00:00,2105992.5487258276,361168.7340659298,180000.0,0.0,230357.12290762636,1303896.1332714143
 04/12  12:00:00,2566426.9740103683,344176.2862557358,180000.0,0.0,616461.7742588706,1401332.466711076
 04/12  13:00:00,2105473.936865972,350182.1136324055,180000.0,0.0,230357.12290762636,1322516.2907733116
 04/12  14:00:00,2113661.6803716896,358369.85713812325,180000.0,0.0,230357.12290762636,1322516.2907733116
 04/12  15:00:00,2122293.87636319,372404.73676278186,180000.0,0.0,230357.12290762636,1315075.5699080958
 04/12  16:00:00,2227729.5137762288,385171.2143837931,180000.0,0.0,230357.12290762636,1393478.4690757233
 04/12  17:00:00,3433097.3444580827,369698.06550574984,180000.0,0.0,1077176.0200741233,1730815.8812920959
 04/12  18:00:00,4817000.258562766,411396.84791548137,180000.0,0.0,2020287.9250957314,2105451.6611807533
 04/12  19:00:00,5604771.266922245,361968.6155311567,180000.0,0.0,2919100.383404334,2011229.8479030402
 04/12  20:00:00,6810658.754636241,418972.8340016875,180000.0,0.0,3674522.5273524206,2351702.005164934
 04/12  21:00:00,30250620.212031938,607325.1224696315,180000.0,0.0,4098864.5958664687,25150436.58432984
 04/12  22:00:00,9415717.29340075,380730.4390741566,180000.0,0.0,1496854.9889341714,7172670.477275219
 04/12  23:00:00,6768415.905102169,365767.088621924,180000.0,0.0,462579.485676853,5631672.985183792
 04/12  24:00:00,2331983.443088498,482854.6007487107,180000.0,0.0,230357.12290762636,1345022.006757532
 04/13  01:00:00,2281041.8467282937,521605.4722259582,180000.0,0.0,230357.12290762636,1255329.5389200803
 04/13  02:00:00,2277439.6403956437,544137.565615851,180000.0,0.0,230357.12290762636,1229195.2391975378
 04/13  03:00:00,2264670.52957414,557502.7545168893,180000.0,0.0,230357.12290762636,1203060.9394749957
 04/13  04:00:00,2281152.7855072054,571946.6188909461,180000.0,0.0,234320.7576135268,1201135.696328104
 04/13  05:00:00,2275889.844157094,587027.693510643,180000.0,0.0,230357.12290762636,1203097.6501527103
 04/13  06:00:00,2310798.5220845724,573743.8464571508,180000.0,0.0,230357.12290762636,1255366.2495977946
 04/13  07:00:00,2776627.786009279,500037.8458735044,180000.0,0.0,658429.6711448755,1368867.0031009566
 04/13  08:00:00,3235211.5903417217,425198.50367285707,180000.0,0.0,1109817.717652127,1452940.1403588522
 04/13  09:00:00,3164612.4967180416,381600.27247784875,180000.0,0.0,1100491.518344126,1445455.6633984672
 04/13  10:00:00,3088670.4640570334,352937.34647162375,180000.0,0.0,1072512.9204201226,1438383.37806003
 04/13  11:00:00,2536425.131241619,318709.7040843967,180000.0,0.0,630451.0732208722,1376693.795455493
 04/13  12:00:00,2064671.73138358,307341.87091795617,180000.0,0.0,230357.12290762636,1322516.2907733116
 04/13  13:00:00,2056254.5007265487,300962.677492982,180000.0,0.0,230357.12290762636,1322516.2907733116
 04/13  14:00:00,2055155.834846748,299864.0116131813,180000.0,0.0,230357.12290762636,1322516.2907733116
 04/13  15:00:00,2041634.5799792842,291745.4403788764,180000.0,0.0,230357.12290762636,1315075.5699080958
 04/13  16:00:00,2141065.899465887,298507.6000734513,180000.0,0.0,230357.12290762636,1393478.4690757233
 04/13  17:00:00,3931012.457160578,299378.8072540938,180000.0,0.0,442061.8471992506,2934164.4251211192
 04/13  18:00:00,7210440.444845728,305589.92570416135,180000.0,0.0,2020287.9250957314,4604698.769675034
 04/13  19:00:00,5548818.789039087,306016.1376479981,180000.0,0.0,2919100.383404334,2011229.8479030402
 04/13  20:00:00,6486488.659507495,384889.8015849583,180000.0,0.0,3674522.5273524206,2061614.9424529157
 04/13  21:00:00,6750638.690114306,344292.2446469594,180000.0,0.0,4098864.5958664687,1913487.9402348779
 04/13  22:00:00,2851030.317966303,404833.93910841044,180000.0,0.0,546981.5894142627,1533753.40132643
 04/13  23:00:00,2435649.2154675964,462181.27234538604,180000.0,0.0,230357.12290762636,1434714.4745949835
 04/13  24:00:00,2340818.536076093,491689.6937363063,180000.0,0.0,230357.12290762636,1345022.006757532
 04/14  01:00:00,2270539.936520231,511103.5620178953,180000.0,0.0,230357.12290762636,1255329.5389200803
 04/14  02:00:00,2258067.7734238002,526803.7358760647,180000.0,0.0,230357.12290762636,1229195.2391975378
 04/14  03:00:00,2245931.723825685,540801.986000492,180000.0,0.0,230357.12290762636,1203060.9394749957
 04/14  04:00:00,2250417.943193105,550690.8890010706,180000.0,0.0,230357.12290762636,1195620.2186097796
 04/14  05:00:00,2261287.602748082,556121.154245174,180000.0,0.0,230357.12290762636,1203097.6501527103
 04/14  06:00:00,2310480.947444698,555083.936728762,180000.0,0.0,230357.12290762636,1255366.2495977946
 04/14  07:00:00,2345668.522033704,547855.7393403198,180000.0,0.0,230357.12290762636,1303896.1332714143
 04/14  08:00:00,3721029.4544875855,533062.5701797343,180000.0,0.0,230357.12290762636,2704240.4210461676
 04/14  09:00:00,5983731.880282184,516750.7173309083,180000.0,0.0,1100491.518344126,4125348.527645436
 04/14  10:00:00,25858611.591135733,743274.8995166402,180000.0,0.0,1911870.8581402185,22974552.939909507
 04/14  11:00:00,4145947.185185214,505592.237521231,180000.0,0.0,1832598.1640222098,1595148.1879288591
 04/14  12:00:00,5816872.756759866,486830.9934628088,180000.0,0.0,1583122.3325331812,3542462.98397919
 04/14  13:00:00,4116157.0038932175,516810.1768674334,180000.0,0.0,1757988.5695582011,1638939.8479149542
 04/14  14:00:00,4080269.901563204,501980.38030591863,180000.0,0.0,1757988.5695582011,1617882.5421464555
 04/14  15:00:00,4123341.6883611977,498826.07177681633,180000.0,0.0,1762651.6692122016,1657407.500587494
 04/14  16:00:00,4311452.876042985,505944.83233374904,180000.0,0.0,1799956.466444206,1786828.8698559448
 04/14  17:00:00,4654966.863461352,494694.7468970577,180000.0,0.0,1925860.1571022202,1976966.5446439027
 04/14  18:00:00,5278149.39411205,553795.9516282687,180000.0,0.0,2275592.6311522606,2170935.0241927775
 04/14  19:00:00,5730197.986415816,497585.5211850124,180000.0,0.0,2919100.383404334,2011229.8479030402
 04/14  20:00:00,6628831.473652036,543536.9135859569,180000.0,0.0,3674522.5273524206,2061614.9424529157
 04/14  21:00:00,6867304.246405502,475224.06156255427,180000.0,0.0,4098864.5958664687,1913487.9402348779
 04/14  22:00:00,5329431.737026587,481975.8695448669,180000.0,0.0,2765218.094822316,1729004.6079345478
 04/14  23:00:00,3532354.508933165,516303.4782004461,180000.0,0.0,1156448.7141921325,1559358.1198492148
 04/14  24:00:00,2620745.4836923406,551771.4166541455,180000.0,0.0,402891.81010564615,1392332.5442579205
 04/15  01:00:00,2418265.412298704,576746.9692376364,180000.0,0.0,287713.2486518329,1280055.481734606
 04/15  02:00:00,2836227.8560917163,594529.1883644313,180000.0,0.0,230357.12290762636,1739629.8693770873
 04/15  03:00:00,3908628.329674625,600830.4216227315,180000.0,0.0,230357.12290762636,2805729.109701696
 04/15  04:00:00,2341876.571195259,623191.292154775,180000.0,0.0,238284.39231942728,1206651.1740464282
 04/15  05:00:00,2572367.662186064,631605.2920691851,180000.0,0.0,441595.53723385057,1227455.1574404566
 04/15  06:00:00,3075905.305554709,598040.0378937908,180000.0,0.0,881325.8346061008,1326865.7948443035
 04/15  07:00:00,3284042.6341203423,500143.0152933768,180000.0,0.0,1086502.2193821245,1433837.8729304986
 04/15  08:00:00,3219771.062706084,403643.864341048,180000.0,0.0,1109817.717652127,1452940.1403588522
 04/15  09:00:00,4506389.156070206,330136.006227827,180000.0,0.0,1100491.518344126,2834620.514536539
 04/15  10:00:00,4520215.913765954,252022.06470686768,180000.0,0.0,1911870.8581402185,2127410.097349495
 04/15  11:00:00,2926611.3043139074,233966.22742730303,180000.0,0.0,1030545.023534118,1449491.4576395717
 04/15  12:00:00,2888757.3589312816,201585.84388764037,180000.0,0.0,1002566.4256101148,1480148.6426488403
 04/15  13:00:00,4210087.467940804,143764.40803429374,180000.0,0.0,993240.2263021137,2870664.424051768
 04/15  14:00:00,4014596.939379123,60224.93648186078,0.0,0.0,1757988.5695582011,2173965.023786433
 04/15  15:00:00,3238284.289496178,27754.925800884797,0.0,0.0,1571464.5833981796,1614608.333512428
 04/15  16:00:00,2998674.9594072215,3701.6233601991125,104522.24903443674,0.0,1212405.9100401385,1639322.4695633617
 04/15  17:00:00,4323340.422433669,24747.798569422,318320.5072999532,0.0,1925860.1571022202,1976966.5446439027
 04/15  18:00:00,4788114.739287123,63761.29680334248,180000.0,0.0,2275592.6311522606,2170935.0241927775
 04/15  19:00:00,5297498.164227397,64885.69899659419,180000.0,0.0,2919100.383404334,2011229.8479030402
 04/15  20:00:00,7795448.532892371,144464.0483310038,180000.0,0.0,3674522.5273524206,3627304.866948204
 04/15  21:00:00,7592226.053148253,132508.68828806028,180000.0,0.0,4098864.5958664687,2981125.1202521217
 04/15  22:00:00,5029772.873288328,182317.0058066071,180000.0,0.0,2765218.094822316,1729004.6079345478
 04/15  23:00:00,2753603.4010160025,260749.5550868883,180000.0,0.0,694801.8484460795,1497807.800791663
 04/15  24:00:00,2387581.627791133,318607.56075293757,180000.0,0.0,402891.81010564615,1392332.5442579205
 04/16  01:00:00,2115130.5088798655,355694.13437753,180000.0,0.0,230357.12290762636,1255329.5389200803
 04/16  02:00:00,2109345.312839752,376043.2380599594,180000.0,0.0,230357.12290762636,1229195.2391975378
 04/16  03:00:00,2097089.7672807146,389921.9922234639,180000.0,0.0,230357.12290762636,1203060.9394749957
 04/16  04:00:00,3484552.1829599943,386181.1652056638,180000.0,0.0,234320.75761352683,2590300.5474661747
 04/16  05:00:00,2975809.1248963545,378211.4107979679,180000.0,0.0,547214.7443969627,1794975.5921153086
 04/16  06:00:00,3564219.9354975186,380302.10019740066,180000.0,0.0,1534159.7861661757,1398426.746011942
 04/16  07:00:00,3131474.899765697,361841.54156313057,180000.0,0.0,1086502.2193821245,1433837.8729304986
 04/16  08:00:00,3125258.922359255,315245.83569039044,180000.0,0.0,1109817.717652127,1452940.1403588522
 04/16  09:00:00,2849313.4852671996,246301.26102700626,0.0,0.0,1100491.518344126,1445455.6633984672
 04/16  10:00:00,2027947.7504763973,204696.9146168218,0.0,0.0,440896.0722857505,1337517.9444685683
 04/16  11:00:00,1726248.806409265,161424.991749367,0.0,0.0,230357.12290762636,1303896.1332714143
 04/16  12:00:00,1693152.5087466848,115822.64828106106,0.0,0.0,230357.12290762636,1322516.2907733116
 04/16  13:00:00,2324555.9238507277,57864.311466006744,0.0,0.0,802519.4504534919,1441753.7523786002
 04/16  14:00:00,2503810.461004844,17952.40869021826,0.0,0.0,993240.2263021137,1470199.4164598836
 04/16  15:00:00,2519955.07613503,2745.236608352722,8639.23449864767,0.0,997903.3259561141,1486210.8322872298
 04/16  16:00:00,4799671.29597337,28981.850448236197,180010.01130004943,0.0,1016555.7245721162,3535401.0022438825
 04/16  17:00:00,4210752.835344859,32315.967410082383,200202.78860253957,0.0,1925860.1571022202,1976966.5446439027
 04/16  18:00:00,4777386.225085166,50994.74536932791,180000.0,0.0,2275592.6311522606,2170935.0241927775
 04/16  19:00:00,5303998.532451052,61195.88105996356,180000.0,0.0,2919100.383404334,2011229.8479030402
 04/16  20:00:00,4817212.554015976,152572.573266738,180000.0,0.0,2384009.6981077725,1915168.8945242648
 04/16  21:00:00,4460806.3465933185,161087.0825550527,180000.0,0.0,2163678.2394562475,1742047.115216018
 04/16  22:00:00,3698278.297160582,217868.14146253283,180000.0,0.0,1496854.9889341714,1618093.778646678
 04/16  23:00:00,2254171.989109393,280704.0459871831,180000.0,0.0,230357.12290762636,1434714.4745949835
 04/16  24:00:00,2179584.6682622284,330455.82592244074,180000.0,0.0,230357.12290762636,1345022.006757532
 04/17  01:00:00,2119336.3809275236,359900.00642518804,180000.0,0.0,230357.12290762636,1255329.5389200803
 04/17  02:00:00,2116284.2608831683,382982.18610337575,180000.0,0.0,230357.12290762636,1229195.2391975378
 04/17  03:00:00,2106858.816512642,399691.04145539145,180000.0,0.0,230357.12290762636,1203060.9394749957
 04/17  04:00:00,2112779.621401607,413052.5672095727,180000.0,0.0,230357.12290762636,1195620.2186097796
 04/17  05:00:00,2230894.520603543,424234.4091501063,180000.0,0.0,335976.33007073845,1215276.4037965834
 04/17  06:00:00,3064919.42789728,424297.7696429476,180000.0,0.0,1044534.3224961195,1344756.0326362131
 04/17  07:00:00,4163409.28313559,410425.54267071286,180000.0,0.0,1939849.456064222,1563841.0185107125
 04/17  08:00:00,4214694.520930595,391635.73007687106,180000.0,0.0,1986480.4526042275,1589323.109591611
 04/17  09:00:00,2681802.329108823,400916.7072177977,180000.0,0.0,665424.3206258762,1378396.258767549
 04/17  10:00:00,2164337.8316583345,405247.75637403654,180000.0,0.0,230357.12290762636,1303896.1332714143
 04/17  11:00:00,2138732.24146414,393908.42680424196,180000.0,0.0,230357.12290762636,1303896.1332714143
 04/17  12:00:00,2134507.9205980115,377178.0601323878,180000.0,0.0,230357.12290762636,1322516.2907733116
 04/17  13:00:00,2092028.7755531247,336736.95231955807,180000.0,0.0,230357.12290762636,1322516.2907733116
 04/17  14:00:00,1958370.0043031992,293078.18106963264,90000.0,0.0,230357.12290762636,1322516.2907733116
 04/17  15:00:00,5699668.418316517,188567.77111899143,0.0,0.0,614130.2244318703,4872513.975980969
 04/17  16:00:00,3683992.540300626,131981.28297344354,0.0,0.0,1408256.0955081612,2105032.454409936
 04/17  17:00:00,7676986.106706161,84048.76783654655,0.0,0.0,1713689.1228451957,5803840.838438304
 04/17  18:00:00,5695334.166179947,117071.35197744236,0.0,0.0,2275592.6311522606,3202806.358679444
 04/17  19:00:00,5159779.636078985,96976.9846878974,0.0,0.0,2919100.383404334,2011229.8479030402
 04/17  20:00:00,6028939.000179686,107340.14225714919,0.0,0.0,3674522.5273524206,2061614.9424529157
 04/17  21:00:00,4748741.068128995,102365.00873345856,0.0,0.0,2647474.8285588026,1784907.3214707328
 04/17  22:00:00,3431998.1118934527,131587.9561954034,0.0,0.0,1496854.9889341714,1618093.778646678
 04/17  23:00:00,1945754.3729146887,152286.42979247865,0.0,0.0,230357.12290762636,1434714.4745949835
 04/17  24:00:00,1841325.9990346413,172197.156694854,0.0,0.0,230357.12290762636,1345022.006757532
 04/18  01:00:00,1770179.7768515989,190743.4023492631,0.0,0.0,230357.12290762636,1255329.5389200803
 04/18  02:00:00,1772399.0175392174,219096.94275942483,0.0,0.0,230357.12290762636,1229195.2391975378
 04/18  03:00:00,1862167.6605571713,244999.88549992052,90000.0,0.0,230357.12290762636,1203060.9394749957
 04/18  04:00:00,1973900.566933397,255215.28789291286,180000.0,0.0,238284.39231942728,1206651.1740464282
 04/18  05:00:00,2184781.169310135,260323.0970497129,180000.0,0.0,441595.53723385057,1227455.1574404566
 04/18  06:00:00,2366033.5280685527,267744.72396864,180000.0,0.0,555841.4787568636,1291116.022221049
 04/18  07:00:00,3046383.699640951,276750.3414383851,180000.0,0.0,1086502.2193821245,1433837.8729304986
 04/18  08:00:00,3097027.9339063703,287014.8472375056,180000.0,0.0,1109817.717652127,1452940.1403588522
 04/18  09:00:00,2582660.157688361,301774.5357973358,180000.0,0.0,665424.3206258762,1378396.258767549
 04/18  10:00:00,2079292.8046687427,320202.7293844449,180000.0,0.0,230357.12290762636,1303896.1332714143
 04/18  11:00:00,2061272.1757980438,316448.3611381457,180000.0,0.0,230357.12290762636,1303896.1332714143
 04/18  12:00:00,2077726.5175560554,320396.6570904316,180000.0,0.0,230357.12290762636,1322516.2907733116
 04/18  13:00:00,2081901.8073674634,326609.9841338967,180000.0,0.0,230357.12290762636,1322516.2907733116
 04/18  14:00:00,2083517.4637082485,328225.6404746818,180000.0,0.0,230357.12290762636,1322516.2907733116
 04/18  15:00:00,2077869.3711192417,327980.23151883367,180000.0,0.0,230357.12290762636,1315075.5699080958
 04/18  16:00:00,11720031.961163588,333937.02563901315,180000.0,0.0,1407556.630560061,9759815.597555429
 04/18  17:00:00,5840880.897978377,274133.1604251762,180000.0,0.0,1925860.1571022202,3385480.202864866
 04/18  18:00:00,5581207.109961357,298733.14860554173,180000.0,0.0,2275592.6311522606,2727017.505832755
 04/18  19:00:00,5515397.622933015,272594.9715419273,180000.0,0.0,2919100.383404334,2011229.8479030402
 04/18  20:00:00,5008490.655151505,343850.6744022669,180000.0,0.0,2384009.6981077725,1915168.8945242648
 04/18  21:00:00,4624524.765348036,324805.50130977045,180000.0,0.0,2163678.2394562475,1742047.115216018
 04/18  22:00:00,2806344.3372894977,360147.95843160513,180000.0,0.0,546981.5894142627,1533753.40132643
 04/18  23:00:00,2365712.1390333413,392244.195911131,180000.0,0.0,230357.12290762636,1434714.4745949835
 04/18  24:00:00,2263350.4134585555,414221.57111876825,180000.0,0.0,230357.12290762636,1345022.006757532
 04/19  01:00:00,2190942.3093258166,431505.93482348084,180000.0,0.0,230357.12290762636,1255329.5389200803
 04/19  02:00:00,2180502.304700671,447200.22992087883,180000.0,0.0,230357.12290762636,1229195.2391975378
 04/19  03:00:00,2169186.7539932104,462018.97893596004,180000.0,0.0,230357.12290762636,1203060.9394749957
 04/19  04:00:00,2174587.7588112717,474860.70461923763,180000.0,0.0,230357.12290762636,1195620.2186097796
 04/19  05:00:00,2174159.452086493,485297.3014400416,180000.0,0.0,230357.12290762636,1203097.6501527103
 04/19  06:00:00,2571104.8729359917,472816.06883607915,180000.0,0.0,555841.4787568636,1291116.022221049
 04/19  07:00:00,2201714.513724027,418167.99165504327,180000.0,0.0,230357.12290762636,1303896.1332714143
 04/19  08:00:00,2153616.3635023776,360928.44202876964,180000.0,0.0,230357.12290762636,1315075.5699080958
 04/19  09:00:00,2117164.3095936202,338405.29005176306,180000.0,0.0,230357.12290762636,1311336.8541366307
 04/19  10:00:00,2080753.2009723848,321663.12568808714,180000.0,0.0,230357.12290762636,1303896.1332714143
 04/19  11:00:00,2038516.5657847794,293692.7511248815,180000.0,0.0,230357.12290762636,1303896.1332714143
 04/19  12:00:00,2027539.4124880193,270209.55202239536,180000.0,0.0,230357.12290762636,1322516.2907733116
 04/19  13:00:00,5888253.202680755,200157.41179644753,180000.0,0.0,611798.67460487,4873878.70672681
 04/19  14:00:00,8986312.755464833,72336.93191450663,180000.0,0.0,993240.2263021137,7718317.187695585
 04/19  15:00:00,2800970.735801954,112400.130773924,180000.0,0.0,997903.3259561141,1486210.8322872298
 04/19  16:00:00,2920882.593813464,95450.49236642868,180000.0,0.0,1016555.7245721162,1590153.6694658338
 04/19  17:00:00,3674610.9494027817,63794.27026049681,180000.0,0.0,1501518.0885881716,1853891.2129679993
 04/19  18:00:00,4837342.977919799,110951.49820396116,180000.0,0.0,2275592.6311522606,2170935.0241927775
 04/19  19:00:00,5352194.3280203715,109391.6766292828,180000.0,0.0,2919100.383404334,2011229.8479030402
 04/19  20:00:00,5359852.907534277,216226.63439393888,180000.0,0.0,2814180.641189322,1963984.2438338152
 04/19  21:00:00,4531128.03508222,231408.77104395418,180000.0,0.0,2163678.2394562475,1742047.115216018
 04/19  22:00:00,2398998.426537699,297539.9732931918,180000.0,0.0,230357.12290762636,1505639.9422196806
 04/19  23:00:00,2337676.0789194843,364208.1357972744,180000.0,0.0,230357.12290762636,1434714.4745949835
 04/19  24:00:00,2252000.937461321,402872.0951215337,180000.0,0.0,230357.12290762636,1345022.006757532
 04/20  01:00:00,2192200.7167786523,432764.3422763166,180000.0,0.0,230357.12290762636,1255329.5389200803
 04/20  02:00:00,2190448.533278083,457146.45849829045,180000.0,0.0,230357.12290762636,1229195.2391975378
 04/20  03:00:00,2182697.3059659256,475529.53090867534,180000.0,0.0,230357.12290762636,1203060.9394749957
 04/20  04:00:00,2189788.5515263034,490061.49733426905,180000.0,0.0,230357.12290762636,1195620.2186097796
 04/20  05:00:00,2189196.059042376,500333.9083959246,180000.0,0.0,230357.12290762636,1203097.6501527103
 04/20  06:00:00,2914828.5634874334,454342.3080236638,180000.0,0.0,882258.4545369011,1326896.4978048683
 04/20  07:00:00,3373519.222050174,358732.38174984825,180000.0,0.0,1299139.5636045488,1466354.0108058346
 04/20  08:00:00,2093462.3024909105,300774.3810173028,180000.0,0.0,230357.12290762636,1315075.5699080958
 04/20  09:00:00,2041557.087220527,262798.06767866993,180000.0,0.0,230357.12290762636,1311336.8541366307
 04/20  10:00:00,1898381.6240166698,229291.54873237206,90000.0,0.0,230357.12290762636,1303896.1332714143
 04/20  11:00:00,1760821.2187636257,195997.40410372792,0.0,0.0,230357.12290762636,1303896.1332714143
 04/20  12:00:00,1739551.8629239353,162222.00245831138,0.0,0.0,230357.12290762636,1322516.2907733116
 04/20  13:00:00,1696524.762786943,121232.93955337608,0.0,0.0,230357.12290762636,1322516.2907733116
 04/20  14:00:00,2321033.888736329,62817.393691968224,0.0,0.0,802519.4504534919,1433278.6350382406
 04/20  15:00:00,2521507.8318808414,12937.22685281181,0.0,0.0,997903.3259561141,1486210.8322872298
 04/20  16:00:00,2881347.511500761,31747.952158776752,204167.45789494866,0.0,1016555.7245721162,1590153.6694658338
 04/20  17:00:00,4031169.148823007,81641.82287125796,518710.6468094638,0.0,1501518.0885881716,1853891.2129679993
 04/20  18:00:00,6672692.026089387,68827.55064049644,433013.73202355637,0.0,2020287.9250957314,4050698.993958802
 04/20  19:00:00,5418940.270432566,49083.4221676022,307054.1968738769,0.0,2919100.383404334,2011229.8479030402
 04/20  20:00:00,5988153.459821401,21554.60189886572,45000.0,0.0,3674522.5273524206,2061614.9424529157
 04/20  21:00:00,4341513.063663373,41793.79962510787,180000.0,0.0,2163678.2394562475,1742047.115216018
 04/20  22:00:00,2206532.3828579593,105073.92961345187,180000.0,0.0,230357.12290762636,1505639.9422196806
 04/20  23:00:00,2138526.135508,165058.1923857894,180000.0,0.0,230357.12290762636,1434714.4745949835
 04/20  24:00:00,2072184.0625183342,223055.22017854734,180000.0,0.0,230357.12290762636,1345022.006757532
 04/21  01:00:00,2028453.4657021537,269017.09119981795,180000.0,0.0,230357.12290762636,1255329.5389200803
 04/21  02:00:00,2044440.9891569316,313176.9516091961,180000.0,0.0,230357.12290762636,1229195.2391975378
 04/21  03:00:00,2054648.186625929,348306.04859990213,180000.0,0.0,230357.12290762636,1204273.339675829
 04/21  04:00:00,2064012.590684177,364285.53649214224,180000.0,0.0,230357.12290762636,1195620.2186097796
 04/21  05:00:00,2082666.4340131925,377499.98551028443,180000.0,0.0,230357.12290762636,1203097.6501527103
 04/21  06:00:00,2104916.3057286385,349519.2950127028,180000.0,0.0,230357.12290762636,1255366.2495977946
 04/21  07:00:00,6413151.106962103,233882.94656957634,180000.0,0.0,658429.6711448755,5257278.962733309
 04/21  08:00:00,4352280.7012940915,191988.6517909834,135000.0,0.0,1109817.717652127,2842104.991496924
 04/21  09:00:00,8142457.55930413,88320.68190930036,0.0,0.0,1972491.1536422255,6020504.60679089
 04/21  10:00:00,11021745.627090717,128187.7562213655,0.0,0.0,1282352.4048501465,9562292.572449833
 04/21  11:00:00,2610026.739190097,97381.66230349283,0.0,0.0,1030545.023534118,1449491.4576395717
 04/21  12:00:00,2569526.18070814,62354.665664499276,0.0,0.0,1002566.4256101148,1480148.6426488403
 04/21  13:00:00,2521741.8163656997,24583.607597260685,0.0,0.0,993240.2263021137,1481499.5729136965
 04/21  14:00:00,4753265.653547172,39962.11119711172,281731.847291986,0.0,993706.5362675136,3415446.7492379323
 04/21  15:00:00,4106995.964456536,83196.6040054654,579283.7438666892,0.0,1762651.6692122016,1657407.500587494
 04/21  16:00:00,4527614.310196132,115822.2248316835,786284.0416552133,0.0,1799956.466444206,1786828.8698559448
 04/21  17:00:00,3606137.1043379013,94126.01619772,626573.7719557909,0.0,1077176.0200741233,1730815.8812920959
 04/21  18:00:00,2075609.8085006662,15454.48091139643,84904.29744631876,0.0,230357.12290762636,1647068.1200965815
 04/21  19:00:00,2307553.5887788767,7040.631060774103,0.0,0.0,566799.7629437649,1611430.9608509084
 04/21  20:00:00,4037025.7782535027,47676.38775182133,0.0,0.0,1953838.7550262236,1866353.5452147145
 04/21  21:00:00,4145412.667659821,39959.664245954824,0.0,0.0,2163678.2394562475,1742047.115216018
 04/21  22:00:00,3352923.0522551173,64741.119949410895,0.0,0.0,1496854.9889341714,1618093.778646678
 04/21  23:00:00,2422052.3974647387,109198.55153562443,0.0,0.0,694801.8484460795,1497807.800791663
 04/21  24:00:00,2033298.162228953,144324.09519075765,0.0,0.0,402891.81010564615,1392332.5442579205
 04/22  01:00:00,1757173.1806789658,177736.80617663008,0.0,0.0,230357.12290762636,1255329.5389200803
 04/22  02:00:00,1755294.7473156059,204030.7097678703,0.0,0.0,230357.12290762636,1229195.2391975378
 04/22  03:00:00,1928692.8120184417,223563.07419324835,180000.0,0.0,230357.12290762636,1203060.9394749957
 04/22  04:00:00,1956972.1995844354,238286.92054395145,180000.0,0.0,238284.39231942728,1206651.1740464282
 04/22  05:00:00,3745834.2705983096,239381.9759861415,180000.0,0.0,441595.53723385057,2793145.0819357457
 04/22  06:00:00,2577861.1069348347,234995.83927391656,45000.0,0.0,881325.8346061008,1326865.7948443035
 04/22  07:00:00,2304360.7140944963,193504.51333432138,0.0,0.0,658429.6711448755,1368867.0031009563
 04/22  08:00:00,19621289.88407768,215283.81302708594,0.0,0.0,230357.12290762636,19102279.60778891
 04/22  09:00:00,23374192.770435065,182714.98219605515,0.0,0.0,1100491.518344126,22029845.152933173
 04/22  10:00:00,3575440.474238,43329.106818891356,0.0,0.0,1911870.8581402185,1571327.6157095178
 04/22  11:00:00,3468958.3426720905,8603.395008107636,0.0,0.0,1832598.1640222098,1595148.1879288591
 04/22  12:00:00,3566174.308210913,15664.745191603743,113174.16067517825,0.0,1776640.9681742033,1636237.9873852413
 04/22  13:00:00,3728835.4420472695,37315.39189583287,272173.2231256525,0.0,1757988.5695582011,1638939.8479149542
 04/22  14:00:00,4018665.292875373,74541.7616294212,545834.0099886665,0.0,1757988.5695582011,1617882.5421464555
 04/22  15:00:00,4354098.612370442,109421.47038835406,800161.5253977068,0.0,1762651.6692122016,1657407.500587494
 04/22  16:00:00,4831988.59091566,146870.4914951511,1059610.055711273,0.0,1799956.466444206,1786828.8698559448
 04/22  17:00:00,6282222.068140912,157359.0487954349,1112719.568294515,0.0,1925860.1571022202,3008837.8791305693
 04/22  18:00:00,5339791.0524587305,99477.53726806829,695960.0727068812,0.0,2275592.6311522606,2170935.0241927775
 04/22  19:00:00,5772074.416002957,90549.90795235979,628912.042819794,0.0,2919100.383404334,2011229.8479030402
 04/22  20:00:00,6329171.3227098435,53343.03889224338,370533.7237515209,0.0,3674522.5273524206,2061614.9424529157
 04/22  21:00:00,6667734.10868559,57502.64454143643,398151.27930120553,0.0,4098864.5958664687,1913487.9402348779
 04/22  22:00:00,4470148.101167462,20402.488269354228,127108.22921039017,0.0,2448127.3183502797,1701276.9006125804
 04/22  23:00:00,2340230.861941473,27377.01601235906,0.0,0.0,694801.8484460795,1497807.800791663
 04/22  24:00:00,1950150.6712739188,61176.604235723746,0.0,0.0,402891.81010564615,1392332.5442579205
 04/23  01:00:00,1682296.3158823054,102859.94137996966,0.0,0.0,230357.12290762636,1255329.5389200803
 04/23  02:00:00,3632593.73504904,127853.38464044622,0.0,0.0,230357.12290762636,3180633.514826339
 04/23  03:00:00,1904364.948512964,196894.07340550478,180000.0,0.0,230357.12290762636,1203364.039525204
 04/23  04:00:00,1956352.5209353827,256625.4667433482,180000.0,0.0,230357.12290762636,1195620.2186097796
 04/23  05:00:00,2265656.1401879103,282669.4878284952,180000.0,0.0,494405.1408154066,1233174.1339578938
 04/23  06:00:00,2741400.7883222345,281877.85574983084,180000.0,0.0,881325.8346061008,1326865.7948443035
 04/23  07:00:00,3040863.2985970187,271229.9403944528,180000.0,0.0,1086502.2193821245,1433837.8729304986
 04/23  08:00:00,3067224.1999727027,257211.1133038378,180000.0,0.0,1109817.717652127,1452940.1403588522
 04/23  09:00:00,2266152.5135498745,236330.19283343354,180000.0,0.0,447890.7217667513,1344866.55645209
 04/23  10:00:00,1877872.1202382855,208782.04495398767,90000.0,0.0,230357.12290762636,1303896.1332714143
 04/23  11:00:00,1738024.3823738075,173200.56771390967,0.0,0.0,230357.12290762636,1303896.1332714143
 04/23  12:00:00,1715654.2067100306,138324.34624440683,0.0,0.0,230357.12290762636,1322516.2907733116
 04/23  13:00:00,1672233.8230791101,96941.99984554335,0.0,0.0,230357.12290762636,1322516.2907733116
 04/23  14:00:00,1622352.4420071628,47060.61877359609,0.0,0.0,230357.12290762636,1322516.2907733116
 04/23  15:00:00,1849745.767447738,13482.748437294471,31703.513053130057,0.0,422243.6736697483,1357859.3855028793
 04/23  16:00:00,6193371.766094886,110972.295167303,756663.080005848,0.0,1604106.2809761832,3682907.402536466
 04/23  17:00:00,5239252.862972203,162847.14534940151,1098171.6382905645,0.0,1925860.1571022202,1976966.5446439027
 04/23  18:00:00,5296559.61079355,97464.9108424734,652703.2202352379,0.0,2275592.6311522606,2170935.0241927775
 04/23  19:00:00,5739195.026508745,72637.23480130502,603755.1403163515,0.0,2919100.383404334,2011229.8479030402
 04/23  20:00:00,6137916.96869666,36318.11077412447,180000.0,0.0,3674522.5273524206,2061614.9424529157
 04/23  21:00:00,4868398.438911952,41926.46985551512,180000.0,0.0,2647941.1385242026,1784536.9211662337
 04/23  22:00:00,2219307.916321202,117849.46307669433,180000.0,0.0,230357.12290762636,1505639.9422196806
 04/23  23:00:00,2151183.499916237,177715.55679402695,180000.0,0.0,230357.12290762636,1434714.4745949835
 04/23  24:00:00,2086383.0197445934,237254.17740480625,180000.0,0.0,230357.12290762636,1345022.006757532
 04/24  01:00:00,2040186.158583277,280749.7840809412,180000.0,0.0,230357.12290762636,1255329.5389200803
 04/24  02:00:00,2048545.0964344468,315243.021654654,180000.0,0.0,230357.12290762636,1229195.2391975378
 04/24  03:00:00,2047721.669688494,340553.89463124354,180000.0,0.0,230357.12290762636,1203060.9394749957
 04/24  04:00:00,2078068.494003912,359383.21496342786,180000.0,0.0,238284.39231942728,1206651.1740464282
 04/24  05:00:00,2299292.3148930897,374834.24263266777,180000.0,0.0,441595.53723385057,1227455.1574404566
 04/24  06:00:00,2980696.830454588,340075.1722002553,180000.0,0.0,1044534.3224961195,1344756.0326362131
 04/24  07:00:00,2561064.2362816567,284474.296145882,180000.0,0.0,658429.6711448755,1368867.0031009563
 04/24  08:00:00,2039235.948279912,246548.026806304,180000.0,0.0,230357.12290762636,1315075.5699080958
 04/24  09:00:00,1939019.0761796678,205260.05663781072,135000.0,0.0,230357.12290762636,1311336.8541366307
 04/24  10:00:00,1744464.175500107,165374.1002158092,0.0,0.0,230357.12290762636,1303896.1332714143
 04/24  11:00:00,1687931.4392034588,123107.62454356084,0.0,0.0,230357.12290762636,1303896.1332714143
 04/24  12:00:00,1664780.8335628782,87450.97309725427,0.0,0.0,230357.12290762636,1322516.2907733116
 04/24  13:00:00,1627168.4516986646,51876.62846509801,0.0,0.0,230357.12290762636,1322516.2907733116
 04/24  14:00:00,2069821.1606261884,15772.4922089487,23473.730643143328,0.0,611798.67460487,1396357.8536165976
 04/24  15:00:00,2812477.5577876875,38752.355712557335,265154.59704710054,0.0,997903.3259561141,1486210.8322872298
 04/24  16:00:00,3579228.912615045,88368.83477842741,600408.990824032,0.0,1212405.9100401388,1639322.4695633615
 04/24  17:00:00,8345147.713019198,188224.11458788856,1254236.1444057177,0.0,1501518.0885881719,5325761.987851305
 04/24  18:00:00,10446685.20616331,187447.04884932798,1231253.6695843777,0.0,2020287.9250957314,6907832.738263074
 04/24  19:00:00,7971528.107625479,123137.53657885209,840340.5868774897,0.0,2919100.383404334,3956477.180681089
 04/24  20:00:00,7298086.03740336,21619.721875998046,268163.82550063654,0.0,3244351.5842708712,3578489.517638654
 04/24  21:00:00,4857162.101629562,23624.24758267362,180000.0,0.0,2163678.2394562475,2275865.70522464
 04/24  22:00:00,3545923.713638244,65513.55794019436,180000.0,0.0,1496854.9889341714,1618093.778646678
 04/24  23:00:00,2620768.632603274,119762.63774593183,180000.0,0.0,694801.8484460795,1497807.800791663
 04/24  24:00:00,2026161.562316971,177032.71997718373,180000.0,0.0,230357.12290762636,1345022.006757532
 04/25  01:00:00,2000917.6657490958,220960.7741070771,180000.0,0.0,244696.154343678,1261511.0246237116
 04/25  02:00:00,1988539.3129501939,255237.23817040125,180000.0,0.0,230357.12290762636,1229195.2391975378
 04/25  03:00:00,1991691.8950572852,284524.1200000347,180000.0,0.0,230357.12290762636,1203060.9394749957
 04/25  04:00:00,2007465.315434678,307738.26124264346,180000.0,0.0,230357.12290762636,1195620.2186097796
 04/25  05:00:00,4053137.444483621,301230.00025213603,180000.0,0.0,335976.33007073845,3160523.736574632
 04/25  06:00:00,3942041.1647236003,260070.58494543767,180000.0,0.0,1534159.7861661757,1896479.4904899867
 04/25  07:00:00,5571995.084957944,175412.17558973405,180000.0,0.0,1513175.8377231732,3634113.805755094
 04/25  08:00:00,2826354.235395134,126185.14131527532,45000.0,0.0,670087.4202798767,1917826.445142096
 04/25  09:00:00,1703409.716373508,104650.69683165093,0.0,0.0,230357.12290762636,1311336.8541366307
 04/25  10:00:00,2133004.515061011,65592.9186261576,0.0,0.0,651435.0216638744,1371139.755665722
 04/25  11:00:00,4362836.807055432,18506.447505912078,0.0,0.0,1030545.023534118,3283214.7775345454
 04/25  12:00:00,16291918.273373786,22997.58960272901,76705.1304422006,0.0,1002566.4256101148,15165192.680934055
 04/25  13:00:00,2213063.0266435556,50346.679383321876,356957.9276429487,0.0,421077.89875624824,1362262.111308408
 04/25  14:00:00,2337098.2648786446,94135.65844938345,667670.7831956946,0.0,230357.12290762636,1322516.2907733116
 04/25  15:00:00,3332455.550020778,161340.97676782327,1131884.7009387359,0.0,614130.2244318703,1400643.2010976628
 04/25  16:00:00,4270173.896768471,205901.87203379069,1418839.9232876447,0.0,1016555.7245721162,1590153.6694658338
 04/25  17:00:00,5337336.095176994,210873.4459250027,1421937.2700147296,0.0,1713689.1228451957,1915428.8788059512
 04/25  18:00:00,5636750.408704817,142372.3894585329,947986.539530446,0.0,2275592.6311522606,2170935.0241927775
 04/25  19:00:00,5521857.065129353,112193.04630444091,739553.3470501166,0.0,2583357.208316296,1954281.0433747852
 04/25  20:00:00,6050237.435031194,18717.526947877086,109921.05016078132,0.0,3674522.5273524206,2061614.9424529157
 04/25  21:00:00,5223182.98770326,15051.000445571995,35099.132504881505,0.0,3131271.417661358,1827767.527725448
 04/25  22:00:00,3535467.0750971837,55056.91939913444,180000.0,0.0,1496854.9889341714,1618093.778646678
 04/25  23:00:00,2590054.0303895595,89048.035532217,180000.0,0.0,694801.8484460795,1497807.800791663
 04/25  24:00:00,2088940.7348238481,129889.28013485685,180000.0,0.0,316624.46650663624,1368677.2755077262
 04/26  01:00:00,1927480.078296411,168043.70379407553,180000.0,0.0,230357.12290762636,1255329.5389200803
 04/26  02:00:00,1932388.996648427,199086.92186863464,180000.0,0.0,230357.12290762636,1229195.2391975378
 04/26  03:00:00,1931389.5851431196,224221.81008586905,180000.0,0.0,230357.12290762636,1203060.9394749957
 04/26  04:00:00,1945574.9124765638,245847.85828452953,180000.0,0.0,230357.12290762636,1195620.2186097796
 04/26  05:00:00,1957758.9765668537,268896.82592040254,180000.0,0.0,230357.12290762636,1203097.6501527103
 04/26  06:00:00,3431071.8170158695,247153.9817157517,180000.0,0.0,1534159.7861661757,1398426.746011942
 04/26  07:00:00,3461597.7302673864,200289.180933665,180000.0,0.0,1513175.8377231732,1498839.4457206056
 04/26  08:00:00,2972255.377275036,162242.29060617147,180000.0,0.0,1109817.717652127,1452940.1403588522
 04/26  09:00:00,3814038.7216688795,134155.1629420192,45000.0,0.0,1100491.518344126,2477326.997885134
 04/26  10:00:00,2682689.636410348,126956.51882493847,0.0,0.0,1072512.9204201226,1438383.37806003
 04/26  11:00:00,2610572.2134888116,99965.1738342649,0.0,0.0,1030545.023534118,1449491.4576395717
 04/26  12:00:00,1902593.1383667674,92802.86425663903,0.0,0.0,423409.44858324854,1361924.3787421938
 04/26  13:00:00,1655663.0656268552,80371.24239328864,0.0,0.0,230357.12290762636,1322516.2907733116
 04/26  14:00:00,1856168.638626246,53235.258122414496,0.0,0.0,421077.8987562482,1359437.0721949546
 04/26  15:00:00,2524938.041907996,16367.436879966523,0.0,0.0,997903.3259561141,1486210.8322872298
 04/26  16:00:00,2854809.5041046757,27194.154191579288,182183.24846606056,0.0,1016555.7245721162,1590153.6694658338
 04/26  17:00:00,5444336.496116495,93003.93725784068,614935.845134726,0.0,1713689.1228451957,2947300.213292618
 04/26  18:00:00,6938865.621565722,59023.337758169655,388203.47131366597,0.0,2275592.6311522606,4116182.356970826
 04/26  19:00:00,3790338.853326194,20261.960411454595,278042.1599888247,0.0,1576127.6830521803,1783434.6297900197
 04/26  20:00:00,4280978.306146847,95324.61778870816,180000.0,0.0,1953838.7550262236,1866353.5452147145
 04/26  21:00:00,4394112.953655032,94393.68961676635,180000.0,0.0,2163678.2394562475,1742047.115216018
 04/26  22:00:00,2928379.1938867094,137444.88941543127,180000.0,0.0,863606.0559208989,1561866.8604331794
 04/26  23:00:00,2179309.4573866925,205841.51426448234,180000.0,0.0,230357.12290762636,1434714.4745949835
 04/26  24:00:00,2106766.4602720267,257637.61793223943,180000.0,0.0,230357.12290762636,1345022.006757532
 04/27  01:00:00,2061374.7141334089,301938.3396310733,180000.0,0.0,230357.12290762636,1255329.5389200803
 04/27  02:00:00,2071961.9104894414,338659.83570964873,180000.0,0.0,230357.12290762636,1229195.2391975378
 04/27  03:00:00,2074923.2549750758,367755.4799178252,180000.0,0.0,230357.12290762636,1203060.9394749957
 04/27  04:00:00,2088415.3035103653,388688.24931833084,180000.0,0.0,230357.12290762636,1195620.2186097796
 04/27  05:00:00,2209915.3351118946,403255.223658458,180000.0,0.0,335976.33007073845,1215276.4037965834
 04/27  06:00:00,2863535.5745583484,404012.6419859447,180000.0,0.0,881325.8346061008,1326865.7948443035
 04/27  07:00:00,3411133.922820192,395662.96905204817,180000.0,0.0,1299839.0285526488,1466338.6593255522
 04/27  08:00:00,2202044.4450594913,409356.5235858833,180000.0,0.0,230357.12290762636,1315075.5699080958
 04/27  09:00:00,2187163.6104127085,408404.5908708511,180000.0,0.0,230357.12290762636,1311336.8541366307
 04/27  10:00:00,2157641.866108892,398551.79082459427,180000.0,0.0,230357.12290762636,1303896.1332714143
 04/27  11:00:00,2123809.011793837,378985.197133939,180000.0,0.0,230357.12290762636,1303896.1332714143
 04/27  12:00:00,2115538.71959701,358208.85913138586,180000.0,0.0,230357.12290762636,1322516.2907733116
 04/27  13:00:00,2112460.494467468,357168.6712339014,180000.0,0.0,230357.12290762636,1322516.2907733116
 04/27  14:00:00,2117928.3243035334,362636.50106996647,180000.0,0.0,230357.12290762636,1322516.2907733116
 04/27  15:00:00,2124848.640995916,374959.5013955083,180000.0,0.0,230357.12290762636,1315075.5699080958
 04/27  16:00:00,3264151.64959441,389722.0157153074,180000.0,0.0,230357.12290762636,2425349.80356239
 04/27  17:00:00,4519813.040571361,388776.58160178293,180000.0,0.0,1077176.0200741233,2798453.06130934
 04/27  18:00:00,7435337.421126534,425173.79206921195,180000.0,0.0,998369.6359215144,5731930.168765008
 04/27  19:00:00,4071611.0329934796,399576.30006756476,180000.0,0.0,1576127.6830521803,1783434.6297900197
 04/27  20:00:00,4659456.819482779,473803.13112464035,180000.0,0.0,1953838.7550262236,1866353.5452147145
 04/27  21:00:00,8714083.128781531,362489.3505361353,180000.0,0.0,4098864.5958664687,3858735.2730129263
 04/27  22:00:00,2865472.6796077406,419276.300749848,180000.0,0.0,546981.5894142627,1533753.40132643
 04/27  23:00:00,2438533.4818005823,465065.5386783721,180000.0,0.0,230357.12290762636,1434714.4745949835
 04/27  24:00:00,2341812.0045002527,492683.1621604655,180000.0,0.0,230357.12290762636,1345022.006757532
 04/28  01:00:00,2266741.0346535104,507304.6601511749,180000.0,0.0,230357.12290762636,1255329.5389200803
 04/28  02:00:00,2248649.1041415296,517385.06659379386,180000.0,0.0,230357.12290762636,1229195.2391975378
 04/28  03:00:00,2231264.098258563,526134.3604333695,180000.0,0.0,230357.12290762636,1203060.9394749957
 04/28  04:00:00,2275340.7079958646,537697.2041069309,180000.0,0.0,246211.66173122815,1217682.129483077
 04/28  05:00:00,2704907.867710434,530031.1771975822,180000.0,0.0,652833.9515600747,1250331.0635102054
 04/28  06:00:00,3301541.395916895,461478.6768921204,180000.0,0.0,1207742.8103861383,1362646.2704281227
 04/28  07:00:00,3159247.3961854028,375347.7773584367,180000.0,0.0,1086502.2193821245,1433837.8729304986
 04/28  08:00:00,3107894.5160440607,291767.31767902424,180000.0,0.0,1109817.717652127,1452940.1403588522
 04/28  09:00:00,2043634.5852479762,260799.49124200485,180000.0,0.0,230357.12290762636,1311336.8541366307
 04/28  10:00:00,3665966.4726879713,196930.64911125912,180000.0,0.0,1702031.3737101946,1538091.556297146
 04/28  11:00:00,3781138.6425744696,140783.6949104867,180000.0,0.0,1832598.1640222098,1595148.1879288591
 04/28  12:00:00,3725726.7439886876,108391.34164455626,180000.0,0.0,1776640.9681742033,1636237.9873852413
 04/28  13:00:00,3672911.9335979726,73565.10657218851,180000.0,0.0,1757988.5695582011,1638939.8479149542
 04/28  14:00:00,3620988.72491546,42699.203658175385,180000.0,0.0,1757988.5695582011,1617882.5421464555
 04/28  15:00:00,3643488.1304143034,18972.51382992213,180000.0,0.0,1762651.6692122016,1657407.500587494
 04/28  16:00:00,3807762.885192048,2254.8414828115083,180000.0,0.0,1799956.466444206,1786828.8698559448
 04/28  17:00:00,4169790.8945117653,3374.5936210707796,186144.18432640005,0.0,1925860.1571022202,1976966.5446439027
 04/28  18:00:00,4814927.634854113,90574.1923703317,180000.0,0.0,2275592.6311522606,2170935.0241927775
 04/28  19:00:00,6346670.751197164,82186.9514796939,180000.0,0.0,2919100.383404334,3043101.1823897073
 04/28  20:00:00,6257869.362324625,172574.80225854632,180000.0,0.0,3674522.5273524206,2061614.9424529157
 04/28  21:00:00,6544043.498793883,151963.31395093526,180000.0,0.0,4098864.5958664687,1913487.9402348779
 04/28  22:00:00,4365122.680663722,207303.78077000845,180000.0,0.0,2131036.541878244,1673549.193290613
 04/28  23:00:00,2771226.1544056223,278372.30847650825,180000.0,0.0,694801.8484460795,1497807.800791663
 04/28  24:00:00,2285271.1490202327,326219.69433124166,180000.0,0.0,316624.46650663624,1368677.2755077262
 04/29  01:00:00,2120565.8527012104,361129.4781988746,180000.0,0.0,230357.12290762636,1255329.5389200803
 04/29  02:00:00,2114039.0028492017,382774.9653014665,180000.0,0.0,230357.12290762636,1229195.2391975378
 04/29  03:00:00,2103810.272030652,398680.53420545836,180000.0,0.0,230357.12290762636,1203060.9394749957
 04/29  04:00:00,2119804.5729008303,420077.5187087956,180000.0,0.0,230357.12290762636,1195620.2186097796
 04/29  05:00:00,2144300.2071308456,439133.7586279372,180000.0,0.0,230357.12290762636,1203097.6501527103
 04/29  06:00:00,2208079.549817936,452682.5391020004,180000.0,0.0,230357.12290762636,1255366.2495977946
 04/29  07:00:00,2263127.8913077107,465315.10861432686,180000.0,0.0,230357.12290762636,1303896.1332714143
 04/29  08:00:00,2276893.7868088856,478091.7536391063,180000.0,0.0,230357.12290762636,1315075.5699080958
 04/29  09:00:00,2263475.916797013,480640.82279104134,180000.0,0.0,230357.12290762636,1311336.8541366307
 04/29  10:00:00,2223691.6359654306,460525.48621701845,180000.0,0.0,230357.12290762636,1303896.1332714143
 04/29  11:00:00,4052449.280769167,412094.33310518455,180000.0,0.0,1832598.1640222098,1595148.1879288591
 04/29  12:00:00,3987025.443146318,369690.04080218717,180000.0,0.0,1776640.9681742033,1636237.9873852413
 04/29  13:00:00,2587539.2776959063,371314.26169490314,180000.0,0.0,611798.67460487,1402007.931843504
 04/29  14:00:00,3896290.9234491955,318001.4021919104,180000.0,0.0,1757988.5695582011,1617882.5421464555
 04/29  15:00:00,2071367.6623034554,321478.52270304714,180000.0,0.0,230357.12290762636,1315075.5699080958
 04/29  16:00:00,2149482.016403008,306923.7170105725,180000.0,0.0,230357.12290762636,1393478.4690757233
 04/29  17:00:00,2232778.643442729,261915.30083689932,180000.0,0.0,230357.12290762636,1483060.8048800319
 04/29  18:00:00,3429755.1255991952,310041.49340628315,180000.0,0.0,998369.6359215144,1843518.209132655
 04/29  19:00:00,3922158.846298032,260314.29953240254,180000.0,0.0,1576127.6830521803,1783434.6297900197
 04/29  20:00:00,4486345.293819366,316995.9033176841,180000.0,0.0,1953838.7550262236,1866353.5452147145
 04/29  21:00:00,4564628.05679046,279175.05337659374,180000.0,0.0,2163678.2394562475,1742047.115216018
 04/29  22:00:00,5688076.1994480975,274646.9343643413,180000.0,0.0,1496854.9889341714,3563341.111424727
 04/29  23:00:00,2829337.1467102235,336483.30078110925,180000.0,0.0,694801.8484460795,1497807.800791663
 04/29  24:00:00,3713565.6962375995,365349.39041053696,180000.0,0.0,316624.46650663624,2757842.126645798
 04/30  01:00:00,2686919.5405409224,371400.6843986092,180000.0,0.0,230357.12290762636,1811412.0205600578
 04/30  02:00:00,2137546.551663694,404244.4768839012,180000.0,0.0,230357.12290762636,1229195.2391975378
 04/30  03:00:00,2129231.4437936083,422063.6687363578,180000.0,0.0,230357.12290762636,1203060.9394749957
 04/30  04:00:00,2133725.2137376084,433998.15954557393,180000.0,0.0,230357.12290762636,1195620.2186097796
 04/30  05:00:00,2244748.1008249633,438087.9893715271,180000.0,0.0,335976.33007073845,1215276.4037965834
 04/30  06:00:00,3247293.5516524366,425573.1677161755,180000.0,0.0,1207742.8103861383,1362646.2704281227
 04/30  07:00:00,2705803.261375746,429213.32123997126,180000.0,0.0,658429.6711448755,1368867.0031009563
 04/30  08:00:00,2232828.085124393,440140.1636507856,180000.0,0.0,230357.12290762636,1315075.5699080958
 04/30  09:00:00,2212064.394992074,433305.3754502166,180000.0,0.0,230357.12290762636,1311336.8541366307
 04/30  10:00:00,2178255.0690696808,419164.99378538324,180000.0,0.0,230357.12290762636,1303896.1332714143
 04/30  11:00:00,2145444.894310003,400621.0796501056,180000.0,0.0,230357.12290762636,1303896.1332714143
 04/30  12:00:00,2139810.319819765,382480.45935414085,180000.0,0.0,230357.12290762636,1322516.2907733116
 04/30  13:00:00,2133774.8034006422,378482.9801670752,180000.0,0.0,230357.12290762636,1322516.2907733116
 04/30  14:00:00,2134340.764991925,379048.941758358,180000.0,0.0,230357.12290762636,1322516.2907733116
 04/30  15:00:00,2131252.359775517,381363.2201751093,180000.0,0.0,230357.12290762636,1315075.5699080958
 04/30  16:00:00,2474761.62894692,386484.8790408349,180000.0,0.0,426906.77332374884,1442647.269173251
 04/30  17:00:00,5906399.942949386,350335.931029052,180000.0,0.0,1501518.0885881716,3799138.545746048
 04/30  18:00:00,5127134.44674273,400742.9670268921,180000.0,0.0,2275592.6311522606,2170935.0241927775
 04/30  19:00:00,5602732.313434814,359929.6620437261,180000.0,0.0,2919100.383404334,2011229.8479030402
 04/30  20:00:00,6505959.737929687,404360.88000715006,180000.0,0.0,3674522.5273524206,2061614.9424529157
 04/30  21:00:00,6757010.070870407,350663.6254030589,180000.0,0.0,4098864.5958664687,1913487.9402348779
 04/30  22:00:00,3176391.844804712,385457.54033343383,180000.0,0.0,863606.0559208989,1561866.8604331794
 04/30  23:00:00,2406400.0581703316,432932.1150481215,180000.0,0.0,230357.12290762636,1434714.4745949835
 04/30  24:00:00,2299377.8301738994,449381.1938770808,180000.0,0.0,230357.12290762636,1345510.6309969712
 05/01  01:00:00,2214734.671208348,454663.7097723508,180000.0,0.0,230357.12290762636,1255584.9561361503
 05/01  02:00:00,2186378.51669198,452486.2753639284,180000.0,0.0,230357.12290762636,1229406.2360282047
 05/01  03:00:00,2154572.992070649,446859.4708505428,180000.0,0.0,230357.12290762636,1203227.5159202588
 05/01  04:00:00,2144702.953864917,444419.0484136764,180000.0,0.0,230357.12290762636,1195797.9001513938
 05/01  05:00:00,2472861.004358609,446154.05492263834,180000.0,0.0,529494.9657117606,1241499.621800033
 05/01  06:00:00,2531222.6915431954,446243.21361996525,180000.0,0.0,541152.7148467619,1292206.9612563008
 05/01  07:00:00,2224672.451418696,440479.205291913,180000.0,0.0,230357.12290762636,1304262.6014509937
 05/01  08:00:00,2220423.596961687,427097.194250227,180000.0,0.0,230357.12290762636,1315442.038087675
 05/01  09:00:00,2189483.0345072798,410137.85292365996,180000.0,0.0,230357.12290762636,1311692.2172198591
 05/01  10:00:00,2134920.6105613234,375282.7250585981,180000.0,0.0,230357.12290762636,1304262.6014509937
 05/01  11:00:00,2090507.9259303496,345194.00079165737,180000.0,0.0,230357.12290762636,1304262.6014509937
 05/01  12:00:00,2077807.9634050839,320023.82601685973,180000.0,0.0,230357.12290762636,1322871.65385654
 05/01  13:00:00,2052706.5624652691,296968.70512904983,180000.0,0.0,230357.12290762636,1322871.65385654
 05/01  14:00:00,2034370.5833636103,278632.7260273909,180000.0,0.0,230357.12290762636,1322871.65385654
 05/01  15:00:00,2229834.3906481485,261895.02310932142,180000.0,0.0,404757.04996724636,1358626.956947523
 05/01  16:00:00,2980098.0272242753,231677.86392019605,180000.0,0.0,937283.0304541073,1592257.811861881
 05/01  17:00:00,5900423.58332755,175886.61095722724,180000.0,0.0,1347635.800006154,4121188.8104399918
 05/01  18:00:00,6476287.025910306,216656.26497754722,180000.0,0.0,1733507.2963746982,4245855.742009826
 05/01  19:00:00,5097287.77389194,204714.21214656945,180000.0,0.0,2420148.720426277,2159416.6379387826
 05/01  20:00:00,8443283.31186448,243773.14257328433,180000.0,0.0,2028448.3494902323,5804850.335068527
 05/01  21:00:00,5325508.079327336,261190.43931480322,180000.0,0.0,2837496.139459325,1831962.095092704
 05/01  22:00:00,2756490.463812409,315304.6523288998,180000.0,0.0,539986.9399332618,1534987.3868178106
 05/01  23:00:00,2336777.4435176104,362068.3714758905,180000.0,0.0,230357.12290762636,1435436.305857791
 05/01  24:00:00,2239614.5055401227,389617.86924330436,180000.0,0.0,230357.12290762636,1345510.6309969712
 05/02  01:00:00,2170767.360887899,410696.39945190167,180000.0,0.0,230357.12290762636,1255584.9561361503
 05/02  02:00:00,2156618.3655999815,422726.1242719297,180000.0,0.0,230357.12290762636,1229406.2360282047
 05/02  03:00:00,2141880.3839929267,434166.8627728209,180000.0,0.0,230357.12290762636,1203227.5159202588
 05/02  04:00:00,2143026.1826696293,442742.2772183883,180000.0,0.0,230357.12290762636,1195797.9001513938
 05/02  05:00:00,2248648.025272588,446742.8607668448,180000.0,0.0,329914.30052053777,1216278.502061028
 05/02  06:00:00,3049623.982340008,442573.95035585016,180000.0,0.0,1008395.3001776154,1347034.9299863754
 05/02  07:00:00,3637784.045438925,427836.3411658959,180000.0,0.0,1457218.6418751667,1503155.5406296984
 05/02  08:00:00,3185439.7182144495,429140.93309548177,180000.0,0.0,1053860.5218041206,1454911.021598689
 05/02  09:00:00,2453338.3054230274,441181.1180157614,180000.0,0.0,429238.3231507492,1345623.0228003827
 05/02  10:00:00,2195367.7948529515,435729.9093502262,180000.0,0.0,230357.12290762636,1304262.6014509937
 05/02  11:00:00,2172072.10383731,426758.17869861773,180000.0,0.0,230357.12290762636,1304262.6014509937
 05/02  12:00:00,2168632.416298319,410848.278910095,180000.0,0.0,230357.12290762636,1322871.65385654
 05/02  13:00:00,4885518.437526879,333091.64955123456,180000.0,0.0,923293.7314921056,3426623.975911486
 05/02  14:00:00,2927950.708937234,328507.1030517078,180000.0,0.0,923293.7314921056,1473640.7938213672
 05/02  15:00:00,2929506.2098788996,308812.3045816697,180000.0,0.0,927956.8311461062,1488181.7135270666
 05/02  16:00:00,3275847.218575121,301825.13996992924,180000.0,0.0,1113315.0423926273,1641827.715224473
 05/02  17:00:00,4234040.637387526,275231.7288204766,180000.0,0.0,1720683.7723261968,1982412.7743166755
 05/02  18:00:00,6106984.999930989,313132.0882554055,180000.0,0.0,1949175.655372223,3564409.5337551255
 05/02  19:00:00,6227504.236921851,267293.49515923474,180000.0,0.0,2420148.720426277,3227053.8179560266
 05/02  20:00:00,5882643.09212407,343479.5433891699,180000.0,0.0,3105624.369564356,2067327.6944381092
 05/02  21:00:00,3008802.8921420434,335491.84243386553,180000.0,0.0,664724.855677776,1613726.7885698983
 05/02  22:00:00,2474047.0889948485,371005.6569087886,180000.0,0.0,230357.12290762636,1506472.824445997
 05/02  23:00:00,2365812.028435445,391102.9563937249,180000.0,0.0,230357.12290762636,1435436.305857791
 05/02  24:00:00,2260407.8202300947,410411.18393327575,180000.0,0.0,230357.12290762636,1345510.6309969712
 05/03  01:00:00,2189355.0693104966,429284.10787449946,180000.0,0.0,230357.12290762636,1255584.9561361503
 05/03  02:00:00,2180276.228434366,446383.9871063143,180000.0,0.0,230357.12290762636,1229406.2360282047
 05/03  03:00:00,2167749.620122473,460036.0989023673,180000.0,0.0,230357.12290762636,1203227.5159202588
 05/03  04:00:00,2172568.712873961,472284.80742272,180000.0,0.0,230357.12290762636,1195797.9001513938
 05/03  05:00:00,2170637.086114726,481270.0593958964,180000.0,0.0,230357.12290762636,1203297.541887026
 05/03  06:00:00,3547175.559071919,420153.3678711334,180000.0,0.0,1473539.4906641685,1401862.89871645
 05/03  07:00:00,3075387.4225928327,339264.71736508684,180000.0,0.0,1049197.42215012,1437351.7613094628
 05/03  08:00:00,2318047.7576740817,283978.25936074497,180000.0,0.0,436232.97263175,1350309.2839654286
 05/03  09:00:00,2035104.1638262996,255758.98224267975,180000.0,0.0,230357.12290762636,1311692.2172198591
 05/03  10:00:00,1944318.580017053,229680.69451432757,135000.0,0.0,230357.12290762636,1304262.6014509937
 05/03  11:00:00,1766265.3256958534,200951.4005571613,0.0,0.0,230357.12290762636,1304262.6014509937
 05/03  12:00:00,1752727.4838187585,174943.3464305343,0.0,0.0,230357.12290762636,1322871.65385654
 05/03  13:00:00,1722583.8123405986,146845.95500437904,0.0,0.0,230357.12290762636,1322871.65385654
 05/03  14:00:00,1894885.6760120485,108221.38153850267,0.0,0.0,403591.2750537462,1360563.938847747
 05/03  15:00:00,4647914.282081861,47098.330337495725,0.0,0.0,1100957.828309526,3475302.762810782
 05/03  16:00:00,3519452.349466481,48624.5249579532,0.0,0.0,1641411.0782081876,1790537.4253122492
 05/03  17:00:00,3975309.1319464403,61500.22337939065,135000.0,0.0,1720683.7723261968,1982412.7743166755
 05/03  18:00:00,4543741.998143936,137817.42049077063,180000.0,0.0,1949175.655372223,2176481.199732708
 05/03  19:00:00,4884480.210556823,134436.2123437541,180000.0,0.0,2420148.720426277,2016887.0744064804
 05/03  20:00:00,5764116.215672847,224952.66693794657,180000.0,0.0,3105624.369564356,2067327.6944381092
 05/03  21:00:00,4334257.774109945,226902.34217763378,180000.0,0.0,1967828.053988225,1744667.9724835816
 05/03  22:00:00,3720137.487149048,264518.537473192,180000.0,0.0,1468876.391010168,1620531.0739332517
 05/03  23:00:00,2810615.4847777477,306763.94794063806,180000.0,0.0,694801.8484460795,1500134.045114728
 05/03  24:00:00,2192708.162976464,342711.5266796453,180000.0,0.0,230357.12290762636,1345510.6309969712
 05/04  01:00:00,2129947.1316514425,369876.17021544534,180000.0,0.0,230357.12290762636,1255584.9561361503
 05/04  02:00:00,2129568.494923505,395676.2535954533,180000.0,0.0,230357.12290762636,1229406.2360282047
 05/04  03:00:00,2121267.961688161,413554.44046805496,180000.0,0.0,230357.12290762636,1203227.5159202588
 05/04  04:00:00,2124836.642062444,424552.7366112033,180000.0,0.0,230357.12290762636,1195797.9001513938
 05/04  05:00:00,2347686.7570055835,433243.4547129275,180000.0,0.0,429471.47813344916,1229259.4622350298
 05/04  06:00:00,2491566.510417939,405887.5675466086,180000.0,0.0,541852.1797948619,1292206.9612563008
 05/04  07:00:00,2118462.655241658,334269.4091148744,180000.0,0.0,230357.12290762636,1304262.6014509937
 05/04  08:00:00,2055141.0154963406,261814.61278488082,180000.0,0.0,230357.12290762636,1315442.038087675
 05/04  09:00:00,2499584.4800518793,201803.28099732078,0.0,0.0,827000.7236369947,1413484.6339614294
 05/04  10:00:00,2625728.206195447,142513.86571649104,0.0,0.0,997903.3259561141,1440292.8533787369
 05/04  11:00:00,2542187.1806442915,97889.10512157361,0.0,0.0,960598.5287241098,1453005.3460185362
 05/04  12:00:00,1855112.8041993103,61969.12508430215,0.0,0.0,405922.8248807465,1362665.4936102042
 05/04  13:00:00,1610025.8147089365,34287.9573727169,0.0,0.0,230357.12290762636,1322871.65385654
 05/04  14:00:00,1614311.4133979515,8181.789704700757,30391.76635703141,0.0,230357.12290762636,1322871.65385654
 05/04  15:00:00,2367693.4913265295,46289.698363931464,315879.57950430317,0.0,579156.9770268663,1401811.875807371
 05/04  16:00:00,11023904.301404117,99202.18888560003,671643.6759150182,0.0,937283.0304541073,9276896.0851613
 05/04  17:00:00,20252384.62651927,155038.26855772093,1034439.7442099573,0.0,1534159.7861661755,17453034.465661246
 05/04  18:00:00,4121763.2312580952,134509.0677324716,887602.292892041,0.0,1086502.2193821245,1912881.9287032231
 05/04  19:00:00,4764399.987543647,114636.46347772548,743105.0543541182,0.0,1872234.511081214,1901415.7552502775
 05/04  20:00:00,3087026.4442133745,28420.968556794203,152806.12312250474,0.0,949873.3995199087,1769714.4682817303
 05/04  21:00:00,2025978.7091585184,10682.453525051355,0.0,0.0,230357.12290762636,1570079.727265337
 05/04  22:00:00,2064034.2023224393,50992.77023637937,90000.0,0.0,230357.12290762636,1506472.824445997
 05/04  23:00:00,2065976.9699112452,91267.89786952522,180000.0,0.0,230357.12290762636,1435436.305857791
 05/04  24:00:00,1987538.6825114544,137542.04621463615,180000.0,0.0,230357.12290762636,1345510.6309969712
 05/05  01:00:00,1939709.6450948678,179638.68365887017,180000.0,0.0,230357.12290762636,1255584.9561361503
 05/05  02:00:00,1946429.2727653766,214583.31148932938,180000.0,0.0,230357.12290762636,1229406.2360282047
 05/05  03:00:00,1948706.5425708522,243039.301402751,180000.0,0.0,230357.12290762636,1203227.5159202588
 05/05  04:00:00,1966652.561161598,266368.6557103573,180000.0,0.0,230357.12290762636,1195797.9001513938
 05/05  05:00:00,1985995.491296945,280258.2241620766,180000.0,0.0,230357.12290762636,1203297.541887026
 05/05  06:00:00,2005003.0142758847,248954.58697712957,180000.0,0.0,230357.12290762636,1255654.9821029177
 05/05  07:00:00,1896590.2046964057,188072.99820558887,90000.0,0.0,230357.12290762636,1304262.6014509937
 05/05  08:00:00,1752105.9465217646,132640.70365429056,0.0,0.0,230357.12290762636,1315442.038087675
 05/05  09:00:00,2159322.374084637,90260.62074971513,0.0,0.0,628119.523393872,1379553.828380906
 05/05  10:00:00,2536559.5302882874,49252.629705321546,0.0,0.0,997903.3259561141,1440292.8533787369
 05/05  11:00:00,2250171.7061728225,23573.388194106185,0.0,0.0,778038.1772699889,1415819.6598766507
 05/05  12:00:00,1587986.5980510507,6750.851194898727,3451.6094679276725,0.0,230357.12290762636,1322871.65385654
 05/05  13:00:00,2434244.8891376117,26667.058060653857,191696.74590189772,0.0,750059.5793459858,1443312.425257022
 05/05  14:00:00,2937824.37921591,63350.59299105705,455030.18033932743,0.0,923293.7314921056,1473640.7938213672
 05/05  15:00:00,4225975.669809118,112789.22297052234,803408.0105167674,0.0,1622758.6795921857,1662464.3961055856
 05/05  16:00:00,4823514.717549101,168517.9850656003,1184168.907974973,0.0,1641411.0782081876,1790537.4253122492
 05/05  17:00:00,5351689.927455648,198528.5919872842,1372306.1468493096,0.0,1720683.7723261968,1982412.7743166755
 05/05  18:00:00,5411141.513174571,151732.56195153965,1035530.6536218699,0.0,1949175.655372223,2176481.199732708
 05/05  19:00:00,5604692.081734948,135194.18246890325,909685.3013129991,0.0,2420148.720426277,2016887.0744064804
 05/05  20:00:00,5906059.098076245,73057.03559755115,490208.7541598317,0.0,3105624.369564356,2067327.6944381092
 05/05  21:00:00,5862853.27116814,66845.16808992578,447533.3193896046,0.0,3272330.1821948746,1875609.1563972651
 05/05  22:00:00,4914293.5936835585,38713.21278481707,259339.36122264457,0.0,2709260.89897431,1733046.3162813787
 05/05  23:00:00,2866159.6362625286,13199.21435704226,10949.4002734057,0.0,1156448.7141921325,1564831.7843716647
 05/05  24:00:00,2056779.0202854034,53966.837181694325,0.0,0.0,488226.5337738559,1420456.7669376323
 05/06  01:00:00,1752958.21207852,89200.76902353305,0.0,0.0,287713.2486518329,1281915.3120109332
 05/06  02:00:00,1675243.217384724,123397.25610867704,0.0,0.0,230357.12290762636,1229406.2360282047
 05/06  03:00:00,1676676.0020669226,151008.76089882143,0.0,0.0,230357.12290762636,1203227.5159202588
 05/06  04:00:00,1690966.7229654854,170682.8175142446,0.0,0.0,230357.12290762636,1195797.9001513938
 05/06  05:00:00,1710239.2153068997,184501.94817203138,0.0,0.0,230357.12290762636,1203297.541887026
 05/06  06:00:00,1768938.1362967114,192889.70899795642,0.0,0.0,230357.12290762636,1255654.9821029177
 05/06  07:00:00,1815873.7251677196,197356.51867690304,0.0,0.0,230357.12290762636,1304262.6014509937
 05/06  08:00:00,2773989.249749122,191551.62447414023,0.0,0.0,1053860.5218041206,1454911.021598689
 05/06  09:00:00,3835932.721460962,188133.69332256296,180000.0,0.0,1823271.9647142089,1583138.661864047
 05/06  10:00:00,3754553.944945028,181743.943603101,180000.0,0.0,1767314.7688662023,1576384.5112276096
 05/06  11:00:00,3452114.481007152,166290.3381025552,180000.0,0.0,1509678.5129826725,1563405.1490898472
 05/06  12:00:00,3620045.982198694,137458.86521346692,180000.0,0.0,1636747.978554187,1641283.7778069824
 05/06  13:00:00,3538184.5760226846,113869.77160062137,135000.0,0.0,1622758.6795921857,1644047.044257825
 05/06  14:00:00,2528835.409226382,109391.80334085668,0.0,0.0,923293.7314921056,1473640.7938213672
 05/06  15:00:00,2547843.3495416148,107149.44424438436,0.0,0.0,927956.8311461062,1488181.7135270666
 05/06  16:00:00,2675349.637997586,106929.47469350668,0.0,0.0,937283.0304541073,1592257.811861881
 05/06  17:00:00,3072199.0825808737,106799.32807422639,180000.0,0.0,974587.8276861114,1733053.2848443538
 05/06  18:00:00,3455499.549229784,177893.9586482063,180000.0,0.0,1086502.2193821245,1912881.9287032231
 05/06  19:00:00,3576309.090155319,163267.54920480496,180000.0,0.0,1324320.3017361513,1785944.4360940745
 05/06  20:00:00,4121914.707357247,233764.90990813446,180000.0,0.0,1669389.676132191,1868918.8770005233
 05/06  21:00:00,6197280.508840915,190324.62111219548,180000.0,0.0,3707164.2249304242,1919256.2177018262
 05/06  22:00:00,4995313.063074076,199072.0433979786,180000.0,0.0,2709260.89897431,1733046.3162813787
 05/06  23:00:00,3264315.186684967,242304.16505288673,180000.0,0.0,1156448.7141921325,1564831.7843716647
 05/06  24:00:00,2357324.719834472,284335.43863986054,180000.0,0.0,402891.81010564615,1395968.5886967445
 05/07  01:00:00,2164995.643969157,321238.20091416984,180000.0,0.0,287713.2486518329,1281915.3120109332
 05/07  02:00:00,2096294.826891538,348416.28680172365,180000.0,0.0,230357.12290762636,1243392.5347899671
 05/07  03:00:00,2076974.0295949574,366443.69511376077,180000.0,0.0,230357.12290762636,1206044.3291813494
 05/07  04:00:00,2079708.3187800832,379424.4133288425,180000.0,0.0,230357.12290762636,1195797.9001513938
 05/07  05:00:00,2080281.314612534,390914.28789370414,180000.0,0.0,230357.12290762636,1203297.541887026
 05/07  06:00:00,2823730.6872027973,390004.7082908487,180000.0,0.0,853347.2366820975,1328758.9404096839
 05/07  07:00:00,4058486.659998288,374713.9566799769,180000.0,0.0,1865239.8616002135,1568959.319949934
 05/07  08:00:00,3111003.2417940227,354238.146709655,180000.0,0.0,1054326.8317695206,1454911.021598689
 05/07  09:00:00,2127172.27045157,347827.08886795025,180000.0,0.0,230357.12290762636,1311692.2172198591
 05/07  10:00:00,2076310.7687788405,316672.8832761152,180000.0,0.0,230357.12290762636,1304262.6014509937
 05/07  11:00:00,2033300.958855433,287987.0337167408,180000.0,0.0,230357.12290762636,1304262.6014509937
 05/07  12:00:00,2004748.886930257,246964.7495420327,180000.0,0.0,230357.12290762636,1322871.65385654
 05/07  13:00:00,1970041.9350946844,214304.07775846487,180000.0,0.0,230357.12290762636,1322871.65385654
 05/07  14:00:00,1945703.8758623982,189966.01852617884,180000.0,0.0,230357.12290762636,1322871.65385654
 05/07  15:00:00,1927666.2015004489,177311.67988108983,180000.0,0.0,230357.12290762636,1315442.038087675
 05/07  16:00:00,2010942.0850400203,167727.4427327895,180000.0,0.0,230357.12290762636,1393978.1984115131
 05/07  17:00:00,2863941.9239573786,148985.9980654377,180000.0,0.0,788530.1514914902,1670713.4124762733
 05/07  18:00:00,4502303.886234681,184459.4145074951,180000.0,0.0,1733507.2963746982,2304069.4528042525
 05/07  19:00:00,30346921.449924383,339513.9959618373,180000.0,0.0,2420148.720426277,27274250.530155957
 05/07  20:00:00,21430508.355379432,454982.2348149838,180000.0,0.0,3105624.369564356,17503690.26626766
 05/07  21:00:00,4326394.629429552,218572.88753184158,180000.0,0.0,1968294.363953625,1744667.9724835819
 05/07  22:00:00,2373687.4454464894,270646.01336042973,180000.0,0.0,230357.12290762636,1506472.824445997
 05/07  23:00:00,2289419.504140869,314710.43209914904,180000.0,0.0,230357.12290762636,1435436.305857791
 05/07  24:00:00,2196065.406638802,346068.7703419835,180000.0,0.0,230357.12290762636,1345510.6309969712
 05/08  01:00:00,2127038.0822749003,366967.12083890295,180000.0,0.0,230357.12290762636,1255584.9561361503
 05/08  02:00:00,2113359.173504217,379466.93217616517,180000.0,0.0,230357.12290762636,1229406.2360282047
 05/08  03:00:00,2094477.211764428,386763.690544322,180000.0,0.0,230357.12290762636,1203227.5159202588
 05/08  04:00:00,2091568.6074404337,391284.701989193,180000.0,0.0,230357.12290762636,1195797.9001513938
 05/08  05:00:00,2085109.7052200998,395742.6785012701,180000.0,0.0,230357.12290762636,1203297.541887026
 05/08  06:00:00,2829814.4138758713,397487.3648601221,180000.0,0.0,851948.3067858974,1328758.9404096839
 05/08  07:00:00,4060448.115346211,376675.4120279002,180000.0,0.0,1865239.8616002135,1568959.319949934
 05/08  08:00:00,3853306.774616251,373379.77279545215,180000.0,0.0,1672887.0008726914,1559512.7592319492
 05/08  09:00:00,2630150.674418191,385181.48118727875,180000.0,0.0,628119.523393872,1379553.828380906
 05/08  10:00:00,2151757.665208421,392119.7797056957,180000.0,0.0,230357.12290762636,1304262.6014509937
 05/08  11:00:00,2142220.7759035937,396906.8507649018,180000.0,0.0,230357.12290762636,1304262.6014509937
 05/08  12:00:00,2141261.3778017117,383477.2404134876,180000.0,0.0,230357.12290762636,1322871.65385654
 05/08  13:00:00,2124178.3934261976,368440.53608997853,180000.0,0.0,230357.12290762636,1322871.65385654
 05/08  14:00:00,2106302.030800841,350564.17346462136,180000.0,0.0,230357.12290762636,1322871.65385654
 05/08  15:00:00,2505191.8292984576,319667.615840163,180000.0,0.0,579156.9770268663,1401811.875807371
 05/08  16:00:00,3037407.870998061,288987.70769398095,180000.0,0.0,937283.0304541073,1592257.811861881
 05/08  17:00:00,5386512.536725967,231130.57688891934,180000.0,0.0,1161111.8138461327,3738557.7840667376
 05/08  18:00:00,5426231.330725981,246644.55681986272,180000.0,0.0,1949175.655372223,2950143.39598566
 05/08  19:00:00,20301140.076253794,289955.6040169819,45000.0,0.0,2420148.720426277,17413027.548430227
 05/08  20:00:00,13900693.290843772,308545.7644235815,0.0,0.0,3105624.369564356,10300311.672123399
 05/08  21:00:00,6021999.850614107,180720.00252135415,0.0,0.0,3707164.2249304242,1919256.2177018262
 05/08  22:00:00,4122566.3431970384,170497.51836504764,0.0,0.0,2089068.644992239,1676788.6951073152
 05/08  23:00:00,2511853.502414199,188001.96557708943,0.0,0.0,694801.8484460795,1500134.045114728
 05/08  24:00:00,2086928.2358283072,193938.95463369592,0.0,0.0,402891.81010564615,1395968.5886967445
 05/09  01:00:00,1846711.824352104,203876.00170186412,0.0,0.0,273374.2172157813,1275332.7230422376
 05/09  02:00:00,1763048.4321504005,209156.1908223487,0.0,0.0,230357.12290762636,1229406.2360282047
 05/09  03:00:00,1736868.9244381029,209155.40321799705,0.0,0.0,230357.12290762636,1203227.5159202588
 05/09  04:00:00,1725502.842462772,205218.93701153153,0.0,0.0,230357.12290762636,1195797.9001513938
 05/09  05:00:00,1718580.3355881544,209213.3088693245,0.0,0.0,230357.12290762636,1203297.541887026
 05/09  06:00:00,3829614.0376125136,189050.7738045646,0.0,0.0,1473539.4906641685,2095403.9713236128
 05/09  07:00:00,4191712.0275782244,150123.13383329604,0.0,0.0,1252508.5670645433,2719506.8049122216
 05/09  08:00:00,2032076.8905769368,178007.3922635997,0.0,0.0,436232.97263175,1350309.2839654286
 05/09  09:00:00,1760018.5439028433,160673.3623192233,0.0,0.0,230357.12290762636,1311692.2172198591
 05/09  10:00:00,1721102.6911209412,141464.8056182157,0.0,0.0,230357.12290762636,1304262.6014509937
 05/09  11:00:00,1685840.8789196021,120526.9537809101,0.0,0.0,230357.12290762636,1304262.6014509937
 05/09  12:00:00,1681331.7644050433,103547.62701681902,0.0,0.0,230357.12290762636,1322871.65385654
 05/09  13:00:00,1671754.8267664965,96016.96943027721,0.0,0.0,230357.12290762636,1322871.65385654
 05/09  14:00:00,1883485.7091020977,96821.41462855176,0.0,0.0,403591.2750537462,1360563.938847747
 05/09  15:00:00,2528622.7842933005,87928.87899607031,0.0,0.0,927956.8311461062,1488181.7135270666
 05/09  16:00:00,5551434.428407587,71767.26875110998,135000.0,0.0,937283.0304541073,4368504.808214278
 05/09  17:00:00,8996263.608775526,25339.212419123378,302943.8324379602,0.0,1534159.7861661755,7058108.415828089
 05/09  18:00:00,5527811.807709916,90015.89557008252,180000.0,0.0,1949175.655372223,3208352.534219375
 05/09  19:00:00,4836517.085869545,86473.08765647597,180000.0,0.0,2420148.720426277,2016887.0744064804
 05/09  20:00:00,13725219.24391447,211330.35916813236,180000.0,0.0,3105624.369564356,10042053.030449547
 05/09  21:00:00,12177187.317896493,255051.60816630704,180000.0,0.0,1967828.053988225,9559448.250281459
 05/09  22:00:00,3656451.8812743304,200832.93159847386,180000.0,0.0,1468876.391010168,1620531.0739332517
 05/09  23:00:00,2754650.0852795113,250798.54844240163,180000.0,0.0,694801.8484460795,1500134.045114728
 05/09  24:00:00,2362123.307128111,289134.0259334994,180000.0,0.0,402891.81010564615,1395968.5886967445
 05/10  01:00:00,2165883.632010267,322126.1889552799,180000.0,0.0,287713.2486518329,1281915.3120109332
 05/10  02:00:00,2108139.4667477645,360260.92665795056,180000.0,0.0,230357.12290762636,1243392.5347899671
 05/10  03:00:00,2084183.8576617478,376470.3364416418,180000.0,0.0,230357.12290762636,1203227.5159202588
 05/10  04:00:00,2091840.2748237231,391556.36937248235,180000.0,0.0,230357.12290762636,1195797.9001513938
 05/10  05:00:00,2832494.3954068217,393317.2271873723,180000.0,0.0,280135.71171408205,1903329.09458119
 05/10  06:00:00,4694035.942733029,317390.19728510233,180000.0,0.0,1473539.4906641685,2651486.4529635906
 05/10  07:00:00,3031932.6955793155,295809.9903515697,180000.0,0.0,1049197.42215012,1437351.7613094628
 05/10  08:00:00,3039109.1663654638,282810.381246496,180000.0,0.0,1053860.5218041206,1454911.021598689
 05/10  09:00:00,2500314.414542278,255345.2213113656,180000.0,0.0,628119.523393872,1379553.828380906
 05/10  10:00:00,1994007.6067887445,234369.72128601882,180000.0,0.0,230357.12290762636,1304262.6014509937
 05/10  11:00:00,1817697.7967023186,207383.87156362642,45000.0,0.0,230357.12290762636,1304262.6014509937
 05/10  12:00:00,1758670.0964748897,180885.95908666553,0.0,0.0,230357.12290762636,1322871.65385654
 05/10  13:00:00,1714895.504022591,139157.64668637165,0.0,0.0,230357.12290762636,1322871.65385654
 05/10  14:00:00,1667948.1148003046,92210.25746408527,0.0,0.0,230357.12290762636,1322871.65385654
 05/10  15:00:00,1625415.2417092833,55060.720089924296,0.0,0.0,230357.12290762636,1315442.038087675
 05/10  16:00:00,2594463.2652188228,27442.031810943452,0.0,0.0,935884.100557907,1592257.811861881
 05/10  17:00:00,3809061.8893073592,3973.077806745212,26279.9029335647,0.0,1720683.7723261968,1982412.7743166755
 05/10  18:00:00,4265132.46731054,39207.88965737443,0.0,0.0,1949175.655372223,2176481.199732708
 05/10  19:00:00,5385973.311358571,19535.743293729596,180000.0,0.0,1324320.3017361513,3729109.062948378
 05/10  20:00:00,5631797.415338404,92633.86660350306,180000.0,0.0,3105624.369564356,2067327.6944381092
 05/10  21:00:00,6096647.534776317,75367.68668356366,180000.0,0.0,3707164.2249304242,1919256.2177018262
 05/10  22:00:00,2909884.156142482,130553.96526152352,180000.0,0.0,849616.7569588972,1563501.9491896243
 05/10  23:00:00,2173497.2031699824,198788.13112826226,180000.0,0.0,230357.12290762636,1435436.305857791
 05/10  24:00:00,2094727.7362546148,244731.09995779645,180000.0,0.0,230357.12290762636,1345510.6309969712
 05/11  01:00:00,2041313.5650304775,281242.6035944801,180000.0,0.0,230357.12290762636,1255584.9561361503
 05/11  02:00:00,2044164.5559603814,310272.3146323296,180000.0,0.0,230357.12290762636,1229406.2360282047
 05/11  03:00:00,2042190.9964890692,334477.47526896314,180000.0,0.0,230357.12290762636,1203227.5159202588
 05/11  04:00:00,2053113.2896061898,352829.38415494916,180000.0,0.0,230357.12290762636,1195797.9001513938
 05/11  05:00:00,2054192.341011566,364825.3142927366,180000.0,0.0,230357.12290762636,1203297.541887026
 05/11  06:00:00,3309248.5452191564,355550.4070905801,180000.0,0.0,1318491.4271686508,1383586.9091397584
 05/11  07:00:00,3051073.0349414656,314950.3297137196,180000.0,0.0,1049197.42215012,1437351.7613094628
 05/11  08:00:00,2086744.413059517,293418.0103480572,180000.0,0.0,230357.12290762636,1315442.038087675
 05/11  09:00:00,2060551.720390941,281206.5388073209,180000.0,0.0,230357.12290762636,1311692.2172198591
 05/11  10:00:00,2021666.024312709,262028.13880998344,180000.0,0.0,230357.12290762636,1304262.6014509937
 05/11  11:00:00,1985028.7472334972,239714.82209480522,180000.0,0.0,230357.12290762636,1304262.6014509937
 05/11  12:00:00,1982235.3060938981,224451.16870567392,180000.0,0.0,230357.12290762636,1322871.65385654
 05/11  13:00:00,1970442.292331153,214704.4349949338,180000.0,0.0,230357.12290762636,1322871.65385654
 05/11  14:00:00,1966397.9215294046,210660.06419318522,180000.0,0.0,230357.12290762636,1322871.65385654
 05/11  15:00:00,1960729.6655699713,210375.14395061226,180000.0,0.0,230357.12290762636,1315442.038087675
 05/11  16:00:00,2270442.073641422,200926.05108497926,180000.0,0.0,407088.5997942466,1443548.101774105
 05/11  17:00:00,3125033.845950737,161680.37149609422,180000.0,0.0,974587.8276861114,1733053.2848443538
 05/11  18:00:00,3780955.5034197867,219735.45603130845,180000.0,0.0,1302170.5783796492,1978781.7464605942
 05/11  19:00:00,4929509.82417779,179465.8259647218,180000.0,0.0,2420148.720426277,2016887.0744064804
 05/11  20:00:00,4171149.271352696,266629.2334875452,180000.0,0.0,1669389.676132191,1868918.8770005233
 05/11  21:00:00,4357957.7849923,250602.35305998876,180000.0,0.0,1967828.053988225,1744667.9724835816
 05/11  22:00:00,3396214.376200699,278739.80592229194,180000.0,0.0,1159246.5739845326,1592016.511561438
 05/11  23:00:00,2301057.1631600475,326348.09111832734,180000.0,0.0,230357.12290762636,1435436.305857791
 05/11  24:00:00,2212182.8568847966,362186.2205879781,180000.0,0.0,230357.12290762636,1345510.6309969712
 05/12  01:00:00,2152864.139386203,392793.1779502057,180000.0,0.0,230357.12290762636,1255584.9561361503
 05/12  02:00:00,2142978.506961704,411132.5456856574,180000.0,0.0,230357.12290762636,1229406.2360282047
 05/12  03:00:00,2135143.974178287,429476.7330101859,180000.0,0.0,230357.12290762636,1203227.5159202588
 05/12  04:00:00,2145307.0555271595,445023.150075919,180000.0,0.0,230357.12290762636,1195797.9001513938
 05/12  05:00:00,2150319.0528225065,444581.78568763804,180000.0,0.0,230357.12290762636,1203297.541887026
 05/12  06:00:00,2144734.108550246,388685.68125149095,180000.0,0.0,230357.12290762636,1255654.9821029177
 05/12  07:00:00,2117551.7930859905,319034.58659517375,180000.0,0.0,230357.12290762636,1304262.6014509937
 05/12  08:00:00,3485076.046047938,240219.60963840235,180000.0,0.0,1466544.8411831679,1524645.5133541957
 05/12  09:00:00,3835026.811615007,187227.78347660773,180000.0,0.0,1823271.9647142089,1583138.661864047
 05/12  10:00:00,3732300.5634894124,159490.56214748562,180000.0,0.0,1767314.7688662023,1576384.5112276096
 05/12  11:00:00,3455271.625170613,129620.8864893918,0.0,0.0,1692705.1744021936,1600205.083446951
 05/12  12:00:00,3404137.7673192974,101550.65033407026,0.0,0.0,1636747.978554187,1641283.7778069824
 05/12  13:00:00,2946621.6331545147,87333.15038281266,0.0,0.0,1273026.2055421458,1563753.1966575037
 05/12  14:00:00,3134781.140044683,82270.49376447574,0.0,0.0,1444395.1178266653,1585606.447881489
 05/12  15:00:00,2525585.283571867,84891.3782746361,0.0,0.0,927956.8311461062,1488181.7135270666
 05/12  16:00:00,1770947.689736388,107733.04742915696,0.0,0.0,230357.12290762636,1393978.1984115131
 05/12  17:00:00,2057796.0648494815,130986.50459364045,135000.0,0.0,230357.12290762636,1483693.795372032
 05/12  18:00:00,3603390.0315758074,192856.3527480571,180000.0,0.0,658429.6711448755,2473882.565186645
 05/12  19:00:00,5788348.059503828,130604.67155427588,180000.0,0.0,2146191.615753745,3208774.9690755196
 05/12  20:00:00,5729242.83562162,206449.52730275728,180000.0,0.0,3105624.369564356,2067327.6944381092
 05/12  21:00:00,6184863.818830342,177907.93110162157,180000.0,0.0,3707164.2249304242,1919256.2177018262
 05/12  22:00:00,4329808.987255231,210017.8427352685,180000.0,0.0,2089068.644992239,1676788.6951073152
 05/12  23:00:00,2766391.985584403,270725.5689553126,180000.0,0.0,694801.8484460795,1500134.045114728
 05/12  24:00:00,2271096.6968458053,309603.7381000903,180000.0,0.0,316624.46650663624,1370739.6098468578
 05/13  01:00:00,2096326.5319418283,336255.57050583116,180000.0,0.0,230357.12290762636,1255584.9561361503
 05/13  02:00:00,2089124.0617405092,357278.1004644623,180000.0,0.0,230357.12290762636,1229406.2360282047
 05/13  03:00:00,2080935.6746841301,375268.4335160291,180000.0,0.0,230357.12290762636,1203227.5159202588
 05/13  04:00:00,2090826.0931818672,390542.1877306266,180000.0,0.0,230357.12290762636,1195797.9001513938
 05/13  05:00:00,2100535.7644288205,394798.4972939521,180000.0,0.0,230357.12290762636,1203297.541887026
 05/13  06:00:00,2117417.3325249185,361368.90522616304,180000.0,0.0,230357.12290762636,1255654.9821029177
 05/13  07:00:00,4833517.499876723,258753.29703350842,180000.0,0.0,230357.12290762636,4080509.597803391
 05/13  08:00:00,6095846.421660907,140620.61528448027,180000.0,0.0,1053860.5218041206,4647699.202700133
 05/13  09:00:00,3654277.644223563,141478.61608516323,45000.0,0.0,1823271.9647142089,1583138.661864047
 05/13  10:00:00,3504739.904105544,111929.90276361706,0.0,0.0,1767314.7688662023,1576384.5112276096
 05/13  11:00:00,3407317.940820891,81667.20213966959,0.0,0.0,1692705.1744021936,1600205.083446951
 05/13  12:00:00,3153313.6099723675,66567.69615960751,0.0,0.0,1460715.966615667,1601474.586573036
 05/13  13:00:00,3319213.0684321686,29898.26401010551,0.0,0.0,1622758.6795921857,1644047.044257825
 05/13  14:00:00,3281486.7786724027,5567.844877321584,12385.94071664643,0.0,1618095.5799381852,1622928.3325681963
 05/13  15:00:00,3507468.9557387824,26039.014106153933,171651.5053108,0.0,1622758.6795921857,1662464.3961055856
 05/13  16:00:00,3945132.9442844503,62728.81560655544,411576.30416936765,0.0,1641411.0782081876,1790537.4253122492
 05/13  17:00:00,4604252.392732547,109570.45433128947,713826.7497822033,0.0,1720683.7723261968,1982412.7743166755
 05/13  18:00:00,4703468.118017704,63982.63659812862,415607.1838184139,0.0,1949175.655372223,2176481.199732708
 05/13  19:00:00,5110802.602930855,62971.29913966634,488018.7058381445,0.0,2420148.720426277,2016887.0744064804
 05/13  20:00:00,5555917.844250592,33124.53593172944,180000.0,0.0,3105624.369564356,2067327.6944381092
 05/13  21:00:00,6028356.917454373,21401.029725652537,180000.0,0.0,3707164.2249304242,1919256.2177018262
 05/13  22:00:00,4854121.264510244,57880.24483414783,180000.0,0.0,2709260.89897431,1733046.3162813787
 05/13  23:00:00,2616730.2075687265,121063.79093963616,180000.0,0.0,694801.8484460795,1500134.045114728
 05/13  24:00:00,2146146.3956667334,184653.4369210186,180000.0,0.0,316624.46650663624,1370739.6098468578
 05/14  01:00:00,1998041.08899438,237970.12755838287,180000.0,0.0,230357.12290762636,1255584.9561361503
 05/14  02:00:00,2011959.1157994734,278066.8744714216,180000.0,0.0,230357.12290762636,1229406.2360282047
 05/14  03:00:00,2017501.149328319,309787.62810821296,180000.0,0.0,230357.12290762636,1203227.5159202588
 05/14  04:00:00,2042942.4268094057,338232.6783093705,180000.0,0.0,231639.47531247648,1198941.390795338
 05/14  05:00:00,2033480.3247635514,344113.29804472154,180000.0,0.0,230357.12290762636,1203297.541887026
 05/14  06:00:00,2028972.389887042,291340.48305633006,180000.0,0.0,230357.12290762636,1255654.9821029177
 05/14  07:00:00,2945267.0753837014,209144.3701559552,180000.0,0.0,1049197.42215012,1437351.7613094628
 05/14  08:00:00,1770249.4847663355,156923.08205487556,0.0,0.0,230357.12290762636,1315442.038087675
 05/14  09:00:00,1715335.878272634,115990.69668901418,0.0,0.0,230357.12290762636,1311692.2172198591
 05/14  10:00:00,1659003.1244468072,79365.23894408162,0.0,0.0,230357.12290762636,1304262.6014509937
 05/14  11:00:00,1613551.0735634891,48237.148424796855,0.0,0.0,230357.12290762636,1304262.6014509937
 05/14  12:00:00,1593077.449793195,15293.312404970702,0.0,0.0,230357.12290762636,1322871.65385654
 05/14  13:00:00,1673739.2668579174,12118.34891991227,85883.06060178558,0.0,230357.12290762636,1322871.65385654
 05/14  14:00:00,1922495.294627193,42961.33846031721,303796.09883065626,0.0,230357.12290762636,1322871.65385654
 05/14  15:00:00,2217785.771355208,80753.9293742257,566677.3203616233,0.0,230357.12290762636,1315442.038087675
 05/14  16:00:00,2601102.9669486564,118254.40102569122,819633.9236157341,0.0,230357.12290762636,1393978.1984115131
 05/14  17:00:00,3580909.415069357,133665.6455139421,912287.8436634741,0.0,788530.1514914902,1670713.4124762733
 05/14  18:00:00,4413340.182379311,97296.34309052772,653255.6151454084,0.0,1517838.9373771737,2044681.5642179656
 05/14  19:00:00,4670216.618155844,100823.23687857176,662734.911565469,0.0,1872234.511081214,1901415.7552502775
 05/14  20:00:00,3817606.196566487,16879.208266660004,76206.95043467582,0.0,1669389.676132191,1868918.8770005233
 05/14  21:00:00,3009213.3662127936,13382.433480492833,24505.08894941215,0.0,1099092.5884479256,1657373.8498744592
 05/14  22:00:00,1967042.5303261173,44001.09824005747,0.0,0.0,230357.12290762636,1506472.824445997
 05/14  23:00:00,1871812.9734016934,77103.90135997345,0.0,0.0,230357.12290762636,1435436.305857791
 05/14  24:00:00,1784236.3426371634,114239.70634034488,0.0,0.0,230357.12290762636,1345510.6309969712
 05/15  01:00:00,1814122.6651077718,144051.70367177436,90000.0,0.0,230357.12290762636,1255584.9561361503
 05/15  02:00:00,1905367.2339358313,171474.99260777966,180000.0,0.0,230357.12290762636,1229406.2360282047
 05/15  03:00:00,1906026.0258737814,198312.50465367554,180000.0,0.0,230357.12290762636,1203227.5159202588
 05/15  04:00:00,3853645.9749380164,213911.77326055817,180000.0,0.0,235486.53252702695,3130118.7867582114
 05/15  05:00:00,4917075.576440242,196393.85204979964,180000.0,0.0,329914.30052053777,4135055.061945727
 05/15  06:00:00,5479652.00512789,117161.36313480546,90000.0,0.0,697599.7082384798,4503271.131934436
 05/15  07:00:00,1725332.8240474246,121139.57792064115,0.0,0.0,230357.12290762636,1304262.6014509937
 05/15  08:00:00,1692165.677464832,78839.27475337233,0.0,0.0,230357.12290762636,1315442.038087675
 05/15  09:00:00,1648447.6147910617,49102.433207441914,0.0,0.0,230357.12290762636,1311692.2172198591
 05/15  10:00:00,1605044.3999726705,25406.514469945065,0.0,0.0,230357.12290762636,1304262.6014509937
 05/15  11:00:00,1612116.9260309855,7042.845944872699,39760.15494742064,0.0,230357.12290762636,1304262.6014509937
 05/15  12:00:00,2333098.6943032765,39132.900265204524,285462.5731962796,0.0,581488.5268538665,1402459.3333638683
 05/15  13:00:00,2141904.2986783464,67912.81106471129,498253.63027741585,0.0,230357.12290762636,1322871.65385654
 05/15  14:00:00,2463321.3525681784,106175.11072812007,781408.3845038393,0.0,230357.12290762636,1322871.65385654
 05/15  15:00:00,2674000.8837591214,131786.59875920071,971859.763380562,0.0,230357.12290762636,1315442.038087675
 05/15  16:00:00,5824806.70295176,212761.31734647028,1553063.355945331,0.0,583820.0766808668,3436282.631991
 05/15  17:00:00,5274774.991109873,242811.65383999512,1750882.1457590319,0.0,1347635.800006154,1857733.0295805149
 05/15  18:00:00,6130147.933882834,235282.24549820364,1668941.1107314648,0.0,1949175.655372223,2176481.199732708
 05/15  19:00:00,6344637.585222228,224561.74197639368,1550031.8450327662,0.0,2420148.720426277,2016887.0744064804
 05/15  20:00:00,6525703.542318007,150496.1920140934,1016043.8015690125,0.0,3105624.369564356,2067327.6944381092
 05/15  21:00:00,6313138.975744617,124148.91450738296,826191.3171845918,0.0,3272330.1821948746,1875609.1563972651
 05/15  22:00:00,3736917.9253330235,60241.344563332386,401057.631093835,0.0,1468876.391010168,1620531.0739332517
 05/15  23:00:00,2244912.111866417,9409.15410680836,43937.03712134638,0.0,578690.6670614663,1483959.610300494
 05/15  24:00:00,1700428.457815019,30431.821518200282,0.0,0.0,230357.12290762636,1345510.6309969712
 05/16  01:00:00,1638425.2720049298,58354.310568932386,0.0,0.0,230357.12290762636,1255584.9561361503
 05/16  02:00:00,1640198.9489037544,86306.70757570249,0.0,0.0,230357.12290762636,1229406.2360282047
 05/16  03:00:00,1637073.5696832528,109360.04846314678,0.0,0.0,230357.12290762636,1203227.5159202588
 05/16  04:00:00,1647996.7006807555,127712.79522951481,0.0,0.0,230357.12290762636,1195797.9001513938
 05/16  05:00:00,1706488.2337149866,140852.13810270006,0.0,0.0,280135.71171408205,1209788.021974027
 05/16  06:00:00,2730463.9756884463,130089.89063207881,0.0,0.0,1163443.363673133,1365310.919563067
 05/16  07:00:00,1738479.9037995357,134286.65767275234,0.0,0.0,230357.12290762636,1304262.6014509937
 05/16  08:00:00,1740551.1328129445,127224.73010148447,0.0,0.0,230357.12290762636,1315442.038087675
 05/16  09:00:00,1713474.0279919174,114128.84640829741,0.0,0.0,230357.12290762636,1311692.2172198591
 05/16  10:00:00,1679766.809437655,100128.92393492935,0.0,0.0,230357.12290762636,1304262.6014509937
 05/16  11:00:00,1648396.4969775085,83082.57183881653,0.0,0.0,230357.12290762636,1304262.6014509937
 05/16  12:00:00,1629308.16972448,51524.03233625569,0.0,0.0,230357.12290762636,1322871.65385654
 05/16  13:00:00,1596658.0840081149,20920.22667189553,0.0,0.0,230357.12290762636,1322871.65385654
 05/16  14:00:00,1590125.342675798,5802.008749761021,8585.47658981747,0.0,230357.12290762636,1322871.65385654
 05/16  15:00:00,1827209.4840287264,29886.25001746713,226968.71239190016,0.0,230357.12290762636,1315442.038087675
 05/16  16:00:00,2854684.2927318774,85746.09705732585,653120.7928688967,0.0,583820.0766808668,1493118.005136697
 05/16  17:00:00,4527111.305926259,144294.52582013275,1101735.58859528,0.0,1347635.800006154,1857733.0295805149
 05/16  18:00:00,5718010.017336518,173899.13536019097,1318186.3043231615,0.0,1949175.655372223,2176481.199732708
 05/16  19:00:00,6038297.976665096,173639.02894283415,1294614.9495091932,0.0,2420148.720426277,2016887.0744064804
 05/16  20:00:00,6624645.626855617,152255.39951474423,1113226.678605972,0.0,3105624.369564356,2067327.6944381092
 05/16  21:00:00,7023427.913035635,144286.47080427117,1037861.5941386101,0.0,3707164.2249304242,1919256.2177018262
 05/16  22:00:00,5442940.971299114,100546.56520608679,713875.7061049019,0.0,2709260.89897431,1733046.3162813787
 05/16  23:00:00,2659236.8455952588,26555.376483921213,177243.7810234802,0.0,810213.5648825928,1516308.479928962
 05/16  24:00:00,1869393.7783490978,32152.658378934655,0.0,0.0,359758.13830614125,1383354.0992718013
 05/17  01:00:00,1799402.343719001,84331.38228300335,135000.0,0.0,230357.12290762636,1255584.9561361503
 05/17  02:00:00,1870166.5816247237,136274.34029667202,180000.0,0.0,230357.12290762636,1229406.2360282047
 05/17  03:00:00,1890596.3741978817,182882.8529777755,180000.0,0.0,230357.12290762636,1203227.5159202588
 05/17  04:00:00,1920595.2276713995,220311.32222015894,180000.0,0.0,230357.12290762636,1195797.9001513938
 05/17  05:00:00,1934262.4007551798,244895.37403635003,180000.0,0.0,230357.12290762636,1203297.541887026
 05/17  06:00:00,3207706.7172347996,254008.57910622313,180000.0,0.0,1318491.4271686508,1383586.9091397584
 05/17  07:00:00,3919700.7210783157,235928.0177600049,180000.0,0.0,1865239.8616002135,1568959.319949934
 05/17  08:00:00,3704960.0388918575,225033.03707105885,180000.0,0.0,1672887.0008726914,1559512.7592319492
 05/17  09:00:00,2942738.2585525024,232145.05367429787,180000.0,0.0,1025881.9238801175,1447415.439541953
 05/17  10:00:00,2232463.7442337526,246931.74498696937,180000.0,0.0,422243.67366974836,1338270.1644329294
 05/17  11:00:00,2006930.7566034393,261616.83146474732,180000.0,0.0,230357.12290762636,1304262.6014509937
 05/17  12:00:00,2863301.224876371,244078.92058101034,180000.0,0.0,932619.9308001067,1482047.0128711963
 05/17  13:00:00,2828804.9482660703,219542.78714472923,180000.0,0.0,923293.7314921056,1483459.3490571824
 05/17  14:00:00,3644030.0581184616,190476.70821914007,180000.0,0.0,923293.7314921056,2327750.537835163
 05/17  15:00:00,4314856.97848665,167762.58555071763,180000.0,0.0,753556.9040864862,3188982.1282253875
 05/17  16:00:00,2926329.106500803,177908.94319672367,180000.0,0.0,937283.0304541073,1592257.811861881
 05/17  17:00:00,7711064.651978277,114790.34823072118,180000.0,0.0,1534159.7861661753,5806402.155657204
 05/17  18:00:00,4607402.698345919,201478.12069275283,180000.0,0.0,1949175.655372223,2176481.199732708
 05/17  19:00:00,4926684.598237487,176640.60002441876,180000.0,0.0,2420148.720426277,2016887.0744064804
 05/17  20:00:00,5773511.9649715405,234348.41623664036,180000.0,0.0,3105624.369564356,2067327.6944381092
 05/17  21:00:00,6210409.558607682,189129.71051492885,180000.0,0.0,3707164.2249304242,1919256.2177018262
 05/17  22:00:00,3679216.205347467,223597.25567161085,180000.0,0.0,1468876.391010168,1620531.0739332517
 05/17  23:00:00,2509498.008897666,270217.7044582512,180000.0,0.0,462579.485676853,1467785.1754862596
 05/17  24:00:00,2151991.878539052,301995.2422422333,180000.0,0.0,230357.12290762636,1345510.6309969712
 05/18  01:00:00,2082010.054743046,321939.09330704855,180000.0,0.0,230357.12290762636,1255584.9561361503
 05/18  02:00:00,2067686.5933637815,333794.35203572985,180000.0,0.0,230357.12290762636,1229406.2360282047
 05/18  03:00:00,2050369.1246762825,342655.60345617647,180000.0,0.0,230357.12290762636,1203227.5159202588
 05/18  04:00:00,2049239.9336771546,348956.0282259137,180000.0,0.0,230357.12290762636,1195797.9001513938
 05/18  05:00:00,2156952.0039663883,355046.8394606449,180000.0,0.0,329914.30052053777,1216278.502061028
 05/18  06:00:00,2775292.5349140973,341566.5560021486,180000.0,0.0,853347.2366820975,1328758.9404096839
 05/18  07:00:00,2119771.8631279212,335578.6170011381,180000.0,0.0,230357.12290762636,1304262.6014509937
 05/18  08:00:00,2106408.9763314463,313082.5736199864,180000.0,0.0,230357.12290762636,1315442.038087675
 05/18  09:00:00,1967316.186539067,277971.0049554468,90000.0,0.0,230357.12290762636,1311692.2172198591
 05/18  10:00:00,1815191.8827399374,235553.99723721165,0.0,0.0,230357.12290762636,1304262.6014509937
 05/18  11:00:00,1755988.3726662206,190674.4475275284,0.0,0.0,230357.12290762636,1304262.6014509937
 05/18  12:00:00,1731137.4394678853,153353.30207966105,0.0,0.0,230357.12290762636,1322871.65385654
 05/18  13:00:00,1910830.6856528637,121711.75237036384,0.0,0.0,403591.2750537462,1363018.5776567007
 05/18  14:00:00,2077567.9467426823,79977.21513180982,0.0,0.0,576825.427199866,1398256.2238389538
 05/18  15:00:00,1628373.5702878938,58019.048668534786,0.0,0.0,230357.12290762636,1315442.038087675
 05/18  16:00:00,1714697.0029304535,51482.36062322273,0.0,0.0,230357.12290762636,1393978.1984115131
 05/18  17:00:00,4768350.903076057,25529.861789093615,16302.939978017292,0.0,974587.8276861114,3676217.9116986576
 05/18  18:00:00,4267565.5641783755,41640.98652521002,0.0,0.0,1949175.655372223,2176481.199732708
 05/18  19:00:00,4605967.095296515,35923.09708344689,0.0,0.0,2420148.720426277,2016887.0744064804
 05/18  20:00:00,5550272.169470162,101108.62073526118,90000.0,0.0,3105624.369564356,2067327.6944381092
 05/18  21:00:00,4225213.297472773,117857.86554046226,180000.0,0.0,1967828.053988225,1744667.9724835816
 05/18  22:00:00,2275139.344838986,172097.91275292594,180000.0,0.0,230357.12290762636,1506472.824445997
 05/18  23:00:00,2192488.1319792597,217779.05993754,180000.0,0.0,230357.12290762636,1435436.305857791
 05/18  24:00:00,2108201.253778168,258204.61748134944,180000.0,0.0,230357.12290762636,1345510.6309969712
 05/19  01:00:00,2076225.7831991084,295233.20135836356,180000.0,0.0,244696.15434367798,1262167.545104846
 05/19  02:00:00,2045717.5105784116,313871.54930236476,180000.0,0.0,230357.12290762636,1229406.2360282047
 05/19  03:00:00,2027426.1113775347,321758.87020943366,180000.0,0.0,230357.12290762636,1203227.5159202588
 05/19  04:00:00,2016246.5506149349,315962.6451636942,180000.0,0.0,230357.12290762636,1195797.9001513938
 05/19  05:00:00,2007561.81848149,301824.55134662153,180000.0,0.0,230357.12290762636,1203297.541887026
 05/19  06:00:00,1947636.7559397668,281588.3286410115,90000.0,0.0,230357.12290762636,1255654.9821029177
 05/19  07:00:00,4611445.563427154,216681.36058393956,0.0,0.0,230357.12290762636,4080509.597803391
 05/19  08:00:00,3850433.97763732,157914.09500612778,0.0,0.0,1053860.5218041206,2564993.278954899
 05/19  09:00:00,4610579.355557146,132728.96372062754,0.0,0.0,1025881.9238801175,3390580.0663962564
 05/19  10:00:00,3271939.436153731,105505.21000154428,0.0,0.0,1574961.9081386803,1542361.5967653915
 05/19  11:00:00,3383908.009987058,58257.27130583607,0.0,0.0,1692705.1744021936,1600205.083446951
 05/19  12:00:00,3328828.897697801,26241.780712573855,0.0,0.0,1636747.978554187,1641283.7778069824
 05/19  13:00:00,3307545.9190193717,6654.869686094827,11576.244911213707,0.0,1622758.6795921857,1644047.044257825
 05/19  14:00:00,3431903.4336602204,20113.883361639382,148256.55722014664,0.0,1618095.5799381852,1622928.3325681963
 05/19  15:00:00,3643258.8584103454,40140.47366677523,293339.94842174184,0.0,1622758.6795921857,1662464.3961055856
 05/19  16:00:00,4070935.164132539,73238.0850008198,526869.2546231912,0.0,1641411.0782081876,1790537.4253122492
 05/19  17:00:00,3985376.2139468263,86907.17330982407,615341.5690741512,0.0,1347635.8000061542,1857733.0295805146
 05/19  18:00:00,4285440.40648538,42863.95722850629,300266.32841060765,0.0,1733507.2963746982,2110581.381975337
 05/19  19:00:00,4889271.708063234,41570.59252638613,287888.5175838021,0.0,2420148.720426277,2016887.0744064804
 05/19  20:00:00,5374631.607453625,31838.299134762274,0.0,0.0,3105624.369564356,2067327.6944381092
 05/19  21:00:00,5985780.989683769,23825.10195504847,135000.0,0.0,3707164.2249304242,1919256.2177018262
 05/19  22:00:00,4851654.218335228,55413.19865913113,180000.0,0.0,2709260.89897431,1733046.3162813787
 05/19  23:00:00,2994951.072088556,104526.20170722312,180000.0,0.0,1041036.9977556192,1548657.3495574305
 05/19  24:00:00,2014990.6251796947,164993.98888287612,180000.0,0.0,230357.12290762636,1345510.6309969712
 05/20  01:00:00,1972745.5356331635,212674.5741971663,180000.0,0.0,230357.12290762636,1255584.9561361503
 05/20  02:00:00,1982588.153582622,250742.19230657496,180000.0,0.0,230357.12290762636,1229406.2360282047
 05/20  03:00:00,1987511.9217740358,281844.6806059348,180000.0,0.0,230357.12290762636,1203227.5159202588
 05/20  04:00:00,2009701.0288353406,309417.12338409986,180000.0,0.0,230357.12290762636,1195797.9001513938
 05/20  05:00:00,2031122.8514411417,325385.5843062732,180000.0,0.0,230357.12290762636,1203297.541887026
 05/20  06:00:00,2052829.4628844168,296781.0355856614,180000.0,0.0,230357.12290762636,1255654.9821029177
 05/20  07:00:00,2095588.4699339592,297071.26344314235,180000.0,0.0,230357.12290762636,1304262.6014509937
 05/20  08:00:00,2086345.5242420095,286880.2813745353,180000.0,0.0,230357.12290762636,1315442.038087675
 05/20  09:00:00,2965124.4226455647,250438.65766335055,180000.0,0.0,1025881.9238801175,1447415.439541953
 05/20  10:00:00,2750007.8024702747,217700.90188730884,45000.0,0.0,997903.3259561141,1440292.8533787369
 05/20  11:00:00,3504291.3877790933,178640.64909787156,0.0,0.0,1692705.1744021936,1600205.083446951
 05/20  12:00:00,3449007.5282138437,146420.41122861684,0.0,0.0,1636747.978554187,1641283.7778069824
 05/20  13:00:00,9931868.21061381,168023.94131987283,0.0,0.0,403591.27505374624,9337743.913668137
 05/20  14:00:00,10401219.876615213,166995.99293180875,0.0,0.0,923293.7314921056,9288421.071619242
 05/20  15:00:00,2522470.197744976,81776.29244774528,0.0,0.0,927956.8311461062,1488181.7135270666
 05/20  16:00:00,4137606.40196939,38270.748748178485,0.0,0.0,1465379.0662696676,2595077.265963453
 05/20  17:00:00,3974342.7042384637,15725.925146538153,0.0,0.0,1720683.7723261968,2160174.364789547
 05/20  18:00:00,3729081.4385364596,68339.49444508989,0.0,0.0,1517838.9373771735,2044681.5642179656
 05/20  19:00:00,3473538.8250769023,60497.28412638877,180000.0,0.0,1324320.3017361513,1785944.4360940745
 05/20  20:00:00,4029421.575622856,141271.77817374395,180000.0,0.0,1669389.676132191,1868918.8770005233
 05/20  21:00:00,4217777.077063739,124745.6054954617,180000.0,0.0,1967828.053988225,1744667.9724835816
 05/20  22:00:00,3596988.7359938077,153647.4666299802,180000.0,0.0,1468876.391010168,1620531.0739332517
 05/20  23:00:00,2694263.3296300303,198596.91300093976,180000.0,0.0,694801.8484460795,1500134.045114728
 05/20  24:00:00,2202424.8887348305,240931.92998911566,180000.0,0.0,316624.46650663624,1370739.6098468578
 05/21  01:00:00,2035439.0490158345,275368.0875798372,180000.0,0.0,230357.12290762636,1255584.9561361503
 05/21  02:00:00,2034915.7054502494,301023.4641221975,180000.0,0.0,230357.12290762636,1229406.2360282047
 05/21  03:00:00,2028853.3542945557,321139.8330744497,180000.0,0.0,230357.12290762636,1203227.5159202588
 05/21  04:00:00,2038071.4550944988,337787.5496432581,180000.0,0.0,230357.12290762636,1195797.9001513938
 05/21  05:00:00,2039626.363389801,350259.33667097136,180000.0,0.0,230357.12290762636,1203297.541887026
 05/21  06:00:00,2603091.5839727316,343389.1230810921,180000.0,0.0,697599.7082384798,1310482.9508329923
 05/21  07:00:00,2579546.4189816834,319388.4433044187,180000.0,0.0,639777.272528873,1370807.1813802281
 05/21  08:00:00,2324535.809333312,290466.311019975,180000.0,0.0,436232.97263175,1350309.2839654286
 05/21  09:00:00,2057104.0689189918,277758.8873353718,180000.0,0.0,230357.12290762636,1311692.2172198591
 05/21  10:00:00,2015711.2958776362,256073.41037491054,180000.0,0.0,230357.12290762636,1304262.6014509937
 05/21  11:00:00,1987370.846362193,242056.92122350086,180000.0,0.0,230357.12290762636,1304262.6014509937
 05/21  12:00:00,1891069.1236515362,223284.98626331188,90000.0,0.0,230357.12290762636,1322871.65385654
 05/21  13:00:00,1916897.6163123765,206159.75897615714,135000.0,0.0,230357.12290762636,1322871.65385654
 05/21  14:00:00,1944029.7409595447,188291.88362332506,180000.0,0.0,230357.12290762636,1322871.65385654
 05/21  15:00:00,2150307.5607893267,182368.1932504997,180000.0,0.0,404757.04996724636,1358626.956947523
 05/21  16:00:00,2472943.3384802477,177125.93567459265,180000.0,0.0,583820.0766808669,1493118.005136697
 05/21  17:00:00,2164015.2012433936,194251.92103955738,180000.0,0.0,230357.12290762636,1483693.795372032
 05/21  18:00:00,2684753.314497431,246020.92040533337,180000.0,0.0,444393.3970262509,1714071.274517611
 05/21  19:00:00,3630473.05715885,207200.11594831303,180000.0,0.0,1324320.3017361513,1785944.4360940745
 05/21  20:00:00,4155302.2984739067,250782.26060875563,180000.0,0.0,1669389.676132191,1868918.8770005233
 05/21  21:00:00,2438583.6508983374,243287.39526487034,180000.0,0.0,230357.12290762636,1570079.727265337
 05/21  22:00:00,2368664.847034152,265623.4149480925,180000.0,0.0,230357.12290762636,1506472.824445997
 05/21  23:00:00,2261715.747740661,287006.67569894093,180000.0,0.0,230357.12290762636,1435436.305857791
 05/21  24:00:00,2151315.3472077474,301318.71091092937,180000.0,0.0,230357.12290762636,1345510.6309969712
 05/22  01:00:00,2068913.7261749583,308842.7647389609,180000.0,0.0,230357.12290762636,1255584.9561361503
 05/22  02:00:00,2043729.3671526432,309837.1258245913,180000.0,0.0,230357.12290762636,1229406.2360282047
 05/22  03:00:00,2016912.108425889,309198.58720578306,180000.0,0.0,230357.12290762636,1203227.5159202588
 05/22  04:00:00,2024642.148597628,315506.5570487989,180000.0,0.0,232921.82771732664,1202084.8814392819
 05/22  05:00:00,2055911.2447195218,310275.1491072355,180000.0,0.0,280135.71171408205,1209788.0219740272
 05/22  06:00:00,2698404.8344650553,264678.8555531064,180000.0,0.0,853347.2366820975,1328758.9404096839
 05/22  07:00:00,2522450.5349182235,262292.5592409589,180000.0,0.0,639777.2725288732,1370807.1813802281
 05/22  08:00:00,1922823.0199381048,264496.6172266448,45000.0,0.0,230357.12290762636,1315442.038087675
 05/22  09:00:00,1835364.9045457635,236019.72296214357,0.0,0.0,230357.12290762636,1311692.2172198591
 05/22  10:00:00,1773671.5246863833,194033.63918365762,0.0,0.0,230357.12290762636,1304262.6014509937
 05/22  11:00:00,1710731.2582105936,145417.33307190152,0.0,0.0,230357.12290762636,1304262.6014509937
 05/22  12:00:00,1682947.5552462146,105163.41785799035,0.0,0.0,230357.12290762636,1322871.65385654
 05/22  13:00:00,2268265.874886038,52384.78971097738,0.0,0.0,750059.5793459858,1443312.4252570218
 05/22  14:00:00,1592572.3019726584,16834.444636438915,0.0,0.0,230357.12290762636,1322871.65385654
 05/22  15:00:00,2029674.4690934857,28072.291564914947,213662.80998974395,0.0,404757.04996724636,1358626.956947523
 05/22  16:00:00,6405198.125067083,121225.30380546978,918278.2870894349,0.0,937283.0304541073,4389532.18272998
 05/22  17:00:00,6668947.15980078,193215.67794459005,1450664.956787175,0.0,1347635.800006154,3601718.3631386836
 05/22  18:00:00,8104211.383483695,231143.78245581433,1703978.3965204116,0.0,1949175.655372223,4119645.826587011
 05/22  19:00:00,6044295.759184169,178155.03936468437,1296096.721606416,0.0,2420148.720426277,2016887.0744064804
 05/22  20:00:00,6502871.545945918,139525.68736110887,1004182.3098499086,0.0,3105624.369564356,2067327.6944381092
 05/22  21:00:00,6454296.300593314,134081.93887157738,957415.6176690937,0.0,3272330.1821948746,1875609.1563972651
 05/22  22:00:00,3899057.0123355305,76781.85659354253,546656.2060661315,0.0,1468876.391010168,1620531.0739332517
 05/22  23:00:00,2618688.1191606093,36441.02902878609,258395.55329471317,0.0,694801.8484460795,1500134.045114728
 05/22  24:00:00,1937418.0253558666,6054.5262042902295,38374.217956964974,0.0,402891.81010564615,1395968.5886967445
 05/23  01:00:00,1598392.0258269266,18321.064390929103,0.0,0.0,230357.12290762636,1255584.9561361503
 05/23  02:00:00,1592854.418053866,38962.176725814104,0.0,0.0,230357.12290762636,1229406.2360282047
 05/23  03:00:00,1588729.5502473456,61016.02902723969,0.0,0.0,230357.12290762636,1203227.5159202588
 05/23  04:00:00,1607509.5728717304,87225.66742048954,0.0,0.0,230357.12290762636,1195797.9001513938
 05/23  05:00:00,1839226.4098679998,104783.1075753435,0.0,0.0,429471.47813344916,1229259.4622350298
 05/23  06:00:00,2845075.651140562,71377.51301198543,0.0,0.0,1318491.4271686508,1383586.9091397584
 05/23  07:00:00,3055253.353860408,25305.649587379612,0.0,0.0,1457218.6418751667,1503155.5406296984
 05/23  08:00:00,2586211.0286092795,9912.243490312107,0.0,0.0,1053860.5218041206,1454911.021598689
 05/23  09:00:00,2538601.1230068924,8007.918128687959,0.0,0.0,1025881.9238801175,1447415.439541953
 05/23  10:00:00,2260433.5055696433,3113.2788347446203,0.0,0.0,806016.7751939922,1406285.290396801
 05/23  11:00:00,1566164.9760969703,851.0509582781398,0.0,0.0,230357.12290762636,1304262.6014509937
 05/23  12:00:00,1697760.587581298,14371.131471996545,105605.31872107735,0.0,230357.12290762636,1322871.65385654
 05/23  13:00:00,1847230.408494914,32414.049447269288,239078.50171142537,0.0,230357.12290762636,1322871.65385654
 05/23  14:00:00,2063864.6106461715,58303.070719704214,429823.68259024783,0.0,230357.12290762636,1322871.65385654
 05/23  15:00:00,2370839.5668036863,96010.40389607666,704474.6412882506,0.0,230357.12290762636,1315442.038087675
 05/23  16:00:00,2842429.8804227887,142418.2952366429,1036796.9428789148,0.0,230357.12290762636,1393978.1984115131
 05/23  17:00:00,3883479.0689434577,194757.08720084574,1402163.6044133727,0.0,602472.475296869,1608373.540108193
 05/23  18:00:00,4913010.209310498,188596.6229495882,1343193.538972432,0.0,1302170.5783796492,1978781.7464605942
 05/23  19:00:00,8211953.251090421,215776.31593183352,1504386.0129144785,0.0,2420148.720426277,3938633.9984375197
 05/23  20:00:00,6667195.345402686,131298.6551889017,909045.8656553961,0.0,2746565.6962063145,2694073.643619637
 05/23  21:00:00,4589687.505662572,83820.59875342346,578511.4749768376,0.0,1967828.053988225,1744667.9724835816
 05/23  22:00:00,3547441.96528726,34376.428656971126,237446.58695443277,0.0,1468876.391010168,1620531.0739332517
 05/23  23:00:00,2208202.9638593933,16637.043221130752,0.0,0.0,578690.6670614663,1483959.610300494
 05/23  24:00:00,1724610.644219641,54614.00792282238,0.0,0.0,230357.12290762636,1345510.6309969712
 05/24  01:00:00,1670035.688414161,89964.72697816356,0.0,0.0,230357.12290762636,1255584.9561361503
 05/24  02:00:00,1766280.5175214245,122388.27619337276,90000.0,0.0,230357.12290762636,1229406.2360282047
 05/24  03:00:00,1858654.5537846992,150941.03256459316,180000.0,0.0,230357.12290762636,1203227.5159202588
 05/24  04:00:00,1876421.0540159047,176137.14856466383,180000.0,0.0,230357.12290762636,1195797.9001513938
 05/24  05:00:00,1942930.8031054707,197294.7074931843,180000.0,0.0,280135.71171408205,1209788.021974027
 05/24  06:00:00,3321116.5606540926,194094.36945330637,180000.0,0.0,1473539.4906641685,1401862.89871645
 05/24  07:00:00,3161667.3945910595,188632.18984067193,180000.0,0.0,1253208.0320126433,1470253.6509695805
 05/24  08:00:00,2895930.706351407,184631.9212324394,135000.0,0.0,1053860.5218041206,1454911.021598689
 05/24  09:00:00,2705967.0566509166,175373.8517727121,0.0,0.0,1025881.9238801175,1447415.439541953
 05/24  10:00:00,2640309.819342205,157095.4788632488,0.0,0.0,997903.3259561141,1440292.8533787369
 05/24  11:00:00,2162656.6612649336,157850.66093422886,0.0,0.0,595477.8258158681,1378633.973734765
 05/24  12:00:00,1737292.9875179986,159508.8501297743,0.0,0.0,230357.12290762636,1322871.65385654
 05/24  13:00:00,1704787.2035847548,129049.34624853531,0.0,0.0,230357.12290762636,1322871.65385654
 05/24  14:00:00,1677830.237317273,102092.37998105359,0.0,0.0,230357.12290762636,1322871.65385654
 05/24  15:00:00,1648916.6584973545,78562.13687799545,0.0,0.0,230357.12290762636,1315442.038087675
 05/24  16:00:00,4077175.6197984633,18193.590138504755,0.0,0.0,583820.0766808668,3436282.631991
 05/24  17:00:00,2799434.5609516026,16081.086496959953,0.0,0.0,974587.8276861114,1733053.2848443538
 05/24  18:00:00,3158974.2256545355,59322.35502095261,0.0,0.0,1086502.2193821245,1912881.9287032231
 05/24  19:00:00,4269640.920999115,31289.687036679297,0.0,0.0,2146191.615753745,1959151.414828379
 05/24  20:00:00,5029425.4169229735,78922.74590551015,0.0,0.0,2746565.6962063145,2017725.4900787128
 05/24  21:00:00,3989082.478369752,61727.04643744128,0.0,0.0,1967828.053988225,1744667.9724835816
 05/24  22:00:00,2671471.534569626,72141.34368866851,0.0,0.0,849616.7569588972,1563501.9491896243
 05/24  23:00:00,2403619.006313311,79767.46947620109,0.0,0.0,694801.8484460795,1500134.045114728
 05/24  24:00:00,1752859.7630343265,82863.12673750782,0.0,0.0,230357.12290762636,1345510.6309969712
 05/25  01:00:00,1662891.5839864407,82820.62255044324,0.0,0.0,230357.12290762636,1255584.9561361503
 05/25  02:00:00,1633575.5331579512,79683.29182989924,0.0,0.0,230357.12290762636,1229406.2360282047
 05/25  03:00:00,1606624.6643293258,78911.14310921989,0.0,0.0,230357.12290762636,1203227.5159202588
 05/25  04:00:00,1599235.1797741875,78951.27432294683,0.0,0.0,230357.12290762636,1195797.9001513938
 05/25  05:00:00,2606155.283106411,65907.2610632766,0.0,0.0,529494.9657117606,1935040.6944071962
 05/25  06:00:00,3702711.9511876726,26038.364956374488,0.0,0.0,1008395.3001776153,2596658.4842335163
 05/25  07:00:00,2345510.1026109504,27369.76215844483,0.0,0.0,844487.3473394965,1404079.4713448456
 05/25  08:00:00,1633429.3907215882,20102.98801012841,0.0,0.0,230357.12290762636,1315442.038087675
 05/25  09:00:00,1624159.6003027859,24814.418719166108,0.0,0.0,230357.12290762636,1311692.2172198591
 05/25  10:00:00,1601482.0515325044,21844.166029778753,0.0,0.0,230357.12290762636,1304262.6014509937
 05/25  11:00:00,1588304.9987152447,6151.600002024445,16839.47357452821,0.0,230357.12290762636,1304262.6014509937
 05/25  12:00:00,1733999.581440591,18122.35224282197,138093.09180954483,0.0,230357.12290762636,1322871.65385654
 05/25  13:00:00,1925565.3353109916,40181.29393851441,309646.18403625785,0.0,230357.12290762636,1322871.65385654
 05/25  14:00:00,2282039.884134122,80444.51044780464,625857.5163500983,0.0,230357.12290762636,1322871.65385654
 05/25  15:00:00,2788906.722845672,138756.9218238615,1079795.2794024516,0.0,230357.12290762636,1315442.038087675
 05/25  16:00:00,3717191.505947203,209568.86866605357,1618106.6147247066,0.0,407088.5997942466,1443548.101774105
 05/25  17:00:00,6578150.564926263,326347.76610402024,2472993.8902551928,0.0,1720683.7723261968,1982412.7743166755
 05/25  18:00:00,7146695.786990052,345319.953123552,2575451.2562133335,0.0,1949175.655372223,2176481.199732708
 05/25  19:00:00,6331862.064239869,290287.79117700615,2134915.8033510596,0.0,1872234.511081214,1901415.7552502775
 05/25  20:00:00,7334776.193875188,239182.84718641537,1736429.7979538715,0.0,3105624.369564356,2067327.6944381092
 05/25  21:00:00,7732019.482428555,230973.24492596806,1659766.3894098336,0.0,3707164.2249304242,1919256.2177018262
 05/25  22:00:00,5304552.923394978,165593.76129898522,1186890.3372640016,0.0,2089068.644992239,1676788.6951073152
 05/25  23:00:00,2418167.443135443,76282.11925041441,547176.251843309,0.0,230357.12290762636,1435436.305857791
 05/25  24:00:00,1869621.9010363086,24443.307609528372,175181.95712996178,0.0,230357.12290762636,1345510.6309969712
 05/26  01:00:00,1592916.3805540917,9906.966193466207,2938.452924628234,0.0,230357.12290762636,1255584.9561361503
 05/26  02:00:00,1584924.597479083,33078.636203036,0.0,0.0,230357.12290762636,1229406.2360282047
 05/26  03:00:00,1586519.056392928,60851.81522482673,0.0,0.0,230357.12290762636,1203227.5159202588
 05/26  04:00:00,1606477.9724432253,86194.06699198438,0.0,0.0,230357.12290762636,1195797.9001513938
 05/26  05:00:00,1630597.0948118898,104859.82767702168,0.0,0.0,230357.12290762636,1203297.541887026
 05/26  06:00:00,1691172.801000157,115124.37370140178,0.0,0.0,230357.12290762636,1255654.9821029177
 05/26  07:00:00,1729086.281140622,110569.07464980506,0.0,0.0,230357.12290762636,1304262.6014509937
 05/26  08:00:00,2201177.785644582,100226.3515733538,0.0,0.0,642108.8223558734,1385176.529843182
 05/26  09:00:00,3528450.8312954213,60651.803157021954,0.0,0.0,1823271.9647142089,1583138.661864047
 05/26  10:00:00,3423095.53502208,30285.533680152897,0.0,0.0,1767314.7688662023,1576384.5112276096
 05/26  11:00:00,3391469.036750392,10396.04265033493,55422.25541883586,0.0,1692705.1744021936,1600205.083446951
 05/26  12:00:00,2568319.2529400405,15381.787514240541,113715.1611304395,0.0,932619.9308001067,1482047.0128711963
 05/26  13:00:00,2909975.7265281565,31461.380620761054,234239.0239608733,0.0,1098159.9685171256,1523606.272857343
 05/26  14:00:00,4057047.857174974,94305.59953756319,699209.2645589764,0.0,1618095.5799381852,1622928.3325681963
 05/26  15:00:00,3676913.1959730075,147881.2650427778,1088338.025632999,0.0,927956.8311461062,1488181.7135270666
 05/26  16:00:00,4313875.266100585,211128.96101804302,1534326.141778463,0.0,937283.0304541073,1592257.811861881
 05/26  17:00:00,5631445.930778202,288666.9751436805,2059651.4840716692,0.0,1347635.800006154,1857733.0295805149
 05/26  18:00:00,8597310.43272119,303083.57755330985,2127183.930712417,0.0,1949175.655372223,4119645.826587011
 05/26  19:00:00,6650034.649035685,263780.4136342923,1826441.637448347,0.0,2420148.720426277,2016887.0744064804
 05/26  20:00:00,6478451.033972252,143257.61102402466,992400.1146293648,0.0,3105624.369564356,2067327.6944381092
 05/26  21:00:00,6850841.941655596,129464.4529299001,894421.6009969753,0.0,3707164.2249304242,1919256.2177018262
 05/26  22:00:00,5140445.435134424,66016.188212695,458188.2272456323,0.0,2709260.89897431,1733046.3162813787
 05/26  23:00:00,2494611.642135267,14519.372403391422,33539.16680013766,0.0,809514.0999344927,1516308.479928962
 05/26  24:00:00,1718567.7024521967,48571.06615537815,0.0,0.0,230357.12290762636,1345510.6309969712
 05/27  01:00:00,1660530.883595629,80459.92215963158,0.0,0.0,230357.12290762636,1255584.9561361503
 05/27  02:00:00,1753547.6858549549,111701.72457890812,90000.0,0.0,230357.12290762636,1229406.2360282047
 05/27  03:00:00,1850143.8502988403,141659.79586964843,180000.0,0.0,230357.12290762636,1206044.3291813494
 05/27  04:00:00,1868550.7852962455,168266.8798450046,180000.0,0.0,230357.12290762636,1195797.9001513938
 05/27  05:00:00,1892313.4398646876,186576.17272981958,180000.0,0.0,230357.12290762636,1203297.541887026
 05/27  06:00:00,1946064.5494149118,190016.12211615674,180000.0,0.0,230357.12290762636,1255654.9821029177
 05/27  07:00:00,1867635.3452201833,159118.1387293665,90000.0,0.0,230357.12290762636,1304262.6014509937
 05/27  08:00:00,2207443.165064554,106491.73099332645,0.0,0.0,642108.8223558734,1385176.529843182
 05/27  09:00:00,2602990.495084848,68304.7301026335,0.0,0.0,1025881.9238801175,1447415.439541953
 05/27  10:00:00,2982886.590409343,42828.13944689626,0.0,0.0,1382609.0474111582,1508338.6823031732
 05/27  11:00:00,3342519.7075420665,16868.968860845358,0.0,0.0,1692705.1744021936,1600205.083446951
 05/27  12:00:00,3307403.093849982,4815.976864755511,0.0,0.0,1636747.978554187,1641283.7778069824
 05/27  13:00:00,3323173.499800968,4187.356481642961,29671.33889726185,0.0,1622758.6795921857,1644047.044257825
 05/27  14:00:00,3282322.19710508,2329.710020697641,16459.49400594785,0.0,1618095.5799381852,1622928.3325681963
 05/27  15:00:00,2462705.3242808534,22011.418983622938,0.0,0.0,927956.8311461062,1488181.7135270666
 05/27  16:00:00,3283752.871273039,38526.96206562292,0.0,0.0,1465379.0662696676,1740967.521949657
 05/27  17:00:00,3577519.8679436618,45528.53785270848,0.0,0.0,1534159.7861661755,1920072.901948595
 05/27  18:00:00,2630181.3663924253,93188.76017183805,0.0,0.0,658429.6711448755,1780341.4925794818
 05/27  19:00:00,3628345.2199586798,63610.9147575337,0.0,0.0,1598277.4064086827,1843680.095672176
 05/27  20:00:00,5419287.072597097,76493.76427823323,0.0,0.0,3105624.369564356,2067327.6944381092
 05/27  21:00:00,5859375.460669611,32419.57294089121,0.0,0.0,3707164.2249304242,1919256.2177018262
 05/27  22:00:00,4647461.50606938,31220.486393283783,0.0,0.0,2709260.89897431,1733046.3162813787
 05/27  23:00:00,2371628.3911414975,55961.974512407134,0.0,0.0,694801.8484460795,1500134.045114728
 05/27  24:00:00,1859898.688637945,78405.72989223007,0.0,0.0,316624.46650663624,1370739.6098468578
 05/28  01:00:00,1674502.241915503,94431.28047950569,0.0,0.0,230357.12290762636,1255584.9561361503
 05/28  02:00:00,1660564.7101279958,106672.4687999442,0.0,0.0,230357.12290762636,1229406.2360282047
 05/28  03:00:00,1645414.2941461815,117700.77292607573,0.0,0.0,230357.12290762636,1203227.5159202588
 05/28  04:00:00,1651069.7155117285,130785.8100604879,0.0,0.0,230357.12290762636,1195797.9001513938
 05/28  05:00:00,1772714.9892268693,150809.82472112647,0.0,0.0,329914.30052053777,1216278.502061028
 05/28  06:00:00,2415631.0653454806,161905.08643353166,0.0,0.0,853347.2366820975,1328758.9404096839
 05/28  07:00:00,2254761.5534522193,174603.57777495496,0.0,0.0,639777.2725288732,1370807.1813802281
 05/28  08:00:00,1800317.5810181529,186991.1783066929,0.0,0.0,230357.12290762636,1315442.038087675
 05/28  09:00:00,1777803.188829733,178458.00724611306,0.0,0.0,230357.12290762636,1311692.2172198591
 05/28  10:00:00,1742591.0449448263,162953.1594421008,0.0,0.0,230357.12290762636,1304262.6014509937
 05/28  11:00:00,1700656.1713483816,135342.24620968936,0.0,0.0,230357.12290762636,1304262.6014509937
 05/28  12:00:00,1911704.1337213404,118560.45460633206,0.0,0.0,405922.8248807464,1362665.4936102042
 05/28  13:00:00,2520552.7396282046,91290.57850686373,0.0,0.0,923293.7314921056,1483459.3490571824
 05/28  14:00:00,2283975.516083678,75458.34733547909,0.0,0.0,750059.5793459858,1435948.5088301604
 05/28  15:00:00,2283439.8783823736,60330.819004611,0.0,0.0,753556.9040864862,1444996.7946672188
 05/28  16:00:00,2618453.117310242,50032.95400616268,0.0,0.0,937283.0304541073,1592257.811861881
 05/28  17:00:00,3328167.674007317,47086.48249647126,0.0,0.0,1347635.800006154,1857733.0295805149
 05/28  18:00:00,6905413.973227774,64201.39893640469,0.0,0.0,1949175.655372223,4791769.196370911
 05/28  19:00:00,7019299.849548653,25231.399069473737,0.0,0.0,2420148.720426277,4440911.52667259
 05/28  20:00:00,5551770.451979307,102606.90324440756,90000.0,0.0,3105624.369564356,2067327.6944381092
 05/28  21:00:00,6105691.28497976,84411.43688700533,180000.0,0.0,3707164.2249304242,1919256.2177018262
 05/28  22:00:00,3568973.986442475,113355.03676661884,180000.0,0.0,1468876.391010168,1620531.0739332517
 05/28  23:00:00,2131127.311527527,156418.23948580696,180000.0,0.0,230357.12290762636,1435436.305857791
 05/28  24:00:00,2035482.4431476796,185485.8068508609,180000.0,0.0,230357.12290762636,1345510.6309969712
 05/29  01:00:00,1965452.7983678295,205381.8369318322,180000.0,0.0,230357.12290762636,1255584.9561361503
 05/29  02:00:00,1954291.8893201624,220399.64799211046,180000.0,0.0,230357.12290762636,1229406.2360282047
 05/29  03:00:00,1939543.561444275,231830.040224169,180000.0,0.0,230357.12290762636,1203227.5159202588
 05/29  04:00:00,1957290.331082607,239303.05343618925,180000.0,0.0,235486.53252702695,1208371.8627271699
 05/29  05:00:00,1999846.2259938223,254210.13038153583,180000.0,0.0,280135.71171408205,1209788.021974027
 05/29  06:00:00,2167398.3020959683,255742.8772449475,180000.0,0.0,386104.6513512442,1273930.9716796093
 05/29  07:00:00,2268612.964592915,246437.35369089048,180000.0,0.0,435067.1977182498,1337534.891415611
 05/29  08:00:00,1839704.6687493334,226378.26603787352,0.0,0.0,230357.12290762636,1315442.038087675
 05/29  09:00:00,1788677.071758799,189331.89017517908,0.0,0.0,230357.12290762636,1311692.2172198591
 05/29  10:00:00,1728393.985522831,148756.1000201055,0.0,0.0,230357.12290762636,1304262.6014509937
 05/29  11:00:00,1672547.4463365497,107233.52119785734,0.0,0.0,230357.12290762636,1304262.6014509937
 05/29  12:00:00,1645537.6345264055,67753.49713818135,0.0,0.0,230357.12290762636,1322871.65385654
 05/29  13:00:00,1610979.0361859805,35241.17884976098,0.0,0.0,230357.12290762636,1322871.65385654
 05/29  14:00:00,1595420.510916963,8841.983465638034,10840.670115105446,0.0,230357.12290762636,1322871.65385654
 05/29  15:00:00,1833305.4609888145,30996.140367894925,231954.79900156055,0.0,230357.12290762636,1315442.038087675
 05/29  16:00:00,5457120.296273841,120627.78242956629,897030.8751846468,0.0,230357.12290762636,4170225.19476391
 05/29  17:00:00,9258143.678270172,274534.66016478266,2012011.9284368954,0.0,1720683.7723261968,5175200.95541812
 05/29  18:00:00,14031904.703796983,220460.6501086658,1610794.140023711,0.0,1949175.655372223,10151206.535744146
 05/29  19:00:00,37249779.9226549,207843.6512082264,1502568.1376914047,0.0,2420148.720426277,32986211.209948678
 05/29  20:00:00,37210365.99117604,119166.78789470757,859310.5108873361,0.0,3105624.369564356,32940052.83809721
 05/29  21:00:00,14320484.551966438,157735.6772551137,1120405.8868600882,0.0,3707164.2249304242,9120319.357460309
 05/29  22:00:00,4123831.645869229,104848.36603355347,743203.2137985836,0.0,1469809.0109409683,1619759.5703636878
 05/29  23:00:00,1922506.2661876676,15730.832253605673,112066.36189234206,0.0,230357.12290762636,1435436.305857791
 05/29  24:00:00,1687659.4719651793,17662.835668360724,0.0,0.0,230357.12290762636,1345510.6309969712
 05/30  01:00:00,1622746.8259824084,42675.864546411154,0.0,0.0,230357.12290762636,1255584.9561361503
 05/30  02:00:00,1622040.0541205895,68147.81279253779,0.0,0.0,230357.12290762636,1229406.2360282047
 05/30  03:00:00,1617214.9776090719,89501.45638896583,0.0,0.0,230357.12290762636,1203227.5159202588
 05/30  04:00:00,1626071.8149741637,105787.90952292299,0.0,0.0,230357.12290762636,1195797.9001513938
 05/30  05:00:00,1629377.308517753,120010.2817989233,0.0,0.0,230357.12290762636,1203297.541887026
 05/30  06:00:00,7211054.0276311,57411.42871653401,0.0,0.0,1473539.4906641685,5608483.306430231
 05/30  07:00:00,4845168.370373743,71235.33254254491,0.0,0.0,1457218.6418751667,3247140.8741878676
 05/30  08:00:00,2898858.5183936115,81350.32770736705,0.0,0.0,1260202.6814936444,1489778.2674764423
 05/30  09:00:00,1915142.3214699267,82985.13406266093,0.0,0.0,429238.3231507492,1345623.0228003827
 05/30  10:00:00,2322998.9988687094,65678.77213381103,0.0,0.0,806016.7751939922,1406285.2903968012
 05/30  11:00:00,1620516.3262611867,55202.40112249443,0.0,0.0,230357.12290762636,1304262.6014509937
 05/30  12:00:00,1606976.3842038838,29192.246815659575,0.0,0.0,230357.12290762636,1322871.65385654
 05/30  13:00:00,1591985.1556729022,5808.634696725856,10438.663639956932,0.0,230357.12290762636,1322871.65385654
 05/30  14:00:00,2030453.9266873258,28100.807787759808,215688.82442602003,0.0,403591.2750537462,1360563.938847747
 05/30  15:00:00,3253419.2226041704,93809.39943893184,718915.9178680084,0.0,927956.8311461062,1488181.7135270666
 05/30  16:00:00,3636035.3276207866,149214.40078230383,1144702.143783616,0.0,760551.553567487,1542687.908499289
 05/30  17:00:00,4096240.5916349543,179936.95030314726,1381347.7154398656,0.0,788530.1514914902,1670713.4124762733
 05/30  18:00:00,5906769.34129306,228696.68037954118,1733716.2600152483,0.0,1733507.2963746982,2110581.3819753365
 05/30  19:00:00,6486676.208557104,226725.04531650766,1689907.1650275274,0.0,2420148.720426277,2016887.0744064804
 05/30  20:00:00,6931787.489958331,188217.9399525215,1384406.0012709084,0.0,3105624.369564356,2067327.6944381092
 05/30  21:00:00,6319255.3747942755,174251.3655606903,1260686.3692210536,0.0,2837496.139459325,1831962.095092704
 05/30  22:00:00,2545765.512087882,76239.03882584862,546485.0411759738,0.0,230357.12290762636,1506472.824445997
 05/30  23:00:00,1879369.3756309727,12728.083868389556,71932.21972086305,0.0,230357.12290762636,1435436.305857791
 05/30  24:00:00,1698028.2541821355,28031.617885317126,0.0,0.0,230357.12290762636,1345510.6309969712
 05/31  01:00:00,1636146.8042373327,56075.84280133535,0.0,0.0,230357.12290762636,1255584.9561361503
 05/31  02:00:00,1639425.1503190142,85532.90899096223,0.0,0.0,230357.12290762636,1229406.2360282047
 05/31  03:00:00,1643190.1310615905,114068.20321093935,0.0,0.0,230357.12290762636,1204635.922550804
 05/31  04:00:00,1655198.4537081546,134914.54825691401,0.0,0.0,230357.12290762636,1195797.9001513938
 05/31  05:00:00,1768345.0218632338,146439.8573574909,0.0,0.0,329914.30052053777,1216278.502061028
 05/31  06:00:00,2214066.765952395,134364.3050607552,0.0,0.0,697599.7082384797,1310482.9508329923
 05/31  07:00:00,1710155.6922953543,105962.44616857101,0.0,0.0,230357.12290762636,1304262.6014509937
 05/31  08:00:00,1671761.7910814923,58435.388370032415,0.0,0.0,230357.12290762636,1315442.038087675
 05/31  09:00:00,1620357.0401806799,21011.858597060127,0.0,0.0,230357.12290762636,1311692.2172198591
 05/31  10:00:00,1690182.872922436,13403.696903507029,97141.2905162035,0.0,230357.12290762636,1304262.6014509937
 05/31  11:00:00,2030629.8065180816,52150.23661714382,413165.64476224565,0.0,230357.12290762636,1304262.6014509937
 05/31  12:00:00,2426173.112650655,94667.42246982662,753721.5527926038,0.0,230357.12290762636,1322871.65385654
 05/31  13:00:00,2865890.0127377855,143841.07002290525,1146311.085378661,0.0,230357.12290762636,1322871.65385654
 05/31  14:00:00,3370782.6470277836,200741.81483214043,1594302.9748594235,0.0,230357.12290762636,1322871.65385654
 05/31  15:00:00,4124364.6081817946,263101.6746949096,2073323.565948058,0.0,404757.04996724636,1358626.956947523
 05/31  16:00:00,7764350.376712022,371815.30294655083,2880950.2836070885,0.0,937283.0304541073,3535422.4387161843
 05/31  17:00:00,7537870.606310243,436099.0597091943,3322962.638033999,0.0,1720683.7723261968,1982412.7743166755
 05/31  18:00:00,7803466.935411956,421326.64453131834,3156215.713227472,0.0,1949175.655372223,2176481.199732708
 05/31  19:00:00,7567934.423053898,357581.2339043659,2640309.190936463,0.0,2420148.720426277,2016887.0744064804
 05/31  20:00:00,8323843.60818689,298404.5887166508,2182700.337194405,0.0,3105624.369564356,2550902.827979043
 05/31  21:00:00,39127139.34075983,308103.0940630816,2235463.3465060717,0.0,3707164.2249304242,32661549.269799754
 05/31  22:00:00,36981450.896603435,259926.67390264277,1896730.2542097054,0.0,2089068.644992239,32549513.83876641
 05/31  23:00:00,3817532.7882532487,178464.05539758198,1315217.1960185566,0.0,694801.8484460795,1500134.045114728
 05/31  24:00:00,2696963.560811339,107760.33486216678,797522.8605022415,0.0,402891.81010564615,1310395.2162291326
 06/01  01:00:00,2080304.7087347708,60234.10964246645,444820.04395860096,0.0,287713.2486518329,1209143.9673697185
 06/01  02:00:00,1687604.805040172,24376.23436395079,179043.81243876598,0.0,230357.12290762636,1175434.2962176774
 06/01  03:00:00,1474666.6148863514,4678.952411759048,19758.199073696782,0.0,230357.12290762636,1141479.0013811174
 06/01  04:00:00,1517569.598748594,15969.360503493157,0.0,0.0,230357.12290762636,1192849.7762253224
 06/01  05:00:00,1526119.9169025444,33283.28883531387,0.0,0.0,230357.12290762636,1199423.9932650474
 06/01  06:00:00,12108810.183340847,42727.17175363477,0.0,0.0,1130801.6660951294,10875634.23964588
 06/01  07:00:00,1952686.8062245008,63961.63354880582,0.0,0.0,428072.548237249,1402709.7216164204
 06/01  08:00:00,1651117.010757936,59274.59580034924,0.0,0.0,230357.12290762636,1305246.5922521125
 06/01  09:00:00,1644470.4423377286,64436.151020890466,0.0,0.0,230357.12290762636,1301959.48373225
 06/01  10:00:00,1621559.945127684,59766.957673871715,0.0,0.0,230357.12290762636,1293943.398014287
 06/01  11:00:00,1582489.754955996,32626.188671424585,0.0,0.0,230357.12290762636,1293943.398014287
 06/01  12:00:00,1572137.6353511806,8067.39818335256,0.0,0.0,230357.12290762636,1313262.6779700755
 06/01  13:00:00,1696130.5824517165,15804.425162838073,117960.12314522723,0.0,230357.12290762636,1313262.6779700755
 06/01  14:00:00,1969448.1704852602,48557.486183027635,358524.65015858127,0.0,230357.12290762636,1313262.6779700755
 06/01  15:00:00,2603881.1118184617,82605.74974598664,600595.3591627599,0.0,553509.9289298633,1346719.6376897257
 06/01  16:00:00,3066355.6086678472,81111.11966981582,583242.6409934543,0.0,885988.9342601014,1483633.0562851087
 06/01  17:00:00,3716884.727542893,62143.004010640885,443660.0500093036,0.0,1428074.2690376637,1719951.8925907286
 06/01  18:00:00,4834820.58022711,15444.188538855316,25984.637749324265,0.0,1771977.8685202028,2937907.937234044
 06/01  19:00:00,12151229.352117663,41990.897349455365,90000.0,0.0,2145025.840840245,9763439.417356443
 06/01  20:00:00,5094466.548466672,84724.50663768155,180000.0,0.0,2732576.3972443123,1942083.1693845517
 06/01  21:00:00,4634910.33238091,44277.69374243182,180000.0,0.0,2569367.9093542937,1662323.4117455776
 06/01  22:00:00,2130504.5319979517,87850.20109038439,180000.0,0.0,230357.12290762636,1477214.7327998148
 06/01  23:00:00,2050609.0680715349,122453.08975303099,180000.0,0.0,230357.12290762636,1410434.0648877132
 06/01  24:00:00,1974123.7672679124,155271.71351535944,180000.0,0.0,230357.12290762636,1330101.5917327749
 06/02  01:00:00,1919668.4501807415,181148.86958312662,180000.0,0.0,230357.12290762636,1249769.1185778365
 06/02  02:00:00,1909432.056200557,197068.30694439524,180000.0,0.0,230357.12290762636,1225317.490260561
 06/02  03:00:00,1898980.8096024345,211068.688663548,180000.0,0.0,230357.12290762636,1200865.8619432854
 06/02  04:00:00,1856682.5946211338,222806.6872414535,180000.0,0.0,233621.29266542674,1141861.275602102
 06/02  05:00:00,2049080.3601587636,213226.41690753115,180000.0,0.0,420611.58879084815,1158553.2183724097
 06/02  06:00:00,2350862.162481585,152848.8480443883,45000.0,0.0,830031.738412095,1247996.6429613042
 06/02  07:00:00,2518534.2389159305,84830.365808134,0.0,0.0,1021218.8242261169,1342612.7248904135
 06/02  08:00:00,2476658.790436076,42443.64873436901,0.0,0.0,1011892.6249181158,1360971.2079132115
 06/02  09:00:00,2394462.7622679565,14196.446440801208,0.0,0.0,974587.8276861114,1354552.3974157278
 06/02  10:00:00,2381370.9484886862,6526.891375022051,35827.51381388799,0.0,951272.3294161088,1346843.341303414
 06/02  11:00:00,2537872.3568557478,28883.96340417237,211345.19913680697,0.0,913967.5321841046,1356408.4137438284
 06/02  12:00:00,3565249.7369796378,66072.83725996217,483808.8417219824,0.0,1538822.8858201762,1456094.7358873906
 06/02  13:00:00,3894672.5149716805,107437.52701210645,785288.4128662564,0.0,1524833.5868581743,1458366.7549691943
 06/02  14:00:00,4257135.231118912,154448.86620193304,1123742.616494684,0.0,1520170.487204174,1440027.0279521719
 06/02  15:00:00,4712282.565379216,206326.6300206189,1489471.732286601,0.0,1524833.5868581743,1471200.1799236955
 06/02  16:00:00,5335489.763244335,267803.03817879665,1909423.7594799737,0.0,1538822.8858201762,1587060.2223060203
 06/02  17:00:00,5970705.589766011,317797.4427924265,2231853.8225337397,0.0,1599443.1813221832,1756851.4281989275
 06/02  18:00:00,6073882.114473428,257357.9909304753,1791709.4542723817,0.0,1387272.147065159,2555740.777044906
 06/02  19:00:00,9608851.888103507,304753.4268374081,2075318.1765287733,0.0,2145025.840840245,4981502.26244645
 06/02  20:00:00,5621187.48267973,99319.14562022619,802358.9113070327,0.0,2732576.3972443123,1845484.1775014498
 06/02  21:00:00,5942938.728053747,71028.79421584157,652374.8438737448,0.0,3348105.551572383,1704417.642022409
 06/02  22:00:00,3923875.92675387,21188.08453778548,232151.0973583084,0.0,1998138.2017392288,1527541.2860634848
 06/02  23:00:00,2451406.5044021686,73184.86701769593,180000.0,0.0,694801.8484460795,1402871.8105119378
 06/02  24:00:00,2086307.420121339,114627.0546744084,180000.0,0.0,402891.81010564615,1310395.2162291326
 06/03  01:00:00,1894595.8772942433,156076.29669662841,180000.0,0.0,230357.12290762636,1249769.1185778365
 06/03  02:00:00,1903961.1868709284,191597.43761476647,180000.0,0.0,230357.12290762636,1225317.490260561
 06/03  03:00:00,1907819.7648009094,219907.64386202293,180000.0,0.0,230357.12290762636,1200865.8619432854
 06/03  04:00:00,1876676.8615066868,242800.95412700655,180000.0,0.0,233621.29266542674,1141861.275602102
 06/03  05:00:00,1931096.59167365,244626.33941300167,180000.0,0.0,230357.12290762636,1199423.9932650474
 06/03  06:00:00,1936537.9420367638,202868.63616574174,180000.0,0.0,230357.12290762636,1248327.2498995985
 06/03  07:00:00,1924606.714789421,150433.86987624198,180000.0,0.0,230357.12290762636,1293943.398014287
 06/03  08:00:00,1707895.947258739,110940.92322862089,0.0,0.0,230357.12290762636,1305246.5922521125
 06/03  09:00:00,2448656.876321002,68390.56049384655,0.0,0.0,974587.8276861114,1354552.3974157278
 06/03  10:00:00,1617245.743328577,52044.34982641009,0.0,0.0,230357.12290762636,1293943.398014287
 06/03  11:00:00,1581052.0047091534,29484.235400404563,0.0,0.0,230357.12290762636,1293943.398014287
 06/03  12:00:00,2160961.9179119435,9746.92791139626,41858.87259936955,0.0,722080.9814219826,1366824.6996890686
 06/03  13:00:00,2558666.9711920423,34358.27034814619,243054.31319564674,0.0,876662.7349521003,1385845.4194302
 06/03  14:00:00,2960510.7797155655,85253.20006060049,602462.9578667927,0.0,876662.7349521003,1377385.6535701226
 06/03  15:00:00,3346956.6657971432,132102.4246258594,929548.3868017176,0.0,876662.7349521003,1388192.683127339
 06/03  16:00:00,3736439.4668945465,167055.51830293806,1167382.1005870316,0.0,885988.9342601014,1483633.0562851087
 06/03  17:00:00,4089436.3337184503,189482.02120994424,1311973.779639536,0.0,913967.5321841046,1609253.2857661308
 06/03  18:00:00,3847649.8448517313,124201.64048192918,855949.2544116421,0.0,1002566.4256101148,1783130.7791875394
 06/03  19:00:00,3710014.4550586212,97268.858470681,664219.356519744,0.0,1189090.411770136,1657183.6468474276
 06/03  20:00:00,4120623.995628602,15213.782650516543,62415.44357893175,0.0,2107721.043608241,1793824.8747842037
 06/03  21:00:00,5522529.73508456,22135.000876251066,280859.6442441483,0.0,3348105.551572383,1704417.642022409
 06/03  22:00:00,4172464.895914614,18589.104743837335,180000.0,0.0,2293079.254854763,1535939.2792609516
 06/03  23:00:00,2440297.5499388403,62075.91255436733,180000.0,0.0,694801.8484460795,1402871.8105119378
 06/03  24:00:00,2069819.3866756922,98139.02122876157,180000.0,0.0,402891.81010564615,1310395.2162291326
 06/04  01:00:00,1873168.8100474384,130466.48581580142,180000.0,0.0,244696.15434367798,1239612.8307758071
 06/04  02:00:00,1865303.2550588506,151235.30277851183,180000.0,0.0,230357.12290762636,1225317.490260561
 06/04  03:00:00,1855831.803559004,166215.4795959402,180000.0,0.0,230357.12290762636,1200865.8619432854
 06/04  04:00:00,1857469.6756336926,175869.4373885919,180000.0,0.0,230357.12290762636,1192849.7762253224
 06/04  05:00:00,4716820.147303142,147426.13376321716,0.0,0.0,610866.0546740699,3895472.4469712973
 06/04  06:00:00,5558568.095621305,64958.39405355719,0.0,0.0,1130801.6660951294,4303160.929626416
 06/04  07:00:00,1909168.180826099,117042.00003350597,0.0,0.0,428072.548237249,1306110.7297333186
 06/04  08:00:00,1709157.098235494,117314.68327790742,0.0,0.0,230357.12290762636,1305246.5922521125
 06/04  09:00:00,2084718.8364268155,106272.7358789959,0.0,0.0,602472.475296869,1328255.940573989
 06/04  10:00:00,2031051.802796431,82351.24044381385,0.0,0.0,590814.7261618676,1320393.3696588506
 06/04  11:00:00,1603943.7844368606,54080.218152289126,0.0,0.0,230357.12290762636,1293943.398014287
 06/04  12:00:00,1589636.2946481635,25566.057480335287,0.0,0.0,230357.12290762636,1313262.6779700755
 06/04  13:00:00,1615530.9687995207,7935.859805999476,45229.074849870114,0.0,230357.12290762636,1313262.6779700755
 06/04  14:00:00,1862014.3619711876,34605.796977144724,265042.5308503917,0.0,230357.12290762636,1313262.6779700755
 06/04  15:00:00,2710491.9102365593,91566.78169280113,698245.1256340427,0.0,553509.9289298633,1346719.6376897257
 06/04  16:00:00,4355469.514889041,183725.26160757072,1391611.8464864,0.0,1212405.9100401388,1535346.6392955645
 06/04  17:00:00,5488366.784087351,243131.75437751922,1825884.9082941646,0.0,1599443.1813221832,1756851.4281989275
 06/04  18:00:00,5831617.852088997,241372.70486998704,1793492.7008261778,0.0,1771977.8685202028,1941268.6296879465
 06/04  19:00:00,6018721.2688173205,236572.70288782025,1737635.4471727316,0.0,2145025.840840245,1788714.0813450057
 06/04  20:00:00,4918858.2231816575,185024.10716242882,1353720.3787799752,0.0,1482865.6899721697,1742165.572066958
 06/04  21:00:00,3087788.76849336,137179.05423175372,1005331.9588214199,0.0,230357.12290762636,1535979.3149939533
 06/04  22:00:00,2678665.858447215,97804.9415551243,718206.5859845235,0.0,230357.12290762636,1477214.7327998148
 06/04  23:00:00,2324919.6100038765,69028.15948137036,507735.47220400267,0.0,230357.12290762636,1410434.0648877132
 06/04  24:00:00,2033173.3919566881,47165.29043139739,347156.0477727376,0.0,230357.12290762636,1330101.5917327749
 06/05  01:00:00,1818683.3076996205,31127.990693277483,229035.73640872812,0.0,230357.12290762636,1249769.1185778365
 06/05  02:00:00,1684802.845826172,18056.646175943275,132678.24736989004,0.0,230357.12290762636,1225317.490260561
 06/05  03:00:00,1547884.9148302323,4592.502643446388,33676.08822372212,0.0,230357.12290762636,1200865.8619432854
 06/05  04:00:00,1508905.8544842468,7305.616239145902,0.0,0.0,230357.12290762636,1192849.7762253224
 06/05  05:00:00,1769631.8268887913,14216.48423369267,0.0,0.0,563302.4382032645,1129057.3925572773
 06/05  06:00:00,2155581.856548379,17906.36932877685,0.0,0.0,830031.738412095,1247996.6429613042
 06/05  07:00:00,2255379.671342468,6028.616604967171,37459.359847599306,0.0,823503.3988964943,1330445.3931713817
 06/05  08:00:00,1833764.4494814062,28427.30579451177,213494.728729308,0.0,230357.12290762636,1305246.5922521125
 06/05  09:00:00,2034935.6664374375,52934.94977446479,401966.4253461348,0.0,230357.12290762636,1301959.48373225
 06/05  10:00:00,2282785.3288426725,83054.82048768672,637937.5209011736,0.0,230357.12290762636,1293943.398014287
 06/05  11:00:00,2658494.4070791453,126275.60915412371,982355.23164045,0.0,230357.12290762636,1293943.398014287
 06/05  12:00:00,3133239.537887955,177304.37876813312,1391864.9219519936,0.0,230357.12290762636,1313262.6779700755
 06/05  13:00:00,3966586.15248552,230922.72660976945,1813853.2149798,0.0,553509.9289298633,1349554.0487001378
 06/05  14:00:00,4816987.7475022,289572.3933113241,2254620.7324027037,0.0,876662.7349521003,1377385.6535701226
 06/05  15:00:00,5089462.176642733,324170.55880213366,2479985.7634710334,0.0,876662.7349521003,1388192.683127339
 06/05  16:00:00,6138212.789623752,337280.24991867057,2516324.339698094,0.0,1049197.4221501201,2203030.9203974996
 06/05  17:00:00,8084070.500796758,416962.84945042507,2998133.9756835247,0.0,1599443.1813221832,3006474.982446068
 06/05  18:00:00,7603922.84420161,350278.402408285,2460252.6878543957,0.0,1771977.8685202028,2937907.937234044
 06/05  19:00:00,6353927.807260359,292273.20351066196,2017141.4849929286,0.0,2145025.840840245,1788714.0813450057
 06/05  20:00:00,6138591.358667551,178253.91491804578,1227194.3938036165,0.0,2732576.3972443123,1845484.1775014498
 06/05  21:00:00,6540948.828427732,166728.12031649955,1142756.1969778338,0.0,3348105.551572383,1704417.642022409
 06/05  22:00:00,3776923.660384427,89101.25322718309,613738.5367804047,0.0,1408256.095508161,1510745.2996685517
 06/05  23:00:00,2344879.682277154,18300.52393146673,121540.70886450555,0.0,694801.8484460795,1402871.8105119378
 06/05  24:00:00,1818820.0543328237,27139.688885893192,0.0,0.0,402891.81010564615,1310395.2162291326
 06/06  01:00:00,1611033.5629009572,52513.9823033423,0.0,0.0,230357.12290762636,1249769.1185778365
 06/06  02:00:00,1611494.9002688578,77426.94798851883,0.0,0.0,230357.12290762636,1225317.490260561
 06/06  03:00:00,1609633.4985576859,100017.17459462218,0.0,0.0,230357.12290762636,1200865.8619432854
 06/06  04:00:00,1621467.2529127654,119867.01466766442,0.0,0.0,230357.12290762636,1192849.7762253224
 06/06  05:00:00,1626001.706097033,133165.0780298026,0.0,0.0,230357.12290762636,1199423.9932650474
 06/06  06:00:00,1664050.1363542653,125718.6577008383,0.0,0.0,230357.12290762636,1248327.2498995985
 06/06  07:00:00,2508564.9542264757,86790.5022879201,0.0,0.0,1021218.8242261169,1342612.7248904135
 06/06  08:00:00,2479018.128248659,49915.595619483785,0.0,0.0,1011892.6249181158,1360971.2079132115
 06/06  09:00:00,2393083.634568492,16225.72478969126,0.0,0.0,974587.8276861114,1354552.3974157278
 06/06  10:00:00,2436974.1167516774,12221.241823258446,89144.73767699703,0.0,951272.3294161088,1346843.341303414
 06/06  11:00:00,1971333.8502855245,28072.68688398006,206878.74086546816,0.0,401259.72522674594,1309559.6519466722
 06/06  12:00:00,2075760.9847903606,60651.57946841042,451039.16815412184,0.0,230357.12290762636,1313262.6779700755
 06/06  13:00:00,2523570.0738510033,113652.033324905,847552.0063824472,0.0,230357.12290762636,1313262.6779700755
 06/06  14:00:00,3013516.155360641,171769.71017213527,1279380.4110448547,0.0,230357.12290762636,1313262.6779700755
 06/06  15:00:00,3927855.4954757667,238949.98874036368,1768225.5038256876,0.0,553509.9289298633,1346719.6376897257
 06/06  16:00:00,6411226.99797363,334085.3258843591,2435303.5729627735,0.0,1538822.8858201762,2070635.3558469545
 06/06  17:00:00,14457547.0927351,390816.98778881365,2795368.5577944377,0.0,1599443.1813221832,9608862.85393511
 06/06  18:00:00,15004517.847364476,355749.25243962475,2502997.3457619194,0.0,1771977.8685202028,10290287.432458047
 06/06  19:00:00,7976219.818474369,321883.87451022887,2221894.4911849527,0.0,2145025.840840245,3176642.4153674236
 06/06  20:00:00,6451226.834516918,204980.2918732559,1406339.7746960502,0.0,2732576.3972443123,1952247.895503174
 06/06  21:00:00,3386796.605287465,131192.49840663126,899195.5987648045,0.0,620425.4089647711,1557041.7816126514
 06/06  22:00:00,2244498.535901305,48407.849174019844,333436.3558197178,0.0,230357.12290762636,1477214.7327998148
 06/06  23:00:00,1771631.8253349618,11289.600997203908,12186.246019254164,0.0,230357.12290762636,1410434.0648877132
 06/06  24:00:00,1678034.9971320247,39182.94337947152,0.0,0.0,230357.12290762636,1330101.5917327749
 06/07  01:00:00,1756911.150035567,63391.569437952436,135000.0,0.0,230357.12290762636,1249769.1185778365
 06/07  02:00:00,1803519.5908975736,89451.63861723468,180000.0,0.0,230357.12290762636,1225317.490260561
 06/07  03:00:00,1802702.2956033535,113085.9716402898,180000.0,0.0,230357.12290762636,1200865.8619432854
 06/07  04:00:00,1786074.1106260233,140267.12052998785,180000.0,0.0,232805.25022597663,1154608.4007579072
 06/07  05:00:00,1822999.6783602359,135779.3593024212,45000.0,0.0,420611.58879084815,1158553.2183724097
 06/07  06:00:00,2221050.5488257324,83375.06160613048,0.0,0.0,830031.738412095,1247996.6429613042
 06/07  07:00:00,2449095.2803093093,27320.828370754065,0.0,0.0,1021218.8242261169,1342612.7248904135
 06/07  08:00:00,2619501.738538296,23271.074818109057,167128.13109101215,0.0,1011892.6249181158,1360971.2079132115
 06/07  09:00:00,2696543.1524370145,62250.58496858124,456640.56230512285,0.0,788530.1514914902,1341404.1689948584
 06/07  10:00:00,2232848.4796240525,78791.21602739059,592264.2761428499,0.0,230357.12290762636,1293943.398014287
 06/07  11:00:00,2515703.8784450935,112360.27266416265,853480.0394963592,0.0,230357.12290762636,1293943.398014287
 06/07  12:00:00,3124668.8464186452,160212.17353361213,1218624.4756394222,0.0,394265.07574574515,1331116.68520974
 06/07  13:00:00,3905980.0120583083,210234.9579983929,1594212.7547878153,0.0,715086.3319409818,1367699.734065169
 06/07  14:00:00,4425556.563796644,272828.3053216601,2057540.7835979424,0.0,715086.3319409818,1361354.9096701108
 06/07  15:00:00,4578361.37877398,318402.63170028967,2383613.441618651,0.0,230357.12290762636,1625537.7462572858
 06/07  16:00:00,8351323.100494361,420616.6195351962,3093566.824142716,0.0,1375614.3979301576,3429145.4014269244
 06/07  17:00:00,8128484.240057556,497880.0691145791,3586435.838958326,0.0,1085336.4444686242,2895776.37562147
 06/07  18:00:00,6356016.021634105,430604.9563486962,3056207.9123030705,0.0,1002566.4256101148,1783130.7791875394
 06/07  19:00:00,7162905.38945248,392934.3071589152,2725457.963536796,0.0,2145025.840840245,1788714.0813450057
 06/07  20:00:00,7047199.907048938,294655.5346859866,2019401.322417064,0.0,2732576.3972443123,1845484.1775014498
 06/07  21:00:00,5451586.097006289,238006.62037777068,1623778.7104849601,0.0,1790630.267136205,1620229.1814687462
 06/07  22:00:00,3701237.6634399593,157266.8872839579,1075601.6755137977,0.0,819306.6092078937,1493980.0162341832
 06/07  23:00:00,2308250.7852421813,71130.16846834784,488964.6384553298,0.0,230357.12290762636,1410434.0648877132
 06/07  24:00:00,1771395.1880961882,16794.50767521806,115748.62666841738,0.0,230357.12290762636,1330101.5917327749
 06/08  01:00:00,1574752.678921119,16233.098323504266,0.0,0.0,230357.12290762636,1249769.1185778365
 06/08  02:00:00,1573577.074450653,39509.12217031434,0.0,0.0,230357.12290762636,1225317.490260561
 06/08  03:00:00,1573813.1920239455,64196.868060881665,0.0,0.0,230357.12290762636,1200865.8619432854
 06/08  04:00:00,1545962.600222802,92086.69284312171,0.0,0.0,233621.29266542674,1141861.275602102
 06/08  05:00:00,1811269.03302848,93585.3649058089,0.0,0.0,515738.821732459,1138889.3344956548
 06/08  06:00:00,4760569.01210425,30299.058886681793,48220.590715887825,0.0,1431571.5937781637,3190830.662877314
 06/08  07:00:00,3543356.9753292017,35154.02024639541,245032.23508803346,0.0,1813945.7654062074,1391282.0517665402
 06/08  08:00:00,3863085.408155347,73539.21526231429,518136.80429466517,0.0,1799956.466444206,1415214.2223563134
 06/08  09:00:00,2705505.983506637,88884.38811160647,638175.4948472114,0.0,602472.475296869,1328255.940573989
 06/08  10:00:00,2344120.2928286237,93804.24270175408,688523.0626730578,0.0,230357.12290762636,1293943.398014287
 06/08  11:00:00,2569614.116592304,121270.74665008247,898479.8036576499,0.0,230357.12290762636,1293943.398014287
 06/08  12:00:00,2845854.267713529,152140.97299913372,1129643.057546567,0.0,230357.12290762636,1313262.6779700755
 06/08  13:00:00,3096080.167035247,182537.09834847634,1351177.0345431194,0.0,230357.12290762636,1313262.6779700755
 06/08  14:00:00,3574376.0376401637,220140.49377473348,1614262.3628106485,0.0,391933.52591874485,1329293.4218700873
 06/08  15:00:00,4402618.719482554,256739.82058366324,1860573.0445293258,0.0,876662.7349521003,1388192.683127339
 06/08  16:00:00,4749926.22736637,264336.4837136717,1894522.6162528747,0.0,1049197.4221501201,1509489.8477903365
 06/08  17:00:00,4610553.916513345,250037.51582336682,1774240.0708451865,0.0,913967.5321841046,1609253.2857661308
 06/08  18:00:00,9097730.294685284,268511.07489643065,1880198.7422689912,0.0,1002566.4256101148,5862948.103725064
 06/08  19:00:00,28151137.012106407,163436.67632040658,1146106.5342903475,0.0,2145025.840840245,24585794.764083892
 06/08  20:00:00,5953167.97596798,152554.90231448188,1067470.0237076096,0.0,2732576.3972443123,1845484.1775014498
 06/08  21:00:00,4653931.996290476,133115.34531648253,931015.8848304355,0.0,1790630.267136205,1620229.1814687462
 06/08  22:00:00,3464390.411400593,86565.00456605415,606598.9213250177,0.0,1113781.3523580274,1502362.6579513676
 06/08  23:00:00,1993097.3327300758,30510.2387006617,214431.11571091058,0.0,230357.12290762636,1410434.0648877132
 06/08  24:00:00,1658395.9682391158,5746.819115995232,13797.095370567502,0.0,230357.12290762636,1330101.5917327749
 06/09  01:00:00,1577999.9844035937,19480.40380597878,0.0,0.0,230357.12290762636,1249769.1185778365
 06/09  02:00:00,1567295.0503882985,34931.30113213647,0.0,0.0,230357.12290762636,1225317.490260561
 06/09  03:00:00,1557252.4301024592,49340.30916357273,0.0,0.0,230357.12290762636,1200865.8619432854
 06/09  04:00:00,1563452.193152702,61851.95490760114,0.0,0.0,230357.12290762636,1192849.7762253224
 06/09  05:00:00,1577878.7851224022,71408.53286175399,0.0,0.0,230357.12290762636,1199423.9932650474
 06/09  06:00:00,1625909.1375314945,72239.83166047241,0.0,0.0,230357.12290762636,1248327.2498995985
 06/09  07:00:00,1663003.3583661986,68830.5134530194,0.0,0.0,230357.12290762636,1293943.398014287
 06/09  08:00:00,4013903.407609556,39954.905061537014,15198.792827802426,0.0,621124.8739128711,3276273.5269369655
 06/09  09:00:00,2393428.7784400964,13162.462612940633,0.0,0.0,974587.8276861114,1354552.3974157278
 06/09  10:00:00,3303852.9239209867,23179.420735001142,172182.67702012742,0.0,1669389.676132191,1398200.2774534135
 06/09  11:00:00,3507803.7212031106,55129.39958267732,413296.56923117366,0.0,1594780.0816681825,1417330.4223342424
 06/09  12:00:00,3837006.00316299,96766.20506578387,724871.7400995127,0.0,1538822.8858201762,1456094.7358873906
 06/09  13:00:00,4100113.9886393333,129623.09212946713,968544.3214165487,0.0,1524833.5868581743,1458366.7549691943
 06/09  14:00:00,4426447.868342435,171452.53090424242,1276051.589015898,0.0,1520170.487204174,1440027.0279521719
 06/09  15:00:00,4669428.455794962,196638.60611191444,1456305.6466110516,0.0,1524833.5868581743,1471200.1799236955
 06/09  16:00:00,4855889.215131473,202891.55571166796,1494734.6938342405,0.0,1538822.8858201762,1587060.2223060203
 06/09  17:00:00,5156065.880461343,208737.0818575158,1526274.4741639826,0.0,1599443.1813221832,1756851.4281989275
 06/09  18:00:00,4748500.329690306,171180.13243585321,1246046.6005910456,0.0,1387272.1470651587,1862199.704437743
 06/09  19:00:00,4282797.623936811,162230.23477675713,1172041.149091858,0.0,1189090.411770136,1657183.6468474276
 06/09  20:00:00,4281120.647692176,111554.30745539458,803086.2271909453,0.0,1482865.6899721697,1742165.572066958
 06/09  21:00:00,4505685.384765387,113761.79001101192,814052.2497800564,0.0,1790630.267136205,1620229.1814687462
 06/09  22:00:00,4825252.803053447,104660.33243198949,746716.6794506814,0.0,2293079.254854763,1535939.2792609516
 06/09  23:00:00,2701602.2093603793,61775.87444046557,441604.69753544097,0.0,694801.8484460795,1402871.8105119378
 06/09  24:00:00,1881140.6071791209,15639.967550830694,112027.35210495412,0.0,359758.13830614125,1315321.8101050432
 06/10  01:00:00,1572038.5480633236,13518.967465708618,0.0,0.0,230357.12290762636,1249769.1185778365
 06/10  02:00:00,1569513.2844325858,37149.53517642407,0.0,0.0,230357.12290762636,1225317.490260561
 06/10  03:00:00,1568534.6702694197,60622.54933053331,0.0,0.0,230357.12290762636,1200865.8619432854
 06/10  04:00:00,1587648.392082593,86048.15383749234,0.0,0.0,230357.12290762636,1192849.7762253224
 06/10  05:00:00,1600210.6310093151,93740.37874866687,0.0,0.0,230357.12290762636,1199423.9932650474
 06/10  06:00:00,1651656.4651220702,97987.15925104803,0.0,0.0,230357.12290762636,1248327.2498995985
 06/10  07:00:00,1678730.819370238,84557.9744570589,0.0,0.0,230357.12290762636,1293943.398014287
 06/10  08:00:00,2470732.1248659124,36516.98316420517,0.0,0.0,1011892.6249181158,1360971.2079132115
 06/10  09:00:00,11045385.512907507,113585.38985593079,812667.7062759874,0.0,1720683.7723261968,8347322.553724073
 06/10  10:00:00,4724947.244598968,94984.77522139953,688389.2737136179,0.0,1669389.676132191,2231282.6469515073
 06/10  11:00:00,3762122.415493269,86684.65438409752,636060.0087199117,0.0,1594780.0816681825,1417330.4223342424
 06/10  12:00:00,3998110.4098918345,117357.18263915234,865385.1692549887,0.0,1538822.8858201762,1456094.7358873906
 06/10  13:00:00,4266059.227913646,150542.98334569647,1113569.6694746318,0.0,1524833.5868581743,1458366.7549691943
 06/10  14:00:00,4579910.486326169,190615.02023053524,1410351.7176733396,0.0,1520170.487204174,1440027.0279521719
 06/10  15:00:00,5088512.616488319,247670.6784171092,1824357.7349992138,0.0,1524833.5868581743,1471200.1799236955
 06/10  16:00:00,4971929.602021273,286240.2560103476,2094622.2186111032,0.0,1049197.4221501201,1509489.8477903365
 06/10  17:00:00,5232195.23532653,320709.66788419633,2323505.0345733636,0.0,913967.5321841046,1609253.2857661308
 06/10  18:00:00,7048360.811225168,329864.0130587952,2356305.796184072,0.0,1002566.4256101148,3277822.8312116815
 06/10  19:00:00,5197696.520816749,280252.02455068554,1968918.256197867,0.0,1189090.411770136,1657183.6468474276
 06/10  20:00:00,4786598.274970192,178145.3019139832,1241972.8600103736,0.0,1482865.6899721697,1742165.572066958
 06/10  21:00:00,5786372.341056009,175188.6087841821,1212480.5148025881,0.0,2569367.9093542937,1662323.4117455776
 06/10  22:00:00,5466860.277314393,150251.69807441114,1039393.7417562043,0.0,2588020.3079702966,1544337.2724584183
 06/10  23:00:00,2322741.2847505463,58674.808109134545,408506.69262894767,0.0,346468.30429223966,1408543.5012937696
 06/10  24:00:00,1704901.5823766086,10554.827272240285,55494.70135181534,0.0,230357.12290762636,1330101.5917327749
 06/11  01:00:00,1591155.830318556,24270.76245289688,0.0,0.0,259035.18577972965,1229456.5429737775
 06/11  02:00:00,1577097.0831166657,43029.1308363267,0.0,0.0,230357.12290762636,1225317.490260561
 06/11  03:00:00,1574565.6439042802,64949.319941216236,0.0,0.0,230357.12290762636,1200865.8619432854
 06/11  04:00:00,1585111.6960920957,83511.45784699515,0.0,0.0,230357.12290762636,1192849.7762253224
 06/11  05:00:00,1654759.4144719138,87230.940909391,0.0,0.0,325484.35584923724,1178988.6058187285
 06/11  06:00:00,2184786.081685681,47110.594466078845,0.0,0.0,830031.738412095,1247996.6429613042
 06/11  07:00:00,2299658.354015443,14244.75915233975,73521.89997320241,0.0,823503.3988964943,1330445.3931713817
 06/11  08:00:00,1994179.0769351437,48654.185902660916,353682.47607489617,0.0,230357.12290762636,1305246.5922521125
 06/11  09:00:00,2275257.136243732,82294.57792075312,612928.2670061411,0.0,230357.12290762636,1301959.48373225
 06/11  10:00:00,2539286.6062468495,113219.697091656,864273.9217013813,0.0,230357.12290762636,1293943.398014287
 06/11  11:00:00,2896307.581360412,153317.07973198546,1193126.935343855,0.0,230357.12290762636,1293943.398014287
 06/11  12:00:00,3444555.324275648,213285.78944924855,1667199.2976585715,0.0,230357.12290762636,1313262.6779700755
 06/11  13:00:00,3799657.277493893,255301.38832060448,1981989.8550296368,0.0,230357.12290762636,1313262.6779700755
 06/11  14:00:00,4088955.323262364,291929.34640386625,2234659.9427148467,0.0,230357.12290762636,1313262.6779700755
 06/11  15:00:00,4424369.088081786,314688.8338690687,2371313.177032928,0.0,391933.52591874485,1325983.1149709192
 06/11  16:00:00,5214331.022741538,334114.0521630924,2478215.1225738684,0.0,885988.9342601014,1483633.0562851087
 06/11  17:00:00,5090564.34655908,324800.99753820297,2386888.0538383396,0.0,743064.9298649849,1572754.8534229957
 06/11  18:00:00,5246828.667984652,286782.25056086696,2090843.2644414476,0.0,1002566.4256101148,1783130.7791875394
 06/11  19:00:00,5010454.6870755,250792.9428458359,1802614.489040583,0.0,1189090.411770136,1657183.6468474276
 06/11  20:00:00,5330720.697186109,199215.32404791872,1413134.3077222775,0.0,1795293.3667902052,1767995.223425581
 06/11  21:00:00,3581777.5824630763,152267.15954167786,1073101.9148053697,0.0,620425.4089647711,1557041.7816126514
 06/11  22:00:00,2692424.320507547,103502.9363049381,726267.0532950417,0.0,230357.12290762636,1477214.7327998148
 06/11  23:00:00,2165073.19990662,52159.936099261555,364757.2854888551,0.0,230357.12290762636,1410434.0648877132
 06/11  24:00:00,1816640.8356667627,22287.153232139935,155501.6286820697,0.0,230357.12290762636,1330101.5917327749
 06/12  01:00:00,1570757.5151139712,4842.76797516674,7395.166541189836,0.0,230357.12290762636,1249769.1185778365
 06/12  02:00:00,1550691.6481859745,16623.695905635577,0.0,0.0,230357.12290762636,1225317.490260561
 06/12  03:00:00,1538487.0918726882,28870.767909624385,0.0,0.0,230357.12290762636,1200865.8619432854
 06/12  04:00:00,1542195.2090239176,40594.97077881687,0.0,0.0,230357.12290762636,1192849.7762253224
 06/12  05:00:00,3618949.2844630685,33564.3385509505,0.0,0.0,420611.58879084815,3101717.8452267135
 06/12  06:00:00,2769748.2211499205,30863.485502543666,0.0,0.0,1431571.5937781637,1247666.0360230103
 06/12  07:00:00,3080180.800427346,27359.14744662732,0.0,0.0,1615764.0301111848,1379114.7200475086
 06/12  08:00:00,2456819.307786958,27716.77515778281,0.0,0.0,1011892.6249181158,1360971.2079132115
 06/12  09:00:00,2384208.8276868407,7350.917908040244,0.0,0.0,974587.8276861114,1354552.3974157278
 06/12  10:00:00,1764463.1013808427,1127.1485904507867,8089.177887177438,0.0,410585.924534747,1307168.3838365688
 06/12  11:00:00,1700002.9318180974,18235.069374641273,131904.29615888448,0.0,230357.12290762636,1293943.398014287
 06/12  12:00:00,1872935.9993431359,37324.320800109264,271541.4413751983,0.0,230357.12290762636,1313262.6779700755
 06/12  13:00:00,1996110.9994865789,52396.23390626699,381348.7314366605,0.0,230357.12290762636,1313262.6779700755
 06/12  14:00:00,2044034.1436214242,58389.869336336145,423278.24014143663,0.0,230357.12290762636,1313262.6779700755
 06/12  15:00:00,2064877.2116884962,62076.246813660495,446746.8134249704,0.0,230357.12290762636,1305246.5922521125
 06/12  16:00:00,2066753.5735066237,52250.45331675547,373164.6626189357,0.0,230357.12290762636,1378601.4772039393
 06/12  17:00:00,2543863.5032546865,46055.53909083581,326333.7036435676,0.0,572162.3275458654,1536256.421079861
 06/12  18:00:00,4905012.082881162,31570.913905495887,222578.9785690382,0.0,1771977.8685202028,2795378.373701742
 06/12  19:00:00,10697836.122194404,142578.3041378523,987353.975611734,0.0,2145025.840840245,7312104.805033054
 06/12  20:00:00,4945106.299072608,26556.130314053247,185407.11881266776,0.0,2732576.3972443123,1845484.1775014498
 06/12  21:00:00,4148841.0993023305,18672.11304345589,129952.28386785554,0.0,2179999.0882452494,1641276.2966071619
 06/12  22:00:00,2502445.90393764,34076.8032954371,0.0,0.0,819306.6092078937,1493980.0162341832
 06/12  23:00:00,1928762.709001243,90606.73068273965,90000.0,0.0,230357.12290762636,1410434.0648877132
 06/12  24:00:00,1952976.8163121254,134124.76255957244,180000.0,0.0,230357.12290762636,1330101.5917327749
 06/13  01:00:00,1898479.5360728293,159959.9554752143,180000.0,0.0,230357.12290762636,1249769.1185778365
 06/13  02:00:00,1889957.801539137,175889.84925879806,180000.0,0.0,230357.12290762636,1225317.490260561
 06/13  03:00:00,1873031.800789319,183415.47682625515,180000.0,0.0,230357.12290762636,1200865.8619432854
 06/13  04:00:00,1873684.0455301353,192083.80728503427,180000.0,0.0,230357.12290762636,1192849.7762253224
 06/13  05:00:00,1946451.63912402,198923.1655614974,180000.0,0.0,325484.35584923724,1178988.6058187285
 06/13  06:00:00,2075416.2480119306,207248.76721695982,180000.0,0.0,380275.7767837436,1248244.598165025
 06/13  07:00:00,2042650.7121847307,205524.53139213796,45000.0,0.0,428072.548237249,1306110.7297333186
 06/13  08:00:00,1790887.864815123,199045.44985753627,0.0,0.0,230357.12290762636,1305246.5922521125
 06/13  09:00:00,1755504.1787154078,175469.8873985696,0.0,0.0,230357.12290762636,1301959.48373225
 06/13  10:00:00,1703915.5612879551,142122.5738341431,0.0,0.0,230357.12290762636,1293943.398014287
 06/13  11:00:00,1657824.5909233582,107961.02463878687,0.0,0.0,230357.12290762636,1293943.398014287
 06/13  12:00:00,2502386.9065311803,63013.63667840535,0.0,0.0,394265.0757457451,2024657.7578169028
 06/13  13:00:00,11440499.839156523,101983.50742575724,726438.2491015799,0.0,876662.7349521003,9716669.114411136
 06/13  14:00:00,5893549.83771923,103542.46000427323,740965.7595743871,0.0,876662.7349521003,4153632.6499225204
 06/13  15:00:00,2937543.1779857418,79456.21226654027,572781.1113496358,0.0,876662.7349521003,1388192.683127339
 06/13  16:00:00,3857126.7928740196,131928.5169085904,945065.8691703582,0.0,1212405.9100401388,1535346.6392955645
 06/13  17:00:00,7246490.953237528,234111.35635089816,1649864.8486166582,0.0,1599443.1813221832,3700016.0550532304
 06/13  18:00:00,7644944.567566649,241375.4269110854,1685069.770231692,0.0,1771977.8685202028,3863015.553718986
 06/13  19:00:00,6304781.129776611,214182.01218554022,1476661.7088721036,0.0,2145025.840840245,2358138.371307203
 06/13  20:00:00,5722645.7637769,125876.90239682468,863625.8114341877,0.0,2732576.3972443123,1845484.1775014498
 06/13  21:00:00,6115658.267732011,108784.37733874252,742131.5077409938,0.0,2569367.9093542937,2516433.155759373
 06/13  22:00:00,2974551.4967060173,46387.74526832319,317265.0872631891,0.0,819306.6092078937,1636509.5797664854
 06/13  23:00:00,1764220.6062965048,16064.62797800118,0.0,0.0,230357.12290762636,1410434.0648877132
 06/13  24:00:00,1683509.486393562,44657.432641009116,0.0,0.0,230357.12290762636,1330101.5917327749
 06/14  01:00:00,1630622.219490483,72102.6388928681,0.0,0.0,230357.12290762636,1249769.1185778365
 06/14  02:00:00,2249815.0301060393,102055.13832764974,180000.0,0.0,230357.12290762636,1659009.4297586116
 06/14  03:00:00,9388308.272639975,170329.61488547263,180000.0,0.0,230357.12290762636,8729228.195734723
 06/14  04:00:00,1822483.9312661327,140883.6930210319,180000.0,0.0,230357.12290762636,1192849.7762253224
 06/14  05:00:00,1725286.601002656,142449.97293542535,90000.0,0.0,230357.12290762636,1199423.9932650474
 06/14  06:00:00,4014313.983278619,83309.8713462576,0.0,0.0,680113.0845359778,3191243.9215501817
 06/14  07:00:00,2466529.1734549627,44754.72151640689,0.0,0.0,1021218.8242261169,1342612.7248904135
 06/14  08:00:00,2867800.893078722,17544.932464950783,0.0,0.0,1405924.5456811609,1388092.7151347625
 06/14  09:00:00,2394030.949884957,17173.040106156302,0.0,0.0,974587.8276861114,1354552.3974157278
 06/14  10:00:00,2398161.0767721077,8131.564930039424,54421.374590645995,0.0,951272.3294161088,1346843.341303414
 06/14  11:00:00,1648021.5571756617,11489.481774302792,86668.5091167876,0.0,230357.12290762636,1293943.398014287
 06/14  12:00:00,1896980.5984088336,38676.90729795961,294233.45394304587,0.0,230357.12290762636,1313262.6779700755
 06/14  13:00:00,2175377.0437749503,71028.75992329977,541982.2497079989,0.0,230357.12290762636,1313262.6779700755
 06/14  14:00:00,2516855.234471634,110504.01953660138,843985.1807913813,0.0,230357.12290762636,1313262.6779700755
 06/14  15:00:00,3226389.9059155327,151357.6397431595,1154352.263262658,0.0,553509.9289298633,1346719.6376897257
 06/14  16:00:00,4269871.073683806,218677.55766208307,1649191.668017145,0.0,885988.9342601014,1483633.0562851087
 06/14  17:00:00,5147180.114794092,254677.04161591234,1889689.8475479505,0.0,1256705.356753144,1683052.3569825292
 06/14  18:00:00,5975306.431995327,262849.36745821853,1915704.6181442756,0.0,1771977.8685202028,1941268.6296879465
 06/14  19:00:00,5915996.451769313,228607.819547201,1642875.513465342,0.0,2145025.840840245,1788714.0813450057
 06/14  20:00:00,6107785.500689017,169387.28968219415,1205255.1610609347,0.0,2732576.3972443123,1845484.1775014498
 06/14  21:00:00,4733635.550361645,142194.21850703913,1003070.1985678129,0.0,1789231.3372400047,1620198.4785081812
 06/14  22:00:00,2378914.9555133632,64113.133998672056,452147.4906071241,0.0,230357.12290762636,1477214.7327998148
 06/14  23:00:00,1915873.5505866418,20832.886883427236,146884.68538471084,0.0,230357.12290762636,1410434.0648877132
 06/14  24:00:00,1646051.0132114326,7198.959458879585,0.0,0.0,230357.12290762636,1330101.5917327749
 06/15  01:00:00,1580364.0136349935,21844.433037378534,0.0,0.0,230357.12290762636,1249769.1185778365
 06/15  02:00:00,1568764.9883657333,34697.03608539434,0.0,0.0,230357.12290762636,1225317.490260561
 06/15  03:00:00,1555551.8625759804,45935.53861291668,0.0,0.0,230357.12290762636,1200865.8619432854
 06/15  04:00:00,1555843.7347161667,54243.49647106578,0.0,0.0,230357.12290762636,1192849.7762253224
 06/15  05:00:00,1545792.2153043554,52955.587237124855,0.0,0.0,230357.12290762636,1199423.9932650474
 06/15  06:00:00,2157751.1165918303,20075.629372228355,0.0,0.0,830031.738412095,1247996.6429613042
 06/15  07:00:00,3145132.770723643,36691.00972496417,265969.17503201443,0.0,1417582.2948161622,1366947.3883284768
 06/15  08:00:00,2947625.299207846,61976.93028781623,456545.8362908545,0.0,1011892.6249181158,1360971.2079132115
 06/15  09:00:00,3211492.0797810145,98444.33763245012,736189.8323697633,0.0,974587.8276861114,1354552.3974157278
 06/15  10:00:00,3460931.3072339892,131447.63051509176,993875.5394674761,0.0,951272.3294161088,1346843.341303414
 06/15  11:00:00,3339439.1343674883,164699.7584032319,1251838.0971766748,0.0,572162.3275458654,1325175.9058790577
 06/15  12:00:00,3167590.1087150844,186685.51931384346,1416834.352233413,0.0,230357.12290762636,1313262.6779700755
 06/15  13:00:00,3118875.8276813794,183484.76628334762,1373025.0272543805,0.0,230357.12290762636,1313262.6779700755
 06/15  14:00:00,2890145.9907602654,160272.81893008086,1167507.1376865327,0.0,230357.12290762636,1313262.6779700755
 06/15  15:00:00,2480219.519710865,114148.25618484404,810017.1120761557,0.0,230357.12290762636,1305246.5922521125
 06/15  16:00:00,2162526.6886876253,65124.635735322096,456063.59538137063,0.0,230357.12290762636,1378601.4772039393
 06/15  17:00:00,4544211.983934475,54055.808987676966,375517.28757221194,0.0,572162.3275458654,3479421.0479341643
 06/15  18:00:00,4236873.11517482,15300.371482347335,34485.199991091504,0.0,1387272.147065159,2716309.4484515386
 06/15  19:00:00,5286075.58215535,12939.560970124707,89987.8499400647,0.0,2145025.840840245,2927349.1338333967
 06/15  20:00:00,4782014.742328465,48871.692382576344,0.0,0.0,2732576.3972443123,1845484.1775014498
 06/15  21:00:00,3679952.8953439025,45152.12920034437,45000.0,0.0,1790630.267136205,1620229.1814687462
 06/15  22:00:00,2119261.203050174,76606.87214260639,180000.0,0.0,230357.12290762636,1477214.7327998148
 06/15  23:00:00,2034466.4838836505,106310.50556514686,180000.0,0.0,230357.12290762636,1410434.0648877132
 06/15  24:00:00,1948544.680391117,129692.62663856399,180000.0,0.0,230357.12290762636,1330101.5917327749
 06/16  01:00:00,1886277.5326505695,147757.95205295453,180000.0,0.0,230357.12290762636,1249769.1185778365
 06/16  02:00:00,1871937.2071053917,159573.45784922998,180000.0,0.0,230357.12290762636,1225317.490260561
 06/16  03:00:00,1858368.8226035181,170456.70166463163,180000.0,0.0,230357.12290762636,1200865.8619432854
 06/16  04:00:00,1860965.2204126355,179364.98216753465,180000.0,0.0,230357.12290762636,1192849.7762253224
 06/16  05:00:00,1872108.5579794622,185638.30571881376,180000.0,0.0,230357.12290762636,1199423.9932650474
 06/16  06:00:00,1787921.2515386906,189251.94566766857,45000.0,0.0,230357.12290762636,1248327.2498995985
 06/16  07:00:00,2199921.4899108345,185983.13090034708,0.0,0.0,625787.9735668716,1318278.0614523503
 06/16  08:00:00,2611541.772398899,177326.63069719163,0.0,0.0,1011892.6249181158,1360971.2079132115
 06/16  09:00:00,2541618.873356582,161352.55752942676,0.0,0.0,974587.8276861114,1354552.3974157278
 06/16  10:00:00,2483688.399294453,144671.85599467723,0.0,0.0,951272.3294161088,1346843.341303414
 06/16  11:00:00,2421632.5223438153,123989.32802904685,0.0,0.0,913967.5321841046,1356408.4137438284
 06/16  12:00:00,2389237.2510687606,98119.17358979971,0.0,0.0,885988.9342601014,1384678.706928733
 06/16  13:00:00,2178109.7844685144,76577.4851964143,0.0,0.0,715086.3319409818,1367699.734065169
 06/16  14:00:00,1625122.2799419009,62756.245798249634,0.0,0.0,230357.12290762636,1313262.6779700755
 06/16  15:00:00,2472137.868765069,40229.71897811617,0.0,0.0,391933.52591874485,2019524.187578082
 06/16  16:00:00,4469914.583260567,7673.823318241053,54354.24010962165,0.0,1538822.8858201762,2836683.776553161
 06/16  17:00:00,5741793.872755675,47061.06441320227,330513.8570483244,0.0,1599443.1813221832,3700016.0550532304
 06/16  18:00:00,3892731.2367584757,17431.404656646624,80251.58873317392,0.0,1771977.8685202028,1941268.6296879465
 06/16  19:00:00,4078262.819048314,5276.330277261443,36994.38513516917,0.0,2145025.840840245,1788714.0813450057
 06/16  20:00:00,4766696.988590071,47187.56283759955,0.0,0.0,2732576.3972443123,1845484.1775014498
 06/16  21:00:00,5295228.061469151,30692.971504990797,45000.0,0.0,3348105.551572383,1704417.642022409
 06/16  22:00:00,4494201.253440333,36986.415956554985,180000.0,0.0,2588020.3079702966,1544337.2724584183
 06/16  23:00:00,2904011.26440655,71766.42157292983,180000.0,0.0,1156448.7141921325,1395248.150215033
 06/16  24:00:00,2154856.1223045867,108435.02155026639,180000.0,0.0,488226.5337738559,1299801.2278683125
 06/17  01:00:00,1893526.88026493,138276.32513122688,180000.0,0.0,287713.2486518329,1209143.9673697185
 06/17  02:00:00,1823474.1143981349,160993.5591848567,180000.0,0.0,230357.12290762636,1175434.2962176774
 06/17  03:00:00,1866794.895058957,178882.7741200705,180000.0,0.0,230357.12290762636,1200865.8619432854
 06/17  04:00:00,1834313.674254723,200437.76687504246,180000.0,0.0,233621.29266542674,1141861.275602102
 06/17  05:00:00,2037587.9615584924,201734.01830726006,180000.0,0.0,420611.58879084815,1158553.2183724097
 06/17  06:00:00,2343302.144829638,190288.83039244098,0.0,0.0,830031.738412095,1247996.6429613042
 06/17  07:00:00,2595663.6113983723,161959.73829057626,0.0,0.0,1021218.8242261169,1342612.7248904135
 06/17  08:00:00,2567071.689918105,132856.54821639802,0.0,0.0,1011892.6249181158,1360971.2079132115
 06/17  09:00:00,2870669.49027438,91799.54589444192,0.0,0.0,1347635.800006154,1380108.0536484679
 06/17  10:00:00,2396510.213737655,57493.67043787907,0.0,0.0,951272.3294161088,1346843.341303414
 06/17  11:00:00,2318350.9214648055,20707.727150036946,0.0,0.0,913967.5321841046,1356408.4137438284
 06/17  12:00:00,4555999.0589412935,38518.787331449304,283197.5672765795,0.0,885988.9342601014,3327843.3337830366
 06/17  13:00:00,3450865.605456806,74980.54813726609,554111.5290874888,0.0,1362790.8738816557,1440236.421084446
 06/17  14:00:00,4046819.0619855756,127600.22721666929,940275.0863466116,0.0,1520170.487204174,1440027.0279521719
 06/17  15:00:00,4583770.060317869,188351.9679547126,1378933.889291161,0.0,1524833.5868581743,1471200.1799236955
 06/17  16:00:00,6904941.186584342,265121.86472636304,1916522.2882086055,0.0,1212405.9100401388,3478511.2661498683
 06/17  17:00:00,5997999.775931905,316022.53142558865,2260922.9200664717,0.0,1599443.1813221832,1756851.4281989275
 06/17  18:00:00,8063460.224891804,289982.2992951722,2056682.7581969374,0.0,1771977.8685202028,3863015.553718986
 06/17  19:00:00,6694498.8594976645,261407.13015959345,1827675.33573999,0.0,2145025.840840245,2358138.371307203
 06/17  20:00:00,8052234.062512432,177777.64417809434,1233200.0685508272,0.0,2732576.3972443123,3767231.10153249
 06/17  21:00:00,7633738.339784441,170816.30250872797,1175749.7672943084,0.0,3348105.551572383,2772054.822039653
 06/17  22:00:00,5096241.482448879,103663.51014532604,715363.1348197751,0.0,2588020.3079702966,1544337.2724584183
 06/17  23:00:00,2886245.156776528,29483.96884100703,204516.34510190014,0.0,1156448.7141921325,1395248.150215033
 06/17  24:00:00,1696014.9817674768,18955.85009132928,0.0,0.0,273490.7947071313,1325174.9978568642
 06/18  01:00:00,1604977.5233938117,46457.94279619664,0.0,0.0,230357.12290762636,1249769.1185778365
 06/18  02:00:00,1608600.327142596,74532.37486225727,0.0,0.0,230357.12290762636,1225317.490260561
 06/18  03:00:00,1605304.7367702296,95688.41280716595,0.0,0.0,230357.12290762636,1200865.8619432854
 06/18  04:00:00,1615194.0870582582,113593.84881315738,0.0,0.0,230357.12290762636,1192849.7762253224
 06/18  05:00:00,1607845.4283508072,115008.80028357677,0.0,0.0,230357.12290762636,1199423.9932650474
 06/18  06:00:00,2512770.9312873674,74490.81985387811,0.0,0.0,1130801.6660951292,1247831.3394921573
 06/18  07:00:00,3091027.957239238,38206.30425851919,0.0,0.0,1615764.0301111848,1379114.7200475086
 06/18  08:00:00,2475209.331422051,11370.053629380885,34736.74516349513,0.0,1011892.6249181158,1360971.2079132115
 06/18  09:00:00,2226849.2346285633,29331.88353552054,219071.25054522333,0.0,602472.475296869,1328255.940573989
 06/18  10:00:00,1960459.3511916013,46185.55914876488,352480.8045890244,0.0,230357.12290762636,1293943.398014287
 06/18  11:00:00,2342582.7902236683,90549.34398100497,702169.879958092,0.0,230357.12290762636,1293943.398014287
 06/18  12:00:00,2819888.7296554637,142281.9647614366,1113536.527726199,0.0,230357.12290762636,1313262.6779700755
 06/18  13:00:00,3310907.486363428,198055.4270402427,1550486.0251795342,0.0,230357.12290762636,1313262.6779700755
 06/18  14:00:00,3861071.5380515684,261540.4454893806,2037165.058418536,0.0,230357.12290762636,1313262.6779700755
 06/18  15:00:00,4349825.51950657,320025.24357051635,2473746.1244861884,0.0,230357.12290762636,1305246.5922521125
 06/18  16:00:00,5672447.816267563,377664.6019103795,2892781.366352606,0.0,885988.9342601014,1483633.0562851087
 06/18  17:00:00,6678191.494686428,403728.91589328484,3063380.9052701946,0.0,1428074.2690376637,1719951.8925907286
 06/18  18:00:00,7535394.343363311,417686.7102898902,3127467.1158516724,0.0,1771977.8685202028,2134756.700516863
 06/18  19:00:00,30701158.209786497,462835.99502575473,3396728.413265095,0.0,2145025.840840245,24585794.764083892
 06/18  20:00:00,7055142.377834018,359760.43883952464,2638753.545401923,0.0,2107721.043608241,1793824.8747842037
 06/18  21:00:00,7464517.890943295,319289.7689027164,2324179.547154641,0.0,2958736.7304633386,1683370.5268839933
 06/18  22:00:00,3674168.547242315,219259.62436553265,1592254.5919692153,0.0,230357.12290762636,1477214.7327998148
 06/18  23:00:00,2992803.531239993,151109.02235988388,1093538.5305616057,0.0,230357.12290762636,1410434.0648877132
 06/18  24:00:00,2511390.0887964796,106205.16139547757,766332.8736484493,0.0,230357.12290762636,1330101.5917327749
 06/19  01:00:00,2146380.2499094037,71612.27964380536,516248.389667984,0.0,230357.12290762636,1249769.1185778365
 06/19  02:00:00,1903151.8463484817,44946.4553203316,324137.4387478113,0.0,230357.12290762636,1225317.490260561
 06/19  03:00:00,1707593.1133493553,24117.048337660453,173859.74104863097,0.0,230357.12290762636,1200865.8619432854
 06/19  04:00:00,1500428.8632685824,5677.242450514975,40875.7134383871,0.0,233621.29266542674,1141861.275602102
 06/19  05:00:00,1725473.1996025508,7789.531479879976,0.0,0.0,515738.821732459,1138889.3344956548
 06/19  06:00:00,2450736.3837258373,12456.272292347998,0.0,0.0,1130801.6660951294,1247831.339492157
 06/19  07:00:00,2234890.057275633,22998.362385731656,0.0,0.0,823503.3988964943,1330445.3931713817
 06/19  08:00:00,1632132.0422103645,40289.62725277804,0.0,0.0,230357.12290762636,1305246.5922521125
 06/19  09:00:00,1620864.7912232382,40830.49990640026,0.0,0.0,230357.12290762636,1301959.48373225
 06/19  10:00:00,1597744.2533374475,35951.265883635504,0.0,0.0,230357.12290762636,1293943.398014287
 06/19  11:00:00,1580362.7554159022,30499.189131330782,0.0,0.0,230357.12290762636,1293943.398014287
 06/19  12:00:00,1591767.2313455562,27696.99417772798,0.0,0.0,230357.12290762636,1313262.6779700755
 06/19  13:00:00,1586055.8158648596,23689.781721208325,0.0,0.0,230357.12290762636,1313262.6779700755
 06/19  14:00:00,1583545.9348674126,21179.90072376109,0.0,0.0,230357.12290762636,1313262.6779700755
 06/19  15:00:00,1574448.4684076728,18394.316957807536,0.0,0.0,230357.12290762636,1305246.5922521125
 06/19  16:00:00,2038214.8655015137,16544.712713758683,0.0,0.0,558173.0285838639,1431117.266744524
 06/19  17:00:00,3591476.76792931,8561.130538420313,0.0,0.0,913967.5321841046,2605892.5933122286
 06/19  18:00:00,3838336.5842703152,41584.137877482564,0.0,0.0,1771977.8685202028,1941268.6296879465
 06/19  19:00:00,4065168.4270196375,20655.308262868457,0.0,0.0,2145025.840840245,1788714.0813450057
 06/19  20:00:00,4795107.940439872,61964.890493983614,0.0,0.0,2732576.3972443123,1845484.1775014498
 06/19  21:00:00,3632029.115525962,42228.349382403925,0.0,0.0,1790630.267136205,1620229.1814687462
 06/19  22:00:00,3133879.4204087905,59795.550031951585,0.0,0.0,1408256.095508161,1510745.2996685517
 06/19  23:00:00,1841852.0867506436,93696.10843214003,0.0,0.0,230357.12290762636,1410434.0648877132
 06/19  24:00:00,1757114.9138700555,118262.8601175024,0.0,0.0,230357.12290762636,1330101.5917327749
 06/20  01:00:00,1692038.6618744782,133519.08127686335,0.0,0.0,230357.12290762636,1249769.1185778365
 06/20  02:00:00,1679792.1756312738,145724.22335093498,0.0,0.0,230357.12290762636,1225317.490260561
 06/20  03:00:00,1664508.140388853,154891.81642578897,0.0,0.0,230357.12290762636,1200865.8619432854
 06/20  04:00:00,1663292.420644078,161692.18239897722,0.0,0.0,230357.12290762636,1192849.7762253224
 06/20  05:00:00,1733445.2914052298,165916.81784270733,0.0,0.0,325484.35584923724,1178988.6058187285
 06/20  06:00:00,2301693.35709942,164017.86987981776,0.0,0.0,830031.738412095,1247996.6429613042
 06/20  07:00:00,5127660.599441169,131674.31960614683,0.0,0.0,1615764.0301111848,3322279.346901812
 06/20  08:00:00,2556669.3468071516,127566.81417797666,0.0,0.0,1011892.6249181158,1360971.2079132115
 06/20  09:00:00,1904684.4780288741,125444.28209654544,0.0,0.0,416414.7991022477,1315107.7121531195
 06/20  10:00:00,1661919.024242944,100126.03678913203,0.0,0.0,230357.12290762636,1293943.398014287
 06/20  11:00:00,1620892.6779884002,71029.11170382853,0.0,0.0,230357.12290762636,1293943.398014287
 06/20  12:00:00,1788290.9196086826,42458.72236307126,0.0,0.0,394265.0757457451,1331116.68520974
 06/20  13:00:00,2293989.8020766787,6517.0295100124295,6218.384918416769,0.0,876662.7349521003,1385845.4194302
 06/20  14:00:00,2508788.679191703,28330.893613475047,207663.16379005607,0.0,876662.7349521003,1377385.6535701226
 06/20  15:00:00,3192194.767781333,87085.2182033581,637009.1080328017,0.0,1038705.4479286188,1408944.5573264281
 06/20  16:00:00,5295984.300821239,175032.42983143235,1269147.8327970798,0.0,1538822.8858201762,2280601.2949131834
 06/20  17:00:00,6222022.250504561,241079.9455587293,1728505.5250684607,0.0,1256705.356753144,2932675.911229669
 06/20  18:00:00,4479626.567272587,169254.294585749,1209281.7963518756,0.0,1194919.2863376369,1822665.241812641
 06/20  19:00:00,5579858.965971084,191405.66229569164,1343940.184918623,0.0,2145025.840840245,1788714.0813450057
 06/20  20:00:00,4777454.965645906,90028.83310141996,630797.7389519146,0.0,2107721.043608241,1793824.874784204
 06/20  21:00:00,4527794.012077937,66122.01899577485,461455.2906911437,0.0,2179999.0882452494,1641276.2966071619
 06/20  22:00:00,2304865.467155014,19311.57065886427,120042.180721265,0.0,524831.8660577601,1485597.374516999
 06/20  23:00:00,1778162.6970616926,30006.718743188983,0.0,0.0,230357.12290762636,1410434.0648877132
 06/20  24:00:00,1693268.0675270376,54416.013774484614,0.0,0.0,230357.12290762636,1330101.5917327749
 06/21  01:00:00,1640448.2272056798,81928.64660806487,0.0,0.0,230357.12290762636,1249769.1185778365
 06/21  02:00:00,1822874.816762507,108806.86448216814,180000.0,0.0,230357.12290762636,1225317.490260561
 06/21  03:00:00,1822901.85630868,133285.5323456164,180000.0,0.0,230357.12290762636,1200865.8619432854
 06/21  04:00:00,1835318.0871900613,153717.84894496057,180000.0,0.0,230357.12290762636,1192849.7762253224
 06/21  05:00:00,1883280.7905213712,151060.47146355637,90000.0,0.0,420611.58879084815,1158553.2183724097
 06/21  06:00:00,1939372.3700676933,101368.88713117884,0.0,0.0,530194.4306598607,1248161.9464304512
 06/21  07:00:00,1639175.1687334261,56931.74498948766,0.0,0.0,230357.12290762636,1293943.398014287
 06/21  08:00:00,1606645.4904386646,14803.075481077947,0.0,0.0,230357.12290762636,1305246.5922521125
 06/21  09:00:00,1593160.0538077978,6471.039685525509,6654.722805434236,0.0,230357.12290762636,1301959.48373225
 06/21  10:00:00,1774086.9661916983,25353.61408274275,186940.3646551438,0.0,230357.12290762636,1293943.398014287
 06/21  11:00:00,2056403.2383952918,60475.70588236753,446063.96622835274,0.0,230357.12290762636,1293943.398014287
 06/21  12:00:00,2354811.84836758,94610.38267406034,696131.2285256917,0.0,230357.12290762636,1313262.6779700755
 06/21  13:00:00,2619516.1659875177,126806.98539894534,930343.1464449209,0.0,230357.12290762636,1313262.6779700755
 06/21  14:00:00,2880814.2152044377,159299.5617164059,1159148.6193443807,0.0,230357.12290762636,1313262.6779700755
 06/21  15:00:00,3019737.6597200837,179467.5876866071,1284215.9205836114,0.0,230357.12290762636,1305246.5922521125
 06/21  16:00:00,6971392.000074144,258040.9939429524,1800988.6930865718,0.0,1375614.3979301576,3504368.057655096
 06/21  17:00:00,5284892.386239744,235705.88854028826,1629836.3762837877,0.0,1599443.1813221832,1756851.4281989275
 06/21  18:00:00,5075359.998952422,161507.56293558414,1117099.989624006,0.0,1771977.8685202028,1941268.6296879465
 06/21  19:00:00,5276821.685971066,156279.0475451406,1076029.519669157,0.0,2145025.840840245,1788714.0813450057
 06/21  20:00:00,5297507.672791686,71299.81442811397,493064.80841768323,0.0,2732576.3972443123,1845484.1775014498
 06/21  21:00:00,3993991.4135188884,51089.783827641346,353100.8635476888,0.0,1790630.267136205,1620229.1814687462
 06/21  22:00:00,1893626.273727919,10713.537602706114,20258.40521764563,0.0,230357.12290762636,1477214.7327998148
 06/21  23:00:00,1778434.5707738607,30278.592455357117,0.0,0.0,230357.12290762636,1410434.0648877132
 06/21  24:00:00,1691335.4678089763,52483.41405642322,0.0,0.0,230357.12290762636,1330101.5917327749
 06/22  01:00:00,1632816.3640066865,74296.78340907168,0.0,0.0,230357.12290762636,1249769.1185778365
 06/22  02:00:00,1628782.0238235218,94714.07154318303,0.0,0.0,230357.12290762636,1225317.490260561
 06/22  03:00:00,1621684.3275175402,112068.00355447631,0.0,0.0,230357.12290762636,1200865.8619432854
 06/22  04:00:00,1632249.4436408551,130649.20539575431,0.0,0.0,230357.12290762636,1192849.7762253224
 06/22  05:00:00,1629124.1556020356,136287.5275348048,0.0,0.0,230357.12290762636,1199423.9932650474
 06/22  06:00:00,2250212.744318248,112537.25709864608,0.0,0.0,830031.738412095,1247996.6429613042
 06/22  07:00:00,1656507.14554143,74263.72179749142,0.0,0.0,230357.12290762636,1293943.398014287
 06/22  08:00:00,1629732.9584501712,37890.54349258453,0.0,0.0,230357.12290762636,1305246.5922521125
 06/22  09:00:00,1595645.4319865352,15611.140669697124,0.0,0.0,230357.12290762636,1301959.48373225
 06/22  10:00:00,1594950.483924815,5245.309958522877,27912.18651248029,0.0,230357.12290762636,1293943.398014287
 06/22  11:00:00,1833132.1937447714,33561.474343281436,249707.15311691846,0.0,230357.12290762636,1293943.398014287
 06/22  12:00:00,2170216.30932967,71248.05817331925,534898.0139885223,0.0,230357.12290762636,1313262.6779700755
 06/22  13:00:00,2476811.884265947,107177.56061289957,807268.2895093965,0.0,230357.12290762636,1313262.6779700755
 06/22  14:00:00,2814255.7028718423,146980.4329552609,1104909.2357729303,0.0,230357.12290762636,1313262.6779700755
 06/22  15:00:00,3171120.5930634784,190204.30265578855,1424862.1389578243,0.0,230357.12290762636,1305246.5922521125
 06/22  16:00:00,4575580.257081011,258793.7552946727,1915885.2219949253,0.0,885289.4693120013,1483231.9530200444
 06/22  17:00:00,5895050.472307018,324483.19934806507,2359485.5994360037,0.0,1428074.2690376637,1719951.8925907286
 06/22  18:00:00,6954599.373350691,328087.0828054048,2346184.71061152,0.0,1771977.8685202028,2424843.7632288802
 06/22  19:00:00,36539083.84812351,280688.64304052276,1988707.1803845824,0.0,2145025.840840245,32013888.98728665
 06/22  20:00:00,8912853.014284221,278289.15240320144,1958256.1850808284,0.0,2732576.3972443123,3788648.804355753
 06/22  21:00:00,6602636.249899784,221268.78839458287,1560318.8866192608,0.0,2958736.7304633386,1683370.5268839933
 06/22  22:00:00,2910329.242847422,129197.62014384769,918477.2917960071,0.0,230357.12290762636,1477214.7327998148
 06/22  23:00:00,2350927.5766542233,73948.51068454332,528823.0876511763,0.0,230357.12290762636,1410434.0648877132
 06/22  24:00:00,1972710.5911026401,40786.948397342356,293071.5889527448,0.0,230357.12290762636,1330101.5917327749
 06/23  01:00:00,1687784.4860373365,15757.128622955945,113507.77681676576,0.0,230357.12290762636,1249769.1185778365
 06/23  02:00:00,1540280.3256868245,4417.694751931786,3498.8816787310607,0.0,230357.12290762636,1225317.490260561
 06/23  03:00:00,1525321.9757504424,17409.854811555848,0.0,0.0,230357.12290762636,1200865.8619432854
 06/23  04:00:00,1532188.4240164259,30588.185771325014,0.0,0.0,230357.12290762636,1192849.7762253224
 06/23  05:00:00,1548967.900276563,42497.6480159144,0.0,0.0,230357.12290762636,1199423.9932650474
 06/23  06:00:00,1604337.7796274668,50668.47375644461,0.0,0.0,230357.12290762636,1248327.2498995985
 06/23  07:00:00,1636458.9376296035,42286.09271642429,0.0,0.0,230357.12290762636,1293943.398014287
 06/23  08:00:00,2037389.4892909708,21804.406425058227,0.0,0.0,621124.8739128711,1333108.900082662
 06/23  09:00:00,9994540.847412422,118991.03392985294,866499.6540631923,0.0,1720683.7723261968,7237240.296367863
 06/23  10:00:00,3898169.9052990573,93485.74254926779,696193.3365839319,0.0,1669389.676132191,1398200.2774534135
 06/23  11:00:00,4914444.535568858,119565.81672788537,901391.2224379164,0.0,1594780.0816681825,2271440.1663480382
 06/23  12:00:00,6191913.014013041,180493.09240906872,1358990.3936268366,0.0,1538822.8858201762,3093156.205866832
 06/23  13:00:00,4733848.350626893,204308.07289227872,1527593.7026412971,0.0,1524833.5868581743,1458366.7549691943
 06/23  14:00:00,7157937.84500435,267213.206431273,1968616.2632964773,0.0,1520170.487204174,3383191.654806475
 06/23  15:00:00,4482405.006324412,241496.48812083132,1772808.076658407,0.0,1038705.4479286189,1408944.5573264281
 06/23  16:00:00,4506539.116518322,252689.91931681865,1851847.3491969265,0.0,885988.9342601014,1483633.0562851087
 06/23  17:00:00,4443031.95875669,272052.074969911,1997801.4202423184,0.0,572162.3275458654,1536256.421079861
 06/23  18:00:00,3830714.884694764,226031.6446839639,1669074.4503946633,0.0,230357.12290762636,1623449.921548005
 06/23  19:00:00,3442743.9032304497,189247.3198943084,1395172.660706904,0.0,230357.12290762636,1525714.618270979
 06/23  20:00:00,3134748.6912528533,134392.1510725746,989703.5996334776,0.0,230357.12290762636,1638846.9666324663
 06/23  21:00:00,9312521.889253948,223501.2998894298,1624819.9906815917,0.0,1790630.267136205,5506558.435177354
 06/23  22:00:00,4298466.9947244935,148686.80345275323,1085921.5390399657,0.0,1408256.095508161,1510745.2996685517
 06/23  23:00:00,3183817.871155679,104974.30495815357,767116.1274507658,0.0,810213.5648825928,1400965.8954377114
 06/23  24:00:00,2211999.6115216757,64397.7203949658,470542.7594505624,0.0,273490.7947071313,1325174.9978568642
 06/24  01:00:00,1920796.729252901,43638.188199875935,318638.9604554098,0.0,230357.12290762636,1249769.1185778365
 06/24  02:00:00,1758291.1705644215,27202.1503384503,198725.27096980938,0.0,230357.12290762636,1225317.490260561
 06/24  03:00:00,1628008.0853907748,14442.50640999286,105653.45804189544,0.0,230357.12290762636,1200865.8619432854
 06/24  04:00:00,1529193.2935766347,3311.0853374797834,24281.96999405433,0.0,230357.12290762636,1192849.7762253224
 06/24  05:00:00,1536590.6566660744,4163.59267621353,25956.811729212466,0.0,230357.12290762636,1199423.9932650474
 06/24  06:00:00,1832138.5171115836,32877.730983668764,245591.48025689245,0.0,230357.12290762636,1248327.2498995985
 06/24  07:00:00,3221386.288678023,41246.62527619954,312091.5603775403,0.0,625787.9735668716,2172387.805466146
 06/24  08:00:00,4104827.407050524,79185.19313872012,606590.6527086027,0.0,1799956.466444206,1557743.7858886155
 06/24  09:00:00,6078702.1950495355,132581.22159082224,1024784.5879480796,0.0,1534159.7861661753,3336050.5086191418
 06/24  10:00:00,4299225.9073399585,135261.44048524462,1055473.6406888566,0.0,1669389.676132191,1398200.2774534135
 06/24  11:00:00,4317050.230504246,144909.81200191652,1132762.6661130697,0.0,1594780.0816681825,1417330.4223342424
 06/24  12:00:00,4396265.797973012,157231.14804924972,1223666.591926068,0.0,1538822.8858201762,1456094.7358873906
 06/24  13:00:00,4560866.816846501,177978.3204104973,1380941.9213426867,0.0,1524833.5868581743,1458366.7549691943
 06/24  14:00:00,4169188.0229505105,196024.20596022197,1523831.913543586,0.0,1037539.6730151188,1393045.9971656348
 06/24  15:00:00,4225309.287725546,220623.88826657928,1719379.545089401,0.0,876662.7349521003,1388192.683127339
 06/24  16:00:00,5198975.612907754,276700.2753539875,2142142.930758696,0.0,1212405.9100401388,1535346.6392955645
 06/24  17:00:00,5931954.131035246,289863.7011386101,2221036.105456791,0.0,1599443.1813221832,1756851.4281989275
 06/24  18:00:00,6152840.132594595,276011.0110745012,2081780.8781514382,0.0,1771977.8685202028,1941268.6296879465
 06/24  19:00:00,4959747.4029137995,238639.2636953192,1772581.899150284,0.0,1189090.411770136,1657183.6468474276
 06/24  20:00:00,6034966.962551784,198536.04182742094,1455178.8231485507,0.0,2420148.7204262763,1819654.5261428268
 06/24  21:00:00,6804456.819370838,192370.1828454404,1392551.5465612377,0.0,3348105.551572383,1704417.642022409
 06/24  22:00:00,5245891.5722358525,154926.49769138606,1117089.2833736893,0.0,2293079.254854763,1535939.2792609516
 06/24  23:00:00,2933691.6299841376,89306.14335984984,646163.8492398143,0.0,694801.8484460795,1402871.8105119378
 06/24  24:00:00,2009802.677544297,44903.94638145191,326046.67741029203,0.0,230357.12290762636,1330101.5917327749
 06/25  01:00:00,1677392.490969289,14362.71285743697,104510.19751423731,0.0,230357.12290762636,1249769.1185778365
 06/25  02:00:00,1540809.7122468802,4089.724409413954,2652.035557127332,0.0,230357.12290762636,1225317.490260561
 06/25  03:00:00,1525440.318824425,15823.994861361345,0.0,0.0,230357.12290762636,1200865.8619432854
 06/25  04:00:00,1529441.2835263498,27841.045281249022,0.0,0.0,230357.12290762636,1192849.7762253224
 06/25  05:00:00,3697698.1418303605,20535.875144221125,0.0,0.0,563302.4382032645,3050804.316588318
 06/25  06:00:00,3032940.920959897,21167.87519451086,154370.95647664284,0.0,980416.7022536122,1817338.281188928
 06/25  07:00:00,3118721.917612486,83307.41922268746,613640.046451243,0.0,1021218.8242261169,1342612.7248904135
 06/25  08:00:00,2899386.919947681,128856.05005638115,969373.4255158161,0.0,425740.9984102487,1319177.7461673873
 06/25  09:00:00,3931756.216058738,178777.282995731,1376121.0232842064,0.0,974587.8276861114,1354552.3974157278
 06/25  10:00:00,3999005.4461266208,209511.16451613104,1647339.93180847,0.0,771043.5277889882,1333618.3554811324
 06/25  11:00:00,3708170.580744433,240551.3856542238,1917755.628805638,0.0,230357.12290762636,1293943.398014287
 06/25  12:00:00,4057239.3287140736,276130.8626664207,2217038.2288798247,0.0,230357.12290762636,1313262.6779700755
 06/25  13:00:00,4282515.313277692,300531.4935669877,2419617.785567052,0.0,230357.12290762636,1313262.6779700755
 06/25  14:00:00,4423669.729399286,316328.22234243766,2544975.4729131972,0.0,230357.12290762636,1313262.6779700755
 06/25  15:00:00,4389445.416958093,313648.4455235914,2519742.8199846363,0.0,230357.12290762636,1305246.5922521125
 06/25  16:00:00,5108073.9331928715,366096.59784465306,2910473.030168875,0.0,394265.07574574515,1404859.3719742317
 06/25  17:00:00,8415972.895220859,464886.4862949023,3629046.4868891165,0.0,743064.9298649849,3515919.480277299
 06/25  18:00:00,6909556.807052897,464301.552598895,3576052.101471665,0.0,1002566.4256101148,1783130.7791875394
 06/25  19:00:00,6347991.613152974,394348.36581340374,2996595.9921504883,0.0,1189090.411770136,1657183.6468474276
 06/25  20:00:00,6638658.475064344,343917.9405505107,2576369.4690979198,0.0,1795293.3667902052,1767995.2234255811
 06/25  21:00:00,8711427.797478933,331602.62996652175,2457861.5410903543,0.0,2179999.0882452494,3563023.2206382025
 06/25  22:00:00,5307764.602025809,257263.04726321026,1905419.8119146128,0.0,1408256.095508161,1581743.1721396984
 06/25  23:00:00,3907447.011120278,202839.52845693257,1499569.0331821635,0.0,694801.8484460795,1402871.8105119378
 06/25  24:00:00,2930129.234833281,144984.50547018964,1069878.5197633498,0.0,316624.46650663624,1320248.4039809536
 06/26  01:00:00,2400856.283491028,100786.69915145572,741550.0037419575,0.0,230357.12290762636,1249769.1185778365
 06/26  02:00:00,2147198.8692690893,73626.39269181443,539504.5242969359,0.0,230357.12290762636,1225317.490260561
 06/26  03:00:00,1924019.790119236,49932.629674279524,364470.83648189285,0.0,230357.12290762636,1200865.8619432854
 06/26  04:00:00,1741325.6569494307,28963.64043775513,210761.7782665747,0.0,230357.12290762636,1192849.7762253224
 06/26  05:00:00,1791253.16144619,26975.366102747812,196749.32178091962,0.0,325484.35584923724,1178988.6058187285
 06/26  06:00:00,5866492.47076593,142936.83026226683,1041506.2780019816,0.0,1431571.5937781637,3190830.662877314
 06/26  07:00:00,4795443.484287541,182007.60428857122,1350265.1600041967,0.0,1813945.7654062074,1391282.0517665402
 06/26  08:00:00,5293108.645365069,234488.43466249394,1787210.8221042077,0.0,1799956.466444206,1415214.2223563134
 06/26  09:00:00,4864310.885657147,258272.64030757063,2029878.521294383,0.0,1161111.8138461327,1367330.2255320977
 06/26  10:00:00,4378360.104539647,268764.09825876646,2160895.443928263,0.0,590814.7261618676,1320393.3696588506
 06/26  11:00:00,4254513.4969617,295466.41309411847,2409183.51758301,0.0,230357.12290762636,1293943.398014287
 06/26  12:00:00,5193321.874626201,354680.6576286006,2911047.0596742053,0.0,558173.0285838639,1348970.6924494042
 06/26  13:00:00,5275894.996748731,401891.4923097426,3311637.470295336,0.0,230357.12290762636,1313262.6779700755
 06/26  14:00:00,5680047.8835654175,445519.5542455236,3672162.295176242,0.0,230357.12290762636,1313262.6779700755
 06/26  15:00:00,6038108.7245948855,486481.5240985081,3995573.0490465113,0.0,230357.12290762636,1305246.5922521125
 06/26  16:00:00,7355468.027688539,542135.2527404532,4411330.926943508,0.0,885988.9342601014,1483633.0562851087
 06/26  17:00:00,8781643.77345478,616693.2813725203,4953868.818559311,0.0,1428074.2690376637,1719951.8925907286
 06/26  18:00:00,11812794.033334302,684057.0338744593,5388819.9262127075,0.0,1771977.8685202028,3884433.2565422496
 06/26  19:00:00,8681224.268576933,590749.871453725,4589694.210150282,0.0,1667058.1263051906,1722948.8640962166
 06/26  20:00:00,7812171.54325888,515571.2858669368,3916486.52015269,0.0,1482865.6899721697,1742165.572066958
 06/26  21:00:00,7222772.365648098,430662.8557337149,3202308.743770825,0.0,1790630.267136205,1620229.1814687462
 06/26  22:00:00,4664449.491632251,336686.7514553941,2465108.409269289,0.0,230357.12290762636,1477214.7327998148
 06/26  23:00:00,3895414.2767320313,260452.42682823725,1886805.8715852902,0.0,230357.12290762636,1410434.0648877132
 06/26  24:00:00,3290352.806786541,201436.4308041091,1450064.322229879,0.0,230357.12290762636,1330101.5917327749
 06/27  01:00:00,2824290.146147147,154829.80590164394,1110940.7596478877,0.0,230357.12290762636,1249769.1185778365
 06/27  02:00:00,2485916.9902273263,116602.70412780101,835246.3338191863,0.0,230357.12290762636,1225317.490260561
 06/27  03:00:00,2095238.0745546601,75251.38250142196,540063.7983712583,0.0,230357.12290762636,1171172.4316622014
 06/27  04:00:00,1911902.7187428237,55767.63116393318,402259.1801992102,0.0,233621.29266542674,1141861.275602102
 06/27  05:00:00,2065643.9518415062,51062.04191852179,372361.5908651695,0.0,420611.58879084815,1158553.2183724097
 06/27  06:00:00,11294346.449421624,111788.83424892092,822789.1779862173,0.0,980883.0122190122,9319238.31912127
 06/27  07:00:00,2855820.9353041975,150663.53419296356,1122913.9773672957,0.0,230357.12290762636,1293943.398014287
 06/27  08:00:00,3342813.339203926,204468.08931653362,1546502.8349298052,0.0,230357.12290762636,1305246.5922521125
 06/27  09:00:00,3615388.139940569,233006.94692978635,1802346.901693945,0.0,230357.12290762636,1301959.48373225
 06/27  10:00:00,3869222.6440862417,259903.92994412378,2047525.7266883056,0.0,230357.12290762636,1293943.398014287
 06/27  11:00:00,4304312.5081412485,308587.829953321,2445861.1119033564,0.0,230357.12290762636,1293943.398014287
 06/27  12:00:00,4653656.853904818,345794.4505518799,2743792.1661851103,0.0,230357.12290762636,1313262.6779700755
 06/27  13:00:00,4930116.9297691565,377280.80067478784,2990470.0949507174,0.0,230357.12290762636,1313262.6779700755
 06/27  14:00:00,5248300.5598100005,413759.9591034535,3272174.5665628957,0.0,230357.12290762636,1313262.6779700755
 06/27  15:00:00,5580688.564769324,454959.9348394072,3569674.4784800513,0.0,230357.12290762636,1305246.5922521125
 06/27  16:00:00,5866103.668843318,484378.1830204062,3740387.028251978,0.0,230357.12290762636,1378601.4772039393
 06/27  17:00:00,6802517.7448467715,492365.4715046827,3723875.943497297,0.0,913967.5321841046,1609253.2857661308
 06/27  18:00:00,7770407.153324995,473916.5296723917,3499738.17725977,0.0,1771977.8685202028,1941268.6296879465
 06/27  19:00:00,6256307.440085255,399681.0658673343,2899579.1190288384,0.0,1189090.411770136,1657183.6468474276
 06/27  20:00:00,6765947.156911759,332378.92741210875,2376939.8359070793,0.0,2107721.043608241,1793824.8747842037
 06/27  21:00:00,7893695.738859657,329454.720027246,2332776.5076990114,0.0,3348105.551572383,1704417.642022409
 06/27  22:00:00,4466464.094629719,246647.43599581515,1751447.5579917007,0.0,819306.6092078937,1493980.0162341832
 06/27  23:00:00,3094100.582657169,165210.83103599862,1180733.7733026668,0.0,230357.12290762636,1410434.0648877132
 06/27  24:00:00,2681462.7697185474,127333.4939981043,915277.2219678903,0.0,230357.12290762636,1330101.5917327749
 06/28  01:00:00,2386482.1338722687,100553.7399116863,727408.8133629672,0.0,230357.12290762636,1249769.1185778365
 06/28  02:00:00,2206468.2348139714,81260.18400234409,591140.0985312887,0.0,230357.12290762636,1225317.490260561
 06/28  03:00:00,2071020.003901191,67545.2178885148,493858.4620496125,0.0,230357.12290762636,1200865.8619432854
 06/28  04:00:00,1983932.1696418817,57747.325109847894,424584.60628693283,0.0,230357.12290762636,1192849.7762253224
 06/28  05:00:00,1936198.4308635632,52764.19656697749,390597.6062293552,0.0,230357.12290762636,1199423.9932650474
 06/28  06:00:00,3107687.0168618597,68135.22012560768,508007.24119257473,0.0,530194.4306598606,1941703.0190376146
 06/28  07:00:00,9111221.799864363,183525.9935446341,1367885.84050168,0.0,1021218.8242261169,6480648.238769907
 06/28  08:00:00,5608663.49672109,143513.62345774705,1092882.713779864,0.0,1011892.6249181158,3304135.834767516
 06/28  09:00:00,3352514.177694046,110941.50200092644,864714.7659143191,0.0,974587.8276861114,1354552.3974157278
 06/28  10:00:00,2574176.142975105,91691.4446063647,727237.9234655257,0.0,410585.924534747,1307168.3838365688
 06/28  11:00:00,2443208.6592458375,99040.30434623998,794304.7886150262,0.0,230357.12290762636,1293943.398014287
 06/28  12:00:00,2853958.409269386,142155.87790025704,1147732.2942013005,0.0,230357.12290762636,1313262.6779700755
 06/28  13:00:00,3313307.079531219,192269.53549140866,1558671.5098961592,0.0,230357.12290762636,1313262.6779700755
 06/28  14:00:00,3844080.1980223116,250714.02325507105,2031000.140623589,0.0,230357.12290762636,1313262.6779700755
 06/28  15:00:00,5619854.367423905,335217.91941596137,2698068.385827369,0.0,715086.3319409818,1851031.2939494667
 06/28  16:00:00,23614717.21842114,581274.1453904161,4569249.62717678,0.0,1538822.8858201762,16892990.7025744
 06/28  17:00:00,10340396.174705133,560593.073532973,4417288.352902188,0.0,1599443.1813221832,3700016.055053231
 06/28  18:00:00,8624692.752168663,538770.691281357,4220079.60035887,0.0,1002566.4256101148,2779770.0867336374
 06/28  19:00:00,7935804.310495937,476125.16865288845,3687032.4889782,0.0,1906041.9835727178,1755831.4727206111
 06/28  20:00:00,8624710.396680906,455032.93982542737,3436534.406909591,0.0,2732576.3972443123,1845484.1775014498
 06/28  21:00:00,8670428.493197769,408362.0616413823,3030601.920422986,0.0,3348105.551572383,1704417.642022409
 06/28  22:00:00,5823322.474913364,328632.99256038916,2420605.6119761365,0.0,1408256.095508161,1510745.2996685517
 06/28  23:00:00,4069095.2050923817,251046.20106600714,1841451.7901265316,0.0,462579.485676853,1406652.9376998255
 06/28  24:00:00,3213400.082704937,189311.27810157306,1385236.7508508111,0.0,230357.12290762636,1330101.5917327749
 06/29  01:00:00,2780198.608502669,147006.5407664534,1074672.4871386008,0.0,230357.12290762636,1249769.1185778365
 06/29  02:00:00,2495081.5030888813,115713.38184921144,845300.1689593308,0.0,230357.12290762636,1225317.490260561
 06/29  03:00:00,2248687.650615014,89070.75768591689,650000.5689660333,0.0,230357.12290762636,1200865.8619432854
 06/29  04:00:00,2064084.343024632,67822.53485229786,494661.5699272333,0.0,230357.12290762636,1192849.7762253224
 06/29  05:00:00,2065457.4755314535,55412.154366953975,405170.9248543309,0.0,373047.9723200427,1168770.912095569
 06/29  06:00:00,4982078.993962135,90072.39176535446,660864.1760159327,0.0,980416.7022536122,3191078.618081034
 06/29  07:00:00,3478283.6808341257,125228.3083106243,931280.9205849464,0.0,1021218.8242261169,1342612.7248904135
 06/29  08:00:00,3684054.211477883,169591.08876822732,1294675.6194983781,0.0,816508.7494154935,1347040.0539979367
 06/29  09:00:00,3339674.2443057867,198249.06955190236,1561390.8834370465,0.0,230357.12290762636,1301959.48373225
 06/29  10:00:00,3709672.706771643,237635.79290685663,1910243.9264109745,0.0,230357.12290762636,1293943.398014287
 06/29  11:00:00,4116463.2429298265,281122.8164622441,2285476.860183011,0.0,230357.12290762636,1293943.398014287
 06/29  12:00:00,4680369.804284892,339706.142241725,2776593.4248753386,0.0,230357.12290762636,1313262.6779700755
 06/29  13:00:00,5266774.859939441,402061.7227457307,3302347.103050059,0.0,230357.12290762636,1313262.6779700755
 06/29  14:00:00,5922208.096897115,472872.0075600065,3886970.0551934578,0.0,230357.12290762636,1313262.6779700755
 06/29  15:00:00,6981548.101303829,551319.3013181449,4509548.797075968,0.0,553509.9289298633,1346719.6376897257
 06/29  16:00:00,8201255.865052754,638137.7133655385,5161116.303682638,0.0,885988.9342601014,1483633.0562851087
 06/29  17:00:00,8766555.449771885,688524.2641785378,5491754.855748555,0.0,913967.5321841046,1609253.2857661308
 06/29  18:00:00,8984636.135021888,690252.8694404595,5425180.1125990935,0.0,1002566.4256101148,1783130.7791875394
 06/29  19:00:00,9816279.45674624,667602.8654577864,5104163.472531686,0.0,2145025.840840245,1788714.0813450057
 06/29  20:00:00,9772941.771114944,600230.2011435599,4439568.520025495,0.0,2732576.3972443123,1845484.1775014498
 06/29  21:00:00,9557094.378716493,524673.410127591,3800956.4574555014,0.0,3348105.551572383,1704417.642022409
 06/29  22:00:00,14922472.43033105,435774.1035755902,3134068.412608501,0.0,1703663.4585890952,9493883.980357736
 06/29  23:00:00,27563201.3461006,376628.74261050264,2704391.9217004534,0.0,230357.12290762636,24144458.76835885
 06/29  24:00:00,3949602.5166770383,280140.5608092729,2030609.9021152123,0.0,230357.12290762636,1330101.5917327749
 06/30  01:00:00,3329321.5331696877,214050.1524936831,1556751.8000783897,0.0,230357.12290762636,1249769.1185778365
 06/30  02:00:00,2930950.9066162067,168529.98269954062,1230057.1746605046,0.0,230357.12290762636,1225317.490260561
 06/30  03:00:00,2637395.656830022,135678.50864347396,993805.0272476618,0.0,230357.12290762636,1200865.8619432854
 06/30  04:00:00,2432995.2280122754,111513.52907095558,819881.4606962192,0.0,230357.12290762636,1192849.7762253224
 06/30  05:00:00,2411233.93078113,107476.84848031035,797286.8300401714,0.0,230357.12290762636,1199423.9932650474
 06/30  06:00:00,2886182.4416217227,156991.86529016943,1175521.270460531,0.0,230357.12290762636,1248327.2498995985
 06/30  07:00:00,3313164.9924663426,201059.62315329633,1517932.5243998666,0.0,230357.12290762636,1293943.398014287
 06/30  08:00:00,4565312.695359932,246814.24315621232,1884283.3105020118,0.0,1011892.6249181158,1360971.2079132115
 06/30  09:00:00,12728071.605726648,428740.0020301972,3290281.444277074,0.0,1720683.7723261968,7237240.296367863
 06/30  10:00:00,6734729.570121008,408226.14985379635,3218012.5941013545,0.0,1669389.676132191,1398200.2774534135
 06/30  11:00:00,6941683.766037814,433943.3962368999,3468362.6174116554,0.0,1594780.0816681825,1417330.4223342424
 06/30  12:00:00,7062359.330131196,450567.64705956273,3596423.62507394,0.0,1538822.8858201762,1456094.7358873906
 06/30  13:00:00,6469454.051048953,428212.54076852393,3399641.028909644,0.0,1200748.1609051374,1422106.0871996973
 06/30  14:00:00,6524457.430106756,416637.6857495555,3305413.277593436,0.0,1359293.5491411556,1424366.6843566597
 06/30  15:00:00,6874532.936853741,431213.4162466628,3426835.317535082,0.0,1524833.5868581743,1471200.1799236955
 06/30  16:00:00,7046099.902909482,434120.0687159992,3453716.8686079187,0.0,1538822.8858201762,1587060.2223060203
 06/30  17:00:00,7335193.048965645,439348.57989512733,3474790.144630674,0.0,1599443.1813221832,1756851.4281989275
 06/30  18:00:00,7926633.382878824,470514.5844109772,3661070.555099192,0.0,1771977.8685202028,1941268.6296879465
 06/30  19:00:00,7686716.611523012,421429.5719073665,3229294.9359797626,0.0,2145025.840840245,1788714.0813450057
 06/30  20:00:00,8111346.35561144,399546.3194201624,2992290.610438806,0.0,2732576.3972443123,1845484.1775014498
 06/30  21:00:00,7470676.218075604,366252.7444454169,2705720.256160949,0.0,2569367.9093542937,1662323.4117455776
 06/30  22:00:00,5512632.778287671,292549.4508752476,2156224.6751806485,0.0,1408256.095508161,1510745.2996685517
 06/30  23:00:00,4152305.470673062,232819.36675983912,1721264.46652875,0.0,694801.8484460795,1402871.8105119378
 06/30  24:00:00,3225291.0479820613,183938.16601295408,1366463.7336515924,0.0,273490.7947071313,1323573.7690746195
 07/01  01:00:00,2812564.3658686345,147960.92916529553,1103296.6656732722,0.0,244696.154343678,1238786.0321506253
 07/01  02:00:00,2504800.4112120215,117694.76464921249,881393.7525891291,0.0,230357.12290762636,1199222.0253245458
 07/01  03:00:00,2432852.906595664,108836.94998804956,816937.8534239676,0.0,230357.12290762636,1200588.2345345132
 07/01  04:00:00,2363372.722124913,101218.41209421038,761418.9622646801,0.0,230357.12290762636,1192553.6403226322
 07/01  05:00:00,2331641.6740724393,96180.56650979863,729880.3985389863,0.0,230357.12290762636,1199090.8403745207
 07/01  06:00:00,2562396.591593397,116137.9562324174,893614.5764483742,0.0,230357.12290762636,1247846.029057727
 07/01  07:00:00,3331847.587415536,198766.05167534368,1540026.404553092,0.0,230357.12290762636,1293332.6177149885
 07/01  08:00:00,3821514.932447818,252050.41967872257,1973565.381315449,0.0,230357.12290762636,1304635.811952814
 07/01  09:00:00,4227249.223303277,295437.77434986865,2349331.950291241,0.0,230357.12290762636,1301367.2119268696
 07/01  10:00:00,4610861.201758761,334888.30234644515,2711679.027727563,0.0,230357.12290762636,1293332.6177149885
 07/01  11:00:00,6279891.97658043,395222.4749589673,3249667.3644705703,0.0,1226395.2090021404,1381537.5074406597
 07/01  12:00:00,7286093.531584165,462579.14000703546,3847762.108199518,0.0,1506181.1882421724,1449269.0296043698
 07/01  13:00:00,6968114.7314189905,501300.1063643027,4208088.334556343,0.0,858010.3363360983,1382105.7274254342
 07/01  14:00:00,7210117.109017758,545977.6522499695,4586030.124336803,0.0,701097.0329789803,1358402.0727151914
 07/01  15:00:00,6968252.05624376,578726.0957871798,4834230.960065071,0.0,230357.12290762636,1304635.811952814
 07/01  16:00:00,9721319.534429718,643901.1207388942,5309668.342220911,0.0,389601.9760917446,3346003.158287308
 07/01  17:00:00,9669241.958280377,687793.5977019109,5602459.812066002,0.0,1566801.4837441794,1747897.1905865662
 07/01  18:00:00,9961177.047329605,686976.2109813113,5516906.893918628,0.0,1743999.2705961994,1932086.4097091919
 07/01  19:00:00,9480072.396184213,613479.5526699128,4864086.802782773,0.0,2121710.342570243,1779285.3705059395
 07/01  20:00:00,9927684.496166656,591173.6112484683,4644658.335034732,0.0,2713923.9986283104,1837505.931331921
 07/01  21:00:00,9910849.537249954,531532.5630005274,4192318.459805566,0.0,3324790.0533023803,1696408.2593044192
 07/01  22:00:00,8335668.359286801,460794.1300335839,3620505.439559658,0.0,2574031.009008295,1536531.4831735275
 07/01  23:00:00,5384510.606009809,363035.1862097059,2828395.1502061924,0.0,694801.8484460795,1398459.932286744
 07/01  24:00:00,4138368.6937095234,286794.8273235357,2214104.9409422223,0.0,230357.12290762636,1329287.2180003764
 07/02  01:00:00,3740740.754735862,251908.11372668896,1931307.5103480637,0.0,230357.12290762636,1249343.423217719
 07/02  02:00:00,3440121.1087947553,220419.14469999363,1686554.4277752563,0.0,230357.12290762636,1224965.8288761163
 07/02  03:00:00,3189502.4132407713,194435.75644552178,1486296.7148173465,0.0,230357.12290762636,1200588.2345345132
 07/02  04:00:00,3738074.9016983127,180578.24556308857,1375668.999234808,0.0,231056.58785572645,1872946.4845089258
 07/02  05:00:00,4509839.2914866265,189142.6792876653,1434573.357030814,0.0,417347.41903304774,2406177.8007476362
 07/02  06:00:00,3417929.966378728,149005.41904790013,1138430.541714607,0.0,825368.6387580944,1245911.0090591754
 07/02  07:00:00,2914180.111670335,153767.85347194242,1179199.9985710823,0.0,230357.12290762636,1293332.6177149885
 07/02  08:00:00,3500085.6427517775,221216.69622343287,1688045.3314574652,0.0,230357.12290762636,1304635.811952814
 07/02  09:00:00,3780894.5668979315,254230.420357412,1947568.3254668638,0.0,230357.12290762636,1301367.2119268696
 07/02  10:00:00,4028699.5376510844,281658.48319451156,2186130.860360332,0.0,230357.12290762636,1293332.6177149885
 07/02  11:00:00,4444701.211169825,325372.54572681326,2570261.3429065607,0.0,230357.12290762636,1293332.6177149885
 07/02  12:00:00,5182039.912482863,381369.49751322763,3061028.814992309,0.0,389601.9760917446,1329737.558354513
 07/02  13:00:00,8402218.40883011,464256.14642274973,3757489.0478779725,0.0,858010.3363360983,3303852.6514564743
 07/02  14:00:00,7440473.9495469965,513865.00830345356,4178289.67212723,0.0,858010.3363360983,1871698.7060434015
 07/02  15:00:00,7321070.226480854,554293.4079875562,4499366.834343474,0.0,862673.4359900987,1384434.4826286556
 07/02  16:00:00,7317829.732948572,544592.2201299336,4395707.699284531,0.0,867336.5356440992,1478048.3407991494
 07/02  17:00:00,7676538.145451736,523056.957671399,4181019.2579097436,0.0,1233389.8584831413,1676474.035999989
 07/02  18:00:00,8703836.663019367,560218.2928011322,4384632.588994312,0.0,1743999.2705961994,1932086.4097091919
 07/02  19:00:00,8317885.543058909,493666.5740009627,3813253.7343551414,0.0,2121710.342570243,1779285.3705059395
 07/02  20:00:00,8687409.199403614,462677.573332277,3519344.3658338347,0.0,2713923.9986283104,1837505.931331921
 07/02  21:00:00,8843555.45164774,427482.2486189334,3217231.817025154,0.0,3324790.0533023803,1696408.2593044192
 07/02  22:00:00,5060573.269855805,341570.57677598496,2559138.0156287802,0.0,522500.3162307598,1483407.030943009
 07/02  23:00:00,4025369.39242547,268785.4040638094,2010410.0086328895,0.0,230357.12290762636,1409231.0127830338
 07/02  24:00:00,3554892.373236862,226258.96239489928,1691164.4853981968,0.0,230357.12290762636,1329287.2180003764
 07/03  01:00:00,3196782.3081409484,193299.38515903335,1445957.792320806,0.0,230357.12290762636,1249343.423217719
 07/03  02:00:00,2953528.3398242895,167357.9026439038,1253022.9008608798,0.0,230357.12290762636,1224965.8288761163
 07/03  03:00:00,9750392.485519292,156667.92266319678,1167273.7356651968,0.0,230357.12290762636,8118269.119747509
 07/03  04:00:00,10684458.11386665,158547.74268904782,1171523.0792102916,0.0,230357.12290762636,9046205.58452392
 07/03  05:00:00,7140460.314291047,193996.75170034706,1423634.6079610856,0.0,417347.41903304774,5042883.500209103
 07/03  06:00:00,4021855.195535372,208677.7950808321,1535499.4876082228,0.0,973422.0527726113,1245041.5022747556
 07/03  07:00:00,3496589.88136774,178346.74008822395,1323532.8802691556,0.0,621124.8739128711,1316062.8680927944
 07/03  08:00:00,3374604.4094336415,210023.19075979228,1573757.60360297,0.0,230357.12290762636,1304635.811952814
 07/03  09:00:00,3702823.4144702777,247034.08369430638,1876693.509702315,0.0,230357.12290762636,1301367.2119268696
 07/03  10:00:00,3839361.1251020757,261664.53711608483,2016786.39388975,0.0,230357.12290762636,1293332.6177149885
 07/03  11:00:00,4168561.7567672674,298588.6065607822,2320905.827670034,0.0,230357.12290762636,1293332.6177149885
 07/03  12:00:00,4567999.821746619,340881.52972102177,2663788.697422208,0.0,230357.12290762636,1312670.4061646948
 07/03  13:00:00,4921968.694250757,379946.3035027785,2980384.6349388445,0.0,230357.12290762636,1312670.4061646948
 07/03  14:00:00,5298630.140730846,422940.57245579595,3314051.812465916,0.0,230357.12290762636,1312670.4061646948
 07/03  15:00:00,5728316.004683691,475115.5009087022,3697905.5033834805,0.0,230357.12290762636,1304635.811952814
 07/03  16:00:00,6279201.197507373,532908.3568031172,4106022.1857281476,0.0,230357.12290762636,1377768.5949776226
 07/03  17:00:00,17632604.844645694,620754.95051744,4696553.759143846,0.0,731873.4906953837,11520824.608901564
 07/03  18:00:00,18019101.779751144,690252.8694404595,5123004.609021019,0.0,1743999.2705961994,10378944.929774936
 07/03  19:00:00,10189342.105925497,678261.8608123462,4944032.528770369,0.0,2121710.342570243,2335367.8521459172
 07/03  20:00:00,11799707.13067647,630581.1646539266,4520574.078930738,0.0,2713923.9986283104,3780670.5581862247
 07/03  21:00:00,9411676.773718374,515399.24215489,3697436.1455598315,0.0,3324790.0533023803,1696408.2593044192
 07/03  22:00:00,7740401.4545130525,424379.90012855054,3051501.7319254074,0.0,2574031.009008295,1536531.4831735275
 07/03  23:00:00,5211447.914677337,324951.37435895595,2347334.821255779,0.0,1041036.9977556192,1391538.8772688722
 07/03  24:00:00,3716748.8125866074,242892.2003694036,1761547.2410259414,0.0,316624.46650663624,1317860.3201488627
 07/04  01:00:00,3125884.455559372,189696.73281812327,1378662.5920801393,0.0,230357.12290762636,1249343.423217719
 07/04  02:00:00,2783038.5242175814,151024.37316606948,1098866.614732006,0.0,230357.12290762636,1224965.8288761163
 07/04  03:00:00,2537381.7088078796,124175.26271325207,904436.5041167248,0.0,230357.12290762636,1200588.2345345132
 07/04  04:00:00,2397060.5598970633,108061.44715944472,788263.7649715963,0.0,230357.12290762636,1192553.6403226322
 07/04  05:00:00,2369475.9637965113,105433.5494439002,771996.4156830015,0.0,230357.12290762636,1199090.8403745207
 07/04  06:00:00,4506118.158096521,166405.25678468935,1221310.0086282538,0.0,1121475.4667871282,1937713.0680974987
 07/04  07:00:00,11027740.777610661,318121.9629580096,2332970.7886129194,0.0,1795293.3667902052,6523832.140244832
 07/04  08:00:00,4621015.851579544,258030.37362220173,1951942.5547153603,0.0,998369.6359215142,1356842.6071100289
 07/04  09:00:00,3955642.5769430064,270417.71802350285,2106129.0378458467,0.0,230357.12290762636,1301367.2119268696
 07/04  10:00:00,4209093.535227249,295624.72660719854,2352558.61452381,0.0,230357.12290762636,1293332.6177149885
 07/04  11:00:00,4578383.726432061,334384.423174248,2694931.9807213615,0.0,230357.12290762636,1293332.6177149885
 07/04  12:00:00,5002495.925151164,377052.08389931667,3062114.246648457,0.0,230357.12290762636,1312670.4061646948
 07/04  13:00:00,5458122.925132275,425014.7132924296,3471470.456030711,0.0,230357.12290762636,1312670.4061646948
 07/04  14:00:00,5955915.491151271,478240.1962312952,3916037.539110842,0.0,230357.12290762636,1312670.4061646948
 07/04  15:00:00,6692444.146769242,541058.2506084486,4418062.149829705,0.0,388436.20117824443,1324585.4796217745
 07/04  16:00:00,9482717.612914195,629187.0040579147,5088072.461299756,0.0,867336.5356440992,2865976.6748215677
 07/04  17:00:00,11919863.772704095,662985.0327080064,5309380.848784527,0.0,1233389.8584831413,4651509.997340959
 07/04  18:00:00,9805442.372636585,679561.0559200784,5366895.535492584,0.0,1743999.2705961994,1932086.4097091919
 07/04  19:00:00,9443907.042773385,618239.6580166442,4814702.150053935,0.0,2121710.342570243,1779285.3705059395
 07/04  20:00:00,8935513.397122484,565093.5758089614,4335279.704715079,0.0,2093731.7446462393,1787451.0416749322
 07/04  21:00:00,7727031.144258309,480676.7821930383,3676703.1015440747,0.0,1776640.9681742033,1615367.218950141
 07/04  22:00:00,5598056.765213439,397943.07145128935,3040249.0163111095,0.0,522500.3162307598,1483407.030943009
 07/04  23:00:00,4621706.96911265,333311.7620691032,2542221.2273147753,0.0,230357.12290762636,1409231.0127830338
 07/04  24:00:00,4038780.7766948575,279086.79610679526,2122225.0551442956,0.0,230357.12290762636,1329287.2180003764
 07/05  01:00:00,3673961.709314744,246734.79335354018,1869701.7853000946,0.0,230357.12290762636,1249343.423217719
 07/05  02:00:00,3394121.152783652,217413.32309869162,1643560.293365454,0.0,230357.12290762636,1224965.8288761163
 07/05  03:00:00,3129209.5041136346,189718.63880269593,1430720.9233330358,0.0,230357.12290762636,1200588.2345345132
 07/05  04:00:00,2969180.6096664527,171952.22008642633,1296493.0418140045,0.0,230357.12290762636,1192553.6403226322
 07/05  05:00:00,5271457.468441917,193239.42511039187,1461476.9671020005,0.0,465027.6129952033,3089115.4278468583
 07/05  06:00:00,3526342.992635008,230017.55114193563,1758907.9317287689,0.0,230357.12290762636,1247846.029057727
 07/05  07:00:00,4142738.304743491,292474.89506805496,2269051.150048126,0.0,230357.12290762636,1293332.6177149885
 07/05  08:00:00,4985516.844907423,357661.02348167065,2832001.356727322,0.0,422243.6736697483,1317780.1108182427
 07/05  09:00:00,5043653.644568285,380121.54234339506,3084436.2811512332,0.0,230357.12290762636,1301367.2119268696
 07/05  10:00:00,5483100.604834294,423276.8968928647,3498913.5138451885,0.0,230357.12290762636,1293332.6177149885
 07/05  11:00:00,9536188.277720446,519951.26884970476,4328784.886886577,0.0,562836.1282378645,4099238.411832464
 07/05  12:00:00,8635937.707384171,599121.2188553042,5010780.625821394,0.0,548846.8292758628,2456886.967900541
 07/05  13:00:00,7014834.786136538,576721.1140952344,4876475.916232169,0.0,230357.12290762636,1312670.4061646948
 07/05  14:00:00,7342284.0350947045,610354.3729562275,5170291.906329343,0.0,230357.12290762636,1312670.4061646948
 07/05  15:00:00,7683020.50676133,647450.9039036398,5480274.602466181,0.0,230357.12290762636,1304635.811952814
 07/05  16:00:00,7973886.061902108,674593.2533940928,5659022.153531907,0.0,230357.12290762636,1377768.5949776226
 07/05  17:00:00,8732887.838015549,690252.8694404595,5678124.673424019,0.0,732572.9556434839,1569339.304120123
 07/05  18:00:00,9065962.824062608,690252.8694404595,5527075.341726203,0.0,988577.126648113,1777157.3853292996
 07/05  19:00:00,13558831.763647273,678713.8219347992,5251155.059570791,0.0,1885058.0351297157,5633935.325385345
 07/05  20:00:00,10121028.110479008,635333.2318888524,4780307.618352652,0.0,2713923.9986283104,1837505.931331921
 07/05  21:00:00,7959884.563279459,519699.0105164624,3870534.2922418006,0.0,1776640.9681742033,1615367.218950141
 07/05  22:00:00,5330425.851771627,411817.7670643723,3058467.035766404,0.0,230357.12290762636,1475826.5957559536
 07/05  23:00:00,4507239.129123153,327648.9511391656,2433416.1982552162,0.0,230357.12290762636,1409231.0127830338
 07/05  24:00:00,3958091.0244283043,275447.4182825571,2045174.6807019808,0.0,230357.12290762636,1329287.2180003764
 07/06  01:00:00,3569559.014044199,239294.34453211405,1772739.538850976,0.0,230357.12290762636,1249343.423217719
 07/06  02:00:00,3254336.5252352515,205223.34077108937,1515965.6481446563,0.0,230357.12290762636,1224965.8288761163
 07/06  03:00:00,2985689.022311841,176569.2020653926,1300349.878268546,0.0,230357.12290762636,1200588.2345345132
 07/06  04:00:00,2771650.5438132696,152360.02748760083,1118555.1685596467,0.0,230357.12290762636,1192553.6403226322
 07/06  05:00:00,2673230.8463467862,137389.4634104653,1007681.9587038627,0.0,277104.6969389817,1188456.6919060145
 07/06  06:00:00,4158782.023587246,173320.42304174742,1266231.9660088902,0.0,1417582.294816162,1242432.981921496
 07/06  07:00:00,4197144.244599479,215973.28903056862,1572962.6931754996,0.0,1011892.6249181158,1338793.1184706
 07/06  08:00:00,4023894.625213594,243483.34771304188,1779525.9631745717,0.0,614130.2244318703,1330924.409683671
 07/06  09:00:00,3444404.0058208024,221370.90313976115,1643937.2816073853,0.0,230357.12290762636,1301367.2119268696
 07/06  10:00:00,3440838.5149793765,220792.12497401325,1659136.195909122,0.0,230357.12290762636,1293332.6177149885
 07/06  11:00:00,3874664.805623751,230137.14884509804,1733322.5311468854,0.0,562836.1282378645,1322991.4154800668
 07/06  12:00:00,3753627.336365457,236162.40445999047,1777823.3319281405,0.0,389601.9760917446,1329737.5583545128
 07/06  13:00:00,3722791.4768212317,253812.58182778108,1907341.1391843162,0.0,230357.12290762636,1312670.4061646948
 07/06  14:00:00,3932866.329205823,278640.9001950059,2092587.6732016832,0.0,230357.12290762636,1312670.4061646948
 07/06  15:00:00,4130182.323767038,302702.5400776611,2272184.783297868,0.0,230357.12290762636,1304635.811952814
 07/06  16:00:00,4620285.670234013,352610.59518512106,2627404.4200727846,0.0,230357.12290762636,1377768.5949776226
 07/06  17:00:00,5112580.000958145,402017.27687759063,2955402.993545209,0.0,230357.12290762636,1462204.572240257
 07/06  18:00:00,6544217.270472072,421452.951021421,3047241.379420813,0.0,1176733.1976870345,1815889.6414242727
 07/06  19:00:00,7340190.430774748,410928.09669073345,2918297.0993812103,0.0,2121710.342570243,1779285.3705059395
 07/06  20:00:00,7493833.163777721,347232.31559830584,2441213.5879419125,0.0,2713923.9986283104,1837505.931331921
 07/06  21:00:00,7744326.031752091,318619.5012332817,2226865.1445151563,0.0,3324790.0533023803,1696408.2593044192
 07/06  22:00:00,3684692.5733034112,227191.90039129672,1597359.6239712634,0.0,230357.12290762636,1475826.5957559536
 07/06  23:00:00,2980659.823842867,152782.02991547092,1081703.8141986248,0.0,230357.12290762636,1409231.0127830338
 07/06  24:00:00,2566709.874525391,114726.25388360888,814514.6951980159,0.0,230357.12290762636,1329287.2180003764
 07/07  01:00:00,2194711.400842028,78516.77853590433,558669.4916450148,0.0,230357.12290762636,1249343.423217719
 07/07  02:00:00,2020350.4242001376,60145.51644267603,428749.2102322115,0.0,230357.12290762636,1224965.8288761163
 07/07  03:00:00,1788484.2513937892,38298.30132610533,273634.1866558144,0.0,230357.12290762636,1170061.8947627356
 07/07  04:00:00,1576241.2101090474,9257.193616156852,66248.66872686826,0.0,230357.12290762636,1192553.6403226322
 07/07  05:00:00,1558788.9326461598,6524.890603802423,46683.33301870265,0.0,230357.12290762636,1199090.8403745207
 07/07  06:00:00,1873957.970117627,39274.810690395876,282039.10051462555,0.0,230357.12290762636,1247846.029057727
 07/07  07:00:00,2042047.0138490216,54272.31765394965,394719.56500797183,0.0,230357.12290762636,1293332.6177149885
 07/07  08:00:00,2639605.384289858,124799.97717945205,918906.2756567588,0.0,230357.12290762636,1304635.811952814
 07/07  09:00:00,3936712.109507167,186354.06719556497,1392793.3380817287,0.0,955935.4290701093,1350874.111332092
 07/07  10:00:00,4691226.240856507,233326.4466435862,1767722.656560034,0.0,1282352.4048501465,1367220.6017406029
 07/07  11:00:00,5549717.613538716,296059.0889447924,2258689.017813478,0.0,1557475.2844361784,1410424.801636174
 07/07  12:00:00,5956519.699135508,343966.91268795484,2636800.503069943,0.0,1506181.1882421724,1449269.0296043698
 07/07  13:00:00,6310591.681791078,386675.99148892297,2966235.6252529984,0.0,1487528.7896261702,1451541.0486861737
 07/07  14:00:00,6690381.897396307,433799.4474759671,3317303.517809336,0.0,1487528.7896261702,1433139.915748021
 07/07  15:00:00,7168523.054929004,487787.49025764695,3704008.4565556208,0.0,1492191.889280171,1464233.1533044972
 07/07  16:00:00,7754339.394172391,544287.3428291416,4091793.426329283,0.0,1506181.1882421724,1579932.4996809338
 07/07  17:00:00,8384748.632033662,594928.4554553208,4410831.628065877,0.0,1566801.4837441794,1747897.1905865662
 07/07  18:00:00,7571997.6056729825,570050.0983454686,4155004.733225827,0.0,988577.126648113,1777157.3853292996
 07/07  19:00:00,6927387.116242858,492370.542851227,3505836.957739018,0.0,1175101.1128081344,1652568.1751891337
 07/07  20:00:00,6515681.41157102,396407.38515888376,2767915.763806798,0.0,1473539.4906641685,1737396.1520179438
 07/07  21:00:00,6713254.603639737,348013.7038131117,2400134.979494605,0.0,2163678.2394562475,1635627.4790387105
 07/07  22:00:00,6686019.611784093,309688.52656659187,2121962.295523941,0.0,2574031.009008295,1536531.4831735275
 07/07  23:00:00,4434809.039155346,227585.8354961987,1561724.1416763458,0.0,1156448.7141921325,1389231.8589295815
 07/07  24:00:00,3124294.3478178773,150875.61746887446,1038453.261776852,0.0,573561.2574420656,1283579.6265943216
 07/08  01:00:00,2334031.6514050704,96406.50889274132,664973.4503753893,0.0,287713.2486518329,1207113.8589493437
 07/08  02:00:00,1943965.1437791516,55393.36501064267,382859.88479482895,0.0,230357.12290762636,1199222.0253245458
 07/08  03:00:00,1708579.6867625527,25425.13926435912,176076.4443145467,0.0,230357.12290762636,1200588.2345345132
 07/08  04:00:00,1527671.5253825767,4602.289251792668,22333.888364761955,0.0,230357.12290762636,1192553.6403226322
 07/08  05:00:00,1512575.5925294664,6994.883505811513,0.0,0.0,230357.12290762636,1199090.8403745207
 07/08  06:00:00,1750426.4332292848,24553.221849682923,173229.1524669967,0.0,230357.12290762636,1247846.029057727
 07/08  07:00:00,2349341.239642907,92910.89791409699,663375.21054171,0.0,230357.12290762636,1293332.6177149885
 07/08  08:00:00,2797371.0549958847,145191.8723761374,1056280.0511661004,0.0,230357.12290762636,1304635.811952814
 07/08  09:00:00,4266398.148850277,198356.17232805453,1471730.2512477192,0.0,230357.12290762636,2315199.438539206
 07/08  10:00:00,10451481.661673546,336208.3432457258,2506667.4201554907,0.0,932619.9308001067,6635381.836410087
 07/08  11:00:00,5702178.300705556,315773.7251818904,2391435.0687432205,0.0,1557475.2844361784,1410424.801636174
 07/08  12:00:00,7173295.651650377,364039.9655693942,2769754.143738402,0.0,1506181.1882421724,2513018.28856934
 07/08  13:00:00,18664399.774665467,513089.6029665426,3861411.3150018025,0.0,1487528.7896261702,12783759.840334138
 07/08  14:00:00,7110479.536153134,486705.8948170221,3684494.709225107,0.0,1487528.7896261702,1433139.915748021
 07/08  15:00:00,7414872.22729777,520609.85584406613,3917535.263337966,0.0,1492191.889280171,1464233.1533044972
 07/08  16:00:00,7250215.732555491,555217.0491879381,4132286.6669634804,0.0,1027047.6987936174,1503519.3805195955
 07/08  17:00:00,7433315.554978404,583340.2172675692,4280656.348893603,0.0,899978.233222103,1605050.8814134116
 07/08  18:00:00,7517457.609268367,568891.727158854,4101623.108007826,0.0,988577.126648113,1777157.3853292996
 07/08  19:00:00,8135037.156700475,513575.64644971077,3618955.469519239,0.0,2121710.342570243,1779285.3705059395
 07/08  20:00:00,8173527.925418261,439904.84491905756,3041770.530615747,0.0,2713923.9986283104,1837505.931331921
 07/08  21:00:00,8333189.512246748,401004.1615831614,2745186.8362197257,0.0,3324790.0533023803,1696408.2593044192
 07/08  22:00:00,6898090.552187804,336901.15076874674,2306820.611725498,0.0,2574031.009008295,1536531.4831735275
 07/08  23:00:00,4132067.5972115165,246063.42007393215,1693551.3338703092,0.0,693402.9185498795,1399231.4358563076
 07/08  24:00:00,2966721.0382616078,167922.62415469563,1161329.4886631463,0.0,230357.12290762636,1329287.2180003764
 07/09  01:00:00,2496876.4217914324,118360.34402410264,820990.9471062205,0.0,230357.12290762636,1249343.423217719
 07/09  02:00:00,2189700.0594767197,82568.34370732521,573984.1794498888,0.0,230357.12290762636,1224965.8288761163
 07/09  03:00:00,1952876.8002223577,55780.61860965906,388326.2396347958,0.0,230357.12290762636,1200588.2345345132
 07/09  04:00:00,1711748.8335217286,31126.823228434867,217232.9529455799,0.0,232455.5177519266,1153108.9550600238
 07/09  05:00:00,1768294.7679289244,20885.26011437613,147023.23245639142,0.0,370599.8450016924,1167188.3949690023
 07/09  06:00:00,2453436.4718133314,39596.158810621906,283346.3073864887,0.0,825368.6387580944,1245911.0090591754
 07/09  07:00:00,5588630.783794866,150508.6081200183,1086749.2864271344,0.0,1011892.6249181158,3281957.7453249036
 07/09  08:00:00,3335267.2336641024,182921.81357601658,1356490.9553896561,0.0,422243.67366974836,1317780.1108182427
 07/09  09:00:00,3399578.790712847,210136.89744558794,1610346.0721936028,0.0,230357.12290762636,1301367.2119268696
 07/09  10:00:00,3826208.2294699633,255842.31514306195,2009455.72023066,0.0,230357.12290762636,1293332.6177149885
 07/09  11:00:00,4249767.784891108,301294.345637809,2399406.1167168478,0.0,230357.12290762636,1293332.6177149885
 07/09  12:00:00,4710607.98849638,350665.2163194285,2796613.177573562,0.0,230357.12290762636,1312670.4061646948
 07/09  13:00:00,5097269.621641298,394362.78062694793,3141269.085205216,0.0,230357.12290762636,1312670.4061646948
 07/09  14:00:00,5528914.689706897,442925.41000641487,3524351.5238913484,0.0,230357.12290762636,1312670.4061646948
 07/09  15:00:00,5900538.477797477,485892.52365904965,3859350.9537469186,0.0,230357.12290762636,1304635.811952814
 07/09  16:00:00,6996514.866215474,541578.5094243374,4261721.332896528,0.0,708091.682459981,1452978.4043437676
 07/09  17:00:00,10219317.369336026,619132.8586240411,4763961.594500211,0.0,1566801.4837441794,3206823.3970801313
 07/09  18:00:00,11222236.725710738,651550.2814547888,4868536.0361777255,0.0,1743999.2705961994,3875251.036563496
 07/09  19:00:00,7923851.684265204,533465.5737934373,3916084.088308419,0.0,1648405.7276891887,1715926.7728475365
 07/09  20:00:00,6699714.767526459,444898.045926594,3225731.433927829,0.0,1162743.898725033,1712384.058669732
 07/09  21:00:00,4921287.805424807,360929.59181433945,2617970.432788996,0.0,230357.12290762636,1534387.5845169928
 07/09  22:00:00,4312723.817884197,296172.19668580656,2156410.57225754,0.0,230357.12290762636,1475826.5957559536
 07/09  23:00:00,3813547.5248921793,248669.2961624763,1818704.249000932,0.0,230357.12290762636,1409231.0127830338
 07/09  24:00:00,3408161.0822808025,212013.99700627892,1558678.1598307576,0.0,230357.12290762636,1329287.2180003764
 07/10  01:00:00,3114214.0294073573,185576.2593847791,1371112.6393614688,0.0,230357.12290762636,1249343.423217719
 07/10  02:00:00,2931637.6442127842,165769.81363494103,1232720.2942583372,0.0,230357.12290762636,1224965.8288761163
 07/10  03:00:00,2799925.803029388,152083.763150671,1139072.0979008144,0.0,230357.12290762636,1200588.2345345132
 07/10  04:00:00,2698159.5908618267,141904.67633180713,1067968.330236767,0.0,231056.58785572645,1179405.4119017627
 07/10  05:00:00,3081205.230461944,151494.74370524203,1146830.437801569,0.0,606202.9550200695,1114079.058547601
 07/10  06:00:00,4043705.824503723,221454.9130835957,1691756.9058039065,0.0,825368.6387580944,1245911.0090591754
 07/10  07:00:00,4369294.98489045,295329.3646415649,2286004.3599300496,0.0,425740.9984102488,1304697.7429038915
 07/10  08:00:00,5456231.759835323,367138.75704283576,2883176.8388389563,0.0,806016.7751939922,1344068.7085490995
 07/10  09:00:00,6001440.008673313,405755.5022678967,3241503.479764055,0.0,955935.4290701093,1350874.111332092
 07/10  10:00:00,5562962.397160454,417697.46772602305,3396350.902592634,0.0,405922.8248807465,1305770.748487424
 07/10  11:00:00,5734382.650742726,453261.5525843087,3732053.7756219674,0.0,230357.12290762636,1293332.6177149885
 07/10  12:00:00,6121780.138438475,489137.7357875636,4069312.808047522,0.0,230357.12290762636,1312670.4061646948
 07/10  13:00:00,6497552.463826314,525782.4929995365,4410132.215017643,0.0,230357.12290762636,1312670.4061646948
 07/10  14:00:00,6952814.818996909,573202.1447626357,4817974.918425138,0.0,230357.12290762636,1312670.4061646948
 07/10  15:00:00,7413425.791157845,626533.8693769143,5231596.921389421,0.0,230357.12290762636,1304635.811952814
 07/10  16:00:00,8312500.064764483,685577.2258570724,5618022.604652302,0.0,548846.8292758628,1427908.467888386
 07/10  17:00:00,7970798.51971819,690252.8694404595,5525385.919742385,0.0,230357.12290762636,1462204.572240257
 07/10  18:00:00,9360091.932100516,690252.8694404595,5366028.865600124,0.0,1366288.1986221562,1854621.8975192457
 07/10  19:00:00,8579879.848197842,659191.1857858163,4983049.8527881345,0.0,1175101.1128081344,1652568.1751891337
 07/10  20:00:00,8177989.557322582,570827.7183428106,4242268.866020389,0.0,1473539.4906641685,1737396.1520179438
 07/10  21:00:00,8659943.400653727,510172.84791320196,3765524.2294781003,0.0,2550715.510738292,1655887.7391272802
 07/10  22:00:00,5679517.828340361,419673.49370760925,3099979.6571817105,0.0,522500.3162307598,1483407.030943009
 07/10  23:00:00,4600377.776397264,339652.79125283693,2514551.005415656,0.0,230357.12290762636,1409231.0127830338
 07/10  24:00:00,4019720.362091492,283879.8071663855,2098371.62948134,0.0,230357.12290762636,1329287.2180003764
 07/11  01:00:00,3545573.599459714,237636.11136212392,1750412.357436481,0.0,230357.12290762636,1249343.423217719
 07/11  02:00:00,3265991.7623624415,207821.10571339497,1525023.1203295402,0.0,230357.12290762636,1224965.8288761163
 07/11  03:00:00,3018014.20371133,181386.18852027896,1327858.073213148,0.0,230357.12290762636,1200588.2345345132
 07/11  04:00:00,2817376.8843857874,158495.24651057142,1158146.2901091937,0.0,230357.12290762636,1192553.6403226322
 07/11  05:00:00,2870491.8970766496,148191.76399209382,1085800.4321635503,0.0,417347.41903304774,1156554.2465004963
 07/11  06:00:00,6797499.376327718,256519.28470983577,1878585.8302269706,0.0,1417582.294816162,3185597.6087757996
 07/11  07:00:00,5932703.444020204,320904.11718371185,2373186.8146762527,0.0,1795293.3667902052,1385796.6263653394
 07/11  08:00:00,4699535.2863442125,341931.46346425754,2561749.3581815246,0.0,422243.67366974836,1317780.1108182427
 07/11  09:00:00,4509309.850805894,341374.0717523625,2588839.9579798747,0.0,230357.12290762636,1301367.2119268696
 07/11  10:00:00,4577513.576031766,348267.0308504404,2668336.351085085,0.0,230357.12290762636,1293332.6177149885
 07/11  11:00:00,5351794.692807527,373437.7440694297,2886082.9215586716,0.0,729075.6309029835,1337820.814362606
 07/11  12:00:00,5095526.578422964,402037.8481552005,3130159.1356643736,0.0,230357.12290762636,1312670.4061646948
 07/11  13:00:00,5320847.358340733,426180.00715419184,3333029.5953774075,0.0,230357.12290762636,1312670.4061646948
 07/11  14:00:00,5641615.387979685,462882.87680966547,3617094.7553608855,0.0,230357.12290762636,1312670.4061646948
 07/11  15:00:00,6003887.665045653,507877.0354550518,3940715.629199092,0.0,230357.12290762636,1304635.811952814
 07/11  16:00:00,6462095.756904112,557223.3562109261,4264601.745717078,0.0,230357.12290762636,1377768.5949776226
 07/11  17:00:00,7869401.965514026,624525.709410979,4677249.106080069,0.0,899978.233222103,1605050.8814134116
 07/11  18:00:00,8622481.301047895,640640.5856847661,4678030.518303196,0.0,1366288.1986221562,1854621.8975192457
 07/11  19:00:00,9845225.343254555,582042.0895253646,4135465.913804533,0.0,1411753.4202486617,3605994.398049376
 07/11  20:00:00,8851067.669833789,501693.9905684523,3481057.2463693176,0.0,2403827.871637275,2310531.2309814715
 07/11  21:00:00,6904908.225118126,424040.0049196583,2911216.9596772706,0.0,1776640.9681742033,1615367.218950141
 07/11  22:00:00,5059511.10179938,330801.0074328541,2269121.7884052973,0.0,814643.5095538931,1490987.4661300646
 07/11  23:00:00,3626028.90927943,238456.1758550511,1641398.7536956077,0.0,230357.12290762636,1409231.0127830338
 07/11  24:00:00,3089825.926130077,183779.58815629024,1268577.41253002,0.0,230357.12290762636,1329287.2180003764
 07/12  01:00:00,2651746.8269196018,138009.03912690826,956212.6571315848,0.0,230357.12290762636,1249343.423217719
 07/12  02:00:00,2348822.8521296475,102585.77011599689,713089.5456941442,0.0,230357.12290762636,1224965.8288761163
 07/12  03:00:00,2109685.684537338,75394.2121251506,525521.5304342847,0.0,230357.12290762636,1200588.2345345132
 07/12  04:00:00,1853108.7738762288,44135.20219975196,308238.22391045454,0.0,230357.12290762636,1192553.6403226322
 07/12  05:00:00,1809934.2817477228,35144.599006514865,246630.25850874936,0.0,277104.6969389817,1188456.6919060145
 07/12  06:00:00,2971614.416935877,104245.58607289736,736874.8252467588,0.0,825368.6387580944,1245911.0090591754
 07/12  07:00:00,3981454.9605017016,192140.41201954297,1381106.2860887474,0.0,1011892.6249181158,1338793.1184706
 07/12  08:00:00,4641869.580651809,265937.9941353237,1964984.5729354038,0.0,997903.3259561141,1357213.0074145282
 07/12  09:00:00,4708672.293139998,295877.59885829757,2252384.969032265,0.0,774540.8525294885,1338497.3864807864
 07/12  10:00:00,6907989.579499346,345082.8543748267,2675118.8985306825,0.0,1107486.1678251266,2743081.205295085
 07/12  11:00:00,7932250.588515131,410936.6577887973,3219460.359966486,0.0,895315.1335681025,3381160.85527791
 07/12  12:00:00,6206514.481675358,442163.81954305933,3495773.0460331626,0.0,867336.5356440992,1380939.0149239674
 07/12  13:00:00,6537402.663835557,478275.49582279846,3800400.877514413,0.0,858010.3363360983,1382105.7274254342
 07/12  14:00:00,6982551.417544369,528193.4764597116,4204091.41644639,0.0,858010.3363360983,1373645.961565357
 07/12  15:00:00,7447797.397012663,579180.3969280468,4601207.015934793,0.0,862673.4359900987,1384434.4826286556
 07/12  16:00:00,8986091.842305088,660695.5993644048,5207137.617926719,0.0,1506181.1882421724,1579932.4996809338
 07/12  17:00:00,11405237.417814493,690252.8694404595,5394523.2118015215,0.0,1566801.4837441794,3691061.8174408698
 07/12  18:00:00,9752079.730414474,690252.8694404595,5302841.079750092,0.0,1743999.2705961994,1932086.4097091919
 07/12  19:00:00,9792906.60358832,682653.4229390116,5099287.945946503,0.0,2121710.342570243,1779285.3705059395
 07/12  20:00:00,9873503.647603687,620600.0666434589,4547516.320722725,0.0,2713923.9986283104,1837505.931331921
 07/12  21:00:00,6527463.905453902,500316.27586472157,3677943.9788427777,0.0,616928.0842242707,1554632.49312528
 07/12  22:00:00,5304810.879862384,410412.83623920346,3034256.9946823297,0.0,230357.12290762636,1475826.5957559536
 07/12  23:00:00,4657955.278170458,345704.0705661826,2566077.2278755046,0.0,230357.12290762636,1409231.0127830338
 07/12  24:00:00,4127856.479167451,295055.4830048249,2195332.07071886,0.0,230357.12290762636,1329287.2180003764
 07/13  01:00:00,3722743.3594963662,256383.8824926904,1908834.3463425671,0.0,230357.12290762636,1249343.423217719
 07/13  02:00:00,3456819.571991523,227605.4835851205,1696066.5520868963,0.0,230357.12290762636,1224965.8288761163
 07/13  03:00:00,3235262.123338147,204475.27177159235,1522016.9095886522,0.0,230357.12290762636,1200588.2345345132
 07/13  04:00:00,3065183.879121487,185567.96053885052,1378880.5708166137,0.0,230357.12290762636,1192553.6403226322
 07/13  05:00:00,3098740.8313760157,177363.2985981909,1320991.2574196677,0.0,370599.8450016924,1167188.3949690023
 07/13  06:00:00,4325929.791527048,241829.98712680733,1806421.891553923,0.0,973422.0527726114,1245041.5022747556
 07/13  07:00:00,5124902.610232231,318326.9900992453,2398367.357739575,0.0,1011892.6249181158,1338793.1184706
 07/13  08:00:00,4981230.029948228,367033.7715739748,2818341.793675823,0.0,422243.67366974836,1317780.1108182427
 07/13  09:00:00,5018211.491037612,385769.3632083219,3053346.3067556336,0.0,230357.12290762636,1301367.2119268696
 07/13  10:00:00,5319058.354959035,410559.3465360127,3347588.814326782,0.0,230357.12290762636,1293332.6177149885
 07/13  11:00:00,5834892.668061777,460456.1399323204,3825369.2055930053,0.0,230357.12290762636,1293332.6177149885
 07/13  12:00:00,6290691.749957206,502721.9913883809,4224640.163965435,0.0,230357.12290762636,1312670.4061646948
 07/13  13:00:00,6725428.238374256,546846.2023395207,4616944.280225601,0.0,230357.12290762636,1312670.4061646948
 07/13  14:00:00,7079869.813976582,585946.7857918271,4932285.272375621,0.0,230357.12290762636,1312670.4061646948
 07/13  15:00:00,7445373.590092422,631771.9385846285,5258306.651116285,0.0,230357.12290762636,1304635.811952814
 07/13  16:00:00,7881357.430344474,679536.6979779148,5561550.077390451,0.0,230357.12290762636,1377768.5949776226
 07/13  17:00:00,8803774.082050622,690252.8694404595,5545894.062587185,0.0,899978.233222103,1605050.8814134116
 07/13  18:00:00,10588563.804173738,690252.8694404595,5406039.483575831,0.0,1555143.7346091778,2854227.615629739
 07/13  19:00:00,9875429.489847623,687392.8858358548,5177071.369308964,0.0,2121710.342570243,1779285.3705059395
 07/13  20:00:00,10036875.442539603,646814.0438110918,4684674.138491007,0.0,2713923.9986283104,1837505.931331921
 07/13  21:00:00,7907142.5454994505,532956.8617423633,3804534.4232358914,0.0,1776640.9681742033,1615367.218950141
 07/13  22:00:00,6566189.852065325,432512.43557601183,3074641.853507706,0.0,1398929.8962001598,1506148.3365041756
 07/13  23:00:00,4989196.534439413,343445.3475348817,2445903.5621335967,0.0,694801.8484460795,1398459.932286744
 07/13  24:00:00,4040051.1096283635,276566.20683288976,1976335.0858567152,0.0,402891.81010564615,1306433.422297349
 07/14  01:00:00,3441906.5473422552,228872.18211930926,1640382.6730860062,0.0,287713.2486518329,1207113.8589493437
 07/14  02:00:00,3027624.5675653433,188984.5189053113,1358671.958237922,0.0,230357.12290762636,1173478.2217729753
 07/14  03:00:00,2762590.721465861,158866.97273130994,1142435.1552085704,0.0,230357.12290762636,1154798.7248768467
 07/14  04:00:00,2611550.902173009,135695.69153072574,975119.8628762604,0.0,230357.12290762636,1192553.6403226322
 07/14  05:00:00,2590730.369160821,131949.09511149535,953200.5650256712,0.0,230357.12290762636,1199090.8403745207
 07/14  06:00:00,3141975.6959651387,191508.576646248,1397823.060406285,0.0,230357.12290762636,1247846.029057727
 07/14  07:00:00,3796164.4277084144,262216.29903314786,1940892.9974881657,0.0,230357.12290762636,1293332.6177149885
 07/14  08:00:00,5297230.040633443,338448.3654797131,2542759.1451898804,0.0,997903.3259561141,1357213.0074145282
 07/14  09:00:00,5629197.344136545,378411.29514764296,2893221.3447590303,0.0,955935.4290701093,1350874.111332092
 07/14  10:00:00,8529880.048980603,446530.31611887715,3450007.9683545344,0.0,1282352.4048501465,3310385.2285949057
 07/14  11:00:00,7125934.029640611,467634.52102869906,3663330.0018314677,0.0,1557475.2844361784,1410424.801636174
 07/14  12:00:00,6550245.320310684,478698.3748760709,3802969.3293354786,0.0,867336.5356440992,1380939.0149239674
 07/14  13:00:00,7670840.324774747,524118.631363229,4189041.628362361,0.0,1487528.7896261702,1451541.0486861737
 07/14  14:00:00,8113268.43384459,575095.9855448456,4598893.51618874,0.0,1487528.7896261702,1433139.915748021
 07/14  15:00:00,8585394.5562943,626230.8104337176,4982436.637744844,0.0,1492191.889280171,1464233.1533044972
 07/14  16:00:00,9928756.857041664,671536.3338086328,5284852.154205272,0.0,1506181.1882421724,2434042.243694729
 07/14  17:00:00,9525412.873976626,690252.8694404595,5349407.738021978,0.0,1566801.4837441794,1854660.9085882907
 07/14  18:00:00,9670167.585415132,690252.8694404595,5222620.773545008,0.0,1743999.2705961994,1932086.4097091919
 07/14  19:00:00,9625945.533472983,672294.6290161604,4951144.863725295,0.0,2121710.342570243,1779285.3705059395
 07/14  20:00:00,9669243.469236009,604639.9002606045,4372751.019091947,0.0,2713923.9986283104,1837505.931331921
 07/14  21:00:00,9603499.306050885,539614.6708026426,3876886.120804381,0.0,3324790.0533023803,1696408.2593044192
 07/14  22:00:00,8012814.027297342,458432.12549850496,3300013.1121052783,0.0,2574031.009008295,1536531.4831735275
 07/14  23:00:00,5684723.054959083,367926.95783824445,2671297.0351380375,0.0,1156448.7141921325,1389231.8589295815
 07/14  24:00:00,4288361.657164876,300173.6640218065,2201038.176204311,0.0,402891.81010564615,1306433.422297349
 07/15  01:00:00,3698163.0395847512,253201.2252495641,1872310.1221982467,0.0,287713.2486518329,1207113.8589493437
 07/15  02:00:00,3402283.538122546,221494.7413865776,1649333.0992107177,0.0,230357.12290762636,1224965.8288761163
 07/15  03:00:00,3198766.9698086604,199409.60368629944,1492279.2629387137,0.0,230357.12290762636,1200588.2345345132
 07/15  04:00:00,3063102.590968622,183717.09647684376,1378650.1467257563,0.0,230357.12290762636,1192553.6403226322
 07/15  05:00:00,3052856.9053641614,181073.83525874378,1366202.361081763,0.0,230357.12290762636,1199090.8403745207
 07/15  06:00:00,3631604.0163651817,241129.8052149182,1837830.152237658,0.0,230357.12290762636,1247846.029057727
 07/15  07:00:00,4529477.887647392,311899.4227962119,2417774.3329725554,0.0,425740.9984102488,1304697.7429038915
 07/15  08:00:00,4769430.336362615,355046.96611138957,2818484.2387975794,0.0,230357.12290762636,1304635.811952814
 07/15  09:00:00,5477212.995795319,384391.96197383,3122798.932375469,0.0,593146.2759888677,1326120.6616294808
 07/15  10:00:00,7829092.164756965,463666.7511970682,3817805.2073801644,0.0,1632084.8789001864,1874931.1962174093
 07/15  11:00:00,23373806.77107149,659306.9762318842,5401246.252414032,0.0,1557475.2844361784,15728708.837281302
 07/15  12:00:00,7631545.221267251,572572.3176567019,4790395.287511414,0.0,867336.5356440992,1380939.0149239674
 07/15  13:00:00,7977964.808573764,590396.04196768,4954104.032470036,0.0,1015389.9496586162,1399464.557740619
 07/15  14:00:00,9067223.179966848,656787.3216734601,5471156.926182384,0.0,1487528.7896261702,1433139.915748021
 07/15  15:00:00,10070846.856296986,690252.8694404595,5710325.806133628,0.0,1492191.889280171,2157774.22591166
 07/15  16:00:00,19977769.08920333,690252.8694404595,5685196.280133612,0.0,1506181.1882421724,12063993.81429623
 07/15  17:00:00,11655098.701280633,690252.8694404595,5642692.656473406,0.0,1566801.4837441794,3691061.8174408693
 07/15  18:00:00,10012999.6497477,690252.8694404595,5565452.837877573,0.0,1743999.2705961994,1932086.4097091919
 07/15  19:00:00,10140701.23917348,690252.8694404595,5447942.329001493,0.0,2121710.342570243,1779285.3705059395
 07/15  20:00:00,10708170.712458838,690252.8694404595,5326065.293134922,0.0,2713923.9986283104,1837505.931331921
 07/15  21:00:00,11079794.350166684,687292.3127159798,5205503.523006842,0.0,3324790.0533023803,1696408.2593044192
 07/15  22:00:00,8702532.153103897,593306.2990470881,4457599.194101992,0.0,1986480.4526042272,1521339.9098388515
 07/15  23:00:00,6125253.291425437,461848.9666108703,3470324.055220655,0.0,694801.8484460795,1398459.932286744
 07/15  24:00:00,5028170.389456822,381628.2475729382,2859392.3249451243,0.0,402891.81010564615,1306433.422297349
 07/16  01:00:00,4241000.73412748,316488.3200935917,2366987.283372779,0.0,230357.12290762636,1249343.423217719
 07/16  02:00:00,3885811.617444696,277914.12812343665,2074749.953001754,0.0,230357.12290762636,1224965.8288761163
 07/16  03:00:00,3567588.5087929545,243548.83493959904,1815269.7318754522,0.0,230357.12290762636,1200588.2345345132
 07/16  04:00:00,3341790.974773501,218031.69467756082,1623023.9323299183,0.0,230357.12290762636,1192553.6403226322
 07/16  05:00:00,3348143.062858628,202061.95330982824,1509581.4086277937,0.0,417347.41903304774,1156554.2465004963
 07/16  06:00:00,4219811.828095621,244835.92551724793,1844481.8969621528,0.0,825368.6387580944,1245911.0090591754
 07/16  07:00:00,4790542.710691281,300287.2578639682,2288796.191125426,0.0,816508.7494154935,1327427.9932816974
 07/16  08:00:00,4001624.740938728,274472.8459109507,2136328.2799568977,0.0,230357.12290762636,1304635.811952814
 07/16  09:00:00,4543566.437477517,289063.1364155198,2287864.877204488,0.0,593146.2759888677,1326120.6616294808
 07/16  10:00:00,4324336.074850252,304872.9924069496,2458552.888347061,0.0,230357.12290762636,1293332.6177149885
 07/16  11:00:00,4605642.492962293,331581.9128894205,2724993.257536422,0.0,230357.12290762636,1293332.6177149885
 07/16  12:00:00,5143893.213799033,383933.7880968633,3196629.83109878,0.0,230357.12290762636,1312670.4061646948
 07/16  13:00:00,5633677.190260955,434157.7442909138,3637881.690160907,0.0,230357.12290762636,1312670.4061646948
 07/16  14:00:00,6227885.949184997,497251.493225159,4168996.7001507035,0.0,230357.12290762636,1312670.4061646948
 07/16  15:00:00,7515001.79495943,581563.0882265553,4844057.46852263,0.0,704594.3577194806,1364484.814959695
 07/16  16:00:00,7648821.788430208,648970.6833363437,5359580.450117757,0.0,230357.12290762636,1377768.5949776226
 07/16  17:00:00,9317084.151749285,690252.8694404595,5655068.817386333,0.0,1232690.3935350413,1676474.035999989
 07/16  18:00:00,10053241.76153245,690252.8694404595,5604003.110868069,0.0,1743999.2705961994,1932086.4097091919
 07/16  19:00:00,10181391.460254615,690252.8694404595,5480173.3561113505,0.0,2121710.342570243,1779285.3705059395
 07/16  20:00:00,10709470.712818552,690252.8694404595,5313830.583140589,0.0,2713923.9986283104,1837505.931331921
 07/16  21:00:00,9156455.084070168,652286.1530014023,4934517.670547569,0.0,1776640.9681742033,1615367.218950141
 07/16  22:00:00,7673966.81036954,539052.0810031691,4075879.166384763,0.0,1398929.8962001598,1506148.3365041756
 07/16  23:00:00,5794333.5318606505,445324.8925935106,3375997.837017287,0.0,462579.485676853,1403845.472534889
 07/16  24:00:00,4836521.919306438,371896.47489792155,2827156.5189647507,0.0,230357.12290762636,1329287.2180003764
 07/17  01:00:00,4314657.7966486,320127.90616839274,2437004.7598190983,0.0,230357.12290762636,1249343.423217719
 07/17  02:00:00,3958060.2009883467,281223.42274811387,2143689.241920727,0.0,230357.12290762636,1224965.8288761163
 07/17  03:00:00,3656869.5875134957,248791.0025932146,1899308.642942378,0.0,230357.12290762636,1200588.2345345132
 07/17  04:00:00,3401808.17809889,223114.74914368903,1702855.608134718,0.0,231756.05280382652,1166257.1834808933
 07/17  05:00:00,3366317.174861308,203370.76286542168,1562560.1366377296,0.0,370599.8450016924,1167188.3949690023
 07/17  06:00:00,4100493.1764223315,223871.66530862244,1746127.5054974877,0.0,825368.6387580944,1245911.0090591754
 07/17  07:00:00,4824145.493008351,270719.431870823,2145217.7987441174,0.0,1011892.6249181158,1338793.1184706
 07/17  08:00:00,5710498.676310176,365834.55337609956,2933717.1093529942,0.0,997903.3259561141,1357213.0074145282
 07/17  09:00:00,5717951.775710056,409655.2277342119,3341658.124118334,0.0,593146.2759888679,1326120.6616294808
 07/17  10:00:00,5645442.60475748,439794.687493459,3644737.72316778,0.0,230357.12290762636,1293332.6177149885
 07/17  11:00:00,6113139.733178602,487193.8834331517,4076878.5272089993,0.0,230357.12290762636,1293332.6177149885
 07/17  12:00:00,6595202.019031025,534496.968234151,4497375.456193483,0.0,230357.12290762636,1312670.4061646948
 07/17  13:00:00,7042821.908483853,580859.5499596986,4900324.602715019,0.0,230357.12290762636,1312670.4061646948
 07/17  14:00:00,7702829.468960339,633543.5055343509,5335491.01540957,0.0,387270.42626474437,1327914.2950148603
 07/17  15:00:00,10656983.383941928,687099.4093516945,5759309.363586108,0.0,862673.4359900987,3327599.109482959
 07/17  16:00:00,8830371.42621311,690252.8694404595,5762588.743238542,0.0,867336.5356440992,1478048.3407991494
 07/17  17:00:00,9371425.231857967,690252.8694404595,5708710.4325469155,0.0,1233389.8584831413,1676474.035999989
 07/17  18:00:00,10044302.6522682,690252.8694404595,5595064.001603818,0.0,1743999.2705961994,1932086.4097091919
 07/17  19:00:00,10123716.55112015,690252.8694404595,5422498.446976887,0.0,2121710.342570243,1779285.3705059395
 07/17  20:00:00,10546157.9595832,676743.6898465091,5164027.00949919,0.0,2713923.9986283104,1837505.931331921
 07/17  21:00:00,9449946.342467975,592481.6664813695,4473218.35272418,0.0,2550715.510738292,1655887.7391272802
 07/17  22:00:00,7489186.802194571,482320.4905881786,3646459.6837554136,0.0,1692705.1744021936,1513744.1231715137
 07/17  23:00:00,5775377.293929952,416577.05001100694,3158952.619148012,0.0,694801.8484460795,1398459.932286744
 07/17  24:00:00,4673446.801861585,351548.1661514219,2684429.7102663973,0.0,230357.12290762636,1329287.2180003764
 07/18  01:00:00,4212926.872006021,306341.0851908856,2349060.6561540267,0.0,230357.12290762636,1249343.423217719
 07/18  02:00:00,3925560.7800896075,275661.76488114806,2116751.478888953,0.0,230357.12290762636,1224965.8288761163
 07/18  03:00:00,3697657.6406981284,252045.79013961257,1936841.9085806133,0.0,230357.12290762636,1200588.2345345132
 07/18  04:00:00,3531046.7311055698,233740.8673668161,1796570.515972731,0.0,230357.12290762636,1192553.6403226322
 07/18  05:00:00,3524498.2988803787,216894.67195460078,1671103.9260047716,0.0,417347.41903304774,1156554.2465004963
 07/18  06:00:00,6977274.957353271,265574.2987135006,2049306.3972488577,0.0,1417582.294816162,3185597.608775799
 07/18  07:00:00,5183882.574501406,244280.93563539686,1908590.1891474775,0.0,1599443.181322183,1374045.7493916545
 07/18  08:00:00,4491982.089289105,233251.4345643183,1847783.6411437043,0.0,997903.3259561141,1357213.0074145282
 07/18  09:00:00,4438279.947841009,230229.39938983312,1853869.521809815,0.0,955935.4290701093,1350874.111332092
 07/18  10:00:00,6074759.019992526,260184.59047086403,2113720.5704207807,0.0,932619.9308001067,2731013.474827149
 07/18  11:00:00,6286272.628116865,305817.1851869542,2495257.494901384,0.0,1060855.1712851215,2398965.194829569
 07/18  12:00:00,5511731.920634905,352358.5847935267,2890795.719742243,0.0,867336.5356440992,1380939.0149239674
 07/18  13:00:00,5998415.9158251295,403790.05137696234,3335899.5739498218,0.0,858010.3363360983,1382105.7274254342
 07/18  14:00:00,6528125.691952672,461746.05028487585,3816113.1170295277,0.0,858010.3363360983,1373645.961565357
 07/18  15:00:00,7097367.487455937,525108.9074003722,4304848.595905743,0.0,862673.4359900987,1384434.4826286556
 07/18  16:00:00,7806774.059514109,594838.7063376117,4834405.539642389,0.0,867336.5356440992,1478048.3407991494
 07/18  17:00:00,8507028.38738698,656006.2045241937,5283395.032839809,0.0,899978.233222103,1605050.8814134116
 07/18  18:00:00,11888773.652850235,690252.8694404595,5496370.375331549,0.0,1743999.2705961994,3875251.036563496
 07/18  19:00:00,10000776.545366062,676123.0724879659,5313688.238175292,0.0,2121710.342570243,1779285.3705059395
 07/18  20:00:00,10333213.364562714,642567.899237758,4985258.205087453,0.0,2713923.9986283104,1837505.931331921
 07/18  21:00:00,8390151.630417997,548667.2764668026,4271833.0934299985,0.0,1776640.9681742033,1615367.218950141
 07/18  22:00:00,6623422.898605833,470564.8804418192,3693269.7122027855,0.0,814643.5095538931,1490987.4661300646
 07/18  23:00:00,5282448.226543784,395853.78154452046,3140420.465270494,0.0,230357.12290762636,1409231.0127830338
 07/18  24:00:00,4886266.336785993,360807.97727137886,2887989.4340708475,0.0,230357.12290762636,1329287.2180003764
 07/19  01:00:00,4581407.105937224,333138.81476224534,2690743.1605138695,0.0,230357.12290762636,1249343.423217719
 07/19  02:00:00,4444984.9214188,319285.5002020779,2592551.8848972158,0.0,230357.12290762636,1224965.8288761163
 07/19  03:00:00,4319802.64091447,307590.7564859967,2503441.942450571,0.0,230357.12290762636,1200588.2345345132
 07/19  04:00:00,4230968.989141583,298699.93799882283,2431533.7033767384,0.0,230357.12290762636,1192553.6403226322
 07/19  05:00:00,4171926.5125857815,293101.2803236578,2386779.2335925144,0.0,230357.12290762636,1199090.8403745207
 07/19  06:00:00,4565094.432757225,298059.71712480416,2433078.9579421594,0.0,527862.8808328604,1246878.519058451
 07/19  07:00:00,5496046.576072867,336065.29563861276,2751773.018040843,0.0,1011892.6249181158,1338793.1184706
 07/19  08:00:00,5522542.019979641,381582.12272076996,3140074.5829328904,0.0,614130.2244318703,1330924.409683671
 07/19  09:00:00,5346976.015970479,404379.3934527774,3363500.8014440453,0.0,230357.12290762636,1301367.2119268696
 07/19  10:00:00,5737175.595976058,444019.5690113401,3732245.8328684773,0.0,230357.12290762636,1293332.6177149885
 07/19  11:00:00,6183283.025667678,488820.2371917073,4145395.46593952,0.0,230357.12290762636,1293332.6177149885
 07/19  12:00:00,6650766.872765966,533346.5682921086,4554090.709870468,0.0,230357.12290762636,1312670.4061646948
 07/19  13:00:00,7199648.374224329,589929.4029796533,5048081.215435542,0.0,230357.12290762636,1312670.4061646948
 07/19  14:00:00,8598465.573989563,650010.2447394422,5532707.829427192,0.0,230357.12290762636,2166780.1501784907
 07/19  15:00:00,10860745.321224172,690252.8694404595,5838805.980070547,0.0,862673.4359900987,3448710.9701919975
 07/19  16:00:00,9621760.345140642,690252.8694404595,5813248.850686216,0.0,1506181.1882421724,1579932.4996809338
 07/19  17:00:00,9839172.683334367,690252.8694404595,5771623.1041757,0.0,1566801.4837441794,1747897.1905865662
 07/19  18:00:00,10161520.350089986,690252.8694404595,5712281.699425604,0.0,1743999.2705961994,1932086.4097091919
 07/19  19:00:00,10348366.382728707,690252.8694404595,5647148.278585443,0.0,2121710.342570243,1779285.3705059395
 07/19  20:00:00,10323288.684888942,690252.8694404595,5597895.698850039,0.0,2093731.7446462393,1787451.0416749322
 07/19  21:00:00,9824530.545261737,690252.8694404595,5564626.415300081,0.0,1776640.9681742033,1615367.218950141
 07/19  22:00:00,8011007.666690764,682712.4807062291,5468154.137043683,0.0,230357.12290762636,1475826.5957559536
 07/19  23:00:00,7076277.739380475,590537.9764919529,4739565.7831597505,0.0,230357.12290762636,1409231.0127830338
 07/19  24:00:00,6306437.290400781,515424.2580354989,4153544.1069215164,0.0,230357.12290762636,1329287.2180003764
 07/20  01:00:00,5739065.981338735,460563.45289317507,3720977.397784451,0.0,230357.12290762636,1249343.423217719
 07/20  02:00:00,5364484.291967843,421415.6511378145,3409921.104510522,0.0,230357.12290762636,1224965.8288761163
 07/20  03:00:00,5047386.559103415,389516.1258725418,3149100.4912529704,0.0,230357.12290762636,1200588.2345345132
 07/20  04:00:00,4686261.191083835,356460.93141240533,2878859.9657964855,0.0,233154.98270002668,1139960.7266391544
 07/20  05:00:00,4659542.299628871,333071.24564961094,2689971.3530582534,0.0,417347.41903304774,1156554.2465004963
 07/20  06:00:00,4945022.930648467,342452.4207375268,2768614.7522206777,0.0,527862.8808328604,1246878.5190584513
 07/20  07:00:00,5322838.996969331,364523.83777504234,2963604.898183928,0.0,621124.8739128711,1316062.8680927942
 07/20  08:00:00,5738341.013230411,429083.6201056522,3513402.928426329,0.0,422243.67366974836,1317780.1108182427
 07/20  09:00:00,5966273.216580476,472465.8638574272,3914711.5316493916,0.0,230357.12290762636,1301367.2119268696
 07/20  10:00:00,6341673.546627729,509622.15029312123,4271141.202238368,0.0,230357.12290762636,1293332.6177149885
 07/20  11:00:00,6758078.409826539,550770.5673356293,4658240.519954458,0.0,230357.12290762636,1293332.6177149885
 07/20  12:00:00,7159354.414192691,588491.910071738,5007532.909517563,0.0,230357.12290762636,1312670.4061646948
 07/20  13:00:00,7501756.007594434,624326.2760644748,5315791.975720825,0.0,230357.12290762636,1312670.4061646948
 07/20  14:00:00,7447208.03117907,617930.8195192016,5267639.455850733,0.0,230357.12290762636,1312670.4061646948
 07/20  15:00:00,7352786.16294142,610579.0803292624,5186912.082220648,0.0,230357.12290762636,1304635.811952814
 07/20  16:00:00,7797101.138320819,595637.5183435417,5008248.596082669,0.0,708091.682459981,1452978.4043437676
 07/20  17:00:00,15785483.795753837,609745.8783823542,5028037.679071848,0.0,1233389.8584831413,8851712.344429033
 07/20  18:00:00,24516895.13577614,690252.8694404595,5541777.199224066,0.0,1743999.2705961994,16457965.695596885
 07/20  19:00:00,9802800.457053749,652919.1271031948,5138916.09524775,0.0,2121710.342570243,1779285.3705059395
 07/20  20:00:00,9877820.62525263,595244.0267049237,4577189.338310204,0.0,2713923.9986283104,1837505.931331921
 07/20  21:00:00,7809063.349626394,493879.64866709104,3745532.440438107,0.0,1776640.9681742033,1615367.218950141
 07/20  22:00:00,6625689.614381496,420180.90408422553,3146473.1473156633,0.0,1398929.8962001598,1506148.3365041756
 07/20  23:00:00,5138892.900828283,348358.5683632269,2590686.7076941216,0.0,694801.8484460795,1398459.932286744
 07/20  24:00:00,4209184.389393298,287622.82741164195,2134411.7450428978,0.0,402891.81010564615,1306433.422297349
 07/21  01:00:00,3590085.4361962117,241100.26894974636,1791460.0365853563,0.0,230357.12290762636,1249343.423217719
 07/21  02:00:00,3279080.771184712,206796.15807021555,1540828.9155892462,0.0,230357.12290762636,1224965.8288761163
 07/21  03:00:00,3034064.9965307894,180408.81671857473,1346578.0766285677,0.0,230357.12290762636,1200588.2345345132
 07/21  04:00:00,2854396.0674916105,159824.09215778596,1193836.627567802,0.0,230357.12290762636,1192553.6403226322
 07/21  05:00:00,3533780.8662215127,157512.40917854794,1177146.675412147,0.0,230357.12290762636,1892631.9129816836
 07/21  06:00:00,5263309.841122348,221170.84103026806,1646794.8910804177,0.0,825368.6387580944,2495534.5633063163
 07/21  07:00:00,4406706.859362733,234062.9065824521,1752592.8188270791,0.0,1011892.6249181158,1338793.1184706
 07/21  08:00:00,5111274.604265082,315867.6813223206,2379384.392978912,0.0,997903.3259561141,1357213.0074145282
 07/21  09:00:00,5405718.167893146,352157.22851467633,2695996.2351485966,0.0,955935.4290701093,1350874.111332092
 07/21  10:00:00,5661632.255219869,380736.2771872782,2964586.7753656153,0.0,932619.9308001067,1343085.1408047306
 07/21  11:00:00,7779473.262142511,444544.69910387445,3485849.3122443957,0.0,1557475.2844361784,2264534.54564997
 07/21  12:00:00,9583605.009661498,514572.2831363905,4029003.9555841535,0.0,1506181.1882421724,3513545.5171677116
 07/21  13:00:00,7079933.6209698785,527136.2755486283,4119332.611285203,0.0,1015389.9496586162,1399464.557740619
 07/21  14:00:00,6970189.282862448,538611.6731141687,4181311.0851100115,0.0,858010.3363360983,1373645.961565357
 07/21  15:00:00,7160626.866744595,563662.5035273451,4329554.379067427,0.0,862673.4359900987,1384434.4826286556
 07/21  16:00:00,8549153.216906864,633180.9588617514,4797713.6330311475,0.0,1506181.1882421724,1579932.4996809338
 07/21  17:00:00,9900951.126192573,688060.3594088053,5140361.145664142,0.0,1566801.4837441794,2441438.2631937293
 07/21  18:00:00,10448613.193935469,680016.1448483164,4989267.344492342,0.0,1555143.7346091778,3142977.707861359
 07/21  19:00:00,7649462.8393519055,574302.6772032534,4145980.5464960393,0.0,1175101.1128081344,1652568.1751891337
 07/21  20:00:00,8328696.9113968555,489401.37065732747,3482566.5626756013,0.0,2403827.871637275,1812478.486503427
 07/21  21:00:00,8853952.595196817,454946.557509256,3212007.523243701,0.0,3324790.0533023803,1696408.2593044192
 07/21  22:00:00,6423824.575426852,380284.15063057037,2693284.8297108375,0.0,1692705.1744021934,1513744.1231715134
 07/21  23:00:00,4541403.4769368125,288628.80082062696,2059694.406522274,0.0,694801.8484460795,1398459.932286744
 07/21  24:00:00,3453260.477345082,222595.2880089612,1593196.2638923544,0.0,230357.12290762636,1329287.2180003764
 07/22  01:00:00,2987590.937215705,175220.57608186346,1254845.2304727326,0.0,230357.12290762636,1249343.423217719
 07/22  02:00:00,2674297.2461627317,140009.08836374438,1002832.4602737373,0.0,230357.12290762636,1224965.8288761163
 07/22  03:00:00,2427667.5617944147,112747.08219006356,807842.3764207037,0.0,230357.12290762636,1200588.2345345132
 07/22  04:00:00,2243519.9593040645,90925.96458651498,651858.6469515275,0.0,230357.12290762636,1192553.6403226322
 07/22  05:00:00,2125397.0409995643,75727.47088844213,544088.8610874674,0.0,230357.12290762636,1199090.8403745207
 07/22  06:00:00,2193316.087333766,77883.71612741273,562788.3122937474,0.0,230357.12290762636,1247846.029057727
 07/22  07:00:00,2572600.2975706747,118560.77023209348,860984.3961514806,0.0,230357.12290762636,1293332.6177149885
 07/22  08:00:00,3986839.9902777057,200457.51216032042,1460130.4934034639,0.0,614130.2244318703,1651215.5636888444
 07/22  09:00:00,6691837.958492213,268086.8605873883,1966677.8791710392,0.0,955935.4290701093,3450382.6258360036
 07/22  10:00:00,20471738.936082616,348143.17275786406,2567214.417413616,0.0,1632084.8789001864,15883692.335948812
 07/22  11:00:00,5975940.114455662,352571.25422374706,2628399.3534514704,0.0,1557475.2844361784,1410424.801636174
 07/22  12:00:00,6116166.2600348685,369169.3803225956,2771244.596334662,0.0,1506181.1882421724,1449269.0296043698
 07/22  13:00:00,6333952.593854415,395783.0699137903,2980489.4588914686,0.0,1487528.7896261702,1451541.0486861737
 07/22  14:00:00,6778722.808245654,450965.2893709927,3388478.5867636567,0.0,1487528.7896261702,1433139.915748021
 07/22  15:00:00,7276597.703951189,507524.5251519552,3792346.070683497,0.0,1492191.889280171,1464233.1533044972
 07/22  16:00:00,7837116.050110447,561465.6187028813,4157391.806393602,0.0,1506181.1882421724,1579932.4996809338
 07/22  17:00:00,8456229.771452501,610710.1876860608,4466531.035253977,0.0,1566801.4837441794,1747897.1905865662
 07/22  18:00:00,7675286.998804854,588519.3715574798,4239824.853145687,0.0,988577.126648113,1777157.3853292996
 07/22  19:00:00,7044257.642025553,509734.51340627443,3605343.512966666,0.0,1175101.1128081344,1652568.1751891337
 07/22  20:00:00,8201151.2970425645,440997.21268478327,3068301.5344743244,0.0,2713923.9986283104,1837505.931331921
 07/22  21:00:00,8515093.770407096,421334.9533858631,2906760.302577372,0.0,3324790.0533023803,1696408.2593044192
 07/22  22:00:00,7080257.340757413,357385.8847228933,2468502.66634096,0.0,2574031.009008295,1536531.4831735275
 07/22  23:00:00,4570715.296469495,270823.67074952263,1880601.9599316157,0.0,925625.281319106,1393845.8956081627
 07/22  24:00:00,3173559.8307015374,192394.7993989563,1343696.1058588151,0.0,230357.12290762636,1329287.2180003764
 07/23  01:00:00,2693783.53238015,141975.89560820477,994282.5061108366,0.0,230357.12290762636,1249343.423217719
 07/23  02:00:00,2391040.0041213385,107182.85024996083,750709.6175518715,0.0,230357.12290762636,1224965.8288761163
 07/23  03:00:00,2146259.0902084117,79654.93901152379,557834.209218985,0.0,230357.12290762636,1200588.2345345132
 07/23  04:00:00,1893762.0740727284,55253.16328888556,387568.6169088983,0.0,233154.98270002668,1139960.7266391544
 07/23  05:00:00,1759299.5776946766,33168.9469391506,234084.63208591682,0.0,230357.12290762636,1199090.8403745207
 07/23  06:00:00,9063519.382620111,174139.7502659864,1223847.2881772057,0.0,527862.8808328604,7078455.105545105
 07/23  07:00:00,2567860.560260212,119987.70864432372,866660.5919885784,0.0,230357.12290762636,1293332.6177149885
 07/23  08:00:00,2872134.5432925886,151991.26245718103,1129319.6657645279,0.0,230357.12290762636,1304635.811952814
 07/23  09:00:00,3224055.293469863,191262.85700691608,1453696.6153892907,0.0,230357.12290762636,1301367.2119268696
 07/23  10:00:00,3527095.2143070837,225717.50796341512,1740467.5122474276,0.0,230357.12290762636,1293332.6177149885
 07/23  11:00:00,3948326.482260384,273863.3810266423,2125395.7786972905,0.0,230357.12290762636,1293332.6177149885
 07/23  12:00:00,4329536.199439684,315357.026225885,2450849.578610409,0.0,230357.12290762636,1312670.4061646948
 07/23  13:00:00,4686382.959728258,356846.0663329555,2767899.137586168,0.0,230357.12290762636,1312670.4061646948
 07/23  14:00:00,5126524.162166292,408953.0444836499,3155933.3618735084,0.0,230357.12290762636,1312670.4061646948
 07/23  15:00:00,5563308.408505827,463365.19210808474,3544648.2160062334,0.0,230357.12290762636,1304635.811952814
 07/23  16:00:00,7152958.386559676,537052.7355132096,4052326.2214119313,0.0,1027514.0087590176,1503920.4837846598
 07/23  17:00:00,8550084.596075129,614413.5361712798,4558374.35018564,0.0,1566801.4837441794,1747897.1905865662
 07/23  18:00:00,8928434.349614311,624016.0270208825,4545432.541369506,0.0,1743999.2705961994,1932086.4097091919
 07/23  19:00:00,8582592.311386133,560704.1203483765,4010922.9563349527,0.0,2121710.342570243,1779285.3705059395
 07/23  20:00:00,8573005.33360913,479732.56052417157,3387885.5128474557,0.0,2713923.9986283104,1837505.931331921
 07/23  21:00:00,7816775.794086855,427170.9774041577,3005358.4934202717,0.0,2550715.510738292,1655887.7391272802
 07/23  22:00:00,5211594.31065345,341957.3676376005,2410048.6370546203,0.0,814643.5095538931,1490987.4661300646
 07/23  23:00:00,3862494.1779966545,262387.6677655738,1853932.5305023093,0.0,230357.12290762636,1409231.0127830338
 07/23  24:00:00,3339350.3344555055,210442.7491543662,1491438.6598573732,0.0,230357.12290762636,1329287.2180003764
 07/24  01:00:00,2932786.684093407,169699.60981443126,1205561.9436178661,0.0,230357.12290762636,1249343.423217719
 07/24  02:00:00,2641133.9604400946,136781.45144589015,971204.9726746981,0.0,230357.12290762636,1224965.8288761163
 07/24  03:00:00,2396233.7984055267,109908.46960761947,777555.3868200044,0.0,230357.12290762636,1200588.2345345132
 07/24  04:00:00,2148524.363606686,83560.3764446163,589126.166341586,0.0,231756.05280382652,1166257.1834808933
 07/24  05:00:00,2177350.785910054,67031.64851726613,473819.4364717816,0.0,417347.41903304774,1156554.2465004963
 07/24  06:00:00,5533567.3664590055,143868.64228459794,1021672.2772436894,0.0,1121475.4667871282,3187336.622344639
 07/24  07:00:00,5230605.7129516415,242662.4823191367,1749330.7184722656,0.0,1795293.3667902052,1385796.6263653394
 07/24  08:00:00,5565861.545700126,301774.10849775595,2237760.1457559345,0.0,1574961.9081386803,1395534.7030973157
 07/24  09:00:00,5181257.183572291,327721.13233041327,2499355.024600517,0.0,955935.4290701093,1350874.111332092
 07/24  10:00:00,21197574.590405673,446978.0375140542,3428216.6083845245,0.0,932619.9308001067,16352539.560233358
 07/24  11:00:00,12514745.874786178,488187.63169939246,3785827.745662224,0.0,230357.12290762636,7984995.792603099
 07/24  12:00:00,5415847.770081949,432011.2685798391,3420506.906898721,0.0,230357.12290762636,1312670.4061646948
 07/24  13:00:00,5750720.256697224,467380.16494607145,3721702.335942019,0.0,230357.12290762636,1312670.4061646948
 07/24  14:00:00,6251940.20641404,523592.808448206,4166709.6421567006,0.0,230357.12290762636,1312670.4061646948
 07/24  15:00:00,6770398.122642109,585031.4398342068,4630071.682416393,0.0,230357.12290762636,1304635.811952814
 07/24  16:00:00,8177934.735322034,657019.5586759781,5143385.363111949,0.0,867336.5356440992,1478048.3407991494
 07/24  17:00:00,8603284.92824006,690252.8694404595,5345404.908776625,0.0,899978.233222103,1605050.8814134116
 07/24  18:00:00,10733609.826706138,690252.8694404595,5251557.717515433,0.0,988577.126648113,3720322.012183603
 07/24  19:00:00,10636832.406240165,689095.8383037762,5082661.58921979,0.0,2121710.342570243,2633395.1145197353
 07/24  20:00:00,11478259.976874027,636853.8381366023,4570328.954004633,0.0,2713923.9986283104,3403195.85582721
 07/24  21:00:00,9189068.376740891,543285.3721790992,3854239.149928753,0.0,2937752.782020336,1676147.9992158497
 07/24  22:00:00,5971050.835468433,434703.09580028744,3076759.433706916,0.0,814643.5095538931,1490987.4661300646
 07/24  23:00:00,4464565.677105552,336210.6510508224,2382181.046325958,0.0,230357.12290762636,1409231.0127830338
 07/24  24:00:00,3750879.0396305486,261397.24901059901,1852012.8651761834,0.0,230357.12290762636,1329287.2180003764
 07/25  01:00:00,3301980.1769379443,216037.82204311405,1528417.2242337214,0.0,230357.12290762636,1249343.423217719
 07/25  02:00:00,2949808.930548453,175912.37717162573,1240749.017057321,0.0,230357.12290762636,1224965.8288761163
 07/25  03:00:00,2646778.836993302,141735.32656835995,996273.5684470391,0.0,230357.12290762636,1200588.2345345132
 07/25  04:00:00,2412385.0937184077,113767.05426629247,797882.6916860933,0.0,230357.12290762636,1192553.6403226322
 07/25  05:00:00,2358445.811695798,98854.92213326317,695318.0397672269,0.0,323852.27097033703,1177822.5434375084
 07/25  06:00:00,5707192.733687436,166092.59882142238,1173073.6879352955,0.0,1121475.4667871282,3187336.622344639
 07/25  07:00:00,20209521.596306093,266347.34390862624,1902702.5710511645,0.0,1795293.3667902052,16187655.795551402
 07/25  08:00:00,13399182.80351959,356146.97308166046,2610518.6399445576,0.0,1767314.7688662023,8609371.74141673
 07/25  09:00:00,6362853.432867615,374618.8714353173,2858646.0965007567,0.0,1683378.9750941927,1398838.0035981871
 07/25  10:00:00,6459159.05156993,404828.3203656151,3180603.303646984,0.0,1457218.6418751664,1379288.332208539
 07/25  11:00:00,6072235.745869748,421872.8952183544,3377019.921924311,0.0,895315.1335681025,1352650.213245145
 07/25  12:00:00,6664761.59670579,465026.37859237386,3754363.9351946623,0.0,1027047.6987936174,1398021.518594068
 07/25  13:00:00,6899059.683630791,510556.3198871522,4129777.073245293,0.0,858010.3363360983,1382105.7274254342
 07/25  14:00:00,7344933.683479443,561759.0443175109,4532908.114523665,0.0,858010.3363360983,1373645.961565357
 07/25  15:00:00,7897985.745812153,625627.8816182342,5004947.880044097,0.0,862673.4359900987,1384434.4826286556
 07/25  16:00:00,8947489.735498318,675772.5280383307,5338640.785315987,0.0,1346470.025092654,1554461.4599604877
 07/25  17:00:00,9443985.166989915,690252.8694404595,5376435.587831248,0.0,1566801.4837441794,1747897.1905865662
 07/25  18:00:00,9700792.680894744,690252.8694404595,5251554.030230364,0.0,1743999.2705961994,1932086.4097091919
 07/25  19:00:00,11627155.614125255,681169.539900194,5013273.915491218,0.0,2121710.342570243,3701032.29453698
 07/25  20:00:00,10154736.024269747,603757.8750168596,4347538.144537339,0.0,2713923.9986283104,2335558.675809966
 07/25  21:00:00,8618413.91447419,519216.20161982515,3714951.3895919397,0.0,2550715.510738292,1655887.7391272802
 07/25  22:00:00,6469974.279983712,418378.085555948,2992560.6314461576,0.0,1398929.8962001598,1506148.3365041756
 07/25  23:00:00,4939782.160428881,336573.3003530039,2403361.2353049424,0.0,694801.8484460795,1398459.932286744
 07/25  24:00:00,3831672.094098714,269920.4502015735,1924282.7184533747,0.0,230357.12290762636,1329287.2180003764
 07/26  01:00:00,3354677.9859473985,221373.32787937252,1575779.5274069165,0.0,230357.12290762636,1249343.423217719
 07/26  02:00:00,3020751.8745748494,183230.98276418846,1304373.3554911548,0.0,230357.12290762636,1224965.8288761163
 07/26  03:00:00,2750509.969792774,152980.38579041752,1088759.642024454,0.0,230357.12290762636,1200588.2345345132
 07/26  04:00:00,2544953.474775812,128669.12550922527,915549.0015005647,0.0,230357.12290762636,1192553.6403226322
 07/26  05:00:00,2423030.6555713844,114340.64071972591,816644.016182049,0.0,230357.12290762636,1199090.8403745207
 07/26  06:00:00,6072095.245857356,172542.2235976066,1237158.7608688371,0.0,1417582.294816162,3185597.608775799
 07/26  07:00:00,5084740.309699781,223389.04825452343,1622738.7492850188,0.0,1795293.3667902052,1385796.6263653394
 07/26  08:00:00,4368891.373211788,206306.44555025906,1546511.1547919963,0.0,1190256.1866836362,1369986.9059754573
 07/26  09:00:00,4294293.4431850165,221436.70486710267,1718675.7116765527,0.0,955935.4290701093,1350874.111332092
 07/26  10:00:00,4671399.55327571,263796.99379891343,2094677.0343983327,0.0,932619.9308001067,1343085.1408047306
 07/26  11:00:00,5097759.157455605,313105.4983631246,2511310.7303653974,0.0,895315.1335681025,1352650.213245145
 07/26  12:00:00,5591751.2380928155,367642.02004452527,2955531.6019491553,0.0,867336.5356440992,1380939.0149239674
 07/26  13:00:00,5138844.18926199,394948.52673089143,3182257.906721964,0.0,230357.12290762636,1312670.4061646948
 07/26  14:00:00,5425640.318785546,427296.1130036932,3436706.449972719,0.0,230357.12290762636,1312670.4061646948
 07/26  15:00:00,5685604.023059242,459208.88650948426,3671100.1361582503,0.0,230357.12290762636,1304635.811952814
 07/26  16:00:00,6000534.840626694,487340.04386114277,3872924.1417894433,0.0,230357.12290762636,1377768.5949776226
 07/26  17:00:00,6488493.9579899395,509598.91478265694,4020618.4578000293,0.0,397762.4004862455,1497916.1495335456
 07/26  18:00:00,7970328.332092468,532137.4995310323,4135080.100449603,0.0,1365588.7336740561,1854621.8975192457
 07/26  19:00:00,8374595.701773307,502979.6832303554,3860650.7838401464,0.0,2121710.342570243,1779285.3705059395
 07/26  20:00:00,8918125.657120958,490205.6486224183,3722532.748261038,0.0,2713923.9986283104,1837505.931331921
 07/26  21:00:00,8702148.397440309,455665.6024871007,3454938.9403201696,0.0,2937752.782020336,1676147.9992158497
 07/26  22:00:00,4996973.2122878935,364007.87981629197,2772824.2835307503,0.0,230357.12290762636,1475826.5957559536
 07/26  23:00:00,4404270.32155334,308287.14124443266,2349809.2005801364,0.0,230357.12290762636,1409231.0127830338
 07/26  24:00:00,3984591.245499324,272257.8554420853,2074864.4646134728,0.0,230357.12290762636,1329287.2180003764
 07/27  01:00:00,3686459.553344161,246810.31346129515,1882124.1092217565,0.0,230357.12290762636,1249343.423217719
 07/27  02:00:00,3512575.9435100895,229105.26068049518,1750323.1465100884,0.0,230357.12290762636,1224965.8288761163
 07/27  03:00:00,3369738.848583783,215169.54440329951,1645799.3622025813,0.0,230357.12290762636,1200588.2345345132
 07/27  04:00:00,3248910.9739516936,202449.79228176945,1545725.833903902,0.0,230357.12290762636,1192553.6403226322
 07/27  05:00:00,3274354.428125253,189715.52815962653,1447175.8761532553,0.0,418280.0389638479,1156584.949461061
 07/27  06:00:00,3649606.838043188,175059.76521092397,1344053.0672160438,0.0,825368.6387580944,1245911.0090591754
 07/27  07:00:00,3746004.454867936,199405.52079513532,1551888.6730624402,0.0,621124.8739128711,1316062.8680927944
 07/27  08:00:00,4272394.265405022,254730.474961764,2016778.4761172775,0.0,614130.2244318703,1330924.409683671
 07/27  09:00:00,5422451.31173455,339506.25615202903,2728764.0289411596,0.0,955935.4290701093,1350874.111332092
 07/27  10:00:00,4961720.919583401,370015.3043696149,3030795.421117545,0.0,230357.12290762636,1293332.6177149885
 07/27  11:00:00,5434437.0219620485,417730.53629508824,3467639.1631305087,0.0,230357.12290762636,1293332.6177149885
 07/27  12:00:00,5919477.142894423,464457.54890373943,3891689.9993872936,0.0,230357.12290762636,1312670.4061646948
 07/27  13:00:00,6356844.875016414,510062.4768602773,4285144.642347003,0.0,230357.12290762636,1312670.4061646948
 07/27  14:00:00,6892003.003704931,570793.1769779392,4759572.070917857,0.0,230357.12290762636,1312670.4061646948
 07/27  15:00:00,7296813.252444417,623985.3506858026,5117532.9013671065,0.0,230357.12290762636,1304635.811952814
 07/27  16:00:00,8050853.86617441,670666.3016190095,5371287.330300293,0.0,548846.8292758628,1427908.467888386
 07/27  17:00:00,8676222.563076995,690252.8694404595,5418342.54361356,0.0,899978.233222103,1605050.8814134116
 07/27  18:00:00,8877356.627708022,690252.8694404595,5338469.145371618,0.0,988577.126648113,1777157.3853292996
 07/27  19:00:00,8464923.577180423,638361.5809034355,4888923.186653096,0.0,1175101.1128081344,1652568.1751891337
 07/27  20:00:00,9873541.424179751,602194.8769946109,4565959.286947639,0.0,2713923.9986283104,1837505.931331921
 07/27  21:00:00,8926143.179681743,529254.0703037214,4012642.786115597,0.0,2550715.510738292,1655887.7391272802
 07/27  22:00:00,7328149.747107733,461290.89184201264,3504804.791055559,0.0,1694337.259281094,1513759.474651796
 07/27  23:00:00,4953350.077235723,371692.88447287545,2835483.2130340766,0.0,230357.12290762636,1409231.0127830338
 07/27  24:00:00,4384464.191007461,318717.6977968874,2428277.5677668075,0.0,230357.12290762636,1329287.2180003764
 07/28  01:00:00,3931021.723673133,276372.1776923006,2097124.4153197235,0.0,230357.12290762636,1249343.423217719
 07/28  02:00:00,3643704.589462574,247245.3913639221,1865003.5005734018,0.0,230357.12290762636,1224965.8288761163
 07/28  03:00:00,3397159.8673385866,222265.4225884134,1667816.3415665263,0.0,230357.12290762636,1200588.2345345132
 07/28  04:00:00,3202593.6043482805,200795.71504683568,1501062.541535423,0.0,230357.12290762636,1192553.6403226322
 07/28  05:00:00,3123405.2645632,190348.90444251106,1427475.6510970343,0.0,230357.12290762636,1199090.8403745207
 07/28  06:00:00,3628188.467507204,241784.73645514884,1833759.67213945,0.0,230357.12290762636,1247846.029057727
 07/28  07:00:00,5425641.427025553,345158.9544561735,2660431.3386161784,0.0,1011892.6249181158,1338793.1184706
 07/28  08:00:00,5972222.145154526,422879.6930181269,3338350.7718001013,0.0,806016.7751939922,1344068.7085490995
 07/28  09:00:00,5641824.21503324,444959.687211452,3614385.0291596204,0.0,230357.12290762636,1301367.2119268696
 07/28  10:00:00,6701035.25629897,493855.6642958285,4078874.2220817218,0.0,757054.2288269866,1330647.010032295
 07/28  11:00:00,9467676.962639675,564921.8260575318,4705973.445029765,0.0,895315.1335681025,3274397.137276185
 07/28  12:00:00,23869078.77640628,652560.3809183171,5440433.615482156,0.0,867336.5356440992,16888446.17883064
 07/28  13:00:00,23130922.292418394,690252.8694404595,5765001.486919886,0.0,1330149.176303652,15326908.533017585
 07/28  14:00:00,9359525.283887742,690252.8694404595,5729993.482336278,0.0,1487528.7896261702,1433139.915748021
 07/28  15:00:00,9304238.39605838,690252.8694404595,5637258.418502183,0.0,1492191.889280171,1464233.1533044972
 07/28  16:00:00,9360310.266407758,690252.8694404595,5551798.771953333,0.0,1506181.1882421724,1579932.4996809338
 07/28  17:00:00,9557158.19556578,690252.8694404595,5487916.777612857,0.0,1566801.4837441794,1747897.1905865662
 07/28  18:00:00,9857062.750238502,690252.8694404595,5409515.938368376,0.0,1743999.2705961994,1932086.4097091919
 07/28  19:00:00,11944125.674485516,690252.8694404595,5329619.84028249,0.0,2121710.342570243,3701032.29453698
 07/28  20:00:00,11150534.175627701,690252.8694404595,5270376.01182574,0.0,2713923.9986283104,2335558.675809966
 07/28  21:00:00,10728571.315667279,642329.7313150509,4899243.069908367,0.0,3324790.0533023803,1696408.2593044192
 07/28  22:00:00,9054102.855245458,554953.7523485429,4244780.313203354,0.0,2574031.009008295,1536531.4831735275
 07/28  23:00:00,6657203.248662157,462536.8208855196,3549167.365793836,0.0,1156448.7141921325,1389231.8589295815
 07/28  24:00:00,5299209.970291431,387639.7914642424,2976604.710255038,0.0,573561.2574420656,1283579.6265943216
 07/29  01:00:00,4472488.057265607,335719.4436362371,2575461.8425993035,0.0,244696.15434367798,1238786.0321506253
 07/29  02:00:00,4119055.25487839,298830.949794619,2288768.607558521,0.0,230357.12290762636,1224965.8288761163
 07/29  03:00:00,3851451.1421994185,271298.3101688717,2073074.7288468997,0.0,230357.12290762636,1200588.2345345132
 07/29  04:00:00,3508986.557364323,236748.2860661628,1808849.2139504463,0.0,232455.5177519266,1153108.9550600238
 07/29  05:00:00,5797475.174195849,261172.32413114182,1979217.2374982017,0.0,370599.8450016924,3110353.0218233056
 07/29  06:00:00,3443493.147728952,219978.4785169184,1670870.610299428,0.0,230357.12290762636,1247846.029057727
 07/29  07:00:00,7153674.536269831,251242.98936512403,1912882.4172906342,0.0,816508.7494154935,4103674.9896340948
 07/29  08:00:00,10674752.147157464,379807.94753760664,2880427.4526674463,0.0,997903.3259561141,6355707.224403091
 07/29  09:00:00,4815782.705800292,280835.8900852611,2177382.1114851576,0.0,955935.4290701093,1350874.111332092
 07/29  10:00:00,5148929.538441967,297838.54857202095,2347847.8197100153,0.0,1107486.1678251266,1355152.8712726666
 07/29  11:00:00,5271203.141663536,331089.02668260725,2665079.3474595896,0.0,895315.1335681025,1352650.213245145
 07/29  12:00:00,5798780.863471329,384688.01516213827,3145515.232210056,0.0,867336.5356440992,1380939.0149239674
 07/29  13:00:00,6479627.455936971,439509.36413770163,3606653.3576632217,0.0,1015389.9496586162,1399464.557740619
 07/29  14:00:00,7739449.312980436,524946.2709705712,4275224.1098988615,0.0,1487528.7896261702,1433139.915748021
 07/29  15:00:00,8419710.164712343,600346.7011795717,4842636.3554170355,0.0,1492191.889280171,1464233.1533044972
 07/29  16:00:00,8213329.032093506,649665.6423144164,5186133.576244982,0.0,867336.5356440992,1478048.3407991494
 07/29  17:00:00,8435882.652682332,684497.3805913735,5385183.138145634,0.0,732572.9556434839,1569339.304120123
 07/29  18:00:00,7790521.8689939715,671903.0459517785,5184825.077060885,0.0,230357.12290762636,1622228.3609494073
 07/29  19:00:00,7982535.0826169355,589791.1996227725,4463564.26734155,0.0,1175101.1128081344,1652568.1751891337
 07/29  20:00:00,7837326.199634208,531581.6634786588,3954386.2735502115,0.0,1473539.4906641685,1737396.1520179438
 07/29  21:00:00,8402120.66505368,479931.3025590381,3549785.9107920104,0.0,2550715.510738292,1655887.7391272802
 07/29  22:00:00,8027434.944971928,451712.9027111649,3321353.2525672032,0.0,2574031.009008295,1536531.4831735275
 07/29  23:00:00,5663223.553515338,361007.12435790006,2656717.3671746366,0.0,1156448.7141921325,1389231.8589295815
 07/29  24:00:00,4213968.466642233,299745.4755557738,2201913.619895197,0.0,316624.46650663624,1317860.3201488627
 07/30  01:00:00,3623868.962143434,248047.38532414852,1818296.4461581763,0.0,230357.12290762636,1249343.423217719
 07/30  02:00:00,3279112.2019750923,210188.84279300208,1535775.8228625844,0.0,230357.12290762636,1224965.8288761163
 07/30  03:00:00,2989344.441810473,179027.219512714,1301547.2803198558,0.0,230357.12290762636,1200588.2345345132
 07/30  04:00:00,2761542.3637159565,153073.4228848698,1107733.5930650644,0.0,230357.12290762636,1192553.6403226322
 07/30  05:00:00,2716268.049358986,131169.81618458906,948598.5322533905,0.0,417347.41903304774,1156554.2465004963
 07/30  06:00:00,3574524.947221431,175133.63070699776,1268897.3108982125,0.0,825368.6387580944,1245911.0090591754
 07/30  07:00:00,3555498.774350891,237685.99408512388,1736600.5206384568,0.0,230357.12290762636,1293332.6177149885
 07/30  08:00:00,4039841.018281444,292073.39204822056,2156944.011162344,0.0,230357.12290762636,1304635.811952814
 07/30  09:00:00,4146293.2969846106,302914.5650235334,2264282.9108874206,0.0,230357.12290762636,1301367.2119268696
 07/30  10:00:00,4292662.969609126,319728.48306177463,2412024.2924511107,0.0,230357.12290762636,1293332.6177149885
 07/30  11:00:00,4507556.719369754,344202.1469993213,2614287.2498339824,0.0,230357.12290762636,1293332.6177149885
 07/30  12:00:00,4725166.003585138,366556.6232113447,2795279.785770404,0.0,230357.12290762636,1312670.4061646948
 07/30  13:00:00,4976666.653699956,396084.40524019167,3018944.49265063,0.0,230357.12290762636,1312670.4061646948
 07/30  14:00:00,6207282.487270738,460783.35203061195,3496232.6106018582,0.0,858010.3363360983,1373645.961565357
 07/30  15:00:00,9271551.846731264,553953.3294083098,4152365.3443358704,0.0,1177432.6626351348,3367498.44482088
 07/30  16:00:00,23407381.477264754,655930.3757798633,4831333.307284866,0.0,1506181.1882421724,16381791.668866994
 07/30  17:00:00,16294710.467299692,690252.8694404595,5026097.748382539,0.0,1566801.4837441794,8948960.330345051
 07/30  18:00:00,9495147.79493472,678248.1944379641,4864425.748443916,0.0,1743999.2705961994,2125574.480538108
 07/30  19:00:00,16411513.578542572,620619.7854065313,4374936.054220352,0.0,2121710.342570243,9184277.874718824
 07/30  20:00:00,8834289.42927905,516544.89377613016,3612357.2752654166,0.0,2713923.9986283104,1837505.931331921
 07/30  21:00:00,8943462.300535442,471568.63295430806,3273052.281577482,0.0,3324790.0533023803,1696408.2593044192
 07/30  22:00:00,7394991.050709039,394928.59314284805,2735542.6351070963,0.0,2574031.009008295,1536531.4831735275
 07/30  23:00:00,4429988.812340876,295234.74078621663,2048324.8580442662,0.0,578690.6670614663,1401152.7024108164
 07/30  24:00:00,3351636.4383309656,215642.25661054772,1498525.2562766515,0.0,230357.12290762636,1329287.2180003764
 07/31  01:00:00,2849078.5908235135,162375.01074979253,1129178.4494126122,0.0,230357.12290762636,1249343.423217719
 07/31  02:00:00,2512332.684734498,122946.83847163935,856238.3099433527,0.0,230357.12290762636,1224965.8288761163
 07/31  03:00:00,2250768.0608093613,93035.33459063838,648962.7842408197,0.0,230357.12290762636,1200588.2345345132
 07/31  04:00:00,2052145.0112274617,69099.93163402066,482309.7318274189,0.0,230357.12290762636,1192553.6403226322
 07/31  05:00:00,1922379.1178697064,53767.80100190741,376565.3181981896,0.0,230357.12290762636,1199090.8403745207
 07/31  06:00:00,3116827.4856927805,104181.3545555381,734968.2182909247,0.0,973422.0527726113,1245041.5022747556
 07/31  07:00:00,4436533.679115963,198627.79486012764,1414495.4969790108,0.0,1403592.9958541607,1362294.8724179696
 07/31  08:00:00,3500096.97674648,231461.54983223957,1677811.8118433608,0.0,230357.12290762636,1304635.811952814
 07/31  09:00:00,3840132.4969949666,246909.65879671444,1820355.7157326695,0.0,411751.6994482471,1313743.9367781752
 07/31  10:00:00,4797819.7346381545,294506.3757833741,2190387.8337763166,0.0,932619.9308001067,1343085.1408047306
 07/31  11:00:00,5062585.211550981,328731.16416191106,2460511.1186619867,0.0,895315.1335681025,1352650.213245145
 07/31  12:00:00,5373573.672775488,364339.6205331876,2740656.4361431655,0.0,867336.5356440992,1380939.0149239674
 07/31  13:00:00,5638273.378733423,395854.3641065629,2983692.724128515,0.0,858010.3363360983,1382105.7274254342
 07/31  14:00:00,5172396.927411424,423224.3052405825,3187534.866361708,0.0,230357.12290762636,1312670.4061646948
 07/31  15:00:00,5589175.960321203,475640.8611987412,3558240.0987309534,0.0,230357.12290762636,1304635.811952814
 07/31  16:00:00,6045485.059245603,525487.7700687312,3879726.634200765,0.0,230357.12290762636,1377768.5949776226
 07/31  17:00:00,9850646.14007442,603011.3584247774,4353425.927748011,0.0,1233389.8584831413,3598220.9600310293
 07/31  18:00:00,9583367.032762647,623636.4564669097,4382400.896588597,0.0,1743999.2705961994,2750430.30819241
 07/31  19:00:00,7754471.821887273,531313.6658477607,3644937.038405274,0.0,1175101.1128081344,2293150.4831994805
 07/31  20:00:00,6520296.318097998,405555.48241515167,2749847.862723463,0.0,1473539.4906641685,1737396.1520179438
 07/31  21:00:00,7743635.5145130195,381564.8433626617,2570526.816517319,0.0,2937752.782020336,1676147.9992158497
 07/31  22:00:00,4449470.222496869,294397.87682010175,1995207.668225727,0.0,522500.3162307598,1483407.030943009
 07/31  23:00:00,3379146.1886423887,208469.84181296275,1424502.367100655,0.0,230357.12290762636,1409231.0127830338
 07/31  24:00:00,2956887.0959619535,158228.16999975004,1086349.554770941,0.0,316624.46650663624,1317860.3201488627
 08/01  01:00:00,2519378.3387651173,119941.18119323527,826785.4654349419,0.0,287713.2486518329,1207113.8589493437
 08/01  02:00:00,2246267.436460101,90113.00683401595,623006.8933065792,0.0,230357.12290762636,1224965.8288761163
 08/01  03:00:00,2019366.309024174,64578.57007735222,446017.7969689191,0.0,230357.12290762636,1200588.2345345132
 08/01  04:00:00,1806454.931741125,38794.215912552034,266925.36806255067,0.0,230357.12290762636,1192553.6403226322
 08/01  05:00:00,1748778.9373669885,18528.990275508717,127400.19293469045,0.0,373047.97232004267,1167203.7464492847
 08/01  06:00:00,3280239.180012478,69135.7115320623,477884.53498180525,0.0,1431571.5937781637,1242432.981921496
 08/01  07:00:00,2911669.3084022296,140016.05114444328,981360.447111951,0.0,428072.548237249,1304697.7429038915
 08/01  08:00:00,3182530.261272465,195104.06655549345,1396602.5796460914,0.0,230357.12290762636,1304635.811952814
 08/01  09:00:00,3496211.906325601,230201.36980098917,1686914.7154509558,0.0,230357.12290762636,1301367.2119268696
 08/01  10:00:00,3701459.016378322,251960.87501415162,1888587.9472679298,0.0,230357.12290762636,1293332.6177149885
 08/01  11:00:00,4099358.314095215,295921.42162258044,2254369.5699361833,0.0,230357.12290762636,1293332.6177149885
 08/01  12:00:00,4493293.177274814,337014.7813137874,2592948.801357637,0.0,230357.12290762636,1312670.4061646948
 08/01  13:00:00,4885908.619857866,380396.50334644597,2943874.3607022865,0.0,230357.12290762636,1312670.4061646948
 08/01  14:00:00,5393408.609531332,438553.55162217066,3393217.3021000265,0.0,230357.12290762636,1312670.4061646948
 08/01  15:00:00,5901850.97566808,500511.6392840663,3846044.335992505,0.0,230357.12290762636,1304635.811952814
 08/01  16:00:00,6668945.214209689,563172.81770929,4275358.07731729,0.0,395430.8506592453,1402838.5314330042
 08/01  17:00:00,9395445.22921256,665804.5499171478,4952780.121454023,0.0,1646074.1778621883,2068188.3445917396
 08/01  18:00:00,10180105.301076187,681889.2350802548,4935439.488871643,0.0,1907207.758486218,2572668.7177195386
 08/01  19:00:00,9242320.867262352,617038.8326412984,4315878.422062214,0.0,2420148.720426277,1779285.3705059395
 08/01  20:00:00,7495067.470498352,500401.9150732707,3429259.297343675,0.0,1674052.7757861915,1737396.1520179438
 08/01  21:00:00,6115724.0950359125,418904.25576514483,2854532.9750004243,0.0,1089766.3891399247,1574877.401733567
 08/01  22:00:00,4362307.257502073,319131.78435066843,2183034.4242105545,0.0,230357.12290762636,1475826.5957559536
 08/01  23:00:00,3722291.197831746,251032.56585606682,1725084.6522469083,0.0,230357.12290762636,1409231.0127830338
 08/01  24:00:00,3233330.963887305,201651.46983338837,1394210.5686101506,0.0,230357.12290762636,1329287.2180003764
 08/02  01:00:00,2853083.118534714,162836.78306025782,1132721.204813347,0.0,230357.12290762636,1249343.423217719
 08/02  02:00:00,2582330.781753736,131548.01902505735,917635.2264091728,0.0,230357.12290762636,1224965.8288761163
 08/02  03:00:00,2334544.3597152927,103819.80155019839,721954.6161871915,0.0,230357.12290762636,1200588.2345345132
 08/02  04:00:00,2122908.8540035645,78586.04437687874,543587.4618606636,0.0,230357.12290762636,1192553.6403226322
 08/02  05:00:00,1985943.1904321406,62374.798979504136,431522.39278302726,0.0,230357.12290762636,1199090.8403745207
 08/02  06:00:00,4546566.75971761,119571.58580734435,832750.7457852432,0.0,830964.358342895,2704065.711983176
 08/02  07:00:00,2995154.17568784,174540.80533407914,1239401.110726451,0.0,230357.12290762636,1293332.6177149885
 08/02  08:00:00,4253749.116678532,245146.69313819887,1792194.2853653019,0.0,816508.7494154935,1344068.7085490995
 08/02  09:00:00,4904906.980000505,295373.1554099247,2236700.399333216,0.0,974587.8276861114,1350874.111332092
 08/02  10:00:00,4587774.465650975,322982.42430913757,2511214.91484604,0.0,410585.924534747,1305770.748487424
 08/02  11:00:00,4786026.222067053,363654.55041733553,2873304.349113267,0.0,230357.12290762636,1293332.6177149885
 08/02  12:00:00,5222031.89017438,407298.62868833856,3251403.666882651,0.0,230357.12290762636,1312670.4061646948
 08/02  13:00:00,5653150.5740378145,453370.5217543824,3638142.2964742975,0.0,230357.12290762636,1312670.4061646948
 08/02  14:00:00,6202251.109411709,515900.73108807637,4124712.6225144984,0.0,230357.12290762636,1312670.4061646948
 08/02  15:00:00,6704272.480978895,576572.4733296346,4572405.007257751,0.0,230357.12290762636,1304635.811952814
 08/02  16:00:00,7238898.237083172,632426.1680757661,4966201.414031298,0.0,230357.12290762636,1377768.5949776226
 08/02  17:00:00,10967316.228305226,683936.9651315185,5308997.650808407,0.0,1292144.9141235477,3619638.6628542924
 08/02  18:00:00,25669473.597789064,690252.8694404595,5267520.845425347,0.0,1907207.758486218,17721592.023518506
 08/02  19:00:00,29664302.122616313,690252.8694404595,5114492.443394894,0.0,2420148.720426277,21329438.56772807
 08/02  20:00:00,9937178.724986503,685297.3994291706,4913639.731448852,0.0,2396833.222156274,1787451.0416749322
 08/02  21:00:00,8502379.615614608,590109.2364833994,4170084.4314119937,0.0,1949175.655372223,1615367.218950141
 08/02  22:00:00,6887366.743317194,469972.43929190416,3316390.844157678,0.0,1440897.7930861649,1506148.3365041756
 08/02  23:00:00,5199227.21068427,371768.9380440593,2627610.647869277,0.0,694801.8484460795,1398459.932286744
 08/02  24:00:00,4125465.568925215,298606.0024666703,2114550.1952672824,0.0,316624.46650663624,1317860.3201488627
 08/03  01:00:00,3507436.165438872,241051.36103962635,1708859.6737381362,0.0,230357.12290762636,1249343.423217719
 08/03  02:00:00,3091615.050788055,192551.37535457825,1365916.139113971,0.0,230357.12290762636,1224965.8288761163
 08/03  03:00:00,2854534.3727382403,166458.82472434628,1179305.6060359916,0.0,230357.12290762636,1200588.2345345132
 08/03  04:00:00,2561630.651409384,135787.56136895326,962104.3002186666,0.0,232805.25022597663,1153108.9550600238
 08/03  05:00:00,2611833.207115735,119474.08753714155,852595.2488997872,0.0,420611.58879084815,1156554.2465004963
 08/03  06:00:00,3500017.0082284696,165403.98431788225,1199455.9186403663,0.0,830031.738412095,1245911.0090591754
 08/03  07:00:00,4527451.8062849725,250692.81526898994,1859224.5293145701,0.0,1021218.8242261169,1338793.1184706
 08/03  08:00:00,5137641.717479042,313346.9450219033,2399358.4599140557,0.0,1011892.6249181158,1357213.0074145282
 08/03  09:00:00,5348934.2006878685,355484.8850980141,2819050.291378417,0.0,788530.1514914902,1338497.3864807864
 08/03  10:00:00,5539255.911106407,393246.8886275733,3199764.963583479,0.0,590814.7261618676,1318208.8792598597
 08/03  11:00:00,5508194.664003506,426826.1002040824,3532301.2412629733,0.0,230357.12290762636,1293332.6177149885
 08/03  12:00:00,5920065.809368785,466190.8682415271,3890545.346523868,0.0,230357.12290762636,1312670.4061646948
 08/03  13:00:00,6227371.8841418885,497898.3939834953,4167835.734349259,0.0,230357.12290762636,1312670.4061646948
 08/03  14:00:00,6423057.996005766,518303.39734478615,4343116.8428518465,0.0,230357.12290762636,1312670.4061646948
 08/03  15:00:00,6987151.9904133165,543352.2865429393,4525452.562118709,0.0,553509.9289298633,1344535.1472907348
 08/03  16:00:00,7677545.834762031,571203.4110759995,4705497.111881922,0.0,890652.0339141019,1478048.3407991494
 08/03  17:00:00,7796463.41006436,567683.78455365,4623847.678255729,0.0,937283.0304541073,1605050.8814134116
 08/03  18:00:00,9349268.691932425,606969.6673557259,4820104.75546276,0.0,1907207.758486218,1932086.4097091919
 08/03  19:00:00,9143377.96387773,552444.751372058,4281529.599946833,0.0,2420148.720426277,1779285.3705059395
 08/03  20:00:00,7547261.160099493,509971.75720205833,3857337.4899381986,0.0,1313595.1725319503,1712399.4101500148
 08/03  21:00:00,5435092.863861999,410697.9422765907,3082007.1407639375,0.0,230357.12290762636,1534387.5845169928
 08/03  22:00:00,4807971.608457547,348549.18599877565,2599281.37351792,0.0,230357.12290762636,1475826.5957559536
 08/03  23:00:00,4311158.351686234,304467.06136372674,2260517.310593736,0.0,230357.12290762636,1409231.0127830338
 08/03  24:00:00,3847688.1397841666,262839.48848875996,1947379.7258516406,0.0,230357.12290762636,1329287.2180003764
 08/04  01:00:00,3514435.2052578153,233474.75372560348,1723435.320871103,0.0,230357.12290762636,1249343.423217719
 08/04  02:00:00,3258847.565260553,206698.2712498607,1520693.5964854413,0.0,230357.12290762636,1224965.8288761163
 08/04  03:00:00,3038940.281820128,183910.85826562432,1347951.3203708564,0.0,230357.12290762636,1200588.2345345132
 08/04  04:00:00,2865276.869163582,164318.88120929583,1200222.6401882642,0.0,230357.12290762636,1192553.6403226322
 08/04  05:00:00,2750691.55988388,149794.19808395684,1095316.6527762683,0.0,230357.12290762636,1199090.8403745207
 08/04  06:00:00,2869661.4688737653,157231.73695432438,1159785.6730068356,0.0,230357.12290762636,1247846.029057727
 08/04  07:00:00,3267295.3795021446,197960.93649348043,1476279.311821564,0.0,230357.12290762636,1293332.6177149885
 08/04  08:00:00,3856833.8071012404,264886.5278370616,1996048.1478105315,0.0,230357.12290762636,1304635.811952814
 08/04  09:00:00,4281389.888218582,311266.11446956464,2387644.275086849,0.0,230357.12290762636,1301367.2119268696
 08/04  10:00:00,5497099.159856159,357846.47320030315,2804291.08537288,0.0,951272.3294161088,1343085.1408047306
 08/04  11:00:00,6013246.6097456245,414470.5716995972,3305088.871908685,0.0,913967.5321841046,1352650.213245145
 08/04  12:00:00,7354995.576222278,479764.4512464704,3866837.1440201933,0.0,1538822.8858201762,1449269.0296043698
 08/04  13:00:00,12406587.241898036,595148.9528095446,4790582.876207793,0.0,1524833.5868581743,5477411.599285711
 08/04  14:00:00,11027344.279991461,675792.0212442557,5431803.9025498945,0.0,1524833.5868581743,3376304.5426023244
 08/04  15:00:00,8813243.107252205,681802.2856834696,5483725.227338953,0.0,1203079.7107321378,1424333.8179665762
 08/04  16:00:00,8622169.35349837,690252.8694404595,5531071.172253799,0.0,890652.0339141019,1478048.3407991494
 08/04  17:00:00,8797525.549815062,690252.8694404595,5500648.894325367,0.0,937283.0304541073,1605050.8814134116
 08/04  18:00:00,9040158.771678906,690252.8694404595,5423690.43401875,0.0,1067849.8207661223,1777157.3853292996
 08/04  19:00:00,7689897.90844702,673317.9926799177,5160404.492470931,0.0,230357.12290762636,1524307.9727332
 08/04  20:00:00,7020372.25122902,591363.4432085529,4420881.28656452,0.0,230357.12290762636,1637347.7786250967
 08/04  21:00:00,9096600.791014437,535693.8411810171,3929219.8058880745,0.0,2809983.8515007216,1655903.0906075626
 08/04  22:00:00,7757871.421598081,490318.91163795855,3555305.5545032993,0.0,2047100.7481062338,1521339.9098388515
 08/04  23:00:00,5438121.227729408,393375.09612836596,2851665.862007131,0.0,694801.8484460795,1398459.932286744
 08/04  24:00:00,4295106.295542835,321264.86040507717,2336372.5096939923,0.0,230357.12290762636,1329287.2180003764
 08/05  01:00:00,3802395.1067314693,270542.55127345934,1974327.4247969007,0.0,230357.12290762636,1249343.423217719
 08/05  02:00:00,3477954.892572248,233910.7431052004,1712588.4519417975,0.0,230357.12290762636,1224965.8288761163
 08/05  03:00:00,3232015.6524703577,206721.72296358226,1518215.8263231285,0.0,230357.12290762636,1200588.2345345132
 08/05  04:00:00,3054251.565299141,185940.50606516827,1367575.7114679506,0.0,230357.12290762636,1192553.6403226322
 08/05  05:00:00,2958258.5516744163,173209.7576675272,1279468.0849832345,0.0,230357.12290762636,1199090.8403745207
 08/05  06:00:00,3318880.0479323054,208759.33482959855,1557476.6541901012,0.0,230357.12290762636,1247846.029057727
 08/05  07:00:00,4053203.8907776396,286548.0911058983,2173600.6684846412,0.0,230357.12290762636,1293332.6177149885
 08/05  08:00:00,4733208.309316996,357040.939696747,2780268.2381666014,0.0,230357.12290762636,1304635.811952814
 08/05  09:00:00,6579139.403419368,422893.3342141184,3382999.0479062838,0.0,1347635.8000061542,1374856.0574651395
 08/05  10:00:00,6516689.423666854,456032.11867027293,3725695.7037136042,0.0,951272.3294161088,1343085.1408047306
 08/05  11:00:00,6977571.84602271,505937.0265017805,4177947.6533835884,0.0,913967.5321841046,1352650.213245145
 08/05  12:00:00,8352530.699999394,576953.9740368115,4767182.745006967,0.0,1538822.8858201762,1449269.0296043698
 08/05  13:00:00,8322570.567524075,615061.3122608191,5071327.4795655,0.0,1200748.1609051374,1416823.3880558037
 08/05  14:00:00,8994321.968700003,654802.595173651,5362935.644183343,0.0,1524833.5868581743,1433139.915748021
 08/05  15:00:00,9297750.075064123,690252.8694404595,5593465.300275922,0.0,1529496.686512175,1464233.1533044972
 08/05  16:00:00,9386059.498616945,690252.8694404595,5530917.007622514,0.0,1552812.184782178,1579932.4996809338
 08/05  17:00:00,10235392.539843151,690252.8694404595,5446296.119761873,0.0,1646074.1778621883,2388479.498596913
 08/05  18:00:00,11774999.435397469,690252.8694404595,5349260.92960801,0.0,1907207.758486218,3747069.6157385074
 08/05  19:00:00,10227090.097337548,687019.0125129977,5239126.66623699,0.0,2420148.720426277,1779285.3705059395
 08/05  20:00:00,10687419.08554342,653090.8836207632,4936785.982141154,0.0,3119613.668526357,1837505.931331921
 08/05  21:00:00,10555557.17254217,587084.3690351783,4436404.91466709,0.0,3669859.42769842,1696408.2593044192
 08/05  22:00:00,8697302.297563553,511626.78817046783,3852034.025581519,0.0,2653303.703126303,1536531.4831735275
 08/05  23:00:00,5728999.344040083,416746.7052065169,3119172.3692396553,0.0,694801.8484460795,1398459.932286744
 08/05  24:00:00,4601764.110854141,342570.1575779737,2546884.5820849054,0.0,316624.46650663624,1317860.3201488627
 08/06  01:00:00,4009083.5845843256,291969.11660435935,2159589.337318857,0.0,230357.12290762636,1249343.423217719
 08/06  02:00:00,3666331.5676177307,254431.36065866557,1878752.6706395594,0.0,230357.12290762636,1224965.8288761163
 08/06  03:00:00,3409964.3630135646,226455.66961377012,1674738.7514218912,0.0,230357.12290762636,1200588.2345345132
 08/06  04:00:00,3219915.145967644,204533.60552564374,1514646.1926759782,0.0,230357.12290762636,1192553.6403226322
 08/06  05:00:00,3129237.1081522983,185889.44978020625,1377442.723697884,0.0,325484.35584923724,1177822.5434375084
 08/06  06:00:00,2897273.0584185217,161487.89393966703,1198367.6547145508,0.0,230357.12290762636,1247846.029057727
 08/06  07:00:00,2924069.596613966,159018.92978340018,1183838.4072032552,0.0,230357.12290762636,1293332.6177149885
 08/06  08:00:00,2934785.5754211526,157783.63125306932,1186178.3290972034,0.0,230357.12290762636,1304635.811952814
 08/06  09:00:00,3070002.191136798,172420.1360759699,1318486.2339871717,0.0,230357.12290762636,1301367.2119268696
 08/06  10:00:00,3390018.493541224,207237.09974136297,1621871.1997036198,0.0,230357.12290762636,1293332.6177149885
 08/06  11:00:00,3868989.0297130905,258055.51760374598,2061866.189572893,0.0,230357.12290762636,1293332.6177149885
 08/06  12:00:00,5167799.680667475,316687.53999110125,2563882.1259612367,0.0,885988.9342601014,1380939.0149239674
 08/06  13:00:00,5820499.29389233,388130.4321256919,3154990.1726522907,0.0,876662.7349521003,1382105.7274254342
 08/06  14:00:00,6562836.444587366,472255.7321023821,3821661.7892307136,0.0,876662.7349521003,1373645.961565357
 08/06  15:00:00,7240645.289315367,549764.3528881478,4409481.653315394,0.0,876662.7349521003,1384434.4826286556
 08/06  16:00:00,10907477.684359286,652810.4065818388,5146613.02936917,0.0,1552812.184782178,3523097.1265352378
 08/06  17:00:00,9475489.482562073,685790.5117802315,5333129.566945624,0.0,1646074.1778621883,1747897.1905865662
 08/06  18:00:00,9880631.445963996,690252.8694404595,5268184.307409596,0.0,1907207.758486218,1932086.4097091919
 08/06  19:00:00,9781119.983780058,645932.0869358787,4825784.28428534,0.0,2420148.720426277,1779285.3705059395
 08/06  20:00:00,10131081.054079708,599072.2687659082,4420931.855178252,0.0,3119613.668526357,1837505.931331921
 08/06  21:00:00,7111218.067992078,506610.90632107627,3762320.2974006576,0.0,1089766.3891399247,1574877.401733567
 08/06  22:00:00,5312682.131110717,406940.99772911344,3045600.0844407524,0.0,230357.12290762636,1475826.5957559536
 08/06  23:00:00,4653466.008513257,342951.3346018483,2564340.6941826376,0.0,230357.12290762636,1409231.0127830338
 08/06  24:00:00,4096644.7065170724,292022.48594765575,2167153.2951256507,0.0,230357.12290762636,1329287.2180003764
 08/07  01:00:00,3663134.364834495,252553.62451218878,1853055.6096611975,0.0,230357.12290762636,1249343.423217719
 08/07  02:00:00,3328406.062353227,217346.51273326649,1577912.013300455,0.0,230357.12290762636,1224965.8288761163
 08/07  03:00:00,3047290.6233987156,187360.14451612777,1351160.5369046852,0.0,230357.12290762636,1200588.2345345132
 08/07  04:00:00,2768248.3433700297,160889.47957197897,1155952.2599577063,0.0,233621.29266542674,1139960.7266391544
 08/07  05:00:00,2806125.5240859133,133021.63434097337,959450.3801009702,0.0,515738.821732459,1135316.6525240487
 08/07  06:00:00,3986321.2779231328,187171.26591150995,1364961.9926272074,0.0,1130801.6660951294,1244171.9954903359
 08/07  07:00:00,3684730.4377989243,249084.14179519657,1854434.0363764178,0.0,230357.12290762636,1293332.6177149885
 08/07  08:00:00,4229704.533447079,304281.7073230093,2334599.2110531903,0.0,230357.12290762636,1304635.811952814
 08/07  09:00:00,4674847.54041457,345991.1877748814,2749760.531566032,0.0,230357.12290762636,1301367.2119268696
 08/07  10:00:00,5085303.464364063,385556.27271277993,3138836.9975550426,0.0,230357.12290762636,1293332.6177149885
 08/07  11:00:00,8234095.675597448,475973.3728285718,3894426.3509748047,0.0,572162.3275458654,3266156.0423343703
 08/07  12:00:00,6532612.485678967,519036.3311744231,4269271.454873216,0.0,394265.07574574515,1329737.5583545128
 08/07  13:00:00,6473121.88197268,530708.2546395466,4380775.871523999,0.0,230357.12290762636,1312670.4061646948
 08/07  14:00:00,6843401.399184128,574045.0111468371,4707718.632228157,0.0,230357.12290762636,1312670.4061646948
 08/07  15:00:00,7195755.84224679,619595.7555989742,5020865.086256308,0.0,230357.12290762636,1304635.811952814
 08/07  16:00:00,9348659.06488272,676913.4495679971,5397294.708752642,0.0,725578.306162483,2516727.663308738
 08/07  17:00:00,25552963.321043607,690252.8694404595,5448713.281790775,0.0,1646074.1778621883,17705324.95656272
 08/07  18:00:00,10562446.402213776,690252.8694404595,5380574.973697179,0.0,1907207.758486218,2501510.699671389
 08/07  19:00:00,10255443.0224583,690252.8694404595,5255786.540459,0.0,2420148.720426277,1779285.3705059395
 08/07  20:00:00,10160113.577916685,686139.3635169152,5135732.620291289,0.0,2396833.222156274,1787451.0416749322
 08/07  21:00:00,8863148.616236832,603670.5561878578,4517292.112329757,0.0,1949175.655372223,1615367.218950141
 08/07  22:00:00,6975412.7979734,492606.614707231,3692018.326130247,0.0,1138262.6255415303,1498567.90131712
 08/07  23:00:00,5114844.625816923,396089.0284854873,2972581.617602665,0.0,230357.12290762636,1409231.0127830338
 08/07  24:00:00,4571780.1868137885,345196.0154415292,2589115.245928493,0.0,230357.12290762636,1329287.2180003764
 08/08  01:00:00,4112191.1374759036,301255.90267296974,2253410.104141825,0.0,230357.12290762636,1249343.423217719
 08/08  02:00:00,3770991.262158314,265715.2842823583,1972128.4415564502,0.0,230357.12290762636,1224965.8288761163
 08/08  03:00:00,3467464.707891666,234602.98704256807,1724091.778871195,0.0,230357.12290762636,1200588.2345345132
 08/08  04:00:00,3208350.2982817367,206241.81871988115,1501373.1317958338,0.0,230357.12290762636,1192553.6403226322
 08/08  05:00:00,3048751.6854075138,184201.7348580703,1335574.4838775352,0.0,277920.7393784318,1188456.6919060145
 08/08  06:00:00,4685775.999221315,237071.33202412823,1715485.7336985758,0.0,1431571.5937781637,1242432.981921496
 08/08  07:00:00,4502049.100265492,301764.0564545518,2200911.6831465783,0.0,625787.9735668716,1316062.8680927944
 08/08  08:00:00,4437351.222209591,337111.68497950083,2509415.9221592112,0.0,230357.12290762636,1304635.811952814
 08/08  09:00:00,4684867.028741572,360496.02424825693,2745275.1834196593,0.0,230357.12290762636,1301367.2119268696
 08/08  10:00:00,4850729.25806569,376160.61929000367,2913658.4446794456,0.0,230357.12290762636,1293332.6177149885
 08/08  11:00:00,5056664.624905543,397618.7809255475,3109978.521443545,0.0,230357.12290762636,1293332.6177149885
 08/08  12:00:00,5840979.809823842,443431.74278329674,3472268.2623812817,0.0,558173.0285838639,1346804.710544331
 08/08  13:00:00,5631216.388037192,460684.4365535616,3608894.195674496,0.0,230357.12290762636,1312670.4061646948
 08/08  14:00:00,5958520.943071041,500050.38595540635,3896832.801306501,0.0,230357.12290762636,1312670.4061646948
 08/08  15:00:00,6288942.396414673,543025.7122439357,4190621.683779228,0.0,230357.12290762636,1304635.811952814
 08/08  16:00:00,7589885.000815941,602893.383525305,4586146.3054865245,0.0,890652.0339141019,1478048.3407991494
 08/08  17:00:00,8135921.664487699,653537.977663813,4877451.739568904,0.0,937283.0304541073,1605050.8814134116
 08/08  18:00:00,11247098.112371027,681833.0487944989,4948477.908133283,0.0,1697368.2740561941,3836518.7804685226
 08/08  19:00:00,9232920.221263904,609297.5250606074,4314219.083644457,0.0,2420148.720426277,1779285.3705059395
 08/08  20:00:00,9223313.16910785,516322.3249581744,3595913.9140141276,0.0,3119613.668526357,1837505.931331921
 08/08  21:00:00,8308964.728109094,463220.48142633843,3202695.8926233025,0.0,2809517.541535321,1655887.7391272802
 08/08  22:00:00,4616641.060932291,347216.63667906594,2409283.375312374,0.0,230357.12290762636,1475826.5957559536
 08/08  23:00:00,3794617.979596774,257503.66241069054,1790940.3374573127,0.0,230357.12290762636,1409231.0127830338
 08/08  24:00:00,3276955.16288645,206232.5195107712,1433253.717931913,0.0,230357.12290762636,1329287.2180003764
 08/09  01:00:00,2792656.951382295,155430.1908268741,1079701.6298943127,0.0,230357.12290762636,1249343.423217719
 08/09  02:00:00,2517909.1945154364,124107.36701348037,860654.2911824501,0.0,230357.12290762636,1224965.8288761163
 08/09  03:00:00,2260893.3039068542,94867.66849639064,657255.6934325605,0.0,230357.12290762636,1200588.2345345132
 08/09  04:00:00,2056920.5465387348,70233.98617027079,485951.21260244184,0.0,230357.12290762636,1192553.6403226322
 08/09  05:00:00,1961615.5642458322,49869.318311220806,345841.31126040337,0.0,325484.35584923724,1177822.5434375084
 08/09  06:00:00,2462533.454567207,78464.79986536513,547781.3471845796,0.0,530194.4306598607,1246878.519058451
 08/09  07:00:00,2958440.0713759195,144766.87421283452,1023380.3870172495,0.0,428072.548237249,1304697.7429038915
 08/09  08:00:00,3397278.9717346006,219038.01761077828,1587417.3390529426,0.0,230357.12290762636,1304635.811952814
 08/09  09:00:00,4644661.274339752,267948.93811981735,2003878.9109625712,0.0,974587.8276861114,1350874.111332092
 08/09  10:00:00,4994261.88919165,308262.3494227899,2354421.6160743935,0.0,951272.3294161088,1343085.1408047306
 08/09  11:00:00,5360940.54182074,352275.9471430532,2716669.267334601,0.0,913967.5321841046,1352650.213245145
 08/09  12:00:00,5548038.037553202,392942.80274318927,3048840.3251228128,0.0,722080.9814219826,1363871.8627341492
 08/09  13:00:00,6122352.820531872,438049.6611329244,3406924.4702846,0.0,876662.7349521003,1382105.7274254342
 08/09  14:00:00,6679947.0801253375,503640.06983231765,3907388.0870387508,0.0,876662.7349521003,1373645.961565357
 08/09  15:00:00,7239615.607401907,569734.949912953,4388481.3743771305,0.0,876662.7349521003,1384434.4826286556
 08/09  16:00:00,7400430.343811443,601651.1857594659,4588077.510454867,0.0,725578.306162483,1452978.4043437676
 08/09  17:00:00,8613838.622054841,624135.431893958,4688286.745219659,0.0,1114480.8173061274,2124337.5922476347
 08/09  18:00:00,40386277.32773654,690252.8694404595,5031537.137084205,0.0,1907207.758486218,32674379.461807124
 08/09  19:00:00,13798256.259532982,658885.5366867991,4716176.484894769,0.0,2420148.720426277,5893075.995898515
 08/09  20:00:00,9667080.478855858,561502.1281845317,3994501.4205357786,0.0,3119613.668526357,1837505.931331921
 08/09  21:00:00,9679712.904249856,509889.2499637581,3625912.8938864064,0.0,3669859.42769842,1696408.2593044192
 08/09  22:00:00,7155364.0329395775,423497.1720317579,3009468.8726854622,0.0,2047100.7481062338,1521339.9098388515
 08/09  23:00:00,4505226.54749399,313010.1544945994,2219205.5907495376,0.0,462579.485676853,1403845.472534889
 08/09  24:00:00,3575283.5663372744,240400.0175915991,1697414.6233019088,0.0,230357.12290762636,1329287.2180003764
 08/10  01:00:00,3142542.819275805,196937.3417119601,1388080.3469027358,0.0,230357.12290762636,1249343.423217719
 08/10  02:00:00,2823223.5304610855,160534.71894149625,1129541.275200083,0.0,230357.12290762636,1224965.8288761163
 08/10  03:00:00,2551483.7015659898,129977.22928241719,912736.5303056699,0.0,230357.12290762636,1200588.2345345132
 08/10  04:00:00,2252659.500232101,96743.48055905725,679845.0438698604,0.0,231989.20778652653,1166257.1834808933
 08/10  05:00:00,2189211.5230519716,77300.85738955849,546005.730988205,0.0,325484.35584923724,1177822.5434375084
 08/10  06:00:00,2083931.511055205,66837.87649494114,479676.1247959599,0.0,230357.12290762636,1247846.029057727
 08/10  07:00:00,2317332.8980316394,88349.45300847117,647771.1853958585,0.0,230357.12290762636,1293332.6177149885
 08/10  08:00:00,2730128.767062282,133706.15152542864,1005599.0004659744,0.0,230357.12290762636,1304635.811952814
 08/10  09:00:00,3321322.374491718,199764.75129833247,1542461.8021197296,0.0,230357.12290762636,1301367.2119268696
 08/10  10:00:00,3806480.1395496186,253425.83896872375,1992144.1064846537,0.0,230357.12290762636,1293332.6177149885
 08/10  11:00:00,4346863.701876212,314360.10981159675,2483436.2695281645,0.0,230357.12290762636,1293332.6177149885
 08/10  12:00:00,4872838.787316693,371242.85569998034,2938266.3370133233,0.0,230357.12290762636,1312670.4061646948
 08/10  13:00:00,6242069.627958588,445809.26102939626,3518881.677814844,0.0,876662.7349521003,1382105.7274254342
 08/10  14:00:00,6670764.621229408,517135.9932407068,4061529.9965957156,0.0,715086.3319409818,1358402.0727151914
 08/10  15:00:00,6871773.885180702,561594.3010905804,4391832.4423384555,0.0,553509.9289298633,1344535.1472907348
 08/10  16:00:00,7749863.134487855,611069.9621063106,4737947.860577434,0.0,890652.0339141019,1478048.3407991494
 08/10  17:00:00,11030339.319007717,677019.4941471241,5166495.158315381,0.0,1468876.391010168,3655350.240147581
 08/10  18:00:00,9557373.240564814,664278.1734483663,4970900.798002508,0.0,1907207.758486218,1932086.4097091919
 08/10  19:00:00,10646984.65988425,595998.0341550866,4353654.679147908,0.0,2420148.720426277,3167213.7045283574
 08/10  20:00:00,10001608.647400316,538689.5324164237,3863552.2700292543,0.0,2396833.222156274,3048576.2925210926
 08/10  21:00:00,22124400.387558177,504731.46498084406,3598070.6056164037,0.0,1949175.655372223,15894779.588191852
 08/10  22:00:00,6343537.675153324,395236.9433370586,2847297.271948653,0.0,1440897.7930861649,1506148.3365041756
 08/10  23:00:00,4435252.7683663415,312088.7690869125,2263571.608290117,0.0,346468.30429223966,1406538.2426589613
 08/10  24:00:00,3739546.8036796884,253706.8156764088,1848371.0625595136,0.0,230357.12290762636,1329287.2180003764
 08/11  01:00:00,3387690.755878425,220701.36239099805,1609464.262826318,0.0,230357.12290762636,1249343.423217719
 08/11  02:00:00,3144907.7182998965,194280.76228360255,1419171.2584910437,0.0,230357.12290762636,1224965.8288761163
 08/11  03:00:00,2958706.927164279,174269.0552830867,1277359.7686975452,0.0,230357.12290762636,1200588.2345345132
 08/11  04:00:00,2827985.451141958,159118.6372321444,1168131.4661437913,0.0,230357.12290762636,1192553.6403226322
 08/11  05:00:00,2738877.2772916937,147703.963197346,1085592.605070693,0.0,230357.12290762636,1199090.8403745207
 08/11  06:00:00,3569872.4568391177,169497.78765278164,1249991.0147678133,0.0,830031.738412095,1245911.0090591754
 08/11  07:00:00,4356621.420862642,229919.78978773445,1697324.2978137059,0.0,1021218.8242261169,1338793.1184706
 08/11  08:00:00,4779890.846596158,280796.6288931816,2069082.3887771256,0.0,1011892.6249181158,1357213.0074145282
 08/11  09:00:00,5358353.800324343,312236.7813469303,2302359.607675411,0.0,974587.8276861114,1718414.419788219
 08/11  10:00:00,20073605.141251598,399162.9274587957,2944033.418183301,0.0,951272.3294161088,15738532.335131254
 08/11  11:00:00,5446987.055767103,370498.3632366201,2782801.5263931416,0.0,913967.5321841046,1352650.213245145
 08/11  12:00:00,6358511.596729936,389693.4825915629,2960424.1331827585,0.0,1538822.8858201762,1449269.0296043698
 08/11  13:00:00,8703673.801426385,434646.78872690385,3330877.5235640183,0.0,1524833.5868581743,3394705.675540477
 08/11  14:00:00,6918073.22851823,450533.9054691082,3490955.5937061133,0.0,1524833.5868581743,1433139.915748021
 08/11  15:00:00,6842670.8643190805,433199.54413948616,3395439.414831854,0.0,1529496.686512175,1464233.1533044972
 08/11  16:00:00,6960788.157960247,428160.5151571498,3367738.021249126,0.0,1552812.184782178,1579932.4996809338
 08/11  17:00:00,7209722.224594889,423982.847700741,3327478.134263675,0.0,1646074.1778621883,1747897.1905865662
 08/11  18:00:00,7777994.89606945,440649.45789260813,3416843.007857157,0.0,1907207.758486218,1932086.4097091919
 08/11  19:00:00,8525739.140855135,414001.333674266,3170211.080582963,0.0,2420148.720426277,2419867.6785162864
 08/11  20:00:00,9557788.247082133,425283.3093494074,3216618.8194680046,0.0,3119613.668526357,2655849.829815139
 08/11  21:00:00,8482649.303370936,398459.3345786241,3002553.2831225293,0.0,3239688.4846168705,1676147.9992158497
 08/11  22:00:00,5894637.360752624,328953.36625680653,2474831.5673937397,0.0,1440897.7930861649,1506148.3365041756
 08/11  23:00:00,4533444.889167725,275771.02818169305,2064593.5913921208,0.0,694801.8484460795,1398459.932286744
 08/11  24:00:00,3694473.887267202,234475.36711700168,1747689.148958938,0.0,316624.46650663624,1317860.3201488627
 08/12  01:00:00,3273601.728907588,203316.49748015602,1512760.1007663228,0.0,230357.12290762636,1249343.423217719
 08/12  02:00:00,3061117.249122204,181249.2373462041,1348412.3142507495,0.0,230357.12290762636,1224965.8288761163
 08/12  03:00:00,2888287.764431244,163796.4907999087,1217413.1704476885,0.0,230357.12290762636,1200588.2345345132
 08/12  04:00:00,2686323.197032647,140822.87848464755,1044764.9707819774,0.0,230357.12290762636,1192553.6403226322
 08/12  05:00:00,2579765.907930167,127496.17266674845,946689.0262397636,0.0,230357.12290762636,1199090.8403745207
 08/12  06:00:00,2747434.6366357785,140254.01594119854,1054536.5617819747,0.0,230357.12290762636,1247846.029057727
 08/12  07:00:00,3164647.6395960855,181154.93316162706,1390437.5752473585,0.0,230357.12290762636,1293332.6177149885
 08/12  08:00:00,3759257.4181419415,245140.8916926442,1918217.3949956507,0.0,230357.12290762636,1304635.811952814
 08/12  09:00:00,26435490.11172265,444361.0550045171,3484584.631226092,0.0,974587.8276861114,21481201.43397826
 08/12  10:00:00,7768778.9150774395,445148.0835770245,3578956.9848968596,0.0,1310331.0027741499,2393738.7127672676
 08/12  11:00:00,7272058.626246249,464260.4759905826,3775523.8462432185,0.0,1594780.0816681825,1410424.801636174
 08/12  12:00:00,7008151.187257912,497501.58485854865,4043128.5961241066,0.0,1049197.4221501201,1398021.518594068
 08/12  13:00:00,7128862.171088134,532199.8176302098,4319283.664343577,0.0,876662.7349521003,1382105.7274254342
 08/12  14:00:00,8348228.137206862,590422.8652374776,4781221.542626376,0.0,1524833.5868581743,1433139.915748021
 08/12  15:00:00,8587982.935366534,614862.840528664,4959088.189490129,0.0,1529496.686512175,1464233.1533044972
 08/12  16:00:00,8653588.288327005,609147.0608504914,4879551.6059225425,0.0,1552812.184782178,1579932.4996809338
 08/12  17:00:00,8645548.840253476,580798.0191958577,4606489.578427145,0.0,1646074.1778621883,1747897.1905865662
 08/12  18:00:00,15462268.279077042,652187.5258345238,5029573.589103056,0.0,1697368.2740561941,8001930.627958991
 08/12  19:00:00,13631412.222760664,637870.1900339036,4804185.654506847,0.0,2420148.720426277,5667697.330138292
 08/12  20:00:00,9455508.877392758,515797.83868088934,3842168.8189303656,0.0,3119613.668526357,1837505.931331921
 08/12  21:00:00,9414914.521097265,462599.18943923415,3420247.442818131,0.0,3669859.42769842,1696408.2593044192
 08/12  22:00:00,6644850.897937328,386716.8355193606,2856102.7096928335,0.0,1744465.5805615992,1513759.474651796
 08/12  23:00:00,4504491.840023031,302006.30085884,2236242.0920913615,0.0,462579.485676853,1403845.472534889
 08/12  24:00:00,3741694.297085553,250142.6093111366,1854082.7623306508,0.0,230357.12290762636,1329287.2180003764
 08/13  01:00:00,3369111.1393092177,215554.99722333415,1596031.0114247748,0.0,230357.12290762636,1249343.423217719
 08/13  02:00:00,3120528.5947712334,188920.7451488963,1398460.3133028313,0.0,230357.12290762636,1224965.8288761163
 08/13  03:00:00,2919269.3572402494,167917.03201174582,1242582.3832506014,0.0,230357.12290762636,1200588.2345345132
 08/13  04:00:00,2766689.814484409,150740.04809774813,1115214.4186206388,0.0,230357.12290762636,1192553.6403226322
 08/13  05:00:00,2586094.4398714663,129825.35739335201,964223.083808505,0.0,230357.12290762636,1199090.8403745207
 08/13  06:00:00,5711241.878270421,193255.22597196753,1439664.9201739295,0.0,830031.738412095,3189075.635913479
 08/13  07:00:00,5055469.06458384,227042.3131437889,1717351.2171314757,0.0,1021218.8242261169,2032334.1910777632
 08/13  08:00:00,5610495.000637126,295406.4367542191,2266113.220196836,0.0,425740.9984102488,2567403.665065383
 08/13  09:00:00,4213506.261465452,298217.5750200667,2336192.8653717283,0.0,230357.12290762636,1301367.2119268696
 08/13  10:00:00,4462757.733344705,324593.1981351458,2577254.3411133178,0.0,230357.12290762636,1293332.6177149885
 08/13  11:00:00,4851910.72841361,366614.30860822106,2936229.0972689376,0.0,230357.12290762636,1293332.6177149885
 08/13  12:00:00,5480447.829503126,412920.4204399282,3323222.7094318704,0.0,394265.0757457451,1329737.558354513
 08/13  13:00:00,6636141.804868042,483089.175838385,3875673.9399153097,0.0,876662.7349521003,1382105.7274254342
 08/13  14:00:00,6298436.167458607,528217.6337333128,4208580.7779161595,0.0,230357.12290762636,1312670.4061646948
 08/13  15:00:00,6616942.043112104,571713.0055385813,4489934.0371820135,0.0,230357.12290762636,1304635.811952814
 08/13  16:00:00,7359027.402739808,552806.2790959147,4282265.731853622,0.0,395430.8506592453,2096379.6040401673
 08/13  17:00:00,9014197.863763664,577167.9738428761,4369565.0242733555,0.0,1114480.8173061274,2890386.0129538407
 08/13  18:00:00,8632232.048789546,561839.857301915,4148197.9223736897,0.0,1907207.758486218,1932086.4097091919
 08/13  19:00:00,8508185.448301239,510517.0389784047,3688264.796763995,0.0,2420148.720426277,1779285.3705059395
 08/13  20:00:00,7883040.791406226,435592.56261579774,3109206.63468195,0.0,2396833.222156274,1787451.0416749322
 08/13  21:00:00,5710473.717389092,352850.21267851174,2515336.6404402372,0.0,1089766.3891399247,1574877.401733567
 08/13  22:00:00,6893471.251894796,303831.2236007588,2165903.1470355038,0.0,835627.4579968955,3434152.092984368
 08/13  23:00:00,3823374.4925323264,254626.15807906003,1822574.3547244954,0.0,230357.12290762636,1409231.0127830338
 08/13  24:00:00,3238172.330253355,195074.49337620172,1405628.9114333873,0.0,230357.12290762636,1329287.2180003764
 08/14  01:00:00,2928215.2650963617,166379.00101144356,1204311.1334238092,0.0,230357.12290762636,1249343.423217719
 08/14  02:00:00,2725593.862673779,144435.0959190065,1048011.2304352671,0.0,230357.12290762636,1224965.8288761163
 08/14  03:00:00,2561555.5097672176,127329.67794918244,925455.8898401323,0.0,230357.12290762636,1200588.2345345132
 08/14  04:00:00,2446347.850246339,114274.18451632596,831338.3179639911,0.0,230357.12290762636,1192553.6403226322
 08/14  05:00:00,2491663.3387078494,102680.55802768173,749188.2070407963,0.0,420611.5887908481,1156584.949461061
 08/14  06:00:00,3309983.1931783445,104810.2054417539,770984.9683521751,0.0,1130801.6660951294,1244171.9954903359
 08/14  07:00:00,2351960.63189263,91068.79514727271,679679.5771180472,0.0,230357.12290762636,1293332.6177149885
 08/14  08:00:00,2382185.062584618,92469.94992737567,698891.4975863629,0.0,230357.12290762636,1304635.811952814
 08/14  09:00:00,2539163.410253546,111149.70660651263,848917.8825733769,0.0,230357.12290762636,1301367.2119268696
 08/14  10:00:00,2850357.293708978,148609.4633278412,1140837.6362848962,0.0,230357.12290762636,1293332.6177149885
 08/14  11:00:00,3095523.8011615938,177916.71423721747,1368539.764387925,0.0,230357.12290762636,1293332.6177149885
 08/14  12:00:00,3326464.8908884935,203302.6458553208,1559832.6504297825,0.0,230357.12290762636,1312670.4061646948
 08/14  13:00:00,3669311.2519578002,245171.6279889485,1862501.8681597183,0.0,230357.12290762636,1312670.4061646948
 08/14  14:00:00,4618742.527983998,297607.80492617877,2229036.091664833,0.0,715086.3319409818,1358402.0727151914
 08/14  15:00:00,5170682.342673617,344538.61648063175,2544744.443081161,0.0,876662.7349521003,1384434.4826286556
 08/14  16:00:00,8973185.243805474,412602.09935635753,3001468.6814176776,0.0,1221732.10934814,4305237.416592439
 08/14  17:00:00,10926131.175435897,524955.449648291,3751818.1408499456,0.0,1646074.1778621883,4940685.37168801
 08/14  18:00:00,7227830.639620621,404568.3366794324,2901068.0338272485,0.0,1907207.758486218,1932086.4097091919
 08/14  19:00:00,7278499.141450232,365532.85871250584,2603562.6701788865,0.0,2420148.720426277,1779285.3705059395
 08/14  20:00:00,8602631.27339639,326158.4626795604,2311286.136567485,0.0,3119613.668526357,2691615.6753457165
 08/14  21:00:00,8227449.067515427,319693.18309902214,2257081.406014989,0.0,3669859.42769842,1803171.9773061436
 08/14  22:00:00,5829970.0102113,260873.4939539856,1846698.5280349578,0.0,2047100.7481062338,1521339.9098388515
 08/14  23:00:00,3228284.2819761494,182404.83593788638,1299705.4663094925,0.0,230357.12290762636,1409231.0127830338
 08/14  24:00:00,2763494.6053783796,137997.37724502705,988028.3026895864,0.0,230357.12290762636,1329287.2180003764
 08/15  01:00:00,2471891.2602882255,111901.11834640632,802465.0112807103,0.0,230357.12290762636,1249343.423217719
 08/15  02:00:00,2276551.0756869772,90969.7460825449,652433.7932849268,0.0,230357.12290762636,1224965.8288761163
 08/15  03:00:00,2116516.384243978,74428.67235999843,533317.7699060768,0.0,230357.12290762636,1200588.2345345132
 08/15  04:00:00,1992187.09362598,60264.43111862191,431187.314741336,0.0,230357.12290762636,1192553.6403226322
 08/15  05:00:00,1964873.539660092,48835.13099406201,350133.4739918223,0.0,325484.35584923724,1177822.5434375084
 08/15  06:00:00,3376056.690311664,78048.45699037824,564789.2998226755,0.0,1431571.5937781637,1242432.981921496
 08/15  07:00:00,19528008.923058975,168521.43456875836,1232601.8634228,0.0,1219400.5595211396,16849962.546541583
 08/15  08:00:00,36046061.55263841,328758.05620099226,2419642.040235231,0.0,1011892.6249181158,32229938.15107363
 08/15  09:00:00,22770231.72084181,403548.8824974959,3013850.5840744395,0.0,974587.8276861114,18330872.9403446
 08/15  10:00:00,5380647.332932683,352870.62569383625,2696198.78354438,0.0,951272.3294161088,1343085.1408047306
 08/15  11:00:00,5556304.30851927,374396.2495405176,2889912.7316356674,0.0,913967.5321841046,1352650.213245145
 08/15  12:00:00,5564467.56075321,393964.4817083781,3064248.1693576328,0.0,722080.9814219826,1363871.8627341492
 08/15  13:00:00,5649984.223457222,423781.3222357267,3306694.6787597556,0.0,553509.9289298634,1347388.0667950646
 08/15  14:00:00,5697477.900816114,471426.7109029735,3664413.434104006,0.0,230357.12290762636,1312670.4061646948
 08/15  15:00:00,6178166.969208524,530988.0917858415,4091883.8770311736,0.0,230357.12290762636,1304635.811952814
 08/15  16:00:00,6655554.436921094,581720.3679041624,4433563.414040824,0.0,230357.12290762636,1377768.5949776226
 08/15  17:00:00,7827812.343759801,638541.693871099,4796781.7568136295,0.0,760551.553567487,1569339.304120123
 08/15  18:00:00,8188805.582271146,628326.3974044537,4632571.87785274,0.0,1067849.8207661223,1777157.3853292996
 08/15  19:00:00,9031600.913922213,577075.8807992807,4145121.420564092,0.0,2420148.720426277,1779285.3705059395
 08/15  20:00:00,8370176.517909687,499693.2552382741,3532241.668562934,0.0,2396833.222156274,1787451.0416749322
 08/15  21:00:00,7191829.413852174,428199.93122279225,3021443.534910166,0.0,1949175.655372223,1615367.218950141
 08/15  22:00:00,5983574.874597885,356273.91627946496,2526297.4984508073,0.0,1440897.7930861649,1506148.3365041756
 08/15  23:00:00,3988212.8674824135,275427.383941027,1966611.5038126158,0.0,230357.12290762636,1409231.0127830338
 08/15  24:00:00,3416928.9530250705,217744.21631433113,1561715.8112669736,0.0,230357.12290762636,1329287.2180003764
 08/16  01:00:00,3026892.8429720527,177649.98352898218,1276591.1673061303,0.0,287713.2486518329,1207113.8589493437
 08/16  02:00:00,2679541.6084425757,146274.9098124187,1051606.7694137918,0.0,230357.12290762636,1173478.2217729753
 08/16  03:00:00,2443646.4918758827,121713.00822534194,874216.2212161933,0.0,230357.12290762636,1139535.554990958
 08/16  04:00:00,2251864.8231781004,94604.665634345,681189.1817405721,0.0,231989.20778652653,1166257.1834808933
 08/16  05:00:00,2137205.059273999,78217.39020563077,566941.6703987593,0.0,230357.12290762636,1199090.8403745207
 08/16  06:00:00,4115042.487052098,88072.9656086498,642950.8391246088,0.0,530660.7406252606,2794143.583894628
 08/16  07:00:00,6253722.059311405,178059.27727282903,1304409.8243690224,0.0,1021685.1341915169,3692045.304473342
 08/16  08:00:00,2625794.7794503625,121430.94648729214,913540.2178921908,0.0,230357.12290762636,1304635.811952814
 08/16  09:00:00,2957198.176539416,159118.71109324845,1218983.644372511,0.0,230357.12290762636,1301367.2119268696
 08/16  10:00:00,3413395.2853337415,211111.61447401153,1641373.476763489,0.0,230357.12290762636,1293332.6177149885
 08/16  11:00:00,4782755.014147643,281098.40715390263,2209661.279650654,0.0,913967.5321841046,1352650.213245145
 08/16  12:00:00,5237931.918719419,329537.8930819766,2621164.0109223058,0.0,885988.9342601014,1380939.0149239674
 08/16  13:00:00,22349552.98586367,481859.1150469554,3800809.5678930515,0.0,876662.7349521003,17171611.341234747
 08/16  14:00:00,19571518.43921158,560953.5586755692,4405898.629245662,0.0,391933.5259187449,14194122.498634793
 08/16  15:00:00,5437513.353861991,432763.3456973309,3449455.0077731516,0.0,230357.12290762636,1304635.811952814
 08/16  16:00:00,5670944.763049022,449929.4583007448,3580744.6497721705,0.0,230357.12290762636,1377768.5949776226
 08/16  17:00:00,5721704.2182766395,444908.62205692625,3521635.8656843673,0.0,230357.12290762636,1462204.572240257
 08/16  18:00:00,6133793.294016553,451308.08896139136,3498894.1897199997,0.0,439730.29737225035,1660960.6170443804
 08/16  19:00:00,7481747.02432495,442216.53170626773,3341399.687063309,0.0,1872234.511081214,1715926.7728475365
 08/16  20:00:00,7016440.605705861,410720.43156034127,3040313.9160641124,0.0,1674052.7757861915,1737396.1520179438
 08/16  21:00:00,5294037.709155069,348430.25987411814,2553270.1267350437,0.0,660061.7560237756,1554632.49312528
 08/16  22:00:00,4187082.631100129,280842.7264373072,2046098.8557219706,0.0,230357.12290762636,1475826.5957559536
 08/16  23:00:00,3656656.1304353736,231208.48728896418,1679273.6634176387,0.0,230357.12290762636,1409231.0127830338
 08/16  24:00:00,3226211.5352457385,192591.5980826147,1396151.0117193572,0.0,230357.12290762636,1329287.2180003764
 08/17  01:00:00,2876208.147657182,160041.07612569645,1158641.9408703768,0.0,230357.12290762636,1249343.423217719
 08/17  02:00:00,2629322.9453279637,133269.65718012364,962905.7518283343,0.0,230357.12290762636,1224965.8288761163
 08/17  03:00:00,2414553.050039357,110295.06548542653,795488.0425760278,0.0,230357.12290762636,1200588.2345345132
 08/17  04:00:00,2245222.6530852364,90823.84712941105,653663.4581898035,0.0,230357.12290762636,1192553.6403226322
 08/17  05:00:00,4470389.474303661,108451.6708616734,779009.3059088781,0.0,420611.58879084815,3099718.8733547996
 08/17  06:00:00,3625273.1696119644,107692.92084690147,784361.3152664526,0.0,1431571.5937781637,1242432.981921496
 08/17  07:00:00,3197560.9925121823,116723.84909686193,872383.2322324342,0.0,823503.3988964943,1327427.9932816974
 08/17  08:00:00,2830604.7908044346,142220.68736669602,1097560.488366859,0.0,230357.12290762636,1304635.811952814
 08/17  09:00:00,3207049.8664244097,182246.13423054825,1445707.9111202045,0.0,230357.12290762636,1301367.2119268696
 08/17  10:00:00,3771590.5307607744,244326.56853284128,1966353.768131692,0.0,230357.12290762636,1293332.6177149885
 08/17  11:00:00,4302885.373413695,302855.74826901214,2450962.302608231,0.0,230357.12290762636,1293332.6177149885
 08/17  12:00:00,4821886.598289317,358393.74552320264,2900163.258162725,0.0,230357.12290762636,1312670.4061646948
 08/17  13:00:00,6051839.701037133,437233.8032866996,3516162.4419623893,0.0,715086.3319409818,1364746.8971102494
 08/17  14:00:00,6959678.2174374955,524741.7427562957,4166017.551426929,0.0,876662.7349521003,1373645.961565357
 08/17  15:00:00,7255759.14137898,563840.7264278126,4410519.131839342,0.0,876662.7349521003,1384434.4826286556
 08/17  16:00:00,7267226.9679598315,559701.4595196018,4306680.19663612,0.0,890652.0339141019,1478048.3407991494
 08/17  17:00:00,7682739.639394867,544490.6718914898,4107498.2919577784,0.0,1291678.6041581477,1676474.035999989
 08/17  18:00:00,8517090.084298596,548344.2017072617,4046551.613477394,0.0,1907207.758486218,1932086.4097091919
 08/17  19:00:00,10507091.750193322,517174.5792316922,3758766.634371752,0.0,2420148.720426277,3701032.29453698
 08/17  20:00:00,9904100.864399426,459039.07551637857,3302113.5242608306,0.0,3119613.668526357,2869377.265818588
 08/17  21:00:00,8835791.814149307,409769.06458074116,2928864.651495317,0.0,2809517.541535321,2509997.483141076
 08/17  22:00:00,7156366.49866484,339240.577769272,2424882.2937337793,0.0,1138262.6255415303,3100023.671342987
 08/17  23:00:00,3831669.0949248048,254325.07395371367,1831170.0412423206,0.0,230357.12290762636,1409231.0127830338
 08/17  24:00:00,3336797.3292829706,205615.1339936333,1493713.2698455716,0.0,230357.12290762636,1329287.2180003764
 08/18  01:00:00,3023696.6817389918,175589.93635210898,1290581.6147257737,0.0,230357.12290762636,1249343.423217719
 08/18  02:00:00,2857591.8714587754,157111.7042167722,1169024.4697167533,0.0,230357.12290762636,1224965.8288761163
 08/18  03:00:00,2731337.818047746,143926.05557287135,1080333.6592912276,0.0,230357.12290762636,1200588.2345345132
 08/18  04:00:00,2576757.486962123,132405.53963720566,992945.3434845728,0.0,233621.29266542674,1139960.7266391544
 08/18  05:00:00,2718117.075563174,126071.61604659294,938746.8784837293,0.0,420611.58879084815,1156554.2465004963
 08/18  06:00:00,3567216.8570859805,132662.67113740434,985139.6174158587,0.0,1130801.6660951292,1244171.9954903356
 08/18  07:00:00,4575618.254943679,154265.27978606182,1152245.1928215846,0.0,1813945.7654062074,1385796.6263653394
 08/18  08:00:00,7053393.799951553,215569.33947002163,1625488.5689315698,0.0,1799956.466444206,3351473.228512549
 08/18  09:00:00,4961166.651410062,205067.44222428487,1585822.269433721,0.0,1720683.7723261968,1398838.0035981871
 08/18  10:00:00,5073323.8800144335,221937.4317307488,1750036.5784128807,0.0,1669389.676132191,1391356.062676475
 08/18  11:00:00,5469037.720615888,271875.3336417763,2164888.0829616627,0.0,1594780.0816681825,1410424.801636174
 08/18  12:00:00,5754400.462601431,304544.5733504993,2441461.9082953166,0.0,1538822.8858201762,1449269.0296043698
 08/18  13:00:00,5888111.182946101,359667.17899471143,2892262.2282536356,0.0,1200748.1609051374,1416823.3880558037
 08/18  14:00:00,6748255.373431504,419139.61548636365,3352532.0286021316,0.0,1524833.5868581743,1433139.915748021
 08/18  15:00:00,6288491.527362455,450552.5955461408,3556539.6487044888,0.0,876662.7349521003,1384434.4826286556
 08/18  16:00:00,6758251.730315905,498152.71678409504,3859253.701727699,0.0,890652.0339141019,1478048.3407991494
 08/18  17:00:00,6969099.37799196,504600.6207734294,3857874.9711692934,0.0,937283.0304541073,1605050.8814134116
 08/18  18:00:00,7209652.819720411,502631.86629183346,3780805.485208881,0.0,1067849.8207661223,1777157.3853292996
 08/18  19:00:00,7195791.038661139,452264.64757561375,3359491.1830031634,0.0,1598277.4064086827,1684247.474018335
 08/18  20:00:00,8778445.71756873,441622.0365832427,3239281.4612039845,0.0,3119613.668526357,1837505.931331921
 08/18  21:00:00,9053723.442182314,424740.2162203976,3096915.337122014,0.0,3669859.42769842,1696408.2593044192
 08/18  22:00:00,7362360.039230263,366037.86340995977,2662680.692008736,0.0,2653303.703126303,1536531.4831735275
 08/18  23:00:00,4392661.134820972,279451.4761278038,2033547.8003597981,0.0,578690.6670614663,1401152.7024108164
 08/18  24:00:00,3412276.081650324,214626.7375582339,1560180.418648324,0.0,230357.12290762636,1329287.2180003764
 08/19  01:00:00,2976497.8006679146,172006.09295820637,1246966.5770485993,0.0,230357.12290762636,1249343.423217719
 08/19  02:00:00,2672129.805546043,138766.80214248673,1001907.3058783059,0.0,230357.12290762636,1224965.8288761163
 08/19  03:00:00,2417591.812020605,111146.35502644134,799367.3538105167,0.0,230357.12290762636,1200588.2345345132
 08/19  04:00:00,2218693.3133839266,87886.77729174001,630071.1883261646,0.0,230357.12290762636,1192553.6403226322
 08/19  05:00:00,2079648.5958839587,70253.80737716118,503814.0794831429,0.0,230357.12290762636,1199090.8403745207
 08/19  06:00:00,2287056.4115072615,89352.18255423282,645060.1700404229,0.0,230357.12290762636,1247846.029057727
 08/19  07:00:00,2872181.105701251,153793.8589710908,1125332.11554306,0.0,230357.12290762636,1293332.6177149885
 08/19  08:00:00,3507824.51019841,225123.98263956315,1686801.3961052,0.0,230357.12290762636,1304635.811952814
 08/19  09:00:00,3929017.1704478236,268757.1379310532,2077780.5338546028,0.0,230357.12290762636,1301367.2119268696
 08/19  10:00:00,4268399.714369313,303413.3446706415,2400692.4980139188,0.0,230357.12290762636,1293332.6177149885
 08/19  11:00:00,4738749.208346125,353784.88214015594,2834205.164875262,0.0,230357.12290762636,1293332.6177149885
 08/19  12:00:00,5235983.840237897,404685.76532833884,3267968.480306168,0.0,230357.12290762636,1312670.4061646948
 08/19  13:00:00,5814247.408692772,466230.87865823717,3786378.7742254003,0.0,230357.12290762636,1312670.4061646948
 08/19  14:00:00,6536645.767920857,545470.7620688359,4429537.250042887,0.0,230357.12290762636,1312670.4061646948
 08/19  15:00:00,7919912.245631258,621555.6593664966,5016957.303152937,0.0,876662.7349521003,1384434.4826286556
 08/19  16:00:00,8567503.65844613,685643.4052774033,5481014.941364614,0.0,890652.0339141019,1478048.3407991494
 08/19  17:00:00,8764768.724804232,690252.8694404595,5467892.069314537,0.0,937283.0304541073,1605050.8814134116
 08/19  18:00:00,9972260.979380049,690252.8694404595,5361505.6796199065,0.0,1907207.758486218,1932086.4097091919
 08/19  19:00:00,9391323.710759534,663671.4781225753,5037980.621052863,0.0,1872234.511081214,1715926.7728475365
 08/19  20:00:00,8512376.76687532,583960.2520965523,4376544.967051405,0.0,1674052.7757861915,1737396.1520179438
 08/19  21:00:00,7928367.5980405975,495189.97982433497,3702834.5420568376,0.0,1949175.655372223,1615367.218950141
 08/19  22:00:00,6617253.451871535,416138.05492942117,3110262.969840037,0.0,1440897.7930861649,1506148.3365041756
 08/19  23:00:00,5075924.7394347815,340537.31901159906,2542307.1508292714,0.0,694801.8484460795,1398459.932286744
 08/19  24:00:00,4290957.166182241,292539.81992194254,2174313.6164131924,0.0,445559.171939751,1300719.9733715921
 08/20  01:00:00,3653258.3922129543,247960.5876386451,1832646.1124373698,0.0,287713.2486518329,1207113.8589493437
 08/20  02:00:00,3304221.298617645,212132.3963475999,1558941.3659505397,0.0,230357.12290762636,1224965.8288761163
 08/20  03:00:00,3004042.7332368987,179869.7324594963,1315403.0587994994,0.0,230357.12290762636,1200588.2345345132
 08/20  04:00:00,2759121.2780221654,151880.22293064086,1106505.707325502,0.0,230357.12290762636,1192553.6403226322
 08/20  05:00:00,2708148.718052327,133165.37807531614,972133.5858202216,0.0,373047.97232004267,1167203.7464492847
 08/20  06:00:00,3373607.0338873463,129689.67473156215,959244.796828466,0.0,980416.7022536122,1245041.5022747556
 08/20  07:00:00,2852620.9614160284,123716.11944873296,938612.0318214602,0.0,428072.548237249,1304697.7429038915
 08/20  08:00:00,2704210.5235473793,125974.33944833916,987412.5690281608,0.0,230357.12290762636,1304635.811952814
 08/20  09:00:00,2943439.4919899954,150332.0895333739,1214011.5813829652,0.0,230357.12290762636,1301367.2119268696
 08/20  10:00:00,3263165.2423451706,184969.67339762743,1517285.3748513022,0.0,230357.12290762636,1293332.6177149885
 08/20  11:00:00,3488247.9632263146,209745.96185811242,1729434.6788317512,0.0,230357.12290762636,1293332.6177149885
 08/20  12:00:00,3836237.794263335,245945.65983953426,2026962.5398204108,0.0,230357.12290762636,1312670.4061646948
 08/20  13:00:00,4007267.0330797182,264497.9107447008,2181131.3665258833,0.0,230357.12290762636,1312670.4061646948
 08/20  14:00:00,4134449.273757739,278007.74336155615,2294803.7745870487,0.0,230357.12290762636,1312670.4061646948
 08/20  15:00:00,4419437.709024596,309770.8826942016,2554371.8259388856,0.0,230357.12290762636,1304635.811952814
 08/20  16:00:00,5080295.375886263,373547.964688502,3066476.756221653,0.0,230357.12290762636,1377768.5949776226
 08/20  17:00:00,6461126.01614426,469915.9619167278,3811164.2153323693,0.0,583820.0766808668,1533627.7268268343
 08/20  18:00:00,8370368.419009766,554134.8150203166,4391182.815925502,0.0,1487528.7896261702,1854621.8975192457
 08/20  19:00:00,8024342.998574586,493370.9341886122,3832841.258830599,0.0,1872234.511081214,1715926.7728475365
 08/20  20:00:00,8999558.177455653,498463.1365373151,3776435.7787963236,0.0,2758223.4453413156,1812478.4865034265
 08/20  21:00:00,6940774.413097078,427142.7135546084,3221395.293547689,0.0,1519471.0222560738,1595122.3103418539
 08/20  22:00:00,4772469.73150799,339817.7122984567,2572510.970268681,0.0,230357.12290762636,1475826.5957559536
 08/20  23:00:00,4235397.206811054,290356.28960215574,2198866.9374801265,0.0,230357.12290762636,1409231.0127830338
 08/20  24:00:00,3805692.3059045835,252994.63358401894,1915228.746876798,0.0,230357.12290762636,1329287.2180003764
 08/21  01:00:00,3431681.2466604053,218866.1383707054,1655289.9776285905,0.0,230357.12290762636,1249343.423217719
 08/21  02:00:00,3221424.441992293,197646.5860304051,1490630.3196423815,0.0,230357.12290762636,1224965.8288761163
 08/21  03:00:00,3025434.7836908493,178199.67857822357,1338465.1631347234,0.0,230357.12290762636,1200588.2345345132
 08/21  04:00:00,2869313.2637476157,161354.31649991844,1207223.599481675,0.0,230357.12290762636,1192553.6403226322
 08/21  05:00:00,2743390.168398986,147584.9354530464,1103759.2342763308,0.0,230357.12290762636,1199090.8403745207
 08/21  06:00:00,4332972.604848704,187406.80090429963,1412346.8704457944,0.0,1431571.5937781637,1242432.981921496
 08/21  07:00:00,12630050.248785049,288061.3142864015,2199572.7780053793,0.0,1813945.7654062074,8270947.872082366
 08/21  08:00:00,6785337.410207316,389488.88705725956,3035153.7829540637,0.0,1799956.466444206,1504907.5935413474
 08/21  09:00:00,6409933.196965551,404631.2013740675,3235438.651881029,0.0,1347635.8000061542,1374856.0574651395
 08/21  10:00:00,6258205.381308708,430479.57833208615,3496147.8792821565,0.0,951272.3294161088,1343085.1408047306
 08/21  11:00:00,6602428.417765804,469214.5415416776,3841218.54888104,0.0,913967.5321841046,1352650.213245145
 08/21  12:00:00,6974578.830469029,508516.09382334043,4178832.721930551,0.0,885988.9342601014,1380939.0149239674
 08/21  13:00:00,7239451.887840346,540069.8841889069,4422003.314537092,0.0,876662.7349521003,1382105.7274254342
 08/21  14:00:00,7548842.060932195,579694.3930131355,4700228.74466479,0.0,876662.7349521003,1373645.961565357
 08/21  15:00:00,7732396.107228822,604108.3473339115,4846888.476783086,0.0,876662.7349521003,1384434.4826286556
 08/21  16:00:00,7740616.941391526,598969.2969687543,4740802.33261866,0.0,890652.0339141019,1478048.3407991494
 08/21  17:00:00,9402692.241083872,601082.8270456938,4651498.937594798,0.0,1646074.1778621883,2441438.2631937293
 08/21  18:00:00,11349062.1857773,615971.4891099911,4612395.208551913,0.0,1067849.8207661223,4969945.566430744
 08/21  19:00:00,7050557.441226421,473981.5265732694,3489717.916101244,0.0,1324320.3017361513,1652568.1751891337
 08/21  20:00:00,7777192.338894869,416787.92540886975,3022162.8193775215,0.0,2396833.222156274,1787451.0416749325
 08/21  21:00:00,8918818.947549663,412725.9986403278,2962182.1885096445,0.0,3669859.42769842,1696408.2593044192
 08/21  22:00:00,7235327.593216438,354445.85511965153,2537089.221519684,0.0,2653303.703126303,1536531.4831735275
 08/21  23:00:00,4136020.4636006765,264221.9075080716,1898787.7538427517,0.0,462579.485676853,1403845.472534889
 08/21  24:00:00,3327167.6550950855,205827.07635658298,1483871.653294736,0.0,230357.12290762636,1329287.2180003764
 08/22  01:00:00,2933473.0358762923,167428.9520258803,1208518.9531893032,0.0,230357.12290762636,1249343.423217719
 08/22  02:00:00,2667912.614507039,138133.02364996937,996632.0545375638,0.0,230357.12290762636,1224965.8288761163
 08/22  03:00:00,2444394.2565042106,114109.5278061655,821514.7867201424,0.0,230357.12290762636,1200588.2345345132
 08/22  04:00:00,2198421.9674528646,91245.7787744137,655769.5848381063,0.0,233621.29266542674,1139960.7266391544
 08/22  05:00:00,2248701.373154705,74320.29375296438,534617.2087229339,0.0,420611.58879084815,1156554.2465004963
 08/22  06:00:00,3635441.242370596,109437.6624708281,792784.6464011578,0.0,1431571.5937781637,1242432.981921496
 08/22  07:00:00,4157612.006916536,183672.42648241084,1346472.5064640057,0.0,1219400.5595211396,1350543.9954442848
 08/22  08:00:00,4264704.84843971,243075.33415234377,1805221.3761123344,0.0,816508.7494154935,1344068.7085490995
 08/22  09:00:00,3737329.3737435886,253173.8715327944,1905059.6811371378,0.0,230357.12290762636,1301367.2119268696
 08/22  10:00:00,3861970.053672782,267648.92622273846,2033410.9333538024,0.0,230357.12290762636,1293332.6177149885
 08/22  11:00:00,4078880.5636965856,292755.35297999985,2237057.888180135,0.0,230357.12290762636,1293332.6177149885
 08/22  12:00:00,4376860.085956052,325596.1457360826,2487934.34561658,0.0,230357.12290762636,1312670.4061646948
 08/22  13:00:00,7835638.912187451,423510.5325317281,3191585.063687071,0.0,876662.7349521003,3325270.3542797375
 08/22  14:00:00,5738653.266869418,430392.49075885676,3216162.144717576,0.0,715086.3319409818,1358402.0727151914
 08/22  15:00:00,5160485.146247963,427277.1571494688,3177912.9887069855,0.0,230357.12290762636,1304635.811952814
 08/22  16:00:00,6078610.604581732,486382.56670949026,3571670.054482132,0.0,560504.5784108641,1427908.467888386
 08/22  17:00:00,10004599.44246042,589630.3792147592,4228144.396700448,0.0,1468876.391010168,3655350.2401475813
 08/22  18:00:00,8043166.28512637,510838.20670780714,3610133.809304622,0.0,1907207.758486218,1932086.4097091919
 08/22  19:00:00,7879787.258310212,449733.1526777333,3120650.4930736385,0.0,2420148.720426277,1779285.3705059395
 08/22  20:00:00,8053308.106494453,373649.41926878225,2568581.757090122,0.0,3119613.668526357,1837505.931331921
 08/22  21:00:00,6162591.119058596,307600.9910310089,2112804.1803083704,0.0,1949175.655372223,1615367.218950141
 08/22  22:00:00,3651957.6157362256,227026.54879996652,1564790.017995408,0.0,230357.12290762636,1475826.5957559536
 08/22  23:00:00,3003335.712913477,158811.45167708932,1098350.2815076166,0.0,230357.12290762636,1409231.0127830338
 08/22  24:00:00,2581087.6982572842,118980.02334295842,824638.7494705593,0.0,230357.12290762636,1329287.2180003764
 08/23  01:00:00,2247963.3370815828,86919.4087092396,603518.7977112342,0.0,230357.12290762636,1249343.423217719
 08/23  02:00:00,2027997.648648431,62237.20749789906,432612.9048310261,0.0,230357.12290762636,1224965.8288761163
 08/23  03:00:00,1841162.0009514666,41752.74574815027,290639.31322541385,0.0,230357.12290762636,1200588.2345345132
 08/23  04:00:00,1618492.3758339747,20939.224969322662,146146.5470243072,0.0,233621.29266542674,1139960.7266391544
 08/23  05:00:00,1702610.1331875238,7846.71628856968,54999.54622014762,0.0,420611.58879084815,1156554.2465004963
 08/23  06:00:00,2502359.67434543,26838.152267352925,190848.95975075883,0.0,980416.7022536122,1245041.5022747554
 08/23  07:00:00,2236943.066665481,79401.41928518412,576329.3877529867,0.0,230357.12290762636,1293332.6177149885
 08/23  08:00:00,2780966.516070269,142278.61569222732,1047864.2853071619,0.0,230357.12290762636,1304635.811952814
 08/23  09:00:00,3031018.660315194,171728.5685126866,1280194.2707288512,0.0,230357.12290762636,1301367.2119268696
 08/23  10:00:00,3251776.873495724,198435.54887518752,1492431.1305242958,0.0,230357.12290762636,1293332.6177149885
 08/23  11:00:00,3554566.3882754035,234697.13474185398,1770801.9309970988,0.0,230357.12290762636,1293332.6177149885
 08/23  12:00:00,3843686.3082974935,266754.3539988006,2013602.3596953028,0.0,230357.12290762636,1312670.4061646948
 08/23  13:00:00,4140339.162018977,302135.4841581624,2276565.9220516803,0.0,230357.12290762636,1312670.4061646948
 08/23  14:00:00,4791655.3579788525,360105.6019829764,2693091.7083254578,0.0,391933.52591874485,1327914.2950148603
 08/23  15:00:00,8821975.74881865,485930.3456844707,3562007.0264911153,0.0,1366288.1986221564,3387448.11248984
 08/23  16:00:00,7584263.085762894,537748.9619119797,3881624.502296943,0.0,1552812.184782178,1579932.4996809338
 08/23  17:00:00,8117593.262465281,577401.1957799408,4083622.6628491236,0.0,1646074.1778621883,1747897.1905865662
 08/23  18:00:00,8328777.529535716,530332.9508722364,3682762.2387206233,0.0,1907207.758486218,2125574.480538108
 08/23  19:00:00,35319059.45081017,439861.96163019014,3008927.999736297,0.0,1872234.511081214,29888065.45673585
 08/23  20:00:00,7638775.3693555975,373122.1108521713,2540993.9963814127,0.0,2758223.4453413156,1812478.486503427
 08/23  21:00:00,9212920.20995412,361610.38834255445,2453289.3171980786,0.0,3669859.42769842,2550518.0033182153
 08/23  22:00:00,7449600.105443174,288001.860667586,1961086.270404065,0.0,1440897.7930861649,3605656.8510080874
 08/23  23:00:00,3721529.896225428,193418.08106543642,1328264.1903890576,0.0,694801.8484460795,1398459.932286744
 08/23  24:00:00,2667688.586172194,120642.50148977607,834736.7134911558,0.0,316624.46650663624,1317860.3201488627
 08/24  01:00:00,2222443.5534940874,83568.46357269374,581349.9592602847,0.0,230357.12290762636,1249343.423217719
 08/24  02:00:00,2039550.059138487,63373.493730805625,443029.0290881756,0.0,230357.12290762636,1224965.8288761163
 08/24  03:00:00,1886285.354143978,47017.291422206086,330498.1207438691,0.0,230357.12290762636,1200588.2345345132
 08/24  04:00:00,1766576.2596205885,32983.78959043077,232857.12226413563,0.0,230357.12290762636,1192553.6403226322
 08/24  05:00:00,1758749.9876081557,23834.532418810006,169010.520515138,0.0,325484.35584923724,1177822.5434375084
 08/24  06:00:00,3099921.491467338,44859.64042903015,321842.9175396975,0.0,1431571.5937781637,1242432.981921496
 08/24  07:00:00,3709718.7817121265,105011.78499068305,767307.3104826163,0.0,1417582.2948161622,1362294.8724179696
 08/24  08:00:00,3573156.861940683,160886.1242734594,1195862.5994921913,0.0,816508.7494154935,1344068.7085490995
 08/24  09:00:00,3189953.9059224958,189024.66991860306,1421833.414930236,0.0,230357.12290762636,1301367.2119268696
 08/24  10:00:00,3452493.552837862,221164.1633747536,1670419.1953668676,0.0,230357.12290762636,1293332.6177149885
 08/24  11:00:00,3748359.6117346184,256881.24740106918,1942411.0417970987,0.0,230357.12290762636,1293332.6177149885
 08/24  12:00:00,3936088.180438142,276739.9722154102,2096018.6136193417,0.0,230357.12290762636,1312670.4061646948
 08/24  13:00:00,4346327.27650924,326021.78612480883,2458667.7345752963,0.0,230357.12290762636,1312670.4061646948
 08/24  14:00:00,6034469.316732593,395842.55396326305,2949686.226984675,0.0,553509.9289298633,2116820.380117978
 08/24  15:00:00,22901392.38456047,527642.6759411341,3839929.508697136,0.0,1203079.7107321378,17310438.423658993
 08/24  16:00:00,28043531.885520153,656362.2773090572,4672126.789434999,0.0,1552812.184782178,21130085.696903057
 08/24  17:00:00,8433402.84257632,617192.7967805694,4359640.641959533,0.0,1646074.1778621883,1747897.1905865662
 08/24  18:00:00,8310787.438381681,551239.0226642921,3837354.1466034483,0.0,1907207.758486218,1932086.4097091919
 08/24  19:00:00,8031242.929414936,473940.747330166,3247898.5695259315,0.0,2420148.720426277,1779285.3705059395
 08/24  20:00:00,8163643.729091182,390226.4123943187,2662340.3865613136,0.0,3119613.668526357,1837505.931331921
 08/24  21:00:00,4835007.645008851,310582.20913093555,2132088.113332008,0.0,660061.7560237756,1554632.49312528
 08/24  22:00:00,3659580.5464512277,226545.42321258647,1572894.0742977897,0.0,230357.12290762636,1475826.5957559536
 08/24  23:00:00,3149346.6276911628,175353.86416102492,1227818.783801367,0.0,230357.12290762636,1409231.0127830338
 08/24  24:00:00,2749182.7664217036,138274.0209973073,973439.8199806297,0.0,230357.12290762636,1329287.2180003764
 08/25  01:00:00,2434726.0552056897,108910.79710462151,768290.1274399593,0.0,230357.12290762636,1249343.423217719
 08/25  02:00:00,2218825.226037918,85413.06917955875,601956.459333109,0.0,230357.12290762636,1224965.8288761163
 08/25  03:00:00,2033047.8162832756,65561.68183174983,460408.0312678786,0.0,230357.12290762636,1200588.2345345132
 08/25  04:00:00,1882422.925371534,47725.816270717754,333961.76133479405,0.0,230357.12290762636,1192553.6403226322
 08/25  05:00:00,1779337.700021905,34208.4899014895,239548.50109676085,0.0,230357.12290762636,1199090.8403745207
 08/25  06:00:00,1833158.1441606416,34734.166292329406,245779.91895570676,0.0,230357.12290762636,1247846.029057727
 08/25  07:00:00,2050213.5726740602,55680.08251407592,401478.35897288413,0.0,230357.12290762636,1293332.6177149885
 08/25  08:00:00,2342958.119992512,89625.43078876103,657433.5577501042,0.0,230357.12290762636,1304635.811952814
 08/25  09:00:00,8139646.191848623,225365.67811930767,1651734.1571748324,0.0,974587.8276861114,5237203.365040699
 08/25  10:00:00,4094812.847726033,208664.52160256408,1551186.7248404918,0.0,951272.3294161088,1343085.1408047306
 08/25  11:00:00,5035522.349643575,257783.3400846764,1930111.490015227,0.0,1424576.944297163,1395981.154538417
 08/25  12:00:00,5687885.427018406,314908.75620023353,2364582.689862558,0.0,1538822.8858201762,1449269.0296043698
 08/25  13:00:00,6075321.716821482,362162.6019121831,2718174.252628138,0.0,1524833.5868581743,1451541.0486861737
 08/25  14:00:00,5813310.0621418785,396910.66649612517,2970564.2708693,0.0,1038705.4479286189,1388519.450111023
 08/25  15:00:00,5850405.953391679,423236.4622158081,3145770.2080640458,0.0,876662.7349521003,1384434.4826286556
 08/25  16:00:00,5929033.188903045,421044.349151579,3107143.527947356,0.0,890652.0339141019,1478048.3407991494
 08/25  17:00:00,6044709.69825078,404071.50211346213,2956561.1643439727,0.0,937283.0304541073,1682504.1271575205
 08/25  18:00:00,20901846.756916497,401434.82064633875,2888662.2110119197,0.0,1067849.8207661223,16462691.64236784
 08/25  19:00:00,5878582.816653217,344576.5648373615,2455607.4472352266,0.0,1324320.3017361513,1652568.1751891337
 08/25  20:00:00,5805303.369786976,277449.71298379166,1975982.1090758226,0.0,1674052.7757861915,1737396.1520179438
 08/25  21:00:00,7938958.579302459,296564.5183795636,2110326.172082994,0.0,3669859.42769842,1696408.2593044192
 08/25  22:00:00,6555896.632637609,272675.98218808044,1949579.1666379604,0.0,2653303.703126303,1536531.4831735275
 08/25  23:00:00,4414381.600867946,215564.21322542173,1553318.325659722,0.0,1156448.7141921325,1389231.8589295815
 08/25  24:00:00,3184897.3341917,165071.0289046979,1195722.5754398953,0.0,445559.171939751,1300719.9733715921
 08/26  01:00:00,2715074.590538055,137999.3841682465,1004423.5142328687,0.0,287713.2486518329,1207113.8589493437
 08/26  02:00:00,2478293.8548945202,120116.37358280996,878209.3908896004,0.0,230357.12290762636,1173478.2217729753
 08/26  03:00:00,2328560.4742707834,106033.30423076225,776501.746399929,0.0,230357.12290762636,1139535.554990958
 08/26  04:00:00,2319651.056195593,98330.09804364525,720585.6103859256,0.0,230357.12290762636,1192553.6403226322
 08/26  05:00:00,2267401.2122613695,91449.62163312372,670370.8816045913,0.0,230357.12290762636,1199090.8403745207
 08/26  06:00:00,2272616.142650127,86314.32413045508,633657.7596070662,0.0,230357.12290762636,1247846.029057727
 08/26  07:00:00,5627942.553523502,138284.56883955124,1010352.3065667213,0.0,1021218.8242261169,3388721.4633266283
 08/26  08:00:00,4283896.556854482,120046.47875151603,879728.5051633201,0.0,1011892.6249181158,2211322.751428324
 08/26  09:00:00,3790551.8684896887,121963.73628899198,895341.1109017311,0.0,1347635.800006154,1374856.0574651395
 08/26  10:00:00,4290671.221401082,142307.8803660919,1047013.4711641871,0.0,1669389.676132191,1391356.062676475
 08/26  11:00:00,4311471.057248408,152174.1153728919,1127022.6378630677,0.0,1594780.0816681825,1410424.801636174
 08/26  12:00:00,4454132.120595228,171073.73526726896,1274664.4043723438,0.0,1538822.8858201762,1449269.0296043698
 08/26  13:00:00,4526183.720440891,180160.59892722993,1351038.2592324996,0.0,1524833.5868581743,1451541.0486861737
 08/26  14:00:00,4105948.3749658717,172896.0763526266,1310300.972314606,0.0,1200748.1609051372,1403392.9386566891
 08/26  15:00:00,4485713.767322654,191100.96840847292,1463739.049125419,0.0,1366288.1986221564,1444283.485635537
 08/26  16:00:00,4994497.506919641,210202.00187631397,1619405.8834893564,0.0,1552812.184782178,1579932.4996809338
 08/26  17:00:00,5377742.629727231,221040.74847058736,1698440.6386261708,0.0,1646074.1778621883,1747897.1905865662
 08/26  18:00:00,5903785.4165219795,230245.45492291678,1753037.5312793772,0.0,1907207.758486218,1932086.4097091919
 08/26  19:00:00,5248582.127485645,217258.0030663744,1647288.9163369085,0.0,1598277.406408683,1684247.474018335
 08/26  20:00:00,5280270.666211193,201746.01952573386,1526653.0989580983,0.0,1674052.7757861915,1737396.1520179438
 08/26  21:00:00,5451963.007127724,201459.05251445665,1520160.8784538414,0.0,1949175.655372223,1615367.218950141
 08/26  22:00:00,6151230.57323665,214350.2580144433,1603238.831410639,0.0,2653303.703126303,1536531.4831735275
 08/26  23:00:00,3648940.9088359536,172083.63078549143,1283777.0084565505,0.0,694801.8484460795,1398459.932286744
 08/26  24:00:00,2949580.2895534323,137619.70370126897,1024810.7689134046,0.0,402891.81010564615,1306433.422297349
 08/27  01:00:00,2593325.6458532223,121027.79216414283,899646.1615521394,0.0,287713.2486518329,1207113.8589493437
 08/27  02:00:00,2430609.6405167915,106511.468532175,790950.6356651103,0.0,230357.12290762636,1224965.8288761163
 08/27  03:00:00,2297583.987980138,93700.89574756968,695113.1502546659,0.0,230357.12290762636,1200588.2345345132
 08/27  04:00:00,2186146.072837635,81544.2135294736,603866.5115421389,0.0,230357.12290762636,1192553.6403226322
 08/27  05:00:00,2066650.533280507,68587.44414131118,506017.0904695866,0.0,230357.12290762636,1199090.8403745207
 08/27  06:00:00,5103018.522534522,123106.85222166801,901589.9381883298,0.0,830031.738412095,3189075.635913479
 08/27  07:00:00,19605363.657303788,167560.53482431523,1230763.0469687479,0.0,1021218.8242261169,17128298.73227992
 08/27  08:00:00,12880518.649095748,290190.37456048385,2145220.7346774437,0.0,1405924.5456811609,8983352.31396622
 08/27  09:00:00,5901973.249484764,319834.6605723472,2415245.326748872,0.0,1720683.7723261968,1398838.0035981871
 08/27  10:00:00,5956688.664485397,326835.5974945085,2531886.874708595,0.0,1669389.676132191,1391356.062676475
 08/27  11:00:00,5479813.888749942,358667.82646407746,2829150.7349427785,0.0,913967.5321841046,1352650.213245145
 08/27  12:00:00,5787565.979901398,390187.9711125345,3110147.9940737244,0.0,885988.9342601014,1380939.0149239674
 08/27  13:00:00,6199701.35717293,436779.73875581013,3485542.929302772,0.0,876662.7349521003,1382105.7274254342
 08/27  14:00:00,6699633.90787409,496438.14978021546,3934276.834839605,0.0,876662.7349521003,1373645.961565357
 08/27  15:00:00,7136070.935018782,550531.8166333169,4304139.835273639,0.0,876662.7349521003,1384434.4826286556
 08/27  16:00:00,6633396.494973283,551211.0550515769,4251771.120738598,0.0,395430.8506592453,1402838.5314330044
 08/27  17:00:00,6631877.426694709,569167.06940861,4307550.626750753,0.0,230357.12290762636,1462204.572240257
 08/27  18:00:00,6394665.947428489,529902.3632925476,3929277.9993603774,0.0,230357.12290762636,1622228.3609494073
 08/27  19:00:00,6879036.316920172,458019.52145307633,3334158.7969151875,0.0,1324320.3017361513,1652568.1751891337
 08/27  20:00:00,6789375.487591108,392818.94832898665,2831150.2811807147,0.0,1674052.7757861915,1737396.1520179438
 08/27  21:00:00,6581737.9861963745,348464.82485371537,2491087.213623443,0.0,1949175.655372223,1615367.218950141
 08/27  22:00:00,4346602.5852844305,268462.93356857076,1907783.0000433186,0.0,532992.290452261,1483407.030943009
 08/27  23:00:00,3307034.494952884,193210.0826726035,1367650.4325515095,0.0,230357.12290762636,1409231.0127830338
 08/27  24:00:00,2777690.1820396706,141490.14538173066,998731.1112141736,0.0,230357.12290762636,1329287.2180003764
 08/28  01:00:00,2364803.4299019957,100306.79095996435,706971.5082809224,0.0,230357.12290762636,1249343.423217719
 08/28  02:00:00,2065735.5174276077,66204.41248203389,466383.5686260676,0.0,230357.12290762636,1224965.8288761163
 08/28  03:00:00,1823354.3405152464,39097.50312382917,275486.8954135143,0.0,230357.12290762636,1200588.2345345132
 08/28  04:00:00,1625677.621173393,15527.919878165687,109414.35352920521,0.0,230357.12290762636,1192553.6403226322
 08/28  05:00:00,1499299.2472931491,3626.144667796609,3627.1039557432323,0.0,230357.12290762636,1199090.8403745207
 08/28  06:00:00,2191469.0277858567,9955.6495439079,46195.15661049182,0.0,830964.358342895,1245139.5054896115
 08/28  07:00:00,3847162.0325477454,72850.3163883615,517046.8053831422,0.0,1813945.7654062074,1385796.6263653394
 08/28  08:00:00,4544712.345149154,156378.26399899926,1124238.332837264,0.0,1799956.466444206,1408308.601658245
 08/28  09:00:00,4772806.178141202,192504.0269722275,1413408.88900543,0.0,1720683.7723261968,1398838.0035981871
 08/28  10:00:00,4569221.08756941,219261.03988117864,1635187.989699853,0.0,1310331.00277415,1367220.6017406026
 08/28  11:00:00,4332558.606909523,239237.119856876,1801326.1597095612,0.0,913967.5321841046,1352650.213245145
 08/28  12:00:00,4376198.107478873,264671.37401288346,2005271.8237787888,0.0,722080.9814219826,1363871.8627341492
 08/28  13:00:00,4052879.275101174,289586.76001932647,2201654.7592727137,0.0,230357.12290762636,1312670.4061646948
 08/28  14:00:00,4448652.967510531,336379.5968447785,2550635.6148566175,0.0,230357.12290762636,1312670.4061646948
 08/28  15:00:00,5129529.987292143,381216.155126563,2872727.6777688963,0.0,230357.12290762636,1624926.9659579874
 08/28  16:00:00,7738786.721199629,461355.4283550975,3429668.175267979,0.0,725578.306162483,3090039.8743232097
 08/28  17:00:00,7272094.233744722,510572.70697450556,3730770.851224616,0.0,1291678.6041581477,1676474.035999989
 08/28  18:00:00,9382328.606974745,500325.20965780754,3571880.7941805786,0.0,1907207.758486218,3320014.74373161
 08/28  19:00:00,8889269.28483977,439894.9992220802,3072333.4930416076,0.0,2420148.720426277,2846922.5505231842
 08/28  20:00:00,7849496.0785908,345988.1006952523,2392431.0477599986,0.0,3119613.668526357,1837505.931331921
 08/28  21:00:00,8001334.975673575,312443.92207208846,2144980.293201794,0.0,3669859.42769842,1696408.2593044192
 08/28  22:00:00,6354953.277930591,256193.83944409929,1754966.9219093896,0.0,2653303.703126303,1536531.4831735275
 08/28  23:00:00,4003824.295290764,171768.4192837156,1179789.4588472235,0.0,1156448.7141921325,1389231.8589295815
 08/28  24:00:00,2456805.8515332304,99118.52585677884,682798.1773589377,0.0,273490.7947071313,1323573.7690746195
 08/29  01:00:00,1970005.8264284288,52206.15748822596,360274.53827909357,0.0,230357.12290762636,1249343.423217719
 08/29  02:00:00,1706020.8594294451,21855.606536106516,151017.71657383256,0.0,230357.12290762636,1224965.8288761163
 08/29  03:00:00,1525176.2356723743,9595.787915792886,6810.505778678679,0.0,230357.12290762636,1200588.2345345132
 08/29  04:00:00,1498207.4550051175,22136.47920193416,0.0,0.0,231989.20778652656,1166257.1834808933
 08/29  05:00:00,1674138.6600339613,34374.78935515489,0.0,0.0,420611.58879084815,1156554.2465004963
 08/29  06:00:00,2600742.8470399445,17039.370598431437,0.0,0.0,1281186.6299366467,1243302.4887059159
 08/29  07:00:00,10507301.679340528,143434.59369203317,1004673.7801042171,0.0,1021218.8242261169,8280451.962313466
 08/29  08:00:00,4306519.526238675,161542.82028487825,1164473.0757577915,0.0,621124.8739128711,2303548.076072695
 08/29  09:00:00,6106854.738547792,211089.96282169156,1579766.723614433,0.0,974587.8276861114,3294038.7381863957
 08/29  10:00:00,4314062.839628547,225573.1090682215,1756911.8068658602,0.0,951272.3294161088,1343085.1408047306
 08/29  11:00:00,5126304.416365934,294066.372224044,2346754.6459698873,0.0,913967.5321841046,1546138.284074061
 08/29  12:00:00,21227030.280738894,485769.78539967735,3884531.0486703506,0.0,885988.9342601014,15950438.4468777
 08/29  13:00:00,6273708.566756872,456029.2515924948,3719235.859376334,0.0,715086.3319409818,1364746.8971102494
 08/29  14:00:00,6209708.41708893,507634.6547260354,4140436.006553759,0.0,230357.12290762636,1312670.4061646948
 08/29  15:00:00,7128809.1529574,572737.9258247144,4637724.08538102,0.0,553509.9289298634,1344535.1472907348
 08/29  16:00:00,7107875.334529587,606157.4738651193,4861447.205688361,0.0,230357.12290762636,1377768.5949776226
 08/29  17:00:00,8507954.651404962,642809.5701909598,5047303.769813711,0.0,1114480.8173061274,1640762.4587067002
 08/29  18:00:00,11547128.211601183,665398.9291536484,5016370.38647929,0.0,1907207.758486218,3875251.036563495
 08/29  19:00:00,8771517.560860123,538498.4851680899,3923615.4631331954,0.0,2420148.720426277,1779285.3705059395
 08/29  20:00:00,9823825.785724673,463113.9673064673,3288761.426267136,0.0,3119613.668526357,2798379.3933474408
 08/29  21:00:00,8801263.43752348,405810.3712856113,2851542.3058381765,0.0,3669859.42769842,1696408.2593044192
 08/29  22:00:00,4920740.628413597,304122.61923860037,2136045.754770765,0.0,835627.4579968957,1490987.4661300646
 08/29  23:00:00,3430921.5152685065,209837.0606150927,1474910.474924643,0.0,230357.12290762636,1409231.0127830338
 08/29  24:00:00,2843924.233928371,150336.03879619497,1056119.2696884098,0.0,230357.12290762636,1329287.2180003764
 08/30  01:00:00,2402329.077171863,105362.08461883782,739441.861891916,0.0,230357.12290762636,1249343.423217719
 08/30  02:00:00,2089293.8744984139,69451.99956105556,486694.3386178523,0.0,230357.12290762636,1224965.8288761163
 08/30  03:00:00,1833888.8369356093,40676.17361923082,284442.7213384759,0.0,230357.12290762636,1200588.2345345132
 08/30  04:00:00,1600632.4528833474,12524.251449440975,87372.85366788422,0.0,230357.12290762636,1192553.6403226322
 08/30  05:00:00,1612297.8574647163,9448.103307926689,0.0,0.0,373047.97232004267,1167203.7464492847
 08/30  06:00:00,2008271.527265168,22549.32087142612,0.0,0.0,680113.0845359778,1246394.7640588132
 08/30  07:00:00,1597077.3351231238,15865.07549581397,0.0,0.0,230357.12290762636,1293332.6177149885
 08/30  08:00:00,1828307.2340466524,28841.531851367086,208642.08712440584,0.0,230357.12290762636,1304635.811952814
 08/30  09:00:00,2201189.916008434,74109.63873698007,547984.4561977973,0.0,230357.12290762636,1301367.2119268696
 08/30  10:00:00,2523560.247560432,113009.29515965514,849640.758304536,0.0,230357.12290762636,1293332.6177149885
 08/30  11:00:00,2951177.883876991,163533.38534642174,1238577.175994118,0.0,230357.12290762636,1293332.6177149885
 08/30  12:00:00,3407904.357491005,214222.96757012926,1630351.795317486,0.0,230357.12290762636,1312670.4061646948
 08/30  13:00:00,3958352.803145201,278172.1788502551,2118542.8684858116,0.0,230357.12290762636,1312670.4061646948
 08/30  14:00:00,4535276.389624654,346482.96532238676,2627155.668493134,0.0,230357.12290762636,1312670.4061646948
 08/30  15:00:00,5010440.697408047,405420.4235258227,3049725.2734907144,0.0,230357.12290762636,1304635.811952814
 08/30  16:00:00,6128063.129211761,465500.790860254,3451860.6907543964,0.0,725578.306162483,1452978.4043437676
 08/30  17:00:00,6630367.068738159,486063.98440282745,3539371.137080351,0.0,937283.0304541073,1605050.8814134116
 08/30  18:00:00,7241965.5157457795,439740.0017962532,3128602.9853605824,0.0,1697368.2740561941,1893354.1536142188
 08/30  19:00:00,7568283.443193745,409906.79043431534,2848973.04020059,0.0,2420148.720426277,1779285.3705059395
 08/30  20:00:00,6973507.721544076,332600.00603557366,2302666.121400024,0.0,2396833.222156274,1787451.0416749322
 08/30  21:00:00,5981064.331683358,282728.5744952219,1956149.8094689208,0.0,1949175.655372223,1615367.218950141
 08/30  22:00:00,4504436.854350949,216506.41915157446,1497142.5780634522,0.0,1138262.6255415303,1498567.90131712
 08/30  23:00:00,2918388.3844727096,147884.14568237445,1024330.2590615642,0.0,230357.12290762636,1409231.0127830338
 08/30  24:00:00,2451504.849757788,102524.27464972828,711511.6496642932,0.0,230357.12290762636,1329287.2180003764
 08/31  01:00:00,2110301.1101104626,69548.11932171328,483227.86012764036,0.0,230357.12290762636,1249343.423217719
 08/31  02:00:00,1861670.0905511891,41318.12705529423,287204.4271763892,0.0,230357.12290762636,1224965.8288761163
 08/31  03:00:00,1681774.4457982355,21718.60302522825,151285.90079510424,0.0,230357.12290762636,1200588.2345345132
 08/31  04:00:00,1561394.1563770447,7594.931110853386,53063.87750016933,0.0,230357.12290762636,1192553.6403226322
 08/31  05:00:00,1495284.1750272783,3238.176357668969,0.0,0.0,230357.12290762636,1199090.8403745207
 08/31  06:00:00,2642744.916430045,7341.193687347053,51700.24630118501,0.0,1281186.6299366467,1243302.4887059159
 08/31  07:00:00,1664318.7624103304,10151.256435569258,72955.24634745096,0.0,230357.12290762636,1293332.6177149885
 08/31  08:00:00,2187237.385701443,71943.58555174264,524470.1850788211,0.0,230357.12290762636,1304635.811952814
 08/31  09:00:00,2806806.7367264717,122741.52147819856,906534.9931286897,0.0,416414.7991022477,1313743.9367781752
 08/31  10:00:00,2811458.466394237,147888.66387565085,1102659.608422345,0.0,230357.12290762636,1293332.6177149885
 08/31  11:00:00,3189947.1272352748,193557.16977642846,1447322.6349223955,0.0,230357.12290762636,1293332.6177149885
 08/31  12:00:00,3531834.623831886,232442.2458818884,1736062.7833466073,0.0,230357.12290762636,1312670.4061646948
 08/31  13:00:00,3893104.6381470216,277350.3483224983,2054116.5340153896,0.0,230357.12290762636,1312670.4061646948
 08/31  14:00:00,4814590.807122996,327574.3789984777,2394821.8870706316,0.0,715552.6419063818,1358031.672410692
 08/31  15:00:00,6802265.725712635,380305.1928267226,2736977.0390833546,0.0,1366288.1986221564,2298393.2296493324
 08/31  16:00:00,7889266.8374650935,384872.2423108652,2738049.2035743897,0.0,1552812.184782178,3181388.2697068006
 08/31  17:00:00,9388909.369145831,393771.4939149007,2762321.475042316,0.0,1646074.1778621883,4524144.186938964
 08/31  18:00:00,14764081.154857133,460296.62612994923,3160848.8219885123,0.0,1907207.758486218,9152827.84733392
 08/31  19:00:00,6886782.404762665,327087.27782909607,2250291.514374729,0.0,2420148.720426277,1779285.3705059395
 08/31  20:00:00,7090369.048269296,250561.0072007884,1728731.1109329588,0.0,3119613.668526357,1837505.931331921
 08/31  21:00:00,3427871.329457977,187136.43092445144,1298347.1177120549,0.0,230357.12290762636,1534387.5845169928
 08/31  22:00:00,2942011.0669308845,135456.62841882996,946413.3895712039,0.0,230357.12290762636,1475826.5957559536
 08/31  23:00:00,2557215.30759704,100875.39140703576,710165.9364612337,0.0,230357.12290762636,1409231.0127830338
 08/31  24:00:00,2261214.1784819583,77063.77098800712,545298.3537413983,0.0,230357.12290762636,1330101.5917327749
 09/01  01:00:00,2066752.2058459253,62795.629034578946,445436.99621373136,0.0,230357.12290762636,1249769.1185778365
 09/01  02:00:00,1930888.2976705346,49172.80008775869,349351.748326614,0.0,230357.12290762636,1225317.490260561
 09/01  03:00:00,1814003.622900654,37738.06378652844,268353.438175239,0.0,230357.12290762636,1200865.8619432854
 09/01  04:00:00,1730287.1481020832,28198.65772356093,200488.25213342145,0.0,230357.12290762636,1192849.7762253224
 09/01  05:00:00,1669721.2549864098,20129.033587944406,143121.96913781692,0.0,230357.12290762636,1199423.9932650474
 09/01  06:00:00,1698845.9144893032,17848.408387929143,127328.20023035182,0.0,230357.12290762636,1248327.2498995985
 09/01  07:00:00,1875582.9240891442,34366.97264699609,247043.10652896872,0.0,230357.12290762636,1293943.398014287
 09/01  08:00:00,2365410.967955478,39795.07717267121,289046.8594738919,0.0,642108.8223558734,1333108.900082662
 09/01  09:00:00,2936903.914679035,60618.11693579929,444725.38572207466,0.0,1025881.9238801175,1354552.3974157278
 09/01  10:00:00,4233237.914086887,88511.14477574655,655153.9673341521,0.0,1382609.0474111582,2066062.8819855768
 09/01  11:00:00,5649021.048753959,149179.83313995512,1112914.8162435922,0.0,1692705.1744021936,2666953.976581383
 09/01  12:00:00,4492937.921165226,160673.65975177498,1218971.1106817469,0.0,1636747.978554187,1456094.7358873906
 09/01  13:00:00,4922690.622441901,210767.93939916586,1612051.0152154057,0.0,1622758.6795921857,1458366.7549691943
 09/01  14:00:00,5139184.376624212,259420.54449771327,1988758.4719367235,0.0,1447892.4425671657,1424366.6843566597
 09/01  15:00:00,5816014.46869006,311213.1071011309,2376402.7668209197,0.0,1636747.978554187,1471200.1799236955
 09/01  16:00:00,6824513.009592475,410464.567867409,3092576.9882494835,0.0,1702031.3737101946,1587060.2223060203
 09/01  17:00:00,7254205.833343215,477074.26644932496,3541790.705366456,0.0,1487528.7896261702,1683052.3569825292
 09/01  18:00:00,6893000.283383578,446786.6437824235,3270950.1124789584,0.0,1310331.00277415,1783130.7791875394
 09/01  19:00:00,6668335.150284762,393698.10004961566,2836485.3464968926,0.0,1678715.8754401922,1657183.6468474276
 09/01  20:00:00,5544892.082337687,319076.0878450618,2271452.7874182756,0.0,1122408.0867179283,1690506.2693497124
 09/01  21:00:00,5539316.535754695,266915.9932391286,1885328.4915655656,0.0,1620893.4397305856,1599166.714850048
 09/01  22:00:00,4578011.844849655,227020.20667755822,1593487.69554814,0.0,1110284.027617527,1502362.6579513673
 09/01  23:00:00,3580995.035195984,172621.01917953003,1210152.3786319806,0.0,694801.8484460795,1402871.8105119378
 09/01  24:00:00,2642995.642274481,125213.04379788603,878930.5447240417,0.0,230357.12290762636,1330101.5917327749
 09/02  01:00:00,2251774.7557959417,86295.20457755958,606959.9706207673,0.0,230357.12290762636,1249769.1185778365
 09/02  02:00:00,2031958.124192228,62088.14090963961,437506.23402642657,0.0,230357.12290762636,1225317.490260561
 09/02  03:00:00,1852925.4815286081,42756.70506253622,302256.65552718536,0.0,230357.12290762636,1200865.8619432854
 09/02  04:00:00,1726183.309740387,27737.924205752326,196845.14728953375,0.0,230357.12290762636,1192849.7762253224
 09/02  05:00:00,1639267.8406945039,16362.264964549253,116435.32346930631,0.0,230357.12290762636,1199423.9932650474
 09/02  06:00:00,1711576.437237408,19341.435211908414,138565.6961544775,0.0,230357.12290762636,1248327.2498995985
 09/02  07:00:00,2102353.0505291214,61489.94966920803,446690.25594673445,0.0,230357.12290762636,1293943.398014287
 09/02  08:00:00,2617697.128262721,121120.6201802717,899621.4840523308,0.0,230357.12290762636,1305246.5922521125
 09/02  09:00:00,4027813.9434711174,185301.0678191466,1410952.4636308092,0.0,1025881.9238801175,1354552.3974157278
 09/02  10:00:00,5414411.38271882,252353.3443553648,1955642.1194635858,0.0,1767314.7688662023,1398200.2774534135
 09/02  11:00:00,5772598.730558878,298184.8904923261,2337110.99494328,0.0,1692705.1744021936,1417330.4223342424
 09/02  12:00:00,6221159.224209158,349866.61761173885,2757999.455865715,0.0,1636747.978554187,1456094.7358873906
 09/02  13:00:00,6581781.257137271,390939.6510107346,3090969.938299207,0.0,1622758.6795921857,1458366.7549691943
 09/02  14:00:00,6963374.6406705985,435942.4423328078,3445900.2575274836,0.0,1622758.6795921857,1440027.0279521719
 09/02  15:00:00,7259703.922173758,465300.91665814805,3666004.410747602,0.0,1636747.978554187,1471200.1799236955
 09/02  16:00:00,7549737.57176417,480742.83553059236,3747523.2827579957,0.0,1702031.3737101946,1587060.2223060203
 09/02  17:00:00,7102110.152743576,505856.5603533002,3854390.7709392887,0.0,1067849.8207661223,1609253.2857661308
 09/02  18:00:00,7171880.162176769,476082.6651291361,3520533.969925438,0.0,1310331.00277415,1783130.7791875394
 09/02  19:00:00,6763794.49181065,405518.3934787753,2920124.394593622,0.0,1678715.8754401922,1657183.6468474276
 09/02  20:00:00,6569744.936567355,330064.3926666428,2341607.070298815,0.0,2014459.0505282304,1742165.572066958
 09/02  21:00:00,6222009.03373245,291542.2643511147,2058820.146204983,0.0,2084405.5453382386,1620229.1814687462
 09/02  22:00:00,5067335.797242692,248297.20349206406,1759361.37972717,0.0,1404059.3058195608,1510760.651148834
 09/02  23:00:00,3263417.6378756603,186793.07098920277,1335285.400664663,0.0,230357.12290762636,1410434.0648877132
 09/02  24:00:00,2826198.694909458,144479.3360567643,1042867.3051001411,0.0,230357.12290762636,1330101.5917327749
 09/03  01:00:00,2569644.7385314936,122088.9986744512,889036.1592594272,0.0,230357.12290762636,1249769.1185778365
 09/03  02:00:00,2401692.4113838016,104074.46838614909,763549.9907173135,0.0,230357.12290762636,1225317.490260561
 09/03  03:00:00,2268507.297982535,90644.63913994888,668246.3348795224,0.0,230357.12290762636,1200865.8619432854
 09/03  04:00:00,2163813.1187294936,78979.9539943814,583232.9264900116,0.0,230357.12290762636,1192849.7762253224
 09/03  05:00:00,2031414.8616708992,54741.653767904434,404714.7896691715,0.0,329914.30052053777,1178988.6058187285
 09/03  06:00:00,2653238.2832700876,58551.52785707953,433695.7699234042,0.0,853347.2366820975,1247996.6429613042
 09/03  07:00:00,2021327.1132217837,51773.41474418611,387310.27473365923,0.0,230357.12290762636,1293943.398014287
 09/03  08:00:00,2129168.8274729988,62400.7021205188,474925.710394893,0.0,230357.12290762636,1305246.5922521125
 09/03  09:00:00,2450582.261833732,99401.21376202161,771146.7567548724,0.0,230357.12290762636,1301959.48373225
 09/03  10:00:00,2976860.2208355623,159187.6662872412,1255879.567094509,0.0,230357.12290762636,1293943.398014287
 09/03  11:00:00,3564535.5049165944,224353.33448599442,1790318.6041460282,0.0,230357.12290762636,1293943.398014287
 09/03  12:00:00,4065190.976295827,276447.4914920484,2224673.24763595,0.0,230357.12290762636,1313262.6779700755
 09/03  13:00:00,4345542.564262504,304323.5379238867,2478852.992194965,0.0,230357.12290762636,1313262.6779700755
 09/03  14:00:00,4738158.221785512,342981.1804923723,2832811.007149488,0.0,230357.12290762636,1313262.6779700755
 09/03  15:00:00,5200514.242797829,392030.6298585979,3252429.461489366,0.0,230357.12290762636,1305246.5922521125
 09/03  16:00:00,8167454.309226664,476864.0701340086,3896103.1335295057,0.0,414083.24927524733,3348023.998828535
 09/03  17:00:00,6999268.40979041,472878.80721615814,3786230.984147443,0.0,1067849.8207661223,1609253.2857661308
 09/03  18:00:00,7296636.497765502,471750.57030891674,3647918.197310213,0.0,1310331.00277415,1783130.7791875394
 09/03  19:00:00,7791887.904001069,418202.2486736867,3138467.2728493726,0.0,2401496.321810275,1722948.8640962166
 09/03  20:00:00,6889672.636206396,355912.7682164921,2622052.770194589,0.0,2014459.0505282304,1742165.572066958
 09/03  21:00:00,4209497.380942471,272024.06895556627,1992195.5565467188,0.0,230357.12290762636,1535979.3149939533
 09/03  22:00:00,3592695.492535417,208124.8614834174,1521916.3001444326,0.0,230357.12290762636,1477214.7327998148
 09/03  23:00:00,3162237.2872849097,170074.06994231604,1244007.2390240899,0.0,230357.12290762636,1410434.0648877132
 09/03  24:00:00,2794469.6828023763,138810.04758212127,1016807.5814677016,0.0,230357.12290762636,1330101.5917327749
 09/04  01:00:00,2492089.1778190606,112133.54041650593,821436.0568049399,0.0,230357.12290762636,1249769.1185778365
 09/04  02:00:00,2263493.7093513515,87981.35393134864,641444.4031396641,0.0,230357.12290762636,1225317.490260561
 09/04  03:00:00,2040593.751081853,64494.39747764007,466483.0296411491,0.0,230357.12290762636,1200865.8619432854
 09/04  04:00:00,1842382.7297783026,41643.233307925664,299139.2582252762,0.0,230357.12290762636,1192849.7762253224
 09/04  05:00:00,3833952.493331732,44110.2346160271,314280.10871087457,0.0,280135.71171408205,3132370.9263961916
 09/04  06:00:00,3153559.878193079,45738.863933135406,326968.3817265623,0.0,1473539.4906641685,1247666.0360230103
 09/04  07:00:00,4793753.427142961,102858.62389260306,738498.1846293389,0.0,1661229.25173769,2233224.464061304
 09/04  08:00:00,3481843.3185117114,104913.75551355508,763329.5699506738,0.0,1053860.5218041206,1503500.7714455137
 09/04  09:00:00,3304859.081913666,104669.35345065809,772037.7224902004,0.0,1025881.9238801175,1354552.3974157278
 09/04  10:00:00,3428089.8610532796,123876.97451794698,921973.7527439056,0.0,997903.3259561141,1346843.341303414
 09/04  11:00:00,3726555.603986965,163206.34115820602,1220779.2749981624,0.0,960598.5287241098,1356408.4137438284
 09/04  12:00:00,3017987.915898859,170561.4711383573,1283356.2075926736,0.0,230357.12290762636,1313262.6779700755
 09/04  13:00:00,3267947.641064095,199807.6973505252,1505773.9095699186,0.0,230357.12290762636,1313262.6779700755
 09/04  14:00:00,3543102.7498672437,232597.63456792815,1748139.081155664,0.0,230357.12290762636,1313262.6779700755
 09/04  15:00:00,4428392.116420396,269600.9275703841,2013830.3633243665,0.0,757054.2288269866,1367456.1604085322
 09/04  16:00:00,6082171.922562748,329746.19152121205,2430954.277565954,0.0,1702031.3737101946,1587060.2223060203
 09/04  17:00:00,6918298.569985954,387958.33257410215,2803225.5388321504,0.0,1907207.758486218,1756851.4281989275
 09/04  18:00:00,7374920.80563104,366734.4095735658,2595904.7953365715,0.0,2387507.022848273,1941268.6296879465
 09/04  19:00:00,7695918.552872298,336449.36094512703,2335705.145830289,0.0,3124276.7681803573,1788714.0813450057
 09/04  20:00:00,7841334.225015756,258662.3873851272,1786342.0665726184,0.0,3795763.118356434,1845484.1775014498
 09/04  21:00:00,8088120.004959634,227870.31652670095,1569901.1893448308,0.0,2548383.9609112917,3563023.2206382016
 09/04  22:00:00,5364794.123805968,180079.75303180388,1243214.377243946,0.0,1697834.5840215944,2088582.9343084982
 09/04  23:00:00,2468161.866556084,90528.89250772863,629476.9957298517,0.0,230357.12290762636,1410434.0648877132
 09/04  24:00:00,1972404.8725646902,41776.969736959065,291775.8490751781,0.0,230357.12290762636,1330101.5917327749
 09/05  01:00:00,1669437.1373599397,13849.110010068152,97068.44675225682,0.0,230357.12290762636,1249769.1185778365
 09/05  02:00:00,1540558.1556146324,6490.20333429355,0.0,0.0,230357.12290762636,1225317.490260561
 09/05  03:00:00,1530189.3656315552,20573.041668491453,0.0,0.0,230357.12290762636,1200865.8619432854
 09/05  04:00:00,1534748.4909252387,33148.25268013793,0.0,0.0,230357.12290762636,1192849.7762253224
 09/05  05:00:00,1536328.5481029812,43491.9200357504,0.0,0.0,230357.12290762636,1199423.9932650474
 09/05  06:00:00,3808624.4016137496,15798.542687929912,0.0,0.0,541852.1797948619,3191326.573284755
 09/05  07:00:00,1593658.0806607017,11414.65691676318,0.0,0.0,230357.12290762636,1293943.398014287
 09/05  08:00:00,2360687.081868268,40302.89577559584,288927.7638562887,0.0,642108.8223558734,1333108.900082662
 09/05  09:00:00,2214204.46972928,76578.02385297125,557592.1545594711,0.0,230357.12290762636,1301959.48373225
 09/05  10:00:00,2477274.041875682,109273.85956431706,806207.1948575529,0.0,230357.12290762636,1293943.398014287
 09/05  11:00:00,2873296.293984077,156634.88304296788,1166797.8446565375,0.0,230357.12290762636,1293943.398014287
 09/05  12:00:00,3246649.9742840864,197737.58086777545,1484842.1562484824,0.0,230357.12290762636,1313262.6779700755
 09/05  13:00:00,3823550.556435219,265044.7844977487,1996139.737793819,0.0,230357.12290762636,1313262.6779700755
 09/05  14:00:00,4485025.272824912,342903.32153602235,2579755.9171452387,0.0,230357.12290762636,1313262.6779700755
 09/05  15:00:00,5529374.6903775865,422817.9288990899,3157898.1606447776,0.0,581488.5268538665,1346719.6376897257
 09/05  16:00:00,6661550.118337745,499799.47720784234,3680476.0990073155,0.0,965261.6283781104,1483633.0562851087
 09/05  17:00:00,10538207.18843014,595140.3059716464,4272787.557024488,0.0,1907207.758486218,3700016.055053231
 09/05  18:00:00,8540043.105581267,511479.2488654852,3616282.2559948782,0.0,2387507.022848273,1941268.6296879465
 09/05  19:00:00,8580544.03882704,446115.0140620934,3110664.978668063,0.0,3124276.7681803573,1788714.0813450057
 09/05  20:00:00,8747990.38762769,371434.93874668214,2580225.6778229983,0.0,3795763.118356434,1845484.1775014498
 09/05  21:00:00,8504293.304042887,337738.2244490543,2342876.912402365,0.0,3940319.2076304513,1704417.642022409
 09/05  22:00:00,5453717.400683626,261560.47340563752,1820562.8851556492,0.0,1697368.2740561944,1519143.2928660181
 09/05  23:00:00,3644280.0536182607,179968.77160821916,1259272.83252886,0.0,694801.8484460795,1402871.8105119378
 09/05  24:00:00,2794244.0291536674,124787.52299704275,877776.140709694,0.0,402891.81010564615,1310395.2162291326
 09/06  01:00:00,2287225.658197531,88327.85862554246,623647.2444382852,0.0,287713.2486518329,1209143.9673697185
 09/06  02:00:00,2039855.8966350853,62630.05947741393,443157.88487733266,0.0,230357.12290762636,1225317.490260561
 09/06  03:00:00,1858263.5848754914,43104.44802905023,305542.8128833774,0.0,230357.12290762636,1200865.8619432854
 09/06  04:00:00,1737629.9020461757,29133.351551799118,206896.31224927583,0.0,230357.12290762636,1192849.7762253224
 09/06  05:00:00,1789631.2222421237,17057.246838565996,121493.76700314168,0.0,429471.47813344916,1158553.2183724097
 09/06  06:00:00,1628393.1280540838,10991.318410658496,79070.33098999798,0.0,230357.12290762636,1248327.2498995985
 09/06  07:00:00,2910893.9310337016,55638.1205440216,405502.7606271212,0.0,1049197.42215012,1342612.7248904135
 09/06  08:00:00,2895370.86030431,76253.00105516623,567854.4333733621,0.0,847984.6720799971,1347040.0539979367
 09/06  09:00:00,2116477.2395358454,62317.79563546571,474125.1525835416,0.0,230357.12290762636,1301959.48373225
 09/06  10:00:00,2278855.855673374,82550.88623719415,634511.9819823682,0.0,230357.12290762636,1293943.398014287
 09/06  11:00:00,2491870.930346241,107998.29693341287,834009.0671282569,0.0,230357.12290762636,1293943.398014287
 09/06  12:00:00,2606643.3322953004,119027.4108107904,923545.6843166819,0.0,230357.12290762636,1313262.6779700755
 09/06  13:00:00,2837348.6327847023,145164.49219084796,1129818.1064502029,0.0,230357.12290762636,1313262.6779700755
 09/06  14:00:00,3070942.947149346,171690.45318008086,1336886.4598256138,0.0,230357.12290762636,1313262.6779700755
 09/06  15:00:00,3601942.2881522,188956.3350954118,1464327.3522230699,0.0,581488.5268538665,1346719.6376897257
 09/06  16:00:00,4355140.078684718,216654.59757641784,1657210.9389857152,0.0,965261.6283781104,1483633.0562851087
 09/06  17:00:00,4965347.325234508,262030.27417603234,1963158.4326316665,0.0,1067849.8207661223,1609253.2857661308
 09/06  18:00:00,4567077.583179344,240772.78450405438,1769164.4372819462,0.0,770344.0628408883,1703290.3503677722
 09/06  19:00:00,6600010.052483501,241023.47831745114,1729495.3598786038,0.0,2762886.5449953163,1755831.4727206111
 09/06  20:00:00,6548945.775568871,209826.91132496402,1485100.4298172449,0.0,2905111.0844423324,1793824.874784204
 09/06  21:00:00,4291380.757619402,171494.04786685976,1205459.8098596537,0.0,1157381.3341229325,1578104.2482313497
 09/06  22:00:00,2695437.719074361,103741.62471308728,729041.7634537065,0.0,230357.12290762636,1477214.7327998148
 09/06  23:00:00,2219447.6520733954,58696.87432142474,412594.7994334672,0.0,230357.12290762636,1410434.0648877132
 09/06  24:00:00,1890177.922084658,31292.44746316228,220033.4208689428,0.0,230357.12290762636,1330101.5917327749
 09/07  01:00:00,1613409.9993267572,6828.276240353009,48062.142488789315,0.0,230357.12290762636,1249769.1185778365
 09/07  02:00:00,1544538.4407111024,10470.488430763635,0.0,0.0,230357.12290762636,1225317.490260561
 09/07  03:00:00,1533310.2412425869,23693.91727952296,0.0,0.0,230357.12290762636,1200865.8619432854
 09/07  04:00:00,1537652.028536411,36051.79029131023,0.0,0.0,230357.12290762636,1192849.7762253224
 09/07  05:00:00,1778978.777209906,47538.96510793365,0.0,0.0,529494.9657117606,1138889.3344956548
 09/07  06:00:00,1899735.5749971156,50074.34292559999,0.0,0.0,541852.1797948619,1248161.9464304515
 09/07  07:00:00,2038643.448841747,22645.212038498106,0.0,0.0,639777.2725288732,1318278.06145235
 09/07  08:00:00,1607250.1694169545,8379.792221386413,7027.962237981452,0.0,230357.12290762636,1305246.5922521125
 09/07  09:00:00,1873210.7862105167,34188.92654061523,258987.56835306349,0.0,230357.12290762636,1301959.48373225
 09/07  10:00:00,2323906.748283406,87033.25731059338,675080.5035190007,0.0,230357.12290762636,1293943.398014287
 09/07  11:00:00,2823491.9107355177,144000.38851249908,1129627.9559384468,0.0,230357.12290762636,1293943.398014287
 09/07  12:00:00,3339838.0304153105,200472.82775969568,1575294.9654877868,0.0,230357.12290762636,1313262.6779700755
 09/07  13:00:00,3902293.2042101817,265148.7230099017,2074778.4470566288,0.0,230357.12290762636,1313262.6779700755
 09/07  14:00:00,4477746.671282353,334619.4037439025,2580761.233394799,0.0,230357.12290762636,1313262.6779700755
 09/07  15:00:00,4880125.38168218,366732.2267250513,2763850.932678347,0.0,230357.12290762636,1498734.6630810285
 09/07  16:00:00,27346184.319887705,458482.4299953498,3345919.8810453946,0.0,597809.3756428683,22911592.77574472
 09/07  17:00:00,7104635.31523384,412625.5577437195,2964895.0589104183,0.0,1907207.758486218,1756851.4281989275
 09/07  18:00:00,7226570.642849345,348415.4476936328,2465873.5944348085,0.0,2387507.022848273,1941268.6296879465
 09/07  19:00:00,7586296.545920147,321672.65227196406,2240859.8475513007,0.0,3124276.7681803573,1788714.0813450057
 09/07  20:00:00,6717560.042398394,234614.2866046921,1628927.3213670398,0.0,2905111.0844423324,1793824.874784204
 09/07  21:00:00,4348153.0534479385,179925.07190834556,1253801.081646704,0.0,1157381.3341229325,1578104.2482313497
 09/07  22:00:00,2782994.895430964,114468.09691750488,805872.4676058921,0.0,230357.12290762636,1477214.7327998148
 09/07  23:00:00,2377017.3295567697,78016.44273685606,550844.9085014104,0.0,230357.12290762636,1410434.0648877132
 09/07  24:00:00,2018317.1174475164,47104.71729508706,332360.34639987646,0.0,230357.12290762636,1330101.5917327749
 09/08  01:00:00,1736961.7803985921,22132.321328630223,156309.878472347,0.0,230357.12290762636,1249769.1185778365
 09/08  02:00:00,1528960.7022538655,4906.150821580153,16632.399197565377,0.0,230357.12290762636,1200375.893239119
 09/08  03:00:00,1525355.7975008418,17443.676561955257,0.0,0.0,230357.12290762636,1200865.8619432854
 09/08  04:00:00,1525184.7299477328,23584.4917026322,0.0,0.0,230357.12290762636,1192849.7762253224
 09/08  05:00:00,1695650.5159091821,29698.869780384557,0.0,0.0,429937.7880988492,1159324.7219419735
 09/08  06:00:00,2049385.8064619468,28721.870463792133,0.0,0.0,697599.7082384798,1248079.2946958777
 09/08  07:00:00,2481580.249944897,19897.77891309725,0.0,0.0,1049197.42215012,1342612.7248904135
 09/08  08:00:00,1830801.726664968,14039.6989954515,0.0,0.0,436232.97263175,1319177.7461673873
 09/08  09:00:00,2013632.5294975168,6130.974804339712,0.0,0.0,628119.523393872,1328255.940573989
 09/08  10:00:00,2451510.09926226,7805.370307589397,58057.18911488889,0.0,997903.3259561141,1346843.341303414
 09/08  11:00:00,3381063.1522210073,40526.339778589136,302721.54898048134,0.0,960598.5287241098,2049949.4863509915
 09/08  12:00:00,13234342.431511182,129025.35258426632,961561.0571148195,0.0,1460715.966615667,10662589.618906304
 09/08  13:00:00,18512012.896593932,168494.20759231015,1254321.7146445925,0.0,1622758.6795921857,15447692.061498892
 09/08  14:00:00,3917819.2371712225,144074.97600418504,1073265.4815977956,0.0,1273026.2055421458,1408706.3407611474
 09/08  15:00:00,3476497.966174961,134946.4823334613,1000288.4336239276,0.0,932619.9308001067,1388192.683127339
 09/08  16:00:00,4169192.0766783245,152237.82856557297,1115581.2503136676,0.0,1333646.5010441525,1535346.6392955645
 09/08  17:00:00,5366832.503603855,199635.04019484617,1438378.561805129,0.0,1907207.758486218,1756851.4281989275
 09/08  18:00:00,5737356.440146826,163186.3249629854,1163592.7174871138,0.0,2387507.022848273,1941268.6296879465
 09/08  19:00:00,6419346.301200714,174651.69479064495,1229451.5754340733,0.0,3124276.7681803573,1788714.0813450057
 09/08  20:00:00,5806492.767717205,120117.44715606573,845990.510327895,0.0,2905111.0844423324,1793824.874784204
 09/08  21:00:00,5269219.473011166,113517.95488057422,799029.3642427716,0.0,2548383.9609112917,1641276.2966071619
 09/08  22:00:00,4457959.567805147,98803.05971807711,695614.4127102934,0.0,1991143.552258228,1527541.2860634848
 09/08  23:00:00,2477485.5655939374,48729.06948782103,344755.47651231306,0.0,578690.6670614663,1404762.374105882
 09/08  24:00:00,1744857.4638840514,13092.728261126562,92912.68187037189,0.0,230357.12290762636,1330101.5917327749
 09/09  01:00:00,1565404.9831010557,6885.402503440775,0.0,0.0,230357.12290762636,1249769.1185778365
 09/09  02:00:00,1550541.759942831,18178.010686669462,0.0,0.0,230357.12290762636,1225317.490260561
 09/09  03:00:00,1533533.6566659063,25621.53572701994,0.0,0.0,230357.12290762636,1200865.8619432854
 09/09  04:00:00,1533101.5043760373,31501.266130936623,0.0,0.0,230357.12290762636,1192849.7762253224
 09/09  05:00:00,1543825.9019729216,37355.64971227309,0.0,0.0,230357.12290762636,1199423.9932650474
 09/09  06:00:00,1589191.348011123,35522.04214010101,0.0,0.0,230357.12290762636,1248327.2498995985
 09/09  07:00:00,1610374.3222867346,16201.477373555286,0.0,0.0,230357.12290762636,1293943.398014287
 09/09  08:00:00,1612275.8942087141,15320.870178595891,0.0,0.0,230357.12290762636,1305246.5922521125
 09/09  09:00:00,2953481.304620773,13096.286762422573,84573.92918740308,0.0,1424576.944297163,1380108.0536484679
 09/09  10:00:00,3176055.938442063,44408.53018665103,335615.6788855868,0.0,1382609.0474111582,1372521.8093784137
 09/09  11:00:00,1781893.9384535055,26726.83662764795,203599.3325171086,0.0,230357.12290762636,1293943.398014287
 09/09  12:00:00,2022244.6672197557,30914.63192603195,233840.0889131109,0.0,405922.8248807464,1331116.68520974
 09/09  13:00:00,3642779.5126308925,87178.44408011161,648725.9716332206,0.0,1447892.4425671657,1440236.421084446
 09/09  14:00:00,3700743.882820746,119383.85967490672,880881.2435765972,0.0,1273026.2055421458,1408706.3407611474
 09/09  15:00:00,3450434.021759377,132639.74304239062,976531.2284994142,0.0,932619.9308001067,1388192.683127339
 09/09  16:00:00,2741644.0029556197,131104.970722789,969200.5746618982,0.0,230357.12290762636,1378601.4772039393
 09/09  17:00:00,25106019.936509658,170472.60949726455,1257335.7461555656,0.0,439730.29737225035,23173721.56856584
 09/09  18:00:00,4562609.029938376,165513.9084136387,1221831.5944025414,0.0,1310331.00277415,1783130.7791875394
 09/09  19:00:00,4766712.787931517,158663.8565008694,1169897.2276923954,0.0,1678715.8754401922,1657183.6468474276
 09/09  20:00:00,5058340.591066399,138206.2977233134,1022060.8197411891,0.0,2014459.0505282304,1742165.572066958
 09/09  21:00:00,7336791.229207939,181571.5599984261,1343470.9231872854,0.0,3940319.2076304513,1704417.642022409
 09/09  22:00:00,5627997.741757495,160971.65182294956,1199137.4517587684,0.0,2578694.108662295,1544337.2724584183
 09/09  23:00:00,3209149.4182008617,118901.01234017081,892026.7684762178,0.0,694801.8484460795,1402871.8105119378
 09/09  24:00:00,2376071.31113444,86298.5216190797,650920.7357628073,0.0,230357.12290762636,1330101.5917327749
 09/10  01:00:00,2180063.592370025,72348.86949048165,549195.1422819287,0.0,230357.12290762636,1249769.1185778365
 09/10  02:00:00,2107421.842501995,66076.2050765799,507277.68514507666,0.0,230357.12290762636,1225317.490260561
 09/10  03:00:00,2109675.7844043314,68594.56759502753,531464.8928462398,0.0,230357.12290762636,1200865.8619432854
 09/10  04:00:00,2030020.9431296156,63042.69192604542,488307.55846037937,0.0,232921.82771732664,1167355.5259137123
 09/10  05:00:00,2314299.2074280847,57419.891627168836,445079.8999973876,0.0,629518.453290072,1119225.4506189
 09/10  06:00:00,2732691.06998018,65041.70185082281,506658.38263975293,0.0,853347.2366820975,1247996.6429613042
 09/10  07:00:00,2708486.8083123583,78404.04132802246,614084.5301810871,0.0,639777.2725288732,1318278.06145235
 09/10  08:00:00,3285333.1171177835,91450.00808272623,722812.6795198774,0.0,1053860.5218041206,1360971.2079132115
 09/10  09:00:00,3613175.2714022635,131839.2409896208,1053184.024439836,0.0,1025881.9238801175,1354552.3974157278
 09/10  10:00:00,3581877.9693398206,177842.40571883845,1432019.5029983628,0.0,614130.2244318703,1320393.3696588506
 09/10  11:00:00,3442861.7713974807,208311.8063944155,1684686.3987184935,0.0,230357.12290762636,1293943.398014287
 09/10  12:00:00,3857082.5289856754,252132.2375307381,2040880.054287109,0.0,230357.12290762636,1313262.6779700755
 09/10  13:00:00,4276438.1560365,298632.02986961656,2415440.0920232316,0.0,230357.12290762636,1313262.6779700755
 09/10  14:00:00,4577112.4295826545,332117.21058000927,2682629.1848589936,0.0,230357.12290762636,1313262.6779700755
 09/10  15:00:00,5014052.567631228,383125.2561190579,3074873.1600623047,0.0,230357.12290762636,1305246.5922521125
 09/10  16:00:00,5283470.308453063,405725.48741409514,3236406.363468035,0.0,230357.12290762636,1378601.4772039393
 09/10  17:00:00,5953399.046534723,416576.0630571571,3288407.5786662735,0.0,649103.4718368743,1536256.421079861
 09/10  18:00:00,8469305.123916818,463926.1903273376,3593097.332868579,0.0,2387507.022848273,1941268.6296879465
 09/10  19:00:00,8826373.87249398,438061.4836702726,3364548.3427268253,0.0,3124276.7681803573,1788714.0813450057
 09/10  20:00:00,8352274.737510127,404400.1733508858,3093856.1297325795,0.0,2905111.0844423324,1793824.8747842037
 09/10  21:00:00,9193363.151104271,390813.7007050998,2978871.2832077025,0.0,3940319.2076304513,1704417.642022409
 09/10  22:00:00,6414822.283733575,317433.68074038415,2423621.289471353,0.0,1991143.552258228,1527541.2860634848
 09/10  23:00:00,3835342.2437211424,241195.3196698879,1845990.945732751,0.0,230357.12290762636,1410434.0648877132
 09/10  24:00:00,3314520.9697369803,193695.29170076156,1481973.6242836653,0.0,230357.12290762636,1330101.5917327749
 09/11  01:00:00,2983600.3215571186,164898.81706486735,1260181.9238946363,0.0,230357.12290762636,1249769.1185778365
 09/11  02:00:00,2757160.8011687286,141645.2626198177,1081447.586268572,0.0,230357.12290762636,1225317.490260561
 09/11  03:00:00,2592565.827330866,125482.19740816319,957467.305959639,0.0,230357.12290762636,1200865.8619432854
 09/11  04:00:00,2417136.5768201593,111221.53021804841,850173.8993608301,0.0,235486.53252702695,1141861.275602102
 09/11  05:00:00,2371354.871237025,96711.14409343457,742246.2039930634,0.0,280135.71171408205,1189206.299541888
 09/11  06:00:00,8501142.376918677,171631.5273231084,1309566.9440083331,0.0,853347.2366820975,6106949.563058935
 09/11  07:00:00,5064317.724030191,172935.152830988,1331547.2639804343,0.0,1049197.42215012,2452694.9822466234
 09/11  08:00:00,3424198.516282943,132163.31384047738,1040771.7765666838,0.0,847984.6720799971,1347040.0539979367
 09/11  09:00:00,2939211.9466362754,150499.46508958016,1208678.1902298569,0.0,230357.12290762636,1301959.48373225
 09/11  10:00:00,3328643.4028501315,192597.370274419,1574253.0451219005,0.0,230357.12290762636,1293943.398014287
 09/11  11:00:00,3877496.9968213104,251668.54049210556,2075964.8900446333,0.0,230357.12290762636,1293943.398014287
 09/11  12:00:00,4476446.893724561,314455.03948242846,2597921.6170743033,0.0,230357.12290762636,1313262.6779700755
 09/11  13:00:00,5113009.45980542,383823.4809760067,3166819.9446857614,0.0,230357.12290762636,1313262.6779700755
 09/11  14:00:00,5597876.383610271,436076.8772551406,3599433.4722114787,0.0,230357.12290762636,1313262.6779700755
 09/11  15:00:00,6008452.339236453,484112.98449215177,3968285.203294437,0.0,230357.12290762636,1305246.5922521125
 09/11  16:00:00,5997985.134560302,479474.91820272844,3877171.7587866406,0.0,230357.12290762636,1378601.4772039393
 09/11  17:00:00,5660048.476217307,435911.3682366888,3467464.916784844,0.0,230357.12290762636,1463259.5563935912
 09/11  18:00:00,6964821.421433964,430960.17610545305,3359063.9486479023,0.0,1308932.0728779498,1782359.2756179757
 09/11  19:00:00,8827257.238490526,438297.8722651948,3365195.320128451,0.0,3124276.7681803573,1788714.0813450057
 09/11  20:00:00,7344766.8770394595,397922.96875928534,3035136.8104848606,0.0,2014459.0505282304,1742165.572066958
 09/11  21:00:00,6318003.314388313,339576.16775871976,2579425.674510353,0.0,1620893.4397305856,1599166.714850048
 09/11  22:00:00,4063417.469067346,258440.02371192188,1942323.1144478566,0.0,230357.12290762636,1477214.7327998148
 09/11  23:00:00,3301902.732324336,186156.0811847519,1367590.6728210805,0.0,230357.12290762636,1410434.0648877132
 09/11  24:00:00,2716385.854098138,131364.0285763452,946169.7717692398,0.0,230357.12290762636,1330101.5917327749
 09/12  01:00:00,2298761.360133331,90782.35490825154,649459.4246274644,0.0,230357.12290762636,1249769.1185778365
 09/12  02:00:00,2041714.8501253435,62222.374243851664,445424.523601153,0.0,230357.12290762636,1225317.490260561
 09/12  03:00:00,1859139.1198303914,42713.15503477531,306809.64083255257,0.0,230357.12290762636,1200865.8619432854
 09/12  04:00:00,1731264.0794895124,29334.55448805489,211794.05950731144,0.0,231639.4753124765,1180102.6510695172
 09/12  05:00:00,1833731.3186897617,22099.6430501157,160551.46723923017,0.0,429471.47813344916,1158553.2183724097
 09/12  06:00:00,2162358.877145249,18900.018948373512,138132.74941631567,0.0,697599.7082384798,1248079.294695878
 09/12  07:00:00,1590675.4455792243,1008.6051333536158,7423.4167019321885,0.0,230357.12290762636,1293943.398014287
 09/12  08:00:00,1596888.6422260557,1323.2194311949079,3723.0078372742814,0.0,230357.12290762636,1305246.5922521125
 09/12  09:00:00,1616043.6515959082,4213.243508158878,31796.11677091125,0.0,230357.12290762636,1301959.48373225
 09/12  10:00:00,1658005.987456443,11175.577526257144,85037.4224763738,0.0,230357.12290762636,1293943.398014287
 09/12  11:00:00,1762752.3956509891,24601.583230318767,188287.24613609898,0.0,230357.12290762636,1293943.398014287
 09/12  12:00:00,1888204.6976025796,37312.096840871745,286822.3635938795,0.0,230357.12290762636,1313262.6779700755
 09/12  13:00:00,2048611.9112630354,55764.37888982422,430481.49822955986,0.0,230357.12290762636,1313262.6779700755
 09/12  14:00:00,2742812.145550098,92017.51835762963,709898.8009565539,0.0,576825.4271998659,1345324.165770099
 09/12  15:00:00,3566304.248028673,141250.59491339343,1083790.6028977071,0.0,932619.9308001067,1388192.683127339
 09/12  16:00:00,4840843.42171102,176665.39315086207,1342706.575084576,0.0,1702031.3737101946,1587060.2223060203
 09/12  17:00:00,5561236.720190201,215494.7977903271,1618627.2238201713,0.0,1907207.758486218,1756851.4281989275
 09/12  18:00:00,6158741.936473855,206216.6686259275,1540243.6671270246,0.0,2387507.022848273,1941268.6296879465
 09/12  19:00:00,6783499.8144640885,208088.34463248565,1551647.4237347215,0.0,3124276.7681803573,1788714.0813450057
 09/12  20:00:00,7662281.755401149,220480.60138086166,1645471.3829622779,0.0,3795763.118356434,1845484.1775014498
 09/12  21:00:00,7741120.852319563,225969.262179159,1691473.4229489367,0.0,3940319.2076304513,1704417.642022409
 09/12  22:00:00,3262407.4725179235,163601.55778880278,1236151.5838215535,0.0,230357.12290762636,1477214.7327998148
 09/12  23:00:00,2807198.6691426933,122931.34362181176,936111.3472023776,0.0,230357.12290762636,1410434.0648877132
 09/12  24:00:00,2559034.2358699744,106218.1298294434,813964.0522879779,0.0,230357.12290762636,1330101.5917327749
 09/13  01:00:00,2424202.1921059494,99144.69229453623,766537.9192137986,0.0,230357.12290762636,1249769.1185778365
 09/13  02:00:00,2401692.0930119674,98468.67535901148,769155.4653726169,0.0,230357.12290762636,1225317.490260561
 09/13  03:00:00,2384600.7873361045,98845.64464306718,776138.8187299734,0.0,230357.12290762636,1200865.8619432854
 09/13  04:00:00,2266460.742204535,86670.57019388449,678189.9337655492,0.0,230357.12290762636,1192849.7762253224
 09/13  05:00:00,2167683.0685134246,77336.33171225799,597510.1087339361,0.0,230357.12290762636,1199423.9932650474
 09/13  06:00:00,2922336.998229091,68203.7153124619,520896.91730417917,0.0,541852.1797948619,1731737.0799713857
 09/13  07:00:00,32407022.509350497,148843.30023663223,1126887.5104926196,0.0,1049197.42215012,30024151.3736491
 09/13  08:00:00,3474760.250490878,141179.77656053664,1082317.0480545599,0.0,847984.6720799971,1347040.0539979367
 09/13  09:00:00,2898909.309561791,150485.02684479597,1168389.9914001569,0.0,230357.12290762636,1301959.48373225
 09/13  10:00:00,3219638.3807212636,187785.19739659585,1470060.1958708556,0.0,230357.12290762636,1293943.398014287
 09/13  11:00:00,3512571.872050982,222058.95075943705,1740649.355006974,0.0,230357.12290762636,1293943.398014287
 09/13  12:00:00,3771807.633347748,251141.9666853512,1956595.429494568,0.0,230357.12290762636,1313262.6779700755
 09/13  13:00:00,4142779.8143445114,296263.040895011,2284150.739305849,0.0,230357.12290762636,1313262.6779700755
 09/13  14:00:00,5356427.501486768,360021.9505170734,2740498.4442188805,0.0,230357.12290762636,2006803.7505772384
 09/13  15:00:00,8258354.627501551,482495.61942112853,3594620.745202882,0.0,1460715.966615667,2700071.859971747
 09/13  16:00:00,6566860.840563422,489424.16767856985,3596162.130762266,0.0,965261.6283781104,1483633.0562851087
 09/13  17:00:00,6757844.830948544,487794.7760531283,3529891.4364686063,0.0,1067849.8207661223,1609253.2857661308
 09/13  18:00:00,8153226.682549896,411880.91934966657,2950081.7902204935,0.0,1848919.0128112114,2858839.0119838407
 09/13  19:00:00,7962078.61146199,363391.5827867586,2574922.9825783498,0.0,3124276.7681803573,1788714.0813450057
 09/13  20:00:00,8069367.941669433,281658.25235574006,1991379.9182556842,0.0,3795763.118356434,1845484.1775014498
 09/13  21:00:00,6271078.280900647,236061.2761188385,1666415.4297247482,0.0,2548383.9609112917,1641276.2966071619
 09/13  22:00:00,2978192.7504242426,137731.0965533162,977807.3229633591,0.0,230357.12290762636,1477214.7327998148
 09/13  23:00:00,2360625.588365863,75394.37815551268,537075.2318918464,0.0,230357.12290762636,1410434.0648877132
 09/13  24:00:00,1908521.308981155,33139.2086872094,236530.0465413927,0.0,230357.12290762636,1330101.5917327749
 09/14  01:00:00,1604965.4466546685,6702.751769324056,39743.11428772949,0.0,230357.12290762636,1249769.1185778365
 09/14  02:00:00,1547650.2988400287,13582.346559689642,0.0,0.0,230357.12290762636,1225317.490260561
 09/14  03:00:00,1536136.2108715235,26519.886908459717,0.0,0.0,230357.12290762636,1200865.8619432854
 09/14  04:00:00,1545688.570028049,44088.3317829481,0.0,0.0,230357.12290762636,1192849.7762253224
 09/14  05:00:00,1630898.3554218367,58939.93718801352,0.0,0.0,329914.30052053777,1178988.6058187285
 09/14  06:00:00,2067533.0098528494,62206.90107228939,0.0,0.0,697599.7082384798,1248079.2946958777
 09/14  07:00:00,1623132.8817800852,40889.45803614675,0.0,0.0,230357.12290762636,1293943.398014287
 09/14  08:00:00,1630300.1667575692,10475.505720057903,27982.246079924866,0.0,230357.12290762636,1305246.5922521125
 09/14  09:00:00,1878584.8880834817,35631.28187917966,262919.31488746405,0.0,230357.12290762636,1301959.48373225
 09/14  10:00:00,2214952.565667389,76891.89858586692,576267.67962771,0.0,230357.12290762636,1293943.398014287
 09/14  11:00:00,2641918.9122538734,127000.50471062807,965054.8412586737,0.0,230357.12290762636,1293943.398014287
 09/14  12:00:00,3116693.4793940014,178784.0982912321,1373839.143934941,0.0,230357.12290762636,1313262.6779700755
 09/14  13:00:00,4467378.4325449215,267383.37702060933,2063489.5088472082,0.0,750059.5793459858,1367699.734065169
 09/14  14:00:00,5557627.097464594,371525.47876348806,2866676.0003729286,0.0,923293.7314921056,1377385.6535701226
 09/14  15:00:00,6769829.870339031,464985.7762691454,3570013.2715770956,0.0,1284683.9546771469,1429696.4315255173
 09/14  16:00:00,8007813.161410941,545135.8146134613,4141205.893321897,0.0,1702031.3737101946,1587060.2223060203
 09/14  17:00:00,8206269.229224707,525116.2377465707,3954038.2928984347,0.0,1907207.758486218,1756851.4281989275
 09/14  18:00:00,7092285.543946378,441668.38784034224,3280161.355130746,0.0,1310331.00277415,1976618.8500164554
 09/14  19:00:00,8800011.737591079,409696.0360516644,2994749.068213333,0.0,2401496.321810275,2883297.114944289
 09/14  20:00:00,15215520.427958297,394667.3882944778,2869049.5425522206,0.0,2905111.0844423324,8891609.937469136
 09/14  21:00:00,5502446.803412771,310118.73131653917,2277901.1722033424,0.0,1157381.3341229325,1578104.2482313497
 09/14  22:00:00,3784640.6205520993,228104.0491721314,1693882.2404724006,0.0,230357.12290762636,1477214.7327998148
 09/14  23:00:00,3314760.6072584325,185133.36125599337,1381471.2676839356,0.0,230357.12290762636,1410434.0648877132
 09/14  24:00:00,2917013.565460392,151375.97608595967,1126785.535621879,0.0,230357.12290762636,1330101.5917327749
 09/15  01:00:00,2605405.9099957063,124531.37940025728,922354.9499978342,0.0,230357.12290762636,1249769.1185778365
 09/15  02:00:00,2406294.886835219,104227.3459554321,769703.7916236251,0.0,230357.12290762636,1225317.490260561
 09/15  03:00:00,2236421.7259212476,86972.21635604883,641537.3886263125,0.0,230357.12290762636,1200865.8619432854
 09/15  04:00:00,2111681.8061147262,72826.09969820941,537255.4681714165,0.0,230357.12290762636,1192849.7762253224
 09/15  05:00:00,2027638.9612243716,62232.990766014555,458935.7181977088,0.0,230357.12290762636,1199423.9932650474
 09/15  06:00:00,2021110.405936629,55806.39361162567,411634.7064539813,0.0,230357.12290762636,1248327.2498995985
 09/15  07:00:00,2075155.488324824,57185.98331155092,423796.6601000937,0.0,230357.12290762636,1293943.398014287
 09/15  08:00:00,2137229.850790267,63584.235021820845,476690.59173832793,0.0,230357.12290762636,1305246.5922521125
 09/15  09:00:00,2212618.4786036517,73024.41620342257,556151.3650350363,0.0,230357.12290762636,1301959.48373225
 09/15  10:00:00,3511812.646326863,106716.23740422528,825960.7982539402,0.0,997903.3259561141,1540331.4121323302
 09/15  11:00:00,18781401.720593974,245433.7362683198,1912281.4242291655,0.0,960598.5287241098,15635820.782985546
 09/15  12:00:00,4306693.711357105,218632.26735401625,1750312.3699841225,0.0,932619.9308001067,1384678.706928733
 09/15  13:00:00,4592124.106104977,248008.1242996455,2016230.597617077,0.0,923293.7314921056,1385845.4194302
 09/15  14:00:00,5794228.270945963,295478.70952087414,2417217.6206147824,0.0,1622758.6795921857,1440027.0279521719
 09/15  15:00:00,8249435.577233411,350226.0511758641,2849064.0072584967,0.0,1636747.978554187,3392947.1039547357
 09/15  16:00:00,7156795.165734574,360303.31210811506,2905596.11018868,0.0,1702031.3737101946,2156484.5122682177
 09/15  17:00:00,7279684.915158028,398870.2008954796,3151995.8126586685,0.0,1907207.758486218,1756851.4281989275
 09/15  18:00:00,8023194.510473633,415857.71088109264,3196759.401895815,0.0,2387507.022848273,1941268.6296879465
 09/15  19:00:00,8260893.262084012,380563.4949888672,2865086.7361191493,0.0,3124276.7681803573,1788714.0813450057
 09/15  20:00:00,8841864.113495344,363542.2718450086,2695625.6947857435,0.0,3795763.118356434,1845484.1775014498
 09/15  21:00:00,8653030.340356916,340265.38795265584,2501016.206382033,0.0,3940319.2076304513,1704417.642022409
 09/15  22:00:00,5597703.92482616,268036.3300263244,1968298.77082256,0.0,1697368.2740561944,1519143.2928660181
 09/15  23:00:00,3736476.766875418,197678.30335146922,1454797.4439301454,0.0,578690.6670614663,1404762.374105882
 09/15  24:00:00,2866342.5405702936,146705.31793411318,1080785.168883627,0.0,230357.12290762636,1330101.5917327749
 09/16  01:00:00,2498861.926797339,112497.9335476641,827844.4126520602,0.0,230357.12290762636,1249769.1185778365
 09/16  02:00:00,2251407.614116084,86189.09309090374,632854.7717690181,0.0,230357.12290762636,1225317.490260561
 09/16  03:00:00,2050337.9498396798,65153.99466122547,477271.8342395679,0.0,230357.12290762636,1200865.8619432854
 09/16  04:00:00,1895056.5926913028,47361.08936214982,346095.2650840522,0.0,230357.12290762636,1192849.7762253224
 09/16  05:00:00,1776367.5826105291,32501.43951363612,237395.89083624448,0.0,230357.12290762636,1199423.9932650474
 09/16  06:00:00,1792401.5847464032,28633.574047406946,210098.7048279742,0.0,230357.12290762636,1248327.2498995985
 09/16  07:00:00,5174813.417152328,96026.92789483568,708366.647991917,0.0,230357.12290762636,4070190.3943666844
 09/16  08:00:00,5363458.245309453,141555.9499238824,1056289.8759501195,0.0,1466544.8411831679,2637716.269381903
 09/16  09:00:00,4402570.453147529,130190.27225552074,992318.4155712752,0.0,1823271.9647142089,1405663.709881208
 09/16  10:00:00,4586206.465354088,157984.3440794131,1221806.2023748057,0.0,1767314.7688662023,1398200.2774534135
 09/16  11:00:00,4827439.441929524,191581.36027804948,1498555.236528203,0.0,1692705.1744021936,1417330.4223342424
 09/16  12:00:00,5241706.603767719,239556.4460953201,1888857.0069406948,0.0,1636747.978554187,1456094.7358873906
 09/16  13:00:00,8079586.542625659,342270.92579667247,2694279.3221473536,0.0,1622758.6795921857,3401531.381823498
 09/16  14:00:00,6734347.035454733,413635.0694525603,3239180.0251918663,0.0,1622758.6795921857,1440027.0279521719
 09/16  15:00:00,6472884.799726527,472245.98152282706,3659375.767986128,0.0,932619.9308001067,1388192.683127339
 09/16  16:00:00,6541849.101939383,519605.0142571336,3960937.58783549,0.0,597809.3756428683,1431117.266744524
 09/16  17:00:00,7267953.600589455,535887.0648336217,3990203.714304846,0.0,1067849.8207661223,1609253.2857661308
 09/16  18:00:00,8395936.747306263,483172.5710661913,3502186.7785433456,0.0,2387507.022848273,1941268.6296879465
 09/16  19:00:00,8563956.057675451,438694.4745800244,3110018.5521194306,0.0,3124276.7681803573,1788714.0813450057
 09/16  20:00:00,8741414.251396634,368414.20271909575,2590303.9018129464,0.0,3795763.118356434,1845484.1775014498
 09/16  21:00:00,8519222.392459089,338679.7143323117,2368793.932104551,0.0,3940319.2076304513,1704417.642022409
 09/16  22:00:00,6402709.037442572,266774.94265909656,1868045.4566076994,0.0,2578694.108662295,1544337.2724584183
 09/16  23:00:00,3856168.5058364156,177926.46039659213,1253008.805330777,0.0,925625.281319106,1399059.9803634854
 09/16  24:00:00,2708879.6855062577,113483.71491539813,803715.6051439291,0.0,402891.81010564615,1310395.2162291326
 09/17  01:00:00,2154585.3702869723,73373.20954878151,522692.58014057565,0.0,230357.12290762636,1249769.1185778365
 09/17  02:00:00,1936813.983326286,49275.79121245657,353470.2398334905,0.0,230357.12290762636,1225317.490260561
 09/17  03:00:00,1766700.466354418,31330.574652508763,225753.56773884565,0.0,230357.12290762636,1200865.8619432854
 09/17  04:00:00,1625690.1100654944,15113.755936382273,108976.1158840117,0.0,230357.12290762636,1192849.7762253224
 09/17  05:00:00,3623842.621914833,22988.74238575955,164852.62460753924,0.0,230357.12290762636,3142588.620119351
 09/17  06:00:00,2617954.823349974,17904.99339047658,129128.02094800487,0.0,1163443.363673133,1247831.339492157
 09/17  07:00:00,1582991.9119775128,748.4882335742059,0.0,0.0,230357.12290762636,1293943.398014287
 09/17  08:00:00,1615522.5068248336,2793.6043586086435,20886.487508638205,0.0,230357.12290762636,1305246.5922521125
 09/17  09:00:00,1706303.653448438,14738.444961761346,111530.91716983887,0.0,230357.12290762636,1301959.48373225
 09/17  10:00:00,1854638.1194812818,33700.193237054824,259144.93879041495,0.0,230357.12290762636,1293943.398014287
 09/17  11:00:00,2246271.3273541466,79316.04030493228,617091.720764643,0.0,230357.12290762636,1293943.398014287
 09/17  12:00:00,2720705.9074653555,130755.7338000323,1025879.9364974949,0.0,230357.12290762636,1313262.6779700755
 09/17  13:00:00,3365572.4384063547,203447.48659047863,1599758.9176722248,0.0,230357.12290762636,1313262.6779700755
 09/17  14:00:00,4161342.9227285255,295027.15312572697,2303949.735459147,0.0,230357.12290762636,1313262.6779700755
 09/17  15:00:00,4860200.189834405,379450.679161911,2924695.359222628,0.0,230357.12290762636,1305246.5922521125
 09/17  16:00:00,9025173.596543968,516252.8666107943,3874367.1264177016,0.0,1149920.3746765314,3452253.3713795757
 09/17  17:00:00,8258265.576445531,544442.2072452515,3986708.6706205774,0.0,1907207.758486218,1756851.4281989275
 09/17  18:00:00,7577660.369141246,462487.621458565,3320548.0822490435,0.0,1848919.0128112116,1862199.704437743
 09/17  19:00:00,5098640.283432545,349769.6144659063,2487068.7859392613,0.0,592446.8110407678,1558581.8754150912
 09/17  20:00:00,7288172.99593637,301266.8993417827,2132887.662167926,0.0,2905111.0844423324,1793824.8747842037
 09/17  21:00:00,8360879.34210469,315136.42178659723,2222064.753126626,0.0,3940319.2076304513,1704417.642022409
 09/17  22:00:00,3613844.8581230855,216023.21432748286,1535167.3128880356,0.0,230357.12290762636,1477214.7327998148
 09/17  23:00:00,2931609.294003808,145061.35664295696,1038391.9590423473,0.0,230357.12290762636,1410434.0648877132
 09/17  24:00:00,2488411.404725233,103747.24415140717,745812.1068212726,0.0,230357.12290762636,1330101.5917327749
 09/18  01:00:00,2189595.843793463,76808.24302727761,554268.0201685701,0.0,230357.12290762636,1249769.1185778365
 09/18  02:00:00,2003769.2257724092,57037.37126995456,412663.9022221157,0.0,230357.12290762636,1225317.490260561
 09/18  03:00:00,1840740.2585464504,40211.9054940691,290912.0290893175,0.0,230357.12290762636,1200865.8619432854
 09/18  04:00:00,1705135.3666554117,24768.659295872712,178766.4691144383,0.0,230357.12290762636,1192849.7762253224
 09/18  05:00:00,1524470.2571959633,5823.801784898572,25809.82734383414,0.0,230357.12290762636,1199423.9932650474
 09/18  06:00:00,2164356.9473713553,3365.96188175101,0.0,0.0,853347.2366820975,1247996.6429613042
 09/18  07:00:00,2723963.085580274,32962.37478828835,241247.66092942673,0.0,1049197.42215012,1342612.7248904135
 09/18  08:00:00,2363570.040199256,65368.698520189064,486551.9230820819,0.0,436232.97263175,1319177.7461673873
 09/18  09:00:00,2251581.065866976,78372.38540892632,593174.3891412116,0.0,230357.12290762636,1301959.48373225
 09/18  10:00:00,2603376.1017887574,120615.97263761355,920967.1416973321,0.0,230357.12290762636,1293943.398014287
 09/18  11:00:00,3085320.9615205317,177095.17370809498,1358362.2215278654,0.0,230357.12290762636,1293943.398014287
 09/18  12:00:00,3643891.3514937717,238652.74926723074,1841168.365058713,0.0,230357.12290762636,1313262.6779700755
 09/18  13:00:00,4366536.004332233,319553.9365878695,2484616.033600712,0.0,230357.12290762636,1313262.6779700755
 09/18  14:00:00,5147885.530400651,407598.5905820758,3177920.9056749237,0.0,230357.12290762636,1313262.6779700755
 09/18  15:00:00,8158179.428298146,511845.0977181954,3950813.327583856,0.0,405922.8248807464,3269147.741825223
 09/18  16:00:00,8094570.337007987,579999.501856428,4403148.609514225,0.0,1517838.9373771735,1561203.4308007925
 09/18  17:00:00,8187840.831825353,525840.3367302922,3934885.79651536,0.0,1907207.758486218,1756851.4281989275
 09/18  18:00:00,8302943.404288465,466546.1097714236,3424115.693796139,0.0,2387507.022848273,1941268.6296879465
 09/18  19:00:00,8461506.56244535,416853.86181556294,3020888.654532905,0.0,3124276.7681803573,1788714.0813450057
 09/18  20:00:00,8782881.687258108,363308.8208372951,2623243.095362802,0.0,3795763.118356434,1845484.1775014498
 09/18  21:00:00,8637276.245595366,343025.0978380699,2470572.980565828,0.0,3940319.2076304513,1704417.642022409
 09/18  22:00:00,5209466.451082649,260481.2570156039,1879564.4233442065,0.0,1403592.9958541605,1510745.2996685517
 09/18  23:00:00,3262752.259191868,184063.14395556145,1330533.136917803,0.0,230357.12290762636,1410434.0648877132
 09/18  24:00:00,2766975.9270385215,136918.5515815954,991205.3217043729,0.0,230357.12290762636,1330101.5917327749
 09/19  01:00:00,2439258.6611761125,106732.9438683785,774006.1367101193,0.0,230357.12290762636,1249769.1185778365
 09/19  02:00:00,2179241.8047979358,78143.50975549972,567030.342762097,0.0,230357.12290762636,1225317.490260561
 09/19  03:00:00,2035277.209052294,63761.99807563463,461898.8870135955,0.0,230357.12290762636,1200865.8619432854
 09/19  04:00:00,1902725.4846094325,48722.238054278816,352403.008310053,0.0,230357.12290762636,1192849.7762253224
 09/19  05:00:00,1837029.9145402028,32231.044027639447,232840.45227874015,0.0,329914.30052053777,1178988.6058187285
 09/19  06:00:00,2447315.8289192305,34793.78524571073,251531.05818391574,0.0,853347.2366820975,1247996.6429613042
 09/19  07:00:00,5080672.030322168,83343.88652469496,604410.4670806103,0.0,1049197.42215012,3285777.351744717
 09/19  08:00:00,3267950.6949993204,95099.78455810042,701780.4809260399,0.0,1053860.5218041206,1360971.2079132115
 09/19  09:00:00,3438436.016354666,117445.2585495819,892838.7518322769,0.0,1025881.9238801175,1354552.3974157278
 09/19  10:00:00,3814439.705273305,162091.76743955608,1270108.8040423216,0.0,997903.3259561141,1346843.341303414
 09/19  11:00:00,3971972.9475363977,202652.53581847777,1624927.0292738297,0.0,778038.1772699889,1340792.1598114432
 09/19  12:00:00,3718560.506513595,235730.95725996612,1918759.312085801,0.0,230357.12290762636,1313262.6779700755
 09/19  13:00:00,4308065.01173656,299717.23561557016,2445981.741977338,0.0,230357.12290762636,1313262.6779700755
 09/19  14:00:00,5445030.9098658,364281.70424576674,2950588.483337987,0.0,750059.5793459858,1361354.9096701108
 09/19  15:00:00,5925167.806976557,398434.22450592596,3185470.532253059,0.0,932619.9308001067,1388192.683127339
 09/19  16:00:00,5481544.148903152,384831.6611547192,3035405.987901673,0.0,597809.3756428683,1431117.266744524
 09/19  17:00:00,5543380.941397281,348703.7291032439,2700390.200674987,0.0,858476.6463014984,1572754.8534229957
 09/19  18:00:00,6024270.84855366,332422.2828657272,2514880.8355415594,0.0,1310331.00277415,1783130.7791875394
 09/19  19:00:00,6040122.784040058,306915.8530949896,2286534.2120859306,0.0,1678715.8754401922,1657183.6468474276
 09/19  20:00:00,7899792.401561016,307745.8000568446,2266872.498761836,0.0,3350437.1013993835,1819654.5261428268
 09/19  21:00:00,8404656.245948292,310617.95944846154,2270360.1193083636,0.0,3940319.2076304513,1704417.642022409
 09/19  22:00:00,4089007.40508177,231050.43977274265,1693611.024447642,0.0,523666.09114425996,1485597.374516999
 09/19  23:00:00,3129266.464246129,165077.68954971188,1216032.7963779136,0.0,230357.12290762636,1410434.0648877132
 09/19  24:00:00,2705499.161914123,127265.19061233145,939381.917549239,0.0,230357.12290762636,1330101.5917327749
 09/20  01:00:00,2477057.3983704234,109665.86690782999,808871.9508649785,0.0,230357.12290762636,1249769.1185778365
 09/20  02:00:00,2301001.3931198064,91555.27576769766,675378.1650717699,0.0,230357.12290762636,1225317.490260561
 09/20  03:00:00,2161128.1915958356,77693.09185053522,573818.7757822366,0.0,230357.12290762636,1200865.8619432854
 09/20  04:00:00,2066168.6087171014,67232.01115296618,497336.3593190343,0.0,230357.12290762636,1192849.7762253224
 09/20  05:00:00,2068370.8562336587,59093.74680321467,437318.6911966209,0.0,329914.30052053777,1178988.6058187285
 09/20  06:00:00,2616910.1841490697,54170.476375006176,401748.7222844592,0.0,853347.2366820975,1247996.6429613042
 09/20  07:00:00,2016253.1889317492,51196.008588955636,382813.75659885484,0.0,230357.12290762636,1293943.398014287
 09/20  08:00:00,11323094.24454506,102802.86210322441,774495.6169152182,0.0,1053860.5218041206,9335696.54392465
 09/20  09:00:00,25119204.08508779,223879.4958646344,1700842.9942901526,0.0,628119.523393872,22518644.386862174
 09/20  10:00:00,3211272.6361440513,186411.71599051083,1463067.9326997285,0.0,230357.12290762636,1293943.398014287
 09/20  11:00:00,3671290.3078843523,236986.79890329723,1884439.9426964833,0.0,230357.12290762636,1293943.398014287
 09/20  12:00:00,4303579.176294103,305344.9178645187,2434164.021261756,0.0,230357.12290762636,1313262.6779700755
 09/20  13:00:00,4939842.48531376,377871.8600873787,2999604.5910827303,0.0,230357.12290762636,1313262.6779700755
 09/20  14:00:00,5679566.71528419,441101.66267762147,3486834.1224167855,0.0,403591.2750537462,1329293.4218700873
 09/20  15:00:00,6655452.795386307,509483.4970110427,4001008.4728496186,0.0,757054.2288269866,1367456.1604085322
 09/20  16:00:00,6512032.758042986,517070.8852486245,4033332.261218256,0.0,230357.12290762636,1698892.631209113
 09/20  17:00:00,8834257.170639811,513299.13069049735,3937268.2751035322,0.0,649103.4718368743,3671530.78111435
 09/20  18:00:00,10069361.297733303,520281.9849894777,3895128.365734528,0.0,1310331.00277415,4260113.996050465
 09/20  19:00:00,8423170.637341876,450129.7805077658,3343549.6425466645,0.0,2762886.5449953163,1755831.4727206111
 09/20  20:00:00,9330921.694255684,421160.90191103576,3113431.0212866385,0.0,3795763.118356434,1845484.1775014498
 09/20  21:00:00,8017271.02878101,376615.0096519358,2787028.913360545,0.0,3012362.3764843447,1662323.4117455776
 09/20  22:00:00,4171608.922386665,273190.5617593198,2035764.0297197776,0.0,230357.12290762636,1477214.7327998148
 09/20  23:00:00,3591449.9290312,217435.79796756266,1625858.1527451328,0.0,230357.12290762636,1410434.0648877132
 09/20  24:00:00,3147295.974783628,177398.51362974822,1331045.4074013268,0.0,230357.12290762636,1330101.5917327749
 09/21  01:00:00,2856575.845496295,152267.53122995998,1145788.7336687203,0.0,230357.12290762636,1249769.1185778365
 09/21  02:00:00,2694525.69380698,136141.34910062473,1024316.3924260162,0.0,230357.12290762636,1225317.490260561
 09/21  03:00:00,2536364.2978780507,120709.95453392525,906038.0193810619,0.0,230357.12290762636,1200865.8619432854
 09/21  04:00:00,5408434.269832179,136433.8748275381,1017082.7059090525,0.0,232921.82771732664,3943602.5222661095
 09/21  05:00:00,4105021.5232896423,152082.60547803223,1131356.9453306466,0.0,329914.30052053777,2428612.1600658693
 09/21  06:00:00,2674713.114694939,96798.41018589132,728253.4724375319,0.0,541852.1797948619,1248161.9464304512
 09/21  07:00:00,2437355.386181732,99081.22429652145,756030.7381412723,0.0,230357.12290762636,1293943.398014287
 09/21  08:00:00,2483299.3214542656,101549.98511387513,789906.9213828038,0.0,230357.12290762636,1305246.5922521125
 09/21  09:00:00,2844091.4676129287,142336.44426330662,1121720.7320327843,0.0,230357.12290762636,1301959.48373225
 09/21  10:00:00,3170861.7613047226,180103.61507612944,1428965.1587747808,0.0,230357.12290762636,1293943.398014287
 09/21  11:00:00,3492336.2923662397,217539.29346516827,1724933.4326164997,0.0,230357.12290762636,1293943.398014287
 09/21  12:00:00,3588780.5110822646,227323.58520821363,1797386.688706223,0.0,230357.12290762636,1313262.6779700755
 09/21  13:00:00,3580337.4355720994,226732.96447334456,1791238.4369551032,0.0,230357.12290762636,1313262.6779700755
 09/21  14:00:00,3584743.833459748,227133.5516625934,1795244.247653503,0.0,230357.12290762636,1313262.6779700755
 09/21  15:00:00,3534305.571752393,222655.7983124144,1755595.6219901135,0.0,230357.12290762636,1305246.5922521125
 09/21  16:00:00,3505197.774994591,210673.8047124673,1653185.5127111909,0.0,230357.12290762636,1378601.4772039393
 09/21  17:00:00,4061954.9537526006,206341.79041660807,1607197.7585247003,0.0,649103.4718368743,1536256.421079861
 09/21  18:00:00,6655665.544295401,258355.90271295363,1985028.0408615442,0.0,2387507.022848273,1941268.6296879465
 09/21  19:00:00,7292095.764070163,262520.7803702359,2005810.9376030448,0.0,3124276.7681803573,1788714.0813450057
 09/21  20:00:00,7720728.72370889,278739.6566668679,2116814.9642996867,0.0,3350437.101399383,1819654.526142827
 09/21  21:00:00,5910083.89718507,235468.8020087424,1791039.0508307358,0.0,2084405.5453382386,1620229.1814687462
 09/21  22:00:00,4030952.1560005876,181184.02761148495,1383730.5775739,0.0,816975.0593808935,1493980.0162341832
 09/21  23:00:00,3070110.5755560286,152503.52358200744,1169451.0736555178,0.0,230357.12290762636,1410434.0648877132
 09/21  24:00:00,2850230.7839491344,139196.92988736337,1072181.8003092182,0.0,230357.12290762636,1330101.5917327749
 09/22  01:00:00,2676864.732804949,128306.47092227978,990038.6812850543,0.0,230357.12290762636,1249769.1185778365
 09/22  02:00:00,2584778.7865551487,120787.54638754799,931627.4909114392,0.0,230357.12290762636,1225317.490260561
 09/22  03:00:00,2500612.738807857,113976.63093437959,878723.9869345911,0.0,230357.12290762636,1200865.8619432854
 09/22  04:00:00,2449581.5436670715,108800.22315726445,839181.082264706,0.0,230357.12290762636,1192849.7762253224
 09/22  05:00:00,2418158.8837415846,104641.74517509404,807046.8863058422,0.0,230357.12290762636,1199423.9932650474
 09/22  06:00:00,2428539.6959069157,100573.10433913929,774297.2856967546,0.0,230357.12290762636,1248327.2498995985
 09/22  07:00:00,2456520.317736008,99118.10081286017,763229.3720099686,0.0,230357.12290762636,1293943.398014287
 09/22  08:00:00,2468049.1594350715,99796.93869198964,771297.1967129636,0.0,230357.12290762636,1305246.5922521125
 09/22  09:00:00,3438935.1506770756,115049.99109127559,892324.7475646385,0.0,1025881.9238801175,1354552.3974157278
 09/22  10:00:00,3569879.1419438412,134745.61241007887,1049485.9896939814,0.0,997903.3259561141,1346843.341303414
 09/22  11:00:00,4118579.5223553814,155977.05570079858,1221813.9486655598,0.0,1326651.8515631517,1386869.4180390355
 09/22  12:00:00,4205540.058811784,166906.84093473008,1313112.1055017186,0.0,1284683.9546771469,1420386.721408062
 09/22  13:00:00,4642255.634206908,196182.76535782102,1539197.7719315263,0.0,1447892.4425671657,1440236.421084446
 09/22  14:00:00,4113015.477248246,202978.531998779,1590611.3269212898,0.0,923293.7314921056,1377385.6535701226
 09/22  15:00:00,4338830.180246016,204227.12238082208,1596556.1215100125,0.0,1108651.9427386269,1408944.5573264281
 09/22  16:00:00,5326619.041259469,229475.59119818258,1775671.9965857053,0.0,1702031.3737101946,1587060.2223060203
 09/22  17:00:00,4847871.802923079,214897.29199540944,1644372.669438459,0.0,1277689.3051961462,1646152.8213743297
 09/22  18:00:00,12709392.278120395,306917.5520075528,2285552.355147777,0.0,1310331.00277415,8724789.623030407
 09/22  19:00:00,6620253.709939002,247001.70217351214,1825018.0466710278,0.0,1678715.8754401922,2767265.9042036375
 09/22  20:00:00,5184639.416942511,153511.74177341835,1133054.2015671956,0.0,2014459.0505282304,1742165.572066958
 09/22  21:00:00,5092290.816110073,146094.1725110441,1074550.0204226766,0.0,2084405.5453382386,1620229.1814687462
 09/22  22:00:00,4025985.0422794367,115486.47713579606,851303.0125658654,0.0,1403592.9958541605,1510745.2996685517
 09/22  23:00:00,3081888.7011273373,78263.19149475251,578392.2695235386,0.0,925625.281319106,1399059.9803634854
 09/22  24:00:00,2185751.181567049,47189.52381243701,348554.7128474809,0.0,401959.19017484604,1309654.4156201337
 09/23  01:00:00,1746059.0194864757,22446.792923832025,165092.64596502887,0.0,230357.12290762636,1249769.1185778365
 09/23  02:00:00,1575155.2676754966,5141.534197622993,37649.98422171177,0.0,230357.12290762636,1225317.490260561
 09/23  03:00:00,1518127.0091771914,10214.888238305044,0.0,0.0,230357.12290762636,1200865.8619432854
 09/23  04:00:00,1523398.2860678022,21798.047822701596,0.0,0.0,230357.12290762636,1192849.7762253224
 09/23  05:00:00,1541773.1502465107,35302.89798586256,0.0,0.0,230357.12290762636,1199423.9932650474
 09/23  06:00:00,2217187.922872261,40859.11016506215,0.0,0.0,853347.2366820975,1247996.6429613042
 09/23  07:00:00,1845619.2795874726,34569.02814463815,0.0,0.0,435067.19771824975,1306110.7297333186
 09/23  08:00:00,2045939.1723822975,9370.141073382447,0.0,0.0,642108.8223558735,1333108.900082662
 09/23  09:00:00,1904193.9203992002,12919.640485555345,95802.15388446001,0.0,429238.32315074914,1315107.7121531195
 09/23  10:00:00,2616214.7796511836,75488.98585427096,565301.3271259386,0.0,614130.2244318703,1320393.3696588506
 09/23  11:00:00,3452083.3365790667,129176.24187435026,978632.9038499424,0.0,960598.5287241098,1356408.4137438284
 09/23  12:00:00,4464846.43183866,201787.1282545957,1537538.1912087284,0.0,1284683.9546771469,1420386.721408062
 09/23  13:00:00,5714479.555945747,303843.26551292447,2310764.6226054933,0.0,1622758.6795921857,1458366.7549691943
 09/23  14:00:00,6421371.656653671,390018.2046399431,2949821.5112034213,0.0,1622758.6795921857,1440027.0279521719
 09/23  15:00:00,14609341.75935559,496745.47753404296,3712360.3867413923,0.0,1636747.978554187,8743037.480235841
 09/23  16:00:00,7243754.006206304,516371.02352631814,3826009.984880903,0.0,1333646.5010441523,1535346.6392955645
 09/23  17:00:00,6791008.372981019,488203.914646741,3560941.6368832905,0.0,1067849.8207661223,1609253.2857661308
 09/23  18:00:00,6295009.158573239,380974.97083318967,2738770.660617855,0.0,1310331.00277415,1783130.7791875394
 09/23  19:00:00,6045822.095710132,321756.0194946751,2285914.3724772045,0.0,1678715.8754401922,1657183.6468474276
 09/23  20:00:00,5819959.7670148425,237225.8554538612,1684660.4379590845,0.0,2014459.0505282304,1742165.572066958
 09/23  21:00:00,6648489.0185576,223915.99827525284,1582875.3356830569,0.0,3012362.376484345,1662323.4117455776
 09/23  22:00:00,5098761.942488065,177943.88828464397,1257275.958826646,0.0,1991143.552258228,1527541.2860634848
 09/23  23:00:00,3012129.4721109243,100561.52676914637,713346.3079573046,0.0,694801.8484460795,1402871.8105119378
 09/23  24:00:00,2201160.3642106126,50531.341639431805,358948.65712425055,0.0,402891.81010564615,1310395.2162291326
 09/24  01:00:00,1679746.3219021983,13916.642967930102,98944.61106860914,0.0,259035.18577972963,1229456.5429737775
 09/24  02:00:00,1544096.4201574097,10028.467877070945,0.0,0.0,230357.12290762636,1225317.490260561
 09/24  03:00:00,1531622.1792733131,22005.85531024934,0.0,0.0,230357.12290762636,1200865.8619432854
 09/24  04:00:00,1536463.9601491494,34863.72190404877,0.0,0.0,230357.12290762636,1192849.7762253224
 09/24  05:00:00,1539464.0715782046,46627.443510974066,0.0,0.0,230357.12290762636,1199423.9932650474
 09/24  06:00:00,1590644.8642355136,52313.38558208645,0.0,0.0,230357.12290762636,1248327.2498995985
 09/24  07:00:00,1619029.5707225637,36786.14697862505,0.0,0.0,230357.12290762636,1293943.398014287
 09/24  08:00:00,2045038.512505059,13582.090268675533,0.0,0.0,642108.8223558735,1333108.900082662
 09/24  09:00:00,1626577.2257857805,6969.753318877098,39573.18115006533,0.0,230357.12290762636,1301959.48373225
 09/24  10:00:00,1983505.172255861,49122.051020451254,372590.13378159766,0.0,230357.12290762636,1293943.398014287
 09/24  11:00:00,2470320.4392196937,105089.60488576262,815367.2680493596,0.0,230357.12290762636,1293943.398014287
 09/24  12:00:00,3123490.169796966,175089.63619743803,1384330.2964316998,0.0,230357.12290762636,1313262.6779700755
 09/24  13:00:00,3882520.520576396,258936.65180939977,2061217.8346233452,0.0,230357.12290762636,1313262.6779700755
 09/24  14:00:00,4930915.671975163,356200.64702545793,2823084.094759922,0.0,403591.2750537462,1329293.4218700873
 09/24  15:00:00,6374208.071007474,457304.69004582544,3575640.330744076,0.0,932619.9308001067,1388192.683127339
 09/24  16:00:00,8000825.796967929,540093.8511812586,4139260.4923110893,0.0,1702031.3737101946,1587060.2223060203
 09/24  17:00:00,8717276.694626903,543955.4880516187,4085574.8040582333,0.0,1487528.7896261702,2537162.100996325
 09/24  18:00:00,8618859.437933424,484772.2425123073,3579276.0311679123,0.0,2387507.022848273,2083798.1932202484
 09/24  19:00:00,8501621.992930485,418877.92521061486,3058980.0216229884,0.0,3124276.7681803573,1788714.0813450057
 09/24  20:00:00,8842338.177326504,368989.9576262148,2677018.448642279,0.0,3795763.118356434,1845484.1775014498
 09/24  21:00:00,6355772.541020274,299396.7677800823,2172799.7288946006,0.0,2084405.5453382386,1620229.1814687462
 09/24  22:00:00,3622923.7245186777,212402.19549899752,1547867.1981121132,0.0,230357.12290762636,1477214.7327998148
 09/24  23:00:00,2997832.3574475553,150454.42457568407,1099221.9545533676,0.0,230357.12290762636,1410434.0648877132
 09/24  24:00:00,2554519.468507901,110238.91249016084,805428.5022651873,0.0,230357.12290762636,1330101.5917327749
 09/25  01:00:00,2236412.9186073346,81659.5482681522,596233.7897415678,0.0,230357.12290762636,1249769.1185778365
 09/25  02:00:00,2051413.4885412003,62328.54740893339,455016.98885192804,0.0,230357.12290762636,1225317.490260561
 09/25  03:00:00,1903124.2890799553,47313.628866180035,346194.33625071135,0.0,230357.12290762636,1200865.8619432854
 09/25  04:00:00,3907419.211973563,61156.976922568254,447356.46095541015,0.0,235486.53252702695,3085025.9024564056
 09/25  05:00:00,2131135.6424354315,43144.164467752955,316371.86401492805,0.0,579506.7095009163,1129057.3925572773
 09/25  06:00:00,1618549.4504458746,9596.628849652247,70621.3429427952,0.0,230357.12290762636,1248327.2498995985
 09/25  07:00:00,1745515.2916316073,19465.442915359738,143806.42497230897,0.0,230357.12290762636,1293943.398014287
 09/25  08:00:00,2655329.849495174,43567.478560254654,326378.8833701694,0.0,230357.12290762636,1998787.6648592753
 09/25  09:00:00,4697922.536284286,143657.88231911993,1088518.522409211,0.0,827000.7236369947,2591027.723241999
 09/25  10:00:00,2917328.0216454985,155147.85054644285,1200387.1836452438,0.0,230357.12290762636,1293943.398014287
 09/25  11:00:00,3277195.68126209,196012.01180446433,1531320.103173054,0.0,230357.12290762636,1293943.398014287
 09/25  12:00:00,3743768.0787791107,247774.93337877063,1931922.9082325117,0.0,230357.12290762636,1313262.6779700755
 09/25  13:00:00,4205437.318303447,302785.0662033588,2340286.217956437,0.0,230357.12290762636,1313262.6779700755
 09/25  14:00:00,4791895.143391179,374252.7287277433,2855276.3805197836,0.0,230357.12290762636,1313262.6779700755
 09/25  15:00:00,5135938.069312131,419409.72524444247,3160474.192617824,0.0,230357.12290762636,1305246.5922521125
 09/25  16:00:00,4843701.202224693,377927.71771258226,2824435.0269411784,0.0,230357.12290762636,1378601.4772039393
 09/25  17:00:00,5559857.278594531,337506.74191207346,2480457.0917947195,0.0,1068782.4406969221,1610055.4922962594
 09/25  18:00:00,9201497.038950732,348367.446969342,2497683.364406183,0.0,2387507.022848273,3884433.2565422496
 09/25  19:00:00,7626550.103935201,322051.95982553787,2280734.0980127812,0.0,3124276.7681803573,1788714.0813450057
 09/25  20:00:00,7310156.48854105,245576.37605088958,1739406.0097478237,0.0,3350437.101399383,1819654.526142827
 09/25  21:00:00,5496962.487395028,199559.12103464268,1413827.322014793,0.0,2084405.5453382386,1620229.1814687462
 09/25  22:00:00,3226298.085854607,131082.72575471018,930869.4192385122,0.0,523666.09114425996,1485597.374516999
 09/25  23:00:00,2301842.664150086,68255.8359300363,485430.84990154626,0.0,230357.12290762636,1410434.0648877132
 09/25  24:00:00,1929617.9026567657,35919.46583119673,254846.38307301616,0.0,230357.12290762636,1330101.5917327749
 09/26  01:00:00,1599139.498115521,6457.475856150457,34162.44166175552,0.0,230357.12290762636,1249769.1185778365
 09/26  02:00:00,1549226.224069269,15158.271788930273,0.0,0.0,230357.12290762636,1225317.490260561
 09/26  03:00:00,1539771.3645163465,30155.04055328251,0.0,0.0,230357.12290762636,1200865.8619432854
 09/26  04:00:00,1546064.946679477,44464.708434376415,0.0,0.0,230357.12290762636,1192849.7762253224
 09/26  05:00:00,3629283.1948656943,33800.54607601143,0.0,0.0,429937.7880988492,3102489.3487962773
 09/26  06:00:00,1920394.5731543312,70733.34108281578,0.0,0.0,541852.1797948619,1248161.9464304515
 09/26  07:00:00,1647565.5915491034,65322.16780516493,0.0,0.0,230357.12290762636,1293943.398014287
 09/26  08:00:00,1634122.4885605362,42280.073602949604,0.0,0.0,230357.12290762636,1305246.5922521125
 09/26  09:00:00,1591827.8226544142,11793.531337576114,0.0,0.0,230357.12290762636,1301959.48373225
 09/26  10:00:00,1771828.767082638,25211.155010136346,184824.62461868944,0.0,230357.12290762636,1293943.398014287
 09/26  11:00:00,2122819.215876883,68269.04402405683,504686.60556825495,0.0,230357.12290762636,1293943.398014287
 09/26  12:00:00,2583041.16665119,121151.12564896714,897819.8038343946,0.0,230357.12290762636,1313262.6779700755
 09/26  13:00:00,3627893.55818138,200642.94626518438,1482124.902750242,0.0,576825.4271998659,1349554.0487001378
 09/26  14:00:00,4788839.953778007,296537.6684203062,2172876.6670295238,0.0,923293.7314921056,1377385.6535701226
 09/26  15:00:00,7630580.816564841,407010.1297526543,2939143.0097403117,0.0,932619.9308001067,3331357.309981643
 09/26  16:00:00,6941386.990725503,445394.81843697914,3174520.718812942,0.0,1702031.3737101946,1587060.2223060203
 09/26  17:00:00,6771878.4106884925,442812.3108358499,3095429.4413493862,0.0,1487528.7896261702,1683052.3569825292
 09/26  18:00:00,7110227.832693193,321357.5274819777,2223974.2410424254,0.0,1310331.00277415,3171059.1132099573
 09/26  19:00:00,6230279.354515688,277344.3975925842,1901445.7755841967,0.0,1678715.8754401922,2262000.1093271966
 09/26  20:00:00,12361253.118793247,149303.54948038375,1028405.1712054044,0.0,2014459.0505282304,9014002.872379102
 09/26  21:00:00,5183246.82080893,165287.09791534836,1134383.6785479905,0.0,2084405.5453382386,1620229.1814687462
 09/26  22:00:00,3996398.2102897614,117284.86169101266,809692.5778759107,0.0,1403592.9958541605,1510745.2996685517
 09/26  23:00:00,2719432.2232594835,64572.12256676353,449821.6512115381,0.0,694801.8484460795,1402871.8105119378
 09/26  24:00:00,1876027.2303907801,24867.94203822596,174100.15667640662,0.0,273490.7947071313,1325174.9978568642
 09/27  01:00:00,1570265.7049251741,6023.203344906455,5722.920982652712,0.0,230357.12290762636,1249769.1185778365
 09/27  02:00:00,1554827.6833069948,20759.731026655798,0.0,0.0,230357.12290762636,1225317.490260561
 09/27  03:00:00,1539916.8377206975,30300.513757633813,0.0,0.0,230357.12290762636,1200865.8619432854
 09/27  04:00:00,1540379.4674182783,38779.229173177664,0.0,0.0,230357.12290762636,1192849.7762253224
 09/27  05:00:00,1543857.9336056595,51021.30553842899,0.0,0.0,230357.12290762636,1199423.9932650474
 09/27  06:00:00,1596172.518962027,57841.040308599644,0.0,0.0,230357.12290762636,1248327.2498995985
 09/27  07:00:00,2500826.3530127928,51073.30315023397,0.0,0.0,1049197.42215012,1342612.7248904135
 09/27  08:00:00,2509271.0809547994,38200.651439619374,0.0,0.0,1053860.5218041206,1360971.2079132115
 09/27  09:00:00,1623665.523192798,43631.23187595989,0.0,0.0,230357.12290762636,1301959.48373225
 09/27  10:00:00,1608604.5927368817,46811.6052830697,0.0,0.0,230357.12290762636,1293943.398014287
 09/27  11:00:00,1599642.5524669772,49778.98618240545,0.0,0.0,230357.12290762636,1293943.398014287
 09/27  12:00:00,1981572.9623772963,30663.30678389872,0.0,0.0,581488.5268538665,1348970.6924494044
 09/27  13:00:00,1780147.3274193497,11897.182533517487,14504.273231029987,0.0,403591.2750537462,1331408.3633351065
 09/27  14:00:00,2128996.4724344052,21674.456922666428,166426.18927582458,0.0,576825.427199866,1345324.165770099
 09/27  15:00:00,1715103.1456756014,18149.86830719785,140899.12591853828,0.0,230357.12290762636,1305246.5922521125
 09/27  16:00:00,5636953.388097159,68038.76593600027,521377.10482408816,0.0,781535.5020104893,4233622.157867214
 09/27  17:00:00,11979486.215477284,211009.03557833223,1584338.5125562004,0.0,1277689.3051961462,8843393.850252049
 09/27  18:00:00,6166145.3657276705,139937.6500742183,1044501.8249703527,0.0,2387507.022848273,2510692.919650144
 09/27  19:00:00,6272415.841680897,148844.2140370573,1099807.581546958,0.0,3124276.7681803573,1788714.0813450057
 09/27  20:00:00,6996157.873589072,143742.03258650767,1056086.0699445542,0.0,3795763.118356434,1845484.1775014498
 09/27  21:00:00,3843258.84050783,111816.22349004785,817015.7171248932,0.0,1157381.3341229325,1578104.2482313497
 09/27  22:00:00,2239365.0000194483,45571.568981858785,331139.10013002227,0.0,230357.12290762636,1477214.7327998148
 09/27  23:00:00,1856274.8051953798,13129.67818020587,94989.14869667031,0.0,230357.12290762636,1410434.0648877132
 09/27  24:00:00,1666775.0128204105,3397.6596858723988,24525.299381985333,0.0,230357.12290762636,1330101.5917327749
 09/28  01:00:00,1562534.3865573897,4014.8059597748643,0.0,0.0,230357.12290762636,1249769.1185778365
 09/28  02:00:00,1546881.2027358813,12813.250455542748,0.0,0.0,230357.12290762636,1225317.490260561
 09/28  03:00:00,1534700.3967407555,25084.072777691646,0.0,0.0,230357.12290762636,1200865.8619432854
 09/28  04:00:00,1541155.3200075417,39555.08176244097,0.0,0.0,230357.12290762636,1192849.7762253224
 09/28  05:00:00,1703285.0096905984,52204.8012901824,0.0,0.0,429471.47813344916,1158553.2183724097
 09/28  06:00:00,2834711.725937807,53859.09340442556,0.0,0.0,1473539.4906641685,1247666.0360230103
 09/28  07:00:00,2942788.118817195,60679.18579152574,0.0,0.0,1457218.6418751667,1366947.3883284768
 09/28  08:00:00,2538343.9747630833,67273.5452479033,0.0,0.0,1053860.5218041206,1360971.2079132115
 09/28  09:00:00,1647998.1008494338,67963.80953259577,0.0,0.0,230357.12290762636,1301959.48373225
 09/28  10:00:00,1613834.6619749246,52041.674521112844,0.0,0.0,230357.12290762636,1293943.398014287
 09/28  11:00:00,1583919.4886730756,34055.922388504034,0.0,0.0,230357.12290762636,1293943.398014287
 09/28  12:00:00,1596484.0182765124,8725.099301668211,23688.68180701592,0.0,230357.12290762636,1313262.6779700755
 09/28  13:00:00,2666551.724613377,63811.36886302704,466234.80907324585,0.0,750059.5793459858,1367699.734065169
 09/28  14:00:00,3537520.549782185,147967.8270079653,1070127.104446042,0.0,923293.7314921056,1377385.6535701226
 09/28  15:00:00,4090807.483500422,215103.70702381077,1534440.7262590395,0.0,932619.9308001067,1388192.683127339
 09/28  16:00:00,6956337.508897107,290107.31333118153,2031741.798750788,0.0,1149454.0647111314,3452654.47464464
 09/28  17:00:00,6134390.801270571,303499.2190291048,2103776.8836617637,0.0,1907207.758486218,1756851.4281989275
 09/28  18:00:00,5785278.201793521,172197.52591460347,1200799.075158014,0.0,2387507.022848273,1941268.6296879465
 09/28  19:00:00,6286595.961603162,158656.58740452828,1104175.3281017516,0.0,3124276.7681803573,1788714.0813450057
 09/28  20:00:00,6433079.831753852,79551.680004026,557198.3806918168,0.0,3795763.118356434,1845484.1775014498
 09/28  21:00:00,3364339.957698891,56090.703374999015,393822.35443100287,0.0,1157381.3341229325,1578104.2482313497
 09/28  22:00:00,1905302.924322261,6782.308657333051,35866.28475736088,0.0,230357.12290762636,1477214.7327998148
 09/28  23:00:00,1764177.924945273,16021.946626769373,0.0,0.0,230357.12290762636,1410434.0648877132
 09/28  24:00:00,1669092.5986382025,30240.544885649724,0.0,0.0,230357.12290762636,1330101.5917327749
 09/29  01:00:00,1598597.3672783878,40077.78668077295,0.0,0.0,230357.12290762636,1249769.1185778365
 09/29  02:00:00,1580240.3768532963,47876.6275971345,0.0,0.0,230357.12290762636,1225317.490260561
 09/29  03:00:00,1560509.6877984265,52597.56685953995,0.0,0.0,230357.12290762636,1200865.8619432854
 09/29  04:00:00,1526498.6834518937,59292.76345965777,0.0,0.0,234204.1801221768,1154608.400757907
 09/29  05:00:00,1575859.1274553584,69388.87519470986,0.0,0.0,230357.12290762636,1199423.9932650474
 09/29  06:00:00,1632971.663318762,79302.35744774007,0.0,0.0,230357.12290762636,1248327.2498995985
 09/29  07:00:00,3603633.7294652574,66296.2576977743,0.0,0.0,230357.12290762636,3237108.0248685903
 09/29  08:00:00,2541331.302719823,65148.26413211126,0.0,0.0,1053860.5218041206,1360971.2079132115
 09/29  09:00:00,3335732.3086984046,55670.54337767108,0.0,0.0,1823271.9647142089,1405663.709881208
 09/29  10:00:00,3252793.2467130823,46377.32781321286,0.0,0.0,1767314.7688662023,1398200.2774534135
 09/29  11:00:00,7369337.566091626,29768.126316792255,176396.04405202554,0.0,1692705.1744021936,5443200.97293378
 09/29  12:00:00,3131956.964466216,18663.813734511838,0.0,0.0,1636747.978554187,1456094.7358873906
 09/29  13:00:00,3118147.766599576,18276.098772247162,0.0,0.0,1622758.6795921857,1458366.7549691943
 09/29  14:00:00,3092945.3517875234,11413.410977217032,0.0,0.0,1622758.6795921857,1440027.0279521719
 09/29  15:00:00,3130880.3880540654,2481.7932860569563,0.0,0.0,1636747.978554187,1471200.1799236955
 09/29  16:00:00,3370990.801942394,5910.114934868902,43609.23353194312,0.0,1702031.3737101946,1587060.2223060203
 09/29  17:00:00,3316397.6442397796,10294.23206969561,70762.5506426504,0.0,1487528.7896261702,1683052.3569825292
 09/29  18:00:00,3199417.0097755864,24153.482653391286,0.0,0.0,1310331.00277415,1783130.7791875394
 09/29  19:00:00,3446365.9302757545,8214.226537502633,0.0,0.0,1678715.8754401922,1657183.6468474276
 09/29  20:00:00,5320651.3872837415,9110.908734823162,0.0,0.0,3350437.1013993835,1819654.5261428268
 09/29  21:00:00,6184680.84220001,44781.51298102935,328150.58319675416,0.0,3940319.2076304513,1704417.642022409
 09/29  22:00:00,4593418.742890272,38944.80246633273,286585.3022481632,0.0,2578694.108662295,1544337.2724584183
 09/29  23:00:00,2225766.052957085,3893.242948762708,23651.172623849416,0.0,694801.8484460795,1402871.8105119378
 09/29  24:00:00,1649485.8215527982,10633.767800245134,0.0,0.0,230357.12290762636,1330101.5917327749
 09/30  01:00:00,1578135.0747924843,19615.494194869498,0.0,0.0,230357.12290762636,1249769.1185778365
 09/30  02:00:00,1557912.809634733,25549.06037857137,0.0,0.0,230357.12290762636,1225317.490260561
 09/30  03:00:00,1537273.8552518447,29361.73431295825,0.0,0.0,230357.12290762636,1200865.8619432854
 09/30  04:00:00,1533284.0172015335,31683.778956432863,0.0,0.0,230357.12290762636,1192849.7762253224
 09/30  05:00:00,1539322.9798568175,32852.72759616919,0.0,0.0,230357.12290762636,1199423.9932650474
 09/30  06:00:00,3584071.3055902496,27254.90152284671,59982.471342077784,0.0,230357.12290762636,3191491.876753902
 09/30  07:00:00,3313078.8708529435,18451.97904828505,139403.34816569614,0.0,1049197.42215012,2036153.7974975766
 09/30  08:00:00,4280157.010013709,64489.90845642409,489860.50872243184,0.0,1053860.5218041206,2610594.7621603524
 09/30  09:00:00,4038079.53036628,86641.32556881847,671376.4394767282,0.0,1823271.9647142089,1405663.709881208
 09/30  10:00:00,4457474.480991032,139978.10108252318,1111080.4610086395,0.0,1767314.7688662023,1398200.2774534135
 09/30  11:00:00,5111545.609040427,216595.54588955833,1757647.2180275973,0.0,1692705.1744021936,1417330.4223342424
 09/30  12:00:00,6007339.963508551,313817.21514299425,2580229.5976338526,0.0,1636747.978554187,1456094.7358873906
 09/30  13:00:00,6952495.074054934,416362.0010650282,3436261.4051625766,0.0,1622758.6795921857,1458366.7549691943
 09/30  14:00:00,7714714.435365663,502487.6384227135,4130694.8561326424,0.0,1622758.6795921857,1440027.0279521719
 09/30  15:00:00,10157670.65899966,602492.6405006987,4877182.569151864,0.0,1284683.9546771469,3372861.0583798205
 09/30  16:00:00,8567319.093329847,582657.9522692234,4663189.687585041,0.0,1702031.3737101946,1587060.2223060203
 09/30  17:00:00,8605747.245781027,548433.3371231371,4328495.00705401,0.0,1907207.758486218,1756851.4281989275
 09/30  18:00:00,8874924.643384604,507568.5844213562,3956778.6612665216,0.0,2387507.022848273,1941268.6296879465
 09/30  19:00:00,9147066.356323797,449401.38365839334,3488933.870860491,0.0,3124276.7681803573,1982202.1521739217
 09/30  20:00:00,17473684.644741353,497392.37995266495,3825159.8257288486,0.0,3795763.118356434,9213920.469696695
 09/30  21:00:00,7705292.56311688,381725.3604351015,2966895.0487939585,0.0,2548383.9609112917,1641276.2966071619
 09/30  22:00:00,5659154.677844592,295260.57016499015,2304698.5551018273,0.0,1403592.9958541605,1510745.2996685517
 09/30  23:00:00,4309989.056393396,239727.1000271637,1872040.3189817593,0.0,694801.8484460795,1402871.8105119378
 09/30  24:00:00,3576119.7143261493,199264.6036164956,1554510.2066526315,0.0,402891.81010564615,1325608.5888473496
 10/01  01:00:00,3046826.733420932,174212.00784517932,1357346.4761176617,0.0,230357.12290762636,1191066.6214464381
 10/01  02:00:00,2842142.9383833823,153655.34861850622,1197301.9131704357,0.0,230357.12290762636,1166984.0485827872
 10/01  03:00:00,2682597.749228488,138218.77175860858,1077275.87373909,0.0,230357.12290762636,1142901.4757191362
 10/01  04:00:00,2578909.7315160963,126898.300749897,990889.5928471152,0.0,230357.12290762636,1136920.2099074312
 10/01  05:00:00,3258826.939011547,126628.4144747928,988655.9726231252,0.0,230357.12290762636,1837701.8053353722
 10/01  06:00:00,12635340.692536753,283013.5975891669,2165411.3387649134,0.0,555841.4787568636,9559670.849629264
 10/01  07:00:00,4806519.602393046,187410.04445665586,1446430.678960311,0.0,444393.39702625095,2658922.1520903306
 10/01  08:00:00,2570149.6261456814,115521.3576704407,910475.6236506416,0.0,230357.12290762636,1246472.2899945187
 10/01  09:00:00,2534257.904560903,111402.28409723117,892523.7267346822,0.0,230357.12290762636,1242852.0285841294
 10/01  10:00:00,2478662.4708522754,105737.77684520259,860814.6537120529,0.0,230357.12290762636,1236870.7627724237
 10/01  11:00:00,2577208.9445364447,116844.20795425578,962535.3818464784,0.0,230357.12290762636,1236870.7627724237
 10/01  12:00:00,2802802.4770562407,139395.87793534473,1156114.745162517,0.0,230357.12290762636,1252453.5558062233
 10/01  13:00:00,2974500.969148184,157956.70618969278,1311292.5069371571,0.0,230357.12290762636,1252453.5558062233
 10/01  14:00:00,4353343.811936184,208868.07983089518,1722451.6402097673,0.0,997903.3259561141,1401679.688631923
 10/01  15:00:00,4693611.253589635,242635.666341661,1987668.035403675,0.0,1021218.8242261169,1417607.5523736528
 10/01  16:00:00,5947157.868686637,273016.3416269411,2209780.3333346443,0.0,1762651.6692122016,1662947.6637090126
 10/01  17:00:00,7065050.203707057,298060.07355448033,2365952.1795250215,0.0,2429474.919734278,1896079.4072226463
 10/01  18:00:00,19173926.02749329,362315.6082921792,2793290.3433456616,0.0,3194223.2629903653,12724132.013949927
 10/01  19:00:00,31253373.25579336,458210.7327084773,3441260.9162348686,0.0,3963634.705900453,23257660.53504169
 10/01  20:00:00,8524862.154747857,319608.7100625872,2393827.828373594,0.0,3696672.250708923,1929104.4533317422
 10/01  21:00:00,5873538.567233593,242488.7595355825,1799000.0566145582,0.0,1958501.854680224,1659337.6130136007
 10/01  22:00:00,4309890.313124452,157839.0765852147,1162920.6307099403,0.0,1263700.0062341448,1539781.687324142
 10/01  23:00:00,2587133.1541913175,87981.10158852383,646063.5916006382,0.0,346468.30429223966,1378093.9866761402
 10/01  24:00:00,1930624.4245062792,39566.665341774526,290162.4928661477,0.0,230357.12290762636,1276693.6382867037
 10/02  01:00:00,1567431.6385610963,7923.497880635902,44239.89122236925,0.0,230357.12290762636,1191066.6214464381
 10/02  02:00:00,1510117.363988986,18931.687394545585,0.0,0.0,230357.12290762636,1166984.0485827872
 10/02  03:00:00,1500873.9780232115,33770.87429242206,0.0,0.0,230357.12290762636,1142901.4757191362
 10/02  04:00:00,1506302.3589616495,45180.521042565444,0.0,0.0,230357.12290762636,1136920.2099074312
 10/02  05:00:00,1623713.5456506428,55883.402576626664,0.0,0.0,335976.33007073845,1156370.1893326472
 10/02  06:00:00,2993940.307634875,51447.71166337181,0.0,0.0,1534159.7861661757,1336929.382008786
 10/02  07:00:00,3558433.88427026,50862.44319569113,0.0,0.0,1939849.456064222,1498358.6551508494
 10/02  08:00:00,3623658.7161760246,47592.194832181616,0.0,0.0,1986480.4526042275,1522262.8368171614
 10/02  09:00:00,3091210.9113388425,53535.887670983764,0.0,0.0,1536491.3359931756,1444060.9454374493
 10/02  10:00:00,2542534.4666509675,53781.38405483565,0.0,0.0,1072512.9204201226,1371358.0075610394
 10/02  11:00:00,2255015.881064002,46645.797787110496,0.0,0.0,830498.048377495,1347270.565843735
 10/02  12:00:00,1549550.4468725144,42258.5929141358,0.0,0.0,230357.12290762636,1252453.5558062233
 10/02  13:00:00,1548315.991033976,43064.23501264161,0.0,0.0,230357.12290762636,1252453.5558062233
 10/02  14:00:00,1546272.5051720282,41020.74915069392,0.0,0.0,230357.12290762636,1252453.5558062233
 10/02  15:00:00,1544077.0476854853,42766.45953881173,0.0,0.0,230357.12290762636,1246472.2899945187
 10/02  16:00:00,3649925.9630824383,28241.70593621219,0.0,0.0,1324786.6117015516,2258135.7846408375
 10/02  17:00:00,5970388.748700862,21731.035999015927,158454.91093621962,0.0,2429474.919734278,3285244.2583607184
 10/02  18:00:00,5403622.86965867,23608.82906048451,0.0,0.0,3194223.2629903653,2085825.9786926627
 10/02  19:00:00,8039875.082877398,36322.96662422566,250291.7168578656,0.0,3031014.7751003467,4589639.258387096
 10/02  20:00:00,8030070.310893825,36591.61948008426,248618.53641688736,0.0,4192126.58894648,3367084.653779364
 10/02  21:00:00,3865504.5852115583,15051.303230402214,17952.57241258646,0.0,1958968.1646456243,1659322.2615333183
 10/02  22:00:00,1888545.246316492,45211.3602407115,0.0,0.0,230357.12290762636,1427327.8508971448
 10/02  23:00:00,1791734.3181079826,70530.37003960999,0.0,0.0,230357.12290762636,1362320.6551269703
 10/02  24:00:00,1684203.7030660186,83308.43676766171,0.0,0.0,230357.12290762636,1276693.6382867037
 10/03  01:00:00,1604393.4252056929,89125.17574760158,0.0,0.0,230357.12290762636,1191066.6214464381
 10/03  02:00:00,1584181.7595980898,92996.08300364965,0.0,0.0,230357.12290762636,1166984.0485827872
 10/03  03:00:00,1563249.9313877595,96146.82765697017,0.0,0.0,230357.12290762636,1142901.4757191362
 10/03  04:00:00,1561176.9180939938,100055.0801749095,0.0,0.0,230357.12290762636,1136920.2099074312
 10/03  05:00:00,3181400.9544576816,103477.56681606636,0.0,0.0,335976.33007073845,2666463.4339002464
 10/03  06:00:00,16431725.966557667,147058.1017460963,0.0,0.0,1208209.1203515383,15005055.316663487
 10/03  07:00:00,1640071.9643378465,103480.74879829865,0.0,0.0,230357.12290762636,1236870.7627724237
 10/03  08:00:00,1645289.3226164775,101136.67779187828,0.0,0.0,230357.12290762636,1246472.2899945187
 10/03  09:00:00,1629311.429167414,98979.53543842427,0.0,0.0,230357.12290762636,1242852.0285841294
 10/03  10:00:00,1608390.8428420944,96280.80254707483,0.0,0.0,230357.12290762636,1236870.7627724237
 10/03  11:00:00,1576801.8771548378,78972.52241912691,0.0,0.0,230357.12290762636,1236870.7627724237
 10/03  12:00:00,1567025.4869464627,59733.63298808419,0.0,0.0,230357.12290762636,1252453.5558062233
 10/03  13:00:00,1545961.8717837885,40710.11576245425,0.0,0.0,230357.12290762636,1252453.5558062233
 10/03  14:00:00,1983401.6782194022,14842.823442159168,4920.930818815116,0.0,614130.2244318703,1327066.6222190731
 10/03  15:00:00,3854790.201356479,51657.1852399767,379021.94730672234,0.0,1809282.665752207,1590347.2278130443
 10/03  16:00:00,4159201.0479818406,83996.55037084661,610843.3038859427,0.0,1762651.6692122016,1662947.6637090128
 10/03  17:00:00,4841797.242863844,94764.16761407488,683056.7733112618,0.0,2154352.0401482466,1834140.6381196303
 10/03  18:00:00,4214277.512338044,27636.94860493145,116429.1894453192,0.0,2082073.9955112382,1888172.579861396
 10/03  19:00:00,6219765.998632725,23896.536468116323,171536.3127349535,0.0,3963634.705900453,1928092.0776213382
 10/03  20:00:00,6392555.428981315,36860.12512253279,0.0,0.0,4192126.58894648,1977919.8026412926
 10/03  21:00:00,5935980.542223086,20998.39326857801,180000.0,0.0,3688511.8263144223,1832260.0392504584
 10/03  22:00:00,2095313.625735158,71979.73965937743,180000.0,0.0,230357.12290762636,1427327.8508971448
 10/03  23:00:00,2011197.2170283995,109993.26896002692,180000.0,0.0,230357.12290762636,1362320.6551269703
 10/03  24:00:00,1920472.700102937,139577.4338045801,180000.0,0.0,230357.12290762636,1276693.6382867037
 10/04  01:00:00,1857966.6264700636,162698.37701197233,180000.0,0.0,230357.12290762636,1191066.6214464381
 10/04  02:00:00,1849808.326584808,178622.64999036756,180000.0,0.0,230357.12290762636,1166984.0485827872
 10/04  03:00:00,1836314.2035921998,189211.0998614104,180000.0,0.0,230357.12290762636,1142901.4757191362
 10/04  04:00:00,1842761.089570064,201639.25165098003,180000.0,0.0,230357.12290762636,1136920.2099074312
 10/04  05:00:00,2075796.6183131998,210137.81147163347,180000.0,0.0,441595.53723385057,1168579.6459370854
 10/04  06:00:00,7769258.977057699,150010.91235242132,180000.0,0.0,1207742.8103861383,6160101.826522597
 10/04  07:00:00,7842688.006849687,77674.46808467913,180000.0,0.0,658429.6711448755,6857220.537760633
 10/04  08:00:00,1728949.5882668686,139796.94344226946,45000.0,0.0,230357.12290762636,1246472.2899945187
 10/04  09:00:00,1657399.143246061,127067.24951707124,0.0,0.0,230357.12290762636,1242852.0285841294
 10/04  10:00:00,1608962.9905897211,96852.95029470176,0.0,0.0,230357.12290762636,1236870.7627724237
 10/04  11:00:00,1565164.9738052913,67335.6190695805,0.0,0.0,230357.12290762636,1236870.7627724237
 10/04  12:00:00,1545947.2581972491,38655.40423887065,0.0,0.0,230357.12290762636,1252453.5558062233
 10/04  13:00:00,1519906.0453251237,11128.439957875667,3525.8493459136816,0.0,230357.12290762636,1252453.5558062233
 10/04  14:00:00,1803861.9911945388,36534.134495769205,262076.10067743543,0.0,230357.12290762636,1252453.5558062233
 10/04  15:00:00,2670232.294067991,90595.0825921425,644339.3115758525,0.0,428072.548237249,1482744.1764182183
 10/04  16:00:00,18115051.88609865,59374.27992158334,375483.93411781715,0.0,1105154.6179981267,16536277.193257289
 10/04  17:00:00,4227643.993007776,146884.86049191447,1027967.7766444979,0.0,1328983.401390152,1648324.3308105823
 10/04  18:00:00,5435799.4853108935,61325.97988792084,431060.3535949173,0.0,2823506.840497323,2019941.512415574
 10/04  19:00:00,6780817.423657287,94729.97972238468,661754.294505246,0.0,3963634.705900453,1928092.0776213382
 10/04  20:00:00,6459496.298252007,14128.896159420772,89672.09823380475,0.0,4192126.58894648,1977919.8026412926
 10/04  21:00:00,3855865.407128061,6113.918451939418,17701.737592670153,0.0,1958501.854680224,1659337.6130136007
 10/04  22:00:00,2447972.3801110713,31740.134158532783,0.0,0.0,747028.5645708856,1483554.7691106433
 10/04  23:00:00,1785744.7260267357,64540.77795836321,0.0,0.0,230357.12290762636,1362320.6551269703
 10/04  24:00:00,1691252.3532580882,90357.08695973144,0.0,0.0,230357.12290762636,1276693.6382867037
 10/05  01:00:00,1625277.211306043,110008.96184795164,0.0,0.0,230357.12290762636,1191066.6214464381
 10/05  02:00:00,1616472.3735550514,125286.69696061095,0.0,0.0,230357.12290762636,1166984.0485827872
 10/05  03:00:00,1604219.7850960656,137116.6813652762,0.0,0.0,230357.12290762636,1142901.4757191362
 10/05  04:00:00,1606085.7028015081,144963.8648824241,0.0,0.0,230357.12290762636,1136920.2099074312
 10/05  05:00:00,2522619.8920211974,144222.21910259716,0.0,0.0,441595.5372338505,1861318.5120141197
 10/05  06:00:00,4264569.684792891,114010.96336524551,0.0,0.0,1370951.298276157,2708203.995354948
 10/05  07:00:00,1689209.9874462408,152618.771906693,0.0,0.0,230357.12290762636,1236870.7627724237
 10/05  08:00:00,1688597.8343197647,144445.18949516577,0.0,0.0,230357.12290762636,1246472.2899945187
 10/05  09:00:00,1669475.442773133,139143.5490441434,0.0,0.0,230357.12290762636,1242852.0285841294
 10/05  10:00:00,1636323.8420003671,124213.80170534755,0.0,0.0,230357.12290762636,1236870.7627724237
 10/05  11:00:00,1593733.2591203654,95903.90438465445,0.0,0.0,230357.12290762636,1236870.7627724237
 10/05  12:00:00,1582129.3422418952,74837.4882835167,0.0,0.0,230357.12290762636,1252453.5558062233
 10/05  13:00:00,1569101.138292021,63849.38227068668,0.0,0.0,230357.12290762636,1252453.5558062233
 10/05  14:00:00,1572661.2019052524,67409.44588391812,0.0,0.0,230357.12290762636,1252453.5558062233
 10/05  15:00:00,1572444.6867151954,71134.09856852173,0.0,0.0,230357.12290762636,1246472.2899945187
 10/05  16:00:00,2190519.726369218,66944.3863319779,0.0,0.0,667755.8704528766,1417057.6087805266
 10/05  17:00:00,4608531.307887037,46502.261470485,0.0,0.0,2154352.0401482466,2332193.382597675
 10/05  18:00:00,5432136.089050302,52122.04845211624,0.0,0.0,3194223.2629903653,2085825.9786926627
 10/05  19:00:00,6040139.772551523,15806.623121867393,0.0,0.0,3963634.705900453,1928092.0776213382
 10/05  20:00:00,6397843.866406361,42148.56254757775,0.0,0.0,4192126.58894648,1977919.8026412926
 10/05  21:00:00,3878299.154481145,46249.403397693655,0.0,0.0,1958501.854680224,1659337.6130136007
 10/05  22:00:00,3054205.0594972908,65074.45366799384,0.0,0.0,1263700.0062341448,1539781.687324142
 10/05  23:00:00,2070801.8537486647,85828.8798127257,0.0,0.0,462579.485676853,1393867.31822531
 10/05  24:00:00,1705080.489013664,104185.22271530714,0.0,0.0,230357.12290762636,1276693.6382867037
 10/06  01:00:00,1636394.6858336052,121126.4363755139,0.0,0.0,230357.12290762636,1191066.6214464381
 10/06  02:00:00,1627749.9089723937,138604.3303149979,0.0,0.0,230357.12290762636,1166984.0485827872
 10/06  03:00:00,1756114.6126252282,156051.6068314831,135000.0,0.0,230357.12290762636,1142901.4757191362
 10/06  04:00:00,1832221.017460336,172140.95469280213,180000.0,0.0,238284.39231942728,1147951.1653440797
 10/06  05:00:00,2066386.0982428472,184406.50790492882,180000.0,0.0,441595.53723385057,1168579.6459370854
 10/06  06:00:00,2068033.7718840104,194583.64526990685,180000.0,0.0,393099.30083224503,1210586.5165519202
 10/06  07:00:00,1912668.1856303387,181796.284531482,180000.0,0.0,230357.12290762636,1236870.7627724237
 10/06  08:00:00,1797158.5066017613,156885.56796603018,90000.0,0.0,230357.12290762636,1246472.2899945187
 10/06  09:00:00,2647335.516734881,108670.2224334667,0.0,0.0,1100491.518344126,1376970.837845966
 10/06  10:00:00,2560168.9829369234,67335.70446670383,0.0,0.0,1072512.9204201226,1371358.0075610394
 10/06  11:00:00,3184841.3059769743,26847.866607125412,0.0,0.0,1632084.8789001869,1493266.9934769568
 10/06  12:00:00,2694911.689868714,2969.0915239135134,21882.366198500735,0.0,1196085.061251137,1449493.9956506342
 10/06  13:00:00,2670806.7572680507,29082.162657574838,214606.4530542691,0.0,993240.2263021137,1411436.8379466084
 10/06  14:00:00,4257069.620885352,110991.58859550666,811622.4714516643,0.0,1762651.6692122016,1549362.8143184946
 10/06  15:00:00,4473259.384492647,156334.90356582048,1133014.2913584164,0.0,1612266.7053706844,1547162.3089531963
 10/06  16:00:00,3679860.01750945,124378.3519865233,896169.9777453819,0.0,1105154.6179981267,1515395.208975582
 10/06  17:00:00,3815077.3579796744,93431.64379145546,666814.2603798102,0.0,1328983.401390152,1648324.3308105823
 10/06  18:00:00,3822048.394903662,23479.687839807684,166998.31948323685,0.0,1711357.5730181958,1822288.1135843073
 10/06  19:00:00,4141654.474087141,27566.25410998123,194595.05300621633,0.0,2098394.84430024,1698692.44644806
 10/06  20:00:00,4194245.884032607,31950.11385860479,0.0,0.0,2210309.2359962533,1782658.4054030913
 10/06  21:00:00,5254789.784058249,9821.420130813445,0.0,0.0,3256009.333405873,1789029.432691244
 10/06  22:00:00,4140170.08438131,21824.213352289455,0.0,0.0,2294245.0297682625,1650692.516612012
 10/06  23:00:00,2567481.6775359614,64499.27054870098,0.0,0.0,925625.281319106,1456991.3473825543
 10/06  24:00:00,1916838.8465083977,94493.9424513753,0.0,0.0,402891.81010564615,1325608.5888473496
 10/07  01:00:00,1819159.4004039003,123891.1509458089,180000.0,0.0,230357.12290762636,1191066.6214464381
 10/07  02:00:00,1816201.6917479783,147056.11309058228,180000.0,0.0,230357.12290762636,1166984.0485827872
 10/07  03:00:00,1811341.1414457757,166278.13565203059,180000.0,0.0,230357.12290762636,1142901.4757191362
 10/07  04:00:00,1825894.8958641374,184773.05794505338,180000.0,0.0,230357.12290762636,1136920.2099074312
 10/07  05:00:00,1843986.5665015313,197664.30369871334,180000.0,0.0,230357.12290762636,1144160.732728209
 10/07  06:00:00,1900184.1494743559,207736.83888127966,180000.0,0.0,230357.12290762636,1192325.878455511
 10/07  07:00:00,2415542.216517609,190824.69082183274,180000.0,0.0,658429.6711448755,1302643.8391320945
 10/07  08:00:00,3804744.131332963,132557.3161779877,90000.0,0.0,1986480.4526042275,1522262.8368171614
 10/07  09:00:00,3623781.3342968533,78936.18951437395,0.0,0.0,1972491.1536422255,1511151.0530289323
 10/07  10:00:00,3496953.978815989,30275.517837058575,0.0,0.0,1911870.8581402185,1505845.252349655
 10/07  11:00:00,3485347.2198576233,12094.775668593282,78346.8886051192,0.0,1832598.1640222098,1529665.824568996
 10/07  12:00:00,3867471.1260119425,60153.750212101244,438476.9728238286,0.0,1776640.9681742033,1567718.2595572807
 10/07  13:00:00,4996501.615894682,129009.46288701677,936406.8547098199,0.0,1757988.5695582011,2150655.6514321594
 10/07  14:00:00,18431109.199966937,205212.8617409737,1478601.4609591733,0.0,1762651.6692122016,14962202.130747104
 10/07  15:00:00,22371741.18091909,271826.69287334883,1936005.469464826,0.0,1612266.7053706844,18527161.137965698
 10/07  16:00:00,5084902.883016199,302232.17913277703,2123359.016105877,0.0,1105154.6179981267,1515395.208975582
 10/07  17:00:00,4542776.581068545,272587.22093428596,1888548.5837731452,0.0,779670.2621488892,1524446.7926045503
 10/07  18:00:00,2804846.873478609,115494.88099068255,800715.507065976,0.0,230357.12290762636,1560354.6615362095
 10/07  19:00:00,4247560.312808946,107902.67213668104,744508.4603625123,0.0,1631385.4139520866,1641357.8901350228
 10/07  20:00:00,7058540.853870323,90902.23659618881,628264.0969117035,0.0,4192126.58894648,1977919.8026412926
 10/07  21:00:00,6591552.083540519,110224.88187429452,760625.7382710256,0.0,3688511.8263144223,1832260.0392504584
 10/07  22:00:00,4007690.1017520516,58021.585541590524,402050.5715924346,0.0,1778972.5180012037,1595237.101968077
 10/07  23:00:00,2274168.8192863185,11483.304201460207,22103.9070295292,0.0,694801.8484460795,1425413.9813236496
 10/07  24:00:00,1641733.7266029613,40838.460304604494,0.0,0.0,230357.12290762636,1276693.6382867037
 10/08  01:00:00,1586767.264131904,71499.01467381274,0.0,0.0,230357.12290762636,1191066.6214464381
 10/08  02:00:00,1591570.7857694756,100385.10917503538,0.0,0.0,230357.12290762636,1166984.0485827872
 10/08  03:00:00,1771648.6276433174,124545.5239125281,180000.0,0.0,230357.12290762636,1142901.4757191362
 10/08  04:00:00,1785445.126192106,144323.2882730219,180000.0,0.0,230357.12290762636,1136920.2099074312
 10/08  05:00:00,1911684.5322903267,163854.38921631064,180000.0,0.0,335976.33007073845,1156370.1893326472
 10/08  06:00:00,2037086.2582713577,181997.0130906504,180000.0,0.0,393099.30083224503,1210586.5165519202
 10/08  07:00:00,2869166.547238025,164884.0825046367,180000.0,0.0,1086502.2193821245,1368416.9154917654
 10/08  08:00:00,1688692.8308625098,144540.18603791075,0.0,0.0,230357.12290762636,1246472.2899945187
 10/08  09:00:00,1645177.1055534421,114845.21182445253,0.0,0.0,230357.12290762636,1242852.0285841294
 10/08  10:00:00,1578324.4814700133,66214.44117499366,0.0,0.0,230357.12290762636,1236870.7627724237
 10/08  11:00:00,1522977.8138890236,25148.45915331281,0.0,0.0,230357.12290762636,1236870.7627724237
 10/08  12:00:00,1729242.070674221,26795.05742888958,195155.15928695287,0.0,230357.12290762636,1252453.5558062233
 10/08  13:00:00,2318376.097892217,98352.47376898551,714771.8681018972,0.0,230357.12290762636,1252453.5558062233
 10/08  14:00:00,2993591.6839319086,180965.68931333956,1307374.2385972347,0.0,230357.12290762636,1252453.5558062233
 10/08  15:00:00,3542700.2200868726,250302.53480655007,1791087.0971336488,0.0,230357.12290762636,1246472.2899945187
 10/08  16:00:00,3895256.0294502378,286731.63517056074,2020685.4019827424,0.0,230357.12290762636,1318720.0085854712
 10/08  17:00:00,4117182.394835947,262105.70559237993,1812071.349543145,0.0,505013.6925282578,1462508.0235015342
 10/08  18:00:00,5451275.037504143,176191.41240674246,1204872.250809608,0.0,2082073.9955112382,1888172.579861396
 10/08  19:00:00,7521004.199663016,192841.89204163416,1303829.1581917265,0.0,3963634.705900453,1928092.0776213382
 10/08  20:00:00,7276229.895609102,118380.9532414573,802153.6385088624,0.0,4192126.58894648,1977919.8026412926
 10/08  21:00:00,5528200.216810577,95863.28688695465,648820.9799046419,0.0,2823506.840497323,1745798.8261320295
 10/08  22:00:00,2254391.109647733,22120.968669705013,102487.07496386878,0.0,488692.84373925603,1455441.310003894
 10/08  23:00:00,1754436.3343547345,33232.38628636206,0.0,0.0,230357.12290762636,1362320.6551269703
 10/08  24:00:00,1657377.7443198725,56482.47802151551,0.0,0.0,230357.12290762636,1276693.6382867037
 10/09  01:00:00,1591874.070904969,76605.82144687774,0.0,0.0,230357.12290762636,1191066.6214464381
 10/09  02:00:00,1589669.972716954,98484.2961225138,0.0,0.0,230357.12290762636,1166984.0485827872
 10/09  03:00:00,1590568.7088125981,122191.79895984556,0.0,0.0,230357.12290762636,1144175.2818410997
 10/09  04:00:00,1791052.0326351938,140451.0822918848,180000.0,0.0,234320.75761352683,1142435.6876257556
 10/09  05:00:00,2019290.0132001317,153631.20635856554,180000.0,0.0,441595.53723385057,1168579.6459370854
 10/09  06:00:00,2563044.606267702,164851.003363011,180000.0,0.0,881792.144571501,1264998.030536648
 10/09  07:00:00,2370142.5527974437,159705.7126609754,180000.0,0.0,658429.6711448755,1302643.8391320945
 10/09  08:00:00,1690842.4695448757,146689.82472027655,0.0,0.0,230357.12290762636,1246472.2899945187
 10/09  09:00:00,1643952.0688132574,113620.17508426789,0.0,0.0,230357.12290762636,1242852.0285841294
 10/09  10:00:00,1574746.6191969314,62636.578901911824,0.0,0.0,230357.12290762636,1236870.7627724237
 10/09  11:00:00,1517189.2324555716,19359.877719860568,0.0,0.0,230357.12290762636,1236870.7627724237
 10/09  12:00:00,1768466.8209225815,31342.858795746783,229832.10816845624,0.0,230357.12290762636,1252453.5558062233
 10/09  13:00:00,2321089.261902565,98360.33905826979,717477.1668229612,0.0,230357.12290762636,1252453.5558062233
 10/09  14:00:00,3190260.48210686,177224.4329065461,1278591.2092104324,0.0,422243.6736697483,1289760.0890126482
 10/09  15:00:00,4582847.493200186,261725.53950410837,1857814.4018517788,0.0,1021218.8242261169,1417607.5523736528
 10/09  16:00:00,4979092.45983348,291108.2861992699,2028672.4858566655,0.0,1105154.6179981267,1515395.208975582
 10/09  17:00:00,5117728.989037463,263084.4259486717,1801853.2072174267,0.0,1328983.401390152,1648324.3308105823
 10/09  18:00:00,6312925.136063209,175368.12856819868,1194143.8556669555,0.0,2823506.840497323,2019941.512415574
 10/09  19:00:00,7466619.771037952,185807.47140563474,1256479.150202661,0.0,3963634.705900453,1928092.0776213382
 10/09  20:00:00,7240051.473625617,113318.31712602856,771037.8526408065,0.0,4192126.58894648,1977919.8026412926
 10/09  21:00:00,5551097.210243441,98092.53197092559,669488.7282535366,0.0,2823506.840497323,1745798.8261320295
 10/09  22:00:00,3304325.903893004,39998.852255400605,275196.44580830686,0.0,1263700.0062341448,1539781.687324142
 10/09  23:00:00,1740630.4301832942,9984.309130475222,9442.172984446397,0.0,230357.12290762636,1362320.6551269703
 10/09  24:00:00,1629996.0241729384,29100.757874581534,0.0,0.0,230357.12290762636,1276693.6382867037
 10/10  01:00:00,1563259.2524198538,47991.0029617625,0.0,0.0,230357.12290762636,1191066.6214464381
 10/10  02:00:00,1556847.394209148,65661.7176147076,0.0,0.0,230357.12290762636,1166984.0485827872
 10/10  03:00:00,1549139.321132308,82036.2174015186,0.0,0.0,230357.12290762636,1142901.4757191362
 10/10  04:00:00,1556072.5880214085,94950.75010232441,0.0,0.0,230357.12290762636,1136920.2099074312
 10/10  05:00:00,1908759.2736529105,106074.00957392281,0.0,0.0,547214.7443969627,1179986.896011395
 10/10  06:00:00,2686025.8482872103,105634.79401866245,0.0,0.0,1208209.1203515383,1300778.5061204673
 10/10  07:00:00,2151198.9266934474,120762.0865569793,0.0,0.0,658429.6711448755,1302643.8391320945
 10/10  08:00:00,1661128.8110904477,116976.16626584856,0.0,0.0,230357.12290762636,1246472.2899945187
 10/10  09:00:00,1883947.5471272594,102552.35222368588,0.0,0.0,447890.72176675126,1276381.7308995884
 10/10  10:00:00,1597151.2019616957,85041.16166667614,0.0,0.0,230357.12290762636,1236870.7627724237
 10/10  11:00:00,1557645.407430951,59816.052695240025,0.0,0.0,230357.12290762636,1236870.7627724237
 10/10  12:00:00,1536353.298381115,29061.4444227366,0.0,0.0,230357.12290762636,1252453.5558062233
 10/10  13:00:00,1631837.767567481,16415.06119934196,110170.95034680447,0.0,230357.12290762636,1252453.5558062233
 10/10  14:00:00,1972341.3857827075,56249.19914771831,410840.43061365484,0.0,230357.12290762636,1252453.5558062233
 10/10  15:00:00,2011805.936994544,61896.99060201417,448598.35824585607,0.0,230357.12290762636,1246472.2899945187
 10/10  16:00:00,2892914.087449516,61263.83044771213,440206.74309441156,0.0,886455.2442255015,1466226.408878054
 10/10  17:00:00,13880664.528726561,83781.05823930312,596920.4217843676,0.0,2154352.0401482466,10970127.384884011
 10/10  18:00:00,7338000.505182159,92170.92631742002,655648.7947170058,0.0,3194223.2629903653,3295992.722242209
 10/10  19:00:00,6322440.532799885,101404.41499115806,720362.8415724444,0.0,3497324.7405004,1870742.1698280186
 10/10  20:00:00,5541625.072400659,33689.311765539016,240779.83187055285,0.0,3201217.9124713666,1880289.1040221918
 10/10  21:00:00,4166187.703583084,40975.85127106929,293162.10122856277,0.0,1958501.854680224,1659337.6130136007
 10/10  22:00:00,1853993.591284861,10659.705209080628,0.0,0.0,230357.12290762636,1427327.8508971448
 10/10  23:00:00,1745095.1160175754,23891.167949202885,0.0,0.0,230357.12290762636,1362320.6551269703
 10/10  24:00:00,1631487.7795186786,30592.51322032156,0.0,0.0,230357.12290762636,1276693.6382867037
 10/11  01:00:00,1553865.5122884791,38597.26283038777,0.0,0.0,230357.12290762636,1191066.6214464381
 10/11  02:00:00,1535774.5082351696,44588.83164072934,0.0,0.0,230357.12290762636,1166984.0485827872
 10/11  03:00:00,1516610.2484093024,49507.1446785131,0.0,0.0,230357.12290762636,1142901.4757191362
 10/11  04:00:00,1513204.5878184,52082.74989931597,0.0,0.0,230357.12290762636,1136920.2099074312
 10/11  05:00:00,3878988.304285093,35739.3047820719,16772.14356257451,0.0,494405.1408154066,3256588.09145441
 10/11  06:00:00,2964632.145411607,22139.549440103106,0.0,0.0,1534159.7861661757,1336929.382008786
 10/11  07:00:00,3529897.8043033816,22326.36322881211,0.0,0.0,1939849.456064222,1498358.6551508494
 10/11  08:00:00,3608767.619625368,32701.098281525443,0.0,0.0,1986480.4526042275,1522262.8368171614
 10/11  09:00:00,1622906.7175736048,92574.82384461493,0.0,0.0,230357.12290762636,1242852.0285841294
 10/11  10:00:00,1634742.415855847,122632.37556082733,0.0,0.0,230357.12290762636,1236870.7627724237
 10/11  11:00:00,1637151.6212301855,139322.26649447458,0.0,0.0,230357.12290762636,1236870.7627724237
 10/11  12:00:00,1659527.0202896146,152235.16633123593,0.0,0.0,230357.12290762636,1252453.5558062233
 10/11  13:00:00,1663408.237659152,158156.48163781757,0.0,0.0,230357.12290762636,1252453.5558062233
 10/11  14:00:00,1821732.5210100934,181480.76498875913,135000.0,0.0,230357.12290762636,1252453.5558062233
 10/11  15:00:00,1895604.577684273,214293.98953759915,180000.0,0.0,230357.12290762636,1246472.2899945187
 10/11  16:00:00,5019513.801749364,207559.63922987826,180000.0,0.0,449056.49668025144,4144135.8050353965
 10/11  17:00:00,12650529.96072479,75729.96380534668,180000.0,0.0,2154352.0401482466,10164964.333100569
 10/11  18:00:00,11234403.459331492,119812.72010476404,180000.0,0.0,3194223.2629903653,7640402.677321204
 10/11  19:00:00,6363603.113936892,159269.9645072362,180000.0,0.0,3963634.705900453,1928092.0776213382
 10/11  20:00:00,6772568.873601808,236873.56974302593,180000.0,0.0,4192126.58894648,1977919.8026412926
 10/11  21:00:00,5194419.918188987,230903.9681700074,180000.0,0.0,2823506.840497323,1745798.8261320295
 10/11  22:00:00,3441386.3589509027,272255.7531216058,180000.0,0.0,1263700.0062341448,1539781.687324142
 10/11  23:00:00,2219886.3173112376,318682.3692428651,180000.0,0.0,230357.12290762636,1362320.6551269703
 10/11  24:00:00,2126427.8720103684,345532.6057120116,180000.0,0.0,230357.12290762636,1276693.6382867037
 10/12  01:00:00,2059194.44036004,363926.1909019487,180000.0,0.0,230357.12290762636,1191066.6214464381
 10/12  02:00:00,2051124.7083593262,379939.03176488564,180000.0,0.0,230357.12290762636,1166984.0485827872
 10/12  03:00:00,2040440.7639537205,393337.660222931,180000.0,0.0,230357.12290762636,1142901.4757191362
 10/12  04:00:00,2045870.5514393696,404748.7135202854,180000.0,0.0,230357.12290762636,1136920.2099074312
 10/12  05:00:00,2286179.8954927893,420521.0886512232,180000.0,0.0,441595.53723385057,1168579.6459370854
 10/12  06:00:00,3539807.2302013934,417314.63422988955,180000.0,0.0,1534159.7861661757,1336929.382008786
 10/12  07:00:00,4075983.3000997975,388411.85902522795,180000.0,0.0,1939849.456064222,1498358.6551508494
 10/12  08:00:00,3119183.032039727,377705.2220198706,180000.0,0.0,1109817.717652127,1384336.8604452752
 10/12  09:00:00,3072134.9280716637,357549.8296443378,180000.0,0.0,1100491.518344126,1376970.837845966
 10/12  10:00:00,2015836.3084255303,323726.268130511,180000.0,0.0,230357.12290762636,1236870.7627724237
 10/12  11:00:00,4943669.562372398,252746.3017705623,180000.0,0.0,430404.09806424926,4049917.693481925
 10/12  12:00:00,4638398.685536425,166246.87864214933,180000.0,0.0,1389603.696892159,2878066.9347575875
 10/12  13:00:00,2768991.5864195474,161873.44486334076,180000.0,0.0,993240.2263021137,1411436.8379466084
 10/12  14:00:00,2598236.8671913724,131212.77529585082,45000.0,0.0,997903.3259561141,1401679.688631923
 10/12  15:00:00,2576672.916129291,113365.36428499296,0.0,0.0,1021218.8242261169,1417607.5523736528
 10/12  16:00:00,4836317.033327444,94299.42180466444,0.0,0.0,1105154.6179981267,3598101.132720816
 10/12  17:00:00,4664733.654764374,83695.70413681852,180000.0,0.0,2429474.919734278,1896079.4072226463
 10/12  18:00:00,5893112.553869671,139610.44244256854,180000.0,0.0,3194223.2629903653,2279314.0495215785
 10/12  19:00:00,21439780.601501778,214565.46779041926,180000.0,0.0,3963634.705900453,16948974.06190304
 10/12  20:00:00,6706224.099141636,170528.79528285412,180000.0,0.0,4192126.58894648,1977919.8026412926
 10/12  21:00:00,4181603.4778902903,169553.72680683882,180000.0,0.0,1958501.854680224,1659337.6130136007
 10/12  22:00:00,2807326.8640325395,211094.61808000028,180000.0,0.0,747028.5645708856,1483554.7691106433
 10/12  23:00:00,2159300.925414717,258096.97734634404,180000.0,0.0,230357.12290762636,1362320.6551269703
 10/12  24:00:00,2070795.195853058,289899.92955470114,180000.0,0.0,230357.12290762636,1276693.6382867037
 10/13  01:00:00,2011327.9072824316,316059.65782434045,180000.0,0.0,230357.12290762636,1191066.6214464381
 10/13  02:00:00,2005695.4820778978,336549.9034205017,180000.0,0.0,230357.12290762636,1166984.0485827872
 10/13  03:00:00,1997740.8354684522,352677.82967470685,180000.0,0.0,230357.12290762636,1142901.4757191362
 10/13  04:00:00,2005854.9563976477,364733.11847856373,180000.0,0.0,230357.12290762636,1136920.2099074312
 10/13  05:00:00,2018421.511783542,372099.248980724,180000.0,0.0,230357.12290762636,1144160.732728209
 10/13  06:00:00,2069442.2373318127,376994.92673873657,180000.0,0.0,230357.12290762636,1192325.878455511
 10/13  07:00:00,2110616.996116135,379745.09501727833,180000.0,0.0,230357.12290762636,1236870.7627724237
 10/13  08:00:00,3111357.3710434427,363759.2672124543,180000.0,0.0,1109817.717652127,1384336.8604452752
 10/13  09:00:00,3064842.3750527455,346177.0807513317,180000.0,0.0,1100491.518344126,1376970.837845966
 10/13  10:00:00,4383004.493932384,321006.3643240933,180000.0,0.0,1072512.9204201226,2760522.8586991113
 10/13  11:00:00,8748627.595038347,295616.1809010379,180000.0,0.0,1832598.1640222098,6407771.683122395
 10/13  12:00:00,34258209.93634722,536281.6339821062,180000.0,0.0,1002566.4256101148,32514880.701510467
 10/13  13:00:00,4969035.905754697,301163.3608592456,180000.0,0.0,993240.2263021137,3472191.241285853
 10/13  14:00:00,2850520.8991320776,248496.80723655544,180000.0,0.0,997903.3259561141,1401679.688631923
 10/13  15:00:00,7084155.560285491,256283.22249495768,180000.0,0.0,1021218.8242261169,5602172.338319888
 10/13  16:00:00,34412393.78539117,468287.30378490064,180000.0,0.0,1105154.6179981267,32620190.002804298
 10/13  17:00:00,20603986.32138801,389156.038567097,180000.0,0.0,1328983.401390152,18628323.159823086
 10/13  18:00:00,7199756.975415075,252618.18161586093,180000.0,0.0,3194223.2629903653,3474990.829830734
 10/13  19:00:00,7076123.384824707,188449.65247310908,180000.0,0.0,3963634.705900453,2621633.1502285013
 10/13  20:00:00,6786170.546964773,266796.0266023437,180000.0,0.0,4192126.58894648,1977919.8026412926
 10/13  21:00:00,6143735.75512816,243034.29173296134,180000.0,0.0,3688511.8263144223,1832260.0392504584
 10/13  22:00:00,4008532.9359267782,280914.9913087519,180000.0,0.0,1778972.5180012037,1595237.101968077
 10/13  23:00:00,2745011.7652107915,324430.1571554627,180000.0,0.0,694801.8484460795,1425413.9813236496
 10/13  24:00:00,2359069.6152904322,356724.7112334097,180000.0,0.0,402891.81010564615,1325608.5888473496
 10/14  01:00:00,2156702.055675977,379351.7376591536,180000.0,0.0,287713.2486518329,1215792.5642609636
 10/14  02:00:00,2071921.582001853,396585.06049370434,180000.0,0.0,230357.12290762636,1173174.9914335397
 10/14  03:00:00,2055376.3409578297,410313.33516408474,180000.0,0.0,230357.12290762636,1142901.4757191362
 10/14  04:00:00,2079413.3494853242,419333.28671779024,180000.0,0.0,238284.39231942728,1147951.1653440797
 10/14  05:00:00,2307097.7193643097,425118.1290263912,180000.0,0.0,441595.53723385057,1168579.6459370854
 10/14  06:00:00,2837599.554500045,421140.97982285824,180000.0,0.0,881325.8346061008,1265368.4308411472
 10/14  07:00:00,3114638.6838972517,396075.5336045554,180000.0,0.0,1086502.2193821245,1368416.9154917654
 10/14  08:00:00,3109017.1757666348,361419.07193564647,180000.0,0.0,1109817.717652127,1384336.8604452752
 10/14  09:00:00,6083800.914859041,276249.8463313265,180000.0,0.0,1972491.1536422255,3593856.976774167
 10/14  10:00:00,3875886.9245978827,229208.46361895138,180000.0,0.0,1911870.8581402185,1505845.252349655
 10/14  11:00:00,3749310.898083931,174405.34250001944,180000.0,0.0,1832598.1640222098,1529665.824568996
 10/14  12:00:00,5756608.384438096,108259.46695817112,180000.0,0.0,1776640.9681742033,3667226.774061192
 10/14  13:00:00,3722565.283882498,59549.624360044196,45000.0,0.0,1566801.4837441791,2028773.0984707894
 10/14  14:00:00,2457720.6649885103,35696.57309298851,0.0,0.0,997903.3259561141,1401679.688631923
 10/14  15:00:00,2470349.283884966,7041.732040667389,0.0,0.0,1021218.8242261169,1417607.5523736528
 10/14  16:00:00,2942678.3777043866,2037.2349621704197,12979.619648835365,0.0,1324320.3017361516,1564579.3605533922
 10/14  17:00:00,6872039.771626842,29302.02558443224,356953.7737325773,0.0,2429474.919734278,3978785.330967881
 10/14  18:00:00,5627508.63909229,69534.69643114692,180000.0,0.0,3194223.2629903653,2085825.9786926627
 10/14  19:00:00,6249778.328082373,55645.6683379386,180000.0,0.0,3963634.705900453,1928092.0776213382
 10/14  20:00:00,10083524.700618548,92279.4053728125,180000.0,0.0,4192126.58894648,5449790.577524599
 10/14  21:00:00,12902058.807609735,16415.559107105277,223282.9412645671,0.0,3688511.8263144223,8773918.883093324
 10/14  22:00:00,4406060.420389725,107714.54936070472,180000.0,0.0,2294245.0297682625,1650692.516612012
 10/14  23:00:00,2732047.5944351153,180265.5869138206,180000.0,0.0,810213.5648825928,1441202.664353102
 10/14  24:00:00,2232689.664551449,230344.76049442633,180000.0,0.0,402891.81010564615,1325608.5888473496
 10/15  01:00:00,2041305.9513984437,263955.6333816203,180000.0,0.0,287713.2486518329,1215792.5642609636
 10/15  02:00:00,1965527.79298741,288151.1735422172,180000.0,0.0,230357.12290762636,1173174.9914335397
 10/15  03:00:00,1949717.3472224756,302614.24349168624,180000.0,0.0,230357.12290762636,1142901.4757191362
 10/15  04:00:00,1950826.1742560584,309704.33633697405,180000.0,0.0,230357.12290762636,1136920.2099074312
 10/15  05:00:00,2181515.126853813,315856.3200122466,180000.0,0.0,441595.53723385057,1168579.6459370854
 10/15  06:00:00,2530463.3047416713,313368.4275189092,180000.0,0.0,718583.6566814822,1247107.792744738
 10/15  07:00:00,2517433.7473659134,306996.90722944547,180000.0,0.0,658429.6711448755,1302643.8391320945
 10/15  08:00:00,2033885.4011963387,309732.75637173944,180000.0,0.0,230357.12290762636,1246472.2899945187
 10/15  09:00:00,2009380.1568622855,299048.2631332958,180000.0,0.0,230357.12290762636,1242852.0285841294
 10/15  10:00:00,1785533.8791201368,273423.83882511716,0.0,0.0,230357.12290762636,1236870.7627724237
 10/15  11:00:00,1725798.6368073202,227969.28207160937,0.0,0.0,230357.12290762636,1236870.7627724237
 10/15  12:00:00,1674244.6613365025,166952.80737812413,0.0,0.0,230357.12290762636,1252453.5558062233
 10/15  13:00:00,1624729.677455802,119477.92143446759,0.0,0.0,230357.12290762636,1252453.5558062233
 10/15  14:00:00,1612336.2261625761,107084.47014124195,0.0,0.0,230357.12290762636,1252453.5558062233
 10/15  15:00:00,1601842.1236188593,100531.53547218566,0.0,0.0,230357.12290762636,1246472.2899945187
 10/15  16:00:00,1676545.715445037,88706.7231481022,0.0,0.0,230357.12290762636,1318720.0085854712
 10/15  17:00:00,3134569.845383467,81312.17954670251,0.0,0.0,1329449.711355552,1648324.3308105823
 10/15  18:00:00,4622855.988443994,116043.72538607013,0.0,0.0,2452790.4180042804,1954057.046138485
 10/15  19:00:00,4095668.996732027,120975.34007586293,45000.0,0.0,2098394.84430024,1698692.44644806
 10/15  20:00:00,4006396.672488954,191969.24818508892,180000.0,0.0,1715321.2077240967,1733457.3043087593
 10/15  21:00:00,4195466.675589902,183416.9245064502,180000.0,0.0,1958501.854680224,1659337.6130136007
 10/15  22:00:00,2529705.2437451584,219922.17773099866,180000.0,0.0,488692.84373925603,1455441.310003894
 10/15  23:00:00,2162922.5443909853,261718.5963226129,180000.0,0.0,230357.12290762636,1362320.6551269703
 10/15  24:00:00,2072308.8242912358,291413.55799287884,180000.0,0.0,230357.12290762636,1276693.6382867037
 10/16  01:00:00,2008244.7590403853,312976.50958229403,180000.0,0.0,230357.12290762636,1191066.6214464381
 10/16  02:00:00,2000029.6898196004,328844.01322516,180000.0,0.0,230357.12290762636,1166984.0485827872
 10/16  03:00:00,1989285.6728731643,342182.5691423749,180000.0,0.0,230357.12290762636,1142901.4757191362
 10/16  04:00:00,1993944.837998857,352823.00007977284,180000.0,0.0,230357.12290762636,1136920.2099074312
 10/16  05:00:00,1990185.1196587158,360183.64035224996,180000.0,0.0,230357.12290762636,1144160.732728209
 10/16  06:00:00,3979309.788171109,344374.8452743704,180000.0,0.0,1370951.2982761571,2012580.2168240394
 10/16  07:00:00,10579244.097309712,237679.01020255068,180000.0,0.0,1086502.2193821245,9005699.537865538
 10/16  08:00:00,3028337.500767976,286859.69074811944,180000.0,0.0,1109817.717652127,1384336.8604452752
 10/16  09:00:00,3004024.131647608,289439.03322028246,180000.0,0.0,1100491.518344126,1376970.837845966
 10/16  10:00:00,2212609.424297888,276338.62342759006,180000.0,0.0,440896.0722857505,1270492.5739695777
 10/16  11:00:00,1853119.0552578403,265289.7005221294,90000.0,0.0,230357.12290762636,1236870.7627724237
 10/16  12:00:00,1750239.484168524,242947.6302101451,0.0,0.0,230357.12290762636,1252453.5558062233
 10/16  13:00:00,1726322.5636036275,221070.80758229317,0.0,0.0,230357.12290762636,1252453.5558062233
 10/16  14:00:00,1708957.197022567,203705.4410012329,0.0,0.0,230357.12290762636,1252453.5558062233
 10/16  15:00:00,1671751.2790030965,170440.69085642294,0.0,0.0,230357.12290762636,1246472.2899945187
 10/16  16:00:00,1733732.6953615162,145893.70306458144,0.0,0.0,230357.12290762636,1318720.0085854712
 10/16  17:00:00,2312065.494938791,134060.15523836884,135000.0,0.0,505013.6925282578,1462508.0235015342
 10/16  18:00:00,3998456.74534892,184846.25983125894,180000.0,0.0,1711357.5730181958,1822288.1135843073
 10/16  19:00:00,3236803.4114155634,175797.72808178095,180000.0,0.0,1164375.9836039331,1584023.3338219859
 10/16  20:00:00,4583257.856820823,224641.30315046833,180000.0,0.0,2210309.2359962533,1782658.4054030913
 10/16  21:00:00,3745030.8331099423,208263.22300913668,180000.0,0.0,1526465.6717370746,1616091.654974104
 10/16  22:00:00,2839671.893729866,243439.64777732763,180000.0,0.0,747028.5645708856,1483554.7691106433
 10/16  23:00:00,2294591.743895678,261503.28289352183,180000.0,0.0,346468.30429223966,1378093.9866761402
 10/16  24:00:00,2066874.8016719827,285979.53537362587,180000.0,0.0,230357.12290762636,1276693.6382867037
 10/17  01:00:00,1993687.8398390373,298419.5903809459,180000.0,0.0,230357.12290762636,1191066.6214464381
 10/17  02:00:00,1980258.7619955144,309073.08540107403,180000.0,0.0,230357.12290762636,1166984.0485827872
 10/17  03:00:00,1968062.9823467804,320959.87861599086,180000.0,0.0,230357.12290762636,1142901.4757191362
 10/17  04:00:00,1972036.0630272212,330914.2251081372,180000.0,0.0,230357.12290762636,1136920.2099074312
 10/17  05:00:00,1969882.4719502528,339880.9926437871,180000.0,0.0,230357.12290762636,1144160.732728209
 10/17  06:00:00,2384440.585944383,348348.5247426483,180000.0,0.0,555841.4787568636,1228847.1546483291
 10/17  07:00:00,2318813.6237483406,355299.59591033275,180000.0,0.0,444393.39702625095,1269757.300952259
 10/17  08:00:00,2075631.1824891702,351478.5376645713,180000.0,0.0,230357.12290762636,1246472.2899945187
 10/17  09:00:00,2035111.5068105347,324779.6130815452,180000.0,0.0,230357.12290762636,1242852.0285841294
 10/17  10:00:00,1988577.9222552446,296467.881960225,180000.0,0.0,230357.12290762636,1236870.7627724237
 10/17  11:00:00,1801669.8050339129,258840.450298202,45000.0,0.0,230357.12290762636,1236870.7627724237
 10/17  12:00:00,2415540.023489613,210866.92859772165,0.0,0.0,809514.0999344927,1370677.8197128698
 10/17  13:00:00,2599236.9212709987,172118.77971479212,0.0,0.0,993240.2263021137,1411436.8379466084
 10/17  14:00:00,3027671.1924348045,149431.36606795315,0.0,0.0,1380277.4975841579,1475521.251475209
 10/17  15:00:00,1653754.9523132504,152444.3641665766,0.0,0.0,230357.12290762636,1246472.2899945187
 10/17  16:00:00,4586545.065060516,111913.9659622058,0.0,0.0,886921.5541909015,3548947.684103571
 10/17  17:00:00,4562024.716735896,70986.76610834005,90000.0,0.0,2429474.919734278,1896079.4072226463
 10/17  18:00:00,4403642.779755378,153431.40546758485,180000.0,0.0,2082073.9955112382,1888172.579861396
 10/17  19:00:00,10419429.656546619,61618.22865475411,180000.0,0.0,2098394.84430024,7946810.217683762
 10/17  20:00:00,4532831.0665404145,174214.512870061,180000.0,0.0,2210309.2359962533,1782658.4054030913
 10/17  21:00:00,4189542.898790832,177493.14770738047,180000.0,0.0,1958501.854680224,1659337.6130136007
 10/17  22:00:00,3380661.8336648894,211531.22783559255,180000.0,0.0,1263700.0062341448,1539781.687324142
 10/17  23:00:00,2289887.4447479993,256798.98374584387,180000.0,0.0,346468.30429223966,1378093.9866761402
 10/17  24:00:00,2067504.1666497972,286608.9003514403,180000.0,0.0,230357.12290762636,1276693.6382867037
 10/18  01:00:00,2006239.2128632236,310970.9634051321,180000.0,0.0,230357.12290762636,1191066.6214464381
 10/18  02:00:00,2000902.8566474982,329717.1800530577,180000.0,0.0,230357.12290762636,1166984.0485827872
 10/18  03:00:00,1992983.7151986873,345880.6114678978,180000.0,0.0,230357.12290762636,1142901.4757191362
 10/18  04:00:00,2000138.0424437164,359016.2045246323,180000.0,0.0,230357.12290762636,1136920.2099074312
 10/18  05:00:00,2234478.1226223065,368819.31578074064,180000.0,0.0,441595.53723385057,1168579.6459370854
 10/18  06:00:00,4810850.432114865,359363.31725768954,180000.0,0.0,1370951.298276157,2829132.3887844756
 10/18  07:00:00,16898138.304800976,489579.02952456666,180000.0,0.0,1086502.2193821245,15072693.726034787
 10/18  08:00:00,3055695.3514128677,314217.5413930116,180000.0,0.0,1109817.717652127,1384336.8604452752
 10/18  09:00:00,19573135.074707925,365792.16659719514,180000.0,0.0,1100491.518344126,17869728.647529367
 10/18  10:00:00,16274965.047956817,320603.79687038256,90000.0,0.0,1072512.9204201226,14746966.176051345
 10/18  11:00:00,2607198.0152683086,161981.0224776906,0.0,0.0,1030545.023534118,1384070.5002008388
 10/18  12:00:00,2548379.8784746807,111246.36993828532,0.0,0.0,1002566.4256101148,1410085.907681752
 10/18  13:00:00,2493409.3445064714,66291.2029502647,0.0,0.0,993240.2263021137,1411436.8379466084
 10/18  14:00:00,2457149.2994822166,35125.20758669493,0.0,0.0,997903.3259561141,1401679.688631923
 10/18  15:00:00,2476791.618795608,13484.06695131009,0.0,0.0,1021218.8242261169,1417607.5523736528
 10/18  16:00:00,2678770.091688915,3205.358049932136,16253.045861437628,0.0,1105154.6179981267,1515395.208975582
 10/18  17:00:00,2414901.293578551,14950.219994613148,0.0,0.0,230357.12290762636,2094110.327005681
 10/18  18:00:00,6131060.710834929,55083.59663893255,180000.0,0.0,2452790.4180042804,3343221.897276556
 10/18  19:00:00,6238435.3337253155,34102.184295659325,180000.0,0.0,3963634.705900453,1928092.0776213382
 10/18  20:00:00,6625661.541532211,89966.23767342899,180000.0,0.0,4192126.58894648,1977919.8026412926
 10/18  21:00:00,3166804.195087978,105318.72596981941,180000.0,0.0,1094429.4887939251,1572845.696934607
 10/18  22:00:00,2177462.3012786657,154128.41520288555,180000.0,0.0,230357.12290762636,1427327.8508971448
 10/18  23:00:00,2093351.4200101367,192147.4719417643,180000.0,0.0,230357.12290762636,1362320.6551269703
 10/18  24:00:00,2002317.9623863772,221422.69608802034,180000.0,0.0,230357.12290762636,1276693.6382867037
 10/19  01:00:00,1939533.221655438,244264.9721973466,180000.0,0.0,230357.12290762636,1191066.6214464381
 10/19  02:00:00,1933867.9289194415,262682.2523250011,180000.0,0.0,230357.12290762636,1166984.0485827872
 10/19  03:00:00,1924278.6676807636,277175.5639499743,180000.0,0.0,230357.12290762636,1142901.4757191362
 10/19  04:00:00,1928856.7061703587,287734.8682512745,180000.0,0.0,230357.12290762636,1136920.2099074312
 10/19  05:00:00,1925770.5766380336,295769.09733156767,180000.0,0.0,230357.12290762636,1144160.732728209
 10/19  06:00:00,3028162.1640852722,298529.0302763744,180000.0,0.0,555841.4787568636,1922388.227255492
 10/19  07:00:00,4363213.80170005,269766.4858285904,180000.0,0.0,1086502.2193821245,2757581.766629837
 10/19  08:00:00,3013952.552777233,272474.74275737704,180000.0,0.0,1109817.717652127,1384336.8604452752
 10/19  09:00:00,1876095.9726895867,255764.07896059693,90000.0,0.0,230357.12290762636,1242852.0285841294
 10/19  10:00:00,1730169.2427397675,218059.20244474814,0.0,0.0,230357.12290762636,1236870.7627724237
 10/19  11:00:00,1898458.7787820336,163782.51453259596,0.0,0.0,430404.09806424926,1273670.6971295276
 10/19  12:00:00,2523607.633452246,86474.12491585039,0.0,0.0,1002566.4256101148,1410085.907681752
 10/19  13:00:00,2680160.895275002,22094.495889394748,0.0,0.0,1184427.3121161356,1451198.0099619871
 10/19  14:00:00,2512706.6472786516,11449.75033521801,79232.80504791182,0.0,997903.3259561141,1401679.688631923
 10/19  15:00:00,2728893.0815606257,33593.02829925126,231992.50141707633,0.0,1021218.8242261169,1417607.5523736528
 10/19  16:00:00,2886513.348414171,28957.600281907657,198244.0603547179,0.0,1105154.6179981267,1515395.208975582
 10/19  17:00:00,3832592.5424757227,13646.87880424644,92031.01042201617,0.0,1879229.1605622154,1772201.8690166143
 10/19  18:00:00,6779708.991650628,11766.617030023413,0.0,0.0,3194223.2629903653,3473754.3127150806
 10/19  19:00:00,6899054.377698501,21300.22555752155,141840.82222983032,0.0,3963634.705900453,2639672.258102832
 10/19  20:00:00,6380421.425613407,24726.121754625285,0.0,0.0,4192126.58894648,1977919.8026412926
 10/19  21:00:00,5744224.799891271,9242.650936762919,0.0,0.0,3688511.8263144223,1832260.0392504584
 10/19  22:00:00,2754664.4458988546,53068.23674081909,0.0,0.0,1004664.820454415,1511282.4764326108
 10/19  23:00:00,1825948.5192077407,104744.57113936835,0.0,0.0,230357.12290762636,1362320.6551269703
 10/19  24:00:00,1737981.4010408921,137086.13474253513,0.0,0.0,230357.12290762636,1276693.6382867037
 10/20  01:00:00,1677495.0854532048,162226.83599511333,0.0,0.0,230357.12290762636,1191066.6214464381
 10/20  02:00:00,1853356.102374957,184210.52371756086,180000.0,0.0,230357.12290762636,1166984.0485827872
 10/20  03:00:00,1849807.1244169646,204744.1186232195,180000.0,0.0,230357.12290762636,1142901.4757191362
 10/20  04:00:00,1863718.8908287445,222597.05290966042,180000.0,0.0,230357.12290762636,1136920.2099074312
 10/20  05:00:00,1884305.0017867796,237982.73898396158,180000.0,0.0,230357.12290762636,1144160.732728209
 10/20  06:00:00,1943471.0106529603,251023.70005988432,180000.0,0.0,230357.12290762636,1192325.878455511
 10/20  07:00:00,1977064.6006679588,246192.69956910235,180000.0,0.0,230357.12290762636,1236870.7627724237
 10/20  08:00:00,1957976.7462582735,227703.80762254258,180000.0,0.0,230357.12290762636,1246472.2899945187
 10/20  09:00:00,2903665.1458786004,184999.85157718643,180000.0,0.0,1100491.518344126,1376970.837845966
 10/20  10:00:00,3579777.4184669214,113098.9574879908,0.0,0.0,1911870.8581402185,1505845.252349655
 10/20  11:00:00,2512245.6526496164,64988.56192195475,0.0,0.0,1030545.023534118,1384070.5002008388
 10/20  12:00:00,3455717.654190565,22174.83342031039,64702.417794241876,0.0,1776640.9681742033,1567718.2595572807
 10/20  13:00:00,3316806.2393259425,53266.34568431361,374525.2364266212,0.0,1375614.3979301574,1490959.1819773659
 10/20  14:00:00,3328068.989126443,113281.58630421691,792763.3109267042,0.0,997903.3259561141,1401679.688631923
 10/20  15:00:00,3533634.777115397,165788.04255717454,1145038.4236383303,0.0,823503.3988964942,1374823.7367788693
 10/20  16:00:00,4207534.052909314,199519.65199006596,1348702.7131417023,0.0,1105154.6179981267,1515395.208975582
 10/20  17:00:00,4167246.54767326,145427.11929844817,966987.9745664024,0.0,1328983.401390152,1648324.3308105823
 10/20  18:00:00,5312771.6431231005,37255.33449753248,334143.2547345568,0.0,2823506.840497323,2019941.512415574
 10/20  19:00:00,6645894.668096803,61538.95525112496,570223.0531012435,0.0,3963634.705900453,1928092.0776213382
 10/20  20:00:00,6551103.730866651,21965.312000534414,189763.89850368656,0.0,4192126.58894648,1977919.8026412926
 10/20  21:00:00,7349313.686186031,16207.845631727025,223239.52602103495,0.0,3688511.8263144223,3221424.8903885297
 10/20  22:00:00,5033410.502199985,30711.634019081757,190811.92454471995,0.0,2294245.0297682625,2344233.5892191753
 10/20  23:00:00,2512439.642363877,91858.0343085482,180000.0,0.0,694801.8484460795,1425413.9813236496
 10/20  24:00:00,2132094.4216588354,129749.51760181296,180000.0,0.0,402891.81010564615,1325608.5888473496
 10/21  01:00:00,1915637.9636707501,158808.1627936097,180000.0,0.0,273374.2172157813,1209611.0785573323
 10/21  02:00:00,1758442.8949404443,179297.31628304813,90000.0,0.0,230357.12290762636,1166984.0485827872
 10/21  03:00:00,1657261.2876688186,192198.28187507341,0.0,0.0,230357.12290762636,1142901.4757191362
 10/21  04:00:00,1659653.4129810487,198531.57506196492,0.0,0.0,230357.12290762636,1136920.2099074312
 10/21  05:00:00,1667910.2241897653,201587.96138694708,0.0,0.0,230357.12290762636,1144160.732728209
 10/21  06:00:00,1717836.4263515114,205389.11575843516,0.0,0.0,230357.12290762636,1192325.878455511
 10/21  07:00:00,1759367.4388493584,208495.53775050188,0.0,0.0,230357.12290762636,1236870.7627724237
 10/21  08:00:00,1758646.5266458457,208373.5880101145,0.0,0.0,230357.12290762636,1246472.2899945187
 10/21  09:00:00,2744022.094824081,205356.80052266672,0.0,0.0,1100491.518344126,1376970.837845966
 10/21  10:00:00,2690965.552053187,198132.27358296743,0.0,0.0,1072512.9204201226,1371358.0075610394
 10/21  11:00:00,3565038.8233912573,170133.2678073461,0.0,0.0,1832598.1640222098,1529665.824568996
 10/21  12:00:00,3506605.9678295236,137765.56485351047,0.0,0.0,1776640.9681742033,1567718.2595572807
 10/21  13:00:00,4612337.705178031,101078.28145614924,0.0,0.0,1757988.5695582011,2730829.7768561956
 10/21  14:00:00,25513888.550870296,84950.25592981049,0.0,0.0,1762651.6692122016,23643845.548420798
 10/21  15:00:00,3448336.8806522037,24225.811842423343,0.0,0.0,1809282.665752207,1590347.2278130443
 10/21  16:00:00,3738850.1654509357,6139.13641004923,0.0,0.0,1981817.3529502265,1712131.8152868228
 10/21  17:00:00,3082047.7722772006,27216.318468791967,0.0,0.0,1328983.401390152,1648324.3308105823
 10/21  18:00:00,3718339.71296305,86769.32538243262,0.0,0.0,1711357.5730181958,1822288.1135843073
 10/21  19:00:00,4006560.595123105,87067.42815216171,0.0,0.0,2098394.84430024,1698692.44644806
 10/21  20:00:00,3216103.385162456,142185.87372143124,0.0,0.0,1220333.1794519399,1684256.203214427
 10/21  21:00:00,3016284.4675657926,149079.68400694212,0.0,0.0,1094429.4887939251,1572845.6969346073
 10/21  22:00:00,3271190.78771384,159300.76950680788,135000.0,0.0,1263700.0062341448,1539781.687324142
 10/21  23:00:00,2993504.6457836805,179321.83933045453,180000.0,0.0,1041036.9977556192,1472780.0304120067
 10/21  24:00:00,2312810.00921889,201444.40978289902,180000.0,0.0,488226.5337738559,1349294.5605581086
 10/22  01:00:00,1923979.7091102614,228711.45965217028,180000.0,0.0,230357.12290762636,1191066.6214464381
 10/22  02:00:00,1921355.8322874955,250170.15569305499,180000.0,0.0,230357.12290762636,1166984.0485827872
 10/22  03:00:00,1915173.9722591415,268070.86852835194,180000.0,0.0,230357.12290762636,1142901.4757191362
 10/22  04:00:00,1945458.7577286186,290118.25117319706,180000.0,0.0,236302.57496647703,1145193.4264849175
 10/22  05:00:00,2170996.69840236,305337.891560794,180000.0,0.0,441595.53723385057,1168579.6459370854
 10/22  06:00:00,2348981.911793539,312889.85059180413,180000.0,0.0,555841.4787568636,1228847.1546483291
 10/22  07:00:00,2284058.546640264,320544.5188022559,180000.0,0.0,444393.3970262509,1269757.300952259
 10/22  08:00:00,3038796.730651683,297318.92063182674,180000.0,0.0,1109817.717652127,1384336.8604452752
 10/22  09:00:00,3013587.0486349408,299001.9502076151,180000.0,0.0,1100491.518344126,1376970.837845966
 10/22  10:00:00,2965876.3706175955,297123.28802146413,180000.0,0.0,1072512.9204201226,1371358.0075610394
 10/22  11:00:00,2686279.339016917,297909.25574002566,180000.0,0.0,830498.048377495,1347270.565843735
 10/22  12:00:00,1992270.151774629,304978.2978162505,180000.0,0.0,230357.12290762636,1252453.5558062233
 10/22  13:00:00,1987486.7582114267,302235.0021900923,180000.0,0.0,230357.12290762636,1252453.5558062233
 10/22  14:00:00,1986113.4666568586,300861.7106355242,180000.0,0.0,230357.12290762636,1252453.5558062233
 10/22  15:00:00,4275600.725580796,271084.9727644808,180000.0,0.0,428072.548237249,3371962.0293345368
 10/22  16:00:00,3353133.7855368773,245472.26244349685,180000.0,0.0,1324320.3017361518,1564579.3605533922
 10/22  17:00:00,4150580.183223068,243665.52997360833,180000.0,0.0,1879229.1605622154,1772201.8690166143
 10/22  18:00:00,5819929.348877121,259915.30827893355,180000.0,0.0,3194223.2629903653,2085825.9786926627
 10/22  19:00:00,5381991.453430496,224978.05038758746,180000.0,0.0,3031014.7751003467,1813392.262034699
 10/22  20:00:00,6262820.377512033,271394.7612003584,180000.0,0.0,3696672.250708923,1929104.4533317424
 10/22  21:00:00,6141989.188979899,227007.0400253912,180000.0,0.0,3688511.8263144223,1832260.0392504584
 10/22  22:00:00,3995662.6220858986,255804.08984560813,180000.0,0.0,1778972.5180012037,1595237.101968077
 10/22  23:00:00,2721474.111676081,292732.1118725757,180000.0,0.0,694801.8484460795,1425413.9813236496
 10/22  24:00:00,2319207.946396946,316863.04233992356,180000.0,0.0,402891.81010564615,1325608.5888473496
 10/23  01:00:00,2033165.1319713907,337896.8825132992,180000.0,0.0,230357.12290762636,1191066.6214464381
 10/23  02:00:00,2026661.5222705293,355475.84567608905,180000.0,0.0,230357.12290762636,1166984.0485827872
 10/23  03:00:00,2016376.1269287718,369273.0231979822,180000.0,0.0,230357.12290762636,1142901.4757191362
 10/23  04:00:00,2034730.8224724922,384129.8721291832,180000.0,0.0,234320.75761352683,1142435.6876257556
 10/23  05:00:00,2257313.650749425,391654.8439078586,180000.0,0.0,441595.53723385057,1168579.6459370854
 10/23  06:00:00,2797770.835965277,399673.1427214873,180000.0,0.0,881325.8346061008,1265368.4308411472
 10/23  07:00:00,3097347.200311861,393064.73557847284,180000.0,0.0,1086502.2193821245,1368416.9154917654
 10/23  08:00:00,3104699.715240202,363221.90522034554,180000.0,0.0,1109817.717652127,1384336.8604452752
 10/23  09:00:00,3033146.8632516786,318561.7648243534,180000.0,0.0,1100491.518344126,1376970.837845966
 10/23  10:00:00,2203807.646336752,267536.8454664545,180000.0,0.0,440896.0722857505,1270492.5739695777
 10/23  11:00:00,2043775.0594716903,219098.79522225258,90000.0,0.0,430404.09806424926,1273670.6971295276
 10/23  12:00:00,2579183.822760313,142050.31422391717,0.0,0.0,1002566.4256101148,1410085.907681752
 10/23  13:00:00,2055907.3302241948,89722.38143542444,0.0,0.0,611798.67460487,1331945.196876416
 10/23  14:00:00,1558920.3320258409,53668.57600450655,0.0,0.0,230357.12290762636,1252453.5558062233
 10/23  15:00:00,1767785.586551535,25975.757480455228,0.0,0.0,428072.548237249,1289256.1055893023
 10/23  16:00:00,2663775.8219383517,4464.13416080633,0.0,0.0,1105154.6179981267,1515395.208975582
 10/23  17:00:00,5963332.935525784,18796.07729849241,134916.281232597,0.0,1879229.1605622154,3854907.7927618492
 10/23  18:00:00,5615924.900715594,55910.860117406846,180000.0,0.0,3194223.2629903653,2085825.9786926627
 10/23  19:00:00,6234252.7210868485,29919.57165719288,180000.0,0.0,3963634.705900453,1928092.0776213382
 10/23  20:00:00,8014857.981953116,91234.34407191558,180000.0,0.0,4192126.58894648,3365848.1366637102
 10/23  21:00:00,4292862.68379939,103051.34224306727,180000.0,0.0,1958501.854680224,1837099.2034864721
 10/23  22:00:00,2759555.4059794103,163323.16002687166,180000.0,0.0,747028.5645708856,1483554.7691106433
 10/23  23:00:00,2121996.497174031,220792.54910565866,180000.0,0.0,230357.12290762636,1362320.6551269703
 10/23  24:00:00,2037622.2315193343,256726.9652209772,180000.0,0.0,230357.12290762636,1276693.6382867037
 10/24  01:00:00,1978288.1111786957,283019.8617206042,180000.0,0.0,230357.12290762636,1191066.6214464381
 10/24  02:00:00,1993072.47882355,309504.9165276049,180000.0,0.0,230357.12290762636,1179365.9342842922
 10/24  03:00:00,1981600.02169052,334178.46642923995,180000.0,0.0,230357.12290762636,1143219.9272496272
 10/24  04:00:00,1987816.898199141,346695.060280057,180000.0,0.0,230357.12290762636,1136920.2099074312
 10/24  05:00:00,1991745.6615226162,361744.1822161505,180000.0,0.0,230357.12290762636,1144160.732728209
 10/24  06:00:00,2409987.821561216,373895.7603594807,180000.0,0.0,555841.4787568636,1228847.1546483291
 10/24  07:00:00,2580264.119905712,369827.2797692438,180000.0,0.0,658429.6711448755,1302643.8391320945
 10/24  08:00:00,2081274.5024385331,357121.8576139339,180000.0,0.0,230357.12290762636,1246472.2899945187
 10/24  09:00:00,2035553.6776670339,325221.78393804416,180000.0,0.0,230357.12290762636,1242852.0285841294
 10/24  10:00:00,1965922.4052114093,273812.36491639,180000.0,0.0,230357.12290762636,1236870.7627724237
 10/24  11:00:00,1901321.2228294853,223491.86809377448,180000.0,0.0,230357.12290762636,1236870.7627724237
 10/24  12:00:00,1858914.9866998293,171623.13274145065,180000.0,0.0,230357.12290762636,1252453.5558062233
 10/24  13:00:00,1806961.4088276406,121709.65280630617,180000.0,0.0,230357.12290762636,1252453.5558062233
 10/24  14:00:00,2855550.593604183,86996.00960050616,180000.0,0.0,422243.6736697483,2143869.833026444
 10/24  15:00:00,4921932.504150232,54237.86026502398,180000.0,0.0,1415250.7449891618,3247962.7236515176
 10/24  16:00:00,6026772.894776158,31355.94199003721,180000.0,0.0,1981817.3529502265,3794837.739032057
 10/24  17:00:00,4643334.271281598,62296.32065404241,180000.0,0.0,2429474.919734278,1896079.4072226463
 10/24  18:00:00,5699873.257522042,139859.2169238553,180000.0,0.0,3194223.2629903653,2085825.9786926627
 10/24  19:00:00,6315793.789623816,111460.64019416035,180000.0,0.0,3963634.705900453,1928092.0776213382
 10/24  20:00:00,6180020.351009641,188594.73469796567,180000.0,0.0,3696672.250708923,1929104.4533317422
 10/24  21:00:00,2801917.1721545532,215713.84401904102,180000.0,0.0,662393.3058507758,1529599.7388951106
 10/24  22:00:00,2287424.2626339,264090.37655811955,180000.0,0.0,230357.12290762636,1427327.8508971448
 10/24  23:00:00,2206077.653944739,304873.705876367,180000.0,0.0,230357.12290762636,1362320.6551269703
 10/24  24:00:00,2109813.22249972,328917.95620136237,180000.0,0.0,230357.12290762636,1276693.6382867037
 10/25  01:00:00,2047282.6772835518,352014.42782546056,180000.0,0.0,230357.12290762636,1191066.6214464381
 10/25  02:00:00,2043436.076928005,372250.40033356484,180000.0,0.0,230357.12290762636,1166984.0485827872
 10/25  03:00:00,2036289.251733883,389186.14800309355,180000.0,0.0,230357.12290762636,1142901.4757191362
 10/25  04:00:00,2041907.3287026188,400785.49078353477,180000.0,0.0,230357.12290762636,1136920.2099074312
 10/25  05:00:00,2039028.002567975,409026.52326150937,180000.0,0.0,230357.12290762636,1144160.732728209
 10/25  06:00:00,2449481.9702457497,413389.90904401493,180000.0,0.0,555841.4787568636,1228847.1546483291
 10/25  07:00:00,3111369.3581728903,407086.8934395021,180000.0,0.0,1086502.2193821245,1368416.9154917654
 10/25  08:00:00,3128460.3092475794,386982.4992277234,180000.0,0.0,1109817.717652127,1384336.8604452752
 10/25  09:00:00,2081888.2277174245,371556.333988435,180000.0,0.0,230357.12290762636,1242852.0285841294
 10/25  10:00:00,2021663.2986120381,329553.25831701845,180000.0,0.0,230357.12290762636,1236870.7627724237
 10/25  11:00:00,1957287.6865741569,279458.33183844597,180000.0,0.0,230357.12290762636,1236870.7627724237
 10/25  12:00:00,1906903.4095392206,219611.55558084205,180000.0,0.0,230357.12290762636,1252453.5558062233
 10/25  13:00:00,1844110.3953596088,158858.63933827466,180000.0,0.0,230357.12290762636,1252453.5558062233
 10/25  14:00:00,1790576.4773554236,105324.72133408945,180000.0,0.0,230357.12290762636,1252453.5558062233
 10/25  15:00:00,1750357.1917409068,69046.6035942332,180000.0,0.0,230357.12290762636,1246472.2899945187
 10/25  16:00:00,2351215.8680430744,47640.528005834,180000.0,0.0,667755.8704528764,1417057.6087805266
 10/25  17:00:00,4620115.131922412,39077.18129485632,180000.0,0.0,2429474.919734278,1896079.4072226463
 10/25  18:00:00,5682042.92057306,122028.87997487403,180000.0,0.0,3194223.2629903653,2085825.9786926627
 10/25  19:00:00,6294525.1514574485,90192.00202779299,180000.0,0.0,3963634.705900453,1928092.0776213382
 10/25  20:00:00,4551068.761661004,192452.20799064933,180000.0,0.0,2210309.2359962533,1782658.4054030913
 10/25  21:00:00,4211537.247794583,199487.4967111316,180000.0,0.0,1958501.854680224,1659337.6130136007
 10/25  22:00:00,2281981.108035871,258647.2219600901,180000.0,0.0,230357.12290762636,1427327.8508971448
 10/25  23:00:00,2212635.471479992,311431.5234116192,180000.0,0.0,230357.12290762636,1362320.6551269703
 10/25  24:00:00,2126916.249183549,346020.9828851922,180000.0,0.0,230357.12290762636,1276693.6382867037
 10/26  01:00:00,2068086.3273980897,372818.0779399986,180000.0,0.0,230357.12290762636,1191066.6214464381
 10/26  02:00:00,2063425.8162961288,392240.13970168843,180000.0,0.0,230357.12290762636,1166984.0485827872
 10/26  03:00:00,2051026.4169576888,403923.3132268994,180000.0,0.0,230357.12290762636,1142901.4757191362
 10/26  04:00:00,2050171.8538298334,409050.01591074927,180000.0,0.0,230357.12290762636,1136920.2099074312
 10/26  05:00:00,2284469.143060684,418810.3362191182,180000.0,0.0,441595.53723385057,1168579.6459370854
 10/26  06:00:00,2462356.749608961,426264.6884072262,180000.0,0.0,555841.4787568636,1228847.1546483291
 10/26  07:00:00,2149853.1062692003,433261.89072965237,180000.0,0.0,230357.12290762636,1236870.7627724237
 10/26  08:00:00,2130859.139810306,406706.4949857071,180000.0,0.0,230357.12290762636,1246472.2899945187
 10/26  09:00:00,2081229.6380281164,370897.7442991268,180000.0,0.0,230357.12290762636,1242852.0285841294
 10/26  10:00:00,2015995.2306046751,323885.19030965556,180000.0,0.0,230357.12290762636,1236870.7627724237
 10/26  11:00:00,1969852.49936296,292023.1446272491,180000.0,0.0,230357.12290762636,1236870.7627724237
 10/26  12:00:00,1962738.8322107657,275446.9782523871,180000.0,0.0,230357.12290762636,1252453.5558062233
 10/26  13:00:00,1950841.9421541654,265590.18613283115,180000.0,0.0,230357.12290762636,1252453.5558062233
 10/26  14:00:00,1942548.8663851866,257297.11036385217,180000.0,0.0,230357.12290762636,1252453.5558062233
 10/26  15:00:00,1938753.7611856593,257443.17303898564,180000.0,0.0,230357.12290762636,1246472.2899945187
 10/26  16:00:00,2034078.4285336942,266239.4362367595,180000.0,0.0,230357.12290762636,1318720.0085854712
 10/26  17:00:00,2497947.7528789975,274942.4131785751,180000.0,0.0,505013.6925282578,1462508.0235015342
 10/26  18:00:00,4120401.8272967907,306791.34177912894,180000.0,0.0,1711357.5730181958,1822288.1135843073
 10/26  19:00:00,4372572.299700889,262878.64304472494,180000.0,0.0,2098394.84430024,1698692.44644806
 10/26  20:00:00,5739724.001801566,292568.0730369985,180000.0,0.0,3201217.9124713666,1880289.1040221918
 10/26  21:00:00,5211691.759109792,248175.80909081298,180000.0,0.0,2823506.840497323,1745798.8261320295
 10/26  22:00:00,2317662.6932515865,294328.8071758061,180000.0,0.0,230357.12290762636,1427327.8508971448
 10/26  23:00:00,2219148.575082352,317944.6270139796,180000.0,0.0,230357.12290762636,1362320.6551269703
 10/26  24:00:00,2109553.7545907507,328658.48829239403,180000.0,0.0,230357.12290762636,1276693.6382867037
 10/27  01:00:00,2026309.0237355803,331040.7742774892,180000.0,0.0,230357.12290762636,1191066.6214464381
 10/27  02:00:00,2001341.7316670737,332196.15300967736,180000.0,0.0,230357.12290762636,1166984.0485827872
 10/27  03:00:00,1982903.3631287008,337840.3573349557,180000.0,0.0,230357.12290762636,1142901.4757191362
 10/27  04:00:00,1987909.6978357432,346787.8599166591,180000.0,0.0,230357.12290762636,1136920.2099074312
 10/27  05:00:00,2001718.1435316023,355395.8807287845,180000.0,0.0,230357.12290762636,1144160.732728209
 10/27  06:00:00,2055663.0297559847,363215.71916290856,180000.0,0.0,230357.12290762636,1192325.878455511
 10/27  07:00:00,2094993.737176708,364121.8360778515,180000.0,0.0,230357.12290762636,1236870.7627724237
 10/27  08:00:00,2582014.7721243505,343079.25089099107,180000.0,0.0,670087.4202798767,1315404.575219897
 10/27  09:00:00,3323943.218755182,315190.8617417497,180000.0,0.0,1100491.518344126,1667057.9005579841
 10/27  10:00:00,10957862.669599794,310630.0615763681,180000.0,0.0,1282352.4048501467,9135917.852684226
 10/27  11:00:00,3762607.449441807,187701.89385789575,180000.0,0.0,1832598.1640222098,1529665.824568996
 10/27  12:00:00,3629342.025538967,125501.62256295419,135000.0,0.0,1776640.9681742033,1567718.2595572807
 10/27  13:00:00,3419384.651306669,68473.47843286017,0.0,0.0,1757988.5695582011,1570481.5260081233
 10/27  14:00:00,3354806.8629409084,20351.302102728387,0.0,0.0,1762651.6692122016,1549362.8143184946
 10/27  15:00:00,3561813.2226512185,18505.97860731188,119196.17523412664,0.0,1809282.665752207,1590347.2278130443
 10/27  16:00:00,4047711.741283017,42564.71013564866,272436.00210648176,0.0,1981817.3529502265,1712131.8152868228
 10/27  17:00:00,6266294.8336231755,28602.05888145811,268924.8016818299,0.0,2429474.919734278,3461769.3317179354
 10/27  18:00:00,9262311.507222245,29485.72927415657,206455.9870464215,0.0,3194223.2629903653,5734221.8269331865
 10/27  19:00:00,6222664.623342533,28531.963598097373,180000.0,0.0,3963634.705900453,1928092.0776213382
 10/27  20:00:00,6615088.700012186,95714.17964975508,180000.0,0.0,4192126.58894648,1977919.8026412926
 10/27  21:00:00,5975622.310950749,74920.84755554954,180000.0,0.0,3688511.8263144223,1832260.0392504584
 10/27  22:00:00,4412975.258158429,114629.38712940842,180000.0,0.0,2294245.0297682625,1650692.516612012
 10/27  23:00:00,2595798.5025523603,175901.00796484874,180000.0,0.0,694102.3834979795,1425429.332803932
 10/27  24:00:00,2015026.2209927342,234130.95469437732,180000.0,0.0,230357.12290762636,1276693.6382867037
 10/28  01:00:00,1961507.016326074,266238.76686798246,180000.0,0.0,230357.12290762636,1191066.6214464381
 10/28  02:00:00,1975119.9626186276,293592.4982597264,180000.0,0.0,230357.12290762636,1179365.9342842922
 10/28  03:00:00,1962108.5899354215,316408.68108069454,180000.0,0.0,230357.12290762636,1143538.378780118
 10/28  04:00:00,1974800.5914764777,333678.7535573933,180000.0,0.0,230357.12290762636,1136920.2099074312
 10/28  05:00:00,1993538.0582810205,347215.7954782025,180000.0,0.0,230357.12290762636,1144160.732728209
 10/28  06:00:00,2051324.167174636,358876.85658155987,180000.0,0.0,230357.12290762636,1192325.878455511
 10/28  07:00:00,2094334.5418506942,363462.6407518377,180000.0,0.0,230357.12290762636,1236870.7627724237
 10/28  08:00:00,2080714.3805539545,350441.4419182232,180000.0,0.0,230357.12290762636,1246472.2899945187
 10/28  09:00:00,3052205.1970617194,333539.9027603055,180000.0,0.0,1100491.518344126,1376970.837845966
 10/28  10:00:00,3265472.6031919457,302552.2620097081,180000.0,0.0,1072512.9204201226,1661445.0702730576
 10/28  11:00:00,10676803.278002108,318608.15334841295,180000.0,0.0,1030545.023534118,9115008.53412687
 10/28  12:00:00,2862360.0720602153,245226.56352382002,180000.0,0.0,1002566.4256101148,1410085.907681752
 10/28  13:00:00,3300106.610020385,231091.95280537763,180000.0,0.0,1375614.3979301574,1490959.1819773659
 10/28  14:00:00,3732739.7071357775,218284.14629759663,180000.0,0.0,1762651.6692122016,1549362.8143184946
 10/28  15:00:00,3813950.6126245838,209839.54381480347,180000.0,0.0,1809282.665752207,1590347.2278130443
 10/28  16:00:00,4087618.9517740887,174907.92273320255,180000.0,0.0,1981817.3529502265,1712131.8152868228
 10/28  17:00:00,4755079.4682319965,172001.41966739797,180000.0,0.0,2429474.919734278,1896079.4072226463
 10/28  18:00:00,5790799.424450011,232825.48178886782,180000.0,0.0,3194223.2629903653,2085825.9786926627
 10/28  19:00:00,5856352.090981612,185879.30443055002,180000.0,0.0,3497324.7405004,1870742.1698280186
 10/28  20:00:00,4612838.477627774,270542.7074537719,180000.0,0.0,2210309.2359962533,1782658.4054030913
 10/28  21:00:00,5191579.891082276,242344.6266226047,180000.0,0.0,2823506.8404973233,1745798.8261320295
 10/28  22:00:00,4559157.025925269,260811.15489624918,180000.0,0.0,2294245.0297682625,1650692.516612012
 10/28  23:00:00,2976650.1795154293,293667.77252816915,180000.0,0.0,925625.281319106,1456991.3473825543
 10/28  24:00:00,2348659.6345236395,346314.7304666172,180000.0,0.0,402891.81010564615,1325608.5888473496
 10/29  01:00:00,2161113.850550104,383763.53253328084,180000.0,0.0,287713.2486518329,1215792.5642609636
 10/29  02:00:00,2090607.855588415,413231.2361432221,180000.0,0.0,230357.12290762636,1173174.9914335397
 10/29  03:00:00,2078647.3772269683,431544.273496179,180000.0,0.0,230357.12290762636,1142901.4757191362
 10/29  04:00:00,2085438.001004997,444316.16308591294,180000.0,0.0,230357.12290762636,1136920.2099074312
 10/29  05:00:00,2088426.8502201044,458425.3709136388,180000.0,0.0,230357.12290762636,1144160.732728209
 10/29  06:00:00,3052039.50738939,472843.08846367104,180000.0,0.0,1044534.3224961195,1283258.668633057
 10/29  07:00:00,3178355.2489063446,474072.7841729563,180000.0,0.0,1086502.2193821245,1368416.9154917654
 10/29  08:00:00,3198958.6653519124,457480.85533205594,180000.0,0.0,1109817.717652127,1384336.8604452752
 10/29  09:00:00,2413923.214929356,452528.0200257823,180000.0,0.0,447890.7217667513,1276381.7308995884
 10/29  10:00:00,2116822.9684986128,424712.92820359324,180000.0,0.0,230357.12290762636,1236870.7627724237
 10/29  11:00:00,2044485.026903615,366655.6721679043,180000.0,0.0,230357.12290762636,1236870.7627724237
 10/29  12:00:00,1995399.7138321274,308107.85987374885,180000.0,0.0,230357.12290762636,1252453.5558062233
 10/29  13:00:00,2841475.241566104,234357.10000989703,180000.0,0.0,993240.2263021137,1411436.8379466084
 10/29  14:00:00,2804526.899117623,202502.80722210114,180000.0,0.0,997903.3259561141,1401679.688631923
 10/29  15:00:00,2849899.0576830627,206591.50583876445,180000.0,0.0,1021218.8242261169,1417607.5523736528
 10/29  16:00:00,3371004.8399199843,211401.99813726556,180000.0,0.0,1105154.6179981267,1835686.3629807555
 10/29  17:00:00,4864193.767712032,226281.15875201178,180000.0,0.0,1328983.401390152,3053445.583899239
 10/29  18:00:00,5961410.506643599,322034.2812177347,180000.0,0.0,2082073.995511238,3277337.4309994676
 10/29  19:00:00,6480597.8446821235,276264.69525246735,180000.0,0.0,3963634.705900453,1928092.0776213382
 10/29  20:00:00,6891979.073365573,356283.7695067902,180000.0,0.0,4192126.58894648,1977919.8026412926
 10/29  21:00:00,3414065.518418831,352580.0493006717,180000.0,0.0,1094429.4887939251,1572845.696934607
 10/29  22:00:00,2426585.9938140507,403252.1077382703,180000.0,0.0,230357.12290762636,1427327.8508971448
 10/29  23:00:00,2335202.270799327,433998.32273095497,180000.0,0.0,230357.12290762636,1362320.6551269703
 10/29  24:00:00,2239381.0793729303,458485.8130745733,180000.0,0.0,230357.12290762636,1276693.6382867037
 10/30  01:00:00,2171176.0221213885,475907.7726632969,180000.0,0.0,230357.12290762636,1191066.6214464381
 10/30  02:00:00,2155026.78265151,483841.1060570695,180000.0,0.0,230357.12290762636,1166984.0485827872
 10/30  03:00:00,2135157.884518131,488054.7807873419,180000.0,0.0,230357.12290762636,1142901.4757191362
 10/30  04:00:00,2152585.611791872,492505.5490243378,180000.0,0.0,238284.39231942728,1147951.1653440797
 10/30  05:00:00,2594108.9655503985,494397.2442339894,180000.0,0.0,652833.9515600747,1191394.1460857044
 10/30  06:00:00,2887135.9321473767,489038.2389035865,180000.0,0.0,881325.8346061008,1265368.4308411472
 10/30  07:00:00,2453035.2518216595,489521.2239836514,180000.0,0.0,444393.39702625095,1269757.300952259
 10/30  08:00:00,2215661.8269659895,491509.18214139045,180000.0,0.0,230357.12290762636,1246472.2899945187
 10/30  09:00:00,2181393.0578746265,471061.1641456368,180000.0,0.0,230357.12290762636,1242852.0285841294
 10/30  10:00:00,2135122.07831331,443012.03801829077,180000.0,0.0,230357.12290762636,1236870.7627724237
 10/30  11:00:00,2103560.6562329847,425731.3014972741,180000.0,0.0,230357.12290762636,1236870.7627724237
 10/30  12:00:00,2093669.468909913,406377.61495153455,180000.0,0.0,230357.12290762636,1252453.5558062233
 10/30  13:00:00,2076992.4393319483,391740.683310614,180000.0,0.0,230357.12290762636,1252453.5558062233
 10/30  14:00:00,2067403.885047913,382152.12902657886,180000.0,0.0,230357.12290762636,1252453.5558062233
 10/30  15:00:00,2061680.45779514,380369.8696484663,180000.0,0.0,230357.12290762636,1246472.2899945187
 10/30  16:00:00,2391294.129081572,355586.96291448455,180000.0,0.0,449056.49668025144,1367888.8086829989
 10/30  17:00:00,3887078.4966219664,333995.9867454283,180000.0,0.0,1328983.401390152,1968615.4848157559
 10/30  18:00:00,8057792.665166217,362504.26453354064,180000.0,0.0,3194223.2629903653,4221100.338727152
 10/30  19:00:00,14397831.970483754,360928.2573222391,180000.0,0.0,3963634.705900453,9760662.641353197
 10/30  20:00:00,6991061.244713303,397348.5283121164,180000.0,0.0,4192126.58894648,2035937.2151836962
 10/30  21:00:00,6264711.533735807,349729.3847812997,180000.0,0.0,3688511.8263144223,1832260.0392504584
 10/30  22:00:00,2723790.526437481,414007.460423321,180000.0,0.0,488692.84373925603,1455441.310003894
 10/30  23:00:00,2360474.360741973,459270.4126736007,180000.0,0.0,230357.12290762636,1362320.6551269703
 10/30  24:00:00,2260828.7639668724,479933.4976685158,180000.0,0.0,230357.12290762636,1276693.6382867037
 10/31  01:00:00,2189103.4394371537,493835.1899790621,180000.0,0.0,230357.12290762636,1191066.6214464381
 10/31  02:00:00,2174112.3912105113,502926.714616071,180000.0,0.0,230357.12290762636,1166984.0485827872
 10/31  03:00:00,2843297.201380142,502653.02504218975,180000.0,0.0,230357.12290762636,1836442.5483262993
 10/31  04:00:00,3535076.6478980747,485831.73399247014,180000.0,0.0,238284.39231942728,2537116.016482151
 10/31  05:00:00,2608877.6149538313,509165.893637422,180000.0,0.0,652833.9515600747,1191394.1460857044
 10/31  06:00:00,2917110.440168435,519012.7469246451,180000.0,0.0,881325.8346061008,1265368.4308411472
 10/31  07:00:00,3227004.3874905203,522721.92275713163,180000.0,0.0,1086502.2193821245,1368416.9154917654
 10/31  08:00:00,2762928.2836841317,530113.0562619041,180000.0,0.0,670087.4202798767,1315404.575219897
 10/31  09:00:00,2255089.2258920027,544757.3321630128,180000.0,0.0,230357.12290762636,1242852.0285841294
 10/31  10:00:00,2246449.9027888514,554339.8624938321,180000.0,0.0,230357.12290762636,1236870.7627724237
 10/31  11:00:00,2235470.837007746,557641.4822720346,180000.0,0.0,230357.12290762636,1236870.7627724237
 10/31  12:00:00,2241142.7502793316,553850.896320953,180000.0,0.0,230357.12290762636,1252453.5558062233
 10/31  13:00:00,2230848.591589443,545596.8355681086,180000.0,0.0,230357.12290762636,1252453.5558062233
 10/31  14:00:00,2217794.212090337,532542.4560690027,180000.0,0.0,230357.12290762636,1252453.5558062233
 10/31  15:00:00,2207337.9924857477,526027.4043390742,180000.0,0.0,230357.12290762636,1246472.2899945187
 10/31  16:00:00,2287622.1685390165,519783.1762420817,180000.0,0.0,230357.12290762636,1318720.0085854712
 10/31  17:00:00,2740927.4028984345,517922.0631980117,180000.0,0.0,505013.6925282578,1462508.0235015342
 10/31  18:00:00,4380645.20876028,567034.7232426181,180000.0,0.0,1711357.5730181958,1822288.1135843073
 10/31  19:00:00,6682280.724975436,477947.57554577955,180000.0,0.0,3963634.705900453,1928092.0776213382
 10/31  20:00:00,7074407.808604909,538712.504746127,180000.0,0.0,4192126.58894648,1977919.8026412926
 10/31  21:00:00,6405108.661110014,490126.5121555074,180000.0,0.0,3688511.8263144223,1832260.0392504584
 10/31  22:00:00,3136074.0467190146,539841.8007664762,180000.0,0.0,747028.5645708856,1483554.7691106433
 10/31  23:00:00,2494706.430003969,593502.4819355964,180000.0,0.0,230357.12290762636,1362320.6551269703
 10/31  24:00:00,2402008.481710157,624524.2437087935,180000.0,0.0,230357.12290762636,1273566.987277904
 11/01  01:00:00,2337352.299321045,645122.2566615507,180000.0,0.0,230357.12290762636,1188312.791936035
 11/01  02:00:00,2324409.9765143413,656141.4007373876,180000.0,0.0,230357.12290762636,1164351.3250534944
 11/01  03:00:00,2306476.5413323394,662169.4324379266,180000.0,0.0,230357.12290762636,1140389.8581709536
 11/01  04:00:00,2305297.863854752,666924.9487666069,180000.0,0.0,230357.12290762636,1134455.6643646855
 11/01  05:00:00,2299810.835263063,672532.253343159,180000.0,0.0,230357.12290762636,1141666.5735951946
 11/01  06:00:00,2353671.800148299,682538.1161074798,180000.0,0.0,230357.12290762636,1189589.5073602768
 11/01  07:00:00,3405279.634006109,668470.7532719607,180000.0,0.0,1123807.0166141286,1363848.7261691878
 11/01  08:00:00,3427300.9436261244,634638.609753987,180000.0,0.0,1165774.9135001334,1379768.1982432543
 11/01  09:00:00,3364990.1154569797,580522.377191432,180000.0,0.0,1175101.1128081344,1372416.9824390798
 11/01  10:00:00,2995257.2207790706,518964.7410560131,180000.0,0.0,917931.1668900051,1333615.1647472195
 11/01  11:00:00,2153002.821131874,478229.97438289435,180000.0,0.0,230357.12290762636,1233906.9865101036
 11/01  12:00:00,2114035.2436215198,429890.3021109999,180000.0,0.0,230357.12290762636,1249380.8287378936
 11/01  13:00:00,2083646.1236401112,401535.09795167466,180000.0,0.0,230357.12290762636,1249380.8287378936
 11/01  14:00:00,2066357.599837068,384246.57414863125,180000.0,0.0,230357.12290762636,1249380.8287378936
 11/01  15:00:00,2065995.6894964685,387784.94179221685,180000.0,0.0,230357.12290762636,1243446.6349316256
 11/01  16:00:00,2956414.3829183956,388988.7495361656,180000.0,0.0,935884.100557907,1412897.1322047398
 11/01  17:00:00,5571554.067271706,364487.6117152978,180000.0,0.0,2554212.8354787924,2397598.734660533
 11/01  18:00:00,8705082.595461229,373197.25123184023,180000.0,0.0,4448597.069916508,3603626.3990307976
 11/01  19:00:00,6696590.138233994,346080.8626729657,180000.0,0.0,4117516.994482471,1920787.7526431426
 11/01  20:00:00,5596123.300630246,436439.9034339562,180000.0,0.0,2872469.3868643283,1922127.6705223802
 11/01  21:00:00,3184693.2718773265,431911.1210386563,180000.0,0.0,791328.0112838905,1567892.9782360317
 11/01  22:00:00,3011777.860620426,448722.16844370496,180000.0,0.0,719049.9666468824,1478919.3857202565
 11/01  23:00:00,2370749.4471363523,473434.44481770374,180000.0,0.0,230357.12290762636,1358821.182619773
 11/01  24:00:00,2265080.8719597305,487596.6339583674,180000.0,0.0,230357.12290762636,1273566.987277904
 11/02  01:00:00,2189060.6098411074,496830.56718161324,180000.0,0.0,230357.12290762636,1188312.791936035
 11/02  02:00:00,2175823.289967889,507554.71419093566,180000.0,0.0,230357.12290762636,1164351.3250534944
 11/02  03:00:00,2157887.012170642,513579.9032762294,180000.0,0.0,230357.12290762636,1140389.8581709536
 11/02  04:00:00,2157632.214441398,519259.2993532535,180000.0,0.0,230357.12290762636,1134455.6643646855
 11/02  05:00:00,2152899.3320502327,525620.7501303286,180000.0,0.0,230357.12290762636,1141666.5735951946
 11/02  06:00:00,3320117.1945848195,523152.1118792846,180000.0,0.0,1249710.707272143,1296067.321660476
 11/02  07:00:00,4266111.461655127,510251.8144869205,180000.0,0.0,2014459.0505282304,1492247.4586891443
 11/02  08:00:00,3809555.028103257,482421.94717525196,180000.0,0.0,1632084.8789001866,1447928.9798990688
 11/02  09:00:00,3257739.5383440834,473271.80007853586,180000.0,0.0,1175101.1128081344,1372416.9824390798
 11/02  10:00:00,3183141.4948772183,444421.6077476634,180000.0,0.0,1147122.5148841313,1366851.2241595916
 11/02  11:00:00,2095656.1733841333,420883.3266351535,180000.0,0.0,230357.12290762636,1233906.9865101036
 11/02  12:00:00,20185284.41449826,477331.1578511983,180000.0,0.0,861973.9710419986,18641572.29574006
 11/02  13:00:00,26405793.837250262,574205.9809577543,180000.0,0.0,1067849.8207661223,24561364.961483475
 11/02  14:00:00,3005761.774098483,301231.53355410486,180000.0,0.0,1105154.6179981267,1397002.5485033356
 11/02  15:00:00,3185550.9648438143,276426.4806490339,180000.0,0.0,1291678.6041581477,1413038.890171632
 11/02  16:00:00,3669322.6471004644,298803.93944246246,180000.0,0.0,1641411.0782081876,1510463.2288302314
 11/02  17:00:00,4316007.118229373,328777.83981985145,180000.0,0.0,2089068.644992239,1642905.7480002001
 11/02  18:00:00,7192690.383634277,387428.4815101457,180000.0,0.0,4448597.069916508,2077002.9569255405
 11/02  19:00:00,7556336.697340172,351717.6777653493,180000.0,0.0,4117516.994482471,2774897.4966569385
 11/02  20:00:00,7414151.48587931,440414.43664207234,180000.0,0.0,3250180.4588383716,3358470.2505892836
 11/02  21:00:00,3838302.9468935514,438890.90109031706,180000.0,0.0,1352298.8996601545,1653551.9848243315
 11/02  22:00:00,2779990.389713663,488993.47524825536,180000.0,0.0,474703.5447772544,1451207.0298785714
 11/02  23:00:00,2423920.118875745,526605.1165570968,180000.0,0.0,230357.12290762636,1358821.182619773
 11/02  24:00:00,2546592.0987827545,549262.6360829829,180000.0,0.0,402891.81010564615,1320877.5247782925
 11/03  01:00:00,2280806.044412783,568456.58787867,180000.0,0.0,244696.15434367798,1194093.174374602
 11/03  02:00:00,2248610.087353967,582375.4273990968,180000.0,0.0,230357.12290762636,1164351.3250534944
 11/03  03:00:00,2231740.768233961,589467.5751616318,180000.0,0.0,230357.12290762636,1140389.8581709536
 11/03  04:00:00,2229238.9243116714,590866.0092235263,180000.0,0.0,230357.12290762636,1134455.6643646855
 11/03  05:00:00,2234354.949232416,590805.0407358455,180000.0,0.0,230357.12290762636,1141666.5735951946
 11/03  06:00:00,2279305.5352454325,589866.6088058632,180000.0,0.0,230357.12290762636,1189589.5073602768
 11/03  07:00:00,2310457.3733067177,582802.7151835713,180000.0,0.0,230357.12290762636,1233906.9865101036
 11/03  08:00:00,2286015.679679744,558990.952245492,180000.0,0.0,230357.12290762636,1243446.6349316256
 11/03  09:00:00,2229060.356287181,517844.5784006843,180000.0,0.0,230357.12290762636,1239841.180316371
 11/03  10:00:00,3209730.951389526,466943.2326158036,180000.0,0.0,1147122.5148841313,1366851.2241595916
 11/03  11:00:00,4132570.158247675,419318.62369082513,180000.0,0.0,1977154.253296226,1523554.628107291
 11/03  12:00:00,4055609.9939215863,368507.83431880176,180000.0,0.0,1921197.0574482195,1561498.112289566
 11/03  13:00:00,3985409.6499793325,316230.5383637898,180000.0,0.0,1902544.6588322176,1564261.3787404087
 11/03  14:00:00,4016960.564473805,289627.47042988264,180000.0,0.0,1981817.3529502265,1543142.66705078
 11/03  15:00:00,4394637.106019751,257396.74512684377,180000.0,0.0,2350202.225616269,1582631.1454116388
 11/03  16:00:00,5207605.677532427,233760.0870364108,180000.0,0.0,3049667.1737163486,1705534.0161600849
 11/03  17:00:00,6326933.843575489,232486.2311849926,180000.0,0.0,3949645.406938452,1887513.4042128792
 11/03  18:00:00,7086996.798335583,283768.8120335352,180000.0,0.0,4448597.069916508,2077002.9569255405
 11/03  19:00:00,7435310.103119178,240860.66265477068,180000.0,0.0,4117516.994482471,2774897.4966569385
 11/03  20:00:00,6129897.189978732,311066.5198065511,180000.0,0.0,3250180.4588383716,2219835.1981008924
 11/03  21:00:00,4974057.931387641,298359.9602811296,180000.0,0.0,2471442.816620283,1824931.4039220617
 11/03  22:00:00,3956890.711351907,319202.3331586341,180000.0,0.0,1695036.724229194,1589768.8090869966
 11/03  23:00:00,2768851.9391560857,353738.96145089524,180000.0,0.0,694801.8484460795,1420310.0957561948
 11/03  24:00:00,2263027.156019352,375620.3056687847,180000.0,0.0,316624.46650663624,1297222.2560280983
 11/04  01:00:00,2082726.825745291,390496.78308579663,180000.0,0.0,230357.12290762636,1188312.791936035
 11/04  02:00:00,2065090.759636516,398856.0996816457,180000.0,0.0,230357.12290762636,1164351.3250534944
 11/04  03:00:00,2047732.3359437983,405459.1428714688,180000.0,0.0,230357.12290762636,1140389.8581709536
 11/04  04:00:00,2048872.4205655367,410499.5054773919,180000.0,0.0,230357.12290762636,1134455.6643646855
 11/04  05:00:00,2061772.0551074534,418222.1466108825,180000.0,0.0,230357.12290762636,1141666.5735951946
 11/04  06:00:00,2117749.35982257,428310.43338300096,180000.0,0.0,230357.12290762636,1189589.5073602768
 11/04  07:00:00,2160306.0340185193,432651.3758953728,180000.0,0.0,230357.12290762636,1233906.9865101036
 11/04  08:00:00,3887895.7759059593,395590.6219604092,180000.0,0.0,1165774.9135001334,2073309.2708504172
 11/04  09:00:00,12450159.59510322,251615.29832775058,180000.0,0.0,2121710.342570243,9835816.479542727
 11/04  10:00:00,12303776.974243231,183315.1965761097,180000.0,0.0,2061090.047068236,9830557.750868885
 11/04  11:00:00,11418361.292292465,136325.02715002355,180000.0,0.0,1323154.5268226515,9746339.085166454
 11/04  12:00:00,4534647.137242475,186092.3144868704,180000.0,0.0,1072512.9204201226,3071634.9124704823
 11/04  13:00:00,2902524.080123854,225480.08157566475,180000.0,0.0,1067849.8207661223,1406821.103739151
 11/04  14:00:00,3925532.079630648,198198.9855867247,180000.0,0.0,1981817.3529502265,1543142.66705078
 11/04  15:00:00,4337578.114564197,200337.75367128893,180000.0,0.0,2350202.225616269,1582631.1454116388
 11/04  16:00:00,3996419.4571035756,225069.0287360697,180000.0,0.0,1993475.1020852278,1559230.9256626947
 11/04  17:00:00,6436507.212874271,227079.50393024634,180000.0,0.0,2089068.644992239,3863070.2627126193
 11/04  18:00:00,4767186.178144168,332069.6803593303,180000.0,0.0,2340876.026308268,1816612.5120165702
 11/04  19:00:00,4483631.683165518,315599.76054614794,180000.0,0.0,2173004.438764249,1692992.534530122
 11/04  20:00:00,4685989.277419584,394827.8428370176,180000.0,0.0,2117047.2429162418,1825299.1784334083
 11/04  21:00:00,3764423.3605022426,379248.725453592,180000.0,0.0,1352298.8996601545,1653551.9848243315
 11/04  22:00:00,8564672.74869231,339390.7631646175,180000.0,0.0,1451389.7673076661,6421009.373342943
 11/04  23:00:00,8966146.451976938,302915.70303604373,180000.0,0.0,694801.8484460795,7668427.866991898
 11/04  24:00:00,9185505.168500746,326820.78976558615,180000.0,0.0,230357.12290762636,8354767.1280117
 11/05  01:00:00,9198697.320035547,340012.9413003862,180000.0,0.0,230357.12290762636,8354767.1280117
 11/05  02:00:00,2146161.318763472,453931.2761039774,180000.0,0.0,230357.12290762636,1188312.791936035
 11/05  03:00:00,2168216.828665126,499948.25288817304,180000.0,0.0,230357.12290762636,1164351.3250534944
 11/05  04:00:00,2167983.8321851925,523676.72329078,180000.0,0.0,230357.12290762636,1140389.8581709536
 11/05  05:00:00,2194306.060862735,545318.96139743,180000.0,0.0,235486.53252702695,1139940.439122445
 11/05  06:00:00,2189111.9118484627,561833.3299285586,180000.0,0.0,230357.12290762636,1141666.5735951946
 11/05  07:00:00,2613188.6173877697,566831.5059124575,180000.0,0.0,569830.7777188652,1225339.2799835312
 11/05  08:00:00,3024873.007204558,543912.0348118063,180000.0,0.0,900444.543187503,1331363.2912544168
 11/05  09:00:00,2255688.231424723,534765.2514567215,180000.0,0.0,230357.12290762636,1243446.6349316256
 11/05  10:00:00,2203176.401723647,496028.45548131655,180000.0,0.0,230357.12290762636,1239841.180316371
 11/05  11:00:00,2129324.2321247607,440313.9746211977,180000.0,0.0,230357.12290762636,1233906.9865101036
 11/05  12:00:00,2049750.8225098937,374977.9757609139,180000.0,0.0,230357.12290762636,1233906.9865101036
 11/05  13:00:00,1998152.4425706025,314007.5010600826,180000.0,0.0,230357.12290762636,1249380.8287378936
 11/05  14:00:00,2928618.8070038995,251574.80845570966,180000.0,0.0,1067849.8207661223,1406821.103739151
 11/05  15:00:00,3177382.4512155643,217151.49729629984,180000.0,0.0,1324320.3017361516,1433537.5781401966
 11/05  16:00:00,3723548.7577363867,200366.3351925432,180000.0,0.0,1820940.4148872085,1497835.0177916354
 11/05  17:00:00,2436739.50338346,270860.40713911597,180000.0,0.0,583120.6117327667,1364114.083891994
 11/05  18:00:00,3975620.9319306174,347281.67363214184,180000.0,0.0,1159712.8839499326,2213371.4889314594
 11/05  19:00:00,6390187.712750015,426413.8570378369,180000.0,0.0,2340876.026308268,3343235.954121827
 11/05  20:00:00,4591302.6437322935,413101.142002507,180000.0,0.0,2173004.438764249,1692992.534530122
 11/05  21:00:00,5244404.914072769,508987.72691827035,180000.0,0.0,1739336.1709421987,2630994.676402718
 11/05  22:00:00,5823115.37228021,466190.5569153565,180000.0,0.0,1352298.8996601545,3611064.754385949
 11/05  23:00:00,2793257.991405411,502261.076940003,180000.0,0.0,474703.5447772544,1451207.0298785714
 11/05  24:00:00,2439653.1041819435,542338.1018632951,180000.0,0.0,230357.12290762636,1358821.182619773
 11/06  01:00:00,2335317.3381112847,557833.1001099208,180000.0,0.0,230357.12290762636,1273566.987277904
 11/06  02:00:00,2255444.821316714,563214.7786572198,180000.0,0.0,230357.12290762636,1188312.791936035
 11/06  03:00:00,2231502.4596490827,563233.8838721291,180000.0,0.0,230357.12290762636,1164351.3250534944
 11/06  04:00:00,2207283.0940916,562975.9851971874,180000.0,0.0,230357.12290762636,1140389.8581709536
 11/06  05:00:00,2202041.171685658,563668.2565975129,180000.0,0.0,230357.12290762636,1134455.6643646855
 11/06  06:00:00,2192008.313907505,564729.7319876006,180000.0,0.0,230357.12290762636,1141666.5735951946
 11/06  07:00:00,13595080.219585443,642433.1808933218,180000.0,0.0,569830.7777188652,12131629.20720034
 11/06  08:00:00,11068507.243734607,691751.0977138667,180000.0,0.0,230357.12290762636,9897245.88516228
 11/06  09:00:00,2263226.894952407,542303.9149844059,180000.0,0.0,230357.12290762636,1243446.6349316256
 11/06  10:00:00,2234551.38707735,527403.4408350197,180000.0,0.0,230357.12290762636,1239841.180316371
 11/06  11:00:00,2201088.5712046814,512078.31370111834,180000.0,0.0,230357.12290762636,1233906.9865101036
 11/06  12:00:00,2174336.450784199,499563.6040352193,180000.0,0.0,230357.12290762636,1233906.9865101036
 11/06  13:00:00,2177406.145192594,493261.20368207386,180000.0,0.0,230357.12290762636,1249380.8287378936
 11/06  14:00:00,2177863.0349080865,495752.0092196499,180000.0,0.0,230357.12290762636,1249380.8287378936
 11/06  15:00:00,2693924.665077097,500604.03196068987,180000.0,0.0,667755.8704528764,1323191.6886206146
 11/06  16:00:00,6203804.671058275,460457.73380201275,180000.0,0.0,1820940.4148872083,3717999.5325040547
 11/06  17:00:00,5415796.15989821,441950.5694021948,180000.0,0.0,3049667.1737163486,1705534.0161600849
 11/06  18:00:00,6539180.646692725,446766.95012431114,180000.0,0.0,3949645.406938452,1887513.4042128792
 11/06  19:00:00,8702243.318022773,509053.08187622455,180000.0,0.0,4448597.069916508,3464931.2909479584
 11/06  20:00:00,7660557.8447520435,455938.8251772194,180000.0,0.0,4117516.994482471,2774897.496656938
 11/06  21:00:00,5291103.8621205855,557449.8732819234,180000.0,0.0,2495224.624855685,1873343.0241733948
 11/06  22:00:00,2657890.68813973,551738.4322656238,180000.0,0.0,230357.12290762636,1482233.9716477317
 11/06  23:00:00,2586027.775777411,567089.6390233163,180000.0,0.0,230357.12290762636,1423494.6740368863
 11/06  24:00:00,2487150.0365127237,589835.0341940753,180000.0,0.0,230357.12290762636,1358821.182619773
 11/07  01:00:00,2385513.9082745593,608029.6702731958,180000.0,0.0,230357.12290762636,1273566.987277904
 11/07  02:00:00,2316426.5475577796,624196.504898285,180000.0,0.0,230357.12290762636,1188312.791936035
 11/07  03:00:00,2313206.4136691205,644937.837892167,180000.0,0.0,230357.12290762636,1164351.3250534944
 11/07  04:00:00,2314058.403206113,669751.2943117003,180000.0,0.0,230357.12290762636,1140389.8581709536
 11/07  05:00:00,2351341.897028609,697047.7053747242,180000.0,0.0,238051.23733672727,1142682.8265013248
 11/07  06:00:00,2593438.175677049,719982.6201819008,180000.0,0.0,453719.5963342519,1164481.0737438137
 11/07  07:00:00,3145101.1380821085,723520.5991723032,180000.0,0.0,909304.4325301041,1261089.0526067854
 11/07  08:00:00,2436409.722600894,722992.4752323313,180000.0,0.0,230357.12290762636,1233906.9865101036
 11/07  09:00:00,2418389.713438923,697466.7334709216,180000.0,0.0,230357.12290762636,1243446.6349316256
 11/07  10:00:00,2341428.7094112705,634280.7631689402,180000.0,0.0,230357.12290762636,1239841.180316371
 11/07  11:00:00,2763048.796547268,549183.7242307086,180000.0,0.0,688739.8188958787,1300379.1053348477
 11/07  12:00:00,2158926.817520734,484153.9707717541,180000.0,0.0,230357.12290762636,1233906.9865101036
 11/07  13:00:00,4805167.69435188,401735.667004492,180000.0,0.0,651435.0216638744,3547590.015818514
 11/07  14:00:00,3025558.7612234754,348514.7626752858,180000.0,0.0,1067849.8207661223,1406821.103739151
 11/07  15:00:00,3047156.0674410746,342625.82689669647,180000.0,0.0,1105154.6179981267,1397002.5485033356
 11/07  16:00:00,2349166.3721993766,363227.1903724928,180000.0,0.0,495687.49322025676,1285844.6987416272
 11/07  17:00:00,3395612.680462214,426640.5099420979,180000.0,0.0,1288647.5893830473,1461680.1805174856
 11/07  18:00:00,8730585.762288213,418007.5510073792,180000.0,0.0,3949645.406938452,4107677.9189252984
 11/07  19:00:00,7358398.852898752,553136.9507746217,180000.0,0.0,4448597.069916508,2077002.9569255405
 11/07  20:00:00,6866808.018074699,516298.74251367105,180000.0,0.0,4117516.994482471,1920787.7526431426
 11/07  21:00:00,6220946.252287471,635137.5370726511,180000.0,0.0,3250180.4588383716,1970541.916566866
 11/07  22:00:00,4653379.66167187,608705.9478397066,180000.0,0.0,1911870.8581402185,1739241.6943731965
 11/07  23:00:00,2942168.2573511438,651171.342885736,180000.0,0.0,474703.5447772544,1451207.0298785714
 11/07  24:00:00,2584534.4571859986,687219.4548673505,180000.0,0.0,230357.12290762636,1358821.182619773
 11/08  01:00:00,2482804.174350548,705319.9363491846,180000.0,0.0,230357.12290762636,1273566.987277904
 11/08  02:00:00,2411008.3231549077,718778.2804954135,180000.0,0.0,230357.12290762636,1188312.791936035
 11/08  03:00:00,2397003.2380342754,728734.662257322,180000.0,0.0,230357.12290762636,1164351.3250534944
 11/08  04:00:00,2382350.947372705,738043.8384782923,180000.0,0.0,230357.12290762636,1140389.8581709536
 11/08  05:00:00,4590481.91888401,710716.1203291263,180000.0,0.0,240615.94214642755,3365589.7285926235
 11/08  06:00:00,9337857.254294131,662284.1518470481,180000.0,0.0,453719.5963342519,7966598.620695747
 11/08  07:00:00,2948483.0503350836,714514.2251425248,180000.0,0.0,739567.6051244846,1243214.1662951582
 11/08  08:00:00,2448813.511461255,735396.2640926922,180000.0,0.0,230357.12290762636,1233906.9865101036
 11/08  09:00:00,2431247.2554875426,710324.2755195413,180000.0,0.0,230357.12290762636,1243446.6349316256
 11/08  10:00:00,2362958.8189643687,655810.872722038,180000.0,0.0,230357.12290762636,1239841.180316371
 11/08  11:00:00,2274974.286547652,585964.029044089,180000.0,0.0,230357.12290762636,1233906.9865101036
 11/08  12:00:00,2197503.1914370162,522730.34468803654,180000.0,0.0,230357.12290762636,1233906.9865101036
 11/08  13:00:00,2136734.5217506727,452589.5802401529,180000.0,0.0,230357.12290762636,1249380.8287378936
 11/08  14:00:00,2068646.3194096666,386535.2937212299,180000.0,0.0,230357.12290762636,1249380.8287378936
 11/08  15:00:00,2030830.276123955,348719.2504355183,180000.0,0.0,230357.12290762636,1249380.8287378936
 11/08  16:00:00,2631621.9544059904,337954.3384564745,180000.0,0.0,761017.8635328871,1328242.7625516288
 11/08  17:00:00,4436297.02953192,372237.2492667553,180000.0,0.0,1641411.0782081876,2204004.301437394
 11/08  18:00:00,5902537.819777302,388685.0992625236,180000.0,0.0,2089068.644992239,3169529.190105457
 11/08  19:00:00,7294548.295653695,489286.39352956484,180000.0,0.0,4448597.069916508,2077002.9569255405
 11/08  20:00:00,6788683.346422804,438174.07086177496,180000.0,0.0,4117516.994482471,1920787.7526431426
 11/08  21:00:00,6144342.880019111,558534.164804291,180000.0,0.0,3250180.4588383716,1970541.916566866
 11/08  22:00:00,3940874.0930222934,541462.0472190593,180000.0,0.0,1352298.8996601545,1653551.9848243315
 11/08  23:00:00,3408399.5930525498,573285.1231645163,180000.0,0.0,963396.3885165104,1506631.7415619416
 11/08  24:00:00,2509567.363870637,612252.3615519885,180000.0,0.0,230357.12290762636,1358821.182619773
 11/09  01:00:00,2406389.9212590386,628905.6832576751,180000.0,0.0,230357.12290762636,1273566.987277904
 11/09  02:00:00,2328673.250016544,636443.2073570497,180000.0,0.0,230357.12290762636,1188312.791936035
 11/09  03:00:00,2309855.113402447,641586.5376254937,180000.0,0.0,230357.12290762636,1164351.3250534944
 11/09  04:00:00,2288557.8255138183,644250.7166194058,180000.0,0.0,230357.12290762636,1140389.8581709536
 11/09  05:00:00,2284874.071976961,646501.1568888162,180000.0,0.0,230357.12290762636,1134455.6643646855
 11/09  06:00:00,2399214.915605392,648847.8468978658,180000.0,0.0,342038.3596209391,1153073.8236695041
 11/09  07:00:00,3062500.0486148363,640919.5097050305,180000.0,0.0,909304.4325301041,1261089.0526067854
 11/09  08:00:00,3360055.2728941455,623246.3921599969,180000.0,0.0,1123807.0166141286,1363848.7261691878
 11/09  09:00:00,3381062.112842207,588399.7789700696,180000.0,0.0,1165774.9135001334,1379768.1982432543
 11/09  10:00:00,2259515.8944011987,552367.9481588688,180000.0,0.0,230357.12290762636,1239841.180316371
 11/09  11:00:00,2158859.8695514137,469849.61204785056,180000.0,0.0,230357.12290762636,1233906.9865101036
 11/09  12:00:00,2055129.0318206116,380356.1850716318,180000.0,0.0,230357.12290762636,1233906.9865101036
 11/09  13:00:00,1995457.823785308,311312.8822747884,180000.0,0.0,230357.12290762636,1249380.8287378936
 11/09  14:00:00,1932800.585153837,250689.55946540038,180000.0,0.0,230357.12290762636,1249380.8287378936
 11/09  15:00:00,2660596.515116118,211671.07828572474,180000.0,0.0,886455.2442255015,1360097.1185619752
 11/09  16:00:00,5886089.151546886,200717.67099971016,180000.0,0.0,1291678.6041581477,4189285.886524029
 11/09  17:00:00,7579485.883315432,183096.62505789142,180000.0,0.0,1641411.0782081876,5536333.779429769
 11/09  18:00:00,5295781.089966279,255959.60247731124,180000.0,0.0,3019357.0259653456,1765209.5761065397
 11/09  19:00:00,5974720.925112014,353514.76724648743,180000.0,0.0,3394736.548112388,1946807.7344710552
 11/09  20:00:00,6647351.751066942,296842.4755059136,180000.0,0.0,4117516.994482471,1920787.7526431426
 11/09  21:00:00,5971528.4688848825,385719.7536700624,180000.0,0.0,3250180.4588383716,1970541.916566866
 11/09  22:00:00,5054613.861025884,364678.47916479013,180000.0,0.0,2471442.816620283,1824931.4039220617
 11/09  23:00:00,2970737.103931022,407681.4117543007,180000.0,0.0,719049.9666468824,1478919.3857202565
 11/09  24:00:00,2342910.4545651013,445595.45224645303,180000.0,0.0,230357.12290762636,1358821.182619773
 11/10  01:00:00,2462869.61480995,465540.1521101786,180000.0,0.0,402891.81010564615,1320877.5247782925
 11/10  02:00:00,2196788.443715972,484438.9871818593,180000.0,0.0,244696.15434367798,1194093.174374602
 11/10  03:00:00,2164614.333904675,498379.67394980503,180000.0,0.0,230357.12290762636,1164351.3250534944
 11/10  04:00:00,2149865.9866402294,507592.79356789985,180000.0,0.0,230357.12290762636,1140389.8581709536
 11/10  05:00:00,2152788.011584323,514415.09649617784,180000.0,0.0,230357.12290762636,1134455.6643646855
 11/10  06:00:00,2162359.8986920677,518809.99019549694,180000.0,0.0,230357.12290762636,1141666.5735951946
 11/10  07:00:00,2959303.702085052,519417.92077649664,180000.0,0.0,909304.4325301041,1261089.0526067854
 11/10  08:00:00,2750044.256528236,510693.7817222964,180000.0,0.0,677082.0697608775,1298877.8563396456
 11/10  09:00:00,3295841.7406436214,497077.6593052343,180000.0,0.0,1165774.9135001334,1379768.1982432543
 11/10  10:00:00,3249591.814440033,461056.24453031947,180000.0,0.0,1175101.1128081344,1372416.9824390798
 11/10  11:00:00,3154539.0481533217,411751.32937959966,180000.0,0.0,1147122.5148841313,1366851.2241595916
 11/10  12:00:00,12399994.941477194,429285.0293080042,180000.0,0.0,1977154.253296226,9781013.00571963
 11/10  13:00:00,3991974.6911423015,304872.5315395169,180000.0,0.0,1921197.0574482195,1561498.112289566
 11/10  14:00:00,3970649.6514479895,301470.5398324468,180000.0,0.0,1902544.6588322176,1564261.3787404087
 11/10  15:00:00,4038359.3799932012,311026.2859492788,180000.0,0.0,1981817.3529502265,1543142.66705078
 11/10  16:00:00,4463375.000375693,326134.63948278496,180000.0,0.0,2350202.225616269,1582631.1454116388
 11/10  17:00:00,5317167.0560449185,343321.46554890316,180000.0,0.0,3049667.1737163486,1705534.0161600849
 11/10  18:00:00,4377748.948995877,388485.754764272,180000.0,0.0,2089068.644992239,1642905.7480002001
 11/10  19:00:00,4920726.15459327,485609.6568084318,180000.0,0.0,2340876.026308268,1816612.5120165702
 11/10  20:00:00,4613241.292057898,445209.36943852797,180000.0,0.0,2173004.438764249,1692992.534530122
 11/10  21:00:00,4398538.245169321,533502.1286052851,180000.0,0.0,1739336.1709421987,1776884.9323889224
 11/10  22:00:00,4840215.428701792,487148.29160974635,180000.0,0.0,2191656.837380251,1782086.549147629
 11/10  23:00:00,4668852.854400689,488445.8506809909,180000.0,0.0,2182330.63807225,1645193.5207703665
 11/10  24:00:00,3463476.917000763,525166.7544919673,180000.0,0.0,1156448.7141921325,1481860.414813747
 11/11  01:00:00,2780481.3868738087,565171.9393372291,180000.0,0.0,573561.2574420656,1368188.062278681
 11/11  02:00:00,2409830.633692963,596853.404825192,180000.0,0.0,316391.3115239362,1223025.789528002
 11/11  03:00:00,2286569.496521622,620334.8365667519,180000.0,0.0,230357.12290762636,1164351.3250534944
 11/11  04:00:00,2281949.3694309806,639676.1763586515,180000.0,0.0,230357.12290762636,1140389.8581709536
 11/11  05:00:00,2297852.36962612,659479.4545379753,180000.0,0.0,230357.12290762636,1134455.6643646855
 11/11  06:00:00,2320551.8518191893,677001.9433226184,180000.0,0.0,230357.12290762636,1141666.5735951946
 11/11  07:00:00,2381178.0035777055,691739.0771381359,180000.0,0.0,230357.12290762636,1189589.5073602768
 11/11  08:00:00,2432346.4115659385,704691.7534427925,180000.0,0.0,230357.12290762636,1233906.9865101036
 11/11  09:00:00,2436260.9049645197,709236.1775302682,180000.0,0.0,230357.12290762636,1243446.6349316256
 11/11  10:00:00,3473466.45902728,684930.8891175663,180000.0,0.0,1175101.1128081344,1372416.9824390798
 11/11  11:00:00,3920255.9122877023,654043.0115577484,180000.0,0.0,1604106.2809761837,1433292.6400237705
 11/11  12:00:00,8042025.023820091,598515.7299832222,180000.0,0.0,1977154.253296226,5253812.387387309
 11/11  13:00:00,35935186.002939984,1046690.0576253792,180000.0,0.0,1921197.0574482195,32762891.89800138
 11/11  14:00:00,4269617.168146576,600438.0565310327,180000.0,0.0,1902544.6588322176,1564261.3787404087
 11/11  15:00:00,4283029.659326782,555696.5652828602,180000.0,0.0,1981817.3529502265,1543142.66705078
 11/11  16:00:00,4407996.501603247,577785.1098848715,180000.0,0.0,2085571.3202517387,1540233.0816016372
 11/11  17:00:00,3988553.27045541,618034.5627974081,180000.0,0.0,1641411.0782081876,1510463.2288302314
 11/11  18:00:00,4633684.900148597,644421.7059169919,180000.0,0.0,2089068.644992239,1642905.7480002001
 11/11  19:00:00,5189798.2104722895,754681.7126874513,180000.0,0.0,2340876.026308268,1816612.5120165702
 11/11  20:00:00,4873696.1553757405,705664.2327563706,180000.0,0.0,2173004.438764249,1692992.534530122
 11/11  21:00:00,5106562.702018016,815401.2674354503,180000.0,0.0,2117047.242916242,1825299.1784334085
 11/11  22:00:00,5432864.646824925,757166.6757184141,180000.0,0.0,2471442.816620283,1824931.4039220617
 11/11  23:00:00,4962070.291878574,781663.2881588759,180000.0,0.0,2182330.63807225,1645193.5207703665
 11/11  24:00:00,3248499.2227636287,833386.2450584385,180000.0,0.0,694801.8484460795,1420310.0957561948
 11/12  01:00:00,2866449.411144051,869119.9484442795,180000.0,0.0,402891.81010564615,1320877.5247782925
 11/12  02:00:00,2646616.294896336,894028.0106129857,180000.0,0.0,273374.2172157813,1205653.939251736
 11/12  03:00:00,2582894.6860601935,914626.1102832399,180000.0,0.0,230357.12290762636,1164351.3250534944
 11/12  04:00:00,2576259.638474454,931952.5295800415,180000.0,0.0,230357.12290762636,1140389.8581709536
 11/12  05:00:00,2586434.622024231,948061.7069360865,180000.0,0.0,230357.12290762636,1134455.6643646855
 11/12  06:00:00,2592751.8138833516,965473.2319634475,180000.0,0.0,230357.12290762636,1141666.5735951946
 11/12  07:00:00,3020501.576637201,974144.4651618891,180000.0,0.0,569830.7777188652,1225339.2799835312
 11/12  08:00:00,3685843.314745433,949034.4340112843,180000.0,0.0,1123807.0166141286,1363848.7261691878
 11/12  09:00:00,2908523.69331707,919665.874873035,180000.0,0.0,464211.5705557532,1277527.0257595328
 11/12  10:00:00,2562049.831748602,854901.885506272,180000.0,0.0,230357.12290762636,1239841.180316371
 11/12  11:00:00,3487293.8364926334,748573.9493630779,180000.0,0.0,1147122.5148841313,1366851.2241595916
 11/12  12:00:00,3350573.0780055914,655407.4117979545,180000.0,0.0,1105154.6179981267,1379502.310878261
 11/12  13:00:00,3259199.715884312,576809.6321248953,180000.0,0.0,1072512.9204201226,1405470.1734742946
 11/12  14:00:00,3192889.089541797,515845.0909936072,180000.0,0.0,1067849.8207661223,1406821.103739151
 11/12  15:00:00,2186751.808428144,504640.78273970744,180000.0,0.0,230357.12290762636,1249380.8287378936
 11/12  16:00:00,2515716.9233686724,529777.7415417886,180000.0,0.0,495687.4932202567,1285844.6987416272
 11/12  17:00:00,12245968.80531799,470005.66787003935,180000.0,0.0,3049667.1737163486,8507651.563112019
 11/12  18:00:00,8026112.327718021,545770.2971271909,180000.0,0.0,3949645.406938452,3275441.7382352976
 11/12  19:00:00,8925754.330204524,696798.2485273958,180000.0,0.0,4448597.069916508,3500697.1364785363
 11/12  20:00:00,7014121.576097382,663612.3005363536,180000.0,0.0,4117516.994482471,1920787.7526431426
 11/12  21:00:00,6389453.977945359,803645.262730539,180000.0,0.0,3250180.4588383716,1970541.916566866
 11/12  22:00:00,4815470.022253796,770796.3084216332,180000.0,0.0,1911870.8581402185,1739241.6943731965
 11/12  23:00:00,3376775.1752251997,813719.4830484791,180000.0,0.0,719049.9666468824,1478919.3857202565
 11/12  24:00:00,2744742.9661135296,847427.9637948815,180000.0,0.0,230357.12290762636,1358821.182619773
 11/13  01:00:00,2632028.416632893,854544.1786315296,180000.0,0.0,230357.12290762636,1273566.987277904
 11/13  02:00:00,2551269.629423094,859039.5867635993,180000.0,0.0,230357.12290762636,1188312.791936035
 11/13  03:00:00,2530625.967084303,862357.3913073497,180000.0,0.0,230357.12290762636,1164351.3250534944
 11/13  04:00:00,2508428.6608948773,864121.5520004648,180000.0,0.0,230357.12290762636,1140389.8581709536
 11/13  05:00:00,2527445.823910149,867844.5400676843,180000.0,0.0,240615.94214642755,1145425.2138802044
 11/13  06:00:00,2741065.3019851446,867609.7464899961,180000.0,0.0,453719.5963342519,1164481.0737438137
 11/13  07:00:00,4024037.611347342,851687.9848460774,180000.0,0.0,1590116.982014182,1331045.5907141666
 11/13  08:00:00,3830483.3465586584,839996.9909488775,180000.0,0.0,1345770.560144554,1395562.657514395
 11/13  09:00:00,2582361.559267005,861438.5792990036,180000.0,0.0,230357.12290762636,1243446.6349316256
 11/13  10:00:00,2545082.5750742843,837934.628831954,180000.0,0.0,230357.12290762636,1239841.180316371
 11/13  11:00:00,2494235.408469116,805225.1509655528,180000.0,0.0,230357.12290762636,1233906.9865101036
 11/13  12:00:00,2456929.3431378766,782156.496388897,180000.0,0.0,230357.12290762636,1233906.9865101036
 11/13  13:00:00,2418621.0515033333,734476.1099928137,180000.0,0.0,230357.12290762636,1249380.8287378936
 11/13  14:00:00,2394811.0741315903,712700.048443154,180000.0,0.0,230357.12290762636,1249380.8287378936
 11/13  15:00:00,2634210.847943035,696495.0185406127,180000.0,0.0,449056.49668025144,1286286.258679254
 11/13  16:00:00,3573915.559797149,664791.0756023692,180000.0,0.0,1291678.6041581477,1413038.890171632
 11/13  17:00:00,6219010.439342484,628327.2169720625,180000.0,0.0,1641411.0782081876,3730627.7435426507
 11/13  18:00:00,4607657.306544025,620428.0281345033,180000.0,0.0,2089068.644992239,1642905.7480002001
 11/13  19:00:00,6897287.861413265,684053.831418436,180000.0,0.0,3921666.809014448,2011905.3456982977
 11/13  20:00:00,6944689.831077683,594180.5555166549,180000.0,0.0,4117516.994482471,1920787.7526431426
 11/13  21:00:00,5417930.995301015,684372.9161232531,180000.0,0.0,2494758.314890285,1873713.424477894
 11/13  22:00:00,7185578.881807588,598109.819248538,180000.0,0.0,2191656.837380251,4002251.0638600495
 11/13  23:00:00,4009766.133518748,631233.5731561887,180000.0,0.0,1451389.7673076661,1562056.4532453117
 11/13  24:00:00,2817490.8716110196,657209.0499549339,180000.0,0.0,462579.485676853,1389565.639187984
 11/14  01:00:00,2454623.106670991,677138.8686696278,180000.0,0.0,230357.12290762636,1273566.987277904
 11/14  02:00:00,2380671.8282345184,688441.7855750241,180000.0,0.0,230357.12290762636,1188312.791936035
 11/14  03:00:00,2365426.302298876,697157.7265219226,180000.0,0.0,230357.12290762636,1164351.3250534944
 11/14  04:00:00,2347790.3494054023,703483.2405109894,180000.0,0.0,230357.12290762636,1140389.8581709536
 11/14  05:00:00,2347834.401539841,709461.4864516964,180000.0,0.0,230357.12290762636,1134455.6643646855
 11/14  06:00:00,2342982.0404620008,715703.4585420967,180000.0,0.0,230357.12290762636,1141666.5735951946
 11/14  07:00:00,2391705.8895499026,720572.2055090836,180000.0,0.0,230357.12290762636,1189589.5073602768
 11/14  08:00:00,2425056.081569945,711638.8342013821,180000.0,0.0,230357.12290762636,1233906.9865101036
 11/14  09:00:00,3467577.2991040223,674914.965231885,180000.0,0.0,1165774.9135001334,1379768.1982432543
 11/14  10:00:00,3686072.1655156002,631808.1692788486,180000.0,0.0,1411753.4202486617,1405560.932969757
 11/14  11:00:00,3346846.8042138224,608126.9170842668,180000.0,0.0,1147122.5148841313,1366851.2241595916
 11/14  12:00:00,2532415.2008949583,602544.1492813142,180000.0,0.0,449056.4966802515,1270305.817602143
 11/14  13:00:00,2288777.339541696,604632.398031176,180000.0,0.0,230357.12290762636,1249380.8287378936
 11/14  14:00:00,2272990.822679644,590879.7969912074,180000.0,0.0,230357.12290762636,1249380.8287378936
 11/14  15:00:00,2253950.5329346177,571839.507246181,180000.0,0.0,230357.12290762636,1249380.8287378936
 11/14  16:00:00,2260168.588398796,581957.8406945444,180000.0,0.0,230357.12290762636,1243446.6349316256
 11/14  17:00:00,2376337.1567647574,612004.5976582994,180000.0,0.0,230357.12290762636,1315331.035579248
 11/14  18:00:00,4086684.074388534,625670.3423381164,180000.0,0.0,1624390.7644710857,1581368.0821622484
 11/14  19:00:00,5157940.217327921,721473.9171888175,180000.0,0.0,2340176.5613601673,1816627.8634968526
 11/14  20:00:00,9155292.922215337,584619.131941888,180000.0,0.0,4117516.994482471,4140952.2673555617
 11/14  21:00:00,6290655.80936404,704847.0941492206,180000.0,0.0,3250180.4588383716,1970541.916566866
 11/14  22:00:00,5354431.643621407,664496.2617603146,180000.0,0.0,2471442.816620283,1824931.4039220617
 11/14  23:00:00,3527256.9104205314,692841.905480598,180000.0,0.0,962696.9235684103,1506631.7415619416
 11/14  24:00:00,2624021.3043120317,726706.3019933833,180000.0,0.0,230357.12290762636,1358821.182619773
 11/15  01:00:00,2515259.077676718,737774.8396753549,180000.0,0.0,230357.12290762636,1273566.987277904
 11/15  02:00:00,2433995.4435760165,741765.400916522,180000.0,0.0,230357.12290762636,1188312.791936035
 11/15  03:00:00,2412096.406399871,743827.8306229175,180000.0,0.0,230357.12290762636,1164351.3250534944
 11/15  04:00:00,2390613.966006692,746306.8571122794,180000.0,0.0,230357.12290762636,1140389.8581709536
 11/15  05:00:00,2393542.617410201,755169.7023220564,180000.0,0.0,230357.12290762636,1134455.6643646855
 11/15  06:00:00,2386729.6964153294,759451.1144954254,180000.0,0.0,230357.12290762636,1141666.5735951946
 11/15  07:00:00,7560396.216805007,696403.9425466164,180000.0,0.0,909304.4325301041,5703500.78795537
 11/15  08:00:00,3420434.583609685,683625.7028755364,180000.0,0.0,1123807.0166141286,1363848.7261691878
 11/15  09:00:00,2406882.957004556,685959.9770365545,180000.0,0.0,230357.12290762636,1243446.6349316256
 11/15  10:00:00,2347641.420159149,640493.4739168185,180000.0,0.0,230357.12290762636,1239841.180316371
 11/15  11:00:00,2238452.413396128,549442.1558925649,180000.0,0.0,230357.12290762636,1233906.9865101036
 11/15  12:00:00,2137133.5957680517,462360.74901907187,180000.0,0.0,230357.12290762636,1233906.9865101036
 11/15  13:00:00,2067778.6519207135,383633.71041019383,180000.0,0.0,230357.12290762636,1249380.8287378936
 11/15  14:00:00,2007152.735510301,325041.70982186456,180000.0,0.0,230357.12290762636,1249380.8287378936
 11/15  15:00:00,1988192.6948246108,306081.66913617443,180000.0,0.0,230357.12290762636,1249380.8287378936
 11/15  16:00:00,3228110.8309875703,318986.3467927907,180000.0,0.0,1291678.6041581477,1413038.890171632
 11/15  17:00:00,3732066.0876774094,361547.3800194074,180000.0,0.0,1641411.0782081876,1510463.2288302314
 11/15  18:00:00,4384495.885798482,397266.60738896043,180000.0,0.0,2089068.644992239,1642905.7480002001
 11/15  19:00:00,5317738.517619425,519045.3720536035,180000.0,0.0,1284917.1096598469,3234114.160623891
 11/15  20:00:00,8528825.276779383,402399.2775790712,180000.0,0.0,4117516.994482471,3696704.476282425
 11/15  21:00:00,6101133.949313383,515325.23409856297,180000.0,0.0,3250180.4588383716,1970541.916566866
 11/15  22:00:00,4208300.300126169,486941.5337762868,180000.0,0.0,1631385.4139520866,1696412.1910790466
 11/15  23:00:00,2550251.616684258,531313.4799301632,180000.0,0.0,230357.12290762636,1423494.6740368863
 11/15  24:00:00,2458063.3054925418,560748.3031738936,180000.0,0.0,230357.12290762636,1358821.182619773
 11/16  01:00:00,2352511.892936856,575027.6549354924,180000.0,0.0,230357.12290762636,1273566.987277904
 11/16  02:00:00,2276085.4059138168,583855.3632543224,180000.0,0.0,230357.12290762636,1188312.791936035
 11/16  03:00:00,2256529.221181348,588260.6454043941,180000.0,0.0,230357.12290762636,1164351.3250534944
 11/16  04:00:00,2237696.587919489,593389.4790250765,180000.0,0.0,230357.12290762636,1140389.8581709536
 11/16  05:00:00,2255858.508579377,606871.4091140726,180000.0,0.0,235486.53252702695,1139940.439122445
 11/16  06:00:00,2240472.556175608,613193.9742557039,180000.0,0.0,230357.12290762636,1141666.5735951946
 11/16  07:00:00,2662036.9765633564,615679.865088044,180000.0,0.0,569830.7777188652,1225339.2799835312
 11/16  08:00:00,2316225.060229794,602807.8128612315,180000.0,0.0,230357.12290762636,1233906.9865101036
 11/16  09:00:00,2296966.716698515,576043.7367305142,180000.0,0.0,230357.12290762636,1243446.6349316256
 11/16  10:00:00,2232521.8168143416,525373.8705720111,180000.0,0.0,230357.12290762636,1239841.180316371
 11/16  11:00:00,2181963.4061546694,492953.1486511063,180000.0,0.0,230357.12290762636,1233906.9865101036
 11/16  12:00:00,2147050.929938768,472278.0831897881,180000.0,0.0,230357.12290762636,1233906.9865101036
 11/16  13:00:00,2113467.801411491,429322.8599009713,180000.0,0.0,230357.12290762636,1249380.8287378936
 11/16  14:00:00,2035919.3860001692,353808.36031173274,180000.0,0.0,230357.12290762636,1249380.8287378936
 11/16  15:00:00,1992969.1213389495,310858.0956505126,180000.0,0.0,230357.12290762636,1249380.8287378936
 11/16  16:00:00,1986854.3591665481,308643.6114622965,180000.0,0.0,230357.12290762636,1243446.6349316256
 11/16  17:00:00,2132273.288297329,367940.72919087147,180000.0,0.0,230357.12290762636,1315331.035579248
 11/16  18:00:00,3511416.489113476,409292.77717410633,180000.0,0.0,695035.0034287795,2151833.823093508
 11/16  19:00:00,9278369.138163984,412665.20392597176,180000.0,0.0,4448597.069916508,4137444.98903942
 11/16  20:00:00,6727974.767157121,377465.4915960918,180000.0,0.0,4117516.994482471,1920787.7526431426
 11/16  21:00:00,5207497.896858962,473939.81768120086,180000.0,0.0,2494758.314890285,1873713.424477894
 11/16  22:00:00,2912591.167623683,483123.96426729404,180000.0,0.0,510842.56709575845,1525063.4749418818
 11/16  23:00:00,2533451.7453254396,514513.60857134446,180000.0,0.0,230357.12290762636,1423494.6740368863
 11/16  24:00:00,2443317.5380960507,546002.5357774019,180000.0,0.0,230357.12290762636,1358821.182619773
 11/17  01:00:00,2333574.5609493777,556090.3229480141,180000.0,0.0,230357.12290762636,1273566.987277904
 11/17  02:00:00,2253069.970562828,560839.9279033334,180000.0,0.0,230357.12290762636,1188312.791936035
 11/17  03:00:00,2235278.2495110473,569043.5895561771,180000.0,0.0,230357.12290762636,1164351.3250534944
 11/17  04:00:00,2217871.778032257,575598.5849599277,180000.0,0.0,230357.12290762636,1140389.8581709536
 11/17  05:00:00,2218337.7585034026,579964.8434152575,180000.0,0.0,230357.12290762636,1134455.6643646855
 11/17  06:00:00,2226535.1903880644,582985.2818914936,180000.0,0.0,230357.12290762636,1141666.5735951946
 11/17  07:00:00,2645918.7996012173,581256.4457271546,180000.0,0.0,569830.7777188652,1225339.2799835312
 11/17  08:00:00,3062485.6076528793,567287.224505544,180000.0,0.0,900444.543187503,1331363.2912544168
 11/17  09:00:00,2293669.254822834,566644.5273885824,180000.0,0.0,230357.12290762636,1243446.6349316256
 11/17  10:00:00,3327892.0322076324,539356.4622979186,180000.0,0.0,1175101.1128081344,1372416.9824390798
 11/17  11:00:00,4283160.978326337,493522.89564015245,180000.0,0.0,2061090.047068236,1499734.0558879497
 11/17  12:00:00,3911600.978565127,452362.4321400595,180000.0,0.0,1759154.3444717012,1487541.5488000335
 11/17  13:00:00,3123513.8533917223,441123.7696323052,180000.0,0.0,1072512.9204201226,1405470.1734742946
 11/17  14:00:00,5301278.845050786,404070.3317901763,180000.0,0.0,1067849.8207661223,3626985.618451571
 11/17  15:00:00,3121574.818347368,417044.57780298934,180000.0,0.0,1105154.6179981267,1397002.5485033356
 11/17  16:00:00,4544608.142091433,407367.78119852545,180000.0,0.0,2350202.225616269,1582631.1454116388
 11/17  17:00:00,5378247.370392116,404401.77989610075,180000.0,0.0,3049667.1737163486,1705534.0161600849
 11/17  18:00:00,6488247.907086721,393800.2946962243,180000.0,0.0,3949645.406938452,1887513.4042128792
 11/17  19:00:00,7259870.719844865,456642.73354281625,180000.0,0.0,4448597.069916508,2077002.9569255405
 11/17  20:00:00,6741676.800909198,401337.10445858684,180000.0,0.0,4117516.994482471,1920787.7526431426
 11/17  21:00:00,6053203.071934936,483665.68329678336,180000.0,0.0,3250180.4588383716,1970541.916566866
 11/17  22:00:00,5121023.937189407,445325.9660828966,180000.0,0.0,2471442.816620283,1824931.4039220617
 11/17  23:00:00,4636250.438708411,455843.4349887123,180000.0,0.0,2182330.63807225,1645193.5207703665
 11/17  24:00:00,2390421.113932485,501241.7749021703,180000.0,0.0,230357.12290762636,1358821.182619773
 11/18  01:00:00,2305902.8839633595,528418.6459619965,180000.0,0.0,230357.12290762636,1273566.987277904
 11/18  02:00:00,2233703.892115673,541473.8494561785,180000.0,0.0,230357.12290762636,1188312.791936035
 11/18  03:00:00,2218103.167537705,551868.5075828343,180000.0,0.0,230357.12290762636,1164351.3250534944
 11/18  04:00:00,2202879.2237694426,560606.0306971134,180000.0,0.0,230357.12290762636,1140389.8581709536
 11/18  05:00:00,2205533.5282409913,567160.6131528465,180000.0,0.0,230357.12290762636,1134455.6643646855
 11/18  06:00:00,2905229.438860503,568138.4577567694,180000.0,0.0,230357.12290762636,1835207.6462023575
 11/18  07:00:00,4505129.97968502,538620.7562712069,180000.0,0.0,909304.4325301041,2787712.494712042
 11/18  08:00:00,3300152.7877214374,549106.4962327051,180000.0,0.0,1123807.0166141286,1363848.7261691878
 11/18  09:00:00,3320735.200852098,521971.1195137109,180000.0,0.0,1165774.9135001334,1379768.1982432543
 11/18  10:00:00,3268504.2755159824,479968.7056062687,180000.0,0.0,1175101.1128081344,1372416.9824390798
 11/18  11:00:00,2408044.9655103656,452539.46895613754,180000.0,0.0,459548.47090175265,1267143.0459224756
 11/18  12:00:00,2106687.1163691534,429880.3537980899,180000.0,0.0,230357.12290762636,1233906.9865101036
 11/18  13:00:00,2087934.1999111995,403789.25840068,180000.0,0.0,230357.12290762636,1249380.8287378936
 11/18  14:00:00,11345972.16037992,425817.9228789433,180000.0,0.0,858476.6463014984,9859304.517156564
 11/18  15:00:00,3376129.879718926,377317.3464589629,180000.0,0.0,1324320.3017361516,1472119.157480895
 11/18  16:00:00,4477019.375249203,339779.01435629494,180000.0,0.0,2350202.225616269,1582631.1454116388
 11/18  17:00:00,5322828.367990969,348982.7774949536,180000.0,0.0,3049667.1737163486,1705534.0161600849
 11/18  18:00:00,8637449.350387134,322837.2232842167,180000.0,0.0,3949645.406938452,4107677.9189252984
 11/18  19:00:00,7224632.757559476,421404.7712574281,180000.0,0.0,4448597.069916508,2077002.9569255405
 11/18  20:00:00,6723324.463928237,382984.7674776254,180000.0,0.0,4117516.994482471,1920787.7526431426
 11/18  21:00:00,6048450.028201298,478912.63956314547,180000.0,0.0,3250180.4588383716,1970541.916566866
 11/18  22:00:00,5118642.227574496,442944.2564679856,180000.0,0.0,2471442.816620283,1824931.4039220617
 11/18  23:00:00,4643176.294531863,462769.29081216536,180000.0,0.0,2182330.63807225,1645193.5207703665
 11/18  24:00:00,3432513.894077735,494203.73156893987,180000.0,0.0,1156448.7141921325,1481860.414813747
 11/19  01:00:00,2736543.230965349,521233.7834287697,180000.0,0.0,573561.2574420656,1368188.062278681
 11/19  02:00:00,2352877.7832421614,539900.5543743907,180000.0,0.0,316391.3115239362,1223025.789528002
 11/19  03:00:00,2226020.640037475,557752.0642605218,180000.0,0.0,230357.12290762636,1164351.3250534944
 11/19  04:00:00,2209413.9331486016,565106.8242541892,180000.0,0.0,230357.12290762636,1140389.8581709536
 11/19  05:00:00,2208663.6232738993,564983.6159971745,180000.0,0.0,232921.82771732667,1137198.0517435654
 11/19  06:00:00,2625363.773565064,567974.9528365827,180000.0,0.0,620541.9864561209,1181591.948855278
 11/19  07:00:00,3539399.23762846,554741.8830250596,180000.0,0.0,1419913.8446431626,1313556.4561873213
 11/19  08:00:00,2281435.934461207,568018.6870926442,180000.0,0.0,230357.12290762636,1233906.9865101036
 11/19  09:00:00,2279496.5777239036,558573.5977559024,180000.0,0.0,230357.12290762636,1243446.6349316256
 11/19  10:00:00,2249600.9440256474,542452.9977833165,180000.0,0.0,230357.12290762636,1239841.180316371
 11/19  11:00:00,2212560.089044473,523549.8315409099,180000.0,0.0,230357.12290762636,1233906.9865101036
 11/19  12:00:00,2169092.6247138646,494319.77796488476,180000.0,0.0,230357.12290762636,1233906.9865101036
 11/19  13:00:00,2152285.7700277045,468140.8285171852,180000.0,0.0,230357.12290762636,1249380.8287378936
 11/19  14:00:00,2864359.0395252896,436048.28419203835,180000.0,0.0,858476.6463014984,1367461.0349888366
 11/19  15:00:00,3624495.874960337,408564.20766618644,180000.0,0.0,1543485.9854741767,1470072.6077770577
 11/19  16:00:00,3621783.5990651767,405630.1456958648,180000.0,0.0,1556309.5095226779,1455436.9539816338
 11/19  17:00:00,3796097.8229111726,425579.11525317014,180000.0,0.0,1641411.0782081876,1510463.2288302314
 11/19  18:00:00,5627243.976722149,420177.52116574126,180000.0,0.0,2554212.8354787924,2397598.734660533
 11/19  19:00:00,10951438.18629088,397305.62142532563,180000.0,0.0,4448597.069916508,5825873.619666963
 11/19  20:00:00,6741153.757350571,390644.4817895428,180000.0,0.0,4117516.994482471,1920787.7526431426
 11/19  21:00:00,6060009.728167702,474201.0129528829,180000.0,0.0,3250180.4588383716,1970541.916566866
 11/19  22:00:00,3850556.909414553,452513.09054695355,180000.0,0.0,1350899.9697639546,1653582.6877848967
 11/19  23:00:00,2515122.848152738,496184.711398643,180000.0,0.0,230357.12290762636,1423494.6740368863
 11/19  24:00:00,2413173.256350301,515858.2540316529,180000.0,0.0,230357.12290762636,1358821.182619773
 11/20  01:00:00,2305237.5824415353,527753.3444401718,180000.0,0.0,230357.12290762636,1273566.987277904
 11/20  02:00:00,2224671.834115362,532441.7914558676,180000.0,0.0,230357.12290762636,1188312.791936035
 11/20  03:00:00,2204179.2211542674,535910.6453773137,180000.0,0.0,230357.12290762636,1164351.3250534944
 11/20  04:00:00,2183154.275170466,538847.1662760534,180000.0,0.0,230357.12290762636,1140389.8581709536
 11/20  05:00:00,2179219.8684598687,540846.9533717242,180000.0,0.0,230357.12290762636,1134455.6643646855
 11/20  06:00:00,4488957.809594592,518426.2261746463,180000.0,0.0,342038.3596209391,3373238.3383819237
 11/20  07:00:00,3122496.6353278733,513143.26633958466,180000.0,0.0,1079973.8798665237,1278192.4353488488
 11/20  08:00:00,2244790.505208596,531373.2578400332,180000.0,0.0,230357.12290762636,1233906.9865101036
 11/20  09:00:00,2231366.0917765326,510443.111808531,180000.0,0.0,230357.12290762636,1243446.6349316256
 11/20  10:00:00,2174928.0925560314,467780.14631370094,180000.0,0.0,230357.12290762636,1239841.180316371
 11/20  11:00:00,2094776.6748340302,405766.41733046726,180000.0,0.0,230357.12290762636,1233906.9865101036
 11/20  12:00:00,2029951.8262433645,355178.97949438484,180000.0,0.0,230357.12290762636,1233906.9865101036
 11/20  13:00:00,2007115.3614128213,322970.41990230174,180000.0,0.0,230357.12290762636,1249380.8287378936
 11/20  14:00:00,1991806.802357063,309695.77666862647,180000.0,0.0,230357.12290762636,1249380.8287378936
 11/20  15:00:00,2755864.36853112,306938.931700727,180000.0,0.0,886455.2442255015,1360097.1185619752
 11/20  16:00:00,2011185.373786555,332974.6260823033,180000.0,0.0,230357.12290762636,1243446.6349316256
 11/20  17:00:00,5896457.947050202,305774.7246797809,180000.0,0.0,1641411.0782081876,3730627.7435426507
 11/20  18:00:00,6403452.877035287,311039.18046687415,180000.0,0.0,3949645.406938452,1887513.4042128792
 11/20  19:00:00,7177835.326704106,372573.42457997455,180000.0,0.0,4448597.069916508,2077002.9569255405
 11/20  20:00:00,8873426.062855631,302752.272582183,180000.0,0.0,4117516.994482471,4140952.267355562
 11/20  21:00:00,5973225.644632756,387416.92941793683,180000.0,0.0,3250180.4588383716,1970541.916566866
 11/20  22:00:00,4425276.607546316,380602.89371415344,180000.0,0.0,1911870.8581402185,1739241.6943731965
 11/20  23:00:00,3516664.5811111536,409491.3335118071,180000.0,0.0,1207742.8103861383,1534344.0974036267
 11/20  24:00:00,2857698.1465691035,434449.50557557936,180000.0,0.0,694801.8484460795,1420310.0957561948
 11/21  01:00:00,2233037.5822576936,455553.34425633046,180000.0,0.0,230357.12290762636,1273566.987277904
 11/21  02:00:00,2162024.498078037,469794.4554185426,180000.0,0.0,230357.12290762636,1188312.791936035
 11/21  03:00:00,2160272.7493249737,485843.9336578323,180000.0,0.0,230357.12290762636,1170511.564943682
 11/21  04:00:00,2139419.4659737344,495112.3570793217,180000.0,0.0,230357.12290762636,1140389.8581709536
 11/21  05:00:00,2136156.5452247737,497783.63013662904,180000.0,0.0,230357.12290762636,1134455.6643646855
 11/21  06:00:00,2122940.255998646,495661.6740787418,180000.0,0.0,230357.12290762636,1141666.5735951946
 11/21  07:00:00,2901809.1192910634,480228.5803812581,180000.0,0.0,909304.4325301041,1261089.0526067854
 11/21  08:00:00,2700407.797379528,475294.7333281731,180000.0,0.0,677082.0697608775,1298877.8563396456
 11/21  09:00:00,2188713.1701627397,467790.1901947381,180000.0,0.0,230357.12290762636,1243446.6349316256
 11/21  10:00:00,2154768.231016401,447620.2847740705,180000.0,0.0,230357.12290762636,1239841.180316371
 11/21  11:00:00,2119656.526983522,430646.26947995886,180000.0,0.0,230357.12290762636,1233906.9865101036
 11/21  12:00:00,2082189.2775182263,407416.4307692464,180000.0,0.0,230357.12290762636,1233906.9865101036
 11/21  13:00:00,2074293.4516313104,390148.510120791,180000.0,0.0,230357.12290762636,1249380.8287378936
 11/21  14:00:00,2075188.8962217474,393077.8705333108,180000.0,0.0,230357.12290762636,1249380.8287378936
 11/21  15:00:00,2071095.1629311834,388984.1372427468,180000.0,0.0,230357.12290762636,1249380.8287378936
 11/21  16:00:00,2060718.6460137125,382507.8983094611,180000.0,0.0,230357.12290762636,1243446.6349316256
 11/21  17:00:00,2580739.3608393935,414860.2645950498,180000.0,0.0,583120.6117327667,1364114.0838919939
 11/21  18:00:00,10855741.335541237,320915.9036242355,180000.0,0.0,3949645.406938452,6329925.139561464
 11/21  19:00:00,7217482.605540471,412220.70341633906,180000.0,0.0,4448597.069916508,2077002.9569255405
 11/21  20:00:00,6734242.644725167,383733.36916413857,180000.0,0.0,4117516.994482471,1920787.7526431426
 11/21  21:00:00,6064255.6022793455,478446.8870645259,180000.0,0.0,3250180.4588383716,1970541.916566866
 11/21  22:00:00,3562719.918297896,486622.8199769434,180000.0,0.0,1071813.4554720225,1610722.4815301816
 11/21  23:00:00,2556213.3924251655,537275.2556710711,180000.0,0.0,230357.12290762636,1423494.6740368863
 11/21  24:00:00,2469322.610390042,572007.6080713937,180000.0,0.0,230357.12290762636,1358821.182619773
 11/22  01:00:00,2366928.7393943807,589444.5013930176,180000.0,0.0,230357.12290762636,1273566.987277904
 11/22  02:00:00,2299026.4202867504,606796.3776272561,180000.0,0.0,230357.12290762636,1188312.791936035
 11/22  03:00:00,2288818.002355761,620549.4265788071,180000.0,0.0,230357.12290762636,1164351.3250534944
 11/22  04:00:00,2277669.5900147203,633362.4811203076,180000.0,0.0,230357.12290762636,1140389.8581709536
 11/22  05:00:00,2306096.7912738537,646495.5074313893,180000.0,0.0,240615.94214642755,1145425.2138802044
 11/22  06:00:00,4707105.213967717,613485.1437601491,180000.0,0.0,453719.5963342519,3384645.588456233
 11/22  07:00:00,2878579.908190027,644611.0829974685,180000.0,0.0,739567.6051244846,1243214.1662951584
 11/22  08:00:00,3884342.566770362,638008.3028191845,180000.0,0.0,1569133.0335711795,1428048.0924291662
 11/22  09:00:00,4466539.030176033,604935.2021921597,180000.0,0.0,2098394.84430024,1516089.7615548833
 11/22  10:00:00,4439077.498646045,575424.7284956805,180000.0,0.0,2121710.342570243,1504992.784561789
 11/22  11:00:00,3001589.859421474,526012.1961267993,180000.0,0.0,917231.7019419051,1333599.8132669372
 11/22  12:00:00,2136205.739545788,461432.89279680845,180000.0,0.0,230357.12290762636,1233906.9865101036
 11/22  13:00:00,2071364.4410142843,387219.4995037647,180000.0,0.0,230357.12290762636,1249380.8287378936
 11/22  14:00:00,2745743.781892257,317433.02655900584,180000.0,0.0,858476.6463014984,1367461.0349888366
 11/22  15:00:00,1966170.332168302,284059.3064798654,180000.0,0.0,230357.12290762636,1249380.8287378936
 11/22  16:00:00,1972315.9959469591,294105.24824270734,180000.0,0.0,230357.12290762636,1243446.6349316256
 11/22  17:00:00,2130025.946537984,365693.38743152644,180000.0,0.0,230357.12290762636,1315331.035579248
 11/22  18:00:00,4036997.6618430056,408658.4035445307,180000.0,0.0,1159712.8839499326,2213371.4889314594
 11/22  19:00:00,7607935.054989396,460105.45501861244,180000.0,0.0,3394736.548112388,3473431.1765763126
 11/22  20:00:00,6768008.389228258,417499.1136672297,180000.0,0.0,4117516.994482471,1920787.7526431426
 11/22  21:00:00,6107846.162770834,522037.4475560131,180000.0,0.0,3250180.4588383716,1970541.916566866
 11/22  22:00:00,5183263.286377593,493327.90451649955,180000.0,0.0,2471442.816620283,1824931.4039220617
 11/22  23:00:00,4448975.835161343,527724.6492723578,180000.0,0.0,1938683.6811507219,1617481.1649286817
 11/22  24:00:00,2476843.9605433177,579528.9582246693,180000.0,0.0,230357.12290762636,1358821.182619773
 11/23  01:00:00,2379839.55117792,602355.3131765566,180000.0,0.0,230357.12290762636,1273566.987277904
 11/23  02:00:00,2310600.999525815,618370.9568663205,180000.0,0.0,230357.12290762636,1188312.791936035
 11/23  03:00:00,2297370.7254928187,629102.149715865,180000.0,0.0,230357.12290762636,1164351.3250534944
 11/23  04:00:00,2279863.9104133877,635556.8015189753,180000.0,0.0,230357.12290762636,1140389.8581709536
 11/23  05:00:00,2278180.2099302933,639807.2948421484,180000.0,0.0,230357.12290762636,1134455.6643646855
 11/23  06:00:00,2637952.295808707,641874.5634913365,180000.0,0.0,564934.5230821646,1175888.3238181232
 11/23  07:00:00,3253045.4143616483,643772.6035539781,180000.0,0.0,1079507.5699011236,1278578.1871336307
 11/23  08:00:00,3365941.38716849,629132.5064343412,180000.0,0.0,1123807.0166141286,1363848.7261691878
 11/23  09:00:00,2865036.2584783277,608243.6015582588,180000.0,0.0,698066.0182038799,1311607.41658744
 11/23  10:00:00,2296013.175075043,588865.2288327124,180000.0,0.0,230357.12290762636,1239841.180316371
 11/23  11:00:00,2246410.874278814,557400.6167752509,180000.0,0.0,230357.12290762636,1233906.9865101036
 11/23  12:00:00,2171017.3346541338,496244.48790515424,180000.0,0.0,230357.12290762636,1233906.9865101036
 11/23  13:00:00,2577965.113968711,394697.6013337427,180000.0,0.0,651435.0216638744,1327425.501106094
 11/23  14:00:00,2501821.4304590374,322243.9183407243,180000.0,0.0,649103.4718368743,1328100.9662385222
 11/23  15:00:00,1971779.9852026287,289668.95951419196,180000.0,0.0,230357.12290762636,1249380.8287378936
 11/23  16:00:00,2580869.8782265736,287202.2622770576,180000.0,0.0,761017.8635328871,1328242.7625516288
 11/23  17:00:00,2120665.7017295184,356333.14262306056,180000.0,0.0,230357.12290762636,1315331.035579248
 11/23  18:00:00,8115141.059661927,328858.95292081655,180000.0,0.0,3484501.2164518987,4046526.0048721284
 11/23  19:00:00,7222520.34410513,417258.44198099873,180000.0,0.0,4448597.069916508,2077002.9569255405
 11/23  20:00:00,6732289.565345842,381780.2897848136,180000.0,0.0,4117516.994482471,1920787.7526431426
 11/23  21:00:00,6063923.899575997,478115.1843611775,180000.0,0.0,3250180.4588383716,1970541.916566866
 11/23  22:00:00,5143832.283548754,453896.9016876599,180000.0,0.0,2471442.816620283,1824931.4039220617
 11/23  23:00:00,3318722.648020765,484307.6430808313,180000.0,0.0,962696.9235684103,1506631.7415619416
 11/23  24:00:00,2422849.4784755376,525534.4761568895,180000.0,0.0,230357.12290762636,1358821.182619773
 11/24  01:00:00,2319252.3501857687,541768.1121844057,180000.0,0.0,230357.12290762636,1273566.987277904
 11/24  02:00:00,2241751.7669658437,549521.7243063496,180000.0,0.0,230357.12290762636,1188312.791936035
 11/24  03:00:00,2220780.2726654955,554545.6127106253,180000.0,0.0,230357.12290762636,1164351.3250534944
 11/24  04:00:00,2203274.685618484,561249.4477498751,180000.0,0.0,230357.12290762636,1140141.902967233
 11/24  05:00:00,2204940.1959576784,566567.2808695333,180000.0,0.0,230357.12290762636,1134455.6643646855
 11/24  06:00:00,2213587.313644772,570037.4051482009,180000.0,0.0,230357.12290762636,1141666.5735951946
 11/24  07:00:00,2638616.468295729,573954.1144216667,180000.0,0.0,569830.7777188652,1225339.2799835312
 11/24  08:00:00,3308202.5680024866,557156.2765137544,180000.0,0.0,1123807.0166141286,1363848.7261691878
 11/24  09:00:00,4009835.3088023444,517530.1548567944,180000.0,0.0,1165774.9135001334,2073309.2708504172
 11/24  10:00:00,5016828.18271927,431872.9127330949,180000.0,0.0,1411753.4202486617,2932184.375075014
 11/24  11:00:00,4158296.077675123,368657.9949889378,180000.0,0.0,2061090.047068236,1499734.0558879497
 11/24  12:00:00,4026960.194950761,313708.66039391095,180000.0,0.0,1977154.253296226,1523554.628107291
 11/24  13:00:00,3967964.9478173633,280862.78821457835,180000.0,0.0,1921197.0574482195,1561498.112289566
 11/24  14:00:00,3944658.0711212065,275478.9595056635,180000.0,0.0,1902544.6588322176,1564261.3787404087
 11/24  15:00:00,3774547.631877073,302915.25120803673,180000.0,0.0,1762651.6692122016,1506607.6374139187
 11/24  16:00:00,3234937.8963617473,325813.41216696776,180000.0,0.0,1291678.6041581477,1413038.890171632
 11/24  17:00:00,3716844.444414339,346325.73675633705,180000.0,0.0,1641411.0782081876,1510463.2288302314
 11/24  18:00:00,5561416.795861708,352316.42448321654,180000.0,0.0,2554212.8354787924,2397598.734660533
 11/24  19:00:00,15128693.424878076,295142.0402002149,180000.0,0.0,4448597.069916508,10107326.355301354
 11/24  20:00:00,7540828.248095694,310612.9621007096,180000.0,0.0,4117516.994482471,2810663.342187516
 11/24  21:00:00,5975963.8096594885,406426.4210213367,180000.0,0.0,3250180.4588383716,1970541.916566866
 11/24  22:00:00,5056096.980366886,380399.00926037494,180000.0,0.0,2471442.816620283,1824931.4039220617
 11/24  23:00:00,4041453.2033910337,403764.8251977615,180000.0,0.0,1695036.724229194,1589768.8090869966
 11/24  24:00:00,2730927.2056691363,447297.63763266476,180000.0,0.0,578690.6670614663,1404937.8674720894
 11/25  01:00:00,2254450.2596637295,476966.0216623662,180000.0,0.0,230357.12290762636,1273566.987277904
 11/25  02:00:00,2190740.2709242944,498510.22826480004,180000.0,0.0,230357.12290762636,1188312.791936035
 11/25  03:00:00,2173700.987977115,507466.3280222446,180000.0,0.0,230357.12290762636,1164351.3250534944
 11/25  04:00:00,2157785.480593837,515512.28752150724,180000.0,0.0,230357.12290762636,1140389.8581709536
 11/25  05:00:00,2159351.895881642,520978.9807934973,180000.0,0.0,230357.12290762636,1134455.6643646855
 11/25  06:00:00,2167940.9691896383,524391.060693068,180000.0,0.0,230357.12290762636,1141666.5735951946
 11/25  07:00:00,2217875.481019435,528436.5545798658,180000.0,0.0,230357.12290762636,1189589.5073602768
 11/25  08:00:00,2255626.4072682285,527971.7491450824,180000.0,0.0,230357.12290762636,1233906.9865101036
 11/25  09:00:00,3300115.523669157,501351.44233077054,180000.0,0.0,1165774.9135001334,1379768.1982432543
 11/25  10:00:00,3741628.9795531016,469518.27610245347,180000.0,0.0,1175101.1128081344,1855992.1159800142
 11/25  11:00:00,14182356.219948262,500284.5610724472,180000.0,0.0,1147122.5148841313,12306135.164261684
 11/25  12:00:00,17161677.617053945,571751.720377627,180000.0,0.0,1105154.6179981267,15272228.625524856
 11/25  13:00:00,4039021.02179971,351918.86219692515,180000.0,0.0,1921197.0574482195,1561498.112289566
 11/25  14:00:00,3994787.055890072,325607.9442745295,180000.0,0.0,1902544.6588322176,1564261.3787404087
 11/25  15:00:00,4003005.5876570023,275672.4936130794,180000.0,0.0,1981817.3529502265,1543142.66705078
 11/25  16:00:00,4387498.694062881,250258.3331699737,180000.0,0.0,2350202.225616269,1582631.1454116388
 11/25  17:00:00,5248919.808546319,275074.2180503031,180000.0,0.0,3049667.1737163486,1705534.0161600849
 11/25  18:00:00,6380383.260566734,285935.6481762371,180000.0,0.0,3949645.406938452,1887513.4042128792
 11/25  19:00:00,7159138.986496031,355911.0001939836,180000.0,0.0,4448597.069916508,2077002.9569255405
 11/25  20:00:00,7351814.311839571,317933.5427817977,180000.0,0.0,4117516.994482471,2614328.8252503052
 11/25  21:00:00,7479805.9543312425,383645.1235878331,180000.0,0.0,3250180.4588383716,3497165.3586721225
 11/25  22:00:00,5068061.090420414,392363.1193139031,180000.0,0.0,2471442.816620283,1824931.4039220617
 11/25  23:00:00,4328563.779865289,419516.0889088034,180000.0,0.0,1938683.6811507219,1617481.1649286817
 11/25  24:00:00,2883680.8794655274,468567.9017603369,180000.0,0.0,694801.8484460795,1420310.0957561948
 11/26  01:00:00,2390632.7995787747,503225.94922820764,180000.0,0.0,316624.46650663624,1297222.2560280983
 11/26  02:00:00,2219114.73233378,526884.6896742857,180000.0,0.0,230357.12290762636,1188312.791936035
 11/26  03:00:00,2209876.0536303,541607.4778533464,180000.0,0.0,230357.12290762636,1164351.3250534944
 11/26  04:00:00,2195290.105643918,551313.6036877998,180000.0,0.0,230357.12290762636,1140059.2512326592
 11/26  05:00:00,2197295.114308159,553615.107031434,180000.0,0.0,232921.82771732667,1137198.0517435654
 11/26  06:00:00,2423961.0921971984,550505.5367020504,180000.0,0.0,453719.5963342519,1164481.0737438137
 11/26  07:00:00,3708363.027489104,536013.4009878393,180000.0,0.0,1590116.982014182,1331045.5907141666
 11/26  08:00:00,6451304.824419462,475280.66253883496,180000.0,0.0,2014459.0505282304,3712411.973401564
 11/26  09:00:00,4059591.997024912,465223.5425689729,180000.0,0.0,1865239.8616002132,1482009.370726976
 11/26  10:00:00,2171431.2834571283,464283.3372147981,180000.0,0.0,230357.12290762636,1239841.180316371
 11/26  11:00:00,2114799.1981157297,425788.9406121669,180000.0,0.0,230357.12290762636,1233906.9865101036
 11/26  12:00:00,2040919.0437770146,366146.1970280349,180000.0,0.0,230357.12290762636,1233906.9865101036
 11/26  13:00:00,1985981.8767564294,301836.9352459097,180000.0,0.0,230357.12290762636,1249380.8287378936
 11/26  14:00:00,1936375.9494007104,254264.92371227394,180000.0,0.0,230357.12290762636,1249380.8287378936
 11/26  15:00:00,1963472.6988281358,281361.6731396993,180000.0,0.0,230357.12290762636,1249380.8287378936
 11/26  16:00:00,2005890.1663219933,327679.4186177416,180000.0,0.0,230357.12290762636,1243446.6349316256
 11/26  17:00:00,2528211.8600027733,362332.76375842956,180000.0,0.0,583120.6117327667,1364114.0838919939
 11/26  18:00:00,6420976.711949963,328563.0153815497,180000.0,0.0,3949645.406938452,1887513.4042128792
 11/26  19:00:00,8844572.053703144,366856.5090819981,180000.0,0.0,4448597.069916508,3749456.5994225545
 11/26  20:00:00,6683594.51465274,333085.23909171234,180000.0,0.0,4117516.994482471,1920787.7526431426
 11/26  21:00:00,5983067.349895671,397258.63468085084,180000.0,0.0,3250180.4588383716,1970541.916566866
 11/26  22:00:00,4423850.5356781855,379176.8218460213,180000.0,0.0,1911870.8581402185,1739241.6943731965
 11/26  23:00:00,2694666.223115652,403669.30865024426,180000.0,0.0,474703.5447772544,1451207.0298785714
 11/26  24:00:00,2307148.6588102262,409833.65649157774,180000.0,0.0,230357.12290762636,1358821.182619773
 11/27  01:00:00,2185838.9537565173,408354.7157551538,180000.0,0.0,230357.12290762636,1273566.987277904
 11/27  02:00:00,2099414.8102431577,407184.7675836632,180000.0,0.0,230357.12290762636,1188312.791936035
 11/27  03:00:00,2073239.255143615,404970.67936666147,180000.0,0.0,230357.12290762636,1164351.3250534944
 11/27  04:00:00,2046878.3322740411,402571.2233796286,180000.0,0.0,230357.12290762636,1140389.8581709536
 11/27  05:00:00,4248846.71698124,369080.918426355,180000.0,0.0,240615.94214642755,3365589.7285926235
 11/27  06:00:00,2524686.686747216,405986.7776076234,180000.0,0.0,676149.4498300772,1187295.5738924327
 11/27  07:00:00,3577163.924414331,404814.29791306664,180000.0,0.0,1590116.982014182,1331045.5907141666
 11/27  08:00:00,3657248.929182681,410914.6652315034,180000.0,0.0,1569133.0335711795,1428048.092429166
 11/27  09:00:00,2182092.359299713,461169.3793317114,180000.0,0.0,230357.12290762636,1243446.6349316256
 11/27  10:00:00,2211839.487554436,504691.5413121059,180000.0,0.0,230357.12290762636,1239841.180316371
 11/27  11:00:00,2212737.244494896,523726.9869913327,180000.0,0.0,230357.12290762636,1233906.9865101036
 11/27  12:00:00,2216557.5632922836,541784.7165433039,180000.0,0.0,230357.12290762636,1233906.9865101036
 11/27  13:00:00,2242615.3607307547,558470.4192202352,180000.0,0.0,230357.12290762636,1249380.8287378936
 11/27  14:00:00,2264245.516179245,582134.4904908086,180000.0,0.0,230357.12290762636,1249380.8287378936
 11/27  15:00:00,2265567.7181085614,583456.692420125,180000.0,0.0,230357.12290762636,1249380.8287378936
 11/27  16:00:00,2287999.8002660875,609789.0525618359,180000.0,0.0,230357.12290762636,1243446.6349316256
 11/27  17:00:00,3185810.3350686757,618384.7016864454,180000.0,0.0,935884.100557907,1412897.1322047398
 11/27  18:00:00,4060425.8363626273,599412.1043122106,180000.0,0.0,1624390.7644710857,1581368.0821622484
 11/27  19:00:00,7404216.190052919,598954.2879287885,180000.0,0.0,4448597.069916508,2077002.9569255405
 11/27  20:00:00,7072269.164078717,528271.8176887729,180000.0,0.0,4117516.994482471,2114275.8234720584
 11/27  21:00:00,31337571.595205754,951945.2064552126,180000.0,0.0,3250180.4588383716,26770359.59010259
 11/27  22:00:00,12801029.346462391,715543.5127009898,180000.0,0.0,2191656.837380251,9500267.835062403
 11/27  23:00:00,3677743.893901391,570570.6463020451,180000.0,0.0,1207742.8103861383,1534344.0974036267
 11/27  24:00:00,3026977.739200483,603729.0982069599,180000.0,0.0,694801.8484460795,1420310.0957561948
 11/28  01:00:00,2623421.5947781205,626092.1320783494,180000.0,0.0,402891.81010564615,1320877.5247782925
 11/28  02:00:00,2367357.213596454,634888.343187722,180000.0,0.0,259035.18577972963,1199873.556813169
 11/28  03:00:00,2302431.7241198285,634163.1483428748,180000.0,0.0,230357.12290762636,1164351.3250534944
 11/28  04:00:00,2277331.0713834697,633023.9624890573,180000.0,0.0,230357.12290762636,1140389.8581709536
 11/28  05:00:00,2296709.0394138517,637107.7555713869,180000.0,0.0,240615.94214642755,1145425.2138802044
 11/28  06:00:00,2512126.200522072,638670.6450269237,180000.0,0.0,453719.5963342519,1164481.0737438137
 11/28  07:00:00,3791289.386008676,618939.7595074116,180000.0,0.0,1590116.982014182,1331045.5907141666
 11/28  08:00:00,4345877.792899864,590018.1457316573,180000.0,0.0,2014459.0505282304,1492247.4586891443
 11/28  09:00:00,4416992.392659601,555388.5646757283,180000.0,0.0,2098394.84430024,1516089.7615548833
 11/28  10:00:00,4395454.221643553,531801.4514931875,180000.0,0.0,2121710.342570243,1504992.784561789
 11/28  11:00:00,3512606.1020287527,512173.6239210815,180000.0,0.0,1375614.3979301574,1400071.9320916813
 11/28  12:00:00,3188558.6968802474,493393.03067261033,180000.0,0.0,1105154.6179981267,1379502.310878261
 11/28  13:00:00,2419978.1376326457,486271.9105599018,180000.0,0.0,440896.0722857505,1288403.1649219939
 11/28  14:00:00,2172726.091495961,490615.0658075246,180000.0,0.0,230357.12290762636,1249380.8287378936
 11/28  15:00:00,2429305.9984609196,491590.1690584974,180000.0,0.0,449056.49668025144,1286286.258679254
 11/28  16:00:00,3385511.055952967,476386.57175818714,180000.0,0.0,1291678.6041581477,1413038.890171632
 11/28  17:00:00,10708245.18995417,396067.6384533001,180000.0,0.0,1641411.0782081876,8452122.072673097
 11/28  18:00:00,14205365.028218217,308423.7412085878,180000.0,0.0,3484501.2164518987,10157185.185140649
 11/28  19:00:00,14647850.746276064,344847.51866908866,180000.0,0.0,4448597.069916508,9574744.282408385
 11/28  20:00:00,6739417.882667029,388908.60710600135,180000.0,0.0,4117516.994482471,1920787.7526431426
 11/28  21:00:00,6091945.25291552,506136.53770070075,180000.0,0.0,3250180.4588383716,1970541.916566866
 11/28  22:00:00,5163235.442130718,473300.0602696247,180000.0,0.0,2471442.816620283,1824931.4039220617
 11/28  23:00:00,3330139.024418451,495724.0194785172,180000.0,0.0,962696.9235684103,1506631.7415619416
 11/28  24:00:00,2429063.8751734695,531748.8728548213,180000.0,0.0,230357.12290762636,1358821.182619773
 11/29  01:00:00,2326859.4984205794,549375.2604192162,180000.0,0.0,230357.12290762636,1273566.987277904
 11/29  02:00:00,2249127.489011815,556897.4463523207,180000.0,0.0,230357.12290762636,1188312.791936035
 11/29  03:00:00,2228795.8620083444,560527.2862313911,180000.0,0.0,230357.12290762636,1164351.3250534944
 11/29  04:00:00,2207109.3514426844,562802.2425482718,180000.0,0.0,230357.12290762636,1140389.8581709536
 11/29  05:00:00,2203929.722187334,565556.8070991895,180000.0,0.0,230357.12290762636,1134455.6643646855
 11/29  06:00:00,2257190.590057086,568367.7647433715,180000.0,0.0,286197.7412642827,1147370.1986323493
 11/29  07:00:00,3175040.3736305106,565767.5628228404,180000.0,0.0,1079507.5699011236,1278578.1871336307
 11/29  08:00:00,3791550.0702327155,545215.806281538,180000.0,0.0,1569133.0335711795,1428048.092429166
 11/29  09:00:00,3327669.917010483,535007.583138346,180000.0,0.0,1165774.9135001334,1379768.1982432543
 11/29  10:00:00,2762035.633550073,516227.7912961343,180000.0,0.0,702729.1178578804,1306129.0813777253
 11/29  11:00:00,2207607.44823413,518597.1907305671,180000.0,0.0,230357.12290762636,1233906.9865101036
 11/29  12:00:00,2183093.847889686,508321.00114070607,180000.0,0.0,230357.12290762636,1233906.9865101036
 11/29  13:00:00,2429890.2130446127,496183.98597186885,180000.0,0.0,440896.0722857505,1288403.1649219939
 11/29  14:00:00,2176628.3965716707,494517.3708832339,180000.0,0.0,230357.12290762636,1249380.8287378936
 11/29  15:00:00,2177426.0906293653,495315.0649409286,180000.0,0.0,230357.12290762636,1249380.8287378936
 11/29  16:00:00,2181109.947383102,502899.1996788506,180000.0,0.0,230357.12290762636,1243446.6349316256
 11/29  17:00:00,2278387.3103230787,514054.7512166208,180000.0,0.0,230357.12290762636,1315331.035579248
 11/29  18:00:00,32471357.525322758,744787.5524937769,180000.0,0.0,3484501.2164518987,27986813.870959997
 11/29  19:00:00,8681307.431125693,488117.19497914327,180000.0,0.0,4448597.069916508,3464931.2909479584
 11/29  20:00:00,8184994.462526523,410791.0074124982,180000.0,0.0,4117516.994482471,3344481.9321961384
 11/29  21:00:00,6085801.224569575,499992.50935475534,180000.0,0.0,3250180.4588383716,1970541.916566866
 11/29  22:00:00,3882462.6742074885,483050.62840425386,180000.0,0.0,1352298.8996601545,1653551.9848243315
 11/29  23:00:00,2797367.9268387966,506371.01237338927,180000.0,0.0,474703.5447772544,1451207.0298785714
 11/29  24:00:00,2423569.7009896575,526254.6986710089,180000.0,0.0,230357.12290762636,1358821.182619773
 11/30  01:00:00,2308168.809749917,530684.571748554,180000.0,0.0,230357.12290762636,1273566.987277904
 11/30  02:00:00,2224143.3686085762,531913.3259490822,180000.0,0.0,230357.12290762636,1188312.791936035
 11/30  03:00:00,2202695.6837863903,534427.1080094366,180000.0,0.0,230357.12290762636,1164351.3250534944
 11/30  04:00:00,2183975.7091479367,539668.6002535243,180000.0,0.0,230357.12290762636,1140389.8581709536
 11/30  05:00:00,2183036.243309522,544663.3282213773,180000.0,0.0,230357.12290762636,1134455.6643646855
 11/30  06:00:00,2362292.992199368,550381.6800980308,180000.0,0.0,397878.9779775955,1158777.448706659
 11/30  07:00:00,2978804.4704973153,557223.9315875098,180000.0,0.0,909304.4325301041,1261089.0526067854
 11/30  08:00:00,2786644.7005999037,561531.636548548,180000.0,0.0,677082.0697608775,1298877.8563396456
 11/30  09:00:00,2302103.6675250833,581180.6875570817,180000.0,0.0,230357.12290762636,1243446.6349316256
 11/30  10:00:00,2294876.0285408692,587728.0822985389,180000.0,0.0,230357.12290762636,1239841.180316371
 11/30  11:00:00,2270686.13659722,581675.8790936571,180000.0,0.0,230357.12290762636,1233906.9865101036
 11/30  12:00:00,2244535.8791694352,569763.0324204551,180000.0,0.0,230357.12290762636,1233906.9865101036
 11/30  13:00:00,2254240.0365764536,570095.0950659337,180000.0,0.0,230357.12290762636,1249380.8287378936
 11/30  14:00:00,2254474.9235716006,572363.8978831645,180000.0,0.0,230357.12290762636,1249380.8287378936
 11/30  15:00:00,2253416.936375741,571305.9106873045,180000.0,0.0,230357.12290762636,1249380.8287378936
 11/30  16:00:00,2225072.9074221393,546862.1597178879,180000.0,0.0,230357.12290762636,1243446.6349316256
 11/30  17:00:00,2321590.8478947086,557258.288788251,180000.0,0.0,230357.12290762636,1315331.035579248
 11/30  18:00:00,2445895.4615259054,563528.3685528025,180000.0,0.0,230357.12290762636,1396755.0846483933
 11/30  19:00:00,11153304.089967694,497658.32462427963,180000.0,0.0,3921666.809014448,6454317.081046883
 11/30  20:00:00,6810127.708162796,459618.43260176695,180000.0,0.0,4117516.994482471,1920787.7526431426
 11/30  21:00:00,3587337.996935799,558089.3705103528,180000.0,0.0,984846.6469249126,1679315.639690952
 11/30  22:00:00,3292153.0440730033,539370.8932343328,180000.0,0.0,791328.0112838903,1567892.9782360317
 11/30  23:00:00,3632738.916891009,525565.6692916625,180000.0,0.0,1207742.8103861383,1534344.0974036267
 11/30  24:00:00,2833272.281235895,541507.0499110904,180000.0,0.0,578690.6670614663,1404937.8674720894
 12/01  01:00:00,2340384.749764691,545144.4629930356,180000.0,0.0,230357.12290762636,1266582.2119753167
 12/01  02:00:00,2240162.8042815733,543261.5785121805,180000.0,0.0,230357.12290762636,1168243.1509730536
 12/01  03:00:00,2209183.069442556,540572.7377618616,180000.0,0.0,230357.12290762636,1142524.016708023
 12/01  04:00:00,2181578.9474529843,538687.7500373205,180000.0,0.0,230357.12290762636,1116804.8824429922
 12/01  05:00:00,2177448.621769548,536345.996813708,180000.0,0.0,230357.12290762636,1112444.550159501
 12/01  06:00:00,2533397.550981197,527270.0143099925,180000.0,0.0,463045.795642253,1247352.548963907
 12/01  07:00:00,5290114.8709179005,485282.0213869484,180000.0,0.0,932619.9308001067,3579055.4864894683
 12/01  08:00:00,3400698.881463055,487897.43848824763,180000.0,0.0,1147122.5148841313,1480236.775320302
 12/01  09:00:00,3454208.9257941972,476653.3624054596,180000.0,0.0,1207742.8103861383,1497229.399350564
 12/01  10:00:00,3453123.369997479,476682.8836040492,180000.0,0.0,1231058.308656141,1488229.383027259
 12/01  11:00:00,4628886.844406468,463612.22596764524,180000.0,0.0,2173004.438764249,1750547.9439065498
 12/01  12:00:00,4252401.4203520445,464747.8082299367,180000.0,0.0,1857079.4372057123,1709426.0177377122
 12/01  13:00:00,4522022.938468062,462081.8380762591,180000.0,0.0,2028448.3494902318,1820631.6330175588
 12/01  14:00:00,13063256.449971724,529257.2942685959,180000.0,0.0,2009795.95087423,10315913.846768556
 12/01  15:00:00,14056645.564599229,604093.5023650758,180000.0,0.0,2107721.0436082412,11136541.660565568
 12/01  16:00:00,5061471.859104476,461480.03582127,180000.0,0.0,2536726.2117762906,1852404.4936229025
 12/01  17:00:00,6033009.540427448,468032.7110229423,180000.0,0.0,3343442.451918382,1992670.9408364375
 12/01  18:00:00,7249452.64826712,475452.5609999182,180000.0,0.0,4290051.68168049,2206221.532287341
 12/01  19:00:00,7270902.9202776365,561547.5855228535,180000.0,0.0,4104693.4704339695,2301217.3927847645
 12/01  20:00:00,4917408.02058668,562122.6135176982,180000.0,0.0,2163678.2394562475,1857301.578192674
 12/01  21:00:00,9176214.962919705,585546.5364851027,180000.0,0.0,1678715.8754401922,6518496.485629994
 12/01  22:00:00,4154321.542689975,586875.4340814158,180000.0,0.0,1324320.3017361513,1811093.3441529768
 12/01  23:00:00,3869946.831174869,598247.4910150702,180000.0,0.0,1203079.7107321378,1670020.04441591
 12/01  24:00:00,3804954.6145841386,602282.2945221204,180000.0,0.0,1156448.7141921325,1714489.7762734934
 12/02  01:00:00,3067952.01220211,616310.0450625746,180000.0,0.0,573561.2574420656,1579779.7578087575
 12/02  02:00:00,2522553.4987608297,641501.827787531,180000.0,0.0,287713.2486518329,1295037.470432753
 12/02  03:00:00,2334722.7482577665,666112.4165770723,180000.0,0.0,230357.12290762636,1142524.016708023
 12/02  04:00:00,2327977.8582478557,685086.6608321924,180000.0,0.0,230357.12290762636,1116804.8824429922
 12/02  05:00:00,2342925.822299133,701823.1973432933,180000.0,0.0,230357.12290762636,1112444.550159501
 12/02  06:00:00,2365243.118994718,718168.7330699303,180000.0,0.0,230357.12290762636,1120988.0709521165
 12/02  07:00:00,2867312.466722234,727007.851997378,180000.0,0.0,581488.5268538665,1265658.6556296127
 12/02  08:00:00,3627898.40285748,715096.9598826729,180000.0,0.0,1147122.5148841313,1480236.775320302
 12/02  09:00:00,3665950.5050549135,688394.9416661755,180000.0,0.0,1207742.8103861383,1497229.399350564
 12/02  10:00:00,5501882.462663595,621521.8087768335,180000.0,0.0,980883.0122190122,3642324.8469577194
 12/02  11:00:00,3523471.640973944,594370.8022821057,180000.0,0.0,1203079.7107321378,1484298.8921916764
 12/02  12:00:00,2516403.0901880655,542474.8003974665,180000.0,0.0,463045.79564225295,1289734.3369696632
 12/02  13:00:00,5570622.694885377,484518.4932224254,180000.0,0.0,1128470.1162681289,3746772.96751081
 12/02  14:00:00,4495164.117385211,453008.4438498073,180000.0,0.0,2009795.95087423,1824070.3646008295
 12/02  15:00:00,4516780.164596485,403498.8912041692,180000.0,0.0,2107721.0436082412,1797270.8717237297
 12/02  16:00:00,4983221.575008696,383229.7517254908,180000.0,0.0,2536726.2117762906,1852404.4936229025
 12/02  17:00:00,4583719.923167486,444108.79553917947,180000.0,0.0,2175802.2985566487,1734945.3924219725
 12/02  18:00:00,3647545.493752285,528533.7306033525,180000.0,0.0,1245980.2275489427,1595304.662300619
 12/02  19:00:00,6037584.491623899,615801.7350912783,180000.0,0.0,2443464.2186962795,2674874.0663002934
 12/02  20:00:00,8417042.01840439,520916.3980021243,180000.0,0.0,3131271.4176613577,4430548.613320848
 12/02  21:00:00,8546910.59133114,610696.9879322174,180000.0,0.0,3128939.867834358,4413817.670200148
 12/02  22:00:00,6038199.042194605,568168.8246968088,180000.0,0.0,2415485.6207722765,2622512.134006088
 12/02  23:00:00,5068551.547540844,585718.0843379496,180000.0,0.0,2177667.538418249,1906566.3397728938
 12/02  24:00:00,3508471.02469763,623643.8630281176,180000.0,0.0,925625.281319106,1627468.0507540144
 12/03  01:00:00,2777091.722014555,653458.7757371573,180000.0,0.0,402891.81010564615,1422440.1842830381
 12/03  02:00:00,2456275.8207378336,667299.3723664881,180000.0,0.0,259035.18577972963,1231640.3107029032
 12/03  03:00:00,2342167.0521683935,670984.9606640314,180000.0,0.0,230357.12290762636,1142524.016708023
 12/03  04:00:00,2316157.217711243,670694.2604719118,180000.0,0.0,230357.12290762636,1116804.8824429922
 12/03  05:00:00,2318163.588778507,677060.9638226671,180000.0,0.0,230357.12290762636,1112444.550159501
 12/03  06:00:00,2299820.236253231,673319.9289177846,180000.0,0.0,230357.12290762636,1120988.0709521165
 12/03  07:00:00,2839409.484128937,667432.6800058114,180000.0,0.0,405922.8248807464,1496042.385414011
 12/03  08:00:00,13271739.301944561,654336.8356871665,180000.0,0.0,2065753.1467222362,10284209.485530458
 12/03  09:00:00,7052399.578486988,636597.2453305525,180000.0,0.0,2186993.7377262497,3963940.5212491537
 12/03  10:00:00,2938929.633484659,600121.3611767397,180000.0,0.0,730707.7157818837,1356091.2814633406
 12/03  11:00:00,2265246.364742326,578717.6780980802,180000.0,0.0,230357.12290762636,1219592.8476159307
 12/03  12:00:00,2166406.1462164912,497879.7783379195,180000.0,0.0,230357.12290762636,1219592.8476159307
 12/03  13:00:00,2091999.6447831215,418196.1314122621,180000.0,0.0,230357.12290762636,1232585.272579221
 12/03  14:00:00,2030017.423708349,358785.67016115726,180000.0,0.0,230357.12290762636,1232585.272579221
 12/03  15:00:00,2008895.7752984797,337664.0217512882,180000.0,0.0,230357.12290762636,1232585.272579221
 12/03  16:00:00,2023034.608122803,353591.427035435,180000.0,0.0,230357.12290762636,1228224.94029573
 12/03  17:00:00,2174252.8459479427,409649.94329980895,180000.0,0.0,230357.12290762636,1305382.3430908215
 12/03  18:00:00,3554369.3817580813,437929.3784328156,180000.0,0.0,1245980.2275489427,1595304.662300619
 12/03  19:00:00,7832518.387893856,460220.0763722982,180000.0,0.0,4658436.554346533,2407845.5258153095
 12/03  20:00:00,6534337.201011838,426032.45400316955,180000.0,0.0,3615068.0067639137,2146072.3517063567
 12/03  21:00:00,6330945.112537799,509431.7905840251,180000.0,0.0,3128939.867834358,2278543.310165658
 12/03  22:00:00,5479295.783823482,489315.9920380574,180000.0,0.0,2415485.6207722765,2124459.3895280436
 12/03  23:00:00,3210790.2415102185,528264.0810385963,180000.0,0.0,716718.4168198821,1551777.599697983
 12/03  24:00:00,2508295.4097275836,570996.1449513145,180000.0,0.0,230357.12290762636,1364921.27297758
 12/04  01:00:00,2386751.766289722,591511.4795180666,180000.0,0.0,230357.12290762636,1266582.2119753167
 12/04  02:00:00,2302492.2397312983,605591.0139619057,180000.0,0.0,230357.12290762636,1168243.1509730536
 12/04  03:00:00,2288809.007463613,617626.9159592511,180000.0,0.0,230357.12290762636,1142524.016708023
 12/04  04:00:00,2274681.2613496403,629218.3041103086,180000.0,0.0,230357.12290762636,1116804.8824429922
 12/04  05:00:00,2584437.0393023137,635892.2911440599,180000.0,0.0,233388.13768272672,1416855.658586814
 12/04  06:00:00,4533422.120623114,604704.0356869458,180000.0,0.0,463045.795642253,3190517.1758182105
 12/04  07:00:00,2321776.8448651205,648981.7886469483,180000.0,0.0,230357.12290762636,1172426.339482177
 12/04  08:00:00,2373922.7966242107,656532.9920959536,180000.0,0.0,230357.12290762636,1219592.8476159307
 12/04  09:00:00,2378550.8165018857,655100.6791174966,180000.0,0.0,230357.12290762636,1228224.94029573
 12/04  10:00:00,2326451.818880262,620132.2410105187,180000.0,0.0,230357.12290762636,1223953.1798994222
 12/04  11:00:00,2231525.396358148,544996.7097139026,180000.0,0.0,230357.12290762636,1219592.8476159307
 12/04  12:00:00,2155804.9536511414,487278.5857725694,180000.0,0.0,230357.12290762636,1219592.8476159307
 12/04  13:00:00,2142985.5044944077,469181.9911235482,180000.0,0.0,230357.12290762636,1232585.272579221
 12/04  14:00:00,2110928.3382793777,439696.5847321863,180000.0,0.0,230357.12290762636,1232585.272579221
 12/04  15:00:00,2105565.4934307733,434333.73988358176,180000.0,0.0,230357.12290762636,1232585.272579221
 12/04  16:00:00,2132753.7362910374,463310.5552036693,180000.0,0.0,230357.12290762636,1228224.94029573
 12/04  17:00:00,2262507.5336645637,497904.63101643,180000.0,0.0,230357.12290762636,1305382.3430908215
 12/04  18:00:00,2695266.1091600778,521582.1463529195,180000.0,0.0,230357.12290762636,1668171.7264238286
 12/04  19:00:00,8511275.204576813,516554.700087168,180000.0,0.0,3550950.3865214055,4137753.886608524
 12/04  20:00:00,7142024.343071575,453666.0824557893,180000.0,0.0,4098864.5958664687,2242329.276210918
 12/04  21:00:00,5471713.611943889,546312.2145747899,180000.0,0.0,2403827.871637275,2107543.381778068
 12/04  22:00:00,4120393.430414154,534945.003039921,180000.0,0.0,1324320.3017361513,1811093.3441529768
 12/04  23:00:00,2659016.8414722206,581094.4196307808,180000.0,0.0,230357.12290762636,1433535.1549800558
 12/04  24:00:00,2538719.5847297283,601420.3199534592,180000.0,0.0,230357.12290762636,1364921.27297758
 12/05  01:00:00,2412273.3106391723,617033.0238675169,180000.0,0.0,230357.12290762636,1266582.2119753167
 12/05  02:00:00,2502999.794736037,621948.1237627381,180000.0,0.0,287713.2486518329,1295037.470432753
 12/05  03:00:00,2412453.262598031,629906.9230252453,180000.0,0.0,230357.12290762636,1253888.2647764466
 12/05  04:00:00,2379313.460642784,636803.1610350853,180000.0,0.0,230357.12290762636,1213852.2248113595
 12/05  05:00:00,2285428.9238723526,644326.2989165129,180000.0,0.0,230357.12290762636,1112444.550159501
 12/05  06:00:00,2807756.191151276,643944.6741917332,180000.0,0.0,578923.8220441663,1309732.5814396734
 12/05  07:00:00,3423405.70906552,640416.1690415414,180000.0,0.0,1107486.1678251266,1405491.7783704838
 12/05  08:00:00,2941115.21808988,635020.7537211844,180000.0,0.0,688739.8188958789,1349914.8114681165
 12/05  09:00:00,3575567.505348894,605727.2214311585,180000.0,0.0,1207742.8103861383,1497229.399350564
 12/05  10:00:00,3535400.1793331364,564103.2125870414,180000.0,0.0,1231058.308656141,1488229.383027259
 12/05  11:00:00,3434195.1697285473,510237.85068404465,180000.0,0.0,1203079.7107321378,1484298.8921916764
 12/05  12:00:00,2137814.081228472,469287.7133498999,180000.0,0.0,230357.12290762636,1219592.8476159307
 12/05  13:00:00,2103043.4554154538,429239.9420445946,180000.0,0.0,230357.12290762636,1232585.272579221
 12/05  14:00:00,2069227.7810468127,397996.02749962104,180000.0,0.0,230357.12290762636,1232585.272579221
 12/05  15:00:00,2049479.8587721554,378248.1052249638,180000.0,0.0,230357.12290762636,1232585.272579221
 12/05  16:00:00,2068516.9309098022,399073.74982243404,180000.0,0.0,230357.12290762636,1228224.94029573
 12/05  17:00:00,2195630.561355693,431027.65870755934,180000.0,0.0,230357.12290762636,1305382.3430908215
 12/05  18:00:00,3555261.616432024,438821.613106759,180000.0,0.0,1245980.2275489427,1595304.662300619
 12/05  19:00:00,5216599.375144688,485785.9313955638,180000.0,0.0,2443464.2186962795,1981332.99369313
 12/05  20:00:00,5956123.502356462,427872.2689549095,180000.0,0.0,3131271.4176613577,2049815.427201796
 12/05  21:00:00,6307788.78892863,486275.4669748561,180000.0,0.0,3128939.867834358,2278543.310165658
 12/05  22:00:00,4045666.0986167267,460901.7847103114,180000.0,0.0,1323620.8367880515,1811108.6956332591
 12/05  23:00:00,2573712.6162036248,495790.19436218496,180000.0,0.0,230357.12290762636,1433535.1549800558
 12/05  24:00:00,2455117.493506623,517818.22873035364,180000.0,0.0,230357.12290762636,1364921.27297758
 12/06  01:00:00,2333788.0650712866,538547.7782996313,180000.0,0.0,230357.12290762636,1266582.2119753167
 12/06  02:00:00,2252075.000034502,555173.7742651094,180000.0,0.0,230357.12290762636,1168243.1509730536
 12/06  03:00:00,2247463.4660647977,576281.3745604355,180000.0,0.0,230357.12290762636,1142524.016708023
 12/06  04:00:00,2244524.621277755,599061.6640384233,180000.0,0.0,230357.12290762636,1116804.8824429922
 12/06  05:00:00,2256760.9963636044,615658.3714077641,180000.0,0.0,230357.12290762636,1112444.550159501
 12/06  06:00:00,2253909.6553705386,627409.3480350923,180000.0,0.0,230357.12290762636,1120988.0709521165
 12/06  07:00:00,2317114.743512286,644319.6872941141,180000.0,0.0,230357.12290762636,1172426.339482177
 12/06  08:00:00,2367595.351002221,650205.5464739637,180000.0,0.0,230357.12290762636,1219592.8476159307
 12/06  09:00:00,2674184.9057262978,639137.2317085721,180000.0,0.0,474703.54477725434,1295476.0550594386
 12/06  10:00:00,2628168.6970952237,605604.7720063924,180000.0,0.0,480532.41934475506,1290022.2306813814
 12/06  11:00:00,2239591.867979422,553063.1813351766,180000.0,0.0,230357.12290762636,1219592.8476159307
 12/06  12:00:00,2137857.9007813255,469331.5329027534,180000.0,0.0,230357.12290762636,1219592.8476159307
 12/06  13:00:00,2085049.2148715584,411245.7015006988,180000.0,0.0,230357.12290762636,1232585.272579221
 12/06  14:00:00,2041543.1411579577,370311.38761076616,180000.0,0.0,230357.12290762636,1232585.272579221
 12/06  15:00:00,2911469.76353003,326315.9124616704,180000.0,0.0,931920.4658520067,1444944.0271560084
 12/06  16:00:00,3461897.045481864,324978.4068702491,180000.0,0.0,1384940.5972381583,1541116.923489445
 12/06  17:00:00,4047894.6536960704,384006.7046399858,180000.0,0.0,1785967.1674822045,1649057.3449241943
 12/06  18:00:00,6695876.193372516,394718.03778793366,180000.0,0.0,3275827.506935375,2750175.5351735046
 12/06  19:00:00,8822579.219905384,453641.6008377272,180000.0,0.0,4658436.554346533,3404484.8333614077
 12/06  20:00:00,7101737.555133503,413379.29451771686,180000.0,0.0,4098864.5958664687,2242329.276210918
 12/06  21:00:00,6347021.384299589,525508.0623458164,180000.0,0.0,3128939.867834358,2278543.310165658
 12/06  22:00:00,4118110.725571122,532662.2981968886,180000.0,0.0,1324320.3017361513,1811093.3441529768
 12/06  23:00:00,3859542.47363071,572412.5745289051,180000.0,0.0,1203079.7107321378,1670020.04441591
 12/06  24:00:00,3186697.0371524915,609427.9945808141,180000.0,0.0,694801.8484460795,1540446.3252345354
 12/07  01:00:00,2439585.037027239,644344.7502555836,180000.0,0.0,230357.12290762636,1266582.2119753167
 12/07  02:00:00,2363663.2745976727,666762.04882828,180000.0,0.0,230357.12290762636,1168243.1509730536
 12/07  03:00:00,2351957.8261325005,680775.7346281382,180000.0,0.0,230357.12290762636,1142524.016708023
 12/07  04:00:00,2333353.1118125105,687890.154573179,180000.0,0.0,230357.12290762636,1116804.8824429922
 12/07  05:00:00,2327107.9015220217,686005.2765661819,180000.0,0.0,230357.12290762636,1112444.550159501
 12/07  06:00:00,2672867.722828882,687314.2647470187,180000.0,0.0,463045.795642253,1247352.548963907
 12/07  07:00:00,3898618.0395679288,672694.4123070394,180000.0,0.0,1457218.6418751664,1498693.391557354
 12/07  08:00:00,2692506.4754960146,680764.3410475379,180000.0,0.0,459548.47090175265,1284753.8295420236
 12/07  09:00:00,2406848.372258032,683398.234873643,180000.0,0.0,230357.12290762636,1228224.94029573
 12/07  10:00:00,2365272.2129492643,658952.6350795213,180000.0,0.0,230357.12290762636,1223953.1798994222
 12/07  11:00:00,2308830.135562659,622301.4489184134,180000.0,0.0,230357.12290762636,1219592.8476159307
 12/07  12:00:00,2231836.82457521,563310.4566966381,180000.0,0.0,230357.12290762636,1219592.8476159307
 12/07  13:00:00,2177876.906394668,504073.3930238087,180000.0,0.0,230357.12290762636,1232585.272579221
 12/07  14:00:00,6985170.1362533355,390393.6569169292,180000.0,0.0,896947.2184470026,5489539.902829059
 12/07  15:00:00,11316756.951721685,433529.7090664143,180000.0,0.0,1165774.9135001334,9509162.971094793
 12/07  16:00:00,23708295.32720541,663616.2056197361,180000.0,0.0,1960833.4045072244,20872984.599194437
 12/07  17:00:00,5965883.003792808,400906.174388304,180000.0,0.0,3343442.451918382,1992670.9408364375
 12/07  18:00:00,7169981.5327507295,398553.20530719473,180000.0,0.0,4290051.68168049,2206221.532287341
 12/07  19:00:00,8064386.143948611,478560.39642360335,180000.0,0.0,4658436.554346533,2621372.9618187584
 12/07  20:00:00,8041992.402899767,428526.5257990385,180000.0,0.0,4098864.5958664687,3167436.892695861
 12/07  21:00:00,6349920.977938283,528407.6559845101,180000.0,0.0,3128939.867834358,2278543.310165658
 12/07  22:00:00,5494651.241643805,504671.44985838066,180000.0,0.0,2415485.6207722765,2124459.3895280436
 12/07  23:00:00,3822687.5794163616,535557.680314557,180000.0,0.0,1203079.7107321378,1670020.04441591
 12/07  24:00:00,2513271.890307178,575972.6255309083,180000.0,0.0,230357.12290762636,1364921.27297758
 12/08  01:00:00,2391526.6930082953,596286.4062366397,180000.0,0.0,230357.12290762636,1266582.2119753167
 12/08  02:00:00,2303275.5396459084,606374.3138765161,180000.0,0.0,230357.12290762636,1168243.1509730536
 12/08  03:00:00,2279491.5623886357,610881.2307079418,180000.0,0.0,230357.12290762636,1142524.016708023
 12/08  04:00:00,2253780.715380977,610889.5179653134,180000.0,0.0,230357.12290762636,1116804.8824429922
 12/08  05:00:00,2250212.7908669794,609110.1659111392,180000.0,0.0,230357.12290762636,1112444.550159501
 12/08  06:00:00,2255055.58823661,607981.2023118224,180000.0,0.0,230357.12290762636,1120988.0709521165
 12/08  07:00:00,2301883.4033025517,605942.5086713711,180000.0,0.0,230357.12290762636,1172426.339482177
 12/08  08:00:00,2335163.6331030354,599771.5098091045,180000.0,0.0,230357.12290762636,1219592.8476159307
 12/08  09:00:00,2311498.3950677575,580332.9782123652,180000.0,0.0,230357.12290762636,1228224.94029573
 12/08  10:00:00,2258602.2798981965,547139.1823811182,180000.0,0.0,230357.12290762636,1223953.1798994222
 12/08  11:00:00,2192896.419452146,501224.2131605653,180000.0,0.0,230357.12290762636,1219592.8476159307
 12/08  12:00:00,2128981.9746414497,457883.8469392103,180000.0,0.0,230357.12290762636,1219592.8476159307
 12/08  13:00:00,4452185.331767753,392244.23137594963,180000.0,0.0,2028448.3494902318,1820631.6330175588
 12/08  14:00:00,6581029.624678746,318709.4364309225,180000.0,0.0,2009795.95087423,4044234.8793132496
 12/08  15:00:00,4448015.74841846,334734.4750261442,180000.0,0.0,2107721.0436082412,1797270.8717237297
 12/08  16:00:00,4941928.794929382,341936.971646177,180000.0,0.0,2536726.2117762906,1852404.4936229025
 12/08  17:00:00,5907914.75081224,342937.9214077357,180000.0,0.0,3343442.451918382,1992670.9408364375
 12/08  18:00:00,4708469.78635757,369702.094832414,180000.0,0.0,2261603.332190259,1799437.4860355256
 12/08  19:00:00,5175344.996221482,447103.31229602406,180000.0,0.0,2443464.2186962795,1981332.99369313
 12/08  20:00:00,5906894.048760727,391501.6144775124,180000.0,0.0,3131271.4176613577,2049815.427201796
 12/08  21:00:00,6232570.9273115415,431631.68394710904,180000.0,0.0,3128939.867834358,2278543.310165658
 12/08  22:00:00,5368309.073209861,396331.60019011045,180000.0,0.0,2415485.6207722765,2124459.3895280436
 12/08  23:00:00,4889123.471582843,406290.00837994844,180000.0,0.0,2177667.538418249,1906566.3397728938
 12/08  24:00:00,3007799.704022745,440817.700745738,180000.0,0.0,694801.8484460795,1540446.3252345354
 12/09  01:00:00,2425348.922833114,465912.30630858784,180000.0,0.0,316624.46650663624,1344511.1981291773
 12/09  02:00:00,2179560.869280679,482659.6435112866,180000.0,0.0,230357.12290762636,1168243.1509730536
 12/09  03:00:00,2159395.666206636,490785.3345259419,180000.0,0.0,230357.12290762636,1142524.016708023
 12/09  04:00:00,2139461.372754484,496570.1753388203,180000.0,0.0,230357.12290762636,1116804.8824429922
 12/09  05:00:00,2139981.95552247,498879.3305666303,180000.0,0.0,230357.12290762636,1112444.550159501
 12/09  06:00:00,2147788.0503661395,500713.66444135195,180000.0,0.0,230357.12290762636,1120988.0709521165
 12/09  07:00:00,2198176.8336952287,502235.93906404846,180000.0,0.0,230357.12290762636,1172426.339482177
 12/09  08:00:00,2237635.349669246,502243.22637531476,180000.0,0.0,230357.12290762636,1219592.8476159307
 12/09  09:00:00,2229216.6434594598,498051.2266040677,180000.0,0.0,230357.12290762636,1228224.94029573
 12/09  10:00:00,2825334.8478865735,481383.05593131954,180000.0,0.0,730707.7157818836,1356091.2814633406
 12/09  11:00:00,2770144.8553508287,459758.3328591189,180000.0,0.0,716718.4168198821,1351945.8699038036
 12/09  12:00:00,3038620.2069849623,459031.59301764506,180000.0,0.0,928423.1411115061,1430017.3156771278
 12/09  13:00:00,4487680.545476721,427739.4450849177,180000.0,0.0,2028448.3494902318,1820631.6330175588
 12/09  14:00:00,11849504.548073744,501899.9722955205,180000.0,0.0,1119143.916960128,10020171.300757753
 12/09  15:00:00,22330278.50488336,642427.0105781471,180000.0,0.0,2107721.0436082412,19371841.092636634
 12/09  16:00:00,5036836.925871847,436845.10258864146,180000.0,0.0,2536726.2117762906,1852404.4936229025
 12/09  17:00:00,6030366.967840841,465390.13843633526,180000.0,0.0,3343442.451918382,1992670.9408364375
 12/09  18:00:00,11779676.819069963,423723.6995632452,180000.0,0.0,4290051.68168049,6788174.564526857
 12/09  19:00:00,7908929.618622148,539203.0669242584,180000.0,0.0,4658436.554346533,2407845.5258153095
 12/09  20:00:00,7187144.422564321,511644.9610668732,180000.0,0.0,4098864.5958664687,2242329.276210918
 12/09  21:00:00,6416447.627967436,615508.384603003,180000.0,0.0,3128939.867834358,2278543.310165658
 12/09  22:00:00,5569690.138885252,597712.6658655019,180000.0,0.0,2415485.6207722765,2124459.3895280436
 12/09  23:00:00,5109757.256482276,626923.7932793814,180000.0,0.0,2177667.538418249,1906566.3397728938
 12/09  24:00:00,3870077.83862422,667405.5185622016,180000.0,0.0,1156448.7141921325,1714489.7762734934
 12/10  01:00:00,2996503.633917872,708866.1772094055,180000.0,0.0,488226.5337738559,1501109.9710458978
 12/10  02:00:00,2625991.9668580834,744940.2958847847,180000.0,0.0,287713.2486518329,1295037.470432753
 12/10  03:00:00,2553663.4822463156,771117.1426735299,180000.0,0.0,230357.12290762636,1253888.2647764466
 12/10  04:00:00,2809486.3732476337,789976.1857818193,180000.0,0.0,230357.12290762636,1490852.1126694758
 12/10  05:00:00,4483440.109228405,777403.916041071,180000.0,0.0,242481.18200802774,3165254.0592905926
 12/10  06:00:00,2988988.292676978,825176.7757174342,180000.0,0.0,578923.8220441663,1309732.5814396734
 12/10  07:00:00,6241726.033580059,795637.89160675,180000.0,0.0,1457218.6418751664,3718857.906269774
 12/10  08:00:00,2857214.390943562,845472.2564950855,180000.0,0.0,459548.47090175265,1284753.8295420236
 12/10  09:00:00,2591715.721982819,868265.5845984299,180000.0,0.0,230357.12290762636,1228224.94029573
 12/10  10:00:00,2564150.684019683,857831.10614994,180000.0,0.0,230357.12290762636,1223953.1798994222
 12/10  11:00:00,2491790.430405972,805261.7437617265,180000.0,0.0,230357.12290762636,1219592.8476159307
 12/10  12:00:00,2382232.8276449116,713706.4597663395,180000.0,0.0,230357.12290762636,1219592.8476159307
 12/10  13:00:00,2313186.036358174,639382.5229873145,180000.0,0.0,230357.12290762636,1232585.272579221
 12/10  14:00:00,2261758.7221355923,590526.968588401,180000.0,0.0,230357.12290762636,1232585.272579221
 12/10  15:00:00,2967171.079827196,565740.9061077511,180000.0,0.0,464211.57055575313,1728929.2451033473
 12/10  16:00:00,21412417.772607777,869942.5839851222,180000.0,0.0,1384940.5972381583,18946673.473500483
 12/10  17:00:00,4744358.78268894,605198.61354575,180000.0,0.0,2175335.988591249,1734960.7439022553
 12/10  18:00:00,4976923.32559357,640727.3938920824,180000.0,0.0,2261603.332190259,1799437.4860355256
 12/10  19:00:00,5509619.210340118,778805.7665909927,180000.0,0.0,2443464.2186962795,1981332.99369313
 12/10  20:00:00,2818886.119577199,769029.3220356142,180000.0,0.0,230357.12290762636,1472335.2860955605
 12/10  21:00:00,3138153.8467157963,900704.5844571124,180000.0,0.0,230357.12290762636,1593061.9953973
 12/10  22:00:00,3022861.0386501164,844680.4295583456,180000.0,0.0,230357.12290762636,1497788.70469904
 12/10  23:00:00,2933476.570001345,855554.1481599058,180000.0,0.0,230357.12290762636,1433535.1549800558
 12/10  24:00:00,2819680.959163186,882381.694386917,180000.0,0.0,230357.12290762636,1364921.27297758
 12/11  01:00:00,2703829.9422623245,908589.6554906688,180000.0,0.0,230357.12290762636,1266582.2119753167
 12/11  02:00:00,2624525.998174883,927624.7724054902,180000.0,0.0,230357.12290762636,1168243.1509730536
 12/11  03:00:00,2610943.9948880444,939761.9033836825,180000.0,0.0,230357.12290762636,1142524.016708023
 12/11  04:00:00,2591455.693345752,945992.7361064208,180000.0,0.0,230357.12290762636,1116804.8824429922
 12/11  05:00:00,2589810.27010997,948707.6451541304,180000.0,0.0,230357.12290762636,1112444.550159501
 12/11  06:00:00,2754435.5686344947,948408.6859258398,180000.0,0.0,346701.45927493967,1184170.3099580118
 12/11  07:00:00,3508055.5881123226,946533.0917067993,180000.0,0.0,932619.9308001067,1358890.9717770484
 12/11  08:00:00,3828342.793204854,933543.6689957205,180000.0,0.0,1147122.5148841313,1480236.775320302
 12/11  09:00:00,2659076.1477668094,935626.0103824206,180000.0,0.0,230357.12290762636,1228224.94029573
 12/11  10:00:00,2625209.364993502,918889.7871237588,180000.0,0.0,230357.12290762636,1223953.1798994222
 12/11  11:00:00,2530829.88791153,844301.2012672845,180000.0,0.0,230357.12290762636,1219592.8476159307
 12/11  12:00:00,2415139.274027988,746612.9061494159,180000.0,0.0,230357.12290762636,1219592.8476159307
 12/11  13:00:00,2333242.8596850117,659439.3463141522,180000.0,0.0,230357.12290762636,1232585.272579221
 12/11  14:00:00,2271014.154757047,599782.4012098558,180000.0,0.0,230357.12290762636,1232585.272579221
 12/11  15:00:00,2240603.7302862382,569371.9767390467,180000.0,0.0,230357.12290762636,1232585.272579221
 12/11  16:00:00,2254710.9095351836,585267.7284478158,180000.0,0.0,230357.12290762636,1228224.94029573
 12/11  17:00:00,6950846.598548837,591070.9562081113,180000.0,0.0,2175802.298556649,3955109.9071343923
 12/11  18:00:00,7372548.379715357,601120.0522718219,180000.0,0.0,4290051.68168049,2206221.532287341
 12/11  19:00:00,8090120.774003913,717822.4624823548,180000.0,0.0,4658436.554346533,2407845.5258153095
 12/11  20:00:00,9155752.444033962,652410.9773888614,180000.0,0.0,4098864.5958664687,4057312.4822402336
 12/11  21:00:00,22720281.892852463,1051683.934284215,180000.0,0.0,3128939.867834358,18125627.946780134
 12/11  22:00:00,8581178.480665434,855059.0156168978,180000.0,0.0,2142694.2910132455,5133390.392550186
 12/11  23:00:00,4044274.205613131,757144.306511326,180000.0,0.0,1203079.7107321378,1670020.04441591
 12/11  24:00:00,3044047.6657359623,786763.512061989,180000.0,0.0,462579.485676853,1452683.7991060577
 12/12  01:00:00,2597123.4707474513,801883.1839757955,180000.0,0.0,230357.12290762636,1266582.2119753167
 12/12  02:00:00,2493928.804296912,797027.5785275195,180000.0,0.0,230357.12290762636,1168243.1509730536
 12/12  03:00:00,2461065.0197216184,789882.9282172567,180000.0,0.0,230357.12290762636,1142524.016708023
 12/12  04:00:00,2428895.0321368324,783432.074897501,180000.0,0.0,230357.12290762636,1116804.8824429922
 12/12  05:00:00,2417621.3175023785,776518.6925465387,180000.0,0.0,230357.12290762636,1112444.550159501
 12/12  06:00:00,2576084.4570034416,770057.5742947867,180000.0,0.0,346701.45927493967,1184170.3099580118
 12/12  07:00:00,2875157.986494859,757999.2101830114,180000.0,0.0,581488.5268538665,1265658.6556296127
 12/12  08:00:00,3061796.858481929,755702.3941132338,180000.0,0.0,688739.8188958789,1349914.8114681165
 12/12  09:00:00,2473818.7313260543,750368.5939416651,180000.0,0.0,230357.12290762636,1228224.94029573
 12/12  10:00:00,2436317.6148575414,729998.036987798,180000.0,0.0,230357.12290762636,1223953.1798994222
 12/12  11:00:00,2389594.802484011,703066.1158397649,180000.0,0.0,230357.12290762636,1219592.8476159307
 12/12  12:00:00,2335861.2460597977,667334.8781812256,180000.0,0.0,230357.12290762636,1219592.8476159307
 12/12  13:00:00,2292735.0933348797,618931.5799640203,180000.0,0.0,230357.12290762636,1232585.272579221
 12/12  14:00:00,2263589.8437335733,592358.0901863818,180000.0,0.0,230357.12290762636,1232585.272579221
 12/12  15:00:00,2243554.658740244,572322.9051930526,180000.0,0.0,230357.12290762636,1232585.272579221
 12/12  16:00:00,2228623.3804575633,559180.1993701954,180000.0,0.0,230357.12290762636,1228224.94029573
 12/12  17:00:00,2318749.68122348,554146.7785753469,180000.0,0.0,230357.12290762636,1305382.3430908215
 12/12  18:00:00,4854333.616486741,518137.6847852523,180000.0,0.0,2261603.332190259,1799437.4860355256
 12/12  19:00:00,5282270.12013272,551456.676383595,180000.0,0.0,2443464.2186962795,1981332.99369313
 12/12  20:00:00,5711877.014317967,486679.4066654139,180000.0,0.0,2647474.8285588026,2230558.3905553515
 12/12  21:00:00,10571811.820125569,445970.16556751623,180000.0,0.0,3128939.867834358,6582871.642769936
 12/12  22:00:00,4407675.063899636,471093.79542260576,180000.0,0.0,1597111.6314951829,1889434.8554967435
 12/12  23:00:00,2589380.6266473066,511458.20480586705,180000.0,0.0,230357.12290762636,1433535.1549800558
 12/12  24:00:00,2469388.2296948484,532088.9649185792,180000.0,0.0,230357.12290762636,1364921.27297758
 12/13  01:00:00,2332879.828729804,537639.5419581484,180000.0,0.0,230357.12290762636,1266582.2119753167
 12/13  02:00:00,2242334.0246142866,545432.798844894,180000.0,0.0,230357.12290762636,1168243.1509730536
 12/13  03:00:00,2226296.7273254683,555114.6358211061,180000.0,0.0,230357.12290762636,1142524.016708023
 12/13  04:00:00,2213103.660055198,567640.7028158668,180000.0,0.0,230357.12290762636,1116804.8824429922
 12/13  05:00:00,2222608.35515616,581505.73020032,180000.0,0.0,230357.12290762636,1112444.550159501
 12/13  06:00:00,2577135.291488324,591581.8334064605,180000.0,0.0,463045.795642253,1247352.548963907
 12/13  07:00:00,4088191.628868871,585268.1137498657,180000.0,0.0,1457218.6418751664,1775693.2794154703
 12/13  08:00:00,11713982.564441154,488359.7452510855,180000.0,0.0,1147122.5148841313,9811060.470301237
 12/13  09:00:00,4204835.51289643,541454.1563715314,180000.0,0.0,1207742.8103861383,2190770.4719577273
 12/13  10:00:00,2301873.3539007544,595553.7760310115,180000.0,0.0,230357.12290762636,1223953.1798994222
 12/13  11:00:00,2266396.2100870656,579867.5234428201,180000.0,0.0,230357.12290762636,1219592.8476159307
 12/13  12:00:00,2199820.926418407,531294.558539835,180000.0,0.0,230357.12290762636,1219592.8476159307
 12/13  13:00:00,2177629.708656002,503826.1952851422,180000.0,0.0,230357.12290762636,1232585.272579221
 12/13  14:00:00,2151483.1827852735,480251.4292380822,180000.0,0.0,230357.12290762636,1232585.272579221
 12/13  15:00:00,2088825.8160038118,417594.06245662016,180000.0,0.0,230357.12290762636,1232585.272579221
 12/13  16:00:00,2064783.050056565,395339.8689691969,180000.0,0.0,230357.12290762636,1228224.94029573
 12/13  17:00:00,5743895.321879402,377190.82470388577,180000.0,0.0,2954073.630809338,2183767.429716493
 12/13  18:00:00,11360463.926243689,284707.2661958805,180000.0,0.0,4290051.68168049,6510549.864891617
 12/13  19:00:00,7790174.915837977,417876.6043164186,180000.0,0.0,4658436.554346533,2407845.5258153095
 12/13  20:00:00,8882315.114408864,378973.64776376256,180000.0,0.0,4098864.5958664687,4057312.4822402336
 12/13  21:00:00,6956068.434388375,479368.1947561186,180000.0,0.0,2766383.8697358165,3296286.225942683
 12/13  22:00:00,3369401.2737060566,487586.75547305465,180000.0,0.0,777338.7123218889,1654441.024426008
 12/13  23:00:00,2605912.899769507,527990.4779280673,180000.0,0.0,230357.12290762636,1433535.1549800558
 12/13  24:00:00,2495223.1891083596,557923.9243320909,180000.0,0.0,230357.12290762636,1364921.27297758
 12/14  01:00:00,2376437.4085646234,581197.1217929677,180000.0,0.0,230357.12290762636,1266582.2119753167
 12/14  02:00:00,2294598.3684102604,597697.1426408677,180000.0,0.0,230357.12290762636,1168243.1509730536
 12/14  03:00:00,2339867.8923957106,613003.6768571369,180000.0,0.0,230357.12290762636,1198206.140742235
 12/14  04:00:00,2273248.546327977,627785.5890886458,180000.0,0.0,230357.12290762636,1116804.8824429922
 12/14  05:00:00,2280610.0539650056,639507.4290091655,180000.0,0.0,230357.12290762636,1112444.550159501
 12/14  06:00:00,2459119.3589674574,653092.4762588027,180000.0,0.0,346701.45927493967,1184170.3099580118
 12/14  07:00:00,3442426.089105836,659436.5490818572,180000.0,0.0,1107486.1678251266,1405491.7783704838
 12/14  08:00:00,3846992.6633817675,657359.547806732,180000.0,0.0,1376780.1728436574,1545413.1087266773
 12/14  09:00:00,3015289.6738178115,668644.4631667496,180000.0,0.0,719049.9666468824,1362727.169823147
 12/14  10:00:00,2394967.7340910104,688648.1562212671,180000.0,0.0,230357.12290762636,1223953.1798994222
 12/14  11:00:00,2379116.06363358,692587.3769893348,180000.0,0.0,230357.12290762636,1219592.8476159307
 12/14  12:00:00,2363933.369862262,695407.0019836901,180000.0,0.0,230357.12290762636,1219592.8476159307
 12/14  13:00:00,2367022.3764878623,693218.8631170024,180000.0,0.0,230357.12290762636,1232585.272579221
 12/14  14:00:00,2367763.654113819,696531.9005666272,180000.0,0.0,230357.12290762636,1232585.272579221
 12/14  15:00:00,3272530.215503075,687376.3644347152,180000.0,0.0,931920.4658520067,1444944.0271560084
 12/14  16:00:00,3816226.127273612,679307.4886619975,180000.0,0.0,1384940.5972381583,1541116.923489445
 12/14  17:00:00,6546763.795527081,662711.3317585767,180000.0,0.0,1785967.1674822045,3869221.859636614
 12/14  18:00:00,6804911.675842056,642291.4473340332,180000.0,0.0,3782939.594307932,2104525.520724387
 12/14  19:00:00,8091953.387805538,719655.0762839797,180000.0,0.0,4658436.554346533,2407845.5258153095
 12/14  20:00:00,7361013.869288961,672655.6086731758,180000.0,0.0,4098864.5958664687,2242329.276210918
 12/14  21:00:00,6604320.611807527,782807.289853753,180000.0,0.0,3128939.867834358,2278543.310165658
 12/14  22:00:00,4692999.569045275,756418.3005682456,180000.0,0.0,1597111.6314951829,1889434.8554967435
 12/14  23:00:00,4071720.7605495313,784590.8614477264,180000.0,0.0,1203079.7107321378,1670020.04441591
 12/14  24:00:00,2762482.2874889625,825183.0227126933,180000.0,0.0,230357.12290762636,1364921.27297758
 12/15  01:00:00,2641499.4422426596,846259.1554710037,180000.0,0.0,230357.12290762636,1266582.2119753167
 12/15  02:00:00,2553122.3390833978,856221.1133140053,180000.0,0.0,230357.12290762636,1168243.1509730536
 12/15  03:00:00,2532954.1185738314,864343.7868931375,180000.0,0.0,230357.12290762636,1142524.016708023
 12/15  04:00:00,2514768.651138639,871877.4537229757,180000.0,0.0,230357.12290762636,1116804.8824429922
 12/15  05:00:00,2642779.372226938,879907.805893908,180000.0,0.0,242481.18200802774,1222089.4324362895
 12/15  06:00:00,2892380.7046586564,886253.1679874521,180000.0,0.0,463045.795642253,1247352.548963907
 12/15  07:00:00,3471716.883882181,887048.5490636481,180000.0,0.0,932619.9308001067,1358890.9717770484
 12/15  08:00:00,3795122.546037906,882321.1030630986,180000.0,0.0,1147122.5148841313,1480236.775320302
 12/15  09:00:00,7269054.051812572,821596.9860984707,180000.0,0.0,2186993.7377262497,3987879.9743358158
 12/15  10:00:00,5023173.2138056345,773683.9918811249,180000.0,0.0,2238287.833920256,1754048.5932942235
 12/15  11:00:00,7626633.570421938,685111.9556307185,180000.0,0.0,2173004.438764249,4526794.940258947
 12/15  12:00:00,5596175.889812015,606306.1325137446,180000.0,0.0,1393101.0216326592,3375620.5784869283
 12/15  13:00:00,3470325.960420146,604386.2734696146,180000.0,0.0,1128470.1162681289,1526608.45279839
 12/15  14:00:00,3713076.2922322513,560716.5536405265,180000.0,0.0,1341806.9254386534,1602263.4550927265
 12/15  15:00:00,5112239.00151906,515382.5945858109,180000.0,0.0,2107721.0436082412,2280846.005264664
 12/15  16:00:00,14087187.199369188,608665.8393231344,180000.0,0.0,2536726.2117762906,10730934.03038575
 12/15  17:00:00,6731581.09227855,574348.3253594206,180000.0,0.0,3343442.451918382,2584926.8783510616
 12/15  18:00:00,7298461.615234645,524461.5279674428,180000.0,0.0,4290051.68168049,2206221.532287341
 12/15  19:00:00,7992088.281802062,622361.7301041714,180000.0,0.0,4658436.554346533,2407845.5258153095
 12/15  20:00:00,6096288.803169808,580896.368886593,180000.0,0.0,3131271.417661358,2049815.4272017959
 12/15  21:00:00,4729254.0144195575,720538.6202244726,180000.0,0.0,1678715.8754401922,1936543.453390478
 12/15  22:00:00,4248870.793253999,681424.6846454388,180000.0,0.0,1324320.3017361513,1811093.3441529768
 12/15  23:00:00,3965209.1080129994,693509.7678532008,180000.0,0.0,1203079.7107321378,1670020.04441591
 12/15  24:00:00,3287247.8822590965,720265.8789820893,180000.0,0.0,694801.8484460795,1540446.3252345354
 12/16  01:00:00,2537665.211439035,742424.9246673792,180000.0,0.0,230357.12290762636,1266582.2119753167
 12/16  02:00:00,2449913.922833728,753012.6970643355,180000.0,0.0,230357.12290762636,1168243.1509730536
 12/16  03:00:00,2429993.9846960753,761383.6530153817,180000.0,0.0,230357.12290762636,1142524.016708023
 12/16  04:00:00,2413456.1037695645,770564.9063539009,180000.0,0.0,230357.12290762636,1116804.8824429922
 12/16  05:00:00,2422838.623744138,781735.9987882979,180000.0,0.0,230357.12290762636,1112444.550159501
 12/16  06:00:00,2440102.0541185187,793027.6681937313,180000.0,0.0,230357.12290762636,1120988.0709521165
 12/16  07:00:00,2498178.6569981454,802237.7623669652,180000.0,0.0,230357.12290762636,1172426.339482177
 12/16  08:00:00,2539634.3213639935,804242.1980700622,180000.0,0.0,230357.12290762636,1219592.8476159307
 12/16  09:00:00,2523510.4817164475,792345.0648610552,180000.0,0.0,230357.12290762636,1228224.94029573
 12/16  10:00:00,2479385.5266607394,767922.4291436609,180000.0,0.0,230357.12290762636,1223953.1798994222
 12/16  11:00:00,3643769.082705479,714668.2440136406,180000.0,0.0,1203079.7107321378,1484298.8921916764
 12/16  12:00:00,3551753.226166365,669334.4501106888,180000.0,0.0,1161111.8138461327,1500158.8050308605
 12/16  13:00:00,3493062.0745191462,627122.3875686151,180000.0,0.0,1128470.1162681289,1526608.45279839
 12/16  14:00:00,5351316.811436957,573808.7937954182,180000.0,0.0,1119143.916960128,3450074.742621066
 12/16  15:00:00,4436969.595030308,550535.7372421282,180000.0,0.0,1165774.9135001334,2512369.586227702
 12/16  16:00:00,2614214.5531874755,577902.5077190456,180000.0,0.0,519002.9914902594,1306447.9360941586
 12/16  17:00:00,2379783.261020877,615180.3583727435,180000.0,0.0,230357.12290762636,1305382.3430908215
 12/16  18:00:00,4946668.099904178,607900.4083790217,180000.0,0.0,2261603.332190259,1799437.4860355256
 12/16  19:00:00,6272802.3050187575,690450.8770795043,180000.0,0.0,2443464.2186962795,2835442.7377069257
 12/16  20:00:00,6429254.817393659,615043.2038311128,180000.0,0.0,2163678.2394562475,3316227.784686239
 12/16  21:00:00,5170315.803608533,713544.4471211109,180000.0,0.0,2041271.8735387335,2022043.417584273
 12/16  22:00:00,5618482.7978016,646505.3247818492,180000.0,0.0,2415485.6207722765,2124459.3895280436
 12/16  23:00:00,3948643.3205609904,676943.9804011914,180000.0,0.0,1203079.7107321378,1670020.04441591
 12/16  24:00:00,3284571.2661904544,717589.2629134472,180000.0,0.0,694801.8484460795,1540446.3252345354
 12/17  01:00:00,2624649.3213215154,747310.8696734245,180000.0,0.0,273490.7947071313,1305546.705052247
 12/17  02:00:00,2471324.241409387,774423.0156399944,180000.0,0.0,230357.12290762636,1168243.1509730536
 12/17  03:00:00,2468119.0102942637,796936.918789902,180000.0,0.0,230357.12290762636,1142524.016708023
 12/17  04:00:00,2457776.467450686,812313.5102113541,180000.0,0.0,230357.12290762636,1116804.8824429922
 12/17  05:00:00,2462234.1693560746,821131.5444002347,180000.0,0.0,230357.12290762636,1112444.550159501
 12/17  06:00:00,2988396.74387097,824585.2269114268,180000.0,0.0,578923.8220441663,1309732.5814396734
 12/17  07:00:00,3395159.8570030625,833637.3605975395,180000.0,0.0,932619.9308001067,1358890.9717770484
 12/17  08:00:00,2851467.8101763614,839725.6757278849,180000.0,0.0,459548.47090175265,1284753.8295420236
 12/17  09:00:00,2560385.1363521977,836934.9989678086,180000.0,0.0,230357.12290762636,1228224.94029573
 12/17  10:00:00,2517211.554149283,810891.9762795402,180000.0,0.0,230357.12290762636,1223953.1798994222
 12/17  11:00:00,2461721.5227748314,775192.8361305862,180000.0,0.0,230357.12290762636,1219592.8476159307
 12/17  12:00:00,2406111.683700054,737585.3158214823,180000.0,0.0,230357.12290762636,1219592.8476159307
 12/17  13:00:00,2351859.0088650407,678055.4954941809,180000.0,0.0,230357.12290762636,1232585.272579221
 12/17  14:00:00,2266280.2838199497,595048.5302727583,180000.0,0.0,230357.12290762636,1232585.272579221
 12/17  15:00:00,2281455.006083734,610223.2525365424,180000.0,0.0,230357.12290762636,1232585.272579221
 12/17  16:00:00,2314175.5622378113,644732.3811504432,180000.0,0.0,230357.12290762636,1228224.94029573
 12/17  17:00:00,2899758.5619675014,660334.3977173807,180000.0,0.0,619259.6340512709,1391301.0935491647
 12/17  18:00:00,6776552.889724104,613932.6612160811,180000.0,0.0,3782939.594307932,2104525.520724387
 12/17  19:00:00,7367456.123743474,655529.0291650237,180000.0,0.0,4104693.4704339695,2301217.3927847645
 12/17  20:00:00,4997704.534246568,629560.3280592479,180000.0,0.0,2163678.2394562475,1857301.578192674
 12/17  21:00:00,4765317.200200813,736027.7274163853,180000.0,0.0,1678715.8754401922,1936543.453390478
 12/17  22:00:00,4294685.551407776,709237.1240335423,180000.0,0.0,1324320.3017361513,1811093.3441529768
 12/17  23:00:00,4026045.5409997106,738915.6418979059,180000.0,0.0,1203079.7107321378,1670020.04441591
 12/17  24:00:00,3206846.273011947,789569.6748891221,180000.0,0.0,578690.6670614663,1496565.0621702967
 12/18  01:00:00,2639290.805770913,844050.5189992572,180000.0,0.0,230357.12290762636,1266582.2119753167
 12/18  02:00:00,2580876.1032600044,883974.8774906117,180000.0,0.0,230357.12290762636,1168243.1509730536
 12/18  03:00:00,2590825.705479334,919643.613974972,180000.0,0.0,230357.12290762636,1142524.016708023
 12/18  04:00:00,2602017.495684361,956554.5384450296,180000.0,0.0,230357.12290762636,1116804.8824429922
 12/18  05:00:00,2633090.515682093,991987.8907262528,180000.0,0.0,230357.12290762636,1112444.550159501
 12/18  06:00:00,3094863.9510401012,1020815.7217671624,180000.0,0.0,520751.6538605096,1278141.4619367258
 12/18  07:00:00,12333317.500607016,1135242.0048233706,180000.0,0.0,1107486.1678251266,9820577.73413015
 12/18  08:00:00,33612638.96523298,1709195.8262342983,180000.0,0.0,1606437.8308031836,30029565.4741908
 12/18  09:00:00,4025529.7879089387,1055689.5039912038,180000.0,0.0,1207742.8103861383,1497229.399350564
 12/18  10:00:00,3957097.7867789706,985800.8200328762,180000.0,0.0,1231058.308656141,1488229.383027259
 12/18  11:00:00,3853616.336062084,929659.0170175813,180000.0,0.0,1203079.7107321378,1484298.8921916764
 12/18  12:00:00,3735666.96527439,855819.9490423814,180000.0,0.0,1161111.8138461327,1500158.8050308605
 12/18  13:00:00,2742929.004468235,771091.4477024579,180000.0,0.0,454885.37124775205,1306091.0676340132
 12/18  14:00:00,2389987.9190508854,718756.1655036936,180000.0,0.0,230357.12290762636,1232585.272579221
 12/18  15:00:00,2357485.6333085196,686253.8797613282,180000.0,0.0,230357.12290762636,1232585.272579221
 12/18  16:00:00,2377533.1462548585,708089.9651674898,180000.0,0.0,230357.12290762636,1228224.94029573
 12/18  17:00:00,2531328.937237731,766726.0345895978,180000.0,0.0,230357.12290762636,1305382.3430908215
 12/18  18:00:00,5780327.272670874,772844.6891368051,180000.0,0.0,1753791.7798696007,2978535.6901887655
 12/18  19:00:00,9830628.158410558,821268.3769095577,180000.0,0.0,4658436.554346533,4044906.9957947517
 12/18  20:00:00,7434803.569117655,746445.3085018687,180000.0,0.0,4098864.5958664687,2242329.276210918
 12/18  21:00:00,6688125.650752472,866612.3287986979,180000.0,0.0,3128939.867834358,2278543.310165658
 12/18  22:00:00,4762801.298786228,826220.0303091962,180000.0,0.0,1597111.6314951829,1889434.8554967435
 12/18  23:00:00,2943074.534148575,865152.1123071351,180000.0,0.0,230357.12290762636,1433535.1549800558
 12/18  24:00:00,2823865.095526933,886565.8307506638,180000.0,0.0,230357.12290762636,1364921.27297758
 12/19  01:00:00,2691445.1396386004,896204.8528669447,180000.0,0.0,230357.12290762636,1266582.2119753167
 12/19  02:00:00,2599233.7927726125,902332.5670032201,180000.0,0.0,230357.12290762636,1168243.1509730536
 12/19  03:00:00,2576238.8344769967,905056.742972635,180000.0,0.0,230357.12290762636,1142524.016708023
 12/19  04:00:00,2551550.8437386095,906087.8864992779,180000.0,0.0,230357.12290762636,1116804.8824429922
 12/19  05:00:00,2555009.432605304,913906.8076494638,180000.0,0.0,230357.12290762636,1112444.550159501
 12/19  06:00:00,2542827.566445862,916327.2591104154,180000.0,0.0,230357.12290762636,1120988.0709521165
 12/19  07:00:00,3028471.73091154,911312.954599692,180000.0,0.0,581488.5268538665,1265658.6556296127
 12/19  08:00:00,3786505.167194133,891706.0429849997,180000.0,0.0,1147122.5148841313,1480236.775320302
 12/19  09:00:00,2901714.5808182894,866666.9068005634,180000.0,0.0,474703.5447772544,1295476.0550594383
 12/19  10:00:00,2528635.315295149,822315.7374254059,180000.0,0.0,230357.12290762636,1223953.1798994222
 12/19  11:00:00,2414579.6910378174,728051.0043935716,180000.0,0.0,230357.12290762636,1219592.8476159307
 12/19  12:00:00,2285196.4297624393,616670.0618838675,180000.0,0.0,230357.12290762636,1219592.8476159307
 12/19  13:00:00,2195928.0187204685,522124.50534960884,180000.0,0.0,230357.12290762636,1232585.272579221
 12/19  14:00:00,2125184.931695137,453953.17814794544,180000.0,0.0,230357.12290762636,1232585.272579221
 12/19  15:00:00,2087980.255041864,416748.50149467244,180000.0,0.0,230357.12290762636,1232585.272579221
 12/19  16:00:00,2093465.3235192825,424022.1424319142,180000.0,0.0,230357.12290762636,1228224.94029573
 12/19  17:00:00,4114896.3328319336,451008.3837758496,180000.0,0.0,1785967.1674822045,1649057.3449241943
 12/19  18:00:00,8199048.730493761,425072.0862088291,180000.0,0.0,3275827.506935375,4222994.0238738535
 12/19  19:00:00,7882941.471182613,510643.1596610539,180000.0,0.0,4658436.554346533,2407845.5258153095
 12/19  20:00:00,7168363.314637505,480005.05402171996,180000.0,0.0,4098864.5958664687,2242329.276210918
 12/19  21:00:00,5540985.49192252,615584.0945534192,180000.0,0.0,2403827.871637275,2107543.381778068
 12/19  22:00:00,4540998.308377694,604417.0399006635,180000.0,0.0,1597111.6314951829,1889434.8554967435
 12/19  23:00:00,3908628.9225582816,621499.0234564764,180000.0,0.0,1203079.7107321378,1670020.04441591
 12/19  24:00:00,3232352.7197018424,655083.677130165,180000.0,0.0,694801.8484460795,1540446.3252345354
 12/20  01:00:00,2798497.006761338,674864.060483941,180000.0,0.0,402891.81010564615,1422440.1842830381
 12/20  02:00:00,2566280.3772500353,685228.7062767367,180000.0,0.0,287713.2486518329,1295037.470432753
 12/20  03:00:00,2474896.2664456395,692349.9268728534,180000.0,0.0,230357.12290762636,1253888.2647764466
 12/20  04:00:00,2436112.3917845692,693602.0921768706,180000.0,0.0,230357.12290762636,1213852.2248113595
 12/20  05:00:00,2340185.1456136163,699082.5206577764,180000.0,0.0,230357.12290762636,1112444.550159501
 12/20  06:00:00,2320711.776946678,694211.4696112318,180000.0,0.0,230357.12290762636,1120988.0709521165
 12/20  07:00:00,4783429.345914601,668287.9149371719,180000.0,0.0,405922.8248807464,3439207.012268315
 12/20  08:00:00,3836684.2101369337,647051.0945618988,180000.0,0.0,1376780.1728436574,1545413.1087266773
 12/20  09:00:00,3601200.840890969,631360.5569732336,180000.0,0.0,1207742.8103861383,1497229.399350564
 12/20  10:00:00,3576150.8569414685,604853.8901953739,180000.0,0.0,1231058.308656141,1488229.383027259
 12/20  11:00:00,2881478.83641499,576235.8335706156,180000.0,0.0,716718.4168198821,1351945.8699038036
 12/20  12:00:00,2205921.223788599,537394.8559100273,180000.0,0.0,230357.12290762636,1219592.8476159307
 12/20  13:00:00,2154373.1982043423,480569.68483348255,180000.0,0.0,230357.12290762636,1232585.272579221
 12/20  14:00:00,2111758.5522547783,440526.7987075866,180000.0,0.0,230357.12290762636,1232585.272579221
 12/20  15:00:00,2106309.1220564214,435077.3685092296,180000.0,0.0,230357.12290762636,1232585.272579221
 12/20  16:00:00,2125489.6152630183,456046.43417565036,180000.0,0.0,230357.12290762636,1228224.94029573
 12/20  17:00:00,4117241.5578671913,453353.6088111074,180000.0,0.0,1785967.1674822045,1649057.3449241943
 12/20  18:00:00,4788496.128934501,452300.197233012,180000.0,0.0,2261603.332190259,1799437.4860355256
 12/20  19:00:00,7212267.149932094,500340.05535364413,180000.0,0.0,4104693.470433969,2301217.392784765
 12/20  20:00:00,7120686.142757247,432327.88214146195,180000.0,0.0,4098864.5958664687,2242329.276210918
 12/20  21:00:00,5457088.853788512,531687.4564194118,180000.0,0.0,2403827.871637275,2107543.381778068
 12/20  22:00:00,4112990.9843791155,527542.5570048825,180000.0,0.0,1324320.3017361513,1811093.3441529768
 12/20  23:00:00,2632879.214755582,554956.7929141427,180000.0,0.0,230357.12290762636,1433535.1549800558
 12/20  24:00:00,2515774.8408061843,578475.576029915,180000.0,0.0,230357.12290762636,1364921.27297758
 12/21  01:00:00,2387545.10293338,592304.8161617242,180000.0,0.0,230357.12290762636,1266582.2119753167
 12/21  02:00:00,2298958.661151831,602057.4353824387,180000.0,0.0,230357.12290762636,1168243.1509730536
 12/21  03:00:00,2283692.831101643,612510.7395972807,180000.0,0.0,230357.12290762636,1142524.016708023
 12/21  04:00:00,2265995.271941001,620532.3147016695,180000.0,0.0,230357.12290762636,1116804.8824429922
 12/21  05:00:00,2267397.550093287,626294.9251374472,180000.0,0.0,230357.12290762636,1112444.550159501
 12/21  06:00:00,2526665.820194536,630875.6497992768,180000.0,0.0,404873.62745859637,1215761.4294609595
 12/21  07:00:00,4064940.490087932,617549.8192085875,180000.0,0.0,1632084.8789001864,1545294.1981507894
 12/21  08:00:00,3224501.422326863,624054.6280379482,180000.0,0.0,917931.1668900051,1415075.7933942094
 12/21  09:00:00,2353513.382705778,630063.245321389,180000.0,0.0,230357.12290762636,1228224.94029573
 12/21  10:00:00,2308828.1781944325,602508.6003246894,180000.0,0.0,230357.12290762636,1223953.1798994222
 12/21  11:00:00,2216854.4008606607,530325.7142164146,180000.0,0.0,230357.12290762636,1219592.8476159307
 12/21  12:00:00,2101956.4631929738,433430.095314402,180000.0,0.0,230357.12290762636,1219592.8476159307
 12/21  13:00:00,2022113.6432139764,348310.12984311697,180000.0,0.0,230357.12290762636,1232585.272579221
 12/21  14:00:00,1957851.0832699323,286619.3297227406,180000.0,0.0,230357.12290762636,1232585.272579221
 12/21  15:00:00,1929274.4695002246,258042.71595303292,180000.0,0.0,230357.12290762636,1232585.272579221
 12/21  16:00:00,1944041.7645864035,274598.58349903533,180000.0,0.0,230357.12290762636,1228224.94029573
 12/21  17:00:00,3978754.396994146,314866.4479380618,180000.0,0.0,1785967.1674822045,1649057.3449241943
 12/21  18:00:00,6870465.034212732,314104.5877988246,180000.0,0.0,2261603.332190259,4019602.0007479456
 12/21  19:00:00,5808812.902096074,417628.24140384025,180000.0,0.0,2997207.3026088425,2087961.126723675
 12/21  20:00:00,4773999.208752814,405855.0025654937,180000.0,0.0,2163678.2394562475,1857301.578192674
 12/21  21:00:00,6302337.718425393,480824.3964716201,180000.0,0.0,3128939.867834358,2278543.310165658
 12/21  22:00:00,5094461.987696153,455615.0370135266,180000.0,0.0,2142694.2910132455,2046117.8781842769
 12/21  23:00:00,3472763.506535218,487935.4767485043,180000.0,0.0,959899.06377601,1610898.8220569466
 12/21  24:00:00,2467783.7612281493,530484.4964518799,180000.0,0.0,230357.12290762636,1364921.27297758
 12/22  01:00:00,2345490.055402659,550249.7686310033,180000.0,0.0,230357.12290762636,1266582.2119753167
 12/22  02:00:00,2259746.5451718867,562845.3194024939,180000.0,0.0,230357.12290762636,1168243.1509730536
 12/22  03:00:00,2240999.339886068,572389.0082053738,180000.0,0.0,230357.12290762636,1142524.016708023
 12/22  04:00:00,2222149.969353496,579258.7719378322,180000.0,0.0,230357.12290762636,1116804.8824429922
 12/22  05:00:00,2231007.5686136205,589904.9436577803,180000.0,0.0,230357.12290762636,1112444.550159501
 12/22  06:00:00,2240619.55103822,593545.1651134326,180000.0,0.0,230357.12290762636,1120988.0709521165
 12/22  07:00:00,2290308.855193219,594367.9605620386,180000.0,0.0,230357.12290762636,1172426.339482177
 12/22  08:00:00,2325719.0184643553,590326.8951704239,180000.0,0.0,230357.12290762636,1219592.8476159307
 12/22  09:00:00,2923400.0198777737,569039.5297557089,180000.0,0.0,719049.9666468822,1362727.169823147
 12/22  10:00:00,3486162.001922324,509721.5155288939,180000.0,0.0,1231058.308656141,1488229.383027259
 12/22  11:00:00,3355190.0317088016,426089.193016963,180000.0,0.0,1203079.7107321378,1484298.8921916764
 12/22  12:00:00,3212080.787319594,329662.01126391755,180000.0,0.0,1161111.8138461327,1500158.8050308605
 12/22  13:00:00,4287519.493772015,227578.39338021207,180000.0,0.0,2028448.3494902318,1820631.6330175588
 12/22  14:00:00,4205364.276648329,163208.60311292412,180000.0,0.0,2009795.95087423,1824070.3646008295
 12/22  15:00:00,4249040.993708404,135759.72031608887,180000.0,0.0,2107721.0436082412,1797270.8717237297
 12/22  16:00:00,6771198.661938483,126496.434638675,180000.0,0.0,1960833.4045072244,4473007.704908571
 12/22  17:00:00,12185997.946006602,95903.4575082784,180000.0,0.0,3343442.451918382,8517788.599930257
 12/22  18:00:00,6980713.593406317,206713.5061391144,180000.0,0.0,4290051.68168049,2206221.532287341
 12/22  19:00:00,8528745.221012093,304908.9253004079,180000.0,0.0,4658436.554346533,3261955.2698291056
 12/22  20:00:00,9024839.913158504,285063.96409771626,180000.0,0.0,4098864.5958664687,4306605.763774261
 12/22  21:00:00,6193224.908592831,392285.665228399,180000.0,0.0,3128939.867834358,2278543.310165658
 12/22  22:00:00,5362903.959574399,390926.48655464756,180000.0,0.0,2415485.6207722765,2124459.3895280436
 12/22  23:00:00,4307759.947616921,430493.5459355737,180000.0,0.0,1690373.6245751935,1788293.192094402
 12/22  24:00:00,3054057.490658378,487075.48738137085,180000.0,0.0,694801.8484460795,1540446.3252345354
 12/23  01:00:00,2319009.0696864426,523768.78291478695,180000.0,0.0,230357.12290762636,1266582.2119753167
 12/23  02:00:00,2241624.7863730774,544723.5606036845,180000.0,0.0,230357.12290762636,1168243.1509730536
 12/23  03:00:00,2227060.3983061314,558450.0666254376,180000.0,0.0,230357.12290762636,1142524.016708023
 12/23  04:00:00,2212137.50448694,569246.3070712762,180000.0,0.0,230357.12290762636,1116804.8824429922
 12/23  05:00:00,2211787.7911871024,570685.1662312624,180000.0,0.0,230357.12290762636,1112444.550159501
 12/23  06:00:00,2222178.4173947573,575104.0314699698,180000.0,0.0,230357.12290762636,1120988.0709521165
 12/23  07:00:00,2275865.0048271846,579924.1101960042,180000.0,0.0,230357.12290762636,1172426.339482177
 12/23  08:00:00,2314298.49258532,578906.3692913887,180000.0,0.0,230357.12290762636,1219592.8476159307
 12/23  09:00:00,3519673.6828672774,542118.1194785392,180000.0,0.0,1207742.8103861383,1497229.399350564
 12/23  10:00:00,3472503.9284335114,496063.44204008166,180000.0,0.0,1231058.308656141,1488229.383027259
 12/23  11:00:00,3367588.196099136,438487.35740729724,180000.0,0.0,1203079.7107321378,1484298.8921916764
 12/23  12:00:00,3261650.018963328,379231.2429076517,180000.0,0.0,1161111.8138461327,1500158.8050308605
 12/23  13:00:00,2604532.874343083,334661.2741823877,180000.0,0.0,679413.6195878776,1379596.8626888054
 12/23  14:00:00,1981960.0245326073,310728.27098541585,180000.0,0.0,230357.12290762636,1232585.272579221
 12/23  15:00:00,3487222.6337228147,291556.4026931741,180000.0,0.0,1401261.4460271604,1586115.4269421352
 12/23  16:00:00,3456693.004805743,319774.36619412864,180000.0,0.0,1384940.5972381583,1541116.923489445
 12/23  17:00:00,4022684.0496661924,358796.10061010777,180000.0,0.0,1785967.1674822045,1649057.3449241943
 12/23  18:00:00,6240018.394335873,363343.3509345216,180000.0,0.0,3275827.506935375,2323120.663166607
 12/23  19:00:00,8585196.608821709,397126.158640599,180000.0,0.0,4658436.554346533,3226189.4242985277
 12/23  20:00:00,7027850.856388092,352351.3948906442,180000.0,0.0,4098864.5958664687,2242329.276210918
 12/23  21:00:00,6236838.481463151,435899.23809871776,180000.0,0.0,3128939.867834358,2278543.310165658
 12/23  22:00:00,5381730.633102599,409753.16008284804,180000.0,0.0,2415485.6207722765,2124459.3895280436
 12/23  23:00:00,4307721.284810677,430454.8831293306,180000.0,0.0,1690373.6245751935,1788293.192094402
 12/23  24:00:00,2873071.160693907,466081.6018657526,180000.0,0.0,578690.6670614663,1496565.0621702967
 12/24  01:00:00,2288033.5424674796,492793.2556958239,180000.0,0.0,230357.12290762636,1266582.2119753167
 12/24  02:00:00,2198724.2150134156,501822.9892440227,180000.0,0.0,230357.12290762636,1168243.1509730536
 12/24  03:00:00,2178444.785098382,507262.69359401974,180000.0,0.0,230357.12290762636,1142524.016708023
 12/24  04:00:00,2156349.892002941,510886.9347636096,180000.0,0.0,230357.12290762636,1116804.8824429922
 12/24  05:00:00,2154690.8067273153,513588.18177147536,180000.0,0.0,230357.12290762636,1112444.550159501
 12/24  06:00:00,2142473.9180508107,515973.61071536446,180000.0,0.0,230357.12290762636,1120988.0709521165
 12/24  07:00:00,2190420.521221781,517625.4650036089,180000.0,0.0,230357.12290762636,1172426.339482177
 12/24  08:00:00,3401480.5731510734,506681.4489419399,180000.0,0.0,1147122.5148841313,1480236.775320302
 12/24  09:00:00,3470183.643702466,500343.3597847308,180000.0,0.0,1207742.8103861383,1497229.399350564
 12/24  10:00:00,2202880.0844676606,496560.5065979173,180000.0,0.0,230357.12290762636,1223953.1798994222
 12/24  11:00:00,2154254.5442036763,467725.85755943076,180000.0,0.0,230357.12290762636,1219592.8476159307
 12/24  12:00:00,2105373.3173285844,436846.94945001235,180000.0,0.0,230357.12290762636,1219592.8476159307
 12/24  13:00:00,2373145.946990215,401308.3902244378,180000.0,0.0,454885.37124775205,1306091.0676340132
 12/24  14:00:00,2046080.5052441754,374848.7516969838,180000.0,0.0,230357.12290762636,1232585.272579221
 12/24  15:00:00,2030141.9492621627,358910.19571497105,180000.0,0.0,230357.12290762636,1232585.272579221
 12/24  16:00:00,2038734.2425995588,369291.0615121905,180000.0,0.0,230357.12290762636,1228224.94029573
 12/24  17:00:00,2900612.939202993,384188.88709475606,180000.0,0.0,619259.6340512709,1668300.981407281
 12/24  18:00:00,14932317.055947859,215065.15649888312,180000.0,0.0,4290051.68168049,10152045.104292784
 12/24  19:00:00,8144724.398339958,309605.3692809234,180000.0,0.0,4658436.554346533,2870666.2433527852
 12/24  20:00:00,6977383.830900033,289025.57028424763,180000.0,0.0,4098864.5958664687,2242329.276210918
 12/24  21:00:00,6187021.337724888,365508.01577111357,180000.0,0.0,3128939.867834358,2278543.310165658
 12/24  22:00:00,3960683.582929561,375235.1555553279,180000.0,0.0,1324320.3017361513,1811093.3441529768
 12/24  23:00:00,3084528.331839181,402002.17136755865,180000.0,0.0,716718.4168198821,1551777.599697983
 12/24  24:00:00,2369429.564060533,432130.2992842638,180000.0,0.0,230357.12290762636,1364921.27297758
 12/25  01:00:00,2245626.771717199,450386.48494554334,180000.0,0.0,230357.12290762636,1266582.2119753167
 12/25  02:00:00,2161925.48830543,465024.2625360373,180000.0,0.0,230357.12290762636,1168243.1509730536
 12/25  03:00:00,2147820.457941689,476638.3664373271,180000.0,0.0,230357.12290762636,1142524.016708023
 12/25  04:00:00,2131853.2364924713,486390.27925313986,180000.0,0.0,230357.12290762636,1116804.8824429922
 12/25  05:00:00,2167101.3426357005,495556.4823355628,180000.0,0.0,233388.13768272672,1139855.770728698
 12/25  06:00:00,2140209.4133805833,513709.106045137,180000.0,0.0,230357.12290762636,1120988.0709521165
 12/25  07:00:00,3072080.9258533865,510558.4294478631,180000.0,0.0,932619.9308001067,1358890.9717770484
 12/25  08:00:00,3398976.2944557024,504177.17024656874,180000.0,0.0,1147122.5148841313,1480236.775320302
 12/25  09:00:00,2236767.027322857,513316.88993846823,180000.0,0.0,230357.12290762636,1228224.94029573
 12/25  10:00:00,2208645.151407798,502325.5735380547,180000.0,0.0,230357.12290762636,1223953.1798994222
 12/25  11:00:00,2144955.1398552526,458426.45321100694,180000.0,0.0,230357.12290762636,1219592.8476159307
 12/25  12:00:00,2030110.521597771,361584.153719199,180000.0,0.0,230357.12290762636,1219592.8476159307
 12/25  13:00:00,1942806.6957501967,269003.1823793372,180000.0,0.0,230357.12290762636,1232585.272579221
 12/25  14:00:00,3317550.383228194,184789.40175957954,180000.0,0.0,1119143.916960128,1805327.7064481417
 12/25  15:00:00,4969424.010592148,136464.83349576197,180000.0,0.0,1165774.9135001334,3458894.905535908
 12/25  16:00:00,3320905.7066719467,183987.06806033183,180000.0,0.0,1384940.5972381583,1541116.923489445
 12/25  17:00:00,9802593.271531712,131560.44175191977,180000.0,0.0,2954073.630809338,6488095.762320768
 12/25  18:00:00,6937839.217992468,166410.89054893382,180000.0,0.0,4290051.68168049,2206221.532287341
 12/25  19:00:00,7613457.308511726,241158.99699016724,180000.0,0.0,4658436.554346533,2407845.5258153095
 12/25  20:00:00,6906125.546647392,217767.28603160597,180000.0,0.0,4098864.5958664687,2242329.276210918
 12/25  21:00:00,6120177.081575735,298663.7596219608,180000.0,0.0,3128939.867834358,2278543.310165658
 12/25  22:00:00,5272011.683303168,282031.89151774324,180000.0,0.0,2415485.6207722765,2124459.3895280436
 12/25  23:00:00,3601933.634736271,313840.41274310113,180000.0,0.0,1204012.3306629378,1670050.7473764748
 12/25  24:00:00,2298166.0643594386,360866.7995831695,180000.0,0.0,230357.12290762636,1364921.27297758
 12/26  01:00:00,2171047.972723924,375807.68595226866,180000.0,0.0,230357.12290762636,1266582.2119753167
 12/26  02:00:00,2077781.2069416037,380879.98117221094,180000.0,0.0,230357.12290762636,1168243.1509730536
 12/26  03:00:00,2052408.6650920322,381226.57358767017,180000.0,0.0,230357.12290762636,1142524.016708023
 12/26  04:00:00,2026328.441801284,380865.48456195253,180000.0,0.0,230357.12290762636,1116804.8824429922
 12/26  05:00:00,2030051.0004795864,388948.3755237463,180000.0,0.0,230357.12290762636,1112444.550159501
 12/26  06:00:00,2019481.0418830821,392980.7345476357,180000.0,0.0,230357.12290762636,1120988.0709521165
 12/26  07:00:00,2951047.7198719736,389525.22346645,180000.0,0.0,932619.9308001067,1358890.9717770484
 12/26  08:00:00,3276155.106959286,381355.9827501527,180000.0,0.0,1147122.5148841313,1480236.775320302
 12/26  09:00:00,2110275.336425501,386825.19904111174,180000.0,0.0,230357.12290762636,1228224.94029573
 12/26  10:00:00,2076388.014412921,370068.4365431777,180000.0,0.0,230357.12290762636,1223953.1798994222
 12/26  11:00:00,2021476.188206025,334947.5015617793,180000.0,0.0,230357.12290762636,1219592.8476159307
 12/26  12:00:00,1951049.3464295277,282522.9785509559,180000.0,0.0,230357.12290762636,1219592.8476159307
 12/26  13:00:00,1916003.5636751594,242200.05030429998,180000.0,0.0,230357.12290762636,1232585.272579221
 12/26  14:00:00,1871002.113829033,199770.3602818413,180000.0,0.0,230357.12290762636,1232585.272579221
 12/26  15:00:00,1853565.244455016,182333.4909078244,180000.0,0.0,230357.12290762636,1232585.272579221
 12/26  16:00:00,1869129.0941856208,199685.9130982526,180000.0,0.0,230357.12290762636,1228224.94029573
 12/26  17:00:00,2500084.860718282,260660.69646816107,180000.0,0.0,619259.6340512709,1391301.0935491645
 12/26  18:00:00,4895572.97689349,282377.15733388555,180000.0,0.0,2261603.332190259,2076437.3738936419
 12/26  19:00:00,9624442.730500417,308979.79212455486,180000.0,0.0,4658436.554346533,4351010.152669613
 12/26  20:00:00,5843425.140691428,315173.907289876,180000.0,0.0,3131271.417661358,2049815.4272017959
 12/26  21:00:00,4479641.330844779,450351.8580603516,180000.0,0.0,1678715.8754401922,1936543.453390478
 12/26  22:00:00,3682354.8017785447,448723.328974927,180000.0,0.0,1050829.50702902,1732767.1842894927
 12/26  23:00:00,2570286.668514197,492364.24667275784,180000.0,0.0,230357.12290762636,1433535.1549800558
 12/26  24:00:00,2466456.0169230327,529156.7521467633,180000.0,0.0,230357.12290762636,1364921.27297758
 12/27  01:00:00,2346407.9943200946,551167.7075484388,180000.0,0.0,230357.12290762636,1266582.2119753167
 12/27  02:00:00,2266928.7203933476,570027.4946239551,180000.0,0.0,230357.12290762636,1168243.1509730536
 12/27  03:00:00,2285555.5894089304,586532.4358874622,180000.0,0.0,230357.12290762636,1170365.078725129
 12/27  04:00:00,2673738.9822557345,602718.3040178725,180000.0,0.0,230357.12290762636,1542362.603441523
 12/27  05:00:00,32499392.28810045,981874.1142927464,180000.0,0.0,242481.18200802774,30976736.039910965
 12/27  06:00:00,16180011.273356048,818849.6467838815,180000.0,0.0,463045.795642253,14622960.71745421
 12/27  07:00:00,3356222.214891921,573947.4912963249,180000.0,0.0,1106786.7028770265,1405476.426890201
 12/27  08:00:00,2320938.2084039655,603548.4038757079,180000.0,0.0,230357.12290762636,1219592.8476159307
 12/27  09:00:00,2318812.422059602,595362.2846752134,180000.0,0.0,230357.12290762636,1228224.94029573
 12/27  10:00:00,2293100.2961359806,586780.7182662374,180000.0,0.0,230357.12290762636,1223953.1798994222
 12/27  11:00:00,2250488.7273814967,563960.0407372509,180000.0,0.0,230357.12290762636,1219592.8476159307
 12/27  12:00:00,2200617.5433956655,532091.1755170932,180000.0,0.0,230357.12290762636,1219592.8476159307
 12/27  13:00:00,2157835.4165533464,484031.903182487,180000.0,0.0,230357.12290762636,1232585.272579221
 12/27  14:00:00,2071854.913109386,400623.1595621946,180000.0,0.0,230357.12290762636,1232585.272579221
 12/27  15:00:00,2238150.1038908996,353390.9143402589,180000.0,0.0,230357.12290762636,1446112.70858267
 12/27  16:00:00,4879933.742539569,341478.47265558754,180000.0,0.0,807648.8600728924,3519945.2919270764
 12/27  17:00:00,4610022.301391518,376710.062373236,180000.0,0.0,1785967.1674822045,2218481.6348863915
 12/27  18:00:00,8733845.520309275,351060.7770888322,180000.0,0.0,3782939.594307932,4324690.035436807
 12/27  19:00:00,7814276.26221483,441977.9506932722,180000.0,0.0,4658436.554346533,2407845.5258153095
 12/27  20:00:00,7088838.983651293,400480.7230355074,180000.0,0.0,4098864.5958664687,2242329.276210918
 12/27  21:00:00,4561492.68001324,532203.2072288124,180000.0,0.0,1678715.8754401922,1936543.453390478
 12/27  22:00:00,3399009.423882513,517194.9056495108,180000.0,0.0,777338.7123218889,1654441.024426008
 12/27  23:00:00,2622800.1203308413,544877.6984894017,180000.0,0.0,230357.12290762636,1433535.1549800558
 12/27  24:00:00,2500233.4332582266,562934.1684819572,180000.0,0.0,230357.12290762636,1364921.27297758
 12/28  01:00:00,2371491.8681307975,576251.5813591423,180000.0,0.0,230357.12290762636,1266582.2119753167
 12/28  02:00:00,2281867.738941102,584966.513171709,180000.0,0.0,230357.12290762636,1168243.1509730536
 12/28  03:00:00,2265362.6800418855,594180.5885375232,180000.0,0.0,230357.12290762636,1142524.016708023
 12/28  04:00:00,2246416.659883286,600953.7026439547,180000.0,0.0,230357.12290762636,1116804.8824429922
 12/28  05:00:00,2363987.9563400997,601116.3900070698,180000.0,0.0,242481.18200802774,1222089.4324362895
 12/28  06:00:00,2319811.1710498733,603547.576027823,180000.0,0.0,288529.291091283,1152579.1904550642
 12/28  07:00:00,2726654.1056397036,609495.329327856,180000.0,0.0,581488.5268538665,1265658.6556296127
 12/28  08:00:00,3478571.101388723,583771.9771795893,180000.0,0.0,1147122.5148841313,1480236.775320302
 12/28  09:00:00,2313829.671355898,590379.5339715088,180000.0,0.0,230357.12290762636,1228224.94029573
 12/28  10:00:00,2288350.9617254958,582031.3838557525,180000.0,0.0,230357.12290762636,1223953.1798994222
 12/28  11:00:00,2258524.6908109216,571996.0041666762,180000.0,0.0,230357.12290762636,1219592.8476159307
 12/28  12:00:00,2829958.8277569907,555772.1357017003,180000.0,0.0,695734.4683768796,1359875.8263233956
 12/28  13:00:00,2220058.6356268646,546255.1222560048,180000.0,0.0,230357.12290762636,1232585.272579221
 12/28  14:00:00,2213208.1540802056,541976.4005330137,180000.0,0.0,230357.12290762636,1232585.272579221
 12/28  15:00:00,2209229.015334243,537997.2617870511,180000.0,0.0,230357.12290762636,1232585.272579221
 12/28  16:00:00,2201433.674014671,531990.4929273024,180000.0,0.0,230357.12290762636,1228224.94029573
 12/28  17:00:00,3238166.326816511,523920.90096440224,180000.0,0.0,1008162.1451949154,1477219.844007508
 12/28  18:00:00,6625321.762410341,462701.53390231775,180000.0,0.0,3782939.594307932,2104525.520724387
 12/28  19:00:00,7848098.953318492,475800.6417969341,180000.0,0.0,4658436.554346533,2407845.5258153095
 12/28  20:00:00,7104972.611336753,416614.3507209673,180000.0,0.0,4098864.5958664687,2242329.276210918
 12/28  21:00:00,8492020.440553747,450342.6038875538,180000.0,0.0,3128939.867834358,4498707.824878078
 12/28  22:00:00,5425993.692705369,436013.90091994486,180000.0,0.0,2415485.6207722765,2124459.3895280436
 12/28  23:00:00,4946208.1160897985,447944.0939448983,180000.0,0.0,2177667.538418249,1906566.3397728938
 12/28  24:00:00,2734061.610844667,477847.32242329326,180000.0,0.0,461880.02072875295,1452313.3988015584
 12/29  01:00:00,2294349.772519312,499109.4857476563,180000.0,0.0,230357.12290762636,1266582.2119753167
 12/29  02:00:00,2203421.8959737374,506520.670204345,180000.0,0.0,230357.12290762636,1168243.1509730536
 12/29  03:00:00,2169382.686841431,500772.3551607368,180000.0,0.0,230357.12290762636,1142524.016708023
 12/29  04:00:00,2126880.1697555045,483988.9723398408,180000.0,0.0,230357.12290762636,1116804.8824429922
 12/29  05:00:00,2103103.5816285885,462000.9566727488,180000.0,0.0,230357.12290762636,1112444.550159501
 12/29  06:00:00,2091226.5600743315,444152.174149544,180000.0,0.0,230357.12290762636,1120988.0709521165
 12/29  07:00:00,4874914.7276337305,402726.83665015246,180000.0,0.0,230357.12290762636,3948673.3358345744
 12/29  08:00:00,11509002.57871896,265377.4407632179,180000.0,0.0,1147122.5148841313,9811060.470301237
 12/29  09:00:00,6598269.859816147,288384.8184350344,180000.0,0.0,1207742.8103861383,4829558.877342939
 12/29  10:00:00,10973977.932174526,199371.0511561974,180000.0,0.0,2238287.833920256,8279166.252388042
 12/29  11:00:00,4428732.622452829,263458.0040140057,180000.0,0.0,2173004.438764249,1750547.9439065498
 12/29  12:00:00,6495448.18822454,230885.11603453627,135000.0,0.0,2089068.644992239,3999346.2700190833
 12/29  13:00:00,3536509.5506212134,253569.15695004608,0.0,0.0,1578459.2328791805,1673620.0429079744
 12/29  14:00:00,3126567.8041027207,270806.7104922229,180000.0,0.0,1119143.916960128,1528327.8185900254
 12/29  15:00:00,4377345.420582045,264064.1471897292,180000.0,0.0,2107721.0436082412,1797270.8717237297
 12/29  16:00:00,13387694.922206137,295859.6167552039,180000.0,0.0,2536726.2117762906,10344247.975790631
 12/29  17:00:00,37013185.97613083,498030.75732311053,180000.0,0.0,3343442.451918382,32942849.330239646
 12/29  18:00:00,11165841.284552012,278050.5718922363,180000.0,0.0,4290051.68168049,6320012.157679915
 12/29  19:00:00,7631934.594611708,262208.04291381815,180000.0,0.0,4658436.554346533,2407845.5258153095
 12/29  20:00:00,6909562.316642892,234062.85514544396,180000.0,0.0,4098864.5958664687,2242329.276210918
 12/29  21:00:00,6108485.724053041,307546.48068860814,180000.0,0.0,3128939.867834358,2278543.310165658
 12/29  22:00:00,5263153.946634157,291176.47361440584,180000.0,0.0,2415485.6207722765,2124459.3895280436
 12/29  23:00:00,4191543.188601699,314276.78692035284,180000.0,0.0,1690373.6245751935,1788293.192094402
 12/29  24:00:00,2925730.6249729395,358748.62169593206,180000.0,0.0,694801.8484460795,1540446.3252345354
 12/30  01:00:00,2183861.89978809,388621.6130164345,180000.0,0.0,230357.12290762636,1266582.2119753167
 12/30  02:00:00,2117483.2620857717,420582.0363163789,180000.0,0.0,230357.12290762636,1168243.1509730536
 12/30  03:00:00,2195775.4974302184,471483.0417153128,180000.0,0.0,230357.12290762636,1198206.140742235
 12/30  04:00:00,2258396.0668092123,518457.52702518157,180000.0,0.0,230357.12290762636,1213852.2248113595
 12/30  05:00:00,2182232.646157557,541130.0212017172,180000.0,0.0,230357.12290762636,1112444.550159501
 12/30  06:00:00,2207354.690496145,560280.3045713572,180000.0,0.0,230357.12290762636,1120988.0709521165
 12/30  07:00:00,2280303.080023568,584362.1853923879,180000.0,0.0,230357.12290762636,1172426.339482177
 12/30  08:00:00,2342686.3191852504,607294.1958913191,180000.0,0.0,230357.12290762636,1219592.8476159307
 12/30  09:00:00,2346807.412807235,615641.995951843,180000.0,0.0,230357.12290762636,1228224.94029573
 12/30  10:00:00,3804172.492403106,606110.9564340559,180000.0,0.0,730707.7157818836,2210201.0254771365
 12/30  11:00:00,5560797.2935864255,567419.9673312447,180000.0,0.0,1203079.7107321378,3548575.379755019
 12/30  12:00:00,5663016.371891475,560433.0811233791,180000.0,0.0,1161111.8138461327,3720323.3197432803
 12/30  13:00:00,4622762.637801531,562821.5374097278,180000.0,0.0,2028448.3494902318,1820631.6330175588
 12/30  14:00:00,4620364.804310084,578209.1307746802,180000.0,0.0,2009795.95087423,1824070.3646008295
 12/30  15:00:00,4696060.740861402,582779.4674690863,180000.0,0.0,2107721.0436082412,1797270.8717237297
 12/30  16:00:00,5185086.4493651185,585094.6260819134,180000.0,0.0,2536726.2117762906,1852404.4936229025
 12/30  17:00:00,6148660.225647712,583683.3962432074,180000.0,0.0,3343442.451918382,1992670.9408364375
 12/30  18:00:00,7352728.972524412,578728.8852572101,180000.0,0.0,4290051.68168049,2206221.532287341
 12/30  19:00:00,8004798.4556183275,635071.9039204372,180000.0,0.0,4658436.554346533,2407845.5258153095
 12/30  20:00:00,8649061.124042679,585633.3285228158,180000.0,0.0,4098864.5958664687,3630257.6102333358
 12/30  21:00:00,7975786.423772906,644389.2828537528,180000.0,0.0,3128939.867834358,3809001.2077203784
 12/30  22:00:00,5600291.323323434,628313.8503036837,180000.0,0.0,2415485.6207722765,2124459.3895280436
 12/30  23:00:00,5132049.492703227,649216.0295003324,180000.0,0.0,2177667.538418249,1906566.3397728938
 12/30  24:00:00,3418142.529223628,692237.9467503681,180000.0,0.0,810213.5648825928,1583957.1879942748
 12/31  01:00:00,2843942.6729967617,720309.7267193646,180000.0,0.0,402891.81010564615,1422440.1842830381
 12/31  02:00:00,2618626.5776642105,737574.9066909122,180000.0,0.0,287713.2486518329,1295037.470432753
 12/31  03:00:00,2447976.2972079045,748953.1436864367,180000.0,0.0,230357.12290762636,1170365.078725129
 12/31  04:00:00,2399270.1910713604,753807.2338320287,180000.0,0.0,230357.12290762636,1116804.8824429922
 12/31  05:00:00,2395327.5903109987,754224.965355159,180000.0,0.0,230357.12290762636,1112444.550159501
 12/31  06:00:00,2736411.0289504174,750857.5708685541,180000.0,0.0,463045.795642253,1247352.548963907
 12/31  07:00:00,3305495.6948066293,743973.1984011066,180000.0,0.0,932619.9308001067,1358890.9717770484
 12/31  08:00:00,3637968.467142982,743169.3429338486,180000.0,0.0,1147122.5148841313,1480236.775320302
 12/31  09:00:00,2471248.9747789428,747798.8373945539,180000.0,0.0,230357.12290762636,1228224.94029573
 12/31  10:00:00,2456383.766088101,750064.1882183577,180000.0,0.0,230357.12290762636,1223953.1798994222
 12/31  11:00:00,3642883.1484496836,718925.8294051803,180000.0,0.0,1203079.7107321378,1484298.8921916764
 12/31  12:00:00,2979689.7502491795,705503.0581938894,180000.0,0.0,695734.4683768796,1359875.8263233956
 12/31  13:00:00,2372417.140664155,698613.6272932957,180000.0,0.0,230357.12290762636,1232585.272579221
 12/31  14:00:00,2358129.580663358,686897.8271161661,180000.0,0.0,230357.12290762636,1232585.272579221
 12/31  15:00:00,2647996.32719492,672123.8744740055,180000.0,0.0,464211.57055575313,1303371.5241048168
 12/31  16:00:00,3781006.3214728087,644087.682861194,180000.0,0.0,1384940.5972381583,1541116.923489445
 12/31  17:00:00,4314285.6626271065,650397.7135710227,180000.0,0.0,1785967.1674822045,1649057.3449241943
 12/31  18:00:00,6802350.743855866,639730.5153478414,180000.0,0.0,3782939.594307932,2104525.520724387
 12/31  19:00:00,10218626.647776525,626163.8215425484,180000.0,0.0,4658436.554346533,4628010.040527729
 12/31  20:00:00,9019945.122155854,516603.6555107527,180000.0,0.0,4098864.5958664687,4057312.4822402336
 12/31  21:00:00,8095433.056534254,601466.0920834658,180000.0,0.0,3128939.867834358,3950996.9526626724
 12/31  22:00:00,5562324.660889485,572344.8691040603,180000.0,0.0,2415485.6207722765,2124459.3895280436
 12/31  23:00:00,5084847.73664274,586583.7144978394,180000.0,0.0,2177667.538418249,1906566.3397728938
 12/31  24:00:00,2580054.5204496803,642755.2556734107,180000.0,0.0,230357.12290762636,1364921.27297758
