
OS:Version,
  {40f754d9-16e8-4c1a-95bb-a5782cf184d1}, !- Handle
  3.7.0;                                  !- Version Identifier

OS:WeatherFile,
  {239136bd-b2f1-48a5-a4b5-31298216b179}, !- Handle
  Milwaukee Gen Mitc,                     !- City
  WI,                                     !- State Province Region
  USA,                                    !- Country
  customized weather file,                !- Data Source
  726400,                                 !- WMO Number
  42.95,                                  !- Latitude {deg}
  -87.9,                                  !- Longitude {deg}
  -6,                                     !- Time Zone {hr}
  211,                                    !- Elevation {m}
  /weather/G5500790.epw,                  !- Url
  B4A9F5D3,                               !- Checksum
  2018,                                   !- Start Date Actual Year
  Monday;                                 !- Start Day of Week

OS:YearDescription,
  {fe7a5223-a052-4c3e-abfd-a32b3d3ee616}, !- Handle
  2018,                                   !- Calendar Year
  ,                                       !- Day of Week for Start Day
  ;                                       !- Is Leap Year

OS:Site,
  {6f9754fe-f2f3-4063-99d6-3465e259588d}, !- Handle
  Milwaukee Gen Mitc_WI_USA,              !- Name
  42.95,                                  !- Latitude {deg}
  -87.9,                                  !- Longitude {deg}
  -6,                                     !- Time Zone {hr}
  211,                                    !- Elevation {m}
  Suburbs;                                !- Terrain

OS:RunPeriodControl:DaylightSavingTime,
  {313b7933-d7be-4cdb-90d9-81236b5e6d89}, !- Handle
  Mar 11,                                 !- Start Date
  Nov 4;                                  !- End Date

OS:Site:GroundTemperature:Shallow,
  {2a6b4a01-45f5-44cb-9ef6-8a2da5458518}, !- Handle
  4.51604346483009,                       !- January Surface Ground Temperature {C}
  2.42327948266308,                       !- February Surface Ground Temperature {C}
  2.25568343787302,                       !- March Surface Ground Temperature {C}
  3.2488068801178,                        !- April Surface Ground Temperature {C}
  7.23564408884458,                       !- May Surface Ground Temperature {C}
  11.2039089185477,                       !- June Surface Ground Temperature {C}
  14.6441824449672,                       !- July Surface Ground Temperature {C}
  16.8235111121509,                       !- August Surface Ground Temperature {C}
  17.0086570526297,                       !- September Surface Ground Temperature {C}
  15.2361394770323,                       !- October Surface Ground Temperature {C}
  11.8835949453718,                       !- November Surface Ground Temperature {C}
  8.0370603176172;                        !- December Surface Ground Temperature {C}

OS:SimulationControl,
  {f3c6e25b-ba01-4bdd-831c-d78a173b771f}, !- Handle
  ,                                       !- Do Zone Sizing Calculation
  ,                                       !- Do System Sizing Calculation
  ,                                       !- Do Plant Sizing Calculation
  No;                                     !- Run Simulation for Sizing Periods

OS:Timestep,
  {da5dff6b-5a43-4872-b646-000133e6ebad}, !- Handle
  4;                                      !- Number of Timesteps per Hour

OS:ShadowCalculation,
  {4d9302a6-55d0-4615-b217-b671bd3cb5e3}, !- Handle
  PolygonClipping,                        !- Shading Calculation Method
  ,                                       !- Shading Calculation Update Frequency Method
  20,                                     !- Shading Calculation Update Frequency
  200,                                    !- Maximum Figures in Shadow Overlap Calculations
  ,                                       !- Polygon Clipping Algorithm
  512,                                    !- Pixel Counting Resolution
  ,                                       !- Sky Diffuse Modeling Algorithm
  No,                                     !- Output External Shading Calculation Results
  No,                                     !- Disable Self-Shading Within Shading Zone Groups
  No;                                     !- Disable Self-Shading From Shading Zone Groups to Other Zones

OS:SurfaceConvectionAlgorithm:Outside,
  {84dc2edc-0e76-48f6-896a-913465cbc473}, !- Handle
  DOE-2;                                  !- Algorithm

OS:SurfaceConvectionAlgorithm:Inside,
  {dc860dec-1e4a-4dfb-b496-12969b1e9c71}, !- Handle
  TARP;                                   !- Algorithm

OS:ZoneCapacitanceMultiplier:ResearchSpecial,
  {8e088405-4b44-48d8-84c9-f47543056d3c}, !- Handle
  1,                                      !- Temperature Capacity Multiplier
  15,                                     !- Humidity Capacity Multiplier
  ;                                       !- Carbon Dioxide Capacity Multiplier

OS:ConvergenceLimits,
  {f80ce211-efbb-4c4d-850b-e1dda90c689a}, !- Handle
  0;                                      !- Minimum System Timestep {minutes}

OS:RunPeriod,
  {a553fe30-3c84-4b85-99f8-913c78018eb0}, !- Handle
  Run Period 1,                           !- Name
  1,                                      !- Begin Month
  1,                                      !- Begin Day of Month
  12,                                     !- End Month
  31,                                     !- End Day of Month
  ,                                       !- Use Weather File Holidays and Special Days
  ,                                       !- Use Weather File Daylight Saving Period
  ,                                       !- Apply Weekend Holiday Rule
  ,                                       !- Use Weather File Rain Indicators
  ,                                       !- Use Weather File Snow Indicators
  ;                                       !- Number of Times Runperiod to be Repeated

OS:PerformancePrecisionTradeoffs,
  {0fcc6a7b-6505-4289-b4b4-5e0a4c171aaa}, !- Handle
  ,                                       !- Use Coil Direct Solutions
  CarrollMRT;                             !- Zone Radiant Exchange Algorithm

OS:ThermalZone,
  {d58cc725-869e-41c3-b7de-2336a59fb500}, !- Handle
  conditioned space,                      !- Name
  1,                                      !- Multiplier
  ,                                       !- Ceiling Height {m}
  493.619269791744,                       !- Volume {m3}
  ,                                       !- Floor Area {m2}
  ,                                       !- Zone Inside Convection Algorithm
  ,                                       !- Zone Outside Convection Algorithm
  ,                                       !- Zone Conditioning Equipment List Name
  {f227044a-8ef4-4398-af4f-6491456a2e09}, !- Zone Air Inlet Port List
  {5cf5538d-d239-4252-aa8f-6a6da0c2fbcb}, !- Zone Air Exhaust Port List
  {4b892613-ce9c-49ba-a202-0061e8449070}, !- Zone Air Node Name
  {6e724b34-790a-4a27-892b-41ac0ef55ab4}, !- Zone Return Air Port List
  ,                                       !- Primary Daylighting Control Name
  ,                                       !- Fraction of Zone Controlled by Primary Daylighting Control
  ,                                       !- Secondary Daylighting Control Name
  ,                                       !- Fraction of Zone Controlled by Secondary Daylighting Control
  ,                                       !- Illuminance Map Name
  ,                                       !- Group Rendering Name
  {95f1e890-fd12-4445-a37c-7708c78fe713}, !- Thermostat Name
  No;                                     !- Use Ideal Air Loads

OS:Node,
  {f5daf430-ad9a-4757-8285-4956c3214cda}, !- Handle
  Node 1,                                 !- Name
  {4b892613-ce9c-49ba-a202-0061e8449070}, !- Inlet Port
  ;                                       !- Outlet Port

OS:Connection,
  {4b892613-ce9c-49ba-a202-0061e8449070}, !- Handle
  {d58cc725-869e-41c3-b7de-2336a59fb500}, !- Source Object
  11,                                     !- Outlet Port
  {f5daf430-ad9a-4757-8285-4956c3214cda}, !- Target Object
  2;                                      !- Inlet Port

OS:PortList,
  {f227044a-8ef4-4398-af4f-6491456a2e09}, !- Handle
  {d58cc725-869e-41c3-b7de-2336a59fb500}, !- HVAC Component
  {090c69cf-d066-4ecf-9ba8-8056c35246b0}; !- Port 1

OS:PortList,
  {5cf5538d-d239-4252-aa8f-6a6da0c2fbcb}, !- Handle
  {d58cc725-869e-41c3-b7de-2336a59fb500}; !- HVAC Component

OS:PortList,
  {6e724b34-790a-4a27-892b-41ac0ef55ab4}, !- Handle
  {d58cc725-869e-41c3-b7de-2336a59fb500}, !- HVAC Component
  {bf77414f-54f7-4cd4-ac58-c5cdb6a89efa}; !- Port 1

OS:Sizing:Zone,
  {efc560f2-9612-481d-a01f-f2b48f4b71c4}, !- Handle
  {d58cc725-869e-41c3-b7de-2336a59fb500}, !- Zone or ZoneList Name
  SupplyAirTemperature,                   !- Zone Cooling Design Supply Air Temperature Input Method
  14,                                     !- Zone Cooling Design Supply Air Temperature {C}
  11.11,                                  !- Zone Cooling Design Supply Air Temperature Difference {deltaC}
  SupplyAirTemperature,                   !- Zone Heating Design Supply Air Temperature Input Method
  40,                                     !- Zone Heating Design Supply Air Temperature {C}
  11.11,                                  !- Zone Heating Design Supply Air Temperature Difference {deltaC}
  0.0085,                                 !- Zone Cooling Design Supply Air Humidity Ratio {kg-H2O/kg-air}
  0.008,                                  !- Zone Heating Design Supply Air Humidity Ratio {kg-H2O/kg-air}
  ,                                       !- Zone Heating Sizing Factor
  ,                                       !- Zone Cooling Sizing Factor
  DesignDay,                              !- Cooling Design Air Flow Method
  ,                                       !- Cooling Design Air Flow Rate {m3/s}
  ,                                       !- Cooling Minimum Air Flow per Zone Floor Area {m3/s-m2}
  ,                                       !- Cooling Minimum Air Flow {m3/s}
  ,                                       !- Cooling Minimum Air Flow Fraction
  DesignDay,                              !- Heating Design Air Flow Method
  ,                                       !- Heating Design Air Flow Rate {m3/s}
  ,                                       !- Heating Maximum Air Flow per Zone Floor Area {m3/s-m2}
  ,                                       !- Heating Maximum Air Flow {m3/s}
  ,                                       !- Heating Maximum Air Flow Fraction
  No,                                     !- Account for Dedicated Outdoor Air System
  NeutralSupplyAir,                       !- Dedicated Outdoor Air System Control Strategy
  autosize,                               !- Dedicated Outdoor Air Low Setpoint Temperature for Design {C}
  autosize,                               !- Dedicated Outdoor Air High Setpoint Temperature for Design {C}
  Sensible Load Only No Latent Load,      !- Zone Load Sizing Method
  HumidityRatioDifference,                !- Zone Latent Cooling Design Supply Air Humidity Ratio Input Method
  ,                                       !- Zone Dehumidification Design Supply Air Humidity Ratio {kgWater/kgDryAir}
  0.005,                                  !- Zone Cooling Design Supply Air Humidity Ratio Difference {kgWater/kgDryAir}
  HumidityRatioDifference,                !- Zone Latent Heating Design Supply Air Humidity Ratio Input Method
  ,                                       !- Zone Humidification Design Supply Air Humidity Ratio {kgWater/kgDryAir}
  0.005;                                  !- Zone Humidification Design Supply Air Humidity Ratio Difference {kgWater/kgDryAir}

OS:ZoneHVAC:EquipmentList,
  {c8bc964b-a575-445a-a320-f7bf49b4a733}, !- Handle
  Zone HVAC Equipment List 1,             !- Name
  {d58cc725-869e-41c3-b7de-2336a59fb500}, !- Thermal Zone
  ,                                       !- Load Distribution Scheme
  {bd4f6878-ae77-4bc3-8865-ed95564c44de}, !- Zone Equipment 1
  1,                                      !- Zone Equipment Cooling Sequence 1
  1,                                      !- Zone Equipment Heating or No-Load Sequence 1
  {6a892949-318f-47f2-aef4-f36735c910ba}, !- Zone Equipment Sequential Cooling Fraction Schedule Name 1
  {e738531c-723c-4797-b668-6bc5b474fef7}; !- Zone Equipment Sequential Heating Fraction Schedule Name 1

OS:AdditionalProperties,
  {d460d371-950c-458a-b520-65f6516e70cb}, !- Handle
  {d58cc725-869e-41c3-b7de-2336a59fb500}, !- Object Name
  ObjectType,                             !- Feature Name 1
  String,                                 !- Feature Data Type 1
  conditioned space;                      !- Feature Value 1

OS:Space,
  {1671f505-4a93-4013-a313-0347ee079f4b}, !- Handle
  conditioned space 1,                    !- Name
  ,                                       !- Space Type Name
  ,                                       !- Default Construction Set Name
  ,                                       !- Default Schedule Set Name
  ,                                       !- Direction of Relative North {deg}
  ,                                       !- X Origin {m}
  ,                                       !- Y Origin {m}
  ,                                       !- Z Origin {m}
  ,                                       !- Building Story Name
  {d58cc725-869e-41c3-b7de-2336a59fb500}, !- Thermal Zone Name
  ,                                       !- Part of Total Floor Area
  ,                                       !- Design Specification Outdoor Air Object Name
  {423cf595-e722-4c3b-92d2-a00a6e2ce09b}, !- Building Unit Name
  493.619269791744;                       !- Volume {m3}

OS:Schedule:Ruleset,
  {3d1db145-260d-4310-811d-45ba90d8f183}, !- Handle
  heating setpoint,                       !- Name
  {a27b7a2e-565a-4128-9f7c-e8d63e16943a}, !- Schedule Type Limits Name
  {b978eb7f-ea6f-4f51-b315-fe1e8c17b5cd}; !- Default Day Schedule Name

OS:Schedule:Day,
  {b978eb7f-ea6f-4f51-b315-fe1e8c17b5cd}, !- Handle
  heating setpoint default day,           !- Name
  {a27b7a2e-565a-4128-9f7c-e8d63e16943a}, !- Schedule Type Limits Name
  ,                                       !- Interpolate to Timestep
  24,                                     !- Hour 1
  0,                                      !- Minute 1
  0;                                      !- Value Until Time 1

OS:Schedule:Rule,
  {d74961f0-4a05-4347-b328-e5c2870f3e5e}, !- Handle
  heating setpoint allday ruleset1,       !- Name
  {3d1db145-260d-4310-811d-45ba90d8f183}, !- Schedule Ruleset Name
  0,                                      !- Rule Order
  {df094967-2ff6-43b1-8179-f3a40667571e}, !- Day Schedule Name
  Yes,                                    !- Apply Sunday
  Yes,                                    !- Apply Monday
  Yes,                                    !- Apply Tuesday
  Yes,                                    !- Apply Wednesday
  Yes,                                    !- Apply Thursday
  Yes,                                    !- Apply Friday
  Yes,                                    !- Apply Saturday
  DateRange,                              !- Date Specification Type
  1,                                      !- Start Month
  1,                                      !- Start Day
  12,                                     !- End Month
  31;                                     !- End Day

OS:Schedule:Day,
  {df094967-2ff6-43b1-8179-f3a40667571e}, !- Handle
  heating setpoint allday1,               !- Name
  {a27b7a2e-565a-4128-9f7c-e8d63e16943a}, !- Schedule Type Limits Name
  ,                                       !- Interpolate to Timestep
  24,                                     !- Hour 1
  0,                                      !- Minute 1
  21.1111111111111;                       !- Value Until Time 1

OS:Schedule:Ruleset,
  {69028ad1-8904-4091-82ae-d857d3af25c3}, !- Handle
  cooling setpoint,                       !- Name
  {a27b7a2e-565a-4128-9f7c-e8d63e16943a}, !- Schedule Type Limits Name
  {627332d0-cb0d-48c6-a9bd-61fc0f799ae8}; !- Default Day Schedule Name

OS:Schedule:Day,
  {627332d0-cb0d-48c6-a9bd-61fc0f799ae8}, !- Handle
  cooling setpoint default day,           !- Name
  {a27b7a2e-565a-4128-9f7c-e8d63e16943a}, !- Schedule Type Limits Name
  ,                                       !- Interpolate to Timestep
  24,                                     !- Hour 1
  0,                                      !- Minute 1
  0;                                      !- Value Until Time 1

OS:Schedule:Rule,
  {91ee8e6d-b64d-4811-82c8-7b8898e9c075}, !- Handle
  cooling setpoint allday ruleset1,       !- Name
  {69028ad1-8904-4091-82ae-d857d3af25c3}, !- Schedule Ruleset Name
  0,                                      !- Rule Order
  {df476046-fa04-4b9f-9033-fe8efb7f7c1c}, !- Day Schedule Name
  Yes,                                    !- Apply Sunday
  Yes,                                    !- Apply Monday
  Yes,                                    !- Apply Tuesday
  Yes,                                    !- Apply Wednesday
  Yes,                                    !- Apply Thursday
  Yes,                                    !- Apply Friday
  Yes,                                    !- Apply Saturday
  DateRange,                              !- Date Specification Type
  1,                                      !- Start Month
  1,                                      !- Start Day
  12,                                     !- End Month
  31;                                     !- End Day

OS:Schedule:Day,
  {df476046-fa04-4b9f-9033-fe8efb7f7c1c}, !- Handle
  cooling setpoint allday1,               !- Name
  {a27b7a2e-565a-4128-9f7c-e8d63e16943a}, !- Schedule Type Limits Name
  ,                                       !- Interpolate to Timestep
  24,                                     !- Hour 1
  0,                                      !- Minute 1
  21.1111111111111;                       !- Value Until Time 1

OS:ThermostatSetpoint:DualSetpoint,
  {95f1e890-fd12-4445-a37c-7708c78fe713}, !- Handle
  conditioned space temperature setpoint, !- Name
  {3d1db145-260d-4310-811d-45ba90d8f183}, !- Heating Setpoint Temperature Schedule Name
  {69028ad1-8904-4091-82ae-d857d3af25c3}; !- Cooling Setpoint Temperature Schedule Name

OS:ScheduleTypeLimits,
  {a27b7a2e-565a-4128-9f7c-e8d63e16943a}, !- Handle
  Temperature,                            !- Name
  ,                                       !- Lower Limit Value
  ,                                       !- Upper Limit Value
  Continuous,                             !- Numeric Type
  Temperature;                            !- Unit Type

OS:Surface,
  {4782c54a-1bfd-4908-acea-0be8c0a3920d}, !- Handle
  Roof1,                                  !- Name
  RoofCeiling,                            !- Surface Type
  {9f4b8993-00b6-4388-a45e-0ff86c51f446}, !- Construction Name
  {2bf375bf-9e28-4bf6-8950-d38e5bb2454d}, !- Space Name
  Outdoors,                               !- Outside Boundary Condition
  ,                                       !- Outside Boundary Condition Object
  SunExposed,                             !- Sun Exposure
  WindExposed,                            !- Wind Exposure
  ,                                       !- View Factor to Ground
  ,                                       !- Number of Vertices
  17.2270519868765, 58.0050034245535, 2.7432, !- X,Y,Z Vertex 1 {m}
  10.2802860465134, 51.0582377623901, 7.65530520538801, !- X,Y,Z Vertex 2 {m}
  18.0470061686927, 43.2915173291742, 7.65530520538801, !- X,Y,Z Vertex 3 {m}
  24.9937721090557, 50.2382829913375, 2.7432; !- X,Y,Z Vertex 4 {m}

OS:AdditionalProperties,
  {5df9b0a4-acc0-43b9-aab2-6ca28a39dafe}, !- Handle
  {4782c54a-1bfd-4908-acea-0be8c0a3920d}, !- Object Name
  Length,                                 !- Feature Name 1
  Double,                                 !- Feature Data Type 1
  36.036093017972966,                     !- Feature Value 1
  Width,                                  !- Feature Name 2
  Double,                                 !- Feature Data Type 2
  36.036093017972966,                     !- Feature Value 2
  Azimuth,                                !- Feature Name 3
  Integer,                                !- Feature Data Type 3
  45,                                     !- Feature Value 3
  Tilt,                                   !- Feature Name 4
  Double,                                 !- Feature Data Type 4
  0.5,                                    !- Feature Value 4
  SurfaceType,                            !- Feature Name 5
  String,                                 !- Feature Data Type 5
  Roof;                                   !- Feature Value 5

OS:ThermalZone,
  {be06d019-cc5b-4e7b-b50b-2ace84872c9a}, !- Handle
  attic - vented,                         !- Name
  1,                                      !- Multiplier
  ,                                       !- Ceiling Height {m}
  258.620150251097,                       !- Volume {m3}
  ,                                       !- Floor Area {m2}
  ,                                       !- Zone Inside Convection Algorithm
  ,                                       !- Zone Outside Convection Algorithm
  ,                                       !- Zone Conditioning Equipment List Name
  {c331b60e-c69e-46c8-a00f-fbe0baa7d4e5}, !- Zone Air Inlet Port List
  {6da2953b-4cc1-40d5-9c02-6c305676d6a6}, !- Zone Air Exhaust Port List
  {29ca2411-be93-4980-9b39-cec48e33f4e0}, !- Zone Air Node Name
  {a0eac3a4-2a3a-45c0-a602-e6e12a50272b}, !- Zone Return Air Port List
  ,                                       !- Primary Daylighting Control Name
  ,                                       !- Fraction of Zone Controlled by Primary Daylighting Control
  ,                                       !- Secondary Daylighting Control Name
  ,                                       !- Fraction of Zone Controlled by Secondary Daylighting Control
  ,                                       !- Illuminance Map Name
  ,                                       !- Group Rendering Name
  ,                                       !- Thermostat Name
  No;                                     !- Use Ideal Air Loads

OS:Node,
  {9feb1b46-d89f-41b5-9071-30f45506faf8}, !- Handle
  Node 2,                                 !- Name
  {29ca2411-be93-4980-9b39-cec48e33f4e0}, !- Inlet Port
  ;                                       !- Outlet Port

OS:Connection,
  {29ca2411-be93-4980-9b39-cec48e33f4e0}, !- Handle
  {be06d019-cc5b-4e7b-b50b-2ace84872c9a}, !- Source Object
  11,                                     !- Outlet Port
  {9feb1b46-d89f-41b5-9071-30f45506faf8}, !- Target Object
  2;                                      !- Inlet Port

OS:PortList,
  {c331b60e-c69e-46c8-a00f-fbe0baa7d4e5}, !- Handle
  {be06d019-cc5b-4e7b-b50b-2ace84872c9a}; !- HVAC Component

OS:PortList,
  {6da2953b-4cc1-40d5-9c02-6c305676d6a6}, !- Handle
  {be06d019-cc5b-4e7b-b50b-2ace84872c9a}; !- HVAC Component

OS:PortList,
  {a0eac3a4-2a3a-45c0-a602-e6e12a50272b}, !- Handle
  {be06d019-cc5b-4e7b-b50b-2ace84872c9a}; !- HVAC Component

OS:Sizing:Zone,
  {7d3ff9cd-dc72-4b80-ad9a-d9a68a421b2d}, !- Handle
  {be06d019-cc5b-4e7b-b50b-2ace84872c9a}, !- Zone or ZoneList Name
  SupplyAirTemperature,                   !- Zone Cooling Design Supply Air Temperature Input Method
  14,                                     !- Zone Cooling Design Supply Air Temperature {C}
  11.11,                                  !- Zone Cooling Design Supply Air Temperature Difference {deltaC}
  SupplyAirTemperature,                   !- Zone Heating Design Supply Air Temperature Input Method
  40,                                     !- Zone Heating Design Supply Air Temperature {C}
  11.11,                                  !- Zone Heating Design Supply Air Temperature Difference {deltaC}
  0.0085,                                 !- Zone Cooling Design Supply Air Humidity Ratio {kg-H2O/kg-air}
  0.008,                                  !- Zone Heating Design Supply Air Humidity Ratio {kg-H2O/kg-air}
  ,                                       !- Zone Heating Sizing Factor
  ,                                       !- Zone Cooling Sizing Factor
  DesignDay,                              !- Cooling Design Air Flow Method
  ,                                       !- Cooling Design Air Flow Rate {m3/s}
  ,                                       !- Cooling Minimum Air Flow per Zone Floor Area {m3/s-m2}
  ,                                       !- Cooling Minimum Air Flow {m3/s}
  ,                                       !- Cooling Minimum Air Flow Fraction
  DesignDay,                              !- Heating Design Air Flow Method
  ,                                       !- Heating Design Air Flow Rate {m3/s}
  ,                                       !- Heating Maximum Air Flow per Zone Floor Area {m3/s-m2}
  ,                                       !- Heating Maximum Air Flow {m3/s}
  ,                                       !- Heating Maximum Air Flow Fraction
  No,                                     !- Account for Dedicated Outdoor Air System
  NeutralSupplyAir,                       !- Dedicated Outdoor Air System Control Strategy
  autosize,                               !- Dedicated Outdoor Air Low Setpoint Temperature for Design {C}
  autosize,                               !- Dedicated Outdoor Air High Setpoint Temperature for Design {C}
  Sensible Load Only No Latent Load,      !- Zone Load Sizing Method
  HumidityRatioDifference,                !- Zone Latent Cooling Design Supply Air Humidity Ratio Input Method
  ,                                       !- Zone Dehumidification Design Supply Air Humidity Ratio {kgWater/kgDryAir}
  0.005,                                  !- Zone Cooling Design Supply Air Humidity Ratio Difference {kgWater/kgDryAir}
  HumidityRatioDifference,                !- Zone Latent Heating Design Supply Air Humidity Ratio Input Method
  ,                                       !- Zone Humidification Design Supply Air Humidity Ratio {kgWater/kgDryAir}
  0.005;                                  !- Zone Humidification Design Supply Air Humidity Ratio Difference {kgWater/kgDryAir}

OS:ZoneHVAC:EquipmentList,
  {19e65812-a62b-41b7-a54e-2d3ad039ecfb}, !- Handle
  Zone HVAC Equipment List 2,             !- Name
  {be06d019-cc5b-4e7b-b50b-2ace84872c9a}; !- Thermal Zone

OS:AdditionalProperties,
  {1741035a-487d-4260-bd2d-eb6d6840076e}, !- Handle
  {be06d019-cc5b-4e7b-b50b-2ace84872c9a}, !- Object Name
  ObjectType,                             !- Feature Name 1
  String,                                 !- Feature Data Type 1
  attic - vented;                         !- Feature Value 1

OS:Space,
  {2bf375bf-9e28-4bf6-8950-d38e5bb2454d}, !- Handle
  attic - vented 1,                       !- Name
  ,                                       !- Space Type Name
  ,                                       !- Default Construction Set Name
  ,                                       !- Default Schedule Set Name
  ,                                       !- Direction of Relative North {deg}
  ,                                       !- X Origin {m}
  ,                                       !- Y Origin {m}
  ,                                       !- Z Origin {m}
  ,                                       !- Building Story Name
  {be06d019-cc5b-4e7b-b50b-2ace84872c9a}, !- Thermal Zone Name
  ,                                       !- Part of Total Floor Area
  ,                                       !- Design Specification Outdoor Air Object Name
  {423cf595-e722-4c3b-92d2-a00a6e2ce09b}, !- Building Unit Name
  258.620150251097;                       !- Volume {m3}

OS:Material,
  {8a1dc865-7dbd-4304-9e72-f417edce31b5}, !- Handle
  asphalt or fiberglass shingles,         !- Name
  Rough,                                  !- Roughness
  0.00635,                                !- Thickness {m}
  0.162714,                               !- Conductivity {W/m-K}
  1121.4,                                 !- Density {kg/m3}
  1465.45,                                !- Specific Heat {J/kg-K}
  0.9,                                    !- Thermal Absorptance
  0.85,                                   !- Solar Absorptance
  0.85;                                   !- Visible Absorptance

OS:Material,
  {f3d901b3-aa48-4360-b093-5ba36ea026f0}, !- Handle
  roof rigid ins,                         !- Name
  Rough,                                  !- Roughness
  0.0028163194147757,                     !- Thickness {m}
  0.029427,                               !- Conductivity {W/m-K}
  32.04,                                  !- Density {kg/m3}
  1214.23,                                !- Specific Heat {J/kg-K}
  0.9,                                    !- Thermal Absorptance
  0.7,                                    !- Solar Absorptance
  0.7;                                    !- Visible Absorptance

OS:Material,
  {6d1fec8a-4a48-45fd-ad04-e803b632c8b4}, !- Handle
  osb sheathing 0.5 in.,                  !- Name
  Rough,                                  !- Roughness
  0.0127,                                 !- Thickness {m}
  0.1154577,                              !- Conductivity {W/m-K}
  512.64,                                 !- Density {kg/m3}
  1214.23,                                !- Specific Heat {J/kg-K}
  0.9,                                    !- Thermal Absorptance
  0.6,                                    !- Solar Absorptance
  0.6;                                    !- Visible Absorptance

OS:Construction,
  {9f4b8993-00b6-4388-a45e-0ff86c51f446}, !- Handle
  Roof1 construction,                     !- Name
  ,                                       !- Surface Rendering Name
  {8a1dc865-7dbd-4304-9e72-f417edce31b5}, !- Layer 1
  {f3d901b3-aa48-4360-b093-5ba36ea026f0}, !- Layer 2
  {6d1fec8a-4a48-45fd-ad04-e803b632c8b4}; !- Layer 3

OS:Surface,
  {15f27976-b161-4e04-bc2e-ad6756b26d67}, !- Handle
  Roof2,                                  !- Name
  RoofCeiling,                            !- Surface Type
  {4c68335d-ebea-44f3-bb72-751492b14955}, !- Construction Name
  {2bf375bf-9e28-4bf6-8950-d38e5bb2454d}, !- Space Name
  Outdoors,                               !- Outside Boundary Condition
  ,                                       !- Outside Boundary Condition Object
  SunExposed,                             !- Sun Exposure
  WindExposed,                            !- Wind Exposure
  ,                                       !- View Factor to Ground
  ,                                       !- Number of Vertices
  8.7887177837058, -66.4433401438803, 2.7432, !- X,Y,Z Vertex 1 {m}
  6.8552188104205, -64.5098411447845, 4.11039024455267, !- X,Y,Z Vertex 2 {m}
  4.6935012122175, -66.6715587141305, 4.11039024455267, !- X,Y,Z Vertex 3 {m}
  6.6270001855028, -68.6050577132263, 2.7432; !- X,Y,Z Vertex 4 {m}

OS:AdditionalProperties,
  {9e0879ee-d939-4478-b761-4af160408e1d}, !- Handle
  {15f27976-b161-4e04-bc2e-ad6756b26d67}, !- Object Name
  Length,                                 !- Feature Name 1
  Double,                                 !- Feature Data Type 1
  10.029955134495866,                     !- Feature Value 1
  Width,                                  !- Feature Name 2
  Double,                                 !- Feature Data Type 2
  10.029955134495866,                     !- Feature Value 2
  Azimuth,                                !- Feature Name 3
  Integer,                                !- Feature Data Type 3
  135,                                    !- Feature Value 3
  Tilt,                                   !- Feature Name 4
  Double,                                 !- Feature Data Type 4
  0.5,                                    !- Feature Value 4
  SurfaceType,                            !- Feature Name 5
  String,                                 !- Feature Data Type 5
  Roof;                                   !- Feature Value 5

OS:Construction,
  {4c68335d-ebea-44f3-bb72-751492b14955}, !- Handle
  Roof2 construction,                     !- Name
  ,                                       !- Surface Rendering Name
  {8a1dc865-7dbd-4304-9e72-f417edce31b5}, !- Layer 1
  {f3d901b3-aa48-4360-b093-5ba36ea026f0}, !- Layer 2
  {6d1fec8a-4a48-45fd-ad04-e803b632c8b4}; !- Layer 3

OS:Surface,
  {eaf6eb00-23c2-4dae-98ec-c86cc8943fe5}, !- Handle
  Roof3,                                  !- Name
  RoofCeiling,                            !- Surface Type
  {378140dc-e0d1-43a9-8003-cc3858b9fe26}, !- Construction Name
  {2bf375bf-9e28-4bf6-8950-d38e5bb2454d}, !- Space Name
  Outdoors,                               !- Outside Boundary Condition
  ,                                       !- Outside Boundary Condition Object
  SunExposed,                             !- Sun Exposure
  WindExposed,                            !- Wind Exposure
  ,                                       !- View Factor to Ground
  ,                                       !- Number of Vertices
  -8.78871955762673, 66.4433399092369, 2.7432, !- X,Y,Z Vertex 1 {m}
  -6.85522053272033, 64.5098409617621, 4.11039024455267, !- X,Y,Z Vertex 2 {m}
  -4.69350299223133, 66.6715585888222, 4.11039024455267, !- X,Y,Z Vertex 3 {m}
  -6.62700201713773, 68.605057536297, 2.7432; !- X,Y,Z Vertex 4 {m}

OS:AdditionalProperties,
  {18a2e29f-4f53-47d9-8266-bb70ceb715cb}, !- Handle
  {eaf6eb00-23c2-4dae-98ec-c86cc8943fe5}, !- Object Name
  Length,                                 !- Feature Name 1
  Double,                                 !- Feature Data Type 1
  10.029955134495866,                     !- Feature Value 1
  Width,                                  !- Feature Name 2
  Double,                                 !- Feature Data Type 2
  10.029955134495866,                     !- Feature Value 2
  Azimuth,                                !- Feature Name 3
  Integer,                                !- Feature Data Type 3
  315,                                    !- Feature Value 3
  Tilt,                                   !- Feature Name 4
  Double,                                 !- Feature Data Type 4
  0.5,                                    !- Feature Value 4
  SurfaceType,                            !- Feature Name 5
  String,                                 !- Feature Data Type 5
  Roof;                                   !- Feature Value 5

OS:Construction,
  {378140dc-e0d1-43a9-8003-cc3858b9fe26}, !- Handle
  Roof3 construction,                     !- Name
  ,                                       !- Surface Rendering Name
  {8a1dc865-7dbd-4304-9e72-f417edce31b5}, !- Layer 1
  {f3d901b3-aa48-4360-b093-5ba36ea026f0}, !- Layer 2
  {6d1fec8a-4a48-45fd-ad04-e803b632c8b4}; !- Layer 3

OS:Surface,
  {0dd21c9d-e6a8-4417-9d86-41f01ddaccc9}, !- Handle
  Roof4,                                  !- Name
  RoofCeiling,                            !- Surface Type
  {b58d79a7-0b71-4e4e-baee-262f2ea8af6e}, !- Construction Name
  {2bf375bf-9e28-4bf6-8950-d38e5bb2454d}, !- Space Name
  Outdoors,                               !- Outside Boundary Condition
  ,                                       !- Outside Boundary Condition Object
  SunExposed,                             !- Sun Exposure
  WindExposed,                            !- Wind Exposure
  ,                                       !- View Factor to Ground
  ,                                       !- Number of Vertices
  -56.1966729167425, -19.0353850425955, 2.7432, !- X,Y,Z Vertex 1 {m}
  -49.3585476277034, -12.1972596622735, 7.57848479475615, !- X,Y,Z Vertex 2 {m}
  -57.0038042222368, -4.55200316979759, 7.57848479475615, !- X,Y,Z Vertex 3 {m}
  -63.8419295112758, -11.3901285501196, 2.7432; !- X,Y,Z Vertex 4 {m}

OS:AdditionalProperties,
  {39ecb0b7-8953-4927-a1b5-0f23e65816be}, !- Handle
  {0dd21c9d-e6a8-4417-9d86-41f01ddaccc9}, !- Object Name
  Length,                                 !- Feature Name 1
  Double,                                 !- Feature Data Type 1
  35.472524578890635,                     !- Feature Value 1
  Width,                                  !- Feature Name 2
  Double,                                 !- Feature Data Type 2
  35.472524578890628,                     !- Feature Value 2
  Azimuth,                                !- Feature Name 3
  Integer,                                !- Feature Data Type 3
  225,                                    !- Feature Value 3
  Tilt,                                   !- Feature Name 4
  Double,                                 !- Feature Data Type 4
  0.5,                                    !- Feature Value 4
  SurfaceType,                            !- Feature Name 5
  String,                                 !- Feature Data Type 5
  Roof;                                   !- Feature Value 5

OS:Construction,
  {b58d79a7-0b71-4e4e-baee-262f2ea8af6e}, !- Handle
  Roof4 construction,                     !- Name
  ,                                       !- Surface Rendering Name
  {8a1dc865-7dbd-4304-9e72-f417edce31b5}, !- Layer 1
  {f3d901b3-aa48-4360-b093-5ba36ea026f0}, !- Layer 2
  {6d1fec8a-4a48-45fd-ad04-e803b632c8b4}; !- Layer 3

OS:Surface,
  {b7993ae8-4c5b-43b8-9c56-e5eb0e5deac0}, !- Handle
  Wall1,                                  !- Name
  Wall,                                   !- Surface Type
  {c89bcc6b-0030-43a5-87fb-83e517f92038}, !- Construction Name
  {040c71e5-b10d-41bf-ae35-714bbcf46f8d}, !- Space Name
  Outdoors,                               !- Outside Boundary Condition
  ,                                       !- Outside Boundary Condition Object
  SunExposed,                             !- Sun Exposure
  WindExposed,                            !- Wind Exposure
  ,                                       !- View Factor to Ground
  ,                                       !- Number of Vertices
  16.3655012083398, -58.8665561960082, 0.3048, !- X,Y,Z Vertex 1 {m}
  16.3655012083398, -58.8665561960082, 2.7432, !- X,Y,Z Vertex 2 {m}
  11.1928737861791, -64.0391838253191, 2.7432, !- X,Y,Z Vertex 3 {m}
  11.1928737861791, -64.0391838253191, 0.3048; !- X,Y,Z Vertex 4 {m}

OS:AdditionalProperties,
  {5765dafd-3f46-4a03-b662-ba7764c2b85f}, !- Handle
  {b7993ae8-4c5b-43b8-9c56-e5eb0e5deac0}, !- Object Name
  Length,                                 !- Feature Name 1
  Double,                                 !- Feature Data Type 1
  24,                                     !- Feature Value 1
  Azimuth,                                !- Feature Name 2
  Integer,                                !- Feature Data Type 2
  135,                                    !- Feature Value 2
  Tilt,                                   !- Feature Name 3
  Double,                                 !- Feature Data Type 3
  90,                                     !- Feature Value 3
  SurfaceType,                            !- Feature Name 4
  String,                                 !- Feature Data Type 4
  Wall;                                   !- Feature Value 4

OS:ThermalZone,
  {0c5c2eac-cbf0-48d3-b346-1d8c56597094}, !- Handle
  garage,                                 !- Name
  1,                                      !- Multiplier
  ,                                       !- Ceiling Height {m}
  65.242014547968,                        !- Volume {m3}
  ,                                       !- Floor Area {m2}
  ,                                       !- Zone Inside Convection Algorithm
  ,                                       !- Zone Outside Convection Algorithm
  ,                                       !- Zone Conditioning Equipment List Name
  {e74b9923-e7e1-4d76-aa33-905a2c8ea04c}, !- Zone Air Inlet Port List
  {14ef393e-fee5-4075-9057-d62d7b00da92}, !- Zone Air Exhaust Port List
  {74474c7d-c383-48f5-a3b5-03c30c7f3479}, !- Zone Air Node Name
  {8edd4565-44e6-48d7-af42-5ce4d0a19934}, !- Zone Return Air Port List
  ,                                       !- Primary Daylighting Control Name
  ,                                       !- Fraction of Zone Controlled by Primary Daylighting Control
  ,                                       !- Secondary Daylighting Control Name
  ,                                       !- Fraction of Zone Controlled by Secondary Daylighting Control
  ,                                       !- Illuminance Map Name
  ,                                       !- Group Rendering Name
  ,                                       !- Thermostat Name
  No;                                     !- Use Ideal Air Loads

OS:Node,
  {09e89d5b-79c5-41bb-b9b2-3a5f990730ca}, !- Handle
  Node 3,                                 !- Name
  {74474c7d-c383-48f5-a3b5-03c30c7f3479}, !- Inlet Port
  ;                                       !- Outlet Port

OS:Connection,
  {74474c7d-c383-48f5-a3b5-03c30c7f3479}, !- Handle
  {0c5c2eac-cbf0-48d3-b346-1d8c56597094}, !- Source Object
  11,                                     !- Outlet Port
  {09e89d5b-79c5-41bb-b9b2-3a5f990730ca}, !- Target Object
  2;                                      !- Inlet Port

OS:PortList,
  {e74b9923-e7e1-4d76-aa33-905a2c8ea04c}, !- Handle
  {0c5c2eac-cbf0-48d3-b346-1d8c56597094}; !- HVAC Component

OS:PortList,
  {14ef393e-fee5-4075-9057-d62d7b00da92}, !- Handle
  {0c5c2eac-cbf0-48d3-b346-1d8c56597094}; !- HVAC Component

OS:PortList,
  {8edd4565-44e6-48d7-af42-5ce4d0a19934}, !- Handle
  {0c5c2eac-cbf0-48d3-b346-1d8c56597094}; !- HVAC Component

OS:Sizing:Zone,
  {f4f9e3b4-eed1-4261-a4e1-d26862a72cdd}, !- Handle
  {0c5c2eac-cbf0-48d3-b346-1d8c56597094}, !- Zone or ZoneList Name
  SupplyAirTemperature,                   !- Zone Cooling Design Supply Air Temperature Input Method
  14,                                     !- Zone Cooling Design Supply Air Temperature {C}
  11.11,                                  !- Zone Cooling Design Supply Air Temperature Difference {deltaC}
  SupplyAirTemperature,                   !- Zone Heating Design Supply Air Temperature Input Method
  40,                                     !- Zone Heating Design Supply Air Temperature {C}
  11.11,                                  !- Zone Heating Design Supply Air Temperature Difference {deltaC}
  0.0085,                                 !- Zone Cooling Design Supply Air Humidity Ratio {kg-H2O/kg-air}
  0.008,                                  !- Zone Heating Design Supply Air Humidity Ratio {kg-H2O/kg-air}
  ,                                       !- Zone Heating Sizing Factor
  ,                                       !- Zone Cooling Sizing Factor
  DesignDay,                              !- Cooling Design Air Flow Method
  ,                                       !- Cooling Design Air Flow Rate {m3/s}
  ,                                       !- Cooling Minimum Air Flow per Zone Floor Area {m3/s-m2}
  ,                                       !- Cooling Minimum Air Flow {m3/s}
  ,                                       !- Cooling Minimum Air Flow Fraction
  DesignDay,                              !- Heating Design Air Flow Method
  ,                                       !- Heating Design Air Flow Rate {m3/s}
  ,                                       !- Heating Maximum Air Flow per Zone Floor Area {m3/s-m2}
  ,                                       !- Heating Maximum Air Flow {m3/s}
  ,                                       !- Heating Maximum Air Flow Fraction
  No,                                     !- Account for Dedicated Outdoor Air System
  NeutralSupplyAir,                       !- Dedicated Outdoor Air System Control Strategy
  autosize,                               !- Dedicated Outdoor Air Low Setpoint Temperature for Design {C}
  autosize,                               !- Dedicated Outdoor Air High Setpoint Temperature for Design {C}
  Sensible Load Only No Latent Load,      !- Zone Load Sizing Method
  HumidityRatioDifference,                !- Zone Latent Cooling Design Supply Air Humidity Ratio Input Method
  ,                                       !- Zone Dehumidification Design Supply Air Humidity Ratio {kgWater/kgDryAir}
  0.005,                                  !- Zone Cooling Design Supply Air Humidity Ratio Difference {kgWater/kgDryAir}
  HumidityRatioDifference,                !- Zone Latent Heating Design Supply Air Humidity Ratio Input Method
  ,                                       !- Zone Humidification Design Supply Air Humidity Ratio {kgWater/kgDryAir}
  0.005;                                  !- Zone Humidification Design Supply Air Humidity Ratio Difference {kgWater/kgDryAir}

OS:ZoneHVAC:EquipmentList,
  {25ec24c5-027e-43cc-a9cf-e1ee93026bae}, !- Handle
  Zone HVAC Equipment List 3,             !- Name
  {0c5c2eac-cbf0-48d3-b346-1d8c56597094}; !- Thermal Zone

OS:AdditionalProperties,
  {f8fc3538-2217-47d9-bc63-2f25716dacce}, !- Handle
  {0c5c2eac-cbf0-48d3-b346-1d8c56597094}, !- Object Name
  ObjectType,                             !- Feature Name 1
  String,                                 !- Feature Data Type 1
  garage;                                 !- Feature Value 1

OS:Space,
  {040c71e5-b10d-41bf-ae35-714bbcf46f8d}, !- Handle
  garage 1,                               !- Name
  ,                                       !- Space Type Name
  ,                                       !- Default Construction Set Name
  ,                                       !- Default Schedule Set Name
  ,                                       !- Direction of Relative North {deg}
  ,                                       !- X Origin {m}
  ,                                       !- Y Origin {m}
  ,                                       !- Z Origin {m}
  ,                                       !- Building Story Name
  {0c5c2eac-cbf0-48d3-b346-1d8c56597094}, !- Thermal Zone Name
  ,                                       !- Part of Total Floor Area
  ,                                       !- Design Specification Outdoor Air Object Name
  {423cf595-e722-4c3b-92d2-a00a6e2ce09b}, !- Building Unit Name
  65.242014547968;                        !- Volume {m3}

OS:Material,
  {8bb960e1-55b8-4c00-aa58-4dd4129acf87}, !- Handle
  aluminum siding,                        !- Name
  Rough,                                  !- Roughness
  0.009525,                               !- Thickness {m}
  0.089435,                               !- Conductivity {W/m-K}
  177.822,                                !- Density {kg/m3}
  1046.75,                                !- Specific Heat {J/kg-K}
  0.9,                                    !- Thermal Absorptance
  0.5,                                    !- Solar Absorptance
  0.5;                                    !- Visible Absorptance

OS:Material,
  {d503d230-9f3f-4fd9-b330-0c9325e0595d}, !- Handle
  osb sheathing 0.5 in. 1,                !- Name
  Rough,                                  !- Roughness
  0.0127,                                 !- Thickness {m}
  0.1154577,                              !- Conductivity {W/m-K}
  512.64,                                 !- Density {kg/m3}
  1214.23,                                !- Specific Heat {J/kg-K}
  0.9,                                    !- Thermal Absorptance
  0.7,                                    !- Solar Absorptance
  0.7;                                    !- Visible Absorptance

OS:Material,
  {6ef8359a-bdb0-4a85-9d23-78927a2c672d}, !- Handle
  wall stud and cavity,                   !- Name
  Rough,                                  !- Roughness
  0.1397,                                 !- Thickness {m}
  0.419005042209566,                      !- Conductivity {W/m-K}
  139.0536,                               !- Density {kg/m3}
  1170.23755760369,                       !- Specific Heat {J/kg-K}
  0.9,                                    !- Thermal Absorptance
  0.6,                                    !- Solar Absorptance
  0.6;                                    !- Visible Absorptance

OS:Construction,
  {c89bcc6b-0030-43a5-87fb-83e517f92038}, !- Handle
  Wall1 construction,                     !- Name
  ,                                       !- Surface Rendering Name
  {8bb960e1-55b8-4c00-aa58-4dd4129acf87}, !- Layer 1
  {d503d230-9f3f-4fd9-b330-0c9325e0595d}, !- Layer 2
  {6ef8359a-bdb0-4a85-9d23-78927a2c672d}; !- Layer 3

OS:Surface,
  {6ec1b3ae-7a21-4995-9a24-1b2a92987b1a}, !- Handle
  Wall2,                                  !- Name
  Wall,                                   !- Surface Type
  {70532628-55cf-4c62-83bf-cc2a189debaa}, !- Construction Name
  {040c71e5-b10d-41bf-ae35-714bbcf46f8d}, !- Space Name
  Outdoors,                               !- Outside Boundary Condition
  ,                                       !- Outside Boundary Condition Object
  SunExposed,                             !- Sun Exposure
  WindExposed,                            !- Wind Exposure
  ,                                       !- View Factor to Ground
  ,                                       !- Number of Vertices
  -47.5824632176999, -27.6495936650457, 0.3048, !- X,Y,Z Vertex 1 {m}
  -47.5824632176999, -27.6495936650457, 2.7432, !- X,Y,Z Vertex 2 {m}
  -50.1687770668804, -25.0632799884903, 2.7432, !- X,Y,Z Vertex 3 {m}
  -50.1687770668804, -25.0632799884903, 0.3048; !- X,Y,Z Vertex 4 {m}

OS:AdditionalProperties,
  {c4804e2a-12f5-486b-81b5-77ffa85a4359}, !- Handle
  {6ec1b3ae-7a21-4995-9a24-1b2a92987b1a}, !- Object Name
  Length,                                 !- Feature Name 1
  Double,                                 !- Feature Data Type 1
  12,                                     !- Feature Value 1
  Azimuth,                                !- Feature Name 2
  Integer,                                !- Feature Data Type 2
  225,                                    !- Feature Value 2
  Tilt,                                   !- Feature Name 3
  Double,                                 !- Feature Data Type 3
  90,                                     !- Feature Value 3
  SurfaceType,                            !- Feature Name 4
  String,                                 !- Feature Data Type 4
  Wall;                                   !- Feature Value 4

OS:Construction,
  {70532628-55cf-4c62-83bf-cc2a189debaa}, !- Handle
  Wall2 construction,                     !- Name
  ,                                       !- Surface Rendering Name
  {8bb960e1-55b8-4c00-aa58-4dd4129acf87}, !- Layer 1
  {d503d230-9f3f-4fd9-b330-0c9325e0595d}, !- Layer 2
  {6ef8359a-bdb0-4a85-9d23-78927a2c672d}; !- Layer 3

OS:Surface,
  {fdc0f331-3b6f-46c3-a7ca-ff70fa5513bd}, !- Handle
  Wall3,                                  !- Name
  Wall,                                   !- Surface Type
  {a7845c0c-bb2f-4b1d-9cf4-524ec183483c}, !- Construction Name
  {1671f505-4a93-4013-a313-0347ee079f4b}, !- Space Name
  Outdoors,                               !- Outside Boundary Condition
  ,                                       !- Outside Boundary Condition Object
  SunExposed,                             !- Sun Exposure
  WindExposed,                            !- Wind Exposure
  ,                                       !- View Factor to Ground
  ,                                       !- Number of Vertices
  0.656923291421755, 74.575131314662, 0.3048, !- X,Y,Z Vertex 1 {m}
  0.656923291421755, 74.575131314662, 2.7432, !- X,Y,Z Vertex 2 {m}
  13.3379430446238, 61.8941117307405, 2.7432, !- X,Y,Z Vertex 3 {m}
  13.3379430446238, 61.8941117307405, 0.3048; !- X,Y,Z Vertex 4 {m}

OS:AdditionalProperties,
  {431df6da-9574-438b-88e8-cb43b23e774c}, !- Handle
  {fdc0f331-3b6f-46c3-a7ca-ff70fa5513bd}, !- Object Name
  Length,                                 !- Feature Name 1
  Double,                                 !- Feature Data Type 1
  58.837499999999991,                     !- Feature Value 1
  Azimuth,                                !- Feature Name 2
  Integer,                                !- Feature Data Type 2
  45,                                     !- Feature Value 2
  Tilt,                                   !- Feature Name 3
  Double,                                 !- Feature Data Type 3
  90,                                     !- Feature Value 3
  SurfaceType,                            !- Feature Name 4
  String,                                 !- Feature Data Type 4
  Wall;                                   !- Feature Value 4

OS:Material,
  {66ed5a60-2f73-462c-a022-cc08ae520342}, !- Handle
  wall stud and cavity 1,                 !- Name
  Rough,                                  !- Roughness
  0.1397,                                 !- Thickness {m}
  0.0950888816651551,                     !- Conductivity {W/m-K}
  139.0536,                               !- Density {kg/m3}
  1170.23755760369,                       !- Specific Heat {J/kg-K}
  0.9,                                    !- Thermal Absorptance
  0.7,                                    !- Solar Absorptance
  0.7;                                    !- Visible Absorptance

OS:Material,
  {2e16e29e-c8b4-4e41-be9b-b9aa87b1fbee}, !- Handle
  gypsum board,                           !- Name
  Rough,                                  !- Roughness
  0.0127,                                 !- Thickness {m}
  0.1602906,                              !- Conductivity {W/m-K}
  801,                                    !- Density {kg/m3}
  837.4,                                  !- Specific Heat {J/kg-K}
  0.9,                                    !- Thermal Absorptance
  0.6,                                    !- Solar Absorptance
  0.6;                                    !- Visible Absorptance

OS:Construction,
  {a7845c0c-bb2f-4b1d-9cf4-524ec183483c}, !- Handle
  Wall3 construction,                     !- Name
  ,                                       !- Surface Rendering Name
  {8bb960e1-55b8-4c00-aa58-4dd4129acf87}, !- Layer 1
  {d503d230-9f3f-4fd9-b330-0c9325e0595d}, !- Layer 2
  {66ed5a60-2f73-462c-a022-cc08ae520342}, !- Layer 3
  {2e16e29e-c8b4-4e41-be9b-b9aa87b1fbee}; !- Layer 4

OS:Surface,
  {51c47da9-fa88-45d3-9ff6-e2b286e279a6}, !- Handle
  Wall4,                                  !- Name
  Wall,                                   !- Surface Type
  {17e52dbf-62aa-432b-8ea9-a3f7dff79722}, !- Construction Name
  {1671f505-4a93-4013-a313-0347ee079f4b}, !- Space Name
  Outdoors,                               !- Outside Boundary Condition
  ,                                       !- Outside Boundary Condition Object
  SunExposed,                             !- Sun Exposure
  WindExposed,                            !- Wind Exposure
  ,                                       !- View Factor to Ground
  ,                                       !- Number of Vertices
  21.7155065712335, -53.5165504696234, 0.3048, !- X,Y,Z Vertex 1 {m}
  21.7155065712335, -53.5165504696234, 2.7432, !- X,Y,Z Vertex 2 {m}
  17.0224248163356, -58.209632412467, 2.7432, !- X,Y,Z Vertex 3 {m}
  17.0224248163356, -58.209632412467, 0.3048; !- X,Y,Z Vertex 4 {m}

OS:AdditionalProperties,
  {fc636010-4d4d-4d92-81a3-116e93c1e583}, !- Handle
  {51c47da9-fa88-45d3-9ff6-e2b286e279a6}, !- Object Name
  Length,                                 !- Feature Name 1
  Double,                                 !- Feature Data Type 1
  21.775000000000002,                     !- Feature Value 1
  Azimuth,                                !- Feature Name 2
  Integer,                                !- Feature Data Type 2
  135,                                    !- Feature Value 2
  Tilt,                                   !- Feature Name 3
  Double,                                 !- Feature Data Type 3
  90,                                     !- Feature Value 3
  SurfaceType,                            !- Feature Name 4
  String,                                 !- Feature Data Type 4
  Wall;                                   !- Feature Value 4

OS:Construction,
  {17e52dbf-62aa-432b-8ea9-a3f7dff79722}, !- Handle
  Wall4 construction,                     !- Name
  ,                                       !- Surface Rendering Name
  {8bb960e1-55b8-4c00-aa58-4dd4129acf87}, !- Layer 1
  {d503d230-9f3f-4fd9-b330-0c9325e0595d}, !- Layer 2
  {66ed5a60-2f73-462c-a022-cc08ae520342}, !- Layer 3
  {2e16e29e-c8b4-4e41-be9b-b9aa87b1fbee}; !- Layer 4

OS:Surface,
  {b1c41d99-b375-4da9-b37f-d1da0e41f844}, !- Handle
  Wall5,                                  !- Name
  Wall,                                   !- Surface Type
  {d9aa9863-226b-41f1-a2b5-9e5de04bb737}, !- Construction Name
  {1671f505-4a93-4013-a313-0347ee079f4b}, !- Space Name
  Surface,                                !- Outside Boundary Condition
  {21e226c9-7cc6-4479-bda6-e74eb96fb959}, !- Outside Boundary Condition Object
  NoSun,                                  !- Sun Exposure
  NoWind,                                 !- Wind Exposure
  ,                                       !- View Factor to Ground
  ,                                       !- Number of Vertices
  1.29315692459024, -1.29315683827768, 0.3048, !- X,Y,Z Vertex 1 {m}
  1.29315692459024, -1.29315683827768, 2.7432, !- X,Y,Z Vertex 2 {m}
  -1.29315692459024, 1.29315683827768, 2.7432, !- X,Y,Z Vertex 3 {m}
  -1.29315692459024, 1.29315683827768, 0.3048; !- X,Y,Z Vertex 4 {m}

OS:AdditionalProperties,
  {6ad31e79-f47b-445d-9c25-071d1d587856}, !- Handle
  {b1c41d99-b375-4da9-b37f-d1da0e41f844}, !- Object Name
  Length,                                 !- Feature Name 1
  Double,                                 !- Feature Data Type 1
  12,                                     !- Feature Value 1
  Azimuth,                                !- Feature Name 2
  Integer,                                !- Feature Data Type 2
  225,                                    !- Feature Value 2
  Tilt,                                   !- Feature Name 3
  Double,                                 !- Feature Data Type 3
  90,                                     !- Feature Value 3
  SurfaceType,                            !- Feature Name 4
  String,                                 !- Feature Data Type 4
  Wall;                                   !- Feature Value 4

OS:Surface,
  {21e226c9-7cc6-4479-bda6-e74eb96fb959}, !- Handle
  Wall5 Reversed,                         !- Name
  Wall,                                   !- Surface Type
  {1e6f9883-ec4b-4e8b-9e6c-7139f8db94f2}, !- Construction Name
  {040c71e5-b10d-41bf-ae35-714bbcf46f8d}, !- Space Name
  Surface,                                !- Outside Boundary Condition
  {b1c41d99-b375-4da9-b37f-d1da0e41f844}, !- Outside Boundary Condition Object
  NoSun,                                  !- Sun Exposure
  NoWind,                                 !- Wind Exposure
  ,                                       !- View Factor to Ground
  ,                                       !- Number of Vertices
  -1.29315692459024, 1.29315683827768, 0.3048, !- X,Y,Z Vertex 1 {m}
  -1.29315692459024, 1.29315683827768, 2.7432, !- X,Y,Z Vertex 2 {m}
  1.29315692459024, -1.29315683827768, 2.7432, !- X,Y,Z Vertex 3 {m}
  1.29315692459024, -1.29315683827768, 0.3048; !- X,Y,Z Vertex 4 {m}

OS:AdditionalProperties,
  {52dda093-9c9b-46e6-b12c-0460651b5610}, !- Handle
  {21e226c9-7cc6-4479-bda6-e74eb96fb959}, !- Object Name
  SurfaceType,                            !- Feature Name 1
  String,                                 !- Feature Data Type 1
  Wall;                                   !- Feature Value 1

OS:Material,
  {636e23f0-2e42-48b4-865e-fdf6a6a0d228}, !- Handle
  osb sheathing 0.5 in. 2,                !- Name
  Rough,                                  !- Roughness
  0.0127,                                 !- Thickness {m}
  0.1154577,                              !- Conductivity {W/m-K}
  512.64,                                 !- Density {kg/m3}
  1214.23;                                !- Specific Heat {J/kg-K}

OS:Material,
  {8e514eda-d6dc-4ca1-bd5e-c27916438632}, !- Handle
  wall stud and cavity 2,                 !- Name
  Rough,                                  !- Roughness
  0.1397,                                 !- Thickness {m}
  0.0937203016398406,                     !- Conductivity {W/m-K}
  139.0536,                               !- Density {kg/m3}
  1170.23755760369,                       !- Specific Heat {J/kg-K}
  0.9,                                    !- Thermal Absorptance
  0.7,                                    !- Solar Absorptance
  0.7;                                    !- Visible Absorptance

OS:Construction,
  {d9aa9863-226b-41f1-a2b5-9e5de04bb737}, !- Handle
  Wall5 construction,                     !- Name
  ,                                       !- Surface Rendering Name
  {636e23f0-2e42-48b4-865e-fdf6a6a0d228}, !- Layer 1
  {8e514eda-d6dc-4ca1-bd5e-c27916438632}, !- Layer 2
  {2e16e29e-c8b4-4e41-be9b-b9aa87b1fbee}; !- Layer 3

OS:Construction,
  {1e6f9883-ec4b-4e8b-9e6c-7139f8db94f2}, !- Handle
  Wall5 construction Reversed,            !- Name
  ,                                       !- Surface Rendering Name
  {2e16e29e-c8b4-4e41-be9b-b9aa87b1fbee}, !- Layer 1
  {8e514eda-d6dc-4ca1-bd5e-c27916438632}, !- Layer 2
  {636e23f0-2e42-48b4-865e-fdf6a6a0d228}; !- Layer 3

OS:Surface,
  {0c298a82-871a-4415-9823-8907c4f09042}, !- Handle
  Wall6,                                  !- Name
  Wall,                                   !- Surface Type
  {777d6d78-568b-4030-ad71-150c7aa6b71d}, !- Construction Name
  {1671f505-4a93-4013-a313-0347ee079f4b}, !- Space Name
  Surface,                                !- Outside Boundary Condition
  {3d6d733a-3861-4f86-839d-2a830b0f17c7}, !- Outside Boundary Condition Object
  NoSun,                                  !- Sun Exposure
  NoWind,                                 !- Wind Exposure
  ,                                       !- View Factor to Ground
  ,                                       !- Number of Vertices
  1.29315685554019, 1.29315690732773, 0.3048, !- X,Y,Z Vertex 1 {m}
  1.29315685554019, 1.29315690732773, 2.7432, !- X,Y,Z Vertex 2 {m}
  -1.29315685554019, -1.29315690732773, 2.7432, !- X,Y,Z Vertex 3 {m}
  -1.29315685554019, -1.29315690732773, 0.3048; !- X,Y,Z Vertex 4 {m}

OS:AdditionalProperties,
  {d83db9d4-92c6-4d6a-a46b-f0b395bea223}, !- Handle
  {0c298a82-871a-4415-9823-8907c4f09042}, !- Object Name
  Length,                                 !- Feature Name 1
  Double,                                 !- Feature Data Type 1
  12,                                     !- Feature Value 1
  Azimuth,                                !- Feature Name 2
  Integer,                                !- Feature Data Type 2
  135,                                    !- Feature Value 2
  Tilt,                                   !- Feature Name 3
  Double,                                 !- Feature Data Type 3
  90,                                     !- Feature Value 3
  SurfaceType,                            !- Feature Name 4
  String,                                 !- Feature Data Type 4
  Wall;                                   !- Feature Value 4

OS:Surface,
  {3d6d733a-3861-4f86-839d-2a830b0f17c7}, !- Handle
  Wall6 Reversed,                         !- Name
  Wall,                                   !- Surface Type
  {73817e63-04b0-49f2-834e-f7adcbb96f9a}, !- Construction Name
  {040c71e5-b10d-41bf-ae35-714bbcf46f8d}, !- Space Name
  Surface,                                !- Outside Boundary Condition
  {0c298a82-871a-4415-9823-8907c4f09042}, !- Outside Boundary Condition Object
  NoSun,                                  !- Sun Exposure
  NoWind,                                 !- Wind Exposure
  ,                                       !- View Factor to Ground
  ,                                       !- Number of Vertices
  -1.29315685554019, -1.29315690732773, 0.3048, !- X,Y,Z Vertex 1 {m}
  -1.29315685554019, -1.29315690732773, 2.7432, !- X,Y,Z Vertex 2 {m}
  1.29315685554019, 1.29315690732773, 2.7432, !- X,Y,Z Vertex 3 {m}
  1.29315685554019, 1.29315690732773, 0.3048; !- X,Y,Z Vertex 4 {m}

OS:AdditionalProperties,
  {b03e63f8-a1a3-42e5-91ec-65c522cf4274}, !- Handle
  {3d6d733a-3861-4f86-839d-2a830b0f17c7}, !- Object Name
  SurfaceType,                            !- Feature Name 1
  String,                                 !- Feature Data Type 1
  Wall;                                   !- Feature Value 1

OS:Material,
  {5c52bd47-84b7-4d5a-b9ff-7f153f35c2c2}, !- Handle
  osb sheathing 0.5 in. 3,                !- Name
  Rough,                                  !- Roughness
  0.0127,                                 !- Thickness {m}
  0.1154577,                              !- Conductivity {W/m-K}
  512.64,                                 !- Density {kg/m3}
  1214.23;                                !- Specific Heat {J/kg-K}

OS:Construction,
  {777d6d78-568b-4030-ad71-150c7aa6b71d}, !- Handle
  Wall6 construction,                     !- Name
  ,                                       !- Surface Rendering Name
  {5c52bd47-84b7-4d5a-b9ff-7f153f35c2c2}, !- Layer 1
  {8e514eda-d6dc-4ca1-bd5e-c27916438632}, !- Layer 2
  {2e16e29e-c8b4-4e41-be9b-b9aa87b1fbee}; !- Layer 3

OS:Construction,
  {73817e63-04b0-49f2-834e-f7adcbb96f9a}, !- Handle
  Wall6 construction Reversed,            !- Name
  ,                                       !- Surface Rendering Name
  {2e16e29e-c8b4-4e41-be9b-b9aa87b1fbee}, !- Layer 1
  {8e514eda-d6dc-4ca1-bd5e-c27916438632}, !- Layer 2
  {5c52bd47-84b7-4d5a-b9ff-7f153f35c2c2}; !- Layer 3

OS:Surface,
  {fee65da9-0b19-4023-8cad-4667242c921c}, !- Handle
  Wall7,                                  !- Name
  Wall,                                   !- Surface Type
  {4d1b84e7-ebe6-4ffb-b5f3-342e3568afdb}, !- Construction Name
  {1671f505-4a93-4013-a313-0347ee079f4b}, !- Space Name
  Outdoors,                               !- Outside Boundary Condition
  ,                                       !- Outside Boundary Condition Object
  SunExposed,                             !- Sun Exposure
  WindExposed,                            !- Wind Exposure
  ,                                       !- View Factor to Ground
  ,                                       !- Number of Vertices
  -37.1352638587118, -38.0967921439736, 0.3048, !- X,Y,Z Vertex 1 {m}
  -37.1352638587118, -38.0967921439736, 2.7432, !- X,Y,Z Vertex 2 {m}
  -46.9255394086304, -28.306517247513, 2.7432, !- X,Y,Z Vertex 3 {m}
  -46.9255394086304, -28.306517247513, 0.3048; !- X,Y,Z Vertex 4 {m}

OS:AdditionalProperties,
  {c0cfecd1-ddcc-4f7a-a3c6-33454b170039}, !- Handle
  {fee65da9-0b19-4023-8cad-4667242c921c}, !- Object Name
  Length,                                 !- Feature Name 1
  Double,                                 !- Feature Data Type 1
  45.425000000000004,                     !- Feature Value 1
  Azimuth,                                !- Feature Name 2
  Integer,                                !- Feature Data Type 2
  225,                                    !- Feature Value 2
  Tilt,                                   !- Feature Name 3
  Double,                                 !- Feature Data Type 3
  90,                                     !- Feature Value 3
  SurfaceType,                            !- Feature Name 4
  String,                                 !- Feature Data Type 4
  Wall;                                   !- Feature Value 4

OS:Construction,
  {4d1b84e7-ebe6-4ffb-b5f3-342e3568afdb}, !- Handle
  Wall7 construction,                     !- Name
  ,                                       !- Surface Rendering Name
  {8bb960e1-55b8-4c00-aa58-4dd4129acf87}, !- Layer 1
  {636e23f0-2e42-48b4-865e-fdf6a6a0d228}, !- Layer 2
  {66ed5a60-2f73-462c-a022-cc08ae520342}, !- Layer 3
  {2e16e29e-c8b4-4e41-be9b-b9aa87b1fbee}; !- Layer 4

OS:Surface,
  {ee1b7a4a-005c-4a45-bc47-cc9601cff5c9}, !- Handle
  Wall8,                                  !- Name
  Wall,                                   !- Surface Type
  {93ba7d10-c1a1-46bd-9a43-adc451607c61}, !- Construction Name
  {1671f505-4a93-4013-a313-0347ee079f4b}, !- Space Name
  Outdoors,                               !- Outside Boundary Condition
  ,                                       !- Outside Boundary Condition Object
  SunExposed,                             !- Sun Exposure
  WindExposed,                            !- Wind Exposure
  ,                                       !- View Factor to Ground
  ,                                       !- Number of Vertices
  -27.0350860200766, 48.1969712621033, 0.3048, !- X,Y,Z Vertex 1 {m}
  -27.0350860200766, 48.1969712621033, 2.7432, !- X,Y,Z Vertex 2 {m}
  -19.9900754222544, 55.2419825182385, 2.7432, !- X,Y,Z Vertex 3 {m}
  -19.9900754222544, 55.2419825182385, 0.3048; !- X,Y,Z Vertex 4 {m}

OS:AdditionalProperties,
  {c544ef1d-59ea-4018-974b-7a39e2ef3dbc}, !- Handle
  {ee1b7a4a-005c-4a45-bc47-cc9601cff5c9}, !- Object Name
  Length,                                 !- Feature Name 1
  Double,                                 !- Feature Data Type 1
  32.6875,                                !- Feature Value 1
  Azimuth,                                !- Feature Name 2
  Integer,                                !- Feature Data Type 2
  315,                                    !- Feature Value 2
  Tilt,                                   !- Feature Name 3
  Double,                                 !- Feature Data Type 3
  90,                                     !- Feature Value 3
  SurfaceType,                            !- Feature Name 4
  String,                                 !- Feature Data Type 4
  Wall;                                   !- Feature Value 4

OS:Construction,
  {93ba7d10-c1a1-46bd-9a43-adc451607c61}, !- Handle
  Wall8 construction,                     !- Name
  ,                                       !- Surface Rendering Name
  {8bb960e1-55b8-4c00-aa58-4dd4129acf87}, !- Layer 1
  {636e23f0-2e42-48b4-865e-fdf6a6a0d228}, !- Layer 2
  {66ed5a60-2f73-462c-a022-cc08ae520342}, !- Layer 3
  {2e16e29e-c8b4-4e41-be9b-b9aa87b1fbee}; !- Layer 4

OS:Surface,
  {68c57a66-1997-4072-a332-a5dbee928328}, !- Handle
  Wall9,                                  !- Name
  Wall,                                   !- Surface Type
  {28c94467-6192-4cbe-bc2b-62620f5fcb5b}, !- Construction Name
  {2bf375bf-9e28-4bf6-8950-d38e5bb2454d}, !- Space Name
  Outdoors,                               !- Outside Boundary Condition
  ,                                       !- Outside Boundary Condition Object
  SunExposed,                             !- Sun Exposure
  WindExposed,                            !- Wind Exposure
  ,                                       !- View Factor to Ground
  ,                                       !- Number of Vertices
  26.7179760347212, -48.5140806676035, 0.3048, !- X,Y,Z Vertex 1 {m}
  26.7179760347212, -48.5140806676035, 2.7432, !- X,Y,Z Vertex 2 {m}
  22.3724301847497, -52.8596266916027, 2.7432, !- X,Y,Z Vertex 3 {m}
  22.3724301847497, -52.8596266916027, 0.3048; !- X,Y,Z Vertex 4 {m}

OS:AdditionalProperties,
  {a611ec12-f2d8-4127-99be-5c0ef7422a5f}, !- Handle
  {68c57a66-1997-4072-a332-a5dbee928328}, !- Object Name
  Length,                                 !- Feature Name 1
  Double,                                 !- Feature Data Type 1
  20.162500000000001,                     !- Feature Value 1
  Azimuth,                                !- Feature Name 2
  Integer,                                !- Feature Data Type 2
  135,                                    !- Feature Value 2
  Tilt,                                   !- Feature Name 3
  Double,                                 !- Feature Data Type 3
  90,                                     !- Feature Value 3
  SurfaceType,                            !- Feature Name 4
  String,                                 !- Feature Data Type 4
  Wall;                                   !- Feature Value 4

OS:Construction,
  {28c94467-6192-4cbe-bc2b-62620f5fcb5b}, !- Handle
  Wall9 construction,                     !- Name
  ,                                       !- Surface Rendering Name
  {8bb960e1-55b8-4c00-aa58-4dd4129acf87}, !- Layer 1
  {636e23f0-2e42-48b4-865e-fdf6a6a0d228}, !- Layer 2
  {6ef8359a-bdb0-4a85-9d23-78927a2c672d}; !- Layer 3

OS:Surface,
  {02db5b05-9960-42e4-9d9f-c37491da25e0}, !- Handle
  Wall10,                                 !- Name
  Wall,                                   !- Surface Type
  {250ad537-2b1d-4844-a1cc-3d0f0aeb036c}, !- Construction Name
  {2bf375bf-9e28-4bf6-8950-d38e5bb2454d}, !- Space Name
  Outdoors,                               !- Outside Boundary Condition
  ,                                       !- Outside Boundary Condition Object
  SunExposed,                             !- Sun Exposure
  WindExposed,                            !- Wind Exposure
  ,                                       !- View Factor to Ground
  ,                                       !- Number of Vertices
  -16.0899145781634, 59.1421439829572, 0.3048, !- X,Y,Z Vertex 1 {m}
  -16.0899145781634, 59.1421439829572, 2.7432, !- X,Y,Z Vertex 2 {m}
  -11.7443688442104, 63.4876901229748, 2.7432, !- X,Y,Z Vertex 3 {m}
  -11.7443688442104, 63.4876901229748, 0.3048; !- X,Y,Z Vertex 4 {m}

OS:AdditionalProperties,
  {4a165ffc-1591-4b32-ab49-781c9975f1df}, !- Handle
  {02db5b05-9960-42e4-9d9f-c37491da25e0}, !- Object Name
  Length,                                 !- Feature Name 1
  Double,                                 !- Feature Data Type 1
  20.162500000000001,                     !- Feature Value 1
  Azimuth,                                !- Feature Name 2
  Integer,                                !- Feature Data Type 2
  315,                                    !- Feature Value 2
  Tilt,                                   !- Feature Name 3
  Double,                                 !- Feature Data Type 3
  90,                                     !- Feature Value 3
  SurfaceType,                            !- Feature Name 4
  String,                                 !- Feature Data Type 4
  Wall;                                   !- Feature Value 4

OS:Construction,
  {250ad537-2b1d-4844-a1cc-3d0f0aeb036c}, !- Handle
  Wall10 construction,                    !- Name
  ,                                       !- Surface Rendering Name
  {8bb960e1-55b8-4c00-aa58-4dd4129acf87}, !- Layer 1
  {636e23f0-2e42-48b4-865e-fdf6a6a0d228}, !- Layer 2
  {6ef8359a-bdb0-4a85-9d23-78927a2c672d}; !- Layer 3

OS:Surface,
  {52fbfcf6-5d8a-49e5-b0ac-e453f5e8995d}, !- Handle
  Wall11,                                 !- Name
  Wall,                                   !- Surface Type
  {90bbdd5f-880a-467a-9923-1f92c8de2e19}, !- Construction Name
  {2bf375bf-9e28-4bf6-8950-d38e5bb2454d}, !- Space Name
  Outdoors,                               !- Outside Boundary Condition
  ,                                       !- Outside Boundary Condition Object
  SunExposed,                             !- Sun Exposure
  WindExposed,                            !- Wind Exposure
  ,                                       !- View Factor to Ground
  ,                                       !- Number of Vertices
  -50.8257008138408, -24.4063563439138, 0.3048, !- X,Y,Z Vertex 1 {m}
  -50.8257008138408, -24.4063563439138, 2.7432, !- X,Y,Z Vertex 2 {m}
  -51.3106346605621, -23.9214225295597, 2.7432, !- X,Y,Z Vertex 3 {m}
  -51.3106346605621, -23.9214225295597, 0.3048; !- X,Y,Z Vertex 4 {m}

OS:AdditionalProperties,
  {be222a8b-dd34-4965-b002-f451c0d6ca61}, !- Handle
  {52fbfcf6-5d8a-49e5-b0ac-e453f5e8995d}, !- Object Name
  Length,                                 !- Feature Name 1
  Double,                                 !- Feature Data Type 1
  2.25,                                   !- Feature Value 1
  Azimuth,                                !- Feature Name 2
  Integer,                                !- Feature Data Type 2
  225,                                    !- Feature Value 2
  Tilt,                                   !- Feature Name 3
  Double,                                 !- Feature Data Type 3
  90,                                     !- Feature Value 3
  SurfaceType,                            !- Feature Name 4
  String,                                 !- Feature Data Type 4
  Wall;                                   !- Feature Value 4

OS:Construction,
  {90bbdd5f-880a-467a-9923-1f92c8de2e19}, !- Handle
  Wall11 construction,                    !- Name
  ,                                       !- Surface Rendering Name
  {8bb960e1-55b8-4c00-aa58-4dd4129acf87}, !- Layer 1
  {636e23f0-2e42-48b4-865e-fdf6a6a0d228}, !- Layer 2
  {6ef8359a-bdb0-4a85-9d23-78927a2c672d}; !- Layer 3

OS:Surface,
  {3f8b03df-15aa-4d62-9e1e-be938931cf0a}, !- Handle
  Wall12,                                 !- Name
  Wall,                                   !- Surface Type
  {7c510fea-2312-4e34-9092-8a4739cc86cf}, !- Construction Name
  {040c71e5-b10d-41bf-ae35-714bbcf46f8d}, !- Space Name
  Outdoors,                               !- Outside Boundary Condition
  ,                                       !- Outside Boundary Condition Object
  SunExposed,                             !- Sun Exposure
  WindExposed,                            !- Wind Exposure
  ,                                       !- View Factor to Ground
  ,                                       !- Number of Vertices
  -19.3331518302329, 55.898906317754, 0.3048, !- X,Y,Z Vertex 1 {m}
  -19.3331518302329, 55.898906317754, 2.7432, !- X,Y,Z Vertex 2 {m}
  -16.7468381882026, 58.4852202014595, 2.7432, !- X,Y,Z Vertex 3 {m}
  -16.7468381882026, 58.4852202014595, 0.3048; !- X,Y,Z Vertex 4 {m}

OS:AdditionalProperties,
  {668ce8d2-7319-47a6-b22d-a27bfc82f61a}, !- Handle
  {3f8b03df-15aa-4d62-9e1e-be938931cf0a}, !- Object Name
  Length,                                 !- Feature Name 1
  Double,                                 !- Feature Data Type 1
  12,                                     !- Feature Value 1
  Azimuth,                                !- Feature Name 2
  Integer,                                !- Feature Data Type 2
  315,                                    !- Feature Value 2
  Tilt,                                   !- Feature Name 3
  Double,                                 !- Feature Data Type 3
  90,                                     !- Feature Value 3
  SurfaceType,                            !- Feature Name 4
  String,                                 !- Feature Data Type 4
  Wall;                                   !- Feature Value 4

OS:Construction,
  {7c510fea-2312-4e34-9092-8a4739cc86cf}, !- Handle
  Wall12 construction,                    !- Name
  ,                                       !- Surface Rendering Name
  {8bb960e1-55b8-4c00-aa58-4dd4129acf87}, !- Layer 1
  {636e23f0-2e42-48b4-865e-fdf6a6a0d228}, !- Layer 2
  {6ef8359a-bdb0-4a85-9d23-78927a2c672d}; !- Layer 3

OS:Surface,
  {bf4fd77d-b490-436b-a091-42f1366aa9e3}, !- Handle
  RimJoist1,                              !- Name
  Wall,                                   !- Surface Type
  {3979ca28-cc8e-42b4-89e1-cd7884955fc8}, !- Construction Name
  {aa1f0f96-31e0-44e2-8176-e87dcf914ab5}, !- Space Name
  Outdoors,                               !- Outside Boundary Condition
  ,                                       !- Outside Boundary Condition Object
  SunExposed,                             !- Sun Exposure
  WindExposed,                            !- Wind Exposure
  ,                                       !- View Factor to Ground
  ,                                       !- Number of Vertices
  25.6506959524028, 49.5813596286141, 0.3048, !- X,Y,Z Vertex 1 {m}
  25.6506959524028, 49.5813596286141, 0.6096, !- X,Y,Z Vertex 2 {m}
  36.3838981399441, 38.8481575843517, 0.6096, !- X,Y,Z Vertex 3 {m}
  36.3838981399441, 38.8481575843517, 0.3048; !- X,Y,Z Vertex 4 {m}

OS:AdditionalProperties,
  {f355ad4d-b96c-4009-b508-58d4722bc14a}, !- Handle
  {bf4fd77d-b490-436b-a091-42f1366aa9e3}, !- Object Name
  Length,                                 !- Feature Name 1
  Double,                                 !- Feature Data Type 1
  49.799999999999997,                     !- Feature Value 1
  Azimuth,                                !- Feature Name 2
  Integer,                                !- Feature Data Type 2
  45,                                     !- Feature Value 2
  Tilt,                                   !- Feature Name 3
  Double,                                 !- Feature Data Type 3
  90,                                     !- Feature Value 3
  SurfaceType,                            !- Feature Name 4
  String,                                 !- Feature Data Type 4
  RimJoist;                               !- Feature Value 4

OS:ThermalZone,
  {78d61cee-fdb0-4d0a-ac9c-634e25791c59}, !- Handle
  basement - unconditioned,               !- Name
  1,                                      !- Multiplier
  ,                                       !- Ceiling Height {m}
  493.619269791744,                       !- Volume {m3}
  ,                                       !- Floor Area {m2}
  ,                                       !- Zone Inside Convection Algorithm
  ,                                       !- Zone Outside Convection Algorithm
  ,                                       !- Zone Conditioning Equipment List Name
  {cd0c89c1-5e67-432e-a848-87172189ee08}, !- Zone Air Inlet Port List
  {1df18d84-81a9-4d12-a91b-97750d8d1bdf}, !- Zone Air Exhaust Port List
  {a1e7b4ae-5ea5-4429-af33-1ed6dfda8842}, !- Zone Air Node Name
  {42d1a751-1afa-4f87-af84-37b07c5818cf}, !- Zone Return Air Port List
  ,                                       !- Primary Daylighting Control Name
  ,                                       !- Fraction of Zone Controlled by Primary Daylighting Control
  ,                                       !- Secondary Daylighting Control Name
  ,                                       !- Fraction of Zone Controlled by Secondary Daylighting Control
  ,                                       !- Illuminance Map Name
  ,                                       !- Group Rendering Name
  ,                                       !- Thermostat Name
  No;                                     !- Use Ideal Air Loads

OS:Node,
  {631ef51c-eafc-4482-b982-7af226d9b4d9}, !- Handle
  Node 4,                                 !- Name
  {a1e7b4ae-5ea5-4429-af33-1ed6dfda8842}, !- Inlet Port
  ;                                       !- Outlet Port

OS:Connection,
  {a1e7b4ae-5ea5-4429-af33-1ed6dfda8842}, !- Handle
  {78d61cee-fdb0-4d0a-ac9c-634e25791c59}, !- Source Object
  11,                                     !- Outlet Port
  {631ef51c-eafc-4482-b982-7af226d9b4d9}, !- Target Object
  2;                                      !- Inlet Port

OS:PortList,
  {cd0c89c1-5e67-432e-a848-87172189ee08}, !- Handle
  {78d61cee-fdb0-4d0a-ac9c-634e25791c59}; !- HVAC Component

OS:PortList,
  {1df18d84-81a9-4d12-a91b-97750d8d1bdf}, !- Handle
  {78d61cee-fdb0-4d0a-ac9c-634e25791c59}; !- HVAC Component

OS:PortList,
  {42d1a751-1afa-4f87-af84-37b07c5818cf}, !- Handle
  {78d61cee-fdb0-4d0a-ac9c-634e25791c59}; !- HVAC Component

OS:Sizing:Zone,
  {e8a0b87d-eea5-44d9-af0e-7692674b3557}, !- Handle
  {78d61cee-fdb0-4d0a-ac9c-634e25791c59}, !- Zone or ZoneList Name
  SupplyAirTemperature,                   !- Zone Cooling Design Supply Air Temperature Input Method
  14,                                     !- Zone Cooling Design Supply Air Temperature {C}
  11.11,                                  !- Zone Cooling Design Supply Air Temperature Difference {deltaC}
  SupplyAirTemperature,                   !- Zone Heating Design Supply Air Temperature Input Method
  40,                                     !- Zone Heating Design Supply Air Temperature {C}
  11.11,                                  !- Zone Heating Design Supply Air Temperature Difference {deltaC}
  0.0085,                                 !- Zone Cooling Design Supply Air Humidity Ratio {kg-H2O/kg-air}
  0.008,                                  !- Zone Heating Design Supply Air Humidity Ratio {kg-H2O/kg-air}
  ,                                       !- Zone Heating Sizing Factor
  ,                                       !- Zone Cooling Sizing Factor
  DesignDay,                              !- Cooling Design Air Flow Method
  ,                                       !- Cooling Design Air Flow Rate {m3/s}
  ,                                       !- Cooling Minimum Air Flow per Zone Floor Area {m3/s-m2}
  ,                                       !- Cooling Minimum Air Flow {m3/s}
  ,                                       !- Cooling Minimum Air Flow Fraction
  DesignDay,                              !- Heating Design Air Flow Method
  ,                                       !- Heating Design Air Flow Rate {m3/s}
  ,                                       !- Heating Maximum Air Flow per Zone Floor Area {m3/s-m2}
  ,                                       !- Heating Maximum Air Flow {m3/s}
  ,                                       !- Heating Maximum Air Flow Fraction
  No,                                     !- Account for Dedicated Outdoor Air System
  NeutralSupplyAir,                       !- Dedicated Outdoor Air System Control Strategy
  autosize,                               !- Dedicated Outdoor Air Low Setpoint Temperature for Design {C}
  autosize,                               !- Dedicated Outdoor Air High Setpoint Temperature for Design {C}
  Sensible Load Only No Latent Load,      !- Zone Load Sizing Method
  HumidityRatioDifference,                !- Zone Latent Cooling Design Supply Air Humidity Ratio Input Method
  ,                                       !- Zone Dehumidification Design Supply Air Humidity Ratio {kgWater/kgDryAir}
  0.005,                                  !- Zone Cooling Design Supply Air Humidity Ratio Difference {kgWater/kgDryAir}
  HumidityRatioDifference,                !- Zone Latent Heating Design Supply Air Humidity Ratio Input Method
  ,                                       !- Zone Humidification Design Supply Air Humidity Ratio {kgWater/kgDryAir}
  0.005;                                  !- Zone Humidification Design Supply Air Humidity Ratio Difference {kgWater/kgDryAir}

OS:ZoneHVAC:EquipmentList,
  {d5df8ac5-ec99-4fc3-9cb7-94914f4d0432}, !- Handle
  Zone HVAC Equipment List 4,             !- Name
  {78d61cee-fdb0-4d0a-ac9c-634e25791c59}; !- Thermal Zone

OS:AdditionalProperties,
  {6f5f988d-ef96-47c5-8b45-c93c831c24c7}, !- Handle
  {78d61cee-fdb0-4d0a-ac9c-634e25791c59}, !- Object Name
  ObjectType,                             !- Feature Name 1
  String,                                 !- Feature Data Type 1
  basement - unconditioned;               !- Feature Value 1

OS:Space,
  {aa1f0f96-31e0-44e2-8176-e87dcf914ab5}, !- Handle
  basement - unconditioned 1,             !- Name
  ,                                       !- Space Type Name
  ,                                       !- Default Construction Set Name
  ,                                       !- Default Schedule Set Name
  ,                                       !- Direction of Relative North {deg}
  ,                                       !- X Origin {m}
  ,                                       !- Y Origin {m}
  ,                                       !- Z Origin {m}
  ,                                       !- Building Story Name
  {78d61cee-fdb0-4d0a-ac9c-634e25791c59}, !- Thermal Zone Name
  ,                                       !- Part of Total Floor Area
  ,                                       !- Design Specification Outdoor Air Object Name
  {423cf595-e722-4c3b-92d2-a00a6e2ce09b}, !- Building Unit Name
  493.619269791744;                       !- Volume {m3}

OS:Material,
  {9251a46a-1de7-4edf-86e2-9f686506b5c5}, !- Handle
  rim joist stud and cavity,              !- Name
  Rough,                                  !- Roughness
  0.0508,                                 !- Thickness {m}
  0.178288778581823,                      !- Conductivity {W/m-K}
  50.32683,                               !- Density {kg/m3}
  1063.80987585548,                       !- Specific Heat {J/kg-K}
  0.9,                                    !- Thermal Absorptance
  0.6,                                    !- Solar Absorptance
  0.6;                                    !- Visible Absorptance

OS:Construction,
  {3979ca28-cc8e-42b4-89e1-cd7884955fc8}, !- Handle
  RimJoist1 construction,                 !- Name
  ,                                       !- Surface Rendering Name
  {8bb960e1-55b8-4c00-aa58-4dd4129acf87}, !- Layer 1
  {9251a46a-1de7-4edf-86e2-9f686506b5c5}; !- Layer 2

OS:Surface,
  {660557c1-f772-4e5d-82e1-d9929f787c27}, !- Handle
  RimJoist2,                              !- Name
  Wall,                                   !- Surface Type
  {10942e84-e6db-40f7-b3b1-c7dca8e2574f}, !- Construction Name
  {aa1f0f96-31e0-44e2-8176-e87dcf914ab5}, !- Space Name
  Outdoors,                               !- Outside Boundary Condition
  ,                                       !- Outside Boundary Condition Object
  SunExposed,                             !- Sun Exposure
  WindExposed,                            !- Wind Exposure
  ,                                       !- View Factor to Ground
  ,                                       !- Number of Vertices
  5.97007662060147, -69.2619814882408, 0.3048, !- X,Y,Z Vertex 1 {m}
  5.97007662060147, -69.2619814882408, 0.6096, !- X,Y,Z Vertex 2 {m}
  2.47085756654997e-06, -75.2320558770705, 0.6096, !- X,Y,Z Vertex 3 {m}
  2.47085756654997e-06, -75.2320558770705, 0.3048; !- X,Y,Z Vertex 4 {m}

OS:AdditionalProperties,
  {95f20fb7-b00b-4dcd-bbfb-72d86a5ccf3c}, !- Handle
  {660557c1-f772-4e5d-82e1-d9929f787c27}, !- Object Name
  Length,                                 !- Feature Name 1
  Double,                                 !- Feature Data Type 1
  27.699999999999999,                     !- Feature Value 1
  Azimuth,                                !- Feature Name 2
  Integer,                                !- Feature Data Type 2
  135,                                    !- Feature Value 2
  Tilt,                                   !- Feature Name 3
  Double,                                 !- Feature Data Type 3
  90,                                     !- Feature Value 3
  SurfaceType,                            !- Feature Name 4
  String,                                 !- Feature Data Type 4
  RimJoist;                               !- Feature Value 4

OS:Construction,
  {10942e84-e6db-40f7-b3b1-c7dca8e2574f}, !- Handle
  RimJoist2 construction,                 !- Name
  ,                                       !- Surface Rendering Name
  {8bb960e1-55b8-4c00-aa58-4dd4129acf87}, !- Layer 1
  {9251a46a-1de7-4edf-86e2-9f686506b5c5}; !- Layer 2

OS:Surface,
  {11d3f46f-04d5-489d-b4d9-e1996220f256}, !- Handle
  RimJoist3,                              !- Name
  Wall,                                   !- Surface Type
  {4518f0e0-48e7-4b01-9b35-2212bf9ab9f9}, !- Construction Name
  {aa1f0f96-31e0-44e2-8176-e87dcf914ab5}, !- Space Name
  Outdoors,                               !- Outside Boundary Condition
  ,                                       !- Outside Boundary Condition Object
  SunExposed,                             !- Sun Exposure
  WindExposed,                            !- Wind Exposure
  ,                                       !- View Factor to Ground
  ,                                       !- Number of Vertices
  -64.4988533711797, -10.7332052010525, 0.3048, !- X,Y,Z Vertex 1 {m}
  -64.4988533711797, -10.7332052010525, 0.6096, !- X,Y,Z Vertex 2 {m}
  -75.2320558452787, -3.44334784330158e-06, 0.6096, !- X,Y,Z Vertex 3 {m}
  -75.2320558452787, -3.44334784330158e-06, 0.3048; !- X,Y,Z Vertex 4 {m}

OS:AdditionalProperties,
  {53adf56f-da8c-45a5-9b47-a0c1add2a585}, !- Handle
  {11d3f46f-04d5-489d-b4d9-e1996220f256}, !- Object Name
  Length,                                 !- Feature Name 1
  Double,                                 !- Feature Data Type 1
  49.799999999999997,                     !- Feature Value 1
  Azimuth,                                !- Feature Name 2
  Integer,                                !- Feature Data Type 2
  225,                                    !- Feature Value 2
  Tilt,                                   !- Feature Name 3
  Double,                                 !- Feature Data Type 3
  90,                                     !- Feature Value 3
  SurfaceType,                            !- Feature Name 4
  String,                                 !- Feature Data Type 4
  RimJoist;                               !- Feature Value 4

OS:Construction,
  {4518f0e0-48e7-4b01-9b35-2212bf9ab9f9}, !- Handle
  RimJoist3 construction,                 !- Name
  ,                                       !- Surface Rendering Name
  {8bb960e1-55b8-4c00-aa58-4dd4129acf87}, !- Layer 1
  {9251a46a-1de7-4edf-86e2-9f686506b5c5}; !- Layer 2

OS:Surface,
  {f4fec9a3-422f-4592-b885-c0436550f9aa}, !- Handle
  RimJoist4,                              !- Name
  Wall,                                   !- Surface Type
  {4214e424-bd4a-4f0e-a588-503131cd02e2}, !- Construction Name
  {aa1f0f96-31e0-44e2-8176-e87dcf914ab5}, !- Space Name
  Outdoors,                               !- Outside Boundary Condition
  ,                                       !- Outside Boundary Condition Object
  SunExposed,                             !- Sun Exposure
  WindExposed,                            !- Wind Exposure
  ,                                       !- View Factor to Ground
  ,                                       !- Number of Vertices
  -5.97007846977512, 69.2619813288502, 0.3048, !- X,Y,Z Vertex 1 {m}
  -5.97007846977512, 69.2619813288502, 0.6096, !- X,Y,Z Vertex 2 {m}
  -4.47942171888371e-06, 75.2320558770704, 0.6096, !- X,Y,Z Vertex 3 {m}
  -4.47942171888371e-06, 75.2320558770704, 0.3048; !- X,Y,Z Vertex 4 {m}

OS:AdditionalProperties,
  {5039f510-8243-4046-b575-782203ab631a}, !- Handle
  {f4fec9a3-422f-4592-b885-c0436550f9aa}, !- Object Name
  Length,                                 !- Feature Name 1
  Double,                                 !- Feature Data Type 1
  27.699999999999999,                     !- Feature Value 1
  Azimuth,                                !- Feature Name 2
  Integer,                                !- Feature Data Type 2
  315,                                    !- Feature Value 2
  Tilt,                                   !- Feature Name 3
  Double,                                 !- Feature Data Type 3
  90,                                     !- Feature Value 3
  SurfaceType,                            !- Feature Name 4
  String,                                 !- Feature Data Type 4
  RimJoist;                               !- Feature Value 4

OS:Construction,
  {4214e424-bd4a-4f0e-a588-503131cd02e2}, !- Handle
  RimJoist4 construction,                 !- Name
  ,                                       !- Surface Rendering Name
  {8bb960e1-55b8-4c00-aa58-4dd4129acf87}, !- Layer 1
  {9251a46a-1de7-4edf-86e2-9f686506b5c5}; !- Layer 2

OS:Surface,
  {71e83680-d4d0-4ff7-8dab-4598f35102e3}, !- Handle
  Floor1,                                 !- Name
  RoofCeiling,                            !- Surface Type
  {235a6219-a687-4d34-a737-987468672060}, !- Construction Name
  {040c71e5-b10d-41bf-ae35-714bbcf46f8d}, !- Space Name
  Surface,                                !- Outside Boundary Condition
  {706cb351-b806-484e-bd55-44652b828377}, !- Outside Boundary Condition Object
  NoSun,                                  !- Sun Exposure
  NoWind,                                 !- Wind Exposure
  ,                                       !- View Factor to Ground
  ,                                       !- Number of Vertices
  2.44128792736831e-08, -3.6576, 2.7432,  !- X,Y,Z Vertex 1 {m}
  3.6576, 2.44128786075493e-08, 2.7432,   !- X,Y,Z Vertex 2 {m}
  -2.44128792736831e-08, 3.6576, 2.7432,  !- X,Y,Z Vertex 3 {m}
  -3.6576, -2.44128786075493e-08, 2.7432; !- X,Y,Z Vertex 4 {m}

OS:AdditionalProperties,
  {c7cd55a5-3508-4be5-995f-b9992380d148}, !- Handle
  {71e83680-d4d0-4ff7-8dab-4598f35102e3}, !- Object Name
  SurfaceType,                            !- Feature Name 1
  String,                                 !- Feature Data Type 1
  Ceiling,                                !- Feature Value 1
  Tilt,                                   !- Feature Name 2
  Double,                                 !- Feature Data Type 2
  0;                                      !- Feature Value 2

OS:Surface,
  {706cb351-b806-484e-bd55-44652b828377}, !- Handle
  Surface 1 Reversed,                     !- Name
  Floor,                                  !- Surface Type
  {235a6219-a687-4d34-a737-987468672060}, !- Construction Name
  {2bf375bf-9e28-4bf6-8950-d38e5bb2454d}, !- Space Name
  Surface,                                !- Outside Boundary Condition
  {71e83680-d4d0-4ff7-8dab-4598f35102e3}, !- Outside Boundary Condition Object
  NoSun,                                  !- Sun Exposure
  NoWind,                                 !- Wind Exposure
  ,                                       !- View Factor to Ground
  ,                                       !- Number of Vertices
  -3.6576, -2.44128786075493e-08, 2.7432, !- X,Y,Z Vertex 1 {m}
  -2.44128792736831e-08, 3.6576, 2.7432,  !- X,Y,Z Vertex 2 {m}
  3.6576, 2.44128786075493e-08, 2.7432,   !- X,Y,Z Vertex 3 {m}
  2.44128792736831e-08, -3.6576, 2.7432;  !- X,Y,Z Vertex 4 {m}

OS:AdditionalProperties,
  {1a6d7faa-5d3c-4ab4-9911-37da6d1c71d5}, !- Handle
  {706cb351-b806-484e-bd55-44652b828377}, !- Object Name
  SurfaceType,                            !- Feature Name 1
  String,                                 !- Feature Data Type 1
  Ceiling;                                !- Feature Value 1

OS:Material,
  {83da522e-2d4f-436a-9613-4adae7ce857d}, !- Handle
  ceiling stud and cavity,                !- Name
  Rough,                                  !- Roughness
  0.1397,                                 !- Thickness {m}
  1.39188596491228,                       !- Conductivity {W/m-K}
  65.682,                                 !- Density {kg/m3}
  1177.46609756098,                       !- Specific Heat {J/kg-K}
  0.9,                                    !- Thermal Absorptance
  0.7,                                    !- Solar Absorptance
  0.7;                                    !- Visible Absorptance

OS:Construction,
  {235a6219-a687-4d34-a737-987468672060}, !- Handle
  Floor1 construction,                    !- Name
  ,                                       !- Surface Rendering Name
  {83da522e-2d4f-436a-9613-4adae7ce857d}; !- Layer 1

OS:Surface,
  {24358873-bb28-4503-91c4-6d0df72ecb36}, !- Handle
  Floor2,                                 !- Name
  Floor,                                  !- Surface Type
  {fa70c648-9cbe-4780-afa7-700be0c0160e}, !- Construction Name
  {1671f505-4a93-4013-a313-0347ee079f4b}, !- Space Name
  Surface,                                !- Outside Boundary Condition
  {95829dc7-3749-40e0-ab2c-ff510b183685}, !- Outside Boundary Condition Object
  NoSun,                                  !- Sun Exposure
  NoWind,                                 !- Wind Exposure
  ,                                       !- View Factor to Ground
  ,                                       !- Number of Vertices
  -10.0607088259228, -6.7150828897411e-08, 0.3048, !- X,Y,Z Vertex 1 {m}
  -6.71508262328757e-08, 10.0607088259228, 0.3048, !- X,Y,Z Vertex 2 {m}
  10.0607088259228, 6.7150828897411e-08, 0.3048, !- X,Y,Z Vertex 3 {m}
  6.71508262328757e-08, -10.0607088259228, 0.3048; !- X,Y,Z Vertex 4 {m}

OS:AdditionalProperties,
  {510aa9d6-07a6-4c35-b2e8-615c048f91be}, !- Handle
  {24358873-bb28-4503-91c4-6d0df72ecb36}, !- Object Name
  SurfaceType,                            !- Feature Name 1
  String,                                 !- Feature Data Type 1
  Floor,                                  !- Feature Value 1
  Tilt,                                   !- Feature Name 2
  Double,                                 !- Feature Data Type 2
  0;                                      !- Feature Value 2

OS:Surface,
  {95829dc7-3749-40e0-ab2c-ff510b183685}, !- Handle
  Surface 1 Reversed 1,                   !- Name
  RoofCeiling,                            !- Surface Type
  {037c616c-be0b-4f4c-8ad9-866f52d0a42c}, !- Construction Name
  {aa1f0f96-31e0-44e2-8176-e87dcf914ab5}, !- Space Name
  Surface,                                !- Outside Boundary Condition
  {24358873-bb28-4503-91c4-6d0df72ecb36}, !- Outside Boundary Condition Object
  NoSun,                                  !- Sun Exposure
  NoWind,                                 !- Wind Exposure
  ,                                       !- View Factor to Ground
  ,                                       !- Number of Vertices
  6.71508262328757e-08, -10.0607088259228, 0.3048, !- X,Y,Z Vertex 1 {m}
  10.0607088259228, 6.7150828897411e-08, 0.3048, !- X,Y,Z Vertex 2 {m}
  -6.71508262328757e-08, 10.0607088259228, 0.3048, !- X,Y,Z Vertex 3 {m}
  -10.0607088259228, -6.7150828897411e-08, 0.3048; !- X,Y,Z Vertex 4 {m}

OS:AdditionalProperties,
  {2091652e-c02d-4f90-adb7-569d6d34e453}, !- Handle
  {95829dc7-3749-40e0-ab2c-ff510b183685}, !- Object Name
  SurfaceType,                            !- Feature Name 1
  String,                                 !- Feature Data Type 1
  Floor;                                  !- Feature Value 1

OS:Material,
  {4e19d0d1-59fd-4460-a780-5d3521b61a1e}, !- Handle
  floor stud and cavity,                  !- Name
  Rough,                                  !- Roughness
  0.1397,                                 !- Thickness {m}
  0.92363688011841,                       !- Conductivity {W/m-K}
  92.3553,                                !- Density {kg/m3}
  1139.71374674761,                       !- Specific Heat {J/kg-K}
  0.9,                                    !- Thermal Absorptance
  0.7,                                    !- Solar Absorptance
  0.7;                                    !- Visible Absorptance

OS:Material,
  {0be0f375-6294-45d2-b07d-d6351a45332b}, !- Handle
  osb sheathing 0.75 in.,                 !- Name
  Rough,                                  !- Roughness
  0.01905,                                !- Thickness {m}
  0.1154577,                              !- Conductivity {W/m-K}
  512.64,                                 !- Density {kg/m3}
  1214.23,                                !- Specific Heat {J/kg-K}
  0.9,                                    !- Thermal Absorptance
  0.7,                                    !- Solar Absorptance
  0.7;                                    !- Visible Absorptance

OS:Material,
  {438ff326-dbe6-4f37-a486-4e5b9fc7bba9}, !- Handle
  floor covering,                         !- Name
  Rough,                                  !- Roughness
  0.0127,                                 !- Thickness {m}
  0.0433443509615385,                     !- Conductivity {W/m-K}
  54.468,                                 !- Density {kg/m3}
  1339.84,                                !- Specific Heat {J/kg-K}
  0.9,                                    !- Thermal Absorptance
  0.6,                                    !- Solar Absorptance
  0.6;                                    !- Visible Absorptance

OS:Construction,
  {fa70c648-9cbe-4780-afa7-700be0c0160e}, !- Handle
  Floor2 construction,                    !- Name
  ,                                       !- Surface Rendering Name
  {4e19d0d1-59fd-4460-a780-5d3521b61a1e}, !- Layer 1
  {0be0f375-6294-45d2-b07d-d6351a45332b}, !- Layer 2
  {438ff326-dbe6-4f37-a486-4e5b9fc7bba9}; !- Layer 3

OS:Construction,
  {037c616c-be0b-4f4c-8ad9-866f52d0a42c}, !- Handle
  Floor2 construction Reversed,           !- Name
  ,                                       !- Surface Rendering Name
  {438ff326-dbe6-4f37-a486-4e5b9fc7bba9}, !- Layer 1
  {0be0f375-6294-45d2-b07d-d6351a45332b}, !- Layer 2
  {4e19d0d1-59fd-4460-a780-5d3521b61a1e}; !- Layer 3

OS:Surface,
  {aa0aa5ca-f09f-43d2-baf0-8111d5cc1639}, !- Handle
  Floor3,                                 !- Name
  RoofCeiling,                            !- Surface Type
  {efe353bb-ac36-4712-bc4f-363de200da25}, !- Construction Name
  {1671f505-4a93-4013-a313-0347ee079f4b}, !- Space Name
  Surface,                                !- Outside Boundary Condition
  {b6647177-6715-49c4-b73a-de71f97fe94e}, !- Outside Boundary Condition Object
  NoSun,                                  !- Sun Exposure
  NoWind,                                 !- Wind Exposure
  ,                                       !- View Factor to Ground
  ,                                       !- Number of Vertices
  6.71508262328757e-08, -10.0607088259228, 2.7432, !- X,Y,Z Vertex 1 {m}
  10.0607088259228, 6.7150828897411e-08, 2.7432, !- X,Y,Z Vertex 2 {m}
  -6.71508262328757e-08, 10.0607088259228, 2.7432, !- X,Y,Z Vertex 3 {m}
  -10.0607088259228, -6.7150828897411e-08, 2.7432; !- X,Y,Z Vertex 4 {m}

OS:AdditionalProperties,
  {6a8deb3f-52f7-4909-a69b-fad9f120d90c}, !- Handle
  {aa0aa5ca-f09f-43d2-baf0-8111d5cc1639}, !- Object Name
  SurfaceType,                            !- Feature Name 1
  String,                                 !- Feature Data Type 1
  Ceiling,                                !- Feature Value 1
  Tilt,                                   !- Feature Name 2
  Double,                                 !- Feature Data Type 2
  0;                                      !- Feature Value 2

OS:Surface,
  {b6647177-6715-49c4-b73a-de71f97fe94e}, !- Handle
  Surface 1 Reversed 2,                   !- Name
  Floor,                                  !- Surface Type
  {6ccbf729-af59-4430-996d-cdd4024772e3}, !- Construction Name
  {2bf375bf-9e28-4bf6-8950-d38e5bb2454d}, !- Space Name
  Surface,                                !- Outside Boundary Condition
  {aa0aa5ca-f09f-43d2-baf0-8111d5cc1639}, !- Outside Boundary Condition Object
  NoSun,                                  !- Sun Exposure
  NoWind,                                 !- Wind Exposure
  ,                                       !- View Factor to Ground
  ,                                       !- Number of Vertices
  -10.0607088259228, -6.7150828897411e-08, 2.7432, !- X,Y,Z Vertex 1 {m}
  -6.71508262328757e-08, 10.0607088259228, 2.7432, !- X,Y,Z Vertex 2 {m}
  10.0607088259228, 6.7150828897411e-08, 2.7432, !- X,Y,Z Vertex 3 {m}
  6.71508262328757e-08, -10.0607088259228, 2.7432; !- X,Y,Z Vertex 4 {m}

OS:AdditionalProperties,
  {403d8840-e667-4934-8cf0-c319ee42ae99}, !- Handle
  {b6647177-6715-49c4-b73a-de71f97fe94e}, !- Object Name
  SurfaceType,                            !- Feature Name 1
  String,                                 !- Feature Data Type 1
  Ceiling;                                !- Feature Value 1

OS:Material,
  {abed48f1-7496-4087-9923-73d6a2f3e916}, !- Handle
  ceiling loosefill ins,                  !- Name
  Rough,                                  !- Roughness
  0.169333333333333,                      !- Thickness {m}
  0.0480833333333333,                     !- Conductivity {W/m-K}
  16.02,                                  !- Density {kg/m3}
  1046.75,                                !- Specific Heat {J/kg-K}
  0.9,                                    !- Thermal Absorptance
  0.7,                                    !- Solar Absorptance
  0.7;                                    !- Visible Absorptance

OS:Material,
  {01de434e-d991-4ee4-b19a-e01bb3629d9b}, !- Handle
  ceiling stud and cavity 1,              !- Name
  Rough,                                  !- Roughness
  0.1397,                                 !- Thickness {m}
  0.0824711051224233,                     !- Conductivity {W/m-K}
  65.682,                                 !- Density {kg/m3}
  1177.46609756098,                       !- Specific Heat {J/kg-K}
  0.9,                                    !- Thermal Absorptance
  0.7,                                    !- Solar Absorptance
  0.7;                                    !- Visible Absorptance

OS:Construction,
  {efe353bb-ac36-4712-bc4f-363de200da25}, !- Handle
  Floor3 construction,                    !- Name
  ,                                       !- Surface Rendering Name
  {abed48f1-7496-4087-9923-73d6a2f3e916}, !- Layer 1
  {01de434e-d991-4ee4-b19a-e01bb3629d9b}, !- Layer 2
  {2e16e29e-c8b4-4e41-be9b-b9aa87b1fbee}; !- Layer 3

OS:Construction,
  {6ccbf729-af59-4430-996d-cdd4024772e3}, !- Handle
  Floor3 construction Reversed,           !- Name
  ,                                       !- Surface Rendering Name
  {2e16e29e-c8b4-4e41-be9b-b9aa87b1fbee}, !- Layer 1
  {01de434e-d991-4ee4-b19a-e01bb3629d9b}, !- Layer 2
  {abed48f1-7496-4087-9923-73d6a2f3e916}; !- Layer 3

OS:Surface,
  {be5a70a1-4d71-4daa-8715-9acba1a807d8}, !- Handle
  Slab1,                                  !- Name
  Floor,                                  !- Surface Type
  {f097ebd5-0ec4-4176-988d-59c9c87a2295}, !- Construction Name
  {040c71e5-b10d-41bf-ae35-714bbcf46f8d}, !- Space Name
  Foundation,                             !- Outside Boundary Condition
  {410bc071-85ce-43b8-b869-6fc83e77dfbe}, !- Outside Boundary Condition Object
  NoSun,                                  !- Sun Exposure
  NoWind,                                 !- Wind Exposure
  ,                                       !- View Factor to Ground
  ,                                       !- Number of Vertices
  -3.6576, -2.44128790516385e-08, 0,      !- X,Y,Z Vertex 1 {m}
  -2.44128790516385e-08, 3.6576, 0,       !- X,Y,Z Vertex 2 {m}
  3.6576, 2.44128790516385e-08, 0,        !- X,Y,Z Vertex 3 {m}
  2.44128790516385e-08, -3.6576, 0;       !- X,Y,Z Vertex 4 {m}

OS:AdditionalProperties,
  {e3a4a560-b675-468e-91cf-36dbb2855532}, !- Handle
  {be5a70a1-4d71-4daa-8715-9acba1a807d8}, !- Object Name
  SurfaceType,                            !- Feature Name 1
  String,                                 !- Feature Data Type 1
  Slab;                                   !- Feature Value 1

OS:Foundation:Kiva,
  {410bc071-85ce-43b8-b869-6fc83e77dfbe}, !- Handle
  Foundation Kiva 1,                      !- Name
  2.20464367174045,                       !- Initial Indoor Air Temperature {C}
  ,                                       !- Interior Horizontal Insulation Material Name
  ,                                       !- Interior Horizontal Insulation Depth {m}
  ,                                       !- Interior Horizontal Insulation Width {m}
  ,                                       !- Interior Vertical Insulation Material Name
  ,                                       !- Interior Vertical Insulation Depth {m}
  ,                                       !- Exterior Horizontal Insulation Material Name
  ,                                       !- Exterior Horizontal Insulation Depth {m}
  ,                                       !- Exterior Horizontal Insulation Width {m}
  ,                                       !- Exterior Vertical Insulation Material Name
  ,                                       !- Exterior Vertical Insulation Depth {m}
  0.1016,                                 !- Wall Height Above Grade {m}
  0.2032,                                 !- Wall Depth Below Slab {m}
  ,                                       !- Footing Wall Construction Name
  ,                                       !- Footing Material Name
  ;                                       !- Footing Depth {m}

OS:Foundation:Kiva:Settings,
  {2e68ab52-72dd-48a2-ab04-e5928262216e}, !- Handle
  1.3848,                                 !- Soil Conductivity {W/m-K}
  1842.3,                                 !- Soil Density {kg/m3}
  418.7,                                  !- Soil Specific Heat {J/kg-K}
  0.9,                                    !- Ground Solar Absorptivity {dimensionless}
  0.9,                                    !- Ground Thermal Absorptivity {dimensionless}
  0.03,                                   !- Ground Surface Roughness {m}
  40,                                     !- Far-Field Width {m}
  ZeroFlux,                               !- Deep-Ground Boundary Condition
  40,                                     !- Deep-Ground Depth {m}
  0.2,                                    !- Minimum Cell Dimension {m}
  3,                                      !- Maximum Cell Growth Coefficient {dimensionless}
  Timestep;                               !- Simulation Timestep

OS:Material,
  {844128e6-42c3-48ba-a5e0-5ad7e867a72d}, !- Handle
  concrete 4.0 in.,                       !- Name
  Rough,                                  !- Roughness
  0.1016,                                 !- Thickness {m}
  1.803125,                               !- Conductivity {W/m-K}
  2242.8,                                 !- Density {kg/m3}
  837.4,                                  !- Specific Heat {J/kg-K}
  0.9,                                    !- Thermal Absorptance
  0.7,                                    !- Solar Absorptance
  0.7;                                    !- Visible Absorptance

OS:Construction,
  {f097ebd5-0ec4-4176-988d-59c9c87a2295}, !- Handle
  Slab1 construction,                     !- Name
  ,                                       !- Surface Rendering Name
  {844128e6-42c3-48ba-a5e0-5ad7e867a72d}; !- Layer 1

OS:SurfaceProperty:ExposedFoundationPerimeter,
  {bce52607-f51e-4ff5-95ca-609745844ca7}, !- Handle
  {be5a70a1-4d71-4daa-8715-9acba1a807d8}, !- Surface Name
  TotalExposedPerimeter,                  !- Exposed Perimeter Calculation Method
  14.6304;                                !- Total Exposed Perimeter {m}

OS:Surface,
  {4316d785-5392-476c-8009-17f29ba0b25f}, !- Handle
  FoundationWall1,                        !- Name
  Wall,                                   !- Surface Type
  {afa2b6d0-fb47-4abd-8b38-e1cd1934afd0}, !- Construction Name
  {aa1f0f96-31e0-44e2-8176-e87dcf914ab5}, !- Space Name
  Foundation,                             !- Outside Boundary Condition
  {3d814f65-56b2-467d-b707-2757df9e45dd}, !- Outside Boundary Condition Object
  NoSun,                                  !- Sun Exposure
  NoWind,                                 !- Wind Exposure
  ,                                       !- View Factor to Ground
  ,                                       !- Number of Vertices
  37.0408221754158, 38.1912342282865, -2.1336, !- X,Y,Z Vertex 1 {m}
  37.0408221754158, 38.1912342282865, 0.3048, !- X,Y,Z Vertex 2 {m}
  75.2320556620084, 1.25151331076268e-06, 0.3048, !- X,Y,Z Vertex 3 {m}
  75.2320556620084, 1.25151331076268e-06, -2.1336; !- X,Y,Z Vertex 4 {m}

OS:AdditionalProperties,
  {33262b9e-8d0d-4e8f-b4bc-3e629624bd6b}, !- Handle
  {4316d785-5392-476c-8009-17f29ba0b25f}, !- Object Name
  Length,                                 !- Feature Name 1
  Double,                                 !- Feature Data Type 1
  177.19999999999999,                     !- Feature Value 1
  Azimuth,                                !- Feature Name 2
  Integer,                                !- Feature Data Type 2
  45,                                     !- Feature Value 2
  Tilt,                                   !- Feature Name 3
  Double,                                 !- Feature Data Type 3
  90,                                     !- Feature Value 3
  SurfaceType,                            !- Feature Name 4
  String,                                 !- Feature Data Type 4
  FoundationWall;                         !- Feature Value 4

OS:Foundation:Kiva,
  {3d814f65-56b2-467d-b707-2757df9e45dd}, !- Handle
  Foundation Kiva 2,                      !- Name
  2.4104157387799,                        !- Initial Indoor Air Temperature {C}
  ,                                       !- Interior Horizontal Insulation Material Name
  ,                                       !- Interior Horizontal Insulation Depth {m}
  ,                                       !- Interior Horizontal Insulation Width {m}
  ,                                       !- Interior Vertical Insulation Material Name
  ,                                       !- Interior Vertical Insulation Depth {m}
  ,                                       !- Exterior Horizontal Insulation Material Name
  ,                                       !- Exterior Horizontal Insulation Depth {m}
  ,                                       !- Exterior Horizontal Insulation Width {m}
  ,                                       !- Exterior Vertical Insulation Material Name
  ,                                       !- Exterior Vertical Insulation Depth {m}
  0.3048,                                 !- Wall Height Above Grade {m}
  0.2032,                                 !- Wall Depth Below Slab {m}
  ,                                       !- Footing Wall Construction Name
  ,                                       !- Footing Material Name
  ;                                       !- Footing Depth {m}

OS:Material,
  {ded310d6-7a11-4a12-b79e-dcc90ee183b7}, !- Handle
  concrete 8.0 in.,                       !- Name
  Rough,                                  !- Roughness
  0.2032,                                 !- Thickness {m}
  1.803125,                               !- Conductivity {W/m-K}
  2242.8,                                 !- Density {kg/m3}
  837.4,                                  !- Specific Heat {J/kg-K}
  0.9,                                    !- Thermal Absorptance
  0.7,                                    !- Solar Absorptance
  0.7;                                    !- Visible Absorptance

OS:Construction,
  {afa2b6d0-fb47-4abd-8b38-e1cd1934afd0}, !- Handle
  FoundationWall1 construction,           !- Name
  ,                                       !- Surface Rendering Name
  {ded310d6-7a11-4a12-b79e-dcc90ee183b7}; !- Layer 1

OS:Surface,
  {e4dcad35-c82a-4040-8487-eb63d39b6c5b}, !- Handle
  Slab2,                                  !- Name
  Floor,                                  !- Surface Type
  {e8ca8f95-fc4f-4419-b877-c599b2e39a43}, !- Construction Name
  {aa1f0f96-31e0-44e2-8176-e87dcf914ab5}, !- Space Name
  Foundation,                             !- Outside Boundary Condition
  {3d814f65-56b2-467d-b707-2757df9e45dd}, !- Outside Boundary Condition Object
  NoSun,                                  !- Sun Exposure
  NoWind,                                 !- Wind Exposure
  ,                                       !- View Factor to Ground
  ,                                       !- Number of Vertices
  -10.0607088259228, -6.71508280092326e-08, -2.1336, !- X,Y,Z Vertex 1 {m}
  -6.71508280092326e-08, 10.0607088259228, -2.1336, !- X,Y,Z Vertex 2 {m}
  10.0607088259228, 6.71508280092326e-08, -2.1336, !- X,Y,Z Vertex 3 {m}
  6.71508280092326e-08, -10.0607088259228, -2.1336; !- X,Y,Z Vertex 4 {m}

OS:AdditionalProperties,
  {30fbf17d-8c61-41e1-be10-93d5ef40fe86}, !- Handle
  {e4dcad35-c82a-4040-8487-eb63d39b6c5b}, !- Object Name
  SurfaceType,                            !- Feature Name 1
  String,                                 !- Feature Data Type 1
  Slab;                                   !- Feature Value 1

OS:Construction,
  {e8ca8f95-fc4f-4419-b877-c599b2e39a43}, !- Handle
  Slab2 construction,                     !- Name
  ,                                       !- Surface Rendering Name
  {844128e6-42c3-48ba-a5e0-5ad7e867a72d}; !- Layer 1

OS:SurfaceProperty:ExposedFoundationPerimeter,
  {a5e53945-8f45-45df-9acd-ef130e188fcd}, !- Handle
  {e4dcad35-c82a-4040-8487-eb63d39b6c5b}, !- Surface Name
  TotalExposedPerimeter,                  !- Exposed Perimeter Calculation Method
  54.01056;                               !- Total Exposed Perimeter {m}

OS:Surface,
  {e78bc567-4a11-46d1-aab3-1971de253198}, !- Handle
  surface Window1,                        !- Name
  Wall,                                   !- Surface Type
  {84374f9a-62f9-488b-bcdc-60c980b090b8}, !- Construction Name
  {1671f505-4a93-4013-a313-0347ee079f4b}, !- Space Name
  Outdoors,                               !- Outside Boundary Condition
  ,                                       !- Outside Boundary Condition Object
  SunExposed,                             !- Sun Exposure
  WindExposed,                            !- Wind Exposure
  ,                                       !- View Factor to Ground
  ,                                       !- Number of Vertices
  13.9945009886693, 61.237554016656, 0.304282586346002, !- X,Y,Z Vertex 1 {m}
  13.9945009886693, 61.237554016656, 1.494037413654, !- X,Y,Z Vertex 2 {m}
  16.5704938792194, 58.6615611604931, 1.494037413654, !- X,Y,Z Vertex 3 {m}
  16.5704938792194, 58.6615611604931, 0.304282586346002; !- X,Y,Z Vertex 4 {m}

OS:AdditionalProperties,
  {dbce9694-1bdf-4776-b232-131274974f2a}, !- Handle
  {e78bc567-4a11-46d1-aab3-1971de253198}, !- Object Name
  Length,                                 !- Feature Name 1
  Double,                                 !- Feature Data Type 1
  11.948717948717951,                     !- Feature Value 1
  Azimuth,                                !- Feature Name 2
  Integer,                                !- Feature Data Type 2
  45,                                     !- Feature Value 2
  Tilt,                                   !- Feature Name 3
  Double,                                 !- Feature Data Type 3
  90,                                     !- Feature Value 3
  SurfaceType,                            !- Feature Name 4
  String,                                 !- Feature Data Type 4
  Window;                                 !- Feature Value 4

OS:SubSurface,
  {119b2ae1-7b35-43c0-9cb0-cb79bc45079b}, !- Handle
  Window1,                                !- Name
  FixedWindow,                            !- Sub Surface Type
  {bb992b38-8882-4566-a10e-ccd7d06f255e}, !- Construction Name
  {e78bc567-4a11-46d1-aab3-1971de253198}, !- Surface Name
  ,                                       !- Outside Boundary Condition Object
  ,                                       !- View Factor to Ground
  ,                                       !- Frame and Divider Name
  ,                                       !- Multiplier
  ,                                       !- Number of Vertices
  13.9948668553752, 61.237188149955, 0.3048, !- X,Y,Z Vertex 1 {m}
  13.9948668553752, 61.237188149955, 1.49352, !- X,Y,Z Vertex 2 {m}
  16.5701280125136, 58.661927027194, 1.49352, !- X,Y,Z Vertex 3 {m}
  16.5701280125136, 58.661927027194, 0.3048; !- X,Y,Z Vertex 4 {m}

OS:ShadingSurfaceGroup,
  {9eaec08b-6ff5-4743-a79a-344e6c8d55e6}, !- Handle
  Window1 Shading Surfaces,               !- Name
  Space,                                  !- Shading Surface Type
  {1671f505-4a93-4013-a313-0347ee079f4b}, !- Space Name
  ,                                       !- Direction of Relative North {deg}
  ,                                       !- X Origin {m}
  ,                                       !- Y Origin {m}
  ,                                       !- Z Origin {m}
  {119b2ae1-7b35-43c0-9cb0-cb79bc45079b}; !- Shaded Object Name

OS:ShadingSurface,
  {c6ec42b2-2a81-4350-aa4f-50888dafe293}, !- Handle
  Window1 overhangs,                      !- Name
  ,                                       !- Construction Name
  {9eaec08b-6ff5-4743-a79a-344e6c8d55e6}, !- Shading Surface Group Name
  ,                                       !- Transmittance Schedule Name
  ,                                       !- Number of Vertices
  13.779340707031, 61.4527142954221, 1.79832, !- X,Y,Z Vertex 1 {m}
  16.7856541608578, 58.4464008817269, 1.79832, !- X,Y,Z Vertex 2 {m}
  17.216706451792, 58.8774531784153, 1.79832, !- X,Y,Z Vertex 3 {m}
  14.2103929979652, 61.8837665921105, 1.79832; !- X,Y,Z Vertex 4 {m}

OS:WindowMaterial:SimpleGlazingSystem,
  {3c18113d-856d-4b9f-9606-962086424a67}, !- Handle
  WindowMaterial,                         !- Name
  4.31528,                                !- U-Factor {W/m2-K}
  0.67;                                   !- Solar Heat Gain Coefficient

OS:Construction,
  {bb992b38-8882-4566-a10e-ccd7d06f255e}, !- Handle
  WindowConstruction,                     !- Name
  ,                                       !- Surface Rendering Name
  {3c18113d-856d-4b9f-9606-962086424a67}; !- Layer 1

OS:Schedule:Ruleset,
  {99cfd768-c498-4d9f-afe3-252ff79b3b1f}, !- Handle
  trans schedule winter=0.85 summer=0.7,  !- Name
  {6ada26ef-be23-44a6-9ac0-48fa5353139e}, !- Schedule Type Limits Name
  {e2264ec2-e04b-4408-8205-73534369e41d}; !- Default Day Schedule Name

OS:Schedule:Day,
  {e2264ec2-e04b-4408-8205-73534369e41d}, !- Handle
  trans schedule winter=0.85 summer=0.7 default day, !- Name
  {6ada26ef-be23-44a6-9ac0-48fa5353139e}, !- Schedule Type Limits Name
  ,                                       !- Interpolate to Timestep
  24,                                     !- Hour 1
  0,                                      !- Minute 1
  0;                                      !- Value Until Time 1

OS:Schedule:Rule,
  {a62e9f60-e88f-4248-a784-53ac5cc48180}, !- Handle
  trans schedule winter=0.85 summer=0.7 allday ruleset1, !- Name
  {99cfd768-c498-4d9f-afe3-252ff79b3b1f}, !- Schedule Ruleset Name
  2,                                      !- Rule Order
  {6471aa58-92a6-4bcb-9a79-1ee284a16cd9}, !- Day Schedule Name
  Yes,                                    !- Apply Sunday
  Yes,                                    !- Apply Monday
  Yes,                                    !- Apply Tuesday
  Yes,                                    !- Apply Wednesday
  Yes,                                    !- Apply Thursday
  Yes,                                    !- Apply Friday
  Yes,                                    !- Apply Saturday
  DateRange,                              !- Date Specification Type
  1,                                      !- Start Month
  1,                                      !- Start Day
  4,                                      !- End Month
  30;                                     !- End Day

OS:Schedule:Day,
  {6471aa58-92a6-4bcb-9a79-1ee284a16cd9}, !- Handle
  trans schedule winter=0.85 summer=0.7 allday1, !- Name
  {6ada26ef-be23-44a6-9ac0-48fa5353139e}, !- Schedule Type Limits Name
  ,                                       !- Interpolate to Timestep
  24,                                     !- Hour 1
  0,                                      !- Minute 1
  0.85;                                   !- Value Until Time 1

OS:Schedule:Rule,
  {90b210c3-366e-4593-85c9-3fc571bcadc2}, !- Handle
  trans schedule winter=0.85 summer=0.7 allday ruleset121, !- Name
  {99cfd768-c498-4d9f-afe3-252ff79b3b1f}, !- Schedule Ruleset Name
  1,                                      !- Rule Order
  {5132b1a1-1ec2-4466-acfe-83387b759521}, !- Day Schedule Name
  Yes,                                    !- Apply Sunday
  Yes,                                    !- Apply Monday
  Yes,                                    !- Apply Tuesday
  Yes,                                    !- Apply Wednesday
  Yes,                                    !- Apply Thursday
  Yes,                                    !- Apply Friday
  Yes,                                    !- Apply Saturday
  DateRange,                              !- Date Specification Type
  5,                                      !- Start Month
  1,                                      !- Start Day
  10,                                     !- End Month
  31;                                     !- End Day

OS:Schedule:Day,
  {5132b1a1-1ec2-4466-acfe-83387b759521}, !- Handle
  trans schedule winter=0.85 summer=0.7 allday121, !- Name
  {6ada26ef-be23-44a6-9ac0-48fa5353139e}, !- Schedule Type Limits Name
  ,                                       !- Interpolate to Timestep
  24,                                     !- Hour 1
  0,                                      !- Minute 1
  0.7;                                    !- Value Until Time 1

OS:Schedule:Rule,
  {54c2ee69-cbf9-4860-89f4-26f126c40227}, !- Handle
  trans schedule winter=0.85 summer=0.7 allday ruleset305, !- Name
  {99cfd768-c498-4d9f-afe3-252ff79b3b1f}, !- Schedule Ruleset Name
  0,                                      !- Rule Order
  {b243525c-6cbd-4fc2-8bad-d875eb42508f}, !- Day Schedule Name
  Yes,                                    !- Apply Sunday
  Yes,                                    !- Apply Monday
  Yes,                                    !- Apply Tuesday
  Yes,                                    !- Apply Wednesday
  Yes,                                    !- Apply Thursday
  Yes,                                    !- Apply Friday
  Yes,                                    !- Apply Saturday
  DateRange,                              !- Date Specification Type
  11,                                     !- Start Month
  1,                                      !- Start Day
  12,                                     !- End Month
  31;                                     !- End Day

OS:Schedule:Day,
  {b243525c-6cbd-4fc2-8bad-d875eb42508f}, !- Handle
  trans schedule winter=0.85 summer=0.7 allday305, !- Name
  {6ada26ef-be23-44a6-9ac0-48fa5353139e}, !- Schedule Type Limits Name
  ,                                       !- Interpolate to Timestep
  24,                                     !- Hour 1
  0,                                      !- Minute 1
  0.85;                                   !- Value Until Time 1

OS:ScheduleTypeLimits,
  {6ada26ef-be23-44a6-9ac0-48fa5353139e}, !- Handle
  Fractional,                             !- Name
  0,                                      !- Lower Limit Value
  1,                                      !- Upper Limit Value
  Continuous;                             !- Numeric Type

OS:SurfaceProperty:IncidentSolarMultiplier,
  {61f0d4fa-6609-48b4-a244-fad36869a060}, !- Handle
  {119b2ae1-7b35-43c0-9cb0-cb79bc45079b}, !- Surface Name
  1,                                      !- Incident Solar Multiplier {dimensionless}
  {99cfd768-c498-4d9f-afe3-252ff79b3b1f}; !- Incident Solar Multiplier Schedule Name

OS:Surface,
  {d184bba1-785c-43a7-abbe-cb9f2d44415d}, !- Handle
  surface Window2,                        !- Name
  Wall,                                   !- Surface Type
  {84374f9a-62f9-488b-bcdc-60c980b090b8}, !- Construction Name
  {1671f505-4a93-4013-a313-0347ee079f4b}, !- Space Name
  Outdoors,                               !- Outside Boundary Condition
  ,                                       !- Outside Boundary Condition Object
  SunExposed,                             !- Sun Exposure
  WindExposed,                            !- Wind Exposure
  ,                                       !- View Factor to Ground
  ,                                       !- Number of Vertices
  10.5366352853855, -64.6954224535366, 0.303831078075996, !- X,Y,Z Vertex 1 {m}
  10.5366352853855, -64.6954224535366, 1.342088921924, !- X,Y,Z Vertex 2 {m}
  9.4449563015493, -65.7871014810916, 1.342088921924, !- X,Y,Z Vertex 3 {m}
  9.4449563015493, -65.7871014810916, 0.303831078075996; !- X,Y,Z Vertex 4 {m}

OS:AdditionalProperties,
  {8d818acb-c5cf-4508-8bde-e02541c1de0e}, !- Handle
  {d184bba1-785c-43a7-abbe-cb9f2d44415d}, !- Object Name
  Length,                                 !- Feature Name 1
  Double,                                 !- Feature Data Type 1
  5.0588235294117654,                     !- Feature Value 1
  Azimuth,                                !- Feature Name 2
  Integer,                                !- Feature Data Type 2
  135,                                    !- Feature Value 2
  Tilt,                                   !- Feature Name 3
  Double,                                 !- Feature Data Type 3
  90,                                     !- Feature Value 3
  SurfaceType,                            !- Feature Name 4
  String,                                 !- Feature Data Type 4
  Window;                                 !- Feature Value 4

OS:SubSurface,
  {ffebc389-6ac3-47f9-a278-9e0d5d7d1abb}, !- Handle
  Window2,                                !- Name
  FixedWindow,                            !- Sub Surface Type
  {ca08d0d8-d20c-4fe1-b007-ad67c0ba27c0}, !- Construction Name
  {d184bba1-785c-43a7-abbe-cb9f2d44415d}, !- Surface Name
  ,                                       !- Outside Boundary Condition Object
  ,                                       !- View Factor to Ground
  ,                                       !- Frame and Divider Name
  ,                                       !- Multiplier
  ,                                       !- Number of Vertices
  10.5359501541363, -64.6961075848132, 0.3048, !- X,Y,Z Vertex 1 {m}
  10.5359501541363, -64.6961075848132, 1.34112, !- X,Y,Z Vertex 2 {m}
  9.4456414327985, -65.786416349815, 1.34112, !- X,Y,Z Vertex 3 {m}
  9.4456414327985, -65.786416349815, 0.3048; !- X,Y,Z Vertex 4 {m}

OS:ShadingSurfaceGroup,
  {a527fca3-3f0a-4be4-b4d6-fc51fc54e25e}, !- Handle
  Window2 Shading Surfaces,               !- Name
  Space,                                  !- Shading Surface Type
  {1671f505-4a93-4013-a313-0347ee079f4b}, !- Space Name
  ,                                       !- Direction of Relative North {deg}
  ,                                       !- X Origin {m}
  ,                                       !- Y Origin {m}
  ,                                       !- Z Origin {m}
  {ffebc389-6ac3-47f9-a278-9e0d5d7d1abb}; !- Shaded Object Name

OS:ShadingSurface,
  {279de871-895d-46f5-a35f-f79b85da60d7}, !- Handle
  Window2 overhangs,                      !- Name
  ,                                       !- Construction Name
  {a527fca3-3f0a-4be4-b4d6-fc51fc54e25e}, !- Shading Surface Group Name
  ,                                       !- Transmittance Schedule Name
  ,                                       !- Number of Vertices
  10.7514762967264, -64.4805814335919, 1.64592, !- X,Y,Z Vertex 1 {m}
  9.2301152902085, -66.0019425010363, 1.64592, !- X,Y,Z Vertex 2 {m}
  9.6611675926511, -66.4329947862164, 1.64592, !- X,Y,Z Vertex 3 {m}
  11.1825285991689, -64.911633718772, 1.64592; !- X,Y,Z Vertex 4 {m}

OS:Construction,
  {ca08d0d8-d20c-4fe1-b007-ad67c0ba27c0}, !- Handle
  WindowConstruction 1,                   !- Name
  ,                                       !- Surface Rendering Name
  {3c18113d-856d-4b9f-9606-962086424a67}; !- Layer 1

OS:SurfaceProperty:IncidentSolarMultiplier,
  {336a4b3f-fcd9-4e53-be5c-9f87309052a9}, !- Handle
  {ffebc389-6ac3-47f9-a278-9e0d5d7d1abb}, !- Surface Name
  1,                                      !- Incident Solar Multiplier {dimensionless}
  {99cfd768-c498-4d9f-afe3-252ff79b3b1f}; !- Incident Solar Multiplier Schedule Name

OS:Surface,
  {3fddd272-42d2-4ead-b4c6-7e3a4e442c4d}, !- Handle
  surface Window3,                        !- Name
  Wall,                                   !- Surface Type
  {84374f9a-62f9-488b-bcdc-60c980b090b8}, !- Construction Name
  {1671f505-4a93-4013-a313-0347ee079f4b}, !- Space Name
  Outdoors,                               !- Outside Boundary Condition
  ,                                       !- Outside Boundary Condition Object
  SunExposed,                             !- Sun Exposure
  WindExposed,                            !- Wind Exposure
  ,                                       !- View Factor to Ground
  ,                                       !- Number of Vertices
  -51.9671479942561, -23.2649092939865, 0.304219591006932, !- X,Y,Z Vertex 1 {m}
  -51.9671479942561, -23.2649092939865, 1.40266040899307, !- X,Y,Z Vertex 2 {m}
  -54.2369802722, -20.995077167544, 1.40266040899307, !- X,Y,Z Vertex 3 {m}
  -54.2369802722, -20.995077167544, 0.304219591006932; !- X,Y,Z Vertex 4 {m}

OS:AdditionalProperties,
  {b2ba46ea-b8dd-4031-b2aa-95c5226e37c5}, !- Handle
  {3fddd272-42d2-4ead-b4c6-7e3a4e442c4d}, !- Object Name
  Length,                                 !- Feature Name 1
  Double,                                 !- Feature Data Type 1
  10.52777777777778,                      !- Feature Value 1
  Azimuth,                                !- Feature Name 2
  Integer,                                !- Feature Data Type 2
  225,                                    !- Feature Value 2
  Tilt,                                   !- Feature Name 3
  Double,                                 !- Feature Data Type 3
  90,                                     !- Feature Value 3
  SurfaceType,                            !- Feature Name 4
  String,                                 !- Feature Data Type 4
  Window;                                 !- Feature Value 4

OS:SubSurface,
  {54c4799d-7961-45f2-908b-a826d70e6095}, !- Handle
  Window3,                                !- Name
  FixedWindow,                            !- Sub Surface Type
  {9f233752-1e70-4b22-97f7-845d8c1eca89}, !- Construction Name
  {3fddd272-42d2-4ead-b4c6-7e3a4e442c4d}, !- Surface Name
  ,                                       !- Outside Boundary Condition Object
  ,                                       !- View Factor to Ground
  ,                                       !- Frame and Divider Name
  ,                                       !- Multiplier
  ,                                       !- Number of Vertices
  -51.9675584054047, -23.2644988828654, 0.3048, !- X,Y,Z Vertex 1 {m}
  -51.9675584054047, -23.2644988828654, 1.40208, !- X,Y,Z Vertex 2 {m}
  -54.2365698610514, -20.9954875786652, 1.40208, !- X,Y,Z Vertex 3 {m}
  -54.2365698610514, -20.9954875786652, 0.3048; !- X,Y,Z Vertex 4 {m}

OS:ShadingSurfaceGroup,
  {e4823aef-f07f-427b-aa0d-21b037ce42be}, !- Handle
  Window3 Shading Surfaces,               !- Name
  Space,                                  !- Shading Surface Type
  {1671f505-4a93-4013-a313-0347ee079f4b}, !- Space Name
  ,                                       !- Direction of Relative North {deg}
  ,                                       !- X Origin {m}
  ,                                       !- Y Origin {m}
  ,                                       !- Z Origin {m}
  {54c4799d-7961-45f2-908b-a826d70e6095}; !- Shaded Object Name

OS:ShadingSurface,
  {7c316485-3ded-4cff-a3c1-26f90154bc1b}, !- Handle
  Window3 overhangs,                      !- Name
  ,                                       !- Construction Name
  {e4823aef-f07f-427b-aa0d-21b037ce42be}, !- Shading Surface Group Name
  ,                                       !- Transmittance Schedule Name
  ,                                       !- Number of Vertices
  -51.7520322513063, -23.4800250225783, 1.70688, !- X,Y,Z Vertex 1 {m}
  -54.4520960151498, -20.7799614389522, 1.70688, !- X,Y,Z Vertex 2 {m}
  -54.8831482945757, -21.211013747149, 1.70688, !- X,Y,Z Vertex 3 {m}
  -52.1830845307322, -23.911077330775, 1.70688; !- X,Y,Z Vertex 4 {m}

OS:Construction,
  {9f233752-1e70-4b22-97f7-845d8c1eca89}, !- Handle
  WindowConstruction 2,                   !- Name
  ,                                       !- Surface Rendering Name
  {3c18113d-856d-4b9f-9606-962086424a67}; !- Layer 1

OS:SurfaceProperty:IncidentSolarMultiplier,
  {e62796a9-4836-4751-8b37-eb933db672d7}, !- Handle
  {54c4799d-7961-45f2-908b-a826d70e6095}, !- Surface Name
  1,                                      !- Incident Solar Multiplier {dimensionless}
  {99cfd768-c498-4d9f-afe3-252ff79b3b1f}; !- Incident Solar Multiplier Schedule Name

OS:Surface,
  {ba4d05cd-0f44-4e9b-98b3-d8dc542315f4}, !- Handle
  surface Window4,                        !- Name
  Wall,                                   !- Surface Type
  {84374f9a-62f9-488b-bcdc-60c980b090b8}, !- Construction Name
  {1671f505-4a93-4013-a313-0347ee079f4b}, !- Space Name
  Outdoors,                               !- Outside Boundary Condition
  ,                                       !- Outside Boundary Condition Object
  SunExposed,                             !- Sun Exposure
  WindExposed,                            !- Wind Exposure
  ,                                       !- View Factor to Ground
  ,                                       !- Number of Vertices
  -11.0879714010965, 64.1440877248897, 0.30405587864788, !- X,Y,Z Vertex 1 {m}
  -11.0879714010965, 64.1440877248897, 1.34186412135212, !- X,Y,Z Vertex 2 {m}
  -9.44511701227015, 65.7869422672306, 1.34186412135212, !- X,Y,Z Vertex 3 {m}
  -9.44511701227015, 65.7869422672306, 0.30405587864788; !- X,Y,Z Vertex 4 {m}

OS:AdditionalProperties,
  {e9154a50-1e7e-4c02-8529-5d716011607e}, !- Handle
  {ba4d05cd-0f44-4e9b-98b3-d8dc542315f4}, !- Object Name
  Length,                                 !- Feature Name 1
  Double,                                 !- Feature Data Type 1
  7.6176470588235299,                     !- Feature Value 1
  Azimuth,                                !- Feature Name 2
  Integer,                                !- Feature Data Type 2
  315,                                    !- Feature Value 2
  Tilt,                                   !- Feature Name 3
  Double,                                 !- Feature Data Type 3
  90,                                     !- Feature Value 3
  SurfaceType,                            !- Feature Name 4
  String,                                 !- Feature Data Type 4
  Window;                                 !- Feature Value 4

OS:SubSurface,
  {c1edae47-92cf-4d73-96f9-01038b4e5149}, !- Handle
  Window4,                                !- Name
  FixedWindow,                            !- Sub Surface Type
  {6273dcdb-62f8-4f30-ba11-6d3beae1074d}, !- Construction Name
  {ba4d05cd-0f44-4e9b-98b3-d8dc542315f4}, !- Surface Name
  ,                                       !- Outside Boundary Condition Object
  ,                                       !- View Factor to Ground
  ,                                       !- Frame and Divider Name
  ,                                       !- Multiplier
  ,                                       !- Number of Vertices
  -11.0874452278669, 64.1446138981684, 0.3048, !- X,Y,Z Vertex 1 {m}
  -11.0874452278669, 64.1446138981684, 1.34112, !- X,Y,Z Vertex 2 {m}
  -9.44564318549964, 65.7864160939519, 1.34112, !- X,Y,Z Vertex 3 {m}
  -9.44564318549964, 65.7864160939519, 0.3048; !- X,Y,Z Vertex 4 {m}

OS:ShadingSurfaceGroup,
  {21606ce8-f872-4172-9687-21bcca24f88f}, !- Handle
  Window4 Shading Surfaces,               !- Name
  Space,                                  !- Shading Surface Type
  {1671f505-4a93-4013-a313-0347ee079f4b}, !- Space Name
  ,                                       !- Direction of Relative North {deg}
  ,                                       !- X Origin {m}
  ,                                       !- Y Origin {m}
  ,                                       !- Z Origin {m}
  {c1edae47-92cf-4d73-96f9-01038b4e5149}; !- Shaded Object Name

OS:ShadingSurface,
  {2994dea8-e169-4aba-b15d-e1ec75566b8e}, !- Handle
  Window4 overhangs,                      !- Name
  ,                                       !- Construction Name
  {21606ce8-f872-4172-9687-21bcca24f88f}, !- Shading Surface Group Name
  ,                                       !- Transmittance Schedule Name
  ,                                       !- Number of Vertices
  -11.3029713647028, 63.9290877411929, 1.64592, !- X,Y,Z Vertex 1 {m}
  -9.23011704866384, 66.0019422509274, 1.64592, !- X,Y,Z Vertex 2 {m}
  -9.66116936261474, 66.4329945245992, 1.64592, !- X,Y,Z Vertex 3 {m}
  -11.7340236786537, 64.3601400148646, 1.64592; !- X,Y,Z Vertex 4 {m}

OS:Construction,
  {6273dcdb-62f8-4f30-ba11-6d3beae1074d}, !- Handle
  WindowConstruction 3,                   !- Name
  ,                                       !- Surface Rendering Name
  {3c18113d-856d-4b9f-9606-962086424a67}; !- Layer 1

OS:SurfaceProperty:IncidentSolarMultiplier,
  {94ccd06f-8df5-4af7-a3cf-4ddd1904e5ef}, !- Handle
  {c1edae47-92cf-4d73-96f9-01038b4e5149}, !- Surface Name
  1,                                      !- Incident Solar Multiplier {dimensionless}
  {99cfd768-c498-4d9f-afe3-252ff79b3b1f}; !- Incident Solar Multiplier Schedule Name

OS:Material,
  {75588bd2-62a1-4423-9e56-ac79a0edb439}, !- Handle
  wood siding,                            !- Name
  Rough,                                  !- Roughness
  0.0254,                                 !- Thickness {m}
  0.1024175,                              !- Conductivity {W/m-K}
  544.68,                                 !- Density {kg/m3}
  1172.36;                                !- Specific Heat {J/kg-K}

OS:Material,
  {af76ed58-d586-4b8e-b77a-4c25255a78bf}, !- Handle
  wall rigid ins,                         !- Name
  Rough,                                  !- Roughness
  0.5129784,                              !- Thickness {m}
  0.029427,                               !- Conductivity {W/m-K}
  32.04,                                  !- Density {kg/m3}
  1214.23,                                !- Specific Heat {J/kg-K}
  0.9,                                    !- Thermal Absorptance
  0.7,                                    !- Solar Absorptance
  0.7;                                    !- Visible Absorptance

OS:Material,
  {216cd229-19ed-433a-8224-024a23281f80}, !- Handle
  wall stud and cavity 3,                 !- Name
  Rough,                                  !- Roughness
  0.0889,                                 !- Thickness {m}
  0.380278417457636,                      !- Conductivity {W/m-K}
  52.34794524,                            !- Density {kg/m3}
  1209.88641434781,                       !- Specific Heat {J/kg-K}
  0.9,                                    !- Thermal Absorptance
  0.7,                                    !- Solar Absorptance
  0.7;                                    !- Visible Absorptance

OS:Construction,
  {84374f9a-62f9-488b-bcdc-60c980b090b8}, !- Handle
  AdiabaticWallConstruction,              !- Name
  ,                                       !- Surface Rendering Name
  {75588bd2-62a1-4423-9e56-ac79a0edb439}, !- Layer 1
  {af76ed58-d586-4b8e-b77a-4c25255a78bf}, !- Layer 2
  {216cd229-19ed-433a-8224-024a23281f80}, !- Layer 3
  {2e16e29e-c8b4-4e41-be9b-b9aa87b1fbee}; !- Layer 4

OS:Surface,
  {66a44822-270e-4806-92cd-4491fa4a2ffb}, !- Handle
  surface Door1,                          !- Name
  Wall,                                   !- Surface Type
  {23bac2fd-349e-4f51-affd-eda5b29c8c8d}, !- Construction Name
  {1671f505-4a93-4013-a313-0347ee079f4b}, !- Space Name
  Outdoors,                               !- Outside Boundary Condition
  ,                                       !- Outside Boundary Condition Object
  SunExposed,                             !- Sun Exposure
  WindExposed,                            !- Wind Exposure
  ,                                       !- View Factor to Ground
  ,                                       !- Number of Vertices
  -54.8928940905195, -20.3391634494589, 0.303952155732047, !- X,Y,Z Vertex 1 {m}
  -54.8928940905195, -20.3391634494589, 2.33866384426795, !- X,Y,Z Vertex 2 {m}
  -55.5403484580498, -19.6917091251433, 2.33866384426795, !- X,Y,Z Vertex 3 {m}
  -55.5403484580498, -19.6917091251433, 0.303952155732047; !- X,Y,Z Vertex 4 {m}

OS:AdditionalProperties,
  {77d38466-1564-4c05-9fd2-f2e096faedd6}, !- Handle
  {66a44822-270e-4806-92cd-4491fa4a2ffb}, !- Object Name
  Length,                                 !- Feature Name 1
  Double,                                 !- Feature Data Type 1
  2.9985007496251876,                     !- Feature Value 1
  Azimuth,                                !- Feature Name 2
  Integer,                                !- Feature Data Type 2
  225,                                    !- Feature Value 2
  Tilt,                                   !- Feature Name 3
  Double,                                 !- Feature Data Type 3
  90,                                     !- Feature Value 3
  SurfaceType,                            !- Feature Name 4
  String,                                 !- Feature Data Type 4
  Door;                                   !- Feature Value 4

OS:SubSurface,
  {c297af66-43db-4aaa-9369-1efa5c7b413e}, !- Handle
  Door1,                                  !- Name
  Door,                                   !- Sub Surface Type
  {a5f5192c-5a12-4be2-b910-811d520dbdf9}, !- Construction Name
  {66a44822-270e-4806-92cd-4491fa4a2ffb}, !- Surface Name
  ,                                       !- Outside Boundary Condition Object
  ,                                       !- View Factor to Ground
  ,                                       !- Frame and Divider Name
  ,                                       !- Multiplier
  ,                                       !- Number of Vertices
  -54.8934936069708, -20.3385639330476, 0.3048, !- X,Y,Z Vertex 1 {m}
  -54.8934936069708, -20.3385639330476, 2.337816, !- X,Y,Z Vertex 2 {m}
  -55.5397489415986, -19.6923086415545, 2.337816, !- X,Y,Z Vertex 3 {m}
  -55.5397489415986, -19.6923086415545, 0.3048; !- X,Y,Z Vertex 4 {m}

OS:Material,
  {e34305c6-5a2f-4578-9d30-f61ecda65bfa}, !- Handle
  door material,                          !- Name
  Rough,                                  !- Roughness
  0.04445,                                !- Thickness {m}
  0.0612266553480475,                     !- Conductivity {W/m-K}
  512.64,                                 !- Density {kg/m3}
  1214.23,                                !- Specific Heat {J/kg-K}
  0.9,                                    !- Thermal Absorptance
  0.7,                                    !- Solar Absorptance
  0.7;                                    !- Visible Absorptance

OS:Construction,
  {a5f5192c-5a12-4be2-b910-811d520dbdf9}, !- Handle
  Door,                                   !- Name
  ,                                       !- Surface Rendering Name
  {e34305c6-5a2f-4578-9d30-f61ecda65bfa}; !- Layer 1

OS:Material,
  {c6af755a-4e19-4160-bc79-685bf9478801}, !- Handle
  wood siding 1,                          !- Name
  Rough,                                  !- Roughness
  0.0254,                                 !- Thickness {m}
  0.1024175,                              !- Conductivity {W/m-K}
  544.68,                                 !- Density {kg/m3}
  1172.36;                                !- Specific Heat {J/kg-K}

OS:Construction,
  {23bac2fd-349e-4f51-affd-eda5b29c8c8d}, !- Handle
  AdiabaticWallConstruction 1,            !- Name
  ,                                       !- Surface Rendering Name
  {c6af755a-4e19-4160-bc79-685bf9478801}, !- Layer 1
  {af76ed58-d586-4b8e-b77a-4c25255a78bf}, !- Layer 2
  {216cd229-19ed-433a-8224-024a23281f80}, !- Layer 3
  {2e16e29e-c8b4-4e41-be9b-b9aa87b1fbee}; !- Layer 4

OS:InternalMass:Definition,
  {eceb3290-1735-44e4-8905-f03628b187a0}, !- Handle
  partition wall mass,                    !- Name
  {54e0ca6a-ce72-435e-bc61-118456033865}, !- Construction Name
  SurfaceArea,                            !- Design Level Calculation Method
  202.43572416,                           !- Surface Area {m2}
  ,                                       !- Surface Area per Space Floor Area {dimensionless}
  ;                                       !- Surface Area per Person {m2/person}

OS:InternalMass,
  {2544eb37-4b1d-434c-904f-b16c692a74e7}, !- Handle
  partition wall mass,                    !- Name
  {eceb3290-1735-44e4-8905-f03628b187a0}, !- Internal Mass Definition Name
  {1671f505-4a93-4013-a313-0347ee079f4b}, !- Space or SpaceType Name
  1;                                      !- Multiplier

OS:Material,
  {f0a462f9-963a-4196-84da-6248d571e978}, !- Handle
  wall stud and cavity 4,                 !- Name
  Rough,                                  !- Roughness
  0.0889,                                 !- Thickness {m}
  0.391763531157105,                      !- Conductivity {W/m-K}
  83.034082224,                           !- Density {kg/m3}
  1211.67419087611,                       !- Specific Heat {J/kg-K}
  0.9,                                    !- Thermal Absorptance
  0.7,                                    !- Solar Absorptance
  0.7;                                    !- Visible Absorptance

OS:Construction,
  {54e0ca6a-ce72-435e-bc61-118456033865}, !- Handle
  PartitionWallConstruction,              !- Name
  ,                                       !- Surface Rendering Name
  {2e16e29e-c8b4-4e41-be9b-b9aa87b1fbee}, !- Layer 1
  {f0a462f9-963a-4196-84da-6248d571e978}, !- Layer 2
  {2e16e29e-c8b4-4e41-be9b-b9aa87b1fbee}; !- Layer 3

OS:InternalMass:Definition,
  {8c04875f-70df-45b0-aee0-afae810666f3}, !- Handle
  furniture mass conditioned space 1,     !- Name
  {3e3da0d4-a82b-4508-8901-4a9220757917}, !- Construction Name
  SurfaceArea,                            !- Design Level Calculation Method
  80.9742896640008,                       !- Surface Area {m2}
  ,                                       !- Surface Area per Space Floor Area {dimensionless}
  ;                                       !- Surface Area per Person {m2/person}

OS:InternalMass,
  {ea2c399c-ed60-4174-a937-600ae2f7b121}, !- Handle
  furniture mass conditioned space 1,     !- Name
  {8c04875f-70df-45b0-aee0-afae810666f3}, !- Internal Mass Definition Name
  {1671f505-4a93-4013-a313-0347ee079f4b}, !- Space or SpaceType Name
  1;                                      !- Multiplier

OS:Material,
  {bcdf218a-8428-4659-befe-b9dde481b6da}, !- Handle
  furniture material conditioned space 1, !- Name
  Rough,                                  !- Roughness
  0.1524,                                 !- Thickness {m}
  0.1154577,                              !- Conductivity {W/m-K}
  640.8,                                  !- Density {kg/m3}
  1214.23,                                !- Specific Heat {J/kg-K}
  0.9,                                    !- Thermal Absorptance
  0.6,                                    !- Solar Absorptance
  0.6;                                    !- Visible Absorptance

OS:Construction,
  {3e3da0d4-a82b-4508-8901-4a9220757917}, !- Handle
  furniture construction conditioned space 1, !- Name
  ,                                       !- Surface Rendering Name
  {bcdf218a-8428-4659-befe-b9dde481b6da}; !- Layer 1

OS:InternalMass:Definition,
  {18b845e6-80a4-45e5-b404-e5cc46a8c3df}, !- Handle
  furniture mass garage 1,                !- Name
  {512e2e3d-d4d3-439c-84ac-aa7db4e39bd8}, !- Construction Name
  SurfaceArea,                            !- Design Level Calculation Method
  2.675607552,                            !- Surface Area {m2}
  ,                                       !- Surface Area per Space Floor Area {dimensionless}
  ;                                       !- Surface Area per Person {m2/person}

OS:InternalMass,
  {10042931-4481-42f3-95a9-f17a8eb1ae62}, !- Handle
  furniture mass garage 1,                !- Name
  {18b845e6-80a4-45e5-b404-e5cc46a8c3df}, !- Internal Mass Definition Name
  {040c71e5-b10d-41bf-ae35-714bbcf46f8d}, !- Space or SpaceType Name
  1;                                      !- Multiplier

OS:Material,
  {b7496cb8-16ca-47c0-a7d2-2adae5a146c0}, !- Handle
  furniture material garage 1,            !- Name
  Rough,                                  !- Roughness
  0.1524,                                 !- Thickness {m}
  0.1154577,                              !- Conductivity {W/m-K}
  640.8,                                  !- Density {kg/m3}
  1214.23,                                !- Specific Heat {J/kg-K}
  0.9,                                    !- Thermal Absorptance
  0.6,                                    !- Solar Absorptance
  0.6;                                    !- Visible Absorptance

OS:Construction,
  {512e2e3d-d4d3-439c-84ac-aa7db4e39bd8}, !- Handle
  furniture construction garage 1,        !- Name
  ,                                       !- Surface Rendering Name
  {b7496cb8-16ca-47c0-a7d2-2adae5a146c0}; !- Layer 1

OS:InternalMass:Definition,
  {d8ac68c0-7547-4630-a9fb-c83e0e0ba278}, !- Handle
  furniture mass basement - unconditioned 1, !- Name
  {dd781a68-b0f7-49b2-abe5-8ebc2087ca6b}, !- Construction Name
  SurfaceArea,                            !- Design Level Calculation Method
  80.9742896640008,                       !- Surface Area {m2}
  ,                                       !- Surface Area per Space Floor Area {dimensionless}
  ;                                       !- Surface Area per Person {m2/person}

OS:InternalMass,
  {4aa33250-91a7-4138-baa7-fcfbe14d1da4}, !- Handle
  furniture mass basement - unconditioned 1, !- Name
  {d8ac68c0-7547-4630-a9fb-c83e0e0ba278}, !- Internal Mass Definition Name
  {aa1f0f96-31e0-44e2-8176-e87dcf914ab5}, !- Space or SpaceType Name
  1;                                      !- Multiplier

OS:Material,
  {d71bf30e-33e6-48f5-becc-f6e91f00502d}, !- Handle
  furniture material basement - unconditioned 1, !- Name
  Rough,                                  !- Roughness
  0.1524,                                 !- Thickness {m}
  0.1154577,                              !- Conductivity {W/m-K}
  640.8,                                  !- Density {kg/m3}
  1214.23,                                !- Specific Heat {J/kg-K}
  0.9,                                    !- Thermal Absorptance
  0.6,                                    !- Solar Absorptance
  0.6;                                    !- Visible Absorptance

OS:Construction,
  {dd781a68-b0f7-49b2-abe5-8ebc2087ca6b}, !- Handle
  furniture construction basement - unconditioned 1, !- Name
  ,                                       !- Surface Rendering Name
  {d71bf30e-33e6-48f5-becc-f6e91f00502d}; !- Layer 1

OS:ShadingSurface,
  {cbe96794-4e65-4b74-acdd-3736c55fcbc3}, !- Handle
  Neighbor azimuth 315 distance 15.0,     !- Name
  ,                                       !- Construction Name
  {cdb4a53e-13be-4d4a-9952-2b68ceec521a}, !- Shading Surface Group Name
  ,                                       !- Transmittance Schedule Name
  ,                                       !- Number of Vertices
  -78.464947769409, 3.23288903969171, 0,  !- X,Y,Z Vertex 1 {m}
  -78.464947769409, 3.23288903969171, 2.7432, !- X,Y,Z Vertex 2 {m}
  -3.23289637176016, 78.4649474673149, 2.7432, !- X,Y,Z Vertex 3 {m}
  -3.23289637176016, 78.4649474673149, 0; !- X,Y,Z Vertex 4 {m}

OS:AdditionalProperties,
  {626d9549-ad3a-4a3d-a1b2-0caa83160ed8}, !- Handle
  {cbe96794-4e65-4b74-acdd-3736c55fcbc3}, !- Object Name
  Azimuth,                                !- Feature Name 1
  Integer,                                !- Feature Data Type 1
  315,                                    !- Feature Value 1
  Distance,                               !- Feature Name 2
  Double,                                 !- Feature Data Type 2
  15;                                     !- Feature Value 2

OS:ShadingSurface,
  {ce84daed-7b78-4c62-8ef4-c613fb792514}, !- Handle
  Neighbor azimuth 135 distance 15.0,     !- Name
  ,                                       !- Construction Name
  {cdb4a53e-13be-4d4a-9952-2b68ceec521a}, !- Shading Surface Group Name
  ,                                       !- Transmittance Schedule Name
  ,                                       !- Number of Vertices
  78.4649476830965, -3.23289113456838, 0, !- X,Y,Z Vertex 1 {m}
  78.4649476830965, -3.23289113456838, 2.7432, !- X,Y,Z Vertex 2 {m}
  3.23289427688346, -78.4649475536276, 2.7432, !- X,Y,Z Vertex 3 {m}
  3.23289427688346, -78.4649475536276, 0; !- X,Y,Z Vertex 4 {m}

OS:AdditionalProperties,
  {53538428-4085-4c2a-bde0-143823481492}, !- Handle
  {ce84daed-7b78-4c62-8ef4-c613fb792514}, !- Object Name
  Azimuth,                                !- Feature Name 1
  Integer,                                !- Feature Data Type 1
  135,                                    !- Feature Value 1
  Distance,                               !- Feature Name 2
  Double,                                 !- Feature Data Type 2
  15;                                     !- Feature Value 2

OS:ShadingSurfaceGroup,
  {cdb4a53e-13be-4d4a-9952-2b68ceec521a}, !- Handle
  neighbors,                              !- Name
  Building;                               !- Shading Surface Type

OS:Schedule:File,
  {988fde98-1a1d-4592-ba51-963b063d420d}, !- Handle
  occupants,                              !- Name
  {6ada26ef-be23-44a6-9ac0-48fa5353139e}, !- Schedule Type Limits Name
  {1f0826e4-576c-4773-bdbc-45902bd14219}, !- External File Name
  1,                                      !- Column Number
  1,                                      !- Rows to Skip at Top
  8760,                                   !- Number of Hours of Data
  ,                                       !- Column Separator
  ,                                       !- Interpolate to Timestep
  15,                                     !- Minutes per Item
  ,                                       !- Adjust Schedule for Daylight Savings
  Yes;                                    !- Translate File With Relative Path

OS:External:File,
  {1f0826e4-576c-4773-bdbc-45902bd14219}, !- Handle
  External File 1,                        !- Name
  in.schedules.csv;                       !- File Name

OS:Schedule:Constant,
  {0817aec1-2c6f-4b5b-9cb4-70938e415855}, !- Handle
  occupants activity schedule,            !- Name
  {ae65d736-53f7-45ca-833e-02e9d24d7b1e}, !- Schedule Type Limits Name
  117.228428068889;                       !- Value

OS:People:Definition,
  {cb1cdd9a-b74e-47d9-94c0-e6c97370b2b6}, !- Handle
  occupants,                              !- Name
  People,                                 !- Number of People Calculation Method
  2,                                      !- Number of People {people}
  ,                                       !- People per Space Floor Area {person/m2}
  ,                                       !- Space Floor Area per Person {m2/person}
  0.314170909090909,                      !- Fraction Radiant
  0.563030303030303,                      !- Sensible Heat Fraction
  0,                                      !- Carbon Dioxide Generation Rate {m3/s-W}
  No,                                     !- Enable ASHRAE 55 Comfort Warnings
  ZoneAveraged;                           !- Mean Radiant Temperature Calculation Type

OS:People,
  {9afc4ef2-5cda-4165-b968-3382fe0328cb}, !- Handle
  occupants,                              !- Name
  {cb1cdd9a-b74e-47d9-94c0-e6c97370b2b6}, !- People Definition Name
  {1671f505-4a93-4013-a313-0347ee079f4b}, !- Space or SpaceType Name
  {988fde98-1a1d-4592-ba51-963b063d420d}, !- Number of People Schedule Name
  {0817aec1-2c6f-4b5b-9cb4-70938e415855}, !- Activity Level Schedule Name
  ,                                       !- Surface Name/Angle Factor List Name
  ,                                       !- Work Efficiency Schedule Name
  ,                                       !- Clothing Insulation Schedule Name
  ,                                       !- Air Velocity Schedule Name
  1;                                      !- Multiplier

OS:ScheduleTypeLimits,
  {ae65d736-53f7-45ca-833e-02e9d24d7b1e}, !- Handle
  ActivityLevel,                          !- Name
  0,                                      !- Lower Limit Value
  ,                                       !- Upper Limit Value
  Continuous,                             !- Numeric Type
  ActivityLevel;                          !- Unit Type

OS:Curve:Biquadratic,
  {3d631ad7-1715-475f-a375-7e04a8963fda}, !- Handle
  Cool-CAP-fT1,                           !- Name
  1.557359706,                            !- Coefficient1 Constant
  -0.0744481692,                          !- Coefficient2 x
  0.00309859668,                          !- Coefficient3 x**2
  0.0014595786,                           !- Coefficient4 y
  -4.1148e-05,                            !- Coefficient5 y**2
  -0.00042671448,                         !- Coefficient6 x*y
  -100,                                   !- Minimum Value of x
  100,                                    !- Maximum Value of x
  -100,                                   !- Minimum Value of y
  100;                                    !- Maximum Value of y

OS:Curve:Biquadratic,
  {55fe3dba-879f-406f-98b4-72158361b6c0}, !- Handle
  Cool-EIR-fT1,                           !- Name
  -0.350447695,                           !- Coefficient1 Constant
  0.116809893,                            !- Coefficient2 x
  -0.00339950844,                         !- Coefficient3 x**2
  -0.001226088,                           !- Coefficient4 y
  0.0006008094,                           !- Coefficient5 y**2
  -0.000466884,                           !- Coefficient6 x*y
  -100,                                   !- Minimum Value of x
  100,                                    !- Maximum Value of x
  -100,                                   !- Minimum Value of y
  100;                                    !- Maximum Value of y

OS:Curve:Quadratic,
  {efeba92d-43ad-43df-b727-9c7d7f37be31}, !- Handle
  Cool-CAP-fFF1,                          !- Name
  0.718664047,                            !- Coefficient1 Constant
  0.41797409,                             !- Coefficient2 x
  -0.136638137,                           !- Coefficient3 x**2
  0,                                      !- Minimum Value of x
  2,                                      !- Maximum Value of x
  0,                                      !- Minimum Curve Output
  2;                                      !- Maximum Curve Output

OS:Curve:Quadratic,
  {b78a4d05-95e6-4823-b8cc-0fc2dbcff367}, !- Handle
  Cool-EIR-fFF1,                          !- Name
  1.143487507,                            !- Coefficient1 Constant
  -0.13943972,                            !- Coefficient2 x
  -0.004047787,                           !- Coefficient3 x**2
  0,                                      !- Minimum Value of x
  2,                                      !- Maximum Value of x
  0,                                      !- Minimum Curve Output
  2;                                      !- Maximum Curve Output

OS:Curve:Quadratic,
  {585ed57b-a524-487a-9559-8cfbd6e7238b}, !- Handle
  Cool-PLF-fPLR1,                         !- Name
  0.93,                                   !- Coefficient1 Constant
  0.07,                                   !- Coefficient2 x
  0,                                      !- Coefficient3 x**2
  0,                                      !- Minimum Value of x
  1,                                      !- Maximum Value of x
  0.7,                                    !- Minimum Curve Output
  1;                                      !- Maximum Curve Output

OS:Schedule:Constant,
  {23d1c39e-508f-424b-aef0-aa9368e6d64f}, !- Handle
  Always On Discrete,                     !- Name
  {00eae31e-8188-4b4c-8695-71c3f3bd8504}, !- Schedule Type Limits Name
  1;                                      !- Value

OS:ScheduleTypeLimits,
  {00eae31e-8188-4b4c-8695-71c3f3bd8504}, !- Handle
  OnOff,                                  !- Name
  0,                                      !- Lower Limit Value
  1,                                      !- Upper Limit Value
  Discrete,                               !- Numeric Type
  Availability;                           !- Unit Type

OS:Coil:Cooling:DX:SingleSpeed,
  {ffa8574e-bf9b-4acd-bcab-f29ef3520ab4}, !- Handle
  central ac and furnace clg coil,        !- Name
  {23d1c39e-508f-424b-aef0-aa9368e6d64f}, !- Availability Schedule Name
  7125.05515100288,                       !- Rated Total Cooling Capacity {W}
  0.730031800184905,                      !- Rated Sensible Heat Ratio
  3.7702,                                 !- Rated COP {W/W}
  0.366641645017179,                      !- Rated Air Flow Rate {m3/s}
  773.3,                                  !- Rated Evaporator Fan Power Per Volume Flow Rate 2017 {W/(m3/s)}
  934.4,                                  !- Rated Evaporator Fan Power Per Volume Flow Rate 2023 {W/(m3/s)}
  ,                                       !- Air Inlet Node Name
  ,                                       !- Air Outlet Node Name
  {3d631ad7-1715-475f-a375-7e04a8963fda}, !- Total Cooling Capacity Function of Temperature Curve Name
  {efeba92d-43ad-43df-b727-9c7d7f37be31}, !- Total Cooling Capacity Function of Flow Fraction Curve Name
  {55fe3dba-879f-406f-98b4-72158361b6c0}, !- Energy Input Ratio Function of Temperature Curve Name
  {b78a4d05-95e6-4823-b8cc-0fc2dbcff367}, !- Energy Input Ratio Function of Flow Fraction Curve Name
  {585ed57b-a524-487a-9559-8cfbd6e7238b}, !- Part Load Fraction Correlation Curve Name
  -25,                                    !- Minimum Outdoor Dry-Bulb Temperature for Compressor Operation {C}
  1000,                                   !- Nominal Time for Condensate Removal to Begin {s}
  1.5,                                    !- Ratio of Initial Moisture Evaporation Rate and Steady State Latent Capacity {dimensionless}
  3,                                      !- Maximum Cycling Rate {cycles/hr}
  45,                                     !- Latent Capacity Time Constant {s}
  ,                                       !- Condenser Air Inlet Node Name
  AirCooled,                              !- Condenser Type
  0.9,                                    !- Evaporative Condenser Effectiveness {dimensionless}
  autosize,                               !- Evaporative Condenser Air Flow Rate {m3/s}
  autosize,                               !- Evaporative Condenser Pump Rated Power Consumption {W}
  50,                                     !- Crankcase Heater Capacity {W}
  ,                                       !- Crankcase Heater Capacity Function of Temperature Curve Name
  10,                                     !- Maximum Outdoor Dry-Bulb Temperature for Crankcase Heater Operation {C}
  ,                                       !- Supply Water Storage Tank Name
  ,                                       !- Condensate Collection Water Storage Tank Name
  0,                                      !- Basin Heater Capacity {W/K}
  2;                                      !- Basin Heater Setpoint Temperature {C}

OS:AdditionalProperties,
  {e7b4b031-bbc9-47ee-9672-841213451ee6}, !- Handle
  {ffa8574e-bf9b-4acd-bcab-f29ef3520ab4}, !- Object Name
  HPXML_ID,                               !- Feature Name 1
  String,                                 !- Feature Data Type 1
  CoolingSystem1;                         !- Feature Value 1

OS:Coil:Heating:Gas,
  {658a7a42-9c5c-45f1-bb90-2b8f6d6d758d}, !- Handle
  central ac and furnace htg coil,        !- Name
  {23d1c39e-508f-424b-aef0-aa9368e6d64f}, !- Availability Schedule Name
  0.925,                                  !- Gas Burner Efficiency
  21516.1056877639,                       !- Nominal Capacity {W}
  ,                                       !- Air Inlet Node Name
  ,                                       !- Air Outlet Node Name
  ,                                       !- Temperature Setpoint Node Name
  0,                                      !- On Cycle Parasitic Electric Load {W}
  ,                                       !- Part Load Fraction Correlation Curve Name
  0,                                      !- Off Cycle Parasitic Gas Load {W}
  NaturalGas;                             !- Fuel Type

OS:AdditionalProperties,
  {1370f6c2-41e9-4c0a-9315-42715ea6f197}, !- Handle
  {658a7a42-9c5c-45f1-bb90-2b8f6d6d758d}, !- Object Name
  HPXML_ID,                               !- Feature Name 1
  String,                                 !- Feature Data Type 1
  HeatingSystem1,                         !- Feature Value 1
  IsHeatPumpBackup,                       !- Feature Name 2
  Boolean,                                !- Feature Data Type 2
  false;                                  !- Feature Value 2

OS:Fan:SystemModel,
  {decc9145-ef4b-4ee2-b1b8-e9e9d953f176}, !- Handle
  central ac and furnace supply fan,      !- Name
  {23d1c39e-508f-424b-aef0-aa9368e6d64f}, !- Availability Schedule Name
  ,                                       !- Air Inlet Node Name
  ,                                       !- Air Outlet Node Name
  0.6432643650816,                        !- Design Maximum Air Flow Rate {m3/s}
  Discrete,                               !- Speed Control Method
  0.2,                                    !- Electric Power Minimum Flow Rate Fraction
  595.93500092512,                        !- Design Pressure Rise {Pa}
  1,                                      !- Motor Efficiency
  1,                                      !- Motor In Air Stream Fraction
  autosize,                               !- Design Electric Power Consumption {W}
  TotalEfficiencyAndPressure,             !- Design Power Sizing Method
  840,                                    !- Electric Power Per Unit Flow Rate {W/(m3/s)}
  1.66667,                                !- Electric Power Per Unit Flow Rate Per Unit Pressure {W-s/m3-Pa}
  0.75,                                   !- Fan Total Efficiency
  ,                                       !- Electric Power Function of Flow Fraction Curve Name
  ,                                       !- Night Ventilation Mode Pressure Rise {Pa}
  ,                                       !- Night Ventilation Mode Flow Fraction
  ,                                       !- Motor Loss Zone Name
  0,                                      !- Motor Loss Radiative Fraction
  supply fan,                             !- End-Use Subcategory
  0.7212,                                 !- Speed Flow Fraction 1
  0.37512,                                !- Speed Electric Power Fraction 1
  1,                                      !- Speed Flow Fraction 2
  1;                                      !- Speed Electric Power Fraction 2

OS:EnergyManagementSystem:Sensor,
  {c5780aca-b790-4a8e-a594-cdbec6ca07bb}, !- Handle
  central_ac_and_furnace_supply_fan_s,    !- Name
  central ac and furnace supply fan,      !- Output Variable or Output Meter Index Key Name
  Fan Electricity Energy;                 !- Output Variable or Output Meter Name

OS:EnergyManagementSystem:Sensor,
  {6b5bbc60-8ddd-49e2-9c13-d68d207768f2}, !- Handle
  central_ac_and_furnace_clg_coil_s,      !- Name
  central ac and furnace clg coil,        !- Output Variable or Output Meter Index Key Name
  Cooling Coil Total Cooling Energy;      !- Output Variable or Output Meter Name

OS:EnergyManagementSystem:Program,
  {daf2eb4e-15fb-43b5-8a4d-f834dc49a1a8}, !- Handle
  central_ac_and_furnace_supply_fan_disaggregate_program, !- Name
  Set central_ac_and_furnace_supply_fan_clg = 0, !- Program Line 1
  If central_ac_and_furnace_clg_coil_s > 0, !- Program Line 2
  Set central_ac_and_furnace_supply_fan_clg = central_ac_and_furnace_supply_fan_s, !- Program Line 3
  EndIf;                                  !- Program Line 4

OS:EnergyManagementSystem:ProgramCallingManager,
  {1ac05a1a-ea6e-481e-b249-bd84d4e09338}, !- Handle
  central ac and furnace supply fan disaggregate program calling manager, !- Name
  EndOfSystemTimestepBeforeHVACReporting, !- EnergyPlus Model Calling Point
  {daf2eb4e-15fb-43b5-8a4d-f834dc49a1a8}; !- Program Name 1

OS:EnergyManagementSystem:OutputVariable,
  {06c2535b-71d8-4eb3-9498-8492ca819d54}, !- Handle
  central ac and furnace supply fan disaggregate clg, !- Name
  central_ac_and_furnace_supply_fan_clg,  !- EMS Variable Name
  Summed,                                 !- Type of Data in Variable
  SystemTimestep,                         !- Update Frequency
  {daf2eb4e-15fb-43b5-8a4d-f834dc49a1a8}, !- EMS Program or Subroutine Name
  J;                                      !- Units

OS:AdditionalProperties,
  {d40f2ca9-41d9-47ee-986d-71f33891174e}, !- Handle
  {06c2535b-71d8-4eb3-9498-8492ca819d54}, !- Object Name
  HPXML_ID,                               !- Feature Name 1
  String,                                 !- Feature Data Type 1
  CoolingSystem1,                         !- Feature Value 1
  ObjectType,                             !- Feature Name 2
  String,                                 !- Feature Data Type 2
  disaggregate clg;                       !- Feature Value 2

OS:EnergyManagementSystem:Sensor,
  {fc620fd7-c692-4de8-900d-865bd632e944}, !- Handle
  central_ac_and_furnace_supply_fan_s_1,  !- Name
  central ac and furnace supply fan,      !- Output Variable or Output Meter Index Key Name
  Fan Electricity Energy;                 !- Output Variable or Output Meter Name

OS:EnergyManagementSystem:Sensor,
  {a362e204-5bc0-4f02-8ffa-29aaf7ce29dc}, !- Handle
  central_ac_and_furnace_htg_coil_s,      !- Name
  central ac and furnace htg coil,        !- Output Variable or Output Meter Index Key Name
  Heating Coil Heating Energy;            !- Output Variable or Output Meter Name

OS:EnergyManagementSystem:Program,
  {af3add0d-2b7a-4e95-8055-cbe1c34891f5}, !- Handle
  central_ac_and_furnace_supply_fan_disaggregate_program_1, !- Name
  Set central_ac_and_furnace_supply_fan_primary_htg = 0, !- Program Line 1
  If central_ac_and_furnace_htg_coil_s > 0, !- Program Line 2
  Set central_ac_and_furnace_supply_fan_primary_htg = central_ac_and_furnace_supply_fan_s_1, !- Program Line 3
  EndIf;                                  !- Program Line 4

OS:EnergyManagementSystem:ProgramCallingManager,
  {04c698bf-0003-4524-a529-2aeccd4631c7}, !- Handle
  central ac and furnace supply fan disaggregate program calling manager 1, !- Name
  EndOfSystemTimestepBeforeHVACReporting, !- EnergyPlus Model Calling Point
  {af3add0d-2b7a-4e95-8055-cbe1c34891f5}; !- Program Name 1

OS:EnergyManagementSystem:OutputVariable,
  {388f8e45-f6a9-4537-af81-133d75952db7}, !- Handle
  central ac and furnace supply fan disaggregate htg primary, !- Name
  central_ac_and_furnace_supply_fan_primary_htg, !- EMS Variable Name
  Summed,                                 !- Type of Data in Variable
  SystemTimestep,                         !- Update Frequency
  {af3add0d-2b7a-4e95-8055-cbe1c34891f5}, !- EMS Program or Subroutine Name
  J;                                      !- Units

OS:AdditionalProperties,
  {d6b11efb-15fe-4293-a312-f5c5b8bd22e4}, !- Handle
  {388f8e45-f6a9-4537-af81-133d75952db7}, !- Object Name
  HPXML_ID,                               !- Feature Name 1
  String,                                 !- Feature Data Type 1
  HeatingSystem1,                         !- Feature Value 1
  ObjectType,                             !- Feature Name 2
  String,                                 !- Feature Data Type 2
  disaggregate htg primary;               !- Feature Value 2

OS:Schedule:Constant,
  {8d34d787-5949-4552-8345-6f2576713356}, !- Handle
  central ac and furnace auto fan schedule, !- Name
  {00eae31e-8188-4b4c-8695-71c3f3bd8504}, !- Schedule Type Limits Name
  0;                                      !- Value

OS:AirLoopHVAC:UnitarySystem,
  {7e301d9f-f58e-4867-aaa4-221f94050fab}, !- Handle
  central ac and furnace unitary system,  !- Name
  Load,                                   !- Control Type
  {d58cc725-869e-41c3-b7de-2336a59fb500}, !- Controlling Zone or Thermostat Location
  None,                                   !- Dehumidification Control Type
  {23d1c39e-508f-424b-aef0-aa9368e6d64f}, !- Availability Schedule Name
  {04961f80-6826-41a2-9b6a-4f87fd723115}, !- Air Inlet Node Name
  {756521df-021a-4218-8fa9-b645af2c1c27}, !- Air Outlet Node Name
  {decc9145-ef4b-4ee2-b1b8-e9e9d953f176}, !- Supply Fan Name
  BlowThrough,                            !- Fan Placement
  {8d34d787-5949-4552-8345-6f2576713356}, !- Supply Air Fan Operating Mode Schedule Name
  {658a7a42-9c5c-45f1-bb90-2b8f6d6d758d}, !- Heating Coil Name
  1,                                      !- DX Heating Coil Sizing Ratio
  {ffa8574e-bf9b-4acd-bcab-f29ef3520ab4}, !- Cooling Coil Name
  No,                                     !- Use DOAS DX Cooling Coil
  2,                                      !- DOAS DX Cooling Coil Leaving Minimum Air Temperature {C}
  SensibleOnlyLoadControl,                !- Latent Load Control
  ,                                       !- Supplemental Heating Coil Name
  SupplyAirFlowRate,                      !- Supply Air Flow Rate Method During Cooling Operation
  0.4639243366656,                        !- Supply Air Flow Rate During Cooling Operation {m3/s}
  ,                                       !- Supply Air Flow Rate Per Floor Area During Cooling Operation {m3/s-m2}
  ,                                       !- Fraction of Autosized Design Cooling Supply Air Flow Rate
  ,                                       !- Design Supply Air Flow Rate Per Unit of Capacity During Cooling Operation {m3/s-W}
  SupplyAirFlowRate,                      !- Supply Air Flow Rate Method During Heating Operation
  0.6432643650816,                        !- Supply Air Flow Rate During Heating Operation {m3/s}
  ,                                       !- Supply Air Flow Rate Per Floor Area during Heating Operation {m3/s-m2}
  ,                                       !- Fraction of Autosized Design Heating Supply Air Flow Rate
  ,                                       !- Design Supply Air Flow Rate Per Unit of Capacity During Heating Operation {m3/s-W}
  SupplyAirFlowRate,                      !- Supply Air Flow Rate Method When No Cooling or Heating is Required
  0,                                      !- Supply Air Flow Rate When No Cooling or Heating is Required {m3/s}
  ,                                       !- Supply Air Flow Rate Per Floor Area When No Cooling or Heating is Required {m3/s-m2}
  ,                                       !- Fraction of Autosized Design Cooling Supply Air Flow Rate When No Cooling or Heating is Required
  ,                                       !- Fraction of Autosized Design Heating Supply Air Flow Rate When No Cooling or Heating is Required
  ,                                       !- Design Supply Air Flow Rate Per Unit of Capacity During Cooling Operation When No Cooling or Heating is Required {m3/s-W}
  ,                                       !- Design Supply Air Flow Rate Per Unit of Capacity During Heating Operation When No Cooling or Heating is Required {m3/s-W}
  48.8888888888889,                       !- Maximum Supply Air Temperature {C}
  21,                                     !- Maximum Outdoor Dry-Bulb Temperature for Supplemental Heater Operation {C}
  ,                                       !- Outdoor Dry-Bulb Temperature Sensor Node Name
  0,                                      !- Ancilliary On-Cycle Electric Power {W}
  0;                                      !- Ancilliary Off-Cycle Electric Power {W}

OS:AirLoopHVAC,
  {fa56d8d2-20eb-4819-93a8-4375aa829e0e}, !- Handle
  central ac and furnace airloop,         !- Name
  ,                                       !- Controller List Name
  {23d1c39e-508f-424b-aef0-aa9368e6d64f}, !- Availability Schedule
  {b44b7caa-c5f7-4cd9-af7c-3b62d2a5c3e8}, !- Availability Manager List Name
  0.6432643650816,                        !- Design Supply Air Flow Rate {m3/s}
  1,                                      !- Design Return Air Flow Fraction of Supply Air Flow
  ,                                       !- Branch List Name
  ,                                       !- Connector List Name
  {01f9903b-fb7d-4987-8dd0-a96a83db3248}, !- Supply Side Inlet Node Name
  {8a745607-a194-4982-aafa-00d0a8b8b063}, !- Demand Side Outlet Node Name
  {82b93d9a-8758-4acd-9503-8d43088e1298}, !- Demand Side Inlet Node A
  {29e7de58-c18a-48e6-910c-23ff796431fd}, !- Supply Side Outlet Node A
  ,                                       !- Demand Side Inlet Node B
  ,                                       !- Supply Side Outlet Node B
  ,                                       !- Return Air Bypass Flow Temperature Setpoint Schedule Name
  {4ffc4607-1f9c-4ece-a76c-700c25191426}, !- Demand Mixer Name
  {c334b929-015c-4880-a77b-7f8b0d7af59e}, !- Demand Splitter A Name
  ,                                       !- Demand Splitter B Name
  ;                                       !- Supply Splitter Name

OS:Node,
  {5c0bc782-a0ab-4fca-af68-bf847ec3f427}, !- Handle
  Node 5,                                 !- Name
  {01f9903b-fb7d-4987-8dd0-a96a83db3248}, !- Inlet Port
  {04961f80-6826-41a2-9b6a-4f87fd723115}; !- Outlet Port

OS:Node,
  {11b8bffe-cf7a-46e9-82fe-060e1d847b85}, !- Handle
  Node 6,                                 !- Name
  {756521df-021a-4218-8fa9-b645af2c1c27}, !- Inlet Port
  {29e7de58-c18a-48e6-910c-23ff796431fd}; !- Outlet Port

OS:Connection,
  {01f9903b-fb7d-4987-8dd0-a96a83db3248}, !- Handle
  {fa56d8d2-20eb-4819-93a8-4375aa829e0e}, !- Source Object
  9,                                      !- Outlet Port
  {5c0bc782-a0ab-4fca-af68-bf847ec3f427}, !- Target Object
  2;                                      !- Inlet Port

OS:Connection,
  {29e7de58-c18a-48e6-910c-23ff796431fd}, !- Handle
  {11b8bffe-cf7a-46e9-82fe-060e1d847b85}, !- Source Object
  3,                                      !- Outlet Port
  {fa56d8d2-20eb-4819-93a8-4375aa829e0e}, !- Target Object
  12;                                     !- Inlet Port

OS:Node,
  {9abb3e88-55a9-453f-b86a-488358e8fbdb}, !- Handle
  Node 7,                                 !- Name
  {82b93d9a-8758-4acd-9503-8d43088e1298}, !- Inlet Port
  {11e48480-0f2d-4069-9fa5-a00200595bfb}; !- Outlet Port

OS:Node,
  {e86f6360-3daf-4e7a-b8bf-31c404079926}, !- Handle
  Node 8,                                 !- Name
  {1dcd3c84-3b57-48a2-b2c4-2a80b9ff4e2b}, !- Inlet Port
  {8a745607-a194-4982-aafa-00d0a8b8b063}; !- Outlet Port

OS:Node,
  {7de25e16-436d-49d8-a262-822c61011e39}, !- Handle
  Node 9,                                 !- Name
  {256f662f-dbd9-4988-a6c3-3d53af7fb681}, !- Inlet Port
  {090c69cf-d066-4ecf-9ba8-8056c35246b0}; !- Outlet Port

OS:Connection,
  {82b93d9a-8758-4acd-9503-8d43088e1298}, !- Handle
  {fa56d8d2-20eb-4819-93a8-4375aa829e0e}, !- Source Object
  11,                                     !- Outlet Port
  {9abb3e88-55a9-453f-b86a-488358e8fbdb}, !- Target Object
  2;                                      !- Inlet Port

OS:Connection,
  {8a745607-a194-4982-aafa-00d0a8b8b063}, !- Handle
  {e86f6360-3daf-4e7a-b8bf-31c404079926}, !- Source Object
  3,                                      !- Outlet Port
  {fa56d8d2-20eb-4819-93a8-4375aa829e0e}, !- Target Object
  10;                                     !- Inlet Port

OS:AirLoopHVAC:ZoneSplitter,
  {c334b929-015c-4880-a77b-7f8b0d7af59e}, !- Handle
  central ac and furnace zone splitter,   !- Name
  {11e48480-0f2d-4069-9fa5-a00200595bfb}, !- Inlet Node Name
  {b1c8a401-11fb-4668-9c10-e3b040544435}; !- Outlet Node Name 1

OS:AirLoopHVAC:ZoneMixer,
  {4ffc4607-1f9c-4ece-a76c-700c25191426}, !- Handle
  central ac and furnace zone mixer,      !- Name
  {1dcd3c84-3b57-48a2-b2c4-2a80b9ff4e2b}, !- Outlet Node Name
  {e4187c60-3cfd-4ed5-942d-fa2dfd36cc75}; !- Inlet Node Name 1

OS:Connection,
  {11e48480-0f2d-4069-9fa5-a00200595bfb}, !- Handle
  {9abb3e88-55a9-453f-b86a-488358e8fbdb}, !- Source Object
  3,                                      !- Outlet Port
  {c334b929-015c-4880-a77b-7f8b0d7af59e}, !- Target Object
  2;                                      !- Inlet Port

OS:Connection,
  {1dcd3c84-3b57-48a2-b2c4-2a80b9ff4e2b}, !- Handle
  {4ffc4607-1f9c-4ece-a76c-700c25191426}, !- Source Object
  2,                                      !- Outlet Port
  {e86f6360-3daf-4e7a-b8bf-31c404079926}, !- Target Object
  2;                                      !- Inlet Port

OS:Sizing:System,
  {7aa5a410-54d6-4823-b70d-202025efe015}, !- Handle
  {fa56d8d2-20eb-4819-93a8-4375aa829e0e}, !- AirLoop Name
  ,                                       !- Type of Load to Size On
  ,                                       !- Design Outdoor Air Flow Rate {m3/s}
  0.3,                                    !- Central Heating Maximum System Air Flow Ratio
  7,                                      !- Preheat Design Temperature {C}
  0.008,                                  !- Preheat Design Humidity Ratio {kg-H2O/kg-Air}
  12.8,                                   !- Precool Design Temperature {C}
  0.008,                                  !- Precool Design Humidity Ratio {kg-H2O/kg-Air}
  12.8,                                   !- Central Cooling Design Supply Air Temperature {C}
  16.7,                                   !- Central Heating Design Supply Air Temperature {C}
  ,                                       !- Sizing Option
  Yes,                                    !- 100% Outdoor Air in Cooling
  Yes,                                    !- 100% Outdoor Air in Heating
  0.0085,                                 !- Central Cooling Design Supply Air Humidity Ratio {kg-H2O/kg-Air}
  ,                                       !- Central Heating Design Supply Air Humidity Ratio {kg-H2O/kg-Air}
  ,                                       !- Cooling Design Air Flow Method
  ,                                       !- Cooling Design Air Flow Rate {m3/s}
  ,                                       !- Heating Design Air Flow Method
  ,                                       !- Heating Design Air Flow Rate {m3/s}
  ,                                       !- System Outdoor Air Method
  1,                                      !- Zone Maximum Outdoor Air Fraction {dimensionless}
  0.0099676501,                           !- Cooling Supply Air Flow Rate Per Floor Area {m3/s-m2}
  1,                                      !- Cooling Fraction of Autosized Cooling Supply Air Flow Rate
  3.9475456e-05,                          !- Cooling Supply Air Flow Rate Per Unit Cooling Capacity {m3/s-W}
  0.0099676501,                           !- Heating Supply Air Flow Rate Per Floor Area {m3/s-m2}
  1,                                      !- Heating Fraction of Autosized Heating Supply Air Flow Rate
  1,                                      !- Heating Fraction of Autosized Cooling Supply Air Flow Rate
  3.1588213e-05,                          !- Heating Supply Air Flow Rate Per Unit Heating Capacity {m3/s-W}
  CoolingDesignCapacity,                  !- Cooling Design Capacity Method
  autosize,                               !- Cooling Design Capacity {W}
  234.7,                                  !- Cooling Design Capacity Per Floor Area {W/m2}
  1,                                      !- Fraction of Autosized Cooling Design Capacity
  HeatingDesignCapacity,                  !- Heating Design Capacity Method
  autosize,                               !- Heating Design Capacity {W}
  157,                                    !- Heating Design Capacity Per Floor Area {W/m2}
  1,                                      !- Fraction of Autosized Heating Design Capacity
  OnOff,                                  !- Central Cooling Capacity Control Method
  autosize;                               !- Occupant Diversity

OS:AvailabilityManagerAssignmentList,
  {b44b7caa-c5f7-4cd9-af7c-3b62d2a5c3e8}, !- Handle
  Air Loop HVAC 1 AvailabilityManagerAssignmentList; !- Name

OS:Connection,
  {04961f80-6826-41a2-9b6a-4f87fd723115}, !- Handle
  {5c0bc782-a0ab-4fca-af68-bf847ec3f427}, !- Source Object
  3,                                      !- Outlet Port
  {7e301d9f-f58e-4867-aaa4-221f94050fab}, !- Target Object
  6;                                      !- Inlet Port

OS:Connection,
  {756521df-021a-4218-8fa9-b645af2c1c27}, !- Handle
  {7e301d9f-f58e-4867-aaa4-221f94050fab}, !- Source Object
  7,                                      !- Outlet Port
  {11b8bffe-cf7a-46e9-82fe-060e1d847b85}, !- Target Object
  2;                                      !- Inlet Port

OS:AirTerminal:SingleDuct:ConstantVolume:NoReheat,
  {bd4f6878-ae77-4bc3-8865-ed95564c44de}, !- Handle
  central ac and furnace terminal,        !- Name
  {23d1c39e-508f-424b-aef0-aa9368e6d64f}, !- Availability Schedule Name
  {9dac6fd6-ca4c-4ecf-9040-3988b0fb636c}, !- Air Inlet Node Name
  {256f662f-dbd9-4988-a6c3-3d53af7fb681}, !- Air Outlet Node Name
  0.6432643650816;                        !- Maximum Air Flow Rate {m3/s}

OS:Node,
  {317d67e6-5341-46b8-ab18-35eef945c26a}, !- Handle
  Node 10,                                !- Name
  {bf77414f-54f7-4cd4-ac58-c5cdb6a89efa}, !- Inlet Port
  {3d41c59d-debc-4c21-8824-b6ebbc6611c8}; !- Outlet Port

OS:Connection,
  {090c69cf-d066-4ecf-9ba8-8056c35246b0}, !- Handle
  {7de25e16-436d-49d8-a262-822c61011e39}, !- Source Object
  3,                                      !- Outlet Port
  {f227044a-8ef4-4398-af4f-6491456a2e09}, !- Target Object
  2;                                      !- Inlet Port

OS:Connection,
  {bf77414f-54f7-4cd4-ac58-c5cdb6a89efa}, !- Handle
  {6e724b34-790a-4a27-892b-41ac0ef55ab4}, !- Source Object
  2,                                      !- Outlet Port
  {317d67e6-5341-46b8-ab18-35eef945c26a}, !- Target Object
  2;                                      !- Inlet Port

OS:Node,
  {6a20ee6d-6ec7-43e7-b853-3e69d2e8d583}, !- Handle
  Node 11,                                !- Name
  {b1c8a401-11fb-4668-9c10-e3b040544435}, !- Inlet Port
  {9dac6fd6-ca4c-4ecf-9040-3988b0fb636c}; !- Outlet Port

OS:Connection,
  {b1c8a401-11fb-4668-9c10-e3b040544435}, !- Handle
  {c334b929-015c-4880-a77b-7f8b0d7af59e}, !- Source Object
  3,                                      !- Outlet Port
  {6a20ee6d-6ec7-43e7-b853-3e69d2e8d583}, !- Target Object
  2;                                      !- Inlet Port

OS:Connection,
  {9dac6fd6-ca4c-4ecf-9040-3988b0fb636c}, !- Handle
  {6a20ee6d-6ec7-43e7-b853-3e69d2e8d583}, !- Source Object
  3,                                      !- Outlet Port
  {bd4f6878-ae77-4bc3-8865-ed95564c44de}, !- Target Object
  3;                                      !- Inlet Port

OS:Connection,
  {256f662f-dbd9-4988-a6c3-3d53af7fb681}, !- Handle
  {bd4f6878-ae77-4bc3-8865-ed95564c44de}, !- Source Object
  4,                                      !- Outlet Port
  {7de25e16-436d-49d8-a262-822c61011e39}, !- Target Object
  2;                                      !- Inlet Port

OS:Schedule:Constant,
  {e738531c-723c-4797-b668-6bc5b474fef7}, !- Handle
  Sequential Fraction Schedule,           !- Name
  {6ada26ef-be23-44a6-9ac0-48fa5353139e}, !- Schedule Type Limits Name
  1;                                      !- Value

OS:Schedule:Constant,
  {6a892949-318f-47f2-aef4-f36735c910ba}, !- Handle
  Sequential Fraction Schedule 1,         !- Name
  {6ada26ef-be23-44a6-9ac0-48fa5353139e}, !- Schedule Type Limits Name
  1;                                      !- Value

OS:Schedule:File,
  {f8491cb4-396e-4006-8efe-6d282ff04e40}, !- Handle
  ceiling_fan,                            !- Name
  {6ada26ef-be23-44a6-9ac0-48fa5353139e}, !- Schedule Type Limits Name
  {1f0826e4-576c-4773-bdbc-45902bd14219}, !- External File Name
  8,                                      !- Column Number
  1,                                      !- Rows to Skip at Top
  8760,                                   !- Number of Hours of Data
  ,                                       !- Column Separator
  ,                                       !- Interpolate to Timestep
  15,                                     !- Minutes per Item
  ,                                       !- Adjust Schedule for Daylight Savings
  Yes;                                    !- Translate File With Relative Path

OS:ElectricEquipment:Definition,
  {ab900323-c525-4165-9dbd-8340267bd6a2}, !- Handle
  ceiling fan,                            !- Name
  EquipmentLevel,                         !- Design Level Calculation Method
  17.0572003138429,                       !- Design Level {W}
  ,                                       !- Watts per Space Floor Area {W/m2}
  ,                                       !- Watts per Person {W/person}
  0,                                      !- Fraction Latent
  0.558,                                  !- Fraction Radiant
  0;                                      !- Fraction Lost

OS:ElectricEquipment,
  {4253c0a3-0ec1-485f-8813-330b05a15cb1}, !- Handle
  ceiling fan,                            !- Name
  {ab900323-c525-4165-9dbd-8340267bd6a2}, !- Electric Equipment Definition Name
  {1671f505-4a93-4013-a313-0347ee079f4b}, !- Space or SpaceType Name
  {f8491cb4-396e-4006-8efe-6d282ff04e40}, !- Schedule Name
  ,                                       !- Multiplier
  ceiling fan;                            !- End-Use Subcategory

OS:PlantLoop,
  {bcb86948-7496-4aaa-9d11-7b005bc0de99}, !- Handle
  dhw loop,                               !- Name
  ,                                       !- Fluid Type
  0,                                      !- Glycol Concentration
  ,                                       !- User Defined Fluid Type
  ,                                       !- Plant Equipment Operation Heating Load
  ,                                       !- Plant Equipment Operation Cooling Load
  ,                                       !- Primary Plant Equipment Operation Scheme
  {c8209da6-d6e7-4482-9101-ddf8df950c1b}, !- Loop Temperature Setpoint Node Name
  ,                                       !- Maximum Loop Temperature {C}
  ,                                       !- Minimum Loop Temperature {C}
  0.01,                                   !- Maximum Loop Flow Rate {m3/s}
  ,                                       !- Minimum Loop Flow Rate {m3/s}
  0.003,                                  !- Plant Loop Volume {m3}
  {bc608bfd-ce08-42a5-8879-ac9c65b54fad}, !- Plant Side Inlet Node Name
  {dbc03c67-3f9e-49a6-905a-df6cd08698ed}, !- Plant Side Outlet Node Name
  ,                                       !- Plant Side Branch List Name
  {b85fd354-b5c4-4f8c-a049-deda75774acf}, !- Demand Side Inlet Node Name
  {29f9cddc-3b20-41f5-8854-f1aa4e5d3a6a}, !- Demand Side Outlet Node Name
  ,                                       !- Demand Side Branch List Name
  ,                                       !- Demand Side Connector List Name
  Optimal,                                !- Load Distribution Scheme
  {2c090ae3-c6f6-4a2f-9a05-7bd7219983e1}, !- Availability Manager List Name
  ,                                       !- Plant Loop Demand Calculation Scheme
  ,                                       !- Common Pipe Simulation
  ,                                       !- Pressure Simulation Type
  ,                                       !- Plant Equipment Operation Heating Load Schedule
  ,                                       !- Plant Equipment Operation Cooling Load Schedule
  ,                                       !- Primary Plant Equipment Operation Scheme Schedule
  ,                                       !- Component Setpoint Operation Scheme Schedule
  {d9494d21-26c2-43cd-89f2-e51b07aa0f11}, !- Demand Mixer Name
  {608c7de5-156d-42c5-a50f-730874438388}, !- Demand Splitter Name
  {5e291026-d497-4e7a-819d-12dbd4aa8d6f}, !- Supply Mixer Name
  {bb029f9b-6c59-4029-bfe7-9ab8db5bde28}; !- Supply Splitter Name

OS:Node,
  {585cab2b-cacf-410a-898a-3585af39e0ad}, !- Handle
  Node 12,                                !- Name
  {bc608bfd-ce08-42a5-8879-ac9c65b54fad}, !- Inlet Port
  {38b97b64-2f48-4848-8a96-9c893817262c}; !- Outlet Port

OS:Node,
  {c8209da6-d6e7-4482-9101-ddf8df950c1b}, !- Handle
  Node 13,                                !- Name
  {dd011d74-6e10-4c4e-9434-1c03bc3706f2}, !- Inlet Port
  {dbc03c67-3f9e-49a6-905a-df6cd08698ed}; !- Outlet Port

OS:Node,
  {7529f14c-0470-4eb2-b18d-fa939e4bffb7}, !- Handle
  Node 14,                                !- Name
  {82b33eb3-dda7-4272-b3cc-3b767303a4d5}, !- Inlet Port
  {c7c4e7d9-538f-47b4-919d-f98ea0704269}; !- Outlet Port

OS:Connector:Mixer,
  {5e291026-d497-4e7a-819d-12dbd4aa8d6f}, !- Handle
  Connector Mixer 1,                      !- Name
  {09b2cada-1fae-45ed-abb7-22bd781a9ee5}, !- Outlet Branch Name
  {50b4859b-7db5-40b3-bbd9-6905f77702a1}, !- Inlet Branch Name 1
  {2232d7bc-2f0d-4f55-ad89-3e24e4b157e2}; !- Inlet Branch Name 2

OS:Connector:Splitter,
  {bb029f9b-6c59-4029-bfe7-9ab8db5bde28}, !- Handle
  Connector Splitter 1,                   !- Name
  {d0ff01b3-26d7-4d59-90e9-7da75ba1f438}, !- Inlet Branch Name
  {82b33eb3-dda7-4272-b3cc-3b767303a4d5}, !- Outlet Branch Name 1
  {4c2ee38c-e8d6-446b-9a4d-3408770103be}; !- Outlet Branch Name 2

OS:Connection,
  {bc608bfd-ce08-42a5-8879-ac9c65b54fad}, !- Handle
  {bcb86948-7496-4aaa-9d11-7b005bc0de99}, !- Source Object
  14,                                     !- Outlet Port
  {585cab2b-cacf-410a-898a-3585af39e0ad}, !- Target Object
  2;                                      !- Inlet Port

OS:Connection,
  {82b33eb3-dda7-4272-b3cc-3b767303a4d5}, !- Handle
  {bb029f9b-6c59-4029-bfe7-9ab8db5bde28}, !- Source Object
  3,                                      !- Outlet Port
  {7529f14c-0470-4eb2-b18d-fa939e4bffb7}, !- Target Object
  2;                                      !- Inlet Port

OS:Connection,
  {dbc03c67-3f9e-49a6-905a-df6cd08698ed}, !- Handle
  {c8209da6-d6e7-4482-9101-ddf8df950c1b}, !- Source Object
  3,                                      !- Outlet Port
  {bcb86948-7496-4aaa-9d11-7b005bc0de99}, !- Target Object
  15;                                     !- Inlet Port

OS:Node,
  {da8f6f0f-1d7d-482a-a85b-1eb8d5201d89}, !- Handle
  Node 15,                                !- Name
  {b85fd354-b5c4-4f8c-a049-deda75774acf}, !- Inlet Port
  {15e5464d-e9a3-4a97-88fc-751a71abb636}; !- Outlet Port

OS:Node,
  {a57743c4-298b-4f0a-87a0-cc617d8ded21}, !- Handle
  Node 16,                                !- Name
  {aac6c710-50c7-4c5a-b504-a9cbee2f1605}, !- Inlet Port
  {29f9cddc-3b20-41f5-8854-f1aa4e5d3a6a}; !- Outlet Port

OS:Node,
  {fa29e289-244d-4a5c-b700-083f0af06a55}, !- Handle
  Node 17,                                !- Name
  {4968fdbb-5308-4070-b557-6202ee86cad7}, !- Inlet Port
  {cf52e7eb-1f9d-40d6-89ec-e1bc6d706aa7}; !- Outlet Port

OS:Connector:Mixer,
  {d9494d21-26c2-43cd-89f2-e51b07aa0f11}, !- Handle
  Connector Mixer 2,                      !- Name
  {aac6c710-50c7-4c5a-b504-a9cbee2f1605}, !- Outlet Branch Name
  {e5503720-9395-4332-9924-42acf9a62f14}; !- Inlet Branch Name 1

OS:Connector:Splitter,
  {608c7de5-156d-42c5-a50f-730874438388}, !- Handle
  Connector Splitter 2,                   !- Name
  {15e5464d-e9a3-4a97-88fc-751a71abb636}, !- Inlet Branch Name
  {4968fdbb-5308-4070-b557-6202ee86cad7}; !- Outlet Branch Name 1

OS:Connection,
  {b85fd354-b5c4-4f8c-a049-deda75774acf}, !- Handle
  {bcb86948-7496-4aaa-9d11-7b005bc0de99}, !- Source Object
  17,                                     !- Outlet Port
  {da8f6f0f-1d7d-482a-a85b-1eb8d5201d89}, !- Target Object
  2;                                      !- Inlet Port

OS:Connection,
  {15e5464d-e9a3-4a97-88fc-751a71abb636}, !- Handle
  {da8f6f0f-1d7d-482a-a85b-1eb8d5201d89}, !- Source Object
  3,                                      !- Outlet Port
  {608c7de5-156d-42c5-a50f-730874438388}, !- Target Object
  2;                                      !- Inlet Port

OS:Connection,
  {4968fdbb-5308-4070-b557-6202ee86cad7}, !- Handle
  {608c7de5-156d-42c5-a50f-730874438388}, !- Source Object
  3,                                      !- Outlet Port
  {fa29e289-244d-4a5c-b700-083f0af06a55}, !- Target Object
  2;                                      !- Inlet Port

OS:Connection,
  {aac6c710-50c7-4c5a-b504-a9cbee2f1605}, !- Handle
  {d9494d21-26c2-43cd-89f2-e51b07aa0f11}, !- Source Object
  2,                                      !- Outlet Port
  {a57743c4-298b-4f0a-87a0-cc617d8ded21}, !- Target Object
  2;                                      !- Inlet Port

OS:Connection,
  {29f9cddc-3b20-41f5-8854-f1aa4e5d3a6a}, !- Handle
  {a57743c4-298b-4f0a-87a0-cc617d8ded21}, !- Source Object
  3,                                      !- Outlet Port
  {bcb86948-7496-4aaa-9d11-7b005bc0de99}, !- Target Object
  18;                                     !- Inlet Port

OS:Sizing:Plant,
  {26a2fa51-551c-4e8e-bb81-fd8ed49eb9ed}, !- Handle
  {bcb86948-7496-4aaa-9d11-7b005bc0de99}, !- Plant or Condenser Loop Name
  Heating,                                !- Loop Type
  52.6666666666667,                       !- Design Loop Exit Temperature {C}
  5.55555555555556,                       !- Loop Design Temperature Difference {deltaC}
  NonCoincident,                          !- Sizing Option
  1,                                      !- Zone Timesteps in Averaging Window
  None;                                   !- Coincident Sizing Factor Mode

OS:AvailabilityManagerAssignmentList,
  {2c090ae3-c6f6-4a2f-9a05-7bd7219983e1}, !- Handle
  Plant Loop 1 AvailabilityManagerAssignmentList; !- Name

OS:Pipe:Adiabatic,
  {42d06ad1-15a5-4651-8816-730e06d2d812}, !- Handle
  Pipe Adiabatic 1,                       !- Name
  {c7c4e7d9-538f-47b4-919d-f98ea0704269}, !- Inlet Node Name
  {1c3dda19-ff54-4624-bf2c-4e45c9f1496f}; !- Outlet Node Name

OS:Pipe:Adiabatic,
  {af4f7da1-9513-4275-bb25-64698ae40229}, !- Handle
  Pipe Adiabatic 2,                       !- Name
  {084f23e0-be42-4005-b07d-5cad7d8ad7ea}, !- Inlet Node Name
  {dd011d74-6e10-4c4e-9434-1c03bc3706f2}; !- Outlet Node Name

OS:Node,
  {96fcf232-fb5f-456d-834f-bd705fc13173}, !- Handle
  Node 18,                                !- Name
  {1c3dda19-ff54-4624-bf2c-4e45c9f1496f}, !- Inlet Port
  {50b4859b-7db5-40b3-bbd9-6905f77702a1}; !- Outlet Port

OS:Connection,
  {c7c4e7d9-538f-47b4-919d-f98ea0704269}, !- Handle
  {7529f14c-0470-4eb2-b18d-fa939e4bffb7}, !- Source Object
  3,                                      !- Outlet Port
  {42d06ad1-15a5-4651-8816-730e06d2d812}, !- Target Object
  2;                                      !- Inlet Port

OS:Connection,
  {1c3dda19-ff54-4624-bf2c-4e45c9f1496f}, !- Handle
  {42d06ad1-15a5-4651-8816-730e06d2d812}, !- Source Object
  3,                                      !- Outlet Port
  {96fcf232-fb5f-456d-834f-bd705fc13173}, !- Target Object
  2;                                      !- Inlet Port

OS:Connection,
  {50b4859b-7db5-40b3-bbd9-6905f77702a1}, !- Handle
  {96fcf232-fb5f-456d-834f-bd705fc13173}, !- Source Object
  3,                                      !- Outlet Port
  {5e291026-d497-4e7a-819d-12dbd4aa8d6f}, !- Target Object
  3;                                      !- Inlet Port

OS:Node,
  {fff6e996-7603-45b5-ae68-8d9700c76751}, !- Handle
  Node 19,                                !- Name
  {09b2cada-1fae-45ed-abb7-22bd781a9ee5}, !- Inlet Port
  {084f23e0-be42-4005-b07d-5cad7d8ad7ea}; !- Outlet Port

OS:Connection,
  {09b2cada-1fae-45ed-abb7-22bd781a9ee5}, !- Handle
  {5e291026-d497-4e7a-819d-12dbd4aa8d6f}, !- Source Object
  2,                                      !- Outlet Port
  {fff6e996-7603-45b5-ae68-8d9700c76751}, !- Target Object
  2;                                      !- Inlet Port

OS:Connection,
  {084f23e0-be42-4005-b07d-5cad7d8ad7ea}, !- Handle
  {fff6e996-7603-45b5-ae68-8d9700c76751}, !- Source Object
  3,                                      !- Outlet Port
  {af4f7da1-9513-4275-bb25-64698ae40229}, !- Target Object
  2;                                      !- Inlet Port

OS:Connection,
  {dd011d74-6e10-4c4e-9434-1c03bc3706f2}, !- Handle
  {af4f7da1-9513-4275-bb25-64698ae40229}, !- Source Object
  3,                                      !- Outlet Port
  {c8209da6-d6e7-4482-9101-ddf8df950c1b}, !- Target Object
  2;                                      !- Inlet Port

OS:Pump:VariableSpeed,
  {1ed0f849-a6fd-40fa-be92-e3decb5b358b}, !- Handle
  Pump Variable Speed 1,                  !- Name
  {38b97b64-2f48-4848-8a96-9c893817262c}, !- Inlet Node Name
  {4146f1e2-35bf-449e-85e6-212fbaea8692}, !- Outlet Node Name
  0.01,                                   !- Rated Flow Rate {m3/s}
  1,                                      !- Rated Pump Head {Pa}
  0,                                      !- Rated Power Consumption {W}
  1,                                      !- Motor Efficiency
  0,                                      !- Fraction of Motor Inefficiencies to Fluid Stream
  0,                                      !- Coefficient 1 of the Part Load Performance Curve
  1,                                      !- Coefficient 2 of the Part Load Performance Curve
  0,                                      !- Coefficient 3 of the Part Load Performance Curve
  0,                                      !- Coefficient 4 of the Part Load Performance Curve
  ,                                       !- Minimum Flow Rate {m3/s}
  Intermittent,                           !- Pump Control Type
  ,                                       !- Pump Flow Rate Schedule Name
  ,                                       !- Pump Curve Name
  ,                                       !- Impeller Diameter {m}
  ,                                       !- VFD Control Type
  ,                                       !- Pump RPM Schedule Name
  ,                                       !- Minimum Pressure Schedule {Pa}
  ,                                       !- Maximum Pressure Schedule {Pa}
  ,                                       !- Minimum RPM Schedule {rev/min}
  ,                                       !- Maximum RPM Schedule {rev/min}
  ,                                       !- Zone Name
  0.5,                                    !- Skin Loss Radiative Fraction
  PowerPerFlowPerPressure,                !- Design Power Sizing Method
  348701.1,                               !- Design Electric Power per Unit Flow Rate {W/(m3/s)}
  1.282051282,                            !- Design Shaft Power per Unit Flow Rate per Unit Head {W-s/m3-Pa}
  0,                                      !- Design Minimum Flow Rate Fraction
  General;                                !- End-Use Subcategory

OS:Node,
  {baee7c54-a583-4b45-9a4b-93a2ebc91daa}, !- Handle
  Node 20,                                !- Name
  {4146f1e2-35bf-449e-85e6-212fbaea8692}, !- Inlet Port
  {d0ff01b3-26d7-4d59-90e9-7da75ba1f438}; !- Outlet Port

OS:Connection,
  {38b97b64-2f48-4848-8a96-9c893817262c}, !- Handle
  {585cab2b-cacf-410a-898a-3585af39e0ad}, !- Source Object
  3,                                      !- Outlet Port
  {1ed0f849-a6fd-40fa-be92-e3decb5b358b}, !- Target Object
  2;                                      !- Inlet Port

OS:Connection,
  {4146f1e2-35bf-449e-85e6-212fbaea8692}, !- Handle
  {1ed0f849-a6fd-40fa-be92-e3decb5b358b}, !- Source Object
  3,                                      !- Outlet Port
  {baee7c54-a583-4b45-9a4b-93a2ebc91daa}, !- Target Object
  2;                                      !- Inlet Port

OS:Connection,
  {d0ff01b3-26d7-4d59-90e9-7da75ba1f438}, !- Handle
  {baee7c54-a583-4b45-9a4b-93a2ebc91daa}, !- Source Object
  3,                                      !- Outlet Port
  {bb029f9b-6c59-4029-bfe7-9ab8db5bde28}, !- Target Object
  2;                                      !- Inlet Port

OS:Schedule:Constant,
  {165d413c-eda1-4ece-b860-75165232cf69}, !- Handle
  dhw temp,                               !- Name
  {a27b7a2e-565a-4128-9f7c-e8d63e16943a}, !- Schedule Type Limits Name
  52.6666666666667;                       !- Value

OS:SetpointManager:Scheduled,
  {21660ca9-4286-4dd5-8a6e-fb2e81722ef1}, !- Handle
  Setpoint Manager Scheduled 1,           !- Name
  Temperature,                            !- Control Variable
  {165d413c-eda1-4ece-b860-75165232cf69}, !- Schedule Name
  {c8209da6-d6e7-4482-9101-ddf8df950c1b}; !- Setpoint Node or NodeList Name

OS:WaterHeater:Mixed,
  {4b4b154d-a373-47b5-9c4b-60a1fb370afd}, !- Handle
  water heater,                           !- Name
  0.143845647790854,                      !- Tank Volume {m3}
  {c311d89b-3993-4f43-8db6-354c33350482}, !- Setpoint Temperature Schedule Name
  2,                                      !- Deadband Temperature Difference {deltaC}
  99,                                     !- Maximum Temperature Limit {C}
  Cycle,                                  !- Heater Control Type
  10550.5585262,                          !- Heater Maximum Capacity {W}
  0,                                      !- Heater Minimum Capacity {W}
  ,                                       !- Heater Ignition Minimum Flow Rate {m3/s}
  ,                                       !- Heater Ignition Delay {s}
  NaturalGas,                             !- Heater Fuel Type
  0.78840506115189,                       !- Heater Thermal Efficiency
  ,                                       !- Part Load Factor Curve Name
  0,                                      !- Off Cycle Parasitic Fuel Consumption Rate {W}
  Electricity,                            !- Off Cycle Parasitic Fuel Type
  0,                                      !- Off Cycle Parasitic Heat Fraction to Tank
  0,                                      !- On Cycle Parasitic Fuel Consumption Rate {W}
  Electricity,                            !- On Cycle Parasitic Fuel Type
  0,                                      !- On Cycle Parasitic Heat Fraction to Tank
  ThermalZone,                            !- Ambient Temperature Indicator
  ,                                       !- Ambient Temperature Schedule Name
  {78d61cee-fdb0-4d0a-ac9c-634e25791c59}, !- Ambient Temperature Thermal Zone Name
  ,                                       !- Ambient Temperature Outdoor Air Node Name
  2.36462387073178,                       !- Off Cycle Loss Coefficient to Ambient Temperature {W/K}
  0.91,                                   !- Off Cycle Loss Fraction to Thermal Zone
  2.36462387073178,                       !- On Cycle Loss Coefficient to Ambient Temperature {W/K}
  1,                                      !- On Cycle Loss Fraction to Thermal Zone
  ,                                       !- Peak Use Flow Rate {m3/s}
  ,                                       !- Use Flow Rate Fraction Schedule Name
  ,                                       !- Cold Water Supply Temperature Schedule Name
  {2ffff5e7-1a9d-42b3-a939-ede677caa445}, !- Use Side Inlet Node Name
  {337d64a1-5f93-43a4-a1af-ed71760d708a}, !- Use Side Outlet Node Name
  1,                                      !- Use Side Effectiveness
  ,                                       !- Source Side Inlet Node Name
  ,                                       !- Source Side Outlet Node Name
  1,                                      !- Source Side Effectiveness
  autosize,                               !- Use Side Design Flow Rate {m3/s}
  autosize,                               !- Source Side Design Flow Rate {m3/s}
  1.5,                                    !- Indirect Water Heating Recovery Time {hr}
  IndirectHeatPrimarySetpoint,            !- Source Side Flow Control Mode
  ,                                       !- Indirect Alternate Setpoint Temperature Schedule Name
  General;                                !- End-Use Subcategory

OS:WaterHeater:Sizing,
  {b3ea2e7c-2d40-4379-b3ee-5f316840fd5b}, !- Handle
  {4b4b154d-a373-47b5-9c4b-60a1fb370afd}, !- WaterHeater Name
  PeakDraw,                               !- Design Mode
  0.538503,                               !- Time Storage Can Meet Peak Draw {hr}
  0,                                      !- Time for Tank Recovery {hr}
  1;                                      !- Nominal Tank Volume for Autosizing Plant Connections {m3}

OS:Schedule:Constant,
  {c311d89b-3993-4f43-8db6-354c33350482}, !- Handle
  water heater setpoint,                  !- Name
  {a27b7a2e-565a-4128-9f7c-e8d63e16943a}, !- Schedule Type Limits Name
  52.6666666666667;                       !- Value

OS:AdditionalProperties,
  {a9f8420c-955e-4942-9aab-f24fd8e714ea}, !- Handle
  {4b4b154d-a373-47b5-9c4b-60a1fb370afd}, !- Object Name
  HPXML_ID,                               !- Feature Name 1
  String,                                 !- Feature Data Type 1
  WaterHeatingSystem1;                    !- Feature Value 1

OS:Node,
  {3dfc7f91-29ca-42eb-a252-3b52ac5594c1}, !- Handle
  Node 21,                                !- Name
  {4c2ee38c-e8d6-446b-9a4d-3408770103be}, !- Inlet Port
  {2ffff5e7-1a9d-42b3-a939-ede677caa445}; !- Outlet Port

OS:Connection,
  {4c2ee38c-e8d6-446b-9a4d-3408770103be}, !- Handle
  {bb029f9b-6c59-4029-bfe7-9ab8db5bde28}, !- Source Object
  4,                                      !- Outlet Port
  {3dfc7f91-29ca-42eb-a252-3b52ac5594c1}, !- Target Object
  2;                                      !- Inlet Port

OS:Node,
  {f69e7197-197f-49a2-b0f5-612f62b1e04c}, !- Handle
  Node 22,                                !- Name
  {337d64a1-5f93-43a4-a1af-ed71760d708a}, !- Inlet Port
  {2232d7bc-2f0d-4f55-ad89-3e24e4b157e2}; !- Outlet Port

OS:Connection,
  {2ffff5e7-1a9d-42b3-a939-ede677caa445}, !- Handle
  {3dfc7f91-29ca-42eb-a252-3b52ac5594c1}, !- Source Object
  3,                                      !- Outlet Port
  {4b4b154d-a373-47b5-9c4b-60a1fb370afd}, !- Target Object
  31;                                     !- Inlet Port

OS:Connection,
  {337d64a1-5f93-43a4-a1af-ed71760d708a}, !- Handle
  {4b4b154d-a373-47b5-9c4b-60a1fb370afd}, !- Source Object
  32,                                     !- Outlet Port
  {f69e7197-197f-49a2-b0f5-612f62b1e04c}, !- Target Object
  2;                                      !- Inlet Port

OS:Connection,
  {2232d7bc-2f0d-4f55-ad89-3e24e4b157e2}, !- Handle
  {f69e7197-197f-49a2-b0f5-612f62b1e04c}, !- Source Object
  3,                                      !- Outlet Port
  {5e291026-d497-4e7a-819d-12dbd4aa8d6f}, !- Target Object
  4;                                      !- Inlet Port

OS:OtherEquipment:Definition,
  {c6ec3c98-055f-4900-9f6e-5d363836682d}, !- Handle
  water heater energy adjustment1,        !- Name
  EquipmentLevel,                         !- Design Level Calculation Method
  0.01,                                   !- Design Level {W}
  ,                                       !- Watts per Space Floor Area {W/m2}
  ,                                       !- Watts per Person {W/Person}
  0,                                      !- Fraction Latent
  0,                                      !- Fraction Radiant
  1;                                      !- Fraction Lost

OS:OtherEquipment,
  {5df4a868-4e33-459a-a52a-e6e86009015d}, !- Handle
  water heater energy adjustment1,        !- Name
  {c6ec3c98-055f-4900-9f6e-5d363836682d}, !- Other Equipment Definition Name
  {aa1f0f96-31e0-44e2-8176-e87dcf914ab5}, !- Space or SpaceType Name
  {23d1c39e-508f-424b-aef0-aa9368e6d64f}, !- Schedule Name
  ,                                       !- Multiplier
  NaturalGas,                             !- Fuel Type
  water heater energy adjustment1;        !- End-Use Subcategory

OS:AdditionalProperties,
  {248738f3-9b63-44b5-a9d3-c67e2590ceac}, !- Handle
  {5df4a868-4e33-459a-a52a-e6e86009015d}, !- Object Name
  HPXML_ID,                               !- Feature Name 1
  String,                                 !- Feature Data Type 1
  WaterHeatingSystem1;                    !- Feature Value 1

OS:EnergyManagementSystem:Sensor,
  {57cf66c1-8dc1-4e75-b2a9-841a03f76358}, !- Handle
  water_heater_energy,                    !- Name
  water heater,                           !- Output Variable or Output Meter Index Key Name
  Water Heater NaturalGas Rate;           !- Output Variable or Output Meter Name

OS:EnergyManagementSystem:Sensor,
  {3410c18a-af44-4c13-817e-8f45b3830ef2}, !- Handle
  water_heater_on_cycle_parasitic,        !- Name
  water heater,                           !- Output Variable or Output Meter Index Key Name
  Water Heater On Cycle Parasitic Electricity Rate; !- Output Variable or Output Meter Name

OS:EnergyManagementSystem:Sensor,
  {4682597f-c370-415c-ae74-7ae0e2530151}, !- Handle
  water_heater_off_cycle_parasitic,       !- Name
  water heater,                           !- Output Variable or Output Meter Index Key Name
  Water Heater Off Cycle Parasitic Electricity Rate; !- Output Variable or Output Meter Name

OS:EnergyManagementSystem:Actuator,
  {2e5ae4c5-1313-4c1e-9dbf-ede063bcef79}, !- Handle
  water_heater_ec_adj_act,                !- Name
  {5df4a868-4e33-459a-a52a-e6e86009015d}, !- Actuated Component Name
  OtherEquipment,                         !- Actuated Component Type
  Power Level,                            !- Actuated Component Control Type
  {aa1f0f96-31e0-44e2-8176-e87dcf914ab5}; !- Zone or Space Name

OS:EnergyManagementSystem:Program,
  {318ada5a-40ac-497c-9ef9-7737b92871c0}, !- Handle
  water_heater_EC_adj,                    !- Name
  Set dhw_e_cons = water_heater_energy + water_heater_on_cycle_parasitic + water_heater_off_cycle_parasitic, !- Program Line 1
  Set water_heater_ec_adj_act = 0.0 * dhw_e_cons / 1; !- Program Line 2

OS:EnergyManagementSystem:ProgramCallingManager,
  {f7341211-c198-47a5-b04e-398fd51b24e6}, !- Handle
  water heater EC_adj ProgramManager,     !- Name
  EndOfSystemTimestepBeforeHVACReporting, !- EnergyPlus Model Calling Point
  {318ada5a-40ac-497c-9ef9-7737b92871c0}; !- Program Name 1

OS:WaterUse:Connections,
  {fadaea78-881a-4daa-981e-8f0c22565334}, !- Handle
  Water Use Connections 1,                !- Name
  {cf52e7eb-1f9d-40d6-89ec-e1bc6d706aa7}, !- Inlet Node Name
  {b84d8271-647f-426c-90de-4fd29d4f8d2d}, !- Outlet Node Name
  ,                                       !- Supply Water Storage Tank Name
  ,                                       !- Reclamation Water Storage Tank Name
  ,                                       !- Hot Water Supply Temperature Schedule Name
  ,                                       !- Cold Water Supply Temperature Schedule Name
  None,                                   !- Drain Water Heat Exchanger Type
  Plant,                                  !- Drain Water Heat Exchanger Destination
  ,                                       !- Drain Water Heat Exchanger U-Factor Times Area {W/K}
  {2e87dc81-ec63-4617-baf2-bc9f9f2c4cc7}, !- Water Use Equipment Name 1
  {7c4c43aa-6294-4e67-9ae9-ed7e6be40e22}, !- Water Use Equipment Name 2
  {b5ba0376-d91f-4cbf-8c4f-99295baede19}, !- Water Use Equipment Name 3
  {286ad52c-6805-462a-9c85-b1fac7388c2a}; !- Water Use Equipment Name 4

OS:AdditionalProperties,
  {32332ca4-157e-4cfc-9ba9-c71170e7f56b}, !- Handle
  {fadaea78-881a-4daa-981e-8f0c22565334}, !- Object Name
  HPXML_ID,                               !- Feature Name 1
  String,                                 !- Feature Data Type 1
  WaterHeatingSystem1;                    !- Feature Value 1

OS:Node,
  {c753350e-9c20-411a-b6cf-05ccd02f522c}, !- Handle
  Node 23,                                !- Name
  {b84d8271-647f-426c-90de-4fd29d4f8d2d}, !- Inlet Port
  {e5503720-9395-4332-9924-42acf9a62f14}; !- Outlet Port

OS:Connection,
  {cf52e7eb-1f9d-40d6-89ec-e1bc6d706aa7}, !- Handle
  {fa29e289-244d-4a5c-b700-083f0af06a55}, !- Source Object
  3,                                      !- Outlet Port
  {fadaea78-881a-4daa-981e-8f0c22565334}, !- Target Object
  2;                                      !- Inlet Port

OS:Connection,
  {b84d8271-647f-426c-90de-4fd29d4f8d2d}, !- Handle
  {fadaea78-881a-4daa-981e-8f0c22565334}, !- Source Object
  3,                                      !- Outlet Port
  {c753350e-9c20-411a-b6cf-05ccd02f522c}, !- Target Object
  2;                                      !- Inlet Port

OS:Connection,
  {e5503720-9395-4332-9924-42acf9a62f14}, !- Handle
  {c753350e-9c20-411a-b6cf-05ccd02f522c}, !- Source Object
  3,                                      !- Outlet Port
  {d9494d21-26c2-43cd-89f2-e51b07aa0f11}, !- Target Object
  3;                                      !- Inlet Port

OS:Schedule:File,
  {7f51d3d3-e86e-47d6-8fbb-7a9228e2ca43}, !- Handle
  clothes_washer,                         !- Name
  {6ada26ef-be23-44a6-9ac0-48fa5353139e}, !- Schedule Type Limits Name
  {1f0826e4-576c-4773-bdbc-45902bd14219}, !- External File Name
  6,                                      !- Column Number
  1,                                      !- Rows to Skip at Top
  8760,                                   !- Number of Hours of Data
  ,                                       !- Column Separator
  ,                                       !- Interpolate to Timestep
  15,                                     !- Minutes per Item
  ,                                       !- Adjust Schedule for Daylight Savings
  Yes;                                    !- Translate File With Relative Path

OS:ElectricEquipment:Definition,
  {a1c1bb71-e2e0-41fa-a351-4c989f6a1119}, !- Handle
  clothes washer,                         !- Name
  EquipmentLevel,                         !- Design Level Calculation Method
  322.318958568909,                       !- Design Level {W}
  ,                                       !- Watts per Space Floor Area {W/m2}
  ,                                       !- Watts per Person {W/person}
  0.03,                                   !- Fraction Latent
  0.162,                                  !- Fraction Radiant
  0.7;                                    !- Fraction Lost

OS:ElectricEquipment,
  {89479d27-7a1c-498c-b3e4-a8600f9c46be}, !- Handle
  clothes washer,                         !- Name
  {a1c1bb71-e2e0-41fa-a351-4c989f6a1119}, !- Electric Equipment Definition Name
  {1671f505-4a93-4013-a313-0347ee079f4b}, !- Space or SpaceType Name
  {7f51d3d3-e86e-47d6-8fbb-7a9228e2ca43}, !- Schedule Name
  ,                                       !- Multiplier
  clothes washer;                         !- End-Use Subcategory

OS:Schedule:File,
  {1825de7e-3a1f-41cc-9612-4744fc4bef58}, !- Handle
  clothes_dryer,                          !- Name
  {6ada26ef-be23-44a6-9ac0-48fa5353139e}, !- Schedule Type Limits Name
  {1f0826e4-576c-4773-bdbc-45902bd14219}, !- External File Name
  7,                                      !- Column Number
  1,                                      !- Rows to Skip at Top
  8760,                                   !- Number of Hours of Data
  ,                                       !- Column Separator
  ,                                       !- Interpolate to Timestep
  15,                                     !- Minutes per Item
  ,                                       !- Adjust Schedule for Daylight Savings
  Yes;                                    !- Translate File With Relative Path

OS:ElectricEquipment:Definition,
  {b976fb6d-91d1-4a97-95af-29bbc9692521}, !- Handle
  clothes dryer,                          !- Name
  EquipmentLevel,                         !- Design Level Calculation Method
  8575.75698434975,                       !- Design Level {W}
  ,                                       !- Watts per Space Floor Area {W/m2}
  ,                                       !- Watts per Person {W/person}
  0.015,                                  !- Fraction Latent
  0.081,                                  !- Fraction Radiant
  0.85;                                   !- Fraction Lost

OS:ElectricEquipment,
  {14201cd5-7a14-4daa-84cc-15c152ed2871}, !- Handle
  clothes dryer,                          !- Name
  {b976fb6d-91d1-4a97-95af-29bbc9692521}, !- Electric Equipment Definition Name
  {1671f505-4a93-4013-a313-0347ee079f4b}, !- Space or SpaceType Name
  {1825de7e-3a1f-41cc-9612-4744fc4bef58}, !- Schedule Name
  ,                                       !- Multiplier
  clothes dryer;                          !- End-Use Subcategory

OS:Schedule:File,
  {dd226183-d3d7-40d9-b896-87bfdc833b0e}, !- Handle
  dishwasher,                             !- Name
  {6ada26ef-be23-44a6-9ac0-48fa5353139e}, !- Schedule Type Limits Name
  {1f0826e4-576c-4773-bdbc-45902bd14219}, !- External File Name
  5,                                      !- Column Number
  1,                                      !- Rows to Skip at Top
  8760,                                   !- Number of Hours of Data
  ,                                       !- Column Separator
  ,                                       !- Interpolate to Timestep
  15,                                     !- Minutes per Item
  ,                                       !- Adjust Schedule for Daylight Savings
  Yes;                                    !- Translate File With Relative Path

OS:ElectricEquipment:Definition,
  {e473512c-438a-451d-aede-03c733b5b4f7}, !- Handle
  dishwasher,                             !- Name
  EquipmentLevel,                         !- Design Level Calculation Method
  593.131766676247,                       !- Design Level {W}
  ,                                       !- Watts per Space Floor Area {W/m2}
  ,                                       !- Watts per Person {W/person}
  0.3,                                    !- Fraction Latent
  0.18,                                   !- Fraction Radiant
  0.4;                                    !- Fraction Lost

OS:ElectricEquipment,
  {2802d02a-5e7a-433f-8d48-7a3c8f6270d4}, !- Handle
  dishwasher,                             !- Name
  {e473512c-438a-451d-aede-03c733b5b4f7}, !- Electric Equipment Definition Name
  {1671f505-4a93-4013-a313-0347ee079f4b}, !- Space or SpaceType Name
  {dd226183-d3d7-40d9-b896-87bfdc833b0e}, !- Schedule Name
  ,                                       !- Multiplier
  dishwasher;                             !- End-Use Subcategory

OS:Schedule:Ruleset,
  {f7e22a19-f9df-4930-9896-3175da15ec8f}, !- Handle
  fridge schedule,                        !- Name
  {6ada26ef-be23-44a6-9ac0-48fa5353139e}, !- Schedule Type Limits Name
  {a1c6d25a-6723-451a-8680-15034678de83}; !- Default Day Schedule Name

OS:Schedule:Day,
  {a1c6d25a-6723-451a-8680-15034678de83}, !- Handle
  fridge schedule default day,            !- Name
  {6ada26ef-be23-44a6-9ac0-48fa5353139e}, !- Schedule Type Limits Name
  ,                                       !- Interpolate to Timestep
  24,                                     !- Hour 1
  0,                                      !- Minute 1
  0;                                      !- Value Until Time 1

OS:Schedule:Rule,
  {62447f22-0064-4b1f-b25e-4cff47b649a4}, !- Handle
  fridge schedule allday ruleset1,        !- Name
  {f7e22a19-f9df-4930-9896-3175da15ec8f}, !- Schedule Ruleset Name
  6,                                      !- Rule Order
  {4dc55485-8dd0-4265-9480-1a52a85c1579}, !- Day Schedule Name
  Yes,                                    !- Apply Sunday
  Yes,                                    !- Apply Monday
  Yes,                                    !- Apply Tuesday
  Yes,                                    !- Apply Wednesday
  Yes,                                    !- Apply Thursday
  Yes,                                    !- Apply Friday
  Yes,                                    !- Apply Saturday
  DateRange,                              !- Date Specification Type
  1,                                      !- Start Month
  1,                                      !- Start Day
  1,                                      !- End Month
  31;                                     !- End Day

OS:Schedule:Day,
  {4dc55485-8dd0-4265-9480-1a52a85c1579}, !- Handle
  fridge schedule allday1,                !- Name
  {6ada26ef-be23-44a6-9ac0-48fa5353139e}, !- Schedule Type Limits Name
  ,                                       !- Interpolate to Timestep
  1,                                      !- Hour 1
  0,                                      !- Minute 1
  0.610948905109489,                      !- Value Until Time 1
  2,                                      !- Hour 2
  0,                                      !- Minute 2
  0.595675182481752,                      !- Value Until Time 2
  3,                                      !- Hour 3
  0,                                      !- Minute 3
  0.580401459854014,                      !- Value Until Time 3
  4,                                      !- Hour 4
  0,                                      !- Minute 4
  0.565127737226277,                      !- Value Until Time 4
  6,                                      !- Hour 5
  0,                                      !- Minute 5
  0.54985401459854,                       !- Value Until Time 5
  7,                                      !- Hour 6
  0,                                      !- Minute 6
  0.580401459854014,                      !- Value Until Time 6
  8,                                      !- Hour 7
  0,                                      !- Minute 7
  0.610948905109489,                      !- Value Until Time 7
  10,                                     !- Hour 8
  0,                                      !- Minute 8
  0.626222627737226,                      !- Value Until Time 8
  12,                                     !- Hour 9
  0,                                      !- Minute 9
  0.610948905109489,                      !- Value Until Time 9
  15,                                     !- Hour 10
  0,                                      !- Minute 10
  0.641496350364963,                      !- Value Until Time 10
  16,                                     !- Hour 11
  0,                                      !- Minute 11
  0.626222627737226,                      !- Value Until Time 11
  17,                                     !- Hour 12
  0,                                      !- Minute 12
  0.672043795620438,                      !- Value Until Time 12
  18,                                     !- Hour 13
  0,                                      !- Minute 13
  0.733138686131387,                      !- Value Until Time 13
  19,                                     !- Hour 14
  0,                                      !- Minute 14
  0.763686131386861,                      !- Value Until Time 14
  20,                                     !- Hour 15
  0,                                      !- Minute 15
  0.733138686131387,                      !- Value Until Time 15
  21,                                     !- Hour 16
  0,                                      !- Minute 16
  0.717864963503649,                      !- Value Until Time 16
  22,                                     !- Hour 17
  0,                                      !- Minute 17
  0.702591240875912,                      !- Value Until Time 17
  23,                                     !- Hour 18
  0,                                      !- Minute 18
  0.672043795620438,                      !- Value Until Time 18
  24,                                     !- Hour 19
  0,                                      !- Minute 19
  0.626222627737226;                      !- Value Until Time 19

OS:Schedule:Rule,
  {064387d7-a61f-4c70-bf50-bfbde1291920}, !- Handle
  fridge schedule allday ruleset2,        !- Name
  {f7e22a19-f9df-4930-9896-3175da15ec8f}, !- Schedule Ruleset Name
  5,                                      !- Rule Order
  {cc44ff51-a4c4-4c37-b763-f75df7c57a33}, !- Day Schedule Name
  Yes,                                    !- Apply Sunday
  Yes,                                    !- Apply Monday
  Yes,                                    !- Apply Tuesday
  Yes,                                    !- Apply Wednesday
  Yes,                                    !- Apply Thursday
  Yes,                                    !- Apply Friday
  Yes,                                    !- Apply Saturday
  DateRange,                              !- Date Specification Type
  2,                                      !- Start Month
  1,                                      !- Start Day
  2,                                      !- End Month
  28;                                     !- End Day

OS:Schedule:Day,
  {cc44ff51-a4c4-4c37-b763-f75df7c57a33}, !- Handle
  fridge schedule allday2,                !- Name
  {6ada26ef-be23-44a6-9ac0-48fa5353139e}, !- Schedule Type Limits Name
  ,                                       !- Interpolate to Timestep
  1,                                      !- Hour 1
  0,                                      !- Minute 1
  0.60948905109489,                       !- Value Until Time 1
  2,                                      !- Hour 2
  0,                                      !- Minute 2
  0.594251824817518,                      !- Value Until Time 2
  3,                                      !- Hour 3
  0,                                      !- Minute 3
  0.579014598540146,                      !- Value Until Time 3
  4,                                      !- Hour 4
  0,                                      !- Minute 4
  0.563777372262774,                      !- Value Until Time 4
  6,                                      !- Hour 5
  0,                                      !- Minute 5
  0.548540145985401,                      !- Value Until Time 5
  7,                                      !- Hour 6
  0,                                      !- Minute 6
  0.579014598540146,                      !- Value Until Time 6
  8,                                      !- Hour 7
  0,                                      !- Minute 7
  0.60948905109489,                       !- Value Until Time 7
  10,                                     !- Hour 8
  0,                                      !- Minute 8
  0.624726277372263,                      !- Value Until Time 8
  12,                                     !- Hour 9
  0,                                      !- Minute 9
  0.60948905109489,                       !- Value Until Time 9
  15,                                     !- Hour 10
  0,                                      !- Minute 10
  0.639963503649635,                      !- Value Until Time 10
  16,                                     !- Hour 11
  0,                                      !- Minute 11
  0.624726277372263,                      !- Value Until Time 11
  17,                                     !- Hour 12
  0,                                      !- Minute 12
  0.670437956204379,                      !- Value Until Time 12
  18,                                     !- Hour 13
  0,                                      !- Minute 13
  0.731386861313868,                      !- Value Until Time 13
  19,                                     !- Hour 14
  0,                                      !- Minute 14
  0.761861313868613,                      !- Value Until Time 14
  20,                                     !- Hour 15
  0,                                      !- Minute 15
  0.731386861313868,                      !- Value Until Time 15
  21,                                     !- Hour 16
  0,                                      !- Minute 16
  0.716149635036496,                      !- Value Until Time 16
  22,                                     !- Hour 17
  0,                                      !- Minute 17
  0.700912408759124,                      !- Value Until Time 17
  23,                                     !- Hour 18
  0,                                      !- Minute 18
  0.670437956204379,                      !- Value Until Time 18
  24,                                     !- Hour 19
  0,                                      !- Minute 19
  0.624726277372263;                      !- Value Until Time 19

OS:Schedule:Rule,
  {e18d37af-cbf8-4c22-86be-6a9f2ba2db60}, !- Handle
  fridge schedule allday ruleset3,        !- Name
  {f7e22a19-f9df-4930-9896-3175da15ec8f}, !- Schedule Ruleset Name
  4,                                      !- Rule Order
  {e2ace354-2fe0-4f76-b813-6e06496eca29}, !- Day Schedule Name
  Yes,                                    !- Apply Sunday
  Yes,                                    !- Apply Monday
  Yes,                                    !- Apply Tuesday
  Yes,                                    !- Apply Wednesday
  Yes,                                    !- Apply Thursday
  Yes,                                    !- Apply Friday
  Yes,                                    !- Apply Saturday
  DateRange,                              !- Date Specification Type
  3,                                      !- Start Month
  1,                                      !- Start Day
  5,                                      !- End Month
  31;                                     !- End Day

OS:Schedule:Day,
  {e2ace354-2fe0-4f76-b813-6e06496eca29}, !- Handle
  fridge schedule allday3,                !- Name
  {6ada26ef-be23-44a6-9ac0-48fa5353139e}, !- Schedule Type Limits Name
  ,                                       !- Interpolate to Timestep
  1,                                      !- Hour 1
  0,                                      !- Minute 1
  0.791240875912409,                      !- Value Until Time 1
  2,                                      !- Hour 2
  0,                                      !- Minute 2
  0.771459854014598,                      !- Value Until Time 2
  3,                                      !- Hour 3
  0,                                      !- Minute 3
  0.751678832116788,                      !- Value Until Time 3
  4,                                      !- Hour 4
  0,                                      !- Minute 4
  0.731897810218978,                      !- Value Until Time 4
  6,                                      !- Hour 5
  0,                                      !- Minute 5
  0.712116788321168,                      !- Value Until Time 5
  7,                                      !- Hour 6
  0,                                      !- Minute 6
  0.751678832116788,                      !- Value Until Time 6
  8,                                      !- Hour 7
  0,                                      !- Minute 7
  0.791240875912409,                      !- Value Until Time 7
  10,                                     !- Hour 8
  0,                                      !- Minute 8
  0.811021897810219,                      !- Value Until Time 8
  12,                                     !- Hour 9
  0,                                      !- Minute 9
  0.791240875912409,                      !- Value Until Time 9
  15,                                     !- Hour 10
  0,                                      !- Minute 10
  0.830802919708029,                      !- Value Until Time 10
  16,                                     !- Hour 11
  0,                                      !- Minute 11
  0.811021897810219,                      !- Value Until Time 11
  17,                                     !- Hour 12
  0,                                      !- Minute 12
  0.87036496350365,                       !- Value Until Time 12
  18,                                     !- Hour 13
  0,                                      !- Minute 13
  0.949489051094891,                      !- Value Until Time 13
  19,                                     !- Hour 14
  0,                                      !- Minute 14
  0.989051094890511,                      !- Value Until Time 14
  20,                                     !- Hour 15
  0,                                      !- Minute 15
  0.949489051094891,                      !- Value Until Time 15
  21,                                     !- Hour 16
  0,                                      !- Minute 16
  0.92970802919708,                       !- Value Until Time 16
  22,                                     !- Hour 17
  0,                                      !- Minute 17
  0.90992700729927,                       !- Value Until Time 17
  23,                                     !- Hour 18
  0,                                      !- Minute 18
  0.87036496350365,                       !- Value Until Time 18
  24,                                     !- Hour 19
  0,                                      !- Minute 19
  0.811021897810219;                      !- Value Until Time 19

OS:Schedule:Rule,
  {7a9c2441-6fd9-44f1-881d-d918f0dc38bc}, !- Handle
  fridge schedule allday ruleset6,        !- Name
  {f7e22a19-f9df-4930-9896-3175da15ec8f}, !- Schedule Ruleset Name
  3,                                      !- Rule Order
  {8a3a2e51-fc26-463a-b3cf-b91d0b72b999}, !- Day Schedule Name
  Yes,                                    !- Apply Sunday
  Yes,                                    !- Apply Monday
  Yes,                                    !- Apply Tuesday
  Yes,                                    !- Apply Wednesday
  Yes,                                    !- Apply Thursday
  Yes,                                    !- Apply Friday
  Yes,                                    !- Apply Saturday
  DateRange,                              !- Date Specification Type
  6,                                      !- Start Month
  1,                                      !- Start Day
  9,                                      !- End Month
  30;                                     !- End Day

OS:Schedule:Day,
  {8a3a2e51-fc26-463a-b3cf-b91d0b72b999}, !- Handle
  fridge schedule allday6,                !- Name
  {6ada26ef-be23-44a6-9ac0-48fa5353139e}, !- Schedule Type Limits Name
  ,                                       !- Interpolate to Timestep
  1,                                      !- Hour 1
  0,                                      !- Minute 1
  0.8,                                    !- Value Until Time 1
  2,                                      !- Hour 2
  0,                                      !- Minute 2
  0.78,                                   !- Value Until Time 2
  3,                                      !- Hour 3
  0,                                      !- Minute 3
  0.76,                                   !- Value Until Time 3
  4,                                      !- Hour 4
  0,                                      !- Minute 4
  0.74,                                   !- Value Until Time 4
  6,                                      !- Hour 5
  0,                                      !- Minute 5
  0.72,                                   !- Value Until Time 5
  7,                                      !- Hour 6
  0,                                      !- Minute 6
  0.76,                                   !- Value Until Time 6
  8,                                      !- Hour 7
  0,                                      !- Minute 7
  0.8,                                    !- Value Until Time 7
  10,                                     !- Hour 8
  0,                                      !- Minute 8
  0.82,                                   !- Value Until Time 8
  12,                                     !- Hour 9
  0,                                      !- Minute 9
  0.8,                                    !- Value Until Time 9
  15,                                     !- Hour 10
  0,                                      !- Minute 10
  0.84,                                   !- Value Until Time 10
  16,                                     !- Hour 11
  0,                                      !- Minute 11
  0.82,                                   !- Value Until Time 11
  17,                                     !- Hour 12
  0,                                      !- Minute 12
  0.88,                                   !- Value Until Time 12
  18,                                     !- Hour 13
  0,                                      !- Minute 13
  0.96,                                   !- Value Until Time 13
  19,                                     !- Hour 14
  0,                                      !- Minute 14
  1,                                      !- Value Until Time 14
  20,                                     !- Hour 15
  0,                                      !- Minute 15
  0.96,                                   !- Value Until Time 15
  21,                                     !- Hour 16
  0,                                      !- Minute 16
  0.94,                                   !- Value Until Time 16
  22,                                     !- Hour 17
  0,                                      !- Minute 17
  0.92,                                   !- Value Until Time 17
  23,                                     !- Hour 18
  0,                                      !- Minute 18
  0.88,                                   !- Value Until Time 18
  24,                                     !- Hour 19
  0,                                      !- Minute 19
  0.82;                                   !- Value Until Time 19

OS:Schedule:Rule,
  {3400377c-e828-4795-a2f1-672a2b634a0c}, !- Handle
  fridge schedule allday ruleset10,       !- Name
  {f7e22a19-f9df-4930-9896-3175da15ec8f}, !- Schedule Ruleset Name
  2,                                      !- Rule Order
  {84133749-56ff-44e8-b7e9-697585918e8b}, !- Day Schedule Name
  Yes,                                    !- Apply Sunday
  Yes,                                    !- Apply Monday
  Yes,                                    !- Apply Tuesday
  Yes,                                    !- Apply Wednesday
  Yes,                                    !- Apply Thursday
  Yes,                                    !- Apply Friday
  Yes,                                    !- Apply Saturday
  DateRange,                              !- Date Specification Type
  10,                                     !- Start Month
  1,                                      !- Start Day
  10,                                     !- End Month
  31;                                     !- End Day

OS:Schedule:Day,
  {84133749-56ff-44e8-b7e9-697585918e8b}, !- Handle
  fridge schedule allday10,               !- Name
  {6ada26ef-be23-44a6-9ac0-48fa5353139e}, !- Schedule Type Limits Name
  ,                                       !- Interpolate to Timestep
  1,                                      !- Hour 1
  0,                                      !- Minute 1
  0.67956204379562,                       !- Value Until Time 1
  2,                                      !- Hour 2
  0,                                      !- Minute 2
  0.66257299270073,                       !- Value Until Time 2
  3,                                      !- Hour 3
  0,                                      !- Minute 3
  0.645583941605839,                      !- Value Until Time 3
  4,                                      !- Hour 4
  0,                                      !- Minute 4
  0.628594890510949,                      !- Value Until Time 4
  6,                                      !- Hour 5
  0,                                      !- Minute 5
  0.611605839416058,                      !- Value Until Time 5
  7,                                      !- Hour 6
  0,                                      !- Minute 6
  0.645583941605839,                      !- Value Until Time 6
  8,                                      !- Hour 7
  0,                                      !- Minute 7
  0.67956204379562,                       !- Value Until Time 7
  10,                                     !- Hour 8
  0,                                      !- Minute 8
  0.696551094890511,                      !- Value Until Time 8
  12,                                     !- Hour 9
  0,                                      !- Minute 9
  0.67956204379562,                       !- Value Until Time 9
  15,                                     !- Hour 10
  0,                                      !- Minute 10
  0.713540145985401,                      !- Value Until Time 10
  16,                                     !- Hour 11
  0,                                      !- Minute 11
  0.696551094890511,                      !- Value Until Time 11
  17,                                     !- Hour 12
  0,                                      !- Minute 12
  0.747518248175182,                      !- Value Until Time 12
  18,                                     !- Hour 13
  0,                                      !- Minute 13
  0.815474452554744,                      !- Value Until Time 13
  19,                                     !- Hour 14
  0,                                      !- Minute 14
  0.849452554744526,                      !- Value Until Time 14
  20,                                     !- Hour 15
  0,                                      !- Minute 15
  0.815474452554744,                      !- Value Until Time 15
  21,                                     !- Hour 16
  0,                                      !- Minute 16
  0.798485401459854,                      !- Value Until Time 16
  22,                                     !- Hour 17
  0,                                      !- Minute 17
  0.781496350364963,                      !- Value Until Time 17
  23,                                     !- Hour 18
  0,                                      !- Minute 18
  0.747518248175182,                      !- Value Until Time 18
  24,                                     !- Hour 19
  0,                                      !- Minute 19
  0.696551094890511;                      !- Value Until Time 19

OS:Schedule:Rule,
  {9c353aa2-2668-452b-8fd3-35357cc2dfda}, !- Handle
  fridge schedule allday ruleset11,       !- Name
  {f7e22a19-f9df-4930-9896-3175da15ec8f}, !- Schedule Ruleset Name
  1,                                      !- Rule Order
  {ad8e6919-17f8-4a70-8f1f-dd58aad25745}, !- Day Schedule Name
  Yes,                                    !- Apply Sunday
  Yes,                                    !- Apply Monday
  Yes,                                    !- Apply Tuesday
  Yes,                                    !- Apply Wednesday
  Yes,                                    !- Apply Thursday
  Yes,                                    !- Apply Friday
  Yes,                                    !- Apply Saturday
  DateRange,                              !- Date Specification Type
  11,                                     !- Start Month
  1,                                      !- Start Day
  11,                                     !- End Month
  30;                                     !- End Day

OS:Schedule:Day,
  {ad8e6919-17f8-4a70-8f1f-dd58aad25745}, !- Handle
  fridge schedule allday11,               !- Name
  {6ada26ef-be23-44a6-9ac0-48fa5353139e}, !- Schedule Type Limits Name
  ,                                       !- Interpolate to Timestep
  1,                                      !- Hour 1
  0,                                      !- Minute 1
  0.675182481751825,                      !- Value Until Time 1
  2,                                      !- Hour 2
  0,                                      !- Minute 2
  0.658302919708029,                      !- Value Until Time 2
  3,                                      !- Hour 3
  0,                                      !- Minute 3
  0.641423357664234,                      !- Value Until Time 3
  4,                                      !- Hour 4
  0,                                      !- Minute 4
  0.624543795620438,                      !- Value Until Time 4
  6,                                      !- Hour 5
  0,                                      !- Minute 5
  0.607664233576642,                      !- Value Until Time 5
  7,                                      !- Hour 6
  0,                                      !- Minute 6
  0.641423357664234,                      !- Value Until Time 6
  8,                                      !- Hour 7
  0,                                      !- Minute 7
  0.675182481751825,                      !- Value Until Time 7
  10,                                     !- Hour 8
  0,                                      !- Minute 8
  0.69206204379562,                       !- Value Until Time 8
  12,                                     !- Hour 9
  0,                                      !- Minute 9
  0.675182481751825,                      !- Value Until Time 9
  15,                                     !- Hour 10
  0,                                      !- Minute 10
  0.708941605839416,                      !- Value Until Time 10
  16,                                     !- Hour 11
  0,                                      !- Minute 11
  0.69206204379562,                       !- Value Until Time 11
  17,                                     !- Hour 12
  0,                                      !- Minute 12
  0.742700729927007,                      !- Value Until Time 12
  18,                                     !- Hour 13
  0,                                      !- Minute 13
  0.81021897810219,                       !- Value Until Time 13
  19,                                     !- Hour 14
  0,                                      !- Minute 14
  0.843978102189781,                      !- Value Until Time 14
  20,                                     !- Hour 15
  0,                                      !- Minute 15
  0.81021897810219,                       !- Value Until Time 15
  21,                                     !- Hour 16
  0,                                      !- Minute 16
  0.793339416058394,                      !- Value Until Time 16
  22,                                     !- Hour 17
  0,                                      !- Minute 17
  0.776459854014598,                      !- Value Until Time 17
  23,                                     !- Hour 18
  0,                                      !- Minute 18
  0.742700729927007,                      !- Value Until Time 18
  24,                                     !- Hour 19
  0,                                      !- Minute 19
  0.69206204379562;                       !- Value Until Time 19

OS:Schedule:Rule,
  {194793d4-98fa-437e-8e85-1d971ed5c079}, !- Handle
  fridge schedule allday ruleset12,       !- Name
  {f7e22a19-f9df-4930-9896-3175da15ec8f}, !- Schedule Ruleset Name
  0,                                      !- Rule Order
  {d7839891-6e66-43e5-b84c-2c3be88b9ff2}, !- Day Schedule Name
  Yes,                                    !- Apply Sunday
  Yes,                                    !- Apply Monday
  Yes,                                    !- Apply Tuesday
  Yes,                                    !- Apply Wednesday
  Yes,                                    !- Apply Thursday
  Yes,                                    !- Apply Friday
  Yes,                                    !- Apply Saturday
  DateRange,                              !- Date Specification Type
  12,                                     !- Start Month
  1,                                      !- Start Day
  12,                                     !- End Month
  31;                                     !- End Day

OS:Schedule:Day,
  {d7839891-6e66-43e5-b84c-2c3be88b9ff2}, !- Handle
  fridge schedule allday12,               !- Name
  {6ada26ef-be23-44a6-9ac0-48fa5353139e}, !- Schedule Type Limits Name
  ,                                       !- Interpolate to Timestep
  1,                                      !- Hour 1
  0,                                      !- Minute 1
  0.610948905109489,                      !- Value Until Time 1
  2,                                      !- Hour 2
  0,                                      !- Minute 2
  0.595675182481752,                      !- Value Until Time 2
  3,                                      !- Hour 3
  0,                                      !- Minute 3
  0.580401459854014,                      !- Value Until Time 3
  4,                                      !- Hour 4
  0,                                      !- Minute 4
  0.565127737226277,                      !- Value Until Time 4
  6,                                      !- Hour 5
  0,                                      !- Minute 5
  0.54985401459854,                       !- Value Until Time 5
  7,                                      !- Hour 6
  0,                                      !- Minute 6
  0.580401459854014,                      !- Value Until Time 6
  8,                                      !- Hour 7
  0,                                      !- Minute 7
  0.610948905109489,                      !- Value Until Time 7
  10,                                     !- Hour 8
  0,                                      !- Minute 8
  0.626222627737226,                      !- Value Until Time 8
  12,                                     !- Hour 9
  0,                                      !- Minute 9
  0.610948905109489,                      !- Value Until Time 9
  15,                                     !- Hour 10
  0,                                      !- Minute 10
  0.641496350364963,                      !- Value Until Time 10
  16,                                     !- Hour 11
  0,                                      !- Minute 11
  0.626222627737226,                      !- Value Until Time 11
  17,                                     !- Hour 12
  0,                                      !- Minute 12
  0.672043795620438,                      !- Value Until Time 12
  18,                                     !- Hour 13
  0,                                      !- Minute 13
  0.733138686131387,                      !- Value Until Time 13
  19,                                     !- Hour 14
  0,                                      !- Minute 14
  0.763686131386861,                      !- Value Until Time 14
  20,                                     !- Hour 15
  0,                                      !- Minute 15
  0.733138686131387,                      !- Value Until Time 15
  21,                                     !- Hour 16
  0,                                      !- Minute 16
  0.717864963503649,                      !- Value Until Time 16
  22,                                     !- Hour 17
  0,                                      !- Minute 17
  0.702591240875912,                      !- Value Until Time 17
  23,                                     !- Hour 18
  0,                                      !- Minute 18
  0.672043795620438,                      !- Value Until Time 18
  24,                                     !- Hour 19
  0,                                      !- Minute 19
  0.626222627737226;                      !- Value Until Time 19

OS:ElectricEquipment:Definition,
  {fc68634c-c72e-4406-8812-e3b9dda23c57}, !- Handle
  fridge,                                 !- Name
  EquipmentLevel,                         !- Design Level Calculation Method
  109.031462537392,                       !- Design Level {W}
  ,                                       !- Watts per Space Floor Area {W/m2}
  ,                                       !- Watts per Person {W/person}
  0,                                      !- Fraction Latent
  0.6,                                    !- Fraction Radiant
  0;                                      !- Fraction Lost

OS:ElectricEquipment,
  {0ff894c2-e74c-4ec0-97e6-c82d3412f683}, !- Handle
  fridge,                                 !- Name
  {fc68634c-c72e-4406-8812-e3b9dda23c57}, !- Electric Equipment Definition Name
  {1671f505-4a93-4013-a313-0347ee079f4b}, !- Space or SpaceType Name
  {f7e22a19-f9df-4930-9896-3175da15ec8f}, !- Schedule Name
  ,                                       !- Multiplier
  fridge;                                 !- End-Use Subcategory

OS:Schedule:Ruleset,
  {f536ec31-cebb-484a-b2f3-b1fff6daadf1}, !- Handle
  freezer schedule,                       !- Name
  {6ada26ef-be23-44a6-9ac0-48fa5353139e}, !- Schedule Type Limits Name
  {80b500ba-66ca-48c3-8a84-46011064342b}; !- Default Day Schedule Name

OS:Schedule:Day,
  {80b500ba-66ca-48c3-8a84-46011064342b}, !- Handle
  freezer schedule default day,           !- Name
  {6ada26ef-be23-44a6-9ac0-48fa5353139e}, !- Schedule Type Limits Name
  ,                                       !- Interpolate to Timestep
  24,                                     !- Hour 1
  0,                                      !- Minute 1
  0;                                      !- Value Until Time 1

OS:Schedule:Rule,
  {f250ee59-926d-4cba-9b92-5157953e8eaf}, !- Handle
  freezer schedule allday ruleset1,       !- Name
  {f536ec31-cebb-484a-b2f3-b1fff6daadf1}, !- Schedule Ruleset Name
  6,                                      !- Rule Order
  {0884593d-6c3c-4512-a5c9-79d6b89e93ae}, !- Day Schedule Name
  Yes,                                    !- Apply Sunday
  Yes,                                    !- Apply Monday
  Yes,                                    !- Apply Tuesday
  Yes,                                    !- Apply Wednesday
  Yes,                                    !- Apply Thursday
  Yes,                                    !- Apply Friday
  Yes,                                    !- Apply Saturday
  DateRange,                              !- Date Specification Type
  1,                                      !- Start Month
  1,                                      !- Start Day
  1,                                      !- End Month
  31;                                     !- End Day

OS:Schedule:Day,
  {0884593d-6c3c-4512-a5c9-79d6b89e93ae}, !- Handle
  freezer schedule allday1,               !- Name
  {6ada26ef-be23-44a6-9ac0-48fa5353139e}, !- Schedule Type Limits Name
  ,                                       !- Interpolate to Timestep
  1,                                      !- Hour 1
  0,                                      !- Minute 1
  0.610948905109489,                      !- Value Until Time 1
  2,                                      !- Hour 2
  0,                                      !- Minute 2
  0.595675182481752,                      !- Value Until Time 2
  3,                                      !- Hour 3
  0,                                      !- Minute 3
  0.580401459854014,                      !- Value Until Time 3
  4,                                      !- Hour 4
  0,                                      !- Minute 4
  0.565127737226277,                      !- Value Until Time 4
  6,                                      !- Hour 5
  0,                                      !- Minute 5
  0.54985401459854,                       !- Value Until Time 5
  7,                                      !- Hour 6
  0,                                      !- Minute 6
  0.580401459854014,                      !- Value Until Time 6
  8,                                      !- Hour 7
  0,                                      !- Minute 7
  0.610948905109489,                      !- Value Until Time 7
  10,                                     !- Hour 8
  0,                                      !- Minute 8
  0.626222627737226,                      !- Value Until Time 8
  12,                                     !- Hour 9
  0,                                      !- Minute 9
  0.610948905109489,                      !- Value Until Time 9
  15,                                     !- Hour 10
  0,                                      !- Minute 10
  0.641496350364963,                      !- Value Until Time 10
  16,                                     !- Hour 11
  0,                                      !- Minute 11
  0.626222627737226,                      !- Value Until Time 11
  17,                                     !- Hour 12
  0,                                      !- Minute 12
  0.672043795620438,                      !- Value Until Time 12
  18,                                     !- Hour 13
  0,                                      !- Minute 13
  0.733138686131387,                      !- Value Until Time 13
  19,                                     !- Hour 14
  0,                                      !- Minute 14
  0.763686131386861,                      !- Value Until Time 14
  20,                                     !- Hour 15
  0,                                      !- Minute 15
  0.733138686131387,                      !- Value Until Time 15
  21,                                     !- Hour 16
  0,                                      !- Minute 16
  0.717864963503649,                      !- Value Until Time 16
  22,                                     !- Hour 17
  0,                                      !- Minute 17
  0.702591240875912,                      !- Value Until Time 17
  23,                                     !- Hour 18
  0,                                      !- Minute 18
  0.672043795620438,                      !- Value Until Time 18
  24,                                     !- Hour 19
  0,                                      !- Minute 19
  0.626222627737226;                      !- Value Until Time 19

OS:Schedule:Rule,
  {6576db22-15ad-44f7-906e-ce3b53ee2ff8}, !- Handle
  freezer schedule allday ruleset2,       !- Name
  {f536ec31-cebb-484a-b2f3-b1fff6daadf1}, !- Schedule Ruleset Name
  5,                                      !- Rule Order
  {7053e45e-a279-463e-877b-f567f32868a8}, !- Day Schedule Name
  Yes,                                    !- Apply Sunday
  Yes,                                    !- Apply Monday
  Yes,                                    !- Apply Tuesday
  Yes,                                    !- Apply Wednesday
  Yes,                                    !- Apply Thursday
  Yes,                                    !- Apply Friday
  Yes,                                    !- Apply Saturday
  DateRange,                              !- Date Specification Type
  2,                                      !- Start Month
  1,                                      !- Start Day
  2,                                      !- End Month
  28;                                     !- End Day

OS:Schedule:Day,
  {7053e45e-a279-463e-877b-f567f32868a8}, !- Handle
  freezer schedule allday2,               !- Name
  {6ada26ef-be23-44a6-9ac0-48fa5353139e}, !- Schedule Type Limits Name
  ,                                       !- Interpolate to Timestep
  1,                                      !- Hour 1
  0,                                      !- Minute 1
  0.60948905109489,                       !- Value Until Time 1
  2,                                      !- Hour 2
  0,                                      !- Minute 2
  0.594251824817518,                      !- Value Until Time 2
  3,                                      !- Hour 3
  0,                                      !- Minute 3
  0.579014598540146,                      !- Value Until Time 3
  4,                                      !- Hour 4
  0,                                      !- Minute 4
  0.563777372262774,                      !- Value Until Time 4
  6,                                      !- Hour 5
  0,                                      !- Minute 5
  0.548540145985401,                      !- Value Until Time 5
  7,                                      !- Hour 6
  0,                                      !- Minute 6
  0.579014598540146,                      !- Value Until Time 6
  8,                                      !- Hour 7
  0,                                      !- Minute 7
  0.60948905109489,                       !- Value Until Time 7
  10,                                     !- Hour 8
  0,                                      !- Minute 8
  0.624726277372263,                      !- Value Until Time 8
  12,                                     !- Hour 9
  0,                                      !- Minute 9
  0.60948905109489,                       !- Value Until Time 9
  15,                                     !- Hour 10
  0,                                      !- Minute 10
  0.639963503649635,                      !- Value Until Time 10
  16,                                     !- Hour 11
  0,                                      !- Minute 11
  0.624726277372263,                      !- Value Until Time 11
  17,                                     !- Hour 12
  0,                                      !- Minute 12
  0.670437956204379,                      !- Value Until Time 12
  18,                                     !- Hour 13
  0,                                      !- Minute 13
  0.731386861313868,                      !- Value Until Time 13
  19,                                     !- Hour 14
  0,                                      !- Minute 14
  0.761861313868613,                      !- Value Until Time 14
  20,                                     !- Hour 15
  0,                                      !- Minute 15
  0.731386861313868,                      !- Value Until Time 15
  21,                                     !- Hour 16
  0,                                      !- Minute 16
  0.716149635036496,                      !- Value Until Time 16
  22,                                     !- Hour 17
  0,                                      !- Minute 17
  0.700912408759124,                      !- Value Until Time 17
  23,                                     !- Hour 18
  0,                                      !- Minute 18
  0.670437956204379,                      !- Value Until Time 18
  24,                                     !- Hour 19
  0,                                      !- Minute 19
  0.624726277372263;                      !- Value Until Time 19

OS:Schedule:Rule,
  {9e5e1e6a-a294-4389-9039-ddda19e4ecd7}, !- Handle
  freezer schedule allday ruleset3,       !- Name
  {f536ec31-cebb-484a-b2f3-b1fff6daadf1}, !- Schedule Ruleset Name
  4,                                      !- Rule Order
  {490e9fa3-bdc6-4772-a042-4c1fb0dafb02}, !- Day Schedule Name
  Yes,                                    !- Apply Sunday
  Yes,                                    !- Apply Monday
  Yes,                                    !- Apply Tuesday
  Yes,                                    !- Apply Wednesday
  Yes,                                    !- Apply Thursday
  Yes,                                    !- Apply Friday
  Yes,                                    !- Apply Saturday
  DateRange,                              !- Date Specification Type
  3,                                      !- Start Month
  1,                                      !- Start Day
  5,                                      !- End Month
  31;                                     !- End Day

OS:Schedule:Day,
  {490e9fa3-bdc6-4772-a042-4c1fb0dafb02}, !- Handle
  freezer schedule allday3,               !- Name
  {6ada26ef-be23-44a6-9ac0-48fa5353139e}, !- Schedule Type Limits Name
  ,                                       !- Interpolate to Timestep
  1,                                      !- Hour 1
  0,                                      !- Minute 1
  0.791240875912409,                      !- Value Until Time 1
  2,                                      !- Hour 2
  0,                                      !- Minute 2
  0.771459854014598,                      !- Value Until Time 2
  3,                                      !- Hour 3
  0,                                      !- Minute 3
  0.751678832116788,                      !- Value Until Time 3
  4,                                      !- Hour 4
  0,                                      !- Minute 4
  0.731897810218978,                      !- Value Until Time 4
  6,                                      !- Hour 5
  0,                                      !- Minute 5
  0.712116788321168,                      !- Value Until Time 5
  7,                                      !- Hour 6
  0,                                      !- Minute 6
  0.751678832116788,                      !- Value Until Time 6
  8,                                      !- Hour 7
  0,                                      !- Minute 7
  0.791240875912409,                      !- Value Until Time 7
  10,                                     !- Hour 8
  0,                                      !- Minute 8
  0.811021897810219,                      !- Value Until Time 8
  12,                                     !- Hour 9
  0,                                      !- Minute 9
  0.791240875912409,                      !- Value Until Time 9
  15,                                     !- Hour 10
  0,                                      !- Minute 10
  0.830802919708029,                      !- Value Until Time 10
  16,                                     !- Hour 11
  0,                                      !- Minute 11
  0.811021897810219,                      !- Value Until Time 11
  17,                                     !- Hour 12
  0,                                      !- Minute 12
  0.87036496350365,                       !- Value Until Time 12
  18,                                     !- Hour 13
  0,                                      !- Minute 13
  0.949489051094891,                      !- Value Until Time 13
  19,                                     !- Hour 14
  0,                                      !- Minute 14
  0.989051094890511,                      !- Value Until Time 14
  20,                                     !- Hour 15
  0,                                      !- Minute 15
  0.949489051094891,                      !- Value Until Time 15
  21,                                     !- Hour 16
  0,                                      !- Minute 16
  0.92970802919708,                       !- Value Until Time 16
  22,                                     !- Hour 17
  0,                                      !- Minute 17
  0.90992700729927,                       !- Value Until Time 17
  23,                                     !- Hour 18
  0,                                      !- Minute 18
  0.87036496350365,                       !- Value Until Time 18
  24,                                     !- Hour 19
  0,                                      !- Minute 19
  0.811021897810219;                      !- Value Until Time 19

OS:Schedule:Rule,
  {87a50377-5fc1-400b-80e6-9859e764acdb}, !- Handle
  freezer schedule allday ruleset6,       !- Name
  {f536ec31-cebb-484a-b2f3-b1fff6daadf1}, !- Schedule Ruleset Name
  3,                                      !- Rule Order
  {2cdcaf3b-7995-4e99-96b1-8b54b080dc09}, !- Day Schedule Name
  Yes,                                    !- Apply Sunday
  Yes,                                    !- Apply Monday
  Yes,                                    !- Apply Tuesday
  Yes,                                    !- Apply Wednesday
  Yes,                                    !- Apply Thursday
  Yes,                                    !- Apply Friday
  Yes,                                    !- Apply Saturday
  DateRange,                              !- Date Specification Type
  6,                                      !- Start Month
  1,                                      !- Start Day
  9,                                      !- End Month
  30;                                     !- End Day

OS:Schedule:Day,
  {2cdcaf3b-7995-4e99-96b1-8b54b080dc09}, !- Handle
  freezer schedule allday6,               !- Name
  {6ada26ef-be23-44a6-9ac0-48fa5353139e}, !- Schedule Type Limits Name
  ,                                       !- Interpolate to Timestep
  1,                                      !- Hour 1
  0,                                      !- Minute 1
  0.8,                                    !- Value Until Time 1
  2,                                      !- Hour 2
  0,                                      !- Minute 2
  0.78,                                   !- Value Until Time 2
  3,                                      !- Hour 3
  0,                                      !- Minute 3
  0.76,                                   !- Value Until Time 3
  4,                                      !- Hour 4
  0,                                      !- Minute 4
  0.74,                                   !- Value Until Time 4
  6,                                      !- Hour 5
  0,                                      !- Minute 5
  0.72,                                   !- Value Until Time 5
  7,                                      !- Hour 6
  0,                                      !- Minute 6
  0.76,                                   !- Value Until Time 6
  8,                                      !- Hour 7
  0,                                      !- Minute 7
  0.8,                                    !- Value Until Time 7
  10,                                     !- Hour 8
  0,                                      !- Minute 8
  0.82,                                   !- Value Until Time 8
  12,                                     !- Hour 9
  0,                                      !- Minute 9
  0.8,                                    !- Value Until Time 9
  15,                                     !- Hour 10
  0,                                      !- Minute 10
  0.84,                                   !- Value Until Time 10
  16,                                     !- Hour 11
  0,                                      !- Minute 11
  0.82,                                   !- Value Until Time 11
  17,                                     !- Hour 12
  0,                                      !- Minute 12
  0.88,                                   !- Value Until Time 12
  18,                                     !- Hour 13
  0,                                      !- Minute 13
  0.96,                                   !- Value Until Time 13
  19,                                     !- Hour 14
  0,                                      !- Minute 14
  1,                                      !- Value Until Time 14
  20,                                     !- Hour 15
  0,                                      !- Minute 15
  0.96,                                   !- Value Until Time 15
  21,                                     !- Hour 16
  0,                                      !- Minute 16
  0.94,                                   !- Value Until Time 16
  22,                                     !- Hour 17
  0,                                      !- Minute 17
  0.92,                                   !- Value Until Time 17
  23,                                     !- Hour 18
  0,                                      !- Minute 18
  0.88,                                   !- Value Until Time 18
  24,                                     !- Hour 19
  0,                                      !- Minute 19
  0.82;                                   !- Value Until Time 19

OS:Schedule:Rule,
  {318e3367-3d83-4ab2-ace0-7c6dae30d36e}, !- Handle
  freezer schedule allday ruleset10,      !- Name
  {f536ec31-cebb-484a-b2f3-b1fff6daadf1}, !- Schedule Ruleset Name
  2,                                      !- Rule Order
  {6907c11c-fb22-405e-92be-5e8392c6efa3}, !- Day Schedule Name
  Yes,                                    !- Apply Sunday
  Yes,                                    !- Apply Monday
  Yes,                                    !- Apply Tuesday
  Yes,                                    !- Apply Wednesday
  Yes,                                    !- Apply Thursday
  Yes,                                    !- Apply Friday
  Yes,                                    !- Apply Saturday
  DateRange,                              !- Date Specification Type
  10,                                     !- Start Month
  1,                                      !- Start Day
  10,                                     !- End Month
  31;                                     !- End Day

OS:Schedule:Day,
  {6907c11c-fb22-405e-92be-5e8392c6efa3}, !- Handle
  freezer schedule allday10,              !- Name
  {6ada26ef-be23-44a6-9ac0-48fa5353139e}, !- Schedule Type Limits Name
  ,                                       !- Interpolate to Timestep
  1,                                      !- Hour 1
  0,                                      !- Minute 1
  0.67956204379562,                       !- Value Until Time 1
  2,                                      !- Hour 2
  0,                                      !- Minute 2
  0.66257299270073,                       !- Value Until Time 2
  3,                                      !- Hour 3
  0,                                      !- Minute 3
  0.645583941605839,                      !- Value Until Time 3
  4,                                      !- Hour 4
  0,                                      !- Minute 4
  0.628594890510949,                      !- Value Until Time 4
  6,                                      !- Hour 5
  0,                                      !- Minute 5
  0.611605839416058,                      !- Value Until Time 5
  7,                                      !- Hour 6
  0,                                      !- Minute 6
  0.645583941605839,                      !- Value Until Time 6
  8,                                      !- Hour 7
  0,                                      !- Minute 7
  0.67956204379562,                       !- Value Until Time 7
  10,                                     !- Hour 8
  0,                                      !- Minute 8
  0.696551094890511,                      !- Value Until Time 8
  12,                                     !- Hour 9
  0,                                      !- Minute 9
  0.67956204379562,                       !- Value Until Time 9
  15,                                     !- Hour 10
  0,                                      !- Minute 10
  0.713540145985401,                      !- Value Until Time 10
  16,                                     !- Hour 11
  0,                                      !- Minute 11
  0.696551094890511,                      !- Value Until Time 11
  17,                                     !- Hour 12
  0,                                      !- Minute 12
  0.747518248175182,                      !- Value Until Time 12
  18,                                     !- Hour 13
  0,                                      !- Minute 13
  0.815474452554744,                      !- Value Until Time 13
  19,                                     !- Hour 14
  0,                                      !- Minute 14
  0.849452554744526,                      !- Value Until Time 14
  20,                                     !- Hour 15
  0,                                      !- Minute 15
  0.815474452554744,                      !- Value Until Time 15
  21,                                     !- Hour 16
  0,                                      !- Minute 16
  0.798485401459854,                      !- Value Until Time 16
  22,                                     !- Hour 17
  0,                                      !- Minute 17
  0.781496350364963,                      !- Value Until Time 17
  23,                                     !- Hour 18
  0,                                      !- Minute 18
  0.747518248175182,                      !- Value Until Time 18
  24,                                     !- Hour 19
  0,                                      !- Minute 19
  0.696551094890511;                      !- Value Until Time 19

OS:Schedule:Rule,
  {58084a0d-b77e-4652-b6c0-40c46a540720}, !- Handle
  freezer schedule allday ruleset11,      !- Name
  {f536ec31-cebb-484a-b2f3-b1fff6daadf1}, !- Schedule Ruleset Name
  1,                                      !- Rule Order
  {3f989ff5-5158-4fa7-9b36-6ed57859c8ac}, !- Day Schedule Name
  Yes,                                    !- Apply Sunday
  Yes,                                    !- Apply Monday
  Yes,                                    !- Apply Tuesday
  Yes,                                    !- Apply Wednesday
  Yes,                                    !- Apply Thursday
  Yes,                                    !- Apply Friday
  Yes,                                    !- Apply Saturday
  DateRange,                              !- Date Specification Type
  11,                                     !- Start Month
  1,                                      !- Start Day
  11,                                     !- End Month
  30;                                     !- End Day

OS:Schedule:Day,
  {3f989ff5-5158-4fa7-9b36-6ed57859c8ac}, !- Handle
  freezer schedule allday11,              !- Name
  {6ada26ef-be23-44a6-9ac0-48fa5353139e}, !- Schedule Type Limits Name
  ,                                       !- Interpolate to Timestep
  1,                                      !- Hour 1
  0,                                      !- Minute 1
  0.675182481751825,                      !- Value Until Time 1
  2,                                      !- Hour 2
  0,                                      !- Minute 2
  0.658302919708029,                      !- Value Until Time 2
  3,                                      !- Hour 3
  0,                                      !- Minute 3
  0.641423357664234,                      !- Value Until Time 3
  4,                                      !- Hour 4
  0,                                      !- Minute 4
  0.624543795620438,                      !- Value Until Time 4
  6,                                      !- Hour 5
  0,                                      !- Minute 5
  0.607664233576642,                      !- Value Until Time 5
  7,                                      !- Hour 6
  0,                                      !- Minute 6
  0.641423357664234,                      !- Value Until Time 6
  8,                                      !- Hour 7
  0,                                      !- Minute 7
  0.675182481751825,                      !- Value Until Time 7
  10,                                     !- Hour 8
  0,                                      !- Minute 8
  0.69206204379562,                       !- Value Until Time 8
  12,                                     !- Hour 9
  0,                                      !- Minute 9
  0.675182481751825,                      !- Value Until Time 9
  15,                                     !- Hour 10
  0,                                      !- Minute 10
  0.708941605839416,                      !- Value Until Time 10
  16,                                     !- Hour 11
  0,                                      !- Minute 11
  0.69206204379562,                       !- Value Until Time 11
  17,                                     !- Hour 12
  0,                                      !- Minute 12
  0.742700729927007,                      !- Value Until Time 12
  18,                                     !- Hour 13
  0,                                      !- Minute 13
  0.81021897810219,                       !- Value Until Time 13
  19,                                     !- Hour 14
  0,                                      !- Minute 14
  0.843978102189781,                      !- Value Until Time 14
  20,                                     !- Hour 15
  0,                                      !- Minute 15
  0.81021897810219,                       !- Value Until Time 15
  21,                                     !- Hour 16
  0,                                      !- Minute 16
  0.793339416058394,                      !- Value Until Time 16
  22,                                     !- Hour 17
  0,                                      !- Minute 17
  0.776459854014598,                      !- Value Until Time 17
  23,                                     !- Hour 18
  0,                                      !- Minute 18
  0.742700729927007,                      !- Value Until Time 18
  24,                                     !- Hour 19
  0,                                      !- Minute 19
  0.69206204379562;                       !- Value Until Time 19

OS:Schedule:Rule,
  {c792ed31-af2c-4724-bf57-2e987e611721}, !- Handle
  freezer schedule allday ruleset12,      !- Name
  {f536ec31-cebb-484a-b2f3-b1fff6daadf1}, !- Schedule Ruleset Name
  0,                                      !- Rule Order
  {33caf2f9-326e-466e-baf9-70db0cc524df}, !- Day Schedule Name
  Yes,                                    !- Apply Sunday
  Yes,                                    !- Apply Monday
  Yes,                                    !- Apply Tuesday
  Yes,                                    !- Apply Wednesday
  Yes,                                    !- Apply Thursday
  Yes,                                    !- Apply Friday
  Yes,                                    !- Apply Saturday
  DateRange,                              !- Date Specification Type
  12,                                     !- Start Month
  1,                                      !- Start Day
  12,                                     !- End Month
  31;                                     !- End Day

OS:Schedule:Day,
  {33caf2f9-326e-466e-baf9-70db0cc524df}, !- Handle
  freezer schedule allday12,              !- Name
  {6ada26ef-be23-44a6-9ac0-48fa5353139e}, !- Schedule Type Limits Name
  ,                                       !- Interpolate to Timestep
  1,                                      !- Hour 1
  0,                                      !- Minute 1
  0.610948905109489,                      !- Value Until Time 1
  2,                                      !- Hour 2
  0,                                      !- Minute 2
  0.595675182481752,                      !- Value Until Time 2
  3,                                      !- Hour 3
  0,                                      !- Minute 3
  0.580401459854014,                      !- Value Until Time 3
  4,                                      !- Hour 4
  0,                                      !- Minute 4
  0.565127737226277,                      !- Value Until Time 4
  6,                                      !- Hour 5
  0,                                      !- Minute 5
  0.54985401459854,                       !- Value Until Time 5
  7,                                      !- Hour 6
  0,                                      !- Minute 6
  0.580401459854014,                      !- Value Until Time 6
  8,                                      !- Hour 7
  0,                                      !- Minute 7
  0.610948905109489,                      !- Value Until Time 7
  10,                                     !- Hour 8
  0,                                      !- Minute 8
  0.626222627737226,                      !- Value Until Time 8
  12,                                     !- Hour 9
  0,                                      !- Minute 9
  0.610948905109489,                      !- Value Until Time 9
  15,                                     !- Hour 10
  0,                                      !- Minute 10
  0.641496350364963,                      !- Value Until Time 10
  16,                                     !- Hour 11
  0,                                      !- Minute 11
  0.626222627737226,                      !- Value Until Time 11
  17,                                     !- Hour 12
  0,                                      !- Minute 12
  0.672043795620438,                      !- Value Until Time 12
  18,                                     !- Hour 13
  0,                                      !- Minute 13
  0.733138686131387,                      !- Value Until Time 13
  19,                                     !- Hour 14
  0,                                      !- Minute 14
  0.763686131386861,                      !- Value Until Time 14
  20,                                     !- Hour 15
  0,                                      !- Minute 15
  0.733138686131387,                      !- Value Until Time 15
  21,                                     !- Hour 16
  0,                                      !- Minute 16
  0.717864963503649,                      !- Value Until Time 16
  22,                                     !- Hour 17
  0,                                      !- Minute 17
  0.702591240875912,                      !- Value Until Time 17
  23,                                     !- Hour 18
  0,                                      !- Minute 18
  0.672043795620438,                      !- Value Until Time 18
  24,                                     !- Hour 19
  0,                                      !- Minute 19
  0.626222627737226;                      !- Value Until Time 19

OS:ElectricEquipment:Definition,
  {53e07f44-1ecb-4fd9-b713-d47c198a64f3}, !- Handle
  freezer,                                !- Name
  EquipmentLevel,                         !- Design Level Calculation Method
  47.9573463212955,                       !- Design Level {W}
  ,                                       !- Watts per Space Floor Area {W/m2}
  ,                                       !- Watts per Person {W/person}
  0,                                      !- Fraction Latent
  0.6,                                    !- Fraction Radiant
  0;                                      !- Fraction Lost

OS:ElectricEquipment,
  {861be1c0-70d2-4616-bea5-0f3b7ffa1256}, !- Handle
  freezer,                                !- Name
  {53e07f44-1ecb-4fd9-b713-d47c198a64f3}, !- Electric Equipment Definition Name
  {040c71e5-b10d-41bf-ae35-714bbcf46f8d}, !- Space or SpaceType Name
  {f536ec31-cebb-484a-b2f3-b1fff6daadf1}, !- Schedule Name
  ,                                       !- Multiplier
  freezer;                                !- End-Use Subcategory

OS:Schedule:File,
  {9c780239-08df-4c56-8b0f-487fb0beddbf}, !- Handle
  cooking_range,                          !- Name
  {6ada26ef-be23-44a6-9ac0-48fa5353139e}, !- Schedule Type Limits Name
  {1f0826e4-576c-4773-bdbc-45902bd14219}, !- External File Name
  4,                                      !- Column Number
  1,                                      !- Rows to Skip at Top
  8760,                                   !- Number of Hours of Data
  ,                                       !- Column Separator
  ,                                       !- Interpolate to Timestep
  15,                                     !- Minutes per Item
  ,                                       !- Adjust Schedule for Daylight Savings
  Yes;                                    !- Translate File With Relative Path

OS:ElectricEquipment:Definition,
  {f24c8467-28c7-48ef-8258-4f41f0f11682}, !- Handle
  cooking range,                          !- Name
  EquipmentLevel,                         !- Design Level Calculation Method
  2314.11769305026,                       !- Design Level {W}
  ,                                       !- Watts per Space Floor Area {W/m2}
  ,                                       !- Watts per Person {W/person}
  0.0799999999999999,                     !- Fraction Latent
  0.432,                                  !- Fraction Radiant
  0.2;                                    !- Fraction Lost

OS:ElectricEquipment,
  {5e35da08-a7dd-4cda-9863-e20d5ba64504}, !- Handle
  cooking range,                          !- Name
  {f24c8467-28c7-48ef-8258-4f41f0f11682}, !- Electric Equipment Definition Name
  {1671f505-4a93-4013-a313-0347ee079f4b}, !- Space or SpaceType Name
  {9c780239-08df-4c56-8b0f-487fb0beddbf}, !- Schedule Name
  ,                                       !- Multiplier
  cooking range;                          !- End-Use Subcategory

OS:Schedule:FixedInterval,
  {8a3304ca-0463-4842-8154-7945c34ad1e6}, !- Handle
  mains temperature schedule,             !- Name
  {a27b7a2e-565a-4128-9f7c-e8d63e16943a}, !- Schedule Type Limits Name
  ,                                       !- Translate to Schedule File
  ,                                       !- Interpolate to Timestep
  1440,                                   !- Interval Length {minutes}
  ,                                       !- Out Of Range Value
  1,                                      !- Start Month
  1,                                      !- Start Day
  8.32,                                   !- Value 1
  8.24833333333333,                       !- Value 2
  8.17722222222222,                       !- Value 3
  8.10777777777778,                       !- Value 4
  8.04,                                   !- Value 5
  7.97333333333333,                       !- Value 6
  7.90833333333333,                       !- Value 7
  7.84444444444444,                       !- Value 8
  7.78222222222222,                       !- Value 9
  7.72166666666667,                       !- Value 10
  7.66222222222222,                       !- Value 11
  7.60444444444445,                       !- Value 12
  7.54833333333333,                       !- Value 13
  7.49333333333333,                       !- Value 14
  7.44055555555556,                       !- Value 15
  7.38888888888889,                       !- Value 16
  7.33888888888889,                       !- Value 17
  7.29111111111111,                       !- Value 18
  7.24444444444444,                       !- Value 19
  7.19944444444445,                       !- Value 20
  7.15611111111111,                       !- Value 21
  7.11444444444444,                       !- Value 22
  7.07444444444445,                       !- Value 23
  7.03611111111111,                       !- Value 24
  6.99944444444444,                       !- Value 25
  6.96444444444445,                       !- Value 26
  6.93166666666666,                       !- Value 27
  6.9,                                    !- Value 28
  6.87055555555555,                       !- Value 29
  6.84277777777778,                       !- Value 30
  6.81666666666667,                       !- Value 31
  6.79222222222222,                       !- Value 32
  6.76944444444445,                       !- Value 33
  6.74888888888889,                       !- Value 34
  6.73,                                   !- Value 35
  6.71277777777778,                       !- Value 36
  6.69722222222222,                       !- Value 37
  6.68388888888889,                       !- Value 38
  6.67166666666667,                       !- Value 39
  6.66222222222222,                       !- Value 40
  6.65388888888889,                       !- Value 41
  6.64777777777778,                       !- Value 42
  6.64333333333333,                       !- Value 43
  6.64055555555556,                       !- Value 44
  6.63944444444444,                       !- Value 45
  6.64055555555556,                       !- Value 46
  6.64333333333333,                       !- Value 47
  6.64777777777778,                       !- Value 48
  6.65444444444445,                       !- Value 49
  6.66277777777778,                       !- Value 50
  6.67277777777778,                       !- Value 51
  6.685,                                  !- Value 52
  6.69833333333333,                       !- Value 53
  6.71388888888889,                       !- Value 54
  6.73166666666666,                       !- Value 55
  6.75055555555556,                       !- Value 56
  6.77166666666667,                       !- Value 57
  6.79444444444444,                       !- Value 58
  6.81888888888889,                       !- Value 59
  6.845,                                  !- Value 60
  6.87277777777778,                       !- Value 61
  6.90277777777778,                       !- Value 62
  6.93444444444444,                       !- Value 63
  6.96777777777778,                       !- Value 64
  7.00277777777778,                       !- Value 65
  7.03944444444444,                       !- Value 66
  7.07777777777778,                       !- Value 67
  7.11777777777778,                       !- Value 68
  7.15944444444444,                       !- Value 69
  7.20333333333333,                       !- Value 70
  7.24833333333333,                       !- Value 71
  7.295,                                  !- Value 72
  7.34333333333334,                       !- Value 73
  7.39333333333333,                       !- Value 74
  7.445,                                  !- Value 75
  7.49833333333333,                       !- Value 76
  7.55333333333333,                       !- Value 77
  7.60944444444445,                       !- Value 78
  7.66722222222222,                       !- Value 79
  7.72666666666667,                       !- Value 80
  7.78777777777778,                       !- Value 81
  7.85,                                   !- Value 82
  7.91388888888889,                       !- Value 83
  7.97888888888889,                       !- Value 84
  8.04611111111111,                       !- Value 85
  8.11388888888889,                       !- Value 86
  8.18333333333333,                       !- Value 87
  8.25444444444444,                       !- Value 88
  8.32666666666667,                       !- Value 89
  8.4,                                    !- Value 90
  8.475,                                  !- Value 91
  8.55111111111111,                       !- Value 92
  8.62833333333333,                       !- Value 93
  8.70722222222222,                       !- Value 94
  8.78722222222222,                       !- Value 95
  8.86833333333333,                       !- Value 96
  8.95055555555555,                       !- Value 97
  9.03388888888889,                       !- Value 98
  9.11833333333333,                       !- Value 99
  9.20388888888889,                       !- Value 100
  9.29055555555555,                       !- Value 101
  9.37777777777778,                       !- Value 102
  9.46666666666667,                       !- Value 103
  9.55611111111111,                       !- Value 104
  9.64722222222222,                       !- Value 105
  9.73833333333334,                       !- Value 106
  9.83111111111111,                       !- Value 107
  9.92444444444444,                       !- Value 108
  10.0183333333333,                       !- Value 109
  10.1133333333333,                       !- Value 110
  10.2094444444444,                       !- Value 111
  10.3061111111111,                       !- Value 112
  10.4033333333333,                       !- Value 113
  10.5011111111111,                       !- Value 114
  10.6,                                   !- Value 115
  10.6994444444444,                       !- Value 116
  10.7994444444444,                       !- Value 117
  10.9,                                   !- Value 118
  11.0011111111111,                       !- Value 119
  11.1027777777778,                       !- Value 120
  11.205,                                 !- Value 121
  11.3077777777778,                       !- Value 122
  11.4105555555556,                       !- Value 123
  11.5144444444444,                       !- Value 124
  11.6183333333333,                       !- Value 125
  11.7222222222222,                       !- Value 126
  11.8272222222222,                       !- Value 127
  11.9316666666667,                       !- Value 128
  12.0372222222222,                       !- Value 129
  12.1422222222222,                       !- Value 130
  12.2477777777778,                       !- Value 131
  12.3533333333333,                       !- Value 132
  12.4594444444444,                       !- Value 133
  12.5655555555556,                       !- Value 134
  12.6711111111111,                       !- Value 135
  12.7772222222222,                       !- Value 136
  12.8833333333333,                       !- Value 137
  12.9894444444444,                       !- Value 138
  13.0955555555556,                       !- Value 139
  13.2011111111111,                       !- Value 140
  13.3072222222222,                       !- Value 141
  13.4127777777778,                       !- Value 142
  13.5183333333333,                       !- Value 143
  13.6233333333333,                       !- Value 144
  13.7283333333333,                       !- Value 145
  13.8327777777778,                       !- Value 146
  13.9372222222222,                       !- Value 147
  14.0416666666667,                       !- Value 148
  14.145,                                 !- Value 149
  14.2483333333333,                       !- Value 150
  14.3511111111111,                       !- Value 151
  14.4538888888889,                       !- Value 152
  14.5555555555556,                       !- Value 153
  14.6572222222222,                       !- Value 154
  14.7577777777778,                       !- Value 155
  14.8583333333333,                       !- Value 156
  14.9577777777778,                       !- Value 157
  15.0566666666667,                       !- Value 158
  15.1555555555556,                       !- Value 159
  15.2527777777778,                       !- Value 160
  15.35,                                  !- Value 161
  15.4461111111111,                       !- Value 162
  15.5416666666667,                       !- Value 163
  15.6361111111111,                       !- Value 164
  15.73,                                  !- Value 165
  15.8227777777778,                       !- Value 166
  15.9144444444444,                       !- Value 167
  16.0055555555556,                       !- Value 168
  16.0961111111111,                       !- Value 169
  16.185,                                 !- Value 170
  16.2733333333333,                       !- Value 171
  16.36,                                  !- Value 172
  16.4461111111111,                       !- Value 173
  16.5311111111111,                       !- Value 174
  16.615,                                 !- Value 175
  16.6977777777778,                       !- Value 176
  16.7794444444444,                       !- Value 177
  16.86,                                  !- Value 178
  16.9388888888889,                       !- Value 179
  17.0172222222222,                       !- Value 180
  17.0938888888889,                       !- Value 181
  17.1694444444444,                       !- Value 182
  17.2433333333333,                       !- Value 183
  17.3166666666667,                       !- Value 184
  17.3877777777778,                       !- Value 185
  17.4583333333333,                       !- Value 186
  17.5266666666667,                       !- Value 187
  17.5944444444444,                       !- Value 188
  17.66,                                  !- Value 189
  17.725,                                 !- Value 190
  17.7877777777778,                       !- Value 191
  17.8494444444444,                       !- Value 192
  17.9094444444444,                       !- Value 193
  17.9683333333333,                       !- Value 194
  18.025,                                 !- Value 195
  18.0805555555556,                       !- Value 196
  18.1344444444444,                       !- Value 197
  18.1872222222222,                       !- Value 198
  18.2377777777778,                       !- Value 199
  18.2866666666667,                       !- Value 200
  18.3344444444444,                       !- Value 201
  18.3805555555556,                       !- Value 202
  18.4244444444444,                       !- Value 203
  18.4672222222222,                       !- Value 204
  18.5083333333333,                       !- Value 205
  18.5472222222222,                       !- Value 206
  18.585,                                 !- Value 207
  18.6205555555556,                       !- Value 208
  18.655,                                 !- Value 209
  18.6872222222222,                       !- Value 210
  18.7177777777778,                       !- Value 211
  18.7466666666667,                       !- Value 212
  18.7738888888889,                       !- Value 213
  18.7988888888889,                       !- Value 214
  18.8227777777778,                       !- Value 215
  18.8444444444444,                       !- Value 216
  18.8644444444444,                       !- Value 217
  18.8822222222222,                       !- Value 218
  18.8988888888889,                       !- Value 219
  18.9133333333333,                       !- Value 220
  18.9261111111111,                       !- Value 221
  18.9372222222222,                       !- Value 222
  18.9461111111111,                       !- Value 223
  18.9533333333333,                       !- Value 224
  18.9588888888889,                       !- Value 225
  18.9627777777778,                       !- Value 226
  18.9644444444444,                       !- Value 227
  18.9644444444444,                       !- Value 228
  18.9627777777778,                       !- Value 229
  18.9594444444444,                       !- Value 230
  18.9538888888889,                       !- Value 231
  18.9466666666667,                       !- Value 232
  18.9372222222222,                       !- Value 233
  18.9266666666667,                       !- Value 234
  18.9138888888889,                       !- Value 235
  18.8994444444444,                       !- Value 236
  18.8827777777778,                       !- Value 237
  18.8644444444444,                       !- Value 238
  18.845,                                 !- Value 239
  18.8227777777778,                       !- Value 240
  18.7994444444444,                       !- Value 241
  18.7744444444444,                       !- Value 242
  18.7472222222222,                       !- Value 243
  18.7183333333333,                       !- Value 244
  18.6877777777778,                       !- Value 245
  18.6555555555556,                       !- Value 246
  18.6216666666667,                       !- Value 247
  18.5855555555556,                       !- Value 248
  18.5483333333333,                       !- Value 249
  18.5088888888889,                       !- Value 250
  18.4683333333333,                       !- Value 251
  18.4255555555556,                       !- Value 252
  18.3816666666667,                       !- Value 253
  18.3355555555556,                       !- Value 254
  18.2883333333333,                       !- Value 255
  18.2388888888889,                       !- Value 256
  18.1883333333333,                       !- Value 257
  18.1361111111111,                       !- Value 258
  18.0822222222222,                       !- Value 259
  18.0266666666667,                       !- Value 260
  17.9694444444444,                       !- Value 261
  17.9111111111111,                       !- Value 262
  17.8511111111111,                       !- Value 263
  17.7894444444444,                       !- Value 264
  17.7261111111111,                       !- Value 265
  17.6616666666667,                       !- Value 266
  17.5955555555556,                       !- Value 267
  17.5283333333333,                       !- Value 268
  17.4594444444444,                       !- Value 269
  17.3894444444444,                       !- Value 270
  17.3183333333333,                       !- Value 271
  17.245,                                 !- Value 272
  17.1711111111111,                       !- Value 273
  17.0955555555556,                       !- Value 274
  17.0188888888889,                       !- Value 275
  16.9411111111111,                       !- Value 276
  16.8616666666667,                       !- Value 277
  16.7816666666667,                       !- Value 278
  16.7,                                   !- Value 279
  16.6172222222222,                       !- Value 280
  16.5333333333333,                       !- Value 281
  16.4483333333333,                       !- Value 282
  16.3622222222222,                       !- Value 283
  16.275,                                 !- Value 284
  16.1872222222222,                       !- Value 285
  16.0977777777778,                       !- Value 286
  16.0077777777778,                       !- Value 287
  15.9166666666667,                       !- Value 288
  15.825,                                 !- Value 289
  15.7322222222222,                       !- Value 290
  15.6383333333333,                       !- Value 291
  15.5438888888889,                       !- Value 292
  15.4483333333333,                       !- Value 293
  15.3522222222222,                       !- Value 294
  15.255,                                 !- Value 295
  15.1577777777778,                       !- Value 296
  15.0594444444444,                       !- Value 297
  14.96,                                  !- Value 298
  14.8605555555556,                       !- Value 299
  14.7605555555556,                       !- Value 300
  14.6594444444444,                       !- Value 301
  14.5583333333333,                       !- Value 302
  14.4561111111111,                       !- Value 303
  14.3538888888889,                       !- Value 304
  14.2511111111111,                       !- Value 305
  14.1477777777778,                       !- Value 306
  14.0438888888889,                       !- Value 307
  13.94,                                  !- Value 308
  13.8355555555556,                       !- Value 309
  13.7305555555556,                       !- Value 310
  13.6261111111111,                       !- Value 311
  13.5205555555556,                       !- Value 312
  13.415,                                 !- Value 313
  13.3094444444444,                       !- Value 314
  13.2038888888889,                       !- Value 315
  13.0977777777778,                       !- Value 316
  12.9922222222222,                       !- Value 317
  12.8861111111111,                       !- Value 318
  12.78,                                  !- Value 319
  12.6738888888889,                       !- Value 320
  12.5677777777778,                       !- Value 321
  12.4616666666667,                       !- Value 322
  12.3561111111111,                       !- Value 323
  12.2505555555556,                       !- Value 324
  12.145,                                 !- Value 325
  12.0394444444444,                       !- Value 326
  11.9344444444444,                       !- Value 327
  11.8294444444444,                       !- Value 328
  11.725,                                 !- Value 329
  11.6205555555556,                       !- Value 330
  11.5166666666667,                       !- Value 331
  11.4133333333333,                       !- Value 332
  11.31,                                  !- Value 333
  11.2072222222222,                       !- Value 334
  11.105,                                 !- Value 335
  11.0033333333333,                       !- Value 336
  10.9022222222222,                       !- Value 337
  10.8016666666667,                       !- Value 338
  10.7016666666667,                       !- Value 339
  10.6022222222222,                       !- Value 340
  10.5038888888889,                       !- Value 341
  10.4055555555556,                       !- Value 342
  10.3083333333333,                       !- Value 343
  10.2116666666667,                       !- Value 344
  10.1161111111111,                       !- Value 345
  10.0205555555556,                       !- Value 346
  9.92666666666667,                       !- Value 347
  9.83333333333333,                       !- Value 348
  9.74055555555556,                       !- Value 349
  9.64888888888889,                       !- Value 350
  9.55833333333333,                       !- Value 351
  9.46888888888889,                       !- Value 352
  9.38,                                   !- Value 353
  9.29222222222222,                       !- Value 354
  9.20555555555556,                       !- Value 355
  9.12,                                   !- Value 356
  9.03555555555556,                       !- Value 357
  8.95222222222222,                       !- Value 358
  8.87,                                   !- Value 359
  8.78888888888889,                       !- Value 360
  8.70888888888889,                       !- Value 361
  8.63055555555555,                       !- Value 362
  8.55277777777778,                       !- Value 363
  8.47666666666667,                       !- Value 364
  8.40166666666667;                       !- Value 365

OS:Site:WaterMainsTemperature,
  {a82268be-7938-4c2c-aa8e-b6e78f8518be}, !- Handle
  Schedule,                               !- Calculation Method
  {8a3304ca-0463-4842-8154-7945c34ad1e6}; !- Temperature Schedule Name

OS:Schedule:Constant,
  {f2cf31b9-041a-40cb-83b5-7c25cb4ee1ed}, !- Handle
  mixed water temperature schedule,       !- Name
  {a27b7a2e-565a-4128-9f7c-e8d63e16943a}, !- Schedule Type Limits Name
  40.5555555555556;                       !- Value

OS:Schedule:File,
  {a34fddb5-34c0-46b5-8176-aedee2435008}, !- Handle
  hot_water_fixtures,                     !- Name
  {6ada26ef-be23-44a6-9ac0-48fa5353139e}, !- Schedule Type Limits Name
  {1f0826e4-576c-4773-bdbc-45902bd14219}, !- External File Name
  13,                                     !- Column Number
  1,                                      !- Rows to Skip at Top
  8760,                                   !- Number of Hours of Data
  ,                                       !- Column Separator
  ,                                       !- Interpolate to Timestep
  15,                                     !- Minutes per Item
  ,                                       !- Adjust Schedule for Daylight Savings
  Yes;                                    !- Translate File With Relative Path

OS:WaterUse:Equipment:Definition,
  {154f5224-750b-416d-b9e8-802091c6c8cf}, !- Handle
  dhw fixtures,                           !- Name
  dhw fixtures,                           !- End-Use Subcategory
  3.56384946062088e-05,                   !- Peak Flow Rate {m3/s}
  {f2cf31b9-041a-40cb-83b5-7c25cb4ee1ed}; !- Target Temperature Schedule Name

OS:WaterUse:Equipment,
  {2e87dc81-ec63-4617-baf2-bc9f9f2c4cc7}, !- Handle
  dhw fixtures,                           !- Name
  {154f5224-750b-416d-b9e8-802091c6c8cf}, !- Water Use Equipment Definition Name
  ,                                       !- Space Name
  {a34fddb5-34c0-46b5-8176-aedee2435008}; !- Flow Rate Fraction Schedule Name

OS:WaterUse:Equipment:Definition,
  {e3912f9e-ecc9-4d55-8a9a-ab7fe54db5e3}, !- Handle
  dhw distribution waste,                 !- Name
  dhw distribution waste,                 !- End-Use Subcategory
  1.36886264954946e-05,                   !- Peak Flow Rate {m3/s}
  {f2cf31b9-041a-40cb-83b5-7c25cb4ee1ed}; !- Target Temperature Schedule Name

OS:WaterUse:Equipment,
  {7c4c43aa-6294-4e67-9ae9-ed7e6be40e22}, !- Handle
  dhw distribution waste,                 !- Name
  {e3912f9e-ecc9-4d55-8a9a-ab7fe54db5e3}, !- Water Use Equipment Definition Name
  ,                                       !- Space Name
  {a34fddb5-34c0-46b5-8176-aedee2435008}; !- Flow Rate Fraction Schedule Name

OS:Schedule:File,
  {0a9cd577-b7d2-4d4f-8f6a-dfa67895c1b8}, !- Handle
  hot_water_clothes_washer,               !- Name
  {6ada26ef-be23-44a6-9ac0-48fa5353139e}, !- Schedule Type Limits Name
  {1f0826e4-576c-4773-bdbc-45902bd14219}, !- External File Name
  12,                                     !- Column Number
  1,                                      !- Rows to Skip at Top
  8760,                                   !- Number of Hours of Data
  ,                                       !- Column Separator
  ,                                       !- Interpolate to Timestep
  15,                                     !- Minutes per Item
  ,                                       !- Adjust Schedule for Daylight Savings
  Yes;                                    !- Translate File With Relative Path

OS:WaterUse:Equipment:Definition,
  {24d5c316-fa42-4921-8e00-beb45869871f}, !- Handle
  clothes washer,                         !- Name
  clothes washer,                         !- End-Use Subcategory
  1.1939918424443e-05;                    !- Peak Flow Rate {m3/s}

OS:WaterUse:Equipment,
  {b5ba0376-d91f-4cbf-8c4f-99295baede19}, !- Handle
  clothes washer,                         !- Name
  {24d5c316-fa42-4921-8e00-beb45869871f}, !- Water Use Equipment Definition Name
  ,                                       !- Space Name
  {0a9cd577-b7d2-4d4f-8f6a-dfa67895c1b8}; !- Flow Rate Fraction Schedule Name

OS:Schedule:File,
  {5bad499b-04e9-464f-83ea-b6f538e64154}, !- Handle
  hot_water_dishwasher,                   !- Name
  {6ada26ef-be23-44a6-9ac0-48fa5353139e}, !- Schedule Type Limits Name
  {1f0826e4-576c-4773-bdbc-45902bd14219}, !- External File Name
  11,                                     !- Column Number
  1,                                      !- Rows to Skip at Top
  8760,                                   !- Number of Hours of Data
  ,                                       !- Column Separator
  ,                                       !- Interpolate to Timestep
  15,                                     !- Minutes per Item
  ,                                       !- Adjust Schedule for Daylight Savings
  Yes;                                    !- Translate File With Relative Path

OS:WaterUse:Equipment:Definition,
  {acafb916-a972-4d9a-9f62-f64556c14ce2}, !- Handle
  dishwasher,                             !- Name
  dishwasher,                             !- End-Use Subcategory
  7.76342193212064e-06;                   !- Peak Flow Rate {m3/s}

OS:WaterUse:Equipment,
  {286ad52c-6805-462a-9c85-b1fac7388c2a}, !- Handle
  dishwasher,                             !- Name
  {acafb916-a972-4d9a-9f62-f64556c14ce2}, !- Water Use Equipment Definition Name
  ,                                       !- Space Name
  {5bad499b-04e9-464f-83ea-b6f538e64154}; !- Flow Rate Fraction Schedule Name

OS:OtherEquipment:Definition,
  {4a128dca-e4e5-4679-9fa0-4ff21990a772}, !- Handle
  water sensible,                         !- Name
  EquipmentLevel,                         !- Design Level Calculation Method
  -591.911218622266,                      !- Design Level {W}
  ,                                       !- Watts per Space Floor Area {W/m2}
  ,                                       !- Watts per Person {W/Person}
  0,                                      !- Fraction Latent
  0.6,                                    !- Fraction Radiant
  0;                                      !- Fraction Lost

OS:OtherEquipment,
  {786e9d3f-b953-4885-927b-4eec1a52c8b8}, !- Handle
  water sensible,                         !- Name
  {4a128dca-e4e5-4679-9fa0-4ff21990a772}, !- Other Equipment Definition Name
  {1671f505-4a93-4013-a313-0347ee079f4b}, !- Space or SpaceType Name
  {a34fddb5-34c0-46b5-8176-aedee2435008}, !- Schedule Name
  ,                                       !- Multiplier
  None,                                   !- Fuel Type
  water sensible;                         !- End-Use Subcategory

OS:OtherEquipment:Definition,
  {b0b7e538-73f6-4f6d-aa2e-cb7f1c573668}, !- Handle
  water latent,                           !- Name
  EquipmentLevel,                         !- Design Level Calculation Method
  600.594512782984,                       !- Design Level {W}
  ,                                       !- Watts per Space Floor Area {W/m2}
  ,                                       !- Watts per Person {W/Person}
  1,                                      !- Fraction Latent
  0,                                      !- Fraction Radiant
  0;                                      !- Fraction Lost

OS:OtherEquipment,
  {4b92a55b-ffe3-4f84-9303-f2b053f29539}, !- Handle
  water latent,                           !- Name
  {b0b7e538-73f6-4f6d-aa2e-cb7f1c573668}, !- Other Equipment Definition Name
  {1671f505-4a93-4013-a313-0347ee079f4b}, !- Space or SpaceType Name
  {a34fddb5-34c0-46b5-8176-aedee2435008}, !- Schedule Name
  ,                                       !- Multiplier
  None,                                   !- Fuel Type
  water latent;                           !- End-Use Subcategory

OS:Schedule:File,
  {c3255e67-9c52-4a0b-a21d-5f026da63e9e}, !- Handle
  plug_loads_other,                       !- Name
  {6ada26ef-be23-44a6-9ac0-48fa5353139e}, !- Schedule Type Limits Name
  {1f0826e4-576c-4773-bdbc-45902bd14219}, !- External File Name
  9,                                      !- Column Number
  1,                                      !- Rows to Skip at Top
  8760,                                   !- Number of Hours of Data
  ,                                       !- Column Separator
  ,                                       !- Interpolate to Timestep
  15,                                     !- Minutes per Item
  ,                                       !- Adjust Schedule for Daylight Savings
  Yes;                                    !- Translate File With Relative Path

OS:ElectricEquipment:Definition,
  {8dba5b28-a3a8-4ab8-b4f6-579bd6d338f2}, !- Handle
  misc plug loads,                        !- Name
  EquipmentLevel,                         !- Design Level Calculation Method
  428.613094202095,                       !- Design Level {W}
  ,                                       !- Watts per Space Floor Area {W/m2}
  ,                                       !- Watts per Person {W/person}
  0.021,                                  !- Fraction Latent
  0.558,                                  !- Fraction Radiant
  0.0489999999999999;                     !- Fraction Lost

OS:ElectricEquipment,
  {2aa655e7-4859-40a5-9b42-5966ad156c1b}, !- Handle
  misc plug loads,                        !- Name
  {8dba5b28-a3a8-4ab8-b4f6-579bd6d338f2}, !- Electric Equipment Definition Name
  {1671f505-4a93-4013-a313-0347ee079f4b}, !- Space or SpaceType Name
  {c3255e67-9c52-4a0b-a21d-5f026da63e9e}, !- Schedule Name
  ,                                       !- Multiplier
  misc plug loads;                        !- End-Use Subcategory

OS:Schedule:Ruleset,
  {8926e978-cec4-4dba-a45b-6f59ec8b9cfe}, !- Handle
  misc well pump schedule,                !- Name
  {6ada26ef-be23-44a6-9ac0-48fa5353139e}, !- Schedule Type Limits Name
  {cf8c4f1e-e3e6-4cdb-b84b-3f8fe1d05bd6}; !- Default Day Schedule Name

OS:Schedule:Day,
  {cf8c4f1e-e3e6-4cdb-b84b-3f8fe1d05bd6}, !- Handle
  misc well pump schedule default day,    !- Name
  {6ada26ef-be23-44a6-9ac0-48fa5353139e}, !- Schedule Type Limits Name
  ,                                       !- Interpolate to Timestep
  24,                                     !- Hour 1
  0,                                      !- Minute 1
  0;                                      !- Value Until Time 1

OS:Schedule:Rule,
  {fed36434-e06e-496b-bc52-c29294322404}, !- Handle
  misc well pump schedule allday ruleset1, !- Name
  {8926e978-cec4-4dba-a45b-6f59ec8b9cfe}, !- Schedule Ruleset Name
  10,                                     !- Rule Order
  {df2c0140-796d-4dd0-a937-44111ee7bb22}, !- Day Schedule Name
  Yes,                                    !- Apply Sunday
  Yes,                                    !- Apply Monday
  Yes,                                    !- Apply Tuesday
  Yes,                                    !- Apply Wednesday
  Yes,                                    !- Apply Thursday
  Yes,                                    !- Apply Friday
  Yes,                                    !- Apply Saturday
  DateRange,                              !- Date Specification Type
  1,                                      !- Start Month
  1,                                      !- Start Day
  1,                                      !- End Month
  31;                                     !- End Day

OS:Schedule:Day,
  {df2c0140-796d-4dd0-a937-44111ee7bb22}, !- Handle
  misc well pump schedule allday1,        !- Name
  {6ada26ef-be23-44a6-9ac0-48fa5353139e}, !- Schedule Type Limits Name
  ,                                       !- Interpolate to Timestep
  1,                                      !- Hour 1
  0,                                      !- Minute 1
  0.50854315646095,                       !- Value Until Time 1
  2,                                      !- Hour 2
  0,                                      !- Minute 2
  0.265829377240951,                      !- Value Until Time 2
  3,                                      !- Hour 3
  0,                                      !- Minute 3
  0.219598181199047,                      !- Value Until Time 3
  4,                                      !- Hour 4
  0,                                      !- Minute 4
  0.173366985157142,                      !- Value Until Time 4
  5,                                      !- Hour 5
  0,                                      !- Minute 5
  0.184924784167618,                      !- Value Until Time 5
  6,                                      !- Hour 6
  0,                                      !- Minute 6
  0.20804038218857,                       !- Value Until Time 6
  7,                                      !- Hour 7
  0,                                      !- Minute 7
  0.300502774272379,                      !- Value Until Time 7
  9,                                      !- Hour 8
  0,                                      !- Minute 8
  0.381407367345712,                      !- Value Until Time 8
  10,                                     !- Hour 9
  0,                                      !- Minute 9
  0.369849568335236,                      !- Value Until Time 9
  12,                                     !- Hour 10
  0,                                      !- Minute 10
  0.381407367345712,                      !- Value Until Time 10
  15,                                     !- Hour 11
  0,                                      !- Minute 11
  0.369849568335236,                      !- Value Until Time 11
  16,                                     !- Hour 12
  0,                                      !- Minute 12
  0.381407367345712,                      !- Value Until Time 12
  17,                                     !- Hour 13
  0,                                      !- Minute 13
  0.520100955471426,                      !- Value Until Time 13
  18,                                     !- Hour 14
  0,                                      !- Minute 14
  0.65879454359714,                       !- Value Until Time 14
  19,                                     !- Hour 15
  0,                                      !- Minute 15
  0.762814734691425,                      !- Value Until Time 15
  20,                                     !- Hour 16
  0,                                      !- Minute 16
  0.878392724796186,                      !- Value Until Time 16
  21,                                     !- Hour 17
  0,                                      !- Minute 17
  0.936181719848567,                      !- Value Until Time 17
  22,                                     !- Hour 18
  0,                                      !- Minute 18
  0.993970714900947,                      !- Value Until Time 18
  23,                                     !- Hour 19
  0,                                      !- Minute 19
  0.86683492578571,                       !- Value Until Time 19
  24,                                     !- Hour 20
  0,                                      !- Minute 20
  0.751256935680949;                      !- Value Until Time 20

OS:Schedule:Rule,
  {e76f0394-d81d-417a-a05b-65988bebb6f1}, !- Handle
  misc well pump schedule allday ruleset2, !- Name
  {8926e978-cec4-4dba-a45b-6f59ec8b9cfe}, !- Schedule Ruleset Name
  9,                                      !- Rule Order
  {370c1088-5d8c-48e9-ac93-cae99d7bd179}, !- Day Schedule Name
  Yes,                                    !- Apply Sunday
  Yes,                                    !- Apply Monday
  Yes,                                    !- Apply Tuesday
  Yes,                                    !- Apply Wednesday
  Yes,                                    !- Apply Thursday
  Yes,                                    !- Apply Friday
  Yes,                                    !- Apply Saturday
  DateRange,                              !- Date Specification Type
  2,                                      !- Start Month
  1,                                      !- Start Day
  2,                                      !- End Month
  28;                                     !- End Day

OS:Schedule:Day,
  {370c1088-5d8c-48e9-ac93-cae99d7bd179}, !- Handle
  misc well pump schedule allday2,        !- Name
  {6ada26ef-be23-44a6-9ac0-48fa5353139e}, !- Schedule Type Limits Name
  ,                                       !- Interpolate to Timestep
  1,                                      !- Hour 1
  0,                                      !- Minute 1
  0.511627906976744,                      !- Value Until Time 1
  2,                                      !- Hour 2
  0,                                      !- Minute 2
  0.267441860465116,                      !- Value Until Time 2
  3,                                      !- Hour 3
  0,                                      !- Minute 3
  0.22093023255814,                       !- Value Until Time 3
  4,                                      !- Hour 4
  0,                                      !- Minute 4
  0.174418604651163,                      !- Value Until Time 4
  5,                                      !- Hour 5
  0,                                      !- Minute 5
  0.186046511627907,                      !- Value Until Time 5
  6,                                      !- Hour 6
  0,                                      !- Minute 6
  0.209302325581395,                      !- Value Until Time 6
  7,                                      !- Hour 7
  0,                                      !- Minute 7
  0.302325581395349,                      !- Value Until Time 7
  9,                                      !- Hour 8
  0,                                      !- Minute 8
  0.383720930232558,                      !- Value Until Time 8
  10,                                     !- Hour 9
  0,                                      !- Minute 9
  0.372093023255814,                      !- Value Until Time 9
  12,                                     !- Hour 10
  0,                                      !- Minute 10
  0.383720930232558,                      !- Value Until Time 10
  15,                                     !- Hour 11
  0,                                      !- Minute 11
  0.372093023255814,                      !- Value Until Time 11
  16,                                     !- Hour 12
  0,                                      !- Minute 12
  0.383720930232558,                      !- Value Until Time 12
  17,                                     !- Hour 13
  0,                                      !- Minute 13
  0.523255813953488,                      !- Value Until Time 13
  18,                                     !- Hour 14
  0,                                      !- Minute 14
  0.662790697674419,                      !- Value Until Time 14
  19,                                     !- Hour 15
  0,                                      !- Minute 15
  0.767441860465116,                      !- Value Until Time 15
  20,                                     !- Hour 16
  0,                                      !- Minute 16
  0.883720930232558,                      !- Value Until Time 16
  21,                                     !- Hour 17
  0,                                      !- Minute 17
  0.941860465116279,                      !- Value Until Time 17
  22,                                     !- Hour 18
  0,                                      !- Minute 18
  1,                                      !- Value Until Time 18
  23,                                     !- Hour 19
  0,                                      !- Minute 19
  0.872093023255814,                      !- Value Until Time 19
  24,                                     !- Hour 20
  0,                                      !- Minute 20
  0.755813953488372;                      !- Value Until Time 20

OS:Schedule:Rule,
  {eae8900b-f230-422d-9559-bf3039da9de4}, !- Handle
  misc well pump schedule allday ruleset3, !- Name
  {8926e978-cec4-4dba-a45b-6f59ec8b9cfe}, !- Schedule Ruleset Name
  8,                                      !- Rule Order
  {6892e33b-64a5-4d99-b968-cc5fb0b46b03}, !- Day Schedule Name
  Yes,                                    !- Apply Sunday
  Yes,                                    !- Apply Monday
  Yes,                                    !- Apply Tuesday
  Yes,                                    !- Apply Wednesday
  Yes,                                    !- Apply Thursday
  Yes,                                    !- Apply Friday
  Yes,                                    !- Apply Saturday
  DateRange,                              !- Date Specification Type
  3,                                      !- Start Month
  1,                                      !- Start Day
  3,                                      !- End Month
  31;                                     !- End Day

OS:Schedule:Day,
  {6892e33b-64a5-4d99-b968-cc5fb0b46b03}, !- Handle
  misc well pump schedule allday3,        !- Name
  {6ada26ef-be23-44a6-9ac0-48fa5353139e}, !- Schedule Type Limits Name
  ,                                       !- Interpolate to Timestep
  1,                                      !- Hour 1
  0,                                      !- Minute 1
  0.44640746749995,                       !- Value Until Time 1
  2,                                      !- Hour 2
  0,                                      !- Minute 2
  0.233349358011337,                      !- Value Until Time 2
  3,                                      !- Hour 3
  0,                                      !- Minute 3
  0.192766860965887,                      !- Value Until Time 3
  4,                                      !- Hour 4
  0,                                      !- Minute 4
  0.152184363920437,                      !- Value Until Time 4
  5,                                      !- Hour 5
  0,                                      !- Minute 5
  0.1623299881818,                        !- Value Until Time 5
  6,                                      !- Hour 6
  0,                                      !- Minute 6
  0.182621236704525,                      !- Value Until Time 6
  7,                                      !- Hour 7
  0,                                      !- Minute 7
  0.263786230795425,                      !- Value Until Time 7
  9,                                      !- Hour 8
  0,                                      !- Minute 8
  0.334805600624962,                      !- Value Until Time 8
  10,                                     !- Hour 9
  0,                                      !- Minute 9
  0.3246599763636,                        !- Value Until Time 9
  12,                                     !- Hour 10
  0,                                      !- Minute 10
  0.334805600624962,                      !- Value Until Time 10
  15,                                     !- Hour 11
  0,                                      !- Minute 11
  0.3246599763636,                        !- Value Until Time 11
  16,                                     !- Hour 12
  0,                                      !- Minute 12
  0.334805600624962,                      !- Value Until Time 12
  17,                                     !- Hour 13
  0,                                      !- Minute 13
  0.456553091761312,                      !- Value Until Time 13
  18,                                     !- Hour 14
  0,                                      !- Minute 14
  0.578300582897662,                      !- Value Until Time 14
  19,                                     !- Hour 15
  0,                                      !- Minute 15
  0.669611201249925,                      !- Value Until Time 15
  20,                                     !- Hour 16
  0,                                      !- Minute 16
  0.77106744386355,                       !- Value Until Time 16
  21,                                     !- Hour 17
  0,                                      !- Minute 17
  0.821795565170362,                      !- Value Until Time 17
  22,                                     !- Hour 18
  0,                                      !- Minute 18
  0.872523686477175,                      !- Value Until Time 18
  23,                                     !- Hour 19
  0,                                      !- Minute 19
  0.760921819602187,                      !- Value Until Time 19
  24,                                     !- Hour 20
  0,                                      !- Minute 20
  0.659465576988562;                      !- Value Until Time 20

OS:Schedule:Rule,
  {56c00f0a-89f6-4d20-83fb-8f12c06e0467}, !- Handle
  misc well pump schedule allday ruleset4, !- Name
  {8926e978-cec4-4dba-a45b-6f59ec8b9cfe}, !- Schedule Ruleset Name
  7,                                      !- Rule Order
  {d88ae019-742e-4c54-84fd-f6bcd4296bf2}, !- Day Schedule Name
  Yes,                                    !- Apply Sunday
  Yes,                                    !- Apply Monday
  Yes,                                    !- Apply Tuesday
  Yes,                                    !- Apply Wednesday
  Yes,                                    !- Apply Thursday
  Yes,                                    !- Apply Friday
  Yes,                                    !- Apply Saturday
  DateRange,                              !- Date Specification Type
  4,                                      !- Start Month
  1,                                      !- Start Day
  4,                                      !- End Month
  30;                                     !- End Day

OS:Schedule:Day,
  {d88ae019-742e-4c54-84fd-f6bcd4296bf2}, !- Handle
  misc well pump schedule allday4,        !- Name
  {6ada26ef-be23-44a6-9ac0-48fa5353139e}, !- Schedule Type Limits Name
  ,                                       !- Interpolate to Timestep
  1,                                      !- Hour 1
  0,                                      !- Minute 1
  0.445085431564609,                      !- Value Until Time 1
  2,                                      !- Hour 2
  0,                                      !- Minute 2
  0.23265829377241,                       !- Value Until Time 2
  3,                                      !- Hour 3
  0,                                      !- Minute 3
  0.19219598181199,                       !- Value Until Time 3
  4,                                      !- Hour 4
  0,                                      !- Minute 4
  0.151733669851571,                      !- Value Until Time 4
  5,                                      !- Hour 5
  0,                                      !- Minute 5
  0.161849247841676,                      !- Value Until Time 5
  6,                                      !- Hour 6
  0,                                      !- Minute 6
  0.182080403821886,                      !- Value Until Time 6
  7,                                      !- Hour 7
  0,                                      !- Minute 7
  0.263005027742724,                      !- Value Until Time 7
  9,                                      !- Hour 8
  0,                                      !- Minute 8
  0.333814073673457,                      !- Value Until Time 8
  10,                                     !- Hour 9
  0,                                      !- Minute 9
  0.323698495683352,                      !- Value Until Time 9
  12,                                     !- Hour 10
  0,                                      !- Minute 10
  0.333814073673457,                      !- Value Until Time 10
  15,                                     !- Hour 11
  0,                                      !- Minute 11
  0.323698495683352,                      !- Value Until Time 11
  16,                                     !- Hour 12
  0,                                      !- Minute 12
  0.333814073673457,                      !- Value Until Time 12
  17,                                     !- Hour 13
  0,                                      !- Minute 13
  0.455201009554714,                      !- Value Until Time 13
  18,                                     !- Hour 14
  0,                                      !- Minute 14
  0.576587945435971,                      !- Value Until Time 14
  19,                                     !- Hour 15
  0,                                      !- Minute 15
  0.667628147346914,                      !- Value Until Time 15
  20,                                     !- Hour 16
  0,                                      !- Minute 16
  0.768783927247962,                      !- Value Until Time 16
  21,                                     !- Hour 17
  0,                                      !- Minute 17
  0.819361817198486,                      !- Value Until Time 17
  22,                                     !- Hour 18
  0,                                      !- Minute 18
  0.869939707149009,                      !- Value Until Time 18
  23,                                     !- Hour 19
  0,                                      !- Minute 19
  0.758668349257857,                      !- Value Until Time 19
  24,                                     !- Hour 20
  0,                                      !- Minute 20
  0.657512569356809;                      !- Value Until Time 20

OS:Schedule:Rule,
  {178247a1-eff5-4df4-8d84-1d441f1a94bb}, !- Handle
  misc well pump schedule allday ruleset5, !- Name
  {8926e978-cec4-4dba-a45b-6f59ec8b9cfe}, !- Schedule Ruleset Name
  6,                                      !- Rule Order
  {0d2e2af7-8fcf-4874-b9b4-52240d2920a3}, !- Day Schedule Name
  Yes,                                    !- Apply Sunday
  Yes,                                    !- Apply Monday
  Yes,                                    !- Apply Tuesday
  Yes,                                    !- Apply Wednesday
  Yes,                                    !- Apply Thursday
  Yes,                                    !- Apply Friday
  Yes,                                    !- Apply Saturday
  DateRange,                              !- Date Specification Type
  5,                                      !- Start Month
  1,                                      !- Start Day
  5,                                      !- End Month
  31;                                     !- End Day

OS:Schedule:Day,
  {0d2e2af7-8fcf-4874-b9b4-52240d2920a3}, !- Handle
  misc well pump schedule allday5,        !- Name
  {6ada26ef-be23-44a6-9ac0-48fa5353139e}, !- Schedule Type Limits Name
  ,                                       !- Interpolate to Timestep
  1,                                      !- Hour 1
  0,                                      !- Minute 1
  0.44640746749995,                       !- Value Until Time 1
  2,                                      !- Hour 2
  0,                                      !- Minute 2
  0.233349358011337,                      !- Value Until Time 2
  3,                                      !- Hour 3
  0,                                      !- Minute 3
  0.192766860965887,                      !- Value Until Time 3
  4,                                      !- Hour 4
  0,                                      !- Minute 4
  0.152184363920437,                      !- Value Until Time 4
  5,                                      !- Hour 5
  0,                                      !- Minute 5
  0.1623299881818,                        !- Value Until Time 5
  6,                                      !- Hour 6
  0,                                      !- Minute 6
  0.182621236704525,                      !- Value Until Time 6
  7,                                      !- Hour 7
  0,                                      !- Minute 7
  0.263786230795425,                      !- Value Until Time 7
  9,                                      !- Hour 8
  0,                                      !- Minute 8
  0.334805600624962,                      !- Value Until Time 8
  10,                                     !- Hour 9
  0,                                      !- Minute 9
  0.3246599763636,                        !- Value Until Time 9
  12,                                     !- Hour 10
  0,                                      !- Minute 10
  0.334805600624962,                      !- Value Until Time 10
  15,                                     !- Hour 11
  0,                                      !- Minute 11
  0.3246599763636,                        !- Value Until Time 11
  16,                                     !- Hour 12
  0,                                      !- Minute 12
  0.334805600624962,                      !- Value Until Time 12
  17,                                     !- Hour 13
  0,                                      !- Minute 13
  0.456553091761312,                      !- Value Until Time 13
  18,                                     !- Hour 14
  0,                                      !- Minute 14
  0.578300582897662,                      !- Value Until Time 14
  19,                                     !- Hour 15
  0,                                      !- Minute 15
  0.669611201249925,                      !- Value Until Time 15
  20,                                     !- Hour 16
  0,                                      !- Minute 16
  0.77106744386355,                       !- Value Until Time 16
  21,                                     !- Hour 17
  0,                                      !- Minute 17
  0.821795565170362,                      !- Value Until Time 17
  22,                                     !- Hour 18
  0,                                      !- Minute 18
  0.872523686477175,                      !- Value Until Time 18
  23,                                     !- Hour 19
  0,                                      !- Minute 19
  0.760921819602187,                      !- Value Until Time 19
  24,                                     !- Hour 20
  0,                                      !- Minute 20
  0.659465576988562;                      !- Value Until Time 20

OS:Schedule:Rule,
  {29bbcc35-5295-4c9d-90c4-289f124bbc7e}, !- Handle
  misc well pump schedule allday ruleset6, !- Name
  {8926e978-cec4-4dba-a45b-6f59ec8b9cfe}, !- Schedule Ruleset Name
  5,                                      !- Rule Order
  {662aabad-225f-4c07-85c8-e8bdb922f846}, !- Day Schedule Name
  Yes,                                    !- Apply Sunday
  Yes,                                    !- Apply Monday
  Yes,                                    !- Apply Tuesday
  Yes,                                    !- Apply Wednesday
  Yes,                                    !- Apply Thursday
  Yes,                                    !- Apply Friday
  Yes,                                    !- Apply Saturday
  DateRange,                              !- Date Specification Type
  6,                                      !- Start Month
  1,                                      !- Start Day
  6,                                      !- End Month
  30;                                     !- End Day

OS:Schedule:Day,
  {662aabad-225f-4c07-85c8-e8bdb922f846}, !- Handle
  misc well pump schedule allday6,        !- Name
  {6ada26ef-be23-44a6-9ac0-48fa5353139e}, !- Schedule Type Limits Name
  ,                                       !- Interpolate to Timestep
  1,                                      !- Hour 1
  0,                                      !- Minute 1
  0.391322636860766,                      !- Value Until Time 1
  2,                                      !- Hour 2
  0,                                      !- Minute 2
  0.204555014722673,                      !- Value Until Time 2
  3,                                      !- Hour 3
  0,                                      !- Minute 3
  0.168980229553512,                      !- Value Until Time 3
  4,                                      !- Hour 4
  0,                                      !- Minute 4
  0.133405444384352,                      !- Value Until Time 4
  5,                                      !- Hour 5
  0,                                      !- Minute 5
  0.142299140676642,                      !- Value Until Time 5
  6,                                      !- Hour 6
  0,                                      !- Minute 6
  0.160086533261222,                      !- Value Until Time 6
  7,                                      !- Hour 7
  0,                                      !- Minute 7
  0.231236103599543,                      !- Value Until Time 7
  9,                                      !- Hour 8
  0,                                      !- Minute 8
  0.293491977645574,                      !- Value Until Time 8
  10,                                     !- Hour 9
  0,                                      !- Minute 9
  0.284598281353284,                      !- Value Until Time 9
  12,                                     !- Hour 10
  0,                                      !- Minute 10
  0.293491977645574,                      !- Value Until Time 10
  15,                                     !- Hour 11
  0,                                      !- Minute 11
  0.284598281353284,                      !- Value Until Time 11
  16,                                     !- Hour 12
  0,                                      !- Minute 12
  0.293491977645574,                      !- Value Until Time 12
  17,                                     !- Hour 13
  0,                                      !- Minute 13
  0.400216333153056,                      !- Value Until Time 13
  18,                                     !- Hour 14
  0,                                      !- Minute 14
  0.506940688660537,                      !- Value Until Time 14
  19,                                     !- Hour 15
  0,                                      !- Minute 15
  0.586983955291148,                      !- Value Until Time 15
  20,                                     !- Hour 16
  0,                                      !- Minute 16
  0.67592091821405,                       !- Value Until Time 16
  21,                                     !- Hour 17
  0,                                      !- Minute 17
  0.7203893996755,                        !- Value Until Time 17
  22,                                     !- Hour 18
  0,                                      !- Minute 18
  0.764857881136951,                      !- Value Until Time 18
  23,                                     !- Hour 19
  0,                                      !- Minute 19
  0.66702722192176,                       !- Value Until Time 19
  24,                                     !- Hour 20
  0,                                      !- Minute 20
  0.578090258998858;                      !- Value Until Time 20

OS:Schedule:Rule,
  {0bdfa17c-f839-4efc-ba4d-1bd7d9b85118}, !- Handle
  misc well pump schedule allday ruleset7, !- Name
  {8926e978-cec4-4dba-a45b-6f59ec8b9cfe}, !- Schedule Ruleset Name
  4,                                      !- Rule Order
  {3e9442cf-47d8-426d-bb17-01559ed4e134}, !- Day Schedule Name
  Yes,                                    !- Apply Sunday
  Yes,                                    !- Apply Monday
  Yes,                                    !- Apply Tuesday
  Yes,                                    !- Apply Wednesday
  Yes,                                    !- Apply Thursday
  Yes,                                    !- Apply Friday
  Yes,                                    !- Apply Saturday
  DateRange,                              !- Date Specification Type
  7,                                      !- Start Month
  1,                                      !- Start Day
  8,                                      !- End Month
  31;                                     !- End Day

OS:Schedule:Day,
  {3e9442cf-47d8-426d-bb17-01559ed4e134}, !- Handle
  misc well pump schedule allday7,        !- Name
  {6ada26ef-be23-44a6-9ac0-48fa5353139e}, !- Schedule Type Limits Name
  ,                                       !- Interpolate to Timestep
  1,                                      !- Hour 1
  0,                                      !- Minute 1
  0.389119243635198,                      !- Value Until Time 1
  2,                                      !- Hour 2
  0,                                      !- Minute 2
  0.203403240991126,                      !- Value Until Time 2
  3,                                      !- Hour 3
  0,                                      !- Minute 3
  0.168028764297017,                      !- Value Until Time 3
  4,                                      !- Hour 4
  0,                                      !- Minute 4
  0.132654287602908,                      !- Value Until Time 4
  5,                                      !- Hour 5
  0,                                      !- Minute 5
  0.141497906776436,                      !- Value Until Time 5
  6,                                      !- Hour 6
  0,                                      !- Minute 6
  0.15918514512349,                       !- Value Until Time 6
  7,                                      !- Hour 7
  0,                                      !- Minute 7
  0.229934098511708,                      !- Value Until Time 7
  9,                                      !- Hour 8
  0,                                      !- Minute 8
  0.291839432726399,                      !- Value Until Time 8
  10,                                     !- Hour 9
  0,                                      !- Minute 9
  0.282995813552871,                      !- Value Until Time 9
  12,                                     !- Hour 10
  0,                                      !- Minute 10
  0.291839432726399,                      !- Value Until Time 10
  15,                                     !- Hour 11
  0,                                      !- Minute 11
  0.282995813552871,                      !- Value Until Time 11
  16,                                     !- Hour 12
  0,                                      !- Minute 12
  0.291839432726399,                      !- Value Until Time 12
  17,                                     !- Hour 13
  0,                                      !- Minute 13
  0.397962862808725,                      !- Value Until Time 13
  18,                                     !- Hour 14
  0,                                      !- Minute 14
  0.504086292891052,                      !- Value Until Time 14
  19,                                     !- Hour 15
  0,                                      !- Minute 15
  0.583678865452797,                      !- Value Until Time 15
  20,                                     !- Hour 16
  0,                                      !- Minute 16
  0.67211505718807,                       !- Value Until Time 16
  21,                                     !- Hour 17
  0,                                      !- Minute 17
  0.716333153055706,                      !- Value Until Time 17
  22,                                     !- Hour 18
  0,                                      !- Minute 18
  0.760551248923342,                      !- Value Until Time 18
  23,                                     !- Hour 19
  0,                                      !- Minute 19
  0.663271438014542,                      !- Value Until Time 19
  24,                                     !- Hour 20
  0,                                      !- Minute 20
  0.57483524627927;                       !- Value Until Time 20

OS:Schedule:Rule,
  {0457dcde-5b93-4c2f-b244-41c654bc9ee3}, !- Handle
  misc well pump schedule allday ruleset9, !- Name
  {8926e978-cec4-4dba-a45b-6f59ec8b9cfe}, !- Schedule Ruleset Name
  3,                                      !- Rule Order
  {3ef48471-f3a1-44e1-9738-5c2190550f4d}, !- Day Schedule Name
  Yes,                                    !- Apply Sunday
  Yes,                                    !- Apply Monday
  Yes,                                    !- Apply Tuesday
  Yes,                                    !- Apply Wednesday
  Yes,                                    !- Apply Thursday
  Yes,                                    !- Apply Friday
  Yes,                                    !- Apply Saturday
  DateRange,                              !- Date Specification Type
  9,                                      !- Start Month
  1,                                      !- Start Day
  9,                                      !- End Month
  30;                                     !- End Day

OS:Schedule:Day,
  {3ef48471-f3a1-44e1-9738-5c2190550f4d}, !- Handle
  misc well pump schedule allday9,        !- Name
  {6ada26ef-be23-44a6-9ac0-48fa5353139e}, !- Schedule Type Limits Name
  ,                                       !- Interpolate to Timestep
  1,                                      !- Hour 1
  0,                                      !- Minute 1
  0.391322636860766,                      !- Value Until Time 1
  2,                                      !- Hour 2
  0,                                      !- Minute 2
  0.204555014722673,                      !- Value Until Time 2
  3,                                      !- Hour 3
  0,                                      !- Minute 3
  0.168980229553512,                      !- Value Until Time 3
  4,                                      !- Hour 4
  0,                                      !- Minute 4
  0.133405444384352,                      !- Value Until Time 4
  5,                                      !- Hour 5
  0,                                      !- Minute 5
  0.142299140676642,                      !- Value Until Time 5
  6,                                      !- Hour 6
  0,                                      !- Minute 6
  0.160086533261222,                      !- Value Until Time 6
  7,                                      !- Hour 7
  0,                                      !- Minute 7
  0.231236103599543,                      !- Value Until Time 7
  9,                                      !- Hour 8
  0,                                      !- Minute 8
  0.293491977645574,                      !- Value Until Time 8
  10,                                     !- Hour 9
  0,                                      !- Minute 9
  0.284598281353284,                      !- Value Until Time 9
  12,                                     !- Hour 10
  0,                                      !- Minute 10
  0.293491977645574,                      !- Value Until Time 10
  15,                                     !- Hour 11
  0,                                      !- Minute 11
  0.284598281353284,                      !- Value Until Time 11
  16,                                     !- Hour 12
  0,                                      !- Minute 12
  0.293491977645574,                      !- Value Until Time 12
  17,                                     !- Hour 13
  0,                                      !- Minute 13
  0.400216333153056,                      !- Value Until Time 13
  18,                                     !- Hour 14
  0,                                      !- Minute 14
  0.506940688660537,                      !- Value Until Time 14
  19,                                     !- Hour 15
  0,                                      !- Minute 15
  0.586983955291148,                      !- Value Until Time 15
  20,                                     !- Hour 16
  0,                                      !- Minute 16
  0.67592091821405,                       !- Value Until Time 16
  21,                                     !- Hour 17
  0,                                      !- Minute 17
  0.7203893996755,                        !- Value Until Time 17
  22,                                     !- Hour 18
  0,                                      !- Minute 18
  0.764857881136951,                      !- Value Until Time 18
  23,                                     !- Hour 19
  0,                                      !- Minute 19
  0.66702722192176,                       !- Value Until Time 19
  24,                                     !- Hour 20
  0,                                      !- Minute 20
  0.578090258998858;                      !- Value Until Time 20

OS:Schedule:Rule,
  {c5e807d0-764d-45e5-91df-bc79bd159972}, !- Handle
  misc well pump schedule allday ruleset10, !- Name
  {8926e978-cec4-4dba-a45b-6f59ec8b9cfe}, !- Schedule Ruleset Name
  2,                                      !- Rule Order
  {7271dcbe-9738-42ab-b256-374d7b319f07}, !- Day Schedule Name
  Yes,                                    !- Apply Sunday
  Yes,                                    !- Apply Monday
  Yes,                                    !- Apply Tuesday
  Yes,                                    !- Apply Wednesday
  Yes,                                    !- Apply Thursday
  Yes,                                    !- Apply Friday
  Yes,                                    !- Apply Saturday
  DateRange,                              !- Date Specification Type
  10,                                     !- Start Month
  1,                                      !- Start Day
  10,                                     !- End Month
  31;                                     !- End Day

OS:Schedule:Day,
  {7271dcbe-9738-42ab-b256-374d7b319f07}, !- Handle
  misc well pump schedule allday10,       !- Name
  {6ada26ef-be23-44a6-9ac0-48fa5353139e}, !- Schedule Type Limits Name
  ,                                       !- Interpolate to Timestep
  1,                                      !- Hour 1
  0,                                      !- Minute 1
  0.430983714920978,                      !- Value Until Time 1
  2,                                      !- Hour 2
  0,                                      !- Minute 2
  0.225286941890511,                      !- Value Until Time 2
  3,                                      !- Hour 3
  0,                                      !- Minute 3
  0.186106604170422,                      !- Value Until Time 3
  4,                                      !- Hour 4
  0,                                      !- Minute 4
  0.146926266450333,                      !- Value Until Time 4
  5,                                      !- Hour 5
  0,                                      !- Minute 5
  0.156721350880356,                      !- Value Until Time 5
  6,                                      !- Hour 6
  0,                                      !- Minute 6
  0.1763115197404,                        !- Value Until Time 6
  7,                                      !- Hour 7
  0,                                      !- Minute 7
  0.254672195180578,                      !- Value Until Time 7
  9,                                      !- Hour 8
  0,                                      !- Minute 8
  0.323237786190734,                      !- Value Until Time 8
  10,                                     !- Hour 9
  0,                                      !- Minute 9
  0.313442701760711,                      !- Value Until Time 9
  12,                                     !- Hour 10
  0,                                      !- Minute 10
  0.323237786190734,                      !- Value Until Time 10
  15,                                     !- Hour 11
  0,                                      !- Minute 11
  0.313442701760711,                      !- Value Until Time 11
  16,                                     !- Hour 12
  0,                                      !- Minute 12
  0.323237786190734,                      !- Value Until Time 12
  17,                                     !- Hour 13
  0,                                      !- Minute 13
  0.440778799351001,                      !- Value Until Time 13
  18,                                     !- Hour 14
  0,                                      !- Minute 14
  0.558319812511267,                      !- Value Until Time 14
  19,                                     !- Hour 15
  0,                                      !- Minute 15
  0.646475572381467,                      !- Value Until Time 15
  20,                                     !- Hour 16
  0,                                      !- Minute 16
  0.74442641668169,                       !- Value Until Time 16
  21,                                     !- Hour 17
  0,                                      !- Minute 17
  0.793401838831801,                      !- Value Until Time 17
  22,                                     !- Hour 18
  0,                                      !- Minute 18
  0.842377260981912,                      !- Value Until Time 18
  23,                                     !- Hour 19
  0,                                      !- Minute 19
  0.734631332251668,                      !- Value Until Time 19
  24,                                     !- Hour 20
  0,                                      !- Minute 20
  0.636680487951445;                      !- Value Until Time 20

OS:Schedule:Rule,
  {f66eb9d4-3bde-4619-90d7-2609e37bf552}, !- Handle
  misc well pump schedule allday ruleset11, !- Name
  {8926e978-cec4-4dba-a45b-6f59ec8b9cfe}, !- Schedule Ruleset Name
  1,                                      !- Rule Order
  {33714aec-2170-4ad8-b100-dacf76a051a0}, !- Day Schedule Name
  Yes,                                    !- Apply Sunday
  Yes,                                    !- Apply Monday
  Yes,                                    !- Apply Tuesday
  Yes,                                    !- Apply Wednesday
  Yes,                                    !- Apply Thursday
  Yes,                                    !- Apply Friday
  Yes,                                    !- Apply Saturday
  DateRange,                              !- Date Specification Type
  11,                                     !- Start Month
  1,                                      !- Start Day
  11,                                     !- End Month
  30;                                     !- End Day

OS:Schedule:Day,
  {33714aec-2170-4ad8-b100-dacf76a051a0}, !- Handle
  misc well pump schedule allday11,       !- Name
  {6ada26ef-be23-44a6-9ac0-48fa5353139e}, !- Schedule Type Limits Name
  ,                                       !- Interpolate to Timestep
  1,                                      !- Hour 1
  0,                                      !- Minute 1
  0.429221000340524,                      !- Value Until Time 1
  2,                                      !- Hour 2
  0,                                      !- Minute 2
  0.224365522905274,                      !- Value Until Time 2
  3,                                      !- Hour 3
  0,                                      !- Minute 3
  0.185345431965226,                      !- Value Until Time 3
  4,                                      !- Hour 4
  0,                                      !- Minute 4
  0.146325341025179,                      !- Value Until Time 4
  5,                                      !- Hour 5
  0,                                      !- Minute 5
  0.156080363760191,                      !- Value Until Time 5
  6,                                      !- Hour 6
  0,                                      !- Minute 6
  0.175590409230215,                      !- Value Until Time 6
  7,                                      !- Hour 7
  0,                                      !- Minute 7
  0.25363059111031,                       !- Value Until Time 7
  9,                                      !- Hour 8
  0,                                      !- Minute 8
  0.321915750255393,                      !- Value Until Time 8
  10,                                     !- Hour 9
  0,                                      !- Minute 9
  0.312160727520381,                      !- Value Until Time 9
  12,                                     !- Hour 10
  0,                                      !- Minute 10
  0.321915750255393,                      !- Value Until Time 10
  15,                                     !- Hour 11
  0,                                      !- Minute 11
  0.312160727520381,                      !- Value Until Time 11
  16,                                     !- Hour 12
  0,                                      !- Minute 12
  0.321915750255393,                      !- Value Until Time 12
  17,                                     !- Hour 13
  0,                                      !- Minute 13
  0.438976023075536,                      !- Value Until Time 13
  18,                                     !- Hour 14
  0,                                      !- Minute 14
  0.556036295895679,                      !- Value Until Time 14
  19,                                     !- Hour 15
  0,                                      !- Minute 15
  0.643831500510787,                      !- Value Until Time 15
  20,                                     !- Hour 16
  0,                                      !- Minute 16
  0.741381727860906,                      !- Value Until Time 16
  21,                                     !- Hour 17
  0,                                      !- Minute 17
  0.790156841535965,                      !- Value Until Time 17
  22,                                     !- Hour 18
  0,                                      !- Minute 18
  0.838931955211025,                      !- Value Until Time 18
  23,                                     !- Hour 19
  0,                                      !- Minute 19
  0.731626705125894,                      !- Value Until Time 19
  24,                                     !- Hour 20
  0,                                      !- Minute 20
  0.634076477775775;                      !- Value Until Time 20

OS:Schedule:Rule,
  {4d143187-e655-4cd8-852e-14eef45e6b71}, !- Handle
  misc well pump schedule allday ruleset12, !- Name
  {8926e978-cec4-4dba-a45b-6f59ec8b9cfe}, !- Schedule Ruleset Name
  0,                                      !- Rule Order
  {7d045b43-a54a-4762-add2-79c678942bfe}, !- Day Schedule Name
  Yes,                                    !- Apply Sunday
  Yes,                                    !- Apply Monday
  Yes,                                    !- Apply Tuesday
  Yes,                                    !- Apply Wednesday
  Yes,                                    !- Apply Thursday
  Yes,                                    !- Apply Friday
  Yes,                                    !- Apply Saturday
  DateRange,                              !- Date Specification Type
  12,                                     !- Start Month
  1,                                      !- Start Day
  12,                                     !- End Month
  31;                                     !- End Day

OS:Schedule:Day,
  {7d045b43-a54a-4762-add2-79c678942bfe}, !- Handle
  misc well pump schedule allday12,       !- Name
  {6ada26ef-be23-44a6-9ac0-48fa5353139e}, !- Schedule Type Limits Name
  ,                                       !- Interpolate to Timestep
  1,                                      !- Hour 1
  0,                                      !- Minute 1
  0.50854315646095,                       !- Value Until Time 1
  2,                                      !- Hour 2
  0,                                      !- Minute 2
  0.265829377240951,                      !- Value Until Time 2
  3,                                      !- Hour 3
  0,                                      !- Minute 3
  0.219598181199047,                      !- Value Until Time 3
  4,                                      !- Hour 4
  0,                                      !- Minute 4
  0.173366985157142,                      !- Value Until Time 4
  5,                                      !- Hour 5
  0,                                      !- Minute 5
  0.184924784167618,                      !- Value Until Time 5
  6,                                      !- Hour 6
  0,                                      !- Minute 6
  0.20804038218857,                       !- Value Until Time 6
  7,                                      !- Hour 7
  0,                                      !- Minute 7
  0.300502774272379,                      !- Value Until Time 7
  9,                                      !- Hour 8
  0,                                      !- Minute 8
  0.381407367345712,                      !- Value Until Time 8
  10,                                     !- Hour 9
  0,                                      !- Minute 9
  0.369849568335236,                      !- Value Until Time 9
  12,                                     !- Hour 10
  0,                                      !- Minute 10
  0.381407367345712,                      !- Value Until Time 10
  15,                                     !- Hour 11
  0,                                      !- Minute 11
  0.369849568335236,                      !- Value Until Time 11
  16,                                     !- Hour 12
  0,                                      !- Minute 12
  0.381407367345712,                      !- Value Until Time 12
  17,                                     !- Hour 13
  0,                                      !- Minute 13
  0.520100955471426,                      !- Value Until Time 13
  18,                                     !- Hour 14
  0,                                      !- Minute 14
  0.65879454359714,                       !- Value Until Time 14
  19,                                     !- Hour 15
  0,                                      !- Minute 15
  0.762814734691425,                      !- Value Until Time 15
  20,                                     !- Hour 16
  0,                                      !- Minute 16
  0.878392724796186,                      !- Value Until Time 16
  21,                                     !- Hour 17
  0,                                      !- Minute 17
  0.936181719848567,                      !- Value Until Time 17
  22,                                     !- Hour 18
  0,                                      !- Minute 18
  0.993970714900947,                      !- Value Until Time 18
  23,                                     !- Hour 19
  0,                                      !- Minute 19
  0.86683492578571,                       !- Value Until Time 19
  24,                                     !- Hour 20
  0,                                      !- Minute 20
  0.751256935680949;                      !- Value Until Time 20

OS:ElectricEquipment:Definition,
  {e48b86ca-7b8a-4a69-b496-6e5a3be369dd}, !- Handle
  misc well pump,                         !- Name
  EquipmentLevel,                         !- Design Level Calculation Method
  102.666615763949,                       !- Design Level {W}
  ,                                       !- Watts per Space Floor Area {W/m2}
  ,                                       !- Watts per Person {W/person}
  0,                                      !- Fraction Latent
  0,                                      !- Fraction Radiant
  1;                                      !- Fraction Lost

OS:ElectricEquipment,
  {ea7de355-74f3-44e8-9471-796c773b5bbd}, !- Handle
  misc well pump,                         !- Name
  {e48b86ca-7b8a-4a69-b496-6e5a3be369dd}, !- Electric Equipment Definition Name
  {1671f505-4a93-4013-a313-0347ee079f4b}, !- Space or SpaceType Name
  {8926e978-cec4-4dba-a45b-6f59ec8b9cfe}, !- Schedule Name
  ,                                       !- Multiplier
  misc well pump;                         !- End-Use Subcategory

OS:Schedule:File,
  {2fb00fdf-7b25-47f2-8640-c875d639a20a}, !- Handle
  lighting_interior,                      !- Name
  {6ada26ef-be23-44a6-9ac0-48fa5353139e}, !- Schedule Type Limits Name
  {1f0826e4-576c-4773-bdbc-45902bd14219}, !- External File Name
  2,                                      !- Column Number
  1,                                      !- Rows to Skip at Top
  8760,                                   !- Number of Hours of Data
  ,                                       !- Column Separator
  ,                                       !- Interpolate to Timestep
  15,                                     !- Minutes per Item
  ,                                       !- Adjust Schedule for Daylight Savings
  Yes;                                    !- Translate File With Relative Path

OS:Lights:Definition,
  {cae053e9-c936-4e4e-9470-e454728dc558}, !- Handle
  interior lighting,                      !- Name
  LightingLevel,                          !- Design Level Calculation Method
  1242.62097973386,                       !- Lighting Level {W}
  ,                                       !- Watts per Space Floor Area {W/m2}
  ,                                       !- Watts per Person {W/person}
  0.6,                                    !- Fraction Radiant
  0.2,                                    !- Fraction Visible
  0;                                      !- Return Air Fraction

OS:Lights,
  {38dbf497-f565-40dc-aee8-1e4cf9f04036}, !- Handle
  interior lighting,                      !- Name
  {cae053e9-c936-4e4e-9470-e454728dc558}, !- Lights Definition Name
  {1671f505-4a93-4013-a313-0347ee079f4b}, !- Space or SpaceType Name
  {2fb00fdf-7b25-47f2-8640-c875d639a20a}, !- Schedule Name
  1,                                      !- Fraction Replaceable
  ,                                       !- Multiplier
  interior lighting;                      !- End-Use Subcategory

OS:Schedule:File,
  {e0605881-8fc4-405c-b3e0-97021209cbaa}, !- Handle
  lighting_garage,                        !- Name
  {6ada26ef-be23-44a6-9ac0-48fa5353139e}, !- Schedule Type Limits Name
  {1f0826e4-576c-4773-bdbc-45902bd14219}, !- External File Name
  3,                                      !- Column Number
  1,                                      !- Rows to Skip at Top
  8760,                                   !- Number of Hours of Data
  ,                                       !- Column Separator
  ,                                       !- Interpolate to Timestep
  15,                                     !- Minutes per Item
  ,                                       !- Adjust Schedule for Daylight Savings
  Yes;                                    !- Translate File With Relative Path

OS:Lights:Definition,
  {3621a20f-e8ca-4004-8236-aa832b078026}, !- Handle
  garage lighting,                        !- Name
  LightingLevel,                          !- Design Level Calculation Method
  52.6844797107327,                       !- Lighting Level {W}
  ,                                       !- Watts per Space Floor Area {W/m2}
  ,                                       !- Watts per Person {W/person}
  0.6,                                    !- Fraction Radiant
  0.2,                                    !- Fraction Visible
  0;                                      !- Return Air Fraction

OS:Lights,
  {ef420133-4c0a-4c00-a9d2-67dfd97e5888}, !- Handle
  garage lighting,                        !- Name
  {3621a20f-e8ca-4004-8236-aa832b078026}, !- Lights Definition Name
  {040c71e5-b10d-41bf-ae35-714bbcf46f8d}, !- Space or SpaceType Name
  {e0605881-8fc4-405c-b3e0-97021209cbaa}, !- Schedule Name
  1,                                      !- Fraction Replaceable
  ,                                       !- Multiplier
  garage lighting;                        !- End-Use Subcategory

OS:Schedule:Ruleset,
  {498564d3-b2e8-4c28-983b-6ad664ac8912}, !- Handle
  exterior lighting schedule,             !- Name
  {6ada26ef-be23-44a6-9ac0-48fa5353139e}, !- Schedule Type Limits Name
  {508cd07d-aa0f-4358-9e23-c11329942a55}; !- Default Day Schedule Name

OS:Schedule:Day,
  {508cd07d-aa0f-4358-9e23-c11329942a55}, !- Handle
  exterior lighting schedule default day, !- Name
  {6ada26ef-be23-44a6-9ac0-48fa5353139e}, !- Schedule Type Limits Name
  ,                                       !- Interpolate to Timestep
  24,                                     !- Hour 1
  0,                                      !- Minute 1
  0;                                      !- Value Until Time 1

OS:Schedule:Rule,
  {a5c2b6eb-8fa1-47a7-a70e-286362e20474}, !- Handle
  exterior lighting schedule weekday ruleset1, !- Name
  {498564d3-b2e8-4c28-983b-6ad664ac8912}, !- Schedule Ruleset Name
  21,                                     !- Rule Order
  {20cbbe18-b950-48dd-bd34-8befe45c7d5e}, !- Day Schedule Name
  ,                                       !- Apply Sunday
  Yes,                                    !- Apply Monday
  Yes,                                    !- Apply Tuesday
  Yes,                                    !- Apply Wednesday
  Yes,                                    !- Apply Thursday
  Yes,                                    !- Apply Friday
  ,                                       !- Apply Saturday
  DateRange,                              !- Date Specification Type
  1,                                      !- Start Month
  1,                                      !- Start Day
  1,                                      !- End Month
  31;                                     !- End Day

OS:Schedule:Day,
  {20cbbe18-b950-48dd-bd34-8befe45c7d5e}, !- Handle
  exterior lighting schedule weekday1,    !- Name
  {6ada26ef-be23-44a6-9ac0-48fa5353139e}, !- Schedule Type Limits Name
  ,                                       !- Interpolate to Timestep
  5,                                      !- Hour 1
  0,                                      !- Minute 1
  0.434958518013411,                      !- Value Until Time 1
  6,                                      !- Hour 2
  0,                                      !- Minute 2
  0.349857938402091,                      !- Value Until Time 2
  7,                                      !- Hour 3
  0,                                      !- Minute 3
  0.330946698488465,                      !- Value Until Time 3
  8,                                      !- Hour 4
  0,                                      !- Minute 4
  0.321491078531651,                      !- Value Until Time 4
  9,                                      !- Hour 5
  0,                                      !- Minute 5
  0.312035458574838,                      !- Value Until Time 5
  10,                                     !- Hour 6
  0,                                      !- Minute 6
  0.264757358790772,                      !- Value Until Time 6
  11,                                     !- Hour 7
  0,                                      !- Minute 7
  0.208023639049892,                      !- Value Until Time 7
  12,                                     !- Hour 8
  0,                                      !- Minute 8
  0.141834299352199,                      !- Value Until Time 8
  13,                                     !- Hour 9
  0,                                      !- Minute 9
  0.113467439481759,                      !- Value Until Time 9
  15,                                     !- Hour 10
  0,                                      !- Minute 10
  0.104011819524946,                      !- Value Until Time 10
  16,                                     !- Hour 11
  0,                                      !- Minute 11
  0.113467439481759,                      !- Value Until Time 11
  17,                                     !- Hour 12
  0,                                      !- Minute 12
  0.179656779179452,                      !- Value Until Time 12
  18,                                     !- Hour 13
  0,                                      !- Minute 13
  0.349857938402091,                      !- Value Until Time 13
  19,                                     !- Hour 14
  0,                                      !- Minute 14
  0.463325377883851,                      !- Value Until Time 14
  20,                                     !- Hour 15
  0,                                      !- Minute 15
  0.614615297192863,                      !- Value Until Time 15
  21,                                     !- Hour 16
  0,                                      !- Minute 16
  0.860461416070008,                      !- Value Until Time 16
  22,                                     !- Hour 17
  0,                                      !- Minute 17
  0.992840095465394,                      !- Value Until Time 17
  23,                                     !- Hour 18
  0,                                      !- Minute 18
  0.860461416070008,                      !- Value Until Time 18
  24,                                     !- Hour 19
  0,                                      !- Minute 19
  0.595704057279236;                      !- Value Until Time 19

OS:Schedule:Rule,
  {28724cb9-9499-4e1f-baaa-8c5fe29d6617}, !- Handle
  exterior lighting schedule weekend ruleset1, !- Name
  {498564d3-b2e8-4c28-983b-6ad664ac8912}, !- Schedule Ruleset Name
  20,                                     !- Rule Order
  {bead5528-4651-4fa1-840d-6b5b0372309e}, !- Day Schedule Name
  Yes,                                    !- Apply Sunday
  ,                                       !- Apply Monday
  ,                                       !- Apply Tuesday
  ,                                       !- Apply Wednesday
  ,                                       !- Apply Thursday
  ,                                       !- Apply Friday
  Yes,                                    !- Apply Saturday
  DateRange,                              !- Date Specification Type
  1,                                      !- Start Month
  1,                                      !- Start Day
  1,                                      !- End Month
  31;                                     !- End Day

OS:Schedule:Day,
  {bead5528-4651-4fa1-840d-6b5b0372309e}, !- Handle
  exterior lighting schedule weekend1,    !- Name
  {6ada26ef-be23-44a6-9ac0-48fa5353139e}, !- Schedule Type Limits Name
  ,                                       !- Interpolate to Timestep
  2,                                      !- Hour 1
  0,                                      !- Minute 1
  0.434958518013411,                      !- Value Until Time 1
  4,                                      !- Hour 2
  0,                                      !- Minute 2
  0.425502898056597,                      !- Value Until Time 2
  5,                                      !- Hour 3
  0,                                      !- Minute 3
  0.434958518013411,                      !- Value Until Time 3
  6,                                      !- Hour 4
  0,                                      !- Minute 4
  0.425502898056597,                      !- Value Until Time 4
  7,                                      !- Hour 5
  0,                                      !- Minute 5
  0.416047278099784,                      !- Value Until Time 5
  8,                                      !- Hour 6
  0,                                      !- Minute 6
  0.387680418229344,                      !- Value Until Time 6
  9,                                      !- Hour 7
  0,                                      !- Minute 7
  0.340402318445278,                      !- Value Until Time 7
  10,                                     !- Hour 8
  0,                                      !- Minute 8
  0.283668598704398,                      !- Value Until Time 8
  11,                                     !- Hour 9
  0,                                      !- Minute 9
  0.226934878963519,                      !- Value Until Time 9
  12,                                     !- Hour 10
  0,                                      !- Minute 10
  0.151289919309012,                      !- Value Until Time 10
  13,                                     !- Hour 11
  0,                                      !- Minute 11
  0.113467439481759,                      !- Value Until Time 11
  15,                                     !- Hour 12
  0,                                      !- Minute 12
  0.104011819524946,                      !- Value Until Time 12
  16,                                     !- Hour 13
  0,                                      !- Minute 13
  0.113467439481759,                      !- Value Until Time 13
  17,                                     !- Hour 14
  0,                                      !- Minute 14
  0.179656779179452,                      !- Value Until Time 14
  18,                                     !- Hour 15
  0,                                      !- Minute 15
  0.359313558358904,                      !- Value Until Time 15
  19,                                     !- Hour 16
  0,                                      !- Minute 16
  0.453869757927037,                      !- Value Until Time 16
  20,                                     !- Hour 17
  0,                                      !- Minute 17
  0.567337197408797,                      !- Value Until Time 17
  21,                                     !- Hour 18
  0,                                      !- Minute 18
  0.784816456415502,                      !- Value Until Time 18
  22,                                     !- Hour 19
  0,                                      !- Minute 19
  0.926650755767701,                      !- Value Until Time 19
  23,                                     !- Hour 20
  0,                                      !- Minute 20
  0.803727696329128,                      !- Value Until Time 20
  24,                                     !- Hour 21
  0,                                      !- Minute 21
  0.557881577451983;                      !- Value Until Time 21

OS:Schedule:Rule,
  {f1d92b56-085e-49f3-b117-55f3957e112d}, !- Handle
  exterior lighting schedule weekday ruleset2, !- Name
  {498564d3-b2e8-4c28-983b-6ad664ac8912}, !- Schedule Ruleset Name
  19,                                     !- Rule Order
  {f8dead08-4895-49fa-9fec-c6ccfe94e496}, !- Day Schedule Name
  ,                                       !- Apply Sunday
  Yes,                                    !- Apply Monday
  Yes,                                    !- Apply Tuesday
  Yes,                                    !- Apply Wednesday
  Yes,                                    !- Apply Thursday
  Yes,                                    !- Apply Friday
  ,                                       !- Apply Saturday
  DateRange,                              !- Date Specification Type
  2,                                      !- Start Month
  1,                                      !- Start Day
  2,                                      !- End Month
  28;                                     !- End Day

OS:Schedule:Day,
  {f8dead08-4895-49fa-9fec-c6ccfe94e496}, !- Handle
  exterior lighting schedule weekday2,    !- Name
  {6ada26ef-be23-44a6-9ac0-48fa5353139e}, !- Schedule Type Limits Name
  ,                                       !- Interpolate to Timestep
  5,                                      !- Hour 1
  0,                                      !- Minute 1
  0.438095238095238,                      !- Value Until Time 1
  6,                                      !- Hour 2
  0,                                      !- Minute 2
  0.352380952380952,                      !- Value Until Time 2
  7,                                      !- Hour 3
  0,                                      !- Minute 3
  0.333333333333333,                      !- Value Until Time 3
  8,                                      !- Hour 4
  0,                                      !- Minute 4
  0.323809523809524,                      !- Value Until Time 4
  9,                                      !- Hour 5
  0,                                      !- Minute 5
  0.314285714285714,                      !- Value Until Time 5
  10,                                     !- Hour 6
  0,                                      !- Minute 6
  0.266666666666667,                      !- Value Until Time 6
  11,                                     !- Hour 7
  0,                                      !- Minute 7
  0.20952380952381,                       !- Value Until Time 7
  12,                                     !- Hour 8
  0,                                      !- Minute 8
  0.142857142857143,                      !- Value Until Time 8
  13,                                     !- Hour 9
  0,                                      !- Minute 9
  0.114285714285714,                      !- Value Until Time 9
  15,                                     !- Hour 10
  0,                                      !- Minute 10
  0.104761904761905,                      !- Value Until Time 10
  16,                                     !- Hour 11
  0,                                      !- Minute 11
  0.114285714285714,                      !- Value Until Time 11
  17,                                     !- Hour 12
  0,                                      !- Minute 12
  0.180952380952381,                      !- Value Until Time 12
  18,                                     !- Hour 13
  0,                                      !- Minute 13
  0.352380952380952,                      !- Value Until Time 13
  19,                                     !- Hour 14
  0,                                      !- Minute 14
  0.466666666666667,                      !- Value Until Time 14
  20,                                     !- Hour 15
  0,                                      !- Minute 15
  0.619047619047619,                      !- Value Until Time 15
  21,                                     !- Hour 16
  0,                                      !- Minute 16
  0.866666666666667,                      !- Value Until Time 16
  22,                                     !- Hour 17
  0,                                      !- Minute 17
  1,                                      !- Value Until Time 17
  23,                                     !- Hour 18
  0,                                      !- Minute 18
  0.866666666666667,                      !- Value Until Time 18
  24,                                     !- Hour 19
  0,                                      !- Minute 19
  0.6;                                    !- Value Until Time 19

OS:Schedule:Rule,
  {7930e332-d009-4f86-ad36-49d262f15f7f}, !- Handle
  exterior lighting schedule weekend ruleset2, !- Name
  {498564d3-b2e8-4c28-983b-6ad664ac8912}, !- Schedule Ruleset Name
  18,                                     !- Rule Order
  {dc37da65-6e69-4adf-8a01-2b728399e7e5}, !- Day Schedule Name
  Yes,                                    !- Apply Sunday
  ,                                       !- Apply Monday
  ,                                       !- Apply Tuesday
  ,                                       !- Apply Wednesday
  ,                                       !- Apply Thursday
  ,                                       !- Apply Friday
  Yes,                                    !- Apply Saturday
  DateRange,                              !- Date Specification Type
  2,                                      !- Start Month
  1,                                      !- Start Day
  2,                                      !- End Month
  28;                                     !- End Day

OS:Schedule:Day,
  {dc37da65-6e69-4adf-8a01-2b728399e7e5}, !- Handle
  exterior lighting schedule weekend2,    !- Name
  {6ada26ef-be23-44a6-9ac0-48fa5353139e}, !- Schedule Type Limits Name
  ,                                       !- Interpolate to Timestep
  2,                                      !- Hour 1
  0,                                      !- Minute 1
  0.438095238095238,                      !- Value Until Time 1
  4,                                      !- Hour 2
  0,                                      !- Minute 2
  0.428571428571429,                      !- Value Until Time 2
  5,                                      !- Hour 3
  0,                                      !- Minute 3
  0.438095238095238,                      !- Value Until Time 3
  6,                                      !- Hour 4
  0,                                      !- Minute 4
  0.428571428571429,                      !- Value Until Time 4
  7,                                      !- Hour 5
  0,                                      !- Minute 5
  0.419047619047619,                      !- Value Until Time 5
  8,                                      !- Hour 6
  0,                                      !- Minute 6
  0.390476190476191,                      !- Value Until Time 6
  9,                                      !- Hour 7
  0,                                      !- Minute 7
  0.342857142857143,                      !- Value Until Time 7
  10,                                     !- Hour 8
  0,                                      !- Minute 8
  0.285714285714286,                      !- Value Until Time 8
  11,                                     !- Hour 9
  0,                                      !- Minute 9
  0.228571428571429,                      !- Value Until Time 9
  12,                                     !- Hour 10
  0,                                      !- Minute 10
  0.152380952380952,                      !- Value Until Time 10
  13,                                     !- Hour 11
  0,                                      !- Minute 11
  0.114285714285714,                      !- Value Until Time 11
  15,                                     !- Hour 12
  0,                                      !- Minute 12
  0.104761904761905,                      !- Value Until Time 12
  16,                                     !- Hour 13
  0,                                      !- Minute 13
  0.114285714285714,                      !- Value Until Time 13
  17,                                     !- Hour 14
  0,                                      !- Minute 14
  0.180952380952381,                      !- Value Until Time 14
  18,                                     !- Hour 15
  0,                                      !- Minute 15
  0.361904761904762,                      !- Value Until Time 15
  19,                                     !- Hour 16
  0,                                      !- Minute 16
  0.457142857142857,                      !- Value Until Time 16
  20,                                     !- Hour 17
  0,                                      !- Minute 17
  0.571428571428571,                      !- Value Until Time 17
  21,                                     !- Hour 18
  0,                                      !- Minute 18
  0.790476190476191,                      !- Value Until Time 18
  22,                                     !- Hour 19
  0,                                      !- Minute 19
  0.933333333333333,                      !- Value Until Time 19
  23,                                     !- Hour 20
  0,                                      !- Minute 20
  0.80952380952381,                       !- Value Until Time 20
  24,                                     !- Hour 21
  0,                                      !- Minute 21
  0.561904761904762;                      !- Value Until Time 21

OS:Schedule:Rule,
  {98a2065d-798b-49a0-887d-f8c72d1b1e60}, !- Handle
  exterior lighting schedule weekday ruleset3, !- Name
  {498564d3-b2e8-4c28-983b-6ad664ac8912}, !- Schedule Ruleset Name
  17,                                     !- Rule Order
  {376afe11-d818-4858-b2be-0fe499233f0a}, !- Day Schedule Name
  ,                                       !- Apply Sunday
  Yes,                                    !- Apply Monday
  Yes,                                    !- Apply Tuesday
  Yes,                                    !- Apply Wednesday
  Yes,                                    !- Apply Thursday
  Yes,                                    !- Apply Friday
  ,                                       !- Apply Saturday
  DateRange,                              !- Date Specification Type
  3,                                      !- Start Month
  1,                                      !- Start Day
  3,                                      !- End Month
  31;                                     !- End Day

OS:Schedule:Day,
  {376afe11-d818-4858-b2be-0fe499233f0a}, !- Handle
  exterior lighting schedule weekday3,    !- Name
  {6ada26ef-be23-44a6-9ac0-48fa5353139e}, !- Schedule Type Limits Name
  ,                                       !- Interpolate to Timestep
  5,                                      !- Hour 1
  0,                                      !- Minute 1
  0.346084782361632,                      !- Value Until Time 1
  6,                                      !- Hour 2
  0,                                      !- Minute 2
  0.278372542334356,                      !- Value Until Time 2
  7,                                      !- Hour 3
  0,                                      !- Minute 3
  0.26332537788385,                       !- Value Until Time 3
  8,                                      !- Hour 4
  0,                                      !- Minute 4
  0.255801795658598,                      !- Value Until Time 4
  9,                                      !- Hour 5
  0,                                      !- Minute 5
  0.248278213433345,                      !- Value Until Time 5
  10,                                     !- Hour 6
  0,                                      !- Minute 6
  0.21066030230708,                       !- Value Until Time 6
  11,                                     !- Hour 7
  0,                                      !- Minute 7
  0.165518808955563,                      !- Value Until Time 7
  12,                                     !- Hour 8
  0,                                      !- Minute 8
  0.112853733378793,                      !- Value Until Time 8
  13,                                     !- Hour 9
  0,                                      !- Minute 9
  0.0902829867030344,                     !- Value Until Time 9
  15,                                     !- Hour 10
  0,                                      !- Minute 10
  0.0827594044777816,                     !- Value Until Time 10
  16,                                     !- Hour 11
  0,                                      !- Minute 11
  0.0902829867030344,                     !- Value Until Time 11
  17,                                     !- Hour 12
  0,                                      !- Minute 12
  0.142948062279805,                      !- Value Until Time 12
  18,                                     !- Hour 13
  0,                                      !- Minute 13
  0.278372542334356,                      !- Value Until Time 13
  19,                                     !- Hour 14
  0,                                      !- Minute 14
  0.368655529037391,                      !- Value Until Time 14
  20,                                     !- Hour 15
  0,                                      !- Minute 15
  0.489032844641437,                      !- Value Until Time 15
  21,                                     !- Hour 16
  0,                                      !- Minute 16
  0.684645982498011,                      !- Value Until Time 16
  22,                                     !- Hour 17
  0,                                      !- Minute 17
  0.789976133651551,                      !- Value Until Time 17
  23,                                     !- Hour 18
  0,                                      !- Minute 18
  0.684645982498011,                      !- Value Until Time 18
  24,                                     !- Hour 19
  0,                                      !- Minute 19
  0.473985680190931;                      !- Value Until Time 19

OS:Schedule:Rule,
  {2f1e5419-0a04-41b4-b696-8f3595672cb2}, !- Handle
  exterior lighting schedule weekend ruleset3, !- Name
  {498564d3-b2e8-4c28-983b-6ad664ac8912}, !- Schedule Ruleset Name
  16,                                     !- Rule Order
  {62b862a7-f3c1-4bb9-b983-2425ff683ac3}, !- Day Schedule Name
  Yes,                                    !- Apply Sunday
  ,                                       !- Apply Monday
  ,                                       !- Apply Tuesday
  ,                                       !- Apply Wednesday
  ,                                       !- Apply Thursday
  ,                                       !- Apply Friday
  Yes,                                    !- Apply Saturday
  DateRange,                              !- Date Specification Type
  3,                                      !- Start Month
  1,                                      !- Start Day
  3,                                      !- End Month
  31;                                     !- End Day

OS:Schedule:Day,
  {62b862a7-f3c1-4bb9-b983-2425ff683ac3}, !- Handle
  exterior lighting schedule weekend3,    !- Name
  {6ada26ef-be23-44a6-9ac0-48fa5353139e}, !- Schedule Type Limits Name
  ,                                       !- Interpolate to Timestep
  2,                                      !- Hour 1
  0,                                      !- Minute 1
  0.346084782361632,                      !- Value Until Time 1
  4,                                      !- Hour 2
  0,                                      !- Minute 2
  0.338561200136379,                      !- Value Until Time 2
  5,                                      !- Hour 3
  0,                                      !- Minute 3
  0.346084782361632,                      !- Value Until Time 3
  6,                                      !- Hour 4
  0,                                      !- Minute 4
  0.338561200136379,                      !- Value Until Time 4
  7,                                      !- Hour 5
  0,                                      !- Minute 5
  0.331037617911126,                      !- Value Until Time 5
  8,                                      !- Hour 6
  0,                                      !- Minute 6
  0.308466871235368,                      !- Value Until Time 6
  9,                                      !- Hour 7
  0,                                      !- Minute 7
  0.270848960109103,                      !- Value Until Time 7
  10,                                     !- Hour 8
  0,                                      !- Minute 8
  0.225707466757586,                      !- Value Until Time 8
  11,                                     !- Hour 9
  0,                                      !- Minute 9
  0.180565973406069,                      !- Value Until Time 9
  12,                                     !- Hour 10
  0,                                      !- Minute 10
  0.120377315604046,                      !- Value Until Time 10
  13,                                     !- Hour 11
  0,                                      !- Minute 11
  0.0902829867030344,                     !- Value Until Time 11
  15,                                     !- Hour 12
  0,                                      !- Minute 12
  0.0827594044777816,                     !- Value Until Time 12
  16,                                     !- Hour 13
  0,                                      !- Minute 13
  0.0902829867030344,                     !- Value Until Time 13
  17,                                     !- Hour 14
  0,                                      !- Minute 14
  0.142948062279805,                      !- Value Until Time 14
  18,                                     !- Hour 15
  0,                                      !- Minute 15
  0.285896124559609,                      !- Value Until Time 15
  19,                                     !- Hour 16
  0,                                      !- Minute 16
  0.361131946812138,                      !- Value Until Time 16
  20,                                     !- Hour 17
  0,                                      !- Minute 17
  0.451414933515172,                      !- Value Until Time 17
  21,                                     !- Hour 18
  0,                                      !- Minute 18
  0.624457324695988,                      !- Value Until Time 18
  22,                                     !- Hour 19
  0,                                      !- Minute 19
  0.737311058074781,                      !- Value Until Time 19
  23,                                     !- Hour 20
  0,                                      !- Minute 20
  0.639504489146494,                      !- Value Until Time 20
  24,                                     !- Hour 21
  0,                                      !- Minute 21
  0.443891351289919;                      !- Value Until Time 21

OS:Schedule:Rule,
  {04638ca3-5275-4319-8b77-c6408d79911b}, !- Handle
  exterior lighting schedule weekday ruleset4, !- Name
  {498564d3-b2e8-4c28-983b-6ad664ac8912}, !- Schedule Ruleset Name
  15,                                     !- Rule Order
  {246b9b30-7693-4f87-927f-a3d1e2775dea}, !- Day Schedule Name
  ,                                       !- Apply Sunday
  Yes,                                    !- Apply Monday
  Yes,                                    !- Apply Tuesday
  Yes,                                    !- Apply Wednesday
  Yes,                                    !- Apply Thursday
  Yes,                                    !- Apply Friday
  ,                                       !- Apply Saturday
  DateRange,                              !- Date Specification Type
  4,                                      !- Start Month
  1,                                      !- Start Day
  4,                                      !- End Month
  30;                                     !- End Day

OS:Schedule:Day,
  {246b9b30-7693-4f87-927f-a3d1e2775dea}, !- Handle
  exterior lighting schedule weekday4,    !- Name
  {6ada26ef-be23-44a6-9ac0-48fa5353139e}, !- Schedule Type Limits Name
  ,                                       !- Interpolate to Timestep
  5,                                      !- Hour 1
  0,                                      !- Minute 1
  0.344690684547486,                      !- Value Until Time 1
  6,                                      !- Hour 2
  0,                                      !- Minute 2
  0.277251202788196,                      !- Value Until Time 2
  7,                                      !- Hour 3
  0,                                      !- Minute 3
  0.262264651286131,                      !- Value Until Time 3
  8,                                      !- Hour 4
  0,                                      !- Minute 4
  0.254771375535099,                      !- Value Until Time 4
  9,                                      !- Hour 5
  0,                                      !- Minute 5
  0.247278099784066,                      !- Value Until Time 5
  10,                                     !- Hour 6
  0,                                      !- Minute 6
  0.209811721028905,                      !- Value Until Time 6
  11,                                     !- Hour 7
  0,                                      !- Minute 7
  0.164852066522711,                      !- Value Until Time 7
  12,                                     !- Hour 8
  0,                                      !- Minute 8
  0.112399136265485,                      !- Value Until Time 8
  13,                                     !- Hour 9
  0,                                      !- Minute 9
  0.0899193090123878,                     !- Value Until Time 9
  15,                                     !- Hour 10
  0,                                      !- Minute 10
  0.0824260332613555,                     !- Value Until Time 10
  16,                                     !- Hour 11
  0,                                      !- Minute 11
  0.0899193090123878,                     !- Value Until Time 11
  17,                                     !- Hour 12
  0,                                      !- Minute 12
  0.142372239269614,                      !- Value Until Time 12
  18,                                     !- Hour 13
  0,                                      !- Minute 13
  0.277251202788196,                      !- Value Until Time 13
  19,                                     !- Hour 14
  0,                                      !- Minute 14
  0.367170511800583,                      !- Value Until Time 14
  20,                                     !- Hour 15
  0,                                      !- Minute 15
  0.4870629238171,                        !- Value Until Time 15
  21,                                     !- Hour 16
  0,                                      !- Minute 16
  0.681888093343941,                      !- Value Until Time 16
  22,                                     !- Hour 17
  0,                                      !- Minute 17
  0.786793953858393,                      !- Value Until Time 17
  23,                                     !- Hour 18
  0,                                      !- Minute 18
  0.681888093343941,                      !- Value Until Time 18
  24,                                     !- Hour 19
  0,                                      !- Minute 19
  0.472076372315036;                      !- Value Until Time 19

OS:Schedule:Rule,
  {a81528ec-1242-407f-833d-0717ca6713ba}, !- Handle
  exterior lighting schedule weekend ruleset4, !- Name
  {498564d3-b2e8-4c28-983b-6ad664ac8912}, !- Schedule Ruleset Name
  14,                                     !- Rule Order
  {1b3308db-773a-4c14-baa3-03005b775096}, !- Day Schedule Name
  Yes,                                    !- Apply Sunday
  ,                                       !- Apply Monday
  ,                                       !- Apply Tuesday
  ,                                       !- Apply Wednesday
  ,                                       !- Apply Thursday
  ,                                       !- Apply Friday
  Yes,                                    !- Apply Saturday
  DateRange,                              !- Date Specification Type
  4,                                      !- Start Month
  1,                                      !- Start Day
  4,                                      !- End Month
  30;                                     !- End Day

OS:Schedule:Day,
  {1b3308db-773a-4c14-baa3-03005b775096}, !- Handle
  exterior lighting schedule weekend4,    !- Name
  {6ada26ef-be23-44a6-9ac0-48fa5353139e}, !- Schedule Type Limits Name
  ,                                       !- Interpolate to Timestep
  2,                                      !- Hour 1
  0,                                      !- Minute 1
  0.344690684547486,                      !- Value Until Time 1
  4,                                      !- Hour 2
  0,                                      !- Minute 2
  0.337197408796454,                      !- Value Until Time 2
  5,                                      !- Hour 3
  0,                                      !- Minute 3
  0.344690684547486,                      !- Value Until Time 3
  6,                                      !- Hour 4
  0,                                      !- Minute 4
  0.337197408796454,                      !- Value Until Time 4
  7,                                      !- Hour 5
  0,                                      !- Minute 5
  0.329704133045422,                      !- Value Until Time 5
  8,                                      !- Hour 6
  0,                                      !- Minute 6
  0.307224305792325,                      !- Value Until Time 6
  9,                                      !- Hour 7
  0,                                      !- Minute 7
  0.269757927037163,                      !- Value Until Time 7
  10,                                     !- Hour 8
  0,                                      !- Minute 8
  0.224798272530969,                      !- Value Until Time 8
  11,                                     !- Hour 9
  0,                                      !- Minute 9
  0.179838618024776,                      !- Value Until Time 9
  12,                                     !- Hour 10
  0,                                      !- Minute 10
  0.119892412016517,                      !- Value Until Time 10
  13,                                     !- Hour 11
  0,                                      !- Minute 11
  0.0899193090123878,                     !- Value Until Time 11
  15,                                     !- Hour 12
  0,                                      !- Minute 12
  0.0824260332613555,                     !- Value Until Time 12
  16,                                     !- Hour 13
  0,                                      !- Minute 13
  0.0899193090123878,                     !- Value Until Time 13
  17,                                     !- Hour 14
  0,                                      !- Minute 14
  0.142372239269614,                      !- Value Until Time 14
  18,                                     !- Hour 15
  0,                                      !- Minute 15
  0.284744478539228,                      !- Value Until Time 15
  19,                                     !- Hour 16
  0,                                      !- Minute 16
  0.359677236049551,                      !- Value Until Time 16
  20,                                     !- Hour 17
  0,                                      !- Minute 17
  0.449596545061939,                      !- Value Until Time 17
  21,                                     !- Hour 18
  0,                                      !- Minute 18
  0.621941887335682,                      !- Value Until Time 18
  22,                                     !- Hour 19
  0,                                      !- Minute 19
  0.734341023601167,                      !- Value Until Time 19
  23,                                     !- Hour 20
  0,                                      !- Minute 20
  0.636928438837747,                      !- Value Until Time 20
  24,                                     !- Hour 21
  0,                                      !- Minute 21
  0.442103269310907;                      !- Value Until Time 21

OS:Schedule:Rule,
  {79255f09-8c75-4767-8848-a5b9ce876c67}, !- Handle
  exterior lighting schedule weekday ruleset5, !- Name
  {498564d3-b2e8-4c28-983b-6ad664ac8912}, !- Schedule Ruleset Name
  13,                                     !- Rule Order
  {2364bb2d-5a85-4a4a-951c-4e15d5bf1c96}, !- Day Schedule Name
  ,                                       !- Apply Sunday
  Yes,                                    !- Apply Monday
  Yes,                                    !- Apply Tuesday
  Yes,                                    !- Apply Wednesday
  Yes,                                    !- Apply Thursday
  Yes,                                    !- Apply Friday
  ,                                       !- Apply Saturday
  DateRange,                              !- Date Specification Type
  5,                                      !- Start Month
  1,                                      !- Start Day
  5,                                      !- End Month
  31;                                     !- End Day

OS:Schedule:Day,
  {2364bb2d-5a85-4a4a-951c-4e15d5bf1c96}, !- Handle
  exterior lighting schedule weekday5,    !- Name
  {6ada26ef-be23-44a6-9ac0-48fa5353139e}, !- Schedule Type Limits Name
  ,                                       !- Interpolate to Timestep
  5,                                      !- Hour 1
  0,                                      !- Minute 1
  0.346084782361632,                      !- Value Until Time 1
  6,                                      !- Hour 2
  0,                                      !- Minute 2
  0.278372542334356,                      !- Value Until Time 2
  7,                                      !- Hour 3
  0,                                      !- Minute 3
  0.26332537788385,                       !- Value Until Time 3
  8,                                      !- Hour 4
  0,                                      !- Minute 4
  0.255801795658598,                      !- Value Until Time 4
  9,                                      !- Hour 5
  0,                                      !- Minute 5
  0.248278213433345,                      !- Value Until Time 5
  10,                                     !- Hour 6
  0,                                      !- Minute 6
  0.21066030230708,                       !- Value Until Time 6
  11,                                     !- Hour 7
  0,                                      !- Minute 7
  0.165518808955563,                      !- Value Until Time 7
  12,                                     !- Hour 8
  0,                                      !- Minute 8
  0.112853733378793,                      !- Value Until Time 8
  13,                                     !- Hour 9
  0,                                      !- Minute 9
  0.0902829867030344,                     !- Value Until Time 9
  15,                                     !- Hour 10
  0,                                      !- Minute 10
  0.0827594044777816,                     !- Value Until Time 10
  16,                                     !- Hour 11
  0,                                      !- Minute 11
  0.0902829867030344,                     !- Value Until Time 11
  17,                                     !- Hour 12
  0,                                      !- Minute 12
  0.142948062279805,                      !- Value Until Time 12
  18,                                     !- Hour 13
  0,                                      !- Minute 13
  0.278372542334356,                      !- Value Until Time 13
  19,                                     !- Hour 14
  0,                                      !- Minute 14
  0.368655529037391,                      !- Value Until Time 14
  20,                                     !- Hour 15
  0,                                      !- Minute 15
  0.489032844641437,                      !- Value Until Time 15
  21,                                     !- Hour 16
  0,                                      !- Minute 16
  0.684645982498011,                      !- Value Until Time 16
  22,                                     !- Hour 17
  0,                                      !- Minute 17
  0.789976133651551,                      !- Value Until Time 17
  23,                                     !- Hour 18
  0,                                      !- Minute 18
  0.684645982498011,                      !- Value Until Time 18
  24,                                     !- Hour 19
  0,                                      !- Minute 19
  0.473985680190931;                      !- Value Until Time 19

OS:Schedule:Rule,
  {adfd2b9c-9c3d-4a4a-864c-0f9c2535726c}, !- Handle
  exterior lighting schedule weekend ruleset5, !- Name
  {498564d3-b2e8-4c28-983b-6ad664ac8912}, !- Schedule Ruleset Name
  12,                                     !- Rule Order
  {6fe56f40-15df-4ca3-a96c-a22293a70f3c}, !- Day Schedule Name
  Yes,                                    !- Apply Sunday
  ,                                       !- Apply Monday
  ,                                       !- Apply Tuesday
  ,                                       !- Apply Wednesday
  ,                                       !- Apply Thursday
  ,                                       !- Apply Friday
  Yes,                                    !- Apply Saturday
  DateRange,                              !- Date Specification Type
  5,                                      !- Start Month
  1,                                      !- Start Day
  5,                                      !- End Month
  31;                                     !- End Day

OS:Schedule:Day,
  {6fe56f40-15df-4ca3-a96c-a22293a70f3c}, !- Handle
  exterior lighting schedule weekend5,    !- Name
  {6ada26ef-be23-44a6-9ac0-48fa5353139e}, !- Schedule Type Limits Name
  ,                                       !- Interpolate to Timestep
  2,                                      !- Hour 1
  0,                                      !- Minute 1
  0.346084782361632,                      !- Value Until Time 1
  4,                                      !- Hour 2
  0,                                      !- Minute 2
  0.338561200136379,                      !- Value Until Time 2
  5,                                      !- Hour 3
  0,                                      !- Minute 3
  0.346084782361632,                      !- Value Until Time 3
  6,                                      !- Hour 4
  0,                                      !- Minute 4
  0.338561200136379,                      !- Value Until Time 4
  7,                                      !- Hour 5
  0,                                      !- Minute 5
  0.331037617911126,                      !- Value Until Time 5
  8,                                      !- Hour 6
  0,                                      !- Minute 6
  0.308466871235368,                      !- Value Until Time 6
  9,                                      !- Hour 7
  0,                                      !- Minute 7
  0.270848960109103,                      !- Value Until Time 7
  10,                                     !- Hour 8
  0,                                      !- Minute 8
  0.225707466757586,                      !- Value Until Time 8
  11,                                     !- Hour 9
  0,                                      !- Minute 9
  0.180565973406069,                      !- Value Until Time 9
  12,                                     !- Hour 10
  0,                                      !- Minute 10
  0.120377315604046,                      !- Value Until Time 10
  13,                                     !- Hour 11
  0,                                      !- Minute 11
  0.0902829867030344,                     !- Value Until Time 11
  15,                                     !- Hour 12
  0,                                      !- Minute 12
  0.0827594044777816,                     !- Value Until Time 12
  16,                                     !- Hour 13
  0,                                      !- Minute 13
  0.0902829867030344,                     !- Value Until Time 13
  17,                                     !- Hour 14
  0,                                      !- Minute 14
  0.142948062279805,                      !- Value Until Time 14
  18,                                     !- Hour 15
  0,                                      !- Minute 15
  0.285896124559609,                      !- Value Until Time 15
  19,                                     !- Hour 16
  0,                                      !- Minute 16
  0.361131946812138,                      !- Value Until Time 16
  20,                                     !- Hour 17
  0,                                      !- Minute 17
  0.451414933515172,                      !- Value Until Time 17
  21,                                     !- Hour 18
  0,                                      !- Minute 18
  0.624457324695988,                      !- Value Until Time 18
  22,                                     !- Hour 19
  0,                                      !- Minute 19
  0.737311058074781,                      !- Value Until Time 19
  23,                                     !- Hour 20
  0,                                      !- Minute 20
  0.639504489146494,                      !- Value Until Time 20
  24,                                     !- Hour 21
  0,                                      !- Minute 21
  0.443891351289919;                      !- Value Until Time 21

OS:Schedule:Rule,
  {3ec5728d-edc7-46c3-90f6-d99d63aa9914}, !- Handle
  exterior lighting schedule weekday ruleset6, !- Name
  {498564d3-b2e8-4c28-983b-6ad664ac8912}, !- Schedule Ruleset Name
  11,                                     !- Rule Order
  {92cd63c7-9e08-443a-b591-eca5258ab00b}, !- Day Schedule Name
  ,                                       !- Apply Sunday
  Yes,                                    !- Apply Monday
  Yes,                                    !- Apply Tuesday
  Yes,                                    !- Apply Wednesday
  Yes,                                    !- Apply Thursday
  Yes,                                    !- Apply Friday
  ,                                       !- Apply Saturday
  DateRange,                              !- Date Specification Type
  6,                                      !- Start Month
  1,                                      !- Start Day
  6,                                      !- End Month
  30;                                     !- End Day

OS:Schedule:Day,
  {92cd63c7-9e08-443a-b591-eca5258ab00b}, !- Handle
  exterior lighting schedule weekday6,    !- Name
  {6ada26ef-be23-44a6-9ac0-48fa5353139e}, !- Schedule Type Limits Name
  ,                                       !- Interpolate to Timestep
  5,                                      !- Hour 1
  0,                                      !- Minute 1
  0.288229723074592,                      !- Value Until Time 1
  6,                                      !- Hour 2
  0,                                      !- Minute 2
  0.231836951168693,                      !- Value Until Time 2
  7,                                      !- Hour 3
  0,                                      !- Minute 3
  0.219305224078494,                      !- Value Until Time 3
  8,                                      !- Hour 4
  0,                                      !- Minute 4
  0.213039360533394,                      !- Value Until Time 4
  9,                                      !- Hour 5
  0,                                      !- Minute 5
  0.206773496988294,                      !- Value Until Time 5
  10,                                     !- Hour 6
  0,                                      !- Minute 6
  0.175444179262795,                      !- Value Until Time 6
  11,                                     !- Hour 7
  0,                                      !- Minute 7
  0.137848997992196,                      !- Value Until Time 7
  12,                                     !- Hour 8
  0,                                      !- Minute 8
  0.0939879531764973,                     !- Value Until Time 8
  13,                                     !- Hour 9
  0,                                      !- Minute 9
  0.0751903625411979,                     !- Value Until Time 9
  15,                                     !- Hour 10
  0,                                      !- Minute 10
  0.068924498996098,                      !- Value Until Time 10
  16,                                     !- Hour 11
  0,                                      !- Minute 11
  0.0751903625411979,                     !- Value Until Time 11
  17,                                     !- Hour 12
  0,                                      !- Minute 12
  0.119051407356897,                      !- Value Until Time 12
  18,                                     !- Hour 13
  0,                                      !- Minute 13
  0.231836951168693,                      !- Value Until Time 13
  19,                                     !- Hour 14
  0,                                      !- Minute 14
  0.307027313709891,                      !- Value Until Time 14
  20,                                     !- Hour 15
  0,                                      !- Minute 15
  0.407281130431488,                      !- Value Until Time 15
  21,                                     !- Hour 16
  0,                                      !- Minute 16
  0.570193582604084,                      !- Value Until Time 16
  22,                                     !- Hour 17
  0,                                      !- Minute 17
  0.657915672235481,                      !- Value Until Time 17
  23,                                     !- Hour 18
  0,                                      !- Minute 18
  0.570193582604084,                      !- Value Until Time 18
  24,                                     !- Hour 19
  0,                                      !- Minute 19
  0.394749403341289;                      !- Value Until Time 19

OS:Schedule:Rule,
  {5499de5b-ae1d-40ac-9e17-67713c21ec57}, !- Handle
  exterior lighting schedule weekend ruleset6, !- Name
  {498564d3-b2e8-4c28-983b-6ad664ac8912}, !- Schedule Ruleset Name
  10,                                     !- Rule Order
  {4370e36b-c6d7-4dbe-ac3e-82e127cfe84e}, !- Day Schedule Name
  Yes,                                    !- Apply Sunday
  ,                                       !- Apply Monday
  ,                                       !- Apply Tuesday
  ,                                       !- Apply Wednesday
  ,                                       !- Apply Thursday
  ,                                       !- Apply Friday
  Yes,                                    !- Apply Saturday
  DateRange,                              !- Date Specification Type
  6,                                      !- Start Month
  1,                                      !- Start Day
  6,                                      !- End Month
  30;                                     !- End Day

OS:Schedule:Day,
  {4370e36b-c6d7-4dbe-ac3e-82e127cfe84e}, !- Handle
  exterior lighting schedule weekend6,    !- Name
  {6ada26ef-be23-44a6-9ac0-48fa5353139e}, !- Schedule Type Limits Name
  ,                                       !- Interpolate to Timestep
  2,                                      !- Hour 1
  0,                                      !- Minute 1
  0.288229723074592,                      !- Value Until Time 1
  4,                                      !- Hour 2
  0,                                      !- Minute 2
  0.281963859529492,                      !- Value Until Time 2
  5,                                      !- Hour 3
  0,                                      !- Minute 3
  0.288229723074592,                      !- Value Until Time 3
  6,                                      !- Hour 4
  0,                                      !- Minute 4
  0.281963859529492,                      !- Value Until Time 4
  7,                                      !- Hour 5
  0,                                      !- Minute 5
  0.275697995984392,                      !- Value Until Time 5
  8,                                      !- Hour 6
  0,                                      !- Minute 6
  0.256900405349093,                      !- Value Until Time 6
  9,                                      !- Hour 7
  0,                                      !- Minute 7
  0.225571087623594,                      !- Value Until Time 7
  10,                                     !- Hour 8
  0,                                      !- Minute 8
  0.187975906352995,                      !- Value Until Time 8
  11,                                     !- Hour 9
  0,                                      !- Minute 9
  0.150380725082396,                      !- Value Until Time 9
  12,                                     !- Hour 10
  0,                                      !- Minute 10
  0.100253816721597,                      !- Value Until Time 10
  13,                                     !- Hour 11
  0,                                      !- Minute 11
  0.0751903625411979,                     !- Value Until Time 11
  15,                                     !- Hour 12
  0,                                      !- Minute 12
  0.068924498996098,                      !- Value Until Time 12
  16,                                     !- Hour 13
  0,                                      !- Minute 13
  0.0751903625411979,                     !- Value Until Time 13
  17,                                     !- Hour 14
  0,                                      !- Minute 14
  0.119051407356897,                      !- Value Until Time 14
  18,                                     !- Hour 15
  0,                                      !- Minute 15
  0.238102814713793,                      !- Value Until Time 15
  19,                                     !- Hour 16
  0,                                      !- Minute 16
  0.300761450164791,                      !- Value Until Time 16
  20,                                     !- Hour 17
  0,                                      !- Minute 17
  0.375951812705989,                      !- Value Until Time 17
  21,                                     !- Hour 18
  0,                                      !- Minute 18
  0.520066674243285,                      !- Value Until Time 18
  22,                                     !- Hour 19
  0,                                      !- Minute 19
  0.614054627419783,                      !- Value Until Time 19
  23,                                     !- Hour 20
  0,                                      !- Minute 20
  0.532598401333485,                      !- Value Until Time 20
  24,                                     !- Hour 21
  0,                                      !- Minute 21
  0.369685949160889;                      !- Value Until Time 21

OS:Schedule:Rule,
  {07579675-4e46-4575-86c3-7bdb52c41efb}, !- Handle
  exterior lighting schedule weekday ruleset7, !- Name
  {498564d3-b2e8-4c28-983b-6ad664ac8912}, !- Schedule Ruleset Name
  9,                                      !- Rule Order
  {cb68ba6b-0975-406e-84d0-67c582ac6f71}, !- Day Schedule Name
  ,                                       !- Apply Sunday
  Yes,                                    !- Apply Monday
  Yes,                                    !- Apply Tuesday
  Yes,                                    !- Apply Wednesday
  Yes,                                    !- Apply Thursday
  Yes,                                    !- Apply Friday
  ,                                       !- Apply Saturday
  DateRange,                              !- Date Specification Type
  7,                                      !- Start Month
  1,                                      !- Start Day
  8,                                      !- End Month
  31;                                     !- End Day

OS:Schedule:Day,
  {cb68ba6b-0975-406e-84d0-67c582ac6f71}, !- Handle
  exterior lighting schedule weekday7,    !- Name
  {6ada26ef-be23-44a6-9ac0-48fa5353139e}, !- Schedule Type Limits Name
  ,                                       !- Interpolate to Timestep
  5,                                      !- Hour 1
  0,                                      !- Minute 1
  0.286138576353373,                      !- Value Until Time 1
  6,                                      !- Hour 2
  0,                                      !- Minute 2
  0.230154941849453,                      !- Value Until Time 2
  7,                                      !- Hour 3
  0,                                      !- Minute 3
  0.217714134181915,                      !- Value Until Time 3
  8,                                      !- Hour 4
  0,                                      !- Minute 4
  0.211493730348146,                      !- Value Until Time 4
  9,                                      !- Hour 5
  0,                                      !- Minute 5
  0.205273326514377,                      !- Value Until Time 5
  10,                                     !- Hour 6
  0,                                      !- Minute 6
  0.174171307345532,                      !- Value Until Time 6
  11,                                     !- Hour 7
  0,                                      !- Minute 7
  0.136848884342918,                      !- Value Until Time 7
  12,                                     !- Hour 8
  0,                                      !- Minute 8
  0.0933060575065348,                     !- Value Until Time 8
  13,                                     !- Hour 9
  0,                                      !- Minute 9
  0.0746448460052279,                     !- Value Until Time 9
  15,                                     !- Hour 10
  0,                                      !- Minute 10
  0.0684244421714589,                     !- Value Until Time 10
  16,                                     !- Hour 11
  0,                                      !- Minute 11
  0.0746448460052279,                     !- Value Until Time 11
  17,                                     !- Hour 12
  0,                                      !- Minute 12
  0.118187672841611,                      !- Value Until Time 12
  18,                                     !- Hour 13
  0,                                      !- Minute 13
  0.230154941849453,                      !- Value Until Time 13
  19,                                     !- Hour 14
  0,                                      !- Minute 14
  0.30479978785468,                       !- Value Until Time 14
  20,                                     !- Hour 15
  0,                                      !- Minute 15
  0.404326249194984,                      !- Value Until Time 15
  21,                                     !- Hour 16
  0,                                      !- Minute 16
  0.566056748872978,                      !- Value Until Time 16
  22,                                     !- Hour 17
  0,                                      !- Minute 17
  0.653142402545744,                      !- Value Until Time 17
  23,                                     !- Hour 18
  0,                                      !- Minute 18
  0.566056748872978,                      !- Value Until Time 18
  24,                                     !- Hour 19
  0,                                      !- Minute 19
  0.391885441527446;                      !- Value Until Time 19

OS:Schedule:Rule,
  {4d30a2e1-e7dc-41da-8fc6-3d7f061db411}, !- Handle
  exterior lighting schedule weekend ruleset7, !- Name
  {498564d3-b2e8-4c28-983b-6ad664ac8912}, !- Schedule Ruleset Name
  8,                                      !- Rule Order
  {77be2394-9a0e-4d57-a28f-c4593f0b768c}, !- Day Schedule Name
  Yes,                                    !- Apply Sunday
  ,                                       !- Apply Monday
  ,                                       !- Apply Tuesday
  ,                                       !- Apply Wednesday
  ,                                       !- Apply Thursday
  ,                                       !- Apply Friday
  Yes,                                    !- Apply Saturday
  DateRange,                              !- Date Specification Type
  7,                                      !- Start Month
  1,                                      !- Start Day
  8,                                      !- End Month
  31;                                     !- End Day

OS:Schedule:Day,
  {77be2394-9a0e-4d57-a28f-c4593f0b768c}, !- Handle
  exterior lighting schedule weekend7,    !- Name
  {6ada26ef-be23-44a6-9ac0-48fa5353139e}, !- Schedule Type Limits Name
  ,                                       !- Interpolate to Timestep
  2,                                      !- Hour 1
  0,                                      !- Minute 1
  0.286138576353373,                      !- Value Until Time 1
  4,                                      !- Hour 2
  0,                                      !- Minute 2
  0.279918172519604,                      !- Value Until Time 2
  5,                                      !- Hour 3
  0,                                      !- Minute 3
  0.286138576353373,                      !- Value Until Time 3
  6,                                      !- Hour 4
  0,                                      !- Minute 4
  0.279918172519604,                      !- Value Until Time 4
  7,                                      !- Hour 5
  0,                                      !- Minute 5
  0.273697768685836,                      !- Value Until Time 5
  8,                                      !- Hour 6
  0,                                      !- Minute 6
  0.255036557184529,                      !- Value Until Time 6
  9,                                      !- Hour 7
  0,                                      !- Minute 7
  0.223934538015684,                      !- Value Until Time 7
  10,                                     !- Hour 8
  0,                                      !- Minute 8
  0.18661211501307,                       !- Value Until Time 8
  11,                                     !- Hour 9
  0,                                      !- Minute 9
  0.149289692010456,                      !- Value Until Time 9
  12,                                     !- Hour 10
  0,                                      !- Minute 10
  0.0995264613403038,                     !- Value Until Time 10
  13,                                     !- Hour 11
  0,                                      !- Minute 11
  0.0746448460052279,                     !- Value Until Time 11
  15,                                     !- Hour 12
  0,                                      !- Minute 12
  0.0684244421714589,                     !- Value Until Time 12
  16,                                     !- Hour 13
  0,                                      !- Minute 13
  0.0746448460052279,                     !- Value Until Time 13
  17,                                     !- Hour 14
  0,                                      !- Minute 14
  0.118187672841611,                      !- Value Until Time 14
  18,                                     !- Hour 15
  0,                                      !- Minute 15
  0.236375345683222,                      !- Value Until Time 15
  19,                                     !- Hour 16
  0,                                      !- Minute 16
  0.298579384020911,                      !- Value Until Time 16
  20,                                     !- Hour 17
  0,                                      !- Minute 17
  0.373224230026139,                      !- Value Until Time 17
  21,                                     !- Hour 18
  0,                                      !- Minute 18
  0.516293518202826,                      !- Value Until Time 18
  22,                                     !- Hour 19
  0,                                      !- Minute 19
  0.609599575709361,                      !- Value Until Time 19
  23,                                     !- Hour 20
  0,                                      !- Minute 20
  0.528734325870364,                      !- Value Until Time 20
  24,                                     !- Hour 21
  0,                                      !- Minute 21
  0.36700382619237;                       !- Value Until Time 21

OS:Schedule:Rule,
  {39027f28-8ee2-4b87-82c0-c3b4d4e877e7}, !- Handle
  exterior lighting schedule weekday ruleset9, !- Name
  {498564d3-b2e8-4c28-983b-6ad664ac8912}, !- Schedule Ruleset Name
  7,                                      !- Rule Order
  {df2c60dd-30ab-497f-b35a-4030384db264}, !- Day Schedule Name
  ,                                       !- Apply Sunday
  Yes,                                    !- Apply Monday
  Yes,                                    !- Apply Tuesday
  Yes,                                    !- Apply Wednesday
  Yes,                                    !- Apply Thursday
  Yes,                                    !- Apply Friday
  ,                                       !- Apply Saturday
  DateRange,                              !- Date Specification Type
  9,                                      !- Start Month
  1,                                      !- Start Day
  9,                                      !- End Month
  30;                                     !- End Day

OS:Schedule:Day,
  {df2c60dd-30ab-497f-b35a-4030384db264}, !- Handle
  exterior lighting schedule weekday9,    !- Name
  {6ada26ef-be23-44a6-9ac0-48fa5353139e}, !- Schedule Type Limits Name
  ,                                       !- Interpolate to Timestep
  5,                                      !- Hour 1
  0,                                      !- Minute 1
  0.288229723074592,                      !- Value Until Time 1
  6,                                      !- Hour 2
  0,                                      !- Minute 2
  0.231836951168693,                      !- Value Until Time 2
  7,                                      !- Hour 3
  0,                                      !- Minute 3
  0.219305224078494,                      !- Value Until Time 3
  8,                                      !- Hour 4
  0,                                      !- Minute 4
  0.213039360533394,                      !- Value Until Time 4
  9,                                      !- Hour 5
  0,                                      !- Minute 5
  0.206773496988294,                      !- Value Until Time 5
  10,                                     !- Hour 6
  0,                                      !- Minute 6
  0.175444179262795,                      !- Value Until Time 6
  11,                                     !- Hour 7
  0,                                      !- Minute 7
  0.137848997992196,                      !- Value Until Time 7
  12,                                     !- Hour 8
  0,                                      !- Minute 8
  0.0939879531764973,                     !- Value Until Time 8
  13,                                     !- Hour 9
  0,                                      !- Minute 9
  0.0751903625411979,                     !- Value Until Time 9
  15,                                     !- Hour 10
  0,                                      !- Minute 10
  0.068924498996098,                      !- Value Until Time 10
  16,                                     !- Hour 11
  0,                                      !- Minute 11
  0.0751903625411979,                     !- Value Until Time 11
  17,                                     !- Hour 12
  0,                                      !- Minute 12
  0.119051407356897,                      !- Value Until Time 12
  18,                                     !- Hour 13
  0,                                      !- Minute 13
  0.231836951168693,                      !- Value Until Time 13
  19,                                     !- Hour 14
  0,                                      !- Minute 14
  0.307027313709891,                      !- Value Until Time 14
  20,                                     !- Hour 15
  0,                                      !- Minute 15
  0.407281130431488,                      !- Value Until Time 15
  21,                                     !- Hour 16
  0,                                      !- Minute 16
  0.570193582604084,                      !- Value Until Time 16
  22,                                     !- Hour 17
  0,                                      !- Minute 17
  0.657915672235481,                      !- Value Until Time 17
  23,                                     !- Hour 18
  0,                                      !- Minute 18
  0.570193582604084,                      !- Value Until Time 18
  24,                                     !- Hour 19
  0,                                      !- Minute 19
  0.394749403341289;                      !- Value Until Time 19

OS:Schedule:Rule,
  {79b6a03d-b92b-4875-8d43-a8b5924fd0c0}, !- Handle
  exterior lighting schedule weekend ruleset9, !- Name
  {498564d3-b2e8-4c28-983b-6ad664ac8912}, !- Schedule Ruleset Name
  6,                                      !- Rule Order
  {697e505d-06be-480c-8774-a7b6e5d0f846}, !- Day Schedule Name
  Yes,                                    !- Apply Sunday
  ,                                       !- Apply Monday
  ,                                       !- Apply Tuesday
  ,                                       !- Apply Wednesday
  ,                                       !- Apply Thursday
  ,                                       !- Apply Friday
  Yes,                                    !- Apply Saturday
  DateRange,                              !- Date Specification Type
  9,                                      !- Start Month
  1,                                      !- Start Day
  9,                                      !- End Month
  30;                                     !- End Day

OS:Schedule:Day,
  {697e505d-06be-480c-8774-a7b6e5d0f846}, !- Handle
  exterior lighting schedule weekend9,    !- Name
  {6ada26ef-be23-44a6-9ac0-48fa5353139e}, !- Schedule Type Limits Name
  ,                                       !- Interpolate to Timestep
  2,                                      !- Hour 1
  0,                                      !- Minute 1
  0.288229723074592,                      !- Value Until Time 1
  4,                                      !- Hour 2
  0,                                      !- Minute 2
  0.281963859529492,                      !- Value Until Time 2
  5,                                      !- Hour 3
  0,                                      !- Minute 3
  0.288229723074592,                      !- Value Until Time 3
  6,                                      !- Hour 4
  0,                                      !- Minute 4
  0.281963859529492,                      !- Value Until Time 4
  7,                                      !- Hour 5
  0,                                      !- Minute 5
  0.275697995984392,                      !- Value Until Time 5
  8,                                      !- Hour 6
  0,                                      !- Minute 6
  0.256900405349093,                      !- Value Until Time 6
  9,                                      !- Hour 7
  0,                                      !- Minute 7
  0.225571087623594,                      !- Value Until Time 7
  10,                                     !- Hour 8
  0,                                      !- Minute 8
  0.187975906352995,                      !- Value Until Time 8
  11,                                     !- Hour 9
  0,                                      !- Minute 9
  0.150380725082396,                      !- Value Until Time 9
  12,                                     !- Hour 10
  0,                                      !- Minute 10
  0.100253816721597,                      !- Value Until Time 10
  13,                                     !- Hour 11
  0,                                      !- Minute 11
  0.0751903625411979,                     !- Value Until Time 11
  15,                                     !- Hour 12
  0,                                      !- Minute 12
  0.068924498996098,                      !- Value Until Time 12
  16,                                     !- Hour 13
  0,                                      !- Minute 13
  0.0751903625411979,                     !- Value Until Time 13
  17,                                     !- Hour 14
  0,                                      !- Minute 14
  0.119051407356897,                      !- Value Until Time 14
  18,                                     !- Hour 15
  0,                                      !- Minute 15
  0.238102814713793,                      !- Value Until Time 15
  19,                                     !- Hour 16
  0,                                      !- Minute 16
  0.300761450164791,                      !- Value Until Time 16
  20,                                     !- Hour 17
  0,                                      !- Minute 17
  0.375951812705989,                      !- Value Until Time 17
  21,                                     !- Hour 18
  0,                                      !- Minute 18
  0.520066674243285,                      !- Value Until Time 18
  22,                                     !- Hour 19
  0,                                      !- Minute 19
  0.614054627419783,                      !- Value Until Time 19
  23,                                     !- Hour 20
  0,                                      !- Minute 20
  0.532598401333485,                      !- Value Until Time 20
  24,                                     !- Hour 21
  0,                                      !- Minute 21
  0.369685949160889;                      !- Value Until Time 21

OS:Schedule:Rule,
  {cf578af4-b06e-4aed-8038-f1539dda2173}, !- Handle
  exterior lighting schedule weekday ruleset10, !- Name
  {498564d3-b2e8-4c28-983b-6ad664ac8912}, !- Schedule Ruleset Name
  5,                                      !- Rule Order
  {5e424a90-37af-4a4b-aa36-f10c21bfce2e}, !- Day Schedule Name
  ,                                       !- Apply Sunday
  Yes,                                    !- Apply Monday
  Yes,                                    !- Apply Tuesday
  Yes,                                    !- Apply Wednesday
  Yes,                                    !- Apply Thursday
  Yes,                                    !- Apply Friday
  ,                                       !- Apply Saturday
  DateRange,                              !- Date Specification Type
  10,                                     !- Start Month
  1,                                      !- Start Day
  10,                                     !- End Month
  31;                                     !- End Day

OS:Schedule:Day,
  {5e424a90-37af-4a4b-aa36-f10c21bfce2e}, !- Handle
  exterior lighting schedule weekday10,   !- Name
  {6ada26ef-be23-44a6-9ac0-48fa5353139e}, !- Schedule Type Limits Name
  ,                                       !- Interpolate to Timestep
  5,                                      !- Hour 1
  0,                                      !- Minute 1
  0.345039209001023,                      !- Value Until Time 1
  6,                                      !- Hour 2
  0,                                      !- Minute 2
  0.277531537674736,                      !- Value Until Time 2
  7,                                      !- Hour 3
  0,                                      !- Minute 3
  0.262529832935561,                      !- Value Until Time 3
  8,                                      !- Hour 4
  0,                                      !- Minute 4
  0.255028980565973,                      !- Value Until Time 4
  9,                                      !- Hour 5
  0,                                      !- Minute 5
  0.247528128196386,                      !- Value Until Time 5
  10,                                     !- Hour 6
  0,                                      !- Minute 6
  0.210023866348449,                      !- Value Until Time 6
  11,                                     !- Hour 7
  0,                                      !- Minute 7
  0.165018752130924,                      !- Value Until Time 7
  12,                                     !- Hour 8
  0,                                      !- Minute 8
  0.112512785543812,                      !- Value Until Time 8
  13,                                     !- Hour 9
  0,                                      !- Minute 9
  0.0900102284350494,                     !- Value Until Time 9
  15,                                     !- Hour 10
  0,                                      !- Minute 10
  0.082509376065462,                      !- Value Until Time 10
  16,                                     !- Hour 11
  0,                                      !- Minute 11
  0.0900102284350494,                     !- Value Until Time 11
  17,                                     !- Hour 12
  0,                                      !- Minute 12
  0.142516195022162,                      !- Value Until Time 12
  18,                                     !- Hour 13
  0,                                      !- Minute 13
  0.277531537674736,                      !- Value Until Time 13
  19,                                     !- Hour 14
  0,                                      !- Minute 14
  0.367541766109785,                      !- Value Until Time 14
  20,                                     !- Hour 15
  0,                                      !- Minute 15
  0.487555404023184,                      !- Value Until Time 15
  21,                                     !- Hour 16
  0,                                      !- Minute 16
  0.682577565632458,                      !- Value Until Time 16
  22,                                     !- Hour 17
  0,                                      !- Minute 17
  0.787589498806682,                      !- Value Until Time 17
  23,                                     !- Hour 18
  0,                                      !- Minute 18
  0.682577565632458,                      !- Value Until Time 18
  24,                                     !- Hour 19
  0,                                      !- Minute 19
  0.47255369928401;                       !- Value Until Time 19

OS:Schedule:Rule,
  {cf49e158-a7ad-4b6c-92f1-f8bfa337b9d5}, !- Handle
  exterior lighting schedule weekend ruleset10, !- Name
  {498564d3-b2e8-4c28-983b-6ad664ac8912}, !- Schedule Ruleset Name
  4,                                      !- Rule Order
  {60b6bfd5-e6f8-486c-93e4-e9dc68d43ebe}, !- Day Schedule Name
  Yes,                                    !- Apply Sunday
  ,                                       !- Apply Monday
  ,                                       !- Apply Tuesday
  ,                                       !- Apply Wednesday
  ,                                       !- Apply Thursday
  ,                                       !- Apply Friday
  Yes,                                    !- Apply Saturday
  DateRange,                              !- Date Specification Type
  10,                                     !- Start Month
  1,                                      !- Start Day
  10,                                     !- End Month
  31;                                     !- End Day

OS:Schedule:Day,
  {60b6bfd5-e6f8-486c-93e4-e9dc68d43ebe}, !- Handle
  exterior lighting schedule weekend10,   !- Name
  {6ada26ef-be23-44a6-9ac0-48fa5353139e}, !- Schedule Type Limits Name
  ,                                       !- Interpolate to Timestep
  2,                                      !- Hour 1
  0,                                      !- Minute 1
  0.345039209001023,                      !- Value Until Time 1
  4,                                      !- Hour 2
  0,                                      !- Minute 2
  0.337538356631435,                      !- Value Until Time 2
  5,                                      !- Hour 3
  0,                                      !- Minute 3
  0.345039209001023,                      !- Value Until Time 3
  6,                                      !- Hour 4
  0,                                      !- Minute 4
  0.337538356631435,                      !- Value Until Time 4
  7,                                      !- Hour 5
  0,                                      !- Minute 5
  0.330037504261848,                      !- Value Until Time 5
  8,                                      !- Hour 6
  0,                                      !- Minute 6
  0.307534947153086,                      !- Value Until Time 6
  9,                                      !- Hour 7
  0,                                      !- Minute 7
  0.270030685305148,                      !- Value Until Time 7
  10,                                     !- Hour 8
  0,                                      !- Minute 8
  0.225025571087624,                      !- Value Until Time 8
  11,                                     !- Hour 9
  0,                                      !- Minute 9
  0.180020456870099,                      !- Value Until Time 9
  12,                                     !- Hour 10
  0,                                      !- Minute 10
  0.120013637913399,                      !- Value Until Time 10
  13,                                     !- Hour 11
  0,                                      !- Minute 11
  0.0900102284350494,                     !- Value Until Time 11
  15,                                     !- Hour 12
  0,                                      !- Minute 12
  0.082509376065462,                      !- Value Until Time 12
  16,                                     !- Hour 13
  0,                                      !- Minute 13
  0.0900102284350494,                     !- Value Until Time 13
  17,                                     !- Hour 14
  0,                                      !- Minute 14
  0.142516195022162,                      !- Value Until Time 14
  18,                                     !- Hour 15
  0,                                      !- Minute 15
  0.285032390044323,                      !- Value Until Time 15
  19,                                     !- Hour 16
  0,                                      !- Minute 16
  0.360040913740198,                      !- Value Until Time 16
  20,                                     !- Hour 17
  0,                                      !- Minute 17
  0.450051142175247,                      !- Value Until Time 17
  21,                                     !- Hour 18
  0,                                      !- Minute 18
  0.622570746675759,                      !- Value Until Time 18
  22,                                     !- Hour 19
  0,                                      !- Minute 19
  0.73508353221957,                       !- Value Until Time 19
  23,                                     !- Hour 20
  0,                                      !- Minute 20
  0.637572451414934,                      !- Value Until Time 20
  24,                                     !- Hour 21
  0,                                      !- Minute 21
  0.44255028980566;                       !- Value Until Time 21

OS:Schedule:Rule,
  {49094c8f-3a69-491f-918d-b389614a1d0c}, !- Handle
  exterior lighting schedule weekday ruleset11, !- Name
  {498564d3-b2e8-4c28-983b-6ad664ac8912}, !- Schedule Ruleset Name
  3,                                      !- Rule Order
  {5f9c5d35-a088-44d6-bdb2-50159cadd9fa}, !- Day Schedule Name
  ,                                       !- Apply Sunday
  Yes,                                    !- Apply Monday
  Yes,                                    !- Apply Tuesday
  Yes,                                    !- Apply Wednesday
  Yes,                                    !- Apply Thursday
  Yes,                                    !- Apply Friday
  ,                                       !- Apply Saturday
  DateRange,                              !- Date Specification Type
  11,                                     !- Start Month
  1,                                      !- Start Day
  11,                                     !- End Month
  30;                                     !- End Day

OS:Schedule:Day,
  {5f9c5d35-a088-44d6-bdb2-50159cadd9fa}, !- Handle
  exterior lighting schedule weekday11,   !- Name
  {6ada26ef-be23-44a6-9ac0-48fa5353139e}, !- Schedule Type Limits Name
  ,                                       !- Interpolate to Timestep
  5,                                      !- Hour 1
  0,                                      !- Minute 1
  0.343993635640414,                      !- Value Until Time 1
  6,                                      !- Hour 2
  0,                                      !- Minute 2
  0.276690533015115,                      !- Value Until Time 2
  7,                                      !- Hour 3
  0,                                      !- Minute 3
  0.261734287987271,                      !- Value Until Time 3
  8,                                      !- Hour 4
  0,                                      !- Minute 4
  0.254256165473349,                      !- Value Until Time 4
  9,                                      !- Hour 5
  0,                                      !- Minute 5
  0.246778042959427,                      !- Value Until Time 5
  10,                                     !- Hour 6
  0,                                      !- Minute 6
  0.209387430389817,                      !- Value Until Time 6
  11,                                     !- Hour 7
  0,                                      !- Minute 7
  0.164518695306285,                      !- Value Until Time 7
  12,                                     !- Hour 8
  0,                                      !- Minute 8
  0.112171837708831,                      !- Value Until Time 8
  13,                                     !- Hour 9
  0,                                      !- Minute 9
  0.0897374701670644,                     !- Value Until Time 9
  15,                                     !- Hour 10
  0,                                      !- Minute 10
  0.0822593476531424,                     !- Value Until Time 10
  16,                                     !- Hour 11
  0,                                      !- Minute 11
  0.0897374701670644,                     !- Value Until Time 11
  17,                                     !- Hour 12
  0,                                      !- Minute 12
  0.142084327764519,                      !- Value Until Time 12
  18,                                     !- Hour 13
  0,                                      !- Minute 13
  0.276690533015115,                      !- Value Until Time 13
  19,                                     !- Hour 14
  0,                                      !- Minute 14
  0.36642800318218,                       !- Value Until Time 14
  20,                                     !- Hour 15
  0,                                      !- Minute 15
  0.486077963404932,                      !- Value Until Time 15
  21,                                     !- Hour 16
  0,                                      !- Minute 16
  0.680509148766905,                      !- Value Until Time 16
  22,                                     !- Hour 17
  0,                                      !- Minute 17
  0.785202863961814,                      !- Value Until Time 17
  23,                                     !- Hour 18
  0,                                      !- Minute 18
  0.680509148766905,                      !- Value Until Time 18
  24,                                     !- Hour 19
  0,                                      !- Minute 19
  0.471121718377088;                      !- Value Until Time 19

OS:Schedule:Rule,
  {b5412a08-66e5-4e22-b16b-91f3f4e00503}, !- Handle
  exterior lighting schedule weekend ruleset11, !- Name
  {498564d3-b2e8-4c28-983b-6ad664ac8912}, !- Schedule Ruleset Name
  2,                                      !- Rule Order
  {f75ce677-3e7f-4787-86aa-b4b8175042e0}, !- Day Schedule Name
  Yes,                                    !- Apply Sunday
  ,                                       !- Apply Monday
  ,                                       !- Apply Tuesday
  ,                                       !- Apply Wednesday
  ,                                       !- Apply Thursday
  ,                                       !- Apply Friday
  Yes,                                    !- Apply Saturday
  DateRange,                              !- Date Specification Type
  11,                                     !- Start Month
  1,                                      !- Start Day
  11,                                     !- End Month
  30;                                     !- End Day

OS:Schedule:Day,
  {f75ce677-3e7f-4787-86aa-b4b8175042e0}, !- Handle
  exterior lighting schedule weekend11,   !- Name
  {6ada26ef-be23-44a6-9ac0-48fa5353139e}, !- Schedule Type Limits Name
  ,                                       !- Interpolate to Timestep
  2,                                      !- Hour 1
  0,                                      !- Minute 1
  0.343993635640414,                      !- Value Until Time 1
  4,                                      !- Hour 2
  0,                                      !- Minute 2
  0.336515513126492,                      !- Value Until Time 2
  5,                                      !- Hour 3
  0,                                      !- Minute 3
  0.343993635640414,                      !- Value Until Time 3
  6,                                      !- Hour 4
  0,                                      !- Minute 4
  0.336515513126492,                      !- Value Until Time 4
  7,                                      !- Hour 5
  0,                                      !- Minute 5
  0.32903739061257,                       !- Value Until Time 5
  8,                                      !- Hour 6
  0,                                      !- Minute 6
  0.306603023070804,                      !- Value Until Time 6
  9,                                      !- Hour 7
  0,                                      !- Minute 7
  0.269212410501193,                      !- Value Until Time 7
  10,                                     !- Hour 8
  0,                                      !- Minute 8
  0.224343675417661,                      !- Value Until Time 8
  11,                                     !- Hour 9
  0,                                      !- Minute 9
  0.179474940334129,                      !- Value Until Time 9
  12,                                     !- Hour 10
  0,                                      !- Minute 10
  0.119649960222753,                      !- Value Until Time 10
  13,                                     !- Hour 11
  0,                                      !- Minute 11
  0.0897374701670644,                     !- Value Until Time 11
  15,                                     !- Hour 12
  0,                                      !- Minute 12
  0.0822593476531424,                     !- Value Until Time 12
  16,                                     !- Hour 13
  0,                                      !- Minute 13
  0.0897374701670644,                     !- Value Until Time 13
  17,                                     !- Hour 14
  0,                                      !- Minute 14
  0.142084327764519,                      !- Value Until Time 14
  18,                                     !- Hour 15
  0,                                      !- Minute 15
  0.284168655529037,                      !- Value Until Time 15
  19,                                     !- Hour 16
  0,                                      !- Minute 16
  0.358949880668258,                      !- Value Until Time 16
  20,                                     !- Hour 17
  0,                                      !- Minute 17
  0.448687350835322,                      !- Value Until Time 17
  21,                                     !- Hour 18
  0,                                      !- Minute 18
  0.620684168655529,                      !- Value Until Time 18
  22,                                     !- Hour 19
  0,                                      !- Minute 19
  0.73285600636436,                       !- Value Until Time 19
  23,                                     !- Hour 20
  0,                                      !- Minute 20
  0.635640413683373,                      !- Value Until Time 20
  24,                                     !- Hour 21
  0,                                      !- Minute 21
  0.4412092283214;                        !- Value Until Time 21

OS:Schedule:Rule,
  {f23ac883-0a34-4ff8-981d-102c428e2939}, !- Handle
  exterior lighting schedule weekday ruleset12, !- Name
  {498564d3-b2e8-4c28-983b-6ad664ac8912}, !- Schedule Ruleset Name
  1,                                      !- Rule Order
  {f5206c10-dad1-4921-8da1-86e3eb9248ff}, !- Day Schedule Name
  ,                                       !- Apply Sunday
  Yes,                                    !- Apply Monday
  Yes,                                    !- Apply Tuesday
  Yes,                                    !- Apply Wednesday
  Yes,                                    !- Apply Thursday
  Yes,                                    !- Apply Friday
  ,                                       !- Apply Saturday
  DateRange,                              !- Date Specification Type
  12,                                     !- Start Month
  1,                                      !- Start Day
  12,                                     !- End Month
  31;                                     !- End Day

OS:Schedule:Day,
  {f5206c10-dad1-4921-8da1-86e3eb9248ff}, !- Handle
  exterior lighting schedule weekday12,   !- Name
  {6ada26ef-be23-44a6-9ac0-48fa5353139e}, !- Schedule Type Limits Name
  ,                                       !- Interpolate to Timestep
  5,                                      !- Hour 1
  0,                                      !- Minute 1
  0.434958518013411,                      !- Value Until Time 1
  6,                                      !- Hour 2
  0,                                      !- Minute 2
  0.349857938402091,                      !- Value Until Time 2
  7,                                      !- Hour 3
  0,                                      !- Minute 3
  0.330946698488465,                      !- Value Until Time 3
  8,                                      !- Hour 4
  0,                                      !- Minute 4
  0.321491078531651,                      !- Value Until Time 4
  9,                                      !- Hour 5
  0,                                      !- Minute 5
  0.312035458574838,                      !- Value Until Time 5
  10,                                     !- Hour 6
  0,                                      !- Minute 6
  0.264757358790772,                      !- Value Until Time 6
  11,                                     !- Hour 7
  0,                                      !- Minute 7
  0.208023639049892,                      !- Value Until Time 7
  12,                                     !- Hour 8
  0,                                      !- Minute 8
  0.141834299352199,                      !- Value Until Time 8
  13,                                     !- Hour 9
  0,                                      !- Minute 9
  0.113467439481759,                      !- Value Until Time 9
  15,                                     !- Hour 10
  0,                                      !- Minute 10
  0.104011819524946,                      !- Value Until Time 10
  16,                                     !- Hour 11
  0,                                      !- Minute 11
  0.113467439481759,                      !- Value Until Time 11
  17,                                     !- Hour 12
  0,                                      !- Minute 12
  0.179656779179452,                      !- Value Until Time 12
  18,                                     !- Hour 13
  0,                                      !- Minute 13
  0.349857938402091,                      !- Value Until Time 13
  19,                                     !- Hour 14
  0,                                      !- Minute 14
  0.463325377883851,                      !- Value Until Time 14
  20,                                     !- Hour 15
  0,                                      !- Minute 15
  0.614615297192863,                      !- Value Until Time 15
  21,                                     !- Hour 16
  0,                                      !- Minute 16
  0.860461416070008,                      !- Value Until Time 16
  22,                                     !- Hour 17
  0,                                      !- Minute 17
  0.992840095465394,                      !- Value Until Time 17
  23,                                     !- Hour 18
  0,                                      !- Minute 18
  0.860461416070008,                      !- Value Until Time 18
  24,                                     !- Hour 19
  0,                                      !- Minute 19
  0.595704057279236;                      !- Value Until Time 19

OS:Schedule:Rule,
  {9b86ac41-dc23-45f5-9bd6-ec5402348f76}, !- Handle
  exterior lighting schedule weekend ruleset12, !- Name
  {498564d3-b2e8-4c28-983b-6ad664ac8912}, !- Schedule Ruleset Name
  0,                                      !- Rule Order
  {b1c7431c-37bf-49a0-98f8-f76429fdd82f}, !- Day Schedule Name
  Yes,                                    !- Apply Sunday
  ,                                       !- Apply Monday
  ,                                       !- Apply Tuesday
  ,                                       !- Apply Wednesday
  ,                                       !- Apply Thursday
  ,                                       !- Apply Friday
  Yes,                                    !- Apply Saturday
  DateRange,                              !- Date Specification Type
  12,                                     !- Start Month
  1,                                      !- Start Day
  12,                                     !- End Month
  31;                                     !- End Day

OS:Schedule:Day,
  {b1c7431c-37bf-49a0-98f8-f76429fdd82f}, !- Handle
  exterior lighting schedule weekend12,   !- Name
  {6ada26ef-be23-44a6-9ac0-48fa5353139e}, !- Schedule Type Limits Name
  ,                                       !- Interpolate to Timestep
  2,                                      !- Hour 1
  0,                                      !- Minute 1
  0.434958518013411,                      !- Value Until Time 1
  4,                                      !- Hour 2
  0,                                      !- Minute 2
  0.425502898056597,                      !- Value Until Time 2
  5,                                      !- Hour 3
  0,                                      !- Minute 3
  0.434958518013411,                      !- Value Until Time 3
  6,                                      !- Hour 4
  0,                                      !- Minute 4
  0.425502898056597,                      !- Value Until Time 4
  7,                                      !- Hour 5
  0,                                      !- Minute 5
  0.416047278099784,                      !- Value Until Time 5
  8,                                      !- Hour 6
  0,                                      !- Minute 6
  0.387680418229344,                      !- Value Until Time 6
  9,                                      !- Hour 7
  0,                                      !- Minute 7
  0.340402318445278,                      !- Value Until Time 7
  10,                                     !- Hour 8
  0,                                      !- Minute 8
  0.283668598704398,                      !- Value Until Time 8
  11,                                     !- Hour 9
  0,                                      !- Minute 9
  0.226934878963519,                      !- Value Until Time 9
  12,                                     !- Hour 10
  0,                                      !- Minute 10
  0.151289919309012,                      !- Value Until Time 10
  13,                                     !- Hour 11
  0,                                      !- Minute 11
  0.113467439481759,                      !- Value Until Time 11
  15,                                     !- Hour 12
  0,                                      !- Minute 12
  0.104011819524946,                      !- Value Until Time 12
  16,                                     !- Hour 13
  0,                                      !- Minute 13
  0.113467439481759,                      !- Value Until Time 13
  17,                                     !- Hour 14
  0,                                      !- Minute 14
  0.179656779179452,                      !- Value Until Time 14
  18,                                     !- Hour 15
  0,                                      !- Minute 15
  0.359313558358904,                      !- Value Until Time 15
  19,                                     !- Hour 16
  0,                                      !- Minute 16
  0.453869757927037,                      !- Value Until Time 16
  20,                                     !- Hour 17
  0,                                      !- Minute 17
  0.567337197408797,                      !- Value Until Time 17
  21,                                     !- Hour 18
  0,                                      !- Minute 18
  0.784816456415502,                      !- Value Until Time 18
  22,                                     !- Hour 19
  0,                                      !- Minute 19
  0.926650755767701,                      !- Value Until Time 19
  23,                                     !- Hour 20
  0,                                      !- Minute 20
  0.803727696329128,                      !- Value Until Time 20
  24,                                     !- Hour 21
  0,                                      !- Minute 21
  0.557881577451983;                      !- Value Until Time 21

OS:Exterior:Lights:Definition,
  {edef41fa-6141-44fe-aa7d-c2d9003ba65a}, !- Handle
  exterior lighting,                      !- Name
  75.5505965827049;                       !- Design Level {W}

OS:Exterior:Lights,
  {bbe1cae3-2b29-495a-9dae-db76d1f38a8e}, !- Handle
  exterior lighting,                      !- Name
  {edef41fa-6141-44fe-aa7d-c2d9003ba65a}, !- Exterior Lights Definition Name
  {498564d3-b2e8-4c28-983b-6ad664ac8912}, !- Schedule Name
  ,                                       !- Control Option
  ,                                       !- Multiplier
  exterior lighting;                      !- End-Use Subcategory

OS:Schedule:Ruleset,
  {37a8ae5c-1124-427e-9605-3133ef2e4ea1}, !- Handle
  cooling season schedule,                !- Name
  {6ada26ef-be23-44a6-9ac0-48fa5353139e}, !- Schedule Type Limits Name
  {bd17d699-6b76-4621-854f-c85369570f01}; !- Default Day Schedule Name

OS:Schedule:Day,
  {bd17d699-6b76-4621-854f-c85369570f01}, !- Handle
  cooling season schedule default day,    !- Name
  {6ada26ef-be23-44a6-9ac0-48fa5353139e}, !- Schedule Type Limits Name
  ,                                       !- Interpolate to Timestep
  24,                                     !- Hour 1
  0,                                      !- Minute 1
  0;                                      !- Value Until Time 1

OS:Schedule:Rule,
  {0cb74ac6-5439-4135-85b1-ec9977e08229}, !- Handle
  cooling season schedule allday ruleset1, !- Name
  {37a8ae5c-1124-427e-9605-3133ef2e4ea1}, !- Schedule Ruleset Name
  2,                                      !- Rule Order
  {3119da74-c21a-4dde-9fa7-bcc7acc2f206}, !- Day Schedule Name
  Yes,                                    !- Apply Sunday
  Yes,                                    !- Apply Monday
  Yes,                                    !- Apply Tuesday
  Yes,                                    !- Apply Wednesday
  Yes,                                    !- Apply Thursday
  Yes,                                    !- Apply Friday
  Yes,                                    !- Apply Saturday
  DateRange,                              !- Date Specification Type
  1,                                      !- Start Month
  1,                                      !- Start Day
  4,                                      !- End Month
  30;                                     !- End Day

OS:Schedule:Day,
  {3119da74-c21a-4dde-9fa7-bcc7acc2f206}, !- Handle
  cooling season schedule allday1,        !- Name
  {6ada26ef-be23-44a6-9ac0-48fa5353139e}, !- Schedule Type Limits Name
  ,                                       !- Interpolate to Timestep
  24,                                     !- Hour 1
  0,                                      !- Minute 1
  0;                                      !- Value Until Time 1

OS:Schedule:Rule,
  {44b296f8-c517-4dd9-8a3a-7a659818adb7}, !- Handle
  cooling season schedule allday ruleset5, !- Name
  {37a8ae5c-1124-427e-9605-3133ef2e4ea1}, !- Schedule Ruleset Name
  1,                                      !- Rule Order
  {5c639552-23ae-419d-a345-c9a821557295}, !- Day Schedule Name
  Yes,                                    !- Apply Sunday
  Yes,                                    !- Apply Monday
  Yes,                                    !- Apply Tuesday
  Yes,                                    !- Apply Wednesday
  Yes,                                    !- Apply Thursday
  Yes,                                    !- Apply Friday
  Yes,                                    !- Apply Saturday
  DateRange,                              !- Date Specification Type
  5,                                      !- Start Month
  1,                                      !- Start Day
  10,                                     !- End Month
  31;                                     !- End Day

OS:Schedule:Day,
  {5c639552-23ae-419d-a345-c9a821557295}, !- Handle
  cooling season schedule allday5,        !- Name
  {6ada26ef-be23-44a6-9ac0-48fa5353139e}, !- Schedule Type Limits Name
  ,                                       !- Interpolate to Timestep
  24,                                     !- Hour 1
  0,                                      !- Minute 1
  1;                                      !- Value Until Time 1

OS:Schedule:Rule,
  {18edc79a-50b4-4ac7-aa78-c8f2ddcf9c60}, !- Handle
  cooling season schedule allday ruleset11, !- Name
  {37a8ae5c-1124-427e-9605-3133ef2e4ea1}, !- Schedule Ruleset Name
  0,                                      !- Rule Order
  {9569b919-006a-4247-b4ea-9979923165fe}, !- Day Schedule Name
  Yes,                                    !- Apply Sunday
  Yes,                                    !- Apply Monday
  Yes,                                    !- Apply Tuesday
  Yes,                                    !- Apply Wednesday
  Yes,                                    !- Apply Thursday
  Yes,                                    !- Apply Friday
  Yes,                                    !- Apply Saturday
  DateRange,                              !- Date Specification Type
  11,                                     !- Start Month
  1,                                      !- Start Day
  12,                                     !- End Month
  31;                                     !- End Day

OS:Schedule:Day,
  {9569b919-006a-4247-b4ea-9979923165fe}, !- Handle
  cooling season schedule allday11,       !- Name
  {6ada26ef-be23-44a6-9ac0-48fa5353139e}, !- Schedule Type Limits Name
  ,                                       !- Interpolate to Timestep
  24,                                     !- Hour 1
  0,                                      !- Minute 1
  0;                                      !- Value Until Time 1

OS:EnergyManagementSystem:Sensor,
  {cc128056-4965-4436-99ac-2911c59e1515}, !- Handle
  cool_season,                            !- Name
  cooling season schedule,                !- Output Variable or Output Meter Index Key Name
  Schedule Value;                         !- Output Variable or Output Meter Name

OS:EnergyManagementSystem:Sensor,
  {8f6254c8-ae62-4501-b653-5e9091688b4e}, !- Handle
  out_pb_s,                               !- Name
  ,                                       !- Output Variable or Output Meter Index Key Name
  Site Outdoor Air Barometric Pressure;   !- Output Variable or Output Meter Name

OS:EnergyManagementSystem:Sensor,
  {ee9bb0f4-4654-4841-a888-0cc936e012f9}, !- Handle
  out_wt_s,                               !- Name
  ,                                       !- Output Variable or Output Meter Index Key Name
  Site Outdoor Air Humidity Ratio;        !- Output Variable or Output Meter Name

OS:EnergyManagementSystem:Sensor,
  {8f7b67c3-7c9d-4feb-89a0-9d109266c900}, !- Handle
  win_s,                                  !- Name
  conditioned space,                      !- Output Variable or Output Meter Index Key Name
  Zone Air Humidity Ratio;                !- Output Variable or Output Meter Name

OS:EnergyManagementSystem:Sensor,
  {a3695432-c8f2-4ee4-bc7e-3d9381200a27}, !- Handle
  site_vw_s,                              !- Name
  ,                                       !- Output Variable or Output Meter Index Key Name
  Site Wind Speed;                        !- Output Variable or Output Meter Name

OS:EnergyManagementSystem:Sensor,
  {23ca7c29-51a6-4d84-afcb-82b13665b758}, !- Handle
  tin_s,                                  !- Name
  conditioned space,                      !- Output Variable or Output Meter Index Key Name
  Zone Mean Air Temperature;              !- Output Variable or Output Meter Name

OS:EnergyManagementSystem:Sensor,
  {a9a28b6e-2322-46f2-9a2e-12230b8941ee}, !- Handle
  tout_s,                                 !- Name
  conditioned space,                      !- Output Variable or Output Meter Index Key Name
  Zone Outdoor Air Drybulb Temperature;   !- Output Variable or Output Meter Name

OS:EnergyManagementSystem:GlobalVariable,
  {7652850f-9149-4530-a2a4-e7b4da20382d}, !- Handle
  central_ac_and_furnace_airloop_Fan_RTF; !- Name

OS:EnergyManagementSystem:InternalVariable,
  {9b5b204c-28c5-4110-b0fa-b8f8b59835dd}, !- Handle
  central_ac_and_furnace_airloop_max_sup_fan_mfr, !- Name
  central ac and furnace supply fan,      !- Internal Data Index Key Name
  Fan Maximum Mass Flow Rate;             !- Internal Data Type

OS:EnergyManagementSystem:Sensor,
  {f37c0a30-a567-4a2a-9899-eedd5bcdb998}, !- Handle
  central_ac_and_furnace_airloop_Fan_RTF_s, !- Name
  central ac and furnace supply fan,      !- Output Variable or Output Meter Index Key Name
  Fan Runtime Fraction Speed 1;           !- Output Variable or Output Meter Name

OS:EnergyManagementSystem:Sensor,
  {8b4687af-8bb9-4f77-9953-b298b836631d}, !- Handle
  central_ac_and_furnace_airloop_Fan_RTF_s_1, !- Name
  central ac and furnace supply fan,      !- Output Variable or Output Meter Index Key Name
  Fan Runtime Fraction Speed 2;           !- Output Variable or Output Meter Name

OS:ThermalZone,
  {13cf381a-04e8-4461-b43c-02bc257d9455}, !- Handle
  central ac and furnace airloop ret air zone, !- Name
  1,                                      !- Multiplier
  ,                                       !- Ceiling Height {m}
  1,                                      !- Volume {m3}
  ,                                       !- Floor Area {m2}
  ,                                       !- Zone Inside Convection Algorithm
  ,                                       !- Zone Outside Convection Algorithm
  ,                                       !- Zone Conditioning Equipment List Name
  {28fab7e5-5b93-46ef-98a4-14af516c768a}, !- Zone Air Inlet Port List
  {98625492-335c-420c-b5e9-ca263f9fab17}, !- Zone Air Exhaust Port List
  {448f37be-ee18-4af5-9680-c77eb3d83b7b}, !- Zone Air Node Name
  {e17168aa-eec3-4f2c-ab67-cc60aeace936}, !- Zone Return Air Port List
  ,                                       !- Primary Daylighting Control Name
  ,                                       !- Fraction of Zone Controlled by Primary Daylighting Control
  ,                                       !- Secondary Daylighting Control Name
  ,                                       !- Fraction of Zone Controlled by Secondary Daylighting Control
  ,                                       !- Illuminance Map Name
  ,                                       !- Group Rendering Name
  ,                                       !- Thermostat Name
  No;                                     !- Use Ideal Air Loads

OS:Node,
  {5fbb933d-1431-4e58-9cc2-ace215c84e2e}, !- Handle
  Node 24,                                !- Name
  {448f37be-ee18-4af5-9680-c77eb3d83b7b}, !- Inlet Port
  ;                                       !- Outlet Port

OS:Connection,
  {448f37be-ee18-4af5-9680-c77eb3d83b7b}, !- Handle
  {13cf381a-04e8-4461-b43c-02bc257d9455}, !- Source Object
  11,                                     !- Outlet Port
  {5fbb933d-1431-4e58-9cc2-ace215c84e2e}, !- Target Object
  2;                                      !- Inlet Port

OS:PortList,
  {28fab7e5-5b93-46ef-98a4-14af516c768a}, !- Handle
  {13cf381a-04e8-4461-b43c-02bc257d9455}; !- HVAC Component

OS:PortList,
  {98625492-335c-420c-b5e9-ca263f9fab17}, !- Handle
  {13cf381a-04e8-4461-b43c-02bc257d9455}; !- HVAC Component

OS:PortList,
  {e17168aa-eec3-4f2c-ab67-cc60aeace936}, !- Handle
  {13cf381a-04e8-4461-b43c-02bc257d9455}; !- HVAC Component

OS:Sizing:Zone,
  {b8c6d981-631f-4f71-b929-5f7e2fa7f3f8}, !- Handle
  {13cf381a-04e8-4461-b43c-02bc257d9455}, !- Zone or ZoneList Name
  SupplyAirTemperature,                   !- Zone Cooling Design Supply Air Temperature Input Method
  14,                                     !- Zone Cooling Design Supply Air Temperature {C}
  11.11,                                  !- Zone Cooling Design Supply Air Temperature Difference {deltaC}
  SupplyAirTemperature,                   !- Zone Heating Design Supply Air Temperature Input Method
  40,                                     !- Zone Heating Design Supply Air Temperature {C}
  11.11,                                  !- Zone Heating Design Supply Air Temperature Difference {deltaC}
  0.0085,                                 !- Zone Cooling Design Supply Air Humidity Ratio {kg-H2O/kg-air}
  0.008,                                  !- Zone Heating Design Supply Air Humidity Ratio {kg-H2O/kg-air}
  ,                                       !- Zone Heating Sizing Factor
  ,                                       !- Zone Cooling Sizing Factor
  DesignDay,                              !- Cooling Design Air Flow Method
  ,                                       !- Cooling Design Air Flow Rate {m3/s}
  ,                                       !- Cooling Minimum Air Flow per Zone Floor Area {m3/s-m2}
  ,                                       !- Cooling Minimum Air Flow {m3/s}
  ,                                       !- Cooling Minimum Air Flow Fraction
  DesignDay,                              !- Heating Design Air Flow Method
  ,                                       !- Heating Design Air Flow Rate {m3/s}
  ,                                       !- Heating Maximum Air Flow per Zone Floor Area {m3/s-m2}
  ,                                       !- Heating Maximum Air Flow {m3/s}
  ,                                       !- Heating Maximum Air Flow Fraction
  No,                                     !- Account for Dedicated Outdoor Air System
  NeutralSupplyAir,                       !- Dedicated Outdoor Air System Control Strategy
  autosize,                               !- Dedicated Outdoor Air Low Setpoint Temperature for Design {C}
  autosize,                               !- Dedicated Outdoor Air High Setpoint Temperature for Design {C}
  Sensible Load Only No Latent Load,      !- Zone Load Sizing Method
  HumidityRatioDifference,                !- Zone Latent Cooling Design Supply Air Humidity Ratio Input Method
  ,                                       !- Zone Dehumidification Design Supply Air Humidity Ratio {kgWater/kgDryAir}
  0.005,                                  !- Zone Cooling Design Supply Air Humidity Ratio Difference {kgWater/kgDryAir}
  HumidityRatioDifference,                !- Zone Latent Heating Design Supply Air Humidity Ratio Input Method
  ,                                       !- Zone Humidification Design Supply Air Humidity Ratio {kgWater/kgDryAir}
  0.005;                                  !- Zone Humidification Design Supply Air Humidity Ratio Difference {kgWater/kgDryAir}

OS:ZoneHVAC:EquipmentList,
  {e47d5d40-7b92-41b4-97a1-ab41eb87e7a1}, !- Handle
  Zone HVAC Equipment List 5,             !- Name
  {13cf381a-04e8-4461-b43c-02bc257d9455}; !- Thermal Zone

OS:Space,
  {5a3144dd-d4f5-4325-a62c-2188d989f7f1}, !- Handle
  central ac and furnace airloop ret air space, !- Name
  ,                                       !- Space Type Name
  ,                                       !- Default Construction Set Name
  ,                                       !- Default Schedule Set Name
  ,                                       !- Direction of Relative North {deg}
  ,                                       !- X Origin {m}
  ,                                       !- Y Origin {m}
  ,                                       !- Z Origin {m}
  ,                                       !- Building Story Name
  {13cf381a-04e8-4461-b43c-02bc257d9455}, !- Thermal Zone Name
  ,                                       !- Part of Total Floor Area
  ,                                       !- Design Specification Outdoor Air Object Name
  {423cf595-e722-4c3b-92d2-a00a6e2ce09b}; !- Building Unit Name

OS:Surface,
  {6cd97e69-e9f9-47c1-b0ad-1057306b769b}, !- Handle
  Surface 1,                              !- Name
  Floor,                                  !- Surface Type
  {8e2b7c0a-3c89-4ddb-b295-d7a2328ff297}, !- Construction Name
  {5a3144dd-d4f5-4325-a62c-2188d989f7f1}, !- Space Name
  Adiabatic,                              !- Outside Boundary Condition
  ,                                       !- Outside Boundary Condition Object
  NoSun,                                  !- Sun Exposure
  NoWind,                                 !- Wind Exposure
  ,                                       !- View Factor to Ground
  ,                                       !- Number of Vertices
  0, 0, 0,                                !- X,Y,Z Vertex 1 {m}
  0, 1, 0,                                !- X,Y,Z Vertex 2 {m}
  1, 1, 0,                                !- X,Y,Z Vertex 3 {m}
  1, 0, 0;                                !- X,Y,Z Vertex 4 {m}

OS:Surface,
  {0fc86d28-06ba-4dbf-ad32-d4cb8ee7d2c1}, !- Handle
  Surface 2,                              !- Name
  Wall,                                   !- Surface Type
  {8e2b7c0a-3c89-4ddb-b295-d7a2328ff297}, !- Construction Name
  {5a3144dd-d4f5-4325-a62c-2188d989f7f1}, !- Space Name
  Adiabatic,                              !- Outside Boundary Condition
  ,                                       !- Outside Boundary Condition Object
  NoSun,                                  !- Sun Exposure
  NoWind,                                 !- Wind Exposure
  ,                                       !- View Factor to Ground
  ,                                       !- Number of Vertices
  0, 0, 1,                                !- X,Y,Z Vertex 1 {m}
  0, 1, 1,                                !- X,Y,Z Vertex 2 {m}
  0, 1, 0,                                !- X,Y,Z Vertex 3 {m}
  0, 0, 0;                                !- X,Y,Z Vertex 4 {m}

OS:Surface,
  {2de003c5-4864-4179-bf7e-036c9322de95}, !- Handle
  Surface 3,                              !- Name
  Wall,                                   !- Surface Type
  {8e2b7c0a-3c89-4ddb-b295-d7a2328ff297}, !- Construction Name
  {5a3144dd-d4f5-4325-a62c-2188d989f7f1}, !- Space Name
  Adiabatic,                              !- Outside Boundary Condition
  ,                                       !- Outside Boundary Condition Object
  NoSun,                                  !- Sun Exposure
  NoWind,                                 !- Wind Exposure
  ,                                       !- View Factor to Ground
  ,                                       !- Number of Vertices
  0, 1, 1,                                !- X,Y,Z Vertex 1 {m}
  1, 1, 1,                                !- X,Y,Z Vertex 2 {m}
  1, 1, 0,                                !- X,Y,Z Vertex 3 {m}
  0, 1, 0;                                !- X,Y,Z Vertex 4 {m}

OS:Surface,
  {cb9f1b58-34d2-42fc-aaab-bf5dd5a7b432}, !- Handle
  Surface 4,                              !- Name
  Wall,                                   !- Surface Type
  {8e2b7c0a-3c89-4ddb-b295-d7a2328ff297}, !- Construction Name
  {5a3144dd-d4f5-4325-a62c-2188d989f7f1}, !- Space Name
  Adiabatic,                              !- Outside Boundary Condition
  ,                                       !- Outside Boundary Condition Object
  NoSun,                                  !- Sun Exposure
  NoWind,                                 !- Wind Exposure
  ,                                       !- View Factor to Ground
  ,                                       !- Number of Vertices
  1, 1, 1,                                !- X,Y,Z Vertex 1 {m}
  1, 0, 1,                                !- X,Y,Z Vertex 2 {m}
  1, 0, 0,                                !- X,Y,Z Vertex 3 {m}
  1, 1, 0;                                !- X,Y,Z Vertex 4 {m}

OS:Surface,
  {d5c2f9d2-2040-454a-b409-2388ff293fca}, !- Handle
  Surface 5,                              !- Name
  Wall,                                   !- Surface Type
  {8e2b7c0a-3c89-4ddb-b295-d7a2328ff297}, !- Construction Name
  {5a3144dd-d4f5-4325-a62c-2188d989f7f1}, !- Space Name
  Adiabatic,                              !- Outside Boundary Condition
  ,                                       !- Outside Boundary Condition Object
  NoSun,                                  !- Sun Exposure
  NoWind,                                 !- Wind Exposure
  ,                                       !- View Factor to Ground
  ,                                       !- Number of Vertices
  1, 0, 1,                                !- X,Y,Z Vertex 1 {m}
  0, 0, 1,                                !- X,Y,Z Vertex 2 {m}
  0, 0, 0,                                !- X,Y,Z Vertex 3 {m}
  1, 0, 0;                                !- X,Y,Z Vertex 4 {m}

OS:Surface,
  {2d60d97b-a283-4170-b456-0b6642e6ee6d}, !- Handle
  Surface 6,                              !- Name
  RoofCeiling,                            !- Surface Type
  {8e2b7c0a-3c89-4ddb-b295-d7a2328ff297}, !- Construction Name
  {5a3144dd-d4f5-4325-a62c-2188d989f7f1}, !- Space Name
  Adiabatic,                              !- Outside Boundary Condition
  ,                                       !- Outside Boundary Condition Object
  NoSun,                                  !- Sun Exposure
  NoWind,                                 !- Wind Exposure
  ,                                       !- View Factor to Ground
  ,                                       !- Number of Vertices
  1, 0, 1,                                !- X,Y,Z Vertex 1 {m}
  1, 1, 1,                                !- X,Y,Z Vertex 2 {m}
  0, 1, 1,                                !- X,Y,Z Vertex 3 {m}
  0, 0, 1;                                !- X,Y,Z Vertex 4 {m}

OS:Material:NoMass,
  {be03f264-9c2c-4670-b028-7d1649637c71}, !- Handle
  Adiabatic,                              !- Name
  Rough,                                  !- Roughness
  176.1;                                  !- Thermal Resistance {m2-K/W}

OS:Construction,
  {8e2b7c0a-3c89-4ddb-b295-d7a2328ff297}, !- Handle
  AdiabaticConst,                         !- Name
  ,                                       !- Surface Rendering Name
  {be03f264-9c2c-4670-b028-7d1649637c71}; !- Layer 1

OS:SurfaceProperty:ConvectionCoefficients,
  {31578a17-94ba-4b8b-a6f8-3abb0337670d}, !- Handle
  {0fc86d28-06ba-4dbf-ad32-d4cb8ee7d2c1}, !- Surface Name
  Inside,                                 !- Convection Coefficient 1 Location
  Value,                                  !- Convection Coefficient 1 Type
  30;                                     !- Convection Coefficient 1 {W/m2-K}

OS:SurfaceProperty:ConvectionCoefficients,
  {dd18274f-d1d5-40d2-81a5-caa217eb255f}, !- Handle
  {cb9f1b58-34d2-42fc-aaab-bf5dd5a7b432}, !- Surface Name
  Inside,                                 !- Convection Coefficient 1 Location
  Value,                                  !- Convection Coefficient 1 Type
  30;                                     !- Convection Coefficient 1 {W/m2-K}

OS:SurfaceProperty:ConvectionCoefficients,
  {fc53aad6-7bc2-42e1-a7eb-3fd4f43466f2}, !- Handle
  {d5c2f9d2-2040-454a-b409-2388ff293fca}, !- Surface Name
  Inside,                                 !- Convection Coefficient 1 Location
  Value,                                  !- Convection Coefficient 1 Type
  30;                                     !- Convection Coefficient 1 {W/m2-K}

OS:SurfaceProperty:ConvectionCoefficients,
  {815db88e-ad78-4598-9521-249a94fd3c9d}, !- Handle
  {2d60d97b-a283-4170-b456-0b6642e6ee6d}, !- Surface Name
  Inside,                                 !- Convection Coefficient 1 Location
  Value,                                  !- Convection Coefficient 1 Type
  30;                                     !- Convection Coefficient 1 {W/m2-K}

OS:SurfaceProperty:ConvectionCoefficients,
  {7c0c6444-f75e-4476-80fb-9b498de54ae0}, !- Handle
  {6cd97e69-e9f9-47c1-b0ad-1057306b769b}, !- Surface Name
  Inside,                                 !- Convection Coefficient 1 Location
  Value,                                  !- Convection Coefficient 1 Type
  30;                                     !- Convection Coefficient 1 {W/m2-K}

OS:SurfaceProperty:ConvectionCoefficients,
  {87cd171a-c7a0-4c8e-a201-0ef20641d775}, !- Handle
  {2de003c5-4864-4179-bf7e-036c9322de95}, !- Surface Name
  Inside,                                 !- Convection Coefficient 1 Location
  Value,                                  !- Convection Coefficient 1 Type
  30;                                     !- Convection Coefficient 1 {W/m2-K}

OS:AirLoopHVAC:ReturnPlenum,
  {b70079ba-7b99-49a7-bd49-75998d6c82ca}, !- Handle
  Air Loop HVAC Return Plenum 1,          !- Name
  {13cf381a-04e8-4461-b43c-02bc257d9455}, !- ThermalZone
  {42bc8e09-c6a0-4df8-b115-43040504b9b0}, !- Outlet Node
  ,                                       !- Induced Air Outlet Port List
  {3d41c59d-debc-4c21-8824-b6ebbc6611c8}; !- Inlet Node 1

OS:Node,
  {b71ec275-7eec-420c-895b-927498ee0e8b}, !- Handle
  Node 26,                                !- Name
  {42bc8e09-c6a0-4df8-b115-43040504b9b0}, !- Inlet Port
  {e4187c60-3cfd-4ed5-942d-fa2dfd36cc75}; !- Outlet Port

OS:Connection,
  {3d41c59d-debc-4c21-8824-b6ebbc6611c8}, !- Handle
  {317d67e6-5341-46b8-ab18-35eef945c26a}, !- Source Object
  3,                                      !- Outlet Port
  {b70079ba-7b99-49a7-bd49-75998d6c82ca}, !- Target Object
  5;                                      !- Inlet Port

OS:Connection,
  {42bc8e09-c6a0-4df8-b115-43040504b9b0}, !- Handle
  {b70079ba-7b99-49a7-bd49-75998d6c82ca}, !- Source Object
  3,                                      !- Outlet Port
  {b71ec275-7eec-420c-895b-927498ee0e8b}, !- Target Object
  2;                                      !- Inlet Port

OS:Connection,
  {e4187c60-3cfd-4ed5-942d-fa2dfd36cc75}, !- Handle
  {b71ec275-7eec-420c-895b-927498ee0e8b}, !- Source Object
  3,                                      !- Outlet Port
  {4ffc4607-1f9c-4ece-a76c-700c25191426}, !- Target Object
  3;                                      !- Inlet Port

OS:EnergyManagementSystem:GlobalVariable,
  {a570aa44-8d7b-4b58-91a2-8a25ce038af5}, !- Handle
  central_ac_and_furnace_airloop_AH_MFR;  !- Name

OS:EnergyManagementSystem:Sensor,
  {1f3991cd-0ace-4bb0-9625-122e440876c0}, !- Handle
  central_ac_and_furnace_airloop_AH_MFR_s, !- Name
  Node 7,                                 !- Output Variable or Output Meter Index Key Name
  System Node Mass Flow Rate;             !- Output Variable or Output Meter Name

OS:EnergyManagementSystem:GlobalVariable,
  {fa34c2f0-9a52-41cd-97e0-c638d22f7abb}, !- Handle
  central_ac_and_furnace_airloop_AH_VFR;  !- Name

OS:EnergyManagementSystem:Sensor,
  {93dc04e9-4e99-4851-97aa-4fc73ac5f903}, !- Handle
  central_ac_and_furnace_airloop_AH_VFR_s, !- Name
  Node 7,                                 !- Output Variable or Output Meter Index Key Name
  System Node Current Density Volume Flow Rate; !- Output Variable or Output Meter Name

OS:EnergyManagementSystem:GlobalVariable,
  {d8d9c657-5814-4eae-aa6b-7758b6b2c19a}, !- Handle
  central_ac_and_furnace_airloop_AH_Tout; !- Name

OS:EnergyManagementSystem:Sensor,
  {af116d4a-66da-44c2-9ccf-d311d918cd01}, !- Handle
  central_ac_and_furnace_airloop_AH_Tout_s, !- Name
  Node 7,                                 !- Output Variable or Output Meter Index Key Name
  System Node Temperature;                !- Output Variable or Output Meter Name

OS:EnergyManagementSystem:GlobalVariable,
  {3894eb7c-1978-4296-9ab6-a9386ad08e75}, !- Handle
  central_ac_and_furnace_airloop_AH_Wout; !- Name

OS:EnergyManagementSystem:Sensor,
  {78b8e2ce-292a-44d9-b5c0-c5436e931f32}, !- Handle
  central_ac_and_furnace_airloop_AH_Wout_s, !- Name
  Node 7,                                 !- Output Variable or Output Meter Index Key Name
  System Node Humidity Ratio;             !- Output Variable or Output Meter Name

OS:EnergyManagementSystem:GlobalVariable,
  {f3960806-cbc6-4719-865e-8c30e996c18b}, !- Handle
  central_ac_and_furnace_airloop_RA_T;    !- Name

OS:EnergyManagementSystem:Sensor,
  {80954b70-ee1d-4975-a905-c6112337e1f6}, !- Handle
  central_ac_and_furnace_airloop_RA_T_s,  !- Name
  Node 10,                                !- Output Variable or Output Meter Index Key Name
  System Node Temperature;                !- Output Variable or Output Meter Name

OS:EnergyManagementSystem:GlobalVariable,
  {e75d3302-27dc-46b2-9860-ffbf7340876a}, !- Handle
  central_ac_and_furnace_airloop_Ra_W;    !- Name

OS:EnergyManagementSystem:Sensor,
  {235739b4-aca7-4e41-a215-ed10166118a5}, !- Handle
  central_ac_and_furnace_airloop_Ra_W_s,  !- Name
  Node 10,                                !- Output Variable or Output Meter Index Key Name
  System Node Humidity Ratio;             !- Output Variable or Output Meter Name

OS:EnergyManagementSystem:GlobalVariable,
  {f2bac8e6-11e0-4e90-a652-bee6d21065e3}, !- Handle
  central_ac_and_furnace_airloop_0_DZ_T;  !- Name

OS:EnergyManagementSystem:Sensor,
  {dd898f3d-cef7-478d-95a3-c1ee6ef501e2}, !- Handle
  central_ac_and_furnace_airloop_0_DZ_T_s, !- Name
  basement - unconditioned,               !- Output Variable or Output Meter Index Key Name
  Zone Air Temperature;                   !- Output Variable or Output Meter Name

OS:EnergyManagementSystem:GlobalVariable,
  {ace733e8-9975-45e3-b20e-9aa5aa5a84b4}, !- Handle
  central_ac_and_furnace_airloop_0_DZ_W;  !- Name

OS:EnergyManagementSystem:Sensor,
  {27f3a7e0-8367-4b96-aa05-ace566387dd7}, !- Handle
  central_ac_and_furnace_airloop_0_DZ_W_s, !- Name
  basement - unconditioned,               !- Output Variable or Output Meter Index Key Name
  Zone Mean Air Humidity Ratio;           !- Output Variable or Output Meter Name

OS:EnergyManagementSystem:GlobalVariable,
  {d3efdbb4-0f6c-49a1-a491-1397e71ff8fa}, !- Handle
  central_ac_and_furnace_airloop_0_SupSensLkToCond; !- Name

OS:OtherEquipment:Definition,
  {7250b477-b94a-494d-92e9-dd37ef12111d}, !- Handle
  central_ac_and_furnace_airloop_0_SupSensLkToCond equip, !- Name
  EquipmentLevel,                         !- Design Level Calculation Method
  0,                                      !- Design Level {W}
  ,                                       !- Watts per Space Floor Area {W/m2}
  ,                                       !- Watts per Person {W/Person}
  0,                                      !- Fraction Latent
  0,                                      !- Fraction Radiant
  0;                                      !- Fraction Lost

OS:OtherEquipment,
  {ee76afae-252a-41e8-85b3-c6577cd78c3b}, !- Handle
  central_ac_and_furnace_airloop_0_SupSensLkToCond equip, !- Name
  {7250b477-b94a-494d-92e9-dd37ef12111d}, !- Other Equipment Definition Name
  {1671f505-4a93-4013-a313-0347ee079f4b}, !- Space or SpaceType Name
  {23d1c39e-508f-424b-aef0-aa9368e6d64f}, !- Schedule Name
  ,                                       !- Multiplier
  None,                                   !- Fuel Type
  duct load;                              !- End-Use Subcategory

OS:EnergyManagementSystem:Actuator,
  {ac4cb838-ee7a-43e7-8742-529162a5a4c9}, !- Handle
  central_ac_and_furnace_airloop_0_SupSensLkToCond_equip_act, !- Name
  {ee76afae-252a-41e8-85b3-c6577cd78c3b}, !- Actuated Component Name
  OtherEquipment,                         !- Actuated Component Type
  Power Level,                            !- Actuated Component Control Type
  {1671f505-4a93-4013-a313-0347ee079f4b}; !- Zone or Space Name

OS:EnergyManagementSystem:GlobalVariable,
  {e78bae33-06bb-4d33-a5de-98bbf3fa3c1a}, !- Handle
  central_ac_and_furnace_airloop_0_SupLatLkToCond; !- Name

OS:OtherEquipment:Definition,
  {83eb6192-7936-4d33-aadf-314e7a1545b6}, !- Handle
  central_ac_and_furnace_airloop_0_SupLatLkToCond equip, !- Name
  EquipmentLevel,                         !- Design Level Calculation Method
  0,                                      !- Design Level {W}
  ,                                       !- Watts per Space Floor Area {W/m2}
  ,                                       !- Watts per Person {W/Person}
  1,                                      !- Fraction Latent
  0,                                      !- Fraction Radiant
  0;                                      !- Fraction Lost

OS:OtherEquipment,
  {6134fe46-7aa8-4775-8aec-3b7298da5c7a}, !- Handle
  central_ac_and_furnace_airloop_0_SupLatLkToCond equip, !- Name
  {83eb6192-7936-4d33-aadf-314e7a1545b6}, !- Other Equipment Definition Name
  {1671f505-4a93-4013-a313-0347ee079f4b}, !- Space or SpaceType Name
  {23d1c39e-508f-424b-aef0-aa9368e6d64f}, !- Schedule Name
  ,                                       !- Multiplier
  None,                                   !- Fuel Type
  duct load;                              !- End-Use Subcategory

OS:EnergyManagementSystem:Actuator,
  {d2a816dd-7eb2-4ec3-add9-92ee56fae500}, !- Handle
  central_ac_and_furnace_airloop_0_SupLatLkToCond_equip_act, !- Name
  {6134fe46-7aa8-4775-8aec-3b7298da5c7a}, !- Actuated Component Name
  OtherEquipment,                         !- Actuated Component Type
  Power Level,                            !- Actuated Component Control Type
  {1671f505-4a93-4013-a313-0347ee079f4b}; !- Zone or Space Name

OS:EnergyManagementSystem:GlobalVariable,
  {be017d9c-acb2-4a1f-bc5c-8310bf3e5612}, !- Handle
  central_ac_and_furnace_airloop_0_SupCondToLv; !- Name

OS:OtherEquipment:Definition,
  {138dad97-7e2c-4199-9987-177467ce4ba4}, !- Handle
  central_ac_and_furnace_airloop_0_SupCondToLv equip, !- Name
  EquipmentLevel,                         !- Design Level Calculation Method
  0,                                      !- Design Level {W}
  ,                                       !- Watts per Space Floor Area {W/m2}
  ,                                       !- Watts per Person {W/Person}
  0,                                      !- Fraction Latent
  0,                                      !- Fraction Radiant
  0;                                      !- Fraction Lost

OS:OtherEquipment,
  {bd029f6d-ebb2-4877-bd74-4a112b079721}, !- Handle
  central_ac_and_furnace_airloop_0_SupCondToLv equip, !- Name
  {138dad97-7e2c-4199-9987-177467ce4ba4}, !- Other Equipment Definition Name
  {1671f505-4a93-4013-a313-0347ee079f4b}, !- Space or SpaceType Name
  {23d1c39e-508f-424b-aef0-aa9368e6d64f}, !- Schedule Name
  ,                                       !- Multiplier
  None,                                   !- Fuel Type
  duct load;                              !- End-Use Subcategory

OS:EnergyManagementSystem:Actuator,
  {7b83013a-983b-4bcb-99c1-3415d75d8feb}, !- Handle
  central_ac_and_furnace_airloop_0_SupCondToLv_equip_act, !- Name
  {bd029f6d-ebb2-4877-bd74-4a112b079721}, !- Actuated Component Name
  OtherEquipment,                         !- Actuated Component Type
  Power Level,                            !- Actuated Component Control Type
  {1671f505-4a93-4013-a313-0347ee079f4b}; !- Zone or Space Name

OS:EnergyManagementSystem:GlobalVariable,
  {f4a2ef3a-1aa4-4004-8abd-dc07fefa46dd}, !- Handle
  central_ac_and_furnace_airloop_0_RetCondToRP; !- Name

OS:OtherEquipment:Definition,
  {34281a16-f583-4b85-b56a-8e4dd48a9388}, !- Handle
  central_ac_and_furnace_airloop_0_RetCondToRP equip, !- Name
  EquipmentLevel,                         !- Design Level Calculation Method
  0,                                      !- Design Level {W}
  ,                                       !- Watts per Space Floor Area {W/m2}
  ,                                       !- Watts per Person {W/Person}
  0,                                      !- Fraction Latent
  0,                                      !- Fraction Radiant
  0;                                      !- Fraction Lost

OS:OtherEquipment,
  {8af9e313-2711-483f-8f16-f4d4b869b0d2}, !- Handle
  central_ac_and_furnace_airloop_0_RetCondToRP equip, !- Name
  {34281a16-f583-4b85-b56a-8e4dd48a9388}, !- Other Equipment Definition Name
  {5a3144dd-d4f5-4325-a62c-2188d989f7f1}, !- Space or SpaceType Name
  {23d1c39e-508f-424b-aef0-aa9368e6d64f}, !- Schedule Name
  ,                                       !- Multiplier
  None,                                   !- Fuel Type
  duct load;                              !- End-Use Subcategory

OS:EnergyManagementSystem:Actuator,
  {de88c1d5-8731-4814-9efc-cbdfb32072d2}, !- Handle
  central_ac_and_furnace_airloop_0_RetCondToRP_equip_act, !- Name
  {8af9e313-2711-483f-8f16-f4d4b869b0d2}, !- Actuated Component Name
  OtherEquipment,                         !- Actuated Component Type
  Power Level,                            !- Actuated Component Control Type
  {5a3144dd-d4f5-4325-a62c-2188d989f7f1}; !- Zone or Space Name

OS:EnergyManagementSystem:GlobalVariable,
  {6edd12e1-8d46-494b-b771-3c149e5b8aac}, !- Handle
  central_ac_and_furnace_airloop_0_RetSensLkToRP; !- Name

OS:OtherEquipment:Definition,
  {7f401e95-a8ba-4d1c-8971-50c574d91e77}, !- Handle
  central_ac_and_furnace_airloop_0_RetSensLkToRP equip, !- Name
  EquipmentLevel,                         !- Design Level Calculation Method
  0,                                      !- Design Level {W}
  ,                                       !- Watts per Space Floor Area {W/m2}
  ,                                       !- Watts per Person {W/Person}
  0,                                      !- Fraction Latent
  0,                                      !- Fraction Radiant
  0;                                      !- Fraction Lost

OS:OtherEquipment,
  {6763412f-7df4-49bd-aae1-725696b47001}, !- Handle
  central_ac_and_furnace_airloop_0_RetSensLkToRP equip, !- Name
  {7f401e95-a8ba-4d1c-8971-50c574d91e77}, !- Other Equipment Definition Name
  {5a3144dd-d4f5-4325-a62c-2188d989f7f1}, !- Space or SpaceType Name
  {23d1c39e-508f-424b-aef0-aa9368e6d64f}, !- Schedule Name
  ,                                       !- Multiplier
  None,                                   !- Fuel Type
  duct load;                              !- End-Use Subcategory

OS:EnergyManagementSystem:Actuator,
  {6468e0c8-d8a6-455c-be55-c91739058f03}, !- Handle
  central_ac_and_furnace_airloop_0_RetSensLkToRP_equip_act, !- Name
  {6763412f-7df4-49bd-aae1-725696b47001}, !- Actuated Component Name
  OtherEquipment,                         !- Actuated Component Type
  Power Level,                            !- Actuated Component Control Type
  {5a3144dd-d4f5-4325-a62c-2188d989f7f1}; !- Zone or Space Name

OS:EnergyManagementSystem:GlobalVariable,
  {f5f93360-d0e1-429e-a251-ce373573c05d}, !- Handle
  central_ac_and_furnace_airloop_0_RetLatLkToRP; !- Name

OS:OtherEquipment:Definition,
  {f47781b1-2655-4cd8-9464-edd15f00b989}, !- Handle
  central_ac_and_furnace_airloop_0_RetLatLkToRP equip, !- Name
  EquipmentLevel,                         !- Design Level Calculation Method
  0,                                      !- Design Level {W}
  ,                                       !- Watts per Space Floor Area {W/m2}
  ,                                       !- Watts per Person {W/Person}
  1,                                      !- Fraction Latent
  0,                                      !- Fraction Radiant
  0;                                      !- Fraction Lost

OS:OtherEquipment,
  {55e40b62-9d90-4b4f-b90b-229f18a890b5}, !- Handle
  central_ac_and_furnace_airloop_0_RetLatLkToRP equip, !- Name
  {f47781b1-2655-4cd8-9464-edd15f00b989}, !- Other Equipment Definition Name
  {5a3144dd-d4f5-4325-a62c-2188d989f7f1}, !- Space or SpaceType Name
  {23d1c39e-508f-424b-aef0-aa9368e6d64f}, !- Schedule Name
  ,                                       !- Multiplier
  None,                                   !- Fuel Type
  duct load;                              !- End-Use Subcategory

OS:EnergyManagementSystem:Actuator,
  {ea1efd3e-4d66-4ca0-96cd-c266f6f9ac82}, !- Handle
  central_ac_and_furnace_airloop_0_RetLatLkToRP_equip_act, !- Name
  {55e40b62-9d90-4b4f-b90b-229f18a890b5}, !- Actuated Component Name
  OtherEquipment,                         !- Actuated Component Type
  Power Level,                            !- Actuated Component Control Type
  {5a3144dd-d4f5-4325-a62c-2188d989f7f1}; !- Zone or Space Name

OS:EnergyManagementSystem:GlobalVariable,
  {cdd537e6-b77e-45c1-bda2-bf786198ab95}, !- Handle
  central_ac_and_furnace_airloop_0_SupCondToDZ; !- Name

OS:OtherEquipment:Definition,
  {2597eccc-505c-4a4c-8daa-e1cdb0c85265}, !- Handle
  central_ac_and_furnace_airloop_0_SupCondToDZ equip, !- Name
  EquipmentLevel,                         !- Design Level Calculation Method
  0,                                      !- Design Level {W}
  ,                                       !- Watts per Space Floor Area {W/m2}
  ,                                       !- Watts per Person {W/Person}
  0,                                      !- Fraction Latent
  0,                                      !- Fraction Radiant
  0;                                      !- Fraction Lost

OS:OtherEquipment,
  {099c0ebf-9fad-4f67-ae09-8530b99088d9}, !- Handle
  central_ac_and_furnace_airloop_0_SupCondToDZ equip, !- Name
  {2597eccc-505c-4a4c-8daa-e1cdb0c85265}, !- Other Equipment Definition Name
  {aa1f0f96-31e0-44e2-8176-e87dcf914ab5}, !- Space or SpaceType Name
  {23d1c39e-508f-424b-aef0-aa9368e6d64f}, !- Schedule Name
  ,                                       !- Multiplier
  None,                                   !- Fuel Type
  General;                                !- End-Use Subcategory

OS:EnergyManagementSystem:Actuator,
  {a3274233-29fe-4475-9958-b88ab1e28729}, !- Handle
  central_ac_and_furnace_airloop_0_SupCondToDZ_equip_act, !- Name
  {099c0ebf-9fad-4f67-ae09-8530b99088d9}, !- Actuated Component Name
  OtherEquipment,                         !- Actuated Component Type
  Power Level,                            !- Actuated Component Control Type
  {aa1f0f96-31e0-44e2-8176-e87dcf914ab5}; !- Zone or Space Name

OS:EnergyManagementSystem:GlobalVariable,
  {0cc30051-aab2-4cdb-81c8-74d3bfbdbaaf}, !- Handle
  central_ac_and_furnace_airloop_0_RetCondToDZ; !- Name

OS:OtherEquipment:Definition,
  {1a810530-1f9a-4d15-93f3-cdaa341587e8}, !- Handle
  central_ac_and_furnace_airloop_0_RetCondToDZ equip, !- Name
  EquipmentLevel,                         !- Design Level Calculation Method
  0,                                      !- Design Level {W}
  ,                                       !- Watts per Space Floor Area {W/m2}
  ,                                       !- Watts per Person {W/Person}
  0,                                      !- Fraction Latent
  0,                                      !- Fraction Radiant
  0;                                      !- Fraction Lost

OS:OtherEquipment,
  {536b0ae9-70c8-4cce-bb3d-ad81fd64c965}, !- Handle
  central_ac_and_furnace_airloop_0_RetCondToDZ equip, !- Name
  {1a810530-1f9a-4d15-93f3-cdaa341587e8}, !- Other Equipment Definition Name
  {aa1f0f96-31e0-44e2-8176-e87dcf914ab5}, !- Space or SpaceType Name
  {23d1c39e-508f-424b-aef0-aa9368e6d64f}, !- Schedule Name
  ,                                       !- Multiplier
  None,                                   !- Fuel Type
  General;                                !- End-Use Subcategory

OS:EnergyManagementSystem:Actuator,
  {7b26337e-de89-4d8a-9516-492f55909166}, !- Handle
  central_ac_and_furnace_airloop_0_RetCondToDZ_equip_act, !- Name
  {536b0ae9-70c8-4cce-bb3d-ad81fd64c965}, !- Actuated Component Name
  OtherEquipment,                         !- Actuated Component Type
  Power Level,                            !- Actuated Component Control Type
  {aa1f0f96-31e0-44e2-8176-e87dcf914ab5}; !- Zone or Space Name

OS:EnergyManagementSystem:GlobalVariable,
  {58298ad6-38b8-4f0d-aab9-ffb7ae3fdb40}, !- Handle
  central_ac_and_furnace_airloop_0_SupSensLkToDZ; !- Name

OS:OtherEquipment:Definition,
  {808858df-1e4e-425c-a499-2f7b878e0995}, !- Handle
  central_ac_and_furnace_airloop_0_SupSensLkToDZ equip, !- Name
  EquipmentLevel,                         !- Design Level Calculation Method
  0,                                      !- Design Level {W}
  ,                                       !- Watts per Space Floor Area {W/m2}
  ,                                       !- Watts per Person {W/Person}
  0,                                      !- Fraction Latent
  0,                                      !- Fraction Radiant
  0;                                      !- Fraction Lost

OS:OtherEquipment,
  {eaf8bb2b-8bf6-4b0d-ad83-147f40ca9ac7}, !- Handle
  central_ac_and_furnace_airloop_0_SupSensLkToDZ equip, !- Name
  {808858df-1e4e-425c-a499-2f7b878e0995}, !- Other Equipment Definition Name
  {aa1f0f96-31e0-44e2-8176-e87dcf914ab5}, !- Space or SpaceType Name
  {23d1c39e-508f-424b-aef0-aa9368e6d64f}, !- Schedule Name
  ,                                       !- Multiplier
  None,                                   !- Fuel Type
  General;                                !- End-Use Subcategory

OS:EnergyManagementSystem:Actuator,
  {cb73acf8-e7c6-4d95-8323-f60a29284642}, !- Handle
  central_ac_and_furnace_airloop_0_SupSensLkToDZ_equip_act, !- Name
  {eaf8bb2b-8bf6-4b0d-ad83-147f40ca9ac7}, !- Actuated Component Name
  OtherEquipment,                         !- Actuated Component Type
  Power Level,                            !- Actuated Component Control Type
  {aa1f0f96-31e0-44e2-8176-e87dcf914ab5}; !- Zone or Space Name

OS:EnergyManagementSystem:GlobalVariable,
  {1189912a-4635-49b1-8e41-eb0620c20102}, !- Handle
  central_ac_and_furnace_airloop_0_SupLatLkToDZ; !- Name

OS:OtherEquipment:Definition,
  {86c38830-e11e-452c-b29a-9e315ddbc763}, !- Handle
  central_ac_and_furnace_airloop_0_SupLatLkToDZ equip, !- Name
  EquipmentLevel,                         !- Design Level Calculation Method
  0,                                      !- Design Level {W}
  ,                                       !- Watts per Space Floor Area {W/m2}
  ,                                       !- Watts per Person {W/Person}
  1,                                      !- Fraction Latent
  0,                                      !- Fraction Radiant
  0;                                      !- Fraction Lost

OS:OtherEquipment,
  {285af4e0-8283-4a46-b9f2-68e42e5cdc62}, !- Handle
  central_ac_and_furnace_airloop_0_SupLatLkToDZ equip, !- Name
  {86c38830-e11e-452c-b29a-9e315ddbc763}, !- Other Equipment Definition Name
  {aa1f0f96-31e0-44e2-8176-e87dcf914ab5}, !- Space or SpaceType Name
  {23d1c39e-508f-424b-aef0-aa9368e6d64f}, !- Schedule Name
  ,                                       !- Multiplier
  None,                                   !- Fuel Type
  General;                                !- End-Use Subcategory

OS:EnergyManagementSystem:Actuator,
  {ec577e90-bf59-4129-863f-1b040c4a03ec}, !- Handle
  central_ac_and_furnace_airloop_0_SupLatLkToDZ_equip_act, !- Name
  {285af4e0-8283-4a46-b9f2-68e42e5cdc62}, !- Actuated Component Name
  OtherEquipment,                         !- Actuated Component Type
  Power Level,                            !- Actuated Component Control Type
  {aa1f0f96-31e0-44e2-8176-e87dcf914ab5}; !- Zone or Space Name

OS:EnergyManagementSystem:GlobalVariable,
  {b2c24b6d-ef69-454e-8106-02a35e541b71}, !- Handle
  central_ac_and_furnace_airloop_0_ZoneMixDZToCond; !- Name

OS:ZoneMixing,
  {558a70a5-1b17-4b99-ab67-7f956bda7c71}, !- Handle
  central_ac_and_furnace_airloop_0_ZoneMixDZToCond mix, !- Name
  {d58cc725-869e-41c3-b7de-2336a59fb500}, !- Zone or Space Name
  {b117d881-c966-406e-8d74-a09016967217}, !- Schedule Name
  Flow/Zone,                              !- Design Flow Rate Calculation Method
  0,                                      !- Design Flow Rate {m3/s}
  ,                                       !- Flow Rate per Floor Area {m3/s-m2}
  ,                                       !- Flow Rate per Person {m3/s-person}
  ,                                       !- Air Changes per Hour {1/hr}
  {78d61cee-fdb0-4d0a-ac9c-634e25791c59}, !- Source Zone or Space Name
  ,                                       !- Delta Temperature {deltaC}
  ,                                       !- Delta Temperature Schedule Name
  ,                                       !- Minimum Receiving Temperature Schedule Name
  ,                                       !- Maximum Receiving Temperature Schedule Name
  ,                                       !- Minimum Source Temperature Schedule Name
  ,                                       !- Maximum Source Temperature Schedule Name
  ,                                       !- Minimum Outdoor Temperature Schedule Name
  ;                                       !- Maximum Outdoor Temperature Schedule Name

OS:Schedule:Constant,
  {b117d881-c966-406e-8d74-a09016967217}, !- Handle
  Always On Continuous,                   !- Name
  {44d3d979-2be1-4c23-9aae-a44eacf6d164}, !- Schedule Type Limits Name
  1;                                      !- Value

OS:ScheduleTypeLimits,
  {44d3d979-2be1-4c23-9aae-a44eacf6d164}, !- Handle
  Fractional 1,                           !- Name
  0,                                      !- Lower Limit Value
  1,                                      !- Upper Limit Value
  Continuous,                             !- Numeric Type
  ;                                       !- Unit Type

OS:EnergyManagementSystem:Actuator,
  {aa321fe6-fa67-4a76-b07b-b008bcf5318c}, !- Handle
  central_ac_and_furnace_airloop_0_ZoneMixDZToCond_mix_act, !- Name
  {558a70a5-1b17-4b99-ab67-7f956bda7c71}, !- Actuated Component Name
  ZoneMixing,                             !- Actuated Component Type
  Air Exchange Flow Rate,                 !- Actuated Component Control Type
  ;                                       !- Zone or Space Name

OS:AdditionalProperties,
  {4478ad86-8824-46fb-b41f-5710523facce}, !- Handle
  {558a70a5-1b17-4b99-ab67-7f956bda7c71}, !- Object Name
  ObjectType,                             !- Feature Name 1
  String,                                 !- Feature Data Type 1
  duct load;                              !- Feature Value 1

OS:EnergyManagementSystem:GlobalVariable,
  {c0288581-5d24-438c-b6dc-301101b77f18}, !- Handle
  central_ac_and_furnace_airloop_0_ZoneMixCondToDZ; !- Name

OS:ZoneMixing,
  {aa257fc3-38be-4ca0-8950-cbe105bb8fff}, !- Handle
  central_ac_and_furnace_airloop_0_ZoneMixCondToDZ mix, !- Name
  {78d61cee-fdb0-4d0a-ac9c-634e25791c59}, !- Zone or Space Name
  {b117d881-c966-406e-8d74-a09016967217}, !- Schedule Name
  Flow/Zone,                              !- Design Flow Rate Calculation Method
  0,                                      !- Design Flow Rate {m3/s}
  ,                                       !- Flow Rate per Floor Area {m3/s-m2}
  ,                                       !- Flow Rate per Person {m3/s-person}
  ,                                       !- Air Changes per Hour {1/hr}
  {d58cc725-869e-41c3-b7de-2336a59fb500}, !- Source Zone or Space Name
  ,                                       !- Delta Temperature {deltaC}
  ,                                       !- Delta Temperature Schedule Name
  ,                                       !- Minimum Receiving Temperature Schedule Name
  ,                                       !- Maximum Receiving Temperature Schedule Name
  ,                                       !- Minimum Source Temperature Schedule Name
  ,                                       !- Maximum Source Temperature Schedule Name
  ,                                       !- Minimum Outdoor Temperature Schedule Name
  ;                                       !- Maximum Outdoor Temperature Schedule Name

OS:EnergyManagementSystem:Actuator,
  {f684189d-db4a-42b4-a897-09bd58825645}, !- Handle
  central_ac_and_furnace_airloop_0_ZoneMixCondToDZ_mix_act, !- Name
  {aa257fc3-38be-4ca0-8950-cbe105bb8fff}, !- Actuated Component Name
  ZoneMixing,                             !- Actuated Component Type
  Air Exchange Flow Rate,                 !- Actuated Component Control Type
  ;                                       !- Zone or Space Name

OS:AdditionalProperties,
  {065411f8-8127-4258-84b5-7a17d267aa38}, !- Handle
  {aa257fc3-38be-4ca0-8950-cbe105bb8fff}, !- Object Name
  ObjectType,                             !- Feature Name 1
  String,                                 !- Feature Data Type 1
  duct load;                              !- Feature Value 1

OS:EnergyManagementSystem:Subroutine,
  {c96ccd7f-4158-4de1-b148-ec6ada69049e}, !- Handle
  central_ac_and_furnace_airloop_0_duct_subroutine, !- Name
  Set AH_MFR = central_ac_and_furnace_airloop_AH_MFR / 1, !- Program Line 1
  If AH_MFR>0,                            !- Program Line 2
  Set AH_Tout = central_ac_and_furnace_airloop_AH_Tout, !- Program Line 3
  Set AH_Wout = central_ac_and_furnace_airloop_AH_Wout, !- Program Line 4
  Set RA_T = central_ac_and_furnace_airloop_RA_T, !- Program Line 5
  Set RA_W = central_ac_and_furnace_airloop_Ra_W, !- Program Line 6
  Set Fan_RTF = central_ac_and_furnace_airloop_Fan_RTF, !- Program Line 7
  Set DZ_T = central_ac_and_furnace_airloop_0_DZ_T, !- Program Line 8
  Set DZ_W = central_ac_and_furnace_airloop_0_DZ_W, !- Program Line 9
  Set AH_VFR = central_ac_and_furnace_airloop_AH_VFR / 1, !- Program Line 10
  Set h_SA = (@HFnTdbW AH_Tout AH_Wout),  !- Program Line 11
  Set h_RA = (@HFnTdbW RA_T RA_W),        !- Program Line 12
  Set h_fg = (@HfgAirFnWTdb AH_Wout AH_Tout), !- Program Line 13
  Set h_DZ = (@HFnTdbW DZ_T DZ_W),        !- Program Line 14
  Set air_cp = 1006.0,                    !- Program Line 15
  Set f_sup = 0.133,                      !- Program Line 16
  Set f_ret = 0.067,                      !- Program Line 17
  Set sup_lk_mfr = f_sup * AH_MFR,        !- Program Line 18
  Set ret_lk_mfr = f_ret * AH_MFR,        !- Program Line 19
  Set SupTotLkToCond = sup_lk_mfr*(h_RA - h_SA), !- Program Line 20
  Set SupLatLkToCond = sup_lk_mfr*h_fg*(RA_W-AH_Wout), !- Program Line 21
  Set SupSensLkToCond = SupTotLkToCond-SupLatLkToCond, !- Program Line 22
  Set supply_ua = 182.555,                !- Program Line 23
  Set eTm = 0-((Fan_RTF/(AH_MFR*air_cp))*supply_ua), !- Program Line 24
  Set t_sup = DZ_T+((AH_Tout-DZ_T)*(@Exp eTm)), !- Program Line 25
  Set SupCondToCond = AH_MFR*air_cp*(t_sup-AH_Tout), !- Program Line 26
  Set SupCondToDZ = 0-SupCondToCond,      !- Program Line 27
  Set return_ua = 33.807,                 !- Program Line 28
  Set eTm = 0-((Fan_RTF/(AH_MFR*air_cp))*return_ua), !- Program Line 29
  Set t_ret = DZ_T+((RA_T-DZ_T)*(@Exp eTm)), !- Program Line 30
  Set RetCondToRP = AH_MFR*air_cp*(t_ret-RA_T), !- Program Line 31
  Set RetCondToDZ = 0-RetCondToRP,        !- Program Line 32
  Set RetLatLkToRP = 0,                   !- Program Line 33
  Set RetSensLkToRP = ret_lk_mfr*air_cp*(DZ_T-RA_T), !- Program Line 34
  Set SupTotLkToDZ = sup_lk_mfr*(h_SA-h_DZ), !- Program Line 35
  Set SupLatLkToDZ = sup_lk_mfr*h_fg*(AH_Wout-DZ_W), !- Program Line 36
  Set SupSensLkToDZ = SupTotLkToDZ-SupLatLkToDZ, !- Program Line 37
  Set f_imbalance = f_sup-f_ret,          !- Program Line 38
  Set oa_vfr = 0.0 * f_imbalance * AH_VFR, !- Program Line 39
  Set sup_lk_vfr = f_sup * AH_VFR,        !- Program Line 40
  Set ret_lk_vfr = f_ret * AH_VFR,        !- Program Line 41
  If f_sup > f_ret,                       !- Program Line 42
  Set ZoneMixCondToDZ = 0,                !- Program Line 43
  Set ZoneMixDZToCond = (sup_lk_vfr-ret_lk_vfr)-oa_vfr, !- Program Line 44
  Else,                                   !- Program Line 45
  Set ZoneMixCondToDZ = (ret_lk_vfr-sup_lk_vfr)+oa_vfr, !- Program Line 46
  Set ZoneMixDZToCond = 0,                !- Program Line 47
  EndIf,                                  !- Program Line 48
  Else,                                   !- Program Line 49
  Set SupLatLkToCond = 0,                 !- Program Line 50
  Set SupSensLkToCond = 0,                !- Program Line 51
  Set SupCondToCond = 0,                  !- Program Line 52
  Set RetCondToRP = 0,                    !- Program Line 53
  Set RetLatLkToRP = 0,                   !- Program Line 54
  Set RetSensLkToRP = 0,                  !- Program Line 55
  Set RetCondToDZ = 0,                    !- Program Line 56
  Set SupCondToDZ = 0,                    !- Program Line 57
  Set SupLatLkToDZ = 0,                   !- Program Line 58
  Set SupSensLkToDZ = 0,                  !- Program Line 59
  Set ZoneMixCondToDZ = 0,                !- Program Line 60
  Set ZoneMixDZToCond = 0,                !- Program Line 61
  EndIf,                                  !- Program Line 62
  Set central_ac_and_furnace_airloop_0_SupLatLkToCond = SupLatLkToCond, !- Program Line 63
  Set central_ac_and_furnace_airloop_0_SupSensLkToCond = SupSensLkToCond, !- Program Line 64
  Set central_ac_and_furnace_airloop_0_SupCondToLv = SupCondToCond, !- Program Line 65
  Set central_ac_and_furnace_airloop_0_RetCondToRP = RetCondToRP, !- Program Line 66
  Set central_ac_and_furnace_airloop_0_RetLatLkToRP = RetLatLkToRP, !- Program Line 67
  Set central_ac_and_furnace_airloop_0_RetSensLkToRP = RetSensLkToRP, !- Program Line 68
  Set central_ac_and_furnace_airloop_0_RetCondToDZ = RetCondToDZ, !- Program Line 69
  Set central_ac_and_furnace_airloop_0_SupCondToDZ = SupCondToDZ, !- Program Line 70
  Set central_ac_and_furnace_airloop_0_SupLatLkToDZ = SupLatLkToDZ, !- Program Line 71
  Set central_ac_and_furnace_airloop_0_SupSensLkToDZ = SupSensLkToDZ, !- Program Line 72
  Set central_ac_and_furnace_airloop_0_ZoneMixCondToDZ = ZoneMixCondToDZ, !- Program Line 73
  Set central_ac_and_furnace_airloop_0_ZoneMixDZToCond = ZoneMixDZToCond; !- Program Line 74

OS:EnergyManagementSystem:Program,
  {e8b29528-867f-4274-a9e5-51827410633b}, !- Handle
  central_ac_and_furnace_airloop_0_duct_program, !- Name
  Set central_ac_and_furnace_airloop_AH_MFR = central_ac_and_furnace_airloop_AH_MFR_s, !- Program Line 1
  Set central_ac_and_furnace_airloop_Fan_RTF = 0, !- Program Line 2
  Set central_ac_and_furnace_airloop_Fan_RTF = central_ac_and_furnace_airloop_Fan_RTF + central_ac_and_furnace_airloop_Fan_RTF_s, !- Program Line 3
  Set central_ac_and_furnace_airloop_Fan_RTF = central_ac_and_furnace_airloop_Fan_RTF + central_ac_and_furnace_airloop_Fan_RTF_s_1, !- Program Line 4
  Set central_ac_and_furnace_airloop_AH_VFR = central_ac_and_furnace_airloop_AH_VFR_s, !- Program Line 5
  Set central_ac_and_furnace_airloop_AH_Tout = central_ac_and_furnace_airloop_AH_Tout_s, !- Program Line 6
  Set central_ac_and_furnace_airloop_AH_Wout = central_ac_and_furnace_airloop_AH_Wout_s, !- Program Line 7
  Set central_ac_and_furnace_airloop_RA_T = central_ac_and_furnace_airloop_RA_T_s, !- Program Line 8
  Set central_ac_and_furnace_airloop_Ra_W = central_ac_and_furnace_airloop_Ra_W_s, !- Program Line 9
  Set central_ac_and_furnace_airloop_0_DZ_T = central_ac_and_furnace_airloop_0_DZ_T_s, !- Program Line 10
  Set central_ac_and_furnace_airloop_0_DZ_W = central_ac_and_furnace_airloop_0_DZ_W_s, !- Program Line 11
  Run central_ac_and_furnace_airloop_0_duct_subroutine, !- Program Line 12
  Set central_ac_and_furnace_airloop_0_SupSensLkToCond_equip_act = central_ac_and_furnace_airloop_0_SupSensLkToCond, !- Program Line 13
  Set central_ac_and_furnace_airloop_0_SupLatLkToCond_equip_act = central_ac_and_furnace_airloop_0_SupLatLkToCond, !- Program Line 14
  Set central_ac_and_furnace_airloop_0_SupCondToLv_equip_act = central_ac_and_furnace_airloop_0_SupCondToLv, !- Program Line 15
  Set central_ac_and_furnace_airloop_0_RetSensLkToRP_equip_act = central_ac_and_furnace_airloop_0_RetSensLkToRP, !- Program Line 16
  Set central_ac_and_furnace_airloop_0_RetLatLkToRP_equip_act = central_ac_and_furnace_airloop_0_RetLatLkToRP, !- Program Line 17
  Set central_ac_and_furnace_airloop_0_RetCondToRP_equip_act = central_ac_and_furnace_airloop_0_RetCondToRP, !- Program Line 18
  Set central_ac_and_furnace_airloop_0_RetCondToDZ_equip_act = central_ac_and_furnace_airloop_0_RetCondToDZ, !- Program Line 19
  Set central_ac_and_furnace_airloop_0_SupCondToDZ_equip_act = central_ac_and_furnace_airloop_0_SupCondToDZ, !- Program Line 20
  Set central_ac_and_furnace_airloop_0_SupSensLkToDZ_equip_act = central_ac_and_furnace_airloop_0_SupSensLkToDZ, !- Program Line 21
  Set central_ac_and_furnace_airloop_0_SupLatLkToDZ_equip_act = central_ac_and_furnace_airloop_0_SupLatLkToDZ, !- Program Line 22
  Set central_ac_and_furnace_airloop_0_ZoneMixDZToCond_mix_act = central_ac_and_furnace_airloop_0_ZoneMixDZToCond, !- Program Line 23
  Set central_ac_and_furnace_airloop_0_ZoneMixCondToDZ_mix_act = central_ac_and_furnace_airloop_0_ZoneMixCondToDZ; !- Program Line 24

OS:EnergyManagementSystem:ProgramCallingManager,
  {50deba16-5cdf-439f-bc47-bacbd95d1c0b}, !- Handle
  central_ac_and_furnace_airloop_0_duct_program calling manager, !- Name
  EndOfSystemTimestepAfterHVACReporting,  !- EnergyPlus Model Calling Point
  {e8b29528-867f-4274-a9e5-51827410633b}; !- Program Name 1

OS:Schedule:Ruleset,
  {e11be63f-6bfb-4d21-abbc-365a4f52aa63}, !- Handle
  natural vent schedule,                  !- Name
  {00eae31e-8188-4b4c-8695-71c3f3bd8504}, !- Schedule Type Limits Name
  {4642149f-10f5-4b57-97a7-47d8b6f644a1}; !- Default Day Schedule Name

OS:Schedule:Day,
  {4642149f-10f5-4b57-97a7-47d8b6f644a1}, !- Handle
  natural vent schedule default day,      !- Name
  {00eae31e-8188-4b4c-8695-71c3f3bd8504}, !- Schedule Type Limits Name
  ,                                       !- Interpolate to Timestep
  24,                                     !- Hour 1
  0,                                      !- Minute 1
  0;                                      !- Value Until Time 1

OS:Schedule:Rule,
  {2499e53f-be25-4f68-813e-e00b98535724}, !- Handle
  natural vent schedule rule,             !- Name
  {e11be63f-6bfb-4d21-abbc-365a4f52aa63}, !- Schedule Ruleset Name
  0,                                      !- Rule Order
  {72bcf2fc-d05b-4bd0-a7e7-c448cb6acd71}, !- Day Schedule Name
  ,                                       !- Apply Sunday
  Yes,                                    !- Apply Monday
  ,                                       !- Apply Tuesday
  Yes,                                    !- Apply Wednesday
  ,                                       !- Apply Thursday
  Yes,                                    !- Apply Friday
  ,                                       !- Apply Saturday
  DateRange,                              !- Date Specification Type
  1,                                      !- Start Month
  1,                                      !- Start Day
  12,                                     !- End Month
  31;                                     !- End Day

OS:Schedule:Day,
  {72bcf2fc-d05b-4bd0-a7e7-c448cb6acd71}, !- Handle
  natural vent schedule avail day,        !- Name
  {00eae31e-8188-4b4c-8695-71c3f3bd8504}, !- Schedule Type Limits Name
  ,                                       !- Interpolate to Timestep
  24,                                     !- Hour 1
  0,                                      !- Minute 1
  1;                                      !- Value Until Time 1

OS:EnergyManagementSystem:Sensor,
  {6ea25dfd-ca4f-4245-a779-e9793ecfe92f}, !- Handle
  natural_vent_s,                         !- Name
  natural vent schedule,                  !- Output Variable or Output Meter Index Key Name
  Schedule Value;                         !- Output Variable or Output Meter Name

OS:EnergyManagementSystem:Sensor,
  {f8f5b37e-356a-481d-aedb-38b1a8d9c653}, !- Handle
  htg_sp_s,                               !- Name
  heating setpoint,                       !- Output Variable or Output Meter Index Key Name
  Schedule Value;                         !- Output Variable or Output Meter Name

OS:EnergyManagementSystem:Sensor,
  {ce56041f-617b-4112-9c24-87f413270666}, !- Handle
  clg_sp_s,                               !- Name
  cooling setpoint,                       !- Output Variable or Output Meter Index Key Name
  Schedule Value;                         !- Output Variable or Output Meter Name

OS:SpaceInfiltration:DesignFlowRate,
  {c84e00d0-dbb4-4ad0-ad12-8d68cbd47056}, !- Handle
  natural vent flow,                      !- Name
  {1671f505-4a93-4013-a313-0347ee079f4b}, !- Space or SpaceType Name
  {23d1c39e-508f-424b-aef0-aa9368e6d64f}, !- Schedule Name
  Flow/Space,                             !- Design Flow Rate Calculation Method
  0,                                      !- Design Flow Rate {m3/s}
  ,                                       !- Flow per Space Floor Area {m3/s-m2}
  ,                                       !- Flow per Exterior Surface Area {m3/s-m2}
  ,                                       !- Air Changes per Hour {1/hr}
  ,                                       !- Constant Term Coefficient
  ,                                       !- Temperature Term Coefficient
  ,                                       !- Velocity Term Coefficient
  ;                                       !- Velocity Squared Term Coefficient

OS:EnergyManagementSystem:Actuator,
  {796e5619-a555-4be1-8f9f-3ede3403954d}, !- Handle
  natural_vent_flow_act,                  !- Name
  {c84e00d0-dbb4-4ad0-ad12-8d68cbd47056}, !- Actuated Component Name
  Zone Infiltration,                      !- Actuated Component Type
  Air Exchange Flow Rate,                 !- Actuated Component Control Type
  ;                                       !- Zone or Space Name

OS:AdditionalProperties,
  {d54f4bd8-b9ac-426a-85fd-e5934ee00a5f}, !- Handle
  {c84e00d0-dbb4-4ad0-ad12-8d68cbd47056}, !- Object Name
  ObjectType,                             !- Feature Name 1
  String,                                 !- Feature Data Type 1
  natural vent;                           !- Feature Value 1

OS:SpaceInfiltration:DesignFlowRate,
  {4c965597-ffec-4b09-92c3-294d4ccde11f}, !- Handle
  whole house fan flow,                   !- Name
  {1671f505-4a93-4013-a313-0347ee079f4b}, !- Space or SpaceType Name
  {23d1c39e-508f-424b-aef0-aa9368e6d64f}, !- Schedule Name
  Flow/Space,                             !- Design Flow Rate Calculation Method
  0,                                      !- Design Flow Rate {m3/s}
  ,                                       !- Flow per Space Floor Area {m3/s-m2}
  ,                                       !- Flow per Exterior Surface Area {m3/s-m2}
  ,                                       !- Air Changes per Hour {1/hr}
  ,                                       !- Constant Term Coefficient
  ,                                       !- Temperature Term Coefficient
  ,                                       !- Velocity Term Coefficient
  ;                                       !- Velocity Squared Term Coefficient

OS:EnergyManagementSystem:Actuator,
  {4c8aeec5-7d23-4597-b6d1-da7c3bffc515}, !- Handle
  whole_house_fan_flow_act,               !- Name
  {4c965597-ffec-4b09-92c3-294d4ccde11f}, !- Actuated Component Name
  Zone Infiltration,                      !- Actuated Component Type
  Air Exchange Flow Rate,                 !- Actuated Component Control Type
  ;                                       !- Zone or Space Name

OS:AdditionalProperties,
  {41696b2a-1839-4195-bc36-e8f806202ad2}, !- Handle
  {4c965597-ffec-4b09-92c3-294d4ccde11f}, !- Object Name
  ObjectType,                             !- Feature Name 1
  String,                                 !- Feature Data Type 1
  whole house fan;                        !- Feature Value 1

OS:ElectricEquipment:Definition,
  {9e239ec0-e468-479e-913b-d57150f4b604}, !- Handle
  whole house fan,                        !- Name
  EquipmentLevel,                         !- Design Level Calculation Method
  0,                                      !- Design Level {W}
  ,                                       !- Watts per Space Floor Area {W/m2}
  ,                                       !- Watts per Person {W/person}
  0,                                      !- Fraction Latent
  0,                                      !- Fraction Radiant
  1;                                      !- Fraction Lost

OS:ElectricEquipment,
  {3011a5a2-a6a7-409a-ad6f-ee018f7ee924}, !- Handle
  whole house fan,                        !- Name
  {9e239ec0-e468-479e-913b-d57150f4b604}, !- Electric Equipment Definition Name
  {1671f505-4a93-4013-a313-0347ee079f4b}, !- Space or SpaceType Name
  {23d1c39e-508f-424b-aef0-aa9368e6d64f}, !- Schedule Name
  ,                                       !- Multiplier
  whole house fan;                        !- End-Use Subcategory

OS:EnergyManagementSystem:Actuator,
  {8bfc3234-693c-4223-98e8-0516d388cf4e}, !- Handle
  whole_house_fan_act,                    !- Name
  {3011a5a2-a6a7-409a-ad6f-ee018f7ee924}, !- Actuated Component Name
  ElectricEquipment,                      !- Actuated Component Type
  Electricity Rate,                       !- Actuated Component Control Type
  {1671f505-4a93-4013-a313-0347ee079f4b}; !- Zone or Space Name

OS:ZoneMixing,
  {af102669-c4d9-429e-843f-f56eeb2ec514}, !- Handle
  whole house fan mix,                    !- Name
  {be06d019-cc5b-4e7b-b50b-2ace84872c9a}, !- Zone or Space Name
  {b117d881-c966-406e-8d74-a09016967217}, !- Schedule Name
  Flow/Zone,                              !- Design Flow Rate Calculation Method
  0,                                      !- Design Flow Rate {m3/s}
  ,                                       !- Flow Rate per Floor Area {m3/s-m2}
  ,                                       !- Flow Rate per Person {m3/s-person}
  ,                                       !- Air Changes per Hour {1/hr}
  {d58cc725-869e-41c3-b7de-2336a59fb500}, !- Source Zone or Space Name
  ,                                       !- Delta Temperature {deltaC}
  ,                                       !- Delta Temperature Schedule Name
  ,                                       !- Minimum Receiving Temperature Schedule Name
  ,                                       !- Maximum Receiving Temperature Schedule Name
  ,                                       !- Minimum Source Temperature Schedule Name
  ,                                       !- Maximum Source Temperature Schedule Name
  ,                                       !- Minimum Outdoor Temperature Schedule Name
  ;                                       !- Maximum Outdoor Temperature Schedule Name

OS:EnergyManagementSystem:Actuator,
  {5682dc4f-6274-40ec-8964-6ba228745ad8}, !- Handle
  whole_house_fan_mix_act,                !- Name
  {af102669-c4d9-429e-843f-f56eeb2ec514}, !- Actuated Component Name
  ZoneMixing,                             !- Actuated Component Type
  Air Exchange Flow Rate,                 !- Actuated Component Control Type
  ;                                       !- Zone or Space Name

OS:EnergyManagementSystem:Program,
  {ab9eda59-c06a-45e9-8a25-0ac11889755c}, !- Handle
  natural_vent_program,                   !- Name
  Set Tin = tin_s,                        !- Program Line 1
  Set Tout = tout_s,                      !- Program Line 2
  Set Wout = out_wt_s,                    !- Program Line 3
  Set Pbar = out_pb_s,                    !- Program Line 4
  Set Phiout = (@RhFnTdbWPb Tout Wout Pbar), !- Program Line 5
  Set MaxHR = 0.0115,                     !- Program Line 6
  Set MaxRH = 0.7,                        !- Program Line 7
  Set Tnvsp = (htg_sp_s + clg_sp_s) / 2,  !- Program Line 8
  Set NVavail = natural_vent_s,           !- Program Line 9
  Set ClgSsnAvail = cool_season,          !- Program Line 10
  Set natural_vent_flow_act = 0,          !- Program Line 11
  Set whole_house_fan_flow_act = 0,       !- Program Line 12
  Set whole_house_fan_mix_act = 0,        !- Program Line 13
  Set whole_house_fan_act = 0,            !- Program Line 14
  If ((Wout < MaxHR) && (Phiout < MaxRH) && (Tin > Tout) && (Tin > Tnvsp) && (ClgSsnAvail > 0)), !- Program Line 15
  Set WHF_Flow = 0,                       !- Program Line 16
  Set Adj = (Tin-Tnvsp)/(Tin-Tout),       !- Program Line 17
  Set Adj = (@Min Adj 1),                 !- Program Line 18
  Set Adj = (@Max Adj 0),                 !- Program Line 19
  If (WHF_Flow > 0),                      !- Program Line 20
  Set whole_house_fan_flow_act = WHF_Flow*Adj, !- Program Line 21
  Set whole_house_fan_mix_act = WHF_Flow*Adj, !- Program Line 22
  Set WHF_W = 0,                          !- Program Line 23
  Set whole_house_fan_act = WHF_W*Adj,    !- Program Line 24
  ElseIf (NVavail > 0),                   !- Program Line 25
  Set NVArea = 4765.480017408,            !- Program Line 26
  Set Cs = 8.968567957270247e-05,         !- Program Line 27
  Set Cw = 6.158219665777789e-05,         !- Program Line 28
  Set Tdiff = Tin-Tout,                   !- Program Line 29
  Set dT = (@Abs Tdiff),                  !- Program Line 30
  Set Vwind = site_vw_s,                  !- Program Line 31
  Set SGNV = NVArea*Adj*((((Cs*dT)+(Cw*(Vwind^2)))^0.5)/1000), !- Program Line 32
  Set MaxNV = 2.7423292766208007,         !- Program Line 33
  Set natural_vent_flow_act = (@Min SGNV MaxNV), !- Program Line 34
  EndIf,                                  !- Program Line 35
  EndIf;                                  !- Program Line 36

OS:AdditionalProperties,
  {d5432653-cdbb-4823-aca9-1587ea62c04b}, !- Handle
  {ab9eda59-c06a-45e9-8a25-0ac11889755c}, !- Object Name
  ObjectType,                             !- Feature Name 1
  String,                                 !- Feature Data Type 1
  natural vent;                           !- Feature Value 1

OS:EnergyManagementSystem:ProgramCallingManager,
  {fbe69214-c3d6-411c-8213-cb5f1e2c9404}, !- Handle
  natural_vent_program calling manager,   !- Name
  BeginZoneTimestepAfterInitHeatBalance,  !- EnergyPlus Model Calling Point
  {ab9eda59-c06a-45e9-8a25-0ac11889755c}; !- Program Name 1

OS:EnergyManagementSystem:OutputVariable,
  {e9b434fc-cacb-41ce-8b15-3b1aea47bc45}, !- Handle
  natural_vent_flow_act_timeseries_outvar, !- Name
  natural_vent_flow_act,                  !- EMS Variable Name
  Averaged,                               !- Type of Data in Variable
  ZoneTimestep,                           !- Update Frequency
  {ab9eda59-c06a-45e9-8a25-0ac11889755c}, !- EMS Program or Subroutine Name
  m^/s;                                   !- Units

OS:EnergyManagementSystem:OutputVariable,
  {0db29c7d-24b9-48db-8f0a-523137e21ba9}, !- Handle
  whole_house_fan_flow_act_timeseries_outvar, !- Name
  whole_house_fan_flow_act,               !- EMS Variable Name
  Averaged,                               !- Type of Data in Variable
  ZoneTimestep,                           !- Update Frequency
  {ab9eda59-c06a-45e9-8a25-0ac11889755c}, !- EMS Program or Subroutine Name
  m^/s;                                   !- Units

OS:SpaceInfiltration:EffectiveLeakageArea,
  {56781a55-97c1-4f2f-985c-2d219bf39547}, !- Handle
  infil|garage 1,                         !- Name
  {040c71e5-b10d-41bf-ae35-714bbcf46f8d}, !- Space or SpaceType Name
  {23d1c39e-508f-424b-aef0-aa9368e6d64f}, !- Schedule Name
  135.91862845687,                        !- Effective Air Leakage Area {cm2}
  0.000145290800907778,                   !- Stack Coefficient
  4.64656772065491e-05;                   !- Wind Coefficient

OS:SpaceInfiltration:DesignFlowRate,
  {a6485637-10b4-4ef3-90ce-4a5884a2527c}, !- Handle
  infil|basement - unconditioned 1,       !- Name
  {aa1f0f96-31e0-44e2-8176-e87dcf914ab5}, !- Space or SpaceType Name
  {23d1c39e-508f-424b-aef0-aa9368e6d64f}, !- Schedule Name
  AirChanges/Hour,                        !- Design Flow Rate Calculation Method
  ,                                       !- Design Flow Rate {m3/s}
  ,                                       !- Flow per Space Floor Area {m3/s-m2}
  ,                                       !- Flow per Exterior Surface Area {m3/s-m2}
  0.1,                                    !- Air Changes per Hour {1/hr}
  1,                                      !- Constant Term Coefficient
  0,                                      !- Temperature Term Coefficient
  0,                                      !- Velocity Term Coefficient
  0;                                      !- Velocity Squared Term Coefficient

OS:SpaceInfiltration:EffectiveLeakageArea,
  {defb4081-4e81-4a3f-ba80-b6f65c88c2a9}, !- Handle
  infil|attic - vented 1,                 !- Name
  {2bf375bf-9e28-4bf6-8950-d38e5bb2454d}, !- Space or SpaceType Name
  {23d1c39e-508f-424b-aef0-aa9368e6d64f}, !- Schedule Name
  7638.96268333446,                       !- Effective Air Leakage Area {cm2}
  0.000511141009459339,                   !- Stack Coefficient
  4.24314586980463e-05;                   !- Wind Coefficient

OS:Schedule:Constant,
  {5d00760f-59a0-4196-9566-47a6e388bb5a}, !- Handle
  mech vent house fan schedule,           !- Name
  {6ada26ef-be23-44a6-9ac0-48fa5353139e}, !- Schedule Type Limits Name
  1;                                      !- Value

OS:ElectricEquipment:Definition,
  {5550ef4e-bf9b-40c4-9d8d-88bb0ebf3a47}, !- Handle
  mech vent house fan,                    !- Name
  EquipmentLevel,                         !- Design Level Calculation Method
  0,                                      !- Design Level {W}
  ,                                       !- Watts per Space Floor Area {W/m2}
  ,                                       !- Watts per Person {W/person}
  0,                                      !- Fraction Latent
  0,                                      !- Fraction Radiant
  1;                                      !- Fraction Lost

OS:ElectricEquipment,
  {0b5bf6bf-d7e7-4065-97a5-9912154f1c0c}, !- Handle
  mech vent house fan,                    !- Name
  {5550ef4e-bf9b-40c4-9d8d-88bb0ebf3a47}, !- Electric Equipment Definition Name
  {1671f505-4a93-4013-a313-0347ee079f4b}, !- Space or SpaceType Name
  {5d00760f-59a0-4196-9566-47a6e388bb5a}, !- Schedule Name
  ,                                       !- Multiplier
  mech vent;                              !- End-Use Subcategory

OS:Schedule:Constant,
  {a2eb877a-622d-46d9-b34f-12024426f388}, !- Handle
  mech vent house fan cfis schedule,      !- Name
  {6ada26ef-be23-44a6-9ac0-48fa5353139e}, !- Schedule Type Limits Name
  1;                                      !- Value

OS:ElectricEquipment:Definition,
  {c0c1e5ec-dfce-4c9e-88c3-14102766d9a8}, !- Handle
  mech vent house fan cfis,               !- Name
  EquipmentLevel,                         !- Design Level Calculation Method
  0,                                      !- Design Level {W}
  ,                                       !- Watts per Space Floor Area {W/m2}
  ,                                       !- Watts per Person {W/person}
  0,                                      !- Fraction Latent
  0,                                      !- Fraction Radiant
  0;                                      !- Fraction Lost

OS:ElectricEquipment,
  {7aa2e6ba-b840-4146-86b9-f083f712dbfa}, !- Handle
  mech vent house fan cfis,               !- Name
  {c0c1e5ec-dfce-4c9e-88c3-14102766d9a8}, !- Electric Equipment Definition Name
  {1671f505-4a93-4013-a313-0347ee079f4b}, !- Space or SpaceType Name
  {a2eb877a-622d-46d9-b34f-12024426f388}, !- Schedule Name
  ,                                       !- Multiplier
  mech vent;                              !- End-Use Subcategory

OS:EnergyManagementSystem:Actuator,
  {11c36510-d033-43fe-bd35-8eb228d222f4}, !- Handle
  mech_vent_house_fan_cfis_act,           !- Name
  {7aa2e6ba-b840-4146-86b9-f083f712dbfa}, !- Actuated Component Name
  ElectricEquipment,                      !- Actuated Component Type
  Electricity Rate,                       !- Actuated Component Control Type
  {1671f505-4a93-4013-a313-0347ee079f4b}; !- Zone or Space Name

OS:SpaceInfiltration:DesignFlowRate,
  {9700c959-5502-4d78-90ca-cc87d4a256d7}, !- Handle
  infil flow,                             !- Name
  {1671f505-4a93-4013-a313-0347ee079f4b}, !- Space or SpaceType Name
  {23d1c39e-508f-424b-aef0-aa9368e6d64f}, !- Schedule Name
  Flow/Space,                             !- Design Flow Rate Calculation Method
  0,                                      !- Design Flow Rate {m3/s}
  ,                                       !- Flow per Space Floor Area {m3/s-m2}
  ,                                       !- Flow per Exterior Surface Area {m3/s-m2}
  ,                                       !- Air Changes per Hour {1/hr}
  ,                                       !- Constant Term Coefficient
  ,                                       !- Temperature Term Coefficient
  ,                                       !- Velocity Term Coefficient
  ;                                       !- Velocity Squared Term Coefficient

OS:EnergyManagementSystem:Actuator,
  {1237da85-bf0b-48df-885d-6b3f0fb33a3d}, !- Handle
  infil_flow_act,                         !- Name
  {9700c959-5502-4d78-90ca-cc87d4a256d7}, !- Actuated Component Name
  Zone Infiltration,                      !- Actuated Component Type
  Air Exchange Flow Rate,                 !- Actuated Component Control Type
  ;                                       !- Zone or Space Name

OS:AdditionalProperties,
  {492a0c14-a594-41ef-bb14-e0469b292b7a}, !- Handle
  {9700c959-5502-4d78-90ca-cc87d4a256d7}, !- Object Name
  ObjectType,                             !- Feature Name 1
  String,                                 !- Feature Data Type 1
  infil;                                  !- Feature Value 1

OS:EnergyManagementSystem:Program,
  {ee018344-f419-43f3-9fd0-e2054f98bafa}, !- Handle
  infil_program,                          !- Name
  Set p_m = 0.14,                         !- Program Line 1
  Set p_s = 0.22,                         !- Program Line 2
  Set s_m = 270,                          !- Program Line 3
  Set s_s = 370,                          !- Program Line 4
  Set z_m = 9.99744,                      !- Program Line 5
  Set z_s = 2.4384,                       !- Program Line 6
  Set f_t = (((s_m/z_m)^p_m)*((z_s/s_s)^p_s)), !- Program Line 7
  Set Tdiff = tin_s-tout_s,               !- Program Line 8
  Set dT = @Abs Tdiff,                    !- Program Line 9
  Set c = 0.1071,                         !- Program Line 10
  Set Cs = 0.0566,                        !- Program Line 11
  Set Cw = 0.1625,                        !- Program Line 12
  Set n = 0.65,                           !- Program Line 13
  Set sft = (f_t*0.5),                    !- Program Line 14
  Set temp1 = ((c*Cw)*((sft*site_vw_s)^(2*n)))^2, !- Program Line 15
  Set Qinf = (((c*Cs*(dT^n))^2)+temp1)^0.5, !- Program Line 16
  Set Qinf = (@Max Qinf 0),               !- Program Line 17
  Set mech_vent_house_fan_sensible_load_equip_act = 0.0, !- Program Line 18
  Set mech_vent_house_fan_latent_load_equip_act = 0.0, !- Program Line 19
  Set OASupInPb = out_pb_s,               !- Program Line 20
  Set OASupInTemp = tout_s,               !- Program Line 21
  Set OASupInW = out_wt_s,                !- Program Line 22
  Set OASupRho = (@RhoAirFnPbTdbW OASupInPb OASupInTemp OASupInW), !- Program Line 23
  Set OASupCp = (@CpAirFnW OASupInW),     !- Program Line 24
  Set OASupInEnth = (@HFnTdbW OASupInTemp OASupInW), !- Program Line 25
  Set ZoneTemp = tin_s,                   !- Program Line 26
  Set ZoneW = win_s,                      !- Program Line 27
  Set ZoneCp = (@CpAirFnW ZoneW),         !- Program Line 28
  Set ZoneAirEnth = (@HFnTdbW ZoneTemp ZoneW), !- Program Line 29
  Set mech_vent_house_fan_cfis_act = 0.0, !- Program Line 30
  Set QWHV_cfis_sup = 0.0,                !- Program Line 31
  Set QWHV_cfis_suppl_sup = 0.0,          !- Program Line 32
  Set QWHV_cfis_suppl_exh = 0.0,          !- Program Line 33
  Set Qrange = 0,                         !- Program Line 34
  Set Qrange = Qrange + 0.04719 * mech_vent_range_fan_0_sch_s, !- Program Line 35
  Set Qbath = 0,                          !- Program Line 36
  Set Qbath = Qbath + 0.04719 * mech_vent_bath_fan_0_sch_s, !- Program Line 37
  Set Qdryer = 0,                         !- Program Line 38
  Set Qdryer = Qdryer + 0.19367 * clothes_dryer_exhaust_0_sch_s, !- Program Line 39
  Set QWHV_sup = 0.0,                     !- Program Line 40
  Set QWHV_exh = 0.0,                     !- Program Line 41
  Set Qexhaust = Qrange + Qbath + Qdryer + QWHV_exh + QWHV_cfis_suppl_exh, !- Program Line 42
  Set Qsupply = QWHV_sup + QWHV_cfis_sup + QWHV_cfis_suppl_sup, !- Program Line 43
  Set Qfan = (@Max Qexhaust Qsupply),     !- Program Line 44
  If Qfan > 0,                            !- Program Line 45
  Set Qavg = ((Qexhaust + Qsupply) / 2.0), !- Program Line 46
  If ((@Abs (Qexhaust - Qavg)) / Qavg) <= 0.1, !- Program Line 47
  Set phi = 1,                            !- Program Line 48
  Else,                                   !- Program Line 49
  Set phi = (Qinf / (Qinf + Qfan)),       !- Program Line 50
  EndIf,                                  !- Program Line 51
  Set Qinf_adj = phi * Qinf,              !- Program Line 52
  Else,                                   !- Program Line 53
  Set Qinf_adj = Qinf,                    !- Program Line 54
  EndIf,                                  !- Program Line 55
  Set infil_flow_act = Qinf_adj,          !- Program Line 56
  Set Qload = Qfan,                       !- Program Line 57
  Set Effectiveness_Sens = 0.0,           !- Program Line 58
  Set Effectiveness_Lat = 0.0,            !- Program Line 59
  Set Fan_MFR = Qload * OASupRho,         !- Program Line 60
  Set ZoneInEnth = OASupInEnth,           !- Program Line 61
  Set ZoneInTemp = OASupInTemp,           !- Program Line 62
  Set FanTotalToCond = Fan_MFR * (ZoneInEnth - ZoneAirEnth), !- Program Line 63
  Set FanSensToCond = Fan_MFR * ZoneCp * (ZoneInTemp - ZoneTemp), !- Program Line 64
  Set FanLatToCond = FanTotalToCond - FanSensToCond, !- Program Line 65
  Set mech_vent_house_fan_sensible_load_equip_act = mech_vent_house_fan_sensible_load_equip_act + FanSensToCond, !- Program Line 66
  Set mech_vent_house_fan_latent_load_equip_act = mech_vent_house_fan_latent_load_equip_act + FanLatToCond; !- Program Line 67

OS:AdditionalProperties,
  {54ff66c6-5915-4fdb-9d8d-86e08105af10}, !- Handle
  {ee018344-f419-43f3-9fd0-e2054f98bafa}, !- Object Name
  ObjectType,                             !- Feature Name 1
  String,                                 !- Feature Data Type 1
  infil;                                  !- Feature Value 1

OS:OtherEquipment:Definition,
  {cdd628bf-aa08-4dea-8536-192349efe693}, !- Handle
  mech vent house fan sensible load equip, !- Name
  EquipmentLevel,                         !- Design Level Calculation Method
  0,                                      !- Design Level {W}
  ,                                       !- Watts per Space Floor Area {W/m2}
  ,                                       !- Watts per Person {W/Person}
  0,                                      !- Fraction Latent
  0,                                      !- Fraction Radiant
  0;                                      !- Fraction Lost

OS:OtherEquipment,
  {9c6d2e47-2efa-417d-a0d5-b51da982799d}, !- Handle
  mech vent house fan sensible load equip, !- Name
  {cdd628bf-aa08-4dea-8536-192349efe693}, !- Other Equipment Definition Name
  {1671f505-4a93-4013-a313-0347ee079f4b}, !- Space or SpaceType Name
  {23d1c39e-508f-424b-aef0-aa9368e6d64f}, !- Schedule Name
  ,                                       !- Multiplier
  None,                                   !- Fuel Type
  mech vent house fan;                    !- End-Use Subcategory

OS:EnergyManagementSystem:Actuator,
  {9ede64b9-d1ba-4b05-b2bc-c0ad9f5b217d}, !- Handle
  mech_vent_house_fan_sensible_load_equip_act, !- Name
  {9c6d2e47-2efa-417d-a0d5-b51da982799d}, !- Actuated Component Name
  OtherEquipment,                         !- Actuated Component Type
  Power Level,                            !- Actuated Component Control Type
  {1671f505-4a93-4013-a313-0347ee079f4b}; !- Zone or Space Name

OS:OtherEquipment:Definition,
  {9218cf22-1dd7-488f-98df-8d520bfdc509}, !- Handle
  mech vent house fan latent load equip,  !- Name
  EquipmentLevel,                         !- Design Level Calculation Method
  0,                                      !- Design Level {W}
  ,                                       !- Watts per Space Floor Area {W/m2}
  ,                                       !- Watts per Person {W/Person}
  1,                                      !- Fraction Latent
  0,                                      !- Fraction Radiant
  0;                                      !- Fraction Lost

OS:OtherEquipment,
  {6b25f791-6f0a-4cc5-b944-6db2ad222b15}, !- Handle
  mech vent house fan latent load equip,  !- Name
  {9218cf22-1dd7-488f-98df-8d520bfdc509}, !- Other Equipment Definition Name
  {1671f505-4a93-4013-a313-0347ee079f4b}, !- Space or SpaceType Name
  {23d1c39e-508f-424b-aef0-aa9368e6d64f}, !- Schedule Name
  ,                                       !- Multiplier
  None,                                   !- Fuel Type
  mech vent house fan;                    !- End-Use Subcategory

OS:EnergyManagementSystem:Actuator,
  {23dc2da1-5ba4-45af-b769-d080473461bf}, !- Handle
  mech_vent_house_fan_latent_load_equip_act, !- Name
  {6b25f791-6f0a-4cc5-b944-6db2ad222b15}, !- Actuated Component Name
  OtherEquipment,                         !- Actuated Component Type
  Power Level,                            !- Actuated Component Control Type
  {1671f505-4a93-4013-a313-0347ee079f4b}; !- Zone or Space Name

OS:Schedule:Ruleset,
  {2e3ab2e9-6040-43eb-a5b4-c2c9a21c5dcc}, !- Handle
  mech vent range fan 0 schedule,         !- Name
  {6ada26ef-be23-44a6-9ac0-48fa5353139e}, !- Schedule Type Limits Name
  {ca88dea3-5b7d-445c-809c-cb7754a89be8}; !- Default Day Schedule Name

OS:Schedule:Day,
  {ca88dea3-5b7d-445c-809c-cb7754a89be8}, !- Handle
  mech vent range fan 0 schedule default day, !- Name
  {6ada26ef-be23-44a6-9ac0-48fa5353139e}, !- Schedule Type Limits Name
  ,                                       !- Interpolate to Timestep
  24,                                     !- Hour 1
  0,                                      !- Minute 1
  0;                                      !- Value Until Time 1

OS:Schedule:Rule,
  {2f3ceb83-e959-49cd-87da-e361727ab266}, !- Handle
  mech vent range fan 0 schedule allday ruleset1, !- Name
  {2e3ab2e9-6040-43eb-a5b4-c2c9a21c5dcc}, !- Schedule Ruleset Name
  0,                                      !- Rule Order
  {c920ed56-0941-464a-b031-948dd4a2479c}, !- Day Schedule Name
  Yes,                                    !- Apply Sunday
  Yes,                                    !- Apply Monday
  Yes,                                    !- Apply Tuesday
  Yes,                                    !- Apply Wednesday
  Yes,                                    !- Apply Thursday
  Yes,                                    !- Apply Friday
  Yes,                                    !- Apply Saturday
  DateRange,                              !- Date Specification Type
  1,                                      !- Start Month
  1,                                      !- Start Day
  12,                                     !- End Month
  31;                                     !- End Day

OS:Schedule:Day,
  {c920ed56-0941-464a-b031-948dd4a2479c}, !- Handle
  mech vent range fan 0 schedule allday1, !- Name
  {6ada26ef-be23-44a6-9ac0-48fa5353139e}, !- Schedule Type Limits Name
  ,                                       !- Interpolate to Timestep
  20,                                     !- Hour 1
  0,                                      !- Minute 1
  0,                                      !- Value Until Time 1
  21,                                     !- Hour 2
  0,                                      !- Minute 2
  1,                                      !- Value Until Time 2
  24,                                     !- Hour 3
  0,                                      !- Minute 3
  0;                                      !- Value Until Time 3

OS:EnergyManagementSystem:Sensor,
  {55e47278-0319-4bd2-9051-2faafbf9f261}, !- Handle
  mech_vent_range_fan_0_sch_s,            !- Name
  mech vent range fan 0 schedule,         !- Output Variable or Output Meter Index Key Name
  Schedule Value;                         !- Output Variable or Output Meter Name

OS:ElectricEquipment:Definition,
  {4818570b-8539-47b4-ac91-442264416d34}, !- Handle
  mech vent range fan 0,                  !- Name
  EquipmentLevel,                         !- Design Level Calculation Method
  30,                                     !- Design Level {W}
  ,                                       !- Watts per Space Floor Area {W/m2}
  ,                                       !- Watts per Person {W/person}
  0,                                      !- Fraction Latent
  0,                                      !- Fraction Radiant
  1;                                      !- Fraction Lost

OS:ElectricEquipment,
  {3980bb3f-be90-4c34-951f-9c76f0ef8052}, !- Handle
  mech vent range fan 0,                  !- Name
  {4818570b-8539-47b4-ac91-442264416d34}, !- Electric Equipment Definition Name
  {1671f505-4a93-4013-a313-0347ee079f4b}, !- Space or SpaceType Name
  {2e3ab2e9-6040-43eb-a5b4-c2c9a21c5dcc}, !- Schedule Name
  ,                                       !- Multiplier
  mech vent;                              !- End-Use Subcategory

OS:Schedule:Ruleset,
  {26e3b49d-f3af-422b-bbd3-d3153da8a321}, !- Handle
  mech vent bath fan 0 schedule,          !- Name
  {6ada26ef-be23-44a6-9ac0-48fa5353139e}, !- Schedule Type Limits Name
  {c37b3b2d-de70-4ca2-adb6-11f4adc5dc1b}; !- Default Day Schedule Name

OS:Schedule:Day,
  {c37b3b2d-de70-4ca2-adb6-11f4adc5dc1b}, !- Handle
  mech vent bath fan 0 schedule default day, !- Name
  {6ada26ef-be23-44a6-9ac0-48fa5353139e}, !- Schedule Type Limits Name
  ,                                       !- Interpolate to Timestep
  24,                                     !- Hour 1
  0,                                      !- Minute 1
  0;                                      !- Value Until Time 1

OS:Schedule:Rule,
  {3bfd94b0-37d3-4cf3-a8fd-dc47adb7c1ae}, !- Handle
  mech vent bath fan 0 schedule allday ruleset1, !- Name
  {26e3b49d-f3af-422b-bbd3-d3153da8a321}, !- Schedule Ruleset Name
  0,                                      !- Rule Order
  {c2e08335-e6b4-4c2a-ada5-fe03282e723d}, !- Day Schedule Name
  Yes,                                    !- Apply Sunday
  Yes,                                    !- Apply Monday
  Yes,                                    !- Apply Tuesday
  Yes,                                    !- Apply Wednesday
  Yes,                                    !- Apply Thursday
  Yes,                                    !- Apply Friday
  Yes,                                    !- Apply Saturday
  DateRange,                              !- Date Specification Type
  1,                                      !- Start Month
  1,                                      !- Start Day
  12,                                     !- End Month
  31;                                     !- End Day

OS:Schedule:Day,
  {c2e08335-e6b4-4c2a-ada5-fe03282e723d}, !- Handle
  mech vent bath fan 0 schedule allday1,  !- Name
  {6ada26ef-be23-44a6-9ac0-48fa5353139e}, !- Schedule Type Limits Name
  ,                                       !- Interpolate to Timestep
  18,                                     !- Hour 1
  0,                                      !- Minute 1
  0,                                      !- Value Until Time 1
  19,                                     !- Hour 2
  0,                                      !- Minute 2
  1,                                      !- Value Until Time 2
  24,                                     !- Hour 3
  0,                                      !- Minute 3
  0;                                      !- Value Until Time 3

OS:EnergyManagementSystem:Sensor,
  {56516e0d-21e2-496e-9de4-2e6a828c7a2c}, !- Handle
  mech_vent_bath_fan_0_sch_s,             !- Name
  mech vent bath fan 0 schedule,          !- Output Variable or Output Meter Index Key Name
  Schedule Value;                         !- Output Variable or Output Meter Name

OS:ElectricEquipment:Definition,
  {0323a2a4-5a7d-4837-b81a-e4423d42c0d3}, !- Handle
  mech vent bath fan 0,                   !- Name
  EquipmentLevel,                         !- Design Level Calculation Method
  30,                                     !- Design Level {W}
  ,                                       !- Watts per Space Floor Area {W/m2}
  ,                                       !- Watts per Person {W/person}
  0,                                      !- Fraction Latent
  0,                                      !- Fraction Radiant
  1;                                      !- Fraction Lost

OS:ElectricEquipment,
  {609757fb-666c-47f7-a3d9-4bbcf959aae6}, !- Handle
  mech vent bath fan 0,                   !- Name
  {0323a2a4-5a7d-4837-b81a-e4423d42c0d3}, !- Electric Equipment Definition Name
  {1671f505-4a93-4013-a313-0347ee079f4b}, !- Space or SpaceType Name
  {26e3b49d-f3af-422b-bbd3-d3153da8a321}, !- Schedule Name
  ,                                       !- Multiplier
  mech vent;                              !- End-Use Subcategory

OS:EnergyManagementSystem:Sensor,
  {0659b4fa-aced-4bf4-bd33-de44cf0f2d76}, !- Handle
  clothes_dryer_exhaust_0_sch_s,          !- Name
  clothes_dryer,                          !- Output Variable or Output Meter Index Key Name
  Schedule Value;                         !- Output Variable or Output Meter Name

OS:EnergyManagementSystem:OutputVariable,
  {6ca5d4cd-1ea2-4b14-8956-2c0f2451f0e5}, !- Handle
  Qfan_timeseries_outvar,                 !- Name
  Qfan,                                   !- EMS Variable Name
  Averaged,                               !- Type of Data in Variable
  ZoneTimestep,                           !- Update Frequency
  {ee018344-f419-43f3-9fd0-e2054f98bafa}, !- EMS Program or Subroutine Name
  m^/s;                                   !- Units

OS:EnergyManagementSystem:OutputVariable,
  {84411883-2b1f-4cb9-a045-f2da88b5c08c}, !- Handle
  infil_flow_act_timeseries_outvar,       !- Name
  infil_flow_act,                         !- EMS Variable Name
  Averaged,                               !- Type of Data in Variable
  ZoneTimestep,                           !- Update Frequency
  {ee018344-f419-43f3-9fd0-e2054f98bafa}, !- EMS Program or Subroutine Name
  m^/s;                                   !- Units

OS:EnergyManagementSystem:ProgramCallingManager,
  {e0a1b716-b98c-49ca-8f91-a7b557dc99df}, !- Handle
  infil_program calling manager,          !- Name
  BeginZoneTimestepAfterInitHeatBalance,  !- EnergyPlus Model Calling Point
  {ee018344-f419-43f3-9fd0-e2054f98bafa}; !- Program Name 1

OS:BuildingUnit,
  {423cf595-e722-4c3b-92d2-a00a6e2ce09b}, !- Handle
  Building Unit 1,                        !- Name
  ,                                       !- Rendering Color
  ;                                       !- Building Unit Type

OS:AdditionalProperties,
  {0922361d-1ba4-4407-bb89-2b4f97c4eb5e}, !- Handle
  {423cf595-e722-4c3b-92d2-a00a6e2ce09b}, !- Object Name
  unit_num,                               !- Feature Name 1
  Integer,                                !- Feature Data Type 1
  1;                                      !- Feature Value 1

OS:AdditionalProperties,
  {0b1d223d-7f48-4cd6-8475-cf0c73db1a83}, !- Handle
  {13cf381a-04e8-4461-b43c-02bc257d9455}; !- Object Name

OS:EnergyManagementSystem:Sensor,
  {9f388611-1828-4f58-a8ae-39f925da44d7}, !- Handle
  zone_htg_unmet_s,                       !- Name
  conditioned space,                      !- Output Variable or Output Meter Index Key Name
  Zone Heating Setpoint Not Met Time;     !- Output Variable or Output Meter Name

OS:EnergyManagementSystem:Sensor,
  {f219e0f2-b0ce-4ce9-bba1-7cfa86966774}, !- Handle
  zone_clg_unmet_s,                       !- Name
  conditioned space,                      !- Output Variable or Output Meter Index Key Name
  Zone Cooling Setpoint Not Met Time;     !- Output Variable or Output Meter Name

OS:AdditionalProperties,
  {b7f79d32-798e-4930-b588-61d5831be643}, !- Handle
  {f219e0f2-b0ce-4ce9-bba1-7cfa86966774}; !- Object Name

OS:AdditionalProperties,
  {2ab7f337-b14d-4b67-a005-233d57590b9b}, !- Handle
  {9f388611-1828-4f58-a8ae-39f925da44d7}; !- Object Name

OS:AdditionalProperties,
  {53969065-9601-4aa8-abd3-280ddaa53f18}, !- Handle
  {0659b4fa-aced-4bf4-bd33-de44cf0f2d76}; !- Object Name

OS:AdditionalProperties,
  {2ae11305-fd04-4407-a3a7-d9e1d75af51d}, !- Handle
  {23ca7c29-51a6-4d84-afcb-82b13665b758}; !- Object Name

OS:AdditionalProperties,
  {9b84d185-fc09-4c85-ad15-4fe1841f9977}, !- Handle
  {ee9bb0f4-4654-4841-a888-0cc936e012f9}; !- Object Name

OS:AdditionalProperties,
  {affbb2d0-0f3e-4cfe-aa22-744d4aa3ddd6}, !- Handle
  {af116d4a-66da-44c2-9ccf-d311d918cd01}; !- Object Name

OS:AdditionalProperties,
  {ab6655a1-5542-471d-89fe-b175c1182072}, !- Handle
  {80954b70-ee1d-4975-a905-c6112337e1f6}; !- Object Name

OS:AdditionalProperties,
  {e548a35a-b3f5-45f6-9c72-03941a75f167}, !- Handle
  {a3695432-c8f2-4ee4-bc7e-3d9381200a27}; !- Object Name

OS:AdditionalProperties,
  {2bc74841-5310-4602-9f1c-2223dbaf8016}, !- Handle
  {a362e204-5bc0-4f02-8ffa-29aaf7ce29dc}; !- Object Name

OS:AdditionalProperties,
  {f13445ad-3690-491b-a6d6-cd4170aba2ed}, !- Handle
  {8f6254c8-ae62-4501-b653-5e9091688b4e}; !- Object Name

OS:AdditionalProperties,
  {044c97da-e065-498a-a174-447e9f8e7e52}, !- Handle
  {fc620fd7-c692-4de8-900d-865bd632e944}; !- Object Name

OS:AdditionalProperties,
  {af6d60d1-6e1c-4d27-8367-dfaf4d7c32ab}, !- Handle
  {57cf66c1-8dc1-4e75-b2a9-841a03f76358}; !- Object Name

OS:AdditionalProperties,
  {12d26af0-8429-4242-bd1c-32ae4dcb8ca4}, !- Handle
  {27f3a7e0-8367-4b96-aa05-ace566387dd7}; !- Object Name

OS:AdditionalProperties,
  {de4051f7-0ef2-41d0-a8be-a0bd38ceb5ee}, !- Handle
  {56516e0d-21e2-496e-9de4-2e6a828c7a2c}; !- Object Name

OS:AdditionalProperties,
  {183289af-bcac-4605-bd14-0c6dc4ff6896}, !- Handle
  {c5780aca-b790-4a8e-a594-cdbec6ca07bb}; !- Object Name

OS:AdditionalProperties,
  {62c2bace-4437-4a4d-ab20-417c0a4ffbaf}, !- Handle
  {a9a28b6e-2322-46f2-9a2e-12230b8941ee}; !- Object Name

OS:AdditionalProperties,
  {f64061b2-f669-424e-9cae-9d60f4d9748f}, !- Handle
  {f37c0a30-a567-4a2a-9899-eedd5bcdb998}; !- Object Name

OS:AdditionalProperties,
  {3d14dd2a-ed00-4afc-ba96-00cb7d1a68eb}, !- Handle
  {4682597f-c370-415c-ae74-7ae0e2530151}; !- Object Name

OS:AdditionalProperties,
  {741421b1-8bf8-456b-a116-33f3bc99ee3d}, !- Handle
  {8b4687af-8bb9-4f77-9953-b298b836631d}; !- Object Name

OS:AdditionalProperties,
  {85d390c9-eb02-4874-95b5-367fffefe0dc}, !- Handle
  {8f7b67c3-7c9d-4feb-89a0-9d109266c900}; !- Object Name

OS:AdditionalProperties,
  {9a12b837-6b38-4063-88f5-2e96e9508d05}, !- Handle
  {6b5bbc60-8ddd-49e2-9c13-d68d207768f2}; !- Object Name

OS:AdditionalProperties,
  {507b8faf-4d58-498a-b885-63147b68ce56}, !- Handle
  {55e47278-0319-4bd2-9051-2faafbf9f261}; !- Object Name

OS:AdditionalProperties,
  {97d90ff7-78c3-4b69-b572-5e3227b7b5ba}, !- Handle
  {1f3991cd-0ace-4bb0-9625-122e440876c0}; !- Object Name

OS:AdditionalProperties,
  {d56210c7-35eb-4995-a3d7-6b25e4b4902b}, !- Handle
  {6ea25dfd-ca4f-4245-a779-e9793ecfe92f}; !- Object Name

OS:AdditionalProperties,
  {cda58bd6-094e-4279-870c-107d3f135cd5}, !- Handle
  {93dc04e9-4e99-4851-97aa-4fc73ac5f903}; !- Object Name

OS:AdditionalProperties,
  {beba34f9-c304-4723-a955-0309133f2407}, !- Handle
  {cc128056-4965-4436-99ac-2911c59e1515}; !- Object Name

OS:AdditionalProperties,
  {ff8e2591-442a-4e3d-8c02-939c1a8d7f44}, !- Handle
  {78b8e2ce-292a-44d9-b5c0-c5436e931f32}; !- Object Name

OS:AdditionalProperties,
  {e104569c-7fe7-4c86-84a2-b39ef9eb37f9}, !- Handle
  {235739b4-aca7-4e41-a215-ed10166118a5}; !- Object Name

OS:AdditionalProperties,
  {04c10f12-3768-4547-8c2e-7da1a49a3fa4}, !- Handle
  {3410c18a-af44-4c13-817e-8f45b3830ef2}; !- Object Name

OS:AdditionalProperties,
  {1da51764-91e7-474f-81fa-48caeb2bb402}, !- Handle
  {dd898f3d-cef7-478d-95a3-c1ee6ef501e2}; !- Object Name

OS:AdditionalProperties,
  {d8134723-1e86-46f1-acdc-79a3ca38a9f0}, !- Handle
  {f8f5b37e-356a-481d-aedb-38b1a8d9c653}; !- Object Name

OS:AdditionalProperties,
  {9bc139fc-8c23-4a3e-a16f-d3e61bc80f76}, !- Handle
  {ce56041f-617b-4112-9c24-87f413270666}; !- Object Name

OS:EnergyManagementSystem:Program,
  {250bcbe4-7298-4bce-8a41-3f01011c5551}, !- Handle
  unmet_hours_program,                    !- Name
  Set htg_unmet_hours = 0,                !- Program Line 1
  Set clg_unmet_hours = 0,                !- Program Line 2
  If ((DayOfYear >= 1) && (DayOfYear <= 365)), !- Program Line 3
  If zone_htg_unmet_s > htg_unmet_hours,  !- Program Line 4
  Set htg_unmet_hours = zone_htg_unmet_s, !- Program Line 5
  EndIf,                                  !- Program Line 6
  EndIf,                                  !- Program Line 7
  If ((DayOfYear >= 1) && (DayOfYear <= 365)), !- Program Line 8
  If zone_clg_unmet_s > clg_unmet_hours,  !- Program Line 9
  Set clg_unmet_hours = zone_clg_unmet_s, !- Program Line 10
  EndIf,                                  !- Program Line 11
  EndIf;                                  !- Program Line 12

OS:AdditionalProperties,
  {762a757b-6980-4027-9c17-57db26710243}, !- Handle
  {250bcbe4-7298-4bce-8a41-3f01011c5551}, !- Object Name
  ObjectType,                             !- Feature Name 1
  String,                                 !- Feature Data Type 1
  unmet hours program;                    !- Feature Value 1

OS:EnergyManagementSystem:ProgramCallingManager,
  {bb7264dd-3f3a-45f0-8c53-f7f5f19c0b04}, !- Handle
  unmet_hours_program calling manager,    !- Name
  EndOfZoneTimestepBeforeZoneReporting,   !- EnergyPlus Model Calling Point
  {250bcbe4-7298-4bce-8a41-3f01011c5551}; !- Program Name 1

OS:EnergyManagementSystem:Sensor,
  {3a495f79-3629-43bd-a769-16a758f0373b}, !- Handle
  htg_load_cond,                          !- Name
  ,                                       !- Output Variable or Output Meter Index Key Name
  Heating:EnergyTransfer:Zone:CONDITIONED SPACE; !- Output Variable or Output Meter Name

OS:EnergyManagementSystem:Sensor,
  {5fcb4a59-5694-4f80-b4fc-def73a1a9ae3}, !- Handle
  clg_load_cond,                          !- Name
  ,                                       !- Output Variable or Output Meter Index Key Name
  Cooling:EnergyTransfer:Zone:CONDITIONED SPACE; !- Output Variable or Output Meter Name

OS:EnergyManagementSystem:Sensor,
  {6aad4602-46a6-4b73-ae5c-0a4e077e6f68}, !- Handle
  htg_load_duct,                          !- Name
  ,                                       !- Output Variable or Output Meter Index Key Name
  Heating:EnergyTransfer:Zone:CENTRAL AC AND FURNACE AIRLOOP RET AIR ZONE; !- Output Variable or Output Meter Name

OS:EnergyManagementSystem:Sensor,
  {9a8975fa-8173-4844-8864-51433479cc85}, !- Handle
  clg_load_duct,                          !- Name
  ,                                       !- Output Variable or Output Meter Index Key Name
  Cooling:EnergyTransfer:Zone:CENTRAL AC AND FURNACE AIRLOOP RET AIR ZONE; !- Output Variable or Output Meter Name

OS:EnergyManagementSystem:Program,
  {87a1d45a-f95d-4d49-8a57-50454c776a18}, !- Handle
  total_loads_program,                    !- Name
  Set loads_htg_tot = 0,                  !- Program Line 1
  Set loads_clg_tot = 0,                  !- Program Line 2
  If htg_load_cond > 0,                   !- Program Line 3
  Set loads_htg_tot = loads_htg_tot + (htg_load_cond - clg_load_cond) * 1.0, !- Program Line 4
  Set loads_htg_tot = loads_htg_tot + (htg_load_duct - clg_load_duct) * 1.0, !- Program Line 5
  EndIf,                                  !- Program Line 6
  If clg_load_cond > 0,                   !- Program Line 7
  Set loads_clg_tot = loads_clg_tot + (clg_load_cond - htg_load_cond) * 1.0, !- Program Line 8
  Set loads_clg_tot = loads_clg_tot + (clg_load_duct - htg_load_duct) * 1.0, !- Program Line 9
  EndIf;                                  !- Program Line 10

OS:AdditionalProperties,
  {13a85ab3-677e-4980-ba1f-7d4841a5d17c}, !- Handle
  {87a1d45a-f95d-4d49-8a57-50454c776a18}, !- Object Name
  ObjectType,                             !- Feature Name 1
  String,                                 !- Feature Data Type 1
  total loads program;                    !- Feature Value 1

OS:EnergyManagementSystem:ProgramCallingManager,
  {8d7dd2f5-c7f9-4a3f-bac5-1246b231aabe}, !- Handle
  total_loads_program calling manager,    !- Name
  EndOfZoneTimestepAfterZoneReporting,    !- EnergyPlus Model Calling Point
  {87a1d45a-f95d-4d49-8a57-50454c776a18}; !- Program Name 1

OS:Output:JSON,
  {e7026867-4238-4878-8d67-114bf5f5a67b}, !- Handle
  TimeSeriesAndTabular,                   !- Option Type
  No,                                     !- Output JSON
  No,                                     !- Output CBOR
  Yes;                                    !- Output MessagePack

OS:OutputControl:Files,
  {c3275e88-0495-4fd8-a641-d60d10e199f4}, !- Handle
  No,                                     !- Output CSV
  No,                                     !- Output MTR
  No,                                     !- Output ESO
  No,                                     !- Output EIO
  Yes,                                    !- Output Tabular
  No,                                     !- Output SQLite
  Yes,                                    !- Output JSON
  No,                                     !- Output AUDIT
  Yes,                                    !- Output Zone Sizing
  Yes,                                    !- Output System Sizing
  Yes,                                    !- Output DXF
  No,                                     !- Output BND
  No,                                     !- Output RDD
  No,                                     !- Output MDD
  No,                                     !- Output MTD
  No,                                     !- Output SHD
  Yes,                                    !- Output DFS
  Yes,                                    !- Output GLHE
  Yes,                                    !- Output DelightIn
  Yes,                                    !- Output DelightELdmp
  Yes,                                    !- Output DelightDFdmp
  Yes,                                    !- Output EDD
  Yes,                                    !- Output DBG
  No,                                     !- Output PerfLog
  Yes,                                    !- Output SLN
  Yes,                                    !- Output SCI
  Yes,                                    !- Output WRL
  Yes,                                    !- Output Screen
  Yes,                                    !- Output ExtShd
  Yes;                                    !- Output Tarcog

OS:Building,
  {cfb414b9-eb81-4cc3-b8a3-91c03a26c4cd}, !- Handle
  Building 1,                             !- Name
  ,                                       !- Building Sector Type
  ,                                       !- North Axis {deg}
  ,                                       !- Nominal Floor to Floor Height {m}
  ,                                       !- Space Type Name
  ,                                       !- Default Construction Set Name
  ;                                       !- Default Schedule Set Name

OS:AdditionalProperties,
  {3c05504f-74a1-4807-aa76-18a98767e60c}, !- Handle
  {cfb414b9-eb81-4cc3-b8a3-91c03a26c4cd}, !- Object Name
  hpxml_path,                             !- Feature Name 1
  String,                                 !- Feature Data Type 1
  /var/simdata/openstudio/run/home.xml,   !- Feature Value 1
  hpxml_defaults_path,                    !- Feature Name 2
  String,                                 !- Feature Data Type 2
  /var/simdata/openstudio/run/in.xml,     !- Feature Value 2
  building_id,                            !- Feature Name 3
  String,                                 !- Feature Data Type 3
  ,                                       !- Feature Value 3
  emissions_scenario_names,               !- Feature Name 4
  String,                                 !- Feature Data Type 4
  ["LRMER_LowRECost_15"&#44 "LRMER_MidCase_15"&#44 "LRMER_HighRECost_15"&#44 "LRMER_MidCase_25"], !- Feature Value 4
  emissions_scenario_types,               !- Feature Name 5
  String,                                 !- Feature Data Type 5
  ["CO2e"&#44 "CO2e"&#44 "CO2e"&#44 "CO2e"], !- Feature Value 5
  heated_zones,                           !- Feature Name 6
  String,                                 !- Feature Data Type 6
  ["conditioned space"],                  !- Feature Value 6
  cooled_zones,                           !- Feature Name 7
  String,                                 !- Feature Data Type 7
  ["conditioned space"],                  !- Feature Value 7
  is_southern_hemisphere,                 !- Feature Name 8
  Boolean,                                !- Feature Data Type 8
  false;                                  !- Feature Value 8

