
OS:Version,
  {38333ffd-9431-4c5b-9af1-b2cfcfc9e075}, !- Handle
  3.7.0;                                  !- Version Identifier

OS:WeatherFile,
  {d2ef7eb4-56ec-4fea-9414-b1c452b10c0d}, !- Handle
  Centennial,                             !- City
  CO,                                     !- State Province Region
  USA,                                    !- Country
  customized weather file,                !- Data Source
  724666,                                 !- WMO Number
  39.57,                                  !- Latitude {deg}
  -104.85,                                !- Longitude {deg}
  -7,                                     !- Time Zone {hr}
  1776,                                   !- Elevation {m}
  /weather/G0800590.epw,                  !- Url
  61126CFD,                               !- Checksum
  2018,                                   !- Start Date Actual Year
  Monday;                                 !- Start Day of Week

OS:YearDescription,
  {c9c27179-6cfa-4a11-a0e7-e8363745f898}, !- Handle
  2018,                                   !- Calendar Year
  ,                                       !- Day of Week for Start Day
  ;                                       !- Is Leap Year

OS:Site,
  {676107fc-9f96-47e8-aa46-1c110d63c473}, !- Handle
  Centennial_CO_USA,                      !- Name
  39.57,                                  !- Latitude {deg}
  -104.85,                                !- Longitude {deg}
  -7,                                     !- Time Zone {hr}
  1776,                                   !- Elevation {m}
  Suburbs;                                !- Terrain

OS:RunPeriodControl:DaylightSavingTime,
  {dcef53c1-18d3-47c7-b37a-27f2e6437748}, !- Handle
  Mar 11,                                 !- Start Date
  Nov 4;                                  !- End Date

OS:Site:GroundTemperature:Shallow,
  {476b18b8-9061-46cc-9737-2b8dedad70b3}, !- Handle
  6.49646780481393,                       !- January Surface Ground Temperature {C}
  4.69102415973484,                       !- February Surface Ground Temperature {C}
  4.5464377579308,                        !- March Surface Ground Temperature {C}
  5.40321301919237,                       !- April Surface Ground Temperature {C}
  8.84268826045074,                       !- May Surface Ground Temperature {C}
  12.2661409669331,                       !- June Surface Ground Temperature {C}
  15.2340914995949,                       !- July Surface Ground Temperature {C}
  17.1142151667804,                       !- August Surface Ground Temperature {C}
  17.2739419990931,                       !- September Surface Ground Temperature {C}
  15.7447774014972,                       !- October Surface Ground Temperature {C}
  12.8525113499459,                       !- November Surface Ground Temperature {C}
  9.53407622853041;                       !- December Surface Ground Temperature {C}

OS:SimulationControl,
  {a2decf9a-0e83-43ad-9de3-ecdc8832d4b0}, !- Handle
  ,                                       !- Do Zone Sizing Calculation
  ,                                       !- Do System Sizing Calculation
  ,                                       !- Do Plant Sizing Calculation
  No;                                     !- Run Simulation for Sizing Periods

OS:Timestep,
  {5ad3dcef-cf59-45f9-97b0-7bf99a99f0ed}, !- Handle
  4;                                      !- Number of Timesteps per Hour

OS:ShadowCalculation,
  {37f8640c-231f-4124-9cd6-65ca0c314da5}, !- Handle
  PolygonClipping,                        !- Shading Calculation Method
  ,                                       !- Shading Calculation Update Frequency Method
  20,                                     !- Shading Calculation Update Frequency
  200,                                    !- Maximum Figures in Shadow Overlap Calculations
  ,                                       !- Polygon Clipping Algorithm
  512,                                    !- Pixel Counting Resolution
  ,                                       !- Sky Diffuse Modeling Algorithm
  No,                                     !- Output External Shading Calculation Results
  No,                                     !- Disable Self-Shading Within Shading Zone Groups
  No;                                     !- Disable Self-Shading From Shading Zone Groups to Other Zones

OS:SurfaceConvectionAlgorithm:Outside,
  {42a9af17-8c90-4b73-b561-5d19495a0c83}, !- Handle
  DOE-2;                                  !- Algorithm

OS:SurfaceConvectionAlgorithm:Inside,
  {9d364fbe-f7dd-4472-b45e-4068aaf284d7}, !- Handle
  TARP;                                   !- Algorithm

OS:ZoneCapacitanceMultiplier:ResearchSpecial,
  {e0bef49b-494a-4f00-a717-1eeee734237e}, !- Handle
  1,                                      !- Temperature Capacity Multiplier
  15,                                     !- Humidity Capacity Multiplier
  ;                                       !- Carbon Dioxide Capacity Multiplier

OS:ConvergenceLimits,
  {33bfbf39-271b-41c6-a18e-412756da46b8}, !- Handle
  0;                                      !- Minimum System Timestep {minutes}

OS:RunPeriod,
  {a5813a58-9f37-4239-9d48-cf6dbb8100e2}, !- Handle
  Run Period 1,                           !- Name
  1,                                      !- Begin Month
  1,                                      !- Begin Day of Month
  12,                                     !- End Month
  31,                                     !- End Day of Month
  ,                                       !- Use Weather File Holidays and Special Days
  ,                                       !- Use Weather File Daylight Saving Period
  ,                                       !- Apply Weekend Holiday Rule
  ,                                       !- Use Weather File Rain Indicators
  ,                                       !- Use Weather File Snow Indicators
  ;                                       !- Number of Times Runperiod to be Repeated

OS:PerformancePrecisionTradeoffs,
  {e257421c-2fa8-40fe-b349-084d04bf0801}, !- Handle
  ,                                       !- Use Coil Direct Solutions
  CarrollMRT;                             !- Zone Radiant Exchange Algorithm

OS:ThermalZone,
  {f33eefb7-352c-4690-abbe-5016b3fdcf05}, !- Handle
  conditioned space,                      !- Name
  1,                                      !- Multiplier
  ,                                       !- Ceiling Height {m}
  384.656044105728,                       !- Volume {m3}
  ,                                       !- Floor Area {m2}
  ,                                       !- Zone Inside Convection Algorithm
  ,                                       !- Zone Outside Convection Algorithm
  ,                                       !- Zone Conditioning Equipment List Name
  {5a55514d-0958-408d-9315-c05085873fab}, !- Zone Air Inlet Port List
  {2f7aee13-5de2-4159-84d1-ba61b8e2f359}, !- Zone Air Exhaust Port List
  {39b8b995-1707-4a34-93c5-247bb22e46aa}, !- Zone Air Node Name
  {337531eb-c922-44b5-baa4-454fffce78ee}, !- Zone Return Air Port List
  ,                                       !- Primary Daylighting Control Name
  ,                                       !- Fraction of Zone Controlled by Primary Daylighting Control
  ,                                       !- Secondary Daylighting Control Name
  ,                                       !- Fraction of Zone Controlled by Secondary Daylighting Control
  ,                                       !- Illuminance Map Name
  ,                                       !- Group Rendering Name
  {25739902-5d4e-4136-a7a7-9ebee68c439d}, !- Thermostat Name
  No;                                     !- Use Ideal Air Loads

OS:Node,
  {4d0be0fb-8d2e-42af-ae4a-c4ab7986fe57}, !- Handle
  Node 1,                                 !- Name
  {39b8b995-1707-4a34-93c5-247bb22e46aa}, !- Inlet Port
  ;                                       !- Outlet Port

OS:Connection,
  {39b8b995-1707-4a34-93c5-247bb22e46aa}, !- Handle
  {f33eefb7-352c-4690-abbe-5016b3fdcf05}, !- Source Object
  11,                                     !- Outlet Port
  {4d0be0fb-8d2e-42af-ae4a-c4ab7986fe57}, !- Target Object
  2;                                      !- Inlet Port

OS:PortList,
  {5a55514d-0958-408d-9315-c05085873fab}, !- Handle
  {f33eefb7-352c-4690-abbe-5016b3fdcf05}, !- HVAC Component
  {6845c3fb-001c-4aae-9285-b829f66f4c76}; !- Port 1

OS:PortList,
  {2f7aee13-5de2-4159-84d1-ba61b8e2f359}, !- Handle
  {f33eefb7-352c-4690-abbe-5016b3fdcf05}; !- HVAC Component

OS:PortList,
  {337531eb-c922-44b5-baa4-454fffce78ee}, !- Handle
  {f33eefb7-352c-4690-abbe-5016b3fdcf05}, !- HVAC Component
  {223469c9-c617-4ba6-9a14-8b8fe54d02be}; !- Port 1

OS:Sizing:Zone,
  {c2437ed6-aebe-4d90-bf48-1b1e71539ce2}, !- Handle
  {f33eefb7-352c-4690-abbe-5016b3fdcf05}, !- Zone or ZoneList Name
  SupplyAirTemperature,                   !- Zone Cooling Design Supply Air Temperature Input Method
  14,                                     !- Zone Cooling Design Supply Air Temperature {C}
  11.11,                                  !- Zone Cooling Design Supply Air Temperature Difference {deltaC}
  SupplyAirTemperature,                   !- Zone Heating Design Supply Air Temperature Input Method
  40,                                     !- Zone Heating Design Supply Air Temperature {C}
  11.11,                                  !- Zone Heating Design Supply Air Temperature Difference {deltaC}
  0.0085,                                 !- Zone Cooling Design Supply Air Humidity Ratio {kg-H2O/kg-air}
  0.008,                                  !- Zone Heating Design Supply Air Humidity Ratio {kg-H2O/kg-air}
  ,                                       !- Zone Heating Sizing Factor
  ,                                       !- Zone Cooling Sizing Factor
  DesignDay,                              !- Cooling Design Air Flow Method
  ,                                       !- Cooling Design Air Flow Rate {m3/s}
  ,                                       !- Cooling Minimum Air Flow per Zone Floor Area {m3/s-m2}
  ,                                       !- Cooling Minimum Air Flow {m3/s}
  ,                                       !- Cooling Minimum Air Flow Fraction
  DesignDay,                              !- Heating Design Air Flow Method
  ,                                       !- Heating Design Air Flow Rate {m3/s}
  ,                                       !- Heating Maximum Air Flow per Zone Floor Area {m3/s-m2}
  ,                                       !- Heating Maximum Air Flow {m3/s}
  ,                                       !- Heating Maximum Air Flow Fraction
  No,                                     !- Account for Dedicated Outdoor Air System
  NeutralSupplyAir,                       !- Dedicated Outdoor Air System Control Strategy
  autosize,                               !- Dedicated Outdoor Air Low Setpoint Temperature for Design {C}
  autosize,                               !- Dedicated Outdoor Air High Setpoint Temperature for Design {C}
  Sensible Load Only No Latent Load,      !- Zone Load Sizing Method
  HumidityRatioDifference,                !- Zone Latent Cooling Design Supply Air Humidity Ratio Input Method
  ,                                       !- Zone Dehumidification Design Supply Air Humidity Ratio {kgWater/kgDryAir}
  0.005,                                  !- Zone Cooling Design Supply Air Humidity Ratio Difference {kgWater/kgDryAir}
  HumidityRatioDifference,                !- Zone Latent Heating Design Supply Air Humidity Ratio Input Method
  ,                                       !- Zone Humidification Design Supply Air Humidity Ratio {kgWater/kgDryAir}
  0.005;                                  !- Zone Humidification Design Supply Air Humidity Ratio Difference {kgWater/kgDryAir}

OS:ZoneHVAC:EquipmentList,
  {8924402d-6e3a-4e5e-a304-7435d20d32ce}, !- Handle
  Zone HVAC Equipment List 1,             !- Name
  {f33eefb7-352c-4690-abbe-5016b3fdcf05}, !- Thermal Zone
  ,                                       !- Load Distribution Scheme
  {51d5a7d4-3abb-4406-9df6-d18196821308}, !- Zone Equipment 1
  1,                                      !- Zone Equipment Cooling Sequence 1
  1,                                      !- Zone Equipment Heating or No-Load Sequence 1
  {53710e7d-5dd9-4732-ad31-0b9c9af90fab}, !- Zone Equipment Sequential Cooling Fraction Schedule Name 1
  {44544934-b12b-4b49-9b1b-4b774e93c919}; !- Zone Equipment Sequential Heating Fraction Schedule Name 1

OS:AdditionalProperties,
  {99bd9afe-f463-49ff-aab5-135786c5951a}, !- Handle
  {f33eefb7-352c-4690-abbe-5016b3fdcf05}, !- Object Name
  ObjectType,                             !- Feature Name 1
  String,                                 !- Feature Data Type 1
  conditioned space;                      !- Feature Value 1

OS:Space,
  {cb606522-7303-4dfc-8a2c-5a86dab76d10}, !- Handle
  conditioned space 1,                    !- Name
  ,                                       !- Space Type Name
  ,                                       !- Default Construction Set Name
  ,                                       !- Default Schedule Set Name
  ,                                       !- Direction of Relative North {deg}
  ,                                       !- X Origin {m}
  ,                                       !- Y Origin {m}
  ,                                       !- Z Origin {m}
  ,                                       !- Building Story Name
  {f33eefb7-352c-4690-abbe-5016b3fdcf05}, !- Thermal Zone Name
  ,                                       !- Part of Total Floor Area
  ,                                       !- Design Specification Outdoor Air Object Name
  {6640da16-e556-4fa6-85b7-a611b025e5ae}, !- Building Unit Name
  384.656044105728;                       !- Volume {m3}

OS:Schedule:Ruleset,
  {3bd0bb33-b46c-482a-bfac-43d97e46615c}, !- Handle
  heating setpoint,                       !- Name
  {6ea8c71a-525b-4094-80e1-6cc734b13289}, !- Schedule Type Limits Name
  {b5fdc11d-526f-4396-914b-a9bdc3efd9e4}; !- Default Day Schedule Name

OS:Schedule:Day,
  {b5fdc11d-526f-4396-914b-a9bdc3efd9e4}, !- Handle
  heating setpoint default day,           !- Name
  {6ea8c71a-525b-4094-80e1-6cc734b13289}, !- Schedule Type Limits Name
  ,                                       !- Interpolate to Timestep
  24,                                     !- Hour 1
  0,                                      !- Minute 1
  0;                                      !- Value Until Time 1

OS:Schedule:Rule,
  {a9fffdcc-9d19-428f-badf-2e31f5496c71}, !- Handle
  heating setpoint allday ruleset1,       !- Name
  {3bd0bb33-b46c-482a-bfac-43d97e46615c}, !- Schedule Ruleset Name
  0,                                      !- Rule Order
  {92ff38a7-ca5d-420a-8d51-140d589cc007}, !- Day Schedule Name
  Yes,                                    !- Apply Sunday
  Yes,                                    !- Apply Monday
  Yes,                                    !- Apply Tuesday
  Yes,                                    !- Apply Wednesday
  Yes,                                    !- Apply Thursday
  Yes,                                    !- Apply Friday
  Yes,                                    !- Apply Saturday
  DateRange,                              !- Date Specification Type
  1,                                      !- Start Month
  1,                                      !- Start Day
  12,                                     !- End Month
  31;                                     !- End Day

OS:Schedule:Day,
  {92ff38a7-ca5d-420a-8d51-140d589cc007}, !- Handle
  heating setpoint allday1,               !- Name
  {6ea8c71a-525b-4094-80e1-6cc734b13289}, !- Schedule Type Limits Name
  ,                                       !- Interpolate to Timestep
  3,                                      !- Hour 1
  0,                                      !- Minute 1
  18.3333333333333,                       !- Value Until Time 1
  18,                                     !- Hour 2
  0,                                      !- Minute 2
  20,                                     !- Value Until Time 2
  24,                                     !- Hour 3
  0,                                      !- Minute 3
  18.3333333333333;                       !- Value Until Time 3

OS:Schedule:Ruleset,
  {d16360d6-af60-4dbb-8db5-4065141a82c5}, !- Handle
  cooling setpoint,                       !- Name
  {6ea8c71a-525b-4094-80e1-6cc734b13289}, !- Schedule Type Limits Name
  {c25311cf-780f-4fda-8859-1a51d51a7661}; !- Default Day Schedule Name

OS:Schedule:Day,
  {c25311cf-780f-4fda-8859-1a51d51a7661}, !- Handle
  cooling setpoint default day,           !- Name
  {6ea8c71a-525b-4094-80e1-6cc734b13289}, !- Schedule Type Limits Name
  ,                                       !- Interpolate to Timestep
  24,                                     !- Hour 1
  0,                                      !- Minute 1
  0;                                      !- Value Until Time 1

OS:Schedule:Rule,
  {dd817b22-f4fc-45b0-9485-a223c1f45ce7}, !- Handle
  cooling setpoint allday ruleset1,       !- Name
  {d16360d6-af60-4dbb-8db5-4065141a82c5}, !- Schedule Ruleset Name
  0,                                      !- Rule Order
  {757d3d7d-afe3-4d7f-92fd-1858f6e12d55}, !- Day Schedule Name
  Yes,                                    !- Apply Sunday
  Yes,                                    !- Apply Monday
  Yes,                                    !- Apply Tuesday
  Yes,                                    !- Apply Wednesday
  Yes,                                    !- Apply Thursday
  Yes,                                    !- Apply Friday
  Yes,                                    !- Apply Saturday
  DateRange,                              !- Date Specification Type
  1,                                      !- Start Month
  1,                                      !- Start Day
  12,                                     !- End Month
  31;                                     !- End Day

OS:Schedule:Day,
  {757d3d7d-afe3-4d7f-92fd-1858f6e12d55}, !- Handle
  cooling setpoint allday1,               !- Name
  {6ea8c71a-525b-4094-80e1-6cc734b13289}, !- Schedule Type Limits Name
  ,                                       !- Interpolate to Timestep
  24,                                     !- Hour 1
  0,                                      !- Minute 1
  22.2222222222222;                       !- Value Until Time 1

OS:ThermostatSetpoint:DualSetpoint,
  {25739902-5d4e-4136-a7a7-9ebee68c439d}, !- Handle
  conditioned space temperature setpoint, !- Name
  {3bd0bb33-b46c-482a-bfac-43d97e46615c}, !- Heating Setpoint Temperature Schedule Name
  {d16360d6-af60-4dbb-8db5-4065141a82c5}; !- Cooling Setpoint Temperature Schedule Name

OS:ScheduleTypeLimits,
  {6ea8c71a-525b-4094-80e1-6cc734b13289}, !- Handle
  Temperature,                            !- Name
  ,                                       !- Lower Limit Value
  ,                                       !- Upper Limit Value
  Continuous,                             !- Numeric Type
  Temperature;                            !- Unit Type

OS:Surface,
  {9643cca4-9fae-48a5-b689-1d4e6c32967e}, !- Handle
  Roof1,                                  !- Name
  RoofCeiling,                            !- Surface Type
  {1a16189d-df80-4e74-93f8-bacb572747a1}, !- Construction Name
  {e8241acb-88b2-441e-98dd-ddc26be5d0ed}, !- Space Name
  Outdoors,                               !- Outside Boundary Condition
  ,                                       !- Outside Boundary Condition Object
  SunExposed,                             !- Sun Exposure
  WindExposed,                            !- Wind Exposure
  ,                                       !- View Factor to Ground
  ,                                       !- Number of Vertices
  -6.78257621811267, -16.1731877136248, 3.048, !- X,Y,Z Vertex 1 {m}
  -6.78257621811267, -7.77397034208358, 7.24760868577062, !- X,Y,Z Vertex 2 {m}
  -16.1731867183943, -7.77397034208358, 7.24760868577062, !- X,Y,Z Vertex 3 {m}
  -16.1731867183943, -16.1731877136248, 3.048; !- X,Y,Z Vertex 4 {m}

OS:AdditionalProperties,
  {ce89c6cc-9c2c-4227-91fa-5f933d569a5c}, !- Handle
  {9643cca4-9fae-48a5-b689-1d4e6c32967e}, !- Object Name
  Length,                                 !- Feature Name 1
  Double,                                 !- Feature Data Type 1
  30.809089567853189,                     !- Feature Value 1
  Width,                                  !- Feature Name 2
  Double,                                 !- Feature Data Type 2
  30.809089567853185,                     !- Feature Value 2
  Azimuth,                                !- Feature Name 3
  Integer,                                !- Feature Data Type 3
  180,                                    !- Feature Value 3
  Tilt,                                   !- Feature Name 4
  Double,                                 !- Feature Data Type 4
  0.5,                                    !- Feature Value 4
  SurfaceType,                            !- Feature Name 5
  String,                                 !- Feature Data Type 5
  Roof;                                   !- Feature Value 5

OS:ThermalZone,
  {41c7e5ac-8d21-40ae-9cf2-6fa9ceb521cb}, !- Handle
  attic - vented,                         !- Name
  1,                                      !- Multiplier
  ,                                       !- Ceiling Height {m}
  147.677783132844,                       !- Volume {m3}
  ,                                       !- Floor Area {m2}
  ,                                       !- Zone Inside Convection Algorithm
  ,                                       !- Zone Outside Convection Algorithm
  ,                                       !- Zone Conditioning Equipment List Name
  {b55edbc9-7074-4614-9b9c-a0a6d45521db}, !- Zone Air Inlet Port List
  {bf9c8c31-5142-454d-ba47-2f4554265232}, !- Zone Air Exhaust Port List
  {24cf2a4e-a721-4c55-8ef9-e280335872ef}, !- Zone Air Node Name
  {9aa6cda2-740f-42ea-ab93-5e6323090f1b}, !- Zone Return Air Port List
  ,                                       !- Primary Daylighting Control Name
  ,                                       !- Fraction of Zone Controlled by Primary Daylighting Control
  ,                                       !- Secondary Daylighting Control Name
  ,                                       !- Fraction of Zone Controlled by Secondary Daylighting Control
  ,                                       !- Illuminance Map Name
  ,                                       !- Group Rendering Name
  ,                                       !- Thermostat Name
  No;                                     !- Use Ideal Air Loads

OS:Node,
  {bd8d42c8-78f9-49a3-a98a-6500e9d94708}, !- Handle
  Node 2,                                 !- Name
  {24cf2a4e-a721-4c55-8ef9-e280335872ef}, !- Inlet Port
  ;                                       !- Outlet Port

OS:Connection,
  {24cf2a4e-a721-4c55-8ef9-e280335872ef}, !- Handle
  {41c7e5ac-8d21-40ae-9cf2-6fa9ceb521cb}, !- Source Object
  11,                                     !- Outlet Port
  {bd8d42c8-78f9-49a3-a98a-6500e9d94708}, !- Target Object
  2;                                      !- Inlet Port

OS:PortList,
  {b55edbc9-7074-4614-9b9c-a0a6d45521db}, !- Handle
  {41c7e5ac-8d21-40ae-9cf2-6fa9ceb521cb}; !- HVAC Component

OS:PortList,
  {bf9c8c31-5142-454d-ba47-2f4554265232}, !- Handle
  {41c7e5ac-8d21-40ae-9cf2-6fa9ceb521cb}; !- HVAC Component

OS:PortList,
  {9aa6cda2-740f-42ea-ab93-5e6323090f1b}, !- Handle
  {41c7e5ac-8d21-40ae-9cf2-6fa9ceb521cb}; !- HVAC Component

OS:Sizing:Zone,
  {f43bb227-639d-423c-8827-f069d986a429}, !- Handle
  {41c7e5ac-8d21-40ae-9cf2-6fa9ceb521cb}, !- Zone or ZoneList Name
  SupplyAirTemperature,                   !- Zone Cooling Design Supply Air Temperature Input Method
  14,                                     !- Zone Cooling Design Supply Air Temperature {C}
  11.11,                                  !- Zone Cooling Design Supply Air Temperature Difference {deltaC}
  SupplyAirTemperature,                   !- Zone Heating Design Supply Air Temperature Input Method
  40,                                     !- Zone Heating Design Supply Air Temperature {C}
  11.11,                                  !- Zone Heating Design Supply Air Temperature Difference {deltaC}
  0.0085,                                 !- Zone Cooling Design Supply Air Humidity Ratio {kg-H2O/kg-air}
  0.008,                                  !- Zone Heating Design Supply Air Humidity Ratio {kg-H2O/kg-air}
  ,                                       !- Zone Heating Sizing Factor
  ,                                       !- Zone Cooling Sizing Factor
  DesignDay,                              !- Cooling Design Air Flow Method
  ,                                       !- Cooling Design Air Flow Rate {m3/s}
  ,                                       !- Cooling Minimum Air Flow per Zone Floor Area {m3/s-m2}
  ,                                       !- Cooling Minimum Air Flow {m3/s}
  ,                                       !- Cooling Minimum Air Flow Fraction
  DesignDay,                              !- Heating Design Air Flow Method
  ,                                       !- Heating Design Air Flow Rate {m3/s}
  ,                                       !- Heating Maximum Air Flow per Zone Floor Area {m3/s-m2}
  ,                                       !- Heating Maximum Air Flow {m3/s}
  ,                                       !- Heating Maximum Air Flow Fraction
  No,                                     !- Account for Dedicated Outdoor Air System
  NeutralSupplyAir,                       !- Dedicated Outdoor Air System Control Strategy
  autosize,                               !- Dedicated Outdoor Air Low Setpoint Temperature for Design {C}
  autosize,                               !- Dedicated Outdoor Air High Setpoint Temperature for Design {C}
  Sensible Load Only No Latent Load,      !- Zone Load Sizing Method
  HumidityRatioDifference,                !- Zone Latent Cooling Design Supply Air Humidity Ratio Input Method
  ,                                       !- Zone Dehumidification Design Supply Air Humidity Ratio {kgWater/kgDryAir}
  0.005,                                  !- Zone Cooling Design Supply Air Humidity Ratio Difference {kgWater/kgDryAir}
  HumidityRatioDifference,                !- Zone Latent Heating Design Supply Air Humidity Ratio Input Method
  ,                                       !- Zone Humidification Design Supply Air Humidity Ratio {kgWater/kgDryAir}
  0.005;                                  !- Zone Humidification Design Supply Air Humidity Ratio Difference {kgWater/kgDryAir}

OS:ZoneHVAC:EquipmentList,
  {bc0fb3c2-dc44-4015-8864-86a6eb6d0f9e}, !- Handle
  Zone HVAC Equipment List 2,             !- Name
  {41c7e5ac-8d21-40ae-9cf2-6fa9ceb521cb}; !- Thermal Zone

OS:AdditionalProperties,
  {e0e757a9-efc0-4b4b-a761-1bf890cb0365}, !- Handle
  {41c7e5ac-8d21-40ae-9cf2-6fa9ceb521cb}, !- Object Name
  ObjectType,                             !- Feature Name 1
  String,                                 !- Feature Data Type 1
  attic - vented;                         !- Feature Value 1

OS:Space,
  {e8241acb-88b2-441e-98dd-ddc26be5d0ed}, !- Handle
  attic - vented 1,                       !- Name
  ,                                       !- Space Type Name
  ,                                       !- Default Construction Set Name
  ,                                       !- Default Schedule Set Name
  ,                                       !- Direction of Relative North {deg}
  ,                                       !- X Origin {m}
  ,                                       !- Y Origin {m}
  ,                                       !- Z Origin {m}
  ,                                       !- Building Story Name
  {41c7e5ac-8d21-40ae-9cf2-6fa9ceb521cb}, !- Thermal Zone Name
  ,                                       !- Part of Total Floor Area
  ,                                       !- Design Specification Outdoor Air Object Name
  {6640da16-e556-4fa6-85b7-a611b025e5ae}, !- Building Unit Name
  147.677783132844;                       !- Volume {m3}

OS:Material,
  {f619e9c0-6187-4d5b-8b61-51babc831c07}, !- Handle
  asphalt or fiberglass shingles,         !- Name
  Rough,                                  !- Roughness
  0.00635,                                !- Thickness {m}
  0.162714,                               !- Conductivity {W/m-K}
  1121.4,                                 !- Density {kg/m3}
  1465.45,                                !- Specific Heat {J/kg-K}
  0.9,                                    !- Thermal Absorptance
  0.85,                                   !- Solar Absorptance
  0.85;                                   !- Visible Absorptance

OS:Material,
  {c2abbee4-2672-4dc3-82a7-48f8b98488a9}, !- Handle
  roof rigid ins,                         !- Name
  Rough,                                  !- Roughness
  0.0028163194147757,                     !- Thickness {m}
  0.029427,                               !- Conductivity {W/m-K}
  32.04,                                  !- Density {kg/m3}
  1214.23,                                !- Specific Heat {J/kg-K}
  0.9,                                    !- Thermal Absorptance
  0.7,                                    !- Solar Absorptance
  0.7;                                    !- Visible Absorptance

OS:Material,
  {e0c12486-5965-44c2-b316-f429efdce1f4}, !- Handle
  osb sheathing 0.5 in.,                  !- Name
  Rough,                                  !- Roughness
  0.0127,                                 !- Thickness {m}
  0.1154577,                              !- Conductivity {W/m-K}
  512.64,                                 !- Density {kg/m3}
  1214.23,                                !- Specific Heat {J/kg-K}
  0.9,                                    !- Thermal Absorptance
  0.6,                                    !- Solar Absorptance
  0.6;                                    !- Visible Absorptance

OS:Construction,
  {1a16189d-df80-4e74-93f8-bacb572747a1}, !- Handle
  Roof1 construction,                     !- Name
  ,                                       !- Surface Rendering Name
  {f619e9c0-6187-4d5b-8b61-51babc831c07}, !- Layer 1
  {c2abbee4-2672-4dc3-82a7-48f8b98488a9}, !- Layer 2
  {e0c12486-5965-44c2-b316-f429efdce1f4}; !- Layer 3

OS:Surface,
  {443304d7-5a24-46ac-a3a9-63fbd249f667}, !- Handle
  Roof2,                                  !- Name
  RoofCeiling,                            !- Surface Type
  {48b8a12c-4a79-4087-a938-4d81700d7f9a}, !- Construction Name
  {e8241acb-88b2-441e-98dd-ddc26be5d0ed}, !- Space Name
  Outdoors,                               !- Outside Boundary Condition
  ,                                       !- Outside Boundary Condition Object
  SunExposed,                             !- Sun Exposure
  WindExposed,                            !- Wind Exposure
  ,                                       !- View Factor to Ground
  ,                                       !- Number of Vertices
  6.78257664990846, 16.1731875325419, 3.048, !- X,Y,Z Vertex 1 {m}
  6.78257642566407, 7.77397016100068, 7.24760868577062, !- X,Y,Z Vertex 2 {m}
  16.1731869259457, 7.77396991028782, 7.24760868577062, !- X,Y,Z Vertex 3 {m}
  16.1731871501901, 16.1731872818291, 3.048; !- X,Y,Z Vertex 4 {m}

OS:AdditionalProperties,
  {c855a76a-a95b-412a-9fdf-b9217a111e36}, !- Handle
  {443304d7-5a24-46ac-a3a9-63fbd249f667}, !- Object Name
  Length,                                 !- Feature Name 1
  Double,                                 !- Feature Data Type 1
  30.809089567853189,                     !- Feature Value 1
  Width,                                  !- Feature Name 2
  Double,                                 !- Feature Data Type 2
  30.809089567853185,                     !- Feature Value 2
  Azimuth,                                !- Feature Name 3
  Integer,                                !- Feature Data Type 3
  0,                                      !- Feature Value 3
  Tilt,                                   !- Feature Name 4
  Double,                                 !- Feature Data Type 4
  0.5,                                    !- Feature Value 4
  SurfaceType,                            !- Feature Name 5
  String,                                 !- Feature Data Type 5
  Roof;                                   !- Feature Value 5

OS:Construction,
  {48b8a12c-4a79-4087-a938-4d81700d7f9a}, !- Handle
  Roof2 construction,                     !- Name
  ,                                       !- Surface Rendering Name
  {f619e9c0-6187-4d5b-8b61-51babc831c07}, !- Layer 1
  {c2abbee4-2672-4dc3-82a7-48f8b98488a9}, !- Layer 2
  {e0c12486-5965-44c2-b316-f429efdce1f4}; !- Layer 3

OS:Surface,
  {2b9795d6-72da-4205-b15c-62aaff5a6f54}, !- Handle
  Wall1,                                  !- Name
  Wall,                                   !- Surface Type
  {f91d078f-f479-4ea4-95d8-229d1959d663}, !- Construction Name
  {cb606522-7303-4dfc-8a2c-5a86dab76d10}, !- Space Name
  Outdoors,                               !- Outside Boundary Condition
  ,                                       !- Outside Boundary Condition Object
  SunExposed,                             !- Sun Exposure
  WindExposed,                            !- Wind Exposure
  ,                                       !- View Factor to Ground
  ,                                       !- Number of Vertices
  14.1631836413779, -16.1731867857414, 0.6096, !- X,Y,Z Vertex 1 {m}
  14.1631836413779, -16.1731867857414, 3.048, !- X,Y,Z Vertex 2 {m}
  -0.665336358622065, -16.1731871816369, 3.048, !- X,Y,Z Vertex 3 {m}
  -0.665336358622065, -16.1731871816369, 0.6096; !- X,Y,Z Vertex 4 {m}

OS:AdditionalProperties,
  {1b466e14-6590-4be6-b045-a8925f00b959}, !- Handle
  {2b9795d6-72da-4205-b15c-62aaff5a6f54}, !- Object Name
  Length,                                 !- Feature Name 1
  Double,                                 !- Feature Data Type 1
  48.649999999999999,                     !- Feature Value 1
  Azimuth,                                !- Feature Name 2
  Integer,                                !- Feature Data Type 2
  180,                                    !- Feature Value 2
  Tilt,                                   !- Feature Name 3
  Double,                                 !- Feature Data Type 3
  90,                                     !- Feature Value 3
  SurfaceType,                            !- Feature Name 4
  String,                                 !- Feature Data Type 4
  Wall;                                   !- Feature Value 4

OS:Material,
  {0401d6ca-4f42-4f9e-afb1-0ec902c81f0c}, !- Handle
  stucco,                                 !- Name
  Rough,                                  !- Roughness
  0.0254,                                 !- Thickness {m}
  0.649125,                               !- Conductivity {W/m-K}
  1281.6,                                 !- Density {kg/m3}
  879.27,                                 !- Specific Heat {J/kg-K}
  0.9,                                    !- Thermal Absorptance
  0.5,                                    !- Solar Absorptance
  0.5;                                    !- Visible Absorptance

OS:Material,
  {ab2bb858-7e6a-4f1c-92b6-92167e1ad754}, !- Handle
  osb sheathing 0.5 in. 1,                !- Name
  Rough,                                  !- Roughness
  0.0127,                                 !- Thickness {m}
  0.1154577,                              !- Conductivity {W/m-K}
  512.64,                                 !- Density {kg/m3}
  1214.23,                                !- Specific Heat {J/kg-K}
  0.9,                                    !- Thermal Absorptance
  0.7,                                    !- Solar Absorptance
  0.7;                                    !- Visible Absorptance

OS:Material,
  {c1f534ab-0186-4c23-8e00-d6322a7707ff}, !- Handle
  wall stud and cavity,                   !- Name
  Rough,                                  !- Roughness
  0.1397,                                 !- Thickness {m}
  0.0952874108182963,                     !- Conductivity {W/m-K}
  139.0536,                               !- Density {kg/m3}
  1170.23755760369,                       !- Specific Heat {J/kg-K}
  0.9,                                    !- Thermal Absorptance
  0.7,                                    !- Solar Absorptance
  0.7;                                    !- Visible Absorptance

OS:Material,
  {21eaa370-b698-4ae5-a601-5003507a73a1}, !- Handle
  gypsum board,                           !- Name
  Rough,                                  !- Roughness
  0.0127,                                 !- Thickness {m}
  0.1602906,                              !- Conductivity {W/m-K}
  801,                                    !- Density {kg/m3}
  837.4,                                  !- Specific Heat {J/kg-K}
  0.9,                                    !- Thermal Absorptance
  0.6,                                    !- Solar Absorptance
  0.6;                                    !- Visible Absorptance

OS:Construction,
  {f91d078f-f479-4ea4-95d8-229d1959d663}, !- Handle
  Wall1 construction,                     !- Name
  ,                                       !- Surface Rendering Name
  {0401d6ca-4f42-4f9e-afb1-0ec902c81f0c}, !- Layer 1
  {ab2bb858-7e6a-4f1c-92b6-92167e1ad754}, !- Layer 2
  {c1f534ab-0186-4c23-8e00-d6322a7707ff}, !- Layer 3
  {21eaa370-b698-4ae5-a601-5003507a73a1}; !- Layer 4

OS:Surface,
  {e3da4e83-ef06-4b4c-b5c9-92509af8802d}, !- Handle
  Wall2,                                  !- Name
  Wall,                                   !- Surface Type
  {996824bf-7c5f-4789-907b-148eb729e770}, !- Construction Name
  {cb606522-7303-4dfc-8a2c-5a86dab76d10}, !- Space Name
  Outdoors,                               !- Outside Boundary Condition
  ,                                       !- Outside Boundary Condition Object
  SunExposed,                             !- Sun Exposure
  WindExposed,                            !- Wind Exposure
  ,                                       !- View Factor to Ground
  ,                                       !- Number of Vertices
  -16.1731875497249, 4.50926932370757, 0.6096, !- X,Y,Z Vertex 1 {m}
  -16.1731875497249, 4.50926932370757, 3.048, !- X,Y,Z Vertex 2 {m}
  -16.1731878796039, 12.7464893237076, 3.048, !- X,Y,Z Vertex 3 {m}
  -16.1731878796039, 12.7464893237076, 0.6096; !- X,Y,Z Vertex 4 {m}

OS:AdditionalProperties,
  {d0536ac3-6661-4f0b-addb-cf951c1d083c}, !- Handle
  {e3da4e83-ef06-4b4c-b5c9-92509af8802d}, !- Object Name
  Length,                                 !- Feature Name 1
  Double,                                 !- Feature Data Type 1
  27.024999999999999,                     !- Feature Value 1
  Azimuth,                                !- Feature Name 2
  Integer,                                !- Feature Data Type 2
  270,                                    !- Feature Value 2
  Tilt,                                   !- Feature Name 3
  Double,                                 !- Feature Data Type 3
  90,                                     !- Feature Value 3
  SurfaceType,                            !- Feature Name 4
  String,                                 !- Feature Data Type 4
  Wall;                                   !- Feature Value 4

OS:Construction,
  {996824bf-7c5f-4789-907b-148eb729e770}, !- Handle
  Wall2 construction,                     !- Name
  ,                                       !- Surface Rendering Name
  {0401d6ca-4f42-4f9e-afb1-0ec902c81f0c}, !- Layer 1
  {ab2bb858-7e6a-4f1c-92b6-92167e1ad754}, !- Layer 2
  {c1f534ab-0186-4c23-8e00-d6322a7707ff}, !- Layer 3
  {21eaa370-b698-4ae5-a601-5003507a73a1}; !- Layer 4

OS:Surface,
  {4308fe7c-5ced-459b-aea6-e6ba49f1976c}, !- Handle
  Wall3,                                  !- Name
  Wall,                                   !- Surface Type
  {ec64e2c8-2109-4a24-add9-e00aef1fa495}, !- Construction Name
  {cb606522-7303-4dfc-8a2c-5a86dab76d10}, !- Space Name
  Outdoors,                               !- Outside Boundary Condition
  ,                                       !- Outside Boundary Condition Object
  SunExposed,                             !- Sun Exposure
  WindExposed,                            !- Wind Exposure
  ,                                       !- View Factor to Ground
  ,                                       !- Number of Vertices
  -15.2441566380679, 16.1731871443575, 0.6096, !- X,Y,Z Vertex 1 {m}
  -15.2441566380679, 16.1731871443575, 3.048, !- X,Y,Z Vertex 2 {m}
  -1.17763663806792, 16.1731871443575, 3.048, !- X,Y,Z Vertex 3 {m}
  -1.17763663806792, 16.1731871443575, 0.6096; !- X,Y,Z Vertex 4 {m}

OS:AdditionalProperties,
  {f99cf1e7-2627-41dd-9ad4-636b7c70ea26}, !- Handle
  {4308fe7c-5ced-459b-aea6-e6ba49f1976c}, !- Object Name
  Length,                                 !- Feature Name 1
  Double,                                 !- Feature Data Type 1
  46.149999999999999,                     !- Feature Value 1
  Azimuth,                                !- Feature Name 2
  Integer,                                !- Feature Data Type 2
  0,                                      !- Feature Value 2
  Tilt,                                   !- Feature Name 3
  Double,                                 !- Feature Data Type 3
  90,                                     !- Feature Value 3
  SurfaceType,                            !- Feature Name 4
  String,                                 !- Feature Data Type 4
  Wall;                                   !- Feature Value 4

OS:Construction,
  {ec64e2c8-2109-4a24-add9-e00aef1fa495}, !- Handle
  Wall3 construction,                     !- Name
  ,                                       !- Surface Rendering Name
  {0401d6ca-4f42-4f9e-afb1-0ec902c81f0c}, !- Layer 1
  {ab2bb858-7e6a-4f1c-92b6-92167e1ad754}, !- Layer 2
  {c1f534ab-0186-4c23-8e00-d6322a7707ff}, !- Layer 3
  {21eaa370-b698-4ae5-a601-5003507a73a1}; !- Layer 4

OS:Surface,
  {aa4984c6-06ff-4436-af44-b195f529df48}, !- Handle
  Wall4,                                  !- Name
  Wall,                                   !- Surface Type
  {7bdf32b9-a8c9-4eeb-affa-feda28342bc6}, !- Construction Name
  {cb606522-7303-4dfc-8a2c-5a86dab76d10}, !- Space Name
  Outdoors,                               !- Outside Boundary Condition
  ,                                       !- Outside Boundary Condition Object
  SunExposed,                             !- Sun Exposure
  WindExposed,                            !- Wind Exposure
  ,                                       !- View Factor to Ground
  ,                                       !- Number of Vertices
  16.1731874293353, -4.50926975550336, 0.6096, !- X,Y,Z Vertex 1 {m}
  16.1731874293353, -4.50926975550336, 3.048, !- X,Y,Z Vertex 2 {m}
  16.1731875392949, -12.7464897555034, 3.048, !- X,Y,Z Vertex 3 {m}
  16.1731875392949, -12.7464897555034, 0.6096; !- X,Y,Z Vertex 4 {m}

OS:AdditionalProperties,
  {6782d34e-bcc2-45fa-aa24-ec5d1a1b1314}, !- Handle
  {aa4984c6-06ff-4436-af44-b195f529df48}, !- Object Name
  Length,                                 !- Feature Name 1
  Double,                                 !- Feature Data Type 1
  27.024999999999999,                     !- Feature Value 1
  Azimuth,                                !- Feature Name 2
  Integer,                                !- Feature Data Type 2
  90,                                     !- Feature Value 2
  Tilt,                                   !- Feature Name 3
  Double,                                 !- Feature Data Type 3
  90,                                     !- Feature Value 3
  SurfaceType,                            !- Feature Name 4
  String,                                 !- Feature Data Type 4
  Wall;                                   !- Feature Value 4

OS:Construction,
  {7bdf32b9-a8c9-4eeb-affa-feda28342bc6}, !- Handle
  Wall4 construction,                     !- Name
  ,                                       !- Surface Rendering Name
  {0401d6ca-4f42-4f9e-afb1-0ec902c81f0c}, !- Layer 1
  {ab2bb858-7e6a-4f1c-92b6-92167e1ad754}, !- Layer 2
  {c1f534ab-0186-4c23-8e00-d6322a7707ff}, !- Layer 3
  {21eaa370-b698-4ae5-a601-5003507a73a1}; !- Layer 4

OS:Surface,
  {7ac38641-b889-4130-9209-6c61a0bb498a}, !- Handle
  Wall5,                                  !- Name
  Wall,                                   !- Surface Type
  {233ee813-94f2-4e8f-b09a-898f67a37e0e}, !- Construction Name
  {e8241acb-88b2-441e-98dd-ddc26be5d0ed}, !- Space Name
  Outdoors,                               !- Outside Boundary Condition
  ,                                       !- Outside Boundary Condition Object
  SunExposed,                             !- Sun Exposure
  WindExposed,                            !- Wind Exposure
  ,                                       !- View Factor to Ground
  ,                                       !- Number of Vertices
  -16.1731872352636, -0.911751076292424, 0.6096, !- X,Y,Z Vertex 1 {m}
  -16.1731872352636, -0.911751076292424, 3.048, !- X,Y,Z Vertex 2 {m}
  -16.173187415156, 3.58023892370758, 3.048, !- X,Y,Z Vertex 3 {m}
  -16.173187415156, 3.58023892370758, 0.6096; !- X,Y,Z Vertex 4 {m}

OS:AdditionalProperties,
  {7eba7fda-f4e6-4c48-8a79-87ef8a5538e4}, !- Handle
  {7ac38641-b889-4130-9209-6c61a0bb498a}, !- Object Name
  Length,                                 !- Feature Name 1
  Double,                                 !- Feature Data Type 1
  14.737500000000001,                     !- Feature Value 1
  Azimuth,                                !- Feature Name 2
  Integer,                                !- Feature Data Type 2
  270,                                    !- Feature Value 2
  Tilt,                                   !- Feature Name 3
  Double,                                 !- Feature Data Type 3
  90,                                     !- Feature Value 3
  SurfaceType,                            !- Feature Name 4
  String,                                 !- Feature Data Type 4
  Wall;                                   !- Feature Value 4

OS:Material,
  {f5b4314e-4ff6-493c-bf8b-aca60931bec3}, !- Handle
  wall stud and cavity 1,                 !- Name
  Rough,                                  !- Roughness
  0.1397,                                 !- Thickness {m}
  0.348569238304257,                      !- Conductivity {W/m-K}
  139.0536,                               !- Density {kg/m3}
  1170.23755760369,                       !- Specific Heat {J/kg-K}
  0.9,                                    !- Thermal Absorptance
  0.6,                                    !- Solar Absorptance
  0.6;                                    !- Visible Absorptance

OS:Construction,
  {233ee813-94f2-4e8f-b09a-898f67a37e0e}, !- Handle
  Wall5 construction,                     !- Name
  ,                                       !- Surface Rendering Name
  {0401d6ca-4f42-4f9e-afb1-0ec902c81f0c}, !- Layer 1
  {ab2bb858-7e6a-4f1c-92b6-92167e1ad754}, !- Layer 2
  {f5b4314e-4ff6-493c-bf8b-aca60931bec3}; !- Layer 3

OS:Surface,
  {b4d03acc-7555-405c-a5c3-fded476cc06d}, !- Handle
  Wall6,                                  !- Name
  Wall,                                   !- Surface Type
  {38c12a94-3fec-4572-8951-d1e5e65424fe}, !- Construction Name
  {e8241acb-88b2-441e-98dd-ddc26be5d0ed}, !- Space Name
  Outdoors,                               !- Outside Boundary Condition
  ,                                       !- Outside Boundary Condition Object
  SunExposed,                             !- Sun Exposure
  WindExposed,                            !- Wind Exposure
  ,                                       !- View Factor to Ground
  ,                                       !- Number of Vertices
  16.1731872596057, 0.911750644496642, 0.6096, !- X,Y,Z Vertex 1 {m}
  16.1731872596057, 0.911750644496642, 3.048, !- X,Y,Z Vertex 2 {m}
  16.1731873195699, -3.58023935550336, 3.048, !- X,Y,Z Vertex 3 {m}
  16.1731873195699, -3.58023935550336, 0.6096; !- X,Y,Z Vertex 4 {m}

OS:AdditionalProperties,
  {b81baa3e-719d-401c-b7c3-aefc48180051}, !- Handle
  {b4d03acc-7555-405c-a5c3-fded476cc06d}, !- Object Name
  Length,                                 !- Feature Name 1
  Double,                                 !- Feature Data Type 1
  14.737500000000001,                     !- Feature Value 1
  Azimuth,                                !- Feature Name 2
  Integer,                                !- Feature Data Type 2
  90,                                     !- Feature Value 2
  Tilt,                                   !- Feature Name 3
  Double,                                 !- Feature Data Type 3
  90,                                     !- Feature Value 3
  SurfaceType,                            !- Feature Name 4
  String,                                 !- Feature Data Type 4
  Wall;                                   !- Feature Value 4

OS:Construction,
  {38c12a94-3fec-4572-8951-d1e5e65424fe}, !- Handle
  Wall6 construction,                     !- Name
  ,                                       !- Surface Rendering Name
  {0401d6ca-4f42-4f9e-afb1-0ec902c81f0c}, !- Layer 1
  {ab2bb858-7e6a-4f1c-92b6-92167e1ad754}, !- Layer 2
  {f5b4314e-4ff6-493c-bf8b-aca60931bec3}; !- Layer 3

OS:Surface,
  {c4f00919-edfc-4c23-9225-e2dbdeabbcd7}, !- Handle
  Floor1,                                 !- Name
  Floor,                                  !- Surface Type
  {3395c476-d43b-41f6-bf85-fad8438a50a6}, !- Construction Name
  {cb606522-7303-4dfc-8a2c-5a86dab76d10}, !- Space Name
  Outdoors,                               !- Outside Boundary Condition
  ,                                       !- Outside Boundary Condition Object
  NoSun,                                  !- Sun Exposure
  WindExposed,                            !- Wind Exposure
  ,                                       !- View Factor to Ground
  ,                                       !- Number of Vertices
  -6.27991564274553, -6.27991564274553, 0.6096, !- X,Y,Z Vertex 1 {m}
  -6.27991564274553, 6.27991564274553, 0.6096, !- X,Y,Z Vertex 2 {m}
  6.27991564274553, 6.27991564274553, 0.6096, !- X,Y,Z Vertex 3 {m}
  6.27991564274553, -6.27991564274553, 0.6096; !- X,Y,Z Vertex 4 {m}

OS:AdditionalProperties,
  {7bdea7fd-6d56-49a7-9a57-3c8d2bc1522a}, !- Handle
  {c4f00919-edfc-4c23-9225-e2dbdeabbcd7}, !- Object Name
  SurfaceType,                            !- Feature Name 1
  String,                                 !- Feature Data Type 1
  Floor,                                  !- Feature Value 1
  Tilt,                                   !- Feature Name 2
  Double,                                 !- Feature Data Type 2
  0;                                      !- Feature Value 2

OS:Material,
  {33c9ce26-dcf6-4895-83df-b00e0cb05515}, !- Handle
  floor stud and cavity,                  !- Name
  Rough,                                  !- Roughness
  0.1397,                                 !- Thickness {m}
  0.0893242301629245,                     !- Conductivity {W/m-K}
  92.3553,                                !- Density {kg/m3}
  1139.71374674761,                       !- Specific Heat {J/kg-K}
  0.9,                                    !- Thermal Absorptance
  0.7,                                    !- Solar Absorptance
  0.7;                                    !- Visible Absorptance

OS:Material,
  {41847871-cffd-4072-be4c-e4f7e4bd88b9}, !- Handle
  floor rigid ins,                        !- Name
  Rough,                                  !- Roughness
  0.051816,                               !- Thickness {m}
  0.029427,                               !- Conductivity {W/m-K}
  32.04,                                  !- Density {kg/m3}
  1214.23,                                !- Specific Heat {J/kg-K}
  0.9,                                    !- Thermal Absorptance
  0.7,                                    !- Solar Absorptance
  0.7;                                    !- Visible Absorptance

OS:Material,
  {04ebb5cb-efef-400e-a82e-a1628280f892}, !- Handle
  osb sheathing 0.75 in.,                 !- Name
  Rough,                                  !- Roughness
  0.01905,                                !- Thickness {m}
  0.1154577,                              !- Conductivity {W/m-K}
  512.64,                                 !- Density {kg/m3}
  1214.23,                                !- Specific Heat {J/kg-K}
  0.9,                                    !- Thermal Absorptance
  0.7,                                    !- Solar Absorptance
  0.7;                                    !- Visible Absorptance

OS:Material,
  {71a76802-6267-43bd-80b6-bd1ea9a444ab}, !- Handle
  floor covering,                         !- Name
  Rough,                                  !- Roughness
  0.0127,                                 !- Thickness {m}
  0.0433443509615385,                     !- Conductivity {W/m-K}
  54.468,                                 !- Density {kg/m3}
  1339.84,                                !- Specific Heat {J/kg-K}
  0.9,                                    !- Thermal Absorptance
  0.6,                                    !- Solar Absorptance
  0.6;                                    !- Visible Absorptance

OS:Construction,
  {3395c476-d43b-41f6-bf85-fad8438a50a6}, !- Handle
  Floor1 construction,                    !- Name
  ,                                       !- Surface Rendering Name
  {33c9ce26-dcf6-4895-83df-b00e0cb05515}, !- Layer 1
  {41847871-cffd-4072-be4c-e4f7e4bd88b9}, !- Layer 2
  {04ebb5cb-efef-400e-a82e-a1628280f892}, !- Layer 3
  {71a76802-6267-43bd-80b6-bd1ea9a444ab}; !- Layer 4

OS:Surface,
  {5000aa23-881b-4e17-a609-ca9b6b1e0e4d}, !- Handle
  Floor2,                                 !- Name
  RoofCeiling,                            !- Surface Type
  {ed1dcd31-62ff-4229-ba5e-61aba1405b4f}, !- Construction Name
  {cb606522-7303-4dfc-8a2c-5a86dab76d10}, !- Space Name
  Surface,                                !- Outside Boundary Condition
  {9eaf5613-4c01-4e77-9c6d-f0e786db3794}, !- Outside Boundary Condition Object
  NoSun,                                  !- Sun Exposure
  NoWind,                                 !- Wind Exposure
  ,                                       !- View Factor to Ground
  ,                                       !- Number of Vertices
  6.27991564274553, -6.27991564274553, 3.048, !- X,Y,Z Vertex 1 {m}
  6.27991564274553, 6.27991564274553, 3.048, !- X,Y,Z Vertex 2 {m}
  -6.27991564274553, 6.27991564274553, 3.048, !- X,Y,Z Vertex 3 {m}
  -6.27991564274553, -6.27991564274553, 3.048; !- X,Y,Z Vertex 4 {m}

OS:AdditionalProperties,
  {41dc3cf5-e159-4663-ba3d-15b9ac3cde1d}, !- Handle
  {5000aa23-881b-4e17-a609-ca9b6b1e0e4d}, !- Object Name
  SurfaceType,                            !- Feature Name 1
  String,                                 !- Feature Data Type 1
  Ceiling,                                !- Feature Value 1
  Tilt,                                   !- Feature Name 2
  Double,                                 !- Feature Data Type 2
  0;                                      !- Feature Value 2

OS:Surface,
  {9eaf5613-4c01-4e77-9c6d-f0e786db3794}, !- Handle
  Surface 1 Reversed,                     !- Name
  Floor,                                  !- Surface Type
  {3756d6c0-658c-45c9-8bf1-51a980aa8f48}, !- Construction Name
  {e8241acb-88b2-441e-98dd-ddc26be5d0ed}, !- Space Name
  Surface,                                !- Outside Boundary Condition
  {5000aa23-881b-4e17-a609-ca9b6b1e0e4d}, !- Outside Boundary Condition Object
  NoSun,                                  !- Sun Exposure
  NoWind,                                 !- Wind Exposure
  ,                                       !- View Factor to Ground
  ,                                       !- Number of Vertices
  -6.27991564274553, -6.27991564274553, 3.048, !- X,Y,Z Vertex 1 {m}
  -6.27991564274553, 6.27991564274553, 3.048, !- X,Y,Z Vertex 2 {m}
  6.27991564274553, 6.27991564274553, 3.048, !- X,Y,Z Vertex 3 {m}
  6.27991564274553, -6.27991564274553, 3.048; !- X,Y,Z Vertex 4 {m}

OS:AdditionalProperties,
  {7e7b4205-162b-44a9-b87e-d0a0353a1b57}, !- Handle
  {9eaf5613-4c01-4e77-9c6d-f0e786db3794}, !- Object Name
  SurfaceType,                            !- Feature Name 1
  String,                                 !- Feature Data Type 1
  Ceiling;                                !- Feature Value 1

OS:Material,
  {b856f308-e88e-4e41-a4b4-be54aa02b0dd}, !- Handle
  ceiling loosefill ins,                  !- Name
  Rough,                                  !- Roughness
  0.254,                                  !- Thickness {m}
  0.0480833333333333,                     !- Conductivity {W/m-K}
  16.02,                                  !- Density {kg/m3}
  1046.75,                                !- Specific Heat {J/kg-K}
  0.9,                                    !- Thermal Absorptance
  0.7,                                    !- Solar Absorptance
  0.7;                                    !- Visible Absorptance

OS:Material,
  {7a424a80-9ce6-41e3-9826-f59b14dc2f42}, !- Handle
  ceiling stud and cavity,                !- Name
  Rough,                                  !- Roughness
  0.1397,                                 !- Thickness {m}
  0.10411696221643,                       !- Conductivity {W/m-K}
  65.682,                                 !- Density {kg/m3}
  1177.46609756098,                       !- Specific Heat {J/kg-K}
  0.9,                                    !- Thermal Absorptance
  0.7,                                    !- Solar Absorptance
  0.7;                                    !- Visible Absorptance

OS:Construction,
  {ed1dcd31-62ff-4229-ba5e-61aba1405b4f}, !- Handle
  Floor2 construction,                    !- Name
  ,                                       !- Surface Rendering Name
  {b856f308-e88e-4e41-a4b4-be54aa02b0dd}, !- Layer 1
  {7a424a80-9ce6-41e3-9826-f59b14dc2f42}, !- Layer 2
  {21eaa370-b698-4ae5-a601-5003507a73a1}; !- Layer 3

OS:Construction,
  {3756d6c0-658c-45c9-8bf1-51a980aa8f48}, !- Handle
  Floor2 construction Reversed,           !- Name
  ,                                       !- Surface Rendering Name
  {21eaa370-b698-4ae5-a601-5003507a73a1}, !- Layer 1
  {7a424a80-9ce6-41e3-9826-f59b14dc2f42}, !- Layer 2
  {b856f308-e88e-4e41-a4b4-be54aa02b0dd}; !- Layer 3

OS:Surface,
  {6b74155b-9d26-46f0-a699-eaaca9ee5b11}, !- Handle
  surface Window1,                        !- Name
  Wall,                                   !- Surface Type
  {34dab3b0-76f8-4faf-bf16-cb6cf6338b5c}, !- Construction Name
  {cb606522-7303-4dfc-8a2c-5a86dab76d10}, !- Space Name
  Outdoors,                               !- Outside Boundary Condition
  ,                                       !- Outside Boundary Condition Object
  SunExposed,                             !- Sun Exposure
  WindExposed,                            !- Wind Exposure
  ,                                       !- View Factor to Ground
  ,                                       !- Number of Vertices
  -1.59390536284445, -16.1731873462319, 0.609138604222388, !- X,Y,Z Vertex 1 {m}
  -1.59390536284445, -16.1731873462319, 1.76830139577761, !- X,Y,Z Vertex 2 {m}
  -5.85400710176809, -16.1731874599691, 1.76830139577761, !- X,Y,Z Vertex 3 {m}
  -5.85400710176809, -16.1731874599691, 0.609138604222388; !- X,Y,Z Vertex 4 {m}

OS:AdditionalProperties,
  {9c4071cf-987f-4e6d-8bf2-7f8ce87ecd51}, !- Handle
  {6b74155b-9d26-46f0-a699-eaaca9ee5b11}, !- Object Name
  Length,                                 !- Feature Name 1
  Double,                                 !- Feature Data Type 1
  13.973684210526317,                     !- Feature Value 1
  Azimuth,                                !- Feature Name 2
  Integer,                                !- Feature Data Type 2
  180,                                    !- Feature Value 2
  Tilt,                                   !- Feature Name 3
  Double,                                 !- Feature Data Type 3
  90,                                     !- Feature Value 3
  SurfaceType,                            !- Feature Name 4
  String,                                 !- Feature Data Type 4
  Window;                                 !- Feature Value 4

OS:SubSurface,
  {4af2c1e9-5dd4-4d48-94e5-731d456cbdb2}, !- Handle
  Window1,                                !- Name
  FixedWindow,                            !- Sub Surface Type
  {aac22f4f-45b2-46ab-8779-f9544a52306b}, !- Construction Name
  {6b74155b-9d26-46f0-a699-eaaca9ee5b11}, !- Surface Name
  ,                                       !- Outside Boundary Condition Object
  ,                                       !- View Factor to Ground
  ,                                       !- Frame and Divider Name
  ,                                       !- Multiplier
  ,                                       !- Number of Vertices
  -1.59436675862206, -16.1731873462442, 0.6096, !- X,Y,Z Vertex 1 {m}
  -1.59436675862206, -16.1731873462442, 1.76784, !- X,Y,Z Vertex 2 {m}
  -5.85354570599048, -16.1731874599568, 1.76784, !- X,Y,Z Vertex 3 {m}
  -5.85354570599048, -16.1731874599568, 0.6096; !- X,Y,Z Vertex 4 {m}

OS:ShadingSurfaceGroup,
  {8b0b3a37-1641-4db3-b945-939275d312f7}, !- Handle
  Window1 Shading Surfaces,               !- Name
  Space,                                  !- Shading Surface Type
  {cb606522-7303-4dfc-8a2c-5a86dab76d10}, !- Space Name
  ,                                       !- Direction of Relative North {deg}
  ,                                       !- X Origin {m}
  ,                                       !- Y Origin {m}
  ,                                       !- Z Origin {m}
  {4af2c1e9-5dd4-4d48-94e5-731d456cbdb2}; !- Shaded Object Name

OS:ShadingSurface,
  {72ad3c32-d19c-437f-9292-63df4edc2c4d}, !- Handle
  Window1 overhangs,                      !- Name
  ,                                       !- Construction Name
  {8b0b3a37-1641-4db3-b945-939275d312f7}, !- Shading Surface Group Name
  ,                                       !- Transmittance Schedule Name
  ,                                       !- Number of Vertices
  -1.28956675862206, -16.1731873381066, 2.07264, !- X,Y,Z Vertex 1 {m}
  -6.15834570599048, -16.1731874680944, 2.07264, !- X,Y,Z Vertex 2 {m}
  -6.15834568971523, -16.7827874680944, 2.07264, !- X,Y,Z Vertex 3 {m}
  -1.28956674234681, -16.7827873381066, 2.07264; !- X,Y,Z Vertex 4 {m}

OS:WindowMaterial:SimpleGlazingSystem,
  {68fc566b-0a7a-4c62-b2ca-b9475e7293c9}, !- Handle
  WindowMaterial,                         !- Name
  2.15764,                                !- U-Factor {W/m2-K}
  0.44;                                   !- Solar Heat Gain Coefficient

OS:Construction,
  {aac22f4f-45b2-46ab-8779-f9544a52306b}, !- Handle
  WindowConstruction,                     !- Name
  ,                                       !- Surface Rendering Name
  {68fc566b-0a7a-4c62-b2ca-b9475e7293c9}; !- Layer 1

OS:Schedule:Ruleset,
  {b8b7cfc4-ffa3-4158-a01f-8b5f30054088}, !- Handle
  trans schedule winter=0.85 summer=0.7,  !- Name
  {1f9c1b66-c7e4-4941-a342-bc041ffed04e}, !- Schedule Type Limits Name
  {747cac94-f796-4492-800c-07038d734e49}; !- Default Day Schedule Name

OS:Schedule:Day,
  {747cac94-f796-4492-800c-07038d734e49}, !- Handle
  trans schedule winter=0.85 summer=0.7 default day, !- Name
  {1f9c1b66-c7e4-4941-a342-bc041ffed04e}, !- Schedule Type Limits Name
  ,                                       !- Interpolate to Timestep
  24,                                     !- Hour 1
  0,                                      !- Minute 1
  0;                                      !- Value Until Time 1

OS:Schedule:Rule,
  {0a730f39-87c0-431f-a073-dcbf7d827f74}, !- Handle
  trans schedule winter=0.85 summer=0.7 allday ruleset1, !- Name
  {b8b7cfc4-ffa3-4158-a01f-8b5f30054088}, !- Schedule Ruleset Name
  2,                                      !- Rule Order
  {f569826b-ca20-423d-992f-d714b55cd984}, !- Day Schedule Name
  Yes,                                    !- Apply Sunday
  Yes,                                    !- Apply Monday
  Yes,                                    !- Apply Tuesday
  Yes,                                    !- Apply Wednesday
  Yes,                                    !- Apply Thursday
  Yes,                                    !- Apply Friday
  Yes,                                    !- Apply Saturday
  DateRange,                              !- Date Specification Type
  1,                                      !- Start Month
  1,                                      !- Start Day
  4,                                      !- End Month
  30;                                     !- End Day

OS:Schedule:Day,
  {f569826b-ca20-423d-992f-d714b55cd984}, !- Handle
  trans schedule winter=0.85 summer=0.7 allday1, !- Name
  {1f9c1b66-c7e4-4941-a342-bc041ffed04e}, !- Schedule Type Limits Name
  ,                                       !- Interpolate to Timestep
  24,                                     !- Hour 1
  0,                                      !- Minute 1
  0.85;                                   !- Value Until Time 1

OS:Schedule:Rule,
  {981987a9-e2ff-4459-91fc-a2adfc240990}, !- Handle
  trans schedule winter=0.85 summer=0.7 allday ruleset121, !- Name
  {b8b7cfc4-ffa3-4158-a01f-8b5f30054088}, !- Schedule Ruleset Name
  1,                                      !- Rule Order
  {e2206e4a-9b95-4743-aa71-8a152ca5139a}, !- Day Schedule Name
  Yes,                                    !- Apply Sunday
  Yes,                                    !- Apply Monday
  Yes,                                    !- Apply Tuesday
  Yes,                                    !- Apply Wednesday
  Yes,                                    !- Apply Thursday
  Yes,                                    !- Apply Friday
  Yes,                                    !- Apply Saturday
  DateRange,                              !- Date Specification Type
  5,                                      !- Start Month
  1,                                      !- Start Day
  10,                                     !- End Month
  31;                                     !- End Day

OS:Schedule:Day,
  {e2206e4a-9b95-4743-aa71-8a152ca5139a}, !- Handle
  trans schedule winter=0.85 summer=0.7 allday121, !- Name
  {1f9c1b66-c7e4-4941-a342-bc041ffed04e}, !- Schedule Type Limits Name
  ,                                       !- Interpolate to Timestep
  24,                                     !- Hour 1
  0,                                      !- Minute 1
  0.7;                                    !- Value Until Time 1

OS:Schedule:Rule,
  {ded08103-a9ac-43f7-bc1d-e4df90f858ef}, !- Handle
  trans schedule winter=0.85 summer=0.7 allday ruleset305, !- Name
  {b8b7cfc4-ffa3-4158-a01f-8b5f30054088}, !- Schedule Ruleset Name
  0,                                      !- Rule Order
  {30979a7b-6a51-487a-bb3b-1f2b94166d44}, !- Day Schedule Name
  Yes,                                    !- Apply Sunday
  Yes,                                    !- Apply Monday
  Yes,                                    !- Apply Tuesday
  Yes,                                    !- Apply Wednesday
  Yes,                                    !- Apply Thursday
  Yes,                                    !- Apply Friday
  Yes,                                    !- Apply Saturday
  DateRange,                              !- Date Specification Type
  11,                                     !- Start Month
  1,                                      !- Start Day
  12,                                     !- End Month
  31;                                     !- End Day

OS:Schedule:Day,
  {30979a7b-6a51-487a-bb3b-1f2b94166d44}, !- Handle
  trans schedule winter=0.85 summer=0.7 allday305, !- Name
  {1f9c1b66-c7e4-4941-a342-bc041ffed04e}, !- Schedule Type Limits Name
  ,                                       !- Interpolate to Timestep
  24,                                     !- Hour 1
  0,                                      !- Minute 1
  0.85;                                   !- Value Until Time 1

OS:ScheduleTypeLimits,
  {1f9c1b66-c7e4-4941-a342-bc041ffed04e}, !- Handle
  Fractional,                             !- Name
  0,                                      !- Lower Limit Value
  1,                                      !- Upper Limit Value
  Continuous;                             !- Numeric Type

OS:SurfaceProperty:IncidentSolarMultiplier,
  {843f54f4-ac66-45bf-b5a1-adf7c1bca2eb}, !- Handle
  {4af2c1e9-5dd4-4d48-94e5-731d456cbdb2}, !- Surface Name
  1,                                      !- Incident Solar Multiplier {dimensionless}
  {b8b7cfc4-ffa3-4158-a01f-8b5f30054088}; !- Incident Solar Multiplier Schedule Name

OS:Surface,
  {49fe4ca0-82f0-4189-b639-59956fd68d60}, !- Handle
  surface Window2,                        !- Name
  Wall,                                   !- Surface Type
  {34dab3b0-76f8-4faf-bf16-cb6cf6338b5c}, !- Construction Name
  {cb606522-7303-4dfc-8a2c-5a86dab76d10}, !- Space Name
  Outdoors,                               !- Outside Boundary Condition
  ,                                       !- Outside Boundary Condition Object
  SunExposed,                             !- Sun Exposure
  WindExposed,                            !- Wind Exposure
  ,                                       !- View Factor to Ground
  ,                                       !- Number of Vertices
  -16.1731880008337, 13.6748245719404, 0.608904848232878, !- X,Y,Z Vertex 1 {m}
  -16.1731880008337, 13.6748245719404, 1.70757515176712, !- X,Y,Z Vertex 2 {m}
  -16.1731881009143, 16.1738815421413, 1.70757515176712, !- X,Y,Z Vertex 3 {m}
  -16.1731881009143, 16.1738815421413, 0.608904848232878; !- X,Y,Z Vertex 4 {m}

OS:AdditionalProperties,
  {a0a7095b-f931-44f7-a5e2-8b1c0b2dbc05}, !- Handle
  {49fe4ca0-82f0-4189-b639-59956fd68d60}, !- Object Name
  Length,                                 !- Feature Name 1
  Double,                                 !- Feature Data Type 1
  8.1944444444444446,                     !- Feature Value 1
  Azimuth,                                !- Feature Name 2
  Integer,                                !- Feature Data Type 2
  270,                                    !- Feature Value 2
  Tilt,                                   !- Feature Name 3
  Double,                                 !- Feature Data Type 3
  90,                                     !- Feature Value 3
  SurfaceType,                            !- Feature Name 4
  String,                                 !- Feature Data Type 4
  Window;                                 !- Feature Value 4

OS:SubSurface,
  {4e336002-7ebf-40e1-8524-a958d51818ee}, !- Handle
  Window2,                                !- Name
  FixedWindow,                            !- Sub Surface Type
  {3fc16340-7e6f-4f5a-ada1-27d8aeb780eb}, !- Construction Name
  {49fe4ca0-82f0-4189-b639-59956fd68d60}, !- Surface Name
  ,                                       !- Outside Boundary Condition Object
  ,                                       !- View Factor to Ground
  ,                                       !- Frame and Divider Name
  ,                                       !- Multiplier
  ,                                       !- Number of Vertices
  -16.1731880008615, 13.6755197237076, 0.6096, !- X,Y,Z Vertex 1 {m}
  -16.1731880008615, 13.6755197237076, 1.70688, !- X,Y,Z Vertex 2 {m}
  -16.1731881008865, 16.1731863903742, 1.70688, !- X,Y,Z Vertex 3 {m}
  -16.1731881008865, 16.1731863903742, 0.6096; !- X,Y,Z Vertex 4 {m}

OS:ShadingSurfaceGroup,
  {c986e02b-ed08-4f93-a5be-518e114a91f8}, !- Handle
  Window2 Shading Surfaces,               !- Name
  Space,                                  !- Shading Surface Type
  {cb606522-7303-4dfc-8a2c-5a86dab76d10}, !- Space Name
  ,                                       !- Direction of Relative North {deg}
  ,                                       !- X Origin {m}
  ,                                       !- Y Origin {m}
  ,                                       !- Z Origin {m}
  {4e336002-7ebf-40e1-8524-a958d51818ee}; !- Shaded Object Name

OS:ShadingSurface,
  {d2c3e766-0d3c-42ad-9e83-f48f0c332d34}, !- Handle
  Window2 overhangs,                      !- Name
  ,                                       !- Construction Name
  {c986e02b-ed08-4f93-a5be-518e114a91f8}, !- Shading Surface Group Name
  ,                                       !- Transmittance Schedule Name
  ,                                       !- Number of Vertices
  -16.1731879886551, 13.3707197237076, 2.01168, !- X,Y,Z Vertex 1 {m}
  -16.1731881130929, 16.4779863903742, 2.01168, !- X,Y,Z Vertex 2 {m}
  -16.7827881130929, 16.4779863659613, 2.01168, !- X,Y,Z Vertex 3 {m}
  -16.7827879886551, 13.3707196992947, 2.01168; !- X,Y,Z Vertex 4 {m}

OS:Construction,
  {3fc16340-7e6f-4f5a-ada1-27d8aeb780eb}, !- Handle
  WindowConstruction 1,                   !- Name
  ,                                       !- Surface Rendering Name
  {68fc566b-0a7a-4c62-b2ca-b9475e7293c9}; !- Layer 1

OS:SurfaceProperty:IncidentSolarMultiplier,
  {dcfee46b-0219-4e70-b715-6fa61f9c6bb6}, !- Handle
  {4e336002-7ebf-40e1-8524-a958d51818ee}, !- Surface Name
  1,                                      !- Incident Solar Multiplier {dimensionless}
  {b8b7cfc4-ffa3-4158-a01f-8b5f30054088}; !- Incident Solar Multiplier Schedule Name

OS:Surface,
  {f82ad461-3838-49b3-9991-34f3c434ec32}, !- Handle
  surface Window3,                        !- Name
  Wall,                                   !- Surface Type
  {34dab3b0-76f8-4faf-bf16-cb6cf6338b5c}, !- Construction Name
  {cb606522-7303-4dfc-8a2c-5a86dab76d10}, !- Space Name
  Outdoors,                               !- Outside Boundary Condition
  ,                                       !- Outside Boundary Condition Object
  SunExposed,                             !- Sun Exposure
  WindExposed,                            !- Wind Exposure
  ,                                       !- View Factor to Ground
  ,                                       !- Number of Vertices
  -0.249067633845526, 16.1731872790753, 0.609138604222388, !- X,Y,Z Vertex 1 {m}
  -0.249067633845526, 16.1731872790753, 1.76830139577761, !- X,Y,Z Vertex 2 {m}
  4.01103410507811, 16.1731872790753, 1.76830139577761, !- X,Y,Z Vertex 3 {m}
  4.01103410507811, 16.1731872790753, 0.609138604222388; !- X,Y,Z Vertex 4 {m}

OS:AdditionalProperties,
  {cbfe9d2e-e9b7-42c6-bc78-52f3c03674d2}, !- Handle
  {f82ad461-3838-49b3-9991-34f3c434ec32}, !- Object Name
  Length,                                 !- Feature Name 1
  Double,                                 !- Feature Data Type 1
  13.973684210526317,                     !- Feature Value 1
  Azimuth,                                !- Feature Name 2
  Integer,                                !- Feature Data Type 2
  0,                                      !- Feature Value 2
  Tilt,                                   !- Feature Name 3
  Double,                                 !- Feature Data Type 3
  90,                                     !- Feature Value 3
  SurfaceType,                            !- Feature Name 4
  String,                                 !- Feature Data Type 4
  Window;                                 !- Feature Value 4

OS:SubSurface,
  {22c8170d-562c-4e81-ab8f-018659306ef4}, !- Handle
  Window3,                                !- Name
  FixedWindow,                            !- Sub Surface Type
  {d8a4e902-44a1-4fd9-b0f1-9dff37e0071e}, !- Construction Name
  {f82ad461-3838-49b3-9991-34f3c434ec32}, !- Surface Name
  ,                                       !- Outside Boundary Condition Object
  ,                                       !- View Factor to Ground
  ,                                       !- Frame and Divider Name
  ,                                       !- Multiplier
  ,                                       !- Number of Vertices
  -0.248606238067916, 16.1731872790753, 0.6096, !- X,Y,Z Vertex 1 {m}
  -0.248606238067916, 16.1731872790753, 1.76784, !- X,Y,Z Vertex 2 {m}
  4.0105727093005, 16.1731872790753, 1.76784, !- X,Y,Z Vertex 3 {m}
  4.0105727093005, 16.1731872790753, 0.6096; !- X,Y,Z Vertex 4 {m}

OS:ShadingSurfaceGroup,
  {ee186e5e-abdf-490e-8c22-955556914dff}, !- Handle
  Window3 Shading Surfaces,               !- Name
  Space,                                  !- Shading Surface Type
  {cb606522-7303-4dfc-8a2c-5a86dab76d10}, !- Space Name
  ,                                       !- Direction of Relative North {deg}
  ,                                       !- X Origin {m}
  ,                                       !- Y Origin {m}
  ,                                       !- Z Origin {m}
  {22c8170d-562c-4e81-ab8f-018659306ef4}; !- Shaded Object Name

OS:ShadingSurface,
  {e92370c8-f3ca-4225-b8db-c1a24ea52221}, !- Handle
  Window3 overhangs,                      !- Name
  ,                                       !- Construction Name
  {ee186e5e-abdf-490e-8c22-955556914dff}, !- Shading Surface Group Name
  ,                                       !- Transmittance Schedule Name
  ,                                       !- Number of Vertices
  -0.553406238067916, 16.1731872790753, 2.07264, !- X,Y,Z Vertex 1 {m}
  4.3153727093005, 16.1731872790753, 2.07264, !- X,Y,Z Vertex 2 {m}
  4.3153727093005, 16.7827872790753, 2.07264, !- X,Y,Z Vertex 3 {m}
  -0.553406238067916, 16.7827872790753, 2.07264; !- X,Y,Z Vertex 4 {m}

OS:Construction,
  {d8a4e902-44a1-4fd9-b0f1-9dff37e0071e}, !- Handle
  WindowConstruction 2,                   !- Name
  ,                                       !- Surface Rendering Name
  {68fc566b-0a7a-4c62-b2ca-b9475e7293c9}; !- Layer 1

OS:SurfaceProperty:IncidentSolarMultiplier,
  {9892f687-031a-4721-9caf-441694a60713}, !- Handle
  {22c8170d-562c-4e81-ab8f-018659306ef4}, !- Surface Name
  1,                                      !- Incident Solar Multiplier {dimensionless}
  {b8b7cfc4-ffa3-4158-a01f-8b5f30054088}; !- Incident Solar Multiplier Schedule Name

OS:Surface,
  {1f8820d8-c8ec-48d6-8793-fc81c63becbc}, !- Handle
  surface Window4,                        !- Name
  Wall,                                   !- Surface Type
  {34dab3b0-76f8-4faf-bf16-cb6cf6338b5c}, !- Construction Name
  {cb606522-7303-4dfc-8a2c-5a86dab76d10}, !- Space Name
  Outdoors,                               !- Outside Boundary Condition
  ,                                       !- Outside Boundary Condition Object
  SunExposed,                             !- Sun Exposure
  WindExposed,                            !- Wind Exposure
  ,                                       !- View Factor to Ground
  ,                                       !- Number of Vertices
  16.1731876357398, -13.6748250037362, 0.608904848232878, !- X,Y,Z Vertex 1 {m}
  16.1731876357398, -13.6748250037362, 1.70757515176712, !- X,Y,Z Vertex 2 {m}
  16.1731876691, -16.1738819739371, 1.70757515176712, !- X,Y,Z Vertex 3 {m}
  16.1731876691, -16.1738819739371, 0.608904848232878; !- X,Y,Z Vertex 4 {m}

OS:AdditionalProperties,
  {8a5a3d8a-2822-43c2-8bda-a35b8459009b}, !- Handle
  {1f8820d8-c8ec-48d6-8793-fc81c63becbc}, !- Object Name
  Length,                                 !- Feature Name 1
  Double,                                 !- Feature Data Type 1
  8.1944444444444446,                     !- Feature Value 1
  Azimuth,                                !- Feature Name 2
  Integer,                                !- Feature Data Type 2
  90,                                     !- Feature Value 2
  Tilt,                                   !- Feature Name 3
  Double,                                 !- Feature Data Type 3
  90,                                     !- Feature Value 3
  SurfaceType,                            !- Feature Name 4
  String,                                 !- Feature Data Type 4
  Window;                                 !- Feature Value 4

OS:SubSurface,
  {1ce771c8-27db-4ddf-b8e2-a1a43bf36479}, !- Handle
  Window4,                                !- Name
  FixedWindow,                            !- Sub Surface Type
  {615e9c92-d37a-413b-93d3-b21fcbb87bc7}, !- Construction Name
  {1f8820d8-c8ec-48d6-8793-fc81c63becbc}, !- Surface Name
  ,                                       !- Outside Boundary Condition Object
  ,                                       !- View Factor to Ground
  ,                                       !- Frame and Divider Name
  ,                                       !- Multiplier
  ,                                       !- Number of Vertices
  16.1731876357491, -13.6755201555034, 0.6096, !- X,Y,Z Vertex 1 {m}
  16.1731876357491, -13.6755201555034, 1.70688, !- X,Y,Z Vertex 2 {m}
  16.1731876690907, -16.17318682217, 1.70688, !- X,Y,Z Vertex 3 {m}
  16.1731876690907, -16.17318682217, 0.6096; !- X,Y,Z Vertex 4 {m}

OS:ShadingSurfaceGroup,
  {61c644f6-2255-4b5d-9322-ac1b2cd96c86}, !- Handle
  Window4 Shading Surfaces,               !- Name
  Space,                                  !- Shading Surface Type
  {cb606522-7303-4dfc-8a2c-5a86dab76d10}, !- Space Name
  ,                                       !- Direction of Relative North {deg}
  ,                                       !- X Origin {m}
  ,                                       !- Y Origin {m}
  ,                                       !- Z Origin {m}
  {1ce771c8-27db-4ddf-b8e2-a1a43bf36479}; !- Shaded Object Name

OS:ShadingSurface,
  {5dc3263b-60c0-4dc4-97d3-88bd54fd5de1}, !- Handle
  Window4 overhangs,                      !- Name
  ,                                       !- Construction Name
  {61c644f6-2255-4b5d-9322-ac1b2cd96c86}, !- Shading Surface Group Name
  ,                                       !- Transmittance Schedule Name
  ,                                       !- Number of Vertices
  16.1731876316803, -13.3707201555034, 2.01168, !- X,Y,Z Vertex 1 {m}
  16.1731876731595, -16.47798682217, 2.01168, !- X,Y,Z Vertex 2 {m}
  16.7827876731595, -16.4779868140324, 2.01168, !- X,Y,Z Vertex 3 {m}
  16.7827876316803, -13.3707201473657, 2.01168; !- X,Y,Z Vertex 4 {m}

OS:Construction,
  {615e9c92-d37a-413b-93d3-b21fcbb87bc7}, !- Handle
  WindowConstruction 3,                   !- Name
  ,                                       !- Surface Rendering Name
  {68fc566b-0a7a-4c62-b2ca-b9475e7293c9}; !- Layer 1

OS:SurfaceProperty:IncidentSolarMultiplier,
  {7bc9eaef-057a-4085-be15-40b14add0888}, !- Handle
  {1ce771c8-27db-4ddf-b8e2-a1a43bf36479}, !- Surface Name
  1,                                      !- Incident Solar Multiplier {dimensionless}
  {b8b7cfc4-ffa3-4158-a01f-8b5f30054088}; !- Incident Solar Multiplier Schedule Name

OS:Material,
  {a24de9cc-c169-4d4f-b8d5-ecf07af10493}, !- Handle
  wood siding,                            !- Name
  Rough,                                  !- Roughness
  0.0254,                                 !- Thickness {m}
  0.1024175,                              !- Conductivity {W/m-K}
  544.68,                                 !- Density {kg/m3}
  1172.36;                                !- Specific Heat {J/kg-K}

OS:Material,
  {995e39f2-7905-465d-adc8-82e449bd5375}, !- Handle
  wall rigid ins,                         !- Name
  Rough,                                  !- Roughness
  0.5129784,                              !- Thickness {m}
  0.029427,                               !- Conductivity {W/m-K}
  32.04,                                  !- Density {kg/m3}
  1214.23,                                !- Specific Heat {J/kg-K}
  0.9,                                    !- Thermal Absorptance
  0.7,                                    !- Solar Absorptance
  0.7;                                    !- Visible Absorptance

OS:Material,
  {aa89fc03-0929-49c7-8993-55507a6548a1}, !- Handle
  wall stud and cavity 2,                 !- Name
  Rough,                                  !- Roughness
  0.0889,                                 !- Thickness {m}
  0.380278417457636,                      !- Conductivity {W/m-K}
  52.34794524,                            !- Density {kg/m3}
  1209.88641434781,                       !- Specific Heat {J/kg-K}
  0.9,                                    !- Thermal Absorptance
  0.7,                                    !- Solar Absorptance
  0.7;                                    !- Visible Absorptance

OS:Construction,
  {34dab3b0-76f8-4faf-bf16-cb6cf6338b5c}, !- Handle
  AdiabaticWallConstruction,              !- Name
  ,                                       !- Surface Rendering Name
  {a24de9cc-c169-4d4f-b8d5-ecf07af10493}, !- Layer 1
  {995e39f2-7905-465d-adc8-82e449bd5375}, !- Layer 2
  {aa89fc03-0929-49c7-8993-55507a6548a1}, !- Layer 3
  {21eaa370-b698-4ae5-a601-5003507a73a1}; !- Layer 4

OS:Surface,
  {8486458b-0dac-4080-8996-7a626c642e94}, !- Handle
  surface Door1,                          !- Name
  Wall,                                   !- Surface Type
  {1e117448-f831-4821-9e46-3aaa3e8c799b}, !- Construction Name
  {cb606522-7303-4dfc-8a2c-5a86dab76d10}, !- Space Name
  Outdoors,                               !- Outside Boundary Condition
  ,                                       !- Outside Boundary Condition Object
  SunExposed,                             !- Sun Exposure
  WindExposed,                            !- Wind Exposure
  ,                                       !- View Factor to Ground
  ,                                       !- Number of Vertices
  4.93875526503255, 16.1731873260053, 0.608752155732047, !- X,Y,Z Vertex 1 {m}
  4.93875526503255, 16.1731873260053, 2.64346384426795, !- X,Y,Z Vertex 2 {m}
  5.85439398205421, 16.1731873260053, 2.64346384426795, !- X,Y,Z Vertex 3 {m}
  5.85439398205421, 16.1731873260053, 0.608752155732047; !- X,Y,Z Vertex 4 {m}

OS:AdditionalProperties,
  {affcf4f0-a808-481c-ba0c-3a0203c71f48}, !- Handle
  {8486458b-0dac-4080-8996-7a626c642e94}, !- Object Name
  Length,                                 !- Feature Name 1
  Double,                                 !- Feature Data Type 1
  2.9985007496251876,                     !- Feature Value 1
  Azimuth,                                !- Feature Name 2
  Integer,                                !- Feature Data Type 2
  0,                                      !- Feature Value 2
  Tilt,                                   !- Feature Name 3
  Double,                                 !- Feature Data Type 3
  90,                                     !- Feature Value 3
  SurfaceType,                            !- Feature Name 4
  String,                                 !- Feature Data Type 4
  Door;                                   !- Feature Value 4

OS:SubSurface,
  {ff589845-45f3-4a56-bf09-950831a48699}, !- Handle
  Door1,                                  !- Name
  Door,                                   !- Sub Surface Type
  {1563727d-c3d6-48f2-b472-3589ba0a9f0a}, !- Construction Name
  {8486458b-0dac-4080-8996-7a626c642e94}, !- Surface Name
  ,                                       !- Outside Boundary Condition Object
  ,                                       !- View Factor to Ground
  ,                                       !- Frame and Divider Name
  ,                                       !- Multiplier
  ,                                       !- Number of Vertices
  4.9396031093005, 16.1731873260053, 0.6096, !- X,Y,Z Vertex 1 {m}
  4.9396031093005, 16.1731873260053, 2.642616, !- X,Y,Z Vertex 2 {m}
  5.85354613778626, 16.1731873260053, 2.642616, !- X,Y,Z Vertex 3 {m}
  5.85354613778626, 16.1731873260053, 0.6096; !- X,Y,Z Vertex 4 {m}

OS:Material,
  {68fa84a4-5a38-409c-a428-7cfcb1bad296}, !- Handle
  door material,                          !- Name
  Rough,                                  !- Roughness
  0.04445,                                !- Thickness {m}
  0.0612266553480475,                     !- Conductivity {W/m-K}
  512.64,                                 !- Density {kg/m3}
  1214.23,                                !- Specific Heat {J/kg-K}
  0.9,                                    !- Thermal Absorptance
  0.7,                                    !- Solar Absorptance
  0.7;                                    !- Visible Absorptance

OS:Construction,
  {1563727d-c3d6-48f2-b472-3589ba0a9f0a}, !- Handle
  Door,                                   !- Name
  ,                                       !- Surface Rendering Name
  {68fa84a4-5a38-409c-a428-7cfcb1bad296}; !- Layer 1

OS:Material,
  {d72e74d4-c08d-42f4-9378-6c465dae70a0}, !- Handle
  wood siding 1,                          !- Name
  Rough,                                  !- Roughness
  0.0254,                                 !- Thickness {m}
  0.1024175,                              !- Conductivity {W/m-K}
  544.68,                                 !- Density {kg/m3}
  1172.36;                                !- Specific Heat {J/kg-K}

OS:Construction,
  {1e117448-f831-4821-9e46-3aaa3e8c799b}, !- Handle
  AdiabaticWallConstruction 1,            !- Name
  ,                                       !- Surface Rendering Name
  {d72e74d4-c08d-42f4-9378-6c465dae70a0}, !- Layer 1
  {995e39f2-7905-465d-adc8-82e449bd5375}, !- Layer 2
  {aa89fc03-0929-49c7-8993-55507a6548a1}, !- Layer 3
  {21eaa370-b698-4ae5-a601-5003507a73a1}; !- Layer 4

OS:InternalMass:Definition,
  {669ea2bf-0bfb-40b3-a47e-2f6b8b8e3797}, !- Handle
  partition wall mass,                    !- Name
  {1d5f38c0-d037-457c-8b15-b3d0b6176898}, !- Construction Name
  SurfaceArea,                            !- Design Level Calculation Method
  157.74936192,                           !- Surface Area {m2}
  ,                                       !- Surface Area per Space Floor Area {dimensionless}
  ;                                       !- Surface Area per Person {m2/person}

OS:InternalMass,
  {d0529629-facb-4bc0-b2d8-1907f64870ce}, !- Handle
  partition wall mass,                    !- Name
  {669ea2bf-0bfb-40b3-a47e-2f6b8b8e3797}, !- Internal Mass Definition Name
  {cb606522-7303-4dfc-8a2c-5a86dab76d10}, !- Space or SpaceType Name
  1;                                      !- Multiplier

OS:Material,
  {851d633d-c4e9-49ef-8ecb-e370ffb79c77}, !- Handle
  wall stud and cavity 3,                 !- Name
  Rough,                                  !- Roughness
  0.0889,                                 !- Thickness {m}
  0.391763531157105,                      !- Conductivity {W/m-K}
  83.034082224,                           !- Density {kg/m3}
  1211.67419087611,                       !- Specific Heat {J/kg-K}
  0.9,                                    !- Thermal Absorptance
  0.7,                                    !- Solar Absorptance
  0.7;                                    !- Visible Absorptance

OS:Construction,
  {1d5f38c0-d037-457c-8b15-b3d0b6176898}, !- Handle
  PartitionWallConstruction,              !- Name
  ,                                       !- Surface Rendering Name
  {21eaa370-b698-4ae5-a601-5003507a73a1}, !- Layer 1
  {851d633d-c4e9-49ef-8ecb-e370ffb79c77}, !- Layer 2
  {21eaa370-b698-4ae5-a601-5003507a73a1}; !- Layer 3

OS:InternalMass:Definition,
  {363663a8-04e4-4c2d-b811-4447c2d092dc}, !- Handle
  furniture mass conditioned space 1,     !- Name
  {d208ecb7-95fd-4b4b-bee1-c513d960df21}, !- Construction Name
  SurfaceArea,                            !- Design Level Calculation Method
  63.099744768,                           !- Surface Area {m2}
  ,                                       !- Surface Area per Space Floor Area {dimensionless}
  ;                                       !- Surface Area per Person {m2/person}

OS:InternalMass,
  {9b4e2328-be0b-45c6-9573-0e57464ac325}, !- Handle
  furniture mass conditioned space 1,     !- Name
  {363663a8-04e4-4c2d-b811-4447c2d092dc}, !- Internal Mass Definition Name
  {cb606522-7303-4dfc-8a2c-5a86dab76d10}, !- Space or SpaceType Name
  1;                                      !- Multiplier

OS:Material,
  {2d687fd0-7826-461d-8d60-77912b83cccd}, !- Handle
  furniture material conditioned space 1, !- Name
  Rough,                                  !- Roughness
  0.1524,                                 !- Thickness {m}
  0.1154577,                              !- Conductivity {W/m-K}
  640.8,                                  !- Density {kg/m3}
  1214.23,                                !- Specific Heat {J/kg-K}
  0.9,                                    !- Thermal Absorptance
  0.6,                                    !- Solar Absorptance
  0.6;                                    !- Visible Absorptance

OS:Construction,
  {d208ecb7-95fd-4b4b-bee1-c513d960df21}, !- Handle
  furniture construction conditioned space 1, !- Name
  ,                                       !- Surface Rendering Name
  {2d687fd0-7826-461d-8d60-77912b83cccd}; !- Layer 1

OS:ShadingSurface,
  {bc10daf7-17cf-45ca-9813-0c94ad46b21e}, !- Handle
  Neighbor azimuth 90 distance 15.0,      !- Name
  ,                                       !- Construction Name
  {726d1137-96de-4e9e-9cb0-fe4718d3bfdf}, !- Shading Surface Group Name
  ,                                       !- Transmittance Schedule Name
  ,                                       !- Number of Vertices
  20.7451870380679, 16.173187314998, 0,   !- X,Y,Z Vertex 1 {m}
  20.7451870380679, 16.173187314998, 3.048, !- X,Y,Z Vertex 2 {m}
  20.7451874698637, -16.1731867611378, 3.048, !- X,Y,Z Vertex 3 {m}
  20.7451874698637, -16.1731867611378, 0; !- X,Y,Z Vertex 4 {m}

OS:AdditionalProperties,
  {edf89901-f203-4f43-8e07-09c0c502a469}, !- Handle
  {bc10daf7-17cf-45ca-9813-0c94ad46b21e}, !- Object Name
  Azimuth,                                !- Feature Name 1
  Integer,                                !- Feature Data Type 1
  90,                                     !- Feature Value 1
  Distance,                               !- Feature Name 2
  Double,                                 !- Feature Data Type 2
  15;                                     !- Feature Value 2

OS:ShadingSurface,
  {180cbf68-e52c-4a00-b775-0a2106ca528a}, !- Handle
  Neighbor azimuth 270 distance 15.0,     !- Name
  ,                                       !- Construction Name
  {726d1137-96de-4e9e-9cb0-fe4718d3bfdf}, !- Shading Surface Group Name
  ,                                       !- Transmittance Schedule Name
  ,                                       !- Number of Vertices
  -20.7451866062721, -16.1731878688582, 0, !- X,Y,Z Vertex 1 {m}
  -20.7451866062721, -16.1731878688582, 3.048, !- X,Y,Z Vertex 2 {m}
  -20.7451879016595, 16.1731862072776, 3.048, !- X,Y,Z Vertex 3 {m}
  -20.7451879016595, 16.1731862072776, 0; !- X,Y,Z Vertex 4 {m}

OS:AdditionalProperties,
  {0bfdf74e-5ea1-4560-bacd-9a7777c25374}, !- Handle
  {180cbf68-e52c-4a00-b775-0a2106ca528a}, !- Object Name
  Azimuth,                                !- Feature Name 1
  Integer,                                !- Feature Data Type 1
  270,                                    !- Feature Value 1
  Distance,                               !- Feature Name 2
  Double,                                 !- Feature Data Type 2
  15;                                     !- Feature Value 2

OS:ShadingSurfaceGroup,
  {726d1137-96de-4e9e-9cb0-fe4718d3bfdf}, !- Handle
  neighbors,                              !- Name
  Building;                               !- Shading Surface Type

OS:Schedule:File,
  {a2dc818e-be51-4be4-9719-834d476f94a7}, !- Handle
  occupants,                              !- Name
  {1f9c1b66-c7e4-4941-a342-bc041ffed04e}, !- Schedule Type Limits Name
  {d6bc09d2-a59e-4974-8ab3-a422e4039702}, !- External File Name
  1,                                      !- Column Number
  1,                                      !- Rows to Skip at Top
  8760,                                   !- Number of Hours of Data
  ,                                       !- Column Separator
  ,                                       !- Interpolate to Timestep
  15,                                     !- Minutes per Item
  ,                                       !- Adjust Schedule for Daylight Savings
  Yes;                                    !- Translate File With Relative Path

OS:External:File,
  {d6bc09d2-a59e-4974-8ab3-a422e4039702}, !- Handle
  External File 1,                        !- Name
  in.schedules.csv;                       !- File Name

OS:Schedule:Constant,
  {f92bc3b1-46c9-4e0b-ac25-919a59338f5d}, !- Handle
  occupants activity schedule,            !- Name
  {b440dd39-e612-4b26-9797-f56d418d2035}, !- Schedule Type Limits Name
  117.228428068889;                       !- Value

OS:People:Definition,
  {307c9147-156f-4e18-92c8-3f9ffa3d7782}, !- Handle
  occupants,                              !- Name
  People,                                 !- Number of People Calculation Method
  3,                                      !- Number of People {people}
  ,                                       !- People per Space Floor Area {person/m2}
  ,                                       !- Space Floor Area per Person {m2/person}
  0.314170909090909,                      !- Fraction Radiant
  0.563030303030303,                      !- Sensible Heat Fraction
  0,                                      !- Carbon Dioxide Generation Rate {m3/s-W}
  No,                                     !- Enable ASHRAE 55 Comfort Warnings
  ZoneAveraged;                           !- Mean Radiant Temperature Calculation Type

OS:People,
  {77f81cc6-42ca-460a-beab-7a11ccc9cd44}, !- Handle
  occupants,                              !- Name
  {307c9147-156f-4e18-92c8-3f9ffa3d7782}, !- People Definition Name
  {cb606522-7303-4dfc-8a2c-5a86dab76d10}, !- Space or SpaceType Name
  {a2dc818e-be51-4be4-9719-834d476f94a7}, !- Number of People Schedule Name
  {f92bc3b1-46c9-4e0b-ac25-919a59338f5d}, !- Activity Level Schedule Name
  ,                                       !- Surface Name/Angle Factor List Name
  ,                                       !- Work Efficiency Schedule Name
  ,                                       !- Clothing Insulation Schedule Name
  ,                                       !- Air Velocity Schedule Name
  1;                                      !- Multiplier

OS:ScheduleTypeLimits,
  {b440dd39-e612-4b26-9797-f56d418d2035}, !- Handle
  ActivityLevel,                          !- Name
  0,                                      !- Lower Limit Value
  ,                                       !- Upper Limit Value
  Continuous,                             !- Numeric Type
  ActivityLevel;                          !- Unit Type

OS:Curve:Biquadratic,
  {4fb4c163-6dc6-4849-a647-b395da425cb4}, !- Handle
  Cool-CAP-fT1,                           !- Name
  1.557359706,                            !- Coefficient1 Constant
  -0.0744481692,                          !- Coefficient2 x
  0.00309859668,                          !- Coefficient3 x**2
  0.0014595786,                           !- Coefficient4 y
  -4.1148e-05,                            !- Coefficient5 y**2
  -0.00042671448,                         !- Coefficient6 x*y
  -100,                                   !- Minimum Value of x
  100,                                    !- Maximum Value of x
  -100,                                   !- Minimum Value of y
  100;                                    !- Maximum Value of y

OS:Curve:Biquadratic,
  {1d198afe-f491-4ed2-abb5-d25f55eb77b0}, !- Handle
  Cool-EIR-fT1,                           !- Name
  -0.350447695,                           !- Coefficient1 Constant
  0.116809893,                            !- Coefficient2 x
  -0.00339950844,                         !- Coefficient3 x**2
  -0.001226088,                           !- Coefficient4 y
  0.0006008094,                           !- Coefficient5 y**2
  -0.000466884,                           !- Coefficient6 x*y
  -100,                                   !- Minimum Value of x
  100,                                    !- Maximum Value of x
  -100,                                   !- Minimum Value of y
  100;                                    !- Maximum Value of y

OS:Curve:Quadratic,
  {b0636cde-4367-4b90-8c54-b2a1970eae1c}, !- Handle
  Cool-CAP-fFF1,                          !- Name
  0.718664047,                            !- Coefficient1 Constant
  0.41797409,                             !- Coefficient2 x
  -0.136638137,                           !- Coefficient3 x**2
  0,                                      !- Minimum Value of x
  2,                                      !- Maximum Value of x
  0,                                      !- Minimum Curve Output
  2;                                      !- Maximum Curve Output

OS:Curve:Quadratic,
  {7dd19415-c54c-4e93-a273-6a1d602cb931}, !- Handle
  Cool-EIR-fFF1,                          !- Name
  1.143487507,                            !- Coefficient1 Constant
  -0.13943972,                            !- Coefficient2 x
  -0.004047787,                           !- Coefficient3 x**2
  0,                                      !- Minimum Value of x
  2,                                      !- Maximum Value of x
  0,                                      !- Minimum Curve Output
  2;                                      !- Maximum Curve Output

OS:Curve:Quadratic,
  {2265d198-5112-44e8-b937-e0c5028ad61a}, !- Handle
  Cool-PLF-fPLR1,                         !- Name
  0.93,                                   !- Coefficient1 Constant
  0.07,                                   !- Coefficient2 x
  0,                                      !- Coefficient3 x**2
  0,                                      !- Minimum Value of x
  1,                                      !- Maximum Value of x
  0.7,                                    !- Minimum Curve Output
  1;                                      !- Maximum Curve Output

OS:Schedule:Constant,
  {edbd5a82-32b8-4aeb-b9a3-751c9bffe552}, !- Handle
  Always On Discrete,                     !- Name
  {f55a0052-ee4c-415e-8087-22f8de791103}, !- Schedule Type Limits Name
  1;                                      !- Value

OS:ScheduleTypeLimits,
  {f55a0052-ee4c-415e-8087-22f8de791103}, !- Handle
  OnOff,                                  !- Name
  0,                                      !- Lower Limit Value
  1,                                      !- Upper Limit Value
  Discrete,                               !- Numeric Type
  Availability;                           !- Unit Type

OS:Coil:Cooling:DX:SingleSpeed,
  {15cd0b5e-450a-458e-8061-204d4b002a25}, !- Handle
  central ac and furnace clg coil,        !- Name
  {edbd5a82-32b8-4aeb-b9a3-751c9bffe552}, !- Availability Schedule Name
  5725.95302124566,                       !- Rated Total Cooling Capacity {W}
  0.730031800184905,                      !- Rated Sensible Heat Ratio
  4.3086,                                 !- Rated COP {W/W}
  0.295775267606991,                      !- Rated Air Flow Rate {m3/s}
  773.3,                                  !- Rated Evaporator Fan Power Per Volume Flow Rate 2017 {W/(m3/s)}
  934.4,                                  !- Rated Evaporator Fan Power Per Volume Flow Rate 2023 {W/(m3/s)}
  ,                                       !- Air Inlet Node Name
  ,                                       !- Air Outlet Node Name
  {4fb4c163-6dc6-4849-a647-b395da425cb4}, !- Total Cooling Capacity Function of Temperature Curve Name
  {b0636cde-4367-4b90-8c54-b2a1970eae1c}, !- Total Cooling Capacity Function of Flow Fraction Curve Name
  {1d198afe-f491-4ed2-abb5-d25f55eb77b0}, !- Energy Input Ratio Function of Temperature Curve Name
  {7dd19415-c54c-4e93-a273-6a1d602cb931}, !- Energy Input Ratio Function of Flow Fraction Curve Name
  {2265d198-5112-44e8-b937-e0c5028ad61a}, !- Part Load Fraction Correlation Curve Name
  -25,                                    !- Minimum Outdoor Dry-Bulb Temperature for Compressor Operation {C}
  1000,                                   !- Nominal Time for Condensate Removal to Begin {s}
  1.5,                                    !- Ratio of Initial Moisture Evaporation Rate and Steady State Latent Capacity {dimensionless}
  3,                                      !- Maximum Cycling Rate {cycles/hr}
  45,                                     !- Latent Capacity Time Constant {s}
  ,                                       !- Condenser Air Inlet Node Name
  AirCooled,                              !- Condenser Type
  0.9,                                    !- Evaporative Condenser Effectiveness {dimensionless}
  autosize,                               !- Evaporative Condenser Air Flow Rate {m3/s}
  autosize,                               !- Evaporative Condenser Pump Rated Power Consumption {W}
  50,                                     !- Crankcase Heater Capacity {W}
  ,                                       !- Crankcase Heater Capacity Function of Temperature Curve Name
  10,                                     !- Maximum Outdoor Dry-Bulb Temperature for Crankcase Heater Operation {C}
  ,                                       !- Supply Water Storage Tank Name
  ,                                       !- Condensate Collection Water Storage Tank Name
  0,                                      !- Basin Heater Capacity {W/K}
  2;                                      !- Basin Heater Setpoint Temperature {C}

OS:AdditionalProperties,
  {851041fd-a9b9-4135-b5bc-2add811239a0}, !- Handle
  {15cd0b5e-450a-458e-8061-204d4b002a25}, !- Object Name
  HPXML_ID,                               !- Feature Name 1
  String,                                 !- Feature Data Type 1
  CoolingSystem1;                         !- Feature Value 1

OS:Coil:Heating:Gas,
  {5f6c1043-6188-4ae1-9342-614eefdabfc8}, !- Handle
  central ac and furnace htg coil,        !- Name
  {edbd5a82-32b8-4aeb-b9a3-751c9bffe552}, !- Availability Schedule Name
  0.8,                                    !- Gas Burner Efficiency
  15649.7020761265,                       !- Nominal Capacity {W}
  ,                                       !- Air Inlet Node Name
  ,                                       !- Air Outlet Node Name
  ,                                       !- Temperature Setpoint Node Name
  0,                                      !- On Cycle Parasitic Electric Load {W}
  ,                                       !- Part Load Fraction Correlation Curve Name
  0,                                      !- Off Cycle Parasitic Gas Load {W}
  NaturalGas;                             !- Fuel Type

OS:AdditionalProperties,
  {7c190b87-aadf-45d1-a107-52a57920388d}, !- Handle
  {5f6c1043-6188-4ae1-9342-614eefdabfc8}, !- Object Name
  HPXML_ID,                               !- Feature Name 1
  String,                                 !- Feature Data Type 1
  HeatingSystem1,                         !- Feature Value 1
  IsHeatPumpBackup,                       !- Feature Name 2
  Boolean,                                !- Feature Data Type 2
  false;                                  !- Feature Value 2

OS:Fan:SystemModel,
  {b802493c-b936-47b1-b83c-fff77787c949}, !- Handle
  central ac and furnace supply fan,      !- Name
  {edbd5a82-32b8-4aeb-b9a3-751c9bffe552}, !- Availability Schedule Name
  ,                                       !- Air Inlet Node Name
  ,                                       !- Air Outlet Node Name
  0.5677527741696,                        !- Design Maximum Air Flow Rate {m3/s}
  Discrete,                               !- Speed Control Method
  0.2,                                    !- Electric Power Minimum Flow Rate Fraction
  794.580001233493,                       !- Design Pressure Rise {Pa}
  1,                                      !- Motor Efficiency
  1,                                      !- Motor In Air Stream Fraction
  autosize,                               !- Design Electric Power Consumption {W}
  TotalEfficiencyAndPressure,             !- Design Power Sizing Method
  840,                                    !- Electric Power Per Unit Flow Rate {W/(m3/s)}
  1.66667,                                !- Electric Power Per Unit Flow Rate Per Unit Pressure {W-s/m3-Pa}
  0.75,                                   !- Fan Total Efficiency
  ,                                       !- Electric Power Function of Flow Fraction Curve Name
  ,                                       !- Night Ventilation Mode Pressure Rise {Pa}
  ,                                       !- Night Ventilation Mode Flow Fraction
  ,                                       !- Motor Loss Zone Name
  0,                                      !- Motor Loss Radiative Fraction
  supply fan,                             !- End-Use Subcategory
  0.65919,                                !- Speed Flow Fraction 1
  0.28643,                                !- Speed Electric Power Fraction 1
  1,                                      !- Speed Flow Fraction 2
  1;                                      !- Speed Electric Power Fraction 2

OS:EnergyManagementSystem:Sensor,
  {4dcca22e-07a0-4e40-83d6-8ffcc37a6afd}, !- Handle
  central_ac_and_furnace_supply_fan_s,    !- Name
  central ac and furnace supply fan,      !- Output Variable or Output Meter Index Key Name
  Fan Electricity Energy;                 !- Output Variable or Output Meter Name

OS:EnergyManagementSystem:Sensor,
  {63cde37b-71fc-4caf-b6f5-d1890feba450}, !- Handle
  central_ac_and_furnace_clg_coil_s,      !- Name
  central ac and furnace clg coil,        !- Output Variable or Output Meter Index Key Name
  Cooling Coil Total Cooling Energy;      !- Output Variable or Output Meter Name

OS:EnergyManagementSystem:Program,
  {101749b2-b7d4-48c6-ab04-868d13d8b60d}, !- Handle
  central_ac_and_furnace_supply_fan_disaggregate_program, !- Name
  Set central_ac_and_furnace_supply_fan_clg = 0, !- Program Line 1
  If central_ac_and_furnace_clg_coil_s > 0, !- Program Line 2
  Set central_ac_and_furnace_supply_fan_clg = central_ac_and_furnace_supply_fan_s, !- Program Line 3
  EndIf;                                  !- Program Line 4

OS:EnergyManagementSystem:ProgramCallingManager,
  {24aab53b-cf9a-4886-a903-9da5f0eaa875}, !- Handle
  central ac and furnace supply fan disaggregate program calling manager, !- Name
  EndOfSystemTimestepBeforeHVACReporting, !- EnergyPlus Model Calling Point
  {101749b2-b7d4-48c6-ab04-868d13d8b60d}; !- Program Name 1

OS:EnergyManagementSystem:OutputVariable,
  {be19c7ca-1eb0-434f-97cb-bbcecc951d53}, !- Handle
  central ac and furnace supply fan disaggregate clg, !- Name
  central_ac_and_furnace_supply_fan_clg,  !- EMS Variable Name
  Summed,                                 !- Type of Data in Variable
  SystemTimestep,                         !- Update Frequency
  {101749b2-b7d4-48c6-ab04-868d13d8b60d}, !- EMS Program or Subroutine Name
  J;                                      !- Units

OS:AdditionalProperties,
  {f84516c6-3841-4d63-a263-e315d0d5ee97}, !- Handle
  {be19c7ca-1eb0-434f-97cb-bbcecc951d53}, !- Object Name
  HPXML_ID,                               !- Feature Name 1
  String,                                 !- Feature Data Type 1
  CoolingSystem1,                         !- Feature Value 1
  ObjectType,                             !- Feature Name 2
  String,                                 !- Feature Data Type 2
  disaggregate clg;                       !- Feature Value 2

OS:EnergyManagementSystem:Sensor,
  {9616c688-177a-4585-9160-49436fccf299}, !- Handle
  central_ac_and_furnace_supply_fan_s_1,  !- Name
  central ac and furnace supply fan,      !- Output Variable or Output Meter Index Key Name
  Fan Electricity Energy;                 !- Output Variable or Output Meter Name

OS:EnergyManagementSystem:Sensor,
  {35820ab5-e4de-451d-beb9-684125b02619}, !- Handle
  central_ac_and_furnace_htg_coil_s,      !- Name
  central ac and furnace htg coil,        !- Output Variable or Output Meter Index Key Name
  Heating Coil Heating Energy;            !- Output Variable or Output Meter Name

OS:EnergyManagementSystem:Program,
  {d7e0b185-f85b-4bb3-ae6f-aa0eae0714e3}, !- Handle
  central_ac_and_furnace_supply_fan_disaggregate_program_1, !- Name
  Set central_ac_and_furnace_supply_fan_primary_htg = 0, !- Program Line 1
  If central_ac_and_furnace_htg_coil_s > 0, !- Program Line 2
  Set central_ac_and_furnace_supply_fan_primary_htg = central_ac_and_furnace_supply_fan_s_1, !- Program Line 3
  EndIf;                                  !- Program Line 4

OS:EnergyManagementSystem:ProgramCallingManager,
  {2cf50beb-6fe0-4c4d-bf70-21f34b3fb077}, !- Handle
  central ac and furnace supply fan disaggregate program calling manager 1, !- Name
  EndOfSystemTimestepBeforeHVACReporting, !- EnergyPlus Model Calling Point
  {d7e0b185-f85b-4bb3-ae6f-aa0eae0714e3}; !- Program Name 1

OS:EnergyManagementSystem:OutputVariable,
  {be748136-341f-4741-a5ef-cb481c6b55e2}, !- Handle
  central ac and furnace supply fan disaggregate htg primary, !- Name
  central_ac_and_furnace_supply_fan_primary_htg, !- EMS Variable Name
  Summed,                                 !- Type of Data in Variable
  SystemTimestep,                         !- Update Frequency
  {d7e0b185-f85b-4bb3-ae6f-aa0eae0714e3}, !- EMS Program or Subroutine Name
  J;                                      !- Units

OS:AdditionalProperties,
  {0e927b67-3dca-4639-b963-2f8e1c4879fc}, !- Handle
  {be748136-341f-4741-a5ef-cb481c6b55e2}, !- Object Name
  HPXML_ID,                               !- Feature Name 1
  String,                                 !- Feature Data Type 1
  HeatingSystem1,                         !- Feature Value 1
  ObjectType,                             !- Feature Name 2
  String,                                 !- Feature Data Type 2
  disaggregate htg primary;               !- Feature Value 2

OS:Schedule:Constant,
  {e33ba346-5e55-438f-9e48-e2face1a2acd}, !- Handle
  central ac and furnace auto fan schedule, !- Name
  {f55a0052-ee4c-415e-8087-22f8de791103}, !- Schedule Type Limits Name
  0;                                      !- Value

OS:AirLoopHVAC:UnitarySystem,
  {86f70181-5835-417d-9306-5ef30b08e18a}, !- Handle
  central ac and furnace unitary system,  !- Name
  Load,                                   !- Control Type
  {f33eefb7-352c-4690-abbe-5016b3fdcf05}, !- Controlling Zone or Thermostat Location
  None,                                   !- Dehumidification Control Type
  {edbd5a82-32b8-4aeb-b9a3-751c9bffe552}, !- Availability Schedule Name
  {aa94ee1f-f523-447b-b525-75cdc8f38ae4}, !- Air Inlet Node Name
  {aef119f6-1700-4e04-850b-a2176c7b666a}, !- Air Outlet Node Name
  {b802493c-b936-47b1-b83c-fff77787c949}, !- Supply Fan Name
  BlowThrough,                            !- Fan Placement
  {e33ba346-5e55-438f-9e48-e2face1a2acd}, !- Supply Air Fan Operating Mode Schedule Name
  {5f6c1043-6188-4ae1-9342-614eefdabfc8}, !- Heating Coil Name
  1,                                      !- DX Heating Coil Sizing Ratio
  {15cd0b5e-450a-458e-8061-204d4b002a25}, !- Cooling Coil Name
  No,                                     !- Use DOAS DX Cooling Coil
  2,                                      !- DOAS DX Cooling Coil Leaving Minimum Air Temperature {C}
  SensibleOnlyLoadControl,                !- Latent Load Control
  ,                                       !- Supplemental Heating Coil Name
  SupplyAirFlowRate,                      !- Supply Air Flow Rate Method During Cooling Operation
  0.3742543224576,                        !- Supply Air Flow Rate During Cooling Operation {m3/s}
  ,                                       !- Supply Air Flow Rate Per Floor Area During Cooling Operation {m3/s-m2}
  ,                                       !- Fraction of Autosized Design Cooling Supply Air Flow Rate
  ,                                       !- Design Supply Air Flow Rate Per Unit of Capacity During Cooling Operation {m3/s-W}
  SupplyAirFlowRate,                      !- Supply Air Flow Rate Method During Heating Operation
  0.5677527741696,                        !- Supply Air Flow Rate During Heating Operation {m3/s}
  ,                                       !- Supply Air Flow Rate Per Floor Area during Heating Operation {m3/s-m2}
  ,                                       !- Fraction of Autosized Design Heating Supply Air Flow Rate
  ,                                       !- Design Supply Air Flow Rate Per Unit of Capacity During Heating Operation {m3/s-W}
  SupplyAirFlowRate,                      !- Supply Air Flow Rate Method When No Cooling or Heating is Required
  0,                                      !- Supply Air Flow Rate When No Cooling or Heating is Required {m3/s}
  ,                                       !- Supply Air Flow Rate Per Floor Area When No Cooling or Heating is Required {m3/s-m2}
  ,                                       !- Fraction of Autosized Design Cooling Supply Air Flow Rate When No Cooling or Heating is Required
  ,                                       !- Fraction of Autosized Design Heating Supply Air Flow Rate When No Cooling or Heating is Required
  ,                                       !- Design Supply Air Flow Rate Per Unit of Capacity During Cooling Operation When No Cooling or Heating is Required {m3/s-W}
  ,                                       !- Design Supply Air Flow Rate Per Unit of Capacity During Heating Operation When No Cooling or Heating is Required {m3/s-W}
  48.8888888888889,                       !- Maximum Supply Air Temperature {C}
  21,                                     !- Maximum Outdoor Dry-Bulb Temperature for Supplemental Heater Operation {C}
  ,                                       !- Outdoor Dry-Bulb Temperature Sensor Node Name
  0,                                      !- Ancilliary On-Cycle Electric Power {W}
  0;                                      !- Ancilliary Off-Cycle Electric Power {W}

OS:AirLoopHVAC,
  {b8b690dd-8cd2-4547-9387-948fe6730209}, !- Handle
  central ac and furnace airloop,         !- Name
  ,                                       !- Controller List Name
  {edbd5a82-32b8-4aeb-b9a3-751c9bffe552}, !- Availability Schedule
  {6e40ffeb-270d-4009-9352-dd114abc97c6}, !- Availability Manager List Name
  0.5677527741696,                        !- Design Supply Air Flow Rate {m3/s}
  1,                                      !- Design Return Air Flow Fraction of Supply Air Flow
  ,                                       !- Branch List Name
  ,                                       !- Connector List Name
  {c701455a-df09-48da-b170-e4c972f840f3}, !- Supply Side Inlet Node Name
  {4a851ac4-77da-4723-bd21-b1ef30506929}, !- Demand Side Outlet Node Name
  {8c6a3dc1-0933-4655-94ab-b67060e63ccd}, !- Demand Side Inlet Node A
  {8227e587-7954-4c27-a541-ee7316746aee}, !- Supply Side Outlet Node A
  ,                                       !- Demand Side Inlet Node B
  ,                                       !- Supply Side Outlet Node B
  ,                                       !- Return Air Bypass Flow Temperature Setpoint Schedule Name
  {1a11ba45-ae45-4340-b5b2-8d3da140c62d}, !- Demand Mixer Name
  {4444afe9-2c37-4701-8370-3e8a30abe310}, !- Demand Splitter A Name
  ,                                       !- Demand Splitter B Name
  ;                                       !- Supply Splitter Name

OS:Node,
  {eba89654-aaca-4357-a1ad-c1e66135ffaf}, !- Handle
  Node 3,                                 !- Name
  {c701455a-df09-48da-b170-e4c972f840f3}, !- Inlet Port
  {aa94ee1f-f523-447b-b525-75cdc8f38ae4}; !- Outlet Port

OS:Node,
  {4b85a0c1-0ccf-4d1b-b3bd-e94fe9de8616}, !- Handle
  Node 4,                                 !- Name
  {aef119f6-1700-4e04-850b-a2176c7b666a}, !- Inlet Port
  {8227e587-7954-4c27-a541-ee7316746aee}; !- Outlet Port

OS:Connection,
  {c701455a-df09-48da-b170-e4c972f840f3}, !- Handle
  {b8b690dd-8cd2-4547-9387-948fe6730209}, !- Source Object
  9,                                      !- Outlet Port
  {eba89654-aaca-4357-a1ad-c1e66135ffaf}, !- Target Object
  2;                                      !- Inlet Port

OS:Connection,
  {8227e587-7954-4c27-a541-ee7316746aee}, !- Handle
  {4b85a0c1-0ccf-4d1b-b3bd-e94fe9de8616}, !- Source Object
  3,                                      !- Outlet Port
  {b8b690dd-8cd2-4547-9387-948fe6730209}, !- Target Object
  12;                                     !- Inlet Port

OS:Node,
  {40248412-b159-4bf9-8886-618eaa0cdde6}, !- Handle
  Node 5,                                 !- Name
  {8c6a3dc1-0933-4655-94ab-b67060e63ccd}, !- Inlet Port
  {401137f9-8af0-4619-884a-5ec8819e9512}; !- Outlet Port

OS:Node,
  {81133122-0275-40db-b18c-44bf908cc41d}, !- Handle
  Node 6,                                 !- Name
  {8d03299b-9219-4b1b-a4be-30ccd29236eb}, !- Inlet Port
  {4a851ac4-77da-4723-bd21-b1ef30506929}; !- Outlet Port

OS:Node,
  {3388776f-1fbc-4f20-969d-dbbaeeca45bb}, !- Handle
  Node 7,                                 !- Name
  {265bd079-46c1-4733-ba9f-db4148e43c6e}, !- Inlet Port
  {6845c3fb-001c-4aae-9285-b829f66f4c76}; !- Outlet Port

OS:Connection,
  {8c6a3dc1-0933-4655-94ab-b67060e63ccd}, !- Handle
  {b8b690dd-8cd2-4547-9387-948fe6730209}, !- Source Object
  11,                                     !- Outlet Port
  {40248412-b159-4bf9-8886-618eaa0cdde6}, !- Target Object
  2;                                      !- Inlet Port

OS:Connection,
  {4a851ac4-77da-4723-bd21-b1ef30506929}, !- Handle
  {81133122-0275-40db-b18c-44bf908cc41d}, !- Source Object
  3,                                      !- Outlet Port
  {b8b690dd-8cd2-4547-9387-948fe6730209}, !- Target Object
  10;                                     !- Inlet Port

OS:AirLoopHVAC:ZoneSplitter,
  {4444afe9-2c37-4701-8370-3e8a30abe310}, !- Handle
  central ac and furnace zone splitter,   !- Name
  {401137f9-8af0-4619-884a-5ec8819e9512}, !- Inlet Node Name
  {091f9822-e979-4caf-bd42-143b13d01a16}; !- Outlet Node Name 1

OS:AirLoopHVAC:ZoneMixer,
  {1a11ba45-ae45-4340-b5b2-8d3da140c62d}, !- Handle
  central ac and furnace zone mixer,      !- Name
  {8d03299b-9219-4b1b-a4be-30ccd29236eb}, !- Outlet Node Name
  {6965dfc8-f9d7-4565-b3ed-da3552191e4a}; !- Inlet Node Name 1

OS:Connection,
  {401137f9-8af0-4619-884a-5ec8819e9512}, !- Handle
  {40248412-b159-4bf9-8886-618eaa0cdde6}, !- Source Object
  3,                                      !- Outlet Port
  {4444afe9-2c37-4701-8370-3e8a30abe310}, !- Target Object
  2;                                      !- Inlet Port

OS:Connection,
  {8d03299b-9219-4b1b-a4be-30ccd29236eb}, !- Handle
  {1a11ba45-ae45-4340-b5b2-8d3da140c62d}, !- Source Object
  2,                                      !- Outlet Port
  {81133122-0275-40db-b18c-44bf908cc41d}, !- Target Object
  2;                                      !- Inlet Port

OS:Sizing:System,
  {628a54bc-0bd1-4ace-b15d-97ebd38f93b4}, !- Handle
  {b8b690dd-8cd2-4547-9387-948fe6730209}, !- AirLoop Name
  ,                                       !- Type of Load to Size On
  ,                                       !- Design Outdoor Air Flow Rate {m3/s}
  0.3,                                    !- Central Heating Maximum System Air Flow Ratio
  7,                                      !- Preheat Design Temperature {C}
  0.008,                                  !- Preheat Design Humidity Ratio {kg-H2O/kg-Air}
  12.8,                                   !- Precool Design Temperature {C}
  0.008,                                  !- Precool Design Humidity Ratio {kg-H2O/kg-Air}
  12.8,                                   !- Central Cooling Design Supply Air Temperature {C}
  16.7,                                   !- Central Heating Design Supply Air Temperature {C}
  ,                                       !- Sizing Option
  Yes,                                    !- 100% Outdoor Air in Cooling
  Yes,                                    !- 100% Outdoor Air in Heating
  0.0085,                                 !- Central Cooling Design Supply Air Humidity Ratio {kg-H2O/kg-Air}
  ,                                       !- Central Heating Design Supply Air Humidity Ratio {kg-H2O/kg-Air}
  ,                                       !- Cooling Design Air Flow Method
  ,                                       !- Cooling Design Air Flow Rate {m3/s}
  ,                                       !- Heating Design Air Flow Method
  ,                                       !- Heating Design Air Flow Rate {m3/s}
  ,                                       !- System Outdoor Air Method
  1,                                      !- Zone Maximum Outdoor Air Fraction {dimensionless}
  0.0099676501,                           !- Cooling Supply Air Flow Rate Per Floor Area {m3/s-m2}
  1,                                      !- Cooling Fraction of Autosized Cooling Supply Air Flow Rate
  3.9475456e-05,                          !- Cooling Supply Air Flow Rate Per Unit Cooling Capacity {m3/s-W}
  0.0099676501,                           !- Heating Supply Air Flow Rate Per Floor Area {m3/s-m2}
  1,                                      !- Heating Fraction of Autosized Heating Supply Air Flow Rate
  1,                                      !- Heating Fraction of Autosized Cooling Supply Air Flow Rate
  3.1588213e-05,                          !- Heating Supply Air Flow Rate Per Unit Heating Capacity {m3/s-W}
  CoolingDesignCapacity,                  !- Cooling Design Capacity Method
  autosize,                               !- Cooling Design Capacity {W}
  234.7,                                  !- Cooling Design Capacity Per Floor Area {W/m2}
  1,                                      !- Fraction of Autosized Cooling Design Capacity
  HeatingDesignCapacity,                  !- Heating Design Capacity Method
  autosize,                               !- Heating Design Capacity {W}
  157,                                    !- Heating Design Capacity Per Floor Area {W/m2}
  1,                                      !- Fraction of Autosized Heating Design Capacity
  OnOff,                                  !- Central Cooling Capacity Control Method
  autosize;                               !- Occupant Diversity

OS:AvailabilityManagerAssignmentList,
  {6e40ffeb-270d-4009-9352-dd114abc97c6}, !- Handle
  Air Loop HVAC 1 AvailabilityManagerAssignmentList; !- Name

OS:Connection,
  {aa94ee1f-f523-447b-b525-75cdc8f38ae4}, !- Handle
  {eba89654-aaca-4357-a1ad-c1e66135ffaf}, !- Source Object
  3,                                      !- Outlet Port
  {86f70181-5835-417d-9306-5ef30b08e18a}, !- Target Object
  6;                                      !- Inlet Port

OS:Connection,
  {aef119f6-1700-4e04-850b-a2176c7b666a}, !- Handle
  {86f70181-5835-417d-9306-5ef30b08e18a}, !- Source Object
  7,                                      !- Outlet Port
  {4b85a0c1-0ccf-4d1b-b3bd-e94fe9de8616}, !- Target Object
  2;                                      !- Inlet Port

OS:AirTerminal:SingleDuct:ConstantVolume:NoReheat,
  {51d5a7d4-3abb-4406-9df6-d18196821308}, !- Handle
  central ac and furnace terminal,        !- Name
  {edbd5a82-32b8-4aeb-b9a3-751c9bffe552}, !- Availability Schedule Name
  {3ba9d0e4-8c11-4af0-8dea-710ab6db2e6d}, !- Air Inlet Node Name
  {265bd079-46c1-4733-ba9f-db4148e43c6e}, !- Air Outlet Node Name
  0.5677527741696;                        !- Maximum Air Flow Rate {m3/s}

OS:Node,
  {224113af-5017-4ad3-a233-9cb09b672bd4}, !- Handle
  Node 8,                                 !- Name
  {223469c9-c617-4ba6-9a14-8b8fe54d02be}, !- Inlet Port
  {57bcfcab-e5db-427e-84c9-8a13b118d9dc}; !- Outlet Port

OS:Connection,
  {6845c3fb-001c-4aae-9285-b829f66f4c76}, !- Handle
  {3388776f-1fbc-4f20-969d-dbbaeeca45bb}, !- Source Object
  3,                                      !- Outlet Port
  {5a55514d-0958-408d-9315-c05085873fab}, !- Target Object
  2;                                      !- Inlet Port

OS:Connection,
  {223469c9-c617-4ba6-9a14-8b8fe54d02be}, !- Handle
  {337531eb-c922-44b5-baa4-454fffce78ee}, !- Source Object
  2,                                      !- Outlet Port
  {224113af-5017-4ad3-a233-9cb09b672bd4}, !- Target Object
  2;                                      !- Inlet Port

OS:Node,
  {b26aa949-8aca-4d29-aed5-8ade09ea4340}, !- Handle
  Node 9,                                 !- Name
  {091f9822-e979-4caf-bd42-143b13d01a16}, !- Inlet Port
  {3ba9d0e4-8c11-4af0-8dea-710ab6db2e6d}; !- Outlet Port

OS:Connection,
  {091f9822-e979-4caf-bd42-143b13d01a16}, !- Handle
  {4444afe9-2c37-4701-8370-3e8a30abe310}, !- Source Object
  3,                                      !- Outlet Port
  {b26aa949-8aca-4d29-aed5-8ade09ea4340}, !- Target Object
  2;                                      !- Inlet Port

OS:Connection,
  {3ba9d0e4-8c11-4af0-8dea-710ab6db2e6d}, !- Handle
  {b26aa949-8aca-4d29-aed5-8ade09ea4340}, !- Source Object
  3,                                      !- Outlet Port
  {51d5a7d4-3abb-4406-9df6-d18196821308}, !- Target Object
  3;                                      !- Inlet Port

OS:Connection,
  {265bd079-46c1-4733-ba9f-db4148e43c6e}, !- Handle
  {51d5a7d4-3abb-4406-9df6-d18196821308}, !- Source Object
  4,                                      !- Outlet Port
  {3388776f-1fbc-4f20-969d-dbbaeeca45bb}, !- Target Object
  2;                                      !- Inlet Port

OS:Schedule:Constant,
  {44544934-b12b-4b49-9b1b-4b774e93c919}, !- Handle
  Sequential Fraction Schedule,           !- Name
  {1f9c1b66-c7e4-4941-a342-bc041ffed04e}, !- Schedule Type Limits Name
  1;                                      !- Value

OS:Schedule:Constant,
  {53710e7d-5dd9-4732-ad31-0b9c9af90fab}, !- Handle
  Sequential Fraction Schedule 1,         !- Name
  {1f9c1b66-c7e4-4941-a342-bc041ffed04e}, !- Schedule Type Limits Name
  1;                                      !- Value

OS:Schedule:File,
  {801488c9-abee-43fd-a5af-3bdc0bfbd65b}, !- Handle
  ceiling_fan,                            !- Name
  {1f9c1b66-c7e4-4941-a342-bc041ffed04e}, !- Schedule Type Limits Name
  {d6bc09d2-a59e-4974-8ab3-a422e4039702}, !- External File Name
  8,                                      !- Column Number
  1,                                      !- Rows to Skip at Top
  8760,                                   !- Number of Hours of Data
  ,                                       !- Column Separator
  ,                                       !- Interpolate to Timestep
  15,                                     !- Minutes per Item
  ,                                       !- Adjust Schedule for Daylight Savings
  Yes;                                    !- Translate File With Relative Path

OS:ElectricEquipment:Definition,
  {d84a25cf-37d8-4816-bd39-0e8d4b354be9}, !- Handle
  ceiling fan,                            !- Name
  EquipmentLevel,                         !- Design Level Calculation Method
  17.0091275758436,                       !- Design Level {W}
  ,                                       !- Watts per Space Floor Area {W/m2}
  ,                                       !- Watts per Person {W/person}
  0,                                      !- Fraction Latent
  0.558,                                  !- Fraction Radiant
  0;                                      !- Fraction Lost

OS:ElectricEquipment,
  {540bc4c9-2f4c-4c35-958c-e8383c956e60}, !- Handle
  ceiling fan,                            !- Name
  {d84a25cf-37d8-4816-bd39-0e8d4b354be9}, !- Electric Equipment Definition Name
  {cb606522-7303-4dfc-8a2c-5a86dab76d10}, !- Space or SpaceType Name
  {801488c9-abee-43fd-a5af-3bdc0bfbd65b}, !- Schedule Name
  ,                                       !- Multiplier
  ceiling fan;                            !- End-Use Subcategory

OS:PlantLoop,
  {d6f488f3-8570-4d26-aec0-22aa2799d5be}, !- Handle
  dhw loop,                               !- Name
  ,                                       !- Fluid Type
  0,                                      !- Glycol Concentration
  ,                                       !- User Defined Fluid Type
  ,                                       !- Plant Equipment Operation Heating Load
  ,                                       !- Plant Equipment Operation Cooling Load
  ,                                       !- Primary Plant Equipment Operation Scheme
  {f3dae5a2-8af7-44cd-84ee-26e36395e838}, !- Loop Temperature Setpoint Node Name
  ,                                       !- Maximum Loop Temperature {C}
  ,                                       !- Minimum Loop Temperature {C}
  0.01,                                   !- Maximum Loop Flow Rate {m3/s}
  ,                                       !- Minimum Loop Flow Rate {m3/s}
  0.003,                                  !- Plant Loop Volume {m3}
  {d0db1269-536f-4140-895f-3c873804a62c}, !- Plant Side Inlet Node Name
  {06efd597-6ffe-486f-8b91-302b06287193}, !- Plant Side Outlet Node Name
  ,                                       !- Plant Side Branch List Name
  {c5007f45-98d8-4b19-95f9-86257954a728}, !- Demand Side Inlet Node Name
  {e8eead8d-f2d2-49bb-a3d3-b16def212416}, !- Demand Side Outlet Node Name
  ,                                       !- Demand Side Branch List Name
  ,                                       !- Demand Side Connector List Name
  Optimal,                                !- Load Distribution Scheme
  {92183893-dd77-490b-ae4f-88b8266e49c5}, !- Availability Manager List Name
  ,                                       !- Plant Loop Demand Calculation Scheme
  ,                                       !- Common Pipe Simulation
  ,                                       !- Pressure Simulation Type
  ,                                       !- Plant Equipment Operation Heating Load Schedule
  ,                                       !- Plant Equipment Operation Cooling Load Schedule
  ,                                       !- Primary Plant Equipment Operation Scheme Schedule
  ,                                       !- Component Setpoint Operation Scheme Schedule
  {cbe2d18d-23d8-4f26-b360-9e0dc87c2ea6}, !- Demand Mixer Name
  {e67d7be1-37c7-4a95-8456-0760bbea831c}, !- Demand Splitter Name
  {8fbdbe53-89f6-47c9-8946-357dfc21f3b2}, !- Supply Mixer Name
  {34f11b41-aeb0-4a65-8179-684446b24fd9}; !- Supply Splitter Name

OS:Node,
  {79f654e9-e9a1-43ae-8b40-1a8b3df2988a}, !- Handle
  Node 10,                                !- Name
  {d0db1269-536f-4140-895f-3c873804a62c}, !- Inlet Port
  {f99cbb6e-71fc-4434-8f64-47b4b1954685}; !- Outlet Port

OS:Node,
  {f3dae5a2-8af7-44cd-84ee-26e36395e838}, !- Handle
  Node 11,                                !- Name
  {9712e541-48e1-4810-90e2-f67c973cfba5}, !- Inlet Port
  {06efd597-6ffe-486f-8b91-302b06287193}; !- Outlet Port

OS:Node,
  {bd3f3817-410e-45b9-aed3-822b85952960}, !- Handle
  Node 12,                                !- Name
  {c8bb383f-aa3e-42ea-b2f3-091c5e7c455a}, !- Inlet Port
  {a88b2cd0-2d3c-4e4a-a117-e34c89164b96}; !- Outlet Port

OS:Connector:Mixer,
  {8fbdbe53-89f6-47c9-8946-357dfc21f3b2}, !- Handle
  Connector Mixer 1,                      !- Name
  {1930ee7f-4f8d-4922-83a1-deea83a6f186}, !- Outlet Branch Name
  {16844c6e-158f-4f0d-9416-b88c3dc8e26e}, !- Inlet Branch Name 1
  {9dfa4587-46d0-44e5-af16-88575dbcabe1}; !- Inlet Branch Name 2

OS:Connector:Splitter,
  {34f11b41-aeb0-4a65-8179-684446b24fd9}, !- Handle
  Connector Splitter 1,                   !- Name
  {dcf38519-d030-4a6b-b900-f010fb0a6e70}, !- Inlet Branch Name
  {c8bb383f-aa3e-42ea-b2f3-091c5e7c455a}, !- Outlet Branch Name 1
  {4104f750-83c5-40f0-b8aa-acd0dfee1dbf}; !- Outlet Branch Name 2

OS:Connection,
  {d0db1269-536f-4140-895f-3c873804a62c}, !- Handle
  {d6f488f3-8570-4d26-aec0-22aa2799d5be}, !- Source Object
  14,                                     !- Outlet Port
  {79f654e9-e9a1-43ae-8b40-1a8b3df2988a}, !- Target Object
  2;                                      !- Inlet Port

OS:Connection,
  {c8bb383f-aa3e-42ea-b2f3-091c5e7c455a}, !- Handle
  {34f11b41-aeb0-4a65-8179-684446b24fd9}, !- Source Object
  3,                                      !- Outlet Port
  {bd3f3817-410e-45b9-aed3-822b85952960}, !- Target Object
  2;                                      !- Inlet Port

OS:Connection,
  {06efd597-6ffe-486f-8b91-302b06287193}, !- Handle
  {f3dae5a2-8af7-44cd-84ee-26e36395e838}, !- Source Object
  3,                                      !- Outlet Port
  {d6f488f3-8570-4d26-aec0-22aa2799d5be}, !- Target Object
  15;                                     !- Inlet Port

OS:Node,
  {fd3bfddb-899d-4ff8-b267-ce9a511e728b}, !- Handle
  Node 13,                                !- Name
  {c5007f45-98d8-4b19-95f9-86257954a728}, !- Inlet Port
  {e0b0ff52-cb8a-437b-8346-a7d67e66477f}; !- Outlet Port

OS:Node,
  {7c0e678c-c380-420c-ad8d-8f0e22ee66e8}, !- Handle
  Node 14,                                !- Name
  {1a9263af-bf49-42bf-ad2e-8d3f25d0862c}, !- Inlet Port
  {e8eead8d-f2d2-49bb-a3d3-b16def212416}; !- Outlet Port

OS:Node,
  {0f600973-7f47-4e00-87bd-e3296a880e34}, !- Handle
  Node 15,                                !- Name
  {389bba8d-9551-4fd3-8931-7671b23f359e}, !- Inlet Port
  {1a2cc672-aa24-4c86-bf20-ac6a1dd0444b}; !- Outlet Port

OS:Connector:Mixer,
  {cbe2d18d-23d8-4f26-b360-9e0dc87c2ea6}, !- Handle
  Connector Mixer 2,                      !- Name
  {1a9263af-bf49-42bf-ad2e-8d3f25d0862c}, !- Outlet Branch Name
  {d8f31d1c-b07e-40b3-a459-0acf95c9264a}; !- Inlet Branch Name 1

OS:Connector:Splitter,
  {e67d7be1-37c7-4a95-8456-0760bbea831c}, !- Handle
  Connector Splitter 2,                   !- Name
  {e0b0ff52-cb8a-437b-8346-a7d67e66477f}, !- Inlet Branch Name
  {389bba8d-9551-4fd3-8931-7671b23f359e}; !- Outlet Branch Name 1

OS:Connection,
  {c5007f45-98d8-4b19-95f9-86257954a728}, !- Handle
  {d6f488f3-8570-4d26-aec0-22aa2799d5be}, !- Source Object
  17,                                     !- Outlet Port
  {fd3bfddb-899d-4ff8-b267-ce9a511e728b}, !- Target Object
  2;                                      !- Inlet Port

OS:Connection,
  {e0b0ff52-cb8a-437b-8346-a7d67e66477f}, !- Handle
  {fd3bfddb-899d-4ff8-b267-ce9a511e728b}, !- Source Object
  3,                                      !- Outlet Port
  {e67d7be1-37c7-4a95-8456-0760bbea831c}, !- Target Object
  2;                                      !- Inlet Port

OS:Connection,
  {389bba8d-9551-4fd3-8931-7671b23f359e}, !- Handle
  {e67d7be1-37c7-4a95-8456-0760bbea831c}, !- Source Object
  3,                                      !- Outlet Port
  {0f600973-7f47-4e00-87bd-e3296a880e34}, !- Target Object
  2;                                      !- Inlet Port

OS:Connection,
  {1a9263af-bf49-42bf-ad2e-8d3f25d0862c}, !- Handle
  {cbe2d18d-23d8-4f26-b360-9e0dc87c2ea6}, !- Source Object
  2,                                      !- Outlet Port
  {7c0e678c-c380-420c-ad8d-8f0e22ee66e8}, !- Target Object
  2;                                      !- Inlet Port

OS:Connection,
  {e8eead8d-f2d2-49bb-a3d3-b16def212416}, !- Handle
  {7c0e678c-c380-420c-ad8d-8f0e22ee66e8}, !- Source Object
  3,                                      !- Outlet Port
  {d6f488f3-8570-4d26-aec0-22aa2799d5be}, !- Target Object
  18;                                     !- Inlet Port

OS:Sizing:Plant,
  {1c3d3af9-d534-4016-9444-3a0911747473}, !- Handle
  {d6f488f3-8570-4d26-aec0-22aa2799d5be}, !- Plant or Condenser Loop Name
  Heating,                                !- Loop Type
  52.6666666666667,                       !- Design Loop Exit Temperature {C}
  5.55555555555556,                       !- Loop Design Temperature Difference {deltaC}
  NonCoincident,                          !- Sizing Option
  1,                                      !- Zone Timesteps in Averaging Window
  None;                                   !- Coincident Sizing Factor Mode

OS:AvailabilityManagerAssignmentList,
  {92183893-dd77-490b-ae4f-88b8266e49c5}, !- Handle
  Plant Loop 1 AvailabilityManagerAssignmentList; !- Name

OS:Pipe:Adiabatic,
  {d0717db4-12e1-4b1a-ad3d-8ae702da392f}, !- Handle
  Pipe Adiabatic 1,                       !- Name
  {a88b2cd0-2d3c-4e4a-a117-e34c89164b96}, !- Inlet Node Name
  {06f0ad8e-5c04-4073-9d94-325584f4278d}; !- Outlet Node Name

OS:Pipe:Adiabatic,
  {f34b812a-0d62-4d63-a9b5-f8865634c1c6}, !- Handle
  Pipe Adiabatic 2,                       !- Name
  {6657d4a6-2689-413c-afeb-d4067abad39c}, !- Inlet Node Name
  {9712e541-48e1-4810-90e2-f67c973cfba5}; !- Outlet Node Name

OS:Node,
  {c7440e53-5eb2-4097-a07c-0b474484bc0d}, !- Handle
  Node 16,                                !- Name
  {06f0ad8e-5c04-4073-9d94-325584f4278d}, !- Inlet Port
  {16844c6e-158f-4f0d-9416-b88c3dc8e26e}; !- Outlet Port

OS:Connection,
  {a88b2cd0-2d3c-4e4a-a117-e34c89164b96}, !- Handle
  {bd3f3817-410e-45b9-aed3-822b85952960}, !- Source Object
  3,                                      !- Outlet Port
  {d0717db4-12e1-4b1a-ad3d-8ae702da392f}, !- Target Object
  2;                                      !- Inlet Port

OS:Connection,
  {06f0ad8e-5c04-4073-9d94-325584f4278d}, !- Handle
  {d0717db4-12e1-4b1a-ad3d-8ae702da392f}, !- Source Object
  3,                                      !- Outlet Port
  {c7440e53-5eb2-4097-a07c-0b474484bc0d}, !- Target Object
  2;                                      !- Inlet Port

OS:Connection,
  {16844c6e-158f-4f0d-9416-b88c3dc8e26e}, !- Handle
  {c7440e53-5eb2-4097-a07c-0b474484bc0d}, !- Source Object
  3,                                      !- Outlet Port
  {8fbdbe53-89f6-47c9-8946-357dfc21f3b2}, !- Target Object
  3;                                      !- Inlet Port

OS:Node,
  {a376257a-73a4-43fc-ab03-85c0eab6ea15}, !- Handle
  Node 17,                                !- Name
  {1930ee7f-4f8d-4922-83a1-deea83a6f186}, !- Inlet Port
  {6657d4a6-2689-413c-afeb-d4067abad39c}; !- Outlet Port

OS:Connection,
  {1930ee7f-4f8d-4922-83a1-deea83a6f186}, !- Handle
  {8fbdbe53-89f6-47c9-8946-357dfc21f3b2}, !- Source Object
  2,                                      !- Outlet Port
  {a376257a-73a4-43fc-ab03-85c0eab6ea15}, !- Target Object
  2;                                      !- Inlet Port

OS:Connection,
  {6657d4a6-2689-413c-afeb-d4067abad39c}, !- Handle
  {a376257a-73a4-43fc-ab03-85c0eab6ea15}, !- Source Object
  3,                                      !- Outlet Port
  {f34b812a-0d62-4d63-a9b5-f8865634c1c6}, !- Target Object
  2;                                      !- Inlet Port

OS:Connection,
  {9712e541-48e1-4810-90e2-f67c973cfba5}, !- Handle
  {f34b812a-0d62-4d63-a9b5-f8865634c1c6}, !- Source Object
  3,                                      !- Outlet Port
  {f3dae5a2-8af7-44cd-84ee-26e36395e838}, !- Target Object
  2;                                      !- Inlet Port

OS:Pump:VariableSpeed,
  {997b5ceb-9720-4767-a7cb-b73d40a33d0c}, !- Handle
  Pump Variable Speed 1,                  !- Name
  {f99cbb6e-71fc-4434-8f64-47b4b1954685}, !- Inlet Node Name
  {fe0ba340-e2e1-41ed-9ad7-ee590d90c6ef}, !- Outlet Node Name
  0.01,                                   !- Rated Flow Rate {m3/s}
  1,                                      !- Rated Pump Head {Pa}
  0,                                      !- Rated Power Consumption {W}
  1,                                      !- Motor Efficiency
  0,                                      !- Fraction of Motor Inefficiencies to Fluid Stream
  0,                                      !- Coefficient 1 of the Part Load Performance Curve
  1,                                      !- Coefficient 2 of the Part Load Performance Curve
  0,                                      !- Coefficient 3 of the Part Load Performance Curve
  0,                                      !- Coefficient 4 of the Part Load Performance Curve
  ,                                       !- Minimum Flow Rate {m3/s}
  Intermittent,                           !- Pump Control Type
  ,                                       !- Pump Flow Rate Schedule Name
  ,                                       !- Pump Curve Name
  ,                                       !- Impeller Diameter {m}
  ,                                       !- VFD Control Type
  ,                                       !- Pump RPM Schedule Name
  ,                                       !- Minimum Pressure Schedule {Pa}
  ,                                       !- Maximum Pressure Schedule {Pa}
  ,                                       !- Minimum RPM Schedule {rev/min}
  ,                                       !- Maximum RPM Schedule {rev/min}
  ,                                       !- Zone Name
  0.5,                                    !- Skin Loss Radiative Fraction
  PowerPerFlowPerPressure,                !- Design Power Sizing Method
  348701.1,                               !- Design Electric Power per Unit Flow Rate {W/(m3/s)}
  1.282051282,                            !- Design Shaft Power per Unit Flow Rate per Unit Head {W-s/m3-Pa}
  0,                                      !- Design Minimum Flow Rate Fraction
  General;                                !- End-Use Subcategory

OS:Node,
  {29611b71-c3a2-4483-9e54-8455138b5fe0}, !- Handle
  Node 18,                                !- Name
  {fe0ba340-e2e1-41ed-9ad7-ee590d90c6ef}, !- Inlet Port
  {dcf38519-d030-4a6b-b900-f010fb0a6e70}; !- Outlet Port

OS:Connection,
  {f99cbb6e-71fc-4434-8f64-47b4b1954685}, !- Handle
  {79f654e9-e9a1-43ae-8b40-1a8b3df2988a}, !- Source Object
  3,                                      !- Outlet Port
  {997b5ceb-9720-4767-a7cb-b73d40a33d0c}, !- Target Object
  2;                                      !- Inlet Port

OS:Connection,
  {fe0ba340-e2e1-41ed-9ad7-ee590d90c6ef}, !- Handle
  {997b5ceb-9720-4767-a7cb-b73d40a33d0c}, !- Source Object
  3,                                      !- Outlet Port
  {29611b71-c3a2-4483-9e54-8455138b5fe0}, !- Target Object
  2;                                      !- Inlet Port

OS:Connection,
  {dcf38519-d030-4a6b-b900-f010fb0a6e70}, !- Handle
  {29611b71-c3a2-4483-9e54-8455138b5fe0}, !- Source Object
  3,                                      !- Outlet Port
  {34f11b41-aeb0-4a65-8179-684446b24fd9}, !- Target Object
  2;                                      !- Inlet Port

OS:Schedule:Constant,
  {9c75d195-9dc2-4c39-9d05-e4366ace515c}, !- Handle
  dhw temp,                               !- Name
  {6ea8c71a-525b-4094-80e1-6cc734b13289}, !- Schedule Type Limits Name
  52.6666666666667;                       !- Value

OS:SetpointManager:Scheduled,
  {79e01294-3762-4d59-aaad-3299268bcfc4}, !- Handle
  Setpoint Manager Scheduled 1,           !- Name
  Temperature,                            !- Control Variable
  {9c75d195-9dc2-4c39-9d05-e4366ace515c}, !- Schedule Name
  {f3dae5a2-8af7-44cd-84ee-26e36395e838}; !- Setpoint Node or NodeList Name

OS:WaterHeater:Mixed,
  {c1f71a7d-15b0-4e4d-b9f8-24c79d1b3a56}, !- Handle
  water heater,                           !- Name
  0.143845647790854,                      !- Tank Volume {m3}
  {3d383dee-938e-419a-8a68-676356d0bdac}, !- Setpoint Temperature Schedule Name
  2,                                      !- Deadband Temperature Difference {deltaC}
  99,                                     !- Maximum Temperature Limit {C}
  Cycle,                                  !- Heater Control Type
  10550.5585262,                          !- Heater Maximum Capacity {W}
  0,                                      !- Heater Minimum Capacity {W}
  ,                                       !- Heater Ignition Minimum Flow Rate {m3/s}
  ,                                       !- Heater Ignition Delay {s}
  NaturalGas,                             !- Heater Fuel Type
  0.774905376164136,                      !- Heater Thermal Efficiency
  ,                                       !- Part Load Factor Curve Name
  0,                                      !- Off Cycle Parasitic Fuel Consumption Rate {W}
  Electricity,                            !- Off Cycle Parasitic Fuel Type
  0,                                      !- Off Cycle Parasitic Heat Fraction to Tank
  0,                                      !- On Cycle Parasitic Fuel Consumption Rate {W}
  Electricity,                            !- On Cycle Parasitic Fuel Type
  0,                                      !- On Cycle Parasitic Heat Fraction to Tank
  ThermalZone,                            !- Ambient Temperature Indicator
  ,                                       !- Ambient Temperature Schedule Name
  {f33eefb7-352c-4690-abbe-5016b3fdcf05}, !- Ambient Temperature Thermal Zone Name
  ,                                       !- Ambient Temperature Outdoor Air Node Name
  4.19337916084354,                       !- Off Cycle Loss Coefficient to Ambient Temperature {W/K}
  0.64,                                   !- Off Cycle Loss Fraction to Thermal Zone
  4.19337916084354,                       !- On Cycle Loss Coefficient to Ambient Temperature {W/K}
  1,                                      !- On Cycle Loss Fraction to Thermal Zone
  ,                                       !- Peak Use Flow Rate {m3/s}
  ,                                       !- Use Flow Rate Fraction Schedule Name
  ,                                       !- Cold Water Supply Temperature Schedule Name
  {274140f8-7d5c-4ed2-8cb4-7f76643738f9}, !- Use Side Inlet Node Name
  {a7fb3325-22f2-409d-a66a-e08ecf9379a7}, !- Use Side Outlet Node Name
  1,                                      !- Use Side Effectiveness
  ,                                       !- Source Side Inlet Node Name
  ,                                       !- Source Side Outlet Node Name
  1,                                      !- Source Side Effectiveness
  autosize,                               !- Use Side Design Flow Rate {m3/s}
  autosize,                               !- Source Side Design Flow Rate {m3/s}
  1.5,                                    !- Indirect Water Heating Recovery Time {hr}
  IndirectHeatPrimarySetpoint,            !- Source Side Flow Control Mode
  ,                                       !- Indirect Alternate Setpoint Temperature Schedule Name
  General;                                !- End-Use Subcategory

OS:WaterHeater:Sizing,
  {8047e021-4631-4739-96a3-b2293e42b154}, !- Handle
  {c1f71a7d-15b0-4e4d-b9f8-24c79d1b3a56}, !- WaterHeater Name
  PeakDraw,                               !- Design Mode
  0.538503,                               !- Time Storage Can Meet Peak Draw {hr}
  0,                                      !- Time for Tank Recovery {hr}
  1;                                      !- Nominal Tank Volume for Autosizing Plant Connections {m3}

OS:Schedule:Constant,
  {3d383dee-938e-419a-8a68-676356d0bdac}, !- Handle
  water heater setpoint,                  !- Name
  {6ea8c71a-525b-4094-80e1-6cc734b13289}, !- Schedule Type Limits Name
  52.6666666666667;                       !- Value

OS:AdditionalProperties,
  {d72d3959-7529-4b2a-a710-07700b7e2d97}, !- Handle
  {c1f71a7d-15b0-4e4d-b9f8-24c79d1b3a56}, !- Object Name
  HPXML_ID,                               !- Feature Name 1
  String,                                 !- Feature Data Type 1
  WaterHeatingSystem1;                    !- Feature Value 1

OS:Node,
  {0acdca2d-9557-472c-8dbe-5eb9453e027c}, !- Handle
  Node 19,                                !- Name
  {4104f750-83c5-40f0-b8aa-acd0dfee1dbf}, !- Inlet Port
  {274140f8-7d5c-4ed2-8cb4-7f76643738f9}; !- Outlet Port

OS:Connection,
  {4104f750-83c5-40f0-b8aa-acd0dfee1dbf}, !- Handle
  {34f11b41-aeb0-4a65-8179-684446b24fd9}, !- Source Object
  4,                                      !- Outlet Port
  {0acdca2d-9557-472c-8dbe-5eb9453e027c}, !- Target Object
  2;                                      !- Inlet Port

OS:Node,
  {6f0a91d5-3b84-42e0-b67f-7fa0014694d0}, !- Handle
  Node 20,                                !- Name
  {a7fb3325-22f2-409d-a66a-e08ecf9379a7}, !- Inlet Port
  {9dfa4587-46d0-44e5-af16-88575dbcabe1}; !- Outlet Port

OS:Connection,
  {274140f8-7d5c-4ed2-8cb4-7f76643738f9}, !- Handle
  {0acdca2d-9557-472c-8dbe-5eb9453e027c}, !- Source Object
  3,                                      !- Outlet Port
  {c1f71a7d-15b0-4e4d-b9f8-24c79d1b3a56}, !- Target Object
  31;                                     !- Inlet Port

OS:Connection,
  {a7fb3325-22f2-409d-a66a-e08ecf9379a7}, !- Handle
  {c1f71a7d-15b0-4e4d-b9f8-24c79d1b3a56}, !- Source Object
  32,                                     !- Outlet Port
  {6f0a91d5-3b84-42e0-b67f-7fa0014694d0}, !- Target Object
  2;                                      !- Inlet Port

OS:Connection,
  {9dfa4587-46d0-44e5-af16-88575dbcabe1}, !- Handle
  {6f0a91d5-3b84-42e0-b67f-7fa0014694d0}, !- Source Object
  3,                                      !- Outlet Port
  {8fbdbe53-89f6-47c9-8946-357dfc21f3b2}, !- Target Object
  4;                                      !- Inlet Port

OS:OtherEquipment:Definition,
  {a1ccb753-764c-4aff-8103-f61fee8c77cc}, !- Handle
  water heater energy adjustment1,        !- Name
  EquipmentLevel,                         !- Design Level Calculation Method
  0.01,                                   !- Design Level {W}
  ,                                       !- Watts per Space Floor Area {W/m2}
  ,                                       !- Watts per Person {W/Person}
  0,                                      !- Fraction Latent
  0,                                      !- Fraction Radiant
  1;                                      !- Fraction Lost

OS:OtherEquipment,
  {1f0f80ac-51d3-40f5-a22d-5b3aeffc5bbe}, !- Handle
  water heater energy adjustment1,        !- Name
  {a1ccb753-764c-4aff-8103-f61fee8c77cc}, !- Other Equipment Definition Name
  {cb606522-7303-4dfc-8a2c-5a86dab76d10}, !- Space or SpaceType Name
  {edbd5a82-32b8-4aeb-b9a3-751c9bffe552}, !- Schedule Name
  ,                                       !- Multiplier
  NaturalGas,                             !- Fuel Type
  water heater energy adjustment1;        !- End-Use Subcategory

OS:AdditionalProperties,
  {231ca8a9-99a4-4a76-bc8c-82f0743042af}, !- Handle
  {1f0f80ac-51d3-40f5-a22d-5b3aeffc5bbe}, !- Object Name
  HPXML_ID,                               !- Feature Name 1
  String,                                 !- Feature Data Type 1
  WaterHeatingSystem1;                    !- Feature Value 1

OS:EnergyManagementSystem:Sensor,
  {7f837ee5-35a4-4f01-b612-334cf70ed40f}, !- Handle
  water_heater_energy,                    !- Name
  water heater,                           !- Output Variable or Output Meter Index Key Name
  Water Heater NaturalGas Rate;           !- Output Variable or Output Meter Name

OS:EnergyManagementSystem:Sensor,
  {f2772d01-f835-4834-bdc5-c422207c4232}, !- Handle
  water_heater_on_cycle_parasitic,        !- Name
  water heater,                           !- Output Variable or Output Meter Index Key Name
  Water Heater On Cycle Parasitic Electricity Rate; !- Output Variable or Output Meter Name

OS:EnergyManagementSystem:Sensor,
  {79bfd620-8f4d-4400-973a-2c301caa61eb}, !- Handle
  water_heater_off_cycle_parasitic,       !- Name
  water heater,                           !- Output Variable or Output Meter Index Key Name
  Water Heater Off Cycle Parasitic Electricity Rate; !- Output Variable or Output Meter Name

OS:EnergyManagementSystem:Actuator,
  {ea91c42b-9a56-4be3-9711-b90b192628cc}, !- Handle
  water_heater_ec_adj_act,                !- Name
  {1f0f80ac-51d3-40f5-a22d-5b3aeffc5bbe}, !- Actuated Component Name
  OtherEquipment,                         !- Actuated Component Type
  Power Level,                            !- Actuated Component Control Type
  {cb606522-7303-4dfc-8a2c-5a86dab76d10}; !- Zone or Space Name

OS:EnergyManagementSystem:Program,
  {3f480a80-96ad-4f38-9b21-cda020f73136}, !- Handle
  water_heater_EC_adj,                    !- Name
  Set dhw_e_cons = water_heater_energy + water_heater_on_cycle_parasitic + water_heater_off_cycle_parasitic, !- Program Line 1
  Set water_heater_ec_adj_act = 0.0 * dhw_e_cons / 1; !- Program Line 2

OS:EnergyManagementSystem:ProgramCallingManager,
  {d52adde8-4c15-44c5-b495-be00233a63be}, !- Handle
  water heater EC_adj ProgramManager,     !- Name
  EndOfSystemTimestepBeforeHVACReporting, !- EnergyPlus Model Calling Point
  {3f480a80-96ad-4f38-9b21-cda020f73136}; !- Program Name 1

OS:WaterUse:Connections,
  {e59f2b32-7c11-4672-915a-bf9c6b2e4847}, !- Handle
  Water Use Connections 1,                !- Name
  {1a2cc672-aa24-4c86-bf20-ac6a1dd0444b}, !- Inlet Node Name
  {30b944bd-ab0c-469d-8b8e-47f870ef4de4}, !- Outlet Node Name
  ,                                       !- Supply Water Storage Tank Name
  ,                                       !- Reclamation Water Storage Tank Name
  ,                                       !- Hot Water Supply Temperature Schedule Name
  ,                                       !- Cold Water Supply Temperature Schedule Name
  None,                                   !- Drain Water Heat Exchanger Type
  Plant,                                  !- Drain Water Heat Exchanger Destination
  ,                                       !- Drain Water Heat Exchanger U-Factor Times Area {W/K}
  {0719034c-4ac0-448f-96a9-407db9c90b82}, !- Water Use Equipment Name 1
  {3ddfc814-b2b0-47f1-a5e2-ec70171ea77d}, !- Water Use Equipment Name 2
  {6ae40293-4935-4678-8729-11cd1f4c238b}, !- Water Use Equipment Name 3
  {cbe18903-5e32-4031-9bf2-85aff3b8490e}; !- Water Use Equipment Name 4

OS:AdditionalProperties,
  {eabae014-0457-4602-8a8c-f506a7506efd}, !- Handle
  {e59f2b32-7c11-4672-915a-bf9c6b2e4847}, !- Object Name
  HPXML_ID,                               !- Feature Name 1
  String,                                 !- Feature Data Type 1
  WaterHeatingSystem1;                    !- Feature Value 1

OS:Node,
  {247d228f-8fe5-4857-8a87-8437dc0dca85}, !- Handle
  Node 21,                                !- Name
  {30b944bd-ab0c-469d-8b8e-47f870ef4de4}, !- Inlet Port
  {d8f31d1c-b07e-40b3-a459-0acf95c9264a}; !- Outlet Port

OS:Connection,
  {1a2cc672-aa24-4c86-bf20-ac6a1dd0444b}, !- Handle
  {0f600973-7f47-4e00-87bd-e3296a880e34}, !- Source Object
  3,                                      !- Outlet Port
  {e59f2b32-7c11-4672-915a-bf9c6b2e4847}, !- Target Object
  2;                                      !- Inlet Port

OS:Connection,
  {30b944bd-ab0c-469d-8b8e-47f870ef4de4}, !- Handle
  {e59f2b32-7c11-4672-915a-bf9c6b2e4847}, !- Source Object
  3,                                      !- Outlet Port
  {247d228f-8fe5-4857-8a87-8437dc0dca85}, !- Target Object
  2;                                      !- Inlet Port

OS:Connection,
  {d8f31d1c-b07e-40b3-a459-0acf95c9264a}, !- Handle
  {247d228f-8fe5-4857-8a87-8437dc0dca85}, !- Source Object
  3,                                      !- Outlet Port
  {cbe2d18d-23d8-4f26-b360-9e0dc87c2ea6}, !- Target Object
  3;                                      !- Inlet Port

OS:Schedule:File,
  {cfbf8e3b-d7f2-4e12-ba51-b8d871d8dd76}, !- Handle
  clothes_washer,                         !- Name
  {1f9c1b66-c7e4-4941-a342-bc041ffed04e}, !- Schedule Type Limits Name
  {d6bc09d2-a59e-4974-8ab3-a422e4039702}, !- External File Name
  6,                                      !- Column Number
  1,                                      !- Rows to Skip at Top
  8760,                                   !- Number of Hours of Data
  ,                                       !- Column Separator
  ,                                       !- Interpolate to Timestep
  15,                                     !- Minutes per Item
  ,                                       !- Adjust Schedule for Daylight Savings
  Yes;                                    !- Translate File With Relative Path

OS:ElectricEquipment:Definition,
  {683d5783-9ff3-4a15-93b5-bd17e62c8d3f}, !- Handle
  clothes washer,                         !- Name
  EquipmentLevel,                         !- Design Level Calculation Method
  237.573118404435,                       !- Design Level {W}
  ,                                       !- Watts per Space Floor Area {W/m2}
  ,                                       !- Watts per Person {W/person}
  0.03,                                   !- Fraction Latent
  0.162,                                  !- Fraction Radiant
  0.7;                                    !- Fraction Lost

OS:ElectricEquipment,
  {9ba2601e-0e3f-42fb-bb90-f0f09019fc80}, !- Handle
  clothes washer,                         !- Name
  {683d5783-9ff3-4a15-93b5-bd17e62c8d3f}, !- Electric Equipment Definition Name
  {cb606522-7303-4dfc-8a2c-5a86dab76d10}, !- Space or SpaceType Name
  {cfbf8e3b-d7f2-4e12-ba51-b8d871d8dd76}, !- Schedule Name
  ,                                       !- Multiplier
  clothes washer;                         !- End-Use Subcategory

OS:Schedule:File,
  {a2569931-dfab-4f33-8d18-d09a587bae20}, !- Handle
  clothes_dryer,                          !- Name
  {1f9c1b66-c7e4-4941-a342-bc041ffed04e}, !- Schedule Type Limits Name
  {d6bc09d2-a59e-4974-8ab3-a422e4039702}, !- External File Name
  7,                                      !- Column Number
  1,                                      !- Rows to Skip at Top
  8760,                                   !- Number of Hours of Data
  ,                                       !- Column Separator
  ,                                       !- Interpolate to Timestep
  15,                                     !- Minutes per Item
  ,                                       !- Adjust Schedule for Daylight Savings
  Yes;                                    !- Translate File With Relative Path

OS:ElectricEquipment:Definition,
  {38418898-0652-409e-9c6a-a7edb344fdea}, !- Handle
  clothes dryer,                          !- Name
  EquipmentLevel,                         !- Design Level Calculation Method
  2873.64891388008,                       !- Design Level {W}
  ,                                       !- Watts per Space Floor Area {W/m2}
  ,                                       !- Watts per Person {W/person}
  0.015,                                  !- Fraction Latent
  0.081,                                  !- Fraction Radiant
  0.85;                                   !- Fraction Lost

OS:ElectricEquipment,
  {7cbf820d-eb27-4eb3-9a81-991395570651}, !- Handle
  clothes dryer,                          !- Name
  {38418898-0652-409e-9c6a-a7edb344fdea}, !- Electric Equipment Definition Name
  {cb606522-7303-4dfc-8a2c-5a86dab76d10}, !- Space or SpaceType Name
  {a2569931-dfab-4f33-8d18-d09a587bae20}, !- Schedule Name
  ,                                       !- Multiplier
  clothes dryer;                          !- End-Use Subcategory

OS:Schedule:File,
  {d461ccb0-ebe6-43ee-ab23-03e8c7b097df}, !- Handle
  dishwasher,                             !- Name
  {1f9c1b66-c7e4-4941-a342-bc041ffed04e}, !- Schedule Type Limits Name
  {d6bc09d2-a59e-4974-8ab3-a422e4039702}, !- External File Name
  5,                                      !- Column Number
  1,                                      !- Rows to Skip at Top
  8760,                                   !- Number of Hours of Data
  ,                                       !- Column Separator
  ,                                       !- Interpolate to Timestep
  15,                                     !- Minutes per Item
  ,                                       !- Adjust Schedule for Daylight Savings
  Yes;                                    !- Translate File With Relative Path

OS:ElectricEquipment:Definition,
  {ab9aa25f-b3e3-463b-a899-a3161504d45d}, !- Handle
  dishwasher,                             !- Name
  EquipmentLevel,                         !- Design Level Calculation Method
  1040.81397637373,                       !- Design Level {W}
  ,                                       !- Watts per Space Floor Area {W/m2}
  ,                                       !- Watts per Person {W/person}
  0.3,                                    !- Fraction Latent
  0.18,                                   !- Fraction Radiant
  0.4;                                    !- Fraction Lost

OS:ElectricEquipment,
  {dc8448ab-f09d-43f4-bbec-49d060afc56e}, !- Handle
  dishwasher,                             !- Name
  {ab9aa25f-b3e3-463b-a899-a3161504d45d}, !- Electric Equipment Definition Name
  {cb606522-7303-4dfc-8a2c-5a86dab76d10}, !- Space or SpaceType Name
  {d461ccb0-ebe6-43ee-ab23-03e8c7b097df}, !- Schedule Name
  ,                                       !- Multiplier
  dishwasher;                             !- End-Use Subcategory

OS:Schedule:Ruleset,
  {84d76806-be74-458e-94d4-0fdebe4bb45b}, !- Handle
  fridge schedule,                        !- Name
  {1f9c1b66-c7e4-4941-a342-bc041ffed04e}, !- Schedule Type Limits Name
  {aecb09b6-0b20-4995-a174-8c5a0661861d}; !- Default Day Schedule Name

OS:Schedule:Day,
  {aecb09b6-0b20-4995-a174-8c5a0661861d}, !- Handle
  fridge schedule default day,            !- Name
  {1f9c1b66-c7e4-4941-a342-bc041ffed04e}, !- Schedule Type Limits Name
  ,                                       !- Interpolate to Timestep
  24,                                     !- Hour 1
  0,                                      !- Minute 1
  0;                                      !- Value Until Time 1

OS:Schedule:Rule,
  {3ef4e599-665a-439f-8448-c8892d8dffe4}, !- Handle
  fridge schedule allday ruleset1,        !- Name
  {84d76806-be74-458e-94d4-0fdebe4bb45b}, !- Schedule Ruleset Name
  6,                                      !- Rule Order
  {36016fb8-1dd3-4e02-a3c7-c7bbccc2c405}, !- Day Schedule Name
  Yes,                                    !- Apply Sunday
  Yes,                                    !- Apply Monday
  Yes,                                    !- Apply Tuesday
  Yes,                                    !- Apply Wednesday
  Yes,                                    !- Apply Thursday
  Yes,                                    !- Apply Friday
  Yes,                                    !- Apply Saturday
  DateRange,                              !- Date Specification Type
  1,                                      !- Start Month
  1,                                      !- Start Day
  1,                                      !- End Month
  31;                                     !- End Day

OS:Schedule:Day,
  {36016fb8-1dd3-4e02-a3c7-c7bbccc2c405}, !- Handle
  fridge schedule allday1,                !- Name
  {1f9c1b66-c7e4-4941-a342-bc041ffed04e}, !- Schedule Type Limits Name
  ,                                       !- Interpolate to Timestep
  1,                                      !- Hour 1
  0,                                      !- Minute 1
  0.610948905109489,                      !- Value Until Time 1
  2,                                      !- Hour 2
  0,                                      !- Minute 2
  0.595675182481752,                      !- Value Until Time 2
  3,                                      !- Hour 3
  0,                                      !- Minute 3
  0.580401459854014,                      !- Value Until Time 3
  4,                                      !- Hour 4
  0,                                      !- Minute 4
  0.565127737226277,                      !- Value Until Time 4
  6,                                      !- Hour 5
  0,                                      !- Minute 5
  0.54985401459854,                       !- Value Until Time 5
  7,                                      !- Hour 6
  0,                                      !- Minute 6
  0.580401459854014,                      !- Value Until Time 6
  8,                                      !- Hour 7
  0,                                      !- Minute 7
  0.610948905109489,                      !- Value Until Time 7
  10,                                     !- Hour 8
  0,                                      !- Minute 8
  0.626222627737226,                      !- Value Until Time 8
  12,                                     !- Hour 9
  0,                                      !- Minute 9
  0.610948905109489,                      !- Value Until Time 9
  15,                                     !- Hour 10
  0,                                      !- Minute 10
  0.641496350364963,                      !- Value Until Time 10
  16,                                     !- Hour 11
  0,                                      !- Minute 11
  0.626222627737226,                      !- Value Until Time 11
  17,                                     !- Hour 12
  0,                                      !- Minute 12
  0.672043795620438,                      !- Value Until Time 12
  18,                                     !- Hour 13
  0,                                      !- Minute 13
  0.733138686131387,                      !- Value Until Time 13
  19,                                     !- Hour 14
  0,                                      !- Minute 14
  0.763686131386861,                      !- Value Until Time 14
  20,                                     !- Hour 15
  0,                                      !- Minute 15
  0.733138686131387,                      !- Value Until Time 15
  21,                                     !- Hour 16
  0,                                      !- Minute 16
  0.717864963503649,                      !- Value Until Time 16
  22,                                     !- Hour 17
  0,                                      !- Minute 17
  0.702591240875912,                      !- Value Until Time 17
  23,                                     !- Hour 18
  0,                                      !- Minute 18
  0.672043795620438,                      !- Value Until Time 18
  24,                                     !- Hour 19
  0,                                      !- Minute 19
  0.626222627737226;                      !- Value Until Time 19

OS:Schedule:Rule,
  {84adb7d8-24d6-4707-a3a8-9ee70cfb896e}, !- Handle
  fridge schedule allday ruleset2,        !- Name
  {84d76806-be74-458e-94d4-0fdebe4bb45b}, !- Schedule Ruleset Name
  5,                                      !- Rule Order
  {a85dffb8-c75d-4968-93a5-3ea3935102e4}, !- Day Schedule Name
  Yes,                                    !- Apply Sunday
  Yes,                                    !- Apply Monday
  Yes,                                    !- Apply Tuesday
  Yes,                                    !- Apply Wednesday
  Yes,                                    !- Apply Thursday
  Yes,                                    !- Apply Friday
  Yes,                                    !- Apply Saturday
  DateRange,                              !- Date Specification Type
  2,                                      !- Start Month
  1,                                      !- Start Day
  2,                                      !- End Month
  28;                                     !- End Day

OS:Schedule:Day,
  {a85dffb8-c75d-4968-93a5-3ea3935102e4}, !- Handle
  fridge schedule allday2,                !- Name
  {1f9c1b66-c7e4-4941-a342-bc041ffed04e}, !- Schedule Type Limits Name
  ,                                       !- Interpolate to Timestep
  1,                                      !- Hour 1
  0,                                      !- Minute 1
  0.60948905109489,                       !- Value Until Time 1
  2,                                      !- Hour 2
  0,                                      !- Minute 2
  0.594251824817518,                      !- Value Until Time 2
  3,                                      !- Hour 3
  0,                                      !- Minute 3
  0.579014598540146,                      !- Value Until Time 3
  4,                                      !- Hour 4
  0,                                      !- Minute 4
  0.563777372262774,                      !- Value Until Time 4
  6,                                      !- Hour 5
  0,                                      !- Minute 5
  0.548540145985401,                      !- Value Until Time 5
  7,                                      !- Hour 6
  0,                                      !- Minute 6
  0.579014598540146,                      !- Value Until Time 6
  8,                                      !- Hour 7
  0,                                      !- Minute 7
  0.60948905109489,                       !- Value Until Time 7
  10,                                     !- Hour 8
  0,                                      !- Minute 8
  0.624726277372263,                      !- Value Until Time 8
  12,                                     !- Hour 9
  0,                                      !- Minute 9
  0.60948905109489,                       !- Value Until Time 9
  15,                                     !- Hour 10
  0,                                      !- Minute 10
  0.639963503649635,                      !- Value Until Time 10
  16,                                     !- Hour 11
  0,                                      !- Minute 11
  0.624726277372263,                      !- Value Until Time 11
  17,                                     !- Hour 12
  0,                                      !- Minute 12
  0.670437956204379,                      !- Value Until Time 12
  18,                                     !- Hour 13
  0,                                      !- Minute 13
  0.731386861313868,                      !- Value Until Time 13
  19,                                     !- Hour 14
  0,                                      !- Minute 14
  0.761861313868613,                      !- Value Until Time 14
  20,                                     !- Hour 15
  0,                                      !- Minute 15
  0.731386861313868,                      !- Value Until Time 15
  21,                                     !- Hour 16
  0,                                      !- Minute 16
  0.716149635036496,                      !- Value Until Time 16
  22,                                     !- Hour 17
  0,                                      !- Minute 17
  0.700912408759124,                      !- Value Until Time 17
  23,                                     !- Hour 18
  0,                                      !- Minute 18
  0.670437956204379,                      !- Value Until Time 18
  24,                                     !- Hour 19
  0,                                      !- Minute 19
  0.624726277372263;                      !- Value Until Time 19

OS:Schedule:Rule,
  {eb0b8c03-9400-44c6-910c-3b98882e45ba}, !- Handle
  fridge schedule allday ruleset3,        !- Name
  {84d76806-be74-458e-94d4-0fdebe4bb45b}, !- Schedule Ruleset Name
  4,                                      !- Rule Order
  {fb0728ce-5fba-4305-8ead-98220833cf1c}, !- Day Schedule Name
  Yes,                                    !- Apply Sunday
  Yes,                                    !- Apply Monday
  Yes,                                    !- Apply Tuesday
  Yes,                                    !- Apply Wednesday
  Yes,                                    !- Apply Thursday
  Yes,                                    !- Apply Friday
  Yes,                                    !- Apply Saturday
  DateRange,                              !- Date Specification Type
  3,                                      !- Start Month
  1,                                      !- Start Day
  5,                                      !- End Month
  31;                                     !- End Day

OS:Schedule:Day,
  {fb0728ce-5fba-4305-8ead-98220833cf1c}, !- Handle
  fridge schedule allday3,                !- Name
  {1f9c1b66-c7e4-4941-a342-bc041ffed04e}, !- Schedule Type Limits Name
  ,                                       !- Interpolate to Timestep
  1,                                      !- Hour 1
  0,                                      !- Minute 1
  0.791240875912409,                      !- Value Until Time 1
  2,                                      !- Hour 2
  0,                                      !- Minute 2
  0.771459854014598,                      !- Value Until Time 2
  3,                                      !- Hour 3
  0,                                      !- Minute 3
  0.751678832116788,                      !- Value Until Time 3
  4,                                      !- Hour 4
  0,                                      !- Minute 4
  0.731897810218978,                      !- Value Until Time 4
  6,                                      !- Hour 5
  0,                                      !- Minute 5
  0.712116788321168,                      !- Value Until Time 5
  7,                                      !- Hour 6
  0,                                      !- Minute 6
  0.751678832116788,                      !- Value Until Time 6
  8,                                      !- Hour 7
  0,                                      !- Minute 7
  0.791240875912409,                      !- Value Until Time 7
  10,                                     !- Hour 8
  0,                                      !- Minute 8
  0.811021897810219,                      !- Value Until Time 8
  12,                                     !- Hour 9
  0,                                      !- Minute 9
  0.791240875912409,                      !- Value Until Time 9
  15,                                     !- Hour 10
  0,                                      !- Minute 10
  0.830802919708029,                      !- Value Until Time 10
  16,                                     !- Hour 11
  0,                                      !- Minute 11
  0.811021897810219,                      !- Value Until Time 11
  17,                                     !- Hour 12
  0,                                      !- Minute 12
  0.87036496350365,                       !- Value Until Time 12
  18,                                     !- Hour 13
  0,                                      !- Minute 13
  0.949489051094891,                      !- Value Until Time 13
  19,                                     !- Hour 14
  0,                                      !- Minute 14
  0.989051094890511,                      !- Value Until Time 14
  20,                                     !- Hour 15
  0,                                      !- Minute 15
  0.949489051094891,                      !- Value Until Time 15
  21,                                     !- Hour 16
  0,                                      !- Minute 16
  0.92970802919708,                       !- Value Until Time 16
  22,                                     !- Hour 17
  0,                                      !- Minute 17
  0.90992700729927,                       !- Value Until Time 17
  23,                                     !- Hour 18
  0,                                      !- Minute 18
  0.87036496350365,                       !- Value Until Time 18
  24,                                     !- Hour 19
  0,                                      !- Minute 19
  0.811021897810219;                      !- Value Until Time 19

OS:Schedule:Rule,
  {47c93ea7-100c-4393-90a8-74d9f4c8e6c7}, !- Handle
  fridge schedule allday ruleset6,        !- Name
  {84d76806-be74-458e-94d4-0fdebe4bb45b}, !- Schedule Ruleset Name
  3,                                      !- Rule Order
  {80e9dc95-c4d1-4f9d-807e-022215572aa4}, !- Day Schedule Name
  Yes,                                    !- Apply Sunday
  Yes,                                    !- Apply Monday
  Yes,                                    !- Apply Tuesday
  Yes,                                    !- Apply Wednesday
  Yes,                                    !- Apply Thursday
  Yes,                                    !- Apply Friday
  Yes,                                    !- Apply Saturday
  DateRange,                              !- Date Specification Type
  6,                                      !- Start Month
  1,                                      !- Start Day
  9,                                      !- End Month
  30;                                     !- End Day

OS:Schedule:Day,
  {80e9dc95-c4d1-4f9d-807e-022215572aa4}, !- Handle
  fridge schedule allday6,                !- Name
  {1f9c1b66-c7e4-4941-a342-bc041ffed04e}, !- Schedule Type Limits Name
  ,                                       !- Interpolate to Timestep
  1,                                      !- Hour 1
  0,                                      !- Minute 1
  0.8,                                    !- Value Until Time 1
  2,                                      !- Hour 2
  0,                                      !- Minute 2
  0.78,                                   !- Value Until Time 2
  3,                                      !- Hour 3
  0,                                      !- Minute 3
  0.76,                                   !- Value Until Time 3
  4,                                      !- Hour 4
  0,                                      !- Minute 4
  0.74,                                   !- Value Until Time 4
  6,                                      !- Hour 5
  0,                                      !- Minute 5
  0.72,                                   !- Value Until Time 5
  7,                                      !- Hour 6
  0,                                      !- Minute 6
  0.76,                                   !- Value Until Time 6
  8,                                      !- Hour 7
  0,                                      !- Minute 7
  0.8,                                    !- Value Until Time 7
  10,                                     !- Hour 8
  0,                                      !- Minute 8
  0.82,                                   !- Value Until Time 8
  12,                                     !- Hour 9
  0,                                      !- Minute 9
  0.8,                                    !- Value Until Time 9
  15,                                     !- Hour 10
  0,                                      !- Minute 10
  0.84,                                   !- Value Until Time 10
  16,                                     !- Hour 11
  0,                                      !- Minute 11
  0.82,                                   !- Value Until Time 11
  17,                                     !- Hour 12
  0,                                      !- Minute 12
  0.88,                                   !- Value Until Time 12
  18,                                     !- Hour 13
  0,                                      !- Minute 13
  0.96,                                   !- Value Until Time 13
  19,                                     !- Hour 14
  0,                                      !- Minute 14
  1,                                      !- Value Until Time 14
  20,                                     !- Hour 15
  0,                                      !- Minute 15
  0.96,                                   !- Value Until Time 15
  21,                                     !- Hour 16
  0,                                      !- Minute 16
  0.94,                                   !- Value Until Time 16
  22,                                     !- Hour 17
  0,                                      !- Minute 17
  0.92,                                   !- Value Until Time 17
  23,                                     !- Hour 18
  0,                                      !- Minute 18
  0.88,                                   !- Value Until Time 18
  24,                                     !- Hour 19
  0,                                      !- Minute 19
  0.82;                                   !- Value Until Time 19

OS:Schedule:Rule,
  {4a580fbb-54cd-402d-b4a2-1b634c1a533c}, !- Handle
  fridge schedule allday ruleset10,       !- Name
  {84d76806-be74-458e-94d4-0fdebe4bb45b}, !- Schedule Ruleset Name
  2,                                      !- Rule Order
  {0f197618-d72c-4da2-806b-d77fd802b66e}, !- Day Schedule Name
  Yes,                                    !- Apply Sunday
  Yes,                                    !- Apply Monday
  Yes,                                    !- Apply Tuesday
  Yes,                                    !- Apply Wednesday
  Yes,                                    !- Apply Thursday
  Yes,                                    !- Apply Friday
  Yes,                                    !- Apply Saturday
  DateRange,                              !- Date Specification Type
  10,                                     !- Start Month
  1,                                      !- Start Day
  10,                                     !- End Month
  31;                                     !- End Day

OS:Schedule:Day,
  {0f197618-d72c-4da2-806b-d77fd802b66e}, !- Handle
  fridge schedule allday10,               !- Name
  {1f9c1b66-c7e4-4941-a342-bc041ffed04e}, !- Schedule Type Limits Name
  ,                                       !- Interpolate to Timestep
  1,                                      !- Hour 1
  0,                                      !- Minute 1
  0.67956204379562,                       !- Value Until Time 1
  2,                                      !- Hour 2
  0,                                      !- Minute 2
  0.66257299270073,                       !- Value Until Time 2
  3,                                      !- Hour 3
  0,                                      !- Minute 3
  0.645583941605839,                      !- Value Until Time 3
  4,                                      !- Hour 4
  0,                                      !- Minute 4
  0.628594890510949,                      !- Value Until Time 4
  6,                                      !- Hour 5
  0,                                      !- Minute 5
  0.611605839416058,                      !- Value Until Time 5
  7,                                      !- Hour 6
  0,                                      !- Minute 6
  0.645583941605839,                      !- Value Until Time 6
  8,                                      !- Hour 7
  0,                                      !- Minute 7
  0.67956204379562,                       !- Value Until Time 7
  10,                                     !- Hour 8
  0,                                      !- Minute 8
  0.696551094890511,                      !- Value Until Time 8
  12,                                     !- Hour 9
  0,                                      !- Minute 9
  0.67956204379562,                       !- Value Until Time 9
  15,                                     !- Hour 10
  0,                                      !- Minute 10
  0.713540145985401,                      !- Value Until Time 10
  16,                                     !- Hour 11
  0,                                      !- Minute 11
  0.696551094890511,                      !- Value Until Time 11
  17,                                     !- Hour 12
  0,                                      !- Minute 12
  0.747518248175182,                      !- Value Until Time 12
  18,                                     !- Hour 13
  0,                                      !- Minute 13
  0.815474452554744,                      !- Value Until Time 13
  19,                                     !- Hour 14
  0,                                      !- Minute 14
  0.849452554744526,                      !- Value Until Time 14
  20,                                     !- Hour 15
  0,                                      !- Minute 15
  0.815474452554744,                      !- Value Until Time 15
  21,                                     !- Hour 16
  0,                                      !- Minute 16
  0.798485401459854,                      !- Value Until Time 16
  22,                                     !- Hour 17
  0,                                      !- Minute 17
  0.781496350364963,                      !- Value Until Time 17
  23,                                     !- Hour 18
  0,                                      !- Minute 18
  0.747518248175182,                      !- Value Until Time 18
  24,                                     !- Hour 19
  0,                                      !- Minute 19
  0.696551094890511;                      !- Value Until Time 19

OS:Schedule:Rule,
  {069d887d-d815-4922-bcf7-07dc3698c21d}, !- Handle
  fridge schedule allday ruleset11,       !- Name
  {84d76806-be74-458e-94d4-0fdebe4bb45b}, !- Schedule Ruleset Name
  1,                                      !- Rule Order
  {886eb3ee-d677-4e7c-96d7-024e8b7d04b8}, !- Day Schedule Name
  Yes,                                    !- Apply Sunday
  Yes,                                    !- Apply Monday
  Yes,                                    !- Apply Tuesday
  Yes,                                    !- Apply Wednesday
  Yes,                                    !- Apply Thursday
  Yes,                                    !- Apply Friday
  Yes,                                    !- Apply Saturday
  DateRange,                              !- Date Specification Type
  11,                                     !- Start Month
  1,                                      !- Start Day
  11,                                     !- End Month
  30;                                     !- End Day

OS:Schedule:Day,
  {886eb3ee-d677-4e7c-96d7-024e8b7d04b8}, !- Handle
  fridge schedule allday11,               !- Name
  {1f9c1b66-c7e4-4941-a342-bc041ffed04e}, !- Schedule Type Limits Name
  ,                                       !- Interpolate to Timestep
  1,                                      !- Hour 1
  0,                                      !- Minute 1
  0.675182481751825,                      !- Value Until Time 1
  2,                                      !- Hour 2
  0,                                      !- Minute 2
  0.658302919708029,                      !- Value Until Time 2
  3,                                      !- Hour 3
  0,                                      !- Minute 3
  0.641423357664234,                      !- Value Until Time 3
  4,                                      !- Hour 4
  0,                                      !- Minute 4
  0.624543795620438,                      !- Value Until Time 4
  6,                                      !- Hour 5
  0,                                      !- Minute 5
  0.607664233576642,                      !- Value Until Time 5
  7,                                      !- Hour 6
  0,                                      !- Minute 6
  0.641423357664234,                      !- Value Until Time 6
  8,                                      !- Hour 7
  0,                                      !- Minute 7
  0.675182481751825,                      !- Value Until Time 7
  10,                                     !- Hour 8
  0,                                      !- Minute 8
  0.69206204379562,                       !- Value Until Time 8
  12,                                     !- Hour 9
  0,                                      !- Minute 9
  0.675182481751825,                      !- Value Until Time 9
  15,                                     !- Hour 10
  0,                                      !- Minute 10
  0.708941605839416,                      !- Value Until Time 10
  16,                                     !- Hour 11
  0,                                      !- Minute 11
  0.69206204379562,                       !- Value Until Time 11
  17,                                     !- Hour 12
  0,                                      !- Minute 12
  0.742700729927007,                      !- Value Until Time 12
  18,                                     !- Hour 13
  0,                                      !- Minute 13
  0.81021897810219,                       !- Value Until Time 13
  19,                                     !- Hour 14
  0,                                      !- Minute 14
  0.843978102189781,                      !- Value Until Time 14
  20,                                     !- Hour 15
  0,                                      !- Minute 15
  0.81021897810219,                       !- Value Until Time 15
  21,                                     !- Hour 16
  0,                                      !- Minute 16
  0.793339416058394,                      !- Value Until Time 16
  22,                                     !- Hour 17
  0,                                      !- Minute 17
  0.776459854014598,                      !- Value Until Time 17
  23,                                     !- Hour 18
  0,                                      !- Minute 18
  0.742700729927007,                      !- Value Until Time 18
  24,                                     !- Hour 19
  0,                                      !- Minute 19
  0.69206204379562;                       !- Value Until Time 19

OS:Schedule:Rule,
  {e26f77f7-ca4b-4d06-80a2-1d4dfc1937a2}, !- Handle
  fridge schedule allday ruleset12,       !- Name
  {84d76806-be74-458e-94d4-0fdebe4bb45b}, !- Schedule Ruleset Name
  0,                                      !- Rule Order
  {acf1f49d-0b00-4905-a036-cd16f71f80a6}, !- Day Schedule Name
  Yes,                                    !- Apply Sunday
  Yes,                                    !- Apply Monday
  Yes,                                    !- Apply Tuesday
  Yes,                                    !- Apply Wednesday
  Yes,                                    !- Apply Thursday
  Yes,                                    !- Apply Friday
  Yes,                                    !- Apply Saturday
  DateRange,                              !- Date Specification Type
  12,                                     !- Start Month
  1,                                      !- Start Day
  12,                                     !- End Month
  31;                                     !- End Day

OS:Schedule:Day,
  {acf1f49d-0b00-4905-a036-cd16f71f80a6}, !- Handle
  fridge schedule allday12,               !- Name
  {1f9c1b66-c7e4-4941-a342-bc041ffed04e}, !- Schedule Type Limits Name
  ,                                       !- Interpolate to Timestep
  1,                                      !- Hour 1
  0,                                      !- Minute 1
  0.610948905109489,                      !- Value Until Time 1
  2,                                      !- Hour 2
  0,                                      !- Minute 2
  0.595675182481752,                      !- Value Until Time 2
  3,                                      !- Hour 3
  0,                                      !- Minute 3
  0.580401459854014,                      !- Value Until Time 3
  4,                                      !- Hour 4
  0,                                      !- Minute 4
  0.565127737226277,                      !- Value Until Time 4
  6,                                      !- Hour 5
  0,                                      !- Minute 5
  0.54985401459854,                       !- Value Until Time 5
  7,                                      !- Hour 6
  0,                                      !- Minute 6
  0.580401459854014,                      !- Value Until Time 6
  8,                                      !- Hour 7
  0,                                      !- Minute 7
  0.610948905109489,                      !- Value Until Time 7
  10,                                     !- Hour 8
  0,                                      !- Minute 8
  0.626222627737226,                      !- Value Until Time 8
  12,                                     !- Hour 9
  0,                                      !- Minute 9
  0.610948905109489,                      !- Value Until Time 9
  15,                                     !- Hour 10
  0,                                      !- Minute 10
  0.641496350364963,                      !- Value Until Time 10
  16,                                     !- Hour 11
  0,                                      !- Minute 11
  0.626222627737226,                      !- Value Until Time 11
  17,                                     !- Hour 12
  0,                                      !- Minute 12
  0.672043795620438,                      !- Value Until Time 12
  18,                                     !- Hour 13
  0,                                      !- Minute 13
  0.733138686131387,                      !- Value Until Time 13
  19,                                     !- Hour 14
  0,                                      !- Minute 14
  0.763686131386861,                      !- Value Until Time 14
  20,                                     !- Hour 15
  0,                                      !- Minute 15
  0.733138686131387,                      !- Value Until Time 15
  21,                                     !- Hour 16
  0,                                      !- Minute 16
  0.717864963503649,                      !- Value Until Time 16
  22,                                     !- Hour 17
  0,                                      !- Minute 17
  0.702591240875912,                      !- Value Until Time 17
  23,                                     !- Hour 18
  0,                                      !- Minute 18
  0.672043795620438,                      !- Value Until Time 18
  24,                                     !- Hour 19
  0,                                      !- Minute 19
  0.626222627737226;                      !- Value Until Time 19

OS:ElectricEquipment:Definition,
  {d2976ae5-360f-4a00-a390-c6acb2a115de}, !- Handle
  fridge,                                 !- Name
  EquipmentLevel,                         !- Design Level Calculation Method
  54.8006828214071,                       !- Design Level {W}
  ,                                       !- Watts per Space Floor Area {W/m2}
  ,                                       !- Watts per Person {W/person}
  0,                                      !- Fraction Latent
  0.6,                                    !- Fraction Radiant
  0;                                      !- Fraction Lost

OS:ElectricEquipment,
  {1b34397e-9d93-4603-99e9-49558af0f6e4}, !- Handle
  fridge,                                 !- Name
  {d2976ae5-360f-4a00-a390-c6acb2a115de}, !- Electric Equipment Definition Name
  {cb606522-7303-4dfc-8a2c-5a86dab76d10}, !- Space or SpaceType Name
  {84d76806-be74-458e-94d4-0fdebe4bb45b}, !- Schedule Name
  ,                                       !- Multiplier
  fridge;                                 !- End-Use Subcategory

OS:Schedule:File,
  {4e31711b-595f-490a-9342-ad39a4afb629}, !- Handle
  cooking_range,                          !- Name
  {1f9c1b66-c7e4-4941-a342-bc041ffed04e}, !- Schedule Type Limits Name
  {d6bc09d2-a59e-4974-8ab3-a422e4039702}, !- External File Name
  4,                                      !- Column Number
  1,                                      !- Rows to Skip at Top
  8760,                                   !- Number of Hours of Data
  ,                                       !- Column Separator
  ,                                       !- Interpolate to Timestep
  15,                                     !- Minutes per Item
  ,                                       !- Adjust Schedule for Daylight Savings
  Yes;                                    !- Translate File With Relative Path

OS:ElectricEquipment:Definition,
  {c6a7a205-5b98-492d-9c21-e3a77394ca86}, !- Handle
  cooking range,                          !- Name
  EquipmentLevel,                         !- Design Level Calculation Method
  1263.84360672654,                       !- Design Level {W}
  ,                                       !- Watts per Space Floor Area {W/m2}
  ,                                       !- Watts per Person {W/person}
  0.0799999999999999,                     !- Fraction Latent
  0.432,                                  !- Fraction Radiant
  0.2;                                    !- Fraction Lost

OS:ElectricEquipment,
  {fe75bb43-3e78-4fe5-9d4f-87bc1ab550c6}, !- Handle
  cooking range,                          !- Name
  {c6a7a205-5b98-492d-9c21-e3a77394ca86}, !- Electric Equipment Definition Name
  {cb606522-7303-4dfc-8a2c-5a86dab76d10}, !- Space or SpaceType Name
  {4e31711b-595f-490a-9342-ad39a4afb629}, !- Schedule Name
  ,                                       !- Multiplier
  cooking range;                          !- End-Use Subcategory

OS:Schedule:FixedInterval,
  {5073cb67-0a26-49fe-9eba-9d3bb790cf0b}, !- Handle
  mains temperature schedule,             !- Name
  {6ea8c71a-525b-4094-80e1-6cc734b13289}, !- Schedule Type Limits Name
  ,                                       !- Translate to Schedule File
  ,                                       !- Interpolate to Timestep
  1440,                                   !- Interval Length {minutes}
  ,                                       !- Out Of Range Value
  1,                                      !- Start Month
  1,                                      !- Start Day
  9.86555555555556,                       !- Value 1
  9.80277777777778,                       !- Value 2
  9.74166666666667,                       !- Value 3
  9.68166666666667,                       !- Value 4
  9.62277777777778,                       !- Value 5
  9.56555555555556,                       !- Value 6
  9.50944444444444,                       !- Value 7
  9.455,                                  !- Value 8
  9.40166666666667,                       !- Value 9
  9.34944444444444,                       !- Value 10
  9.29888888888889,                       !- Value 11
  9.25,                                   !- Value 12
  9.20222222222222,                       !- Value 13
  9.15611111111111,                       !- Value 14
  9.11111111111111,                       !- Value 15
  9.06777777777778,                       !- Value 16
  9.02611111111111,                       !- Value 17
  8.98555555555556,                       !- Value 18
  8.94666666666667,                       !- Value 19
  8.90944444444444,                       !- Value 20
  8.87388888888889,                       !- Value 21
  8.83944444444444,                       !- Value 22
  8.80666666666666,                       !- Value 23
  8.77555555555555,                       !- Value 24
  8.74611111111111,                       !- Value 25
  8.71833333333333,                       !- Value 26
  8.69166666666667,                       !- Value 27
  8.66666666666667,                       !- Value 28
  8.64388888888889,                       !- Value 29
  8.62222222222222,                       !- Value 30
  8.60222222222222,                       !- Value 31
  8.58388888888889,                       !- Value 32
  8.56722222222222,                       !- Value 33
  8.55166666666667,                       !- Value 34
  8.53833333333333,                       !- Value 35
  8.52666666666667,                       !- Value 36
  8.51666666666667,                       !- Value 37
  8.50777777777778,                       !- Value 38
  8.50111111111111,                       !- Value 39
  8.49611111111111,                       !- Value 40
  8.49222222222222,                       !- Value 41
  8.49055555555556,                       !- Value 42
  8.49,                                   !- Value 43
  8.49166666666667,                       !- Value 44
  8.49444444444444,                       !- Value 45
  8.49944444444444,                       !- Value 46
  8.50555555555556,                       !- Value 47
  8.51333333333333,                       !- Value 48
  8.52333333333333,                       !- Value 49
  8.53444444444444,                       !- Value 50
  8.54722222222222,                       !- Value 51
  8.56222222222222,                       !- Value 52
  8.57833333333333,                       !- Value 53
  8.59611111111111,                       !- Value 54
  8.61555555555556,                       !- Value 55
  8.63666666666667,                       !- Value 56
  8.65944444444445,                       !- Value 57
  8.68333333333334,                       !- Value 58
  8.70944444444444,                       !- Value 59
  8.73666666666667,                       !- Value 60
  8.76611111111111,                       !- Value 61
  8.79666666666667,                       !- Value 62
  8.82888888888889,                       !- Value 63
  8.86277777777778,                       !- Value 64
  8.89777777777778,                       !- Value 65
  8.93444444444444,                       !- Value 66
  8.97277777777778,                       !- Value 67
  9.01277777777778,                       !- Value 68
  9.05444444444445,                       !- Value 69
  9.09722222222222,                       !- Value 70
  9.14166666666667,                       !- Value 71
  9.18722222222222,                       !- Value 72
  9.23444444444444,                       !- Value 73
  9.28333333333333,                       !- Value 74
  9.33333333333333,                       !- Value 75
  9.38444444444445,                       !- Value 76
  9.43777777777778,                       !- Value 77
  9.49166666666667,                       !- Value 78
  9.54722222222222,                       !- Value 79
  9.60444444444444,                       !- Value 80
  9.66277777777778,                       !- Value 81
  9.72222222222222,                       !- Value 82
  9.78333333333333,                       !- Value 83
  9.84555555555556,                       !- Value 84
  9.90888888888889,                       !- Value 85
  9.97333333333333,                       !- Value 86
  10.0394444444444,                       !- Value 87
  10.1061111111111,                       !- Value 88
  10.1744444444444,                       !- Value 89
  10.2438888888889,                       !- Value 90
  10.3144444444444,                       !- Value 91
  10.3861111111111,                       !- Value 92
  10.4588888888889,                       !- Value 93
  10.5322222222222,                       !- Value 94
  10.6072222222222,                       !- Value 95
  10.6833333333333,                       !- Value 96
  10.76,                                  !- Value 97
  10.8377777777778,                       !- Value 98
  10.9166666666667,                       !- Value 99
  10.9966666666667,                       !- Value 100
  11.0772222222222,                       !- Value 101
  11.1588888888889,                       !- Value 102
  11.2411111111111,                       !- Value 103
  11.3244444444444,                       !- Value 104
  11.4083333333333,                       !- Value 105
  11.4933333333333,                       !- Value 106
  11.5788888888889,                       !- Value 107
  11.6655555555556,                       !- Value 108
  11.7522222222222,                       !- Value 109
  11.84,                                  !- Value 110
  11.9288888888889,                       !- Value 111
  12.0177777777778,                       !- Value 112
  12.1072222222222,                       !- Value 113
  12.1977777777778,                       !- Value 114
  12.2883333333333,                       !- Value 115
  12.38,                                  !- Value 116
  12.4716666666667,                       !- Value 117
  12.5638888888889,                       !- Value 118
  12.6566666666667,                       !- Value 119
  12.75,                                  !- Value 120
  12.8438888888889,                       !- Value 121
  12.9377777777778,                       !- Value 122
  13.0316666666667,                       !- Value 123
  13.1266666666667,                       !- Value 124
  13.2211111111111,                       !- Value 125
  13.3166666666667,                       !- Value 126
  13.4116666666667,                       !- Value 127
  13.5072222222222,                       !- Value 128
  13.6033333333333,                       !- Value 129
  13.6988888888889,                       !- Value 130
  13.795,                                 !- Value 131
  13.8911111111111,                       !- Value 132
  13.9872222222222,                       !- Value 133
  14.0833333333333,                       !- Value 134
  14.1794444444444,                       !- Value 135
  14.2755555555556,                       !- Value 136
  14.3716666666667,                       !- Value 137
  14.4677777777778,                       !- Value 138
  14.5633333333333,                       !- Value 139
  14.6594444444444,                       !- Value 140
  14.755,                                 !- Value 141
  14.85,                                  !- Value 142
  14.945,                                 !- Value 143
  15.04,                                  !- Value 144
  15.1344444444444,                       !- Value 145
  15.2288888888889,                       !- Value 146
  15.3227777777778,                       !- Value 147
  15.4166666666667,                       !- Value 148
  15.5094444444444,                       !- Value 149
  15.6022222222222,                       !- Value 150
  15.6944444444444,                       !- Value 151
  15.7861111111111,                       !- Value 152
  15.8777777777778,                       !- Value 153
  15.9683333333333,                       !- Value 154
  16.0583333333333,                       !- Value 155
  16.1483333333333,                       !- Value 156
  16.2372222222222,                       !- Value 157
  16.3255555555556,                       !- Value 158
  16.4133333333333,                       !- Value 159
  16.5,                                   !- Value 160
  16.5866666666667,                       !- Value 161
  16.6722222222222,                       !- Value 162
  16.7566666666667,                       !- Value 163
  16.8405555555556,                       !- Value 164
  16.9238888888889,                       !- Value 165
  17.0061111111111,                       !- Value 166
  17.0877777777778,                       !- Value 167
  17.1683333333333,                       !- Value 168
  17.2477777777778,                       !- Value 169
  17.3266666666667,                       !- Value 170
  17.4044444444444,                       !- Value 171
  17.4811111111111,                       !- Value 172
  17.5566666666667,                       !- Value 173
  17.6316666666667,                       !- Value 174
  17.705,                                 !- Value 175
  17.7777777777778,                       !- Value 176
  17.8494444444444,                       !- Value 177
  17.9194444444444,                       !- Value 178
  17.9888888888889,                       !- Value 179
  18.0572222222222,                       !- Value 180
  18.1238888888889,                       !- Value 181
  18.1894444444444,                       !- Value 182
  18.2538888888889,                       !- Value 183
  18.3172222222222,                       !- Value 184
  18.3794444444444,                       !- Value 185
  18.44,                                  !- Value 186
  18.4994444444444,                       !- Value 187
  18.5577777777778,                       !- Value 188
  18.6144444444444,                       !- Value 189
  18.67,                                  !- Value 190
  18.7238888888889,                       !- Value 191
  18.7766666666667,                       !- Value 192
  18.8277777777778,                       !- Value 193
  18.8777777777778,                       !- Value 194
  18.9266666666667,                       !- Value 195
  18.9733333333333,                       !- Value 196
  19.0188888888889,                       !- Value 197
  19.0633333333333,                       !- Value 198
  19.1061111111111,                       !- Value 199
  19.1472222222222,                       !- Value 200
  19.1866666666667,                       !- Value 201
  19.225,                                 !- Value 202
  19.2616666666667,                       !- Value 203
  19.2966666666667,                       !- Value 204
  19.33,                                  !- Value 205
  19.3622222222222,                       !- Value 206
  19.3927777777778,                       !- Value 207
  19.4216666666667,                       !- Value 208
  19.4488888888889,                       !- Value 209
  19.4744444444444,                       !- Value 210
  19.4983333333333,                       !- Value 211
  19.5211111111111,                       !- Value 212
  19.5416666666667,                       !- Value 213
  19.5611111111111,                       !- Value 214
  19.5788888888889,                       !- Value 215
  19.595,                                 !- Value 216
  19.6094444444444,                       !- Value 217
  19.6216666666667,                       !- Value 218
  19.6327777777778,                       !- Value 219
  19.6422222222222,                       !- Value 220
  19.65,                                  !- Value 221
  19.6561111111111,                       !- Value 222
  19.6611111111111,                       !- Value 223
  19.6638888888889,                       !- Value 224
  19.665,                                 !- Value 225
  19.6644444444444,                       !- Value 226
  19.6622222222222,                       !- Value 227
  19.6583333333333,                       !- Value 228
  19.6533333333333,                       !- Value 229
  19.6461111111111,                       !- Value 230
  19.6372222222222,                       !- Value 231
  19.6266666666667,                       !- Value 232
  19.615,                                 !- Value 233
  19.6011111111111,                       !- Value 234
  19.5861111111111,                       !- Value 235
  19.5688888888889,                       !- Value 236
  19.5505555555556,                       !- Value 237
  19.5305555555556,                       !- Value 238
  19.5083333333333,                       !- Value 239
  19.485,                                 !- Value 240
  19.46,                                  !- Value 241
  19.4333333333333,                       !- Value 242
  19.4055555555556,                       !- Value 243
  19.3755555555556,                       !- Value 244
  19.3444444444444,                       !- Value 245
  19.3111111111111,                       !- Value 246
  19.2766666666667,                       !- Value 247
  19.2411111111111,                       !- Value 248
  19.2033333333333,                       !- Value 249
  19.1644444444444,                       !- Value 250
  19.1238888888889,                       !- Value 251
  19.0816666666667,                       !- Value 252
  19.0383333333333,                       !- Value 253
  18.9933333333333,                       !- Value 254
  18.9472222222222,                       !- Value 255
  18.8988888888889,                       !- Value 256
  18.85,                                  !- Value 257
  18.7988888888889,                       !- Value 258
  18.7472222222222,                       !- Value 259
  18.6933333333333,                       !- Value 260
  18.6383333333333,                       !- Value 261
  18.5822222222222,                       !- Value 262
  18.525,                                 !- Value 263
  18.4661111111111,                       !- Value 264
  18.4055555555556,                       !- Value 265
  18.3444444444444,                       !- Value 266
  18.2816666666667,                       !- Value 267
  18.2177777777778,                       !- Value 268
  18.1527777777778,                       !- Value 269
  18.0861111111111,                       !- Value 270
  18.0183333333333,                       !- Value 271
  17.95,                                  !- Value 272
  17.88,                                  !- Value 273
  17.8088888888889,                       !- Value 274
  17.7366666666667,                       !- Value 275
  17.6633333333333,                       !- Value 276
  17.5894444444444,                       !- Value 277
  17.5138888888889,                       !- Value 278
  17.4377777777778,                       !- Value 279
  17.3605555555556,                       !- Value 280
  17.2822222222222,                       !- Value 281
  17.2027777777778,                       !- Value 282
  17.1227777777778,                       !- Value 283
  17.0416666666667,                       !- Value 284
  16.9594444444444,                       !- Value 285
  16.8766666666667,                       !- Value 286
  16.7933333333333,                       !- Value 287
  16.7088888888889,                       !- Value 288
  16.6238888888889,                       !- Value 289
  16.5377777777778,                       !- Value 290
  16.4511111111111,                       !- Value 291
  16.3633333333333,                       !- Value 292
  16.2755555555556,                       !- Value 293
  16.1866666666667,                       !- Value 294
  16.0972222222222,                       !- Value 295
  16.0072222222222,                       !- Value 296
  15.9172222222222,                       !- Value 297
  15.8261111111111,                       !- Value 298
  15.7344444444444,                       !- Value 299
  15.6422222222222,                       !- Value 300
  15.5494444444444,                       !- Value 301
  15.4566666666667,                       !- Value 302
  15.3633333333333,                       !- Value 303
  15.2694444444444,                       !- Value 304
  15.1755555555556,                       !- Value 305
  15.0811111111111,                       !- Value 306
  14.9861111111111,                       !- Value 307
  14.8911111111111,                       !- Value 308
  14.7961111111111,                       !- Value 309
  14.7005555555556,                       !- Value 310
  14.605,                                 !- Value 311
  14.5094444444444,                       !- Value 312
  14.4133333333333,                       !- Value 313
  14.3172222222222,                       !- Value 314
  14.2211111111111,                       !- Value 315
  14.125,                                 !- Value 316
  14.0288888888889,                       !- Value 317
  13.9327777777778,                       !- Value 318
  13.8366666666667,                       !- Value 319
  13.7405555555556,                       !- Value 320
  13.6444444444444,                       !- Value 321
  13.5488888888889,                       !- Value 322
  13.4533333333333,                       !- Value 323
  13.3577777777778,                       !- Value 324
  13.2627777777778,                       !- Value 325
  13.1677777777778,                       !- Value 326
  13.0727777777778,                       !- Value 327
  12.9783333333333,                       !- Value 328
  12.8844444444444,                       !- Value 329
  12.7905555555556,                       !- Value 330
  12.6972222222222,                       !- Value 331
  12.6038888888889,                       !- Value 332
  12.5116666666667,                       !- Value 333
  12.4194444444444,                       !- Value 334
  12.3277777777778,                       !- Value 335
  12.2366666666667,                       !- Value 336
  12.1466666666667,                       !- Value 337
  12.0566666666667,                       !- Value 338
  11.9672222222222,                       !- Value 339
  11.8783333333333,                       !- Value 340
  11.7905555555556,                       !- Value 341
  11.7027777777778,                       !- Value 342
  11.6161111111111,                       !- Value 343
  11.5305555555556,                       !- Value 344
  11.445,                                 !- Value 345
  11.3605555555556,                       !- Value 346
  11.2772222222222,                       !- Value 347
  11.1944444444444,                       !- Value 348
  11.1122222222222,                       !- Value 349
  11.0311111111111,                       !- Value 350
  10.9511111111111,                       !- Value 351
  10.8716666666667,                       !- Value 352
  10.7938888888889,                       !- Value 353
  10.7161111111111,                       !- Value 354
  10.64,                                  !- Value 355
  10.565,                                 !- Value 356
  10.4905555555556,                       !- Value 357
  10.4172222222222,                       !- Value 358
  10.345,                                 !- Value 359
  10.2744444444444,                       !- Value 360
  10.2044444444444,                       !- Value 361
  10.1355555555556,                       !- Value 362
  10.0677777777778,                       !- Value 363
  10.0016666666667,                       !- Value 364
  9.93666666666667;                       !- Value 365

OS:Site:WaterMainsTemperature,
  {2937165b-029a-4f57-829a-b44063ab3e62}, !- Handle
  Schedule,                               !- Calculation Method
  {5073cb67-0a26-49fe-9eba-9d3bb790cf0b}; !- Temperature Schedule Name

OS:Schedule:Constant,
  {56b3e7cc-ab77-4b01-9a4c-a1f95d47e4c1}, !- Handle
  mixed water temperature schedule,       !- Name
  {6ea8c71a-525b-4094-80e1-6cc734b13289}, !- Schedule Type Limits Name
  40.5555555555556;                       !- Value

OS:Schedule:File,
  {a93721fd-4cbd-4228-bc28-7603e95fa852}, !- Handle
  hot_water_fixtures,                     !- Name
  {1f9c1b66-c7e4-4941-a342-bc041ffed04e}, !- Schedule Type Limits Name
  {d6bc09d2-a59e-4974-8ab3-a422e4039702}, !- External File Name
  13,                                     !- Column Number
  1,                                      !- Rows to Skip at Top
  8760,                                   !- Number of Hours of Data
  ,                                       !- Column Separator
  ,                                       !- Interpolate to Timestep
  15,                                     !- Minutes per Item
  ,                                       !- Adjust Schedule for Daylight Savings
  Yes;                                    !- Translate File With Relative Path

OS:WaterUse:Equipment:Definition,
  {e44de437-7c5b-40c3-aca5-d2e4da152a67}, !- Handle
  dhw fixtures,                           !- Name
  dhw fixtures,                           !- End-Use Subcategory
  0.000105343436527522,                   !- Peak Flow Rate {m3/s}
  {56b3e7cc-ab77-4b01-9a4c-a1f95d47e4c1}; !- Target Temperature Schedule Name

OS:WaterUse:Equipment,
  {0719034c-4ac0-448f-96a9-407db9c90b82}, !- Handle
  dhw fixtures,                           !- Name
  {e44de437-7c5b-40c3-aca5-d2e4da152a67}, !- Water Use Equipment Definition Name
  ,                                       !- Space Name
  {a93721fd-4cbd-4228-bc28-7603e95fa852}; !- Flow Rate Fraction Schedule Name

OS:WaterUse:Equipment:Definition,
  {0959bbf8-33be-4742-a913-2e0521d7d596}, !- Handle
  dhw distribution waste,                 !- Name
  dhw distribution waste,                 !- End-Use Subcategory
  3.53910229731415e-05,                   !- Peak Flow Rate {m3/s}
  {56b3e7cc-ab77-4b01-9a4c-a1f95d47e4c1}; !- Target Temperature Schedule Name

OS:WaterUse:Equipment,
  {3ddfc814-b2b0-47f1-a5e2-ec70171ea77d}, !- Handle
  dhw distribution waste,                 !- Name
  {0959bbf8-33be-4742-a913-2e0521d7d596}, !- Water Use Equipment Definition Name
  ,                                       !- Space Name
  {a93721fd-4cbd-4228-bc28-7603e95fa852}; !- Flow Rate Fraction Schedule Name

OS:Schedule:File,
  {e25545c9-4a6d-40f9-b945-8b54940b2c2f}, !- Handle
  hot_water_clothes_washer,               !- Name
  {1f9c1b66-c7e4-4941-a342-bc041ffed04e}, !- Schedule Type Limits Name
  {d6bc09d2-a59e-4974-8ab3-a422e4039702}, !- External File Name
  12,                                     !- Column Number
  1,                                      !- Rows to Skip at Top
  8760,                                   !- Number of Hours of Data
  ,                                       !- Column Separator
  ,                                       !- Interpolate to Timestep
  15,                                     !- Minutes per Item
  ,                                       !- Adjust Schedule for Daylight Savings
  Yes;                                    !- Translate File With Relative Path

OS:WaterUse:Equipment:Definition,
  {c06a7ef2-d58d-4631-aff6-413a30beafd7}, !- Handle
  clothes washer,                         !- Name
  clothes washer,                         !- End-Use Subcategory
  3.48416403281087e-06;                   !- Peak Flow Rate {m3/s}

OS:WaterUse:Equipment,
  {6ae40293-4935-4678-8729-11cd1f4c238b}, !- Handle
  clothes washer,                         !- Name
  {c06a7ef2-d58d-4631-aff6-413a30beafd7}, !- Water Use Equipment Definition Name
  ,                                       !- Space Name
  {e25545c9-4a6d-40f9-b945-8b54940b2c2f}; !- Flow Rate Fraction Schedule Name

OS:Schedule:File,
  {52fddba9-5ec9-4097-a95d-25b4a83001cb}, !- Handle
  hot_water_dishwasher,                   !- Name
  {1f9c1b66-c7e4-4941-a342-bc041ffed04e}, !- Schedule Type Limits Name
  {d6bc09d2-a59e-4974-8ab3-a422e4039702}, !- External File Name
  11,                                     !- Column Number
  1,                                      !- Rows to Skip at Top
  8760,                                   !- Number of Hours of Data
  ,                                       !- Column Separator
  ,                                       !- Interpolate to Timestep
  15,                                     !- Minutes per Item
  ,                                       !- Adjust Schedule for Daylight Savings
  Yes;                                    !- Translate File With Relative Path

OS:WaterUse:Equipment:Definition,
  {43b9c7a4-149d-4ae2-be9b-6759ec4fa0fd}, !- Handle
  dishwasher,                             !- Name
  dishwasher,                             !- End-Use Subcategory
  7.8494286445903e-06;                    !- Peak Flow Rate {m3/s}

OS:WaterUse:Equipment,
  {cbe18903-5e32-4031-9bf2-85aff3b8490e}, !- Handle
  dishwasher,                             !- Name
  {43b9c7a4-149d-4ae2-be9b-6759ec4fa0fd}, !- Water Use Equipment Definition Name
  ,                                       !- Space Name
  {52fddba9-5ec9-4097-a95d-25b4a83001cb}; !- Flow Rate Fraction Schedule Name

OS:OtherEquipment:Definition,
  {7b5249e0-0979-436a-8565-e93060d9b378}, !- Handle
  water sensible,                         !- Name
  EquipmentLevel,                         !- Design Level Calculation Method
  -1566.3417709469,                       !- Design Level {W}
  ,                                       !- Watts per Space Floor Area {W/m2}
  ,                                       !- Watts per Person {W/Person}
  0,                                      !- Fraction Latent
  0.6,                                    !- Fraction Radiant
  0;                                      !- Fraction Lost

OS:OtherEquipment,
  {f4bd8171-2220-4aa8-a3f5-203e9ae8515a}, !- Handle
  water sensible,                         !- Name
  {7b5249e0-0979-436a-8565-e93060d9b378}, !- Other Equipment Definition Name
  {cb606522-7303-4dfc-8a2c-5a86dab76d10}, !- Space or SpaceType Name
  {a93721fd-4cbd-4228-bc28-7603e95fa852}, !- Schedule Name
  ,                                       !- Multiplier
  None,                                   !- Fuel Type
  water sensible;                         !- End-Use Subcategory

OS:OtherEquipment:Definition,
  {5cfb3dba-895a-4623-8ca9-e8c8489b60bb}, !- Handle
  water latent,                           !- Name
  EquipmentLevel,                         !- Design Level Calculation Method
  1589.3198898361,                        !- Design Level {W}
  ,                                       !- Watts per Space Floor Area {W/m2}
  ,                                       !- Watts per Person {W/Person}
  1,                                      !- Fraction Latent
  0,                                      !- Fraction Radiant
  0;                                      !- Fraction Lost

OS:OtherEquipment,
  {77278730-aaa6-481c-a305-d4ae139bc3bf}, !- Handle
  water latent,                           !- Name
  {5cfb3dba-895a-4623-8ca9-e8c8489b60bb}, !- Other Equipment Definition Name
  {cb606522-7303-4dfc-8a2c-5a86dab76d10}, !- Space or SpaceType Name
  {a93721fd-4cbd-4228-bc28-7603e95fa852}, !- Schedule Name
  ,                                       !- Multiplier
  None,                                   !- Fuel Type
  water latent;                           !- End-Use Subcategory

OS:Schedule:File,
  {2a6aa195-7f24-4f84-8cec-ca9f09786112}, !- Handle
  plug_loads_other,                       !- Name
  {1f9c1b66-c7e4-4941-a342-bc041ffed04e}, !- Schedule Type Limits Name
  {d6bc09d2-a59e-4974-8ab3-a422e4039702}, !- External File Name
  9,                                      !- Column Number
  1,                                      !- Rows to Skip at Top
  8760,                                   !- Number of Hours of Data
  ,                                       !- Column Separator
  ,                                       !- Interpolate to Timestep
  15,                                     !- Minutes per Item
  ,                                       !- Adjust Schedule for Daylight Savings
  Yes;                                    !- Translate File With Relative Path

OS:ElectricEquipment:Definition,
  {58190a1f-ff15-41a2-a154-c766e63f0a0e}, !- Handle
  misc plug loads,                        !- Name
  EquipmentLevel,                         !- Design Level Calculation Method
  963.196511768998,                       !- Design Level {W}
  ,                                       !- Watts per Space Floor Area {W/m2}
  ,                                       !- Watts per Person {W/person}
  0.021,                                  !- Fraction Latent
  0.558,                                  !- Fraction Radiant
  0.0489999999999999;                     !- Fraction Lost

OS:ElectricEquipment,
  {8608bd41-77a4-419c-ba17-81f29dedd16f}, !- Handle
  misc plug loads,                        !- Name
  {58190a1f-ff15-41a2-a154-c766e63f0a0e}, !- Electric Equipment Definition Name
  {cb606522-7303-4dfc-8a2c-5a86dab76d10}, !- Space or SpaceType Name
  {2a6aa195-7f24-4f84-8cec-ca9f09786112}, !- Schedule Name
  ,                                       !- Multiplier
  misc plug loads;                        !- End-Use Subcategory

OS:Schedule:File,
  {f4a2cfbe-b74a-441d-b61c-a51053d87613}, !- Handle
  lighting_interior,                      !- Name
  {1f9c1b66-c7e4-4941-a342-bc041ffed04e}, !- Schedule Type Limits Name
  {d6bc09d2-a59e-4974-8ab3-a422e4039702}, !- External File Name
  2,                                      !- Column Number
  1,                                      !- Rows to Skip at Top
  8760,                                   !- Number of Hours of Data
  ,                                       !- Column Separator
  ,                                       !- Interpolate to Timestep
  15,                                     !- Minutes per Item
  ,                                       !- Adjust Schedule for Daylight Savings
  Yes;                                    !- Translate File With Relative Path

OS:Lights:Definition,
  {ab078c8e-4c43-44f3-94f1-87efd3f04710}, !- Handle
  interior lighting,                      !- Name
  LightingLevel,                          !- Design Level Calculation Method
  952.809397893158,                       !- Lighting Level {W}
  ,                                       !- Watts per Space Floor Area {W/m2}
  ,                                       !- Watts per Person {W/person}
  0.6,                                    !- Fraction Radiant
  0.2,                                    !- Fraction Visible
  0;                                      !- Return Air Fraction

OS:Lights,
  {40b0c011-b920-4fc3-9c8b-c9e455fbde7a}, !- Handle
  interior lighting,                      !- Name
  {ab078c8e-4c43-44f3-94f1-87efd3f04710}, !- Lights Definition Name
  {cb606522-7303-4dfc-8a2c-5a86dab76d10}, !- Space or SpaceType Name
  {f4a2cfbe-b74a-441d-b61c-a51053d87613}, !- Schedule Name
  1,                                      !- Fraction Replaceable
  ,                                       !- Multiplier
  interior lighting;                      !- End-Use Subcategory

OS:Schedule:Ruleset,
  {d5c4e72f-1726-4687-8ac8-56743766611d}, !- Handle
  exterior lighting schedule,             !- Name
  {1f9c1b66-c7e4-4941-a342-bc041ffed04e}, !- Schedule Type Limits Name
  {1907d1ff-d2ba-4506-9d04-206d457ce091}; !- Default Day Schedule Name

OS:Schedule:Day,
  {1907d1ff-d2ba-4506-9d04-206d457ce091}, !- Handle
  exterior lighting schedule default day, !- Name
  {1f9c1b66-c7e4-4941-a342-bc041ffed04e}, !- Schedule Type Limits Name
  ,                                       !- Interpolate to Timestep
  24,                                     !- Hour 1
  0,                                      !- Minute 1
  0;                                      !- Value Until Time 1

OS:Schedule:Rule,
  {afbe5875-98ec-405c-83ea-323b57502ba0}, !- Handle
  exterior lighting schedule weekday ruleset1, !- Name
  {d5c4e72f-1726-4687-8ac8-56743766611d}, !- Schedule Ruleset Name
  21,                                     !- Rule Order
  {4794860b-d07a-4178-8fae-984f95690be4}, !- Day Schedule Name
  ,                                       !- Apply Sunday
  Yes,                                    !- Apply Monday
  Yes,                                    !- Apply Tuesday
  Yes,                                    !- Apply Wednesday
  Yes,                                    !- Apply Thursday
  Yes,                                    !- Apply Friday
  ,                                       !- Apply Saturday
  DateRange,                              !- Date Specification Type
  1,                                      !- Start Month
  1,                                      !- Start Day
  1,                                      !- End Month
  31;                                     !- End Day

OS:Schedule:Day,
  {4794860b-d07a-4178-8fae-984f95690be4}, !- Handle
  exterior lighting schedule weekday1,    !- Name
  {1f9c1b66-c7e4-4941-a342-bc041ffed04e}, !- Schedule Type Limits Name
  ,                                       !- Interpolate to Timestep
  5,                                      !- Hour 1
  0,                                      !- Minute 1
  0.434958518013411,                      !- Value Until Time 1
  6,                                      !- Hour 2
  0,                                      !- Minute 2
  0.349857938402091,                      !- Value Until Time 2
  7,                                      !- Hour 3
  0,                                      !- Minute 3
  0.330946698488465,                      !- Value Until Time 3
  8,                                      !- Hour 4
  0,                                      !- Minute 4
  0.321491078531651,                      !- Value Until Time 4
  9,                                      !- Hour 5
  0,                                      !- Minute 5
  0.312035458574838,                      !- Value Until Time 5
  10,                                     !- Hour 6
  0,                                      !- Minute 6
  0.264757358790772,                      !- Value Until Time 6
  11,                                     !- Hour 7
  0,                                      !- Minute 7
  0.208023639049892,                      !- Value Until Time 7
  12,                                     !- Hour 8
  0,                                      !- Minute 8
  0.141834299352199,                      !- Value Until Time 8
  13,                                     !- Hour 9
  0,                                      !- Minute 9
  0.113467439481759,                      !- Value Until Time 9
  15,                                     !- Hour 10
  0,                                      !- Minute 10
  0.104011819524946,                      !- Value Until Time 10
  16,                                     !- Hour 11
  0,                                      !- Minute 11
  0.113467439481759,                      !- Value Until Time 11
  17,                                     !- Hour 12
  0,                                      !- Minute 12
  0.179656779179452,                      !- Value Until Time 12
  18,                                     !- Hour 13
  0,                                      !- Minute 13
  0.349857938402091,                      !- Value Until Time 13
  19,                                     !- Hour 14
  0,                                      !- Minute 14
  0.463325377883851,                      !- Value Until Time 14
  20,                                     !- Hour 15
  0,                                      !- Minute 15
  0.614615297192863,                      !- Value Until Time 15
  21,                                     !- Hour 16
  0,                                      !- Minute 16
  0.860461416070008,                      !- Value Until Time 16
  22,                                     !- Hour 17
  0,                                      !- Minute 17
  0.992840095465394,                      !- Value Until Time 17
  23,                                     !- Hour 18
  0,                                      !- Minute 18
  0.860461416070008,                      !- Value Until Time 18
  24,                                     !- Hour 19
  0,                                      !- Minute 19
  0.595704057279236;                      !- Value Until Time 19

OS:Schedule:Rule,
  {93b06bf0-55c5-42cb-9a13-baa97b95ac9c}, !- Handle
  exterior lighting schedule weekend ruleset1, !- Name
  {d5c4e72f-1726-4687-8ac8-56743766611d}, !- Schedule Ruleset Name
  20,                                     !- Rule Order
  {b1776597-cdb6-41b4-8af2-9bb2b3428de2}, !- Day Schedule Name
  Yes,                                    !- Apply Sunday
  ,                                       !- Apply Monday
  ,                                       !- Apply Tuesday
  ,                                       !- Apply Wednesday
  ,                                       !- Apply Thursday
  ,                                       !- Apply Friday
  Yes,                                    !- Apply Saturday
  DateRange,                              !- Date Specification Type
  1,                                      !- Start Month
  1,                                      !- Start Day
  1,                                      !- End Month
  31;                                     !- End Day

OS:Schedule:Day,
  {b1776597-cdb6-41b4-8af2-9bb2b3428de2}, !- Handle
  exterior lighting schedule weekend1,    !- Name
  {1f9c1b66-c7e4-4941-a342-bc041ffed04e}, !- Schedule Type Limits Name
  ,                                       !- Interpolate to Timestep
  2,                                      !- Hour 1
  0,                                      !- Minute 1
  0.434958518013411,                      !- Value Until Time 1
  4,                                      !- Hour 2
  0,                                      !- Minute 2
  0.425502898056597,                      !- Value Until Time 2
  5,                                      !- Hour 3
  0,                                      !- Minute 3
  0.434958518013411,                      !- Value Until Time 3
  6,                                      !- Hour 4
  0,                                      !- Minute 4
  0.425502898056597,                      !- Value Until Time 4
  7,                                      !- Hour 5
  0,                                      !- Minute 5
  0.416047278099784,                      !- Value Until Time 5
  8,                                      !- Hour 6
  0,                                      !- Minute 6
  0.387680418229344,                      !- Value Until Time 6
  9,                                      !- Hour 7
  0,                                      !- Minute 7
  0.340402318445278,                      !- Value Until Time 7
  10,                                     !- Hour 8
  0,                                      !- Minute 8
  0.283668598704398,                      !- Value Until Time 8
  11,                                     !- Hour 9
  0,                                      !- Minute 9
  0.226934878963519,                      !- Value Until Time 9
  12,                                     !- Hour 10
  0,                                      !- Minute 10
  0.151289919309012,                      !- Value Until Time 10
  13,                                     !- Hour 11
  0,                                      !- Minute 11
  0.113467439481759,                      !- Value Until Time 11
  15,                                     !- Hour 12
  0,                                      !- Minute 12
  0.104011819524946,                      !- Value Until Time 12
  16,                                     !- Hour 13
  0,                                      !- Minute 13
  0.113467439481759,                      !- Value Until Time 13
  17,                                     !- Hour 14
  0,                                      !- Minute 14
  0.179656779179452,                      !- Value Until Time 14
  18,                                     !- Hour 15
  0,                                      !- Minute 15
  0.359313558358904,                      !- Value Until Time 15
  19,                                     !- Hour 16
  0,                                      !- Minute 16
  0.453869757927037,                      !- Value Until Time 16
  20,                                     !- Hour 17
  0,                                      !- Minute 17
  0.567337197408797,                      !- Value Until Time 17
  21,                                     !- Hour 18
  0,                                      !- Minute 18
  0.784816456415502,                      !- Value Until Time 18
  22,                                     !- Hour 19
  0,                                      !- Minute 19
  0.926650755767701,                      !- Value Until Time 19
  23,                                     !- Hour 20
  0,                                      !- Minute 20
  0.803727696329128,                      !- Value Until Time 20
  24,                                     !- Hour 21
  0,                                      !- Minute 21
  0.557881577451983;                      !- Value Until Time 21

OS:Schedule:Rule,
  {48485045-efca-47a1-a293-5d94f3d8655d}, !- Handle
  exterior lighting schedule weekday ruleset2, !- Name
  {d5c4e72f-1726-4687-8ac8-56743766611d}, !- Schedule Ruleset Name
  19,                                     !- Rule Order
  {f8bb5fcf-66a0-463b-bd96-84bf9c0a884b}, !- Day Schedule Name
  ,                                       !- Apply Sunday
  Yes,                                    !- Apply Monday
  Yes,                                    !- Apply Tuesday
  Yes,                                    !- Apply Wednesday
  Yes,                                    !- Apply Thursday
  Yes,                                    !- Apply Friday
  ,                                       !- Apply Saturday
  DateRange,                              !- Date Specification Type
  2,                                      !- Start Month
  1,                                      !- Start Day
  2,                                      !- End Month
  28;                                     !- End Day

OS:Schedule:Day,
  {f8bb5fcf-66a0-463b-bd96-84bf9c0a884b}, !- Handle
  exterior lighting schedule weekday2,    !- Name
  {1f9c1b66-c7e4-4941-a342-bc041ffed04e}, !- Schedule Type Limits Name
  ,                                       !- Interpolate to Timestep
  5,                                      !- Hour 1
  0,                                      !- Minute 1
  0.438095238095238,                      !- Value Until Time 1
  6,                                      !- Hour 2
  0,                                      !- Minute 2
  0.352380952380952,                      !- Value Until Time 2
  7,                                      !- Hour 3
  0,                                      !- Minute 3
  0.333333333333333,                      !- Value Until Time 3
  8,                                      !- Hour 4
  0,                                      !- Minute 4
  0.323809523809524,                      !- Value Until Time 4
  9,                                      !- Hour 5
  0,                                      !- Minute 5
  0.314285714285714,                      !- Value Until Time 5
  10,                                     !- Hour 6
  0,                                      !- Minute 6
  0.266666666666667,                      !- Value Until Time 6
  11,                                     !- Hour 7
  0,                                      !- Minute 7
  0.20952380952381,                       !- Value Until Time 7
  12,                                     !- Hour 8
  0,                                      !- Minute 8
  0.142857142857143,                      !- Value Until Time 8
  13,                                     !- Hour 9
  0,                                      !- Minute 9
  0.114285714285714,                      !- Value Until Time 9
  15,                                     !- Hour 10
  0,                                      !- Minute 10
  0.104761904761905,                      !- Value Until Time 10
  16,                                     !- Hour 11
  0,                                      !- Minute 11
  0.114285714285714,                      !- Value Until Time 11
  17,                                     !- Hour 12
  0,                                      !- Minute 12
  0.180952380952381,                      !- Value Until Time 12
  18,                                     !- Hour 13
  0,                                      !- Minute 13
  0.352380952380952,                      !- Value Until Time 13
  19,                                     !- Hour 14
  0,                                      !- Minute 14
  0.466666666666667,                      !- Value Until Time 14
  20,                                     !- Hour 15
  0,                                      !- Minute 15
  0.619047619047619,                      !- Value Until Time 15
  21,                                     !- Hour 16
  0,                                      !- Minute 16
  0.866666666666667,                      !- Value Until Time 16
  22,                                     !- Hour 17
  0,                                      !- Minute 17
  1,                                      !- Value Until Time 17
  23,                                     !- Hour 18
  0,                                      !- Minute 18
  0.866666666666667,                      !- Value Until Time 18
  24,                                     !- Hour 19
  0,                                      !- Minute 19
  0.6;                                    !- Value Until Time 19

OS:Schedule:Rule,
  {013f5a41-4033-41f2-85f0-9dfa42d2029a}, !- Handle
  exterior lighting schedule weekend ruleset2, !- Name
  {d5c4e72f-1726-4687-8ac8-56743766611d}, !- Schedule Ruleset Name
  18,                                     !- Rule Order
  {c494890d-36b9-4e3d-948d-64b45d451660}, !- Day Schedule Name
  Yes,                                    !- Apply Sunday
  ,                                       !- Apply Monday
  ,                                       !- Apply Tuesday
  ,                                       !- Apply Wednesday
  ,                                       !- Apply Thursday
  ,                                       !- Apply Friday
  Yes,                                    !- Apply Saturday
  DateRange,                              !- Date Specification Type
  2,                                      !- Start Month
  1,                                      !- Start Day
  2,                                      !- End Month
  28;                                     !- End Day

OS:Schedule:Day,
  {c494890d-36b9-4e3d-948d-64b45d451660}, !- Handle
  exterior lighting schedule weekend2,    !- Name
  {1f9c1b66-c7e4-4941-a342-bc041ffed04e}, !- Schedule Type Limits Name
  ,                                       !- Interpolate to Timestep
  2,                                      !- Hour 1
  0,                                      !- Minute 1
  0.438095238095238,                      !- Value Until Time 1
  4,                                      !- Hour 2
  0,                                      !- Minute 2
  0.428571428571429,                      !- Value Until Time 2
  5,                                      !- Hour 3
  0,                                      !- Minute 3
  0.438095238095238,                      !- Value Until Time 3
  6,                                      !- Hour 4
  0,                                      !- Minute 4
  0.428571428571429,                      !- Value Until Time 4
  7,                                      !- Hour 5
  0,                                      !- Minute 5
  0.419047619047619,                      !- Value Until Time 5
  8,                                      !- Hour 6
  0,                                      !- Minute 6
  0.390476190476191,                      !- Value Until Time 6
  9,                                      !- Hour 7
  0,                                      !- Minute 7
  0.342857142857143,                      !- Value Until Time 7
  10,                                     !- Hour 8
  0,                                      !- Minute 8
  0.285714285714286,                      !- Value Until Time 8
  11,                                     !- Hour 9
  0,                                      !- Minute 9
  0.228571428571429,                      !- Value Until Time 9
  12,                                     !- Hour 10
  0,                                      !- Minute 10
  0.152380952380952,                      !- Value Until Time 10
  13,                                     !- Hour 11
  0,                                      !- Minute 11
  0.114285714285714,                      !- Value Until Time 11
  15,                                     !- Hour 12
  0,                                      !- Minute 12
  0.104761904761905,                      !- Value Until Time 12
  16,                                     !- Hour 13
  0,                                      !- Minute 13
  0.114285714285714,                      !- Value Until Time 13
  17,                                     !- Hour 14
  0,                                      !- Minute 14
  0.180952380952381,                      !- Value Until Time 14
  18,                                     !- Hour 15
  0,                                      !- Minute 15
  0.361904761904762,                      !- Value Until Time 15
  19,                                     !- Hour 16
  0,                                      !- Minute 16
  0.457142857142857,                      !- Value Until Time 16
  20,                                     !- Hour 17
  0,                                      !- Minute 17
  0.571428571428571,                      !- Value Until Time 17
  21,                                     !- Hour 18
  0,                                      !- Minute 18
  0.790476190476191,                      !- Value Until Time 18
  22,                                     !- Hour 19
  0,                                      !- Minute 19
  0.933333333333333,                      !- Value Until Time 19
  23,                                     !- Hour 20
  0,                                      !- Minute 20
  0.80952380952381,                       !- Value Until Time 20
  24,                                     !- Hour 21
  0,                                      !- Minute 21
  0.561904761904762;                      !- Value Until Time 21

OS:Schedule:Rule,
  {3ee56291-c7dc-4684-b76f-4a459db2a170}, !- Handle
  exterior lighting schedule weekday ruleset3, !- Name
  {d5c4e72f-1726-4687-8ac8-56743766611d}, !- Schedule Ruleset Name
  17,                                     !- Rule Order
  {d357ae3a-943a-425b-bf82-92d5ff9c1d2f}, !- Day Schedule Name
  ,                                       !- Apply Sunday
  Yes,                                    !- Apply Monday
  Yes,                                    !- Apply Tuesday
  Yes,                                    !- Apply Wednesday
  Yes,                                    !- Apply Thursday
  Yes,                                    !- Apply Friday
  ,                                       !- Apply Saturday
  DateRange,                              !- Date Specification Type
  3,                                      !- Start Month
  1,                                      !- Start Day
  3,                                      !- End Month
  31;                                     !- End Day

OS:Schedule:Day,
  {d357ae3a-943a-425b-bf82-92d5ff9c1d2f}, !- Handle
  exterior lighting schedule weekday3,    !- Name
  {1f9c1b66-c7e4-4941-a342-bc041ffed04e}, !- Schedule Type Limits Name
  ,                                       !- Interpolate to Timestep
  5,                                      !- Hour 1
  0,                                      !- Minute 1
  0.346084782361632,                      !- Value Until Time 1
  6,                                      !- Hour 2
  0,                                      !- Minute 2
  0.278372542334356,                      !- Value Until Time 2
  7,                                      !- Hour 3
  0,                                      !- Minute 3
  0.26332537788385,                       !- Value Until Time 3
  8,                                      !- Hour 4
  0,                                      !- Minute 4
  0.255801795658598,                      !- Value Until Time 4
  9,                                      !- Hour 5
  0,                                      !- Minute 5
  0.248278213433345,                      !- Value Until Time 5
  10,                                     !- Hour 6
  0,                                      !- Minute 6
  0.21066030230708,                       !- Value Until Time 6
  11,                                     !- Hour 7
  0,                                      !- Minute 7
  0.165518808955563,                      !- Value Until Time 7
  12,                                     !- Hour 8
  0,                                      !- Minute 8
  0.112853733378793,                      !- Value Until Time 8
  13,                                     !- Hour 9
  0,                                      !- Minute 9
  0.0902829867030344,                     !- Value Until Time 9
  15,                                     !- Hour 10
  0,                                      !- Minute 10
  0.0827594044777816,                     !- Value Until Time 10
  16,                                     !- Hour 11
  0,                                      !- Minute 11
  0.0902829867030344,                     !- Value Until Time 11
  17,                                     !- Hour 12
  0,                                      !- Minute 12
  0.142948062279805,                      !- Value Until Time 12
  18,                                     !- Hour 13
  0,                                      !- Minute 13
  0.278372542334356,                      !- Value Until Time 13
  19,                                     !- Hour 14
  0,                                      !- Minute 14
  0.368655529037391,                      !- Value Until Time 14
  20,                                     !- Hour 15
  0,                                      !- Minute 15
  0.489032844641437,                      !- Value Until Time 15
  21,                                     !- Hour 16
  0,                                      !- Minute 16
  0.684645982498011,                      !- Value Until Time 16
  22,                                     !- Hour 17
  0,                                      !- Minute 17
  0.789976133651551,                      !- Value Until Time 17
  23,                                     !- Hour 18
  0,                                      !- Minute 18
  0.684645982498011,                      !- Value Until Time 18
  24,                                     !- Hour 19
  0,                                      !- Minute 19
  0.473985680190931;                      !- Value Until Time 19

OS:Schedule:Rule,
  {fd62582c-6ba9-473f-80f1-970f7cf8b04e}, !- Handle
  exterior lighting schedule weekend ruleset3, !- Name
  {d5c4e72f-1726-4687-8ac8-56743766611d}, !- Schedule Ruleset Name
  16,                                     !- Rule Order
  {f443ae03-79aa-4167-b4a1-8ad3032c7c09}, !- Day Schedule Name
  Yes,                                    !- Apply Sunday
  ,                                       !- Apply Monday
  ,                                       !- Apply Tuesday
  ,                                       !- Apply Wednesday
  ,                                       !- Apply Thursday
  ,                                       !- Apply Friday
  Yes,                                    !- Apply Saturday
  DateRange,                              !- Date Specification Type
  3,                                      !- Start Month
  1,                                      !- Start Day
  3,                                      !- End Month
  31;                                     !- End Day

OS:Schedule:Day,
  {f443ae03-79aa-4167-b4a1-8ad3032c7c09}, !- Handle
  exterior lighting schedule weekend3,    !- Name
  {1f9c1b66-c7e4-4941-a342-bc041ffed04e}, !- Schedule Type Limits Name
  ,                                       !- Interpolate to Timestep
  2,                                      !- Hour 1
  0,                                      !- Minute 1
  0.346084782361632,                      !- Value Until Time 1
  4,                                      !- Hour 2
  0,                                      !- Minute 2
  0.338561200136379,                      !- Value Until Time 2
  5,                                      !- Hour 3
  0,                                      !- Minute 3
  0.346084782361632,                      !- Value Until Time 3
  6,                                      !- Hour 4
  0,                                      !- Minute 4
  0.338561200136379,                      !- Value Until Time 4
  7,                                      !- Hour 5
  0,                                      !- Minute 5
  0.331037617911126,                      !- Value Until Time 5
  8,                                      !- Hour 6
  0,                                      !- Minute 6
  0.308466871235368,                      !- Value Until Time 6
  9,                                      !- Hour 7
  0,                                      !- Minute 7
  0.270848960109103,                      !- Value Until Time 7
  10,                                     !- Hour 8
  0,                                      !- Minute 8
  0.225707466757586,                      !- Value Until Time 8
  11,                                     !- Hour 9
  0,                                      !- Minute 9
  0.180565973406069,                      !- Value Until Time 9
  12,                                     !- Hour 10
  0,                                      !- Minute 10
  0.120377315604046,                      !- Value Until Time 10
  13,                                     !- Hour 11
  0,                                      !- Minute 11
  0.0902829867030344,                     !- Value Until Time 11
  15,                                     !- Hour 12
  0,                                      !- Minute 12
  0.0827594044777816,                     !- Value Until Time 12
  16,                                     !- Hour 13
  0,                                      !- Minute 13
  0.0902829867030344,                     !- Value Until Time 13
  17,                                     !- Hour 14
  0,                                      !- Minute 14
  0.142948062279805,                      !- Value Until Time 14
  18,                                     !- Hour 15
  0,                                      !- Minute 15
  0.285896124559609,                      !- Value Until Time 15
  19,                                     !- Hour 16
  0,                                      !- Minute 16
  0.361131946812138,                      !- Value Until Time 16
  20,                                     !- Hour 17
  0,                                      !- Minute 17
  0.451414933515172,                      !- Value Until Time 17
  21,                                     !- Hour 18
  0,                                      !- Minute 18
  0.624457324695988,                      !- Value Until Time 18
  22,                                     !- Hour 19
  0,                                      !- Minute 19
  0.737311058074781,                      !- Value Until Time 19
  23,                                     !- Hour 20
  0,                                      !- Minute 20
  0.639504489146494,                      !- Value Until Time 20
  24,                                     !- Hour 21
  0,                                      !- Minute 21
  0.443891351289919;                      !- Value Until Time 21

OS:Schedule:Rule,
  {ea37aaa7-b03b-4d3f-9c54-97a3c425071e}, !- Handle
  exterior lighting schedule weekday ruleset4, !- Name
  {d5c4e72f-1726-4687-8ac8-56743766611d}, !- Schedule Ruleset Name
  15,                                     !- Rule Order
  {842addbb-146c-42e7-9c10-e5e35e7cae08}, !- Day Schedule Name
  ,                                       !- Apply Sunday
  Yes,                                    !- Apply Monday
  Yes,                                    !- Apply Tuesday
  Yes,                                    !- Apply Wednesday
  Yes,                                    !- Apply Thursday
  Yes,                                    !- Apply Friday
  ,                                       !- Apply Saturday
  DateRange,                              !- Date Specification Type
  4,                                      !- Start Month
  1,                                      !- Start Day
  4,                                      !- End Month
  30;                                     !- End Day

OS:Schedule:Day,
  {842addbb-146c-42e7-9c10-e5e35e7cae08}, !- Handle
  exterior lighting schedule weekday4,    !- Name
  {1f9c1b66-c7e4-4941-a342-bc041ffed04e}, !- Schedule Type Limits Name
  ,                                       !- Interpolate to Timestep
  5,                                      !- Hour 1
  0,                                      !- Minute 1
  0.344690684547486,                      !- Value Until Time 1
  6,                                      !- Hour 2
  0,                                      !- Minute 2
  0.277251202788196,                      !- Value Until Time 2
  7,                                      !- Hour 3
  0,                                      !- Minute 3
  0.262264651286131,                      !- Value Until Time 3
  8,                                      !- Hour 4
  0,                                      !- Minute 4
  0.254771375535099,                      !- Value Until Time 4
  9,                                      !- Hour 5
  0,                                      !- Minute 5
  0.247278099784066,                      !- Value Until Time 5
  10,                                     !- Hour 6
  0,                                      !- Minute 6
  0.209811721028905,                      !- Value Until Time 6
  11,                                     !- Hour 7
  0,                                      !- Minute 7
  0.164852066522711,                      !- Value Until Time 7
  12,                                     !- Hour 8
  0,                                      !- Minute 8
  0.112399136265485,                      !- Value Until Time 8
  13,                                     !- Hour 9
  0,                                      !- Minute 9
  0.0899193090123878,                     !- Value Until Time 9
  15,                                     !- Hour 10
  0,                                      !- Minute 10
  0.0824260332613555,                     !- Value Until Time 10
  16,                                     !- Hour 11
  0,                                      !- Minute 11
  0.0899193090123878,                     !- Value Until Time 11
  17,                                     !- Hour 12
  0,                                      !- Minute 12
  0.142372239269614,                      !- Value Until Time 12
  18,                                     !- Hour 13
  0,                                      !- Minute 13
  0.277251202788196,                      !- Value Until Time 13
  19,                                     !- Hour 14
  0,                                      !- Minute 14
  0.367170511800583,                      !- Value Until Time 14
  20,                                     !- Hour 15
  0,                                      !- Minute 15
  0.4870629238171,                        !- Value Until Time 15
  21,                                     !- Hour 16
  0,                                      !- Minute 16
  0.681888093343941,                      !- Value Until Time 16
  22,                                     !- Hour 17
  0,                                      !- Minute 17
  0.786793953858393,                      !- Value Until Time 17
  23,                                     !- Hour 18
  0,                                      !- Minute 18
  0.681888093343941,                      !- Value Until Time 18
  24,                                     !- Hour 19
  0,                                      !- Minute 19
  0.472076372315036;                      !- Value Until Time 19

OS:Schedule:Rule,
  {44df8116-d563-478f-b6e1-6ce6119ea11f}, !- Handle
  exterior lighting schedule weekend ruleset4, !- Name
  {d5c4e72f-1726-4687-8ac8-56743766611d}, !- Schedule Ruleset Name
  14,                                     !- Rule Order
  {566f4560-7933-4114-b1fe-f1bc569f9a5b}, !- Day Schedule Name
  Yes,                                    !- Apply Sunday
  ,                                       !- Apply Monday
  ,                                       !- Apply Tuesday
  ,                                       !- Apply Wednesday
  ,                                       !- Apply Thursday
  ,                                       !- Apply Friday
  Yes,                                    !- Apply Saturday
  DateRange,                              !- Date Specification Type
  4,                                      !- Start Month
  1,                                      !- Start Day
  4,                                      !- End Month
  30;                                     !- End Day

OS:Schedule:Day,
  {566f4560-7933-4114-b1fe-f1bc569f9a5b}, !- Handle
  exterior lighting schedule weekend4,    !- Name
  {1f9c1b66-c7e4-4941-a342-bc041ffed04e}, !- Schedule Type Limits Name
  ,                                       !- Interpolate to Timestep
  2,                                      !- Hour 1
  0,                                      !- Minute 1
  0.344690684547486,                      !- Value Until Time 1
  4,                                      !- Hour 2
  0,                                      !- Minute 2
  0.337197408796454,                      !- Value Until Time 2
  5,                                      !- Hour 3
  0,                                      !- Minute 3
  0.344690684547486,                      !- Value Until Time 3
  6,                                      !- Hour 4
  0,                                      !- Minute 4
  0.337197408796454,                      !- Value Until Time 4
  7,                                      !- Hour 5
  0,                                      !- Minute 5
  0.329704133045422,                      !- Value Until Time 5
  8,                                      !- Hour 6
  0,                                      !- Minute 6
  0.307224305792325,                      !- Value Until Time 6
  9,                                      !- Hour 7
  0,                                      !- Minute 7
  0.269757927037163,                      !- Value Until Time 7
  10,                                     !- Hour 8
  0,                                      !- Minute 8
  0.224798272530969,                      !- Value Until Time 8
  11,                                     !- Hour 9
  0,                                      !- Minute 9
  0.179838618024776,                      !- Value Until Time 9
  12,                                     !- Hour 10
  0,                                      !- Minute 10
  0.119892412016517,                      !- Value Until Time 10
  13,                                     !- Hour 11
  0,                                      !- Minute 11
  0.0899193090123878,                     !- Value Until Time 11
  15,                                     !- Hour 12
  0,                                      !- Minute 12
  0.0824260332613555,                     !- Value Until Time 12
  16,                                     !- Hour 13
  0,                                      !- Minute 13
  0.0899193090123878,                     !- Value Until Time 13
  17,                                     !- Hour 14
  0,                                      !- Minute 14
  0.142372239269614,                      !- Value Until Time 14
  18,                                     !- Hour 15
  0,                                      !- Minute 15
  0.284744478539228,                      !- Value Until Time 15
  19,                                     !- Hour 16
  0,                                      !- Minute 16
  0.359677236049551,                      !- Value Until Time 16
  20,                                     !- Hour 17
  0,                                      !- Minute 17
  0.449596545061939,                      !- Value Until Time 17
  21,                                     !- Hour 18
  0,                                      !- Minute 18
  0.621941887335682,                      !- Value Until Time 18
  22,                                     !- Hour 19
  0,                                      !- Minute 19
  0.734341023601167,                      !- Value Until Time 19
  23,                                     !- Hour 20
  0,                                      !- Minute 20
  0.636928438837747,                      !- Value Until Time 20
  24,                                     !- Hour 21
  0,                                      !- Minute 21
  0.442103269310907;                      !- Value Until Time 21

OS:Schedule:Rule,
  {66f4a336-199b-4f19-be4f-4f94e7d492e7}, !- Handle
  exterior lighting schedule weekday ruleset5, !- Name
  {d5c4e72f-1726-4687-8ac8-56743766611d}, !- Schedule Ruleset Name
  13,                                     !- Rule Order
  {ebf89769-fcf5-422c-95ce-b0902cf91ec4}, !- Day Schedule Name
  ,                                       !- Apply Sunday
  Yes,                                    !- Apply Monday
  Yes,                                    !- Apply Tuesday
  Yes,                                    !- Apply Wednesday
  Yes,                                    !- Apply Thursday
  Yes,                                    !- Apply Friday
  ,                                       !- Apply Saturday
  DateRange,                              !- Date Specification Type
  5,                                      !- Start Month
  1,                                      !- Start Day
  5,                                      !- End Month
  31;                                     !- End Day

OS:Schedule:Day,
  {ebf89769-fcf5-422c-95ce-b0902cf91ec4}, !- Handle
  exterior lighting schedule weekday5,    !- Name
  {1f9c1b66-c7e4-4941-a342-bc041ffed04e}, !- Schedule Type Limits Name
  ,                                       !- Interpolate to Timestep
  5,                                      !- Hour 1
  0,                                      !- Minute 1
  0.346084782361632,                      !- Value Until Time 1
  6,                                      !- Hour 2
  0,                                      !- Minute 2
  0.278372542334356,                      !- Value Until Time 2
  7,                                      !- Hour 3
  0,                                      !- Minute 3
  0.26332537788385,                       !- Value Until Time 3
  8,                                      !- Hour 4
  0,                                      !- Minute 4
  0.255801795658598,                      !- Value Until Time 4
  9,                                      !- Hour 5
  0,                                      !- Minute 5
  0.248278213433345,                      !- Value Until Time 5
  10,                                     !- Hour 6
  0,                                      !- Minute 6
  0.21066030230708,                       !- Value Until Time 6
  11,                                     !- Hour 7
  0,                                      !- Minute 7
  0.165518808955563,                      !- Value Until Time 7
  12,                                     !- Hour 8
  0,                                      !- Minute 8
  0.112853733378793,                      !- Value Until Time 8
  13,                                     !- Hour 9
  0,                                      !- Minute 9
  0.0902829867030344,                     !- Value Until Time 9
  15,                                     !- Hour 10
  0,                                      !- Minute 10
  0.0827594044777816,                     !- Value Until Time 10
  16,                                     !- Hour 11
  0,                                      !- Minute 11
  0.0902829867030344,                     !- Value Until Time 11
  17,                                     !- Hour 12
  0,                                      !- Minute 12
  0.142948062279805,                      !- Value Until Time 12
  18,                                     !- Hour 13
  0,                                      !- Minute 13
  0.278372542334356,                      !- Value Until Time 13
  19,                                     !- Hour 14
  0,                                      !- Minute 14
  0.368655529037391,                      !- Value Until Time 14
  20,                                     !- Hour 15
  0,                                      !- Minute 15
  0.489032844641437,                      !- Value Until Time 15
  21,                                     !- Hour 16
  0,                                      !- Minute 16
  0.684645982498011,                      !- Value Until Time 16
  22,                                     !- Hour 17
  0,                                      !- Minute 17
  0.789976133651551,                      !- Value Until Time 17
  23,                                     !- Hour 18
  0,                                      !- Minute 18
  0.684645982498011,                      !- Value Until Time 18
  24,                                     !- Hour 19
  0,                                      !- Minute 19
  0.473985680190931;                      !- Value Until Time 19

OS:Schedule:Rule,
  {860ff204-9baa-4e88-ba22-51855e95b895}, !- Handle
  exterior lighting schedule weekend ruleset5, !- Name
  {d5c4e72f-1726-4687-8ac8-56743766611d}, !- Schedule Ruleset Name
  12,                                     !- Rule Order
  {7bb4f1f2-2f70-427a-8ab7-02670836669c}, !- Day Schedule Name
  Yes,                                    !- Apply Sunday
  ,                                       !- Apply Monday
  ,                                       !- Apply Tuesday
  ,                                       !- Apply Wednesday
  ,                                       !- Apply Thursday
  ,                                       !- Apply Friday
  Yes,                                    !- Apply Saturday
  DateRange,                              !- Date Specification Type
  5,                                      !- Start Month
  1,                                      !- Start Day
  5,                                      !- End Month
  31;                                     !- End Day

OS:Schedule:Day,
  {7bb4f1f2-2f70-427a-8ab7-02670836669c}, !- Handle
  exterior lighting schedule weekend5,    !- Name
  {1f9c1b66-c7e4-4941-a342-bc041ffed04e}, !- Schedule Type Limits Name
  ,                                       !- Interpolate to Timestep
  2,                                      !- Hour 1
  0,                                      !- Minute 1
  0.346084782361632,                      !- Value Until Time 1
  4,                                      !- Hour 2
  0,                                      !- Minute 2
  0.338561200136379,                      !- Value Until Time 2
  5,                                      !- Hour 3
  0,                                      !- Minute 3
  0.346084782361632,                      !- Value Until Time 3
  6,                                      !- Hour 4
  0,                                      !- Minute 4
  0.338561200136379,                      !- Value Until Time 4
  7,                                      !- Hour 5
  0,                                      !- Minute 5
  0.331037617911126,                      !- Value Until Time 5
  8,                                      !- Hour 6
  0,                                      !- Minute 6
  0.308466871235368,                      !- Value Until Time 6
  9,                                      !- Hour 7
  0,                                      !- Minute 7
  0.270848960109103,                      !- Value Until Time 7
  10,                                     !- Hour 8
  0,                                      !- Minute 8
  0.225707466757586,                      !- Value Until Time 8
  11,                                     !- Hour 9
  0,                                      !- Minute 9
  0.180565973406069,                      !- Value Until Time 9
  12,                                     !- Hour 10
  0,                                      !- Minute 10
  0.120377315604046,                      !- Value Until Time 10
  13,                                     !- Hour 11
  0,                                      !- Minute 11
  0.0902829867030344,                     !- Value Until Time 11
  15,                                     !- Hour 12
  0,                                      !- Minute 12
  0.0827594044777816,                     !- Value Until Time 12
  16,                                     !- Hour 13
  0,                                      !- Minute 13
  0.0902829867030344,                     !- Value Until Time 13
  17,                                     !- Hour 14
  0,                                      !- Minute 14
  0.142948062279805,                      !- Value Until Time 14
  18,                                     !- Hour 15
  0,                                      !- Minute 15
  0.285896124559609,                      !- Value Until Time 15
  19,                                     !- Hour 16
  0,                                      !- Minute 16
  0.361131946812138,                      !- Value Until Time 16
  20,                                     !- Hour 17
  0,                                      !- Minute 17
  0.451414933515172,                      !- Value Until Time 17
  21,                                     !- Hour 18
  0,                                      !- Minute 18
  0.624457324695988,                      !- Value Until Time 18
  22,                                     !- Hour 19
  0,                                      !- Minute 19
  0.737311058074781,                      !- Value Until Time 19
  23,                                     !- Hour 20
  0,                                      !- Minute 20
  0.639504489146494,                      !- Value Until Time 20
  24,                                     !- Hour 21
  0,                                      !- Minute 21
  0.443891351289919;                      !- Value Until Time 21

OS:Schedule:Rule,
  {852c76cc-03a4-493e-983e-d25800c4c522}, !- Handle
  exterior lighting schedule weekday ruleset6, !- Name
  {d5c4e72f-1726-4687-8ac8-56743766611d}, !- Schedule Ruleset Name
  11,                                     !- Rule Order
  {5e65560b-d0eb-4610-a110-211ed8f298d1}, !- Day Schedule Name
  ,                                       !- Apply Sunday
  Yes,                                    !- Apply Monday
  Yes,                                    !- Apply Tuesday
  Yes,                                    !- Apply Wednesday
  Yes,                                    !- Apply Thursday
  Yes,                                    !- Apply Friday
  ,                                       !- Apply Saturday
  DateRange,                              !- Date Specification Type
  6,                                      !- Start Month
  1,                                      !- Start Day
  6,                                      !- End Month
  30;                                     !- End Day

OS:Schedule:Day,
  {5e65560b-d0eb-4610-a110-211ed8f298d1}, !- Handle
  exterior lighting schedule weekday6,    !- Name
  {1f9c1b66-c7e4-4941-a342-bc041ffed04e}, !- Schedule Type Limits Name
  ,                                       !- Interpolate to Timestep
  5,                                      !- Hour 1
  0,                                      !- Minute 1
  0.288229723074592,                      !- Value Until Time 1
  6,                                      !- Hour 2
  0,                                      !- Minute 2
  0.231836951168693,                      !- Value Until Time 2
  7,                                      !- Hour 3
  0,                                      !- Minute 3
  0.219305224078494,                      !- Value Until Time 3
  8,                                      !- Hour 4
  0,                                      !- Minute 4
  0.213039360533394,                      !- Value Until Time 4
  9,                                      !- Hour 5
  0,                                      !- Minute 5
  0.206773496988294,                      !- Value Until Time 5
  10,                                     !- Hour 6
  0,                                      !- Minute 6
  0.175444179262795,                      !- Value Until Time 6
  11,                                     !- Hour 7
  0,                                      !- Minute 7
  0.137848997992196,                      !- Value Until Time 7
  12,                                     !- Hour 8
  0,                                      !- Minute 8
  0.0939879531764973,                     !- Value Until Time 8
  13,                                     !- Hour 9
  0,                                      !- Minute 9
  0.0751903625411979,                     !- Value Until Time 9
  15,                                     !- Hour 10
  0,                                      !- Minute 10
  0.068924498996098,                      !- Value Until Time 10
  16,                                     !- Hour 11
  0,                                      !- Minute 11
  0.0751903625411979,                     !- Value Until Time 11
  17,                                     !- Hour 12
  0,                                      !- Minute 12
  0.119051407356897,                      !- Value Until Time 12
  18,                                     !- Hour 13
  0,                                      !- Minute 13
  0.231836951168693,                      !- Value Until Time 13
  19,                                     !- Hour 14
  0,                                      !- Minute 14
  0.307027313709891,                      !- Value Until Time 14
  20,                                     !- Hour 15
  0,                                      !- Minute 15
  0.407281130431488,                      !- Value Until Time 15
  21,                                     !- Hour 16
  0,                                      !- Minute 16
  0.570193582604084,                      !- Value Until Time 16
  22,                                     !- Hour 17
  0,                                      !- Minute 17
  0.657915672235481,                      !- Value Until Time 17
  23,                                     !- Hour 18
  0,                                      !- Minute 18
  0.570193582604084,                      !- Value Until Time 18
  24,                                     !- Hour 19
  0,                                      !- Minute 19
  0.394749403341289;                      !- Value Until Time 19

OS:Schedule:Rule,
  {1575eb30-d357-4fcd-9d38-bfee70d97e22}, !- Handle
  exterior lighting schedule weekend ruleset6, !- Name
  {d5c4e72f-1726-4687-8ac8-56743766611d}, !- Schedule Ruleset Name
  10,                                     !- Rule Order
  {6d9e61db-db8d-4373-8262-86793338e349}, !- Day Schedule Name
  Yes,                                    !- Apply Sunday
  ,                                       !- Apply Monday
  ,                                       !- Apply Tuesday
  ,                                       !- Apply Wednesday
  ,                                       !- Apply Thursday
  ,                                       !- Apply Friday
  Yes,                                    !- Apply Saturday
  DateRange,                              !- Date Specification Type
  6,                                      !- Start Month
  1,                                      !- Start Day
  6,                                      !- End Month
  30;                                     !- End Day

OS:Schedule:Day,
  {6d9e61db-db8d-4373-8262-86793338e349}, !- Handle
  exterior lighting schedule weekend6,    !- Name
  {1f9c1b66-c7e4-4941-a342-bc041ffed04e}, !- Schedule Type Limits Name
  ,                                       !- Interpolate to Timestep
  2,                                      !- Hour 1
  0,                                      !- Minute 1
  0.288229723074592,                      !- Value Until Time 1
  4,                                      !- Hour 2
  0,                                      !- Minute 2
  0.281963859529492,                      !- Value Until Time 2
  5,                                      !- Hour 3
  0,                                      !- Minute 3
  0.288229723074592,                      !- Value Until Time 3
  6,                                      !- Hour 4
  0,                                      !- Minute 4
  0.281963859529492,                      !- Value Until Time 4
  7,                                      !- Hour 5
  0,                                      !- Minute 5
  0.275697995984392,                      !- Value Until Time 5
  8,                                      !- Hour 6
  0,                                      !- Minute 6
  0.256900405349093,                      !- Value Until Time 6
  9,                                      !- Hour 7
  0,                                      !- Minute 7
  0.225571087623594,                      !- Value Until Time 7
  10,                                     !- Hour 8
  0,                                      !- Minute 8
  0.187975906352995,                      !- Value Until Time 8
  11,                                     !- Hour 9
  0,                                      !- Minute 9
  0.150380725082396,                      !- Value Until Time 9
  12,                                     !- Hour 10
  0,                                      !- Minute 10
  0.100253816721597,                      !- Value Until Time 10
  13,                                     !- Hour 11
  0,                                      !- Minute 11
  0.0751903625411979,                     !- Value Until Time 11
  15,                                     !- Hour 12
  0,                                      !- Minute 12
  0.068924498996098,                      !- Value Until Time 12
  16,                                     !- Hour 13
  0,                                      !- Minute 13
  0.0751903625411979,                     !- Value Until Time 13
  17,                                     !- Hour 14
  0,                                      !- Minute 14
  0.119051407356897,                      !- Value Until Time 14
  18,                                     !- Hour 15
  0,                                      !- Minute 15
  0.238102814713793,                      !- Value Until Time 15
  19,                                     !- Hour 16
  0,                                      !- Minute 16
  0.300761450164791,                      !- Value Until Time 16
  20,                                     !- Hour 17
  0,                                      !- Minute 17
  0.375951812705989,                      !- Value Until Time 17
  21,                                     !- Hour 18
  0,                                      !- Minute 18
  0.520066674243285,                      !- Value Until Time 18
  22,                                     !- Hour 19
  0,                                      !- Minute 19
  0.614054627419783,                      !- Value Until Time 19
  23,                                     !- Hour 20
  0,                                      !- Minute 20
  0.532598401333485,                      !- Value Until Time 20
  24,                                     !- Hour 21
  0,                                      !- Minute 21
  0.369685949160889;                      !- Value Until Time 21

OS:Schedule:Rule,
  {63c4ca92-9152-4a7a-b7bf-c21544e8e229}, !- Handle
  exterior lighting schedule weekday ruleset7, !- Name
  {d5c4e72f-1726-4687-8ac8-56743766611d}, !- Schedule Ruleset Name
  9,                                      !- Rule Order
  {e69db218-cfb7-4f7b-bc9f-ddb25c28370b}, !- Day Schedule Name
  ,                                       !- Apply Sunday
  Yes,                                    !- Apply Monday
  Yes,                                    !- Apply Tuesday
  Yes,                                    !- Apply Wednesday
  Yes,                                    !- Apply Thursday
  Yes,                                    !- Apply Friday
  ,                                       !- Apply Saturday
  DateRange,                              !- Date Specification Type
  7,                                      !- Start Month
  1,                                      !- Start Day
  8,                                      !- End Month
  31;                                     !- End Day

OS:Schedule:Day,
  {e69db218-cfb7-4f7b-bc9f-ddb25c28370b}, !- Handle
  exterior lighting schedule weekday7,    !- Name
  {1f9c1b66-c7e4-4941-a342-bc041ffed04e}, !- Schedule Type Limits Name
  ,                                       !- Interpolate to Timestep
  5,                                      !- Hour 1
  0,                                      !- Minute 1
  0.286138576353373,                      !- Value Until Time 1
  6,                                      !- Hour 2
  0,                                      !- Minute 2
  0.230154941849453,                      !- Value Until Time 2
  7,                                      !- Hour 3
  0,                                      !- Minute 3
  0.217714134181915,                      !- Value Until Time 3
  8,                                      !- Hour 4
  0,                                      !- Minute 4
  0.211493730348146,                      !- Value Until Time 4
  9,                                      !- Hour 5
  0,                                      !- Minute 5
  0.205273326514377,                      !- Value Until Time 5
  10,                                     !- Hour 6
  0,                                      !- Minute 6
  0.174171307345532,                      !- Value Until Time 6
  11,                                     !- Hour 7
  0,                                      !- Minute 7
  0.136848884342918,                      !- Value Until Time 7
  12,                                     !- Hour 8
  0,                                      !- Minute 8
  0.0933060575065348,                     !- Value Until Time 8
  13,                                     !- Hour 9
  0,                                      !- Minute 9
  0.0746448460052279,                     !- Value Until Time 9
  15,                                     !- Hour 10
  0,                                      !- Minute 10
  0.0684244421714589,                     !- Value Until Time 10
  16,                                     !- Hour 11
  0,                                      !- Minute 11
  0.0746448460052279,                     !- Value Until Time 11
  17,                                     !- Hour 12
  0,                                      !- Minute 12
  0.118187672841611,                      !- Value Until Time 12
  18,                                     !- Hour 13
  0,                                      !- Minute 13
  0.230154941849453,                      !- Value Until Time 13
  19,                                     !- Hour 14
  0,                                      !- Minute 14
  0.30479978785468,                       !- Value Until Time 14
  20,                                     !- Hour 15
  0,                                      !- Minute 15
  0.404326249194984,                      !- Value Until Time 15
  21,                                     !- Hour 16
  0,                                      !- Minute 16
  0.566056748872978,                      !- Value Until Time 16
  22,                                     !- Hour 17
  0,                                      !- Minute 17
  0.653142402545744,                      !- Value Until Time 17
  23,                                     !- Hour 18
  0,                                      !- Minute 18
  0.566056748872978,                      !- Value Until Time 18
  24,                                     !- Hour 19
  0,                                      !- Minute 19
  0.391885441527446;                      !- Value Until Time 19

OS:Schedule:Rule,
  {56ad40bb-a585-4adb-b4c6-98cd528667a3}, !- Handle
  exterior lighting schedule weekend ruleset7, !- Name
  {d5c4e72f-1726-4687-8ac8-56743766611d}, !- Schedule Ruleset Name
  8,                                      !- Rule Order
  {77849710-a5fa-4cd9-909b-29aa1d6684a4}, !- Day Schedule Name
  Yes,                                    !- Apply Sunday
  ,                                       !- Apply Monday
  ,                                       !- Apply Tuesday
  ,                                       !- Apply Wednesday
  ,                                       !- Apply Thursday
  ,                                       !- Apply Friday
  Yes,                                    !- Apply Saturday
  DateRange,                              !- Date Specification Type
  7,                                      !- Start Month
  1,                                      !- Start Day
  8,                                      !- End Month
  31;                                     !- End Day

OS:Schedule:Day,
  {77849710-a5fa-4cd9-909b-29aa1d6684a4}, !- Handle
  exterior lighting schedule weekend7,    !- Name
  {1f9c1b66-c7e4-4941-a342-bc041ffed04e}, !- Schedule Type Limits Name
  ,                                       !- Interpolate to Timestep
  2,                                      !- Hour 1
  0,                                      !- Minute 1
  0.286138576353373,                      !- Value Until Time 1
  4,                                      !- Hour 2
  0,                                      !- Minute 2
  0.279918172519604,                      !- Value Until Time 2
  5,                                      !- Hour 3
  0,                                      !- Minute 3
  0.286138576353373,                      !- Value Until Time 3
  6,                                      !- Hour 4
  0,                                      !- Minute 4
  0.279918172519604,                      !- Value Until Time 4
  7,                                      !- Hour 5
  0,                                      !- Minute 5
  0.273697768685836,                      !- Value Until Time 5
  8,                                      !- Hour 6
  0,                                      !- Minute 6
  0.255036557184529,                      !- Value Until Time 6
  9,                                      !- Hour 7
  0,                                      !- Minute 7
  0.223934538015684,                      !- Value Until Time 7
  10,                                     !- Hour 8
  0,                                      !- Minute 8
  0.18661211501307,                       !- Value Until Time 8
  11,                                     !- Hour 9
  0,                                      !- Minute 9
  0.149289692010456,                      !- Value Until Time 9
  12,                                     !- Hour 10
  0,                                      !- Minute 10
  0.0995264613403038,                     !- Value Until Time 10
  13,                                     !- Hour 11
  0,                                      !- Minute 11
  0.0746448460052279,                     !- Value Until Time 11
  15,                                     !- Hour 12
  0,                                      !- Minute 12
  0.0684244421714589,                     !- Value Until Time 12
  16,                                     !- Hour 13
  0,                                      !- Minute 13
  0.0746448460052279,                     !- Value Until Time 13
  17,                                     !- Hour 14
  0,                                      !- Minute 14
  0.118187672841611,                      !- Value Until Time 14
  18,                                     !- Hour 15
  0,                                      !- Minute 15
  0.236375345683222,                      !- Value Until Time 15
  19,                                     !- Hour 16
  0,                                      !- Minute 16
  0.298579384020911,                      !- Value Until Time 16
  20,                                     !- Hour 17
  0,                                      !- Minute 17
  0.373224230026139,                      !- Value Until Time 17
  21,                                     !- Hour 18
  0,                                      !- Minute 18
  0.516293518202826,                      !- Value Until Time 18
  22,                                     !- Hour 19
  0,                                      !- Minute 19
  0.609599575709361,                      !- Value Until Time 19
  23,                                     !- Hour 20
  0,                                      !- Minute 20
  0.528734325870364,                      !- Value Until Time 20
  24,                                     !- Hour 21
  0,                                      !- Minute 21
  0.36700382619237;                       !- Value Until Time 21

OS:Schedule:Rule,
  {0626f821-a51c-47aa-a4dc-5a5d3f2a56f3}, !- Handle
  exterior lighting schedule weekday ruleset9, !- Name
  {d5c4e72f-1726-4687-8ac8-56743766611d}, !- Schedule Ruleset Name
  7,                                      !- Rule Order
  {9c6fae87-d33a-441a-a55b-ddf86608426b}, !- Day Schedule Name
  ,                                       !- Apply Sunday
  Yes,                                    !- Apply Monday
  Yes,                                    !- Apply Tuesday
  Yes,                                    !- Apply Wednesday
  Yes,                                    !- Apply Thursday
  Yes,                                    !- Apply Friday
  ,                                       !- Apply Saturday
  DateRange,                              !- Date Specification Type
  9,                                      !- Start Month
  1,                                      !- Start Day
  9,                                      !- End Month
  30;                                     !- End Day

OS:Schedule:Day,
  {9c6fae87-d33a-441a-a55b-ddf86608426b}, !- Handle
  exterior lighting schedule weekday9,    !- Name
  {1f9c1b66-c7e4-4941-a342-bc041ffed04e}, !- Schedule Type Limits Name
  ,                                       !- Interpolate to Timestep
  5,                                      !- Hour 1
  0,                                      !- Minute 1
  0.288229723074592,                      !- Value Until Time 1
  6,                                      !- Hour 2
  0,                                      !- Minute 2
  0.231836951168693,                      !- Value Until Time 2
  7,                                      !- Hour 3
  0,                                      !- Minute 3
  0.219305224078494,                      !- Value Until Time 3
  8,                                      !- Hour 4
  0,                                      !- Minute 4
  0.213039360533394,                      !- Value Until Time 4
  9,                                      !- Hour 5
  0,                                      !- Minute 5
  0.206773496988294,                      !- Value Until Time 5
  10,                                     !- Hour 6
  0,                                      !- Minute 6
  0.175444179262795,                      !- Value Until Time 6
  11,                                     !- Hour 7
  0,                                      !- Minute 7
  0.137848997992196,                      !- Value Until Time 7
  12,                                     !- Hour 8
  0,                                      !- Minute 8
  0.0939879531764973,                     !- Value Until Time 8
  13,                                     !- Hour 9
  0,                                      !- Minute 9
  0.0751903625411979,                     !- Value Until Time 9
  15,                                     !- Hour 10
  0,                                      !- Minute 10
  0.068924498996098,                      !- Value Until Time 10
  16,                                     !- Hour 11
  0,                                      !- Minute 11
  0.0751903625411979,                     !- Value Until Time 11
  17,                                     !- Hour 12
  0,                                      !- Minute 12
  0.119051407356897,                      !- Value Until Time 12
  18,                                     !- Hour 13
  0,                                      !- Minute 13
  0.231836951168693,                      !- Value Until Time 13
  19,                                     !- Hour 14
  0,                                      !- Minute 14
  0.307027313709891,                      !- Value Until Time 14
  20,                                     !- Hour 15
  0,                                      !- Minute 15
  0.407281130431488,                      !- Value Until Time 15
  21,                                     !- Hour 16
  0,                                      !- Minute 16
  0.570193582604084,                      !- Value Until Time 16
  22,                                     !- Hour 17
  0,                                      !- Minute 17
  0.657915672235481,                      !- Value Until Time 17
  23,                                     !- Hour 18
  0,                                      !- Minute 18
  0.570193582604084,                      !- Value Until Time 18
  24,                                     !- Hour 19
  0,                                      !- Minute 19
  0.394749403341289;                      !- Value Until Time 19

OS:Schedule:Rule,
  {87cf3798-b7d9-4664-a6b6-1667accb0e4d}, !- Handle
  exterior lighting schedule weekend ruleset9, !- Name
  {d5c4e72f-1726-4687-8ac8-56743766611d}, !- Schedule Ruleset Name
  6,                                      !- Rule Order
  {9a6a3831-9080-48f8-b904-b6b20ff317a7}, !- Day Schedule Name
  Yes,                                    !- Apply Sunday
  ,                                       !- Apply Monday
  ,                                       !- Apply Tuesday
  ,                                       !- Apply Wednesday
  ,                                       !- Apply Thursday
  ,                                       !- Apply Friday
  Yes,                                    !- Apply Saturday
  DateRange,                              !- Date Specification Type
  9,                                      !- Start Month
  1,                                      !- Start Day
  9,                                      !- End Month
  30;                                     !- End Day

OS:Schedule:Day,
  {9a6a3831-9080-48f8-b904-b6b20ff317a7}, !- Handle
  exterior lighting schedule weekend9,    !- Name
  {1f9c1b66-c7e4-4941-a342-bc041ffed04e}, !- Schedule Type Limits Name
  ,                                       !- Interpolate to Timestep
  2,                                      !- Hour 1
  0,                                      !- Minute 1
  0.288229723074592,                      !- Value Until Time 1
  4,                                      !- Hour 2
  0,                                      !- Minute 2
  0.281963859529492,                      !- Value Until Time 2
  5,                                      !- Hour 3
  0,                                      !- Minute 3
  0.288229723074592,                      !- Value Until Time 3
  6,                                      !- Hour 4
  0,                                      !- Minute 4
  0.281963859529492,                      !- Value Until Time 4
  7,                                      !- Hour 5
  0,                                      !- Minute 5
  0.275697995984392,                      !- Value Until Time 5
  8,                                      !- Hour 6
  0,                                      !- Minute 6
  0.256900405349093,                      !- Value Until Time 6
  9,                                      !- Hour 7
  0,                                      !- Minute 7
  0.225571087623594,                      !- Value Until Time 7
  10,                                     !- Hour 8
  0,                                      !- Minute 8
  0.187975906352995,                      !- Value Until Time 8
  11,                                     !- Hour 9
  0,                                      !- Minute 9
  0.150380725082396,                      !- Value Until Time 9
  12,                                     !- Hour 10
  0,                                      !- Minute 10
  0.100253816721597,                      !- Value Until Time 10
  13,                                     !- Hour 11
  0,                                      !- Minute 11
  0.0751903625411979,                     !- Value Until Time 11
  15,                                     !- Hour 12
  0,                                      !- Minute 12
  0.068924498996098,                      !- Value Until Time 12
  16,                                     !- Hour 13
  0,                                      !- Minute 13
  0.0751903625411979,                     !- Value Until Time 13
  17,                                     !- Hour 14
  0,                                      !- Minute 14
  0.119051407356897,                      !- Value Until Time 14
  18,                                     !- Hour 15
  0,                                      !- Minute 15
  0.238102814713793,                      !- Value Until Time 15
  19,                                     !- Hour 16
  0,                                      !- Minute 16
  0.300761450164791,                      !- Value Until Time 16
  20,                                     !- Hour 17
  0,                                      !- Minute 17
  0.375951812705989,                      !- Value Until Time 17
  21,                                     !- Hour 18
  0,                                      !- Minute 18
  0.520066674243285,                      !- Value Until Time 18
  22,                                     !- Hour 19
  0,                                      !- Minute 19
  0.614054627419783,                      !- Value Until Time 19
  23,                                     !- Hour 20
  0,                                      !- Minute 20
  0.532598401333485,                      !- Value Until Time 20
  24,                                     !- Hour 21
  0,                                      !- Minute 21
  0.369685949160889;                      !- Value Until Time 21

OS:Schedule:Rule,
  {941de1b7-ca48-4576-ba4a-57de15354fb7}, !- Handle
  exterior lighting schedule weekday ruleset10, !- Name
  {d5c4e72f-1726-4687-8ac8-56743766611d}, !- Schedule Ruleset Name
  5,                                      !- Rule Order
  {aaf9bd60-1b82-453c-82cf-b3ad83670282}, !- Day Schedule Name
  ,                                       !- Apply Sunday
  Yes,                                    !- Apply Monday
  Yes,                                    !- Apply Tuesday
  Yes,                                    !- Apply Wednesday
  Yes,                                    !- Apply Thursday
  Yes,                                    !- Apply Friday
  ,                                       !- Apply Saturday
  DateRange,                              !- Date Specification Type
  10,                                     !- Start Month
  1,                                      !- Start Day
  10,                                     !- End Month
  31;                                     !- End Day

OS:Schedule:Day,
  {aaf9bd60-1b82-453c-82cf-b3ad83670282}, !- Handle
  exterior lighting schedule weekday10,   !- Name
  {1f9c1b66-c7e4-4941-a342-bc041ffed04e}, !- Schedule Type Limits Name
  ,                                       !- Interpolate to Timestep
  5,                                      !- Hour 1
  0,                                      !- Minute 1
  0.345039209001023,                      !- Value Until Time 1
  6,                                      !- Hour 2
  0,                                      !- Minute 2
  0.277531537674736,                      !- Value Until Time 2
  7,                                      !- Hour 3
  0,                                      !- Minute 3
  0.262529832935561,                      !- Value Until Time 3
  8,                                      !- Hour 4
  0,                                      !- Minute 4
  0.255028980565973,                      !- Value Until Time 4
  9,                                      !- Hour 5
  0,                                      !- Minute 5
  0.247528128196386,                      !- Value Until Time 5
  10,                                     !- Hour 6
  0,                                      !- Minute 6
  0.210023866348449,                      !- Value Until Time 6
  11,                                     !- Hour 7
  0,                                      !- Minute 7
  0.165018752130924,                      !- Value Until Time 7
  12,                                     !- Hour 8
  0,                                      !- Minute 8
  0.112512785543812,                      !- Value Until Time 8
  13,                                     !- Hour 9
  0,                                      !- Minute 9
  0.0900102284350494,                     !- Value Until Time 9
  15,                                     !- Hour 10
  0,                                      !- Minute 10
  0.082509376065462,                      !- Value Until Time 10
  16,                                     !- Hour 11
  0,                                      !- Minute 11
  0.0900102284350494,                     !- Value Until Time 11
  17,                                     !- Hour 12
  0,                                      !- Minute 12
  0.142516195022162,                      !- Value Until Time 12
  18,                                     !- Hour 13
  0,                                      !- Minute 13
  0.277531537674736,                      !- Value Until Time 13
  19,                                     !- Hour 14
  0,                                      !- Minute 14
  0.367541766109785,                      !- Value Until Time 14
  20,                                     !- Hour 15
  0,                                      !- Minute 15
  0.487555404023184,                      !- Value Until Time 15
  21,                                     !- Hour 16
  0,                                      !- Minute 16
  0.682577565632458,                      !- Value Until Time 16
  22,                                     !- Hour 17
  0,                                      !- Minute 17
  0.787589498806682,                      !- Value Until Time 17
  23,                                     !- Hour 18
  0,                                      !- Minute 18
  0.682577565632458,                      !- Value Until Time 18
  24,                                     !- Hour 19
  0,                                      !- Minute 19
  0.47255369928401;                       !- Value Until Time 19

OS:Schedule:Rule,
  {ec8fc05d-b33e-4b9b-b229-973b7a393d5f}, !- Handle
  exterior lighting schedule weekend ruleset10, !- Name
  {d5c4e72f-1726-4687-8ac8-56743766611d}, !- Schedule Ruleset Name
  4,                                      !- Rule Order
  {e946139d-c7f2-463c-b8d5-f96d52541bf7}, !- Day Schedule Name
  Yes,                                    !- Apply Sunday
  ,                                       !- Apply Monday
  ,                                       !- Apply Tuesday
  ,                                       !- Apply Wednesday
  ,                                       !- Apply Thursday
  ,                                       !- Apply Friday
  Yes,                                    !- Apply Saturday
  DateRange,                              !- Date Specification Type
  10,                                     !- Start Month
  1,                                      !- Start Day
  10,                                     !- End Month
  31;                                     !- End Day

OS:Schedule:Day,
  {e946139d-c7f2-463c-b8d5-f96d52541bf7}, !- Handle
  exterior lighting schedule weekend10,   !- Name
  {1f9c1b66-c7e4-4941-a342-bc041ffed04e}, !- Schedule Type Limits Name
  ,                                       !- Interpolate to Timestep
  2,                                      !- Hour 1
  0,                                      !- Minute 1
  0.345039209001023,                      !- Value Until Time 1
  4,                                      !- Hour 2
  0,                                      !- Minute 2
  0.337538356631435,                      !- Value Until Time 2
  5,                                      !- Hour 3
  0,                                      !- Minute 3
  0.345039209001023,                      !- Value Until Time 3
  6,                                      !- Hour 4
  0,                                      !- Minute 4
  0.337538356631435,                      !- Value Until Time 4
  7,                                      !- Hour 5
  0,                                      !- Minute 5
  0.330037504261848,                      !- Value Until Time 5
  8,                                      !- Hour 6
  0,                                      !- Minute 6
  0.307534947153086,                      !- Value Until Time 6
  9,                                      !- Hour 7
  0,                                      !- Minute 7
  0.270030685305148,                      !- Value Until Time 7
  10,                                     !- Hour 8
  0,                                      !- Minute 8
  0.225025571087624,                      !- Value Until Time 8
  11,                                     !- Hour 9
  0,                                      !- Minute 9
  0.180020456870099,                      !- Value Until Time 9
  12,                                     !- Hour 10
  0,                                      !- Minute 10
  0.120013637913399,                      !- Value Until Time 10
  13,                                     !- Hour 11
  0,                                      !- Minute 11
  0.0900102284350494,                     !- Value Until Time 11
  15,                                     !- Hour 12
  0,                                      !- Minute 12
  0.082509376065462,                      !- Value Until Time 12
  16,                                     !- Hour 13
  0,                                      !- Minute 13
  0.0900102284350494,                     !- Value Until Time 13
  17,                                     !- Hour 14
  0,                                      !- Minute 14
  0.142516195022162,                      !- Value Until Time 14
  18,                                     !- Hour 15
  0,                                      !- Minute 15
  0.285032390044323,                      !- Value Until Time 15
  19,                                     !- Hour 16
  0,                                      !- Minute 16
  0.360040913740198,                      !- Value Until Time 16
  20,                                     !- Hour 17
  0,                                      !- Minute 17
  0.450051142175247,                      !- Value Until Time 17
  21,                                     !- Hour 18
  0,                                      !- Minute 18
  0.622570746675759,                      !- Value Until Time 18
  22,                                     !- Hour 19
  0,                                      !- Minute 19
  0.73508353221957,                       !- Value Until Time 19
  23,                                     !- Hour 20
  0,                                      !- Minute 20
  0.637572451414934,                      !- Value Until Time 20
  24,                                     !- Hour 21
  0,                                      !- Minute 21
  0.44255028980566;                       !- Value Until Time 21

OS:Schedule:Rule,
  {9b142ab9-9a78-44a4-b36e-6f437c692cc9}, !- Handle
  exterior lighting schedule weekday ruleset11, !- Name
  {d5c4e72f-1726-4687-8ac8-56743766611d}, !- Schedule Ruleset Name
  3,                                      !- Rule Order
  {fb2b8592-45ac-4327-a50a-a60619c438cf}, !- Day Schedule Name
  ,                                       !- Apply Sunday
  Yes,                                    !- Apply Monday
  Yes,                                    !- Apply Tuesday
  Yes,                                    !- Apply Wednesday
  Yes,                                    !- Apply Thursday
  Yes,                                    !- Apply Friday
  ,                                       !- Apply Saturday
  DateRange,                              !- Date Specification Type
  11,                                     !- Start Month
  1,                                      !- Start Day
  11,                                     !- End Month
  30;                                     !- End Day

OS:Schedule:Day,
  {fb2b8592-45ac-4327-a50a-a60619c438cf}, !- Handle
  exterior lighting schedule weekday11,   !- Name
  {1f9c1b66-c7e4-4941-a342-bc041ffed04e}, !- Schedule Type Limits Name
  ,                                       !- Interpolate to Timestep
  5,                                      !- Hour 1
  0,                                      !- Minute 1
  0.343993635640414,                      !- Value Until Time 1
  6,                                      !- Hour 2
  0,                                      !- Minute 2
  0.276690533015115,                      !- Value Until Time 2
  7,                                      !- Hour 3
  0,                                      !- Minute 3
  0.261734287987271,                      !- Value Until Time 3
  8,                                      !- Hour 4
  0,                                      !- Minute 4
  0.254256165473349,                      !- Value Until Time 4
  9,                                      !- Hour 5
  0,                                      !- Minute 5
  0.246778042959427,                      !- Value Until Time 5
  10,                                     !- Hour 6
  0,                                      !- Minute 6
  0.209387430389817,                      !- Value Until Time 6
  11,                                     !- Hour 7
  0,                                      !- Minute 7
  0.164518695306285,                      !- Value Until Time 7
  12,                                     !- Hour 8
  0,                                      !- Minute 8
  0.112171837708831,                      !- Value Until Time 8
  13,                                     !- Hour 9
  0,                                      !- Minute 9
  0.0897374701670644,                     !- Value Until Time 9
  15,                                     !- Hour 10
  0,                                      !- Minute 10
  0.0822593476531424,                     !- Value Until Time 10
  16,                                     !- Hour 11
  0,                                      !- Minute 11
  0.0897374701670644,                     !- Value Until Time 11
  17,                                     !- Hour 12
  0,                                      !- Minute 12
  0.142084327764519,                      !- Value Until Time 12
  18,                                     !- Hour 13
  0,                                      !- Minute 13
  0.276690533015115,                      !- Value Until Time 13
  19,                                     !- Hour 14
  0,                                      !- Minute 14
  0.36642800318218,                       !- Value Until Time 14
  20,                                     !- Hour 15
  0,                                      !- Minute 15
  0.486077963404932,                      !- Value Until Time 15
  21,                                     !- Hour 16
  0,                                      !- Minute 16
  0.680509148766905,                      !- Value Until Time 16
  22,                                     !- Hour 17
  0,                                      !- Minute 17
  0.785202863961814,                      !- Value Until Time 17
  23,                                     !- Hour 18
  0,                                      !- Minute 18
  0.680509148766905,                      !- Value Until Time 18
  24,                                     !- Hour 19
  0,                                      !- Minute 19
  0.471121718377088;                      !- Value Until Time 19

OS:Schedule:Rule,
  {53bc1150-74bc-4466-bd16-1b17ff03ad5e}, !- Handle
  exterior lighting schedule weekend ruleset11, !- Name
  {d5c4e72f-1726-4687-8ac8-56743766611d}, !- Schedule Ruleset Name
  2,                                      !- Rule Order
  {acffee0c-48ab-4cc9-91f2-cc37a73f10a8}, !- Day Schedule Name
  Yes,                                    !- Apply Sunday
  ,                                       !- Apply Monday
  ,                                       !- Apply Tuesday
  ,                                       !- Apply Wednesday
  ,                                       !- Apply Thursday
  ,                                       !- Apply Friday
  Yes,                                    !- Apply Saturday
  DateRange,                              !- Date Specification Type
  11,                                     !- Start Month
  1,                                      !- Start Day
  11,                                     !- End Month
  30;                                     !- End Day

OS:Schedule:Day,
  {acffee0c-48ab-4cc9-91f2-cc37a73f10a8}, !- Handle
  exterior lighting schedule weekend11,   !- Name
  {1f9c1b66-c7e4-4941-a342-bc041ffed04e}, !- Schedule Type Limits Name
  ,                                       !- Interpolate to Timestep
  2,                                      !- Hour 1
  0,                                      !- Minute 1
  0.343993635640414,                      !- Value Until Time 1
  4,                                      !- Hour 2
  0,                                      !- Minute 2
  0.336515513126492,                      !- Value Until Time 2
  5,                                      !- Hour 3
  0,                                      !- Minute 3
  0.343993635640414,                      !- Value Until Time 3
  6,                                      !- Hour 4
  0,                                      !- Minute 4
  0.336515513126492,                      !- Value Until Time 4
  7,                                      !- Hour 5
  0,                                      !- Minute 5
  0.32903739061257,                       !- Value Until Time 5
  8,                                      !- Hour 6
  0,                                      !- Minute 6
  0.306603023070804,                      !- Value Until Time 6
  9,                                      !- Hour 7
  0,                                      !- Minute 7
  0.269212410501193,                      !- Value Until Time 7
  10,                                     !- Hour 8
  0,                                      !- Minute 8
  0.224343675417661,                      !- Value Until Time 8
  11,                                     !- Hour 9
  0,                                      !- Minute 9
  0.179474940334129,                      !- Value Until Time 9
  12,                                     !- Hour 10
  0,                                      !- Minute 10
  0.119649960222753,                      !- Value Until Time 10
  13,                                     !- Hour 11
  0,                                      !- Minute 11
  0.0897374701670644,                     !- Value Until Time 11
  15,                                     !- Hour 12
  0,                                      !- Minute 12
  0.0822593476531424,                     !- Value Until Time 12
  16,                                     !- Hour 13
  0,                                      !- Minute 13
  0.0897374701670644,                     !- Value Until Time 13
  17,                                     !- Hour 14
  0,                                      !- Minute 14
  0.142084327764519,                      !- Value Until Time 14
  18,                                     !- Hour 15
  0,                                      !- Minute 15
  0.284168655529037,                      !- Value Until Time 15
  19,                                     !- Hour 16
  0,                                      !- Minute 16
  0.358949880668258,                      !- Value Until Time 16
  20,                                     !- Hour 17
  0,                                      !- Minute 17
  0.448687350835322,                      !- Value Until Time 17
  21,                                     !- Hour 18
  0,                                      !- Minute 18
  0.620684168655529,                      !- Value Until Time 18
  22,                                     !- Hour 19
  0,                                      !- Minute 19
  0.73285600636436,                       !- Value Until Time 19
  23,                                     !- Hour 20
  0,                                      !- Minute 20
  0.635640413683373,                      !- Value Until Time 20
  24,                                     !- Hour 21
  0,                                      !- Minute 21
  0.4412092283214;                        !- Value Until Time 21

OS:Schedule:Rule,
  {539a2c34-a635-4661-b9b2-2eeb8ac70c9f}, !- Handle
  exterior lighting schedule weekday ruleset12, !- Name
  {d5c4e72f-1726-4687-8ac8-56743766611d}, !- Schedule Ruleset Name
  1,                                      !- Rule Order
  {2457702d-9c33-4672-9156-e9868f70177b}, !- Day Schedule Name
  ,                                       !- Apply Sunday
  Yes,                                    !- Apply Monday
  Yes,                                    !- Apply Tuesday
  Yes,                                    !- Apply Wednesday
  Yes,                                    !- Apply Thursday
  Yes,                                    !- Apply Friday
  ,                                       !- Apply Saturday
  DateRange,                              !- Date Specification Type
  12,                                     !- Start Month
  1,                                      !- Start Day
  12,                                     !- End Month
  31;                                     !- End Day

OS:Schedule:Day,
  {2457702d-9c33-4672-9156-e9868f70177b}, !- Handle
  exterior lighting schedule weekday12,   !- Name
  {1f9c1b66-c7e4-4941-a342-bc041ffed04e}, !- Schedule Type Limits Name
  ,                                       !- Interpolate to Timestep
  5,                                      !- Hour 1
  0,                                      !- Minute 1
  0.434958518013411,                      !- Value Until Time 1
  6,                                      !- Hour 2
  0,                                      !- Minute 2
  0.349857938402091,                      !- Value Until Time 2
  7,                                      !- Hour 3
  0,                                      !- Minute 3
  0.330946698488465,                      !- Value Until Time 3
  8,                                      !- Hour 4
  0,                                      !- Minute 4
  0.321491078531651,                      !- Value Until Time 4
  9,                                      !- Hour 5
  0,                                      !- Minute 5
  0.312035458574838,                      !- Value Until Time 5
  10,                                     !- Hour 6
  0,                                      !- Minute 6
  0.264757358790772,                      !- Value Until Time 6
  11,                                     !- Hour 7
  0,                                      !- Minute 7
  0.208023639049892,                      !- Value Until Time 7
  12,                                     !- Hour 8
  0,                                      !- Minute 8
  0.141834299352199,                      !- Value Until Time 8
  13,                                     !- Hour 9
  0,                                      !- Minute 9
  0.113467439481759,                      !- Value Until Time 9
  15,                                     !- Hour 10
  0,                                      !- Minute 10
  0.104011819524946,                      !- Value Until Time 10
  16,                                     !- Hour 11
  0,                                      !- Minute 11
  0.113467439481759,                      !- Value Until Time 11
  17,                                     !- Hour 12
  0,                                      !- Minute 12
  0.179656779179452,                      !- Value Until Time 12
  18,                                     !- Hour 13
  0,                                      !- Minute 13
  0.349857938402091,                      !- Value Until Time 13
  19,                                     !- Hour 14
  0,                                      !- Minute 14
  0.463325377883851,                      !- Value Until Time 14
  20,                                     !- Hour 15
  0,                                      !- Minute 15
  0.614615297192863,                      !- Value Until Time 15
  21,                                     !- Hour 16
  0,                                      !- Minute 16
  0.860461416070008,                      !- Value Until Time 16
  22,                                     !- Hour 17
  0,                                      !- Minute 17
  0.992840095465394,                      !- Value Until Time 17
  23,                                     !- Hour 18
  0,                                      !- Minute 18
  0.860461416070008,                      !- Value Until Time 18
  24,                                     !- Hour 19
  0,                                      !- Minute 19
  0.595704057279236;                      !- Value Until Time 19

OS:Schedule:Rule,
  {d863d060-0e23-4d3a-a95c-26df0a5258b1}, !- Handle
  exterior lighting schedule weekend ruleset12, !- Name
  {d5c4e72f-1726-4687-8ac8-56743766611d}, !- Schedule Ruleset Name
  0,                                      !- Rule Order
  {deaccbbf-9109-4c7b-8633-a6ff116247f2}, !- Day Schedule Name
  Yes,                                    !- Apply Sunday
  ,                                       !- Apply Monday
  ,                                       !- Apply Tuesday
  ,                                       !- Apply Wednesday
  ,                                       !- Apply Thursday
  ,                                       !- Apply Friday
  Yes,                                    !- Apply Saturday
  DateRange,                              !- Date Specification Type
  12,                                     !- Start Month
  1,                                      !- Start Day
  12,                                     !- End Month
  31;                                     !- End Day

OS:Schedule:Day,
  {deaccbbf-9109-4c7b-8633-a6ff116247f2}, !- Handle
  exterior lighting schedule weekend12,   !- Name
  {1f9c1b66-c7e4-4941-a342-bc041ffed04e}, !- Schedule Type Limits Name
  ,                                       !- Interpolate to Timestep
  2,                                      !- Hour 1
  0,                                      !- Minute 1
  0.434958518013411,                      !- Value Until Time 1
  4,                                      !- Hour 2
  0,                                      !- Minute 2
  0.425502898056597,                      !- Value Until Time 2
  5,                                      !- Hour 3
  0,                                      !- Minute 3
  0.434958518013411,                      !- Value Until Time 3
  6,                                      !- Hour 4
  0,                                      !- Minute 4
  0.425502898056597,                      !- Value Until Time 4
  7,                                      !- Hour 5
  0,                                      !- Minute 5
  0.416047278099784,                      !- Value Until Time 5
  8,                                      !- Hour 6
  0,                                      !- Minute 6
  0.387680418229344,                      !- Value Until Time 6
  9,                                      !- Hour 7
  0,                                      !- Minute 7
  0.340402318445278,                      !- Value Until Time 7
  10,                                     !- Hour 8
  0,                                      !- Minute 8
  0.283668598704398,                      !- Value Until Time 8
  11,                                     !- Hour 9
  0,                                      !- Minute 9
  0.226934878963519,                      !- Value Until Time 9
  12,                                     !- Hour 10
  0,                                      !- Minute 10
  0.151289919309012,                      !- Value Until Time 10
  13,                                     !- Hour 11
  0,                                      !- Minute 11
  0.113467439481759,                      !- Value Until Time 11
  15,                                     !- Hour 12
  0,                                      !- Minute 12
  0.104011819524946,                      !- Value Until Time 12
  16,                                     !- Hour 13
  0,                                      !- Minute 13
  0.113467439481759,                      !- Value Until Time 13
  17,                                     !- Hour 14
  0,                                      !- Minute 14
  0.179656779179452,                      !- Value Until Time 14
  18,                                     !- Hour 15
  0,                                      !- Minute 15
  0.359313558358904,                      !- Value Until Time 15
  19,                                     !- Hour 16
  0,                                      !- Minute 16
  0.453869757927037,                      !- Value Until Time 16
  20,                                     !- Hour 17
  0,                                      !- Minute 17
  0.567337197408797,                      !- Value Until Time 17
  21,                                     !- Hour 18
  0,                                      !- Minute 18
  0.784816456415502,                      !- Value Until Time 18
  22,                                     !- Hour 19
  0,                                      !- Minute 19
  0.926650755767701,                      !- Value Until Time 19
  23,                                     !- Hour 20
  0,                                      !- Minute 20
  0.803727696329128,                      !- Value Until Time 20
  24,                                     !- Hour 21
  0,                                      !- Minute 21
  0.557881577451983;                      !- Value Until Time 21

OS:Exterior:Lights:Definition,
  {e0da3e62-57b5-4efd-8b1e-9d6ff9a84769}, !- Handle
  exterior lighting,                      !- Name
  66.8547753440638;                       !- Design Level {W}

OS:Exterior:Lights,
  {51c8ce20-93ce-4b36-b892-10ce7d37a2d3}, !- Handle
  exterior lighting,                      !- Name
  {e0da3e62-57b5-4efd-8b1e-9d6ff9a84769}, !- Exterior Lights Definition Name
  {d5c4e72f-1726-4687-8ac8-56743766611d}, !- Schedule Name
  ,                                       !- Control Option
  ,                                       !- Multiplier
  exterior lighting;                      !- End-Use Subcategory

OS:Schedule:Ruleset,
  {0decbb3b-cc3a-44a9-a1b1-c328b36b226e}, !- Handle
  cooling season schedule,                !- Name
  {1f9c1b66-c7e4-4941-a342-bc041ffed04e}, !- Schedule Type Limits Name
  {8009f00c-abeb-47f5-ab35-9bde9bbed6ab}; !- Default Day Schedule Name

OS:Schedule:Day,
  {8009f00c-abeb-47f5-ab35-9bde9bbed6ab}, !- Handle
  cooling season schedule default day,    !- Name
  {1f9c1b66-c7e4-4941-a342-bc041ffed04e}, !- Schedule Type Limits Name
  ,                                       !- Interpolate to Timestep
  24,                                     !- Hour 1
  0,                                      !- Minute 1
  0;                                      !- Value Until Time 1

OS:Schedule:Rule,
  {84a8e771-24ed-47b5-a07a-88543a9ccafe}, !- Handle
  cooling season schedule allday ruleset1, !- Name
  {0decbb3b-cc3a-44a9-a1b1-c328b36b226e}, !- Schedule Ruleset Name
  2,                                      !- Rule Order
  {62815671-3ad8-4e19-8e62-8956421545d5}, !- Day Schedule Name
  Yes,                                    !- Apply Sunday
  Yes,                                    !- Apply Monday
  Yes,                                    !- Apply Tuesday
  Yes,                                    !- Apply Wednesday
  Yes,                                    !- Apply Thursday
  Yes,                                    !- Apply Friday
  Yes,                                    !- Apply Saturday
  DateRange,                              !- Date Specification Type
  1,                                      !- Start Month
  1,                                      !- Start Day
  4,                                      !- End Month
  30;                                     !- End Day

OS:Schedule:Day,
  {62815671-3ad8-4e19-8e62-8956421545d5}, !- Handle
  cooling season schedule allday1,        !- Name
  {1f9c1b66-c7e4-4941-a342-bc041ffed04e}, !- Schedule Type Limits Name
  ,                                       !- Interpolate to Timestep
  24,                                     !- Hour 1
  0,                                      !- Minute 1
  0;                                      !- Value Until Time 1

OS:Schedule:Rule,
  {10b816e3-294b-4766-ab46-5dd9e1b6f107}, !- Handle
  cooling season schedule allday ruleset5, !- Name
  {0decbb3b-cc3a-44a9-a1b1-c328b36b226e}, !- Schedule Ruleset Name
  1,                                      !- Rule Order
  {a07989f6-1169-44a4-9b1f-76630e9cd734}, !- Day Schedule Name
  Yes,                                    !- Apply Sunday
  Yes,                                    !- Apply Monday
  Yes,                                    !- Apply Tuesday
  Yes,                                    !- Apply Wednesday
  Yes,                                    !- Apply Thursday
  Yes,                                    !- Apply Friday
  Yes,                                    !- Apply Saturday
  DateRange,                              !- Date Specification Type
  5,                                      !- Start Month
  1,                                      !- Start Day
  10,                                     !- End Month
  31;                                     !- End Day

OS:Schedule:Day,
  {a07989f6-1169-44a4-9b1f-76630e9cd734}, !- Handle
  cooling season schedule allday5,        !- Name
  {1f9c1b66-c7e4-4941-a342-bc041ffed04e}, !- Schedule Type Limits Name
  ,                                       !- Interpolate to Timestep
  24,                                     !- Hour 1
  0,                                      !- Minute 1
  1;                                      !- Value Until Time 1

OS:Schedule:Rule,
  {e7f5574d-84fe-44e0-a792-6816a08d2c5d}, !- Handle
  cooling season schedule allday ruleset11, !- Name
  {0decbb3b-cc3a-44a9-a1b1-c328b36b226e}, !- Schedule Ruleset Name
  0,                                      !- Rule Order
  {fe62e6f3-4701-49c0-859e-9d1676c2b9c5}, !- Day Schedule Name
  Yes,                                    !- Apply Sunday
  Yes,                                    !- Apply Monday
  Yes,                                    !- Apply Tuesday
  Yes,                                    !- Apply Wednesday
  Yes,                                    !- Apply Thursday
  Yes,                                    !- Apply Friday
  Yes,                                    !- Apply Saturday
  DateRange,                              !- Date Specification Type
  11,                                     !- Start Month
  1,                                      !- Start Day
  12,                                     !- End Month
  31;                                     !- End Day

OS:Schedule:Day,
  {fe62e6f3-4701-49c0-859e-9d1676c2b9c5}, !- Handle
  cooling season schedule allday11,       !- Name
  {1f9c1b66-c7e4-4941-a342-bc041ffed04e}, !- Schedule Type Limits Name
  ,                                       !- Interpolate to Timestep
  24,                                     !- Hour 1
  0,                                      !- Minute 1
  0;                                      !- Value Until Time 1

OS:EnergyManagementSystem:Sensor,
  {3289b578-01b4-45f3-8dfb-c30214fcfa3a}, !- Handle
  cool_season,                            !- Name
  cooling season schedule,                !- Output Variable or Output Meter Index Key Name
  Schedule Value;                         !- Output Variable or Output Meter Name

OS:EnergyManagementSystem:Sensor,
  {4702a2ed-0b4c-48e7-8c3d-8a8d60c2262e}, !- Handle
  out_pb_s,                               !- Name
  ,                                       !- Output Variable or Output Meter Index Key Name
  Site Outdoor Air Barometric Pressure;   !- Output Variable or Output Meter Name

OS:EnergyManagementSystem:Sensor,
  {62a2c8d7-0ab3-489c-9ec9-ead95a6280e5}, !- Handle
  out_wt_s,                               !- Name
  ,                                       !- Output Variable or Output Meter Index Key Name
  Site Outdoor Air Humidity Ratio;        !- Output Variable or Output Meter Name

OS:EnergyManagementSystem:Sensor,
  {34f6e37c-c193-4253-9b6b-ecd6d3403e4e}, !- Handle
  win_s,                                  !- Name
  conditioned space,                      !- Output Variable or Output Meter Index Key Name
  Zone Air Humidity Ratio;                !- Output Variable or Output Meter Name

OS:EnergyManagementSystem:Sensor,
  {08dad07d-4b28-4cdc-82b2-7e6b2b2f347b}, !- Handle
  site_vw_s,                              !- Name
  ,                                       !- Output Variable or Output Meter Index Key Name
  Site Wind Speed;                        !- Output Variable or Output Meter Name

OS:EnergyManagementSystem:Sensor,
  {372bf8e1-58c7-4e8e-b1bb-5876a5af252a}, !- Handle
  tin_s,                                  !- Name
  conditioned space,                      !- Output Variable or Output Meter Index Key Name
  Zone Mean Air Temperature;              !- Output Variable or Output Meter Name

OS:EnergyManagementSystem:Sensor,
  {353dafc1-09b6-4229-bac5-2dbb0362d7b7}, !- Handle
  tout_s,                                 !- Name
  conditioned space,                      !- Output Variable or Output Meter Index Key Name
  Zone Outdoor Air Drybulb Temperature;   !- Output Variable or Output Meter Name

OS:EnergyManagementSystem:GlobalVariable,
  {51ed5a3a-c447-4cf8-a611-0644c1277a35}, !- Handle
  central_ac_and_furnace_airloop_Fan_RTF; !- Name

OS:EnergyManagementSystem:InternalVariable,
  {0555c648-3602-4fb8-ad32-1df7cc259692}, !- Handle
  central_ac_and_furnace_airloop_max_sup_fan_mfr, !- Name
  central ac and furnace supply fan,      !- Internal Data Index Key Name
  Fan Maximum Mass Flow Rate;             !- Internal Data Type

OS:EnergyManagementSystem:Sensor,
  {85b15464-9a37-4b76-9938-61e1e15d3a14}, !- Handle
  central_ac_and_furnace_airloop_Fan_RTF_s, !- Name
  central ac and furnace supply fan,      !- Output Variable or Output Meter Index Key Name
  Fan Runtime Fraction Speed 1;           !- Output Variable or Output Meter Name

OS:EnergyManagementSystem:Sensor,
  {0599bc94-a313-4028-8e1c-2791e3f1e4eb}, !- Handle
  central_ac_and_furnace_airloop_Fan_RTF_s_1, !- Name
  central ac and furnace supply fan,      !- Output Variable or Output Meter Index Key Name
  Fan Runtime Fraction Speed 2;           !- Output Variable or Output Meter Name

OS:ThermalZone,
  {0ee2d550-52de-434b-a255-9be2297cf761}, !- Handle
  central ac and furnace airloop ret air zone, !- Name
  1,                                      !- Multiplier
  ,                                       !- Ceiling Height {m}
  1,                                      !- Volume {m3}
  ,                                       !- Floor Area {m2}
  ,                                       !- Zone Inside Convection Algorithm
  ,                                       !- Zone Outside Convection Algorithm
  ,                                       !- Zone Conditioning Equipment List Name
  {5d9afb9a-5135-4963-a9a3-2ee0201174d0}, !- Zone Air Inlet Port List
  {3e32c0fe-3c6d-4da1-9936-af2074918dec}, !- Zone Air Exhaust Port List
  {845126e4-8562-4ced-9bae-620abcddd265}, !- Zone Air Node Name
  {b6815f42-97fa-466c-8795-11c7a930b358}, !- Zone Return Air Port List
  ,                                       !- Primary Daylighting Control Name
  ,                                       !- Fraction of Zone Controlled by Primary Daylighting Control
  ,                                       !- Secondary Daylighting Control Name
  ,                                       !- Fraction of Zone Controlled by Secondary Daylighting Control
  ,                                       !- Illuminance Map Name
  ,                                       !- Group Rendering Name
  ,                                       !- Thermostat Name
  No;                                     !- Use Ideal Air Loads

OS:Node,
  {eed2d155-bef7-49ec-9d7f-fa5af33f0a16}, !- Handle
  Node 22,                                !- Name
  {845126e4-8562-4ced-9bae-620abcddd265}, !- Inlet Port
  ;                                       !- Outlet Port

OS:Connection,
  {845126e4-8562-4ced-9bae-620abcddd265}, !- Handle
  {0ee2d550-52de-434b-a255-9be2297cf761}, !- Source Object
  11,                                     !- Outlet Port
  {eed2d155-bef7-49ec-9d7f-fa5af33f0a16}, !- Target Object
  2;                                      !- Inlet Port

OS:PortList,
  {5d9afb9a-5135-4963-a9a3-2ee0201174d0}, !- Handle
  {0ee2d550-52de-434b-a255-9be2297cf761}; !- HVAC Component

OS:PortList,
  {3e32c0fe-3c6d-4da1-9936-af2074918dec}, !- Handle
  {0ee2d550-52de-434b-a255-9be2297cf761}; !- HVAC Component

OS:PortList,
  {b6815f42-97fa-466c-8795-11c7a930b358}, !- Handle
  {0ee2d550-52de-434b-a255-9be2297cf761}; !- HVAC Component

OS:Sizing:Zone,
  {000d62f6-4181-44c0-978b-8a1a1ec97ffb}, !- Handle
  {0ee2d550-52de-434b-a255-9be2297cf761}, !- Zone or ZoneList Name
  SupplyAirTemperature,                   !- Zone Cooling Design Supply Air Temperature Input Method
  14,                                     !- Zone Cooling Design Supply Air Temperature {C}
  11.11,                                  !- Zone Cooling Design Supply Air Temperature Difference {deltaC}
  SupplyAirTemperature,                   !- Zone Heating Design Supply Air Temperature Input Method
  40,                                     !- Zone Heating Design Supply Air Temperature {C}
  11.11,                                  !- Zone Heating Design Supply Air Temperature Difference {deltaC}
  0.0085,                                 !- Zone Cooling Design Supply Air Humidity Ratio {kg-H2O/kg-air}
  0.008,                                  !- Zone Heating Design Supply Air Humidity Ratio {kg-H2O/kg-air}
  ,                                       !- Zone Heating Sizing Factor
  ,                                       !- Zone Cooling Sizing Factor
  DesignDay,                              !- Cooling Design Air Flow Method
  ,                                       !- Cooling Design Air Flow Rate {m3/s}
  ,                                       !- Cooling Minimum Air Flow per Zone Floor Area {m3/s-m2}
  ,                                       !- Cooling Minimum Air Flow {m3/s}
  ,                                       !- Cooling Minimum Air Flow Fraction
  DesignDay,                              !- Heating Design Air Flow Method
  ,                                       !- Heating Design Air Flow Rate {m3/s}
  ,                                       !- Heating Maximum Air Flow per Zone Floor Area {m3/s-m2}
  ,                                       !- Heating Maximum Air Flow {m3/s}
  ,                                       !- Heating Maximum Air Flow Fraction
  No,                                     !- Account for Dedicated Outdoor Air System
  NeutralSupplyAir,                       !- Dedicated Outdoor Air System Control Strategy
  autosize,                               !- Dedicated Outdoor Air Low Setpoint Temperature for Design {C}
  autosize,                               !- Dedicated Outdoor Air High Setpoint Temperature for Design {C}
  Sensible Load Only No Latent Load,      !- Zone Load Sizing Method
  HumidityRatioDifference,                !- Zone Latent Cooling Design Supply Air Humidity Ratio Input Method
  ,                                       !- Zone Dehumidification Design Supply Air Humidity Ratio {kgWater/kgDryAir}
  0.005,                                  !- Zone Cooling Design Supply Air Humidity Ratio Difference {kgWater/kgDryAir}
  HumidityRatioDifference,                !- Zone Latent Heating Design Supply Air Humidity Ratio Input Method
  ,                                       !- Zone Humidification Design Supply Air Humidity Ratio {kgWater/kgDryAir}
  0.005;                                  !- Zone Humidification Design Supply Air Humidity Ratio Difference {kgWater/kgDryAir}

OS:ZoneHVAC:EquipmentList,
  {2e18b453-c730-47f3-b8da-f5793105ed78}, !- Handle
  Zone HVAC Equipment List 3,             !- Name
  {0ee2d550-52de-434b-a255-9be2297cf761}; !- Thermal Zone

OS:Space,
  {26a0a02d-c22c-48f9-b4c4-7fa890815eb1}, !- Handle
  central ac and furnace airloop ret air space, !- Name
  ,                                       !- Space Type Name
  ,                                       !- Default Construction Set Name
  ,                                       !- Default Schedule Set Name
  ,                                       !- Direction of Relative North {deg}
  ,                                       !- X Origin {m}
  ,                                       !- Y Origin {m}
  ,                                       !- Z Origin {m}
  ,                                       !- Building Story Name
  {0ee2d550-52de-434b-a255-9be2297cf761}, !- Thermal Zone Name
  ,                                       !- Part of Total Floor Area
  ,                                       !- Design Specification Outdoor Air Object Name
  {6640da16-e556-4fa6-85b7-a611b025e5ae}; !- Building Unit Name

OS:Surface,
  {a77982b5-2a60-4850-a8c6-685f26773981}, !- Handle
  Surface 1,                              !- Name
  Floor,                                  !- Surface Type
  {d471e606-b3be-4541-b135-918a31c61a3f}, !- Construction Name
  {26a0a02d-c22c-48f9-b4c4-7fa890815eb1}, !- Space Name
  Adiabatic,                              !- Outside Boundary Condition
  ,                                       !- Outside Boundary Condition Object
  NoSun,                                  !- Sun Exposure
  NoWind,                                 !- Wind Exposure
  ,                                       !- View Factor to Ground
  ,                                       !- Number of Vertices
  0, 0, 0,                                !- X,Y,Z Vertex 1 {m}
  0, 1, 0,                                !- X,Y,Z Vertex 2 {m}
  1, 1, 0,                                !- X,Y,Z Vertex 3 {m}
  1, 0, 0;                                !- X,Y,Z Vertex 4 {m}

OS:Surface,
  {5e6e4821-6d26-47d2-93e5-ea3a580e8192}, !- Handle
  Surface 2,                              !- Name
  Wall,                                   !- Surface Type
  {d471e606-b3be-4541-b135-918a31c61a3f}, !- Construction Name
  {26a0a02d-c22c-48f9-b4c4-7fa890815eb1}, !- Space Name
  Adiabatic,                              !- Outside Boundary Condition
  ,                                       !- Outside Boundary Condition Object
  NoSun,                                  !- Sun Exposure
  NoWind,                                 !- Wind Exposure
  ,                                       !- View Factor to Ground
  ,                                       !- Number of Vertices
  0, 0, 1,                                !- X,Y,Z Vertex 1 {m}
  0, 1, 1,                                !- X,Y,Z Vertex 2 {m}
  0, 1, 0,                                !- X,Y,Z Vertex 3 {m}
  0, 0, 0;                                !- X,Y,Z Vertex 4 {m}

OS:Surface,
  {c0c23953-3a5d-42cf-bf15-08147c253eff}, !- Handle
  Surface 3,                              !- Name
  Wall,                                   !- Surface Type
  {d471e606-b3be-4541-b135-918a31c61a3f}, !- Construction Name
  {26a0a02d-c22c-48f9-b4c4-7fa890815eb1}, !- Space Name
  Adiabatic,                              !- Outside Boundary Condition
  ,                                       !- Outside Boundary Condition Object
  NoSun,                                  !- Sun Exposure
  NoWind,                                 !- Wind Exposure
  ,                                       !- View Factor to Ground
  ,                                       !- Number of Vertices
  0, 1, 1,                                !- X,Y,Z Vertex 1 {m}
  1, 1, 1,                                !- X,Y,Z Vertex 2 {m}
  1, 1, 0,                                !- X,Y,Z Vertex 3 {m}
  0, 1, 0;                                !- X,Y,Z Vertex 4 {m}

OS:Surface,
  {6d068a97-ab8f-491e-9637-488c87ba0455}, !- Handle
  Surface 4,                              !- Name
  Wall,                                   !- Surface Type
  {d471e606-b3be-4541-b135-918a31c61a3f}, !- Construction Name
  {26a0a02d-c22c-48f9-b4c4-7fa890815eb1}, !- Space Name
  Adiabatic,                              !- Outside Boundary Condition
  ,                                       !- Outside Boundary Condition Object
  NoSun,                                  !- Sun Exposure
  NoWind,                                 !- Wind Exposure
  ,                                       !- View Factor to Ground
  ,                                       !- Number of Vertices
  1, 1, 1,                                !- X,Y,Z Vertex 1 {m}
  1, 0, 1,                                !- X,Y,Z Vertex 2 {m}
  1, 0, 0,                                !- X,Y,Z Vertex 3 {m}
  1, 1, 0;                                !- X,Y,Z Vertex 4 {m}

OS:Surface,
  {31b48fbb-453a-492c-a8df-72fdd18f2330}, !- Handle
  Surface 5,                              !- Name
  Wall,                                   !- Surface Type
  {d471e606-b3be-4541-b135-918a31c61a3f}, !- Construction Name
  {26a0a02d-c22c-48f9-b4c4-7fa890815eb1}, !- Space Name
  Adiabatic,                              !- Outside Boundary Condition
  ,                                       !- Outside Boundary Condition Object
  NoSun,                                  !- Sun Exposure
  NoWind,                                 !- Wind Exposure
  ,                                       !- View Factor to Ground
  ,                                       !- Number of Vertices
  1, 0, 1,                                !- X,Y,Z Vertex 1 {m}
  0, 0, 1,                                !- X,Y,Z Vertex 2 {m}
  0, 0, 0,                                !- X,Y,Z Vertex 3 {m}
  1, 0, 0;                                !- X,Y,Z Vertex 4 {m}

OS:Surface,
  {ac7cb5a1-1b03-4ed5-a208-f13002e8256f}, !- Handle
  Surface 6,                              !- Name
  RoofCeiling,                            !- Surface Type
  {d471e606-b3be-4541-b135-918a31c61a3f}, !- Construction Name
  {26a0a02d-c22c-48f9-b4c4-7fa890815eb1}, !- Space Name
  Adiabatic,                              !- Outside Boundary Condition
  ,                                       !- Outside Boundary Condition Object
  NoSun,                                  !- Sun Exposure
  NoWind,                                 !- Wind Exposure
  ,                                       !- View Factor to Ground
  ,                                       !- Number of Vertices
  1, 0, 1,                                !- X,Y,Z Vertex 1 {m}
  1, 1, 1,                                !- X,Y,Z Vertex 2 {m}
  0, 1, 1,                                !- X,Y,Z Vertex 3 {m}
  0, 0, 1;                                !- X,Y,Z Vertex 4 {m}

OS:Material:NoMass,
  {706a7818-c1aa-466e-9511-d378dba8bb40}, !- Handle
  Adiabatic,                              !- Name
  Rough,                                  !- Roughness
  176.1;                                  !- Thermal Resistance {m2-K/W}

OS:Construction,
  {d471e606-b3be-4541-b135-918a31c61a3f}, !- Handle
  AdiabaticConst,                         !- Name
  ,                                       !- Surface Rendering Name
  {706a7818-c1aa-466e-9511-d378dba8bb40}; !- Layer 1

OS:SurfaceProperty:ConvectionCoefficients,
  {4c72be33-ecd7-497d-9dd1-3bbb373a02a7}, !- Handle
  {6d068a97-ab8f-491e-9637-488c87ba0455}, !- Surface Name
  Inside,                                 !- Convection Coefficient 1 Location
  Value,                                  !- Convection Coefficient 1 Type
  30;                                     !- Convection Coefficient 1 {W/m2-K}

OS:SurfaceProperty:ConvectionCoefficients,
  {ab63152c-dde9-4975-b897-a1533a57269c}, !- Handle
  {c0c23953-3a5d-42cf-bf15-08147c253eff}, !- Surface Name
  Inside,                                 !- Convection Coefficient 1 Location
  Value,                                  !- Convection Coefficient 1 Type
  30;                                     !- Convection Coefficient 1 {W/m2-K}

OS:SurfaceProperty:ConvectionCoefficients,
  {b17b67bb-2048-4340-b1f1-aea7e9f0da28}, !- Handle
  {5e6e4821-6d26-47d2-93e5-ea3a580e8192}, !- Surface Name
  Inside,                                 !- Convection Coefficient 1 Location
  Value,                                  !- Convection Coefficient 1 Type
  30;                                     !- Convection Coefficient 1 {W/m2-K}

OS:SurfaceProperty:ConvectionCoefficients,
  {f13840c2-7677-4475-b7e7-81b99b9f6d1d}, !- Handle
  {a77982b5-2a60-4850-a8c6-685f26773981}, !- Surface Name
  Inside,                                 !- Convection Coefficient 1 Location
  Value,                                  !- Convection Coefficient 1 Type
  30;                                     !- Convection Coefficient 1 {W/m2-K}

OS:SurfaceProperty:ConvectionCoefficients,
  {d4ddca4c-efa0-4289-ba09-d730f4b5583d}, !- Handle
  {31b48fbb-453a-492c-a8df-72fdd18f2330}, !- Surface Name
  Inside,                                 !- Convection Coefficient 1 Location
  Value,                                  !- Convection Coefficient 1 Type
  30;                                     !- Convection Coefficient 1 {W/m2-K}

OS:SurfaceProperty:ConvectionCoefficients,
  {c83fc662-a4c1-416f-acb4-d271e3d259aa}, !- Handle
  {ac7cb5a1-1b03-4ed5-a208-f13002e8256f}, !- Surface Name
  Inside,                                 !- Convection Coefficient 1 Location
  Value,                                  !- Convection Coefficient 1 Type
  30;                                     !- Convection Coefficient 1 {W/m2-K}

OS:AirLoopHVAC:ReturnPlenum,
  {550a42f6-aea6-420b-821b-841f93a92221}, !- Handle
  Air Loop HVAC Return Plenum 1,          !- Name
  {0ee2d550-52de-434b-a255-9be2297cf761}, !- ThermalZone
  {5d2734a4-1ca8-4484-8359-889d4b7cc6c4}, !- Outlet Node
  ,                                       !- Induced Air Outlet Port List
  {57bcfcab-e5db-427e-84c9-8a13b118d9dc}; !- Inlet Node 1

OS:Node,
  {c7912279-56fd-4501-94f9-824860c2a973}, !- Handle
  Node 24,                                !- Name
  {5d2734a4-1ca8-4484-8359-889d4b7cc6c4}, !- Inlet Port
  {6965dfc8-f9d7-4565-b3ed-da3552191e4a}; !- Outlet Port

OS:Connection,
  {57bcfcab-e5db-427e-84c9-8a13b118d9dc}, !- Handle
  {224113af-5017-4ad3-a233-9cb09b672bd4}, !- Source Object
  3,                                      !- Outlet Port
  {550a42f6-aea6-420b-821b-841f93a92221}, !- Target Object
  5;                                      !- Inlet Port

OS:Connection,
  {5d2734a4-1ca8-4484-8359-889d4b7cc6c4}, !- Handle
  {550a42f6-aea6-420b-821b-841f93a92221}, !- Source Object
  3,                                      !- Outlet Port
  {c7912279-56fd-4501-94f9-824860c2a973}, !- Target Object
  2;                                      !- Inlet Port

OS:Connection,
  {6965dfc8-f9d7-4565-b3ed-da3552191e4a}, !- Handle
  {c7912279-56fd-4501-94f9-824860c2a973}, !- Source Object
  3,                                      !- Outlet Port
  {1a11ba45-ae45-4340-b5b2-8d3da140c62d}, !- Target Object
  3;                                      !- Inlet Port

OS:EnergyManagementSystem:GlobalVariable,
  {1e0058b9-b5ea-4cc3-abc7-241c6f8fffe1}, !- Handle
  central_ac_and_furnace_airloop_AH_MFR;  !- Name

OS:EnergyManagementSystem:Sensor,
  {5459b8da-b0bd-4878-97e5-f4893e3b7d9b}, !- Handle
  central_ac_and_furnace_airloop_AH_MFR_s, !- Name
  Node 5,                                 !- Output Variable or Output Meter Index Key Name
  System Node Mass Flow Rate;             !- Output Variable or Output Meter Name

OS:EnergyManagementSystem:GlobalVariable,
  {f37db75e-50e8-4ae7-b9fe-44298e87074d}, !- Handle
  central_ac_and_furnace_airloop_AH_VFR;  !- Name

OS:EnergyManagementSystem:Sensor,
  {c75b6bc2-cb6c-449c-a61c-7f357a3388aa}, !- Handle
  central_ac_and_furnace_airloop_AH_VFR_s, !- Name
  Node 5,                                 !- Output Variable or Output Meter Index Key Name
  System Node Current Density Volume Flow Rate; !- Output Variable or Output Meter Name

OS:EnergyManagementSystem:GlobalVariable,
  {a3fcd601-38a3-4f58-830a-0ad4acb0cbab}, !- Handle
  central_ac_and_furnace_airloop_AH_Tout; !- Name

OS:EnergyManagementSystem:Sensor,
  {37e58efd-8a38-4faf-9a7d-5864493d1141}, !- Handle
  central_ac_and_furnace_airloop_AH_Tout_s, !- Name
  Node 5,                                 !- Output Variable or Output Meter Index Key Name
  System Node Temperature;                !- Output Variable or Output Meter Name

OS:EnergyManagementSystem:GlobalVariable,
  {914577f3-1c78-4d81-bd7f-ce7f7d31761b}, !- Handle
  central_ac_and_furnace_airloop_AH_Wout; !- Name

OS:EnergyManagementSystem:Sensor,
  {68415899-2ed3-407b-a242-226c2c3d11ab}, !- Handle
  central_ac_and_furnace_airloop_AH_Wout_s, !- Name
  Node 5,                                 !- Output Variable or Output Meter Index Key Name
  System Node Humidity Ratio;             !- Output Variable or Output Meter Name

OS:EnergyManagementSystem:GlobalVariable,
  {53f6b385-5434-4c96-976e-4052464c26fd}, !- Handle
  central_ac_and_furnace_airloop_RA_T;    !- Name

OS:EnergyManagementSystem:Sensor,
  {4b553c43-b855-4fd1-b4df-1dba478f8a1b}, !- Handle
  central_ac_and_furnace_airloop_RA_T_s,  !- Name
  Node 8,                                 !- Output Variable or Output Meter Index Key Name
  System Node Temperature;                !- Output Variable or Output Meter Name

OS:EnergyManagementSystem:GlobalVariable,
  {3509edfb-4d3a-4714-87c2-3a27805a01fc}, !- Handle
  central_ac_and_furnace_airloop_Ra_W;    !- Name

OS:EnergyManagementSystem:Sensor,
  {188a5cc6-c0fb-4187-b6ef-52458f8291f8}, !- Handle
  central_ac_and_furnace_airloop_Ra_W_s,  !- Name
  Node 8,                                 !- Output Variable or Output Meter Index Key Name
  System Node Humidity Ratio;             !- Output Variable or Output Meter Name

OS:EnergyManagementSystem:GlobalVariable,
  {3fc5dd94-7a7d-4bbd-803b-0631be43368b}, !- Handle
  central_ac_and_furnace_airloop_0_DZ_T;  !- Name

OS:EnergyManagementSystem:Sensor,
  {9477dc7b-6706-4ff0-b8c2-a0a13171165a}, !- Handle
  central_ac_and_furnace_airloop_0_DZ_T_s, !- Name
  attic - vented,                         !- Output Variable or Output Meter Index Key Name
  Zone Air Temperature;                   !- Output Variable or Output Meter Name

OS:EnergyManagementSystem:GlobalVariable,
  {7ebeb3bc-50b5-4e93-b3cc-729b29fed86c}, !- Handle
  central_ac_and_furnace_airloop_0_DZ_W;  !- Name

OS:EnergyManagementSystem:Sensor,
  {8e075054-9bb0-405d-bead-deee2da4b2b1}, !- Handle
  central_ac_and_furnace_airloop_0_DZ_W_s, !- Name
  attic - vented,                         !- Output Variable or Output Meter Index Key Name
  Zone Mean Air Humidity Ratio;           !- Output Variable or Output Meter Name

OS:EnergyManagementSystem:GlobalVariable,
  {777d2bc3-e4b0-4d1c-945a-a6dfb6a57284}, !- Handle
  central_ac_and_furnace_airloop_0_SupSensLkToCond; !- Name

OS:OtherEquipment:Definition,
  {39557efb-be12-497b-8178-d2b846758bc4}, !- Handle
  central_ac_and_furnace_airloop_0_SupSensLkToCond equip, !- Name
  EquipmentLevel,                         !- Design Level Calculation Method
  0,                                      !- Design Level {W}
  ,                                       !- Watts per Space Floor Area {W/m2}
  ,                                       !- Watts per Person {W/Person}
  0,                                      !- Fraction Latent
  0,                                      !- Fraction Radiant
  0;                                      !- Fraction Lost

OS:OtherEquipment,
  {88722e33-d577-4156-bf21-6782a69f0fba}, !- Handle
  central_ac_and_furnace_airloop_0_SupSensLkToCond equip, !- Name
  {39557efb-be12-497b-8178-d2b846758bc4}, !- Other Equipment Definition Name
  {cb606522-7303-4dfc-8a2c-5a86dab76d10}, !- Space or SpaceType Name
  {edbd5a82-32b8-4aeb-b9a3-751c9bffe552}, !- Schedule Name
  ,                                       !- Multiplier
  None,                                   !- Fuel Type
  duct load;                              !- End-Use Subcategory

OS:EnergyManagementSystem:Actuator,
  {72ebe6d8-5744-422c-a82b-aa6481e2b901}, !- Handle
  central_ac_and_furnace_airloop_0_SupSensLkToCond_equip_act, !- Name
  {88722e33-d577-4156-bf21-6782a69f0fba}, !- Actuated Component Name
  OtherEquipment,                         !- Actuated Component Type
  Power Level,                            !- Actuated Component Control Type
  {cb606522-7303-4dfc-8a2c-5a86dab76d10}; !- Zone or Space Name

OS:EnergyManagementSystem:GlobalVariable,
  {eef90d7a-7912-40c4-afe7-e14611e7866e}, !- Handle
  central_ac_and_furnace_airloop_0_SupLatLkToCond; !- Name

OS:OtherEquipment:Definition,
  {cfeeb75b-76e5-454e-933b-ca0bc8db56c5}, !- Handle
  central_ac_and_furnace_airloop_0_SupLatLkToCond equip, !- Name
  EquipmentLevel,                         !- Design Level Calculation Method
  0,                                      !- Design Level {W}
  ,                                       !- Watts per Space Floor Area {W/m2}
  ,                                       !- Watts per Person {W/Person}
  1,                                      !- Fraction Latent
  0,                                      !- Fraction Radiant
  0;                                      !- Fraction Lost

OS:OtherEquipment,
  {44e19a85-e1d3-4f52-aa32-b677c3796349}, !- Handle
  central_ac_and_furnace_airloop_0_SupLatLkToCond equip, !- Name
  {cfeeb75b-76e5-454e-933b-ca0bc8db56c5}, !- Other Equipment Definition Name
  {cb606522-7303-4dfc-8a2c-5a86dab76d10}, !- Space or SpaceType Name
  {edbd5a82-32b8-4aeb-b9a3-751c9bffe552}, !- Schedule Name
  ,                                       !- Multiplier
  None,                                   !- Fuel Type
  duct load;                              !- End-Use Subcategory

OS:EnergyManagementSystem:Actuator,
  {e51f1ce8-6479-4ae9-b073-79a5c68c7c90}, !- Handle
  central_ac_and_furnace_airloop_0_SupLatLkToCond_equip_act, !- Name
  {44e19a85-e1d3-4f52-aa32-b677c3796349}, !- Actuated Component Name
  OtherEquipment,                         !- Actuated Component Type
  Power Level,                            !- Actuated Component Control Type
  {cb606522-7303-4dfc-8a2c-5a86dab76d10}; !- Zone or Space Name

OS:EnergyManagementSystem:GlobalVariable,
  {cc5c40b5-5890-4f14-86c2-d3e62f77558c}, !- Handle
  central_ac_and_furnace_airloop_0_SupCondToLv; !- Name

OS:OtherEquipment:Definition,
  {9750a8a8-a382-4777-a307-5d49a7beeed3}, !- Handle
  central_ac_and_furnace_airloop_0_SupCondToLv equip, !- Name
  EquipmentLevel,                         !- Design Level Calculation Method
  0,                                      !- Design Level {W}
  ,                                       !- Watts per Space Floor Area {W/m2}
  ,                                       !- Watts per Person {W/Person}
  0,                                      !- Fraction Latent
  0,                                      !- Fraction Radiant
  0;                                      !- Fraction Lost

OS:OtherEquipment,
  {dc4e66f4-a76d-4489-ad9a-416ba7bad576}, !- Handle
  central_ac_and_furnace_airloop_0_SupCondToLv equip, !- Name
  {9750a8a8-a382-4777-a307-5d49a7beeed3}, !- Other Equipment Definition Name
  {cb606522-7303-4dfc-8a2c-5a86dab76d10}, !- Space or SpaceType Name
  {edbd5a82-32b8-4aeb-b9a3-751c9bffe552}, !- Schedule Name
  ,                                       !- Multiplier
  None,                                   !- Fuel Type
  duct load;                              !- End-Use Subcategory

OS:EnergyManagementSystem:Actuator,
  {b55c5218-a57a-46cc-9bb3-5400c7db8371}, !- Handle
  central_ac_and_furnace_airloop_0_SupCondToLv_equip_act, !- Name
  {dc4e66f4-a76d-4489-ad9a-416ba7bad576}, !- Actuated Component Name
  OtherEquipment,                         !- Actuated Component Type
  Power Level,                            !- Actuated Component Control Type
  {cb606522-7303-4dfc-8a2c-5a86dab76d10}; !- Zone or Space Name

OS:EnergyManagementSystem:GlobalVariable,
  {1f20bcaf-6750-4da8-aefa-283e3721db63}, !- Handle
  central_ac_and_furnace_airloop_0_RetCondToRP; !- Name

OS:OtherEquipment:Definition,
  {845e48ba-f6fb-46e9-b920-d263e74c8a8b}, !- Handle
  central_ac_and_furnace_airloop_0_RetCondToRP equip, !- Name
  EquipmentLevel,                         !- Design Level Calculation Method
  0,                                      !- Design Level {W}
  ,                                       !- Watts per Space Floor Area {W/m2}
  ,                                       !- Watts per Person {W/Person}
  0,                                      !- Fraction Latent
  0,                                      !- Fraction Radiant
  0;                                      !- Fraction Lost

OS:OtherEquipment,
  {3bb005ff-5463-4168-a620-3cf951105729}, !- Handle
  central_ac_and_furnace_airloop_0_RetCondToRP equip, !- Name
  {845e48ba-f6fb-46e9-b920-d263e74c8a8b}, !- Other Equipment Definition Name
  {26a0a02d-c22c-48f9-b4c4-7fa890815eb1}, !- Space or SpaceType Name
  {edbd5a82-32b8-4aeb-b9a3-751c9bffe552}, !- Schedule Name
  ,                                       !- Multiplier
  None,                                   !- Fuel Type
  duct load;                              !- End-Use Subcategory

OS:EnergyManagementSystem:Actuator,
  {95d7fdb5-6b77-4818-b44d-5d79ff2b2c34}, !- Handle
  central_ac_and_furnace_airloop_0_RetCondToRP_equip_act, !- Name
  {3bb005ff-5463-4168-a620-3cf951105729}, !- Actuated Component Name
  OtherEquipment,                         !- Actuated Component Type
  Power Level,                            !- Actuated Component Control Type
  {26a0a02d-c22c-48f9-b4c4-7fa890815eb1}; !- Zone or Space Name

OS:EnergyManagementSystem:GlobalVariable,
  {771eacae-ee00-460f-a356-051159b80c5c}, !- Handle
  central_ac_and_furnace_airloop_0_RetSensLkToRP; !- Name

OS:OtherEquipment:Definition,
  {b591c133-72e2-4bdc-bc0c-2a39ceda61a7}, !- Handle
  central_ac_and_furnace_airloop_0_RetSensLkToRP equip, !- Name
  EquipmentLevel,                         !- Design Level Calculation Method
  0,                                      !- Design Level {W}
  ,                                       !- Watts per Space Floor Area {W/m2}
  ,                                       !- Watts per Person {W/Person}
  0,                                      !- Fraction Latent
  0,                                      !- Fraction Radiant
  0;                                      !- Fraction Lost

OS:OtherEquipment,
  {9650c462-ca3c-4754-98fa-24bfc91d8426}, !- Handle
  central_ac_and_furnace_airloop_0_RetSensLkToRP equip, !- Name
  {b591c133-72e2-4bdc-bc0c-2a39ceda61a7}, !- Other Equipment Definition Name
  {26a0a02d-c22c-48f9-b4c4-7fa890815eb1}, !- Space or SpaceType Name
  {edbd5a82-32b8-4aeb-b9a3-751c9bffe552}, !- Schedule Name
  ,                                       !- Multiplier
  None,                                   !- Fuel Type
  duct load;                              !- End-Use Subcategory

OS:EnergyManagementSystem:Actuator,
  {f76c8433-3c3e-4bbf-97de-db0ec18c455d}, !- Handle
  central_ac_and_furnace_airloop_0_RetSensLkToRP_equip_act, !- Name
  {9650c462-ca3c-4754-98fa-24bfc91d8426}, !- Actuated Component Name
  OtherEquipment,                         !- Actuated Component Type
  Power Level,                            !- Actuated Component Control Type
  {26a0a02d-c22c-48f9-b4c4-7fa890815eb1}; !- Zone or Space Name

OS:EnergyManagementSystem:GlobalVariable,
  {0e8d827e-8e59-4551-a972-480d24c8b8ea}, !- Handle
  central_ac_and_furnace_airloop_0_RetLatLkToRP; !- Name

OS:OtherEquipment:Definition,
  {2ad447da-b08d-4ec4-a1c5-ef31b3b5cf05}, !- Handle
  central_ac_and_furnace_airloop_0_RetLatLkToRP equip, !- Name
  EquipmentLevel,                         !- Design Level Calculation Method
  0,                                      !- Design Level {W}
  ,                                       !- Watts per Space Floor Area {W/m2}
  ,                                       !- Watts per Person {W/Person}
  1,                                      !- Fraction Latent
  0,                                      !- Fraction Radiant
  0;                                      !- Fraction Lost

OS:OtherEquipment,
  {df7e9a70-1a6c-49eb-a52e-b31fa8c57abd}, !- Handle
  central_ac_and_furnace_airloop_0_RetLatLkToRP equip, !- Name
  {2ad447da-b08d-4ec4-a1c5-ef31b3b5cf05}, !- Other Equipment Definition Name
  {26a0a02d-c22c-48f9-b4c4-7fa890815eb1}, !- Space or SpaceType Name
  {edbd5a82-32b8-4aeb-b9a3-751c9bffe552}, !- Schedule Name
  ,                                       !- Multiplier
  None,                                   !- Fuel Type
  duct load;                              !- End-Use Subcategory

OS:EnergyManagementSystem:Actuator,
  {45d4fde1-5c39-43ed-929d-b717f5f3c7a7}, !- Handle
  central_ac_and_furnace_airloop_0_RetLatLkToRP_equip_act, !- Name
  {df7e9a70-1a6c-49eb-a52e-b31fa8c57abd}, !- Actuated Component Name
  OtherEquipment,                         !- Actuated Component Type
  Power Level,                            !- Actuated Component Control Type
  {26a0a02d-c22c-48f9-b4c4-7fa890815eb1}; !- Zone or Space Name

OS:EnergyManagementSystem:GlobalVariable,
  {a4c5993f-b1d9-4760-8a00-9ba56bfb443a}, !- Handle
  central_ac_and_furnace_airloop_0_SupCondToDZ; !- Name

OS:OtherEquipment:Definition,
  {8a6a3ce5-b3c3-478b-a5bf-2a9b245647b6}, !- Handle
  central_ac_and_furnace_airloop_0_SupCondToDZ equip, !- Name
  EquipmentLevel,                         !- Design Level Calculation Method
  0,                                      !- Design Level {W}
  ,                                       !- Watts per Space Floor Area {W/m2}
  ,                                       !- Watts per Person {W/Person}
  0,                                      !- Fraction Latent
  0,                                      !- Fraction Radiant
  0;                                      !- Fraction Lost

OS:OtherEquipment,
  {69023900-08f0-4c04-82ce-b3301f57f00e}, !- Handle
  central_ac_and_furnace_airloop_0_SupCondToDZ equip, !- Name
  {8a6a3ce5-b3c3-478b-a5bf-2a9b245647b6}, !- Other Equipment Definition Name
  {e8241acb-88b2-441e-98dd-ddc26be5d0ed}, !- Space or SpaceType Name
  {edbd5a82-32b8-4aeb-b9a3-751c9bffe552}, !- Schedule Name
  ,                                       !- Multiplier
  None,                                   !- Fuel Type
  General;                                !- End-Use Subcategory

OS:EnergyManagementSystem:Actuator,
  {9ae39c1b-6da9-4629-a525-0c67cfd66e17}, !- Handle
  central_ac_and_furnace_airloop_0_SupCondToDZ_equip_act, !- Name
  {69023900-08f0-4c04-82ce-b3301f57f00e}, !- Actuated Component Name
  OtherEquipment,                         !- Actuated Component Type
  Power Level,                            !- Actuated Component Control Type
  {e8241acb-88b2-441e-98dd-ddc26be5d0ed}; !- Zone or Space Name

OS:EnergyManagementSystem:GlobalVariable,
  {dd858b9d-4f32-4349-963a-14696b1c4a93}, !- Handle
  central_ac_and_furnace_airloop_0_RetCondToDZ; !- Name

OS:OtherEquipment:Definition,
  {080b00bf-b52d-487a-af93-e7d180b2082c}, !- Handle
  central_ac_and_furnace_airloop_0_RetCondToDZ equip, !- Name
  EquipmentLevel,                         !- Design Level Calculation Method
  0,                                      !- Design Level {W}
  ,                                       !- Watts per Space Floor Area {W/m2}
  ,                                       !- Watts per Person {W/Person}
  0,                                      !- Fraction Latent
  0,                                      !- Fraction Radiant
  0;                                      !- Fraction Lost

OS:OtherEquipment,
  {daf104f1-e2c4-403c-9dba-9d4c9710b9b9}, !- Handle
  central_ac_and_furnace_airloop_0_RetCondToDZ equip, !- Name
  {080b00bf-b52d-487a-af93-e7d180b2082c}, !- Other Equipment Definition Name
  {e8241acb-88b2-441e-98dd-ddc26be5d0ed}, !- Space or SpaceType Name
  {edbd5a82-32b8-4aeb-b9a3-751c9bffe552}, !- Schedule Name
  ,                                       !- Multiplier
  None,                                   !- Fuel Type
  General;                                !- End-Use Subcategory

OS:EnergyManagementSystem:Actuator,
  {d05e094b-07e3-43ef-8755-3a38d4e0cbca}, !- Handle
  central_ac_and_furnace_airloop_0_RetCondToDZ_equip_act, !- Name
  {daf104f1-e2c4-403c-9dba-9d4c9710b9b9}, !- Actuated Component Name
  OtherEquipment,                         !- Actuated Component Type
  Power Level,                            !- Actuated Component Control Type
  {e8241acb-88b2-441e-98dd-ddc26be5d0ed}; !- Zone or Space Name

OS:EnergyManagementSystem:GlobalVariable,
  {77b93233-0b71-4499-8857-e18bad4fd52d}, !- Handle
  central_ac_and_furnace_airloop_0_SupSensLkToDZ; !- Name

OS:OtherEquipment:Definition,
  {f94138f1-26d4-438d-8c0a-60f3cde458e5}, !- Handle
  central_ac_and_furnace_airloop_0_SupSensLkToDZ equip, !- Name
  EquipmentLevel,                         !- Design Level Calculation Method
  0,                                      !- Design Level {W}
  ,                                       !- Watts per Space Floor Area {W/m2}
  ,                                       !- Watts per Person {W/Person}
  0,                                      !- Fraction Latent
  0,                                      !- Fraction Radiant
  0;                                      !- Fraction Lost

OS:OtherEquipment,
  {1e65da8c-c1e8-47d4-8763-8f4946a0353b}, !- Handle
  central_ac_and_furnace_airloop_0_SupSensLkToDZ equip, !- Name
  {f94138f1-26d4-438d-8c0a-60f3cde458e5}, !- Other Equipment Definition Name
  {e8241acb-88b2-441e-98dd-ddc26be5d0ed}, !- Space or SpaceType Name
  {edbd5a82-32b8-4aeb-b9a3-751c9bffe552}, !- Schedule Name
  ,                                       !- Multiplier
  None,                                   !- Fuel Type
  General;                                !- End-Use Subcategory

OS:EnergyManagementSystem:Actuator,
  {e1381d77-aa2f-48ee-bf25-6af15eaeebd1}, !- Handle
  central_ac_and_furnace_airloop_0_SupSensLkToDZ_equip_act, !- Name
  {1e65da8c-c1e8-47d4-8763-8f4946a0353b}, !- Actuated Component Name
  OtherEquipment,                         !- Actuated Component Type
  Power Level,                            !- Actuated Component Control Type
  {e8241acb-88b2-441e-98dd-ddc26be5d0ed}; !- Zone or Space Name

OS:EnergyManagementSystem:GlobalVariable,
  {ff8ecb91-e1ea-49df-a6ee-5b9291d13595}, !- Handle
  central_ac_and_furnace_airloop_0_SupLatLkToDZ; !- Name

OS:OtherEquipment:Definition,
  {21419f91-4fb1-4a83-9c83-a34bb688167f}, !- Handle
  central_ac_and_furnace_airloop_0_SupLatLkToDZ equip, !- Name
  EquipmentLevel,                         !- Design Level Calculation Method
  0,                                      !- Design Level {W}
  ,                                       !- Watts per Space Floor Area {W/m2}
  ,                                       !- Watts per Person {W/Person}
  1,                                      !- Fraction Latent
  0,                                      !- Fraction Radiant
  0;                                      !- Fraction Lost

OS:OtherEquipment,
  {00ae892e-f2be-4611-87ea-b5f04cd74ce9}, !- Handle
  central_ac_and_furnace_airloop_0_SupLatLkToDZ equip, !- Name
  {21419f91-4fb1-4a83-9c83-a34bb688167f}, !- Other Equipment Definition Name
  {e8241acb-88b2-441e-98dd-ddc26be5d0ed}, !- Space or SpaceType Name
  {edbd5a82-32b8-4aeb-b9a3-751c9bffe552}, !- Schedule Name
  ,                                       !- Multiplier
  None,                                   !- Fuel Type
  General;                                !- End-Use Subcategory

OS:EnergyManagementSystem:Actuator,
  {304d03ca-66a7-4e21-843f-d039a696dbb4}, !- Handle
  central_ac_and_furnace_airloop_0_SupLatLkToDZ_equip_act, !- Name
  {00ae892e-f2be-4611-87ea-b5f04cd74ce9}, !- Actuated Component Name
  OtherEquipment,                         !- Actuated Component Type
  Power Level,                            !- Actuated Component Control Type
  {e8241acb-88b2-441e-98dd-ddc26be5d0ed}; !- Zone or Space Name

OS:EnergyManagementSystem:GlobalVariable,
  {4ebf32e9-f65e-45e4-b2eb-26c3c9b6f771}, !- Handle
  central_ac_and_furnace_airloop_0_ZoneMixDZToCond; !- Name

OS:ZoneMixing,
  {eff179be-0d0d-4e8a-b4ca-722e9e6db3aa}, !- Handle
  central_ac_and_furnace_airloop_0_ZoneMixDZToCond mix, !- Name
  {f33eefb7-352c-4690-abbe-5016b3fdcf05}, !- Zone or Space Name
  {192d787f-2cfd-4db4-b0d0-9f81bdf4247f}, !- Schedule Name
  Flow/Zone,                              !- Design Flow Rate Calculation Method
  0,                                      !- Design Flow Rate {m3/s}
  ,                                       !- Flow Rate per Floor Area {m3/s-m2}
  ,                                       !- Flow Rate per Person {m3/s-person}
  ,                                       !- Air Changes per Hour {1/hr}
  {41c7e5ac-8d21-40ae-9cf2-6fa9ceb521cb}, !- Source Zone or Space Name
  ,                                       !- Delta Temperature {deltaC}
  ,                                       !- Delta Temperature Schedule Name
  ,                                       !- Minimum Receiving Temperature Schedule Name
  ,                                       !- Maximum Receiving Temperature Schedule Name
  ,                                       !- Minimum Source Temperature Schedule Name
  ,                                       !- Maximum Source Temperature Schedule Name
  ,                                       !- Minimum Outdoor Temperature Schedule Name
  ;                                       !- Maximum Outdoor Temperature Schedule Name

OS:Schedule:Constant,
  {192d787f-2cfd-4db4-b0d0-9f81bdf4247f}, !- Handle
  Always On Continuous,                   !- Name
  {6cd7b6e0-9b13-48a8-92cc-986aaf945efa}, !- Schedule Type Limits Name
  1;                                      !- Value

OS:ScheduleTypeLimits,
  {6cd7b6e0-9b13-48a8-92cc-986aaf945efa}, !- Handle
  Fractional 1,                           !- Name
  0,                                      !- Lower Limit Value
  1,                                      !- Upper Limit Value
  Continuous,                             !- Numeric Type
  ;                                       !- Unit Type

OS:EnergyManagementSystem:Actuator,
  {027a9728-d426-4a4a-83bb-993d89636eea}, !- Handle
  central_ac_and_furnace_airloop_0_ZoneMixDZToCond_mix_act, !- Name
  {eff179be-0d0d-4e8a-b4ca-722e9e6db3aa}, !- Actuated Component Name
  ZoneMixing,                             !- Actuated Component Type
  Air Exchange Flow Rate,                 !- Actuated Component Control Type
  ;                                       !- Zone or Space Name

OS:AdditionalProperties,
  {21339617-3a6f-46d1-a44f-7953cc9b11a6}, !- Handle
  {eff179be-0d0d-4e8a-b4ca-722e9e6db3aa}, !- Object Name
  ObjectType,                             !- Feature Name 1
  String,                                 !- Feature Data Type 1
  duct load;                              !- Feature Value 1

OS:EnergyManagementSystem:GlobalVariable,
  {1b6787a8-fbaf-464d-8072-2ca931df3212}, !- Handle
  central_ac_and_furnace_airloop_0_ZoneMixCondToDZ; !- Name

OS:ZoneMixing,
  {182e0cd4-34f3-4210-8590-95bcaa4c8a25}, !- Handle
  central_ac_and_furnace_airloop_0_ZoneMixCondToDZ mix, !- Name
  {41c7e5ac-8d21-40ae-9cf2-6fa9ceb521cb}, !- Zone or Space Name
  {192d787f-2cfd-4db4-b0d0-9f81bdf4247f}, !- Schedule Name
  Flow/Zone,                              !- Design Flow Rate Calculation Method
  0,                                      !- Design Flow Rate {m3/s}
  ,                                       !- Flow Rate per Floor Area {m3/s-m2}
  ,                                       !- Flow Rate per Person {m3/s-person}
  ,                                       !- Air Changes per Hour {1/hr}
  {f33eefb7-352c-4690-abbe-5016b3fdcf05}, !- Source Zone or Space Name
  ,                                       !- Delta Temperature {deltaC}
  ,                                       !- Delta Temperature Schedule Name
  ,                                       !- Minimum Receiving Temperature Schedule Name
  ,                                       !- Maximum Receiving Temperature Schedule Name
  ,                                       !- Minimum Source Temperature Schedule Name
  ,                                       !- Maximum Source Temperature Schedule Name
  ,                                       !- Minimum Outdoor Temperature Schedule Name
  ;                                       !- Maximum Outdoor Temperature Schedule Name

OS:EnergyManagementSystem:Actuator,
  {8642478a-acde-4b34-889b-f5463717e5bd}, !- Handle
  central_ac_and_furnace_airloop_0_ZoneMixCondToDZ_mix_act, !- Name
  {182e0cd4-34f3-4210-8590-95bcaa4c8a25}, !- Actuated Component Name
  ZoneMixing,                             !- Actuated Component Type
  Air Exchange Flow Rate,                 !- Actuated Component Control Type
  ;                                       !- Zone or Space Name

OS:AdditionalProperties,
  {1f7ae162-b51a-4f07-bafe-6f080ae765a4}, !- Handle
  {182e0cd4-34f3-4210-8590-95bcaa4c8a25}, !- Object Name
  ObjectType,                             !- Feature Name 1
  String,                                 !- Feature Data Type 1
  duct load;                              !- Feature Value 1

OS:EnergyManagementSystem:Subroutine,
  {2309c70c-20a4-4e85-8e11-3539086642ca}, !- Handle
  central_ac_and_furnace_airloop_0_duct_subroutine, !- Name
  Set AH_MFR = central_ac_and_furnace_airloop_AH_MFR / 1, !- Program Line 1
  If AH_MFR>0,                            !- Program Line 2
  Set AH_Tout = central_ac_and_furnace_airloop_AH_Tout, !- Program Line 3
  Set AH_Wout = central_ac_and_furnace_airloop_AH_Wout, !- Program Line 4
  Set RA_T = central_ac_and_furnace_airloop_RA_T, !- Program Line 5
  Set RA_W = central_ac_and_furnace_airloop_Ra_W, !- Program Line 6
  Set Fan_RTF = central_ac_and_furnace_airloop_Fan_RTF, !- Program Line 7
  Set DZ_T = central_ac_and_furnace_airloop_0_DZ_T, !- Program Line 8
  Set DZ_W = central_ac_and_furnace_airloop_0_DZ_W, !- Program Line 9
  Set AH_VFR = central_ac_and_furnace_airloop_AH_VFR / 1, !- Program Line 10
  Set h_SA = (@HFnTdbW AH_Tout AH_Wout),  !- Program Line 11
  Set h_RA = (@HFnTdbW RA_T RA_W),        !- Program Line 12
  Set h_fg = (@HfgAirFnWTdb AH_Wout AH_Tout), !- Program Line 13
  Set h_DZ = (@HFnTdbW DZ_T DZ_W),        !- Program Line 14
  Set air_cp = 1006.0,                    !- Program Line 15
  Set f_sup = 0.067,                      !- Program Line 16
  Set f_ret = 0.033,                      !- Program Line 17
  Set sup_lk_mfr = f_sup * AH_MFR,        !- Program Line 18
  Set ret_lk_mfr = f_ret * AH_MFR,        !- Program Line 19
  Set SupTotLkToCond = sup_lk_mfr*(h_RA - h_SA), !- Program Line 20
  Set SupLatLkToCond = sup_lk_mfr*h_fg*(RA_W-AH_Wout), !- Program Line 21
  Set SupSensLkToCond = SupTotLkToCond-SupLatLkToCond, !- Program Line 22
  Set supply_ua = 53.845,                 !- Program Line 23
  Set eTm = 0-((Fan_RTF/(AH_MFR*air_cp))*supply_ua), !- Program Line 24
  Set t_sup = DZ_T+((AH_Tout-DZ_T)*(@Exp eTm)), !- Program Line 25
  Set SupCondToCond = AH_MFR*air_cp*(t_sup-AH_Tout), !- Program Line 26
  Set SupCondToDZ = 0-SupCondToCond,      !- Program Line 27
  Set return_ua = 9.215,                  !- Program Line 28
  Set eTm = 0-((Fan_RTF/(AH_MFR*air_cp))*return_ua), !- Program Line 29
  Set t_ret = DZ_T+((RA_T-DZ_T)*(@Exp eTm)), !- Program Line 30
  Set RetCondToRP = AH_MFR*air_cp*(t_ret-RA_T), !- Program Line 31
  Set RetCondToDZ = 0-RetCondToRP,        !- Program Line 32
  Set RetLatLkToRP = 0,                   !- Program Line 33
  Set RetSensLkToRP = ret_lk_mfr*air_cp*(DZ_T-RA_T), !- Program Line 34
  Set SupTotLkToDZ = sup_lk_mfr*(h_SA-h_DZ), !- Program Line 35
  Set SupLatLkToDZ = sup_lk_mfr*h_fg*(AH_Wout-DZ_W), !- Program Line 36
  Set SupSensLkToDZ = SupTotLkToDZ-SupLatLkToDZ, !- Program Line 37
  Set f_imbalance = f_sup-f_ret,          !- Program Line 38
  Set oa_vfr = 1.0 * f_imbalance * AH_VFR, !- Program Line 39
  Set sup_lk_vfr = f_sup * AH_VFR,        !- Program Line 40
  Set ret_lk_vfr = f_ret * AH_VFR,        !- Program Line 41
  If f_sup > f_ret,                       !- Program Line 42
  Set ZoneMixCondToDZ = 0,                !- Program Line 43
  Set ZoneMixDZToCond = (sup_lk_vfr-ret_lk_vfr)-oa_vfr, !- Program Line 44
  Else,                                   !- Program Line 45
  Set ZoneMixCondToDZ = (ret_lk_vfr-sup_lk_vfr)+oa_vfr, !- Program Line 46
  Set ZoneMixDZToCond = 0,                !- Program Line 47
  EndIf,                                  !- Program Line 48
  Else,                                   !- Program Line 49
  Set SupLatLkToCond = 0,                 !- Program Line 50
  Set SupSensLkToCond = 0,                !- Program Line 51
  Set SupCondToCond = 0,                  !- Program Line 52
  Set RetCondToRP = 0,                    !- Program Line 53
  Set RetLatLkToRP = 0,                   !- Program Line 54
  Set RetSensLkToRP = 0,                  !- Program Line 55
  Set RetCondToDZ = 0,                    !- Program Line 56
  Set SupCondToDZ = 0,                    !- Program Line 57
  Set SupLatLkToDZ = 0,                   !- Program Line 58
  Set SupSensLkToDZ = 0,                  !- Program Line 59
  Set ZoneMixCondToDZ = 0,                !- Program Line 60
  Set ZoneMixDZToCond = 0,                !- Program Line 61
  EndIf,                                  !- Program Line 62
  Set central_ac_and_furnace_airloop_0_SupLatLkToCond = SupLatLkToCond, !- Program Line 63
  Set central_ac_and_furnace_airloop_0_SupSensLkToCond = SupSensLkToCond, !- Program Line 64
  Set central_ac_and_furnace_airloop_0_SupCondToLv = SupCondToCond, !- Program Line 65
  Set central_ac_and_furnace_airloop_0_RetCondToRP = RetCondToRP, !- Program Line 66
  Set central_ac_and_furnace_airloop_0_RetLatLkToRP = RetLatLkToRP, !- Program Line 67
  Set central_ac_and_furnace_airloop_0_RetSensLkToRP = RetSensLkToRP, !- Program Line 68
  Set central_ac_and_furnace_airloop_0_RetCondToDZ = RetCondToDZ, !- Program Line 69
  Set central_ac_and_furnace_airloop_0_SupCondToDZ = SupCondToDZ, !- Program Line 70
  Set central_ac_and_furnace_airloop_0_SupLatLkToDZ = SupLatLkToDZ, !- Program Line 71
  Set central_ac_and_furnace_airloop_0_SupSensLkToDZ = SupSensLkToDZ, !- Program Line 72
  Set central_ac_and_furnace_airloop_0_ZoneMixCondToDZ = ZoneMixCondToDZ, !- Program Line 73
  Set central_ac_and_furnace_airloop_0_ZoneMixDZToCond = ZoneMixDZToCond; !- Program Line 74

OS:EnergyManagementSystem:Program,
  {c83a2445-ec01-434c-aa3a-6be084167f87}, !- Handle
  central_ac_and_furnace_airloop_0_duct_program, !- Name
  Set central_ac_and_furnace_airloop_AH_MFR = central_ac_and_furnace_airloop_AH_MFR_s, !- Program Line 1
  Set central_ac_and_furnace_airloop_Fan_RTF = 0, !- Program Line 2
  Set central_ac_and_furnace_airloop_Fan_RTF = central_ac_and_furnace_airloop_Fan_RTF + central_ac_and_furnace_airloop_Fan_RTF_s, !- Program Line 3
  Set central_ac_and_furnace_airloop_Fan_RTF = central_ac_and_furnace_airloop_Fan_RTF + central_ac_and_furnace_airloop_Fan_RTF_s_1, !- Program Line 4
  Set central_ac_and_furnace_airloop_AH_VFR = central_ac_and_furnace_airloop_AH_VFR_s, !- Program Line 5
  Set central_ac_and_furnace_airloop_AH_Tout = central_ac_and_furnace_airloop_AH_Tout_s, !- Program Line 6
  Set central_ac_and_furnace_airloop_AH_Wout = central_ac_and_furnace_airloop_AH_Wout_s, !- Program Line 7
  Set central_ac_and_furnace_airloop_RA_T = central_ac_and_furnace_airloop_RA_T_s, !- Program Line 8
  Set central_ac_and_furnace_airloop_Ra_W = central_ac_and_furnace_airloop_Ra_W_s, !- Program Line 9
  Set central_ac_and_furnace_airloop_0_DZ_T = central_ac_and_furnace_airloop_0_DZ_T_s, !- Program Line 10
  Set central_ac_and_furnace_airloop_0_DZ_W = central_ac_and_furnace_airloop_0_DZ_W_s, !- Program Line 11
  Run central_ac_and_furnace_airloop_0_duct_subroutine, !- Program Line 12
  Set central_ac_and_furnace_airloop_0_SupSensLkToCond_equip_act = central_ac_and_furnace_airloop_0_SupSensLkToCond, !- Program Line 13
  Set central_ac_and_furnace_airloop_0_SupLatLkToCond_equip_act = central_ac_and_furnace_airloop_0_SupLatLkToCond, !- Program Line 14
  Set central_ac_and_furnace_airloop_0_SupCondToLv_equip_act = central_ac_and_furnace_airloop_0_SupCondToLv, !- Program Line 15
  Set central_ac_and_furnace_airloop_0_RetSensLkToRP_equip_act = central_ac_and_furnace_airloop_0_RetSensLkToRP, !- Program Line 16
  Set central_ac_and_furnace_airloop_0_RetLatLkToRP_equip_act = central_ac_and_furnace_airloop_0_RetLatLkToRP, !- Program Line 17
  Set central_ac_and_furnace_airloop_0_RetCondToRP_equip_act = central_ac_and_furnace_airloop_0_RetCondToRP, !- Program Line 18
  Set central_ac_and_furnace_airloop_0_RetCondToDZ_equip_act = central_ac_and_furnace_airloop_0_RetCondToDZ, !- Program Line 19
  Set central_ac_and_furnace_airloop_0_SupCondToDZ_equip_act = central_ac_and_furnace_airloop_0_SupCondToDZ, !- Program Line 20
  Set central_ac_and_furnace_airloop_0_SupSensLkToDZ_equip_act = central_ac_and_furnace_airloop_0_SupSensLkToDZ, !- Program Line 21
  Set central_ac_and_furnace_airloop_0_SupLatLkToDZ_equip_act = central_ac_and_furnace_airloop_0_SupLatLkToDZ, !- Program Line 22
  Set central_ac_and_furnace_airloop_0_ZoneMixDZToCond_mix_act = central_ac_and_furnace_airloop_0_ZoneMixDZToCond, !- Program Line 23
  Set central_ac_and_furnace_airloop_0_ZoneMixCondToDZ_mix_act = central_ac_and_furnace_airloop_0_ZoneMixCondToDZ; !- Program Line 24

OS:EnergyManagementSystem:ProgramCallingManager,
  {31c2feea-6ea9-432f-862e-1e14f236c87d}, !- Handle
  central_ac_and_furnace_airloop_0_duct_program calling manager, !- Name
  EndOfSystemTimestepAfterHVACReporting,  !- EnergyPlus Model Calling Point
  {c83a2445-ec01-434c-aa3a-6be084167f87}; !- Program Name 1

OS:Schedule:Ruleset,
  {6f92bcc8-5393-4480-8165-11fab79db0a0}, !- Handle
  natural vent schedule,                  !- Name
  {f55a0052-ee4c-415e-8087-22f8de791103}, !- Schedule Type Limits Name
  {27e9f6b4-e44e-4eb1-87ab-b74463cc5691}; !- Default Day Schedule Name

OS:Schedule:Day,
  {27e9f6b4-e44e-4eb1-87ab-b74463cc5691}, !- Handle
  natural vent schedule default day,      !- Name
  {f55a0052-ee4c-415e-8087-22f8de791103}, !- Schedule Type Limits Name
  ,                                       !- Interpolate to Timestep
  24,                                     !- Hour 1
  0,                                      !- Minute 1
  0;                                      !- Value Until Time 1

OS:Schedule:Rule,
  {0dbcbd7d-7826-4e77-915e-824683270fdc}, !- Handle
  natural vent schedule rule,             !- Name
  {6f92bcc8-5393-4480-8165-11fab79db0a0}, !- Schedule Ruleset Name
  0,                                      !- Rule Order
  {eac40cce-a9e5-4a52-8a26-d2f007f8b2a7}, !- Day Schedule Name
  ,                                       !- Apply Sunday
  Yes,                                    !- Apply Monday
  ,                                       !- Apply Tuesday
  Yes,                                    !- Apply Wednesday
  ,                                       !- Apply Thursday
  Yes,                                    !- Apply Friday
  ,                                       !- Apply Saturday
  DateRange,                              !- Date Specification Type
  1,                                      !- Start Month
  1,                                      !- Start Day
  12,                                     !- End Month
  31;                                     !- End Day

OS:Schedule:Day,
  {eac40cce-a9e5-4a52-8a26-d2f007f8b2a7}, !- Handle
  natural vent schedule avail day,        !- Name
  {f55a0052-ee4c-415e-8087-22f8de791103}, !- Schedule Type Limits Name
  ,                                       !- Interpolate to Timestep
  24,                                     !- Hour 1
  0,                                      !- Minute 1
  1;                                      !- Value Until Time 1

OS:EnergyManagementSystem:Sensor,
  {4b376acc-d749-4cf4-8934-4aaf88abfba6}, !- Handle
  natural_vent_s,                         !- Name
  natural vent schedule,                  !- Output Variable or Output Meter Index Key Name
  Schedule Value;                         !- Output Variable or Output Meter Name

OS:EnergyManagementSystem:Sensor,
  {adc43124-6a2e-44bf-9665-8069cfebac49}, !- Handle
  htg_sp_s,                               !- Name
  heating setpoint,                       !- Output Variable or Output Meter Index Key Name
  Schedule Value;                         !- Output Variable or Output Meter Name

OS:EnergyManagementSystem:Sensor,
  {58f0911e-647b-4dab-b193-b32279e07df9}, !- Handle
  clg_sp_s,                               !- Name
  cooling setpoint,                       !- Output Variable or Output Meter Index Key Name
  Schedule Value;                         !- Output Variable or Output Meter Name

OS:SpaceInfiltration:DesignFlowRate,
  {98712b90-365f-49ac-8061-cff33b35d469}, !- Handle
  natural vent flow,                      !- Name
  {cb606522-7303-4dfc-8a2c-5a86dab76d10}, !- Space or SpaceType Name
  {edbd5a82-32b8-4aeb-b9a3-751c9bffe552}, !- Schedule Name
  Flow/Space,                             !- Design Flow Rate Calculation Method
  0,                                      !- Design Flow Rate {m3/s}
  ,                                       !- Flow per Space Floor Area {m3/s-m2}
  ,                                       !- Flow per Exterior Surface Area {m3/s-m2}
  ,                                       !- Air Changes per Hour {1/hr}
  ,                                       !- Constant Term Coefficient
  ,                                       !- Temperature Term Coefficient
  ,                                       !- Velocity Term Coefficient
  ;                                       !- Velocity Squared Term Coefficient

OS:EnergyManagementSystem:Actuator,
  {9ea99330-a923-4474-8ddf-4a68c05bd834}, !- Handle
  natural_vent_flow_act,                  !- Name
  {98712b90-365f-49ac-8061-cff33b35d469}, !- Actuated Component Name
  Zone Infiltration,                      !- Actuated Component Type
  Air Exchange Flow Rate,                 !- Actuated Component Control Type
  ;                                       !- Zone or Space Name

OS:AdditionalProperties,
  {f4c127e4-8b51-4ecc-bebf-c5870720a3aa}, !- Handle
  {98712b90-365f-49ac-8061-cff33b35d469}, !- Object Name
  ObjectType,                             !- Feature Name 1
  String,                                 !- Feature Data Type 1
  natural vent;                           !- Feature Value 1

OS:SpaceInfiltration:DesignFlowRate,
  {2e3b9329-6861-4315-be50-233df85b8fc0}, !- Handle
  whole house fan flow,                   !- Name
  {cb606522-7303-4dfc-8a2c-5a86dab76d10}, !- Space or SpaceType Name
  {edbd5a82-32b8-4aeb-b9a3-751c9bffe552}, !- Schedule Name
  Flow/Space,                             !- Design Flow Rate Calculation Method
  0,                                      !- Design Flow Rate {m3/s}
  ,                                       !- Flow per Space Floor Area {m3/s-m2}
  ,                                       !- Flow per Exterior Surface Area {m3/s-m2}
  ,                                       !- Air Changes per Hour {1/hr}
  ,                                       !- Constant Term Coefficient
  ,                                       !- Temperature Term Coefficient
  ,                                       !- Velocity Term Coefficient
  ;                                       !- Velocity Squared Term Coefficient

OS:EnergyManagementSystem:Actuator,
  {0d18b144-14cd-4fd4-9e28-9ebf1c36a36d}, !- Handle
  whole_house_fan_flow_act,               !- Name
  {2e3b9329-6861-4315-be50-233df85b8fc0}, !- Actuated Component Name
  Zone Infiltration,                      !- Actuated Component Type
  Air Exchange Flow Rate,                 !- Actuated Component Control Type
  ;                                       !- Zone or Space Name

OS:AdditionalProperties,
  {2b00eecb-cfec-4e52-bf03-034500ba2369}, !- Handle
  {2e3b9329-6861-4315-be50-233df85b8fc0}, !- Object Name
  ObjectType,                             !- Feature Name 1
  String,                                 !- Feature Data Type 1
  whole house fan;                        !- Feature Value 1

OS:ElectricEquipment:Definition,
  {0e801cc4-4096-4a94-bd5c-807ceaa60495}, !- Handle
  whole house fan,                        !- Name
  EquipmentLevel,                         !- Design Level Calculation Method
  0,                                      !- Design Level {W}
  ,                                       !- Watts per Space Floor Area {W/m2}
  ,                                       !- Watts per Person {W/person}
  0,                                      !- Fraction Latent
  0,                                      !- Fraction Radiant
  1;                                      !- Fraction Lost

OS:ElectricEquipment,
  {02749966-4d02-4443-a0a1-bbd8485ee327}, !- Handle
  whole house fan,                        !- Name
  {0e801cc4-4096-4a94-bd5c-807ceaa60495}, !- Electric Equipment Definition Name
  {cb606522-7303-4dfc-8a2c-5a86dab76d10}, !- Space or SpaceType Name
  {edbd5a82-32b8-4aeb-b9a3-751c9bffe552}, !- Schedule Name
  ,                                       !- Multiplier
  whole house fan;                        !- End-Use Subcategory

OS:EnergyManagementSystem:Actuator,
  {9d657224-d9f2-45cb-8112-2c29180452fa}, !- Handle
  whole_house_fan_act,                    !- Name
  {02749966-4d02-4443-a0a1-bbd8485ee327}, !- Actuated Component Name
  ElectricEquipment,                      !- Actuated Component Type
  Electricity Rate,                       !- Actuated Component Control Type
  {cb606522-7303-4dfc-8a2c-5a86dab76d10}; !- Zone or Space Name

OS:ZoneMixing,
  {b6c6452e-5a8d-4478-b82b-7ce7fbb59e54}, !- Handle
  whole house fan mix,                    !- Name
  {41c7e5ac-8d21-40ae-9cf2-6fa9ceb521cb}, !- Zone or Space Name
  {192d787f-2cfd-4db4-b0d0-9f81bdf4247f}, !- Schedule Name
  Flow/Zone,                              !- Design Flow Rate Calculation Method
  0,                                      !- Design Flow Rate {m3/s}
  ,                                       !- Flow Rate per Floor Area {m3/s-m2}
  ,                                       !- Flow Rate per Person {m3/s-person}
  ,                                       !- Air Changes per Hour {1/hr}
  {f33eefb7-352c-4690-abbe-5016b3fdcf05}, !- Source Zone or Space Name
  ,                                       !- Delta Temperature {deltaC}
  ,                                       !- Delta Temperature Schedule Name
  ,                                       !- Minimum Receiving Temperature Schedule Name
  ,                                       !- Maximum Receiving Temperature Schedule Name
  ,                                       !- Minimum Source Temperature Schedule Name
  ,                                       !- Maximum Source Temperature Schedule Name
  ,                                       !- Minimum Outdoor Temperature Schedule Name
  ;                                       !- Maximum Outdoor Temperature Schedule Name

OS:EnergyManagementSystem:Actuator,
  {d6df9a9a-ec1f-4ea5-a13a-c761bdc49709}, !- Handle
  whole_house_fan_mix_act,                !- Name
  {b6c6452e-5a8d-4478-b82b-7ce7fbb59e54}, !- Actuated Component Name
  ZoneMixing,                             !- Actuated Component Type
  Air Exchange Flow Rate,                 !- Actuated Component Control Type
  ;                                       !- Zone or Space Name

OS:EnergyManagementSystem:Program,
  {e90e39b8-0d15-4f28-be94-ee6e6bb519c5}, !- Handle
  natural_vent_program,                   !- Name
  Set Tin = tin_s,                        !- Program Line 1
  Set Tout = tout_s,                      !- Program Line 2
  Set Wout = out_wt_s,                    !- Program Line 3
  Set Pbar = out_pb_s,                    !- Program Line 4
  Set Phiout = (@RhFnTdbWPb Tout Wout Pbar), !- Program Line 5
  Set MaxHR = 0.0115,                     !- Program Line 6
  Set MaxRH = 0.7,                        !- Program Line 7
  Set Tnvsp = (htg_sp_s + clg_sp_s) / 2,  !- Program Line 8
  Set NVavail = natural_vent_s,           !- Program Line 9
  Set ClgSsnAvail = cool_season,          !- Program Line 10
  Set natural_vent_flow_act = 0,          !- Program Line 11
  Set whole_house_fan_flow_act = 0,       !- Program Line 12
  Set whole_house_fan_mix_act = 0,        !- Program Line 13
  Set whole_house_fan_act = 0,            !- Program Line 14
  If ((Wout < MaxHR) && (Phiout < MaxRH) && (Tin > Tout) && (Tin > Tnvsp) && (ClgSsnAvail > 0)), !- Program Line 15
  Set WHF_Flow = 0,                       !- Program Line 16
  Set Adj = (Tin-Tnvsp)/(Tin-Tout),       !- Program Line 17
  Set Adj = (@Min Adj 1),                 !- Program Line 18
  Set Adj = (@Max Adj 0),                 !- Program Line 19
  If (WHF_Flow > 0),                      !- Program Line 20
  Set whole_house_fan_flow_act = WHF_Flow*Adj, !- Program Line 21
  Set whole_house_fan_mix_act = WHF_Flow*Adj, !- Program Line 22
  Set WHF_W = 0,                          !- Program Line 23
  Set whole_house_fan_act = WHF_W*Adj,    !- Program Line 24
  ElseIf (NVavail > 0),                   !- Program Line 25
  Set NVArea = 6169.728047616001,         !- Program Line 26
  Set Cs = 8.968567957270247e-05,         !- Program Line 27
  Set Cw = 6.158219665777789e-05,         !- Program Line 28
  Set Tdiff = Tin-Tout,                   !- Program Line 29
  Set dT = (@Abs Tdiff),                  !- Program Line 30
  Set Vwind = site_vw_s,                  !- Program Line 31
  Set SGNV = NVArea*Adj*((((Cs*dT)+(Cw*(Vwind^2)))^0.5)/1000), !- Program Line 32
  Set MaxNV = 2.1369780228096005,         !- Program Line 33
  Set natural_vent_flow_act = (@Min SGNV MaxNV), !- Program Line 34
  EndIf,                                  !- Program Line 35
  EndIf;                                  !- Program Line 36

OS:AdditionalProperties,
  {36d25720-c412-48d0-9c15-bcdd9c47f505}, !- Handle
  {e90e39b8-0d15-4f28-be94-ee6e6bb519c5}, !- Object Name
  ObjectType,                             !- Feature Name 1
  String,                                 !- Feature Data Type 1
  natural vent;                           !- Feature Value 1

OS:EnergyManagementSystem:ProgramCallingManager,
  {3a266c2f-be1f-41ec-ae57-134b532d4033}, !- Handle
  natural_vent_program calling manager,   !- Name
  BeginZoneTimestepAfterInitHeatBalance,  !- EnergyPlus Model Calling Point
  {e90e39b8-0d15-4f28-be94-ee6e6bb519c5}; !- Program Name 1

OS:EnergyManagementSystem:OutputVariable,
  {8daf8e3f-7c69-4c69-a985-e739fbbfc1b1}, !- Handle
  natural_vent_flow_act_timeseries_outvar, !- Name
  natural_vent_flow_act,                  !- EMS Variable Name
  Averaged,                               !- Type of Data in Variable
  ZoneTimestep,                           !- Update Frequency
  {e90e39b8-0d15-4f28-be94-ee6e6bb519c5}, !- EMS Program or Subroutine Name
  m^/s;                                   !- Units

OS:EnergyManagementSystem:OutputVariable,
  {84260765-64a1-40a5-a6d8-42caf081a29a}, !- Handle
  whole_house_fan_flow_act_timeseries_outvar, !- Name
  whole_house_fan_flow_act,               !- EMS Variable Name
  Averaged,                               !- Type of Data in Variable
  ZoneTimestep,                           !- Update Frequency
  {e90e39b8-0d15-4f28-be94-ee6e6bb519c5}, !- EMS Program or Subroutine Name
  m^/s;                                   !- Units

OS:SpaceInfiltration:EffectiveLeakageArea,
  {f1f2fb57-8b66-48d9-a395-035e51072d0b}, !- Handle
  infil|attic - vented 1,                 !- Name
  {e8241acb-88b2-441e-98dd-ddc26be5d0ed}, !- Space or SpaceType Name
  {edbd5a82-32b8-4aeb-b9a3-751c9bffe552}, !- Schedule Name
  5257.7862327936,                        !- Effective Air Leakage Area {cm2}
  0.000461595208535131,                   !- Stack Coefficient
  4.03225737561461e-05;                   !- Wind Coefficient

OS:Schedule:Constant,
  {95588fcd-8688-4c26-b48c-4b52b0fccac3}, !- Handle
  mech vent house fan schedule,           !- Name
  {1f9c1b66-c7e4-4941-a342-bc041ffed04e}, !- Schedule Type Limits Name
  1;                                      !- Value

OS:ElectricEquipment:Definition,
  {79396399-ff0d-4c95-9933-701a87d35699}, !- Handle
  mech vent house fan,                    !- Name
  EquipmentLevel,                         !- Design Level Calculation Method
  0,                                      !- Design Level {W}
  ,                                       !- Watts per Space Floor Area {W/m2}
  ,                                       !- Watts per Person {W/person}
  0,                                      !- Fraction Latent
  0,                                      !- Fraction Radiant
  1;                                      !- Fraction Lost

OS:ElectricEquipment,
  {64c0216d-7c7f-4b21-b581-3d39680f5c9a}, !- Handle
  mech vent house fan,                    !- Name
  {79396399-ff0d-4c95-9933-701a87d35699}, !- Electric Equipment Definition Name
  {cb606522-7303-4dfc-8a2c-5a86dab76d10}, !- Space or SpaceType Name
  {95588fcd-8688-4c26-b48c-4b52b0fccac3}, !- Schedule Name
  ,                                       !- Multiplier
  mech vent;                              !- End-Use Subcategory

OS:Schedule:Constant,
  {efae3c8a-36c7-4f82-989b-7b4caa84d201}, !- Handle
  mech vent house fan cfis schedule,      !- Name
  {1f9c1b66-c7e4-4941-a342-bc041ffed04e}, !- Schedule Type Limits Name
  1;                                      !- Value

OS:ElectricEquipment:Definition,
  {2c3207a8-ea9a-4e1a-8be5-1a02c11bea3f}, !- Handle
  mech vent house fan cfis,               !- Name
  EquipmentLevel,                         !- Design Level Calculation Method
  0,                                      !- Design Level {W}
  ,                                       !- Watts per Space Floor Area {W/m2}
  ,                                       !- Watts per Person {W/person}
  0,                                      !- Fraction Latent
  0,                                      !- Fraction Radiant
  0;                                      !- Fraction Lost

OS:ElectricEquipment,
  {d7b52545-b758-4a3a-9559-554f2f1999cf}, !- Handle
  mech vent house fan cfis,               !- Name
  {2c3207a8-ea9a-4e1a-8be5-1a02c11bea3f}, !- Electric Equipment Definition Name
  {cb606522-7303-4dfc-8a2c-5a86dab76d10}, !- Space or SpaceType Name
  {efae3c8a-36c7-4f82-989b-7b4caa84d201}, !- Schedule Name
  ,                                       !- Multiplier
  mech vent;                              !- End-Use Subcategory

OS:EnergyManagementSystem:Actuator,
  {7bdd9bc6-79bf-40b8-9706-00b2abedb263}, !- Handle
  mech_vent_house_fan_cfis_act,           !- Name
  {d7b52545-b758-4a3a-9559-554f2f1999cf}, !- Actuated Component Name
  ElectricEquipment,                      !- Actuated Component Type
  Electricity Rate,                       !- Actuated Component Control Type
  {cb606522-7303-4dfc-8a2c-5a86dab76d10}; !- Zone or Space Name

OS:SpaceInfiltration:DesignFlowRate,
  {859fb643-67fd-4b02-b73c-3fddaf75f3c1}, !- Handle
  infil flow,                             !- Name
  {cb606522-7303-4dfc-8a2c-5a86dab76d10}, !- Space or SpaceType Name
  {edbd5a82-32b8-4aeb-b9a3-751c9bffe552}, !- Schedule Name
  Flow/Space,                             !- Design Flow Rate Calculation Method
  0,                                      !- Design Flow Rate {m3/s}
  ,                                       !- Flow per Space Floor Area {m3/s-m2}
  ,                                       !- Flow per Exterior Surface Area {m3/s-m2}
  ,                                       !- Air Changes per Hour {1/hr}
  ,                                       !- Constant Term Coefficient
  ,                                       !- Temperature Term Coefficient
  ,                                       !- Velocity Term Coefficient
  ;                                       !- Velocity Squared Term Coefficient

OS:EnergyManagementSystem:Actuator,
  {6c29e067-fd2a-49f0-94be-28f8a738a606}, !- Handle
  infil_flow_act,                         !- Name
  {859fb643-67fd-4b02-b73c-3fddaf75f3c1}, !- Actuated Component Name
  Zone Infiltration,                      !- Actuated Component Type
  Air Exchange Flow Rate,                 !- Actuated Component Control Type
  ;                                       !- Zone or Space Name

OS:AdditionalProperties,
  {a327baed-ec18-4f8c-84d6-63d5cd8bfa8e}, !- Handle
  {859fb643-67fd-4b02-b73c-3fddaf75f3c1}, !- Object Name
  ObjectType,                             !- Feature Name 1
  String,                                 !- Feature Data Type 1
  infil;                                  !- Feature Value 1

OS:EnergyManagementSystem:Program,
  {fa2e2dac-2ac4-415b-8603-69aaa897679b}, !- Handle
  infil_program,                          !- Name
  Set p_m = 0.14,                         !- Program Line 1
  Set p_s = 0.22,                         !- Program Line 2
  Set s_m = 270,                          !- Program Line 3
  Set s_s = 370,                          !- Program Line 4
  Set z_m = 9.99744,                      !- Program Line 5
  Set z_s = 2.4384,                       !- Program Line 6
  Set f_t = (((s_m/z_m)^p_m)*((z_s/s_s)^p_s)), !- Program Line 7
  Set Tdiff = tin_s-tout_s,               !- Program Line 8
  Set dT = @Abs Tdiff,                    !- Program Line 9
  Set c = 0.1839,                         !- Program Line 10
  Set Cs = 0.0576,                        !- Program Line 11
  Set Cw = 0.1311,                        !- Program Line 12
  Set n = 0.65,                           !- Program Line 13
  Set sft = (f_t*0.7000000000000001),     !- Program Line 14
  Set temp1 = ((c*Cw)*((sft*site_vw_s)^(2*n)))^2, !- Program Line 15
  Set Qinf = (((c*Cs*(dT^n))^2)+temp1)^0.5, !- Program Line 16
  Set Qinf = (@Max Qinf 0),               !- Program Line 17
  Set mech_vent_house_fan_sensible_load_equip_act = 0.0, !- Program Line 18
  Set mech_vent_house_fan_latent_load_equip_act = 0.0, !- Program Line 19
  Set OASupInPb = out_pb_s,               !- Program Line 20
  Set OASupInTemp = tout_s,               !- Program Line 21
  Set OASupInW = out_wt_s,                !- Program Line 22
  Set OASupRho = (@RhoAirFnPbTdbW OASupInPb OASupInTemp OASupInW), !- Program Line 23
  Set OASupCp = (@CpAirFnW OASupInW),     !- Program Line 24
  Set OASupInEnth = (@HFnTdbW OASupInTemp OASupInW), !- Program Line 25
  Set ZoneTemp = tin_s,                   !- Program Line 26
  Set ZoneW = win_s,                      !- Program Line 27
  Set ZoneCp = (@CpAirFnW ZoneW),         !- Program Line 28
  Set ZoneAirEnth = (@HFnTdbW ZoneTemp ZoneW), !- Program Line 29
  Set mech_vent_house_fan_cfis_act = 0.0, !- Program Line 30
  Set QWHV_cfis_sup = 0.0,                !- Program Line 31
  Set QWHV_cfis_suppl_sup = 0.0,          !- Program Line 32
  Set QWHV_cfis_suppl_exh = 0.0,          !- Program Line 33
  Set Qrange = 0,                         !- Program Line 34
  Set Qrange = Qrange + 0.04719 * mech_vent_range_fan_0_sch_s, !- Program Line 35
  Set Qbath = 0,                          !- Program Line 36
  Set Qbath = Qbath + 0.04719 * mech_vent_bath_fan_0_sch_s, !- Program Line 37
  Set Qdryer = 0,                         !- Program Line 38
  Set Qdryer = Qdryer + 0.09438 * clothes_dryer_exhaust_0_sch_s, !- Program Line 39
  Set QWHV_sup = 0.0,                     !- Program Line 40
  Set QWHV_exh = 0.0,                     !- Program Line 41
  Set Qexhaust = Qrange + Qbath + Qdryer + QWHV_exh + QWHV_cfis_suppl_exh, !- Program Line 42
  Set Qsupply = QWHV_sup + QWHV_cfis_sup + QWHV_cfis_suppl_sup, !- Program Line 43
  Set Qfan = (@Max Qexhaust Qsupply),     !- Program Line 44
  If Qfan > 0,                            !- Program Line 45
  Set Qavg = ((Qexhaust + Qsupply) / 2.0), !- Program Line 46
  If ((@Abs (Qexhaust - Qavg)) / Qavg) <= 0.1, !- Program Line 47
  Set phi = 1,                            !- Program Line 48
  Else,                                   !- Program Line 49
  Set phi = (Qinf / (Qinf + Qfan)),       !- Program Line 50
  EndIf,                                  !- Program Line 51
  Set Qinf_adj = phi * Qinf,              !- Program Line 52
  Else,                                   !- Program Line 53
  Set Qinf_adj = Qinf,                    !- Program Line 54
  EndIf,                                  !- Program Line 55
  Set infil_flow_act = Qinf_adj,          !- Program Line 56
  Set Qload = Qfan,                       !- Program Line 57
  Set Effectiveness_Sens = 0.0,           !- Program Line 58
  Set Effectiveness_Lat = 0.0,            !- Program Line 59
  Set Fan_MFR = Qload * OASupRho,         !- Program Line 60
  Set ZoneInEnth = OASupInEnth,           !- Program Line 61
  Set ZoneInTemp = OASupInTemp,           !- Program Line 62
  Set FanTotalToCond = Fan_MFR * (ZoneInEnth - ZoneAirEnth), !- Program Line 63
  Set FanSensToCond = Fan_MFR * ZoneCp * (ZoneInTemp - ZoneTemp), !- Program Line 64
  Set FanLatToCond = FanTotalToCond - FanSensToCond, !- Program Line 65
  Set mech_vent_house_fan_sensible_load_equip_act = mech_vent_house_fan_sensible_load_equip_act + FanSensToCond, !- Program Line 66
  Set mech_vent_house_fan_latent_load_equip_act = mech_vent_house_fan_latent_load_equip_act + FanLatToCond; !- Program Line 67

OS:AdditionalProperties,
  {4570ffc2-15fa-4bb3-b6a6-c553b0cabe8e}, !- Handle
  {fa2e2dac-2ac4-415b-8603-69aaa897679b}, !- Object Name
  ObjectType,                             !- Feature Name 1
  String,                                 !- Feature Data Type 1
  infil;                                  !- Feature Value 1

OS:OtherEquipment:Definition,
  {fd184fd6-32c3-4d9e-9e25-5801b6fb1c38}, !- Handle
  mech vent house fan sensible load equip, !- Name
  EquipmentLevel,                         !- Design Level Calculation Method
  0,                                      !- Design Level {W}
  ,                                       !- Watts per Space Floor Area {W/m2}
  ,                                       !- Watts per Person {W/Person}
  0,                                      !- Fraction Latent
  0,                                      !- Fraction Radiant
  0;                                      !- Fraction Lost

OS:OtherEquipment,
  {b7978382-61be-4632-ae55-c5b8f7e21938}, !- Handle
  mech vent house fan sensible load equip, !- Name
  {fd184fd6-32c3-4d9e-9e25-5801b6fb1c38}, !- Other Equipment Definition Name
  {cb606522-7303-4dfc-8a2c-5a86dab76d10}, !- Space or SpaceType Name
  {edbd5a82-32b8-4aeb-b9a3-751c9bffe552}, !- Schedule Name
  ,                                       !- Multiplier
  None,                                   !- Fuel Type
  mech vent house fan;                    !- End-Use Subcategory

OS:EnergyManagementSystem:Actuator,
  {d1782980-6c50-4314-a271-e998ee87f0f1}, !- Handle
  mech_vent_house_fan_sensible_load_equip_act, !- Name
  {b7978382-61be-4632-ae55-c5b8f7e21938}, !- Actuated Component Name
  OtherEquipment,                         !- Actuated Component Type
  Power Level,                            !- Actuated Component Control Type
  {cb606522-7303-4dfc-8a2c-5a86dab76d10}; !- Zone or Space Name

OS:OtherEquipment:Definition,
  {9bf83787-6099-4da3-9539-8aa82cd40a3f}, !- Handle
  mech vent house fan latent load equip,  !- Name
  EquipmentLevel,                         !- Design Level Calculation Method
  0,                                      !- Design Level {W}
  ,                                       !- Watts per Space Floor Area {W/m2}
  ,                                       !- Watts per Person {W/Person}
  1,                                      !- Fraction Latent
  0,                                      !- Fraction Radiant
  0;                                      !- Fraction Lost

OS:OtherEquipment,
  {a44d5697-6ef6-41b4-a1a2-2723877d8870}, !- Handle
  mech vent house fan latent load equip,  !- Name
  {9bf83787-6099-4da3-9539-8aa82cd40a3f}, !- Other Equipment Definition Name
  {cb606522-7303-4dfc-8a2c-5a86dab76d10}, !- Space or SpaceType Name
  {edbd5a82-32b8-4aeb-b9a3-751c9bffe552}, !- Schedule Name
  ,                                       !- Multiplier
  None,                                   !- Fuel Type
  mech vent house fan;                    !- End-Use Subcategory

OS:EnergyManagementSystem:Actuator,
  {56c89fc8-307e-481e-804e-c619112550f3}, !- Handle
  mech_vent_house_fan_latent_load_equip_act, !- Name
  {a44d5697-6ef6-41b4-a1a2-2723877d8870}, !- Actuated Component Name
  OtherEquipment,                         !- Actuated Component Type
  Power Level,                            !- Actuated Component Control Type
  {cb606522-7303-4dfc-8a2c-5a86dab76d10}; !- Zone or Space Name

OS:Schedule:Ruleset,
  {a0cedefc-669c-4d4f-95a5-ea9aba8d9d1a}, !- Handle
  mech vent range fan 0 schedule,         !- Name
  {1f9c1b66-c7e4-4941-a342-bc041ffed04e}, !- Schedule Type Limits Name
  {9ab64560-6eae-4579-bf42-ec5823d154f0}; !- Default Day Schedule Name

OS:Schedule:Day,
  {9ab64560-6eae-4579-bf42-ec5823d154f0}, !- Handle
  mech vent range fan 0 schedule default day, !- Name
  {1f9c1b66-c7e4-4941-a342-bc041ffed04e}, !- Schedule Type Limits Name
  ,                                       !- Interpolate to Timestep
  24,                                     !- Hour 1
  0,                                      !- Minute 1
  0;                                      !- Value Until Time 1

OS:Schedule:Rule,
  {a73cf4e6-865c-44bf-bf2a-98ffd93dd02d}, !- Handle
  mech vent range fan 0 schedule allday ruleset1, !- Name
  {a0cedefc-669c-4d4f-95a5-ea9aba8d9d1a}, !- Schedule Ruleset Name
  0,                                      !- Rule Order
  {e6a6f046-f9fe-487d-a049-6a4d71df475e}, !- Day Schedule Name
  Yes,                                    !- Apply Sunday
  Yes,                                    !- Apply Monday
  Yes,                                    !- Apply Tuesday
  Yes,                                    !- Apply Wednesday
  Yes,                                    !- Apply Thursday
  Yes,                                    !- Apply Friday
  Yes,                                    !- Apply Saturday
  DateRange,                              !- Date Specification Type
  1,                                      !- Start Month
  1,                                      !- Start Day
  12,                                     !- End Month
  31;                                     !- End Day

OS:Schedule:Day,
  {e6a6f046-f9fe-487d-a049-6a4d71df475e}, !- Handle
  mech vent range fan 0 schedule allday1, !- Name
  {1f9c1b66-c7e4-4941-a342-bc041ffed04e}, !- Schedule Type Limits Name
  ,                                       !- Interpolate to Timestep
  17,                                     !- Hour 1
  0,                                      !- Minute 1
  0,                                      !- Value Until Time 1
  18,                                     !- Hour 2
  0,                                      !- Minute 2
  1,                                      !- Value Until Time 2
  24,                                     !- Hour 3
  0,                                      !- Minute 3
  0;                                      !- Value Until Time 3

OS:EnergyManagementSystem:Sensor,
  {acd1a6ca-8d9c-4ebc-abc8-45a67b58af76}, !- Handle
  mech_vent_range_fan_0_sch_s,            !- Name
  mech vent range fan 0 schedule,         !- Output Variable or Output Meter Index Key Name
  Schedule Value;                         !- Output Variable or Output Meter Name

OS:ElectricEquipment:Definition,
  {11cb3179-b966-4a47-a8e1-009a127a15cb}, !- Handle
  mech vent range fan 0,                  !- Name
  EquipmentLevel,                         !- Design Level Calculation Method
  30,                                     !- Design Level {W}
  ,                                       !- Watts per Space Floor Area {W/m2}
  ,                                       !- Watts per Person {W/person}
  0,                                      !- Fraction Latent
  0,                                      !- Fraction Radiant
  1;                                      !- Fraction Lost

OS:ElectricEquipment,
  {03ef1428-467f-46e9-9b09-9c1f7fa11f16}, !- Handle
  mech vent range fan 0,                  !- Name
  {11cb3179-b966-4a47-a8e1-009a127a15cb}, !- Electric Equipment Definition Name
  {cb606522-7303-4dfc-8a2c-5a86dab76d10}, !- Space or SpaceType Name
  {a0cedefc-669c-4d4f-95a5-ea9aba8d9d1a}, !- Schedule Name
  ,                                       !- Multiplier
  mech vent;                              !- End-Use Subcategory

OS:Schedule:Ruleset,
  {d82e9586-6c3d-4964-af72-ac6c93831357}, !- Handle
  mech vent bath fan 0 schedule,          !- Name
  {1f9c1b66-c7e4-4941-a342-bc041ffed04e}, !- Schedule Type Limits Name
  {c900ee31-c3a1-4278-86f1-b9457f51cc6d}; !- Default Day Schedule Name

OS:Schedule:Day,
  {c900ee31-c3a1-4278-86f1-b9457f51cc6d}, !- Handle
  mech vent bath fan 0 schedule default day, !- Name
  {1f9c1b66-c7e4-4941-a342-bc041ffed04e}, !- Schedule Type Limits Name
  ,                                       !- Interpolate to Timestep
  24,                                     !- Hour 1
  0,                                      !- Minute 1
  0;                                      !- Value Until Time 1

OS:Schedule:Rule,
  {069b099f-6b4f-4163-8c49-6ff6a085b07f}, !- Handle
  mech vent bath fan 0 schedule allday ruleset1, !- Name
  {d82e9586-6c3d-4964-af72-ac6c93831357}, !- Schedule Ruleset Name
  0,                                      !- Rule Order
  {2c5f24b1-5ba1-4f0c-b2ba-8a8838dff7f2}, !- Day Schedule Name
  Yes,                                    !- Apply Sunday
  Yes,                                    !- Apply Monday
  Yes,                                    !- Apply Tuesday
  Yes,                                    !- Apply Wednesday
  Yes,                                    !- Apply Thursday
  Yes,                                    !- Apply Friday
  Yes,                                    !- Apply Saturday
  DateRange,                              !- Date Specification Type
  1,                                      !- Start Month
  1,                                      !- Start Day
  12,                                     !- End Month
  31;                                     !- End Day

OS:Schedule:Day,
  {2c5f24b1-5ba1-4f0c-b2ba-8a8838dff7f2}, !- Handle
  mech vent bath fan 0 schedule allday1,  !- Name
  {1f9c1b66-c7e4-4941-a342-bc041ffed04e}, !- Schedule Type Limits Name
  ,                                       !- Interpolate to Timestep
  19,                                     !- Hour 1
  0,                                      !- Minute 1
  0,                                      !- Value Until Time 1
  20,                                     !- Hour 2
  0,                                      !- Minute 2
  1,                                      !- Value Until Time 2
  24,                                     !- Hour 3
  0,                                      !- Minute 3
  0;                                      !- Value Until Time 3

OS:EnergyManagementSystem:Sensor,
  {9f1c868d-3a85-4d97-80b0-64e4bac44aa8}, !- Handle
  mech_vent_bath_fan_0_sch_s,             !- Name
  mech vent bath fan 0 schedule,          !- Output Variable or Output Meter Index Key Name
  Schedule Value;                         !- Output Variable or Output Meter Name

OS:ElectricEquipment:Definition,
  {56310d8c-7629-4ed2-9a55-01d1eed5887f}, !- Handle
  mech vent bath fan 0,                   !- Name
  EquipmentLevel,                         !- Design Level Calculation Method
  30,                                     !- Design Level {W}
  ,                                       !- Watts per Space Floor Area {W/m2}
  ,                                       !- Watts per Person {W/person}
  0,                                      !- Fraction Latent
  0,                                      !- Fraction Radiant
  1;                                      !- Fraction Lost

OS:ElectricEquipment,
  {7760bf9c-e1af-44ba-bc9f-5f514acd0d89}, !- Handle
  mech vent bath fan 0,                   !- Name
  {56310d8c-7629-4ed2-9a55-01d1eed5887f}, !- Electric Equipment Definition Name
  {cb606522-7303-4dfc-8a2c-5a86dab76d10}, !- Space or SpaceType Name
  {d82e9586-6c3d-4964-af72-ac6c93831357}, !- Schedule Name
  ,                                       !- Multiplier
  mech vent;                              !- End-Use Subcategory

OS:EnergyManagementSystem:Sensor,
  {be0d0171-036b-4891-9d38-c85d020703fa}, !- Handle
  clothes_dryer_exhaust_0_sch_s,          !- Name
  clothes_dryer,                          !- Output Variable or Output Meter Index Key Name
  Schedule Value;                         !- Output Variable or Output Meter Name

OS:EnergyManagementSystem:OutputVariable,
  {692d073a-edf3-4999-b235-4a2f5edf251d}, !- Handle
  Qfan_timeseries_outvar,                 !- Name
  Qfan,                                   !- EMS Variable Name
  Averaged,                               !- Type of Data in Variable
  ZoneTimestep,                           !- Update Frequency
  {fa2e2dac-2ac4-415b-8603-69aaa897679b}, !- EMS Program or Subroutine Name
  m^/s;                                   !- Units

OS:EnergyManagementSystem:OutputVariable,
  {bdc2fe77-2edc-4b66-ae75-8e925e9dcb98}, !- Handle
  infil_flow_act_timeseries_outvar,       !- Name
  infil_flow_act,                         !- EMS Variable Name
  Averaged,                               !- Type of Data in Variable
  ZoneTimestep,                           !- Update Frequency
  {fa2e2dac-2ac4-415b-8603-69aaa897679b}, !- EMS Program or Subroutine Name
  m^/s;                                   !- Units

OS:EnergyManagementSystem:ProgramCallingManager,
  {b5ef9611-bbb7-4751-9118-b0805ca07719}, !- Handle
  infil_program calling manager,          !- Name
  BeginZoneTimestepAfterInitHeatBalance,  !- EnergyPlus Model Calling Point
  {fa2e2dac-2ac4-415b-8603-69aaa897679b}; !- Program Name 1

OS:BuildingUnit,
  {6640da16-e556-4fa6-85b7-a611b025e5ae}, !- Handle
  Building Unit 1,                        !- Name
  ,                                       !- Rendering Color
  ;                                       !- Building Unit Type

OS:AdditionalProperties,
  {9c839756-2960-46bc-b168-70337f1dd983}, !- Handle
  {6640da16-e556-4fa6-85b7-a611b025e5ae}, !- Object Name
  unit_num,                               !- Feature Name 1
  Integer,                                !- Feature Data Type 1
  1;                                      !- Feature Value 1

OS:AdditionalProperties,
  {2b85b496-194a-4468-adcf-64b6272a28c7}, !- Handle
  {0ee2d550-52de-434b-a255-9be2297cf761}; !- Object Name

OS:EnergyManagementSystem:Sensor,
  {8eac7e42-d3c1-46a0-9752-b3c90d196033}, !- Handle
  zone_htg_unmet_s,                       !- Name
  conditioned space,                      !- Output Variable or Output Meter Index Key Name
  Zone Heating Setpoint Not Met Time;     !- Output Variable or Output Meter Name

OS:EnergyManagementSystem:Sensor,
  {866362ed-2a75-4997-b29e-2afc2dc7fed2}, !- Handle
  zone_clg_unmet_s,                       !- Name
  conditioned space,                      !- Output Variable or Output Meter Index Key Name
  Zone Cooling Setpoint Not Met Time;     !- Output Variable or Output Meter Name

OS:AdditionalProperties,
  {a141ade0-1c9d-4991-a2de-44ca67f50703}, !- Handle
  {62a2c8d7-0ab3-489c-9ec9-ead95a6280e5}; !- Object Name

OS:AdditionalProperties,
  {7ec8bda7-abbf-44c8-acfa-6b3ad037c97f}, !- Handle
  {7f837ee5-35a4-4f01-b612-334cf70ed40f}; !- Object Name

OS:AdditionalProperties,
  {04fc7639-7959-4a79-82f1-43079783df59}, !- Handle
  {9616c688-177a-4585-9160-49436fccf299}; !- Object Name

OS:AdditionalProperties,
  {cba13fcf-4b29-4b36-bd03-026818d32749}, !- Handle
  {866362ed-2a75-4997-b29e-2afc2dc7fed2}; !- Object Name

OS:AdditionalProperties,
  {e44b79bf-33c2-40ae-8a93-fe821e269fcb}, !- Handle
  {63cde37b-71fc-4caf-b6f5-d1890feba450}; !- Object Name

OS:AdditionalProperties,
  {9d870ca9-82c6-43cb-9cad-7eb2936b55e8}, !- Handle
  {35820ab5-e4de-451d-beb9-684125b02619}; !- Object Name

OS:AdditionalProperties,
  {9c0d4f9c-390f-4306-b9ed-f485b447c991}, !- Handle
  {4702a2ed-0b4c-48e7-8c3d-8a8d60c2262e}; !- Object Name

OS:AdditionalProperties,
  {cf943a72-6ad0-4207-8496-50a730aa09b7}, !- Handle
  {188a5cc6-c0fb-4187-b6ef-52458f8291f8}; !- Object Name

OS:AdditionalProperties,
  {314e029c-b41c-4512-bf4f-711218d2ef0e}, !- Handle
  {372bf8e1-58c7-4e8e-b1bb-5876a5af252a}; !- Object Name

OS:AdditionalProperties,
  {2992b1a0-2bf2-49e5-b329-e51bae2ab810}, !- Handle
  {08dad07d-4b28-4cdc-82b2-7e6b2b2f347b}; !- Object Name

OS:AdditionalProperties,
  {c0fa79cb-cc36-43c0-a27f-e5eea61b0e92}, !- Handle
  {79bfd620-8f4d-4400-973a-2c301caa61eb}; !- Object Name

OS:AdditionalProperties,
  {be2f4f45-10cc-460b-9890-244c36e75855}, !- Handle
  {f2772d01-f835-4834-bdc5-c422207c4232}; !- Object Name

OS:AdditionalProperties,
  {75e8b38d-ba4f-4620-ba34-4c1ded04dce8}, !- Handle
  {4dcca22e-07a0-4e40-83d6-8ffcc37a6afd}; !- Object Name

OS:AdditionalProperties,
  {2312ba9c-4abb-4c2f-ba80-b2114f06f9f2}, !- Handle
  {353dafc1-09b6-4229-bac5-2dbb0362d7b7}; !- Object Name

OS:AdditionalProperties,
  {28ccf525-8857-4320-85a6-a9a739b2899c}, !- Handle
  {4b553c43-b855-4fd1-b4df-1dba478f8a1b}; !- Object Name

OS:AdditionalProperties,
  {cc6b9169-74cb-4e1c-ac5a-6646d8aaabfb}, !- Handle
  {adc43124-6a2e-44bf-9665-8069cfebac49}; !- Object Name

OS:AdditionalProperties,
  {c72a197d-0521-4c33-a046-e360a11901b5}, !- Handle
  {acd1a6ca-8d9c-4ebc-abc8-45a67b58af76}; !- Object Name

OS:AdditionalProperties,
  {58f12f19-3f30-41b7-87ce-5ac7efd99d35}, !- Handle
  {5459b8da-b0bd-4878-97e5-f4893e3b7d9b}; !- Object Name

OS:AdditionalProperties,
  {6b216603-af08-48fe-8fd4-47c1dfa0389f}, !- Handle
  {8eac7e42-d3c1-46a0-9752-b3c90d196033}; !- Object Name

OS:AdditionalProperties,
  {e9ff1a63-aeeb-4581-bb24-b66f200fa07e}, !- Handle
  {be0d0171-036b-4891-9d38-c85d020703fa}; !- Object Name

OS:AdditionalProperties,
  {c2988f3b-03ce-4643-8b8a-cb81883090b7}, !- Handle
  {c75b6bc2-cb6c-449c-a61c-7f357a3388aa}; !- Object Name

OS:AdditionalProperties,
  {a7e0c2ed-a495-4e18-8574-3353648ede37}, !- Handle
  {58f0911e-647b-4dab-b193-b32279e07df9}; !- Object Name

OS:AdditionalProperties,
  {f035bf3b-569f-4aba-83dd-e0a6bb0b2cd4}, !- Handle
  {0599bc94-a313-4028-8e1c-2791e3f1e4eb}; !- Object Name

OS:AdditionalProperties,
  {6a8aa14d-34eb-47f5-8427-0f24b8f012c2}, !- Handle
  {37e58efd-8a38-4faf-9a7d-5864493d1141}; !- Object Name

OS:AdditionalProperties,
  {25637329-41de-4719-8c4d-fa614a1e4a97}, !- Handle
  {85b15464-9a37-4b76-9938-61e1e15d3a14}; !- Object Name

OS:AdditionalProperties,
  {8762c6fd-153e-4b40-b0e8-c4401a37d0c1}, !- Handle
  {4b376acc-d749-4cf4-8934-4aaf88abfba6}; !- Object Name

OS:AdditionalProperties,
  {a9b8f7ea-86dd-4eec-bb9b-618ceda44e47}, !- Handle
  {68415899-2ed3-407b-a242-226c2c3d11ab}; !- Object Name

OS:AdditionalProperties,
  {ee10ab7e-d4d6-4077-a892-1be0e0f1b9eb}, !- Handle
  {9f1c868d-3a85-4d97-80b0-64e4bac44aa8}; !- Object Name

OS:AdditionalProperties,
  {63f9b7bc-dc7f-46a2-81f9-7735e6a8bd04}, !- Handle
  {9477dc7b-6706-4ff0-b8c2-a0a13171165a}; !- Object Name

OS:AdditionalProperties,
  {73a41bba-4464-428c-8804-35ae82b89889}, !- Handle
  {3289b578-01b4-45f3-8dfb-c30214fcfa3a}; !- Object Name

OS:AdditionalProperties,
  {67c6818f-633c-4b4e-87a9-51e4fbb5ab03}, !- Handle
  {34f6e37c-c193-4253-9b6b-ecd6d3403e4e}; !- Object Name

OS:AdditionalProperties,
  {7009f60e-0849-4b9a-8801-e47c8861745f}, !- Handle
  {8e075054-9bb0-405d-bead-deee2da4b2b1}; !- Object Name

OS:EnergyManagementSystem:Program,
  {1c0283d3-8e9e-41a6-91b0-d0dcf10d4d86}, !- Handle
  unmet_hours_program,                    !- Name
  Set htg_unmet_hours = 0,                !- Program Line 1
  Set clg_unmet_hours = 0,                !- Program Line 2
  If ((DayOfYear >= 1) && (DayOfYear <= 365)), !- Program Line 3
  If zone_htg_unmet_s > htg_unmet_hours,  !- Program Line 4
  Set htg_unmet_hours = zone_htg_unmet_s, !- Program Line 5
  EndIf,                                  !- Program Line 6
  EndIf,                                  !- Program Line 7
  If ((DayOfYear >= 1) && (DayOfYear <= 365)), !- Program Line 8
  If zone_clg_unmet_s > clg_unmet_hours,  !- Program Line 9
  Set clg_unmet_hours = zone_clg_unmet_s, !- Program Line 10
  EndIf,                                  !- Program Line 11
  EndIf;                                  !- Program Line 12

OS:AdditionalProperties,
  {7f655b9b-7fff-4f05-a094-ea7d2ac71648}, !- Handle
  {1c0283d3-8e9e-41a6-91b0-d0dcf10d4d86}, !- Object Name
  ObjectType,                             !- Feature Name 1
  String,                                 !- Feature Data Type 1
  unmet hours program;                    !- Feature Value 1

OS:EnergyManagementSystem:ProgramCallingManager,
  {cfab9919-376f-48ba-b743-0220a251e933}, !- Handle
  unmet_hours_program calling manager,    !- Name
  EndOfZoneTimestepBeforeZoneReporting,   !- EnergyPlus Model Calling Point
  {1c0283d3-8e9e-41a6-91b0-d0dcf10d4d86}; !- Program Name 1

OS:EnergyManagementSystem:Sensor,
  {a66dcbd3-763a-44e7-b7e3-d326fb276084}, !- Handle
  htg_load_cond,                          !- Name
  ,                                       !- Output Variable or Output Meter Index Key Name
  Heating:EnergyTransfer:Zone:CONDITIONED SPACE; !- Output Variable or Output Meter Name

OS:EnergyManagementSystem:Sensor,
  {83b5b568-c514-481d-b3b5-4e317e2ecca9}, !- Handle
  clg_load_cond,                          !- Name
  ,                                       !- Output Variable or Output Meter Index Key Name
  Cooling:EnergyTransfer:Zone:CONDITIONED SPACE; !- Output Variable or Output Meter Name

OS:EnergyManagementSystem:Sensor,
  {b6463f8a-95df-4b19-ab10-51189018196c}, !- Handle
  htg_load_duct,                          !- Name
  ,                                       !- Output Variable or Output Meter Index Key Name
  Heating:EnergyTransfer:Zone:CENTRAL AC AND FURNACE AIRLOOP RET AIR ZONE; !- Output Variable or Output Meter Name

OS:EnergyManagementSystem:Sensor,
  {0a979034-8bc4-45e7-965e-895ffeed2ab1}, !- Handle
  clg_load_duct,                          !- Name
  ,                                       !- Output Variable or Output Meter Index Key Name
  Cooling:EnergyTransfer:Zone:CENTRAL AC AND FURNACE AIRLOOP RET AIR ZONE; !- Output Variable or Output Meter Name

OS:EnergyManagementSystem:Program,
  {c06af704-ae8b-4e27-ac38-4eed3cb9f737}, !- Handle
  total_loads_program,                    !- Name
  Set loads_htg_tot = 0,                  !- Program Line 1
  Set loads_clg_tot = 0,                  !- Program Line 2
  If htg_load_cond > 0,                   !- Program Line 3
  Set loads_htg_tot = loads_htg_tot + (htg_load_cond - clg_load_cond) * 1.0, !- Program Line 4
  Set loads_htg_tot = loads_htg_tot + (htg_load_duct - clg_load_duct) * 1.0, !- Program Line 5
  EndIf,                                  !- Program Line 6
  If clg_load_cond > 0,                   !- Program Line 7
  Set loads_clg_tot = loads_clg_tot + (clg_load_cond - htg_load_cond) * 1.0, !- Program Line 8
  Set loads_clg_tot = loads_clg_tot + (clg_load_duct - htg_load_duct) * 1.0, !- Program Line 9
  EndIf;                                  !- Program Line 10

OS:AdditionalProperties,
  {3166e5b7-b971-4e4a-845d-c5560c5eea67}, !- Handle
  {c06af704-ae8b-4e27-ac38-4eed3cb9f737}, !- Object Name
  ObjectType,                             !- Feature Name 1
  String,                                 !- Feature Data Type 1
  total loads program;                    !- Feature Value 1

OS:EnergyManagementSystem:ProgramCallingManager,
  {e75067b2-1d68-4a26-ab3c-10822bde6745}, !- Handle
  total_loads_program calling manager,    !- Name
  EndOfZoneTimestepAfterZoneReporting,    !- EnergyPlus Model Calling Point
  {c06af704-ae8b-4e27-ac38-4eed3cb9f737}; !- Program Name 1

OS:Output:JSON,
  {7cfd4033-79f2-43b3-af38-2843e5d4b978}, !- Handle
  TimeSeriesAndTabular,                   !- Option Type
  No,                                     !- Output JSON
  No,                                     !- Output CBOR
  Yes;                                    !- Output MessagePack

OS:OutputControl:Files,
  {76813c47-a1b1-41f1-b2ce-4b8667b526a7}, !- Handle
  No,                                     !- Output CSV
  No,                                     !- Output MTR
  No,                                     !- Output ESO
  No,                                     !- Output EIO
  Yes,                                    !- Output Tabular
  No,                                     !- Output SQLite
  Yes,                                    !- Output JSON
  No,                                     !- Output AUDIT
  Yes,                                    !- Output Zone Sizing
  Yes,                                    !- Output System Sizing
  Yes,                                    !- Output DXF
  No,                                     !- Output BND
  No,                                     !- Output RDD
  No,                                     !- Output MDD
  No,                                     !- Output MTD
  No,                                     !- Output SHD
  Yes,                                    !- Output DFS
  Yes,                                    !- Output GLHE
  Yes,                                    !- Output DelightIn
  Yes,                                    !- Output DelightELdmp
  Yes,                                    !- Output DelightDFdmp
  Yes,                                    !- Output EDD
  Yes,                                    !- Output DBG
  No,                                     !- Output PerfLog
  Yes,                                    !- Output SLN
  Yes,                                    !- Output SCI
  Yes,                                    !- Output WRL
  Yes,                                    !- Output Screen
  Yes,                                    !- Output ExtShd
  Yes;                                    !- Output Tarcog

OS:Building,
  {7be3a6f2-76fa-4d1d-89e5-b2a79195f150}, !- Handle
  Building 1,                             !- Name
  ,                                       !- Building Sector Type
  ,                                       !- North Axis {deg}
  ,                                       !- Nominal Floor to Floor Height {m}
  ,                                       !- Space Type Name
  ,                                       !- Default Construction Set Name
  ;                                       !- Default Schedule Set Name

OS:AdditionalProperties,
  {82baa9c3-c871-4e6f-a802-611dc7acfd48}, !- Handle
  {7be3a6f2-76fa-4d1d-89e5-b2a79195f150}, !- Object Name
  hpxml_path,                             !- Feature Name 1
  String,                                 !- Feature Data Type 1
  /var/simdata/openstudio/run/home.xml,   !- Feature Value 1
  hpxml_defaults_path,                    !- Feature Name 2
  String,                                 !- Feature Data Type 2
  /var/simdata/openstudio/run/in.xml,     !- Feature Value 2
  building_id,                            !- Feature Name 3
  String,                                 !- Feature Data Type 3
  ,                                       !- Feature Value 3
  emissions_scenario_names,               !- Feature Name 4
  String,                                 !- Feature Data Type 4
  ["LRMER_LowRECost_15"&#44 "LRMER_MidCase_15"&#44 "LRMER_HighRECost_15"&#44 "LRMER_MidCase_25"], !- Feature Value 4
  emissions_scenario_types,               !- Feature Name 5
  String,                                 !- Feature Data Type 5
  ["CO2e"&#44 "CO2e"&#44 "CO2e"&#44 "CO2e"], !- Feature Value 5
  heated_zones,                           !- Feature Name 6
  String,                                 !- Feature Data Type 6
  ["conditioned space"],                  !- Feature Value 6
  cooled_zones,                           !- Feature Name 7
  String,                                 !- Feature Data Type 7
  ["conditioned space"],                  !- Feature Value 7
  is_southern_hemisphere,                 !- Feature Name 8
  Boolean,                                !- Feature Data Type 8
  false;                                  !- Feature Value 8

