
OS:Version,
  {b2c5baf9-7763-43cf-ac0e-4ac0a6aa6d86}, !- Handle
  3.7.0;                                  !- Version Identifier

OS:WeatherFile,
  {1f577567-6022-4304-bf6c-2348f7ddc793}, !- Handle
  Ely Arpt Yelland Fld,                   !- City
  NV,                                     !- State Province Region
  USA,                                    !- Country
  customized weather file,                !- Data Source
  724860,                                 !- WMO Number
  39.3,                                   !- Latitude {deg}
  -114.85,                                !- Longitude {deg}
  -8,                                     !- Time Zone {hr}
  1909,                                   !- Elevation {m}
  /weather/G3200330.epw,                  !- Url
  0764B06F,                               !- Checksum
  2018,                                   !- Start Date Actual Year
  Monday;                                 !- Start Day of Week

OS:YearDescription,
  {972b9e7b-b0d5-4d74-b0f5-f6b56b7a9322}, !- Handle
  2018,                                   !- Calendar Year
  ,                                       !- Day of Week for Start Day
  ;                                       !- Is Leap Year

OS:Site,
  {3e41f797-8fc2-485d-8ec5-da2ce2f9e3b6}, !- Handle
  Ely Arpt Yelland Fld_NV_USA,            !- Name
  39.3,                                   !- Latitude {deg}
  -114.85,                                !- Longitude {deg}
  -8,                                     !- Time Zone {hr}
  1909,                                   !- Elevation {m}
  Suburbs;                                !- Terrain

OS:RunPeriodControl:DaylightSavingTime,
  {27d8ebbf-205a-4020-8878-237ca043dcf6}, !- Handle
  Mar 11,                                 !- Start Date
  Nov 4;                                  !- End Date

OS:Site:GroundTemperature:Shallow,
  {424eb52e-98e1-45d4-9d00-b0675fc0c250}, !- Handle
  3.70292180799696,                       !- January Surface Ground Temperature {C}
  1.7049649787369,                        !- February Surface Ground Temperature {C}
  1.54496143075028,                       !- March Surface Ground Temperature {C}
  2.49309403463649,                       !- April Surface Ground Temperature {C}
  6.29931809821951,                       !- May Surface Ground Temperature {C}
  10.0878111554291,                       !- June Surface Ground Temperature {C}
  13.372232162864,                        !- July Surface Ground Temperature {C}
  15.4528320923857,                       !- August Surface Ground Temperature {C}
  15.6295904843217,                       !- September Surface Ground Temperature {C}
  13.9373721427762,                       !- October Surface Ground Temperature {C}
  10.7367057993629,                       !- November Surface Ground Temperature {C}
  7.06442827834508;                       !- December Surface Ground Temperature {C}

OS:SimulationControl,
  {d2c359f2-f6b8-4607-a925-9fd3dd4422be}, !- Handle
  ,                                       !- Do Zone Sizing Calculation
  ,                                       !- Do System Sizing Calculation
  ,                                       !- Do Plant Sizing Calculation
  No;                                     !- Run Simulation for Sizing Periods

OS:Timestep,
  {6baf49fc-3563-4079-a600-8f1f13bf63ca}, !- Handle
  4;                                      !- Number of Timesteps per Hour

OS:ShadowCalculation,
  {aa96757d-c950-4a87-9abb-dfdbda70bf89}, !- Handle
  PolygonClipping,                        !- Shading Calculation Method
  ,                                       !- Shading Calculation Update Frequency Method
  20,                                     !- Shading Calculation Update Frequency
  200,                                    !- Maximum Figures in Shadow Overlap Calculations
  ,                                       !- Polygon Clipping Algorithm
  512,                                    !- Pixel Counting Resolution
  ,                                       !- Sky Diffuse Modeling Algorithm
  No,                                     !- Output External Shading Calculation Results
  No,                                     !- Disable Self-Shading Within Shading Zone Groups
  No;                                     !- Disable Self-Shading From Shading Zone Groups to Other Zones

OS:SurfaceConvectionAlgorithm:Outside,
  {6f6f1403-34ad-430f-acd9-bd898cfe2d70}, !- Handle
  DOE-2;                                  !- Algorithm

OS:SurfaceConvectionAlgorithm:Inside,
  {d55b40d4-7ab5-478a-a52c-7cae777e41b6}, !- Handle
  TARP;                                   !- Algorithm

OS:ZoneCapacitanceMultiplier:ResearchSpecial,
  {cd5b177b-2c1f-4e54-b418-c4b13ad86c90}, !- Handle
  1,                                      !- Temperature Capacity Multiplier
  15,                                     !- Humidity Capacity Multiplier
  ;                                       !- Carbon Dioxide Capacity Multiplier

OS:ConvergenceLimits,
  {dd482db9-3717-4e50-9753-440cdf9f2818}, !- Handle
  0;                                      !- Minimum System Timestep {minutes}

OS:RunPeriod,
  {b10d73f6-48b9-44f7-8820-fe32eef2c568}, !- Handle
  Run Period 1,                           !- Name
  1,                                      !- Begin Month
  1,                                      !- Begin Day of Month
  12,                                     !- End Month
  31,                                     !- End Day of Month
  ,                                       !- Use Weather File Holidays and Special Days
  ,                                       !- Use Weather File Daylight Saving Period
  ,                                       !- Apply Weekend Holiday Rule
  ,                                       !- Use Weather File Rain Indicators
  ,                                       !- Use Weather File Snow Indicators
  ;                                       !- Number of Times Runperiod to be Repeated

OS:PerformancePrecisionTradeoffs,
  {22b9143c-a9ba-44e5-b63c-feb0aced4284}, !- Handle
  ,                                       !- Use Coil Direct Solutions
  CarrollMRT;                             !- Zone Radiant Exchange Algorithm

OS:ThermalZone,
  {c61b2f00-897c-4919-a53b-553eefc60537}, !- Handle
  conditioned space,                      !- Name
  1,                                      !- Multiplier
  ,                                       !- Ceiling Height {m}
  199.577134780416,                       !- Volume {m3}
  ,                                       !- Floor Area {m2}
  ,                                       !- Zone Inside Convection Algorithm
  ,                                       !- Zone Outside Convection Algorithm
  ,                                       !- Zone Conditioning Equipment List Name
  {f8f9c96d-c67e-48ff-9de0-6b31d7cafefa}, !- Zone Air Inlet Port List
  {8cbb400b-c612-49ff-8f4e-883dfdf7bab9}, !- Zone Air Exhaust Port List
  {b2cdb7a7-44f3-4550-918b-607a0ec7f916}, !- Zone Air Node Name
  {267d0083-474a-436e-94da-dc9d76e1fd5c}, !- Zone Return Air Port List
  ,                                       !- Primary Daylighting Control Name
  ,                                       !- Fraction of Zone Controlled by Primary Daylighting Control
  ,                                       !- Secondary Daylighting Control Name
  ,                                       !- Fraction of Zone Controlled by Secondary Daylighting Control
  ,                                       !- Illuminance Map Name
  ,                                       !- Group Rendering Name
  {b13f61d5-a5f8-4f0e-97bf-020e0034501b}, !- Thermostat Name
  No;                                     !- Use Ideal Air Loads

OS:Node,
  {9c74ae76-6d6b-445f-a929-fda0f7996435}, !- Handle
  Node 1,                                 !- Name
  {b2cdb7a7-44f3-4550-918b-607a0ec7f916}, !- Inlet Port
  ;                                       !- Outlet Port

OS:Connection,
  {b2cdb7a7-44f3-4550-918b-607a0ec7f916}, !- Handle
  {c61b2f00-897c-4919-a53b-553eefc60537}, !- Source Object
  11,                                     !- Outlet Port
  {9c74ae76-6d6b-445f-a929-fda0f7996435}, !- Target Object
  2;                                      !- Inlet Port

OS:PortList,
  {f8f9c96d-c67e-48ff-9de0-6b31d7cafefa}, !- Handle
  {c61b2f00-897c-4919-a53b-553eefc60537}, !- HVAC Component
  {d54d6af5-ee60-4e47-bf92-3cd60ab2f198}; !- Port 1

OS:PortList,
  {8cbb400b-c612-49ff-8f4e-883dfdf7bab9}, !- Handle
  {c61b2f00-897c-4919-a53b-553eefc60537}; !- HVAC Component

OS:PortList,
  {267d0083-474a-436e-94da-dc9d76e1fd5c}, !- Handle
  {c61b2f00-897c-4919-a53b-553eefc60537}, !- HVAC Component
  {cc4334c2-2818-4f7f-82a9-37206cea999e}; !- Port 1

OS:Sizing:Zone,
  {3e588cd5-1d68-41e5-96a3-664e77f31236}, !- Handle
  {c61b2f00-897c-4919-a53b-553eefc60537}, !- Zone or ZoneList Name
  SupplyAirTemperature,                   !- Zone Cooling Design Supply Air Temperature Input Method
  14,                                     !- Zone Cooling Design Supply Air Temperature {C}
  11.11,                                  !- Zone Cooling Design Supply Air Temperature Difference {deltaC}
  SupplyAirTemperature,                   !- Zone Heating Design Supply Air Temperature Input Method
  40,                                     !- Zone Heating Design Supply Air Temperature {C}
  11.11,                                  !- Zone Heating Design Supply Air Temperature Difference {deltaC}
  0.0085,                                 !- Zone Cooling Design Supply Air Humidity Ratio {kg-H2O/kg-air}
  0.008,                                  !- Zone Heating Design Supply Air Humidity Ratio {kg-H2O/kg-air}
  ,                                       !- Zone Heating Sizing Factor
  ,                                       !- Zone Cooling Sizing Factor
  DesignDay,                              !- Cooling Design Air Flow Method
  ,                                       !- Cooling Design Air Flow Rate {m3/s}
  ,                                       !- Cooling Minimum Air Flow per Zone Floor Area {m3/s-m2}
  ,                                       !- Cooling Minimum Air Flow {m3/s}
  ,                                       !- Cooling Minimum Air Flow Fraction
  DesignDay,                              !- Heating Design Air Flow Method
  ,                                       !- Heating Design Air Flow Rate {m3/s}
  ,                                       !- Heating Maximum Air Flow per Zone Floor Area {m3/s-m2}
  ,                                       !- Heating Maximum Air Flow {m3/s}
  ,                                       !- Heating Maximum Air Flow Fraction
  No,                                     !- Account for Dedicated Outdoor Air System
  NeutralSupplyAir,                       !- Dedicated Outdoor Air System Control Strategy
  autosize,                               !- Dedicated Outdoor Air Low Setpoint Temperature for Design {C}
  autosize,                               !- Dedicated Outdoor Air High Setpoint Temperature for Design {C}
  Sensible Load Only No Latent Load,      !- Zone Load Sizing Method
  HumidityRatioDifference,                !- Zone Latent Cooling Design Supply Air Humidity Ratio Input Method
  ,                                       !- Zone Dehumidification Design Supply Air Humidity Ratio {kgWater/kgDryAir}
  0.005,                                  !- Zone Cooling Design Supply Air Humidity Ratio Difference {kgWater/kgDryAir}
  HumidityRatioDifference,                !- Zone Latent Heating Design Supply Air Humidity Ratio Input Method
  ,                                       !- Zone Humidification Design Supply Air Humidity Ratio {kgWater/kgDryAir}
  0.005;                                  !- Zone Humidification Design Supply Air Humidity Ratio Difference {kgWater/kgDryAir}

OS:ZoneHVAC:EquipmentList,
  {2cc2d8ec-8ad1-4b4f-9529-cbe7373bf9bf}, !- Handle
  Zone HVAC Equipment List 1,             !- Name
  {c61b2f00-897c-4919-a53b-553eefc60537}, !- Thermal Zone
  ,                                       !- Load Distribution Scheme
  {a2d12942-61cf-44e3-bda7-b124e21fe2a1}, !- Zone Equipment 1
  1,                                      !- Zone Equipment Cooling Sequence 1
  1,                                      !- Zone Equipment Heating or No-Load Sequence 1
  {f4f97fb1-6e42-48ac-af94-334330457523}, !- Zone Equipment Sequential Cooling Fraction Schedule Name 1
  {a614e8ec-c4d0-4792-a6f5-97346f152899}; !- Zone Equipment Sequential Heating Fraction Schedule Name 1

OS:AdditionalProperties,
  {28dd3f07-6e91-4ae7-a0bf-55b17f649041}, !- Handle
  {c61b2f00-897c-4919-a53b-553eefc60537}, !- Object Name
  ObjectType,                             !- Feature Name 1
  String,                                 !- Feature Data Type 1
  conditioned space;                      !- Feature Value 1

OS:Space,
  {cc3ee1d5-cc45-4d77-8cf6-4c04500a8188}, !- Handle
  conditioned space 1,                    !- Name
  ,                                       !- Space Type Name
  ,                                       !- Default Construction Set Name
  ,                                       !- Default Schedule Set Name
  ,                                       !- Direction of Relative North {deg}
  ,                                       !- X Origin {m}
  ,                                       !- Y Origin {m}
  ,                                       !- Z Origin {m}
  ,                                       !- Building Story Name
  {c61b2f00-897c-4919-a53b-553eefc60537}, !- Thermal Zone Name
  ,                                       !- Part of Total Floor Area
  ,                                       !- Design Specification Outdoor Air Object Name
  {7c7af55f-22a2-4e33-bba6-bec29dc9a4b9}, !- Building Unit Name
  199.577134780416;                       !- Volume {m3}

OS:Schedule:Ruleset,
  {4834ae9b-07b6-46ff-9fe7-3d3db47e411c}, !- Handle
  heating setpoint,                       !- Name
  {cf10fa52-dc9c-4bdf-abca-f926682cd6d7}, !- Schedule Type Limits Name
  {11b32a0a-6923-419e-9fad-451320e1101e}; !- Default Day Schedule Name

OS:Schedule:Day,
  {11b32a0a-6923-419e-9fad-451320e1101e}, !- Handle
  heating setpoint default day,           !- Name
  {cf10fa52-dc9c-4bdf-abca-f926682cd6d7}, !- Schedule Type Limits Name
  ,                                       !- Interpolate to Timestep
  24,                                     !- Hour 1
  0,                                      !- Minute 1
  0;                                      !- Value Until Time 1

OS:Schedule:Rule,
  {28d8d29d-36df-4220-a154-bb44e186eb54}, !- Handle
  heating setpoint allday ruleset1,       !- Name
  {4834ae9b-07b6-46ff-9fe7-3d3db47e411c}, !- Schedule Ruleset Name
  0,                                      !- Rule Order
  {ebafa3ff-8b88-424e-8f8b-76ed22db10ad}, !- Day Schedule Name
  Yes,                                    !- Apply Sunday
  Yes,                                    !- Apply Monday
  Yes,                                    !- Apply Tuesday
  Yes,                                    !- Apply Wednesday
  Yes,                                    !- Apply Thursday
  Yes,                                    !- Apply Friday
  Yes,                                    !- Apply Saturday
  DateRange,                              !- Date Specification Type
  1,                                      !- Start Month
  1,                                      !- Start Day
  12,                                     !- End Month
  31;                                     !- End Day

OS:Schedule:Day,
  {ebafa3ff-8b88-424e-8f8b-76ed22db10ad}, !- Handle
  heating setpoint allday1,               !- Name
  {cf10fa52-dc9c-4bdf-abca-f926682cd6d7}, !- Schedule Type Limits Name
  ,                                       !- Interpolate to Timestep
  24,                                     !- Hour 1
  0,                                      !- Minute 1
  22.2222222222222;                       !- Value Until Time 1

OS:Schedule:Ruleset,
  {fcffb2d2-63ff-4f62-9a4f-3ea0a91bae05}, !- Handle
  cooling setpoint,                       !- Name
  {cf10fa52-dc9c-4bdf-abca-f926682cd6d7}, !- Schedule Type Limits Name
  {97d10814-933e-4709-b641-f2889906ad3e}; !- Default Day Schedule Name

OS:Schedule:Day,
  {97d10814-933e-4709-b641-f2889906ad3e}, !- Handle
  cooling setpoint default day,           !- Name
  {cf10fa52-dc9c-4bdf-abca-f926682cd6d7}, !- Schedule Type Limits Name
  ,                                       !- Interpolate to Timestep
  24,                                     !- Hour 1
  0,                                      !- Minute 1
  0;                                      !- Value Until Time 1

OS:Schedule:Rule,
  {a13fd0e0-7bb7-4138-bca5-524ba4933d19}, !- Handle
  cooling setpoint allday ruleset1,       !- Name
  {fcffb2d2-63ff-4f62-9a4f-3ea0a91bae05}, !- Schedule Ruleset Name
  0,                                      !- Rule Order
  {ea939d15-0768-4c6d-9078-df5f65725892}, !- Day Schedule Name
  Yes,                                    !- Apply Sunday
  Yes,                                    !- Apply Monday
  Yes,                                    !- Apply Tuesday
  Yes,                                    !- Apply Wednesday
  Yes,                                    !- Apply Thursday
  Yes,                                    !- Apply Friday
  Yes,                                    !- Apply Saturday
  DateRange,                              !- Date Specification Type
  1,                                      !- Start Month
  1,                                      !- Start Day
  12,                                     !- End Month
  31;                                     !- End Day

OS:Schedule:Day,
  {ea939d15-0768-4c6d-9078-df5f65725892}, !- Handle
  cooling setpoint allday1,               !- Name
  {cf10fa52-dc9c-4bdf-abca-f926682cd6d7}, !- Schedule Type Limits Name
  ,                                       !- Interpolate to Timestep
  24,                                     !- Hour 1
  0,                                      !- Minute 1
  23.8888888888889;                       !- Value Until Time 1

OS:ThermostatSetpoint:DualSetpoint,
  {b13f61d5-a5f8-4f0e-97bf-020e0034501b}, !- Handle
  conditioned space temperature setpoint, !- Name
  {4834ae9b-07b6-46ff-9fe7-3d3db47e411c}, !- Heating Setpoint Temperature Schedule Name
  {fcffb2d2-63ff-4f62-9a4f-3ea0a91bae05}; !- Cooling Setpoint Temperature Schedule Name

OS:ScheduleTypeLimits,
  {cf10fa52-dc9c-4bdf-abca-f926682cd6d7}, !- Handle
  Temperature,                            !- Name
  ,                                       !- Lower Limit Value
  ,                                       !- Upper Limit Value
  Continuous,                             !- Numeric Type
  Temperature;                            !- Unit Type

OS:Surface,
  {e1d25435-02a2-4cce-9325-22c1e1995e17}, !- Handle
  Roof1,                                  !- Name
  RoofCeiling,                            !- Surface Type
  {b80d98be-a6a0-4719-b59a-67fdd736b00c}, !- Construction Name
  {cc3ee1d5-cc45-4d77-8cf6-4c04500a8188}, !- Space Name
  Outdoors,                               !- Outside Boundary Condition
  ,                                       !- Outside Boundary Condition Object
  SunExposed,                             !- Sun Exposure
  WindExposed,                            !- Wind Exposure
  ,                                       !- View Factor to Ground
  ,                                       !- Number of Vertices
  1.2809493643573e-07, 6.39717039948132, 3.048, !- X,Y,Z Vertex 1 {m}
  -6.39717039948132, 1.2809493643573e-07, 3.048, !- X,Y,Z Vertex 2 {m}
  -1.2809493643573e-07, -6.39717039948132, 3.048, !- X,Y,Z Vertex 3 {m}
  6.39717039948132, -1.2809493643573e-07, 3.048; !- X,Y,Z Vertex 4 {m}

OS:AdditionalProperties,
  {5ee1c7db-3a74-4532-bcfa-736d44433822}, !- Handle
  {e1d25435-02a2-4cce-9325-22c1e1995e17}, !- Object Name
  Length,                                 !- Feature Name 1
  Double,                                 !- Feature Data Type 1
  29.681644159311663,                     !- Feature Value 1
  Width,                                  !- Feature Name 2
  Double,                                 !- Feature Data Type 2
  29.681644159311659,                     !- Feature Value 2
  Azimuth,                                !- Feature Name 3
  Integer,                                !- Feature Data Type 3
  45,                                     !- Feature Value 3
  Tilt,                                   !- Feature Name 4
  Double,                                 !- Feature Data Type 4
  0,                                      !- Feature Value 4
  SurfaceType,                            !- Feature Name 5
  String,                                 !- Feature Data Type 5
  Roof;                                   !- Feature Value 5

OS:Material,
  {04b19537-bb23-4487-b308-d9efeb4da060}, !- Handle
  slate or tile shingles,                 !- Name
  Rough,                                  !- Roughness
  0.01905,                                !- Thickness {m}
  0.8409775,                              !- Conductivity {W/m-K}
  1899.972,                               !- Density {kg/m3}
  799.717,                                !- Specific Heat {J/kg-K}
  0.9,                                    !- Thermal Absorptance
  0.75,                                   !- Solar Absorptance
  0.75;                                   !- Visible Absorptance

OS:Material,
  {2390bb26-ccfc-4407-a924-beac666d64f1}, !- Handle
  roof rigid ins,                         !- Name
  Rough,                                  !- Roughness
  0.103632,                               !- Thickness {m}
  0.029427,                               !- Conductivity {W/m-K}
  32.04,                                  !- Density {kg/m3}
  1214.23,                                !- Specific Heat {J/kg-K}
  0.9,                                    !- Thermal Absorptance
  0.7,                                    !- Solar Absorptance
  0.7;                                    !- Visible Absorptance

OS:Material,
  {97a0e58c-9444-4571-b46d-5fbc1acb0d84}, !- Handle
  osb sheathing 0.75 in.,                 !- Name
  Rough,                                  !- Roughness
  0.01905,                                !- Thickness {m}
  0.1154577,                              !- Conductivity {W/m-K}
  512.64,                                 !- Density {kg/m3}
  1214.23,                                !- Specific Heat {J/kg-K}
  0.9,                                    !- Thermal Absorptance
  0.7,                                    !- Solar Absorptance
  0.7;                                    !- Visible Absorptance

OS:Material,
  {f210ffd4-5379-4664-9c2b-21660648b9e6}, !- Handle
  roof stud and cavity,                   !- Name
  Rough,                                  !- Roughness
  0.2032,                                 !- Thickness {m}
  0.0470590930114025,                     !- Conductivity {W/m-K}
  78.34581,                               !- Density {kg/m3}
  1123.46101114405,                       !- Specific Heat {J/kg-K}
  0.9,                                    !- Thermal Absorptance
  0.7,                                    !- Solar Absorptance
  0.7;                                    !- Visible Absorptance

OS:Material,
  {0354df0c-c8ae-434c-a58e-f2ace6041293}, !- Handle
  gypsum board,                           !- Name
  Rough,                                  !- Roughness
  0.0127,                                 !- Thickness {m}
  0.1602906,                              !- Conductivity {W/m-K}
  801,                                    !- Density {kg/m3}
  837.4,                                  !- Specific Heat {J/kg-K}
  0.9,                                    !- Thermal Absorptance
  0.6,                                    !- Solar Absorptance
  0.6;                                    !- Visible Absorptance

OS:Construction,
  {b80d98be-a6a0-4719-b59a-67fdd736b00c}, !- Handle
  Roof1 construction,                     !- Name
  ,                                       !- Surface Rendering Name
  {04b19537-bb23-4487-b308-d9efeb4da060}, !- Layer 1
  {2390bb26-ccfc-4407-a924-beac666d64f1}, !- Layer 2
  {97a0e58c-9444-4571-b46d-5fbc1acb0d84}, !- Layer 3
  {f210ffd4-5379-4664-9c2b-21660648b9e6}, !- Layer 4
  {0354df0c-c8ae-434c-a58e-f2ace6041293}; !- Layer 5

OS:Surface,
  {6ba5736d-7149-4f59-a213-8a6cf891e048}, !- Handle
  Wall1,                                  !- Name
  Wall,                                   !- Surface Type
  {52496b36-e1b8-4ffe-a231-0736fa20a4b3}, !- Construction Name
  {cc3ee1d5-cc45-4d77-8cf6-4c04500a8188}, !- Space Name
  Outdoors,                               !- Outside Boundary Condition
  ,                                       !- Outside Boundary Condition Object
  SunExposed,                             !- Sun Exposure
  WindExposed,                            !- Wind Exposure
  ,                                       !- View Factor to Ground
  ,                                       !- Number of Vertices
  -10.5280213581206, 1.42128691311127, 0.6096, !- X,Y,Z Vertex 1 {m}
  -10.5280213581206, 1.42128691311127, 3.048, !- X,Y,Z Vertex 2 {m}
  -3.23246162622668, 8.71684732673054, 3.048, !- X,Y,Z Vertex 3 {m}
  -3.23246162622668, 8.71684732673054, 0.6096; !- X,Y,Z Vertex 4 {m}

OS:AdditionalProperties,
  {d48435e0-94b9-4d53-a5fe-e4240298886f}, !- Handle
  {6ba5736d-7149-4f59-a213-8a6cf891e048}, !- Object Name
  Length,                                 !- Feature Name 1
  Double,                                 !- Feature Data Type 1
  33.850000000000001,                     !- Feature Value 1
  Azimuth,                                !- Feature Name 2
  Integer,                                !- Feature Data Type 2
  315,                                    !- Feature Value 2
  Tilt,                                   !- Feature Name 3
  Double,                                 !- Feature Data Type 3
  90,                                     !- Feature Value 3
  SurfaceType,                            !- Feature Name 4
  String,                                 !- Feature Data Type 4
  Wall;                                   !- Feature Value 4

OS:Material,
  {8e5cc100-5d8f-43e4-8aec-fb28f428f872}, !- Handle
  stucco,                                 !- Name
  Rough,                                  !- Roughness
  0.0254,                                 !- Thickness {m}
  0.649125,                               !- Conductivity {W/m-K}
  1281.6,                                 !- Density {kg/m3}
  879.27,                                 !- Specific Heat {J/kg-K}
  0.9,                                    !- Thermal Absorptance
  0.5,                                    !- Solar Absorptance
  0.5;                                    !- Visible Absorptance

OS:Material,
  {9cfc4640-592e-4134-8a91-f557b1721745}, !- Handle
  osb sheathing 0.5 in.,                  !- Name
  Rough,                                  !- Roughness
  0.0127,                                 !- Thickness {m}
  0.1154577,                              !- Conductivity {W/m-K}
  512.64,                                 !- Density {kg/m3}
  1214.23,                                !- Specific Heat {J/kg-K}
  0.9,                                    !- Thermal Absorptance
  0.7,                                    !- Solar Absorptance
  0.7;                                    !- Visible Absorptance

OS:Material,
  {1c933cb9-1e3b-4fcd-a28f-dce2b1272bbf}, !- Handle
  wall stud and cavity,                   !- Name
  Rough,                                  !- Roughness
  0.1397,                                 !- Thickness {m}
  0.556314753360448,                      !- Conductivity {W/m-K}
  139.0536,                               !- Density {kg/m3}
  1170.23755760369,                       !- Specific Heat {J/kg-K}
  0.9,                                    !- Thermal Absorptance
  0.7,                                    !- Solar Absorptance
  0.7;                                    !- Visible Absorptance

OS:Construction,
  {52496b36-e1b8-4ffe-a231-0736fa20a4b3}, !- Handle
  Wall1 construction,                     !- Name
  ,                                       !- Surface Rendering Name
  {8e5cc100-5d8f-43e4-8aec-fb28f428f872}, !- Layer 1
  {9cfc4640-592e-4134-8a91-f557b1721745}, !- Layer 2
  {1c933cb9-1e3b-4fcd-a28f-dce2b1272bbf}, !- Layer 3
  {0354df0c-c8ae-434c-a58e-f2ace6041293}; !- Layer 4

OS:Surface,
  {c8d0d998-3386-4dfb-b747-133669edc293}, !- Handle
  Wall2,                                  !- Name
  Wall,                                   !- Surface Type
  {d446e27a-0127-4ed8-9afb-f2e248ed8f71}, !- Construction Name
  {cc3ee1d5-cc45-4d77-8cf6-4c04500a8188}, !- Space Name
  Outdoors,                               !- Outside Boundary Condition
  ,                                       !- Outside Boundary Condition Object
  SunExposed,                             !- Sun Exposure
  WindExposed,                            !- Wind Exposure
  ,                                       !- View Factor to Ground
  ,                                       !- Number of Vertices
  5.55796314054679, 6.39134561778467, 0.6096, !- X,Y,Z Vertex 1 {m}
  5.55796314054679, 6.39134561778467, 3.048, !- X,Y,Z Vertex 2 {m}
  9.61254880627209, 2.33676000618453, 3.048, !- X,Y,Z Vertex 3 {m}
  9.61254880627209, 2.33676000618453, 0.6096; !- X,Y,Z Vertex 4 {m}

OS:AdditionalProperties,
  {fd25ec68-58b6-4a74-8073-0ac319089957}, !- Handle
  {c8d0d998-3386-4dfb-b747-133669edc293}, !- Object Name
  Length,                                 !- Feature Name 1
  Double,                                 !- Feature Data Type 1
  18.8125,                                !- Feature Value 1
  Azimuth,                                !- Feature Name 2
  Integer,                                !- Feature Data Type 2
  45,                                     !- Feature Value 2
  Tilt,                                   !- Feature Name 3
  Double,                                 !- Feature Data Type 3
  90,                                     !- Feature Value 3
  SurfaceType,                            !- Feature Name 4
  String,                                 !- Feature Data Type 4
  Wall;                                   !- Feature Value 4

OS:Construction,
  {d446e27a-0127-4ed8-9afb-f2e248ed8f71}, !- Handle
  Wall2 construction,                     !- Name
  ,                                       !- Surface Rendering Name
  {8e5cc100-5d8f-43e4-8aec-fb28f428f872}, !- Layer 1
  {9cfc4640-592e-4134-8a91-f557b1721745}, !- Layer 2
  {1c933cb9-1e3b-4fcd-a28f-dce2b1272bbf}, !- Layer 3
  {0354df0c-c8ae-434c-a58e-f2ace6041293}; !- Layer 4

OS:Surface,
  {097fc13e-4d39-4011-98a3-7e401caa9d9e}, !- Handle
  Wall3,                                  !- Name
  Wall,                                   !- Surface Type
  {e7a326ae-460d-4553-8ff2-869bcd7c8e84}, !- Construction Name
  {cc3ee1d5-cc45-4d77-8cf6-4c04500a8188}, !- Space Name
  Outdoors,                               !- Outside Boundary Condition
  ,                                       !- Outside Boundary Condition Object
  SunExposed,                             !- Sun Exposure
  WindExposed,                            !- Wind Exposure
  ,                                       !- View Factor to Ground
  ,                                       !- Number of Vertices
  11.2923849326341, -0.656923523520949, 0.6096, !- X,Y,Z Vertex 1 {m}
  11.2923849326341, -0.656923523520949, 3.048, !- X,Y,Z Vertex 2 {m}
  4.53564036243662, -7.41366836430831, 3.048, !- X,Y,Z Vertex 3 {m}
  4.53564036243662, -7.41366836430831, 0.6096; !- X,Y,Z Vertex 4 {m}

OS:AdditionalProperties,
  {5421258c-319d-4e93-8170-4c02fbd7abf6}, !- Handle
  {097fc13e-4d39-4011-98a3-7e401caa9d9e}, !- Object Name
  Length,                                 !- Feature Name 1
  Double,                                 !- Feature Data Type 1
  31.350000000000001,                     !- Feature Value 1
  Azimuth,                                !- Feature Name 2
  Integer,                                !- Feature Data Type 2
  135,                                    !- Feature Value 2
  Tilt,                                   !- Feature Name 3
  Double,                                 !- Feature Data Type 3
  90,                                     !- Feature Value 3
  SurfaceType,                            !- Feature Name 4
  String,                                 !- Feature Data Type 4
  Wall;                                   !- Feature Value 4

OS:Construction,
  {e7a326ae-460d-4553-8ff2-869bcd7c8e84}, !- Handle
  Wall3 construction,                     !- Name
  ,                                       !- Surface Rendering Name
  {8e5cc100-5d8f-43e4-8aec-fb28f428f872}, !- Layer 1
  {9cfc4640-592e-4134-8a91-f557b1721745}, !- Layer 2
  {1c933cb9-1e3b-4fcd-a28f-dce2b1272bbf}, !- Layer 3
  {0354df0c-c8ae-434c-a58e-f2ace6041293}; !- Layer 4

OS:Surface,
  {49f28ffa-b762-43c2-b43e-904b83ecbfb2}, !- Handle
  Wall4,                                  !- Name
  Wall,                                   !- Surface Type
  {3d9477f6-117f-4929-9ace-b15d7e0c38d5}, !- Construction Name
  {cc3ee1d5-cc45-4d77-8cf6-4c04500a8188}, !- Space Name
  Outdoors,                               !- Outside Boundary Condition
  ,                                       !- Outside Boundary Condition Object
  SunExposed,                             !- Sun Exposure
  WindExposed,                            !- Wind Exposure
  ,                                       !- View Factor to Ground
  ,                                       !- Number of Vertices
  -5.55796296990905, -6.39134576617255, 0.6096, !- X,Y,Z Vertex 1 {m}
  -5.55796296990905, -6.39134576617255, 3.048, !- X,Y,Z Vertex 2 {m}
  -9.61254874388469, -2.33676026282275, 3.048, !- X,Y,Z Vertex 3 {m}
  -9.61254874388469, -2.33676026282275, 0.6096; !- X,Y,Z Vertex 4 {m}

OS:AdditionalProperties,
  {c829b82c-c365-4970-abfd-74e71384378d}, !- Handle
  {49f28ffa-b762-43c2-b43e-904b83ecbfb2}, !- Object Name
  Length,                                 !- Feature Name 1
  Double,                                 !- Feature Data Type 1
  18.8125,                                !- Feature Value 1
  Azimuth,                                !- Feature Name 2
  Integer,                                !- Feature Data Type 2
  225,                                    !- Feature Value 2
  Tilt,                                   !- Feature Name 3
  Double,                                 !- Feature Data Type 3
  90,                                     !- Feature Value 3
  SurfaceType,                            !- Feature Name 4
  String,                                 !- Feature Data Type 4
  Wall;                                   !- Feature Value 4

OS:Construction,
  {3d9477f6-117f-4929-9ace-b15d7e0c38d5}, !- Handle
  Wall4 construction,                     !- Name
  ,                                       !- Surface Rendering Name
  {8e5cc100-5d8f-43e4-8aec-fb28f428f872}, !- Layer 1
  {9cfc4640-592e-4134-8a91-f557b1721745}, !- Layer 2
  {1c933cb9-1e3b-4fcd-a28f-dce2b1272bbf}, !- Layer 3
  {0354df0c-c8ae-434c-a58e-f2ace6041293}; !- Layer 4

OS:Surface,
  {6221ae43-d6bd-4a92-b473-57f6608c8025}, !- Handle
  Floor1,                                 !- Name
  Floor,                                  !- Surface Type
  {d66fdaf8-cdd0-457c-9fea-5ca1ffa6d1cf}, !- Construction Name
  {cc3ee1d5-cc45-4d77-8cf6-4c04500a8188}, !- Space Name
  Outdoors,                               !- Outside Boundary Condition
  ,                                       !- Outside Boundary Condition Object
  NoSun,                                  !- Sun Exposure
  WindExposed,                            !- Wind Exposure
  ,                                       !- View Factor to Ground
  ,                                       !- Number of Vertices
  -6.39717039948132, -4.26983119972135e-08, 0.6096, !- X,Y,Z Vertex 1 {m}
  -4.26983119972135e-08, 6.39717039948132, 0.6096, !- X,Y,Z Vertex 2 {m}
  6.39717039948132, 4.26983119972135e-08, 0.6096, !- X,Y,Z Vertex 3 {m}
  4.26983119972135e-08, -6.39717039948132, 0.6096; !- X,Y,Z Vertex 4 {m}

OS:AdditionalProperties,
  {dfa8c9f9-0b7a-45eb-8fc7-8cde056b4e3f}, !- Handle
  {6221ae43-d6bd-4a92-b473-57f6608c8025}, !- Object Name
  SurfaceType,                            !- Feature Name 1
  String,                                 !- Feature Data Type 1
  Floor,                                  !- Feature Value 1
  Tilt,                                   !- Feature Name 2
  Double,                                 !- Feature Data Type 2
  0;                                      !- Feature Value 2

OS:Material,
  {c48d92e5-4c05-49e8-8d3a-2636ba6f441f}, !- Handle
  floor stud and cavity,                  !- Name
  Rough,                                  !- Roughness
  0.1397,                                 !- Thickness {m}
  0.501511245075452,                      !- Conductivity {W/m-K}
  92.3553,                                !- Density {kg/m3}
  1139.71374674761,                       !- Specific Heat {J/kg-K}
  0.9,                                    !- Thermal Absorptance
  0.7,                                    !- Solar Absorptance
  0.7;                                    !- Visible Absorptance

OS:Material,
  {e7794c62-3060-49d6-b064-5e5c40d34aa2}, !- Handle
  floor covering,                         !- Name
  Rough,                                  !- Roughness
  0.0127,                                 !- Thickness {m}
  0.0433443509615385,                     !- Conductivity {W/m-K}
  54.468,                                 !- Density {kg/m3}
  1339.84,                                !- Specific Heat {J/kg-K}
  0.9,                                    !- Thermal Absorptance
  0.6,                                    !- Solar Absorptance
  0.6;                                    !- Visible Absorptance

OS:Construction,
  {d66fdaf8-cdd0-457c-9fea-5ca1ffa6d1cf}, !- Handle
  Floor1 construction,                    !- Name
  ,                                       !- Surface Rendering Name
  {c48d92e5-4c05-49e8-8d3a-2636ba6f441f}, !- Layer 1
  {97a0e58c-9444-4571-b46d-5fbc1acb0d84}, !- Layer 2
  {e7794c62-3060-49d6-b064-5e5c40d34aa2}; !- Layer 3

OS:Surface,
  {9c80b49c-97a7-4e4a-b392-8338181b5416}, !- Handle
  surface Window1,                        !- Name
  Wall,                                   !- Surface Type
  {91d17c5e-b7c0-43d3-a52d-8304be9d235f}, !- Construction Name
  {cc3ee1d5-cc45-4d77-8cf6-4c04500a8188}, !- Space Name
  Outdoors,                               !- Outside Boundary Condition
  ,                                       !- Outside Boundary Condition Object
  SunExposed,                             !- Sun Exposure
  WindExposed,                            !- Wind Exposure
  ,                                       !- View Factor to Ground
  ,                                       !- Number of Vertices
  -2.57590158023425, 9.37340758338371, 0.609085870514456, !- X,Y,Z Vertex 1 {m}
  -2.57590158023425, 9.37340758338371, 1.82931412948554, !- X,Y,Z Vertex 2 {m}
  0.000362843811592128, 11.9496722481657, 1.82931412948554, !- X,Y,Z Vertex 3 {m}
  0.000362843811592128, 11.9496722481657, 0.609085870514456; !- X,Y,Z Vertex 4 {m}

OS:AdditionalProperties,
  {f38a12e8-2829-4ceb-b1c1-2b405b2c9c1c}, !- Handle
  {9c80b49c-97a7-4e4a-b392-8338181b5416}, !- Object Name
  Length,                                 !- Feature Name 1
  Double,                                 !- Feature Data Type 1
  11.949999999999999,                     !- Feature Value 1
  Azimuth,                                !- Feature Name 2
  Integer,                                !- Feature Data Type 2
  315,                                    !- Feature Value 2
  Tilt,                                   !- Feature Name 3
  Double,                                 !- Feature Data Type 3
  90,                                     !- Feature Value 3
  SurfaceType,                            !- Feature Name 4
  String,                                 !- Feature Data Type 4
  Window;                                 !- Feature Value 4

OS:SubSurface,
  {bdfbe92a-f97a-4752-aff1-bd67cda0b21d}, !- Handle
  Window1,                                !- Name
  FixedWindow,                            !- Sub Surface Type
  {7d5e6175-3c6a-4499-9639-5b829d962369}, !- Construction Name
  {9c80b49c-97a7-4e4a-b392-8338181b5416}, !- Surface Name
  ,                                       !- Outside Boundary Condition Object
  ,                                       !- View Factor to Ground
  ,                                       !- Frame and Divider Name
  ,                                       !- Multiplier
  ,                                       !- Number of Vertices
  -2.5755380358056, 9.37377112784634, 0.6096, !- X,Y,Z Vertex 1 {m}
  -2.5755380358056, 9.37377112784634, 1.8288, !- X,Y,Z Vertex 2 {m}
  -7.00617057702857e-07, 11.9493087037031, 1.8288, !- X,Y,Z Vertex 3 {m}
  -7.00617057702857e-07, 11.9493087037031, 0.6096; !- X,Y,Z Vertex 4 {m}

OS:ShadingSurfaceGroup,
  {80c29cf8-2c40-4d9b-a4cf-c684f99de302}, !- Handle
  Window1 Shading Surfaces,               !- Name
  Space,                                  !- Shading Surface Type
  {cc3ee1d5-cc45-4d77-8cf6-4c04500a8188}, !- Space Name
  ,                                       !- Direction of Relative North {deg}
  ,                                       !- X Origin {m}
  ,                                       !- Y Origin {m}
  ,                                       !- Z Origin {m}
  {bdfbe92a-f97a-4752-aff1-bd67cda0b21d}; !- Shaded Object Name

OS:ShadingSurface,
  {9659be04-bd48-4b97-9924-7e996fd9087d}, !- Handle
  Window1 overhangs,                      !- Name
  ,                                       !- Construction Name
  {80c29cf8-2c40-4d9b-a4cf-c684f99de302}, !- Shading Surface Group Name
  ,                                       !- Transmittance Schedule Name
  ,                                       !- Number of Vertices
  -2.79106417264146, 9.15824497087088, 2.1336, !- X,Y,Z Vertex 1 {m}
  0.215525436218803, 12.1648348606785, 2.1336, !- X,Y,Z Vertex 2 {m}
  -0.215526877732107, 12.5958871343502, 2.1336, !- X,Y,Z Vertex 3 {m}
  -3.22211648659238, 9.5892972445426, 2.1336; !- X,Y,Z Vertex 4 {m}

OS:WindowMaterial:SimpleGlazingSystem,
  {4e5837de-1d62-4237-b763-befeeca5876d}, !- Handle
  WindowMaterial,                         !- Name
  6.58648,                                !- U-Factor {W/m2-K}
  0.76;                                   !- Solar Heat Gain Coefficient

OS:Construction,
  {7d5e6175-3c6a-4499-9639-5b829d962369}, !- Handle
  WindowConstruction,                     !- Name
  ,                                       !- Surface Rendering Name
  {4e5837de-1d62-4237-b763-befeeca5876d}; !- Layer 1

OS:Schedule:Ruleset,
  {26e0964b-b5f8-4f9e-8fe1-2c1c940fc4a0}, !- Handle
  trans schedule winter=0.85 summer=0.7,  !- Name
  {34f36b98-b76c-48c1-8280-8f0a08c409a4}, !- Schedule Type Limits Name
  {9c49e866-9522-4431-b62e-68f983deb618}; !- Default Day Schedule Name

OS:Schedule:Day,
  {9c49e866-9522-4431-b62e-68f983deb618}, !- Handle
  trans schedule winter=0.85 summer=0.7 default day, !- Name
  {34f36b98-b76c-48c1-8280-8f0a08c409a4}, !- Schedule Type Limits Name
  ,                                       !- Interpolate to Timestep
  24,                                     !- Hour 1
  0,                                      !- Minute 1
  0;                                      !- Value Until Time 1

OS:Schedule:Rule,
  {943011c4-0ee6-40ab-b46b-e2c319ab7170}, !- Handle
  trans schedule winter=0.85 summer=0.7 allday ruleset1, !- Name
  {26e0964b-b5f8-4f9e-8fe1-2c1c940fc4a0}, !- Schedule Ruleset Name
  2,                                      !- Rule Order
  {c065ac5b-dd1f-4804-bd4d-9d7973ff4c96}, !- Day Schedule Name
  Yes,                                    !- Apply Sunday
  Yes,                                    !- Apply Monday
  Yes,                                    !- Apply Tuesday
  Yes,                                    !- Apply Wednesday
  Yes,                                    !- Apply Thursday
  Yes,                                    !- Apply Friday
  Yes,                                    !- Apply Saturday
  DateRange,                              !- Date Specification Type
  1,                                      !- Start Month
  1,                                      !- Start Day
  4,                                      !- End Month
  30;                                     !- End Day

OS:Schedule:Day,
  {c065ac5b-dd1f-4804-bd4d-9d7973ff4c96}, !- Handle
  trans schedule winter=0.85 summer=0.7 allday1, !- Name
  {34f36b98-b76c-48c1-8280-8f0a08c409a4}, !- Schedule Type Limits Name
  ,                                       !- Interpolate to Timestep
  24,                                     !- Hour 1
  0,                                      !- Minute 1
  0.85;                                   !- Value Until Time 1

OS:Schedule:Rule,
  {51afc6e9-bf99-455a-88b5-9f79572acda7}, !- Handle
  trans schedule winter=0.85 summer=0.7 allday ruleset121, !- Name
  {26e0964b-b5f8-4f9e-8fe1-2c1c940fc4a0}, !- Schedule Ruleset Name
  1,                                      !- Rule Order
  {389d1c5d-35a0-4756-a7a9-a0d4eb1751b4}, !- Day Schedule Name
  Yes,                                    !- Apply Sunday
  Yes,                                    !- Apply Monday
  Yes,                                    !- Apply Tuesday
  Yes,                                    !- Apply Wednesday
  Yes,                                    !- Apply Thursday
  Yes,                                    !- Apply Friday
  Yes,                                    !- Apply Saturday
  DateRange,                              !- Date Specification Type
  5,                                      !- Start Month
  1,                                      !- Start Day
  9,                                      !- End Month
  30;                                     !- End Day

OS:Schedule:Day,
  {389d1c5d-35a0-4756-a7a9-a0d4eb1751b4}, !- Handle
  trans schedule winter=0.85 summer=0.7 allday121, !- Name
  {34f36b98-b76c-48c1-8280-8f0a08c409a4}, !- Schedule Type Limits Name
  ,                                       !- Interpolate to Timestep
  24,                                     !- Hour 1
  0,                                      !- Minute 1
  0.7;                                    !- Value Until Time 1

OS:Schedule:Rule,
  {83b1568f-f0a5-4522-a0b4-e145514e9590}, !- Handle
  trans schedule winter=0.85 summer=0.7 allday ruleset274, !- Name
  {26e0964b-b5f8-4f9e-8fe1-2c1c940fc4a0}, !- Schedule Ruleset Name
  0,                                      !- Rule Order
  {32a5a2d0-d94c-4609-9316-60fed434ad2a}, !- Day Schedule Name
  Yes,                                    !- Apply Sunday
  Yes,                                    !- Apply Monday
  Yes,                                    !- Apply Tuesday
  Yes,                                    !- Apply Wednesday
  Yes,                                    !- Apply Thursday
  Yes,                                    !- Apply Friday
  Yes,                                    !- Apply Saturday
  DateRange,                              !- Date Specification Type
  10,                                     !- Start Month
  1,                                      !- Start Day
  12,                                     !- End Month
  31;                                     !- End Day

OS:Schedule:Day,
  {32a5a2d0-d94c-4609-9316-60fed434ad2a}, !- Handle
  trans schedule winter=0.85 summer=0.7 allday274, !- Name
  {34f36b98-b76c-48c1-8280-8f0a08c409a4}, !- Schedule Type Limits Name
  ,                                       !- Interpolate to Timestep
  24,                                     !- Hour 1
  0,                                      !- Minute 1
  0.85;                                   !- Value Until Time 1

OS:ScheduleTypeLimits,
  {34f36b98-b76c-48c1-8280-8f0a08c409a4}, !- Handle
  Fractional,                             !- Name
  0,                                      !- Lower Limit Value
  1,                                      !- Upper Limit Value
  Continuous;                             !- Numeric Type

OS:SurfaceProperty:IncidentSolarMultiplier,
  {0ebdafeb-f103-4098-8c64-c959dc1443d5}, !- Handle
  {bdfbe92a-f97a-4752-aff1-bd67cda0b21d}, !- Surface Name
  1,                                      !- Incident Solar Multiplier {dimensionless}
  {26e0964b-b5f8-4f9e-8fe1-2c1c940fc4a0}; !- Incident Solar Multiplier Schedule Name

OS:Surface,
  {d19e56cd-90dc-4fd1-8077-cd817dff2534}, !- Handle
  surface Window2,                        !- Name
  Wall,                                   !- Surface Type
  {91d17c5e-b7c0-43d3-a52d-8304be9d235f}, !- Construction Name
  {cc3ee1d5-cc45-4d77-8cf6-4c04500a8188}, !- Space Name
  Outdoors,                               !- Outside Boundary Condition
  ,                                       !- Outside Boundary Condition Object
  SunExposed,                             !- Sun Exposure
  WindExposed,                            !- Wind Exposure
  ,                                       !- View Factor to Ground
  ,                                       !- Number of Vertices
  10.2689546679403, 1.68035424736698, 0.608867599265982, !- X,Y,Z Vertex 1 {m}
  10.2689546679403, 1.68035424736698, 1.64665240073402, !- X,Y,Z Vertex 2 {m}
  11.9498265952105, -0.000517657465075594, 1.64665240073402, !- X,Y,Z Vertex 3 {m}
  11.9498265952105, -0.000517657465075594, 0.608867599265982; !- X,Y,Z Vertex 4 {m}

OS:AdditionalProperties,
  {2c4e7050-90ed-4c0d-b94d-f6c52da6d60f}, !- Handle
  {d19e56cd-90dc-4fd1-8077-cd817dff2534}, !- Object Name
  Length,                                 !- Feature Name 1
  Double,                                 !- Feature Data Type 1
  7.7941176470588225,                     !- Feature Value 1
  Azimuth,                                !- Feature Name 2
  Integer,                                !- Feature Data Type 2
  45,                                     !- Feature Value 2
  Tilt,                                   !- Feature Name 3
  Double,                                 !- Feature Data Type 3
  90,                                     !- Feature Value 3
  SurfaceType,                            !- Feature Name 4
  String,                                 !- Feature Data Type 4
  Window;                                 !- Feature Value 4

OS:SubSurface,
  {1336a75a-1216-403e-bdb1-8517e4a75da9}, !- Handle
  Window2,                                !- Name
  FixedWindow,                            !- Sub Surface Type
  {65e0435f-0f9e-4bfe-b29a-f35c6ba2a102}, !- Construction Name
  {d19e56cd-90dc-4fd1-8077-cd817dff2534}, !- Surface Name
  ,                                       !- Outside Boundary Condition Object
  ,                                       !- View Factor to Ground
  ,                                       !- Frame and Divider Name
  ,                                       !- Multiplier
  ,                                       !- Number of Vertices
  10.2694725534693, 1.67983636184486, 0.6096, !- X,Y,Z Vertex 1 {m}
  10.2694725534693, 1.67983636184486, 1.64592, !- X,Y,Z Vertex 2 {m}
  11.9493087096815, 2.28057044360241e-07, 1.64592, !- X,Y,Z Vertex 3 {m}
  11.9493087096815, 2.28057044360241e-07, 0.6096; !- X,Y,Z Vertex 4 {m}

OS:ShadingSurfaceGroup,
  {3a9bc13a-3cd0-4ac2-ad21-84305d2c208b}, !- Handle
  Window2 Shading Surfaces,               !- Name
  Space,                                  !- Shading Surface Type
  {cc3ee1d5-cc45-4d77-8cf6-4c04500a8188}, !- Space Name
  ,                                       !- Direction of Relative North {deg}
  ,                                       !- X Origin {m}
  ,                                       !- Y Origin {m}
  ,                                       !- Z Origin {m}
  {1336a75a-1216-403e-bdb1-8517e4a75da9}; !- Shaded Object Name

OS:ShadingSurface,
  {be171748-866c-4943-ab1e-d15025a42a6a}, !- Handle
  Window2 overhangs,                      !- Name
  ,                                       !- Construction Name
  {3a9bc13a-3cd0-4ac2-ad21-84305d2c208b}, !- Shading Surface Group Name
  ,                                       !- Transmittance Schedule Name
  ,                                       !- Number of Vertices
  10.0539464051251, 1.89536250731198, 1.95072, !- X,Y,Z Vertex 1 {m}
  12.1648348580257, -0.215525917410075, 1.95072, !- X,Y,Z Vertex 2 {m}
  12.5958871489599, 0.215526379278335, 1.95072, !- X,Y,Z Vertex 3 {m}
  10.4849986960594, 2.32641480400038, 1.95072; !- X,Y,Z Vertex 4 {m}

OS:Construction,
  {65e0435f-0f9e-4bfe-b29a-f35c6ba2a102}, !- Handle
  WindowConstruction 1,                   !- Name
  ,                                       !- Surface Rendering Name
  {4e5837de-1d62-4237-b763-befeeca5876d}; !- Layer 1

OS:SurfaceProperty:IncidentSolarMultiplier,
  {18caf6f9-39ea-4957-a416-1ea779917989}, !- Handle
  {1336a75a-1216-403e-bdb1-8517e4a75da9}, !- Surface Name
  1,                                      !- Incident Solar Multiplier {dimensionless}
  {26e0964b-b5f8-4f9e-8fe1-2c1c940fc4a0}; !- Incident Solar Multiplier Schedule Name

OS:Surface,
  {596aa6a9-6016-4255-8041-776dcecfec7e}, !- Handle
  surface Window3,                        !- Name
  Wall,                                   !- Surface Type
  {91d17c5e-b7c0-43d3-a52d-8304be9d235f}, !- Construction Name
  {cc3ee1d5-cc45-4d77-8cf6-4c04500a8188}, !- Space Name
  Outdoors,                               !- Outside Boundary Condition
  ,                                       !- Outside Boundary Condition Object
  SunExposed,                             !- Sun Exposure
  WindExposed,                            !- Wind Exposure
  ,                                       !- View Factor to Ground
  ,                                       !- Number of Vertices
  3.87908029531883, -8.07022859983613, 0.609085870514456, !- X,Y,Z Vertex 1 {m}
  3.87908029531883, -8.07022859983613, 1.82931412948554, !- X,Y,Z Vertex 2 {m}
  1.30281580249122, -10.6464931958364, 1.82931412948554, !- X,Y,Z Vertex 3 {m}
  1.30281580249122, -10.6464931958364, 0.609085870514456; !- X,Y,Z Vertex 4 {m}

OS:AdditionalProperties,
  {5524c6cd-9a4b-4e73-8ce8-8eca53f61ec2}, !- Handle
  {596aa6a9-6016-4255-8041-776dcecfec7e}, !- Object Name
  Length,                                 !- Feature Name 1
  Double,                                 !- Feature Data Type 1
  11.949999999999999,                     !- Feature Value 1
  Azimuth,                                !- Feature Name 2
  Integer,                                !- Feature Data Type 2
  135,                                    !- Feature Value 2
  Tilt,                                   !- Feature Name 3
  Double,                                 !- Feature Data Type 3
  90,                                     !- Feature Value 3
  SurfaceType,                            !- Feature Name 4
  String,                                 !- Feature Data Type 4
  Window;                                 !- Feature Value 4

OS:SubSurface,
  {4981057a-299b-4988-9db4-328497eec0bc}, !- Handle
  Window3,                                !- Name
  FixedWindow,                            !- Sub Surface Type
  {d11435b2-8f67-453c-babe-991c15500b05}, !- Construction Name
  {596aa6a9-6016-4255-8041-776dcecfec7e}, !- Surface Name
  ,                                       !- Outside Boundary Condition Object
  ,                                       !- View Factor to Ground
  ,                                       !- Frame and Divider Name
  ,                                       !- Multiplier
  ,                                       !- Number of Vertices
  3.87871675088046, -8.07059214428905, 0.6096, !- X,Y,Z Vertex 1 {m}
  3.87871675088046, -8.07059214428905, 1.8288, !- X,Y,Z Vertex 2 {m}
  1.30317934692959, -10.6461296513834, 1.8288, !- X,Y,Z Vertex 3 {m}
  1.30317934692959, -10.6461296513834, 0.6096; !- X,Y,Z Vertex 4 {m}

OS:ShadingSurfaceGroup,
  {9b122d4f-ca2f-43a8-a00f-795380ae8ff6}, !- Handle
  Window3 Shading Surfaces,               !- Name
  Space,                                  !- Shading Surface Type
  {cc3ee1d5-cc45-4d77-8cf6-4c04500a8188}, !- Space Name
  ,                                       !- Direction of Relative North {deg}
  ,                                       !- X Origin {m}
  ,                                       !- Y Origin {m}
  ,                                       !- Z Origin {m}
  {4981057a-299b-4988-9db4-328497eec0bc}; !- Shaded Object Name

OS:ShadingSurface,
  {a02437b8-c44c-4167-bcd7-6ffcf8028d58}, !- Handle
  Window3 overhangs,                      !- Name
  ,                                       !- Construction Name
  {9b122d4f-ca2f-43a8-a00f-795380ae8ff6}, !- Shading Surface Group Name
  ,                                       !- Transmittance Schedule Name
  ,                                       !- Number of Vertices
  4.0942428934705, -7.85506599306777, 2.1336, !- X,Y,Z Vertex 1 {m}
  1.08765320433956, -10.8616558026047, 2.1336, !- X,Y,Z Vertex 2 {m}
  1.51870550678212, -11.2927080877848, 2.1336, !- X,Y,Z Vertex 3 {m}
  4.52529519591307, -8.28611827824784, 2.1336; !- X,Y,Z Vertex 4 {m}

OS:Construction,
  {d11435b2-8f67-453c-babe-991c15500b05}, !- Handle
  WindowConstruction 2,                   !- Name
  ,                                       !- Surface Rendering Name
  {4e5837de-1d62-4237-b763-befeeca5876d}; !- Layer 1

OS:SurfaceProperty:IncidentSolarMultiplier,
  {45e3900a-151c-4d04-bf6c-7edb9fdbf9a8}, !- Handle
  {4981057a-299b-4988-9db4-328497eec0bc}, !- Surface Name
  1,                                      !- Incident Solar Multiplier {dimensionless}
  {26e0964b-b5f8-4f9e-8fe1-2c1c940fc4a0}; !- Incident Solar Multiplier Schedule Name

OS:Surface,
  {65602c27-477c-4aa0-b4d8-cf75879d011d}, !- Handle
  surface Window4,                        !- Name
  Wall,                                   !- Surface Type
  {91d17c5e-b7c0-43d3-a52d-8304be9d235f}, !- Construction Name
  {cc3ee1d5-cc45-4d77-8cf6-4c04500a8188}, !- Space Name
  Outdoors,                               !- Outside Boundary Condition
  ,                                       !- Outside Boundary Condition Object
  SunExposed,                             !- Sun Exposure
  WindExposed,                            !- Wind Exposure
  ,                                       !- View Factor to Ground
  ,                                       !- Number of Vertices
  -10.2689546230778, -1.68035452153008, 0.608867599265982, !- X,Y,Z Vertex 1 {m}
  -10.2689546230778, -1.68035452153008, 1.64665240073402, !- X,Y,Z Vertex 2 {m}
  -11.9498265952243, 0.000517338425625624, 1.64665240073402, !- X,Y,Z Vertex 3 {m}
  -11.9498265952243, 0.000517338425625624, 0.608867599265982; !- X,Y,Z Vertex 4 {m}

OS:AdditionalProperties,
  {729f0d6c-cc2c-42c9-8104-cc6f1c4c96ad}, !- Handle
  {65602c27-477c-4aa0-b4d8-cf75879d011d}, !- Object Name
  Length,                                 !- Feature Name 1
  Double,                                 !- Feature Data Type 1
  7.7941176470588225,                     !- Feature Value 1
  Azimuth,                                !- Feature Name 2
  Integer,                                !- Feature Data Type 2
  225,                                    !- Feature Value 2
  Tilt,                                   !- Feature Name 3
  Double,                                 !- Feature Data Type 3
  90,                                     !- Feature Value 3
  SurfaceType,                            !- Feature Name 4
  String,                                 !- Feature Data Type 4
  Window;                                 !- Feature Value 4

OS:SubSurface,
  {3ff1dd5d-9901-4624-9640-0f86b435598b}, !- Handle
  Window4,                                !- Name
  FixedWindow,                            !- Sub Surface Type
  {27160185-dfaa-4315-bd58-2893b8420092}, !- Construction Name
  {65602c27-477c-4aa0-b4d8-cf75879d011d}, !- Surface Name
  ,                                       !- Outside Boundary Condition Object
  ,                                       !- View Factor to Ground
  ,                                       !- Frame and Divider Name
  ,                                       !- Multiplier
  ,                                       !- Number of Vertices
  -10.2694725086206, -1.6798366360218, 0.6096, !- X,Y,Z Vertex 1 {m}
  -10.2694725086206, -1.6798366360218, 1.64592, !- X,Y,Z Vertex 2 {m}
  -11.9493087096815, -5.47082664503762e-07, 1.64592, !- X,Y,Z Vertex 3 {m}
  -11.9493087096815, -5.47082664503762e-07, 0.6096; !- X,Y,Z Vertex 4 {m}

OS:ShadingSurfaceGroup,
  {6ae68e9b-dbf7-472f-8486-527173741153}, !- Handle
  Window4 Shading Surfaces,               !- Name
  Space,                                  !- Shading Surface Type
  {cc3ee1d5-cc45-4d77-8cf6-4c04500a8188}, !- Space Name
  ,                                       !- Direction of Relative North {deg}
  ,                                       !- X Origin {m}
  ,                                       !- Y Origin {m}
  ,                                       !- Z Origin {m}
  {3ff1dd5d-9901-4624-9640-0f86b435598b}; !- Shaded Object Name

OS:ShadingSurface,
  {8d08ee15-3ad9-481e-acd9-d3c574c46bd5}, !- Handle
  Window4 overhangs,                      !- Name
  ,                                       !- Construction Name
  {6ae68e9b-dbf7-472f-8486-527173741153}, !- Shading Surface Group Name
  ,                                       !- Transmittance Schedule Name
  ,                                       !- Number of Vertices
  -10.0539463545223, -1.89536277573476, 1.95072, !- X,Y,Z Vertex 1 {m}
  -12.1648348637799, 0.215525592630286, 1.95072, !- X,Y,Z Vertex 2 {m}
  -12.5958871432058, -0.215526715566464, 1.95072, !- X,Y,Z Vertex 3 {m}
  -10.4849986339482, -2.32641508393149, 1.95072; !- X,Y,Z Vertex 4 {m}

OS:Construction,
  {27160185-dfaa-4315-bd58-2893b8420092}, !- Handle
  WindowConstruction 3,                   !- Name
  ,                                       !- Surface Rendering Name
  {4e5837de-1d62-4237-b763-befeeca5876d}; !- Layer 1

OS:SurfaceProperty:IncidentSolarMultiplier,
  {a8f2a6db-c44b-4314-937b-1675adf404dd}, !- Handle
  {3ff1dd5d-9901-4624-9640-0f86b435598b}, !- Surface Name
  1,                                      !- Incident Solar Multiplier {dimensionless}
  {26e0964b-b5f8-4f9e-8fe1-2c1c940fc4a0}; !- Incident Solar Multiplier Schedule Name

OS:Material,
  {51535025-1d21-4e1a-ba1e-8809c4559c0a}, !- Handle
  wood siding,                            !- Name
  Rough,                                  !- Roughness
  0.0254,                                 !- Thickness {m}
  0.1024175,                              !- Conductivity {W/m-K}
  544.68,                                 !- Density {kg/m3}
  1172.36;                                !- Specific Heat {J/kg-K}

OS:Material,
  {c1b4b75e-5eb9-4861-957e-27004b533098}, !- Handle
  wall rigid ins,                         !- Name
  Rough,                                  !- Roughness
  0.5129784,                              !- Thickness {m}
  0.029427,                               !- Conductivity {W/m-K}
  32.04,                                  !- Density {kg/m3}
  1214.23,                                !- Specific Heat {J/kg-K}
  0.9,                                    !- Thermal Absorptance
  0.7,                                    !- Solar Absorptance
  0.7;                                    !- Visible Absorptance

OS:Material,
  {12d02180-cd83-46ff-b37c-6f453fb63965}, !- Handle
  wall stud and cavity 1,                 !- Name
  Rough,                                  !- Roughness
  0.0889,                                 !- Thickness {m}
  0.380278417457636,                      !- Conductivity {W/m-K}
  52.34794524,                            !- Density {kg/m3}
  1209.88641434781,                       !- Specific Heat {J/kg-K}
  0.9,                                    !- Thermal Absorptance
  0.7,                                    !- Solar Absorptance
  0.7;                                    !- Visible Absorptance

OS:Construction,
  {91d17c5e-b7c0-43d3-a52d-8304be9d235f}, !- Handle
  AdiabaticWallConstruction,              !- Name
  ,                                       !- Surface Rendering Name
  {51535025-1d21-4e1a-ba1e-8809c4559c0a}, !- Layer 1
  {c1b4b75e-5eb9-4861-957e-27004b533098}, !- Layer 2
  {12d02180-cd83-46ff-b37c-6f453fb63965}, !- Layer 3
  {0354df0c-c8ae-434c-a58e-f2ace6041293}; !- Layer 4

OS:Surface,
  {60185e23-5f15-4d91-bbfe-1556ede87c12}, !- Handle
  surface Door1,                          !- Name
  Wall,                                   !- Surface Type
  {981e530b-6d93-4ae2-8a6d-30ed931dc6d4}, !- Construction Name
  {cc3ee1d5-cc45-4d77-8cf6-4c04500a8188}, !- Space Name
  Outdoors,                               !- Outside Boundary Condition
  ,                                       !- Outside Boundary Condition Object
  SunExposed,                             !- Sun Exposure
  WindExposed,                            !- Wind Exposure
  ,                                       !- View Factor to Ground
  ,                                       !- Number of Vertices
  0.646855211007846, -11.3024538741361, 0.608752155732047, !- X,Y,Z Vertex 1 {m}
  0.646855211007846, -11.3024538741361, 2.64346384426795, !- X,Y,Z Vertex 2 {m}
  -0.000599121950703108, -11.9499082330235, 2.64346384426795, !- X,Y,Z Vertex 3 {m}
  -0.000599121950703108, -11.9499082330235, 0.608752155732047; !- X,Y,Z Vertex 4 {m}

OS:AdditionalProperties,
  {962c4b63-0b3a-4821-9d94-aefb83841c66}, !- Handle
  {60185e23-5f15-4d91-bbfe-1556ede87c12}, !- Object Name
  Length,                                 !- Feature Name 1
  Double,                                 !- Feature Data Type 1
  2.9985007496251876,                     !- Feature Value 1
  Azimuth,                                !- Feature Name 2
  Integer,                                !- Feature Data Type 2
  135,                                    !- Feature Value 2
  Tilt,                                   !- Feature Name 3
  Double,                                 !- Feature Data Type 3
  90,                                     !- Feature Value 3
  SurfaceType,                            !- Feature Name 4
  String,                                 !- Feature Data Type 4
  Door;                                   !- Feature Value 4

OS:SubSurface,
  {bffa8b2d-870b-4b2f-9cd7-2711da284041}, !- Handle
  Door1,                                  !- Name
  Door,                                   !- Sub Surface Type
  {8f3cf335-6e59-4fc9-9064-960598003026}, !- Construction Name
  {60185e23-5f15-4d91-bbfe-1556ede87c12}, !- Surface Name
  ,                                       !- Outside Boundary Condition Object
  ,                                       !- View Factor to Ground
  ,                                       !- Frame and Divider Name
  ,                                       !- Multiplier
  ,                                       !- Number of Vertices
  0.646255694588587, -11.3030533905793, 0.6096, !- X,Y,Z Vertex 1 {m}
  0.646255694588587, -11.3030533905793, 2.642616, !- X,Y,Z Vertex 2 {m}
  3.94468556486061e-07, -11.9493087165802, 2.642616, !- X,Y,Z Vertex 3 {m}
  3.94468556486061e-07, -11.9493087165802, 0.6096; !- X,Y,Z Vertex 4 {m}

OS:Material,
  {112a6083-8772-4a54-bbc1-053b0e8591fa}, !- Handle
  door material,                          !- Name
  Rough,                                  !- Roughness
  0.04445,                                !- Thickness {m}
  0.0612266553480475,                     !- Conductivity {W/m-K}
  512.64,                                 !- Density {kg/m3}
  1214.23,                                !- Specific Heat {J/kg-K}
  0.9,                                    !- Thermal Absorptance
  0.7,                                    !- Solar Absorptance
  0.7;                                    !- Visible Absorptance

OS:Construction,
  {8f3cf335-6e59-4fc9-9064-960598003026}, !- Handle
  Door,                                   !- Name
  ,                                       !- Surface Rendering Name
  {112a6083-8772-4a54-bbc1-053b0e8591fa}; !- Layer 1

OS:Material,
  {30adabe3-bd6d-42f8-9519-9743dc5219ce}, !- Handle
  wood siding 1,                          !- Name
  Rough,                                  !- Roughness
  0.0254,                                 !- Thickness {m}
  0.1024175,                              !- Conductivity {W/m-K}
  544.68,                                 !- Density {kg/m3}
  1172.36;                                !- Specific Heat {J/kg-K}

OS:Construction,
  {981e530b-6d93-4ae2-8a6d-30ed931dc6d4}, !- Handle
  AdiabaticWallConstruction 1,            !- Name
  ,                                       !- Surface Rendering Name
  {30adabe3-bd6d-42f8-9519-9743dc5219ce}, !- Layer 1
  {c1b4b75e-5eb9-4861-957e-27004b533098}, !- Layer 2
  {12d02180-cd83-46ff-b37c-6f453fb63965}, !- Layer 3
  {0354df0c-c8ae-434c-a58e-f2ace6041293}; !- Layer 4

OS:InternalMass:Definition,
  {e0645d44-9076-4f6d-9f4d-a197baa63c5d}, !- Handle
  partition wall mass,                    !- Name
  {98ff9203-2bbf-49c4-afdf-e764996f56bc}, !- Construction Name
  SurfaceArea,                            !- Design Level Calculation Method
  81.84757824,                            !- Surface Area {m2}
  ,                                       !- Surface Area per Space Floor Area {dimensionless}
  ;                                       !- Surface Area per Person {m2/person}

OS:InternalMass,
  {d025f54a-d465-4ad1-89c7-47d6a3216369}, !- Handle
  partition wall mass,                    !- Name
  {e0645d44-9076-4f6d-9f4d-a197baa63c5d}, !- Internal Mass Definition Name
  {cc3ee1d5-cc45-4d77-8cf6-4c04500a8188}, !- Space or SpaceType Name
  1;                                      !- Multiplier

OS:Material,
  {01380a1a-8e23-4514-a17b-3c6cb50e5101}, !- Handle
  wall stud and cavity 2,                 !- Name
  Rough,                                  !- Roughness
  0.0889,                                 !- Thickness {m}
  0.391763531157105,                      !- Conductivity {W/m-K}
  83.034082224,                           !- Density {kg/m3}
  1211.67419087611,                       !- Specific Heat {J/kg-K}
  0.9,                                    !- Thermal Absorptance
  0.7,                                    !- Solar Absorptance
  0.7;                                    !- Visible Absorptance

OS:Construction,
  {98ff9203-2bbf-49c4-afdf-e764996f56bc}, !- Handle
  PartitionWallConstruction,              !- Name
  ,                                       !- Surface Rendering Name
  {0354df0c-c8ae-434c-a58e-f2ace6041293}, !- Layer 1
  {01380a1a-8e23-4514-a17b-3c6cb50e5101}, !- Layer 2
  {0354df0c-c8ae-434c-a58e-f2ace6041293}; !- Layer 3

OS:InternalMass:Definition,
  {b8d48e95-3541-41b5-84b3-9224c14d2f67}, !- Handle
  furniture mass conditioned space 1,     !- Name
  {ddf32bf3-8b09-4581-880e-f6362dee8eea}, !- Construction Name
  SurfaceArea,                            !- Design Level Calculation Method
  32.739031296,                           !- Surface Area {m2}
  ,                                       !- Surface Area per Space Floor Area {dimensionless}
  ;                                       !- Surface Area per Person {m2/person}

OS:InternalMass,
  {1891659c-5465-4069-9b34-0e562f5a2e62}, !- Handle
  furniture mass conditioned space 1,     !- Name
  {b8d48e95-3541-41b5-84b3-9224c14d2f67}, !- Internal Mass Definition Name
  {cc3ee1d5-cc45-4d77-8cf6-4c04500a8188}, !- Space or SpaceType Name
  1;                                      !- Multiplier

OS:Material,
  {46b299fb-f81e-45d5-9b63-a4263029dffb}, !- Handle
  furniture material conditioned space 1, !- Name
  Rough,                                  !- Roughness
  0.1524,                                 !- Thickness {m}
  0.1154577,                              !- Conductivity {W/m-K}
  640.8,                                  !- Density {kg/m3}
  1214.23,                                !- Specific Heat {J/kg-K}
  0.9,                                    !- Thermal Absorptance
  0.6,                                    !- Solar Absorptance
  0.6;                                    !- Visible Absorptance

OS:Construction,
  {ddf32bf3-8b09-4581-880e-f6362dee8eea}, !- Handle
  furniture construction conditioned space 1, !- Name
  ,                                       !- Surface Rendering Name
  {46b299fb-f81e-45d5-9b63-a4263029dffb}; !- Layer 1

OS:ShadingSurface,
  {3012176a-3537-49e4-99ef-d8cbe9109b2a}, !- Handle
  Neighbor azimuth 225 distance 15.0,     !- Name
  ,                                       !- Construction Name
  {907afce9-655b-4e52-a9eb-a9d2fcb12173}, !- Shading Surface Group Name
  ,                                       !- Transmittance Schedule Name
  ,                                       !- Number of Vertices
  -3.23289177666857, -15.1822009526129, 0, !- X,Y,Z Vertex 1 {m}
  -3.23289177666857, -15.1822009526129, 3.048, !- X,Y,Z Vertex 2 {m}
  -15.1822007368315, -3.23289279001402, 3.048, !- X,Y,Z Vertex 3 {m}
  -15.1822007368315, -3.23289279001402, 0; !- X,Y,Z Vertex 4 {m}

OS:AdditionalProperties,
  {729bf357-ef9b-4910-92d1-34b37d9c023c}, !- Handle
  {3012176a-3537-49e4-99ef-d8cbe9109b2a}, !- Object Name
  Azimuth,                                !- Feature Name 1
  Integer,                                !- Feature Data Type 1
  225,                                    !- Feature Value 1
  Distance,                               !- Feature Name 2
  Double,                                 !- Feature Data Type 2
  15;                                     !- Feature Value 2

OS:ShadingSurface,
  {a7da31e2-a4c7-42b5-a34c-750b66162123}, !- Handle
  Neighbor azimuth 45 distance 15.0,      !- Name
  ,                                       !- Construction Name
  {907afce9-655b-4e52-a9eb-a9d2fcb12173}, !- Shading Surface Group Name
  ,                                       !- Transmittance Schedule Name
  ,                                       !- Number of Vertices
  3.23289218200676, 15.1822008663003, 0,  !- X,Y,Z Vertex 1 {m}
  3.23289218200676, 15.1822008663003, 3.048, !- X,Y,Z Vertex 2 {m}
  15.182200823144, 3.23289238467584, 3.048, !- X,Y,Z Vertex 3 {m}
  15.182200823144, 3.23289238467584, 0;   !- X,Y,Z Vertex 4 {m}

OS:AdditionalProperties,
  {25546450-63b5-4f58-b6b8-5f3514478ddd}, !- Handle
  {a7da31e2-a4c7-42b5-a34c-750b66162123}, !- Object Name
  Azimuth,                                !- Feature Name 1
  Integer,                                !- Feature Data Type 1
  45,                                     !- Feature Value 1
  Distance,                               !- Feature Name 2
  Double,                                 !- Feature Data Type 2
  15;                                     !- Feature Value 2

OS:ShadingSurfaceGroup,
  {907afce9-655b-4e52-a9eb-a9d2fcb12173}, !- Handle
  neighbors,                              !- Name
  Building;                               !- Shading Surface Type

OS:Schedule:File,
  {186e337b-4acb-4279-bc0c-39b32477f6f6}, !- Handle
  occupants,                              !- Name
  {34f36b98-b76c-48c1-8280-8f0a08c409a4}, !- Schedule Type Limits Name
  {06ab4d4d-9b87-4397-954c-d839a04fcb97}, !- External File Name
  1,                                      !- Column Number
  1,                                      !- Rows to Skip at Top
  8760,                                   !- Number of Hours of Data
  ,                                       !- Column Separator
  ,                                       !- Interpolate to Timestep
  15,                                     !- Minutes per Item
  ,                                       !- Adjust Schedule for Daylight Savings
  Yes;                                    !- Translate File With Relative Path

OS:External:File,
  {06ab4d4d-9b87-4397-954c-d839a04fcb97}, !- Handle
  External File 1,                        !- Name
  in.schedules.csv;                       !- File Name

OS:Schedule:Constant,
  {bcde8e0f-0f9b-418d-a754-752afff27109}, !- Handle
  occupants activity schedule,            !- Name
  {0db410e2-1bf0-4dd5-8b2c-fa8cb760815f}, !- Schedule Type Limits Name
  117.228428068889;                       !- Value

OS:People:Definition,
  {33554989-0441-463b-85c5-27e5aeff1774}, !- Handle
  occupants,                              !- Name
  People,                                 !- Number of People Calculation Method
  3,                                      !- Number of People {people}
  ,                                       !- People per Space Floor Area {person/m2}
  ,                                       !- Space Floor Area per Person {m2/person}
  0.314170909090909,                      !- Fraction Radiant
  0.563030303030303,                      !- Sensible Heat Fraction
  0,                                      !- Carbon Dioxide Generation Rate {m3/s-W}
  No,                                     !- Enable ASHRAE 55 Comfort Warnings
  ZoneAveraged;                           !- Mean Radiant Temperature Calculation Type

OS:People,
  {b537338b-95e9-4c1f-b5f5-0fa93049f8e5}, !- Handle
  occupants,                              !- Name
  {33554989-0441-463b-85c5-27e5aeff1774}, !- People Definition Name
  {cc3ee1d5-cc45-4d77-8cf6-4c04500a8188}, !- Space or SpaceType Name
  {186e337b-4acb-4279-bc0c-39b32477f6f6}, !- Number of People Schedule Name
  {bcde8e0f-0f9b-418d-a754-752afff27109}, !- Activity Level Schedule Name
  ,                                       !- Surface Name/Angle Factor List Name
  ,                                       !- Work Efficiency Schedule Name
  ,                                       !- Clothing Insulation Schedule Name
  ,                                       !- Air Velocity Schedule Name
  1;                                      !- Multiplier

OS:ScheduleTypeLimits,
  {0db410e2-1bf0-4dd5-8b2c-fa8cb760815f}, !- Handle
  ActivityLevel,                          !- Name
  0,                                      !- Lower Limit Value
  ,                                       !- Upper Limit Value
  Continuous,                             !- Numeric Type
  ActivityLevel;                          !- Unit Type

OS:Curve:Biquadratic,
  {1ab38e10-951f-49f1-b06f-3887ad1fc796}, !- Handle
  Cool-CAP-fT1,                           !- Name
  1.557359706,                            !- Coefficient1 Constant
  -0.0744481692,                          !- Coefficient2 x
  0.00309859668,                          !- Coefficient3 x**2
  0.0014595786,                           !- Coefficient4 y
  -4.1148e-05,                            !- Coefficient5 y**2
  -0.00042671448,                         !- Coefficient6 x*y
  -100,                                   !- Minimum Value of x
  100,                                    !- Maximum Value of x
  -100,                                   !- Minimum Value of y
  100;                                    !- Maximum Value of y

OS:Curve:Biquadratic,
  {064157fe-3a2c-41c0-971b-4844438b3ad8}, !- Handle
  Cool-EIR-fT1,                           !- Name
  -0.350447695,                           !- Coefficient1 Constant
  0.116809893,                            !- Coefficient2 x
  -0.00339950844,                         !- Coefficient3 x**2
  -0.001226088,                           !- Coefficient4 y
  0.0006008094,                           !- Coefficient5 y**2
  -0.000466884,                           !- Coefficient6 x*y
  -100,                                   !- Minimum Value of x
  100,                                    !- Maximum Value of x
  -100,                                   !- Minimum Value of y
  100;                                    !- Maximum Value of y

OS:Curve:Quadratic,
  {40df03de-3f71-4fbc-8138-e8ec882393b6}, !- Handle
  Cool-CAP-fFF1,                          !- Name
  0.718664047,                            !- Coefficient1 Constant
  0.41797409,                             !- Coefficient2 x
  -0.136638137,                           !- Coefficient3 x**2
  0,                                      !- Minimum Value of x
  2,                                      !- Maximum Value of x
  0,                                      !- Minimum Curve Output
  2;                                      !- Maximum Curve Output

OS:Curve:Quadratic,
  {cb237923-61aa-4e89-85ed-c7658df34b44}, !- Handle
  Cool-EIR-fFF1,                          !- Name
  1.143487507,                            !- Coefficient1 Constant
  -0.13943972,                            !- Coefficient2 x
  -0.004047787,                           !- Coefficient3 x**2
  0,                                      !- Minimum Value of x
  2,                                      !- Maximum Value of x
  0,                                      !- Minimum Curve Output
  2;                                      !- Maximum Curve Output

OS:Curve:Quadratic,
  {69d54df4-1ba1-478c-add0-9c2ed6c4e8b0}, !- Handle
  Cool-PLF-fPLR1,                         !- Name
  0.93,                                   !- Coefficient1 Constant
  0.07,                                   !- Coefficient2 x
  0,                                      !- Coefficient3 x**2
  0,                                      !- Minimum Value of x
  1,                                      !- Maximum Value of x
  0.7,                                    !- Minimum Curve Output
  1;                                      !- Maximum Curve Output

OS:Schedule:Constant,
  {3b93193b-da2c-473c-a293-602bc2c423e9}, !- Handle
  Always On Discrete,                     !- Name
  {8ae072ab-136c-46cc-8689-3104606a0f99}, !- Schedule Type Limits Name
  1;                                      !- Value

OS:ScheduleTypeLimits,
  {8ae072ab-136c-46cc-8689-3104606a0f99}, !- Handle
  OnOff,                                  !- Name
  0,                                      !- Lower Limit Value
  1,                                      !- Upper Limit Value
  Discrete,                               !- Numeric Type
  Availability;                           !- Unit Type

OS:Coil:Cooling:DX:SingleSpeed,
  {ceec9618-b0bb-4a11-b38e-425052b3cff3}, !- Handle
  central ac and furnace clg coil,        !- Name
  {3b93193b-da2c-473c-a293-602bc2c423e9}, !- Availability Schedule Name
  5355.61674338142,                       !- Rated Total Cooling Capacity {W}
  0.730031800184905,                      !- Rated Sensible Heat Ratio
  3.7702,                                 !- Rated COP {W/W}
  0.275589745098117,                      !- Rated Air Flow Rate {m3/s}
  773.3,                                  !- Rated Evaporator Fan Power Per Volume Flow Rate 2017 {W/(m3/s)}
  934.4,                                  !- Rated Evaporator Fan Power Per Volume Flow Rate 2023 {W/(m3/s)}
  ,                                       !- Air Inlet Node Name
  ,                                       !- Air Outlet Node Name
  {1ab38e10-951f-49f1-b06f-3887ad1fc796}, !- Total Cooling Capacity Function of Temperature Curve Name
  {40df03de-3f71-4fbc-8138-e8ec882393b6}, !- Total Cooling Capacity Function of Flow Fraction Curve Name
  {064157fe-3a2c-41c0-971b-4844438b3ad8}, !- Energy Input Ratio Function of Temperature Curve Name
  {cb237923-61aa-4e89-85ed-c7658df34b44}, !- Energy Input Ratio Function of Flow Fraction Curve Name
  {69d54df4-1ba1-478c-add0-9c2ed6c4e8b0}, !- Part Load Fraction Correlation Curve Name
  -25,                                    !- Minimum Outdoor Dry-Bulb Temperature for Compressor Operation {C}
  1000,                                   !- Nominal Time for Condensate Removal to Begin {s}
  1.5,                                    !- Ratio of Initial Moisture Evaporation Rate and Steady State Latent Capacity {dimensionless}
  3,                                      !- Maximum Cycling Rate {cycles/hr}
  45,                                     !- Latent Capacity Time Constant {s}
  ,                                       !- Condenser Air Inlet Node Name
  AirCooled,                              !- Condenser Type
  0.9,                                    !- Evaporative Condenser Effectiveness {dimensionless}
  autosize,                               !- Evaporative Condenser Air Flow Rate {m3/s}
  autosize,                               !- Evaporative Condenser Pump Rated Power Consumption {W}
  50,                                     !- Crankcase Heater Capacity {W}
  ,                                       !- Crankcase Heater Capacity Function of Temperature Curve Name
  10,                                     !- Maximum Outdoor Dry-Bulb Temperature for Crankcase Heater Operation {C}
  ,                                       !- Supply Water Storage Tank Name
  ,                                       !- Condensate Collection Water Storage Tank Name
  0,                                      !- Basin Heater Capacity {W/K}
  2;                                      !- Basin Heater Setpoint Temperature {C}

OS:AdditionalProperties,
  {062ef76d-14ba-4fde-9056-3a80834863ef}, !- Handle
  {ceec9618-b0bb-4a11-b38e-425052b3cff3}, !- Object Name
  HPXML_ID,                               !- Feature Name 1
  String,                                 !- Feature Data Type 1
  CoolingSystem1;                         !- Feature Value 1

OS:Coil:Heating:Electric,
  {d1cfa991-a136-4c9a-a80e-6f0ebaeace29}, !- Handle
  central ac and furnace htg coil,        !- Name
  {3b93193b-da2c-473c-a293-602bc2c423e9}, !- Availability Schedule Name
  1,                                      !- Efficiency
  13531.0913098515,                       !- Nominal Capacity {W}
  ,                                       !- Air Inlet Node Name
  ;                                       !- Air Outlet Node Name

OS:AdditionalProperties,
  {7101422f-bd05-4f46-980f-6ea084b072ee}, !- Handle
  {d1cfa991-a136-4c9a-a80e-6f0ebaeace29}, !- Object Name
  HPXML_ID,                               !- Feature Name 1
  String,                                 !- Feature Data Type 1
  HeatingSystem1,                         !- Feature Value 1
  IsHeatPumpBackup,                       !- Feature Name 2
  Boolean,                                !- Feature Data Type 2
  false;                                  !- Feature Value 2

OS:Fan:SystemModel,
  {3168dde5-e816-430d-80c1-2e7ab22013b7}, !- Handle
  central ac and furnace supply fan,      !- Name
  {3b93193b-da2c-473c-a293-602bc2c423e9}, !- Availability Schedule Name
  ,                                       !- Air Inlet Node Name
  ,                                       !- Air Outlet Node Name
  0.500264289792,                         !- Design Maximum Air Flow Rate {m3/s}
  Discrete,                               !- Speed Control Method
  0.2,                                    !- Electric Power Minimum Flow Rate Fraction
  595.93500092512,                        !- Design Pressure Rise {Pa}
  1,                                      !- Motor Efficiency
  1,                                      !- Motor In Air Stream Fraction
  autosize,                               !- Design Electric Power Consumption {W}
  TotalEfficiencyAndPressure,             !- Design Power Sizing Method
  840,                                    !- Electric Power Per Unit Flow Rate {W/(m3/s)}
  1.66667,                                !- Electric Power Per Unit Flow Rate Per Unit Pressure {W-s/m3-Pa}
  0.75,                                   !- Fan Total Efficiency
  ,                                       !- Electric Power Function of Flow Fraction Curve Name
  ,                                       !- Night Ventilation Mode Pressure Rise {Pa}
  ,                                       !- Night Ventilation Mode Flow Fraction
  ,                                       !- Motor Loss Zone Name
  0,                                      !- Motor Loss Radiative Fraction
  supply fan,                             !- End-Use Subcategory
  0.69717,                                !- Speed Flow Fraction 1
  0.33886,                                !- Speed Electric Power Fraction 1
  1,                                      !- Speed Flow Fraction 2
  1;                                      !- Speed Electric Power Fraction 2

OS:EnergyManagementSystem:Sensor,
  {09092a32-4a84-45fe-a7a8-cf18e5db800e}, !- Handle
  central_ac_and_furnace_supply_fan_s,    !- Name
  central ac and furnace supply fan,      !- Output Variable or Output Meter Index Key Name
  Fan Electricity Energy;                 !- Output Variable or Output Meter Name

OS:EnergyManagementSystem:Sensor,
  {30e4f854-6f6a-4afa-830c-def07890ee43}, !- Handle
  central_ac_and_furnace_clg_coil_s,      !- Name
  central ac and furnace clg coil,        !- Output Variable or Output Meter Index Key Name
  Cooling Coil Total Cooling Energy;      !- Output Variable or Output Meter Name

OS:EnergyManagementSystem:Program,
  {111eaf16-8cd0-4d6c-b5fd-a5552267e20a}, !- Handle
  central_ac_and_furnace_supply_fan_disaggregate_program, !- Name
  Set central_ac_and_furnace_supply_fan_clg = 0, !- Program Line 1
  If central_ac_and_furnace_clg_coil_s > 0, !- Program Line 2
  Set central_ac_and_furnace_supply_fan_clg = central_ac_and_furnace_supply_fan_s, !- Program Line 3
  EndIf;                                  !- Program Line 4

OS:EnergyManagementSystem:ProgramCallingManager,
  {fdd62f2a-6d23-46ef-b40d-cfbb173c5a3c}, !- Handle
  central ac and furnace supply fan disaggregate program calling manager, !- Name
  EndOfSystemTimestepBeforeHVACReporting, !- EnergyPlus Model Calling Point
  {111eaf16-8cd0-4d6c-b5fd-a5552267e20a}; !- Program Name 1

OS:EnergyManagementSystem:OutputVariable,
  {dbdfc89d-6397-440b-8a3f-b686ecc33b05}, !- Handle
  central ac and furnace supply fan disaggregate clg, !- Name
  central_ac_and_furnace_supply_fan_clg,  !- EMS Variable Name
  Summed,                                 !- Type of Data in Variable
  SystemTimestep,                         !- Update Frequency
  {111eaf16-8cd0-4d6c-b5fd-a5552267e20a}, !- EMS Program or Subroutine Name
  J;                                      !- Units

OS:AdditionalProperties,
  {2073d052-205e-454f-94de-7f28a001474b}, !- Handle
  {dbdfc89d-6397-440b-8a3f-b686ecc33b05}, !- Object Name
  HPXML_ID,                               !- Feature Name 1
  String,                                 !- Feature Data Type 1
  CoolingSystem1,                         !- Feature Value 1
  ObjectType,                             !- Feature Name 2
  String,                                 !- Feature Data Type 2
  disaggregate clg;                       !- Feature Value 2

OS:EnergyManagementSystem:Sensor,
  {18b9e908-721d-4a3a-9992-f25ffd473483}, !- Handle
  central_ac_and_furnace_supply_fan_s_1,  !- Name
  central ac and furnace supply fan,      !- Output Variable or Output Meter Index Key Name
  Fan Electricity Energy;                 !- Output Variable or Output Meter Name

OS:EnergyManagementSystem:Sensor,
  {ff1fb647-0e17-4200-8c79-fb76cfc14e42}, !- Handle
  central_ac_and_furnace_htg_coil_s,      !- Name
  central ac and furnace htg coil,        !- Output Variable or Output Meter Index Key Name
  Heating Coil Heating Energy;            !- Output Variable or Output Meter Name

OS:EnergyManagementSystem:Program,
  {a6a2464a-b43a-4e34-80f0-3b776fe1d385}, !- Handle
  central_ac_and_furnace_supply_fan_disaggregate_program_1, !- Name
  Set central_ac_and_furnace_supply_fan_primary_htg = 0, !- Program Line 1
  If central_ac_and_furnace_htg_coil_s > 0, !- Program Line 2
  Set central_ac_and_furnace_supply_fan_primary_htg = central_ac_and_furnace_supply_fan_s_1, !- Program Line 3
  EndIf;                                  !- Program Line 4

OS:EnergyManagementSystem:ProgramCallingManager,
  {ff5b21dc-83ca-4974-91b6-247c7fa4c396}, !- Handle
  central ac and furnace supply fan disaggregate program calling manager 1, !- Name
  EndOfSystemTimestepBeforeHVACReporting, !- EnergyPlus Model Calling Point
  {a6a2464a-b43a-4e34-80f0-3b776fe1d385}; !- Program Name 1

OS:EnergyManagementSystem:OutputVariable,
  {057c667f-ae62-4438-abc9-c9304b6f23ca}, !- Handle
  central ac and furnace supply fan disaggregate htg primary, !- Name
  central_ac_and_furnace_supply_fan_primary_htg, !- EMS Variable Name
  Summed,                                 !- Type of Data in Variable
  SystemTimestep,                         !- Update Frequency
  {a6a2464a-b43a-4e34-80f0-3b776fe1d385}, !- EMS Program or Subroutine Name
  J;                                      !- Units

OS:AdditionalProperties,
  {fa4f4d97-9dbe-4ddd-b78e-dfec57176620}, !- Handle
  {057c667f-ae62-4438-abc9-c9304b6f23ca}, !- Object Name
  HPXML_ID,                               !- Feature Name 1
  String,                                 !- Feature Data Type 1
  HeatingSystem1,                         !- Feature Value 1
  ObjectType,                             !- Feature Name 2
  String,                                 !- Feature Data Type 2
  disaggregate htg primary;               !- Feature Value 2

OS:Schedule:Constant,
  {b43cd73b-f368-44ee-85f9-28e0431304ff}, !- Handle
  central ac and furnace auto fan schedule, !- Name
  {8ae072ab-136c-46cc-8689-3104606a0f99}, !- Schedule Type Limits Name
  0;                                      !- Value

OS:AirLoopHVAC:UnitarySystem,
  {a66bf146-11a4-4cb9-b6e4-85bbf21c35f6}, !- Handle
  central ac and furnace unitary system,  !- Name
  Load,                                   !- Control Type
  {c61b2f00-897c-4919-a53b-553eefc60537}, !- Controlling Zone or Thermostat Location
  None,                                   !- Dehumidification Control Type
  {3b93193b-da2c-473c-a293-602bc2c423e9}, !- Availability Schedule Name
  {cd096c44-84da-4b23-8095-46be65686b41}, !- Air Inlet Node Name
  {a416530f-2961-4bcc-ba41-f51b8c5f8a81}, !- Air Outlet Node Name
  {3168dde5-e816-430d-80c1-2e7ab22013b7}, !- Supply Fan Name
  BlowThrough,                            !- Fan Placement
  {b43cd73b-f368-44ee-85f9-28e0431304ff}, !- Supply Air Fan Operating Mode Schedule Name
  {d1cfa991-a136-4c9a-a80e-6f0ebaeace29}, !- Heating Coil Name
  1,                                      !- DX Heating Coil Sizing Ratio
  {ceec9618-b0bb-4a11-b38e-425052b3cff3}, !- Cooling Coil Name
  No,                                     !- Use DOAS DX Cooling Coil
  2,                                      !- DOAS DX Cooling Coil Leaving Minimum Air Temperature {C}
  SensibleOnlyLoadControl,                !- Latent Load Control
  ,                                       !- Supplemental Heating Coil Name
  SupplyAirFlowRate,                      !- Supply Air Flow Rate Method During Cooling Operation
  0.3487691605248,                        !- Supply Air Flow Rate During Cooling Operation {m3/s}
  ,                                       !- Supply Air Flow Rate Per Floor Area During Cooling Operation {m3/s-m2}
  ,                                       !- Fraction of Autosized Design Cooling Supply Air Flow Rate
  ,                                       !- Design Supply Air Flow Rate Per Unit of Capacity During Cooling Operation {m3/s-W}
  SupplyAirFlowRate,                      !- Supply Air Flow Rate Method During Heating Operation
  0.500264289792,                         !- Supply Air Flow Rate During Heating Operation {m3/s}
  ,                                       !- Supply Air Flow Rate Per Floor Area during Heating Operation {m3/s-m2}
  ,                                       !- Fraction of Autosized Design Heating Supply Air Flow Rate
  ,                                       !- Design Supply Air Flow Rate Per Unit of Capacity During Heating Operation {m3/s-W}
  SupplyAirFlowRate,                      !- Supply Air Flow Rate Method When No Cooling or Heating is Required
  0,                                      !- Supply Air Flow Rate When No Cooling or Heating is Required {m3/s}
  ,                                       !- Supply Air Flow Rate Per Floor Area When No Cooling or Heating is Required {m3/s-m2}
  ,                                       !- Fraction of Autosized Design Cooling Supply Air Flow Rate When No Cooling or Heating is Required
  ,                                       !- Fraction of Autosized Design Heating Supply Air Flow Rate When No Cooling or Heating is Required
  ,                                       !- Design Supply Air Flow Rate Per Unit of Capacity During Cooling Operation When No Cooling or Heating is Required {m3/s-W}
  ,                                       !- Design Supply Air Flow Rate Per Unit of Capacity During Heating Operation When No Cooling or Heating is Required {m3/s-W}
  48.8888888888889,                       !- Maximum Supply Air Temperature {C}
  21,                                     !- Maximum Outdoor Dry-Bulb Temperature for Supplemental Heater Operation {C}
  ,                                       !- Outdoor Dry-Bulb Temperature Sensor Node Name
  0,                                      !- Ancilliary On-Cycle Electric Power {W}
  0;                                      !- Ancilliary Off-Cycle Electric Power {W}

OS:AirLoopHVAC,
  {9532ca39-58a7-49b6-a25e-ebd9023ed66f}, !- Handle
  central ac and furnace airloop,         !- Name
  ,                                       !- Controller List Name
  {3b93193b-da2c-473c-a293-602bc2c423e9}, !- Availability Schedule
  {66e54798-c3ba-4b09-b2fb-e9663f08c4a7}, !- Availability Manager List Name
  0.500264289792,                         !- Design Supply Air Flow Rate {m3/s}
  1,                                      !- Design Return Air Flow Fraction of Supply Air Flow
  ,                                       !- Branch List Name
  ,                                       !- Connector List Name
  {e87a6bcd-ec1f-4692-816a-190d86417a42}, !- Supply Side Inlet Node Name
  {9d359c81-6003-4e38-b5b3-3d3df928292a}, !- Demand Side Outlet Node Name
  {f760f6de-ff11-464d-bdb4-17a86ca88bde}, !- Demand Side Inlet Node A
  {7870aab0-eba3-489a-bd6d-86a694404392}, !- Supply Side Outlet Node A
  ,                                       !- Demand Side Inlet Node B
  ,                                       !- Supply Side Outlet Node B
  ,                                       !- Return Air Bypass Flow Temperature Setpoint Schedule Name
  {66126241-79fd-474f-ab77-b76448ce06e2}, !- Demand Mixer Name
  {ef0b394e-a84b-40be-9f8a-091e5bf831cf}, !- Demand Splitter A Name
  ,                                       !- Demand Splitter B Name
  ;                                       !- Supply Splitter Name

OS:Node,
  {cd39360f-5703-4ac5-a14f-63604eaee625}, !- Handle
  Node 2,                                 !- Name
  {e87a6bcd-ec1f-4692-816a-190d86417a42}, !- Inlet Port
  {cd096c44-84da-4b23-8095-46be65686b41}; !- Outlet Port

OS:Node,
  {aef67a2f-4144-454f-a08f-3887f87bd6b7}, !- Handle
  Node 3,                                 !- Name
  {a416530f-2961-4bcc-ba41-f51b8c5f8a81}, !- Inlet Port
  {7870aab0-eba3-489a-bd6d-86a694404392}; !- Outlet Port

OS:Connection,
  {e87a6bcd-ec1f-4692-816a-190d86417a42}, !- Handle
  {9532ca39-58a7-49b6-a25e-ebd9023ed66f}, !- Source Object
  9,                                      !- Outlet Port
  {cd39360f-5703-4ac5-a14f-63604eaee625}, !- Target Object
  2;                                      !- Inlet Port

OS:Connection,
  {7870aab0-eba3-489a-bd6d-86a694404392}, !- Handle
  {aef67a2f-4144-454f-a08f-3887f87bd6b7}, !- Source Object
  3,                                      !- Outlet Port
  {9532ca39-58a7-49b6-a25e-ebd9023ed66f}, !- Target Object
  12;                                     !- Inlet Port

OS:Node,
  {dd343184-3bdc-42cf-9e3e-cabb2ea834e9}, !- Handle
  Node 4,                                 !- Name
  {f760f6de-ff11-464d-bdb4-17a86ca88bde}, !- Inlet Port
  {10a628e0-808b-4621-87b2-e7a81226b4d2}; !- Outlet Port

OS:Node,
  {37c89d50-1c71-4583-ad9a-1b7427cf5119}, !- Handle
  Node 5,                                 !- Name
  {5815910a-a2ac-4f1e-a6a1-1be735ff7644}, !- Inlet Port
  {9d359c81-6003-4e38-b5b3-3d3df928292a}; !- Outlet Port

OS:Node,
  {2e437650-c9a9-467b-af16-a18425bac049}, !- Handle
  Node 6,                                 !- Name
  {5ee1ef1c-89ee-438c-837a-15c184974b91}, !- Inlet Port
  {d54d6af5-ee60-4e47-bf92-3cd60ab2f198}; !- Outlet Port

OS:Connection,
  {f760f6de-ff11-464d-bdb4-17a86ca88bde}, !- Handle
  {9532ca39-58a7-49b6-a25e-ebd9023ed66f}, !- Source Object
  11,                                     !- Outlet Port
  {dd343184-3bdc-42cf-9e3e-cabb2ea834e9}, !- Target Object
  2;                                      !- Inlet Port

OS:Connection,
  {9d359c81-6003-4e38-b5b3-3d3df928292a}, !- Handle
  {37c89d50-1c71-4583-ad9a-1b7427cf5119}, !- Source Object
  3,                                      !- Outlet Port
  {9532ca39-58a7-49b6-a25e-ebd9023ed66f}, !- Target Object
  10;                                     !- Inlet Port

OS:AirLoopHVAC:ZoneSplitter,
  {ef0b394e-a84b-40be-9f8a-091e5bf831cf}, !- Handle
  central ac and furnace zone splitter,   !- Name
  {10a628e0-808b-4621-87b2-e7a81226b4d2}, !- Inlet Node Name
  {7d29e3e9-2212-4011-bf77-75dd49b79a17}; !- Outlet Node Name 1

OS:AirLoopHVAC:ZoneMixer,
  {66126241-79fd-474f-ab77-b76448ce06e2}, !- Handle
  central ac and furnace zone mixer,      !- Name
  {5815910a-a2ac-4f1e-a6a1-1be735ff7644}, !- Outlet Node Name
  {daa4656f-ada4-4376-8d3f-c78adb03ac80}; !- Inlet Node Name 1

OS:Connection,
  {10a628e0-808b-4621-87b2-e7a81226b4d2}, !- Handle
  {dd343184-3bdc-42cf-9e3e-cabb2ea834e9}, !- Source Object
  3,                                      !- Outlet Port
  {ef0b394e-a84b-40be-9f8a-091e5bf831cf}, !- Target Object
  2;                                      !- Inlet Port

OS:Connection,
  {5815910a-a2ac-4f1e-a6a1-1be735ff7644}, !- Handle
  {66126241-79fd-474f-ab77-b76448ce06e2}, !- Source Object
  2,                                      !- Outlet Port
  {37c89d50-1c71-4583-ad9a-1b7427cf5119}, !- Target Object
  2;                                      !- Inlet Port

OS:Sizing:System,
  {6677eb05-61fd-4a76-bf54-aadb3e3ab635}, !- Handle
  {9532ca39-58a7-49b6-a25e-ebd9023ed66f}, !- AirLoop Name
  ,                                       !- Type of Load to Size On
  ,                                       !- Design Outdoor Air Flow Rate {m3/s}
  0.3,                                    !- Central Heating Maximum System Air Flow Ratio
  7,                                      !- Preheat Design Temperature {C}
  0.008,                                  !- Preheat Design Humidity Ratio {kg-H2O/kg-Air}
  12.8,                                   !- Precool Design Temperature {C}
  0.008,                                  !- Precool Design Humidity Ratio {kg-H2O/kg-Air}
  12.8,                                   !- Central Cooling Design Supply Air Temperature {C}
  16.7,                                   !- Central Heating Design Supply Air Temperature {C}
  ,                                       !- Sizing Option
  Yes,                                    !- 100% Outdoor Air in Cooling
  Yes,                                    !- 100% Outdoor Air in Heating
  0.0085,                                 !- Central Cooling Design Supply Air Humidity Ratio {kg-H2O/kg-Air}
  ,                                       !- Central Heating Design Supply Air Humidity Ratio {kg-H2O/kg-Air}
  ,                                       !- Cooling Design Air Flow Method
  ,                                       !- Cooling Design Air Flow Rate {m3/s}
  ,                                       !- Heating Design Air Flow Method
  ,                                       !- Heating Design Air Flow Rate {m3/s}
  ,                                       !- System Outdoor Air Method
  1,                                      !- Zone Maximum Outdoor Air Fraction {dimensionless}
  0.0099676501,                           !- Cooling Supply Air Flow Rate Per Floor Area {m3/s-m2}
  1,                                      !- Cooling Fraction of Autosized Cooling Supply Air Flow Rate
  3.9475456e-05,                          !- Cooling Supply Air Flow Rate Per Unit Cooling Capacity {m3/s-W}
  0.0099676501,                           !- Heating Supply Air Flow Rate Per Floor Area {m3/s-m2}
  1,                                      !- Heating Fraction of Autosized Heating Supply Air Flow Rate
  1,                                      !- Heating Fraction of Autosized Cooling Supply Air Flow Rate
  3.1588213e-05,                          !- Heating Supply Air Flow Rate Per Unit Heating Capacity {m3/s-W}
  CoolingDesignCapacity,                  !- Cooling Design Capacity Method
  autosize,                               !- Cooling Design Capacity {W}
  234.7,                                  !- Cooling Design Capacity Per Floor Area {W/m2}
  1,                                      !- Fraction of Autosized Cooling Design Capacity
  HeatingDesignCapacity,                  !- Heating Design Capacity Method
  autosize,                               !- Heating Design Capacity {W}
  157,                                    !- Heating Design Capacity Per Floor Area {W/m2}
  1,                                      !- Fraction of Autosized Heating Design Capacity
  OnOff,                                  !- Central Cooling Capacity Control Method
  autosize;                               !- Occupant Diversity

OS:AvailabilityManagerAssignmentList,
  {66e54798-c3ba-4b09-b2fb-e9663f08c4a7}, !- Handle
  Air Loop HVAC 1 AvailabilityManagerAssignmentList; !- Name

OS:Connection,
  {cd096c44-84da-4b23-8095-46be65686b41}, !- Handle
  {cd39360f-5703-4ac5-a14f-63604eaee625}, !- Source Object
  3,                                      !- Outlet Port
  {a66bf146-11a4-4cb9-b6e4-85bbf21c35f6}, !- Target Object
  6;                                      !- Inlet Port

OS:Connection,
  {a416530f-2961-4bcc-ba41-f51b8c5f8a81}, !- Handle
  {a66bf146-11a4-4cb9-b6e4-85bbf21c35f6}, !- Source Object
  7,                                      !- Outlet Port
  {aef67a2f-4144-454f-a08f-3887f87bd6b7}, !- Target Object
  2;                                      !- Inlet Port

OS:AirTerminal:SingleDuct:ConstantVolume:NoReheat,
  {a2d12942-61cf-44e3-bda7-b124e21fe2a1}, !- Handle
  central ac and furnace terminal,        !- Name
  {3b93193b-da2c-473c-a293-602bc2c423e9}, !- Availability Schedule Name
  {00b8876f-b78f-4333-bebd-d91c3200924e}, !- Air Inlet Node Name
  {5ee1ef1c-89ee-438c-837a-15c184974b91}, !- Air Outlet Node Name
  0.500264289792;                         !- Maximum Air Flow Rate {m3/s}

OS:Node,
  {356308eb-cd92-4047-a4a5-1c2dd112d27b}, !- Handle
  Node 7,                                 !- Name
  {cc4334c2-2818-4f7f-82a9-37206cea999e}, !- Inlet Port
  {daa4656f-ada4-4376-8d3f-c78adb03ac80}; !- Outlet Port

OS:Connection,
  {d54d6af5-ee60-4e47-bf92-3cd60ab2f198}, !- Handle
  {2e437650-c9a9-467b-af16-a18425bac049}, !- Source Object
  3,                                      !- Outlet Port
  {f8f9c96d-c67e-48ff-9de0-6b31d7cafefa}, !- Target Object
  2;                                      !- Inlet Port

OS:Connection,
  {cc4334c2-2818-4f7f-82a9-37206cea999e}, !- Handle
  {267d0083-474a-436e-94da-dc9d76e1fd5c}, !- Source Object
  2,                                      !- Outlet Port
  {356308eb-cd92-4047-a4a5-1c2dd112d27b}, !- Target Object
  2;                                      !- Inlet Port

OS:Connection,
  {daa4656f-ada4-4376-8d3f-c78adb03ac80}, !- Handle
  {356308eb-cd92-4047-a4a5-1c2dd112d27b}, !- Source Object
  3,                                      !- Outlet Port
  {66126241-79fd-474f-ab77-b76448ce06e2}, !- Target Object
  3;                                      !- Inlet Port

OS:Node,
  {30e3df09-7993-4e1c-98a9-135caeb502c1}, !- Handle
  Node 8,                                 !- Name
  {7d29e3e9-2212-4011-bf77-75dd49b79a17}, !- Inlet Port
  {00b8876f-b78f-4333-bebd-d91c3200924e}; !- Outlet Port

OS:Connection,
  {7d29e3e9-2212-4011-bf77-75dd49b79a17}, !- Handle
  {ef0b394e-a84b-40be-9f8a-091e5bf831cf}, !- Source Object
  3,                                      !- Outlet Port
  {30e3df09-7993-4e1c-98a9-135caeb502c1}, !- Target Object
  2;                                      !- Inlet Port

OS:Connection,
  {00b8876f-b78f-4333-bebd-d91c3200924e}, !- Handle
  {30e3df09-7993-4e1c-98a9-135caeb502c1}, !- Source Object
  3,                                      !- Outlet Port
  {a2d12942-61cf-44e3-bda7-b124e21fe2a1}, !- Target Object
  3;                                      !- Inlet Port

OS:Connection,
  {5ee1ef1c-89ee-438c-837a-15c184974b91}, !- Handle
  {a2d12942-61cf-44e3-bda7-b124e21fe2a1}, !- Source Object
  4,                                      !- Outlet Port
  {2e437650-c9a9-467b-af16-a18425bac049}, !- Target Object
  2;                                      !- Inlet Port

OS:Schedule:Constant,
  {a614e8ec-c4d0-4792-a6f5-97346f152899}, !- Handle
  Sequential Fraction Schedule,           !- Name
  {34f36b98-b76c-48c1-8280-8f0a08c409a4}, !- Schedule Type Limits Name
  1;                                      !- Value

OS:Schedule:Constant,
  {f4f97fb1-6e42-48ac-af94-334330457523}, !- Handle
  Sequential Fraction Schedule 1,         !- Name
  {34f36b98-b76c-48c1-8280-8f0a08c409a4}, !- Schedule Type Limits Name
  1;                                      !- Value

OS:Schedule:File,
  {8b35a21e-3cf2-4193-9773-caf58b8e6ea3}, !- Handle
  ceiling_fan,                            !- Name
  {34f36b98-b76c-48c1-8280-8f0a08c409a4}, !- Schedule Type Limits Name
  {06ab4d4d-9b87-4397-954c-d839a04fcb97}, !- External File Name
  8,                                      !- Column Number
  1,                                      !- Rows to Skip at Top
  8760,                                   !- Number of Hours of Data
  ,                                       !- Column Separator
  ,                                       !- Interpolate to Timestep
  15,                                     !- Minutes per Item
  ,                                       !- Adjust Schedule for Daylight Savings
  Yes;                                    !- Translate File With Relative Path

OS:ElectricEquipment:Definition,
  {b9537369-0a7e-429f-8721-d5c8785ec84a}, !- Handle
  ceiling fan,                            !- Name
  EquipmentLevel,                         !- Design Level Calculation Method
  12.5353214449306,                       !- Design Level {W}
  ,                                       !- Watts per Space Floor Area {W/m2}
  ,                                       !- Watts per Person {W/person}
  0,                                      !- Fraction Latent
  0.558,                                  !- Fraction Radiant
  0;                                      !- Fraction Lost

OS:ElectricEquipment,
  {eb3d5002-f029-4a97-9884-effe88ed279f}, !- Handle
  ceiling fan,                            !- Name
  {b9537369-0a7e-429f-8721-d5c8785ec84a}, !- Electric Equipment Definition Name
  {cc3ee1d5-cc45-4d77-8cf6-4c04500a8188}, !- Space or SpaceType Name
  {8b35a21e-3cf2-4193-9773-caf58b8e6ea3}, !- Schedule Name
  ,                                       !- Multiplier
  ceiling fan;                            !- End-Use Subcategory

OS:PlantLoop,
  {b4282255-6242-4fc3-b7a6-30b2b60f718e}, !- Handle
  dhw loop,                               !- Name
  ,                                       !- Fluid Type
  0,                                      !- Glycol Concentration
  ,                                       !- User Defined Fluid Type
  ,                                       !- Plant Equipment Operation Heating Load
  ,                                       !- Plant Equipment Operation Cooling Load
  ,                                       !- Primary Plant Equipment Operation Scheme
  {ffe1e77d-a942-4a59-9bf0-fdc443430564}, !- Loop Temperature Setpoint Node Name
  ,                                       !- Maximum Loop Temperature {C}
  ,                                       !- Minimum Loop Temperature {C}
  0.01,                                   !- Maximum Loop Flow Rate {m3/s}
  ,                                       !- Minimum Loop Flow Rate {m3/s}
  0.003,                                  !- Plant Loop Volume {m3}
  {57375f96-0a92-441a-895d-1344854ebdc7}, !- Plant Side Inlet Node Name
  {ffd6d882-9164-4e84-b568-537c8bf31373}, !- Plant Side Outlet Node Name
  ,                                       !- Plant Side Branch List Name
  {97e9e952-27a4-4e94-a360-adae5b366155}, !- Demand Side Inlet Node Name
  {4de48755-03d1-47b2-a717-8253a31a9d27}, !- Demand Side Outlet Node Name
  ,                                       !- Demand Side Branch List Name
  ,                                       !- Demand Side Connector List Name
  Optimal,                                !- Load Distribution Scheme
  {535d6d99-68cd-45b6-9f5d-a4003e54bd60}, !- Availability Manager List Name
  ,                                       !- Plant Loop Demand Calculation Scheme
  ,                                       !- Common Pipe Simulation
  ,                                       !- Pressure Simulation Type
  ,                                       !- Plant Equipment Operation Heating Load Schedule
  ,                                       !- Plant Equipment Operation Cooling Load Schedule
  ,                                       !- Primary Plant Equipment Operation Scheme Schedule
  ,                                       !- Component Setpoint Operation Scheme Schedule
  {2b087d72-4233-471f-9360-39978263e5a4}, !- Demand Mixer Name
  {01d8def2-a604-4892-b315-6143de262739}, !- Demand Splitter Name
  {a0f1c4f3-6880-4d8b-a5c0-4948d4bbfb48}, !- Supply Mixer Name
  {d8963eb1-01bf-4c7e-8927-165c2b511ef8}; !- Supply Splitter Name

OS:Node,
  {e7364b8c-a608-40e2-81f4-31a6300a1e44}, !- Handle
  Node 9,                                 !- Name
  {57375f96-0a92-441a-895d-1344854ebdc7}, !- Inlet Port
  {fb09d5c0-fd2e-4989-9a54-29e91a10e2c2}; !- Outlet Port

OS:Node,
  {ffe1e77d-a942-4a59-9bf0-fdc443430564}, !- Handle
  Node 10,                                !- Name
  {dd961450-342a-46f7-8710-f31ba02c62eb}, !- Inlet Port
  {ffd6d882-9164-4e84-b568-537c8bf31373}; !- Outlet Port

OS:Node,
  {02a106d7-3902-481e-8639-c30d96215e3e}, !- Handle
  Node 11,                                !- Name
  {7ebf5fa1-16df-4beb-87fb-58bef687b663}, !- Inlet Port
  {beaeb8bd-2fd0-45b4-a3f2-f3d69e37ad3d}; !- Outlet Port

OS:Connector:Mixer,
  {a0f1c4f3-6880-4d8b-a5c0-4948d4bbfb48}, !- Handle
  Connector Mixer 1,                      !- Name
  {f48805dc-9653-40f5-b62a-472f39e6cb0d}, !- Outlet Branch Name
  {0a5de042-4e59-468c-a334-9f9b0c6b7059}, !- Inlet Branch Name 1
  {4cc7c858-bfc0-4573-8c80-f70e160a86fe}; !- Inlet Branch Name 2

OS:Connector:Splitter,
  {d8963eb1-01bf-4c7e-8927-165c2b511ef8}, !- Handle
  Connector Splitter 1,                   !- Name
  {22edc41a-f8e5-4544-a2e7-edd6e667a176}, !- Inlet Branch Name
  {7ebf5fa1-16df-4beb-87fb-58bef687b663}, !- Outlet Branch Name 1
  {62729a92-d884-47fe-acfd-52588fb6d10f}; !- Outlet Branch Name 2

OS:Connection,
  {57375f96-0a92-441a-895d-1344854ebdc7}, !- Handle
  {b4282255-6242-4fc3-b7a6-30b2b60f718e}, !- Source Object
  14,                                     !- Outlet Port
  {e7364b8c-a608-40e2-81f4-31a6300a1e44}, !- Target Object
  2;                                      !- Inlet Port

OS:Connection,
  {7ebf5fa1-16df-4beb-87fb-58bef687b663}, !- Handle
  {d8963eb1-01bf-4c7e-8927-165c2b511ef8}, !- Source Object
  3,                                      !- Outlet Port
  {02a106d7-3902-481e-8639-c30d96215e3e}, !- Target Object
  2;                                      !- Inlet Port

OS:Connection,
  {ffd6d882-9164-4e84-b568-537c8bf31373}, !- Handle
  {ffe1e77d-a942-4a59-9bf0-fdc443430564}, !- Source Object
  3,                                      !- Outlet Port
  {b4282255-6242-4fc3-b7a6-30b2b60f718e}, !- Target Object
  15;                                     !- Inlet Port

OS:Node,
  {f2e15898-2747-44df-95d8-24b1345a15af}, !- Handle
  Node 12,                                !- Name
  {97e9e952-27a4-4e94-a360-adae5b366155}, !- Inlet Port
  {41bde787-bf49-426f-9fda-74cea64fcbaa}; !- Outlet Port

OS:Node,
  {a3cc990c-5c59-44c4-8043-1923c3a886de}, !- Handle
  Node 13,                                !- Name
  {338818f1-9953-4422-a2f2-6ca39a54408c}, !- Inlet Port
  {4de48755-03d1-47b2-a717-8253a31a9d27}; !- Outlet Port

OS:Node,
  {3ef577bb-47cd-48fa-a8d8-4edae8d5f11d}, !- Handle
  Node 14,                                !- Name
  {e3961133-1c93-450e-9360-aa11aba38e8b}, !- Inlet Port
  {4bf27e31-be52-4ba5-945e-36cf3a19f579}; !- Outlet Port

OS:Connector:Mixer,
  {2b087d72-4233-471f-9360-39978263e5a4}, !- Handle
  Connector Mixer 2,                      !- Name
  {338818f1-9953-4422-a2f2-6ca39a54408c}, !- Outlet Branch Name
  {6309574b-3bd3-4c2a-adaf-2b6a9c4880ab}; !- Inlet Branch Name 1

OS:Connector:Splitter,
  {01d8def2-a604-4892-b315-6143de262739}, !- Handle
  Connector Splitter 2,                   !- Name
  {41bde787-bf49-426f-9fda-74cea64fcbaa}, !- Inlet Branch Name
  {e3961133-1c93-450e-9360-aa11aba38e8b}; !- Outlet Branch Name 1

OS:Connection,
  {97e9e952-27a4-4e94-a360-adae5b366155}, !- Handle
  {b4282255-6242-4fc3-b7a6-30b2b60f718e}, !- Source Object
  17,                                     !- Outlet Port
  {f2e15898-2747-44df-95d8-24b1345a15af}, !- Target Object
  2;                                      !- Inlet Port

OS:Connection,
  {41bde787-bf49-426f-9fda-74cea64fcbaa}, !- Handle
  {f2e15898-2747-44df-95d8-24b1345a15af}, !- Source Object
  3,                                      !- Outlet Port
  {01d8def2-a604-4892-b315-6143de262739}, !- Target Object
  2;                                      !- Inlet Port

OS:Connection,
  {e3961133-1c93-450e-9360-aa11aba38e8b}, !- Handle
  {01d8def2-a604-4892-b315-6143de262739}, !- Source Object
  3,                                      !- Outlet Port
  {3ef577bb-47cd-48fa-a8d8-4edae8d5f11d}, !- Target Object
  2;                                      !- Inlet Port

OS:Connection,
  {338818f1-9953-4422-a2f2-6ca39a54408c}, !- Handle
  {2b087d72-4233-471f-9360-39978263e5a4}, !- Source Object
  2,                                      !- Outlet Port
  {a3cc990c-5c59-44c4-8043-1923c3a886de}, !- Target Object
  2;                                      !- Inlet Port

OS:Connection,
  {4de48755-03d1-47b2-a717-8253a31a9d27}, !- Handle
  {a3cc990c-5c59-44c4-8043-1923c3a886de}, !- Source Object
  3,                                      !- Outlet Port
  {b4282255-6242-4fc3-b7a6-30b2b60f718e}, !- Target Object
  18;                                     !- Inlet Port

OS:Sizing:Plant,
  {0ba1cdd4-dc37-4af3-acce-fac09c3c709a}, !- Handle
  {b4282255-6242-4fc3-b7a6-30b2b60f718e}, !- Plant or Condenser Loop Name
  Heating,                                !- Loop Type
  52.6666666666667,                       !- Design Loop Exit Temperature {C}
  5.55555555555556,                       !- Loop Design Temperature Difference {deltaC}
  NonCoincident,                          !- Sizing Option
  1,                                      !- Zone Timesteps in Averaging Window
  None;                                   !- Coincident Sizing Factor Mode

OS:AvailabilityManagerAssignmentList,
  {535d6d99-68cd-45b6-9f5d-a4003e54bd60}, !- Handle
  Plant Loop 1 AvailabilityManagerAssignmentList; !- Name

OS:Pipe:Adiabatic,
  {08fa12e2-2853-4d60-85e7-9a9417933db6}, !- Handle
  Pipe Adiabatic 1,                       !- Name
  {beaeb8bd-2fd0-45b4-a3f2-f3d69e37ad3d}, !- Inlet Node Name
  {6c3c6c83-5cf9-492c-bc48-129f07f012c3}; !- Outlet Node Name

OS:Pipe:Adiabatic,
  {a6e7521f-612d-4395-a0a5-02f97ddec95b}, !- Handle
  Pipe Adiabatic 2,                       !- Name
  {11243d00-e81f-437e-b13e-ee342d4e9d8e}, !- Inlet Node Name
  {dd961450-342a-46f7-8710-f31ba02c62eb}; !- Outlet Node Name

OS:Node,
  {2fa867b2-79eb-4e63-8b6b-95adf16533d4}, !- Handle
  Node 15,                                !- Name
  {6c3c6c83-5cf9-492c-bc48-129f07f012c3}, !- Inlet Port
  {0a5de042-4e59-468c-a334-9f9b0c6b7059}; !- Outlet Port

OS:Connection,
  {beaeb8bd-2fd0-45b4-a3f2-f3d69e37ad3d}, !- Handle
  {02a106d7-3902-481e-8639-c30d96215e3e}, !- Source Object
  3,                                      !- Outlet Port
  {08fa12e2-2853-4d60-85e7-9a9417933db6}, !- Target Object
  2;                                      !- Inlet Port

OS:Connection,
  {6c3c6c83-5cf9-492c-bc48-129f07f012c3}, !- Handle
  {08fa12e2-2853-4d60-85e7-9a9417933db6}, !- Source Object
  3,                                      !- Outlet Port
  {2fa867b2-79eb-4e63-8b6b-95adf16533d4}, !- Target Object
  2;                                      !- Inlet Port

OS:Connection,
  {0a5de042-4e59-468c-a334-9f9b0c6b7059}, !- Handle
  {2fa867b2-79eb-4e63-8b6b-95adf16533d4}, !- Source Object
  3,                                      !- Outlet Port
  {a0f1c4f3-6880-4d8b-a5c0-4948d4bbfb48}, !- Target Object
  3;                                      !- Inlet Port

OS:Node,
  {e958a239-6d77-49a7-9180-847f23a74695}, !- Handle
  Node 16,                                !- Name
  {f48805dc-9653-40f5-b62a-472f39e6cb0d}, !- Inlet Port
  {11243d00-e81f-437e-b13e-ee342d4e9d8e}; !- Outlet Port

OS:Connection,
  {f48805dc-9653-40f5-b62a-472f39e6cb0d}, !- Handle
  {a0f1c4f3-6880-4d8b-a5c0-4948d4bbfb48}, !- Source Object
  2,                                      !- Outlet Port
  {e958a239-6d77-49a7-9180-847f23a74695}, !- Target Object
  2;                                      !- Inlet Port

OS:Connection,
  {11243d00-e81f-437e-b13e-ee342d4e9d8e}, !- Handle
  {e958a239-6d77-49a7-9180-847f23a74695}, !- Source Object
  3,                                      !- Outlet Port
  {a6e7521f-612d-4395-a0a5-02f97ddec95b}, !- Target Object
  2;                                      !- Inlet Port

OS:Connection,
  {dd961450-342a-46f7-8710-f31ba02c62eb}, !- Handle
  {a6e7521f-612d-4395-a0a5-02f97ddec95b}, !- Source Object
  3,                                      !- Outlet Port
  {ffe1e77d-a942-4a59-9bf0-fdc443430564}, !- Target Object
  2;                                      !- Inlet Port

OS:Pump:VariableSpeed,
  {6e2cbceb-8941-48f9-9b75-b99c8d39c822}, !- Handle
  Pump Variable Speed 1,                  !- Name
  {fb09d5c0-fd2e-4989-9a54-29e91a10e2c2}, !- Inlet Node Name
  {59c6af26-e5da-47ed-90d1-471cfc6ec88e}, !- Outlet Node Name
  0.01,                                   !- Rated Flow Rate {m3/s}
  1,                                      !- Rated Pump Head {Pa}
  0,                                      !- Rated Power Consumption {W}
  1,                                      !- Motor Efficiency
  0,                                      !- Fraction of Motor Inefficiencies to Fluid Stream
  0,                                      !- Coefficient 1 of the Part Load Performance Curve
  1,                                      !- Coefficient 2 of the Part Load Performance Curve
  0,                                      !- Coefficient 3 of the Part Load Performance Curve
  0,                                      !- Coefficient 4 of the Part Load Performance Curve
  ,                                       !- Minimum Flow Rate {m3/s}
  Intermittent,                           !- Pump Control Type
  ,                                       !- Pump Flow Rate Schedule Name
  ,                                       !- Pump Curve Name
  ,                                       !- Impeller Diameter {m}
  ,                                       !- VFD Control Type
  ,                                       !- Pump RPM Schedule Name
  ,                                       !- Minimum Pressure Schedule {Pa}
  ,                                       !- Maximum Pressure Schedule {Pa}
  ,                                       !- Minimum RPM Schedule {rev/min}
  ,                                       !- Maximum RPM Schedule {rev/min}
  ,                                       !- Zone Name
  0.5,                                    !- Skin Loss Radiative Fraction
  PowerPerFlowPerPressure,                !- Design Power Sizing Method
  348701.1,                               !- Design Electric Power per Unit Flow Rate {W/(m3/s)}
  1.282051282,                            !- Design Shaft Power per Unit Flow Rate per Unit Head {W-s/m3-Pa}
  0,                                      !- Design Minimum Flow Rate Fraction
  General;                                !- End-Use Subcategory

OS:Node,
  {a701e483-241f-43fd-8bbb-dc8c7a982f16}, !- Handle
  Node 17,                                !- Name
  {59c6af26-e5da-47ed-90d1-471cfc6ec88e}, !- Inlet Port
  {22edc41a-f8e5-4544-a2e7-edd6e667a176}; !- Outlet Port

OS:Connection,
  {fb09d5c0-fd2e-4989-9a54-29e91a10e2c2}, !- Handle
  {e7364b8c-a608-40e2-81f4-31a6300a1e44}, !- Source Object
  3,                                      !- Outlet Port
  {6e2cbceb-8941-48f9-9b75-b99c8d39c822}, !- Target Object
  2;                                      !- Inlet Port

OS:Connection,
  {59c6af26-e5da-47ed-90d1-471cfc6ec88e}, !- Handle
  {6e2cbceb-8941-48f9-9b75-b99c8d39c822}, !- Source Object
  3,                                      !- Outlet Port
  {a701e483-241f-43fd-8bbb-dc8c7a982f16}, !- Target Object
  2;                                      !- Inlet Port

OS:Connection,
  {22edc41a-f8e5-4544-a2e7-edd6e667a176}, !- Handle
  {a701e483-241f-43fd-8bbb-dc8c7a982f16}, !- Source Object
  3,                                      !- Outlet Port
  {d8963eb1-01bf-4c7e-8927-165c2b511ef8}, !- Target Object
  2;                                      !- Inlet Port

OS:Schedule:Constant,
  {9f387df8-9ed4-41d5-a9c9-13a995eb9f65}, !- Handle
  dhw temp,                               !- Name
  {cf10fa52-dc9c-4bdf-abca-f926682cd6d7}, !- Schedule Type Limits Name
  52.6666666666667;                       !- Value

OS:SetpointManager:Scheduled,
  {d4f3e35b-1004-41ac-8b14-1420a8c3bdf6}, !- Handle
  Setpoint Manager Scheduled 1,           !- Name
  Temperature,                            !- Control Variable
  {9f387df8-9ed4-41d5-a9c9-13a995eb9f65}, !- Schedule Name
  {ffe1e77d-a942-4a59-9bf0-fdc443430564}; !- Setpoint Node or NodeList Name

OS:WaterHeater:Mixed,
  {04a3c0ba-f8a9-4be1-902f-f62f6cd8855b}, !- Handle
  water heater,                           !- Name
  0.143845647790854,                      !- Tank Volume {m3}
  {efbc15e3-63d7-4210-8c52-32609ec59bf9}, !- Setpoint Temperature Schedule Name
  2,                                      !- Deadband Temperature Difference {deltaC}
  99,                                     !- Maximum Temperature Limit {C}
  Cycle,                                  !- Heater Control Type
  10550.5585262,                          !- Heater Maximum Capacity {W}
  0,                                      !- Heater Minimum Capacity {W}
  ,                                       !- Heater Ignition Minimum Flow Rate {m3/s}
  ,                                       !- Heater Ignition Delay {s}
  NaturalGas,                             !- Heater Fuel Type
  0.78840506115189,                       !- Heater Thermal Efficiency
  ,                                       !- Part Load Factor Curve Name
  0,                                      !- Off Cycle Parasitic Fuel Consumption Rate {W}
  Electricity,                            !- Off Cycle Parasitic Fuel Type
  0,                                      !- Off Cycle Parasitic Heat Fraction to Tank
  0,                                      !- On Cycle Parasitic Fuel Consumption Rate {W}
  Electricity,                            !- On Cycle Parasitic Fuel Type
  0,                                      !- On Cycle Parasitic Heat Fraction to Tank
  ThermalZone,                            !- Ambient Temperature Indicator
  ,                                       !- Ambient Temperature Schedule Name
  {c61b2f00-897c-4919-a53b-553eefc60537}, !- Ambient Temperature Thermal Zone Name
  ,                                       !- Ambient Temperature Outdoor Air Node Name
  2.36462387073178,                       !- Off Cycle Loss Coefficient to Ambient Temperature {W/K}
  0.91,                                   !- Off Cycle Loss Fraction to Thermal Zone
  2.36462387073178,                       !- On Cycle Loss Coefficient to Ambient Temperature {W/K}
  1,                                      !- On Cycle Loss Fraction to Thermal Zone
  ,                                       !- Peak Use Flow Rate {m3/s}
  ,                                       !- Use Flow Rate Fraction Schedule Name
  ,                                       !- Cold Water Supply Temperature Schedule Name
  {427f8c21-35c4-47fd-9320-3b90b25f00e0}, !- Use Side Inlet Node Name
  {5016e32a-7a48-485d-bb27-efd53b34e531}, !- Use Side Outlet Node Name
  1,                                      !- Use Side Effectiveness
  ,                                       !- Source Side Inlet Node Name
  ,                                       !- Source Side Outlet Node Name
  1,                                      !- Source Side Effectiveness
  autosize,                               !- Use Side Design Flow Rate {m3/s}
  autosize,                               !- Source Side Design Flow Rate {m3/s}
  1.5,                                    !- Indirect Water Heating Recovery Time {hr}
  IndirectHeatPrimarySetpoint,            !- Source Side Flow Control Mode
  ,                                       !- Indirect Alternate Setpoint Temperature Schedule Name
  General;                                !- End-Use Subcategory

OS:WaterHeater:Sizing,
  {e3883237-9448-4abd-b6c1-e362087b2606}, !- Handle
  {04a3c0ba-f8a9-4be1-902f-f62f6cd8855b}, !- WaterHeater Name
  PeakDraw,                               !- Design Mode
  0.538503,                               !- Time Storage Can Meet Peak Draw {hr}
  0,                                      !- Time for Tank Recovery {hr}
  1;                                      !- Nominal Tank Volume for Autosizing Plant Connections {m3}

OS:Schedule:Constant,
  {efbc15e3-63d7-4210-8c52-32609ec59bf9}, !- Handle
  water heater setpoint,                  !- Name
  {cf10fa52-dc9c-4bdf-abca-f926682cd6d7}, !- Schedule Type Limits Name
  52.6666666666667;                       !- Value

OS:AdditionalProperties,
  {df676a05-bc49-43f1-9527-3075bd2ed9ff}, !- Handle
  {04a3c0ba-f8a9-4be1-902f-f62f6cd8855b}, !- Object Name
  HPXML_ID,                               !- Feature Name 1
  String,                                 !- Feature Data Type 1
  WaterHeatingSystem1;                    !- Feature Value 1

OS:Node,
  {75cb1bb6-b2f9-4142-9a7d-cc0fb888b335}, !- Handle
  Node 18,                                !- Name
  {62729a92-d884-47fe-acfd-52588fb6d10f}, !- Inlet Port
  {427f8c21-35c4-47fd-9320-3b90b25f00e0}; !- Outlet Port

OS:Connection,
  {62729a92-d884-47fe-acfd-52588fb6d10f}, !- Handle
  {d8963eb1-01bf-4c7e-8927-165c2b511ef8}, !- Source Object
  4,                                      !- Outlet Port
  {75cb1bb6-b2f9-4142-9a7d-cc0fb888b335}, !- Target Object
  2;                                      !- Inlet Port

OS:Node,
  {4c2b57dd-c52e-470e-ace1-9faa07d67f1d}, !- Handle
  Node 19,                                !- Name
  {5016e32a-7a48-485d-bb27-efd53b34e531}, !- Inlet Port
  {4cc7c858-bfc0-4573-8c80-f70e160a86fe}; !- Outlet Port

OS:Connection,
  {427f8c21-35c4-47fd-9320-3b90b25f00e0}, !- Handle
  {75cb1bb6-b2f9-4142-9a7d-cc0fb888b335}, !- Source Object
  3,                                      !- Outlet Port
  {04a3c0ba-f8a9-4be1-902f-f62f6cd8855b}, !- Target Object
  31;                                     !- Inlet Port

OS:Connection,
  {5016e32a-7a48-485d-bb27-efd53b34e531}, !- Handle
  {04a3c0ba-f8a9-4be1-902f-f62f6cd8855b}, !- Source Object
  32,                                     !- Outlet Port
  {4c2b57dd-c52e-470e-ace1-9faa07d67f1d}, !- Target Object
  2;                                      !- Inlet Port

OS:Connection,
  {4cc7c858-bfc0-4573-8c80-f70e160a86fe}, !- Handle
  {4c2b57dd-c52e-470e-ace1-9faa07d67f1d}, !- Source Object
  3,                                      !- Outlet Port
  {a0f1c4f3-6880-4d8b-a5c0-4948d4bbfb48}, !- Target Object
  4;                                      !- Inlet Port

OS:OtherEquipment:Definition,
  {beead9ef-d0f8-4452-b24a-ba8ac395f576}, !- Handle
  water heater energy adjustment1,        !- Name
  EquipmentLevel,                         !- Design Level Calculation Method
  0.01,                                   !- Design Level {W}
  ,                                       !- Watts per Space Floor Area {W/m2}
  ,                                       !- Watts per Person {W/Person}
  0,                                      !- Fraction Latent
  0,                                      !- Fraction Radiant
  1;                                      !- Fraction Lost

OS:OtherEquipment,
  {e6c5f7ea-5f3d-412a-a11f-d3e9ffa3b3be}, !- Handle
  water heater energy adjustment1,        !- Name
  {beead9ef-d0f8-4452-b24a-ba8ac395f576}, !- Other Equipment Definition Name
  {cc3ee1d5-cc45-4d77-8cf6-4c04500a8188}, !- Space or SpaceType Name
  {3b93193b-da2c-473c-a293-602bc2c423e9}, !- Schedule Name
  ,                                       !- Multiplier
  NaturalGas,                             !- Fuel Type
  water heater energy adjustment1;        !- End-Use Subcategory

OS:AdditionalProperties,
  {cd4586e4-8b74-405b-8e3b-d1e1472aef6d}, !- Handle
  {e6c5f7ea-5f3d-412a-a11f-d3e9ffa3b3be}, !- Object Name
  HPXML_ID,                               !- Feature Name 1
  String,                                 !- Feature Data Type 1
  WaterHeatingSystem1;                    !- Feature Value 1

OS:EnergyManagementSystem:Sensor,
  {aa02eda7-a796-4105-aad5-43b7d2f370ef}, !- Handle
  water_heater_energy,                    !- Name
  water heater,                           !- Output Variable or Output Meter Index Key Name
  Water Heater NaturalGas Rate;           !- Output Variable or Output Meter Name

OS:EnergyManagementSystem:Sensor,
  {7c5eac35-2b16-46f3-b015-150b18647520}, !- Handle
  water_heater_on_cycle_parasitic,        !- Name
  water heater,                           !- Output Variable or Output Meter Index Key Name
  Water Heater On Cycle Parasitic Electricity Rate; !- Output Variable or Output Meter Name

OS:EnergyManagementSystem:Sensor,
  {ff54e627-c422-43da-a5a7-f9d1c1cd2c98}, !- Handle
  water_heater_off_cycle_parasitic,       !- Name
  water heater,                           !- Output Variable or Output Meter Index Key Name
  Water Heater Off Cycle Parasitic Electricity Rate; !- Output Variable or Output Meter Name

OS:EnergyManagementSystem:Actuator,
  {ea4b7461-6cde-40b1-aa22-3c83b8bef618}, !- Handle
  water_heater_ec_adj_act,                !- Name
  {e6c5f7ea-5f3d-412a-a11f-d3e9ffa3b3be}, !- Actuated Component Name
  OtherEquipment,                         !- Actuated Component Type
  Power Level,                            !- Actuated Component Control Type
  {cc3ee1d5-cc45-4d77-8cf6-4c04500a8188}; !- Zone or Space Name

OS:EnergyManagementSystem:Program,
  {44aaa872-91bb-45ed-9724-2651a45e85d2}, !- Handle
  water_heater_EC_adj,                    !- Name
  Set dhw_e_cons = water_heater_energy + water_heater_on_cycle_parasitic + water_heater_off_cycle_parasitic, !- Program Line 1
  Set water_heater_ec_adj_act = 0.0 * dhw_e_cons / 1; !- Program Line 2

OS:EnergyManagementSystem:ProgramCallingManager,
  {036db03f-27ce-4cc5-9fc8-02640d3a26ff}, !- Handle
  water heater EC_adj ProgramManager,     !- Name
  EndOfSystemTimestepBeforeHVACReporting, !- EnergyPlus Model Calling Point
  {44aaa872-91bb-45ed-9724-2651a45e85d2}; !- Program Name 1

OS:WaterUse:Connections,
  {210ba29a-3211-405a-a154-084b3ea8b51a}, !- Handle
  Water Use Connections 1,                !- Name
  {4bf27e31-be52-4ba5-945e-36cf3a19f579}, !- Inlet Node Name
  {9447952c-713f-4950-b915-edc3fc65a9d4}, !- Outlet Node Name
  ,                                       !- Supply Water Storage Tank Name
  ,                                       !- Reclamation Water Storage Tank Name
  ,                                       !- Hot Water Supply Temperature Schedule Name
  ,                                       !- Cold Water Supply Temperature Schedule Name
  None,                                   !- Drain Water Heat Exchanger Type
  Plant,                                  !- Drain Water Heat Exchanger Destination
  ,                                       !- Drain Water Heat Exchanger U-Factor Times Area {W/K}
  {d8329469-c66a-4c23-aea2-035fd24cbd6b}, !- Water Use Equipment Name 1
  {48c67aa5-c35a-41ed-b005-a6b82c4fded3}, !- Water Use Equipment Name 2
  {73764fac-bf64-4a33-a404-f5a79d287bd0}, !- Water Use Equipment Name 3
  {dbf13638-0648-4617-8951-6521d3c26004}; !- Water Use Equipment Name 4

OS:AdditionalProperties,
  {74d5e5a0-6880-4cc4-844a-94a6976444ea}, !- Handle
  {210ba29a-3211-405a-a154-084b3ea8b51a}, !- Object Name
  HPXML_ID,                               !- Feature Name 1
  String,                                 !- Feature Data Type 1
  WaterHeatingSystem1;                    !- Feature Value 1

OS:Node,
  {60d46c15-ad2f-4efd-86ce-a0cf8244db41}, !- Handle
  Node 20,                                !- Name
  {9447952c-713f-4950-b915-edc3fc65a9d4}, !- Inlet Port
  {6309574b-3bd3-4c2a-adaf-2b6a9c4880ab}; !- Outlet Port

OS:Connection,
  {4bf27e31-be52-4ba5-945e-36cf3a19f579}, !- Handle
  {3ef577bb-47cd-48fa-a8d8-4edae8d5f11d}, !- Source Object
  3,                                      !- Outlet Port
  {210ba29a-3211-405a-a154-084b3ea8b51a}, !- Target Object
  2;                                      !- Inlet Port

OS:Connection,
  {9447952c-713f-4950-b915-edc3fc65a9d4}, !- Handle
  {210ba29a-3211-405a-a154-084b3ea8b51a}, !- Source Object
  3,                                      !- Outlet Port
  {60d46c15-ad2f-4efd-86ce-a0cf8244db41}, !- Target Object
  2;                                      !- Inlet Port

OS:Connection,
  {6309574b-3bd3-4c2a-adaf-2b6a9c4880ab}, !- Handle
  {60d46c15-ad2f-4efd-86ce-a0cf8244db41}, !- Source Object
  3,                                      !- Outlet Port
  {2b087d72-4233-471f-9360-39978263e5a4}, !- Target Object
  3;                                      !- Inlet Port

OS:Schedule:File,
  {e42eb221-be74-4bea-b2b1-108e1b6394e2}, !- Handle
  clothes_washer,                         !- Name
  {34f36b98-b76c-48c1-8280-8f0a08c409a4}, !- Schedule Type Limits Name
  {06ab4d4d-9b87-4397-954c-d839a04fcb97}, !- External File Name
  6,                                      !- Column Number
  1,                                      !- Rows to Skip at Top
  8760,                                   !- Number of Hours of Data
  ,                                       !- Column Separator
  ,                                       !- Interpolate to Timestep
  15,                                     !- Minutes per Item
  ,                                       !- Adjust Schedule for Daylight Savings
  Yes;                                    !- Translate File With Relative Path

OS:ElectricEquipment:Definition,
  {68dc5358-14dd-4327-8717-a5c0a982a6f5}, !- Handle
  clothes washer,                         !- Name
  EquipmentLevel,                         !- Design Level Calculation Method
  617.654786483414,                       !- Design Level {W}
  ,                                       !- Watts per Space Floor Area {W/m2}
  ,                                       !- Watts per Person {W/person}
  0.03,                                   !- Fraction Latent
  0.162,                                  !- Fraction Radiant
  0.7;                                    !- Fraction Lost

OS:ElectricEquipment,
  {9bbcc925-8cd3-4db6-a1d5-803def312bdf}, !- Handle
  clothes washer,                         !- Name
  {68dc5358-14dd-4327-8717-a5c0a982a6f5}, !- Electric Equipment Definition Name
  {cc3ee1d5-cc45-4d77-8cf6-4c04500a8188}, !- Space or SpaceType Name
  {e42eb221-be74-4bea-b2b1-108e1b6394e2}, !- Schedule Name
  ,                                       !- Multiplier
  clothes washer;                         !- End-Use Subcategory

OS:Schedule:File,
  {4a1fdcf0-6dfe-494a-9fda-a8ee21f94350}, !- Handle
  clothes_dryer,                          !- Name
  {34f36b98-b76c-48c1-8280-8f0a08c409a4}, !- Schedule Type Limits Name
  {06ab4d4d-9b87-4397-954c-d839a04fcb97}, !- External File Name
  7,                                      !- Column Number
  1,                                      !- Rows to Skip at Top
  8760,                                   !- Number of Hours of Data
  ,                                       !- Column Separator
  ,                                       !- Interpolate to Timestep
  15,                                     !- Minutes per Item
  ,                                       !- Adjust Schedule for Daylight Savings
  Yes;                                    !- Translate File With Relative Path

OS:ElectricEquipment:Definition,
  {5f865cf2-978e-4d59-9c6a-0d2a81c91ae9}, !- Handle
  clothes dryer,                          !- Name
  EquipmentLevel,                         !- Design Level Calculation Method
  2485.10672189278,                       !- Design Level {W}
  ,                                       !- Watts per Space Floor Area {W/m2}
  ,                                       !- Watts per Person {W/person}
  0.015,                                  !- Fraction Latent
  0.081,                                  !- Fraction Radiant
  0.85;                                   !- Fraction Lost

OS:ElectricEquipment,
  {8ec66a23-18d3-48e8-98a4-182da91c262c}, !- Handle
  clothes dryer,                          !- Name
  {5f865cf2-978e-4d59-9c6a-0d2a81c91ae9}, !- Electric Equipment Definition Name
  {cc3ee1d5-cc45-4d77-8cf6-4c04500a8188}, !- Space or SpaceType Name
  {4a1fdcf0-6dfe-494a-9fda-a8ee21f94350}, !- Schedule Name
  ,                                       !- Multiplier
  clothes dryer;                          !- End-Use Subcategory

OS:Schedule:File,
  {379888b6-5c32-4192-a63d-544c59638fc0}, !- Handle
  dishwasher,                             !- Name
  {34f36b98-b76c-48c1-8280-8f0a08c409a4}, !- Schedule Type Limits Name
  {06ab4d4d-9b87-4397-954c-d839a04fcb97}, !- External File Name
  5,                                      !- Column Number
  1,                                      !- Rows to Skip at Top
  8760,                                   !- Number of Hours of Data
  ,                                       !- Column Separator
  ,                                       !- Interpolate to Timestep
  15,                                     !- Minutes per Item
  ,                                       !- Adjust Schedule for Daylight Savings
  Yes;                                    !- Translate File With Relative Path

OS:ElectricEquipment:Definition,
  {94f4d77e-41fb-480d-aa7b-f7e4d8604dd1}, !- Handle
  dishwasher,                             !- Name
  EquipmentLevel,                         !- Design Level Calculation Method
  568.011607240457,                       !- Design Level {W}
  ,                                       !- Watts per Space Floor Area {W/m2}
  ,                                       !- Watts per Person {W/person}
  0.3,                                    !- Fraction Latent
  0.18,                                   !- Fraction Radiant
  0.4;                                    !- Fraction Lost

OS:ElectricEquipment,
  {57f08405-2461-4e3a-bb4a-e1a7634fe6ce}, !- Handle
  dishwasher,                             !- Name
  {94f4d77e-41fb-480d-aa7b-f7e4d8604dd1}, !- Electric Equipment Definition Name
  {cc3ee1d5-cc45-4d77-8cf6-4c04500a8188}, !- Space or SpaceType Name
  {379888b6-5c32-4192-a63d-544c59638fc0}, !- Schedule Name
  ,                                       !- Multiplier
  dishwasher;                             !- End-Use Subcategory

OS:Schedule:Ruleset,
  {4cdf1c67-6ab7-4889-aeda-78b786fc41ac}, !- Handle
  fridge schedule,                        !- Name
  {34f36b98-b76c-48c1-8280-8f0a08c409a4}, !- Schedule Type Limits Name
  {7e96497b-0c6d-4e72-9faa-bca8c4b5e749}; !- Default Day Schedule Name

OS:Schedule:Day,
  {7e96497b-0c6d-4e72-9faa-bca8c4b5e749}, !- Handle
  fridge schedule default day,            !- Name
  {34f36b98-b76c-48c1-8280-8f0a08c409a4}, !- Schedule Type Limits Name
  ,                                       !- Interpolate to Timestep
  24,                                     !- Hour 1
  0,                                      !- Minute 1
  0;                                      !- Value Until Time 1

OS:Schedule:Rule,
  {56e26fad-8f98-47ba-a660-bee452a67b51}, !- Handle
  fridge schedule allday ruleset1,        !- Name
  {4cdf1c67-6ab7-4889-aeda-78b786fc41ac}, !- Schedule Ruleset Name
  6,                                      !- Rule Order
  {7d278341-b708-40e5-846a-242d72e85223}, !- Day Schedule Name
  Yes,                                    !- Apply Sunday
  Yes,                                    !- Apply Monday
  Yes,                                    !- Apply Tuesday
  Yes,                                    !- Apply Wednesday
  Yes,                                    !- Apply Thursday
  Yes,                                    !- Apply Friday
  Yes,                                    !- Apply Saturday
  DateRange,                              !- Date Specification Type
  1,                                      !- Start Month
  1,                                      !- Start Day
  1,                                      !- End Month
  31;                                     !- End Day

OS:Schedule:Day,
  {7d278341-b708-40e5-846a-242d72e85223}, !- Handle
  fridge schedule allday1,                !- Name
  {34f36b98-b76c-48c1-8280-8f0a08c409a4}, !- Schedule Type Limits Name
  ,                                       !- Interpolate to Timestep
  1,                                      !- Hour 1
  0,                                      !- Minute 1
  0.610948905109489,                      !- Value Until Time 1
  2,                                      !- Hour 2
  0,                                      !- Minute 2
  0.595675182481752,                      !- Value Until Time 2
  3,                                      !- Hour 3
  0,                                      !- Minute 3
  0.580401459854014,                      !- Value Until Time 3
  4,                                      !- Hour 4
  0,                                      !- Minute 4
  0.565127737226277,                      !- Value Until Time 4
  6,                                      !- Hour 5
  0,                                      !- Minute 5
  0.54985401459854,                       !- Value Until Time 5
  7,                                      !- Hour 6
  0,                                      !- Minute 6
  0.580401459854014,                      !- Value Until Time 6
  8,                                      !- Hour 7
  0,                                      !- Minute 7
  0.610948905109489,                      !- Value Until Time 7
  10,                                     !- Hour 8
  0,                                      !- Minute 8
  0.626222627737226,                      !- Value Until Time 8
  12,                                     !- Hour 9
  0,                                      !- Minute 9
  0.610948905109489,                      !- Value Until Time 9
  15,                                     !- Hour 10
  0,                                      !- Minute 10
  0.641496350364963,                      !- Value Until Time 10
  16,                                     !- Hour 11
  0,                                      !- Minute 11
  0.626222627737226,                      !- Value Until Time 11
  17,                                     !- Hour 12
  0,                                      !- Minute 12
  0.672043795620438,                      !- Value Until Time 12
  18,                                     !- Hour 13
  0,                                      !- Minute 13
  0.733138686131387,                      !- Value Until Time 13
  19,                                     !- Hour 14
  0,                                      !- Minute 14
  0.763686131386861,                      !- Value Until Time 14
  20,                                     !- Hour 15
  0,                                      !- Minute 15
  0.733138686131387,                      !- Value Until Time 15
  21,                                     !- Hour 16
  0,                                      !- Minute 16
  0.717864963503649,                      !- Value Until Time 16
  22,                                     !- Hour 17
  0,                                      !- Minute 17
  0.702591240875912,                      !- Value Until Time 17
  23,                                     !- Hour 18
  0,                                      !- Minute 18
  0.672043795620438,                      !- Value Until Time 18
  24,                                     !- Hour 19
  0,                                      !- Minute 19
  0.626222627737226;                      !- Value Until Time 19

OS:Schedule:Rule,
  {7b88ae19-9aa3-4a2e-9d3e-e9d28e30394a}, !- Handle
  fridge schedule allday ruleset2,        !- Name
  {4cdf1c67-6ab7-4889-aeda-78b786fc41ac}, !- Schedule Ruleset Name
  5,                                      !- Rule Order
  {237a9d0e-df9a-437a-86f4-e95ff361f863}, !- Day Schedule Name
  Yes,                                    !- Apply Sunday
  Yes,                                    !- Apply Monday
  Yes,                                    !- Apply Tuesday
  Yes,                                    !- Apply Wednesday
  Yes,                                    !- Apply Thursday
  Yes,                                    !- Apply Friday
  Yes,                                    !- Apply Saturday
  DateRange,                              !- Date Specification Type
  2,                                      !- Start Month
  1,                                      !- Start Day
  2,                                      !- End Month
  28;                                     !- End Day

OS:Schedule:Day,
  {237a9d0e-df9a-437a-86f4-e95ff361f863}, !- Handle
  fridge schedule allday2,                !- Name
  {34f36b98-b76c-48c1-8280-8f0a08c409a4}, !- Schedule Type Limits Name
  ,                                       !- Interpolate to Timestep
  1,                                      !- Hour 1
  0,                                      !- Minute 1
  0.60948905109489,                       !- Value Until Time 1
  2,                                      !- Hour 2
  0,                                      !- Minute 2
  0.594251824817518,                      !- Value Until Time 2
  3,                                      !- Hour 3
  0,                                      !- Minute 3
  0.579014598540146,                      !- Value Until Time 3
  4,                                      !- Hour 4
  0,                                      !- Minute 4
  0.563777372262774,                      !- Value Until Time 4
  6,                                      !- Hour 5
  0,                                      !- Minute 5
  0.548540145985401,                      !- Value Until Time 5
  7,                                      !- Hour 6
  0,                                      !- Minute 6
  0.579014598540146,                      !- Value Until Time 6
  8,                                      !- Hour 7
  0,                                      !- Minute 7
  0.60948905109489,                       !- Value Until Time 7
  10,                                     !- Hour 8
  0,                                      !- Minute 8
  0.624726277372263,                      !- Value Until Time 8
  12,                                     !- Hour 9
  0,                                      !- Minute 9
  0.60948905109489,                       !- Value Until Time 9
  15,                                     !- Hour 10
  0,                                      !- Minute 10
  0.639963503649635,                      !- Value Until Time 10
  16,                                     !- Hour 11
  0,                                      !- Minute 11
  0.624726277372263,                      !- Value Until Time 11
  17,                                     !- Hour 12
  0,                                      !- Minute 12
  0.670437956204379,                      !- Value Until Time 12
  18,                                     !- Hour 13
  0,                                      !- Minute 13
  0.731386861313868,                      !- Value Until Time 13
  19,                                     !- Hour 14
  0,                                      !- Minute 14
  0.761861313868613,                      !- Value Until Time 14
  20,                                     !- Hour 15
  0,                                      !- Minute 15
  0.731386861313868,                      !- Value Until Time 15
  21,                                     !- Hour 16
  0,                                      !- Minute 16
  0.716149635036496,                      !- Value Until Time 16
  22,                                     !- Hour 17
  0,                                      !- Minute 17
  0.700912408759124,                      !- Value Until Time 17
  23,                                     !- Hour 18
  0,                                      !- Minute 18
  0.670437956204379,                      !- Value Until Time 18
  24,                                     !- Hour 19
  0,                                      !- Minute 19
  0.624726277372263;                      !- Value Until Time 19

OS:Schedule:Rule,
  {64cd096d-7fb8-48c5-95e7-4aaa5a16320b}, !- Handle
  fridge schedule allday ruleset3,        !- Name
  {4cdf1c67-6ab7-4889-aeda-78b786fc41ac}, !- Schedule Ruleset Name
  4,                                      !- Rule Order
  {ef899912-584a-493e-8934-eee96cebf12c}, !- Day Schedule Name
  Yes,                                    !- Apply Sunday
  Yes,                                    !- Apply Monday
  Yes,                                    !- Apply Tuesday
  Yes,                                    !- Apply Wednesday
  Yes,                                    !- Apply Thursday
  Yes,                                    !- Apply Friday
  Yes,                                    !- Apply Saturday
  DateRange,                              !- Date Specification Type
  3,                                      !- Start Month
  1,                                      !- Start Day
  5,                                      !- End Month
  31;                                     !- End Day

OS:Schedule:Day,
  {ef899912-584a-493e-8934-eee96cebf12c}, !- Handle
  fridge schedule allday3,                !- Name
  {34f36b98-b76c-48c1-8280-8f0a08c409a4}, !- Schedule Type Limits Name
  ,                                       !- Interpolate to Timestep
  1,                                      !- Hour 1
  0,                                      !- Minute 1
  0.791240875912409,                      !- Value Until Time 1
  2,                                      !- Hour 2
  0,                                      !- Minute 2
  0.771459854014598,                      !- Value Until Time 2
  3,                                      !- Hour 3
  0,                                      !- Minute 3
  0.751678832116788,                      !- Value Until Time 3
  4,                                      !- Hour 4
  0,                                      !- Minute 4
  0.731897810218978,                      !- Value Until Time 4
  6,                                      !- Hour 5
  0,                                      !- Minute 5
  0.712116788321168,                      !- Value Until Time 5
  7,                                      !- Hour 6
  0,                                      !- Minute 6
  0.751678832116788,                      !- Value Until Time 6
  8,                                      !- Hour 7
  0,                                      !- Minute 7
  0.791240875912409,                      !- Value Until Time 7
  10,                                     !- Hour 8
  0,                                      !- Minute 8
  0.811021897810219,                      !- Value Until Time 8
  12,                                     !- Hour 9
  0,                                      !- Minute 9
  0.791240875912409,                      !- Value Until Time 9
  15,                                     !- Hour 10
  0,                                      !- Minute 10
  0.830802919708029,                      !- Value Until Time 10
  16,                                     !- Hour 11
  0,                                      !- Minute 11
  0.811021897810219,                      !- Value Until Time 11
  17,                                     !- Hour 12
  0,                                      !- Minute 12
  0.87036496350365,                       !- Value Until Time 12
  18,                                     !- Hour 13
  0,                                      !- Minute 13
  0.949489051094891,                      !- Value Until Time 13
  19,                                     !- Hour 14
  0,                                      !- Minute 14
  0.989051094890511,                      !- Value Until Time 14
  20,                                     !- Hour 15
  0,                                      !- Minute 15
  0.949489051094891,                      !- Value Until Time 15
  21,                                     !- Hour 16
  0,                                      !- Minute 16
  0.92970802919708,                       !- Value Until Time 16
  22,                                     !- Hour 17
  0,                                      !- Minute 17
  0.90992700729927,                       !- Value Until Time 17
  23,                                     !- Hour 18
  0,                                      !- Minute 18
  0.87036496350365,                       !- Value Until Time 18
  24,                                     !- Hour 19
  0,                                      !- Minute 19
  0.811021897810219;                      !- Value Until Time 19

OS:Schedule:Rule,
  {958cc30c-62fa-49d5-bb7e-8a75e4a7c44f}, !- Handle
  fridge schedule allday ruleset6,        !- Name
  {4cdf1c67-6ab7-4889-aeda-78b786fc41ac}, !- Schedule Ruleset Name
  3,                                      !- Rule Order
  {d6dcf67a-9996-4da7-904c-01d9aaac2473}, !- Day Schedule Name
  Yes,                                    !- Apply Sunday
  Yes,                                    !- Apply Monday
  Yes,                                    !- Apply Tuesday
  Yes,                                    !- Apply Wednesday
  Yes,                                    !- Apply Thursday
  Yes,                                    !- Apply Friday
  Yes,                                    !- Apply Saturday
  DateRange,                              !- Date Specification Type
  6,                                      !- Start Month
  1,                                      !- Start Day
  9,                                      !- End Month
  30;                                     !- End Day

OS:Schedule:Day,
  {d6dcf67a-9996-4da7-904c-01d9aaac2473}, !- Handle
  fridge schedule allday6,                !- Name
  {34f36b98-b76c-48c1-8280-8f0a08c409a4}, !- Schedule Type Limits Name
  ,                                       !- Interpolate to Timestep
  1,                                      !- Hour 1
  0,                                      !- Minute 1
  0.8,                                    !- Value Until Time 1
  2,                                      !- Hour 2
  0,                                      !- Minute 2
  0.78,                                   !- Value Until Time 2
  3,                                      !- Hour 3
  0,                                      !- Minute 3
  0.76,                                   !- Value Until Time 3
  4,                                      !- Hour 4
  0,                                      !- Minute 4
  0.74,                                   !- Value Until Time 4
  6,                                      !- Hour 5
  0,                                      !- Minute 5
  0.72,                                   !- Value Until Time 5
  7,                                      !- Hour 6
  0,                                      !- Minute 6
  0.76,                                   !- Value Until Time 6
  8,                                      !- Hour 7
  0,                                      !- Minute 7
  0.8,                                    !- Value Until Time 7
  10,                                     !- Hour 8
  0,                                      !- Minute 8
  0.82,                                   !- Value Until Time 8
  12,                                     !- Hour 9
  0,                                      !- Minute 9
  0.8,                                    !- Value Until Time 9
  15,                                     !- Hour 10
  0,                                      !- Minute 10
  0.84,                                   !- Value Until Time 10
  16,                                     !- Hour 11
  0,                                      !- Minute 11
  0.82,                                   !- Value Until Time 11
  17,                                     !- Hour 12
  0,                                      !- Minute 12
  0.88,                                   !- Value Until Time 12
  18,                                     !- Hour 13
  0,                                      !- Minute 13
  0.96,                                   !- Value Until Time 13
  19,                                     !- Hour 14
  0,                                      !- Minute 14
  1,                                      !- Value Until Time 14
  20,                                     !- Hour 15
  0,                                      !- Minute 15
  0.96,                                   !- Value Until Time 15
  21,                                     !- Hour 16
  0,                                      !- Minute 16
  0.94,                                   !- Value Until Time 16
  22,                                     !- Hour 17
  0,                                      !- Minute 17
  0.92,                                   !- Value Until Time 17
  23,                                     !- Hour 18
  0,                                      !- Minute 18
  0.88,                                   !- Value Until Time 18
  24,                                     !- Hour 19
  0,                                      !- Minute 19
  0.82;                                   !- Value Until Time 19

OS:Schedule:Rule,
  {f13b3a71-7963-4ec2-9ec8-01aac2fbeb07}, !- Handle
  fridge schedule allday ruleset10,       !- Name
  {4cdf1c67-6ab7-4889-aeda-78b786fc41ac}, !- Schedule Ruleset Name
  2,                                      !- Rule Order
  {710e4086-5645-455d-8391-e2c54573d86b}, !- Day Schedule Name
  Yes,                                    !- Apply Sunday
  Yes,                                    !- Apply Monday
  Yes,                                    !- Apply Tuesday
  Yes,                                    !- Apply Wednesday
  Yes,                                    !- Apply Thursday
  Yes,                                    !- Apply Friday
  Yes,                                    !- Apply Saturday
  DateRange,                              !- Date Specification Type
  10,                                     !- Start Month
  1,                                      !- Start Day
  10,                                     !- End Month
  31;                                     !- End Day

OS:Schedule:Day,
  {710e4086-5645-455d-8391-e2c54573d86b}, !- Handle
  fridge schedule allday10,               !- Name
  {34f36b98-b76c-48c1-8280-8f0a08c409a4}, !- Schedule Type Limits Name
  ,                                       !- Interpolate to Timestep
  1,                                      !- Hour 1
  0,                                      !- Minute 1
  0.67956204379562,                       !- Value Until Time 1
  2,                                      !- Hour 2
  0,                                      !- Minute 2
  0.66257299270073,                       !- Value Until Time 2
  3,                                      !- Hour 3
  0,                                      !- Minute 3
  0.645583941605839,                      !- Value Until Time 3
  4,                                      !- Hour 4
  0,                                      !- Minute 4
  0.628594890510949,                      !- Value Until Time 4
  6,                                      !- Hour 5
  0,                                      !- Minute 5
  0.611605839416058,                      !- Value Until Time 5
  7,                                      !- Hour 6
  0,                                      !- Minute 6
  0.645583941605839,                      !- Value Until Time 6
  8,                                      !- Hour 7
  0,                                      !- Minute 7
  0.67956204379562,                       !- Value Until Time 7
  10,                                     !- Hour 8
  0,                                      !- Minute 8
  0.696551094890511,                      !- Value Until Time 8
  12,                                     !- Hour 9
  0,                                      !- Minute 9
  0.67956204379562,                       !- Value Until Time 9
  15,                                     !- Hour 10
  0,                                      !- Minute 10
  0.713540145985401,                      !- Value Until Time 10
  16,                                     !- Hour 11
  0,                                      !- Minute 11
  0.696551094890511,                      !- Value Until Time 11
  17,                                     !- Hour 12
  0,                                      !- Minute 12
  0.747518248175182,                      !- Value Until Time 12
  18,                                     !- Hour 13
  0,                                      !- Minute 13
  0.815474452554744,                      !- Value Until Time 13
  19,                                     !- Hour 14
  0,                                      !- Minute 14
  0.849452554744526,                      !- Value Until Time 14
  20,                                     !- Hour 15
  0,                                      !- Minute 15
  0.815474452554744,                      !- Value Until Time 15
  21,                                     !- Hour 16
  0,                                      !- Minute 16
  0.798485401459854,                      !- Value Until Time 16
  22,                                     !- Hour 17
  0,                                      !- Minute 17
  0.781496350364963,                      !- Value Until Time 17
  23,                                     !- Hour 18
  0,                                      !- Minute 18
  0.747518248175182,                      !- Value Until Time 18
  24,                                     !- Hour 19
  0,                                      !- Minute 19
  0.696551094890511;                      !- Value Until Time 19

OS:Schedule:Rule,
  {1c1185db-b714-48a3-8f6d-5dab5fa38d8c}, !- Handle
  fridge schedule allday ruleset11,       !- Name
  {4cdf1c67-6ab7-4889-aeda-78b786fc41ac}, !- Schedule Ruleset Name
  1,                                      !- Rule Order
  {2b3f930b-5975-4c9f-b274-a2d7073cef84}, !- Day Schedule Name
  Yes,                                    !- Apply Sunday
  Yes,                                    !- Apply Monday
  Yes,                                    !- Apply Tuesday
  Yes,                                    !- Apply Wednesday
  Yes,                                    !- Apply Thursday
  Yes,                                    !- Apply Friday
  Yes,                                    !- Apply Saturday
  DateRange,                              !- Date Specification Type
  11,                                     !- Start Month
  1,                                      !- Start Day
  11,                                     !- End Month
  30;                                     !- End Day

OS:Schedule:Day,
  {2b3f930b-5975-4c9f-b274-a2d7073cef84}, !- Handle
  fridge schedule allday11,               !- Name
  {34f36b98-b76c-48c1-8280-8f0a08c409a4}, !- Schedule Type Limits Name
  ,                                       !- Interpolate to Timestep
  1,                                      !- Hour 1
  0,                                      !- Minute 1
  0.675182481751825,                      !- Value Until Time 1
  2,                                      !- Hour 2
  0,                                      !- Minute 2
  0.658302919708029,                      !- Value Until Time 2
  3,                                      !- Hour 3
  0,                                      !- Minute 3
  0.641423357664234,                      !- Value Until Time 3
  4,                                      !- Hour 4
  0,                                      !- Minute 4
  0.624543795620438,                      !- Value Until Time 4
  6,                                      !- Hour 5
  0,                                      !- Minute 5
  0.607664233576642,                      !- Value Until Time 5
  7,                                      !- Hour 6
  0,                                      !- Minute 6
  0.641423357664234,                      !- Value Until Time 6
  8,                                      !- Hour 7
  0,                                      !- Minute 7
  0.675182481751825,                      !- Value Until Time 7
  10,                                     !- Hour 8
  0,                                      !- Minute 8
  0.69206204379562,                       !- Value Until Time 8
  12,                                     !- Hour 9
  0,                                      !- Minute 9
  0.675182481751825,                      !- Value Until Time 9
  15,                                     !- Hour 10
  0,                                      !- Minute 10
  0.708941605839416,                      !- Value Until Time 10
  16,                                     !- Hour 11
  0,                                      !- Minute 11
  0.69206204379562,                       !- Value Until Time 11
  17,                                     !- Hour 12
  0,                                      !- Minute 12
  0.742700729927007,                      !- Value Until Time 12
  18,                                     !- Hour 13
  0,                                      !- Minute 13
  0.81021897810219,                       !- Value Until Time 13
  19,                                     !- Hour 14
  0,                                      !- Minute 14
  0.843978102189781,                      !- Value Until Time 14
  20,                                     !- Hour 15
  0,                                      !- Minute 15
  0.81021897810219,                       !- Value Until Time 15
  21,                                     !- Hour 16
  0,                                      !- Minute 16
  0.793339416058394,                      !- Value Until Time 16
  22,                                     !- Hour 17
  0,                                      !- Minute 17
  0.776459854014598,                      !- Value Until Time 17
  23,                                     !- Hour 18
  0,                                      !- Minute 18
  0.742700729927007,                      !- Value Until Time 18
  24,                                     !- Hour 19
  0,                                      !- Minute 19
  0.69206204379562;                       !- Value Until Time 19

OS:Schedule:Rule,
  {dd0ca42f-5d05-4317-94bc-5455eea2371c}, !- Handle
  fridge schedule allday ruleset12,       !- Name
  {4cdf1c67-6ab7-4889-aeda-78b786fc41ac}, !- Schedule Ruleset Name
  0,                                      !- Rule Order
  {7687d529-8719-4ca7-ab5b-1773f13bac57}, !- Day Schedule Name
  Yes,                                    !- Apply Sunday
  Yes,                                    !- Apply Monday
  Yes,                                    !- Apply Tuesday
  Yes,                                    !- Apply Wednesday
  Yes,                                    !- Apply Thursday
  Yes,                                    !- Apply Friday
  Yes,                                    !- Apply Saturday
  DateRange,                              !- Date Specification Type
  12,                                     !- Start Month
  1,                                      !- Start Day
  12,                                     !- End Month
  31;                                     !- End Day

OS:Schedule:Day,
  {7687d529-8719-4ca7-ab5b-1773f13bac57}, !- Handle
  fridge schedule allday12,               !- Name
  {34f36b98-b76c-48c1-8280-8f0a08c409a4}, !- Schedule Type Limits Name
  ,                                       !- Interpolate to Timestep
  1,                                      !- Hour 1
  0,                                      !- Minute 1
  0.610948905109489,                      !- Value Until Time 1
  2,                                      !- Hour 2
  0,                                      !- Minute 2
  0.595675182481752,                      !- Value Until Time 2
  3,                                      !- Hour 3
  0,                                      !- Minute 3
  0.580401459854014,                      !- Value Until Time 3
  4,                                      !- Hour 4
  0,                                      !- Minute 4
  0.565127737226277,                      !- Value Until Time 4
  6,                                      !- Hour 5
  0,                                      !- Minute 5
  0.54985401459854,                       !- Value Until Time 5
  7,                                      !- Hour 6
  0,                                      !- Minute 6
  0.580401459854014,                      !- Value Until Time 6
  8,                                      !- Hour 7
  0,                                      !- Minute 7
  0.610948905109489,                      !- Value Until Time 7
  10,                                     !- Hour 8
  0,                                      !- Minute 8
  0.626222627737226,                      !- Value Until Time 8
  12,                                     !- Hour 9
  0,                                      !- Minute 9
  0.610948905109489,                      !- Value Until Time 9
  15,                                     !- Hour 10
  0,                                      !- Minute 10
  0.641496350364963,                      !- Value Until Time 10
  16,                                     !- Hour 11
  0,                                      !- Minute 11
  0.626222627737226,                      !- Value Until Time 11
  17,                                     !- Hour 12
  0,                                      !- Minute 12
  0.672043795620438,                      !- Value Until Time 12
  18,                                     !- Hour 13
  0,                                      !- Minute 13
  0.733138686131387,                      !- Value Until Time 13
  19,                                     !- Hour 14
  0,                                      !- Minute 14
  0.763686131386861,                      !- Value Until Time 14
  20,                                     !- Hour 15
  0,                                      !- Minute 15
  0.733138686131387,                      !- Value Until Time 15
  21,                                     !- Hour 16
  0,                                      !- Minute 16
  0.717864963503649,                      !- Value Until Time 16
  22,                                     !- Hour 17
  0,                                      !- Minute 17
  0.702591240875912,                      !- Value Until Time 17
  23,                                     !- Hour 18
  0,                                      !- Minute 18
  0.672043795620438,                      !- Value Until Time 18
  24,                                     !- Hour 19
  0,                                      !- Minute 19
  0.626222627737226;                      !- Value Until Time 19

OS:ElectricEquipment:Definition,
  {5d296803-6c78-4a1c-a7f5-a63428d841ac}, !- Handle
  fridge,                                 !- Name
  EquipmentLevel,                         !- Design Level Calculation Method
  60.3122457488475,                       !- Design Level {W}
  ,                                       !- Watts per Space Floor Area {W/m2}
  ,                                       !- Watts per Person {W/person}
  0,                                      !- Fraction Latent
  0.6,                                    !- Fraction Radiant
  0;                                      !- Fraction Lost

OS:ElectricEquipment,
  {a006ed86-f8b0-48f3-a466-7d2d4f301f12}, !- Handle
  fridge,                                 !- Name
  {5d296803-6c78-4a1c-a7f5-a63428d841ac}, !- Electric Equipment Definition Name
  {cc3ee1d5-cc45-4d77-8cf6-4c04500a8188}, !- Space or SpaceType Name
  {4cdf1c67-6ab7-4889-aeda-78b786fc41ac}, !- Schedule Name
  ,                                       !- Multiplier
  fridge;                                 !- End-Use Subcategory

OS:Schedule:Ruleset,
  {2c0325fd-fd77-4a0f-b1a8-522a6f48c40b}, !- Handle
  fridge schedule 1,                      !- Name
  {34f36b98-b76c-48c1-8280-8f0a08c409a4}, !- Schedule Type Limits Name
  {202b894c-e9b5-4f41-9564-53cb53654729}; !- Default Day Schedule Name

OS:Schedule:Day,
  {202b894c-e9b5-4f41-9564-53cb53654729}, !- Handle
  fridge schedule default day 1,          !- Name
  {34f36b98-b76c-48c1-8280-8f0a08c409a4}, !- Schedule Type Limits Name
  ,                                       !- Interpolate to Timestep
  24,                                     !- Hour 1
  0,                                      !- Minute 1
  0;                                      !- Value Until Time 1

OS:Schedule:Rule,
  {56c9ba20-f89b-4ef1-a6c1-a595f8db2f6c}, !- Handle
  fridge schedule allday ruleset1 1,      !- Name
  {2c0325fd-fd77-4a0f-b1a8-522a6f48c40b}, !- Schedule Ruleset Name
  6,                                      !- Rule Order
  {0487e629-bb28-4fb9-aa1c-b41158a864f0}, !- Day Schedule Name
  Yes,                                    !- Apply Sunday
  Yes,                                    !- Apply Monday
  Yes,                                    !- Apply Tuesday
  Yes,                                    !- Apply Wednesday
  Yes,                                    !- Apply Thursday
  Yes,                                    !- Apply Friday
  Yes,                                    !- Apply Saturday
  DateRange,                              !- Date Specification Type
  1,                                      !- Start Month
  1,                                      !- Start Day
  1,                                      !- End Month
  31;                                     !- End Day

OS:Schedule:Day,
  {0487e629-bb28-4fb9-aa1c-b41158a864f0}, !- Handle
  fridge schedule allday1 1,              !- Name
  {34f36b98-b76c-48c1-8280-8f0a08c409a4}, !- Schedule Type Limits Name
  ,                                       !- Interpolate to Timestep
  1,                                      !- Hour 1
  0,                                      !- Minute 1
  0.610948905109489,                      !- Value Until Time 1
  2,                                      !- Hour 2
  0,                                      !- Minute 2
  0.595675182481752,                      !- Value Until Time 2
  3,                                      !- Hour 3
  0,                                      !- Minute 3
  0.580401459854014,                      !- Value Until Time 3
  4,                                      !- Hour 4
  0,                                      !- Minute 4
  0.565127737226277,                      !- Value Until Time 4
  6,                                      !- Hour 5
  0,                                      !- Minute 5
  0.54985401459854,                       !- Value Until Time 5
  7,                                      !- Hour 6
  0,                                      !- Minute 6
  0.580401459854014,                      !- Value Until Time 6
  8,                                      !- Hour 7
  0,                                      !- Minute 7
  0.610948905109489,                      !- Value Until Time 7
  10,                                     !- Hour 8
  0,                                      !- Minute 8
  0.626222627737226,                      !- Value Until Time 8
  12,                                     !- Hour 9
  0,                                      !- Minute 9
  0.610948905109489,                      !- Value Until Time 9
  15,                                     !- Hour 10
  0,                                      !- Minute 10
  0.641496350364963,                      !- Value Until Time 10
  16,                                     !- Hour 11
  0,                                      !- Minute 11
  0.626222627737226,                      !- Value Until Time 11
  17,                                     !- Hour 12
  0,                                      !- Minute 12
  0.672043795620438,                      !- Value Until Time 12
  18,                                     !- Hour 13
  0,                                      !- Minute 13
  0.733138686131387,                      !- Value Until Time 13
  19,                                     !- Hour 14
  0,                                      !- Minute 14
  0.763686131386861,                      !- Value Until Time 14
  20,                                     !- Hour 15
  0,                                      !- Minute 15
  0.733138686131387,                      !- Value Until Time 15
  21,                                     !- Hour 16
  0,                                      !- Minute 16
  0.717864963503649,                      !- Value Until Time 16
  22,                                     !- Hour 17
  0,                                      !- Minute 17
  0.702591240875912,                      !- Value Until Time 17
  23,                                     !- Hour 18
  0,                                      !- Minute 18
  0.672043795620438,                      !- Value Until Time 18
  24,                                     !- Hour 19
  0,                                      !- Minute 19
  0.626222627737226;                      !- Value Until Time 19

OS:Schedule:Rule,
  {5283557d-a5d9-4ef7-890f-635b42fdb0fc}, !- Handle
  fridge schedule allday ruleset2 1,      !- Name
  {2c0325fd-fd77-4a0f-b1a8-522a6f48c40b}, !- Schedule Ruleset Name
  5,                                      !- Rule Order
  {7aed45c0-8aba-4584-9dc6-b6efa2f7f615}, !- Day Schedule Name
  Yes,                                    !- Apply Sunday
  Yes,                                    !- Apply Monday
  Yes,                                    !- Apply Tuesday
  Yes,                                    !- Apply Wednesday
  Yes,                                    !- Apply Thursday
  Yes,                                    !- Apply Friday
  Yes,                                    !- Apply Saturday
  DateRange,                              !- Date Specification Type
  2,                                      !- Start Month
  1,                                      !- Start Day
  2,                                      !- End Month
  28;                                     !- End Day

OS:Schedule:Day,
  {7aed45c0-8aba-4584-9dc6-b6efa2f7f615}, !- Handle
  fridge schedule allday2 1,              !- Name
  {34f36b98-b76c-48c1-8280-8f0a08c409a4}, !- Schedule Type Limits Name
  ,                                       !- Interpolate to Timestep
  1,                                      !- Hour 1
  0,                                      !- Minute 1
  0.60948905109489,                       !- Value Until Time 1
  2,                                      !- Hour 2
  0,                                      !- Minute 2
  0.594251824817518,                      !- Value Until Time 2
  3,                                      !- Hour 3
  0,                                      !- Minute 3
  0.579014598540146,                      !- Value Until Time 3
  4,                                      !- Hour 4
  0,                                      !- Minute 4
  0.563777372262774,                      !- Value Until Time 4
  6,                                      !- Hour 5
  0,                                      !- Minute 5
  0.548540145985401,                      !- Value Until Time 5
  7,                                      !- Hour 6
  0,                                      !- Minute 6
  0.579014598540146,                      !- Value Until Time 6
  8,                                      !- Hour 7
  0,                                      !- Minute 7
  0.60948905109489,                       !- Value Until Time 7
  10,                                     !- Hour 8
  0,                                      !- Minute 8
  0.624726277372263,                      !- Value Until Time 8
  12,                                     !- Hour 9
  0,                                      !- Minute 9
  0.60948905109489,                       !- Value Until Time 9
  15,                                     !- Hour 10
  0,                                      !- Minute 10
  0.639963503649635,                      !- Value Until Time 10
  16,                                     !- Hour 11
  0,                                      !- Minute 11
  0.624726277372263,                      !- Value Until Time 11
  17,                                     !- Hour 12
  0,                                      !- Minute 12
  0.670437956204379,                      !- Value Until Time 12
  18,                                     !- Hour 13
  0,                                      !- Minute 13
  0.731386861313868,                      !- Value Until Time 13
  19,                                     !- Hour 14
  0,                                      !- Minute 14
  0.761861313868613,                      !- Value Until Time 14
  20,                                     !- Hour 15
  0,                                      !- Minute 15
  0.731386861313868,                      !- Value Until Time 15
  21,                                     !- Hour 16
  0,                                      !- Minute 16
  0.716149635036496,                      !- Value Until Time 16
  22,                                     !- Hour 17
  0,                                      !- Minute 17
  0.700912408759124,                      !- Value Until Time 17
  23,                                     !- Hour 18
  0,                                      !- Minute 18
  0.670437956204379,                      !- Value Until Time 18
  24,                                     !- Hour 19
  0,                                      !- Minute 19
  0.624726277372263;                      !- Value Until Time 19

OS:Schedule:Rule,
  {7163c02b-8c93-44c2-9e89-a4390f7e67fd}, !- Handle
  fridge schedule allday ruleset3 1,      !- Name
  {2c0325fd-fd77-4a0f-b1a8-522a6f48c40b}, !- Schedule Ruleset Name
  4,                                      !- Rule Order
  {4ce0245c-2f8e-4a40-a198-65d8a5418beb}, !- Day Schedule Name
  Yes,                                    !- Apply Sunday
  Yes,                                    !- Apply Monday
  Yes,                                    !- Apply Tuesday
  Yes,                                    !- Apply Wednesday
  Yes,                                    !- Apply Thursday
  Yes,                                    !- Apply Friday
  Yes,                                    !- Apply Saturday
  DateRange,                              !- Date Specification Type
  3,                                      !- Start Month
  1,                                      !- Start Day
  5,                                      !- End Month
  31;                                     !- End Day

OS:Schedule:Day,
  {4ce0245c-2f8e-4a40-a198-65d8a5418beb}, !- Handle
  fridge schedule allday3 1,              !- Name
  {34f36b98-b76c-48c1-8280-8f0a08c409a4}, !- Schedule Type Limits Name
  ,                                       !- Interpolate to Timestep
  1,                                      !- Hour 1
  0,                                      !- Minute 1
  0.791240875912409,                      !- Value Until Time 1
  2,                                      !- Hour 2
  0,                                      !- Minute 2
  0.771459854014598,                      !- Value Until Time 2
  3,                                      !- Hour 3
  0,                                      !- Minute 3
  0.751678832116788,                      !- Value Until Time 3
  4,                                      !- Hour 4
  0,                                      !- Minute 4
  0.731897810218978,                      !- Value Until Time 4
  6,                                      !- Hour 5
  0,                                      !- Minute 5
  0.712116788321168,                      !- Value Until Time 5
  7,                                      !- Hour 6
  0,                                      !- Minute 6
  0.751678832116788,                      !- Value Until Time 6
  8,                                      !- Hour 7
  0,                                      !- Minute 7
  0.791240875912409,                      !- Value Until Time 7
  10,                                     !- Hour 8
  0,                                      !- Minute 8
  0.811021897810219,                      !- Value Until Time 8
  12,                                     !- Hour 9
  0,                                      !- Minute 9
  0.791240875912409,                      !- Value Until Time 9
  15,                                     !- Hour 10
  0,                                      !- Minute 10
  0.830802919708029,                      !- Value Until Time 10
  16,                                     !- Hour 11
  0,                                      !- Minute 11
  0.811021897810219,                      !- Value Until Time 11
  17,                                     !- Hour 12
  0,                                      !- Minute 12
  0.87036496350365,                       !- Value Until Time 12
  18,                                     !- Hour 13
  0,                                      !- Minute 13
  0.949489051094891,                      !- Value Until Time 13
  19,                                     !- Hour 14
  0,                                      !- Minute 14
  0.989051094890511,                      !- Value Until Time 14
  20,                                     !- Hour 15
  0,                                      !- Minute 15
  0.949489051094891,                      !- Value Until Time 15
  21,                                     !- Hour 16
  0,                                      !- Minute 16
  0.92970802919708,                       !- Value Until Time 16
  22,                                     !- Hour 17
  0,                                      !- Minute 17
  0.90992700729927,                       !- Value Until Time 17
  23,                                     !- Hour 18
  0,                                      !- Minute 18
  0.87036496350365,                       !- Value Until Time 18
  24,                                     !- Hour 19
  0,                                      !- Minute 19
  0.811021897810219;                      !- Value Until Time 19

OS:Schedule:Rule,
  {8c840f56-f6a5-4b51-92b1-a57616ea2772}, !- Handle
  fridge schedule allday ruleset6 1,      !- Name
  {2c0325fd-fd77-4a0f-b1a8-522a6f48c40b}, !- Schedule Ruleset Name
  3,                                      !- Rule Order
  {35a1a93b-cb76-4242-aec5-42c112966c75}, !- Day Schedule Name
  Yes,                                    !- Apply Sunday
  Yes,                                    !- Apply Monday
  Yes,                                    !- Apply Tuesday
  Yes,                                    !- Apply Wednesday
  Yes,                                    !- Apply Thursday
  Yes,                                    !- Apply Friday
  Yes,                                    !- Apply Saturday
  DateRange,                              !- Date Specification Type
  6,                                      !- Start Month
  1,                                      !- Start Day
  9,                                      !- End Month
  30;                                     !- End Day

OS:Schedule:Day,
  {35a1a93b-cb76-4242-aec5-42c112966c75}, !- Handle
  fridge schedule allday6 1,              !- Name
  {34f36b98-b76c-48c1-8280-8f0a08c409a4}, !- Schedule Type Limits Name
  ,                                       !- Interpolate to Timestep
  1,                                      !- Hour 1
  0,                                      !- Minute 1
  0.8,                                    !- Value Until Time 1
  2,                                      !- Hour 2
  0,                                      !- Minute 2
  0.78,                                   !- Value Until Time 2
  3,                                      !- Hour 3
  0,                                      !- Minute 3
  0.76,                                   !- Value Until Time 3
  4,                                      !- Hour 4
  0,                                      !- Minute 4
  0.74,                                   !- Value Until Time 4
  6,                                      !- Hour 5
  0,                                      !- Minute 5
  0.72,                                   !- Value Until Time 5
  7,                                      !- Hour 6
  0,                                      !- Minute 6
  0.76,                                   !- Value Until Time 6
  8,                                      !- Hour 7
  0,                                      !- Minute 7
  0.8,                                    !- Value Until Time 7
  10,                                     !- Hour 8
  0,                                      !- Minute 8
  0.82,                                   !- Value Until Time 8
  12,                                     !- Hour 9
  0,                                      !- Minute 9
  0.8,                                    !- Value Until Time 9
  15,                                     !- Hour 10
  0,                                      !- Minute 10
  0.84,                                   !- Value Until Time 10
  16,                                     !- Hour 11
  0,                                      !- Minute 11
  0.82,                                   !- Value Until Time 11
  17,                                     !- Hour 12
  0,                                      !- Minute 12
  0.88,                                   !- Value Until Time 12
  18,                                     !- Hour 13
  0,                                      !- Minute 13
  0.96,                                   !- Value Until Time 13
  19,                                     !- Hour 14
  0,                                      !- Minute 14
  1,                                      !- Value Until Time 14
  20,                                     !- Hour 15
  0,                                      !- Minute 15
  0.96,                                   !- Value Until Time 15
  21,                                     !- Hour 16
  0,                                      !- Minute 16
  0.94,                                   !- Value Until Time 16
  22,                                     !- Hour 17
  0,                                      !- Minute 17
  0.92,                                   !- Value Until Time 17
  23,                                     !- Hour 18
  0,                                      !- Minute 18
  0.88,                                   !- Value Until Time 18
  24,                                     !- Hour 19
  0,                                      !- Minute 19
  0.82;                                   !- Value Until Time 19

OS:Schedule:Rule,
  {48758bb2-02cc-4dc0-9de9-d8df2d632615}, !- Handle
  fridge schedule allday ruleset10 1,     !- Name
  {2c0325fd-fd77-4a0f-b1a8-522a6f48c40b}, !- Schedule Ruleset Name
  2,                                      !- Rule Order
  {53ad7c03-a7d3-4b2a-83a0-921811d6053f}, !- Day Schedule Name
  Yes,                                    !- Apply Sunday
  Yes,                                    !- Apply Monday
  Yes,                                    !- Apply Tuesday
  Yes,                                    !- Apply Wednesday
  Yes,                                    !- Apply Thursday
  Yes,                                    !- Apply Friday
  Yes,                                    !- Apply Saturday
  DateRange,                              !- Date Specification Type
  10,                                     !- Start Month
  1,                                      !- Start Day
  10,                                     !- End Month
  31;                                     !- End Day

OS:Schedule:Day,
  {53ad7c03-a7d3-4b2a-83a0-921811d6053f}, !- Handle
  fridge schedule allday10 1,             !- Name
  {34f36b98-b76c-48c1-8280-8f0a08c409a4}, !- Schedule Type Limits Name
  ,                                       !- Interpolate to Timestep
  1,                                      !- Hour 1
  0,                                      !- Minute 1
  0.67956204379562,                       !- Value Until Time 1
  2,                                      !- Hour 2
  0,                                      !- Minute 2
  0.66257299270073,                       !- Value Until Time 2
  3,                                      !- Hour 3
  0,                                      !- Minute 3
  0.645583941605839,                      !- Value Until Time 3
  4,                                      !- Hour 4
  0,                                      !- Minute 4
  0.628594890510949,                      !- Value Until Time 4
  6,                                      !- Hour 5
  0,                                      !- Minute 5
  0.611605839416058,                      !- Value Until Time 5
  7,                                      !- Hour 6
  0,                                      !- Minute 6
  0.645583941605839,                      !- Value Until Time 6
  8,                                      !- Hour 7
  0,                                      !- Minute 7
  0.67956204379562,                       !- Value Until Time 7
  10,                                     !- Hour 8
  0,                                      !- Minute 8
  0.696551094890511,                      !- Value Until Time 8
  12,                                     !- Hour 9
  0,                                      !- Minute 9
  0.67956204379562,                       !- Value Until Time 9
  15,                                     !- Hour 10
  0,                                      !- Minute 10
  0.713540145985401,                      !- Value Until Time 10
  16,                                     !- Hour 11
  0,                                      !- Minute 11
  0.696551094890511,                      !- Value Until Time 11
  17,                                     !- Hour 12
  0,                                      !- Minute 12
  0.747518248175182,                      !- Value Until Time 12
  18,                                     !- Hour 13
  0,                                      !- Minute 13
  0.815474452554744,                      !- Value Until Time 13
  19,                                     !- Hour 14
  0,                                      !- Minute 14
  0.849452554744526,                      !- Value Until Time 14
  20,                                     !- Hour 15
  0,                                      !- Minute 15
  0.815474452554744,                      !- Value Until Time 15
  21,                                     !- Hour 16
  0,                                      !- Minute 16
  0.798485401459854,                      !- Value Until Time 16
  22,                                     !- Hour 17
  0,                                      !- Minute 17
  0.781496350364963,                      !- Value Until Time 17
  23,                                     !- Hour 18
  0,                                      !- Minute 18
  0.747518248175182,                      !- Value Until Time 18
  24,                                     !- Hour 19
  0,                                      !- Minute 19
  0.696551094890511;                      !- Value Until Time 19

OS:Schedule:Rule,
  {bff426f5-2528-40c0-8458-a5695c5f8b06}, !- Handle
  fridge schedule allday ruleset11 1,     !- Name
  {2c0325fd-fd77-4a0f-b1a8-522a6f48c40b}, !- Schedule Ruleset Name
  1,                                      !- Rule Order
  {52c678c0-7d12-47e6-a225-5969e2fbd40f}, !- Day Schedule Name
  Yes,                                    !- Apply Sunday
  Yes,                                    !- Apply Monday
  Yes,                                    !- Apply Tuesday
  Yes,                                    !- Apply Wednesday
  Yes,                                    !- Apply Thursday
  Yes,                                    !- Apply Friday
  Yes,                                    !- Apply Saturday
  DateRange,                              !- Date Specification Type
  11,                                     !- Start Month
  1,                                      !- Start Day
  11,                                     !- End Month
  30;                                     !- End Day

OS:Schedule:Day,
  {52c678c0-7d12-47e6-a225-5969e2fbd40f}, !- Handle
  fridge schedule allday11 1,             !- Name
  {34f36b98-b76c-48c1-8280-8f0a08c409a4}, !- Schedule Type Limits Name
  ,                                       !- Interpolate to Timestep
  1,                                      !- Hour 1
  0,                                      !- Minute 1
  0.675182481751825,                      !- Value Until Time 1
  2,                                      !- Hour 2
  0,                                      !- Minute 2
  0.658302919708029,                      !- Value Until Time 2
  3,                                      !- Hour 3
  0,                                      !- Minute 3
  0.641423357664234,                      !- Value Until Time 3
  4,                                      !- Hour 4
  0,                                      !- Minute 4
  0.624543795620438,                      !- Value Until Time 4
  6,                                      !- Hour 5
  0,                                      !- Minute 5
  0.607664233576642,                      !- Value Until Time 5
  7,                                      !- Hour 6
  0,                                      !- Minute 6
  0.641423357664234,                      !- Value Until Time 6
  8,                                      !- Hour 7
  0,                                      !- Minute 7
  0.675182481751825,                      !- Value Until Time 7
  10,                                     !- Hour 8
  0,                                      !- Minute 8
  0.69206204379562,                       !- Value Until Time 8
  12,                                     !- Hour 9
  0,                                      !- Minute 9
  0.675182481751825,                      !- Value Until Time 9
  15,                                     !- Hour 10
  0,                                      !- Minute 10
  0.708941605839416,                      !- Value Until Time 10
  16,                                     !- Hour 11
  0,                                      !- Minute 11
  0.69206204379562,                       !- Value Until Time 11
  17,                                     !- Hour 12
  0,                                      !- Minute 12
  0.742700729927007,                      !- Value Until Time 12
  18,                                     !- Hour 13
  0,                                      !- Minute 13
  0.81021897810219,                       !- Value Until Time 13
  19,                                     !- Hour 14
  0,                                      !- Minute 14
  0.843978102189781,                      !- Value Until Time 14
  20,                                     !- Hour 15
  0,                                      !- Minute 15
  0.81021897810219,                       !- Value Until Time 15
  21,                                     !- Hour 16
  0,                                      !- Minute 16
  0.793339416058394,                      !- Value Until Time 16
  22,                                     !- Hour 17
  0,                                      !- Minute 17
  0.776459854014598,                      !- Value Until Time 17
  23,                                     !- Hour 18
  0,                                      !- Minute 18
  0.742700729927007,                      !- Value Until Time 18
  24,                                     !- Hour 19
  0,                                      !- Minute 19
  0.69206204379562;                       !- Value Until Time 19

OS:Schedule:Rule,
  {0098e11e-711e-4281-b0fb-07daad5233b8}, !- Handle
  fridge schedule allday ruleset12 1,     !- Name
  {2c0325fd-fd77-4a0f-b1a8-522a6f48c40b}, !- Schedule Ruleset Name
  0,                                      !- Rule Order
  {a1a9c85d-70ad-40a3-a096-d1a93266c551}, !- Day Schedule Name
  Yes,                                    !- Apply Sunday
  Yes,                                    !- Apply Monday
  Yes,                                    !- Apply Tuesday
  Yes,                                    !- Apply Wednesday
  Yes,                                    !- Apply Thursday
  Yes,                                    !- Apply Friday
  Yes,                                    !- Apply Saturday
  DateRange,                              !- Date Specification Type
  12,                                     !- Start Month
  1,                                      !- Start Day
  12,                                     !- End Month
  31;                                     !- End Day

OS:Schedule:Day,
  {a1a9c85d-70ad-40a3-a096-d1a93266c551}, !- Handle
  fridge schedule allday12 1,             !- Name
  {34f36b98-b76c-48c1-8280-8f0a08c409a4}, !- Schedule Type Limits Name
  ,                                       !- Interpolate to Timestep
  1,                                      !- Hour 1
  0,                                      !- Minute 1
  0.610948905109489,                      !- Value Until Time 1
  2,                                      !- Hour 2
  0,                                      !- Minute 2
  0.595675182481752,                      !- Value Until Time 2
  3,                                      !- Hour 3
  0,                                      !- Minute 3
  0.580401459854014,                      !- Value Until Time 3
  4,                                      !- Hour 4
  0,                                      !- Minute 4
  0.565127737226277,                      !- Value Until Time 4
  6,                                      !- Hour 5
  0,                                      !- Minute 5
  0.54985401459854,                       !- Value Until Time 5
  7,                                      !- Hour 6
  0,                                      !- Minute 6
  0.580401459854014,                      !- Value Until Time 6
  8,                                      !- Hour 7
  0,                                      !- Minute 7
  0.610948905109489,                      !- Value Until Time 7
  10,                                     !- Hour 8
  0,                                      !- Minute 8
  0.626222627737226,                      !- Value Until Time 8
  12,                                     !- Hour 9
  0,                                      !- Minute 9
  0.610948905109489,                      !- Value Until Time 9
  15,                                     !- Hour 10
  0,                                      !- Minute 10
  0.641496350364963,                      !- Value Until Time 10
  16,                                     !- Hour 11
  0,                                      !- Minute 11
  0.626222627737226,                      !- Value Until Time 11
  17,                                     !- Hour 12
  0,                                      !- Minute 12
  0.672043795620438,                      !- Value Until Time 12
  18,                                     !- Hour 13
  0,                                      !- Minute 13
  0.733138686131387,                      !- Value Until Time 13
  19,                                     !- Hour 14
  0,                                      !- Minute 14
  0.763686131386861,                      !- Value Until Time 14
  20,                                     !- Hour 15
  0,                                      !- Minute 15
  0.733138686131387,                      !- Value Until Time 15
  21,                                     !- Hour 16
  0,                                      !- Minute 16
  0.717864963503649,                      !- Value Until Time 16
  22,                                     !- Hour 17
  0,                                      !- Minute 17
  0.702591240875912,                      !- Value Until Time 17
  23,                                     !- Hour 18
  0,                                      !- Minute 18
  0.672043795620438,                      !- Value Until Time 18
  24,                                     !- Hour 19
  0,                                      !- Minute 19
  0.626222627737226;                      !- Value Until Time 19

OS:ElectricEquipment:Definition,
  {8857e670-5b19-444c-b540-3a7391d19fb2}, !- Handle
  fridge 2,                               !- Name
  EquipmentLevel,                         !- Design Level Calculation Method
  64.9389591178689,                       !- Design Level {W}
  ,                                       !- Watts per Space Floor Area {W/m2}
  ,                                       !- Watts per Person {W/person}
  0,                                      !- Fraction Latent
  0.6,                                    !- Fraction Radiant
  0;                                      !- Fraction Lost

OS:ElectricEquipment,
  {440cc5ef-03ec-456d-ac68-24f55317759f}, !- Handle
  fridge 1,                               !- Name
  {8857e670-5b19-444c-b540-3a7391d19fb2}, !- Electric Equipment Definition Name
  {cc3ee1d5-cc45-4d77-8cf6-4c04500a8188}, !- Space or SpaceType Name
  {2c0325fd-fd77-4a0f-b1a8-522a6f48c40b}, !- Schedule Name
  ,                                       !- Multiplier
  fridge;                                 !- End-Use Subcategory

OS:Schedule:Ruleset,
  {05e39f47-d4ac-492b-9762-ba7bbfbaf866}, !- Handle
  freezer schedule,                       !- Name
  {34f36b98-b76c-48c1-8280-8f0a08c409a4}, !- Schedule Type Limits Name
  {75ddd762-ed74-48cf-8e22-16cbe62ef41e}; !- Default Day Schedule Name

OS:Schedule:Day,
  {75ddd762-ed74-48cf-8e22-16cbe62ef41e}, !- Handle
  freezer schedule default day,           !- Name
  {34f36b98-b76c-48c1-8280-8f0a08c409a4}, !- Schedule Type Limits Name
  ,                                       !- Interpolate to Timestep
  24,                                     !- Hour 1
  0,                                      !- Minute 1
  0;                                      !- Value Until Time 1

OS:Schedule:Rule,
  {ae9d981a-feb1-4ab2-9e7c-822fb671fbff}, !- Handle
  freezer schedule allday ruleset1,       !- Name
  {05e39f47-d4ac-492b-9762-ba7bbfbaf866}, !- Schedule Ruleset Name
  6,                                      !- Rule Order
  {3cd8e600-793a-4dc7-8d6e-a7f947d38396}, !- Day Schedule Name
  Yes,                                    !- Apply Sunday
  Yes,                                    !- Apply Monday
  Yes,                                    !- Apply Tuesday
  Yes,                                    !- Apply Wednesday
  Yes,                                    !- Apply Thursday
  Yes,                                    !- Apply Friday
  Yes,                                    !- Apply Saturday
  DateRange,                              !- Date Specification Type
  1,                                      !- Start Month
  1,                                      !- Start Day
  1,                                      !- End Month
  31;                                     !- End Day

OS:Schedule:Day,
  {3cd8e600-793a-4dc7-8d6e-a7f947d38396}, !- Handle
  freezer schedule allday1,               !- Name
  {34f36b98-b76c-48c1-8280-8f0a08c409a4}, !- Schedule Type Limits Name
  ,                                       !- Interpolate to Timestep
  1,                                      !- Hour 1
  0,                                      !- Minute 1
  0.610948905109489,                      !- Value Until Time 1
  2,                                      !- Hour 2
  0,                                      !- Minute 2
  0.595675182481752,                      !- Value Until Time 2
  3,                                      !- Hour 3
  0,                                      !- Minute 3
  0.580401459854014,                      !- Value Until Time 3
  4,                                      !- Hour 4
  0,                                      !- Minute 4
  0.565127737226277,                      !- Value Until Time 4
  6,                                      !- Hour 5
  0,                                      !- Minute 5
  0.54985401459854,                       !- Value Until Time 5
  7,                                      !- Hour 6
  0,                                      !- Minute 6
  0.580401459854014,                      !- Value Until Time 6
  8,                                      !- Hour 7
  0,                                      !- Minute 7
  0.610948905109489,                      !- Value Until Time 7
  10,                                     !- Hour 8
  0,                                      !- Minute 8
  0.626222627737226,                      !- Value Until Time 8
  12,                                     !- Hour 9
  0,                                      !- Minute 9
  0.610948905109489,                      !- Value Until Time 9
  15,                                     !- Hour 10
  0,                                      !- Minute 10
  0.641496350364963,                      !- Value Until Time 10
  16,                                     !- Hour 11
  0,                                      !- Minute 11
  0.626222627737226,                      !- Value Until Time 11
  17,                                     !- Hour 12
  0,                                      !- Minute 12
  0.672043795620438,                      !- Value Until Time 12
  18,                                     !- Hour 13
  0,                                      !- Minute 13
  0.733138686131387,                      !- Value Until Time 13
  19,                                     !- Hour 14
  0,                                      !- Minute 14
  0.763686131386861,                      !- Value Until Time 14
  20,                                     !- Hour 15
  0,                                      !- Minute 15
  0.733138686131387,                      !- Value Until Time 15
  21,                                     !- Hour 16
  0,                                      !- Minute 16
  0.717864963503649,                      !- Value Until Time 16
  22,                                     !- Hour 17
  0,                                      !- Minute 17
  0.702591240875912,                      !- Value Until Time 17
  23,                                     !- Hour 18
  0,                                      !- Minute 18
  0.672043795620438,                      !- Value Until Time 18
  24,                                     !- Hour 19
  0,                                      !- Minute 19
  0.626222627737226;                      !- Value Until Time 19

OS:Schedule:Rule,
  {b2f67429-7fd4-42f8-9330-bd2bb50f26de}, !- Handle
  freezer schedule allday ruleset2,       !- Name
  {05e39f47-d4ac-492b-9762-ba7bbfbaf866}, !- Schedule Ruleset Name
  5,                                      !- Rule Order
  {4ce19647-97a0-4c76-b06a-ba77d0ce11fc}, !- Day Schedule Name
  Yes,                                    !- Apply Sunday
  Yes,                                    !- Apply Monday
  Yes,                                    !- Apply Tuesday
  Yes,                                    !- Apply Wednesday
  Yes,                                    !- Apply Thursday
  Yes,                                    !- Apply Friday
  Yes,                                    !- Apply Saturday
  DateRange,                              !- Date Specification Type
  2,                                      !- Start Month
  1,                                      !- Start Day
  2,                                      !- End Month
  28;                                     !- End Day

OS:Schedule:Day,
  {4ce19647-97a0-4c76-b06a-ba77d0ce11fc}, !- Handle
  freezer schedule allday2,               !- Name
  {34f36b98-b76c-48c1-8280-8f0a08c409a4}, !- Schedule Type Limits Name
  ,                                       !- Interpolate to Timestep
  1,                                      !- Hour 1
  0,                                      !- Minute 1
  0.60948905109489,                       !- Value Until Time 1
  2,                                      !- Hour 2
  0,                                      !- Minute 2
  0.594251824817518,                      !- Value Until Time 2
  3,                                      !- Hour 3
  0,                                      !- Minute 3
  0.579014598540146,                      !- Value Until Time 3
  4,                                      !- Hour 4
  0,                                      !- Minute 4
  0.563777372262774,                      !- Value Until Time 4
  6,                                      !- Hour 5
  0,                                      !- Minute 5
  0.548540145985401,                      !- Value Until Time 5
  7,                                      !- Hour 6
  0,                                      !- Minute 6
  0.579014598540146,                      !- Value Until Time 6
  8,                                      !- Hour 7
  0,                                      !- Minute 7
  0.60948905109489,                       !- Value Until Time 7
  10,                                     !- Hour 8
  0,                                      !- Minute 8
  0.624726277372263,                      !- Value Until Time 8
  12,                                     !- Hour 9
  0,                                      !- Minute 9
  0.60948905109489,                       !- Value Until Time 9
  15,                                     !- Hour 10
  0,                                      !- Minute 10
  0.639963503649635,                      !- Value Until Time 10
  16,                                     !- Hour 11
  0,                                      !- Minute 11
  0.624726277372263,                      !- Value Until Time 11
  17,                                     !- Hour 12
  0,                                      !- Minute 12
  0.670437956204379,                      !- Value Until Time 12
  18,                                     !- Hour 13
  0,                                      !- Minute 13
  0.731386861313868,                      !- Value Until Time 13
  19,                                     !- Hour 14
  0,                                      !- Minute 14
  0.761861313868613,                      !- Value Until Time 14
  20,                                     !- Hour 15
  0,                                      !- Minute 15
  0.731386861313868,                      !- Value Until Time 15
  21,                                     !- Hour 16
  0,                                      !- Minute 16
  0.716149635036496,                      !- Value Until Time 16
  22,                                     !- Hour 17
  0,                                      !- Minute 17
  0.700912408759124,                      !- Value Until Time 17
  23,                                     !- Hour 18
  0,                                      !- Minute 18
  0.670437956204379,                      !- Value Until Time 18
  24,                                     !- Hour 19
  0,                                      !- Minute 19
  0.624726277372263;                      !- Value Until Time 19

OS:Schedule:Rule,
  {1aa4887a-bd2c-4074-99dc-85fd3f54f058}, !- Handle
  freezer schedule allday ruleset3,       !- Name
  {05e39f47-d4ac-492b-9762-ba7bbfbaf866}, !- Schedule Ruleset Name
  4,                                      !- Rule Order
  {a9e87158-750e-4921-8dd7-0602789612dd}, !- Day Schedule Name
  Yes,                                    !- Apply Sunday
  Yes,                                    !- Apply Monday
  Yes,                                    !- Apply Tuesday
  Yes,                                    !- Apply Wednesday
  Yes,                                    !- Apply Thursday
  Yes,                                    !- Apply Friday
  Yes,                                    !- Apply Saturday
  DateRange,                              !- Date Specification Type
  3,                                      !- Start Month
  1,                                      !- Start Day
  5,                                      !- End Month
  31;                                     !- End Day

OS:Schedule:Day,
  {a9e87158-750e-4921-8dd7-0602789612dd}, !- Handle
  freezer schedule allday3,               !- Name
  {34f36b98-b76c-48c1-8280-8f0a08c409a4}, !- Schedule Type Limits Name
  ,                                       !- Interpolate to Timestep
  1,                                      !- Hour 1
  0,                                      !- Minute 1
  0.791240875912409,                      !- Value Until Time 1
  2,                                      !- Hour 2
  0,                                      !- Minute 2
  0.771459854014598,                      !- Value Until Time 2
  3,                                      !- Hour 3
  0,                                      !- Minute 3
  0.751678832116788,                      !- Value Until Time 3
  4,                                      !- Hour 4
  0,                                      !- Minute 4
  0.731897810218978,                      !- Value Until Time 4
  6,                                      !- Hour 5
  0,                                      !- Minute 5
  0.712116788321168,                      !- Value Until Time 5
  7,                                      !- Hour 6
  0,                                      !- Minute 6
  0.751678832116788,                      !- Value Until Time 6
  8,                                      !- Hour 7
  0,                                      !- Minute 7
  0.791240875912409,                      !- Value Until Time 7
  10,                                     !- Hour 8
  0,                                      !- Minute 8
  0.811021897810219,                      !- Value Until Time 8
  12,                                     !- Hour 9
  0,                                      !- Minute 9
  0.791240875912409,                      !- Value Until Time 9
  15,                                     !- Hour 10
  0,                                      !- Minute 10
  0.830802919708029,                      !- Value Until Time 10
  16,                                     !- Hour 11
  0,                                      !- Minute 11
  0.811021897810219,                      !- Value Until Time 11
  17,                                     !- Hour 12
  0,                                      !- Minute 12
  0.87036496350365,                       !- Value Until Time 12
  18,                                     !- Hour 13
  0,                                      !- Minute 13
  0.949489051094891,                      !- Value Until Time 13
  19,                                     !- Hour 14
  0,                                      !- Minute 14
  0.989051094890511,                      !- Value Until Time 14
  20,                                     !- Hour 15
  0,                                      !- Minute 15
  0.949489051094891,                      !- Value Until Time 15
  21,                                     !- Hour 16
  0,                                      !- Minute 16
  0.92970802919708,                       !- Value Until Time 16
  22,                                     !- Hour 17
  0,                                      !- Minute 17
  0.90992700729927,                       !- Value Until Time 17
  23,                                     !- Hour 18
  0,                                      !- Minute 18
  0.87036496350365,                       !- Value Until Time 18
  24,                                     !- Hour 19
  0,                                      !- Minute 19
  0.811021897810219;                      !- Value Until Time 19

OS:Schedule:Rule,
  {8f4c2ae3-f649-4898-afd6-aa760924b902}, !- Handle
  freezer schedule allday ruleset6,       !- Name
  {05e39f47-d4ac-492b-9762-ba7bbfbaf866}, !- Schedule Ruleset Name
  3,                                      !- Rule Order
  {de42710b-9d31-4222-83b9-416c6d77075c}, !- Day Schedule Name
  Yes,                                    !- Apply Sunday
  Yes,                                    !- Apply Monday
  Yes,                                    !- Apply Tuesday
  Yes,                                    !- Apply Wednesday
  Yes,                                    !- Apply Thursday
  Yes,                                    !- Apply Friday
  Yes,                                    !- Apply Saturday
  DateRange,                              !- Date Specification Type
  6,                                      !- Start Month
  1,                                      !- Start Day
  9,                                      !- End Month
  30;                                     !- End Day

OS:Schedule:Day,
  {de42710b-9d31-4222-83b9-416c6d77075c}, !- Handle
  freezer schedule allday6,               !- Name
  {34f36b98-b76c-48c1-8280-8f0a08c409a4}, !- Schedule Type Limits Name
  ,                                       !- Interpolate to Timestep
  1,                                      !- Hour 1
  0,                                      !- Minute 1
  0.8,                                    !- Value Until Time 1
  2,                                      !- Hour 2
  0,                                      !- Minute 2
  0.78,                                   !- Value Until Time 2
  3,                                      !- Hour 3
  0,                                      !- Minute 3
  0.76,                                   !- Value Until Time 3
  4,                                      !- Hour 4
  0,                                      !- Minute 4
  0.74,                                   !- Value Until Time 4
  6,                                      !- Hour 5
  0,                                      !- Minute 5
  0.72,                                   !- Value Until Time 5
  7,                                      !- Hour 6
  0,                                      !- Minute 6
  0.76,                                   !- Value Until Time 6
  8,                                      !- Hour 7
  0,                                      !- Minute 7
  0.8,                                    !- Value Until Time 7
  10,                                     !- Hour 8
  0,                                      !- Minute 8
  0.82,                                   !- Value Until Time 8
  12,                                     !- Hour 9
  0,                                      !- Minute 9
  0.8,                                    !- Value Until Time 9
  15,                                     !- Hour 10
  0,                                      !- Minute 10
  0.84,                                   !- Value Until Time 10
  16,                                     !- Hour 11
  0,                                      !- Minute 11
  0.82,                                   !- Value Until Time 11
  17,                                     !- Hour 12
  0,                                      !- Minute 12
  0.88,                                   !- Value Until Time 12
  18,                                     !- Hour 13
  0,                                      !- Minute 13
  0.96,                                   !- Value Until Time 13
  19,                                     !- Hour 14
  0,                                      !- Minute 14
  1,                                      !- Value Until Time 14
  20,                                     !- Hour 15
  0,                                      !- Minute 15
  0.96,                                   !- Value Until Time 15
  21,                                     !- Hour 16
  0,                                      !- Minute 16
  0.94,                                   !- Value Until Time 16
  22,                                     !- Hour 17
  0,                                      !- Minute 17
  0.92,                                   !- Value Until Time 17
  23,                                     !- Hour 18
  0,                                      !- Minute 18
  0.88,                                   !- Value Until Time 18
  24,                                     !- Hour 19
  0,                                      !- Minute 19
  0.82;                                   !- Value Until Time 19

OS:Schedule:Rule,
  {c005828f-c24e-4ea3-a0d1-d4f51c2a2c64}, !- Handle
  freezer schedule allday ruleset10,      !- Name
  {05e39f47-d4ac-492b-9762-ba7bbfbaf866}, !- Schedule Ruleset Name
  2,                                      !- Rule Order
  {3a743de0-b494-4ab2-9117-cfb3d8da7f5b}, !- Day Schedule Name
  Yes,                                    !- Apply Sunday
  Yes,                                    !- Apply Monday
  Yes,                                    !- Apply Tuesday
  Yes,                                    !- Apply Wednesday
  Yes,                                    !- Apply Thursday
  Yes,                                    !- Apply Friday
  Yes,                                    !- Apply Saturday
  DateRange,                              !- Date Specification Type
  10,                                     !- Start Month
  1,                                      !- Start Day
  10,                                     !- End Month
  31;                                     !- End Day

OS:Schedule:Day,
  {3a743de0-b494-4ab2-9117-cfb3d8da7f5b}, !- Handle
  freezer schedule allday10,              !- Name
  {34f36b98-b76c-48c1-8280-8f0a08c409a4}, !- Schedule Type Limits Name
  ,                                       !- Interpolate to Timestep
  1,                                      !- Hour 1
  0,                                      !- Minute 1
  0.67956204379562,                       !- Value Until Time 1
  2,                                      !- Hour 2
  0,                                      !- Minute 2
  0.66257299270073,                       !- Value Until Time 2
  3,                                      !- Hour 3
  0,                                      !- Minute 3
  0.645583941605839,                      !- Value Until Time 3
  4,                                      !- Hour 4
  0,                                      !- Minute 4
  0.628594890510949,                      !- Value Until Time 4
  6,                                      !- Hour 5
  0,                                      !- Minute 5
  0.611605839416058,                      !- Value Until Time 5
  7,                                      !- Hour 6
  0,                                      !- Minute 6
  0.645583941605839,                      !- Value Until Time 6
  8,                                      !- Hour 7
  0,                                      !- Minute 7
  0.67956204379562,                       !- Value Until Time 7
  10,                                     !- Hour 8
  0,                                      !- Minute 8
  0.696551094890511,                      !- Value Until Time 8
  12,                                     !- Hour 9
  0,                                      !- Minute 9
  0.67956204379562,                       !- Value Until Time 9
  15,                                     !- Hour 10
  0,                                      !- Minute 10
  0.713540145985401,                      !- Value Until Time 10
  16,                                     !- Hour 11
  0,                                      !- Minute 11
  0.696551094890511,                      !- Value Until Time 11
  17,                                     !- Hour 12
  0,                                      !- Minute 12
  0.747518248175182,                      !- Value Until Time 12
  18,                                     !- Hour 13
  0,                                      !- Minute 13
  0.815474452554744,                      !- Value Until Time 13
  19,                                     !- Hour 14
  0,                                      !- Minute 14
  0.849452554744526,                      !- Value Until Time 14
  20,                                     !- Hour 15
  0,                                      !- Minute 15
  0.815474452554744,                      !- Value Until Time 15
  21,                                     !- Hour 16
  0,                                      !- Minute 16
  0.798485401459854,                      !- Value Until Time 16
  22,                                     !- Hour 17
  0,                                      !- Minute 17
  0.781496350364963,                      !- Value Until Time 17
  23,                                     !- Hour 18
  0,                                      !- Minute 18
  0.747518248175182,                      !- Value Until Time 18
  24,                                     !- Hour 19
  0,                                      !- Minute 19
  0.696551094890511;                      !- Value Until Time 19

OS:Schedule:Rule,
  {d5ce57a1-99d7-4b7f-827b-afef32d738f0}, !- Handle
  freezer schedule allday ruleset11,      !- Name
  {05e39f47-d4ac-492b-9762-ba7bbfbaf866}, !- Schedule Ruleset Name
  1,                                      !- Rule Order
  {a3012369-be22-4e06-abd4-fcb22b5c3f9d}, !- Day Schedule Name
  Yes,                                    !- Apply Sunday
  Yes,                                    !- Apply Monday
  Yes,                                    !- Apply Tuesday
  Yes,                                    !- Apply Wednesday
  Yes,                                    !- Apply Thursday
  Yes,                                    !- Apply Friday
  Yes,                                    !- Apply Saturday
  DateRange,                              !- Date Specification Type
  11,                                     !- Start Month
  1,                                      !- Start Day
  11,                                     !- End Month
  30;                                     !- End Day

OS:Schedule:Day,
  {a3012369-be22-4e06-abd4-fcb22b5c3f9d}, !- Handle
  freezer schedule allday11,              !- Name
  {34f36b98-b76c-48c1-8280-8f0a08c409a4}, !- Schedule Type Limits Name
  ,                                       !- Interpolate to Timestep
  1,                                      !- Hour 1
  0,                                      !- Minute 1
  0.675182481751825,                      !- Value Until Time 1
  2,                                      !- Hour 2
  0,                                      !- Minute 2
  0.658302919708029,                      !- Value Until Time 2
  3,                                      !- Hour 3
  0,                                      !- Minute 3
  0.641423357664234,                      !- Value Until Time 3
  4,                                      !- Hour 4
  0,                                      !- Minute 4
  0.624543795620438,                      !- Value Until Time 4
  6,                                      !- Hour 5
  0,                                      !- Minute 5
  0.607664233576642,                      !- Value Until Time 5
  7,                                      !- Hour 6
  0,                                      !- Minute 6
  0.641423357664234,                      !- Value Until Time 6
  8,                                      !- Hour 7
  0,                                      !- Minute 7
  0.675182481751825,                      !- Value Until Time 7
  10,                                     !- Hour 8
  0,                                      !- Minute 8
  0.69206204379562,                       !- Value Until Time 8
  12,                                     !- Hour 9
  0,                                      !- Minute 9
  0.675182481751825,                      !- Value Until Time 9
  15,                                     !- Hour 10
  0,                                      !- Minute 10
  0.708941605839416,                      !- Value Until Time 10
  16,                                     !- Hour 11
  0,                                      !- Minute 11
  0.69206204379562,                       !- Value Until Time 11
  17,                                     !- Hour 12
  0,                                      !- Minute 12
  0.742700729927007,                      !- Value Until Time 12
  18,                                     !- Hour 13
  0,                                      !- Minute 13
  0.81021897810219,                       !- Value Until Time 13
  19,                                     !- Hour 14
  0,                                      !- Minute 14
  0.843978102189781,                      !- Value Until Time 14
  20,                                     !- Hour 15
  0,                                      !- Minute 15
  0.81021897810219,                       !- Value Until Time 15
  21,                                     !- Hour 16
  0,                                      !- Minute 16
  0.793339416058394,                      !- Value Until Time 16
  22,                                     !- Hour 17
  0,                                      !- Minute 17
  0.776459854014598,                      !- Value Until Time 17
  23,                                     !- Hour 18
  0,                                      !- Minute 18
  0.742700729927007,                      !- Value Until Time 18
  24,                                     !- Hour 19
  0,                                      !- Minute 19
  0.69206204379562;                       !- Value Until Time 19

OS:Schedule:Rule,
  {b7b5f58c-acf5-42dd-9de1-80bf720b13fd}, !- Handle
  freezer schedule allday ruleset12,      !- Name
  {05e39f47-d4ac-492b-9762-ba7bbfbaf866}, !- Schedule Ruleset Name
  0,                                      !- Rule Order
  {2c53dfd2-5b0d-4d73-938e-656d6c2543ef}, !- Day Schedule Name
  Yes,                                    !- Apply Sunday
  Yes,                                    !- Apply Monday
  Yes,                                    !- Apply Tuesday
  Yes,                                    !- Apply Wednesday
  Yes,                                    !- Apply Thursday
  Yes,                                    !- Apply Friday
  Yes,                                    !- Apply Saturday
  DateRange,                              !- Date Specification Type
  12,                                     !- Start Month
  1,                                      !- Start Day
  12,                                     !- End Month
  31;                                     !- End Day

OS:Schedule:Day,
  {2c53dfd2-5b0d-4d73-938e-656d6c2543ef}, !- Handle
  freezer schedule allday12,              !- Name
  {34f36b98-b76c-48c1-8280-8f0a08c409a4}, !- Schedule Type Limits Name
  ,                                       !- Interpolate to Timestep
  1,                                      !- Hour 1
  0,                                      !- Minute 1
  0.610948905109489,                      !- Value Until Time 1
  2,                                      !- Hour 2
  0,                                      !- Minute 2
  0.595675182481752,                      !- Value Until Time 2
  3,                                      !- Hour 3
  0,                                      !- Minute 3
  0.580401459854014,                      !- Value Until Time 3
  4,                                      !- Hour 4
  0,                                      !- Minute 4
  0.565127737226277,                      !- Value Until Time 4
  6,                                      !- Hour 5
  0,                                      !- Minute 5
  0.54985401459854,                       !- Value Until Time 5
  7,                                      !- Hour 6
  0,                                      !- Minute 6
  0.580401459854014,                      !- Value Until Time 6
  8,                                      !- Hour 7
  0,                                      !- Minute 7
  0.610948905109489,                      !- Value Until Time 7
  10,                                     !- Hour 8
  0,                                      !- Minute 8
  0.626222627737226,                      !- Value Until Time 8
  12,                                     !- Hour 9
  0,                                      !- Minute 9
  0.610948905109489,                      !- Value Until Time 9
  15,                                     !- Hour 10
  0,                                      !- Minute 10
  0.641496350364963,                      !- Value Until Time 10
  16,                                     !- Hour 11
  0,                                      !- Minute 11
  0.626222627737226,                      !- Value Until Time 11
  17,                                     !- Hour 12
  0,                                      !- Minute 12
  0.672043795620438,                      !- Value Until Time 12
  18,                                     !- Hour 13
  0,                                      !- Minute 13
  0.733138686131387,                      !- Value Until Time 13
  19,                                     !- Hour 14
  0,                                      !- Minute 14
  0.763686131386861,                      !- Value Until Time 14
  20,                                     !- Hour 15
  0,                                      !- Minute 15
  0.733138686131387,                      !- Value Until Time 15
  21,                                     !- Hour 16
  0,                                      !- Minute 16
  0.717864963503649,                      !- Value Until Time 16
  22,                                     !- Hour 17
  0,                                      !- Minute 17
  0.702591240875912,                      !- Value Until Time 17
  23,                                     !- Hour 18
  0,                                      !- Minute 18
  0.672043795620438,                      !- Value Until Time 18
  24,                                     !- Hour 19
  0,                                      !- Minute 19
  0.626222627737226;                      !- Value Until Time 19

OS:ElectricEquipment:Definition,
  {36dac1c1-9e0e-4512-a7a8-d497b5a2f1a5}, !- Handle
  freezer,                                !- Name
  EquipmentLevel,                         !- Design Level Calculation Method
  47.9573463212955,                       !- Design Level {W}
  ,                                       !- Watts per Space Floor Area {W/m2}
  ,                                       !- Watts per Person {W/person}
  0,                                      !- Fraction Latent
  0.6,                                    !- Fraction Radiant
  0;                                      !- Fraction Lost

OS:ElectricEquipment,
  {f6371c3c-28cf-40b9-b17f-8888a006b69b}, !- Handle
  freezer,                                !- Name
  {36dac1c1-9e0e-4512-a7a8-d497b5a2f1a5}, !- Electric Equipment Definition Name
  {cc3ee1d5-cc45-4d77-8cf6-4c04500a8188}, !- Space or SpaceType Name
  {05e39f47-d4ac-492b-9762-ba7bbfbaf866}, !- Schedule Name
  ,                                       !- Multiplier
  freezer;                                !- End-Use Subcategory

OS:Schedule:File,
  {2d42e6d1-110d-4ada-8f9e-82d66d028629}, !- Handle
  cooking_range,                          !- Name
  {34f36b98-b76c-48c1-8280-8f0a08c409a4}, !- Schedule Type Limits Name
  {06ab4d4d-9b87-4397-954c-d839a04fcb97}, !- External File Name
  4,                                      !- Column Number
  1,                                      !- Rows to Skip at Top
  8760,                                   !- Number of Hours of Data
  ,                                       !- Column Separator
  ,                                       !- Interpolate to Timestep
  15,                                     !- Minutes per Item
  ,                                       !- Adjust Schedule for Daylight Savings
  Yes;                                    !- Translate File With Relative Path

OS:ElectricEquipment:Definition,
  {7652c309-95af-426f-8f96-e3a9e0b2b4ac}, !- Handle
  cooking range,                          !- Name
  EquipmentLevel,                         !- Design Level Calculation Method
  411.111022487322,                       !- Design Level {W}
  ,                                       !- Watts per Space Floor Area {W/m2}
  ,                                       !- Watts per Person {W/person}
  0.0799999999999999,                     !- Fraction Latent
  0.432,                                  !- Fraction Radiant
  0.2;                                    !- Fraction Lost

OS:ElectricEquipment,
  {f85a464f-d84a-4442-9aea-8c10999e84e9}, !- Handle
  cooking range,                          !- Name
  {7652c309-95af-426f-8f96-e3a9e0b2b4ac}, !- Electric Equipment Definition Name
  {cc3ee1d5-cc45-4d77-8cf6-4c04500a8188}, !- Space or SpaceType Name
  {2d42e6d1-110d-4ada-8f9e-82d66d028629}, !- Schedule Name
  ,                                       !- Multiplier
  cooking range;                          !- End-Use Subcategory

OS:Schedule:FixedInterval,
  {1de13f05-e026-48fa-8dd1-b02c5103a724}, !- Handle
  mains temperature schedule,             !- Name
  {cf10fa52-dc9c-4bdf-abca-f926682cd6d7}, !- Schedule Type Limits Name
  ,                                       !- Translate to Schedule File
  ,                                       !- Interpolate to Timestep
  1440,                                   !- Interval Length {minutes}
  ,                                       !- Out Of Range Value
  1,                                      !- Start Month
  1,                                      !- Start Day
  7.78388888888889,                       !- Value 1
  7.71555555555555,                       !- Value 2
  7.64833333333334,                       !- Value 3
  7.58277777777778,                       !- Value 4
  7.51777777777778,                       !- Value 5
  7.45444444444444,                       !- Value 6
  7.39277777777778,                       !- Value 7
  7.33166666666667,                       !- Value 8
  7.27222222222222,                       !- Value 9
  7.21444444444444,                       !- Value 10
  7.15722222222222,                       !- Value 11
  7.10222222222222,                       !- Value 12
  7.04777777777778,                       !- Value 13
  6.99555555555555,                       !- Value 14
  6.94388888888889,                       !- Value 15
  6.89444444444444,                       !- Value 16
  6.84611111111111,                       !- Value 17
  6.79888888888889,                       !- Value 18
  6.75333333333333,                       !- Value 19
  6.70944444444444,                       !- Value 20
  6.66722222222222,                       !- Value 21
  6.62611111111111,                       !- Value 22
  6.58666666666667,                       !- Value 23
  6.54888888888889,                       !- Value 24
  6.51222222222222,                       !- Value 25
  6.47722222222222,                       !- Value 26
  6.44444444444444,                       !- Value 27
  6.41277777777778,                       !- Value 28
  6.38222222222222,                       !- Value 29
  6.35388888888889,                       !- Value 30
  6.32722222222222,                       !- Value 31
  6.30166666666667,                       !- Value 32
  6.27777777777778,                       !- Value 33
  6.25611111111111,                       !- Value 34
  6.23555555555555,                       !- Value 35
  6.21666666666667,                       !- Value 36
  6.19944444444444,                       !- Value 37
  6.18388888888889,                       !- Value 38
  6.17,                                   !- Value 39
  6.15777777777778,                       !- Value 40
  6.14722222222222,                       !- Value 41
  6.13833333333333,                       !- Value 42
  6.13111111111111,                       !- Value 43
  6.12555555555556,                       !- Value 44
  6.12166666666667,                       !- Value 45
  6.11944444444444,                       !- Value 46
  6.11888888888889,                       !- Value 47
  6.12,                                   !- Value 48
  6.12277777777778,                       !- Value 49
  6.12722222222222,                       !- Value 50
  6.13333333333333,                       !- Value 51
  6.14111111111111,                       !- Value 52
  6.15055555555555,                       !- Value 53
  6.16166666666667,                       !- Value 54
  6.17444444444444,                       !- Value 55
  6.18888888888889,                       !- Value 56
  6.205,                                  !- Value 57
  6.22277777777778,                       !- Value 58
  6.24166666666667,                       !- Value 59
  6.26277777777778,                       !- Value 60
  6.28555555555556,                       !- Value 61
  6.30944444444444,                       !- Value 62
  6.33555555555556,                       !- Value 63
  6.36277777777778,                       !- Value 64
  6.39222222222222,                       !- Value 65
  6.42277777777778,                       !- Value 66
  6.455,                                  !- Value 67
  6.48833333333333,                       !- Value 68
  6.52388888888889,                       !- Value 69
  6.56055555555555,                       !- Value 70
  6.59944444444444,                       !- Value 71
  6.63888888888889,                       !- Value 72
  6.68055555555555,                       !- Value 73
  6.72333333333333,                       !- Value 74
  6.76777777777778,                       !- Value 75
  6.81388888888889,                       !- Value 76
  6.86111111111111,                       !- Value 77
  6.91,                                   !- Value 78
  6.96055555555556,                       !- Value 79
  7.01222222222222,                       !- Value 80
  7.06555555555556,                       !- Value 81
  7.12,                                   !- Value 82
  7.17555555555555,                       !- Value 83
  7.23277777777778,                       !- Value 84
  7.29166666666667,                       !- Value 85
  7.35111111111111,                       !- Value 86
  7.41277777777778,                       !- Value 87
  7.475,                                  !- Value 88
  7.53888888888889,                       !- Value 89
  7.60388888888889,                       !- Value 90
  7.67,                                   !- Value 91
  7.73722222222222,                       !- Value 92
  7.80611111111111,                       !- Value 93
  7.87611111111111,                       !- Value 94
  7.94666666666667,                       !- Value 95
  8.01888888888889,                       !- Value 96
  8.09222222222222,                       !- Value 97
  8.16611111111111,                       !- Value 98
  8.24166666666667,                       !- Value 99
  8.31777777777778,                       !- Value 100
  8.39555555555556,                       !- Value 101
  8.47388888888889,                       !- Value 102
  8.55333333333333,                       !- Value 103
  8.63333333333333,                       !- Value 104
  8.71444444444444,                       !- Value 105
  8.79666666666667,                       !- Value 106
  8.88,                                   !- Value 107
  8.96388888888889,                       !- Value 108
  9.04833333333333,                       !- Value 109
  9.13388888888889,                       !- Value 110
  9.22,                                   !- Value 111
  9.30722222222222,                       !- Value 112
  9.395,                                  !- Value 113
  9.48333333333333,                       !- Value 114
  9.57222222222222,                       !- Value 115
  9.66222222222222,                       !- Value 116
  9.75277777777778,                       !- Value 117
  9.84333333333334,                       !- Value 118
  9.935,                                  !- Value 119
  10.0272222222222,                       !- Value 120
  10.12,                                  !- Value 121
  10.2127777777778,                       !- Value 122
  10.3061111111111,                       !- Value 123
  10.4005555555556,                       !- Value 124
  10.4944444444444,                       !- Value 125
  10.5894444444444,                       !- Value 126
  10.6844444444444,                       !- Value 127
  10.78,                                  !- Value 128
  10.8755555555556,                       !- Value 129
  10.9716666666667,                       !- Value 130
  11.0677777777778,                       !- Value 131
  11.1638888888889,                       !- Value 132
  11.2605555555556,                       !- Value 133
  11.3572222222222,                       !- Value 134
  11.4544444444444,                       !- Value 135
  11.5511111111111,                       !- Value 136
  11.6483333333333,                       !- Value 137
  11.745,                                 !- Value 138
  11.8422222222222,                       !- Value 139
  11.9388888888889,                       !- Value 140
  12.0361111111111,                       !- Value 141
  12.1327777777778,                       !- Value 142
  12.2294444444444,                       !- Value 143
  12.3261111111111,                       !- Value 144
  12.4227777777778,                       !- Value 145
  12.5188888888889,                       !- Value 146
  12.615,                                 !- Value 147
  12.7105555555556,                       !- Value 148
  12.8061111111111,                       !- Value 149
  12.9011111111111,                       !- Value 150
  12.9961111111111,                       !- Value 151
  13.0905555555556,                       !- Value 152
  13.1844444444444,                       !- Value 153
  13.2783333333333,                       !- Value 154
  13.3716666666667,                       !- Value 155
  13.4638888888889,                       !- Value 156
  13.5561111111111,                       !- Value 157
  13.6477777777778,                       !- Value 158
  13.7388888888889,                       !- Value 159
  13.8294444444444,                       !- Value 160
  13.9194444444444,                       !- Value 161
  14.0088888888889,                       !- Value 162
  14.0972222222222,                       !- Value 163
  14.1855555555556,                       !- Value 164
  14.2727777777778,                       !- Value 165
  14.3588888888889,                       !- Value 166
  14.4444444444444,                       !- Value 167
  14.5294444444444,                       !- Value 168
  14.6133333333333,                       !- Value 169
  14.6966666666667,                       !- Value 170
  14.7788888888889,                       !- Value 171
  14.8605555555556,                       !- Value 172
  14.9411111111111,                       !- Value 173
  15.0205555555556,                       !- Value 174
  15.0994444444444,                       !- Value 175
  15.1766666666667,                       !- Value 176
  15.2533333333333,                       !- Value 177
  15.3288888888889,                       !- Value 178
  15.4033333333333,                       !- Value 179
  15.4772222222222,                       !- Value 180
  15.5494444444444,                       !- Value 181
  15.6205555555556,                       !- Value 182
  15.6905555555556,                       !- Value 183
  15.7594444444444,                       !- Value 184
  15.8272222222222,                       !- Value 185
  15.8938888888889,                       !- Value 186
  15.9588888888889,                       !- Value 187
  16.0233333333333,                       !- Value 188
  16.0861111111111,                       !- Value 189
  16.1472222222222,                       !- Value 190
  16.2077777777778,                       !- Value 191
  16.2666666666667,                       !- Value 192
  16.3238888888889,                       !- Value 193
  16.38,                                  !- Value 194
  16.435,                                 !- Value 195
  16.4883333333333,                       !- Value 196
  16.5405555555556,                       !- Value 197
  16.5911111111111,                       !- Value 198
  16.64,                                  !- Value 199
  16.6877777777778,                       !- Value 200
  16.7344444444444,                       !- Value 201
  16.7788888888889,                       !- Value 202
  16.8222222222222,                       !- Value 203
  16.8638888888889,                       !- Value 204
  16.9044444444444,                       !- Value 205
  16.9433333333333,                       !- Value 206
  16.9805555555556,                       !- Value 207
  17.0161111111111,                       !- Value 208
  17.0505555555556,                       !- Value 209
  17.0827777777778,                       !- Value 210
  17.1138888888889,                       !- Value 211
  17.1433333333333,                       !- Value 212
  17.1711111111111,                       !- Value 213
  17.1972222222222,                       !- Value 214
  17.2216666666667,                       !- Value 215
  17.245,                                 !- Value 216
  17.2661111111111,                       !- Value 217
  17.2861111111111,                       !- Value 218
  17.3038888888889,                       !- Value 219
  17.3205555555556,                       !- Value 220
  17.335,                                 !- Value 221
  17.3483333333333,                       !- Value 222
  17.36,                                  !- Value 223
  17.3694444444444,                       !- Value 224
  17.3777777777778,                       !- Value 225
  17.3844444444444,                       !- Value 226
  17.3894444444444,                       !- Value 227
  17.3922222222222,                       !- Value 228
  17.3938888888889,                       !- Value 229
  17.3938888888889,                       !- Value 230
  17.3916666666667,                       !- Value 231
  17.3883333333333,                       !- Value 232
  17.3833333333333,                       !- Value 233
  17.3761111111111,                       !- Value 234
  17.3677777777778,                       !- Value 235
  17.3577777777778,                       !- Value 236
  17.3455555555556,                       !- Value 237
  17.3322222222222,                       !- Value 238
  17.3172222222222,                       !- Value 239
  17.3005555555556,                       !- Value 240
  17.2816666666667,                       !- Value 241
  17.2616666666667,                       !- Value 242
  17.24,                                  !- Value 243
  17.2166666666667,                       !- Value 244
  17.1916666666667,                       !- Value 245
  17.1655555555556,                       !- Value 246
  17.1372222222222,                       !- Value 247
  17.1072222222222,                       !- Value 248
  17.0761111111111,                       !- Value 249
  17.0433333333333,                       !- Value 250
  17.0088888888889,                       !- Value 251
  16.9727777777778,                       !- Value 252
  16.935,                                 !- Value 253
  16.8961111111111,                       !- Value 254
  16.8555555555556,                       !- Value 255
  16.8133333333333,                       !- Value 256
  16.7694444444444,                       !- Value 257
  16.7244444444444,                       !- Value 258
  16.6777777777778,                       !- Value 259
  16.63,                                  !- Value 260
  16.5805555555556,                       !- Value 261
  16.5294444444444,                       !- Value 262
  16.4772222222222,                       !- Value 263
  16.4233333333333,                       !- Value 264
  16.3683333333333,                       !- Value 265
  16.3116666666667,                       !- Value 266
  16.2538888888889,                       !- Value 267
  16.195,                                 !- Value 268
  16.1344444444444,                       !- Value 269
  16.0727777777778,                       !- Value 270
  16.0094444444444,                       !- Value 271
  15.9455555555556,                       !- Value 272
  15.88,                                  !- Value 273
  15.8127777777778,                       !- Value 274
  15.745,                                 !- Value 275
  15.6761111111111,                       !- Value 276
  15.6055555555556,                       !- Value 277
  15.5338888888889,                       !- Value 278
  15.4616666666667,                       !- Value 279
  15.3877777777778,                       !- Value 280
  15.3133333333333,                       !- Value 281
  15.2372222222222,                       !- Value 282
  15.1605555555556,                       !- Value 283
  15.0827777777778,                       !- Value 284
  15.0038888888889,                       !- Value 285
  14.9238888888889,                       !- Value 286
  14.8433333333333,                       !- Value 287
  14.7616666666667,                       !- Value 288
  14.6794444444444,                       !- Value 289
  14.5961111111111,                       !- Value 290
  14.5116666666667,                       !- Value 291
  14.4266666666667,                       !- Value 292
  14.3405555555556,                       !- Value 293
  14.2538888888889,                       !- Value 294
  14.1666666666667,                       !- Value 295
  14.0788888888889,                       !- Value 296
  13.99,                                  !- Value 297
  13.9005555555556,                       !- Value 298
  13.8105555555556,                       !- Value 299
  13.72,                                  !- Value 300
  13.6288888888889,                       !- Value 301
  13.5366666666667,                       !- Value 302
  13.4444444444444,                       !- Value 303
  13.3516666666667,                       !- Value 304
  13.2583333333333,                       !- Value 305
  13.165,                                 !- Value 306
  13.0705555555556,                       !- Value 307
  12.9761111111111,                       !- Value 308
  12.8811111111111,                       !- Value 309
  12.7861111111111,                       !- Value 310
  12.6905555555556,                       !- Value 311
  12.5944444444444,                       !- Value 312
  12.4983333333333,                       !- Value 313
  12.4022222222222,                       !- Value 314
  12.3055555555556,                       !- Value 315
  12.2094444444444,                       !- Value 316
  12.1122222222222,                       !- Value 317
  12.0155555555556,                       !- Value 318
  11.9183333333333,                       !- Value 319
  11.8216666666667,                       !- Value 320
  11.7244444444444,                       !- Value 321
  11.6277777777778,                       !- Value 322
  11.5305555555556,                       !- Value 323
  11.4338888888889,                       !- Value 324
  11.3366666666667,                       !- Value 325
  11.24,                                  !- Value 326
  11.1438888888889,                       !- Value 327
  11.0472222222222,                       !- Value 328
  10.9511111111111,                       !- Value 329
  10.8555555555556,                       !- Value 330
  10.7594444444444,                       !- Value 331
  10.6644444444444,                       !- Value 332
  10.5694444444444,                       !- Value 333
  10.4744444444444,                       !- Value 334
  10.3805555555556,                       !- Value 335
  10.2866666666667,                       !- Value 336
  10.1933333333333,                       !- Value 337
  10.1,                                   !- Value 338
  10.0077777777778,                       !- Value 339
  9.91555555555555,                       !- Value 340
  9.82444444444444,                       !- Value 341
  9.73333333333333,                       !- Value 342
  9.64333333333333,                       !- Value 343
  9.55333333333333,                       !- Value 344
  9.46444444444444,                       !- Value 345
  9.37611111111111,                       !- Value 346
  9.28888888888889,                       !- Value 347
  9.20166666666667,                       !- Value 348
  9.11555555555556,                       !- Value 349
  9.03055555555556,                       !- Value 350
  8.94611111111111,                       !- Value 351
  8.86222222222222,                       !- Value 352
  8.77944444444444,                       !- Value 353
  8.69722222222222,                       !- Value 354
  8.61611111111111,                       !- Value 355
  8.53611111111111,                       !- Value 356
  8.45722222222222,                       !- Value 357
  8.37888888888889,                       !- Value 358
  8.30166666666667,                       !- Value 359
  8.22555555555555,                       !- Value 360
  8.15055555555555,                       !- Value 361
  8.07666666666666,                       !- Value 362
  8.00333333333333,                       !- Value 363
  7.93166666666667,                       !- Value 364
  7.86111111111111;                       !- Value 365

OS:Site:WaterMainsTemperature,
  {13248f32-ac05-4fc9-bd90-8a0af6a37503}, !- Handle
  Schedule,                               !- Calculation Method
  {1de13f05-e026-48fa-8dd1-b02c5103a724}; !- Temperature Schedule Name

OS:Schedule:Constant,
  {72c1e0bc-97a7-42b5-8887-2ed6e5811575}, !- Handle
  mixed water temperature schedule,       !- Name
  {cf10fa52-dc9c-4bdf-abca-f926682cd6d7}, !- Schedule Type Limits Name
  40.5555555555556;                       !- Value

OS:Schedule:File,
  {b0c2bad2-a0bb-4a63-a84c-72cd54ce22f1}, !- Handle
  hot_water_fixtures,                     !- Name
  {34f36b98-b76c-48c1-8280-8f0a08c409a4}, !- Schedule Type Limits Name
  {06ab4d4d-9b87-4397-954c-d839a04fcb97}, !- External File Name
  13,                                     !- Column Number
  1,                                      !- Rows to Skip at Top
  8760,                                   !- Number of Hours of Data
  ,                                       !- Column Separator
  ,                                       !- Interpolate to Timestep
  15,                                     !- Minutes per Item
  ,                                       !- Adjust Schedule for Daylight Savings
  Yes;                                    !- Translate File With Relative Path

OS:WaterUse:Equipment:Definition,
  {8bcfd1bb-ccd2-4da7-bf40-b163262a1297}, !- Handle
  dhw fixtures,                           !- Name
  dhw fixtures,                           !- End-Use Subcategory
  0.000102255070436032,                   !- Peak Flow Rate {m3/s}
  {72c1e0bc-97a7-42b5-8887-2ed6e5811575}; !- Target Temperature Schedule Name

OS:WaterUse:Equipment,
  {d8329469-c66a-4c23-aea2-035fd24cbd6b}, !- Handle
  dhw fixtures,                           !- Name
  {8bcfd1bb-ccd2-4da7-bf40-b163262a1297}, !- Water Use Equipment Definition Name
  ,                                       !- Space Name
  {b0c2bad2-a0bb-4a63-a84c-72cd54ce22f1}; !- Flow Rate Fraction Schedule Name

OS:WaterUse:Equipment:Definition,
  {2fad7cb3-e44f-40e5-81cc-75db4e97c612}, !- Handle
  dhw distribution waste,                 !- Name
  dhw distribution waste,                 !- End-Use Subcategory
  3.43534601320543e-05,                   !- Peak Flow Rate {m3/s}
  {72c1e0bc-97a7-42b5-8887-2ed6e5811575}; !- Target Temperature Schedule Name

OS:WaterUse:Equipment,
  {48c67aa5-c35a-41ed-b005-a6b82c4fded3}, !- Handle
  dhw distribution waste,                 !- Name
  {2fad7cb3-e44f-40e5-81cc-75db4e97c612}, !- Water Use Equipment Definition Name
  ,                                       !- Space Name
  {b0c2bad2-a0bb-4a63-a84c-72cd54ce22f1}; !- Flow Rate Fraction Schedule Name

OS:Schedule:File,
  {62419fa2-98a6-489a-88ae-4cb7142a02f2}, !- Handle
  hot_water_clothes_washer,               !- Name
  {34f36b98-b76c-48c1-8280-8f0a08c409a4}, !- Schedule Type Limits Name
  {06ab4d4d-9b87-4397-954c-d839a04fcb97}, !- External File Name
  12,                                     !- Column Number
  1,                                      !- Rows to Skip at Top
  8760,                                   !- Number of Hours of Data
  ,                                       !- Column Separator
  ,                                       !- Interpolate to Timestep
  15,                                     !- Minutes per Item
  ,                                       !- Adjust Schedule for Daylight Savings
  Yes;                                    !- Translate File With Relative Path

OS:WaterUse:Equipment:Definition,
  {187d318b-1cd8-4fa3-8897-abde089609e3}, !- Handle
  clothes washer,                         !- Name
  clothes washer,                         !- End-Use Subcategory
  2.51016394779416e-06;                   !- Peak Flow Rate {m3/s}

OS:WaterUse:Equipment,
  {73764fac-bf64-4a33-a404-f5a79d287bd0}, !- Handle
  clothes washer,                         !- Name
  {187d318b-1cd8-4fa3-8897-abde089609e3}, !- Water Use Equipment Definition Name
  ,                                       !- Space Name
  {62419fa2-98a6-489a-88ae-4cb7142a02f2}; !- Flow Rate Fraction Schedule Name

OS:Schedule:File,
  {b3b52dd9-d851-4d4c-9cd9-770b3be71cd1}, !- Handle
  hot_water_dishwasher,                   !- Name
  {34f36b98-b76c-48c1-8280-8f0a08c409a4}, !- Schedule Type Limits Name
  {06ab4d4d-9b87-4397-954c-d839a04fcb97}, !- External File Name
  11,                                     !- Column Number
  1,                                      !- Rows to Skip at Top
  8760,                                   !- Number of Hours of Data
  ,                                       !- Column Separator
  ,                                       !- Interpolate to Timestep
  15,                                     !- Minutes per Item
  ,                                       !- Adjust Schedule for Daylight Savings
  Yes;                                    !- Translate File With Relative Path

OS:WaterUse:Equipment:Definition,
  {2ed38538-be27-4975-82d4-f740d45ec21d}, !- Handle
  dishwasher,                             !- Name
  dishwasher,                             !- End-Use Subcategory
  6.15363344918682e-06;                   !- Peak Flow Rate {m3/s}

OS:WaterUse:Equipment,
  {dbf13638-0648-4617-8951-6521d3c26004}, !- Handle
  dishwasher,                             !- Name
  {2ed38538-be27-4975-82d4-f740d45ec21d}, !- Water Use Equipment Definition Name
  ,                                       !- Space Name
  {b3b52dd9-d851-4d4c-9cd9-770b3be71cd1}; !- Flow Rate Fraction Schedule Name

OS:OtherEquipment:Definition,
  {b7890911-c5f0-4019-b9e6-9ac661d9ee61}, !- Handle
  water sensible,                         !- Name
  EquipmentLevel,                         !- Design Level Calculation Method
  -1520.42114245276,                      !- Design Level {W}
  ,                                       !- Watts per Space Floor Area {W/m2}
  ,                                       !- Watts per Person {W/Person}
  0,                                      !- Fraction Latent
  0.6,                                    !- Fraction Radiant
  0;                                      !- Fraction Lost

OS:OtherEquipment,
  {b274b9b0-81c4-48c8-b8c4-26f2b88d90f9}, !- Handle
  water sensible,                         !- Name
  {b7890911-c5f0-4019-b9e6-9ac661d9ee61}, !- Other Equipment Definition Name
  {cc3ee1d5-cc45-4d77-8cf6-4c04500a8188}, !- Space or SpaceType Name
  {b0c2bad2-a0bb-4a63-a84c-72cd54ce22f1}, !- Schedule Name
  ,                                       !- Multiplier
  None,                                   !- Fuel Type
  water sensible;                         !- End-Use Subcategory

OS:OtherEquipment:Definition,
  {bc450cd3-e6f5-4e87-8239-a0b62ab0dd18}, !- Handle
  water latent,                           !- Name
  EquipmentLevel,                         !- Design Level Calculation Method
  1542.72560909021,                       !- Design Level {W}
  ,                                       !- Watts per Space Floor Area {W/m2}
  ,                                       !- Watts per Person {W/Person}
  1,                                      !- Fraction Latent
  0,                                      !- Fraction Radiant
  0;                                      !- Fraction Lost

OS:OtherEquipment,
  {79f32d2a-c7d8-4758-baf4-9d35dc2bec8c}, !- Handle
  water latent,                           !- Name
  {bc450cd3-e6f5-4e87-8239-a0b62ab0dd18}, !- Other Equipment Definition Name
  {cc3ee1d5-cc45-4d77-8cf6-4c04500a8188}, !- Space or SpaceType Name
  {b0c2bad2-a0bb-4a63-a84c-72cd54ce22f1}, !- Schedule Name
  ,                                       !- Multiplier
  None,                                   !- Fuel Type
  water latent;                           !- End-Use Subcategory

OS:Schedule:File,
  {ddbfd192-52d9-4571-adb8-db722b9e3587}, !- Handle
  plug_loads_other,                       !- Name
  {34f36b98-b76c-48c1-8280-8f0a08c409a4}, !- Schedule Type Limits Name
  {06ab4d4d-9b87-4397-954c-d839a04fcb97}, !- External File Name
  9,                                      !- Column Number
  1,                                      !- Rows to Skip at Top
  8760,                                   !- Number of Hours of Data
  ,                                       !- Column Separator
  ,                                       !- Interpolate to Timestep
  15,                                     !- Minutes per Item
  ,                                       !- Adjust Schedule for Daylight Savings
  Yes;                                    !- Translate File With Relative Path

OS:ElectricEquipment:Definition,
  {809fb621-8863-4021-9713-1af0a236160b}, !- Handle
  misc plug loads,                        !- Name
  EquipmentLevel,                         !- Design Level Calculation Method
  1555.15313569624,                       !- Design Level {W}
  ,                                       !- Watts per Space Floor Area {W/m2}
  ,                                       !- Watts per Person {W/person}
  0.021,                                  !- Fraction Latent
  0.558,                                  !- Fraction Radiant
  0.0489999999999999;                     !- Fraction Lost

OS:ElectricEquipment,
  {5bdcfe39-bc23-48f6-a882-457fc1f347d1}, !- Handle
  misc plug loads,                        !- Name
  {809fb621-8863-4021-9713-1af0a236160b}, !- Electric Equipment Definition Name
  {cc3ee1d5-cc45-4d77-8cf6-4c04500a8188}, !- Space or SpaceType Name
  {ddbfd192-52d9-4571-adb8-db722b9e3587}, !- Schedule Name
  ,                                       !- Multiplier
  misc plug loads;                        !- End-Use Subcategory

OS:Schedule:File,
  {4c462397-2be1-4986-845e-092fe6ffe074}, !- Handle
  lighting_interior,                      !- Name
  {34f36b98-b76c-48c1-8280-8f0a08c409a4}, !- Schedule Type Limits Name
  {06ab4d4d-9b87-4397-954c-d839a04fcb97}, !- External File Name
  2,                                      !- Column Number
  1,                                      !- Rows to Skip at Top
  8760,                                   !- Number of Hours of Data
  ,                                       !- Column Separator
  ,                                       !- Interpolate to Timestep
  15,                                     !- Minutes per Item
  ,                                       !- Adjust Schedule for Daylight Savings
  Yes;                                    !- Translate File With Relative Path

OS:Lights:Definition,
  {9f32342c-ab68-4331-a516-46d574f6b075}, !- Handle
  interior lighting,                      !- Name
  LightingLevel,                          !- Design Level Calculation Method
  180.168103296575,                       !- Lighting Level {W}
  ,                                       !- Watts per Space Floor Area {W/m2}
  ,                                       !- Watts per Person {W/person}
  0.6,                                    !- Fraction Radiant
  0.2,                                    !- Fraction Visible
  0;                                      !- Return Air Fraction

OS:Lights,
  {b68f1140-914e-4bfb-8a36-c415cc8e70b2}, !- Handle
  interior lighting,                      !- Name
  {9f32342c-ab68-4331-a516-46d574f6b075}, !- Lights Definition Name
  {cc3ee1d5-cc45-4d77-8cf6-4c04500a8188}, !- Space or SpaceType Name
  {4c462397-2be1-4986-845e-092fe6ffe074}, !- Schedule Name
  1,                                      !- Fraction Replaceable
  ,                                       !- Multiplier
  interior lighting;                      !- End-Use Subcategory

OS:Schedule:Ruleset,
  {c3f2d9e9-a47d-4211-bf00-e2ac16f6e25b}, !- Handle
  exterior lighting schedule,             !- Name
  {34f36b98-b76c-48c1-8280-8f0a08c409a4}, !- Schedule Type Limits Name
  {d4640738-2045-415f-a34b-0e352b0e2285}; !- Default Day Schedule Name

OS:Schedule:Day,
  {d4640738-2045-415f-a34b-0e352b0e2285}, !- Handle
  exterior lighting schedule default day, !- Name
  {34f36b98-b76c-48c1-8280-8f0a08c409a4}, !- Schedule Type Limits Name
  ,                                       !- Interpolate to Timestep
  24,                                     !- Hour 1
  0,                                      !- Minute 1
  0;                                      !- Value Until Time 1

OS:Schedule:Rule,
  {ab10fffc-e2ad-4f02-afb3-38e2fab919f5}, !- Handle
  exterior lighting schedule weekday ruleset1, !- Name
  {c3f2d9e9-a47d-4211-bf00-e2ac16f6e25b}, !- Schedule Ruleset Name
  21,                                     !- Rule Order
  {d2172c81-733b-47dd-87b2-f5b5b4aa1c65}, !- Day Schedule Name
  ,                                       !- Apply Sunday
  Yes,                                    !- Apply Monday
  Yes,                                    !- Apply Tuesday
  Yes,                                    !- Apply Wednesday
  Yes,                                    !- Apply Thursday
  Yes,                                    !- Apply Friday
  ,                                       !- Apply Saturday
  DateRange,                              !- Date Specification Type
  1,                                      !- Start Month
  1,                                      !- Start Day
  1,                                      !- End Month
  31;                                     !- End Day

OS:Schedule:Day,
  {d2172c81-733b-47dd-87b2-f5b5b4aa1c65}, !- Handle
  exterior lighting schedule weekday1,    !- Name
  {34f36b98-b76c-48c1-8280-8f0a08c409a4}, !- Schedule Type Limits Name
  ,                                       !- Interpolate to Timestep
  5,                                      !- Hour 1
  0,                                      !- Minute 1
  0.434958518013411,                      !- Value Until Time 1
  6,                                      !- Hour 2
  0,                                      !- Minute 2
  0.349857938402091,                      !- Value Until Time 2
  7,                                      !- Hour 3
  0,                                      !- Minute 3
  0.330946698488465,                      !- Value Until Time 3
  8,                                      !- Hour 4
  0,                                      !- Minute 4
  0.321491078531651,                      !- Value Until Time 4
  9,                                      !- Hour 5
  0,                                      !- Minute 5
  0.312035458574838,                      !- Value Until Time 5
  10,                                     !- Hour 6
  0,                                      !- Minute 6
  0.264757358790772,                      !- Value Until Time 6
  11,                                     !- Hour 7
  0,                                      !- Minute 7
  0.208023639049892,                      !- Value Until Time 7
  12,                                     !- Hour 8
  0,                                      !- Minute 8
  0.141834299352199,                      !- Value Until Time 8
  13,                                     !- Hour 9
  0,                                      !- Minute 9
  0.113467439481759,                      !- Value Until Time 9
  15,                                     !- Hour 10
  0,                                      !- Minute 10
  0.104011819524946,                      !- Value Until Time 10
  16,                                     !- Hour 11
  0,                                      !- Minute 11
  0.113467439481759,                      !- Value Until Time 11
  17,                                     !- Hour 12
  0,                                      !- Minute 12
  0.179656779179452,                      !- Value Until Time 12
  18,                                     !- Hour 13
  0,                                      !- Minute 13
  0.349857938402091,                      !- Value Until Time 13
  19,                                     !- Hour 14
  0,                                      !- Minute 14
  0.463325377883851,                      !- Value Until Time 14
  20,                                     !- Hour 15
  0,                                      !- Minute 15
  0.614615297192863,                      !- Value Until Time 15
  21,                                     !- Hour 16
  0,                                      !- Minute 16
  0.860461416070008,                      !- Value Until Time 16
  22,                                     !- Hour 17
  0,                                      !- Minute 17
  0.992840095465394,                      !- Value Until Time 17
  23,                                     !- Hour 18
  0,                                      !- Minute 18
  0.860461416070008,                      !- Value Until Time 18
  24,                                     !- Hour 19
  0,                                      !- Minute 19
  0.595704057279236;                      !- Value Until Time 19

OS:Schedule:Rule,
  {1ca16439-a532-425a-ab8c-2c378574e0ff}, !- Handle
  exterior lighting schedule weekend ruleset1, !- Name
  {c3f2d9e9-a47d-4211-bf00-e2ac16f6e25b}, !- Schedule Ruleset Name
  20,                                     !- Rule Order
  {ae5a906e-5055-4bcb-b959-8fff2e968845}, !- Day Schedule Name
  Yes,                                    !- Apply Sunday
  ,                                       !- Apply Monday
  ,                                       !- Apply Tuesday
  ,                                       !- Apply Wednesday
  ,                                       !- Apply Thursday
  ,                                       !- Apply Friday
  Yes,                                    !- Apply Saturday
  DateRange,                              !- Date Specification Type
  1,                                      !- Start Month
  1,                                      !- Start Day
  1,                                      !- End Month
  31;                                     !- End Day

OS:Schedule:Day,
  {ae5a906e-5055-4bcb-b959-8fff2e968845}, !- Handle
  exterior lighting schedule weekend1,    !- Name
  {34f36b98-b76c-48c1-8280-8f0a08c409a4}, !- Schedule Type Limits Name
  ,                                       !- Interpolate to Timestep
  2,                                      !- Hour 1
  0,                                      !- Minute 1
  0.434958518013411,                      !- Value Until Time 1
  4,                                      !- Hour 2
  0,                                      !- Minute 2
  0.425502898056597,                      !- Value Until Time 2
  5,                                      !- Hour 3
  0,                                      !- Minute 3
  0.434958518013411,                      !- Value Until Time 3
  6,                                      !- Hour 4
  0,                                      !- Minute 4
  0.425502898056597,                      !- Value Until Time 4
  7,                                      !- Hour 5
  0,                                      !- Minute 5
  0.416047278099784,                      !- Value Until Time 5
  8,                                      !- Hour 6
  0,                                      !- Minute 6
  0.387680418229344,                      !- Value Until Time 6
  9,                                      !- Hour 7
  0,                                      !- Minute 7
  0.340402318445278,                      !- Value Until Time 7
  10,                                     !- Hour 8
  0,                                      !- Minute 8
  0.283668598704398,                      !- Value Until Time 8
  11,                                     !- Hour 9
  0,                                      !- Minute 9
  0.226934878963519,                      !- Value Until Time 9
  12,                                     !- Hour 10
  0,                                      !- Minute 10
  0.151289919309012,                      !- Value Until Time 10
  13,                                     !- Hour 11
  0,                                      !- Minute 11
  0.113467439481759,                      !- Value Until Time 11
  15,                                     !- Hour 12
  0,                                      !- Minute 12
  0.104011819524946,                      !- Value Until Time 12
  16,                                     !- Hour 13
  0,                                      !- Minute 13
  0.113467439481759,                      !- Value Until Time 13
  17,                                     !- Hour 14
  0,                                      !- Minute 14
  0.179656779179452,                      !- Value Until Time 14
  18,                                     !- Hour 15
  0,                                      !- Minute 15
  0.359313558358904,                      !- Value Until Time 15
  19,                                     !- Hour 16
  0,                                      !- Minute 16
  0.453869757927037,                      !- Value Until Time 16
  20,                                     !- Hour 17
  0,                                      !- Minute 17
  0.567337197408797,                      !- Value Until Time 17
  21,                                     !- Hour 18
  0,                                      !- Minute 18
  0.784816456415502,                      !- Value Until Time 18
  22,                                     !- Hour 19
  0,                                      !- Minute 19
  0.926650755767701,                      !- Value Until Time 19
  23,                                     !- Hour 20
  0,                                      !- Minute 20
  0.803727696329128,                      !- Value Until Time 20
  24,                                     !- Hour 21
  0,                                      !- Minute 21
  0.557881577451983;                      !- Value Until Time 21

OS:Schedule:Rule,
  {06b7b923-c5d6-462e-8380-121fdbec31e0}, !- Handle
  exterior lighting schedule weekday ruleset2, !- Name
  {c3f2d9e9-a47d-4211-bf00-e2ac16f6e25b}, !- Schedule Ruleset Name
  19,                                     !- Rule Order
  {262d4d80-40f3-42da-82fe-5ccda687ceca}, !- Day Schedule Name
  ,                                       !- Apply Sunday
  Yes,                                    !- Apply Monday
  Yes,                                    !- Apply Tuesday
  Yes,                                    !- Apply Wednesday
  Yes,                                    !- Apply Thursday
  Yes,                                    !- Apply Friday
  ,                                       !- Apply Saturday
  DateRange,                              !- Date Specification Type
  2,                                      !- Start Month
  1,                                      !- Start Day
  2,                                      !- End Month
  28;                                     !- End Day

OS:Schedule:Day,
  {262d4d80-40f3-42da-82fe-5ccda687ceca}, !- Handle
  exterior lighting schedule weekday2,    !- Name
  {34f36b98-b76c-48c1-8280-8f0a08c409a4}, !- Schedule Type Limits Name
  ,                                       !- Interpolate to Timestep
  5,                                      !- Hour 1
  0,                                      !- Minute 1
  0.438095238095238,                      !- Value Until Time 1
  6,                                      !- Hour 2
  0,                                      !- Minute 2
  0.352380952380952,                      !- Value Until Time 2
  7,                                      !- Hour 3
  0,                                      !- Minute 3
  0.333333333333333,                      !- Value Until Time 3
  8,                                      !- Hour 4
  0,                                      !- Minute 4
  0.323809523809524,                      !- Value Until Time 4
  9,                                      !- Hour 5
  0,                                      !- Minute 5
  0.314285714285714,                      !- Value Until Time 5
  10,                                     !- Hour 6
  0,                                      !- Minute 6
  0.266666666666667,                      !- Value Until Time 6
  11,                                     !- Hour 7
  0,                                      !- Minute 7
  0.20952380952381,                       !- Value Until Time 7
  12,                                     !- Hour 8
  0,                                      !- Minute 8
  0.142857142857143,                      !- Value Until Time 8
  13,                                     !- Hour 9
  0,                                      !- Minute 9
  0.114285714285714,                      !- Value Until Time 9
  15,                                     !- Hour 10
  0,                                      !- Minute 10
  0.104761904761905,                      !- Value Until Time 10
  16,                                     !- Hour 11
  0,                                      !- Minute 11
  0.114285714285714,                      !- Value Until Time 11
  17,                                     !- Hour 12
  0,                                      !- Minute 12
  0.180952380952381,                      !- Value Until Time 12
  18,                                     !- Hour 13
  0,                                      !- Minute 13
  0.352380952380952,                      !- Value Until Time 13
  19,                                     !- Hour 14
  0,                                      !- Minute 14
  0.466666666666667,                      !- Value Until Time 14
  20,                                     !- Hour 15
  0,                                      !- Minute 15
  0.619047619047619,                      !- Value Until Time 15
  21,                                     !- Hour 16
  0,                                      !- Minute 16
  0.866666666666667,                      !- Value Until Time 16
  22,                                     !- Hour 17
  0,                                      !- Minute 17
  1,                                      !- Value Until Time 17
  23,                                     !- Hour 18
  0,                                      !- Minute 18
  0.866666666666667,                      !- Value Until Time 18
  24,                                     !- Hour 19
  0,                                      !- Minute 19
  0.6;                                    !- Value Until Time 19

OS:Schedule:Rule,
  {6936aca6-4a5d-4379-acb4-e9bd35a1439d}, !- Handle
  exterior lighting schedule weekend ruleset2, !- Name
  {c3f2d9e9-a47d-4211-bf00-e2ac16f6e25b}, !- Schedule Ruleset Name
  18,                                     !- Rule Order
  {92608cfa-a95f-4c36-b521-e08989b3ea55}, !- Day Schedule Name
  Yes,                                    !- Apply Sunday
  ,                                       !- Apply Monday
  ,                                       !- Apply Tuesday
  ,                                       !- Apply Wednesday
  ,                                       !- Apply Thursday
  ,                                       !- Apply Friday
  Yes,                                    !- Apply Saturday
  DateRange,                              !- Date Specification Type
  2,                                      !- Start Month
  1,                                      !- Start Day
  2,                                      !- End Month
  28;                                     !- End Day

OS:Schedule:Day,
  {92608cfa-a95f-4c36-b521-e08989b3ea55}, !- Handle
  exterior lighting schedule weekend2,    !- Name
  {34f36b98-b76c-48c1-8280-8f0a08c409a4}, !- Schedule Type Limits Name
  ,                                       !- Interpolate to Timestep
  2,                                      !- Hour 1
  0,                                      !- Minute 1
  0.438095238095238,                      !- Value Until Time 1
  4,                                      !- Hour 2
  0,                                      !- Minute 2
  0.428571428571429,                      !- Value Until Time 2
  5,                                      !- Hour 3
  0,                                      !- Minute 3
  0.438095238095238,                      !- Value Until Time 3
  6,                                      !- Hour 4
  0,                                      !- Minute 4
  0.428571428571429,                      !- Value Until Time 4
  7,                                      !- Hour 5
  0,                                      !- Minute 5
  0.419047619047619,                      !- Value Until Time 5
  8,                                      !- Hour 6
  0,                                      !- Minute 6
  0.390476190476191,                      !- Value Until Time 6
  9,                                      !- Hour 7
  0,                                      !- Minute 7
  0.342857142857143,                      !- Value Until Time 7
  10,                                     !- Hour 8
  0,                                      !- Minute 8
  0.285714285714286,                      !- Value Until Time 8
  11,                                     !- Hour 9
  0,                                      !- Minute 9
  0.228571428571429,                      !- Value Until Time 9
  12,                                     !- Hour 10
  0,                                      !- Minute 10
  0.152380952380952,                      !- Value Until Time 10
  13,                                     !- Hour 11
  0,                                      !- Minute 11
  0.114285714285714,                      !- Value Until Time 11
  15,                                     !- Hour 12
  0,                                      !- Minute 12
  0.104761904761905,                      !- Value Until Time 12
  16,                                     !- Hour 13
  0,                                      !- Minute 13
  0.114285714285714,                      !- Value Until Time 13
  17,                                     !- Hour 14
  0,                                      !- Minute 14
  0.180952380952381,                      !- Value Until Time 14
  18,                                     !- Hour 15
  0,                                      !- Minute 15
  0.361904761904762,                      !- Value Until Time 15
  19,                                     !- Hour 16
  0,                                      !- Minute 16
  0.457142857142857,                      !- Value Until Time 16
  20,                                     !- Hour 17
  0,                                      !- Minute 17
  0.571428571428571,                      !- Value Until Time 17
  21,                                     !- Hour 18
  0,                                      !- Minute 18
  0.790476190476191,                      !- Value Until Time 18
  22,                                     !- Hour 19
  0,                                      !- Minute 19
  0.933333333333333,                      !- Value Until Time 19
  23,                                     !- Hour 20
  0,                                      !- Minute 20
  0.80952380952381,                       !- Value Until Time 20
  24,                                     !- Hour 21
  0,                                      !- Minute 21
  0.561904761904762;                      !- Value Until Time 21

OS:Schedule:Rule,
  {bb021bf8-13cf-40d3-9416-3a869ccafc6e}, !- Handle
  exterior lighting schedule weekday ruleset3, !- Name
  {c3f2d9e9-a47d-4211-bf00-e2ac16f6e25b}, !- Schedule Ruleset Name
  17,                                     !- Rule Order
  {0d9dad1d-6920-4983-8696-86144054daab}, !- Day Schedule Name
  ,                                       !- Apply Sunday
  Yes,                                    !- Apply Monday
  Yes,                                    !- Apply Tuesday
  Yes,                                    !- Apply Wednesday
  Yes,                                    !- Apply Thursday
  Yes,                                    !- Apply Friday
  ,                                       !- Apply Saturday
  DateRange,                              !- Date Specification Type
  3,                                      !- Start Month
  1,                                      !- Start Day
  3,                                      !- End Month
  31;                                     !- End Day

OS:Schedule:Day,
  {0d9dad1d-6920-4983-8696-86144054daab}, !- Handle
  exterior lighting schedule weekday3,    !- Name
  {34f36b98-b76c-48c1-8280-8f0a08c409a4}, !- Schedule Type Limits Name
  ,                                       !- Interpolate to Timestep
  5,                                      !- Hour 1
  0,                                      !- Minute 1
  0.346084782361632,                      !- Value Until Time 1
  6,                                      !- Hour 2
  0,                                      !- Minute 2
  0.278372542334356,                      !- Value Until Time 2
  7,                                      !- Hour 3
  0,                                      !- Minute 3
  0.26332537788385,                       !- Value Until Time 3
  8,                                      !- Hour 4
  0,                                      !- Minute 4
  0.255801795658598,                      !- Value Until Time 4
  9,                                      !- Hour 5
  0,                                      !- Minute 5
  0.248278213433345,                      !- Value Until Time 5
  10,                                     !- Hour 6
  0,                                      !- Minute 6
  0.21066030230708,                       !- Value Until Time 6
  11,                                     !- Hour 7
  0,                                      !- Minute 7
  0.165518808955563,                      !- Value Until Time 7
  12,                                     !- Hour 8
  0,                                      !- Minute 8
  0.112853733378793,                      !- Value Until Time 8
  13,                                     !- Hour 9
  0,                                      !- Minute 9
  0.0902829867030344,                     !- Value Until Time 9
  15,                                     !- Hour 10
  0,                                      !- Minute 10
  0.0827594044777816,                     !- Value Until Time 10
  16,                                     !- Hour 11
  0,                                      !- Minute 11
  0.0902829867030344,                     !- Value Until Time 11
  17,                                     !- Hour 12
  0,                                      !- Minute 12
  0.142948062279805,                      !- Value Until Time 12
  18,                                     !- Hour 13
  0,                                      !- Minute 13
  0.278372542334356,                      !- Value Until Time 13
  19,                                     !- Hour 14
  0,                                      !- Minute 14
  0.368655529037391,                      !- Value Until Time 14
  20,                                     !- Hour 15
  0,                                      !- Minute 15
  0.489032844641437,                      !- Value Until Time 15
  21,                                     !- Hour 16
  0,                                      !- Minute 16
  0.684645982498011,                      !- Value Until Time 16
  22,                                     !- Hour 17
  0,                                      !- Minute 17
  0.789976133651551,                      !- Value Until Time 17
  23,                                     !- Hour 18
  0,                                      !- Minute 18
  0.684645982498011,                      !- Value Until Time 18
  24,                                     !- Hour 19
  0,                                      !- Minute 19
  0.473985680190931;                      !- Value Until Time 19

OS:Schedule:Rule,
  {9cbe6159-8249-4d5e-aa8d-a8d2810af901}, !- Handle
  exterior lighting schedule weekend ruleset3, !- Name
  {c3f2d9e9-a47d-4211-bf00-e2ac16f6e25b}, !- Schedule Ruleset Name
  16,                                     !- Rule Order
  {ee240e8a-2845-4492-8f09-fcd5659f388a}, !- Day Schedule Name
  Yes,                                    !- Apply Sunday
  ,                                       !- Apply Monday
  ,                                       !- Apply Tuesday
  ,                                       !- Apply Wednesday
  ,                                       !- Apply Thursday
  ,                                       !- Apply Friday
  Yes,                                    !- Apply Saturday
  DateRange,                              !- Date Specification Type
  3,                                      !- Start Month
  1,                                      !- Start Day
  3,                                      !- End Month
  31;                                     !- End Day

OS:Schedule:Day,
  {ee240e8a-2845-4492-8f09-fcd5659f388a}, !- Handle
  exterior lighting schedule weekend3,    !- Name
  {34f36b98-b76c-48c1-8280-8f0a08c409a4}, !- Schedule Type Limits Name
  ,                                       !- Interpolate to Timestep
  2,                                      !- Hour 1
  0,                                      !- Minute 1
  0.346084782361632,                      !- Value Until Time 1
  4,                                      !- Hour 2
  0,                                      !- Minute 2
  0.338561200136379,                      !- Value Until Time 2
  5,                                      !- Hour 3
  0,                                      !- Minute 3
  0.346084782361632,                      !- Value Until Time 3
  6,                                      !- Hour 4
  0,                                      !- Minute 4
  0.338561200136379,                      !- Value Until Time 4
  7,                                      !- Hour 5
  0,                                      !- Minute 5
  0.331037617911126,                      !- Value Until Time 5
  8,                                      !- Hour 6
  0,                                      !- Minute 6
  0.308466871235368,                      !- Value Until Time 6
  9,                                      !- Hour 7
  0,                                      !- Minute 7
  0.270848960109103,                      !- Value Until Time 7
  10,                                     !- Hour 8
  0,                                      !- Minute 8
  0.225707466757586,                      !- Value Until Time 8
  11,                                     !- Hour 9
  0,                                      !- Minute 9
  0.180565973406069,                      !- Value Until Time 9
  12,                                     !- Hour 10
  0,                                      !- Minute 10
  0.120377315604046,                      !- Value Until Time 10
  13,                                     !- Hour 11
  0,                                      !- Minute 11
  0.0902829867030344,                     !- Value Until Time 11
  15,                                     !- Hour 12
  0,                                      !- Minute 12
  0.0827594044777816,                     !- Value Until Time 12
  16,                                     !- Hour 13
  0,                                      !- Minute 13
  0.0902829867030344,                     !- Value Until Time 13
  17,                                     !- Hour 14
  0,                                      !- Minute 14
  0.142948062279805,                      !- Value Until Time 14
  18,                                     !- Hour 15
  0,                                      !- Minute 15
  0.285896124559609,                      !- Value Until Time 15
  19,                                     !- Hour 16
  0,                                      !- Minute 16
  0.361131946812138,                      !- Value Until Time 16
  20,                                     !- Hour 17
  0,                                      !- Minute 17
  0.451414933515172,                      !- Value Until Time 17
  21,                                     !- Hour 18
  0,                                      !- Minute 18
  0.624457324695988,                      !- Value Until Time 18
  22,                                     !- Hour 19
  0,                                      !- Minute 19
  0.737311058074781,                      !- Value Until Time 19
  23,                                     !- Hour 20
  0,                                      !- Minute 20
  0.639504489146494,                      !- Value Until Time 20
  24,                                     !- Hour 21
  0,                                      !- Minute 21
  0.443891351289919;                      !- Value Until Time 21

OS:Schedule:Rule,
  {aa5b37e8-9dda-42db-b6f8-8df4cd6c0135}, !- Handle
  exterior lighting schedule weekday ruleset4, !- Name
  {c3f2d9e9-a47d-4211-bf00-e2ac16f6e25b}, !- Schedule Ruleset Name
  15,                                     !- Rule Order
  {3189d1b0-f23a-445b-b490-de8397e310f3}, !- Day Schedule Name
  ,                                       !- Apply Sunday
  Yes,                                    !- Apply Monday
  Yes,                                    !- Apply Tuesday
  Yes,                                    !- Apply Wednesday
  Yes,                                    !- Apply Thursday
  Yes,                                    !- Apply Friday
  ,                                       !- Apply Saturday
  DateRange,                              !- Date Specification Type
  4,                                      !- Start Month
  1,                                      !- Start Day
  4,                                      !- End Month
  30;                                     !- End Day

OS:Schedule:Day,
  {3189d1b0-f23a-445b-b490-de8397e310f3}, !- Handle
  exterior lighting schedule weekday4,    !- Name
  {34f36b98-b76c-48c1-8280-8f0a08c409a4}, !- Schedule Type Limits Name
  ,                                       !- Interpolate to Timestep
  5,                                      !- Hour 1
  0,                                      !- Minute 1
  0.344690684547486,                      !- Value Until Time 1
  6,                                      !- Hour 2
  0,                                      !- Minute 2
  0.277251202788196,                      !- Value Until Time 2
  7,                                      !- Hour 3
  0,                                      !- Minute 3
  0.262264651286131,                      !- Value Until Time 3
  8,                                      !- Hour 4
  0,                                      !- Minute 4
  0.254771375535099,                      !- Value Until Time 4
  9,                                      !- Hour 5
  0,                                      !- Minute 5
  0.247278099784066,                      !- Value Until Time 5
  10,                                     !- Hour 6
  0,                                      !- Minute 6
  0.209811721028905,                      !- Value Until Time 6
  11,                                     !- Hour 7
  0,                                      !- Minute 7
  0.164852066522711,                      !- Value Until Time 7
  12,                                     !- Hour 8
  0,                                      !- Minute 8
  0.112399136265485,                      !- Value Until Time 8
  13,                                     !- Hour 9
  0,                                      !- Minute 9
  0.0899193090123878,                     !- Value Until Time 9
  15,                                     !- Hour 10
  0,                                      !- Minute 10
  0.0824260332613555,                     !- Value Until Time 10
  16,                                     !- Hour 11
  0,                                      !- Minute 11
  0.0899193090123878,                     !- Value Until Time 11
  17,                                     !- Hour 12
  0,                                      !- Minute 12
  0.142372239269614,                      !- Value Until Time 12
  18,                                     !- Hour 13
  0,                                      !- Minute 13
  0.277251202788196,                      !- Value Until Time 13
  19,                                     !- Hour 14
  0,                                      !- Minute 14
  0.367170511800583,                      !- Value Until Time 14
  20,                                     !- Hour 15
  0,                                      !- Minute 15
  0.4870629238171,                        !- Value Until Time 15
  21,                                     !- Hour 16
  0,                                      !- Minute 16
  0.681888093343941,                      !- Value Until Time 16
  22,                                     !- Hour 17
  0,                                      !- Minute 17
  0.786793953858393,                      !- Value Until Time 17
  23,                                     !- Hour 18
  0,                                      !- Minute 18
  0.681888093343941,                      !- Value Until Time 18
  24,                                     !- Hour 19
  0,                                      !- Minute 19
  0.472076372315036;                      !- Value Until Time 19

OS:Schedule:Rule,
  {bbab475e-fa8e-49e8-801d-8d0c4417eef9}, !- Handle
  exterior lighting schedule weekend ruleset4, !- Name
  {c3f2d9e9-a47d-4211-bf00-e2ac16f6e25b}, !- Schedule Ruleset Name
  14,                                     !- Rule Order
  {91d2b3ce-1ccc-4d14-8cb3-35833f07fd7b}, !- Day Schedule Name
  Yes,                                    !- Apply Sunday
  ,                                       !- Apply Monday
  ,                                       !- Apply Tuesday
  ,                                       !- Apply Wednesday
  ,                                       !- Apply Thursday
  ,                                       !- Apply Friday
  Yes,                                    !- Apply Saturday
  DateRange,                              !- Date Specification Type
  4,                                      !- Start Month
  1,                                      !- Start Day
  4,                                      !- End Month
  30;                                     !- End Day

OS:Schedule:Day,
  {91d2b3ce-1ccc-4d14-8cb3-35833f07fd7b}, !- Handle
  exterior lighting schedule weekend4,    !- Name
  {34f36b98-b76c-48c1-8280-8f0a08c409a4}, !- Schedule Type Limits Name
  ,                                       !- Interpolate to Timestep
  2,                                      !- Hour 1
  0,                                      !- Minute 1
  0.344690684547486,                      !- Value Until Time 1
  4,                                      !- Hour 2
  0,                                      !- Minute 2
  0.337197408796454,                      !- Value Until Time 2
  5,                                      !- Hour 3
  0,                                      !- Minute 3
  0.344690684547486,                      !- Value Until Time 3
  6,                                      !- Hour 4
  0,                                      !- Minute 4
  0.337197408796454,                      !- Value Until Time 4
  7,                                      !- Hour 5
  0,                                      !- Minute 5
  0.329704133045422,                      !- Value Until Time 5
  8,                                      !- Hour 6
  0,                                      !- Minute 6
  0.307224305792325,                      !- Value Until Time 6
  9,                                      !- Hour 7
  0,                                      !- Minute 7
  0.269757927037163,                      !- Value Until Time 7
  10,                                     !- Hour 8
  0,                                      !- Minute 8
  0.224798272530969,                      !- Value Until Time 8
  11,                                     !- Hour 9
  0,                                      !- Minute 9
  0.179838618024776,                      !- Value Until Time 9
  12,                                     !- Hour 10
  0,                                      !- Minute 10
  0.119892412016517,                      !- Value Until Time 10
  13,                                     !- Hour 11
  0,                                      !- Minute 11
  0.0899193090123878,                     !- Value Until Time 11
  15,                                     !- Hour 12
  0,                                      !- Minute 12
  0.0824260332613555,                     !- Value Until Time 12
  16,                                     !- Hour 13
  0,                                      !- Minute 13
  0.0899193090123878,                     !- Value Until Time 13
  17,                                     !- Hour 14
  0,                                      !- Minute 14
  0.142372239269614,                      !- Value Until Time 14
  18,                                     !- Hour 15
  0,                                      !- Minute 15
  0.284744478539228,                      !- Value Until Time 15
  19,                                     !- Hour 16
  0,                                      !- Minute 16
  0.359677236049551,                      !- Value Until Time 16
  20,                                     !- Hour 17
  0,                                      !- Minute 17
  0.449596545061939,                      !- Value Until Time 17
  21,                                     !- Hour 18
  0,                                      !- Minute 18
  0.621941887335682,                      !- Value Until Time 18
  22,                                     !- Hour 19
  0,                                      !- Minute 19
  0.734341023601167,                      !- Value Until Time 19
  23,                                     !- Hour 20
  0,                                      !- Minute 20
  0.636928438837747,                      !- Value Until Time 20
  24,                                     !- Hour 21
  0,                                      !- Minute 21
  0.442103269310907;                      !- Value Until Time 21

OS:Schedule:Rule,
  {a58de517-0675-48f0-be21-ef19125f0d6b}, !- Handle
  exterior lighting schedule weekday ruleset5, !- Name
  {c3f2d9e9-a47d-4211-bf00-e2ac16f6e25b}, !- Schedule Ruleset Name
  13,                                     !- Rule Order
  {dc112ac4-60a0-4838-b1b9-3904ed817819}, !- Day Schedule Name
  ,                                       !- Apply Sunday
  Yes,                                    !- Apply Monday
  Yes,                                    !- Apply Tuesday
  Yes,                                    !- Apply Wednesday
  Yes,                                    !- Apply Thursday
  Yes,                                    !- Apply Friday
  ,                                       !- Apply Saturday
  DateRange,                              !- Date Specification Type
  5,                                      !- Start Month
  1,                                      !- Start Day
  5,                                      !- End Month
  31;                                     !- End Day

OS:Schedule:Day,
  {dc112ac4-60a0-4838-b1b9-3904ed817819}, !- Handle
  exterior lighting schedule weekday5,    !- Name
  {34f36b98-b76c-48c1-8280-8f0a08c409a4}, !- Schedule Type Limits Name
  ,                                       !- Interpolate to Timestep
  5,                                      !- Hour 1
  0,                                      !- Minute 1
  0.346084782361632,                      !- Value Until Time 1
  6,                                      !- Hour 2
  0,                                      !- Minute 2
  0.278372542334356,                      !- Value Until Time 2
  7,                                      !- Hour 3
  0,                                      !- Minute 3
  0.26332537788385,                       !- Value Until Time 3
  8,                                      !- Hour 4
  0,                                      !- Minute 4
  0.255801795658598,                      !- Value Until Time 4
  9,                                      !- Hour 5
  0,                                      !- Minute 5
  0.248278213433345,                      !- Value Until Time 5
  10,                                     !- Hour 6
  0,                                      !- Minute 6
  0.21066030230708,                       !- Value Until Time 6
  11,                                     !- Hour 7
  0,                                      !- Minute 7
  0.165518808955563,                      !- Value Until Time 7
  12,                                     !- Hour 8
  0,                                      !- Minute 8
  0.112853733378793,                      !- Value Until Time 8
  13,                                     !- Hour 9
  0,                                      !- Minute 9
  0.0902829867030344,                     !- Value Until Time 9
  15,                                     !- Hour 10
  0,                                      !- Minute 10
  0.0827594044777816,                     !- Value Until Time 10
  16,                                     !- Hour 11
  0,                                      !- Minute 11
  0.0902829867030344,                     !- Value Until Time 11
  17,                                     !- Hour 12
  0,                                      !- Minute 12
  0.142948062279805,                      !- Value Until Time 12
  18,                                     !- Hour 13
  0,                                      !- Minute 13
  0.278372542334356,                      !- Value Until Time 13
  19,                                     !- Hour 14
  0,                                      !- Minute 14
  0.368655529037391,                      !- Value Until Time 14
  20,                                     !- Hour 15
  0,                                      !- Minute 15
  0.489032844641437,                      !- Value Until Time 15
  21,                                     !- Hour 16
  0,                                      !- Minute 16
  0.684645982498011,                      !- Value Until Time 16
  22,                                     !- Hour 17
  0,                                      !- Minute 17
  0.789976133651551,                      !- Value Until Time 17
  23,                                     !- Hour 18
  0,                                      !- Minute 18
  0.684645982498011,                      !- Value Until Time 18
  24,                                     !- Hour 19
  0,                                      !- Minute 19
  0.473985680190931;                      !- Value Until Time 19

OS:Schedule:Rule,
  {04a1b27b-c9e7-453f-af6e-04be102c05d0}, !- Handle
  exterior lighting schedule weekend ruleset5, !- Name
  {c3f2d9e9-a47d-4211-bf00-e2ac16f6e25b}, !- Schedule Ruleset Name
  12,                                     !- Rule Order
  {6df5de99-8d80-4ad2-976c-592db435d8fd}, !- Day Schedule Name
  Yes,                                    !- Apply Sunday
  ,                                       !- Apply Monday
  ,                                       !- Apply Tuesday
  ,                                       !- Apply Wednesday
  ,                                       !- Apply Thursday
  ,                                       !- Apply Friday
  Yes,                                    !- Apply Saturday
  DateRange,                              !- Date Specification Type
  5,                                      !- Start Month
  1,                                      !- Start Day
  5,                                      !- End Month
  31;                                     !- End Day

OS:Schedule:Day,
  {6df5de99-8d80-4ad2-976c-592db435d8fd}, !- Handle
  exterior lighting schedule weekend5,    !- Name
  {34f36b98-b76c-48c1-8280-8f0a08c409a4}, !- Schedule Type Limits Name
  ,                                       !- Interpolate to Timestep
  2,                                      !- Hour 1
  0,                                      !- Minute 1
  0.346084782361632,                      !- Value Until Time 1
  4,                                      !- Hour 2
  0,                                      !- Minute 2
  0.338561200136379,                      !- Value Until Time 2
  5,                                      !- Hour 3
  0,                                      !- Minute 3
  0.346084782361632,                      !- Value Until Time 3
  6,                                      !- Hour 4
  0,                                      !- Minute 4
  0.338561200136379,                      !- Value Until Time 4
  7,                                      !- Hour 5
  0,                                      !- Minute 5
  0.331037617911126,                      !- Value Until Time 5
  8,                                      !- Hour 6
  0,                                      !- Minute 6
  0.308466871235368,                      !- Value Until Time 6
  9,                                      !- Hour 7
  0,                                      !- Minute 7
  0.270848960109103,                      !- Value Until Time 7
  10,                                     !- Hour 8
  0,                                      !- Minute 8
  0.225707466757586,                      !- Value Until Time 8
  11,                                     !- Hour 9
  0,                                      !- Minute 9
  0.180565973406069,                      !- Value Until Time 9
  12,                                     !- Hour 10
  0,                                      !- Minute 10
  0.120377315604046,                      !- Value Until Time 10
  13,                                     !- Hour 11
  0,                                      !- Minute 11
  0.0902829867030344,                     !- Value Until Time 11
  15,                                     !- Hour 12
  0,                                      !- Minute 12
  0.0827594044777816,                     !- Value Until Time 12
  16,                                     !- Hour 13
  0,                                      !- Minute 13
  0.0902829867030344,                     !- Value Until Time 13
  17,                                     !- Hour 14
  0,                                      !- Minute 14
  0.142948062279805,                      !- Value Until Time 14
  18,                                     !- Hour 15
  0,                                      !- Minute 15
  0.285896124559609,                      !- Value Until Time 15
  19,                                     !- Hour 16
  0,                                      !- Minute 16
  0.361131946812138,                      !- Value Until Time 16
  20,                                     !- Hour 17
  0,                                      !- Minute 17
  0.451414933515172,                      !- Value Until Time 17
  21,                                     !- Hour 18
  0,                                      !- Minute 18
  0.624457324695988,                      !- Value Until Time 18
  22,                                     !- Hour 19
  0,                                      !- Minute 19
  0.737311058074781,                      !- Value Until Time 19
  23,                                     !- Hour 20
  0,                                      !- Minute 20
  0.639504489146494,                      !- Value Until Time 20
  24,                                     !- Hour 21
  0,                                      !- Minute 21
  0.443891351289919;                      !- Value Until Time 21

OS:Schedule:Rule,
  {42385bef-da13-4642-903f-5f3d939ad422}, !- Handle
  exterior lighting schedule weekday ruleset6, !- Name
  {c3f2d9e9-a47d-4211-bf00-e2ac16f6e25b}, !- Schedule Ruleset Name
  11,                                     !- Rule Order
  {2ebac2eb-44ed-4aa2-8e95-d61f55c50e70}, !- Day Schedule Name
  ,                                       !- Apply Sunday
  Yes,                                    !- Apply Monday
  Yes,                                    !- Apply Tuesday
  Yes,                                    !- Apply Wednesday
  Yes,                                    !- Apply Thursday
  Yes,                                    !- Apply Friday
  ,                                       !- Apply Saturday
  DateRange,                              !- Date Specification Type
  6,                                      !- Start Month
  1,                                      !- Start Day
  6,                                      !- End Month
  30;                                     !- End Day

OS:Schedule:Day,
  {2ebac2eb-44ed-4aa2-8e95-d61f55c50e70}, !- Handle
  exterior lighting schedule weekday6,    !- Name
  {34f36b98-b76c-48c1-8280-8f0a08c409a4}, !- Schedule Type Limits Name
  ,                                       !- Interpolate to Timestep
  5,                                      !- Hour 1
  0,                                      !- Minute 1
  0.288229723074592,                      !- Value Until Time 1
  6,                                      !- Hour 2
  0,                                      !- Minute 2
  0.231836951168693,                      !- Value Until Time 2
  7,                                      !- Hour 3
  0,                                      !- Minute 3
  0.219305224078494,                      !- Value Until Time 3
  8,                                      !- Hour 4
  0,                                      !- Minute 4
  0.213039360533394,                      !- Value Until Time 4
  9,                                      !- Hour 5
  0,                                      !- Minute 5
  0.206773496988294,                      !- Value Until Time 5
  10,                                     !- Hour 6
  0,                                      !- Minute 6
  0.175444179262795,                      !- Value Until Time 6
  11,                                     !- Hour 7
  0,                                      !- Minute 7
  0.137848997992196,                      !- Value Until Time 7
  12,                                     !- Hour 8
  0,                                      !- Minute 8
  0.0939879531764973,                     !- Value Until Time 8
  13,                                     !- Hour 9
  0,                                      !- Minute 9
  0.0751903625411979,                     !- Value Until Time 9
  15,                                     !- Hour 10
  0,                                      !- Minute 10
  0.068924498996098,                      !- Value Until Time 10
  16,                                     !- Hour 11
  0,                                      !- Minute 11
  0.0751903625411979,                     !- Value Until Time 11
  17,                                     !- Hour 12
  0,                                      !- Minute 12
  0.119051407356897,                      !- Value Until Time 12
  18,                                     !- Hour 13
  0,                                      !- Minute 13
  0.231836951168693,                      !- Value Until Time 13
  19,                                     !- Hour 14
  0,                                      !- Minute 14
  0.307027313709891,                      !- Value Until Time 14
  20,                                     !- Hour 15
  0,                                      !- Minute 15
  0.407281130431488,                      !- Value Until Time 15
  21,                                     !- Hour 16
  0,                                      !- Minute 16
  0.570193582604084,                      !- Value Until Time 16
  22,                                     !- Hour 17
  0,                                      !- Minute 17
  0.657915672235481,                      !- Value Until Time 17
  23,                                     !- Hour 18
  0,                                      !- Minute 18
  0.570193582604084,                      !- Value Until Time 18
  24,                                     !- Hour 19
  0,                                      !- Minute 19
  0.394749403341289;                      !- Value Until Time 19

OS:Schedule:Rule,
  {3f2fd016-973a-4b54-8b76-4b790a50104e}, !- Handle
  exterior lighting schedule weekend ruleset6, !- Name
  {c3f2d9e9-a47d-4211-bf00-e2ac16f6e25b}, !- Schedule Ruleset Name
  10,                                     !- Rule Order
  {7bc6edad-d3b8-4f04-8420-1e8ae58864dd}, !- Day Schedule Name
  Yes,                                    !- Apply Sunday
  ,                                       !- Apply Monday
  ,                                       !- Apply Tuesday
  ,                                       !- Apply Wednesday
  ,                                       !- Apply Thursday
  ,                                       !- Apply Friday
  Yes,                                    !- Apply Saturday
  DateRange,                              !- Date Specification Type
  6,                                      !- Start Month
  1,                                      !- Start Day
  6,                                      !- End Month
  30;                                     !- End Day

OS:Schedule:Day,
  {7bc6edad-d3b8-4f04-8420-1e8ae58864dd}, !- Handle
  exterior lighting schedule weekend6,    !- Name
  {34f36b98-b76c-48c1-8280-8f0a08c409a4}, !- Schedule Type Limits Name
  ,                                       !- Interpolate to Timestep
  2,                                      !- Hour 1
  0,                                      !- Minute 1
  0.288229723074592,                      !- Value Until Time 1
  4,                                      !- Hour 2
  0,                                      !- Minute 2
  0.281963859529492,                      !- Value Until Time 2
  5,                                      !- Hour 3
  0,                                      !- Minute 3
  0.288229723074592,                      !- Value Until Time 3
  6,                                      !- Hour 4
  0,                                      !- Minute 4
  0.281963859529492,                      !- Value Until Time 4
  7,                                      !- Hour 5
  0,                                      !- Minute 5
  0.275697995984392,                      !- Value Until Time 5
  8,                                      !- Hour 6
  0,                                      !- Minute 6
  0.256900405349093,                      !- Value Until Time 6
  9,                                      !- Hour 7
  0,                                      !- Minute 7
  0.225571087623594,                      !- Value Until Time 7
  10,                                     !- Hour 8
  0,                                      !- Minute 8
  0.187975906352995,                      !- Value Until Time 8
  11,                                     !- Hour 9
  0,                                      !- Minute 9
  0.150380725082396,                      !- Value Until Time 9
  12,                                     !- Hour 10
  0,                                      !- Minute 10
  0.100253816721597,                      !- Value Until Time 10
  13,                                     !- Hour 11
  0,                                      !- Minute 11
  0.0751903625411979,                     !- Value Until Time 11
  15,                                     !- Hour 12
  0,                                      !- Minute 12
  0.068924498996098,                      !- Value Until Time 12
  16,                                     !- Hour 13
  0,                                      !- Minute 13
  0.0751903625411979,                     !- Value Until Time 13
  17,                                     !- Hour 14
  0,                                      !- Minute 14
  0.119051407356897,                      !- Value Until Time 14
  18,                                     !- Hour 15
  0,                                      !- Minute 15
  0.238102814713793,                      !- Value Until Time 15
  19,                                     !- Hour 16
  0,                                      !- Minute 16
  0.300761450164791,                      !- Value Until Time 16
  20,                                     !- Hour 17
  0,                                      !- Minute 17
  0.375951812705989,                      !- Value Until Time 17
  21,                                     !- Hour 18
  0,                                      !- Minute 18
  0.520066674243285,                      !- Value Until Time 18
  22,                                     !- Hour 19
  0,                                      !- Minute 19
  0.614054627419783,                      !- Value Until Time 19
  23,                                     !- Hour 20
  0,                                      !- Minute 20
  0.532598401333485,                      !- Value Until Time 20
  24,                                     !- Hour 21
  0,                                      !- Minute 21
  0.369685949160889;                      !- Value Until Time 21

OS:Schedule:Rule,
  {1389076b-0d4d-4b15-84cd-170f4bce39d7}, !- Handle
  exterior lighting schedule weekday ruleset7, !- Name
  {c3f2d9e9-a47d-4211-bf00-e2ac16f6e25b}, !- Schedule Ruleset Name
  9,                                      !- Rule Order
  {178ed987-2a4c-41e2-9735-1a991fb1f966}, !- Day Schedule Name
  ,                                       !- Apply Sunday
  Yes,                                    !- Apply Monday
  Yes,                                    !- Apply Tuesday
  Yes,                                    !- Apply Wednesday
  Yes,                                    !- Apply Thursday
  Yes,                                    !- Apply Friday
  ,                                       !- Apply Saturday
  DateRange,                              !- Date Specification Type
  7,                                      !- Start Month
  1,                                      !- Start Day
  8,                                      !- End Month
  31;                                     !- End Day

OS:Schedule:Day,
  {178ed987-2a4c-41e2-9735-1a991fb1f966}, !- Handle
  exterior lighting schedule weekday7,    !- Name
  {34f36b98-b76c-48c1-8280-8f0a08c409a4}, !- Schedule Type Limits Name
  ,                                       !- Interpolate to Timestep
  5,                                      !- Hour 1
  0,                                      !- Minute 1
  0.286138576353373,                      !- Value Until Time 1
  6,                                      !- Hour 2
  0,                                      !- Minute 2
  0.230154941849453,                      !- Value Until Time 2
  7,                                      !- Hour 3
  0,                                      !- Minute 3
  0.217714134181915,                      !- Value Until Time 3
  8,                                      !- Hour 4
  0,                                      !- Minute 4
  0.211493730348146,                      !- Value Until Time 4
  9,                                      !- Hour 5
  0,                                      !- Minute 5
  0.205273326514377,                      !- Value Until Time 5
  10,                                     !- Hour 6
  0,                                      !- Minute 6
  0.174171307345532,                      !- Value Until Time 6
  11,                                     !- Hour 7
  0,                                      !- Minute 7
  0.136848884342918,                      !- Value Until Time 7
  12,                                     !- Hour 8
  0,                                      !- Minute 8
  0.0933060575065348,                     !- Value Until Time 8
  13,                                     !- Hour 9
  0,                                      !- Minute 9
  0.0746448460052279,                     !- Value Until Time 9
  15,                                     !- Hour 10
  0,                                      !- Minute 10
  0.0684244421714589,                     !- Value Until Time 10
  16,                                     !- Hour 11
  0,                                      !- Minute 11
  0.0746448460052279,                     !- Value Until Time 11
  17,                                     !- Hour 12
  0,                                      !- Minute 12
  0.118187672841611,                      !- Value Until Time 12
  18,                                     !- Hour 13
  0,                                      !- Minute 13
  0.230154941849453,                      !- Value Until Time 13
  19,                                     !- Hour 14
  0,                                      !- Minute 14
  0.30479978785468,                       !- Value Until Time 14
  20,                                     !- Hour 15
  0,                                      !- Minute 15
  0.404326249194984,                      !- Value Until Time 15
  21,                                     !- Hour 16
  0,                                      !- Minute 16
  0.566056748872978,                      !- Value Until Time 16
  22,                                     !- Hour 17
  0,                                      !- Minute 17
  0.653142402545744,                      !- Value Until Time 17
  23,                                     !- Hour 18
  0,                                      !- Minute 18
  0.566056748872978,                      !- Value Until Time 18
  24,                                     !- Hour 19
  0,                                      !- Minute 19
  0.391885441527446;                      !- Value Until Time 19

OS:Schedule:Rule,
  {e183a883-4a51-4cb5-ab36-147d74811cf8}, !- Handle
  exterior lighting schedule weekend ruleset7, !- Name
  {c3f2d9e9-a47d-4211-bf00-e2ac16f6e25b}, !- Schedule Ruleset Name
  8,                                      !- Rule Order
  {71e9da65-2aeb-41e3-9b74-6544be65e0bb}, !- Day Schedule Name
  Yes,                                    !- Apply Sunday
  ,                                       !- Apply Monday
  ,                                       !- Apply Tuesday
  ,                                       !- Apply Wednesday
  ,                                       !- Apply Thursday
  ,                                       !- Apply Friday
  Yes,                                    !- Apply Saturday
  DateRange,                              !- Date Specification Type
  7,                                      !- Start Month
  1,                                      !- Start Day
  8,                                      !- End Month
  31;                                     !- End Day

OS:Schedule:Day,
  {71e9da65-2aeb-41e3-9b74-6544be65e0bb}, !- Handle
  exterior lighting schedule weekend7,    !- Name
  {34f36b98-b76c-48c1-8280-8f0a08c409a4}, !- Schedule Type Limits Name
  ,                                       !- Interpolate to Timestep
  2,                                      !- Hour 1
  0,                                      !- Minute 1
  0.286138576353373,                      !- Value Until Time 1
  4,                                      !- Hour 2
  0,                                      !- Minute 2
  0.279918172519604,                      !- Value Until Time 2
  5,                                      !- Hour 3
  0,                                      !- Minute 3
  0.286138576353373,                      !- Value Until Time 3
  6,                                      !- Hour 4
  0,                                      !- Minute 4
  0.279918172519604,                      !- Value Until Time 4
  7,                                      !- Hour 5
  0,                                      !- Minute 5
  0.273697768685836,                      !- Value Until Time 5
  8,                                      !- Hour 6
  0,                                      !- Minute 6
  0.255036557184529,                      !- Value Until Time 6
  9,                                      !- Hour 7
  0,                                      !- Minute 7
  0.223934538015684,                      !- Value Until Time 7
  10,                                     !- Hour 8
  0,                                      !- Minute 8
  0.18661211501307,                       !- Value Until Time 8
  11,                                     !- Hour 9
  0,                                      !- Minute 9
  0.149289692010456,                      !- Value Until Time 9
  12,                                     !- Hour 10
  0,                                      !- Minute 10
  0.0995264613403038,                     !- Value Until Time 10
  13,                                     !- Hour 11
  0,                                      !- Minute 11
  0.0746448460052279,                     !- Value Until Time 11
  15,                                     !- Hour 12
  0,                                      !- Minute 12
  0.0684244421714589,                     !- Value Until Time 12
  16,                                     !- Hour 13
  0,                                      !- Minute 13
  0.0746448460052279,                     !- Value Until Time 13
  17,                                     !- Hour 14
  0,                                      !- Minute 14
  0.118187672841611,                      !- Value Until Time 14
  18,                                     !- Hour 15
  0,                                      !- Minute 15
  0.236375345683222,                      !- Value Until Time 15
  19,                                     !- Hour 16
  0,                                      !- Minute 16
  0.298579384020911,                      !- Value Until Time 16
  20,                                     !- Hour 17
  0,                                      !- Minute 17
  0.373224230026139,                      !- Value Until Time 17
  21,                                     !- Hour 18
  0,                                      !- Minute 18
  0.516293518202826,                      !- Value Until Time 18
  22,                                     !- Hour 19
  0,                                      !- Minute 19
  0.609599575709361,                      !- Value Until Time 19
  23,                                     !- Hour 20
  0,                                      !- Minute 20
  0.528734325870364,                      !- Value Until Time 20
  24,                                     !- Hour 21
  0,                                      !- Minute 21
  0.36700382619237;                       !- Value Until Time 21

OS:Schedule:Rule,
  {6965a9d9-5fa0-4c9c-82c3-61a11d0966fb}, !- Handle
  exterior lighting schedule weekday ruleset9, !- Name
  {c3f2d9e9-a47d-4211-bf00-e2ac16f6e25b}, !- Schedule Ruleset Name
  7,                                      !- Rule Order
  {db704976-2862-4265-a7c2-51b69e5a461f}, !- Day Schedule Name
  ,                                       !- Apply Sunday
  Yes,                                    !- Apply Monday
  Yes,                                    !- Apply Tuesday
  Yes,                                    !- Apply Wednesday
  Yes,                                    !- Apply Thursday
  Yes,                                    !- Apply Friday
  ,                                       !- Apply Saturday
  DateRange,                              !- Date Specification Type
  9,                                      !- Start Month
  1,                                      !- Start Day
  9,                                      !- End Month
  30;                                     !- End Day

OS:Schedule:Day,
  {db704976-2862-4265-a7c2-51b69e5a461f}, !- Handle
  exterior lighting schedule weekday9,    !- Name
  {34f36b98-b76c-48c1-8280-8f0a08c409a4}, !- Schedule Type Limits Name
  ,                                       !- Interpolate to Timestep
  5,                                      !- Hour 1
  0,                                      !- Minute 1
  0.288229723074592,                      !- Value Until Time 1
  6,                                      !- Hour 2
  0,                                      !- Minute 2
  0.231836951168693,                      !- Value Until Time 2
  7,                                      !- Hour 3
  0,                                      !- Minute 3
  0.219305224078494,                      !- Value Until Time 3
  8,                                      !- Hour 4
  0,                                      !- Minute 4
  0.213039360533394,                      !- Value Until Time 4
  9,                                      !- Hour 5
  0,                                      !- Minute 5
  0.206773496988294,                      !- Value Until Time 5
  10,                                     !- Hour 6
  0,                                      !- Minute 6
  0.175444179262795,                      !- Value Until Time 6
  11,                                     !- Hour 7
  0,                                      !- Minute 7
  0.137848997992196,                      !- Value Until Time 7
  12,                                     !- Hour 8
  0,                                      !- Minute 8
  0.0939879531764973,                     !- Value Until Time 8
  13,                                     !- Hour 9
  0,                                      !- Minute 9
  0.0751903625411979,                     !- Value Until Time 9
  15,                                     !- Hour 10
  0,                                      !- Minute 10
  0.068924498996098,                      !- Value Until Time 10
  16,                                     !- Hour 11
  0,                                      !- Minute 11
  0.0751903625411979,                     !- Value Until Time 11
  17,                                     !- Hour 12
  0,                                      !- Minute 12
  0.119051407356897,                      !- Value Until Time 12
  18,                                     !- Hour 13
  0,                                      !- Minute 13
  0.231836951168693,                      !- Value Until Time 13
  19,                                     !- Hour 14
  0,                                      !- Minute 14
  0.307027313709891,                      !- Value Until Time 14
  20,                                     !- Hour 15
  0,                                      !- Minute 15
  0.407281130431488,                      !- Value Until Time 15
  21,                                     !- Hour 16
  0,                                      !- Minute 16
  0.570193582604084,                      !- Value Until Time 16
  22,                                     !- Hour 17
  0,                                      !- Minute 17
  0.657915672235481,                      !- Value Until Time 17
  23,                                     !- Hour 18
  0,                                      !- Minute 18
  0.570193582604084,                      !- Value Until Time 18
  24,                                     !- Hour 19
  0,                                      !- Minute 19
  0.394749403341289;                      !- Value Until Time 19

OS:Schedule:Rule,
  {f09370a3-e42e-468f-b500-7814bdac8aa4}, !- Handle
  exterior lighting schedule weekend ruleset9, !- Name
  {c3f2d9e9-a47d-4211-bf00-e2ac16f6e25b}, !- Schedule Ruleset Name
  6,                                      !- Rule Order
  {69fcd302-b5fb-4e91-a663-54afc60512ee}, !- Day Schedule Name
  Yes,                                    !- Apply Sunday
  ,                                       !- Apply Monday
  ,                                       !- Apply Tuesday
  ,                                       !- Apply Wednesday
  ,                                       !- Apply Thursday
  ,                                       !- Apply Friday
  Yes,                                    !- Apply Saturday
  DateRange,                              !- Date Specification Type
  9,                                      !- Start Month
  1,                                      !- Start Day
  9,                                      !- End Month
  30;                                     !- End Day

OS:Schedule:Day,
  {69fcd302-b5fb-4e91-a663-54afc60512ee}, !- Handle
  exterior lighting schedule weekend9,    !- Name
  {34f36b98-b76c-48c1-8280-8f0a08c409a4}, !- Schedule Type Limits Name
  ,                                       !- Interpolate to Timestep
  2,                                      !- Hour 1
  0,                                      !- Minute 1
  0.288229723074592,                      !- Value Until Time 1
  4,                                      !- Hour 2
  0,                                      !- Minute 2
  0.281963859529492,                      !- Value Until Time 2
  5,                                      !- Hour 3
  0,                                      !- Minute 3
  0.288229723074592,                      !- Value Until Time 3
  6,                                      !- Hour 4
  0,                                      !- Minute 4
  0.281963859529492,                      !- Value Until Time 4
  7,                                      !- Hour 5
  0,                                      !- Minute 5
  0.275697995984392,                      !- Value Until Time 5
  8,                                      !- Hour 6
  0,                                      !- Minute 6
  0.256900405349093,                      !- Value Until Time 6
  9,                                      !- Hour 7
  0,                                      !- Minute 7
  0.225571087623594,                      !- Value Until Time 7
  10,                                     !- Hour 8
  0,                                      !- Minute 8
  0.187975906352995,                      !- Value Until Time 8
  11,                                     !- Hour 9
  0,                                      !- Minute 9
  0.150380725082396,                      !- Value Until Time 9
  12,                                     !- Hour 10
  0,                                      !- Minute 10
  0.100253816721597,                      !- Value Until Time 10
  13,                                     !- Hour 11
  0,                                      !- Minute 11
  0.0751903625411979,                     !- Value Until Time 11
  15,                                     !- Hour 12
  0,                                      !- Minute 12
  0.068924498996098,                      !- Value Until Time 12
  16,                                     !- Hour 13
  0,                                      !- Minute 13
  0.0751903625411979,                     !- Value Until Time 13
  17,                                     !- Hour 14
  0,                                      !- Minute 14
  0.119051407356897,                      !- Value Until Time 14
  18,                                     !- Hour 15
  0,                                      !- Minute 15
  0.238102814713793,                      !- Value Until Time 15
  19,                                     !- Hour 16
  0,                                      !- Minute 16
  0.300761450164791,                      !- Value Until Time 16
  20,                                     !- Hour 17
  0,                                      !- Minute 17
  0.375951812705989,                      !- Value Until Time 17
  21,                                     !- Hour 18
  0,                                      !- Minute 18
  0.520066674243285,                      !- Value Until Time 18
  22,                                     !- Hour 19
  0,                                      !- Minute 19
  0.614054627419783,                      !- Value Until Time 19
  23,                                     !- Hour 20
  0,                                      !- Minute 20
  0.532598401333485,                      !- Value Until Time 20
  24,                                     !- Hour 21
  0,                                      !- Minute 21
  0.369685949160889;                      !- Value Until Time 21

OS:Schedule:Rule,
  {6b2739db-0323-4612-b898-009730e98372}, !- Handle
  exterior lighting schedule weekday ruleset10, !- Name
  {c3f2d9e9-a47d-4211-bf00-e2ac16f6e25b}, !- Schedule Ruleset Name
  5,                                      !- Rule Order
  {9d09077e-0918-4051-b08b-b06d2fa69b4f}, !- Day Schedule Name
  ,                                       !- Apply Sunday
  Yes,                                    !- Apply Monday
  Yes,                                    !- Apply Tuesday
  Yes,                                    !- Apply Wednesday
  Yes,                                    !- Apply Thursday
  Yes,                                    !- Apply Friday
  ,                                       !- Apply Saturday
  DateRange,                              !- Date Specification Type
  10,                                     !- Start Month
  1,                                      !- Start Day
  10,                                     !- End Month
  31;                                     !- End Day

OS:Schedule:Day,
  {9d09077e-0918-4051-b08b-b06d2fa69b4f}, !- Handle
  exterior lighting schedule weekday10,   !- Name
  {34f36b98-b76c-48c1-8280-8f0a08c409a4}, !- Schedule Type Limits Name
  ,                                       !- Interpolate to Timestep
  5,                                      !- Hour 1
  0,                                      !- Minute 1
  0.345039209001023,                      !- Value Until Time 1
  6,                                      !- Hour 2
  0,                                      !- Minute 2
  0.277531537674736,                      !- Value Until Time 2
  7,                                      !- Hour 3
  0,                                      !- Minute 3
  0.262529832935561,                      !- Value Until Time 3
  8,                                      !- Hour 4
  0,                                      !- Minute 4
  0.255028980565973,                      !- Value Until Time 4
  9,                                      !- Hour 5
  0,                                      !- Minute 5
  0.247528128196386,                      !- Value Until Time 5
  10,                                     !- Hour 6
  0,                                      !- Minute 6
  0.210023866348449,                      !- Value Until Time 6
  11,                                     !- Hour 7
  0,                                      !- Minute 7
  0.165018752130924,                      !- Value Until Time 7
  12,                                     !- Hour 8
  0,                                      !- Minute 8
  0.112512785543812,                      !- Value Until Time 8
  13,                                     !- Hour 9
  0,                                      !- Minute 9
  0.0900102284350494,                     !- Value Until Time 9
  15,                                     !- Hour 10
  0,                                      !- Minute 10
  0.082509376065462,                      !- Value Until Time 10
  16,                                     !- Hour 11
  0,                                      !- Minute 11
  0.0900102284350494,                     !- Value Until Time 11
  17,                                     !- Hour 12
  0,                                      !- Minute 12
  0.142516195022162,                      !- Value Until Time 12
  18,                                     !- Hour 13
  0,                                      !- Minute 13
  0.277531537674736,                      !- Value Until Time 13
  19,                                     !- Hour 14
  0,                                      !- Minute 14
  0.367541766109785,                      !- Value Until Time 14
  20,                                     !- Hour 15
  0,                                      !- Minute 15
  0.487555404023184,                      !- Value Until Time 15
  21,                                     !- Hour 16
  0,                                      !- Minute 16
  0.682577565632458,                      !- Value Until Time 16
  22,                                     !- Hour 17
  0,                                      !- Minute 17
  0.787589498806682,                      !- Value Until Time 17
  23,                                     !- Hour 18
  0,                                      !- Minute 18
  0.682577565632458,                      !- Value Until Time 18
  24,                                     !- Hour 19
  0,                                      !- Minute 19
  0.47255369928401;                       !- Value Until Time 19

OS:Schedule:Rule,
  {3337f367-ed63-4a86-b0f8-8e05591bae62}, !- Handle
  exterior lighting schedule weekend ruleset10, !- Name
  {c3f2d9e9-a47d-4211-bf00-e2ac16f6e25b}, !- Schedule Ruleset Name
  4,                                      !- Rule Order
  {4624d29f-cab6-4317-a75d-21ddc8c65711}, !- Day Schedule Name
  Yes,                                    !- Apply Sunday
  ,                                       !- Apply Monday
  ,                                       !- Apply Tuesday
  ,                                       !- Apply Wednesday
  ,                                       !- Apply Thursday
  ,                                       !- Apply Friday
  Yes,                                    !- Apply Saturday
  DateRange,                              !- Date Specification Type
  10,                                     !- Start Month
  1,                                      !- Start Day
  10,                                     !- End Month
  31;                                     !- End Day

OS:Schedule:Day,
  {4624d29f-cab6-4317-a75d-21ddc8c65711}, !- Handle
  exterior lighting schedule weekend10,   !- Name
  {34f36b98-b76c-48c1-8280-8f0a08c409a4}, !- Schedule Type Limits Name
  ,                                       !- Interpolate to Timestep
  2,                                      !- Hour 1
  0,                                      !- Minute 1
  0.345039209001023,                      !- Value Until Time 1
  4,                                      !- Hour 2
  0,                                      !- Minute 2
  0.337538356631435,                      !- Value Until Time 2
  5,                                      !- Hour 3
  0,                                      !- Minute 3
  0.345039209001023,                      !- Value Until Time 3
  6,                                      !- Hour 4
  0,                                      !- Minute 4
  0.337538356631435,                      !- Value Until Time 4
  7,                                      !- Hour 5
  0,                                      !- Minute 5
  0.330037504261848,                      !- Value Until Time 5
  8,                                      !- Hour 6
  0,                                      !- Minute 6
  0.307534947153086,                      !- Value Until Time 6
  9,                                      !- Hour 7
  0,                                      !- Minute 7
  0.270030685305148,                      !- Value Until Time 7
  10,                                     !- Hour 8
  0,                                      !- Minute 8
  0.225025571087624,                      !- Value Until Time 8
  11,                                     !- Hour 9
  0,                                      !- Minute 9
  0.180020456870099,                      !- Value Until Time 9
  12,                                     !- Hour 10
  0,                                      !- Minute 10
  0.120013637913399,                      !- Value Until Time 10
  13,                                     !- Hour 11
  0,                                      !- Minute 11
  0.0900102284350494,                     !- Value Until Time 11
  15,                                     !- Hour 12
  0,                                      !- Minute 12
  0.082509376065462,                      !- Value Until Time 12
  16,                                     !- Hour 13
  0,                                      !- Minute 13
  0.0900102284350494,                     !- Value Until Time 13
  17,                                     !- Hour 14
  0,                                      !- Minute 14
  0.142516195022162,                      !- Value Until Time 14
  18,                                     !- Hour 15
  0,                                      !- Minute 15
  0.285032390044323,                      !- Value Until Time 15
  19,                                     !- Hour 16
  0,                                      !- Minute 16
  0.360040913740198,                      !- Value Until Time 16
  20,                                     !- Hour 17
  0,                                      !- Minute 17
  0.450051142175247,                      !- Value Until Time 17
  21,                                     !- Hour 18
  0,                                      !- Minute 18
  0.622570746675759,                      !- Value Until Time 18
  22,                                     !- Hour 19
  0,                                      !- Minute 19
  0.73508353221957,                       !- Value Until Time 19
  23,                                     !- Hour 20
  0,                                      !- Minute 20
  0.637572451414934,                      !- Value Until Time 20
  24,                                     !- Hour 21
  0,                                      !- Minute 21
  0.44255028980566;                       !- Value Until Time 21

OS:Schedule:Rule,
  {6dba11db-eeb3-4dfc-8049-79170eeb4861}, !- Handle
  exterior lighting schedule weekday ruleset11, !- Name
  {c3f2d9e9-a47d-4211-bf00-e2ac16f6e25b}, !- Schedule Ruleset Name
  3,                                      !- Rule Order
  {f42d3297-5b60-41af-a0f7-f662fbc4f243}, !- Day Schedule Name
  ,                                       !- Apply Sunday
  Yes,                                    !- Apply Monday
  Yes,                                    !- Apply Tuesday
  Yes,                                    !- Apply Wednesday
  Yes,                                    !- Apply Thursday
  Yes,                                    !- Apply Friday
  ,                                       !- Apply Saturday
  DateRange,                              !- Date Specification Type
  11,                                     !- Start Month
  1,                                      !- Start Day
  11,                                     !- End Month
  30;                                     !- End Day

OS:Schedule:Day,
  {f42d3297-5b60-41af-a0f7-f662fbc4f243}, !- Handle
  exterior lighting schedule weekday11,   !- Name
  {34f36b98-b76c-48c1-8280-8f0a08c409a4}, !- Schedule Type Limits Name
  ,                                       !- Interpolate to Timestep
  5,                                      !- Hour 1
  0,                                      !- Minute 1
  0.343993635640414,                      !- Value Until Time 1
  6,                                      !- Hour 2
  0,                                      !- Minute 2
  0.276690533015115,                      !- Value Until Time 2
  7,                                      !- Hour 3
  0,                                      !- Minute 3
  0.261734287987271,                      !- Value Until Time 3
  8,                                      !- Hour 4
  0,                                      !- Minute 4
  0.254256165473349,                      !- Value Until Time 4
  9,                                      !- Hour 5
  0,                                      !- Minute 5
  0.246778042959427,                      !- Value Until Time 5
  10,                                     !- Hour 6
  0,                                      !- Minute 6
  0.209387430389817,                      !- Value Until Time 6
  11,                                     !- Hour 7
  0,                                      !- Minute 7
  0.164518695306285,                      !- Value Until Time 7
  12,                                     !- Hour 8
  0,                                      !- Minute 8
  0.112171837708831,                      !- Value Until Time 8
  13,                                     !- Hour 9
  0,                                      !- Minute 9
  0.0897374701670644,                     !- Value Until Time 9
  15,                                     !- Hour 10
  0,                                      !- Minute 10
  0.0822593476531424,                     !- Value Until Time 10
  16,                                     !- Hour 11
  0,                                      !- Minute 11
  0.0897374701670644,                     !- Value Until Time 11
  17,                                     !- Hour 12
  0,                                      !- Minute 12
  0.142084327764519,                      !- Value Until Time 12
  18,                                     !- Hour 13
  0,                                      !- Minute 13
  0.276690533015115,                      !- Value Until Time 13
  19,                                     !- Hour 14
  0,                                      !- Minute 14
  0.36642800318218,                       !- Value Until Time 14
  20,                                     !- Hour 15
  0,                                      !- Minute 15
  0.486077963404932,                      !- Value Until Time 15
  21,                                     !- Hour 16
  0,                                      !- Minute 16
  0.680509148766905,                      !- Value Until Time 16
  22,                                     !- Hour 17
  0,                                      !- Minute 17
  0.785202863961814,                      !- Value Until Time 17
  23,                                     !- Hour 18
  0,                                      !- Minute 18
  0.680509148766905,                      !- Value Until Time 18
  24,                                     !- Hour 19
  0,                                      !- Minute 19
  0.471121718377088;                      !- Value Until Time 19

OS:Schedule:Rule,
  {0b2ff6ac-1b62-46cd-bada-701074f89865}, !- Handle
  exterior lighting schedule weekend ruleset11, !- Name
  {c3f2d9e9-a47d-4211-bf00-e2ac16f6e25b}, !- Schedule Ruleset Name
  2,                                      !- Rule Order
  {d3403d1d-bd85-4699-acb8-b7e786950efc}, !- Day Schedule Name
  Yes,                                    !- Apply Sunday
  ,                                       !- Apply Monday
  ,                                       !- Apply Tuesday
  ,                                       !- Apply Wednesday
  ,                                       !- Apply Thursday
  ,                                       !- Apply Friday
  Yes,                                    !- Apply Saturday
  DateRange,                              !- Date Specification Type
  11,                                     !- Start Month
  1,                                      !- Start Day
  11,                                     !- End Month
  30;                                     !- End Day

OS:Schedule:Day,
  {d3403d1d-bd85-4699-acb8-b7e786950efc}, !- Handle
  exterior lighting schedule weekend11,   !- Name
  {34f36b98-b76c-48c1-8280-8f0a08c409a4}, !- Schedule Type Limits Name
  ,                                       !- Interpolate to Timestep
  2,                                      !- Hour 1
  0,                                      !- Minute 1
  0.343993635640414,                      !- Value Until Time 1
  4,                                      !- Hour 2
  0,                                      !- Minute 2
  0.336515513126492,                      !- Value Until Time 2
  5,                                      !- Hour 3
  0,                                      !- Minute 3
  0.343993635640414,                      !- Value Until Time 3
  6,                                      !- Hour 4
  0,                                      !- Minute 4
  0.336515513126492,                      !- Value Until Time 4
  7,                                      !- Hour 5
  0,                                      !- Minute 5
  0.32903739061257,                       !- Value Until Time 5
  8,                                      !- Hour 6
  0,                                      !- Minute 6
  0.306603023070804,                      !- Value Until Time 6
  9,                                      !- Hour 7
  0,                                      !- Minute 7
  0.269212410501193,                      !- Value Until Time 7
  10,                                     !- Hour 8
  0,                                      !- Minute 8
  0.224343675417661,                      !- Value Until Time 8
  11,                                     !- Hour 9
  0,                                      !- Minute 9
  0.179474940334129,                      !- Value Until Time 9
  12,                                     !- Hour 10
  0,                                      !- Minute 10
  0.119649960222753,                      !- Value Until Time 10
  13,                                     !- Hour 11
  0,                                      !- Minute 11
  0.0897374701670644,                     !- Value Until Time 11
  15,                                     !- Hour 12
  0,                                      !- Minute 12
  0.0822593476531424,                     !- Value Until Time 12
  16,                                     !- Hour 13
  0,                                      !- Minute 13
  0.0897374701670644,                     !- Value Until Time 13
  17,                                     !- Hour 14
  0,                                      !- Minute 14
  0.142084327764519,                      !- Value Until Time 14
  18,                                     !- Hour 15
  0,                                      !- Minute 15
  0.284168655529037,                      !- Value Until Time 15
  19,                                     !- Hour 16
  0,                                      !- Minute 16
  0.358949880668258,                      !- Value Until Time 16
  20,                                     !- Hour 17
  0,                                      !- Minute 17
  0.448687350835322,                      !- Value Until Time 17
  21,                                     !- Hour 18
  0,                                      !- Minute 18
  0.620684168655529,                      !- Value Until Time 18
  22,                                     !- Hour 19
  0,                                      !- Minute 19
  0.73285600636436,                       !- Value Until Time 19
  23,                                     !- Hour 20
  0,                                      !- Minute 20
  0.635640413683373,                      !- Value Until Time 20
  24,                                     !- Hour 21
  0,                                      !- Minute 21
  0.4412092283214;                        !- Value Until Time 21

OS:Schedule:Rule,
  {ccf24c61-82ba-48c6-a3c7-084d64831c89}, !- Handle
  exterior lighting schedule weekday ruleset12, !- Name
  {c3f2d9e9-a47d-4211-bf00-e2ac16f6e25b}, !- Schedule Ruleset Name
  1,                                      !- Rule Order
  {250e4f0f-33d6-4b54-9877-7b28375f315f}, !- Day Schedule Name
  ,                                       !- Apply Sunday
  Yes,                                    !- Apply Monday
  Yes,                                    !- Apply Tuesday
  Yes,                                    !- Apply Wednesday
  Yes,                                    !- Apply Thursday
  Yes,                                    !- Apply Friday
  ,                                       !- Apply Saturday
  DateRange,                              !- Date Specification Type
  12,                                     !- Start Month
  1,                                      !- Start Day
  12,                                     !- End Month
  31;                                     !- End Day

OS:Schedule:Day,
  {250e4f0f-33d6-4b54-9877-7b28375f315f}, !- Handle
  exterior lighting schedule weekday12,   !- Name
  {34f36b98-b76c-48c1-8280-8f0a08c409a4}, !- Schedule Type Limits Name
  ,                                       !- Interpolate to Timestep
  5,                                      !- Hour 1
  0,                                      !- Minute 1
  0.434958518013411,                      !- Value Until Time 1
  6,                                      !- Hour 2
  0,                                      !- Minute 2
  0.349857938402091,                      !- Value Until Time 2
  7,                                      !- Hour 3
  0,                                      !- Minute 3
  0.330946698488465,                      !- Value Until Time 3
  8,                                      !- Hour 4
  0,                                      !- Minute 4
  0.321491078531651,                      !- Value Until Time 4
  9,                                      !- Hour 5
  0,                                      !- Minute 5
  0.312035458574838,                      !- Value Until Time 5
  10,                                     !- Hour 6
  0,                                      !- Minute 6
  0.264757358790772,                      !- Value Until Time 6
  11,                                     !- Hour 7
  0,                                      !- Minute 7
  0.208023639049892,                      !- Value Until Time 7
  12,                                     !- Hour 8
  0,                                      !- Minute 8
  0.141834299352199,                      !- Value Until Time 8
  13,                                     !- Hour 9
  0,                                      !- Minute 9
  0.113467439481759,                      !- Value Until Time 9
  15,                                     !- Hour 10
  0,                                      !- Minute 10
  0.104011819524946,                      !- Value Until Time 10
  16,                                     !- Hour 11
  0,                                      !- Minute 11
  0.113467439481759,                      !- Value Until Time 11
  17,                                     !- Hour 12
  0,                                      !- Minute 12
  0.179656779179452,                      !- Value Until Time 12
  18,                                     !- Hour 13
  0,                                      !- Minute 13
  0.349857938402091,                      !- Value Until Time 13
  19,                                     !- Hour 14
  0,                                      !- Minute 14
  0.463325377883851,                      !- Value Until Time 14
  20,                                     !- Hour 15
  0,                                      !- Minute 15
  0.614615297192863,                      !- Value Until Time 15
  21,                                     !- Hour 16
  0,                                      !- Minute 16
  0.860461416070008,                      !- Value Until Time 16
  22,                                     !- Hour 17
  0,                                      !- Minute 17
  0.992840095465394,                      !- Value Until Time 17
  23,                                     !- Hour 18
  0,                                      !- Minute 18
  0.860461416070008,                      !- Value Until Time 18
  24,                                     !- Hour 19
  0,                                      !- Minute 19
  0.595704057279236;                      !- Value Until Time 19

OS:Schedule:Rule,
  {95e11634-3406-4326-a8c0-40a72b695fc4}, !- Handle
  exterior lighting schedule weekend ruleset12, !- Name
  {c3f2d9e9-a47d-4211-bf00-e2ac16f6e25b}, !- Schedule Ruleset Name
  0,                                      !- Rule Order
  {7cf9731f-cc29-4715-9892-889eb2a8c2e4}, !- Day Schedule Name
  Yes,                                    !- Apply Sunday
  ,                                       !- Apply Monday
  ,                                       !- Apply Tuesday
  ,                                       !- Apply Wednesday
  ,                                       !- Apply Thursday
  ,                                       !- Apply Friday
  Yes,                                    !- Apply Saturday
  DateRange,                              !- Date Specification Type
  12,                                     !- Start Month
  1,                                      !- Start Day
  12,                                     !- End Month
  31;                                     !- End Day

OS:Schedule:Day,
  {7cf9731f-cc29-4715-9892-889eb2a8c2e4}, !- Handle
  exterior lighting schedule weekend12,   !- Name
  {34f36b98-b76c-48c1-8280-8f0a08c409a4}, !- Schedule Type Limits Name
  ,                                       !- Interpolate to Timestep
  2,                                      !- Hour 1
  0,                                      !- Minute 1
  0.434958518013411,                      !- Value Until Time 1
  4,                                      !- Hour 2
  0,                                      !- Minute 2
  0.425502898056597,                      !- Value Until Time 2
  5,                                      !- Hour 3
  0,                                      !- Minute 3
  0.434958518013411,                      !- Value Until Time 3
  6,                                      !- Hour 4
  0,                                      !- Minute 4
  0.425502898056597,                      !- Value Until Time 4
  7,                                      !- Hour 5
  0,                                      !- Minute 5
  0.416047278099784,                      !- Value Until Time 5
  8,                                      !- Hour 6
  0,                                      !- Minute 6
  0.387680418229344,                      !- Value Until Time 6
  9,                                      !- Hour 7
  0,                                      !- Minute 7
  0.340402318445278,                      !- Value Until Time 7
  10,                                     !- Hour 8
  0,                                      !- Minute 8
  0.283668598704398,                      !- Value Until Time 8
  11,                                     !- Hour 9
  0,                                      !- Minute 9
  0.226934878963519,                      !- Value Until Time 9
  12,                                     !- Hour 10
  0,                                      !- Minute 10
  0.151289919309012,                      !- Value Until Time 10
  13,                                     !- Hour 11
  0,                                      !- Minute 11
  0.113467439481759,                      !- Value Until Time 11
  15,                                     !- Hour 12
  0,                                      !- Minute 12
  0.104011819524946,                      !- Value Until Time 12
  16,                                     !- Hour 13
  0,                                      !- Minute 13
  0.113467439481759,                      !- Value Until Time 13
  17,                                     !- Hour 14
  0,                                      !- Minute 14
  0.179656779179452,                      !- Value Until Time 14
  18,                                     !- Hour 15
  0,                                      !- Minute 15
  0.359313558358904,                      !- Value Until Time 15
  19,                                     !- Hour 16
  0,                                      !- Minute 16
  0.453869757927037,                      !- Value Until Time 16
  20,                                     !- Hour 17
  0,                                      !- Minute 17
  0.567337197408797,                      !- Value Until Time 17
  21,                                     !- Hour 18
  0,                                      !- Minute 18
  0.784816456415502,                      !- Value Until Time 18
  22,                                     !- Hour 19
  0,                                      !- Minute 19
  0.926650755767701,                      !- Value Until Time 19
  23,                                     !- Hour 20
  0,                                      !- Minute 20
  0.803727696329128,                      !- Value Until Time 20
  24,                                     !- Hour 21
  0,                                      !- Minute 21
  0.557881577451983;                      !- Value Until Time 21

OS:Exterior:Lights:Definition,
  {9299a54d-bc95-461c-8b47-066239a01acc}, !- Handle
  exterior lighting,                      !- Name
  13.0211335699194;                       !- Design Level {W}

OS:Exterior:Lights,
  {c0e0f934-8ee3-48b9-b03a-287d063e3708}, !- Handle
  exterior lighting,                      !- Name
  {9299a54d-bc95-461c-8b47-066239a01acc}, !- Exterior Lights Definition Name
  {c3f2d9e9-a47d-4211-bf00-e2ac16f6e25b}, !- Schedule Name
  ,                                       !- Control Option
  ,                                       !- Multiplier
  exterior lighting;                      !- End-Use Subcategory

OS:Schedule:Ruleset,
  {72756793-c363-4544-9d09-dd4893b4e451}, !- Handle
  cooling season schedule,                !- Name
  {34f36b98-b76c-48c1-8280-8f0a08c409a4}, !- Schedule Type Limits Name
  {bff7b303-92c0-41ef-8d0c-652502d39a81}; !- Default Day Schedule Name

OS:Schedule:Day,
  {bff7b303-92c0-41ef-8d0c-652502d39a81}, !- Handle
  cooling season schedule default day,    !- Name
  {34f36b98-b76c-48c1-8280-8f0a08c409a4}, !- Schedule Type Limits Name
  ,                                       !- Interpolate to Timestep
  24,                                     !- Hour 1
  0,                                      !- Minute 1
  0;                                      !- Value Until Time 1

OS:Schedule:Rule,
  {62b2881b-8c0d-421b-b3c6-701d67f34664}, !- Handle
  cooling season schedule allday ruleset1, !- Name
  {72756793-c363-4544-9d09-dd4893b4e451}, !- Schedule Ruleset Name
  2,                                      !- Rule Order
  {a4f98761-c435-41e9-bd73-9ebbd13d873d}, !- Day Schedule Name
  Yes,                                    !- Apply Sunday
  Yes,                                    !- Apply Monday
  Yes,                                    !- Apply Tuesday
  Yes,                                    !- Apply Wednesday
  Yes,                                    !- Apply Thursday
  Yes,                                    !- Apply Friday
  Yes,                                    !- Apply Saturday
  DateRange,                              !- Date Specification Type
  1,                                      !- Start Month
  1,                                      !- Start Day
  4,                                      !- End Month
  30;                                     !- End Day

OS:Schedule:Day,
  {a4f98761-c435-41e9-bd73-9ebbd13d873d}, !- Handle
  cooling season schedule allday1,        !- Name
  {34f36b98-b76c-48c1-8280-8f0a08c409a4}, !- Schedule Type Limits Name
  ,                                       !- Interpolate to Timestep
  24,                                     !- Hour 1
  0,                                      !- Minute 1
  0;                                      !- Value Until Time 1

OS:Schedule:Rule,
  {11594239-04f6-418e-b738-8d69c3cd912f}, !- Handle
  cooling season schedule allday ruleset5, !- Name
  {72756793-c363-4544-9d09-dd4893b4e451}, !- Schedule Ruleset Name
  1,                                      !- Rule Order
  {85a615b5-2e01-4bae-bc09-05648ff60eba}, !- Day Schedule Name
  Yes,                                    !- Apply Sunday
  Yes,                                    !- Apply Monday
  Yes,                                    !- Apply Tuesday
  Yes,                                    !- Apply Wednesday
  Yes,                                    !- Apply Thursday
  Yes,                                    !- Apply Friday
  Yes,                                    !- Apply Saturday
  DateRange,                              !- Date Specification Type
  5,                                      !- Start Month
  1,                                      !- Start Day
  9,                                      !- End Month
  30;                                     !- End Day

OS:Schedule:Day,
  {85a615b5-2e01-4bae-bc09-05648ff60eba}, !- Handle
  cooling season schedule allday5,        !- Name
  {34f36b98-b76c-48c1-8280-8f0a08c409a4}, !- Schedule Type Limits Name
  ,                                       !- Interpolate to Timestep
  24,                                     !- Hour 1
  0,                                      !- Minute 1
  1;                                      !- Value Until Time 1

OS:Schedule:Rule,
  {1be3fbdf-68c1-40f1-8c74-f2e58858150f}, !- Handle
  cooling season schedule allday ruleset10, !- Name
  {72756793-c363-4544-9d09-dd4893b4e451}, !- Schedule Ruleset Name
  0,                                      !- Rule Order
  {c216721d-ece5-48ff-b60f-48175c2caa4d}, !- Day Schedule Name
  Yes,                                    !- Apply Sunday
  Yes,                                    !- Apply Monday
  Yes,                                    !- Apply Tuesday
  Yes,                                    !- Apply Wednesday
  Yes,                                    !- Apply Thursday
  Yes,                                    !- Apply Friday
  Yes,                                    !- Apply Saturday
  DateRange,                              !- Date Specification Type
  10,                                     !- Start Month
  1,                                      !- Start Day
  12,                                     !- End Month
  31;                                     !- End Day

OS:Schedule:Day,
  {c216721d-ece5-48ff-b60f-48175c2caa4d}, !- Handle
  cooling season schedule allday10,       !- Name
  {34f36b98-b76c-48c1-8280-8f0a08c409a4}, !- Schedule Type Limits Name
  ,                                       !- Interpolate to Timestep
  24,                                     !- Hour 1
  0,                                      !- Minute 1
  0;                                      !- Value Until Time 1

OS:EnergyManagementSystem:Sensor,
  {5d7a7c7a-931a-48f3-8e38-1633ec152499}, !- Handle
  cool_season,                            !- Name
  cooling season schedule,                !- Output Variable or Output Meter Index Key Name
  Schedule Value;                         !- Output Variable or Output Meter Name

OS:EnergyManagementSystem:Sensor,
  {4103b7c5-5ced-44fe-8683-cef167a04943}, !- Handle
  out_pb_s,                               !- Name
  ,                                       !- Output Variable or Output Meter Index Key Name
  Site Outdoor Air Barometric Pressure;   !- Output Variable or Output Meter Name

OS:EnergyManagementSystem:Sensor,
  {c928e12d-2cbb-4973-a7ef-376177ae5583}, !- Handle
  out_wt_s,                               !- Name
  ,                                       !- Output Variable or Output Meter Index Key Name
  Site Outdoor Air Humidity Ratio;        !- Output Variable or Output Meter Name

OS:EnergyManagementSystem:Sensor,
  {ee3a4e82-ada9-42db-b8b8-f8653b9a4d79}, !- Handle
  win_s,                                  !- Name
  conditioned space,                      !- Output Variable or Output Meter Index Key Name
  Zone Air Humidity Ratio;                !- Output Variable or Output Meter Name

OS:EnergyManagementSystem:Sensor,
  {9bd44def-b3dc-4f0d-b256-b0c6f0a4fa35}, !- Handle
  site_vw_s,                              !- Name
  ,                                       !- Output Variable or Output Meter Index Key Name
  Site Wind Speed;                        !- Output Variable or Output Meter Name

OS:EnergyManagementSystem:Sensor,
  {d9515b95-db32-49a7-955e-ca0e9e20a7ca}, !- Handle
  tin_s,                                  !- Name
  conditioned space,                      !- Output Variable or Output Meter Index Key Name
  Zone Mean Air Temperature;              !- Output Variable or Output Meter Name

OS:EnergyManagementSystem:Sensor,
  {7cf3723f-e1e2-4379-8054-8f17aa297af2}, !- Handle
  tout_s,                                 !- Name
  conditioned space,                      !- Output Variable or Output Meter Index Key Name
  Zone Outdoor Air Drybulb Temperature;   !- Output Variable or Output Meter Name

OS:EnergyManagementSystem:GlobalVariable,
  {e0958c2d-59d6-461a-87e6-93c6ab9192f9}, !- Handle
  central_ac_and_furnace_airloop_Fan_RTF; !- Name

OS:EnergyManagementSystem:InternalVariable,
  {8e302dd3-9242-4725-a7b2-2a9c9c014d1e}, !- Handle
  central_ac_and_furnace_airloop_max_sup_fan_mfr, !- Name
  central ac and furnace supply fan,      !- Internal Data Index Key Name
  Fan Maximum Mass Flow Rate;             !- Internal Data Type

OS:EnergyManagementSystem:Sensor,
  {4ab3babb-a676-4288-b618-0bde60d33df0}, !- Handle
  central_ac_and_furnace_airloop_Fan_RTF_s, !- Name
  central ac and furnace supply fan,      !- Output Variable or Output Meter Index Key Name
  Fan Runtime Fraction Speed 1;           !- Output Variable or Output Meter Name

OS:EnergyManagementSystem:Sensor,
  {d085da18-611c-4040-906c-b3b11483b6c1}, !- Handle
  central_ac_and_furnace_airloop_Fan_RTF_s_1, !- Name
  central ac and furnace supply fan,      !- Output Variable or Output Meter Index Key Name
  Fan Runtime Fraction Speed 2;           !- Output Variable or Output Meter Name

OS:Schedule:Ruleset,
  {dd271d96-1ca6-4933-a4b0-b727ef207da3}, !- Handle
  natural vent schedule,                  !- Name
  {8ae072ab-136c-46cc-8689-3104606a0f99}, !- Schedule Type Limits Name
  {aedf3acf-0c4e-419c-8103-1782e6377d86}; !- Default Day Schedule Name

OS:Schedule:Day,
  {aedf3acf-0c4e-419c-8103-1782e6377d86}, !- Handle
  natural vent schedule default day,      !- Name
  {8ae072ab-136c-46cc-8689-3104606a0f99}, !- Schedule Type Limits Name
  ,                                       !- Interpolate to Timestep
  24,                                     !- Hour 1
  0,                                      !- Minute 1
  0;                                      !- Value Until Time 1

OS:Schedule:Rule,
  {03436f42-d673-4b75-97ca-c3f45042cf57}, !- Handle
  natural vent schedule rule,             !- Name
  {dd271d96-1ca6-4933-a4b0-b727ef207da3}, !- Schedule Ruleset Name
  0,                                      !- Rule Order
  {f52b00ee-1a6b-4551-b5a7-7033095c959c}, !- Day Schedule Name
  ,                                       !- Apply Sunday
  Yes,                                    !- Apply Monday
  ,                                       !- Apply Tuesday
  Yes,                                    !- Apply Wednesday
  ,                                       !- Apply Thursday
  Yes,                                    !- Apply Friday
  ,                                       !- Apply Saturday
  DateRange,                              !- Date Specification Type
  1,                                      !- Start Month
  1,                                      !- Start Day
  12,                                     !- End Month
  31;                                     !- End Day

OS:Schedule:Day,
  {f52b00ee-1a6b-4551-b5a7-7033095c959c}, !- Handle
  natural vent schedule avail day,        !- Name
  {8ae072ab-136c-46cc-8689-3104606a0f99}, !- Schedule Type Limits Name
  ,                                       !- Interpolate to Timestep
  24,                                     !- Hour 1
  0,                                      !- Minute 1
  1;                                      !- Value Until Time 1

OS:EnergyManagementSystem:Sensor,
  {ecbe3561-66f9-4db9-b849-d6837eac624f}, !- Handle
  natural_vent_s,                         !- Name
  natural vent schedule,                  !- Output Variable or Output Meter Index Key Name
  Schedule Value;                         !- Output Variable or Output Meter Name

OS:EnergyManagementSystem:Sensor,
  {08daf59a-9915-4b49-82d4-2da687b76eaa}, !- Handle
  htg_sp_s,                               !- Name
  heating setpoint,                       !- Output Variable or Output Meter Index Key Name
  Schedule Value;                         !- Output Variable or Output Meter Name

OS:EnergyManagementSystem:Sensor,
  {256d87e0-a5a5-4e89-b2a6-edc08cc3a66b}, !- Handle
  clg_sp_s,                               !- Name
  cooling setpoint,                       !- Output Variable or Output Meter Index Key Name
  Schedule Value;                         !- Output Variable or Output Meter Name

OS:SpaceInfiltration:DesignFlowRate,
  {64655325-69db-49b4-8382-8e2a294ab8b7}, !- Handle
  natural vent flow,                      !- Name
  {cc3ee1d5-cc45-4d77-8cf6-4c04500a8188}, !- Space or SpaceType Name
  {3b93193b-da2c-473c-a293-602bc2c423e9}, !- Schedule Name
  Flow/Space,                             !- Design Flow Rate Calculation Method
  0,                                      !- Design Flow Rate {m3/s}
  ,                                       !- Flow per Space Floor Area {m3/s-m2}
  ,                                       !- Flow per Exterior Surface Area {m3/s-m2}
  ,                                       !- Air Changes per Hour {1/hr}
  ,                                       !- Constant Term Coefficient
  ,                                       !- Temperature Term Coefficient
  ,                                       !- Velocity Term Coefficient
  ;                                       !- Velocity Squared Term Coefficient

OS:EnergyManagementSystem:Actuator,
  {133f6f69-c95f-4561-860f-053cb881b2f2}, !- Handle
  natural_vent_flow_act,                  !- Name
  {64655325-69db-49b4-8382-8e2a294ab8b7}, !- Actuated Component Name
  Zone Infiltration,                      !- Actuated Component Type
  Air Exchange Flow Rate,                 !- Actuated Component Control Type
  ;                                       !- Zone or Space Name

OS:AdditionalProperties,
  {6b5d8205-bf37-415c-a22e-30d0fe1cea4f}, !- Handle
  {64655325-69db-49b4-8382-8e2a294ab8b7}, !- Object Name
  ObjectType,                             !- Feature Name 1
  String,                                 !- Feature Data Type 1
  natural vent;                           !- Feature Value 1

OS:SpaceInfiltration:DesignFlowRate,
  {8eaf3231-3dbd-4fd8-847c-a100def4a430}, !- Handle
  whole house fan flow,                   !- Name
  {cc3ee1d5-cc45-4d77-8cf6-4c04500a8188}, !- Space or SpaceType Name
  {3b93193b-da2c-473c-a293-602bc2c423e9}, !- Schedule Name
  Flow/Space,                             !- Design Flow Rate Calculation Method
  0,                                      !- Design Flow Rate {m3/s}
  ,                                       !- Flow per Space Floor Area {m3/s-m2}
  ,                                       !- Flow per Exterior Surface Area {m3/s-m2}
  ,                                       !- Air Changes per Hour {1/hr}
  ,                                       !- Constant Term Coefficient
  ,                                       !- Temperature Term Coefficient
  ,                                       !- Velocity Term Coefficient
  ;                                       !- Velocity Squared Term Coefficient

OS:EnergyManagementSystem:Actuator,
  {5eba9080-b635-4e5d-a9ce-523d73f50c88}, !- Handle
  whole_house_fan_flow_act,               !- Name
  {8eaf3231-3dbd-4fd8-847c-a100def4a430}, !- Actuated Component Name
  Zone Infiltration,                      !- Actuated Component Type
  Air Exchange Flow Rate,                 !- Actuated Component Control Type
  ;                                       !- Zone or Space Name

OS:AdditionalProperties,
  {28a57781-3142-472c-9aa6-b738f1283fba}, !- Handle
  {8eaf3231-3dbd-4fd8-847c-a100def4a430}, !- Object Name
  ObjectType,                             !- Feature Name 1
  String,                                 !- Feature Data Type 1
  whole house fan;                        !- Feature Value 1

OS:ElectricEquipment:Definition,
  {066c5dae-e241-4853-afae-f0586056e8b1}, !- Handle
  whole house fan,                        !- Name
  EquipmentLevel,                         !- Design Level Calculation Method
  0,                                      !- Design Level {W}
  ,                                       !- Watts per Space Floor Area {W/m2}
  ,                                       !- Watts per Person {W/person}
  0,                                      !- Fraction Latent
  0,                                      !- Fraction Radiant
  1;                                      !- Fraction Lost

OS:ElectricEquipment,
  {f9dd4a07-b91c-4f77-a9e0-e3df5f089b33}, !- Handle
  whole house fan,                        !- Name
  {066c5dae-e241-4853-afae-f0586056e8b1}, !- Electric Equipment Definition Name
  {cc3ee1d5-cc45-4d77-8cf6-4c04500a8188}, !- Space or SpaceType Name
  {3b93193b-da2c-473c-a293-602bc2c423e9}, !- Schedule Name
  ,                                       !- Multiplier
  whole house fan;                        !- End-Use Subcategory

OS:EnergyManagementSystem:Actuator,
  {a89569f9-f0c2-4cc2-8723-4ddb24ccbec7}, !- Handle
  whole_house_fan_act,                    !- Name
  {f9dd4a07-b91c-4f77-a9e0-e3df5f089b33}, !- Actuated Component Name
  ElectricEquipment,                      !- Actuated Component Type
  Electricity Rate,                       !- Actuated Component Control Type
  {cc3ee1d5-cc45-4d77-8cf6-4c04500a8188}; !- Zone or Space Name

OS:EnergyManagementSystem:Program,
  {4eaa9a81-3b16-4fb6-a434-977586fe9a07}, !- Handle
  natural_vent_program,                   !- Name
  Set Tin = tin_s,                        !- Program Line 1
  Set Tout = tout_s,                      !- Program Line 2
  Set Wout = out_wt_s,                    !- Program Line 3
  Set Pbar = out_pb_s,                    !- Program Line 4
  Set Phiout = (@RhFnTdbWPb Tout Wout Pbar), !- Program Line 5
  Set MaxHR = 0.0115,                     !- Program Line 6
  Set MaxRH = 0.7,                        !- Program Line 7
  Set Tnvsp = (htg_sp_s + clg_sp_s) / 2,  !- Program Line 8
  Set NVavail = natural_vent_s,           !- Program Line 9
  Set ClgSsnAvail = cool_season,          !- Program Line 10
  Set natural_vent_flow_act = 0,          !- Program Line 11
  Set whole_house_fan_flow_act = 0,       !- Program Line 12
  Set whole_house_fan_act = 0,            !- Program Line 13
  If ((Wout < MaxHR) && (Phiout < MaxRH) && (Tin > Tout) && (Tin > Tnvsp) && (ClgSsnAvail > 0)), !- Program Line 14
  Set WHF_Flow = 0,                       !- Program Line 15
  Set Adj = (Tin-Tnvsp)/(Tin-Tout),       !- Program Line 16
  Set Adj = (@Min Adj 1),                 !- Program Line 17
  Set Adj = (@Max Adj 0),                 !- Program Line 18
  If (WHF_Flow > 0),                      !- Program Line 19
  Set whole_house_fan_flow_act = WHF_Flow*Adj, !- Program Line 20
  Set WHF_W = 0,                          !- Program Line 21
  Set whole_house_fan_act = WHF_W*Adj,    !- Program Line 22
  ElseIf (NVavail > 0),                   !- Program Line 23
  Set NVArea = 5549.767481088001,         !- Program Line 24
  Set Cs = 8.968567957270247e-05,         !- Program Line 25
  Set Cw = 6.158219665777789e-05,         !- Program Line 26
  Set Tdiff = Tin-Tout,                   !- Program Line 27
  Set dT = (@Abs Tdiff),                  !- Program Line 28
  Set Vwind = site_vw_s,                  !- Program Line 29
  Set SGNV = NVArea*Adj*((((Cs*dT)+(Cw*(Vwind^2)))^0.5)/1000), !- Program Line 30
  Set MaxNV = 1.1087618598912004,         !- Program Line 31
  Set natural_vent_flow_act = (@Min SGNV MaxNV), !- Program Line 32
  EndIf,                                  !- Program Line 33
  EndIf;                                  !- Program Line 34

OS:AdditionalProperties,
  {38d8f085-27ee-4d98-9711-aed6b277ad7c}, !- Handle
  {4eaa9a81-3b16-4fb6-a434-977586fe9a07}, !- Object Name
  ObjectType,                             !- Feature Name 1
  String,                                 !- Feature Data Type 1
  natural vent;                           !- Feature Value 1

OS:EnergyManagementSystem:ProgramCallingManager,
  {6e5c500a-dce0-4aad-a7c5-ee4daefcd5e5}, !- Handle
  natural_vent_program calling manager,   !- Name
  BeginZoneTimestepAfterInitHeatBalance,  !- EnergyPlus Model Calling Point
  {4eaa9a81-3b16-4fb6-a434-977586fe9a07}; !- Program Name 1

OS:EnergyManagementSystem:OutputVariable,
  {84f656dd-0768-4957-87aa-a2bf2c1080db}, !- Handle
  natural_vent_flow_act_timeseries_outvar, !- Name
  natural_vent_flow_act,                  !- EMS Variable Name
  Averaged,                               !- Type of Data in Variable
  ZoneTimestep,                           !- Update Frequency
  {4eaa9a81-3b16-4fb6-a434-977586fe9a07}, !- EMS Program or Subroutine Name
  m^/s;                                   !- Units

OS:EnergyManagementSystem:OutputVariable,
  {e37b1f74-0256-49dd-b1cb-d750006ace86}, !- Handle
  whole_house_fan_flow_act_timeseries_outvar, !- Name
  whole_house_fan_flow_act,               !- EMS Variable Name
  Averaged,                               !- Type of Data in Variable
  ZoneTimestep,                           !- Update Frequency
  {4eaa9a81-3b16-4fb6-a434-977586fe9a07}, !- EMS Program or Subroutine Name
  m^/s;                                   !- Units

OS:Schedule:Constant,
  {74dedd47-9290-4cf6-8e86-f162ea8cbfe3}, !- Handle
  mech vent house fan schedule,           !- Name
  {34f36b98-b76c-48c1-8280-8f0a08c409a4}, !- Schedule Type Limits Name
  1;                                      !- Value

OS:ElectricEquipment:Definition,
  {ef427d50-de26-4c65-a51b-05ae679ae344}, !- Handle
  mech vent house fan,                    !- Name
  EquipmentLevel,                         !- Design Level Calculation Method
  0,                                      !- Design Level {W}
  ,                                       !- Watts per Space Floor Area {W/m2}
  ,                                       !- Watts per Person {W/person}
  0,                                      !- Fraction Latent
  0,                                      !- Fraction Radiant
  1;                                      !- Fraction Lost

OS:ElectricEquipment,
  {ef3fb172-2c2d-4ca7-86c0-5a6c9c559e22}, !- Handle
  mech vent house fan,                    !- Name
  {ef427d50-de26-4c65-a51b-05ae679ae344}, !- Electric Equipment Definition Name
  {cc3ee1d5-cc45-4d77-8cf6-4c04500a8188}, !- Space or SpaceType Name
  {74dedd47-9290-4cf6-8e86-f162ea8cbfe3}, !- Schedule Name
  ,                                       !- Multiplier
  mech vent;                              !- End-Use Subcategory

OS:Schedule:Constant,
  {dcf6420e-93a7-46b2-8f75-7926e496beaf}, !- Handle
  mech vent house fan cfis schedule,      !- Name
  {34f36b98-b76c-48c1-8280-8f0a08c409a4}, !- Schedule Type Limits Name
  1;                                      !- Value

OS:ElectricEquipment:Definition,
  {b5779803-8b35-4359-b42f-7b76d488d3d7}, !- Handle
  mech vent house fan cfis,               !- Name
  EquipmentLevel,                         !- Design Level Calculation Method
  0,                                      !- Design Level {W}
  ,                                       !- Watts per Space Floor Area {W/m2}
  ,                                       !- Watts per Person {W/person}
  0,                                      !- Fraction Latent
  0,                                      !- Fraction Radiant
  0;                                      !- Fraction Lost

OS:ElectricEquipment,
  {61825e49-2ce6-41c1-8639-9de833057948}, !- Handle
  mech vent house fan cfis,               !- Name
  {b5779803-8b35-4359-b42f-7b76d488d3d7}, !- Electric Equipment Definition Name
  {cc3ee1d5-cc45-4d77-8cf6-4c04500a8188}, !- Space or SpaceType Name
  {dcf6420e-93a7-46b2-8f75-7926e496beaf}, !- Schedule Name
  ,                                       !- Multiplier
  mech vent;                              !- End-Use Subcategory

OS:EnergyManagementSystem:Actuator,
  {60a9b09f-4ff0-4bb5-b39f-1871e8d16571}, !- Handle
  mech_vent_house_fan_cfis_act,           !- Name
  {61825e49-2ce6-41c1-8639-9de833057948}, !- Actuated Component Name
  ElectricEquipment,                      !- Actuated Component Type
  Electricity Rate,                       !- Actuated Component Control Type
  {cc3ee1d5-cc45-4d77-8cf6-4c04500a8188}; !- Zone or Space Name

OS:SpaceInfiltration:DesignFlowRate,
  {7ad0d3e2-6f67-4ee6-b8ad-3e4e31c6d441}, !- Handle
  infil flow,                             !- Name
  {cc3ee1d5-cc45-4d77-8cf6-4c04500a8188}, !- Space or SpaceType Name
  {3b93193b-da2c-473c-a293-602bc2c423e9}, !- Schedule Name
  Flow/Space,                             !- Design Flow Rate Calculation Method
  0,                                      !- Design Flow Rate {m3/s}
  ,                                       !- Flow per Space Floor Area {m3/s-m2}
  ,                                       !- Flow per Exterior Surface Area {m3/s-m2}
  ,                                       !- Air Changes per Hour {1/hr}
  ,                                       !- Constant Term Coefficient
  ,                                       !- Temperature Term Coefficient
  ,                                       !- Velocity Term Coefficient
  ;                                       !- Velocity Squared Term Coefficient

OS:EnergyManagementSystem:Actuator,
  {7f9879ec-9f14-4d9b-936a-f546443cc17a}, !- Handle
  infil_flow_act,                         !- Name
  {7ad0d3e2-6f67-4ee6-b8ad-3e4e31c6d441}, !- Actuated Component Name
  Zone Infiltration,                      !- Actuated Component Type
  Air Exchange Flow Rate,                 !- Actuated Component Control Type
  ;                                       !- Zone or Space Name

OS:AdditionalProperties,
  {8960c268-5f85-434a-96e1-6d5f3c8c5cc0}, !- Handle
  {7ad0d3e2-6f67-4ee6-b8ad-3e4e31c6d441}, !- Object Name
  ObjectType,                             !- Feature Name 1
  String,                                 !- Feature Data Type 1
  infil;                                  !- Feature Value 1

OS:EnergyManagementSystem:Program,
  {49852c0e-87fc-4427-a72a-b8a109fcd447}, !- Handle
  infil_program,                          !- Name
  Set p_m = 0.14,                         !- Program Line 1
  Set p_s = 0.22,                         !- Program Line 2
  Set s_m = 270,                          !- Program Line 3
  Set s_s = 370,                          !- Program Line 4
  Set z_m = 9.99744,                      !- Program Line 5
  Set z_s = 2.4384,                       !- Program Line 6
  Set f_t = (((s_m/z_m)^p_m)*((z_s/s_s)^p_s)), !- Program Line 7
  Set Tdiff = tin_s-tout_s,               !- Program Line 8
  Set dT = @Abs Tdiff,                    !- Program Line 9
  Set c = 0.0479,                         !- Program Line 10
  Set Cs = 0.0497,                        !- Program Line 11
  Set Cw = 0.1426,                        !- Program Line 12
  Set n = 0.65,                           !- Program Line 13
  Set sft = (f_t*0.5),                    !- Program Line 14
  Set temp1 = ((c*Cw)*((sft*site_vw_s)^(2*n)))^2, !- Program Line 15
  Set Qinf = (((c*Cs*(dT^n))^2)+temp1)^0.5, !- Program Line 16
  Set Qinf = (@Max Qinf 0),               !- Program Line 17
  Set mech_vent_house_fan_sensible_load_equip_act = 0.0, !- Program Line 18
  Set mech_vent_house_fan_latent_load_equip_act = 0.0, !- Program Line 19
  Set OASupInPb = out_pb_s,               !- Program Line 20
  Set OASupInTemp = tout_s,               !- Program Line 21
  Set OASupInW = out_wt_s,                !- Program Line 22
  Set OASupRho = (@RhoAirFnPbTdbW OASupInPb OASupInTemp OASupInW), !- Program Line 23
  Set OASupCp = (@CpAirFnW OASupInW),     !- Program Line 24
  Set OASupInEnth = (@HFnTdbW OASupInTemp OASupInW), !- Program Line 25
  Set ZoneTemp = tin_s,                   !- Program Line 26
  Set ZoneW = win_s,                      !- Program Line 27
  Set ZoneCp = (@CpAirFnW ZoneW),         !- Program Line 28
  Set ZoneAirEnth = (@HFnTdbW ZoneTemp ZoneW), !- Program Line 29
  Set mech_vent_house_fan_cfis_act = 0.0, !- Program Line 30
  Set QWHV_cfis_sup = 0.0,                !- Program Line 31
  Set QWHV_cfis_suppl_sup = 0.0,          !- Program Line 32
  Set QWHV_cfis_suppl_exh = 0.0,          !- Program Line 33
  Set Qrange = 0,                         !- Program Line 34
  Set Qrange = Qrange + 0.04719 * mech_vent_range_fan_0_sch_s, !- Program Line 35
  Set Qbath = 0,                          !- Program Line 36
  Set Qbath = Qbath + 0.04719 * mech_vent_bath_fan_0_sch_s, !- Program Line 37
  Set Qdryer = 0,                         !- Program Line 38
  Set Qdryer = Qdryer + 0.08162 * clothes_dryer_exhaust_0_sch_s, !- Program Line 39
  Set QWHV_sup = 0.0,                     !- Program Line 40
  Set QWHV_exh = 0.0,                     !- Program Line 41
  Set Qexhaust = Qrange + Qbath + Qdryer + QWHV_exh + QWHV_cfis_suppl_exh, !- Program Line 42
  Set Qsupply = QWHV_sup + QWHV_cfis_sup + QWHV_cfis_suppl_sup, !- Program Line 43
  Set Qfan = (@Max Qexhaust Qsupply),     !- Program Line 44
  If Qfan > 0,                            !- Program Line 45
  Set Qavg = ((Qexhaust + Qsupply) / 2.0), !- Program Line 46
  If ((@Abs (Qexhaust - Qavg)) / Qavg) <= 0.1, !- Program Line 47
  Set phi = 1,                            !- Program Line 48
  Else,                                   !- Program Line 49
  Set phi = (Qinf / (Qinf + Qfan)),       !- Program Line 50
  EndIf,                                  !- Program Line 51
  Set Qinf_adj = phi * Qinf,              !- Program Line 52
  Else,                                   !- Program Line 53
  Set Qinf_adj = Qinf,                    !- Program Line 54
  EndIf,                                  !- Program Line 55
  Set infil_flow_act = Qinf_adj,          !- Program Line 56
  Set Qload = Qfan,                       !- Program Line 57
  Set Effectiveness_Sens = 0.0,           !- Program Line 58
  Set Effectiveness_Lat = 0.0,            !- Program Line 59
  Set Fan_MFR = Qload * OASupRho,         !- Program Line 60
  Set ZoneInEnth = OASupInEnth,           !- Program Line 61
  Set ZoneInTemp = OASupInTemp,           !- Program Line 62
  Set FanTotalToCond = Fan_MFR * (ZoneInEnth - ZoneAirEnth), !- Program Line 63
  Set FanSensToCond = Fan_MFR * ZoneCp * (ZoneInTemp - ZoneTemp), !- Program Line 64
  Set FanLatToCond = FanTotalToCond - FanSensToCond, !- Program Line 65
  Set mech_vent_house_fan_sensible_load_equip_act = mech_vent_house_fan_sensible_load_equip_act + FanSensToCond, !- Program Line 66
  Set mech_vent_house_fan_latent_load_equip_act = mech_vent_house_fan_latent_load_equip_act + FanLatToCond; !- Program Line 67

OS:AdditionalProperties,
  {0454864d-81b7-467b-8cf1-395e862a6d4e}, !- Handle
  {49852c0e-87fc-4427-a72a-b8a109fcd447}, !- Object Name
  ObjectType,                             !- Feature Name 1
  String,                                 !- Feature Data Type 1
  infil;                                  !- Feature Value 1

OS:OtherEquipment:Definition,
  {6c8028d1-f1ad-4142-8f37-4044e667592e}, !- Handle
  mech vent house fan sensible load equip, !- Name
  EquipmentLevel,                         !- Design Level Calculation Method
  0,                                      !- Design Level {W}
  ,                                       !- Watts per Space Floor Area {W/m2}
  ,                                       !- Watts per Person {W/Person}
  0,                                      !- Fraction Latent
  0,                                      !- Fraction Radiant
  0;                                      !- Fraction Lost

OS:OtherEquipment,
  {1c8da259-ec1a-4f03-8497-05b96933763a}, !- Handle
  mech vent house fan sensible load equip, !- Name
  {6c8028d1-f1ad-4142-8f37-4044e667592e}, !- Other Equipment Definition Name
  {cc3ee1d5-cc45-4d77-8cf6-4c04500a8188}, !- Space or SpaceType Name
  {3b93193b-da2c-473c-a293-602bc2c423e9}, !- Schedule Name
  ,                                       !- Multiplier
  None,                                   !- Fuel Type
  mech vent house fan;                    !- End-Use Subcategory

OS:EnergyManagementSystem:Actuator,
  {c28c734d-f78c-4891-83eb-2abc1659dfe5}, !- Handle
  mech_vent_house_fan_sensible_load_equip_act, !- Name
  {1c8da259-ec1a-4f03-8497-05b96933763a}, !- Actuated Component Name
  OtherEquipment,                         !- Actuated Component Type
  Power Level,                            !- Actuated Component Control Type
  {cc3ee1d5-cc45-4d77-8cf6-4c04500a8188}; !- Zone or Space Name

OS:OtherEquipment:Definition,
  {5506ee23-eb66-4ebd-acd9-b67f48b9b7ad}, !- Handle
  mech vent house fan latent load equip,  !- Name
  EquipmentLevel,                         !- Design Level Calculation Method
  0,                                      !- Design Level {W}
  ,                                       !- Watts per Space Floor Area {W/m2}
  ,                                       !- Watts per Person {W/Person}
  1,                                      !- Fraction Latent
  0,                                      !- Fraction Radiant
  0;                                      !- Fraction Lost

OS:OtherEquipment,
  {b98db8f4-91fd-42d2-8cbd-b213f063f567}, !- Handle
  mech vent house fan latent load equip,  !- Name
  {5506ee23-eb66-4ebd-acd9-b67f48b9b7ad}, !- Other Equipment Definition Name
  {cc3ee1d5-cc45-4d77-8cf6-4c04500a8188}, !- Space or SpaceType Name
  {3b93193b-da2c-473c-a293-602bc2c423e9}, !- Schedule Name
  ,                                       !- Multiplier
  None,                                   !- Fuel Type
  mech vent house fan;                    !- End-Use Subcategory

OS:EnergyManagementSystem:Actuator,
  {1e4a7b08-cd68-4e9e-ab77-6ea03a677098}, !- Handle
  mech_vent_house_fan_latent_load_equip_act, !- Name
  {b98db8f4-91fd-42d2-8cbd-b213f063f567}, !- Actuated Component Name
  OtherEquipment,                         !- Actuated Component Type
  Power Level,                            !- Actuated Component Control Type
  {cc3ee1d5-cc45-4d77-8cf6-4c04500a8188}; !- Zone or Space Name

OS:Schedule:Ruleset,
  {e52708b6-7617-48da-a35d-77b722f4675b}, !- Handle
  mech vent range fan 0 schedule,         !- Name
  {34f36b98-b76c-48c1-8280-8f0a08c409a4}, !- Schedule Type Limits Name
  {5c581d81-0791-474f-8465-8a8120e91503}; !- Default Day Schedule Name

OS:Schedule:Day,
  {5c581d81-0791-474f-8465-8a8120e91503}, !- Handle
  mech vent range fan 0 schedule default day, !- Name
  {34f36b98-b76c-48c1-8280-8f0a08c409a4}, !- Schedule Type Limits Name
  ,                                       !- Interpolate to Timestep
  24,                                     !- Hour 1
  0,                                      !- Minute 1
  0;                                      !- Value Until Time 1

OS:Schedule:Rule,
  {613857a9-76c0-401c-8acf-ae9c614e0b9e}, !- Handle
  mech vent range fan 0 schedule allday ruleset1, !- Name
  {e52708b6-7617-48da-a35d-77b722f4675b}, !- Schedule Ruleset Name
  0,                                      !- Rule Order
  {0b992797-e7de-473d-9c67-294683b5632c}, !- Day Schedule Name
  Yes,                                    !- Apply Sunday
  Yes,                                    !- Apply Monday
  Yes,                                    !- Apply Tuesday
  Yes,                                    !- Apply Wednesday
  Yes,                                    !- Apply Thursday
  Yes,                                    !- Apply Friday
  Yes,                                    !- Apply Saturday
  DateRange,                              !- Date Specification Type
  1,                                      !- Start Month
  1,                                      !- Start Day
  12,                                     !- End Month
  31;                                     !- End Day

OS:Schedule:Day,
  {0b992797-e7de-473d-9c67-294683b5632c}, !- Handle
  mech vent range fan 0 schedule allday1, !- Name
  {34f36b98-b76c-48c1-8280-8f0a08c409a4}, !- Schedule Type Limits Name
  ,                                       !- Interpolate to Timestep
  9,                                      !- Hour 1
  0,                                      !- Minute 1
  0,                                      !- Value Until Time 1
  10,                                     !- Hour 2
  0,                                      !- Minute 2
  1,                                      !- Value Until Time 2
  24,                                     !- Hour 3
  0,                                      !- Minute 3
  0;                                      !- Value Until Time 3

OS:EnergyManagementSystem:Sensor,
  {fbfc4cd2-06b4-4155-9b19-3490ee0c5424}, !- Handle
  mech_vent_range_fan_0_sch_s,            !- Name
  mech vent range fan 0 schedule,         !- Output Variable or Output Meter Index Key Name
  Schedule Value;                         !- Output Variable or Output Meter Name

OS:ElectricEquipment:Definition,
  {2e8ecedc-a8ef-4cc2-a59e-da4e71e3df49}, !- Handle
  mech vent range fan 0,                  !- Name
  EquipmentLevel,                         !- Design Level Calculation Method
  30,                                     !- Design Level {W}
  ,                                       !- Watts per Space Floor Area {W/m2}
  ,                                       !- Watts per Person {W/person}
  0,                                      !- Fraction Latent
  0,                                      !- Fraction Radiant
  1;                                      !- Fraction Lost

OS:ElectricEquipment,
  {4978f096-20e6-4f41-8cd5-190f221967a2}, !- Handle
  mech vent range fan 0,                  !- Name
  {2e8ecedc-a8ef-4cc2-a59e-da4e71e3df49}, !- Electric Equipment Definition Name
  {cc3ee1d5-cc45-4d77-8cf6-4c04500a8188}, !- Space or SpaceType Name
  {e52708b6-7617-48da-a35d-77b722f4675b}, !- Schedule Name
  ,                                       !- Multiplier
  mech vent;                              !- End-Use Subcategory

OS:Schedule:Ruleset,
  {fa0cec76-ec65-408e-b2b6-317f38ad769c}, !- Handle
  mech vent bath fan 0 schedule,          !- Name
  {34f36b98-b76c-48c1-8280-8f0a08c409a4}, !- Schedule Type Limits Name
  {9ca9327f-c3c1-4a1a-a2f9-b1f2a640cbe5}; !- Default Day Schedule Name

OS:Schedule:Day,
  {9ca9327f-c3c1-4a1a-a2f9-b1f2a640cbe5}, !- Handle
  mech vent bath fan 0 schedule default day, !- Name
  {34f36b98-b76c-48c1-8280-8f0a08c409a4}, !- Schedule Type Limits Name
  ,                                       !- Interpolate to Timestep
  24,                                     !- Hour 1
  0,                                      !- Minute 1
  0;                                      !- Value Until Time 1

OS:Schedule:Rule,
  {483978c9-d3f1-4529-a744-8921e9adfb93}, !- Handle
  mech vent bath fan 0 schedule allday ruleset1, !- Name
  {fa0cec76-ec65-408e-b2b6-317f38ad769c}, !- Schedule Ruleset Name
  0,                                      !- Rule Order
  {056fd5d9-47d5-4132-85ec-fec62684bd47}, !- Day Schedule Name
  Yes,                                    !- Apply Sunday
  Yes,                                    !- Apply Monday
  Yes,                                    !- Apply Tuesday
  Yes,                                    !- Apply Wednesday
  Yes,                                    !- Apply Thursday
  Yes,                                    !- Apply Friday
  Yes,                                    !- Apply Saturday
  DateRange,                              !- Date Specification Type
  1,                                      !- Start Month
  1,                                      !- Start Day
  12,                                     !- End Month
  31;                                     !- End Day

OS:Schedule:Day,
  {056fd5d9-47d5-4132-85ec-fec62684bd47}, !- Handle
  mech vent bath fan 0 schedule allday1,  !- Name
  {34f36b98-b76c-48c1-8280-8f0a08c409a4}, !- Schedule Type Limits Name
  ,                                       !- Interpolate to Timestep
  20,                                     !- Hour 1
  0,                                      !- Minute 1
  0,                                      !- Value Until Time 1
  21,                                     !- Hour 2
  0,                                      !- Minute 2
  1,                                      !- Value Until Time 2
  24,                                     !- Hour 3
  0,                                      !- Minute 3
  0;                                      !- Value Until Time 3

OS:EnergyManagementSystem:Sensor,
  {2ab89c75-a0af-4a1f-857d-897ecb926214}, !- Handle
  mech_vent_bath_fan_0_sch_s,             !- Name
  mech vent bath fan 0 schedule,          !- Output Variable or Output Meter Index Key Name
  Schedule Value;                         !- Output Variable or Output Meter Name

OS:ElectricEquipment:Definition,
  {548d4212-1a22-4f68-a461-e9f01488b682}, !- Handle
  mech vent bath fan 0,                   !- Name
  EquipmentLevel,                         !- Design Level Calculation Method
  30,                                     !- Design Level {W}
  ,                                       !- Watts per Space Floor Area {W/m2}
  ,                                       !- Watts per Person {W/person}
  0,                                      !- Fraction Latent
  0,                                      !- Fraction Radiant
  1;                                      !- Fraction Lost

OS:ElectricEquipment,
  {0c2998d5-c5c1-444a-9896-e29aba230425}, !- Handle
  mech vent bath fan 0,                   !- Name
  {548d4212-1a22-4f68-a461-e9f01488b682}, !- Electric Equipment Definition Name
  {cc3ee1d5-cc45-4d77-8cf6-4c04500a8188}, !- Space or SpaceType Name
  {fa0cec76-ec65-408e-b2b6-317f38ad769c}, !- Schedule Name
  ,                                       !- Multiplier
  mech vent;                              !- End-Use Subcategory

OS:EnergyManagementSystem:Sensor,
  {b2395a2a-4ee1-47d6-8251-9182fa6c65db}, !- Handle
  clothes_dryer_exhaust_0_sch_s,          !- Name
  clothes_dryer,                          !- Output Variable or Output Meter Index Key Name
  Schedule Value;                         !- Output Variable or Output Meter Name

OS:EnergyManagementSystem:OutputVariable,
  {28f3e385-84d6-4dc0-8b01-b8217d8620b5}, !- Handle
  Qfan_timeseries_outvar,                 !- Name
  Qfan,                                   !- EMS Variable Name
  Averaged,                               !- Type of Data in Variable
  ZoneTimestep,                           !- Update Frequency
  {49852c0e-87fc-4427-a72a-b8a109fcd447}, !- EMS Program or Subroutine Name
  m^/s;                                   !- Units

OS:EnergyManagementSystem:OutputVariable,
  {4ad5bfe0-c079-42be-9bad-815fa183f2c6}, !- Handle
  infil_flow_act_timeseries_outvar,       !- Name
  infil_flow_act,                         !- EMS Variable Name
  Averaged,                               !- Type of Data in Variable
  ZoneTimestep,                           !- Update Frequency
  {49852c0e-87fc-4427-a72a-b8a109fcd447}, !- EMS Program or Subroutine Name
  m^/s;                                   !- Units

OS:EnergyManagementSystem:ProgramCallingManager,
  {f7b335b3-d63f-466a-ad03-e15922a5d2b6}, !- Handle
  infil_program calling manager,          !- Name
  BeginZoneTimestepAfterInitHeatBalance,  !- EnergyPlus Model Calling Point
  {49852c0e-87fc-4427-a72a-b8a109fcd447}; !- Program Name 1

OS:BuildingUnit,
  {7c7af55f-22a2-4e33-bba6-bec29dc9a4b9}, !- Handle
  Building Unit 1,                        !- Name
  ,                                       !- Rendering Color
  ;                                       !- Building Unit Type

OS:AdditionalProperties,
  {2d7d1039-0b90-4564-8b4e-43a5b1d1eb55}, !- Handle
  {7c7af55f-22a2-4e33-bba6-bec29dc9a4b9}, !- Object Name
  unit_num,                               !- Feature Name 1
  Integer,                                !- Feature Data Type 1
  1;                                      !- Feature Value 1

OS:EnergyManagementSystem:Sensor,
  {516e577e-ed3b-400e-8f5e-220650b97f5c}, !- Handle
  zone_htg_unmet_s,                       !- Name
  conditioned space,                      !- Output Variable or Output Meter Index Key Name
  Zone Heating Setpoint Not Met Time;     !- Output Variable or Output Meter Name

OS:EnergyManagementSystem:Sensor,
  {b25b0872-4d34-42b0-bb5e-4a437b9952ad}, !- Handle
  zone_clg_unmet_s,                       !- Name
  conditioned space,                      !- Output Variable or Output Meter Index Key Name
  Zone Cooling Setpoint Not Met Time;     !- Output Variable or Output Meter Name

OS:AdditionalProperties,
  {fec306cd-5dc6-4bbc-8041-88c160407964}, !- Handle
  {b25b0872-4d34-42b0-bb5e-4a437b9952ad}; !- Object Name

OS:AdditionalProperties,
  {07eb8793-118e-49e0-929f-0ec18cd5ad58}, !- Handle
  {256d87e0-a5a5-4e89-b2a6-edc08cc3a66b}; !- Object Name

OS:AdditionalProperties,
  {4b234da4-182e-44a9-b11e-2b55fb3286cf}, !- Handle
  {08daf59a-9915-4b49-82d4-2da687b76eaa}; !- Object Name

OS:AdditionalProperties,
  {40256afc-81b4-474a-b7e7-f53a85a25fbd}, !- Handle
  {ecbe3561-66f9-4db9-b849-d6837eac624f}; !- Object Name

OS:AdditionalProperties,
  {0feec156-681f-4544-9153-68b03c1bd833}, !- Handle
  {d085da18-611c-4040-906c-b3b11483b6c1}; !- Object Name

OS:AdditionalProperties,
  {e8fdd1d6-ea2b-49b5-9499-f3a1aada086e}, !- Handle
  {4ab3babb-a676-4288-b618-0bde60d33df0}; !- Object Name

OS:AdditionalProperties,
  {f206d361-23c5-4164-8808-3c99616bb432}, !- Handle
  {7cf3723f-e1e2-4379-8054-8f17aa297af2}; !- Object Name

OS:AdditionalProperties,
  {2446ac6a-fbb0-4c69-972c-df049890caaa}, !- Handle
  {09092a32-4a84-45fe-a7a8-cf18e5db800e}; !- Object Name

OS:AdditionalProperties,
  {321a1c7c-ac77-427f-9788-526c0673e0b2}, !- Handle
  {30e4f854-6f6a-4afa-830c-def07890ee43}; !- Object Name

OS:AdditionalProperties,
  {c807f5f9-ff16-401e-8cd7-6c081784e66d}, !- Handle
  {ff1fb647-0e17-4200-8c79-fb76cfc14e42}; !- Object Name

OS:AdditionalProperties,
  {daa761bb-c68f-4bef-9357-a812663efb0e}, !- Handle
  {7c5eac35-2b16-46f3-b015-150b18647520}; !- Object Name

OS:AdditionalProperties,
  {e6d63a47-967e-4d5b-8897-84f99d738de4}, !- Handle
  {18b9e908-721d-4a3a-9992-f25ffd473483}; !- Object Name

OS:AdditionalProperties,
  {137ff86c-e403-4ef3-98be-eeba118d75b4}, !- Handle
  {ff54e627-c422-43da-a5a7-f9d1c1cd2c98}; !- Object Name

OS:AdditionalProperties,
  {8b1cc6f8-dc8a-4302-8732-e842031f1cdd}, !- Handle
  {aa02eda7-a796-4105-aad5-43b7d2f370ef}; !- Object Name

OS:AdditionalProperties,
  {bed5ad78-d6cb-4537-817c-21c7b2cbd07e}, !- Handle
  {5d7a7c7a-931a-48f3-8e38-1633ec152499}; !- Object Name

OS:AdditionalProperties,
  {7a0c676b-5f00-4a79-aa8b-a7522f26fabe}, !- Handle
  {2ab89c75-a0af-4a1f-857d-897ecb926214}; !- Object Name

OS:AdditionalProperties,
  {4c69990c-aca4-4425-9e11-2540810bda4d}, !- Handle
  {9bd44def-b3dc-4f0d-b256-b0c6f0a4fa35}; !- Object Name

OS:AdditionalProperties,
  {c07f2523-e6a5-4864-aaba-1cb387f5d589}, !- Handle
  {4103b7c5-5ced-44fe-8683-cef167a04943}; !- Object Name

OS:AdditionalProperties,
  {59f19f72-7e16-44d8-9ef7-4d9f5adaad6f}, !- Handle
  {fbfc4cd2-06b4-4155-9b19-3490ee0c5424}; !- Object Name

OS:AdditionalProperties,
  {08e01260-e5d5-49b9-a89f-b87e9f63c89e}, !- Handle
  {ee3a4e82-ada9-42db-b8b8-f8653b9a4d79}; !- Object Name

OS:AdditionalProperties,
  {2c084ec5-04ee-4d54-9b85-5309cb76486d}, !- Handle
  {516e577e-ed3b-400e-8f5e-220650b97f5c}; !- Object Name

OS:AdditionalProperties,
  {4c51c139-edb9-46e7-a53b-6ef9b40db9a3}, !- Handle
  {b2395a2a-4ee1-47d6-8251-9182fa6c65db}; !- Object Name

OS:AdditionalProperties,
  {b44707c1-cd40-4ac1-aba7-3387d3855fc4}, !- Handle
  {c928e12d-2cbb-4973-a7ef-376177ae5583}; !- Object Name

OS:AdditionalProperties,
  {07d885a0-2e8e-4800-9639-642dbbdfb183}, !- Handle
  {d9515b95-db32-49a7-955e-ca0e9e20a7ca}; !- Object Name

OS:EnergyManagementSystem:Program,
  {7d4a739c-a4ae-4928-8fe4-d92fb35d162e}, !- Handle
  unmet_hours_program,                    !- Name
  Set htg_unmet_hours = 0,                !- Program Line 1
  Set clg_unmet_hours = 0,                !- Program Line 2
  If ((DayOfYear >= 1) && (DayOfYear <= 365)), !- Program Line 3
  If zone_htg_unmet_s > htg_unmet_hours,  !- Program Line 4
  Set htg_unmet_hours = zone_htg_unmet_s, !- Program Line 5
  EndIf,                                  !- Program Line 6
  EndIf,                                  !- Program Line 7
  If ((DayOfYear >= 1) && (DayOfYear <= 365)), !- Program Line 8
  If zone_clg_unmet_s > clg_unmet_hours,  !- Program Line 9
  Set clg_unmet_hours = zone_clg_unmet_s, !- Program Line 10
  EndIf,                                  !- Program Line 11
  EndIf;                                  !- Program Line 12

OS:AdditionalProperties,
  {91251671-26f8-401b-986c-a9fd55dd8755}, !- Handle
  {7d4a739c-a4ae-4928-8fe4-d92fb35d162e}, !- Object Name
  ObjectType,                             !- Feature Name 1
  String,                                 !- Feature Data Type 1
  unmet hours program;                    !- Feature Value 1

OS:EnergyManagementSystem:ProgramCallingManager,
  {430149de-b128-439e-89c3-55cd98a83513}, !- Handle
  unmet_hours_program calling manager,    !- Name
  EndOfZoneTimestepBeforeZoneReporting,   !- EnergyPlus Model Calling Point
  {7d4a739c-a4ae-4928-8fe4-d92fb35d162e}; !- Program Name 1

OS:EnergyManagementSystem:Sensor,
  {ca58a837-2768-4dbe-b8a9-039e35b4f60f}, !- Handle
  htg_load_cond,                          !- Name
  ,                                       !- Output Variable or Output Meter Index Key Name
  Heating:EnergyTransfer:Zone:CONDITIONED SPACE; !- Output Variable or Output Meter Name

OS:EnergyManagementSystem:Sensor,
  {3483e2c1-3dec-4bbf-8314-66722d96b366}, !- Handle
  clg_load_cond,                          !- Name
  ,                                       !- Output Variable or Output Meter Index Key Name
  Cooling:EnergyTransfer:Zone:CONDITIONED SPACE; !- Output Variable or Output Meter Name

OS:EnergyManagementSystem:Program,
  {4a69282d-1bb5-46bc-9bd0-272575fd8710}, !- Handle
  total_loads_program,                    !- Name
  Set loads_htg_tot = 0,                  !- Program Line 1
  Set loads_clg_tot = 0,                  !- Program Line 2
  If htg_load_cond > 0,                   !- Program Line 3
  Set loads_htg_tot = loads_htg_tot + (htg_load_cond - clg_load_cond) * 1.0, !- Program Line 4
  EndIf,                                  !- Program Line 5
  If clg_load_cond > 0,                   !- Program Line 6
  Set loads_clg_tot = loads_clg_tot + (clg_load_cond - htg_load_cond) * 1.0, !- Program Line 7
  EndIf;                                  !- Program Line 8

OS:AdditionalProperties,
  {234e861c-37f3-4a0e-a37c-6a78bd4f4f55}, !- Handle
  {4a69282d-1bb5-46bc-9bd0-272575fd8710}, !- Object Name
  ObjectType,                             !- Feature Name 1
  String,                                 !- Feature Data Type 1
  total loads program;                    !- Feature Value 1

OS:EnergyManagementSystem:ProgramCallingManager,
  {add69be4-bc84-46ad-b441-da6864ae5817}, !- Handle
  total_loads_program calling manager,    !- Name
  EndOfZoneTimestepAfterZoneReporting,    !- EnergyPlus Model Calling Point
  {4a69282d-1bb5-46bc-9bd0-272575fd8710}; !- Program Name 1

OS:Output:JSON,
  {83efe4c1-0c39-451c-9874-3d783ea32d83}, !- Handle
  TimeSeriesAndTabular,                   !- Option Type
  No,                                     !- Output JSON
  No,                                     !- Output CBOR
  Yes;                                    !- Output MessagePack

OS:OutputControl:Files,
  {145a69f3-362c-41f5-8a0a-5194b0610920}, !- Handle
  No,                                     !- Output CSV
  No,                                     !- Output MTR
  No,                                     !- Output ESO
  No,                                     !- Output EIO
  Yes,                                    !- Output Tabular
  No,                                     !- Output SQLite
  Yes,                                    !- Output JSON
  No,                                     !- Output AUDIT
  Yes,                                    !- Output Zone Sizing
  Yes,                                    !- Output System Sizing
  Yes,                                    !- Output DXF
  No,                                     !- Output BND
  No,                                     !- Output RDD
  No,                                     !- Output MDD
  No,                                     !- Output MTD
  No,                                     !- Output SHD
  Yes,                                    !- Output DFS
  Yes,                                    !- Output GLHE
  Yes,                                    !- Output DelightIn
  Yes,                                    !- Output DelightELdmp
  Yes,                                    !- Output DelightDFdmp
  Yes,                                    !- Output EDD
  Yes,                                    !- Output DBG
  No,                                     !- Output PerfLog
  Yes,                                    !- Output SLN
  Yes,                                    !- Output SCI
  Yes,                                    !- Output WRL
  Yes,                                    !- Output Screen
  Yes,                                    !- Output ExtShd
  Yes;                                    !- Output Tarcog

OS:Building,
  {68bf8223-bdcb-4c44-bd9c-1aebc1dc24ad}, !- Handle
  Building 1,                             !- Name
  ,                                       !- Building Sector Type
  ,                                       !- North Axis {deg}
  ,                                       !- Nominal Floor to Floor Height {m}
  ,                                       !- Space Type Name
  ,                                       !- Default Construction Set Name
  ;                                       !- Default Schedule Set Name

OS:AdditionalProperties,
  {a892815a-71de-461c-80e6-8b1e9e37d2f4}, !- Handle
  {68bf8223-bdcb-4c44-bd9c-1aebc1dc24ad}, !- Object Name
  hpxml_path,                             !- Feature Name 1
  String,                                 !- Feature Data Type 1
  /var/simdata/openstudio/run/home.xml,   !- Feature Value 1
  hpxml_defaults_path,                    !- Feature Name 2
  String,                                 !- Feature Data Type 2
  /var/simdata/openstudio/run/in.xml,     !- Feature Value 2
  building_id,                            !- Feature Name 3
  String,                                 !- Feature Data Type 3
  ,                                       !- Feature Value 3
  emissions_scenario_names,               !- Feature Name 4
  String,                                 !- Feature Data Type 4
  ["LRMER_LowRECost_15"&#44 "LRMER_MidCase_15"&#44 "LRMER_HighRECost_15"&#44 "LRMER_MidCase_25"], !- Feature Value 4
  emissions_scenario_types,               !- Feature Name 5
  String,                                 !- Feature Data Type 5
  ["CO2e"&#44 "CO2e"&#44 "CO2e"&#44 "CO2e"], !- Feature Value 5
  heated_zones,                           !- Feature Name 6
  String,                                 !- Feature Data Type 6
  ["conditioned space"],                  !- Feature Value 6
  cooled_zones,                           !- Feature Name 7
  String,                                 !- Feature Data Type 7
  ["conditioned space"],                  !- Feature Value 7
  is_southern_hemisphere,                 !- Feature Name 8
  Boolean,                                !- Feature Data Type 8
  false;                                  !- Feature Value 8

