Date/Time,Electricity:Facility [J](Hourly),Fans:Electricity [J](Hourly),Cooling:Electricity [J](Hourly),Heating:Electricity [J](Hourly),InteriorLights:Electricity [J](Hourly),InteriorEquipment:Electricity [J](Hourly)
 01/01  01:00:00,1654102.5356854205,103495.20270483856,180000.0,0.0,251435.183403411,986745.2883818138
 01/01  02:00:00,1696942.1035867627,149493.14493517665,180000.0,0.0,251435.183403411,983586.9140528179
 01/01  03:00:00,1719028.452692647,174737.86837005705,180000.0,0.0,251435.183403411,980428.5397238217
 01/01  04:00:00,1733800.7555002936,192668.54550669968,180000.0,0.0,251435.183403411,977270.1653948259
 01/01  05:00:00,1744154.713318229,206180.87765363097,180000.0,0.0,251435.183403411,974111.7910658299
 01/01  06:00:00,4035288.961717694,769457.9657518227,180000.0,0.0,337128.39897151233,2642185.339076354
 01/01  07:00:00,3441711.207118351,605297.0902739073,180000.0,0.0,1282832.56838475,1272821.9801588785
 01/01  08:00:00,4382593.710502133,530226.7788813211,180000.0,0.0,1939642.8433977421,1634843.3647308499
 01/01  09:00:00,21240389.3654551,550191.7989376612,180000.0,0.0,2421987.889110408,17993207.798723403
 01/01  10:00:00,12581248.627145948,482659.04683932883,180000.0,0.0,1744652.2930032602,10093329.632662706
 01/01  11:00:00,3309474.73269209,431481.458180669,180000.0,0.0,1336711.5362569096,1297947.152465427
 01/01  12:00:00,2778264.97226672,404948.0519305799,180000.0,0.0,944164.770331176,1205969.4778760436
 01/01  13:00:00,3081117.4464029884,391747.8013287941,180000.0,0.0,1086559.1854218834,1388264.321949174
 01/01  14:00:00,5612462.196264915,304636.1637641501,180000.0,0.0,1906289.1966197384,3189869.542986485
 01/01  15:00:00,3095317.3531652647,306434.1032894219,180000.0,0.0,1252044.586743516,1325171.370237785
 01/01  16:00:00,2701589.6423537415,304386.74539262604,180000.0,0.0,949296.100604715,1233360.6586532637
 01/01  17:00:00,2865083.1223501978,299323.50125922123,180000.0,0.0,1062185.366622573,1268876.2031051042
 01/01  18:00:00,5101158.822689233,309213.5066854155,180000.0,0.0,2667008.9096718957,1838419.148413918
 01/01  19:00:00,5376854.991182709,264766.902145363,180000.0,0.0,3104454.8154910947,1686569.8779251105
 01/01  20:00:00,5838399.144977827,258362.16792588827,180000.0,0.0,3098040.6526491717,2114871.411844109
 01/01  21:00:00,7884544.743547343,0.0,180000.0,0.0,4343671.076550763,3098898.7894144584
 01/01  22:00:00,29934291.141741335,0.0,180000.0,0.0,3679163.806127463,25772848.63071143
 01/01  23:00:00,5607348.077261979,0.0,180000.0,0.0,2681120.067924128,2484253.131755733
 01/01  24:00:00,1609746.6165401654,7040.5474844777345,180000.0,0.0,251435.183403411,989903.6627108096
 01/02  01:00:00,1586799.2005423936,36191.86756181139,180000.0,0.0,251435.183403411,986745.2883818138
 01/02  02:00:00,1603943.0108087827,56494.052157196726,180000.0,0.0,251435.183403411,983586.9140528179
 01/02  03:00:00,1615010.5620693383,70719.9777467485,180000.0,0.0,251435.183403411,980428.5397238217
 01/02  04:00:00,1621644.239412475,80512.02941888108,180000.0,0.0,251435.183403411,977270.1653948259
 01/02  05:00:00,1626079.733605619,88105.89794102107,180000.0,0.0,251435.183403411,974111.7910658299
 01/02  06:00:00,2139428.511520963,627364.279133718,180000.0,0.0,251435.183403411,974111.7910658299
 01/02  07:00:00,3307520.7440921282,471106.627247685,180000.0,0.0,1282832.56838475,1272821.9801588785
 01/02  08:00:00,4554723.188496638,399006.34608283546,180000.0,0.0,2278310.641451316,1599525.4774702669
 01/02  09:00:00,3978282.0311145643,359195.3843527164,180000.0,0.0,1879349.7126836586,1464735.0553945627
 01/02  10:00:00,3498769.5566383856,328805.79202687676,180000.0,0.0,1557358.7380190867,1351997.37195177
 01/02  11:00:00,3639721.7734505013,296838.29829891934,180000.0,0.0,1698470.320541409,1401078.5688210886
 01/02  12:00:00,3418825.1490857997,268477.4394110373,45000.0,0.0,1636894.357258941,1425270.6802869004
 01/02  13:00:00,2541907.679711296,258029.55807737794,0.0,0.0,918508.118963481,1330823.8649673003
 01/02  14:00:00,2387744.023694099,218489.84464303404,0.0,0.0,913376.7886899419,1224210.0974665808
 01/02  15:00:00,2371129.663617145,206511.66355953892,0.0,0.0,918508.118963481,1214442.5881995829
 01/02  16:00:00,2423389.4963630885,206186.59940197342,0.0,0.0,949296.100604715,1233360.6586532637
 01/02  17:00:00,4982395.885591036,183858.66669123236,0.0,0.0,1266155.7449957482,3477683.422540756
 01/02  18:00:00,4090621.0128682433,218520.43459253942,45000.0,0.0,1860107.2241578875,1860476.096199812
 01/02  19:00:00,3559285.107365153,207865.7639566293,180000.0,0.0,1677944.999447253,1352410.9483401286
 01/02  20:00:00,4730720.136059236,207457.18289648579,180000.0,0.0,2691382.7284712056,1464755.3121328885
 01/02  21:00:00,5216881.217076132,0.0,180000.0,0.0,3227606.742056031,1547299.5974379815
 01/02  22:00:00,5904864.653726373,0.0,180000.0,0.0,3679163.806127463,1743422.142696465
 01/02  23:00:00,4587267.093251131,0.0,180000.0,0.0,2681120.067924128,1464172.1477448838
 01/02  24:00:00,1602706.0690556876,0.0,180000.0,0.0,251435.183403411,989903.6627108096
 01/03  01:00:00,1550607.332980582,0.0,180000.0,0.0,251435.183403411,986745.2883818138
 01/03  02:00:00,1547448.958651586,0.0,180000.0,0.0,251435.183403411,983586.9140528179
 01/03  03:00:00,1364290.58432259,0.0,0.0,0.0,251435.183403411,980428.5397238217
 01/03  04:00:00,1365980.7487429846,4848.538749390769,0.0,0.0,251435.183403411,977270.1653948259
 01/03  05:00:00,1364268.4148714948,6294.579206896555,0.0,0.0,251435.183403411,974111.7910658299
 01/03  06:00:00,1945467.86317241,478458.70271134004,0.0,0.0,337128.39897151233,1023363.5035715532
 01/03  07:00:00,1850363.3128841748,351634.3786094634,0.0,0.0,381001.2728102707,1016968.0931636256
 01/03  08:00:00,1627394.8284370592,291333.63315961417,0.0,0.0,251435.183403411,986745.2883818138
 01/03  09:00:00,2054830.051587928,250924.02155919198,0.0,0.0,613193.9676879107,1095710.1836571994
 01/03  10:00:00,2491967.233461167,218292.45989832087,0.0,0.0,995478.073066566,1197589.0458556279
 01/03  11:00:00,2421551.697645468,188448.62377420868,0.0,0.0,974952.7519724101,1194815.7361097655
 01/03  12:00:00,2360607.8780296706,167290.9576935303,0.0,0.0,944164.770331176,1205969.4778760436
 01/03  13:00:00,2444706.794429338,160828.67279542008,0.0,0.0,918508.118963481,1330823.8649673003
 01/03  14:00:00,2308809.596076859,139555.41702579436,0.0,0.0,913376.7886899419,1224210.0974665808
 01/03  15:00:00,2295531.0703145103,130913.07025690394,0.0,0.0,918508.118963481,1214442.5881995829
 01/03  16:00:00,2351923.7475095913,134720.85054847598,0.0,0.0,949296.100604715,1233360.6586532637
 01/03  17:00:00,3625185.6509982143,122430.24737972004,0.0,0.0,1470126.1233689236,1977931.2288862711
 01/03  18:00:00,7491848.09488899,95385.46185267028,0.0,0.0,2396331.237742713,4893614.1373756025
 01/03  19:00:00,5339139.4968538685,93629.94886109015,0.0,0.0,3104454.8154910947,1999991.3368805419
 01/03  20:00:00,5405630.737500105,97509.38363063631,0.0,0.0,3504698.5768271373,1616297.864483676
 01/03  21:00:00,5915083.62517343,0.0,0.0,0.0,3971649.631719186,1681459.1158721233
 01/03  22:00:00,4334643.462308075,0.0,0.0,0.0,2534877.1551282657,1497487.602277364
 01/03  23:00:00,3830120.755998929,0.0,0.0,0.0,2196209.357074692,1371936.521342118
 01/03  24:00:00,1660966.9430365372,0.0,0.0,0.0,420769.082430198,1058830.637664872
 01/04  01:00:00,1415607.332980582,0.0,45000.0,0.0,251435.183403411,986745.2883818138
 01/04  02:00:00,1547448.958651586,0.0,180000.0,0.0,251435.183403411,983586.9140528179
 01/04  03:00:00,1499290.58432259,0.0,135000.0,0.0,251435.183403411,980428.5397238217
 01/04  04:00:00,1380335.2211965697,0.0,0.0,0.0,251435.183403411,996473.1765978017
 01/04  05:00:00,1381927.8228074159,0.0,0.0,0.0,253744.28202650353,995756.6795855552
 01/04  06:00:00,2934348.943519651,427431.80095401796,0.0,0.0,379975.00675556296,2020424.8778920653
 01/04  07:00:00,3350267.2990141157,318064.8388467109,0.0,0.0,769699.5410308499,2161743.35083574
 01/04  08:00:00,2928025.4854653613,272136.4666197369,0.0,0.0,1264872.9124273635,1293135.3829260403
 01/04  09:00:00,3211008.294187611,239486.9526566528,0.0,0.0,1517590.9283991593,1358928.5344481727
 01/04  10:00:00,2497782.5052109053,224107.73164805933,0.0,0.0,995478.073066566,1197589.0458556279
 01/04  11:00:00,2437961.178443921,204858.10457266122,0.0,0.0,974952.7519724101,1194815.7361097655
 01/04  12:00:00,2388169.486287188,194852.56595104776,0.0,0.0,944164.770331176,1205969.4778760436
 01/04  13:00:00,2485619.3139065597,201741.19227264173,0.0,0.0,918508.118963481,1330823.8649673003
 01/04  14:00:00,2324036.0312221646,154781.85217109945,0.0,0.0,913376.7886899419,1224210.0974665808
 01/04  15:00:00,3568951.0541487047,72479.61860301511,0.0,0.0,1919117.522303586,1545686.6203475618
 01/04  16:00:00,3224663.4734944534,64335.048372951765,0.0,0.0,1647157.017806019,1478625.2696123463
 01/04  17:00:00,3545298.9062235244,74237.36714916733,0.0,0.0,1878066.8801152739,1538296.6075957837
 01/04  18:00:00,6703704.906417455,120004.7446224612,180000.0,0.0,2396331.237742713,3900851.666134275
 01/04  19:00:00,6180055.226860768,134569.22707598435,180000.0,0.0,1321317.5454362924,4403105.058727349
 01/04  20:00:00,6499707.861347666,163708.91077768547,180000.0,0.0,3911356.501005103,2057517.5370062215
 01/04  21:00:00,6973286.033270727,0.0,180000.0,0.0,4715692.521382341,1815618.6343062653
 01/04  22:00:00,6010826.592803838,0.0,180000.0,0.0,3393092.1433776636,2135455.744523729
 01/04  23:00:00,12230832.031260459,20019.399791378186,180000.0,0.0,1221256.605102282,10547581.14878468
 01/04  24:00:00,18014315.883979872,83949.94925405261,180000.0,0.0,590102.981456985,16978895.73032737
 01/05  01:00:00,1633792.008767543,83184.6757869609,180000.0,0.0,251435.183403411,986745.2883818138
 01/05  02:00:00,1674481.192945175,127032.2342935891,180000.0,0.0,251435.183403411,983586.9140528179
 01/05  03:00:00,1701606.2874227855,157315.70310019562,180000.0,0.0,251435.183403411,980428.5397238217
 01/05  04:00:00,1723966.0908544331,182833.8808608392,180000.0,0.0,251435.183403411,977270.1653948259
 01/05  05:00:00,1741960.1244993336,203986.28883473523,180000.0,0.0,251435.183403411,974111.7910658299
 01/05  06:00:00,2282445.588896385,770381.3565091398,180000.0,0.0,251435.183403411,974111.7910658299
 01/05  07:00:00,3126333.916132337,619603.9263027639,180000.0,0.0,1026266.0547078,1199704.3668209577
 01/05  08:00:00,4035685.4342553406,540713.4324398546,180000.0,0.0,1770308.9443709552,1446782.333952311
 01/05  09:00:00,3607768.8712140066,456247.5296830484,180000.0,0.0,1517590.9283991593,1358928.5344481727
 01/05  10:00:00,2356346.3020943706,378535.6649355111,180000.0,0.0,623456.6282349885,1093746.3542832187
 01/05  11:00:00,2717542.516314257,304439.44244299695,180000.0,0.0,974952.7519724101,1194815.7361097655
 01/05  12:00:00,2658129.8115099957,284812.89117385546,180000.0,0.0,944164.770331176,1205969.4778760436
 01/05  13:00:00,2754393.0520744324,290514.93044051423,180000.0,0.0,918508.118963481,1330823.8649673003
 01/05  14:00:00,3566857.6814258145,245167.98430709913,180000.0,0.0,913376.7886899419,2196645.6155342315
 01/05  15:00:00,3606535.437231531,226760.83982122235,180000.0,0.0,918508.118963481,2249599.185552286
 01/05  16:00:00,2643771.0288144057,246568.13185329057,180000.0,0.0,949296.100604715,1233360.6586532637
 01/05  17:00:00,2562682.633976171,266984.9130418114,180000.0,0.0,859497.8208177825,1201501.8487532774
 01/05  18:00:00,3363174.1586597827,313067.7747511783,180000.0,0.0,1323883.210573062,1439705.9154175376
 01/05  19:00:00,4080177.03083737,288590.5010216416,180000.0,0.0,2034572.4534582137,1435950.680736374
 01/05  20:00:00,5769084.224600854,280962.87073138525,180000.0,0.0,3504698.5768271373,1616297.864483676
 01/05  21:00:00,5655982.421124781,0.0,180000.0,0.0,3599628.1868876084,1614379.3566550524
 01/05  22:00:00,4514643.462308075,0.0,180000.0,0.0,2534877.1551282657,1497487.602277364
 01/05  23:00:00,3462155.3024821603,32650.356380515914,180000.0,0.0,1708732.981088487,1278797.0874310378
 01/05  24:00:00,2172625.0175357442,93397.2005183578,180000.0,0.0,590102.981456985,1127757.6126189344
 01/06  01:00:00,1686027.9202609002,135420.58728031834,180000.0,0.0,251435.183403411,986745.2883818138
 01/06  02:00:00,1713118.9793908047,165670.02073921866,180000.0,0.0,251435.183403411,983586.9140528179
 01/06  03:00:00,1733135.6423707977,191723.90285680295,180000.0,0.0,251435.183403411,980428.5397238217
 01/06  04:00:00,1749601.031930006,211347.66674500707,180000.0,0.0,251435.183403411,977270.1653948259
 01/06  05:00:00,1856488.6423157323,222698.8580798629,180000.0,0.0,260671.57789578117,1060691.3451447312
 01/06  06:00:00,2330359.559062663,795264.5682066602,180000.0,0.0,251435.183403411,974111.7910658299
 01/06  07:00:00,2508632.0823437567,637887.9019450292,180000.0,0.0,510567.3622171305,1053507.6466034292
 01/06  08:00:00,3851276.717024878,556401.081748668,180000.0,0.0,1600975.045344168,1395867.9527796588
 01/06  09:00:00,4367115.236262075,506042.05298399884,180000.0,0.0,2060229.1048259086,1517205.6653427572
 01/06  10:00:00,4398157.783013985,463406.5746962694,180000.0,0.0,1930663.0154190487,1737722.8486408251
 01/06  11:00:00,5653627.877037611,422883.8079911971,180000.0,0.0,1698470.320541409,3283181.4730987307
 01/06  12:00:00,4068368.957920868,403721.82258198294,180000.0,0.0,1636894.357258941,1801691.2611424287
 01/06  13:00:00,4446469.563804697,407999.27579400194,180000.0,0.0,2091017.0864671422,1732907.0638404165
 01/06  14:00:00,4036484.315957696,361562.96476646495,180000.0,0.0,1740803.7952981056,1722450.2629985837
 01/06  15:00:00,7460739.530107989,310943.20425906207,180000.0,0.0,2252653.990083621,4685475.042870765
 01/06  16:00:00,4617704.147326772,330926.47878797376,180000.0,0.0,2350149.2652808623,1722082.2655548002
 01/06  17:00:00,4003718.6740028085,352657.13492845144,180000.0,0.0,1878066.8801152739,1538296.6075957837
 01/06  18:00:00,5194007.36501201,400014.1330138242,180000.0,0.0,2665726.077103511,1838871.0521680755
 01/06  19:00:00,7219464.8057235945,349586.8158660186,180000.0,0.0,4530964.631534937,2020728.8075100929
 01/06  20:00:00,7751155.302291337,349595.998984657,180000.0,0.0,5131330.273539,1917498.3412519956
 01/06  21:00:00,6950255.274801969,0.0,180000.0,0.0,4715692.521382341,1815618.6343062653
 01/06  22:00:00,5927689.049791464,42976.30972525441,180000.0,0.0,3679163.806127463,1743422.142696465
 01/06  23:00:00,4114651.8081894396,121804.12104207964,180000.0,0.0,2196209.357074692,1371936.521342118
 01/06  24:00:00,2121594.760419482,173012.7596268988,180000.0,0.0,505436.0319435914,1093294.125141903
 01/07  01:00:00,1754121.128577978,203513.7955973958,180000.0,0.0,251435.183403411,986745.2883818138
 01/07  02:00:00,1774085.006092768,226636.04744118184,180000.0,0.0,251435.183403411,983586.9140528179
 01/07  03:00:00,1786765.1464270663,245353.40691307132,180000.0,0.0,251435.183403411,980428.5397238217
 01/07  04:00:00,1799135.686011425,260882.32082642597,180000.0,0.0,251435.183403411,977270.1653948259
 01/07  05:00:00,1811447.0905141768,273473.2548495788,180000.0,0.0,251435.183403411,974111.7910658299
 01/07  06:00:00,2390060.124893925,854965.1340379219,180000.0,0.0,251435.183403411,974111.7910658299
 01/07  07:00:00,2245455.6445868714,706922.749881471,180000.0,0.0,251435.183403411,980428.5397238217
 01/07  08:00:00,4217529.917680841,621214.8591921653,180000.0,0.0,590102.981456985,2708179.439879307
 01/07  09:00:00,3234129.6225037565,564812.9289655971,180000.0,0.0,974952.7519724101,1410725.5284563396
 01/07  10:00:00,6072505.979175484,478858.92644113937,180000.0,0.0,995478.073066566,4331803.635409937
 01/07  11:00:00,4220451.593105652,424914.5163710647,180000.0,0.0,1517590.9283991593,2028853.8729291542
 01/07  12:00:00,3628224.941310513,339998.3868271555,180000.0,0.0,1636894.357258941,1425270.6802869004
 01/07  13:00:00,3657586.7534016035,291742.53800658154,180000.0,0.0,1590712.38479709,1560585.6928947952
 01/07  14:00:00,8506717.5949997,224257.04426495422,180000.0,0.0,1409832.9926548402,6660960.265185364
 01/07  15:00:00,23196864.378306538,244415.7333846766,180000.0,0.0,1418812.8206335334,21321968.531393785
 01/07  16:00:00,3516847.926956414,176519.50183491164,180000.0,0.0,1647157.017806019,1478625.2696123463
 01/07  17:00:00,3861229.623438036,210168.0843636791,180000.0,0.0,1878066.8801152739,1538296.6075957837
 01/07  18:00:00,3585627.7361702193,323433.68360027036,180000.0,0.0,1323883.210573062,1648914.7392702878
 01/07  19:00:00,6811738.710536905,292132.90100871323,180000.0,0.0,3104454.8154910947,3096966.44322455
 01/07  20:00:00,7715604.541522166,314045.2382154854,180000.0,0.0,5131330.273539,1917498.3412519956
 01/07  21:00:00,6950255.274801969,0.0,180000.0,0.0,4715692.521382341,1815618.6343062653
 01/07  22:00:00,5910217.884277016,25505.144210805673,180000.0,0.0,3679163.806127463,1743422.142696465
 01/07  23:00:00,4102005.3227364942,109157.63558913364,180000.0,0.0,2196209.357074692,1371936.521342118
 01/07  24:00:00,2358773.800507921,171930.9257344889,180000.0,0.0,674769.9309703785,1162221.1000959654
 01/08  01:00:00,1881582.9500192031,206679.06133799607,180000.0,0.0,314037.4127405868,1048439.614745263
 01/08  02:00:00,1782972.8157756282,235523.85712404223,180000.0,0.0,251435.183403411,983586.9140528179
 01/08  03:00:00,1800811.7267097437,256521.142387154,180000.0,0.0,251435.183403411,980428.5397238217
 01/08  04:00:00,1812401.3614087806,271269.15141518676,180000.0,0.0,251435.183403411,977270.1653948259
 01/08  05:00:00,1817190.1609166015,279216.3252520034,180000.0,0.0,251435.183403411,974111.7910658299
 01/08  06:00:00,2363678.2704009777,851614.0380137321,180000.0,0.0,251435.183403411,974111.7910658299
 01/08  07:00:00,3001761.7417336414,687569.229313052,180000.0,0.0,769699.5410308499,1263733.403088924
 01/08  08:00:00,12340557.333789688,646069.2435147711,180000.0,0.0,1264872.9124273635,10151734.454355331
 01/08  09:00:00,19648014.319522966,603548.3288259754,180000.0,0.0,1155832.1441146599,17613631.967898708
 01/08  10:00:00,2452429.711961497,474619.07480263745,180000.0,0.0,623456.6282349885,1093746.3542832187
 01/08  11:00:00,2792545.0755245406,379442.00165328116,180000.0,0.0,974952.7519724101,1194815.7361097655
 01/08  12:00:00,2706219.0382840396,332902.11794789927,180000.0,0.0,944164.770331176,1205969.4778760436
 01/08  13:00:00,2779060.727578163,315182.6059442453,180000.0,0.0,918508.118963481,1330823.8649673003
 01/08  14:00:00,2604731.2418733705,255477.0628223055,180000.0,0.0,913376.7886899419,1224210.0974665808
 01/08  15:00:00,3269812.037706637,258796.16292167534,180000.0,0.0,1418812.8206335334,1380535.761256886
 01/08  16:00:00,3380144.1368885995,275597.0938071939,180000.0,0.0,1472691.788505693,1417309.1168725758
 01/08  17:00:00,5008896.018205458,301684.2788014994,180000.0,0.0,1062185.366622573,3410328.321418086
 01/08  18:00:00,4516317.606786196,369236.11653358286,180000.0,0.0,1323883.210573062,2536681.021761546
 01/08  19:00:00,4147940.566442675,356354.03662694606,180000.0,0.0,2034572.4534582137,1435950.680736374
 01/08  20:00:00,6315949.665236556,345870.26799704065,180000.0,0.0,3911356.501005103,1691597.9836757558
 01/08  21:00:00,7945721.551338377,0.0,180000.0,0.0,4715692.521382341,2788054.152373916
 01/08  22:00:00,5918074.460700845,20719.103185492117,180000.0,0.0,2820948.8178780656,2594127.834734842
 01/08  23:00:00,4097757.2741716485,87636.51817271987,180000.0,0.0,2196209.357074692,1371936.521342118
 01/08  24:00:00,1759133.579962526,156427.51090683814,180000.0,0.0,251435.183403411,989903.6627108096
 01/09  01:00:00,1745040.4521597712,194433.11917918938,180000.0,0.0,251435.183403411,986745.2883818138
 01/09  02:00:00,1774252.1158862093,226803.1572346235,180000.0,0.0,251435.183403411,983586.9140528179
 01/09  03:00:00,1883205.9586389782,250949.58773820676,180000.0,0.0,251435.183403411,1068394.3263020033
 01/09  04:00:00,1889529.549266615,271585.29446111753,180000.0,0.0,251435.183403411,1054082.2102067294
 01/09  05:00:00,1826906.8986885976,288933.06302399957,180000.0,0.0,251435.183403411,974111.7910658299
 01/09  06:00:00,2652717.4703227812,870763.3817878871,180000.0,0.0,422821.6145396136,1072615.2160772763
 01/09  07:00:00,3546635.731979075,710221.615134631,180000.0,0.0,1282832.56838475,1272821.9801588785
 01/09  08:00:00,3466680.1071889745,630791.0883433504,180000.0,0.0,1264872.9124273635,1293135.3829260403
 01/09  09:00:00,2323665.532546943,573542.1551336518,180000.0,0.0,432314.57554566074,1042806.9231840046
 01/09  10:00:00,2042442.1094015655,540495.6086466925,180000.0,0.0,251435.183403411,989903.6627108096
 01/09  11:00:00,1984346.3517126366,502831.2941383283,180000.0,0.0,251435.183403411,986745.2883818138
 01/09  12:00:00,2824471.415076175,451154.49474003457,180000.0,0.0,944164.770331176,1205969.4778760436
 01/09  13:00:00,2912020.6581358253,448142.53650190757,180000.0,0.0,918508.118963481,1330823.8649673003
 01/09  14:00:00,2285084.216876119,382374.8706817073,180000.0,0.0,582405.9860466764,1108636.0672531934
 01/09  15:00:00,1996013.8694920228,317735.9844743027,180000.0,0.0,418203.41729342856,1048407.17482975
 01/09  16:00:00,3379245.625531332,274698.58244992676,180000.0,0.0,1472691.788505693,1417309.1168725756
 01/09  17:00:00,6068214.559566285,275700.9021789461,180000.0,0.0,1878066.8801152739,3679748.7259087656
 01/09  18:00:00,7186029.726449359,361343.137236522,180000.0,0.0,2396331.237742713,4141838.093552119
 01/09  19:00:00,6971470.873122817,353700.460663356,180000.0,0.0,3104454.8154910947,3192252.201347224
 01/09  20:00:00,5893659.836934294,374154.41713599407,180000.0,0.0,3504698.5768271373,1647681.9304125058
 01/09  21:00:00,8855388.93754837,0.0,180000.0,0.0,4715692.521382341,3697721.5385839073
 01/09  22:00:00,6844516.981523145,34975.45486992502,180000.0,0.0,3107020.4806278646,3220242.34112291
 01/09  23:00:00,5100258.163470856,102490.97237986636,180000.0,0.0,1708732.981088487,2847059.3324203836
 01/09  24:00:00,2232491.1238387045,153263.30682131817,180000.0,0.0,590102.981456985,1127757.6126189344
 01/10  01:00:00,1985345.586571154,186145.14218932216,180000.0,0.0,376639.64207776263,1110133.9411087122
 01/10  02:00:00,1760607.7782002978,213158.819548712,180000.0,0.0,251435.183403411,983586.9140528179
 01/10  03:00:00,1773154.7098928206,228864.12557023056,180000.0,0.0,251435.183403411,980428.5397238217
 01/10  04:00:00,1778148.7769020386,237016.56690844486,180000.0,0.0,251435.183403411,977270.1653948259
 01/10  05:00:00,1805264.7509115473,243336.92810413154,180000.0,0.0,253744.28202650356,995756.6795855553
 01/10  06:00:00,2874351.264768568,821481.0540313168,180000.0,0.0,595234.3117305241,1171118.6410887227
 01/10  07:00:00,4456876.757349084,648027.1224369897,180000.0,0.0,1282832.56838475,2245257.498226529
 01/10  08:00:00,5491702.13608729,570119.2865234235,180000.0,0.0,1600975.045344168,3042727.0807274776
 01/10  09:00:00,3900532.2520967405,528843.6757241872,180000.0,0.0,1336711.5362569096,1759975.1614320178
 01/10  10:00:00,28092117.160066072,588934.914477407,180000.0,0.0,995478.073066566,26247096.517881446
 01/10  11:00:00,2820683.6116439532,407580.537772694,180000.0,0.0,974952.7519724101,1194815.7361097655
 01/10  12:00:00,2727524.146043553,354207.22570741235,180000.0,0.0,944164.770331176,1205969.4778760436
 01/10  13:00:00,2801177.924543882,337299.80290996353,180000.0,0.0,918508.118963481,1330823.8649673003
 01/10  14:00:00,2650640.1518007135,301385.97274964856,180000.0,0.0,913376.7886899419,1224210.0974665808
 01/10  15:00:00,3521285.527368772,288137.0276746919,180000.0,0.0,1585581.054523551,1435900.1522759872
 01/10  16:00:00,2241943.074569401,314947.2304260073,180000.0,0.0,600365.642004063,1112084.0644361938
 01/10  17:00:00,1837988.840294086,352476.819829578,180000.0,0.0,251435.183403411,999378.7856977975
 01/10  18:00:00,2421449.373346719,415449.23411816993,180000.0,0.0,519547.1901958238,1199935.6911147204
 01/10  19:00:00,3735672.3790847654,384253.0356762424,180000.0,0.0,1677944.999447253,1352410.9483401286
 01/10  20:00:00,5370889.701561285,365197.5480451755,180000.0,0.0,3098040.652649171,1540526.5883082822
 01/10  21:00:00,5216881.217076132,0.0,180000.0,0.0,3227606.742056031,1547299.5974379815
 01/10  22:00:00,4548110.250992145,33466.7886840701,180000.0,0.0,2534877.1551282657,1497487.602277364
 01/10  23:00:00,1802749.568307951,109960.72162462313,180000.0,0.0,251435.183403411,999378.7856977975
 01/10  24:00:00,1743275.6236159655,140569.5545602779,180000.0,0.0,251435.183403411,989903.6627108096
 01/11  01:00:00,1713040.5082424278,162433.1752618459,180000.0,0.0,251435.183403411,986745.2883818138
 01/11  02:00:00,1728016.1534717847,180567.19482019864,180000.0,0.0,251435.183403411,983586.9140528179
 01/11  03:00:00,1741969.8255091147,197679.2411865248,180000.0,0.0,251435.183403411,980428.5397238217
 01/11  04:00:00,1747760.639254334,206628.42926073997,180000.0,0.0,251435.183403411,977270.1653948259
 01/11  05:00:00,1753472.9934951344,215499.15783053637,180000.0,0.0,251435.183403411,974111.7910658299
 01/11  06:00:00,2434039.42035494,787030.2598938702,180000.0,0.0,337128.39897151233,1023363.5035715532
 01/11  07:00:00,3593402.1017243657,610026.3636886764,180000.0,0.0,640133.4516239902,2062482.7181108836
 01/11  08:00:00,3970467.1635215813,538256.2500936771,180000.0,0.0,928770.7795105589,2225559.410425125
 01/11  09:00:00,2262443.744586217,512320.36717292666,180000.0,0.0,432314.57554566074,1042806.9231840046
 01/11  10:00:00,1984857.6870458124,482911.1862909397,180000.0,0.0,251435.183403411,989903.6627108096
 01/11  11:00:00,1922952.7459898638,441437.6884155553,180000.0,0.0,251435.183403411,986745.2883818138
 01/11  12:00:00,1854421.2037475207,393058.0598333754,180000.0,0.0,251435.183403411,986745.2883818138
 01/11  13:00:00,1927555.3290012851,360511.97085493174,180000.0,0.0,251435.183403411,1101062.0370398057
 01/11  14:00:00,2640045.9569812547,290791.77793018986,180000.0,0.0,913376.7886899419,1224210.0974665808
 01/11  15:00:00,2629131.073595359,284513.07353775296,180000.0,0.0,918508.118963481,1214442.5881995829
 01/11  16:00:00,2686653.883716776,289450.98675566097,180000.0,0.0,949296.100604715,1233360.6586532637
 01/11  17:00:00,2866496.901062838,300737.2799718612,180000.0,0.0,1062185.366622573,1268876.2031051042
 01/11  18:00:00,2700042.636834912,346007.0827130112,180000.0,0.0,787659.1969882365,1279859.0992156595
 01/11  19:00:00,5401527.204292043,289439.11525469605,180000.0,0.0,3104454.815491095,1686569.8779251105
 01/11  20:00:00,8240056.377731957,249758.02684647607,180000.0,0.0,5131330.273539,2491843.164787823
 01/11  21:00:00,10107500.622825036,0.0,180000.0,0.0,4715692.521382341,4949833.223860575
 01/11  22:00:00,6218286.112681803,0.0,180000.0,0.0,3679163.806127463,2056843.6016518958
 01/11  23:00:00,4006651.2833538456,0.0,180000.0,0.0,2193643.6919379225,1371032.7138338038
 01/11  24:00:00,2091001.7203813125,11773.903363926169,180000.0,0.0,590102.981456985,1127757.6126189344
 01/12  01:00:00,1838689.849678284,39489.40529645208,180000.0,0.0,376639.64207776263,1110133.9411087122
 01/12  02:00:00,1744168.36678665,56344.15624144481,180000.0,0.0,292998.9586190769,1082398.390730771
 01/12  03:00:00,1613462.8137283712,69172.22940578105,180000.0,0.0,251435.183403411,980428.5397238217
 01/12  04:00:00,1621600.1497565839,80467.93976299006,180000.0,0.0,251435.183403411,977270.1653948259
 01/12  05:00:00,1627154.4165057796,89180.58084118164,180000.0,0.0,251435.183403411,974111.7910658299
 01/12  06:00:00,2128456.0209351634,616391.7885479179,180000.0,0.0,251435.183403411,974111.7910658299
 01/12  07:00:00,2306841.944073109,462007.36695173394,180000.0,0.0,510567.36221713043,1053507.6466034295
 01/12  08:00:00,1922331.3348975463,406270.13962010125,180000.0,0.0,251435.183403411,986745.2883818138
 01/12  09:00:00,1886775.8734844998,370435.14868665347,180000.0,0.0,251435.183403411,989903.6627108096
 01/12  10:00:00,1844739.6155923286,342793.1148374559,180000.0,0.0,251435.183403411,989903.6627108096
 01/12  11:00:00,2722118.8473547506,309015.77348349086,180000.0,0.0,974952.7519724101,1194815.7361097655
 01/12  12:00:00,2660040.5239647413,286723.6036286012,180000.0,0.0,944164.770331176,1205969.4778760436
 01/12  13:00:00,2758462.0738615347,294583.9522276167,180000.0,0.0,918508.118963481,1330823.8649673003
 01/12  14:00:00,2618586.380438658,269332.201387593,180000.0,0.0,913376.7886899419,1224210.0974665808
 01/12  15:00:00,2622702.7382992986,278084.7382416928,180000.0,0.0,918508.118963481,1214442.5881995829
 01/12  16:00:00,2699554.5082483245,302351.61128720926,180000.0,0.0,949296.100604715,1233360.6586532637
 01/12  17:00:00,2905487.033547991,339727.41245701443,180000.0,0.0,1062185.366622573,1268876.2031051042
 01/12  18:00:00,3446681.1467147223,396574.76280611806,180000.0,0.0,1323883.210573062,1439705.9154175376
 01/12  19:00:00,4163763.7611095,372177.2312937712,180000.0,0.0,2034572.4534582137,1435950.680736374
 01/12  20:00:00,5841856.589639597,353735.2357701276,180000.0,0.0,3504698.5768271373,1616297.864483676
 01/12  21:00:00,5655982.421124781,0.0,180000.0,0.0,3599628.1868876084,1614379.3566550524
 01/12  22:00:00,4542694.704500904,28051.24219282907,180000.0,0.0,2534877.1551282657,1497487.602277364
 01/12  23:00:00,3516152.9538632445,86648.00776160022,180000.0,0.0,1708732.981088487,1278797.0874310378
 01/12  24:00:00,2208502.228655439,129274.41163805246,180000.0,0.0,590102.981456985,1127757.6126189344
 01/13  01:00:00,1955668.61268448,156468.16830264791,180000.0,0.0,376639.64207776263,1110133.9411087122
 01/13  02:00:00,1798929.4743266646,181292.88972826907,180000.0,0.0,272217.0710112439,1032992.6523917945
 01/13  03:00:00,1742962.2406392912,201550.50112529634,180000.0,0.0,251435.183403411,980428.5397238217
 01/13  04:00:00,1757339.8726698072,219086.50748480804,180000.0,0.0,251435.183403411,977270.1653948259
 01/13  05:00:00,1868895.3405790164,235105.556343147,180000.0,0.0,260671.57789578117,1060691.3451447312
 01/13  06:00:00,4219479.311517801,794889.0753619595,180000.0,0.0,422821.6145396136,2692220.6052294658
 01/13  07:00:00,3836278.663821014,641743.6580058909,180000.0,0.0,1541964.7471984695,1345901.087038486
 01/13  08:00:00,4744656.685501308,568787.9294273427,180000.0,0.0,2278310.641451316,1599525.4774702669
 01/13  09:00:00,4473085.907013146,541748.0305115007,180000.0,0.0,1698470.320541409,1949229.1428508263
 01/13  10:00:00,4555475.07095885,508249.44506162626,180000.0,0.0,1744652.2930032602,2036207.9886361226
 01/13  11:00:00,4191380.3732143794,484133.1477114143,180000.0,0.0,1698470.320541409,1759684.6295552824
 01/13  12:00:00,28909733.450340237,571999.4238310697,180000.0,0.0,1636894.357258941,26474778.15231271
 01/13  13:00:00,3849708.9956227476,483864.7802277258,180000.0,0.0,1590712.38479709,1560585.6928947952
 01/13  14:00:00,3249104.8887140634,453267.37034803204,180000.0,0.0,1244347.5913332074,1339822.6341382817
 01/13  15:00:00,2805208.632108249,460590.6320506429,180000.0,0.0,918508.118963481,1214442.5881995829
 01/13  16:00:00,3792986.6824154756,452658.2572939737,180000.0,0.0,1647157.017806019,1478625.2696123463
 01/13  17:00:00,4106195.6693781572,455134.1303037997,180000.0,0.0,1878066.8801152739,1538296.6075957837
 01/13  18:00:00,4255544.80285233,506488.7443484274,180000.0,0.0,1860107.2241578877,1599552.7316194153
 01/13  19:00:00,5134900.575599298,465858.5177777521,180000.0,0.0,2747827.3614801345,1603030.145528865
 01/13  20:00:00,7836919.133225079,435359.8299183991,180000.0,0.0,5131330.273539,1917498.3412519956
 01/13  21:00:00,6976037.122455045,25781.847653076205,180000.0,0.0,4715692.521382341,1815618.6343062653
 01/13  22:00:00,5641093.568712223,103936.12650058747,180000.0,0.0,3393092.1433776636,1681938.50759169
 01/13  23:00:00,3589129.8201232874,176897.94287321175,180000.0,0.0,1708732.981088487,1278797.0874310378
 01/13  24:00:00,2292039.4866848937,224327.04890188656,180000.0,0.0,590102.981456985,1127757.6126189344
 01/14  01:00:00,1999439.9924086346,262387.82587711496,180000.0,0.0,345338.5274091747,1079286.7779269877
 01/14  02:00:00,1841977.7129664738,294528.7543148878,180000.0,0.0,251435.183403411,983586.9140528179
 01/14  03:00:00,1862569.9934002964,321158.2538863013,180000.0,0.0,251435.183403411,980428.5397238217
 01/14  04:00:00,1881953.0169408193,343699.6517558203,180000.0,0.0,251435.183403411,977270.1653948259
 01/14  05:00:00,1996821.3360174762,363031.55178160645,180000.0,0.0,260671.57789578117,1060691.3451447312
 01/14  06:00:00,2754595.6808944643,949610.8338908121,180000.0,0.0,422821.6145396136,1072615.2160772763
 01/14  07:00:00,3007859.151129571,804903.6850375163,180000.0,0.0,769699.5410308499,1126586.753483037
 01/14  08:00:00,4012519.1343667163,717643.4990905062,180000.0,0.0,1600975.045344168,1395867.9527796588
 01/14  09:00:00,3144111.4483960317,684003.5787106224,180000.0,0.0,974952.7519724101,1201516.7046035894
 01/14  10:00:00,3299731.522941602,631090.2359088163,180000.0,0.0,995478.073066566,1406797.869708378
 01/14  11:00:00,4398662.380479366,569405.0516914764,180000.0,0.0,974952.7519724101,2605212.3014092045
 01/14  12:00:00,2903099.936430873,526904.171286138,180000.0,0.0,944164.770331176,1205969.4778760436
 01/14  13:00:00,3861633.0916046924,495788.8762096704,180000.0,0.0,1590712.38479709,1560585.6928947952
 01/14  14:00:00,3607205.3506308207,364784.49294982315,180000.0,0.0,1575318.393976473,1455435.1708099828
 01/14  15:00:00,3561822.4259490855,328673.92625500547,180000.0,0.0,1585581.054523551,1435900.1522759872
 01/14  16:00:00,4359774.663336166,309609.3056516913,180000.0,0.0,2174401.2034121514,1661218.016569187
 01/14  17:00:00,3990746.755108187,339685.2160338297,180000.0,0.0,1878066.8801152739,1538296.6075957837
 01/14  18:00:00,5429096.145579033,446139.25883396744,180000.0,0.0,2396331.237742713,2297229.5462757526
 01/14  19:00:00,18993609.727726568,518796.0318774462,180000.0,0.0,3104454.8154910947,15052174.329545476
 01/14  20:00:00,19657063.44091964,497728.5850668568,180000.0,0.0,5131330.273539,13675273.893798102
 01/14  21:00:00,6985255.388810117,35000.1140081486,180000.0,0.0,4715692.521382341,1815618.6343062653
 01/14  22:00:00,6013191.984288651,128479.24422244067,180000.0,0.0,3679163.806127463,1743422.142696465
 01/14  23:00:00,4191084.566804567,199971.61597974814,180000.0,0.0,2194926.524506307,1371484.6175879608
 01/14  24:00:00,2081908.8941408384,252457.33033868019,180000.0,0.0,420769.082430198,1058830.637664872
 01/15  01:00:00,1837341.0335015492,286733.7005209671,180000.0,0.0,251435.183403411,986745.2883818138
 01/15  02:00:00,1858333.9284092973,310884.96975771146,180000.0,0.0,251435.183403411,983586.9140528179
 01/15  03:00:00,1872835.4539949098,328544.8696723197,180000.0,0.0,251435.183403411,980428.5397238217
 01/15  04:00:00,1884623.8568206865,343491.6468270927,180000.0,0.0,251435.183403411,977270.1653948259
 01/15  05:00:00,1892602.3028571429,354628.4671925448,180000.0,0.0,251435.183403411,974111.7910658299
 01/15  06:00:00,2450261.9659203663,938197.7335331211,180000.0,0.0,251435.183403411,974111.7910658299
 01/15  07:00:00,2964317.6690522837,787271.8062375817,180000.0,0.0,769699.5410308499,1126586.753483037
 01/15  08:00:00,2239379.473730293,723318.2784528483,180000.0,0.0,251435.183403411,986745.2883818138
 01/15  09:00:00,2612780.105381564,628874.0753528281,180000.0,0.0,613193.9676879107,1095710.1836571994
 01/15  10:00:00,2983398.2435770375,529723.470014191,180000.0,0.0,995478.073066566,1197589.0458556279
 01/15  11:00:00,2837069.115455444,423966.0415841842,180000.0,0.0,974952.7519724101,1194815.7361097655
 01/15  12:00:00,2725814.78204301,352497.86170686956,180000.0,0.0,944164.770331176,1205969.4778760436
 01/15  13:00:00,3764498.579932412,328184.94023084326,180000.0,0.0,918508.118963481,2303259.383034951
 01/15  14:00:00,4191596.627379762,232841.0274401668,180000.0,0.0,913376.7886899419,2833711.518355111
 01/15  15:00:00,3603848.148019939,214753.1359933596,180000.0,0.0,918508.118963481,2258919.600168557
 01/15  16:00:00,2613224.1078912183,216021.2109301029,180000.0,0.0,949296.100604715,1233360.6586532637
 01/15  17:00:00,2812753.24659131,246993.6255003333,180000.0,0.0,1062185.366622573,1268876.2031051042
 01/15  18:00:00,2024206.1654415987,366241.44110640197,180000.0,0.0,251435.183403411,1120012.2830137815
 01/15  19:00:00,5246777.2955354545,348577.610523453,180000.0,0.0,1677944.999447253,2899191.2899436066
 01/15  20:00:00,6606963.454258224,356905.87953666016,180000.0,0.0,3098040.652649171,2784892.009513736
 01/15  21:00:00,5216881.217076132,0.0,180000.0,0.0,3227606.742056031,1547299.5974379815
 01/15  22:00:00,4916834.032673809,54635.27251115906,180000.0,0.0,2820948.817878065,1558971.237382139
 01/15  23:00:00,5275415.858378414,111002.42787508236,180000.0,0.0,3166030.778773563,1556407.7741476495
 01/15  24:00:00,1892537.0581557197,170700.55210960752,180000.0,0.0,336102.13291680446,1024367.1501878408
 01/16  01:00:00,1752273.8220999725,201666.48911939052,180000.0,0.0,251435.183403411,986745.2883818138
 01/16  02:00:00,1772983.2070128666,225534.24836128054,180000.0,0.0,251435.183403411,983586.9140528179
 01/16  03:00:00,1786339.3273042825,242048.74298169257,180000.0,0.0,251435.183403411,980428.5397238217
 01/16  04:00:00,1796664.929424744,255532.7194311501,180000.0,0.0,251435.183403411,977270.1653948259
 01/16  05:00:00,1806528.9465458095,268555.11088121147,180000.0,0.0,251435.183403411,974111.7910658299
 01/16  06:00:00,2428850.2202636204,849313.5238394629,180000.0,0.0,294281.7911874617,998737.6473186915
 01/16  07:00:00,3530713.0549001507,694298.9380557071,180000.0,0.0,1282832.56838475,1272821.9801588785
 01/16  08:00:00,3683501.507113946,628195.1368831103,180000.0,0.0,1432923.9788857657,1344501.6678528495
 01/16  09:00:00,3249711.8279079306,564890.4905578614,180000.0,0.0,1155832.1441146599,1253987.3145517837
 01/16  10:00:00,2948974.656677776,495299.8831149298,180000.0,0.0,995478.073066566,1197589.0458556279
 01/16  11:00:00,2841978.190793929,428875.1169226698,180000.0,0.0,974952.7519724101,1194815.7361097655
 01/16  12:00:00,2526497.507476139,381169.0312454973,180000.0,0.0,770982.3735992347,1151163.4305024862
 01/16  13:00:00,5523004.116079443,358328.91961585777,180000.0,0.0,751739.8850734635,4198389.173686986
 01/16  14:00:00,2985283.5177187584,322607.879712263,180000.0,0.0,913376.7886899419,1537631.5564220117
 01/16  15:00:00,2671133.3554026373,326515.3553450315,180000.0,0.0,918508.118963481,1214442.5881995829
 01/16  16:00:00,2740413.4524167655,343210.55545565044,180000.0,0.0,949296.100604715,1233360.6586532637
 01/16  17:00:00,4361984.420443819,353263.55521578086,180000.0,0.0,1062185.366622573,2711837.4472421655
 01/16  18:00:00,4011028.117528917,396290.86233701964,180000.0,0.0,1323883.210573062,2004336.7867008299
 01/16  19:00:00,6463199.996314848,348317.8495476457,180000.0,0.0,2747827.3614801345,3045991.3896659263
 01/16  20:00:00,6393411.606991425,340659.38183866284,180000.0,0.0,3504698.5768271373,2180928.7357669687
 01/16  21:00:00,5655982.421124781,0.0,180000.0,0.0,3599628.1868876084,1614379.3566550524
 01/16  22:00:00,5564203.669265772,6894.313393973747,180000.0,0.0,3393092.1433776636,1681938.50759169
 01/16  23:00:00,4065441.474636323,55320.71863739417,180000.0,0.0,2196209.357074692,1371936.521342118
 01/16  24:00:00,1824154.9639527665,102318.45790665432,180000.0,0.0,336102.13291680446,1024367.1501878408
 01/17  01:00:00,1668106.960057851,117499.62707726881,180000.0,0.0,251435.183403411,986745.2883818138
 01/17  02:00:00,1675324.35705504,127875.39840345415,180000.0,0.0,251435.183403411,983586.9140528179
 01/17  03:00:00,1678288.2757447492,133997.69142215938,180000.0,0.0,251435.183403411,980428.5397238217
 01/17  04:00:00,1679224.2391996037,138092.02920600996,180000.0,0.0,251435.183403411,977270.1653948259
 01/17  05:00:00,1678769.272404503,140795.436739905,180000.0,0.0,251435.183403411,974111.7910658299
 01/17  06:00:00,2340148.6861807657,693139.5257196961,180000.0,0.0,337128.3989715123,1023363.503571553
 01/17  07:00:00,2703904.4730338757,526858.6102191735,180000.0,0.0,769699.5410308499,1126586.753483037
 01/17  08:00:00,3288093.0747600636,452204.0559144394,180000.0,0.0,1264872.9124273635,1293135.3829260403
 01/17  09:00:00,3555516.0862838197,403994.7447528618,180000.0,0.0,1517590.9283991593,1358928.534448173
 01/17  10:00:00,2821681.3665361684,368006.59297332173,180000.0,0.0,995478.073066566,1197589.0458556279
 01/17  11:00:00,2716067.732750171,302964.65887891117,180000.0,0.0,974952.7519724101,1194815.7361097655
 01/17  12:00:00,2528519.066345636,200202.1460094958,135000.0,0.0,944164.770331176,1205969.4778760436
 01/17  13:00:00,2439082.2596801883,155204.13804627053,0.0,0.0,918508.118963481,1330823.8649673003
 01/17  14:00:00,2282301.358606306,113047.17955524097,0.0,0.0,913376.7886899419,1224210.0974665808
 01/17  15:00:00,2270116.963854114,105498.963796508,0.0,0.0,918508.118963481,1214442.5881995829
 01/17  16:00:00,3280591.683213615,120263.25809211278,0.0,0.0,1647157.017806019,1478625.2696123463
 01/17  17:00:00,4860175.83556306,130674.31087886164,180000.0,0.0,2688817.063334436,1805986.4099864615
 01/17  18:00:00,4649983.952125901,207735.9086438895,180000.0,0.0,2396331.237742713,1759399.5478212936
 01/17  19:00:00,5317260.610972979,205172.52193563213,180000.0,0.0,3104454.8154910947,1686569.8779251105
 01/17  20:00:00,8685765.919099161,204990.09351607572,180000.0,0.0,4724672.349361034,3388978.5636633937
 01/17  21:00:00,11142657.220177738,0.0,180000.0,0.0,4715692.521382341,5984989.821213279
 01/17  22:00:00,7648858.051862385,0.0,180000.0,0.0,2534877.1551282657,4631702.1918316735
 01/17  23:00:00,5695361.485946795,0.0,180000.0,0.0,980084.082245949,4273302.526118727
 01/17  24:00:00,2235507.5934929783,58456.70090146331,180000.0,0.0,251435.183403411,1564248.486246637
 01/18  01:00:00,1661127.8656515805,110520.53267099847,180000.0,0.0,251435.183403411,986745.2883818138
 01/18  02:00:00,1756570.405242417,138933.82064402118,180000.0,0.0,272217.07101124397,1032992.6523917944
 01/18  03:00:00,1793563.5163506079,161307.1454498361,180000.0,0.0,251435.183403411,1068394.3263020033
 01/18  04:00:00,1746546.9582991106,186211.7371025409,180000.0,0.0,251435.183403411,996473.1765978017
 01/18  05:00:00,1735242.7644226514,197268.92875805337,180000.0,0.0,251435.183403411,974111.7910658299
 01/18  06:00:00,2282805.7286276403,770741.4962403949,180000.0,0.0,251435.183403411,974111.7910658299
 01/18  07:00:00,2959007.235965842,617119.3096437044,180000.0,0.0,897982.7978693249,1163145.5601519975
 01/18  08:00:00,2946780.723139676,549726.4070644748,180000.0,0.0,928770.7795105589,1190402.8130724218
 01/18  09:00:00,3632110.4904238386,480589.14889288106,180000.0,0.0,1517590.9283991593,1358928.534448173
 01/18  10:00:00,3831775.335683966,423048.57405623613,180000.0,0.0,1744652.2930032602,1403466.8139838176
 01/18  11:00:00,3726845.6018577167,383962.12670613505,180000.0,0.0,1698470.320541409,1401078.5688210886
 01/18  12:00:00,3637102.7336169085,351755.02394214604,180000.0,0.0,1636894.357258941,1425270.6802869004
 01/18  13:00:00,3276877.61857479,362016.45006032026,180000.0,0.0,1254610.2518802856,1445704.7789310478
 01/18  14:00:00,3327266.0282850056,308136.8402614913,180000.0,0.0,1409832.9926548402,1397628.9024741324
 01/18  15:00:00,3313316.7522791326,302300.87749417115,180000.0,0.0,1418812.8206335334,1380535.7612568862
 01/18  16:00:00,2708081.4908917565,310878.59393064096,180000.0,0.0,949296.100604715,1233360.6586532637
 01/18  17:00:00,3955017.8357280213,303956.2966536642,180000.0,0.0,1878066.8801152739,1538296.6075957837
 01/18  18:00:00,6229235.323894791,341605.99188650196,180000.0,0.0,1860107.2241578877,3741004.8499323977
 01/18  19:00:00,6791896.941839362,306263.00887652894,180000.0,0.0,1677944.999447253,4486625.537894438
 01/18  20:00:00,7131326.119700264,304849.6944326776,180000.0,0.0,3504698.5768271373,2954652.9358817926
 01/18  21:00:00,7035591.461817414,0.0,180000.0,0.0,3227606.742056031,3366009.8421792625
 01/18  22:00:00,4514643.462308075,0.0,180000.0,0.0,2534877.1551282657,1497487.602277364
 01/18  23:00:00,1758260.3082872431,65471.461603915035,180000.0,0.0,251435.183403411,999378.7856977975
 01/18  24:00:00,1705726.9583307179,103020.8892750305,180000.0,0.0,251435.183403411,989903.6627108096
 01/19  01:00:00,1673772.6254803024,123165.29249972032,180000.0,0.0,251435.183403411,986745.2883818138
 01/19  02:00:00,1684709.5456020234,137260.58695043743,180000.0,0.0,251435.183403411,983586.9140528179
 01/19  03:00:00,1688669.5100310717,144378.92570848204,180000.0,0.0,251435.183403411,980428.5397238217
 01/19  04:00:00,1681946.9174379436,140814.70744434957,180000.0,0.0,251435.183403411,977270.1653948259
 01/19  05:00:00,1670431.740359969,132457.904695371,180000.0,0.0,251435.183403411,974111.7910658299
 01/19  06:00:00,2167665.351606843,655601.1192195975,180000.0,0.0,251435.183403411,974111.7910658299
 01/19  07:00:00,2312302.706731491,467468.1296101161,180000.0,0.0,510567.3622171305,1053507.6466034292
 01/19  08:00:00,3681953.6711178636,366981.66930237715,0.0,0.0,1770308.9443709552,1446782.333952311
 01/19  09:00:00,2597596.105526869,326124.77026724396,0.0,0.0,974952.7519724101,1201516.7046035894
 01/19  10:00:00,2544967.94726066,271293.17369781376,0.0,0.0,995478.073066566,1197589.0458556279
 01/19  11:00:00,2412849.3927553054,179746.31888404547,0.0,0.0,974952.7519724101,1194815.7361097655
 01/19  12:00:00,2303900.6239505056,110583.7036143651,0.0,0.0,944164.770331176,1205969.4778760436
 01/19  13:00:00,2350864.8175922036,66986.6959582856,0.0,0.0,918508.118963481,1330823.8649673003
 01/19  14:00:00,2198875.7520401403,29621.572989075572,0.0,0.0,913376.7886899419,1224210.0974665808
 01/19  15:00:00,2174329.4566671685,9711.456609562734,0.0,0.0,918508.118963481,1214442.5881995829
 01/19  16:00:00,2688975.8870175234,18255.75312436872,0.0,0.0,949296.100604715,1686877.8955853032
 01/19  17:00:00,20410055.020132788,65473.44478874514,0.0,0.0,1878066.8801152739,18411816.64386547
 01/19  18:00:00,22809906.79126556,123979.54524623469,45000.0,0.0,3204515.755825106,19329894.232276216
 01/19  19:00:00,6318180.5586408395,139551.80632195948,180000.0,0.0,3104454.8154910947,2753110.541206643
 01/19  20:00:00,8034663.6570625845,182481.3555454265,180000.0,0.0,3911356.501005103,3573700.887953398
 01/19  21:00:00,7067391.178484609,0.0,180000.0,0.0,4715692.521382341,1909723.7795201472
 01/19  22:00:00,4514643.462308075,0.0,180000.0,0.0,2534877.1551282657,1497487.602277364
 01/19  23:00:00,2853402.345386264,4513.209181904295,180000.0,0.0,1221256.605102282,1185657.6535199578
 01/19  24:00:00,1672660.8676130695,69954.79855738189,180000.0,0.0,251435.183403411,989903.6627108096
 01/20  01:00:00,1662522.1764553972,111914.84347481513,180000.0,0.0,251435.183403411,986745.2883818138
 01/20  02:00:00,1688694.9174228804,141245.95877129442,180000.0,0.0,251435.183403411,983586.9140528179
 01/20  03:00:00,1705043.503027946,163631.76351395118,180000.0,0.0,251435.183403411,980428.5397238217
 01/20  04:00:00,1722415.784730051,184162.41954505187,180000.0,0.0,251435.183403411,977270.1653948259
 01/20  05:00:00,1739140.0291782187,201166.1935136205,180000.0,0.0,251435.183403411,974111.7910658299
 01/20  06:00:00,2496468.7905299463,758956.4075632063,180000.0,0.0,379975.00675556296,1047989.3598244148
 01/20  07:00:00,2810866.998124231,607911.5320321764,180000.0,0.0,769699.5410308499,1126586.753483037
 01/20  08:00:00,2959167.232048486,541961.0023131219,180000.0,0.0,928770.7795105589,1190402.8130724218
 01/20  09:00:00,5247068.2789362585,480670.16897482576,180000.0,0.0,1336711.5362569096,3146048.1605951134
 01/20  10:00:00,7424889.489335137,421908.32583575783,180000.0,0.0,2488695.182666415,4247920.636575123
 01/20  11:00:00,21105479.777995143,465605.943582493,180000.0,0.0,2421987.889110408,17968793.669895966
 01/20  12:00:00,4586002.511293528,392684.1127617166,180000.0,0.0,2324492.613913167,1642764.2676811288
 01/20  13:00:00,4666686.688254429,404007.70937184256,180000.0,0.0,2257785.3203571597,1790347.52082229
 01/20  14:00:00,4497215.165039497,361627.62872856675,180000.0,0.0,2237259.999263004,1686660.244153385
 01/20  15:00:00,4036778.622091135,360307.18654544535,180000.0,0.0,1919117.522303586,1545686.6203475618
 01/20  16:00:00,3240419.209731427,371653.5486901185,180000.0,0.0,1298226.559205367,1355992.9641328051
 01/20  17:00:00,3485921.3482776885,377510.76819502155,180000.0,0.0,1470126.1233689236,1403586.405350444
 01/20  18:00:00,5062559.35678428,408223.64464092423,180000.0,0.0,2396331.237742713,1968608.3716740436
 01/20  19:00:00,9455242.87406801,331484.66747053753,180000.0,0.0,3817709.7235130155,4987863.932271911
 01/20  20:00:00,8414576.047875317,333675.7322827412,180000.0,0.0,5131330.273539,2596839.353537892
 01/20  21:00:00,6950255.274801969,0.0,180000.0,0.0,4715692.521382341,1815618.6343062653
 01/20  22:00:00,4876865.163958353,34818.317455866774,180000.0,0.0,2820948.8178780656,1558971.2373821395
 01/20  23:00:00,2946607.9370874646,114991.86973467394,180000.0,0.0,1221256.605102282,1185657.6535199578
 01/20  24:00:00,2232249.121838169,164536.684055162,180000.0,0.0,590102.981456985,1127757.6126189344
 01/21  01:00:00,1749686.4637840334,199079.1308034514,180000.0,0.0,251435.183403411,986745.2883818138
 01/21  02:00:00,1775948.35959939,228499.4009478041,180000.0,0.0,251435.183403411,983586.9140528179
 01/21  03:00:00,1793842.5404511674,252430.80093717232,180000.0,0.0,251435.183403411,980428.5397238217
 01/21  04:00:00,1811086.9531887677,272833.5880037686,180000.0,0.0,251435.183403411,977270.1653948259
 01/21  05:00:00,1825282.6570491693,287308.82138457126,180000.0,0.0,251435.183403411,974111.7910658299
 01/21  06:00:00,2399990.9177061385,864895.9268501359,180000.0,0.0,251435.183403411,974111.7910658299
 01/21  07:00:00,3113348.9484254625,701184.6584806581,180000.0,0.0,769699.5410308499,1335795.5773357872
 01/21  08:00:00,3604911.4335082565,613360.380237065,180000.0,0.0,928770.7795105589,1764747.6366082488
 01/21  09:00:00,6539618.065022799,517086.9626639555,180000.0,0.0,2421987.889110408,3316904.8001390253
 01/21  10:00:00,5149638.797605225,469508.4013474091,180000.0,0.0,2488695.182666415,1925069.8693335599
 01/21  11:00:00,4713909.118131482,433679.93706576,180000.0,0.0,2421987.889110408,1609149.0165490408
 01/21  12:00:00,4592646.7018176885,399328.3032858773,180000.0,0.0,2324492.613913167,1642764.2676811288
 01/21  13:00:00,3792476.0331800664,426631.81778504467,180000.0,0.0,1590712.38479709,1560585.6928947952
 01/21  14:00:00,3616848.833464833,374427.9757838351,180000.0,0.0,1575318.393976473,1455435.1708099828
 01/21  15:00:00,3816663.864409729,361853.8967898439,180000.0,0.0,1752349.2884135684,1490793.3863117746
 01/21  16:00:00,4640178.294522557,353400.62598375895,180000.0,0.0,2350149.2652808623,1722082.2655548002
 01/21  17:00:00,5091852.29560047,362350.7709162723,180000.0,0.0,2688817.063334436,1805986.4099864615
 01/21  18:00:00,4887960.9692301145,442834.08093950764,180000.0,0.0,2396331.237742713,1759399.5478212936
 01/21  19:00:00,5964207.456621613,414831.02598565555,180000.0,0.0,3461082.2695020554,1770109.610321356
 01/21  20:00:00,4477082.640883602,450643.1121171844,180000.0,0.0,2284724.80429324,1388984.0359574948
 01/21  21:00:00,3920786.4149042177,44239.56844278899,180000.0,0.0,2111542.4075612985,1346060.3197867686
 01/21  22:00:00,5300156.003041935,110553.85868487411,180000.0,0.0,3107020.480627864,1620454.8724869145
 01/21  23:00:00,4153858.6572229946,161010.97007563396,180000.0,0.0,2196209.357074692,1371936.521342118
 01/21  24:00:00,2511347.8116672626,205374.49990340567,180000.0,0.0,759436.8804837719,1196684.5875729965
 01/22  01:00:00,1910238.655094338,235334.7664131313,180000.0,0.0,314037.4127405868,1048439.614745263
 01/22  02:00:00,1868770.5303968375,251133.94579844188,180000.0,0.0,272217.0710112439,1032992.6523917945
 01/22  03:00:00,1810190.3808401725,265899.7965175827,180000.0,0.0,251435.183403411,980428.5397238217
 01/22  04:00:00,1816680.1102892284,275547.9002956345,180000.0,0.0,251435.183403411,977270.1653948259
 01/22  05:00:00,1892057.2982431243,282221.5011500725,180000.0,0.0,258362.47927268862,1039046.4566250059
 01/22  06:00:00,2374089.325484777,862025.0930975311,180000.0,0.0,251435.183403411,974111.7910658299
 01/22  07:00:00,2377225.7854851545,698496.8512104433,180000.0,0.0,381001.2728102707,1016968.0931636256
 01/22  08:00:00,3235641.308449173,619169.64098876,180000.0,0.0,1096821.8459689613,1241769.097999231
 01/22  09:00:00,3020737.428724446,569266.0934648208,180000.0,0.0,974952.7519724101,1201516.7046035894
 01/22  10:00:00,3822114.1561375116,515003.7419201156,180000.0,0.0,1557358.7380190867,1489144.0215576573
 01/22  11:00:00,12019756.159717672,515608.91409704066,180000.0,0.0,1155832.1441146599,10104980.515716888
 01/22  12:00:00,11420023.213770062,464893.66942726064,180000.0,0.0,1636894.357258941,9095052.514954938
 01/22  13:00:00,3805762.475242493,439918.25984747126,180000.0,0.0,1590712.38479709,1560585.6928947952
 01/22  14:00:00,3633126.016010673,390705.1583296756,180000.0,0.0,1575318.393976473,1455435.1708099828
 01/22  15:00:00,3170702.355866095,381819.105990252,180000.0,0.0,1252044.586743516,1325171.370237785
 01/22  16:00:00,3484477.8995507634,379930.85646935797,180000.0,0.0,1472691.788505693,1417309.1168725756
 01/22  17:00:00,4039578.0368142845,388516.4977399274,180000.0,0.0,1878066.8801152739,1538296.6075957837
 01/22  18:00:00,6824122.525648241,412064.2838000843,180000.0,0.0,3473910.5951859034,2651630.388744248
 01/22  19:00:00,10347839.661763526,340868.23754304537,180000.0,0.0,4530964.631534937,5154943.397064403
 01/22  20:00:00,9932310.25683929,346058.2266754182,180000.0,0.0,4318014.425183069,4901112.692422146
 01/22  21:00:00,10107500.622825036,0.0,180000.0,0.0,4715692.521382341,4949833.223860575
 01/22  22:00:00,8635459.267902251,14797.672327070388,180000.0,0.0,3679163.806127463,4459219.084545273
 01/22  23:00:00,5977891.270543995,90711.23345756388,180000.0,0.0,2193643.6919379225,3251561.4675663896
 01/22  24:00:00,2245229.521594313,166001.70457692674,180000.0,0.0,590102.981456985,1127757.6126189344
 01/23  01:00:00,1754704.5144045167,204097.18142393438,180000.0,0.0,251435.183403411,986745.2883818138
 01/23  02:00:00,1779358.914219208,231909.95556762206,180000.0,0.0,251435.183403411,983586.9140528179
 01/23  03:00:00,1798678.8468432135,254388.26252062368,180000.0,0.0,251435.183403411,980428.5397238217
 01/23  04:00:00,1812293.9813587621,271161.77136516833,180000.0,0.0,251435.183403411,977270.1653948259
 01/23  05:00:00,1917980.8730603517,284191.0888244821,180000.0,0.0,260671.57789578117,1060691.3451447312
 01/23  06:00:00,2644342.2449759063,862388.1564410118,180000.0,0.0,422821.6145396136,1072615.2160772763
 01/23  07:00:00,2880000.4923326755,702954.6295179735,180000.0,0.0,769699.5410308499,1126586.753483037
 01/23  08:00:00,3025448.9388630474,628394.6227878463,180000.0,0.0,928770.7795105589,1190402.8130724218
 01/23  09:00:00,2571214.698754332,587308.668725596,180000.0,0.0,613193.9676879107,1095710.1836571994
 01/23  10:00:00,3938058.0027106944,529331.2410829646,180000.0,0.0,1744652.2930032602,1403466.8139838176
 01/23  11:00:00,3832270.0483820015,489386.5732304197,180000.0,0.0,1698470.320541409,1401078.5688210886
 01/23  12:00:00,3734264.258241356,448916.5485665932,180000.0,0.0,1636894.357258941,1425270.6802869004
 01/23  13:00:00,3605016.6566978157,464663.9647430698,180000.0,0.0,1422661.3183386878,1503145.2359129216
 01/23  14:00:00,2778049.584659948,428795.40560888307,180000.0,0.0,913376.7886899419,1224210.0974665808
 01/23  15:00:00,2766134.901664201,421516.90160659543,180000.0,0.0,918508.118963481,1214442.5881995829
 01/23  16:00:00,3619623.971955882,412294.86941884295,180000.0,0.0,1123761.329905041,1869021.6349288616
 01/23  17:00:00,3740130.574770841,422511.17083542387,180000.0,0.0,1470126.1233689236,1612795.2292031941
 01/23  18:00:00,6350086.132599822,464876.8449807491,180000.0,0.0,2396331.237742713,3202360.791958355
 01/23  19:00:00,6115802.881186486,439083.9208658474,180000.0,0.0,3104454.8154910947,2251200.7492084033
 01/23  20:00:00,5938884.972507313,450763.6186378427,180000.0,0.0,3504698.5768271373,1616297.864483676
 01/23  21:00:00,7002795.950735984,29509.917465257353,180000.0,0.0,4715692.521382341,1815618.6343062653
 01/23  22:00:00,6014992.785842612,110128.1321162393,180000.0,0.0,3679163.806127463,1743422.142696465
 01/23  23:00:00,3614317.253189994,184812.30708834997,180000.0,0.0,1708732.981088487,1278797.0874310378
 01/23  24:00:00,2077034.7729031378,236067.82986660072,180000.0,0.0,420769.082430198,1058830.637664872
 01/24  01:00:00,1822279.7377105774,271672.4047299955,180000.0,0.0,251435.183403411,986745.2883818138
 01/24  02:00:00,1840213.9766605296,292765.0180089436,180000.0,0.0,251435.183403411,983586.9140528179
 01/24  03:00:00,1851214.9980780766,306924.41375548695,180000.0,0.0,251435.183403411,980428.5397238217
 01/24  04:00:00,1859996.9887421725,318864.7787485787,180000.0,0.0,251435.183403411,977270.1653948259
 01/24  05:00:00,1868160.3774050563,330186.54174045834,180000.0,0.0,251435.183403411,974111.7910658299
 01/24  06:00:00,2424164.876765856,912100.6443786105,180000.0,0.0,251435.183403411,974111.7910658299
 01/24  07:00:00,3259539.101478604,752809.1116490313,180000.0,0.0,1026266.0547077999,1199704.3668209577
 01/24  08:00:00,2857077.2509463746,680271.2150706124,180000.0,0.0,759436.8804837719,1139488.43189977
 01/24  09:00:00,2126735.1899108132,610394.4651129672,180000.0,0.0,251435.183403411,989903.6627108096
 01/24  10:00:00,2984391.4411690156,530716.6676061692,180000.0,0.0,995478.073066566,1197589.0458556279
 01/24  11:00:00,2878321.006753978,465217.9328827181,180000.0,0.0,974952.7519724101,1194815.7361097655
 01/24  12:00:00,2776413.8725339295,403096.9521977888,180000.0,0.0,944164.770331176,1205969.4778760436
 01/24  13:00:00,2834659.240067173,370781.1184332549,180000.0,0.0,918508.118963481,1330823.8649673003
 01/24  14:00:00,2605634.8456881256,256380.66663706064,180000.0,0.0,913376.7886899419,1224210.0974665808
 01/24  15:00:00,2551975.7085794983,207357.70852189258,180000.0,0.0,918508.118963481,1214442.5881995829
 01/24  16:00:00,4206399.616130016,190374.88366409997,180000.0,0.0,949296.100604715,2852182.494158065
 01/24  17:00:00,2802803.305348722,237043.6842577454,180000.0,0.0,1062185.366622573,1268876.2031051042
 01/24  18:00:00,3359715.25507844,309608.8711698356,180000.0,0.0,1323883.210573062,1439705.9154175376
 01/24  19:00:00,4087532.1461468157,295945.61633108696,180000.0,0.0,2034572.4534582137,1435950.680736374
 01/24  20:00:00,6274512.010440387,304432.613200871,180000.0,0.0,3911356.501005103,1691597.9836757558
 01/24  21:00:00,8331184.504195131,0.0,180000.0,0.0,4715692.521382341,3173517.10523067
 01/24  22:00:00,8568947.054847537,0.0,180000.0,0.0,3679163.806127463,4407504.543817628
 01/24  23:00:00,4639093.992670914,51826.899419783826,180000.0,0.0,2681120.067924128,1464172.1477448838
 01/24  24:00:00,2198808.630279557,119580.81326217079,180000.0,0.0,590102.981456985,1127757.6126189344
 01/25  01:00:00,1955329.7294301488,156129.28504831693,180000.0,0.0,376639.64207776263,1110133.9411087122
 01/25  02:00:00,1967850.7116044234,174302.45268101848,180000.0,0.0,324556.6398013417,1156564.757926706
 01/25  03:00:00,1825945.2932129013,193688.92231212987,180000.0,0.0,251435.183403411,1068394.3263020033
 01/25  04:00:00,1787897.4398116355,208359.20741208992,180000.0,0.0,251435.183403411,1015676.1878007776
 01/25  05:00:00,1857435.1397412363,223645.35550536675,180000.0,0.0,260671.57789578117,1060691.3451447312
 01/25  06:00:00,2715044.704087161,797632.5544510881,180000.0,0.0,509027.9631350688,1121866.9285829994
 01/25  07:00:00,3464228.542269977,627814.425425533,180000.0,0.0,1282832.56838475,1272821.9801588785
 01/25  08:00:00,3185143.9348749532,568672.2674145405,180000.0,0.0,1096821.8459689613,1241769.097999231
 01/25  09:00:00,2535160.2980654826,551254.2680367465,180000.0,0.0,613193.9676879107,1095710.1836571994
 01/25  10:00:00,2977922.6745529226,524247.9009900766,180000.0,0.0,995478.073066566,1197589.0458556279
 01/25  11:00:00,2911028.717589084,497925.6437178247,180000.0,0.0,974952.7519724101,1194815.7361097655
 01/25  12:00:00,2811522.519421356,438205.59908521525,180000.0,0.0,944164.770331176,1205969.4778760436
 01/25  13:00:00,2829509.1131998217,365630.99156590353,180000.0,0.0,918508.118963481,1330823.8649673003
 01/25  14:00:00,2894199.063446653,321653.2147381048,180000.0,0.0,1078862.1900115747,1282016.3658024312
 01/25  15:00:00,2658264.1940058544,313646.1939482484,180000.0,0.0,918508.118963481,1214442.5881995829
 01/25  16:00:00,2728696.518472003,331493.62151088746,180000.0,0.0,949296.100604715,1233360.6586532637
 01/25  17:00:00,3754282.7555363467,342852.8314136977,180000.0,0.0,1266155.7449957482,1910576.1277636013
 01/25  18:00:00,5852047.152157437,365322.096706452,180000.0,0.0,2396331.237742713,2803876.5597902676
 01/25  19:00:00,6340768.932344782,348346.4704930233,180000.0,0.0,3817709.7235130155,1853649.3427176017
 01/25  20:00:00,6804078.810567652,352041.3699580899,180000.0,0.0,4318014.425183069,1766898.102867836
 01/25  21:00:00,6095083.62517343,0.0,180000.0,0.0,3971649.631719186,1681459.1158721233
 01/25  22:00:00,4553699.469431601,39056.007123526426,180000.0,0.0,2534877.1551282657,1497487.602277364
 01/25  23:00:00,3534102.847700853,104597.90159920865,180000.0,0.0,1708732.981088487,1278797.0874310378
 01/25  24:00:00,1756495.8141172363,153789.74506154866,180000.0,0.0,251435.183403411,989903.6627108096
 01/26  01:00:00,1730377.5937179404,179770.26073735848,180000.0,0.0,251435.183403411,986745.2883818138
 01/26  02:00:00,1820615.3708988007,202978.78630040528,180000.0,0.0,272217.07101124397,1032992.6523917944
 01/26  03:00:00,1854083.5963582895,221827.22545751795,180000.0,0.0,251435.183403411,1068394.3263020033
 01/26  04:00:00,1855093.4208081216,237149.16600262414,180000.0,0.0,251435.183403411,1054082.2102067294
 01/26  05:00:00,1787506.4923872203,249532.6567226221,180000.0,0.0,251435.183403411,974111.7910658299
 01/26  06:00:00,2607620.2549103177,825666.1663754232,180000.0,0.0,422821.6145396136,1072615.2160772763
 01/26  07:00:00,4637137.184793795,648675.6141226487,180000.0,0.0,769699.5410308499,2938002.461339481
 01/26  08:00:00,4690297.099250823,573623.3791297206,180000.0,0.0,1600975.045344168,2237817.951284714
 01/26  09:00:00,5433222.294812557,522714.6394851117,180000.0,0.0,2421987.889110408,2213517.8875334105
 01/26  10:00:00,19636325.66042634,575742.525851453,180000.0,0.0,1184054.4606191244,17615921.019315112
 01/26  11:00:00,1989180.370221586,507665.3126472775,180000.0,0.0,251435.183403411,986745.2883818138
 01/26  12:00:00,1955789.6326394673,494426.48872532183,180000.0,0.0,251435.183403411,986745.2883818138
 01/26  13:00:00,2086655.6884725639,519612.3303262105,180000.0,0.0,251435.183403411,1101062.0370398057
 01/26  14:00:00,3500923.7917190394,463588.3910285497,180000.0,0.0,416920.58472504374,2408747.523070904
 01/26  15:00:00,3837874.52550345,448779.5134768703,180000.0,0.0,918508.118963481,2258919.600168557
 01/26  16:00:00,2856577.6613231706,459374.7643620551,180000.0,0.0,949296.100604715,1233360.6586532637
 01/26  17:00:00,4341787.614152764,449823.3866815198,180000.0,0.0,1470126.1233689236,2187140.0527390214
 01/26  18:00:00,4929443.431856282,487195.3883742702,180000.0,0.0,2396331.237742713,1759399.5478212936
 01/26  19:00:00,7871102.65189867,435718.9459098505,180000.0,0.0,3817709.7235130155,3296610.586854663
 01/26  20:00:00,8235804.8006726215,435582.84139118984,180000.0,0.0,4318014.425183069,3115082.621539706
 01/26  21:00:00,6998206.611618556,24920.57834782931,180000.0,0.0,4715692.521382341,1815618.6343062653
 01/26  22:00:00,6009675.721231757,104811.0675053837,180000.0,0.0,3679163.806127463,1743422.142696465
 01/26  23:00:00,1887119.565363394,194330.71868006577,180000.0,0.0,251435.183403411,999378.7856977975
 01/26  24:00:00,1833907.503142393,231201.4340867053,180000.0,0.0,251435.183403411,989903.6627108096
 01/27  01:00:00,1812921.497324037,262314.16434345505,180000.0,0.0,251435.183403411,986745.2883818138
 01/27  02:00:00,1834018.3814484067,286569.42279682076,180000.0,0.0,251435.183403411,983586.9140528179
 01/27  03:00:00,1846409.2498676057,304997.51035361085,180000.0,0.0,251435.183403411,980428.5397238217
 01/27  04:00:00,1859187.2760108104,320933.91082581115,180000.0,0.0,251435.183403411,977270.1653948259
 01/27  05:00:00,1873596.0409061688,335622.2052415708,180000.0,0.0,251435.183403411,974111.7910658299
 01/27  06:00:00,2594691.2205800554,924651.3016502279,180000.0,0.0,337128.39897151233,1023363.5035715532
 01/27  07:00:00,3314784.682125492,782145.0890185665,180000.0,0.0,1026266.0547078,1199704.3668209577
 01/27  08:00:00,4004070.27333944,709194.63806323,180000.0,0.0,1600975.045344168,1395867.9527796588
 01/27  09:00:00,4053209.4061055966,659701.5280584104,180000.0,0.0,1698470.320541409,1411399.1443963673
 01/27  10:00:00,4005000.1111436784,590515.6598987591,180000.0,0.0,1744652.2930032602,1403466.8139838176
 01/27  11:00:00,3821061.6404899266,472420.4757211554,180000.0,0.0,1698470.320541409,1401078.5688210886
 01/27  12:00:00,4568870.5919968765,375552.1934650662,180000.0,0.0,2324492.613913167,1642764.2676811288
 01/27  13:00:00,5147932.7343864525,347423.7570494074,180000.0,0.0,2257785.3203571597,2328177.5192767493
 01/27  14:00:00,4795834.65869033,280602.41758801567,180000.0,0.0,2237259.999263004,2066304.948944768
 01/27  15:00:00,21029661.028512552,328762.5926400189,180000.0,0.0,2252653.990083621,18236577.15289437
 01/27  16:00:00,10448634.621964168,307849.04280996555,180000.0,0.0,2350149.2652808623,7576090.176170205
 01/27  17:00:00,15806757.105315816,339561.0120963651,180000.0,0.0,2688817.063334436,12543680.978521714
 01/27  18:00:00,6189219.932688037,348627.66956711444,180000.0,0.0,3473910.5951859034,2077285.5652084206
 01/27  19:00:00,7941077.537059879,318358.3854912457,180000.0,0.0,4530964.631534937,2773569.9692211496
 01/27  20:00:00,8974782.571343832,318331.1566100338,180000.0,0.0,5131330.273539,3172390.4526791135
 01/27  21:00:00,6511154.070753319,0.0,180000.0,0.0,4343671.076550763,1748538.8750891944
 01/27  22:00:00,4507772.901979779,13281.353331866783,180000.0,0.0,2534877.1551282657,1497487.602277364
 01/27  23:00:00,4053517.851685351,60670.16453799083,180000.0,0.0,2196209.357074692,1371936.521342118
 01/27  24:00:00,2174788.5041763564,107076.06639334871,180000.0,0.0,590102.981456985,1127757.6126189344
 01/28  01:00:00,1931776.6901006568,132576.24571882497,180000.0,0.0,376639.64207776263,1110133.9411087122
 01/28  02:00:00,1705700.4003830755,158251.4417314896,180000.0,0.0,251435.183403411,983586.9140528179
 01/28  03:00:00,1726814.859975283,185403.12046128834,180000.0,0.0,251435.183403411,980428.5397238217
 01/28  04:00:00,1751593.3356651606,213339.97048016154,180000.0,0.0,251435.183403411,977270.1653948259
 01/28  05:00:00,1798561.5909648803,236633.7681574643,180000.0,0.0,253744.28202650353,995756.6795855552
 01/28  06:00:00,4085703.2483940925,796057.9403120752,180000.0,0.0,337128.39897151233,2642968.892723743
 01/28  07:00:00,2851521.981544167,648566.5154521125,180000.0,0.0,769699.5410308499,1126586.753483037
 01/28  08:00:00,3272919.5647639493,573021.8661781428,180000.0,0.0,1096821.8459689613,1305043.2154644616
 01/28  09:00:00,17273913.95405034,543001.6908582202,180000.0,0.0,2060229.1048259086,14387044.745256798
 01/28  10:00:00,8353261.145887044,405183.2921275514,180000.0,0.0,2488695.182666415,5193017.3268352365
 01/28  11:00:00,4605758.751694072,325529.57062834955,180000.0,0.0,2421987.889110408,1609149.0165490408
 01/28  12:00:00,4227424.312612404,260378.8750927065,180000.0,0.0,2152593.04974961,1588390.8708325715
 01/28  13:00:00,3631808.746181747,265964.53078672563,180000.0,0.0,1590712.38479709,1560585.6928947952
 01/28  14:00:00,5325812.773879906,197462.76632764813,180000.0,0.0,2237259.999263004,2679422.715394713
 01/28  15:00:00,5717179.805440028,186988.86874328947,180000.0,0.0,2252653.990083621,3065869.6537185754
 01/28  16:00:00,4474447.4561662525,187669.7876274545,180000.0,0.0,2350149.2652808623,1722082.2655548002
 01/28  17:00:00,4871199.607777071,202099.25564258307,180000.0,0.0,2486129.517529646,1948272.7832415423
 01/28  18:00:00,9209384.118477667,234577.2658024326,180000.0,0.0,3473910.5951859034,5211500.15476273
 01/28  19:00:00,11892945.668570157,194960.4753083976,180000.0,0.0,4530964.631534937,6848836.01091428
 01/28  20:00:00,8296546.739020374,227288.14412604767,180000.0,0.0,4724672.349361034,2991855.557017608
 01/28  21:00:00,6574428.188218551,0.0,180000.0,0.0,4343671.076550763,1811812.9925544248
 01/28  22:00:00,17725386.372860223,13500.446443695491,180000.0,0.0,2820948.8178780656,14428810.317296177
 01/28  23:00:00,6712272.011619476,8559.92252806851,180000.0,0.0,1464994.7930953845,4814015.487265472
 01/28  24:00:00,1884716.8005212988,55265.23671914052,180000.0,0.0,420769.082430198,1058830.637664872
 01/29  01:00:00,1636154.826715931,85547.49373534907,180000.0,0.0,251435.183403411,986745.2883818138
 01/29  02:00:00,1648307.215133506,100858.25648191999,180000.0,0.0,251435.183403411,983586.9140528179
 01/29  03:00:00,1659422.7324667652,115132.14814417517,180000.0,0.0,251435.183403411,980428.5397238217
 01/29  04:00:00,1668617.30717672,127485.09718312588,180000.0,0.0,251435.183403411,977270.1653948259
 01/29  05:00:00,1770550.3899535763,136760.6057177067,180000.0,0.0,260671.57789578117,1060691.3451447312
 01/29  06:00:00,2467980.5853404626,686026.4968055682,180000.0,0.0,422821.6145396136,1072615.2160772763
 01/29  07:00:00,2719257.3680565394,542211.5052418372,180000.0,0.0,769699.5410308499,1126586.753483037
 01/29  08:00:00,5770202.197476573,448142.1156998126,180000.0,0.0,928770.7795105589,4115408.5787739805
 01/29  09:00:00,5579915.227373484,411863.3966176611,180000.0,0.0,974952.7519724101,3918097.2000997867
 01/29  10:00:00,3432066.327889004,404046.7307903309,180000.0,0.0,995478.073066566,1771933.869391455
 01/29  11:00:00,4643127.569150722,370609.76999308233,180000.0,0.0,974952.7519724101,3054230.461396146
 01/29  12:00:00,5070144.808202877,358709.58891978353,180000.0,0.0,1290529.5637950585,3197722.9833591143
 01/29  13:00:00,3919176.0953220422,377104.13395704766,180000.0,0.0,1254610.2518802856,2072915.5717815717
 01/29  14:00:00,3570001.1468545455,327580.28917354764,180000.0,0.0,1575318.393976473,1455435.1708099828
 01/29  15:00:00,3550095.111233396,316946.61153931596,180000.0,0.0,1585581.054523551,1435900.1522759872
 01/29  16:00:00,3647977.7507274905,307649.3256059882,180000.0,0.0,1647157.017806019,1478625.2696123463
 01/29  17:00:00,2892967.3681663806,327207.7470754042,180000.0,0.0,1062185.366622573,1268876.2031051042
 01/29  18:00:00,4193753.198026033,360093.1667288516,180000.0,0.0,1323883.210573062,2223259.5628061146
 01/29  19:00:00,4558740.4684462175,326986.7522232828,180000.0,0.0,2391199.907469174,1519490.4131326196
 01/29  20:00:00,5808946.408076325,320825.0542068557,180000.0,0.0,3504698.5768271373,1616297.864483676
 01/29  21:00:00,6973286.033270727,0.0,180000.0,0.0,4715692.521382341,1815618.6343062653
 01/29  22:00:00,4519517.36522229,4873.902914214912,180000.0,0.0,2534877.155128266,1497487.602277364
 01/29  23:00:00,1761072.8270721277,68283.9803887998,180000.0,0.0,251435.183403411,999378.7856977975
 01/29  24:00:00,1713674.186335816,110968.11728012859,180000.0,0.0,251435.183403411,989903.6627108096
 01/30  01:00:00,1689533.8655306157,138926.5325500335,180000.0,0.0,251435.183403411,986745.2883818138
 01/30  02:00:00,1709263.092419935,161814.13376834893,180000.0,0.0,251435.183403411,983586.9140528179
 01/30  03:00:00,1724878.4487060495,180587.86438345976,180000.0,0.0,251435.183403411,980428.5397238217
 01/30  04:00:00,1737495.700964137,196363.49097054312,180000.0,0.0,251435.183403411,977270.1653948259
 01/30  05:00:00,2317020.025457428,204701.36625700258,180000.0,0.0,251435.183403411,1548456.6146016573
 01/30  06:00:00,6250429.725991754,745285.7498693321,180000.0,0.0,509027.9631350688,4709598.755069348
 01/30  07:00:00,6105671.863023058,602232.3647160905,180000.0,0.0,1282832.56838475,3939847.3616214027
 01/30  08:00:00,26929654.304616924,645585.0789967562,180000.0,0.0,1600975.045344168,24405213.456783775
 01/30  09:00:00,4780385.488321992,460383.5342388103,180000.0,0.0,2421987.889110408,1623012.1862891472
 01/30  10:00:00,4313094.021854415,397080.5514355545,180000.0,0.0,2116673.7378348373,1538732.07794337
 01/30  11:00:00,9398675.16700979,317095.0055820564,180000.0,0.0,2421987.889110408,6416257.686528243
 01/30  12:00:00,7848333.223074295,314102.38100435655,180000.0,0.0,2324492.613913167,4986555.55602785
 01/30  13:00:00,3976734.9231196083,386682.0168526951,180000.0,0.0,1757480.6186871072,1618026.1498766688
 01/30  14:00:00,2728065.3814067026,378811.20235563745,180000.0,0.0,913376.7886899419,1224210.0974665808
 01/30  15:00:00,3185852.89637825,387717.6593886047,180000.0,0.0,918508.118963481,1667959.8251316226
 01/30  16:00:00,19733162.659983467,462439.7267526668,180000.0,0.0,949296.100604715,18106880.694922946
 01/30  17:00:00,11450741.899818432,432300.5161912135,180000.0,0.0,1266155.7449957482,9517587.587268172
 01/30  18:00:00,4880281.070891602,438033.027409591,180000.0,0.0,2396331.237742713,1759399.5478212936
 01/30  19:00:00,5525408.650661733,413320.561624386,180000.0,0.0,3104454.8154910947,1686569.8779251105
 01/30  20:00:00,6390279.585802186,420200.18856267026,180000.0,0.0,3911356.501005103,1691597.9836757558
 01/30  21:00:00,7492245.430352328,17049.605083361675,180000.0,0.0,4715692.521382341,2317528.426304505
 01/30  22:00:00,7148535.918557293,85544.23926338028,180000.0,0.0,3393092.1433776636,3187620.8310138034
 01/30  23:00:00,3877930.922199924,159852.80747217935,180000.0,0.0,1951188.3365132047,1324914.9006324208
 01/30  24:00:00,2057471.9402105527,216504.9971740155,180000.0,0.0,420769.082430198,1058830.637664872
 01/31  01:00:00,1807216.86357322,256609.530592638,180000.0,0.0,251435.183403411,986745.2883818138
 01/31  02:00:00,1838921.07797363,291472.119322044,180000.0,0.0,251435.183403411,983586.9140528179
 01/31  03:00:00,1867744.9405726693,323454.35625007947,180000.0,0.0,251435.183403411,980428.5397238217
 01/31  04:00:00,1893439.9382471691,352307.7282535752,180000.0,0.0,251435.183403411,977270.1653948259
 01/31  05:00:00,1914364.4506626274,376390.6149980294,180000.0,0.0,251435.183403411,974111.7910658299
 01/31  06:00:00,2618990.8621521266,971981.7016910568,180000.0,0.0,337128.3989715123,1023363.503571553
 01/31  07:00:00,2354290.1036666865,841666.8122386386,180000.0,0.0,251435.183403411,980428.5397238217
 01/31  08:00:00,3595599.0237639872,759710.0049183626,180000.0,0.0,1264872.9124273635,1293135.3829260403
 01/31  09:00:00,4063063.6672650175,678192.3236436157,180000.0,0.0,1698470.320541409,1411399.1443963673
 01/31  10:00:00,4024729.6775319623,616002.9159042322,180000.0,0.0,1744652.2930032602,1403466.8139838176
 01/31  11:00:00,3895322.368834298,552438.8936827166,180000.0,0.0,1698470.320541409,1401078.5688210886
 01/31  12:00:00,3796050.9241872067,510703.21451244375,180000.0,0.0,1636894.357258941,1425270.6802869004
 01/31  13:00:00,3850391.9915255765,484547.77613055485,180000.0,0.0,1590712.38479709,1560585.6928947952
 01/31  14:00:00,3645254.6246675192,402833.7669865216,180000.0,0.0,1575318.393976473,1455435.1708099828
 01/31  15:00:00,4392797.435904539,376095.2888218818,180000.0,0.0,1585581.054523551,2219453.7996645644
 01/31  16:00:00,3721467.464799623,381139.0396781205,180000.0,0.0,1647157.017806019,1478625.2696123463
 01/31  17:00:00,3508313.8536092783,399903.27352661156,180000.0,0.0,1470126.1233689233,1403586.405350444
 01/31  18:00:00,3541630.7638162365,491524.37990763225,180000.0,0.0,1323883.210573062,1439705.9154175376
 01/31  19:00:00,3830307.6925238054,478888.34911528206,180000.0,0.0,1677944.999447253,1352410.9483401286
 01/31  20:00:00,5013737.396721086,490474.44355833525,180000.0,0.0,2691382.7284712056,1464755.3121328885
 01/31  21:00:00,15904896.886174941,94050.42553211354,180000.0,0.0,4715692.521382341,10653179.061678369
 01/31  22:00:00,22485289.63080595,220780.32373265288,180000.0,0.0,3679163.806127463,18103066.796043392
 01/31  23:00:00,4211206.556278901,201085.8002799725,180000.0,0.0,2196209.357074692,1371936.521342118
 01/31  24:00:00,2335983.7873062934,256755.9702889069,180000.0,0.0,590102.981456985,1127757.6126189344
 02/01  01:00:00,1913950.671594883,300051.52483124746,180000.0,0.0,282736.29807199887,1017780.9860934287
 02/01  02:00:00,1878007.9587309593,329898.3274670382,180000.0,0.0,251435.183403411,983292.5852623021
 02/01  03:00:00,1900610.2330717023,355651.4292447127,180000.0,0.0,251435.183403411,980141.7578253706
 02/01  04:00:00,1922074.292375411,380266.3159853529,180000.0,0.0,251435.183403411,976990.9303884392
 02/01  05:00:00,1940981.532801108,402324.3838479812,180000.0,0.0,251435.183403411,973840.1029515077
 02/01  06:00:00,2571572.7898361087,991129.7005138632,180000.0,0.0,293768.6581601078,999389.0199418403
 02/01  07:00:00,3816489.883373449,861943.9282470195,180000.0,0.0,759436.880483772,1913622.8748396738
 02/01  08:00:00,3184671.5857343655,793783.6923368312,180000.0,0.0,918508.118963481,1193793.1803397252
 02/01  09:00:00,3631287.326071946,725161.5910365928,180000.0,0.0,1318751.880299523,1311686.8663501595
 02/01  10:00:00,4135230.6710615647,617620.2032158622,180000.0,0.0,1708732.9810884872,1547688.526914828
 02/01  11:00:00,20253352.096541062,602578.1774583737,180000.0,0.0,2021744.127774366,17385238.465717874
 02/01  12:00:00,3674962.275721541,413008.5239698957,180000.0,0.0,1606106.375617707,1432353.2905040882
 02/01  13:00:00,2850897.265335912,398865.7431553196,180000.0,0.0,903114.128142864,1334122.125533848
 02/01  14:00:00,2644582.0363222267,307118.2047079223,180000.0,0.0,897982.7978693249,1227585.3709497554
 02/01  15:00:00,3596259.7146089287,256256.0965970812,180000.0,0.0,1223822.2702390514,1904285.6849775717
 02/01  16:00:00,4223762.25232406,245074.4431666007,180000.0,0.0,1913986.192030047,1849906.3486235312
 02/01  17:00:00,4918457.502374258,298481.98478210834,180000.0,0.0,1162246.3069565834,3222636.7021710887
 02/01  18:00:00,2452389.9327572337,424795.1302683258,180000.0,0.0,477213.715439127,1263095.6758294832
 02/01  19:00:00,3550856.3375664786,413790.372620555,180000.0,0.0,1457297.7976850758,1357687.4875366692
 02/01  20:00:00,3884729.90242388,442913.197964713,180000.0,0.0,1754914.953550338,1318427.3798461435
 02/01  21:00:00,3586781.978987318,49163.16043111521,180000.0,0.0,1811359.5865592668,1282395.1125091766
 02/01  22:00:00,4632312.605797346,128313.35568278811,180000.0,0.0,2577210.6298849625,1442330.0208206417
 02/01  23:00:00,3331017.7719818815,190257.06166247663,180000.0,0.0,1413681.4903599946,1283215.1004716507
 02/01  24:00:00,2317465.451164242,233469.8641510846,180000.0,0.0,590102.981456985,1131217.4459108002
 02/02  01:00:00,1822371.5627379734,271111.1040371209,180000.0,0.0,251435.183403411,986443.4126992335
 02/02  02:00:00,1848877.0377706487,300767.4065067276,180000.0,0.0,251435.183403411,983292.5852623021
 02/02  03:00:00,1867175.6795260652,322216.8756990756,180000.0,0.0,251435.183403411,980141.7578253706
 02/02  04:00:00,1886634.2491018393,344826.2727117813,180000.0,0.0,251435.183403411,976990.9303884392
 02/02  05:00:00,1937636.1120343823,374682.1022119623,180000.0,0.0,253615.99876966508,995956.1484545468
 02/02  06:00:00,2686767.1059960774,970559.2331797732,180000.0,0.0,378435.60767350125,1050486.8539225054
 02/02  07:00:00,3350488.5764646404,838701.1100443971,180000.0,0.0,505436.03194359154,1724865.2346736677
 02/02  08:00:00,26814388.324482605,902580.4787085954,180000.0,0.0,918508.118963481,24714713.132716194
 02/02  09:00:00,2623781.841694844,642785.3333373046,180000.0,0.0,608062.6374143715,1097246.882557497
 02/02  10:00:00,2977946.4724736707,535701.5641544668,180000.0,0.0,980084.082245949,1200971.866230867
 02/02  11:00:00,3508198.3208234888,418160.15356361464,180000.0,0.0,1490651.4444630796,1355595.3972063477
 02/02  12:00:00,3595350.8187979013,333397.0670462559,180000.0,0.0,1606106.375617707,1432353.2905040882
 02/02  13:00:00,2576898.3264792035,344828.71917612036,180000.0,0.0,741477.2245263855,1275797.114272817
 02/02  14:00:00,2625630.0059306873,288166.1743163833,180000.0,0.0,897982.7978693249,1227585.3709497554
 02/02  15:00:00,4725552.021520027,256403.58085973823,180000.0,0.0,897982.7978693249,3359269.9799957396
 02/02  16:00:00,5760255.914693586,254186.8436267844,180000.0,0.0,918508.118963481,4372765.683599441
 02/02  17:00:00,5900381.215973395,278753.65290451015,180000.0,0.0,980084.082245949,4406450.972358459
 02/02  18:00:00,5621200.976661347,360985.53018740914,180000.0,0.0,1380327.843581991,3592602.191671649
 02/02  19:00:00,5780528.684918972,374148.53642288886,180000.0,0.0,1760046.2838238769,3324253.1849480276
 02/02  20:00:00,9929571.786203649,339096.48970867164,180000.0,0.0,4382156.053602306,4839844.871829984
 02/02  21:00:00,7464452.202851156,0.0,180000.0,0.0,4931208.392870978,2089379.6904924172
 02/02  22:00:00,4944393.869051085,45715.034653473704,180000.0,0.0,2909464.2650966127,1504755.9698920446
 02/02  23:00:00,3505922.0277313082,124393.47241779597,180000.0,0.0,1607389.2081860916,1330275.2276396612
 02/02  24:00:00,1794022.102590403,190317.51940545483,180000.0,0.0,251435.183403411,989594.240136165
 02/03  01:00:00,1790922.3341865693,239661.8754857168,180000.0,0.0,251435.183403411,986443.4126992335
 02/03  02:00:00,1839375.899953782,291266.2686898612,180000.0,0.0,251435.183403411,983292.5852623021
 02/03  03:00:00,1882108.4569969638,340049.2588786307,180000.0,0.0,251435.183403411,980141.7578253706
 02/03  04:00:00,1917890.5161849624,378982.14550356055,180000.0,0.0,251435.183403411,976990.9303884392
 02/03  05:00:00,1947076.1389890146,408418.99003588804,180000.0,0.0,251435.183403411,973840.1029515077
 02/03  06:00:00,2531229.9415343106,995472.3982898402,180000.0,0.0,251435.183403411,973840.1029515077
 02/03  07:00:00,2993529.826104154,880025.4101586503,180000.0,0.0,251435.183403411,1554486.5813611979
 02/03  08:00:00,5804537.156260822,781767.7161565628,180000.0,0.0,918508.118963481,3805377.4870858537
 02/03  09:00:00,6692047.411293079,711506.81519096,180000.0,0.0,2029441.1231846744,3666713.6674058037
 02/03  10:00:00,9126575.253007341,630817.4923136756,180000.0,0.0,2259068.152925545,5969701.436508421
 02/03  11:00:00,5885886.864091307,610735.814747933,180000.0,0.0,1667682.3389001752,3357878.173435438
 02/03  12:00:00,4173941.9203792037,561080.9168601343,180000.0,0.0,1606106.375617707,1780360.9365628557
 02/03  13:00:00,11611839.811173681,599762.1084346803,180000.0,0.0,1559924.403155856,9237358.031079266
 02/03  14:00:00,4531499.912656034,426051.90216641803,180000.0,0.0,2196209.357074692,1697342.9906197004
 02/03  15:00:00,4111466.6954396334,405031.8293283459,180000.0,0.0,1549661.742608778,1944877.4607072864
 02/03  16:00:00,6502219.4799497705,389218.5835585421,180000.0,0.0,1580449.7242500118,4317755.903637337
 02/03  17:00:00,6503715.875990588,402880.0365301552,180000.0,0.0,1708732.9810884872,4157010.3499074676
 02/03  18:00:00,4646401.007071918,531976.7417186063,180000.0,0.0,2057663.4396891391,1766575.8087352181
 02/03  19:00:00,6747758.484743273,520956.2086827783,180000.0,0.0,3874154.356521945,2033466.8455230277
 02/03  20:00:00,5806101.915179589,570256.7235653213,180000.0,0.0,3258394.723697265,1623474.1253976007
 02/03  21:00:00,5493239.936787265,146728.255093039,180000.0,0.0,3371283.989715123,1554560.4181605973
 02/03  22:00:00,5146687.9918702105,268306.3974331964,180000.0,0.0,2909464.2650966127,1504755.9698920446
 02/03  23:00:00,3944019.9776988514,339121.2116431708,180000.0,0.0,1801096.926012189,1377335.3548076719
 02/03  24:00:00,2467272.833622177,394875.6694436467,180000.0,0.0,590102.981456985,1131217.4459108002
 02/04  01:00:00,2239311.688037859,437496.47708587407,180000.0,0.0,376639.64207776263,1111793.706276014
 02/04  02:00:00,2015427.0720120394,467317.44074811833,180000.0,0.0,251435.183403411,983292.5852623021
 02/04  03:00:00,2030537.1982888817,488478.00017054833,180000.0,0.0,251435.183403411,980141.7578253706
 02/04  04:00:00,2044067.1469382688,505158.7762568669,180000.0,0.0,251435.183403411,976990.9303884392
 02/04  05:00:00,2062674.569334656,524017.42038152914,180000.0,0.0,251435.183403411,973840.1029515077
 02/04  06:00:00,2540157.5432444704,1004400.0,180000.0,0.0,251435.183403411,973840.1029515077
 02/04  07:00:00,2540465.8483960284,1001306.2559863516,180000.0,0.0,251435.183403411,980141.7578253706
 02/04  08:00:00,2465662.737940248,928900.3077826791,180000.0,0.0,251435.183403411,986443.4126992335
 02/04  09:00:00,3575464.8156376556,802215.8427655688,180000.0,0.0,608062.6374143715,1880800.5299460741
 02/04  10:00:00,3135619.964147593,687575.8444110764,180000.0,0.0,980084.082245949,1200971.866230867
 02/04  11:00:00,3885930.374380891,560573.3323513052,180000.0,0.0,1667682.3389001752,1408084.1661216493
 02/04  12:00:00,3707823.9937031837,442970.6362428818,180000.0,0.0,1606106.375617707,1432353.2905040882
 02/04  13:00:00,3516941.7809214126,397211.99932304135,180000.0,0.0,1395721.834402608,1509212.6786918822
 02/04  14:00:00,3731910.757607828,291352.18320529634,180000.0,0.0,1707450.1485201023,1521212.7630872063
 02/04  15:00:00,3448811.3422874585,244286.2681744108,180000.0,0.0,1549661.742608778,1442967.668709046
 02/04  16:00:00,2612140.313002828,240285.83149033564,180000.0,0.0,918508.118963481,1238551.0940451315
 02/04  17:00:00,2745632.791304049,258219.8177894735,180000.0,0.0,980084.082245949,1272236.3828041493
 02/04  18:00:00,4438008.571934003,323584.3065806912,180000.0,0.0,2057663.4396891391,1766575.8087352181
 02/04  19:00:00,5002576.5077495305,319565.0314221947,180000.0,0.0,2668291.74224028,1695538.660071535
 02/04  20:00:00,6014094.664681552,327400.6767110727,180000.0,0.0,3632981.833665612,1699735.8117854649
 02/04  21:00:00,5804966.759421045,0.0,180000.0,0.0,3761265.090504087,1623034.395098453
 02/04  22:00:00,3713674.4761963375,19331.634608482367,180000.0,0.0,1912703.3594616621,1317478.1226778359
 02/04  23:00:00,2722053.7154396176,80226.32936036782,180000.0,0.0,1026266.0547078002,1189094.8461356298
 02/04  24:00:00,5088692.457746375,91289.52786628537,180000.0,0.0,590102.981456985,4056223.2116123596
 02/05  01:00:00,2068905.4248308493,131444.22542403458,180000.0,0.0,314037.4127405868,1310041.92406802
 02/05  02:00:00,1699296.18773694,151186.55647301892,180000.0,0.0,251435.183403411,983292.5852623021
 02/05  03:00:00,1711124.5455284761,166165.7417014863,180000.0,0.0,251435.183403411,980141.7578253706
 02/05  04:00:00,1721840.0864340402,180032.11004398193,180000.0,0.0,251435.183403411,976990.9303884392
 02/05  05:00:00,1831061.9393625832,195217.34693228354,180000.0,0.0,260158.4448684273,1062304.2849636641
 02/05  06:00:00,2414669.8732272666,766344.3921579912,180000.0,0.0,336102.1329168045,1024937.9369321727
 02/05  07:00:00,3103775.348189101,601252.7919614357,180000.0,0.0,1016003.3941607219,1205032.962263959
 02/05  08:00:00,4757193.96719274,519370.83961036673,180000.0,0.0,1585581.054523551,2373655.4789644945
 02/05  09:00:00,5331730.675369775,459073.48666678625,180000.0,0.0,1672813.669173714,2924156.531143604
 02/05  10:00:00,4387432.92273047,395266.57389553776,180000.0,0.0,1708732.9810884872,2022244.4079040564
 02/05  11:00:00,4290417.544040969,338118.5387763916,180000.0,0.0,1667682.3389001752,2040825.3407739543
 02/05  12:00:00,3903585.675093862,293624.2772834493,180000.0,0.0,1606106.375617707,1780360.9365628557
 02/05  13:00:00,18657640.269725263,354470.62983624265,180000.0,0.0,903114.128142864,17185260.243242282
 02/05  14:00:00,2578748.5463602687,241284.7147459645,180000.0,0.0,897982.7978693249,1227585.3709497554
 02/05  15:00:00,2580797.589980048,253101.26763274128,180000.0,0.0,897982.7978693249,1217817.8616827577
 02/05  16:00:00,2639731.144852373,267876.66333988,180000.0,0.0,918508.118963481,1238551.0940451315
 02/05  17:00:00,3760392.2837376227,271140.75102331873,180000.0,0.0,1708732.9810884872,1545426.0431613396
 02/05  18:00:00,4417576.4909794945,306051.83133483934,180000.0,0.0,2057663.4396891391,1766575.8087352181
 02/05  19:00:00,4203102.8709652005,291614.34747424175,180000.0,0.0,2062794.7699626777,1526613.073804102
 02/05  20:00:00,3754651.8359641386,312835.131504972,180000.0,0.0,1754914.953550338,1318427.3798461435
 02/05  21:00:00,4911686.10016166,0.0,180000.0,0.0,2981302.888926159,1486519.0917477421
 02/05  22:00:00,5685472.337826947,0.0,180000.0,0.0,3571405.8703831434,1629607.8680348503
 02/05  23:00:00,3663192.8037979295,40896.40349030975,180000.0,0.0,1801096.926012189,1377335.3548076719
 02/05  24:00:00,2662154.7335112323,99752.77060312178,180000.0,0.0,928770.7795105589,1270956.02375218
 02/06  01:00:00,2071376.6961843816,144066.04905146727,180000.0,0.0,439498.43792861537,1174430.3466060907
 02/06  02:00:00,1727824.8870697801,179715.2558058593,180000.0,0.0,251435.183403411,983292.5852623021
 02/06  03:00:00,1752569.043485511,207610.2396585214,180000.0,0.0,251435.183403411,980141.7578253706
 02/06  04:00:00,1773475.61675468,231667.64036462188,180000.0,0.0,251435.183403411,976990.9303884392
 02/06  05:00:00,1839730.9198634601,252480.04917174688,180000.0,0.0,255796.81413591915,1018072.193957586
 02/06  06:00:00,2483165.8620953364,834840.3810260613,180000.0,0.0,336102.1329168045,1024937.9369321727
 02/06  07:00:00,2772964.146761819,685556.1821942258,180000.0,0.0,251435.183403411,1554486.5813611979
 02/06  08:00:00,5243972.346896345,587803.9360826649,180000.0,0.0,1252044.586743516,3125537.229975836
 02/06  09:00:00,6997403.311679199,516540.8100176917,180000.0,0.0,1672813.669173714,4532361.844102124
 02/06  10:00:00,6051108.042157412,462739.24543699634,180000.0,0.0,2442513.210204564,2884666.6266734637
 02/06  11:00:00,4211363.298659209,438288.23111489794,180000.0,0.0,1667682.3389001752,1861601.4030536888
 02/06  12:00:00,3408607.978137471,414242.0932014093,180000.0,0.0,928770.7795105589,1842101.0197956522
 02/06  13:00:00,3377151.5275603887,418927.0656579527,180000.0,0.0,903114.128142864,1840315.065255692
 02/06  14:00:00,25797992.577517275,451183.2418988562,180000.0,0.0,897982.7978693249,24236930.87495387
 02/06  15:00:00,3686966.5473948596,339189.241036704,180000.0,0.0,897982.7978693249,2237898.845693607
 02/06  16:00:00,2712747.5433429787,340893.06183048605,180000.0,0.0,918508.118963481,1238551.0940451315
 02/06  17:00:00,4361615.367851187,339269.8275482375,180000.0,0.0,1526570.7563778528,2260682.2754606195
 02/06  18:00:00,4520511.505443978,408986.8457993229,180000.0,0.0,2057663.4396891391,1766575.8087352181
 02/06  19:00:00,5074670.688439925,388759.60640393134,180000.0,0.0,2668291.74224028,1695538.660071535
 02/06  20:00:00,6086305.02595684,385113.0094430781,180000.0,0.0,3632981.833665612,1699735.8117854649
 02/06  21:00:00,7203528.838270759,0.0,180000.0,0.0,4931208.392870978,1828456.3259120206
 02/06  22:00:00,6998068.2525368165,23892.619282293046,180000.0,0.0,4233347.475669675,2256369.558175896
 02/06  23:00:00,5434151.276977181,96478.02814583226,180000.0,0.0,1994804.6438382864,2899004.485505303
 02/06  24:00:00,2472902.635510608,149703.8605499744,180000.0,0.0,759436.8804837719,1201086.73483149
 02/07  01:00:00,1734925.4109647092,183664.95226385674,180000.0,0.0,251435.183403411,986443.4126992335
 02/07  02:00:00,1752279.117950073,204169.48668615206,180000.0,0.0,251435.183403411,983292.5852623021
 02/07  03:00:00,1762772.7444823133,217813.94065532368,180000.0,0.0,251435.183403411,980141.7578253706
 02/07  04:00:00,1771074.0774844412,229266.101094383,180000.0,0.0,251435.183403411,976990.9303884392
 02/07  05:00:00,2347187.245529951,234185.27304099704,180000.0,0.0,251435.183403411,1548184.926487335
 02/07  06:00:00,3575368.9835914476,798516.2477867863,180000.0,0.0,420769.08243019803,2068798.2421541656
 02/07  07:00:00,4316576.959707746,621921.0568005822,180000.0,0.0,887720.137322247,2525449.5657819323
 02/07  08:00:00,4011565.382629742,536968.9492622691,180000.0,0.0,1585581.054523551,1610428.7847495943
 02/07  09:00:00,3845912.4090712243,478937.5437903494,180000.0,0.0,1672813.669173714,1418474.2077214902
 02/07  10:00:00,3803888.2603589813,423424.44211916556,180000.0,0.0,1708732.9810884872,1410541.8773089407
 02/07  11:00:00,3692246.0306136566,372688.2000013848,180000.0,0.0,1667682.3389001752,1408084.1661216493
 02/07  12:00:00,3584190.3523722664,322236.600620621,180000.0,0.0,1606106.375617707,1432353.2905040882
 02/07  13:00:00,3647668.781080936,305372.9130099722,180000.0,0.0,1559924.403155856,1567576.196411227
 02/07  14:00:00,2824346.2092871033,266516.14498299884,180000.0,0.0,1059619.7014858034,1286314.700023077
 02/07  15:00:00,2929950.0302392533,253839.3320090761,90000.0,0.0,1223822.2702390514,1330392.765195902
 02/07  16:00:00,3477029.6938007725,241084.36810941139,135000.0,0.0,1580449.7242500118,1485700.3329374692
 02/07  17:00:00,3727935.368387432,238683.83567312773,180000.0,0.0,1708732.9810884872,1545426.0431613396
 02/07  18:00:00,4383961.086133694,272436.4264890391,180000.0,0.0,2057663.4396891391,1766575.8087352181
 02/07  19:00:00,6749429.368022019,234609.3419156745,180000.0,0.0,2969757.3958106963,3222981.950571469
 02/07  20:00:00,7811041.0413384475,224196.98811940872,180000.0,0.0,4756743.163570653,2461626.518585699
 02/07  21:00:00,5486030.923697488,0.0,180000.0,0.0,2981302.8889261587,2060863.9152835694
 02/07  22:00:00,7243534.255385814,0.0,180000.0,0.0,2244956.994673312,4514118.661303548
 02/07  23:00:00,4550529.306087531,10775.532023756066,180000.0,0.0,1026266.0547078002,3069623.599868215
 02/07  24:00:00,2041191.1014441936,77268.26538808853,180000.0,0.0,505436.0319435915,1095811.6444671415
 02/08  01:00:00,1800552.995863156,124015.16103673735,180000.0,0.0,314037.4127405868,1049118.5594876236
 02/08  02:00:00,1917246.9283239977,153949.15659930848,180000.0,0.0,314165.69599742524,1135750.2131290562
 02/08  03:00:00,1725913.0470821282,180954.24325513872,180000.0,0.0,251435.183403411,980141.7578253706
 02/08  04:00:00,1743261.7129569866,201453.7365669285,180000.0,0.0,251435.183403411,976990.9303884392
 02/08  05:00:00,1755737.4692620428,217080.320308916,180000.0,0.0,251435.183403411,973840.1029515077
 02/08  06:00:00,2305762.68577542,793201.988200204,180000.0,0.0,251435.183403411,973840.1029515077
 02/08  07:00:00,3132002.1471230173,629479.5908953515,180000.0,0.0,1016003.3941607219,1205032.962263959
 02/08  08:00:00,3386588.3820531256,558450.6305969972,180000.0,0.0,1252044.586743516,1297506.5706182846
 02/08  09:00:00,2481416.2417692337,500419.73341169464,180000.0,0.0,608062.6374143715,1097246.882557497
 02/08  10:00:00,2856757.302799641,414512.39448043716,180000.0,0.0,980084.082245949,1200971.866230867
 02/08  11:00:00,2742432.1456680186,340952.96846533596,180000.0,0.0,959558.7611517931,1198129.0904604422
 02/08  12:00:00,4984081.36518595,255922.2762222385,180000.0,0.0,1098104.678537346,3406560.324796514
 02/08  13:00:00,5796118.763995533,209872.65226063106,180000.0,0.0,903114.128142864,4468336.715088157
 02/08  14:00:00,3631473.6510040537,144536.61867070632,180000.0,0.0,897982.7978693249,2377058.571668798
 02/08  15:00:00,2036541.106709445,144654.98864992592,180000.0,0.0,574708.990636368,1105281.4646279272
 02/08  16:00:00,2509386.908643296,137532.42713080364,180000.0,0.0,918508.118963481,1238551.0940451315
 02/08  17:00:00,3380410.0510093854,141618.15809501335,180000.0,0.0,1526570.7563778528,1477128.628072042
 02/08  18:00:00,4318687.905288329,207163.24564367457,180000.0,0.0,2057663.4396891391,1766575.8087352181
 02/08  19:00:00,5650912.544150739,193106.06224816712,180000.0,0.0,3271223.0493811127,1864502.7527972814
 02/08  20:00:00,7243238.203423029,189499.79784063314,180000.0,0.0,4756743.163570653,1928520.8709490572
 02/08  21:00:00,9344980.95658374,0.0,180000.0,0.0,4931208.392870978,3969908.444225003
 02/08  22:00:00,9136348.242377447,0.0,180000.0,0.0,4233347.475669675,4418542.167298819
 02/08  23:00:00,3622748.3040617774,0.0,180000.0,0.0,1801096.9260121891,1377787.258561829
 02/08  24:00:00,1843850.0850990526,0.0,180000.0,0.0,420769.082430198,1060405.8430234827
 02/09  01:00:00,1581322.024940869,30061.566240016655,180000.0,0.0,251435.183403411,986443.4126992335
 02/09  02:00:00,1603510.586213973,55400.95495005186,180000.0,0.0,251435.183403411,983292.5852623021
 02/09  03:00:00,1611928.5146305414,66969.71080355198,180000.0,0.0,251435.183403411,980141.7578253706
 02/09  04:00:00,1612659.790448394,70851.81405833582,180000.0,0.0,251435.183403411,976990.9303884392
 02/09  05:00:00,1608883.6486048363,70226.4996517095,180000.0,0.0,251435.183403411,973840.1029515077
 02/09  06:00:00,2564532.6710185558,567627.1499075124,90000.0,0.0,251435.183403411,1548184.926487335
 02/09  07:00:00,5647075.711605437,381438.60014183086,0.0,0.0,1272569.907837672,3891581.0038229506
 02/09  08:00:00,3627643.5839360035,322348.21282359876,0.0,0.0,1753632.120981953,1453076.6560361236
 02/09  09:00:00,2558972.1581355045,293695.55334567314,0.0,0.0,964690.0914253319,1204899.5249788286
 02/09  10:00:00,2515347.1848988067,253102.27657960312,0.0,0.0,980084.082245949,1200971.866230867
 02/09  11:00:00,1973897.961889851,212323.41244196353,0.0,0.0,605496.9722776021,1092286.2515798379
 02/09  12:00:00,2141963.533342886,185401.83019694453,0.0,0.0,759436.880483772,1153630.7370323187
 02/09  13:00:00,1551014.0129475459,164038.49346715808,0.0,0.0,251435.183403411,1100745.0675730964
 02/09  14:00:00,1388743.8762939714,112667.96252224022,0.0,0.0,251435.183403411,992745.0675730964
 02/09  15:00:00,2216268.8929205015,68572.57057319499,0.0,0.0,897982.7978693249,1217817.8616827577
 02/09  16:00:00,2275281.576584876,83427.09507238376,0.0,0.0,918508.118963481,1238551.0940451315
 02/09  17:00:00,4784673.188992801,74884.73258484682,0.0,0.0,980084.082245949,3674611.8656975273
 02/09  18:00:00,4065071.24713894,133546.58749428525,0.0,0.0,2057663.4396891391,1766575.8087352181
 02/09  19:00:00,5265497.2159784045,162254.36808029236,180000.0,0.0,2969757.3958106963,1811404.7723632378
 02/09  20:00:00,8657505.146249846,172512.63274601984,180000.0,0.0,4382156.053602305,3734362.0888388352
 02/09  21:00:00,5432288.4489307115,0.0,180000.0,0.0,3371283.989715123,1617140.3397278287
 02/09  22:00:00,4898678.834397611,0.0,180000.0,0.0,2909464.2650966127,1504755.9698920446
 02/09  23:00:00,2660566.258361456,2245.045538580812,180000.0,0.0,1026266.0547077999,1188191.0386273155
 02/09  24:00:00,1649556.7531898362,45852.170004887994,180000.0,0.0,251435.183403411,989594.240136165
 02/10  01:00:00,1632677.8596411298,81417.40094027732,180000.0,0.0,251435.183403411,986443.4126992335
 02/10  02:00:00,1651454.50466608,103344.873402159,180000.0,0.0,251435.183403411,983292.5852623021
 02/10  03:00:00,1661496.5595926102,119437.36147427716,180000.0,0.0,251435.183403411,980141.7578253706
 02/10  04:00:00,1677679.6587389053,138771.28805750358,180000.0,0.0,251435.183403411,976990.9303884392
 02/10  05:00:00,1697210.61957953,158553.47062640337,180000.0,0.0,251435.183403411,973840.1029515077
 02/10  06:00:00,2244705.0263067246,708947.4830622543,180000.0,0.0,251435.183403411,973840.1029515077
 02/10  07:00:00,3405459.1289413967,564899.4351110265,180000.0,0.0,505436.03194359154,2027541.0107058843
 02/10  08:00:00,4777508.49871518,488192.27553380816,180000.0,0.0,1585581.054523551,2404851.334602897
 02/10  09:00:00,2911986.883813768,458011.461897967,180000.0,0.0,964690.0914253319,1204899.5249788286
 02/10  10:00:00,3793724.2028733846,407461.1732162554,180000.0,0.0,1708732.9810884872,1410541.8773089407
 02/10  11:00:00,4149554.355183241,365157.9864488607,180000.0,0.0,2021744.1277743662,1513061.7039522533
 02/10  12:00:00,4267257.945167753,328571.2775564762,180000.0,0.0,2114108.0726980683,1598184.9035747023
 02/10  13:00:00,3021376.5741629116,346778.96550972614,180000.0,0.0,1067316.696896112,1392485.6432531928
 02/10  14:00:00,3322791.5237166528,315567.95006691414,180000.0,0.0,897982.7978693249,1897345.1129851895
 02/10  15:00:00,17365953.47687454,352408.79162283917,180000.0,0.0,413072.08701988944,16388576.935436588
 02/10  16:00:00,2222990.2963575292,309150.70957955474,180000.0,0.0,584971.651183446,1114072.6670906483
 02/10  17:00:00,2798180.3884648103,310767.4149502346,180000.0,0.0,980084.082245949,1272236.3828041493
 02/10  18:00:00,5428769.335717494,329142.2178647622,180000.0,0.0,1606106.375617707,3203335.7253060695
 02/10  19:00:00,6884117.758818397,319003.3782134188,180000.0,0.0,2668291.74224028,3577641.564349177
 02/10  20:00:00,5639755.301146507,341330.18796500796,180000.0,0.0,3258394.723697265,1686054.046964832
 02/10  21:00:00,3520766.3259949572,6344.353108007275,180000.0,0.0,1811359.5865592668,1282395.1125091766
 02/10  22:00:00,3372458.1528382194,72794.89553341756,180000.0,0.0,1580449.7242500118,1255052.1736064332
 02/10  23:00:00,2792694.5765817356,150867.19050248608,180000.0,0.0,1026266.0547078002,1189094.8461356298
 02/10  24:00:00,2274816.383276181,202419.21909765052,180000.0,0.0,590102.981456985,1131217.4459108002
 02/11  01:00:00,1793588.130395363,242327.67169451073,180000.0,0.0,251435.183403411,986443.4126992335
 02/11  02:00:00,1822021.1839533767,273911.55268945545,180000.0,0.0,251435.183403411,983292.5852623021
 02/11  03:00:00,1860758.50338519,296217.4484098408,180000.0,0.0,251435.183403411,1002623.6146823866
 02/11  04:00:00,1854274.0321618796,315365.66148047784,180000.0,0.0,251435.183403411,976990.9303884392
 02/11  05:00:00,1866102.7007486825,327445.5517955557,180000.0,0.0,251435.183403411,973840.1029515077
 02/11  06:00:00,2447077.7120065093,911320.1687620392,180000.0,0.0,251435.183403411,973840.1029515077
 02/11  07:00:00,2874017.5134352744,760513.0974897705,180000.0,0.0,251435.183403411,1554486.5813611979
 02/11  08:00:00,7044947.366333021,625047.9273033903,180000.0,0.0,1585581.054523551,4535434.550451154
 02/11  09:00:00,7247549.640072282,505953.9704199811,180000.0,0.0,1851127.396179194,4606082.467961466
 02/11  10:00:00,4183331.185874732,431148.60288713727,180000.0,0.0,1708732.9810884872,1776461.4306394062
 02/11  11:00:00,4910340.851797332,322079.9961747271,180000.0,0.0,2198775.0222114613,2139895.2964033824
 02/11  12:00:00,3272827.465316329,248929.80473722162,180000.0,0.0,1267438.5775641329,1530065.3916764678
 02/11  13:00:00,2685138.9589683283,233107.43678773555,180000.0,0.0,903114.128142864,1334122.125533848
 02/11  14:00:00,2941872.387810666,150891.31926432264,180000.0,0.0,897982.7978693249,1681102.6078817951
 02/11  15:00:00,3317096.0535026006,140416.05139959484,180000.0,0.0,897982.7978693249,2066801.5414384576
 02/11  16:00:00,25684291.773810636,249532.2346561854,180000.0,0.0,584971.651183446,24634992.619467124
 02/11  17:00:00,6313683.671078978,149886.01246304784,180000.0,0.0,1526570.7563778528,4402134.393773601
 02/11  18:00:00,4616688.985227209,241341.3552935003,180000.0,0.0,2057663.4396891391,2027499.1733156142
 02/11  19:00:00,4922622.250004131,239610.7736767946,180000.0,0.0,2668291.74224028,1695538.660071535
 02/11  20:00:00,5500956.203106077,265111.0114918094,180000.0,0.0,3258394.723697265,1623474.1253976007
 02/11  21:00:00,5346511.681694226,0.0,180000.0,0.0,3371283.989715123,1554560.4181605973
 02/11  22:00:00,5665175.097866351,0.0,180000.0,0.0,3571405.8703831434,1629607.8680348503
 02/11  23:00:00,3409392.578538206,45261.65747663318,180000.0,0.0,1607389.2081860916,1330275.2276396612
 02/11  24:00:00,1713280.3045824883,121174.14423216696,180000.0,0.0,251435.183403411,989594.240136165
 02/12  01:00:00,1712120.299697325,160859.84099647246,180000.0,0.0,251435.183403411,986443.4126992335
 02/12  02:00:00,1734243.1187609266,186133.48749700544,180000.0,0.0,251435.183403411,983292.5852623021
 02/12  03:00:00,1749084.2083092274,204125.4044822377,180000.0,0.0,251435.183403411,980141.7578253706
 02/12  04:00:00,1761495.616484758,219687.64009469986,180000.0,0.0,251435.183403411,976990.9303884392
 02/12  05:00:00,1769589.929648837,230932.78069571042,180000.0,0.0,251435.183403411,973840.1029515077
 02/12  06:00:00,2317861.793742615,805301.0961673987,180000.0,0.0,251435.183403411,973840.1029515077
 02/12  07:00:00,2491567.227595818,649539.5032110092,180000.0,0.0,505436.0319435915,1055105.4926382336
 02/12  08:00:00,2099786.234498289,583321.0443013165,180000.0,0.0,251435.183403411,986443.4126992335
 02/12  09:00:00,3076923.4480798263,494500.1936841077,180000.0,0.0,964690.0914253319,1342046.1745847156
 02/12  10:00:00,19717810.061834663,465169.48182922363,180000.0,0.0,1708732.9810884872,17282718.639074564
 02/12  11:00:00,3606838.0646128925,287280.23400062026,180000.0,0.0,1667682.3389001752,1408084.1661216493
 02/12  12:00:00,3457584.750029655,195630.99827800973,180000.0,0.0,1606106.375617707,1432353.2905040882
 02/12  13:00:00,3492045.0982447187,149749.23017375477,180000.0,0.0,1559924.403155856,1567576.196411227
 02/12  14:00:00,2328158.505891638,80694.6742773336,90000.0,0.0,897982.7978693249,1227585.3709497554
 02/12  15:00:00,2189938.807658926,42242.4853116193,0.0,0.0,897982.7978693249,1217817.8616827577
 02/12  16:00:00,2424420.0780038508,52565.59649135827,180000.0,0.0,918508.118963481,1238551.0940451315
 02/12  17:00:00,2828058.344372444,90185.731057936,180000.0,0.0,1162246.3069565836,1340533.7978934469
 02/12  18:00:00,3983225.2354222066,178344.82988083464,180000.0,0.0,1831884.907653423,1685710.0866676515
 02/12  19:00:00,3359574.6610425445,222508.69609662087,180000.0,0.0,1457297.7976850758,1357687.4875366692
 02/12  20:00:00,5041729.285588797,243517.69435584208,180000.0,0.0,2882524.7811605334,1547212.4390097363
 02/12  21:00:00,6286618.68281712,0.0,180000.0,0.0,4151246.1912930505,1691508.372036309
 02/12  22:00:00,4898678.834397611,0.0,180000.0,0.0,2909464.2650966127,1504755.9698920446
 02/12  23:00:00,3172250.310595291,31489.600275886318,180000.0,0.0,1413681.4903599946,1283215.1004716507
 02/12  24:00:00,1947891.300594553,104041.21549550013,180000.0,0.0,420769.082430198,1060405.8430234827
 02/13  01:00:00,1698278.5716984724,147018.11299761976,180000.0,0.0,251435.183403411,986443.4126992335
 02/13  02:00:00,1724153.7473156326,176044.11605171172,180000.0,0.0,251435.183403411,983292.5852623021
 02/13  03:00:00,1745183.4809316318,200224.6771046423,180000.0,0.0,251435.183403411,980141.7578253706
 02/13  04:00:00,2406581.219725038,211731.7470539936,180000.0,0.0,251435.183403411,1630032.4266694249
 02/13  05:00:00,2843627.5001647067,215020.4364930796,180000.0,0.0,260158.4448684273,2055066.7562049916
 02/13  06:00:00,2504516.2492405525,788308.3764242482,180000.0,0.0,378435.60767350125,1050486.8539225054
 02/13  07:00:00,3454388.5724241706,620335.7677066922,180000.0,0.0,1272569.907837672,1279996.6970768217
 02/13  08:00:00,3807986.6226632167,542599.0131484943,180000.0,0.0,1585581.054523551,1401219.960896844
 02/13  09:00:00,3386450.2674781308,480324.5324427774,180000.0,0.0,1318751.880299523,1311686.8663501595
 02/13  10:00:00,2847505.212343059,405260.3040238555,180000.0,0.0,980084.082245949,1200971.866230867
 02/13  11:00:00,2712482.0376219233,311002.8604192402,180000.0,0.0,959558.7611517931,1198129.0904604422
 02/13  12:00:00,2571461.293060394,209836.5827766372,180000.0,0.0,928770.7795105589,1209359.8451433473
 02/13  13:00:00,2479715.2264389438,162683.704258351,45000.0,0.0,903114.128142864,1334122.125533848
 02/13  14:00:00,2251229.430721174,93765.5991068699,0.0,0.0,897982.7978693249,1227585.3709497554
 02/13  15:00:00,2208450.3926873775,60754.070340070975,0.0,0.0,897982.7978693249,1217817.8616827577
 02/13  16:00:00,2476570.950652709,57443.758095499354,0.0,0.0,1083993.5202851137,1300338.4037682158
 02/13  17:00:00,3514422.2363363705,70170.70362206621,135000.0,0.0,1708732.9810884872,1545426.0431613396
 02/13  18:00:00,3340566.432582275,148974.53524746792,180000.0,0.0,1380327.843581991,1523978.6425325181
 02/13  19:00:00,4085359.2150737247,173870.69158276683,180000.0,0.0,2062794.7699626777,1526613.0738041021
 02/13  20:00:00,6021693.057712013,197005.0140186357,180000.0,0.0,3258394.723697265,2197818.948933428
 02/13  21:00:00,7021878.595353292,0.0,180000.0,0.0,3371283.989715123,3206730.486150409
 02/13  22:00:00,4247745.729185094,0.0,180000.0,0.0,1912703.3594616621,1850583.770314478
 02/13  23:00:00,2927543.761189095,27550.895863797734,180000.0,0.0,1219973.7725338973,1236154.9733036403
 02/13  24:00:00,1701586.9201935157,97882.3370085674,180000.0,0.0,251435.183403411,989594.240136165
 02/14  01:00:00,1690457.8873711193,139197.4286702671,180000.0,0.0,251435.183403411,986443.4126992335
 02/14  02:00:00,1708578.0955622399,160468.4642983189,180000.0,0.0,251435.183403411,983292.5852623021
 02/14  03:00:00,1718850.48642766,173891.68260067032,180000.0,0.0,251435.183403411,980141.7578253706
 02/14  04:00:00,1726548.6629964898,184740.6866064315,180000.0,0.0,251435.183403411,976990.9303884392
 02/14  05:00:00,1740294.6458259562,201637.49687282948,180000.0,0.0,251435.183403411,973840.1029515077
 02/14  06:00:00,2292830.8786470676,780270.1810718512,180000.0,0.0,251435.183403411,973840.1029515077
 02/14  07:00:00,2880081.498341431,628191.2420973163,180000.0,0.0,378435.60767350125,1591968.4487676292
 02/14  08:00:00,5613908.16054677,520489.8916744956,180000.0,0.0,1585581.054523551,3229250.620254395
 02/14  09:00:00,3359528.221801415,453402.4867660623,180000.0,0.0,1318751.880299523,1311686.8663501595
 02/14  10:00:00,2813932.883289244,371687.97497004,180000.0,0.0,980084.082245949,1200971.866230867
 02/14  11:00:00,2683682.958174124,282203.7809714408,180000.0,0.0,959558.7611517931,1198129.0904604422
 02/14  12:00:00,2517464.6238580863,200839.9135743294,135000.0,0.0,928770.7795105589,1209359.8451433473
 02/14  13:00:00,2448683.9602306657,176652.43805007322,0.0,0.0,903114.128142864,1334122.125533848
 02/14  14:00:00,2512859.643650167,135029.57934606267,0.0,0.0,1059619.7014858034,1286314.700023077
 02/14  15:00:00,4580875.873709977,113389.55545986752,0.0,0.0,1549661.742608778,2885928.9128461075
 02/14  16:00:00,3801585.74729237,122534.7739643663,45000.0,0.0,1580449.7242500118,2018805.9805741115
 02/14  17:00:00,6498914.202181072,116831.63175399022,180000.0,0.0,2255219.6552203903,3891770.406742214
 02/14  18:00:00,4886140.762577792,175683.67154978483,180000.0,0.0,2283441.9717248552,2139729.708082854
 02/14  19:00:00,8251941.9549161475,140137.168869354,180000.0,0.0,3874154.356521945,3915569.74980067
 02/14  20:00:00,7260501.017061835,144182.68991220676,180000.0,0.0,4756743.163570653,1991100.7925162886
 02/14  21:00:00,6286618.682817119,0.0,180000.0,0.0,4151246.191293051,1691508.372036309
 02/14  22:00:00,3319960.4972653985,0.0,180000.0,0.0,1580449.7242500118,1255052.1736064332
 02/14  23:00:00,2899992.865325297,0.0,180000.0,0.0,1219973.7725338973,1236154.9733036403
 02/14  24:00:00,2562401.9629081106,0.0,180000.0,0.0,928770.7795105589,1270956.02375218
 02/15  01:00:00,1927310.6471329143,0.0,180000.0,0.0,439498.43792861537,1174430.3466060907
 02/15  02:00:00,1548109.631263921,0.0,180000.0,0.0,251435.183403411,983292.5852623021
 02/15  03:00:00,1461168.4722793077,6209.6684523181475,90000.0,0.0,251435.183403411,980141.7578253706
 02/15  04:00:00,1379732.0813549443,17924.104964886177,0.0,0.0,251435.183403411,976990.9303884392
 02/15  05:00:00,1532591.9303427266,27249.808665526296,0.0,0.0,264520.07560093544,1107440.1834780567
 02/15  06:00:00,2102233.3505266123,498143.08596327837,0.0,0.0,420769.08243019803,1076035.770912838
 02/15  07:00:00,6238119.104579054,332734.4946378295,0.0,0.0,1525287.9238094678,4278610.486328772
 02/15  08:00:00,5882414.967842814,256775.3198024595,0.0,0.0,2089734.2538987575,3437318.8000472686
 02/15  09:00:00,2488370.2785845,223093.67379466872,0.0,0.0,964690.0914253319,1204899.5249788286
 02/15  10:00:00,2416508.8960929248,154263.98777372076,0.0,0.0,980084.082245949,1200971.866230867
 02/15  11:00:00,1399442.120797444,97772.1991043517,0.0,0.0,251435.183403411,986443.4126992335
 02/15  12:00:00,1318667.228927278,37294.54719478317,0.0,0.0,251435.183403411,986443.4126992335
 02/15  13:00:00,2050767.5215055414,0.0,0.0,0.0,740194.3919580007,1275777.8610436602
 02/15  14:00:00,1276075.9137717313,0.0,0.0,0.0,251435.183403411,992745.0675730964
 02/15  15:00:00,3853338.2363725007,0.0,0.0,0.0,574708.990636368,3246733.582940909
 02/15  16:00:00,3361868.6902717575,0.0,0.0,0.0,1580449.7242500118,1746623.6975178653
 02/15  17:00:00,3811161.3247125437,0.0,0.0,0.0,1708732.9810884872,2047335.8351595798
 02/15  18:00:00,5405681.759420118,0.0,0.0,0.0,2057663.4396891391,3240732.9085106812
 02/15  19:00:00,4505911.082035993,0.0,0.0,0.0,2668291.74224028,1695538.660071535
 02/15  20:00:00,5076466.050187747,6122.830030196532,0.0,0.0,3258394.723697265,1623474.1253976007
 02/15  21:00:00,6655073.760543939,0.0,90000.0,0.0,4541227.2920820145,1759982.3489741646
 02/15  22:00:00,4898678.834397611,0.0,180000.0,0.0,2909464.2650966127,1504755.9698920446
 02/15  23:00:00,2659225.0203311895,0.0,180000.0,0.0,1026266.0547078002,1189094.8461356298
 02/15  24:00:00,1603704.5831849482,0.0,180000.0,0.0,251435.183403411,989594.240136165
 02/16  01:00:00,1551260.4587008525,0.0,180000.0,0.0,251435.183403411,986443.4126992335
 02/16  02:00:00,1548109.631263921,0.0,180000.0,0.0,251435.183403411,983292.5852623021
 02/16  03:00:00,1544958.8038269896,0.0,180000.0,0.0,251435.183403411,980141.7578253706
 02/16  04:00:00,1545189.9067331157,3381.930343057408,180000.0,0.0,251435.183403411,976990.9303884392
 02/16  05:00:00,1561862.2957979655,23205.1468448386,180000.0,0.0,251435.183403411,973840.1029515077
 02/16  06:00:00,2305302.6295427303,521212.3649793966,180000.0,0.0,420769.08243019803,1076035.770912838
 02/16  07:00:00,2571945.8866897947,400953.57895194186,180000.0,0.0,759436.880483772,1130069.2274510963
 02/16  08:00:00,4044802.4264000403,339599.2936899537,180000.0,0.0,1921683.1874403553,1504933.3511754032
 02/16  09:00:00,4131853.2815739033,301463.62091073673,180000.0,0.0,2029441.1231846744,1525261.5490928213
 02/16  10:00:00,2741743.940215138,299499.031895934,180000.0,0.0,980084.082245949,1200971.866230867
 02/16  11:00:00,3233911.122967166,258087.1222286557,180000.0,0.0,959558.7611517931,1772473.9139962695
 02/16  12:00:00,3574192.2637217077,219805.08219662355,180000.0,0.0,928770.7795105589,2202122.3163846745
 02/16  13:00:00,2495699.2286814917,223667.7065008991,0.0,0.0,903114.128142864,1334122.125533848
 02/16  14:00:00,2331558.157094542,174094.32548023763,0.0,0.0,897982.7978693249,1227585.3709497554
 02/16  15:00:00,2304102.6908226144,156406.36847530783,0.0,0.0,897982.7978693249,1217817.8616827577
 02/16  16:00:00,1432893.6991927172,157069.00714926087,0.0,0.0,251435.183403411,989594.240136165
 02/16  17:00:00,2023368.3801337213,143449.1422830467,0.0,0.0,251435.183403411,1573391.5459827865
 02/16  18:00:00,3824267.596685452,126557.4822126005,0.0,0.0,1154549.311546275,2435875.391706279
 02/16  19:00:00,3073436.106205491,116370.14125956708,0.0,0.0,1457297.7976850758,1357687.4875366692
 02/16  20:00:00,3375071.921314468,113255.21685530113,0.0,0.0,1754914.953550338,1318427.3798461435
 02/16  21:00:00,5704121.618229312,0.0,0.0,0.0,2981302.8889261587,2458954.6098153926
 02/16  22:00:00,4143591.8709714515,0.0,0.0,0.0,1580449.7242500118,2258683.547312486
 02/16  23:00:00,2479225.0203311895,0.0,0.0,0.0,1026266.0547078002,1189094.8461356298
 02/16  24:00:00,1708850.0850990526,0.0,45000.0,0.0,420769.082430198,1060405.8430234827
 02/17  01:00:00,1551260.4587008525,0.0,180000.0,0.0,251435.183403411,986443.4126992335
 02/17  02:00:00,1548109.631263921,0.0,180000.0,0.0,251435.183403411,983292.5852623021
 02/17  03:00:00,1555583.620430157,13524.422311823899,180000.0,0.0,251435.183403411,980141.7578253706
 02/17  04:00:00,1611813.8834304772,72905.51274907557,180000.0,0.0,251435.183403411,976990.9303884392
 02/17  05:00:00,1661794.1445787558,123136.99562562909,180000.0,0.0,251435.183403411,973840.1029515077
 02/17  06:00:00,2190703.154564212,654945.6113197417,180000.0,0.0,251435.183403411,973840.1029515077
 02/17  07:00:00,2098200.626171392,559041.0337617155,180000.0,0.0,251435.183403411,980141.7578253706
 02/17  08:00:00,2851228.870614932,521515.9411213953,180000.0,0.0,418203.41729342856,1612625.6781451837
 02/17  09:00:00,4850007.3993583275,481571.2457101546,180000.0,0.0,1672813.669173714,2411236.678962818
 02/17  10:00:00,3862705.6851660716,476442.65550894267,180000.0,0.0,1708732.9810884872,1410541.8773089407
 02/17  11:00:00,3781613.86265701,456256.82062742417,180000.0,0.0,1667682.3389001752,1408084.1661216493
 02/17  12:00:00,5049896.997528534,427145.1691438279,180000.0,0.0,1606106.375617707,2790251.7614284926
 02/17  13:00:00,6830883.45192259,431871.1041603124,180000.0,0.0,1888329.540662352,4295887.538596044
 02/17  14:00:00,3642931.10862686,424002.3462533562,180000.0,0.0,1544530.412335239,1462502.6872430416
 02/17  15:00:00,3629275.2063182667,424750.1322052189,180000.0,0.0,1549661.742608778,1442967.668709046
 02/17  16:00:00,3710587.3511499385,429642.0254585771,180000.0,0.0,1580449.7242500118,1485700.3329374692
 02/17  17:00:00,3925552.1860688543,436300.6533545502,180000.0,0.0,1708732.9810884872,1545426.0431613396
 02/17  18:00:00,5197495.69245415,469821.42535258626,180000.0,0.0,2509220.503760571,1928268.7464120379
 02/17  19:00:00,7417209.210541417,406853.287092345,180000.0,0.0,3874154.356521945,2817020.492911605
 02/17  20:00:00,7448390.068498697,409149.6914595847,180000.0,0.0,4756743.163570653,1928520.8709490572
 02/17  21:00:00,7196970.0459581595,16638.05335665406,180000.0,0.0,4931208.392870978,1828456.3259120206
 02/17  22:00:00,6542247.84623044,90279.24493475327,180000.0,0.0,4233347.475669675,1754459.7661776557
 02/17  23:00:00,4770955.246841617,169793.41986404767,180000.0,0.0,2575927.797316578,1598767.5444251723
 02/17  24:00:00,4652773.506086182,219867.06173505491,180000.0,0.0,928770.7795105589,3153058.928029822
 02/18  01:00:00,2122331.142031366,257936.0095121495,180000.0,0.0,376639.64207776263,1174373.6278432456
 02/18  02:00:00,1835394.7249113342,287285.09364741313,180000.0,0.0,251435.183403411,983292.5852623021
 02/18  03:00:00,1850397.7732887738,308338.57517044037,180000.0,0.0,251435.183403411,980141.7578253706
 02/18  04:00:00,1864502.540162678,325594.1694812764,180000.0,0.0,251435.183403411,976990.9303884392
 02/18  05:00:00,1876941.776232794,338284.6272796673,180000.0,0.0,251435.183403411,973840.1029515077
 02/18  06:00:00,4707718.246301694,894743.8012501824,180000.0,0.0,336102.1329168045,3166390.0552451545
 02/18  07:00:00,6058599.169580841,727295.8209107702,180000.0,0.0,759436.880483772,4264283.817005406
 02/18  08:00:00,7309199.38616136,633178.8515181926,180000.0,0.0,918508.118963481,5458628.581624762
 02/18  09:00:00,21145972.319230143,636039.6644531633,180000.0,0.0,964690.0914253319,19260856.757840008
 02/18  10:00:00,3843444.2429647995,457181.21330767055,180000.0,0.0,1708732.9810884872,1410541.8773089407
 02/18  11:00:00,3682066.6951921103,356709.65316252486,180000.0,0.0,1667682.3389001752,1408084.1661216493
 02/18  12:00:00,3100232.1544614285,285543.3177350708,180000.0,0.0,1267438.5775641329,1320856.5678237176
 02/18  13:00:00,2927214.5417019892,252616.93304880388,180000.0,0.0,1067316.696896112,1392485.6432531928
 02/18  14:00:00,3958674.6224700613,165401.03656072993,180000.0,0.0,1544530.412335239,2036847.5107788686
 02/18  15:00:00,7315895.801385823,102135.00096935232,180000.0,0.0,2201340.687348231,4800524.450273015
 02/18  16:00:00,6524353.454799584,109193.53955391343,180000.0,0.0,1580449.7242500118,4619914.922491779
 02/18  17:00:00,5617111.901921011,143118.98037144018,180000.0,0.0,1708732.9810884872,3530167.4319966063
 02/18  18:00:00,5634778.746145883,241293.96185079397,180000.0,0.0,2283441.9717248552,2819857.795641279
 02/18  19:00:00,7461253.206422893,230819.5566563456,180000.0,0.0,3874154.356521945,3037098.2192290802
 02/18  20:00:00,6400440.331685018,262897.5473583279,180000.0,0.0,4007568.943633959,1775997.498173329
 02/18  21:00:00,5346511.681694226,0.0,180000.0,0.0,3371283.989715123,1554560.4181605973
 02/18  22:00:00,4878381.594437014,0.0,180000.0,0.0,2909464.2650966127,1504755.9698920446
 02/18  23:00:00,3165603.8793382915,42240.803270826524,180000.0,0.0,1413681.4903599946,1283215.1004716507
 02/18  24:00:00,2172498.5637053763,100101.39952684563,180000.0,0.0,590102.981456985,1131217.4459108002
 02/19  01:00:00,1935666.3096878696,133851.09873588476,180000.0,0.0,376639.64207776263,1111793.706276014
 02/19  02:00:00,1849879.1923523794,157625.0533283286,180000.0,0.0,292998.9586190769,1085873.3178067657
 02/19  03:00:00,1723689.6168757326,178730.81304874292,180000.0,0.0,251435.183403411,980141.7578253706
 02/19  04:00:00,1736814.0455249143,195006.06913485608,180000.0,0.0,251435.183403411,976990.9303884392
 02/19  05:00:00,1794338.0042176226,207087.13352590945,180000.0,0.0,255796.81413591915,1018072.193957586
 02/19  06:00:00,2419400.2239758167,771074.7429065416,180000.0,0.0,336102.1329168045,1024937.9369321727
 02/19  07:00:00,2121655.6799609014,608592.5389291358,180000.0,0.0,251435.183403411,980141.7578253706
 02/19  08:00:00,2699434.3466370683,527152.1290396745,180000.0,0.0,751739.8850734635,1141955.7384296022
 02/19  09:00:00,1998455.3391636414,481738.9272383945,180000.0,0.0,251435.183403411,989594.240136165
 02/19  10:00:00,2990277.4670357956,412316.93172055495,180000.0,0.0,615759.6328246801,1701011.942648173
 02/19  11:00:00,8620054.173265591,284178.8488213679,180000.0,0.0,1667682.3389001752,6424401.659953602
 02/19  12:00:00,3649378.337186586,198921.29928731243,45000.0,0.0,1606106.375617707,1755856.5766517161
 02/19  13:00:00,2875979.162798009,158815.46767223056,0.0,0.0,1231519.2656493601,1450849.1609725375
 02/19  14:00:00,2257366.9255975597,99903.09398325525,0.0,0.0,897982.7978693249,1227585.3709497554
 02/19  15:00:00,2209527.8309075288,61831.50856022191,0.0,0.0,897982.7978693249,1217817.8616827577
 02/19  16:00:00,2248017.1027463023,56162.621233810045,0.0,0.0,918508.118963481,1238551.0940451315
 02/19  17:00:00,2624389.964617103,66517.35130259536,0.0,0.0,1162246.3069565836,1340533.7978934469
 02/19  18:00:00,4217633.6314743925,106108.97182973789,180000.0,0.0,2057663.4396891391,1766575.8087352181
 02/19  19:00:00,5570994.443018701,113187.96111612963,180000.0,0.0,3271223.0493811127,1864502.7527972814
 02/19  20:00:00,7172815.086691825,119076.68110942793,180000.0,0.0,4756743.163570653,1928520.8709490572
 02/19  21:00:00,7203528.838270759,0.0,180000.0,0.0,4931208.392870978,1828456.3259120206
 02/19  22:00:00,6472265.841256283,0.0,180000.0,0.0,4233347.475669675,1754459.7661776557
 02/19  23:00:00,3623200.207815935,0.0,180000.0,0.0,1801096.9260121891,1378239.1623159861
 02/19  24:00:00,1603704.5831849482,0.0,180000.0,0.0,251435.183403411,989594.240136165
 02/20  01:00:00,1551260.4587008525,0.0,180000.0,0.0,251435.183403411,986443.4126992335
 02/20  02:00:00,1627370.4683261903,7188.583182204382,180000.0,0.0,272217.07101124397,1034582.9515345339
 02/20  03:00:00,1617378.3462234887,27455.828682467025,180000.0,0.0,251435.183403411,1025105.4715394026
 02/20  04:00:00,1586075.454371737,44267.477981678705,180000.0,0.0,251435.183403411,976990.9303884392
 02/20  05:00:00,1692146.4583405126,56301.86591021281,180000.0,0.0,260158.4448684273,1062304.2849636641
 02/20  06:00:00,2343203.980497569,559113.7159342351,180000.0,0.0,420769.08243019803,1076035.770912838
 02/20  07:00:00,3264386.494587929,430333.68987045065,180000.0,0.0,1272569.907837672,1279996.6970768217
 02/20  08:00:00,3629255.115840238,363867.5063255153,180000.0,0.0,1585581.054523551,1401219.960896844
 02/20  09:00:00,3679959.9557326697,312985.09045179485,180000.0,0.0,1672813.669173714,1418474.2077214902
 02/20  10:00:00,3378060.6884618225,232151.59770216016,180000.0,0.0,1526570.7563778525,1358149.3745394223
 02/20  11:00:00,2323595.2952983417,197068.43197305646,135000.0,0.0,782527.8667146976,1145207.67102014
 02/20  12:00:00,2353442.8057144517,171818.09543069522,0.0,0.0,928770.7795105589,1209359.8451433473
 02/20  13:00:00,2451715.216527888,179683.69434729547,0.0,0.0,903114.128142864,1334122.125533848
 02/20  14:00:00,2296243.558443991,138779.72682968652,0.0,0.0,897982.7978693249,1227585.3709497554
 02/20  15:00:00,2766441.108335733,104205.6547780277,0.0,0.0,1060902.5340541883,1569437.256708293
 02/20  16:00:00,3817706.745043464,84020.24469979784,0.0,0.0,1580449.7242500118,2118441.507589774
 02/20  17:00:00,5011729.846782784,97301.62134852416,0.0,0.0,1708732.9810884872,3150602.735881295
 02/20  18:00:00,12584937.440639092,158950.45266175282,135000.0,0.0,1380327.8435819913,10803373.733175052
 02/20  19:00:00,7912124.33995745,91998.66836714809,180000.0,0.0,2668291.74224028,4829753.249625845
 02/20  20:00:00,8486153.81391732,101596.0042054592,180000.0,0.0,3258394.723697265,4757688.71495191
 02/20  21:00:00,9054913.719040964,0.0,180000.0,0.0,4151246.1912930505,4459803.408260153
 02/20  22:00:00,6472265.841256283,0.0,180000.0,0.0,4233347.475669675,1754459.7661776557
 02/20  23:00:00,3622296.40030762,0.0,180000.0,0.0,1801096.926012189,1377335.3548076719
 02/20  24:00:00,2562401.9629081106,0.0,180000.0,0.0,928770.7795105589,1270956.02375218
 02/21  01:00:00,2052806.0833138437,0.0,180000.0,0.0,502357.2337794681,1237066.9869361673
 02/21  02:00:00,1716866.4859260765,24612.34690202568,180000.0,0.0,292998.9586190769,1085873.3178067657
 02/21  03:00:00,1605054.273517621,60095.46969063142,180000.0,0.0,251435.183403411,980141.7578253706
 02/21  04:00:00,1623632.3863716442,81824.40998158586,180000.0,0.0,251435.183403411,976990.9303884392
 02/21  05:00:00,1634883.3653055297,96226.21635240296,180000.0,0.0,251435.183403411,973840.1029515077
 02/21  06:00:00,2122275.8174384227,609715.119863206,180000.0,0.0,251435.183403411,973840.1029515077
 02/21  07:00:00,2154164.759669782,476619.3269614945,180000.0,0.0,378435.60767350125,1017623.625231802
 02/21  08:00:00,3231690.1982548744,403552.4467987463,180000.0,0.0,1252044.586743516,1297506.5706182846
 02/21  09:00:00,4615445.989179261,321641.53313380224,180000.0,0.0,2386068.577195635,1632048.8904641524
 02/21  10:00:00,3865521.8411194393,249220.46283108546,180000.0,0.0,1892178.0383675066,1462934.3800784592
 02/21  11:00:00,3509357.815152061,189799.98453978891,180000.0,0.0,1667682.3389001752,1408084.1661216493
 02/21  12:00:00,4736860.788756237,132882.0025944092,180000.0,0.0,1436772.47659092,2943712.223941058
 02/21  13:00:00,3496510.6851515947,154214.81708063075,180000.0,0.0,1559924.403155856,1567576.196411227
 02/21  14:00:00,3124199.8069394333,125637.27725572893,180000.0,0.0,1382893.5087187602,1403773.35816972
 02/21  15:00:00,1788453.4903081385,114472.47439251345,180000.0,0.0,413072.08701988944,1049013.266100512
 02/21  16:00:00,1574041.610810595,118216.91876713902,180000.0,0.0,251435.183403411,989594.240136165
 02/21  17:00:00,2611889.7437264947,124476.77021191912,180000.0,0.0,980084.082245949,1272236.3828041493
 02/21  18:00:00,3081807.1136008054,196859.47036928154,180000.0,0.0,1154549.311546275,1443112.9204649515
 02/21  19:00:00,3349231.902714982,212165.93776905868,180000.0,0.0,1457297.7976850758,1357687.4875366692
 02/21  20:00:00,3236305.435362072,247053.01035250165,180000.0,0.0,1379045.0110136063,1241733.042933279
 02/21  21:00:00,3862717.388217961,0.0,180000.0,0.0,1421378.4857703028,1997474.782959898
 02/21  22:00:00,2530601.3286992926,0.0,180000.0,0.0,915942.4538267114,1130200.2754636277
 02/21  23:00:00,1721948.6368890079,27602.611550878057,180000.0,0.0,251435.183403411,999046.7224469592
 02/21  24:00:00,1685068.712060179,81364.12887523082,180000.0,0.0,251435.183403411,989594.240136165
 02/22  01:00:00,1665538.2899317057,114277.8312308532,180000.0,0.0,251435.183403411,986443.4126992335
 02/22  02:00:00,1679576.0422810083,131466.41101708717,180000.0,0.0,251435.183403411,983292.5852623021
 02/22  03:00:00,1687154.7713916183,142195.9675646287,180000.0,0.0,251435.183403411,980141.7578253706
 02/22  04:00:00,1697548.31519011,155740.33880005186,180000.0,0.0,251435.183403411,976990.9303884392
 02/22  05:00:00,1706631.452821883,167974.30386875608,180000.0,0.0,251435.183403411,973840.1029515077
 02/22  06:00:00,2226260.79197238,713700.0943971635,180000.0,0.0,251435.183403411,973840.1029515077
 02/22  07:00:00,2405200.1521785995,563172.4277937904,180000.0,0.0,505436.03194359154,1055105.4926382336
 02/22  08:00:00,2453888.222714831,500211.680917578,180000.0,0.0,584971.651183446,1090118.2965194792
 02/22  09:00:00,2894175.410268639,448898.8054788078,180000.0,0.0,964690.0914253319,1204899.5249788286
 02/22  10:00:00,2845008.828425642,402763.9201064389,180000.0,0.0,980084.082245949,1200971.866230867
 02/22  11:00:00,2751545.455593554,350066.27839087066,180000.0,0.0,959558.7611517931,1198129.0904604422
 02/22  12:00:00,2667164.3748912765,305539.66460751963,180000.0,0.0,928770.7795105589,1209359.8451433473
 02/22  13:00:00,2816839.109921156,277241.50126797013,45000.0,0.0,1067316.696896112,1392485.6432531928
 02/22  14:00:00,2371394.058969987,213930.22735568296,0.0,0.0,897982.7978693249,1227585.3709497554
 02/22  15:00:00,2530961.4271408855,164057.91685214365,0.0,0.0,1060902.5340541883,1274105.3134393299
 02/22  16:00:00,2777645.5206394484,131245.61703752147,0.0,0.0,1249478.9216067465,1362125.7134913004
 02/22  17:00:00,2429744.678384191,122331.70486961535,0.0,0.0,980084.082245949,1272236.3828041493
 02/22  18:00:00,2819448.425843876,114500.78261235123,0.0,0.0,1154549.311546275,1443112.9204649515
 02/22  19:00:00,8929828.750498887,57214.237963502055,0.0,0.0,2667008.909671895,6063524.923139312
 02/22  20:00:00,8645062.896668961,32888.09724204504,0.0,0.0,4382156.053602305,4041544.374761925
 02/22  21:00:00,4621671.31901861,0.0,0.0,0.0,2591321.7881371947,1766485.4113936545
 02/22  22:00:00,10809742.331933437,0.0,0.0,0.0,1580449.7242500118,8924834.008274471
 02/22  23:00:00,1514346.0253381298,0.0,0.0,0.0,251435.183403411,999046.7224469592
 02/22  24:00:00,1423704.5831849482,0.0,0.0,0.0,251435.183403411,989594.240136165
 02/23  01:00:00,1371260.4587008525,0.0,0.0,0.0,251435.183403411,986443.4126992335
 02/23  02:00:00,1368109.631263921,0.0,0.0,0.0,251435.183403411,983292.5852623021
 02/23  03:00:00,1364958.8038269896,0.0,0.0,0.0,251435.183403411,980141.7578253706
 02/23  04:00:00,1361807.9763900582,0.0,0.0,0.0,251435.183403411,976990.9303884392
 02/23  05:00:00,1407250.8706917132,0.0,0.0,0.0,255796.81413591915,1018072.1939575858
 02/23  06:00:00,1611592.5143917538,279031.81681653723,0.0,0.0,251435.183403411,973840.1029515077
 02/23  07:00:00,2219826.655020022,228834.34728216942,0.0,0.0,759436.880483772,1130069.2274510963
 02/23  08:00:00,4048947.766508628,177440.84446855838,0.0,0.0,1588146.7196603203,2184773.6082854215
 02/23  09:00:00,3095331.595086679,137498.46236017995,0.0,0.0,1497065.6073050033,1365080.537035825
 02/23  10:00:00,1885277.3307946878,93045.68494410398,0.0,0.0,615759.63282468,1095283.053183516
 02/23  11:00:00,2246280.3019796084,24801.12477692556,0.0,0.0,959558.7611517931,1198129.0904604422
 02/23  12:00:00,3154060.2283514077,0.0,0.0,0.0,928770.7795105589,2181795.363210998
 02/23  13:00:00,3275662.8958866447,0.0,0.0,0.0,903114.128142864,2337753.499239901
 02/23  14:00:00,2157463.8316143043,0.0,0.0,0.0,897982.7978693249,1227585.3709497554
 02/23  15:00:00,2147696.3223473066,0.0,0.0,0.0,897982.7978693249,1217817.8616827577
 02/23  16:00:00,1733839.5867779744,0.0,0.0,0.0,584971.651183446,1114072.6670906483
 02/23  17:00:00,1806493.6939147115,0.0,0.0,0.0,615759.6328246801,1135641.5526255541
 02/23  18:00:00,2398303.3891282417,0.0,0.0,0.0,928770.7795105589,1362247.198397385
 02/23  19:00:00,3531410.7884817505,0.0,0.0,0.0,1457297.7976850758,1932032.3110724965
 02/23  20:00:00,6677098.433078935,0.0,45000.0,0.0,4382156.053602306,2061468.008413943
 02/23  21:00:00,7203528.838270759,0.0,180000.0,0.0,4931208.392870978,1828456.3259120206
 02/23  22:00:00,6472265.841256283,0.0,180000.0,0.0,4233347.475669675,1754459.7661776557
 02/23  23:00:00,3622296.40030762,0.0,180000.0,0.0,1801096.926012189,1377335.3548076719
 02/23  24:00:00,2323198.774960634,0.0,180000.0,0.0,759436.8804837719,1201086.73483149
 02/24  01:00:00,1551260.4587008525,0.0,180000.0,0.0,251435.183403411,986443.4126992335
 02/24  02:00:00,1580764.1399606853,32654.50869676418,180000.0,0.0,251435.183403411,983292.5852623021
 02/24  03:00:00,1685697.095154876,98674.1833225109,180000.0,0.0,251435.183403411,1025105.4715394026
 02/24  04:00:00,1684967.051447589,146058.68076618738,180000.0,0.0,251435.183403411,976990.9303884392
 02/24  05:00:00,1716269.2922541283,177612.1433010015,180000.0,0.0,251435.183403411,973840.1029515077
 02/24  06:00:00,2239601.520613645,703843.9773691752,180000.0,0.0,251435.183403411,973840.1029515077
 02/24  07:00:00,2134382.667616066,595223.0752063894,180000.0,0.0,251435.183403411,980141.7578253706
 02/24  08:00:00,2935317.873797613,524132.7404394824,180000.0,0.0,918508.118963481,1193793.1803397252
 02/24  09:00:00,3465560.82858485,437240.5831332215,180000.0,0.0,964690.0914253319,1779244.3485146558
 02/24  10:00:00,3484378.5780852223,358016.1795356486,180000.0,0.0,1344408.531667218,1514965.695622654
 02/24  11:00:00,3715629.8459585984,295278.1465976274,180000.0,0.0,1136589.6555888886,2034171.5067643216
 02/24  12:00:00,3498099.551579661,233246.1941193593,180000.0,0.0,1606106.375617707,1432353.2905040882
 02/24  13:00:00,3535894.447739609,193598.57966864543,180000.0,0.0,1559924.403155856,1567576.196411227
 02/24  14:00:00,3335118.824458677,116190.06208517228,180000.0,0.0,1544530.412335239,1462502.6872430416
 02/24  15:00:00,3937041.4577413397,76250.53106645774,180000.0,0.0,2038420.9511633678,1610474.3127162904
 02/24  16:00:00,3818876.0803930475,79479.07521962757,180000.0,0.0,1915269.0245984318,1609332.7120711082
 02/24  17:00:00,2605396.9768712157,117984.00335664008,180000.0,0.0,980084.082245949,1272236.3828041493
 02/24  18:00:00,4004783.3225492695,197003.31129924016,180000.0,0.0,1831884.907653423,1685710.0866676513
 02/24  19:00:00,4887014.267100446,204002.79077311017,180000.0,0.0,2668291.74224028,1695538.660071535
 02/24  20:00:00,5475866.055281505,240020.86366723696,180000.0,0.0,3258394.723697265,1623474.1253976007
 02/24  21:00:00,5346511.681694226,0.0,180000.0,0.0,3371283.989715123,1554560.4181605973
 02/24  22:00:00,4878381.594437014,0.0,180000.0,0.0,2909464.2650966127,1504755.9698920446
 02/24  23:00:00,3188158.555496715,64795.47942925026,180000.0,0.0,1413681.4903599946,1283215.1004716507
 02/24  24:00:00,2202729.1563685527,130331.99219002231,180000.0,0.0,590102.981456985,1131217.4459108002
 02/25  01:00:00,1726538.0995981,175277.64089724745,180000.0,0.0,251435.183403411,986443.4126992335
 02/25  02:00:00,1746526.1465951959,198416.51533127466,180000.0,0.0,251435.183403411,983292.5852623021
 02/25  03:00:00,1759292.9427123223,217233.74459398916,180000.0,0.0,251435.183403411,980141.7578253706
 02/25  04:00:00,1787277.4073945903,228694.8685268988,180000.0,0.0,251435.183403411,996665.0985747288
 02/25  05:00:00,3385106.095408856,230747.92993998813,180000.0,0.0,255796.81413591915,2585179.4887347408
 02/25  06:00:00,3181760.9673227035,800129.0335542888,180000.0,0.0,420769.08243019803,1650380.5944486652
 02/25  07:00:00,6596445.444701954,602081.5990522549,180000.0,0.0,1272569.907837672,4414211.286631132
 02/25  08:00:00,6068298.687830605,522898.9649181626,180000.0,0.0,918508.118963481,4328007.769894035
 02/25  09:00:00,4904470.392242063,465753.5814909944,180000.0,0.0,964690.0914253319,3189640.913814095
 02/25  10:00:00,2848752.473807708,400708.35407119093,180000.0,0.0,980084.082245949,1200971.866230867
 02/25  11:00:00,3612304.981013302,286947.9389837166,180000.0,0.0,1667682.3389001752,1408084.1661216493
 02/25  12:00:00,4019824.3775331476,180626.19653701838,180000.0,0.0,1606106.375617707,2006698.1140399151
 02/25  13:00:00,3690239.7396721966,138735.04774848276,180000.0,0.0,1559924.403155856,1776785.020263977
 02/25  14:00:00,3286664.3602242963,67735.59785079217,180000.0,0.0,1544530.412335239,1462502.6872430416
 02/25  15:00:00,3231402.0207463223,26876.946633274936,180000.0,0.0,1549661.742608778,1442967.668709046
 02/25  16:00:00,3306921.541069935,25976.215378574037,180000.0,0.0,1580449.7242500118,1485700.3329374692
 02/25  17:00:00,3036279.725262968,47947.47214852803,180000.0,0.0,1344408.531667218,1408831.2129827444
 02/25  18:00:00,3009605.1849034242,121757.9359632433,180000.0,0.0,1154549.311546275,1443112.9204649515
 02/25  19:00:00,2892964.305952814,144385.874817923,180000.0,0.0,1157114.9766830443,1272282.380436325
 02/25  20:00:00,5381018.908023244,145173.71640897726,180000.0,0.0,3258394.723697265,1623474.1253976007
 02/25  21:00:00,5346511.681694226,0.0,180000.0,0.0,3371283.989715123,1554560.4181605973
 02/25  22:00:00,4878381.594437014,0.0,180000.0,0.0,2909464.2650966127,1504755.9698920446
 02/25  23:00:00,2641827.3860792494,0.0,180000.0,0.0,1026266.0547078002,1189094.8461356298
 02/25  24:00:00,1739183.6181889502,27004.70688157648,180000.0,0.0,336102.1329168045,1025000.0415798238
 02/26  01:00:00,1693917.8562990353,80018.70953539986,180000.0,0.0,282736.29807199887,1017780.9860934287
 02/26  02:00:00,1662054.8023856604,113945.17112173943,180000.0,0.0,251435.183403411,983292.5852623021
 02/26  03:00:00,1681383.0240505463,136424.2202235568,180000.0,0.0,251435.183403411,980141.7578253706
 02/26  04:00:00,1698019.0309114177,156211.0545213593,180000.0,0.0,251435.183403411,976990.9303884392
 02/26  05:00:00,1813091.2262355955,177246.6338052959,180000.0,0.0,260158.4448684273,1062304.2849636641
 02/26  06:00:00,2508779.4162104363,724689.1516471023,180000.0,0.0,420769.08243019803,1076035.770912838
 02/26  07:00:00,2100828.110369662,587764.969337896,180000.0,0.0,251435.183403411,980141.7578253706
 02/26  08:00:00,2892669.32197141,501781.42857387546,180000.0,0.0,918508.118963481,1193793.1803397252
 02/26  09:00:00,2859631.19204357,414354.5872537389,180000.0,0.0,964690.0914253319,1204899.5249788286
 02/26  10:00:00,2762306.3582015396,320061.44988233596,180000.0,0.0,980084.082245949,1200971.866230867
 02/26  11:00:00,2621019.191239808,219540.01403712534,180000.0,0.0,959558.7611517931,1198129.0904604422
 02/26  12:00:00,2504885.017746138,143260.30746238097,180000.0,0.0,928770.7795105589,1209359.8451433473
 02/26  13:00:00,2522422.9852044997,115391.46302390721,135000.0,0.0,903114.128142864,1334122.125533848
 02/26  14:00:00,2216951.3113915017,59487.479777197506,0.0,0.0,897982.7978693249,1227585.3709497554
 02/26  15:00:00,2170741.200049294,23044.87770198794,0.0,0.0,897982.7978693249,1217817.8616827577
 02/26  16:00:00,2211993.88288707,20139.40137457763,0.0,0.0,918508.118963481,1238551.0940451315
 02/26  17:00:00,1931649.6810404907,35155.98712577931,90000.0,0.0,615759.63282468,1135641.5526255544
 02/26  18:00:00,4501803.620003173,88692.36666523262,180000.0,0.0,702992.2474748429,3422833.5946428003
 02/26  19:00:00,3508435.9332736274,110446.60374730763,180000.0,0.0,1457297.7976850758,1618610.8521170653
 02/26  20:00:00,4551192.044307588,136939.82178077003,180000.0,0.0,1754914.953550338,2290862.8979137945
 02/26  21:00:00,8840323.239569273,0.0,180000.0,0.0,2981302.888926159,5415156.2311553545
 02/26  22:00:00,6779207.588130197,0.0,180000.0,0.0,2909464.2650966127,3385284.723624631
 02/26  23:00:00,2659225.0203311895,0.0,180000.0,0.0,1026266.0547078002,1189094.8461356298
 02/26  24:00:00,1843850.0850990526,0.0,180000.0,0.0,420769.082430198,1060405.8430234827
 02/27  01:00:00,1551260.4587008525,0.0,180000.0,0.0,251435.183403411,986443.4126992335
 02/27  02:00:00,1584789.8055635914,36680.17429967035,180000.0,0.0,251435.183403411,983292.5852623021
 02/27  03:00:00,1615753.7378308869,70794.93400389729,180000.0,0.0,251435.183403411,980141.7578253706
 02/27  04:00:00,1628339.3804787614,86531.40408870333,180000.0,0.0,251435.183403411,976990.9303884392
 02/27  05:00:00,1639421.9559135519,100764.80696042527,180000.0,0.0,251435.183403411,973840.1029515077
 02/27  06:00:00,2194357.5396658434,613914.4503435977,180000.0,0.0,293768.6581601078,999389.0199418403
 02/27  07:00:00,3058625.1561078974,477770.316510739,180000.0,0.0,632436.4562136817,1666932.1835804922
 02/27  08:00:00,5269019.622643757,394226.28280077974,180000.0,0.0,1418812.8206335334,3177393.9251151155
 02/27  09:00:00,2822601.131519731,377324.5267298997,180000.0,0.0,964690.0914253319,1204899.5249788286
 02/27  10:00:00,2783934.379182449,341689.4708632453,180000.0,0.0,980084.082245949,1200971.866230867
 02/27  11:00:00,2667384.7255755574,310905.5483728744,135000.0,0.0,959558.7611517931,1198129.0904604422
 02/27  12:00:00,2445752.216009968,264127.50572621106,0.0,0.0,928770.7795105589,1209359.8451433473
 02/27  13:00:00,2507764.180602031,235732.65842143845,0.0,0.0,903114.128142864,1334122.125533848
 02/27  14:00:00,2334199.848844368,176736.01723006385,0.0,0.0,897982.7978693249,1227585.3709497554
 02/27  15:00:00,1403012.9796932787,126937.06592154758,0.0,0.0,251435.183403411,992745.0675730964
 02/27  16:00:00,1394098.0058387367,118273.31379528047,0.0,0.0,251435.183403411,989594.240136165
 02/27  17:00:00,1418283.5922447178,112709.17792987029,0.0,0.0,251435.183403411,999046.7224469592
 02/27  18:00:00,4668906.3256806545,90207.13356869276,0.0,0.0,1380327.843581991,3091085.937309673
 02/27  19:00:00,4596810.210093295,90899.12805730212,0.0,0.0,2668291.74224028,1695538.660071535
 02/27  20:00:00,5170620.652302926,100277.43214537512,0.0,0.0,3258394.723697265,1623474.1253976007
 02/27  21:00:00,7023528.838270759,0.0,0.0,0.0,4931208.392870978,1828456.3259120206
 02/27  22:00:00,6292265.841256283,0.0,0.0,0.0,4233347.475669675,1754459.7661776557
 02/27  23:00:00,3924735.8978041504,0.0,0.0,0.0,2188512.3616643837,1472359.4166520073
 02/27  24:00:00,1903995.5870131573,0.0,0.0,0.0,590102.981456985,1131217.4459108002
 02/28  01:00:00,1711815.2109519849,0.0,90000.0,0.0,376639.64207776263,1111793.706276014
 02/28  02:00:00,1692254.139024051,0.0,180000.0,0.0,292998.9586190769,1085873.3178067657
 02/28  03:00:00,1634886.2312550535,0.0,180000.0,0.0,251435.183403411,1070069.1852534343
 02/28  04:00:00,1623670.0679013715,3165.4187661544183,180000.0,0.0,251435.183403411,1055687.6031335979
 02/28  05:00:00,1570152.571737501,31495.42278437423,180000.0,0.0,251435.183403411,973840.1029515077
 02/28  06:00:00,2627927.7970832842,526085.0790819693,180000.0,0.0,336102.1329168045,1478455.1738642121
 02/28  07:00:00,18506598.075892944,463429.0063894667,180000.0,0.0,759436.880483772,17002245.989216723
 02/28  08:00:00,11391421.089330308,381927.0548337837,180000.0,0.0,1252044.586743516,9478862.85365868
 02/28  09:00:00,3685999.3947954997,319024.5295146246,180000.0,0.0,1672813.669173714,1418474.2077214902
 02/28  10:00:00,4601366.933133574,277552.87469960726,180000.0,0.0,2442513.210204564,1620111.8883870149
 02/28  11:00:00,4480148.682367487,242512.19834562598,180000.0,0.0,2375805.916648557,1618039.241782857
 02/28  12:00:00,4364822.336587731,204424.1713014513,180000.0,0.0,2283441.9717248552,1653462.1079315734
 02/28  13:00:00,3324989.1949200314,205259.41332166022,180000.0,0.0,1395721.8344026082,1509212.6786918824
 02/28  14:00:00,2352971.8372522215,150508.00563791717,45000.0,0.0,897982.7978693249,1227585.3709497554
 02/28  15:00:00,2255359.840049435,107663.51770212853,0.0,0.0,897982.7978693249,1217817.8616827577
 02/28  16:00:00,2402856.636703103,76002.15519060989,135000.0,0.0,918508.118963481,1238551.0940451315
 02/28  17:00:00,2564462.263625392,77049.29011081674,180000.0,0.0,980084.082245949,1272236.3828041493
 02/28  18:00:00,3012514.437504953,127566.79427342874,180000.0,0.0,1154549.311546275,1443112.9204649515
 02/28  19:00:00,4248051.881144245,138550.39813067103,180000.0,0.0,1457297.7976850758,2330123.00560432
 02/28  20:00:00,5514738.5408032155,165027.2047888041,180000.0,0.0,2506654.8386238017,2474582.126327925
 02/28  21:00:00,5828163.6050903,0.0,180000.0,0.0,3761265.0905040866,1623034.3950984534
 02/28  22:00:00,4898678.834397611,0.0,180000.0,0.0,2909464.2650966127,1504755.9698920446
 02/28  23:00:00,3140760.7103194045,0.0,180000.0,0.0,1413681.4903599946,1283215.1004716507
 02/28  24:00:00,2090946.4255025878,6950.83848943049,180000.0,0.0,590102.981456985,1131217.4459108002
 03/01  01:00:00,1775984.4472836193,50829.8957640078,180000.0,0.0,376639.64207776263,1063146.4213272738
 03/01  02:00:00,1643293.9977310298,86553.80653153069,180000.0,0.0,251435.183403411,1019936.5196815131
 03/01  03:00:00,1662997.6482008859,110347.87250034935,180000.0,0.0,251435.183403411,1015846.1041825507
 03/01  04:00:00,1673224.3542932025,124664.9940916287,180000.0,0.0,251435.183403411,1011755.6886835882
 03/01  05:00:00,1678534.9046966266,134065.95999401473,180000.0,0.0,251435.183403411,1007665.2731846257
 03/01  06:00:00,2186501.6025861376,662648.2316450732,180000.0,0.0,251435.183403411,1007665.2731846257
 03/01  07:00:00,2590762.2181970114,512658.77021597786,180000.0,0.0,744042.889663155,1073888.882578528
 03/01  08:00:00,3458249.1175166904,419633.29027274234,180000.0,0.0,1549661.742608778,1231073.0282026583
 03/01  09:00:00,3047362.0998762725,327393.507772572,180000.0,0.0,1272569.907837672,1191808.2471403547
 03/01  10:00:00,3237187.4591295104,216887.12711781144,90000.0,0.0,1626631.6967118632,1239531.294708355
 03/01  11:00:00,2221664.332023315,121855.32839794357,0.0,0.0,918508.118963481,1130907.259911442
 03/01  12:00:00,2100937.3173709265,38604.503785009496,0.0,0.0,887720.1373222469,1140253.3866610916
 03/01  13:00:00,2160560.015447088,713.5264612814061,0.0,0.0,867194.8162280911,1265164.2410756527
 03/01  14:00:00,2365176.6392376227,0.0,0.0,0.0,1013437.7290239525,1326542.097838446
 03/01  15:00:00,18948791.982269365,0.0,0.0,0.0,1316186.2151627534,17607408.95473139
 03/01  16:00:00,9233989.236677453,2285.772450425946,16769.489329585736,0.0,867194.8162280911,8320251.726987288
 03/01  17:00:00,2143330.902710272,0.0,0.0,0.0,903114.128142864,1196695.0077374745
 03/01  18:00:00,2461969.950244234,0.0,0.0,0.0,1016003.3941607219,1361213.6417304843
 03/01  19:00:00,3534009.4331242098,0.0,0.0,0.0,1993521.8112699012,1428247.2758192178
 03/01  20:00:00,5525690.158128061,0.0,0.0,0.0,3821558.2212181706,1555241.6819653823
 03/01  21:00:00,6454629.3980946895,0.0,0.0,0.0,4725955.18192942,1520227.8592429587
 03/01  22:00:00,5434136.653002847,0.0,0.0,0.0,3802315.732692399,1391305.893092397
 03/01  23:00:00,3673627.958598436,0.0,0.0,0.0,1949905.5039448203,1515276.0977313048
 03/01  24:00:00,2641153.487322352,0.0,0.0,0.0,759436.8804837719,1737407.5905077495
 03/02  01:00:00,17915350.163953867,0.0,0.0,0.0,376639.64207776263,17433342.03376153
 03/02  02:00:00,8667646.642944781,0.0,135000.0,0.0,251435.183403411,8175842.971426794
 03/02  03:00:00,1552649.7757005366,0.0,180000.0,0.0,251435.183403411,1015846.1041825507
 03/02  04:00:00,1548559.360201574,0.0,180000.0,0.0,251435.183403411,1011755.6886835882
 03/02  05:00:00,1544468.9447026118,0.0,180000.0,0.0,251435.183403411,1007665.2731846257
 03/02  06:00:00,1841228.6214377263,317375.25049666193,180000.0,0.0,251435.183403411,1007665.2731846257
 03/02  07:00:00,2622983.5335041224,266950.67160014523,180000.0,0.0,992912.4079297965,1102948.7782348301
 03/02  08:00:00,2910373.5633325744,248075.8991455134,180000.0,0.0,1225105.1028074361,1179311.5049471126
 03/02  09:00:00,2557202.5308325086,229862.83059714493,180000.0,0.0,933902.109784098,1137847.1533255922
 03/02  10:00:00,2505658.2629185994,187797.8585255844,180000.0,0.0,939033.4400576369,1134689.6237438978
 03/02  11:00:00,2416601.321600538,136792.3179751664,180000.0,0.0,918508.118963481,1130907.259911442
 03/02  12:00:00,1924524.1982265105,103447.08734031899,135000.0,0.0,569577.660362829,1082140.1609207836
 03/02  13:00:00,1511862.284824167,92731.90356029215,0.0,0.0,251435.183403411,1140207.7661784007
 03/02  14:00:00,1352264.5137310848,43424.75177404862,0.0,0.0,251435.183403411,1032207.7661784007
 03/02  15:00:00,1332616.256401435,23776.494444399043,0.0,0.0,251435.183403411,1032207.7661784007
 03/02  16:00:00,2431641.200153101,17551.902681021114,0.0,0.0,559314.9998157511,1827286.8659742654
 03/02  17:00:00,2315011.901273211,36680.998562939094,135000.0,0.0,903114.128142864,1196695.0077374745
 03/02  18:00:00,3215351.1102083456,93730.66435630285,180000.0,0.0,1398287.4995393774,1458580.0319596375
 03/02  19:00:00,5161982.0458831135,90074.14183449888,180000.0,0.0,1993521.8112699012,2786145.7467436222
 03/02  20:00:00,5603619.055863731,119270.75142842394,180000.0,0.0,2847888.3018141454,2307569.7476766533
 03/02  21:00:00,5809804.407016473,0.0,180000.0,0.0,3979346.627129495,1442011.4229646674
 03/02  22:00:00,6391169.046738184,0.0,180000.0,0.0,4510439.310440781,1460214.709079352
 03/02  23:00:00,4025577.3382513165,0.0,180000.0,0.0,2373240.2515117875,1263890.7298172174
 03/02  24:00:00,2188412.3126700474,0.0,180000.0,0.0,759436.8804837719,1104666.4158554445
 03/03  01:00:00,1725154.5515196114,0.0,180000.0,0.0,376639.64207776263,1063146.4213272738
 03/03  02:00:00,1651997.745932415,33497.58561963165,180000.0,0.0,292998.9586190769,1040132.7135791318
 03/03  03:00:00,1630629.938320213,69112.66311203926,180000.0,0.0,251435.183403411,1027004.2229970263
 03/03  04:00:00,1646046.5113947205,99777.77049998518,180000.0,0.0,251435.183403411,1011755.6886835882
 03/03  05:00:00,1652555.2320337337,108086.28733112187,180000.0,0.0,251435.183403411,1007665.2731846257
 03/03  06:00:00,2147200.558314368,605022.2329185952,180000.0,0.0,251435.183403411,1007665.2731846257
 03/03  07:00:00,2035549.3608377327,487480.82375087327,180000.0,0.0,251435.183403411,1015846.1041825507
 03/03  08:00:00,1981873.5685487965,432496.05838452774,180000.0,0.0,251435.183403411,1024026.9351804757
 03/03  09:00:00,3503178.303175262,383708.96128270985,180000.0,0.0,1611237.705891246,1245769.3409551173
 03/03  10:00:00,2685406.6810682826,362965.0380615902,180000.0,0.0,939033.4400576369,1134689.6237438978
 03/03  11:00:00,1865225.1573306122,354788.1753825992,180000.0,0.0,251435.183403411,1024026.9351804757
 03/03  12:00:00,1830689.949907713,338577.9224144088,180000.0,0.0,251435.183403411,1024026.9351804757
 03/03  13:00:00,2668203.648062652,328357.1590768454,180000.0,0.0,867194.8162280911,1265164.2410756527
 03/03  14:00:00,2633972.4619894493,270942.47235771315,135000.0,0.0,1013437.7290239525,1189395.448232559
 03/03  15:00:00,2988377.8560327375,229378.96297078137,0.0,0.0,1467560.458232154,1266241.622454578
 03/03  16:00:00,3016481.027618331,207196.54917892255,0.0,0.0,1482954.449052771,1298842.5977045742
 03/03  17:00:00,3138739.2623413582,184022.27615694772,0.0,0.0,1559924.403155856,1351270.8161986214
 03/03  18:00:00,3588192.518082818,164630.95731612743,0.0,0.0,1780571.604918033,1555946.422188791
 03/03  19:00:00,4271484.819184781,138716.80210580816,0.0,0.0,2491260.8478031843,1531557.4425475365
 03/03  20:00:00,6009908.323370929,125968.54971572381,0.0,0.0,4146114.861019512,1600387.7542253777
 03/03  21:00:00,5611479.452561766,0.0,0.0,0.0,3979346.6271294947,1442011.4229646674
 03/03  22:00:00,4042375.6727558486,0.0,180000.0,0.0,2383502.912058865,1254392.068626801
 03/03  23:00:00,2602973.6954379594,0.0,180000.0,0.0,1098104.678537346,1130166.3758193334
 03/03  24:00:00,1594699.0731863258,0.0,180000.0,0.0,251435.183403411,1028117.3506794382
 03/04  01:00:00,1610094.950883643,49264.344185181246,180000.0,0.0,251435.183403411,1024026.9351804757
 03/04  02:00:00,1658658.8014515243,101918.61025202501,180000.0,0.0,251435.183403411,1019936.5196815131
 03/04  03:00:00,1679744.798650427,129385.64225672916,180000.0,0.0,251435.183403411,1015846.1041825507
 03/04  04:00:00,1687579.2840394909,141310.54314475562,180000.0,0.0,251435.183403411,1011755.6886835882
 03/04  05:00:00,4456116.360983555,126165.5926090703,180000.0,0.0,258619.04578636558,3785963.234473545
 03/04  06:00:00,4132966.4627755336,631920.7068475571,180000.0,0.0,414098.35307459725,2803869.5340456422
 03/04  07:00:00,2619892.600025465,521173.5782828841,180000.0,0.0,744042.889663155,1073888.882578528
 03/04  08:00:00,2748176.7579823057,447863.28579103056,180000.0,0.0,897982.7978693249,1128415.282741568
 03/04  09:00:00,2710307.4393105214,376095.88115464174,180000.0,0.0,933902.109784098,1137847.1533255922
 03/04  10:00:00,2612337.983257222,289896.34025053,180000.0,0.0,939033.4400576369,1134689.6237438978
 03/04  11:00:00,2289647.4735765746,198745.5464102845,180000.0,0.0,751739.8850734635,1104187.1787287004
 03/04  12:00:00,3119408.014314898,124157.8039559458,180000.0,0.0,1524005.0912410829,1254595.210208452
 03/04  13:00:00,3129857.7463753484,96102.76468423897,135000.0,0.0,1482954.449052771,1388313.1009562756
 03/04  14:00:00,4755023.321349004,24580.134646676706,0.0,0.0,1620217.5338699392,3085028.8404571638
 03/04  15:00:00,4973308.4437151225,0.0,0.0,0.0,1925531.68514551,3022579.9461943884
 03/04  16:00:00,18205958.773729697,25473.567221596415,0.0,0.0,1482954.449052771,16670043.325773267
 03/04  17:00:00,3569504.0958858584,13212.661329089628,90000.0,0.0,1559924.403155856,1862845.2645709794
 03/04  18:00:00,4625703.105340967,62840.5533586603,180000.0,0.0,2545139.815675344,1750679.2026470974
 03/04  19:00:00,5279691.541872126,65349.71990074987,180000.0,0.0,3237869.402603109,1686522.692640014
 03/04  20:00:00,6146177.3113807,82237.53772549485,180000.0,0.0,4146114.861019512,1600387.7542253777
 03/04  21:00:00,8435827.426350392,0.0,180000.0,0.0,4725955.18192942,3339750.841953369
 03/04  22:00:00,5303691.266201191,0.0,180000.0,0.0,3448253.943818208,1450956.6303128016
 03/04  23:00:00,3544552.299488441,0.0,180000.0,0.0,1949905.5039448203,1219944.1544623415
 03/04  24:00:00,1594699.0731863258,0.0,180000.0,0.0,251435.183403411,1028117.3506794382
 03/05  01:00:00,1560830.6066984618,0.0,180000.0,0.0,251435.183403411,1024026.9351804757
 03/05  02:00:00,1587302.0669899646,30561.875790465478,180000.0,0.0,251435.183403411,1019936.5196815131
 03/05  03:00:00,1621939.6747908206,69289.89909028381,180000.0,0.0,251435.183403411,1015846.1041825507
 03/05  04:00:00,1646207.409767827,97648.04956625312,180000.0,0.0,251435.183403411,1011755.6886835882
 03/05  05:00:00,1669480.7120110686,120715.07044644942,180000.0,0.0,253231.14899914968,1010166.0044508945
 03/05  06:00:00,2444480.4412509226,647787.8620528055,180000.0,0.0,494403.6718554827,1037535.9929896068
 03/05  07:00:00,2879740.4825944225,523707.62069044507,180000.0,0.0,992912.4079297965,1102948.7782348301
 03/05  08:00:00,3470621.3623137455,432005.535069797,180000.0,0.0,1549661.742608778,1231073.0282026583
 03/05  09:00:00,3458839.5133133954,346242.0293413586,180000.0,0.0,1611237.705891246,1245769.3409551173
 03/05  10:00:00,2775952.630334366,259982.2440366804,180000.0,0.0,1110933.0042211935,1160900.041485012
 03/05  11:00:00,2445368.6469116127,166011.5470403981,180000.0,0.0,918508.1189634809,1130455.356157285
 03/05  12:00:00,1462184.0371425431,107362.62895607752,45000.0,0.0,251435.183403411,1024026.9351804757
 03/05  13:00:00,1504218.495377657,85088.1141137823,0.0,0.0,251435.183403411,1140207.7661784007
 03/05  14:00:00,1337674.3004530233,28834.53849598719,0.0,0.0,251435.183403411,1032207.7661784007
 03/05  15:00:00,1322400.2722138285,13560.510256792571,0.0,0.0,251435.183403411,1032207.7661784007
 03/05  16:00:00,1326216.7085534385,19176.742788526237,0.0,0.0,251435.183403411,1028117.3506794382
 03/05  17:00:00,1419098.3405266092,38752.79311693922,45000.0,0.0,251435.183403411,1040388.5971763257
 03/05  18:00:00,1783691.1812114564,102752.82428284199,180000.0,0.0,251435.183403411,1164750.2591721758
 03/05  19:00:00,1737452.93367829,128846.31406968755,180000.0,0.0,251435.183403411,1064931.0901701008
 03/05  20:00:00,4045324.673613606,153330.54406040246,180000.0,0.0,900548.4630060946,2662555.411602601
 03/05  21:00:00,4988410.3821250275,0.0,180000.0,0.0,3235303.73746634,1364660.2877363772
 03/05  22:00:00,4837104.25926751,0.0,180000.0,0.0,3094192.1549440166,1322397.0771054418
 03/05  23:00:00,2616717.4112789906,0.0,180000.0,0.0,1098104.678537346,1130166.3758193334
 03/05  24:00:00,1603861.5504136803,0.0,180000.0,0.0,251435.183403411,1028117.3506794382
 03/06  01:00:00,1595501.7385105172,34671.1318120553,180000.0,0.0,251435.183403411,1024026.9351804757
 03/06  02:00:00,1632065.8136091144,75325.62240961536,180000.0,0.0,251435.183403411,1019936.5196815131
 03/06  03:00:00,1659785.0887610083,107135.31306047169,180000.0,0.0,251435.183403411,1015846.1041825507
 03/06  04:00:00,1676960.6891395967,128401.32893802285,180000.0,0.0,251435.183403411,1011755.6886835882
 03/06  05:00:00,1704099.9173324509,142444.1851818097,180000.0,0.0,258619.04578636558,1017668.198249701
 03/06  06:00:00,2378901.142557047,672496.4597136846,180000.0,0.0,414098.35307459725,1027553.4154157375
 03/06  07:00:00,4867615.068325515,509094.7950700276,180000.0,0.0,868477.6487964757,3229870.948719661
 03/06  08:00:00,5846682.331544266,428188.6049465525,180000.0,0.0,897982.7978693249,4262629.872295877
 03/06  09:00:00,3528315.4048517304,365159.02894697123,180000.0,0.0,933902.109784098,1973663.8289949875
 03/06  10:00:00,2003907.5435426028,281675.03643860173,180000.0,0.0,423334.74756696745,1054760.418945553
 03/06  11:00:00,1554133.3648012956,183277.6214669598,45000.0,0.0,251435.183403411,1024026.9351804757
 03/06  12:00:00,1418155.4413755008,108334.03318903528,0.0,0.0,251435.183403411,1024026.9351804757
 03/06  13:00:00,2215808.7250191374,55962.236033330635,0.0,0.0,867194.8162280911,1265164.2410756527
 03/06  14:00:00,2062308.7651082894,16729.03195345972,0.0,0.0,862063.485954552,1158319.434825053
 03/06  15:00:00,1490977.0215064222,0.0,0.0,0.0,404092.25904119626,1061687.9500900013
 03/06  16:00:00,1683033.7444585366,0.0,0.0,0.0,559314.9998157511,1096231.3129607227
 03/06  17:00:00,1537341.8862348204,0.0,0.0,0.0,414354.91958827426,1079465.199816613
 03/06  18:00:00,3995615.764995679,0.0,0.0,0.0,1780571.604918033,2130291.2457246184
 03/06  19:00:00,7013156.658991905,0.0,0.0,0.0,2988999.8843364674,3911916.4286203473
 03/06  20:00:00,7934206.5039447555,0.0,0.0,0.0,4146114.861019512,3639201.387980735
 03/06  21:00:00,6454629.3980946895,0.0,0.0,0.0,4725955.18192942,1520227.8592429587
 03/06  22:00:00,6256169.046738184,0.0,45000.0,0.0,4510439.310440781,1460214.709079352
 03/06  23:00:00,4492858.66117316,0.0,180000.0,0.0,2796574.9990787553,1307837.3051720937
 03/06  24:00:00,2383288.237727712,0.0,180000.0,0.0,928770.7795105589,1130208.4418863223
 03/07  01:00:00,1807611.5969021767,0.0,180000.0,0.0,439498.43792861537,1082744.6708589862
 03/07  02:00:00,1556740.1911994992,0.0,180000.0,0.0,251435.183403411,1019936.5196815131
 03/07  03:00:00,1552649.7757005366,0.0,180000.0,0.0,251435.183403411,1015846.1041825507
 03/07  04:00:00,1548559.360201574,0.0,180000.0,0.0,251435.183403411,1011755.6886835882
 03/07  05:00:00,1581507.7819344343,37038.83723182265,180000.0,0.0,251435.183403411,1007665.2731846257
 03/07  06:00:00,2260041.0849782187,553636.4021348562,180000.0,0.0,414098.35307459725,1027553.4154157375
 03/07  07:00:00,2934154.456902204,440910.8775884535,180000.0,0.0,1116064.3344947326,1117007.5690796673
 03/07  08:00:00,3618370.8236016724,392021.00585097226,180000.0,0.0,1711298.6462252566,1257170.1150929315
 03/07  09:00:00,2695483.7280334383,368144.02779807465,180000.0,0.0,933902.109784098,1137847.1533255922
 03/07  10:00:00,2615111.71285116,297251.30845814495,180000.0,0.0,939033.4400576369,1134689.6237438978
 03/07  11:00:00,2496471.0935778716,216662.0899524994,180000.0,0.0,918508.118963481,1130907.259911442
 03/07  12:00:00,2769340.7412738358,151694.53895482066,180000.0,0.0,1205862.6142816648,1197424.2984347718
 03/07  13:00:00,2294472.9366373466,139805.4745820228,180000.0,0.0,713254.9080219211,1233925.1223513396
 03/07  14:00:00,1584234.3672869678,95394.6053299319,180000.0,0.0,251435.183403411,1032207.7661784007
 03/07  15:00:00,1564250.6728256003,75410.91086856418,180000.0,0.0,251435.183403411,1032207.7661784007
 03/07  16:00:00,5030964.57133533,54928.17182842176,180000.0,0.0,713254.9080219212,4055294.059802924
 03/07  17:00:00,3898928.266320347,79291.51851321294,180000.0,0.0,1395721.834402608,2200393.1465745927
 03/07  18:00:00,4229385.301366743,148463.8642990829,180000.0,0.0,2162855.7102966886,1653312.8124179442
 03/07  19:00:00,5371237.127600744,154604.68632253102,180000.0,0.0,3237869.402603109,1686522.692640014
 03/07  20:00:00,6266125.322166761,190732.4519773625,180000.0,0.0,4146114.861019512,1600387.7542253777
 03/07  21:00:00,6634629.3980946895,0.0,180000.0,0.0,4725955.18192942,1520227.8592429587
 03/07  22:00:00,4837104.25926751,0.0,180000.0,0.0,3094192.1549440166,1322397.0771054418
 03/07  23:00:00,3336032.030831817,13130.666514964769,180000.0,0.0,1736955.297592952,1197499.7098015896
 03/07  24:00:00,2080030.2720124633,86493.88440008047,180000.0,0.0,590102.981456985,1079124.389824567
 03/08  01:00:00,1702310.3728032147,141479.76610475298,180000.0,0.0,251435.183403411,1024026.9351804757
 03/08  02:00:00,1733197.0592390946,176456.86803959543,180000.0,0.0,251435.183403411,1019936.5196815131
 03/08  03:00:00,1745192.5884189499,192542.81271841348,180000.0,0.0,251435.183403411,1015846.1041825507
 03/08  04:00:00,1753966.6109974948,205407.250795921,180000.0,0.0,251435.183403411,1011755.6886835882
 03/08  05:00:00,1767185.8301728584,222716.88547024655,180000.0,0.0,251435.183403411,1007665.2731846257
 03/08  06:00:00,2303949.5311053097,780096.1601642456,180000.0,0.0,251435.183403411,1007665.2731846257
 03/08  07:00:00,2153691.6863452643,626238.7230199523,180000.0,0.0,251435.183403411,1015846.1041825507
 03/08  08:00:00,2633726.55564018,537181.409103527,180000.0,0.0,736345.8942528465,1102318.195851295
 03/08  09:00:00,2008798.561042303,473655.5898337804,180000.0,0.0,251435.183403411,1028117.3506794382
 03/08  10:00:00,1929193.3751209062,405503.5004465765,180000.0,0.0,251435.183403411,1028117.3506794382
 03/08  11:00:00,1829549.923015852,323694.17968151637,180000.0,0.0,251435.183403411,1024026.9351804757
 03/08  12:00:00,2123212.171199098,257135.06031290707,180000.0,0.0,569577.660362829,1082140.1609207836
 03/08  13:00:00,2547191.124110979,207344.63512517206,180000.0,0.0,867194.8162280911,1265164.2410756527
 03/08  14:00:00,2351218.8202576516,125639.08710282209,180000.0,0.0,862063.485954552,1158319.434825053
 03/08  15:00:00,2303570.302524719,86181.50237013865,180000.0,0.0,862063.485954552,1150128.5018248037
 03/08  16:00:00,3062613.154241746,73328.67580233769,180000.0,0.0,1482954.449052771,1298842.5977045742
 03/08  17:00:00,3224712.9617765183,89995.97559210804,180000.0,0.0,1559924.403155856,1351270.8161986214
 03/08  18:00:00,5914766.133845727,140659.0081440634,180000.0,0.0,1780571.604918033,3728782.6064306023
 03/08  19:00:00,6945236.745256492,160833.5237325813,180000.0,0.0,2242391.3295365428,4249771.545952277
 03/08  20:00:00,5910378.611530952,204688.45340289117,180000.0,0.0,3821558.2212181706,1555241.6819653823
 03/08  21:00:00,7136539.19009293,0.0,180000.0,0.0,4725955.18192942,2022137.6512411986
 03/08  22:00:00,7414230.028078747,0.0,180000.0,0.0,4156377.52156659,2837337.479294106
 03/08  23:00:00,3805420.275569061,13483.598778666183,180000.0,0.0,2161572.877728304,1241917.4421397795
 03/08  24:00:00,1694012.1449019937,90150.59448831336,180000.0,0.0,251435.183403411,1028117.3506794382
 03/09  01:00:00,1703630.5025582244,142799.89585976274,180000.0,0.0,251435.183403411,1024026.9351804757
 03/09  02:00:00,1735038.361063437,178298.16986393774,180000.0,0.0,251435.183403411,1019936.5196815131
 03/09  03:00:00,1754173.5041703323,201523.72846979584,180000.0,0.0,251435.183403411,1015846.1041825507
 03/09  04:00:00,1766579.696395012,218020.33619343818,180000.0,0.0,251435.183403411,1011755.6886835882
 03/09  05:00:00,1775670.7574026226,231201.81270001078,180000.0,0.0,251435.183403411,1007665.2731846257
 03/09  06:00:00,2405738.384102019,790609.3572098059,180000.0,0.0,332766.76823900413,1017609.3443001816
 03/09  07:00:00,2713239.364604905,635135.9166238714,180000.0,0.0,744042.889663155,1073888.882578528
 03/09  08:00:00,3020017.5769749163,547154.2673813761,180000.0,0.0,1060902.534054188,1154079.7191068407
 03/09  09:00:00,3176707.2282237764,456738.63612007635,180000.0,0.0,1272569.907837672,1191808.2471403547
 03/09  10:00:00,2882177.2323028785,366206.8460051927,180000.0,0.0,1110933.0042211935,1160900.041485012
 03/09  11:00:00,2546415.349438635,266606.345813263,180000.0,0.0,918508.118963481,1130907.259911442
 03/09  12:00:00,2428775.83073109,186443.01714517295,180000.0,0.0,887720.1373222469,1140253.3866610916
 03/09  13:00:00,2990580.2893152544,148824.00833120785,180000.0,0.0,867194.8162280911,1767074.0330738928
 03/09  14:00:00,4068971.0550737185,66913.63075684449,180000.0,0.0,1164811.972093353,2632048.6398482965
 03/09  15:00:00,2075351.7001296012,37962.899975020955,0.0,0.0,862063.485954552,1150128.5018248037
 03/09  16:00:00,2235545.732075171,39804.20984212319,0.0,0.0,867194.8162280911,1301059.274322894
 03/09  17:00:00,3408392.83298291,46627.713883263874,180000.0,0.0,1231519.2656493601,1906724.0866203527
 03/09  18:00:00,4843964.341346559,111842.18903866096,180000.0,0.0,1207145.4468500498,3260223.7911048215
 03/09  19:00:00,19085899.06640064,150833.14305880098,180000.0,0.0,2740130.366069826,15902695.211236922
 03/09  20:00:00,6193924.621913525,118531.75172412729,180000.0,0.0,4146114.861019512,1600387.7542253777
 03/09  21:00:00,6634629.3980946895,0.0,180000.0,0.0,4725955.18192942,1520227.8592429587
 03/09  22:00:00,6391169.046738184,0.0,180000.0,0.0,4510439.310440781,1460214.709079352
 03/09  23:00:00,3790182.687238696,0.0,180000.0,0.0,2160290.045159919,1241446.2851564656
 03/09  24:00:00,1993536.3876123829,0.0,180000.0,0.0,590102.981456985,1079124.389824567
 03/10  01:00:00,1560830.6066984618,0.0,180000.0,0.0,251435.183403411,1024026.9351804757
 03/10  02:00:00,1589142.8951365731,32402.703937073944,180000.0,0.0,251435.183403411,1019936.5196815131
 03/10  03:00:00,1616555.543015685,66196.38662198695,180000.0,0.0,251435.183403411,1015846.1041825507
 03/10  04:00:00,1635481.513366421,89212.77247168582,180000.0,0.0,251435.183403411,1011755.6886835882
 03/10  05:00:00,1646876.7021049028,102407.75740229111,180000.0,0.0,251435.183403411,1007665.2731846257
 03/10  06:00:00,2146498.0184017057,604319.6930059327,180000.0,0.0,251435.183403411,1007665.2731846257
 03/10  07:00:00,2025790.5599967004,477722.022909841,180000.0,0.0,251435.183403411,1015846.1041825507
 03/10  08:00:00,2334995.5703130644,410150.0791352922,180000.0,0.0,574708.990636368,1076221.108961022
 03/10  09:00:00,5066466.02713347,354884.1882739881,180000.0,0.0,1272569.907837672,3176549.635975621
 03/10  10:00:00,6560306.104163634,311209.94398394716,180000.0,0.0,1626631.6967118632,4373745.884262664
 03/10  11:00:00,5593782.678027725,314522.33472581144,180000.0,0.0,1252044.586743516,3792240.8931942713
 03/10  12:00:00,3907741.951318541,312193.6560238631,180000.0,0.0,1524005.0912410829,1854893.295144178
 03/10  13:00:00,26505811.095358297,417710.60966306826,180000.0,0.0,1482954.449052771,24397658.60496039
 03/10  14:00:00,3764399.2793076327,297444.0718728196,180000.0,0.0,1467560.458232154,1794197.9368274347
 03/10  15:00:00,3236941.364463063,297942.4714011066,180000.0,0.0,1467560.458232154,1266241.622454578
 03/10  16:00:00,3475876.532743995,297293.07916023355,180000.0,0.0,1638177.1898273258,1332918.832074373
 03/10  17:00:00,4238224.963964667,297253.2245796566,180000.0,0.0,2211603.3478953093,1505846.6246597683
 03/10  18:00:00,4888661.528940723,325798.976958416,180000.0,0.0,2545139.815675344,1750679.2026470974
 03/10  19:00:00,7442405.160440125,291430.8633310283,180000.0,0.0,2988999.8843364674,3872024.6860443773
 03/10  20:00:00,7537980.336768183,282960.31155508733,180000.0,0.0,4146114.861019512,2791468.005783268
 03/10  21:00:00,6616304.4436399825,0.0,180000.0,0.0,4725955.18192942,1520227.8592429587
 03/10  22:00:00,6375134.711590314,0.0,180000.0,0.0,4510439.310440781,1460214.709079352
 03/10  23:00:00,3112041.912368304,38278.91490510374,180000.0,0.0,1524005.091241083,1175055.2651408375
 03/10  24:00:00,2082649.8442203663,98275.93383533799,180000.0,0.0,590102.981456985,1079124.389824567
 03/11  01:00:00,1755668.630972605,137168.47065982159,180000.0,0.0,292998.9586190769,1040132.7135791318
 03/11  02:00:00,1726510.5550757016,164993.27986752795,180000.0,0.0,251435.183403411,1027004.2229970263
 03/11  03:00:00,1737818.9402752304,189738.2073156688,180000.0,0.0,251435.183403411,1013567.6807484142
 03/11  04:00:00,1755805.457406696,211336.51270408425,180000.0,0.0,251435.183403411,1007665.2731846257
 03/11  05:00:00,2318707.0742452014,776528.7488494284,180000.0,0.0,251435.183403411,1007665.2731846257
 03/11  06:00:00,2184525.0045006583,636456.4674137989,180000.0,0.0,251435.183403411,1015846.1041825507
 03/11  07:00:00,2869005.80951401,568692.3373227352,180000.0,0.0,897982.7978693249,1128415.282741568
 03/11  08:00:00,2853258.5868871887,519047.0287313096,180000.0,0.0,933902.109784098,1137847.1533255922
 03/11  09:00:00,2790778.738392503,468337.0953858107,180000.0,0.0,939033.4400576369,1134689.6237438978
 03/11  10:00:00,2707353.8243389325,422963.5820998836,180000.0,0.0,918508.118963481,1130907.259911442
 03/11  11:00:00,1890375.0605078065,398263.0330145023,180000.0,0.0,251435.183403411,1024026.9351804757
 03/11  12:00:00,2538473.6081769494,384258.04987578304,180000.0,0.0,713254.9080219211,1233473.2185971825
 03/11  13:00:00,2891665.6801757105,301185.4340670681,180000.0,0.0,1164811.972093353,1220471.4616400648
 03/11  14:00:00,2128259.3875011383,275145.10644533,180000.0,0.0,556749.3346789815,1091168.1340016022
 03/11  15:00:00,2483377.7990831016,244350.2759309404,180000.0,0.0,867194.8162280911,1164345.2752420073
 03/11  16:00:00,2961625.9188014288,232601.97435408732,180000.0,0.0,1231519.26564936,1273982.911968048
 03/11  17:00:00,3848889.9252717393,245328.3645050483,180000.0,0.0,1780571.604918033,1555946.422188791
 03/11  18:00:00,3652023.7151107956,240829.50292422535,180000.0,0.0,1744652.29300326,1376592.1924550582
 03/11  19:00:00,4853246.765944762,276506.21810235083,180000.0,0.0,2198775.0222114613,2060528.367220634
 03/11  20:00:00,6203891.948100874,0.0,180000.0,0.0,4352650.904529458,1481119.6411038132
 03/11  21:00:00,5598102.317854977,0.0,180000.0,0.0,3802315.732692399,1391305.893092397
 03/11  22:00:00,3565879.0129760695,21326.71348762857,180000.0,0.0,1949905.5039448203,1219944.1544623415
 03/11  23:00:00,3800152.0402434114,77029.02310205442,180000.0,0.0,928770.7795105589,2479205.698527322
 03/11  24:00:00,2152831.33404585,121475.00127797783,180000.0,0.0,251435.183403411,1494552.6612498863
 03/12  01:00:00,1706332.5751855685,149592.38398606927,180000.0,0.0,251435.183403411,1019936.5196815131
 03/12  02:00:00,1722211.0681046462,169561.29240410967,180000.0,0.0,251435.183403411,1015846.1041825507
 03/12  03:00:00,1736604.5087719362,188045.1485703622,180000.0,0.0,251435.183403411,1011755.6886835882
 03/12  04:00:00,1748626.5346323068,204157.58992969483,180000.0,0.0,251435.183403411,1007665.2731846257
 03/12  05:00:00,2293221.4598638755,769368.0889228113,180000.0,0.0,251435.183403411,1007665.2731846257
 03/12  06:00:00,2973471.300760783,617438.4388568059,180000.0,0.0,992912.4079297965,1102948.7782348301
 03/12  07:00:00,3212227.441807726,549929.7776206647,180000.0,0.0,1225105.1028074361,1179311.5049471126
 03/12  08:00:00,2059667.792603108,524524.8213945855,180000.0,0.0,251435.183403411,1028117.3506794382
 03/12  09:00:00,2003054.548418661,479364.6737443317,180000.0,0.0,251435.183403411,1028117.3506794382
 03/12  10:00:00,1934686.9692076186,428831.22587328276,180000.0,0.0,251435.183403411,1024026.9351804757
 03/12  11:00:00,2241773.002602447,375695.8917162558,180000.0,0.0,569577.660362829,1082140.1609207836
 03/12  12:00:00,4193925.6148508787,339469.9254629521,180000.0,0.0,867194.8162280911,2779773.4414777723
 03/12  13:00:00,2514992.4655020293,289412.73234719946,180000.0,0.0,862063.485954552,1158319.434825053
 03/12  14:00:00,2485486.701516499,268097.9013619181,180000.0,0.0,862063.485954552,1150128.5018248037
 03/12  15:00:00,3466223.878405653,254760.83718584085,180000.0,0.0,867194.8162280911,2136780.793309658
 03/12  16:00:00,4116929.452766766,244007.53531206923,180000.0,0.0,1395721.834402608,2253678.3162221555
 03/12  17:00:00,3878967.9409387764,277696.9994789251,180000.0,0.0,1780571.604918033,1555946.422188791
 03/12  18:00:00,6428321.578578885,239253.6192330211,180000.0,0.0,3237869.402603109,2658958.2107076645
 03/12  19:00:00,7264576.656944426,248132.334616206,180000.0,0.0,4146114.861019512,2541439.206364198
 03/12  20:00:00,6222216.902555581,0.0,180000.0,0.0,4352650.904529457,1481119.641103813
 03/12  21:00:00,4837104.25926751,0.0,180000.0,0.0,3094192.1549440166,1322397.0771054418
 03/12  22:00:00,2643587.8783752928,26870.467096302214,180000.0,0.0,1098104.678537346,1130166.3758193334
 03/12  23:00:00,2076789.869077725,83253.4814653423,180000.0,0.0,590102.981456985,1079124.389824567
 03/12  24:00:00,1685254.1280706807,124423.52137221883,180000.0,0.0,251435.183403411,1024026.9351804757
 03/13  01:00:00,1709254.247826939,152514.05662743998,180000.0,0.0,251435.183403411,1019936.5196815131
 03/13  02:00:00,1731771.0905408734,179121.31484033688,180000.0,0.0,251435.183403411,1015846.1041825507
 03/13  03:00:00,1751160.2035499557,202600.84334838175,180000.0,0.0,251435.183403411,1011755.6886835882
 03/13  04:00:00,1765683.0595223159,221214.11481970412,180000.0,0.0,251435.183403411,1007665.2731846257
 03/13  05:00:00,2313696.430603534,789843.0596624697,180000.0,0.0,251435.183403411,1007665.2731846257
 03/13  06:00:00,2733212.9253531974,631415.1384920585,180000.0,0.0,251435.183403411,1590190.927718378
 03/13  07:00:00,7055776.0958966585,527700.201625407,180000.0,0.0,897982.7978693249,5372212.039969415
 03/13  08:00:00,6729598.483327076,494834.4774705901,180000.0,0.0,933902.109784098,5045271.458946715
 03/13  09:00:00,9477501.428486852,509940.1734366475,180000.0,0.0,939033.4400576369,7784390.4744010875
 03/13  10:00:00,2164243.3159796344,464899.2575725396,180000.0,0.0,418203.4172934285,1050747.0163632173
 03/13  11:00:00,1937555.7449974492,447734.33681098383,180000.0,0.0,251435.183403411,1024026.9351804757
 03/13  12:00:00,2049031.6092025011,449901.2279386266,180000.0,0.0,251435.183403411,1140207.7661784007
 03/13  13:00:00,1890756.0022511226,401916.2402940865,180000.0,0.0,251435.183403411,1032207.7661784007
 03/13  14:00:00,2600266.805755301,382878.00560072047,180000.0,0.0,862063.485954552,1150128.5018248037
 03/13  15:00:00,3156627.892656224,343255.5459682351,180000.0,0.0,867194.8162280911,1738690.0987778346
 03/13  16:00:00,5765320.674050969,307775.1817863886,180000.0,0.0,903114.128142864,4330909.597291783
 03/13  17:00:00,6115416.691130485,339232.1513319421,180000.0,0.0,1016003.3941607219,4495428.2312847935
 03/13  18:00:00,5126802.904026646,328715.22188305785,180000.0,0.0,2242391.3295365428,2263456.006571954
 03/13  19:00:00,5674077.667565602,338090.22149887856,180000.0,0.0,3497001.581416829,1510095.6097053867
 03/13  20:00:00,7208974.221630516,0.0,180000.0,0.0,4725955.18192942,2094572.682778786
 03/13  21:00:00,7341956.620160826,10523.196556348208,180000.0,0.0,4510439.310440781,2400479.085945645
 03/13  22:00:00,4107960.629793053,82383.29154173647,180000.0,0.0,2373240.2515117875,1263890.7298172174
 03/13  23:00:00,2534318.1312258937,151029.893498182,180000.0,0.0,928770.7795105589,1130208.4418863223
 03/13  24:00:00,1912132.3361537592,186977.78463414777,180000.0,0.0,376639.64207776263,1063146.4213272738
 03/14  01:00:00,1791680.2489390317,219500.06546121155,180000.0,0.0,261826.12720732746,1024985.5681559178
 03/14  02:00:00,1799117.347138626,246467.5714380894,180000.0,0.0,251435.183403411,1015846.1041825507
 03/14  03:00:00,1822839.198084002,272448.5925884453,180000.0,0.0,251435.183403411,1013586.9339775709
 03/14  04:00:00,1838068.6696557784,293599.7249531667,180000.0,0.0,251435.183403411,1007665.2731846257
 03/14  05:00:00,2398272.5588703086,874419.1879292442,180000.0,0.0,251435.183403411,1007665.2731846257
 03/14  06:00:00,2540316.622522917,737538.4168697445,180000.0,0.0,497739.03653328295,1044867.4933805394
 03/14  07:00:00,2213155.279488502,679812.1044721035,180000.0,0.0,251435.183403411,1024026.9351804757
 03/14  08:00:00,3527557.549676202,625873.0259050108,180000.0,0.0,933902.109784098,1712191.9768614194
 03/14  09:00:00,6778319.512216164,533804.5906501567,180000.0,0.0,1626631.6967118632,4373745.884262664
 03/14  10:00:00,3647216.472179289,491049.18817682937,180000.0,0.0,1585581.054523551,1340192.6047284603
 03/14  11:00:00,3247252.2996422853,441949.4029567203,180000.0,0.0,1364933.8527613739,1226009.754321612
 03/14  12:00:00,2797613.289792991,457766.80080718396,180000.0,0.0,867194.8162280911,1265164.2410756527
 03/14  13:00:00,2624292.964776679,398713.23162184935,180000.0,0.0,862063.485954552,1158319.434825053
 03/14  14:00:00,3496248.352417099,367401.47602213174,180000.0,0.0,1013437.7290239525,1910212.33499579
 03/14  15:00:00,3332411.3099094136,343126.83147000533,180000.0,0.0,1482954.449052771,1298842.5977045742
 03/14  16:00:00,3478717.5628753663,344000.576690956,180000.0,0.0,1559924.403155856,1351270.8161986214
 03/14  17:00:00,3990392.4542521765,389121.5127923251,180000.0,0.0,1780571.604918033,1555946.422188791
 03/14  18:00:00,5265372.912093619,349265.0724462054,180000.0,0.0,2988999.8843364674,1634867.6092758547
 03/14  19:00:00,6422800.872003015,347408.00181361614,180000.0,0.0,4146114.861019512,1600387.7542253777
 03/14  20:00:00,5397391.9114773655,0.0,180000.0,0.0,3606042.3497295324,1402903.2048255217
 03/14  21:00:00,13381108.491060803,95790.93010308742,180000.0,0.0,2738847.5335014407,10125955.000238223
 03/14  22:00:00,17651467.710635427,209062.01294311642,180000.0,0.0,1098104.678537346,15955854.662232654
 03/14  23:00:00,2178790.7919079447,185254.40429556178,180000.0,0.0,590102.981456985,1079124.389824567
 03/14  24:00:00,1781539.9703085814,220709.36361011933,180000.0,0.0,251435.183403411,1024026.9351804757
 03/15  01:00:00,1807388.275203105,250648.08400360605,180000.0,0.0,251435.183403411,1019936.5196815131
 03/15  02:00:00,1828786.543447915,276136.7677473785,180000.0,0.0,251435.183403411,1015846.1041825507
 03/15  03:00:00,1843916.5216294716,295357.1614278976,180000.0,0.0,251435.183403411,1011755.6886835882
 03/15  04:00:00,1856214.061806118,311745.11710350646,180000.0,0.0,251435.183403411,1007665.2731846257
 03/15  05:00:00,2413464.5575080235,889611.1865669591,180000.0,0.0,251435.183403411,1007665.2731846257
 03/15  06:00:00,2270029.3714312143,742576.4081059025,180000.0,0.0,251435.183403411,1015846.1041825507
 03/15  07:00:00,3319133.615474707,657686.1333310304,180000.0,0.0,1223822.2702390514,1179744.1554721133
 03/15  08:00:00,3692722.2150215814,580124.7310495446,180000.0,0.0,1611237.705891246,1245769.3409551173
 03/15  09:00:00,2996413.9948435985,480443.6085459122,180000.0,0.0,1110933.0042211935,1160900.041485012
 03/15  10:00:00,2669551.3516927487,390194.25182153366,180000.0,0.0,918508.1189634809,1130455.356157285
 03/15  11:00:00,1783223.9629868479,293402.5548003823,180000.0,0.0,251435.183403411,1024026.9351804757
 03/15  12:00:00,2027957.0080928286,243647.59989847086,180000.0,0.0,405375.091609581,1171446.8849027138
 03/15  13:00:00,1646860.827108297,158021.06515126093,180000.0,0.0,251435.183403411,1032207.7661784007
 03/15  14:00:00,1604106.1614244673,115266.3994674314,180000.0,0.0,251435.183403411,1032207.7661784007
 03/15  15:00:00,1566916.7758337501,79876.81006883792,180000.0,0.0,251435.183403411,1028117.3506794382
 03/15  16:00:00,1796832.1589667606,79490.27273194032,180000.0,0.0,414354.91958827426,1079465.199816613
 03/15  17:00:00,3236094.9900569255,114474.5442048827,180000.0,0.0,1398287.4995393774,1458580.0319596375
 03/15  18:00:00,4137176.484001735,122642.44924672425,180000.0,0.0,2242391.3295365428,1479902.3591833771
 03/15  19:00:00,4780769.099543285,184187.0775992361,180000.0,0.0,2847888.3018141454,1419803.4651853954
 03/15  20:00:00,5136020.909114462,0.0,180000.0,0.0,2488695.1826664153,2258879.3695257367
 03/15  21:00:00,3830968.179242694,0.0,180000.0,0.0,1317469.0477311383,2092984.104293504
 03/15  22:00:00,1692939.7995513862,12669.662049338243,180000.0,0.0,251435.183403411,1040388.5971763257
 03/15  23:00:00,1665552.6718362044,61691.12142252426,180000.0,0.0,251435.183403411,1028117.3506794382
 03/15  24:00:00,1657873.0273467284,97042.4206482668,180000.0,0.0,251435.183403411,1024026.9351804757
 03/16  01:00:00,1678292.58173771,121552.3905382107,180000.0,0.0,251435.183403411,1019936.5196815131
 03/16  02:00:00,1694544.9997234594,141895.2240229228,180000.0,0.0,251435.183403411,1015846.1041825507
 03/16  03:00:00,1710633.009059139,161167.6528251521,180000.0,0.0,251435.183403411,1012661.6847160012
 03/16  04:00:00,1726040.8503855763,181571.90568296454,180000.0,0.0,251435.183403411,1007665.2731846257
 03/16  05:00:00,2268001.7725698003,744148.4016287357,180000.0,0.0,251435.183403411,1007665.2731846257
 03/16  06:00:00,2410565.305379648,607787.0997264757,180000.0,0.0,497739.036533283,1044867.4933805394
 03/16  07:00:00,3381024.2127780737,530992.5580842614,180000.0,0.0,1386742.0064239146,1205408.5918373857
 03/16  08:00:00,2797100.736130856,469761.03589549253,180000.0,0.0,933902.109784098,1137847.1533255922
 03/16  09:00:00,2709648.2343252087,391787.82993219356,180000.0,0.0,939033.4400576369,1134689.6237438978
 03/16  10:00:00,2581893.7580670654,302084.754441693,180000.0,0.0,918508.118963481,1130907.259911442
 03/16  11:00:00,1986878.8842482206,210801.7733620294,90000.0,0.0,569577.660362829,1082140.1609207836
 03/16  12:00:00,2329777.4839223674,169930.99493656066,0.0,0.0,867194.8162280911,1265164.2410756527
 03/16  13:00:00,2152591.40201351,107011.66885868067,0.0,0.0,862063.485954552,1158319.434825053
 03/16  14:00:00,2118223.7452240987,80834.94506951807,0.0,0.0,862063.485954552,1150128.5018248037
 03/16  15:00:00,3059702.348390091,51201.52405847936,0.0,0.0,1175074.6326404312,1805938.760009118
 03/16  16:00:00,3931523.0256080027,36541.662557299,0.0,0.0,1559924.403155856,2291535.193064914
 03/16  17:00:00,3501337.180191392,80066.23873154054,0.0,0.0,1780571.604918033,1555946.422188791
 03/16  18:00:00,2772664.01185834,95228.383626533,45000.0,0.0,1246913.256469977,1273282.0257267396
 03/16  19:00:00,4947186.274083935,101871.67708696275,180000.0,0.0,1874218.3824101198,2642205.959642343
 03/16  20:00:00,5554102.640955081,0.0,180000.0,0.0,3606042.3497295324,1559613.9343032374
 03/16  21:00:00,6391169.046738184,0.0,180000.0,0.0,4510439.310440781,1460214.709079352
 03/16  22:00:00,3791936.676790395,0.0,180000.0,0.0,2161572.877728304,1241917.4421397795
 03/16  23:00:00,2383288.237727712,0.0,180000.0,0.0,928770.7795105589,1130208.4418863223
 03/16  24:00:00,1642992.5791090366,0.0,180000.0,0.0,314037.4127405868,1043586.6782538749
 03/17  01:00:00,1556740.1911994992,0.0,180000.0,0.0,251435.183403411,1019936.5196815131
 03/17  02:00:00,1550359.156393698,0.0,180000.0,0.0,251435.183403411,1015846.1041825507
 03/17  03:00:00,1411268.7408947353,0.0,45000.0,0.0,251435.183403411,1011755.6886835882
 03/17  04:00:00,1499468.9447026118,0.0,135000.0,0.0,251435.183403411,1007665.2731846257
 03/17  05:00:00,2077730.5983137873,444276.6169668654,180000.0,0.0,332766.76823900413,1017609.3443001816
 03/17  06:00:00,2301301.536397619,335598.905252648,180000.0,0.0,251435.183403411,1433480.1982406625
 03/17  07:00:00,5920374.996577201,254140.52743925486,180000.0,0.0,1549661.742608778,3842657.3349487865
 03/17  08:00:00,3755553.287970706,239985.58156473332,180000.0,0.0,1952471.1690815892,1300634.2422781943
 03/17  09:00:00,4123351.6193628004,214299.5190187397,180000.0,0.0,2314229.953366089,1346103.5677728145
 03/17  10:00:00,4050108.1831236733,219619.03531918104,180000.0,0.0,2252653.990083621,1342860.2943567457
 03/17  11:00:00,3614890.672300649,243384.75924197107,180000.0,0.0,1842147.568200501,1312708.43594876
 03/17  12:00:00,3554274.0871298723,291622.9110766642,180000.0,0.0,1635611.524690556,1419552.2196805887
 03/17  13:00:00,3217932.115781053,262551.35671859764,180000.0,0.0,1467560.458232154,1282623.4884550767
 03/17  14:00:00,3194269.101608568,255270.20854661166,180000.0,0.0,1467560.458232154,1266241.622454578
 03/17  15:00:00,3236944.672574593,247660.1941351848,180000.0,0.0,1482954.449052771,1298842.5977045742
 03/17  16:00:00,3384401.5745586315,249684.58837422053,180000.0,0.0,1559924.403155856,1351270.8161986214
 03/17  17:00:00,3885870.0855963686,282308.5248296782,180000.0,0.0,1780571.604918033,1555946.422188791
 03/17  18:00:00,4275765.472817173,263522.0573690016,180000.0,0.0,2242391.3295365428,1479902.3591833771
 03/17  19:00:00,5594868.167509735,270333.8179772034,180000.0,0.0,3497001.581416829,1510095.6097053867
 03/17  20:00:00,7965301.700280982,0.0,180000.0,0.0,4725955.18192942,2869225.1158839585
 03/17  21:00:00,6939765.582873607,0.0,180000.0,0.0,4510439.310440781,2024845.5803626447
 03/17  22:00:00,3114087.836759232,40324.83929603187,180000.0,0.0,1524005.091241083,1175055.2651408375
 03/17  23:00:00,1709891.0649533814,115191.99176705562,180000.0,0.0,251435.183403411,1028117.3506794382
 03/17  24:00:00,1722139.760715127,161309.15401666512,180000.0,0.0,251435.183403411,1024026.9351804757
 03/18  01:00:00,1751318.3240906447,194578.13289114553,180000.0,0.0,251435.183403411,1019936.5196815131
 03/18  02:00:00,1773554.6618437702,223195.50545007223,180000.0,0.0,251435.183403411,1015846.1041825507
 03/18  03:00:00,1793338.2169573838,247069.4760626485,180000.0,0.0,251435.183403411,1011755.6886835882
 03/18  04:00:00,1813022.4909802943,268553.54627768236,180000.0,0.0,251435.183403411,1007665.2731846257
 03/18  05:00:00,2384129.3085337565,841950.9831379834,180000.0,0.0,251435.183403411,1007665.2731846257
 03/18  06:00:00,2249822.6632722034,701754.1261853438,180000.0,0.0,251435.183403411,1015846.1041825507
 03/18  07:00:00,2928814.0490494473,628500.5768581718,180000.0,0.0,897982.7978693249,1128415.282741568
 03/18  08:00:00,4088454.101412221,551350.6654615571,180000.0,0.0,1611237.705891246,1663403.435013229
 03/18  09:00:00,4311858.676193379,486470.38175322895,180000.0,0.0,1970430.8250389763,1606238.8901960158
 03/18  10:00:00,3328824.6972512733,465325.221056419,180000.0,0.0,1418812.8206335334,1209711.792197195
 03/18  11:00:00,3240053.550770051,432460.03477764764,180000.0,0.0,1364933.8527613739,1226009.754321612
 03/18  12:00:00,2965172.013144633,441050.30473665777,180000.0,0.0,1021134.7244342611,1295499.5522916513
 03/18  13:00:00,3875040.5308319163,367104.79337111535,180000.0,0.0,1925531.68514551,1377207.239940066
 03/18  14:00:00,6377531.4229799,305962.97459532693,180000.0,0.0,1772874.6095077246,4093497.0265016234
 03/18  15:00:00,3552520.268951616,302312.4259318111,180000.0,0.0,1482954.449052771,1559765.9622849706
 03/18  16:00:00,3465880.6078133387,331163.62162892835,180000.0,0.0,1559924.403155856,1351270.8161986214
 03/18  17:00:00,4015292.3913543085,411730.83058761805,180000.0,0.0,1780571.604918033,1555946.422188791
 03/18  18:00:00,4725484.196351587,412716.1792726146,180000.0,0.0,2491260.8478031848,1531557.442547536
 03/18  19:00:00,5031169.687882538,446040.7624726825,180000.0,0.0,2847888.3018141454,1419803.4651853954
 03/18  20:00:00,6239065.465566108,35173.51746523368,180000.0,0.0,4352650.904529458,1481119.6411038132
 03/18  21:00:00,4182440.485093579,140895.741151958,180000.0,0.0,2382220.0794904805,1254843.9723809583
 03/18  22:00:00,2819865.968951136,216892.2735131762,180000.0,0.0,1098104.678537346,1130166.3758193334
 03/18  23:00:00,2342806.898645594,260995.02573173348,180000.0,0.0,674769.9309703785,1091895.4028400057
 03/18  24:00:00,2016313.4634855052,291158.9119658939,180000.0,0.0,376639.64207776263,1063146.4213272738
 03/19  01:00:00,1935350.1266855572,316849.96637277387,180000.0,0.0,292998.9586190769,1040132.7135791318
 03/19  02:00:00,1894058.1887993843,338618.8833952288,180000.0,0.0,251435.183403411,1018635.6338861696
 03/19  03:00:00,1902472.3912095004,353913.0310079263,180000.0,0.0,251435.183403411,1011755.6886835882
 03/19  04:00:00,1908447.0961948703,363978.15149225836,180000.0,0.0,251435.183403411,1007665.2731846257
 03/19  05:00:00,2460660.7222109046,936807.3512698403,180000.0,0.0,251435.183403411,1007665.2731846257
 03/19  06:00:00,2870644.7484999252,789937.1289238086,180000.0,0.0,746608.5547999246,1073927.3890368415
 03/19  07:00:00,4481833.390818549,692281.6015475956,180000.0,0.0,2196209.357074692,1335461.3757637506
 03/19  08:00:00,3745285.9052209714,632688.421248935,180000.0,0.0,1611237.705891246,1245769.3409551173
 03/19  09:00:00,3676327.5717079183,566027.2396962199,180000.0,0.0,1626631.6967118632,1239531.294708355
 03/19  10:00:00,4297599.522914819,471691.6137240045,180000.0,0.0,2252653.990083621,1342860.2943567457
 03/19  11:00:00,4530053.170823209,398365.20218567975,180000.0,0.0,2001218.8066802097,1916109.8723547407
 03/19  12:00:00,6725163.592855744,375047.37200443767,180000.0,0.0,1482954.449052771,4659674.340116472
 03/19  13:00:00,13789599.677009165,356249.5234594462,180000.0,0.0,1467560.458232154,11760592.882942341
 03/19  14:00:00,10410138.92834169,315233.5835344535,180000.0,0.0,1467560.458232154,8422148.074199859
 03/19  15:00:00,2843570.2432011915,229414.24240540643,180000.0,0.0,1175074.6326404312,1231593.936473291
 03/19  16:00:00,5069063.6960774325,198587.63331710952,180000.0,0.0,1231519.26564936,3415435.0302810296
 03/19  17:00:00,4733724.829639295,244687.6056881856,180000.0,0.0,1780571.604918033,2443712.704680049
 03/19  18:00:00,4832764.233037564,243885.374746726,180000.0,0.0,2242391.3295365428,2054247.1827192046
 03/19  19:00:00,3586438.822343721,312033.9320839332,180000.0,0.0,1549661.742608778,1395852.8927065022
 03/19  20:00:00,4984979.415938257,0.0,180000.0,0.0,3232738.07232957,1363794.9866863762
 03/19  21:00:00,3878065.91775533,24005.33767957714,180000.0,0.0,1672813.669173714,1760731.883683988
 03/19  22:00:00,6358406.208385922,77965.79414569386,180000.0,0.0,886437.3047538622,5005556.752564055
 03/19  23:00:00,2227953.3134750123,153566.03699192146,180000.0,0.0,251435.183403411,1498643.076748849
 03/19  24:00:00,1749660.1857333684,188829.5790349068,180000.0,0.0,251435.183403411,1024026.9351804757
 03/20  01:00:00,1773528.6563936619,216788.46519416268,180000.0,0.0,251435.183403411,1019936.5196815131
 03/20  02:00:00,1793809.9648908686,241160.18919033228,180000.0,0.0,251435.183403411,1015846.1041825507
 03/20  03:00:00,1809156.2362157954,260596.87601422146,180000.0,0.0,251435.183403411,1011755.6886835882
 03/20  04:00:00,1820745.4036382104,276276.45893559867,180000.0,0.0,251435.183403411,1007665.2731846257
 03/20  05:00:00,2557588.4828764335,851183.8000330711,180000.0,0.0,414098.35307459725,1027553.4154157375
 03/20  06:00:00,2809639.09618928,707841.3093281408,180000.0,0.0,251435.183403411,1590190.927718378
 03/20  07:00:00,4346553.078721368,620099.7728134298,180000.0,0.0,897982.7978693249,2570589.451606101
 03/20  08:00:00,4290766.8537742635,551849.9753306687,180000.0,0.0,933902.109784098,2549424.331533824
 03/20  09:00:00,3576700.787677955,466400.45566625625,180000.0,0.0,1626631.6967118632,1239531.294708355
 03/20  10:00:00,3044700.0031293696,378818.1768667938,180000.0,0.0,1252044.586743516,1183443.6147686108
 03/20  11:00:00,2527129.7802600465,284796.96667412936,180000.0,0.0,887720.1373222469,1140253.3866610916
 03/20  12:00:00,2582256.924373314,242410.43538750702,180000.0,0.0,867194.8162280911,1265164.2410756527
 03/20  13:00:00,1844067.4733475128,171042.7185910281,180000.0,0.0,404092.2590411962,1063735.6833400638
 03/20  14:00:00,1950090.6773965019,131416.04719686531,180000.0,0.0,404092.25904119626,1209385.558783216
 03/20  15:00:00,19742692.684532456,112433.18120991052,180000.0,0.0,1021134.7244342611,18401637.34720622
 03/20  16:00:00,4263111.804924075,65614.45146543268,180000.0,0.0,1067316.696896112,2906658.8897325965
 03/20  17:00:00,3480753.460373837,119307.76671788972,180000.0,0.0,1589429.552228705,1507263.2270742145
 03/20  18:00:00,2960298.9237970486,147863.29556524163,180000.0,0.0,1246913.256469977,1273282.0257267396
 03/20  19:00:00,5160302.8903626455,194018.1563572594,180000.0,0.0,3172444.941615487,1464949.537445391
 03/20  20:00:00,6634629.3980946895,0.0,180000.0,0.0,4725955.18192942,1520227.8592429587
 03/20  21:00:00,4837104.25926751,0.0,180000.0,0.0,3094192.1549440166,1322397.0771054418
 03/20  22:00:00,2621933.661382698,5216.250103707507,180000.0,0.0,1098104.678537346,1130166.3758193334
 03/20  23:00:00,2053376.8186636644,59840.43105128154,180000.0,0.0,590102.981456985,1079124.389824567
 03/20  24:00:00,1672924.1244626595,112093.51776419758,180000.0,0.0,251435.183403411,1024026.9351804757
 03/21  01:00:00,1705250.721637958,148510.5304384587,180000.0,0.0,251435.183403411,1019936.5196815131
 03/21  02:00:00,1728410.409712555,175760.63401201842,180000.0,0.0,251435.183403411,1015846.1041825507
 03/21  03:00:00,1749138.6652369807,200579.30503540696,180000.0,0.0,251435.183403411,1011755.6886835882
 03/21  04:00:00,1764871.5946785714,220402.6499759599,180000.0,0.0,251435.183403411,1007665.2731846257
 03/21  05:00:00,2308410.589111023,784557.2181699588,180000.0,0.0,251435.183403411,1007665.2731846257
 03/21  06:00:00,5884821.387370327,603782.7597647903,180000.0,0.0,992912.4079297965,4027954.5439363895
 03/21  07:00:00,5630088.305127875,535927.6026886053,180000.0,0.0,1549661.742608778,3286617.9033979797
 03/21  08:00:00,26183775.386401277,575707.7813478821,180000.0,0.0,1611237.705891246,23741239.462036476
 03/21  09:00:00,3489040.626568202,378740.2945565034,180000.0,0.0,1626631.6967118632,1239531.294708355
 03/21  10:00:00,3535952.5809527775,290509.61698023917,180000.0,0.0,1752349.2884135684,1262700.050808521
 03/21  11:00:00,3182570.7463938594,189611.1553417454,180000.0,0.0,1524005.0912410829,1254595.210208452
 03/21  12:00:00,2354083.1263159,149236.63733009336,45000.0,0.0,867194.8162280911,1265164.2410756527
 03/21  13:00:00,2126357.3999289116,80777.66677408178,0.0,0.0,862063.485954552,1158319.434825053
 03/21  14:00:00,2089888.7018821528,52499.90172757223,0.0,0.0,862063.485954552,1150128.5018248037
 03/21  15:00:00,2074181.8670346932,15154.343882531823,0.0,0.0,867194.8162280911,1164345.2752420073
 03/21  16:00:00,2362497.655076702,16320.231497895704,0.0,0.0,1067316.696896112,1235338.9598527611
 03/21  17:00:00,3618041.8929566466,61770.95149679507,135000.0,0.0,1780571.604918033,1555946.422188791
 03/21  18:00:00,4083466.611071142,68932.57631613102,180000.0,0.0,2242391.3295365428,1479902.3591833771
 03/21  19:00:00,6168164.914034173,92772.04384477419,180000.0,0.0,4146114.861019512,1600387.7542253777
 03/21  20:00:00,4986694.899031643,0.0,180000.0,0.0,3234020.9048979552,1364227.6372113766
 03/21  21:00:00,3279715.756539926,0.0,180000.0,0.0,1672813.669173714,1186387.0601481604
 03/21  22:00:00,2382605.592834755,0.0,180000.0,0.0,886437.3047538622,1107721.9311585815
 03/21  23:00:00,1798698.9690130316,0.0,180000.0,0.0,420769.08243019803,1053620.8702520025
 03/21  24:00:00,1725154.5515196114,0.0,180000.0,0.0,376639.64207776263,1063146.4213272738
 03/22  01:00:00,1627001.4414867929,8501.28117400947,180000.0,0.0,292998.9586190769,1040132.7135791318
 03/22  02:00:00,1589698.436263465,34259.13085930942,180000.0,0.0,251435.183403411,1018635.6338861696
 03/22  03:00:00,1597990.0687255622,49430.70852398831,180000.0,0.0,251435.183403411,1011755.6886835882
 03/22  04:00:00,1610321.5772596225,65852.63255701085,180000.0,0.0,251435.183403411,1007665.2731846257
 03/22  05:00:00,4397537.309711281,549680.508554937,180000.0,0.0,414098.35307459725,3169005.5337287197
 03/22  06:00:00,3133784.972902382,443240.4847579516,180000.0,0.0,497739.03653328295,1932633.7758717975
 03/22  07:00:00,2675101.7293865103,390822.59234310506,180000.0,0.0,897982.7978693249,1128415.282741568
 03/22  08:00:00,2677579.697137355,350239.9969019914,180000.0,0.0,933902.109784098,1137847.1533255922
 03/22  09:00:00,3421532.3493282045,311232.0173165056,180000.0,0.0,1626631.6967118632,1239531.294708355
 03/22  10:00:00,3333078.232542301,281123.5836425222,180000.0,0.0,1585581.054523551,1235979.9696257794
 03/22  11:00:00,3079187.6482777307,262510.0111559862,180000.0,0.0,887720.1373222469,1714598.2101969188
 03/22  12:00:00,3542554.067682864,262443.20183076506,180000.0,0.0,867194.8162280911,2205428.6179419453
 03/22  13:00:00,2998410.6579061784,225480.15532062948,180000.0,0.0,1316186.2151627536,1251547.4750475707
 03/22  14:00:00,2794017.714651959,215823.86804369095,180000.0,0.0,1164811.972093353,1208185.0621396909
 03/22  15:00:00,2443469.8445553533,204442.32140319207,180000.0,0.0,867194.8162280911,1164345.2752420073
 03/22  16:00:00,2515289.05539402,191958.1526837481,180000.0,0.0,903114.128142864,1196695.0077374745
 03/22  17:00:00,5296562.139762525,180681.99790055337,180000.0,0.0,1780571.604918033,3070555.622590911
 03/22  18:00:00,4182327.0977084376,167793.0629534265,180000.0,0.0,2242391.3295365428,1479902.3591833771
 03/22  19:00:00,4758933.989549806,162351.96760575823,180000.0,0.0,2847888.3018141454,1419803.4651853954
 03/22  20:00:00,5809804.407016473,0.0,180000.0,0.0,3979346.627129495,1442011.4229646674
 03/22  21:00:00,6391169.046738184,0.0,180000.0,0.0,4510439.310440781,1460214.709079352
 03/22  22:00:00,3087506.713304232,0.0,180000.0,0.0,1524005.091241083,1175055.2651408375
 03/22  23:00:00,1993536.3876123829,0.0,180000.0,0.0,590102.981456985,1079124.389824567
 03/22  24:00:00,1725154.5515196114,0.0,180000.0,0.0,376639.64207776263,1063146.4213272738
 03/23  01:00:00,1572180.1834778201,0.0,180000.0,0.0,261826.12720732746,1024985.5681559178
 03/23  02:00:00,1552649.7757005366,0.0,180000.0,0.0,251435.183403411,1015846.1041825507
 03/23  03:00:00,1548559.360201574,0.0,180000.0,0.0,251435.183403411,1011755.6886835882
 03/23  04:00:00,1454468.9447026118,0.0,90000.0,0.0,251435.183403411,1007665.2731846257
 03/23  05:00:00,1774892.5078395058,431039.1368984416,0.0,0.0,251435.183403411,1007665.2731846257
 03/23  06:00:00,1937539.5640501883,314761.35839701537,0.0,0.0,497739.036533283,1044867.4933805394
 03/23  07:00:00,1993944.3695106884,265133.21348078654,0.0,0.0,574708.9906363679,1076221.108961022
 03/23  08:00:00,2152941.3994516595,223453.60470730963,0.0,0.0,251435.183403411,1602462.1742152655
 03/23  09:00:00,2471133.888658867,176562.75478813716,0.0,0.0,939033.4400576369,1291400.3532216132
 03/23  10:00:00,2045744.1310471317,139423.4424945187,0.0,0.0,751739.8850734635,1104187.1787287004
 03/23  11:00:00,2158235.740624668,95902.92703875116,0.0,0.0,887720.1373222469,1140253.3866610916
 03/23  12:00:00,1698192.8796535518,93883.47145919428,0.0,0.0,405375.091609581,1171446.8849027138
 03/23  13:00:00,2113260.034277329,67680.3011224995,0.0,0.0,862063.485954552,1158319.434825053
 03/23  14:00:00,2092567.391557327,55178.59140274681,0.0,0.0,862063.485954552,1150128.5018248037
 03/23  15:00:00,2111146.4046493666,52118.88149720548,0.0,0.0,867194.8162280911,1164345.2752420073
 03/23  16:00:00,2767514.583762163,49838.85751606357,0.0,0.0,903114.128142864,1771039.8312733017
 03/23  17:00:00,7529976.2894653175,15189.767235539168,0.0,0.0,2545139.815675344,4884893.792201406
 03/23  18:00:00,5895945.093460339,23495.976512729536,0.0,0.0,3237869.402603109,2522339.3683094094
 03/23  19:00:00,8165913.348089131,24855.724484070706,0.0,0.0,4146114.861019512,3846052.50764104
 03/23  20:00:00,6454629.3980946895,0.0,0.0,0.0,4725955.18192942,1520227.8592429587
 03/23  21:00:00,4837104.25926751,0.0,180000.0,0.0,3094192.1549440166,1322397.0771054418
 03/23  22:00:00,3087506.713304232,0.0,180000.0,0.0,1524005.091241083,1175055.2651408375
 03/23  23:00:00,1896117.6783127072,0.0,180000.0,0.0,505436.0319435915,1066372.6300382847
 03/23  24:00:00,1560830.6066984618,0.0,180000.0,0.0,251435.183403411,1024026.9351804757
 03/24  01:00:00,1587620.175756141,0.0,180000.0,0.0,272217.07101124397,1030034.6166303224
 03/24  02:00:00,1550359.156393698,0.0,180000.0,0.0,251435.183403411,1015846.1041825507
 03/24  03:00:00,1546268.7408947353,0.0,180000.0,0.0,251435.183403411,1011755.6886835882
 03/24  04:00:00,1545258.4848047467,789.5401021350677,180000.0,0.0,251435.183403411,1007665.2731846257
 03/24  05:00:00,2033502.44341774,491324.1180219669,180000.0,0.0,251435.183403411,1007665.2731846257
 03/24  06:00:00,2612463.2449513935,373477.43044979975,180000.0,0.0,869760.4813648604,1088438.083635836
 03/24  07:00:00,3014985.0869485983,337503.2696570514,180000.0,0.0,1223822.2702390514,1179744.1554721133
 03/24  08:00:00,2661110.446559381,326898.88840350194,180000.0,0.0,933902.109784098,1137847.1533255922
 03/24  09:00:00,2241757.887953602,316401.50980625255,180000.0,0.0,595234.311730524,1081403.487211668
 03/24  10:00:00,2576943.827270072,292553.58503102284,180000.0,0.0,918508.118963481,1130907.259911442
 03/24  11:00:00,2515402.3122954457,270778.87940269,180000.0,0.0,887720.1373222469,1140253.3866610916
 03/24  12:00:00,3161201.269935403,267173.41142061877,180000.0,0.0,1329014.5408466011,1357525.88598612
 03/24  13:00:00,3167419.638504507,212038.87944205228,180000.0,0.0,1467560.458232154,1282623.4884550767
 03/24  14:00:00,3133629.2682005344,194630.37513857818,180000.0,0.0,1467560.458232154,1266241.622454578
 03/24  15:00:00,3166772.7037185957,177488.22527918726,180000.0,0.0,1482954.449052771,1298842.5977045742
 03/24  16:00:00,4109768.0242196647,168796.28483465445,180000.0,0.0,2211603.3478953093,1505846.6246597683
 03/24  17:00:00,3809362.3666623915,205800.80589570134,180000.0,0.0,1780571.604918033,1555946.422188791
 03/24  18:00:00,5073746.192057248,183031.24603748758,180000.0,0.0,2242391.3295365428,2358373.8897549664
 03/24  19:00:00,5817689.781982752,197404.25922019224,180000.0,0.0,2847888.3018141454,2454960.0625380985
 03/24  20:00:00,6616304.4436399825,0.0,180000.0,0.0,4725955.18192942,1520227.8592429587
 03/24  21:00:00,6375134.711590314,0.0,180000.0,0.0,4510439.310440781,1460214.709079352
 03/24  22:00:00,3542798.3099367423,0.0,180000.0,0.0,1948622.6713764356,1219472.9974790276
 03/24  23:00:00,1789536.491785677,0.0,180000.0,0.0,420769.082430198,1053620.8702520025
 03/24  24:00:00,1568617.1518865202,7786.545188058428,180000.0,0.0,251435.183403411,1024026.9351804757
 03/25  01:00:00,1589001.3568744897,32261.16567499061,180000.0,0.0,251435.183403411,1019936.5196815131
 03/25  02:00:00,1597482.8105860406,47123.65419234251,180000.0,0.0,251435.183403411,1015846.1041825507
 03/25  03:00:00,1593167.8979049919,46899.15701025649,180000.0,0.0,251435.183403411,1011755.6886835882
 03/25  04:00:00,1582322.8265823415,37853.881879729655,180000.0,0.0,251435.183403411,1007665.2731846257
 03/25  05:00:00,1956202.5818153713,504024.25641959853,90000.0,0.0,251435.183403411,1007665.2731846257
 03/25  06:00:00,1732257.1099758085,364188.5728889491,0.0,0.0,251435.183403411,1015846.1041825507
 03/25  07:00:00,2037461.3905961106,292615.8994183386,0.0,0.0,574708.9906363679,1076221.108961022
 03/25  08:00:00,2392873.083335688,238661.52517980864,0.0,0.0,933902.109784098,1137847.1533255922
 03/25  09:00:00,2917513.493222274,180309.25397656905,0.0,0.0,1454732.1325483066,1213753.5274922415
 03/25  10:00:00,3778696.7591490387,128207.61134454653,0.0,0.0,2252653.990083621,1342860.2943567457
 03/25  11:00:00,3633221.4719314426,65459.85617303876,0.0,0.0,2160290.0451599187,1370821.6616890677
 03/25  12:00:00,3113110.599317896,66610.55334547302,0.0,0.0,1482954.449052771,1536058.1652375888
 03/25  13:00:00,26170821.090470336,21498.679754931454,0.0,0.0,1467560.458232154,24656565.140108027
 03/25  14:00:00,13018113.220753219,20219.528736914344,0.0,0.0,1467560.458232154,11505136.421408929
 03/25  15:00:00,2849178.6623757742,39894.18393636573,0.0,0.0,1482954.449052771,1298842.5977045742
 03/25  16:00:00,3629103.505975144,69695.45489028381,0.0,0.0,2048683.611710446,1467202.6725444815
 03/25  17:00:00,5047032.549669148,111535.90362872902,135000.0,0.0,2545139.815675344,2168313.296705209
 03/25  18:00:00,6417767.96349127,106451.03517588659,180000.0,0.0,3237869.402603109,2783497.7989840223
 03/25  19:00:00,6192524.727435956,128584.95378075035,180000.0,0.0,4146114.861019512,1600387.7542253777
 03/25  20:00:00,6203891.948100874,0.0,180000.0,0.0,4352650.904529457,1481119.641103813
 03/25  21:00:00,4821069.92411964,0.0,180000.0,0.0,3094192.1549440166,1322397.0771054418
 03/25  22:00:00,2838368.3464505803,0.0,180000.0,0.0,1311054.8848892145,1152610.8204800854
 03/25  23:00:00,1984373.9103850282,0.0,180000.0,0.0,590102.981456985,1079124.389824567
 03/25  24:00:00,1575325.2015547513,14494.594856289454,180000.0,0.0,251435.183403411,1024026.9351804757
 03/26  01:00:00,1618151.4095312268,61411.218331727665,180000.0,0.0,251435.183403411,1019936.5196815131
 03/26  02:00:00,1650812.258006545,98162.48230600852,180000.0,0.0,251435.183403411,1015846.1041825507
 03/26  03:00:00,1675666.1823780653,127106.82217649146,180000.0,0.0,251435.183403411,1011755.6886835882
 03/26  04:00:00,1694788.3399470802,150319.3952444684,180000.0,0.0,251435.183403411,1007665.2731846257
 03/26  05:00:00,2257187.9396191975,687696.7407025585,180000.0,0.0,292100.97582120757,1012637.3087424038
 03/26  06:00:00,3187010.4878264936,553048.2119995726,180000.0,0.0,1241781.926196438,1132008.6738911322
 03/26  07:00:00,4855772.689611863,459258.3914435097,180000.0,0.0,1549661.742608778,2588971.499127063
 03/26  08:00:00,4962181.146835878,374578.1789181739,180000.0,0.0,1441903.806864459,2890108.7239275714
 03/26  09:00:00,2638592.7631740044,320732.35878098966,180000.0,0.0,939033.4400576369,1134689.6237438978
 03/26  10:00:00,2511906.2886162074,232097.2849908351,180000.0,0.0,918508.118963481,1130907.259911442
 03/26  11:00:00,1637695.7192639187,139746.45972759053,0.0,0.0,410506.42188311997,1053083.5480506297
 03/26  12:00:00,2066990.8596727103,92775.30137154346,0.0,0.0,713254.9080219211,1233473.2185971825
 03/26  13:00:00,2074741.1807231763,29161.44756834682,0.0,0.0,862063.485954552,1158319.434825053
 03/26  14:00:00,2038622.9213243104,1234.1211697299525,0.0,0.0,862063.485954552,1150128.5018248037
 03/26  15:00:00,2809284.4784394084,0.0,0.0,0.0,1482954.449052771,1298842.5977045742
 03/26  16:00:00,3529061.8097202377,0.0,0.0,0.0,1559924.403155856,1925615.6397344484
 03/26  17:00:00,5479608.541446645,0.0,0.0,0.0,1589429.552228705,3805426.0748649114
 03/26  18:00:00,3089670.959340323,0.0,0.0,0.0,1495782.7747366184,1481647.8385686143
 03/26  19:00:00,4786284.734005386,0.0,0.0,0.0,3172444.941615487,1464949.537445391
 03/26  20:00:00,6634629.3980946895,0.0,180000.0,0.0,4725955.18192942,1520227.8592429587
 03/26  21:00:00,3279715.756539926,0.0,180000.0,0.0,1672813.669173714,1186387.0601481604
 03/26  22:00:00,2616717.4112789906,0.0,180000.0,0.0,1098104.678537346,1130166.3758193334
 03/26  23:00:00,1993536.3876123829,0.0,180000.0,0.0,590102.981456985,1079124.389824567
 03/26  24:00:00,1684073.5653143239,0.0,180000.0,0.0,345338.5274091747,1053366.5497905742
 03/27  01:00:00,1556740.1911994992,0.0,180000.0,0.0,251435.183403411,1019936.5196815131
 03/27  02:00:00,1561018.3648113934,0.0,180000.0,0.0,251435.183403411,1024214.6932934073
 03/27  03:00:00,1550371.3522664001,0.0,180000.0,0.0,251435.183403411,1013567.6807484142
 03/27  04:00:00,1544468.9447026118,0.0,180000.0,0.0,251435.183403411,1007665.2731846257
 03/27  05:00:00,1965150.9350327738,441297.56409170944,180000.0,0.0,251435.183403411,1007665.2731846257
 03/27  06:00:00,2420861.413536162,342757.9655551287,180000.0,0.0,744042.889663155,1073888.882578528
 03/27  07:00:00,2217597.794080302,308786.63805040024,180000.0,0.0,574708.990636368,1076221.108961022
 03/27  08:00:00,3371859.1347603174,259261.65078828065,180000.0,0.0,1611237.705891246,1245769.3409551173
 03/27  09:00:00,3336928.626343537,226628.294331838,180000.0,0.0,1626631.6967118632,1239531.294708355
 03/27  10:00:00,3629791.0912441043,196528.03012709972,180000.0,0.0,1418812.8206335334,1784056.6157330223
 03/27  11:00:00,3868337.6571189426,134684.91365318996,0.0,0.0,887720.1373222469,2811573.316540927
 03/27  12:00:00,2287706.572176272,127860.08319046526,0.0,0.0,867194.8162280911,1265164.2410756527
 03/27  13:00:00,2114133.3077830505,68553.57462822122,0.0,0.0,862063.485954552,1158319.434825053
 03/27  14:00:00,2653852.416325067,42118.79263465977,0.0,0.0,862063.485954552,1724473.3253606309
 03/27  15:00:00,5202610.994116831,9368.881410359567,0.0,0.0,867194.8162280911,4298559.864796316
 03/27  16:00:00,3784289.418909641,21588.19314139655,0.0,0.0,903114.128142864,2816065.330795447
 03/27  17:00:00,2767181.632775141,65386.43472700269,0.0,0.0,1207145.4468500498,1409896.8368450608
 03/27  18:00:00,5671879.528385803,43337.29510934949,90000.0,0.0,3237869.402603109,2188432.484638254
 03/27  19:00:00,6114123.15708074,74579.89099962977,180000.0,0.0,2847888.3018141454,2862764.7093224567
 03/27  20:00:00,6045688.295324454,0.0,180000.0,0.0,2488695.1826664153,3168546.755735728
 03/27  21:00:00,5614136.653002847,0.0,180000.0,0.0,3802315.7326923986,1391305.893092397
 03/27  22:00:00,2853394.894859996,0.0,180000.0,0.0,1312337.7174575992,1152610.8204800854
 03/27  23:00:00,1603861.5504136803,0.0,180000.0,0.0,251435.183403411,1028117.3506794382
 03/27  24:00:00,1560830.6066984618,0.0,180000.0,0.0,251435.183403411,1024026.9351804757
 03/28  01:00:00,1630065.1630033315,11565.002690547997,180000.0,0.0,292998.9586190769,1040132.7135791318
 03/28  02:00:00,1616116.907484046,52309.012969033676,180000.0,0.0,251435.183403411,1027004.2229970263
 03/28  03:00:00,1635833.0101287216,85461.65786232128,180000.0,0.0,251435.183403411,1013567.6807484142
 03/28  04:00:00,1654452.4046656676,109983.45996305587,180000.0,0.0,251435.183403411,1007665.2731846257
 03/28  05:00:00,2239120.38048268,623991.3535904664,180000.0,0.0,332766.76823900413,1017609.3443001816
 03/28  06:00:00,2585534.886503139,507431.4385221057,180000.0,0.0,744042.889663155,1073888.882578528
 03/28  07:00:00,3671050.7072932655,444700.8895425655,180000.0,0.0,1711298.6462252566,1257170.1150929315
 03/28  08:00:00,3049779.6734858286,388978.8777104095,180000.0,0.0,1103236.008810885,1301974.3498388606
 03/28  09:00:00,3268056.030969669,317454.45192434906,180000.0,0.0,939033.4400576369,1767430.7983962025
 03/28  10:00:00,3144824.4648216814,232274.2865440043,180000.0,0.0,918508.118963481,1763648.434563747
 03/28  11:00:00,3020880.971479583,145806.98324136125,180000.0,0.0,887720.1373222469,1772994.5613133963
 03/28  12:00:00,12358824.408852253,153777.45635439173,180000.0,0.0,867194.8162280911,11130364.70458771
 03/28  13:00:00,16128901.658954393,97714.62339709062,180000.0,0.0,862063.485954552,14963926.737227526
 03/28  14:00:00,2281068.6818929682,63679.881738388314,180000.0,0.0,862063.485954552,1150128.5018248037
 03/28  15:00:00,2308686.6430608616,69659.11990870032,180000.0,0.0,867194.8162280911,1164345.2752420073
 03/28  16:00:00,2407400.4527594107,84069.5500491389,180000.0,0.0,903114.128142864,1196695.0077374745
 03/28  17:00:00,3717628.7473445283,116357.80588467693,180000.0,0.0,1780571.604918033,1555946.422188791
 03/28  18:00:00,4128929.0203743502,114394.9856193393,180000.0,0.0,2242391.3295365428,1479902.3591833771
 03/28  19:00:00,5103327.636968489,137042.90296310306,180000.0,0.0,3172444.941615487,1464949.537445391
 03/28  20:00:00,4984979.415938257,0.0,180000.0,0.0,3232738.07232957,1363794.9866863762
 03/28  21:00:00,3669062.8822218217,0.0,180000.0,0.0,2028158.2906162895,1220389.5643874807
 03/28  22:00:00,2616717.4112789906,0.0,180000.0,0.0,1098104.678537346,1130166.3758193334
 03/28  23:00:00,1603861.5504136803,0.0,180000.0,0.0,251435.183403411,1028117.3506794382
 03/28  24:00:00,1587961.1892399373,27130.582541475396,180000.0,0.0,251435.183403411,1024026.9351804757
 03/29  01:00:00,1627874.977855838,71134.7866563388,180000.0,0.0,251435.183403411,1019936.5196815131
 03/29  02:00:00,1658057.2185244274,105407.44282389071,180000.0,0.0,251435.183403411,1015846.1041825507
 03/29  03:00:00,1682544.09218707,133984.7319854962,180000.0,0.0,251435.183403411,1011755.6886835882
 03/29  04:00:00,1702456.2509338441,157987.30623123242,180000.0,0.0,251435.183403411,1007665.2731846257
 03/29  05:00:00,2223885.4377162056,700032.0667751413,180000.0,0.0,251435.183403411,1007665.2731846257
 03/29  06:00:00,2645780.5897426214,567677.1417615879,180000.0,0.0,744042.889663155,1073888.882578528
 03/29  07:00:00,2595760.3770570224,499215.230520369,180000.0,0.0,736345.8942528465,1102318.195851295
 03/29  08:00:00,1968792.5754296114,433649.6042210888,180000.0,0.0,251435.183403411,1028117.3506794382
 03/29  09:00:00,1875329.391772364,351639.51709803444,180000.0,0.0,251435.183403411,1028117.3506794382
 03/29  10:00:00,1775096.2267593816,269240.48342504585,180000.0,0.0,251435.183403411,1024026.9351804757
 03/29  11:00:00,1631001.515541308,186180.10735484277,135000.0,0.0,251435.183403411,1024026.9351804757
 03/29  12:00:00,1944521.2655355262,155032.83041068562,0.0,0.0,559314.9998157511,1202686.0036270267
 03/29  13:00:00,2145519.774968936,99940.04181410659,0.0,0.0,862063.485954552,1158319.434825053
 03/29  14:00:00,3620451.296139201,68453.29558250058,0.0,0.0,862063.485954552,2664737.702226924
 03/29  15:00:00,2127838.821880173,68811.2987280113,0.0,0.0,867194.8162280911,1164345.2752420073
 03/29  16:00:00,2219030.137410307,75699.23470003493,0.0,0.0,903114.128142864,1196695.0077374745
 03/29  17:00:00,2715732.634011727,118762.68376749317,135000.0,0.0,1016003.3941607219,1361213.6417304843
 03/29  18:00:00,3830313.8693508077,116304.43622659807,180000.0,0.0,1993521.8112699012,1428247.2758192178
 03/29  19:00:00,3282618.811939902,164924.65115782968,180000.0,0.0,1549661.742608778,1239142.1632287868
 03/29  20:00:00,4254798.17059933,0.0,180000.0,0.0,2116673.7378348378,1749678.075842181
 03/29  21:00:00,6248681.437475741,0.0,180000.0,0.0,3094192.1549440166,2733974.255313673
 03/29  22:00:00,3558296.0153294727,0.0,180000.0,0.0,1949905.5039448203,1219944.1544623415
 03/29  23:00:00,1731101.1242727619,29820.86455940592,180000.0,0.0,336102.13291680446,1040869.1104657203
 03/29  24:00:00,1656793.3278017396,95962.72110327755,180000.0,0.0,251435.183403411,1024026.9351804757
 03/30  01:00:00,1701431.9175036233,144691.72630412405,180000.0,0.0,251435.183403411,1019936.5196815131
 03/30  02:00:00,1734529.1162212489,181879.3405207122,180000.0,0.0,251435.183403411,1015846.1041825507
 03/30  03:00:00,1758575.6432310534,210016.28302947932,180000.0,0.0,251435.183403411,1011755.6886835882
 03/30  04:00:00,1778449.4530665423,233980.5083639305,180000.0,0.0,251435.183403411,1007665.2731846257
 03/30  05:00:00,2889520.963961172,791322.7694842801,180000.0,0.0,251435.183403411,1582010.096720453
 03/30  06:00:00,6948577.495692376,612884.6897098457,180000.0,0.0,1488085.7793263101,4587435.35091687
 03/30  07:00:00,4719359.885532302,552808.7976861651,180000.0,0.0,1710015.8136568717,2198654.217756753
 03/30  08:00:00,2823405.018828975,496065.3185936111,180000.0,0.0,933902.109784098,1137847.1533255922
 03/30  09:00:00,2727209.475799039,409349.07140602387,180000.0,0.0,939033.4400576369,1134689.6237438978
 03/30  10:00:00,2593828.9789340077,314019.9753086355,180000.0,0.0,918508.118963481,1130907.259911442
 03/30  11:00:00,3023980.6203658488,207302.9832441044,180000.0,0.0,887720.1373222469,1714598.2101969188
 03/30  12:00:00,3435699.6942526763,155588.82840057655,180000.0,0.0,867194.8162280911,2205428.6179419453
 03/30  13:00:00,2713420.578822798,75490.0762372491,45000.0,0.0,1316186.2151627534,1251547.4750475707
 03/30  14:00:00,2799834.8611835074,31390.50801538437,0.0,0.0,862063.485954552,1881184.0548383463
 03/30  15:00:00,2066510.7660879875,7483.2429358260015,0.0,0.0,867194.8162280911,1164345.2752420073
 03/30  16:00:00,2751870.465315876,0.0,0.0,0.0,1395721.834402608,1312626.8640833348
 03/30  17:00:00,3425899.5080462936,4628.566586442385,0.0,0.0,1780571.604918033,1555946.422188791
 03/30  18:00:00,4808685.684870973,1716.1320483114305,0.0,0.0,2242391.3295365428,2452337.8772510276
 03/30  19:00:00,7039028.799988093,22584.477659872333,180000.0,0.0,4146114.861019512,2541439.206364198
 03/30  20:00:00,6634629.3980946895,0.0,180000.0,0.0,4725955.18192942,1520227.8592429587
 03/30  21:00:00,6391169.046738184,0.0,180000.0,0.0,4510439.310440781,1460214.709079352
 03/30  22:00:00,2852112.0622916115,0.0,180000.0,0.0,1311054.8848892145,1152610.8204800854
 03/30  23:00:00,1993536.3876123829,0.0,180000.0,0.0,590102.981456985,1079124.389824567
 03/30  24:00:00,1560830.6066984618,0.0,180000.0,0.0,251435.183403411,1024026.9351804757
 03/31  01:00:00,1556740.1911994992,0.0,180000.0,0.0,251435.183403411,1019936.5196815131
 03/31  02:00:00,1550359.156393698,0.0,180000.0,0.0,251435.183403411,1015846.1041825507
 03/31  03:00:00,1546268.7408947353,0.0,180000.0,0.0,251435.183403411,1011755.6886835882
 03/31  04:00:00,1556601.8070211061,12132.86231849428,180000.0,0.0,251435.183403411,1007665.2731846257
 03/31  05:00:00,2089615.3207344548,501799.1673631073,180000.0,0.0,292100.97582120757,1012637.3087424038
 03/31  06:00:00,2469259.2867634026,370540.2650208218,180000.0,0.0,744042.889663155,1073888.882578528
 03/31  07:00:00,4583480.140845851,298425.2798193095,180000.0,0.0,897982.7978693249,3113156.6715768343
 03/31  08:00:00,4416849.083553898,254606.86604046813,180000.0,0.0,933902.109784098,2965877.8126831427
 03/31  09:00:00,3346969.781137248,232088.210511872,180000.0,0.0,1626631.6967118632,1239531.294708355
 03/31  10:00:00,3082958.1951179765,206422.30760452006,0.0,0.0,1585581.054523551,1235979.9696257794
 03/31  11:00:00,2988762.4940373795,173512.2836784277,0.0,0.0,1524005.0912410829,1254595.210208452
 03/31  12:00:00,3067611.109374727,169687.0564978449,0.0,0.0,1481671.6164843861,1388765.0047104328
 03/31  13:00:00,2195760.4654437383,150180.73228890856,0.0,0.0,862063.485954552,1158319.434825053
 03/31  14:00:00,2811375.560540992,127269.59983260717,0.0,0.0,1316186.2151627536,1342722.9331704064
 03/31  15:00:00,4113114.4518540953,103191.87332932117,0.0,0.0,1948622.671376435,2033812.475466276
 03/31  16:00:00,20218099.463360008,74594.76375151922,0.0,0.0,2211603.3478953093,17888379.58488325
 03/31  17:00:00,13154302.021257462,81576.65059626671,0.0,0.0,2545139.815675344,10440542.021325983
 03/31  18:00:00,5096479.462878921,62137.64090754533,0.0,0.0,3237869.402603109,1686522.692640014
 03/31  19:00:00,5935187.556589859,51247.78293465276,0.0,0.0,4146114.861019512,1600387.7542253777
 03/31  20:00:00,4786654.461483548,0.0,0.0,0.0,3232738.07232957,1363794.9866863762
 03/31  21:00:00,4641069.92411964,0.0,0.0,0.0,3094192.1549440166,1322397.0771054418
 03/31  22:00:00,3364552.299488441,0.0,0.0,0.0,1949905.5039448203,1219944.1544623415
 03/31  23:00:00,1804373.9103850282,0.0,0.0,0.0,590102.981456985,1079124.389824567
 03/31  24:00:00,1542922.4914350486,0.0,0.0,0.0,376639.64207776263,1061338.806310645
 04/01  01:00:00,1437998.7023282228,0.0,0.0,0.0,292998.9586190769,1040055.700662505
 04/01  02:00:00,1369943.9383924585,0.0,0.0,0.0,251435.183403411,1015846.1041825507
 04/01  03:00:00,1365853.5228934959,0.0,0.0,0.0,251435.183403411,1011755.6886835882
 04/01  04:00:00,1364044.4996346775,0.0,0.0,0.0,251435.183403411,1007665.2731846257
 04/01  05:00:00,3062410.608026837,212377.9918799381,0.0,0.0,366890.1145580385,2380479.8507823637
 04/01  06:00:00,2759190.4070236534,180548.79840524634,45000.0,0.0,1200731.284008126,1232529.0660439292
 04/01  07:00:00,2801229.0520998472,162382.89950681903,0.0,0.0,1341842.8665304482,1203466.2042166605
 04/01  08:00:00,2256545.4076502966,145601.29401697675,0.0,0.0,892851.4675957859,1135962.5253923368
 04/01  09:00:00,2382701.9130955227,113526.92712354806,0.0,0.0,1041660.045528417,1159073.1732392267
 04/01  10:00:00,2126387.7719417824,80548.24024557864,0.0,0.0,862063.485954552,1129022.6319781865
 04/01  11:00:00,2260445.032002646,75602.37350216894,0.0,0.0,981366.9148143339,1166973.4678438331
 04/01  12:00:00,3034724.4021905856,75631.52650153014,0.0,0.0,1516308.0958307744,1415408.072976548
 04/01  13:00:00,3270145.8297409434,92377.3841410812,0.0,0.0,1780571.6049180331,1372101.5260402407
 04/01  14:00:00,3622425.338473727,119550.00139408349,180000.0,0.0,1919117.5223035861,1378662.500134469
 04/01  15:00:00,3359589.888998976,147788.47859879004,180000.0,0.0,1642025.68753248,1362399.015985974
 04/01  16:00:00,11469651.130458333,183988.01463492712,180000.0,0.0,1375196.513308452,9687120.14995221
 04/01  17:00:00,17407106.60777353,238812.42576294095,180000.0,0.0,1126326.9950418107,15775274.281843295
 04/01  18:00:00,3498188.09162009,172623.75762043698,180000.0,0.0,1559924.403155856,1476133.1033168666
 04/01  19:00:00,4811473.302166296,175119.52208281195,180000.0,0.0,2724736.3752492093,1594733.870425612
 04/01  20:00:00,4161554.8234927077,0.0,180000.0,0.0,2432250.549657486,1359948.7179032392
 04/01  21:00:00,5389798.949681016,0.0,180000.0,0.0,3599628.186887608,1386594.3232592586
 04/01  22:00:00,3216394.6676901705,0.0,180000.0,0.0,1670248.0040369446,1172228.3232409547
 04/01  23:00:00,1983219.31139036,1197.4129569185752,180000.0,0.0,590102.981456985,1077316.7748079384
 04/01  24:00:00,1594647.2091621347,34241.04753160723,180000.0,0.0,251435.183403411,1024026.9351804757
 04/02  01:00:00,1618547.4703898556,62231.724258290546,180000.0,0.0,251435.183403411,1019936.5196815131
 04/02  02:00:00,1636599.5880140362,84374.25738143343,180000.0,0.0,251435.183403411,1015846.1041825507
 04/02  03:00:00,1654887.4903811384,106752.57524749823,180000.0,0.0,251435.183403411,1011755.6886835882
 04/02  04:00:00,1674555.7881037302,130511.28846905264,180000.0,0.0,251435.183403411,1007665.2731846257
 04/02  05:00:00,2364317.0291470336,666977.0092363734,180000.0,0.0,405375.09160958097,1027553.4154157375
 04/02  06:00:00,2599992.5946243387,544545.0300883872,180000.0,0.0,723517.568568999,1072081.2675618995
 04/02  07:00:00,3460665.383192629,475638.2198015557,180000.0,0.0,1498348.4398733878,1229111.3873527765
 04/02  08:00:00,3451436.831101096,423129.7526398479,180000.0,0.0,1529136.421514622,1243884.7130218619
 04/02  09:00:00,2997050.9259457607,367176.3214624083,180000.0,0.0,1200731.284008126,1185264.3377511844
 04/02  10:00:00,2890347.250820985,308654.3323355618,180000.0,0.0,1169943.3023668919,1181558.9868353554
 04/02  11:00:00,3131750.921259325,248495.28696857128,180000.0,0.0,1416247.1554967642,1252787.5951918236
 04/02  12:00:00,2854839.2041442413,227973.24828753737,180000.0,0.0,1095539.0134005765,1323950.2355743947
 04/02  13:00:00,2334632.859342697,167483.8848636881,180000.0,0.0,805618.852945623,1156434.8068917978
 04/02  14:00:00,2824593.5056625586,125207.34373827363,45000.0,0.0,1364933.852761374,1264356.994521323
 04/02  15:00:00,1608513.1304978246,129432.89476120498,0.0,0.0,389981.10078896396,1061722.4280659233
 04/02  16:00:00,4262377.768910107,100251.58583121306,0.0,0.0,953144.5983098693,3165635.1322062816
 04/02  17:00:00,3523945.219606748,120186.0203219645,90000.0,0.0,1416247.1554967642,1813100.5309026763
 04/02  18:00:00,3442760.6799947564,114914.95375495988,180000.0,0.0,1559924.403155856,1476133.1033168666
 04/02  19:00:00,4777798.288265583,130037.54698137776,180000.0,0.0,2724736.3752492093,1594733.870425612
 04/02  20:00:00,5422273.236944085,0.0,180000.0,0.0,3520092.567647754,1514573.975443193
 04/02  21:00:00,4668163.592644859,0.0,180000.0,0.0,2929989.5861907685,1318627.8212389313
 04/02  22:00:00,3230083.0211310377,0.0,180000.0,0.0,1670248.0040369446,1172228.3232409547
 04/02  23:00:00,1797213.8563029817,0.0,180000.0,0.0,420769.082430198,1052717.0627436882
 04/02  24:00:00,1568882.2260683891,8476.06443786173,180000.0,0.0,251435.183403411,1024026.9351804757
 04/03  01:00:00,1603514.65016875,47198.90403718487,180000.0,0.0,251435.183403411,1019936.5196815131
 04/03  02:00:00,1629494.4339920795,77269.10335947694,180000.0,0.0,251435.183403411,1015846.1041825507
 04/03  03:00:00,1646012.3292115473,97877.414077907,180000.0,0.0,251435.183403411,1011755.6886835882
 04/03  04:00:00,1662210.9534111263,118166.45377644859,180000.0,0.0,251435.183403411,1007665.2731846257
 04/03  05:00:00,2162385.882344893,638873.9128715144,180000.0,0.0,251435.183403411,1007665.2731846257
 04/03  06:00:00,2824020.656165998,501848.65222080855,180000.0,0.0,962124.4262885624,1100198.849251574
 04/03  07:00:00,2688849.008191389,432424.87071653793,180000.0,0.0,872326.1465016301,1126530.6548083127
 04/03  08:00:00,3013291.0700173257,357087.5623302582,180000.0,0.0,1210993.944555204,1189923.6192070993
 04/03  09:00:00,2917037.358714708,287162.75423135515,180000.0,0.0,1200731.284008126,1185264.3377511844
 04/03  10:00:00,2367413.863573008,236137.11635709344,90000.0,0.0,862063.485954552,1129022.6319781865
 04/03  11:00:00,2554100.8152367044,179184.78498937958,0.0,0.0,836406.834586857,1504288.312058302
 04/03  12:00:00,2627310.420986925,154853.03413962811,0.0,0.0,815881.513492701,1629199.166472863
 04/03  13:00:00,2081800.4968703939,94651.52239138498,0.0,0.0,805618.852945623,1156434.8068917978
 04/03  14:00:00,1884630.176353791,73227.07918887146,0.0,0.0,667072.93556007,1119234.8469632617
 04/03  15:00:00,1509644.3823569783,30564.146620358566,0.0,0.0,389981.10078896396,1061722.4280659233
 04/03  16:00:00,2054060.7610095688,4245.803692590018,0.0,0.0,812033.0157875468,1194435.488966689
 04/03  17:00:00,3052835.8347043865,0.0,0.0,0.0,1416247.1554967642,1552177.1663222802
 04/03  18:00:00,3578618.7165079843,0.0,0.0,0.0,1888329.540662352,1578500.9560785573
 04/03  19:00:00,4467760.741284206,0.0,0.0,0.0,2724736.3752492093,1594733.870425612
 04/03  20:00:00,5352878.705839906,0.0,0.0,0.0,2976171.5586526203,2169100.453334147
 04/03  21:00:00,4488163.592644859,0.0,0.0,0.0,2929989.5861907685,1318627.8212389313
 04/03  22:00:00,3309380.333959654,0.0,0.0,0.0,1907572.0291881233,1194201.6109183927
 04/03  23:00:00,1423280.2452119447,0.0,0.0,0.0,251435.183403411,1028117.3506794382
 04/03  24:00:00,1380406.1616305276,0.0,0.0,0.0,251435.183403411,1024026.9351804757
 04/04  01:00:00,1421315.746131565,0.0,45000.0,0.0,251435.183403411,1019936.5196815131
 04/04  02:00:00,1552225.3306326026,0.0,180000.0,0.0,251435.183403411,1015846.1041825507
 04/04  03:00:00,1548134.9151336402,0.0,180000.0,0.0,251435.183403411,1011755.6886835882
 04/04  04:00:00,1551868.1938176616,0.0,180000.0,0.0,254257.41505385746,1012666.7357171633
 04/04  05:00:00,1995382.0216573817,298042.0017467212,180000.0,0.0,405375.09160958097,1027553.4154157375
 04/04  06:00:00,2236407.646110954,225960.08157500287,135000.0,0.0,723517.568568999,1072081.2675618995
 04/04  07:00:00,3707214.4891325776,180523.2451154507,0.0,0.0,2119239.4029716067,1329884.5048806118
 04/04  08:00:00,2637168.8716020123,160965.363914945,0.0,0.0,1210993.944555204,1189923.6192070993
 04/04  09:00:00,2212652.7824026984,133302.9839026793,0.0,0.0,882588.807048708,1132882.008727269
 04/04  10:00:00,2145846.7799710254,104570.03275511078,0.0,0.0,862063.485954552,1129022.6319781865
 04/04  11:00:00,2447357.388563085,72441.35831576031,0.0,0.0,836406.834586857,1504288.312058302
 04/04  12:00:00,4690155.976481928,23748.3769466143,0.0,0.0,815881.513492701,3823149.37916088
 04/04  13:00:00,2674935.0344746383,5974.621566483049,0.0,0.0,1364933.852761374,1278931.2455051928
 04/04  14:00:00,2654386.161924285,0.0,0.0,0.0,1364933.852761374,1264356.994521323
 04/04  15:00:00,2687460.9143977966,0.0,0.0,0.0,1364933.852761374,1295150.3547546905
 04/04  16:00:00,3915594.7398389755,0.0,0.0,0.0,1375196.513308452,2497051.77396778
 04/04  17:00:00,3904159.9815437766,0.0,0.0,0.0,1271287.0752692875,2548461.3933891472
 04/04  18:00:00,3955039.2973635127,0.0,0.0,0.0,1888329.540662352,1954921.536934086
 04/04  19:00:00,5941917.841059669,0.0,0.0,0.0,2724736.3752492093,3068890.970201075
 04/04  20:00:00,5242273.236944085,0.0,0.0,0.0,3520092.567647754,1514573.975443193
 04/04  21:00:00,5594571.24672061,0.0,0.0,0.0,3934447.487236028,1420577.5742694223
 04/04  22:00:00,3568677.646788271,0.0,0.0,0.0,2144896.0543393022,1216174.898595831
 04/04  23:00:00,1811128.2141648622,0.0,0.0,0.0,590102.981456985,1077297.5215787818
 04/04  24:00:00,1380406.1616305276,0.0,0.0,0.0,251435.183403411,1024026.9351804757
 04/05  01:00:00,1376315.746131565,0.0,0.0,0.0,251435.183403411,1019936.5196815131
 04/05  02:00:00,1372225.3306326026,0.0,0.0,0.0,251435.183403411,1015846.1041825507
 04/05  03:00:00,1368134.9151336402,0.0,0.0,0.0,251435.183403411,1011755.6886835882
 04/05  04:00:00,1379691.8880006457,0.0,0.0,0.0,257079.64670430392,1017668.198249701
 04/05  05:00:00,1698261.4138188327,0.0,0.0,0.0,482345.045712666,1131504.855220825
 04/05  06:00:00,15744328.984403651,0.0,0.0,0.0,723517.568568999,14940962.6874296
 04/05  07:00:00,11494889.982069964,0.0,0.0,0.0,1498348.4398733878,9918974.206031667
 04/05  08:00:00,2848307.078461248,0.0,0.0,0.0,1529136.421514622,1243884.7130218619
 04/05  09:00:00,3554510.077143186,0.0,0.0,0.0,2150027.384612841,1340603.7098063019
 04/05  10:00:00,3852423.0678593107,0.0,0.0,0.0,2088451.4213303728,1713781.0172457616
 04/05  11:00:00,3736250.046553244,0.0,0.0,0.0,836406.834586857,2865622.3283642214
 04/05  12:00:00,2739279.008169136,0.0,0.0,0.0,815881.513492701,1896020.7877947022
 04/05  13:00:00,8559555.892166525,0.0,0.0,0.0,251435.183403411,8283025.394121527
 04/05  14:00:00,1308738.2642233998,0.0,0.0,0.0,251435.183403411,1032207.7661784007
 04/05  15:00:00,1306929.2409645817,0.0,0.0,0.0,251435.183403411,1028117.3506794382
 04/05  16:00:00,1513623.6819825475,0.0,0.0,0.0,391263.9333573488,1079013.296062456
 04/05  17:00:00,5769416.330200585,0.0,0.0,0.0,1416247.1554967642,4268757.661818478
 04/05  18:00:00,3357054.550092547,0.0,0.0,0.0,1559924.403155856,1685341.9271696168
 04/05  19:00:00,3462916.906137699,0.0,0.0,0.0,1898592.20120943,1416034.209318885
 04/05  20:00:00,4310422.780296419,0.0,0.0,0.0,2704211.0541550526,1398605.0322882277
 04/05  21:00:00,5963373.7980791945,0.0,0.0,0.0,4269266.787584448,1454560.8252795863
 04/05  22:00:00,2531488.3954738034,0.0,0.0,0.0,1195599.953734587,1128281.7478860782
 04/05  23:00:00,1811147.4673940188,0.0,0.0,0.0,590102.981456985,1077316.7748079384
 04/05  24:00:00,1380406.1616305276,0.0,0.0,0.0,251435.183403411,1024026.9351804757
 04/06  01:00:00,1376315.746131565,0.0,0.0,0.0,251435.183403411,1019936.5196815131
 04/06  02:00:00,1372225.3306326026,0.0,0.0,0.0,251435.183403411,1015846.1041825507
 04/06  03:00:00,1458134.9151336402,0.0,90000.0,0.0,251435.183403411,1011755.6886835882
 04/06  04:00:00,1544044.4996346775,0.0,180000.0,0.0,251435.183403411,1007665.2731846257
 04/06  05:00:00,1673234.2405663917,149722.27109301323,180000.0,0.0,251435.183403411,1007665.2731846257
 04/06  06:00:00,4242460.868331199,136419.3315715822,180000.0,0.0,724800.4011373837,3121392.4072171804
 04/06  07:00:00,2879039.5178508703,161530.01871450827,180000.0,0.0,406657.92417796573,2053284.2387934877
 04/06  08:00:00,1710263.356990458,175424.87898284465,180000.0,0.0,251435.183403411,1028117.3506794382
 04/06  09:00:00,2427156.18763231,167806.38913229087,180000.0,0.0,882588.807048708,1132882.008727269
 04/06  10:00:00,2373704.1316819647,152427.38446604967,180000.0,0.0,862063.485954552,1129022.6319781865
 04/06  11:00:00,2324359.25712906,135362.78021220144,180000.0,0.0,836406.834586857,1138368.7587278364
 04/06  12:00:00,2436623.9981234716,150086.16460664078,180000.0,0.0,815881.513492701,1263279.6131423975
 04/06  13:00:00,3421703.1538084,105080.97861034772,180000.0,0.0,805618.852945623,2305908.0076108407
 04/06  14:00:00,3291961.146171369,88526.09272363565,180000.0,0.0,805618.852945623,2192720.8858605223
 04/06  15:00:00,2255478.6007429734,79945.38069023969,180000.0,0.0,805618.852945623,1162537.6602253786
 04/06  16:00:00,2962938.4472910967,61816.908171163865,135000.0,0.0,1375196.513308452,1347578.5732487375
 04/06  17:00:00,3314236.3623040253,81400.527599639,180000.0,0.0,1416247.1554967642,1552177.1663222802
 04/06  18:00:00,3393302.7026908314,65456.976451034934,180000.0,0.0,1559924.403155856,1476133.1033168666
 04/06  19:00:00,4226105.40509066,80766.58137970729,180000.0,0.0,2311664.2882293197,1505384.0398722484
 04/06  20:00:00,5111656.418061529,0.0,180000.0,0.0,3248132.063150187,1475917.6610582047
 04/06  21:00:00,3194761.0022271546,0.0,180000.0,0.0,1590712.38479709,1184502.4322149055
 04/06  22:00:00,1937444.9546931067,0.0,180000.0,0.0,487476.37598620495,1062361.8848537637
 04/06  23:00:00,1603280.2452119447,0.0,180000.0,0.0,251435.183403411,1028117.3506794382
 04/06  24:00:00,1560406.1616305276,0.0,180000.0,0.0,251435.183403411,1024026.9351804757
 04/07  01:00:00,1556315.746131565,0.0,180000.0,0.0,251435.183403411,1019936.5196815131
 04/07  02:00:00,1551840.7132755665,1896.7748831080503,180000.0,0.0,251435.183403411,1015846.1041825507
 04/07  03:00:00,1573058.394790234,27204.87189673823,180000.0,0.0,251435.183403411,1011755.6886835882
 04/07  04:00:00,1598292.0261168187,54247.52648214133,180000.0,0.0,251435.183403411,1007665.2731846257
 04/07  05:00:00,2105302.104439436,563538.9970449026,180000.0,0.0,251435.183403411,1007665.2731846257
 04/07  06:00:00,1987393.57432221,439731.02816989576,180000.0,0.0,251435.183403411,1015846.1041825507
 04/07  07:00:00,1938998.7998176941,389999.5993878881,180000.0,0.0,251435.183403411,1024026.9351804757
 04/07  08:00:00,3738164.656974787,329247.9733904703,180000.0,0.0,1849844.5636108094,1296941.9993283104
 04/07  09:00:00,5240276.222734501,257098.7955397645,180000.0,0.0,2150027.384612841,2584708.2753775637
 04/07  10:00:00,26051062.975124072,244522.45416901994,180000.0,0.0,2088451.4213303728,23483335.685861215
 04/07  11:00:00,4970414.046331175,119472.68916169432,90000.0,0.0,2001218.8066802102,2723220.27464696
 04/07  12:00:00,2493518.117606406,112603.58781695791,0.0,0.0,955710.2634466388,1397827.5594610767
 04/07  13:00:00,2387329.9598807115,59275.266187129244,0.0,0.0,1085276.3528534984,1217683.0261984952
 04/07  14:00:00,2686025.0421067034,31638.880182418965,0.0,0.0,1364933.852761374,1264356.994521323
 04/07  15:00:00,2702159.152298386,14698.23790058976,0.0,0.0,1364933.852761374,1295150.3547546905
 04/07  16:00:00,2604620.2565157507,17783.095050113567,0.0,0.0,1234084.9307861296,1309405.7781167645
 04/07  17:00:00,3897058.5385311414,32737.441949283537,0.0,0.0,2001218.8066802102,1776409.3847761613
 04/07  18:00:00,5939246.525480846,22613.228234409653,90000.0,0.0,2216734.678168848,3500391.7915506586
 04/07  19:00:00,4696441.715982381,60087.93589889721,180000.0,0.0,2724736.3752492093,1594733.870425612
 04/07  20:00:00,3227269.3400898287,0.0,180000.0,0.0,1612520.5384596307,1245393.2456982152
 04/07  21:00:00,3178791.256546144,0.0,180000.0,0.0,1590712.38479709,1184502.4322149055
 04/07  22:00:00,2697800.042032937,0.0,180000.0,0.0,1195599.953734587,1128281.7478860782
 04/07  23:00:00,1691121.4817968858,0.0,180000.0,0.0,336102.13291680446,1040417.2067115632
 04/07  24:00:00,1560406.1616305276,0.0,180000.0,0.0,251435.183403411,1024026.9351804757
 04/08  01:00:00,1580217.700941102,23901.95480953702,180000.0,0.0,251435.183403411,1019936.5196815131
 04/08  02:00:00,1621372.1435311027,71428.20513864401,180000.0,0.0,251435.183403411,1015846.1041825507
 04/08  03:00:00,1651557.9243388833,105704.40144538756,180000.0,0.0,251435.183403411,1011755.6886835882
 04/08  04:00:00,1692087.9740808231,132396.08608017757,180000.0,0.0,257079.64670430392,1017668.198249701
 04/08  05:00:00,2362356.1165418196,646764.9587100046,180000.0,0.0,405375.09160958097,1027553.4154157375
 04/08  06:00:00,2606922.797475231,530942.7027779797,180000.0,0.0,723517.568568999,1072081.2675618995
 04/08  07:00:00,3460883.2100539347,459886.30098185095,180000.0,0.0,1498348.4398733878,1229111.3873527765
 04/08  08:00:00,4892348.755794687,378611.0907941924,180000.0,0.0,2170552.705706997,2081054.8386483013
 04/08  09:00:00,3508208.855499273,319718.99388317356,180000.0,0.0,1676662.1668788684,1263385.9275329001
 04/08  10:00:00,3899384.9067199784,238819.635235908,180000.0,0.0,2088451.4213303728,1337360.4363902332
 04/08  11:00:00,3746926.830573712,163883.94432863634,180000.0,0.0,2001218.8066802102,1365321.8037225555
 04/08  12:00:00,3066689.3939562524,144495.3157596759,135000.0,0.0,1375196.513308452,1384620.8580063921
 04/08  13:00:00,2750776.404361688,81815.9914535326,0.0,0.0,1364933.852761374,1278931.2455051928
 04/08  14:00:00,2699908.42189857,45522.259974284985,0.0,0.0,1364933.852761374,1264356.994521323
 04/08  15:00:00,2363108.3307732325,21611.263547966864,0.0,0.0,1085276.3528534984,1228844.0074900347
 04/08  16:00:00,3854083.989813611,0.0,0.0,0.0,1654854.0132163276,2155883.52403454
 04/08  17:00:00,3848069.6940112505,15132.663358222622,0.0,0.0,2001218.8066802102,1745025.3188473317
 04/08  18:00:00,4062657.0596765727,10546.745140546376,45000.0,0.0,2216734.678168848,1680868.8088402483
 04/08  19:00:00,4676266.961119633,39913.181036149464,180000.0,0.0,2724736.3752492093,1594733.870425612
 04/08  20:00:00,5404022.09902293,0.0,180000.0,0.0,3520092.567647754,1514573.975443193
 04/08  21:00:00,6127404.052398182,0.0,180000.0,0.0,4269266.787584448,1454560.8252795863
 04/08  22:00:00,3734989.2933474043,0.0,180000.0,0.0,2144896.0543393022,1216174.898595831
 04/08  23:00:00,1982021.8984334413,0.0,180000.0,0.0,590102.981456985,1077316.7748079384
 04/08  24:00:00,1722922.4914350486,0.0,180000.0,0.0,376639.64207776263,1061338.806310645
 04/09  01:00:00,1617998.7023282228,0.0,180000.0,0.0,292998.9586190769,1040055.700662505
 04/09  02:00:00,1586722.5285054478,23416.09197499619,180000.0,0.0,251435.183403411,1026927.2100803996
 04/09  03:00:00,1614361.4339393452,64414.52674087867,180000.0,0.0,251435.183403411,1013567.6807484142
 04/09  04:00:00,1642559.5148895765,94603.16816340701,180000.0,0.0,252846.29922863422,1010166.0044508944
 04/09  05:00:00,2137910.5831621895,614398.6136888111,180000.0,0.0,251435.183403411,1007665.2731846257
 04/09  06:00:00,3819293.563902304,481010.5789426907,180000.0,0.0,842820.9974287807,2235613.25912578
 04/09  07:00:00,6877415.856585635,381753.5227847253,180000.0,0.0,1498348.4398733878,4739746.557762614
 04/09  08:00:00,6431835.451818596,310000.9505239114,180000.0,0.0,1529136.421514622,4337412.1358552985
 04/09  09:00:00,2521189.2561515835,261839.4576515642,180000.0,0.0,882588.807048708,1132882.008727269
 04/09  10:00:00,2268267.5011374154,181990.75392150081,45000.0,0.0,862063.485954552,1129022.6319781865
 04/09  11:00:00,2623667.5845721653,93976.73962488573,0.0,0.0,1271287.0752692875,1224182.8860758266
 04/09  12:00:00,2844443.197269444,57249.11907286721,0.0,0.0,1375196.513308452,1384620.8580063921
 04/09  13:00:00,2420362.382004917,9664.078057699657,0.0,0.0,945447.6028995607,1440155.3864060685
 04/09  14:00:00,2046200.619405175,1669.1177055231085,0.0,0.0,528527.018174517,1490909.1688835467
 04/09  15:00:00,23810069.143880606,0.0,0.0,0.0,251435.183403411,23531257.25359546
 04/09  16:00:00,1335170.2331424798,0.0,0.0,0.0,251435.183403411,1040388.5971763257
 04/09  17:00:00,1890410.6648234916,0.0,0.0,0.0,543921.008995134,1262078.1429430158
 04/09  18:00:00,2504236.7869676687,0.0,0.0,0.0,1071165.1946012662,1321283.3725993286
 04/09  19:00:00,6751710.953972222,0.0,90000.0,0.0,2724736.3752492093,3788684.0831136284
 04/09  20:00:00,5422273.236944085,0.0,180000.0,0.0,3520092.567647754,1514573.975443193
 04/09  21:00:00,6143373.7980791945,0.0,180000.0,0.0,4269266.787584448,1454560.8252795863
 04/09  22:00:00,4264706.607308735,0.0,180000.0,0.0,2616978.4395048902,1260121.473950707
 04/09  23:00:00,1991147.4673940188,0.0,180000.0,0.0,590102.981456985,1077316.7748079384
 04/09  24:00:00,1722922.4914350486,0.0,180000.0,0.0,376639.64207776263,1061338.806310645
 04/10  01:00:00,1556315.746131565,0.0,180000.0,0.0,251435.183403411,1019936.5196815131
 04/10  02:00:00,1552225.3306326026,0.0,180000.0,0.0,251435.183403411,1015846.1041825507
 04/10  03:00:00,1548134.9151336402,0.0,180000.0,0.0,251435.183403411,1011755.6886835882
 04/10  04:00:00,1577830.1509648222,33785.65133014458,180000.0,0.0,251435.183403411,1007665.2731846257
 04/10  05:00:00,2077957.4874609457,554445.5179875671,180000.0,0.0,251435.183403411,1007665.2731846257
 04/10  06:00:00,3472814.1570175453,418803.04641142476,180000.0,0.0,962124.4262885624,1832037.955912505
 04/10  07:00:00,3698789.337911765,352930.13420766505,180000.0,0.0,1808793.9214224974,1279497.9461166942
 04/10  08:00:00,2949949.0327771557,293745.52509008796,180000.0,0.0,1210993.944555204,1189923.6192070993
 04/10  09:00:00,2481856.632350705,222506.8338506856,180000.0,0.0,882588.807048708,1132882.008727269
 04/10  10:00:00,1827257.3967540034,143792.64921251443,0.0,0.0,556749.3346789815,1076524.7835793311
 04/10  11:00:00,2063125.0275355391,54128.550618680114,0.0,0.0,836406.834586857,1138368.7587278364
 04/10  12:00:00,2118490.9961120407,11953.162595209826,0.0,0.0,815881.513492701,1263279.6131423975
 04/10  13:00:00,1987148.974479009,0.0,0.0,0.0,805618.852945623,1156434.8068917978
 04/10  14:00:00,1978958.0414787596,0.0,0.0,0.0,805618.852945623,1148243.8738915487
 04/10  15:00:00,2672664.284474607,0.0,0.0,0.0,1225105.1028074361,1420182.4747854387
 04/10  16:00:00,24395029.590216607,19205.399207348215,134313.5148188206,0.0,1375196.513308452,22822967.710319247
 04/10  17:00:00,4141477.3379146475,8603.02701937377,59957.4921800381,0.0,1416247.1554967642,2572258.150333129
 04/10  18:00:00,5550237.27160353,37686.43996086605,255650.96032611377,0.0,2052532.1094156,3092579.542133877
 04/10  19:00:00,4429474.389196834,11448.692361929981,76266.29226842287,0.0,2311664.2882293197,1881804.620727777
 04/10  20:00:00,6551549.517054748,5982.065071776774,39088.989504535566,0.0,2976171.5586526203,3322700.2099726773
 04/10  21:00:00,3952578.7070186553,0.0,0.0,0.0,1925531.6851455094,1787500.8366579865
 04/10  22:00:00,9687394.847219082,0.0,0.0,0.0,1195599.953734587,8284188.199631358
 04/10  23:00:00,1423280.2452119447,0.0,0.0,0.0,251435.183403411,1028117.3506794382
 04/10  24:00:00,1380406.1616305276,0.0,0.0,0.0,251435.183403411,1024026.9351804757
 04/11  01:00:00,1376315.746131565,0.0,0.0,0.0,251435.183403411,1019936.5196815131
 04/11  02:00:00,1372225.3306326026,0.0,0.0,0.0,251435.183403411,1015846.1041825507
 04/11  03:00:00,1503134.9151336402,0.0,135000.0,0.0,251435.183403411,1011755.6886835882
 04/11  04:00:00,1544044.4996346775,0.0,180000.0,0.0,251435.183403411,1007665.2731846257
 04/11  05:00:00,1880618.072150102,183278.0522394415,180000.0,0.0,405375.09160958097,1027553.4154157375
 04/11  06:00:00,1836290.8268845442,177081.42375729536,180000.0,0.0,369455.77969480795,1029904.8950273879
 04/11  07:00:00,1702839.2100386086,169809.75528981342,180000.0,0.0,251435.183403411,1024026.9351804757
 04/11  08:00:00,1630010.4851697362,140172.0071621228,135000.0,0.0,251435.183403411,1028117.3506794382
 04/11  09:00:00,1810524.4088643885,99133.7512109331,0.0,0.0,567011.9952260596,1080499.6797033537
 04/11  10:00:00,2081083.6072694035,39806.860053488854,0.0,0.0,862063.485954552,1129022.6319781865
 04/11  11:00:00,2182561.2662603324,0.0,0.0,0.0,981366.9148143339,1166973.4678438331
 04/11  12:00:00,1590899.2007268658,0.0,0.0,0.0,392546.7659257335,1170975.7279194
 04/11  13:00:00,2145334.268142085,0.0,0.0,0.0,805618.852945623,1314620.1005548742
 04/11  14:00:00,24578899.29529507,12621.8946901063,91849.2380448455,0.0,805618.852945623,23643713.994972907
 04/11  15:00:00,3350825.836251667,24745.78923785698,181073.62624203265,0.0,805618.852945623,2312010.8609444215
 04/11  16:00:00,5774200.709079252,71646.54287829879,519355.54814389325,0.0,810750.1832191619,4329101.982275155
 04/11  17:00:00,6729609.964777911,66872.5095985332,475687.0309206805,0.0,1416247.1554967642,4686391.75587659
 04/11  18:00:00,5678963.119456932,42842.260717237994,294324.91981188033,0.0,1559924.403155856,3670083.316004883
 04/11  19:00:00,3550953.3071320625,11604.32772323601,76432.07327112794,0.0,1898592.20120943,1416034.209318885
 04/11  20:00:00,5803488.650513656,10182.97376743795,65878.14413747827,0.0,3520092.567647754,1999728.2711078478
 04/11  21:00:00,12019417.798116975,879.2357073553857,5665.966660897713,0.0,3264808.886539188,8508517.523994375
 04/11  22:00:00,2531488.3954738034,0.0,0.0,0.0,1195599.953734587,1128281.7478860782
 04/11  23:00:00,1811147.4673940188,0.0,0.0,0.0,590102.981456985,1077316.7748079384
 04/11  24:00:00,1542922.4914350486,0.0,0.0,0.0,376639.64207776263,1061338.806310645
 04/12  01:00:00,1376315.746131565,0.0,0.0,0.0,251435.183403411,1019936.5196815131
 04/12  02:00:00,1372225.3306326026,0.0,0.0,0.0,251435.183403411,1015846.1041825507
 04/12  03:00:00,1503134.9151336402,0.0,135000.0,0.0,251435.183403411,1011755.6886835882
 04/12  04:00:00,1544044.4996346775,0.0,180000.0,0.0,251435.183403411,1007665.2731846257
 04/12  05:00:00,1628454.2874753615,104942.31800198322,180000.0,0.0,251435.183403411,1007665.2731846257
 04/12  06:00:00,4842057.320459457,70029.260427308,180000.0,0.0,723517.568568999,3788661.7630580976
 04/12  07:00:00,2455003.7806306784,79370.81930307657,90000.0,0.0,872326.1465016301,1335739.478661063
 04/12  08:00:00,3477418.239607315,55846.269700078585,0.0,0.0,892851.4675957859,2453434.5583866863
 04/12  09:00:00,2456769.973254566,28294.097541186853,0.0,0.0,724800.4011373837,1639796.4918519536
 04/12  10:00:00,2857020.265952778,0.0,0.0,0.0,1477823.1187792318,1329006.5178903698
 04/12  11:00:00,16572137.054158453,0.0,0.0,0.0,1416247.1554967642,15121669.015059523
 04/12  12:00:00,10964849.230272269,0.0,0.0,0.0,954427.430878254,9983045.092512283
 04/12  13:00:00,1312369.0333087798,409.85246603793365,3220.9166193418773,0.0,251435.183403411,1032207.7661784007
 04/12  14:00:00,2561805.3764995937,48002.27441592062,376659.7669418372,0.0,805618.852945623,1306429.1675546248
 04/12  15:00:00,24916090.17191406,165972.08655024727,1279195.7282405684,0.0,805618.852945623,22637926.797295883
 04/12  16:00:00,12024434.706024872,148033.2782776962,1137554.5805655376,0.0,810750.1832191619,9884750.211399736
 04/12  17:00:00,3843665.8856492722,114919.45174480561,869063.4643296631,0.0,1271287.0752692875,1503984.3814201741
 04/12  18:00:00,3460176.104008227,89468.69103750595,651934.3129123431,0.0,1234084.9307861296,1372899.9495051745
 04/12  19:00:00,2663508.882013089,56756.141949636934,395288.21425613016,0.0,871043.3139332451,1192130.7162646924
 04/12  20:00:00,2936302.875200318,23357.822195341654,158853.06946161907,0.0,1339277.201393679,1207208.0882965405
 04/12  21:00:00,3014761.0022271546,0.0,0.0,0.0,1590712.38479709,1184502.4322149055
 04/12  22:00:00,2790785.7083024206,0.0,0.0,0.0,1432923.978885766,1150255.0355635164
 04/12  23:00:00,1811147.4673940188,0.0,0.0,0.0,590102.981456985,1077316.7748079384
 04/12  24:00:00,1542922.4914350486,0.0,0.0,0.0,376639.64207776263,1061338.806310645
 04/13  01:00:00,1391736.4851807295,0.0,0.0,0.0,261826.12720732746,1024966.3149267612
 04/13  02:00:00,1372225.3306326026,0.0,0.0,0.0,251435.183403411,1015846.1041825507
 04/13  03:00:00,1548134.9151336402,0.0,180000.0,0.0,251435.183403411,1011755.6886835882
 04/13  04:00:00,1544044.4996346775,0.0,180000.0,0.0,251435.183403411,1007665.2731846257
 04/13  05:00:00,1635130.1215832592,68161.13950056036,180000.0,0.0,289920.1604549535,1012637.3087424038
 04/13  06:00:00,2118901.1701147817,63453.605578830015,180000.0,0.0,723517.568568999,1072081.2675618995
 04/13  07:00:00,2491400.347326565,50674.69689360251,0.0,0.0,1185337.293187509,1177821.0210805447
 04/13  08:00:00,2691981.8698882195,29726.576814062064,0.0,0.0,1370065.183034913,1216904.1661144807
 04/13  09:00:00,2090488.1095987796,11138.311098760207,0.0,0.0,882588.807048708,1132882.008727269
 04/13  10:00:00,2041276.7472159148,0.0,0.0,0.0,862063.485954552,1129022.6319781865
 04/13  11:00:00,2008996.476916859,0.0,0.0,0.0,836406.834586857,1138368.7587278364
 04/13  12:00:00,2106537.833516831,0.0,0.0,0.0,815881.513492701,1263279.6131423975
 04/13  13:00:00,2295698.238370379,34276.69859824882,274272.56529312127,0.0,805618.852945623,1156434.8068917978
 04/13  14:00:00,2779205.67704356,88826.1089276229,711421.5266371774,0.0,805618.852945623,1148243.8738915487
 04/13  15:00:00,3814271.3134693173,144855.12954132658,1154937.1931164598,0.0,1225105.1028074361,1261997.1811223626
 04/13  16:00:00,4312031.404015897,173123.96094939634,1372785.9039465673,0.0,1375196.513308452,1347578.5732487375
 04/13  17:00:00,7071449.949838265,213772.37229242118,1667719.8427340086,0.0,981366.9148143338,4124179.307112159
 04/13  18:00:00,6782128.798230773,196722.6063063583,1497505.7642522694,0.0,1725409.8044774889,3250702.4034275822
 04/13  19:00:00,5921983.669314222,173374.7012144191,1280848.2268155974,0.0,2724736.3752492093,1594733.870425612
 04/13  20:00:00,6480265.047972938,149225.27243765723,1088766.5385911958,0.0,3520092.567647754,1514573.975443193
 04/13  21:00:00,6550560.486738727,115318.29673743021,840670.9432806865,0.0,3934447.487236028,1420577.5742694223
 04/13  22:00:00,3709276.9458056,48537.19867384948,352642.2457404809,0.0,1906289.1966197384,1194201.6109183927
 04/13  23:00:00,1811147.4673940188,0.0,0.0,0.0,590102.981456985,1077316.7748079384
 04/13  24:00:00,1410044.5533726625,3705.2920750462335,25933.099667088347,0.0,251435.183403411,1024026.9351804757
 04/14  01:00:00,1376315.746131565,0.0,0.0,0.0,251435.183403411,1019936.5196815131
 04/14  02:00:00,1369943.9383924585,0.0,0.0,0.0,251435.183403411,1015846.1041825507
 04/14  03:00:00,1365853.5228934959,0.0,0.0,0.0,251435.183403411,1011755.6886835882
 04/14  04:00:00,1364044.4996346775,0.0,0.0,0.0,251435.183403411,1007665.2731846257
 04/14  05:00:00,1361763.1073945332,0.0,0.0,0.0,251435.183403411,1007665.2731846257
 04/14  06:00:00,4037432.2130102324,0.0,0.0,0.0,723517.568568999,3213533.385874882
 04/14  07:00:00,2144656.9114366802,0.0,0.0,0.0,872326.1465016301,1178793.6830891308
 04/14  08:00:00,2110944.1136333197,0.0,0.0,0.0,892851.4675957859,1135962.5253923368
 04/14  09:00:00,3556017.747960517,0.0,0.0,0.0,1518873.760967544,1968702.2197886424
 04/14  10:00:00,2766671.874235221,0.0,0.0,0.0,1477823.1187792318,1234095.341692524
 04/14  11:00:00,2184842.6585004767,0.0,0.0,0.0,981366.9148143338,1166973.4678438331
 04/14  12:00:00,2290742.341787873,20845.312754863236,163359.1955161788,0.0,815881.513492701,1263279.6131423975
 04/14  13:00:00,4340097.5914645605,63412.028484112394,498142.9823987542,0.0,1364933.852761374,2388513.4131787308
 04/14  14:00:00,4808479.550460254,85816.5899586952,673013.9136084144,0.0,1364933.852761374,2659619.8794901823
 04/14  15:00:00,26547699.36716886,176826.81920550944,1360923.4360704643,0.0,1225105.1028074364,23757467.30220372
 04/14  16:00:00,3745393.3973689317,112107.71992381528,867164.1383251832,0.0,1375196.513308452,1347578.5732487375
 04/14  17:00:00,4131028.000024705,124692.57872029273,951218.1943598813,0.0,1416247.1554967642,1552177.1663222802
 04/14  18:00:00,4076883.281121169,109976.75905088075,821342.1880706365,0.0,1559924.403155856,1476133.1033168666
 04/14  19:00:00,4858199.117249083,109457.27111975013,794809.9836191016,0.0,2311664.2882293197,1505384.0398722484
 04/14  20:00:00,6072465.9058191385,104633.55072289253,743810.2560733164,0.0,3520092.567647754,1514573.975443193
 04/14  21:00:00,5435837.970663453,74032.37067081525,520809.20167020574,0.0,3264808.886539188,1352611.072249095
 04/14  22:00:00,3324421.1492172475,35946.63406119729,252079.84746587937,0.0,1670248.0040369446,1172228.3232409547
 04/14  23:00:00,2225903.831008355,4503.671195307151,31588.05211415954,0.0,928770.7795105589,1126439.1860198118
 04/14  24:00:00,1583660.6039138609,0.0,0.0,0.0,408069.040003189,1070647.5208640308
 04/15  01:00:00,1376315.746131565,0.0,0.0,0.0,251435.183403411,1019936.5196815131
 04/15  02:00:00,1369943.9383924585,0.0,0.0,0.0,251435.183403411,1015846.1041825507
 04/15  03:00:00,1365853.5228934959,0.0,0.0,0.0,251435.183403411,1011755.6886835882
 04/15  04:00:00,1371868.1938176616,0.0,0.0,0.0,254257.41505385746,1012666.7357171633
 04/15  05:00:00,1535591.157831815,0.0,0.0,0.0,405375.09160958097,1027553.4154157375
 04/15  06:00:00,1895980.094697251,0.0,0.0,0.0,723517.568568999,1072081.2675618995
 04/15  07:00:00,2958143.558677971,0.0,0.0,0.0,1498348.4398733878,1366258.0369586635
 04/15  08:00:00,17983120.87539894,0.0,0.0,0.0,892851.4675957859,17008139.28715796
 04/15  09:00:00,8733613.433637498,0.0,0.0,0.0,882588.807048708,7782582.859384457
 04/15  10:00:00,2045839.5316962036,0.0,0.0,0.0,862063.485954552,1129022.6319781865
 04/15  11:00:00,3571803.3023761483,40605.09732063816,317911.2794193764,0.0,1710015.813656872,1466768.836136952
 04/15  12:00:00,19122714.31133464,169579.47820072045,1331414.1485946702,0.0,1377762.1784452214,16216581.799212294
 04/15  13:00:00,5715613.667589865,176745.8633391041,1407796.2853155201,0.0,1364933.852761374,2741042.351532278
 04/15  14:00:00,4487903.649450146,204446.55796064256,1629070.929565219,0.0,1364933.852761374,1264356.994521323
 04/15  15:00:00,4842065.010508054,241493.53016727927,1913110.5659429776,0.0,1364933.852761374,1295150.3547546905
 04/15  16:00:00,4994986.476307038,251152.9697489806,1977711.9674381248,0.0,1375196.513308452,1347578.5732487375
 04/15  17:00:00,5715319.642170884,258918.8442136318,2012373.6691584727,0.0,1708732.9810884872,1648601.242584806
 04/15  18:00:00,6045587.817369093,233164.05633469357,1773929.3805695432,0.0,2216734.678168848,1712252.8747690779
 04/15  19:00:00,8050896.08654121,212339.0875422647,1562680.236205051,0.0,2724736.3752492093,3414256.8531360226
 04/15  20:00:00,6712751.691869709,181572.9806202189,1307156.6122265607,0.0,3520092.567647754,1514573.975443193
 04/15  21:00:00,7280119.2487754915,164043.50429583827,1168671.6920814705,0.0,4269266.787584448,1454560.8252795863
 04/15  22:00:00,4076457.076195841,96164.721305759,685883.2069396791,0.0,1906289.1966197384,1194201.6109183927
 04/15  23:00:00,1714642.951425214,36842.03515526325,263646.2400185836,0.0,251435.183403411,1028117.3506794382
 04/15  24:00:00,1460002.6046459596,9760.147176562106,69836.2958388697,0.0,251435.183403411,1024026.9351804757
 04/16  01:00:00,1376315.746131565,0.0,0.0,0.0,251435.183403411,1019936.5196815131
 04/16  02:00:00,1372225.3306326026,0.0,0.0,0.0,251435.183403411,1015846.1041825507
 04/16  03:00:00,1368134.9151336402,0.0,0.0,0.0,251435.183403411,1011755.6886835882
 04/16  04:00:00,1364044.4996346775,0.0,0.0,0.0,251435.183403411,1007665.2731846257
 04/16  05:00:00,1603350.237620987,0.0,0.0,0.0,482345.045712666,1036593.6790229791
 04/16  06:00:00,3558369.6440734705,0.0,0.0,0.0,1200731.284008126,2277789.6316602915
 04/16  07:00:00,3118448.6223465037,0.0,0.0,0.0,1498348.4398733878,1542532.8463082076
 04/16  08:00:00,2848307.078461248,0.0,0.0,0.0,1529136.421514622,1243884.7130218619
 04/16  09:00:00,3554510.077143186,0.0,0.0,0.0,2150027.384612841,1340603.7098063019
 04/16  10:00:00,9797025.687750265,43813.289122595605,340145.84885080485,0.0,1783137.2700548023,7579738.650438886
 04/16  11:00:00,20067248.109132603,114021.57566272061,890326.2458322023,0.0,1416247.1554967642,17612432.24853875
 04/16  12:00:00,2979739.862539384,79068.18259917296,623969.7852534436,0.0,955710.2634466388,1293614.924358396
 04/16  13:00:00,2607630.0506660966,70792.77880899145,549688.2973780963,0.0,805618.852945623,1156434.8068917978
 04/16  14:00:00,2271196.478356283,34213.49594267873,258024.9409348448,0.0,805618.852945623,1148243.8738915487
 04/16  15:00:00,2546702.6373723745,3861.9144826776505,28361.7320781656,0.0,1225105.1028074361,1261997.1811223626
 04/16  16:00:00,2228268.4061570466,0.0,0.0,0.0,951861.7657414844,1233060.187852819
 04/16  17:00:00,4591218.937277678,0.0,0.0,0.0,1708732.9810884872,2798074.4433038486
 04/16  18:00:00,7143606.29633048,0.0,0.0,0.0,2216734.678168848,4815083.398394559
 04/16  19:00:00,8493921.637763456,0.0,45000.0,0.0,2724736.3752492093,5575894.766904861
 04/16  20:00:00,8619854.823338155,0.0,180000.0,0.0,3520092.567647754,4712155.5618372625
 04/16  21:00:00,5405768.695362027,0.0,180000.0,0.0,3599628.186887608,1386594.3232592586
 04/16  22:00:00,2711488.3954738034,0.0,180000.0,0.0,1195599.953734587,1128281.7478860782
 04/16  23:00:00,1603280.2452119447,0.0,180000.0,0.0,251435.183403411,1028117.3506794382
 04/16  24:00:00,1560406.1616305276,0.0,180000.0,0.0,251435.183403411,1024026.9351804757
 04/17  01:00:00,1556315.746131565,0.0,180000.0,0.0,251435.183403411,1019936.5196815131
 04/17  02:00:00,1552225.3306326026,0.0,180000.0,0.0,251435.183403411,1015846.1041825507
 04/17  03:00:00,1548134.9151336402,0.0,180000.0,0.0,251435.183403411,1011755.6886835882
 04/17  04:00:00,1544044.4996346775,0.0,180000.0,0.0,251435.183403411,1007665.2731846257
 04/17  05:00:00,1800335.0692474374,276823.09977405873,180000.0,0.0,251435.183403411,1007665.2731846257
 04/17  06:00:00,2540956.545345614,218784.54140042482,180000.0,0.0,962124.4262885624,1100198.849251574
 04/17  07:00:00,5701747.225272453,182290.3228642377,180000.0,0.0,1341842.8665304482,3920046.699712858
 04/17  08:00:00,3418049.9043669114,193685.59058773174,180000.0,0.0,892851.4675957859,2076226.9022586294
 04/17  09:00:00,2458371.144768233,199021.3462682133,180000.0,0.0,882588.807048708,1132882.008727269
 04/17  10:00:00,2412481.7484585913,191205.00124267663,180000.0,0.0,862063.485954552,1129022.6319781865
 04/17  11:00:00,2374751.460240853,185754.98332399398,180000.0,0.0,836406.834586857,1138368.7587278364
 04/17  12:00:00,2481664.2123689633,195126.37885213227,180000.0,0.0,815881.513492701,1263279.6131423975
 04/17  13:00:00,2337065.063069484,169916.08859047538,180000.0,0.0,805618.852945623,1156434.8068917978
 04/17  14:00:00,2323297.4651150582,164339.42363629874,180000.0,0.0,805618.852945623,1148243.8738915487
 04/17  15:00:00,4762901.828829967,135395.9899108161,180000.0,0.0,1225105.1028074361,3195024.0292299828
 04/17  16:00:00,6196497.990328667,116161.86165442526,180000.0,0.0,1375196.513308452,4481793.162803046
 04/17  17:00:00,4952815.529924074,152872.40044253255,180000.0,0.0,1416247.1554967642,3119284.4610994346
 04/17  18:00:00,3690399.6200768566,147167.3987029666,180000.0,0.0,1724126.9719091041,1527317.029697712
 04/17  19:00:00,5633063.925895888,138356.8776867433,180000.0,0.0,2724736.3752492093,2441680.177350551
 04/17  20:00:00,6425904.610650137,0.0,180000.0,0.0,3520092.567647754,2518205.349149246
 04/17  21:00:00,6143373.7980791945,0.0,180000.0,0.0,4269266.787584448,1454560.8252795863
 04/17  22:00:00,4264706.607308735,0.0,180000.0,0.0,2616978.4395048902,1260121.473950707
 04/17  23:00:00,1603280.2452119447,0.0,180000.0,0.0,251435.183403411,1028117.3506794382
 04/17  24:00:00,1760826.9287016452,0.0,180000.0,0.0,251435.183403411,1224447.7022515933
 04/18  01:00:00,1556315.746131565,0.0,180000.0,0.0,251435.183403411,1019936.5196815131
 04/18  02:00:00,1582957.8859066411,30732.555274038565,180000.0,0.0,251435.183403411,1015846.1041825507
 04/18  03:00:00,1611939.251203643,63804.336070002726,180000.0,0.0,251435.183403411,1011755.6886835882
 04/18  04:00:00,1633582.8658921022,89538.36625742476,180000.0,0.0,251435.183403411,1007665.2731846257
 04/18  05:00:00,2260825.8226179522,606942.8153166124,180000.0,0.0,366890.1145580385,1022581.3798579597
 04/18  06:00:00,3649941.51453666,462568.18422592035,180000.0,0.0,1081427.8551483443,1846096.7467573422
 04/18  07:00:00,4167758.430722746,397559.57957074104,180000.0,0.0,1185337.293187509,2327294.2217995874
 04/18  08:00:00,3313213.561987727,343588.59534522856,180000.0,0.0,1210993.944555204,1503345.0781625304
 04/18  09:00:00,2559040.549262333,299690.75076231407,180000.0,0.0,882588.807048708,1132882.008727269
 04/18  10:00:00,1746661.0667111399,241008.31884407694,180000.0,0.0,251435.183403411,1024026.9351804757
 04/18  11:00:00,1664928.2475463531,175245.24536030053,180000.0,0.0,251435.183403411,1024026.9351804757
 04/18  12:00:00,1702635.856363158,148616.19989961394,135000.0,0.0,251435.183403411,1140207.7661784007
 04/18  13:00:00,2066833.9153609395,79684.94088193067,0.0,0.0,805618.852945623,1156434.8068917978
 04/18  14:00:00,2022481.0339180077,43522.99243924801,0.0,0.0,805618.852945623,1148243.8738915487
 04/18  15:00:00,2183421.911866584,14906.768227584478,0.0,0.0,945447.6028995607,1195690.8338577067
 04/18  16:00:00,2766121.539119933,0.0,0.0,0.0,1375196.513308452,1347578.5732487375
 04/18  17:00:00,5163419.452875055,1324.9838147246523,0.0,0.0,1854975.8938843487,3222707.0622906405
 04/18  18:00:00,6528025.818520607,0.0,0.0,0.0,2216734.678168848,4199502.920584685
 04/18  19:00:00,4608817.401121709,6056.6598375032545,135000.0,0.0,2724736.3752492093,1594733.870425612
 04/18  20:00:00,5517184.4131419305,0.0,180000.0,0.0,3520092.567647754,1609485.1516410387
 04/18  21:00:00,6533616.917546002,0.0,180000.0,0.0,4269266.787584448,1844803.944746395
 04/18  22:00:00,27276205.688910555,0.0,180000.0,0.0,3089060.824670478,23799538.17038694
 04/18  23:00:00,2632034.1465203883,0.0,180000.0,0.0,928770.7795105589,1379535.6558807336
 04/18  24:00:00,2277457.236452672,0.0,180000.0,0.0,470927.83585404174,1521585.3575519894
 04/19  01:00:00,2039878.880527647,0.0,180000.0,0.0,292998.9586190769,1461935.8788619293
 04/19  02:00:00,24094494.098362625,35717.540750813896,180000.0,0.0,251435.183403411,23522397.33116176
 04/19  03:00:00,3342602.805185158,4658.13892293182,180000.0,0.0,251435.183403411,2801565.4398121745
 04/19  04:00:00,1651736.75114295,45112.32994104079,180000.0,0.0,251435.183403411,1070245.194751857
 04/19  05:00:00,2175215.283611431,564789.2889194111,180000.0,0.0,328405.137506496,1017609.3443001816
 04/19  06:00:00,2620136.1830623224,431326.3988217522,180000.0,0.0,842820.9974287807,1086140.0584067367
 04/19  07:00:00,3333938.3657345553,348911.202343482,180000.0,0.0,1498348.4398733878,1229111.3873527765
 04/19  08:00:00,2569262.555833782,285162.6189208954,180000.0,0.0,892851.4675957859,1135962.5253923368
 04/19  09:00:00,2473955.338867187,214605.54036716773,180000.0,0.0,882588.807048708,1132882.008727269
 04/19  10:00:00,2896291.4993855944,134182.4096306622,0.0,0.0,1477823.1187792318,1234095.341692524
 04/19  11:00:00,2254660.094154342,72098.82789400946,0.0,0.0,981366.9148143338,1166973.4678438331
 04/19  12:00:00,2140488.6064947853,33950.772977954344,0.0,0.0,815881.513492701,1263279.6131423975
 04/19  13:00:00,2763871.589106001,0.0,0.0,0.0,1364933.852761374,1373842.4217030385
 04/19  14:00:00,7832965.952094165,0.0,0.0,0.0,805618.852945623,7002251.784506954
 04/19  15:00:00,19042035.17990868,0.0,0.0,0.0,945447.6028995607,18069210.870127387
 04/19  16:00:00,2586837.1614656374,0.0,0.0,0.0,1234084.9307861296,1309405.7781167645
 04/19  17:00:00,5153157.969494449,20079.25778740042,147216.02889504193,0.0,1416247.1554967642,3485204.014429901
 04/19  18:00:00,4066038.6145713674,17004.054953411327,122962.67522754069,0.0,1397004.6669709927,2417278.997652348
 04/19  19:00:00,3780346.0469446545,8391.625363041887,57826.556657287416,0.0,2105128.244719375,1460709.1245955667
 04/19  20:00:00,4931656.418061529,0.0,0.0,0.0,3248132.063150187,1475917.6610582045
 04/19  21:00:00,5225768.695362027,0.0,0.0,0.0,3599628.186887608,1386594.3232592586
 04/19  22:00:00,3568677.646788271,0.0,0.0,0.0,2144896.0543393022,1216174.898595831
 04/19  23:00:00,2101990.124343104,0.0,0.0,0.0,844103.8299971654,1114158.5832168434
 04/19  24:00:00,1380406.1616305276,0.0,0.0,0.0,251435.183403411,1024026.9351804757
 04/20  01:00:00,1376315.746131565,0.0,0.0,0.0,251435.183403411,1019936.5196815131
 04/20  02:00:00,1372225.3306326026,0.0,0.0,0.0,251435.183403411,1015846.1041825507
 04/20  03:00:00,1368134.9151336402,0.0,0.0,0.0,251435.183403411,1011755.6886835882
 04/20  04:00:00,1364044.4996346775,0.0,0.0,0.0,251435.183403411,1007665.2731846257
 04/20  05:00:00,1387322.0966284412,43810.12715506269,0.0,0.0,251435.183403411,1007665.2731846257
 04/20  06:00:00,1916489.8248660308,41042.26033007942,0.0,0.0,723517.568568999,1072081.2675618995
 04/20  07:00:00,2106665.9113108516,30241.77383600033,0.0,0.0,872326.1465016301,1126530.6548083127
 04/20  08:00:00,2857087.796154878,8780.717693629857,0.0,0.0,1529136.421514622,1243884.7130218619
 04/20  09:00:00,2449874.6044833525,0.0,0.0,0.0,1200731.284008126,1185264.3377511844
 04/20  10:00:00,2221484.832850669,0.0,0.0,0.0,1016003.3941607219,1155290.8094067709
 04/20  11:00:00,2008996.476916859,0.0,0.0,0.0,836406.834586857,1138368.7587278364
 04/20  12:00:00,2175537.4712431137,7556.75624259366,61442.881483689096,0.0,815881.513492701,1263279.6131423975
 04/20  13:00:00,1631697.6275104852,35081.320202726674,287878.0430843588,0.0,251435.183403411,1032207.7661784007
 04/20  14:00:00,2263237.0739668785,85780.90519376761,701162.9602358711,0.0,389981.100788964,1061216.7931066877
 04/20  15:00:00,2919577.079378852,120800.01264147711,975394.8414566794,0.0,667072.93556007,1128932.5828388934
 04/20  16:00:00,3299606.458862646,139813.789165687,1110808.6411942078,0.0,810750.1832191619,1194887.392720846
 04/20  17:00:00,3544490.1130841756,143773.8858624602,1120491.8530356614,0.0,836406.834586857,1359406.0267138556
 04/20  18:00:00,6286230.957606936,149346.63563257863,1130603.3526012006,0.0,908245.4584164029,3986247.291189681
 04/20  19:00:00,4379741.694229926,114799.51343714222,842763.8302497332,0.0,1693338.9902678698,1580548.864665797
 04/20  20:00:00,4393313.546651704,86228.82120839818,618707.25849707,0.0,2159007.2125915345,1321763.5605015645
 04/20  21:00:00,5084281.57034906,73575.86163079446,522542.11607340636,0.0,2929989.5861907685,1318627.8212389313
 04/20  22:00:00,2748419.5719518797,26486.95157832156,187878.55976298524,0.0,1198165.6188713566,1128281.7478860782
 04/20  23:00:00,1423280.2452119447,0.0,0.0,0.0,251435.183403411,1028117.3506794382
 04/20  24:00:00,1380406.1616305276,0.0,0.0,0.0,251435.183403411,1024026.9351804757
 04/21  01:00:00,1376315.746131565,0.0,0.0,0.0,251435.183403411,1019936.5196815131
 04/21  02:00:00,1369943.9383924585,0.0,0.0,0.0,251435.183403411,1015846.1041825507
 04/21  03:00:00,1365853.5228934959,0.0,0.0,0.0,251435.183403411,1011755.6886835882
 04/21  04:00:00,1364044.4996346775,0.0,0.0,0.0,251435.183403411,1007665.2731846257
 04/21  05:00:00,1361763.1073945332,0.0,0.0,0.0,251435.183403411,1007665.2731846257
 04/21  06:00:00,1631821.3204247826,0.0,0.0,0.0,487476.37598620495,1043963.6858722251
 04/21  07:00:00,2092393.883155862,0.0,0.0,0.0,872326.1465016301,1126530.6548083127
 04/21  08:00:00,2669099.469794591,0.0,0.0,0.0,1370065.183034913,1216904.1661144807
 04/21  09:00:00,2083912.582980308,0.0,0.0,0.0,882588.807048708,1132882.008727269
 04/21  10:00:00,2766671.874235221,0.0,0.0,0.0,1477823.1187792318,1234095.341692524
 04/21  11:00:00,2793171.343197599,10268.506042202265,77365.81062449908,0.0,1416247.1554967642,1252787.5951918236
 04/21  12:00:00,2814513.8639417505,42669.53665830653,324978.37142673973,0.0,1095539.0134005765,1323950.235574395
 04/21  13:00:00,3404504.022745114,85098.87044463815,650444.7393923206,0.0,1364933.852761374,1278931.2455051928
 04/21  14:00:00,4036806.876668043,121937.141102978,926238.9860631009,0.0,1642025.68753248,1321509.7473278958
 04/21  15:00:00,4484594.849204262,144408.86292387123,1078380.2483467667,0.0,1364933.852761374,1869495.1782905178
 04/21  16:00:00,4008334.9377884027,130660.77480728943,954841.8943834654,0.0,1375196.513308452,1504289.302726453
 04/21  17:00:00,4147708.2825847906,86191.05439470522,617490.0993913062,0.0,1708732.9810884872,1648601.242584806
 04/21  18:00:00,4531640.1558736665,65227.92745012609,459301.9138875137,0.0,2216734.678168848,1680868.8088402483
 04/21  19:00:00,4692555.926346505,29611.38758821447,206590.75867480706,0.0,2724736.3752492093,1594733.870425612
 04/21  20:00:00,5269099.719399899,5670.630344240195,39406.990032729795,0.0,3520092.567647754,1514573.975443193
 04/21  21:00:00,5947404.052398182,0.0,0.0,0.0,4269266.787584448,1454560.8252795863
 04/21  22:00:00,4071018.2538678683,0.0,0.0,0.0,2616978.4395048902,1260121.473950707
 04/21  23:00:00,1802021.8984334413,0.0,0.0,0.0,590102.981456985,1077316.7748079384
 04/21  24:00:00,1470406.1616305276,0.0,90000.0,0.0,251435.183403411,1024026.9351804757
 04/22  01:00:00,1556315.746131565,0.0,180000.0,0.0,251435.183403411,1019936.5196815131
 04/22  02:00:00,1549943.9383924585,0.0,180000.0,0.0,251435.183403411,1015846.1041825507
 04/22  03:00:00,1545853.5228934959,0.0,180000.0,0.0,251435.183403411,1011755.6886835882
 04/22  04:00:00,1544044.4996346775,0.0,180000.0,0.0,251435.183403411,1007665.2731846257
 04/22  05:00:00,1615245.3821950152,73482.27480048194,180000.0,0.0,251435.183403411,1007665.2731846257
 04/22  06:00:00,1632557.9775133608,84895.43136104659,180000.0,0.0,251435.183403411,1015846.1041825507
 04/22  07:00:00,2358594.985599553,86201.10244369105,180000.0,0.0,872326.1465016301,1126530.6548083127
 04/22  08:00:00,2737127.7605001843,74080.07609268346,180000.0,0.0,1210993.944555204,1189923.6192070993
 04/22  09:00:00,3782668.9840592686,43596.12243579444,180000.0,0.0,2150027.384612841,1340603.7098063019
 04/22  10:00:00,2426058.656191338,19802.953225625646,0.0,0.0,1169943.3023668919,1181558.9868353554
 04/22  11:00:00,2358407.4478439502,0.0,0.0,0.0,1126326.9950418107,1195578.1769598299
 04/22  12:00:00,2446865.9558567037,0.0,0.0,0.0,1095539.0134005765,1323950.2355743947
 04/22  13:00:00,3412057.7319645006,0.0,0.0,0.0,1502196.9375785422,1884765.4797443699
 04/22  14:00:00,4210641.619570902,0.0,0.0,0.0,1919117.5223035861,2266428.782625727
 04/22  15:00:00,3376141.906402576,0.0,0.0,0.0,1919117.5223035861,1429647.6772172574
 04/22  16:00:00,4210990.887493746,0.0,0.0,0.0,1934511.513124203,2233132.9218068
 04/22  17:00:00,3832937.030653028,0.0,0.0,0.0,2001218.8066802102,1745025.3188473317
 04/22  18:00:00,4007110.3145360267,0.0,0.0,0.0,2216734.678168848,1680868.8088402483
 04/22  19:00:00,4636353.780083484,0.0,180000.0,0.0,2724736.3752492093,1594733.870425612
 04/22  20:00:00,5093405.280140374,0.0,180000.0,0.0,3248132.063150187,1475917.6610582045
 04/22  21:00:00,6127404.052398182,0.0,180000.0,0.0,4269266.787584448,1454560.8252795863
 04/22  22:00:00,4251018.253867868,0.0,180000.0,0.0,2616978.4395048902,1260121.473950707
 04/22  23:00:00,2175917.003066165,0.0,180000.0,0.0,759436.8804837719,1101877.980413875
 04/22  24:00:00,1560406.1616305276,0.0,180000.0,0.0,251435.183403411,1024026.9351804757
 04/23  01:00:00,1556315.746131565,0.0,180000.0,0.0,251435.183403411,1019936.5196815131
 04/23  02:00:00,1552225.3306326026,0.0,180000.0,0.0,251435.183403411,1015846.1041825507
 04/23  03:00:00,1548134.9151336402,0.0,180000.0,0.0,251435.183403411,1011755.6886835882
 04/23  04:00:00,1559691.8880006457,0.0,180000.0,0.0,257079.64670430392,1017668.198249701
 04/23  05:00:00,1976131.4683973822,452619.4989240036,180000.0,0.0,251435.183403411,1007665.2731846257
 04/23  06:00:00,2138453.2859239373,347164.4956604546,180000.0,0.0,487476.37598620495,1043963.6858722251
 04/23  07:00:00,4005692.368018066,286373.57086874044,180000.0,0.0,872326.1465016301,2589425.3144827867
 04/23  08:00:00,4409326.207409041,249598.8813405337,180000.0,0.0,1370065.183034913,2534376.1991088297
 04/23  09:00:00,3007146.7003757586,214691.25423909738,180000.0,0.0,882588.807048708,1665987.6563639112
 04/23  10:00:00,3114289.973537367,172180.8837824347,180000.0,0.0,1477823.1187792318,1234095.341692524
 04/23  11:00:00,3036033.3075859062,152777.67329515307,180000.0,0.0,1416247.1554967642,1252787.5951918236
 04/23  12:00:00,5646648.629850373,133038.11732753538,180000.0,0.0,1235367.7633545143,4070866.042286591
 04/23  13:00:00,3888847.259136788,99622.46936234013,180000.0,0.0,1364933.852761374,2219195.622371486
 04/23  14:00:00,1931303.892758482,106153.65410986077,180000.0,0.0,529809.8507429018,1090245.0732641313
 04/23  15:00:00,1588984.1329127168,102054.89194813489,180000.0,0.0,251435.183403411,1028117.3506794382
 04/23  16:00:00,3111083.2044630945,89532.8729214361,180000.0,0.0,531092.6833112865,2267111.195667629
 04/23  17:00:00,5686073.229725607,91634.26598524289,180000.0,0.0,836406.834586857,4493620.6162681645
 04/23  18:00:00,5962857.949453518,68114.60387051203,180000.0,0.0,1725409.8044774889,3877545.321338444
 04/23  19:00:00,3751219.4569970164,108302.55085931734,180000.0,0.0,1898592.20120943,1416034.209318885
 04/23  20:00:00,5422273.236944085,0.0,180000.0,0.0,3520092.567647754,1514573.975443193
 04/23  21:00:00,4668163.592644859,0.0,180000.0,0.0,2929989.5861907685,1318627.8212389313
 04/23  22:00:00,2711488.3954738034,0.0,180000.0,0.0,1195599.953734587,1128281.7478860782
 04/23  23:00:00,2378937.6766594662,0.0,180000.0,0.0,928770.7795105589,1126439.1860198118
 04/23  24:00:00,1641664.326532788,0.0,180000.0,0.0,314037.4127405868,1042682.8707455604
 04/24  01:00:00,1556315.746131565,0.0,180000.0,0.0,251435.183403411,1019936.5196815131
 04/24  02:00:00,1557996.9668159352,5771.636183332556,180000.0,0.0,251435.183403411,1015846.1041825507
 04/24  03:00:00,1586145.6115671415,38010.69643350131,180000.0,0.0,251435.183403411,1011755.6886835882
 04/24  04:00:00,1609934.1181013435,65889.61846666601,180000.0,0.0,251435.183403411,1007665.2731846257
 04/24  05:00:00,2282077.0039098985,584736.9839992382,180000.0,0.0,405375.09160958097,1027553.4154157375
 04/24  06:00:00,2766167.3388776756,443995.33493248606,180000.0,0.0,962124.4262885624,1100198.849251574
 04/24  07:00:00,3179544.342606866,376667.9356948477,180000.0,0.0,1341842.8665304484,1203466.2042166607
 04/24  08:00:00,3339115.458932286,310808.3804710379,180000.0,0.0,1529136.421514622,1243884.7130218619
 04/24  09:00:00,5033170.837901655,244773.6683712092,180000.0,0.0,1518873.760967544,3025644.4258388593
 04/24  10:00:00,2854452.755949018,210179.9158963634,180000.0,0.0,1169943.3023668919,1244138.908402587
 04/24  11:00:00,2375047.9080353254,186051.4311184665,180000.0,0.0,836406.834586857,1138368.7587278364
 04/24  12:00:00,2469345.15110649,182807.31758965875,180000.0,0.0,815881.513492701,1263279.6131423975
 04/24  13:00:00,2304461.6264486536,137312.6519696447,180000.0,0.0,805618.852945623,1156434.8068917978
 04/24  14:00:00,2273024.750126993,114066.70864823279,180000.0,0.0,805618.852945623,1148243.8738915487
 04/24  15:00:00,2269259.5164740602,93726.29642132632,180000.0,0.0,805618.852945623,1162537.6602253786
 04/24  16:00:00,2316513.1372465724,87529.10874382143,180000.0,0.0,810750.1832191619,1194887.392720846
 04/24  17:00:00,4263103.110710094,94262.17863413415,180000.0,0.0,2001218.8066802102,1903210.6125104078
 04/24  18:00:00,11429341.707696889,84043.5491754386,180000.0,0.0,2216734.678168848,8836775.260585528
 04/24  19:00:00,4743435.695086597,95674.95380239113,180000.0,0.0,2724736.3752492093,1594733.870425612
 04/24  20:00:00,4801039.599178974,0.0,180000.0,0.0,2976171.55865262,1437261.346673216
 04/24  21:00:00,4668163.592644859,0.0,180000.0,0.0,2929989.5861907685,1318627.8212389313
 04/24  22:00:00,2711488.3954738034,0.0,180000.0,0.0,1195599.953734587,1128281.7478860782
 04/24  23:00:00,1603280.2452119447,0.0,180000.0,0.0,251435.183403411,1028117.3506794382
 04/24  24:00:00,1560406.1616305276,0.0,180000.0,0.0,251435.183403411,1024026.9351804757
 04/25  01:00:00,1556315.746131565,0.0,180000.0,0.0,251435.183403411,1019936.5196815131
 04/25  02:00:00,1565012.5355452276,12787.204912624977,180000.0,0.0,251435.183403411,1015846.1041825507
 04/25  03:00:00,1600937.4998129234,51896.58864687,180000.0,0.0,251435.183403411,1012661.6847160012
 04/25  04:00:00,1628050.0715169343,84005.57188225671,180000.0,0.0,251435.183403411,1007665.2731846257
 04/25  05:00:00,2130238.6472556097,606726.6777822312,180000.0,0.0,251435.183403411,1007665.2731846257
 04/25  06:00:00,2397268.788617928,473900.611218211,180000.0,0.0,605496.972277602,1058022.4767170623
 04/25  07:00:00,5188679.907227368,374004.0441063894,180000.0,0.0,1185337.2931875088,3371771.233768561
 04/25  08:00:00,2235302.8075767956,325833.60011654545,180000.0,0.0,572143.3254995984,1082039.9380358874
 04/25  09:00:00,2507721.7590138568,248371.96051383705,180000.0,0.0,882588.807048708,1132882.008727269
 04/25  10:00:00,2301909.561221455,170632.8140055404,90000.0,0.0,862063.485954552,1129022.6319781865
 04/25  11:00:00,2119252.0982122663,110255.62129540727,0.0,0.0,836406.834586857,1138368.7587278364
 04/25  12:00:00,2197722.656807633,91184.82329080201,0.0,0.0,815881.513492701,1263279.6131423975
 04/25  13:00:00,2027421.4818968258,40272.507417816996,0.0,0.0,805618.852945623,1156434.8068917978
 04/25  14:00:00,1994295.732132678,15337.690653918162,0.0,0.0,805618.852945623,1148243.8738915487
 04/25  15:00:00,3665345.2961586914,1393.1046281170622,0.0,0.0,1225105.1028074361,2411470.3818414053
 04/25  16:00:00,3810598.551088906,0.0,0.0,0.0,1375196.513308452,2392055.585217711
 04/25  17:00:00,3061684.9366119956,8849.101907608612,0.0,0.0,1416247.1554967642,1552177.1663222802
 04/25  18:00:00,3154609.5678643663,6763.8416245695835,0.0,0.0,1559924.403155856,1476133.1033168666
 04/25  19:00:00,4720603.545817513,18213.438960771266,90000.0,0.0,1898592.20120943,2565507.4100379283
 04/25  20:00:00,6266738.898926324,0.0,180000.0,0.0,2704211.054155053,3174921.150918132
 04/25  21:00:00,4668163.592644859,0.0,180000.0,0.0,2929989.5861907685,1318627.8212389313
 04/25  22:00:00,3748677.646788271,0.0,180000.0,0.0,2144896.0543393022,1216174.898595831
 04/25  23:00:00,1991108.9609357056,0.0,180000.0,0.0,590102.981456985,1077278.268349625
 04/25  24:00:00,1560406.1616305276,0.0,180000.0,0.0,251435.183403411,1024026.9351804757
 04/26  01:00:00,1556315.746131565,0.0,180000.0,0.0,251435.183403411,1019936.5196815131
 04/26  02:00:00,1552225.3306326026,0.0,180000.0,0.0,251435.183403411,1015846.1041825507
 04/26  03:00:00,1548134.9151336402,0.0,180000.0,0.0,251435.183403411,1011755.6886835882
 04/26  04:00:00,1559691.8880006457,0.0,180000.0,0.0,257079.64670430392,1017668.198249701
 04/26  05:00:00,2296507.481754167,427147.0264228531,180000.0,0.0,559314.999815751,1045633.9426302208
 04/26  06:00:00,2907606.30157844,318709.85822401266,180000.0,0.0,1200731.284008126,1128316.4309412483
 04/26  07:00:00,2897289.4547450203,276563.8043120582,180000.0,0.0,1185337.2931875088,1177821.0210805447
 04/26  08:00:00,2156584.514877689,248378.88675666708,180000.0,0.0,570860.4929312137,1082059.191265044
 04/26  09:00:00,1728565.790829564,205134.27402267253,180000.0,0.0,251435.183403411,1028117.3506794382
 04/26  10:00:00,2456425.6665033265,137773.15560062672,45000.0,0.0,709406.4103167667,1514055.471302757
 04/26  11:00:00,2716073.9565051915,74336.30493602766,0.0,0.0,836406.834586857,1771109.9333801414
 04/26  12:00:00,3123240.6402200973,43633.50971108867,0.0,0.0,1095539.0134005765,1956691.4102266994
 04/26  13:00:00,2603229.021187885,4377.51611376043,0.0,0.0,805618.852945623,1768137.3374869134
 04/26  14:00:00,16804646.327892076,0.0,0.0,0.0,805618.852945623,15973932.160304869
 04/26  15:00:00,1995533.220052734,0.0,0.0,0.0,805618.852945623,1162537.6602253786
 04/26  16:00:00,2586837.1614656374,0.0,0.0,0.0,1234084.9307861296,1309405.7781167645
 04/26  17:00:00,3052835.8347043865,0.0,0.0,0.0,1416247.1554967642,1552177.1663222802
 04/26  18:00:00,3147845.7262397967,0.0,0.0,0.0,1559924.403155856,1476133.1033168666
 04/26  19:00:00,3507916.906137699,0.0,45000.0,0.0,1898592.20120943,1416034.209318885
 04/26  20:00:00,4490422.780296419,0.0,180000.0,0.0,2704211.054155053,1398605.0322882277
 04/26  21:00:00,6456161.351708619,0.0,180000.0,0.0,2929989.5861907685,3106625.580302691
 04/26  22:00:00,2774068.317041035,0.0,180000.0,0.0,1195599.953734587,1190861.6694533098
 04/26  23:00:00,1603280.2452119447,0.0,180000.0,0.0,251435.183403411,1028117.3506794382
 04/26  24:00:00,1560406.1616305276,0.0,180000.0,0.0,251435.183403411,1024026.9351804757
 04/27  01:00:00,1556315.746131565,0.0,180000.0,0.0,251435.183403411,1019936.5196815131
 04/27  02:00:00,1554995.6071070647,0.0,180000.0,0.0,251435.183403411,1018616.3806570129
 04/27  03:00:00,1548587.9131498467,0.0,180000.0,0.0,251435.183403411,1012208.6866997946
 04/27  04:00:00,1544044.4996346775,0.0,180000.0,0.0,251435.183403411,1007665.2731846257
 04/27  05:00:00,2025706.7740279096,502194.80455453123,180000.0,0.0,251435.183403411,1007665.2731846257
 04/27  06:00:00,5120470.546068576,348442.486036427,180000.0,0.0,723517.568568999,3788661.7630580976
 04/27  07:00:00,2781683.880104847,308390.0484897589,180000.0,0.0,251435.183403411,1964291.3120467686
 04/27  08:00:00,2528757.7128263074,244657.77591342037,180000.0,0.0,892851.4675957859,1135962.5253923368
 04/27  09:00:00,2528181.6816080892,173569.48011640323,90000.0,0.0,1041660.045528417,1159073.1732392267
 04/27  10:00:00,2714918.872570482,104175.06816749324,0.0,0.0,862063.485954552,1698489.6891652609
 04/27  11:00:00,2687587.020421176,45849.36885201255,0.0,0.0,836406.834586857,1771109.9333801414
 04/27  12:00:00,2555778.777726956,16920.53662893757,0.0,0.0,815881.513492701,1695600.0207235846
 04/27  13:00:00,9150725.208058957,0.0,0.0,0.0,805618.852945623,8320011.040471746
 04/27  14:00:00,1978958.0414787596,0.0,0.0,0.0,805618.852945623,1148243.8738915487
 04/27  15:00:00,1995533.220052734,0.0,0.0,0.0,805618.852945623,1162537.6602253786
 04/27  16:00:00,2048984.0285027511,0.0,0.0,0.0,810750.1832191619,1194887.392720846
 04/27  17:00:00,2280224.3741860543,0.0,0.0,0.0,836406.834586857,1359406.0267138556
 04/27  18:00:00,3147845.7262397967,0.0,0.0,0.0,1559924.403155856,1476133.1033168666
 04/27  19:00:00,4948388.889158511,0.0,0.0,0.0,2518200.3317392645,2281898.0618098616
 04/27  20:00:00,5242273.236944085,0.0,0.0,0.0,3520092.567647754,1514573.975443193
 04/27  21:00:00,5963373.7980791945,0.0,0.0,0.0,4269266.787584448,1454560.8252795863
 04/27  22:00:00,2531488.3954738034,0.0,0.0,0.0,1195599.953734587,1128281.7478860782
 04/27  23:00:00,1617213.8563029817,0.0,0.0,0.0,420769.082430198,1052717.0627436882
 04/27  24:00:00,1380406.1616305276,0.0,0.0,0.0,251435.183403411,1024026.9351804757
 04/28  01:00:00,1376315.746131565,0.0,0.0,0.0,251435.183403411,1019936.5196815131
 04/28  02:00:00,1369943.9383924585,0.0,0.0,0.0,251435.183403411,1015846.1041825507
 04/28  03:00:00,1365853.5228934959,0.0,0.0,0.0,251435.183403411,1011755.6886835882
 04/28  04:00:00,1364044.4996346775,0.0,0.0,0.0,251435.183403411,1007665.2731846257
 04/28  05:00:00,1488663.6204239933,126900.51302946033,0.0,0.0,251435.183403411,1007665.2731846257
 04/28  06:00:00,1995638.6972095391,97092.93737551854,0.0,0.0,726083.2337057686,1072081.2675618995
 04/28  07:00:00,2538662.2184994267,81966.82238545404,0.0,0.0,1185337.2931875088,1177821.0210805447
 04/28  08:00:00,3124684.986484443,67292.47854111494,0.0,0.0,1210993.944555204,1764268.4427429265
 04/28  09:00:00,3387904.414303601,45700.742848701084,0.0,0.0,1200731.284008126,2073030.6202424425
 04/28  10:00:00,3051450.1015663613,33175.05180250694,0.0,0.0,862063.485954552,2101458.1500458373
 04/28  11:00:00,3596516.7087670313,12508.151664544439,0.0,0.0,1416247.1554967642,2131259.125763413
 04/28  12:00:00,2794091.4277422884,6897.349545711057,0.0,0.0,1375196.513308452,1384620.8580063921
 04/28  13:00:00,2668960.4129081555,0.0,0.0,0.0,1364933.852761374,1278931.2455051928
 04/28  14:00:00,2147815.071590141,0.0,0.0,0.0,945447.6028995607,1177272.1540489923
 04/28  15:00:00,1995533.220052734,0.0,0.0,0.0,805618.852945623,1162537.6602253786
 04/28  16:00:00,3301481.885640136,0.0,0.0,0.0,1794682.7631702654,1463452.6699071275
 04/28  17:00:00,5974389.148966011,0.0,0.0,0.0,2001218.8066802102,3886477.437160313
 04/28  18:00:00,6279778.923553961,0.0,0.0,0.0,1559924.403155856,4610347.692871176
 04/28  19:00:00,4652697.6863836665,0.0,0.0,0.0,1898592.20120943,2617221.9507655744
 04/28  20:00:00,6332215.76565844,0.0,0.0,0.0,2432250.549657486,3710609.6600689716
 04/28  21:00:00,4840996.398322432,0.0,0.0,0.0,3264808.886539188,1352611.072249095
 04/28  22:00:00,3036394.6676901705,0.0,0.0,0.0,1670248.0040369446,1172228.3232409547
 04/28  23:00:00,1802021.8984334413,0.0,0.0,0.0,590102.981456985,1077316.7748079384
 04/28  24:00:00,1542922.4914350486,0.0,0.0,0.0,376639.64207776263,1061338.806310645
 04/29  01:00:00,1437998.7023282228,0.0,0.0,0.0,292998.9586190769,1040055.700662505
 04/29  02:00:00,1381025.0442903072,0.0,0.0,0.0,251435.183403411,1026927.2100803996
 04/29  03:00:00,1365853.5228934959,0.0,0.0,0.0,251435.183403411,1011755.6886835882
 04/29  04:00:00,1364044.4996346775,0.0,0.0,0.0,251435.183403411,1007665.2731846257
 04/29  05:00:00,1514427.9041368726,152664.79674233947,0.0,0.0,251435.183403411,1007665.2731846257
 04/29  06:00:00,1583873.6463402575,126211.10018794356,90000.0,0.0,251435.183403411,1015846.1041825507
 04/29  07:00:00,1534225.8814895356,120226.68105972948,45000.0,0.0,251435.183403411,1024026.9351804757
 04/29  08:00:00,1472266.4726529473,110583.81792490052,0.0,0.0,251435.183403411,1028117.3506794382
 04/29  09:00:00,1445676.3662243935,97682.06493721332,0.0,0.0,251435.183403411,1028117.3506794382
 04/29  10:00:00,4954096.001813142,45972.00926493824,0.0,0.0,1477823.1187792318,3375547.460005505
 04/29  11:00:00,3886210.8429465597,13194.194700488973,0.0,0.0,1126326.9950418107,2710187.3773619505
 04/29  12:00:00,2283466.5064630946,6764.611776326743,0.0,0.0,955710.2634466387,1293614.9243583963
 04/29  13:00:00,3280662.943503271,0.0,0.0,0.0,1364933.852761374,1890633.7761003086
 04/29  14:00:00,2854575.421928861,0.0,0.0,0.0,1225105.1028074364,1604375.0044798362
 04/29  15:00:00,31654579.574714035,0.0,0.0,0.0,805618.852945623,30821584.014886677
 04/29  16:00:00,10588909.066851739,0.0,0.0,0.0,1092973.3482638071,9452589.26602519
 04/29  17:00:00,3055117.226944531,0.0,0.0,0.0,1416247.1554967642,1552177.1663222802
 04/29  18:00:00,3145564.3339996524,0.0,0.0,0.0,1559924.403155856,1476133.1033168666
 04/29  19:00:00,3451509.9449369772,0.0,0.0,0.0,1898592.20120943,1416034.209318885
 04/29  20:00:00,4602788.461257818,0.0,0.0,0.0,2976171.55865262,1437261.346673216
 04/29  21:00:00,5947404.052398182,0.0,0.0,0.0,4269266.787584448,1454560.8252795863
 04/29  22:00:00,4329032.7341281,0.0,0.0,0.0,2853019.632087684,1282094.761628145
 04/29  23:00:00,1414154.6762513672,0.0,0.0,0.0,251435.183403411,1028117.3506794382
 04/29  24:00:00,1380406.1616305276,0.0,0.0,0.0,251435.183403411,1024026.9351804757
 04/30  01:00:00,1437998.7023282228,0.0,0.0,0.0,292998.9586190769,1040055.700662505
 04/30  02:00:00,1563306.4365304515,0.0,180000.0,0.0,251435.183403411,1026927.2100803996
 04/30  03:00:00,1549946.9071984664,0.0,180000.0,0.0,251435.183403411,1013567.6807484142
 04/30  04:00:00,1544044.4996346775,0.0,180000.0,0.0,251435.183403411,1007665.2731846257
 04/30  05:00:00,1688542.4431249336,165030.47365155493,180000.0,0.0,251435.183403411,1007665.2731846257
 04/30  06:00:00,1668181.8108123979,141051.7948213832,180000.0,0.0,251435.183403411,1015846.1041825507
 04/30  07:00:00,3467367.7747947006,121508.57109059978,180000.0,0.0,1808793.9214224974,1279497.9461166942
 04/30  08:00:00,3142193.460934863,113886.38247361477,180000.0,0.0,1529136.421514622,1243884.7130218619
 04/30  09:00:00,3048508.6245169733,93109.21405028754,135000.0,0.0,1518873.760967544,1237646.6667750997
 04/30  10:00:00,1944181.1520638594,81810.40468515771,0.0,0.0,709406.4103167667,1102773.7077787588
 04/30  11:00:00,1364149.1828365978,54466.18065054541,0.0,0.0,251435.183403411,1024026.9351804757
 04/30  12:00:00,1811512.183990581,48733.43900039351,0.0,0.0,533658.348448056,1201743.689660399
 04/30  13:00:00,2005015.2446781604,17866.27019915139,0.0,0.0,805618.852945623,1156434.8068917978
 04/30  14:00:00,1984595.4303645208,5637.388885761163,0.0,0.0,805618.852945623,1148243.8738915487
 04/30  15:00:00,1995533.220052734,0.0,0.0,0.0,805618.852945623,1162537.6602253786
 04/30  16:00:00,2783973.3646668703,0.0,0.0,0.0,1092973.3482638071,1647653.56384032
 04/30  17:00:00,5676466.135198893,0.0,0.0,0.0,1416247.1554967642,4175807.4668167867
 04/30  18:00:00,5700217.397883244,0.0,45000.0,0.0,1559924.403155856,3983504.774960314
 04/30  19:00:00,5444815.375738779,13900.710537320309,180000.0,0.0,1898592.20120943,3204031.968382645
 04/30  20:00:00,5484853.158511316,0.0,180000.0,0.0,3520092.567647754,1577153.8970104244
 04/30  21:00:00,6143373.7980791945,0.0,180000.0,0.0,4269266.787584448,1454560.8252795863
 04/30  22:00:00,4780735.567829199,0.0,180000.0,0.0,3089060.824670478,1304068.0493055831
 04/30  23:00:00,1603280.2452119447,0.0,180000.0,0.0,251435.183403411,1028117.3506794382
 04/30  24:00:00,1560830.6066984618,0.0,180000.0,0.0,251435.183403411,1024026.9351804757
 05/01  01:00:00,1556740.1911994992,0.0,180000.0,0.0,251435.183403411,1019936.5196815131
 05/01  02:00:00,1552649.7757005366,0.0,180000.0,0.0,251435.183403411,1015846.1041825507
 05/01  03:00:00,1548559.360201574,0.0,180000.0,0.0,251435.183403411,1011755.6886835882
 05/01  04:00:00,1558063.8009591643,0.0,180000.0,0.0,255027.11459488832,1017668.198249701
 05/01  05:00:00,2148771.433111705,460326.40622572857,180000.0,0.0,396138.69711721083,1027553.4154157375
 05/01  06:00:00,2375622.8465406997,338570.04074797867,180000.0,0.0,702992.247474843,1073888.882578528
 05/01  07:00:00,2875308.0188264092,293396.155922587,180000.0,0.0,1144286.650999197,1179744.1554721133
 05/01  08:00:00,2519195.874946142,273957.45908740227,180000.0,0.0,851800.8254074741,1137847.1533255922
 05/01  09:00:00,2459664.265154967,249561.79650627112,180000.0,0.0,831275.5043133181,1134689.6237438978
 05/01  10:00:00,1901137.2200088787,228732.64553786366,180000.0,0.0,391263.9333573487,1050747.0163632173
 05/01  11:00:00,2031279.1469104174,216515.33875961608,180000.0,0.0,518264.357627439,1082140.1609207836
 05/01  12:00:00,2464330.36532014,227110.48180511352,180000.0,0.0,764568.210757311,1265164.2410756527
 05/01  13:00:00,2321718.7343381043,198765.60665405524,180000.0,0.0,759436.880483772,1158319.434825053
 05/01  14:00:00,2303021.669113561,193390.80470329986,180000.0,0.0,754305.550210233,1150128.5018248037
 05/01  15:00:00,2323325.9595848443,192056.37217700196,180000.0,0.0,759436.880483772,1164345.2752420073
 05/01  16:00:00,2208537.984525272,194961.3563844696,180000.0,0.0,632436.4562136817,1157618.4050971873
 05/01  17:00:00,4248436.760929631,205645.20730243536,180000.0,0.0,905679.7932796336,2872358.8459945344
 05/01  18:00:00,4116226.4266342428,172163.89319370076,180000.0,0.0,1965299.4947654367,1686522.692640014
 05/01  19:00:00,4438514.872221349,184744.249138297,180000.0,0.0,2324492.613913167,1600387.7542253777
 05/01  20:00:00,4879714.444544351,0.0,180000.0,0.0,2971040.228379081,1520227.8592429587
 05/01  21:00:00,4962457.7082633935,0.0,180000.0,0.0,3150636.7879529456,1391305.893092397
 05/01  22:00:00,3630134.6391590186,0.0,180000.0,0.0,2021744.1277743662,1219944.1544623415
 05/01  23:00:00,2383288.237727712,0.0,180000.0,0.0,928770.7795105589,1130208.4418863223
 05/01  24:00:00,1725154.5515196114,0.0,180000.0,0.0,376639.64207776263,1063146.4213272738
 05/02  01:00:00,1620966.326512939,2466.1662001555183,180000.0,0.0,292998.9586190769,1040132.7135791318
 05/02  02:00:00,3033909.2078740047,9996.18338813743,180000.0,0.0,251435.183403411,2487109.3529678816
 05/02  03:00:00,1585129.8674019503,36570.50720037641,180000.0,0.0,251435.183403411,1011755.6886835882
 05/02  04:00:00,1589834.1162692783,45365.17156666651,180000.0,0.0,251435.183403411,1007665.2731846257
 05/02  05:00:00,2139647.3835611828,533498.1846476626,180000.0,0.0,323786.9402603109,1017609.3443001816
 05/02  06:00:00,2434037.561768269,396984.75597554795,180000.0,0.0,702992.247474843,1073888.882578528
 05/02  07:00:00,1882253.5117144682,348910.3366980695,180000.0,0.0,251435.183403411,1024026.9351804757
 05/02  08:00:00,2204707.6394771533,314516.9459435222,180000.0,0.0,551618.0044054425,1082982.2520025151
 05/02  09:00:00,1813121.1112886118,289431.2366142825,180000.0,0.0,251435.183403411,1028117.3506794382
 05/02  10:00:00,2427328.54350795,255277.47562689698,180000.0,0.0,810750.1832191619,1130907.259911442
 05/02  11:00:00,3456302.267635931,219620.95317678538,180000.0,0.0,785093.531851467,2237228.4930050997
 05/02  12:00:00,2824608.9024860077,221469.46564051585,180000.0,0.0,764568.210757311,1631083.7944061183
 05/02  13:00:00,2316145.5365348407,193192.40885079154,180000.0,0.0,759436.880483772,1158319.434825053
 05/02  14:00:00,2292702.3895566473,183071.52514638647,180000.0,0.0,754305.550210233,1150128.5018248037
 05/02  15:00:00,2304127.7755029374,172858.18809509504,180000.0,0.0,759436.880483772,1164345.2752420073
 05/02  16:00:00,2515332.720068102,170034.68863154523,180000.0,0.0,886437.3047538622,1235338.9598527611
 05/02  17:00:00,3122383.5329658734,182989.75430850952,180000.0,0.0,1167377.6372301225,1507263.2270742145
 05/02  18:00:00,3135578.7666114187,164329.39058197872,180000.0,0.0,1250761.7541751312,1428247.2758192176
 05/02  19:00:00,4408868.265770355,155097.642687303,180000.0,0.0,2324492.613913167,1600387.7542253777
 05/02  20:00:00,4879714.444544351,0.0,180000.0,0.0,2971040.228379081,1520227.8592429587
 05/02  21:00:00,4638083.139814963,0.0,180000.0,0.0,2860716.627497992,1356851.4850989194
 05/02  22:00:00,1680270.137502048,0.0,180000.0,0.0,251435.183403411,1040388.5971763257
 05/02  23:00:00,1603861.5504136803,0.0,180000.0,0.0,251435.183403411,1028117.3506794382
 05/02  24:00:00,1560830.6066984618,0.0,180000.0,0.0,251435.183403411,1024026.9351804757
 05/03  01:00:00,1560083.1887276154,3342.997528116183,180000.0,0.0,251435.183403411,1019936.5196815131
 05/03  02:00:00,1585594.424548304,32944.64884776749,180000.0,0.0,251435.183403411,1015846.1041825507
 05/03  03:00:00,1606637.8051931108,58078.44499153688,180000.0,0.0,251435.183403411,1011755.6886835882
 05/03  04:00:00,1620526.229139385,76057.28443677325,180000.0,0.0,251435.183403411,1007665.2731846257
 05/03  05:00:00,2266117.2855308447,577672.2586448687,180000.0,0.0,396138.69711721083,1027553.4154157375
 05/03  06:00:00,1979002.3555464006,451549.39222108864,180000.0,0.0,251435.183403411,1015846.1041825507
 05/03  07:00:00,1923529.8151450176,390186.6401286187,180000.0,0.0,251435.183403411,1024026.9351804757
 05/03  08:00:00,2579893.904395644,334655.48853690433,180000.0,0.0,851800.8254074741,1137847.1533255922
 05/03  09:00:00,3531998.928088004,292319.1103560655,180000.0,0.0,1411115.825223225,1584426.651917233
 05/03  10:00:00,4400352.573971089,255853.62416700734,180000.0,0.0,1230236.4330809752,2683868.891972658
 05/03  11:00:00,1732192.6002133861,242371.19202692085,180000.0,0.0,251435.183403411,1024026.9351804757
 05/03  12:00:00,2001843.7410172303,243190.98419056777,180000.0,0.0,379718.440241886,1171446.8849027138
 05/03  13:00:00,2138404.8848838047,195451.75719975552,0.0,0.0,759436.880483772,1158319.434825053
 05/03  14:00:00,2327475.9811743554,157503.65081414083,0.0,0.0,881305.9744803233,1263469.543504667
 05/03  15:00:00,15637181.350720908,160965.3893753523,0.0,0.0,885154.4721854775,14563574.057478014
 05/03  16:00:00,4311792.279607717,115604.75208142248,0.0,0.0,1267438.5775641329,2885227.183132229
 05/03  17:00:00,3244487.355748845,126029.3429118378,0.0,0.0,1429075.4811806115,1604629.6173033677
 05/03  18:00:00,3094175.6994858356,106311.15986475987,0.0,0.0,1395721.8344026082,1479902.3591833771
 05/03  19:00:00,6952174.941507866,79321.91730365039,135000.0,0.0,2324492.613913167,4264470.155346541
 05/03  20:00:00,5193135.903499782,0.0,180000.0,0.0,2971040.228379081,1833649.3181983898
 05/03  21:00:00,4313708.571366532,0.0,180000.0,0.0,2570796.467043039,1322397.0771054418
 05/03  22:00:00,3630134.6391590186,0.0,180000.0,0.0,2021744.1277743662,1219944.1544623415
 05/03  23:00:00,1701280.259713356,0.0,180000.0,0.0,336102.13291680446,1040869.1104657203
 05/03  24:00:00,1560830.6066984618,0.0,180000.0,0.0,251435.183403411,1024026.9351804757
 05/04  01:00:00,1556740.1911994992,0.0,180000.0,0.0,251435.183403411,1019936.5196815131
 05/04  02:00:00,1552649.7757005366,0.0,180000.0,0.0,251435.183403411,1015846.1041825507
 05/04  03:00:00,1548559.360201574,0.0,180000.0,0.0,251435.183403411,1011755.6886835882
 05/04  04:00:00,4222146.202080327,0.0,180000.0,0.0,255027.11459488832,3681750.599370864
 05/04  05:00:00,3565397.451470824,466555.8592854087,180000.0,0.0,396138.69711721083,2437949.980715177
 05/04  06:00:00,3783609.987658708,339679.88831815554,180000.0,0.0,931336.4446473285,2252421.9789538733
 05/04  07:00:00,2866206.735036228,284294.8721324058,180000.0,0.0,1144286.650999197,1179744.1554721133
 05/04  08:00:00,1949454.9891222317,236788.15675115498,180000.0,0.0,401526.5939044267,1055549.8013409767
 05/04  09:00:00,1523898.367985445,180208.49331111563,0.0,0.0,251435.183403411,1028117.3506794382
 05/04  10:00:00,1441959.1396722624,116103.39633792653,0.0,0.0,251435.183403411,1024026.9351804757
 05/04  11:00:00,1383097.2412667084,73275.83308024296,0.0,0.0,251435.183403411,1024026.9351804757
 05/04  12:00:00,2105595.2009045472,48375.31738952101,0.0,0.0,764568.210757311,1265164.2410756527
 05/04  13:00:00,1951956.4216868219,9003.29400277263,0.0,0.0,759436.880483772,1158319.434825053
 05/04  14:00:00,1929630.8644102612,0.0,0.0,0.0,754305.550210233,1150128.5018248037
 05/04  15:00:00,1951269.5874078423,0.0,0.0,0.0,759436.880483772,1164345.2752420073
 05/04  16:00:00,1999653.65505118,0.0,0.0,0.0,759436.880483772,1196695.0077374745
 05/04  17:00:00,2220797.4273879007,0.0,0.0,0.0,774830.871304389,1361213.6417304843
 05/04  18:00:00,4084839.6459650835,0.0,0.0,0.0,1395721.8344026082,2576877.4655273855
 05/04  19:00:00,4789152.550954991,0.0,0.0,0.0,1980693.4855860542,2659568.8104244294
 05/04  20:00:00,5985661.25389205,0.0,0.0,0.0,2971040.228379081,2806174.6685906574
 05/04  21:00:00,4666814.219003174,0.0,0.0,0.0,2570796.467043039,1855502.7247420838
 05/04  22:00:00,3450134.6391590186,0.0,0.0,0.0,2021744.1277743662,1219944.1544623415
 05/04  23:00:00,2008412.3126700474,0.0,0.0,0.0,759436.8804837719,1104666.4158554445
 05/04  24:00:00,1549073.5653143239,0.0,45000.0,0.0,345338.5274091747,1053366.5497905742
 05/05  01:00:00,1556740.1911994992,0.0,180000.0,0.0,251435.183403411,1019936.5196815131
 05/05  02:00:00,1550359.156393698,0.0,180000.0,0.0,251435.183403411,1015846.1041825507
 05/05  03:00:00,1546268.7408947353,0.0,180000.0,0.0,251435.183403411,1011755.6886835882
 05/05  04:00:00,1558063.8009591643,0.0,180000.0,0.0,255027.11459488832,1017668.198249701
 05/05  05:00:00,1999963.2876698598,293193.3063291751,180000.0,0.0,396138.69711721083,1027553.4154157375
 05/05  06:00:00,2882875.019589646,221551.04763868675,180000.0,0.0,590102.981456985,1790433.7409930765
 05/05  07:00:00,1917891.4728904208,193608.2979032481,180000.0,0.0,400243.76133604196,1050124.022070749
 05/05  08:00:00,4315029.214516024,128994.49483627122,45000.0,0.0,701709.4149064582,3356863.0097271046
 05/05  09:00:00,2466175.416349242,89150.71314968629,0.0,0.0,1121195.6647682716,1187110.4592261265
 05/05  10:00:00,2693561.2301916075,32541.214166788985,0.0,0.0,1370065.183034913,1235979.9696257794
 05/05  11:00:00,3092279.2690903572,0.0,0.0,0.0,1713864.3113620258,1341765.0488189138
 05/05  12:00:00,2693501.7707495494,0.0,0.0,0.0,1277701.238111211,1388313.1009562756
 05/05  13:00:00,2256540.3379024724,0.0,0.0,0.0,1010872.0638871831,1220471.4616400648
 05/05  14:00:00,2085659.5688377952,0.0,0.0,0.0,881305.9744803233,1179156.7819822473
 05/05  15:00:00,2269953.432042537,0.0,0.0,0.0,1010872.0638871831,1231593.936473291
 05/05  16:00:00,2022465.534083792,2703.849674820244,20108.029357791682,0.0,759436.880483772,1196695.0077374745
 05/05  17:00:00,2265387.4497359283,5048.946847899748,37250.45619328864,0.0,774830.871304389,1361213.6417304843
 05/05  18:00:00,2303552.9457869567,12078.38753065038,87229.96203507416,0.0,821012.84376624,1273282.0257267396
 05/05  19:00:00,3119476.9542552545,8485.592182783406,59191.71708865068,0.0,944164.770331176,1970197.7162423295
 05/05  20:00:00,2823348.8601670736,0.0,0.0,0.0,1385459.1738555299,1247768.2838439408
 05/05  21:00:00,3469828.9068301143,0.0,0.0,0.0,1990956.1461331318,1254392.0686268013
 05/05  22:00:00,2219649.858634958,0.0,0.0,0.0,917225.2863950962,1107721.9311585815
 05/05  23:00:00,1414699.0731863258,0.0,0.0,0.0,251435.183403411,1028117.3506794382
 05/05  24:00:00,1380830.6066984618,0.0,0.0,0.0,251435.183403411,1024026.9351804757
 05/06  01:00:00,1511740.1911994992,0.0,135000.0,0.0,251435.183403411,1019936.5196815131
 05/06  02:00:00,1550359.156393698,0.0,180000.0,0.0,251435.183403411,1015846.1041825507
 05/06  03:00:00,1546268.7408947353,0.0,180000.0,0.0,251435.183403411,1011755.6886835882
 05/06  04:00:00,1554665.0868950263,0.0,180000.0,0.0,254129.13179701898,1015167.4669834322
 05/06  05:00:00,1683406.9343551798,141228.60895940682,180000.0,0.0,251435.183403411,1007665.2731846257
 05/06  06:00:00,1667941.4958682738,119872.95878141435,180000.0,0.0,251435.183403411,1015846.1041825507
 05/06  07:00:00,1605106.7947265762,100729.28456230732,135000.0,0.0,251435.183403411,1024026.9351804757
 05/06  08:00:00,2145056.5176978516,72946.24391859639,0.0,0.0,851800.8254074741,1137847.1533255922
 05/06  09:00:00,3333263.5123484787,30434.20077350603,0.0,0.0,976235.5845407948,2257875.1478290204
 05/06  10:00:00,5100417.412269052,0.0,0.0,0.0,1370065.183034913,3675377.3658700134
 05/06  11:00:00,3326205.5116376695,0.0,0.0,0.0,1447035.1371379981,1842520.4655902542
 05/06  12:00:00,24787708.574654095,2109.512934626555,15654.935241383097,0.0,1404701.6623813012,23337755.03241472
 05/06  13:00:00,4617959.297977261,0.0,0.0,0.0,1262307.247290594,3330455.2383114425
 05/06  14:00:00,2829125.578908018,31807.098006696768,243572.79878092423,0.0,1262307.247290594,1266241.622454578
 05/06  15:00:00,3134093.943117653,62479.31126378973,482977.35517663206,0.0,1262307.247290594,1298842.5977045742
 05/06  16:00:00,3540393.906020223,81462.07408888145,629773.4623848927,0.0,1395721.8344026078,1389914.768313908
 05/06  17:00:00,4592518.348475374,107972.5321801856,825200.8328818809,0.0,1821622.247106345,1750679.2026470974
 05/06  18:00:00,4627461.624129743,101970.86274007833,763718.8472559623,0.0,1965299.4947654367,1686522.692640014
 05/06  19:00:00,4387892.383988664,92037.51229216109,667628.6179947476,0.0,1980693.4855860542,1510095.6097053867
 05/06  20:00:00,5347969.15721921,82604.88413839982,583974.7829911683,0.0,2971040.228379081,1520227.8592429587
 05/06  21:00:00,7513882.980784236,79853.2561051623,555962.5549922138,0.0,3730477.1088628527,2923109.368753826
 05/06  22:00:00,4140983.5584597923,27251.57524895404,189534.41587685084,0.0,2465604.1964354897,1263890.7298172174
 05/06  23:00:00,1901811.8729138607,0.0,0.0,0.0,674769.9309703785,1091895.4028400057
 05/06  24:00:00,1545154.5515196114,0.0,0.0,0.0,376639.64207776263,1063146.4213272738
 05/07  01:00:00,1407620.1757561413,0.0,0.0,0.0,272217.0710112439,1030034.6166303225
 05/07  02:00:00,1372649.7757005366,0.0,0.0,0.0,251435.183403411,1015846.1041825507
 05/07  03:00:00,1370371.3522664001,0.0,0.0,0.0,251435.183403411,1013567.6807484142
 05/07  04:00:00,1364468.9447026118,0.0,0.0,0.0,251435.183403411,1007665.2731846257
 05/07  05:00:00,1385001.2849272923,0.0,0.0,0.0,287611.061831861,1012637.3087424038
 05/07  06:00:00,1347452.963325312,0.0,0.0,0.0,251435.183403411,1015846.1041825507
 05/07  07:00:00,1703154.5046622069,0.0,0.0,0.0,549052.339268673,1076221.108961022
 05/07  08:00:00,1710190.693533631,0.0,0.0,0.0,551618.0044054425,1082982.2520025151
 05/07  09:00:00,1343689.8746743295,0.0,0.0,0.0,251435.183403411,1028117.3506794382
 05/07  10:00:00,1325855.7433343357,0.0,0.0,0.0,251435.183403411,1024026.9351804757
 05/07  11:00:00,1309821.4081864655,0.0,0.0,0.0,251435.183403411,1024026.9351804757
 05/07  12:00:00,1419130.3812638747,0.0,0.0,0.0,251435.183403411,1140207.7661784007
 05/07  13:00:00,1782690.0499297543,0.0,0.0,0.0,631153.623645297,1126339.613909233
 05/07  14:00:00,2270114.874547013,3230.5693451270413,25196.031936557156,0.0,1008306.3987504134,1208185.0621396909
 05/07  15:00:00,3654997.7785339486,56340.18136839554,438306.6897921263,0.0,1136589.6555888886,1996273.8201024754
 05/07  16:00:00,2963863.3964305823,72092.30576057997,560828.6828480688,0.0,1013437.7290239525,1273982.911968048
 05/07  17:00:00,2939291.1780769313,82334.4448728708,636159.30581616,0.0,774830.871304389,1361213.6417304843
 05/07  18:00:00,3531004.521573622,85659.00766038624,652813.3053154112,0.0,1252044.5867435161,1428247.2758192178
 05/07  19:00:00,4014435.389572113,85433.86123127278,639100.6894295764,0.0,1636894.357258941,1504116.2267078152
 05/07  20:00:00,12738779.275897324,96898.74397963415,712387.1034874037,0.0,2971040.228379081,8750006.843128895
 05/07  21:00:00,4750348.181157401,73930.05679503731,542709.5529958316,0.0,2570796.467043039,1322397.0771054418
 05/07  22:00:00,3891625.414793383,52883.596485319766,388607.17914904456,0.0,2021744.1277743662,1219944.1544623415
 05/07  23:00:00,2204377.120475392,23426.331650409993,172538.4761549343,0.0,759436.8804837719,1104666.4158554445
 05/07  24:00:00,1406872.7006728952,3109.6214618125377,22932.472512620883,0.0,251435.183403411,1024026.9351804757
 05/08  01:00:00,1376740.1911994992,0.0,0.0,0.0,251435.183403411,1019936.5196815131
 05/08  02:00:00,1372649.7757005366,0.0,0.0,0.0,251435.183403411,1015846.1041825507
 05/08  03:00:00,1368559.360201574,0.0,0.0,0.0,251435.183403411,1011755.6886835882
 05/08  04:00:00,2475038.907303172,0.0,0.0,0.0,255027.11459488832,2114643.3045937093
 05/08  05:00:00,1874364.5802164418,0.0,0.0,0.0,396138.69711721083,1393472.9687462032
 05/08  06:00:00,2371860.9914502967,0.0,0.0,0.0,1159680.641819814,1132008.6738911322
 05/08  07:00:00,2750857.8914996292,0.0,0.0,0.0,1441903.806864459,1231073.0282026583
 05/08  08:00:00,1887714.5546961855,0.0,0.0,0.0,701709.4149064582,1110414.7026640538
 05/08  09:00:00,1515293.0231679212,0.0,0.0,0.0,396395.2636308878,1054760.4189455532
 05/08  10:00:00,1992051.0678810528,0.0,0.0,0.0,810750.1832191619,1130907.259911442
 05/08  11:00:00,1988402.3928862382,3312.1860866410575,25383.99868445986,0.0,785093.531851467,1140253.3866610916
 05/08  12:00:00,2353153.0225016666,33961.54611346336,261971.5928731769,0.0,764568.210757311,1265164.2410756527
 05/08  13:00:00,2505499.146075326,64064.47600129354,498481.5423899833,0.0,759436.880483772,1158319.434825053
 05/08  14:00:00,2807710.7801866382,99393.38536447655,778686.5304119006,0.0,754305.550210233,1150128.5018248037
 05/08  15:00:00,2891735.450678629,105865.32285223965,834600.5404185471,0.0,759436.880483772,1164345.2752420073
 05/08  16:00:00,3628419.7589315344,127568.10911250273,1004264.8656117211,0.0,1140438.1532940427,1312626.8640833348
 05/08  17:00:00,4233099.933757427,146654.638381753,1147519.3996284886,0.0,1298226.559205367,1555946.422188791
 05/08  18:00:00,4020871.524061936,118171.63780481397,914835.3466360463,0.0,1395721.8344026082,1479902.3591833771
 05/08  19:00:00,4087198.872928972,103233.29278128847,778377.5027588392,0.0,1636894.357258941,1419803.4651853954
 05/08  20:00:00,5985444.153385366,95653.2510397468,702638.3966833088,0.0,2289856.134566779,2688850.014173221
 05/08  21:00:00,5301850.486463144,76855.21145424286,558181.0560057273,0.0,2570796.467043039,1855502.7247420838
 05/08  22:00:00,2952620.5273488997,28080.033144163473,203680.7943145047,0.0,1359802.522487835,1152610.8204800854
 05/08  23:00:00,1627675.7466990703,1087.7533354882898,7889.024350550559,0.0,420769.082430198,1053620.8702520025
 05/08  24:00:00,1380830.6066984618,0.0,0.0,0.0,251435.183403411,1024026.9351804757
 05/09  01:00:00,1376740.1911994992,0.0,0.0,0.0,251435.183403411,1019936.5196815131
 05/09  02:00:00,1372649.7757005366,0.0,0.0,0.0,251435.183403411,1015846.1041825507
 05/09  03:00:00,1368559.360201574,0.0,0.0,0.0,251435.183403411,1011755.6886835882
 05/09  04:00:00,1374665.0868950263,0.0,0.0,0.0,254129.13179701898,1015167.4669834321
 05/09  05:00:00,1508445.026885976,0.0,0.0,0.0,396138.69711721083,1027553.4154157375
 05/09  06:00:00,1602252.8845590167,0.0,0.0,0.0,477213.715439127,1044867.4933805394
 05/09  07:00:00,1878060.1694851108,0.0,0.0,0.0,697860.917201304,1102318.195851295
 05/09  08:00:00,1355142.9712085226,0.0,0.0,0.0,251435.183403411,1028117.3506794382
 05/09  09:00:00,1686896.171661513,0.0,0.0,0.0,541355.3438583645,1081403.487211668
 05/09  10:00:00,1992051.0678810528,0.0,0.0,0.0,810750.1832191619,1130907.259911442
 05/09  11:00:00,3056681.3144591455,0.0,0.0,0.0,785093.531851467,2237228.4930050997
 05/09  12:00:00,3206693.0842340696,0.0,0.0,0.0,764568.210757311,2414637.4417946953
 05/09  13:00:00,2346665.6544681247,46295.86586726072,357416.66091681505,0.0,759436.880483772,1158319.434825053
 05/09  14:00:00,2667114.0835010726,84778.92964815085,652704.2894426609,0.0,754305.550210233,1150128.5018248037
 05/09  15:00:00,3616792.7500986666,137790.21542963525,1049707.180309147,0.0,1136589.6555888886,1265218.2670889327
 05/09  16:00:00,3866765.8293767595,141167.66896436806,1063366.999819704,0.0,1267438.5775641329,1351270.8161986214
 05/09  17:00:00,2898730.501759826,80289.4189612511,598076.3059356753,0.0,774830.871304389,1360780.991205484
 05/09  18:00:00,4168784.625055732,84237.7723731465,609599.1264599082,0.0,678618.4286755328,2684088.9515120536
 05/09  19:00:00,3611767.807917964,50370.02109496137,355809.7094341585,0.0,1636894.357258941,1419803.4651853954
 05/09  20:00:00,3384484.026362213,35178.87954115972,243177.23254941034,0.0,1611237.705891246,1286443.851458086
 05/09  21:00:00,2838017.912589437,0.0,0.0,0.0,1411115.825223225,1186387.0601481604
 05/09  22:00:00,3342042.9927360895,0.0,135000.0,0.0,1801096.9260121891,1197499.7098015894
 05/09  23:00:00,2188412.3126700474,0.0,180000.0,0.0,759436.8804837719,1104666.4158554445
 05/09  24:00:00,1601911.5929037493,0.0,180000.0,0.0,282736.29807199887,1033806.8067171753
 05/10  01:00:00,1556740.1911994992,0.0,180000.0,0.0,251435.183403411,1019936.5196815131
 05/10  02:00:00,1552649.7757005366,0.0,180000.0,0.0,251435.183403411,1015846.1041825507
 05/10  03:00:00,1548559.360201574,0.0,180000.0,0.0,251435.183403411,1011755.6886835882
 05/10  04:00:00,1544468.9447026118,0.0,180000.0,0.0,251435.183403411,1007665.2731846257
 05/10  05:00:00,2808163.082077017,105038.77681948832,180000.0,0.0,323786.9402603109,2114584.45064419
 05/10  06:00:00,3001029.8152476037,83249.27046684126,180000.0,0.0,1159680.641819814,1497928.227221598
 05/10  07:00:00,2989041.80621749,58183.914717861335,180000.0,0.0,1441903.806864459,1231073.0282026583
 05/10  08:00:00,2803011.4554838296,29485.209991501913,0.0,0.0,1452166.467411537,1245769.3409551173
 05/10  09:00:00,2035743.0171952248,5640.548546528481,0.0,0.0,831275.5043133181,1134689.6237438978
 05/10  10:00:00,2656438.7774111414,0.0,0.0,0.0,1370065.183034913,1235979.9696257794
 05/10  11:00:00,2602575.049837015,0.0,0.0,0.0,1313620.5500259842,1254595.210208452
 05/10  12:00:00,2693501.7707495494,0.0,0.0,0.0,1277701.238111211,1388313.1009562756
 05/10  13:00:00,2661792.5182144125,28537.23752653068,219921.33767619793,0.0,1136589.6555888886,1251547.4750475707
 05/10  14:00:00,2536024.5040722364,69184.58906695624,537209.0505950192,0.0,754305.550210233,1150128.5018248037
 05/10  15:00:00,2967365.0912490063,115987.20058831555,900108.3032528483,0.0,759436.880483772,1164345.2752420073
 05/10  16:00:00,2478567.8478202,130749.72921506209,1012472.5711954682,0.0,251435.183403411,1040388.5971763257
 05/10  17:00:00,3237483.032926143,143326.76685975713,1099831.6825675191,0.0,382284.1053786555,1527287.5637671838
 05/10  18:00:00,7725774.6002204595,195169.38592862483,1454295.3899540743,0.0,1108367.339084424,4855702.139218246
 05/10  19:00:00,6364500.231547354,167448.89840029136,1203884.6970273233,0.0,1636894.357258941,3207382.0239162897
 05/10  20:00:00,6375134.9009941425,139834.07848887084,970950.4371034044,0.0,2516917.49917088,2538986.529308676
 05/10  21:00:00,7285782.830575021,120891.1138783471,826279.8231491244,0.0,2860716.627497992,3237380.2388315047
 05/10  22:00:00,2190905.7351458822,25685.51538313109,176201.1242780759,0.0,695295.2520645345,1085277.4864978294
 05/10  23:00:00,1423861.5504136803,0.0,0.0,0.0,251435.183403411,1028117.3506794382
 05/10  24:00:00,1380830.6066984618,0.0,0.0,0.0,251435.183403411,1024026.9351804757
 05/11  01:00:00,1376740.1911994992,0.0,0.0,0.0,251435.183403411,1019936.5196815131
 05/11  02:00:00,1372649.7757005366,0.0,0.0,0.0,251435.183403411,1015846.1041825507
 05/11  03:00:00,1458559.360201574,0.0,90000.0,0.0,251435.183403411,1011755.6886835882
 05/11  04:00:00,1544468.9447026118,0.0,180000.0,0.0,251435.183403411,1007665.2731846257
 05/11  05:00:00,1529374.6748292968,5521.303888232593,180000.0,0.0,251435.183403411,1007665.2731846257
 05/11  06:00:00,2727881.6243821383,4773.265575873983,135000.0,0.0,702992.247474843,1804944.4355920707
 05/11  07:00:00,2751649.5781319835,791.6866323543583,0.0,0.0,1441903.806864459,1231073.0282026583
 05/11  08:00:00,2949767.2740864973,0.0,0.0,0.0,1600975.0453441679,1273201.7916166557
 05/11  09:00:00,4177679.1201975346,0.0,0.0,0.0,1411115.825223225,2702425.954382829
 05/11  10:00:00,2656438.7774111414,0.0,0.0,0.0,1370065.183034913,1235979.9696257794
 05/11  11:00:00,2120423.4185456065,0.0,0.0,0.0,917225.2863950962,1168838.8425479317
 05/11  12:00:00,2498789.985693626,49504.27688711062,392065.82529148925,0.0,764568.210757311,1265164.2410756527
 05/11  13:00:00,2741594.883479701,88215.5991227349,710426.1566729168,0.0,759436.880483772,1158319.434825053
 05/11  14:00:00,3254014.574964166,145701.6955613196,1178682.0149925854,0.0,754305.550210233,1150128.5018248037
 05/11  15:00:00,3780981.9205287313,201365.45824695806,1628346.874873931,0.0,759436.880483772,1164345.2752420073
 05/11  16:00:00,4174975.2615851588,239553.77646301495,1935767.830070964,0.0,759436.880483772,1196695.0077374745
 05/11  17:00:00,6974472.193620173,285367.82845495763,2287283.809743556,0.0,1298226.559205367,3018841.0818632646
 05/11  18:00:00,4956654.001013046,242722.46111211862,1921399.3313031038,0.0,1252044.5867435161,1428247.2758192178
 05/11  19:00:00,4387626.035568211,212412.04226034932,1624669.0825822975,0.0,1117347.1670631173,1284307.488717939
 05/11  20:00:00,5645511.997496875,201928.78140685358,1495125.643563226,0.0,2062794.769962678,1677216.4456418073
 05/11  21:00:00,8524633.969603557,188303.9596929953,1371356.8211693906,0.0,1990956.1461331318,4733502.015389988
 05/11  22:00:00,9739145.861455392,154709.65552340762,1117984.0729410122,0.0,2021744.1277743662,6236261.648294292
 05/11  23:00:00,4910485.034419367,58678.231827273485,423378.9536152345,0.0,674769.9309703785,3609348.90167565
 05/11  24:00:00,2098393.5939313867,68462.35665976809,484776.68575200706,0.0,376639.64207776263,1063146.4213272738
 05/12  01:00:00,1684671.3930460387,30756.65636010774,215414.5763731475,0.0,292998.9586190769,1040132.7135791318
 05/12  02:00:00,1415568.1329808026,4276.255834137846,29774.601938491298,0.0,251435.183403411,1027004.2229970263
 05/12  03:00:00,1366268.7408947353,0.0,0.0,0.0,251435.183403411,1011755.6886835882
 05/12  04:00:00,1364468.9447026118,0.0,0.0,0.0,251435.183403411,1007665.2731846257
 05/12  05:00:00,1362178.325395773,0.0,0.0,0.0,251435.183403411,1007665.2731846257
 05/12  06:00:00,1368068.5370868593,0.0,0.0,0.0,251435.183403411,1015846.1041825507
 05/12  07:00:00,1682798.9691196997,0.0,0.0,0.0,251435.183403411,1337448.3941359068
 05/12  08:00:00,3221583.474498298,0.0,0.0,0.0,851800.8254074741,2287320.354044635
 05/12  09:00:00,2462912.5785376774,9944.269540640678,75943.60579748084,0.0,1121195.6647682716,1187110.4592261265
 05/12  10:00:00,2995366.066621796,37991.000429995314,296355.05016698176,0.0,1370065.183034913,1235979.9696257794
 05/12  11:00:00,3206117.7376655443,67496.44693109019,533755.6215906002,0.0,1313620.5500259842,1254595.210208452
 05/12  12:00:00,4889783.5215290515,123282.69918354836,976023.9452519458,0.0,1277701.238111211,2485288.207300284
 05/12  13:00:00,4289461.37610097,133348.055040021,1061537.8781778354,0.0,1389307.6715606842,1680070.9589472055
 05/12  14:00:00,4592972.219128275,157672.50452404647,1255631.5997570686,0.0,1770308.944370955,1384162.3581009812
 05/12  15:00:00,5046093.366288263,203442.97299128282,1609706.4820601935,0.0,1770308.944370955,1435147.5351837699
 05/12  16:00:00,5282958.529439011,220138.99211306623,1732879.54091821,0.0,1780571.604918033,1505846.6246597683
 05/12  17:00:00,5800906.42602462,244094.13205020997,1897467.3105611017,0.0,1821622.247106345,1750679.2026470974
 05/12  18:00:00,5536472.2625945145,227061.96500869654,1741687.881906982,0.0,1822905.0796747296,1634867.6092758547
 05/12  19:00:00,4835510.557769502,192426.71916056058,1448948.8577542899,0.0,1636894.357258941,1419803.4651853954
 05/12  20:00:00,4762032.489473961,168009.54438580413,1241765.885621361,0.0,1837016.2379269619,1325119.419072231
 05/12  21:00:00,5387065.029254926,152730.03788960108,1116660.7551466634,0.0,2570796.467043039,1322397.0771054418
 05/12  22:00:00,5453464.194126032,119227.78443621892,870647.8902235038,0.0,1359802.522487835,2909083.355897195
 05/12  23:00:00,2148337.7424945273,80692.94114864671,590365.806592323,0.0,251435.183403411,1090697.2722466697
 05/12  24:00:00,1892129.930588648,61489.62246279683,449809.7014273893,0.0,251435.183403411,1024026.9351804757
 05/13  01:00:00,1745134.3962666471,44318.45116410921,324075.7539030388,0.0,251435.183403411,1019936.5196815131
 05/13  02:00:00,1642399.791530274,32767.32229922635,239273.31283734986,0.0,251435.183403411,1015846.1041825507
 05/13  03:00:00,1551168.011829433,22298.3080589423,162600.96287575556,0.0,251435.183403411,1011755.6886835882
 05/13  04:00:00,1465200.0383813477,12160.91543502669,88570.1782437092,0.0,251435.183403411,1007665.2731846257
 05/13  05:00:00,1397399.1173750653,4250.241384824903,30970.5505944676,0.0,251435.183403411,1007665.2731846257
 05/13  06:00:00,1372055.8002381057,479.2849592350744,3507.9781920112796,0.0,251435.183403411,1015846.1041825507
 05/13  07:00:00,1385323.278690207,1898.0651679460943,14047.703357992232,0.0,251435.183403411,1024026.9351804757
 05/13  08:00:00,2991135.662389271,24798.24721227479,185939.31176415266,0.0,1452166.467411537,1245769.3409551173
 05/13  09:00:00,3436434.867446921,43623.824798755675,330239.04652424454,0.0,1701035.9856781785,1292817.4312405847
 05/13  10:00:00,3834647.442818029,59056.48776745299,448375.61447904014,0.0,1929380.1828506638,1342860.2943567457
 05/13  11:00:00,6174155.850510107,89035.52417906614,673213.9729928348,0.0,1847278.8984740397,3527977.5459547495
 05/13  12:00:00,17312429.053854804,121064.52308093132,911438.8438423214,0.0,1404701.6623813012,14847736.592868187
 05/13  13:00:00,13126328.49020504,158428.71027319628,1194034.0302093027,0.0,1262307.247290594,10486361.690056724
 05/13  14:00:00,4036816.692952954,173217.35777194862,1309853.6530606095,0.0,1262307.247290594,1266241.622454578
 05/13  15:00:00,7144916.474928195,240876.54658985644,1810662.1728572908,0.0,1136589.6555888886,3929300.6682100957
 05/13  16:00:00,4570347.812524648,225598.0951036964,1700385.8506435875,0.0,1013437.7290239525,1587404.370923479
 05/13  17:00:00,4766111.331172068,212172.10765902197,1599795.623804763,0.0,774830.871304389,2092269.1947440272
 05/13  18:00:00,4748871.135131722,207238.14225268265,1556059.0725648014,0.0,1395721.8344026082,1479902.3591833771
 05/13  19:00:00,5258525.883592415,194548.1445118981,1435751.4853787618,0.0,1980693.4855860542,1510095.6097053867
 05/13  20:00:00,6200589.93427351,184846.36429913878,1334354.0798847296,0.0,2971040.228379081,1520227.8592429587
 05/13  21:00:00,5604920.617132654,142549.08733747603,1020322.7251280862,0.0,2860716.6274979925,1356851.4850989194
 05/13  22:00:00,4524909.286045648,103637.73907056895,740977.3016490925,0.0,2243674.162104928,1241917.4421397795
 05/13  23:00:00,2257975.8120176448,55513.610348972754,398088.29128364363,0.0,590102.981456985,1079124.389824567
 05/13  24:00:00,1587933.2737147587,25297.8020839467,181804.8649323502,0.0,251435.183403411,1024026.9351804757
 05/14  01:00:00,1415278.5838953643,4701.783956609557,33836.60873925547,0.0,251435.183403411,1019936.5196815131
 05/14  02:00:00,1372649.7757005366,0.0,0.0,0.0,251435.183403411,1015846.1041825507
 05/14  03:00:00,1368559.360201574,0.0,0.0,0.0,251435.183403411,1011755.6886835882
 05/14  04:00:00,1364468.9447026118,0.0,0.0,0.0,251435.183403411,1007665.2731846257
 05/14  05:00:00,1343853.3709410643,0.0,0.0,0.0,251435.183403411,1007665.2731846257
 05/14  06:00:00,1602252.8845590167,0.0,0.0,0.0,477213.715439127,1044867.4933805394
 05/14  07:00:00,1353343.1750163988,0.0,0.0,0.0,251435.183403411,1024026.9351804757
 05/14  08:00:00,1887714.5546961855,0.0,0.0,0.0,701709.4149064582,1110414.7026640538
 05/14  09:00:00,1343689.8746743295,0.0,0.0,0.0,251435.183403411,1028117.3506794382
 05/14  10:00:00,1992051.0678810528,0.0,0.0,0.0,810750.1832191619,1130907.259911442
 05/14  11:00:00,2491249.312969384,60580.417392874806,470962.68746137153,0.0,785093.531851467,1140253.3866610916
 05/14  12:00:00,3153534.18162671,123420.37754930716,972893.9205623767,0.0,764568.210757311,1265164.2410756527
 05/14  13:00:00,3443142.024580239,167721.46309212537,1332467.433804064,0.0,759436.880483772,1158319.434825053
 05/14  14:00:00,3799187.681713692,209458.98910160933,1660097.8282018215,0.0,754305.550210233,1150128.5018248037
 05/14  15:00:00,4398641.061477987,240830.8783004631,1887856.7511349872,0.0,1010872.063887183,1231593.936473291
 05/14  16:00:00,5934573.668378113,273547.1857587949,2100812.5600593262,0.0,1395721.8344026078,2120970.3213274507
 05/14  17:00:00,5379004.634010847,249329.8996630335,1877327.3796451965,0.0,1298226.559205367,1869367.881144222
 05/14  18:00:00,4912559.018076038,179547.24217057036,1327513.1422262806,0.0,1395721.8344026082,1897536.4532414884
 05/14  19:00:00,5282790.35805417,147496.11927548,1061523.6156956386,0.0,2324492.613913167,1600387.7542253777
 05/14  20:00:00,5342929.172621528,37250.88901091157,261068.48185738732,0.0,2971040.228379081,1865123.2164518365
 05/14  21:00:00,6421555.857504267,102098.44212096196,711591.7442413106,0.0,2570796.467043039,2796554.1768809045
 05/14  22:00:00,1918612.7143583423,21758.310651492407,152209.78721348816,0.0,473365.2177339727,1062833.0418370776
 05/14  23:00:00,1423861.5504136803,0.0,0.0,0.0,251435.183403411,1028117.3506794382
 05/14  24:00:00,1380830.6066984618,0.0,0.0,0.0,251435.183403411,1024026.9351804757
 05/15  01:00:00,1376740.1911994992,0.0,0.0,0.0,251435.183403411,1019936.5196815131
 05/15  02:00:00,1372649.7757005366,0.0,0.0,0.0,251435.183403411,1015846.1041825507
 05/15  03:00:00,1368559.360201574,0.0,0.0,0.0,251435.183403411,1011755.6886835882
 05/15  04:00:00,1371266.372830888,0.0,0.0,0.0,253231.14899914965,1012666.7357171633
 05/15  05:00:00,1508445.026885976,0.0,0.0,0.0,396138.69711721083,1027553.4154157375
 05/15  06:00:00,1602252.8845590167,0.0,0.0,0.0,477213.715439127,1044867.4933805394
 05/15  07:00:00,1353343.1750163988,0.0,0.0,0.0,251435.183403411,1024026.9351804757
 05/15  08:00:00,1355142.9712085226,0.0,0.0,0.0,251435.183403411,1028117.3506794382
 05/15  09:00:00,2543613.9625544692,0.0,0.0,0.0,1266155.7449957482,1213320.8769672406
 05/15  10:00:00,1992051.0678810528,0.0,0.0,0.0,810750.1832191619,1130907.259911442
 05/15  11:00:00,1634763.8081508013,0.0,0.0,0.0,518264.357627439,1082140.1609207836
 05/15  12:00:00,1419130.3812638747,0.0,0.0,0.0,251435.183403411,1140207.7661784007
 05/15  13:00:00,2029072.1853075344,9843.756571488471,76275.30105199662,0.0,759436.880483772,1158319.434825053
 05/15  14:00:00,3857845.911941085,54997.934557479835,429085.0099625691,0.0,754305.550210233,2594260.6048355787
 05/15  15:00:00,10461292.354945255,130219.0515909645,1012906.4273859916,0.0,505436.0319435915,8785243.412342642
 05/15  16:00:00,2536077.165582258,136619.6769072971,1064111.9412652906,0.0,251435.183403411,1040388.5971763257
 05/15  17:00:00,2833335.6313752113,152291.3298260927,1180105.9446205038,0.0,251435.183403411,1164750.2591721758
 05/15  18:00:00,3612639.2686285386,162057.66711554045,1242346.0218981588,0.0,823578.5089030096,1272416.724676739
 05/15  19:00:00,5534485.988190204,198219.95810669637,1479541.0434240077,0.0,2152593.0497496105,1555241.6819653823
 05/15  20:00:00,6310620.911984391,194637.88152557082,1416268.5859144686,0.0,2971040.228379081,1520227.8592429587
 05/15  21:00:00,5421794.475015101,157160.7886806727,1130925.1149678966,0.0,2570796.467043039,1322397.0771054418
 05/15  22:00:00,3416453.0047921594,114778.59288234866,823906.3584425083,0.0,1139155.320725658,1130166.3758193334
 05/15  23:00:00,2205264.912033506,71837.15813571481,514728.7848847595,0.0,420769.082430198,1053620.8702520025
 05/15  24:00:00,1380830.6066984618,0.0,0.0,0.0,251435.183403411,1024026.9351804757
 05/16  01:00:00,1376740.1911994992,0.0,0.0,0.0,251435.183403411,1019936.5196815131
 05/16  02:00:00,1372649.7757005366,0.0,0.0,0.0,251435.183403411,1015846.1041825507
 05/16  03:00:00,1368559.360201574,0.0,0.0,0.0,251435.183403411,1011755.6886835882
 05/16  04:00:00,1364468.9447026118,0.0,0.0,0.0,251435.183403411,1007665.2731846257
 05/16  05:00:00,1343853.3709410643,0.0,0.0,0.0,251435.183403411,1007665.2731846257
 05/16  06:00:00,1857052.8057927215,0.0,0.0,0.0,702992.247474843,1073888.882578528
 05/16  07:00:00,2369336.4216341674,0.0,0.0,0.0,846669.495133935,1444785.8700677205
 05/16  08:00:00,17245070.61708885,0.0,0.0,0.0,1151983.6464095055,16017496.533553673
 05/16  09:00:00,2714784.4605230605,0.0,0.0,0.0,1411115.825223225,1239531.294708355
 05/16  10:00:00,2656438.7774111414,0.0,0.0,0.0,1370065.183034913,1235979.9696257794
 05/16  11:00:00,2441857.8394065453,0.0,0.0,0.0,1181488.795482355,1226009.754321612
 05/16  12:00:00,2693501.7707495494,0.0,0.0,0.0,1277701.238111211,1388313.1009562756
 05/16  13:00:00,2374345.5238028616,14403.60733517442,103401.57856521517,0.0,1010872.0638871831,1220471.4616400648
 05/16  14:00:00,2134686.7410034947,25055.897496489575,179999.97909674415,0.0,754305.550210233,1150128.5018248037
 05/16  15:00:00,2228199.3541806107,33802.969303727885,243126.7974690409,0.0,759436.880483772,1164345.2752420073
 05/16  16:00:00,2387883.4992644824,47522.044133522315,340707.8000797801,0.0,759436.880483772,1196695.0077374745
 05/16  17:00:00,4075689.0232496224,48979.66595271915,349872.5893853513,0.0,1036528.7152548779,2555555.138303646
 05/16  18:00:00,7549264.184662202,109941.80977971749,777904.8524070908,0.0,1538116.2494933154,5011060.926946988
 05/16  19:00:00,4750586.6315291505,67266.32144177819,474100.858992475,0.0,1636894.357258941,2423434.8388914485
 05/16  20:00:00,4512203.398974699,43221.87825061733,301606.24166622385,0.0,2516917.49917088,1442011.4229646674
 05/16  21:00:00,5689447.76736431,32486.69047385968,225754.23173019453,0.0,3730477.1088628527,1460214.709079352
 05/16  22:00:00,2477768.0534673026,0.0,0.0,0.0,1139155.320725658,1130166.3758193334
 05/16  23:00:00,1813536.3876123829,0.0,0.0,0.0,590102.981456985,1079124.389824567
 05/16  24:00:00,1380830.6066984618,0.0,0.0,0.0,251435.183403411,1024026.9351804757
 05/17  01:00:00,1376740.1911994992,0.0,0.0,0.0,251435.183403411,1019936.5196815131
 05/17  02:00:00,1372649.7757005366,0.0,0.0,0.0,251435.183403411,1015846.1041825507
 05/17  03:00:00,1368559.360201574,0.0,0.0,0.0,251435.183403411,1011755.6886835882
 05/17  04:00:00,1987619.6819483927,0.0,135000.0,0.0,255027.11459488832,1492224.0792389298
 05/17  05:00:00,22696884.109183904,46925.32815018309,180000.0,0.0,396138.69711721083,21989067.169563487
 05/17  06:00:00,4944648.793406036,827.825145893487,180000.0,0.0,1272569.907837672,3411079.38468312
 05/17  07:00:00,4350449.6153544905,1697.0641803871495,135000.0,0.0,1441903.806864459,2693967.687877132
 05/17  08:00:00,2773526.2454923275,0.0,0.0,0.0,1452166.467411537,1245769.3409551173
 05/17  09:00:00,2030102.468648696,0.0,0.0,0.0,831275.5043133181,1134689.6237438978
 05/17  10:00:00,2158147.9952635746,0.0,0.0,0.0,950578.9331730998,1157175.4373400263
 05/17  11:00:00,2120423.4185456065,0.0,0.0,0.0,917225.2863950962,1168838.8425479317
 05/17  12:00:00,1897697.5079522384,0.0,0.0,0.0,636284.953918836,1233925.1223513396
 05/17  13:00:00,1367341.0647113645,7020.327234038398,51480.975520290136,0.0,251435.183403411,1032207.7661784007
 05/17  14:00:00,2268280.1707536113,40695.07850874868,297954.2278346016,0.0,754305.550210233,1150128.5018248037
 05/17  15:00:00,2825431.6125840684,86508.12088171013,628311.9819771686,0.0,885154.4721854775,1197969.6058576491
 05/17  16:00:00,3261088.0433200262,113616.03275147626,816529.6027466159,0.0,1013437.7290239524,1273982.911968048
 05/17  17:00:00,5327505.783786306,114270.52308871134,811414.7052759351,0.0,1298226.559205367,3018841.081863265
 05/17  18:00:00,4820243.437850513,113476.13595513787,791858.9097008223,0.0,1822905.0796747296,1979762.9664847325
 05/17  19:00:00,6255459.760344242,90116.14898015186,617415.8885055745,0.0,2324492.613913167,3074544.854000841
 05/17  20:00:00,5006367.186443397,33621.74757160908,273030.994327437,0.0,2971040.228379081,1520227.8592429587
 05/17  21:00:00,5611206.845160256,0.0,180000.0,0.0,3730477.1088628527,1460214.709079352
 05/17  22:00:00,3630134.6391590186,0.0,180000.0,0.0,2021744.1277743662,1219944.1544623415
 05/17  23:00:00,1896117.6783127072,0.0,180000.0,0.0,505436.0319435915,1066372.6300382847
 05/17  24:00:00,1560830.6066984618,0.0,180000.0,0.0,251435.183403411,1024026.9351804757
 05/18  01:00:00,1556740.1911994992,0.0,180000.0,0.0,251435.183403411,1019936.5196815131
 05/18  02:00:00,1552649.7757005366,0.0,180000.0,0.0,251435.183403411,1015846.1041825507
 05/18  03:00:00,1548559.360201574,0.0,180000.0,0.0,251435.183403411,1011755.6886835882
 05/18  04:00:00,1544468.9447026118,0.0,180000.0,0.0,251435.183403411,1007665.2731846257
 05/18  05:00:00,1737050.5657532278,213197.19481216348,180000.0,0.0,251435.183403411,1007665.2731846257
 05/18  06:00:00,2078354.671959632,167399.7409862214,180000.0,0.0,591385.8140253697,1059397.4412086904
 05/18  07:00:00,2710085.850727186,128173.98782336393,180000.0,0.0,1144286.650999197,1179744.1554721133
 05/18  08:00:00,2336976.368456121,91737.95259738137,180000.0,0.0,851800.8254074741,1137847.1533255922
 05/18  09:00:00,2749324.593424844,34540.13290178336,0.0,0.0,1411115.825223225,1239531.294708355
 05/18  10:00:00,2656438.7774111414,0.0,0.0,0.0,1370065.183034913,1235979.9696257794
 05/18  11:00:00,1959706.2081151372,0.0,0.0,0.0,785093.531851467,1140253.3866610916
 05/18  12:00:00,2057219.8835150264,0.0,0.0,0.0,764568.210757311,1265164.2410756527
 05/18  13:00:00,1942953.1276840493,0.0,0.0,0.0,759436.880483772,1158319.434825053
 05/18  14:00:00,2689347.3954779315,51924.99189097324,395734.130321629,0.0,1008306.3987504136,1208185.0621396909
 05/18  15:00:00,3591045.469998426,116265.72398750548,886142.4693336887,0.0,1262307.247290594,1298842.5977045742
 05/18  16:00:00,4844128.245424441,168974.30087454122,1281867.2309436703,0.0,1267438.5775641329,2082326.369212164
 05/18  17:00:00,4691660.173767645,184011.48043263349,1389190.6804980044,0.0,1429075.4811806115,1604629.6173033677
 05/18  18:00:00,5401870.52109617,194114.49616895913,1443693.4914866693,0.0,1965299.4947654367,1686522.692640014
 05/18  19:00:00,5584465.973195583,182885.01796038984,1327810.3321521399,0.0,2324492.613913167,1600387.7542253777
 05/18  20:00:00,5644814.313351501,116151.88264603473,828947.9861611146,0.0,2971040.228379081,1520227.8592429587
 05/18  21:00:00,7286278.458763849,141075.7425866294,982940.3180034205,0.0,3730477.1088628527,2191270.2620928944
 05/18  22:00:00,5326262.291529577,113694.55500147882,786819.8093370808,0.0,2909464.2650966127,1307837.3051720937
 05/18  23:00:00,2668589.094781303,58659.75779224954,406641.0992613415,0.0,928770.7795105589,1130208.4418863223
 05/18  24:00:00,1929254.474371832,27538.686184932172,191647.14590215829,0.0,502357.2337794681,1102342.9203906986
 05/19  01:00:00,1489916.3406332857,6436.308990274714,44979.87133022744,0.0,292998.9586190769,1040132.7135791318
 05/19  02:00:00,1375938.2158009359,0.0,0.0,0.0,251435.183403411,1021425.1635897885
 05/19  03:00:00,1366268.7408947353,0.0,0.0,0.0,251435.183403411,1011755.6886835882
 05/19  04:00:00,1364468.9447026118,0.0,0.0,0.0,251435.183403411,1007665.2731846257
 05/19  05:00:00,1362178.325395773,0.0,0.0,0.0,251435.183403411,1007665.2731846257
 05/19  06:00:00,1877668.379554269,0.0,0.0,0.0,702992.247474843,1073888.882578528
 05/19  07:00:00,2069000.1694558852,0.0,0.0,0.0,846669.495133935,1128415.282741568
 05/19  08:00:00,2072110.2737792553,0.0,0.0,0.0,851800.8254074741,1137847.1533255922
 05/19  09:00:00,2068136.4048258604,4017.7027715176196,29434.994791969577,0.0,831275.5043133181,1134689.6237438978
 05/19  10:00:00,2948651.027018657,54044.57217968133,399683.3661966796,0.0,1230236.4330809752,1209711.792197195
 05/19  11:00:00,3379900.0372240953,90705.73107211926,684328.6370081223,0.0,1313620.5500259842,1254595.210208452
 05/19  12:00:00,5759395.077291881,173546.61270646838,1329958.883720539,0.0,1021134.724434261,3207267.4247485497
 05/19  13:00:00,4529469.354269605,198962.10230769461,1551253.7556197615,0.0,1136589.6555888886,1617467.0283780366
 05/19  14:00:00,3883889.831387671,221808.34357162178,1732450.6234057883,0.0,754305.550210233,1150128.5018248037
 05/19  15:00:00,6294249.405819883,275816.2604548782,2126243.1313306456,0.0,1136589.6555888886,2728112.9267634065
 05/19  16:00:00,5067266.882072333,277813.6181449271,2127222.1033347184,0.0,1267438.5775641329,1351270.8161986214
 05/19  17:00:00,5257256.182986686,269120.95226446894,2046918.7156681921,0.0,1298226.559205367,1555946.422188791
 05/19  18:00:00,6882895.504001062,260588.02517246042,1962687.752256933,0.0,1680510.6645840225,2869159.3352593947
 05/19  19:00:00,7162553.361138083,249423.4430133995,1847181.0178697722,0.0,2324492.613913167,2604019.12793143
 05/19  20:00:00,8120813.359208861,230752.0805297613,1680226.9240562622,0.0,2971040.228379081,3048672.7237761533
 05/19  21:00:00,7617875.581424763,204743.52108003368,1480861.864940258,0.0,3150636.7879529456,2557152.715381344
 05/19  22:00:00,13683656.253499862,187060.93080677078,1349420.7445982618,0.0,2021744.1277743662,9930727.809239184
 05/19  23:00:00,3000461.042010152,121373.744252398,879837.4623150609,0.0,759436.8804837719,1104666.4158554445
 05/19  24:00:00,2072824.4932081187,83875.3368362229,608118.5496734338,0.0,251435.183403411,1024026.9351804757
 05/20  01:00:00,1873363.4842823087,60303.26294454292,436320.0301382665,0.0,251435.183403411,1019936.5196815131
 05/20  02:00:00,1706444.7791959692,40979.41014611277,295106.21265615843,0.0,251435.183403411,1015846.1041825507
 05/20  03:00:00,1523774.1010549872,19294.81159723985,138210.54856301204,0.0,251435.183403411,1011755.6886835882
 05/20  04:00:00,1373058.7958344887,1056.1010296654633,7533.750102211583,0.0,251435.183403411,1007665.2731846257
 05/20  05:00:00,1362178.325395773,0.0,0.0,0.0,251435.183403411,1007665.2731846257
 05/20  06:00:00,1368068.5370868593,0.0,0.0,0.0,251435.183403411,1015846.1041825507
 05/20  07:00:00,2069000.1694558852,0.0,0.0,0.0,846669.495133935,1128415.282741568
 05/20  08:00:00,2603326.1460044463,0.0,0.0,0.0,1302075.0569105214,1218788.794047736
 05/20  09:00:00,2034683.7072623733,0.0,0.0,0.0,831275.5043133181,1134689.6237438978
 05/20  10:00:00,2063273.2932932866,8041.8819719469775,58599.1048266097,0.0,810750.1832191619,1130907.259911442
 05/20  11:00:00,2285286.8247873383,38810.400224908255,284479.5971404543,0.0,785093.531851467,1140253.3866610916
 05/20  12:00:00,2630087.762091621,68263.82080437682,504604.0577722174,0.0,764568.210757311,1265164.2410756527
 05/20  13:00:00,3250719.555440748,118073.59198825949,876271.3768130086,0.0,759436.880483772,1471740.8937804839
 05/20  14:00:00,7901113.1192457415,217495.77535444783,1598383.0943307867,0.0,1516308.0958307746,4543729.341354509
 05/20  15:00:00,19397166.778248344,262408.29209213186,1909367.2053881944,0.0,1770308.944370955,15427594.904714998
 05/20  16:00:00,8310396.986645848,279911.9976112809,2017115.424974181,0.0,1780571.604918033,4189276.1923124194
 05/20  17:00:00,5469170.572511498,221124.48873833602,1588701.1003598522,0.0,1821622.247106345,1750679.2026470974
 05/20  18:00:00,5479392.649826417,212600.8628147155,1505019.872877998,0.0,1965299.4947654367,1686522.692640014
 05/20  19:00:00,4492474.087401427,162788.24575443912,1135550.860792337,0.0,1636894.357258941,1419803.4651853954
 05/20  20:00:00,5120082.192187888,123205.50313302067,847826.3644517183,0.0,2516917.49917088,1442011.4229646674
 05/20  21:00:00,6168858.159117149,96111.14359218485,657574.505512578,0.0,3730477.1088628527,1460214.709079352
 05/20  22:00:00,3717753.5140019637,35751.118484795734,245611.4721991808,0.0,2021744.1277743662,1219944.1544623415
 05/20  23:00:00,1901811.8729138607,0.0,0.0,0.0,674769.9309703785,1091895.4028400057
 05/20  24:00:00,1515830.6066984618,0.0,135000.0,0.0,251435.183403411,1024026.9351804757
 05/21  01:00:00,1556740.1911994992,0.0,180000.0,0.0,251435.183403411,1019936.5196815131
 05/21  02:00:00,1552649.7757005366,0.0,180000.0,0.0,251435.183403411,1015846.1041825507
 05/21  03:00:00,1548559.360201574,0.0,180000.0,0.0,251435.183403411,1011755.6886835882
 05/21  04:00:00,1544468.9447026118,0.0,180000.0,0.0,251435.183403411,1007665.2731846257
 05/21  05:00:00,1540902.963550121,17049.592609056774,180000.0,0.0,251435.183403411,1007665.2731846257
 05/21  06:00:00,1804181.9273919305,21929.042832913976,180000.0,0.0,477213.71543912706,1044867.4933805394
 05/21  07:00:00,2852231.9646057133,1898.6427464601097,135000.0,0.0,1144286.650999197,1493165.6144275442
 05/21  08:00:00,5199453.005413049,0.0,0.0,0.0,851800.8254074741,4272061.742879901
 05/21  09:00:00,3074579.48061767,0.0,0.0,0.0,831275.5043133181,2179166.6357128713
 05/21  10:00:00,1992051.0678810528,0.0,0.0,0.0,810750.1832191619,1130907.259911442
 05/21  11:00:00,2004307.8410831955,5149.852945810983,39451.78002224734,0.0,785093.531851467,1140253.3866610916
 05/21  12:00:00,2588872.404493122,60986.49388382588,470666.0270942695,0.0,764568.210757311,1265164.2410756527
 05/21  13:00:00,3628833.382316095,120790.99790728168,937914.836287918,0.0,1262307.247290594,1282623.4884550767
 05/21  14:00:00,4077899.69978353,173635.90733809187,1350518.1103250415,0.0,1262307.247290594,1266241.622454578
 05/21  15:00:00,4606633.371672056,230779.80284111487,1787216.2921537098,0.0,1262307.247290594,1298842.5977045742
 05/21  16:00:00,4801276.52755616,265225.5306808024,2039464.2126680478,0.0,1140438.1532940427,1312626.8640833348
 05/21  17:00:00,4990848.380720061,258476.21203555295,1972978.3900271435,0.0,1167377.6372301225,1507263.2270742143
 05/21  18:00:00,5071024.969943978,245001.6641258926,1838158.76619701,0.0,1395721.8344026082,1479902.3591833771
 05/21  19:00:00,7648582.58856317,245892.26419978437,1789492.802286776,0.0,2152593.0497496105,3311714.2173824906
 05/21  20:00:00,6013777.36694013,152586.69066874412,1098896.3101598022,0.0,2971040.228379081,1582807.7808101904
 05/21  21:00:00,6414317.007470082,120300.19906188798,862809.9632479376,0.0,3730477.1088628527,1460214.709079352
 05/21  22:00:00,4228685.866385539,65234.4020115851,469413.50320693606,0.0,2243674.162104928,1241917.4421397795
 05/21  23:00:00,1560424.0642964488,4760.6343394196365,34383.17024367327,0.0,336102.13291680446,1040869.1104657203
 05/21  24:00:00,2106351.802427073,63515.31542334028,451144.8838523901,0.0,251435.183403411,1234887.9316333565
 05/22  01:00:00,1685298.6143890673,38235.68014863576,270322.7430409325,0.0,251435.183403411,1019936.5196815131
 05/22  02:00:00,1515614.3522261106,17785.485843085436,125179.09068248881,0.0,251435.183403411,1015846.1041825507
 05/22  03:00:00,1377916.9608928883,1167.338821077241,8190.261870236959,0.0,251435.183403411,1011755.6886835882
 05/22  04:00:00,1364468.9447026118,0.0,0.0,0.0,251435.183403411,1007665.2731846257
 05/22  05:00:00,1343853.3709410643,0.0,0.0,0.0,251435.183403411,1007665.2731846257
 05/22  06:00:00,1859656.9773878043,0.0,0.0,0.0,705557.9126116126,1073927.3890368415
 05/22  07:00:00,2576384.8772017257,0.0,0.0,0.0,1293095.228931828,1205408.5918373857
 05/22  08:00:00,1532666.8323710766,0.0,0.0,0.0,401526.5939044267,1055549.8013409767
 05/22  09:00:00,1367159.6965468922,2804.896072603309,20664.92579995928,0.0,251435.183403411,1028117.3506794382
 05/22  10:00:00,1787582.814075213,53831.718455645096,407895.35228523216,0.0,251435.183403411,1024026.9351804757
 05/22  11:00:00,2224419.4184636837,104133.31353549275,810464.6967417256,0.0,251435.183403411,1024026.9351804757
 05/22  12:00:00,3272502.7046945635,173193.96558359117,1361133.6067215218,0.0,508001.69708036096,1202686.0036270267
 05/22  13:00:00,3876419.749301932,217199.96906844858,1716266.652549434,0.0,759436.880483772,1158319.434825053
 05/22  14:00:00,5151434.536251148,280542.40083343396,2210205.717993911,0.0,754305.550210233,1881184.0548383463
 05/22  15:00:00,4678588.096707779,307993.2625761562,2419325.2467237804,0.0,759436.880483772,1164345.2752420073
 05/22  16:00:00,4846964.4912905935,323481.68307939125,2523829.1531600226,0.0,759436.880483772,1196695.0077374745
 05/22  17:00:00,5612499.719525549,326597.10931280756,2526508.8315553763,0.0,1167377.6372301225,1507263.2270742143
 05/22  18:00:00,5628961.552397396,306844.6625799213,2334252.3501963997,0.0,1395721.8344026082,1479902.3591833771
 05/22  19:00:00,5277230.116177886,274727.0455262918,2015262.7154838433,0.0,1463711.9605269998,1374638.1396962432
 05/22  20:00:00,7376142.464240719,255368.2722211554,1795159.3144040606,0.0,1159680.641819814,3957487.8788733785
 05/22  21:00:00,5299588.481114853,191585.6598607924,1323822.2750568886,0.0,1411115.825223225,2132549.6937558963
 05/22  22:00:00,4229360.574078911,142012.33058870584,976839.0153705982,0.0,1139155.320725658,1762907.5504716383
 05/22  23:00:00,2787708.1760917697,92628.9338716784,638476.5171541065,0.0,251435.183403411,1660858.525331743
 05/22  24:00:00,2063271.5034527848,58330.02725785329,402651.4583681632,0.0,251435.183403411,1245486.3463087825
 05/23  01:00:00,23934855.590649627,6945.026370742227,48030.4701633614,0.0,251435.183403411,23523076.42259754
 05/23  02:00:00,1521365.3458748045,18826.07426687096,129889.49590739707,0.0,251435.183403411,1015846.1041825507
 05/23  03:00:00,1372244.2888888544,465.8556816202504,3219.0730056603393,0.0,251435.183403411,1011755.6886835882
 05/23  04:00:00,1364468.9447026118,0.0,0.0,0.0,251435.183403411,1007665.2731846257
 05/23  05:00:00,1426149.1989135202,0.0,0.0,0.0,323786.9402603109,1017609.3443001816
 05/23  06:00:00,1857052.8057927215,0.0,0.0,0.0,702992.247474843,1073888.882578528
 05/23  07:00:00,4291113.979431366,11625.005364433957,81844.64657748594,0.0,1739520.9627297213,2380242.308327213
 05/23  08:00:00,4344579.864455895,32163.536405011968,231231.5881764359,0.0,1452166.467411537,2553427.8353372365
 05/23  09:00:00,17308558.972564813,53780.15974206424,398988.05776073533,0.0,831275.5043133181,15960377.910157217
 05/23  10:00:00,2835286.759365783,97010.06165407198,746225.6298306584,0.0,810750.1832191619,1130907.259911442
 05/23  11:00:00,3338193.5939849,155676.4336605031,1222810.9522092598,0.0,785093.531851467,1140253.3866610916
 05/23  12:00:00,3948257.573031166,211312.1573273699,1679725.53218877,0.0,764568.210757311,1265164.2410756527
 05/23  13:00:00,4126385.7170255017,242245.55047578723,1941187.0388656654,0.0,759436.880483772,1158319.434825053
 05/23  14:00:00,4505600.635149239,286112.00468904275,2289857.7660499346,0.0,754305.550210233,1150128.5018248037
 05/23  15:00:00,4777738.77520143,314914.94086502376,2511554.2469285643,0.0,759436.880483772,1164345.2752420073
 05/23  16:00:00,6252079.631158493,353765.300938089,2801685.568825216,0.0,759436.880483772,2293670.1140814824
 05/23  17:00:00,6125588.449221756,359971.79147236614,2819835.4428513814,0.0,1036528.7152548779,1824499.5852901032
 05/23  18:00:00,7578446.861503928,355622.3062896305,2727706.468760214,0.0,1965299.4947654367,2417578.2456535567
 05/23  19:00:00,6026180.386811464,308703.3552102249,2294843.317788842,0.0,1808793.9214224976,1464949.537445391
 05/23  20:00:00,5218210.278770735,258222.06126387563,1853860.3032352163,0.0,1611237.705891246,1286443.851458086
 05/23  21:00:00,4134343.082394385,201452.29120660503,1419247.4470467744,0.0,1121195.6647682714,1151932.6521546831
 05/23  22:00:00,2657068.5262624603,144579.9075494516,1012218.4812109605,0.0,251435.183403411,1040388.5971763257
 05/23  23:00:00,2244479.6782659525,102904.82500883879,717713.3028434332,0.0,251435.183403411,1028117.3506794382
 05/23  24:00:00,1920561.969907545,67827.41131934017,471903.9518897433,0.0,251435.183403411,1024026.9351804757
 05/24  01:00:00,1691935.6567561268,39660.99446352165,275534.47109310614,0.0,251435.183403411,1019936.5196815131
 05/24  02:00:00,1503233.201305605,16439.467814013748,114143.95779105483,0.0,251435.183403411,1015846.1041825507
 05/24  03:00:00,1373370.8466005656,605.7817190357079,4205.7046799558175,0.0,251435.183403411,1011755.6886835882
 05/24  04:00:00,1364468.9447026118,0.0,0.0,0.0,251435.183403411,1007665.2731846257
 05/24  05:00:00,1343853.3709410643,0.0,0.0,0.0,251435.183403411,1007665.2731846257
 05/24  06:00:00,2114456.898621509,0.0,0.0,0.0,931336.4446473285,1102948.7782348301
 05/24  07:00:00,3307440.4302152684,0.0,0.0,0.0,1293095.228931828,1936464.1448509286
 05/24  08:00:00,3084468.522432421,16512.015223246937,118189.23312267708,0.0,1600975.0453441679,1273201.7916166557
 05/24  09:00:00,3176593.834293868,54585.05672469294,404669.9557744187,0.0,1121195.6647682716,1532005.8164350044
 05/24  10:00:00,4436081.028415162,110991.38649347531,858881.4742651707,0.0,810750.1832191619,2605064.359686905
 05/24  11:00:00,3423104.674226137,163137.01291006125,1300261.4532009384,0.0,785093.531851467,1140253.3866610916
 05/24  12:00:00,3667702.2111385576,230286.49135377622,1858762.962958119,0.0,379718.44024188595,1171446.8849027138
 05/24  13:00:00,3639613.8106256356,255091.37536133116,2075682.6733072686,0.0,251435.183403411,1032207.7661784007
 05/24  14:00:00,4788620.736972998,315221.03800814465,2543768.8345545926,0.0,754305.550210233,1150128.5018248037
 05/24  15:00:00,5534422.301870398,346520.9228963239,2756871.288291649,0.0,1137872.4881572733,1265670.1708430897
 05/24  16:00:00,7825070.067812886,387876.17879260844,3010278.786268535,0.0,1780571.604918033,2602821.7310037767
 05/24  17:00:00,8941457.802836102,398661.2180641913,3005213.4669328546,0.0,1821622.247106345,3631207.9563796828
 05/24  18:00:00,6505752.616445987,329271.61166652304,2412418.4713389226,0.0,1965299.4947654367,1686522.692640014
 05/24  19:00:00,6382737.3402978275,286182.66380141734,2022784.053413358,0.0,2324492.613913167,1600387.7542253777
 05/24  20:00:00,6461392.621357579,223550.4333239939,1538127.7434892335,0.0,2971040.228379081,1520227.8592429587
 05/24  21:00:00,6727834.081098588,166757.8874464893,1129869.3484918429,0.0,3730477.1088628527,1460214.709079352
 05/24  22:00:00,5196337.725804191,99414.53648243783,671175.2621307368,0.0,2909464.2650966127,1307837.3051720937
 05/24  23:00:00,1938946.7049036154,16111.163256399377,109279.90080567644,0.0,590102.981456985,1079143.6430537235
 05/24  24:00:00,1470830.6066984618,0.0,90000.0,0.0,251435.183403411,1024026.9351804757
 05/25  01:00:00,1556740.1911994992,0.0,180000.0,0.0,251435.183403411,1019936.5196815131
 05/25  02:00:00,1552649.7757005366,0.0,180000.0,0.0,251435.183403411,1015846.1041825507
 05/25  03:00:00,1548559.360201574,0.0,180000.0,0.0,251435.183403411,1011755.6886835882
 05/25  04:00:00,1544468.9447026118,0.0,180000.0,0.0,251435.183403411,1007665.2731846257
 05/25  05:00:00,1523853.3709410643,0.0,180000.0,0.0,251435.183403411,1007665.2731846257
 05/25  06:00:00,4958539.299742672,0.0,180000.0,0.0,931336.4446473285,3767031.179355993
 05/25  07:00:00,3329940.940652023,0.0,180000.0,0.0,846669.495133935,2225390.3890855764
 05/25  08:00:00,2110238.41585874,0.0,45000.0,0.0,851800.8254074741,1137847.1533255922
 05/25  09:00:00,2030102.468648696,0.0,0.0,0.0,831275.5043133181,1134689.6237438978
 05/25  10:00:00,3277997.8772287513,0.0,0.0,0.0,810750.1832191619,2416854.069259141
 05/25  11:00:00,3378178.752659153,0.0,0.0,0.0,1313620.5500259842,2030198.91303059
 05/25  12:00:00,3252370.4132611984,0.0,0.0,0.0,1277701.238111211,1947181.743467924
 05/25  13:00:00,17506920.014769744,12730.428348566842,90703.97005229621,0.0,1262307.247290594,16115981.556703065
 05/25  14:00:00,2938602.127078889,47474.012596123575,337382.4323623687,0.0,1262307.247290594,1266241.622454578
 05/25  15:00:00,3252658.693756831,82223.79291521164,581797.6241643883,0.0,1262307.247290594,1298842.5977045742
 05/25  16:00:00,3510686.2270725016,105701.00845549122,742754.0580243228,0.0,1267438.5775641329,1351270.8161986214
 05/25  17:00:00,4180273.6507958677,88177.82318438037,614573.5805948382,0.0,1690773.3251311006,1701996.0075325207
 05/25  18:00:00,4068091.765884436,88210.28423337449,603917.9451202529,0.0,1680510.6645840225,1583212.5259116953
 05/25  19:00:00,4683915.111462864,79259.01638098288,530885.4719988286,0.0,2324492.613913167,1600387.7542253777
 05/25  20:00:00,4167375.2790578576,0.0,0.0,0.0,2516917.4991708794,1442011.4229646674
 05/25  21:00:00,3485863.241977984,0.0,0.0,0.0,1990956.146133132,1254392.068626801
 05/25  22:00:00,2124019.0954846754,0.0,135000.0,0.0,695295.2520645345,1085277.4864978294
 05/25  23:00:00,1603861.5504136803,0.0,180000.0,0.0,251435.183403411,1028117.3506794382
 05/25  24:00:00,1560830.6066984618,0.0,180000.0,0.0,251435.183403411,1024026.9351804757
 05/26  01:00:00,1572180.1834778201,0.0,180000.0,0.0,261826.12720732746,1024985.5681559178
 05/26  02:00:00,1550359.156393698,0.0,180000.0,0.0,251435.183403411,1015846.1041825507
 05/26  03:00:00,1546268.7408947353,0.0,180000.0,0.0,251435.183403411,1011755.6886835882
 05/26  04:00:00,1544468.9447026118,0.0,180000.0,0.0,251435.183403411,1007665.2731846257
 05/26  05:00:00,1624975.5315687621,82797.2061729892,180000.0,0.0,251435.183403411,1007665.2731846257
 05/26  06:00:00,1616291.5617255997,68223.02463874046,180000.0,0.0,251435.183403411,1015846.1041825507
 05/26  07:00:00,1594962.334702178,45584.824537908935,180000.0,0.0,251435.183403411,1024026.9351804757
 05/26  08:00:00,2439778.757261705,9247.024527018511,45000.0,0.0,851800.8254074741,1451268.612281023
 05/26  09:00:00,4310051.551307175,0.0,0.0,0.0,1121195.6647682716,3120137.3073337465
 05/26  10:00:00,3327215.3405715358,0.0,0.0,0.0,1929380.1828506638,1342860.2943567457
 05/26  11:00:00,3325730.38744135,8490.510437605886,62489.40793121906,0.0,1847278.8984740397,1370821.6616890677
 05/26  12:00:00,3223086.905664206,43960.41873561521,327385.1731846378,0.0,1404701.6623813012,1419552.2196805887
 05/26  13:00:00,4031551.209895347,97278.57824569529,730031.7178017434,0.0,1770308.944370955,1408735.1571017292
 05/26  14:00:00,4982918.149418653,145885.33815155024,1098496.0539082931,0.0,1770308.944370955,1943031.0006126293
 05/26  15:00:00,4499512.579669956,177079.40191438518,1333112.552229767,0.0,1262307.247290594,1699525.9465531462
 05/26  16:00:00,27541029.176017333,283029.27822214377,2092628.834286476,0.0,1267438.5775641329,23854410.719114646
 05/26  17:00:00,4708237.270602467,210735.5737628279,1556285.1817856147,0.0,1298226.559205367,1555946.422188791
 05/26  18:00:00,4570482.367905983,192926.84203271844,1391981.6055590268,0.0,1395721.8344026082,1479902.3591833771
 05/26  19:00:00,5120685.731853008,188666.20056965208,1303793.2775816016,0.0,1980693.4855860542,1510095.6097053867
 05/26  20:00:00,5901247.868461064,159063.01752484203,1060795.360846581,0.0,2971040.228379081,1520227.8592429587
 05/26  21:00:00,5644205.895743534,115994.45240077694,761788.0702272329,0.0,3150636.7879529456,1391305.893092397
 05/26  22:00:00,3618422.711662708,56231.708263928645,368891.7265037209,0.0,1801096.9260121891,1197499.7098015896
 05/26  23:00:00,1437762.0723193705,3043.4101146568114,20019.58901838797,0.0,251435.183403411,1028117.3506794382
 05/26  24:00:00,1425830.6066984618,0.0,45000.0,0.0,251435.183403411,1024026.9351804757
 05/27  01:00:00,1556740.1911994992,0.0,180000.0,0.0,251435.183403411,1019936.5196815131
 05/27  02:00:00,1550359.156393698,0.0,180000.0,0.0,251435.183403411,1015846.1041825507
 05/27  03:00:00,1546268.7408947353,0.0,180000.0,0.0,251435.183403411,1011755.6886835882
 05/27  04:00:00,1544468.9447026118,0.0,180000.0,0.0,251435.183403411,1007665.2731846257
 05/27  05:00:00,1542178.325395773,0.0,180000.0,0.0,251435.183403411,1007665.2731846257
 05/27  06:00:00,3683397.2120531495,0.0,180000.0,0.0,477213.71543912706,2925396.247113125
 05/27  07:00:00,3689394.3186936043,0.0,0.0,0.0,1293095.228931828,2302383.698181394
 05/27  08:00:00,2780398.1034128433,0.0,0.0,0.0,1452166.467411537,1245769.3409551173
 05/27  09:00:00,2719365.6991367377,0.0,0.0,0.0,1411115.825223225,1239531.294708355
 05/27  10:00:00,2343504.039643267,1743.6966804518336,12934.181703041038,0.0,1090407.6831270375,1183443.6147686108
 05/27  11:00:00,1924757.0874091568,33841.04235040486,253861.6176011124,0.0,518264.357627439,1082140.1609207836
 05/27  12:00:00,2794053.2018433157,85771.06653954583,651062.2517887437,0.0,764568.210757311,1265164.2410756527
 05/27  13:00:00,3022025.064099817,124149.91079783451,954922.0256179331,0.0,759436.880483772,1158319.434825053
 05/27  14:00:00,4647608.232206921,191895.45121108915,1482968.9547169602,0.0,1008306.3987504136,1939240.6151532335
 05/27  15:00:00,4663522.992010435,237230.0928700359,1837655.622463168,0.0,1262307.247290594,1298842.5977045742
 05/27  16:00:00,5307100.007494105,264952.2193620431,2046062.2096318507,0.0,1524005.0912410829,1428558.7204291949
 05/27  17:00:00,6085282.82247619,281890.59854455927,2144047.2405183213,0.0,1821622.247106345,1750679.2026470974
 05/27  18:00:00,5923970.122599159,257797.18801392862,1904401.0204515283,0.0,1965299.4947654367,1686522.692640014
 05/27  19:00:00,5801631.959762411,229581.11540683793,1630403.1316983867,0.0,1980693.485586054,1823517.0686608176
 05/27  20:00:00,6755059.654796442,209959.87477134826,1446076.1958773404,0.0,2971040.228379081,1937861.9533010707
 05/27  21:00:00,4694136.905476237,156587.93657230024,1067720.0620738224,0.0,1990956.146133132,1254392.068626801
 05/27  22:00:00,3913959.360233461,114268.06012081669,776798.3199747249,0.0,1139155.320725658,1689035.0183309817
 05/27  23:00:00,2951221.1594956513,75530.19944012957,512448.4071588455,0.0,590102.981456985,1637993.032336215
 05/27  24:00:00,14376588.097563067,27025.387022313967,183205.7854506704,0.0,251435.183403411,13809553.253572097
 05/28  01:00:00,11160106.802674456,8477.57472756652,57275.45222298481,0.0,251435.183403411,10737550.104205918
 05/28  02:00:00,1381304.7880329571,1115.455602747837,7539.556729672711,0.0,251435.183403411,1015846.1041825507
 05/28  03:00:00,1368559.360201574,0.0,0.0,0.0,251435.183403411,1011755.6886835882
 05/28  04:00:00,1371266.372830888,0.0,0.0,0.0,253231.14899914968,1012666.7357171632
 05/28  05:00:00,1343853.3709410643,0.0,0.0,0.0,251435.183403411,1007665.2731846257
 05/28  06:00:00,1347452.963325312,0.0,0.0,0.0,251435.183403411,1015846.1041825507
 05/28  07:00:00,1353343.1750163988,0.0,0.0,0.0,251435.183403411,1024026.9351804757
 05/28  08:00:00,1355142.9712085226,0.0,0.0,0.0,251435.183403411,1028117.3506794382
 05/28  09:00:00,3850859.7026009164,1890.1520451909641,13631.426295373363,0.0,1121195.6647682716,2650005.1189006004
 05/28  10:00:00,2204824.544542948,25409.2623738727,187364.2142880226,0.0,810750.1832191619,1130907.259911442
 05/28  11:00:00,2576663.2374435384,73269.4743580669,543687.5549703345,0.0,785093.531851467,1140253.3866610916
 05/28  12:00:00,3098893.7910821475,123704.14289888696,917969.7646682338,0.0,764568.210757311,1265164.2410756527
 05/28  13:00:00,3314041.8122607535,162693.76076987496,1208394.9238068294,0.0,759436.880483772,1158319.434825053
 05/28  14:00:00,4283100.9030356575,204671.64368734224,1523319.5271275556,0.0,1008306.3987504136,1521606.521095122
 05/28  15:00:00,4756418.427205307,244547.42535909475,1824283.4757455639,0.0,1010872.0638871831,1649228.0305314027
 05/28  16:00:00,4921112.240391396,266940.48581433477,1991940.5939843745,0.0,1267438.5775641329,1351270.8161986214
 05/28  17:00:00,5119914.352332879,258265.8987168644,1922722.557868828,0.0,1298226.559205367,1555946.422188791
 05/28  18:00:00,6405749.593578426,255031.18547927868,1876907.0591303732,0.0,1395721.8344026082,2765849.168531076
 05/28  19:00:00,6261308.269248301,241783.17911356507,1750364.2697302657,0.0,1808793.9214224974,2311476.644037464
 05/28  20:00:00,10139920.021689277,241974.83752181404,1719120.7928599245,0.0,2971040.228379081,4999337.806006147
 05/28  21:00:00,11479598.456536587,220326.56582085445,1544067.9246741342,0.0,3440556.948407899,6034131.990415648
 05/28  22:00:00,7584756.709851791,211786.04169151362,1467962.4517328462,0.0,2021744.1277743662,3674817.7317307545
 05/28  23:00:00,3186422.835528913,123715.49368945352,859419.1041117478,0.0,928770.7795105589,1130208.4418863223
 05/28  24:00:00,2201975.4125946234,82707.74631444445,574113.1147605676,0.0,376639.64207776263,1063146.4213272738
 05/29  01:00:00,1808250.8471327177,54389.650743919265,377121.0051892991,0.0,251435.183403411,1019936.5196815131
 05/29  02:00:00,1637657.0894237522,33454.861609262225,231552.45211395342,0.0,251435.183403411,1015846.1041825507
 05/29  03:00:00,1476448.8267981191,13636.037776456438,94253.42882008874,0.0,251435.183403411,1011755.6886835882
 05/29  04:00:00,1368554.8150836513,516.7664802773464,3569.1039007621753,0.0,251435.183403411,1007665.2731846257
 05/29  05:00:00,2280154.6140875495,0.0,0.0,0.0,431801.4425183069,1763600.2572162151
 05/29  06:00:00,1985754.8522071154,0.0,0.0,0.0,817164.3460610858,1088418.830406679
 05/29  07:00:00,2607982.2668119418,3930.8876562270157,27666.50195398892,0.0,1293095.228931828,1205408.5918373857
 05/29  08:00:00,1675060.2170325152,17427.921680611296,124965.46298082717,0.0,401526.5939044267,1055549.8013409767
 05/29  09:00:00,1730288.7383524582,45891.13923678085,340707.7244413479,0.0,251435.183403411,1028117.3506794382
 05/29  10:00:00,2199684.208278049,100042.51629290411,773785.948650809,0.0,251435.183403411,1024026.9351804757
 05/29  11:00:00,3440373.3249385394,164762.9084182771,1315904.2084051257,0.0,785093.531851467,1140253.3866610916
 05/29  12:00:00,4270383.056524365,242250.53075065112,1970912.6422586879,0.0,764568.210757311,1265164.2410756527
 05/29  13:00:00,5245698.851737281,277713.67740639026,2293976.493633299,0.0,759436.880483772,1889374.9878385956
 05/29  14:00:00,4970422.288209619,326065.1216611492,2714726.3021382093,0.0,754305.550210233,1150128.5018248037
 05/29  15:00:00,7250238.4040323,379845.033286774,3162651.2479205737,0.0,759436.880483772,2920817.8106591166
 05/29  16:00:00,5545958.599214218,392446.34194045136,3257355.7075657323,0.0,632436.4562136818,1220198.326664419
 05/29  17:00:00,9551123.640550107,450518.820682076,3677128.640089504,0.0,1167377.6372301225,4171345.6281953775
 05/29  18:00:00,9263348.652429998,428489.07837351365,3436815.879713258,0.0,1822905.0796747296,3462898.2686334057
 05/29  19:00:00,7404729.564783946,381303.186736141,2949655.7549647517,0.0,2324492.613913167,1600387.7542253777
 05/29  20:00:00,7620801.94415853,348358.01478961535,2572729.4848245643,0.0,2971040.228379081,1520227.8592429587
 05/29  21:00:00,7288261.500759075,306447.1506405058,2199356.641855175,0.0,3150636.7879529456,1391305.893092397
 05/29  22:00:00,5480209.798982538,250665.78270013657,1779409.3771233826,0.0,2021744.1277743662,1219944.1544623415
 05/29  23:00:00,3411679.7134513026,186134.4291579951,1314570.9341520926,0.0,674769.9309703785,1091895.4028400057
 05/29  24:00:00,2559705.445102081,141710.4760599516,996083.3761383804,0.0,282736.29807199887,1033806.8067171753
 05/30  01:00:00,2246131.2077118554,108527.91748094623,760863.09903141,0.0,251435.183403411,1019936.5196815131
 05/30  02:00:00,2042796.580503447,83751.3269582784,586395.4778446321,0.0,251435.183403411,1015846.1041825507
 05/30  03:00:00,1880679.1450550929,64061.21750712034,448058.5673463987,0.0,251435.183403411,1011755.6886835882
 05/30  04:00:00,1753217.6726313985,48652.57867502789,340096.1492537589,0.0,251435.183403411,1007665.2731846257
 05/30  05:00:00,2924275.484677909,50254.216174350695,350896.96324602974,0.0,323786.9402603109,2114584.45064419
 05/30  06:00:00,5969087.752339582,89746.46651050184,630669.7976532612,0.0,931336.4446473285,4237163.367789139
 05/30  07:00:00,4641785.561990822,103143.90369267768,743306.7548295414,0.0,1441903.806864459,2275550.040171632
 05/30  08:00:00,2900862.482478858,98158.74797074066,737465.3186493778,0.0,851800.8254074741,1137847.1533255922
 05/30  09:00:00,3216986.7187688877,134613.89291808935,1052270.357202102,0.0,831275.5043133181,1134689.6237438978
 05/30  10:00:00,3458445.344098095,199338.30997986472,1600153.628510536,0.0,531092.6833112865,1077467.0975459588
 05/30  11:00:00,3873161.3892422407,243560.840566838,1994836.7405246017,0.0,518264.357627439,1082140.1609207836
 05/30  12:00:00,5527961.248213356,340678.4894489799,2811921.931632089,0.0,1021134.724434261,1326738.6710159641
 05/30  13:00:00,5255664.011020852,354017.79631826887,2958693.0870185336,0.0,759436.880483772,1158319.434825053
 05/30  14:00:00,5680345.435377272,400135.096920621,3350579.4740463896,0.0,754305.550210233,1150128.5018248037
 05/30  15:00:00,6415340.073347468,442763.8905587833,3704936.00805469,0.0,759436.880483772,1480715.8625681598
 05/30  16:00:00,29781404.871551648,534742.1090122419,4420250.233636115,0.0,1013437.7290239525,23769453.03304941
 05/30  17:00:00,7694369.374568196,516038.12884820276,4239405.349972808,0.0,1298226.559205367,1555946.422188791
 05/30  18:00:00,7197895.703064941,461820.3122180902,3748210.851225774,0.0,1395721.8344026082,1479902.3591833771
 05/30  19:00:00,10971259.116687173,482068.4158326019,3751337.6766503556,0.0,2324492.613913167,4264470.155346541
 05/30  20:00:00,11802005.342305213,451666.81222890015,3358224.2023145743,0.0,2971040.228379081,4812627.742460344
 05/30  21:00:00,31866187.09616501,439313.74444958917,3156183.051129344,0.0,3150636.7879529456,24879538.485415082
 05/30  22:00:00,5956814.382800782,306367.17603518954,2200312.567606574,0.0,2021744.1277743662,1219944.1544623415
 05/30  23:00:00,3733141.552745778,235257.7136150295,1684347.451518366,0.0,590102.981456985,1079124.389824567
 05/30  24:00:00,3032138.867927701,182475.3934335509,1304508.9229745388,0.0,376639.64207776263,1063146.4213272738
 05/31  01:00:00,2654342.254036969,149405.764764164,1066436.3289600217,0.0,292998.9586190769,1040132.7135791318
 05/31  02:00:00,2374768.0505106384,121837.6369481547,869122.5190474717,0.0,251435.183403411,1027004.2229970263
 05/31  03:00:00,2181635.5205753255,100028.86610539047,712141.2982359481,0.0,251435.183403411,1012661.6847160012
 05/31  04:00:00,2019766.2414398866,80915.22490590034,574382.0718313745,0.0,251435.183403411,1007665.2731846257
 05/31  05:00:00,1878728.14201324,66144.15587409631,468730.61519807926,0.0,251435.183403411,1007665.2731846257
 05/31  06:00:00,2789609.119564268,83128.86656363848,592023.35437912,0.0,931336.4446473285,1102948.7782348301
 05/31  07:00:00,3624084.4008918796,105612.4843640193,767614.0250282311,0.0,1441903.806864459,1231073.0282026583
 05/31  08:00:00,3400320.601526296,115360.9657008234,865577.3051499394,0.0,1151983.6464095055,1191808.2471403547
 05/31  09:00:00,3292223.469754814,143846.53889343797,1118274.4622126801,0.0,831275.5043133181,1134689.6237438978
 05/31  10:00:00,3944221.414666596,217537.8038944777,1734632.5428910656,0.0,810750.1832191619,1130907.259911442
 05/31  11:00:00,4458959.254776413,273220.38793399074,2226032.658727285,0.0,785093.531851467,1140253.3866610916
 05/31  12:00:00,5327095.905224405,353568.3913428687,2916307.63036651,0.0,764568.210757311,1265164.2410756527
 05/31  13:00:00,5768288.158830214,371358.1877992723,3109081.486138014,0.0,759436.880483772,1503214.7920339308
 05/31  14:00:00,9487497.92368649,448784.62653716584,3764084.8687869464,0.0,754305.550210233,4495126.06577692
 05/31  15:00:00,6391502.894433312,464440.99964027695,3913212.385817961,0.0,759436.880483772,1226925.196809239
 05/31  16:00:00,6583363.516131275,487751.93162843457,4095957.9294516607,0.0,759436.880483772,1196695.0077374745
 05/31  17:00:00,7015245.018374885,493839.14703512494,4121076.326862038,0.0,905679.7932796334,1409896.8368450608
 05/31  18:00:00,6806667.874136159,455031.4199481271,3754436.576613459,0.0,1108367.339084424,1376592.1924550582
 05/31  19:00:00,6330283.629467646,421187.5945299831,3358983.7747370987,0.0,1117347.1670631173,1283874.8381929384
 05/31  20:00:00,6992599.413254455,389738.73519783845,2967824.5644852524,0.0,2062794.769962678,1363794.9866863762
 05/31  21:00:00,7392019.0252657235,350871.87950371456,2583064.0059470455,0.0,2860716.6274979925,1356851.4850989194
 05/31  22:00:00,8351389.950900374,322154.43643910007,2317540.777922557,0.0,2909464.2650966127,2593784.1145197926
 05/31  23:00:00,4774911.953474724,251141.16692680848,1787376.9011835614,0.0,928770.7795105589,1663314.0895229646
 05/31  24:00:00,3046404.4026830234,191375.1572791034,1352382.0854141687,0.0,408069.040003189,1006824.1021912415
 06/01  01:00:00,2550183.8420974542,146672.39945416036,1031436.6824380558,0.0,292998.9586190769,991321.7837908408
 06/01  02:00:00,2297638.2526267525,117728.73212879294,823153.5237259697,0.0,251435.183403411,1017566.7955732582
 06/01  03:00:00,2063935.6329108784,89414.19383215549,621901.1391580827,0.0,251435.183403411,1013431.0987219086
 06/01  04:00:00,1864021.1039568968,65072.254307137344,450464.24658046826,0.0,251435.183403411,1009295.4018705591
 06/01  05:00:00,1679052.9277591968,43968.64565573889,303768.9433854257,0.0,251435.183403411,1009295.4018705591
 06/01  06:00:00,1739820.3244018578,50852.894359878104,353196.08969930565,0.0,251435.183403411,1017566.7955732582
 06/01  07:00:00,3190210.269150476,76400.42703627104,539348.5977677492,0.0,1405984.494949686,1103615.084069793
 06/01  08:00:00,2528990.5016970467,68665.64740505914,503345.7643121289,0.0,821012.84376624,1073012.2769256714
 06/01  09:00:00,3074858.0589842787,133090.60449764732,1022601.935234919,0.0,795356.192398545,1070393.8377603637
 06/01  10:00:00,3518334.2453939007,211132.99991076873,1705935.220803175,0.0,513133.02735389996,1046163.6844674257
 06/01  11:00:00,4521987.219004421,285929.6963195725,2384317.1836874345,0.0,749174.2199366939,1073950.6784752887
 06/01  12:00:00,5401646.693874612,365401.02154922334,3087482.9275198854,0.0,728648.8988425379,1197221.493494622
 06/01  13:00:00,5697436.3525567595,390675.36223041604,3340895.179748689,0.0,840255.3322920112,1104625.8218563274
 06/01  14:00:00,6120749.607276243,434798.0493361011,3728651.5712002674,0.0,840255.3322920112,1096059.998018548
 06/01  15:00:00,7513367.633311406,478516.50916607725,4087151.803300702,0.0,840255.3322920112,2084551.63608427
 06/01  16:00:00,8040864.341260633,508435.4763389757,4311258.926712535,0.0,1195599.953734587,1989323.759732991
 06/01  17:00:00,10936526.833535347,534742.1090122419,4489854.747503936,0.0,1462429.127958615,4378916.095616492
 06/01  18:00:00,9337138.17290032,492855.536361189,4050182.302837787,0.0,1816490.9168328058,2884132.3109561317
 06/01  19:00:00,7780443.0010333,440440.3123963866,3429448.9792444585,0.0,2103845.4121509898,1682708.0547045984
 06/01  20:00:00,7141615.870477786,390364.3842420641,2860279.554226411,0.0,2438664.71249941,1278706.8799582878
 06/01  21:00:00,6118968.837734684,299050.5151184788,2126418.2181708063,0.0,2309098.62309255,1184093.3972548353
 06/01  22:00:00,3623665.6523417756,187653.60345067628,1328529.664840578,0.0,871043.3139332451,1062838.730565663
 06/01  23:00:00,2676013.546330609,159112.9928150407,1115306.6335260414,0.0,251435.183403411,1029973.8861273068
 06/01  24:00:00,2624855.4151257686,158667.23020472578,1101160.7944463538,0.0,251435.183403411,1025838.1892759572
 06/02  01:00:00,2329505.969717793,122391.35317213969,846222.9229223138,0.0,251435.183403411,1021702.4924246077
 06/02  02:00:00,2080926.9413207,91928.41344754548,634150.2271401936,0.0,251435.183403411,1017566.7955732582
 06/02  03:00:00,1884023.976496253,67627.85988792329,465683.512726718,0.0,251435.183403411,1013431.0987219086
 06/02  04:00:00,1697915.6803255687,46641.59435442002,320774.3121833737,0.0,252718.01597179574,990027.7400206584
 06/02  05:00:00,1699555.0373157072,31171.215472963697,214385.87783792944,0.0,389467.96776161005,978683.654486912
 06/02  06:00:00,2159492.1186777945,46697.65637139196,323686.40731345763,0.0,687598.256654226,1017571.1726214556
 06/02  07:00:00,2739117.341386647,78186.75578555574,554697.5876823729,0.0,826144.174039779,1201873.2862787624
 06/02  08:00:00,3717720.670979965,108250.56301631748,797784.2501110027,0.0,821012.84376624,1921995.956681371
 06/02  09:00:00,29046447.00895695,270042.37753386685,2073031.8737269796,0.0,1878066.8801152739,24768074.99640997
 06/02  10:00:00,6728080.411554469,293674.4912944245,2416147.1912990026,0.0,1298226.559205367,2674247.464818986
 06/02  11:00:00,5323598.811964968,333129.39151556464,2866461.287683424,0.0,995478.0730665659,1098006.9230749542
 06/02  12:00:00,6673130.754166101,431646.8159285424,3758587.952460333,0.0,1205862.614281665,1254141.0190272161
 06/02  13:00:00,6819453.919700554,455057.7589161217,4004876.5389511846,0.0,1190468.6234610481,1148066.3419428836
 06/02  14:00:00,7920800.0258891545,516282.4148215965,4538222.17210386,0.0,1662551.0086266361,1182759.7739077453
 06/02  15:00:00,8134568.126773525,534742.1090122419,4689798.075027925,0.0,1662551.0086266361,1224584.5816383772
 06/02  16:00:00,8183771.178157343,534742.1090122419,4652858.300957593,0.0,1672813.669173714,1287110.8742722485
 06/02  17:00:00,7791011.75493665,534742.1090122419,4566746.023179714,0.0,1221256.605102282,1395774.5681593204
 06/02  18:00:00,8972764.27679206,530914.7367201387,4382197.13249978,0.0,1293095.228931828,2674987.768766936
 06/02  19:00:00,10837349.357805518,513366.9786237996,4026335.45305063,0.0,1488085.77932631,4695099.384463058
 06/02  20:00:00,10640679.245362183,456636.28715938644,3407657.5761206606,0.0,1842147.568200501,4775899.042642253
 06/02  21:00:00,7026192.847918609,361208.41862479894,2626852.448950567,0.0,2051249.2768472151,1799928.491671214
 06/02  22:00:00,19757845.834077343,316477.32828604645,2264053.243348875,0.0,1077579.35744319,15937581.741681792
 06/02  23:00:00,3756930.7050937107,250407.19274461264,1779501.3902312687,0.0,590102.981456985,1024365.0743581506
 06/02  24:00:00,2965525.9027940184,198641.69895855096,1401856.8133607786,0.0,251435.183403411,1025838.1892759572
 06/03  01:00:00,2653872.81277732,161170.5166155811,1131810.6025383994,0.0,251435.183403411,1021702.4924246077
 06/03  02:00:00,2418350.1349188895,132970.932052402,930530.9021335262,0.0,251435.183403411,1017566.7955732582
 06/03  03:00:00,2236084.02730179,110860.10693914247,774511.3164810359,0.0,251435.183403411,1013431.0987219086
 06/03  04:00:00,2088670.2262897305,92751.52295644826,647434.1002639914,0.0,251435.183403411,1009295.4018705591
 06/03  05:00:00,1979369.1034345813,79222.97465083179,553569.2217534875,0.0,251435.183403411,1009295.4018705591
 06/03  06:00:00,2018526.8103618142,82586.14498544528,583000.0606824365,0.0,251435.183403411,1017566.7955732582
 06/03  07:00:00,3226001.7258908893,115194.03675855641,832356.9566660884,0.0,1116064.3344947326,1084170.860371334
 06/03  08:00:00,6172057.71839678,171570.07247648307,1283717.2983491756,0.0,1390590.5041290692,3257502.7860370176
 06/03  09:00:00,4483506.211153561,199098.01975565896,1577873.6326795546,0.0,795356.192398545,1853947.485148941
 06/03  10:00:00,4671829.38645437,282133.70885007485,2361579.2521333448,0.0,905679.7932796335,1076651.9272546284
 06/03  11:00:00,5930334.815970099,365940.64040499984,3168723.8592720395,0.0,1243064.7587648227,1122082.4209037765
 06/03  12:00:00,7028081.729550876,465491.0215639713,4083164.1948547633,0.0,1203296.9491448954,1253237.2115189019
 06/03  13:00:00,5992808.554022512,460166.87112669845,4094082.6474141623,0.0,369455.77969480795,1048118.5993575279
 06/03  14:00:00,6932926.155886316,503876.9905730343,4471749.178573406,0.0,840255.3322920112,1096059.998018548
 06/03  15:00:00,9788578.223481668,534742.1090122419,4686443.103806005,0.0,1190468.6234610481,3354032.0347340303
 06/03  16:00:00,8297724.514534367,534742.1090122419,4608626.343671542,0.0,1672813.669173714,1445296.1679353246
 06/03  17:00:00,30315044.145386864,534742.1090122419,4505198.258963175,0.0,1703601.6508149481,23499009.67711341
 06/03  18:00:00,8242876.648374156,534742.1090122419,4358903.145836661,0.0,1816490.9168328058,1441171.0668190706
 06/03  19:00:00,7944209.543923736,494300.5200155672,3862734.4539991547,0.0,2103845.4121509898,1368867.3954163017
 06/03  20:00:00,7688489.962746425,422490.04280042584,3171265.5822593165,0.0,2637503.760599046,1298891.805848254
 06/03  21:00:00,6625837.953082295,355679.2954192243,2590012.4254908725,0.0,2309098.62309255,1184093.3972548353
 06/03  22:00:00,4638174.296490094,285746.4320780353,2043036.3617909958,0.0,1077579.35744319,1069657.9818604323
 06/03  23:00:00,3549882.8752884557,226354.8346367103,1596505.9185339161,0.0,590102.981456985,1024365.0743581506
 06/03  24:00:00,2842291.5930457977,171214.9145089028,1196071.5016389524,0.0,376639.64207776263,1010611.5170248593
 06/04  01:00:00,2414510.3514469275,132126.96966612877,915900.1548665097,0.0,272217.0710112439,1006512.1381077243
 06/04  02:00:00,2106476.7709501744,94915.55106205832,654805.223116126,0.0,251435.183403411,1017566.7955732582
 06/04  03:00:00,1913863.0958242922,71262.80898098889,489979.9869226628,0.0,251435.183403411,1013431.0987219086
 06/04  04:00:00,1777541.9333961424,54641.06982496384,374416.2605018879,0.0,251435.183403411,1009295.4018705591
 06/04  05:00:00,1658867.180762359,34920.825765005815,238920.49779204477,0.0,320451.57558251056,993989.5281787355
 06/04  06:00:00,2972831.20910186,41274.13514637474,282229.0653588612,0.0,1565055.733429395,1017502.9138012241
 06/04  07:00:00,6097882.14116759,97829.22348266655,672272.7190922033,0.0,1980693.485586054,3282225.0476796906
 06/04  08:00:00,3645231.599112593,88678.68308640448,625821.0558869523,0.0,1677944.9994472528,1189832.891404036
 06/04  09:00:00,3075347.4224087354,103168.73840446901,760842.6844384584,0.0,1067316.696896112,1090603.813576892
 06/04  10:00:00,4340959.105653145,201254.45865004184,1538048.3311992895,0.0,1167377.6372301225,1392309.3657150604
 06/04  11:00:00,5335037.5502968,272616.7261377579,2163767.34998071,0.0,1241781.926196438,1628256.1073964639
 06/04  12:00:00,28220379.370216686,474602.2720498255,3807749.833368091,0.0,728648.8988425379,23186486.01348789
 06/04  13:00:00,5238052.160443961,378303.1323382542,3157130.767283518,0.0,605496.972277602,1076136.6321152707
 06/04  14:00:00,5778345.40245535,419475.73747291305,3530682.122390228,0.0,723517.568568999,1083685.317593895
 06/04  15:00:00,6308841.558578325,460946.4259433015,3872631.3298580484,0.0,840255.3322920112,1112116.1180166192
 06/04  16:00:00,8530764.621769544,500345.26563079003,4150654.5591502753,0.0,1195599.953734587,2647918.618512345
 06/04  17:00:00,6754031.485014948,475994.2966356125,3878443.8739495487,0.0,733780.229116077,1595228.3318696474
 06/04  18:00:00,8340149.896500021,452861.979435422,3558362.981562983,0.0,1425226.9834754572,2810220.8461137516
 06/04  19:00:00,6410778.918576898,395041.6061185859,2958329.894805052,0.0,1642025.6875324799,1291381.4875839148
 06/04  20:00:00,5664694.796834493,297594.9493777377,2133199.837416253,0.0,1842147.568200501,1218152.102288389
 06/04  21:00:00,5040286.89453077,168098.54882444587,1178688.2412609246,0.0,2309098.62309255,1184093.3972548353
 06/04  22:00:00,3950330.627782764,98287.11507442643,679592.2696508748,0.0,1903723.5314829692,1095127.372022881
 06/04  23:00:00,2297996.113520177,29214.07832903818,200993.12971615035,0.0,928770.7795105589,1018833.275505621
 06/04  24:00:00,2313173.9207452233,108275.08609075593,729893.6577565249,0.0,376639.64207776263,1010611.5170248593
 06/05  01:00:00,1913502.120290596,69935.03622559324,471492.3238597645,0.0,292998.9586190769,991321.7837908408
 06/05  02:00:00,1664506.648504172,39752.0246776498,267998.62705453223,0.0,251435.183403411,1017566.7955732582
 06/05  03:00:00,1447211.2688279739,12223.477135613593,82367.49177171996,0.0,251435.183403411,1013431.0987219086
 06/05  04:00:00,1348484.603069291,0.0,0.0,0.0,251435.183403411,1009295.4018705591
 06/05  05:00:00,1331315.3387180322,0.0,0.0,0.0,251435.183403411,1009295.4018705591
 06/05  06:00:00,1553855.0654921802,0.0,0.0,0.0,469516.7200288185,1017568.9840973569
 06/05  07:00:00,1802333.116531309,0.0,0.0,0.0,682466.9263806869,1055004.5248236456
 06/05  08:00:00,2513635.204766304,17039.661723345915,118425.64231757085,0.0,678618.4286755328,1636597.5027619074
 06/05  09:00:00,5138149.730996928,83221.22471616922,585889.3581029291,0.0,251435.183403411,4164188.475681616
 06/05  10:00:00,6213779.427377445,146840.16524754316,1049435.3087536772,0.0,774830.871304389,4200703.769213203
 06/05  11:00:00,5316974.536140885,173332.2904535827,1254662.4234795882,0.0,749174.2199366939,3111190.16168559
 06/05  12:00:00,3566246.0381368706,193758.07453534435,1423725.218796022,0.0,728648.8988425379,1197221.493494622
 06/05  13:00:00,3626926.132188528,226155.3518992312,1698152.5194671077,0.0,605496.972277602,1076136.6321152707
 06/05  14:00:00,4172778.985917667,270142.4641639744,2074448.9791614825,0.0,723517.568568999,1083685.317593895
 06/05  15:00:00,4580463.576549842,312145.071878187,2425859.388992229,0.0,723517.568568999,1096049.1946420826
 06/05  16:00:00,7243926.998524925,369574.91257021937,2848601.697752858,0.0,723517.568568999,3265986.594891302
 06/05  17:00:00,5931192.300828506,355821.1127746933,2706064.8855237463,0.0,733780.229116077,2064941.3199699277
 06/05  18:00:00,7120508.778215051,342309.6922236873,2523385.5522319847,0.0,1423944.1509070722,2737392.2769399006
 06/05  19:00:00,7443394.189623854,317650.74414902297,2238705.555222362,0.0,1642025.6875324799,3121011.9601831236
 06/05  20:00:00,5234170.882674717,256424.96248975914,1743845.9101444557,0.0,1842147.568200501,1218152.102288389
 06/05  21:00:00,5323520.195773499,212244.24763689583,1417775.8436912037,0.0,2309098.62309255,1184093.3972548353
 06/05  22:00:00,3085160.0005885754,155301.74456159794,1035731.1667811701,0.0,664507.2704233004,1056019.4792708938
 06/05  23:00:00,2270086.8291290496,112887.79518895279,755605.1139505701,0.0,251435.183403411,1029973.8861273068
 06/05  24:00:00,2972753.229424582,5204.815816691519,35413.728356046646,0.0,251435.183403411,2592945.484053112
 06/06  01:00:00,1360891.6936233395,0.0,0.0,0.0,251435.183403411,1021702.4924246077
 06/06  02:00:00,1356755.9967719899,0.0,0.0,0.0,251435.183403411,1017566.7955732582
 06/06  03:00:00,1352620.2999206404,0.0,0.0,0.0,251435.183403411,1013431.0987219086
 06/06  04:00:00,1321507.359147017,0.0,0.0,0.0,253359.43225598813,980393.9090957078
 06/06  05:00:00,1331315.3387180322,0.0,0.0,0.0,251435.183403411,1009295.4018705591
 06/06  06:00:00,3565023.9820981855,0.0,0.0,0.0,1018569.0592974913,2479685.561434689
 06/06  07:00:00,2409249.71297167,0.0,0.0,0.0,826144.174039779,1518243.8736049149
 06/06  08:00:00,2304986.736038626,0.0,0.0,0.0,821012.84376624,1421019.922984439
 06/06  09:00:00,17149879.37323695,49377.89255047662,355647.6750214424,0.0,795356.192398545,15896082.124173684
 06/06  10:00:00,2951723.9338891674,125544.04772436155,942890.5223428911,0.0,774830.871304389,1066489.1796588942
 06/06  11:00:00,3845514.776719036,178813.48716466175,1377079.0084542874,0.0,624739.4608033733,1636267.379711283
 06/06  12:00:00,7394986.36661062,265776.6023678531,2046232.4298829543,0.0,728648.8988425379,4331436.083048931
 06/06  13:00:00,3954370.564070188,256799.11036563356,1989836.155946747,0.0,487476.37598620495,1199274.2653422863
 06/06  14:00:00,11714412.90705989,311626.2999761641,2392285.1214047777,0.0,723517.568568999,8265999.260680633
 06/06  15:00:00,4002638.520267471,296492.9142576713,2267304.7605906464,0.0,369455.77969480795,1046492.7132560008
 06/06  16:00:00,4951075.058152216,307812.33766893484,2323178.598324226,0.0,605496.972277602,1678340.9251399064
 06/06  17:00:00,6632686.244829404,330038.1917035511,2447059.2570353467,0.0,855649.3231126282,2929354.719533815
 06/06  18:00:00,6597951.044919784,296861.1165302558,2167791.4701467687,0.0,1423944.1509070725,2615877.2014232804
 06/06  19:00:00,7532828.6462589,283467.2158773025,2019298.315164033,0.0,2103845.4121509898,3002217.460529709
 06/06  20:00:00,20642819.878358696,278756.8057527302,1934584.4812818295,0.0,2637503.760599046,15618374.491173483
 06/06  21:00:00,5115307.097685869,215718.71616718225,1482578.439877089,0.0,2049966.4442788307,1166735.413264752
 06/06  22:00:00,3623920.404371123,166186.33586592312,1136896.389649965,0.0,1077579.35744319,1069657.9818604323
 06/06  23:00:00,3333176.5638329303,131275.44574626678,892903.3882768913,0.0,590102.981456985,1598709.8978939778
 06/06  24:00:00,3743189.990573395,104851.88542921649,706203.4198923348,0.0,251435.183403411,2592945.4840531116
 06/07  01:00:00,5211117.147239916,93404.11377718617,622606.7502850811,0.0,251435.183403411,4155917.081978917
 06/07  02:00:00,3810496.8136848435,54527.613835438264,361973.7198671142,0.0,251435.183403411,3054806.2787835593
 06/07  03:00:00,1389155.8002112624,4773.834561273701,31761.665729348344,0.0,251435.183403411,1013431.0987219086
 06/07  04:00:00,1348484.603069291,0.0,0.0,0.0,251435.183403411,1009295.4018705591
 06/07  05:00:00,1385025.857205308,0.0,0.0,0.0,320451.57558251056,993989.5281787355
 06/07  06:00:00,1771938.7906416864,0.0,0.0,0.0,687598.256654226,1017571.1726214556
 06/07  07:00:00,2880394.662313097,0.0,0.0,0.0,1693338.99026787,1122194.0067182512
 06/07  08:00:00,2626955.4833746348,7270.32192799911,50090.02030558301,0.0,1390590.5041290692,1116050.6677240357
 06/07  09:00:00,2727669.7945514848,45980.376656021384,324268.1781726081,0.0,1203296.9491448957,1100708.8014851564
 06/07  10:00:00,5057139.877051769,125873.26745422708,906525.1274626455,0.0,774830.871304389,3207941.2979718763
 06/07  11:00:00,6550763.45042979,187975.97266921756,1376832.5492088497,0.0,749174.2199366939,4208165.2680295985
 06/07  12:00:00,6817929.14858645,236973.40864625864,1758901.7701607742,0.0,728648.8988425379,4070512.7184685348
 06/07  13:00:00,3378169.1571376547,227301.2246955618,1712308.896960441,0.0,369455.77969480795,1048118.5993575279
 06/07  14:00:00,3467013.394053799,252036.73843549594,1908447.2328069205,0.0,251435.183403411,1034109.5829786563
 06/07  15:00:00,3733437.517571031,283991.1280522222,2145144.967519746,0.0,251435.183403411,1029973.8861273068
 06/07  16:00:00,3842497.6747016665,295782.72081563354,2216652.5690597207,0.0,251435.183403411,1042380.9766813554
 06/07  17:00:00,5880909.32891635,309392.11846927047,2277068.322933001,0.0,613193.9676879105,2610670.166382106
 06/07  18:00:00,6019603.406399121,302978.9343323125,2174580.4985738765,0.0,1295660.8940685974,2152905.9735119273
 06/07  19:00:00,5839661.456476901,283727.9085909029,1959220.4977818406,0.0,2103845.4121509898,1368867.3954163017
 06/07  20:00:00,5955555.841026759,240976.0394276928,1604583.8956001545,0.0,2637503.760599046,1298891.805848254
 06/07  21:00:00,6217726.168822523,190154.3815268578,1241988.9222153889,0.0,3335364.6778003504,1249910.1031819114
 06/07  22:00:00,4139172.8279922297,128861.0487325714,837860.5362021957,0.0,1903723.5314829692,1095127.372022881
 06/07  23:00:00,2240916.520227073,67444.00957742843,438819.60437570047,0.0,590102.981456985,1024365.0743581506
 06/07  24:00:00,1447510.730292129,0.0,0.0,0.0,345338.5274091747,1014418.1850876338
 06/08  01:00:00,1405891.6936233395,0.0,45000.0,0.0,251435.183403411,1021702.4924246077
 06/08  02:00:00,1536755.9967719899,0.0,180000.0,0.0,251435.183403411,1017566.7955732582
 06/08  03:00:00,1532620.2999206404,0.0,180000.0,0.0,251435.183403411,1013431.0987219086
 06/08  04:00:00,3642959.477459999,0.0,180000.0,0.0,253359.43225598813,3121846.0274086897
 06/08  05:00:00,2348384.1673534056,0.0,180000.0,0.0,320708.1420961875,1777091.2718131559
 06/08  06:00:00,2393237.571214238,0.0,180000.0,0.0,1128892.6601785799,1017575.5496696533
 06/08  07:00:00,2619461.2443464557,0.0,45000.0,0.0,1405984.494949686,1103615.084069793
 06/08  08:00:00,2110133.102770157,0.0,0.0,0.0,963407.2588569473,1083771.8746252623
 06/08  09:00:00,2357421.2397228554,0.0,0.0,0.0,1203296.9491448957,1100708.8014851564
 06/08  10:00:00,1916243.2705197548,4014.8106877318614,28939.096010108016,0.0,774830.871304389,1066489.1796588942
 06/08  11:00:00,1983191.6377350292,48688.69028242698,355688.37132149586,0.0,500304.7016700524,1049894.433875623
 06/08  12:00:00,2365491.9164165575,112897.49017062318,836157.3073955219,0.0,251435.183403411,1142109.5829786563
 06/08  13:00:00,3384931.4305584515,167402.45735031847,1251663.1626304786,0.0,840255.3322920112,1104625.8218563274
 06/08  14:00:00,3580679.790356745,206085.67392701202,1546406.5738375238,0.0,723517.568568999,1083685.317593895
 06/08  15:00:00,4377117.669345317,252511.07136366746,1883733.4210095769,0.0,1073730.8597380358,1144249.9647656928
 06/08  16:00:00,4686738.901064048,267630.4098033094,1982304.9384093217,0.0,1195599.953734587,1204957.3743752837
 06/08  17:00:00,4878198.705608984,262513.88180013135,1928068.8971031879,0.0,1221256.605102282,1395774.5681593204
 06/08  18:00:00,5750735.133242486,252007.46359675418,1822630.5188913147,0.0,1293095.228931828,2289524.8159101824
 06/08  19:00:00,8107279.51403111,248646.79902614534,1744963.1838464197,0.0,1332863.0385517552,4656806.250069924
 06/08  20:00:00,4712681.639299713,159844.0194983229,1099913.6357712846,0.0,2040986.6163001372,1238337.0281783552
 06/08  21:00:00,6235432.898854403,131125.17377563065,892330.722248283,0.0,2822231.6504464503,2189437.268286024
 06/08  22:00:00,3284219.57227322,49904.22082061355,342466.582044378,0.0,871043.3139332451,1847205.1159233707
 06/08  23:00:00,1456229.243063611,6924.488992752469,47710.834081331675,0.0,251435.183403411,1029973.8861273068
 06/08  24:00:00,1965760.8164616823,77000.79908487233,523732.6269021207,0.0,251435.183403411,1025838.1892759572
 06/09  01:00:00,1736362.9732127378,48236.81680830769,327234.46278109046,0.0,251435.183403411,1021702.4924246077
 06/09  02:00:00,1617397.6063558483,33830.43329761059,228718.87232527643,0.0,251435.183403411,1017566.7955732582
 06/09  03:00:00,1484069.5222231098,17204.162316245,116152.75602525333,0.0,251435.183403411,1013431.0987219086
 06/09  04:00:00,1369455.7222969085,2707.392041853487,18263.727185764008,0.0,251435.183403411,1009295.4018705591
 06/09  05:00:00,1346576.907030262,0.0,0.0,0.0,251435.183403411,1009295.4018705591
 06/09  06:00:00,1352940.6046939325,0.0,0.0,0.0,251435.183403411,1017566.7955732582
 06/09  07:00:00,1355488.9102795455,0.0,0.0,0.0,251435.183403411,1025838.1892759572
 06/09  08:00:00,3236069.1104029124,37535.0010950443,263396.4131432726,0.0,821012.84376624,2045447.7949933219
 06/09  09:00:00,6031506.661995746,102576.28312045147,740723.7927665525,0.0,1743369.4604348755,3387606.2445030054
 06/09  10:00:00,4275135.719085957,149466.9720208414,1110470.6345973136,0.0,1821622.247106345,1147791.160424768
 06/09  11:00:00,4323154.638991138,193185.7055581084,1462636.433612892,0.0,1490651.4444630796,1146157.918732599
 06/09  12:00:00,3905145.5234797793,225529.4167252975,1730853.361948978,0.0,728648.8988425379,1197221.493494622
 06/09  13:00:00,4714531.902893942,270075.5819696903,2084936.6990910042,0.0,1190468.6234610481,1148066.3419428836
 06/09  14:00:00,5012955.056525093,305724.13382028596,2362593.603521936,0.0,1190468.6234610481,1133184.0392925066
 06/09  15:00:00,4631801.092764974,319460.5618130405,2469881.4152725074,0.0,723517.568568999,1096049.1946420826
 06/09  16:00:00,5304934.79226612,346605.2044463232,2659652.3557090187,0.0,1077579.35744319,1184851.6499260429
 06/09  17:00:00,4898622.873213254,326069.57653846015,2484892.9454942746,0.0,733780.229116077,1281387.6725813504
 06/09  18:00:00,5814637.522306984,313189.81641078874,2346176.532316418,0.0,1293095.228931828,1770606.5347745712
 06/09  19:00:00,5517615.22513621,289182.9789304066,2089693.4316830484,0.0,1177640.2977772006,1846636.7544038326
 06/09  20:00:00,11601667.062337577,230918.73694148503,1607630.360966645,0.0,649113.2796026834,8955665.913587382
 06/09  21:00:00,10165764.404982407,193722.50211073738,1327093.6855141101,0.0,251435.183403411,8206558.822129337
 06/09  22:00:00,4606430.652222969,184394.56390504717,1261031.0214946303,0.0,1903723.5314829692,1095127.372022881
 06/09  23:00:00,2762213.889844619,142012.68817359424,976443.8261243,0.0,505436.0319435915,1025767.2773004398
 06/09  24:00:00,2235247.5627701716,110689.72471036515,759530.447585117,0.0,251435.183403411,1025838.1892759572
 06/10  01:00:00,1996036.1946165417,81424.92004641006,553719.5809467924,0.0,251435.183403411,1021702.4924246077
 06/10  02:00:00,1758875.2381514297,52229.34032270586,351797.59709576267,0.0,251435.183403411,1017566.7955732582
 06/10  03:00:00,1571212.6824820263,28662.66139587584,191837.41720453906,0.0,251435.183403411,1013431.0987219086
 06/10  04:00:00,1362323.2145523492,6489.446684601265,43318.82336148934,0.0,254000.84854018048,970760.0781707575
 06/10  05:00:00,1453997.9440048141,0.0,0.0,0.0,389467.96776161005,978683.654486912
 06/10  06:00:00,2588438.2343837023,8887.883966590953,59386.74241062354,0.0,687598.256654226,1748626.7256349986
 06/10  07:00:00,2550191.740004293,34814.463355535394,236926.54418251355,0.0,1116064.3344947326,1084170.860371334
 06/10  08:00:00,3148279.301947648,71481.52882044378,501479.54386906605,0.0,1390590.5041290692,1116050.6677240357
 06/10  09:00:00,4055019.6789541217,115540.0736643305,852948.1029771788,0.0,1878066.8801152739,1151233.7410264772
 06/10  10:00:00,4362207.419006203,186720.5854536849,1442312.060226674,0.0,1559924.4031558558,1127465.6652332996
 06/10  11:00:00,4244263.512071372,221441.1224078655,1763634.2080327587,0.0,1118629.999631502,1110035.0453747872
 06/10  12:00:00,4557312.339626482,286991.0429108093,2321558.5519101685,0.0,728648.8988425379,1197221.493494622
 06/10  13:00:00,4702062.560623259,311880.6048540621,2555534.08227674,0.0,723517.568568999,1090145.648494142
 06/10  14:00:00,7225106.200422977,382914.32326258783,3139656.0870531136,0.0,1190468.6234610481,2491082.5102169113
 06/10  15:00:00,7064176.471609987,418606.16367743886,3436075.7681935313,0.0,1190468.6234610481,1996133.563809625
 06/10  16:00:00,7922529.452794172,451932.5676393008,3675894.8613790497,0.0,1195599.953734587,2562855.845299688
 06/10  17:00:00,10496881.003866695,486881.5718408568,3886952.9351148894,0.0,1462429.127958615,4588124.919469243
 06/10  18:00:00,8682305.527855853,442455.3459875607,3480222.223043599,0.0,1816490.9168328058,2851567.6321185096
 06/10  19:00:00,7107753.000609269,405556.5349348412,3115021.8957654135,0.0,2103845.4121509898,1368867.3954163017
 06/10  20:00:00,7275199.119668739,376536.56763412274,2803928.214347933,0.0,2637503.760599046,1298891.805848254
 06/10  21:00:00,7491665.306373401,331137.8134489937,2388298.5001173317,0.0,3335364.6778003504,1249910.1031819114
 06/10  22:00:00,6324160.264813228,288268.3578869098,2016257.317694005,0.0,2734999.035796287,1122481.3901185845
 06/10  23:00:00,3478560.721073732,212238.227979293,1456016.371176348,0.0,674769.9309703785,1022982.1246450183
 06/10  24:00:00,1912065.9823424562,69477.0231729896,477561.5686947774,0.0,251435.183403411,1025838.1892759572
 06/11  01:00:00,2177154.9133281605,104967.19793275693,711296.021772064,0.0,251435.183403411,1021702.4924246077
 06/11  02:00:00,2141813.594370312,101248.87416880766,683808.7234295144,0.0,251435.183403411,1017566.7955732582
 06/11  03:00:00,1961905.8681137133,78628.00409613368,530657.5640969393,0.0,251435.183403411,1013431.0987219086
 06/11  04:00:00,1785120.1127494224,56285.07455622358,380350.43512390775,0.0,251435.183403411,1009295.4018705591
 06/11  05:00:00,1663692.5411744704,42798.22462331084,289578.9778331274,0.0,251435.183403411,1009295.4018705591
 06/11  06:00:00,1910913.102839163,45629.86644525785,311428.17090172466,0.0,469516.7200288185,1017568.9840973569
 06/11  07:00:00,5093933.441169412,86453.11524127006,600931.3474221171,0.0,1116064.3344947326,3225622.978684316
 06/11  08:00:00,2868472.30430698,71435.85515897113,515965.7501504683,0.0,393829.59849411825,1824287.1312154755
 06/11  09:00:00,2983882.4665816845,124306.48044354499,940410.466886427,0.0,795356.192398545,1070393.8377603637
 06/11  10:00:00,3370223.967647607,168103.02031732156,1318831.5835083702,0.0,774830.871304389,1066489.1796588942
 06/11  11:00:00,3949746.2564528296,199918.09762080316,1581717.2325084605,0.0,749174.2199366939,1390321.265801441
 06/11  12:00:00,19424232.476076305,289132.8822054859,2221746.4051247993,0.0,847952.3277023196,16042508.508575357
 06/11  13:00:00,3655084.41883941,212430.09295305284,1608006.4523939001,0.0,723517.568568999,1090145.648494142
 06/11  14:00:00,3595900.486572032,210399.63478884098,1557313.3091909816,0.0,723517.568568999,1083685.317593895
 06/11  15:00:00,3512052.789546339,199860.77295747155,1469732.900909441,0.0,723517.568568999,1096049.1946420826
 06/11  16:00:00,3505954.953662168,193229.77643285808,1428426.9073404446,0.0,723517.568568999,1124534.4765783204
 06/11  17:00:00,4258601.115716228,204122.71902756183,1517328.287874045,0.0,1099387.5111057307,1367177.844264828
 06/11  18:00:00,5476970.587484265,213867.92784973065,1587005.5088801172,0.0,1293095.228931828,2289524.8159101824
 06/11  19:00:00,5667985.454992553,219800.613419385,1606411.0385622005,0.0,1642025.6875324799,2075747.872941622
 06/11  20:00:00,5864537.069289897,214819.99486477117,1539721.1684262133,0.0,2637503.760599046,1298891.805848254
 06/11  21:00:00,8015086.341052889,221502.01549754036,1565040.2163380114,0.0,3335364.6778003504,2692871.3473189725
 06/11  22:00:00,5416736.784542787,186451.55117566625,1314678.5698168508,0.0,2319361.283639628,1422645.0403590295
 06/11  23:00:00,2673910.40685587,137183.48967974097,968603.5040443937,0.0,420769.082430198,1027169.4802427287
 06/11  24:00:00,2284420.752244097,114136.22155612393,805257.140213284,0.0,251435.183403411,1025838.1892759572
 06/12  01:00:00,2104999.66872761,92580.42539780075,651527.5497064698,0.0,251435.183403411,1021702.4924246077
 06/12  02:00:00,1935304.0596901989,72255.27066164951,506292.7922565594,0.0,251435.183403411,1017566.7955732582
 06/12  03:00:00,1747567.2756342338,49557.1341093671,345389.8416042264,0.0,251435.183403411,1013431.0987219086
 06/12  04:00:00,1551959.9506927,25639.699773525113,177835.647849884,0.0,251435.183403411,1009295.4018705591
 06/12  05:00:00,1399978.1626461353,5281.321449852483,36526.24323461262,0.0,285943.37949296075,1001642.4650246473
 06/12  06:00:00,2213237.571214238,0.0,0.0,0.0,1128892.6601785799,1017575.5496696533
 06/12  07:00:00,4102443.9948933143,8354.518661962036,57517.125857811116,0.0,1405984.494949686,2565726.1900968784
 06/12  08:00:00,2592435.9498970974,2557.8690973920216,17717.274521883686,0.0,1393156.1692658386,1116050.6677240357
 06/12  09:00:00,1919165.5192517126,0.0,0.0,0.0,795356.192398545,1070393.8377603637
 06/12  10:00:00,2052918.8725263206,16999.196924844775,121246.24585073124,0.0,774830.871304389,1097873.2455877238
 06/12  11:00:00,4209243.951630543,57721.63029195539,417679.0780635321,0.0,749174.2199366939,2956053.582752931
 06/12  12:00:00,2973055.450409097,69091.56778518631,507968.3260050005,0.0,847952.3277023197,1525150.8764482464
 06/12  13:00:00,4974303.471870538,105830.76958888085,783535.2429518815,0.0,1190468.6234610481,2873484.1794394115
 06/12  14:00:00,11688877.99449632,150168.2587777921,1112755.7281275128,0.0,956993.0960150235,9447976.255146673
 06/12  15:00:00,17948153.154111356,211370.57404630174,1557497.41359296,0.0,1190468.6234610481,14965924.190542702
 06/12  16:00:00,6605855.035688882,243860.1657152687,1783739.1988092153,0.0,1195599.953734587,3346409.4926882656
 06/12  17:00:00,4522736.651682119,214769.29367697248,1568088.4030186634,0.0,1221256.605102282,1448037.5964401385
 06/12  18:00:00,4399304.100391358,206058.49245082887,1489583.9752537638,0.0,1293095.228931828,1317089.2978425317
 06/12  19:00:00,4438455.030677942,192976.18011915305,1367839.9770558265,0.0,1488085.77932631,1265552.8516397858
 06/12  20:00:00,4232950.371709551,153717.01644424463,1064376.5724435628,0.0,1643308.5201008646,1197947.9231692662
 06/12  21:00:00,5770987.632321892,127450.42206255539,866894.0613707936,0.0,2051249.2768472151,2525085.787943314
 06/12  22:00:00,3877658.0686732777,77169.09494188296,523825.09557125106,0.0,1903723.5314829692,1199340.0071255618
 06/12  23:00:00,2213389.681481491,18650.68818421833,126950.08782228359,0.0,928770.7795105589,1018833.275505621
 06/12  24:00:00,1720573.1092651766,0.0,135000.0,0.0,502357.2337794681,995461.8576903879
 06/13  01:00:00,1561963.3447978627,0.0,180000.0,0.0,335075.86686209665,959133.4601404453
 06/13  02:00:00,1499144.8280717088,0.0,180000.0,0.0,251435.183403411,979955.626872977
 06/13  03:00:00,1485740.0173873361,0.0,180000.0,0.0,251435.183403411,966550.8161886043
 06/13  04:00:00,1528484.603069291,0.0,180000.0,0.0,251435.183403411,1009295.4018705591
 06/13  05:00:00,1511315.3387180322,0.0,180000.0,0.0,251435.183403411,1009295.4018705591
 06/13  06:00:00,1951938.7906416864,0.0,180000.0,0.0,687598.256654226,1017571.1726214556
 06/13  07:00:00,2265096.860193043,0.0,0.0,0.0,1116064.3344947326,1084170.860371334
 06/13  08:00:00,2458888.881978099,0.0,0.0,0.0,821012.84376624,1574922.0689239115
 06/13  09:00:00,4197399.093729781,0.0,0.0,0.0,1339277.201393679,2804706.403243298
 06/13  10:00:00,2165312.7029638723,0.0,0.0,0.0,1036528.7152548779,1086814.6748503628
 06/13  11:00:00,3123516.0874700313,0.0,0.0,0.0,1241781.926196438,1853118.7206881624
 06/13  12:00:00,2482895.985777226,0.0,0.0,0.0,1205862.614281665,1254141.0190272161
 06/13  13:00:00,1965865.8105776547,0.0,0.0,0.0,840255.3322920112,1104625.8218563274
 06/13  14:00:00,1828187.5425922098,0.0,0.0,0.0,723517.568568999,1083685.317593895
 06/13  15:00:00,2262995.1409369907,2632.8434346658346,19489.120530251646,0.0,1073730.8597380358,1144249.9647656928
 06/13  16:00:00,2541963.4807031676,12561.413728511476,92598.51412323964,0.0,1195599.953734587,1204957.3743752837
 06/13  17:00:00,3569578.740609565,37309.75523880549,270308.23512926785,0.0,1221256.605102282,1970119.3916951476
 06/13  18:00:00,6568553.700183094,106630.79261527801,760122.875837799,0.0,1816490.9168328058,3791832.0089848023
 06/13  19:00:00,3538467.136982436,59409.40811518932,421650.3112139854,0.0,1642025.6875324799,1291381.4875839148
 06/13  20:00:00,4363802.99314581,58716.466384042535,414114.5947524578,0.0,2438664.71249941,1278706.8799582878
 06/13  21:00:00,4972529.36063833,57259.73177337335,402707.4539433992,0.0,3078798.1641234,1233455.9267001422
 06/13  22:00:00,3206909.7625439367,30732.380231353713,216629.53030567704,0.0,1697187.4879730244,1088760.0244822688
 06/13  23:00:00,1756407.8486330954,2696.1078102777733,19058.83454887324,0.0,590102.981456985,1024365.0743581506
 06/13  24:00:00,1365027.3904746892,0.0,0.0,0.0,251435.183403411,1025838.1892759572
 06/14  01:00:00,1360891.6936233395,0.0,0.0,0.0,251435.183403411,1021702.4924246077
 06/14  02:00:00,1356755.9967719899,0.0,0.0,0.0,251435.183403411,1017566.7955732582
 06/14  03:00:00,1352620.2999206404,0.0,0.0,0.0,251435.183403411,1013431.0987219086
 06/14  04:00:00,1348484.603069291,0.0,0.0,0.0,251435.183403411,1009295.4018705591
 06/14  05:00:00,1438736.375692584,0.0,0.0,0.0,389467.96776161005,978683.654486912
 06/14  06:00:00,1662896.928066933,0.0,0.0,0.0,578557.4883415222,1017570.0783594062
 06/14  07:00:00,2419779.0522697493,0.0,0.0,0.0,1261024.4147222093,1093892.9722205636
 06/14  08:00:00,1956979.0899798586,0.0,0.0,0.0,821012.84376624,1073012.2769256714
 06/14  09:00:00,1997948.1826290828,9453.770015363614,69328.89336200655,0.0,795356.192398545,1070393.8377603637
 06/14  10:00:00,2276492.8091622386,46670.281285159625,346533.16405516415,0.0,774830.871304389,1066489.1796588942
 06/14  11:00:00,2642249.0561148794,92733.04450810372,697775.672609363,0.0,749174.2199366939,1073950.6784752887
 06/14  12:00:00,3140393.096269735,138349.58432824325,1053280.7671359878,0.0,728648.8988425379,1197221.493494622
 06/14  13:00:00,3714354.893528573,186436.0412414698,1430835.104624251,0.0,956993.0960150235,1119105.9952185128
 06/14  14:00:00,3421559.4474516185,212910.75382533768,1642592.2967220258,0.0,486193.54341782024,1058878.1970571189
 06/14  15:00:00,3384397.1858755113,238794.61633945804,1841301.1475369912,0.0,251435.183403411,1029973.8861273068
 06/14  16:00:00,3691969.8410113193,272569.86487111525,2089337.591313892,0.0,251435.183403411,1042380.9766813554
 06/14  17:00:00,4104419.086931298,268749.97933003557,2048320.929563404,0.0,492607.706259744,1224155.718334052
 06/14  18:00:00,5330993.8834679,269412.5247155875,2027830.3346018721,0.0,774830.871304389,2165443.046933644
 06/14  19:00:00,7485579.879207072,297129.3658718256,2169829.616118558,0.0,1486802.9467579252,3407817.7079218975
 06/14  20:00:00,6444686.385888799,275389.6177711354,1955088.2270160702,0.0,2637503.760599046,1403104.4409509348
 06/14  21:00:00,6661923.178093668,235233.82727430318,1641106.4857390886,0.0,3335364.6778003504,1249910.1031819114
 06/14  22:00:00,3534113.270225982,152137.34223196132,1061138.2491387855,0.0,1077579.35744319,1069657.9818604323
 06/14  23:00:00,2204708.412140888,100505.24817888397,702609.2439724777,0.0,251435.183403411,1029973.8861273068
 06/14  24:00:00,1904272.882520677,67431.13509177866,471814.35695420933,0.0,251435.183403411,1025838.1892759572
 06/15  01:00:00,1683861.1813008692,40368.34887783004,282601.13879969966,0.0,251435.183403411,1021702.4924246077
 06/15  02:00:00,1509436.250046968,19089.016171985644,133591.23710299263,0.0,251435.183403411,1017566.7955732582
 06/15  03:00:00,1373991.2311080152,2672.175420620873,18698.755766753897,0.0,251435.183403411,1013431.0987219086
 06/15  04:00:00,1348484.603069291,0.0,0.0,0.0,251435.183403411,1009295.4018705591
 06/15  05:00:00,1331315.3387180322,0.0,0.0,0.0,251435.183403411,1009295.4018705591
 06/15  06:00:00,1335771.3403426742,0.0,0.0,0.0,251435.183403411,1017566.7955732582
 06/15  07:00:00,3693624.3690270223,15048.50581274411,106050.08907085643,0.0,971104.2542672558,2536559.85454919
 06/15  08:00:00,2235420.9920208496,15293.67765357442,109994.21159711815,0.0,963407.2588569473,1083771.8746252623
 06/15  09:00:00,3132623.0039763562,56955.446444585745,425446.48526651575,0.0,795356.192398545,1801449.3907739064
 06/15  10:00:00,2849577.5866889074,128525.9331100515,978773.9593279196,0.0,643981.9493291446,1056326.43206316
 06/15  11:00:00,3789081.2326851166,191442.2008352999,1475538.5951228656,0.0,995478.073066566,1098006.9230749542
 06/15  12:00:00,3765658.032314418,236729.07936622243,1846329.0211202377,0.0,490042.0411229744,1169665.5382366392
 06/15  13:00:00,3625090.847582338,260694.0726880292,2057867.3520829258,0.0,251435.183403411,1034109.5829786563
 06/15  14:00:00,4050952.498176286,308077.5371209903,2436345.538243912,0.0,251435.183403411,1034109.5829786563
 06/15  15:00:00,4664943.0524359625,348303.6472008997,2743259.1363958186,0.0,487476.37598620495,1063011.5403846947
 06/15  16:00:00,5128160.9451107085,367341.049035412,2876521.626186432,0.0,723517.568568999,1124534.4765783204
 06/15  17:00:00,5426492.013968775,380857.0984799372,2959882.2603473477,0.0,733780.229116077,1281387.6725813504
 06/15  18:00:00,5073280.8362629665,346162.0805828198,2665803.2495973576,0.0,774830.871304389,1193007.5288659933
 06/15  19:00:00,4793560.1044802,309198.55377573933,2330928.1840762338,0.0,867194.8162280911,1162238.3078632695
 06/15  20:00:00,3865756.646639154,258649.6252042802,1907807.5535006865,0.0,450274.23150304717,1075424.8968795275
 06/15  21:00:00,3851684.332330824,217449.94158600506,1584062.636219359,0.0,765851.0433256957,1084012.6271017496
 06/15  22:00:00,4243946.455052225,207908.00040299137,1502297.3847434418,0.0,1284115.4009531348,1076025.3294010444
 06/15  23:00:00,3125423.9376133406,169428.2643281087,1221342.7670112874,0.0,590102.981456985,1024365.0743581506
 06/15  24:00:00,2733808.5239860965,142108.71421866686,1019954.0349666615,0.0,282736.29807199887,1201255.458933448
 06/16  01:00:00,2297854.503015653,115187.248635751,821775.5607565623,0.0,251435.183403411,1021702.4924246077
 06/16  02:00:00,2089321.8247978315,90849.52938472173,643623.9946801485,0.0,251435.183403411,1017566.7955732582
 06/16  03:00:00,1876081.8240607833,65438.95688627692,459930.2632928948,0.0,251435.183403411,1013431.0987219086
 06/16  04:00:00,1648652.374392637,37647.579013747745,262520.1923095982,0.0,251435.183403411,1009295.4018705591
 06/16  05:00:00,1423370.5081137007,9675.613013736345,67117.98806970229,0.0,251435.183403411,1009295.4018705591
 06/16  06:00:00,1352940.6046939325,0.0,0.0,0.0,251435.183403411,1017566.7955732582
 06/16  07:00:00,2519338.135493216,10868.845411552,75336.36553871364,0.0,1261024.4147222093,1093892.9722205636
 06/16  08:00:00,2499928.8582907207,28915.72318269644,202002.93143048263,0.0,1105801.6739476547,1094531.4723248535
 06/16  09:00:00,2285356.4743667245,44660.8700916645,317714.6929452897,0.0,795356.192398545,1070393.8377603637
 06/16  10:00:00,2524306.641953375,77170.18753442538,560031.6985189776,0.0,774830.871304389,1066489.1796588942
 06/16  11:00:00,2712145.776989921,101945.49782574606,756552.2441277329,0.0,749174.2199366939,1073950.6784752887
 06/16  12:00:00,2882831.0122012896,124500.81021386237,942648.8636706966,0.0,609345.4699827562,1183443.5158656305
 06/16  13:00:00,3714573.885136788,156843.79459281015,1198210.4687107299,0.0,1190468.6234610481,1148066.3419428836
 06/16  14:00:00,3990333.3825654765,190319.13856796894,1455376.9248146364,0.0,1190468.6234610481,1133184.0392925066
 06/16  15:00:00,4578511.822249858,224875.54304538015,1711783.3758029875,0.0,1426509.8160438421,1192450.7348893033
 06/16  16:00:00,4987477.469067827,249605.45846505262,1881543.0462492898,0.0,1553510.240313932,1266572.4992980075
 06/16  17:00:00,6139204.191363841,266409.42240469495,1978925.6875259038,0.0,1703601.6508149481,2117774.981135203
 06/16  18:00:00,7671628.21149579,274678.95546528214,2008904.228749895,0.0,1816490.9168328058,3479984.700574428
 06/16  19:00:00,5917719.834148688,250254.65255162714,1797975.1760464013,0.0,2103845.4121509898,1651182.831057948
 06/16  20:00:00,5853161.723974483,218658.09451870457,1539769.2917690957,0.0,2637503.760599046,1298891.805848254
 06/16  21:00:00,6309921.531475073,193522.64933076492,1344169.8893372328,0.0,3335364.6778003504,1249910.1031819114
 06/16  22:00:00,4275241.681522596,140540.08319706115,973696.5315022431,0.0,1903723.5314829692,1095127.372022881
 06/16  23:00:00,2550563.8569712476,86536.84358916625,599858.2416583649,0.0,590102.981456985,1161511.7239640378
 06/16  24:00:00,9943048.715580719,39617.97617582058,274563.7260723719,0.0,345338.5274091747,9195774.468128031
 06/17  01:00:00,8099934.204309767,11277.459578111891,78064.20045112722,0.0,251435.183403411,7671403.343081797
 06/17  02:00:00,1365587.6008387478,1352.0936955255363,9387.206410261302,0.0,251435.183403411,1017566.7955732582
 06/17  03:00:00,1350712.6038816115,0.0,0.0,0.0,251435.183403411,1013431.0987219086
 06/17  04:00:00,1348484.603069291,0.0,0.0,0.0,251435.183403411,1009295.4018705591
 06/17  05:00:00,1346576.907030262,0.0,0.0,0.0,251435.183403411,1009295.4018705591
 06/17  06:00:00,1352940.6046939325,0.0,0.0,0.0,251435.183403411,1017566.7955732582
 06/17  07:00:00,2584384.150432886,0.0,0.0,0.0,1403418.8298129165,1102749.7830197923
 06/17  08:00:00,3037758.9135589707,18670.291383257092,134896.702200209,0.0,1677944.9994472528,1137569.863123218
 06/17  09:00:00,2438922.5133551704,43833.49719533697,326022.8646730159,0.0,931336.4446473285,1080498.8256686279
 06/17  10:00:00,2826119.1602114104,109467.98628874548,829546.4180226926,0.0,774830.871304389,1066489.1796588942
 06/17  11:00:00,3931595.0735963783,177063.72075667,1360163.1223441912,0.0,1241781.926196438,1122063.16767462
 06/17  12:00:00,4419838.1754161045,236301.58788205447,1834173.9119997546,0.0,1086559.1854218834,1239911.1376440674
 06/17  13:00:00,4276875.2268463615,261300.13335044717,2049709.2829182595,0.0,840255.3322920112,1104625.8218563274
 06/17  14:00:00,5188741.828945698,321655.02348398475,2522449.486278842,0.0,1190468.6234610481,1133184.0392925066
 06/17  15:00:00,5583104.040247558,364021.29250643845,2845404.883671496,0.0,1190468.6234610481,1160316.8881402297
 06/17  16:00:00,6567427.028751879,408202.94793752034,3163053.312626851,0.0,1672813.669173714,1287110.8742722485
 06/17  17:00:00,6769646.9360952545,400666.86240655335,3080839.8817201154,0.0,1703601.6508149481,1512046.0916705462
 06/17  18:00:00,7394469.163529597,386410.8815009878,2927771.3354898123,0.0,1816490.9168328058,2172226.6198326135
 06/17  19:00:00,6580028.273665916,357757.570785621,2635096.1329712807,0.0,2103845.4121509898,1368867.3954163017
 06/17  20:00:00,5766173.834982675,312567.8193959313,2234967.5738584693,0.0,1842147.568200501,1218152.102288389
 06/17  21:00:00,5815062.307403782,265401.67621714395,1869514.3990144404,0.0,2309098.62309255,1184093.3972548353
 06/17  22:00:00,4926494.152961001,220017.03154582443,1545472.0545918853,0.0,1903723.5314829692,1095127.372022881
 06/17  23:00:00,2901842.275574486,167204.94366847188,1174144.7029303934,0.0,420769.082430198,1027169.4802427287
 06/17  24:00:00,1557371.5534907293,23718.641146700298,168625.52186933978,0.0,251435.183403411,1025838.1892759572
 06/18  01:00:00,1360891.6936233395,0.0,0.0,0.0,251435.183403411,1021702.4924246077
 06/18  02:00:00,1556782.034186963,25165.900108350834,174860.1373066224,0.0,251435.183403411,1017566.7955732582
 06/18  03:00:00,1680914.2425715923,41330.062423072064,286963.88022787974,0.0,251435.183403411,1013431.0987219086
 06/18  04:00:00,1503866.8299207625,19636.77371236573,135745.4531391058,0.0,251435.183403411,1009295.4018705591
 06/18  05:00:00,1394876.7700479361,1248.0213562598212,8602.891486367955,0.0,320451.5755825105,993989.5281787355
 06/18  06:00:00,1335771.3403426742,0.0,0.0,0.0,251435.183403411,1017566.7955732582
 06/18  07:00:00,2328588.396799238,27111.843584536924,191061.88509836426,0.0,971104.2542672558,1074448.7485221047
 06/18  08:00:00,2911936.3001484666,41438.55120734852,300902.60780006566,0.0,1390590.5041290692,1116050.6677240357
 06/18  09:00:00,3172022.004346334,95418.09883716365,719182.6657863148,0.0,1203296.9491448957,1100708.8014851564
 06/18  10:00:00,3376863.192460024,169366.23807718785,1324207.5905609212,0.0,774830.871304389,1066489.1796588942
 06/18  11:00:00,3775973.3914107503,229083.5790019997,1831612.3548444905,0.0,624739.4608033733,1061922.556175456
 06/18  12:00:00,4670382.372323011,300054.3279909445,2421565.2995265624,0.0,728648.8988425379,1197221.493494622
 06/18  13:00:00,4850910.126769889,329645.3090644189,2686616.944213013,0.0,723517.568568999,1090145.648494142
 06/18  14:00:00,5293697.848685525,377678.29604222585,3087832.0100510903,0.0,723517.568568999,1083685.317593895
 06/18  15:00:00,5681772.115616685,418473.1092023925,3420839.8907348663,0.0,723517.568568999,1096049.1946420826
 06/18  16:00:00,7607906.6723784655,466830.8578854598,3794666.438577056,0.0,723517.568568999,2586645.5826054052
 06/18  17:00:00,6742732.665716764,463376.2956412915,3755525.4295460084,0.0,977518.4171091795,1475727.7699762224
 06/18  18:00:00,7390338.715735516,426649.0119559906,3411044.39133706,0.0,1293095.228931828,2166072.9775982313
 06/18  19:00:00,22628702.06329801,482298.41977801087,3655863.084554784,0.0,2103845.4121509898,16262694.904277356
 06/18  20:00:00,9861975.066617388,414624.74900543364,2986693.4694473105,0.0,2637503.760599046,3649552.7480139863
 06/18  21:00:00,6827629.674965943,323536.7833177543,2264551.406885351,0.0,2822231.6504464503,1217001.7502183733
 06/18  22:00:00,4531788.60413061,252164.49851096515,1745883.0357138517,0.0,1284115.4009531348,1076025.3294010444
 06/18  23:00:00,3661986.528360077,201918.9391647213,1392278.6837203673,0.0,928770.7795105589,1018833.275505621
 06/18  24:00:00,2672906.6150762476,151652.79188175598,1046248.6462965489,0.0,376639.64207776263,1010611.5170248593
 06/19  01:00:00,2305772.5523496317,118311.63378179667,815386.1583625968,0.0,292998.9586190769,991321.7837908408
 06/19  02:00:00,2055735.445649302,88795.08156880127,610184.367308511,0.0,251435.183403411,1017566.7955732582
 06/19  03:00:00,1875070.614805216,66488.52150170876,455961.7933828668,0.0,251435.183403411,1013431.0987219086
 06/19  04:00:00,1735554.574832601,49271.15374422118,337798.8180190887,0.0,251435.183403411,1009295.4018705591
 06/19  05:00:00,1670797.4795113786,36329.227427216036,249442.39487885428,0.0,320451.57558251056,993989.5281787355
 06/19  06:00:00,2652397.9856519243,41875.791262364415,289564.0996272667,0.0,1236650.595922899,1017538.1374733893
 06/19  07:00:00,3034159.894747985,57515.44767072676,403898.6858241883,0.0,1404701.6623813014,1103182.4335447927
 06/19  08:00:00,2609300.462233038,79834.69716444168,572486.6750887379,0.0,821012.84376624,1073012.2769256714
 06/19  09:00:00,2786280.809230365,103354.28347313043,763761.0065055218,0.0,795356.192398545,1070393.8377603637
 06/19  10:00:00,2999277.5436038375,128745.06277024256,987243.1170116803,0.0,774830.871304389,1066489.1796588942
 06/19  11:00:00,3278847.145414419,159914.16633207118,1267192.6400849344,0.0,749174.2199366939,1073950.6784752887
 06/19  12:00:00,4634275.389920432,236839.09652294836,1914540.3076202576,0.0,1205862.614281665,1254141.0190272161
 06/19  13:00:00,4014737.958976622,250094.34347977658,2062025.3546746569,0.0,605496.972277602,1076136.6321152707
 06/19  14:00:00,3799430.9384478866,268343.2633158257,2224558.252320678,0.0,251435.183403411,1034109.5829786563
 06/19  15:00:00,4100053.464558442,287949.6249482492,2373262.9941910394,0.0,369455.77969480795,1046492.7132560008
 06/19  16:00:00,4611672.270584511,314007.27167604805,2551925.7002852354,0.0,605496.972277602,1103996.1016040791
 06/19  17:00:00,5005867.180049213,324279.7348952093,2595834.7900125133,0.0,733780.229116077,1281387.6725813504
 06/19  18:00:00,13697909.978043325,337746.75429166487,2638133.0776634095,0.0,1033963.0501181084,9594589.990057735
 06/19  19:00:00,12351657.066591673,327712.7072390443,2496604.635192477,0.0,1488085.77932631,7915253.702296974
 06/19  20:00:00,6583683.840650279,293294.7836514177,2180393.1509999484,0.0,2637503.760599046,1298891.805848254
 06/19  21:00:00,7078903.300341472,276560.26836840535,2016760.1668927902,0.0,3335364.6778003504,1249910.1031819114
 06/19  22:00:00,4566143.203036414,220429.63658499648,1599069.1054950692,0.0,1490651.4444630796,1082392.6769416565
 06/19  23:00:00,3199076.478060334,177654.75109944845,1286768.820686941,0.0,590102.981456985,1024365.0743581506
 06/19  24:00:00,2620058.958583839,152549.3775385755,1102482.190570574,0.0,251435.183403411,1025838.1892759572
 06/20  01:00:00,2436307.3184605325,131120.37538212555,944295.2494550679,0.0,251435.183403411,1021702.4924246077
 06/20  02:00:00,2279501.479660044,112909.57907622957,809835.9038118244,0.0,251435.183403411,1017566.7955732582
 06/20  03:00:00,2148899.606926144,97636.49205553056,698642.8149499731,0.0,251435.183403411,1013431.0987219086
 06/20  04:00:00,1990286.213512992,83179.93642755342,594591.33257918,0.0,254000.84854018048,970760.0781707575
 06/20  05:00:00,2051030.314775405,75042.20952976777,537251.729553053,0.0,389467.96776161005,978683.654486912
 06/20  06:00:00,2431305.889495692,80338.11747445558,579028.9813795502,0.0,687598.256654226,1017571.1726214556
 06/20  07:00:00,3072986.9828583263,97287.75637865704,710602.366286627,0.0,1116064.3344947326,1084170.860371334
 06/20  08:00:00,3486169.07969134,108213.84990210281,808360.0886481849,0.0,1390590.5041290692,1116050.6677240357
 06/20  09:00:00,3661408.8185225935,133674.90183101085,1024227.436811679,0.0,1339277.201393679,1110813.7893934206
 06/20  10:00:00,3838684.579578182,173776.03278412373,1358584.1742592074,0.0,1167377.6372301225,1096977.422446097
 06/20  11:00:00,4955041.802403203,219304.67710730215,1731574.0602442964,0.0,1241781.926196438,1733765.6982697356
 06/20  12:00:00,13043339.489885468,305703.0168403052,2395136.3002042053,0.0,1205862.614281665,9113745.206090946
 06/20  13:00:00,12212413.709831506,321297.90548101463,2506907.667857158,0.0,1073730.8597380358,8289492.62032598
 06/20  14:00:00,4301149.579477646,281903.6372776232,2191058.3996078135,0.0,723517.568568999,1083685.317593895
 06/20  15:00:00,4272342.185977467,280045.18642599613,2149837.883872045,0.0,723517.568568999,1096049.1946420826
 06/20  16:00:00,4131346.208829754,261397.14132474118,1985650.7976161486,0.0,723517.568568999,1124534.4765783204
 06/20  17:00:00,5592143.145377974,273268.29495380155,2050669.1885960093,0.0,1099387.5111057307,2098233.3972783703
 06/20  18:00:00,12277399.104214482,267539.2277712395,1986737.651063851,0.0,1293095.228931828,8636549.890535155
 06/20  19:00:00,5016786.505924035,234546.01368302768,1724833.0745877475,0.0,1642025.6875324799,1291381.4875839148
 06/20  20:00:00,5940884.382374144,210270.26352790638,1524278.5907380832,0.0,1842147.568200501,2190587.62035604
 06/20  21:00:00,7473917.164739576,212987.02019993865,1525001.0818376131,0.0,3078798.1641234,2456822.8144806097
 06/20  22:00:00,5048107.810175465,177260.73769666356,1269081.0682168282,0.0,2319361.283639628,1108804.3810707328
 06/20  23:00:00,2660676.036824511,133473.7287573361,959078.8949354386,0.0,420769.082430198,1027169.4802427287
 06/20  24:00:00,2254241.7710234006,108522.62670879606,780691.7538399159,0.0,251435.183403411,1025838.1892759572
 06/21  01:00:00,2111993.0384163414,91649.83548100357,659451.509311998,0.0,251435.183403411,1021702.4924246077
 06/21  02:00:00,2001496.006829714,78628.77843081405,566111.2316269102,0.0,251435.183403411,1017566.7955732582
 06/21  03:00:00,1922860.2343547877,69455.81116230825,500784.12327183894,0.0,251435.183403411,1013431.0987219086
 06/21  04:00:00,1803354.2490281872,59756.03259196578,431083.2719299629,0.0,254000.84854018048,970760.0781707575
 06/21  05:00:00,1989868.9162538764,54080.50072709898,390412.35182156187,0.0,528527.018174517,946264.2920866365
 06/21  06:00:00,2460235.318399027,56719.364642598055,410927.77282846626,0.0,908245.4584164029,1017573.3611455545
 06/21  07:00:00,2898110.1446124017,76145.08880494913,556868.1956144099,0.0,1116064.3344947326,1084170.860371334
 06/21  08:00:00,2737219.5415706597,91987.04130354995,688253.410287251,0.0,821012.84376624,1073012.2769256714
 06/21  09:00:00,3005534.155069255,124781.77781927686,961586.8579982654,0.0,795356.192398545,1070393.8377603637
 06/21  10:00:00,3610703.2964662737,194906.24833474873,1532507.6843096102,0.0,774830.871304389,1066489.1796588942
 06/21  11:00:00,3763593.7628452936,243326.55633506447,1941452.6303791236,0.0,500304.7016700524,1049894.433875623
 06/21  12:00:00,4790092.595763601,314076.9395095429,2527252.9114485537,0.0,728648.8988425379,1197221.493494622
 06/21  13:00:00,4951056.633212654,340595.465171815,2775813.294548383,0.0,723517.568568999,1090145.648494142
 06/21  14:00:00,5358248.000867699,383714.80660191714,3146345.651673572,0.0,723517.568568999,1083685.317593895
 06/21  15:00:00,5659052.256158486,415295.89431074105,3401297.246168318,0.0,723517.568568999,1096049.1946420826
 06/21  16:00:00,6174218.600606036,440467.80276834324,3573199.886467553,0.0,959558.761151793,1164745.925476802
 06/21  17:00:00,6870097.218553265,449811.478171709,3583015.6713699177,0.0,1341842.8665304487,1424842.4490371267
 06/21  18:00:00,7836460.583896818,411605.35787077923,3201425.7581954896,0.0,1423944.1509070722,2706008.2110110708
 06/21  19:00:00,6838612.566551777,365648.4943076374,2759508.5230717817,0.0,1488085.77932631,2101369.527309181
 06/21  20:00:00,8346482.174812477,336583.0438536744,2456941.9808228295,0.0,2637503.760599046,2741853.049985315
 06/21  21:00:00,6798742.010400393,288895.8567025228,2063504.8875414138,0.0,2309098.62309255,1936934.558965892
 06/21  22:00:00,4579532.74005565,227266.53639485544,1605621.7427044448,0.0,1490651.4444630796,1082392.6769416565
 06/21  23:00:00,2751120.5454034735,167784.50341104143,1181742.1220029052,0.0,251435.183403411,1029973.8861273068
 06/21  24:00:00,2432933.4442385384,132959.70630872372,934946.3474551253,0.0,251435.183403411,1025838.1892759572
 06/22  01:00:00,2218260.559091911,106862.42093834266,750506.4445302292,0.0,251435.183403411,1021702.4924246077
 06/22  02:00:00,2034935.0298456035,84623.098161397,593555.9349122167,0.0,251435.183403411,1017566.7955732582
 06/22  03:00:00,1882598.8047092534,66218.90507467501,463759.59971393825,0.0,251435.183403411,1013431.0987219086
 06/22  04:00:00,1685030.964841794,46561.53227961575,325954.48805591924,0.0,254000.84854018048,970760.0781707575
 06/22  05:00:00,1705376.588704798,33311.44442686645,233328.76858534737,0.0,389467.96776161005,978683.654486912
 06/22  06:00:00,3920402.664505224,58233.502966434455,407469.87458374264,0.0,908245.4584164029,2479684.46717264
 06/22  07:00:00,3050771.0530553716,59024.38152539973,417285.42718351615,0.0,1405984.494949686,1103615.084069793
 06/22  08:00:00,3214340.939747569,79086.76877868295,565659.0298278336,0.0,1390590.5041290692,1116050.6677240357
 06/22  09:00:00,3433763.8561437973,95256.56444266024,690198.4042325709,0.0,1473974.6210740777,1120918.7773016847
 06/22  10:00:00,3373725.890376113,111038.45643630317,815351.3918339796,0.0,1298226.559205367,1107140.1700418312
 06/22  11:00:00,3450845.1632895735,125307.43236821106,933077.1964648733,0.0,1241781.926196438,1122063.16767462
 06/22  12:00:00,5444340.471213001,204655.09256839743,1532424.2321859035,0.0,1086559.1854218831,2597809.608568472
 06/22  13:00:00,6834103.337248044,264009.1957573496,1991131.5145769126,0.0,1073730.8597380358,3484247.1107464302
 06/22  14:00:00,3992216.5105602015,249846.5013147948,1914182.466653197,0.0,723517.568568999,1083685.317593895
 06/22  15:00:00,4430293.468891035,278606.6691648887,2145038.931020342,0.0,840255.3322920112,1143500.183945449
 06/22  16:00:00,6026675.555355776,277819.77227794816,2139139.6756924344,0.0,723517.568568999,2849952.314074849
 06/22  17:00:00,5926408.1502757,287697.0189699683,2195060.005239837,0.0,733780.229116077,2639286.143505755
 06/22  18:00:00,5612393.875607879,269476.8792556146,2033132.9365645768,0.0,1293095.228931828,1923211.7249434525
 06/22  19:00:00,7130240.44143642,267324.1911592395,1976271.8976609753,0.0,1642025.6875324799,3120618.42254686
 06/22  20:00:00,7633921.199945443,250759.05793960407,1818534.6053370168,0.0,1842147.568200501,3548879.6289167088
 06/22  21:00:00,6343208.931385173,219031.50764911287,1570795.279684926,0.0,2822231.65044645,1530842.4095066702
 06/22  22:00:00,3984683.9503615852,177988.06068138767,1272104.6377310208,0.0,1285398.2335215195,1075592.678876044
 06/22  23:00:00,2496820.1800763207,134255.51797940256,960970.7421073914,0.0,251435.183403411,1029973.8861273068
 06/22  24:00:00,2285157.887931959,112927.23265504082,807203.264802229,0.0,251435.183403411,1025838.1892759572
 06/23  01:00:00,2119602.6810773714,93203.48312009536,665507.5043339365,0.0,251435.183403411,1021702.4924246077
 06/23  02:00:00,1991625.22146117,78342.53669014305,558434.3840380659,0.0,251435.183403411,1017566.7955732582
 06/23  03:00:00,1883112.192547835,65545.11311832829,466854.47554789507,0.0,251435.183403411,1013431.0987219086
 06/23  04:00:00,1802722.315108029,55892.42716985393,398345.28486888396,0.0,251435.183403411,1009295.4018705591
 06/23  05:00:00,1701820.4457085503,43600.62690870662,311642.9117695816,0.0,251435.183403411,1009295.4018705591
 06/23  06:00:00,2085375.9113684709,49491.23935044833,355818.4795998306,0.0,578557.4883415222,1017570.0783594062
 06/23  07:00:00,6105509.804101252,109650.06195434739,792403.2439791013,0.0,1116064.3344947326,4009176.626072894
 06/23  08:00:00,4752460.319219733,112515.55848400839,827555.6471569684,0.0,1390590.5041290692,2353121.5520446524
 06/23  09:00:00,3862900.48957022,118638.68926361154,888932.2822898796,0.0,1339277.201393679,1458821.4354521881
 06/23  10:00:00,11570495.481729267,163701.65903485788,1235689.2584813277,0.0,1821622.247106345,8303697.61217005
 06/23  11:00:00,4145744.3013393497,171336.75838552418,1307075.0431336875,0.0,1490651.4444630796,1146157.918732599
 06/23  12:00:00,4190586.4213476074,196665.12166842102,1511025.3139019606,0.0,1205862.614281665,1254141.0190272161
 06/23  13:00:00,4293495.5983892195,220972.88082351914,1713003.0957324523,0.0,1190468.6234610481,1148066.3419428836
 06/23  14:00:00,4626430.632343732,243982.93498298814,1907395.848232666,0.0,1308489.2197524451,1145577.9729463165
 06/23  15:00:00,4801320.568624927,274469.9849366526,2153172.719618652,0.0,1190468.6234610481,1160316.8881402297
 06/23  16:00:00,5749308.405846136,312531.2164859603,2440606.421172668,0.0,1672813.669173714,1287110.8742722485
 06/23  17:00:00,6519619.856118659,337992.47797828156,2618450.6472479114,0.0,1462429.127958615,2028255.1534507605
 06/23  18:00:00,7998936.838544083,340060.13618040754,2606461.8235502057,0.0,1293095.228931828,3667750.240008264
 06/23  19:00:00,6276440.962035768,284012.99000695185,2151892.060653346,0.0,1488085.77932631,2237988.3697074363
 06/23  20:00:00,5725667.229148231,256757.04797605833,1903991.808523711,0.0,1444469.4720012285,1962110.1294078506
 06/23  21:00:00,4389750.666718801,217834.45061821747,1590791.6898534282,0.0,1277701.238111211,1116469.0763111305
 06/23  22:00:00,3828893.3778637005,183975.0299224545,1335526.8453201829,0.0,1077579.35744319,1069657.9818604323
 06/23  23:00:00,3007754.912576321,155616.2260580649,1125116.5644004268,0.0,590102.981456985,1024365.0743581506
 06/23  24:00:00,2529058.6406589937,128461.22894486452,925592.2348161866,0.0,376639.64207776263,1010611.5170248593
 06/24  01:00:00,2230496.8054402294,106269.88140820435,763335.230408685,0.0,251435.183403411,1021702.4924246077
 06/24  02:00:00,2067508.64953141,87323.55883759602,625336.7899608528,0.0,251435.183403411,1017566.7955732582
 06/24  03:00:00,1930418.501793636,71173.32909253456,508532.56881949,0.0,251435.183403411,1013431.0987219086
 06/24  04:00:00,1820030.8844383433,57989.07410161436,413557.20726743795,0.0,251435.183403411,1009295.4018705591
 06/24  05:00:00,1742915.6661357677,48660.26547970339,347678.4936258022,0.0,251435.183403411,1009295.4018705591
 06/24  06:00:00,1827543.9159468226,57758.048793470254,416845.2624594199,0.0,251435.183403411,1017566.7955732582
 06/24  07:00:00,3470321.426750373,92257.50235916802,677922.0230648309,0.0,826144.174039779,1795782.189686418
 06/24  08:00:00,3164294.924713697,104828.68048055144,790456.0405556038,0.0,1105801.6739476547,1094531.4723248535
 06/24  09:00:00,3881514.3892220994,140722.69013691694,1088667.419538558,0.0,1473974.6210740777,1120918.7773016847
 06/24  10:00:00,4125328.243109204,187780.62527427694,1486396.1836510396,0.0,1298226.559205367,1107140.1700418312
 06/24  11:00:00,4659327.178022165,249981.7474555513,2014977.2000710964,0.0,1241781.926196438,1122063.16767462
 06/24  12:00:00,5829035.479798298,333421.4651279658,2717386.085624143,0.0,1205862.614281665,1549472.9622961795
 06/24  13:00:00,14376857.778147945,397240.45683671057,3259517.4787173253,0.0,1190468.6234610481,9508646.562703546
 06/24  14:00:00,13188084.660172423,453324.9565965566,3740421.5337358085,0.0,1190468.6234610481,7782884.889949696
 06/24  15:00:00,6561153.418883225,449573.42165073653,3737902.133162865,0.0,1190468.6234610481,1160316.8881402297
 06/24  16:00:00,6801059.275658904,469749.4952557648,3894506.2275517224,0.0,1195599.953734587,1204957.3743752837
 06/24  17:00:00,8595328.536275817,513670.3910210341,4212116.542578629,0.0,1583015.3893867815,2214033.7638062825
 06/24  18:00:00,7591057.1187333595,463164.9688336739,3778660.756374431,0.0,1816490.9168328058,1441171.0668190706
 06/24  19:00:00,7510332.425939105,435701.68410076847,3487456.1719293236,0.0,2103845.4121509898,1368867.3954163017
 06/24  20:00:00,7732030.104198361,412940.0689587922,3224355.697552885,0.0,2637503.760599046,1298891.805848254
 06/24  21:00:00,6820275.921169324,359641.6875491141,2780488.001448011,0.0,2309098.62309255,1184093.3972548353
 06/24  22:00:00,5976384.356310343,322892.63963623816,2492486.6498508146,0.0,1903723.5314829692,1095127.372022881
 06/24  23:00:00,3886254.1959197777,267617.02978184674,2058144.5371623104,0.0,420769.082430198,1027169.4802427287
 06/24  24:00:00,3318820.6050412343,227635.85298448944,1726157.3615820557,0.0,251435.183403411,1025838.1892759572
 06/25  01:00:00,3019389.556292822,196715.02730894016,1461782.8353605424,0.0,251435.183403411,1021702.4924246077
 06/25  02:00:00,2768305.327453152,169794.1169135421,1241755.2137676198,0.0,251435.183403411,1017566.7955732582
 06/25  03:00:00,2570128.863907691,147532.72741105955,1069975.836575991,0.0,251435.183403411,1013431.0987219086
 06/25  04:00:00,2390215.3620702317,127763.9899054552,922959.1837362434,0.0,252076.5996876034,999661.5709456087
 06/25  05:00:00,2292126.457202479,103624.85842614135,749765.2230837534,0.0,389467.96776161005,978683.654486912
 06/25  06:00:00,2799364.341453132,123797.05877775687,903628.4920336888,0.0,687598.256654226,1017571.1726214556
 06/25  07:00:00,3686083.7411333844,149518.43081254282,1116786.2580510925,0.0,1261024.4147222093,1093892.9722205636
 06/25  08:00:00,2675911.8541750214,151772.57983063092,1179776.235525725,0.0,251435.183403411,1029973.8861273068
 06/25  09:00:00,5312068.267768417,227607.7749906298,1849269.107656036,0.0,659375.9401497615,2522399.955879185
 06/25  10:00:00,3890835.5886572525,270145.3468457854,2301447.556273467,0.0,251435.183403411,1025838.1892759572
 06/25  11:00:00,4306411.641287299,308121.0661755276,2692401.7618469736,0.0,251435.183403411,1025838.1892759572
 06/25  12:00:00,5439616.389438981,403544.17437220743,3486553.6897275895,0.0,370738.6122631928,1155887.5606076475
 06/25  13:00:00,5811037.534778012,417451.60929633403,3558938.051989222,0.0,723517.568568999,1090145.648494142
 06/25  14:00:00,6044047.080846275,447823.40909423324,3768036.1291598314,0.0,723517.568568999,1083685.317593895
 06/25  15:00:00,6697785.698450275,479786.1429168029,3977126.378561399,0.0,1073730.8597380358,1144249.9647656928
 06/25  16:00:00,6621055.5708957985,485440.7115623243,3975063.9479633337,0.0,959558.761151793,1164745.925476802
 06/25  17:00:00,7114945.519754295,485956.00950888323,3942185.2591248183,0.0,1219973.7725338973,1396245.7251426345
 06/25  18:00:00,6663300.237661485,436122.15242149786,3523516.4525532206,0.0,1293095.228931828,1317089.2978425317
 06/25  19:00:00,6688965.18378842,406226.826349045,3225330.9397861143,0.0,1642025.6875324799,1291381.4875839148
 06/25  20:00:00,9020070.410027964,397407.8971475274,3069705.3627444627,0.0,2637503.760599046,2741853.049985315
 06/25  21:00:00,6974076.293451499,344449.92987580015,2622285.5998420026,0.0,2309098.62309255,1497934.0565431323
 06/25  22:00:00,4826190.456052939,291691.10372120526,2214565.4809848135,0.0,1077579.3574431902,1068754.1743521183
 06/25  23:00:00,3560234.5607021116,250872.2678158793,1907768.3728967058,0.0,251435.183403411,1029973.8861273068
 06/25  24:00:00,3279724.812022065,222146.72227156284,1692550.6992758126,0.0,251435.183403411,1025838.1892759572
 06/26  01:00:00,3116511.321557451,204109.210612668,1551510.4173214436,0.0,251435.183403411,1021702.4924246077
 06/26  02:00:00,2952309.2246885234,186606.76529734736,1408946.4626191868,0.0,251435.183403411,1017566.7955732582
 06/26  03:00:00,2792352.2052097716,170204.12696802942,1269527.7783211013,0.0,251435.183403411,1013431.0987219086
 06/26  04:00:00,2636621.997892871,153999.01647759284,1134138.3783459873,0.0,251435.183403411,1009295.4018705591
 06/26  05:00:00,2491349.0009530825,139378.1831060109,1020655.4791290393,0.0,251435.183403411,1009295.4018705591
 06/26  06:00:00,3145586.7868311605,138374.83423737646,1015925.8574633638,0.0,906962.6258480182,1017554.1079163977
 06/26  07:00:00,4587830.780951364,152525.2361764881,1129788.7474148776,0.0,1405984.494949686,1834670.6370833358
 06/26  08:00:00,4151911.871335091,167511.53525962855,1260368.3495757268,0.0,1534267.751788161,1126810.2654236269
 06/26  09:00:00,3750414.092246242,177526.91186595132,1361551.1808144832,0.0,1067316.696896112,1090603.813576892
 06/26  10:00:00,4107908.790469692,236870.9172666683,1846736.8398101297,0.0,905679.7932796334,1076651.9272546284
 06/26  11:00:00,5086749.22651929,302802.397659121,2391486.2944036806,0.0,1241781.926196438,1122063.16767462
 06/26  12:00:00,5010631.124187743,341144.32046271506,2720724.058919524,0.0,728648.8988425379,1197221.493494622
 06/26  13:00:00,5059177.341384165,356405.41341650276,2868124.054475204,0.0,723517.568568999,1090145.648494142
 06/26  14:00:00,5089293.250516043,373108.69267772796,3018411.545191312,0.0,605496.972277602,1071291.3839400853
 06/26  15:00:00,5375067.443307919,372857.40774141275,3026946.2327895314,0.0,840255.3322920112,1112116.1180166192
 06/26  16:00:00,6104602.945438009,384773.41754313797,3104475.7049924643,0.0,723517.568568999,1855590.029591863
 06/26  17:00:00,6225908.237574354,396240.3653884958,3142051.945480194,0.0,1221256.605102282,1395774.5681593204
 06/26  18:00:00,5761216.27145873,347207.5315502213,2710347.107221744,0.0,1293095.228931828,1317089.2978425317
 06/26  19:00:00,7038866.131221769,347100.7289972798,2641535.115188293,0.0,2103845.4121509898,1822384.6323483414
 06/26  20:00:00,7339890.417432378,322923.3655582086,2400778.2061534123,0.0,2637503.760599046,1805084.745570098
 06/26  21:00:00,29431807.624863185,330014.961732344,2398947.0546813263,0.0,2309098.62309255,24193438.90125895
 06/26  22:00:00,11175344.763741566,266824.06619544857,1937982.1680336923,0.0,1077579.35744319,7719358.832517621
 06/26  23:00:00,3466349.675199843,209699.75511304286,1521997.0138128558,0.0,590102.981456985,1024365.0743581506
 06/26  24:00:00,3891385.315440347,179207.65570623745,1296121.0306973457,0.0,376639.64207776263,1951662.9691636804
 06/27  01:00:00,2465872.0129769044,133898.2358184175,968286.3168896729,0.0,261826.12720732746,1014107.315266166
 06/27  02:00:00,2338653.0917228744,119677.91749010967,862219.1774607751,0.0,251435.183403411,1017566.7955732582
 06/27  03:00:00,2171535.124618373,100061.31449476848,718853.5102029638,0.0,251435.183403411,1013431.0987219086
 06/27  04:00:00,1966481.7108192137,77765.24673569291,558216.690295746,0.0,252718.0159717957,990027.7400206582
 06/27  05:00:00,1868511.6196469923,65645.00842146589,471551.27250749414,0.0,251435.183403411,1009295.4018705591
 06/27  06:00:00,2433283.761587629,67258.39373738776,483761.88206541695,0.0,797921.8575353145,1017572.266883505
 06/27  07:00:00,2562022.6324587734,73570.81689341732,532719.3395257259,0.0,826144.174039779,1064726.6366728751
 06/27  08:00:00,2676722.0146484463,86377.27204723474,633365.6526213532,0.0,821012.84376624,1073012.2769256714
 06/27  09:00:00,2767261.294273769,99769.32666698811,748326.4483550682,0.0,795356.192398545,1070393.8377603637
 06/27  10:00:00,2584413.257574548,112825.47975983631,870321.7531347543,0.0,513133.0273539,1046163.6844674258
 06/27  11:00:00,4243288.664245769,156698.974053312,1229992.535525485,0.0,872326.14650163,1955655.567579912
 06/27  12:00:00,6971259.109704509,229374.66532143037,1809719.5827595387,0.0,728648.8988425379,4180623.6103126584
 06/27  13:00:00,11857480.069607422,241742.97754691116,1921485.0315043232,0.0,723517.568568999,8949749.835557872
 06/27  14:00:00,18927809.950109564,311120.0789182165,2469019.643273907,0.0,723517.568568999,15403168.002919124
 06/27  15:00:00,4250538.0489986725,267226.734705527,2140852.198613719,0.0,723517.568568999,1096049.1946420826
 06/27  16:00:00,4269688.670963567,265923.8857473048,2119466.515327397,0.0,723517.568568999,1124534.4765783204
 06/27  17:00:00,4568543.406195214,280127.3851929746,2202663.365860749,0.0,733780.229116077,1281387.6725813504
 06/27  18:00:00,4148558.8317191983,237551.04606790488,1849692.279568504,0.0,774830.871304389,1193007.5288659933
 06/27  19:00:00,4043012.5433391677,218974.40073336347,1670604.775977577,0.0,867194.8162280911,1162238.3078632695
 06/27  20:00:00,4817772.851589919,213984.17448963536,1588931.8942785393,0.0,1643308.5201008646,1197947.9231692662
 06/27  21:00:00,5413309.048447472,207657.32987921988,1512151.6141228525,0.0,2309098.62309255,1184093.3972548353
 06/27  22:00:00,3725558.2399423607,170159.79521150066,1234560.7658756254,0.0,1077579.35744319,1069657.9818604323
 06/27  23:00:00,2945167.4249898186,142867.1275334183,1036263.3252536262,0.0,590102.981456985,1055749.1402869802
 06/27  24:00:00,3129921.6430905787,115568.06662381114,837465.3540285574,0.0,282736.29807199887,1806397.9065708902
 06/28  01:00:00,2132310.153067439,93720.96401782004,677697.4954262791,0.0,251435.183403411,1021702.4924246077
 06/28  02:00:00,2009539.0068282012,79584.02482341851,573198.9852327929,0.0,251435.183403411,1017566.7955732582
 06/28  03:00:00,1889608.2223920645,65662.7984381089,471325.12403331534,0.0,251435.183403411,1013431.0987219086
 06/28  04:00:00,1773597.8955583624,52070.379397654906,373042.91309141635,0.0,251435.183403411,1009295.4018705591
 06/28  05:00:00,3272534.982881303,55560.74395315914,396692.53493938816,0.0,285943.37949296075,2463753.5710517326
 06/28  06:00:00,1685631.3410519576,42648.087802727576,307211.9129065559,0.0,251435.183403411,1017566.7955732582
 06/28  07:00:00,3391534.534229303,84876.36071918785,619870.1444569415,0.0,826144.174039779,1795782.189686418
 06/28  08:00:00,3506409.1806465965,110651.85286348462,826162.1866420599,0.0,1390590.5041290692,1116050.6677240357
 06/28  09:00:00,3190640.4668918294,130122.44461324287,995267.2628698263,0.0,931336.4446473285,1080498.8256686279
 06/28  10:00:00,3641391.543480423,200587.79357833968,1557514.3860801682,0.0,774830.871304389,1066489.1796588942
 06/28  11:00:00,4161930.100235723,260668.90918243403,2049520.852055876,0.0,749174.2199366939,1073950.6784752887
 06/28  12:00:00,12600557.24768631,375196.30354814325,2957137.606640039,0.0,728648.8988425379,8516682.086187245
 06/28  13:00:00,5173692.899268355,370265.16351251793,2968779.8622633805,0.0,723517.568568999,1090145.648494142
 06/28  14:00:00,5717956.928753574,415788.1719108559,3344868.7701028436,0.0,840255.3322920112,1096059.998018548
 06/28  15:00:00,6160723.942820908,448471.1823124974,3604184.2706338866,0.0,956993.0960150235,1128183.0413911561
 06/28  16:00:00,9056039.499190837,499247.37022646226,3978536.457799977,0.0,1195599.953734587,3346409.4926882656
 06/28  17:00:00,8801469.52148122,510129.87807466544,4036616.421923736,0.0,1221256.605102282,2962881.8629364753
 06/28  18:00:00,6608793.267859999,440830.89019153925,3464300.744981693,0.0,1293095.228931828,1317089.2978425317
 06/28  19:00:00,8312660.849693219,419083.1308840253,3213440.5128685734,0.0,1795965.5957386498,2760171.367665105
 06/28  20:00:00,7679900.816584136,383133.9859574614,2872930.265339466,0.0,2637503.760599046,1612732.4651365506
 06/28  21:00:00,6471921.593527443,331769.5134911959,2446651.9755908474,0.0,2309098.62309255,1184093.3972548353
 06/28  22:00:00,4538287.254482841,268863.07643043477,1949038.4029513285,0.0,1077579.35744319,1069206.0781062753
 06/28  23:00:00,3193666.166738278,210069.53359607654,1498737.9665815705,0.0,336102.13291680446,1028571.6831850179
 06/28  24:00:00,2738509.835946885,170393.77333875519,1203088.6721334406,0.0,251435.183403411,1025838.1892759572
 06/29  01:00:00,2441915.07082843,134810.09590139592,946213.2813036946,0.0,251435.183403411,1021702.4924246077
 06/29  02:00:00,2199833.909311317,105614.34523451998,737463.5673048067,0.0,251435.183403411,1017566.7955732582
 06/29  03:00:00,2006118.8827480213,81996.83444964775,571501.748377733,0.0,251435.183403411,1013431.0987219086
 06/29  04:00:00,1865829.677886468,64890.775678663056,452454.2991385139,0.0,251435.183403411,1009295.4018705591
 06/29  05:00:00,1729873.100597945,49981.709616949636,348576.052262963,0.0,251435.183403411,1009295.4018705591
 06/29  06:00:00,2181760.9983332967,51167.66242536889,358654.5452662414,0.0,687598.256654226,1017571.1726214556
 06/29  07:00:00,3208740.5014114203,78159.76731372488,556119.48975124,0.0,1405984.494949686,1103615.084069793
 06/29  08:00:00,3336939.0863205446,88297.15678674601,647662.7224639171,0.0,1390590.5041290692,1147434.7336528655
 06/29  09:00:00,5429241.588223938,154045.20366826758,1181757.4807122208,0.0,1067316.696896112,2972706.7178545343
 06/29  10:00:00,4447906.352723021,219986.71695223317,1766982.8930382626,0.0,774830.871304389,1644136.5585695037
 06/29  11:00:00,5185457.182896392,291440.34207415796,2409535.327172517,0.0,749174.2199366939,1706691.8531275934
 06/29  12:00:00,5700362.382650672,373046.2857098571,3127924.8107155873,0.0,490042.0411229744,1686456.8926339091
 06/29  13:00:00,28194610.535865024,494239.5245799435,4148187.6249745595,0.0,487476.37598620495,23043722.353895
 06/29  14:00:00,6424288.616827104,484795.3991072579,4111305.6751276376,0.0,723517.568568999,1083685.317593895
 06/29  15:00:00,7159754.031966402,501405.1914106007,4229567.800846786,0.0,840255.3322920112,1565633.354948659
 06/29  16:00:00,23233295.95530896,530091.7499143418,4394223.890777578,0.0,1195599.953734587,17077134.136140905
 06/29  17:00:00,13676920.822120197,534742.1090122419,4318737.318667857,0.0,1221256.605102282,7531600.03589375
 06/29  18:00:00,8556568.13291739,499085.8407681663,3891709.5534353713,0.0,1293095.228931828,2779200.4038696173
 06/29  19:00:00,5684447.446417958,407938.68721743766,3123075.392572293,0.0,867194.8162280911,1162238.3078632695
 06/29  20:00:00,6859786.552117377,376972.0242373564,2810866.569860312,0.0,2239825.664399774,1258521.9540683215
 06/29  21:00:00,7748304.450593485,355070.03605021245,2607651.5494629955,0.0,3335364.6778003504,1249910.1031819114
 06/29  22:00:00,5200396.7815823555,293725.5436926249,2160026.7769333804,0.0,1490651.4444630796,1082392.6769416565
 06/29  23:00:00,3534589.759595711,235150.1670873429,1731316.1793766327,0.0,420769.082430198,1027169.4802427287
 06/29  24:00:00,3085003.3439899553,205874.9403633356,1514101.0131519304,0.0,251435.183403411,1025838.1892759572
 06/30  01:00:00,2894844.0540211545,183680.02932381147,1350272.3310740034,0.0,251435.183403411,1021702.4924246077
 06/30  02:00:00,2755675.325389621,167253.27294700075,1233573.7517096591,0.0,251435.183403411,1017566.7955732582
 06/30  03:00:00,2684240.0711092176,159120.6595693831,1186126.8782915492,0.0,251435.183403411,1001711.0280885827
 06/30  04:00:00,2659826.5225611464,153604.00496761192,1157737.9145242434,0.0,251435.183403411,1009295.4018705591
 06/30  05:00:00,2648748.795215954,151932.60470347686,1150239.2834822156,0.0,251435.183403411,1009295.4018705591
 06/30  06:00:00,2706589.65998297,157699.9331026146,1195949.1221864233,0.0,251435.183403411,1017566.7955732582
 06/30  07:00:00,4284208.833474938,196866.5496589477,1499527.1671963339,0.0,1405984.494949686,1103615.084069793
 06/30  08:00:00,5219431.577453327,232035.43641804578,1794330.5303424106,0.0,1965299.4947654367,1159089.0585224002
 06/30  09:00:00,5569935.564075546,278282.6518076949,2205121.409955239,0.0,1878066.8801152739,1151233.7410264772
 06/30  10:00:00,6304981.051493345,360326.7161235699,2929456.2229019725,0.0,1821622.247106345,1147791.160424768
 06/30  11:00:00,7309320.294458051,418750.44224135764,3496755.846139896,0.0,1739520.962729721,1623769.9067226178
 06/30  12:00:00,8472545.026009422,509391.79511017946,4320321.774788158,0.0,1677944.999447253,1941994.1041954865
 06/30  13:00:00,23332572.781496122,526972.9294678647,4546761.051445245,0.0,1662551.0086266361,16575303.13552706
 06/30  14:00:00,13684395.57284341,534742.1090122419,4671765.070581768,0.0,723517.568568999,7733386.168251085
 06/30  15:00:00,7471314.9579122625,534742.1090122419,4691357.70941961,0.0,956993.0960150235,1265329.6909970432
 06/30  16:00:00,8724170.676325038,534742.1090122419,4683665.337013885,0.0,1077579.35744319,2391937.648114175
 06/30  17:00:00,18230085.413692556,534742.1090122419,4646712.085985262,0.0,1340560.033962064,11635578.735249903
 06/30  18:00:00,37620748.030104965,534742.1090122419,4591603.555828928,0.0,1816490.9168328058,30586342.038557615
 06/30  19:00:00,8590826.812433327,534742.1090122419,4468910.133512071,0.0,2103845.4121509898,1368867.3954163017
 06/30  20:00:00,8515319.290040389,534742.1090122419,4323890.79132067,0.0,2239825.664399774,1258521.9540683215
 06/30  21:00:00,9960619.986898327,534742.1090122419,4227254.747328797,0.0,2822231.6504464503,2189437.268286024
 06/30  22:00:00,7584203.9537930805,511698.5731815226,3978747.4926327877,0.0,1077579.35744319,1854024.36721814
 06/30  23:00:00,5004001.845207216,413618.36870017037,3196420.340673634,0.0,251435.183403411,1029973.8861273068
 06/30  24:00:00,4391078.848442804,348038.99550491065,2678649.1300651054,0.0,251435.183403411,1025838.1892759572
 07/01  01:00:00,4027146.348078918,306864.51967436617,2360026.8023831137,0.0,251435.183403411,1021702.4924246077
 07/01  02:00:00,3748550.913313758,275731.3469263222,2118594.0926563344,0.0,251435.183403411,1017566.7955732582
 07/01  03:00:00,3525146.049544464,250769.20141637477,1924287.0712483367,0.0,251435.183403411,1013431.0987219086
 07/01  04:00:00,3298619.3842691374,229994.44971762275,1759144.418607766,0.0,253487.7155128266,968875.4502375022
 07/01  05:00:00,3306625.7636988633,215543.25717116805,1641644.5495674114,0.0,387415.4356521945,976799.0265536569
 07/01  06:00:00,3627505.1738007898,213575.72470564218,1632446.3387108147,0.0,682466.926380687,1015686.5446882005
 07/01  07:00:00,4675641.171673421,241153.74829234753,1867758.7293127098,0.0,1390590.504129069,1098490.1169408113
 07/01  08:00:00,5656565.659642253,282404.7258374874,2224897.382527923,0.0,1929380.1828506638,1151704.5726226326
 07/01  09:00:00,5151218.611029411,296787.74394427106,2383812.0527361645,0.0,1308489.219752445,1105313.9314269081
 07/01  10:00:00,5316511.711048478,317568.15580103226,2579280.8047987577,0.0,1272569.907837672,1101640.3120753188
 07/01  11:00:00,5518416.011262201,345632.69876678835,2807985.425918135,0.0,1216125.274828743,1118370.924724736
 07/01  12:00:00,6246791.700350184,404992.415452154,3261444.890626046,0.0,1295660.8940685976,1261967.2349355377
 07/01  13:00:00,7810232.332969235,443083.6628384249,3545442.6322763106,0.0,1164811.972093353,2636061.6559322854
 07/01  14:00:00,8159308.208554525,463009.95636706473,3687269.4600727465,0.0,1164811.972093353,2823384.410192501
 07/01  15:00:00,7410401.80728351,486090.87091798766,3850977.128733687,0.0,1164811.972093353,1885795.5702706333
 07/01  16:00:00,6956341.501648093,496460.72814745136,3919032.311926132,0.0,1285398.2335215197,1219466.9747122284
 07/01  17:00:00,7820013.203642201,516805.80091254594,4060781.579310436,0.0,1667682.3389001752,1502776.977837523
 07/01  18:00:00,7625556.474740572,488675.48916604894,3833579.3795156754,0.0,1780571.604918033,1431824.940069421
 07/01  19:00:00,8685593.20155273,475341.3972757637,3691683.273610291,0.0,2073057.430509756,2331879.773817676
 07/01  20:00:00,8341092.032847928,431051.0738514688,3318004.8875625506,0.0,2410442.395994945,2024403.6740030104
 07/01  21:00:00,6073471.948033915,373228.10030458716,2861433.3010761617,0.0,1522722.2586726982,1130490.4549597038
 07/01  22:00:00,5376640.88833287,331346.2809821117,2532946.112441143,0.0,1277701.2381112112,1073669.5444844756
 07/01  23:00:00,4223351.561007874,289881.8692933213,2209148.7929324163,0.0,590102.981456985,1022480.4464248953
 07/01  24:00:00,3637129.2268032897,251517.69884331065,1913127.6465971929,0.0,376639.64207776263,1008726.8890916039
 07/02  01:00:00,3320275.5963103473,227729.44829329595,1732291.1219956127,0.0,251435.183403411,1021702.4924246077
 07/02  02:00:00,3197914.0045462735,213984.51981714612,1627810.1555590385,0.0,251435.183403411,1017566.7955732582
 07/02  03:00:00,3069649.4877737327,199948.29438500112,1517717.5610699921,0.0,251435.183403411,1013431.0987219086
 07/02  04:00:00,2950368.8952436307,186967.93739239828,1415553.0223838426,0.0,251435.183403411,1009295.4018705591
 07/02  05:00:00,2852631.318085298,177767.60508152482,1344060.4764872696,0.0,251435.183403411,1009295.4018705591
 07/02  06:00:00,2818757.8305185107,172850.82546459435,1310620.0857126885,0.0,251435.183403411,1017566.7955732582
 07/02  07:00:00,3498558.230154869,179637.16018610084,1370675.132537337,0.0,821012.84376624,1062842.00873962
 07/02  08:00:00,3180015.4657768817,176442.54803547615,1359432.237383674,0.0,531092.6833112865,1050550.7675598613
 07/02  09:00:00,3712486.3595494227,206844.12999296497,1604142.8658597749,0.0,779962.201577928,1068509.2098271083
 07/02  10:00:00,3940441.5718769133,235039.95751310507,1839695.3624966745,0.0,759436.880483772,1064604.5517256388
 07/02  11:00:00,4209019.845043972,265220.4892105317,2109545.24459052,0.0,733780.229116077,1072066.0505420333
 07/02  12:00:00,4956115.341446384,332044.1784547522,2692753.1241404954,0.0,713254.9080219211,1195336.8655613665
 07/02  13:00:00,5168739.330343831,360721.90829263383,2990723.4009964406,0.0,708123.5777483821,1088338.0334775136
 07/02  14:00:00,5943343.365728454,409339.6294256142,3427915.115795994,0.0,708123.5777483821,1377132.6329296029
 07/02  15:00:00,9998052.553492196,494918.8730745902,4122179.945355311,0.0,708123.5777483821,4650103.892046062
 07/02  16:00:00,15588654.626439633,533441.7790011775,4406118.776130374,0.0,713254.9080219211,9899855.9099454
 07/02  17:00:00,22912353.00788252,534742.1090122419,4382176.927280905,0.0,1195599.953734587,16729761.366612257
 07/02  18:00:00,9663339.562243775,534742.1090122419,4310341.096527732,0.0,1272569.907837672,3452887.5323557477
 07/02  19:00:00,11246817.02664318,532809.6897158499,4201733.855194347,0.0,1920400.3548719706,4468772.523326833
 07/02  20:00:00,11142727.866408806,499422.36553097854,3870732.3099582866,0.0,2214169.0130320783,4386063.332939611
 07/02  21:00:00,9546276.893088015,451032.0993960432,3469952.352309882,0.0,3050575.847618935,2375861.772669478
 07/02  22:00:00,6032613.065823641,354356.5085485984,2732246.1267337864,0.0,1688207.659994331,1085461.9255990721
 07/02  23:00:00,4041026.213502613,304242.18290362373,2336062.0684120664,0.0,251435.183403411,1029973.8861273068
 07/02  24:00:00,3681932.1465827953,268213.5724004748,2049327.8513095325,0.0,251435.183403411,1025838.1892759572
 07/03  01:00:00,3440261.6471363064,241638.63607107848,1838367.9850437888,0.0,251435.183403411,1021702.4924246077
 07/03  02:00:00,3242527.372516884,219775.87922511902,1666632.1641216758,0.0,251435.183403411,1017566.7955732582
 07/03  03:00:00,3064464.0764648765,199823.8932621476,1512656.5508839895,0.0,251435.183403411,1013431.0987219086
 07/03  04:00:00,3392731.2926238747,190418.0546699354,1439315.4850781516,0.0,253487.7155128266,1422392.6871695416
 07/03  05:00:00,9816143.679815602,198051.31331665555,1491868.9289853307,0.0,387415.4356521945,7668735.350618888
 07/03  06:00:00,3529830.8198036645,180788.92332642718,1370027.7389976818,0.0,897982.7978693249,1014746.4192456716
 07/03  07:00:00,4207782.902143398,191389.21062083988,1463373.889281264,0.0,1390590.5041290692,1098038.213186654
 07/03  08:00:00,4248356.101709776,194477.29616156782,1510842.5961858146,0.0,1370065.183034913,1110473.7968408966
 07/03  09:00:00,4226902.436756674,213599.61378548597,1687804.6544437679,0.0,1176357.4652088156,1096112.7510269582
 07/03  10:00:00,4444025.444109142,239475.49458956363,1926217.10687476,0.0,1144286.650999197,1092381.3719878988
 07/03  11:00:00,7331260.01105606,309551.2137494156,2517352.647855373,0.0,1216125.274828743,3259823.043037718
 07/03  12:00:00,7444066.7989899,368478.68063694023,3025281.4384415373,0.0,599082.8094356783,3428497.605207897
 07/03  13:00:00,4692371.745461633,348873.9473082255,2909391.4107315214,0.0,365607.2819896538,1047666.6956033706
 07/03  14:00:00,5479553.79072644,392694.4407934491,3276102.6726951078,0.0,708123.5777483821,1081800.6896606395
 07/03  15:00:00,6136927.469777579,435643.30294024915,3618541.6421739687,0.0,936467.7749208675,1123548.4844746448
 07/03  16:00:00,6601156.738445215,453510.4526414592,3742339.2266039588,0.0,1169943.302366892,1199380.5034921444
 07/03  17:00:00,7108067.131837332,486995.8137787242,3965201.015805305,0.0,1195599.953734587,1390197.6972761813
 07/03  18:00:00,10097375.324513981,498093.93426239793,3997471.386159204,0.0,1272569.907837672,4236441.179744326
 07/03  19:00:00,7575220.406145994,449145.88586831646,3549590.267931319,0.0,1462429.1279586148,1990954.5208535623
 07/03  20:00:00,7677843.348293567,414623.2198412987,3192887.2233479973,0.0,2606715.7789578117,1291276.281198606
 07/03  21:00:00,8050326.794519954,387094.80986623,2917428.875952042,0.0,3304576.696159116,1242371.5914488905
 07/03  22:00:00,6676306.354157355,339797.6468608648,2542052.1730546467,0.0,2513069.0014657252,1109046.6878282654
 07/03  23:00:00,3981571.541719353,275423.3809909182,2057045.4297781398,0.0,505436.0319435915,1024353.8063504982
 07/03  24:00:00,3360719.299604117,236660.35527754584,1759668.221453783,0.0,251435.183403411,1025838.1892759572
 07/04  01:00:00,3109677.8248222456,208077.1810710747,1541345.6177297323,0.0,251435.183403411,1021702.4924246077
 07/04  02:00:00,2910741.6322377194,185489.61629204123,1369132.686775589,0.0,251435.183403411,1017566.7955732582
 07/04  03:00:00,2752060.5065142736,167483.61517392175,1232593.2590216123,0.0,251435.183403411,1013431.0987219086
 07/04  04:00:00,2601230.730212718,151518.55717875523,1111456.0924474832,0.0,251948.3164307649,999190.4139622949
 07/04  05:00:00,2592758.8413729146,139132.26105059095,1019339.4668739385,0.0,387415.4356521945,976799.0265536569
 07/04  06:00:00,3208938.09519715,147157.52752276525,1082766.4101948296,0.0,897982.7978693249,1014746.4192456716
 07/04  07:00:00,3474305.0975601487,162323.5217270909,1212542.1721991613,0.0,963407.2588569473,1071641.0598513784
 07/04  08:00:00,4286153.052308403,200572.07509542583,1542544.7678505844,0.0,1370065.183034913,1110473.7968408966
 07/04  09:00:00,4987163.959638771,247914.06810320943,1988849.1106690883,0.0,1572752.7288397036,1124620.0997351222
 07/04  10:00:00,4813129.884776719,316807.70467343566,2630615.928236149,0.0,759436.880483772,1064604.5517256388
 07/04  11:00:00,5559790.034082581,393500.5215753566,3332035.401264304,0.0,733780.229116077,1072066.0505420333
 07/04  12:00:00,5876450.932058748,466573.92051784083,3993605.9798909905,0.0,251435.183403411,1142109.5829786563
 07/04  13:00:00,5880742.467614951,473179.96084320615,4101185.3305608155,0.0,251435.183403411,1034109.5829786563
 07/04  14:00:00,6296907.866372074,515706.8246968354,4474823.865464309,0.0,251435.183403411,1034109.5829786563
 07/04  15:00:00,6733756.7803980475,534742.1090122419,4635343.606632307,0.0,479779.3805758966,1061165.4189097527
 07/04  16:00:00,7759146.711713358,534742.1090122419,4623268.654696455,0.0,713254.9080219211,1851897.7866419796
 07/04  17:00:00,7540054.395862272,534742.1090122419,4609484.9440230485,0.0,959558.761151793,1366195.9304326547
 07/04  18:00:00,8844346.948554965,534742.1090122419,4574161.142782582,0.0,759436.880483772,2883207.8997659874
 07/04  19:00:00,7676808.389800098,534742.1090122419,4472917.3997311,0.0,1311054.8848892143,1234993.3926333617
 07/04  20:00:00,8625605.51843241,521244.47194270784,4250015.293254951,0.0,2410442.395994945,1271562.5122919537
 07/04  21:00:00,9179718.617474528,491563.6697686935,3942351.8390041515,0.0,3304576.696159116,1242371.5914488905
 07/04  22:00:00,7013753.461603404,431492.46383131295,3425101.1657319777,0.0,1893460.8709358908,1091358.1161563704
 07/04  23:00:00,4624721.56456455,354094.1312357782,2787111.881554059,0.0,336102.1329168045,1028100.526201704
 07/04  24:00:00,4054667.441139365,306442.3530943788,2383834.365172198,0.0,251435.183403411,1025838.1892759572
 07/05  01:00:00,3751934.563932433,274792.22840377374,2116887.30950722,0.0,251435.183403411,1021702.4924246077
 07/05  02:00:00,3513609.1600700263,249162.66708530794,1908327.1638146292,0.0,251435.183403411,1017566.7955732582
 07/05  03:00:00,3307607.101685591,227014.27498730848,1728609.1943795434,0.0,251435.183403411,1013431.0987219086
 07/05  04:00:00,3133909.2037113947,208591.34347215557,1577469.9247718495,0.0,251435.183403411,1009295.4018705591
 07/05  05:00:00,2981108.6669818675,193568.84294752582,1456736.587517838,0.0,251435.183403411,1009295.4018705591
 07/05  06:00:00,3182299.920710761,190874.8299871635,1441562.4253362608,0.0,466951.054892049,1016626.6701307293
 07/05  07:00:00,3128290.352784347,205481.53898908256,1581144.3561903248,0.0,251435.183403411,1025838.1892759572
 07/05  08:00:00,4141008.0020927503,244239.7433414078,1952393.1970531805,0.0,810750.1832191619,1071127.648992416
 07/05  09:00:00,7770612.620985389,339032.2301502209,2823297.169051187,0.0,1308489.219752445,3246766.0497398893
 07/05  10:00:00,8077588.356768452,435596.0331221696,3711508.0836734483,0.0,1272569.907837672,2616249.512477439
 07/05  11:00:00,6979117.10540197,478221.6592516764,4137991.415012005,0.0,1216125.274828743,1118370.924724736
 07/05  12:00:00,7258864.568807507,534742.1090122419,4662740.583346281,0.0,829992.6717449334,1208662.9394362008
 07/05  13:00:00,7065579.752974525,534742.1090122419,4713543.622907525,0.0,708123.5777483821,1088338.0334775136
 07/05  14:00:00,7228635.676797506,534742.1090122419,4757042.015290643,0.0,822295.6763346248,1093723.4663311352
 07/05  15:00:00,7139099.447780514,534742.1090122419,4781150.544059843,0.0,708123.5777483821,1092356.9516921986
 07/05  16:00:00,7331735.239783598,534742.1090122419,4793106.069728069,0.0,827427.0066081637,1140476.8010943634
 07/05  17:00:00,8421437.10264508,534742.1090122419,4792328.4420843385,0.0,1549661.742608778,1474632.1576971877
 07/05  18:00:00,7933680.339475332,534742.1090122419,4722133.992072269,0.0,1272569.907837672,1311435.414042766
 07/05  19:00:00,8282284.484866155,534742.1090122419,4547026.881290525,0.0,1767743.2792341856,1309671.6117950226
 07/05  20:00:00,8957924.299205482,534742.1090122419,4352849.2850889675,0.0,2606715.7789578117,1291276.281198606
 07/05  21:00:00,8426837.77663022,534742.1090122419,4226228.031070838,0.0,2288573.301998394,1178439.5134550694
 07/05  22:00:00,6443991.296198522,470116.4320683783,3661312.638085462,0.0,1072448.0271696511,1067773.3539271771
 07/05  23:00:00,4764669.659817957,377244.18611813104,2903909.921925112,0.0,336102.13291680446,1028100.526201704
 07/05  24:00:00,4169547.551249822,327394.94122967526,2477761.887147359,0.0,251435.183403411,1025838.1892759572
 07/06  01:00:00,3786442.5981846084,286680.17689175735,2139507.3952714126,0.0,251435.183403411,1021702.4924246077
 07/06  02:00:00,3489717.4330404717,254149.1463284279,1879448.9575419552,0.0,251435.183403411,1017566.7955732582
 07/06  03:00:00,3266860.1941796057,229226.99229926182,1685649.569561604,0.0,251435.183403411,1013431.0987219086
 07/06  04:00:00,3027668.766263509,201529.46677589207,1478291.3640202275,0.0,251435.183403411,1009295.4018705591
 07/06  05:00:00,2875529.4447436454,185158.65065246256,1359567.5575746791,0.0,251435.183403411,1009295.4018705591
 07/06  06:00:00,2889219.763604643,184213.197134341,1369719.6471290737,0.0,251435.183403411,1017566.7955732582
 07/06  07:00:00,3498367.5622728555,210847.9679943984,1611180.3308314418,0.0,536224.0135848256,1075724.1649366182
 07/06  08:00:00,6780431.151170239,267653.32315118785,2125712.5609074077,0.0,1509893.9329888506,2814674.104636208
 07/06  09:00:00,7012434.515074775,333268.9214764502,2750223.3841002383,0.0,1308489.219752445,2567425.0374539928
 07/06  10:00:00,5542577.527398661,375169.51532743167,3164159.563278199,0.0,887720.137322247,1073863.491813059
 07/06  11:00:00,5859226.475873062,426066.4059416315,3598905.9586885097,0.0,733780.229116077,1072066.0505420333
 07/06  12:00:00,6362835.885077339,473551.5947945041,3957966.251431698,0.0,713254.9080219211,1195336.8655613665
 07/06  13:00:00,5987039.562311484,448008.85968313756,3721736.68157359,0.0,708123.5777483821,1088338.0334775136
 07/06  14:00:00,5527129.23965842,442786.79627193836,3651870.3919188147,0.0,365607.28198965377,1046032.3596491523
 07/06  15:00:00,7855150.704302225,496207.08354031574,4048070.490151609,0.0,822295.6763346249,2465851.189007826
 07/06  16:00:00,7249454.254102252,519218.9188788205,4220715.640920954,0.0,1169943.302366892,1303593.1385948253
 07/06  17:00:00,7442751.632123283,526577.8129448892,4260303.516925091,0.0,1195599.953734587,1390197.6972761813
 07/06  18:00:00,7120323.367671526,491039.9365343913,3952479.192746315,0.0,1272569.907837672,1311435.414042766
 07/06  19:00:00,7251354.232005822,474340.2161955365,3754041.918862183,0.0,1615086.2035964003,1284785.289817521
 07/06  20:00:00,8130145.752207535,448489.1642860644,3468953.163020411,0.0,2214169.0130320783,1826193.5669211287
 07/06  21:00:00,6965086.231339674,405923.88704883767,3090595.2276805216,0.0,1267438.5775641329,2002273.717952507
 07/06  22:00:00,4586765.75841921,338816.8539519519,2570190.594181624,0.0,456688.394344971,1048729.070992811
 07/06  23:00:00,3935019.1372509524,296154.9520495022,2238142.223014527,0.0,251435.183403411,1029973.8861273068
 07/06  24:00:00,3611339.549773977,263977.7772499296,1982971.0496512598,0.0,251435.183403411,1025838.1892759572
 07/07  01:00:00,3342465.762105506,234261.33676230485,1747949.3993217624,0.0,251435.183403411,1021702.4924246077
 07/07  02:00:00,3172196.521789707,216366.15025652357,1601604.8978020814,0.0,251435.183403411,1017566.7955732582
 07/07  03:00:00,3003049.974709048,197876.70637535185,1455083.4914539438,0.0,251435.183403411,1013431.0987219086
 07/07  04:00:00,2817455.090524659,181438.1846344612,1326536.3899464493,0.0,253487.7155128266,968875.4502375022
 07/07  05:00:00,2850843.860014012,169080.8312966047,1232325.0717571236,0.0,387415.4356521945,976799.0265536569
 07/07  06:00:00,3211380.9045399153,172305.25785243968,1257592.5363031428,0.0,682466.926380687,1015686.5446882005
 07/07  07:00:00,3178761.818931194,181668.06263157766,1338881.570708519,0.0,536224.0135848256,1044340.0990077886
 07/07  08:00:00,3662965.9192044544,201870.07278558268,1511039.2184037473,0.0,810750.1832191619,1071127.648992416
 07/07  09:00:00,6391757.116747256,255357.08140393835,1948327.9075120992,0.0,912093.9561215572,3219162.5085400403
 07/07  10:00:00,5355473.881202586,305633.0941795239,2396793.176889376,0.0,759436.880483772,1848158.1991142163
 07/07  11:00:00,7076474.267010508,382149.12235729967,3071629.400183648,0.0,1698470.320541409,1893923.736904353
 07/07  12:00:00,6507612.874072681,440599.9358279864,3615439.549002173,0.0,1180205.96291397,1248641.1610607035
 07/07  13:00:00,6580849.693687841,454871.8631284762,3797766.9646607786,0.0,1164811.972093353,1142566.483976371
 07/07  14:00:00,7172174.949508166,503341.55834608874,4228054.241394659,0.0,1278984.0706795957,1140962.6692589615
 07/07  15:00:00,7898741.302558553,534742.1090122419,4497518.148744617,0.0,1626631.6967118632,1217123.0828219827
 07/07  16:00:00,7971499.694533013,534742.1090122419,4489284.916822128,0.0,1631763.026985402,1279726.3883724809
 07/07  17:00:00,8730441.779564384,534742.1090122419,4451364.055134684,0.0,1667682.3389001752,2004686.7698357631
 07/07  18:00:00,10014222.569553541,534742.1090122419,4378467.1431661565,0.0,1780571.604918033,3229536.651385715
 07/07  19:00:00,9198660.014575724,534742.1090122419,4230018.610473198,0.0,2073057.430509756,2247210.5382412835
 07/07  20:00:00,8371257.114143472,503787.77917397406,3812287.273377126,0.0,2606715.7789578117,1291276.281198606
 07/07  21:00:00,9113060.772404568,445579.6628732757,3265175.246867087,0.0,3304576.696159116,1912131.3334843249
 07/07  22:00:00,27877630.715198275,445907.40424436727,3193321.756286336,0.0,2513069.0014657252,21564354.840887923
 07/07  23:00:00,4665815.005102733,319245.9417421709,2290996.793310637,0.0,928770.7795105589,1015064.0196391104
 07/07  24:00:00,3732651.849053421,264673.0747831091,1886811.5884735468,0.0,502357.2337794681,991692.6018238773
 07/08  01:00:00,3162247.811942045,220432.5981872591,1564180.779508708,0.0,335075.86686209665,955441.2171905615
 07/08  02:00:00,2833674.718254384,189074.9433247841,1340176.6975154195,0.0,251435.183403411,967764.399256337
 07/08  03:00:00,2650091.6772431736,166240.00807472487,1180719.1877386277,0.0,251435.183403411,966473.8032719777
 07/08  04:00:00,2551132.2871133713,148501.58509092388,1054782.7665550576,0.0,251435.183403411,1009295.4018705591
 07/08  05:00:00,2441367.397689416,135019.0316986059,960394.2859624075,0.0,251435.183403411,1009295.4018705591
 07/08  06:00:00,3708084.11545897,146662.35212538313,1048883.099935712,0.0,682466.926380687,1746742.0977017432
 07/08  07:00:00,3243065.4698683387,154938.61655439646,1126623.927809599,0.0,821012.84376624,1062842.00873962
 07/08  08:00:00,3480381.0911941724,180211.11263038506,1350113.3505486625,0.0,810750.1832191619,1071127.648992416
 07/08  09:00:00,4728731.89437569,225289.53493346157,1749253.8676977812,0.0,1572752.7288397034,1124620.0997351222
 07/08  10:00:00,5547127.868055821,289618.30468303536,2291001.740477429,0.0,1780571.604918033,1140483.6874416273
 07/08  11:00:00,6671260.414936728,340949.2416257423,2707615.428841425,0.0,1698470.320541409,1893923.736904353
 07/08  12:00:00,6270881.351753935,369022.3449609865,2935161.5974325794,0.0,1642025.68753248,1301945.4565600406
 07/08  13:00:00,6067925.392806152,358038.6416867572,2865627.7101034424,0.0,1626631.6967118632,1196794.9344752284
 07/08  14:00:00,6315058.381297737,389317.3370284239,3108032.9799941513,0.0,1621500.3664383239,1175375.2880079777
 07/08  15:00:00,5656101.249073066,399170.1697113125,3174188.554698392,0.0,936467.7749208675,1123548.4844746448
 07/08  16:00:00,6921014.092040148,426278.2454700528,3358373.2343567545,0.0,1169943.302366892,1930436.056505687
 07/08  17:00:00,6435541.960903276,429394.6575711386,3348383.145639848,0.0,1195599.953734587,1390197.6972761813
 07/08  18:00:00,7821243.009589579,423849.4844168979,3260372.0361937634,0.0,1272569.907837672,2773546.520069851
 07/08  19:00:00,6093135.994437996,379245.9320186635,2877930.6402814547,0.0,1462429.1279586148,1259898.9678400196
 07/08  20:00:00,7883352.786492501,359027.3853242981,2674143.551047329,0.0,2017895.6300692116,2675096.2186157107
 07/08  21:00:00,7325749.005240718,341160.64988031954,2509694.5351672526,0.0,2796574.999078755,1492720.9880936262
 07/08  22:00:00,5608817.948389801,295512.41285089916,2167508.8361327127,0.0,1893460.8709358908,1091358.1161563704
 07/08  23:00:00,3786865.2809152724,247693.7953313955,1814850.5868017403,0.0,590102.981456985,1022480.4464248953
 07/08  24:00:00,3175608.6214126917,214581.79559552425,1569612.8133218796,0.0,282736.29807199887,1021560.3642298689
 07/09  01:00:00,2952784.320768844,191876.1823553262,1400653.112392079,0.0,251435.183403411,1021702.4924246077
 07/09  02:00:00,2797467.583254624,174188.81054913852,1267159.4435353966,0.0,251435.183403411,1017566.7955732582
 07/09  03:00:00,2657689.1239696722,158347.9672734345,1147357.5243774985,0.0,251435.183403411,1013431.0987219086
 07/09  04:00:00,2533590.363781883,144282.99135110644,1041459.436963387,0.0,251435.183403411,1009295.4018705591
 07/09  05:00:00,2422549.415227664,133193.73093824726,958552.4477729131,0.0,251435.183403411,1009295.4018705591
 07/09  06:00:00,2827686.156454878,129668.94441413943,933578.8006072923,0.0,682466.926380687,1015686.5446882005
 07/09  07:00:00,3226919.945811866,136972.89071743534,990959.5552146905,0.0,963407.2588569473,1071189.1560972212
 07/09  08:00:00,3722443.462937236,159951.11425631488,1169121.4262345852,0.0,1230236.4330809752,1100637.2598787765
 07/09  09:00:00,3297426.8829369824,165182.86961567285,1230744.6496246262,0.0,779962.201577928,1068509.2098271083
 07/09  10:00:00,5335963.12292956,233827.30179268366,1774318.4632426568,0.0,759436.880483772,2526715.657752724
 07/09  11:00:00,4056747.665694757,268140.5774597759,2086476.9505075887,0.0,613193.9676879104,1060528.338454671
 07/09  12:00:00,4835260.645732441,326099.343891278,2577843.2629900267,0.0,713254.9080219211,1195336.8655613665
 07/09  13:00:00,5438338.9571312815,361355.0197698446,2876502.282673808,0.0,1050639.8735071104,1129009.3713516565
 07/09  14:00:00,5253348.270061104,385486.2231933534,3057105.369629867,0.0,708123.5777483821,1081800.6896606395
 07/09  15:00:00,5760199.74183156,412616.02027383086,3229044.9835803355,0.0,708123.5777483821,1387688.894961162
 07/09  16:00:00,15216664.943332307,472538.8281326591,3624593.3662590473,0.0,1169943.302366892,9913606.193232948
 07/09  17:00:00,20987350.071847513,497295.4924571478,3778198.923200185,0.0,1313620.550025984,15328162.454921667
 07/09  18:00:00,5833743.847974297,403672.8301579509,3070893.357165804,0.0,1016003.3941607219,1250375.349979438
 07/09  19:00:00,12949358.121087018,392988.8579070609,2905355.3540772777,0.0,1462429.1279586148,8065484.177609885
 07/09  20:00:00,5990274.650792209,341197.25698900694,2442693.0961770085,0.0,1821622.247106345,1212421.2055719967
 07/09  21:00:00,4838458.353095805,281316.45627239154,1976341.0627043557,0.0,1267438.5775641329,1114507.4354612487
 07/09  22:00:00,3976597.9602755997,234658.51484957425,1640978.5246343599,0.0,867194.816228091,1061425.2596157216
 07/09  23:00:00,2877850.068493629,184216.18487416324,1292911.9214325421,0.0,251435.183403411,1029973.8861273068
 07/09  24:00:00,2638509.4717562636,158624.19054563675,1115494.5583378386,0.0,251435.183403411,1025838.1892759572
 07/10  01:00:00,2425108.9161315793,132685.08429237473,932168.805817766,0.0,251435.183403411,1021702.4924246077
 07/10  02:00:00,2222547.8994835913,108440.93313527961,757987.6371782231,0.0,251435.183403411,1017566.7955732582
 07/10  03:00:00,2035880.4842915905,86035.34444434753,597861.5075285035,0.0,251435.183403411,1013431.0987219086
 07/10  04:00:00,1928998.3665004144,73383.529424534,507766.90160849056,0.0,251435.183403411,1009295.4018705591
 07/10  05:00:00,1874765.6649382964,62136.168300548554,430084.3216553037,0.0,319425.30952780275,993047.2142121079
 07/10  06:00:00,2356573.566362498,74132.18965804,518002.9652710116,0.0,682466.926380687,1015686.5446882005
 07/10  07:00:00,5835405.761065742,137272.4783311666,976526.9495582086,0.0,678618.4286755328,3978596.819575264
 07/10  08:00:00,3720981.128637534,139895.67228006836,1038049.2469950727,0.0,1370065.183034913,1110473.7968408966
 07/10  09:00:00,3317199.6033986425,160475.76635122992,1255224.4733507296,0.0,779962.201577928,1068509.2098271083
 07/10  10:00:00,4123599.8501947587,249213.79438655195,2008679.803941073,0.0,759436.880483772,1064604.5517256388
 07/10  11:00:00,4712965.0002963,313076.0265163938,2565634.8625369854,0.0,733780.229116077,1072066.0505420333
 07/10  12:00:00,5535013.409396259,388994.5716214892,3214700.7989236335,0.0,713254.9080219211,1195336.8655613665
 07/10  13:00:00,7168342.8377649635,428035.43123560696,3565114.9145501954,0.0,708123.5777483821,2446236.504401918
 07/10  14:00:00,7872830.397254589,480856.2552853903,4014110.169954161,0.0,708123.5777483821,2648907.9844377935
 07/10  15:00:00,6371566.078879155,485599.0691426355,4062760.2150280895,0.0,708123.5777483821,1092356.9516921986
 07/10  16:00:00,7104738.479383523,519614.29070478515,4313623.795531111,0.0,1055771.2037806492,1179745.9360262174
 07/10  17:00:00,8932459.80550367,533297.99443716,4385393.037888804,0.0,1195599.953734587,2748096.168200586
 07/10  18:00:00,8130538.778605905,506319.5879401732,4111598.2766055167,0.0,1272569.907837672,2147252.0897121616
 07/10  19:00:00,7758681.681770281,474319.61992103327,3728759.7720552855,0.0,2073057.430509756,1359444.2557500254
 07/10  20:00:00,7067408.481599112,426467.37732312793,3218569.654780271,0.0,2017895.6300692116,1232134.9744786492
 07/10  21:00:00,5616318.350812176,363265.99397474097,2672251.522718378,0.0,1267438.5775641329,1114507.4354612487
 07/10  22:00:00,4878296.724195178,311314.26471199235,2254420.2334385044,0.0,1072448.0271696511,1067773.3539271771
 07/10  23:00:00,3496345.679250247,256868.06638418342,1838755.6506791401,0.0,251435.183403411,1029973.8861273068
 07/10  24:00:00,3120357.9465713976,217232.57096270224,1538734.6527359071,0.0,251435.183403411,1025838.1892759572
 07/11  01:00:00,2860502.7989992667,186921.11450627737,1313326.6584715508,0.0,251435.183403411,1021702.4924246077
 07/11  02:00:00,2632913.322442994,159872.36022087335,1116921.6330520317,0.0,251435.183403411,1017566.7955732582
 07/11  03:00:00,2442793.594902971,137078.00439192422,953731.9581923073,0.0,251435.183403411,1013431.0987219086
 07/11  04:00:00,2282582.144569488,117740.60439581152,816993.6047062863,0.0,251435.183403411,1009295.4018705591
 07/11  05:00:00,2320937.4475708986,105309.26465928499,730464.432047289,0.0,455405.56177658617,959685.5378452048
 07/11  06:00:00,3111712.7035013246,114469.71224986337,803653.0877257967,0.0,1113498.669357963,1013806.2938031427
 07/11  07:00:00,3360347.5617710887,134711.4663357595,975003.2255989659,0.0,1105801.6739476547,1080440.110963137
 07/11  08:00:00,3275726.601820073,155453.4766440275,1175898.0634778833,0.0,810750.1832191619,1071127.648992416
 07/11  09:00:00,3680081.928369472,198933.83679870766,1579648.7278740804,0.0,779962.201577928,1068509.2098271083
 07/11  10:00:00,4456325.457342766,282151.47123039427,2308467.734245238,0.0,759436.880483772,1064604.5517256388
 07/11  11:00:00,5187512.435203244,345319.7126739531,2875776.1313125277,0.0,854366.4905442435,1083642.269087709
 07/11  12:00:00,7549502.780932286,442884.05696193536,3713189.5790921287,0.0,713254.9080219211,2657447.9715884514
 07/11  13:00:00,6020520.576036006,441607.85746329685,3761618.6975179515,0.0,708123.5777483821,1088338.0334775136
 07/11  14:00:00,6383969.119412884,479189.7617230135,4094022.6804519873,0.0,708123.5777483821,1081800.6896606395
 07/11  15:00:00,6636044.948696628,505773.0811478737,4307065.0728403255,0.0,708123.5777483821,1092356.9516921986
 07/11  16:00:00,6884375.092929639,531660.3527895012,4482634.345149019,0.0,713254.9080219211,1120842.2336284367
 07/11  17:00:00,7020615.730930731,530111.7665863344,4417487.712801396,0.0,723517.568568999,1279426.0317314686
 07/11  18:00:00,6810388.68628089,482405.2668268307,3968805.7588035176,0.0,1016003.3941607219,1250375.349979438
 07/11  19:00:00,8041338.004813166,477775.16396380134,3788702.5227501495,0.0,1767743.2792341856,1884016.4353308498
 07/11  20:00:00,10541619.518767478,481650.49005297536,3638975.1814445015,0.0,2606715.7789578117,3641937.2233643383
 07/11  21:00:00,8136597.328268779,405133.55403075117,2985660.6655363464,0.0,3304576.696159116,1242371.5914488905
 07/11  22:00:00,4833365.823430687,328428.3162098101,2403976.586429212,0.0,867194.816228091,1061425.2596157216
 07/11  23:00:00,3686298.8833763776,275193.66004343063,2010383.2611460243,0.0,251435.183403411,1029973.8861273068
 07/11  24:00:00,3381121.2213542107,243020.46790048238,1773710.0305809402,0.0,251435.183403411,1025838.1892759572
 07/12  01:00:00,3157954.551612296,216888.01668390603,1580811.5089069514,0.0,251435.183403411,1021702.4924246077
 07/12  02:00:00,2968253.386489491,195273.9818793278,1416860.0754400748,0.0,251435.183403411,1017566.7955732582
 07/12  03:00:00,2806326.2904389724,177054.30503675083,1277288.353083482,0.0,251435.183403411,1013431.0987219086
 07/12  04:00:00,2668424.853585078,161719.03248857174,1158857.8856291166,0.0,251435.183403411,1009295.4018705591
 07/12  05:00:00,2611245.105102083,147769.83940726207,1055491.7720044074,0.0,353420.3725899986,984490.4698578819
 07/12  06:00:00,2915541.932232344,140450.98255559162,1010652.5382433065,0.0,682466.926380687,1015686.5446882005
 07/12  07:00:00,4611448.881277382,177297.69797334808,1301269.2942516622,0.0,1248196.089038362,1820294.7150884382
 07/12  08:00:00,3207933.3977796976,180047.02559048246,1383745.6918314835,0.0,531092.6833112865,1050550.7675598615
 07/12  09:00:00,3344194.500137393,220948.48036952148,1788808.9979455066,0.0,251435.183403411,1029973.8861273068
 07/12  10:00:00,4474767.5422930615,307585.4698599251,2574859.8503310243,0.0,505436.03194359154,1045221.3705007981
 07/12  11:00:00,5498645.91420601,384345.59782993793,3280046.2051331513,0.0,733780.229116077,1072066.0505420333
 07/12  12:00:00,6398054.857707433,464197.5554759136,4002539.263380384,0.0,713254.9080219211,1195336.8655613665
 07/12  13:00:00,6608499.136864133,493926.9738171139,4297278.141992263,0.0,708123.5777483821,1088338.0334775136
 07/12  14:00:00,6373047.33997909,520327.1162809311,4546343.047487229,0.0,251435.183403411,1034109.5829786563
 07/12  15:00:00,6508064.593675194,534066.823882119,4669862.4349945085,0.0,251435.183403411,1029973.8861273068
 07/12  16:00:00,7463039.849788137,534742.1090122419,4656797.3476282675,0.0,1055771.2037806492,1179745.9360262174
 07/12  17:00:00,7797983.64318668,534742.1090122419,4607371.231921135,0.0,1195599.953734587,1390197.6972761813
 07/12  18:00:00,7738222.789836448,534742.1090122419,4526676.442433387,0.0,1272569.907837672,1311435.414042766
 07/12  19:00:00,7919025.51342603,534742.1090122419,4361311.307465687,0.0,1615086.2035964003,1284785.289817521
 07/12  20:00:00,8717491.17627905,512304.0135688947,3997707.607999999,0.0,2606715.7789578117,1428422.930804493
 07/12  21:00:00,7919416.27784412,452155.42333078705,3444069.9898003843,0.0,2287290.4694300094,1537045.5741892634
 07/12  22:00:00,27299554.56245451,475523.5962480009,3549954.986014084,0.0,1072448.0271696511,22029287.10807493
 07/12  23:00:00,4246756.725338034,333741.20097670844,2512293.5621744026,0.0,251435.183403411,1029973.8861273068
 07/12  24:00:00,3843396.5923187784,292219.0296935751,2186786.839752415,0.0,251435.183403411,1025838.1892759572
 07/13  01:00:00,3555555.2885649195,260382.30186957252,1934917.9606739082,0.0,251435.183403411,1021702.4924246077
 07/13  02:00:00,3326567.412072395,234807.97276223268,1735640.1101400736,0.0,251435.183403411,1017566.7955732582
 07/13  03:00:00,3156871.20722618,215513.29279547522,1589374.2821119656,0.0,251435.183403411,1013431.0987219086
 07/13  04:00:00,3018007.2157781385,199831.51223988313,1470327.768070866,0.0,251435.183403411,1009295.4018705591
 07/13  05:00:00,2889039.2582376064,186781.1418092014,1371454.879911901,0.0,251435.183403411,1009295.4018705591
 07/13  06:00:00,3106973.7997113043,185932.90876075457,1371178.2255632128,0.0,466951.054892049,1016626.6701307293
 07/13  07:00:00,3743924.383186955,210571.95536551104,1585106.4903900127,0.0,821012.84376624,1062842.00873962
 07/13  08:00:00,4023828.0614422276,236965.39497574331,1842487.604768322,0.0,810750.1832191619,1071127.648992416
 07/13  09:00:00,5017779.370867298,282965.532150594,2267982.735245704,0.0,1308489.219752445,1105313.9314269081
 07/13  10:00:00,5746170.397613462,361399.21713362547,2968896.1409091232,0.0,1272569.907837672,1101640.3120753188
 07/13  11:00:00,6237238.797243487,425601.4384345672,3580895.8076444725,0.0,1095539.0134005763,1106794.7061790603
 07/13  12:00:00,7032861.3581978725,506042.92244609544,4335372.721704947,0.0,946730.4354679456,1221989.013311035
 07/13  13:00:00,7388097.599770278,520232.5214415984,4539654.212430093,0.0,1164811.972093353,1142566.483976371
 07/13  14:00:00,8136826.090905387,534742.1090122419,4712602.980092481,0.0,1164811.972093353,1703836.61987845
 07/13  15:00:00,9433268.159196856,534742.1090122419,4724658.313310452,0.0,708123.5777483821,3443017.8938579313
 07/13  16:00:00,8232174.612513728,534742.1090122419,4694876.5573403165,0.0,1055771.2037806492,1910801.4890397603
 07/13  17:00:00,7812127.479836794,534742.1090122419,4621515.068571249,0.0,1195599.953734587,1390197.6972761813
 07/13  18:00:00,7709466.808207579,534742.1090122419,4497920.460804517,0.0,1272569.907837672,1311435.414042766
 07/13  19:00:00,7864251.596221491,534742.1090122419,4306537.390261147,0.0,1615086.2035964003,1284785.289817521
 07/13  20:00:00,8676322.88274534,532452.7009813893,4073537.2766596805,0.0,2606715.7789578117,1291276.281198606
 07/13  21:00:00,8824971.97128519,485731.7101085414,3593437.1524749664,0.0,3304576.696159116,1242371.5914488905
 07/13  22:00:00,6290589.134823499,401833.73164233007,2941462.140071529,0.0,1689490.492562716,1085461.9255990721
 07/13  23:00:00,4513265.2513726,335532.75079926196,2445836.180035251,0.0,590102.981456985,1022480.4464248953
 07/13  24:00:00,3845574.678402881,286973.4612606775,2086117.3357794175,0.0,376639.64207776263,1008726.8890916039
 07/14  01:00:00,3446575.7703073584,252228.03192244412,1834092.712363476,0.0,251435.183403411,1021702.4924246077
 07/14  02:00:00,3231135.368138439,226420.36145063766,1650489.5329566998,0.0,251435.183403411,1017566.7955732582
 07/14  03:00:00,3074254.7695065,207584.3103319226,1516580.6822948253,0.0,251435.183403411,1013431.0987219086
 07/14  04:00:00,2944185.71533211,192046.69721499254,1404291.0826497274,0.0,251435.183403411,1009295.4018705591
 07/14  05:00:00,2842833.839208455,180114.11641797883,1316765.6427620733,0.0,251435.183403411,1009295.4018705591
 07/14  06:00:00,2853962.3071427345,179950.34924767492,1321680.3396029454,0.0,251435.183403411,1017566.7955732582
 07/14  07:00:00,3015641.899166686,196330.96948688492,1464389.48400195,0.0,251435.183403411,1025838.1892759572
 07/14  08:00:00,5891440.62540849,246151.53462384312,1888338.1310969447,0.0,1230236.4330809752,2458535.730803181
 07/14  09:00:00,5164633.518332068,284279.7094346972,2274138.2935168855,0.0,1308489.219752445,1240910.6324584186
 07/14  10:00:00,8246132.804851196,388443.5118404521,3197288.856265508,0.0,1780571.604918033,2834376.301291505
 07/14  11:00:00,7158699.784170905,453143.8295267461,3813915.7631881423,0.0,1698470.320541409,1162868.1838908102
 07/14  12:00:00,7999635.411300348,527534.1206880243,4505403.8812519545,0.0,1642025.68753248,1301945.4565600406
 07/14  13:00:00,7000929.8888438195,534715.8705806901,4648919.997208373,0.0,708123.577748382,1088338.0334775136
 07/14  14:00:00,6671254.38263085,534742.1090122419,4704040.22215094,0.0,365607.2819896538,1046032.359649152
 07/14  15:00:00,7251632.459373923,534742.1090122419,4728119.477361754,0.0,593951.4791621394,1372093.128569939
 07/14  16:00:00,7651850.543329663,534742.1090122419,4719796.455547269,0.0,713254.9080219211,1648073.8174074697
 07/14  17:00:00,21098326.34779495,534742.1090122419,4683066.82939825,0.0,723517.568568999,15085033.334133938
 07/14  18:00:00,8384615.542679514,534742.1090122419,4604049.193366382,0.0,1270004.2427009025,1884914.9365285924
 07/14  19:00:00,9405267.906934014,534742.1090122419,4436626.50283149,0.0,2073057.430509756,2247210.5382412835
 07/14  20:00:00,8823879.662209531,534742.1090122419,4233955.491604918,0.0,2606715.7789578117,1291276.281198606
 07/14  21:00:00,8231032.685010759,528788.1475746987,4049633.8889618325,0.0,2288573.301998394,1178439.5134550694
 07/14  22:00:00,6141937.520812679,447615.18637411157,3393575.1447819686,0.0,1072448.0271696511,1067321.4501730201
 07/14  23:00:00,4581734.023434556,373351.28868443164,2815236.1943191504,0.0,251435.183403411,1029973.8861273068
 07/14  24:00:00,4101833.192227845,322624.8283084324,2414817.6410466246,0.0,251435.183403411,1025838.1892759572
 07/15  01:00:00,3757892.8324297313,284777.7703823428,2112860.0360259498,0.0,251435.183403411,1021702.4924246077
 07/15  02:00:00,3496969.06687811,256167.60269192545,1886575.990455083,0.0,251435.183403411,1017566.7955732582
 07/15  03:00:00,3283564.8285819218,232702.00428539555,1700773.047416774,0.0,251435.183403411,1013431.0987219086
 07/15  04:00:00,3099076.562781544,212281.19284305588,1538947.434471098,0.0,251435.183403411,1009295.4018705591
 07/15  05:00:00,2950051.4300791607,195470.6308746781,1408626.7191760803,0.0,251435.183403411,1009295.4018705591
 07/15  06:00:00,3795695.5679115793,192083.05321971368,1392977.9122153153,0.0,1113498.669357963,1013806.2938031427
 07/15  07:00:00,3978442.289936486,204097.96912769607,1510454.4628995156,0.0,1105801.6739476547,1080440.110963137
 07/15  08:00:00,3860929.7191029945,222731.62599262263,1688141.4650952476,0.0,810750.1832191619,1071127.648992416
 07/15  09:00:00,4150993.46361512,255296.03036159655,1990410.3586788652,0.0,779962.201577928,1068509.2098271083
 07/15  10:00:00,5249981.027906109,309530.35594893375,2496611.8856762396,0.0,759436.880483772,1638949.375261466
 07/15  11:00:00,6376005.607267496,365897.519309914,3021868.878836731,0.0,974952.7519724099,1982984.7701246426
 07/15  12:00:00,6245877.750189604,408353.71043881326,3385950.6505082697,0.0,1180205.96291397,1248641.1610607035
 07/15  13:00:00,6163134.102528634,413745.8726387057,3421177.3639913425,0.0,1164811.972093353,1142566.483976371
 07/15  14:00:00,6103303.075230917,410038.81202103896,3378128.0849450408,0.0,1164811.972093353,1129491.7963426227
 07/15  15:00:00,5963999.3603299,406344.90372504276,3345144.066964031,0.0,1050639.8735071104,1139144.2508658678
 07/15  16:00:00,8211535.803982194,452121.69721872633,3695618.5651785485,0.0,713254.9080219211,3314557.3802222367
 07/15  17:00:00,7611818.585414673,465144.777460583,3767947.5065400843,0.0,1313620.550025984,1993139.2447065013
 07/15  18:00:00,7431229.54183677,441072.6673707863,3530144.5389294205,0.0,1780571.604918033,1588535.6695471366
 07/15  19:00:00,7301121.656284373,423538.13318723073,3300066.444569288,0.0,2073057.430509756,1390828.321678855
 07/15  20:00:00,9157089.03651811,398365.1528197115,3009649.208256149,0.0,2606715.7789578117,2985168.895048484
 07/15  21:00:00,6663439.088680454,357852.1769931424,2652976.2632130836,0.0,2288573.301998394,1178439.5134550694
 07/15  22:00:00,5823619.911640635,320274.84969858103,2357548.362535865,0.0,1893460.8709358908,1091358.1161563704
 07/15  23:00:00,4014649.296585463,264060.75399257685,1943454.8009938025,0.0,674769.9309703785,1020626.3397284491
 07/15  24:00:00,3365007.5296743466,236590.21855188196,1737003.2986271768,0.0,282736.29807199887,1021560.3642298689
 07/16  01:00:00,3148792.8660601643,215094.6808179298,1573443.159220796,0.0,251435.183403411,1021702.4924246077
 07/16  02:00:00,2982567.989549448,196359.14015374548,1430089.5202256131,0.0,251435.183403411,1017566.7955732582
 07/16  03:00:00,2840031.400805372,180344.52753703445,1307703.2409495986,0.0,251435.183403411,1013431.0987219086
 07/16  04:00:00,2720896.3486545593,167052.7802511219,1205995.6329360476,0.0,251435.183403411,1009295.4018705591
 07/16  05:00:00,2607803.9697853895,149286.5373629725,1075972.257439973,0.0,319425.30952780275,993047.2142121079
 07/16  06:00:00,2768245.0353205926,147202.67557179724,1071179.6943614583,0.0,466951.054892049,1016626.6701307293
 07/16  07:00:00,3414415.3687698124,173731.63204598572,1292437.799292395,0.0,821012.84376624,1062842.00873962
 07/16  08:00:00,4344617.910647118,208132.03655824083,1593449.664726484,0.0,1370065.183034913,1110473.7968408966
 07/16  09:00:00,3981404.8159146314,233710.94975093583,1846194.5024670125,0.0,779962.201577928,1068509.2098271083
 07/16  10:00:00,4691974.876492521,310847.6905084745,2515420.9341169125,0.0,759436.880483772,1064604.5517256388
 07/16  11:00:00,5384135.476400044,383295.73866791296,3166585.62648921,0.0,733780.229116077,1072066.0505420333
 07/16  12:00:00,7287931.068923423,487030.9250315275,4061663.5112300045,0.0,1409832.9926548402,1306677.3747392017
 07/16  13:00:00,8989677.643280594,513544.1447729225,4325017.974979866,0.0,1280266.9032479806,2850016.210450963
 07/16  14:00:00,7359702.140934147,534449.5131012608,4510116.449568049,0.0,1164811.972093353,1129491.7963426227
 07/16  15:00:00,7400073.421286464,534742.1090122419,4523053.05765593,0.0,1164811.972093353,1154740.017257091
 07/16  16:00:00,6906135.757029833,534742.1090122419,4501313.253026473,0.0,713254.9080219211,1120842.2336284367
 07/16  17:00:00,7182792.856042586,534742.1090122419,4429320.982809767,0.0,841538.164860396,1307118.9481176469
 07/16  18:00:00,7516196.273851875,534742.1090122419,4304649.926448814,0.0,1272569.907837672,1311435.414042766
 07/16  19:00:00,6358631.326491938,480204.0241244318,3738117.8761389256,0.0,856932.155681013,1160276.6670133877
 07/16  20:00:00,5845660.55926173,409648.07312827744,3093499.7830687077,0.0,1036528.715254878,1133643.1428620135
 07/16  21:00:00,7450921.1963781975,386430.0635864067,2858655.76016738,0.0,2796574.9990787553,1210405.5524519798
 07/16  22:00:00,6735710.341773917,352521.04337884707,2588732.7641532267,0.0,2513069.0014657252,1109046.6878282654
 07/16  23:00:00,3781746.254869204,285166.70390104805,2095857.5887812325,0.0,251435.183403411,1029973.8861273068
 07/16  24:00:00,3462672.060407616,251908.26674025567,1846373.0707945721,0.0,251435.183403411,1025838.1892759572
 07/17  01:00:00,3246333.8602392445,227179.29366130143,1658899.5405565042,0.0,251435.183403411,1021702.4924246077
 07/17  02:00:00,3076467.241412066,207596.69882961252,1512751.2134123645,0.0,251435.183403411,1017566.7955732582
 07/17  03:00:00,2946782.004422688,192474.74406824523,1402323.6280357037,0.0,251435.183403411,1013431.0987219086
 07/17  04:00:00,2793231.954497355,179184.8594325898,1304566.5791210167,0.0,253487.7155128266,968875.4502375022
 07/17  05:00:00,2815199.911845836,164277.06681819673,1191197.412871284,0.0,421410.4987143904,968242.2821994309
 07/17  06:00:00,2626240.615432951,156414.30774652865,1134539.3883451945,0.0,251435.183403411,1017566.7955732582
 07/17  07:00:00,2727641.4038024237,166045.30795752202,1219931.6382399623,0.0,251435.183403411,1025838.1892759572
 07/17  08:00:00,2923937.171918999,185256.6159993844,1394774.2569023124,0.0,251435.183403411,1029973.8861273068
 07/17  09:00:00,3776283.0446309997,230060.5884089925,1786488.6779939032,0.0,647830.4470342988,1058875.378902158
 07/17  10:00:00,5224564.419316461,309899.13425216044,2474614.2096613403,0.0,759436.880483772,1638949.375261466
 07/17  11:00:00,8751106.903571468,421028.0636643125,3414108.2334849606,0.0,733780.229116077,4153782.545721308
 07/17  12:00:00,6226261.760279956,465261.08980312105,3829682.6316256984,0.0,713254.9080219211,1195336.8655613665
 07/17  13:00:00,6303308.1195106255,481575.5780116842,4004438.5204441855,0.0,708123.5777483821,1088338.0334775136
 07/17  14:00:00,7440707.04273551,525833.6948505673,4373061.117633517,0.0,708123.5777483821,1812856.2426741824
 07/17  15:00:00,6786893.058007127,534639.8352218929,4429046.428076804,0.0,708123.5777483821,1092356.9516921986
 07/17  16:00:00,7059631.134633109,534742.1090122419,4387195.298525409,0.0,941599.1051944066,1160111.3685602904
 07/17  17:00:00,10238565.146250058,534742.1090122419,4321838.950944602,0.0,1667682.3389001752,3644229.0961505044
 07/17  18:00:00,8767918.48262637,526426.7745749041,4152742.599165052,0.0,1780571.604918033,2215378.587457998
 07/17  19:00:00,7617938.141928333,469609.9695293603,3592725.8826050106,0.0,2073057.430509756,1359444.2557500254
 07/17  20:00:00,7392517.450974291,420080.32246174035,3118091.3752777996,0.0,2410442.395994945,1271562.5122919537
 07/17  21:00:00,7967980.030435643,388341.6443639514,2833835.27737001,0.0,3304576.696159116,1242371.5914488905
 07/17  22:00:00,5939311.656380296,335581.92556472647,2444004.2336386857,0.0,1896026.5360726607,1091358.1161563704
 07/17  23:00:00,3809244.8735568547,270366.02059017133,1972569.7116041789,0.0,420769.082430198,1026227.166276101
 07/17  24:00:00,3339299.192191409,238892.51886690344,1736015.9504517172,0.0,251435.183403411,1025838.1892759572
 07/18  01:00:00,3129899.0092472723,215071.1753422598,1554572.807883574,0.0,251435.183403411,1021702.4924246077
 07/18  02:00:00,2943793.7260423326,194029.32086023293,1393645.0760120107,0.0,251435.183403411,1017566.7955732582
 07/18  03:00:00,2781526.322219946,175744.01101308182,1253798.6788881249,0.0,251435.183403411,1013431.0987219086
 07/18  04:00:00,2632359.354826574,158793.38605502163,1125718.0333041626,0.0,251435.183403411,1009295.4018705591
 07/18  05:00:00,2498270.7365607442,144655.56366696098,1022811.9363772796,0.0,251435.183403411,1009295.4018705591
 07/18  06:00:00,2704085.773387392,142555.05325578098,1011668.0547442739,0.0,466951.05489204905,1016626.6701307293
 07/18  07:00:00,3902703.4843556015,164340.07276959132,1178414.9435594636,0.0,821012.84376624,1674544.5393347356
 07/18  08:00:00,4126502.1116952267,186632.38252226982,1362753.4928224906,0.0,810750.1832191619,1703868.823644721
 07/18  09:00:00,5695176.890000955,231444.67632511433,1727704.8457495426,0.0,1572752.7288397034,2110246.686794948
 07/18  10:00:00,32202309.534896456,440695.15419224993,3312702.775222739,0.0,1780571.604918033,26626675.18090571
 07/18  11:00:00,7804473.387422037,402509.80501227424,3162922.433383056,0.0,1336711.5362569096,2873921.7811849862
 07/18  12:00:00,5862482.19077098,432588.2633213025,3498575.888598541,0.0,713254.9080219211,1195336.8655613665
 07/18  13:00:00,6042232.535092857,455880.0431454623,3769058.470892638,0.0,708123.5777483821,1088338.0334775136
 07/18  14:00:00,6463577.881990911,497828.60347641585,4154992.601276613,0.0,708123.5777483821,1081800.6896606395
 07/18  15:00:00,6725822.326607289,524363.7233713558,4378251.808527503,0.0,708123.5777483821,1092356.9516921986
 07/18  16:00:00,6732884.561646211,523409.8549503822,4339394.31170471,0.0,713254.9080219211,1120842.2336284367
 07/18  17:00:00,6842980.798834989,518917.6604417397,4251046.886850249,0.0,723517.568568999,1279426.0317314686
 07/18  18:00:00,6711033.175560761,477239.0048522653,3874616.510057953,0.0,1016003.3941607219,1250375.349979438
 07/18  19:00:00,6939489.943510661,456715.8386834558,3637345.4054943896,0.0,1462429.1279586148,1259898.9678400196
 07/18  20:00:00,7669082.590761736,434692.3681675302,3380044.469359455,0.0,2410442.395994945,1271562.5122919537
 07/18  21:00:00,7074989.687600065,395064.18367491243,3014057.867378012,0.0,2288573.301998394,1178439.5134550694
 07/18  22:00:00,5229583.12978523,342169.6562000544,2574851.247540495,0.0,1072448.0271696511,1067773.3539271771
 07/18  23:00:00,3862613.406712587,291428.4773891761,2170462.967136488,0.0,251435.183403411,1029973.8861273068
 07/18  24:00:00,3511797.9752928815,256537.7979900567,1890869.4544300367,0.0,251435.183403411,1025838.1892759572
 07/19  01:00:00,3263269.6767541156,229550.615580317,1673464.0351523603,0.0,251435.183403411,1021702.4924246077
 07/19  02:00:00,3051011.113669432,206196.60824133744,1488695.1762580057,0.0,251435.183403411,1017566.7955732582
 07/19  03:00:00,2861166.3579953983,184957.68643165036,1324225.0392450085,0.0,251435.183403411,1013431.0987219086
 07/19  04:00:00,2691784.0436413395,165716.9417993475,1178219.1663746021,0.0,251435.183403411,1009295.4018705591
 07/19  05:00:00,2648108.3054713076,150504.38134308072,1064182.111729843,0.0,387415.4356521944,975933.7255036558
 07/19  06:00:00,3407761.4766180255,150121.73810693764,1064049.8349854231,0.0,1113498.669357963,1013806.2938031427
 07/19  07:00:00,6643887.683865208,193904.2600629196,1393903.6606654017,0.0,1960168.164491898,3031520.5137194176
 07/19  08:00:00,5241902.378363386,204361.8956648538,1524222.395340661,0.0,1509893.9329888506,1940926.924882436
 07/19  09:00:00,18900732.751000166,300342.3284717561,2327952.01665494,0.0,1308489.219752445,14910921.233829377
 07/19  10:00:00,5282616.565939758,315397.0279933777,2551344.4983756673,0.0,1272569.907837672,1101640.3120753188
 07/19  11:00:00,6289183.314307081,390987.4200792923,3225271.999501356,0.0,974952.75197241,1669563.3111692118
 07/19  12:00:00,9825728.873875394,511843.18509641866,4248353.06037353,0.0,713254.9080219211,4329551.455115676
 07/19  13:00:00,9964522.57136808,532085.5030645279,4480928.457694486,0.0,708123.5777483821,4222552.623031823
 07/19  14:00:00,8891199.213427624,534742.1090122419,4560959.038342234,0.0,708123.5777483821,3066542.0784959057
 07/19  15:00:00,6943487.701659782,534742.1090122419,4585538.797939111,0.0,708123.5777483821,1092356.9516921986
 07/19  16:00:00,6980696.282040394,534742.1090122419,4575873.778037035,0.0,713254.9080219211,1120842.2336284367
 07/19  17:00:00,7136686.770991344,534742.1090122419,4528928.4104361,0.0,723517.568568999,1279426.0317314686
 07/19  18:00:00,7493094.278468144,534742.1090122419,4440361.219935221,0.0,1144286.650999197,1280905.382011102
 07/19  19:00:00,7520495.405202458,515556.86476098077,4159509.841108662,0.0,1462429.1279586148,1259898.9678400196
 07/19  20:00:00,7527772.756425375,465024.3711686906,3640376.935760971,0.0,2017895.6300692116,1232134.974478649
 07/19  21:00:00,6665331.907604853,409700.1582868344,3132297.51398492,0.0,1778005.9397812635,1146473.474458159
 07/19  22:00:00,5337173.181628571,356239.2820923731,2668371.673491517,0.0,1072448.0271696511,1067773.3539271771
 07/19  23:00:00,3942304.229342048,303826.29102221713,2237755.976132907,0.0,251435.183403411,1029973.8861273068
 07/19  24:00:00,3563003.770499319,265692.7922971188,1932920.255329412,0.0,251435.183403411,1025838.1892759572
 07/20  01:00:00,3254703.5919265375,230480.29031399358,1663968.2755911052,0.0,251435.183403411,1021702.4924246077
 07/20  02:00:00,3076387.646089043,210524.73355494568,1509743.5833640085,0.0,251435.183403411,1017566.7955732582
 07/20  03:00:00,2900652.8192054196,190110.66840693317,1358558.518479747,0.0,251435.183403411,1013431.0987219086
 07/20  04:00:00,2776827.0702134566,175349.70631161003,1253629.4284344567,0.0,251435.183403411,1009295.4018705591
 07/20  05:00:00,2678822.211178372,164694.7075673976,1183324.2670944708,0.0,251435.183403411,1009295.4018705591
 07/20  06:00:00,2774908.2064115847,161022.81383494815,1171310.600212354,0.0,359193.11914773,1017096.7328519938
 07/20  07:00:00,3499422.7864163225,166677.8336365939,1233757.452899988,0.0,963407.2588569473,1071189.1560972212
 07/20  08:00:00,2748340.9540164536,164025.550375349,1240409.1046238027,0.0,251435.183403411,1029973.8861273068
 07/20  09:00:00,3081019.0998704587,199810.9952723977,1546771.0827756964,0.0,251435.183403411,1029973.8861273068
 07/20  10:00:00,3845331.793384215,266821.0792510058,2122880.5069136075,0.0,378435.60767350125,1035529.7798883775
 07/20  11:00:00,4938795.321085433,338470.2145758168,2766070.995266695,0.0,733780.229116077,1072066.0505420333
 07/20  12:00:00,5885215.781112719,423748.7558143227,3530148.9864472602,0.0,713254.9080219211,1195336.8655613665
 07/20  13:00:00,8125929.405376458,483379.1293534949,4084170.1504109297,0.0,1050639.8735071104,2486907.842276061
 07/20  14:00:00,8228383.029997685,533726.3393617033,4543703.83670175,0.0,1164811.972093353,1965308.4720120179
 07/20  15:00:00,7203093.20260453,534742.1090122419,4585608.568928927,0.0,936467.7749208675,1123548.4844746448
 07/20  16:00:00,6987393.93058293,534742.1090122419,4582571.42657957,0.0,713254.9080219211,1120842.2336284367
 07/20  17:00:00,8450193.69654183,534742.1090122419,4538619.141554571,0.0,1313620.550025984,1993139.2447065013
 07/20  18:00:00,11059129.935863093,534742.1090122419,4451671.481727247,0.0,1526570.7563778525,4453346.672235368
 07/20  19:00:00,7683776.221004473,534742.1090122419,4303605.412659416,0.0,1462429.1279586148,1259898.9678400196
 07/20  20:00:00,7569222.755550154,496244.8843358548,3866593.5735881054,0.0,1821622.247106345,1212421.2055719967
 07/20  21:00:00,7508004.711956471,443582.3516847099,3398554.723724621,0.0,2288573.301998394,1178439.5134550694
 07/20  22:00:00,6322475.217539918,392130.208289118,2984334.5787095437,0.0,1688207.659994331,1085461.9255990721
 07/20  23:00:00,4605339.5263050925,334830.09126668825,2538613.1145003187,0.0,590102.981456985,1022480.4464248953
 07/20  24:00:00,3967848.7526656454,292766.84361473215,2202598.027688127,0.0,376639.64207776263,1008726.8890916039
 07/21  01:00:00,3567503.588919772,261220.62882112057,1934709.2530345703,0.0,303518.18567983183,980938.1711908296
 07/21  02:00:00,3248831.0528166303,233832.20747735974,1700269.1682417057,0.0,251435.183403411,978070.9989397216
 07/21  03:00:00,3062172.6554907477,209760.58217874463,1502322.2964322506,0.0,251435.183403411,1013431.0987219086
 07/21  04:00:00,2853095.5400517425,185880.41403906158,1319367.190545291,0.0,251435.183403411,1009295.4018705591
 07/21  05:00:00,2679273.9134636237,165191.27571572605,1168128.5577194947,0.0,251435.183403411,1009295.4018705591
 07/21  06:00:00,3424558.655285431,158853.06659667596,1124453.4008147044,0.0,466951.05489204905,1590971.4936665567
 07/21  07:00:00,3543061.212218312,175015.05137940566,1249832.5058568479,0.0,821012.84376624,1219552.7382173354
 07/21  08:00:00,3504764.8711705264,187326.23373292474,1367382.009422477,0.0,810750.1832191619,1071127.648992416
 07/21  09:00:00,3721078.8998445985,213208.02649536383,1602583.7987745763,0.0,779962.201577928,1068509.2098271083
 07/21  10:00:00,4715872.139405434,262692.92628578853,2033516.4626709577,0.0,1272569.907837672,1101640.3120753188
 07/21  11:00:00,5380800.305694003,323271.13126689405,2561020.7116301465,0.0,1336711.5362569094,1129495.2395162545
 07/21  12:00:00,7653169.575274084,415403.972133903,3324081.1078705736,0.0,1180205.96291397,2710752.2670877893
 07/21  13:00:00,6167911.0324454745,422197.5472212056,3417502.6193256835,0.0,1164811.972093353,1142566.483976371
 07/21  14:00:00,6961397.166375147,470972.29793396813,3798359.7756685982,0.0,1507328.2678520812,1163904.415091639
 07/21  15:00:00,7109674.139237251,481404.47056571255,3875767.4019727428,0.0,936467.7749208675,1793308.226510079
 07/21  16:00:00,27407289.219641715,534742.1090122419,4279545.230474361,0.0,941599.1051944066,21615419.52161995
 07/21  17:00:00,8158008.413415484,534506.8699827304,4234681.832726921,0.0,1195599.953734587,2121253.250289724
 07/21  18:00:00,6889602.938597724,478008.1210214533,3736684.434624439,0.0,1272569.907837672,1311435.414042766
 07/21  19:00:00,8034431.015480242,458554.6117521421,3476231.2357308185,0.0,1920400.3548719706,2065613.4867860668
 07/21  20:00:00,6528384.130654744,401579.1916471843,2935571.484893265,0.0,1821622.247106345,1212421.2055719967
 07/21  21:00:00,6550383.460364594,357116.56047748256,2540656.2514128825,0.0,2288573.301998394,1178439.5134550694
 07/21  22:00:00,4936961.0074569695,301448.15687546483,2123164.3556718896,0.0,1277701.2381112112,1073669.5444844756
 07/21  23:00:00,3605734.592298258,244650.86758751786,1719556.4155163944,0.0,505436.0319435915,1024353.8063504982
 07/21  24:00:00,3033899.849706472,208225.65699104773,1461283.469842636,0.0,251435.183403411,1025838.1892759572
 07/22  01:00:00,2785735.1447383338,178278.44930869882,1247201.669408196,0.0,251435.183403411,1021702.4924246077
 07/22  02:00:00,2583625.0623925254,154250.9740841692,1075148.6145772545,0.0,251435.183403411,1017566.7955732582
 07/22  03:00:00,2409181.0026691435,133153.05171092463,925938.1740784667,0.0,251435.183403411,1013431.0987219086
 07/22  04:00:00,2265979.9354732875,115629.26928295326,802502.7307229446,0.0,251435.183403411,1009295.4018705591
 07/22  05:00:00,2150787.3436972327,101423.45998569317,703409.8036831368,0.0,251435.183403411,1009295.4018705591
 07/22  06:00:00,2174894.3858475387,102962.60537851832,719600.162176906,0.0,251435.183403411,1017566.7955732582
 07/22  07:00:00,2401244.0213300157,128354.49097908,917968.0846730842,0.0,251435.183403411,1025838.1892759572
 07/22  08:00:00,2946994.883960043,153842.06927325134,1143330.5680120974,0.0,531092.6833112865,1050550.7675598613
 07/22  09:00:00,3922315.7948091547,198500.00992728045,1535862.8404200575,0.0,1044225.7106651864,1086911.570627008
 07/22  10:00:00,5356699.172910842,277529.50077623245,2205989.684753882,0.0,1272569.907837672,1555157.549007358
 07/22  11:00:00,6946125.178402757,357021.00076614576,2883454.558287063,0.0,974952.75197241,2700395.18035334
 07/22  12:00:00,7285535.831146698,432556.31445950194,3536079.1414726987,0.0,713254.9080219211,2580919.201924728
 07/22  13:00:00,19765732.048080243,486264.65193169744,4010349.5950474297,0.0,1164811.972093353,14083473.419178907
 07/22  14:00:00,19355203.778244883,534742.1090122419,4429962.139729448,0.0,1393156.1692658383,12976510.950408496
 07/22  15:00:00,7992997.562790973,534742.1090122419,4436636.186874541,0.0,1164811.972093353,1834081.0295429872
 07/22  16:00:00,7355844.963256935,534742.1090122419,4415795.795044895,0.0,1169943.302366892,1199380.5034921444
 07/22  17:00:00,7558497.675936642,534742.1090122419,4365991.409232111,0.0,1195599.953734587,1390197.6972761813
 07/22  18:00:00,9638382.48207974,534742.1090122419,4287277.871802685,0.0,1272569.907837672,3452887.5323557477
 07/22  19:00:00,8046146.302309691,525656.6497055962,4099637.0093395384,0.0,1920400.3548719706,1386820.962053342
 07/22  20:00:00,7156211.245723788,460507.87623039924,3504469.915379094,0.0,1821622.247106345,1212421.2055719967
 07/22  21:00:00,6601011.909893822,409879.35191641864,3081055.310717217,0.0,1778005.9397812635,1146473.474458159
 07/22  22:00:00,5081806.825364208,351450.0979610864,2640758.93924538,0.0,867194.816228091,1061425.2596157216
 07/22  23:00:00,3950569.216745542,301966.9366664953,2255455.739648073,0.0,251435.183403411,1029973.8861273068
 07/22  24:00:00,3580378.3466500314,264777.63493057416,1951209.9888466694,0.0,251435.183403411,1025838.1892759572
 07/23  01:00:00,3278997.130682566,231649.74589030747,1682443.139446498,0.0,272217.07101124397,1005569.8241410966
 07/23  02:00:00,2844408.232188318,186420.0081739052,1341364.6914778606,0.0,251435.183403411,978070.9989397216
 07/23  03:00:00,2435929.730451826,138464.87444864653,992438.5191343711,0.0,251435.183403411,966473.8032719777
 07/23  04:00:00,2165492.560332402,100160.94823441081,717483.6766306014,0.0,251435.183403411,1009295.4018705591
 07/23  05:00:00,2389049.76561046,130644.22784412515,927602.3012498314,0.0,251435.183403411,1009295.4018705591
 07/23  06:00:00,2567759.2326937383,125367.33447351659,892529.2328328846,0.0,466951.05489204905,1016626.6701307293
 07/23  07:00:00,4824444.855174813,169872.7956407111,1223916.693843734,0.0,1675379.3343104837,1690884.9464543127
 07/23  08:00:00,4391055.886981923,199316.96650887927,1491991.9816329349,0.0,1370065.183034913,1267184.5263186123
 07/23  09:00:00,4135727.0751582803,235613.14727884997,1857281.6292391683,0.0,912093.9561215572,1077710.3902270582
 07/23  10:00:00,4742586.082070496,314081.7011431838,2562798.1290601785,0.0,759436.880483772,1064604.5517256388
 07/23  11:00:00,5404332.103764558,383787.346445715,3186290.646075922,0.0,733780.229116077,1072066.0505420333
 07/23  12:00:00,6256335.130703437,461341.43370876403,3863675.658143536,0.0,713254.9080219211,1195336.8655613665
 07/23  13:00:00,6335708.977176018,477757.6152369324,4040657.340884328,0.0,708123.5777483821,1088338.0334775136
 07/23  14:00:00,6686530.457905807,515841.38907318807,4359932.391594736,0.0,708123.5777483821,1081800.6896606395
 07/23  15:00:00,6842706.388664611,534742.1090122419,4484757.484943939,0.0,708123.5777483821,1092356.9516921986
 07/23  16:00:00,6705503.3900825465,520669.6346677287,4314753.360423698,0.0,713254.9080219211,1120842.2336284367
 07/23  17:00:00,8360339.82299779,530486.7225519496,4307307.141793246,0.0,1431641.1463173812,2020832.1610926795
 07/23  18:00:00,9543100.51061027,504457.28697121504,4011178.0430825013,0.0,1272569.907837672,3662096.3562084977
 07/23  19:00:00,7358034.515343061,436994.4568629002,3365437.7686861996,0.0,2073057.430509756,1359444.2557500254
 07/23  20:00:00,6610746.8959867805,378596.51920404815,2809778.9272870193,0.0,2017895.6300692116,1232134.9744786492
 07/23  21:00:00,6165731.653615978,335555.2310436112,2435575.4866322465,0.0,2033289.620889829,1162456.4939566143
 07/23  22:00:00,4672882.406780604,287861.3559886855,2072458.8247472378,0.0,1072448.0271696511,1067773.3539271771
 07/23  23:00:00,3384508.785778458,243222.44740384168,1740564.3761876933,0.0,251435.183403411,1029973.8861273068
 07/23  24:00:00,3200349.487244999,212913.12279364862,1514952.4830885641,0.0,376639.64207776263,1008726.8890916039
 07/24  01:00:00,2918049.822786999,192095.69354532464,1358725.2742337529,0.0,282608.0148151604,997503.4899993412
 07/24  02:00:00,2737769.4363116897,172079.6700283145,1209570.437113286,0.0,251435.183403411,1017566.7955732582
 07/24  03:00:00,2575387.597344177,153140.71327972508,1070263.2517457125,0.0,251435.183403411,1013431.0987219086
 07/24  04:00:00,2415180.9875841755,136447.80079039693,950068.961088209,0.0,252461.4494581188,989085.4260540307
 07/24  05:00:00,2470056.1591357286,123881.63894267543,861010.7693287284,0.0,455405.56177658617,959685.5378452048
 07/24  06:00:00,2833914.7686433094,120112.17810775692,842076.3060790519,0.0,790224.8621250059,1015216.481966936
 07/24  07:00:00,2508924.133911304,124380.23186657972,891234.074483162,0.0,393829.59849411825,1035089.1441418729
 07/24  08:00:00,2913312.223044679,150903.0527298847,1118268.489957062,0.0,531092.6833112865,1050550.7675598613
 07/24  09:00:00,3624069.17639299,196193.52620515213,1526376.286491155,0.0,779962.201577928,1068509.2098271083
 07/24  10:00:00,4407192.442415943,278559.0742758571,2262927.116272952,0.0,759436.880483772,1064604.5517256388
 07/24  11:00:00,5162842.180803986,357035.8499287498,2971552.2196323154,0.0,733780.229116077,1072066.0505420333
 07/24  12:00:00,6148616.833901909,448068.3130355406,3769230.4820152326,0.0,713254.9080219211,1195336.8655613665
 07/24  13:00:00,6327516.452755738,473667.6915371693,4036554.7401638115,0.0,708123.5777483821,1088338.0334775136
 07/24  14:00:00,6770132.35198086,519266.79069212824,4440108.884050849,0.0,708123.5777483821,1081800.6896606395
 07/24  15:00:00,6919835.234143903,534742.1090122419,4561886.330423232,0.0,708123.5777483821,1092356.9516921986
 07/24  16:00:00,7054662.808185471,534742.1090122419,4516033.638129942,0.0,827427.0066081637,1140476.8010943634
 07/24  17:00:00,7615513.705007325,534742.1090122419,4424901.29374178,0.0,1195599.953734587,1390197.6972761813
 07/24  18:00:00,7372595.833479742,519097.6502647272,4176693.9448241945,0.0,1272569.907837672,1311435.414042766
 07/24  19:00:00,7083333.067363305,450397.04685163195,3520191.0762154413,0.0,856932.155681013,2132712.1850810386
 07/24  20:00:00,7054629.11105953,410451.93826764275,3116887.5107353604,0.0,1429075.4811806115,1925873.335928062
 07/24  21:00:00,6852732.817154392,375933.5674087065,2810931.6131985458,0.0,2288573.301998394,1178439.5134550694
 07/24  22:00:00,5971117.957841197,334287.4381886536,2479670.687612429,0.0,1893460.8709358908,1091358.1161563704
 07/24  23:00:00,4315658.913537355,289099.75628425577,2129037.151081119,0.0,759436.8804837719,1018772.2330320029
 07/24  24:00:00,3457032.2226867997,251716.45198001995,1840925.0478339915,0.0,251435.183403411,1025838.1892759572
 07/25  01:00:00,3230122.771847262,226412.1920820079,1643455.5537438155,0.0,251435.183403411,1021702.4924246077
 07/25  02:00:00,3038444.3622366437,204838.20386369384,1477486.8292028606,0.0,251435.183403411,1017566.7955732582
 07/25  03:00:00,2879482.117408316,186907.72072967223,1340590.7643599045,0.0,251435.183403411,1013431.0987219086
 07/25  04:00:00,2741086.147335175,171150.20239352697,1222088.009474258,0.0,251435.183403411,1009295.4018705591
 07/25  05:00:00,2661533.3674854543,157623.1332461522,1121365.0592568577,0.0,319425.30952780275,993047.2142121079
 07/25  06:00:00,3038436.9414178086,156282.3873119254,1117716.1426724368,0.0,682466.926380687,1015686.5446882005
 07/25  07:00:00,3708751.5097815376,175996.8357576349,1282121.8041875395,0.0,1105801.6739476547,1080440.1109631371
 07/25  08:00:00,4271701.79879901,203557.06989452243,1525108.5195420946,0.0,1370065.183034913,1110473.7968408966
 07/25  09:00:00,4853236.109146833,241248.94339794092,1861586.3848824205,0.0,1572752.7288397034,1124620.0997351222
 07/25  10:00:00,5091598.866131464,299690.1983348092,2376033.6282259407,0.0,1272569.907837672,1101640.3120753188
 07/25  11:00:00,5034112.862709529,348978.78871183534,2850879.9627547725,0.0,733780.229116077,1072066.0505420333
 07/25  12:00:00,6074074.840211051,444742.14607913006,3698014.6552807847,0.0,713254.9080219211,1195336.8655613665
 07/25  13:00:00,6210704.242107678,464434.1421480485,3928976.0789048723,0.0,708123.5777483821,1088338.0334775136
 07/25  14:00:00,6668072.62551041,511788.17287134443,4345527.7754011825,0.0,708123.5777483821,1081800.6896606395
 07/25  15:00:00,7355344.186291851,534742.1090122419,4543878.0456391405,0.0,708123.5777483821,1545874.1886242384
 07/25  16:00:00,7579410.809806269,534742.1090122419,4541847.131150603,0.0,713254.9080219211,1753583.4082807414
 07/25  17:00:00,12535452.46053017,534742.1090122419,4512124.6789672505,0.0,369455.779694808,7049057.241613337
 07/25  18:00:00,38844388.74373396,534742.1090122419,4458799.764968432,0.0,1399570.332107762,32358477.621135138
 07/25  19:00:00,10289146.341178332,534742.1090122419,4307328.253212022,0.0,1920400.3548719706,3403575.0205479185
 07/25  20:00:00,9075701.7629488,534742.1090122419,4111208.468529897,0.0,1821622.247106345,2435788.0933524636
 07/25  21:00:00,8131521.566172302,495624.20561852894,3700045.8559679976,0.0,2542574.150538575,1194422.5329535245
 07/25  22:00:00,6705978.502894374,423712.7873961545,3125105.8834581054,0.0,1893460.8709358908,1091358.1161563704
 07/25  23:00:00,4265946.567755442,343557.8796922479,2521666.7258762713,0.0,251435.183403411,1029973.8861273068
 07/25  24:00:00,3812423.145261321,295367.71957880334,2152664.70280973,0.0,251435.183403411,1025838.1892759572
 07/26  01:00:00,3485604.711451815,258498.1285802105,1866851.556850166,0.0,251435.183403411,1021702.4924246077
 07/26  02:00:00,3213891.972542094,228101.4316823954,1629671.2116896096,0.0,251435.183403411,1017566.7955732582
 07/26  03:00:00,2994780.2607469265,203004.39736310902,1439792.2310650782,0.0,251435.183403411,1013431.0987219086
 07/26  04:00:00,2764829.9383368264,176331.71018206832,1250242.1475682785,0.0,251948.3164307649,999190.4139622948
 07/26  05:00:00,2652471.6258619954,162996.40761438914,1158671.9817311026,0.0,251435.183403411,1009295.4018705591
 07/26  06:00:00,2639623.1324554235,159265.23901010398,1145070.9741040915,0.0,251435.183403411,1017566.7955732582
 07/26  07:00:00,4121362.6608294225,187431.19534196053,1380911.6632461674,0.0,1390590.5041290692,1098038.213186654
 07/26  08:00:00,6095565.044780338,241168.51784797737,1849249.211542881,0.0,1370065.183034913,2572584.902867982
 07/26  09:00:00,4540100.783672053,273386.1565494448,2223882.3284823457,0.0,912093.9561215572,1077710.3902270582
 07/26  10:00:00,5335013.956608931,365090.1280878295,3104217.576653968,0.0,759436.880483772,1064604.5517256388
 07/26  11:00:00,6241045.840311151,452685.83739813254,3954105.8916700967,0.0,733780.229116077,1072066.0505420333
 07/26  12:00:00,7167153.437077472,532090.9235181845,4703744.474708151,0.0,713254.9080219211,1195336.8655613665
 07/26  13:00:00,7124019.839429531,534742.1090122419,4771983.709362532,0.0,708123.5777483821,1088338.0334775136
 07/26  14:00:00,7417873.089624067,534742.1090122419,4777042.360104978,0.0,708123.5777483821,1377132.6329296029
 07/26  15:00:00,7746979.376642341,534742.1090122419,4756289.298269365,0.0,708123.5777483821,1725098.1263445036
 07/26  16:00:00,7751980.18044259,534742.1090122419,4714416.501786925,0.0,713254.9080219211,1753583.4082807414
 07/26  17:00:00,19633351.984619632,534742.1090122419,4659031.512397684,0.0,723517.568568999,13645988.143398175
 07/26  18:00:00,11783604.87935427,534742.1090122419,4582454.4351511095,0.0,1526570.7563778525,5047038.662302683
 07/26  19:00:00,9345746.93126548,534742.1090122419,4471848.885070699,0.0,2073057.430509756,2142997.9031386026
 07/26  20:00:00,8967794.112840444,534742.1090122419,4362719.098723931,0.0,2606715.7789578117,1291276.281198606
 07/26  21:00:00,9546894.993727468,534742.1090122419,4266349.776013543,0.0,3304576.696159116,1242371.5914488905
 07/26  22:00:00,7398549.399240596,527189.5625305758,4136498.8076676223,0.0,1482954.449052771,1079565.7350417739
 07/26  23:00:00,5405878.754239791,453350.61545191956,3551806.1766009484,0.0,251435.183403411,1029973.8861273068
 07/26  24:00:00,4926211.599744907,402726.12933575,3159094.7475363687,0.0,251435.183403411,1025838.1892759572
 07/27  01:00:00,4638524.970445076,370475.347494461,2907794.596929176,0.0,251435.183403411,1021702.4924246077
 07/27  02:00:00,4412997.500364428,345916.2560869315,2710961.915107408,0.0,251435.183403411,1017566.7955732582
 07/27  03:00:00,4220037.517018579,325320.88532297336,2542732.999376866,0.0,251435.183403411,1013431.0987219086
 07/27  04:00:00,4034886.9209636077,307791.0541775486,2398431.6410804903,0.0,252461.4494581188,989085.4260540307
 07/27  05:00:00,3964343.285319645,288747.18766900356,2241308.9842022574,0.0,387415.4356521945,976799.0265536569
 07/27  06:00:00,4007104.223426846,280474.8076592266,2176766.7503802823,0.0,466951.05489204905,1016626.6701307293
 07/27  07:00:00,4803259.451177033,305746.1354560956,2398073.91208704,0.0,963407.2588569473,1071641.0598513784
 07/27  08:00:00,4952280.766716111,332819.82234152383,2675085.882676426,0.0,810750.1832191619,1071127.648992416
 07/27  09:00:00,4475264.218544135,337160.60963057465,2803666.587091196,0.0,251435.183403411,1029973.8861273068
 07/27  10:00:00,5058854.734035913,392166.86472196924,3347749.676976852,0.0,251435.183403411,1025838.1892759572
 07/27  11:00:00,5625599.107143796,443713.85450376116,3876204.048375855,0.0,251435.183403411,1025838.1892759572
 07/27  12:00:00,7325493.426693724,530661.5656553581,4696943.63071857,0.0,597799.9768672935,1477361.9881846523
 07/27  13:00:00,21008814.653212853,534742.1090122419,4819534.162010768,0.0,708123.5777483821,14925582.3946126
 07/27  14:00:00,7219120.032825721,534742.1090122419,4873621.246575596,0.0,708123.5777483821,1081800.6896606395
 07/27  15:00:00,7236674.004592866,534742.1090122419,4878725.100872195,0.0,708123.5777483821,1092356.9516921986
 07/27  16:00:00,7835220.495061146,534742.1090122419,4856053.167521957,0.0,713254.9080219211,1695187.057164264
 07/27  17:00:00,8771577.278244875,534742.1090122419,4807528.03123682,0.0,1077579.35744319,2281655.129310091
 07/27  18:00:00,9314904.886513084,534742.1090122419,4727092.503000423,0.0,1016003.3941607219,2944267.9638293157
 07/27  19:00:00,8310927.393000493,534742.1090122419,4575669.789424863,0.0,1767743.2792341853,1309671.6117950226
 07/27  20:00:00,8130925.115499371,534742.1090122419,4389798.708860935,0.0,1821622.247106345,1212421.2055719967
 07/27  21:00:00,9000493.975049738,534742.1090122419,4259916.493413086,0.0,2796574.9990787553,1210405.5524519798
 07/27  22:00:00,7874191.377076672,534742.1090122419,4179723.770887547,0.0,1896026.5360726607,1091358.1161563704
 07/27  23:00:00,5704485.772146551,482077.74533856264,3738892.475033275,0.0,336102.13291680446,1028100.526201704
 07/27  24:00:00,4991637.085434336,414548.4544894103,3212697.908072138,0.0,251435.183403411,1025838.1892759572
 07/28  01:00:00,4579889.550387525,368561.48407630384,2851073.0402897825,0.0,251435.183403411,1021702.4924246077
 07/28  02:00:00,4274666.00872412,335295.0212822343,2585145.5137107843,0.0,251435.183403411,1017566.7955732582
 07/28  03:00:00,4041305.5992098497,309828.7106957111,2381387.1116343867,0.0,251435.183403411,1013431.0987219086
 07/28  04:00:00,3855587.7481337395,289182.67207891145,2218557.140587438,0.0,251435.183403411,1009295.4018705591
 07/28  05:00:00,3835870.253576597,275144.8186570952,2111287.4779592184,0.0,387415.4356521945,976799.0265536569
 07/28  06:00:00,6320157.428630805,303882.2226562596,2343529.4974709097,0.0,1113498.669357963,2475917.399830228
 07/28  07:00:00,4598279.026526409,296830.6216568127,2339945.479365253,0.0,821012.84376624,1062842.00873962
 07/28  08:00:00,4840177.405310709,319981.0005914551,2570139.7767041293,0.0,810750.1832191619,1071127.648992416
 07/28  09:00:00,5166158.065222849,356965.17132143973,2903905.819326751,0.0,779962.201577928,1068509.2098271083
 07/28  10:00:00,5890991.025911801,407977.6029030085,3338435.0664118943,0.0,1016003.3941607219,1083122.431900479
 07/28  11:00:00,6374464.908214897,433302.9913896405,3576364.030247979,0.0,1216125.274828743,1118370.924724736
 07/28  12:00:00,6706199.884669204,470395.6991261292,3914294.6338983993,0.0,1063468.1991909577,1235315.0871858692
 07/28  13:00:00,6082874.16335089,451132.4645157285,3814447.677780405,0.0,708123.5777483821,1088338.0334775136
 07/28  14:00:00,6469882.321895322,463018.9410750335,3943916.953068929,0.0,936467.7749208675,1105646.243001631
 07/28  15:00:00,7981734.987231178,518528.1374043098,4389873.042195033,0.0,1164811.972093353,1885795.5702706338
 07/28  16:00:00,7431145.082070965,534742.1090122419,4491095.913858927,0.0,1169943.302366892,1199380.5034921444
 07/28  17:00:00,7629812.2712043,534742.1090122419,4437306.00449977,0.0,1195599.953734587,1390197.6972761813
 07/28  18:00:00,7898112.172233382,534742.1090122419,4374264.0687158,0.0,1526570.7563778525,1371630.1770560935
 07/28  19:00:00,8192584.677195791,534742.1090122419,4289252.953199811,0.0,1920400.3548719708,1334557.9337725241
 07/28  20:00:00,7613905.082627812,497333.31526357954,3925338.3132499373,0.0,1821622.247106345,1212421.2055719967
 07/28  21:00:00,7733212.301676617,463687.4920349415,3616914.1611674475,0.0,2288573.301998394,1178439.5134550694
 07/28  22:00:00,5878270.4050149005,407467.2076350273,3169604.1039691167,0.0,1072448.0271696511,1067773.3539271771
 07/28  23:00:00,4715206.586771753,360420.04512446874,2796052.822040729,0.0,420769.082430198,1026227.166276101
 07/28  24:00:00,4197131.237844966,323802.6309647105,2508937.884007468,0.0,251435.183403411,1025838.1892759572
 07/29  01:00:00,3996364.614151528,301559.2205431685,2334550.3675869205,0.0,251435.183403411,1021702.4924246077
 07/29  02:00:00,3839217.0582411014,284069.4395006442,2200922.1450093556,0.0,251435.183403411,1017566.7955732582
 07/29  03:00:00,3721591.0831350866,270984.69193751574,2100516.6143178185,0.0,251435.183403411,1013431.0987219086
 07/29  04:00:00,3612121.700320971,259057.58326890087,2005216.1815846805,0.0,251435.183403411,1009295.4018705591
 07/29  05:00:00,3508645.634883443,248168.27456390893,1914523.2802911317,0.0,251435.183403411,1009295.4018705591
 07/29  06:00:00,3685710.2336904546,242965.45367225094,1875837.4156799798,0.0,466951.054892049,1016626.6701307293
 07/29  07:00:00,4491745.220410339,253137.40465887173,1974717.9578421921,0.0,1105801.6739476547,1080440.1109631371
 07/29  08:00:00,5218191.7488358,299153.02033200563,2370320.9528244394,0.0,1370065.183034913,1110473.7968408966
 07/29  09:00:00,5589304.418357767,342574.3981134745,2776111.2058953177,0.0,1308489.219752445,1105313.9314269081
 07/29  10:00:00,6439895.225146256,433732.6799016709,3586499.794795897,0.0,1272569.907837672,1101640.3120753188
 07/29  11:00:00,8772987.584112007,526708.1159208908,4419370.475586755,0.0,1216125.274828743,2580482.030751821
 07/29  12:00:00,7546027.740602281,534742.1090122419,4559712.242347516,0.0,1180205.96291397,1248641.1610607035
 07/29  13:00:00,7459314.7685553245,534742.1090122419,4596361.793644498,0.0,1164811.972093353,1142566.483976371
 07/29  14:00:00,7454038.090254057,534742.1090122419,4604159.802976979,0.0,1164811.972093353,1129491.7963426227
 07/29  15:00:00,7594050.034769616,534742.1090122419,4585978.97359323,0.0,1280266.9032479806,1170335.783648314
 07/29  16:00:00,8033610.641423006,534742.1090122419,4551395.863712121,0.0,1631763.026985402,1279726.3883724809
 07/29  17:00:00,8277570.93032914,534742.1090122419,4500402.997897679,0.0,1667682.3389001752,1502776.977837523
 07/29  18:00:00,8250830.2849974185,534742.1090122419,4412786.569926329,0.0,1780571.604918033,1431824.940069421
 07/29  19:00:00,8336523.981243881,534742.1090122419,4255648.859632615,0.0,2073057.430509756,1359444.2557500254
 07/29  20:00:00,8657690.862491267,534742.1090122419,4067766.6918866537,0.0,2606715.7789578117,1291276.281198606
 07/29  21:00:00,9744255.469857853,513740.1265842919,3795517.572615774,0.0,3050575.847618935,2198824.0900180857
 07/29  22:00:00,6521173.89624618,415192.86723454663,3051940.77388982,0.0,1072448.0271696511,1820614.515638234
 07/29  23:00:00,4618806.908313213,348048.4881527744,2546437.521378302,0.0,590102.981456985,1022480.4464248953
 07/29  24:00:00,3824944.875335561,297097.61704686744,2163456.535415906,0.0,251435.183403411,1025838.1892759572
 07/30  01:00:00,3503380.3810043596,259739.59508996038,1883385.7598929605,0.0,251435.183403411,1021702.4924246077
 07/30  02:00:00,3251947.4342271173,230622.29797292812,1665205.8070841003,0.0,251435.183403411,1017566.7955732582
 07/30  03:00:00,3039994.0270329374,206127.0769480097,1481883.3177661882,0.0,251435.183403411,1013431.0987219086
 07/30  04:00:00,2857932.5269816965,184956.5701075385,1325128.021406768,0.0,251435.183403411,1009295.4018705591
 07/30  05:00:00,2705215.0094748614,168688.41284581198,1205723.3601125458,0.0,251435.183403411,1009295.4018705591
 07/30  06:00:00,3609157.601192412,172662.12699250568,1240339.9055374726,0.0,1116064.3344947326,1013806.2938031426
 07/30  07:00:00,3827710.145322628,188563.83080207853,1388513.444684186,0.0,1105801.6739476547,1080440.110963137
 07/30  08:00:00,6283291.648551716,232463.21410560358,1781916.3697272504,0.0,251435.183403411,3954979.651828866
 07/30  09:00:00,3480988.9306091657,237648.99407057418,1908902.9147162263,0.0,251435.183403411,1029973.8861273068
 07/30  10:00:00,4237802.441455515,315710.8052496009,2603153.4438688233,0.0,251435.183403411,1025838.1892759572
 07/30  11:00:00,6246611.628414863,410091.3447530919,3427921.348883023,0.0,733780.229116077,1646410.8740778605
 07/30  12:00:00,8990816.809548257,528778.7852606296,4437582.546871369,0.0,482345.045712666,3519384.1664357428
 07/30  13:00:00,7642713.87081795,533699.0354202174,4529281.195400602,0.0,708123.5777483821,1850777.652419886
 07/30  14:00:00,8976220.08284377,534742.1090122419,4558544.05697355,0.0,1050639.8735071104,2811461.633522005
 07/30  15:00:00,7037479.015537957,534742.1090122419,4549762.2468398195,0.0,822295.6763346248,1107952.7180834217
 07/30  16:00:00,9839545.202870581,534742.1090122419,4509716.933165664,0.0,713254.9080219211,4045847.9993299963
 07/30  17:00:00,7784168.047341106,534742.1090122419,4447390.21964383,0.0,1313620.550025984,1418342.5174165168
 07/30  18:00:00,8181522.623036396,534742.1090122419,4341585.052526318,0.0,1780571.604918033,1431824.940069421
 07/30  19:00:00,10353357.485913191,532598.1941212511,4152436.0158254826,0.0,2073057.430509756,3472165.241922521
 07/30  20:00:00,29535088.69287636,521316.62039391906,3906734.32940236,0.0,2214169.0130320783,22720527.885100152
 07/30  21:00:00,7294910.993301356,433464.13591725327,3195579.220836964,0.0,2288573.301998394,1178439.5134550694
 07/30  22:00:00,6240612.175793053,371316.1989829774,2712136.144769961,0.0,1893460.8709358908,1091358.1161563704
 07/30  23:00:00,4643771.979608052,312635.6731864535,2267988.6146157244,0.0,928770.7795105589,1015064.0196391104
 07/30  24:00:00,3550756.7588775884,266184.3212662584,1920181.714738542,0.0,251435.183403411,1025838.1892759572
 07/31  01:00:00,3285182.65889644,235559.6866277377,1689367.9462472636,0.0,251435.183403411,1021702.4924246077
 07/31  02:00:00,3058599.1039715456,209405.28933939195,1493074.4854620646,0.0,251435.183403411,1017566.7955732582
 07/31  03:00:00,2857465.9111413183,186223.28794887933,1319258.990873699,0.0,251435.183403411,1013431.0987219086
 07/31  04:00:00,2679760.8398866258,165563.63932072924,1166349.2650985066,0.0,251435.183403411,1009295.4018705591
 07/31  05:00:00,2562943.2137885434,147447.89318418078,1032950.1456219184,0.0,319425.30952780275,993047.2142121079
 07/31  06:00:00,2768713.1353551038,138741.68679519102,972820.9101495211,0.0,574708.990636368,1016156.6074094649
 07/31  07:00:00,2501366.888510053,143068.7396683638,1016633.6912367495,0.0,251435.183403411,1025838.1892759572
 07/31  08:00:00,3038527.675470274,168069.3974637538,1226317.5976487885,0.0,531092.6833112865,1050550.7675598613
 07/31  09:00:00,3244796.0167454486,189567.03854119376,1437260.785444731,0.0,515698.6924906695,1049241.5479772077
 07/31  10:00:00,3512934.880376562,248977.4462948107,1945019.2417446603,0.0,251435.183403411,1025838.1892759572
 07/31  11:00:00,4135327.3358770497,315973.92074641795,2513672.2108664527,0.0,251435.183403411,1025838.1892759572
 07/31  12:00:00,5035574.219469607,386431.6798955502,3104109.756123835,0.0,366890.11455803853,1155416.403624334
 07/31  13:00:00,6097728.97669426,427778.4175591495,3469468.904447482,0.0,1050639.8735071104,1129009.3713516565
 07/31  14:00:00,5557671.218335591,449804.65982560813,3675394.5070423144,0.0,365607.2819896538,1046032.359649152
 07/31  15:00:00,6940980.209084242,492092.3347677283,4013978.5490129683,0.0,708123.5777483821,1704059.4822873145
 07/31  16:00:00,7783302.872198401,521944.0195860403,4223310.618760258,0.0,1169943.302366892,1832121.6781444494
 07/31  17:00:00,7736968.240147565,519440.146565609,4150376.027804655,0.0,1195599.953734587,1801479.4608001795
 07/31  18:00:00,14431003.288503358,509125.0428372965,3966981.933511036,0.0,1780571.604918033,8081525.79072661
 07/31  19:00:00,7361550.882611949,448506.32423769636,3357442.2685802905,0.0,2073057.430509756,1359444.2557500254
 07/31  20:00:00,7368390.404594086,404867.1235783661,2893190.3759114495,0.0,2606715.7789578117,1291276.281198606
 07/31  21:00:00,6788929.469761465,358468.7441437716,2494609.221031917,0.0,2542574.1505385744,1194422.5329535247
 07/31  22:00:00,5640994.904791961,302490.0282684374,2083737.6959664423,0.0,1277701.2381112112,1804725.0974980183
 07/31  23:00:00,3592716.239183795,236851.81836110944,1623968.1002845992,0.0,590102.981456985,1022480.4464248953
 07/31  24:00:00,2970480.903471539,191417.62691400357,1306579.3951947484,0.0,376639.64207776263,1008726.8890916039
 08/01  01:00:00,2629714.4690064555,161448.2071070769,1098712.797229296,0.0,292998.9586190769,989437.1558575856
 08/01  02:00:00,2423463.325851185,136740.91480408705,930603.0818770088,0.0,251435.183403411,1017566.7955732582
 08/01  03:00:00,2278598.643457043,118487.83525551131,808127.1758827926,0.0,251435.183403411,1013431.0987219086
 08/01  04:00:00,2172420.943532965,105219.45874181093,719353.5493237644,0.0,251435.183403411,1009295.4018705591
 08/01  05:00:00,2077749.3749597291,95153.97905379253,651792.159389433,0.0,251435.183403411,1009295.4018705591
 08/01  06:00:00,2424181.963830486,96794.06283617017,666388.8648787702,0.0,578557.4883415222,1016156.6074094649
 08/01  07:00:00,3318999.4134135097,113384.13882421807,790960.6128666152,0.0,1261024.4147222093,1089239.1620748956
 08/01  08:00:00,2582850.119444226,113235.93909560402,820342.1697173509,0.0,536224.0135848256,1050550.7675598615
 08/01  09:00:00,2707253.896155715,159308.55555861362,1213508.318774737,0.0,251435.183403411,1029973.8861273068
 08/01  10:00:00,3399443.7335730838,233586.04404909327,1846919.4971868994,0.0,251435.183403411,1025838.1892759572
 08/01  11:00:00,4169637.7554219295,300909.4937375556,2427055.332970355,0.0,375869.9425367317,1037395.1545924762
 08/01  12:00:00,5375075.953975419,389608.7707815731,3171365.4030275517,0.0,609345.4699827562,1182030.044915689
 08/01  13:00:00,6219641.555655878,424457.96430998424,3487939.698481292,0.0,723517.568568999,1562893.9144667424
 08/01  14:00:00,13058364.261503844,498204.13974932494,4086609.5375892282,0.0,723517.568568999,7729200.605767429
 08/01  15:00:00,6535020.465496076,510048.9777476919,4186370.702219337,0.0,723517.568568999,1092356.9516921986
 08/01  16:00:00,6841210.680896409,527733.4960991708,4294196.132933333,0.0,842820.9974287807,1140476.8010943634
 08/01  17:00:00,7511267.1678508455,533710.3224781215,4285767.231204649,0.0,1231519.26564936,1390197.6972761813
 08/01  18:00:00,7067970.655284591,486413.6544529581,3832914.1386112673,0.0,1344408.531667218,1311435.414042766
 08/01  19:00:00,7886183.663051808,459660.6358456715,3474631.814669826,0.0,1944774.173671281,1884016.4353308498
 08/01  20:00:00,9916282.872950802,440728.7666901115,3190957.6117233196,0.0,2960777.567832003,3151478.0817575147
 08/01  21:00:00,8068229.469068399,381217.7387065441,2696853.410494607,0.0,2844039.804108991,1947263.6946645817
 08/01  22:00:00,5816716.637586121,319685.367116619,2232113.50268507,0.0,2001218.8066802102,1091358.1161563704
 08/01  23:00:00,3499925.1741729667,254407.31995754206,1762002.3024407106,0.0,336102.13291680446,1028100.526201704
 08/01  24:00:00,3045710.3069578055,213313.8661091905,1468005.7179758267,0.0,251435.183403411,1025838.1892759572
 08/02  01:00:00,2774002.7264234563,180073.43228065304,1233674.2681213648,0.0,251435.183403411,1021702.4924246077
 08/02  02:00:00,2559569.507471206,153842.34941079904,1049607.828890318,0.0,251435.183403411,1017566.7955732582
 08/02  03:00:00,2379308.963471823,131591.4022819576,895733.928871126,0.0,251435.183403411,1013431.0987219086
 08/02  04:00:00,2229504.368697926,113073.53972238816,768582.8935081478,0.0,251435.183403411,1009295.4018705591
 08/02  05:00:00,2087390.3760693166,97162.84438264022,659424.2951701728,0.0,251435.183403411,1009295.4018705591
 08/02  06:00:00,3016105.767732485,103269.99193250515,703851.8814536983,0.0,1128892.6601785799,1013806.2938031427
 08/02  07:00:00,2863494.3703441485,114562.7516355727,795554.3510036056,0.0,826144.174039779,1062842.00873962
 08/02  08:00:00,3900715.468176281,149123.4269932914,1065898.7659242072,0.0,821012.84376624,1802183.2020059587
 08/02  09:00:00,3374624.662713605,171299.70941810161,1286431.5987782034,0.0,795356.192398545,1068509.2098271083
 08/02  10:00:00,4069187.578312363,247131.03073404037,1940956.3048905719,0.0,774830.871304389,1064604.5517256388
 08/02  11:00:00,4713029.212491777,315540.1422322297,2547840.9681960093,0.0,749174.2199366939,1072066.0505420333
 08/02  12:00:00,5418981.748957389,391660.9836459685,3213218.9851451265,0.0,609345.4699827562,1182030.044915689
 08/02  13:00:00,5174318.761714498,414208.1405443854,3453733.444959183,0.0,251435.183403411,1034109.5829786563
 08/02  14:00:00,5630994.220366385,460277.2325366793,3864339.8116187765,0.0,251435.183403411,1034109.5829786563
 08/02  15:00:00,5986378.093972128,497475.6169976515,4184767.14217591,0.0,251435.183403411,1029973.8861273068
 08/02  16:00:00,6201886.857447891,519716.89397252456,4352370.55004984,0.0,251435.183403411,1042380.9766813554
 08/02  17:00:00,6576426.675323468,531829.9085442873,4404887.674570368,0.0,374587.109968347,1195049.3309979322
 08/02  18:00:00,6519263.452629901,487356.652538673,3954436.4052661904,0.0,795356.192398545,1189315.2859161096
 08/02  19:00:00,6964765.0169530995,452982.2271238399,3522676.8428373514,0.0,1606106.375617707,1259898.9678400196
 08/02  20:00:00,7758016.462614049,414854.3153476346,3080899.53257923,0.0,2283441.9717248552,1806479.7980144764
 08/02  21:00:00,8546124.62497555,397805.28019077936,2847640.118950407,0.0,2268047.980904238,2833776.4238364496
 08/02  22:00:00,4900127.930888565,315242.77140885394,2221009.630699641,0.0,1123761.329905041,1067773.3539271771
 08/02  23:00:00,3792154.675590647,257935.51771869062,1802322.8373338701,0.0,590102.981456985,1022480.4464248953
 08/02  24:00:00,3242241.177501183,222471.86725479853,1547285.428883598,0.0,376639.64207776263,1008726.8890916039
 08/03  01:00:00,2893343.807285738,193402.29372036943,1339686.4875439303,0.0,251435.183403411,1021702.4924246077
 08/03  02:00:00,2688774.763640784,168716.7050684098,1163938.7294022855,0.0,251435.183403411,1017566.7955732582
 08/03  03:00:00,2527817.8273755745,149408.6216430965,1026425.573413739,0.0,251435.183403411,1013431.0987219086
 08/03  04:00:00,2372801.7986702262,130765.98401183986,894187.8791909964,0.0,251435.183403411,1009295.4018705591
 08/03  05:00:00,2231812.5713968463,115308.19843626494,785701.1364440776,0.0,251435.183403411,1009295.4018705591
 08/03  06:00:00,2887032.35991867,114320.33722789714,783435.2046641397,0.0,908245.458416403,1014746.4192456716
 08/03  07:00:00,2663146.239341278,126638.37475213186,888987.0019341911,0.0,538789.678721595,1044340.0990077886
 08/03  08:00:00,2846865.25991798,143441.69721460383,1054151.5520721055,0.0,536224.0135848256,1050550.7675598613
 08/03  09:00:00,3578332.4404338794,188582.83464685234,1472856.2512697268,0.0,795356.192398545,1068509.2098271083
 08/03  10:00:00,4391893.127408117,272293.04845679173,2238499.8362635756,0.0,774830.871304389,1064604.5517256388
 08/03  11:00:00,5145257.090089338,348742.80268938566,2946866.185336414,0.0,749174.2199366939,1072066.0505420333
 08/03  12:00:00,6983592.720153217,451588.46612934617,3854236.6713385745,0.0,728648.8988425379,1926392.4185749092
 08/03  13:00:00,7551055.428067885,497461.9497648985,4304992.834288373,0.0,1544530.4123352391,1183237.821850514
 08/03  14:00:00,7915848.069690507,532521.9626476241,4654058.869787144,0.0,1544530.4123352391,1163904.415091639
 08/03  15:00:00,7213696.2640036065,534742.1090122419,4708019.839348083,0.0,840255.3322920112,1107952.7180834217
 08/03  16:00:00,7668127.3217171505,534742.1090122419,4697290.171863877,0.0,1200731.284008126,1199380.5034921444
 08/03  17:00:00,7272729.167581026,534742.1090122419,4644445.485931627,0.0,744042.889663155,1279426.0317314686
 08/03  18:00:00,9285353.741018374,534742.1090122419,4539857.66375868,0.0,1344408.531667218,2773546.520069851
 08/03  19:00:00,8451374.84524603,534742.1090122419,4344866.126229016,0.0,2114108.072698068,1334557.9337725241
 08/03  20:00:00,8988369.363935668,522432.4655338677,4041542.20442334,0.0,2960777.567832003,1291276.281198606
 08/03  21:00:00,7719507.0511123,443331.375840418,3343478.8645007135,0.0,2555402.476222422,1178439.5134550694
 08/03  22:00:00,5518672.904949037,374761.7036225657,2780035.6725464007,0.0,1123761.329905041,1067773.3539271771
 08/03  23:00:00,4418667.507234563,322950.15020973986,2363821.0364867374,0.0,590102.981456985,1022480.4464248953
 08/03  24:00:00,3776743.25631498,279262.7281221832,2024996.6468300112,0.0,376639.64207776263,1008726.8890916039
 08/04  01:00:00,3385415.818719198,245461.33436697768,1770401.0196821378,0.0,292998.9586190769,989437.1558575856
 08/04  02:00:00,3193172.2990157567,224608.88939837285,1614337.9358862827,0.0,251435.183403411,1017566.7955732582
 08/04  03:00:00,3030037.596879114,205529.31565062716,1474418.5043487344,0.0,251435.183403411,1013431.0987219086
 08/04  04:00:00,2894792.1317965463,189686.5895004738,1357257.6068286828,0.0,251435.183403411,1009295.4018705591
 08/04  05:00:00,2757617.3828481426,174046.59066916455,1237616.7121505756,0.0,251435.183403411,1009295.4018705591
 08/04  06:00:00,2718148.675121729,168186.72812510573,1197630.3287045085,0.0,251435.183403411,1017566.7955732582
 08/04  07:00:00,2842234.9828859046,179945.79286985582,1307367.7443381976,0.0,251435.183403411,1025838.1892759572
 08/04  08:00:00,3575301.548722745,205934.66517359222,1561730.4507939345,0.0,678618.4286755328,1060839.2082761386
 08/04  09:00:00,6551596.834712094,276508.3225276229,2212955.328476214,0.0,795356.192398545,3209961.3281400907
 08/04  10:00:00,7575296.370809197,376091.4440808982,3134515.201853943,0.0,1298226.559205367,2721010.635133291
 08/04  11:00:00,6541331.387566129,433099.7046659035,3717777.144955253,0.0,1241781.926196438,1118370.924724736
 08/04  12:00:00,8323363.2333217785,526364.8404419895,4588712.799256029,0.0,1205862.614281665,1979696.7140742461
 08/04  13:00:00,8167309.2625936875,534742.1090122419,4752388.80065072,0.0,1662551.0086266361,1196794.9344752284
 08/04  14:00:00,8076482.230057629,534742.1090122419,4812472.883789649,0.0,1544530.4123352391,1163904.415091639
 08/04  15:00:00,7868186.967590792,534742.1090122419,4831893.589909943,0.0,1308489.2197524451,1170335.7836483137
 08/04  16:00:00,7782972.8748112405,534742.1090122419,4812135.724957967,0.0,1200731.284008126,1199380.5034921444
 08/04  17:00:00,7667630.214053206,534742.1090122419,4738328.656199361,0.0,987781.0776562574,1334811.864503825
 08/04  18:00:00,7881814.319256506,534742.1090122419,4600323.203462885,0.0,1344408.531667218,1311435.414042766
 08/04  19:00:00,9828642.354517257,534742.1090122419,4373704.441770775,0.0,2114108.072698068,2692456.4046969283
 08/04  20:00:00,9186401.022258854,534742.1090122419,4138202.427677368,0.0,2960777.567832003,1395488.9163012868
 08/04  21:00:00,9108155.148935644,504582.6713050558,3770271.61277726,0.0,3421314.459882128,1226388.5719504352
 08/04  22:00:00,6770911.746631058,421260.43883333256,3096096.672647217,0.0,2001218.8066802102,1091358.1161563704
 08/04  23:00:00,4550780.807616511,342302.33212516725,2484157.5767092076,0.0,590102.981456985,1022480.4464248953
 08/04  24:00:00,3765034.7174659567,294103.2860927689,2106540.7085003997,0.0,251435.183403411,1025838.1892759572
 08/05  01:00:00,3429277.8960906127,255799.194626856,1813223.675442318,0.0,251435.183403411,1021702.4924246077
 08/05  02:00:00,3179463.925990223,227136.2449075878,1598102.207351534,0.0,251435.183403411,1017566.7955732582
 08/05  03:00:00,2968351.251419869,202299.55932419264,1415961.915215924,0.0,251435.183403411,1013431.0987219086
 08/05  04:00:00,2791460.8214047765,181195.20541514817,1262417.6805222386,0.0,251435.183403411,1009295.4018705591
 08/05  05:00:00,2643252.310386262,163225.27540106326,1134072.9549567958,0.0,251435.183403411,1009295.4018705591
 08/05  06:00:00,2583770.553005258,154169.7629254176,1077269.1717877262,0.0,251435.183403411,1017566.7955732582
 08/05  07:00:00,2987733.784372774,163588.47743233264,1163367.4562125746,0.0,538789.6787215951,1044340.0990077886
 08/05  08:00:00,4330374.567218897,195122.74021946837,1428862.08062003,0.0,1390590.5041290692,1247620.4464467836
 08/05  09:00:00,4687701.6367927175,228632.9800073447,1752430.201046213,0.0,1067316.696896112,1582506.095673426
 08/05  10:00:00,28848264.076835923,444537.7542712515,3481049.5329446597,0.0,1821622.247106345,23055602.011977967
 08/05  11:00:00,6697928.805762434,409113.7056492244,3356124.2664688798,0.0,1739520.962729721,1162868.1838908102
 08/05  12:00:00,10342673.673592178,515634.8013684914,4293456.39574568,0.0,1323883.210573062,4186973.0006370973
 08/05  13:00:00,10306857.257795747,534315.236553923,4545049.667116688,0.0,956993.0960150235,4249666.848281251
 08/05  14:00:00,9967942.834223062,534742.1090122419,4629546.197075726,0.0,723517.568568999,4059304.549737233
 08/05  15:00:00,7431722.343289958,534742.1090122419,4661378.8584059635,0.0,1073730.8597380358,1139144.2508658678
 08/05  16:00:00,7616823.712729599,534742.1090122419,4645986.562876327,0.0,1200731.284008126,1199380.5034921444
 08/05  17:00:00,8415866.17008458,534742.1090122419,4582253.604644191,0.0,1724126.971909104,1502776.977837523
 08/05  18:00:00,10541936.205792177,534742.1090122419,4454682.436663785,0.0,1888329.540662352,3573277.0583824026
 08/05  19:00:00,11678357.810281634,534742.1090122419,4252883.55790096,0.0,2283441.9717248552,4493658.845304335
 08/05  20:00:00,10446238.152924698,526210.4478984422,3996174.654157574,0.0,2960777.567832003,2805885.481600726
 08/05  21:00:00,6357668.757612809,432866.46848190285,3221239.6843776624,0.0,1403418.8298129165,1114545.941919562
 08/05  22:00:00,4375599.046855946,348507.24332025426,2572297.9311369983,0.0,251435.183403411,1042380.9766813554
 08/05  23:00:00,3916601.196692472,303371.49641019467,2220083.1598513033,0.0,251435.183403411,1029973.8861273068
 08/05  24:00:00,3584034.7651750455,268117.247148439,1951526.7951538186,0.0,251435.183403411,1025838.1892759572
 08/06  01:00:00,3327430.4141997574,237654.6939302865,1729520.6942480323,0.0,251435.183403411,1021702.4924246077
 08/06  02:00:00,3081342.356316174,212695.28416507307,1552888.8406645495,0.0,251435.183403411,977205.6978897207
 08/06  03:00:00,4349679.23787363,207443.08451460535,1515827.2687282613,0.0,251435.183403411,2287856.3510339325
 08/06  04:00:00,3135458.133756201,202483.50659166437,1480914.0565944656,0.0,251435.183403411,1113508.0369732399
 08/06  05:00:00,2984571.2845907104,199464.69048852698,1454303.3575856797,0.0,251435.183403411,1009295.4018705591
 08/06  06:00:00,3366490.786643921,192138.04158608784,1404783.0033508479,0.0,687598.256654226,1015686.5446882005
 08/06  07:00:00,4125491.0492837196,204709.0353396926,1522739.8339546993,0.0,1116064.3344947326,1217586.7605690241
 08/06  08:00:00,5544597.1845678575,245041.78069904298,1887010.1936565656,0.0,1390590.5041290692,1959457.4765965962
 08/06  09:00:00,26001857.047911137,400845.39420319506,3161959.798458807,0.0,1339277.201393679,21046746.70156381
 08/06  10:00:00,5268538.716651833,367201.67297704954,3020236.8009870322,0.0,774830.871304389,1064604.5517256388
 08/06  11:00:00,5843751.277874349,413669.80393049354,3445705.2267697053,0.0,872326.1465016298,1083642.269087709
 08/06  12:00:00,6864028.021485057,484956.94851146796,4034470.5350979874,0.0,1086559.1854218834,1235315.0871858692
 08/06  13:00:00,6404164.638327498,489809.6846924936,4081666.94175963,0.0,723517.568568999,1088338.0334775136
 08/06  14:00:00,6716272.050389874,522678.125544603,4367443.256786771,0.0,723517.568568999,1081800.6896606395
 08/06  15:00:00,7167713.3474629475,534742.1090122419,4529703.392693189,0.0,956993.0960150235,1123548.4844746448
 08/06  16:00:00,8875481.25004957,534742.1090122419,4581470.99049492,0.0,1081427.8551483443,2641857.042053303
 08/06  17:00:00,9102394.225097029,534742.1090122419,4563313.406272355,0.0,1109650.1716528086,2824615.8869170886
 08/06  18:00:00,7412568.749347981,534742.1090122419,4464770.011813039,0.0,1069882.3620328815,1250375.349979438
 08/06  19:00:00,7106260.204845374,522229.1508975002,4177643.529656303,0.0,1098104.678537346,1185182.2422200455
 08/06  20:00:00,7801506.856236728,474818.76501360856,3638770.3000717624,0.0,2283441.9717248552,1232134.974478649
 08/06  21:00:00,9465434.147877581,451435.2670008361,3360910.8885672414,0.0,3709951.787768697,1744281.3834471307
 08/06  22:00:00,7308530.524675959,390775.11735457147,2879991.8712586677,0.0,1562490.0682926257,2302932.622822241
 08/06  23:00:00,4420913.020442484,322300.4051164192,2366716.2947879788,0.0,590102.981456985,1022480.4464248953
 08/06  24:00:00,3723391.103657501,273636.5536363042,2004293.95828091,0.0,345338.5274091747,1013004.7141376922
 08/07  01:00:00,3419875.9303661734,247782.97459007558,1811837.9297546593,0.0,251435.183403411,1021702.4924246077
 08/07  02:00:00,3256518.5663130363,228662.2973730624,1671736.9397698846,0.0,251435.183403411,1017566.7955732582
 08/07  03:00:00,3114188.4307912723,211986.55491750521,1550218.2435550278,0.0,251435.183403411,1013431.0987219086
 08/07  04:00:00,2988976.118535362,197782.19510195754,1443345.9879660145,0.0,251435.183403411,1009295.4018705591
 08/07  05:00:00,2873410.046348097,186138.30688806635,1356468.5029435272,0.0,251435.183403411,1009295.4018705591
 08/07  06:00:00,3030881.7920528,177692.57465701786,1300760.8868716753,0.0,469516.72002881847,1016626.6701307293
 08/07  07:00:00,3153757.5916654095,179473.17920988484,1326763.5498005701,0.0,538789.6787215951,1044340.0990077886
 08/07  08:00:00,3864122.9672594815,189265.36097936332,1415757.9799292232,0.0,1105801.6739476547,1090800.7229166562
 08/07  09:00:00,3652867.13284683,201905.55458544163,1534068.2237440883,0.0,795356.192398545,1068509.2098271083
 08/07  10:00:00,3329490.192738336,230402.1835741357,1780149.8168271093,0.0,251435.183403411,1025838.1892759572
 08/07  11:00:00,3823741.3489454575,284479.18929524533,2233580.9553860333,0.0,251435.183403411,1025838.1892759572
 08/07  12:00:00,4414042.72971981,333528.44586223824,2664243.2522076564,0.0,251435.183403411,1142109.5829786563
 08/07  13:00:00,4859642.492500648,348715.61613666336,2809816.573404722,0.0,605496.972277602,1074780.9208527992
 08/07  14:00:00,4976560.844786786,380965.71785069874,3029331.2048013727,0.0,487476.37598620495,1057955.136319648
 08/07  15:00:00,4903465.367931915,377353.11227157863,2954744.1954965303,0.0,487476.37598620495,1061165.4189097527
 08/07  16:00:00,5156996.715820778,374872.5747433831,2901781.0855391994,0.0,723517.568568999,1120842.2336284367
 08/07  17:00:00,6016807.061309995,383136.2972736156,2941881.149868304,0.0,1231519.26564936,1390197.6972761813
 08/07  18:00:00,6805478.095387099,365448.20540147467,2784886.9367185365,0.0,1616369.036164785,1945975.0005919207
 08/07  19:00:00,9460761.834624594,389997.5595893337,2901853.473579649,0.0,2283441.9717248552,3762368.2261965754
 08/07  20:00:00,6358908.519669424,320740.8272805265,2350249.90123754,0.0,2283441.9717248552,1232134.9744786492
 08/07  21:00:00,6668520.3369495645,296305.81965570035,2134897.359137673,0.0,2844039.804108991,1194422.5329535245
 08/07  22:00:00,5636573.47277935,264021.8913600003,1882373.2538838265,0.0,2220583.1758740023,1097254.3067136686
 08/07  23:00:00,3651059.3905209373,216544.21633241785,1536993.168016539,0.0,759436.8804837719,1018772.2330320029
 08/07  24:00:00,2790066.27561241,176350.05428812222,1249325.4984514997,0.0,251435.183403411,1025838.1892759572
 08/08  01:00:00,2633745.7368356586,157560.4026260584,1115930.3081881616,0.0,251435.183403411,1021702.4924246077
 08/08  02:00:00,2478315.5092888125,138641.55030727907,983554.6298114443,0.0,251435.183403411,1017566.7955732582
 08/08  03:00:00,2376112.2410956123,126433.93187924511,897694.676897628,0.0,251435.183403411,1013431.0987219086
 08/08  04:00:00,2231156.121575667,108881.49079881149,774426.6953094656,0.0,251435.183403411,1009295.4018705591
 08/08  05:00:00,2139939.9617443625,99750.53626820006,709386.1889596588,0.0,251435.183403411,1009295.4018705591
 08/08  06:00:00,2353404.85928895,98501.83043045143,702474.698334392,0.0,469516.7200288185,1016626.6701307293
 08/08  07:00:00,3567012.5959165986,121993.31655770291,876605.4862969837,0.0,1405984.494949686,1098038.213186654
 08/08  08:00:00,3113268.7535955254,138786.8468475491,1019844.1845027362,0.0,821012.84376624,1071127.648992416
 08/08  09:00:00,3356315.922824201,167210.01755616092,1272212.55075074,0.0,795356.192398545,1068509.2098271083
 08/08  10:00:00,4027119.0336742494,241431.7610135965,1904587.029972902,0.0,774830.871304389,1064604.5517256388
 08/08  11:00:00,4721583.505778318,315560.91804226016,2556374.48567252,0.0,749174.2199366939,1072066.0505420333
 08/08  12:00:00,7024823.4261224,429751.2011259322,3519416.1341073234,0.0,1086559.1854218831,1966370.6401994121
 08/08  13:00:00,6566647.82706866,452514.30999833124,3760265.999804048,0.0,1190468.6234610481,1142566.483976371
 08/08  14:00:00,6992386.187780997,498316.83478779066,4153276.5233606743,0.0,1190468.6234610481,1129491.7963426227
 08/08  15:00:00,7297811.214452353,529915.784375862,4399960.524090504,0.0,1190468.6234610481,1154740.017257091
 08/08  16:00:00,7087810.458934371,534742.1090122419,4394849.301732516,0.0,962124.4262885625,1160111.3685602907
 08/08  17:00:00,6859071.062458067,526768.9056523608,4238760.58416855,0.0,744042.889663155,1279426.0317314686
 08/08  18:00:00,6093898.960940298,453190.5558202277,3563238.0102950335,0.0,795356.192398545,1189315.2859161096
 08/08  19:00:00,6642991.930146423,426483.15956853004,3227402.823585986,0.0,1606106.375617707,1259898.9678400196
 08/08  20:00:00,7811350.494725554,407621.1397102929,2979334.6610367997,0.0,2960777.567832003,1291276.281198606
 08/08  21:00:00,6203973.242925777,352041.8910733443,2525909.570714543,0.0,1980693.4855860542,1146473.474458159
 08/08  22:00:00,4767132.901153069,296677.21127368335,2106580.161099315,0.0,1123761.329905041,1067773.3539271771
 08/08  23:00:00,3365295.486264092,243731.07789109234,1720842.4461860764,0.0,251435.183403411,1029973.8861273068
 08/08  24:00:00,3010986.157315864,205254.72550651844,1441340.7089365576,0.0,251435.183403411,1025838.1892759572
 08/09  01:00:00,2775770.3690127768,177246.61930882,1238268.7236825177,0.0,251435.183403411,1021702.4924246077
 08/09  02:00:00,2566237.83672017,151990.24878083984,1058128.2587692412,0.0,251435.183403411,1017566.7955732582
 08/09  03:00:00,2413306.1741474904,133517.2206448062,927805.3211839449,0.0,251435.183403411,1013431.0987219086
 08/09  04:00:00,2232346.7142811017,111282.05460090516,773216.7242128069,0.0,251435.183403411,1009295.4018705591
 08/09  05:00:00,2088439.3169910267,95503.45481870219,662132.625655821,0.0,251435.183403411,1009295.4018705591
 08/09  06:00:00,2064725.0636098613,91548.59174495257,637889.552523681,0.0,251435.183403411,1017566.7955732582
 08/09  07:00:00,2566453.329970518,113335.3173110744,805597.1500044889,0.0,538789.6787215951,1044340.0990077886
 08/09  08:00:00,3802667.4484147322,147879.64664741693,1091226.2713107662,0.0,1390590.5041290692,1110473.7968408966
 08/09  09:00:00,4170425.4272192265,191484.37404816534,1481321.9680588269,0.0,1339277.201393679,1105313.9314269081
 08/09  10:00:00,4849811.433418039,267671.6606076393,2140608.081871991,0.0,1298226.559205367,1101640.3120753188
 08/09  11:00:00,4969277.722032335,340198.7639923154,2779430.8559764815,0.0,749174.2199366939,1072066.0505420333
 08/09  12:00:00,5747245.650942681,410014.3207310809,3390519.300539848,0.0,728648.8988425379,1195336.8655613665
 08/09  13:00:00,5947978.049638109,440755.79104201694,3674534.246720718,0.0,723517.568568999,1088338.0334775136
 08/09  14:00:00,6037852.522282294,450911.44221536466,3760790.41200843,0.0,723517.568568999,1081800.6896606395
 08/09  15:00:00,6134277.088964969,464474.1799300496,3831202.1235058727,0.0,723517.568568999,1092356.9516921986
 08/09  16:00:00,6169577.723903281,469590.7067932192,3819643.9615718657,0.0,723517.568568999,1120842.2336284367
 08/09  17:00:00,6868194.434811857,480948.4863391932,3845018.3446873175,0.0,1109650.1716528086,1362504.7808900033
 08/09  18:00:00,5759281.753230721,414177.4473404822,3267633.911065202,0.0,795356.192398545,1189315.2859161096
 08/09  19:00:00,6406410.47132059,394336.3644833906,3022968.1598452935,0.0,1606106.375617707,1259898.9678400196
 08/09  20:00:00,7065753.106853769,369443.56317906635,2762899.451580978,0.0,2509220.503760571,1251848.7433853014
 08/09  21:00:00,6792481.117515923,341322.49589247175,2518461.810852283,0.0,2555402.476222422,1178439.5134550694
 08/09  22:00:00,4774552.339478427,289022.2860764453,2121654.5246219104,0.0,1123761.329905041,1067773.3539271771
 08/09  23:00:00,3855800.7641739515,255900.2694164045,1868004.1742194612,0.0,590102.981456985,1022480.4464248953
 08/09  24:00:00,3287296.6882782383,225941.72028535145,1642917.6658751,0.0,314037.4127405868,1017282.5391837806
 08/10  01:00:00,3535192.6333242785,208293.46455047445,1510802.296158165,0.0,261826.12720732746,1467153.3952148918
 08/10  02:00:00,3583665.9827839686,193467.91492503943,1401337.5640365358,0.0,251435.183403411,1650307.970225563
 08/10  03:00:00,3334312.611639605,180603.44266744755,1306131.0116070001,0.0,251435.183403411,1509025.6237683264
 08/10  04:00:00,23422516.233804725,197992.33521403265,1423668.7446140486,0.0,251435.183403411,21462302.62037982
 08/10  05:00:00,2713708.937747879,168351.20891138416,1214554.492319991,0.0,251435.183403411,1009295.4018705591
 08/10  06:00:00,3083708.78149472,159745.72801612128,1154393.311771614,0.0,687598.256654226,1015686.5446882005
 08/10  07:00:00,6333655.711713424,196749.80722979968,1427039.9931087308,0.0,1405984.494949686,3239490.3314996357
 08/10  08:00:00,5875213.819516399,202785.47093658868,1489496.495065288,0.0,1390590.5041290692,2729844.119898869
 08/10  09:00:00,4178387.5258366372,197637.8780356858,1483130.5626887176,0.0,1339277.201393679,1105313.9314269081
 08/10  10:00:00,4206564.163207162,234828.78967034406,1810419.4067237393,0.0,1036528.715254878,1083122.431900479
 08/10  11:00:00,6167858.179212237,321525.4608038692,2534573.5103177447,0.0,749174.2199366939,2534177.156569118
 08/10  12:00:00,5353371.424216769,376954.9808100357,3029704.41373498,0.0,728648.8988425379,1195336.8655613665
 08/10  13:00:00,5545237.475495502,405032.885733035,3307516.577887093,0.0,723517.568568999,1088338.0334775136
 08/10  14:00:00,5983143.958527833,451304.3057052144,3705688.9847641196,0.0,723517.568568999,1081800.6896606395
 08/10  15:00:00,6353963.306682605,491247.138011339,4024115.383142221,0.0,723517.568568999,1092356.9516921986
 08/10  16:00:00,6703748.938265249,512335.95208267245,4172131.934318672,0.0,842820.9974287807,1140476.8010943634
 08/10  17:00:00,7347439.820208281,514621.0954896812,4141029.1105505256,0.0,1231519.26564936,1390197.6972761813
 08/10  18:00:00,10321996.119443703,506711.58860153897,3975558.2691647923,0.0,1480388.7839160017,4266538.561250988
 08/10  19:00:00,11119184.302431073,497094.242803567,3721888.6390641374,0.0,2283441.9717248552,4493658.845304335
 08/10  20:00:00,9457735.408708423,435364.5932880355,3135081.461767452,0.0,2960777.567832003,2754170.94087308
 08/10  21:00:00,6853990.467311633,361239.12256794056,2560054.5339725246,0.0,2555402.476222422,1178439.5134550694
 08/10  22:00:00,3807155.5697580352,289706.9803050452,2051291.5844203713,0.0,251435.183403411,1042380.9766813554
 08/10  23:00:00,3372776.7637594687,244190.25871615592,1727864.5428563897,0.0,251435.183403411,1029973.8861273068
 08/10  24:00:00,3082887.037479438,212835.3974309842,1505660.9171756655,0.0,251435.183403411,1025838.1892759572
 08/11  01:00:00,2876425.195300418,187863.79591598044,1328306.3733629985,0.0,251435.183403411,1021702.4924246077
 08/11  02:00:00,2706808.892806858,167943.33962361066,1184640.0794521454,0.0,251435.183403411,1017566.7955732582
 08/11  03:00:00,2571396.2808415806,151815.01485893456,1069491.489102894,0.0,251435.183403411,1013431.0987219086
 08/11  04:00:00,2426232.0818363423,138673.5701301759,977564.862735064,0.0,254000.84854018048,968875.4502375022
 08/11  05:00:00,2512500.6739750286,131664.7884013142,929345.3965040151,0.0,389467.96776161005,976799.0265536569
 08/11  06:00:00,2863659.7178113135,132835.4529604124,944209.8241930291,0.0,687598.256654226,1015686.5446882005
 08/11  07:00:00,3839316.863992301,152751.8889541126,1104894.1939033647,0.0,1405984.494949686,1098038.213186654
 08/11  08:00:00,3322199.356282063,160702.9070574993,1201177.160662361,0.0,821012.84376624,1071127.648992416
 08/11  09:00:00,3644085.836433059,196356.99158138054,1527047.7794564036,0.0,795356.192398545,1068509.2098271083
 08/11  10:00:00,4183608.050235684,254829.76191201794,2043890.3347579408,0.0,774830.871304389,1064604.5517256388
 08/11  11:00:00,5859985.999383103,349567.5226319812,2848845.7909564706,0.0,1490651.4444630796,1140619.5543077732
 08/11  12:00:00,7165346.4485550225,449656.6593825164,3713073.0678973636,0.0,1677944.999447253,1301945.4565600406
 08/11  13:00:00,6971942.602029132,477655.4787690476,4008841.8970776927,0.0,1308489.2197524451,1156123.5966010853
 08/11  14:00:00,7177051.607558621,511673.5398005607,4324585.238125527,0.0,1190468.6234610481,1129491.7963426227
 08/11  15:00:00,10330038.978942666,534742.1090122419,4522289.613780291,0.0,1190468.6234610481,4059812.3674212378
 08/11  16:00:00,7896334.75841737,534742.1090122419,4505075.105410968,0.0,1318751.880299523,1501782.4103538748
 08/11  17:00:00,9972546.843857845,534742.1090122419,4451372.400220289,0.0,1354671.1922142957,3559794.6357294987
 08/11  18:00:00,8963361.136398356,534742.1090122419,4347820.443669,0.0,1752349.2884135684,2237544.234232153
 08/11  19:00:00,8851446.248918168,526599.1201792996,4114812.3379927054,0.0,2283441.9717248552,1812961.4926820649
 08/11  20:00:00,8962151.030142527,474931.6663271096,3582380.9883024376,0.0,2960777.567832003,1786870.8062450239
 08/11  21:00:00,15224047.10267975,446365.2439197017,3296981.077799932,0.0,3421314.459882128,7873788.488057225
 08/11  22:00:00,6297374.94822424,362455.21708094806,2681365.095992783,0.0,2001218.8066802102,1091358.1161563704
 08/11  23:00:00,4010865.255485462,301207.79885171767,2233717.32661498,0.0,336102.13291680446,1028100.526201704
 08/11  24:00:00,3701667.2617254457,268553.98226133926,1987652.6877238199,0.0,345338.5274091747,1013004.7141376922
 08/12  01:00:00,3409957.9877351653,243752.86991082504,1796651.6531542575,0.0,292998.9586190769,989437.1558575856
 08/12  02:00:00,3164850.0966747315,221411.97453285177,1628708.4450443145,0.0,251435.183403411,978070.9989397216
 08/12  03:00:00,3035539.1066938303,204733.98436349077,1504193.9931755532,0.0,251435.183403411,989952.450996943
 08/12  04:00:00,2963288.0619952437,194410.39567360302,1421029.7308542507,0.0,251435.183403411,1009295.4018705591
 08/12  05:00:00,2845275.2533668345,181622.24834995755,1317698.9249884745,0.0,251435.183403411,1009295.4018705591
 08/12  06:00:00,2797512.2861670456,174965.8919662359,1270214.775908695,0.0,251435.183403411,1017566.7955732582
 08/12  07:00:00,2903199.837772838,184301.5985430892,1363976.7935518976,0.0,251435.183403411,1025838.1892759572
 08/12  08:00:00,6926445.764131756,255811.61617055326,1959938.932874708,0.0,1390590.5041290692,3251925.9151538787
 08/12  09:00:00,8660747.340652522,335360.7786411174,2689765.176466885,0.0,1339277.201393679,4239528.520981217
 08/12  10:00:00,6001789.810598636,380042.44516973174,3176427.963612521,0.0,1298226.559205367,1101640.3120753188
 08/12  11:00:00,6527762.821554351,448459.2304478291,3823577.1982721607,0.0,1118629.999631502,1106794.7061790603
 08/12  12:00:00,7485603.84241247,522230.9229636494,4486142.878838603,0.0,1205862.614281665,1248641.1610607035
 08/12  13:00:00,8046744.480277272,534742.1090122419,4631824.018334305,0.0,1662551.0086266361,1196794.9344752284
 08/12  14:00:00,7924217.949729528,534742.1090122419,4660208.603461547,0.0,1544530.4123352391,1163904.415091639
 08/12  15:00:00,7981345.165970823,534742.1090122419,4677819.062924733,0.0,1544530.4123352391,1201527.3164307596
 08/12  16:00:00,9928770.165300852,534742.1090122419,4678373.829623115,0.0,1318751.880299523,3360919.0930252103
 08/12  17:00:00,11621334.35041171,534742.1090122419,4653507.195417011,0.0,1724126.971909104,4636991.567391832
 08/12  18:00:00,12147487.689289257,534742.1090122419,4565561.656921298,0.0,1888329.540662352,5067949.32162197
 08/12  19:00:00,11766326.500165254,534742.1090122419,4402302.881836221,0.0,2283441.9717248552,4432208.211252691
 08/12  20:00:00,9178651.578515368,534742.1090122419,4234665.619036562,0.0,2960777.567832003,1291276.281198606
 08/12  21:00:00,9785647.705646623,534742.1090122419,4112984.3843960287,0.0,3709951.787768697,1242371.5914488905
 08/12  22:00:00,7640308.702977499,486518.5144633809,3674974.9936125195,0.0,2220583.1758740023,1097254.3067136686
 08/12  23:00:00,5448286.993951061,401112.2098406284,2991602.5140605075,0.0,928770.7795105589,1015064.0196391104
 08/12  24:00:00,4404401.272197594,338599.4075687292,2484634.6788320993,0.0,502357.2337794681,991692.6018238773
 08/13  01:00:00,3754772.8015950145,290133.6063130321,2095085.7306119006,0.0,292998.9586190769,989437.1558575856
 08/13  02:00:00,3351725.8139514755,250342.7825245079,1784759.4988904148,0.0,251435.183403411,978070.9989397216
 08/13  03:00:00,3047907.2055431996,216094.9469645609,1526785.9217098297,0.0,251435.183403411,966473.8032719777
 08/13  04:00:00,2791444.9654304907,184471.23466852785,1296980.08179086,0.0,254000.84854018048,968875.4502375022
 08/13  05:00:00,2740929.1057229084,162832.4703576836,1141756.9898074246,0.0,389467.96776161005,976799.0265536569
 08/13  06:00:00,3328462.532395068,149065.64349891365,1052623.7348362207,0.0,469516.7200288185,1590971.4936665567
 08/13  07:00:00,4645835.314372206,183501.50314221752,1313671.99835529,0.0,1116064.3344947326,1968206.3934543952
 08/13  08:00:00,4501364.754877925,186763.16919651855,1387528.3453685162,0.0,821012.84376624,2043563.1670600665
 08/13  09:00:00,4688299.268793628,228592.00307708667,1789972.7494881845,0.0,795356.192398545,1821350.371538165
 08/13  10:00:00,4965510.113938056,319358.1325555815,2624943.8766320595,0.0,905679.7932796334,1073863.4918130587
 08/13  11:00:00,6355861.514640421,420585.96875618584,3546714.863378251,0.0,1241781.926196438,1118370.924724736
 08/13  12:00:00,7067556.149666901,512090.50591299543,4343494.60861292,0.0,967255.7565621014,1221989.013311035
 08/13  13:00:00,6843731.291232332,525555.6179356303,4485487.661421328,0.0,723517.568568999,1088338.0334775136
 08/13  14:00:00,7334885.630221225,534742.1090122419,4588011.23196996,0.0,1073730.8597380358,1117569.0196721267
 08/13  15:00:00,7237791.6274909675,534742.1090122419,4599781.672721209,0.0,956993.0960150235,1123548.4844746448
 08/13  16:00:00,6981472.48277029,534742.1090122419,4566387.318219854,0.0,723517.568568999,1120842.2336284367
 08/13  17:00:00,7279184.338387003,534742.1090122419,4501338.646354875,0.0,865911.9836597063,1307118.9481176469
 08/13  18:00:00,7320876.487484876,534742.1090122419,4373077.749949932,0.0,1069882.3620328815,1250375.349979438
 08/13  19:00:00,8216137.602150609,526777.5564522508,4125909.2751706243,0.0,1606106.375617707,1834243.7913758468
 08/13  20:00:00,7606861.441309897,465490.2437616709,3547598.5679876152,0.0,1380327.8435819908,2041103.9410307677
 08/13  21:00:00,5567593.883508304,387884.4465167986,2932418.2241927427,0.0,828709.8391765486,1219726.5525285387
 08/13  22:00:00,13493726.730097586,379467.86788357346,2838662.374547006,0.0,687598.256654226,9415657.386064928
 08/13  23:00:00,16739731.477912923,362377.8802592062,2704980.6999979336,0.0,251435.183403411,13301624.821596168
 08/13  24:00:00,3781096.4751974596,282423.5140608298,2134282.2382638417,0.0,251435.183403411,1025838.1892759572
 08/14  01:00:00,3588779.215819459,261328.32927353,1967195.86052449,0.0,251435.183403411,1021702.4924246077
 08/14  02:00:00,3365122.968624278,238358.17453344457,1770645.4649207443,0.0,251435.183403411,1017566.7955732582
 08/14  03:00:00,3193773.579994607,220805.7469265172,1620984.2007493507,0.0,251435.183403411,1013431.0987219086
 08/14  04:00:00,3018294.9471971192,205066.65231194088,1493771.074290004,0.0,253359.4322559881,978980.4381457665
 08/14  05:00:00,2989056.826333397,188155.8933206071,1364561.2874549888,0.0,389467.96776161005,976799.0265536569
 08/14  06:00:00,4425609.7649481855,199252.2008499211,1443028.8462161561,0.0,1128892.6601785799,1588151.1173389698
 08/14  07:00:00,3274736.6962519293,176259.26645371673,1294245.8376655418,0.0,538789.678721595,1201050.828485504
 08/14  08:00:00,2781391.9825746706,169891.1441329541,1267594.5394244143,0.0,251435.183403411,1029973.8861273068
 08/14  09:00:00,2934083.734421483,186147.16954475667,1413499.5430543614,0.0,251435.183403411,1029973.8861273068
 08/14  10:00:00,3017528.6478580115,194437.9019432978,1504152.5535776233,0.0,251435.183403411,1025838.1892759572
 08/14  11:00:00,3100751.6537232706,204198.17666111048,1590872.272797981,0.0,251435.183403411,1025838.1892759572
 08/14  12:00:00,3429029.5798833594,229694.87051435828,1783063.6777190845,0.0,251435.183403411,1142109.5829786563
 08/14  13:00:00,3574337.296209461,229284.643864633,1775520.0583016765,0.0,487476.37598620495,1061223.8082280848
 08/14  14:00:00,3908900.8706420544,240111.8323581345,1842638.3702254202,0.0,723517.568568999,1081800.6896606395
 08/14  15:00:00,5028376.401090578,258896.88879073982,1959533.3128922584,0.0,1073730.8597380358,1713489.074401695
 08/14  16:00:00,4858700.343046127,267298.0994741235,1998596.4732532569,0.0,1200731.284008126,1356091.23296986
 08/14  17:00:00,4975134.417256419,271755.5310829863,2011589.2720053582,0.0,1231519.26564936,1390197.6972761813
 08/14  18:00:00,4929869.353519133,260832.15509868227,1920394.3362000843,0.0,1344408.531667218,1311435.414042766
 08/14  19:00:00,5063575.854539587,249759.45075027735,1824710.4567974028,0.0,1606106.375617707,1259898.9678400196
 08/14  20:00:00,5460075.997489742,244312.29211529053,1773338.2151654628,0.0,2057663.4396891391,1212421.2055719967
 08/14  21:00:00,6052117.248368817,240607.79157558712,1741665.9964161755,0.0,2555402.476222422,1315586.1630609564
 08/14  22:00:00,20633305.71115409,237241.56726159764,1709490.7338446183,0.0,1562490.0682926257,16951742.496807396
 08/14  23:00:00,7737677.495138968,201523.97251474042,1450768.8700486915,0.0,336102.13291680446,5629969.627002527
 08/14  24:00:00,2727512.3389798426,166896.59113637076,1196225.0249706837,0.0,251435.183403411,1025838.1892759572
 08/15  01:00:00,2559693.7859389954,147264.66671995565,1052174.0931976011,0.0,251435.183403411,1021702.4924246077
 08/15  02:00:00,2473957.4762726845,137024.72741045643,980813.419692139,0.0,251435.183403411,1017566.7955732582
 08/15  03:00:00,2407514.5114359064,128780.09732062837,926750.7817965389,0.0,251435.183403411,1013431.0987219086
 08/15  04:00:00,2399841.3256503954,128184.78695120444,923808.6032318012,0.0,251435.183403411,1009295.4018705591
 08/15  05:00:00,2327339.521173135,121595.5901186159,874940.6945380152,0.0,251435.183403411,1009295.4018705591
 08/15  06:00:00,2299274.0324359266,117649.9130623098,846337.2000323889,0.0,251435.183403411,1017566.7955732582
 08/15  07:00:00,2341980.4208588353,121555.18378814701,878760.7794657485,0.0,251435.183403411,1025838.1892759572
 08/15  08:00:00,2464780.6854006685,134870.21362217073,986004.1727611958,0.0,251435.183403411,1029973.8861273068
 08/15  09:00:00,3342335.770767831,169245.23357712594,1256197.1826734047,0.0,795356.192398545,1068509.2098271083
 08/15  10:00:00,5900844.392452406,246315.9654428513,1855098.2651467414,0.0,1298226.559205367,2459538.782999723
 08/15  11:00:00,8417501.502135849,332295.84663106746,2531046.317515657,0.0,1241781.926196438,4283969.580207875
 08/15  12:00:00,8163609.459924126,345110.27473202196,2663285.341268354,0.0,728648.8988425379,4403838.6798133645
 08/15  13:00:00,4543091.102033118,306815.9138814052,2403587.1762763397,0.0,723517.568568999,1088338.0334775136
 08/15  14:00:00,4508072.835972026,301283.6772932622,2380638.490620265,0.0,723517.568568999,1081800.6896606395
 08/15  15:00:00,4585815.760261685,308417.10693264304,2438797.8677999955,0.0,723517.568568999,1092356.9516921986
 08/15  16:00:00,4581517.579433395,304724.464508169,2396450.059387029,0.0,723517.568568999,1120842.2336284367
 08/15  17:00:00,6251370.901586869,322765.8894713422,2505759.8449339094,0.0,1231519.26564936,2121253.250289724
 08/15  18:00:00,5690429.701213658,301654.3176370037,2307977.2538453937,0.0,1616369.036164785,1371630.1770560935
 08/15  19:00:00,6279131.144388342,297445.7562217489,2215698.5571575332,0.0,2283441.9717248552,1359444.2557500254
 08/15  20:00:00,6770859.530544539,283553.4638609114,2062911.3727051658,0.0,2960777.567832003,1291276.281198606
 08/15  21:00:00,7416137.74182464,277461.5612024876,1987497.9803108887,0.0,3709951.787768697,1242371.5914488905
 08/15  22:00:00,4662067.868298609,226872.27165950817,1620798.9483568487,0.0,1562490.0682926257,1079565.7350417739
 08/15  23:00:00,3160675.913722774,185670.6167736596,1325902.5659988197,0.0,505436.0319435915,1024353.8063504982
 08/15  24:00:00,2669730.590957671,160466.25782532923,1144873.6102595537,0.0,251435.183403411,1025838.1892759572
 08/16  01:00:00,2509948.7251583952,141559.74647915817,1008133.9526577983,0.0,251435.183403411,1021702.4924246077
 08/16  02:00:00,2378318.663106686,126035.94196633034,896163.3919702667,0.0,251435.183403411,1017566.7955732582
 08/16  03:00:00,2273511.5763576054,113758.81358848499,807769.1304503811,0.0,251435.183403411,1013431.0987219086
 08/16  04:00:00,2181586.9221873814,102988.16363819248,730750.8230817991,0.0,251435.183403411,1009295.4018705591
 08/16  05:00:00,2092622.6350698161,94129.02039161217,667690.3781617004,0.0,251435.183403411,1009295.4018705591
 08/16  06:00:00,2536844.989204802,94375.07015711734,670334.51220393,0.0,690163.9217909954,1015686.5446882005
 08/16  07:00:00,3126132.087830104,105984.41144653318,759252.1460001298,0.0,1116064.3344947326,1080440.110963137
 08/16  08:00:00,2928290.698582126,117024.60183875852,856628.3744981273,0.0,821012.84376624,1071127.648992416
 08/16  09:00:00,3707366.5907502854,159137.95019240896,1195790.988094376,0.0,1203296.9491448957,1096112.7510269582
 08/16  10:00:00,3741433.480291834,213195.00203371656,1647138.2355703667,0.0,774830.871304389,1064604.5517256388
 08/16  11:00:00,7662502.10362773,326835.5931386481,2561012.6427239836,0.0,749174.2199366939,3997071.816243592
 08/16  12:00:00,6263822.29354422,388641.3932068711,3092652.1949962005,0.0,728648.8988425379,2031153.541230762
 08/16  13:00:00,5530801.096964704,406418.398829198,3291694.6862601317,0.0,723517.568568999,1088338.0334775136
 08/16  14:00:00,5915878.9120292375,446340.555974744,3643387.687995994,0.0,723517.568568999,1081800.6896606395
 08/16  15:00:00,6273676.375872535,468272.84330202267,3834469.21692723,0.0,840255.3322920112,1107952.7180834217
 08/16  16:00:00,6835831.582704599,480223.1525093949,3919513.389354173,0.0,1200731.284008126,1199380.5034921444
 08/16  17:00:00,7776549.7955755545,497774.9693907746,4012640.3884808775,0.0,1231519.26564936,1964542.5208120085
 08/16  18:00:00,10397665.93090895,487832.39424076036,3860898.451138066,0.0,1480388.7839160017,4475747.385103739
 08/16  19:00:00,10918257.002667882,469360.33693782316,3601193.339541722,0.0,2283441.9717248552,4441160.7509293
 08/16  20:00:00,7747536.195086423,393081.15585202567,2930060.345255936,0.0,2960777.567832003,1291276.281198606
 08/16  21:00:00,8111787.216297321,358697.2484866658,2601911.767499392,0.0,3709951.787768697,1242371.5914488905
 08/16  22:00:00,6226991.1705059055,308137.24674331496,2203415.036475976,0.0,2439947.5450677946,1103150.4972709669
 08/16  23:00:00,4094314.328137788,250473.21611261886,1780693.4202192945,0.0,928770.7795105589,1015064.0196391104
 08/16  24:00:00,3150078.87967107,207620.33613522415,1469974.662173059,0.0,376639.64207776263,1008726.8890916039
 08/17  01:00:00,2783684.1559568644,175688.71081636028,1238441.9804704215,0.0,292998.9586190769,989437.1558575856
 08/17  02:00:00,2523729.0944382977,150461.01212539215,1056644.5497763536,0.0,251435.183403411,978070.9989397216
 08/17  03:00:00,2397632.917402763,130715.57370713384,914933.71137689,0.0,251435.183403411,1013431.0987219086
 08/17  04:00:00,2245518.520766073,112526.83434805555,785143.750950627,0.0,251435.183403411,1009295.4018705591
 08/17  05:00:00,2105972.091801575,97366.79253399475,677802.0627510765,0.0,251435.183403411,1009295.4018705591
 08/17  06:00:00,2462352.612803305,86755.35397158051,606027.5171247395,0.0,687598.256654226,1015686.5446882005
 08/17  07:00:00,2812496.602125621,106316.82458311235,752802.5098375384,0.0,826144.174039779,1062842.00873962
 08/17  08:00:00,3073552.699869666,134506.14230276638,984408.835321659,0.0,821012.84376624,1071127.648992416
 08/17  09:00:00,4050288.4724388723,179904.42841269507,1372764.9589139433,0.0,1339277.201393679,1105313.9314269081
 08/17  10:00:00,3879424.8770256806,241097.02695048862,1898200.7705001067,0.0,643981.9493291444,1054480.310588218
 08/17  11:00:00,4001095.230917749,298702.9631468705,2396711.0635066996,0.0,251435.183403411,1025838.1892759572
 08/17  12:00:00,4830711.2931974325,375438.10407508764,3039002.15747243,0.0,251435.183403411,1142109.5829786563
 08/17  13:00:00,5523322.981920386,402928.9569504238,3287706.013094588,0.0,723517.568568999,1088338.0334775136
 08/17  14:00:00,5269133.181891093,431362.2567947557,3531393.748885409,0.0,251435.183403411,1034109.5829786563
 08/17  15:00:00,6117692.190977486,465683.55839440366,3813407.847054036,0.0,723517.568568999,1092356.9516921986
 08/17  16:00:00,6673186.902581247,480562.0580126344,3895467.8000532906,0.0,1081427.8551483443,1179745.9360262174
 08/17  17:00:00,6284305.095630689,437000.7324905679,3454638.769737505,0.0,987781.0776562574,1334811.864503825
 08/17  18:00:00,6171121.476213232,361618.19773169095,2759597.3655888536,0.0,795356.192398545,2161750.80398376
 08/17  19:00:00,6088852.794460654,326304.65832397254,2409079.975900608,0.0,1267438.5775641329,1962928.9791377606
 08/17  20:00:00,5605064.512324646,291656.8844185412,2116455.185410328,0.0,1831884.907653423,1192726.6898945011
 08/17  21:00:00,6267514.900856488,285540.4093288358,2049277.6807564844,0.0,2555402.476222422,1178439.5134550694
 08/17  22:00:00,4811054.170882805,245097.88763552188,1751559.6349650314,0.0,1562490.0682926257,1079565.7350417739
 08/17  23:00:00,3028010.994644851,200400.3680458465,1426888.6644120812,0.0,251435.183403411,1029973.8861273068
 08/17  24:00:00,2729506.455314922,168909.290012618,1196206.4424295162,0.0,251435.183403411,1025838.1892759572
 08/18  01:00:00,2547696.325285511,147688.00975019234,1039753.2895138805,0.0,251435.183403411,1021702.4924246077
 08/18  02:00:00,2359801.759503828,125689.47993800988,879886.8058347165,0.0,251435.183403411,1017566.7955732582
 08/18  03:00:00,2183635.327664688,104675.2557711507,728870.2950137855,0.0,251435.183403411,1013431.0987219086
 08/18  04:00:00,2029297.5521188676,85873.27413919895,595576.3425122786,0.0,251435.183403411,1009295.4018705591
 08/18  05:00:00,1880903.884410866,67580.01923206137,467369.7851504022,0.0,251435.183403411,1009295.4018705591
 08/18  06:00:00,1790966.025685802,55413.36723476115,383221.0401589264,0.0,251435.183403411,1017566.7955732582
 08/18  07:00:00,1854872.1957210721,62873.27345576954,437077.47658745124,0.0,251435.183403411,1025838.1892759572
 08/18  08:00:00,2674125.3469688734,88786.27490136126,625019.7835053097,0.0,821012.84376624,1071127.648992416
 08/18  09:00:00,2902270.328408927,119649.93062849074,861939.3323851612,0.0,795356.192398545,1068509.2098271083
 08/18  10:00:00,6602334.99001839,224659.99419861875,1650343.7098735855,0.0,1429075.4811806115,3252803.2742298776
 08/18  11:00:00,4895307.475438416,265489.854145481,1999591.3743204428,0.0,1366216.6853297588,1233707.8746189354
 08/18  12:00:00,5905895.245924128,336227.2188971747,2567051.3057518103,0.0,1677944.999447253,1301945.4565600406
 08/18  13:00:00,6143030.554267728,374351.5785688569,2888500.6227681455,0.0,1662551.0086266361,1196794.9344752284
 08/18  14:00:00,8490681.906768115,429462.03632917505,3319991.984077954,0.0,1426509.8160438421,3293885.6604882814
 08/18  15:00:00,7083125.552335262,443763.59286833915,3435610.3778115395,0.0,1190468.6234610481,1990556.6929264863
 08/18  16:00:00,6283528.160668738,441098.4390229319,3406334.680804776,0.0,1200731.284008126,1199380.5034921444
 08/18  17:00:00,15285542.511360487,458744.9124770259,3490979.059162385,0.0,1477823.1187792318,9786028.914260324
 08/18  18:00:00,12682540.02438924,431942.9019509398,3217587.4958234634,0.0,1888329.540662352,7053775.024881094
 08/18  19:00:00,6784673.292842874,369974.8086775907,2658180.9303511595,0.0,2283441.9717248552,1359444.2557500254
 08/18  20:00:00,7859880.777964899,343987.99078696134,2381014.733511395,0.0,2283441.9717248552,2694246.0805057343
 08/18  21:00:00,7480991.436616765,299693.2522013205,2043376.9721770934,0.0,3709951.787768697,1242371.5914488905
 08/18  22:00:00,4881037.408168985,236949.73438246694,1615793.5983871,0.0,1781854.437486418,1085461.9255990721
 08/18  23:00:00,2835893.352281047,173289.38485757954,1186663.8374047033,0.0,336102.13291680446,1028100.526201704
 08/18  24:00:00,2510183.975056884,138908.03068447218,952838.6422546243,0.0,314037.4127405868,1017282.5391837806
 08/19  01:00:00,2289849.583565387,118038.85200949061,809231.0958722973,0.0,261826.12720732746,1013636.1582828521
 08/19  02:00:00,2101411.98674954,97691.17280125612,669243.2385339506,0.0,251435.183403411,997818.8972564898
 08/19  03:00:00,1934402.0699200253,80452.71533624257,550816.8731539617,0.0,251435.183403411,966473.8032719777
 08/19  04:00:00,1885425.4728976458,68497.63746750292,469079.89996275306,0.0,251435.183403411,1009295.4018705591
 08/19  05:00:00,1811072.744683245,55935.97824496663,382798.58414955146,0.0,285943.37949296075,1001171.3080413336
 08/19  06:00:00,2518672.588911267,51368.66673671019,351128.8670372134,0.0,1018569.0592974913,1014276.3565244072
 08/19  07:00:00,3042183.2841751836,63583.07682814841,437621.128033326,0.0,826144.174039779,1637186.8322754472
 08/19  08:00:00,6429981.893409795,128788.4047425173,902197.7064451105,0.0,1105801.6739476547,4225015.312470965
 08/19  09:00:00,5404982.211270007,161449.51985159516,1175018.6006510493,0.0,1339277.201393679,2672421.226204063
 08/19  10:00:00,4041000.7194546564,202021.33771128225,1533767.8419896557,0.0,1167377.6372301225,1092381.3719878988
 08/19  11:00:00,4164019.281477166,263893.40265575657,2048583.921318884,0.0,749174.2199366939,1072066.0505420333
 08/19  12:00:00,4920471.487103043,336202.84478972893,2637556.612641562,0.0,728648.8988425379,1195336.8655613665
 08/19  13:00:00,5624745.136704806,373846.4889147714,2964693.3989826217,0.0,723517.568568999,1541855.270409553
 08/19  14:00:00,6742216.777487383,435020.32358986756,3462322.990006187,0.0,1073730.8597380358,1750310.194324432
 08/19  15:00:00,8163407.57856422,489775.8439567312,3882368.325329975,0.0,1190468.6234610481,2578068.5205486175
 08/19  16:00:00,34702568.88790751,534742.1090122419,4201467.65167138,0.0,1436772.47659092,28493603.39729221
 08/19  17:00:00,7915653.087986086,527507.670859778,4089274.9606981603,0.0,1724126.971909104,1502776.977837523
 08/19  18:00:00,8968326.377453001,490328.95810034516,3709039.406625085,0.0,1888329.540662352,2789723.4109938256
 08/19  19:00:00,9301661.98284281,443084.431823121,3241858.196646657,0.0,2283441.9717248552,3219646.0563089345
 08/19  20:00:00,8131677.411739147,395614.53450386686,2819470.166000029,0.0,2734999.035796287,2024403.6740030104
 08/19  21:00:00,6368842.50430923,341755.90199609386,2410984.2944315188,0.0,2268047.980904238,1162456.4939566143
 08/19  22:00:00,4619235.64490761,282728.13368313893,1983995.1150783235,0.0,1123761.329905041,1067773.3539271771
 08/19  23:00:00,3576700.535695453,232844.07730389945,1619535.559609417,0.0,590102.981456985,1022480.4464248953
 08/19  24:00:00,2922506.6555720232,190492.66544610733,1313576.6880081287,0.0,314037.4127405868,1017282.5391837806
 08/20  01:00:00,2612945.8362130914,159562.29815160666,1093128.5120400458,0.0,251435.183403411,1021702.4924246077
 08/20  02:00:00,2412192.545814726,134976.0307015161,921097.1859431211,0.0,251435.183403411,1017566.7955732582
 08/20  03:00:00,2245105.4264496462,114355.6184338434,778766.1756970633,0.0,251435.183403411,1013431.0987219086
 08/20  04:00:00,2117789.6643258915,98620.82734713574,671320.9015113658,0.0,251435.183403411,1009295.4018705591
 08/20  05:00:00,2006645.292120363,86503.01550506073,589339.0400987987,0.0,251435.183403411,1009295.4018705591
 08/20  06:00:00,2448102.6867001066,86536.80137798382,591996.1436151378,0.0,687598.256654226,1015686.5446882005
 08/20  07:00:00,3080116.2399651087,103227.4169260344,715993.2926556332,0.0,1116064.3344947326,1080440.110963137
 08/20  08:00:00,3487972.9570961976,113474.80843748456,810936.6182021635,0.0,1390590.5041290692,1110473.7968408966
 08/20  09:00:00,3889405.5334850475,163926.68132414366,1227859.7670486697,0.0,1339277.201393679,1105313.9314269081
 08/20  10:00:00,4577792.495603101,239084.61193307408,1897176.192731619,0.0,1298226.559205367,1101640.3120753188
 08/20  11:00:00,5458151.642726463,330795.34038913815,2738795.6198313404,0.0,1241781.926196438,1118370.924724736
 08/20  12:00:00,7389169.378138776,441523.40756051976,3739360.376954496,0.0,1205862.614281665,1979696.7140742461
 08/20  13:00:00,6638035.824963933,469645.36857080064,4075112.6918223044,0.0,956993.0960150235,1115452.2587269424
 08/20  14:00:00,6304318.344995728,509880.0054826787,4488061.16330212,0.0,251435.183403411,1034109.5829786563
 08/20  15:00:00,7246498.088471407,534742.1090122419,4740821.663815884,0.0,840255.3322920112,1107952.7180834217
 08/20  16:00:00,8450356.89707971,534742.1090122419,4748464.194212893,0.0,1200731.284008126,1930436.0565056875
 08/20  17:00:00,8088277.343418783,534742.1090122419,4710448.873533195,0.0,1354671.192214296,1418342.5174165168
 08/20  18:00:00,8510436.004984532,534742.1090122419,4562740.498730134,0.0,1888329.540662352,1431824.940069421
 08/20  19:00:00,8642410.779133394,534742.1090122419,4341681.839112093,0.0,2283441.9717248552,1359444.2557500254
 08/20  20:00:00,9012244.433645587,516783.5165279859,4071066.2231391384,0.0,2960777.567832003,1291276.281198606
 08/20  21:00:00,7998986.705316632,460926.18734661036,3605363.7071988536,0.0,2555402.476222422,1178439.5134550694
 08/20  22:00:00,6832390.965397289,407160.86328001774,3160312.3343328377,0.0,2001218.8066802102,1091358.1161563704
 08/20  23:00:00,4629077.967840451,342247.46787297877,2637727.7690171767,0.0,505436.0319435915,1024353.8063504982
 08/20  24:00:00,3985164.917017134,301367.8357131038,2319406.358431242,0.0,251435.183403411,1025838.1892759572
 08/21  01:00:00,3783524.351708456,278721.76317343494,2144547.5625135824,0.0,251435.183403411,1021702.4924246077
 08/21  02:00:00,3574162.2295923913,255926.87195328565,1962116.0284690165,0.0,251435.183403411,1017566.7955732582
 08/21  03:00:00,3411834.2458747867,239145.8352795436,1820704.7782765043,0.0,251435.183403411,1013431.0987219086
 08/21  04:00:00,3251550.0088105593,223015.74732636192,1680686.3260168077,0.0,251435.183403411,1009295.4018705591
 08/21  05:00:00,3149881.6457301416,209078.48484645045,1557231.7198465387,0.0,320451.57558251056,993047.2142121079
 08/21  06:00:00,3192254.488395128,195277.26693939327,1444548.8909316282,0.0,469516.72002881847,1016626.6701307293
 08/21  07:00:00,2951025.7842767145,190085.0097549513,1419276.3169168234,0.0,251435.183403411,1025838.1892759572
 08/21  08:00:00,3837458.8620708687,217732.12542854436,1665089.0143970842,0.0,821012.84376624,1071127.648992416
 08/21  09:00:00,4284775.163019862,262805.67080201727,2105076.1377005447,0.0,795356.192398545,1068509.2098271083
 08/21  10:00:00,5099182.800183367,340085.3324887726,2877997.225006844,0.0,774830.871304389,1064604.5517256388
 08/21  11:00:00,6034587.131347928,429529.4709857794,3755409.5582986115,0.0,749174.2199366939,1072066.0505420333
 08/21  12:00:00,7678942.884233575,528705.9613030809,4673006.882320277,0.0,1205862.614281665,1248641.1610607035
 08/21  13:00:00,7173665.886563031,534742.1090122419,4806235.765675415,0.0,723517.568568999,1088338.0334775136
 08/21  14:00:00,7972270.226900181,534742.1090122419,4880321.896815898,0.0,723517.568568999,1812856.2426741822
 08/21  15:00:00,7288777.0845707245,534742.1090122419,4915434.190029437,0.0,723517.568568999,1092356.9516921986
 08/21  16:00:00,7322186.447167205,534742.1090122419,4907101.282616766,0.0,723517.568568999,1120842.2336284367
 08/21  17:00:00,7183669.142527603,534742.1090122419,4857940.447830433,0.0,497739.03653328295,1223174.897909111
 08/21  18:00:00,8698797.870968053,534742.1090122419,4684357.346721902,0.0,1344408.531667218,2042490.9670563089
 08/21  19:00:00,8105934.460484775,534742.1090122419,4387866.183476338,0.0,1775440.274644494,1284785.289817521
 08/21  20:00:00,9838323.814330742,534742.1090122419,4148131.458326496,0.0,2960777.567832003,2022331.834212149
 08/21  21:00:00,9704344.566712435,534142.5951219484,4019023.7712792223,0.0,3709951.787768697,1242371.5914488905
 08/21  22:00:00,8125560.710853228,469245.05320778774,3490355.650856645,0.0,2878676.2834553793,1114942.8783855636
 08/21  23:00:00,4889667.97385278,365359.19269469206,2709599.617803054,0.0,674769.9309703785,1020626.3397284491
 08/21  24:00:00,4090152.1718758936,312990.84075756534,2304677.449755542,0.0,376639.64207776263,1008726.8890916039
 08/22  01:00:00,3697525.8960343422,279774.90720750776,2042136.7969747556,0.0,324556.6398013417,963940.2018573175
 08/22  02:00:00,3345592.6080955993,250904.25522322248,1819291.2190693626,0.0,251435.183403411,936844.6002061832
 08/22  03:00:00,3220314.627161434,227513.68018949527,1640817.3146531992,0.0,251435.183403411,1013431.0987219086
 08/22  04:00:00,3000538.044889954,202275.74338725058,1450414.3660353133,0.0,251435.183403411,1009295.4018705591
 08/22  05:00:00,2942893.1333845467,188877.18773038086,1344060.4023566898,0.0,354959.7716720603,984923.1203828824
 08/22  06:00:00,3200863.974730575,176877.70921186224,1254416.523811728,0.0,687598.256654226,1015686.5446882005
 08/22  07:00:00,4133333.963510204,192201.56910593045,1372718.6013423621,0.0,1405984.494949686,1098038.213186654
 08/22  08:00:00,4269668.886883086,204563.14473397136,1501544.211692565,0.0,1390590.5041290692,1110473.7968408966
 08/22  09:00:00,4519879.380891625,234574.1023917908,1787686.1933875997,0.0,1339277.201393679,1105313.9314269081
 08/22  10:00:00,5185038.833913148,309143.4009480097,2434363.7420267304,0.0,1298226.559205367,1101640.3120753188
 08/22  11:00:00,5857156.525434554,381014.50547953893,3087581.337449029,0.0,1241781.926196438,1118370.924724736
 08/22  12:00:00,6376488.868278049,463365.668277536,3833762.414364987,0.0,847952.3277023197,1208682.1926653574
 08/22  13:00:00,5729323.180679621,467251.60466156754,3955694.3998071253,0.0,251435.183403411,1034109.5829786563
 08/22  14:00:00,6669323.577395443,521294.2160032565,4451822.066295579,0.0,605496.972277602,1069877.9129901438
 08/22  15:00:00,6954544.432324745,534742.1090122419,4581201.537783457,0.0,723517.568568999,1092356.9516921986
 08/22  16:00:00,6963061.763592208,534742.1090122419,4547976.599041769,0.0,723517.568568999,1120842.2336284367
 08/22  17:00:00,7083790.491789306,534742.1090122419,4455506.810139907,0.0,744042.889663155,1279426.0317314686
 08/22  18:00:00,7475474.859565981,524110.99741658603,4202720.999929028,0.0,1344408.531667218,1311435.414042766
 08/22  19:00:00,9851296.036344554,505336.1875409867,3826961.3414901015,0.0,1944774.173671281,3451123.7301080045
 08/22  20:00:00,9835157.623868423,460731.19279947865,3330661.4140325096,0.0,2960777.567832003,2910646.6042565787
 08/22  21:00:00,7662450.665574089,386281.179752093,2734231.98028078,0.0,3132677.1319955597,1210405.55245198
 08/22  22:00:00,5594956.081546474,289341.4061781972,2040696.907583844,0.0,2001218.8066802102,1091358.1161563704
 08/22  23:00:00,3338510.595571072,199304.67908056616,1407309.5959524193,0.0,590102.981456985,1022480.4464248953
 08/22  24:00:00,9995927.585387269,235304.4503319997,1640739.337585695,0.0,376639.64207776263,7656126.805198393
 08/23  01:00:00,2965861.2204805072,200748.09427346874,1395559.6615369562,0.0,292998.9586190769,989437.1558575856
 08/23  02:00:00,2706235.7112490064,172650.71649571764,1197213.5638999683,0.0,251435.183403411,997818.89725649
 08/23  03:00:00,2548154.7555641555,150855.79500002007,1045315.328245396,0.0,251435.183403411,1013431.0987219086
 08/23  04:00:00,2408226.080395029,134943.1500074408,934898.5665442699,0.0,252076.5996876034,999190.4139622949
 08/23  05:00:00,2407540.3466604673,122557.01902084332,848643.6820818235,0.0,389467.96776161005,976799.0265536569
 08/23  06:00:00,2707918.10924011,117925.71513205502,820422.6524010696,0.0,687598.256654226,1015686.5446882005
 08/23  07:00:00,3679335.6430460466,137487.30078208045,973434.5492020546,0.0,1405984.494949686,1098038.213186654
 08/23  08:00:00,4449701.134929719,170607.65990244164,1253577.11975715,0.0,1821622.247106345,1141396.8786771987
 08/23  09:00:00,4585428.624796871,205079.26686624112,1594029.2651493838,0.0,1608672.0407544763,1124620.0997351222
 08/23  10:00:00,5063643.612015529,285012.8177754729,2337099.103301648,0.0,1298226.559205367,1101640.3120753188
 08/23  11:00:00,5932080.806422748,387018.6233640824,3291229.645663292,0.0,1118629.999631502,1106794.7061790603
 08/23  12:00:00,6672512.117168179,486757.16716486344,4239042.920331563,0.0,728648.8988425379,1195336.8655613665
 08/23  13:00:00,6510221.733909041,510888.6836934502,4561378.16508855,0.0,369455.779694808,1047666.6956033706
 08/23  14:00:00,6948469.940969407,534742.1090122419,4847463.909822451,0.0,487476.37598620495,1057955.136319648
 08/23  15:00:00,6720368.687016781,534742.1090122419,4881491.243205973,0.0,251435.183403411,1029973.8861273068
 08/23  16:00:00,8729813.96517618,534742.1090122419,4852617.694598656,0.0,723517.568568999,2582953.3396555223
 08/23  17:00:00,7393294.617934263,534742.1090122419,4765010.936284864,0.0,744042.889663155,1279426.0317314686
 08/23  18:00:00,7540659.89546215,534742.1090122419,4592861.157927206,0.0,1069882.3620328815,1250375.349979438
 08/23  19:00:00,8473377.662242549,534742.1090122419,4366868.943225534,0.0,2114108.072698068,1334557.9337725241
 08/23  20:00:00,9614510.6548782,530283.6927046397,4178381.352012184,0.0,2509220.503760571,2224284.261452952
 08/23  21:00:00,7888972.260293445,467255.6109736315,3646191.2212875066,0.0,1693338.9902678702,1883331.6166707608
 08/23  22:00:00,6429138.45293639,405458.7041261321,3139211.717010133,0.0,1343125.6990988334,1369001.4877534388
 08/23  23:00:00,5165057.453719965,358268.97267553065,2744884.8146355124,0.0,420769.082430198,1521821.6913225187
 08/23  24:00:00,4104029.347955171,317829.01098834974,2421809.614094034,0.0,251435.183403411,1025838.1892759572
 08/24  01:00:00,3847337.6080589667,289842.46827737964,2197240.1137601486,0.0,251435.183403411,1021702.4924246077
 08/24  02:00:00,3637150.1602656366,267088.5572887293,2013942.2738068183,0.0,251435.183403411,1017566.7955732582
 08/24  03:00:00,3470622.372408824,249197.58469108844,1869441.1553989958,0.0,251435.183403411,1013431.0987219086
 08/24  04:00:00,3332750.2340667727,234103.62825848052,1750798.6703409022,0.0,251435.183403411,1009295.4018705591
 08/24  05:00:00,3360735.3117933357,220941.64730189036,1651037.9824356434,0.0,458997.4929680635,959685.5378452048
 08/24  06:00:00,5401400.739963955,239923.90854911704,1787154.561689257,0.0,1565055.733429395,1742981.5959316278
 08/24  07:00:00,3723905.07389298,208099.2443496979,1562428.561838312,0.0,826144.174039779,1062842.00873962
 08/24  08:00:00,3764856.4561359375,210658.02498759347,1599560.7089031038,0.0,821012.84376624,1071127.648992416
 08/24  09:00:00,3856886.778798196,222482.5682301033,1717510.8560507926,0.0,795356.192398545,1068509.2098271083
 08/24  10:00:00,4087178.858128695,248684.21984793668,1957394.395593007,0.0,774830.871304389,1064604.5517256388
 08/24  11:00:00,4612866.297155309,306614.6860602111,2456603.50903156,0.0,749174.2199366939,1072066.0505420333
 08/24  12:00:00,5986780.264368838,394564.41128882417,3203769.2493778924,0.0,609345.4699827562,1756374.8684515161
 08/24  13:00:00,7556128.48288585,467827.708309435,3846666.974818876,0.0,1190468.6234610481,2030332.7664676288
 08/24  14:00:00,6846975.624232398,511792.77639932075,4251711.098987563,0.0,956993.0960150235,1105646.243001631
 08/24  15:00:00,6844404.849591266,534742.1090122419,4471061.955049979,0.0,723517.568568999,1092356.9516921986
 08/24  16:00:00,8675346.584782772,534742.1090122419,4485548.960330802,0.0,1081427.8551483443,2537644.406950622
 08/24  17:00:00,10827825.731058106,534742.1090122419,4467079.418323479,0.0,1231519.26564936,4524412.28683049
 08/24  18:00:00,10300564.997319737,534742.1090122419,4386861.910785537,0.0,1616369.036164785,3669793.024846791
 08/24  19:00:00,8550274.046555113,534742.1090122419,4249545.1065338105,0.0,2283441.9717248552,1359444.2557500254
 08/24  20:00:00,7211070.075200288,513634.8819665606,3991428.8461643737,0.0,1380327.8435819913,1153337.6585395094
 08/24  21:00:00,6685524.478918273,453461.4921928886,3512716.235220774,0.0,1405984.494949686,1114507.4354612487
 08/24  22:00:00,4919713.562921835,393769.53940517106,3059787.018484044,0.0,251435.183403411,1042380.9766813554
 08/24  23:00:00,4520617.318614083,355360.56693170336,2764534.789495457,0.0,251435.183403411,1029973.8861273068
 08/24  24:00:00,4226240.03211755,325938.8232775102,2535910.485967253,0.0,251435.183403411,1025838.1892759572
 08/25  01:00:00,4051970.091899315,306551.2538643697,2385163.8120135064,0.0,251435.183403411,1021702.4924246077
 08/25  02:00:00,3902114.869014047,290368.91975148336,2257520.4755314626,0.0,251435.183403411,1017566.7955732582
 08/25  03:00:00,3778593.5045022676,277228.8530700545,2151274.8745524613,0.0,251435.183403411,1013431.0987219086
 08/25  04:00:00,3678882.698920337,266607.90500430966,2064426.8584486376,0.0,251435.183403411,1009295.4018705591
 08/25  05:00:00,3559252.694254809,253530.48312788186,1959768.1310985244,0.0,251435.183403411,1009295.4018705591
 08/25  06:00:00,4035871.437173037,257802.39280622877,1991454.6037089364,0.0,687598.256654226,1015686.5446882005
 08/25  07:00:00,4352330.734716415,271419.1094419887,2114277.3694965453,0.0,826144.174039779,1062842.00873962
 08/25  08:00:00,4551635.069283774,289490.3307533248,2301825.4499682477,0.0,821012.84376624,1071127.648992416
 08/25  09:00:00,4806844.924385349,313812.8551406511,2572351.003849423,0.0,795356.192398545,1068509.2098271083
 08/25  10:00:00,5481557.686067021,365480.9950209665,3091080.8754176646,0.0,905679.7932796334,1073863.4918130587
 08/25  11:00:00,7114352.10962437,449072.45622045384,3868147.893684426,0.0,1615086.2035964003,1151743.8690992917
 08/25  12:00:00,7580729.153719801,527435.7782693302,4576063.334840253,0.0,1205862.614281665,1248641.1610607035
 08/25  13:00:00,7556549.994589483,534742.1090122419,4667940.368310962,0.0,1190468.6234610481,1142566.483976371
 08/25  14:00:00,7549588.619364975,534742.1090122419,4674053.680720202,0.0,1190468.6234610481,1129491.7963426227
 08/25  15:00:00,7560305.85159455,534742.1090122419,4657628.83659632,0.0,1190468.6234610481,1154740.017257091
 08/25  16:00:00,7581782.921687292,534742.1090122419,4610945.771834019,0.0,1200731.284008126,1199380.5034921444
 08/25  17:00:00,7763289.06247414,534742.1090122419,4534863.483854836,0.0,1231519.26564936,1390197.6972761813
 08/25  18:00:00,8835257.850005327,534742.1090122419,4415253.582388608,0.0,1480388.7839160017,2313968.3136170805
 08/25  19:00:00,8932692.584696207,534742.1090122419,4226472.141753179,0.0,1606106.375617707,2451740.6319738366
 08/25  20:00:00,8017497.412189854,534742.1090122419,4055480.656480523,0.0,2057663.4396891391,1212421.2055719967
 08/25  21:00:00,6816533.509413947,486641.8627400041,3623801.8832422444,0.0,1405984.494949686,1114507.4354612487
 08/25  22:00:00,5841164.308013206,414991.2963153389,3073660.615551721,0.0,1123761.329905041,1067773.3539271771
 08/25  23:00:00,4286645.295078745,345009.86029016547,2548488.894357606,0.0,251435.183403411,1029973.8861273068
 08/25  24:00:00,3887388.8460070956,301658.65689921705,2221339.466235091,0.0,251435.183403411,1025838.1892759572
 08/26  01:00:00,3630504.729370719,271510.7677062303,1998738.9356430497,0.0,251435.183403411,1021702.4924246077
 08/26  02:00:00,3425793.4549235664,247553.16350630054,1824014.8176861643,0.0,251435.183403411,1017566.7955732582
 08/26  03:00:00,3266594.173361093,228957.9714220789,1687546.4250592615,0.0,251435.183403411,1013431.0987219086
 08/26  04:00:00,3072814.6012358638,206249.4475166659,1518717.218251808,0.0,251435.183403411,1009295.4018705591
 08/26  05:00:00,2951696.648696864,192541.54731453,1413201.0213539316,0.0,251435.183403411,1009295.4018705591
 08/26  06:00:00,2821893.486456911,176018.6489296286,1293543.219235168,0.0,251435.183403411,1017566.7955732582
 08/26  07:00:00,4449429.241177875,203941.88554452168,1511719.3007877497,0.0,1548378.9100403932,1107741.0718067267
 08/26  08:00:00,4501344.078447983,224909.3390408513,1707191.6426336193,0.0,1390590.5041290692,1110473.7968408966
 08/26  09:00:00,4794718.212690137,260279.3168680591,2033032.0998318694,0.0,1339277.201393679,1105313.9314269081
 08/26  10:00:00,5097437.123089114,310267.0441423268,2481506.6354389107,0.0,1167377.6372301225,1092833.275742056
 08/26  11:00:00,5735249.726844598,380963.2815883952,3098560.0524218422,0.0,1118629.999631502,1106794.7061790605
 08/26  12:00:00,6720689.645633439,475360.7400776351,3900728.3676802022,0.0,1086559.1854218834,1235315.0871858692
 08/26  13:00:00,6766939.642669288,503056.7354232931,4170605.142675168,0.0,956993.0960150235,1115452.2587269421
 08/26  14:00:00,6770508.993217155,530889.5190181847,4413468.806140471,0.0,723517.568568999,1081800.6896606395
 08/26  15:00:00,6811130.751994506,534742.1090122419,4437787.857453218,0.0,723517.568568999,1092356.9516921986
 08/26  16:00:00,7087365.483114944,534742.1090122419,4394404.325913089,0.0,962124.4262885625,1160111.3685602907
 08/26  17:00:00,6949750.139024338,534742.1090122419,4319572.601935952,0.0,744042.889663155,1279426.0317314686
 08/26  18:00:00,7988966.054201534,526974.0388799701,4151980.5723754754,0.0,1207145.4468500498,2011960.9350246447
 08/26  19:00:00,7714673.708561573,480427.8746556821,3671948.5010960554,0.0,2114108.072698068,1334557.9337725241
 08/26  20:00:00,8118925.257320721,439838.3675534538,3269843.039300705,0.0,2960777.567832003,1291276.281198606
 08/26  21:00:00,8563469.900788015,412566.1420437925,3012982.5465058703,0.0,3709951.787768697,1242371.5914488905
 08/26  22:00:00,6122666.837819049,347583.9681420619,2521528.2345264787,0.0,2001218.8066802102,1091358.1161563704
 08/26  23:00:00,4458385.489832225,292435.85006498283,2110377.3697173167,0.0,928770.7795105589,1015064.0196391104
 08/26  24:00:00,3984299.916864782,255137.2137009713,1831624.9300408936,0.0,502357.2337794681,1308063.1891500298
 08/27  01:00:00,3175035.1319389194,221451.08606371193,1584030.5812051252,0.0,292998.9586190769,989437.1558575856
 08/27  02:00:00,2902219.7254153444,195240.36388748267,1390355.8289913095,0.0,251435.183403411,978070.9989397216
 08/27  03:00:00,2756959.499549863,173768.53739366413,1231207.3298374596,0.0,251435.183403411,1013431.0987219086
 08/27  04:00:00,2590623.339561703,154459.08682645008,1088316.3172678635,0.0,251435.183403411,1009295.4018705591
 08/27  05:00:00,2430492.078140608,137179.53202314634,962509.3096009579,0.0,251435.183403411,1009295.4018705591
 08/27  06:00:00,2523408.9091723524,121147.27088256364,849833.3077656825,0.0,469516.7200288185,1016626.6701307293
 08/27  07:00:00,4351406.863048542,149739.57975260972,1055957.0685597132,0.0,1261024.4147222093,1820294.7150884382
 08/27  08:00:00,3885375.1429764354,160869.49467812438,1160944.1178417616,0.0,1390590.5041290692,1110473.7968408966
 08/27  09:00:00,4132244.285756316,193983.6427858038,1440641.557858278,0.0,1339277.201393679,1105313.9314269081
 08/27  10:00:00,4323337.919834312,250748.46421682875,1911273.4888044037,0.0,1036528.715254878,1083122.431900479
 08/27  11:00:00,4704791.090341925,324521.47461466916,2530621.513663718,0.0,749174.2199366939,1072066.0505420333
 08/27  12:00:00,5666588.992659203,400997.0656764034,3181733.247705159,0.0,728648.8988425379,1332483.5151672536
 08/27  13:00:00,6688283.354158539,442893.0756765292,3563718.5868509365,0.0,723517.568568999,1937321.7132332132
 08/27  14:00:00,19902078.85974232,529762.2698273635,4254434.0023767445,0.0,723517.568568999,14373532.609140351
 08/27  15:00:00,8377272.698273139,530006.6546564269,4253766.196820554,0.0,1073730.8597380358,2497042.7217902723
 08/27  16:00:00,8842887.373807611,534742.1090122419,4252679.900896366,0.0,1200731.284008126,2818750.826550117
 08/27  17:00:00,7404439.035735428,534742.1090122419,4177907.312555111,0.0,1231519.26564936,1390197.6972761813
 08/27  18:00:00,7794037.206268886,500485.30136233196,3813853.4896726436,0.0,1344408.531667218,2042490.9670563089
 08/27  19:00:00,7081975.113914451,442765.1463973808,3261663.578516585,0.0,1944774.173671281,1309671.6117950226
 08/27  20:00:00,7713587.417433062,403900.9828933176,2885291.740561283,0.0,2960777.567832003,1291276.281198606
 08/27  21:00:00,8277661.308967711,372915.35137817217,2616421.1076723896,0.0,3709951.787768697,1379518.2410547775
 08/27  22:00:00,4317243.397541963,277473.1068486396,1940872.1110083987,0.0,251435.183403411,1675122.1513336604
 08/27  23:00:00,3852484.6044417447,228862.20619402904,1590159.2614084876,0.0,251435.183403411,1662715.0607796116
 08/27  24:00:00,3416726.247634895,191889.98979800788,1327832.4425345515,0.0,251435.183403411,1558451.2817055045
 08/28  01:00:00,22577990.051984318,161265.82311504736,1115036.4327109337,0.0,251435.183403411,20963135.262561508
 08/28  02:00:00,2513880.173071843,146381.02453739746,1011379.8193643567,0.0,251435.183403411,1017566.7955732582
 08/28  03:00:00,2330218.98404103,123667.09963363376,854568.252088657,0.0,251435.183403411,1013431.0987219086
 08/28  04:00:00,2112191.7691608975,98984.03588908407,684286.9410525672,0.0,252718.01597179574,989085.4260540307
 08/28  05:00:00,2070312.8557119593,80198.66022132854,553774.5499328303,0.0,389467.96776161005,976799.0265536569
 08/28  06:00:00,3197911.8161629033,80315.29911115419,553974.8754892885,0.0,908245.4584164029,1589091.242781499
 08/28  07:00:00,2971333.1504670586,88957.17486369837,617697.9182672118,0.0,972387.0868356405,1227899.8855749369
 08/28  08:00:00,2458986.5727938805,99781.20485391917,709933.3573086906,0.0,536224.0135848256,1050550.7675598613
 08/28  09:00:00,2760403.9927266464,135585.64962923247,999153.1549275813,0.0,523395.68790097797,1049241.5479772077
 08/28  10:00:00,3140911.979246809,194803.53044914172,1486629.743872912,0.0,382284.1053786555,1035529.7798883775
 08/28  11:00:00,5945909.578659106,300036.73400419555,2334113.6365642874,0.0,749174.2199366939,2534177.1565691186
 08/28  12:00:00,5200639.974427069,365427.30801001843,2888500.6367452964,0.0,728648.8988425379,1195336.8655613665
 08/28  13:00:00,5889975.127042962,408316.7399294193,3258085.7461949894,0.0,1073730.8597380358,1129009.3713516565
 08/28  14:00:00,6500289.989563332,462275.3466013598,3697221.8133294405,0.0,1190468.6234610481,1129491.7963426227
 08/28  15:00:00,7353065.551487233,505713.19814267434,4025900.2104265317,0.0,1190468.6234610481,1608257.2541891304
 08/28  16:00:00,7849134.571334349,522313.1241750461,4119878.1641544863,0.0,1318751.880299523,1852208.1493645334
 08/28  17:00:00,14208358.93028685,517764.299023042,4020884.4165634094,0.0,1354671.1922142957,8244966.37124357
 08/28  18:00:00,10107608.387312068,500773.2053810328,3767108.9202536624,0.0,1480388.7839160017,4266538.561250988
 08/28  19:00:00,9042591.9337104,452676.0130311352,3256821.7948930496,0.0,2283441.9717248552,2926551.5505271796
 08/28  20:00:00,7452404.599306586,380545.43586821225,2647464.4694599123,0.0,2960777.567832003,1291276.281198606
 08/28  21:00:00,7790486.474098461,336542.9332540084,2302765.3405331904,0.0,3709951.787768697,1242371.5914488905
 08/28  22:00:00,5390334.780541368,272273.63819286355,1853143.3745640717,0.0,2001218.8066802102,1091358.1161563704
 08/28  23:00:00,2989247.6529353317,203930.79841353488,1384594.8923348738,0.0,251435.183403411,1029973.8861273068
 08/28  24:00:00,2617865.235310363,161307.3499217426,1092167.1625158326,0.0,251435.183403411,1025838.1892759572
 08/29  01:00:00,2353075.4210250746,127965.4703323034,864854.9246713321,0.0,251435.183403411,1021702.4924246077
 08/29  02:00:00,2121234.166534184,98662.80898079052,666452.0283833044,0.0,251435.183403411,1017566.7955732582
 08/29  03:00:00,1962716.9519171747,78769.92718771752,531963.3924107179,0.0,251435.183403411,1013431.0987219086
 08/29  04:00:00,1812106.8732475895,59886.79981422528,404372.1379659741,0.0,251435.183403411,1009295.4018705591
 08/29  05:00:00,3312585.660566572,56809.08751203627,382914.40182532906,0.0,493762.25557129027,2309027.2644153833
 08/29  06:00:00,2156987.4024142288,36451.93844277865,246753.08716178403,0.0,687598.256654226,1119899.1797908812
 08/29  07:00:00,2985311.3460279647,53298.366562430165,363599.1864036228,0.0,1405984.494949686,1098038.213186654
 08/29  08:00:00,3205395.793993335,80456.11311126282,561378.1504255228,0.0,1390590.5041290692,1110473.7968408966
 08/29  09:00:00,2928847.4123694664,104187.50626915257,762585.1189342804,0.0,931336.4446473285,1077710.3902270582
 08/29  10:00:00,3522083.2565299547,189855.20868607634,1451127.8051561275,0.0,774830.871304389,1064604.5517256388
 08/29  11:00:00,4310040.623711161,277887.37424407323,2182505.1474035503,0.0,749174.2199366939,1072066.0505420333
 08/29  12:00:00,5230083.435394812,366099.2069859048,2917272.198737154,0.0,728648.8988425379,1195336.8655613665
 08/29  13:00:00,5574584.24907537,412415.2447554615,3329480.9924445343,0.0,723517.568568999,1088338.0334775136
 08/29  14:00:00,6083944.706068847,467594.6539586602,3790199.384051687,0.0,723517.568568999,1081800.6896606395
 08/29  15:00:00,6583755.102342123,522581.2769560111,4222573.039857065,0.0,723517.568568999,1092356.9516921986
 08/29  16:00:00,7083288.846111096,520130.3470683696,4180905.6515062912,0.0,723517.568568999,1622752.0256266769
 08/29  17:00:00,9874097.511857167,534270.5853297812,4216333.964037167,0.0,1109650.1716528086,3943770.139594875
 08/29  18:00:00,11299440.113839317,516196.9360922622,3927950.207904729,0.0,1344408.531667218,5418085.521664727
 08/29  19:00:00,7863934.917423443,434479.48778706696,3161921.2293189485,0.0,1944774.173671281,2199659.4231119663
 08/29  20:00:00,8019020.513296557,368606.4073519221,2593278.237313868,0.0,2960777.567832003,1924017.4558509109
 08/29  21:00:00,6380837.567366166,265386.28380834067,1853350.8129509918,0.0,2268047.980904238,1795197.668608919
 08/29  22:00:00,4198749.565744396,179864.64754335902,1254884.971538993,0.0,687598.256654226,1904060.8450599657
 08/29  23:00:00,30081154.36440241,200515.16087684006,1382578.0194564648,0.0,251435.183403411,28127313.10800949
 08/29  24:00:00,2900785.2163093546,194621.9561875512,1341772.5372490156,0.0,251435.183403411,1025838.1892759572
 08/30  01:00:00,2673983.3166235425,165641.11608587697,1148087.1745162264,0.0,251435.183403411,1021702.4924246077
 08/30  02:00:00,2511160.1974110906,144931.4372395546,1010109.4310014466,0.0,251435.183403411,1017566.7955732582
 08/30  03:00:00,2383664.9638602557,129309.10605015625,902372.22549136,0.0,251435.183403411,1013431.0987219086
 08/30  04:00:00,2198078.0425394047,111730.24084736072,776354.1527209417,0.0,254000.84854018048,968875.4502375022
 08/30  05:00:00,2200996.7909454713,96754.73135666165,667902.414031009,0.0,389467.96776161005,976799.0265536569
 08/30  06:00:00,3256117.0537138344,96116.42228452503,659375.3367087815,0.0,687598.256654226,1746742.0977017432
 08/30  07:00:00,4021306.263783701,106836.9652902644,734342.695331495,0.0,1980693.485586054,1135042.0326503166
 08/30  08:00:00,3497196.109476953,116959.18606063104,816675.3929597719,0.0,1390590.5041290692,1110473.7968408966
 08/30  09:00:00,3722388.5797762834,150642.09688547306,1074127.3977785762,0.0,1339277.201393679,1105313.9314269081
 08/30  10:00:00,4054591.8965851506,194531.19572895244,1418529.0099177896,0.0,1298226.559205367,1101640.3120753188
 08/30  11:00:00,3845789.909170177,236413.2115228827,1759728.5955837562,0.0,749174.2199366939,1072066.0505420333
 08/30  12:00:00,4823811.825671967,289826.0353367361,2189385.25245963,0.0,1086559.1854218831,1235315.0871858692
 08/30  13:00:00,5884581.002352076,349145.13159401296,2655257.5178273367,0.0,1662551.0086266361,1196794.9344752284
 08/30  14:00:00,5493901.082902432,364723.49955176935,2788384.7537181303,0.0,1190468.6234610481,1129491.7963426227
 08/30  15:00:00,5643207.868572416,379902.630391662,2895370.3321947665,0.0,1190468.6234610481,1154740.017257091
 08/30  16:00:00,5054395.929221593,370980.5936730162,2803072.2800103803,0.0,723517.568568999,1120842.2336284367
 08/30  17:00:00,5627755.312897641,366442.9241688909,2719084.7849434055,0.0,1109650.1716528088,1362504.780890003
 08/30  18:00:00,4631452.693119243,309128.25077236054,2244854.0475218454,0.0,795356.192398545,1189315.2859161096
 08/30  19:00:00,7598953.926616695,321776.1582388468,2243300.052345991,0.0,2114108.072698068,2796669.039799609
 08/30  20:00:00,6574009.765137081,275599.6160466077,1874015.4551120123,0.0,2960777.567832003,1291276.281198606
 08/30  21:00:00,7023814.874640156,242744.01593840192,1629892.6583904894,0.0,3709951.787768697,1242371.5914488905
 08/30  22:00:00,5197403.779186925,192722.04679710622,1289242.8451032036,0.0,2439947.5450677946,1103150.4972709669
 08/30  23:00:00,2743016.4698802317,131394.269852103,879725.8794900427,0.0,590102.981456985,1022480.4464248953
 08/30  24:00:00,2053319.1651264383,89426.60650301658,599501.8357506339,0.0,251435.183403411,1025838.1892759572
 08/31  01:00:00,1845299.9490756136,62887.100922194106,422157.8221319811,0.0,251435.183403411,1021702.4924246077
 08/31  02:00:00,1683262.6164770054,42353.67345732641,284789.6138495898,0.0,251435.183403411,1017566.7955732582
 08/31  03:00:00,1521133.1518425199,21858.677183725726,147290.84234005492,0.0,251435.183403411,1013431.0987219086
 08/31  04:00:00,1390282.5126026561,5473.664527529512,36960.91260773681,0.0,251435.183403411,1009295.4018705591
 08/31  05:00:00,1330803.2365165036,0.0,0.0,0.0,251435.183403411,1009295.4018705591
 08/31  06:00:00,2208983.8943462814,0.0,0.0,0.0,1128892.6601785799,1013806.2938031427
 08/31  07:00:00,1965269.0575972786,1511.3946677042782,10380.395224604059,0.0,826144.174039779,1062842.00873962
 08/31  08:00:00,11058157.540101103,38590.52317299401,268694.86182091513,0.0,1248196.0890383618,9440178.836582249
 08/31  09:00:00,22492436.240031675,69547.89035494471,497711.8773503543,0.0,1339277.201393679,20532871.31864105
 08/31  10:00:00,3504992.6255333517,127614.86217007012,935846.072424873,0.0,1298226.559205367,1101640.3120753188
 08/31  11:00:00,4305863.31462848,243295.43008010156,1808735.3471530052,0.0,1118629.999631502,1106794.7061790603
 08/31  12:00:00,4539364.497100855,302223.44361440954,2290429.0238146926,0.0,728648.8988425379,1195336.8655613665
 08/31  13:00:00,5217800.964523753,359849.1085052228,2764674.0914477026,0.0,956993.0960150235,1115452.2587269421
 08/31  14:00:00,6023631.096061595,421957.22415080946,3260881.0422782535,0.0,1190468.6234610481,1129491.7963426227
 08/31  15:00:00,6457965.846767918,468645.9902372388,3621384.950544692,0.0,1190468.6234610481,1154740.017257091
 08/31  16:00:00,8059907.433023594,479544.54850565427,3682156.737649824,0.0,1200731.284008126,2661491.6095192297
 08/31  17:00:00,6545511.628623957,448682.9285317606,3405039.085924121,0.0,1231519.26564936,1390197.6972761813
 08/31  18:00:00,6595633.964013541,400421.21271805983,2948336.9878087733,0.0,1752349.2884135684,1401727.5585627572
 08/31  19:00:00,6564889.829404263,348213.9543276687,2450689.0440675337,0.0,2283441.9717248552,1359444.2557500254
 08/31  20:00:00,6757882.325621085,298361.88913269585,2035125.742509928,0.0,2960777.567832003,1291276.281198606
 08/31  21:00:00,7386429.888239691,289311.8643541306,1945939.8235742983,0.0,3709951.787768697,1242371.5914488905
 08/31  22:00:00,4996665.5822072625,224659.28865919364,1507088.525763637,0.0,2001218.8066802102,1091358.1161563704
 08/31  23:00:00,3299972.5205184384,160560.5722277889,1076264.2564847749,0.0,928770.7795105589,1015064.0196391104
 08/31  24:00:00,2233295.5419314904,112668.34934540016,755599.8021114015,0.0,251435.183403411,1025838.1892759572
 09/01  01:00:00,1999915.252338746,82907.93271889995,556115.6259965067,0.0,251435.183403411,1021702.4924246077
 09/01  02:00:00,1809325.9445160097,58943.08089092739,395534.5628921209,0.0,251435.183403411,1017566.7955732582
 09/01  03:00:00,1635334.4550637146,36885.025194916896,247736.82598718614,0.0,251435.183403411,1013431.0987219086
 09/01  04:00:00,1483929.2032295326,17532.429984589446,117912.1701756522,0.0,251435.183403411,1009295.4018705591
 09/01  05:00:00,1366060.2171769207,2519.2615171711295,16964.048629487406,0.0,251435.183403411,1009295.4018705591
 09/01  06:00:00,1352940.6046939325,0.0,0.0,0.0,251435.183403411,1017566.7955732582
 09/01  07:00:00,1377247.9105306268,2777.974383088289,18981.025867993027,0.0,251435.183403411,1025838.1892759572
 09/01  08:00:00,1957971.4986734623,35898.372900671355,250284.9824358257,0.0,551618.0044054426,1051493.081526489
 09/01  09:00:00,3379173.1780196754,96923.71193656586,703088.9702956025,0.0,1411115.825223225,1110813.7893934206
 09/01  10:00:00,3153672.4521272234,159593.03463847315,1221046.8472236772,0.0,670921.4332652242,1056326.43206316
 09/01  11:00:00,3656904.537259152,247463.55642625678,1964497.8219231814,0.0,251435.183403411,1162984.8388818442
 09/01  12:00:00,19760162.02413199,440595.591839457,3510539.3636629977,0.0,764568.210757311,15021566.50540388
 09/01  13:00:00,6437103.275920963,436561.1386212158,3567560.540466811,0.0,1264872.9124273635,1147124.0279762559
 09/01  14:00:00,8108324.6336863,517719.4850270009,4254036.339876942,0.0,1643308.5201008646,1672275.6322521758
 09/01  15:00:00,8664610.406901505,534742.1090122419,4424328.368289437,0.0,1267438.5775641329,2415208.9995673476
 09/01  16:00:00,7493760.475226743,534742.1090122419,4434982.198712922,0.0,1282832.56838475,1204957.3743752837
 09/01  17:00:00,7423381.525914619,534742.1090122419,4394855.159332221,0.0,1082710.687716729,1338581.1203703354
 09/01  18:00:00,7665087.302291019,520434.3352842523,4165807.1955879238,0.0,1570187.063702934,1317089.2978425317
 09/01  19:00:00,7737992.812029108,473450.3941435102,3643247.3223594977,0.0,2215451.845600463,1291381.4875839148
 09/01  20:00:00,8877519.448716076,442328.6832969492,3268008.400562793,0.0,3709951.787768697,1298891.805848254
 09/01  21:00:00,9040887.663170526,406889.6253142124,2912472.944444523,0.0,4284660.778405065,1249910.1031819114
 09/01  22:00:00,7038945.256882479,345686.69161802233,2427320.122902274,0.0,2981302.8889261587,1122481.3901185845
 09/01  23:00:00,3873795.7073732573,269554.5275002064,1877219.0577552214,0.0,590102.981456985,1024365.0743581506
 09/01  24:00:00,3174077.224917638,214624.7266254424,1484447.3213942533,0.0,376639.64207776263,1010611.5170248593
 09/02  01:00:00,2787709.6513785804,181056.78114133954,1242965.4099684267,0.0,261826.12720732746,1014107.315266166
 09/02  02:00:00,2549645.213667335,153825.68815809453,1050374.0169513496,0.0,251435.183403411,1008164.0033981879
 09/02  03:00:00,2362044.6443883935,129627.08756701561,881704.952939766,0.0,251435.183403411,1013431.0987219086
 09/02  04:00:00,2212091.975387622,110832.42559141938,752774.9467269119,0.0,251435.183403411,1009295.4018705591
 09/02  05:00:00,2086318.8439913474,94946.06133248126,644795.875628604,0.0,251435.183403411,1009295.4018705591
 09/02  06:00:00,2014274.1828994066,84734.12970906711,576599.4484964069,0.0,251435.183403411,1017566.7955732582
 09/02  07:00:00,2103589.489530488,94529.74048106819,653570.8387698743,0.0,251435.183403411,1025838.1892759572
 09/02  08:00:00,3034609.9889583597,127530.66438902085,913589.1648311594,0.0,851800.8254074741,1073012.2769256714
 09/02  09:00:00,3428074.6833596043,170964.27999593221,1298210.180119129,0.0,831275.5043133181,1070393.8377603637
 09/02  10:00:00,3580635.8802006696,247604.49758686087,2009973.304997751,0.0,251435.183403411,1025838.1892759572
 09/02  11:00:00,6073388.626571585,382859.63016660215,3224322.1420799196,0.0,1313620.5500259842,1122063.16767462
 09/02  12:00:00,7572266.057161752,494983.36141829356,4240991.282338524,0.0,1531702.0866513913,1281696.9742851988
 09/02  13:00:00,8169931.037201133,532123.3765329353,4642411.652409557,0.0,1770308.944370955,1204102.4074583694
 09/02  14:00:00,9689403.945505291,534742.1090122419,4737647.217647972,0.0,1770308.944370955,2625721.0180448066
 09/02  15:00:00,8798713.118792178,534742.1090122419,4769027.8480773475,0.0,1775440.2746444938,1696610.53458975
 09/02  16:00:00,15056928.44165817,534742.1090122419,4750332.391513158,0.0,1801096.926012189,7934510.790379037
 09/02  17:00:00,8714885.76688243,534742.1090122419,4681618.924686503,0.0,1913986.1920300468,1512046.0916705462
 09/02  18:00:00,8802261.57961652,534742.1090122419,4502650.324922363,0.0,2232128.668989465,1441171.0668190706
 09/02  19:00:00,9151716.573000016,534742.1090122419,4260100.353047908,0.0,2873544.95318184,1368867.3954163017
 09/02  20:00:00,9782770.86519314,534742.1090122419,4080846.391324563,0.0,3709951.787768697,1298891.805848254
 09/02  21:00:00,10136226.869808745,522768.4497251919,3891933.326671762,0.0,4284660.778405065,1249910.1031819114
 09/02  22:00:00,6423206.378877391,424240.1373126522,3138050.365140857,0.0,1616369.036164785,1082392.6769416565
 09/02  23:00:00,4274254.333627916,343733.9342238732,2536557.263570631,0.0,251435.183403411,1029973.8861273068
 09/02  24:00:00,3848731.695642416,297028.9639735026,2186675.341194224,0.0,251435.183403411,1025838.1892759572
 09/03  01:00:00,3571392.327194376,265118.2430134249,1945382.3905576111,0.0,251435.183403411,1021702.4924246077
 09/03  02:00:00,3369535.5218880465,242350.24741026285,1770429.2777057935,0.0,251435.183403411,1017566.7955732582
 09/03  03:00:00,3194293.756884769,222668.12750474672,1619005.3294593818,0.0,251435.183403411,1013431.0987219086
 09/03  04:00:00,3047643.324798777,206304.01154206487,1492854.7101874205,0.0,251435.183403411,1009295.4018705591
 09/03  05:00:00,2913721.6120807985,192765.99161476572,1389640.2817479998,0.0,251435.183403411,1009295.4018705591
 09/03  06:00:00,3268131.9602630707,180375.40478997247,1300423.7740107947,0.0,702992.247474843,1017571.1726214556
 09/03  07:00:00,3675106.099832371,185213.04219321551,1355449.9668422928,0.0,846669.495133935,1222911.9303359515
 09/03  08:00:00,18645662.8871829,266730.7913697443,2013513.8328041676,0.0,851800.8254074741,15450663.468313567
 09/03  09:00:00,8655713.864647042,329331.4050629883,2616822.7663202947,0.0,1411115.825223225,4245028.37894773
 09/03  10:00:00,6123058.054452313,380945.83298711805,3170674.527249001,0.0,1370065.183034913,1159403.1983226493
 09/03  11:00:00,7090898.750241201,486333.9650305432,4140265.6269246233,0.0,1313620.5500259842,1122063.16767462
 09/03  12:00:00,8311516.274942029,534742.1090122419,4647694.732787188,0.0,1277701.238111211,1828485.8425630433
 09/03  13:00:00,10844722.065453688,534742.1090122419,4744407.121224342,0.0,1262307.247290594,4282280.931497193
 09/03  14:00:00,11035593.1800675,534742.1090122419,4810766.180564632,0.0,1389307.6715606842,4279792.562500625
 09/03  15:00:00,10352959.150396515,534742.1090122419,4834986.220859262,0.0,1521439.4261043132,3438899.0419523544
 09/03  16:00:00,8324977.494366301,534742.1090122419,4815885.824709177,0.0,1671530.8366053293,1266572.4992980075
 09/03  17:00:00,7932239.995270984,534742.1090122419,4738478.68344757,0.0,1221256.605102282,1367177.844264828
 09/03  18:00:00,7677889.163605941,534742.1090122419,4552839.609130591,0.0,1241781.926196438,1255048.4133542625
 09/03  19:00:00,6262911.709077647,534742.1090122419,4293810.410038374,0.0,251435.183403411,1058923.7640867536
 09/03  20:00:00,7351920.80759537,534742.1090122419,4105389.8085434707,0.0,1400853.164676147,1137335.3858118975
 09/03  21:00:00,6532249.756075023,506823.5569050589,3817917.9424873358,0.0,923639.44923702,1083560.7233475924
 09/03  22:00:00,6107307.8680231515,436143.58214146335,3268225.3226498296,0.0,1159680.641819814,1069657.9818604323
 09/03  23:00:00,4546593.32450999,371268.6046165644,2773730.799903899,0.0,251435.183403411,1029973.8861273068
 09/03  24:00:00,4115083.467687092,326079.17179148266,2423976.90542092,0.0,251435.183403411,1025838.1892759572
 09/04  01:00:00,3819351.6701575913,293031.04203332757,2165428.934500924,0.0,251435.183403411,1021702.4924246077
 09/04  02:00:00,3576565.481815608,266204.2928259681,1953605.19221765,0.0,251435.183403411,1017566.7955732582
 09/04  03:00:00,3374704.9508999316,244178.2959781767,1777906.3550011148,0.0,251435.183403411,1013431.0987219086
 09/04  04:00:00,3202041.430953636,225130.5764115872,1628426.2514727577,0.0,251435.183403411,1009295.4018705591
 09/04  05:00:00,3034355.78221451,207905.7467288727,1495134.696767605,0.0,251435.183403411,1009295.4018705591
 09/04  06:00:00,3637733.454263516,198290.25912089035,1423764.0279837383,0.0,931336.4446473285,1017573.3611455545
 09/04  07:00:00,4300018.351454009,203891.7809837177,1485746.0142090628,0.0,1441903.806864459,1103615.084069793
 09/04  08:00:00,4035802.5278107463,220518.23044260504,1666666.2175464418,0.0,1001892.2359084899,1083771.8746252623
 09/04  09:00:00,4721606.046362967,273196.3273933496,2183194.75153165,0.0,1121195.6647682716,1090603.813576892
 09/04  10:00:00,6072242.738232521,377119.63718970836,3175948.435107437,0.0,1370065.183034913,1107140.1700418312
 09/04  11:00:00,7239929.9066577945,494650.08420969325,4280980.664162065,0.0,1313620.5500259842,1122063.16767462
 09/04  12:00:00,7530433.93563604,534742.1090122419,4725983.493460273,0.0,1021134.724434261,1225681.256260919
 09/04  13:00:00,6940282.055726945,534742.1090122419,4816991.642605396,0.0,505436.0319435915,1062127.6157363993
 09/04  14:00:00,6709036.095253425,534742.1090122419,4867764.563429801,0.0,251435.183403411,1034109.5829786563
 09/04  15:00:00,7295189.760952981,534742.1090122419,4882069.22434654,0.0,759436.880483772,1096049.1946420826
 09/04  16:00:00,7895509.450581726,534742.1090122419,4855942.275682941,0.0,769699.5410308499,1698879.3001141476
 09/04  17:00:00,11450465.766621143,534742.1090122419,4787733.4257000135,0.0,1498348.439873388,4559057.038591436
 09/04  18:00:00,7991169.077795822,534742.1090122419,4618633.484042272,0.0,1405984.494949686,1338331.883879215
 09/04  19:00:00,10314618.42047846,534742.1090122419,4376929.673210007,0.0,1996087.4764066709,3282858.919312674
 09/04  20:00:00,13372638.838419124,534742.1090122419,4207397.547395714,0.0,3709951.787768697,4746947.05469086
 09/04  21:00:00,12768645.552207252,534742.1090122419,4122420.6011278904,0.0,3612456.512571456,4298718.245397648
 09/04  22:00:00,6988122.956647504,533567.5685924385,4051616.4248232073,0.0,1159680.641819814,1069657.9818604323
 09/04  23:00:00,5264316.068226126,450302.5700678623,3412419.578168737,0.0,251435.183403411,1029973.8861273068
 09/04  24:00:00,4644029.0578331705,383175.4003844281,2895826.2669740533,0.0,251435.183403411,1025838.1892759572
 09/05  01:00:00,4236752.706804518,337845.45824805176,2538015.554933126,0.0,251435.183403411,1021702.4924246077
 09/05  02:00:00,3926594.7493845904,303828.09967063414,2266010.6529419664,0.0,251435.183403411,1017566.7955732582
 09/05  03:00:00,3641355.1318471674,272354.20850040135,2016380.6234261254,0.0,251435.183403411,1013431.0987219086
 09/05  04:00:00,3418770.185565024,252395.42241413472,1852833.5525899227,0.0,255027.11459488832,970760.0781707575
 09/05  05:00:00,3385335.877996764,233865.3991299909,1706063.373818588,0.0,396138.69711721083,978683.654486912
 09/05  06:00:00,3635816.2907356443,223333.1670292074,1625150.3422441334,0.0,702992.247474843,1017571.1726214556
 09/05  07:00:00,4594996.44938081,236833.50129997212,1747782.3918196105,0.0,1441903.806864459,1103615.084069793
 09/05  08:00:00,7997201.430870091,298758.3399278922,2287547.165676808,0.0,2047400.779142061,3300541.176835382
 09/05  09:00:00,6108697.096004408,328823.22918266256,2681036.3726095287,0.0,1266155.7449957482,1779266.2601236643
 09/05  10:00:00,6252533.869386749,419256.60382692143,3607366.3627957525,0.0,950578.9331730998,1233362.656732344
 09/05  11:00:00,7633162.622828001,524597.3147759624,4644266.149766004,0.0,1313620.5500259842,1122063.16767462
 09/05  12:00:00,7376540.089683296,534742.1090122419,4857115.923950777,0.0,764568.210757311,1197221.493494622
 09/05  13:00:00,6926704.38874845,534742.1090122419,4944423.416275864,0.0,378435.60767350125,1048118.5993575279
 09/05  14:00:00,6841705.00276355,534742.1090122419,5000433.470939925,0.0,251435.183403411,1034109.5829786563
 09/05  15:00:00,6851072.532187296,534742.1090122419,5012029.001175991,0.0,251435.183403411,1029973.8861273068
 09/05  16:00:00,7735391.735263102,534742.1090122419,4973391.421324711,0.0,1026266.0547078,1164745.925476802
 09/05  17:00:00,8812624.737481399,534742.1090122419,4877375.960842112,0.0,1359802.522487835,1970119.3916951476
 09/05  18:00:00,7948036.359149113,534742.1090122419,4666276.075196049,0.0,1241781.926196438,1411759.142831978
 09/05  19:00:00,9050595.485838952,534742.1090122419,4394633.790829621,0.0,2654180.5839880477,1343038.7594721727
 09/05  20:00:00,9925782.674827378,534742.1090122419,4208596.632646573,0.0,3709951.787768697,1298891.805848254
 09/05  21:00:00,10382490.474970723,534742.1090122419,4112869.40027349,0.0,4284660.778405065,1249910.1031819114
 09/05  22:00:00,7890570.349505991,531013.6263530845,4017771.5810686564,0.0,2073057.430509756,1095127.372022881
 09/05  23:00:00,5166871.551164565,441044.4166231004,3324233.2145519378,0.0,251435.183403411,1029973.8861273068
 09/05  24:00:00,4558019.312094601,375888.98876131646,2817102.932858595,0.0,251435.183403411,1025838.1892759572
 09/06  01:00:00,4157203.8257516623,331519.09440113103,2464793.0377271916,0.0,251435.183403411,1021702.4924246077
 09/06  02:00:00,3860767.1208455693,298661.0911319654,2205350.0329416133,0.0,251435.183403411,1017566.7955732582
 09/06  03:00:00,3634593.2488038056,273683.66307443555,2008289.2858087295,0.0,251435.183403411,1013431.0987219086
 09/06  04:00:00,3405585.410419529,252106.62935474372,1839937.5705038186,0.0,255027.11459488832,970760.0781707575
 09/06  05:00:00,3522065.5610587085,234756.5990877698,1704755.2073168664,0.0,396138.69711721083,1115830.304092799
 09/06  06:00:00,4822928.576458471,235953.98195199118,1710207.8669987025,0.0,1159680.641819814,1650316.7243219581
 09/06  07:00:00,5695151.396981104,251265.70312093594,1842506.9198373063,0.0,2037138.1185949831,1499378.990100903
 09/06  08:00:00,19433091.40491629,313526.9540951886,2363649.692730665,0.0,1749783.623276799,14943177.16552569
 09/06  09:00:00,5422755.131750321,315831.7419616813,2531578.2860791907,0.0,1411115.825223225,1110813.7893934206
 09/06  10:00:00,5908611.800950045,391651.1539296082,3297768.9761844045,0.0,1090407.6831270375,1086814.6748503628
 09/06  11:00:00,6689388.972267617,498343.8701376255,4303385.451217804,0.0,785093.531851467,1073950.6784752887
 09/06  12:00:00,7220885.519735311,534742.1090122419,4701461.354002791,0.0,764568.210757311,1197221.493494622
 09/06  13:00:00,6859823.901931864,534742.1090122419,4736533.488810316,0.0,505436.03194359154,1062127.6157363993
 09/06  14:00:00,6538709.436584199,534742.1090122419,4697437.904760575,0.0,251435.183403411,1034109.5829786563
 09/06  15:00:00,6596954.704959219,534742.1090122419,4614391.92254913,0.0,378435.60767350125,1046492.7132560008
 09/06  16:00:00,6379098.680177611,534742.1090122419,4514294.186339056,0.0,251435.183403411,1042380.9766813554
 09/06  17:00:00,6425072.161387498,534742.1090122419,4401386.351441029,0.0,251435.183403411,1166923.7640867536
 09/06  18:00:00,6849525.523098294,518403.00029556593,4131261.099334385,0.0,913376.7886899419,1193007.5288659933
 09/06  19:00:00,6974683.1490375735,466384.59468775784,3610478.328905567,0.0,1559924.403155856,1213895.5797515276
 09/06  20:00:00,7634313.91545257,430346.88111892797,3256812.116271218,0.0,2555402.476222422,1218152.102288389
 09/06  21:00:00,8527892.168917594,414321.987709471,3083803.834320279,0.0,3612456.5125714554,1217001.7502183735
 09/06  22:00:00,5100943.569794022,348489.49103502557,2582564.802611779,0.0,933902.109784098,1062386.826811506
 09/06  23:00:00,3926415.859180161,300327.3159475907,2224494.623243043,0.0,251435.183403411,1029973.8861273068
 09/06  24:00:00,3666827.6868921565,273633.799122272,2028166.4972951955,0.0,251435.183403411,1025838.1892759572
 09/07  01:00:00,3485285.8358199284,252654.50721173035,1871739.6349848588,0.0,251435.183403411,1021702.4924246077
 09/07  02:00:00,3313684.2193849934,232998.29758988981,1723929.925023114,0.0,251435.183403411,1017566.7955732582
 09/07  03:00:00,3224852.5288152257,223379.1818718483,1648853.0470227369,0.0,251435.183403411,1013431.0987219086
 09/07  04:00:00,3125049.040727676,212800.78496054286,1563763.6526978419,0.0,251435.183403411,1009295.4018705591
 09/07  05:00:00,3002788.851149426,201532.4278848706,1469941.084546523,0.0,251435.183403411,1009295.4018705591
 09/07  06:00:00,3389261.2495553372,194661.7938533185,1407266.6742397156,0.0,702992.247474843,1017571.1726214556
 09/07  07:00:00,3342564.0381389586,185507.05776195548,1339329.8730250774,0.0,697860.917201304,1055004.5248236456
 09/07  08:00:00,2875637.992382158,184265.85476526365,1347009.098798229,0.0,251435.183403411,1029973.8861273068
 09/07  09:00:00,3027421.616485317,198784.3161178259,1493812.7417439693,0.0,251435.183403411,1029973.8861273068
 09/07  10:00:00,3725070.8081102087,240154.6429685311,1865690.4845043337,0.0,531092.6833112865,1046163.6844674258
 09/07  11:00:00,4878251.254203556,318628.5162809556,2534816.4374045264,0.0,785093.531851467,1211097.3280811757
 09/07  12:00:00,6048751.373543608,377783.5099978838,3053544.6321731424,0.0,764568.210757311,1829962.6681469267
 09/07  13:00:00,5910731.140411288,386630.88812280155,3161801.332877913,0.0,632436.4562136818,1708877.806767576
 09/07  14:00:00,5580631.204494068,408171.3678610599,3338698.8300425922,0.0,251435.183403411,1561341.1667576893
 09/07  15:00:00,26811548.55313296,503239.5401326862,4034824.0550187915,0.0,251435.183403411,21999157.422109723
 09/07  16:00:00,5365327.520247606,414590.7621544111,3320465.44450468,0.0,510567.3622171305,1083457.7266298379
 09/07  17:00:00,6652814.926377419,433119.51354953274,3393533.568736669,0.0,1359802.522487835,1395774.5681593204
 09/07  18:00:00,6402730.747966396,393360.7081989252,3028616.572309598,0.0,1570187.063702934,1317089.2978425317
 09/07  19:00:00,6201184.9639243055,358543.91106194205,2700910.6548485775,0.0,1778005.9397812635,1239724.2156956568
 09/07  20:00:00,8241907.073388815,365641.04414528556,2693822.096074966,0.0,3709951.787768697,1298891.805848254
 09/07  21:00:00,7105390.014613403,335126.2462459709,2445610.040276736,0.0,2940252.2467378466,1184093.3972548353
 09/07  22:00:00,5247114.315166991,287113.0287984741,2087639.2337104625,0.0,1616369.036164785,1082392.6769416565
 09/07  23:00:00,3788040.033878509,248831.55677171095,1804555.5708328537,0.0,590102.981456985,1024365.0743581506
 09/07  24:00:00,3304918.2388279494,222378.03914936152,1607535.0227806456,0.0,376639.64207776263,1010611.5170248593
 09/08  01:00:00,3022819.6947873216,201232.64399862988,1449512.2905834531,0.0,292998.9586190769,991321.7837908408
 09/08  02:00:00,2845037.732217045,184573.3270700085,1324421.688764216,0.0,251435.183403411,998761.2112231177
 09/08  03:00:00,2743127.871033717,170900.19553806662,1221515.071614039,0.0,251435.183403411,1013431.0987219086
 09/08  04:00:00,3178552.145551686,161077.96068595944,1147707.0880177328,0.0,257079.64670430392,1524933.4323483696
 09/08  05:00:00,6252923.2019229615,191640.24632124472,1356168.0734828843,0.0,538789.678721595,4080478.8816409456
 09/08  06:00:00,4455761.906429598,167821.1496004862,1190929.2639529863,0.0,1159680.641819814,1853392.2253390488
 09/08  07:00:00,4009380.3197789323,169676.65000954334,1215969.2412349596,0.0,1441903.806864459,1103615.084069793
 09/08  08:00:00,4130547.9264692627,179779.2942235467,1313874.4397051102,0.0,1452166.467411537,1116050.6677240357
 09/08  09:00:00,3570974.1612772187,170758.5170612017,1286250.3528357325,0.0,976235.5845407948,1080498.8256686279
 09/08  10:00:00,5371012.530657378,213733.2552055521,1656352.6841902104,0.0,1509893.9329888506,1945247.9533360759
 09/08  11:00:00,26073701.01378274,356472.46167857514,2795713.544719444,0.0,1313620.5500259842,21577371.320734274
 09/08  12:00:00,6256875.862155318,346460.69407415204,2792566.950878068,0.0,1785702.9351915717,1309252.9295431818
 09/08  13:00:00,6485086.300177312,382106.44975491613,3107583.8421637556,0.0,1770308.944370955,1204102.4074583694
 09/08  14:00:00,6509968.374899703,434616.9135439964,3518179.0746218488,0.0,1390590.504129069,1145597.226175473
 09/08  15:00:00,6459150.0101338,461168.7093397279,3690400.8302659914,0.0,1140438.1532940427,1144249.9647656928
 09/08  16:00:00,8354009.828537455,486099.9168598581,3829264.5437738965,0.0,1282832.56838475,2719566.574777404
 09/08  17:00:00,7386360.690072025,482077.4769383075,3740986.0764767528,0.0,1636894.357258941,1453910.3299149335
 09/08  18:00:00,7620385.000758826,448234.9774816213,3407280.8775952896,0.0,2232128.668989465,1441171.0668190706
 09/08  19:00:00,7823541.204121295,412919.18092970864,3053747.9122517225,0.0,2873544.95318184,1368867.3954163017
 09/08  20:00:00,8359377.532254926,387971.8600265229,2804223.307372068,0.0,3709951.787768697,1298891.805848254
 09/08  21:00:00,8678093.45146027,363797.38981047226,2592770.9682380087,0.0,4284660.778405065,1249910.1031819114
 09/08  22:00:00,4736030.176508177,289191.24555943784,2053684.2863225972,0.0,1162246.3069565836,1068754.1743521183
 09/08  23:00:00,3268379.968076005,231931.07466840508,1642485.7575741885,0.0,251435.183403411,1029973.8861273068
 09/08  24:00:00,2966761.953444544,198759.62528066718,1402974.9376891882,0.0,251435.183403411,1025838.1892759572
 09/09  01:00:00,2757693.4575505806,173696.9332221589,1223104.8307050823,0.0,251435.183403411,1021702.4924246077
 09/09  02:00:00,2599325.403141364,154964.70693721966,1089512.3954711836,0.0,251435.183403411,1017566.7955732582
 09/09  03:00:00,2469864.9203956635,139414.116176228,979738.2003378238,0.0,251435.183403411,1013431.0987219086
 09/09  04:00:00,2369258.022655221,127188.4442462768,893584.9753396532,0.0,251435.183403411,1009295.4018705591
 09/09  05:00:00,2271694.809493201,115352.00730299664,809765.8951599421,0.0,251435.183403411,1009295.4018705591
 09/09  06:00:00,2198661.768281253,105517.18701426545,740203.9765730547,0.0,251435.183403411,1017566.7955732582
 09/09  07:00:00,2155603.4325993713,99365.22063010828,700749.3016897172,0.0,251435.183403411,1025838.1892759572
 09/09  08:00:00,3003396.3834696505,123906.48940332519,885999.7343281462,0.0,851800.8254074741,1073012.2769256714
 09/09  09:00:00,3276008.585416183,157819.79969943693,1159288.5624722033,0.0,831275.5043133181,1070393.8377603637
 09/09  10:00:00,4658081.935715843,216693.10047230526,1644036.948793621,0.0,1090407.6831270375,1661159.4983861898
 09/09  11:00:00,6087941.686753178,305792.84919114015,2375677.606370682,0.0,1313620.5500259842,2062327.5445409128
 09/09  12:00:00,5862239.521657694,370739.18078225164,2936765.7312686713,0.0,1277701.238111211,1254141.0190272161
 09/09  13:00:00,6186593.740769407,415790.1106904466,3339445.3844161658,0.0,1262307.247290594,1148066.3419428836
 09/09  14:00:00,6367363.619867871,434533.7273559086,3516353.9494995456,0.0,1262307.247290594,1133184.0392925066
 09/09  15:00:00,7139806.767367184,453916.10491770884,3660898.020740942,0.0,1267438.5775641329,1734661.711676057
 09/09  16:00:00,6783506.5202912185,456743.01261022384,3646016.6107017,0.0,1282832.56838475,1361668.1038529992
 09/09  17:00:00,6835760.54696025,453853.4235738274,3553837.583256176,0.0,1359802.522487835,1395774.5681593204
 09/09  18:00:00,6613581.132066378,397789.45490601833,3040440.062175749,0.0,1735672.4650245667,1348109.7400866665
 09/09  19:00:00,7548886.080323878,381464.75855285936,2810547.2108311546,0.0,2873544.95318184,1368867.3954163017
 09/09  20:00:00,8109868.509377655,357099.7619436243,2554202.316648867,0.0,3709951.787768697,1330275.8717770837
 09/09  21:00:00,10361637.979665555,344286.8710898501,2413723.110886274,0.0,4284660.778405065,3132013.0074595534
 09/09  22:00:00,5447959.106975047,259485.12776458322,1811342.7980169086,0.0,1843430.4007688859,1371546.6171072288
 09/09  23:00:00,3157465.4494843734,200665.1001736827,1396307.7203350698,0.0,420769.082430198,1027169.4802427287
 09/09  24:00:00,2705175.2657663384,168826.24194765725,1171321.6333439923,0.0,251435.183403411,1025838.1892759572
 09/10  01:00:00,2494950.8586377716,142967.3354127135,991091.829601718,0.0,251435.183403411,1021702.4924246077
 09/10  02:00:00,2339662.1999534266,123889.30990382971,859016.8932776072,0.0,251435.183403411,1017566.7955732582
 09/10  03:00:00,2214393.4113586266,108590.26215578993,753182.8492821965,0.0,251435.183403411,1013431.0987219086
 09/10  04:00:00,2079532.3820518758,94291.90204288215,654227.5731938647,0.0,253231.14899914965,990027.7400206584
 09/10  05:00:00,1969580.863120264,80307.97144897902,557957.5529532525,0.0,251435.183403411,1009295.4018705591
 09/10  06:00:00,2258109.4814758413,73191.2891979372,509192.938527123,0.0,591385.8140253697,1017570.0783594063
 09/10  07:00:00,4369042.108516423,104295.56430571151,726641.8876530791,0.0,2037138.1185949831,1436104.8726356726
 09/10  08:00:00,4615421.2414195435,123672.9283100214,875679.742067491,0.0,1898592.20120943,1654522.400544653
 09/10  09:00:00,24888017.42417156,182411.13481265647,1323812.4996374496,0.0,1266155.7449957482,22062222.555632904
 09/10  10:00:00,3573011.3788473085,194346.66427336342,1459456.0388372575,0.0,810750.1832191619,1066489.1796588942
 09/10  11:00:00,6681130.937042356,290322.21863509424,2217537.0723386295,0.0,917225.2863950962,3227430.9190881033
 09/10  12:00:00,6722310.089695804,356290.05281387793,2761967.6571036763,0.0,764568.210757311,2816591.816552595
 09/10  13:00:00,5130659.013221154,366963.35518392187,2893128.472630002,0.0,759436.880483772,1090145.648494142
 09/10  14:00:00,5579730.9533843715,415689.8782490985,3299934.2206282904,0.0,759436.880483772,1083685.317593895
 09/10  15:00:00,6502350.122126695,470112.49170198076,3724657.1598966336,0.0,1140438.1532940427,1144249.9647656928
 09/10  16:00:00,6980126.00488293,485654.90969359607,3820330.463306654,0.0,1412398.6577916099,1225495.749349525
 09/10  17:00:00,7234340.509010459,484890.464452114,3755674.4022037685,0.0,1498348.439873388,1424842.449037127
 09/10  18:00:00,7157181.702541502,424988.0414172045,3215607.6516502663,0.0,1405984.4949496859,2017124.4086119395
 09/10  19:00:00,6807649.220767034,383820.41815576813,2792995.2268900224,0.0,2215451.845600463,1291381.4875839148
 09/10  20:00:00,8134707.626946049,367087.30649252294,2585176.3872849625,0.0,3709951.787768697,1298891.805848254
 09/10  21:00:00,7255428.405797999,324389.34247256373,2253829.025836166,0.0,3276354.3796546515,1200547.5737366043
 09/10  22:00:00,4382631.613159763,249809.14570411647,1729883.5042237868,0.0,1159680.641819814,1069657.9818604323
 09/10  23:00:00,3337165.1296793385,203067.98759867204,1399444.2358067217,0.0,590102.981456985,1024365.0743581506
 09/10  24:00:00,2632172.5692537585,161111.9593584554,1106033.2194206137,0.0,251435.183403411,1025838.1892759572
 09/11  01:00:00,2389579.003218765,131124.1170564143,897563.1925390109,0.0,251435.183403411,1021702.4924246077
 09/11  02:00:00,2190159.9711814765,106353.73832274377,727050.2360867431,0.0,251435.183403411,1017566.7955732582
 09/11  03:00:00,2023921.5002860937,85735.07349454054,585566.1268709125,0.0,251435.183403411,1013431.0987219086
 09/11  04:00:00,1882430.4717312776,68213.19356320142,465732.67509878514,0.0,251435.183403411,1009295.4018705591
 09/11  05:00:00,1763284.3111656301,51512.01249486424,351934.01837019547,0.0,287611.061831861,1001642.4650246473
 09/11  06:00:00,1615758.115877654,35672.565654685866,244314.2098802939,0.0,251435.183403411,1017566.7955732582
 09/11  07:00:00,2374868.531115582,50438.17367933735,348172.56030245865,0.0,846669.495133935,1064726.6366728751
 09/11  08:00:00,2241309.785283276,71029.43468920163,504215.29537419486,0.0,551618.0044054426,1051493.081526489
 09/11  09:00:00,2942678.1544277826,117854.28525900596,869739.038002291,0.0,831275.5043133181,1070393.8377603637
 09/11  10:00:00,3502591.6824301523,183253.60924008256,1400129.3974533821,0.0,810750.1832191619,1066489.1796588942
 09/11  11:00:00,4261795.135312482,269294.1946802158,2104841.2897200794,0.0,785093.531851467,1073950.6784752887
 09/11  12:00:00,4617397.017206389,357327.167918478,2843632.7304374995,0.0,251435.183403411,1142109.5829786563
 09/11  13:00:00,4941564.57746947,398617.63805197953,3236417.5166061074,0.0,251435.183403411,1034109.5829786563
 09/11  14:00:00,5579341.5595467,465356.3459377095,3807455.790797608,0.0,251435.183403411,1034109.5829786563
 09/11  15:00:00,7299689.483241067,529436.5046827042,4319605.160385655,0.0,1267438.5775641329,1160316.8881402297
 09/11  16:00:00,7323837.8976860745,527973.5028194226,4291039.328980109,0.0,769699.5410308499,1698879.3001141476
 09/11  17:00:00,6995538.329735015,519630.1154851256,4161606.2058011377,0.0,805618.852945623,1438098.4020590659
 09/11  18:00:00,6852946.260448979,460737.5406099393,3618002.4728348707,0.0,913376.7886899419,1767352.3524018205
 09/11  19:00:00,7856154.366933044,441802.16717059776,3381614.889425565,0.0,2434816.2147942553,1473920.8530057592
 09/11  20:00:00,8768358.970045492,421890.44089031836,3164024.5959866084,0.0,3709951.787768697,1298891.805848254
 09/11  21:00:00,8960922.31042866,387064.12530817086,2838979.2194354986,0.0,4284660.778405065,1249910.1031819114
 09/11  22:00:00,7989318.247545022,335480.7879841783,2404017.3228968354,0.0,2981302.8889261587,2094916.9081862352
 09/11  23:00:00,4644425.738294558,263745.87104983185,1861660.5756130738,0.0,590102.981456985,1808731.4597158576
 09/11  24:00:00,3116810.297901289,219141.05975033104,1532641.8476762688,0.0,251435.183403411,1025838.1892759572
 09/12  01:00:00,2865020.905444717,188792.16931629519,1315337.0425050817,0.0,251435.183403411,1021702.4924246077
 09/12  02:00:00,2662491.2972473903,164254.2101073444,1141481.0903680557,0.0,251435.183403411,1017566.7955732582
 09/12  03:00:00,2498380.328259825,144474.64254670992,1001285.3857924745,0.0,251435.183403411,1013431.0987219086
 09/12  04:00:00,2371129.7279028753,128987.0075350265,893658.1172985579,0.0,251435.183403411,1009295.4018705591
 09/12  05:00:00,2289889.863403946,117196.86938505959,812854.7137183163,0.0,287611.061831861,1001642.4650246473
 09/12  06:00:00,2887510.678720505,109725.06122057769,762106.4503410393,0.0,931336.4446473285,1017573.3611455545
 09/12  07:00:00,3540456.6671922924,116600.52623039542,813475.5847006682,0.0,1441903.806864459,1103615.084069793
 09/12  08:00:00,2962305.0718184533,120992.71751174532,853545.2826856151,0.0,851800.8254074741,1073012.2769256714
 09/12  09:00:00,3041574.1977562667,133555.65200879343,952933.7145809876,0.0,831275.5043133181,1070393.8377603637
 09/12  10:00:00,3100044.6831302764,143520.119542824,1037315.8878507644,0.0,810750.1832191619,1066489.1796588942
 09/12  11:00:00,3668986.145447997,162407.52220738173,1186439.3417980424,0.0,1181488.795482355,1110035.0453747872
 09/12  12:00:00,2956967.7990804254,167273.98353892408,1231195.4622236232,0.0,379718.44024188595,1155887.5606076478
 09/12  13:00:00,2738955.8556800643,170504.2224210155,1261922.210447666,0.0,251435.183403411,1034109.5829786563
 09/12  14:00:00,2840561.1712071514,182389.64268005005,1351642.1057157188,0.0,251435.183403411,1034109.5829786563
 09/12  15:00:00,2930403.988482954,193683.66209218223,1432418.9043917095,0.0,251435.183403411,1029973.8861273068
 09/12  16:00:00,2947141.6240441734,193120.60396611746,1423958.6352517444,0.0,251435.183403411,1042380.9766813554
 09/12  17:00:00,3064208.1522205193,189162.29694784497,1386102.1543384476,0.0,251435.183403411,1166923.7640867536
 09/12  18:00:00,3595247.060793157,193596.42236923066,1398727.7090463522,0.0,747891.3873683091,1161554.436096858
 09/12  19:00:00,3872579.1572048906,180616.10066031062,1281963.1762394034,0.0,1123761.329905041,1162238.3078632697
 09/12  20:00:00,8718808.243250772,232320.8517188429,1614326.7077679466,0.0,2555402.476222422,4143157.867989948
 09/12  21:00:00,8455057.240604289,225794.3322114721,1553948.2381363884,0.0,2940252.2467378466,3534754.3394205673
 09/12  22:00:00,3609742.531658663,152953.430521539,1053850.1379052645,0.0,1159680.641819814,1069657.9818604323
 09/12  23:00:00,2561761.135512837,115602.47442172757,794770.5013882695,0.0,505436.0319435915,1025767.2773004398
 09/12  24:00:00,2074273.3891227427,90238.40344874424,619007.595199309,0.0,251435.183403411,1025838.1892759572
 09/13  01:00:00,1910493.7101388045,70043.84554787524,479558.1709675897,0.0,251435.183403411,1021702.4924246077
 09/13  02:00:00,1767324.4833317,52374.983882150904,358193.5026775594,0.0,251435.183403411,1017566.7955732582
 09/13  03:00:00,1622597.1182255715,34459.07620528214,235517.74209964904,0.0,251435.183403411,1013431.0987219086
 09/13  04:00:00,1470624.890344265,15589.419186971956,106550.86808800188,0.0,251435.183403411,1009295.4018705591
 09/13  05:00:00,1478399.0415447974,4206.238223444952,28785.698273167247,0.0,396138.69711721083,978683.654486912
 09/13  06:00:00,1454667.9351245556,765.1348331847038,5241.099668789369,0.0,364324.449421269,1017567.8898353076
 09/13  07:00:00,1500665.7277882048,0.0,0.0,0.0,400243.76133604196,1035560.3011251866
 09/13  08:00:00,1543847.0003556006,4823.282798931446,33809.67053739702,0.0,401526.5939044267,1040733.483826898
 09/13  09:00:00,1639911.5023782316,37422.31518339692,267664.62857131317,0.0,251435.183403411,1029973.8861273068
 09/13  10:00:00,2217149.677961692,107285.28243874398,790621.7099849479,0.0,251435.183403411,1025838.1892759572
 09/13  11:00:00,3018575.1928667477,183323.29396975366,1383920.3762203485,0.0,384849.770515425,1037866.31157579
 09/13  12:00:00,4315496.946474431,269688.71304063057,2061126.1767135235,0.0,764568.210757311,1197221.493494622
 09/13  13:00:00,4343579.231315073,316531.8454985869,2438499.0817071786,0.0,505436.0319435915,1062127.6157363993
 09/13  14:00:00,4353659.67840502,349691.5874419275,2697438.6681517083,0.0,251435.183403411,1034109.5829786563
 09/13  15:00:00,5143892.5595322745,376719.9990980053,2888794.1328400695,0.0,759436.880483772,1096049.1946420826
 09/13  16:00:00,5000705.807705296,359782.30878220894,2736516.290560948,0.0,251435.183403411,1616725.8002171826
 09/13  17:00:00,8667715.49048676,400469.6060252777,2975440.0159361386,0.0,805618.852945623,4415602.262135659
 09/13  18:00:00,5793581.71462732,335799.45229543117,2424765.7665931988,0.0,1570187.063702934,1369352.3261233496
 09/13  19:00:00,5938860.046141276,290818.13730589184,2015925.5005457557,0.0,2216734.678168848,1291381.4875839148
 09/13  20:00:00,7306029.678812046,274406.72536212584,1849179.0202813558,0.0,3709951.787768697,1298891.805848254
 09/13  21:00:00,7588799.787313765,241873.75448461084,1612047.0671441623,0.0,4284660.778405065,1249910.1031819114
 09/13  22:00:00,3640530.959734034,161290.3909941919,1076301.6055079824,0.0,1159680.641819814,1069657.9818604323
 09/13  23:00:00,2181819.157698295,101593.69401679086,678631.5436919776,0.0,251435.183403411,1029973.8861273068
 09/13  24:00:00,1866514.3607319535,65299.13097037803,436187.8392868863,0.0,251435.183403411,1025838.1892759572
 09/14  01:00:00,1630182.1671621772,35034.66201763069,234255.81152120724,0.0,251435.183403411,1021702.4924246077
 09/14  02:00:00,1432224.6053771516,9808.577369960803,65660.03123520098,0.0,251435.183403411,1017566.7955732582
 09/14  03:00:00,1352620.2999206404,0.0,0.0,0.0,251435.183403411,1013431.0987219086
 09/14  04:00:00,1438484.603069291,0.0,90000.0,0.0,251435.183403411,1009295.4018705591
 09/14  05:00:00,1511315.3387180322,0.0,180000.0,0.0,251435.183403411,1009295.4018705591
 09/14  06:00:00,2090116.1638785014,0.0,180000.0,0.0,251435.183403411,1591911.6191090853
 09/14  07:00:00,12251382.588344712,0.0,45000.0,0.0,1739520.9627297213,10401999.960288016
 09/14  08:00:00,16548701.116515012,0.0,0.0,0.0,1600975.0453441679,14884772.101882901
 09/14  09:00:00,3552431.172420426,8020.942734188138,55828.374467802954,0.0,1121195.6647682716,2313970.701357359
 09/14  10:00:00,2485652.3943155017,68264.37160703068,498179.3469717832,0.0,810750.1832191619,1066489.1796588942
 09/14  11:00:00,3111014.591779119,162359.84945333822,1206437.8008254415,0.0,651678.944739453,1061922.556175456
 09/14  12:00:00,4047177.83757459,241803.1920065598,1820692.588847753,0.0,764568.210757311,1197221.493494622
 09/14  13:00:00,4273819.187973392,278640.4865602283,2124611.5160059347,0.0,759436.880483772,1090145.648494142
 09/14  14:00:00,4774550.717826024,336314.92438705324,2574128.9389319886,0.0,759436.880483772,1083685.317593895
 09/14  15:00:00,5601577.170193145,372548.8889726052,2849191.9653822575,0.0,759436.8804837719,1597507.0828861655
 09/14  16:00:00,7176565.366856282,395757.6408434771,3001879.447084107,0.0,1282832.56838475,2459849.485802402
 09/14  17:00:00,6256169.943729156,385169.6885015707,2877224.6128730085,0.0,1498348.439873388,1424842.4490371267
 09/14  18:00:00,6652429.461194124,351972.60304305167,2533680.0164301293,0.0,2232128.668989465,1441171.0668190706
 09/14  19:00:00,6184782.0601040665,292804.4485192457,2015951.0307256551,0.0,2434816.2147942553,1317210.1235280437
 09/14  20:00:00,7325758.05606804,278792.55213624745,1864521.5707632282,0.0,3709951.787768697,1298891.805848254
 09/14  21:00:00,7631235.641195454,248632.33408638972,1647724.3414240736,0.0,4284660.778405065,1249910.1031819114
 09/14  22:00:00,4725487.434219826,181374.9470999604,1202327.3450356168,0.0,2073057.430509756,1095127.372022881
 09/14  23:00:00,2888468.980173307,118419.65601793249,785544.418480647,0.0,844103.8299971654,1020216.2252187533
 09/14  24:00:00,1923369.7287755073,73119.70719180393,485222.63110901427,0.0,251435.183403411,1025838.1892759572
 09/15  01:00:00,1677824.985249209,41490.61101389184,275442.6806119779,0.0,251435.183403411,1021702.4924246077
 09/15  02:00:00,1464037.475692199,14281.637196073345,94907.53776316483,0.0,251435.183403411,1017566.7955732582
 09/15  03:00:00,1303832.3213483072,0.0,0.0,0.0,251435.183403411,966550.8161886043
 09/15  04:00:00,1393484.603069291,0.0,45000.0,0.0,251435.183403411,1009295.4018705591
 09/15  05:00:00,1526576.907030262,0.0,180000.0,0.0,251435.183403411,1009295.4018705591
 09/15  06:00:00,1532940.6046939325,0.0,180000.0,0.0,251435.183403411,1017566.7955732582
 09/15  07:00:00,1445488.9102795455,0.0,90000.0,0.0,251435.183403411,1025838.1892759572
 09/15  08:00:00,1993490.159738179,0.0,0.0,0.0,851800.8254074741,1073012.2769256714
 09/15  09:00:00,2030326.9852091037,8846.16462626086,62580.59733829965,0.0,831275.5043133181,1070393.8377603637
 09/15  10:00:00,2534554.4011854427,73889.02023290074,537641.3131377964,0.0,810750.1832191619,1066489.1796588942
 09/15  11:00:00,3231434.8318893453,159247.66932260105,1182619.81561553,0.0,785093.531851467,1073950.6784752887
 09/15  12:00:00,4604072.005550388,240528.67551891843,1812278.1930697816,0.0,1275135.5729744413,1253237.2115189019
 09/15  13:00:00,5705826.17465215,312728.0861561556,2384389.0182663132,0.0,1516308.0958307744,1471416.3179695897
 09/15  14:00:00,6923841.03469854,382761.26079244656,2934285.2245457727,0.0,1770308.944370955,1815500.9485600502
 09/15  15:00:00,7456269.555827703,438974.4945509718,3361636.6778732105,0.0,1775440.2746444938,1857325.756290682
 09/15  16:00:00,23242430.84083943,490286.3094280456,3714497.857481792,0.0,1282832.56838475,17718567.8808033
 09/15  17:00:00,16230386.883727813,488198.8102679498,3631631.0169582553,0.0,944164.770331176,11093899.836687343
 09/15  18:00:00,8627828.77734521,404234.88870058494,2891425.571661004,0.0,913376.7886899419,4327222.118420303
 09/15  19:00:00,6411807.648527177,329802.0713740898,2239763.545814785,0.0,1123761.329905041,2604018.9390915385
 09/15  20:00:00,8403829.430915646,287129.1463999724,1885044.2737331241,0.0,2555402.476222422,3517914.763320745
 09/15  21:00:00,7842751.360248281,248503.55600517502,1611628.0185457747,0.0,2940252.2467378466,2855413.327134671
 09/15  22:00:00,3512467.7668597815,149416.77728256155,971558.2025795325,0.0,1159680.641819814,1069657.9818604323
 09/15  23:00:00,2245440.5095835775,91226.70864726882,593721.1719606882,0.0,420769.082430198,1027169.4802427287
 09/15  24:00:00,1743983.7628051636,50433.89148402106,328522.4808464534,0.0,251435.183403411,1025838.1892759572
 09/16  01:00:00,1499282.353856324,18392.94587915374,119997.71435383083,0.0,251435.183403411,1021702.4924246077
 09/16  02:00:00,1489848.3007329612,0.0,135000.0,0.0,251435.183403411,1017566.7955732582
 09/16  03:00:00,1507272.4626149596,0.0,180000.0,0.0,251435.183403411,989990.9574552565
 09/16  04:00:00,1528484.603069291,0.0,180000.0,0.0,251435.183403411,1009295.4018705591
 09/16  05:00:00,1526576.907030262,0.0,180000.0,0.0,251435.183403411,1009295.4018705591
 09/16  06:00:00,1532940.6046939325,0.0,180000.0,0.0,251435.183403411,1017566.7955732582
 09/16  07:00:00,2169611.6694069877,0.0,180000.0,0.0,846669.495133935,1064726.6366728751
 09/16  08:00:00,1993490.159738179,0.0,0.0,0.0,851800.8254074741,1073012.2769256714
 09/16  09:00:00,2566386.6366325933,4187.577922032782,28954.011930189918,0.0,831275.5043133181,1644738.661296191
 09/16  10:00:00,6541643.195101544,108779.62519166085,775658.9223421398,0.0,1370065.183034913,4241354.759596141
 09/16  11:00:00,3860153.2346275467,159277.39574782603,1182405.9562738389,0.0,1313620.5500259842,1174326.1959554378
 09/16  12:00:00,4548827.409659346,233496.3044480931,1760596.4956044808,0.0,1277701.238111211,1254141.0190272161
 09/16  13:00:00,7194602.655965082,306645.23911710497,2315147.052872201,0.0,1262307.247290594,3289518.460255866
 09/16  14:00:00,7986664.387933961,372456.7840782635,2794807.69039673,0.0,1262307.247290594,3536108.009739056
 09/16  15:00:00,5677423.690970634,380101.2363644666,2846674.6364334607,0.0,1267438.5775641329,1160316.8881402297
 09/16  16:00:00,5845833.221560721,375005.5402842185,2796687.0493938234,0.0,1412398.6577916099,1225495.749349525
 09/16  17:00:00,7470888.918970524,389906.20396825246,2851402.428805045,0.0,1913986.1920300468,2243101.644684089
 09/16  18:00:00,6576689.108968427,348238.7724717733,2463581.190814741,0.0,2232128.668989465,1441171.0668190706
 09/16  19:00:00,6763163.062113872,309288.7973884129,2097000.153785596,0.0,2873544.95318184,1368867.3954163017
 09/16  20:00:00,7196356.272415163,266964.7720444474,1762209.135514381,0.0,3709951.787768697,1298891.805848254
 09/16  21:00:00,5957445.306686764,218365.96912866435,1427779.4817406032,0.0,2940252.2467378466,1184093.3972548353
 09/16  22:00:00,4090723.281937843,163255.62580507205,1066551.779708889,0.0,1616369.036164785,1082392.6769416565
 09/16  23:00:00,2553816.803015275,109654.80690962856,717139.8739878167,0.0,590102.981456985,1024365.0743581506
 09/16  24:00:00,2022945.154460698,72599.53535651375,475340.4422062418,0.0,376639.64207776263,1010611.5170248593
 09/17  01:00:00,1724273.5390897566,47291.025474136186,310499.2867013314,0.0,272217.0710112439,1006512.1381077243
 09/17  02:00:00,1599249.2335866282,32004.351757494635,210488.88505714395,0.0,251435.183403411,1017566.7955732582
 09/17  03:00:00,1475033.1768135142,16137.005464496542,106275.87142837721,0.0,251435.183403411,1013431.0987219086
 09/17  04:00:00,1375101.46599507,3503.599006088958,23113.26391969023,0.0,251435.183403411,1009295.4018705591
 09/17  05:00:00,1331315.3387180322,0.0,0.0,0.0,251435.183403411,1009295.4018705591
 09/17  06:00:00,1561552.0609024889,0.0,0.0,0.0,477213.71543912706,1017568.9840973569
 09/17  07:00:00,1976257.7971337866,0.0,0.0,0.0,846669.495133935,1064726.6366728751
 09/17  08:00:00,2662851.242680935,4091.146060641759,27588.99219677309,0.0,1452166.467411537,1116050.6677240357
 09/17  09:00:00,2897944.312250608,40855.815100877226,281743.39344028156,0.0,1411115.825223225,1110813.7893934206
 09/17  10:00:00,2601588.8783910163,83300.0781956299,599080.1244586988,0.0,810750.1832191619,1066489.1796588942
 09/17  11:00:00,2859554.5757250995,149780.08157295678,1113000.26206365,0.0,518264.35762743896,1049894.433875623
 09/17  12:00:00,3127588.4107447243,199166.105493947,1511985.1864003656,0.0,251435.183403411,1142109.5829786563
 09/17  13:00:00,4020285.918988119,247476.86464249284,1902241.8689383953,0.0,759436.880483772,1090145.648494142
 09/17  14:00:00,4616331.445511076,299934.31480070733,2314198.0040770276,0.0,885154.4721854775,1096059.998018548
 09/17  15:00:00,5635444.773145866,350321.6468429059,2691407.9604856255,0.0,1394439.001834223,1176383.8115147667
 09/17  16:00:00,5579973.2898869375,354410.77357739804,2701526.3488079607,0.0,1282832.56838475,1204957.3743752837
 09/17  17:00:00,6163124.074328247,353596.3505455743,2648138.283164737,0.0,1636894.3572589408,1453910.3299149333
 09/17  18:00:00,5480518.624580867,303337.8349849116,2196427.3221380836,0.0,1570187.063702934,1317089.2978425317
 09/17  19:00:00,5559538.371344025,256576.1188465998,1780175.0323082153,0.0,1996087.4764066709,1402699.5012456728
 09/17  20:00:00,18527089.85118029,216330.26443023406,1465784.177795445,0.0,1689490.492562716,14981884.576840281
 09/17  21:00:00,7060972.592814609,213844.51609742024,1432521.3176421628,0.0,2604150.1138210422,2610148.56115597
 09/17  22:00:00,4497154.725600347,170442.15024664754,1140509.8634073478,0.0,1616369.036164785,1396233.3362299534
 09/17  23:00:00,2673625.6359591195,121959.4335638054,817013.2961213695,0.0,590102.981456985,1024365.0743581506
 09/17  24:00:00,2152017.7685749247,87917.81602049182,589094.7756564901,0.0,376639.64207776263,1010611.5170248593
 09/18  01:00:00,1851419.4722549417,62992.23746677439,421944.0078738784,0.0,272217.0710112439,1006512.1381077243
 09/18  02:00:00,1699811.6457136082,44575.449270653735,298480.1996709646,0.0,251435.183403411,1017566.7955732582
 09/18  03:00:00,1558771.5750859473,26773.561795339003,179377.71336996782,0.0,251435.183403411,1013431.0987219086
 09/18  04:00:00,1402337.358953368,9257.222581663467,62067.2295565756,0.0,253231.14899914965,990027.7400206584
 09/18  05:00:00,1445407.105048185,0.0,0.0,0.0,396138.69711721083,978683.654486912
 09/18  06:00:00,1787332.7814623036,0.0,0.0,0.0,702992.247474843,1017571.1726214556
 09/18  07:00:00,1342135.0380063443,0.0,0.0,0.0,251435.183403411,1025838.1892759572
 09/18  08:00:00,1388868.890148418,5596.772159738384,38909.07917001425,0.0,251435.183403411,1029973.8861273068
 09/18  09:00:00,1722901.740942611,47976.94250628486,340100.23981280427,0.0,251435.183403411,1029973.8861273068
 09/18  10:00:00,2278178.4276878852,115951.96295303502,842983.7791968499,0.0,251435.183403411,1025838.1892759572
 09/18  11:00:00,2921633.7975974707,192175.5010295494,1423569.4833031225,0.0,251435.183403411,1025838.1892759572
 09/18  12:00:00,3320824.3920206088,223560.9127547716,1680826.3604154247,0.0,251435.183403411,1142109.5829786563
 09/18  13:00:00,3633877.6975448476,272110.14108619257,2055238.1336472714,0.0,251435.183403411,1034109.5829786563
 09/18  14:00:00,4413579.468588476,331122.13736409077,2497139.192565202,0.0,505436.03194359154,1058897.4502862757
 09/18  15:00:00,5595394.828762826,368774.2936536602,2773897.2839791384,0.0,759436.880483772,1670394.0181779098
 09/18  16:00:00,5184183.203657528,364535.35637234664,2732456.8754567513,0.0,769699.5410308499,1281245.2060560358
 09/18  17:00:00,5461771.815177928,354462.6739658557,2615432.5796809457,0.0,1082710.687716729,1338581.1203703354
 09/18  18:00:00,7079661.269973579,327360.2040994643,2328586.3542791805,0.0,1570187.063702934,2760050.5419795928
 09/18  19:00:00,7146231.439237031,282871.96151670825,1926389.4404366992,0.0,2654180.5839880477,2158789.21075871
 09/18  20:00:00,9724602.190862197,273146.8828191204,1808332.3168218099,0.0,3421314.459882128,4048208.1917875255
 09/18  21:00:00,5049398.098217988,187828.74138871022,1242932.055044043,0.0,2268047.980904238,1150281.236782983
 09/18  22:00:00,2342745.6612582477,114625.1899266786,760703.9716951901,0.0,251435.183403411,1042380.9766813554
 09/18  23:00:00,1995455.2747090345,77783.01902807943,516078.3356914284,0.0,251435.183403411,1029973.8861273068
 09/18  24:00:00,1735095.5442493623,48407.63264896409,321660.5211257091,0.0,251435.183403411,1025838.1892759572
 09/19  01:00:00,1567699.1037688428,26991.92845143035,179815.48169407278,0.0,251435.183403411,1021702.4924246077
 09/19  02:00:00,1442751.7637420632,11195.160219563673,74800.6067505099,0.0,251435.183403411,1017566.7955732582
 09/19  03:00:00,1358223.2716652853,728.0613683442159,4874.910376300713,0.0,251435.183403411,1013431.0987219086
 09/19  04:00:00,1348484.603069291,0.0,0.0,0.0,251435.183403411,1009295.4018705591
 09/19  05:00:00,1331315.3387180322,0.0,0.0,0.0,251435.183403411,1009295.4018705591
 09/19  06:00:00,1335771.3403426742,0.0,0.0,0.0,251435.183403411,1017566.7955732582
 09/19  07:00:00,1659196.4175700655,0.0,0.0,0.0,549052.339268673,1045282.412974416
 09/19  08:00:00,2148618.0798216993,0.0,0.0,0.0,1001892.2359084899,1083771.8746252623
 09/19  09:00:00,1998559.3800079129,5383.561441762459,38090.98739966494,0.0,831275.5043133181,1070393.8377603637
 09/19  10:00:00,2583135.5836647344,80594.60871052675,583332.2992175198,0.0,810750.1832191619,1066489.1796588942
 09/19  11:00:00,3434517.239102534,184857.45737567695,1362000.1308146713,0.0,785093.531851467,1073950.6784752887
 09/19  12:00:00,4244645.228565052,267034.5161828986,1992928.655661877,0.0,764568.210757311,1197221.493494622
 09/19  13:00:00,4432824.705741034,317121.12183476676,2386145.839147998,0.0,632436.4562136817,1076136.6321152707
 09/19  14:00:00,4408251.651046524,346920.65693136555,2615407.213379876,0.0,378435.60767350125,1046503.5166324661
 09/19  15:00:00,5289811.791319488,401656.87963374547,3010680.2915998576,0.0,759436.8804837719,1095145.3871337683
 09/19  16:00:00,8345360.333722091,435497.8400023341,3244374.2079051957,0.0,1282832.56838475,3346409.4926882656
 09/19  17:00:00,6801013.609775361,408366.273928441,3013004.4918245343,0.0,1082710.687716729,2226347.4028615938
 09/19  18:00:00,5686866.399180039,352597.88940466824,2548738.0533148823,0.0,1405984.4949496859,1286068.855598397
 09/19  19:00:00,5538257.554314025,297104.32787717064,2100097.7931181346,0.0,1123761.329905041,1893293.8608768121
 09/19  20:00:00,5337274.647219354,212713.93621936775,1486247.2999432548,0.0,2266765.148335853,1197947.9231692662
 09/19  21:00:00,6392230.258254204,172228.00070209324,1190235.9106642674,0.0,3612456.5125714554,1217001.7502183735
 09/19  22:00:00,4205271.393381848,109431.72894836412,754054.5223492335,0.0,2073057.430509756,1095127.372022881
 09/19  23:00:00,2458271.3298200825,49496.998866462745,340985.4254786313,0.0,928770.7795105589,1018833.275505621
 09/19  24:00:00,2451964.550626193,122098.01333713048,827219.3772993119,0.0,408069.040003189,1006824.1021912415
 09/20  01:00:00,2103850.910049908,94371.93439330315,637404.2154513664,0.0,292998.9586190769,991321.7837908408
 09/20  02:00:00,1858020.1335406727,69746.04186811924,469129.2636008448,0.0,251435.183403411,979955.626872977
 09/20  03:00:00,1677468.9796780392,48272.73422392604,323456.2280667771,0.0,251435.183403411,966550.8161886043
 09/20  04:00:00,1564140.0462217166,28079.425063583134,187576.01808884245,0.0,251435.183403411,1009295.4018705591
 09/20  05:00:00,1377236.003112203,5984.740223566282,39935.924170604354,0.0,251435.183403411,1009295.4018705591
 09/20  06:00:00,1448661.7006225816,0.0,0.0,0.0,364324.449421269,1017567.8898353076
 09/20  07:00:00,2451849.866479368,0.0,0.0,0.0,1293095.228931828,1093892.9722205636
 09/20  08:00:00,2871310.6461202633,30645.77007847175,209493.77161827084,0.0,1452166.467411537,1116050.6677240357
 09/20  09:00:00,2931771.524683672,82573.1637023194,583983.3935433857,0.0,1121195.6647682716,1090603.813576892
 09/20  10:00:00,3853771.1670573046,158081.37321605545,1176515.1279058736,0.0,1370065.183034913,1107140.1700418312
 09/20  11:00:00,4697709.826822966,255191.80440490838,1978218.864132023,0.0,1313620.5500259842,1122063.16767462
 09/20  12:00:00,5210367.116163229,345327.4676257763,2737844.4535955517,0.0,892851.467595786,1211451.3748777704
 09/20  13:00:00,5413170.7163962675,390999.30803528905,3151604.2229537484,0.0,759436.880483772,1090145.648494142
 09/20  14:00:00,5931250.563213306,446237.523076985,3620906.185629337,0.0,759436.880483772,1083685.317593895
 09/20  15:00:00,6254831.1371237775,480549.626952457,3895903.082577121,0.0,759436.880483772,1096049.1946420826
 09/20  16:00:00,6841057.2925453,480101.7771838832,3856130.4494748735,0.0,769699.5410308499,1698879.3001141476
 09/20  17:00:00,6236462.586540906,460942.54599218885,3628379.926609168,0.0,667072.93556007,1409482.4249354168
 09/20  18:00:00,6588172.558557586,403797.47656459344,3058235.0945137255,0.0,1077579.3574431897,1955083.5241236708
 09/20  19:00:00,7270547.843448868,374750.5409651687,2690618.903226628,0.0,2215451.845600463,1865726.311119742
 09/20  20:00:00,8105856.249142359,349225.69627441734,2417475.890221662,0.0,3709951.787768697,1455602.5353259693
 09/20  21:00:00,8178781.9346376555,313956.6981067283,2129946.270845936,0.0,4284660.778405065,1249910.1031819114
 09/20  22:00:00,4135257.9526193365,223442.07805385246,1508876.9113336247,0.0,1159680.641819814,1069657.9818604323
 09/20  23:00:00,2897581.74704013,172172.43371766835,1157285.9001907264,0.0,420769.082430198,1027169.4802427287
 09/20  24:00:00,2410313.8558702194,135723.928354054,909562.5370414765,0.0,251435.183403411,1025838.1892759572
 09/21  01:00:00,2182655.063205643,106939.32281556532,714824.0467667385,0.0,251435.183403411,1021702.4924246077
 09/21  02:00:00,1991173.1611471942,82689.65349275686,551727.5108824476,0.0,251435.183403411,1017566.7955732582
 09/21  03:00:00,1842055.8836003023,63835.795801451546,425599.78787821013,0.0,251435.183403411,1013431.0987219086
 09/21  04:00:00,1715969.3768402806,47926.75828428118,319558.0154867085,0.0,251435.183403411,1009295.4018705591
 09/21  05:00:00,1618389.6324902833,29990.725184047038,200037.68542312775,0.0,323786.9402603109,993989.5281787355
 09/21  06:00:00,3239855.4856035663,34597.57021108588,230176.80952346537,0.0,1159680.641819814,1748631.1026831958
 09/21  07:00:00,2824346.042470024,27801.69564875843,186163.7905600372,0.0,1441903.806864459,1103615.084069793
 09/21  08:00:00,2711274.161508041,30779.055412863476,210175.0098722641,0.0,1302075.0569105214,1105291.0700244447
 09/21  09:00:00,4191692.8155057654,79691.65504227382,564220.5386863915,0.0,1411115.825223225,2083249.3074610713
 09/21  10:00:00,4788718.646972749,176614.14375502404,1308563.4519246428,0.0,1370065.183034913,1891506.5553995385
 09/21  11:00:00,4207694.396403885,265711.66573020734,2054323.079761492,0.0,785093.531851467,1073950.6784752887
 09/21  12:00:00,5805683.3496875,364559.8268810335,2882096.6425503613,0.0,764568.210757311,1771566.317030449
 09/21  13:00:00,5230043.887268661,400214.789532669,3225579.504797931,0.0,378435.60767350125,1204829.3288352434
 09/21  14:00:00,5726415.791165268,453350.3335056182,3687747.3190004667,0.0,505436.03194359154,1058897.4502862757
 09/21  15:00:00,6479489.787205303,503366.31749295956,4097745.0421181433,0.0,759436.880483772,1096049.1946420826
 09/21  16:00:00,6585161.077011868,493913.3282158292,4012378.525157607,0.0,897982.7978693249,1144640.2010275612
 09/21  17:00:00,7247583.852602098,495490.87017427635,3925931.138336605,0.0,1359802.522487835,1395774.5681593204
 09/21  18:00:00,6554412.490223663,418492.76320681156,3155166.25955898,0.0,1570187.063702934,1317089.2978425317
 09/21  19:00:00,6256464.86831942,353752.402075756,2517071.895660341,0.0,1996087.4764066709,1265552.8516397858
 09/21  20:00:00,6443286.970829803,275008.0773905069,1912301.7216003367,0.0,2844039.804108991,1238337.0281783552
 09/21  21:00:00,6811774.108785571,224753.03327974502,1557254.7286179827,0.0,3612456.512571456,1217001.7502183733
 09/21  22:00:00,4613771.58643488,160108.31476503573,1111878.1295855949,0.0,2073057.430509756,1095127.372022881
 09/21  23:00:00,3469589.9593807925,177923.80618158323,1223877.247724221,0.0,928770.7795105589,1018833.275505621
 09/21  24:00:00,2795194.17877548,161144.2768932893,1103760.758800631,0.0,439498.43792861537,1003036.6873576236
 09/22  01:00:00,2380376.1361493524,130059.29036761928,889425.1521583938,0.0,251435.183403411,1021702.4924246077
 09/22  02:00:00,2196567.854883437,107433.9070812134,734285.6470692627,0.0,251435.183403411,1017566.7955732582
 09/22  03:00:00,2048250.1776058488,89111.64241991396,608425.9313043231,0.0,251435.183403411,1013431.0987219086
 09/22  04:00:00,1890870.8793957424,73858.0977416792,503471.5710930963,0.0,255027.11459488832,970760.0781707575
 09/22  05:00:00,1989274.7549424758,60617.84843244986,412872.4235475569,0.0,467464.18791940296,962473.9732867742
 09/22  06:00:00,2701600.5181613555,56453.6070086003,383952.0939460253,0.0,1159680.641819814,1017575.5496696533
 09/22  07:00:00,3472552.9809607547,68084.61189489946,464537.86201770557,0.0,1739520.9627297213,1122194.0067182512
 09/22  08:00:00,4045141.5701588504,97215.71297369077,672758.9621156647,0.0,2047400.779142061,1159089.0585224002
 09/22  09:00:00,5051928.271614779,145426.6316713308,1037321.129577543,0.0,1990956.146133132,1820993.4830619115
 09/22  10:00:00,27421843.016775094,285878.10015473305,2114739.471211521,0.0,1929380.1828506638,23046060.557621486
 09/22  11:00:00,13225252.22760441,367551.0462609309,2835682.570037244,0.0,1713864.3113620258,8277631.16331975
 09/22  12:00:00,5932941.683859418,409818.122806113,3255149.9642123226,0.0,1019851.8918658762,1225229.352506762
 09/22  13:00:00,5899229.080571649,443927.7026765943,3584734.192487824,0.0,759436.880483772,1090145.648494142
 09/22  14:00:00,6352560.679573372,493719.0650897038,3994734.7599766837,0.0,759436.880483772,1083685.317593895
 09/22  15:00:00,6642100.877822384,526312.6636921845,4237409.786536,0.0,759436.880483772,1096049.1946420826
 09/22  16:00:00,10086826.777588585,534742.1090122419,4251431.716660919,0.0,1154549.311546275,4109857.4156276025
 09/22  17:00:00,9399362.732656287,528054.5105982072,4088640.7623431436,0.0,1636894.357258941,3073280.6529729064
 09/22  18:00:00,8149287.099030834,455513.68285489455,3354559.446958198,0.0,2232128.668989465,2015515.8903548978
 09/22  19:00:00,9313012.34531841,414335.8877437563,2870482.416754954,0.0,2873544.95318184,3040187.3252961366
 09/22  20:00:00,6470902.077870958,327582.38322488184,2211426.3448958816,0.0,2555402.476222422,1218152.102288389
 09/22  21:00:00,6465887.394411734,280913.9425445902,1873673.596049648,0.0,2940252.2467378466,1184093.3972548353
 09/22  22:00:00,4487826.884669143,213030.50643925054,1413880.50180601,0.0,1616369.036164785,1082392.6769416565
 09/22  23:00:00,2590622.7484862297,146089.51225568945,967305.3538260245,0.0,336102.13291680446,1028571.6831850179
 09/22  24:00:00,2184096.3589926017,107798.83394460901,711270.1345733036,0.0,251435.183403411,1025838.1892759572
 09/23  01:00:00,1931039.4854461742,75157.46839435652,494990.3234284781,0.0,251435.183403411,1021702.4924246077
 09/23  02:00:00,1731280.2804694,49661.60450502891,326770.3752314102,0.0,251435.183403411,1017566.7955732582
 09/23  03:00:00,1554886.9382140052,26930.683939608905,177243.65039278485,0.0,251435.183403411,1013431.0987219086
 09/23  04:00:00,1400356.4823640645,6836.2308839776415,45035.64841079581,0.0,251435.183403411,1009295.4018705591
 09/23  05:00:00,1346576.907030262,0.0,0.0,0.0,251435.183403411,1009295.4018705591
 09/23  06:00:00,1352940.6046939325,0.0,0.0,0.0,251435.183403411,1017566.7955732582
 09/23  07:00:00,1672550.2898432666,0.0,0.0,0.0,549052.339268673,1045282.412974416
 09/23  08:00:00,2408694.288146186,12100.697815576033,81401.41419121763,0.0,1151983.6464095055,1094531.4723248535
 09/23  09:00:00,3097672.5040751123,65840.57458537944,452671.4337022258,0.0,1411115.825223225,1110813.7893934206
 09/23  10:00:00,3663908.304682983,141255.55654984945,999662.6901197004,0.0,1370065.183034913,1107140.1700418312
 09/23  11:00:00,4351818.674780456,228301.3117524064,1657310.5087029869,0.0,1313620.5500259842,1122063.16767462
 09/23  12:00:00,5115774.336928568,303602.57347408123,2257437.153847715,0.0,1277701.238111211,1254141.0190272161
 09/23  13:00:00,5522417.389719611,359618.74029714643,2731440.4037596714,0.0,1262307.247290594,1148066.3419428836
 09/23  14:00:00,6343301.378282617,419857.73158560466,3228178.987836796,0.0,1516308.0958307746,1157971.906600126
 09/23  15:00:00,7120571.389845251,470949.3104684711,3626704.870625565,0.0,1775440.2746444938,1224584.5816383772
 09/23  16:00:00,5843709.494173128,433764.96960455703,3331075.3009301387,0.0,897982.7978693249,1144640.2010275612
 09/23  17:00:00,6762787.749188506,411099.18563722726,3083552.1334225563,0.0,528527.018174517,2667116.9624711135
 09/23  18:00:00,5089264.602261601,340190.65471257654,2434218.0549221816,0.0,747891.3873683091,1475395.0953851547
 09/23  19:00:00,5711708.341416277,300159.91135270655,2035446.3396753909,0.0,1996087.4764066709,1265552.8516397858
 09/23  20:00:00,5900691.483273111,258598.9744114949,1710199.159111422,0.0,2555402.476222422,1218152.102288389
 09/23  21:00:00,5962505.3089291155,218726.68416501582,1432478.7689466032,0.0,2940252.2467378466,1184093.3972548353
 09/23  22:00:00,5651453.663544214,184671.5265817477,1200843.694600283,0.0,2981302.8889261587,1122481.3901185845
 09/23  23:00:00,2731515.444319884,122562.99643825318,798646.3259635402,0.0,674769.9309703785,1022982.1246450183
 09/23  24:00:00,2409146.818973672,63819.19476714928,416805.21037654043,0.0,376639.64207776263,1464128.7539568988
 09/24  01:00:00,4031171.5842701485,84878.44933908245,553416.234601864,0.0,292998.9586190769,3012123.9239148046
 09/24  02:00:00,8234367.837806767,35211.14725709216,230311.01182077662,0.0,251435.183403411,7629656.477530166
 09/24  03:00:00,1511597.373250105,27279.68169370698,178577.67416906173,0.0,251435.183403411,966550.8161886043
 09/24  04:00:00,3023586.9318698975,25952.861854096176,169483.65905271465,0.0,255027.11459488832,2485369.2785728774
 09/24  05:00:00,1574165.9059899205,2455.172906867013,16072.008830759893,0.0,538789.678721595,946264.2920866365
 09/24  06:00:00,2244025.552855472,0.0,0.0,0.0,1159680.641819814,1017575.5496696533
 09/24  07:00:00,2430465.8263033945,0.0,0.0,0.0,1144286.650999197,1221317.509977221
 09/24  08:00:00,2620508.2462733975,0.0,0.0,0.0,851800.8254074741,1705753.451577976
 09/24  09:00:00,2803052.7055332605,27060.225890655314,188166.47382381436,0.0,831275.5043133181,1703135.0124126687
 09/24  10:00:00,9877550.651954219,98165.68090242369,699631.4531056945,0.0,1090407.6831270375,7947376.521960432
 09/24  11:00:00,11024029.287780266,168653.05760432757,1235170.6201446208,0.0,1313620.5500259842,8277969.6194199
 09/24  12:00:00,4437690.357469438,220571.68035733045,1662384.0675053354,0.0,1277701.238111211,1254141.0190272161
 09/24  13:00:00,8049569.251127113,310772.5488031221,2382432.690959638,0.0,1262307.247290594,4073072.1076444425
 09/24  14:00:00,8558403.696323693,341948.3295207853,2665764.834236181,0.0,1262307.247290594,4267398.628846816
 09/24  15:00:00,6180846.855969545,338949.64439605427,2660193.8403872405,0.0,1267438.5775641329,1891372.4411537724
 09/24  16:00:00,5703283.3961659,312854.3895362718,2440436.996879937,0.0,1154549.311546275,1759196.47346187
 09/24  17:00:00,6491393.162518263,315550.08581580437,2409416.855744947,0.0,1359802.522487835,2336038.9450256135
 09/24  18:00:00,6280550.801301577,276776.1766065107,2050585.6391695433,0.0,1570187.063702934,2289524.8159101824
 09/24  19:00:00,6764023.008099941,258194.99820845458,1845435.0436746131,0.0,2434816.2147942553,2101576.508885751
 09/24  20:00:00,6844023.58339115,246828.89337596094,1723573.010623161,0.0,3421314.4598821285,1278706.8799582878
 09/24  21:00:00,7604760.88794608,237006.0173572652,1632875.9049038237,0.0,4284660.778405065,1249910.1031819114
 09/24  22:00:00,5317866.264458591,191909.88865276077,1316371.4954655278,0.0,2527180.1597179575,1108804.3810707328
 09/24  23:00:00,2480377.4979845705,137173.66867261892,941609.9093224248,0.0,251435.183403411,1029973.8861273068
 09/24  24:00:00,2259311.2317067077,113833.4226097922,780450.4186222263,0.0,251435.183403411,1025838.1892759572
 09/25  01:00:00,2108617.374244925,95148.69690204282,652576.9837195427,0.0,251435.183403411,1021702.4924246077
 09/25  02:00:00,1985805.561198518,80023.6985941103,549025.8658324179,0.0,251435.183403411,1017566.7955732582
 09/25  03:00:00,1811917.5143275245,64340.01080510644,441837.48613508185,0.0,251435.183403411,966550.8161886043
 09/25  04:00:00,1793436.3501138957,56493.95387883084,388457.79316577385,0.0,251435.183403411,1009295.4018705591
 09/25  05:00:00,2356860.0072011147,57210.84022613099,393989.0047211243,0.0,251435.183403411,1583640.2254063864
 09/25  06:00:00,2378097.890207583,54888.525722049395,379165.8535455149,0.0,702992.247474843,1174281.9020991712
 09/25  07:00:00,2761069.9923506533,58859.06506562661,408891.7505875193,0.0,1144286.650999197,1084170.860371334
 09/25  08:00:00,2686793.264585457,55600.52085659784,390782.86497315264,0.0,551618.0044054425,1625837.9050623165
 09/25  09:00:00,5931581.091775164,104292.35606449975,737989.3149898687,0.0,831275.5043133181,4204608.427314673
 09/25  10:00:00,5939812.103734877,115268.35503559925,823618.5777833147,0.0,810750.1832191619,4148205.6748381685
 09/25  11:00:00,2696318.8694793736,98120.68275187761,710538.5358153097,0.0,785093.531851467,1073950.6784752887
 09/25  12:00:00,2913851.1321326904,111691.69287673608,817477.3825356772,0.0,764568.210757311,1197221.493494622
 09/25  13:00:00,3084643.210794028,144496.98291469162,1069579.042472106,0.0,759436.880483772,1090145.648494142
 09/25  14:00:00,3244435.1600134727,162164.41388940107,1218163.8916170886,0.0,759436.880483772,1083685.317593895
 09/25  15:00:00,3345093.294301546,170112.60767895676,1296602.2590283896,0.0,759436.880483772,1096049.1946420826
 09/25  16:00:00,4013142.8090655906,189266.60513423177,1448229.017717495,0.0,1154549.3115462752,1184851.6499260429
 09/25  17:00:00,4582865.045100765,204592.38389817812,1552110.8171113692,0.0,1359802.522487835,1395774.5681593204
 09/25  18:00:00,5800440.725289334,201969.32700857884,1493650.6906778044,0.0,1901157.8663461995,2110185.735344344
 09/25  19:00:00,5959616.121860882,195048.4756520527,1398155.055073822,0.0,2873544.95318184,1368867.3954163017
 09/25  20:00:00,6755301.976331433,196183.67196832155,1376674.3711945475,0.0,3709951.787768697,1298891.805848254
 09/25  21:00:00,7224317.950093094,187549.88077114022,1301889.1036369633,0.0,4284660.778405065,1249910.1031819114
 09/25  22:00:00,4173085.3328670748,134455.96331475885,931555.7721811644,0.0,1844713.2333372706,1088760.0244822688
 09/25  23:00:00,2594848.3986626994,98123.86308776203,678787.629500732,0.0,674769.9309703785,1022982.1246450183
 09/25  24:00:00,1963583.3754136544,72183.4180854107,498878.12024774094,0.0,282736.29807199887,1022031.5212131827
 09/26  01:00:00,1787642.3562043542,53945.10956216987,372805.55301884486,0.0,251435.183403411,1021702.4924246077
 09/26  02:00:00,1666193.4990594496,39097.55053124529,270339.9517562146,0.0,251435.183403411,1017566.7955732582
 09/26  03:00:00,1545844.878303916,24407.482000498974,168817.09638277645,0.0,251435.183403411,1013431.0987219086
 09/26  04:00:00,1441357.0788012086,11726.971403617972,81145.50432829988,0.0,251435.183403411,1009295.4018705591
 09/26  05:00:00,1344827.3372077264,1705.0205311579566,11806.977958536116,0.0,251435.183403411,1009295.4018705591
 09/26  06:00:00,1674442.4211823961,0.0,0.0,0.0,590102.9814569851,1017570.0783594062
 09/26  07:00:00,2763198.1822500755,7021.866062758592,48862.96603998741,0.0,846669.495133935,1795782.189686418
 09/26  08:00:00,2244218.2562667397,27743.976708527232,197323.14200829042,0.0,851800.8254074741,1104396.342854501
 09/26  09:00:00,4274056.329752922,71166.7127655155,522386.9483243931,0.0,831275.5043133181,2795811.6752568916
 09/26  10:00:00,2483720.955582024,82609.13054631678,631894.6468486916,0.0,670921.4332652242,1056326.43206316
 09/26  11:00:00,2306396.3404824343,112873.05179816965,887634.4754194658,0.0,251435.183403411,1025838.1892759572
 09/26  12:00:00,3586928.509058088,178031.06423401218,1418115.5024378367,0.0,251435.183403411,1716454.4065144835
 09/26  13:00:00,7429138.384788339,253205.6653373291,2030953.1794255795,0.0,885154.4721854775,4238840.411410636
 09/26  14:00:00,7291389.591951578,278663.6054218641,2245589.1013515648,0.0,1262307.247290594,3483844.9814582383
 09/26  15:00:00,5012917.240989403,283378.8992232685,2278890.523593427,0.0,1267438.5775641329,1160316.8881402297
 09/26  16:00:00,5044972.179016404,281457.8063411914,2239478.205173633,0.0,1282832.56838475,1204957.3743752837
 09/26  17:00:00,7003929.99867072,291989.3898511639,2275203.722327917,0.0,1498348.439873388,2867803.693174188
 09/26  18:00:00,5673302.317617368,254223.45925856548,1927978.8880468674,0.0,1735672.4650245667,1661950.399374963
 09/26  19:00:00,5298551.320318125,229002.68644419353,1683908.063290609,0.0,1996087.4764066709,1265552.8516397858
 09/26  20:00:00,5753474.990398543,219940.34084339254,1586379.731492727,0.0,2555402.476222422,1218152.102288389
 09/26  21:00:00,7164379.7532717185,219635.9386326898,1562421.1583526114,0.0,3948558.6454882603,1233455.9267001424
 09/26  22:00:00,5299615.827763669,184747.8628635371,1305283.0845598294,0.0,2527180.1597179575,1108804.3810707328
 09/26  23:00:00,3154271.276232918,134997.36451196988,951485.0062459589,0.0,928770.7795105589,1018833.275505621
 09/26  24:00:00,2323021.0763471304,105592.8751176962,742423.0243314919,0.0,376639.64207776263,1010611.5170248593
 09/27  01:00:00,2039034.1166963936,83206.03315397397,583753.3233371811,0.0,292998.9586190769,991321.7837908408
 09/27  02:00:00,1846539.626049368,65896.91902154671,461497.8789561123,0.0,251435.183403411,979955.626872977
 09/27  03:00:00,1723000.5648491657,52146.93678179382,365113.6106800358,0.0,251435.183403411,966550.8161886043
 09/27  04:00:00,1679133.8881751727,41311.488816400844,289337.79628948093,0.0,251435.183403411,1009295.4018705591
 09/27  05:00:00,1581585.4394923511,31243.684216713045,219026.4165576058,0.0,251435.183403411,1009295.4018705591
 09/27  06:00:00,1784679.6684161425,27829.74465149538,195297.86286215793,0.0,477213.71543912706,1017568.9840973569
 09/27  07:00:00,1623256.2303139248,15218.807261565204,107371.69526415478,0.0,400243.76133604196,1035560.3011251866
 09/27  08:00:00,1968173.5543929636,37199.210473061794,264909.2887000229,0.0,551618.0044054426,1051493.081526489
 09/27  09:00:00,2992208.8524560365,74985.61578817415,541212.9887593156,0.0,541355.3438583645,1781239.414957378
 09/27  10:00:00,2325211.1685944013,84231.93434621088,621753.5536108467,0.0,531092.6833112865,1046163.6844674258
 09/27  11:00:00,2726912.8448199285,115644.49585210728,869051.4074674814,0.0,651678.944739453,1061922.556175456
 09/27  12:00:00,3075315.204229164,143596.27387499806,1089098.1081013554,0.0,636284.953918836,1183443.5158656305
 09/27  13:00:00,5572315.468701089,187062.4631382513,1410030.5073889066,0.0,632436.4562136818,3321801.385530933
 09/27  14:00:00,3443056.913187879,185999.56214238188,1392950.4965385143,0.0,759436.880483772,1083685.317593895
 09/27  15:00:00,3468018.8595916526,188159.07089426648,1401481.3611031864,0.0,759436.880483772,1096049.1946420826
 09/27  16:00:00,4078298.514292477,186705.63984448777,1386767.8085614461,0.0,769699.5410308499,1698879.3001141476
 09/27  17:00:00,6286058.252706984,213869.9335764831,1574706.545159448,0.0,1359802.522487835,3067094.498039156
 09/27  18:00:00,4974244.041932503,193114.84560212874,1407364.041740966,0.0,1901157.8663461995,1379130.1823308012
 09/27  19:00:00,5971788.481429452,196433.4215205003,1408942.4687739434,0.0,2873544.95318184,1368867.3954163017
 09/27  20:00:00,5038190.163929905,172132.30163079852,1227744.4512423743,0.0,2266765.148335853,1197947.9231692662
 09/27  21:00:00,4111554.6559149744,147549.2182394506,1051384.56219575,0.0,1595843.715070629,1116469.0763111305
 09/27  22:00:00,3395552.6842101216,122083.03964041054,870530.6813378521,0.0,1159680.641819814,1069657.9818604323
 09/27  23:00:00,2456626.6217399044,98874.84808689066,706363.613950174,0.0,505436.0319435915,1025767.2773004398
 09/27  24:00:00,2069274.7890301212,86373.15842779615,617874.2401276357,0.0,251435.183403411,1025838.1892759572
 09/28  01:00:00,1987619.758655787,76815.28979317186,549912.7752392757,0.0,251435.183403411,1021702.4924246077
 09/28  02:00:00,1901952.377447993,66779.68731971736,478416.69335628586,0.0,251435.183403411,1017566.7955732582
 09/28  03:00:00,1853496.282427267,61337.25694562143,439538.72556100535,0.0,251435.183403411,1013431.0987219086
 09/28  04:00:00,1742715.192136912,48251.192849478444,345979.39621814253,0.0,251435.183403411,1009295.4018705591
 09/28  05:00:00,1651062.0749744284,39193.39308322941,280553.3431731666,0.0,251435.183403411,1009295.4018705591
 09/28  06:00:00,1810022.1601653665,30522.2247887029,217947.87447417484,0.0,477213.71543912706,1017568.9840973569
 09/28  07:00:00,1485493.69228652,17584.11372974793,125774.5405504278,0.0,251435.183403411,1025838.1892759572
 09/28  08:00:00,2279116.7772524045,35589.22731640846,255760.4783149034,0.0,851800.8254074741,1073012.2769256714
 09/28  09:00:00,2452755.0977118434,60240.708656583825,437429.55788877414,0.0,831275.5043133181,1070393.8377603637
 09/28  10:00:00,2554140.6232862,75663.55868956607,559268.3888599465,0.0,810750.1832191619,1066489.1796588942
 09/28  11:00:00,2685409.61506449,93277.73212841163,704472.2320238922,0.0,785093.531851467,1073950.6784752887
 09/28  12:00:00,3025867.2614312237,119793.05592193338,921392.148789013,0.0,764568.210757311,1197221.493494622
 09/28  13:00:00,3161874.9892567913,146998.85425269653,1144308.9495968646,0.0,759436.880483772,1090145.648494142
 09/28  14:00:00,3896410.752531032,165547.66103966616,1292411.413448556,0.0,759436.880483772,1658030.1411297221
 09/28  15:00:00,3998425.8153781276,191536.8414611951,1485665.1215557642,0.0,1013437.7290239524,1284893.7708688716
 09/28  16:00:00,4174684.8620813517,190370.57603607018,1460278.1185437022,0.0,1282832.56838475,1204957.3743752837
 09/28  17:00:00,4443039.272487131,189132.370602166,1427745.0577937472,0.0,1359802.522487835,1395774.5681593204
 09/28  18:00:00,4504917.916110076,181446.23280394907,1342718.215848255,0.0,1570187.063702934,1317089.2978425317
 09/28  19:00:00,5670385.083812399,187985.32271272468,1361180.1751025878,0.0,2654180.5839880477,1343038.7594721727
 09/28  20:00:00,6651076.573184455,179992.35406432,1288640.285951571,0.0,3709951.787768697,1298891.805848254
 09/28  21:00:00,5286608.687699763,161886.31102145725,1153528.7654944977,0.0,2604150.1138210427,1166735.413264752
 09/28  22:00:00,2295358.515394087,101562.15543259066,726379.8603251169,0.0,251435.183403411,1042380.9766813554
 09/28  23:00:00,2101485.55943623,85877.56885475904,614014.0705919443,0.0,251435.183403411,1029973.8861273068
 09/28  24:00:00,1962581.8895752528,73306.18108148457,524248.3180190791,0.0,251435.183403411,1025838.1892759572
 09/29  01:00:00,1858400.7125323652,61056.07537454365,436452.94353448227,0.0,251435.183403411,1021702.4924246077
 09/29  02:00:00,1769648.7191142812,50894.455509118845,363905.9628722012,0.0,251435.183403411,1017566.7955732582
 09/29  03:00:00,1696397.7956953745,42381.06663538315,303304.1251783798,0.0,251435.183403411,1013431.0987219086
 09/29  04:00:00,1645037.9340939994,36318.93863878466,260234.39238592386,0.0,251435.183403411,1009295.4018705591
 09/29  05:00:00,1593985.6412235815,30270.194853299705,217138.53934002004,0.0,251435.183403411,1009295.4018705591
 09/29  06:00:00,2192038.0043725376,32401.113555540407,232351.46258723718,0.0,251435.183403411,1591911.6191090853
 09/29  07:00:00,3349550.7244808343,51322.9922599437,368351.6859476104,0.0,846669.495133935,2004991.013539168
 09/29  08:00:00,3243542.916658341,73371.02370585912,533277.700411876,0.0,1452166.467411537,1116050.6677240357
 09/29  09:00:00,4233390.75595994,128426.8782586501,951458.5583779556,0.0,1411115.825223225,1685158.6129292478
 09/29  10:00:00,6714096.3228598405,203000.77174030885,1533231.9158376853,0.0,1370065.183034913,3562013.7473102445
 09/29  11:00:00,4239535.779374182,202044.09949590455,1571284.825553215,0.0,1313620.5500259842,1122063.16767462
 09/29  12:00:00,5207392.215746372,298945.7738379236,2353711.8323016763,0.0,1277701.238111211,1254141.0190272161
 09/29  13:00:00,5306161.809326775,319159.14247677656,2555644.421187205,0.0,1262307.247290594,1148066.3419428836
 09/29  14:00:00,7176796.900610514,365969.2006372375,2951390.512823799,0.0,1262307.247290594,2576145.2834295677
 09/29  15:00:00,6192669.009395604,376532.83035316743,3051647.7015814325,0.0,1267438.5775641329,1474157.5474285264
 09/29  16:00:00,6705702.903542551,380694.75114087295,3069916.4318865566,0.0,1282832.56838475,1936012.9273888264
 09/29  17:00:00,7449045.540116252,391076.1634022645,3089850.5202527316,0.0,1498348.439873388,2397277.9671047777
 09/29  18:00:00,6727827.449665793,341686.1431443991,2622929.1497448436,0.0,1570187.063702934,2101455.6832002387
 09/29  19:00:00,6490825.809885376,302146.22558846447,2238232.6703729057,0.0,1996087.4764066709,1839897.675175613
 09/29  20:00:00,16010836.597190376,300446.97499325615,2162689.6667144275,0.0,3132677.1319955597,10256684.052247752
 09/29  21:00:00,15035495.529752236,301859.9764087183,2135268.2636929406,0.0,4284660.778405065,8126752.299420701
 09/29  22:00:00,5085975.981957964,217841.2626101658,1537795.7534977212,0.0,2073057.430509756,1095127.372022881
 09/29  23:00:00,3018279.0550415157,160497.68208508627,1130720.7443802871,0.0,590102.981456985,1024403.580816464
 09/29  24:00:00,2300799.5687859715,116483.62601041296,819288.5523008694,0.0,251435.183403411,1025838.1892759572
 09/30  01:00:00,2086507.9895447092,90480.00647752473,635136.2894438448,0.0,251435.183403411,1021702.4924246077
 09/30  02:00:00,1902874.2672634623,68402.96183477079,479623.0046957304,0.0,251435.183403411,1017566.7955732582
 09/30  03:00:00,1743917.7576798408,49113.13879136765,344092.01500686165,0.0,251435.183403411,1013431.0987219086
 09/30  04:00:00,1605529.7192244811,32112.165472039123,224932.9506831511,0.0,251435.183403411,1009295.4018705591
 09/30  05:00:00,1454975.7592403493,13540.007134841766,94858.84507524544,0.0,251435.183403411,1009295.4018705591
 09/30  06:00:00,1840261.8232205873,4466.703059398082,31293.07434762727,0.0,702992.247474843,1017571.1726214556
 09/30  07:00:00,2081880.7668222412,11476.3598523668,80792.73756288725,0.0,846669.495133935,1064726.6366728751
 09/30  08:00:00,3515739.210522589,57800.769381172475,411690.7119884809,0.0,1151983.6464095055,1825587.0253383964
 09/30  09:00:00,3489934.2309359508,109097.09394317132,801676.6412052722,0.0,1411115.825223225,1110813.7893934206
 09/30  10:00:00,4114265.3541988553,183559.85478425023,1407715.4414011717,0.0,1370065.183034913,1107140.1700418312
 09/30  11:00:00,5174150.941406746,288324.81089581206,2277754.08318043,0.0,917225.2863950962,1660323.6243109487
 09/30  12:00:00,5467191.545491981,367246.41553021246,2958552.343763776,0.0,764568.210757311,1353932.2229723376
 09/30  13:00:00,5781403.341664698,411285.30562080775,3359353.0855727694,0.0,885154.4721854775,1104625.8218563274
 09/30  14:00:00,6983302.468354072,481696.20760087774,3945735.9598168787,0.0,1389307.6715606842,1145577.9729463162
 09/30  15:00:00,7294298.499735292,527721.6746307521,4315929.006931832,0.0,1267438.5775641329,1160316.8881402297
 09/30  16:00:00,7272389.794215599,519365.3272301836,4228988.299483837,0.0,1282832.56838475,1204957.3743752837
 09/30  17:00:00,9739121.96846271,533193.2724460626,4236407.037573419,0.0,1359802.522487835,3537226.6864723023
 09/30  18:00:00,10287267.387890399,478413.7825222342,3648684.4621263957,0.0,2066643.2676678323,4001956.4657005593
 09/30  19:00:00,8523662.990189232,408052.44465974293,2974370.0492319176,0.0,2873544.95318184,2153233.780774009
 09/30  20:00:00,8132647.058410936,366553.936735887,2598910.756818715,0.0,3709951.787768697,1298891.805848254
 09/30  21:00:00,7583114.548624318,320635.4824249171,2246066.591584758,0.0,3612456.512571456,1217001.7502183733
 09/30  22:00:00,4242089.198059567,231729.36406081525,1618867.047001065,0.0,1159680.641819814,1069657.9818604323
 09/30  23:00:00,3155266.2799348785,179549.2699314381,1248694.8878856108,0.0,590102.981456985,1024365.0743581506
 09/30  24:00:00,2439608.247601426,136360.38507962396,945829.0793416812,0.0,251435.183403411,1000933.4454630858
 10/01  01:00:00,2196846.899245877,106384.7753797588,736556.4189420241,0.0,251435.183403411,997420.3672070582
 10/01  02:00:00,1998752.1307805898,81914.49078685971,566445.0133256642,0.0,251435.183403411,993907.2889510304
 10/01  03:00:00,1831096.659594316,61238.982997447485,422978.1281848302,0.0,251435.183403411,990394.2106950027
 10/01  04:00:00,1695936.6807380966,44597.07790806707,307973.13267401914,0.0,251435.183403411,986881.1324389748
 10/01  05:00:00,2174548.783789853,35113.21055099017,242277.57060838636,0.0,251435.183403411,1561225.955974802
 10/01  06:00:00,3418162.982514073,38591.22560626734,265591.5526109204,0.0,962124.4262885624,2071926.3127696954
 10/01  07:00:00,4606581.927851565,37277.34359596992,257778.03998960633,0.0,1808793.9214224974,2425086.856611682
 10/01  08:00:00,8555179.71691614,42051.795200743785,296720.2078115502,0.0,892851.4675957859,7248194.179083069
 10/01  09:00:00,2857998.3048782777,96771.46623982947,705483.277631894,0.0,882588.807048708,1109211.1817669445
 10/01  10:00:00,3661766.494750078,173575.10051432718,1332733.7253478942,0.0,862063.485954552,1243152.8047833103
 10/01  11:00:00,6971158.452437844,293710.5339312643,2337906.407299914,0.0,836406.834586857,3468879.1915175393
 10/01  12:00:00,11098231.858755179,429168.7869955189,3470924.2246057973,0.0,815881.513492701,6354852.945579347
 10/01  13:00:00,6277322.144731024,439520.588474224,3639735.9031396196,0.0,528527.018174517,1644417.945867667
 10/01  14:00:00,6982995.598323485,513066.8190583947,4274600.637774601,0.0,805618.852945623,1364588.599469869
 10/01  15:00:00,8453102.530210657,534742.1090122419,4468683.68860282,0.0,531092.6833112865,2891179.6612024936
 10/01  16:00:00,7028604.205860605,534742.1090122419,4444580.427100249,0.0,836406.834586857,1169484.5540317171
 10/01  17:00:00,7346353.944898112,526867.9836664897,4263392.705099687,0.0,1091690.5156954222,1379905.8771842504
 10/01  18:00:00,7509145.56799389,453635.9522201172,3505308.964219806,0.0,1990956.146133132,1447343.2540867561
 10/01  19:00:00,7088581.677798338,396522.4542541511,2910115.5471529076,0.0,2289856.134566779,1343647.1063813355
 10/01  20:00:00,9181991.34360218,370984.9935635966,2636022.273676719,0.0,4479651.328799547,1487516.137941887
 10/01  21:00:00,8860195.967003837,336899.7938929249,2358651.53065365,0.0,4495045.319620164,1429810.9271212162
 10/01  22:00:00,4983891.073520364,261918.27028852326,1822800.2967243458,0.0,1544530.412335239,1146825.4845518258
 10/01  23:00:00,3371655.608575649,199502.26544599998,1382723.7613788925,0.0,590102.981456985,1055453.5628642424
 10/01  24:00:00,2765845.8735552537,157386.00898885954,1086717.1365651232,0.0,376639.64207776263,1040052.9316098839
 10/02  01:00:00,2389564.265099803,123584.46611852555,850314.1249438992,0.0,292998.9586190769,1017616.5611046768
 10/02  02:00:00,2112982.731218054,95891.88968186112,658329.62575727,0.0,251435.183403411,1002275.8780618871
 10/02  03:00:00,1928844.3117808928,74091.73178028775,507873.0315885667,0.0,251435.183403411,990394.2106950027
 10/02  04:00:00,1746291.4899514588,50311.60588633137,344789.7197261329,0.0,254257.41505385743,991882.5949715124
 10/02  05:00:00,1558000.7272054118,29931.975544884674,205255.5725658779,0.0,251435.183403411,986881.1324389748
 10/02  06:00:00,2633793.259155552,26228.763847951665,179630.18563376754,0.0,723517.568568999,1624487.2758662065
 10/02  07:00:00,5855547.497952877,61831.830622037465,423883.48378564185,0.0,1028831.7198445695,4263354.697468818
 10/02  08:00:00,2762724.045361012,59104.305853641854,413828.66948520386,0.0,892851.4675957859,1321577.535201389
 10/02  09:00:00,2082007.9911599164,92102.02029763068,670080.6915488591,0.0,251435.183403411,1004446.5237191138
 10/02  10:00:00,2678737.2772055296,158038.196688266,1218089.0735007725,0.0,251435.183403411,1000933.4454630858
 10/02  11:00:00,3752312.6349851913,270385.6099770804,2195302.911039345,0.0,251435.183403411,1000933.4454630858
 10/02  12:00:00,5027135.463805975,388451.31183269963,3243884.978512908,0.0,251435.183403411,1115959.6019751413
 10/02  13:00:00,5469962.802342953,440030.9841263587,3745416.3437630455,0.0,251435.183403411,1007959.6019751413
 10/02  14:00:00,6322041.018517137,508627.9083811424,4361342.691368605,0.0,389981.100788964,1036968.6289034283
 10/02  15:00:00,7103171.015883757,534742.1090122419,4591407.502305483,0.0,810750.1832191619,1138866.833265054
 10/02  16:00:00,7147008.640165892,534742.1090122419,4562984.861405535,0.0,836406.834586857,1169484.5540317171
 10/02  17:00:00,7984203.029931123,534742.1090122419,4460841.455607615,0.0,1427792.6486122268,1476329.9534467761
 10/02  18:00:00,8270633.470111556,520939.32754345814,4199493.491014131,0.0,1990956.146133132,1447343.2540867561
 10/02  19:00:00,7489022.505435713,457781.4301239683,3585175.307220484,0.0,1998653.1415434405,1298972.1911046538
 10/02  20:00:00,10690146.092335068,435612.134998227,3309900.5885857134,0.0,2365543.256101479,4371273.503029217
 10/02  21:00:00,8917346.234071929,381792.2981240854,2835409.098603662,0.0,3078798.1641233996,2381558.2775049014
 10/02  22:00:00,5992039.616953681,317215.8437421024,2300672.948371931,0.0,1975562.155312515,1190772.059906702
 10/02  23:00:00,3647074.0573228346,252557.05600151693,1799924.8381699128,0.0,420769.082430198,1029950.0432916781
 10/02  24:00:00,2610275.4167832346,154597.62849885662,1098259.0051042568,0.0,251435.183403411,1000933.4454630858
 10/03  01:00:00,2642656.5095180795,160554.17317362578,1128196.6314203602,0.0,251435.183403411,997420.3672070582
 10/03  02:00:00,2570817.328736986,153022.7924571285,1067401.909611792,0.0,251435.183403411,993907.2889510304
 10/03  03:00:00,2381945.819132694,130267.17448814047,904799.0962325155,0.0,251435.183403411,990394.2106950027
 10/03  04:00:00,2228401.71841244,111674.4837652826,773360.7644911469,0.0,251435.183403411,986881.1324389748
 10/03  05:00:00,2269162.982788228,97575.49488021062,674946.2583760864,0.0,405375.09160958097,1006769.2746700866
 10/03  06:00:00,2337039.8967565186,77730.73978625602,537799.0579684913,0.0,605496.972277602,1036083.6614855421
 10/03  07:00:00,2301963.100434074,76734.0328718148,533478.8246426116,0.0,561880.6649525205,1052223.8117353176
 10/03  08:00:00,2055596.4813614944,89477.06171684462,634875.6452971334,0.0,251435.183403411,1004446.5237191138
 10/03  09:00:00,2330297.8639256638,120190.80879544499,890281.7758167919,0.0,251435.183403411,1004446.5237191138
 10/03  10:00:00,3905491.7559240055,213494.25084133196,1673686.485800704,0.0,862063.485954552,1106006.1551774233
 10/03  11:00:00,5063321.065989662,333488.72504025744,2743894.752249832,0.0,836406.834586857,1115275.2690104465
 10/03  12:00:00,6363098.461460411,453484.9577321479,3827219.140297982,0.0,815881.513492701,1239108.461855765
 10/03  13:00:00,6745144.408748583,498926.2090295486,4283292.015009875,0.0,805618.852945623,1132186.6426885386
 10/03  14:00:00,7122358.738166898,534742.1090122419,4632881.377445746,0.0,805618.852945623,1123995.7096882893
 10/03  15:00:00,7340265.745651571,534742.1090122419,4653766.318935334,0.0,951861.7657414844,1172491.1638806958
 10/03  16:00:00,10821653.409026913,534742.1090122419,4613835.890324106,0.0,2011481.467227288,3618203.6613337374
 10/03  17:00:00,11511115.572986048,534742.1090122419,4474038.475592736,0.0,2262916.650630699,4154921.474498107
 10/03  18:00:00,9792422.462897025,534742.1090122419,4225795.761060534,0.0,2858150.9623612235,2061832.379128945
 10/03  19:00:00,9826695.34372019,515135.96599379665,3848341.531901759,0.0,3745871.09968347,1568906.3106979993
 10/03  20:00:00,9468582.432415292,447699.5224023772,3236882.200587687,0.0,4126872.3724937406,1449311.7273110556
 10/03  21:00:00,7678754.4426602535,378353.62125184597,2687936.3384885634,0.0,3078798.1641233996,1293877.9230805617
 10/03  22:00:00,4854440.70105841,301786.1508303466,2128460.362052719,0.0,1113498.669357963,1102878.9091969493
 10/03  23:00:00,3344213.45267594,242613.06777402558,1701845.6403498605,0.0,251435.183403411,1004446.5237191138
 10/03  24:00:00,2973749.374545428,202537.99391479781,1413792.5974505083,0.0,251435.183403411,1000933.4454630858
 10/04  01:00:00,2704451.6530171065,169905.8750217703,1180640.0730712423,0.0,251435.183403411,997420.3672070582
 10/04  02:00:00,2507981.021564953,146283.6582411456,1011304.7366557419,0.0,251435.183403411,993907.2889510304
 10/04  03:00:00,2331785.1533348938,124901.25067020186,860004.3542526538,0.0,251435.183403411,990394.2106950027
 10/04  04:00:00,2139424.52615417,101191.2570743806,694866.7989237786,0.0,251435.183403411,986881.1324389748
 10/04  05:00:00,1981606.2329468478,83966.05511997605,574826.9987322226,0.0,251435.183403411,986881.1324389748
 10/04  06:00:00,2018679.189734384,71753.23359175681,489574.63141332427,0.0,369455.779694808,1007966.0797958676
 10/04  07:00:00,3593849.9832493616,86111.98654078209,588579.2433621087,0.0,1498348.4398733878,1343164.5472412738
 10/04  08:00:00,18699953.013960466,123003.74444185643,855528.2086037474,0.0,1529136.421514622,16116922.57217525
 10/04  09:00:00,5872465.468884496,186344.10381435795,1344627.0095857438,0.0,1992238.9787015168,2285311.8045919756
 10/04  10:00:00,4397197.816313097,231044.50790624172,1787464.6243136905,0.0,1169943.3023668919,1158504.0035762787
 10/04  11:00:00,6138314.695521078,352088.13205104903,2879588.6777759925,0.0,836406.834586857,2035975.566004911
 10/04  12:00:00,15949266.451622013,479711.54851507844,4025237.044411932,0.0,815881.513492701,10601031.95712049
 10/04  13:00:00,34141113.22825769,534742.1090122419,4546105.712654112,0.0,805618.852945623,28229525.864570722
 10/04  14:00:00,7046019.733603735,534742.1090122419,4556542.372882584,0.0,805618.852945623,1123995.7096882893
 10/04  15:00:00,7040486.354069183,534742.1090122419,4528722.840490909,0.0,810750.1832191619,1138866.833265054
 10/04  16:00:00,7039110.513584945,531814.7009245905,4458014.142912241,0.0,836406.834586857,1169484.5540317171
 10/04  17:00:00,7558765.595637478,522230.55721531186,4264178.677700565,0.0,1259741.5821538246,1428117.9153155135
 10/04  18:00:00,7458497.6612829305,442448.82817029645,3465848.1815586668,0.0,1990956.146133132,1447343.2540867561
 10/04  19:00:00,7473931.945262618,394643.75307505846,2961466.6074962616,0.0,2581059.127590117,1388322.0216580173
 10/04  20:00:00,8067425.637274953,368396.03176747827,2696995.629955521,0.0,3421314.459882128,1372902.906049393
 10/04  21:00:00,7386832.434803252,336552.7586308543,2437815.1932525537,0.0,3078798.1641233996,1293877.9230805617
 10/04  22:00:00,5732492.531138046,286788.36953516596,2071553.3367632313,0.0,1975562.155312515,1190772.059906702
 10/04  23:00:00,3753665.609767276,239576.76221100462,1724659.2658055145,0.0,590102.981456985,1055453.5628642424
 10/04  24:00:00,3196826.1030403157,205801.21425576898,1469282.1607832757,0.0,376639.64207776263,1040052.9316098839
 10/05  01:00:00,2830774.43151,179020.04457806709,1266968.697451197,0.0,272217.0710112439,1007518.4641558676
 10/05  02:00:00,2620173.9575274186,158033.55949717102,1111747.7713621818,0.0,251435.183403411,993907.2889510304
 10/05  03:00:00,2469877.5856324686,140229.7696403705,982768.2675800596,0.0,251435.183403411,990394.2106950027
 10/05  04:00:00,2361909.2246995433,125698.93265720725,877196.4335203577,0.0,257079.64670430392,996884.05750405
 10/05  05:00:00,2400217.8760001776,113637.1097813134,789939.5366869335,0.0,405375.09160958097,1006769.2746700866
 10/05  06:00:00,5917837.613020385,142188.39145687153,981192.3490049536,0.0,1436772.47659092,3277754.930729014
 10/05  07:00:00,3316644.151534086,109546.78247034375,762270.9512201042,0.0,1028831.7198445695,1338348.931767259
 10/05  08:00:00,2930385.7335049966,105315.95849335715,744487.5288422229,0.0,892851.4675957859,1112368.7113486389
 10/05  09:00:00,3015141.133699011,115643.89674499833,843753.675947458,0.0,882588.807048708,1109211.1817669445
 10/05  10:00:00,3419300.7223227555,162419.03981765237,1238570.6632231332,0.0,862063.485954552,1106006.1551774233
 10/05  11:00:00,3840433.2830382995,209170.32784977218,1645325.3664889545,0.0,836406.834586857,1115275.2690104465
 10/05  12:00:00,4357586.455302704,255619.82838999276,2019572.26348243,0.0,815881.513492701,1239108.461855765
 10/05  13:00:00,4275156.432725228,261122.7740972797,2051107.4739187893,0.0,805618.852945623,1132186.6426885386
 10/05  14:00:00,4279579.411576251,264637.86415201204,2060206.2957153295,0.0,805618.852945623,1123995.7096882893
 10/05  15:00:00,4176589.6313964822,251814.76719848395,1947753.4596319671,0.0,810750.1832191619,1138866.833265054
 10/05  16:00:00,4528637.647177194,244673.40284175135,1864947.351223345,0.0,1128892.6601785803,1246733.9518039774
 10/05  17:00:00,6668547.660604402,267375.9881408959,1981871.1036231238,0.0,1929380.182850664,2405423.522737456
 10/05  18:00:00,5505322.602482108,237094.6224402339,1718027.3284879075,0.0,1990956.146133132,1447343.2540867561
 10/05  19:00:00,7470632.654020648,247889.50906356954,1759525.2991324458,0.0,3745871.09968347,1568906.3106979993
 10/05  20:00:00,8122538.64168202,242469.0171568273,1705085.5481633283,0.0,4479651.328799547,1487516.137941887
 10/05  21:00:00,6328109.022313772,214213.22943438945,1501431.3099595383,0.0,3078798.1641233996,1293877.9230805617
 10/05  22:00:00,4566653.145225409,178588.80076487578,1251402.6787869618,0.0,1760046.283823877,1168798.7722292638
 10/05  23:00:00,2491932.1714240965,136024.22161906635,956153.2052529759,0.0,251435.183403411,1004446.5237191138
 10/05  24:00:00,2282034.4784685397,114966.47793002066,809649.2173583976,0.0,251435.183403411,1000933.4454630858
 10/06  01:00:00,2175965.212445879,102154.65287225027,719904.854649535,0.0,251435.183403411,997420.3672070582
 10/06  02:00:00,2089491.4061631395,92066.51202633188,649315.9664755599,0.0,251435.183403411,993907.2889510304
 10/06  03:00:00,2020419.4420942368,83905.34795001133,591918.2447390052,0.0,251435.183403411,990394.2106950027
 10/06  04:00:00,1963829.0175950932,77056.48604993906,543406.0613891439,0.0,251435.183403411,986881.1324389748
 10/06  05:00:00,1907216.0936494959,70423.55635651166,495709.7661437923,0.0,251435.183403411,986881.1324389748
 10/06  06:00:00,2106476.697486146,61919.87253781484,434572.82202143274,0.0,487476.37598620495,1022024.8706407048
 10/06  07:00:00,3347290.3242033445,68602.5504080127,480689.7770070221,0.0,1498348.4398733878,1206017.8976353866
 10/06  08:00:00,2884185.1638864893,75888.80656096098,534830.4819777248,0.0,1051922.7060754949,1139330.0050268634
 10/06  09:00:00,4346919.243817754,114477.80711618092,814232.0067569786,0.0,882588.807048708,2467109.6526913494
 10/06  10:00:00,3356809.555143826,135957.9193271019,988764.3946683686,0.0,862063.485954552,1315214.9790301735
 10/06  11:00:00,3423103.3569935514,168882.49680861548,1265999.5724785458,0.0,836406.834586857,1115275.2690104465
 10/06  12:00:00,5608370.134018714,232947.6616943714,1784056.0928001245,0.0,1095539.0134005765,2468422.9780418267
 10/06  13:00:00,26561270.337726627,401939.59575075156,3057477.3507612883,0.0,1364933.852761374,21711798.84937822
 10/06  14:00:00,6734919.800915901,396580.7833218497,3037878.85526763,0.0,1919117.5223035861,1356221.9509478381
 10/06  15:00:00,7643156.975578955,425022.5192555986,3236731.5592486607,0.0,1934511.513124203,2019486.9958686773
 10/06  16:00:00,7794548.78497362,425591.90879104764,3204592.410152684,0.0,2011481.467227288,2109492.7176730605
 10/06  17:00:00,8124651.18045778,408822.692737194,3014192.341058782,0.0,2262916.650630699,2351938.9337720238
 10/06  18:00:00,8188013.921682703,361949.0316481509,2571668.6260669976,0.0,2858150.9623612235,2286627.7492790716
 10/06  19:00:00,8793228.812216207,317357.33837069635,2175088.443299266,0.0,3745871.09968347,2417889.9904536987
 10/06  20:00:00,30278588.003413,282937.3063789458,1904986.940511329,0.0,4479651.328799547,23421465.410157282
 10/06  21:00:00,9325022.20456539,242807.11093947204,1616084.3112220303,0.0,4495045.319620164,2747282.9601155655
 10/06  22:00:00,4928382.792608766,142856.69685902898,947533.4814820744,0.0,2409159.5634265607,1234718.635261578
 10/06  23:00:00,2261995.0477482057,63078.487203916986,418621.7748208037,0.0,590102.981456985,1055453.5628642424
 10/06  24:00:00,1475548.9745705312,15439.30110978921,102690.8902806207,0.0,251435.183403411,1000933.4454630858
 10/07  01:00:00,1488905.7049240938,0.0,135000.0,0.0,251435.183403411,997420.3672070582
 10/07  02:00:00,1528108.9276612478,0.0,180000.0,0.0,251435.183403411,993907.2889510304
 10/07  03:00:00,1524595.8494052202,0.0,180000.0,0.0,251435.183403411,990394.2106950027
 10/07  04:00:00,1523366.4701560102,0.0,180000.0,0.0,251435.183403411,986881.1324389748
 10/07  05:00:00,1521082.7711491922,0.0,180000.0,0.0,251435.183403411,986881.1324389748
 10/07  06:00:00,2054142.7771993668,0.0,180000.0,0.0,723517.568568999,1050142.4523303793
 10/07  07:00:00,2249471.9837887147,0.0,180000.0,0.0,872326.1465016301,1103514.1780075496
 10/07  08:00:00,2267433.34318987,0.0,180000.0,0.0,892851.4675957859,1112368.7113486389
 10/07  09:00:00,1872351.8181736264,0.0,180000.0,0.0,567011.9952260595,1056828.8527430291
 10/07  10:00:00,1531102.6580964967,0.0,45000.0,0.0,404092.25904119626,1027201.6228916702
 10/07  11:00:00,1988221.2877063903,0.0,0.0,0.0,836406.834586857,1115275.2690104465
 10/07  12:00:00,2594184.498515092,0.0,0.0,0.0,1235367.7633545143,1331412.3470787625
 10/07  13:00:00,2646545.238154934,0.0,0.0,0.0,1364933.852761374,1256490.6963185624
 10/07  14:00:00,2123592.281820291,0.0,0.0,0.0,945447.6028995607,1153023.989845733
 10/07  15:00:00,2664770.429857185,14527.971620127104,98876.23013520034,0.0,810750.1832191619,1713211.6568008813
 10/07  16:00:00,4060622.145591283,35895.29520880259,243212.26266507196,0.0,1421378.4857703033,2316745.820817565
 10/07  17:00:00,3250408.332551446,5574.417218388706,37667.64642530809,0.0,1595843.715070629,1524541.9915780392
 10/07  18:00:00,3690933.400032687,18678.39106293383,124338.05642260386,0.0,1990956.146133132,1447343.2540867561
 10/07  19:00:00,5120397.686319184,13670.774988106856,89629.9328547062,0.0,2872262.1206134553,2007812.91745384
 10/07  20:00:00,6522454.036174586,14892.524160991192,141638.20385352202,0.0,4479651.328799547,1696724.961794637
 10/07  21:00:00,5940613.709525182,0.0,180000.0,0.0,4140983.530745973,1395827.6761110525
 10/07  22:00:00,1640535.3574701315,0.0,180000.0,0.0,251435.183403411,1014985.7584871969
 10/07  23:00:00,1570619.9485247824,0.0,180000.0,0.0,251435.183403411,1004446.5237191138
 10/07  24:00:00,1537418.7831801213,0.0,180000.0,0.0,251435.183403411,1000933.4454630858
 10/08  01:00:00,1549345.697202415,0.0,180000.0,0.0,261826.1272073275,1002469.4156814629
 10/08  02:00:00,1530392.6266680658,0.0,180000.0,0.0,251435.183403411,993907.2889510304
 10/08  03:00:00,1526879.5484120382,0.0,180000.0,0.0,251435.183403411,990394.2106950027
 10/08  04:00:00,1523366.4701560102,0.0,180000.0,0.0,251435.183403411,986881.1324389748
 10/08  05:00:00,1599126.3896138265,96313.21051917737,180000.0,0.0,251435.183403411,986881.1324389748
 10/08  06:00:00,2121164.8901770497,87575.40403904415,180000.0,0.0,723517.568568999,1050142.4523303793
 10/08  07:00:00,2323535.904551517,90049.81381052855,180000.0,0.0,872326.1465016301,1103514.1780075496
 10/08  08:00:00,1595522.3992649338,84278.62491741759,180000.0,0.0,251435.183403411,1004446.5237191138
 10/08  09:00:00,1557324.963635511,57499.68432208431,180000.0,0.0,251435.183403411,1004446.5237191138
 10/08  10:00:00,1818449.6940454082,22989.18089617764,135000.0,0.0,556749.3346789815,1053469.8003202546
 10/08  11:00:00,2333067.1673865197,0.0,0.0,0.0,1126326.9950418107,1172484.68724244
 10/08  12:00:00,2086493.0544364727,4098.691006191801,0.0,0.0,815881.513492701,1239108.461855765
 10/08  13:00:00,1962926.1847091587,0.0,0.0,0.0,805618.852945623,1132186.6426885386
 10/08  14:00:00,2461306.342043054,0.0,0.0,0.0,1225105.1028074361,1211080.5501606201
 10/08  15:00:00,4243072.351895043,0.0,0.0,0.0,1375196.513308452,2840471.4505047756
 10/08  16:00:00,2603884.5047940896,0.0,0.0,0.0,1275135.5729744416,1285358.6506901074
 10/08  17:00:00,3204882.5699009313,0.0,0.0,0.0,1595843.715070629,1524541.9915780392
 10/08  18:00:00,3595200.651553967,0.0,45000.0,0.0,1990956.146133132,1447343.2540867561
 10/08  19:00:00,4297821.584691299,0.0,180000.0,0.0,2581059.127590117,1388322.0216580173
 10/08  20:00:00,6354984.076361865,0.0,180000.0,0.0,4479651.328799547,1487516.137941887
 10/08  21:00:00,4018940.0682879044,0.0,180000.0,0.0,2373240.2515117875,1225911.4210602343
 10/08  22:00:00,2604194.1881753434,0.0,180000.0,0.0,1113498.669357963,1102878.9091969493
 10/08  23:00:00,1969429.5817507566,0.0,180000.0,0.0,590102.981456985,1055453.5628642424
 10/08  24:00:00,1537418.7831801213,0.0,180000.0,0.0,251435.183403411,1000933.4454630858
 10/09  01:00:00,1533905.7049240938,0.0,180000.0,0.0,251435.183403411,997420.3672070582
 10/09  02:00:00,1530392.6266680658,0.0,180000.0,0.0,251435.183403411,993907.2889510304
 10/09  03:00:00,1526879.5484120382,0.0,180000.0,0.0,251435.183403411,990394.2106950027
 10/09  04:00:00,1531190.1643389943,0.0,180000.0,0.0,254257.41505385746,991882.5949715123
 10/09  05:00:00,2017230.1088357912,168568.44388320716,180000.0,0.0,559314.999815751,1024849.8018845699
 10/09  06:00:00,2703486.0828760182,134640.1029029083,180000.0,0.0,1200731.284008126,1108185.2307263569
 10/09  07:00:00,2904210.117718734,124329.51722804923,180000.0,0.0,1341842.8665304482,1180391.9677284274
 10/09  08:00:00,1613822.0582055678,102578.28385805167,180000.0,0.0,251435.183403411,1004446.5237191138
 10/09  09:00:00,1508349.1211965743,53523.84188314778,135000.0,0.0,251435.183403411,1004446.5237191138
 10/09  10:00:00,1314444.8248084579,11834.817791966801,0.0,0.0,251435.183403411,1000933.4454630858
 10/09  11:00:00,3378216.5147940256,0.0,0.0,0.0,690163.9217909955,2653797.107900761
 10/09  12:00:00,2082394.363430281,0.0,0.0,0.0,815881.513492701,1239108.461855765
 10/09  13:00:00,3918601.718930551,0.0,0.0,0.0,1225105.1028074361,2668375.927048118
 10/09  14:00:00,4102775.6628592033,1407.437417156202,9561.929085477492,0.0,1225105.1028074361,2841580.504474137
 10/09  15:00:00,2757200.572829165,10441.798812390294,70793.71689888701,0.0,1375196.513308452,1273364.155727621
 10/09  16:00:00,2965475.7312766574,22863.107903653672,153860.50689692242,0.0,1421378.4857703033,1323983.3495762374
 10/09  17:00:00,3156663.508632361,3418.185261297297,22807.24370330057,0.0,1091690.5156954222,1954250.7007200776
 10/09  18:00:00,4376481.931661111,13631.372168639613,89152.89970343099,0.0,1772874.6095077246,2388921.7989472384
 10/09  19:00:00,4499170.649974633,0.0,45000.0,0.0,2872262.1206134553,1433468.093918013
 10/09  20:00:00,6966686.60695698,0.0,180000.0,0.0,4479651.328799547,2099218.6685370025
 10/09  21:00:00,6776965.0500384495,0.0,180000.0,0.0,4495045.319620164,1862131.3347024035
 10/09  22:00:00,10717727.058419596,0.0,180000.0,0.0,1975562.155312515,8354348.29348665
 10/09  23:00:00,2163363.1928417934,0.0,180000.0,0.0,759436.8804837719,1080053.2749284923
 10/09  24:00:00,1701742.7280012711,0.0,180000.0,0.0,376639.64207776263,1040052.9316098839
 10/10  01:00:00,1595665.6740373783,0.0,180000.0,0.0,292998.9586190769,1017616.5611046768
 10/10  02:00:00,1541550.7454825416,0.0,180000.0,0.0,251435.183403411,1005065.407765506
 10/10  03:00:00,1528691.5404768642,0.0,180000.0,0.0,251435.183403411,992206.2027598288
 10/10  04:00:00,1539013.8585219786,0.0,180000.0,0.0,257079.64670430392,996884.05750405
 10/10  05:00:00,1832417.9001077157,155776.67057578493,180000.0,0.0,405375.09160958097,1006769.2746700866
 10/10  06:00:00,2168841.533291167,135252.04715316175,180000.0,0.0,723517.568568999,1050142.4523303793
 10/10  07:00:00,2724157.3457416594,126408.24850087296,180000.0,0.0,1185337.293187509,1154766.037821468
 10/10  08:00:00,3468721.5571045424,89339.94639244147,180000.0,0.0,1849844.5636108094,1274174.9798762999
 10/10  09:00:00,2422505.1399624147,46499.175964193935,135000.0,0.0,1041660.045528417,1135402.3462789021
 10/10  10:00:00,2020659.047630143,2348.028348173281,0.0,0.0,862063.485954552,1106006.1551774233
 10/10  11:00:00,1985937.5886995725,0.0,0.0,0.0,836406.834586857,1115275.2690104465
 10/10  12:00:00,2082394.363430281,0.0,0.0,0.0,815881.513492701,1239108.461855765
 10/10  13:00:00,3556532.3760379134,3405.1128795807294,23093.783672018693,0.0,805618.852945623,2699293.9374656933
 10/10  14:00:00,2250724.101713524,37995.58185301476,257993.26815159986,0.0,805618.852945623,1123995.7096882893
 10/10  15:00:00,2460308.5442717937,62331.71925160123,420955.42045416153,0.0,810750.1832191619,1138866.833265054
 10/10  16:00:00,2616552.417278751,74013.30509572307,493257.44243491295,0.0,836406.834586857,1169484.5540317171
 10/10  17:00:00,3516159.414715598,51252.246009949886,334469.0890378849,0.0,1091690.5156954222,1954250.7007200776
 10/10  18:00:00,4111138.882065512,32632.982871922482,206192.51581116687,0.0,1336711.5362569096,2423700.5957914344
 10/10  19:00:00,14851043.54792815,1867.5436577869102,11532.453389939088,0.0,2581059.127590117,12108143.987847142
 10/10  20:00:00,18835843.835683476,0.0,180000.0,0.0,4479651.328799547,13968375.897263499
 10/10  21:00:00,6344644.642457263,0.0,180000.0,0.0,4495045.319620164,1429810.9271212162
 10/10  22:00:00,3079172.5065074954,0.0,180000.0,0.0,1544530.412335239,1146825.4845518258
 10/10  23:00:00,1579754.744552054,0.0,180000.0,0.0,251435.183403411,1004446.5237191138
 10/10  24:00:00,1537418.7831801213,0.0,180000.0,0.0,251435.183403411,1000933.4454630858
 10/11  01:00:00,1533905.7049240938,0.0,180000.0,0.0,251435.183403411,997420.3672070582
 10/11  02:00:00,1530392.6266680658,0.0,180000.0,0.0,251435.183403411,993907.2889510304
 10/11  03:00:00,1526879.5484120382,0.0,180000.0,0.0,251435.183403411,990394.2106950027
 10/11  04:00:00,1523366.4701560102,0.0,180000.0,0.0,251435.183403411,986881.1324389748
 10/11  05:00:00,1642515.9234876023,139702.74439295314,180000.0,0.0,251435.183403411,986881.1324389748
 10/11  06:00:00,1633984.130148873,128712.19255580439,180000.0,0.0,251435.183403411,993907.2889510304
 10/11  07:00:00,1997806.7871724502,126056.54425280241,180000.0,0.0,561880.6649525205,1052223.8117353176
 10/11  08:00:00,2540618.853080351,94004.07475300133,180000.0,0.0,1051922.7060754949,1139330.0050268634
 10/11  09:00:00,2281612.4625761593,45868.90156960477,180000.0,0.0,882588.807048708,1109211.1817669445
 10/11  10:00:00,2019360.237262768,1049.2179807984273,0.0,0.0,862063.485954552,1106006.1551774233
 10/11  11:00:00,5030857.688239198,0.0,0.0,0.0,1416247.1554967642,3580355.047640166
 10/11  12:00:00,2466056.51300608,5429.961439493251,37038.764746431814,0.0,1095539.0134005765,1300644.3853377632
 10/11  13:00:00,2520425.612403327,70862.42493970015,486637.00275446835,0.0,805618.852945623,1132186.6426885386
 10/11  14:00:00,2967998.82561675,127847.7161701039,885415.8577377367,0.0,805618.852945623,1123995.7096882893
 10/11  15:00:00,3333219.004548421,170856.36549770288,1185341.2344846877,0.0,810750.1832191619,1138866.833265054
 10/11  16:00:00,5764016.184750082,199434.4347800656,1373847.9619089193,0.0,836406.834586857,3310936.672344699
 10/11  17:00:00,6239009.719327066,191645.70065308863,1282428.4347328064,0.0,1427792.6486122268,3252646.072076681
 10/11  18:00:00,4619048.614220615,144761.4270211563,924086.5356454918,0.0,1990956.146133132,1447343.2540867561
 10/11  19:00:00,4828397.825814825,98880.12612894655,611696.114994579,0.0,2581059.127590117,1388322.0216580173
 10/11  20:00:00,7396859.290369127,89940.63239871644,550482.4304775324,0.0,4126872.37249374,2421747.245378706
 10/11  21:00:00,8001901.861927315,72967.14284483017,446818.0436308726,0.0,4495045.319620164,2747282.9601155655
 10/11  22:00:00,2491317.6031450373,9368.993358793286,57754.42161090078,0.0,1113498.669357963,1102878.9091969493
 10/11  23:00:00,1399754.744552054,0.0,0.0,0.0,251435.183403411,1004446.5237191138
 10/11  24:00:00,1357418.7831801213,0.0,0.0,0.0,251435.183403411,1000933.4454630858
 10/12  01:00:00,1353905.7049240938,0.0,0.0,0.0,251435.183403411,997420.3672070582
 10/12  02:00:00,1350392.6266680658,0.0,0.0,0.0,251435.183403411,993907.2889510304
 10/12  03:00:00,1481879.5484120382,0.0,135000.0,0.0,251435.183403411,990394.2106950027
 10/12  04:00:00,1531190.1643389943,0.0,180000.0,0.0,254257.41505385743,991882.5949715124
 10/12  05:00:00,1589727.2043132898,0.0,180000.0,0.0,328405.137506496,996825.2035545306
 10/12  06:00:00,2033589.4861380055,0.0,180000.0,0.0,723517.568568999,1050142.4523303793
 10/12  07:00:00,2871366.333381644,2231.502458717466,180000.0,0.0,1028831.7198445695,1582657.3448465485
 10/12  08:00:00,12219291.955631172,17413.110154322814,135000.0,0.0,572143.3254995984,11419373.452752259
 10/12  09:00:00,20247597.915636458,6420.850196979589,0.0,0.0,251435.183403411,19925798.309845164
 10/12  10:00:00,1302610.0070164911,0.0,0.0,0.0,251435.183403411,1000933.4454630858
 10/12  11:00:00,2283216.419562249,15053.044182911544,108660.99733629168,0.0,981366.9148143339,1143879.9781264432
 10/12  12:00:00,6636306.076194349,133597.79641906504,983518.0155586329,0.0,1235367.7633545143,4256418.112780321
 10/12  13:00:00,7708085.450537834,226346.91436341486,1700978.7084651766,0.0,1364933.852761374,4390705.285872871
 10/12  14:00:00,8348868.860001712,300358.5759897388,2284132.3223032295,0.0,1364933.852761374,4374323.419872372
 10/12  15:00:00,6596935.395338127,333687.7006670475,2542805.6255842187,0.0,1375196.513308452,2317841.1676965947
 10/12  16:00:00,3763946.777620588,285223.87378823885,2168911.680812201,0.0,251435.183403411,1014985.7584871969
 10/12  17:00:00,3616132.6166190244,256243.7652198432,1886918.7332321994,0.0,251435.183403411,1137038.071511308
 10/12  18:00:00,4059383.2395658023,198502.25237756985,1387742.1876592778,0.0,1118629.999631502,1242607.5485633742
 10/12  19:00:00,4265828.219012742,149735.24512805504,1005905.1140934469,0.0,1707450.1485201023,1254297.275827972
 10/12  20:00:00,5790400.586870392,156061.28553325648,1023288.6927218202,0.0,3068535.503576322,1334698.4954185614
 10/12  21:00:00,5710813.778633013,121425.0775238884,788058.7694010392,0.0,2727302.0403859783,1834239.4956062252
 10/12  22:00:00,5140936.25644764,84674.2419991587,547176.3785868088,0.0,682466.9263806869,3618802.0998605555
 10/12  23:00:00,1501593.7584887808,13589.710214336927,88249.30372238993,0.0,251435.183403411,1004446.5237191138
 10/12  24:00:00,1357418.7831801213,0.0,0.0,0.0,251435.183403411,1000933.4454630858
 10/13  01:00:00,1353905.7049240938,0.0,0.0,0.0,251435.183403411,997420.3672070582
 10/13  02:00:00,1438108.9276612478,0.0,90000.0,0.0,251435.183403411,993907.2889510304
 10/13  03:00:00,1524595.8494052202,0.0,180000.0,0.0,251435.183403411,990394.2106950027
 10/13  04:00:00,1523366.4701560102,0.0,180000.0,0.0,251435.183403411,986881.1324389748
 10/13  05:00:00,2095427.5946850195,0.0,180000.0,0.0,251435.183403411,1561225.955974802
 10/13  06:00:00,3046905.2484406945,0.0,180000.0,0.0,723517.568568999,2042904.9235717067
 10/13  07:00:00,2249471.9837887147,0.0,180000.0,0.0,872326.1465016301,1103514.1780075496
 10/13  08:00:00,2549498.407505737,0.0,90000.0,0.0,1210993.944555204,1166291.298705088
 10/13  09:00:00,2060310.9590201902,0.0,0.0,0.0,882588.807048708,1109211.1817669445
 10/13  10:00:00,1665027.9111628663,0.0,0.0,0.0,556749.3346789815,1053469.8003202544
 10/13  11:00:00,2422839.8137158304,53286.59213440624,381331.9338750337,0.0,836406.834586857,1115275.2690104465
 10/13  12:00:00,3110459.2805365827,119218.24359885855,880066.7791736962,0.0,813315.8483559315,1270454.0213262811
 10/13  13:00:00,6720469.391916504,217821.15609538165,1634756.231802429,0.0,1642025.68753248,3200745.627411216
 10/13  14:00:00,5431065.837704528,282558.2985267831,2141923.5861677816,0.0,1364933.852761374,1616529.411173592
 10/13  15:00:00,5778877.916703947,326746.0115056237,2480834.9048114717,0.0,1375196.513308452,1568696.0989965843
 10/13  16:00:00,20804773.39776792,391660.2668270117,2933442.741688847,0.0,1716429.9764987957,15719850.131623724
 10/13  17:00:00,5927297.476452529,309153.173477071,2269990.3485254403,0.0,1258458.7495854397,2002914.6426054975
 10/13  18:00:00,8010668.733188031,300487.1322217842,2095764.0404096695,0.0,2858150.9623612235,2646649.045868094
 10/13  19:00:00,5910907.659554505,232113.38453108096,1572391.1853662138,0.0,2581059.127590117,1388322.0216580173
 10/13  20:00:00,4818752.92365546,180649.03086004624,1215780.1906018718,0.0,2014047.1323640575,1218729.552263596
 10/13  21:00:00,2416838.1083425297,118837.7723924819,800750.734879228,0.0,251435.183403411,1022011.9149992524
 10/13  22:00:00,2911381.6169267176,95694.33206896989,642684.4498893875,0.0,897982.7978693249,1080905.6215195113
 10/13  23:00:00,2322456.6112502757,70435.18002724537,471726.64549954544,0.0,590102.981456985,1055453.5628642424
 10/13  24:00:00,1693750.3597266993,43823.38013723589,292508.19640934194,0.0,251435.183403411,1000933.4454630858
 10/14  01:00:00,1533860.930744656,23524.123898554433,156431.10192200748,0.0,251435.183403411,997420.3672070582
 10/14  02:00:00,1379267.9274276,4080.607052295174,27078.392714057103,0.0,251435.183403411,993907.2889510304
 10/14  03:00:00,1344595.8494052202,0.0,0.0,0.0,251435.183403411,990394.2106950027
 10/14  04:00:00,1343366.4701560102,0.0,0.0,0.0,251435.183403411,986881.1324389748
 10/14  05:00:00,1341082.7711491922,0.0,0.0,0.0,251435.183403411,986881.1324389748
 10/14  06:00:00,1345825.22865443,0.0,0.0,0.0,251435.183403411,993907.2889510304
 10/14  07:00:00,2069471.9837887147,0.0,0.0,0.0,872326.1465016301,1103514.1780075496
 10/14  08:00:00,2831563.4718216043,0.0,0.0,0.0,1529136.421514622,1220213.8860615373
 10/14  09:00:00,2806497.464238361,642.4062388055305,4494.487012698438,0.0,1518873.760967544,1213975.8398147752
 10/14  10:00:00,4385673.051172676,24677.41866360399,174400.6414540139,0.0,1477823.1187792318,2653963.0961121954
 10/14  11:00:00,5054222.155496789,74566.33708141893,531331.097908503,0.0,1416247.1554967642,2995538.3809010163
 10/14  12:00:00,4375393.350172417,117579.74697384851,841463.3451370862,0.0,1095539.0134005765,2293406.856579091
 10/14  13:00:00,2957646.774162129,121818.93531946688,872901.6541335033,0.0,805618.852945623,1132186.6426885386
 10/14  14:00:00,2770448.988461059,100456.96256223174,715256.7741899178,0.0,805618.852945623,1123995.7096882893
 10/14  15:00:00,3529236.7712147613,106877.85423428919,746393.8598625843,0.0,1375196.513308452,1273364.155727621
 10/14  16:00:00,4312552.360314147,99437.53022014286,681491.5387164194,0.0,2011481.467227288,1476751.5430207555
 10/14  17:00:00,6772286.595618808,72285.58720485713,489653.91809146997,0.0,2262916.650630699,3860649.877432701
 10/14  18:00:00,5253956.287208071,54695.14297865388,368397.231061416,0.0,2858150.9623612235,1863095.3984795166
 10/14  19:00:00,5727615.057246016,35705.10031528755,240110.60614018436,0.0,3745871.09968347,1568906.3106979993
 10/14  20:00:00,5879775.385201992,14752.70451763394,99291.5633136731,0.0,4126872.3724937406,1449311.7273110556
 10/14  21:00:00,4596478.589872118,0.0,0.0,0.0,3078798.1641233996,1293877.9230805617
 10/14  22:00:00,2590491.994134436,0.0,180000.0,0.0,1113498.669357963,1102878.9091969493
 10/14  23:00:00,1960294.785723485,0.0,180000.0,0.0,590102.981456985,1055453.5628642424
 10/14  24:00:00,1537418.7831801213,0.0,180000.0,0.0,251435.183403411,1000933.4454630858
 10/15  01:00:00,1533905.7049240938,0.0,180000.0,0.0,251435.183403411,997420.3672070582
 10/15  02:00:00,1530392.6266680658,0.0,180000.0,0.0,251435.183403411,993907.2889510304
 10/15  03:00:00,1526879.5484120382,0.0,180000.0,0.0,251435.183403411,990394.2106950027
 10/15  04:00:00,1523366.4701560102,0.0,180000.0,0.0,251435.183403411,986881.1324389748
 10/15  05:00:00,1530279.1229449234,27465.94385027425,180000.0,0.0,251435.183403411,986881.1324389748
 10/15  06:00:00,2068426.074091999,34836.58795399359,180000.0,0.0,723517.568568999,1050142.4523303793
 10/15  07:00:00,1918005.1972337526,46254.95431410475,180000.0,0.0,561880.6649525205,1052223.8117353176
 10/15  08:00:00,3268157.002143088,39290.662224702064,180000.0,0.0,1050639.8735071102,1922864.3991862843
 10/15  09:00:00,3006122.57736825,29329.404395028494,180000.0,0.0,1518873.760967544,1213975.8398147752
 10/15  10:00:00,3410031.44685833,6620.2744181428825,90000.0,0.0,1477823.1187792318,1785346.6755109613
 10/15  11:00:00,5467281.756940829,0.0,0.0,0.0,1126326.9950418107,4306699.27679675
 10/15  12:00:00,2291603.187283031,0.0,0.0,0.0,815881.513492701,1448317.285708515
 10/15  13:00:00,1962926.1847091587,0.0,0.0,0.0,805618.852945623,1132186.6426885386
 10/15  14:00:00,1787180.3073950694,0.0,0.0,0.0,667072.93556007,1094986.6827600023
 10/15  15:00:00,2326493.2308419594,0.0,0.0,0.0,1092973.348263807,1206115.4944963376
 10/15  16:00:00,2832835.3171366923,0.0,0.0,0.0,836406.834586857,1953038.2014202946
 10/15  17:00:00,2772356.360721601,0.0,0.0,0.0,1259741.5821538246,1428117.9153155135
 10/15  18:00:00,3011669.725541461,0.0,0.0,0.0,1554793.072882317,1344975.4013250652
 10/15  19:00:00,2773367.6375245918,0.0,0.0,0.0,1416247.155496764,1208680.0465846625
 10/15  20:00:00,4701050.608615315,0.0,90000.0,0.0,3068535.503576322,1334698.4954185614
 10/15  21:00:00,5956599.602572909,0.0,180000.0,0.0,4140983.530745973,1395827.6761110525
 10/15  22:00:00,2366705.029009267,0.0,180000.0,0.0,897982.7978693249,1080905.621519511
 10/15  23:00:00,1579754.744552054,0.0,180000.0,0.0,251435.183403411,1004446.5237191138
 10/15  24:00:00,1537418.7831801213,0.0,180000.0,0.0,251435.183403411,1000933.4454630858
 10/16  01:00:00,1533905.7049240938,0.0,180000.0,0.0,251435.183403411,997420.3672070582
 10/16  02:00:00,1530392.6266680658,0.0,180000.0,0.0,251435.183403411,993907.2889510304
 10/16  03:00:00,1526879.5484120382,0.0,180000.0,0.0,251435.183403411,990394.2106950027
 10/16  04:00:00,1523366.4701560102,0.0,180000.0,0.0,251435.183403411,986881.1324389748
 10/16  05:00:00,1642246.303558045,139433.124463396,180000.0,0.0,251435.183403411,986881.1324389748
 10/16  06:00:00,2013048.2594362022,111538.16043443119,180000.0,0.0,605496.972277602,1036083.6614855421
 10/16  07:00:00,4430216.857592212,83228.9623243727,180000.0,0.0,1341842.8665304484,2747499.262505582
 10/16  08:00:00,2713426.153788003,80778.84330271954,180000.0,0.0,1210993.944555204,1166291.298705088
 10/16  09:00:00,2484374.2984772143,63368.334478993245,180000.0,0.0,1041660.045528417,1135402.3462789021
 10/16  10:00:00,2199616.454437262,46305.43515529239,135000.0,0.0,862063.485954552,1106006.1551774233
 10/16  11:00:00,2018797.8037090038,32860.215009431246,0.0,0.0,836406.834586857,1115275.2690104465
 10/16  12:00:00,2113140.0198126365,30745.656382355635,0.0,0.0,815881.513492701,1239108.461855765
 10/16  13:00:00,1962926.1847091587,0.0,0.0,0.0,805618.852945623,1132186.6426885386
 10/16  14:00:00,1954735.2517089094,0.0,0.0,0.0,805618.852945623,1123995.7096882893
 10/16  15:00:00,1977021.404566031,0.0,0.0,0.0,810750.1832191619,1138866.833265054
 10/16  16:00:00,5528890.270495649,0.0,0.0,0.0,1275135.5729744416,4210364.416391667
 10/16  17:00:00,6339097.159455242,0.0,0.0,0.0,1595843.715070629,4658756.581132349
 10/16  18:00:00,6378504.951764474,0.0,0.0,0.0,2207754.8501901547,4058848.850240241
 10/16  19:00:00,4117821.584691299,0.0,0.0,0.0,2581059.127590117,1388322.0216580173
 10/16  20:00:00,6174984.076361865,0.0,0.0,0.0,4479651.328799547,1487516.137941887
 10/16  21:00:00,5523554.562688554,0.0,135000.0,0.0,3786921.7418717816,1361844.425100889
 10/16  22:00:00,2129215.8698431915,0.0,180000.0,0.0,682466.9263806869,1058932.333842073
 10/16  23:00:00,1579754.744552054,0.0,180000.0,0.0,251435.183403411,1004446.5237191138
 10/16  24:00:00,1537418.7831801213,0.0,180000.0,0.0,251435.183403411,1000933.4454630858
 10/17  01:00:00,1533905.7049240938,0.0,180000.0,0.0,251435.183403411,997420.3672070582
 10/17  02:00:00,1530392.6266680658,0.0,180000.0,0.0,251435.183403411,993907.2889510304
 10/17  03:00:00,1526879.5484120382,0.0,180000.0,0.0,251435.183403411,990394.2106950027
 10/17  04:00:00,1523366.4701560102,0.0,180000.0,0.0,251435.183403411,986881.1324389748
 10/17  05:00:00,1668230.7404944955,165417.5613998463,180000.0,0.0,251435.183403411,986881.1324389748
 10/17  06:00:00,2170421.742374449,136832.2562364436,180000.0,0.0,723517.568568999,1050142.4523303793
 10/17  07:00:00,1653102.0332022866,143087.63810398034,180000.0,0.0,251435.183403411,1000933.4454630858
 10/17  08:00:00,2012800.3645181523,126887.35425968605,180000.0,0.0,572143.3254995984,1058407.6175338763
 10/17  09:00:00,1553343.588596804,98518.30928337737,135000.0,0.0,251435.183403411,1004446.5237191138
 10/17  10:00:00,2077406.6992478292,59095.67996585949,0.0,0.0,862063.485954552,1106006.1551774233
 10/17  11:00:00,2010247.2121907044,24309.62349113194,0.0,0.0,836406.834586857,1115275.2690104465
 10/17  12:00:00,1591280.9418974838,24582.970944637866,0.0,0.0,392546.7659257335,1146746.8169452972
 10/17  13:00:00,1421662.1240594366,0.0,0.0,0.0,251435.183403411,1145106.2515810286
 10/17  14:00:00,18831501.954477306,0.0,0.0,0.0,1225105.1028074361,17581276.162594873
 10/17  15:00:00,7791709.540841469,0.0,0.0,0.0,1375196.513308452,6389108.639451202
 10/17  16:00:00,2049281.669748115,0.0,0.0,0.0,836406.834586857,1169484.5540317171
 10/17  17:00:00,3555910.0081101786,0.0,0.0,0.0,1259741.5821538246,2211671.5627040905
 10/17  18:00:00,3550200.651553967,0.0,0.0,0.0,1990956.146133132,1447343.2540867561
 10/17  19:00:00,5171868.7805413,0.0,45000.0,0.0,3454668.1066601323,1523760.2384380037
 10/17  20:00:00,6354984.076361865,0.0,180000.0,0.0,4479651.328799547,1487516.137941887
 10/17  21:00:00,4406985.108172259,0.0,180000.0,0.0,2727302.0403859783,1259894.672070398
 10/17  22:00:00,1654237.551511039,0.0,180000.0,0.0,251435.183403411,1014985.7584871969
 10/17  23:00:00,1579754.744552054,0.0,180000.0,0.0,251435.183403411,1004446.5237191138
 10/17  24:00:00,1537418.7831801213,0.0,180000.0,0.0,251435.183403411,1000933.4454630858
 10/18  01:00:00,1533905.7049240938,0.0,180000.0,0.0,251435.183403411,997420.3672070582
 10/18  02:00:00,1530392.6266680658,0.0,180000.0,0.0,251435.183403411,993907.2889510304
 10/18  03:00:00,1526879.5484120382,0.0,180000.0,0.0,251435.183403411,990394.2106950027
 10/18  04:00:00,1523366.4701560102,0.0,180000.0,0.0,251435.183403411,986881.1324389748
 10/18  05:00:00,1793275.6704335534,290462.49133890436,180000.0,0.0,251435.183403411,986881.1324389748
 10/18  06:00:00,2531835.2757233093,230617.5426677514,180000.0,0.0,962124.4262885625,1079163.8415283682
 10/18  07:00:00,2451039.587674819,217553.4969338298,180000.0,0.0,872326.1465016301,1103514.1780075496
 10/18  08:00:00,3580958.1938170637,164757.23594320327,180000.0,0.0,1210993.944555204,1949844.9460936654
 10/18  09:00:00,2530524.104545016,109518.14054679511,180000.0,0.0,1041660.045528417,1135402.3462789021
 10/18  10:00:00,2105080.3743426525,41769.35506068298,45000.0,0.0,862063.485954552,1106006.1551774233
 10/18  11:00:00,1985937.5886995725,0.0,0.0,0.0,836406.834586857,1115275.2690104465
 10/18  12:00:00,2082394.363430281,0.0,0.0,0.0,815881.513492701,1239108.461855765
 10/18  13:00:00,1962926.1847091587,0.0,0.0,0.0,805618.852945623,1132186.6426885386
 10/18  14:00:00,1473301.295081934,2635.3653733821625,18595.510941162418,0.0,389981.100788964,1036968.6289034283
 10/18  15:00:00,1901221.5264156733,33727.30419014896,237340.47234033904,0.0,531092.6833112865,1071656.678492084
 10/18  16:00:00,3098950.5681787627,59719.43691050925,415604.63798431144,0.0,836406.834586857,1743829.3775675443
 10/18  17:00:00,6903595.00516043,72251.25490445303,492246.59080073505,0.0,1595843.715070629,4658756.581132349
 10/18  18:00:00,4041892.438861266,36724.62549588089,245758.33795866763,0.0,1990956.146133132,1656552.0779395064
 10/18  19:00:00,4143707.075869279,3390.7151047638235,22494.776073216155,0.0,2581059.127590117,1388322.0216580173
 10/18  20:00:00,5393017.34248859,0.0,0.0,0.0,3774093.4161879346,1411107.3166802241
 10/18  21:00:00,4613747.315488229,0.0,0.0,0.0,3080080.9966917844,1293877.9230805617
 10/18  22:00:00,2424194.1881753434,0.0,0.0,0.0,1113498.669357963,1102878.9091969493
 10/18  23:00:00,1827010.872451081,0.0,135000.0,0.0,505436.0319435915,1042701.8030779603
 10/18  24:00:00,1537418.7831801213,0.0,180000.0,0.0,251435.183403411,1000933.4454630858
 10/19  01:00:00,1533905.7049240938,0.0,180000.0,0.0,251435.183403411,997420.3672070582
 10/19  02:00:00,1530392.6266680658,0.0,180000.0,0.0,251435.183403411,993907.2889510304
 10/19  03:00:00,1526879.5484120382,0.0,180000.0,0.0,251435.183403411,990394.2106950027
 10/19  04:00:00,1523366.4701560102,0.0,180000.0,0.0,251435.183403411,986881.1324389748
 10/19  05:00:00,1576507.2548804511,73694.07578580195,180000.0,0.0,251435.183403411,986881.1324389748
 10/19  06:00:00,1835527.360883813,66096.6490182757,180000.0,0.0,487476.37598620495,1022024.8706407048
 10/19  07:00:00,1581198.1791573437,71183.78405903754,180000.0,0.0,251435.183403411,1000933.4454630858
 10/19  08:00:00,1576824.6105590092,65580.83621149298,180000.0,0.0,251435.183403411,1004446.5237191138
 10/19  09:00:00,1986559.0468200222,47388.94397076816,45000.0,0.0,251435.183403411,1578791.347254941
 10/19  10:00:00,5874382.350330469,1101.4118717989695,0.0,0.0,1477823.1187792318,4345216.4415294435
 10/19  11:00:00,6786846.853695426,0.0,0.0,0.0,1416247.1554967642,5336344.213096393
 10/19  12:00:00,5572450.200747998,0.0,0.0,0.0,815881.513492701,4729164.299173482
 10/19  13:00:00,1962926.1847091587,0.0,0.0,0.0,805618.852945623,1132186.6426885386
 10/19  14:00:00,1954735.2517089094,0.0,0.0,0.0,805618.852945623,1123995.7096882893
 10/19  15:00:00,2151757.317703995,0.0,0.0,0.0,951861.7657414845,1172491.1638806958
 10/19  16:00:00,3160187.703926833,0.0,0.0,0.0,1716429.9764987957,1400367.4462984966
 10/19  17:00:00,3204882.5699009313,0.0,0.0,0.0,1595843.715070629,1524541.9915780392
 10/19  18:00:00,3550200.651553967,0.0,0.0,0.0,1990956.146133132,1447343.2540867561
 10/19  19:00:00,4117821.584691299,0.0,0.0,0.0,2581059.127590117,1388322.0216580173
 10/19  20:00:00,5002864.90436618,0.0,0.0,0.0,3422597.2924505128,1372451.0022952356
 10/19  21:00:00,6164644.642457263,0.0,0.0,0.0,4495045.319620164,1429810.9271212162
 10/19  22:00:00,4090466.8000430306,0.0,0.0,0.0,2625958.2674835837,1256691.9229390163
 10/19  23:00:00,1983363.1928417934,0.0,0.0,0.0,759436.8804837719,1080053.2749284923
 10/19  24:00:00,1480661.7417959836,0.0,0.0,0.0,345338.5274091747,1030273.0600731843
 10/20  01:00:00,1384785.689480736,0.0,0.0,0.0,272217.07101124397,1007518.4641558675
 10/20  02:00:00,1348108.9276612478,0.0,0.0,0.0,251435.183403411,993907.2889510304
 10/20  03:00:00,1344595.8494052202,0.0,0.0,0.0,251435.183403411,990394.2106950027
 10/20  04:00:00,1343366.4701560102,0.0,0.0,0.0,251435.183403411,986881.1324389748
 10/20  05:00:00,1349314.9787831367,8232.207633944381,0.0,0.0,251435.183403411,986881.1324389748
 10/20  06:00:00,1365338.7840031474,19513.555348717517,0.0,0.0,251435.183403411,993907.2889510304
 10/20  07:00:00,2095092.0137163808,26487.953838336678,180000.0,0.0,717103.4057270753,1077868.9948714336
 10/20  08:00:00,2686252.1127547477,24473.946029050643,0.0,0.0,892851.4675957859,1686713.534884466
 10/20  09:00:00,6119554.730964447,0.0,0.0,0.0,1676662.1668788684,4374381.593881043
 10/20  10:00:00,3556207.3857537257,0.0,0.0,0.0,1323883.2105730618,2177515.399017034
 10/20  11:00:00,1988221.2877063903,0.0,0.0,0.0,836406.834586857,1115275.2690104465
 10/20  12:00:00,2594184.498515092,0.0,0.0,0.0,1235367.7633545143,1331412.3470787625
 10/20  13:00:00,2646545.238154934,0.0,0.0,0.0,1364933.852761374,1256490.6963185624
 10/20  14:00:00,2630163.372154435,0.0,0.0,0.0,1364933.852761374,1240108.8303180637
 10/20  15:00:00,2326493.2308419594,0.0,0.0,0.0,1092973.348263807,1206115.4944963376
 10/20  16:00:00,3215587.035389205,0.0,0.0,0.0,1275135.5729744416,1897061.181285223
 10/20  17:00:00,13568132.104126131,0.0,0.0,0.0,1595843.715070629,11885507.826796424
 10/20  18:00:00,16425819.909121592,0.0,0.0,0.0,2207754.8501901547,14108447.506604176
 10/20  19:00:00,7228115.46942045,0.0,0.0,0.0,3745871.09968347,3345222.4293279042
 10/20  20:00:00,6156714.484307322,0.0,0.0,0.0,4479651.328799547,1487516.137941887
 10/20  21:00:00,4596478.589872118,0.0,0.0,0.0,3078798.1641233996,1293877.9230805617
 10/20  22:00:00,3167959.471632664,0.0,45000.0,0.0,1760046.283823877,1168798.7722292638
 10/20  23:00:00,1960294.785723485,0.0,180000.0,0.0,590102.981456985,1055453.5628642424
 10/20  24:00:00,1701742.7280012711,0.0,180000.0,0.0,376639.64207776263,1040052.9316098839
 10/21  01:00:00,1595665.6740373783,0.0,180000.0,0.0,292998.9586190769,1017616.5611046768
 10/21  02:00:00,1539267.0464757234,0.0,180000.0,0.0,251435.183403411,1005065.407765506
 10/21  03:00:00,1526407.8414700464,0.0,180000.0,0.0,251435.183403411,992206.2027598288
 10/21  04:00:00,1523366.4701560102,0.0,180000.0,0.0,251435.183403411,986881.1324389748
 10/21  05:00:00,1657145.0896162267,136062.31846703458,180000.0,0.0,251435.183403411,986881.1324389748
 10/21  06:00:00,2213418.937289237,113248.88509897956,180000.0,0.0,251435.183403411,1568252.1124868575
 10/21  07:00:00,5831130.364889378,83180.78504655621,180000.0,0.0,1185337.293187509,4288980.627375777
 10/21  08:00:00,2016787.672497067,102149.3593208717,180000.0,0.0,411789.2544515047,1240635.8944792454
 10/21  09:00:00,1945427.7088491516,73075.89067552536,180000.0,0.0,567011.9952260596,1056828.8527430291
 10/21  10:00:00,2864475.9936904632,13043.929006280563,45000.0,0.0,862063.485954552,1889559.8025660007
 10/21  11:00:00,1988221.2877063903,0.0,0.0,0.0,836406.834586857,1115275.2690104465
 10/21  12:00:00,2764781.2102100286,0.0,0.0,0.0,1375196.513308452,1362180.3088197615
 10/21  13:00:00,2646545.238154934,0.0,0.0,0.0,1364933.852761374,1256490.6963185624
 10/21  14:00:00,2630163.372154435,0.0,0.0,0.0,1364933.852761374,1240108.8303180637
 10/21  15:00:00,2849398.884458311,0.0,0.0,0.0,1515025.2632623897,1306969.233114106
 10/21  16:00:00,2419016.893112098,0.0,0.0,0.0,1128892.66017858,1246733.9518039771
 10/21  17:00:00,2990903.164318084,0.0,0.0,0.0,1427792.6486122268,1476329.9534467761
 10/21  18:00:00,3547916.952547149,0.0,0.0,0.0,1990956.146133132,1447343.2540867561
 10/21  19:00:00,4106403.08965721,0.0,0.0,0.0,2581059.127590117,1388322.0216580173
 10/21  20:00:00,4727781.0165607715,0.0,135000.0,0.0,3068535.503576322,1334698.4954185614
 10/21  21:00:00,4002954.1752401786,0.0,180000.0,0.0,2373240.2515117875,1225911.4210602343
 10/21  22:00:00,3302959.471632664,0.0,180000.0,0.0,1760046.283823877,1168798.7722292638
 10/21  23:00:00,1570619.9485247824,0.0,180000.0,0.0,251435.183403411,1004446.5237191138
 10/21  24:00:00,1537418.7831801213,0.0,180000.0,0.0,251435.183403411,1000933.4454630858
 10/22  01:00:00,1533905.7049240938,0.0,180000.0,0.0,251435.183403411,997420.3672070582
 10/22  02:00:00,1530392.6266680658,0.0,180000.0,0.0,251435.183403411,993907.2889510304
 10/22  03:00:00,1526879.5484120382,0.0,180000.0,0.0,251435.183403411,990394.2106950027
 10/22  04:00:00,1552853.6318713182,0.0,180000.0,0.0,262724.11000519677,1005079.3675524968
 10/22  05:00:00,1927455.0804194284,165255.53693132807,180000.0,0.0,482345.045712666,1015357.6345231711
 10/22  06:00:00,1649299.9029617454,144027.96536867658,180000.0,0.0,251435.183403411,993907.2889510304
 10/22  07:00:00,1658084.7300248113,148070.33492650522,180000.0,0.0,251435.183403411,1000933.4454630858
 10/22  08:00:00,1661427.7629029742,150183.98855545776,180000.0,0.0,251435.183403411,1004446.5237191138
 10/22  09:00:00,1632152.0639193226,132326.78460589584,180000.0,0.0,251435.183403411,1004446.5237191138
 10/22  10:00:00,2275707.5130696106,77396.49378764072,180000.0,0.0,862063.485954552,1106006.1551774233
 10/22  11:00:00,2755015.53630303,29818.79022956311,45000.0,0.0,1416247.1554967642,1229694.1054744336
 10/22  12:00:00,2100282.1591918822,17887.79576160141,0.0,0.0,815881.513492701,1239108.461855765
 10/22  13:00:00,1454118.152017452,0.0,0.0,0.0,389981.10078896396,1039016.3621534905
 10/22  14:00:00,1954735.2517089094,0.0,0.0,0.0,805618.852945623,1123995.7096882893
 10/22  15:00:00,1456719.9225447625,0.0,0.0,0.0,391263.9333573487,1038051.6011055988
 10/22  16:00:00,1309811.2230201485,0.0,0.0,0.0,251435.183403411,1014985.7584871969
 10/22  17:00:00,1689685.1265108043,0.0,0.0,0.0,419486.24986181327,1185702.0133967279
 10/22  18:00:00,4789653.691054594,0.0,90000.0,0.0,1118629.999631502,3469122.440089013
 10/22  19:00:00,3362255.7559933984,0.0,180000.0,0.0,1416247.1554967642,1617568.1650534691
 10/22  20:00:00,4696230.113761868,0.0,180000.0,0.0,2717039.3798389,1591374.1243025362
 10/22  21:00:00,5425205.657572148,0.0,180000.0,0.0,3078798.1641233996,1926619.0977328666
 10/22  22:00:00,4186891.999491953,0.0,180000.0,0.0,1975562.155312515,1823513.2345590068
 10/22  23:00:00,8211304.714548236,0.0,180000.0,0.0,928770.7795105589,6958660.897608147
 10/22  24:00:00,10390958.30568552,0.0,180000.0,0.0,376896.2085914395,9729011.942780456
 10/23  01:00:00,1533905.7049240938,0.0,180000.0,0.0,251435.183403411,997420.3672070582
 10/23  02:00:00,1543888.3714320033,0.0,180000.0,0.0,251435.183403411,1007403.0337149678
 10/23  03:00:00,1528693.729000963,0.0,180000.0,0.0,251435.183403411,992208.3912839276
 10/23  04:00:00,1523366.4701560102,0.0,180000.0,0.0,251435.183403411,986881.1324389748
 10/23  05:00:00,1867110.737627158,364297.55853250885,180000.0,0.0,251435.183403411,986881.1324389748
 10/23  06:00:00,2591740.926882909,290523.19382735126,180000.0,0.0,962124.4262885624,1079163.841528368
 10/23  07:00:00,4997395.623959942,258194.40840617352,180000.0,0.0,1185337.293187509,3296218.15613445
 10/23  08:00:00,6333219.821363078,194292.85700761803,180000.0,0.0,1529136.421514622,4354428.475615847
 10/23  09:00:00,4518570.633331805,135986.14771201217,180000.0,0.0,1200731.284008126,2937909.6294207647
 10/23  10:00:00,2234445.3101614234,81134.29087945347,135000.0,0.0,862063.485954552,1106006.1551774233
 10/23  11:00:00,1993795.0482071023,7857.45950752976,0.0,0.0,836406.834586857,1115275.2690104465
 10/23  12:00:00,1910495.5659378027,0.0,0.0,0.0,674769.9309703786,1208321.246885609
 10/23  13:00:00,1962926.1847091587,0.0,0.0,0.0,805618.852945623,1132186.6426885386
 10/23  14:00:00,2586306.961878971,7196.0299771924865,50030.85665704211,0.0,805618.852945623,1698340.5332241165
 10/23  15:00:00,2579250.0186522254,49376.612604321024,343643.1776291232,0.0,810750.1832191619,1348075.6571178043
 10/23  16:00:00,2971225.169536992,69806.4115501931,482401.86487470067,0.0,1128892.6601785803,1246733.9518039774
 10/23  17:00:00,3807139.0728337136,49800.05762112605,337024.2695362184,0.0,1762611.9489606465,1573205.9334634594
 10/23  18:00:00,4357835.347643442,35805.791380233924,234959.83632519122,0.0,2424553.5542471777,1550614.9143567611
 10/23  19:00:00,5565301.638220836,7626.360349591652,94457.43204661174,0.0,3745871.09968347,1568906.3106979993
 10/23  20:00:00,4791050.608615315,0.0,180000.0,0.0,3068535.503576322,1334698.4954185614
 10/23  21:00:00,3632177.8609719346,0.0,180000.0,0.0,2020461.2952059812,1191928.1700500706
 10/23  22:00:00,2604194.1881753434,0.0,180000.0,0.0,1113498.669357963,1102878.9091969493
 10/23  23:00:00,1969429.5817507566,0.0,180000.0,0.0,590102.981456985,1055453.5628642424
 10/23  24:00:00,1701742.7280012711,0.0,180000.0,0.0,376639.64207776263,1040052.9316098839
 10/24  01:00:00,1533905.7049240938,0.0,180000.0,0.0,251435.183403411,997420.3672070582
 10/24  02:00:00,1530392.6266680658,0.0,180000.0,0.0,251435.183403411,993907.2889510304
 10/24  03:00:00,1526879.5484120382,0.0,180000.0,0.0,251435.183403411,990394.2106950027
 10/24  04:00:00,1523366.4701560102,0.0,180000.0,0.0,251435.183403411,986881.1324389748
 10/24  05:00:00,1642033.9341500732,139220.75505542415,180000.0,0.0,251435.183403411,986881.1324389748
 10/24  06:00:00,2418952.5806929963,117734.84763743877,180000.0,0.0,962124.4262885625,1079163.8415283682
 10/24  07:00:00,3075383.0280844998,113370.92434391599,180000.0,0.0,1498348.4398733878,1206017.8976353866
 10/24  08:00:00,3663952.2738172454,84895.0754802677,180000.0,0.0,1529136.421514622,1794558.7095973645
 10/24  09:00:00,5304671.016432892,24712.865872027858,90000.0,0.0,882588.807048708,4243425.771321254
 10/24  10:00:00,5152525.608836279,0.0,0.0,0.0,862063.485954552,4240220.744731733
 10/24  11:00:00,3762253.707329477,0.0,0.0,0.0,836406.834586857,2891591.3876403514
 10/24  12:00:00,2095904.9229263053,1589.4233376492436,11921.13615837505,0.0,815881.513492701,1239108.461855765
 10/24  13:00:00,2537331.9400836495,66364.42534142338,508041.33003306715,0.0,805618.852945623,1132186.6426885386
 10/24  14:00:00,3332918.8442171197,137762.4286092965,1071564.1337875323,0.0,945447.6028995607,1153023.989845733
 10/24  15:00:00,4440145.4082412785,201030.42504368798,1563149.9260797033,0.0,1375196.513308452,1273364.155727621
 10/24  16:00:00,4164488.710297581,201221.37274408242,1544250.4444414,0.0,1128892.66017858,1246733.9518039771
 10/24  17:00:00,3774547.0640365756,171892.13669117072,1262824.775803134,0.0,923639.4492370199,1331693.8390529875
 10/24  18:00:00,7404885.078938375,151099.76597940162,1047844.3587097011,0.0,1772874.6095077246,4321165.09340747
 10/24  19:00:00,5442903.526722258,100168.91656482282,679355.1363300524,0.0,2872262.1206134553,1642676.917770763
 10/24  20:00:00,7840928.902663194,28570.52943656884,194413.05272769835,0.0,4479651.328799547,2930477.382078948
 10/24  21:00:00,6618323.196356829,5850.638986952415,39882.11041043553,0.0,4495045.319620164,1837756.731623395
 10/24  22:00:00,3136661.6656735716,0.0,0.0,0.0,1760046.283823877,1168798.7722292638
 10/24  23:00:00,1594592.1631514053,0.0,0.0,0.0,420769.082430198,1029950.0432916781
 10/24  24:00:00,1357418.7831801213,0.0,0.0,0.0,251435.183403411,1000933.4454630858
 10/25  01:00:00,1353905.7049240938,0.0,0.0,0.0,251435.183403411,997420.3672070582
 10/25  02:00:00,1350392.6266680658,0.0,0.0,0.0,251435.183403411,993907.2889510304
 10/25  03:00:00,1346879.5484120382,0.0,0.0,0.0,251435.183403411,990394.2106950027
 10/25  04:00:00,1343366.4701560102,0.0,0.0,0.0,251435.183403411,986881.1324389748
 10/25  05:00:00,1322813.1790946492,0.0,0.0,0.0,251435.183403411,986881.1324389748
 10/25  06:00:00,1853589.4861380055,0.0,0.0,0.0,723517.568568999,1050142.4523303793
 10/25  07:00:00,2054749.670080217,0.0,0.0,0.0,873608.9790700148,1103494.9247783928
 10/25  08:00:00,1331243.7743475162,0.0,0.0,0.0,251435.183403411,1004446.5237191138
 10/25  09:00:00,1319825.2793134267,0.0,0.0,0.0,251435.183403411,1004446.5237191138
 10/25  10:00:00,2801864.6666705473,0.0,0.0,0.0,862063.485954552,1889559.8025660007
 10/25  11:00:00,1985937.5886995725,0.0,0.0,0.0,836406.834586857,1115275.2690104465
 10/25  12:00:00,2082394.363430281,0.0,0.0,0.0,815881.513492701,1239108.461855765
 10/25  13:00:00,2184718.4913688726,25791.58659222861,196000.72006748524,0.0,805618.852945623,1132186.6426885386
 10/25  14:00:00,2429961.8093377925,54534.456543897984,420692.1010849851,0.0,805618.852945623,1123995.7096882893
 10/25  15:00:00,2629769.5550650144,74709.7621752932,578038.3883236902,0.0,810750.1832191619,1138866.833265054
 10/25  16:00:00,2756704.9516637265,81773.68013622223,625649.6017793891,0.0,836406.834586857,1169484.5540317171
 10/25  17:00:00,3681680.6371930395,82550.22577749091,610510.9461042824,0.0,1427792.6486122268,1476329.9534467761
 10/25  18:00:00,4226953.31922653,83607.69803067092,593144.9696418922,0.0,1990956.146133132,1447343.2540867561
 10/25  19:00:00,5075773.777462669,78276.96191630096,543326.1655717343,0.0,2872262.1206134553,1433468.093918013
 10/25  20:00:00,6887395.672822334,90393.78967245032,622017.8067880194,0.0,4479651.328799547,1487516.137941887
 10/25  21:00:00,6832036.779396743,84982.86049298561,582409.2764464942,0.0,4495045.319620164,1429810.9271212162
 10/25  22:00:00,3444416.797444502,39135.3271573323,268619.8046135979,0.0,1760046.283823877,1168798.7722292638
 10/25  23:00:00,1874429.1929717746,10817.405780723439,74182.20544029457,0.0,590102.981456985,1055453.5628642424
 10/25  24:00:00,1521742.7280012711,0.0,0.0,0.0,376639.64207776263,1040052.9316098839
 10/26  01:00:00,1353905.7049240938,0.0,0.0,0.0,251435.183403411,997420.3672070582
 10/26  02:00:00,1350392.6266680658,0.0,0.0,0.0,251435.183403411,993907.2889510304
 10/26  03:00:00,1346879.5484120382,0.0,0.0,0.0,251435.183403411,990394.2106950027
 10/26  04:00:00,1343366.4701560102,0.0,0.0,0.0,251435.183403411,986881.1324389748
 10/26  05:00:00,1322813.1790946492,0.0,0.0,0.0,251435.183403411,986881.1324389748
 10/26  06:00:00,1589430.711865537,0.0,0.0,0.0,487476.37598620495,1022024.8706407048
 10/26  07:00:00,2053486.090740989,0.0,0.0,0.0,872326.1465016301,1103514.1780075496
 10/26  08:00:00,4205787.137420371,0.0,0.0,0.0,1370065.183034913,2760359.8871604674
 10/26  09:00:00,2796793.172973221,0.0,0.0,0.0,1518873.760967544,1213975.8398147752
 10/26  10:00:00,2558877.5164987626,0.0,0.0,0.0,1323883.2105730618,1184752.9277757064
 10/26  11:00:00,1985937.5886995725,0.0,0.0,0.0,836406.834586857,1115275.2690104465
 10/26  12:00:00,2235334.913094489,18050.272202709664,134890.27746149822,0.0,815881.513492701,1239108.461855765
 10/26  13:00:00,2695248.772971692,85527.12267511527,646795.4655874178,0.0,805618.852945623,1132186.6426885386
 10/26  14:00:00,3056628.73873418,127535.74056757524,974357.7464576957,0.0,805618.852945623,1123995.7096882893
 10/26  15:00:00,3246276.302797778,146333.45051537055,1122921.4477163763,0.0,810750.1832191619,1138866.833265054
 10/26  16:00:00,5484390.125986288,173871.73027332648,1324394.2078237091,0.0,1128892.6601785803,2813841.246581132
 10/26  17:00:00,4543207.203957533,157647.65125348078,1180676.982803122,0.0,1595843.715070629,1524541.9915780392
 10/26  18:00:00,3429527.9889504313,114989.14491864877,841400.0445028279,0.0,1118629.999631502,1242607.5485633742
 10/26  19:00:00,6225091.009777604,135002.75086983643,963219.4783664669,0.0,3454668.1066601323,1523760.2384380037
 10/26  20:00:00,7349421.213189352,145826.74018216267,1028610.3966453258,0.0,4479651.328799547,1487516.137941887
 10/26  21:00:00,7229797.961309776,132781.6740890702,932371.6447634426,0.0,4495045.319620164,1429810.9271212162
 10/26  22:00:00,6277943.097184193,104571.9684129275,734550.1693202361,0.0,2842756.9715406066,2388247.378289992
 10/26  23:00:00,4394326.465456652,63572.228379105785,448311.11682978435,0.0,1098104.678537346,2640465.404280887
 10/26  24:00:00,12564554.615386888,27209.64218711259,192440.42793807798,0.0,345338.5274091747,11894515.863538899
 10/27  01:00:00,5092807.926740995,19446.335741254738,137667.76928567293,0.0,251435.183403411,4579208.483997032
 10/27  02:00:00,1416716.6649930314,8482.053919196758,60125.68341258703,0.0,251435.183403411,993907.2889510304
 10/27  03:00:00,1355879.0536294514,1391.7033657782385,9891.500858452919,0.0,251435.183403411,990394.2106950027
 10/27  04:00:00,1343366.4701560102,0.0,0.0,0.0,251435.183403411,986881.1324389748
 10/27  05:00:00,1341082.7711491922,0.0,0.0,0.0,251435.183403411,986881.1324389748
 10/27  06:00:00,1345825.22865443,0.0,0.0,0.0,251435.183403411,993907.2889510304
 10/27  07:00:00,2433734.9902885123,0.0,0.0,0.0,1185337.293187509,1154766.037821468
 10/27  08:00:00,5247130.933823233,33556.47894734863,240558.86474129694,0.0,1529136.421514622,3361666.00437452
 10/27  09:00:00,5782912.159298534,57057.21017737763,412259.97781126574,0.0,2150027.384612841,3095056.616492511
 10/27  10:00:00,3897511.603744816,52202.80815475447,385974.03640658676,0.0,2088451.4213303728,1316074.5616894718
 10/27  11:00:00,3997059.095656472,71931.59752320795,543333.5783221731,0.0,2001218.8066802102,1344035.929021794
 10/27  12:00:00,3446779.2787073487,77883.67227882237,604114.3962184978,0.0,1375196.513308452,1362180.3088197615
 10/27  13:00:00,3560758.8652549423,102379.03135703318,811834.5957429751,0.0,1364933.852761374,1256490.6963185624
 10/27  14:00:00,3854807.0248309355,135584.8854615437,1089058.7672149565,0.0,1364933.852761374,1240108.8303180637
 10/27  15:00:00,4241776.184101338,173614.14951430119,1392196.9774691479,0.0,1375196.513308452,1273364.155727621
 10/27  16:00:00,4562397.013717116,199069.85160604175,1574575.0456349934,0.0,1421378.4857703033,1323983.3495762374
 10/27  17:00:00,5513737.510060872,215228.52279603935,1660478.3668062082,0.0,1929380.182850664,1621869.875348879
 10/27  18:00:00,6382508.687877741,203101.1806023028,1526368.352031357,0.0,2858150.9623612235,1685270.6405555964
 10/27  19:00:00,9102335.224338206,219532.16501115734,1611480.7258260932,0.0,3745871.09968347,3388429.2934084097
 10/27  20:00:00,7850764.104793072,205207.16039124658,1488842.4600945027,0.0,4479651.328799547,1487516.137941887
 10/27  21:00:00,7684584.799544746,187354.91144551313,1348571.1386896959,0.0,4495045.319620164,1429810.9271212162
 10/27  22:00:00,4428731.425144523,130516.14882002174,937766.6455257615,0.0,1975562.155312515,1190772.059906702
 10/27  23:00:00,2449966.310831623,81878.88400513268,587792.6411030054,0.0,590102.981456985,1055453.5628642424
 10/27  24:00:00,1774687.8837188727,51004.80872927423,366264.29180947726,0.0,251435.183403411,1000933.4454630858
 10/28  01:00:00,1657281.6654073987,37031.2445143622,266344.71596894274,0.0,251435.183403411,997420.3672070582
 10/28  02:00:00,1540748.9561224203,23459.22233344398,169180.80612772857,0.0,251435.183403411,993907.2889510304
 10/28  03:00:00,1481334.048874908,16611.558667929658,120126.64080175801,0.0,251435.183403411,990394.2106950027
 10/28  04:00:00,1439745.5355045241,11680.240264458826,84698.82508405496,0.0,251435.183403411,986881.1324389748
 10/28  05:00:00,1392498.473684375,6222.838436965079,45192.86409821753,0.0,251435.183403411,986881.1324389748
 10/28  06:00:00,1358117.6034756438,1487.6002803452175,10804.774540868508,0.0,251435.183403411,993907.2889510304
 10/28  07:00:00,1888604.059878044,0.0,0.0,0.0,717103.4057270753,1077868.9948714336
 10/28  08:00:00,2087433.34318987,0.0,0.0,0.0,892851.4675957859,1112368.7113486389
 10/28  09:00:00,2821932.6203825665,2502.6239740094506,18069.42542170016,0.0,1518873.760967544,1213975.8398147752
 10/28  10:00:00,3677821.1584361508,26471.275965949615,192015.1232867263,0.0,2088451.4213303728,1316074.5616894718
 10/28  11:00:00,12745151.542150255,84589.81115661486,616035.7524931494,0.0,1854975.8938843487,10153010.900507055
 10/28  12:00:00,8883608.284184905,59271.93320697649,437605.05595622637,0.0,1375196.513308452,6984130.393631434
 10/28  13:00:00,3270749.534985202,74447.17290276781,549757.1239275,0.0,1364933.852761374,1256490.6963185624
 10/28  14:00:00,4116752.4328979193,97839.13278726646,718453.137784232,0.0,1919117.5223035861,1356221.9509478381
 10/28  15:00:00,6556743.868313635,126425.46008582393,919165.9234352501,0.0,1934511.513124203,3549236.5835865433
 10/28  16:00:00,4538752.374111534,91811.96945205031,665425.8169420746,0.0,1421378.4857703033,2316745.820817565
 10/28  17:00:00,3527850.703804445,38986.55234729227,281697.88254940335,0.0,1595843.715070629,1524541.9915780392
 10/28  18:00:00,3914186.9912632694,44988.510829124905,321281.52788699564,0.0,1990956.146133132,1447343.2540867561
 10/28  19:00:00,5192893.955947436,37445.61431871383,265491.6045829358,0.0,2581059.127590117,2171875.6690465948
 10/28  20:00:00,5129191.527990815,18021.123061609913,127406.02143179649,0.0,3421314.459882128,1372902.9060493927
 10/28  21:00:00,6372614.486680843,27817.919070072916,196137.8182012328,0.0,4495045.319620164,1429810.9271212162
 10/28  22:00:00,3360448.6307987403,0.0,0.0,0.0,1975562.155312515,1190772.059906702
 10/28  23:00:00,2168162.0079055587,0.0,0.0,0.0,928770.7795105589,1104652.9869927424
 10/28  24:00:00,1644014.8251251776,0.0,0.0,0.0,470927.83585404174,1068036.8349575112
 10/29  01:00:00,1353905.7049240938,0.0,0.0,0.0,251435.183403411,997420.3672070582
 10/29  02:00:00,1350392.6266680658,0.0,0.0,0.0,251435.183403411,993907.2889510304
 10/29  03:00:00,1346879.5484120382,0.0,0.0,0.0,251435.183403411,990394.2106950027
 10/29  04:00:00,1343366.4701560102,0.0,0.0,0.0,251435.183403411,986881.1324389748
 10/29  05:00:00,2279291.069412194,0.0,0.0,0.0,405375.091609581,1789419.11455035
 10/29  06:00:00,2785084.1413818127,0.0,0.0,0.0,1554793.072882317,1150361.6032608685
 10/29  07:00:00,2599880.6004906846,0.0,0.0,0.0,1341842.8665304482,1180391.9677284274
 10/29  08:00:00,2080582.2461694162,0.0,0.0,0.0,892851.4675957859,1112368.7113486389
 10/29  09:00:00,2055743.5610065544,0.0,0.0,0.0,882588.807048708,1109211.1817669445
 10/29  10:00:00,2018311.0192819696,0.0,0.0,0.0,862063.485954552,1106006.1551774233
 10/29  11:00:00,2680196.7460734667,0.0,0.0,0.0,1416247.1554967642,1229694.1054744336
 10/29  12:00:00,3280477.602687463,0.0,0.0,0.0,1798531.2608754197,1454541.9537302288
 10/29  13:00:00,2646545.238154934,0.0,0.0,0.0,1364933.852761374,1256490.6963185624
 10/29  14:00:00,2461306.342043054,0.0,0.0,0.0,1225105.1028074364,1211080.5501606201
 10/29  15:00:00,2501229.143979924,0.0,0.0,0.0,1234084.9307861296,1239739.8251119792
 10/29  16:00:00,2832835.317136692,0.0,0.0,0.0,836406.834586857,1953038.2014202944
 10/29  17:00:00,3204882.5699009313,0.0,0.0,0.0,1595843.715070629,1524541.9915780392
 10/29  18:00:00,3550200.651553967,0.0,0.0,0.0,1990956.146133132,1447343.2540867561
 10/29  19:00:00,6435653.363892285,0.0,0.0,0.0,3745871.09968347,2541341.82876565
 10/29  20:00:00,7053455.606933454,0.0,0.0,0.0,4479651.328799547,2365987.6685134764
 10/29  21:00:00,5388554.562688554,0.0,0.0,0.0,3786921.7418717816,1361844.425100889
 10/29  22:00:00,1711726.710677115,0.0,0.0,0.0,466951.05489204894,1036959.0461646349
 10/29  23:00:00,1789429.5817507566,0.0,0.0,0.0,590102.981456985,1055453.5628642424
 10/29  24:00:00,1357418.7831801213,0.0,0.0,0.0,251435.183403411,1000933.4454630858
 10/30  01:00:00,1353905.7049240938,0.0,0.0,0.0,251435.183403411,997420.3672070582
 10/30  02:00:00,1350392.6266680658,0.0,0.0,0.0,251435.183403411,993907.2889510304
 10/30  03:00:00,1481879.5484120382,0.0,135000.0,0.0,251435.183403411,990394.2106950027
 10/30  04:00:00,1527278.3172475023,0.0,180000.0,0.0,252846.29922863422,989381.8637052437
 10/30  05:00:00,1571815.8998253383,69002.72073068909,180000.0,0.0,251435.183403411,986881.1324389748
 10/30  06:00:00,2147819.1185399727,68202.35741107688,180000.0,0.0,251435.183403411,1568252.1124868575
 10/30  07:00:00,4069548.6067463458,59746.3973754523,180000.0,0.0,872326.1465016301,2879830.296637454
 10/30  08:00:00,2343796.168945941,83213.92277652519,180000.0,0.0,892851.4675957859,1112368.7113486389
 10/30  09:00:00,2690704.0361344065,84435.66914451886,180000.0,0.0,1200731.284008126,1161593.5107908598
 10/30  10:00:00,2821387.5696410392,82510.05314227665,180000.0,0.0,1323883.2105730618,1184752.9277757064
 10/30  11:00:00,2826552.8381606042,86270.42592520428,180000.0,0.0,836406.834586857,1689620.0925462735
 10/30  12:00:00,3696702.5876437062,100352.32958222396,180000.0,0.0,1095539.0134005765,2293406.8565790905
 10/30  13:00:00,2896357.8300108165,69812.59185588268,180000.0,0.0,1364933.852761374,1256490.6963185624
 10/30  14:00:00,2378680.9269247213,75088.64510443035,180000.0,0.0,945447.6028995607,1153023.989845733
 10/30  15:00:00,2234349.1612162013,77327.75665017062,180000.0,0.0,810750.1832191619,1138866.833265054
 10/30  16:00:00,2311382.048758737,82100.37901062203,180000.0,0.0,836406.834586857,1169484.5540317171
 10/30  17:00:00,2635643.230323965,115813.07878169473,180000.0,0.0,923639.4492370199,1331693.8390529875
 10/30  18:00:00,4101258.344627501,90221.07417414192,180000.0,0.0,1118629.999631502,2600506.0194877787
 10/30  19:00:00,3278641.96957558,115123.19423161067,180000.0,0.0,1416247.1554967642,1418831.1844040405
 10/30  20:00:00,5573017.34248859,0.0,180000.0,0.0,3774093.4161879346,1411107.3166802241
 10/30  21:00:00,4792464.482919844,0.0,180000.0,0.0,3078798.1641233996,1293877.9230805617
 10/30  22:00:00,2604194.1881753434,0.0,180000.0,0.0,1113498.669357963,1102878.9091969493
 10/30  23:00:00,1579754.744552054,0.0,180000.0,0.0,251435.183403411,1004446.5237191138
 10/30  24:00:00,1537418.7831801213,0.0,180000.0,0.0,251435.183403411,1000933.4454630858
 10/31  01:00:00,1533905.7049240938,0.0,180000.0,0.0,251435.183403411,997420.3672070582
 10/31  02:00:00,1534075.144148043,3682.517479977133,180000.0,0.0,251435.183403411,993907.2889510304
 10/31  03:00:00,1565111.086638188,38231.53822614968,180000.0,0.0,251435.183403411,990394.2106950027
 10/31  04:00:00,1594686.6122106214,71320.14205461113,180000.0,0.0,251435.183403411,986881.1324389748
 10/31  05:00:00,2190708.950565202,600981.746251912,180000.0,0.0,328405.137506496,996825.2035545306
 10/31  06:00:00,3554619.784563723,457456.256045676,180000.0,0.0,1672813.669173714,1164420.3941057057
 10/31  07:00:00,3727857.4830752644,405373.1108525672,180000.0,0.0,1807511.0888541127,1257327.5171367752
 10/31  08:00:00,2630497.971626886,369915.72545747,180000.0,0.0,892851.4675957859,1112368.7113486389
 10/31  09:00:00,2526386.4005801845,290642.8395736303,180000.0,0.0,882588.807048708,1109211.1817669445
 10/31  10:00:00,2401341.453071004,203030.43378903455,180000.0,0.0,862063.485954552,1106006.1551774233
 10/31  11:00:00,2857120.373527716,116837.96129231658,180000.0,0.0,836406.834586857,1689620.0925462735
 10/31  12:00:00,5477801.037541684,81192.08455709391,180000.0,0.0,815881.513492701,4373323.051410073
 10/31  13:00:00,5315993.539503526,38852.76524005854,180000.0,0.0,805618.852945623,4266401.232242848
 10/31  14:00:00,4777734.753329286,31415.19487424825,180000.0,0.0,805618.852945623,3735580.016434418
 10/31  15:00:00,2209152.778387079,52131.3738210482,180000.0,0.0,810750.1832191619,1138866.833265054
 10/31  16:00:00,2835170.8903424293,51286.38554834004,180000.0,0.0,1275135.5729744416,1285358.6506901074
 10/31  17:00:00,2633776.616319419,113946.4647771481,180000.0,0.0,923639.4492370199,1331693.8390529875
 10/31  18:00:00,3570387.010697436,109451.82214972201,180000.0,0.0,1772874.6095077246,1396159.3277059107
 10/31  19:00:00,5761420.486695037,118202.64087040369,180000.0,0.0,3745871.09968347,1568906.3106979993
 10/31  20:00:00,6148949.079539719,0.0,180000.0,0.0,3068535.503576322,2692596.966342966
 10/31  21:00:00,6444634.550909655,0.0,180000.0,0.0,3078798.1641233996,2946047.991070373
 10/31  22:00:00,3487118.3110096743,0.0,180000.0,0.0,1544530.412335239,1554771.2890540045
 10/31  23:00:00,1969429.5817507566,0.0,180000.0,0.0,590102.981456985,1055453.5628642424
 10/31  24:00:00,1537835.6760121968,1640.8536807664807,180000.0,0.0,251435.183403411,1000027.8184153452
 11/01  01:00:00,1571890.2950496252,39185.91029802906,180000.0,0.0,251435.183403411,996537.3808355108
 11/01  02:00:00,1606076.2738948404,76862.32672307818,180000.0,0.0,251435.183403411,993046.9432556768
 11/01  03:00:00,1632071.139299453,106347.62970752524,180000.0,0.0,251435.183403411,989556.5056758425
 11/01  04:00:00,1651381.2310680363,129148.15905594299,180000.0,0.0,251435.183403411,986066.0680960082
 11/01  05:00:00,2158657.1024841787,656915.0388332611,180000.0,0.0,251435.183403411,986066.0680960082
 11/01  06:00:00,2029557.5005470738,525388.1191500819,180000.0,0.0,251435.183403411,993046.9432556768
 11/01  07:00:00,1990984.8086097476,482111.33075988444,180000.0,0.0,251435.183403411,1000027.8184153452
 11/01  08:00:00,2724597.668684813,424198.4308683277,180000.0,0.0,933902.109784098,1111363.4307080777
 11/01  09:00:00,2632056.6790651614,340990.52117419103,180000.0,0.0,939033.4400576369,1108282.91404301
 11/01  10:00:00,2506183.465274064,252562.6995479865,180000.0,0.0,918508.118963481,1105023.515213056
 11/01  11:00:00,2371966.2199829286,155724.7600960168,180000.0,0.0,887720.1373222469,1114369.6419627059
 11/01  12:00:00,2432850.0747996196,122060.98856757945,180000.0,0.0,867194.8162280911,1236272.9255223817
 11/01  13:00:00,2244237.368064503,47701.197063399275,180000.0,0.0,862063.485954552,1129428.119271782
 11/01  14:00:00,2528491.947201564,13564.08292435444,180000.0,0.0,1021134.7244342611,1288748.5740681784
 11/01  15:00:00,20444063.670813583,51600.69330392626,180000.0,0.0,1254610.2518802856,18930531.381147806
 11/01  16:00:00,13520195.44544999,18662.635584888965,180000.0,0.0,1878066.8801152739,11400207.13432068
 11/01  17:00:00,4289793.265175814,61468.63163225606,180000.0,0.0,2442513.210204564,1521570.6111874948
 11/01  18:00:00,4896633.284205256,82023.38402159198,180000.0,0.0,3078798.1641233996,1444249.579427198
 11/01  19:00:00,5143474.940436393,110162.99624736438,180000.0,0.0,3319970.6869797334,1385350.641267473
 11/01  20:00:00,5808388.424287255,0.0,180000.0,0.0,3976780.961992725,1444420.5999759797
 11/01  21:00:00,5179426.642163867,0.0,180000.0,0.0,3335364.6778003504,1425000.200149804
 11/01  22:00:00,2377417.00742625,0.0,180000.0,0.0,910811.1235531725,1079419.021554526
 11/01  23:00:00,1578390.4979268177,0.0,180000.0,0.0,251435.183403411,1003518.2559951793
 11/01  24:00:00,1536194.8223314304,0.0,180000.0,0.0,251435.183403411,1000027.8184153452
 11/02  01:00:00,1570181.5739686296,37477.1892170335,180000.0,0.0,251435.183403411,996537.3808355108
 11/02  02:00:00,1609365.615233203,80151.66806144088,180000.0,0.0,251435.183403411,993046.9432556768
 11/02  03:00:00,1634530.7211864046,108807.21159447674,180000.0,0.0,251435.183403411,989556.5056758425
 11/02  04:00:00,1671825.607427038,134290.37590017015,180000.0,0.0,258619.04578636558,994184.3652278283
 11/02  05:00:00,2169747.8408550574,668005.7772041399,180000.0,0.0,251435.183403411,986066.0680960082
 11/02  06:00:00,2038405.4324763108,534236.0510793187,180000.0,0.0,251435.183403411,993046.9432556768
 11/02  07:00:00,2366439.009611511,483039.86471477244,180000.0,0.0,574708.990636368,1051279.6782292638
 11/02  08:00:00,2721422.756543461,421023.5187269751,180000.0,0.0,933902.109784098,1111363.4307080777
 11/02  09:00:00,2624737.0719911046,333670.9141001343,180000.0,0.0,939033.4400576369,1108282.91404301
 11/02  10:00:00,3819714.3602428692,221410.74072318594,180000.0,0.0,1585581.054523551,1782633.4334465922
 11/02  11:00:00,4167735.6265917267,105699.89791123831,180000.0,0.0,1524005.0912410829,2323878.9568374464
 11/02  12:00:00,2387396.429329741,76607.34309770071,180000.0,0.0,867194.8162280911,1236272.9255223817
 11/02  13:00:00,2115701.0753268357,9164.90432573207,90000.0,0.0,862063.485954552,1129428.119271782
 11/02  14:00:00,2562775.277431922,0.0,0.0,0.0,1329014.5408466011,1208716.170810551
 11/02  15:00:00,5409374.659852559,0.0,0.0,0.0,1254610.2518802856,4127443.063490706
 11/02  16:00:00,3710752.7808514074,0.0,0.0,0.0,1878066.8801152739,1789427.105306985
 11/02  17:00:00,6644006.9805187415,0.0,135000.0,0.0,2714473.714702131,3710292.4536651126
 11/02  18:00:00,5636764.863553796,1009.8903795253154,180000.0,0.0,3431577.1204292057,1912615.696111998
 11/02  19:00:00,5068146.726524927,34834.78233589719,180000.0,0.0,3319970.6869797334,1385350.641267473
 11/02  20:00:00,5431535.468832007,0.0,180000.0,0.0,3638113.163939151,1406235.442574305
 11/02  21:00:00,4019112.211348667,0.0,180000.0,0.0,2309098.62309255,1290951.8240424045
 11/02  22:00:00,2617885.229024939,0.0,180000.0,0.0,1128892.6601785799,1101805.7065278077
 11/02  23:00:00,1966180.707192265,0.0,180000.0,0.0,590102.981456985,1052640.6672070527
 11/02  24:00:00,1536194.8223314304,0.0,180000.0,0.0,251435.183403411,1000027.8184153452
 11/03  01:00:00,1532704.384751596,0.0,180000.0,0.0,251435.183403411,996537.3808355108
 11/03  02:00:00,1526937.1684649647,0.0,180000.0,0.0,251435.183403411,993046.9432556768
 11/03  03:00:00,1523446.7308851304,0.0,180000.0,0.0,251435.183403411,989556.5056758425
 11/03  04:00:00,1548986.4520889046,26753.380076811016,180000.0,0.0,251435.183403411,986066.0680960082
 11/03  05:00:00,2071623.8524791994,551667.5591739034,180000.0,0.0,251435.183403411,986066.0680960082
 11/03  06:00:00,1949956.2184198054,425295.82866163773,180000.0,0.0,251435.183403411,993046.9432556768
 11/03  07:00:00,1915451.6711359387,390640.7423384943,180000.0,0.0,251435.183403411,1000027.8184153452
 11/03  08:00:00,1861074.9406930266,344157.46784973505,180000.0,0.0,251435.183403411,1003518.2559951793
 11/03  09:00:00,2554224.206958497,258604.49165393235,180000.0,0.0,939033.4400576369,1108282.91404301
 11/03  10:00:00,2040909.1870798694,168769.18011908882,180000.0,0.0,584971.651183446,1052525.6668142006
 11/03  11:00:00,2192287.2842800575,63769.04568634805,90000.0,0.0,887720.1373222469,1114369.6419627059
 11/03  12:00:00,2146533.0060042823,15743.919772242398,0.0,0.0,867194.8162280911,1236272.9255223817
 11/03  13:00:00,2016536.171001104,0.0,0.0,0.0,862063.485954552,1129428.119271782
 11/03  14:00:00,2745272.308812222,0.0,0.0,0.0,1482954.449052771,1237273.2939846807
 11/03  15:00:00,3286620.1893771505,0.0,0.0,0.0,1924248.852577125,1335049.9923184589
 11/03  16:00:00,6890592.83892003,17163.734607795708,105149.60550228725,0.0,2693948.3936079754,4031072.309772824
 11/03  17:00:00,5334538.285105959,0.0,0.0,0.0,3535486.5584683707,1712534.1357792912
 11/03  18:00:00,6246377.037206845,0.0,0.0,0.0,4489913.989346625,1647177.6699339512
 11/03  19:00:00,6695026.793823468,0.0,135000.0,0.0,4859369.769041433,1564050.3023741997
 11/03  20:00:00,6167027.150088126,0.0,180000.0,0.0,4315448.760046299,1482605.757377654
 11/03  21:00:00,4583331.975808686,0.0,180000.0,0.0,2822231.6504464503,1357976.0120961042
 11/03  22:00:00,3572898.8995259875,0.0,180000.0,0.0,2011481.467227288,1187891.242220932
 11/03  23:00:00,2151007.2034561136,0.0,180000.0,0.0,759436.8804837719,1077240.3792713028
 11/03  24:00:00,1536194.8223314304,0.0,180000.0,0.0,251435.183403411,1000027.8184153452
 11/04  01:00:00,1532704.384751596,0.0,180000.0,0.0,251435.183403411,996537.3808355108
 11/04  02:00:00,1526937.1684649647,0.0,180000.0,0.0,251435.183403411,993046.9432556768
 11/04  03:00:00,1523446.7308851304,0.0,180000.0,0.0,251435.183403411,989556.5056758425
 11/04  04:00:00,1522233.0720120934,0.0,180000.0,0.0,251435.183403411,986066.0680960082
 11/04  05:00:00,1750859.5727995466,230903.27949425086,180000.0,0.0,251435.183403411,986066.0680960082
 11/04  06:00:00,1711736.2540350552,187075.8642768877,180000.0,0.0,251435.183403411,993046.9432556768
 11/04  07:00:00,3203682.0706822765,177444.75844042012,180000.0,0.0,1549661.742608778,1203227.6426543905
 11/04  08:00:00,3508554.81845536,160220.38104640978,180000.0,0.0,1441903.806864459,1644466.59709979
 11/04  09:00:00,4035252.9543041373,118774.95265710892,180000.0,0.0,1798531.2608754197,1869643.3795676911
 11/04  10:00:00,7862773.047400324,69295.12334112925,90000.0,0.0,1585581.054523551,6063254.18057251
 11/04  11:00:00,14247175.212869814,21063.06975613103,0.0,0.0,1683076.329720792,12506607.354084132
 11/04  12:00:00,3233889.856634899,0.0,0.0,0.0,1786985.7677599564,1419582.7443933752
 11/04  13:00:00,2773311.9977846807,0.0,0.0,0.0,1013437.7290239525,1734829.7029859584
 11/04  14:00:00,7195196.744634225,77718.62652417466,507926.08130569395,0.0,2098714.081877451,4485793.389152136
 11/04  15:00:00,5896976.488433209,106098.39769428856,694018.521017639,0.0,2257785.3203571597,2811752.904882554
 11/04  16:00:00,4884989.576888203,90760.12642468374,585036.1640246643,0.0,2693948.3936079754,1471986.09740173
 11/04  17:00:00,6234555.922720671,55067.21262338369,343040.632993089,0.0,3535486.5584683707,2214443.927777531
 11/04  18:00:00,8026855.28417994,43655.94639205023,262665.2008055812,0.0,4489913.989346625,3121334.769709415
 11/04  19:00:00,6810676.525838101,9849.973283776664,58621.91392784811,0.0,4474519.998526008,2131077.917692634
 11/04  20:00:00,13971523.32282848,0.0,135000.0,0.0,1606106.375617707,12041444.3145466
 11/04  21:00:00,16786947.08924101,0.0,180000.0,0.0,2307815.790524165,14076006.985450711
 11/04  22:00:00,3330730.3138405294,0.0,180000.0,0.0,1790834.265465111,1166369.858297651
 11/04  23:00:00,1957073.5923650763,0.0,180000.0,0.0,590102.981456985,1052640.6672070527
 11/04  24:00:00,1536194.8223314304,0.0,180000.0,0.0,251435.183403411,1000027.8184153452
 11/05  01:00:00,1536194.8223314304,0.0,180000.0,0.0,251435.183403411,1000027.8184153452
 11/05  02:00:00,1532704.384751596,0.0,180000.0,0.0,251435.183403411,996537.3808355108
 11/05  03:00:00,1529213.9471717621,0.0,180000.0,0.0,251435.183403411,993046.9432556768
 11/05  04:00:00,1525723.5095919278,0.0,180000.0,0.0,251435.183403411,989556.5056758425
 11/05  05:00:00,1522233.0720120934,0.0,180000.0,0.0,251435.183403411,986066.0680960082
 11/05  06:00:00,1894055.1908798467,212634.20285628043,180000.0,0.0,413072.08701988956,1004108.0888521781
 11/05  07:00:00,2775666.2456369214,168756.8076048316,180000.0,0.0,1241781.926196438,1105440.2570977476
 11/05  08:00:00,3151963.7000942184,141663.83879994304,180000.0,0.0,1549661.742608778,1203227.6426543905
 11/05  09:00:00,3184069.1516769524,100219.7451404219,180000.0,0.0,1611237.705891246,1217478.0033209745
 11/05  10:00:00,3125703.8742675753,44159.42960780338,180000.0,0.0,1626631.6967118632,1211162.9441575855
 11/05  11:00:00,2401205.2732905215,0.0,135000.0,0.0,1085276.3528534984,1130839.7888874833
 11/05  12:00:00,2036241.4598869118,0.0,0.0,0.0,887720.1373222469,1114369.6419627059
 11/05  13:00:00,2130789.08623204,0.0,0.0,0.0,867194.8162280911,1236272.9255223817
 11/05  14:00:00,2209263.9044818236,25742.541853213013,166985.19162750634,0.0,862063.485954552,1129428.119271782
 11/05  15:00:00,2491648.769094689,63694.65690285688,412669.92890080914,0.0,867194.8162280911,1123044.8012881617
 11/05  16:00:00,2590325.831976029,68385.30313806776,439980.1148684221,0.0,918508.118963481,1136130.9505244913
 11/05  17:00:00,3054934.6262097056,40382.60483997834,255613.6043666807,0.0,1472691.788505693,1242987.8330682062
 11/05  18:00:00,4048324.6335435575,0.0,0.0,0.0,2442513.210204564,1521570.6111874948
 11/05  19:00:00,4845993.966112494,0.0,180000.0,0.0,3078798.1641233996,1475633.6453560279
 11/05  20:00:00,5630689.288795505,0.0,180000.0,0.0,2169269.873138612,3133428.79971507
 11/05  21:00:00,6247821.3013097355,0.0,180000.0,0.0,4315448.760046299,1545185.6789448857
 11/05  22:00:00,4599269.426756267,0.0,180000.0,0.0,2822231.6504464503,1357976.0120961042
 11/05  23:00:00,1893930.0180987178,0.0,180000.0,0.0,470799.5525972032,1035943.6031829636
 11/05  24:00:00,1578390.4979268177,0.0,180000.0,0.0,251435.183403411,1003518.2559951793
 11/06  01:00:00,1536194.8223314304,0.0,180000.0,0.0,251435.183403411,1000027.8184153452
 11/06  02:00:00,1532704.384751596,0.0,180000.0,0.0,251435.183403411,996537.3808355108
 11/06  03:00:00,1529213.9471717621,0.0,180000.0,0.0,251435.183403411,993046.9432556768
 11/06  04:00:00,1525723.5095919278,0.0,180000.0,0.0,251435.183403411,989556.5056758425
 11/06  05:00:00,1537535.231526868,0.0,180000.0,0.0,258619.04578636558,994184.3652278283
 11/06  06:00:00,1946503.252540867,264017.49200428,180000.0,0.0,414098.35307459725,1004146.5953104914
 11/06  07:00:00,5439661.951124547,184733.84734721368,180000.0,0.0,992912.4079297965,4002328.4411096326
 11/06  08:00:00,3650855.7805107567,170423.73078333458,180000.0,0.0,1549661.742608778,1673359.831087537
 11/06  09:00:00,3818697.719316843,123145.78218519768,180000.0,0.0,1611237.705891246,1829180.5339160901
 11/06  10:00:00,6450722.005027775,61531.2979072508,135000.0,0.0,1626631.6967118632,4563809.206618338
 11/06  11:00:00,23320034.230995897,20767.28195237952,0.0,0.0,1585581.054523551,21663596.76297043
 11/06  12:00:00,2785060.62233648,0.0,0.0,0.0,1524005.0912410829,1226903.8504934376
 11/06  13:00:00,2869697.5789373433,0.0,0.0,0.0,1482954.449052771,1359421.7854030048
 11/06  14:00:00,2746260.183992103,0.0,0.0,0.0,1467560.458232154,1253655.159985179
 11/06  15:00:00,2015284.1832910227,0.0,0.0,0.0,867194.8162280911,1123044.8012881617
 11/06  16:00:00,2903648.492044402,2111.6031364127625,14759.514575529487,0.0,1590712.38479709,1268743.6450538028
 11/06  17:00:00,5062783.429666112,19041.12996797739,131801.77740003832,0.0,1878066.8801152739,2990614.8467536746
 11/06  18:00:00,4369308.8517574575,0.0,0.0,0.0,2715756.547270516,1569311.4923354439
 11/06  19:00:00,7473764.580557613,32412.368447615052,220262.8781287042,0.0,4489913.989346625,2619613.188001602
 11/06  20:00:00,7862912.911975989,37041.86436351873,250828.98654896457,0.0,4859369.769041433,2567681.676080252
 11/06  21:00:00,6210690.4204457775,26440.548099514188,179008.49260375893,0.0,4315448.760046299,1482605.757377654
 11/06  22:00:00,5111250.449133485,14374.679207509007,97449.1277621094,0.0,3335364.6778003504,1425000.200149804
 11/06  23:00:00,3665131.7073850594,2215.4808947296765,15038.25108148514,0.0,2230845.83642108,1209845.2766692133
 11/06  24:00:00,1980114.3182833022,0.0,0.0,0.0,759436.8804837719,1077240.3792713028
 11/07  01:00:00,1478024.3099973511,0.0,0.0,0.0,345338.5274091747,1027953.9620755023
 11/07  02:00:00,1352704.384751596,0.0,0.0,0.0,251435.183403411,996537.3808355108
 11/07  03:00:00,1349213.9471717621,0.0,0.0,0.0,251435.183403411,993046.9432556768
 11/07  04:00:00,1345723.5095919278,0.0,0.0,0.0,251435.183403411,989556.5056758425
 11/07  05:00:00,1342233.0720120934,0.0,0.0,0.0,251435.183403411,986066.0680960082
 11/07  06:00:00,1366927.9878723351,0.0,0.0,0.0,292100.97582120757,990586.199899629
 11/07  07:00:00,1598552.309758225,0.0,0.0,0.0,497739.03653328295,1021126.0184870379
 11/07  08:00:00,2454112.3366189445,0.0,0.0,0.0,1223822.2702390514,1152879.5903487864
 11/07  09:00:00,5462935.618907625,0.0,0.0,0.0,1611237.705891246,3776564.2156920685
 11/07  10:00:00,2111066.1578909704,0.0,0.0,0.0,939033.4400576369,1108282.91404301
 11/07  11:00:00,1880603.607636632,0.0,0.0,0.0,751739.8850734635,1078774.5910136283
 11/07  12:00:00,1473271.3767872644,0.0,0.0,0.0,410506.42188311997,1028613.2743021853
 11/07  13:00:00,1951078.8154329744,23208.72089608194,165592.94069087645,0.0,559314.9998157511,1175640.8095486977
 11/07  14:00:00,2016682.7682821685,90474.54369050969,642719.7818384642,0.0,251435.183403411,1007008.6935750137
 11/07  15:00:00,2280431.9928919477,123752.05084476405,873191.4992939893,0.0,251435.183403411,1007008.6935750137
 11/07  16:00:00,2488653.260248738,100996.18997746376,705539.4713464259,0.0,584971.651183446,1069824.6032598354
 11/07  17:00:00,2833261.884737282,71213.30947629942,484792.33367314935,0.0,1067316.696896112,1166680.7492625737
 11/07  18:00:00,2782740.9007749557,3289.916237807672,22079.18205598775,0.0,1344408.531667218,1328722.4586624438
 11/07  19:00:00,4229383.438157784,0.0,0.0,0.0,2724736.3752492084,1393084.9062755092
 11/07  20:00:00,6394271.107771481,0.0,180000.0,0.0,4089670.2280105837,1976610.2638190766
 11/07  21:00:00,10218484.69188906,0.0,180000.0,0.0,4315448.760046299,5515849.06952421
 11/07  22:00:00,4340574.884981297,0.0,180000.0,0.0,2565665.1367695,1355847.983998084
 11/07  23:00:00,5468662.476044413,0.0,180000.0,0.0,2011481.467227288,3069994.146498574
 11/07  24:00:00,2028760.6287594964,0.0,180000.0,0.0,590102.981456985,1115220.5887742843
 11/08  01:00:00,1536194.8223314304,0.0,180000.0,0.0,251435.183403411,1000027.8184153452
 11/08  02:00:00,1532704.384751596,0.0,180000.0,0.0,251435.183403411,996537.3808355108
 11/08  03:00:00,1529213.9471717621,0.0,180000.0,0.0,251435.183403411,993046.9432556768
 11/08  04:00:00,1525723.5095919278,0.0,180000.0,0.0,251435.183403411,989556.5056758425
 11/08  05:00:00,1522233.0720120934,0.0,180000.0,0.0,251435.183403411,986066.0680960082
 11/08  06:00:00,3147773.6071814178,197761.22416326028,180000.0,0.0,332766.76823900413,2353004.8026276543
 11/08  07:00:00,3411963.52942094,157840.54985479248,180000.0,0.0,744042.889663155,2250392.835165088
 11/08  08:00:00,4687816.098625642,132787.58340852507,180000.0,0.0,1711298.6462252564,2586319.392960754
 11/08  09:00:00,4089764.0025401907,101114.77249051178,180000.0,0.0,2123087.9006767613,1610427.632048608
 11/08  10:00:00,3093848.4076579628,57303.962998190545,135000.0,0.0,1626631.6967118632,1211162.9441575855
 11/08  11:00:00,2878251.700564082,34292.904580225506,0.0,0.0,1585581.054523551,1208288.609910765
 11/08  12:00:00,2227061.4285836928,3615.1780843888346,0.0,0.0,1046791.3758019559,1142503.194095389
 11/08  13:00:00,2130789.08623204,0.0,0.0,0.0,867194.8162280911,1236272.9255223817
 11/08  14:00:00,2016536.171001104,0.0,0.0,0.0,862063.485954552,1129428.119271782
 11/08  15:00:00,2457889.961960297,52035.67705416391,390570.10161511065,0.0,867194.8162280911,1123044.8012881617
 11/08  16:00:00,1884048.7218485586,70341.35159553196,531432.5863728694,0.0,251435.183403411,1003518.2559951793
 11/08  17:00:00,4072866.354053467,88414.80996253129,652470.389349603,0.0,1471408.9559373083,1817313.4033748766
 11/08  18:00:00,7696586.893014619,101438.72431500981,726030.4045571729,0.0,2442513.210204564,4342363.741786373
 11/08  19:00:00,5228447.6421519965,73592.34049221475,520245.40147611784,0.0,3078798.1641233996,1444249.579427198
 11/08  20:00:00,5369878.159901615,64181.46037117034,452384.75534141617,0.0,3319970.6869797334,1385350.641267473
 11/08  21:00:00,6562670.484119701,69402.66291377015,488026.4414634272,0.0,4315448.760046299,1482605.757377654
 11/08  22:00:00,5465486.208361927,57969.81791554784,408089.7482825124,0.0,3335364.6778003504,1425000.200149804
 11/08  23:00:00,3661696.584727003,31809.392178837654,225027.98486816295,0.0,2008915.8020905182,1188756.5432709325
 11/08  24:00:00,1460118.6487335167,7579.491086940156,54148.659719758696,0.0,251435.183403411,1003518.2559951793
 11/09  01:00:00,1361882.1334291105,695.7178828693301,4991.593214810791,0.0,251435.183403411,1000027.8184153452
 11/09  02:00:00,1352704.384751596,0.0,0.0,0.0,251435.183403411,996537.3808355108
 11/09  03:00:00,1349213.9471717621,0.0,0.0,0.0,251435.183403411,993046.9432556768
 11/09  04:00:00,1345723.5095919278,0.0,0.0,0.0,251435.183403411,989556.5056758425
 11/09  05:00:00,1357535.231526868,0.0,0.0,0.0,258619.04578636558,994184.3652278283
 11/09  06:00:00,1502485.7605365873,0.0,0.0,0.0,414098.35307459725,1004146.5953104914
 11/09  07:00:00,3411530.702534765,0.0,0.0,0.0,1611237.7058912462,1720605.7419056152
 11/09  08:00:00,6159753.357890028,0.0,135000.0,0.0,1872935.549841735,4074407.332017187
 11/09  09:00:00,3083849.4065365302,0.0,180000.0,0.0,1611237.705891246,1217478.0033209745
 11/09  10:00:00,2946544.4446597723,0.0,45000.0,0.0,1626631.6967118632,1211162.9441575855
 11/09  11:00:00,2843958.795983856,0.0,0.0,0.0,1585581.054523551,1208288.609910765
 11/09  12:00:00,2785060.62233648,0.0,0.0,0.0,1524005.0912410829,1226903.8504934376
 11/09  13:00:00,2869697.5789373433,0.0,0.0,0.0,1482954.449052771,1359421.7854030048
 11/09  14:00:00,2213038.2707807315,1763.3096274971977,12307.786904380646,0.0,1013437.7290239525,1160484.8794501314
 11/09  15:00:00,2243735.440484464,28683.532318404286,199767.7248750373,0.0,867194.8162280911,1123044.8012881617
 11/09  16:00:00,3317030.814938772,54461.12925550317,375792.31135080976,0.0,1590712.38479709,1268743.6450538028
 11/09  17:00:00,3467769.446614448,29016.77489783815,198132.07929834904,0.0,1878066.8801152739,1319294.9168738385
 11/09  18:00:00,4093324.6335435575,0.0,45000.0,0.0,2442513.210204564,1521570.6111874948
 11/09  19:00:00,4814609.900183664,0.0,180000.0,0.0,3078798.1641233996,1444249.579427198
 11/09  20:00:00,5892361.315773241,0.0,180000.0,0.0,4089670.2280105837,1474700.4718208364
 11/09  21:00:00,6185241.379742504,0.0,180000.0,0.0,4315448.760046299,1482605.757377654
 11/09  22:00:00,4599269.426756267,0.0,180000.0,0.0,2822231.6504464503,1357976.0120961042
 11/09  23:00:00,3586559.5717667714,0.0,180000.0,0.0,2011481.467227288,1187891.242220932
 11/09  24:00:00,2160114.3182833022,0.0,180000.0,0.0,759436.8804837719,1077240.3792713028
 11/10  01:00:00,1617414.4807753777,0.0,180000.0,0.0,314037.4127405868,1018645.2475221165
 11/10  02:00:00,1532704.384751596,0.0,180000.0,0.0,251435.183403411,996537.3808355108
 11/10  03:00:00,1526937.1684649647,0.0,180000.0,0.0,251435.183403411,993046.9432556768
 11/10  04:00:00,1523446.7308851304,0.0,180000.0,0.0,251435.183403411,989556.5056758425
 11/10  05:00:00,1522233.0720120934,0.0,180000.0,0.0,251435.183403411,986066.0680960082
 11/10  06:00:00,1680683.1307837723,160726.83747847646,180000.0,0.0,251435.183403411,986066.0680960082
 11/10  07:00:00,2203428.29414742,130002.0476667865,180000.0,0.0,744042.889663155,1049205.0937183988
 11/10  08:00:00,2966606.352256759,118399.26582973698,180000.0,0.0,897982.7978693249,1676876.3615790096
 11/10  09:00:00,2803984.942367951,98685.35424478995,180000.0,0.0,933902.109784098,1509433.444894361
 11/10  10:00:00,4854265.789839468,52422.58033561014,135000.0,0.0,1110933.0042211935,3487606.8440787466
 11/10  11:00:00,15897085.175629772,13303.55008762913,0.0,0.0,918508.118963481,14910630.817615528
 11/10  12:00:00,2787337.4010432772,0.0,0.0,0.0,1524005.0912410829,1226903.8504934376
 11/10  13:00:00,2869697.5789373433,0.0,0.0,0.0,1482954.449052771,1359421.7854030048
 11/10  14:00:00,3359883.3992338814,55376.74543201357,374965.28451863123,0.0,1620217.5338699394,1284279.2696385279
 11/10  15:00:00,3415766.644298409,86557.22927421838,583937.1062119685,0.0,1482954.449052771,1237273.2939846807
 11/10  16:00:00,3584316.786958432,90691.93997618048,606847.4726497915,0.0,1590712.38479709,1268743.6450538028
 11/10  17:00:00,3650141.7952950983,53956.99597183724,355564.2069050008,0.0,1878066.8801152739,1319294.9168738385
 11/10  18:00:00,3495124.9967191564,0.0,90000.0,0.0,1893460.8709358908,1425146.5349249693
 11/10  19:00:00,3191427.2733733477,0.0,180000.0,0.0,1662551.0086266361,1239590.8868204425
 11/10  20:00:00,6036647.44156838,0.0,180000.0,0.0,2936403.749032693,2783636.9701278526
 11/10  21:00:00,5192720.975903774,0.0,180000.0,0.0,2960777.567832003,1862970.775407598
 11/10  22:00:00,4003174.760401086,0.0,180000.0,0.0,2309098.62309255,1290951.8240424045
 11/10  23:00:00,3572898.8995259875,0.0,180000.0,0.0,2011481.467227288,1187891.242220932
 11/10  24:00:00,2344940.8145471504,0.0,180000.0,0.0,928770.7795105589,1101840.0913355527
 11/11  01:00:00,1861663.6020511999,0.0,180000.0,0.0,502357.2337794681,1074574.5477590575
 11/11  02:00:00,1592579.7259316253,0.0,180000.0,0.0,292998.9586190769,1014848.9467998743
 11/11  03:00:00,1536210.6593461852,0.0,180000.0,0.0,251435.183403411,1002320.4341368973
 11/11  04:00:00,1523451.107933328,0.0,180000.0,0.0,251435.183403411,989560.88272404
 11/11  05:00:00,1522233.0720120934,0.0,180000.0,0.0,251435.183403411,986066.0680960082
 11/11  06:00:00,1949713.4601627267,429757.1668574306,180000.0,0.0,251435.183403411,986066.0680960082
 11/11  07:00:00,1857400.0719517618,332739.6821935943,180000.0,0.0,251435.183403411,993046.9432556768
 11/11  08:00:00,2563546.6954530994,289684.43256190425,180000.0,0.0,897982.7978693249,1102531.5380431823
 11/11  09:00:00,3298701.714997174,208021.97234025245,180000.0,0.0,1611237.705891246,1217478.0033209745
 11/11  10:00:00,3407790.126186232,124053.29919150837,180000.0,0.0,1798531.2608754197,1236902.2049153862
 11/11  11:00:00,3069552.77422171,41040.420824259825,180000.0,0.0,1585581.054523551,1208288.609910765
 11/11  12:00:00,2993737.1401666882,26399.73912341095,180000.0,0.0,1524005.0912410829,1226903.8504934376
 11/11  13:00:00,2233816.610127014,58027.52389497424,45000.0,0.0,867194.8162280911,1236272.9255223817
 11/11  14:00:00,2045175.9215186965,28639.75051759233,0.0,0.0,862063.485954552,1129428.119271782
 11/11  15:00:00,2181394.892437773,28964.059540863145,0.0,0.0,867194.8162280911,1260191.450894049
 11/11  16:00:00,2718592.418949549,35527.889060319954,0.0,0.0,918508.118963481,1737235.066444181
 11/11  17:00:00,10917607.579621645,68046.24024295174,180000.0,0.0,1675379.3343104837,8950923.20963906
 11/11  18:00:00,6916013.855762981,83144.8855766665,180000.0,0.0,2167987.0405702274,4398364.338757792
 11/11  19:00:00,5772850.428573722,86874.13973121441,180000.0,0.0,3431577.1204292057,1965113.7904870328
 11/11  20:00:00,5133187.889606731,111259.83895168833,180000.0,0.0,3319970.6869797334,1385350.641267473
 11/11  21:00:00,4659615.328267131,0.0,180000.0,0.0,2960777.567832003,1329865.1277709557
 11/11  22:00:00,2835844.371379093,0.0,180000.0,0.0,1277701.238111211,1155018.8200017498
 11/11  23:00:00,2846393.1424696133,0.0,180000.0,0.0,1349539.861940757,1123327.0904510887
 11/11  24:00:00,1957073.5923650763,0.0,180000.0,0.0,590102.981456985,1052640.6672070527
 11/12  01:00:00,1536194.8223314304,0.0,180000.0,0.0,251435.183403411,1000027.8184153452
 11/12  02:00:00,1532704.384751596,0.0,180000.0,0.0,251435.183403411,996537.3808355108
 11/12  03:00:00,1533299.913218794,4085.966047031931,180000.0,0.0,251435.183403411,993046.9432556768
 11/12  04:00:00,1555843.0963400411,30119.586748113572,180000.0,0.0,251435.183403411,989556.5056758425
 11/12  05:00:00,1575684.8288034895,53451.75679139622,180000.0,0.0,251435.183403411,986066.0680960082
 11/12  06:00:00,2069337.02524422,567594.9615933022,180000.0,0.0,251435.183403411,986066.0680960082
 11/12  07:00:00,1928874.0649806526,424704.68358366075,180000.0,0.0,251435.183403411,993046.9432556768
 11/12  08:00:00,2431562.4853845984,360900.506964422,180000.0,0.0,736345.8942528465,1076905.6081362232
 11/12  09:00:00,2579967.811077743,279568.5732612569,180000.0,0.0,933902.109784098,1111363.4307080777
 11/12  10:00:00,2471247.1382174823,180180.9803265119,180000.0,0.0,939033.4400576369,1108282.91404301
 11/12  11:00:00,2716960.5152124534,78170.73435748692,180000.0,0.0,1252044.586743516,1156656.0625619104
 11/12  12:00:00,2795847.2174592502,10786.59512276999,0.0,0.0,1524005.0912410829,1226903.8504934376
 11/12  13:00:00,2500243.3325846917,0.0,0.0,0.0,1175074.6326404312,1297847.3554626931
 11/12  14:00:00,2563829.180744353,0.0,0.0,0.0,1316186.2151627536,1222598.3998068299
 11/12  15:00:00,2197781.2146713226,0.0,0.0,0.0,1021134.7244342612,1151601.9244622914
 11/12  16:00:00,2081960.4139695393,0.0,0.0,0.0,918508.118963481,1136130.9505244913
 11/12  17:00:00,2518097.32929544,0.0,0.0,0.0,1270004.2427009025,1204834.2911653898
 11/12  18:00:00,7332729.406498242,0.0,180000.0,0.0,3262243.221402419,3806245.3729443243
 11/12  19:00:00,7682339.651735367,0.0,180000.0,0.0,4489913.989346625,2900863.5057556746
 11/12  20:00:00,6751410.687357454,0.0,180000.0,0.0,4859369.769041433,1564050.3023741997
 11/12  21:00:00,6185241.379742504,0.0,180000.0,0.0,4315448.760046299,1482605.757377654
 11/12  22:00:00,5179426.642163867,0.0,180000.0,0.0,3335364.6778003504,1425000.200149804
 11/12  23:00:00,3192230.052560766,0.0,180000.0,0.0,1128892.6601785799,1676150.5300636352
 11/12  24:00:00,4906500.19211385,0.0,180000.0,0.0,420769.082430198,4162294.051155425
 11/13  01:00:00,4670409.411885739,0.0,180000.0,0.0,251435.183403411,4134242.4079696545
 11/13  02:00:00,2420470.667242854,0.0,180000.0,0.0,251435.183403411,1884303.663326769
 11/13  03:00:00,1529213.9471717621,0.0,180000.0,0.0,251435.183403411,993046.9432556768
 11/13  04:00:00,1525723.5095919278,0.0,180000.0,0.0,251435.183403411,989556.5056758425
 11/13  05:00:00,1525097.0687147519,2863.9967026584163,180000.0,0.0,251435.183403411,986066.0680960082
 11/13  06:00:00,4741390.5758065395,499818.60289885843,180000.0,0.0,414098.35307459725,3563232.8076815847
 11/13  07:00:00,2446197.714920668,390658.305206127,180000.0,0.0,746608.5547999245,1049243.6001767123
 11/13  08:00:00,1852171.2977098662,343297.819860003,180000.0,0.0,251435.183403411,1000027.8184153452
 11/13  09:00:00,2945326.3334112205,253202.0112347128,180000.0,0.0,1272569.907837672,1164420.717014526
 11/13  10:00:00,2462664.113335045,171597.9554440745,180000.0,0.0,939033.4400576369,1108282.91404301
 11/13  11:00:00,1510237.5921331695,73685.45876487334,135000.0,0.0,251435.183403411,1000027.8184153452
 11/13  12:00:00,1293945.6727362885,8330.990315573137,0.0,0.0,251435.183403411,1000027.8184153452
 11/13  13:00:00,1393765.2214599918,0.0,0.0,0.0,251435.183403411,1115008.6935750137
 11/13  14:00:00,1283488.4427531946,0.0,0.0,0.0,251435.183403411,1007008.6935750137
 11/13  15:00:00,2014832.2795368657,0.0,0.0,0.0,867194.8162280911,1122592.8975340044
 11/13  16:00:00,2283164.6540602692,0.0,0.0,0.0,1086559.1854218834,1169284.1241568192
 11/13  17:00:00,2277256.2415878335,0.0,0.0,0.0,1067316.696896112,1166680.7492625737
 11/13  18:00:00,2892371.8024811605,0.0,135000.0,0.0,1344408.531667218,1328722.4586624438
 11/13  19:00:00,3193704.0520801446,0.0,180000.0,0.0,1662551.0086266361,1239590.8868204425
 11/13  20:00:00,3333802.633119009,13458.10182486871,180000.0,0.0,1785702.9351915717,1206650.980160746
 11/13  21:00:00,4709213.62385034,0.0,180000.0,0.0,2960777.567832003,1361249.1936997853
 11/13  22:00:00,5901215.115626308,0.0,180000.0,0.0,2309098.62309255,3173054.7283200463
 11/13  23:00:00,3406970.9076485448,0.0,180000.0,0.0,1790834.265465111,1228949.7798648824
 11/13  24:00:00,1772285.6025595414,0.0,180000.0,0.0,420769.082430198,1028079.461601116
 11/14  01:00:00,1536194.8223314304,0.0,180000.0,0.0,251435.183403411,1000027.8184153452
 11/14  02:00:00,1532704.384751596,0.0,180000.0,0.0,251435.183403411,996537.3808355108
 11/14  03:00:00,1529213.9471717621,0.0,180000.0,0.0,251435.183403411,993046.9432556768
 11/14  04:00:00,1525723.5095919278,0.0,180000.0,0.0,251435.183403411,989556.5056758425
 11/14  05:00:00,1530046.1101608183,7813.038148724849,180000.0,0.0,251435.183403411,986066.0680960082
 11/14  06:00:00,2038504.7513995979,536762.6877486802,180000.0,0.0,251435.183403411,986066.0680960082
 11/14  07:00:00,4993298.401352587,381276.95086203574,180000.0,0.0,744042.889663155,3608291.3060894925
 11/14  08:00:00,2595760.147597002,337835.3356533875,180000.0,0.0,897982.7978693249,1102531.5380431823
 11/14  09:00:00,1774612.9169968704,264525.7802739705,180000.0,0.0,251435.183403411,1003518.2559951793
 11/14  10:00:00,2234777.234432267,161729.16770752586,180000.0,0.0,251435.183403411,1577863.0795310065
 11/14  11:00:00,3282260.205230859,42378.04466660666,135000.0,0.0,1585581.054523551,1469211.974491161
 11/14  12:00:00,2038109.384393258,1867.9245063461562,0.0,0.0,887720.1373222469,1114369.6419627059
 11/14  13:00:00,2130789.08623204,0.0,0.0,0.0,867194.8162280911,1236272.9255223817
 11/14  14:00:00,2590880.994536931,0.0,0.0,0.0,862063.485954552,1703772.9428076092
 11/14  15:00:00,3322710.038151919,3825.3454072371414,24128.371729351427,0.0,1021134.7244342611,2248577.0308062998
 11/14  16:00:00,2569025.073521491,11657.426274492327,72998.75309599924,0.0,1254610.2518802856,1202437.2977891471
 11/14  17:00:00,2277256.2415878335,0.0,0.0,0.0,1067316.696896112,1166680.7492625737
 11/14  18:00:00,4067193.041548186,0.0,90000.0,0.0,1893460.870935891,1999491.3584607965
 11/14  19:00:00,7525628.922257652,0.0,180000.0,0.0,4489913.989346625,2744152.7762779593
 11/14  20:00:00,6751410.687357454,0.0,180000.0,0.0,4859369.769041433,1564050.3023741997
 11/14  21:00:00,5808388.424287256,0.0,180000.0,0.0,3976780.9619927243,1444420.5999759794
 11/14  22:00:00,4309190.819052467,0.0,180000.0,0.0,2565665.1367695,1324463.9180692544
 11/14  23:00:00,2617885.229024939,0.0,180000.0,0.0,1128892.6601785799,1101805.7065278077
 11/14  24:00:00,1675338.0502431798,0.0,180000.0,0.0,336102.13291680446,1015798.8587981476
 11/15  01:00:00,1536194.8223314304,0.0,180000.0,0.0,251435.183403411,1000027.8184153452
 11/15  02:00:00,1532704.384751596,0.0,180000.0,0.0,251435.183403411,996537.3808355108
 11/15  03:00:00,1529213.9471717621,0.0,180000.0,0.0,251435.183403411,993046.9432556768
 11/15  04:00:00,1525723.5095919278,0.0,180000.0,0.0,251435.183403411,989556.5056758425
 11/15  05:00:00,1553427.5369856232,0.0,180000.0,0.0,266316.0411966741,1002379.6752762748
 11/15  06:00:00,2306134.7421513805,445034.8297551658,180000.0,0.0,574708.990636368,1022150.1096083479
 11/15  07:00:00,4601605.172932996,323375.8050210712,180000.0,0.0,1241781.926196438,2776760.186977583
 11/15  08:00:00,3117698.2492861487,295492.1503295389,180000.0,0.0,1386742.0064239148,1178053.6165015884
 11/15  09:00:00,3304945.152987052,221095.7464505222,180000.0,0.0,1611237.705891246,1217478.0033209745
 11/15  10:00:00,2436137.868824295,145071.71093332462,180000.0,0.0,939033.4400576369,1108282.91404301
 11/15  11:00:00,2251598.934959003,42978.16923292612,135000.0,0.0,918508.118963481,1105023.515213056
 11/15  12:00:00,1285614.6824207152,0.0,0.0,0.0,251435.183403411,1000027.8184153452
 11/15  13:00:00,1393765.2214599918,0.0,0.0,0.0,251435.183403411,1115008.6935750137
 11/15  14:00:00,1650012.3068771493,0.0,0.0,0.0,556749.3346789815,1068218.4064233978
 11/15  15:00:00,1283488.4427531946,0.0,0.0,0.0,251435.183403411,1007008.6935750137
 11/15  16:00:00,1888723.2916137837,730.8884756268507,4670.564122578349,0.0,753022.7176418483,1102977.776892163
 11/15  17:00:00,3706516.1212018947,1698.090558907305,10680.201292687596,0.0,1878066.8801152739,1772812.153805878
 11/15  18:00:00,14499290.46876194,0.0,90000.0,0.0,2442513.210204564,11882536.446405876
 11/15  19:00:00,11794458.455919739,0.0,180000.0,0.0,3078798.1641233996,8424098.135163274
 11/15  20:00:00,5409400.0451171035,0.0,180000.0,0.0,2552836.8110856526,2528572.6180896284
 11/15  21:00:00,7313638.37310965,0.0,180000.0,0.0,3638113.163939151,3288338.346851947
 11/15  22:00:00,5242006.563731099,0.0,180000.0,0.0,3335364.6778003504,1487580.1217170358
 11/15  23:00:00,3586559.5717667714,0.0,180000.0,0.0,2011481.467227288,1187891.242220932
 11/15  24:00:00,2354047.9293743395,0.0,180000.0,0.0,928770.7795105589,1101840.0913355527
 11/16  01:00:00,2391851.401230378,0.0,180000.0,0.0,439498.43792861537,1667621.1427890882
 11/16  02:00:00,2024900.1335128127,0.0,180000.0,0.0,292998.9586190769,1447169.3543810616
 11/16  03:00:00,17391926.490311816,0.0,180000.0,0.0,251435.183403411,16855759.48639573
 11/16  04:00:00,1525727.8866401252,0.0,180000.0,0.0,251435.183403411,989560.88272404
 11/16  05:00:00,1522233.0720120934,0.0,180000.0,0.0,251435.183403411,986066.0680960082
 11/16  06:00:00,1843010.9324947295,296082.9446223945,180000.0,0.0,292100.97582120757,990586.199899629
 11/16  07:00:00,2282683.535237556,229748.2971180983,180000.0,0.0,744042.889663155,1049205.0937183988
 11/16  08:00:00,1914009.2627392863,217872.95136598538,180000.0,0.0,413072.08701988944,1025653.7483223045
 11/16  09:00:00,4966968.9946291195,133392.55413962962,180000.0,0.0,1272569.907837672,3305872.835327508
 11/16  10:00:00,4388385.3009012565,53155.02041976065,180000.0,0.0,1626631.6967118632,2464848.7799793095
 11/16  11:00:00,2983611.195539102,2505.7499493587393,0.0,0.0,1585581.054523551,1345435.2595166522
 11/16  12:00:00,18641380.851847976,0.0,0.0,0.0,1524005.0912410829,17083224.080004934
 11/16  13:00:00,4541017.508817179,0.0,0.0,0.0,1482954.449052771,3030741.7152828407
 11/16  14:00:00,2473841.476081229,35267.227890636386,239607.07394173904,0.0,1013437.7290239525,1160484.8794501314
 11/16  15:00:00,2072328.7427851418,54194.39960247999,368748.03016055305,0.0,559314.9998157511,1065026.7474315877
 11/16  16:00:00,2338961.370365149,59714.80448671116,397207.5594312439,0.0,751739.8850734635,1102977.7768921633
 11/16  17:00:00,2500648.4863147493,30452.796950838252,194241.5335736189,0.0,1066033.8643277274,1166661.496033417
 11/16  18:00:00,2757371.8024811605,0.0,0.0,0.0,1344408.531667218,1328722.4586624438
 11/16  19:00:00,5062936.143180623,0.0,0.0,0.0,2723453.542680824,2227920.443866732
 11/16  20:00:00,6661410.687357454,0.0,90000.0,0.0,4859369.769041433,1564050.3023741997
 11/16  21:00:00,6185241.379742504,0.0,180000.0,0.0,4315448.760046299,1482605.757377654
 11/16  22:00:00,5179426.642163867,0.0,180000.0,0.0,3335364.6778003504,1425000.200149804
 11/16  23:00:00,2860903.996753781,0.0,180000.0,0.0,1350822.6945091416,1122894.4399260883
 11/16  24:00:00,1533390.4979268177,0.0,135000.0,0.0,251435.183403411,1003518.2559951793
 11/17  01:00:00,1478024.3099973511,0.0,0.0,0.0,345338.5274091747,1027953.9620755023
 11/17  02:00:00,1352704.384751596,0.0,0.0,0.0,251435.183403411,996537.3808355108
 11/17  03:00:00,1346937.1684649647,0.0,0.0,0.0,251435.183403411,993046.9432556768
 11/17  04:00:00,1343446.7308851304,0.0,0.0,0.0,251435.183403411,989556.5056758425
 11/17  05:00:00,1342233.0720120934,0.0,0.0,0.0,251435.183403411,986066.0680960082
 11/17  06:00:00,1395797.4954317787,55841.202126482756,0.0,0.0,251435.183403411,986066.0680960082
 11/17  07:00:00,1528127.9480597079,46276.09412092387,0.0,0.0,374587.109968347,1007086.4808713573
 11/17  08:00:00,1393971.299677666,49160.37088022166,0.0,0.0,251435.183403411,1000027.8184153452
 11/17  09:00:00,2602633.703257356,35291.99175104804,0.0,0.0,592668.6465937545,1892709.031467852
 11/17  10:00:00,2146101.0247949935,30481.30949042865,0.0,0.0,939033.4400576369,1108282.91404301
 11/17  11:00:00,2104077.673636021,25903.350496349856,0.0,0.0,918508.118963481,1105023.515213056
 11/17  12:00:00,3353901.381315559,4949.608435106331,0.0,0.0,2001218.80668021,1311304.5068914867
 11/17  13:00:00,3609307.326375549,7717.212939696718,0.0,0.0,2093582.7516039116,1480686.017350373
 11/17  14:00:00,3479384.925156639,0.0,0.0,0.0,2078188.7607832951,1376151.5985985743
 11/17  15:00:00,3475337.4472500477,0.0,0.0,0.0,2098714.081877451,1351578.7995978266
 11/17  16:00:00,5357782.934301678,0.0,0.0,0.0,2257785.3203571597,3072676.2694629505
 11/17  17:00:00,4209193.286438854,0.0,0.0,0.0,2693948.3936079754,1471986.09740173
 11/17  18:00:00,5347834.864336933,13296.579230974752,0.0,0.0,3535486.5584683707,1712534.1357792912
 11/17  19:00:00,6388227.823867319,6850.786660474021,135000.0,0.0,4489913.989346625,1647177.6699339512
 11/17  20:00:00,6763046.129840784,23019.336017316404,180000.0,0.0,4859369.769041433,1564050.3023741997
 11/17  21:00:00,5413321.239177628,0.0,180000.0,0.0,3638113.1639391505,1406235.4425743048
 11/17  22:00:00,3419509.565890089,0.0,180000.0,0.0,1793399.9306018804,1222985.3220220772
 11/17  23:00:00,2604224.5567841553,0.0,180000.0,0.0,1128892.6601785799,1101805.7065278077
 11/17  24:00:00,1957073.5923650763,0.0,180000.0,0.0,590102.981456985,1052640.6672070527
 11/18  01:00:00,1698634.1392193248,0.0,180000.0,0.0,376639.64207776263,1037262.6766288879
 11/18  02:00:00,1592579.7259316253,0.0,180000.0,0.0,292998.9586190769,1014848.9467998743
 11/18  03:00:00,1531573.913905575,0.0,180000.0,0.0,251435.183403411,997683.6886962871
 11/18  04:00:00,1523451.107933328,0.0,180000.0,0.0,251435.183403411,989560.88272404
 11/18  05:00:00,1542323.330179927,4788.098653059111,180000.0,0.0,258619.04578636558,994184.3652278283
 11/18  06:00:00,2367491.2898107655,529644.6500139127,180000.0,0.0,414098.35307459725,1141293.2449163785
 11/18  07:00:00,10473737.096605977,433850.17181607103,180000.0,0.0,868477.6487964757,8891231.012894351
 11/18  08:00:00,2623048.9764855746,349186.71359437937,180000.0,0.0,897982.7978693249,1102531.5380431823
 11/18  09:00:00,2578013.7462571654,270784.17232028797,180000.0,0.0,933902.109784098,1111363.4307080777
 11/18  10:00:00,2471111.1388142155,175491.42350965046,180000.0,0.0,939033.4400576369,1108282.91404301
 11/18  11:00:00,2337746.4829359273,79572.1597962556,180000.0,0.0,918508.118963481,1105023.515213056
 11/18  12:00:00,2237008.7765954994,18490.538001790315,180000.0,0.0,887720.1373222469,1114369.6419627059
 11/18  13:00:00,2312417.446884411,1628.360652371013,180000.0,0.0,867194.8162280911,1236272.9255223817
 11/18  14:00:00,2151536.1710011037,0.0,135000.0,0.0,862063.485954552,1129428.119271782
 11/18  15:00:00,2380278.246051622,0.0,0.0,0.0,1175074.6326404312,1180159.0476364212
 11/18  16:00:00,4938018.71173464,0.0,180000.0,0.0,1757480.6186871075,2973216.7485659663
 11/18  17:00:00,4389193.286438854,0.0,180000.0,0.0,2693948.3936079754,1471986.09740173
 11/18  18:00:00,6957499.529243019,0.0,180000.0,0.0,3535486.5584683707,3155495.379916352
 11/18  19:00:00,6966788.129245178,7305.444401690238,180000.0,0.0,4489913.989346625,2180283.3175705937
 11/18  20:00:00,6786745.602044999,46718.80822153072,180000.0,0.0,4859369.769041433,1564050.3023741997
 11/18  21:00:00,4659615.328267131,0.0,180000.0,0.0,2960777.567832003,1329865.1277709557
 11/18  22:00:00,2867228.4373079226,0.0,180000.0,0.0,1277701.238111211,1186402.8859305796
 11/18  23:00:00,4486327.461061797,0.0,180000.0,0.0,1128892.6601785799,2983908.61080545
 11/18  24:00:00,2019653.5139323077,0.0,180000.0,0.0,590102.981456985,1115220.5887742843
 11/19  01:00:00,1698634.1392193248,0.0,180000.0,0.0,376639.64207776263,1037262.6766288879
 11/19  02:00:00,1592579.7259316253,0.0,180000.0,0.0,292998.9586190769,1014848.9467998743
 11/19  03:00:00,1535459.895606698,6245.948434935814,180000.0,0.0,251435.183403411,993046.9432556768
 11/19  04:00:00,1565294.313741542,39570.80414961395,180000.0,0.0,251435.183403411,989556.5056758425
 11/19  05:00:00,1589927.094335058,67694.02232296468,180000.0,0.0,251435.183403411,986066.0680960082
 11/19  06:00:00,2093270.5010559377,591528.43740502,180000.0,0.0,251435.183403411,986066.0680960082
 11/19  07:00:00,3059784.0172695895,452874.5792374999,180000.0,0.0,1241781.926196438,1105440.2570977476
 11/19  08:00:00,3215675.922303569,393469.8233469591,180000.0,0.0,1386742.0064239146,1178053.6165015884
 11/19  09:00:00,2610092.863752904,309693.62593641813,180000.0,0.0,933902.109784098,1111363.4307080777
 11/19  10:00:00,2502239.6771234437,211173.51923247337,180000.0,0.0,939033.4400576369,1108282.91404301
 11/19  11:00:00,2358026.3161392882,104405.55041321127,180000.0,0.0,918508.118963481,1105023.515213056
 11/19  12:00:00,2145755.726897122,19514.26701021015,90000.0,0.0,887720.1373222469,1114369.6419627059
 11/19  13:00:00,1762893.978234129,616.8243881130004,0.0,0.0,559314.9998157511,1175640.8095486977
 11/19  14:00:00,2016536.171001104,0.0,0.0,0.0,862063.485954552,1129428.119271782
 11/19  15:00:00,2015284.1832910227,0.0,0.0,0.0,867194.8162280911,1123044.8012881617
 11/19  16:00:00,2081960.4139695393,0.0,0.0,0.0,918508.118963481,1136130.9505244913
 11/19  17:00:00,2322256.2415878335,0.0,45000.0,0.0,1067316.696896112,1166680.7492625737
 11/19  18:00:00,2938974.03683064,1602.2343494793586,180000.0,0.0,1344408.531667218,1328722.4586624438
 11/19  19:00:00,4014326.8671309934,10169.890999089077,180000.0,0.0,2370674.5863750177,1341920.2331238203
 11/19  20:00:00,4228065.069887387,51236.83214580199,180000.0,0.0,2552836.8110856526,1296000.8107141096
 11/19  21:00:00,3547328.451243234,0.0,180000.0,0.0,1944774.173671281,1215367.4152534015
 11/19  22:00:00,4019112.211348667,0.0,180000.0,0.0,2309098.62309255,1290951.8240424045
 11/19  23:00:00,3586559.5717667714,0.0,180000.0,0.0,2011481.467227288,1187891.242220932
 11/19  24:00:00,2160114.3182833022,0.0,180000.0,0.0,759436.8804837719,1077240.3792713028
 11/20  01:00:00,1536194.8223314304,0.0,180000.0,0.0,251435.183403411,1000027.8184153452
 11/20  02:00:00,1532704.384751596,0.0,180000.0,0.0,251435.183403411,996537.3808355108
 11/20  03:00:00,1529213.9471717621,0.0,180000.0,0.0,251435.183403411,993046.9432556768
 11/20  04:00:00,1525723.5095919278,0.0,180000.0,0.0,251435.183403411,989556.5056758425
 11/20  05:00:00,1543544.6652748208,21311.59326272751,180000.0,0.0,251435.183403411,986066.0680960082
 11/20  06:00:00,2203140.9920747057,534457.0898307058,180000.0,0.0,373432.5606568007,1031010.5294357003
 11/20  07:00:00,4602113.075394981,390087.8330415645,180000.0,0.0,992912.4079297965,2959425.579685715
 11/20  08:00:00,3242628.001654842,347778.4446081688,180000.0,0.0,897982.7978693249,1739456.2831462412
 11/20  09:00:00,3291574.7717734417,307143.0190877081,180000.0,0.0,1272569.907837672,1456728.147523752
 11/20  10:00:00,4451808.8645302765,278639.80236166506,180000.0,0.0,939033.4400576369,2990385.8183206525
 11/20  11:00:00,3068644.892014711,250393.2550053417,180000.0,0.0,918508.118963481,1669654.3864963483
 11/20  12:00:00,2993531.1566598713,202944.87323713262,180000.0,0.0,887720.1373222469,1688714.465498533
 11/20  13:00:00,5606104.3227213845,161100.64693503644,180000.0,0.0,867194.8162280911,4370487.515076691
 11/20  14:00:00,2885987.4651041175,115106.47056718645,180000.0,0.0,862063.485954552,1703772.9428076094
 11/20  15:00:00,2292012.3033607095,96728.12006968708,180000.0,0.0,867194.8162280911,1123044.8012881617
 11/20  16:00:00,2365555.9475982524,103595.53362871334,180000.0,0.0,918508.118963481,1136130.9505244913
 11/20  17:00:00,1854782.215212042,123955.49413965264,180000.0,0.0,455405.5617765862,1052162.363866655
 11/20  18:00:00,1829432.528970224,177805.2143612953,180000.0,0.0,251435.183403411,1135951.3190540192
 11/20  19:00:00,2551695.36404781,165878.5708826554,180000.0,0.0,956993.0960150235,1137261.5405170652
 11/20  20:00:00,2216020.910747364,180401.93912439016,180000.0,0.0,635002.1213504511,1072626.234330701
 11/20  21:00:00,3924162.153469326,0.0,180000.0,0.0,2283441.971724855,1253533.3194259196
 11/20  22:00:00,4019112.211348667,0.0,180000.0,0.0,2309098.62309255,1290951.8240424045
 11/20  23:00:00,4069196.3790509184,0.0,180000.0,0.0,2450210.2056148723,1231799.3111174947
 11/20  24:00:00,2354047.9293743395,0.0,180000.0,0.0,928770.7795105589,1101840.0913355527
 11/21  01:00:00,1698634.1392193248,0.0,180000.0,0.0,376639.64207776263,1037262.6766288879
 11/21  02:00:00,1592579.7259316253,0.0,180000.0,0.0,292998.9586190769,1014848.9467998743
 11/21  03:00:00,1538487.4380529826,0.0,180000.0,0.0,251435.183403411,1002320.4341368973
 11/21  04:00:00,1525725.6981160264,0.0,180000.0,0.0,251435.183403411,989558.6941999412
 11/21  05:00:00,1522233.0720120934,0.0,180000.0,0.0,251435.183403411,986066.0680960082
 11/21  06:00:00,1917569.0914060143,415827.0277550965,180000.0,0.0,251435.183403411,986066.0680960082
 11/21  07:00:00,1812323.3305480112,308153.94915101957,180000.0,0.0,251435.183403411,993046.9432556768
 11/21  08:00:00,3265270.6960447263,254970.83475045115,180000.0,0.0,1549661.742608778,1203227.6426543905
 11/21  09:00:00,3319372.2547091944,235522.84817266456,180000.0,0.0,1611237.705891246,1217478.0033209745
 11/21  10:00:00,3290142.8057705443,208598.36111077212,180000.0,0.0,1626631.6967118632,1211162.9441575855
 11/21  11:00:00,2836308.311051864,197518.53019689786,180000.0,0.0,1252044.586743516,1156656.0625619104
 11/21  12:00:00,3143141.03682961,178080.41449313008,180000.0,0.0,1524005.0912410829,1226903.8504934376
 11/21  13:00:00,3232584.530558318,182886.95162097452,180000.0,0.0,1482954.449052771,1359421.7854030048
 11/21  14:00:00,2392935.8328599827,149799.58742535682,45000.0,0.0,1012154.8964555677,1160936.7832042885
 11/21  15:00:00,1971053.6510433257,138718.40288675987,0.0,0.0,713254.9080219212,1094035.7743598747
 11/21  16:00:00,2204879.9468298885,122919.5328603492,0.0,0.0,918508.118963481,1136130.9505244913
 11/21  17:00:00,2624614.5486410265,106517.21934558617,0.0,0.0,1270004.2427009025,1204834.2911653898
 11/21  18:00:00,4836168.594361068,123499.13728168288,90000.0,0.0,2442513.210204564,2095915.434723322
 11/21  19:00:00,7586676.786118774,61047.863861122794,180000.0,0.0,4489913.989346625,2744152.7762779593
 11/21  20:00:00,6818911.912878163,67501.225520709,180000.0,0.0,4859369.769041433,1564050.3023741997
 11/21  21:00:00,8326693.498055486,0.0,180000.0,0.0,4315448.760046299,3624057.875690636
 11/21  22:00:00,9466523.868151437,0.0,180000.0,0.0,3078798.1641234,5968663.939814324
 11/21  23:00:00,7253879.808957723,0.0,180000.0,0.0,2011481.467227288,4855211.479411883
 11/21  24:00:00,3652814.356292127,0.0,180000.0,0.0,420769.082430198,2908608.2153337016
 11/22  01:00:00,1617414.4807753777,0.0,180000.0,0.0,314037.4127405868,1018645.2475221164
 11/22  02:00:00,1592579.7259316253,0.0,180000.0,0.0,292998.9586190769,1014848.9467998743
 11/22  03:00:00,1538487.4380529826,0.0,180000.0,0.0,251435.183403411,1002320.4341368973
 11/22  04:00:00,1525727.8866401252,0.0,180000.0,0.0,251435.183403411,989560.88272404
 11/22  05:00:00,1537535.231526868,0.0,180000.0,0.0,258619.04578636558,994184.3652278283
 11/22  06:00:00,2146688.8517074883,464203.0911709011,180000.0,0.0,414098.35307459725,1004146.5953104914
 11/22  07:00:00,3742267.4822034063,331433.77315954375,180000.0,0.0,744042.889663155,2407103.5646428037
 11/22  08:00:00,3747609.225008038,288496.67161773494,180000.0,0.0,897982.7978693249,2303719.2794898716
 11/22  09:00:00,2580564.9621332777,280165.7243167919,180000.0,0.0,933902.109784098,1111363.4307080777
 11/22  10:00:00,1769540.5583132643,270837.3151243504,180000.0,0.0,251435.183403411,1003518.2559951793
 11/22  11:00:00,1731131.5413261172,249579.40795782124,180000.0,0.0,251435.183403411,1000027.8184153452
 11/22  12:00:00,1698633.035750824,233018.35333010874,180000.0,0.0,251435.183403411,1000027.8184153452
 11/22  13:00:00,3375810.7977545406,229753.5234062768,180000.0,0.0,867194.8162280911,2071541.1136386052
 11/22  14:00:00,2393964.617775374,197428.4467742701,180000.0,0.0,862063.485954552,1129428.119271782
 11/22  15:00:00,2385971.259901976,190687.07661095326,180000.0,0.0,867194.8162280911,1123044.8012881617
 11/22  16:00:00,2445102.212975367,183141.79900582798,180000.0,0.0,918508.118963481,1136130.9505244913
 11/22  17:00:00,3982432.3391788527,167277.6266666145,180000.0,0.0,1067316.696896112,2524579.220186978
 11/22  18:00:00,6469043.092908445,203478.97615458534,180000.0,0.0,2442513.210204564,3558810.0943977963
 11/22  19:00:00,5013537.25631083,198927.35612716564,180000.0,0.0,3078798.1641233996,1444249.579427198
 11/22  20:00:00,6092142.811706762,199781.49593352005,180000.0,0.0,4089670.2280105837,1474700.4718208364
 11/22  21:00:00,6185241.379742504,0.0,180000.0,0.0,4315448.760046299,1482605.757377654
 11/22  22:00:00,5179426.642163867,0.0,180000.0,0.0,3335364.6778003504,1425000.200149804
 11/22  23:00:00,3586559.5717667714,0.0,180000.0,0.0,2011481.467227288,1187891.242220932
 11/22  24:00:00,2063147.5127377836,0.0,180000.0,0.0,674769.9309703785,1064940.523239178
 11/23  01:00:00,1555460.5910015742,19265.768670143883,180000.0,0.0,251435.183403411,1000027.8184153452
 11/23  02:00:00,1590078.0211410918,57373.6363894957,180000.0,0.0,251435.183403411,996537.3808355108
 11/23  03:00:00,1618038.5527982917,88824.60562652948,180000.0,0.0,251435.183403411,993046.9432556768
 11/23  04:00:00,1644522.4794862592,118794.59284613407,180000.0,0.0,251435.183403411,989560.88272404
 11/23  05:00:00,1658893.4953271167,136660.4233150233,180000.0,0.0,251435.183403411,986066.0680960082
 11/23  06:00:00,2152803.907895333,651061.8442444156,180000.0,0.0,251435.183403411,986066.0680960082
 11/23  07:00:00,2028366.1041285684,524196.7227315763,180000.0,0.0,251435.183403411,993046.9432556768
 11/23  08:00:00,3997197.137507697,442478.06273112306,180000.0,0.0,574708.990636368,2722599.6081090993
 11/23  09:00:00,3047504.478329746,355380.15615323826,180000.0,0.0,1272569.907837672,1164420.717014526
 11/23  10:00:00,2560122.1904706424,269056.0325796722,180000.0,0.0,939033.4400576369,1108282.91404301
 11/23  11:00:00,2428080.5750264744,174459.80930039776,180000.0,0.0,918508.118963481,1105023.515213056
 11/23  12:00:00,1578393.079522393,112778.39710167765,180000.0,0.0,251435.183403411,1000027.8184153452
 11/23  13:00:00,1659257.080704297,85491.85924430542,180000.0,0.0,251435.183403411,1115008.6935750137
 11/23  14:00:00,1619955.3535382403,18204.978723068496,135000.0,0.0,404092.25904119626,1037613.5499992059
 11/23  15:00:00,2380278.246051622,0.0,0.0,0.0,1175074.6326404312,1180159.0476364212
 11/23  16:00:00,2791305.237505366,0.0,135000.0,0.0,918508.118963481,1710475.7740603185
 11/23  17:00:00,4531920.721963493,14325.023201223961,180000.0,0.0,1878066.8801152739,2416270.023217847
 11/23  18:00:00,4007619.4840771994,102033.0582992413,180000.0,0.0,2167987.0405702274,1473358.573056232
 11/23  19:00:00,4613153.89992463,108802.61488787102,180000.0,0.0,2369391.7538066334,1843397.37459706
 11/23  20:00:00,8326599.064381373,101031.27724845454,180000.0,0.0,4859369.769041433,3038207.402149663
 11/23  21:00:00,4677829.55792151,0.0,180000.0,0.0,2960777.567832003,1329865.1277709557
 11/23  22:00:00,4019112.211348667,0.0,180000.0,0.0,2309098.62309255,1290951.8240424045
 11/23  23:00:00,2617885.229024939,0.0,180000.0,0.0,1128892.6601785799,1101805.7065278077
 11/23  24:00:00,1966180.707192265,0.0,180000.0,0.0,590102.981456985,1052640.6672070527
 11/24  01:00:00,1698634.1392193248,0.0,180000.0,0.0,376639.64207776263,1037262.6766288879
 11/24  02:00:00,1549824.8490980521,17120.46434645628,180000.0,0.0,251435.183403411,996537.3808355108
 11/24  03:00:00,1573948.931335887,47011.76287092209,180000.0,0.0,251435.183403411,993046.9432556768
 11/24  04:00:00,1590201.6501312782,66754.91924614765,180000.0,0.0,251435.183403411,989556.5056758425
 11/24  05:00:00,1605677.2228519653,83444.1508398721,180000.0,0.0,251435.183403411,986066.0680960082
 11/24  06:00:00,2115271.671766953,595315.3784616572,180000.0,0.0,251435.183403411,986066.0680960082
 11/24  07:00:00,2538371.1373214917,464944.89084085816,180000.0,0.0,744042.889663155,1049205.0937183988
 11/24  08:00:00,3065013.8961585737,414964.10859204805,180000.0,0.0,1223822.2702390514,1152879.5903487864
 11/24  09:00:00,4619873.20873115,363470.27798068395,180000.0,0.0,2123087.9006767613,1871350.9966290041
 11/24  10:00:00,4491909.12189071,308836.013473335,180000.0,0.0,1626631.6967118632,2308138.050501594
 11/24  11:00:00,3262892.138368628,234379.78497117755,180000.0,0.0,1585581.054523551,1208288.609910765
 11/24  12:00:00,3275648.497729132,171164.4470799678,180000.0,0.0,1524005.0912410829,1364050.5000993246
 11/24  13:00:00,4393777.639563662,136994.06243818716,180000.0,0.0,1482954.449052771,2566507.783591137
 11/24  14:00:00,4717193.730379623,61217.26539120663,180000.0,0.0,1467560.458232154,2983371.4409814924
 11/24  15:00:00,3381100.526378503,65585.09809947223,180000.0,0.0,1482954.449052771,1627516.4134514895
 11/24  16:00:00,26747240.142264996,164911.66284032763,180000.0,0.0,1590712.38479709,24784294.750146005
 11/24  17:00:00,3544176.7486820854,123556.15626382464,180000.0,0.0,1878066.8801152739,1319294.9168738385
 11/24  18:00:00,5709656.71802143,195118.43291547167,180000.0,0.0,3535486.5584683707,1712534.1357792912
 11/24  19:00:00,6615026.837673744,188649.80046689868,180000.0,0.0,4489913.989346625,1647177.6699339512
 11/24  20:00:00,6956596.046873276,216569.25304980815,180000.0,0.0,4859369.769041433,1564050.3023741997
 11/24  21:00:00,6167027.150088126,0.0,180000.0,0.0,4315448.760046299,1482605.757377654
 11/24  22:00:00,5617006.4281483255,0.0,180000.0,0.0,3335364.6778003504,1878517.4370818434
 11/24  23:00:00,3722452.9408724452,1150.0380650690324,180000.0,0.0,1570187.063702934,1777589.6490266747
 11/24  24:00:00,2642764.060871784,52949.293854402626,180000.0,0.0,590102.981456985,1685381.8418593574
 11/25  01:00:00,15226224.174730979,161985.5838912864,180000.0,0.0,376639.64207776263,14402867.128249254
 11/25  02:00:00,11982124.301352473,165725.38980835341,180000.0,0.0,292998.9586190769,11238668.13241237
 11/25  03:00:00,1682530.883327888,146320.223981703,180000.0,0.0,251435.183403411,1002320.4341368973
 11/25  04:00:00,1686928.885167088,163477.7772337598,180000.0,0.0,251435.183403411,989560.88272404
 11/25  05:00:00,1702516.3728873404,180283.30087524682,180000.0,0.0,251435.183403411,986066.0680960082
 11/25  06:00:00,2250340.664940832,730384.3716355362,180000.0,0.0,251435.183403411,986066.0680960082
 11/25  07:00:00,2128676.3012373894,604015.911479222,180000.0,0.0,251435.183403411,993046.9432556768
 11/25  08:00:00,2631122.9325962616,531967.1802629897,180000.0,0.0,251435.183403411,1574372.6419511724
 11/25  09:00:00,6697984.804525774,392259.6882314953,180000.0,0.0,1952471.1690815892,4091289.913767988
 11/25  10:00:00,3408540.107147945,322442.1050745781,180000.0,0.0,1626631.6967118632,1211162.9441575855
 11/25  11:00:00,2506111.9038104517,247937.5806707805,180000.0,0.0,918508.118963481,1105023.515213056
 11/25  12:00:00,2759275.045777857,166347.2259593636,180000.0,0.0,1205862.6142816648,1170636.7462280719
 11/25  13:00:00,2444064.8575484613,133275.77131642133,180000.0,0.0,867194.8162280911,1236272.9255223817
 11/25  14:00:00,2980038.427597298,53778.24360519477,180000.0,0.0,1467560.458232154,1253655.159985179
 11/25  15:00:00,3545712.23894397,46095.10659592044,180000.0,0.0,1482954.449052771,1811618.117520508
 11/25  16:00:00,4232600.118814311,68847.63813784241,180000.0,0.0,1590712.38479709,2365718.751397811
 11/25  17:00:00,3530639.8441942977,110019.25177603756,180000.0,0.0,1878066.8801152739,1319294.9168738385
 11/25  18:00:00,4410674.898053865,180073.48580351,180000.0,0.0,2442513.210204564,1521570.6111874948
 11/25  19:00:00,5779622.232002796,160267.15266094,180000.0,0.0,3784356.0767350127,1545713.6246805748
 11/25  20:00:00,6914908.7251025615,174881.93127909393,180000.0,0.0,4859369.769041433,1564050.3023741997
 11/25  21:00:00,6167027.150088126,0.0,180000.0,0.0,4315448.760046299,1482605.757377654
 11/25  22:00:00,5163489.191216286,0.0,180000.0,0.0,3335364.6778003504,1425000.200149804
 11/25  23:00:00,2846393.1424696133,0.0,180000.0,0.0,1349539.861940757,1123327.0904510887
 11/25  24:00:00,1957073.5923650763,0.0,180000.0,0.0,590102.981456985,1052640.6672070527
 11/26  01:00:00,1650025.4068208586,32610.92604548111,180000.0,0.0,314037.4127405868,1018645.2475221165
 11/26  02:00:00,1596926.161272278,64221.77652068205,180000.0,0.0,251435.183403411,996537.3808355108
 11/26  03:00:00,1617993.9650589095,84143.27244653711,180000.0,0.0,251435.183403411,997683.6886962871
 11/26  04:00:00,1623830.000333904,98106.49074197632,180000.0,0.0,251435.183403411,989556.5056758425
 11/26  05:00:00,1632742.044223109,110508.97221101569,180000.0,0.0,251435.183403411,986066.0680960082
 11/26  06:00:00,4332549.866366916,598983.8359601819,180000.0,0.0,332766.76823900413,3136558.4500162317
 11/26  07:00:00,4324384.192609677,463788.91875586234,180000.0,0.0,1241781.926196438,2359126.092919471
 11/26  08:00:00,3413241.2458966477,402941.3846023722,180000.0,0.0,1549661.742608778,1203227.6426543905
 11/26  09:00:00,3422137.200887522,338287.7943509921,180000.0,0.0,1611237.705891246,1217478.0033209745
 11/26  10:00:00,3378676.831930856,297132.3872710839,180000.0,0.0,1626631.6967118632,1211162.9441575855
 11/26  11:00:00,3276558.2883900166,252599.49240616043,180000.0,0.0,1585581.054523551,1208288.609910765
 11/26  12:00:00,2645121.667974837,241675.41747553306,180000.0,0.0,1046791.3758019559,1142503.194095389
 11/26  13:00:00,2745289.1919630654,249772.98255469959,180000.0,0.0,1021134.7244342612,1267060.1404925373
 11/26  14:00:00,2418939.3036930733,222403.13269196937,180000.0,0.0,862063.485954552,1129428.119271782
 11/26  15:00:00,1689738.496712486,226250.05395929137,180000.0,0.0,251435.183403411,1007008.6935750137
 11/26  16:00:00,2084766.1724640129,222648.57353916447,180000.0,0.0,584971.651183446,1069824.6032598354
 11/26  17:00:00,2911294.8444930604,214499.60099516163,180000.0,0.0,1268721.4101325176,1204815.0379362332
 11/26  18:00:00,5426152.424248135,225392.27263692595,180000.0,0.0,2442513.210204564,2494006.1292551453
 11/26  19:00:00,6503210.497303933,182918.273698155,180000.0,0.0,3078798.1641233996,2949931.902849312
 11/26  20:00:00,5221832.239395101,188520.29520607193,180000.0,0.0,3319970.6869797334,1385350.641267473
 11/26  21:00:00,6185241.379742504,0.0,180000.0,0.0,4315448.760046299,1482605.757377654
 11/26  22:00:00,5179426.642163867,0.0,180000.0,0.0,3335364.6778003504,1425000.200149804
 11/26  23:00:00,4069196.3790509184,0.0,180000.0,0.0,2450210.2056148723,1231799.3111174947
 11/26  24:00:00,2354047.9293743395,0.0,180000.0,0.0,928770.7795105589,1101840.0913355527
 11/27  01:00:00,1733376.6798414972,34742.54062217257,180000.0,0.0,376639.64207776263,1037262.6766288879
 11/27  02:00:00,1675929.0963661508,83349.37043452552,180000.0,0.0,292998.9586190769,1014848.9467998743
 11/27  03:00:00,1660141.3944402982,121653.95638731567,180000.0,0.0,251435.183403411,1002320.4341368973
 11/27  04:00:00,1674520.8416841868,148797.33209225902,180000.0,0.0,251435.183403411,989556.5056758425
 11/27  05:00:00,1687004.746349867,164771.67433777364,180000.0,0.0,251435.183403411,986066.0680960082
 11/27  06:00:00,2191940.519100542,690198.4554496247,180000.0,0.0,251435.183403411,986066.0680960082
 11/27  07:00:00,2611633.8088793517,558698.5707598939,180000.0,0.0,744042.889663155,1049205.0937183988
 11/27  08:00:00,4480307.553311199,488296.7457678506,180000.0,0.0,1223822.2702390514,2510778.061273191
 11/27  09:00:00,4728117.876027222,443080.7280440021,180000.0,0.0,1611237.705891246,2418665.744767664
 11/27  10:00:00,2921261.356269988,432575.6266868178,180000.0,0.0,1110933.0042211935,1134002.921571654
 11/27  11:00:00,2668628.3145992286,415007.5488731515,180000.0,0.0,918508.118963481,1105023.515213056
 11/27  12:00:00,2604089.8774457164,387848.4175588046,180000.0,0.0,887720.1373222469,1114369.6419627059
 11/27  13:00:00,2710133.6100409697,399344.5238089297,180000.0,0.0,867194.8162280911,1236272.9255223817
 11/27  14:00:00,1827994.439393933,364505.9966407384,180000.0,0.0,251435.183403411,1007008.6935750137
 11/27  15:00:00,1822684.5474046944,359196.1046514998,180000.0,0.0,251435.183403411,1007008.6935750137
 11/27  16:00:00,2021427.5068486263,359231.3154461236,180000.0,0.0,418203.41729342856,1036671.4296275072
 11/27  17:00:00,2812186.0249806345,354929.7833928012,180000.0,0.0,1067316.696896112,1166680.7492625737
 11/27  18:00:00,3974580.5039403196,391732.28592796077,180000.0,0.0,1893460.8709358908,1425146.5349249693
 11/27  19:00:00,4766673.373454449,357289.9352966647,180000.0,0.0,2724736.375249209,1393084.9062755094
 11/27  20:00:00,6618068.487235082,341678.46638994105,180000.0,0.0,2936403.749032693,3011995.6558706267
 11/27  21:00:00,4677829.55792151,0.0,180000.0,0.0,2960777.567832003,1329865.1277709557
 11/27  22:00:00,4045157.7933179177,26045.581969250765,180000.0,0.0,2309098.62309255,1290951.8240424045
 11/27  23:00:00,3679586.2571035344,93026.68533676294,180000.0,0.0,2011481.467227288,1187891.242220932
 11/27  24:00:00,2503952.253196669,149904.32382232882,180000.0,0.0,928770.7795105589,1101840.0913355527
 11/28  01:00:00,1890775.1308895028,192140.99167017802,180000.0,0.0,376639.64207776263,1037262.6766288879
 11/28  02:00:00,1821181.037611421,228601.3116797955,180000.0,0.0,292998.9586190769,1014848.9467998743
 11/28  03:00:00,1787361.463102191,253510.7704898187,180000.0,0.0,251435.183403411,997683.6886962871
 11/28  04:00:00,1801845.783431894,276122.27383996616,180000.0,0.0,251435.183403411,989556.5056758425
 11/28  05:00:00,1963742.6447038057,296711.8433284378,180000.0,0.0,255027.1145948883,1127271.8662678052
 11/28  06:00:00,11960323.37095404,915914.1151527307,180000.0,0.0,414098.35307459725,10366070.090575214
 11/28  07:00:00,17184266.398163732,811848.4747190495,180000.0,0.0,744042.889663155,15368687.779043628
 11/28  08:00:00,2916365.3692208244,658440.5572772108,180000.0,0.0,897982.7978693249,1102531.5380431823
 11/28  09:00:00,3055898.7029727916,618352.8155504192,180000.0,0.0,933902.109784098,1248510.0803139647
 11/28  10:00:00,4264960.8795310035,550675.2602189275,180000.0,0.0,1626631.6967118632,1843904.1188098905
 11/28  11:00:00,6608051.668568474,498507.6721343122,180000.0,0.0,918508.118963481,4960946.745921141
 11/28  12:00:00,22986764.63864023,556792.3035998393,180000.0,0.0,410506.42188311997,21805314.23255531
 11/28  13:00:00,2785974.1976525695,475185.1114205293,180000.0,0.0,867194.8162280911,1236272.9255223817
 11/28  14:00:00,2613389.608879283,416853.4378781794,180000.0,0.0,862063.485954552,1129428.119271782
 11/28  15:00:00,2611163.9663037816,415879.7830127592,180000.0,0.0,867194.8162280911,1123044.8012881617
 11/28  16:00:00,2976060.955986381,418768.59874787845,180000.0,0.0,918508.118963481,1431462.8937934544
 11/28  17:00:00,3520761.02440033,430763.608160192,180000.0,0.0,1067316.696896112,1799421.9239148784
 11/28  18:00:00,4060399.702796534,490286.7256630688,180000.0,0.0,1344408.531667218,1961463.6333147485
 11/28  19:00:00,5776764.715718615,434923.231755918,180000.0,0.0,3078798.1641233996,1971481.1632062308
 11/28  20:00:00,28088827.066623963,564835.8379647078,180000.0,0.0,2552836.8110856526,24643163.80163178
 11/28  21:00:00,8042824.480587706,10205.27495616405,180000.0,0.0,4315448.760046299,3329983.5832666927
 11/28  22:00:00,5258372.851145936,78946.20898206934,180000.0,0.0,3335364.6778003504,1425000.200149804
 11/28  23:00:00,3981164.627627967,154136.8342625069,180000.0,0.0,2229563.003852695,1210277.9271942137
 11/28  24:00:00,1789645.9285637871,211255.43063696945,180000.0,0.0,251435.183403411,1003518.2559951793
 11/29  01:00:00,1776086.3142927613,239891.49196133087,180000.0,0.0,251435.183403411,1000027.8184153452
 11/29  02:00:00,1796332.8684295237,263628.4836779276,180000.0,0.0,251435.183403411,996537.3808355108
 11/29  03:00:00,1811487.9215886963,282273.97441693436,180000.0,0.0,251435.183403411,993046.9432556768
 11/29  04:00:00,1823515.9671482025,297792.4575562747,180000.0,0.0,251435.183403411,989556.5056758425
 11/29  05:00:00,1836014.4628630655,313781.39085097203,180000.0,0.0,251435.183403411,986066.0680960082
 11/29  06:00:00,3252979.9740004186,870783.7980118594,180000.0,0.0,292100.97582120757,1825854.3880158525
 11/29  07:00:00,3047633.182234525,717710.8441587512,180000.0,0.0,992912.4079297965,1077322.6754080732
 11/29  08:00:00,3268931.852941283,634819.5163223386,180000.0,0.0,1223822.2702390514,1152879.5903487864
 11/29  09:00:00,2868237.5044839308,567838.2666674452,180000.0,0.0,933902.109784098,1111363.4307080777
 11/29  10:00:00,2808322.2012296575,517256.0433386873,180000.0,0.0,939033.4400576369,1108282.91404301
 11/29  11:00:00,2667434.5838188166,413813.81809273985,180000.0,0.0,918508.118963481,1105023.515213056
 11/29  12:00:00,2900649.144365758,309998.1032540622,180000.0,0.0,1205862.6142816648,1170636.7462280719
 11/29  13:00:00,4602433.9828742845,250870.72040975717,180000.0,0.0,1175074.6326404312,2969167.2853425285
 11/29  14:00:00,2375562.617880086,179026.4468789819,180000.0,0.0,862063.485954552,1129428.119271782
 11/29  15:00:00,2350375.426337837,155091.24304681426,180000.0,0.0,867194.8162280911,1123044.8012881617
 11/29  16:00:00,2417751.8988201525,155791.48485061317,180000.0,0.0,918508.118963481,1136130.9505244913
 11/29  17:00:00,2646595.3207007265,189339.07911289282,180000.0,0.0,1067316.696896112,1166680.7492625737
 11/29  18:00:00,2899003.0649720314,281765.29866138764,180000.0,0.0,1072448.0271696511,1280548.9269894944
 11/29  19:00:00,5195617.259373943,263121.88586992666,180000.0,0.0,1311054.8848892143,3329878.331981736
 11/29  20:00:00,9687242.46216122,231141.87104156477,180000.0,0.0,4474519.998526008,4653589.976651827
 11/29  21:00:00,9319455.969296813,0.0,180000.0,0.0,4315448.760046299,4616820.346931963
 11/29  22:00:00,5899640.965081252,0.0,180000.0,0.0,2309098.62309255,3171480.57777499
 11/29  23:00:00,3596728.645698003,10169.073931231811,180000.0,0.0,2011481.467227288,1187891.242220932
 11/29  24:00:00,2231044.158096981,70929.8398136787,180000.0,0.0,759436.8804837719,1077240.3792713028
 11/30  01:00:00,1652878.4481677758,116683.62583634548,180000.0,0.0,251435.183403411,1000027.8184153452
 11/30  02:00:00,1672988.5238846638,140284.13913306783,180000.0,0.0,251435.183403411,996537.3808355108
 11/30  03:00:00,1684533.1996083143,155319.25243655214,180000.0,0.0,251435.183403411,993046.9432556768
 11/30  04:00:00,1694214.810697621,168491.3011056932,180000.0,0.0,251435.183403411,989556.5056758425
 11/30  05:00:00,1699677.0297173525,177443.95770525897,180000.0,0.0,251435.183403411,986066.0680960082
 11/30  06:00:00,2353268.3749213545,715968.5386061847,180000.0,0.0,373432.5606568007,999626.4635068707
 11/30  07:00:00,2617486.1580429683,564550.9199235104,180000.0,0.0,744042.889663155,1049205.0937183988
 11/30  08:00:00,2381109.137907627,497709.99301088863,180000.0,0.0,574708.9906363679,1051279.6782292638
 11/30  09:00:00,2908585.8225540016,412324.0425575051,180000.0,0.0,1103236.008810885,1137892.0738613019
 11/30  10:00:00,2626779.274025806,335713.1161348362,180000.0,0.0,939033.4400576369,1108282.91404301
 11/30  11:00:00,3401217.499185236,240112.05359549334,180000.0,0.0,1585581.054523551,1345435.2595166522
 11/30  12:00:00,3387620.5767589333,164228.36099493294,180000.0,0.0,1205862.6142816648,1803377.9208803766
 11/30  13:00:00,6329920.172948992,163207.8560088671,180000.0,0.0,867194.8162280911,5092196.156230466
 11/30  14:00:00,14595105.296790894,126918.19032093103,180000.0,0.0,862063.485954552,13401079.054740645
 11/30  15:00:00,2283402.351130819,88118.16783979617,180000.0,0.0,867194.8162280911,1123044.8012881617
 11/30  16:00:00,2363209.6258035256,101249.21183398573,180000.0,0.0,918508.118963481,1136130.9505244913
 11/30  17:00:00,4178725.8251078045,122730.02488795985,180000.0,0.0,1270004.2427009025,2562732.7620897945
 11/30  18:00:00,7654650.481300596,154964.60859684186,180000.0,0.0,2442513.210204564,4792931.850347691
 11/30  19:00:00,15588115.97526792,168167.5156273322,180000.0,0.0,3078798.1641233996,12049588.138884123
 11/30  20:00:00,7894752.642775823,155467.96225620748,180000.0,0.0,2936403.749032693,4474890.315545101
 11/30  21:00:00,7812044.147475819,0.0,180000.0,0.0,2960777.567832003,4464079.717325265
 11/30  22:00:00,4019112.211348667,0.0,180000.0,0.0,2309098.62309255,1290951.8240424045
 11/30  23:00:00,1652611.614456644,0.0,180000.0,0.0,251435.183403411,1013989.568734682
 11/30  24:00:00,1772285.6025595414,0.0,180000.0,0.0,420769.082430198,1028079.461601116
 12/01  01:00:00,1550607.332980582,0.0,180000.0,0.0,251435.183403411,986745.2883818138
 12/01  02:00:00,1566503.2417505346,19054.283098948625,180000.0,0.0,251435.183403411,983586.9140528179
 12/01  03:00:00,1586959.102086011,45547.36257201621,180000.0,0.0,251435.183403411,980428.5397238217
 12/01  04:00:00,1602370.4454265982,64117.08024159909,180000.0,0.0,251435.183403411,977270.1653948259
 12/01  05:00:00,1616179.0774569954,78205.24179239734,180000.0,0.0,251435.183403411,974111.7910658299
 12/01  06:00:00,2109544.5440066857,574449.5531506826,180000.0,0.0,251435.183403411,974111.7910658299
 12/01  07:00:00,1992133.7238952753,453600.8291898748,180000.0,0.0,251435.183403411,980428.5397238217
 12/01  08:00:00,2507094.4414016325,396536.5089281972,180000.0,0.0,251435.183403411,1561090.111917641
 12/01  09:00:00,5371611.0001428705,340854.06344726624,180000.0,0.0,1318751.880299523,3428366.643286672
 12/01  10:00:00,5690900.303531669,304110.71802464756,180000.0,0.0,2442513.210204564,2677911.0310446164
 12/01  11:00:00,4291719.805079641,286721.10284485295,180000.0,0.0,2198775.0222114613,1557131.4046170528
 12/01  12:00:00,3526223.9353702394,268785.3625281161,180000.0,0.0,1606106.375617707,1425270.6802869004
 12/01  13:00:00,3613808.2563070757,278752.0225532882,180000.0,0.0,1559924.403155856,1560585.6928947952
 12/01  14:00:00,4320882.228327613,226345.3342049942,180000.0,0.0,2196209.357074692,1686660.244153385
 12/01  15:00:00,4294812.505465861,205806.11570979585,180000.0,0.0,2221866.008442387,1655473.0884191364
 12/01  16:00:00,5864276.238957837,178549.4573063228,180000.0,0.0,2391199.907469174,3079980.7364792046
 12/01  17:00:00,8101988.0276722405,142362.6678683936,180000.0,0.0,2888938.9440024565,4835988.3644380905
 12/01  18:00:00,6387119.367828058,187333.98555940524,180000.0,0.0,3833103.7143336334,2077285.5652084206
 12/01  19:00:00,7304710.810913913,147478.32573815223,180000.0,0.0,4818319.126853121,2020728.8075100929
 12/01  20:00:00,7459270.362986126,139812.34405606939,180000.0,0.0,5049228.989162376,1917498.3412519956
 12/01  21:00:00,6534617.52264531,0.0,180000.0,0.0,4300054.769225682,1815618.6343062653
 12/01  22:00:00,5453680.997088934,0.0,180000.0,0.0,3248132.063150187,1743422.142696465
 12/01  23:00:00,3736281.1734704105,0.0,180000.0,0.0,1939642.8433977421,1371936.521342118
 12/01  24:00:00,2067712.4377830075,0.0,180000.0,0.0,590102.981456985,1127757.6126189344
 12/02  01:00:00,1799200.444381832,0.0,180000.0,0.0,376639.64207776263,1110133.9411087122
 12/02  02:00:00,1582542.7716249907,0.0,180000.0,0.0,261826.12720732746,1008289.7832223062
 12/02  03:00:00,1541411.739513995,0.0,180000.0,0.0,251435.183403411,980428.5397238217
 12/02  04:00:00,1538253.365184999,0.0,180000.0,0.0,251435.183403411,977270.1653948259
 12/02  05:00:00,1537973.835664598,0.0,180000.0,0.0,251435.183403411,974111.7910658299
 12/02  06:00:00,1936758.9504966997,401663.9596406967,180000.0,0.0,251435.183403411,974111.7910658299
 12/02  07:00:00,2160919.782849921,295306.9327247326,180000.0,0.0,505436.03194359154,1053507.6466034292
 12/02  08:00:00,2655650.362136701,248706.7929484147,180000.0,0.0,918508.118963481,1190402.8130724218
 12/02  09:00:00,2673196.43081054,223351.2216722088,180000.0,0.0,964690.0914253319,1201516.7046035894
 12/02  10:00:00,3480380.0685354,191814.9292052543,90000.0,0.0,1708732.9810884872,1403466.8139838176
 12/02  11:00:00,2843519.0193280783,162859.04143039376,0.0,0.0,1313620.5500259842,1297947.152465427
 12/02  12:00:00,3175636.5297245625,98197.95688243979,0.0,0.0,1606106.375617707,1425270.6802869004
 12/02  13:00:00,3806344.86199187,76943.80470225475,0.0,0.0,1559924.403155856,2134930.5164306224
 12/02  14:00:00,6187572.386877047,21724.92128297458,0.0,0.0,1544530.412335239,4589649.760364292
 12/02  15:00:00,5531862.511585596,23725.622748409874,0.0,0.0,1072448.027169651,4404021.568772993
 12/02  16:00:00,5395758.292336876,28946.815000833718,0.0,0.0,964690.0914253319,4367575.248207573
 12/02  17:00:00,5764857.432695051,43175.928493757434,135000.0,0.0,1128892.6601785799,4403090.792659413
 12/02  18:00:00,6396123.923535376,85772.17869893143,180000.0,0.0,1447035.137137998,4573920.504971847
 12/02  19:00:00,8035757.535953724,65732.65468785123,180000.0,0.0,2914595.5953701516,4737244.735083174
 12/02  20:00:00,8625796.029900046,74298.94352816838,180000.0,0.0,3448253.943818208,4750512.454037986
 12/02  21:00:00,5909521.095077596,0.0,180000.0,0.0,2950514.9072849248,2540062.0686793095
 12/02  22:00:00,4830409.025209332,0.0,180000.0,0.0,2747827.3614801345,1620454.8724869145
 12/02  23:00:00,3480157.8441139995,0.0,180000.0,0.0,1730541.134751028,1324914.9006324208
 12/02  24:00:00,1710321.1268117335,0.0,180000.0,0.0,336102.13291680446,1024367.1501878408
 12/03  01:00:00,1550607.332980582,0.0,180000.0,0.0,251435.183403411,986745.2883818138
 12/03  02:00:00,1547448.958651586,0.0,180000.0,0.0,251435.183403411,983586.9140528179
 12/03  03:00:00,1544290.58432259,0.0,180000.0,0.0,251435.183403411,980428.5397238217
 12/03  04:00:00,1541132.2099935939,0.0,180000.0,0.0,251435.183403411,977270.1653948259
 12/03  05:00:00,1537973.835664598,0.0,180000.0,0.0,251435.183403411,974111.7910658299
 12/03  06:00:00,1996740.2916794112,484676.0592921657,180000.0,0.0,251435.183403411,974111.7910658299
 12/03  07:00:00,5298554.804608099,330951.2299977509,180000.0,0.0,1272569.907837672,3414274.098471861
 12/03  08:00:00,7093105.074508319,261629.8588964704,180000.0,0.0,1921683.1874403553,4631911.304679272
 12/03  09:00:00,3596246.1370142745,237031.4447605679,180000.0,0.0,1672813.669173714,1411399.1443963673
 12/03  10:00:00,3452901.50766472,206644.2346439817,180000.0,0.0,1162246.3069565834,1823403.3114235024
 12/03  11:00:00,5500169.95744045,177455.10868824925,180000.0,0.0,959558.7611517931,4119821.5018113246
 12/03  12:00:00,3413823.8857941977,173465.43821102421,90000.0,0.0,928770.7795105589,2178404.9959436944
 12/03  13:00:00,3518938.1861166777,183772.23430402303,0.0,0.0,903114.128142864,2397505.6859666537
 12/03  14:00:00,2320444.517766871,166584.32953642347,0.0,0.0,897982.7978693249,1224210.0974665808
 12/03  15:00:00,2323974.477651907,169619.13814137966,0.0,0.0,908245.4584164029,1214442.5881995829
 12/03  16:00:00,2586880.874403064,174283.9866213324,180000.0,0.0,964690.0914253319,1233360.6586532637
 12/03  17:00:00,2813014.6344152475,180547.7197682641,180000.0,0.0,1128892.6601785799,1268876.2031051042
 12/03  18:00:00,4133914.315368098,205574.87696215615,180000.0,0.0,2042269.448868522,1599552.7316194156
 12/03  19:00:00,5471981.918443364,170034.60928507464,180000.0,0.0,3294314.035612038,1686569.8779251105
 12/03  20:00:00,5606932.405793179,175255.68493263746,180000.0,0.0,3448253.943818208,1616297.864483676
 12/03  21:00:00,4939789.382305026,0.0,180000.0,0.0,2950514.9072849248,1547299.5974379815
 12/03  22:00:00,5062557.155106115,0.0,180000.0,0.0,2247522.659810082,2332755.7903935877
 12/03  23:00:00,3753554.2423219793,0.0,180000.0,0.0,1939642.8433977421,1371936.521342118
 12/03  24:00:00,2555749.564979085,0.0,180000.0,0.0,928770.7795105589,1265611.5625270589
 12/04  01:00:00,1989529.4296806953,4797.253552411843,180000.0,0.0,470927.83585404174,1201377.4790788845
 12/04  02:00:00,1594566.957028313,47117.99837672688,180000.0,0.0,251435.183403411,983586.9140528179
 12/04  03:00:00,1631829.2964068116,87538.71208422176,180000.0,0.0,251435.183403411,980428.5397238217
 12/04  04:00:00,1660581.8000495057,119449.59005591189,180000.0,0.0,251435.183403411,977270.1653948259
 12/04  05:00:00,1679378.65409071,141404.81842611177,180000.0,0.0,251435.183403411,974111.7910658299
 12/04  06:00:00,2306523.3344013775,660540.4399950153,180000.0,0.0,336102.1329168045,1023363.5035715532
 12/04  07:00:00,4491941.390372781,510786.02521196334,180000.0,0.0,505436.03194359154,3194959.764916411
 12/04  08:00:00,5948524.418846222,427518.1737637891,180000.0,0.0,918508.118963481,4324617.4026267305
 12/04  09:00:00,6865210.943620898,371781.6618128825,180000.0,0.0,1672813.669173714,4545613.733950676
 12/04  10:00:00,4176066.9607904823,354241.3510905842,180000.0,0.0,1708732.9810884872,1852484.9739707592
 12/04  11:00:00,5496844.682542295,302646.28475430526,180000.0,0.0,1667682.3389001752,3283181.4730987307
 12/04  12:00:00,2539479.416115068,280066.0641393562,180000.0,0.0,759436.880483772,1276793.799363019
 12/04  13:00:00,2289061.759125078,281298.0146452512,180000.0,0.0,577274.6557731375,1215942.951003553
 12/04  14:00:00,1641138.247707578,184973.7343698195,180000.0,0.0,251435.183403411,993062.0370398057
 12/04  15:00:00,1641968.7161289663,185804.2027912079,180000.0,0.0,251435.183403411,993062.0370398057
 12/04  16:00:00,2120085.32208754,185844.38628799526,180000.0,0.0,608062.6374143715,1111632.1606820368
 12/04  17:00:00,2836674.3933635857,204207.4787166024,180000.0,0.0,1128892.6601785799,1268876.2031051042
 12/04  18:00:00,5689226.775316204,249063.22341700297,180000.0,0.0,3235303.7374663395,1918342.5565148569
 12/04  19:00:00,6814447.098125894,212690.59564486405,180000.0,0.0,3675315.3084223084,2605377.7984375795
 12/04  20:00:00,7548738.224970521,214885.98199749136,180000.0,0.0,5049228.989162376,1917498.3412519956
 12/04  21:00:00,7059558.073112307,0.0,180000.0,0.0,4300054.769225682,2317528.426304505
 12/04  22:00:00,6421027.8572073355,0.0,180000.0,0.0,2497675.0106451083,3441074.1416597813
 12/04  23:00:00,3941764.532749743,0.0,180000.0,0.0,1939642.8433977421,1560146.8117698824
 12/04  24:00:00,2576664.1090614963,20914.54408241168,180000.0,0.0,928770.7795105589,1265611.5625270589
 12/05  01:00:00,1981035.8749049185,58147.60935878557,180000.0,0.0,439498.43792861537,1170962.9664221604
 12/05  02:00:00,1769234.2210166468,81410.01047144158,180000.0,0.0,292998.9586190769,1082398.390730771
 12/05  03:00:00,1733521.84837189,101265.47747111841,180000.0,0.0,251435.183403411,1068394.3263020033
 12/05  04:00:00,1743701.9842795022,125757.72947400485,180000.0,0.0,251435.183403411,1054082.2102067294
 12/05  05:00:00,1683033.3671679967,145059.53150339852,180000.0,0.0,251435.183403411,974111.7910658299
 12/05  06:00:00,2458661.3964579417,678759.8400324627,180000.0,0.0,420769.08243019803,1072615.2160772763
 12/05  07:00:00,2866124.013296623,534498.7475215631,180000.0,0.0,887720.137322247,1163145.5601519975
 12/05  08:00:00,3725166.857246376,465837.12645094655,180000.0,0.0,1585581.054523551,1395867.9527796588
 12/05  09:00:00,3553475.4923765943,423762.3045081772,180000.0,0.0,1495782.7747366184,1358928.534448173
 12/05  10:00:00,3752488.8815502347,379681.43183727725,180000.0,0.0,1708732.9810884872,1403466.8139838176
 12/05  11:00:00,3434496.2684342484,350997.3775388272,180000.0,0.0,1490651.4444630798,1349512.8606432579
 12/05  12:00:00,2685513.823307168,327590.8937916449,180000.0,0.0,928770.7795105589,1205969.4778760436
 12/05  13:00:00,2794836.720041213,346352.58922791237,180000.0,0.0,903114.128142864,1330823.8649673003
 12/05  14:00:00,2634748.7504449147,300888.56221446703,180000.0,0.0,897982.7978693249,1224210.0974665808
 12/05  15:00:00,2629535.7310619033,295180.3915513758,180000.0,0.0,908245.4584164029,1214442.5881995829
 12/05  16:00:00,3182895.3204055103,291038.6731332765,180000.0,0.0,1321317.5454362924,1355992.964132805
 12/05  17:00:00,4637001.556821631,278180.6070994329,180000.0,0.0,2011481.467227288,2112641.4311316106
 12/05  18:00:00,6000320.471395553,299233.5549159548,180000.0,0.0,3235303.7374663395,2179265.921095253
 12/05  19:00:00,7468924.1216485,259474.5631466317,180000.0,0.0,3675315.3084223084,3213070.8544584173
 12/05  20:00:00,6298821.805227336,270988.9894368515,180000.0,0.0,3448253.943818208,2212453.9594136192
 12/05  21:00:00,6557648.281114067,0.0,180000.0,0.0,4300054.769225682,1815618.6343062653
 12/05  22:00:00,5473832.910749097,0.0,180000.0,0.0,3248132.063150187,1743422.142696465
 12/05  23:00:00,2994455.1423109025,11763.674500840167,180000.0,0.0,1308489.219752445,1232227.3704754978
 12/05  24:00:00,2140118.0061016553,60890.18908426889,180000.0,0.0,590102.981456985,1127757.6126189344
 12/06  01:00:00,1836448.9019848201,99396.7354533009,180000.0,0.0,345338.5274091747,1079286.7779269877
 12/06  02:00:00,1677860.5489656483,130411.59031406231,180000.0,0.0,251435.183403411,983586.9140528179
 12/06  03:00:00,1696202.1116180518,151911.5272954618,180000.0,0.0,251435.183403411,980428.5397238217
 12/06  04:00:00,1715005.146873373,173872.93687977927,180000.0,0.0,251435.183403411,977270.1653948259
 12/06  05:00:00,1729715.359009544,191741.52334494598,180000.0,0.0,251435.183403411,974111.7910658299
 12/06  06:00:00,2962089.7120342525,741761.994092063,180000.0,0.0,336102.1329168045,1597708.3271073804
 12/06  07:00:00,6848759.314808503,561313.3135370394,180000.0,0.0,1526570.7563778525,4480115.676592796
 12/06  08:00:00,6667251.613787948,494820.60925800115,180000.0,0.0,2257785.3203571597,3636764.9606805677
 12/06  09:00:00,5244369.706968897,432207.4095580784,180000.0,0.0,1141720.9858624274,3395439.4328647656
 12/06  10:00:00,2801537.997767601,363709.118779529,180000.0,0.0,980084.082245949,1197137.1421014708
 12/06  11:00:00,1769180.9485005469,287665.8909262384,180000.0,0.0,251435.183403411,986745.2883818138
 12/06  12:00:00,1738906.0772764382,277542.93336229294,180000.0,0.0,251435.183403411,986745.2883818138
 12/06  13:00:00,2741731.7170492164,293247.5862359154,180000.0,0.0,903114.128142864,1330823.8649673003
 12/06  14:00:00,2583271.354069815,249411.16583936746,180000.0,0.0,897982.7978693249,1224210.0974665808
 12/06  15:00:00,1714232.4748943876,258067.96155662922,180000.0,0.0,251435.183403411,993062.0370398057
 12/06  16:00:00,2665521.948231721,252925.0604499888,180000.0,0.0,964690.0914253319,1233360.6586532637
 12/06  17:00:00,2906844.855945992,274377.941299008,180000.0,0.0,1128892.6601785799,1268876.2031051042
 12/06  18:00:00,3506228.410341615,332970.099868075,180000.0,0.0,1447035.137137998,1439705.9154175376
 12/06  19:00:00,5569058.221335657,298986.9591673572,180000.0,0.0,2155158.71488638,2793849.1516607786
 12/06  20:00:00,10154742.830222128,266432.51332559285,180000.0,0.0,4648985.227826335,4872200.176511545
 12/06  21:00:00,5344254.1070072865,0.0,180000.0,0.0,3287899.8727701143,1614379.3566550524
 12/06  22:00:00,3002125.5754730836,16249.22196885925,180000.0,0.0,1252044.586743516,1251553.0618582633
 12/06  23:00:00,2804321.35359826,78584.14395883676,180000.0,0.0,1098104.678537346,1185657.6535199578
 12/06  24:00:00,2210872.749016921,131644.93199953466,180000.0,0.0,590102.981456985,1127757.6126189344
 12/07  01:00:00,1715542.291505062,164934.95852447997,180000.0,0.0,251435.183403411,986745.2883818138
 12/07  02:00:00,1726910.3354615793,179461.37680999347,180000.0,0.0,251435.183403411,983586.9140528179
 12/07  03:00:00,1736056.0381374105,191765.45381482076,180000.0,0.0,251435.183403411,980428.5397238217
 12/07  04:00:00,1742148.8046729115,201016.5946793177,180000.0,0.0,251435.183403411,977270.1653948259
 12/07  05:00:00,1744622.7639800524,206648.92831545442,180000.0,0.0,251435.183403411,974111.7910658299
 12/07  06:00:00,2269621.7856994127,757557.5533121674,180000.0,0.0,251435.183403411,974111.7910658299
 12/07  07:00:00,2437814.8040338038,598111.5571859677,180000.0,0.0,505436.03194359154,1053507.6466034292
 12/07  08:00:00,2914833.04577401,528041.3902458869,180000.0,0.0,918508.118963481,1190402.8130724218
 12/07  09:00:00,3377800.7070879387,477589.02360481187,180000.0,0.0,1318751.880299523,1306457.9244999783
 12/07  10:00:00,3781393.130276989,408585.6805640318,180000.0,0.0,1708732.9810884872,1403466.8139838176
 12/07  11:00:00,3595321.789519804,283226.2960094562,180000.0,0.0,1667682.3389001752,1401078.5688210886
 12/07  12:00:00,2563316.344483218,205393.4149676947,180000.0,0.0,928770.7795105589,1205969.4778760436
 12/07  13:00:00,2613503.039685663,165018.90887236266,180000.0,0.0,903114.128142864,1330823.8649673003
 12/07  14:00:00,2419704.300525492,85844.11229504459,180000.0,0.0,897982.7978693249,1224210.0974665808
 12/07  15:00:00,3179581.3713651774,49378.5029317161,180000.0,0.0,1400853.1646761468,1517682.4108627732
 12/07  16:00:00,4045510.666791308,41653.08537626762,180000.0,0.0,1677944.999447253,2111366.4442646513
 12/07  17:00:00,20276272.78373053,121601.0451099007,180000.0,0.0,2011481.467227288,17908492.22003004
 12/07  18:00:00,13550403.726441203,177120.34142397007,180000.0,0.0,2637503.760599046,10449262.36650018
 12/07  19:00:00,6408166.843537353,133784.0163114124,180000.0,0.0,3294314.035612038,2659005.395992761
 12/07  20:00:00,8060360.731569496,135370.5481252347,180000.0,0.0,4648985.227826335,2908880.0430592694
 12/07  21:00:00,8281466.305368938,0.0,180000.0,0.0,4300054.769225682,3539436.6585611356
 12/07  22:00:00,5162196.924809296,0.0,180000.0,0.0,2997979.712315161,1681938.50759169
 12/07  23:00:00,3753554.2423219793,0.0,180000.0,0.0,1939642.8433977421,1371936.521342118
 12/07  24:00:00,1960097.3800269617,0.0,180000.0,0.0,505436.0319435914,1093294.125141903
 12/08  01:00:00,1802208.418497388,3007.9741155561405,180000.0,0.0,376639.64207776263,1110133.9411087122
 12/08  02:00:00,1615170.4818059097,32627.71018091879,180000.0,0.0,261826.12720732746,1008289.7832223062
 12/08  03:00:00,1597327.9748379886,55916.235323993635,180000.0,0.0,251435.183403411,980428.5397238217
 12/08  04:00:00,1609036.392987473,70783.02780247388,180000.0,0.0,251435.183403411,977270.1653948259
 12/08  05:00:00,1618499.0453944327,80525.20972983481,180000.0,0.0,251435.183403411,974111.7910658299
 12/08  06:00:00,2115568.05948087,580473.0686248668,180000.0,0.0,251435.183403411,974111.7910658299
 12/08  07:00:00,2002118.765893916,463585.8711885156,180000.0,0.0,251435.183403411,980428.5397238217
 12/08  08:00:00,2376744.6823303876,405166.34326744033,180000.0,0.0,584971.651183446,1088574.0507271178
 12/08  09:00:00,4264681.384775488,322485.3345601695,180000.0,0.0,1672813.669173714,1985743.9679321945
 12/08  10:00:00,5446831.442834661,212636.13390233036,180000.0,0.0,2259068.152925545,2708761.811748945
 12/08  11:00:00,2544819.0829887874,141352.3103209561,180000.0,0.0,959558.7611517931,1194815.7361097655
 12/08  12:00:00,3136057.089241691,58618.51639956776,0.0,0.0,1606106.375617707,1425270.6802869004
 12/08  13:00:00,3179417.224191188,24360.9904374003,0.0,0.0,1559924.403155856,1560585.6928947952
 12/08  14:00:00,3031632.876039764,0.0,0.0,0.0,1544530.412335239,1455435.1708099828
 12/08  15:00:00,3038285.5598823954,5662.381282471299,0.0,0.0,1565055.733429395,1435900.1522759872
 12/08  16:00:00,5335270.719767527,2702.194691808755,0.0,0.0,1677944.999447253,3620077.387925328
 12/08  17:00:00,4233824.772497883,22069.8082724774,0.0,0.0,2011481.467227288,2145575.4456348172
 12/08  18:00:00,6541123.483677482,54974.50877534111,0.0,0.0,2341169.437302169,4035583.4348733723
 12/08  19:00:00,5801427.790259275,49618.15125727391,0.0,0.0,3294314.035612038,2319311.0525774155
 12/08  20:00:00,13656327.183055133,74320.99773103392,0.0,0.0,3448253.943818208,9961021.55299021
 12/08  21:00:00,4826758.623836268,0.0,90000.0,0.0,2950514.9072849248,1547299.5974379815
 12/08  22:00:00,4207137.053329729,0.0,180000.0,0.0,2247522.659810082,1497487.602277364
 12/08  23:00:00,2448944.217480446,0.0,180000.0,0.0,885154.4721854775,1139087.9365644176
 12/08  24:00:00,1591190.689821309,0.0,180000.0,0.0,251435.183403411,989903.6627108096
 12/09  01:00:00,1799200.444381832,0.0,180000.0,0.0,376639.64207776263,1110133.9411087122
 12/09  02:00:00,1547448.958651586,0.0,180000.0,0.0,251435.183403411,983586.9140528179
 12/09  03:00:00,1541411.739513995,0.0,180000.0,0.0,251435.183403411,980428.5397238217
 12/09  04:00:00,1538253.365184999,0.0,180000.0,0.0,251435.183403411,977270.1653948259
 12/09  05:00:00,1537973.835664598,0.0,180000.0,0.0,251435.183403411,974111.7910658299
 12/09  06:00:00,1888967.4411862437,353872.4503302404,180000.0,0.0,251435.183403411,974111.7910658299
 12/09  07:00:00,1809465.9326068768,270933.0379014764,180000.0,0.0,251435.183403411,980428.5397238217
 12/09  08:00:00,1780102.9756488418,243889.8667112338,180000.0,0.0,251435.183403411,986745.2883818138
 12/09  09:00:00,5316537.7805578895,188550.41584747445,180000.0,0.0,2386068.577195635,2458280.3744053706
 12/09  10:00:00,4340841.584051804,155733.81954413504,45000.0,0.0,2442513.210204564,1611229.210045263
 12/09  11:00:00,4159315.0593324085,105267.85072853717,0.0,0.0,2375805.916648557,1609149.0165490408
 12/09  12:00:00,4063793.6834867736,91525.92714327443,0.0,0.0,2283441.9717248552,1642764.2676811288
 12/09  13:00:00,3252291.3276988263,97235.09394503839,0.0,0.0,1559924.403155856,1560585.6928947952
 12/09  14:00:00,2238267.081673131,84406.8934426832,0.0,0.0,897982.7978693249,1224210.0974665808
 12/09  15:00:00,2225988.3939074087,71633.05439688118,0.0,0.0,908245.4584164029,1214442.5881995829
 12/09  16:00:00,2301653.2638312536,69056.37604952198,0.0,0.0,964690.0914253319,1233360.6586532637
 12/09  17:00:00,2525625.094577329,73158.17993034532,0.0,0.0,1128892.6601785799,1268876.2031051042
 12/09  18:00:00,4569177.919974243,62878.50882730486,0.0,0.0,2637503.760599046,1759399.5478212936
 12/09  19:00:00,5161272.1882327255,42203.7238830317,0.0,0.0,3294314.035612038,1686569.8779251105
 12/09  20:00:00,5281326.1031077085,44043.6062901414,0.0,0.0,3448253.943818208,1616297.864483676
 12/09  21:00:00,4736758.623836268,0.0,0.0,0.0,2950514.9072849248,1547299.5974379815
 12/09  22:00:00,4740409.025209332,0.0,90000.0,0.0,2747827.3614801345,1620454.8724869145
 12/09  23:00:00,3222372.657129133,0.0,180000.0,0.0,1518873.760967544,1278797.087431038
 12/09  24:00:00,2067712.4377830075,0.0,180000.0,0.0,590102.981456985,1127757.6126189344
 12/10  01:00:00,1799200.444381832,0.0,180000.0,0.0,376639.64207776263,1110133.9411087122
 12/10  02:00:00,1687824.210545205,0.0,180000.0,0.0,292998.9586190769,1082398.390730771
 12/10  03:00:00,1632256.3709007716,0.0,180000.0,0.0,251435.183403411,1068394.3263020033
 12/10  04:00:00,1617944.2548054974,0.0,180000.0,0.0,251435.183403411,1054082.2102067294
 12/10  05:00:00,1537973.835664598,0.0,180000.0,0.0,251435.183403411,974111.7910658299
 12/10  06:00:00,2010731.867976926,498667.63558968063,180000.0,0.0,251435.183403411,974111.7910658299
 12/10  07:00:00,2542675.887655378,375892.6853877537,180000.0,0.0,759436.880483772,1126586.753483037
 12/10  08:00:00,2738849.72492951,352058.069401387,180000.0,0.0,918508.118963481,1190402.8130724218
 12/10  09:00:00,2768176.9376956616,326968.2629831149,180000.0,0.0,964690.0914253319,1201516.7046035894
 12/10  10:00:00,2747500.107644491,309219.3249022617,180000.0,0.0,980084.082245949,1197589.0458556279
 12/10  11:00:00,2692467.5984524833,294758.5154018413,180000.0,0.0,959558.7611517931,1194815.7361097655
 12/10  12:00:00,2641585.6154022585,283662.6858867349,180000.0,0.0,928770.7795105589,1205969.4778760436
 12/10  13:00:00,2759443.8919100906,310959.7610967902,180000.0,0.0,903114.128142864,1330823.8649673003
 12/10  14:00:00,2611804.1221953025,277943.93396485475,180000.0,0.0,897982.7978693249,1224210.0974665808
 12/10  15:00:00,2617231.648473393,282876.30896286597,180000.0,0.0,908245.4584164029,1214442.5881995829
 12/10  16:00:00,2701812.9300841643,289216.04230243247,180000.0,0.0,964690.0914253319,1233360.6586532637
 12/10  17:00:00,2927645.2088892357,295178.294242252,180000.0,0.0,1128892.6601785799,1268876.2031051042
 12/10  18:00:00,5004999.537679477,321578.9713411328,180000.0,0.0,2637503.760599046,1759399.5478212936
 12/10  19:00:00,5582836.028944015,280888.71978572465,180000.0,0.0,3294314.035612038,1686569.8779251105
 12/10  20:00:00,6656056.523954522,273292.04203773715,180000.0,0.0,4248741.466490292,1766898.1028678357
 12/10  21:00:00,5344254.1070072865,0.0,180000.0,0.0,3287899.8727701143,1614379.3566550524
 12/10  22:00:00,3606582.6602470586,0.0,180000.0,0.0,1749783.623276799,1374520.3320678137
 12/10  23:00:00,1735619.7732597303,42830.92657640209,180000.0,0.0,251435.183403411,999378.7856977975
 12/10  24:00:00,1692249.0245486577,89542.95549296992,180000.0,0.0,251435.183403411,989903.6627108096
 12/11  01:00:00,1676206.0618818603,125598.72890127823,180000.0,0.0,251435.183403411,986745.2883818138
 12/11  02:00:00,1693416.819290295,145967.86063870927,180000.0,0.0,251435.183403411,983586.9140528179
 12/11  03:00:00,1709690.0981431445,165399.51382055454,180000.0,0.0,251435.183403411,980428.5397238217
 12/11  04:00:00,1724461.7556602964,183329.54566670256,180000.0,0.0,251435.183403411,977270.1653948259
 12/11  05:00:00,1737389.580137175,199415.74447257674,180000.0,0.0,251435.183403411,974111.7910658299
 12/11  06:00:00,2400931.675015744,754948.7806093821,180000.0,0.0,336102.1329168045,1023363.5035715532
 12/11  07:00:00,2778227.4071380836,611444.2048704596,180000.0,0.0,759436.880483772,1126586.753483037
 12/11  08:00:00,3152590.7854622034,547664.6111172537,180000.0,0.0,1085276.3528534984,1241769.097999231
 12/11  09:00:00,2481344.0081308433,502569.3083756467,180000.0,0.0,608062.6374143715,1095710.1836571996
 12/11  10:00:00,2888321.8974311883,450041.1146889586,180000.0,0.0,980084.082245949,1197589.0458556279
 12/11  11:00:00,2802443.732077,404734.6490263582,180000.0,0.0,959558.7611517931,1194815.7361097655
 12/11  12:00:00,2722144.0207359875,364221.09122046386,180000.0,0.0,928770.7795105589,1205969.4778760436
 12/11  13:00:00,3033318.203013749,363191.0464653262,180000.0,0.0,1067316.696896112,1388264.321949174
 12/11  14:00:00,3071558.40347373,298811.871338625,180000.0,0.0,1221256.6051022818,1339822.6341382817
 12/11  15:00:00,2622642.104638218,288286.76512769074,180000.0,0.0,908245.4584164029,1214442.5881995829
 12/11  16:00:00,2705221.027611757,292624.13983002526,180000.0,0.0,964690.0914253319,1233360.6586532637
 12/11  17:00:00,4580288.730715281,301921.0422590462,180000.0,0.0,1349539.861940757,2694129.7751521785
 12/11  18:00:00,6669568.784613721,362095.88458587276,180000.0,0.0,1447035.137137998,4573920.504971847
 12/11  19:00:00,8263034.952680865,319369.9753079324,180000.0,0.0,4818319.126853121,2804282.4548986703
 12/11  20:00:00,9792875.530000579,322982.8608095447,180000.0,0.0,4648985.227826335,4453782.528806044
 12/11  21:00:00,4130859.9329005056,0.0,180000.0,0.0,2275744.9763145465,1413140.0790038398
 12/11  22:00:00,3974439.2521334663,57503.4385149917,180000.0,0.0,1998653.1415434405,1436003.9671725892
 12/11  23:00:00,3870955.8245597025,117401.5822377232,180000.0,0.0,1939642.8433977421,1371936.521342118
 12/11  24:00:00,2481035.199057349,163546.5080591136,180000.0,0.0,759436.8804837719,1196684.5875729965
 12/12  01:00:00,1867948.0355917786,193044.14691057132,180000.0,0.0,314037.4127405868,1048439.614745263
 12/12  02:00:00,1762298.5157382074,214849.55708662138,180000.0,0.0,251435.183403411,983586.9140528179
 12/12  03:00:00,1776655.169198896,232364.58487630612,180000.0,0.0,251435.183403411,980428.5397238217
 12/12  04:00:00,1806553.41974077,246218.19854420045,180000.0,0.0,251435.183403411,996473.1765978017
 12/12  05:00:00,1800611.580595462,262637.74493086373,180000.0,0.0,251435.183403411,974111.7910658299
 12/12  06:00:00,2337131.970599564,825067.7382123184,180000.0,0.0,251435.183403411,974111.7910658299
 12/12  07:00:00,2999436.3083213256,667811.0425462662,180000.0,0.0,887720.137322247,1163145.5601519975
 12/12  08:00:00,2989757.5457206387,602965.8901925158,180000.0,0.0,918508.118963481,1190402.8130724218
 12/12  09:00:00,3854194.6829824387,494979.9907287317,180000.0,0.0,1672813.669173714,1411399.1443963673
 12/12  10:00:00,3759383.9522974077,386576.5025844501,180000.0,0.0,1708732.9810884872,1403466.8139838176
 12/12  11:00:00,3592260.9090242465,280165.41551389854,180000.0,0.0,1667682.3389001752,1401078.5688210886
 12/12  12:00:00,3446343.277661692,191783.54962816375,180000.0,0.0,1606106.375617707,1425270.6802869004
 12/12  13:00:00,2612781.855888016,164297.7250747153,180000.0,0.0,903114.128142864,1330823.8649673003
 12/12  14:00:00,2211063.710507621,96627.44100034612,180000.0,0.0,736345.8942528465,1166423.0823598872
 12/12  15:00:00,1548235.3672791969,92070.85394143852,180000.0,0.0,251435.183403411,993062.0370398057
 12/12  16:00:00,1556784.6602470418,100899.67642968473,180000.0,0.0,251435.183403411,989903.6627108096
 12/12  17:00:00,1632590.8110574363,147078.79059292824,180000.0,0.0,251435.183403411,999378.7856977975
 12/12  18:00:00,1906633.7868964798,248669.0625612829,180000.0,0.0,251435.183403411,1120012.2830137815
 12/12  19:00:00,3222014.3220660994,237621.4554376953,180000.0,0.0,1394439.001834223,1268890.4691730398
 12/12  20:00:00,3795580.3012084104,262832.400120074,180000.0,0.0,1852410.228747579,1313212.759782101
 12/12  21:00:00,4764891.727633046,0.0,180000.0,0.0,1600975.045344168,2721941.804706759
 12/12  22:00:00,4513091.908548418,0.0,180000.0,0.0,1998653.1415434405,2032160.062102532
 12/12  23:00:00,2774510.010667079,48772.80102765592,180000.0,0.0,1098104.678537346,1185657.6535199578
 12/12  24:00:00,2196902.260185495,117674.4431681085,180000.0,0.0,590102.981456985,1127757.6126189344
 12/13  01:00:00,1777863.7153939276,165108.104563033,180000.0,0.0,282736.29807199887,1017592.4515635385
 12/13  02:00:00,1740577.7971837837,193128.8385321977,180000.0,0.0,251435.183403411,983586.9140528179
 12/13  03:00:00,1759035.5699637777,214744.9856411877,180000.0,0.0,251435.183403411,980428.5397238217
 12/13  04:00:00,1772653.8513566982,231521.64136310446,180000.0,0.0,251435.183403411,977270.1653948259
 12/13  05:00:00,1779956.4864411461,241982.65077654808,180000.0,0.0,251435.183403411,974111.7910658299
 12/13  06:00:00,2885429.895616211,799020.8396931386,180000.0,0.0,251435.183403411,1548456.6146016573
 12/13  07:00:00,6082062.206462214,616222.3511328441,180000.0,0.0,887720.137322247,4297360.149706307
 12/13  08:00:00,6508119.486209382,543566.6645856553,180000.0,0.0,1753632.120981953,3933039.977149553
 12/13  09:00:00,5280022.5597161995,497707.97195543005,180000.0,0.0,1318751.880299523,3188560.8287776206
 12/13  10:00:00,2965473.5594004276,401562.4077976657,180000.0,0.0,980084.082245949,1323219.4147161604
 12/13  11:00:00,2689759.671698807,292050.58864816435,180000.0,0.0,959558.7611517931,1194815.7361097655
 12/13  12:00:00,2564234.7191912527,206311.78967572944,180000.0,0.0,928770.7795105589,1205969.4778760436
 12/13  13:00:00,2626243.067881201,177758.93706790035,180000.0,0.0,903114.128142864,1330823.8649673003
 12/13  14:00:00,2001075.1032371284,106062.7524530254,180000.0,0.0,574708.9906363679,1108636.0672531934
 12/13  15:00:00,1987632.8735042335,92372.94708009071,180000.0,0.0,579840.320909907,1103752.3126196943
 12/13  16:00:00,3089015.9173698863,102074.20605232753,180000.0,0.0,964690.0914253319,1807705.482189091
 12/13  17:00:00,15054712.037617888,162467.8031596467,180000.0,0.0,1349539.861940757,13308006.321154185
 12/13  18:00:00,13821498.456529563,277380.5948649269,180000.0,0.0,2637503.760599046,10620096.843147585
 12/13  19:00:00,6451751.531538895,220722.21196757193,180000.0,0.0,4056316.58123258,1853649.3427176017
 12/13  20:00:00,6156210.608876674,248990.00748801164,180000.0,0.0,3848497.70515425,1691597.9836757558
 12/13  21:00:00,4939789.382305026,0.0,180000.0,0.0,2950514.9072849248,1547299.5974379815
 12/13  22:00:00,5473832.910749097,0.0,180000.0,0.0,3248132.063150187,1743422.142696465
 12/13  23:00:00,4563831.0097674085,36921.20649082819,180000.0,0.0,2574644.9647481935,1510289.9609462668
 12/13  24:00:00,2422769.9846914513,105281.29369321596,180000.0,0.0,759436.8804837719,1196684.5875729965
 12/14  01:00:00,1761904.331739238,149148.72090834347,180000.0,0.0,282736.29807199887,1017592.4515635385
 12/14  02:00:00,1722128.1477654544,174679.1891138684,180000.0,0.0,251435.183403411,983586.9140528179
 12/14  03:00:00,1823251.6447675694,190995.27386679756,180000.0,0.0,251435.183403411,1068394.3263020033
 12/14  04:00:00,1747761.9405839366,206629.7305903426,180000.0,0.0,251435.183403411,977270.1653948259
 12/14  05:00:00,1753586.3604640737,215612.52479947577,180000.0,0.0,251435.183403411,974111.7910658299
 12/14  06:00:00,2276049.2279408034,763984.9955535581,180000.0,0.0,251435.183403411,974111.7910658299
 12/14  07:00:00,2454732.090599127,615028.843751291,180000.0,0.0,505436.03194359154,1053507.6466034292
 12/14  08:00:00,4228289.026021408,530197.4711496425,180000.0,0.0,1922966.02000874,1497244.8113708056
 12/14  09:00:00,2900226.4640489863,459017.78933644004,180000.0,0.0,964690.0914253319,1201516.7046035894
 12/14  10:00:00,1880837.588016031,378891.0872611583,180000.0,0.0,251435.183403411,989903.6627108096
 12/14  11:00:00,1758195.6442569531,276680.58668264473,180000.0,0.0,251435.183403411,986745.2883818138
 12/14  12:00:00,1657834.831669602,196471.68775545663,180000.0,0.0,251435.183403411,986745.2883818138
 12/14  13:00:00,1733647.6276107584,166604.2694644052,180000.0,0.0,251435.183403411,1101062.0370398057
 12/14  14:00:00,1547955.7184227668,91791.2050850084,180000.0,0.0,251435.183403411,993062.0370398057
 12/14  15:00:00,1536583.116605244,80418.60326748573,180000.0,0.0,251435.183403411,993062.0370398057
 12/14  16:00:00,1553803.2859725582,97918.30215520106,180000.0,0.0,251435.183403411,989903.6627108096
 12/14  17:00:00,1636959.8364757465,151447.81601123835,180000.0,0.0,251435.183403411,999378.7856977975
 12/14  18:00:00,2287859.7487768163,251071.62790703346,180000.0,0.0,550335.1718370577,1199935.6911147204
 12/14  19:00:00,6307733.385718672,209747.97692100293,180000.0,0.0,2533594.322559881,3243327.6906166463
 12/14  20:00:00,5668424.04322722,236747.32236667856,180000.0,0.0,3448253.943818208,1616297.864483676
 12/14  21:00:00,4939789.382305026,0.0,180000.0,0.0,2950514.9072849248,1547299.5974379815
 12/14  22:00:00,4850560.938869494,0.0,180000.0,0.0,2747827.3614801345,1620454.8724869145
 12/14  23:00:00,2994299.199003788,11607.731193726278,180000.0,0.0,1308489.219752445,1232227.3704754978
 12/14  24:00:00,2147148.271685177,67920.45466779056,180000.0,0.0,590102.981456985,1127757.6126189344
 12/15  01:00:00,1718805.3258948966,106049.71506400208,180000.0,0.0,282736.29807199887,1017592.4515635385
 12/15  02:00:00,1680593.8164090826,133144.85775749665,180000.0,0.0,251435.183403411,983586.9140528179
 12/15  03:00:00,1776633.373576834,147255.8474846575,180000.0,0.0,251435.183403411,1068394.3263020033
 12/15  04:00:00,1776967.6750732183,161902.26507631555,180000.0,0.0,251435.183403411,1054082.2102067294
 12/15  05:00:00,1711785.948636669,173812.11297207078,180000.0,0.0,251435.183403411,974111.7910658299
 12/15  06:00:00,2248653.1949280645,713558.2040720616,180000.0,0.0,251435.183403411,974111.7910658299
 12/15  07:00:00,2754823.8964106357,562131.0908656591,180000.0,0.0,759436.880483772,1126586.753483037
 12/15  08:00:00,2896396.380295803,489452.8111075165,180000.0,0.0,918508.118963481,1190402.8130724218
 12/15  09:00:00,4669070.056516534,376350.87992234045,180000.0,0.0,2386068.577195635,1623012.1862891472
 12/15  10:00:00,4354650.87864002,269928.77042673226,180000.0,0.0,2259068.152925545,1559288.6110299015
 12/15  11:00:00,2817189.377621973,185126.0023392148,180000.0,0.0,1136589.6555888886,1246381.4442875963
 12/15  12:00:00,2909655.052870686,100534.87928756533,180000.0,0.0,1267438.5775641329,1315620.079081472
 12/15  13:00:00,3294712.2301465655,49655.9963927778,90000.0,0.0,1559924.403155856,1560585.6928947952
 12/15  14:00:00,3031632.876039764,0.0,0.0,0.0,1544530.412335239,1455435.1708099828
 12/15  15:00:00,2373922.299282877,0.0,0.0,0.0,1072448.027169651,1269806.979218684
 12/15  16:00:00,4574447.771154545,0.0,180000.0,0.0,1499631.2724417727,2860270.361009637
 12/15  17:00:00,4684512.768911002,17593.728003225777,180000.0,0.0,2230845.83642108,2201375.1531233964
 12/15  18:00:00,8037282.361487344,74416.35368613745,180000.0,0.0,3534203.7258999865,4139266.1791746207
 12/15  19:00:00,11317016.835710455,53134.24291273535,180000.0,0.0,4818319.126853121,6127378.915132053
 12/15  20:00:00,11591396.457667938,71042.02818421935,180000.0,0.0,5049228.989162376,6118394.751805658
 12/15  21:00:00,8728567.735333327,0.0,180000.0,0.0,4300054.769225682,4009568.846994282
 12/15  22:00:00,5453680.997088934,0.0,180000.0,0.0,3248132.063150187,1743422.142696465
 12/15  23:00:00,3222372.6571291327,0.0,180000.0,0.0,1518873.7609675443,1278797.0874310378
 12/15  24:00:00,1591190.689821309,0.0,180000.0,0.0,251435.183403411,989903.6627108096
 12/16  01:00:00,1565651.2213923638,15043.888411781536,180000.0,0.0,251435.183403411,986745.2883818138
 12/16  02:00:00,1610117.005249938,62668.04659835186,180000.0,0.0,251435.183403411,983586.9140528179
 12/16  03:00:00,1632470.4260249285,91058.68651093343,180000.0,0.0,251435.183403411,980428.5397238217
 12/16  04:00:00,1648812.9608640599,110559.59567906079,180000.0,0.0,251435.183403411,977270.1653948259
 12/16  05:00:00,1665691.462103216,127717.62643861776,180000.0,0.0,251435.183403411,974111.7910658299
 12/16  06:00:00,2181682.2273390675,646587.2364830646,180000.0,0.0,251435.183403411,974111.7910658299
 12/16  07:00:00,2064801.543785583,526268.6490801827,180000.0,0.0,251435.183403411,980428.5397238217
 12/16  08:00:00,3766995.0302352603,458238.71105784917,180000.0,0.0,584971.651183446,2425752.0308415815
 12/16  09:00:00,13258296.908409968,433683.72483077156,180000.0,0.0,964690.0914253319,11576284.679044455
 12/16  10:00:00,11901167.28923258,341245.86686203623,180000.0,0.0,1708732.9810884872,9584823.097024215
 12/16  11:00:00,3519043.5538810054,201190.3707534675,180000.0,0.0,1667682.3389001752,1401078.5688210886
 12/16  12:00:00,3390760.802479866,133322.2296377426,180000.0,0.0,1606106.375617707,1425270.6802869004
 12/16  13:00:00,3363912.246443451,118856.01268966343,90000.0,0.0,1559924.403155856,1560585.6928947952
 12/16  14:00:00,5784760.736484341,47565.26669534744,0.0,0.0,1382893.5087187602,4322634.668175692
 12/16  15:00:00,4470380.655049706,60001.55215763835,0.0,0.0,251435.183403411,4127276.626594115
 12/16  16:00:00,6473226.459232446,57895.46291540085,90000.0,0.0,1677944.999447253,4612839.859166656
 12/16  17:00:00,5286727.66581132,91854.97432550909,180000.0,0.0,2011481.467227288,2948693.172895223
 12/16  18:00:00,6339231.240621271,139445.85835261745,180000.0,0.0,3833103.7143336334,2077285.5652084206
 12/16  19:00:00,7400374.447345477,105995.3125638297,180000.0,0.0,4818319.126853121,2157875.45711598
 12/16  20:00:00,8780479.884972394,114019.3356180089,180000.0,0.0,5049228.989162376,3264500.8716763244
 12/16  21:00:00,22385755.640353743,0.0,180000.0,0.0,4300054.769225682,17666756.7520147
 12/16  22:00:00,4830409.025209332,0.0,180000.0,0.0,2747827.3614801345,1620454.8724869145
 12/16  23:00:00,3736281.1734704105,0.0,180000.0,0.0,1939642.8433977421,1371936.521342118
 12/16  24:00:00,2067712.4377830075,0.0,180000.0,0.0,590102.981456985,1127757.6126189344
 12/17  01:00:00,1737052.1665315195,0.0,180000.0,0.0,345338.5274091747,1079286.7779269877
 12/17  02:00:00,1547448.958651586,0.0,180000.0,0.0,251435.183403411,983586.9140528179
 12/17  03:00:00,1544290.58432259,0.0,180000.0,0.0,251435.183403411,980428.5397238217
 12/17  04:00:00,1541132.2099935939,0.0,180000.0,0.0,251435.183403411,977270.1653948259
 12/17  05:00:00,1548065.6594800851,10091.82381548698,180000.0,0.0,251435.183403411,974111.7910658299
 12/17  06:00:00,2007738.1504568635,495673.91806961806,180000.0,0.0,251435.183403411,974111.7910658299
 12/17  07:00:00,2532585.869614654,365802.6673470302,180000.0,0.0,759436.880483772,1126586.753483037
 12/17  08:00:00,2713502.539158526,326710.8836304032,180000.0,0.0,918508.118963481,1190402.8130724218
 12/17  09:00:00,3655814.8845615303,296600.1923078233,180000.0,0.0,1672813.669173714,1411399.1443963673
 12/17  10:00:00,3654512.333888678,281704.8841757206,180000.0,0.0,1708732.9810884872,1403466.8139838176
 12/17  11:00:00,3122785.7131411084,267883.42486061336,180000.0,0.0,1313620.5500259842,1297947.152465427
 12/17  12:00:00,2621286.210337273,263363.2808217496,180000.0,0.0,928770.7795105589,1205969.4778760436
 12/17  13:00:00,2928132.732575558,258005.57602713525,180000.0,0.0,1067316.696896112,1388264.3219491742
 12/17  14:00:00,2548523.0400275397,214662.8517970922,180000.0,0.0,897982.7978693249,1224210.0974665808
 12/17  15:00:00,2524866.2127938024,190510.8732832752,180000.0,0.0,908245.4584164029,1214442.5881995829
 12/17  16:00:00,2597553.782881079,184956.8950993472,180000.0,0.0,964690.0914253319,1233360.6586532637
 12/17  17:00:00,3104652.1420506304,184182.9245187997,180000.0,0.0,1349539.861940757,1336231.304227774
 12/17  18:00:00,4892210.795819968,208790.2294816249,180000.0,0.0,2637503.760599046,1759399.5478212936
 12/17  19:00:00,5480135.38811285,178188.07895455963,180000.0,0.0,3294314.035612038,1686569.8779251105
 12/17  20:00:00,6083685.5975201335,176464.9961314701,180000.0,0.0,3848497.70515425,1691597.9836757558
 12/17  21:00:00,6557648.281114067,0.0,180000.0,0.0,4300054.769225682,1815618.6343062653
 12/17  22:00:00,4538924.952929693,0.0,180000.0,0.0,2497675.0106451083,1558971.2373821395
 12/17  23:00:00,2466217.2863320145,0.0,180000.0,0.0,885154.4721854775,1139087.9365644176
 12/17  24:00:00,1602706.0690556876,0.0,180000.0,0.0,251435.183403411,989903.6627108096
 12/18  01:00:00,1561158.478746811,10551.145766228936,180000.0,0.0,251435.183403411,986745.2883818138
 12/18  02:00:00,1592391.0583018868,44942.09965030086,180000.0,0.0,251435.183403411,983586.9140528179
 12/18  03:00:00,1614814.6466328907,70524.06231030077,180000.0,0.0,251435.183403411,980428.5397238217
 12/18  04:00:00,1630883.5771495106,89751.36715591684,180000.0,0.0,251435.183403411,977270.1653948259
 12/18  05:00:00,1643499.1291947167,105525.29353011865,180000.0,0.0,251435.183403411,974111.7910658299
 12/18  06:00:00,2134416.8007510384,622352.5683637932,180000.0,0.0,251435.183403411,974111.7910658299
 12/18  07:00:00,2182644.6753311073,506481.40619316546,180000.0,0.0,378435.60767350125,1016968.0931636256
 12/18  08:00:00,2841841.0598767544,455049.40434863116,180000.0,0.0,918508.118963481,1190402.8130724218
 12/18  09:00:00,2870796.423860943,429587.74914839625,180000.0,0.0,964690.0914253319,1201516.7046035894
 12/18  10:00:00,1927936.474762844,425989.9740079712,180000.0,0.0,251435.183403411,989903.6627108096
 12/18  11:00:00,2803947.6930319276,406238.6099812854,180000.0,0.0,959558.7611517931,1194815.7361097655
 12/18  12:00:00,2752203.9451525346,394281.01563701127,180000.0,0.0,928770.7795105589,1205969.4778760436
 12/18  13:00:00,5073228.875156868,383951.75108461163,180000.0,0.0,1067316.696896112,3407414.289473008
 12/18  14:00:00,4164023.7758878786,319649.72519580997,180000.0,0.0,1544530.412335239,2088176.3454622878
 12/18  15:00:00,4018301.6051320643,320571.58645558427,180000.0,0.0,1565055.733429395,1921006.992352543
 12/18  16:00:00,28778289.62028773,421034.8215456568,180000.0,0.0,2391199.907469174,25751508.753569767
 12/18  17:00:00,6275968.713323733,326264.3239606652,180000.0,0.0,2888938.9440024565,2826067.3939973107
 12/18  18:00:00,6566305.29652274,369398.75906268216,180000.0,0.0,3833103.7143336334,2077285.5652084206
 12/18  19:00:00,8848918.219316078,330908.4184073182,180000.0,0.0,4818319.126853121,3378627.2784344973
 12/18  20:00:00,7977624.062883209,341173.74514470214,180000.0,0.0,4248741.466490292,3020583.9386895597
 12/18  21:00:00,4939789.382305026,0.0,180000.0,0.0,2950514.9072849248,1547299.5974379815
 12/18  22:00:00,3060411.4929025928,74535.13939836793,180000.0,0.0,1252044.586743516,1251553.0618582633
 12/18  23:00:00,3374945.460881923,135299.73490122161,180000.0,0.0,1518873.7609675443,1278797.0874310378
 12/18  24:00:00,2256652.2986922665,177424.48167488,180000.0,0.0,590102.981456985,1127757.6126189344
 12/19  01:00:00,1752812.0466298503,202204.71364926826,180000.0,0.0,251435.183403411,986745.2883818138
 12/19  02:00:00,1767212.6802625733,219763.72161098738,180000.0,0.0,251435.183403411,983586.9140528179
 12/19  03:00:00,1780332.072575021,236041.4882524312,180000.0,0.0,251435.183403411,980428.5397238217
 12/19  04:00:00,1793119.0293494784,251986.8193558844,180000.0,0.0,251435.183403411,977270.1653948259
 12/19  05:00:00,1857418.9113572456,271793.66792068863,180000.0,0.0,255796.81413591915,1017401.5681052805
 12/19  06:00:00,2350309.2835293794,838245.0511421341,180000.0,0.0,251435.183403411,974111.7910658299
 12/19  07:00:00,2206718.4511519554,694095.1597239074,180000.0,0.0,251435.183403411,980428.5397238217
 12/19  08:00:00,2793644.7758541685,624535.7353887148,180000.0,0.0,751739.8850734635,1139488.4318997697
 12/19  09:00:00,3012012.8450464695,570804.1703339233,180000.0,0.0,964690.0914253319,1201516.7046035894
 12/19  10:00:00,2258476.3608171055,522446.2895653936,180000.0,0.0,433597.40811404545,1041825.0084970142
 12/19  11:00:00,1951450.958033971,469935.90045966255,180000.0,0.0,251435.183403411,986745.2883818138
 12/19  12:00:00,3124143.5643897224,416015.75773871626,180000.0,0.0,759436.880483772,1725508.2540383134
 12/19  13:00:00,4878181.129228864,392457.5152052621,180000.0,0.0,903114.128142864,3368063.348177601
 12/19  14:00:00,5578737.629655526,319871.67572352017,180000.0,0.0,897982.7978693249,4149215.86316814
 12/19  15:00:00,4970247.060828561,285230.77915230155,180000.0,0.0,908245.4584164029,3565103.5303653153
 12/19  16:00:00,2689180.2024810594,276583.3146993278,180000.0,0.0,964690.0914253319,1233360.6586532637
 12/19  17:00:00,4081217.4924894758,296741.36630310386,180000.0,0.0,2011481.467227288,1538296.6075957837
 12/19  18:00:00,5071683.545275549,388262.97893720656,180000.0,0.0,2637503.760599046,1759399.5478212936
 12/19  19:00:00,5664239.851217286,362292.5420589956,180000.0,0.0,3294314.035612038,1686569.8779251105
 12/19  20:00:00,5811269.096026113,379592.3751655726,180000.0,0.0,3448253.943818208,1616297.864483676
 12/19  21:00:00,4942082.266694348,2292.8843893222474,180000.0,0.0,2950514.9072849248,1547299.5974379815
 12/19  22:00:00,4905018.204684673,54457.26581517859,180000.0,0.0,2747827.3614801345,1620454.8724869145
 12/19  23:00:00,2859646.223663047,133909.0140236242,180000.0,0.0,1098104.678537346,1185657.6535199578
 12/19  24:00:00,1781871.800917849,179165.7318621614,180000.0,0.0,251435.183403411,989903.6627108096
 12/20  01:00:00,1754767.1631154714,204159.83013488946,180000.0,0.0,251435.183403411,986745.2883818138
 12/20  02:00:00,1772132.5366390408,224683.57798745492,180000.0,0.0,251435.183403411,983586.9140528179
 12/20  03:00:00,1787109.1994233094,242818.6151007194,180000.0,0.0,251435.183403411,980428.5397238217
 12/20  04:00:00,1798718.9301959784,257586.72020238452,180000.0,0.0,251435.183403411,977270.1653948259
 12/20  05:00:00,1809325.0951895858,271351.25952498784,180000.0,0.0,251435.183403411,974111.7910658299
 12/20  06:00:00,2352129.541763222,840065.3093759759,180000.0,0.0,251435.183403411,974111.7910658299
 12/20  07:00:00,2773393.898317601,686425.7833537259,180000.0,0.0,251435.183403411,1554773.363259649
 12/20  08:00:00,4999877.667129715,591074.7356152418,180000.0,0.0,1585581.054523551,2545341.1534987013
 12/20  09:00:00,3872489.913788155,513275.2215344479,180000.0,0.0,1672813.669173714,1411399.1443963673
 12/20  10:00:00,3778314.4033340784,405506.9536211211,180000.0,0.0,1708732.9810884872,1403466.8139838176
 12/20  11:00:00,3602553.621223985,290458.12771363714,180000.0,0.0,1667682.3389001752,1401078.5688210886
 12/20  12:00:00,2702579.589192584,218591.72894192275,180000.0,0.0,590102.981456985,1670702.206664756
 12/20  13:00:00,2896982.9428872718,187575.44749357452,180000.0,0.0,903114.128142864,1591747.2295476967
 12/20  14:00:00,2443216.8098798865,109356.62164943916,180000.0,0.0,897982.7978693249,1224210.0974665808
 12/20  15:00:00,2427053.533451561,92698.19394103334,180000.0,0.0,908245.4584164029,1214442.5881995829
 12/20  16:00:00,2525027.7133527147,112430.82557098298,180000.0,0.0,964690.0914253319,1233360.6586532637
 12/20  17:00:00,3372226.7331843716,163755.2127676941,180000.0,0.0,1570187.063702934,1403586.405350444
 12/20  18:00:00,7094682.156007761,241336.9519002596,180000.0,0.0,2042269.448868522,4524558.497320974
 12/20  19:00:00,5164602.696097835,252793.41781759652,180000.0,0.0,1775440.2746444938,2815305.608014603
 12/20  20:00:00,7250549.431841325,256082.4193294242,180000.0,0.0,4248741.466490292,2378600.633462951
 12/20  21:00:00,7042755.121190622,0.0,180000.0,0.0,4300054.769225682,2300725.4743828215
 12/20  22:00:00,29568045.803287826,64786.40452376014,180000.0,0.0,3248132.063150187,25772848.63071143
 12/20  23:00:00,4796316.686806371,22681.460473543375,180000.0,0.0,1939642.8433977421,2392017.505352967
 12/20  24:00:00,2165896.5356717883,86668.71865440204,180000.0,0.0,590102.981456985,1127757.6126189344
 12/21  01:00:00,1673455.384633307,122848.051652725,180000.0,0.0,251435.183403411,986745.2883818138
 12/21  02:00:00,1689465.9868618455,142017.0282102597,180000.0,0.0,251435.183403411,983586.9140528179
 12/21  03:00:00,1701199.846542803,156909.2622202129,180000.0,0.0,251435.183403411,980428.5397238217
 12/21  04:00:00,1713030.9959889688,171898.7859953749,180000.0,0.0,251435.183403411,977270.1653948259
 12/21  05:00:00,1716540.9704082198,178567.13474362172,180000.0,0.0,251435.183403411,974111.7910658299
 12/21  06:00:00,2366478.1271587703,720495.2327524083,180000.0,0.0,336102.1329168045,1023363.5035715532
 12/21  07:00:00,3064591.753847996,568124.4245655002,180000.0,0.0,1016003.3941607219,1199704.3668209577
 12/21  08:00:00,2897174.73320606,510383.0776779368,180000.0,0.0,918508.118963481,1190402.8130724218
 12/21  09:00:00,3592363.1716985367,431265.91790128994,180000.0,0.0,1495782.7747366184,1390312.6003770025
 12/21  10:00:00,5119123.697730877,331476.67722564196,180000.0,0.0,1344408.531667218,3182630.8341973647
 12/21  11:00:00,2775972.3433923656,252632.89148119054,180000.0,0.0,959558.7611517931,1320446.104970298
 12/21  12:00:00,3384255.9230934773,191064.80546173017,180000.0,0.0,928770.7795105589,2041237.6659922674
 12/21  13:00:00,1987201.76083287,199798.20951977998,180000.0,0.0,414354.9195882742,1158502.4940216793
 12/21  14:00:00,1582765.482470801,126600.96913304267,180000.0,0.0,251435.183403411,993062.0370398057
 12/21  15:00:00,1579116.6594930731,122952.14615531462,180000.0,0.0,251435.183403411,993062.0370398057
 12/21  16:00:00,1592298.8260476845,136413.84223032737,180000.0,0.0,251435.183403411,989903.6627108096
 12/21  17:00:00,2794520.0321108648,162053.11746388144,180000.0,0.0,1128892.6601785799,1268876.2031051042
 12/21  18:00:00,4141425.234981683,213085.79657574111,180000.0,0.0,2042269.448868522,1599552.7316194156
 12/21  19:00:00,4112111.4930051765,201202.28110050902,180000.0,0.0,2153875.882317995,1435969.9339655307
 12/21  20:00:00,5635489.784753432,203813.06389289105,180000.0,0.0,3448253.943818208,1616297.864483676
 12/21  21:00:00,4939789.382305026,0.0,180000.0,0.0,2950514.9072849248,1547299.5974379815
 12/21  22:00:00,5162196.924809296,0.0,180000.0,0.0,2997979.712315161,1681938.50759169
 12/21  23:00:00,3376792.375586588,0.0,180000.0,0.0,1518873.7609675443,1415943.737036925
 12/21  24:00:00,18517088.36320058,67664.93374893907,180000.0,0.0,590102.981456985,17497953.22505319
 12/22  01:00:00,10564588.73172091,75525.46866018907,180000.0,0.0,376639.64207776263,9799996.759787599
 12/22  02:00:00,1696896.1025303178,79259.51793192244,180000.0,0.0,272217.0710112439,1032992.6523917945
 12/22  03:00:00,1641598.3611015538,100186.62158755903,180000.0,0.0,251435.183403411,980428.5397238217
 12/22  04:00:00,1651623.2743411849,113369.90915618578,180000.0,0.0,251435.183403411,977270.1653948259
 12/22  05:00:00,1664390.5466518002,126416.71098720218,180000.0,0.0,251435.183403411,974111.7910658299
 12/22  06:00:00,2190915.6276522954,655820.6367962925,180000.0,0.0,251435.183403411,974111.7910658299
 12/22  07:00:00,2066512.1555875323,527979.2608821319,180000.0,0.0,251435.183403411,980428.5397238217
 12/22  08:00:00,2017513.5147420354,481300.4058044274,180000.0,0.0,251435.183403411,986745.2883818138
 12/22  09:00:00,1964103.7184881931,439126.4592645626,180000.0,0.0,251435.183403411,989903.6627108096
 12/22  10:00:00,1900709.919821742,393005.72944967967,180000.0,0.0,251435.183403411,989903.6627108096
 12/22  11:00:00,1833402.6717338427,346129.9245423447,180000.0,0.0,251435.183403411,986745.2883818138
 12/22  12:00:00,1763757.2204913595,299515.23176861904,180000.0,0.0,251435.183403411,986745.2883818138
 12/22  13:00:00,2725070.784140124,276586.6533268235,180000.0,0.0,903114.128142864,1330823.8649673003
 12/22  14:00:00,2341139.4425858757,226703.17307860064,180000.0,0.0,736345.8942528465,1166423.082359887
 12/22  15:00:00,2686411.9381340975,214909.9490176831,180000.0,0.0,908245.4584164029,1351589.23780547
 12/22  16:00:00,11790021.420301823,232366.61869562778,180000.0,0.0,1677944.999447253,9665163.664455803
 12/22  17:00:00,4013491.7186022494,229015.59241587773,180000.0,0.0,2011481.467227288,1538296.6075957837
 12/22  18:00:00,5530281.109873993,269636.8751912266,180000.0,0.0,2637503.760599046,2333744.3713571206
 12/22  19:00:00,10480581.927520767,189134.85279069562,180000.0,0.0,4818319.126853121,5154943.397064403
 12/22  20:00:00,10632105.665923065,178433.05743869962,180000.0,0.0,5049228.989162376,5051712.930806305
 12/22  21:00:00,6901500.012671535,0.0,180000.0,0.0,2950514.9072849248,3532040.986273248
 12/22  22:00:00,4207137.053329729,0.0,180000.0,0.0,2247522.659810082,1497487.602277364
 12/22  23:00:00,4708716.691538062,0.0,180000.0,0.0,1939642.8433977421,2344372.039409769
 12/22  24:00:00,3615976.4791924255,5060.472448366086,180000.0,0.0,928770.7795105589,2332293.3835264123
 12/23  01:00:00,1781138.201467833,44086.03493631365,180000.0,0.0,345338.5274091747,1079286.7779269877
 12/23  02:00:00,1622790.3153001207,75341.35664853477,180000.0,0.0,251435.183403411,983586.9140528179
 12/23  03:00:00,1634643.0712302392,93231.33171624425,180000.0,0.0,251435.183403411,980428.5397238217
 12/23  04:00:00,1641562.2063529848,103308.84116798584,180000.0,0.0,251435.183403411,977270.1653948259
 12/23  05:00:00,1697482.2482949647,111857.00485840776,180000.0,0.0,255796.81413591915,1017401.5681052806
 12/23  06:00:00,2432671.3593328698,629739.0444386329,180000.0,0.0,420769.08243019803,1072615.2160772763
 12/23  07:00:00,2676050.155162705,483357.34961772826,180000.0,0.0,759436.880483772,1126586.753483037
 12/23  08:00:00,3688673.2645393866,409191.6200837935,180000.0,0.0,1585581.054523551,1395867.9527796588
 12/23  09:00:00,4642982.005445574,350262.828851382,180000.0,0.0,2386068.577195635,1623012.1862891472
 12/23  10:00:00,4623186.111102687,303078.346595019,180000.0,0.0,2442513.210204564,1611229.210045263
 12/23  11:00:00,4495942.915422391,261895.7068185202,180000.0,0.0,2375805.916648557,1609149.0165490408
 12/23  12:00:00,5790561.397352539,212963.41032208994,135000.0,0.0,1775440.274644494,3621096.1954484396
 12/23  13:00:00,4724968.813498114,212014.10881992194,0.0,0.0,1559924.403155856,2918484.1638192004
 12/23  14:00:00,3360350.671413462,191571.14576781128,0.0,0.0,1544530.412335239,1592581.82041587
 12/23  15:00:00,19659523.903050978,211705.11201679974,45000.0,0.0,1565055.733429395,17806095.76471024
 12/23  16:00:00,4058918.82029897,176227.9651638762,180000.0,0.0,1677944.999447253,1990199.7179847043
 12/23  17:00:00,4253554.084923865,182791.1389460321,180000.0,0.0,2230845.8364210804,1605219.0581934531
 12/23  18:00:00,5644469.360622888,201426.96391509203,180000.0,0.0,3235303.73746634,1918342.556514857
 12/23  19:00:00,5479207.1275057625,180138.66315606737,180000.0,0.0,3294314.035612038,1686569.8779251105
 12/23  20:00:00,7009146.753446154,165232.61504422,180000.0,0.0,4648985.227826335,1842198.2220599155
 12/23  21:00:00,6534617.52264531,0.0,180000.0,0.0,4300054.769225682,1815618.6343062653
 12/23  22:00:00,5453680.997088934,0.0,180000.0,0.0,3248132.063150187,1743422.142696465
 12/23  23:00:00,2191989.959309807,0.0,180000.0,0.0,674769.9309703785,1092518.2196088776
 12/23  24:00:00,1591190.689821309,0.0,180000.0,0.0,251435.183403411,989903.6627108096
 12/24  01:00:00,1550607.332980582,0.0,180000.0,0.0,251435.183403411,986745.2883818138
 12/24  02:00:00,1547448.958651586,0.0,180000.0,0.0,251435.183403411,983586.9140528179
 12/24  03:00:00,1549981.142725049,5690.55840245899,180000.0,0.0,251435.183403411,980428.5397238217
 12/24  04:00:00,1563804.5741573316,22672.364163737766,180000.0,0.0,251435.183403411,977270.1653948259
 12/24  05:00:00,1572664.0855228193,34690.24985822146,180000.0,0.0,251435.183403411,974111.7910658299
 12/24  06:00:00,2099245.518445127,520221.95504832355,180000.0,0.0,293768.65816010773,998737.6473186915
 12/24  07:00:00,2564961.55845485,398178.3561872257,180000.0,0.0,759436.880483772,1126586.753483037
 12/24  08:00:00,3809139.522614209,330844.34418772475,180000.0,0.0,1753632.120981953,1446782.333952311
 12/24  09:00:00,2747350.895688787,306142.22097624035,180000.0,0.0,964690.0914253319,1201516.7046035894
 12/24  10:00:00,2701556.1491588834,263275.366416654,180000.0,0.0,980084.082245949,1197589.0458556279
 12/24  11:00:00,2591573.0610407228,238863.9779900803,135000.0,0.0,959558.7611517931,1194815.7361097655
 12/24  12:00:00,2384313.6384782903,206390.70896276666,0.0,0.0,928770.7795105589,1205969.4778760436
 12/24  13:00:00,2027407.3724133826,199643.62793355572,0.0,0.0,577274.6557731375,1215942.9510035529
 12/24  14:00:00,1644358.3930205875,148769.9609596567,0.0,0.0,413072.08701988944,1050849.0521464995
 12/24  15:00:00,1632991.3335851128,137279.11370416204,0.0,0.0,415637.75215665903,1048407.17482975
 12/24  16:00:00,2351808.4746629023,119211.58688117041,0.0,0.0,964690.0914253319,1233360.6586532637
 12/24  17:00:00,3152336.419196956,125524.68101414473,0.0,0.0,1128892.6601785799,1843221.0266409314
 12/24  18:00:00,5968086.86070173,135193.0936443429,180000.0,0.0,2637503.760599046,2908872.7485403363
 12/24  19:00:00,5424241.520777574,122294.21161928395,180000.0,0.0,3294314.035612038,1686569.8779251105
 12/24  20:00:00,5566009.513396338,134332.79253579726,180000.0,0.0,3448253.943818208,1616297.864483676
 12/24  21:00:00,4939789.382305026,0.0,180000.0,0.0,2950514.9072849248,1547299.5974379815
 12/24  22:00:00,5162196.924809296,0.0,180000.0,0.0,2997979.712315161,1681938.5075916895
 12/24  23:00:00,3753554.2423219793,0.0,180000.0,0.0,1939642.8433977421,1371936.521342118
 12/24  24:00:00,2079227.8170173864,0.0,180000.0,0.0,590102.981456985,1127757.6126189344
 12/25  01:00:00,1550607.332980582,0.0,180000.0,0.0,251435.183403411,986745.2883818138
 12/25  02:00:00,1547448.958651586,0.0,180000.0,0.0,251435.183403411,983586.9140528179
 12/25  03:00:00,1544290.58432259,0.0,180000.0,0.0,251435.183403411,980428.5397238217
 12/25  04:00:00,1546619.4816887556,5487.271695161916,180000.0,0.0,251435.183403411,977270.1653948259
 12/25  05:00:00,1562397.4110822731,24423.575417674976,180000.0,0.0,251435.183403411,974111.7910658299
 12/25  06:00:00,2028882.3182340302,516818.0858467845,180000.0,0.0,251435.183403411,974111.7910658299
 12/25  07:00:00,2395671.184915292,392427.96035756177,180000.0,0.0,632436.4562136817,1090047.200043233
 12/25  08:00:00,1864963.8215415385,348902.62626409344,180000.0,0.0,251435.183403411,986745.2883818138
 12/25  09:00:00,2733452.7512634704,292244.07655092335,180000.0,0.0,964690.0914253319,1201516.7046035894
 12/25  10:00:00,3346461.75874395,207285.97577367505,180000.0,0.0,1526570.7563778525,1351997.37195177
 12/25  11:00:00,2985950.902683815,148896.9960973454,45000.0,0.0,959558.7611517931,1769160.5596455927
 12/25  12:00:00,2547586.2353178733,108739.94122195366,0.0,0.0,928770.7795105589,1466892.8424564402
 12/25  13:00:00,2364589.2615602235,96105.13074692313,0.0,0.0,903114.128142864,1330823.8649673003
 12/25  14:00:00,1786945.2685736895,71932.91778958653,0.0,0.0,574708.9906363679,1108636.0672531934
 12/25  15:00:00,1361141.595884367,84977.08254660832,0.0,0.0,251435.183403411,993062.0370398057
 12/25  16:00:00,2080711.6341918583,87292.72240122032,0.0,0.0,786376.3644198517,1172496.4096676502
 12/25  17:00:00,2546314.794159427,93847.8795124432,0.0,0.0,1128892.6601785799,1268876.2031051042
 12/25  18:00:00,3113474.1662694095,120215.8557958696,0.0,0.0,1447035.137137998,1439705.9154175376
 12/25  19:00:00,3377945.056519044,109030.43791328032,0.0,0.0,1775440.2746444938,1352410.9483401286
 12/25  20:00:00,3472697.7052704315,119949.80418209465,0.0,0.0,1852410.228747579,1313212.759782101
 12/25  21:00:00,3950859.9329005056,0.0,0.0,0.0,2275744.9763145465,1413140.0790038398
 12/25  22:00:00,3736935.8136184746,0.0,0.0,0.0,1998653.1415434405,1436003.9671725887
 12/25  23:00:00,2680737.209639423,0.0,135000.0,0.0,1098104.678537346,1185657.6535199578
 12/25  24:00:00,2079227.8170173864,0.0,180000.0,0.0,590102.981456985,1127757.6126189344
 12/26  01:00:00,1550607.332980582,0.0,180000.0,0.0,251435.183403411,986745.2883818138
 12/26  02:00:00,1547448.958651586,0.0,180000.0,0.0,251435.183403411,983586.9140528179
 12/26  03:00:00,1544290.58432259,0.0,180000.0,0.0,251435.183403411,980428.5397238217
 12/26  04:00:00,1541132.2099935939,0.0,180000.0,0.0,251435.183403411,977270.1653948259
 12/26  05:00:00,1569357.9015934276,0.0,180000.0,0.0,251435.183403411,1005495.8569946596
 12/26  06:00:00,4044155.039478053,382150.5787749317,180000.0,0.0,420769.08243019803,2954718.1203549183
 12/26  07:00:00,2576317.4703216795,283903.89919352287,180000.0,0.0,759436.880483772,1252217.1223435695
 12/26  08:00:00,3709907.1100860853,231611.9316596012,180000.0,0.0,1753632.120981953,1446782.333952311
 12/26  09:00:00,3587773.13913488,203216.63211592598,90000.0,0.0,1318751.880299523,1880802.7480358053
 12/26  10:00:00,3613820.614213486,160089.79992013244,0.0,0.0,1708732.9810884872,1664390.178564214
 12/26  11:00:00,2772548.7494565933,97646.46117609806,0.0,0.0,1313620.5500259842,1297947.152465427
 12/26  12:00:00,2710471.714533736,84230.38575920979,0.0,0.0,1267438.5775641329,1315620.079081472
 12/26  13:00:00,2937267.059020212,94438.10467108428,0.0,0.0,903114.128142864,1905168.6885031275
 12/26  14:00:00,5104756.115376438,35883.75612637443,0.0,0.0,1544530.412335239,3492674.654020284
 12/26  15:00:00,3302970.9001592128,51251.91877025332,0.0,0.0,1729258.3021826427,1490793.3863117744
 12/26  16:00:00,2304053.1650977796,71456.27731604772,0.0,0.0,964690.0914253319,1233360.6586532637
 12/26  17:00:00,2531278.072298771,78811.15765178693,0.0,0.0,1128892.6601785799,1268876.2031051042
 12/26  18:00:00,3843338.520354297,94999.08194835573,0.0,0.0,2042269.448868522,1599552.7316194156
 12/26  19:00:00,3362196.9004950123,93282.2818892489,0.0,0.0,1775440.2746444938,1352410.9483401286
 12/26  20:00:00,3449500.313766804,96752.41267846724,0.0,0.0,1852410.228747579,1313212.759782101
 12/26  21:00:00,5681288.543969905,0.0,0.0,0.0,2613129.9417997357,2806183.7245880505
 12/26  22:00:00,29323259.398764063,0.0,0.0,0.0,3248132.063150187,25772848.630711433
 12/26  23:00:00,3059645.725980701,0.0,0.0,0.0,1518873.7609675443,1278797.0874310378
 12/26  24:00:00,1780097.3800269617,0.0,0.0,0.0,505436.0319435915,1093294.1251419033
 12/27  01:00:00,1550607.332980582,0.0,180000.0,0.0,251435.183403411,986745.2883818138
 12/27  02:00:00,1547448.958651586,0.0,180000.0,0.0,251435.183403411,983586.9140528179
 12/27  03:00:00,1544290.58432259,0.0,180000.0,0.0,251435.183403411,980428.5397238217
 12/27  04:00:00,1541132.2099935939,0.0,180000.0,0.0,251435.183403411,977270.1653948259
 12/27  05:00:00,1537973.835664598,0.0,180000.0,0.0,251435.183403411,974111.7910658299
 12/27  06:00:00,1971907.9769234192,459843.74453617394,180000.0,0.0,251435.183403411,974111.7910658299
 12/27  07:00:00,1868869.4092672311,356246.1178391833,180000.0,0.0,251435.183403411,980428.5397238217
 12/27  08:00:00,1840707.140748663,324645.9454712181,180000.0,0.0,251435.183403411,986745.2883818138
 12/27  09:00:00,2733178.1647851835,291969.490072637,180000.0,0.0,964690.0914253319,1201516.7046035894
 12/27  10:00:00,3619612.162370819,246804.712657862,180000.0,0.0,1708732.9810884872,1403466.8139838176
 12/27  11:00:00,3537329.7327129683,225234.2392026204,180000.0,0.0,1667682.3389001752,1401078.5688210886
 12/27  12:00:00,2568678.604825475,210717.168851638,180000.0,0.0,928770.7795105589,1206007.984334357
 12/27  13:00:00,1743030.6777825477,220987.31963619462,135000.0,0.0,251435.183403411,1101062.0370398057
 12/27  14:00:00,1467155.37020823,190990.85687047153,0.0,0.0,251435.183403411,993062.0370398057
 12/27  15:00:00,1458373.7455187177,182209.23218095905,0.0,0.0,251435.183403411,993062.0370398057
 12/27  16:00:00,1787794.1560844465,182731.19627599578,90000.0,0.0,429748.9104088913,1050767.911696423
 12/27  17:00:00,2814818.0928869653,182351.17823998147,180000.0,0.0,1128892.6601785799,1268876.2031051042
 12/27  18:00:00,4891721.262742713,207469.76759014142,180000.0,0.0,2638786.5931674307,1758947.644067136
 12/27  19:00:00,5934637.552694489,168149.23832968302,180000.0,0.0,3675315.3084223084,1770109.610321356
 12/27  20:00:00,5603693.144573453,172016.42371291193,180000.0,0.0,3448253.943818208,1616297.864483676
 12/27  21:00:00,6153183.556411807,0.0,180000.0,0.0,3962669.803740493,1748538.8750891942
 12/27  22:00:00,3606582.6602470586,0.0,180000.0,0.0,1749783.623276799,1374520.3320678137
 12/27  23:00:00,2725737.209639423,0.0,180000.0,0.0,1098104.678537346,1185657.6535199578
 12/27  24:00:00,1840966.9430365372,0.0,180000.0,0.0,420769.082430198,1058830.637664872
 12/28  01:00:00,1550607.332980582,0.0,180000.0,0.0,251435.183403411,986745.2883818138
 12/28  02:00:00,1547448.958651586,0.0,180000.0,0.0,251435.183403411,983586.9140528179
 12/28  03:00:00,1544290.58432259,0.0,180000.0,0.0,251435.183403411,980428.5397238217
 12/28  04:00:00,1556221.5679650723,15089.357971478421,180000.0,0.0,251435.183403411,977270.1653948259
 12/28  05:00:00,1568679.370019661,30705.53435506291,180000.0,0.0,251435.183403411,974111.7910658299
 12/28  06:00:00,2296034.0337793045,516132.4773538258,180000.0,0.0,420769.08243019803,1072615.2160772763
 12/28  07:00:00,2693193.6772194216,389263.8253459106,180000.0,0.0,759436.880483772,1263733.403088924
 12/28  08:00:00,3787723.1749052764,331921.3070911949,180000.0,0.0,1252044.586743516,1925876.557578345
 12/28  09:00:00,12540026.712888062,322212.9492050655,180000.0,0.0,1672813.669173714,10269998.215825658
 12/28  10:00:00,12779122.27982771,283415.9218968352,180000.0,0.0,2442513.210204564,9792585.49308566
 12/28  11:00:00,5040311.009816159,237676.6672936496,180000.0,0.0,2375805.916648557,2183493.840084868
 12/28  12:00:00,6533227.271126369,205170.17257343017,180000.0,0.0,2114108.0726980683,3990766.3537259502
 12/28  13:00:00,4035210.185035156,230021.7628482214,180000.0,0.0,1559924.403155856,2030717.8813279415
 12/28  14:00:00,3420978.4297683965,209345.55372863248,180000.0,0.0,1544530.412335239,1455435.1708099828
 12/28  15:00:00,2988692.9487086725,215203.68965344643,180000.0,0.0,1236650.595922899,1325171.370237785
 12/28  16:00:00,2645847.5635796157,233250.675797884,180000.0,0.0,964690.0914253319,1233360.6586532637
 12/28  17:00:00,2884376.669407392,251909.75476040872,180000.0,0.0,1128892.6601785799,1268876.2031051042
 12/28  18:00:00,5334847.471380703,272224.4834477028,180000.0,0.0,2937686.5816010777,1838419.1484139182
 12/28  19:00:00,4177946.26595264,265773.47470874543,180000.0,0.0,2155158.71488638,1435950.680736374
 12/28  20:00:00,5693745.49673222,262068.7758716783,180000.0,0.0,3448253.943818208,1616297.864483676
 12/28  21:00:00,5344254.1070072865,0.0,180000.0,0.0,3287899.8727701143,1614379.3566550524
 12/28  22:00:00,3296229.5068756416,0.0,180000.0,0.0,1500914.1050101575,1313036.6969630385
 12/28  23:00:00,2486917.2870512935,19417.16815089407,180000.0,0.0,886437.3047538622,1139087.9365644178
 12/28  24:00:00,1678788.2231531905,76082.15409750293,180000.0,0.0,251435.183403411,989903.6627108096
 12/29  01:00:00,1654193.3753363334,103586.0423557513,180000.0,0.0,251435.183403411,986745.2883818138
 12/29  02:00:00,1743264.5940581495,125628.00945975372,180000.0,0.0,272217.07101124397,1032992.6523917944
 12/29  03:00:00,1767817.0663756924,138439.54028351558,180000.0,0.0,251435.183403411,1068394.3263020033
 12/29  04:00:00,1767489.5128593675,152424.10286246502,180000.0,0.0,251435.183403411,1054082.2102067294
 12/29  05:00:00,1701511.823765453,163537.98810085503,180000.0,0.0,251435.183403411,974111.7910658299
 12/29  06:00:00,2239271.5340839466,704176.5432279438,180000.0,0.0,251435.183403411,974111.7910658299
 12/29  07:00:00,2752726.048955624,560033.2434106471,180000.0,0.0,759436.880483772,1126586.753483037
 12/29  08:00:00,4612261.920158748,481500.32671559136,180000.0,0.0,918508.118963481,2914220.837327292
 12/29  09:00:00,3578047.583416685,439697.8611224843,180000.0,0.0,1495782.7747366184,1358928.534448173
 12/29  10:00:00,3083745.664713207,406075.52561110666,180000.0,0.0,1162246.3069565834,1249058.4878876754
 12/29  11:00:00,2784192.308297411,380725.5356295793,180000.0,0.0,959558.7611517931,1194815.7361097655
 12/29  12:00:00,2722474.37926858,361672.6049444621,180000.0,0.0,928770.7795105589,1205969.4778760436
 12/29  13:00:00,3039537.881234444,369410.7246860221,180000.0,0.0,1067316.696896112,1388264.321949174
 12/29  14:00:00,3525712.124663024,314079.2486232608,180000.0,0.0,1544530.412335239,1455435.1708099828
 12/29  15:00:00,2651542.3225301616,317186.98301963415,180000.0,0.0,908245.4584164029,1214442.5881995829
 12/29  16:00:00,2730716.537751265,318119.6499695334,180000.0,0.0,964690.0914253319,1233360.6586532637
 12/29  17:00:00,2955826.098201176,323359.1835541922,180000.0,0.0,1128892.6601785799,1268876.2031051042
 12/29  18:00:00,3545775.4153056014,369638.2600234663,180000.0,0.0,1447035.137137998,1439705.9154175376
 12/29  19:00:00,3782790.3027117904,336754.52891462075,180000.0,0.0,1775440.2746444938,1352410.9483401286
 12/29  20:00:00,4798019.9887281405,330201.9017966758,180000.0,0.0,2650332.0862828935,1464755.3121328885
 12/29  21:00:00,6534617.52264531,0.0,180000.0,0.0,4300054.769225682,1815618.6343062653
 12/29  22:00:00,4830409.025209332,0.0,180000.0,0.0,2747827.3614801345,1620454.8724869145
 12/29  23:00:00,3261527.1639080057,39154.50677887238,180000.0,0.0,1518873.7609675443,1278797.0874310378
 12/29  24:00:00,2156668.2847614433,88955.84697843555,180000.0,0.0,590102.981456985,1127757.6126189344
 12/30  01:00:00,1670858.760199431,120251.42721884906,180000.0,0.0,251435.183403411,986745.2883818138
 12/30  02:00:00,1686573.743552599,139124.78490101307,180000.0,0.0,251435.183403411,983586.9140528179
 12/30  03:00:00,1696525.3472791621,155113.60776516717,180000.0,0.0,251435.183403411,980428.5397238217
 12/30  04:00:00,1705155.0183449844,166901.65315998538,180000.0,0.0,251435.183403411,977270.1653948259
 12/30  05:00:00,1713056.9249381162,175083.08927351824,180000.0,0.0,251435.183403411,974111.7910658299
 12/30  06:00:00,2254220.588064909,719125.5972089057,180000.0,0.0,251435.183403411,974111.7910658299
 12/30  07:00:00,2429819.727205848,564206.8770806596,180000.0,0.0,505436.03194359154,1053507.6466034292
 12/30  08:00:00,2473082.6752382726,501504.3361753251,180000.0,0.0,584971.651183446,1088574.0507271178
 12/30  09:00:00,1992207.3420285527,467230.082804922,180000.0,0.0,251435.183403411,989903.6627108096
 12/30  10:00:00,2868717.49544907,424679.0230896515,180000.0,0.0,980084.082245949,1197589.0458556279
 12/30  11:00:00,2817880.70881192,383029.87021525874,180000.0,0.0,959558.7611517931,1226199.802038595
 12/30  12:00:00,5459337.811452491,319796.3343327268,180000.0,0.0,1606106.375617707,3307373.5845645424
 12/30  13:00:00,3768468.183757764,307781.5811434435,180000.0,0.0,1559924.403155856,1686216.0617553277
 12/30  14:00:00,3490176.8213321487,278543.94529238483,180000.0,0.0,1544530.412335239,1455435.1708099828
 12/30  15:00:00,3701498.3072333112,269779.3258443513,180000.0,0.0,1729258.302182643,1490793.3863117746
 12/30  16:00:00,4582872.493819745,255044.1830926355,180000.0,0.0,2391199.907469174,1722082.2655548002
 12/30  17:00:00,4047419.154928889,262943.0287425172,180000.0,0.0,2011481.467227288,1538296.6075957837
 12/30  18:00:00,5023999.2350941375,337699.82394719933,180000.0,0.0,2637503.760599046,1759399.5478212936
 12/30  19:00:00,6186249.158673988,312835.8707884656,180000.0,0.0,3294314.035612038,2260914.7014609375
 12/30  20:00:00,7883063.472161597,302682.08865114424,180000.0,0.0,5049228.989162376,2178421.705832392
 12/30  21:00:00,7146320.053240425,0.0,180000.0,0.0,4300054.769225682,2427321.1649013814
 12/30  22:00:00,13740524.85526076,51516.7586221377,180000.0,0.0,2747827.3614801345,10479053.943916205
 12/30  23:00:00,20235611.581168365,139685.75435102906,180000.0,0.0,1939642.8433977421,17731581.174689043
 12/30  24:00:00,2311055.8998463163,124213.02507288405,180000.0,0.0,674769.9309703785,1162221.1000959654
 12/31  01:00:00,1957378.4726737842,158178.02829195227,180000.0,0.0,376639.64207776263,1110133.9411087122
 12/31  02:00:00,1832689.8226416851,179959.4250698849,180000.0,0.0,282608.0148151604,1057695.5215612827
 12/31  03:00:00,1738745.0340710215,194454.44974843148,180000.0,0.0,251435.183403411,980428.5397238217
 12/31  04:00:00,1747112.378224595,205980.16823100127,180000.0,0.0,251435.183403411,977270.1653948259
 12/31  05:00:00,1847324.111348098,214047.46013958234,180000.0,0.0,260158.4448684273,1060691.3451447312
 12/31  06:00:00,2289309.7053994914,777245.4730122457,180000.0,0.0,251435.183403411,974111.7910658299
 12/31  07:00:00,2125608.620392853,612985.3289648049,180000.0,0.0,251435.183403411,980428.5397238217
 12/31  08:00:00,2707101.826292317,537992.7858268633,180000.0,0.0,751739.8850734635,1139488.4318997697
 12/31  09:00:00,3384124.0260847057,483912.342601579,180000.0,0.0,1318751.880299523,1306457.9244999783
 12/31  10:00:00,2887942.8465668554,449662.0638246262,180000.0,0.0,980084.082245949,1197589.0458556279
 12/31  11:00:00,2807524.643447053,409815.56039641117,180000.0,0.0,959558.7611517931,1194815.7361097655
 12/31  12:00:00,2734472.368766537,376549.4392510134,180000.0,0.0,928770.7795105589,1205969.4778760436
 12/31  13:00:00,2830584.180006723,382100.0491934224,180000.0,0.0,903114.128142864,1330823.8649673003
 12/31  14:00:00,2239089.1221308047,344076.7713467016,180000.0,0.0,574708.990636368,1108636.0672531931
 12/31  15:00:00,2661793.859374324,327438.51986379636,180000.0,0.0,908245.4584164029,1214442.5881995829
 12/31  16:00:00,2735393.4534502346,322796.5656685028,180000.0,0.0,964690.0914253319,1233360.6586532637
 12/31  17:00:00,3531723.169401167,324911.43121835624,180000.0,0.0,1128892.6601785799,1843221.0266409314
 12/31  18:00:00,8138934.0572196655,320467.9725127844,180000.0,0.0,2638786.5931674307,4893162.2336214455
 12/31  19:00:00,6739935.369223946,294106.04257324245,180000.0,0.0,3675315.3084223084,2449450.622607253
 12/31  20:00:00,5738319.232803919,306642.51194337866,180000.0,0.0,3448253.943818208,1616297.864483676
 12/31  21:00:00,4939789.382305026,0.0,180000.0,0.0,2950514.9072849248,1547299.5974379815
 12/31  22:00:00,4227288.966989892,0.0,180000.0,0.0,2247522.659810082,1497487.602277364
 12/31  23:00:00,3779762.996307353,26208.753985373536,180000.0,0.0,1939642.8433977421,1371936.521342118
 12/31  24:00:00,2501767.7832981595,65148.65530949917,180000.0,0.0,844103.8299971654,1231148.0750500278
