
OS:Version,
  {d0274996-da21-4de0-ba0c-a9329bd7d810}, !- Handle
  3.7.0;                                  !- Version Identifier

OS:WeatherFile,
  {286c10ab-bb93-4ec8-8eec-d754cb10e3c0}, !- Handle
  Columbus Port Colum,                    !- City
  OH,                                     !- State Province Region
  USA,                                    !- Country
  customized weather file,                !- Data Source
  724280,                                 !- WMO Number
  39.99,                                  !- Latitude {deg}
  -82.88,                                 !- Longitude {deg}
  -5,                                     !- Time Zone {hr}
  249,                                    !- Elevation {m}
  /weather/G3900490.epw,                  !- Url
  351E43A5,                               !- Checksum
  2018,                                   !- Start Date Actual Year
  Monday;                                 !- Start Day of Week

OS:YearDescription,
  {0d13a515-7f4d-4c7b-ae26-ee0104f81a37}, !- Handle
  2018,                                   !- Calendar Year
  ,                                       !- Day of Week for Start Day
  ;                                       !- Is Leap Year

OS:Site,
  {26b549b5-3526-4f3d-8a25-c616e6315d8c}, !- Handle
  Columbus Port Colum_OH_USA,             !- Name
  39.99,                                  !- Latitude {deg}
  -82.88,                                 !- Longitude {deg}
  -5,                                     !- Time Zone {hr}
  249,                                    !- Elevation {m}
  Suburbs;                                !- Terrain

OS:RunPeriodControl:DaylightSavingTime,
  {8e51174e-544d-4f7d-942d-6ccb7e70cb6d}, !- Handle
  Mar 11,                                 !- Start Date
  Nov 4;                                  !- End Date

OS:Site:GroundTemperature:Shallow,
  {e25fa1f8-acb6-462e-a8a3-24261f3de501}, !- Handle
  7.62199512334598,                       !- January Surface Ground Temperature {C}
  5.57623317645001,                       !- February Surface Ground Temperature {C}
  5.41240122320378,                       !- March Surface Ground Temperature {C}
  6.38321979807766,                       !- April Surface Ground Temperature {C}
  10.2805153935594,                       !- May Surface Ground Temperature {C}
  14.1596557328375,                       !- June Surface Ground Temperature {C}
  17.5226630892499,                       !- July Surface Ground Temperature {C}
  19.6530455380569,                       !- August Surface Ground Temperature {C}
  19.8340332284421,                       !- September Surface Ground Temperature {C}
  18.1013251747576,                       !- October Surface Ground Temperature {C}
  14.8240764804049,                       !- November Surface Ground Temperature {C}
  11.0639323667195;                       !- December Surface Ground Temperature {C}

OS:SimulationControl,
  {86289e4f-27ee-4a86-827f-fdd18d146c2c}, !- Handle
  ,                                       !- Do Zone Sizing Calculation
  ,                                       !- Do System Sizing Calculation
  ,                                       !- Do Plant Sizing Calculation
  No;                                     !- Run Simulation for Sizing Periods

OS:Timestep,
  {e7a49f52-9905-4659-a3cf-1a6bd9d6c653}, !- Handle
  4;                                      !- Number of Timesteps per Hour

OS:ShadowCalculation,
  {8275d3ca-7c9e-428b-b503-10fb341e1f9c}, !- Handle
  PolygonClipping,                        !- Shading Calculation Method
  ,                                       !- Shading Calculation Update Frequency Method
  20,                                     !- Shading Calculation Update Frequency
  200,                                    !- Maximum Figures in Shadow Overlap Calculations
  ,                                       !- Polygon Clipping Algorithm
  512,                                    !- Pixel Counting Resolution
  ,                                       !- Sky Diffuse Modeling Algorithm
  No,                                     !- Output External Shading Calculation Results
  No,                                     !- Disable Self-Shading Within Shading Zone Groups
  No;                                     !- Disable Self-Shading From Shading Zone Groups to Other Zones

OS:SurfaceConvectionAlgorithm:Outside,
  {6d50ba1f-374a-4b15-8d49-7ded40777501}, !- Handle
  DOE-2;                                  !- Algorithm

OS:SurfaceConvectionAlgorithm:Inside,
  {b709d720-7ead-410d-baba-daddca07f881}, !- Handle
  TARP;                                   !- Algorithm

OS:ZoneCapacitanceMultiplier:ResearchSpecial,
  {7010cceb-e37e-4753-a0cd-56fa0d86f134}, !- Handle
  1,                                      !- Temperature Capacity Multiplier
  15,                                     !- Humidity Capacity Multiplier
  ;                                       !- Carbon Dioxide Capacity Multiplier

OS:ConvergenceLimits,
  {42f33bc9-c423-47e2-bf6a-2eb778c6f49d}, !- Handle
  0;                                      !- Minimum System Timestep {minutes}

OS:RunPeriod,
  {1ab29e27-2cd3-466d-a7d4-4a80a5a65987}, !- Handle
  Run Period 1,                           !- Name
  1,                                      !- Begin Month
  1,                                      !- Begin Day of Month
  12,                                     !- End Month
  31,                                     !- End Day of Month
  ,                                       !- Use Weather File Holidays and Special Days
  ,                                       !- Use Weather File Daylight Saving Period
  ,                                       !- Apply Weekend Holiday Rule
  ,                                       !- Use Weather File Rain Indicators
  ,                                       !- Use Weather File Snow Indicators
  ;                                       !- Number of Times Runperiod to be Repeated

OS:PerformancePrecisionTradeoffs,
  {e6b35e7f-b9ee-4afd-b833-c3036a026263}, !- Handle
  ,                                       !- Use Coil Direct Solutions
  CarrollMRT;                             !- Zone Radiant Exchange Algorithm

OS:ThermalZone,
  {541fd03f-8d32-4c19-ae15-f3b2ce1607af}, !- Handle
  conditioned space,                      !- Name
  1,                                      !- Multiplier
  ,                                       !- Ceiling Height {m}
  606.660121387008,                       !- Volume {m3}
  ,                                       !- Floor Area {m2}
  ,                                       !- Zone Inside Convection Algorithm
  ,                                       !- Zone Outside Convection Algorithm
  ,                                       !- Zone Conditioning Equipment List Name
  {39a63287-c6d8-4f65-8290-30db41b53a23}, !- Zone Air Inlet Port List
  {996d2c38-2f93-4edf-8e20-771616a982b6}, !- Zone Air Exhaust Port List
  {d70af024-743c-424c-957b-3d652784d2f1}, !- Zone Air Node Name
  {1b496bfe-d033-4e7a-8611-464f941ccd53}, !- Zone Return Air Port List
  ,                                       !- Primary Daylighting Control Name
  ,                                       !- Fraction of Zone Controlled by Primary Daylighting Control
  ,                                       !- Secondary Daylighting Control Name
  ,                                       !- Fraction of Zone Controlled by Secondary Daylighting Control
  ,                                       !- Illuminance Map Name
  ,                                       !- Group Rendering Name
  {ab6a698f-78d0-4bd4-b1c1-aa6fb36ddd15}, !- Thermostat Name
  No;                                     !- Use Ideal Air Loads

OS:Node,
  {6595a973-7ff2-40cc-9ee5-0fcda5e88ba5}, !- Handle
  Node 1,                                 !- Name
  {d70af024-743c-424c-957b-3d652784d2f1}, !- Inlet Port
  ;                                       !- Outlet Port

OS:Connection,
  {d70af024-743c-424c-957b-3d652784d2f1}, !- Handle
  {541fd03f-8d32-4c19-ae15-f3b2ce1607af}, !- Source Object
  11,                                     !- Outlet Port
  {6595a973-7ff2-40cc-9ee5-0fcda5e88ba5}, !- Target Object
  2;                                      !- Inlet Port

OS:PortList,
  {39a63287-c6d8-4f65-8290-30db41b53a23}, !- Handle
  {541fd03f-8d32-4c19-ae15-f3b2ce1607af}, !- HVAC Component
  {e2791bf8-3bdf-40cd-b801-0de6b0f00109}; !- Port 1

OS:PortList,
  {996d2c38-2f93-4edf-8e20-771616a982b6}, !- Handle
  {541fd03f-8d32-4c19-ae15-f3b2ce1607af}; !- HVAC Component

OS:PortList,
  {1b496bfe-d033-4e7a-8611-464f941ccd53}, !- Handle
  {541fd03f-8d32-4c19-ae15-f3b2ce1607af}, !- HVAC Component
  {16f795e1-ae5f-4b17-aa3d-36a6776f3095}; !- Port 1

OS:Sizing:Zone,
  {7da84aba-dc19-4844-b441-254419b504e9}, !- Handle
  {541fd03f-8d32-4c19-ae15-f3b2ce1607af}, !- Zone or ZoneList Name
  SupplyAirTemperature,                   !- Zone Cooling Design Supply Air Temperature Input Method
  14,                                     !- Zone Cooling Design Supply Air Temperature {C}
  11.11,                                  !- Zone Cooling Design Supply Air Temperature Difference {deltaC}
  SupplyAirTemperature,                   !- Zone Heating Design Supply Air Temperature Input Method
  40,                                     !- Zone Heating Design Supply Air Temperature {C}
  11.11,                                  !- Zone Heating Design Supply Air Temperature Difference {deltaC}
  0.0085,                                 !- Zone Cooling Design Supply Air Humidity Ratio {kg-H2O/kg-air}
  0.008,                                  !- Zone Heating Design Supply Air Humidity Ratio {kg-H2O/kg-air}
  ,                                       !- Zone Heating Sizing Factor
  ,                                       !- Zone Cooling Sizing Factor
  DesignDay,                              !- Cooling Design Air Flow Method
  ,                                       !- Cooling Design Air Flow Rate {m3/s}
  ,                                       !- Cooling Minimum Air Flow per Zone Floor Area {m3/s-m2}
  ,                                       !- Cooling Minimum Air Flow {m3/s}
  ,                                       !- Cooling Minimum Air Flow Fraction
  DesignDay,                              !- Heating Design Air Flow Method
  ,                                       !- Heating Design Air Flow Rate {m3/s}
  ,                                       !- Heating Maximum Air Flow per Zone Floor Area {m3/s-m2}
  ,                                       !- Heating Maximum Air Flow {m3/s}
  ,                                       !- Heating Maximum Air Flow Fraction
  No,                                     !- Account for Dedicated Outdoor Air System
  NeutralSupplyAir,                       !- Dedicated Outdoor Air System Control Strategy
  autosize,                               !- Dedicated Outdoor Air Low Setpoint Temperature for Design {C}
  autosize,                               !- Dedicated Outdoor Air High Setpoint Temperature for Design {C}
  Sensible Load Only No Latent Load,      !- Zone Load Sizing Method
  HumidityRatioDifference,                !- Zone Latent Cooling Design Supply Air Humidity Ratio Input Method
  ,                                       !- Zone Dehumidification Design Supply Air Humidity Ratio {kgWater/kgDryAir}
  0.005,                                  !- Zone Cooling Design Supply Air Humidity Ratio Difference {kgWater/kgDryAir}
  HumidityRatioDifference,                !- Zone Latent Heating Design Supply Air Humidity Ratio Input Method
  ,                                       !- Zone Humidification Design Supply Air Humidity Ratio {kgWater/kgDryAir}
  0.005;                                  !- Zone Humidification Design Supply Air Humidity Ratio Difference {kgWater/kgDryAir}

OS:ZoneHVAC:EquipmentList,
  {9fbbaf4b-752a-4f58-a2f4-e9488e125796}, !- Handle
  Zone HVAC Equipment List 1,             !- Name
  {541fd03f-8d32-4c19-ae15-f3b2ce1607af}, !- Thermal Zone
  ,                                       !- Load Distribution Scheme
  {d87e22d3-9bb8-4791-b0cf-39a1eae98237}, !- Zone Equipment 1
  1,                                      !- Zone Equipment Cooling Sequence 1
  1,                                      !- Zone Equipment Heating or No-Load Sequence 1
  {1b5d29a6-6506-4a25-893f-771aad63fcfa}, !- Zone Equipment Sequential Cooling Fraction Schedule Name 1
  {451554ba-ae90-4ca2-8c54-468d387ba9ec}; !- Zone Equipment Sequential Heating Fraction Schedule Name 1

OS:AdditionalProperties,
  {632389f2-f5cf-46ec-9f3a-426e7cac3493}, !- Handle
  {541fd03f-8d32-4c19-ae15-f3b2ce1607af}, !- Object Name
  ObjectType,                             !- Feature Name 1
  String,                                 !- Feature Data Type 1
  conditioned space;                      !- Feature Value 1

OS:Space,
  {d2d08edd-88aa-4a5f-9d1c-043be2ed219b}, !- Handle
  conditioned space 1,                    !- Name
  ,                                       !- Space Type Name
  ,                                       !- Default Construction Set Name
  ,                                       !- Default Schedule Set Name
  ,                                       !- Direction of Relative North {deg}
  ,                                       !- X Origin {m}
  ,                                       !- Y Origin {m}
  ,                                       !- Z Origin {m}
  ,                                       !- Building Story Name
  {541fd03f-8d32-4c19-ae15-f3b2ce1607af}, !- Thermal Zone Name
  ,                                       !- Part of Total Floor Area
  ,                                       !- Design Specification Outdoor Air Object Name
  {e3a51409-6bb8-4de9-a8ff-fddcbc91f443}, !- Building Unit Name
  606.660121387008;                       !- Volume {m3}

OS:Schedule:Ruleset,
  {1265f2d8-bfc8-45ed-bc4e-26df84d45ae5}, !- Handle
  heating setpoint,                       !- Name
  {340972d2-741d-4173-8f1a-66bccdabc5c6}, !- Schedule Type Limits Name
  {8bd64be1-834c-4878-b032-84aadbd1ce95}; !- Default Day Schedule Name

OS:Schedule:Day,
  {8bd64be1-834c-4878-b032-84aadbd1ce95}, !- Handle
  heating setpoint default day,           !- Name
  {340972d2-741d-4173-8f1a-66bccdabc5c6}, !- Schedule Type Limits Name
  ,                                       !- Interpolate to Timestep
  24,                                     !- Hour 1
  0,                                      !- Minute 1
  0;                                      !- Value Until Time 1

OS:Schedule:Rule,
  {3c0f66df-caa2-4ec5-8d5c-e5dc289abe8b}, !- Handle
  heating setpoint allday ruleset1,       !- Name
  {1265f2d8-bfc8-45ed-bc4e-26df84d45ae5}, !- Schedule Ruleset Name
  0,                                      !- Rule Order
  {b459c5e3-c3a9-4f3d-bfe6-2fdb9f698ce2}, !- Day Schedule Name
  Yes,                                    !- Apply Sunday
  Yes,                                    !- Apply Monday
  Yes,                                    !- Apply Tuesday
  Yes,                                    !- Apply Wednesday
  Yes,                                    !- Apply Thursday
  Yes,                                    !- Apply Friday
  Yes,                                    !- Apply Saturday
  DateRange,                              !- Date Specification Type
  1,                                      !- Start Month
  1,                                      !- Start Day
  12,                                     !- End Month
  31;                                     !- End Day

OS:Schedule:Day,
  {b459c5e3-c3a9-4f3d-bfe6-2fdb9f698ce2}, !- Handle
  heating setpoint allday1,               !- Name
  {340972d2-741d-4173-8f1a-66bccdabc5c6}, !- Schedule Type Limits Name
  ,                                       !- Interpolate to Timestep
  5,                                      !- Hour 1
  0,                                      !- Minute 1
  16.1111111111111,                       !- Value Until Time 1
  20,                                     !- Hour 2
  0,                                      !- Minute 2
  19.4444444444444,                       !- Value Until Time 2
  24,                                     !- Hour 3
  0,                                      !- Minute 3
  16.1111111111111;                       !- Value Until Time 3

OS:Schedule:Ruleset,
  {2b11729c-f124-483c-b27e-cfcd8608b3c8}, !- Handle
  cooling setpoint,                       !- Name
  {340972d2-741d-4173-8f1a-66bccdabc5c6}, !- Schedule Type Limits Name
  {aec9059c-0487-46c8-8028-9faed0f35d0f}; !- Default Day Schedule Name

OS:Schedule:Day,
  {aec9059c-0487-46c8-8028-9faed0f35d0f}, !- Handle
  cooling setpoint default day,           !- Name
  {340972d2-741d-4173-8f1a-66bccdabc5c6}, !- Schedule Type Limits Name
  ,                                       !- Interpolate to Timestep
  24,                                     !- Hour 1
  0,                                      !- Minute 1
  0;                                      !- Value Until Time 1

OS:Schedule:Rule,
  {7a9a7da0-fc8b-4f43-805a-f349f8d9746e}, !- Handle
  cooling setpoint allday ruleset1,       !- Name
  {2b11729c-f124-483c-b27e-cfcd8608b3c8}, !- Schedule Ruleset Name
  0,                                      !- Rule Order
  {a5d85934-16cc-4dca-bd44-269d04fa16c4}, !- Day Schedule Name
  Yes,                                    !- Apply Sunday
  Yes,                                    !- Apply Monday
  Yes,                                    !- Apply Tuesday
  Yes,                                    !- Apply Wednesday
  Yes,                                    !- Apply Thursday
  Yes,                                    !- Apply Friday
  Yes,                                    !- Apply Saturday
  DateRange,                              !- Date Specification Type
  1,                                      !- Start Month
  1,                                      !- Start Day
  12,                                     !- End Month
  31;                                     !- End Day

OS:Schedule:Day,
  {a5d85934-16cc-4dca-bd44-269d04fa16c4}, !- Handle
  cooling setpoint allday1,               !- Name
  {340972d2-741d-4173-8f1a-66bccdabc5c6}, !- Schedule Type Limits Name
  ,                                       !- Interpolate to Timestep
  24,                                     !- Hour 1
  0,                                      !- Minute 1
  21.1111111111111;                       !- Value Until Time 1

OS:ThermostatSetpoint:DualSetpoint,
  {ab6a698f-78d0-4bd4-b1c1-aa6fb36ddd15}, !- Handle
  conditioned space temperature setpoint, !- Name
  {1265f2d8-bfc8-45ed-bc4e-26df84d45ae5}, !- Heating Setpoint Temperature Schedule Name
  {2b11729c-f124-483c-b27e-cfcd8608b3c8}; !- Cooling Setpoint Temperature Schedule Name

OS:ScheduleTypeLimits,
  {340972d2-741d-4173-8f1a-66bccdabc5c6}, !- Handle
  Temperature,                            !- Name
  ,                                       !- Lower Limit Value
  ,                                       !- Upper Limit Value
  Continuous,                             !- Numeric Type
  Temperature;                            !- Unit Type

OS:Surface,
  {0b28d00f-dd5a-4b7e-87af-aa6726d34b8a}, !- Handle
  Roof1,                                  !- Name
  RoofCeiling,                            !- Surface Type
  {951e020e-2d14-422d-8bbf-ec24c8cc4855}, !- Construction Name
  {abd50040-048e-4ab7-b817-55428dc46b6f}, !- Space Name
  Outdoors,                               !- Outside Boundary Condition
  ,                                       !- Outside Boundary Condition Object
  SunExposed,                             !- Sun Exposure
  WindExposed,                            !- Wind Exposure
  ,                                       !- View Factor to Ground
  ,                                       !- Number of Vertices
  17.5531920055236, -38.5404659390467, 5.1816, !- X,Y,Z Vertex 1 {m}
  17.5531920055236, -32.4505649900985, 8.22655047447409, !- X,Y,Z Vertex 2 {m}
  10.7444757564793, -32.4505649900985, 8.22655047447409, !- X,Y,Z Vertex 3 {m}
  10.7444757564793, -38.5404659390467, 5.1816; !- X,Y,Z Vertex 4 {m}

OS:AdditionalProperties,
  {eaadde92-e676-40eb-b7b1-46f1de937111}, !- Handle
  {0b28d00f-dd5a-4b7e-87af-aa6726d34b8a}, !- Object Name
  Length,                                 !- Feature Name 1
  Double,                                 !- Feature Data Type 1
  22.338307903688676,                     !- Feature Value 1
  Width,                                  !- Feature Name 2
  Double,                                 !- Feature Data Type 2
  22.338307903688676,                     !- Feature Value 2
  Azimuth,                                !- Feature Name 3
  Integer,                                !- Feature Data Type 3
  180,                                    !- Feature Value 3
  Tilt,                                   !- Feature Name 4
  Double,                                 !- Feature Data Type 4
  0.5,                                    !- Feature Value 4
  SurfaceType,                            !- Feature Name 5
  String,                                 !- Feature Data Type 5
  Roof;                                   !- Feature Value 5

OS:ThermalZone,
  {9a355809-2119-4380-a1d1-a973051a74f5}, !- Handle
  attic - vented,                         !- Name
  1,                                      !- Multiplier
  ,                                       !- Ceiling Height {m}
  56.2946259248431,                       !- Volume {m3}
  ,                                       !- Floor Area {m2}
  ,                                       !- Zone Inside Convection Algorithm
  ,                                       !- Zone Outside Convection Algorithm
  ,                                       !- Zone Conditioning Equipment List Name
  {ae4aedd5-a61f-4a9c-976c-61475e1de343}, !- Zone Air Inlet Port List
  {d39ef4c6-eccb-4b90-914f-124ebf5927ae}, !- Zone Air Exhaust Port List
  {0f834bfa-bf15-44e1-8bcf-08c6a7cff46e}, !- Zone Air Node Name
  {360940e9-e236-4173-9582-ee3e621fb332}, !- Zone Return Air Port List
  ,                                       !- Primary Daylighting Control Name
  ,                                       !- Fraction of Zone Controlled by Primary Daylighting Control
  ,                                       !- Secondary Daylighting Control Name
  ,                                       !- Fraction of Zone Controlled by Secondary Daylighting Control
  ,                                       !- Illuminance Map Name
  ,                                       !- Group Rendering Name
  ,                                       !- Thermostat Name
  No;                                     !- Use Ideal Air Loads

OS:Node,
  {e2025c03-4978-4615-b2cf-4b1f459225c2}, !- Handle
  Node 2,                                 !- Name
  {0f834bfa-bf15-44e1-8bcf-08c6a7cff46e}, !- Inlet Port
  ;                                       !- Outlet Port

OS:Connection,
  {0f834bfa-bf15-44e1-8bcf-08c6a7cff46e}, !- Handle
  {9a355809-2119-4380-a1d1-a973051a74f5}, !- Source Object
  11,                                     !- Outlet Port
  {e2025c03-4978-4615-b2cf-4b1f459225c2}, !- Target Object
  2;                                      !- Inlet Port

OS:PortList,
  {ae4aedd5-a61f-4a9c-976c-61475e1de343}, !- Handle
  {9a355809-2119-4380-a1d1-a973051a74f5}; !- HVAC Component

OS:PortList,
  {d39ef4c6-eccb-4b90-914f-124ebf5927ae}, !- Handle
  {9a355809-2119-4380-a1d1-a973051a74f5}; !- HVAC Component

OS:PortList,
  {360940e9-e236-4173-9582-ee3e621fb332}, !- Handle
  {9a355809-2119-4380-a1d1-a973051a74f5}; !- HVAC Component

OS:Sizing:Zone,
  {30ff5cf2-4598-4dcf-bb9d-a85597f4319b}, !- Handle
  {9a355809-2119-4380-a1d1-a973051a74f5}, !- Zone or ZoneList Name
  SupplyAirTemperature,                   !- Zone Cooling Design Supply Air Temperature Input Method
  14,                                     !- Zone Cooling Design Supply Air Temperature {C}
  11.11,                                  !- Zone Cooling Design Supply Air Temperature Difference {deltaC}
  SupplyAirTemperature,                   !- Zone Heating Design Supply Air Temperature Input Method
  40,                                     !- Zone Heating Design Supply Air Temperature {C}
  11.11,                                  !- Zone Heating Design Supply Air Temperature Difference {deltaC}
  0.0085,                                 !- Zone Cooling Design Supply Air Humidity Ratio {kg-H2O/kg-air}
  0.008,                                  !- Zone Heating Design Supply Air Humidity Ratio {kg-H2O/kg-air}
  ,                                       !- Zone Heating Sizing Factor
  ,                                       !- Zone Cooling Sizing Factor
  DesignDay,                              !- Cooling Design Air Flow Method
  ,                                       !- Cooling Design Air Flow Rate {m3/s}
  ,                                       !- Cooling Minimum Air Flow per Zone Floor Area {m3/s-m2}
  ,                                       !- Cooling Minimum Air Flow {m3/s}
  ,                                       !- Cooling Minimum Air Flow Fraction
  DesignDay,                              !- Heating Design Air Flow Method
  ,                                       !- Heating Design Air Flow Rate {m3/s}
  ,                                       !- Heating Maximum Air Flow per Zone Floor Area {m3/s-m2}
  ,                                       !- Heating Maximum Air Flow {m3/s}
  ,                                       !- Heating Maximum Air Flow Fraction
  No,                                     !- Account for Dedicated Outdoor Air System
  NeutralSupplyAir,                       !- Dedicated Outdoor Air System Control Strategy
  autosize,                               !- Dedicated Outdoor Air Low Setpoint Temperature for Design {C}
  autosize,                               !- Dedicated Outdoor Air High Setpoint Temperature for Design {C}
  Sensible Load Only No Latent Load,      !- Zone Load Sizing Method
  HumidityRatioDifference,                !- Zone Latent Cooling Design Supply Air Humidity Ratio Input Method
  ,                                       !- Zone Dehumidification Design Supply Air Humidity Ratio {kgWater/kgDryAir}
  0.005,                                  !- Zone Cooling Design Supply Air Humidity Ratio Difference {kgWater/kgDryAir}
  HumidityRatioDifference,                !- Zone Latent Heating Design Supply Air Humidity Ratio Input Method
  ,                                       !- Zone Humidification Design Supply Air Humidity Ratio {kgWater/kgDryAir}
  0.005;                                  !- Zone Humidification Design Supply Air Humidity Ratio Difference {kgWater/kgDryAir}

OS:ZoneHVAC:EquipmentList,
  {a53c3de8-e6e9-4160-905f-15f1cb0c67da}, !- Handle
  Zone HVAC Equipment List 2,             !- Name
  {9a355809-2119-4380-a1d1-a973051a74f5}; !- Thermal Zone

OS:AdditionalProperties,
  {728f5c34-52dc-4b4c-ad0e-1b1d4495d890}, !- Handle
  {9a355809-2119-4380-a1d1-a973051a74f5}, !- Object Name
  ObjectType,                             !- Feature Name 1
  String,                                 !- Feature Data Type 1
  attic - vented;                         !- Feature Value 1

OS:Space,
  {abd50040-048e-4ab7-b817-55428dc46b6f}, !- Handle
  attic - vented 1,                       !- Name
  ,                                       !- Space Type Name
  ,                                       !- Default Construction Set Name
  ,                                       !- Default Schedule Set Name
  ,                                       !- Direction of Relative North {deg}
  ,                                       !- X Origin {m}
  ,                                       !- Y Origin {m}
  ,                                       !- Z Origin {m}
  ,                                       !- Building Story Name
  {9a355809-2119-4380-a1d1-a973051a74f5}, !- Thermal Zone Name
  ,                                       !- Part of Total Floor Area
  ,                                       !- Design Specification Outdoor Air Object Name
  {e3a51409-6bb8-4de9-a8ff-fddcbc91f443}, !- Building Unit Name
  56.2946259248431;                       !- Volume {m3}

OS:Material,
  {67ba59ab-f06b-4f1e-9482-0aade1943470}, !- Handle
  asphalt or fiberglass shingles,         !- Name
  Rough,                                  !- Roughness
  0.00635,                                !- Thickness {m}
  0.162714,                               !- Conductivity {W/m-K}
  1121.4,                                 !- Density {kg/m3}
  1465.45,                                !- Specific Heat {J/kg-K}
  0.9,                                    !- Thermal Absorptance
  0.85,                                   !- Solar Absorptance
  0.85;                                   !- Visible Absorptance

OS:Material,
  {97460651-6381-40ec-844a-7a2e3a202f4b}, !- Handle
  roof rigid ins,                         !- Name
  Rough,                                  !- Roughness
  0.0028163194147757,                     !- Thickness {m}
  0.029427,                               !- Conductivity {W/m-K}
  32.04,                                  !- Density {kg/m3}
  1214.23,                                !- Specific Heat {J/kg-K}
  0.9,                                    !- Thermal Absorptance
  0.7,                                    !- Solar Absorptance
  0.7;                                    !- Visible Absorptance

OS:Material,
  {1ba0b309-88e6-42a8-ac63-a4340ed73423}, !- Handle
  osb sheathing 0.5 in.,                  !- Name
  Rough,                                  !- Roughness
  0.0127,                                 !- Thickness {m}
  0.1154577,                              !- Conductivity {W/m-K}
  512.64,                                 !- Density {kg/m3}
  1214.23,                                !- Specific Heat {J/kg-K}
  0.9,                                    !- Thermal Absorptance
  0.6,                                    !- Solar Absorptance
  0.6;                                    !- Visible Absorptance

OS:Construction,
  {951e020e-2d14-422d-8bbf-ec24c8cc4855}, !- Handle
  Roof1 construction,                     !- Name
  ,                                       !- Surface Rendering Name
  {67ba59ab-f06b-4f1e-9482-0aade1943470}, !- Layer 1
  {97460651-6381-40ec-844a-7a2e3a202f4b}, !- Layer 2
  {1ba0b309-88e6-42a8-ac63-a4340ed73423}; !- Layer 3

OS:Surface,
  {b6417f8f-3458-4618-9fa6-4e6cb96078c3}, !- Handle
  Roof2,                                  !- Name
  RoofCeiling,                            !- Surface Type
  {3b3bb1f9-6849-4426-9924-383fb3012e5c}, !- Construction Name
  {abd50040-048e-4ab7-b817-55428dc46b6f}, !- Space Name
  Outdoors,                               !- Outside Boundary Condition
  ,                                       !- Outside Boundary Condition Object
  SunExposed,                             !- Sun Exposure
  WindExposed,                            !- Wind Exposure
  ,                                       !- View Factor to Ground
  ,                                       !- Number of Vertices
  21.3843994234394, 38.5404669274689, 5.1816, !- X,Y,Z Vertex 1 {m}
  21.3843992608497, 32.4505659785207, 8.22655047447409, !- X,Y,Z Vertex 2 {m}
  28.193115509894, 32.4505657967399, 8.22655047447409, !- X,Y,Z Vertex 3 {m}
  28.1931156724837, 38.5404667456881, 5.1816; !- X,Y,Z Vertex 4 {m}

OS:AdditionalProperties,
  {e49df794-2465-4cc0-afe5-8ee352f781e8}, !- Handle
  {b6417f8f-3458-4618-9fa6-4e6cb96078c3}, !- Object Name
  Length,                                 !- Feature Name 1
  Double,                                 !- Feature Data Type 1
  22.338307903688676,                     !- Feature Value 1
  Width,                                  !- Feature Name 2
  Double,                                 !- Feature Data Type 2
  22.338307903688676,                     !- Feature Value 2
  Azimuth,                                !- Feature Name 3
  Integer,                                !- Feature Data Type 3
  0,                                      !- Feature Value 3
  Tilt,                                   !- Feature Name 4
  Double,                                 !- Feature Data Type 4
  0.5,                                    !- Feature Value 4
  SurfaceType,                            !- Feature Name 5
  String,                                 !- Feature Data Type 5
  Roof;                                   !- Feature Value 5

OS:Construction,
  {3b3bb1f9-6849-4426-9924-383fb3012e5c}, !- Handle
  Roof2 construction,                     !- Name
  ,                                       !- Surface Rendering Name
  {67ba59ab-f06b-4f1e-9482-0aade1943470}, !- Layer 1
  {97460651-6381-40ec-844a-7a2e3a202f4b}, !- Layer 2
  {1ba0b309-88e6-42a8-ac63-a4340ed73423}; !- Layer 3

OS:Surface,
  {e0da5206-6f10-4d26-8219-b6565e54f0d5}, !- Handle
  Wall1,                                  !- Name
  Wall,                                   !- Surface Type
  {fd7466e8-2673-499b-ae98-3fd5a54a8650}, !- Construction Name
  {d2d08edd-88aa-4a5f-9d1c-043be2ed219b}, !- Space Name
  Outdoors,                               !- Outside Boundary Condition
  ,                                       !- Outside Boundary Condition Object
  SunExposed,                             !- Sun Exposure
  WindExposed,                            !- Wind Exposure
  ,                                       !- View Factor to Ground
  ,                                       !- Number of Vertices
  37.6114366201518, -38.5404650711948, 0.3048, !- X,Y,Z Vertex 1 {m}
  37.6114366201518, -38.5404650711948, 5.1816, !- X,Y,Z Vertex 2 {m}
  26.8596166201518, -38.5404653582496, 5.1816, !- X,Y,Z Vertex 3 {m}
  26.8596166201518, -38.5404653582496, 0.3048; !- X,Y,Z Vertex 4 {m}

OS:AdditionalProperties,
  {6e23c230-c4fa-4b49-a86b-edf1e2d3e297}, !- Handle
  {e0da5206-6f10-4d26-8219-b6565e54f0d5}, !- Object Name
  Length,                                 !- Feature Name 1
  Double,                                 !- Feature Data Type 1
  35.274999999999999,                     !- Feature Value 1
  Azimuth,                                !- Feature Name 2
  Integer,                                !- Feature Data Type 2
  180,                                    !- Feature Value 2
  Tilt,                                   !- Feature Name 3
  Double,                                 !- Feature Data Type 3
  90,                                     !- Feature Value 3
  SurfaceType,                            !- Feature Name 4
  String,                                 !- Feature Data Type 4
  Wall;                                   !- Feature Value 4

OS:Material,
  {4da365d7-72df-4546-a5e3-bb6d5618dca8}, !- Handle
  vinyl siding,                           !- Name
  Rough,                                  !- Roughness
  0.009525,                               !- Thickness {m}
  0.089435,                               !- Conductivity {W/m-K}
  177.822,                                !- Density {kg/m3}
  1046.75,                                !- Specific Heat {J/kg-K}
  0.9,                                    !- Thermal Absorptance
  0.5,                                    !- Solar Absorptance
  0.5;                                    !- Visible Absorptance

OS:Material,
  {d261200f-4a24-485d-8fab-b0e11407ff50}, !- Handle
  osb sheathing 0.5 in. 1,                !- Name
  Rough,                                  !- Roughness
  0.0127,                                 !- Thickness {m}
  0.1154577,                              !- Conductivity {W/m-K}
  512.64,                                 !- Density {kg/m3}
  1214.23,                                !- Specific Heat {J/kg-K}
  0.9,                                    !- Thermal Absorptance
  0.7,                                    !- Solar Absorptance
  0.7;                                    !- Visible Absorptance

OS:Material,
  {ddccdeb4-77ff-46eb-86ad-4907ea835d04}, !- Handle
  wall stud and cavity,                   !- Name
  Rough,                                  !- Roughness
  0.1397,                                 !- Thickness {m}
  0.0950888816651551,                     !- Conductivity {W/m-K}
  139.0536,                               !- Density {kg/m3}
  1170.23755760369,                       !- Specific Heat {J/kg-K}
  0.9,                                    !- Thermal Absorptance
  0.7,                                    !- Solar Absorptance
  0.7;                                    !- Visible Absorptance

OS:Material,
  {6d136fc9-dc66-47bb-bd24-cbc885e329d8}, !- Handle
  gypsum board,                           !- Name
  Rough,                                  !- Roughness
  0.0127,                                 !- Thickness {m}
  0.1602906,                              !- Conductivity {W/m-K}
  801,                                    !- Density {kg/m3}
  837.4,                                  !- Specific Heat {J/kg-K}
  0.9,                                    !- Thermal Absorptance
  0.6,                                    !- Solar Absorptance
  0.6;                                    !- Visible Absorptance

OS:Construction,
  {fd7466e8-2673-499b-ae98-3fd5a54a8650}, !- Handle
  Wall1 construction,                     !- Name
  ,                                       !- Surface Rendering Name
  {4da365d7-72df-4546-a5e3-bb6d5618dca8}, !- Layer 1
  {d261200f-4a24-485d-8fab-b0e11407ff50}, !- Layer 2
  {ddccdeb4-77ff-46eb-86ad-4907ea835d04}, !- Layer 3
  {6d136fc9-dc66-47bb-bd24-cbc885e329d8}; !- Layer 4

OS:Surface,
  {94bc2a46-165f-4299-9861-680f75d6753e}, !- Handle
  Wall2,                                  !- Name
  Wall,                                   !- Surface Type
  {0926d219-60a5-4a53-9d30-4f1a7796a34b}, !- Construction Name
  {d2d08edd-88aa-4a5f-9d1c-043be2ed219b}, !- Space Name
  Outdoors,                               !- Outside Boundary Condition
  ,                                       !- Outside Boundary Condition Object
  SunExposed,                             !- Sun Exposure
  WindExposed,                            !- Wind Exposure
  ,                                       !- View Factor to Ground
  ,                                       !- Number of Vertices
  -38.5404676724986, 21.1056277214285, 0.3048, !- X,Y,Z Vertex 1 {m}
  -38.5404676724986, 21.1056277214285, 5.1816, !- X,Y,Z Vertex 2 {m}
  -38.5404679116685, 27.0778027214285, 5.1816, !- X,Y,Z Vertex 3 {m}
  -38.5404679116685, 27.0778027214285, 0.3048; !- X,Y,Z Vertex 4 {m}

OS:AdditionalProperties,
  {7ad72150-4a9a-4b31-8d9f-3cd03fcd64b5}, !- Handle
  {94bc2a46-165f-4299-9861-680f75d6753e}, !- Object Name
  Length,                                 !- Feature Name 1
  Double,                                 !- Feature Data Type 1
  19.593750000000004,                     !- Feature Value 1
  Azimuth,                                !- Feature Name 2
  Integer,                                !- Feature Data Type 2
  270,                                    !- Feature Value 2
  Tilt,                                   !- Feature Name 3
  Double,                                 !- Feature Data Type 3
  90,                                     !- Feature Value 3
  SurfaceType,                            !- Feature Name 4
  String,                                 !- Feature Data Type 4
  Wall;                                   !- Feature Value 4

OS:Construction,
  {0926d219-60a5-4a53-9d30-4f1a7796a34b}, !- Handle
  Wall2 construction,                     !- Name
  ,                                       !- Surface Rendering Name
  {4da365d7-72df-4546-a5e3-bb6d5618dca8}, !- Layer 1
  {d261200f-4a24-485d-8fab-b0e11407ff50}, !- Layer 2
  {ddccdeb4-77ff-46eb-86ad-4907ea835d04}, !- Layer 3
  {6d136fc9-dc66-47bb-bd24-cbc885e329d8}; !- Layer 4

OS:Surface,
  {4b1227e0-1c4c-4484-91b1-ba6cf510baef}, !- Handle
  Wall3,                                  !- Name
  Wall,                                   !- Surface Type
  {e32bdbfb-ecec-4767-9e40-0f4f5e7acc31}, !- Construction Name
  {d2d08edd-88aa-4a5f-9d1c-043be2ed219b}, !- Space Name
  Outdoors,                               !- Outside Boundary Condition
  ,                                       !- Outside Boundary Condition Object
  SunExposed,                             !- Sun Exposure
  WindExposed,                            !- Wind Exposure
  ,                                       !- View Factor to Ground
  ,                                       !- Number of Vertices
  -0.132850382866341, 38.5404665731175, 0.3048, !- X,Y,Z Vertex 1 {m}
  -0.132850382866341, 38.5404665731175, 5.1816, !- X,Y,Z Vertex 2 {m}
  10.2379696171337, 38.5404665731175, 5.1816, !- X,Y,Z Vertex 3 {m}
  10.2379696171337, 38.5404665731175, 0.3048; !- X,Y,Z Vertex 4 {m}

OS:AdditionalProperties,
  {53bb7f07-31a3-4d5f-bc7d-df47990229c2}, !- Handle
  {4b1227e0-1c4c-4484-91b1-ba6cf510baef}, !- Object Name
  Length,                                 !- Feature Name 1
  Double,                                 !- Feature Data Type 1
  34.024999999999999,                     !- Feature Value 1
  Azimuth,                                !- Feature Name 2
  Integer,                                !- Feature Data Type 2
  0,                                      !- Feature Value 2
  Tilt,                                   !- Feature Name 3
  Double,                                 !- Feature Data Type 3
  90,                                     !- Feature Value 3
  SurfaceType,                            !- Feature Name 4
  String,                                 !- Feature Data Type 4
  Wall;                                   !- Feature Value 4

OS:Construction,
  {e32bdbfb-ecec-4767-9e40-0f4f5e7acc31}, !- Handle
  Wall3 construction,                     !- Name
  ,                                       !- Surface Rendering Name
  {4da365d7-72df-4546-a5e3-bb6d5618dca8}, !- Layer 1
  {d261200f-4a24-485d-8fab-b0e11407ff50}, !- Layer 2
  {ddccdeb4-77ff-46eb-86ad-4907ea835d04}, !- Layer 3
  {6d136fc9-dc66-47bb-bd24-cbc885e329d8}; !- Layer 4

OS:Surface,
  {96450bcc-d8d7-4862-977b-696417290ea5}, !- Handle
  Wall4,                                  !- Name
  Wall,                                   !- Surface Type
  {bc644dd0-6054-45d2-91be-abab082e47e8}, !- Construction Name
  {d2d08edd-88aa-4a5f-9d1c-043be2ed219b}, !- Space Name
  Outdoors,                               !- Outside Boundary Condition
  ,                                       !- Outside Boundary Condition Object
  SunExposed,                             !- Sun Exposure
  WindExposed,                            !- Wind Exposure
  ,                                       !- View Factor to Ground
  ,                                       !- Number of Vertices
  38.5404671090153, -21.1056287503915, 0.3048, !- X,Y,Z Vertex 1 {m}
  38.5404671090153, -21.1056287503915, 5.1816, !- X,Y,Z Vertex 2 {m}
  38.5404671887387, -27.0778037503915, 5.1816, !- X,Y,Z Vertex 3 {m}
  38.5404671887387, -27.0778037503915, 0.3048; !- X,Y,Z Vertex 4 {m}

OS:AdditionalProperties,
  {6027f14a-6164-4466-9b17-7d4933d5bfad}, !- Handle
  {96450bcc-d8d7-4862-977b-696417290ea5}, !- Object Name
  Length,                                 !- Feature Name 1
  Double,                                 !- Feature Data Type 1
  19.593750000000004,                     !- Feature Value 1
  Azimuth,                                !- Feature Name 2
  Integer,                                !- Feature Data Type 2
  90,                                     !- Feature Value 2
  Tilt,                                   !- Feature Name 3
  Double,                                 !- Feature Data Type 3
  90,                                     !- Feature Value 3
  SurfaceType,                            !- Feature Name 4
  String,                                 !- Feature Data Type 4
  Wall;                                   !- Feature Value 4

OS:Construction,
  {bc644dd0-6054-45d2-91be-abab082e47e8}, !- Handle
  Wall4 construction,                     !- Name
  ,                                       !- Surface Rendering Name
  {4da365d7-72df-4546-a5e3-bb6d5618dca8}, !- Layer 1
  {d261200f-4a24-485d-8fab-b0e11407ff50}, !- Layer 2
  {ddccdeb4-77ff-46eb-86ad-4907ea835d04}, !- Layer 3
  {6d136fc9-dc66-47bb-bd24-cbc885e329d8}; !- Layer 4

OS:Surface,
  {39e60aae-3250-4946-9461-19f71f91934c}, !- Handle
  Wall5,                                  !- Name
  Wall,                                   !- Surface Type
  {a80294a4-afd3-4e32-bb64-774c659a0500}, !- Construction Name
  {abd50040-048e-4ab7-b817-55428dc46b6f}, !- Space Name
  Outdoors,                               !- Outside Boundary Condition
  ,                                       !- Outside Boundary Condition Object
  SunExposed,                             !- Sun Exposure
  WindExposed,                            !- Wind Exposure
  ,                                       !- View Factor to Ground
  ,                                       !- Number of Vertices
  -38.5404675278467, 18.9954973214285, 0.3048, !- X,Y,Z Vertex 1 {m}
  -38.5404675278467, 18.9954973214285, 5.1816, !- X,Y,Z Vertex 2 {m}
  -38.5404675751467, 20.1765973214285, 5.1816, !- X,Y,Z Vertex 3 {m}
  -38.5404675751467, 20.1765973214285, 0.3048; !- X,Y,Z Vertex 4 {m}

OS:AdditionalProperties,
  {2602bd79-5b6a-42cc-87ed-1dd5ad4b211d}, !- Handle
  {39e60aae-3250-4946-9461-19f71f91934c}, !- Object Name
  Length,                                 !- Feature Name 1
  Double,                                 !- Feature Data Type 1
  3.875,                                  !- Feature Value 1
  Azimuth,                                !- Feature Name 2
  Integer,                                !- Feature Data Type 2
  270,                                    !- Feature Value 2
  Tilt,                                   !- Feature Name 3
  Double,                                 !- Feature Data Type 3
  90,                                     !- Feature Value 3
  SurfaceType,                            !- Feature Name 4
  String,                                 !- Feature Data Type 4
  Wall;                                   !- Feature Value 4

OS:Material,
  {93a2af2e-5e06-4811-bb2e-9cbae24dece1}, !- Handle
  wall stud and cavity 1,                 !- Name
  Rough,                                  !- Roughness
  0.1397,                                 !- Thickness {m}
  0.419005042209566,                      !- Conductivity {W/m-K}
  139.0536,                               !- Density {kg/m3}
  1170.23755760369,                       !- Specific Heat {J/kg-K}
  0.9,                                    !- Thermal Absorptance
  0.6,                                    !- Solar Absorptance
  0.6;                                    !- Visible Absorptance

OS:Construction,
  {a80294a4-afd3-4e32-bb64-774c659a0500}, !- Handle
  Wall5 construction,                     !- Name
  ,                                       !- Surface Rendering Name
  {4da365d7-72df-4546-a5e3-bb6d5618dca8}, !- Layer 1
  {d261200f-4a24-485d-8fab-b0e11407ff50}, !- Layer 2
  {93a2af2e-5e06-4811-bb2e-9cbae24dece1}; !- Layer 3

OS:Surface,
  {45fc8845-d301-49c6-b970-3440254f00fe}, !- Handle
  Wall6,                                  !- Name
  Wall,                                   !- Surface Type
  {f617b60e-c25a-4cc2-bf42-126d0eecd19e}, !- Construction Name
  {abd50040-048e-4ab7-b817-55428dc46b6f}, !- Space Name
  Outdoors,                               !- Outside Boundary Condition
  ,                                       !- Outside Boundary Condition Object
  SunExposed,                             !- Sun Exposure
  WindExposed,                            !- Wind Exposure
  ,                                       !- View Factor to Ground
  ,                                       !- Number of Vertices
  38.5404670207002, -18.9954983503915, 0.3048, !- X,Y,Z Vertex 1 {m}
  38.5404670207002, -18.9954983503915, 5.1816, !- X,Y,Z Vertex 2 {m}
  38.5404670364668, -20.1765983503915, 5.1816, !- X,Y,Z Vertex 3 {m}
  38.5404670364668, -20.1765983503915, 0.3048; !- X,Y,Z Vertex 4 {m}

OS:AdditionalProperties,
  {fdb381e8-bde2-480d-a6c9-0f077005ce7b}, !- Handle
  {45fc8845-d301-49c6-b970-3440254f00fe}, !- Object Name
  Length,                                 !- Feature Name 1
  Double,                                 !- Feature Data Type 1
  3.875,                                  !- Feature Value 1
  Azimuth,                                !- Feature Name 2
  Integer,                                !- Feature Data Type 2
  90,                                     !- Feature Value 2
  Tilt,                                   !- Feature Name 3
  Double,                                 !- Feature Data Type 3
  90,                                     !- Feature Value 3
  SurfaceType,                            !- Feature Name 4
  String,                                 !- Feature Data Type 4
  Wall;                                   !- Feature Value 4

OS:Construction,
  {f617b60e-c25a-4cc2-bf42-126d0eecd19e}, !- Handle
  Wall6 construction,                     !- Name
  ,                                       !- Surface Rendering Name
  {4da365d7-72df-4546-a5e3-bb6d5618dca8}, !- Layer 1
  {d261200f-4a24-485d-8fab-b0e11407ff50}, !- Layer 2
  {93a2af2e-5e06-4811-bb2e-9cbae24dece1}; !- Layer 3

OS:Surface,
  {7a0bfb58-f7a3-4d78-9608-f75ce9113c56}, !- Handle
  RimJoist1,                              !- Name
  Wall,                                   !- Surface Type
  {346dbed7-0cc9-4616-9d2d-9354b5fd4444}, !- Construction Name
  {d2d08edd-88aa-4a5f-9d1c-043be2ed219b}, !- Space Name
  Outdoors,                               !- Outside Boundary Condition
  ,                                       !- Outside Boundary Condition Object
  SunExposed,                             !- Sun Exposure
  WindExposed,                            !- Wind Exposure
  ,                                       !- View Factor to Ground
  ,                                       !- Number of Vertices
  9.81544543777414, -38.5404661754507, 0.3048, !- X,Y,Z Vertex 1 {m}
  9.81544543777414, -38.5404661754507, 0.6096, !- X,Y,Z Vertex 2 {m}
  0.397125437774142, -38.5404664269033, 0.6096, !- X,Y,Z Vertex 3 {m}
  0.397125437774142, -38.5404664269033, 0.3048; !- X,Y,Z Vertex 4 {m}

OS:AdditionalProperties,
  {e3b9ab42-3c9a-44a6-a5f1-3999aaf39451}, !- Handle
  {7a0bfb58-f7a3-4d78-9608-f75ce9113c56}, !- Object Name
  Length,                                 !- Feature Name 1
  Double,                                 !- Feature Data Type 1
  30.899999999999999,                     !- Feature Value 1
  Azimuth,                                !- Feature Name 2
  Integer,                                !- Feature Data Type 2
  180,                                    !- Feature Value 2
  Tilt,                                   !- Feature Name 3
  Double,                                 !- Feature Data Type 3
  90,                                     !- Feature Value 3
  SurfaceType,                            !- Feature Name 4
  String,                                 !- Feature Data Type 4
  RimJoist;                               !- Feature Value 4

OS:Material,
  {e595c7d7-9d8f-4a3b-82f0-1b47c9c4f345}, !- Handle
  rim joist rigid ins,                    !- Name
  Rough,                                  !- Roughness
  0.051816,                               !- Thickness {m}
  0.029427,                               !- Conductivity {W/m-K}
  32.04,                                  !- Density {kg/m3}
  1214.23,                                !- Specific Heat {J/kg-K}
  0.9,                                    !- Thermal Absorptance
  0.7,                                    !- Solar Absorptance
  0.7;                                    !- Visible Absorptance

OS:Material,
  {a7582e7a-f0c4-4070-a32c-79ba0c0e7942}, !- Handle
  osb sheathing 2.0 in.,                  !- Name
  Rough,                                  !- Roughness
  0.0508,                                 !- Thickness {m}
  0.1154577,                              !- Conductivity {W/m-K}
  512.64,                                 !- Density {kg/m3}
  1214.23,                                !- Specific Heat {J/kg-K}
  0.9,                                    !- Thermal Absorptance
  0.7,                                    !- Solar Absorptance
  0.7;                                    !- Visible Absorptance

OS:Material,
  {ecf0f2ca-438f-48a7-b3fe-82f44bacccc5}, !- Handle
  rim joist stud and cavity,              !- Name
  Rough,                                  !- Roughness
  0.0508,                                 !- Thickness {m}
  0.0700342897120536,                     !- Conductivity {W/m-K}
  125.04411,                              !- Density {kg/m3}
  1163.47425853565,                       !- Specific Heat {J/kg-K}
  0.9,                                    !- Thermal Absorptance
  0.6,                                    !- Solar Absorptance
  0.6;                                    !- Visible Absorptance

OS:Construction,
  {346dbed7-0cc9-4616-9d2d-9354b5fd4444}, !- Handle
  RimJoist1 construction,                 !- Name
  ,                                       !- Surface Rendering Name
  {4da365d7-72df-4546-a5e3-bb6d5618dca8}, !- Layer 1
  {e595c7d7-9d8f-4a3b-82f0-1b47c9c4f345}, !- Layer 2
  {a7582e7a-f0c4-4070-a32c-79ba0c0e7942}, !- Layer 3
  {ecf0f2ca-438f-48a7-b3fe-82f44bacccc5}; !- Layer 4

OS:Surface,
  {37c31c1a-9ad6-49b3-8503-73fae78ec6c2}, !- Handle
  RimJoist2,                              !- Name
  Wall,                                   !- Surface Type
  {01eb9abb-845c-4e47-b2ab-9da6df7c62cc}, !- Construction Name
  {d2d08edd-88aa-4a5f-9d1c-043be2ed219b}, !- Space Name
  Outdoors,                               !- Outside Boundary Condition
  ,                                       !- Outside Boundary Condition Object
  SunExposed,                             !- Sun Exposure
  WindExposed,                            !- Wind Exposure
  ,                                       !- View Factor to Ground
  ,                                       !- Number of Vertices
  -38.5404683186537, 33.2979044477443, 0.3048, !- X,Y,Z Vertex 1 {m}
  -38.5404683186537, 33.2979044477443, 0.6096, !- X,Y,Z Vertex 2 {m}
  -38.5404685286044, 38.5404644477443, 0.6096, !- X,Y,Z Vertex 3 {m}
  -38.5404685286044, 38.5404644477443, 0.3048; !- X,Y,Z Vertex 4 {m}

OS:AdditionalProperties,
  {d4d7ff8b-eb88-4749-808d-06f8cdca76ea}, !- Handle
  {37c31c1a-9ad6-49b3-8503-73fae78ec6c2}, !- Object Name
  Length,                                 !- Feature Name 1
  Double,                                 !- Feature Data Type 1
  17.199999999999999,                     !- Feature Value 1
  Azimuth,                                !- Feature Name 2
  Integer,                                !- Feature Data Type 2
  270,                                    !- Feature Value 2
  Tilt,                                   !- Feature Name 3
  Double,                                 !- Feature Data Type 3
  90,                                     !- Feature Value 3
  SurfaceType,                            !- Feature Name 4
  String,                                 !- Feature Data Type 4
  RimJoist;                               !- Feature Value 4

OS:Construction,
  {01eb9abb-845c-4e47-b2ab-9da6df7c62cc}, !- Handle
  RimJoist2 construction,                 !- Name
  ,                                       !- Surface Rendering Name
  {4da365d7-72df-4546-a5e3-bb6d5618dca8}, !- Layer 1
  {e595c7d7-9d8f-4a3b-82f0-1b47c9c4f345}, !- Layer 2
  {a7582e7a-f0c4-4070-a32c-79ba0c0e7942}, !- Layer 3
  {ecf0f2ca-438f-48a7-b3fe-82f44bacccc5}; !- Layer 4

OS:Surface,
  {b57d345d-af74-4139-90e7-541a9cd49878}, !- Handle
  RimJoist3,                              !- Name
  Wall,                                   !- Surface Type
  {cf61f0e0-ceb7-444c-8b24-a06e558191ec}, !- Construction Name
  {d2d08edd-88aa-4a5f-9d1c-043be2ed219b}, !- Space Name
  Outdoors,                               !- Outside Boundary Condition
  ,                                       !- Outside Boundary Condition Object
  SunExposed,                             !- Sun Exposure
  WindExposed,                            !- Wind Exposure
  ,                                       !- View Factor to Ground
  ,                                       !- Number of Vertices
  29.1221459911888, 38.5404669572886, 0.3048, !- X,Y,Z Vertex 1 {m}
  29.1221459911888, 38.5404669572886, 0.6096, !- X,Y,Z Vertex 2 {m}
  38.5404659911888, 38.5404669572886, 0.6096, !- X,Y,Z Vertex 3 {m}
  38.5404659911888, 38.5404669572886, 0.3048; !- X,Y,Z Vertex 4 {m}

OS:AdditionalProperties,
  {a3d5e7d4-1a90-497f-afa8-8b17389182cb}, !- Handle
  {b57d345d-af74-4139-90e7-541a9cd49878}, !- Object Name
  Length,                                 !- Feature Name 1
  Double,                                 !- Feature Data Type 1
  30.899999999999999,                     !- Feature Value 1
  Azimuth,                                !- Feature Name 2
  Integer,                                !- Feature Data Type 2
  0,                                      !- Feature Value 2
  Tilt,                                   !- Feature Name 3
  Double,                                 !- Feature Data Type 3
  90,                                     !- Feature Value 3
  SurfaceType,                            !- Feature Name 4
  String,                                 !- Feature Data Type 4
  RimJoist;                               !- Feature Value 4

OS:Construction,
  {cf61f0e0-ceb7-444c-8b24-a06e558191ec}, !- Handle
  RimJoist3 construction,                 !- Name
  ,                                       !- Surface Rendering Name
  {4da365d7-72df-4546-a5e3-bb6d5618dca8}, !- Layer 1
  {e595c7d7-9d8f-4a3b-82f0-1b47c9c4f345}, !- Layer 2
  {a7582e7a-f0c4-4070-a32c-79ba0c0e7942}, !- Layer 3
  {ecf0f2ca-438f-48a7-b3fe-82f44bacccc5}; !- Layer 4

OS:Surface,
  {6a605506-f8a0-4916-919a-5b473aba5b0d}, !- Handle
  RimJoist4,                              !- Name
  Wall,                                   !- Surface Type
  {ca48b36a-2737-4826-ab10-1771acc72c46}, !- Construction Name
  {d2d08edd-88aa-4a5f-9d1c-043be2ed219b}, !- Space Name
  Outdoors,                               !- Outside Boundary Condition
  ,                                       !- Outside Boundary Condition Object
  SunExposed,                             !- Sun Exposure
  WindExposed,                            !- Wind Exposure
  ,                                       !- View Factor to Ground
  ,                                       !- Number of Vertices
  38.5404674296579, -33.2979054767073, 0.3048, !- X,Y,Z Vertex 1 {m}
  38.5404674296579, -33.2979054767073, 0.6096, !- X,Y,Z Vertex 2 {m}
  38.5404674996415, -38.5404654767073, 0.6096, !- X,Y,Z Vertex 3 {m}
  38.5404674996415, -38.5404654767073, 0.3048; !- X,Y,Z Vertex 4 {m}

OS:AdditionalProperties,
  {320b4a61-5dea-4b41-8140-23697f3e5a7c}, !- Handle
  {6a605506-f8a0-4916-919a-5b473aba5b0d}, !- Object Name
  Length,                                 !- Feature Name 1
  Double,                                 !- Feature Data Type 1
  17.199999999999999,                     !- Feature Value 1
  Azimuth,                                !- Feature Name 2
  Integer,                                !- Feature Data Type 2
  90,                                     !- Feature Value 2
  Tilt,                                   !- Feature Name 3
  Double,                                 !- Feature Data Type 3
  90,                                     !- Feature Value 3
  SurfaceType,                            !- Feature Name 4
  String,                                 !- Feature Data Type 4
  RimJoist;                               !- Feature Value 4

OS:Construction,
  {ca48b36a-2737-4826-ab10-1771acc72c46}, !- Handle
  RimJoist4 construction,                 !- Name
  ,                                       !- Surface Rendering Name
  {4da365d7-72df-4546-a5e3-bb6d5618dca8}, !- Layer 1
  {e595c7d7-9d8f-4a3b-82f0-1b47c9c4f345}, !- Layer 2
  {a7582e7a-f0c4-4070-a32c-79ba0c0e7942}, !- Layer 3
  {ecf0f2ca-438f-48a7-b3fe-82f44bacccc5}; !- Layer 4

OS:Surface,
  {edd2f544-b268-40e0-b24e-4c0ec0181ce0}, !- Handle
  Floor1,                                 !- Name
  RoofCeiling,                            !- Surface Type
  {c49ee020-05a1-4bee-8e80-e25f69f3324c}, !- Construction Name
  {d2d08edd-88aa-4a5f-9d1c-043be2ed219b}, !- Space Name
  Surface,                                !- Outside Boundary Condition
  {93f68d29-3963-4515-9c36-08015bb3e8c2}, !- Outside Boundary Condition Object
  NoSun,                                  !- Sun Exposure
  NoWind,                                 !- Wind Exposure
  ,                                       !- View Factor to Ground
  ,                                       !- Number of Vertices
  4.55342024768196, -4.55342024768196, 5.1816, !- X,Y,Z Vertex 1 {m}
  4.55342024768196, 4.55342024768196, 5.1816, !- X,Y,Z Vertex 2 {m}
  -4.55342024768196, 4.55342024768196, 5.1816, !- X,Y,Z Vertex 3 {m}
  -4.55342024768196, -4.55342024768196, 5.1816; !- X,Y,Z Vertex 4 {m}

OS:AdditionalProperties,
  {43fe1468-5978-471b-b491-7ec04ebf61ff}, !- Handle
  {edd2f544-b268-40e0-b24e-4c0ec0181ce0}, !- Object Name
  SurfaceType,                            !- Feature Name 1
  String,                                 !- Feature Data Type 1
  Ceiling,                                !- Feature Value 1
  Tilt,                                   !- Feature Name 2
  Double,                                 !- Feature Data Type 2
  0;                                      !- Feature Value 2

OS:Surface,
  {93f68d29-3963-4515-9c36-08015bb3e8c2}, !- Handle
  Surface 1 Reversed,                     !- Name
  Floor,                                  !- Surface Type
  {832e15a9-e769-4120-8b34-5bcd89405447}, !- Construction Name
  {abd50040-048e-4ab7-b817-55428dc46b6f}, !- Space Name
  Surface,                                !- Outside Boundary Condition
  {edd2f544-b268-40e0-b24e-4c0ec0181ce0}, !- Outside Boundary Condition Object
  NoSun,                                  !- Sun Exposure
  NoWind,                                 !- Wind Exposure
  ,                                       !- View Factor to Ground
  ,                                       !- Number of Vertices
  -4.55342024768196, -4.55342024768196, 5.1816, !- X,Y,Z Vertex 1 {m}
  -4.55342024768196, 4.55342024768196, 5.1816, !- X,Y,Z Vertex 2 {m}
  4.55342024768196, 4.55342024768196, 5.1816, !- X,Y,Z Vertex 3 {m}
  4.55342024768196, -4.55342024768196, 5.1816; !- X,Y,Z Vertex 4 {m}

OS:AdditionalProperties,
  {1f2b776a-d36a-4906-95fa-8b8d8820eee2}, !- Handle
  {93f68d29-3963-4515-9c36-08015bb3e8c2}, !- Object Name
  SurfaceType,                            !- Feature Name 1
  String,                                 !- Feature Data Type 1
  Ceiling;                                !- Feature Value 1

OS:Material,
  {a287707b-2b61-43a8-90ad-eadda67abfd0}, !- Handle
  ceiling loosefill ins,                  !- Name
  Rough,                                  !- Roughness
  0.169333333333333,                      !- Thickness {m}
  0.0480833333333333,                     !- Conductivity {W/m-K}
  16.02,                                  !- Density {kg/m3}
  1046.75,                                !- Specific Heat {J/kg-K}
  0.9,                                    !- Thermal Absorptance
  0.7,                                    !- Solar Absorptance
  0.7;                                    !- Visible Absorptance

OS:Material,
  {b49edfdf-44cf-4b61-8d41-da27a2f8faa7}, !- Handle
  ceiling stud and cavity,                !- Name
  Rough,                                  !- Roughness
  0.1397,                                 !- Thickness {m}
  0.0824711051224233,                     !- Conductivity {W/m-K}
  65.682,                                 !- Density {kg/m3}
  1177.46609756098,                       !- Specific Heat {J/kg-K}
  0.9,                                    !- Thermal Absorptance
  0.7,                                    !- Solar Absorptance
  0.7;                                    !- Visible Absorptance

OS:Construction,
  {c49ee020-05a1-4bee-8e80-e25f69f3324c}, !- Handle
  Floor1 construction,                    !- Name
  ,                                       !- Surface Rendering Name
  {a287707b-2b61-43a8-90ad-eadda67abfd0}, !- Layer 1
  {b49edfdf-44cf-4b61-8d41-da27a2f8faa7}, !- Layer 2
  {6d136fc9-dc66-47bb-bd24-cbc885e329d8}; !- Layer 3

OS:Construction,
  {832e15a9-e769-4120-8b34-5bcd89405447}, !- Handle
  Floor1 construction Reversed,           !- Name
  ,                                       !- Surface Rendering Name
  {6d136fc9-dc66-47bb-bd24-cbc885e329d8}, !- Layer 1
  {b49edfdf-44cf-4b61-8d41-da27a2f8faa7}, !- Layer 2
  {a287707b-2b61-43a8-90ad-eadda67abfd0}; !- Layer 3

OS:Surface,
  {91b02b8e-166f-4616-823a-1fda44a83ba6}, !- Handle
  FoundationWall1,                        !- Name
  Wall,                                   !- Surface Type
  {8e7fe37e-e45e-4689-82a6-1c9ff73e2835}, !- Construction Name
  {d2d08edd-88aa-4a5f-9d1c-043be2ed219b}, !- Space Name
  Foundation,                             !- Outside Boundary Condition
  {a098d000-2bef-43c3-b307-3ddeb0017e41}, !- Outside Boundary Condition Object
  NoSun,                                  !- Sun Exposure
  NoWind,                                 !- Wind Exposure
  ,                                       !- View Factor to Ground
  ,                                       !- Number of Vertices
  -0.531904962225809, -38.5404667806622, -2.1336, !- X,Y,Z Vertex 1 {m}
  -0.531904962225809, -38.5404667806622, 0.3048, !- X,Y,Z Vertex 2 {m}
  -38.5404649622258, -38.5404677954242, 0.3048, !- X,Y,Z Vertex 3 {m}
  -38.5404649622258, -38.5404677954242, -2.1336; !- X,Y,Z Vertex 4 {m}

OS:AdditionalProperties,
  {91fc7a49-3070-45a7-98c6-5e429c733d5b}, !- Handle
  {91b02b8e-166f-4616-823a-1fda44a83ba6}, !- Object Name
  Length,                                 !- Feature Name 1
  Double,                                 !- Feature Data Type 1
  124.7,                                  !- Feature Value 1
  Azimuth,                                !- Feature Name 2
  Integer,                                !- Feature Data Type 2
  180,                                    !- Feature Value 2
  Tilt,                                   !- Feature Name 3
  Double,                                 !- Feature Data Type 3
  90,                                     !- Feature Value 3
  SurfaceType,                            !- Feature Name 4
  String,                                 !- Feature Data Type 4
  FoundationWall;                         !- Feature Value 4

OS:Foundation:Kiva,
  {a098d000-2bef-43c3-b307-3ddeb0017e41}, !- Handle
  Foundation Kiva 1,                      !- Name
  16.1111111111111,                       !- Initial Indoor Air Temperature {C}
  ,                                       !- Interior Horizontal Insulation Material Name
  ,                                       !- Interior Horizontal Insulation Depth {m}
  ,                                       !- Interior Horizontal Insulation Width {m}
  ,                                       !- Interior Vertical Insulation Material Name
  ,                                       !- Interior Vertical Insulation Depth {m}
  ,                                       !- Exterior Horizontal Insulation Material Name
  ,                                       !- Exterior Horizontal Insulation Depth {m}
  ,                                       !- Exterior Horizontal Insulation Width {m}
  ,                                       !- Exterior Vertical Insulation Material Name
  ,                                       !- Exterior Vertical Insulation Depth {m}
  0.3048,                                 !- Wall Height Above Grade {m}
  0.2032,                                 !- Wall Depth Below Slab {m}
  ,                                       !- Footing Wall Construction Name
  ,                                       !- Footing Material Name
  ,                                       !- Footing Depth {m}
  {7b3b3fb7-319b-4956-92c3-b966b86e3c97}, !- Custom Block Material Name 1
  2.4384,                                 !- Custom Block Depth 1 {m}
  0.2159,                                 !- Custom Block X Position 1 {m}
  0;                                      !- Custom Block Z Position 1 {m}

OS:Material,
  {7b3b3fb7-319b-4956-92c3-b966b86e3c97}, !- Handle
  exterior vertical ins,                  !- Name
  Rough,                                  !- Roughness
  0.077724,                               !- Thickness {m}
  0.029427,                               !- Conductivity {W/m-K}
  32.04,                                  !- Density {kg/m3}
  1214.23;                                !- Specific Heat {J/kg-K}

OS:Foundation:Kiva:Settings,
  {42e5b640-3500-49ee-acb4-7fdf412baf5b}, !- Handle
  2.4234,                                 !- Soil Conductivity {W/m-K}
  1842.3,                                 !- Soil Density {kg/m3}
  418.7,                                  !- Soil Specific Heat {J/kg-K}
  0.9,                                    !- Ground Solar Absorptivity {dimensionless}
  0.9,                                    !- Ground Thermal Absorptivity {dimensionless}
  0.03,                                   !- Ground Surface Roughness {m}
  40,                                     !- Far-Field Width {m}
  ZeroFlux,                               !- Deep-Ground Boundary Condition
  40,                                     !- Deep-Ground Depth {m}
  0.2,                                    !- Minimum Cell Dimension {m}
  3,                                      !- Maximum Cell Growth Coefficient {dimensionless}
  Timestep;                               !- Simulation Timestep

OS:Material,
  {63282ed1-221d-4519-b3a7-71598f759b53}, !- Handle
  concrete 8.0 in.,                       !- Name
  Rough,                                  !- Roughness
  0.2032,                                 !- Thickness {m}
  1.803125,                               !- Conductivity {W/m-K}
  2242.8,                                 !- Density {kg/m3}
  837.4,                                  !- Specific Heat {J/kg-K}
  0.9,                                    !- Thermal Absorptance
  0.7,                                    !- Solar Absorptance
  0.7;                                    !- Visible Absorptance

OS:Material,
  {aef925ba-0e73-4648-a9ea-3df884c9e23c}, !- Handle
  gypsum board 1,                         !- Name
  Rough,                                  !- Roughness
  0.0127,                                 !- Thickness {m}
  0.1602906,                              !- Conductivity {W/m-K}
  801,                                    !- Density {kg/m3}
  837.4,                                  !- Specific Heat {J/kg-K}
  0.9,                                    !- Thermal Absorptance
  0.7,                                    !- Solar Absorptance
  0.7;                                    !- Visible Absorptance

OS:Construction,
  {8e7fe37e-e45e-4689-82a6-1c9ff73e2835}, !- Handle
  FoundationWall1 construction,           !- Name
  ,                                       !- Surface Rendering Name
  {63282ed1-221d-4519-b3a7-71598f759b53}, !- Layer 1
  {aef925ba-0e73-4648-a9ea-3df884c9e23c}; !- Layer 2

OS:Surface,
  {6d14107d-061c-4cf7-ac81-cba9945b1102}, !- Handle
  Slab1,                                  !- Name
  Floor,                                  !- Surface Type
  {2d31bbd2-f362-44eb-99fc-7d28d1237465}, !- Construction Name
  {d2d08edd-88aa-4a5f-9d1c-043be2ed219b}, !- Space Name
  Foundation,                             !- Outside Boundary Condition
  {a098d000-2bef-43c3-b307-3ddeb0017e41}, !- Outside Boundary Condition Object
  NoSun,                                  !- Sun Exposure
  NoWind,                                 !- Wind Exposure
  ,                                       !- View Factor to Ground
  ,                                       !- Number of Vertices
  -6.10717847386926, -3.39496152613075, -2.1336, !- X,Y,Z Vertex 1 {m}
  -6.10717847386926, 3.39496152613075, -2.1336, !- X,Y,Z Vertex 2 {m}
  6.10717847386926, 3.39496152613075, -2.1336, !- X,Y,Z Vertex 3 {m}
  6.10717847386926, -3.39496152613075, -2.1336; !- X,Y,Z Vertex 4 {m}

OS:AdditionalProperties,
  {57e1368b-173a-4342-8435-2256cda9bf4c}, !- Handle
  {6d14107d-061c-4cf7-ac81-cba9945b1102}, !- Object Name
  SurfaceType,                            !- Feature Name 1
  String,                                 !- Feature Data Type 1
  Slab;                                   !- Feature Value 1

OS:Material,
  {31906492-8cc7-4f33-899c-df8afd467ce4}, !- Handle
  concrete 4.0 in.,                       !- Name
  Rough,                                  !- Roughness
  0.1016,                                 !- Thickness {m}
  1.803125,                               !- Conductivity {W/m-K}
  2242.8,                                 !- Density {kg/m3}
  837.4,                                  !- Specific Heat {J/kg-K}
  0.9,                                    !- Thermal Absorptance
  0.7,                                    !- Solar Absorptance
  0.7;                                    !- Visible Absorptance

OS:Material,
  {89e481fb-51df-4296-9142-10cc7b0a3c80}, !- Handle
  floor covering,                         !- Name
  Rough,                                  !- Roughness
  0.0127,                                 !- Thickness {m}
  0.045078125,                            !- Conductivity {W/m-K}
  54.468,                                 !- Density {kg/m3}
  1339.84,                                !- Specific Heat {J/kg-K}
  0.9,                                    !- Thermal Absorptance
  0.9,                                    !- Solar Absorptance
  0.9;                                    !- Visible Absorptance

OS:Construction,
  {2d31bbd2-f362-44eb-99fc-7d28d1237465}, !- Handle
  Slab1 construction,                     !- Name
  ,                                       !- Surface Rendering Name
  {31906492-8cc7-4f33-899c-df8afd467ce4}, !- Layer 1
  {89e481fb-51df-4296-9142-10cc7b0a3c80}; !- Layer 2

OS:SurfaceProperty:ExposedFoundationPerimeter,
  {be6988f7-f761-45e4-b51c-61f38ff376d0}, !- Handle
  {6d14107d-061c-4cf7-ac81-cba9945b1102}, !- Surface Name
  TotalExposedPerimeter,                  !- Exposed Perimeter Calculation Method
  38.00856;                               !- Total Exposed Perimeter {m}

OS:Surface,
  {50235396-61aa-4219-b178-2516ae1e68e5}, !- Handle
  surface Window1,                        !- Name
  Wall,                                   !- Surface Type
  {aea4fffc-01e0-4a2d-b5e8-68f1849735fe}, !- Construction Name
  {d2d08edd-88aa-4a5f-9d1c-043be2ed219b}, !- Space Name
  Outdoors,                               !- Outside Boundary Condition
  ,                                       !- Outside Boundary Condition Object
  SunExposed,                             !- Sun Exposure
  WindExposed,                            !- Wind Exposure
  ,                                       !- View Factor to Ground
  ,                                       !- Number of Vertices
  21.7424627987586, -38.5404656567063, 0.304226354726506, !- X,Y,Z Vertex 1 {m}
  21.7424627987586, -38.5404656567063, 1.40265364527349, !- X,Y,Z Vertex 2 {m}
  18.4816488415449, -38.5404657437643, 1.40265364527349, !- X,Y,Z Vertex 3 {m}
  18.4816488415449, -38.5404657437643, 0.304226354726506; !- X,Y,Z Vertex 4 {m}

OS:AdditionalProperties,
  {b1860d43-9559-43a0-99f8-bb615f34adaf}, !- Handle
  {50235396-61aa-4219-b178-2516ae1e68e5}, !- Object Name
  Length,                                 !- Feature Name 1
  Double,                                 !- Feature Data Type 1
  10.694444444444445,                     !- Feature Value 1
  Azimuth,                                !- Feature Name 2
  Integer,                                !- Feature Data Type 2
  180,                                    !- Feature Value 2
  Tilt,                                   !- Feature Name 3
  Double,                                 !- Feature Data Type 3
  90,                                     !- Feature Value 3
  SurfaceType,                            !- Feature Name 4
  String,                                 !- Feature Data Type 4
  Window;                                 !- Feature Value 4

OS:SubSurface,
  {dc8f3ec5-41ff-4f56-85ca-3c20f8a17931}, !- Handle
  Window1,                                !- Name
  FixedWindow,                            !- Sub Surface Type
  {f8ffc3c5-dfbb-4f98-bd21-2b4811a55c4e}, !- Construction Name
  {50235396-61aa-4219-b178-2516ae1e68e5}, !- Surface Name
  ,                                       !- Outside Boundary Condition Object
  ,                                       !- View Factor to Ground
  ,                                       !- Frame and Divider Name
  ,                                       !- Multiplier
  ,                                       !- Number of Vertices
  21.7418891534851, -38.5404656567216, 0.3048, !- X,Y,Z Vertex 1 {m}
  21.7418891534851, -38.5404656567216, 1.40208, !- X,Y,Z Vertex 2 {m}
  18.4822224868184, -38.540465743749, 1.40208, !- X,Y,Z Vertex 3 {m}
  18.4822224868184, -38.540465743749, 0.3048; !- X,Y,Z Vertex 4 {m}

OS:ShadingSurfaceGroup,
  {291feabe-0f16-413f-ab8c-cbc3b39e9eb3}, !- Handle
  Window1 Shading Surfaces,               !- Name
  Space,                                  !- Shading Surface Type
  {d2d08edd-88aa-4a5f-9d1c-043be2ed219b}, !- Space Name
  ,                                       !- Direction of Relative North {deg}
  ,                                       !- X Origin {m}
  ,                                       !- Y Origin {m}
  ,                                       !- Z Origin {m}
  {dc8f3ec5-41ff-4f56-85ca-3c20f8a17931}; !- Shaded Object Name

OS:ShadingSurface,
  {ca9b817c-15ad-490a-98e8-e7c4a4c265f3}, !- Handle
  Window1 overhangs,                      !- Name
  ,                                       !- Construction Name
  {291feabe-0f16-413f-ab8c-cbc3b39e9eb3}, !- Shading Surface Group Name
  ,                                       !- Transmittance Schedule Name
  ,                                       !- Number of Vertices
  24.4850891534851, -38.540465583483, 4.14528, !- X,Y,Z Vertex 1 {m}
  15.7390224868184, -38.5404658169876, 4.14528, !- X,Y,Z Vertex 2 {m}
  15.7390225030937, -39.1500658169876, 4.14528, !- X,Y,Z Vertex 3 {m}
  24.4850891697604, -39.150065583483, 4.14528; !- X,Y,Z Vertex 4 {m}

OS:WindowMaterial:SimpleGlazingSystem,
  {cd9f8051-40e5-4231-b4e9-9987d4e96148}, !- Handle
  WindowMaterial,                         !- Name
  2.78222,                                !- U-Factor {W/m2-K}
  0.56;                                   !- Solar Heat Gain Coefficient

OS:Construction,
  {f8ffc3c5-dfbb-4f98-bd21-2b4811a55c4e}, !- Handle
  WindowConstruction,                     !- Name
  ,                                       !- Surface Rendering Name
  {cd9f8051-40e5-4231-b4e9-9987d4e96148}; !- Layer 1

OS:Schedule:Ruleset,
  {47f4124a-5cec-4fdc-adc2-8e4d2c5c8844}, !- Handle
  trans schedule winter=0.85 summer=0.7,  !- Name
  {ead26607-0737-4912-8f11-6ae10ca6176b}, !- Schedule Type Limits Name
  {12b623de-02c5-46b6-9b04-7e19e5165cd8}; !- Default Day Schedule Name

OS:Schedule:Day,
  {12b623de-02c5-46b6-9b04-7e19e5165cd8}, !- Handle
  trans schedule winter=0.85 summer=0.7 default day, !- Name
  {ead26607-0737-4912-8f11-6ae10ca6176b}, !- Schedule Type Limits Name
  ,                                       !- Interpolate to Timestep
  24,                                     !- Hour 1
  0,                                      !- Minute 1
  0;                                      !- Value Until Time 1

OS:Schedule:Rule,
  {5efc05ad-bfd4-4f37-89eb-26ab6be01088}, !- Handle
  trans schedule winter=0.85 summer=0.7 allday ruleset1, !- Name
  {47f4124a-5cec-4fdc-adc2-8e4d2c5c8844}, !- Schedule Ruleset Name
  2,                                      !- Rule Order
  {e239f978-7d71-4279-99c8-121c3c0c52f1}, !- Day Schedule Name
  Yes,                                    !- Apply Sunday
  Yes,                                    !- Apply Monday
  Yes,                                    !- Apply Tuesday
  Yes,                                    !- Apply Wednesday
  Yes,                                    !- Apply Thursday
  Yes,                                    !- Apply Friday
  Yes,                                    !- Apply Saturday
  DateRange,                              !- Date Specification Type
  1,                                      !- Start Month
  1,                                      !- Start Day
  3,                                      !- End Month
  31;                                     !- End Day

OS:Schedule:Day,
  {e239f978-7d71-4279-99c8-121c3c0c52f1}, !- Handle
  trans schedule winter=0.85 summer=0.7 allday1, !- Name
  {ead26607-0737-4912-8f11-6ae10ca6176b}, !- Schedule Type Limits Name
  ,                                       !- Interpolate to Timestep
  24,                                     !- Hour 1
  0,                                      !- Minute 1
  0.85;                                   !- Value Until Time 1

OS:Schedule:Rule,
  {3a58413b-80a4-44fa-9bb0-24579e2cda88}, !- Handle
  trans schedule winter=0.85 summer=0.7 allday ruleset91, !- Name
  {47f4124a-5cec-4fdc-adc2-8e4d2c5c8844}, !- Schedule Ruleset Name
  1,                                      !- Rule Order
  {d69f3b9d-f707-4280-9e7e-d76bcdada436}, !- Day Schedule Name
  Yes,                                    !- Apply Sunday
  Yes,                                    !- Apply Monday
  Yes,                                    !- Apply Tuesday
  Yes,                                    !- Apply Wednesday
  Yes,                                    !- Apply Thursday
  Yes,                                    !- Apply Friday
  Yes,                                    !- Apply Saturday
  DateRange,                              !- Date Specification Type
  4,                                      !- Start Month
  1,                                      !- Start Day
  10,                                     !- End Month
  31;                                     !- End Day

OS:Schedule:Day,
  {d69f3b9d-f707-4280-9e7e-d76bcdada436}, !- Handle
  trans schedule winter=0.85 summer=0.7 allday91, !- Name
  {ead26607-0737-4912-8f11-6ae10ca6176b}, !- Schedule Type Limits Name
  ,                                       !- Interpolate to Timestep
  24,                                     !- Hour 1
  0,                                      !- Minute 1
  0.7;                                    !- Value Until Time 1

OS:Schedule:Rule,
  {c8c602ff-7fea-4a0c-8e62-6380a4cdc9bc}, !- Handle
  trans schedule winter=0.85 summer=0.7 allday ruleset305, !- Name
  {47f4124a-5cec-4fdc-adc2-8e4d2c5c8844}, !- Schedule Ruleset Name
  0,                                      !- Rule Order
  {613ca6b4-dcfb-42e7-8db5-be39303c8060}, !- Day Schedule Name
  Yes,                                    !- Apply Sunday
  Yes,                                    !- Apply Monday
  Yes,                                    !- Apply Tuesday
  Yes,                                    !- Apply Wednesday
  Yes,                                    !- Apply Thursday
  Yes,                                    !- Apply Friday
  Yes,                                    !- Apply Saturday
  DateRange,                              !- Date Specification Type
  11,                                     !- Start Month
  1,                                      !- Start Day
  12,                                     !- End Month
  31;                                     !- End Day

OS:Schedule:Day,
  {613ca6b4-dcfb-42e7-8db5-be39303c8060}, !- Handle
  trans schedule winter=0.85 summer=0.7 allday305, !- Name
  {ead26607-0737-4912-8f11-6ae10ca6176b}, !- Schedule Type Limits Name
  ,                                       !- Interpolate to Timestep
  24,                                     !- Hour 1
  0,                                      !- Minute 1
  0.85;                                   !- Value Until Time 1

OS:ScheduleTypeLimits,
  {ead26607-0737-4912-8f11-6ae10ca6176b}, !- Handle
  Fractional,                             !- Name
  0,                                      !- Lower Limit Value
  1,                                      !- Upper Limit Value
  Continuous;                             !- Numeric Type

OS:SurfaceProperty:IncidentSolarMultiplier,
  {aa127f55-f9b9-4557-be96-36fdeef02ab2}, !- Handle
  {dc8f3ec5-41ff-4f56-85ca-3c20f8a17931}, !- Surface Name
  1,                                      !- Incident Solar Multiplier {dimensionless}
  {47f4124a-5cec-4fdc-adc2-8e4d2c5c8844}; !- Incident Solar Multiplier Schedule Name

OS:Surface,
  {783684d2-4e58-4f54-a9e4-c3133e9a9179}, !- Handle
  surface Window2,                        !- Name
  Wall,                                   !- Surface Type
  {aea4fffc-01e0-4a2d-b5e8-68f1849735fe}, !- Construction Name
  {d2d08edd-88aa-4a5f-9d1c-043be2ed219b}, !- Space Name
  Outdoors,                               !- Outside Boundary Condition
  ,                                       !- Outside Boundary Condition Object
  SunExposed,                             !- Sun Exposure
  WindExposed,                            !- Wind Exposure
  ,                                       !- View Factor to Ground
  ,                                       !- Number of Vertices
  25.9311598654253, -38.54046548896, 0.304226354726506, !- X,Y,Z Vertex 1 {m}
  25.9311598654253, -38.54046548896, 1.40265364527349, !- X,Y,Z Vertex 2 {m}
  22.6703459082116, -38.540465576018, 1.40265364527349, !- X,Y,Z Vertex 3 {m}
  22.6703459082116, -38.540465576018, 0.304226354726506; !- X,Y,Z Vertex 4 {m}

OS:AdditionalProperties,
  {c64d8413-fcd9-4083-86c9-edd99dc31e75}, !- Handle
  {783684d2-4e58-4f54-a9e4-c3133e9a9179}, !- Object Name
  Length,                                 !- Feature Name 1
  Double,                                 !- Feature Data Type 1
  10.694444444444441,                     !- Feature Value 1
  Azimuth,                                !- Feature Name 2
  Integer,                                !- Feature Data Type 2
  180,                                    !- Feature Value 2
  Tilt,                                   !- Feature Name 3
  Double,                                 !- Feature Data Type 3
  90,                                     !- Feature Value 3
  SurfaceType,                            !- Feature Name 4
  String,                                 !- Feature Data Type 4
  Window;                                 !- Feature Value 4

OS:SubSurface,
  {e0bf122b-3c2e-4d41-a2c4-4be65631650b}, !- Handle
  Window2,                                !- Name
  FixedWindow,                            !- Sub Surface Type
  {daeb1701-0deb-4a85-99c9-1f7a01b7ac9f}, !- Construction Name
  {783684d2-4e58-4f54-a9e4-c3133e9a9179}, !- Surface Name
  ,                                       !- Outside Boundary Condition Object
  ,                                       !- View Factor to Ground
  ,                                       !- Frame and Divider Name
  ,                                       !- Multiplier
  ,                                       !- Number of Vertices
  25.9305862201518, -38.5404654889753, 0.3048, !- X,Y,Z Vertex 1 {m}
  25.9305862201518, -38.5404654889753, 1.40208, !- X,Y,Z Vertex 2 {m}
  22.6709195534851, -38.5404655760027, 1.40208, !- X,Y,Z Vertex 3 {m}
  22.6709195534851, -38.5404655760027, 0.3048; !- X,Y,Z Vertex 4 {m}

OS:ShadingSurfaceGroup,
  {686d9074-abe5-4204-8cab-6cc2e2de04ea}, !- Handle
  Window2 Shading Surfaces,               !- Name
  Space,                                  !- Shading Surface Type
  {d2d08edd-88aa-4a5f-9d1c-043be2ed219b}, !- Space Name
  ,                                       !- Direction of Relative North {deg}
  ,                                       !- X Origin {m}
  ,                                       !- Y Origin {m}
  ,                                       !- Z Origin {m}
  {e0bf122b-3c2e-4d41-a2c4-4be65631650b}; !- Shaded Object Name

OS:ShadingSurface,
  {dbc4cf8e-d3f3-49c5-9838-2c63d716205e}, !- Handle
  Window2 overhangs,                      !- Name
  ,                                       !- Construction Name
  {686d9074-abe5-4204-8cab-6cc2e2de04ea}, !- Shading Surface Group Name
  ,                                       !- Transmittance Schedule Name
  ,                                       !- Number of Vertices
  26.2353862201518, -38.5404654808377, 1.70688, !- X,Y,Z Vertex 1 {m}
  22.3661195534851, -38.5404655841403, 1.70688, !- X,Y,Z Vertex 2 {m}
  22.3661195697604, -39.1500655841403, 1.70688, !- X,Y,Z Vertex 3 {m}
  26.235386236427, -39.1500654808377, 1.70688; !- X,Y,Z Vertex 4 {m}

OS:Construction,
  {daeb1701-0deb-4a85-99c9-1f7a01b7ac9f}, !- Handle
  WindowConstruction 1,                   !- Name
  ,                                       !- Surface Rendering Name
  {cd9f8051-40e5-4231-b4e9-9987d4e96148}; !- Layer 1

OS:SurfaceProperty:IncidentSolarMultiplier,
  {2e5f4dbb-2e20-49b7-b8d2-193c9a6b5333}, !- Handle
  {e0bf122b-3c2e-4d41-a2c4-4be65631650b}, !- Surface Name
  1,                                      !- Incident Solar Multiplier {dimensionless}
  {47f4124a-5cec-4fdc-adc2-8e4d2c5c8844}; !- Incident Solar Multiplier Schedule Name

OS:Surface,
  {bcd24929-c781-48f8-b1b4-c80c0fa369c3}, !- Handle
  surface Window3,                        !- Name
  Wall,                                   !- Surface Type
  {aea4fffc-01e0-4a2d-b5e8-68f1849735fe}, !- Construction Name
  {d2d08edd-88aa-4a5f-9d1c-043be2ed219b}, !- Space Name
  Outdoors,                               !- Outside Boundary Condition
  ,                                       !- Outside Boundary Condition Object
  SunExposed,                             !- Sun Exposure
  WindExposed,                            !- Wind Exposure
  ,                                       !- View Factor to Ground
  ,                                       !- Number of Vertices
  -38.5404681538216, 30.6514996678323, 0.303930883245846, !- X,Y,Z Vertex 1 {m}
  -38.5404681538216, 30.6514996678323, 1.46390911675415, !- X,Y,Z Vertex 2 {m}
  -38.5404682226327, 32.3697431644985, 1.46390911675415, !- X,Y,Z Vertex 3 {m}
  -38.5404682226327, 32.3697431644985, 0.303930883245846; !- X,Y,Z Vertex 4 {m}

OS:AdditionalProperties,
  {a348ce1b-7f20-49e1-840f-efbc4e887adc}, !- Handle
  {bcd24929-c781-48f8-b1b4-c80c0fa369c3}, !- Object Name
  Length,                                 !- Feature Name 1
  Double,                                 !- Feature Data Type 1
  5.6315789473684195,                     !- Feature Value 1
  Azimuth,                                !- Feature Name 2
  Integer,                                !- Feature Data Type 2
  270,                                    !- Feature Value 2
  Tilt,                                   !- Feature Name 3
  Double,                                 !- Feature Data Type 3
  90,                                     !- Feature Value 3
  SurfaceType,                            !- Feature Name 4
  String,                                 !- Feature Data Type 4
  Window;                                 !- Feature Value 4

OS:SubSurface,
  {19a54d75-79c6-4ca0-9254-994bc2ee6901}, !- Handle
  Window3,                                !- Name
  FixedWindow,                            !- Sub Surface Type
  {1d8a98ad-76f5-4081-85f8-4d7d71fc4357}, !- Construction Name
  {bcd24929-c781-48f8-b1b4-c80c0fa369c3}, !- Surface Name
  ,                                       !- Outside Boundary Condition Object
  ,                                       !- View Factor to Ground
  ,                                       !- Frame and Divider Name
  ,                                       !- Multiplier
  ,                                       !- Number of Vertices
  -38.5404681538564, 30.6523687845864, 0.3048, !- X,Y,Z Vertex 1 {m}
  -38.5404681538564, 30.6523687845864, 1.46304, !- X,Y,Z Vertex 2 {m}
  -38.5404682225979, 32.3688740477443, 1.46304, !- X,Y,Z Vertex 3 {m}
  -38.5404682225979, 32.3688740477443, 0.3048; !- X,Y,Z Vertex 4 {m}

OS:ShadingSurfaceGroup,
  {af7f959d-78c2-424b-b16c-17bbab5980ca}, !- Handle
  Window3 Shading Surfaces,               !- Name
  Space,                                  !- Shading Surface Type
  {d2d08edd-88aa-4a5f-9d1c-043be2ed219b}, !- Space Name
  ,                                       !- Direction of Relative North {deg}
  ,                                       !- X Origin {m}
  ,                                       !- Y Origin {m}
  ,                                       !- Z Origin {m}
  {19a54d75-79c6-4ca0-9254-994bc2ee6901}; !- Shaded Object Name

OS:ShadingSurface,
  {160ddccb-caed-4d26-9207-d0e7a704d6bc}, !- Handle
  Window3 overhangs,                      !- Name
  ,                                       !- Construction Name
  {af7f959d-78c2-424b-b16c-17bbab5980ca}, !- Shading Surface Group Name
  ,                                       !- Transmittance Schedule Name
  ,                                       !- Number of Vertices
  -38.5404680439985, 27.9091687845864, 4.20624, !- X,Y,Z Vertex 1 {m}
  -38.5404683324559, 35.1120740477443, 4.20624, !- X,Y,Z Vertex 2 {m}
  -39.1500683324559, 35.1120740233314, 4.20624, !- X,Y,Z Vertex 3 {m}
  -39.1500680439985, 27.9091687601736, 4.20624; !- X,Y,Z Vertex 4 {m}

OS:Construction,
  {1d8a98ad-76f5-4081-85f8-4d7d71fc4357}, !- Handle
  WindowConstruction 2,                   !- Name
  ,                                       !- Surface Rendering Name
  {cd9f8051-40e5-4231-b4e9-9987d4e96148}; !- Layer 1

OS:SurfaceProperty:IncidentSolarMultiplier,
  {5e6c318d-baa9-445d-ba0a-128476b2b653}, !- Handle
  {19a54d75-79c6-4ca0-9254-994bc2ee6901}, !- Surface Name
  1,                                      !- Incident Solar Multiplier {dimensionless}
  {47f4124a-5cec-4fdc-adc2-8e4d2c5c8844}; !- Incident Solar Multiplier Schedule Name

OS:Surface,
  {bb3df130-ada5-4e7b-b570-bdeab183dcef}, !- Handle
  surface Window4,                        !- Name
  Wall,                                   !- Surface Type
  {aea4fffc-01e0-4a2d-b5e8-68f1849735fe}, !- Construction Name
  {d2d08edd-88aa-4a5f-9d1c-043be2ed219b}, !- Space Name
  Outdoors,                               !- Outside Boundary Condition
  ,                                       !- Outside Boundary Condition Object
  SunExposed,                             !- Sun Exposure
  WindExposed,                            !- Wind Exposure
  ,                                       !- View Factor to Ground
  ,                                       !- Number of Vertices
  -38.5404680125593, 28.0059640046744, 0.303930883245846, !- X,Y,Z Vertex 1 {m}
  -38.5404680125593, 28.0059640046744, 1.46390911675415, !- X,Y,Z Vertex 2 {m}
  -38.5404680813704, 29.7242075013406, 1.46390911675415, !- X,Y,Z Vertex 3 {m}
  -38.5404680813704, 29.7242075013406, 0.303930883245846; !- X,Y,Z Vertex 4 {m}

OS:AdditionalProperties,
  {9049e585-7aa6-4aac-ae40-f7059df08665}, !- Handle
  {bb3df130-ada5-4e7b-b570-bdeab183dcef}, !- Object Name
  Length,                                 !- Feature Name 1
  Double,                                 !- Feature Data Type 1
  5.6315789473684186,                     !- Feature Value 1
  Azimuth,                                !- Feature Name 2
  Integer,                                !- Feature Data Type 2
  270,                                    !- Feature Value 2
  Tilt,                                   !- Feature Name 3
  Double,                                 !- Feature Data Type 3
  90,                                     !- Feature Value 3
  SurfaceType,                            !- Feature Name 4
  String,                                 !- Feature Data Type 4
  Window;                                 !- Feature Value 4

OS:SubSurface,
  {340c6dd2-6ba1-4737-b92e-92fb393bf40b}, !- Handle
  Window4,                                !- Name
  FixedWindow,                            !- Sub Surface Type
  {f75e91ab-5317-46c4-993a-85342599e71e}, !- Construction Name
  {bb3df130-ada5-4e7b-b570-bdeab183dcef}, !- Surface Name
  ,                                       !- Outside Boundary Condition Object
  ,                                       !- View Factor to Ground
  ,                                       !- Frame and Divider Name
  ,                                       !- Multiplier
  ,                                       !- Number of Vertices
  -38.5404680125941, 28.0068331214285, 0.3048, !- X,Y,Z Vertex 1 {m}
  -38.5404680125941, 28.0068331214285, 1.46304, !- X,Y,Z Vertex 2 {m}
  -38.5404680813356, 29.7233383845864, 1.46304, !- X,Y,Z Vertex 3 {m}
  -38.5404680813356, 29.7233383845864, 0.3048; !- X,Y,Z Vertex 4 {m}

OS:ShadingSurfaceGroup,
  {9d8b4134-7bf6-42ab-832b-1996a0605aca}, !- Handle
  Window4 Shading Surfaces,               !- Name
  Space,                                  !- Shading Surface Type
  {d2d08edd-88aa-4a5f-9d1c-043be2ed219b}, !- Space Name
  ,                                       !- Direction of Relative North {deg}
  ,                                       !- X Origin {m}
  ,                                       !- Y Origin {m}
  ,                                       !- Z Origin {m}
  {340c6dd2-6ba1-4737-b92e-92fb393bf40b}; !- Shaded Object Name

OS:ShadingSurface,
  {905882f0-9441-4a3c-9054-6fb6ee142e1d}, !- Handle
  Window4 overhangs,                      !- Name
  ,                                       !- Construction Name
  {9d8b4134-7bf6-42ab-832b-1996a0605aca}, !- Shading Surface Group Name
  ,                                       !- Transmittance Schedule Name
  ,                                       !- Number of Vertices
  -38.5404680003877, 27.7020331214285, 1.76784, !- X,Y,Z Vertex 1 {m}
  -38.5404680935421, 30.0281383845864, 1.76784, !- X,Y,Z Vertex 2 {m}
  -39.1500680935421, 30.0281383601736, 1.76784, !- X,Y,Z Vertex 3 {m}
  -39.1500680003877, 27.7020330970157, 1.76784; !- X,Y,Z Vertex 4 {m}

OS:Construction,
  {f75e91ab-5317-46c4-993a-85342599e71e}, !- Handle
  WindowConstruction 3,                   !- Name
  ,                                       !- Surface Rendering Name
  {cd9f8051-40e5-4231-b4e9-9987d4e96148}; !- Layer 1

OS:SurfaceProperty:IncidentSolarMultiplier,
  {35ac931d-2af3-45b2-a85d-7aa092b3a0d0}, !- Handle
  {340c6dd2-6ba1-4737-b92e-92fb393bf40b}, !- Surface Name
  1,                                      !- Incident Solar Multiplier {dimensionless}
  {47f4124a-5cec-4fdc-adc2-8e4d2c5c8844}; !- Incident Solar Multiplier Schedule Name

OS:Surface,
  {c5fe0e61-f899-42bd-9401-1bc667db81bb}, !- Handle
  surface Window5,                        !- Name
  Wall,                                   !- Surface Type
  {aea4fffc-01e0-4a2d-b5e8-68f1849735fe}, !- Construction Name
  {d2d08edd-88aa-4a5f-9d1c-043be2ed219b}, !- Space Name
  Outdoors,                               !- Outside Boundary Condition
  ,                                       !- Outside Boundary Condition Object
  SunExposed,                             !- Sun Exposure
  WindExposed,                            !- Wind Exposure
  ,                                       !- View Factor to Ground
  ,                                       !- Number of Vertices
  15.4070561211817, 38.5404667327392, 0.30421489323722, !- X,Y,Z Vertex 1 {m}
  15.4070561211817, 38.5404667327392, 1.37218510676278, !- X,Y,Z Vertex 2 {m}
  18.6129806204215, 38.5404667327392, 1.37218510676278, !- X,Y,Z Vertex 3 {m}
  18.6129806204215, 38.5404667327392, 0.30421489323722; !- X,Y,Z Vertex 4 {m}

OS:AdditionalProperties,
  {304f9a91-9433-4506-a212-18000b46160c}, !- Handle
  {c5fe0e61-f899-42bd-9401-1bc667db81bb}, !- Object Name
  Length,                                 !- Feature Name 1
  Double,                                 !- Feature Data Type 1
  10.514285714285714,                     !- Feature Value 1
  Azimuth,                                !- Feature Name 2
  Integer,                                !- Feature Data Type 2
  0,                                      !- Feature Value 2
  Tilt,                                   !- Feature Name 3
  Double,                                 !- Feature Data Type 3
  90,                                     !- Feature Value 3
  SurfaceType,                            !- Feature Name 4
  String,                                 !- Feature Data Type 4
  Window;                                 !- Feature Value 4

OS:SubSurface,
  {59e636bb-be42-4c2d-bcca-b81e9d4c68c3}, !- Handle
  Window5,                                !- Name
  FixedWindow,                            !- Sub Surface Type
  {636514cd-77fa-4738-be90-79bd938799fa}, !- Construction Name
  {c5fe0e61-f899-42bd-9401-1bc667db81bb}, !- Surface Name
  ,                                       !- Outside Boundary Condition Object
  ,                                       !- View Factor to Ground
  ,                                       !- Frame and Divider Name
  ,                                       !- Multiplier
  ,                                       !- Number of Vertices
  15.4076412279445, 38.5404667327392, 0.3048, !- X,Y,Z Vertex 1 {m}
  15.4076412279445, 38.5404667327392, 1.3716, !- X,Y,Z Vertex 2 {m}
  18.6123955136588, 38.5404667327392, 1.3716, !- X,Y,Z Vertex 3 {m}
  18.6123955136588, 38.5404667327392, 0.3048; !- X,Y,Z Vertex 4 {m}

OS:ShadingSurfaceGroup,
  {18667746-9db7-4f22-9fb3-36ba5b57b53f}, !- Handle
  Window5 Shading Surfaces,               !- Name
  Space,                                  !- Shading Surface Type
  {d2d08edd-88aa-4a5f-9d1c-043be2ed219b}, !- Space Name
  ,                                       !- Direction of Relative North {deg}
  ,                                       !- X Origin {m}
  ,                                       !- Y Origin {m}
  ,                                       !- Z Origin {m}
  {59e636bb-be42-4c2d-bcca-b81e9d4c68c3}; !- Shaded Object Name

OS:ShadingSurface,
  {f6614ce6-f438-4dfa-9fe8-c3ed8c2c7403}, !- Handle
  Window5 overhangs,                      !- Name
  ,                                       !- Construction Name
  {18667746-9db7-4f22-9fb3-36ba5b57b53f}, !- Shading Surface Group Name
  ,                                       !- Transmittance Schedule Name
  ,                                       !- Number of Vertices
  12.6644412279445, 38.5404667327392, 4.1148, !- X,Y,Z Vertex 1 {m}
  21.3555955136587, 38.5404667327392, 4.1148, !- X,Y,Z Vertex 2 {m}
  21.3555955136587, 39.1500667327392, 4.1148, !- X,Y,Z Vertex 3 {m}
  12.6644412279445, 39.1500667327392, 4.1148; !- X,Y,Z Vertex 4 {m}

OS:Construction,
  {636514cd-77fa-4738-be90-79bd938799fa}, !- Handle
  WindowConstruction 4,                   !- Name
  ,                                       !- Surface Rendering Name
  {cd9f8051-40e5-4231-b4e9-9987d4e96148}; !- Layer 1

OS:SurfaceProperty:IncidentSolarMultiplier,
  {1a350fc7-572f-477e-acee-8d8beb16612e}, !- Handle
  {59e636bb-be42-4c2d-bcca-b81e9d4c68c3}, !- Surface Name
  1,                                      !- Incident Solar Multiplier {dimensionless}
  {47f4124a-5cec-4fdc-adc2-8e4d2c5c8844}; !- Incident Solar Multiplier Schedule Name

OS:Surface,
  {b315928a-b9a2-4c49-9e9d-94e29458c7b0}, !- Handle
  surface Window6,                        !- Name
  Wall,                                   !- Surface Type
  {aea4fffc-01e0-4a2d-b5e8-68f1849735fe}, !- Construction Name
  {d2d08edd-88aa-4a5f-9d1c-043be2ed219b}, !- Space Name
  Outdoors,                               !- Outside Boundary Condition
  ,                                       !- Outside Boundary Condition Object
  SunExposed,                             !- Sun Exposure
  WindExposed,                            !- Wind Exposure
  ,                                       !- View Factor to Ground
  ,                                       !- Number of Vertices
  11.1664370170671, 38.5404666768435, 0.304236999933467, !- X,Y,Z Vertex 1 {m}
  11.1664370170671, 38.5404666768435, 1.43312300006653, !- X,Y,Z Vertex 2 {m}
  14.479173828011, 38.5404666768435, 1.43312300006653, !- X,Y,Z Vertex 3 {m}
  14.479173828011, 38.5404666768435, 0.304236999933467; !- X,Y,Z Vertex 4 {m}

OS:AdditionalProperties,
  {7273f58e-6d8d-415c-b6e4-c9ac38bc37aa}, !- Handle
  {b315928a-b9a2-4c49-9e9d-94e29458c7b0}, !- Object Name
  Length,                                 !- Feature Name 1
  Double,                                 !- Feature Data Type 1
  10.86486486486486,                      !- Feature Value 1
  Azimuth,                                !- Feature Name 2
  Integer,                                !- Feature Data Type 2
  0,                                      !- Feature Value 2
  Tilt,                                   !- Feature Name 3
  Double,                                 !- Feature Data Type 3
  90,                                     !- Feature Value 3
  SurfaceType,                            !- Feature Name 4
  String,                                 !- Feature Data Type 4
  Window;                                 !- Feature Value 4

OS:SubSurface,
  {8b1dcbca-8897-4164-9a98-ed086083dc9f}, !- Handle
  Window6,                                !- Name
  FixedWindow,                            !- Sub Surface Type
  {becacb31-fe8f-49b2-94d6-51c0e10f539f}, !- Construction Name
  {b315928a-b9a2-4c49-9e9d-94e29458c7b0}, !- Surface Name
  ,                                       !- Outside Boundary Condition Object
  ,                                       !- View Factor to Ground
  ,                                       !- Frame and Divider Name
  ,                                       !- Multiplier
  ,                                       !- Number of Vertices
  11.1670000171337, 38.5404666768435, 0.3048, !- X,Y,Z Vertex 1 {m}
  11.1670000171337, 38.5404666768435, 1.43256, !- X,Y,Z Vertex 2 {m}
  14.4786108279445, 38.5404666768435, 1.43256, !- X,Y,Z Vertex 3 {m}
  14.4786108279445, 38.5404666768435, 0.3048; !- X,Y,Z Vertex 4 {m}

OS:ShadingSurfaceGroup,
  {2df7156b-7c58-4ca1-87d0-b0da58db5e4f}, !- Handle
  Window6 Shading Surfaces,               !- Name
  Space,                                  !- Shading Surface Type
  {d2d08edd-88aa-4a5f-9d1c-043be2ed219b}, !- Space Name
  ,                                       !- Direction of Relative North {deg}
  ,                                       !- X Origin {m}
  ,                                       !- Y Origin {m}
  ,                                       !- Z Origin {m}
  {8b1dcbca-8897-4164-9a98-ed086083dc9f}; !- Shaded Object Name

OS:ShadingSurface,
  {53f8519c-51e4-41d5-9ff7-59a9d5e003b8}, !- Handle
  Window6 overhangs,                      !- Name
  ,                                       !- Construction Name
  {2df7156b-7c58-4ca1-87d0-b0da58db5e4f}, !- Shading Surface Group Name
  ,                                       !- Transmittance Schedule Name
  ,                                       !- Number of Vertices
  10.8622000171337, 38.5404666768435, 1.73736, !- X,Y,Z Vertex 1 {m}
  14.7834108279445, 38.5404666768435, 1.73736, !- X,Y,Z Vertex 2 {m}
  14.7834108279445, 39.1500666768435, 1.73736, !- X,Y,Z Vertex 3 {m}
  10.8622000171337, 39.1500666768435, 1.73736; !- X,Y,Z Vertex 4 {m}

OS:Construction,
  {becacb31-fe8f-49b2-94d6-51c0e10f539f}, !- Handle
  WindowConstruction 5,                   !- Name
  ,                                       !- Surface Rendering Name
  {cd9f8051-40e5-4231-b4e9-9987d4e96148}; !- Layer 1

OS:SurfaceProperty:IncidentSolarMultiplier,
  {63e1ea07-6883-40a9-ba3e-b0bcd28ddc76}, !- Handle
  {8b1dcbca-8897-4164-9a98-ed086083dc9f}, !- Surface Name
  1,                                      !- Incident Solar Multiplier {dimensionless}
  {47f4124a-5cec-4fdc-adc2-8e4d2c5c8844}; !- Incident Solar Multiplier Schedule Name

OS:Surface,
  {7c10de45-e2fe-48c1-81e0-ac99c17c014a}, !- Handle
  surface Window7,                        !- Name
  Wall,                                   !- Surface Type
  {aea4fffc-01e0-4a2d-b5e8-68f1849735fe}, !- Construction Name
  {d2d08edd-88aa-4a5f-9d1c-043be2ed219b}, !- Space Name
  Outdoors,                               !- Outside Boundary Condition
  ,                                       !- Outside Boundary Condition Object
  SunExposed,                             !- Sun Exposure
  WindExposed,                            !- Wind Exposure
  ,                                       !- View Factor to Ground
  ,                                       !- Number of Vertices
  38.5404673354803, -30.6515006967953, 0.303930883245846, !- X,Y,Z Vertex 1 {m}
  38.5404673354803, -30.6515006967953, 1.46390911675415, !- X,Y,Z Vertex 2 {m}
  38.5404673584173, -32.3697441934615, 1.46390911675415, !- X,Y,Z Vertex 3 {m}
  38.5404673584173, -32.3697441934615, 0.303930883245846; !- X,Y,Z Vertex 4 {m}

OS:AdditionalProperties,
  {64fdeb74-e550-48ab-82a1-f09f9ae02851}, !- Handle
  {7c10de45-e2fe-48c1-81e0-ac99c17c014a}, !- Object Name
  Length,                                 !- Feature Name 1
  Double,                                 !- Feature Data Type 1
  5.6315789473684195,                     !- Feature Value 1
  Azimuth,                                !- Feature Name 2
  Integer,                                !- Feature Data Type 2
  90,                                     !- Feature Value 2
  Tilt,                                   !- Feature Name 3
  Double,                                 !- Feature Data Type 3
  90,                                     !- Feature Value 3
  SurfaceType,                            !- Feature Name 4
  String,                                 !- Feature Data Type 4
  Window;                                 !- Feature Value 4

OS:SubSurface,
  {8d82e11c-7313-4765-9339-c6cd83b69225}, !- Handle
  Window7,                                !- Name
  FixedWindow,                            !- Sub Surface Type
  {b4f777aa-f13a-4068-8f94-7ff64e838f07}, !- Construction Name
  {7c10de45-e2fe-48c1-81e0-ac99c17c014a}, !- Surface Name
  ,                                       !- Outside Boundary Condition Object
  ,                                       !- View Factor to Ground
  ,                                       !- Frame and Divider Name
  ,                                       !- Multiplier
  ,                                       !- Number of Vertices
  38.5404673354919, -30.6523698135494, 0.3048, !- X,Y,Z Vertex 1 {m}
  38.5404673354919, -30.6523698135494, 1.46304, !- X,Y,Z Vertex 2 {m}
  38.5404673584057, -32.3688750767073, 1.46304, !- X,Y,Z Vertex 3 {m}
  38.5404673584057, -32.3688750767073, 0.3048; !- X,Y,Z Vertex 4 {m}

OS:ShadingSurfaceGroup,
  {ad96ac0a-6ad0-4ea2-bc6c-9b2960bb59c8}, !- Handle
  Window7 Shading Surfaces,               !- Name
  Space,                                  !- Shading Surface Type
  {d2d08edd-88aa-4a5f-9d1c-043be2ed219b}, !- Space Name
  ,                                       !- Direction of Relative North {deg}
  ,                                       !- X Origin {m}
  ,                                       !- Y Origin {m}
  ,                                       !- Z Origin {m}
  {8d82e11c-7313-4765-9339-c6cd83b69225}; !- Shaded Object Name

OS:ShadingSurface,
  {596649c9-e1f4-423a-99b3-f9d18efbfb92}, !- Handle
  Window7 overhangs,                      !- Name
  ,                                       !- Construction Name
  {ad96ac0a-6ad0-4ea2-bc6c-9b2960bb59c8}, !- Shading Surface Group Name
  ,                                       !- Transmittance Schedule Name
  ,                                       !- Number of Vertices
  38.5404672988726, -27.9091698135494, 4.20624, !- X,Y,Z Vertex 1 {m}
  38.540467395025, -35.1120750767073, 4.20624, !- X,Y,Z Vertex 2 {m}
  39.150067395025, -35.1120750685697, 4.20624, !- X,Y,Z Vertex 3 {m}
  39.1500672988726, -27.9091698054118, 4.20624; !- X,Y,Z Vertex 4 {m}

OS:Construction,
  {b4f777aa-f13a-4068-8f94-7ff64e838f07}, !- Handle
  WindowConstruction 6,                   !- Name
  ,                                       !- Surface Rendering Name
  {cd9f8051-40e5-4231-b4e9-9987d4e96148}; !- Layer 1

OS:SurfaceProperty:IncidentSolarMultiplier,
  {9d2f6ec7-4c71-4b87-99e8-072e57e8e978}, !- Handle
  {8d82e11c-7313-4765-9339-c6cd83b69225}, !- Surface Name
  1,                                      !- Incident Solar Multiplier {dimensionless}
  {47f4124a-5cec-4fdc-adc2-8e4d2c5c8844}; !- Incident Solar Multiplier Schedule Name

OS:Surface,
  {354c1efe-176e-4c52-a3cf-59dd8aa4cf14}, !- Handle
  surface Window8,                        !- Name
  Wall,                                   !- Surface Type
  {aea4fffc-01e0-4a2d-b5e8-68f1849735fe}, !- Construction Name
  {d2d08edd-88aa-4a5f-9d1c-043be2ed219b}, !- Space Name
  Outdoors,                               !- Outside Boundary Condition
  ,                                       !- Outside Boundary Condition Object
  SunExposed,                             !- Sun Exposure
  WindExposed,                            !- Wind Exposure
  ,                                       !- View Factor to Ground
  ,                                       !- Number of Vertices
  38.5404672648491, -28.0059650336374, 0.303930883245846, !- X,Y,Z Vertex 1 {m}
  38.5404672648491, -28.0059650336374, 1.46390911675415, !- X,Y,Z Vertex 2 {m}
  38.5404672877861, -29.7242085303036, 1.46390911675415, !- X,Y,Z Vertex 3 {m}
  38.5404672877861, -29.7242085303036, 0.303930883245846; !- X,Y,Z Vertex 4 {m}

OS:AdditionalProperties,
  {e4420945-9663-4f47-a5fc-382b12e2c518}, !- Handle
  {354c1efe-176e-4c52-a3cf-59dd8aa4cf14}, !- Object Name
  Length,                                 !- Feature Name 1
  Double,                                 !- Feature Data Type 1
  5.6315789473684186,                     !- Feature Value 1
  Azimuth,                                !- Feature Name 2
  Integer,                                !- Feature Data Type 2
  90,                                     !- Feature Value 2
  Tilt,                                   !- Feature Name 3
  Double,                                 !- Feature Data Type 3
  90,                                     !- Feature Value 3
  SurfaceType,                            !- Feature Name 4
  String,                                 !- Feature Data Type 4
  Window;                                 !- Feature Value 4

OS:SubSurface,
  {dbe38446-3cac-4170-a9ac-c5c34fcd572a}, !- Handle
  Window8,                                !- Name
  FixedWindow,                            !- Sub Surface Type
  {3f1c33db-ddea-46cf-b10c-c63b6ae4f8a2}, !- Construction Name
  {354c1efe-176e-4c52-a3cf-59dd8aa4cf14}, !- Surface Name
  ,                                       !- Outside Boundary Condition Object
  ,                                       !- View Factor to Ground
  ,                                       !- Frame and Divider Name
  ,                                       !- Multiplier
  ,                                       !- Number of Vertices
  38.5404672648607, -28.0068341503915, 0.3048, !- X,Y,Z Vertex 1 {m}
  38.5404672648607, -28.0068341503915, 1.46304, !- X,Y,Z Vertex 2 {m}
  38.5404672877745, -29.7233394135494, 1.46304, !- X,Y,Z Vertex 3 {m}
  38.5404672877745, -29.7233394135494, 0.3048; !- X,Y,Z Vertex 4 {m}

OS:ShadingSurfaceGroup,
  {a5288cb7-48ee-404c-9b93-0d866013bb4f}, !- Handle
  Window8 Shading Surfaces,               !- Name
  Space,                                  !- Shading Surface Type
  {d2d08edd-88aa-4a5f-9d1c-043be2ed219b}, !- Space Name
  ,                                       !- Direction of Relative North {deg}
  ,                                       !- X Origin {m}
  ,                                       !- Y Origin {m}
  ,                                       !- Z Origin {m}
  {dbe38446-3cac-4170-a9ac-c5c34fcd572a}; !- Shaded Object Name

OS:ShadingSurface,
  {c445fc9f-152b-4948-872a-fc41c6b1a2b9}, !- Handle
  Window8 overhangs,                      !- Name
  ,                                       !- Construction Name
  {a5288cb7-48ee-404c-9b93-0d866013bb4f}, !- Shading Surface Group Name
  ,                                       !- Transmittance Schedule Name
  ,                                       !- Number of Vertices
  38.5404672607919, -27.7020341503915, 1.76784, !- X,Y,Z Vertex 1 {m}
  38.5404672918433, -30.0281394135494, 1.76784, !- X,Y,Z Vertex 2 {m}
  39.1500672918433, -30.0281394054118, 1.76784, !- X,Y,Z Vertex 3 {m}
  39.1500672607919, -27.7020341422539, 1.76784; !- X,Y,Z Vertex 4 {m}

OS:Construction,
  {3f1c33db-ddea-46cf-b10c-c63b6ae4f8a2}, !- Handle
  WindowConstruction 7,                   !- Name
  ,                                       !- Surface Rendering Name
  {cd9f8051-40e5-4231-b4e9-9987d4e96148}; !- Layer 1

OS:SurfaceProperty:IncidentSolarMultiplier,
  {c2b8dee7-73e8-472b-8392-314f8369948c}, !- Handle
  {dbe38446-3cac-4170-a9ac-c5c34fcd572a}, !- Surface Name
  1,                                      !- Incident Solar Multiplier {dimensionless}
  {47f4124a-5cec-4fdc-adc2-8e4d2c5c8844}; !- Incident Solar Multiplier Schedule Name

OS:Material,
  {e5728e97-5985-4c38-be21-19327e71957d}, !- Handle
  wood siding,                            !- Name
  Rough,                                  !- Roughness
  0.0254,                                 !- Thickness {m}
  0.1024175,                              !- Conductivity {W/m-K}
  544.68,                                 !- Density {kg/m3}
  1172.36;                                !- Specific Heat {J/kg-K}

OS:Material,
  {ae459770-1add-40cb-a2be-3d79e693ca70}, !- Handle
  wall rigid ins,                         !- Name
  Rough,                                  !- Roughness
  0.5129784,                              !- Thickness {m}
  0.029427,                               !- Conductivity {W/m-K}
  32.04,                                  !- Density {kg/m3}
  1214.23,                                !- Specific Heat {J/kg-K}
  0.9,                                    !- Thermal Absorptance
  0.7,                                    !- Solar Absorptance
  0.7;                                    !- Visible Absorptance

OS:Material,
  {b5885e9d-a259-4ec6-8b39-2895789f2e26}, !- Handle
  wall stud and cavity 2,                 !- Name
  Rough,                                  !- Roughness
  0.0889,                                 !- Thickness {m}
  0.380278417457636,                      !- Conductivity {W/m-K}
  52.34794524,                            !- Density {kg/m3}
  1209.88641434781,                       !- Specific Heat {J/kg-K}
  0.9,                                    !- Thermal Absorptance
  0.7,                                    !- Solar Absorptance
  0.7;                                    !- Visible Absorptance

OS:Construction,
  {aea4fffc-01e0-4a2d-b5e8-68f1849735fe}, !- Handle
  AdiabaticWallConstruction,              !- Name
  ,                                       !- Surface Rendering Name
  {e5728e97-5985-4c38-be21-19327e71957d}, !- Layer 1
  {ae459770-1add-40cb-a2be-3d79e693ca70}, !- Layer 2
  {b5885e9d-a259-4ec6-8b39-2895789f2e26}, !- Layer 3
  {6d136fc9-dc66-47bb-bd24-cbc885e329d8}; !- Layer 4

OS:Surface,
  {7281b361-897b-436d-a601-d3f2618aaeca}, !- Handle
  surface Door1,                          !- Name
  Wall,                                   !- Surface Type
  {edb3352e-ccc0-40ff-bd88-be6cd7086d37}, !- Construction Name
  {d2d08edd-88aa-4a5f-9d1c-043be2ed219b}, !- Space Name
  Outdoors,                               !- Outside Boundary Condition
  ,                                       !- Outside Boundary Condition Object
  SunExposed,                             !- Sun Exposure
  WindExposed,                            !- Wind Exposure
  ,                                       !- View Factor to Ground
  ,                                       !- Number of Vertices
  19.5405780693908, 38.5404667726314, 0.303952155732047, !- X,Y,Z Vertex 1 {m}
  19.5405780693908, 38.5404667726314, 2.33866384426795, !- X,Y,Z Vertex 2 {m}
  20.4562167864125, 38.5404667726314, 2.33866384426795, !- X,Y,Z Vertex 3 {m}
  20.4562167864125, 38.5404667726314, 0.303952155732047; !- X,Y,Z Vertex 4 {m}

OS:AdditionalProperties,
  {eddac0c7-f4a1-4b64-8466-e68e4a295bce}, !- Handle
  {7281b361-897b-436d-a601-d3f2618aaeca}, !- Object Name
  Length,                                 !- Feature Name 1
  Double,                                 !- Feature Data Type 1
  2.9985007496251876,                     !- Feature Value 1
  Azimuth,                                !- Feature Name 2
  Integer,                                !- Feature Data Type 2
  0,                                      !- Feature Value 2
  Tilt,                                   !- Feature Name 3
  Double,                                 !- Feature Data Type 3
  90,                                     !- Feature Value 3
  SurfaceType,                            !- Feature Name 4
  String,                                 !- Feature Data Type 4
  Door;                                   !- Feature Value 4

OS:SubSurface,
  {77dc9fd2-eb95-4762-bd73-48767bdd21dd}, !- Handle
  Door1,                                  !- Name
  Door,                                   !- Sub Surface Type
  {9c271e2e-ca7e-4e69-bfce-0e6be1f2f50d}, !- Construction Name
  {7281b361-897b-436d-a601-d3f2618aaeca}, !- Surface Name
  ,                                       !- Outside Boundary Condition Object
  ,                                       !- View Factor to Ground
  ,                                       !- Frame and Divider Name
  ,                                       !- Multiplier
  ,                                       !- Number of Vertices
  19.5414259136588, 38.5404667726314, 0.3048, !- X,Y,Z Vertex 1 {m}
  19.5414259136588, 38.5404667726314, 2.337816, !- X,Y,Z Vertex 2 {m}
  20.4553689421445, 38.5404667726314, 2.337816, !- X,Y,Z Vertex 3 {m}
  20.4553689421445, 38.5404667726314, 0.3048; !- X,Y,Z Vertex 4 {m}

OS:Material,
  {f5f86508-6b78-4189-b890-812b070d4d83}, !- Handle
  door material,                          !- Name
  Rough,                                  !- Roughness
  0.04445,                                !- Thickness {m}
  0.0612266553480475,                     !- Conductivity {W/m-K}
  512.64,                                 !- Density {kg/m3}
  1214.23,                                !- Specific Heat {J/kg-K}
  0.9,                                    !- Thermal Absorptance
  0.7,                                    !- Solar Absorptance
  0.7;                                    !- Visible Absorptance

OS:Construction,
  {9c271e2e-ca7e-4e69-bfce-0e6be1f2f50d}, !- Handle
  Door,                                   !- Name
  ,                                       !- Surface Rendering Name
  {f5f86508-6b78-4189-b890-812b070d4d83}; !- Layer 1

OS:Material,
  {86863d1d-7926-48dc-b451-5cc21d4c91cf}, !- Handle
  wood siding 1,                          !- Name
  Rough,                                  !- Roughness
  0.0254,                                 !- Thickness {m}
  0.1024175,                              !- Conductivity {W/m-K}
  544.68,                                 !- Density {kg/m3}
  1172.36;                                !- Specific Heat {J/kg-K}

OS:Construction,
  {edb3352e-ccc0-40ff-bd88-be6cd7086d37}, !- Handle
  AdiabaticWallConstruction 1,            !- Name
  ,                                       !- Surface Rendering Name
  {86863d1d-7926-48dc-b451-5cc21d4c91cf}, !- Layer 1
  {ae459770-1add-40cb-a2be-3d79e693ca70}, !- Layer 2
  {b5885e9d-a259-4ec6-8b39-2895789f2e26}, !- Layer 3
  {6d136fc9-dc66-47bb-bd24-cbc885e329d8}; !- Layer 4

OS:Surface,
  {ab134517-ffdf-46a0-894e-086c8139fb02}, !- Handle
  inferred conditioned floor,             !- Name
  Floor,                                  !- Surface Type
  {bf055853-83a7-477f-9a00-422687d99763}, !- Construction Name
  {d2d08edd-88aa-4a5f-9d1c-043be2ed219b}, !- Space Name
  Adiabatic,                              !- Outside Boundary Condition
  ,                                       !- Outside Boundary Condition Object
  NoSun,                                  !- Sun Exposure
  NoWind,                                 !- Wind Exposure
  ,                                       !- View Factor to Ground
  ,                                       !- Number of Vertices
  -6.4393283289486, -6.4393283289486, 2.7432, !- X,Y,Z Vertex 1 {m}
  -6.4393283289486, 6.4393283289486, 2.7432, !- X,Y,Z Vertex 2 {m}
  6.4393283289486, 6.4393283289486, 2.7432, !- X,Y,Z Vertex 3 {m}
  6.4393283289486, -6.4393283289486, 2.7432; !- X,Y,Z Vertex 4 {m}

OS:AdditionalProperties,
  {ea4fef8d-e1de-47bd-824b-b92d339e224a}, !- Handle
  {ab134517-ffdf-46a0-894e-086c8139fb02}, !- Object Name
  SurfaceType,                            !- Feature Name 1
  String,                                 !- Feature Data Type 1
  InferredFloor,                          !- Feature Value 1
  Tilt,                                   !- Feature Name 2
  Double,                                 !- Feature Data Type 2
  0;                                      !- Feature Value 2

OS:Surface,
  {78660069-c7eb-4bf1-8961-efd8fa257cea}, !- Handle
  inferred conditioned ceiling,           !- Name
  RoofCeiling,                            !- Surface Type
  {bf055853-83a7-477f-9a00-422687d99763}, !- Construction Name
  {d2d08edd-88aa-4a5f-9d1c-043be2ed219b}, !- Space Name
  Adiabatic,                              !- Outside Boundary Condition
  ,                                       !- Outside Boundary Condition Object
  NoSun,                                  !- Sun Exposure
  NoWind,                                 !- Wind Exposure
  ,                                       !- View Factor to Ground
  ,                                       !- Number of Vertices
  6.4393283289486, -6.4393283289486, 2.7432, !- X,Y,Z Vertex 1 {m}
  6.4393283289486, 6.4393283289486, 2.7432, !- X,Y,Z Vertex 2 {m}
  -6.4393283289486, 6.4393283289486, 2.7432, !- X,Y,Z Vertex 3 {m}
  -6.4393283289486, -6.4393283289486, 2.7432; !- X,Y,Z Vertex 4 {m}

OS:AdditionalProperties,
  {ad42ec98-a165-4242-94b3-075b68026f39}, !- Handle
  {78660069-c7eb-4bf1-8961-efd8fa257cea}, !- Object Name
  SurfaceType,                            !- Feature Name 1
  String,                                 !- Feature Data Type 1
  InferredCeiling,                        !- Feature Value 1
  Tilt,                                   !- Feature Name 2
  Double,                                 !- Feature Data Type 2
  0;                                      !- Feature Value 2

OS:Material,
  {b7a2d084-1b14-4cbd-8143-4aa3df9cd809}, !- Handle
  floor stud and cavity,                  !- Name
  Rough,                                  !- Roughness
  0.1397,                                 !- Thickness {m}
  1.75129287332205,                       !- Conductivity {W/m-K}
  37.004876748,                           !- Density {kg/m3}
  1207.88064650997,                       !- Specific Heat {J/kg-K}
  0.9,                                    !- Thermal Absorptance
  0.7,                                    !- Solar Absorptance
  0.7;                                    !- Visible Absorptance

OS:Material,
  {b2673095-9393-4fae-b552-89467482aa08}, !- Handle
  floor rigid ins,                        !- Name
  Rough,                                  !- Roughness
  0.5129784,                              !- Thickness {m}
  0.029427,                               !- Conductivity {W/m-K}
  32.04,                                  !- Density {kg/m3}
  1214.23,                                !- Specific Heat {J/kg-K}
  0.9,                                    !- Thermal Absorptance
  0.7,                                    !- Solar Absorptance
  0.7;                                    !- Visible Absorptance

OS:Material,
  {2c36ff2b-4b02-469f-af90-e9558375f272}, !- Handle
  osb sheathing 0.75 in.,                 !- Name
  Rough,                                  !- Roughness
  0.01905,                                !- Thickness {m}
  0.1154577,                              !- Conductivity {W/m-K}
  512.64,                                 !- Density {kg/m3}
  1214.23,                                !- Specific Heat {J/kg-K}
  0.9,                                    !- Thermal Absorptance
  0.7,                                    !- Solar Absorptance
  0.7;                                    !- Visible Absorptance

OS:Material,
  {2ab26b84-d984-4cbb-9ad7-2787c1ace1ce}, !- Handle
  floor covering 1,                       !- Name
  Rough,                                  !- Roughness
  0.0127,                                 !- Thickness {m}
  0.0433443509615385,                     !- Conductivity {W/m-K}
  54.468,                                 !- Density {kg/m3}
  1339.84,                                !- Specific Heat {J/kg-K}
  0.9,                                    !- Thermal Absorptance
  0.6,                                    !- Solar Absorptance
  0.6;                                    !- Visible Absorptance

OS:Construction,
  {bf055853-83a7-477f-9a00-422687d99763}, !- Handle
  AdiabaticFloorConstruction,             !- Name
  ,                                       !- Surface Rendering Name
  {b7a2d084-1b14-4cbd-8143-4aa3df9cd809}, !- Layer 1
  {b2673095-9393-4fae-b552-89467482aa08}, !- Layer 2
  {2c36ff2b-4b02-469f-af90-e9558375f272}, !- Layer 3
  {2ab26b84-d984-4cbb-9ad7-2787c1ace1ce}; !- Layer 4

OS:InternalMass:Definition,
  {848056a7-9b01-4f02-a3de-c0d5d50e4bf9}, !- Handle
  partition wall mass,                    !- Name
  {acc97747-e309-4b06-ad69-beb44f95b7b7}, !- Construction Name
  SurfaceArea,                            !- Design Level Calculation Method
  248.79434112,                           !- Surface Area {m2}
  ,                                       !- Surface Area per Space Floor Area {dimensionless}
  ;                                       !- Surface Area per Person {m2/person}

OS:InternalMass,
  {57718856-8ccd-4dd0-a6d1-27d53c939df8}, !- Handle
  partition wall mass,                    !- Name
  {848056a7-9b01-4f02-a3de-c0d5d50e4bf9}, !- Internal Mass Definition Name
  {d2d08edd-88aa-4a5f-9d1c-043be2ed219b}, !- Space or SpaceType Name
  1;                                      !- Multiplier

OS:Material,
  {132862bb-501e-4f85-9f24-8afcf4e3c8f0}, !- Handle
  wall stud and cavity 3,                 !- Name
  Rough,                                  !- Roughness
  0.0889,                                 !- Thickness {m}
  0.391763531157105,                      !- Conductivity {W/m-K}
  83.034082224,                           !- Density {kg/m3}
  1211.67419087611,                       !- Specific Heat {J/kg-K}
  0.9,                                    !- Thermal Absorptance
  0.7,                                    !- Solar Absorptance
  0.7;                                    !- Visible Absorptance

OS:Construction,
  {acc97747-e309-4b06-ad69-beb44f95b7b7}, !- Handle
  PartitionWallConstruction,              !- Name
  ,                                       !- Surface Rendering Name
  {6d136fc9-dc66-47bb-bd24-cbc885e329d8}, !- Layer 1
  {132862bb-501e-4f85-9f24-8afcf4e3c8f0}, !- Layer 2
  {6d136fc9-dc66-47bb-bd24-cbc885e329d8}; !- Layer 3

OS:InternalMass:Definition,
  {3e20ea62-aa62-4829-a38c-c137cb774998}, !- Handle
  furniture mass conditioned space 1,     !- Name
  {5cd8c492-e87b-4cd0-8464-37641ae787fb}, !- Construction Name
  SurfaceArea,                            !- Design Level Calculation Method
  99.517736448,                           !- Surface Area {m2}
  ,                                       !- Surface Area per Space Floor Area {dimensionless}
  ;                                       !- Surface Area per Person {m2/person}

OS:InternalMass,
  {89ccf04c-81bd-41b1-bf75-6cf75e9f358b}, !- Handle
  furniture mass conditioned space 1,     !- Name
  {3e20ea62-aa62-4829-a38c-c137cb774998}, !- Internal Mass Definition Name
  {d2d08edd-88aa-4a5f-9d1c-043be2ed219b}, !- Space or SpaceType Name
  1;                                      !- Multiplier

OS:Material,
  {52c6e774-b819-4b07-9d7f-3697af1fb9fd}, !- Handle
  furniture material conditioned space 1, !- Name
  Rough,                                  !- Roughness
  0.1524,                                 !- Thickness {m}
  0.1154577,                              !- Conductivity {W/m-K}
  640.8,                                  !- Density {kg/m3}
  1214.23,                                !- Specific Heat {J/kg-K}
  0.9,                                    !- Thermal Absorptance
  0.6,                                    !- Solar Absorptance
  0.6;                                    !- Visible Absorptance

OS:Construction,
  {5cd8c492-e87b-4cd0-8464-37641ae787fb}, !- Handle
  furniture construction conditioned space 1, !- Name
  ,                                       !- Surface Rendering Name
  {52c6e774-b819-4b07-9d7f-3697af1fb9fd}; !- Layer 1

OS:ShadingSurface,
  {f37aadab-c626-47cc-a2d3-f934878b0c2b}, !- Handle
  Neighbor azimuth 90 distance 15.0,      !- Name
  ,                                       !- Construction Name
  {f57f6c91-7e36-4a06-9fad-45d5a984d583}, !- Shading Surface Group Name
  ,                                       !- Transmittance Schedule Name
  ,                                       !- Number of Vertices
  43.1124659911888, 38.5404665667025, 0,  !- X,Y,Z Vertex 1 {m}
  43.1124659911888, 38.5404665667025, 5.1816, !- X,Y,Z Vertex 2 {m}
  43.1124670201518, -38.5404654156751, 5.1816, !- X,Y,Z Vertex 3 {m}
  43.1124670201518, -38.5404654156751, 0; !- X,Y,Z Vertex 4 {m}

OS:AdditionalProperties,
  {ec604b05-0ced-4e90-916e-696129bf94e4}, !- Handle
  {f37aadab-c626-47cc-a2d3-f934878b0c2b}, !- Object Name
  Azimuth,                                !- Feature Name 1
  Integer,                                !- Feature Data Type 1
  90,                                     !- Feature Value 1
  Distance,                               !- Feature Name 2
  Double,                                 !- Feature Data Type 2
  15;                                     !- Feature Value 2

OS:ShadingSurface,
  {42f6f320-91fb-4a71-8a25-1b849b3c9abf}, !- Handle
  Neighbor azimuth 270 distance 15.0,     !- Name
  ,                                       !- Construction Name
  {f57f6c91-7e36-4a06-9fad-45d5a984d583}, !- Shading Surface Group Name
  ,                                       !- Transmittance Schedule Name
  ,                                       !- Number of Vertices
  -43.1124649622258, -38.5404677177299, 0, !- X,Y,Z Vertex 1 {m}
  -43.1124649622258, -38.5404677177299, 5.1816, !- X,Y,Z Vertex 2 {m}
  -43.1124680491147, 38.5404642646478, 5.1816, !- X,Y,Z Vertex 3 {m}
  -43.1124680491147, 38.5404642646478, 0; !- X,Y,Z Vertex 4 {m}

OS:AdditionalProperties,
  {a8d20b07-a609-4f8f-9d68-03553b859c9f}, !- Handle
  {42f6f320-91fb-4a71-8a25-1b849b3c9abf}, !- Object Name
  Azimuth,                                !- Feature Name 1
  Integer,                                !- Feature Data Type 1
  270,                                    !- Feature Value 1
  Distance,                               !- Feature Name 2
  Double,                                 !- Feature Data Type 2
  15;                                     !- Feature Value 2

OS:ShadingSurfaceGroup,
  {f57f6c91-7e36-4a06-9fad-45d5a984d583}, !- Handle
  neighbors,                              !- Name
  Building;                               !- Shading Surface Type

OS:Schedule:File,
  {7dc8930b-3e40-4290-a279-3ae41b37c549}, !- Handle
  occupants,                              !- Name
  {ead26607-0737-4912-8f11-6ae10ca6176b}, !- Schedule Type Limits Name
  {3ad0bed2-793c-441a-89ba-69fc0c8e2d37}, !- External File Name
  1,                                      !- Column Number
  1,                                      !- Rows to Skip at Top
  8760,                                   !- Number of Hours of Data
  ,                                       !- Column Separator
  ,                                       !- Interpolate to Timestep
  15,                                     !- Minutes per Item
  ,                                       !- Adjust Schedule for Daylight Savings
  Yes;                                    !- Translate File With Relative Path

OS:External:File,
  {3ad0bed2-793c-441a-89ba-69fc0c8e2d37}, !- Handle
  External File 1,                        !- Name
  in.schedules.csv;                       !- File Name

OS:Schedule:Constant,
  {ca3d4821-ac9c-4833-ac3c-8ca222dc5f31}, !- Handle
  occupants activity schedule,            !- Name
  {82f0f87e-6aa6-414f-b94c-54acbb07c22a}, !- Schedule Type Limits Name
  117.228428068889;                       !- Value

OS:People:Definition,
  {f94e0527-f06b-4ef9-b455-29ca8b2aa3b7}, !- Handle
  occupants,                              !- Name
  People,                                 !- Number of People Calculation Method
  3,                                      !- Number of People {people}
  ,                                       !- People per Space Floor Area {person/m2}
  ,                                       !- Space Floor Area per Person {m2/person}
  0.314170909090909,                      !- Fraction Radiant
  0.563030303030303,                      !- Sensible Heat Fraction
  0,                                      !- Carbon Dioxide Generation Rate {m3/s-W}
  No,                                     !- Enable ASHRAE 55 Comfort Warnings
  ZoneAveraged;                           !- Mean Radiant Temperature Calculation Type

OS:People,
  {95bc84e4-2ca2-4ef8-a866-337efc41b50e}, !- Handle
  occupants,                              !- Name
  {f94e0527-f06b-4ef9-b455-29ca8b2aa3b7}, !- People Definition Name
  {d2d08edd-88aa-4a5f-9d1c-043be2ed219b}, !- Space or SpaceType Name
  {7dc8930b-3e40-4290-a279-3ae41b37c549}, !- Number of People Schedule Name
  {ca3d4821-ac9c-4833-ac3c-8ca222dc5f31}, !- Activity Level Schedule Name
  ,                                       !- Surface Name/Angle Factor List Name
  ,                                       !- Work Efficiency Schedule Name
  ,                                       !- Clothing Insulation Schedule Name
  ,                                       !- Air Velocity Schedule Name
  1;                                      !- Multiplier

OS:ScheduleTypeLimits,
  {82f0f87e-6aa6-414f-b94c-54acbb07c22a}, !- Handle
  ActivityLevel,                          !- Name
  0,                                      !- Lower Limit Value
  ,                                       !- Upper Limit Value
  Continuous,                             !- Numeric Type
  ActivityLevel;                          !- Unit Type

OS:Curve:Biquadratic,
  {e0a4eea5-aa89-4be0-8969-a7beefb84d5f}, !- Handle
  Cool-CAP-fT1,                           !- Name
  1.557359706,                            !- Coefficient1 Constant
  -0.0744481692,                          !- Coefficient2 x
  0.00309859668,                          !- Coefficient3 x**2
  0.0014595786,                           !- Coefficient4 y
  -4.1148e-05,                            !- Coefficient5 y**2
  -0.00042671448,                         !- Coefficient6 x*y
  -100,                                   !- Minimum Value of x
  100,                                    !- Maximum Value of x
  -100,                                   !- Minimum Value of y
  100;                                    !- Maximum Value of y

OS:Curve:Biquadratic,
  {6b07a274-afa2-448b-acd6-ace67035e89d}, !- Handle
  Cool-EIR-fT1,                           !- Name
  -0.350447695,                           !- Coefficient1 Constant
  0.116809893,                            !- Coefficient2 x
  -0.00339950844,                         !- Coefficient3 x**2
  -0.001226088,                           !- Coefficient4 y
  0.0006008094,                           !- Coefficient5 y**2
  -0.000466884,                           !- Coefficient6 x*y
  -100,                                   !- Minimum Value of x
  100,                                    !- Maximum Value of x
  -100,                                   !- Minimum Value of y
  100;                                    !- Maximum Value of y

OS:Curve:Quadratic,
  {fb014ba1-d18b-4287-a9d0-0b4f3f89cde9}, !- Handle
  Cool-CAP-fFF1,                          !- Name
  0.718664047,                            !- Coefficient1 Constant
  0.41797409,                             !- Coefficient2 x
  -0.136638137,                           !- Coefficient3 x**2
  0,                                      !- Minimum Value of x
  2,                                      !- Maximum Value of x
  0,                                      !- Minimum Curve Output
  2;                                      !- Maximum Curve Output

OS:Curve:Quadratic,
  {cc131334-52db-451c-9f8b-83dda4df4b20}, !- Handle
  Cool-EIR-fFF1,                          !- Name
  1.143487507,                            !- Coefficient1 Constant
  -0.13943972,                            !- Coefficient2 x
  -0.004047787,                           !- Coefficient3 x**2
  0,                                      !- Minimum Value of x
  2,                                      !- Maximum Value of x
  0,                                      !- Minimum Curve Output
  2;                                      !- Maximum Curve Output

OS:Curve:Quadratic,
  {ab8f350b-a998-4c2f-8921-9469ecea0bed}, !- Handle
  Cool-PLF-fPLR1,                         !- Name
  0.93,                                   !- Coefficient1 Constant
  0.07,                                   !- Coefficient2 x
  0,                                      !- Coefficient3 x**2
  0,                                      !- Minimum Value of x
  1,                                      !- Maximum Value of x
  0.7,                                    !- Minimum Curve Output
  1;                                      !- Maximum Curve Output

OS:Schedule:Constant,
  {fda96224-8ebb-4f2a-aa20-79c3f3146f94}, !- Handle
  Always On Discrete,                     !- Name
  {a1fd46e1-c2ba-420b-8020-11bc511876b0}, !- Schedule Type Limits Name
  1;                                      !- Value

OS:ScheduleTypeLimits,
  {a1fd46e1-c2ba-420b-8020-11bc511876b0}, !- Handle
  OnOff,                                  !- Name
  0,                                      !- Lower Limit Value
  1,                                      !- Upper Limit Value
  Discrete,                               !- Numeric Type
  Availability;                           !- Unit Type

OS:Coil:Cooling:DX:SingleSpeed,
  {d831c76e-0798-44b6-838b-1b1b60c94c04}, !- Handle
  central ac and furnace clg coil,        !- Name
  {fda96224-8ebb-4f2a-aa20-79c3f3146f94}, !- Availability Schedule Name
  5403.82211460898,                       !- Rated Total Cooling Capacity {W}
  0.730031800184905,                      !- Rated Sensible Heat Ratio
  3.7702,                                 !- Rated COP {W/W}
  0.278070300859576,                      !- Rated Air Flow Rate {m3/s}
  773.3,                                  !- Rated Evaporator Fan Power Per Volume Flow Rate 2017 {W/(m3/s)}
  934.4,                                  !- Rated Evaporator Fan Power Per Volume Flow Rate 2023 {W/(m3/s)}
  ,                                       !- Air Inlet Node Name
  ,                                       !- Air Outlet Node Name
  {e0a4eea5-aa89-4be0-8969-a7beefb84d5f}, !- Total Cooling Capacity Function of Temperature Curve Name
  {fb014ba1-d18b-4287-a9d0-0b4f3f89cde9}, !- Total Cooling Capacity Function of Flow Fraction Curve Name
  {6b07a274-afa2-448b-acd6-ace67035e89d}, !- Energy Input Ratio Function of Temperature Curve Name
  {cc131334-52db-451c-9f8b-83dda4df4b20}, !- Energy Input Ratio Function of Flow Fraction Curve Name
  {ab8f350b-a998-4c2f-8921-9469ecea0bed}, !- Part Load Fraction Correlation Curve Name
  -25,                                    !- Minimum Outdoor Dry-Bulb Temperature for Compressor Operation {C}
  1000,                                   !- Nominal Time for Condensate Removal to Begin {s}
  1.5,                                    !- Ratio of Initial Moisture Evaporation Rate and Steady State Latent Capacity {dimensionless}
  3,                                      !- Maximum Cycling Rate {cycles/hr}
  45,                                     !- Latent Capacity Time Constant {s}
  ,                                       !- Condenser Air Inlet Node Name
  AirCooled,                              !- Condenser Type
  0.9,                                    !- Evaporative Condenser Effectiveness {dimensionless}
  autosize,                               !- Evaporative Condenser Air Flow Rate {m3/s}
  autosize,                               !- Evaporative Condenser Pump Rated Power Consumption {W}
  50,                                     !- Crankcase Heater Capacity {W}
  ,                                       !- Crankcase Heater Capacity Function of Temperature Curve Name
  10,                                     !- Maximum Outdoor Dry-Bulb Temperature for Crankcase Heater Operation {C}
  ,                                       !- Supply Water Storage Tank Name
  ,                                       !- Condensate Collection Water Storage Tank Name
  0,                                      !- Basin Heater Capacity {W/K}
  2;                                      !- Basin Heater Setpoint Temperature {C}

OS:AdditionalProperties,
  {7e2f4794-c775-4bdd-81f6-e8a26051f0af}, !- Handle
  {d831c76e-0798-44b6-838b-1b1b60c94c04}, !- Object Name
  HPXML_ID,                               !- Feature Name 1
  String,                                 !- Feature Data Type 1
  CoolingSystem1;                         !- Feature Value 1

OS:Coil:Heating:Gas,
  {b507d21c-c218-45bd-8729-f1549dcad374}, !- Handle
  central ac and furnace htg coil,        !- Name
  {fda96224-8ebb-4f2a-aa20-79c3f3146f94}, !- Availability Schedule Name
  0.925,                                  !- Gas Burner Efficiency
  11695.5871973629,                       !- Nominal Capacity {W}
  ,                                       !- Air Inlet Node Name
  ,                                       !- Air Outlet Node Name
  ,                                       !- Temperature Setpoint Node Name
  0,                                      !- On Cycle Parasitic Electric Load {W}
  ,                                       !- Part Load Fraction Correlation Curve Name
  0,                                      !- Off Cycle Parasitic Gas Load {W}
  NaturalGas;                             !- Fuel Type

OS:AdditionalProperties,
  {94d1367d-bbc7-477e-8dc2-9b18b6118685}, !- Handle
  {b507d21c-c218-45bd-8729-f1549dcad374}, !- Object Name
  HPXML_ID,                               !- Feature Name 1
  String,                                 !- Feature Data Type 1
  HeatingSystem1,                         !- Feature Value 1
  IsHeatPumpBackup,                       !- Feature Name 2
  Boolean,                                !- Feature Data Type 2
  false;                                  !- Feature Value 2

OS:Fan:SystemModel,
  {c5748b0b-9976-4cde-b7c9-427b8611d14a}, !- Handle
  central ac and furnace supply fan,      !- Name
  {fda96224-8ebb-4f2a-aa20-79c3f3146f94}, !- Availability Schedule Name
  ,                                       !- Air Inlet Node Name
  ,                                       !- Air Outlet Node Name
  0.3511288977408,                        !- Design Maximum Air Flow Rate {m3/s}
  Discrete,                               !- Speed Control Method
  0.2,                                    !- Electric Power Minimum Flow Rate Fraction
  595.93500092512,                        !- Design Pressure Rise {Pa}
  1,                                      !- Motor Efficiency
  1,                                      !- Motor In Air Stream Fraction
  autosize,                               !- Design Electric Power Consumption {W}
  TotalEfficiencyAndPressure,             !- Design Power Sizing Method
  840,                                    !- Electric Power Per Unit Flow Rate {W/(m3/s)}
  1.66667,                                !- Electric Power Per Unit Flow Rate Per Unit Pressure {W-s/m3-Pa}
  0.75,                                   !- Fan Total Efficiency
  ,                                       !- Electric Power Function of Flow Fraction Curve Name
  ,                                       !- Night Ventilation Mode Pressure Rise {Pa}
  ,                                       !- Night Ventilation Mode Flow Fraction
  ,                                       !- Motor Loss Zone Name
  0,                                      !- Motor Loss Radiative Fraction
  supply fan,                             !- End-Use Subcategory
  0.81048,                                !- Speed Flow Fraction 1
  0.53239,                                !- Speed Electric Power Fraction 1
  1,                                      !- Speed Flow Fraction 2
  1;                                      !- Speed Electric Power Fraction 2

OS:EnergyManagementSystem:Sensor,
  {a40b23f7-f8fb-4ef4-817c-873106450e54}, !- Handle
  central_ac_and_furnace_supply_fan_s,    !- Name
  central ac and furnace supply fan,      !- Output Variable or Output Meter Index Key Name
  Fan Electricity Energy;                 !- Output Variable or Output Meter Name

OS:EnergyManagementSystem:Sensor,
  {5e75c884-2de6-4a88-8f30-c1eccc72b351}, !- Handle
  central_ac_and_furnace_clg_coil_s,      !- Name
  central ac and furnace clg coil,        !- Output Variable or Output Meter Index Key Name
  Cooling Coil Total Cooling Energy;      !- Output Variable or Output Meter Name

OS:EnergyManagementSystem:Program,
  {664c2cfb-5af8-4f93-a9af-81cf70b50fd0}, !- Handle
  central_ac_and_furnace_supply_fan_disaggregate_program, !- Name
  Set central_ac_and_furnace_supply_fan_clg = 0, !- Program Line 1
  If central_ac_and_furnace_clg_coil_s > 0, !- Program Line 2
  Set central_ac_and_furnace_supply_fan_clg = central_ac_and_furnace_supply_fan_s, !- Program Line 3
  EndIf;                                  !- Program Line 4

OS:EnergyManagementSystem:ProgramCallingManager,
  {05e878f1-d860-4172-b209-28d820f2147b}, !- Handle
  central ac and furnace supply fan disaggregate program calling manager, !- Name
  EndOfSystemTimestepBeforeHVACReporting, !- EnergyPlus Model Calling Point
  {664c2cfb-5af8-4f93-a9af-81cf70b50fd0}; !- Program Name 1

OS:EnergyManagementSystem:OutputVariable,
  {1064881f-c715-4b28-8e41-ff7b71a5d25c}, !- Handle
  central ac and furnace supply fan disaggregate clg, !- Name
  central_ac_and_furnace_supply_fan_clg,  !- EMS Variable Name
  Summed,                                 !- Type of Data in Variable
  SystemTimestep,                         !- Update Frequency
  {664c2cfb-5af8-4f93-a9af-81cf70b50fd0}, !- EMS Program or Subroutine Name
  J;                                      !- Units

OS:AdditionalProperties,
  {abbf54b2-625e-48c6-929d-ca35630a0766}, !- Handle
  {1064881f-c715-4b28-8e41-ff7b71a5d25c}, !- Object Name
  HPXML_ID,                               !- Feature Name 1
  String,                                 !- Feature Data Type 1
  CoolingSystem1,                         !- Feature Value 1
  ObjectType,                             !- Feature Name 2
  String,                                 !- Feature Data Type 2
  disaggregate clg;                       !- Feature Value 2

OS:EnergyManagementSystem:Sensor,
  {28e7d5b2-6183-4026-bea7-8e0c13056541}, !- Handle
  central_ac_and_furnace_supply_fan_s_1,  !- Name
  central ac and furnace supply fan,      !- Output Variable or Output Meter Index Key Name
  Fan Electricity Energy;                 !- Output Variable or Output Meter Name

OS:EnergyManagementSystem:Sensor,
  {7ebc4ba5-da73-4a9c-b26c-82d9394ab7d9}, !- Handle
  central_ac_and_furnace_htg_coil_s,      !- Name
  central ac and furnace htg coil,        !- Output Variable or Output Meter Index Key Name
  Heating Coil Heating Energy;            !- Output Variable or Output Meter Name

OS:EnergyManagementSystem:Program,
  {52bdd18c-352a-40a4-82cf-2b9f2432ec9b}, !- Handle
  central_ac_and_furnace_supply_fan_disaggregate_program_1, !- Name
  Set central_ac_and_furnace_supply_fan_primary_htg = 0, !- Program Line 1
  If central_ac_and_furnace_htg_coil_s > 0, !- Program Line 2
  Set central_ac_and_furnace_supply_fan_primary_htg = central_ac_and_furnace_supply_fan_s_1, !- Program Line 3
  EndIf;                                  !- Program Line 4

OS:EnergyManagementSystem:ProgramCallingManager,
  {b6075035-0523-4f23-9583-d772dee341f7}, !- Handle
  central ac and furnace supply fan disaggregate program calling manager 1, !- Name
  EndOfSystemTimestepBeforeHVACReporting, !- EnergyPlus Model Calling Point
  {52bdd18c-352a-40a4-82cf-2b9f2432ec9b}; !- Program Name 1

OS:EnergyManagementSystem:OutputVariable,
  {eb984dac-5a5b-4be3-9fbd-6a419ec02314}, !- Handle
  central ac and furnace supply fan disaggregate htg primary, !- Name
  central_ac_and_furnace_supply_fan_primary_htg, !- EMS Variable Name
  Summed,                                 !- Type of Data in Variable
  SystemTimestep,                         !- Update Frequency
  {52bdd18c-352a-40a4-82cf-2b9f2432ec9b}, !- EMS Program or Subroutine Name
  J;                                      !- Units

OS:AdditionalProperties,
  {137c0c0b-e4fb-4120-ba22-c5fbbf52ac11}, !- Handle
  {eb984dac-5a5b-4be3-9fbd-6a419ec02314}, !- Object Name
  HPXML_ID,                               !- Feature Name 1
  String,                                 !- Feature Data Type 1
  HeatingSystem1,                         !- Feature Value 1
  ObjectType,                             !- Feature Name 2
  String,                                 !- Feature Data Type 2
  disaggregate htg primary;               !- Feature Value 2

OS:Schedule:Constant,
  {ff7b3725-12f0-4276-a774-a71cd9bf5872}, !- Handle
  central ac and furnace auto fan schedule, !- Name
  {a1fd46e1-c2ba-420b-8020-11bc511876b0}, !- Schedule Type Limits Name
  0;                                      !- Value

OS:AirLoopHVAC:UnitarySystem,
  {19eafa2c-c07e-4b71-ab4c-3444af814a18}, !- Handle
  central ac and furnace unitary system,  !- Name
  Load,                                   !- Control Type
  {541fd03f-8d32-4c19-ae15-f3b2ce1607af}, !- Controlling Zone or Thermostat Location
  None,                                   !- Dehumidification Control Type
  {fda96224-8ebb-4f2a-aa20-79c3f3146f94}, !- Availability Schedule Name
  {1965444a-e839-44f9-8f17-d04a8ee8f6e9}, !- Air Inlet Node Name
  {cb517349-0b3f-4c9f-ae5f-f17b8f03d838}, !- Air Outlet Node Name
  {c5748b0b-9976-4cde-b7c9-427b8611d14a}, !- Supply Fan Name
  BlowThrough,                            !- Fan Placement
  {ff7b3725-12f0-4276-a774-a71cd9bf5872}, !- Supply Air Fan Operating Mode Schedule Name
  {b507d21c-c218-45bd-8729-f1549dcad374}, !- Heating Coil Name
  1,                                      !- DX Heating Coil Sizing Ratio
  {d831c76e-0798-44b6-838b-1b1b60c94c04}, !- Cooling Coil Name
  No,                                     !- Use DOAS DX Cooling Coil
  2,                                      !- DOAS DX Cooling Coil Leaving Minimum Air Temperature {C}
  SensibleOnlyLoadControl,                !- Latent Load Control
  ,                                       !- Supplemental Heating Coil Name
  SupplyAirFlowRate,                      !- Supply Air Flow Rate Method During Cooling Operation
  0.2845843082496,                        !- Supply Air Flow Rate During Cooling Operation {m3/s}
  ,                                       !- Supply Air Flow Rate Per Floor Area During Cooling Operation {m3/s-m2}
  ,                                       !- Fraction of Autosized Design Cooling Supply Air Flow Rate
  ,                                       !- Design Supply Air Flow Rate Per Unit of Capacity During Cooling Operation {m3/s-W}
  SupplyAirFlowRate,                      !- Supply Air Flow Rate Method During Heating Operation
  0.3511288977408,                        !- Supply Air Flow Rate During Heating Operation {m3/s}
  ,                                       !- Supply Air Flow Rate Per Floor Area during Heating Operation {m3/s-m2}
  ,                                       !- Fraction of Autosized Design Heating Supply Air Flow Rate
  ,                                       !- Design Supply Air Flow Rate Per Unit of Capacity During Heating Operation {m3/s-W}
  SupplyAirFlowRate,                      !- Supply Air Flow Rate Method When No Cooling or Heating is Required
  0,                                      !- Supply Air Flow Rate When No Cooling or Heating is Required {m3/s}
  ,                                       !- Supply Air Flow Rate Per Floor Area When No Cooling or Heating is Required {m3/s-m2}
  ,                                       !- Fraction of Autosized Design Cooling Supply Air Flow Rate When No Cooling or Heating is Required
  ,                                       !- Fraction of Autosized Design Heating Supply Air Flow Rate When No Cooling or Heating is Required
  ,                                       !- Design Supply Air Flow Rate Per Unit of Capacity During Cooling Operation When No Cooling or Heating is Required {m3/s-W}
  ,                                       !- Design Supply Air Flow Rate Per Unit of Capacity During Heating Operation When No Cooling or Heating is Required {m3/s-W}
  48.8888888888889,                       !- Maximum Supply Air Temperature {C}
  21,                                     !- Maximum Outdoor Dry-Bulb Temperature for Supplemental Heater Operation {C}
  ,                                       !- Outdoor Dry-Bulb Temperature Sensor Node Name
  0,                                      !- Ancilliary On-Cycle Electric Power {W}
  0;                                      !- Ancilliary Off-Cycle Electric Power {W}

OS:AirLoopHVAC,
  {f0501837-902e-44e2-b9ba-0531f14fe7db}, !- Handle
  central ac and furnace airloop,         !- Name
  ,                                       !- Controller List Name
  {fda96224-8ebb-4f2a-aa20-79c3f3146f94}, !- Availability Schedule
  {f03e8f37-526f-4e3b-9487-bf968ecbd0c4}, !- Availability Manager List Name
  0.3511288977408,                        !- Design Supply Air Flow Rate {m3/s}
  1,                                      !- Design Return Air Flow Fraction of Supply Air Flow
  ,                                       !- Branch List Name
  ,                                       !- Connector List Name
  {63f8cbfe-b9af-4211-94cb-1aa0d01c1c7f}, !- Supply Side Inlet Node Name
  {d5c50524-55bd-4fba-bd0d-6d7c9d083f42}, !- Demand Side Outlet Node Name
  {dcdc28d8-90fc-4408-bee1-a1f3807cc478}, !- Demand Side Inlet Node A
  {73ee0838-2f4c-4f6c-9768-3f4640ad6182}, !- Supply Side Outlet Node A
  ,                                       !- Demand Side Inlet Node B
  ,                                       !- Supply Side Outlet Node B
  ,                                       !- Return Air Bypass Flow Temperature Setpoint Schedule Name
  {8f85210e-2ea4-49d6-aab6-f5b27e7ada2b}, !- Demand Mixer Name
  {bb497fe8-3cb2-45e9-ac7e-7e097309262a}, !- Demand Splitter A Name
  ,                                       !- Demand Splitter B Name
  ;                                       !- Supply Splitter Name

OS:Node,
  {172a2a46-cc66-46d9-bbd3-23432027598c}, !- Handle
  Node 3,                                 !- Name
  {63f8cbfe-b9af-4211-94cb-1aa0d01c1c7f}, !- Inlet Port
  {1965444a-e839-44f9-8f17-d04a8ee8f6e9}; !- Outlet Port

OS:Node,
  {64c2911c-174d-4621-9bac-614ca2d948d8}, !- Handle
  Node 4,                                 !- Name
  {cb517349-0b3f-4c9f-ae5f-f17b8f03d838}, !- Inlet Port
  {73ee0838-2f4c-4f6c-9768-3f4640ad6182}; !- Outlet Port

OS:Connection,
  {63f8cbfe-b9af-4211-94cb-1aa0d01c1c7f}, !- Handle
  {f0501837-902e-44e2-b9ba-0531f14fe7db}, !- Source Object
  9,                                      !- Outlet Port
  {172a2a46-cc66-46d9-bbd3-23432027598c}, !- Target Object
  2;                                      !- Inlet Port

OS:Connection,
  {73ee0838-2f4c-4f6c-9768-3f4640ad6182}, !- Handle
  {64c2911c-174d-4621-9bac-614ca2d948d8}, !- Source Object
  3,                                      !- Outlet Port
  {f0501837-902e-44e2-b9ba-0531f14fe7db}, !- Target Object
  12;                                     !- Inlet Port

OS:Node,
  {e2eb172a-c313-47c4-8e62-a1220c82395a}, !- Handle
  Node 5,                                 !- Name
  {dcdc28d8-90fc-4408-bee1-a1f3807cc478}, !- Inlet Port
  {14a9045e-36c9-47ce-9ca5-860e8fb9cc93}; !- Outlet Port

OS:Node,
  {da3ec02b-fcb7-4eb3-bdf8-147b13deaeb0}, !- Handle
  Node 6,                                 !- Name
  {b777da8e-26c9-4cc0-8f04-dbc58699b771}, !- Inlet Port
  {d5c50524-55bd-4fba-bd0d-6d7c9d083f42}; !- Outlet Port

OS:Node,
  {e17a346c-c0f7-402d-8610-0404768bb268}, !- Handle
  Node 7,                                 !- Name
  {0fbb2f5c-d3bf-4e5f-a0c4-2f3e64007685}, !- Inlet Port
  {e2791bf8-3bdf-40cd-b801-0de6b0f00109}; !- Outlet Port

OS:Connection,
  {dcdc28d8-90fc-4408-bee1-a1f3807cc478}, !- Handle
  {f0501837-902e-44e2-b9ba-0531f14fe7db}, !- Source Object
  11,                                     !- Outlet Port
  {e2eb172a-c313-47c4-8e62-a1220c82395a}, !- Target Object
  2;                                      !- Inlet Port

OS:Connection,
  {d5c50524-55bd-4fba-bd0d-6d7c9d083f42}, !- Handle
  {da3ec02b-fcb7-4eb3-bdf8-147b13deaeb0}, !- Source Object
  3,                                      !- Outlet Port
  {f0501837-902e-44e2-b9ba-0531f14fe7db}, !- Target Object
  10;                                     !- Inlet Port

OS:AirLoopHVAC:ZoneSplitter,
  {bb497fe8-3cb2-45e9-ac7e-7e097309262a}, !- Handle
  central ac and furnace zone splitter,   !- Name
  {14a9045e-36c9-47ce-9ca5-860e8fb9cc93}, !- Inlet Node Name
  {7637ecca-f1a7-4bfa-8e0e-fed4eb1cf0e0}; !- Outlet Node Name 1

OS:AirLoopHVAC:ZoneMixer,
  {8f85210e-2ea4-49d6-aab6-f5b27e7ada2b}, !- Handle
  central ac and furnace zone mixer,      !- Name
  {b777da8e-26c9-4cc0-8f04-dbc58699b771}, !- Outlet Node Name
  {321e3338-64dc-45aa-9a96-635f7b485742}; !- Inlet Node Name 1

OS:Connection,
  {14a9045e-36c9-47ce-9ca5-860e8fb9cc93}, !- Handle
  {e2eb172a-c313-47c4-8e62-a1220c82395a}, !- Source Object
  3,                                      !- Outlet Port
  {bb497fe8-3cb2-45e9-ac7e-7e097309262a}, !- Target Object
  2;                                      !- Inlet Port

OS:Connection,
  {b777da8e-26c9-4cc0-8f04-dbc58699b771}, !- Handle
  {8f85210e-2ea4-49d6-aab6-f5b27e7ada2b}, !- Source Object
  2,                                      !- Outlet Port
  {da3ec02b-fcb7-4eb3-bdf8-147b13deaeb0}, !- Target Object
  2;                                      !- Inlet Port

OS:Sizing:System,
  {5f818aef-e72e-40ae-bf74-033465639346}, !- Handle
  {f0501837-902e-44e2-b9ba-0531f14fe7db}, !- AirLoop Name
  ,                                       !- Type of Load to Size On
  ,                                       !- Design Outdoor Air Flow Rate {m3/s}
  0.3,                                    !- Central Heating Maximum System Air Flow Ratio
  7,                                      !- Preheat Design Temperature {C}
  0.008,                                  !- Preheat Design Humidity Ratio {kg-H2O/kg-Air}
  12.8,                                   !- Precool Design Temperature {C}
  0.008,                                  !- Precool Design Humidity Ratio {kg-H2O/kg-Air}
  12.8,                                   !- Central Cooling Design Supply Air Temperature {C}
  16.7,                                   !- Central Heating Design Supply Air Temperature {C}
  ,                                       !- Sizing Option
  Yes,                                    !- 100% Outdoor Air in Cooling
  Yes,                                    !- 100% Outdoor Air in Heating
  0.0085,                                 !- Central Cooling Design Supply Air Humidity Ratio {kg-H2O/kg-Air}
  ,                                       !- Central Heating Design Supply Air Humidity Ratio {kg-H2O/kg-Air}
  ,                                       !- Cooling Design Air Flow Method
  ,                                       !- Cooling Design Air Flow Rate {m3/s}
  ,                                       !- Heating Design Air Flow Method
  ,                                       !- Heating Design Air Flow Rate {m3/s}
  ,                                       !- System Outdoor Air Method
  1,                                      !- Zone Maximum Outdoor Air Fraction {dimensionless}
  0.0099676501,                           !- Cooling Supply Air Flow Rate Per Floor Area {m3/s-m2}
  1,                                      !- Cooling Fraction of Autosized Cooling Supply Air Flow Rate
  3.9475456e-05,                          !- Cooling Supply Air Flow Rate Per Unit Cooling Capacity {m3/s-W}
  0.0099676501,                           !- Heating Supply Air Flow Rate Per Floor Area {m3/s-m2}
  1,                                      !- Heating Fraction of Autosized Heating Supply Air Flow Rate
  1,                                      !- Heating Fraction of Autosized Cooling Supply Air Flow Rate
  3.1588213e-05,                          !- Heating Supply Air Flow Rate Per Unit Heating Capacity {m3/s-W}
  CoolingDesignCapacity,                  !- Cooling Design Capacity Method
  autosize,                               !- Cooling Design Capacity {W}
  234.7,                                  !- Cooling Design Capacity Per Floor Area {W/m2}
  1,                                      !- Fraction of Autosized Cooling Design Capacity
  HeatingDesignCapacity,                  !- Heating Design Capacity Method
  autosize,                               !- Heating Design Capacity {W}
  157,                                    !- Heating Design Capacity Per Floor Area {W/m2}
  1,                                      !- Fraction of Autosized Heating Design Capacity
  OnOff,                                  !- Central Cooling Capacity Control Method
  autosize;                               !- Occupant Diversity

OS:AvailabilityManagerAssignmentList,
  {f03e8f37-526f-4e3b-9487-bf968ecbd0c4}, !- Handle
  Air Loop HVAC 1 AvailabilityManagerAssignmentList; !- Name

OS:Connection,
  {1965444a-e839-44f9-8f17-d04a8ee8f6e9}, !- Handle
  {172a2a46-cc66-46d9-bbd3-23432027598c}, !- Source Object
  3,                                      !- Outlet Port
  {19eafa2c-c07e-4b71-ab4c-3444af814a18}, !- Target Object
  6;                                      !- Inlet Port

OS:Connection,
  {cb517349-0b3f-4c9f-ae5f-f17b8f03d838}, !- Handle
  {19eafa2c-c07e-4b71-ab4c-3444af814a18}, !- Source Object
  7,                                      !- Outlet Port
  {64c2911c-174d-4621-9bac-614ca2d948d8}, !- Target Object
  2;                                      !- Inlet Port

OS:AirTerminal:SingleDuct:ConstantVolume:NoReheat,
  {d87e22d3-9bb8-4791-b0cf-39a1eae98237}, !- Handle
  central ac and furnace terminal,        !- Name
  {fda96224-8ebb-4f2a-aa20-79c3f3146f94}, !- Availability Schedule Name
  {b5ecd510-63ae-44ba-9bae-4fd142ec6f77}, !- Air Inlet Node Name
  {0fbb2f5c-d3bf-4e5f-a0c4-2f3e64007685}, !- Air Outlet Node Name
  0.3511288977408;                        !- Maximum Air Flow Rate {m3/s}

OS:Node,
  {a5b1338a-35bf-4e43-9873-ebd6ea92e8fd}, !- Handle
  Node 8,                                 !- Name
  {16f795e1-ae5f-4b17-aa3d-36a6776f3095}, !- Inlet Port
  {321e3338-64dc-45aa-9a96-635f7b485742}; !- Outlet Port

OS:Connection,
  {e2791bf8-3bdf-40cd-b801-0de6b0f00109}, !- Handle
  {e17a346c-c0f7-402d-8610-0404768bb268}, !- Source Object
  3,                                      !- Outlet Port
  {39a63287-c6d8-4f65-8290-30db41b53a23}, !- Target Object
  2;                                      !- Inlet Port

OS:Connection,
  {16f795e1-ae5f-4b17-aa3d-36a6776f3095}, !- Handle
  {1b496bfe-d033-4e7a-8611-464f941ccd53}, !- Source Object
  2,                                      !- Outlet Port
  {a5b1338a-35bf-4e43-9873-ebd6ea92e8fd}, !- Target Object
  2;                                      !- Inlet Port

OS:Connection,
  {321e3338-64dc-45aa-9a96-635f7b485742}, !- Handle
  {a5b1338a-35bf-4e43-9873-ebd6ea92e8fd}, !- Source Object
  3,                                      !- Outlet Port
  {8f85210e-2ea4-49d6-aab6-f5b27e7ada2b}, !- Target Object
  3;                                      !- Inlet Port

OS:Node,
  {7e861ccf-6d73-4927-a376-1c58bfba643e}, !- Handle
  Node 9,                                 !- Name
  {7637ecca-f1a7-4bfa-8e0e-fed4eb1cf0e0}, !- Inlet Port
  {b5ecd510-63ae-44ba-9bae-4fd142ec6f77}; !- Outlet Port

OS:Connection,
  {7637ecca-f1a7-4bfa-8e0e-fed4eb1cf0e0}, !- Handle
  {bb497fe8-3cb2-45e9-ac7e-7e097309262a}, !- Source Object
  3,                                      !- Outlet Port
  {7e861ccf-6d73-4927-a376-1c58bfba643e}, !- Target Object
  2;                                      !- Inlet Port

OS:Connection,
  {b5ecd510-63ae-44ba-9bae-4fd142ec6f77}, !- Handle
  {7e861ccf-6d73-4927-a376-1c58bfba643e}, !- Source Object
  3,                                      !- Outlet Port
  {d87e22d3-9bb8-4791-b0cf-39a1eae98237}, !- Target Object
  3;                                      !- Inlet Port

OS:Connection,
  {0fbb2f5c-d3bf-4e5f-a0c4-2f3e64007685}, !- Handle
  {d87e22d3-9bb8-4791-b0cf-39a1eae98237}, !- Source Object
  4,                                      !- Outlet Port
  {e17a346c-c0f7-402d-8610-0404768bb268}, !- Target Object
  2;                                      !- Inlet Port

OS:Schedule:Constant,
  {451554ba-ae90-4ca2-8c54-468d387ba9ec}, !- Handle
  Sequential Fraction Schedule,           !- Name
  {ead26607-0737-4912-8f11-6ae10ca6176b}, !- Schedule Type Limits Name
  1;                                      !- Value

OS:Schedule:Constant,
  {1b5d29a6-6506-4a25-893f-771aad63fcfa}, !- Handle
  Sequential Fraction Schedule 1,         !- Name
  {ead26607-0737-4912-8f11-6ae10ca6176b}, !- Schedule Type Limits Name
  1;                                      !- Value

OS:Schedule:File,
  {cd96dbe5-3701-47b1-aa7c-8eeaed7f4434}, !- Handle
  ceiling_fan,                            !- Name
  {ead26607-0737-4912-8f11-6ae10ca6176b}, !- Schedule Type Limits Name
  {3ad0bed2-793c-441a-89ba-69fc0c8e2d37}, !- External File Name
  8,                                      !- Column Number
  1,                                      !- Rows to Skip at Top
  8760,                                   !- Number of Hours of Data
  ,                                       !- Column Separator
  ,                                       !- Interpolate to Timestep
  15,                                     !- Minutes per Item
  ,                                       !- Adjust Schedule for Daylight Savings
  Yes;                                    !- Translate File With Relative Path

OS:ElectricEquipment:Definition,
  {9cf87b12-f92f-4ba6-803e-6a0f39dc630a}, !- Handle
  ceiling fan,                            !- Name
  EquipmentLevel,                         !- Design Level Calculation Method
  21.3924768407485,                       !- Design Level {W}
  ,                                       !- Watts per Space Floor Area {W/m2}
  ,                                       !- Watts per Person {W/person}
  0,                                      !- Fraction Latent
  0.558,                                  !- Fraction Radiant
  0;                                      !- Fraction Lost

OS:ElectricEquipment,
  {c3d8c4fd-ad87-4433-821c-611752631ecc}, !- Handle
  ceiling fan,                            !- Name
  {9cf87b12-f92f-4ba6-803e-6a0f39dc630a}, !- Electric Equipment Definition Name
  {d2d08edd-88aa-4a5f-9d1c-043be2ed219b}, !- Space or SpaceType Name
  {cd96dbe5-3701-47b1-aa7c-8eeaed7f4434}, !- Schedule Name
  ,                                       !- Multiplier
  ceiling fan;                            !- End-Use Subcategory

OS:PlantLoop,
  {8a9d5f91-2436-4fe0-8c72-cfa639d8ea0a}, !- Handle
  dhw loop,                               !- Name
  ,                                       !- Fluid Type
  0,                                      !- Glycol Concentration
  ,                                       !- User Defined Fluid Type
  ,                                       !- Plant Equipment Operation Heating Load
  ,                                       !- Plant Equipment Operation Cooling Load
  ,                                       !- Primary Plant Equipment Operation Scheme
  {f29ac77f-d5c7-485f-bfdd-6346fa52e187}, !- Loop Temperature Setpoint Node Name
  ,                                       !- Maximum Loop Temperature {C}
  ,                                       !- Minimum Loop Temperature {C}
  0.01,                                   !- Maximum Loop Flow Rate {m3/s}
  ,                                       !- Minimum Loop Flow Rate {m3/s}
  0.003,                                  !- Plant Loop Volume {m3}
  {e9165d35-285f-4592-88c1-5f9b75c14e14}, !- Plant Side Inlet Node Name
  {dd1cb48c-6e49-41e0-94c5-1fb6e47bbf57}, !- Plant Side Outlet Node Name
  ,                                       !- Plant Side Branch List Name
  {1e59c8d7-f47a-4e91-8954-c481099402c8}, !- Demand Side Inlet Node Name
  {ce1629ea-b0d8-4df6-966b-2444da671316}, !- Demand Side Outlet Node Name
  ,                                       !- Demand Side Branch List Name
  ,                                       !- Demand Side Connector List Name
  Optimal,                                !- Load Distribution Scheme
  {86eb869a-718a-4f43-ae62-c8ca076d6bae}, !- Availability Manager List Name
  ,                                       !- Plant Loop Demand Calculation Scheme
  ,                                       !- Common Pipe Simulation
  ,                                       !- Pressure Simulation Type
  ,                                       !- Plant Equipment Operation Heating Load Schedule
  ,                                       !- Plant Equipment Operation Cooling Load Schedule
  ,                                       !- Primary Plant Equipment Operation Scheme Schedule
  ,                                       !- Component Setpoint Operation Scheme Schedule
  {0b063a92-7551-4c07-b872-644dd6febd7e}, !- Demand Mixer Name
  {912b6f61-b3b8-43fa-94ea-1f5e11bb197b}, !- Demand Splitter Name
  {96f961f6-293d-45a7-b072-9ba1d6750c43}, !- Supply Mixer Name
  {31743375-80ec-4685-88b8-6ab4321e89a7}; !- Supply Splitter Name

OS:Node,
  {1c76d65b-8ab7-4e87-b253-05602eca534b}, !- Handle
  Node 10,                                !- Name
  {e9165d35-285f-4592-88c1-5f9b75c14e14}, !- Inlet Port
  {7ad4e8e8-a2ed-4a07-8ac5-c356c574c88f}; !- Outlet Port

OS:Node,
  {f29ac77f-d5c7-485f-bfdd-6346fa52e187}, !- Handle
  Node 11,                                !- Name
  {7d67ccdc-e81a-455d-b67c-9d93ae7feb9c}, !- Inlet Port
  {dd1cb48c-6e49-41e0-94c5-1fb6e47bbf57}; !- Outlet Port

OS:Node,
  {fcbfdaca-6f29-45b0-ab16-7322238b196b}, !- Handle
  Node 12,                                !- Name
  {81b65636-9890-4719-8a6a-651e227cb13f}, !- Inlet Port
  {13c1ea90-9564-422a-9648-cfef8001260b}; !- Outlet Port

OS:Connector:Mixer,
  {96f961f6-293d-45a7-b072-9ba1d6750c43}, !- Handle
  Connector Mixer 1,                      !- Name
  {63d52f0e-06c7-4d89-8a0c-1c042aa96a99}, !- Outlet Branch Name
  {df45248f-ac6b-4487-8ee9-2eb6631b8421}, !- Inlet Branch Name 1
  {04d9d812-863e-4e6c-822d-f7583b654902}; !- Inlet Branch Name 2

OS:Connector:Splitter,
  {31743375-80ec-4685-88b8-6ab4321e89a7}, !- Handle
  Connector Splitter 1,                   !- Name
  {2b2b0ff8-a472-445b-9f1f-e8551ce502ea}, !- Inlet Branch Name
  {81b65636-9890-4719-8a6a-651e227cb13f}, !- Outlet Branch Name 1
  {5c4d1e0c-39e1-4ea7-862b-74393d49d346}; !- Outlet Branch Name 2

OS:Connection,
  {e9165d35-285f-4592-88c1-5f9b75c14e14}, !- Handle
  {8a9d5f91-2436-4fe0-8c72-cfa639d8ea0a}, !- Source Object
  14,                                     !- Outlet Port
  {1c76d65b-8ab7-4e87-b253-05602eca534b}, !- Target Object
  2;                                      !- Inlet Port

OS:Connection,
  {81b65636-9890-4719-8a6a-651e227cb13f}, !- Handle
  {31743375-80ec-4685-88b8-6ab4321e89a7}, !- Source Object
  3,                                      !- Outlet Port
  {fcbfdaca-6f29-45b0-ab16-7322238b196b}, !- Target Object
  2;                                      !- Inlet Port

OS:Connection,
  {dd1cb48c-6e49-41e0-94c5-1fb6e47bbf57}, !- Handle
  {f29ac77f-d5c7-485f-bfdd-6346fa52e187}, !- Source Object
  3,                                      !- Outlet Port
  {8a9d5f91-2436-4fe0-8c72-cfa639d8ea0a}, !- Target Object
  15;                                     !- Inlet Port

OS:Node,
  {c884f226-7047-438d-88d9-da2824ccb0a8}, !- Handle
  Node 13,                                !- Name
  {1e59c8d7-f47a-4e91-8954-c481099402c8}, !- Inlet Port
  {2a9ac2be-84e2-43a5-bb05-f5364514c51a}; !- Outlet Port

OS:Node,
  {4c68285d-18d9-447d-9e82-d9893fbabb25}, !- Handle
  Node 14,                                !- Name
  {6eb609d1-43be-4aa3-84c4-144e0a8ce83a}, !- Inlet Port
  {ce1629ea-b0d8-4df6-966b-2444da671316}; !- Outlet Port

OS:Node,
  {53bb55f5-4652-4fcf-998d-316777390c47}, !- Handle
  Node 15,                                !- Name
  {b0dde21a-0c79-49d0-bf6d-db4bc3431e2f}, !- Inlet Port
  {c4f033d2-bea2-4d5e-94c8-fbbfbae41c54}; !- Outlet Port

OS:Connector:Mixer,
  {0b063a92-7551-4c07-b872-644dd6febd7e}, !- Handle
  Connector Mixer 2,                      !- Name
  {6eb609d1-43be-4aa3-84c4-144e0a8ce83a}, !- Outlet Branch Name
  {1587dd25-068e-45d3-ade3-5ab62bc5091c}; !- Inlet Branch Name 1

OS:Connector:Splitter,
  {912b6f61-b3b8-43fa-94ea-1f5e11bb197b}, !- Handle
  Connector Splitter 2,                   !- Name
  {2a9ac2be-84e2-43a5-bb05-f5364514c51a}, !- Inlet Branch Name
  {b0dde21a-0c79-49d0-bf6d-db4bc3431e2f}; !- Outlet Branch Name 1

OS:Connection,
  {1e59c8d7-f47a-4e91-8954-c481099402c8}, !- Handle
  {8a9d5f91-2436-4fe0-8c72-cfa639d8ea0a}, !- Source Object
  17,                                     !- Outlet Port
  {c884f226-7047-438d-88d9-da2824ccb0a8}, !- Target Object
  2;                                      !- Inlet Port

OS:Connection,
  {2a9ac2be-84e2-43a5-bb05-f5364514c51a}, !- Handle
  {c884f226-7047-438d-88d9-da2824ccb0a8}, !- Source Object
  3,                                      !- Outlet Port
  {912b6f61-b3b8-43fa-94ea-1f5e11bb197b}, !- Target Object
  2;                                      !- Inlet Port

OS:Connection,
  {b0dde21a-0c79-49d0-bf6d-db4bc3431e2f}, !- Handle
  {912b6f61-b3b8-43fa-94ea-1f5e11bb197b}, !- Source Object
  3,                                      !- Outlet Port
  {53bb55f5-4652-4fcf-998d-316777390c47}, !- Target Object
  2;                                      !- Inlet Port

OS:Connection,
  {6eb609d1-43be-4aa3-84c4-144e0a8ce83a}, !- Handle
  {0b063a92-7551-4c07-b872-644dd6febd7e}, !- Source Object
  2,                                      !- Outlet Port
  {4c68285d-18d9-447d-9e82-d9893fbabb25}, !- Target Object
  2;                                      !- Inlet Port

OS:Connection,
  {ce1629ea-b0d8-4df6-966b-2444da671316}, !- Handle
  {4c68285d-18d9-447d-9e82-d9893fbabb25}, !- Source Object
  3,                                      !- Outlet Port
  {8a9d5f91-2436-4fe0-8c72-cfa639d8ea0a}, !- Target Object
  18;                                     !- Inlet Port

OS:Sizing:Plant,
  {22dbbe83-f7c8-4bdc-b1a3-10ab08e3c222}, !- Handle
  {8a9d5f91-2436-4fe0-8c72-cfa639d8ea0a}, !- Plant or Condenser Loop Name
  Heating,                                !- Loop Type
  52.6666666666667,                       !- Design Loop Exit Temperature {C}
  5.55555555555556,                       !- Loop Design Temperature Difference {deltaC}
  NonCoincident,                          !- Sizing Option
  1,                                      !- Zone Timesteps in Averaging Window
  None;                                   !- Coincident Sizing Factor Mode

OS:AvailabilityManagerAssignmentList,
  {86eb869a-718a-4f43-ae62-c8ca076d6bae}, !- Handle
  Plant Loop 1 AvailabilityManagerAssignmentList; !- Name

OS:Pipe:Adiabatic,
  {0a1b7ea6-ba12-41e6-859e-ac4290a1c087}, !- Handle
  Pipe Adiabatic 1,                       !- Name
  {13c1ea90-9564-422a-9648-cfef8001260b}, !- Inlet Node Name
  {ea5ffc56-9c05-4981-a4fc-873e9be6f3e3}; !- Outlet Node Name

OS:Pipe:Adiabatic,
  {47ea87c6-ef38-4507-bcd9-40d667404136}, !- Handle
  Pipe Adiabatic 2,                       !- Name
  {5942a5dd-6240-4f65-be0a-d74546b127c5}, !- Inlet Node Name
  {7d67ccdc-e81a-455d-b67c-9d93ae7feb9c}; !- Outlet Node Name

OS:Node,
  {0bf5b88a-0479-4a97-a690-9ec139422d1b}, !- Handle
  Node 16,                                !- Name
  {ea5ffc56-9c05-4981-a4fc-873e9be6f3e3}, !- Inlet Port
  {df45248f-ac6b-4487-8ee9-2eb6631b8421}; !- Outlet Port

OS:Connection,
  {13c1ea90-9564-422a-9648-cfef8001260b}, !- Handle
  {fcbfdaca-6f29-45b0-ab16-7322238b196b}, !- Source Object
  3,                                      !- Outlet Port
  {0a1b7ea6-ba12-41e6-859e-ac4290a1c087}, !- Target Object
  2;                                      !- Inlet Port

OS:Connection,
  {ea5ffc56-9c05-4981-a4fc-873e9be6f3e3}, !- Handle
  {0a1b7ea6-ba12-41e6-859e-ac4290a1c087}, !- Source Object
  3,                                      !- Outlet Port
  {0bf5b88a-0479-4a97-a690-9ec139422d1b}, !- Target Object
  2;                                      !- Inlet Port

OS:Connection,
  {df45248f-ac6b-4487-8ee9-2eb6631b8421}, !- Handle
  {0bf5b88a-0479-4a97-a690-9ec139422d1b}, !- Source Object
  3,                                      !- Outlet Port
  {96f961f6-293d-45a7-b072-9ba1d6750c43}, !- Target Object
  3;                                      !- Inlet Port

OS:Node,
  {fb5e39e8-9926-454e-9497-298574e7053a}, !- Handle
  Node 17,                                !- Name
  {63d52f0e-06c7-4d89-8a0c-1c042aa96a99}, !- Inlet Port
  {5942a5dd-6240-4f65-be0a-d74546b127c5}; !- Outlet Port

OS:Connection,
  {63d52f0e-06c7-4d89-8a0c-1c042aa96a99}, !- Handle
  {96f961f6-293d-45a7-b072-9ba1d6750c43}, !- Source Object
  2,                                      !- Outlet Port
  {fb5e39e8-9926-454e-9497-298574e7053a}, !- Target Object
  2;                                      !- Inlet Port

OS:Connection,
  {5942a5dd-6240-4f65-be0a-d74546b127c5}, !- Handle
  {fb5e39e8-9926-454e-9497-298574e7053a}, !- Source Object
  3,                                      !- Outlet Port
  {47ea87c6-ef38-4507-bcd9-40d667404136}, !- Target Object
  2;                                      !- Inlet Port

OS:Connection,
  {7d67ccdc-e81a-455d-b67c-9d93ae7feb9c}, !- Handle
  {47ea87c6-ef38-4507-bcd9-40d667404136}, !- Source Object
  3,                                      !- Outlet Port
  {f29ac77f-d5c7-485f-bfdd-6346fa52e187}, !- Target Object
  2;                                      !- Inlet Port

OS:Pump:VariableSpeed,
  {93f48a47-a054-49a0-9833-2f27bd5e55d7}, !- Handle
  Pump Variable Speed 1,                  !- Name
  {7ad4e8e8-a2ed-4a07-8ac5-c356c574c88f}, !- Inlet Node Name
  {3ffaa532-564c-4383-93ed-94c5a933840a}, !- Outlet Node Name
  0.01,                                   !- Rated Flow Rate {m3/s}
  1,                                      !- Rated Pump Head {Pa}
  0,                                      !- Rated Power Consumption {W}
  1,                                      !- Motor Efficiency
  0,                                      !- Fraction of Motor Inefficiencies to Fluid Stream
  0,                                      !- Coefficient 1 of the Part Load Performance Curve
  1,                                      !- Coefficient 2 of the Part Load Performance Curve
  0,                                      !- Coefficient 3 of the Part Load Performance Curve
  0,                                      !- Coefficient 4 of the Part Load Performance Curve
  ,                                       !- Minimum Flow Rate {m3/s}
  Intermittent,                           !- Pump Control Type
  ,                                       !- Pump Flow Rate Schedule Name
  ,                                       !- Pump Curve Name
  ,                                       !- Impeller Diameter {m}
  ,                                       !- VFD Control Type
  ,                                       !- Pump RPM Schedule Name
  ,                                       !- Minimum Pressure Schedule {Pa}
  ,                                       !- Maximum Pressure Schedule {Pa}
  ,                                       !- Minimum RPM Schedule {rev/min}
  ,                                       !- Maximum RPM Schedule {rev/min}
  ,                                       !- Zone Name
  0.5,                                    !- Skin Loss Radiative Fraction
  PowerPerFlowPerPressure,                !- Design Power Sizing Method
  348701.1,                               !- Design Electric Power per Unit Flow Rate {W/(m3/s)}
  1.282051282,                            !- Design Shaft Power per Unit Flow Rate per Unit Head {W-s/m3-Pa}
  0,                                      !- Design Minimum Flow Rate Fraction
  General;                                !- End-Use Subcategory

OS:Node,
  {2e841ab7-4426-4d8b-9667-cd7b2123c0fa}, !- Handle
  Node 18,                                !- Name
  {3ffaa532-564c-4383-93ed-94c5a933840a}, !- Inlet Port
  {2b2b0ff8-a472-445b-9f1f-e8551ce502ea}; !- Outlet Port

OS:Connection,
  {7ad4e8e8-a2ed-4a07-8ac5-c356c574c88f}, !- Handle
  {1c76d65b-8ab7-4e87-b253-05602eca534b}, !- Source Object
  3,                                      !- Outlet Port
  {93f48a47-a054-49a0-9833-2f27bd5e55d7}, !- Target Object
  2;                                      !- Inlet Port

OS:Connection,
  {3ffaa532-564c-4383-93ed-94c5a933840a}, !- Handle
  {93f48a47-a054-49a0-9833-2f27bd5e55d7}, !- Source Object
  3,                                      !- Outlet Port
  {2e841ab7-4426-4d8b-9667-cd7b2123c0fa}, !- Target Object
  2;                                      !- Inlet Port

OS:Connection,
  {2b2b0ff8-a472-445b-9f1f-e8551ce502ea}, !- Handle
  {2e841ab7-4426-4d8b-9667-cd7b2123c0fa}, !- Source Object
  3,                                      !- Outlet Port
  {31743375-80ec-4685-88b8-6ab4321e89a7}, !- Target Object
  2;                                      !- Inlet Port

OS:Schedule:Constant,
  {d22aa21e-a633-4af8-a902-f5db1098ab51}, !- Handle
  dhw temp,                               !- Name
  {340972d2-741d-4173-8f1a-66bccdabc5c6}, !- Schedule Type Limits Name
  52.6666666666667;                       !- Value

OS:SetpointManager:Scheduled,
  {2b417a62-00cd-4841-a0b8-9b03635b4d04}, !- Handle
  Setpoint Manager Scheduled 1,           !- Name
  Temperature,                            !- Control Variable
  {d22aa21e-a633-4af8-a902-f5db1098ab51}, !- Schedule Name
  {f29ac77f-d5c7-485f-bfdd-6346fa52e187}; !- Setpoint Node or NodeList Name

OS:WaterHeater:Mixed,
  {796c96dc-8c0e-4802-a561-d27cfa2e7a8c}, !- Handle
  water heater,                           !- Name
  0.143845647790854,                      !- Tank Volume {m3}
  {cab927b9-151c-4244-b25c-9beb5b6c46bf}, !- Setpoint Temperature Schedule Name
  2,                                      !- Deadband Temperature Difference {deltaC}
  99,                                     !- Maximum Temperature Limit {C}
  Cycle,                                  !- Heater Control Type
  10550.5585262,                          !- Heater Maximum Capacity {W}
  0,                                      !- Heater Minimum Capacity {W}
  ,                                       !- Heater Ignition Minimum Flow Rate {m3/s}
  ,                                       !- Heater Ignition Delay {s}
  NaturalGas,                             !- Heater Fuel Type
  0.774905376164136,                      !- Heater Thermal Efficiency
  ,                                       !- Part Load Factor Curve Name
  0,                                      !- Off Cycle Parasitic Fuel Consumption Rate {W}
  Electricity,                            !- Off Cycle Parasitic Fuel Type
  0,                                      !- Off Cycle Parasitic Heat Fraction to Tank
  0,                                      !- On Cycle Parasitic Fuel Consumption Rate {W}
  Electricity,                            !- On Cycle Parasitic Fuel Type
  0,                                      !- On Cycle Parasitic Heat Fraction to Tank
  ThermalZone,                            !- Ambient Temperature Indicator
  ,                                       !- Ambient Temperature Schedule Name
  {541fd03f-8d32-4c19-ae15-f3b2ce1607af}, !- Ambient Temperature Thermal Zone Name
  ,                                       !- Ambient Temperature Outdoor Air Node Name
  4.19337916084354,                       !- Off Cycle Loss Coefficient to Ambient Temperature {W/K}
  0.64,                                   !- Off Cycle Loss Fraction to Thermal Zone
  4.19337916084354,                       !- On Cycle Loss Coefficient to Ambient Temperature {W/K}
  1,                                      !- On Cycle Loss Fraction to Thermal Zone
  ,                                       !- Peak Use Flow Rate {m3/s}
  ,                                       !- Use Flow Rate Fraction Schedule Name
  ,                                       !- Cold Water Supply Temperature Schedule Name
  {61dbb879-8d51-4519-9a6b-6033ee8d4a97}, !- Use Side Inlet Node Name
  {d55829a6-0b03-49af-b6b2-3708c1d05be6}, !- Use Side Outlet Node Name
  1,                                      !- Use Side Effectiveness
  ,                                       !- Source Side Inlet Node Name
  ,                                       !- Source Side Outlet Node Name
  1,                                      !- Source Side Effectiveness
  autosize,                               !- Use Side Design Flow Rate {m3/s}
  autosize,                               !- Source Side Design Flow Rate {m3/s}
  1.5,                                    !- Indirect Water Heating Recovery Time {hr}
  IndirectHeatPrimarySetpoint,            !- Source Side Flow Control Mode
  ,                                       !- Indirect Alternate Setpoint Temperature Schedule Name
  General;                                !- End-Use Subcategory

OS:WaterHeater:Sizing,
  {620fb6e2-0af6-40ac-b0b2-37d1c606e316}, !- Handle
  {796c96dc-8c0e-4802-a561-d27cfa2e7a8c}, !- WaterHeater Name
  PeakDraw,                               !- Design Mode
  0.538503,                               !- Time Storage Can Meet Peak Draw {hr}
  0,                                      !- Time for Tank Recovery {hr}
  1;                                      !- Nominal Tank Volume for Autosizing Plant Connections {m3}

OS:Schedule:Constant,
  {cab927b9-151c-4244-b25c-9beb5b6c46bf}, !- Handle
  water heater setpoint,                  !- Name
  {340972d2-741d-4173-8f1a-66bccdabc5c6}, !- Schedule Type Limits Name
  52.6666666666667;                       !- Value

OS:AdditionalProperties,
  {134527e5-22ca-4a2d-b9bc-3ecc8dce9061}, !- Handle
  {796c96dc-8c0e-4802-a561-d27cfa2e7a8c}, !- Object Name
  HPXML_ID,                               !- Feature Name 1
  String,                                 !- Feature Data Type 1
  WaterHeatingSystem1;                    !- Feature Value 1

OS:Node,
  {3102caa5-16e4-44a6-9c13-b52ec3ec8a90}, !- Handle
  Node 19,                                !- Name
  {5c4d1e0c-39e1-4ea7-862b-74393d49d346}, !- Inlet Port
  {61dbb879-8d51-4519-9a6b-6033ee8d4a97}; !- Outlet Port

OS:Connection,
  {5c4d1e0c-39e1-4ea7-862b-74393d49d346}, !- Handle
  {31743375-80ec-4685-88b8-6ab4321e89a7}, !- Source Object
  4,                                      !- Outlet Port
  {3102caa5-16e4-44a6-9c13-b52ec3ec8a90}, !- Target Object
  2;                                      !- Inlet Port

OS:Node,
  {1da2aeec-4575-47af-9434-a0b56c7a5c09}, !- Handle
  Node 20,                                !- Name
  {d55829a6-0b03-49af-b6b2-3708c1d05be6}, !- Inlet Port
  {04d9d812-863e-4e6c-822d-f7583b654902}; !- Outlet Port

OS:Connection,
  {61dbb879-8d51-4519-9a6b-6033ee8d4a97}, !- Handle
  {3102caa5-16e4-44a6-9c13-b52ec3ec8a90}, !- Source Object
  3,                                      !- Outlet Port
  {796c96dc-8c0e-4802-a561-d27cfa2e7a8c}, !- Target Object
  31;                                     !- Inlet Port

OS:Connection,
  {d55829a6-0b03-49af-b6b2-3708c1d05be6}, !- Handle
  {796c96dc-8c0e-4802-a561-d27cfa2e7a8c}, !- Source Object
  32,                                     !- Outlet Port
  {1da2aeec-4575-47af-9434-a0b56c7a5c09}, !- Target Object
  2;                                      !- Inlet Port

OS:Connection,
  {04d9d812-863e-4e6c-822d-f7583b654902}, !- Handle
  {1da2aeec-4575-47af-9434-a0b56c7a5c09}, !- Source Object
  3,                                      !- Outlet Port
  {96f961f6-293d-45a7-b072-9ba1d6750c43}, !- Target Object
  4;                                      !- Inlet Port

OS:OtherEquipment:Definition,
  {b9e3d15a-0e8c-4549-88f6-126c3046f981}, !- Handle
  water heater energy adjustment1,        !- Name
  EquipmentLevel,                         !- Design Level Calculation Method
  0.01,                                   !- Design Level {W}
  ,                                       !- Watts per Space Floor Area {W/m2}
  ,                                       !- Watts per Person {W/Person}
  0,                                      !- Fraction Latent
  0,                                      !- Fraction Radiant
  1;                                      !- Fraction Lost

OS:OtherEquipment,
  {b84fdc0d-5871-4950-b625-a0a6576a900a}, !- Handle
  water heater energy adjustment1,        !- Name
  {b9e3d15a-0e8c-4549-88f6-126c3046f981}, !- Other Equipment Definition Name
  {d2d08edd-88aa-4a5f-9d1c-043be2ed219b}, !- Space or SpaceType Name
  {fda96224-8ebb-4f2a-aa20-79c3f3146f94}, !- Schedule Name
  ,                                       !- Multiplier
  NaturalGas,                             !- Fuel Type
  water heater energy adjustment1;        !- End-Use Subcategory

OS:AdditionalProperties,
  {cc9eb61a-07b0-4ec1-8f84-a3c55bc6ae13}, !- Handle
  {b84fdc0d-5871-4950-b625-a0a6576a900a}, !- Object Name
  HPXML_ID,                               !- Feature Name 1
  String,                                 !- Feature Data Type 1
  WaterHeatingSystem1;                    !- Feature Value 1

OS:EnergyManagementSystem:Sensor,
  {b353dcfc-a903-4ab9-9b4b-8b8c07750df5}, !- Handle
  water_heater_energy,                    !- Name
  water heater,                           !- Output Variable or Output Meter Index Key Name
  Water Heater NaturalGas Rate;           !- Output Variable or Output Meter Name

OS:EnergyManagementSystem:Sensor,
  {3ec69a30-533c-4afe-ab47-51c4dbdc2422}, !- Handle
  water_heater_on_cycle_parasitic,        !- Name
  water heater,                           !- Output Variable or Output Meter Index Key Name
  Water Heater On Cycle Parasitic Electricity Rate; !- Output Variable or Output Meter Name

OS:EnergyManagementSystem:Sensor,
  {aafca98c-38a7-4e2f-82bd-ceb65b0baa80}, !- Handle
  water_heater_off_cycle_parasitic,       !- Name
  water heater,                           !- Output Variable or Output Meter Index Key Name
  Water Heater Off Cycle Parasitic Electricity Rate; !- Output Variable or Output Meter Name

OS:EnergyManagementSystem:Actuator,
  {521c67ee-8188-420d-bd96-a271831dfc68}, !- Handle
  water_heater_ec_adj_act,                !- Name
  {b84fdc0d-5871-4950-b625-a0a6576a900a}, !- Actuated Component Name
  OtherEquipment,                         !- Actuated Component Type
  Power Level,                            !- Actuated Component Control Type
  {d2d08edd-88aa-4a5f-9d1c-043be2ed219b}; !- Zone or Space Name

OS:EnergyManagementSystem:Program,
  {13677e5c-d330-4772-8bd7-91928a941097}, !- Handle
  water_heater_EC_adj,                    !- Name
  Set dhw_e_cons = water_heater_energy + water_heater_on_cycle_parasitic + water_heater_off_cycle_parasitic, !- Program Line 1
  Set water_heater_ec_adj_act = 0.0 * dhw_e_cons / 1; !- Program Line 2

OS:EnergyManagementSystem:ProgramCallingManager,
  {f24b2258-2351-4bfe-862b-a66a7a17d565}, !- Handle
  water heater EC_adj ProgramManager,     !- Name
  EndOfSystemTimestepBeforeHVACReporting, !- EnergyPlus Model Calling Point
  {13677e5c-d330-4772-8bd7-91928a941097}; !- Program Name 1

OS:WaterUse:Connections,
  {78578141-5495-4e17-a9a7-2c4f7bc6b766}, !- Handle
  Water Use Connections 1,                !- Name
  {c4f033d2-bea2-4d5e-94c8-fbbfbae41c54}, !- Inlet Node Name
  {9c379077-7ac6-42f9-87bd-5e7372c03f02}, !- Outlet Node Name
  ,                                       !- Supply Water Storage Tank Name
  ,                                       !- Reclamation Water Storage Tank Name
  ,                                       !- Hot Water Supply Temperature Schedule Name
  ,                                       !- Cold Water Supply Temperature Schedule Name
  None,                                   !- Drain Water Heat Exchanger Type
  Plant,                                  !- Drain Water Heat Exchanger Destination
  ,                                       !- Drain Water Heat Exchanger U-Factor Times Area {W/K}
  {92c115ec-671f-43c3-90a0-19726bbfd003}, !- Water Use Equipment Name 1
  {e1dacb37-bc55-436b-8818-ac03ec301477}, !- Water Use Equipment Name 2
  {cdd94c97-51ea-4a17-831e-82b90422d43d}, !- Water Use Equipment Name 3
  {0129fdfb-170c-454e-8cc1-2b32f31223ae}; !- Water Use Equipment Name 4

OS:AdditionalProperties,
  {8820ad61-86b0-4605-8349-792092746194}, !- Handle
  {78578141-5495-4e17-a9a7-2c4f7bc6b766}, !- Object Name
  HPXML_ID,                               !- Feature Name 1
  String,                                 !- Feature Data Type 1
  WaterHeatingSystem1;                    !- Feature Value 1

OS:Node,
  {ef351f0d-873b-49ec-8e6b-135c520e4bd5}, !- Handle
  Node 21,                                !- Name
  {9c379077-7ac6-42f9-87bd-5e7372c03f02}, !- Inlet Port
  {1587dd25-068e-45d3-ade3-5ab62bc5091c}; !- Outlet Port

OS:Connection,
  {c4f033d2-bea2-4d5e-94c8-fbbfbae41c54}, !- Handle
  {53bb55f5-4652-4fcf-998d-316777390c47}, !- Source Object
  3,                                      !- Outlet Port
  {78578141-5495-4e17-a9a7-2c4f7bc6b766}, !- Target Object
  2;                                      !- Inlet Port

OS:Connection,
  {9c379077-7ac6-42f9-87bd-5e7372c03f02}, !- Handle
  {78578141-5495-4e17-a9a7-2c4f7bc6b766}, !- Source Object
  3,                                      !- Outlet Port
  {ef351f0d-873b-49ec-8e6b-135c520e4bd5}, !- Target Object
  2;                                      !- Inlet Port

OS:Connection,
  {1587dd25-068e-45d3-ade3-5ab62bc5091c}, !- Handle
  {ef351f0d-873b-49ec-8e6b-135c520e4bd5}, !- Source Object
  3,                                      !- Outlet Port
  {0b063a92-7551-4c07-b872-644dd6febd7e}, !- Target Object
  3;                                      !- Inlet Port

OS:Schedule:File,
  {01e5f321-bf8b-4c3f-971c-2bf902686b70}, !- Handle
  clothes_washer,                         !- Name
  {ead26607-0737-4912-8f11-6ae10ca6176b}, !- Schedule Type Limits Name
  {3ad0bed2-793c-441a-89ba-69fc0c8e2d37}, !- External File Name
  6,                                      !- Column Number
  1,                                      !- Rows to Skip at Top
  8760,                                   !- Number of Hours of Data
  ,                                       !- Column Separator
  ,                                       !- Interpolate to Timestep
  15,                                     !- Minutes per Item
  ,                                       !- Adjust Schedule for Daylight Savings
  Yes;                                    !- Translate File With Relative Path

OS:ElectricEquipment:Definition,
  {cf135fa8-95f8-444f-97dc-1027ab5a6abf}, !- Handle
  clothes washer,                         !- Name
  EquipmentLevel,                         !- Design Level Calculation Method
  175.761437403418,                       !- Design Level {W}
  ,                                       !- Watts per Space Floor Area {W/m2}
  ,                                       !- Watts per Person {W/person}
  0.03,                                   !- Fraction Latent
  0.162,                                  !- Fraction Radiant
  0.7;                                    !- Fraction Lost

OS:ElectricEquipment,
  {35c7f714-6966-4fa2-8e58-c0564e1b2095}, !- Handle
  clothes washer,                         !- Name
  {cf135fa8-95f8-444f-97dc-1027ab5a6abf}, !- Electric Equipment Definition Name
  {d2d08edd-88aa-4a5f-9d1c-043be2ed219b}, !- Space or SpaceType Name
  {01e5f321-bf8b-4c3f-971c-2bf902686b70}, !- Schedule Name
  ,                                       !- Multiplier
  clothes washer;                         !- End-Use Subcategory

OS:Schedule:File,
  {fa7599f3-2e51-47b9-be00-0aa0f116c73d}, !- Handle
  clothes_dryer,                          !- Name
  {ead26607-0737-4912-8f11-6ae10ca6176b}, !- Schedule Type Limits Name
  {3ad0bed2-793c-441a-89ba-69fc0c8e2d37}, !- External File Name
  7,                                      !- Column Number
  1,                                      !- Rows to Skip at Top
  8760,                                   !- Number of Hours of Data
  ,                                       !- Column Separator
  ,                                       !- Interpolate to Timestep
  15,                                     !- Minutes per Item
  ,                                       !- Adjust Schedule for Daylight Savings
  Yes;                                    !- Translate File With Relative Path

OS:ElectricEquipment:Definition,
  {076f022b-b156-4be6-b0af-31dc58fb2c03}, !- Handle
  clothes dryer,                          !- Name
  EquipmentLevel,                         !- Design Level Calculation Method
  8521.97981629782,                       !- Design Level {W}
  ,                                       !- Watts per Space Floor Area {W/m2}
  ,                                       !- Watts per Person {W/person}
  0.015,                                  !- Fraction Latent
  0.081,                                  !- Fraction Radiant
  0.85;                                   !- Fraction Lost

OS:ElectricEquipment,
  {fe6f32fa-ed14-4d74-a6b8-740cf64f5147}, !- Handle
  clothes dryer,                          !- Name
  {076f022b-b156-4be6-b0af-31dc58fb2c03}, !- Electric Equipment Definition Name
  {d2d08edd-88aa-4a5f-9d1c-043be2ed219b}, !- Space or SpaceType Name
  {fa7599f3-2e51-47b9-be00-0aa0f116c73d}, !- Schedule Name
  ,                                       !- Multiplier
  clothes dryer;                          !- End-Use Subcategory

OS:Schedule:File,
  {de73fae0-041a-4913-a713-d08fe0c1e8b1}, !- Handle
  dishwasher,                             !- Name
  {ead26607-0737-4912-8f11-6ae10ca6176b}, !- Schedule Type Limits Name
  {3ad0bed2-793c-441a-89ba-69fc0c8e2d37}, !- External File Name
  5,                                      !- Column Number
  1,                                      !- Rows to Skip at Top
  8760,                                   !- Number of Hours of Data
  ,                                       !- Column Separator
  ,                                       !- Interpolate to Timestep
  15,                                     !- Minutes per Item
  ,                                       !- Adjust Schedule for Daylight Savings
  Yes;                                    !- Translate File With Relative Path

OS:ElectricEquipment:Definition,
  {209ee612-6753-4786-b348-57701683bfe3}, !- Handle
  dishwasher,                             !- Name
  EquipmentLevel,                         !- Design Level Calculation Method
  522.806362299345,                       !- Design Level {W}
  ,                                       !- Watts per Space Floor Area {W/m2}
  ,                                       !- Watts per Person {W/person}
  0.3,                                    !- Fraction Latent
  0.18,                                   !- Fraction Radiant
  0.4;                                    !- Fraction Lost

OS:ElectricEquipment,
  {95c9238f-c30d-4a33-9743-439ca1e960a2}, !- Handle
  dishwasher,                             !- Name
  {209ee612-6753-4786-b348-57701683bfe3}, !- Electric Equipment Definition Name
  {d2d08edd-88aa-4a5f-9d1c-043be2ed219b}, !- Space or SpaceType Name
  {de73fae0-041a-4913-a713-d08fe0c1e8b1}, !- Schedule Name
  ,                                       !- Multiplier
  dishwasher;                             !- End-Use Subcategory

OS:Schedule:Ruleset,
  {4ad9c044-ac7d-46ad-9f0f-51355e9fdf3f}, !- Handle
  fridge schedule,                        !- Name
  {ead26607-0737-4912-8f11-6ae10ca6176b}, !- Schedule Type Limits Name
  {603e3876-c9ea-4053-b780-4ce13aa6a1b0}; !- Default Day Schedule Name

OS:Schedule:Day,
  {603e3876-c9ea-4053-b780-4ce13aa6a1b0}, !- Handle
  fridge schedule default day,            !- Name
  {ead26607-0737-4912-8f11-6ae10ca6176b}, !- Schedule Type Limits Name
  ,                                       !- Interpolate to Timestep
  24,                                     !- Hour 1
  0,                                      !- Minute 1
  0;                                      !- Value Until Time 1

OS:Schedule:Rule,
  {fd3fc694-1040-4223-a72f-8f8bc21ec960}, !- Handle
  fridge schedule allday ruleset1,        !- Name
  {4ad9c044-ac7d-46ad-9f0f-51355e9fdf3f}, !- Schedule Ruleset Name
  6,                                      !- Rule Order
  {28a08df5-dbe6-4f06-b87c-44f8449b2436}, !- Day Schedule Name
  Yes,                                    !- Apply Sunday
  Yes,                                    !- Apply Monday
  Yes,                                    !- Apply Tuesday
  Yes,                                    !- Apply Wednesday
  Yes,                                    !- Apply Thursday
  Yes,                                    !- Apply Friday
  Yes,                                    !- Apply Saturday
  DateRange,                              !- Date Specification Type
  1,                                      !- Start Month
  1,                                      !- Start Day
  1,                                      !- End Month
  31;                                     !- End Day

OS:Schedule:Day,
  {28a08df5-dbe6-4f06-b87c-44f8449b2436}, !- Handle
  fridge schedule allday1,                !- Name
  {ead26607-0737-4912-8f11-6ae10ca6176b}, !- Schedule Type Limits Name
  ,                                       !- Interpolate to Timestep
  1,                                      !- Hour 1
  0,                                      !- Minute 1
  0.610948905109489,                      !- Value Until Time 1
  2,                                      !- Hour 2
  0,                                      !- Minute 2
  0.595675182481752,                      !- Value Until Time 2
  3,                                      !- Hour 3
  0,                                      !- Minute 3
  0.580401459854014,                      !- Value Until Time 3
  4,                                      !- Hour 4
  0,                                      !- Minute 4
  0.565127737226277,                      !- Value Until Time 4
  6,                                      !- Hour 5
  0,                                      !- Minute 5
  0.54985401459854,                       !- Value Until Time 5
  7,                                      !- Hour 6
  0,                                      !- Minute 6
  0.580401459854014,                      !- Value Until Time 6
  8,                                      !- Hour 7
  0,                                      !- Minute 7
  0.610948905109489,                      !- Value Until Time 7
  10,                                     !- Hour 8
  0,                                      !- Minute 8
  0.626222627737226,                      !- Value Until Time 8
  12,                                     !- Hour 9
  0,                                      !- Minute 9
  0.610948905109489,                      !- Value Until Time 9
  15,                                     !- Hour 10
  0,                                      !- Minute 10
  0.641496350364963,                      !- Value Until Time 10
  16,                                     !- Hour 11
  0,                                      !- Minute 11
  0.626222627737226,                      !- Value Until Time 11
  17,                                     !- Hour 12
  0,                                      !- Minute 12
  0.672043795620438,                      !- Value Until Time 12
  18,                                     !- Hour 13
  0,                                      !- Minute 13
  0.733138686131387,                      !- Value Until Time 13
  19,                                     !- Hour 14
  0,                                      !- Minute 14
  0.763686131386861,                      !- Value Until Time 14
  20,                                     !- Hour 15
  0,                                      !- Minute 15
  0.733138686131387,                      !- Value Until Time 15
  21,                                     !- Hour 16
  0,                                      !- Minute 16
  0.717864963503649,                      !- Value Until Time 16
  22,                                     !- Hour 17
  0,                                      !- Minute 17
  0.702591240875912,                      !- Value Until Time 17
  23,                                     !- Hour 18
  0,                                      !- Minute 18
  0.672043795620438,                      !- Value Until Time 18
  24,                                     !- Hour 19
  0,                                      !- Minute 19
  0.626222627737226;                      !- Value Until Time 19

OS:Schedule:Rule,
  {fdd2d844-f417-4904-801d-6972e6e96347}, !- Handle
  fridge schedule allday ruleset2,        !- Name
  {4ad9c044-ac7d-46ad-9f0f-51355e9fdf3f}, !- Schedule Ruleset Name
  5,                                      !- Rule Order
  {61d2dfa5-3235-4b86-a434-bfacd2cf0eab}, !- Day Schedule Name
  Yes,                                    !- Apply Sunday
  Yes,                                    !- Apply Monday
  Yes,                                    !- Apply Tuesday
  Yes,                                    !- Apply Wednesday
  Yes,                                    !- Apply Thursday
  Yes,                                    !- Apply Friday
  Yes,                                    !- Apply Saturday
  DateRange,                              !- Date Specification Type
  2,                                      !- Start Month
  1,                                      !- Start Day
  2,                                      !- End Month
  28;                                     !- End Day

OS:Schedule:Day,
  {61d2dfa5-3235-4b86-a434-bfacd2cf0eab}, !- Handle
  fridge schedule allday2,                !- Name
  {ead26607-0737-4912-8f11-6ae10ca6176b}, !- Schedule Type Limits Name
  ,                                       !- Interpolate to Timestep
  1,                                      !- Hour 1
  0,                                      !- Minute 1
  0.60948905109489,                       !- Value Until Time 1
  2,                                      !- Hour 2
  0,                                      !- Minute 2
  0.594251824817518,                      !- Value Until Time 2
  3,                                      !- Hour 3
  0,                                      !- Minute 3
  0.579014598540146,                      !- Value Until Time 3
  4,                                      !- Hour 4
  0,                                      !- Minute 4
  0.563777372262774,                      !- Value Until Time 4
  6,                                      !- Hour 5
  0,                                      !- Minute 5
  0.548540145985401,                      !- Value Until Time 5
  7,                                      !- Hour 6
  0,                                      !- Minute 6
  0.579014598540146,                      !- Value Until Time 6
  8,                                      !- Hour 7
  0,                                      !- Minute 7
  0.60948905109489,                       !- Value Until Time 7
  10,                                     !- Hour 8
  0,                                      !- Minute 8
  0.624726277372263,                      !- Value Until Time 8
  12,                                     !- Hour 9
  0,                                      !- Minute 9
  0.60948905109489,                       !- Value Until Time 9
  15,                                     !- Hour 10
  0,                                      !- Minute 10
  0.639963503649635,                      !- Value Until Time 10
  16,                                     !- Hour 11
  0,                                      !- Minute 11
  0.624726277372263,                      !- Value Until Time 11
  17,                                     !- Hour 12
  0,                                      !- Minute 12
  0.670437956204379,                      !- Value Until Time 12
  18,                                     !- Hour 13
  0,                                      !- Minute 13
  0.731386861313868,                      !- Value Until Time 13
  19,                                     !- Hour 14
  0,                                      !- Minute 14
  0.761861313868613,                      !- Value Until Time 14
  20,                                     !- Hour 15
  0,                                      !- Minute 15
  0.731386861313868,                      !- Value Until Time 15
  21,                                     !- Hour 16
  0,                                      !- Minute 16
  0.716149635036496,                      !- Value Until Time 16
  22,                                     !- Hour 17
  0,                                      !- Minute 17
  0.700912408759124,                      !- Value Until Time 17
  23,                                     !- Hour 18
  0,                                      !- Minute 18
  0.670437956204379,                      !- Value Until Time 18
  24,                                     !- Hour 19
  0,                                      !- Minute 19
  0.624726277372263;                      !- Value Until Time 19

OS:Schedule:Rule,
  {50df1cd0-fc67-47fe-b0f8-52b8b523a456}, !- Handle
  fridge schedule allday ruleset3,        !- Name
  {4ad9c044-ac7d-46ad-9f0f-51355e9fdf3f}, !- Schedule Ruleset Name
  4,                                      !- Rule Order
  {133f0c42-b739-4269-9398-30ac277fc2d7}, !- Day Schedule Name
  Yes,                                    !- Apply Sunday
  Yes,                                    !- Apply Monday
  Yes,                                    !- Apply Tuesday
  Yes,                                    !- Apply Wednesday
  Yes,                                    !- Apply Thursday
  Yes,                                    !- Apply Friday
  Yes,                                    !- Apply Saturday
  DateRange,                              !- Date Specification Type
  3,                                      !- Start Month
  1,                                      !- Start Day
  5,                                      !- End Month
  31;                                     !- End Day

OS:Schedule:Day,
  {133f0c42-b739-4269-9398-30ac277fc2d7}, !- Handle
  fridge schedule allday3,                !- Name
  {ead26607-0737-4912-8f11-6ae10ca6176b}, !- Schedule Type Limits Name
  ,                                       !- Interpolate to Timestep
  1,                                      !- Hour 1
  0,                                      !- Minute 1
  0.791240875912409,                      !- Value Until Time 1
  2,                                      !- Hour 2
  0,                                      !- Minute 2
  0.771459854014598,                      !- Value Until Time 2
  3,                                      !- Hour 3
  0,                                      !- Minute 3
  0.751678832116788,                      !- Value Until Time 3
  4,                                      !- Hour 4
  0,                                      !- Minute 4
  0.731897810218978,                      !- Value Until Time 4
  6,                                      !- Hour 5
  0,                                      !- Minute 5
  0.712116788321168,                      !- Value Until Time 5
  7,                                      !- Hour 6
  0,                                      !- Minute 6
  0.751678832116788,                      !- Value Until Time 6
  8,                                      !- Hour 7
  0,                                      !- Minute 7
  0.791240875912409,                      !- Value Until Time 7
  10,                                     !- Hour 8
  0,                                      !- Minute 8
  0.811021897810219,                      !- Value Until Time 8
  12,                                     !- Hour 9
  0,                                      !- Minute 9
  0.791240875912409,                      !- Value Until Time 9
  15,                                     !- Hour 10
  0,                                      !- Minute 10
  0.830802919708029,                      !- Value Until Time 10
  16,                                     !- Hour 11
  0,                                      !- Minute 11
  0.811021897810219,                      !- Value Until Time 11
  17,                                     !- Hour 12
  0,                                      !- Minute 12
  0.87036496350365,                       !- Value Until Time 12
  18,                                     !- Hour 13
  0,                                      !- Minute 13
  0.949489051094891,                      !- Value Until Time 13
  19,                                     !- Hour 14
  0,                                      !- Minute 14
  0.989051094890511,                      !- Value Until Time 14
  20,                                     !- Hour 15
  0,                                      !- Minute 15
  0.949489051094891,                      !- Value Until Time 15
  21,                                     !- Hour 16
  0,                                      !- Minute 16
  0.92970802919708,                       !- Value Until Time 16
  22,                                     !- Hour 17
  0,                                      !- Minute 17
  0.90992700729927,                       !- Value Until Time 17
  23,                                     !- Hour 18
  0,                                      !- Minute 18
  0.87036496350365,                       !- Value Until Time 18
  24,                                     !- Hour 19
  0,                                      !- Minute 19
  0.811021897810219;                      !- Value Until Time 19

OS:Schedule:Rule,
  {da639910-b37c-4024-aaba-231006500044}, !- Handle
  fridge schedule allday ruleset6,        !- Name
  {4ad9c044-ac7d-46ad-9f0f-51355e9fdf3f}, !- Schedule Ruleset Name
  3,                                      !- Rule Order
  {d3aa5d3d-ca76-4c30-9ac8-8be36067f2c5}, !- Day Schedule Name
  Yes,                                    !- Apply Sunday
  Yes,                                    !- Apply Monday
  Yes,                                    !- Apply Tuesday
  Yes,                                    !- Apply Wednesday
  Yes,                                    !- Apply Thursday
  Yes,                                    !- Apply Friday
  Yes,                                    !- Apply Saturday
  DateRange,                              !- Date Specification Type
  6,                                      !- Start Month
  1,                                      !- Start Day
  9,                                      !- End Month
  30;                                     !- End Day

OS:Schedule:Day,
  {d3aa5d3d-ca76-4c30-9ac8-8be36067f2c5}, !- Handle
  fridge schedule allday6,                !- Name
  {ead26607-0737-4912-8f11-6ae10ca6176b}, !- Schedule Type Limits Name
  ,                                       !- Interpolate to Timestep
  1,                                      !- Hour 1
  0,                                      !- Minute 1
  0.8,                                    !- Value Until Time 1
  2,                                      !- Hour 2
  0,                                      !- Minute 2
  0.78,                                   !- Value Until Time 2
  3,                                      !- Hour 3
  0,                                      !- Minute 3
  0.76,                                   !- Value Until Time 3
  4,                                      !- Hour 4
  0,                                      !- Minute 4
  0.74,                                   !- Value Until Time 4
  6,                                      !- Hour 5
  0,                                      !- Minute 5
  0.72,                                   !- Value Until Time 5
  7,                                      !- Hour 6
  0,                                      !- Minute 6
  0.76,                                   !- Value Until Time 6
  8,                                      !- Hour 7
  0,                                      !- Minute 7
  0.8,                                    !- Value Until Time 7
  10,                                     !- Hour 8
  0,                                      !- Minute 8
  0.82,                                   !- Value Until Time 8
  12,                                     !- Hour 9
  0,                                      !- Minute 9
  0.8,                                    !- Value Until Time 9
  15,                                     !- Hour 10
  0,                                      !- Minute 10
  0.84,                                   !- Value Until Time 10
  16,                                     !- Hour 11
  0,                                      !- Minute 11
  0.82,                                   !- Value Until Time 11
  17,                                     !- Hour 12
  0,                                      !- Minute 12
  0.88,                                   !- Value Until Time 12
  18,                                     !- Hour 13
  0,                                      !- Minute 13
  0.96,                                   !- Value Until Time 13
  19,                                     !- Hour 14
  0,                                      !- Minute 14
  1,                                      !- Value Until Time 14
  20,                                     !- Hour 15
  0,                                      !- Minute 15
  0.96,                                   !- Value Until Time 15
  21,                                     !- Hour 16
  0,                                      !- Minute 16
  0.94,                                   !- Value Until Time 16
  22,                                     !- Hour 17
  0,                                      !- Minute 17
  0.92,                                   !- Value Until Time 17
  23,                                     !- Hour 18
  0,                                      !- Minute 18
  0.88,                                   !- Value Until Time 18
  24,                                     !- Hour 19
  0,                                      !- Minute 19
  0.82;                                   !- Value Until Time 19

OS:Schedule:Rule,
  {91923d48-d27e-44e3-95a2-482bd9caf49b}, !- Handle
  fridge schedule allday ruleset10,       !- Name
  {4ad9c044-ac7d-46ad-9f0f-51355e9fdf3f}, !- Schedule Ruleset Name
  2,                                      !- Rule Order
  {1f583097-bc92-431e-9d73-31e809de7161}, !- Day Schedule Name
  Yes,                                    !- Apply Sunday
  Yes,                                    !- Apply Monday
  Yes,                                    !- Apply Tuesday
  Yes,                                    !- Apply Wednesday
  Yes,                                    !- Apply Thursday
  Yes,                                    !- Apply Friday
  Yes,                                    !- Apply Saturday
  DateRange,                              !- Date Specification Type
  10,                                     !- Start Month
  1,                                      !- Start Day
  10,                                     !- End Month
  31;                                     !- End Day

OS:Schedule:Day,
  {1f583097-bc92-431e-9d73-31e809de7161}, !- Handle
  fridge schedule allday10,               !- Name
  {ead26607-0737-4912-8f11-6ae10ca6176b}, !- Schedule Type Limits Name
  ,                                       !- Interpolate to Timestep
  1,                                      !- Hour 1
  0,                                      !- Minute 1
  0.67956204379562,                       !- Value Until Time 1
  2,                                      !- Hour 2
  0,                                      !- Minute 2
  0.66257299270073,                       !- Value Until Time 2
  3,                                      !- Hour 3
  0,                                      !- Minute 3
  0.645583941605839,                      !- Value Until Time 3
  4,                                      !- Hour 4
  0,                                      !- Minute 4
  0.628594890510949,                      !- Value Until Time 4
  6,                                      !- Hour 5
  0,                                      !- Minute 5
  0.611605839416058,                      !- Value Until Time 5
  7,                                      !- Hour 6
  0,                                      !- Minute 6
  0.645583941605839,                      !- Value Until Time 6
  8,                                      !- Hour 7
  0,                                      !- Minute 7
  0.67956204379562,                       !- Value Until Time 7
  10,                                     !- Hour 8
  0,                                      !- Minute 8
  0.696551094890511,                      !- Value Until Time 8
  12,                                     !- Hour 9
  0,                                      !- Minute 9
  0.67956204379562,                       !- Value Until Time 9
  15,                                     !- Hour 10
  0,                                      !- Minute 10
  0.713540145985401,                      !- Value Until Time 10
  16,                                     !- Hour 11
  0,                                      !- Minute 11
  0.696551094890511,                      !- Value Until Time 11
  17,                                     !- Hour 12
  0,                                      !- Minute 12
  0.747518248175182,                      !- Value Until Time 12
  18,                                     !- Hour 13
  0,                                      !- Minute 13
  0.815474452554744,                      !- Value Until Time 13
  19,                                     !- Hour 14
  0,                                      !- Minute 14
  0.849452554744526,                      !- Value Until Time 14
  20,                                     !- Hour 15
  0,                                      !- Minute 15
  0.815474452554744,                      !- Value Until Time 15
  21,                                     !- Hour 16
  0,                                      !- Minute 16
  0.798485401459854,                      !- Value Until Time 16
  22,                                     !- Hour 17
  0,                                      !- Minute 17
  0.781496350364963,                      !- Value Until Time 17
  23,                                     !- Hour 18
  0,                                      !- Minute 18
  0.747518248175182,                      !- Value Until Time 18
  24,                                     !- Hour 19
  0,                                      !- Minute 19
  0.696551094890511;                      !- Value Until Time 19

OS:Schedule:Rule,
  {8c5c04b5-9714-4e9b-b5e1-ca713b9808f3}, !- Handle
  fridge schedule allday ruleset11,       !- Name
  {4ad9c044-ac7d-46ad-9f0f-51355e9fdf3f}, !- Schedule Ruleset Name
  1,                                      !- Rule Order
  {01b2ea10-7780-4d5e-9743-46854077bf3a}, !- Day Schedule Name
  Yes,                                    !- Apply Sunday
  Yes,                                    !- Apply Monday
  Yes,                                    !- Apply Tuesday
  Yes,                                    !- Apply Wednesday
  Yes,                                    !- Apply Thursday
  Yes,                                    !- Apply Friday
  Yes,                                    !- Apply Saturday
  DateRange,                              !- Date Specification Type
  11,                                     !- Start Month
  1,                                      !- Start Day
  11,                                     !- End Month
  30;                                     !- End Day

OS:Schedule:Day,
  {01b2ea10-7780-4d5e-9743-46854077bf3a}, !- Handle
  fridge schedule allday11,               !- Name
  {ead26607-0737-4912-8f11-6ae10ca6176b}, !- Schedule Type Limits Name
  ,                                       !- Interpolate to Timestep
  1,                                      !- Hour 1
  0,                                      !- Minute 1
  0.675182481751825,                      !- Value Until Time 1
  2,                                      !- Hour 2
  0,                                      !- Minute 2
  0.658302919708029,                      !- Value Until Time 2
  3,                                      !- Hour 3
  0,                                      !- Minute 3
  0.641423357664234,                      !- Value Until Time 3
  4,                                      !- Hour 4
  0,                                      !- Minute 4
  0.624543795620438,                      !- Value Until Time 4
  6,                                      !- Hour 5
  0,                                      !- Minute 5
  0.607664233576642,                      !- Value Until Time 5
  7,                                      !- Hour 6
  0,                                      !- Minute 6
  0.641423357664234,                      !- Value Until Time 6
  8,                                      !- Hour 7
  0,                                      !- Minute 7
  0.675182481751825,                      !- Value Until Time 7
  10,                                     !- Hour 8
  0,                                      !- Minute 8
  0.69206204379562,                       !- Value Until Time 8
  12,                                     !- Hour 9
  0,                                      !- Minute 9
  0.675182481751825,                      !- Value Until Time 9
  15,                                     !- Hour 10
  0,                                      !- Minute 10
  0.708941605839416,                      !- Value Until Time 10
  16,                                     !- Hour 11
  0,                                      !- Minute 11
  0.69206204379562,                       !- Value Until Time 11
  17,                                     !- Hour 12
  0,                                      !- Minute 12
  0.742700729927007,                      !- Value Until Time 12
  18,                                     !- Hour 13
  0,                                      !- Minute 13
  0.81021897810219,                       !- Value Until Time 13
  19,                                     !- Hour 14
  0,                                      !- Minute 14
  0.843978102189781,                      !- Value Until Time 14
  20,                                     !- Hour 15
  0,                                      !- Minute 15
  0.81021897810219,                       !- Value Until Time 15
  21,                                     !- Hour 16
  0,                                      !- Minute 16
  0.793339416058394,                      !- Value Until Time 16
  22,                                     !- Hour 17
  0,                                      !- Minute 17
  0.776459854014598,                      !- Value Until Time 17
  23,                                     !- Hour 18
  0,                                      !- Minute 18
  0.742700729927007,                      !- Value Until Time 18
  24,                                     !- Hour 19
  0,                                      !- Minute 19
  0.69206204379562;                       !- Value Until Time 19

OS:Schedule:Rule,
  {77636e81-5402-42a5-bf75-0d8a79493fce}, !- Handle
  fridge schedule allday ruleset12,       !- Name
  {4ad9c044-ac7d-46ad-9f0f-51355e9fdf3f}, !- Schedule Ruleset Name
  0,                                      !- Rule Order
  {d69514ab-af11-467e-a29a-4ba3cdb6993c}, !- Day Schedule Name
  Yes,                                    !- Apply Sunday
  Yes,                                    !- Apply Monday
  Yes,                                    !- Apply Tuesday
  Yes,                                    !- Apply Wednesday
  Yes,                                    !- Apply Thursday
  Yes,                                    !- Apply Friday
  Yes,                                    !- Apply Saturday
  DateRange,                              !- Date Specification Type
  12,                                     !- Start Month
  1,                                      !- Start Day
  12,                                     !- End Month
  31;                                     !- End Day

OS:Schedule:Day,
  {d69514ab-af11-467e-a29a-4ba3cdb6993c}, !- Handle
  fridge schedule allday12,               !- Name
  {ead26607-0737-4912-8f11-6ae10ca6176b}, !- Schedule Type Limits Name
  ,                                       !- Interpolate to Timestep
  1,                                      !- Hour 1
  0,                                      !- Minute 1
  0.610948905109489,                      !- Value Until Time 1
  2,                                      !- Hour 2
  0,                                      !- Minute 2
  0.595675182481752,                      !- Value Until Time 2
  3,                                      !- Hour 3
  0,                                      !- Minute 3
  0.580401459854014,                      !- Value Until Time 3
  4,                                      !- Hour 4
  0,                                      !- Minute 4
  0.565127737226277,                      !- Value Until Time 4
  6,                                      !- Hour 5
  0,                                      !- Minute 5
  0.54985401459854,                       !- Value Until Time 5
  7,                                      !- Hour 6
  0,                                      !- Minute 6
  0.580401459854014,                      !- Value Until Time 6
  8,                                      !- Hour 7
  0,                                      !- Minute 7
  0.610948905109489,                      !- Value Until Time 7
  10,                                     !- Hour 8
  0,                                      !- Minute 8
  0.626222627737226,                      !- Value Until Time 8
  12,                                     !- Hour 9
  0,                                      !- Minute 9
  0.610948905109489,                      !- Value Until Time 9
  15,                                     !- Hour 10
  0,                                      !- Minute 10
  0.641496350364963,                      !- Value Until Time 10
  16,                                     !- Hour 11
  0,                                      !- Minute 11
  0.626222627737226,                      !- Value Until Time 11
  17,                                     !- Hour 12
  0,                                      !- Minute 12
  0.672043795620438,                      !- Value Until Time 12
  18,                                     !- Hour 13
  0,                                      !- Minute 13
  0.733138686131387,                      !- Value Until Time 13
  19,                                     !- Hour 14
  0,                                      !- Minute 14
  0.763686131386861,                      !- Value Until Time 14
  20,                                     !- Hour 15
  0,                                      !- Minute 15
  0.733138686131387,                      !- Value Until Time 15
  21,                                     !- Hour 16
  0,                                      !- Minute 16
  0.717864963503649,                      !- Value Until Time 16
  22,                                     !- Hour 17
  0,                                      !- Minute 17
  0.702591240875912,                      !- Value Until Time 17
  23,                                     !- Hour 18
  0,                                      !- Minute 18
  0.672043795620438,                      !- Value Until Time 18
  24,                                     !- Hour 19
  0,                                      !- Minute 19
  0.626222627737226;                      !- Value Until Time 19

OS:ElectricEquipment:Definition,
  {5a1bdc98-c36d-40a9-9bd0-18a37fb9e59b}, !- Handle
  fridge,                                 !- Name
  EquipmentLevel,                         !- Design Level Calculation Method
  57.4402340465214,                       !- Design Level {W}
  ,                                       !- Watts per Space Floor Area {W/m2}
  ,                                       !- Watts per Person {W/person}
  0,                                      !- Fraction Latent
  0.6,                                    !- Fraction Radiant
  0;                                      !- Fraction Lost

OS:ElectricEquipment,
  {ba867911-2c68-48d3-bf4e-6f61d8a7f639}, !- Handle
  fridge,                                 !- Name
  {5a1bdc98-c36d-40a9-9bd0-18a37fb9e59b}, !- Electric Equipment Definition Name
  {d2d08edd-88aa-4a5f-9d1c-043be2ed219b}, !- Space or SpaceType Name
  {4ad9c044-ac7d-46ad-9f0f-51355e9fdf3f}, !- Schedule Name
  ,                                       !- Multiplier
  fridge;                                 !- End-Use Subcategory

OS:Schedule:File,
  {a23a4a48-c2bf-43d8-86e3-5f6977fb0e07}, !- Handle
  cooking_range,                          !- Name
  {ead26607-0737-4912-8f11-6ae10ca6176b}, !- Schedule Type Limits Name
  {3ad0bed2-793c-441a-89ba-69fc0c8e2d37}, !- External File Name
  4,                                      !- Column Number
  1,                                      !- Rows to Skip at Top
  8760,                                   !- Number of Hours of Data
  ,                                       !- Column Separator
  ,                                       !- Interpolate to Timestep
  15,                                     !- Minutes per Item
  ,                                       !- Adjust Schedule for Daylight Savings
  Yes;                                    !- Translate File With Relative Path

OS:ElectricEquipment:Definition,
  {50f415fa-3003-4f2c-9b9c-1cb8b87fe6ff}, !- Handle
  cooking range,                          !- Name
  EquipmentLevel,                         !- Design Level Calculation Method
  870.615163765086,                       !- Design Level {W}
  ,                                       !- Watts per Space Floor Area {W/m2}
  ,                                       !- Watts per Person {W/person}
  0.0799999999999999,                     !- Fraction Latent
  0.432,                                  !- Fraction Radiant
  0.2;                                    !- Fraction Lost

OS:ElectricEquipment,
  {eb5c1c58-ea1f-43b5-955d-1664b71a19b7}, !- Handle
  cooking range,                          !- Name
  {50f415fa-3003-4f2c-9b9c-1cb8b87fe6ff}, !- Electric Equipment Definition Name
  {d2d08edd-88aa-4a5f-9d1c-043be2ed219b}, !- Space or SpaceType Name
  {a23a4a48-c2bf-43d8-86e3-5f6977fb0e07}, !- Schedule Name
  ,                                       !- Multiplier
  cooking range;                          !- End-Use Subcategory

OS:Schedule:FixedInterval,
  {f74f32bb-f60c-48bd-89f4-0b66af4e94d3}, !- Handle
  mains temperature schedule,             !- Name
  {340972d2-741d-4173-8f1a-66bccdabc5c6}, !- Schedule Type Limits Name
  ,                                       !- Translate to Schedule File
  ,                                       !- Interpolate to Timestep
  1440,                                   !- Interval Length {minutes}
  ,                                       !- Out Of Range Value
  1,                                      !- Start Month
  1,                                      !- Start Day
  10.4805555555556,                       !- Value 1
  10.41,                                  !- Value 2
  10.3411111111111,                       !- Value 3
  10.2733333333333,                       !- Value 4
  10.2077777777778,                       !- Value 5
  10.1433333333333,                       !- Value 6
  10.0805555555556,                       !- Value 7
  10.02,                                  !- Value 8
  9.96055555555556,                       !- Value 9
  9.90333333333333,                       !- Value 10
  9.84777777777778,                       !- Value 11
  9.79388888888889,                       !- Value 12
  9.74166666666667,                       !- Value 13
  9.69111111111111,                       !- Value 14
  9.64277777777778,                       !- Value 15
  9.59611111111111,                       !- Value 16
  9.55111111111111,                       !- Value 17
  9.50833333333333,                       !- Value 18
  9.46666666666667,                       !- Value 19
  9.42777777777778,                       !- Value 20
  9.39,                                   !- Value 21
  9.35444444444444,                       !- Value 22
  9.32111111111111,                       !- Value 23
  9.28944444444444,                       !- Value 24
  9.25944444444445,                       !- Value 25
  9.23166666666667,                       !- Value 26
  9.20611111111111,                       !- Value 27
  9.18222222222222,                       !- Value 28
  9.16,                                   !- Value 29
  9.14,                                   !- Value 30
  9.12166666666666,                       !- Value 31
  9.10611111111111,                       !- Value 32
  9.09166666666667,                       !- Value 33
  9.07944444444445,                       !- Value 34
  9.06944444444445,                       !- Value 35
  9.06166666666667,                       !- Value 36
  9.055,                                  !- Value 37
  9.05111111111111,                       !- Value 38
  9.04888888888889,                       !- Value 39
  9.04888888888889,                       !- Value 40
  9.05055555555555,                       !- Value 41
  9.05444444444445,                       !- Value 42
  9.06055555555555,                       !- Value 43
  9.06833333333333,                       !- Value 44
  9.07777777777778,                       !- Value 45
  9.09,                                   !- Value 46
  9.10388888888889,                       !- Value 47
  9.11944444444444,                       !- Value 48
  9.13722222222222,                       !- Value 49
  9.15666666666667,                       !- Value 50
  9.17888888888889,                       !- Value 51
  9.20222222222222,                       !- Value 52
  9.22777777777778,                       !- Value 53
  9.25555555555555,                       !- Value 54
  9.285,                                  !- Value 55
  9.31611111111111,                       !- Value 56
  9.34944444444444,                       !- Value 57
  9.385,                                  !- Value 58
  9.42222222222222,                       !- Value 59
  9.46111111111111,                       !- Value 60
  9.50222222222222,                       !- Value 61
  9.545,                                  !- Value 62
  9.58944444444445,                       !- Value 63
  9.63555555555556,                       !- Value 64
  9.68388888888889,                       !- Value 65
  9.73388888888889,                       !- Value 66
  9.78611111111111,                       !- Value 67
  9.83944444444444,                       !- Value 68
  9.895,                                  !- Value 69
  9.95222222222222,                       !- Value 70
  10.0111111111111,                       !- Value 71
  10.0716666666667,                       !- Value 72
  10.1338888888889,                       !- Value 73
  10.1977777777778,                       !- Value 74
  10.2638888888889,                       !- Value 75
  10.3311111111111,                       !- Value 76
  10.4,                                   !- Value 77
  10.4705555555556,                       !- Value 78
  10.5422222222222,                       !- Value 79
  10.6161111111111,                       !- Value 80
  10.6911111111111,                       !- Value 81
  10.7677777777778,                       !- Value 82
  10.8461111111111,                       !- Value 83
  10.9255555555556,                       !- Value 84
  11.0066666666667,                       !- Value 85
  11.0888888888889,                       !- Value 86
  11.1727777777778,                       !- Value 87
  11.2583333333333,                       !- Value 88
  11.345,                                 !- Value 89
  11.4327777777778,                       !- Value 90
  11.5216666666667,                       !- Value 91
  11.6122222222222,                       !- Value 92
  11.7038888888889,                       !- Value 93
  11.7966666666667,                       !- Value 94
  11.8911111111111,                       !- Value 95
  11.9861111111111,                       !- Value 96
  12.0827777777778,                       !- Value 97
  12.18,                                  !- Value 98
  12.2783333333333,                       !- Value 99
  12.3783333333333,                       !- Value 100
  12.4788888888889,                       !- Value 101
  12.58,                                  !- Value 102
  12.6827777777778,                       !- Value 103
  12.7861111111111,                       !- Value 104
  12.8905555555556,                       !- Value 105
  12.9955555555556,                       !- Value 106
  13.1016666666667,                       !- Value 107
  13.2083333333333,                       !- Value 108
  13.3161111111111,                       !- Value 109
  13.4244444444444,                       !- Value 110
  13.5333333333333,                       !- Value 111
  13.6433333333333,                       !- Value 112
  13.7533333333333,                       !- Value 113
  13.8644444444444,                       !- Value 114
  13.9761111111111,                       !- Value 115
  14.0877777777778,                       !- Value 116
  14.2005555555556,                       !- Value 117
  14.3133333333333,                       !- Value 118
  14.4266666666667,                       !- Value 119
  14.5405555555556,                       !- Value 120
  14.655,                                 !- Value 121
  14.7694444444444,                       !- Value 122
  14.8844444444444,                       !- Value 123
  14.9994444444444,                       !- Value 124
  15.115,                                 !- Value 125
  15.2305555555556,                       !- Value 126
  15.3461111111111,                       !- Value 127
  15.4622222222222,                       !- Value 128
  15.5777777777778,                       !- Value 129
  15.6938888888889,                       !- Value 130
  15.81,                                  !- Value 131
  15.9261111111111,                       !- Value 132
  16.0422222222222,                       !- Value 133
  16.1583333333333,                       !- Value 134
  16.2738888888889,                       !- Value 135
  16.3894444444444,                       !- Value 136
  16.505,                                 !- Value 137
  16.6205555555556,                       !- Value 138
  16.7355555555556,                       !- Value 139
  16.85,                                  !- Value 140
  16.965,                                 !- Value 141
  17.0788888888889,                       !- Value 142
  17.1927777777778,                       !- Value 143
  17.3061111111111,                       !- Value 144
  17.4188888888889,                       !- Value 145
  17.5311111111111,                       !- Value 146
  17.6427777777778,                       !- Value 147
  17.7544444444444,                       !- Value 148
  17.865,                                 !- Value 149
  17.975,                                 !- Value 150
  18.085,                                 !- Value 151
  18.1933333333333,                       !- Value 152
  18.3016666666667,                       !- Value 153
  18.4088888888889,                       !- Value 154
  18.5155555555556,                       !- Value 155
  18.6211111111111,                       !- Value 156
  18.7261111111111,                       !- Value 157
  18.8305555555556,                       !- Value 158
  18.9333333333333,                       !- Value 159
  19.0355555555556,                       !- Value 160
  19.1372222222222,                       !- Value 161
  19.2372222222222,                       !- Value 162
  19.3366666666667,                       !- Value 163
  19.435,                                 !- Value 164
  19.5316666666667,                       !- Value 165
  19.6277777777778,                       !- Value 166
  19.7227777777778,                       !- Value 167
  19.8166666666667,                       !- Value 168
  19.9088888888889,                       !- Value 169
  20.0005555555556,                       !- Value 170
  20.0905555555556,                       !- Value 171
  20.1794444444444,                       !- Value 172
  20.2666666666667,                       !- Value 173
  20.3527777777778,                       !- Value 174
  20.4377777777778,                       !- Value 175
  20.5211111111111,                       !- Value 176
  20.6033333333333,                       !- Value 177
  20.6838888888889,                       !- Value 178
  20.7633333333333,                       !- Value 179
  20.8405555555556,                       !- Value 180
  20.9172222222222,                       !- Value 181
  20.9916666666667,                       !- Value 182
  21.065,                                 !- Value 183
  21.1366666666667,                       !- Value 184
  21.2066666666667,                       !- Value 185
  21.275,                                 !- Value 186
  21.3416666666667,                       !- Value 187
  21.4066666666667,                       !- Value 188
  21.4705555555556,                       !- Value 189
  21.5322222222222,                       !- Value 190
  21.5922222222222,                       !- Value 191
  21.6505555555556,                       !- Value 192
  21.7072222222222,                       !- Value 193
  21.7622222222222,                       !- Value 194
  21.815,                                 !- Value 195
  21.8666666666667,                       !- Value 196
  21.9161111111111,                       !- Value 197
  21.9638888888889,                       !- Value 198
  22.01,                                  !- Value 199
  22.0538888888889,                       !- Value 200
  22.0961111111111,                       !- Value 201
  22.1361111111111,                       !- Value 202
  22.175,                                 !- Value 203
  22.2116666666667,                       !- Value 204
  22.2461111111111,                       !- Value 205
  22.2788888888889,                       !- Value 206
  22.3094444444444,                       !- Value 207
  22.3383333333333,                       !- Value 208
  22.3655555555556,                       !- Value 209
  22.3905555555556,                       !- Value 210
  22.4138888888889,                       !- Value 211
  22.435,                                 !- Value 212
  22.4538888888889,                       !- Value 213
  22.4711111111111,                       !- Value 214
  22.4861111111111,                       !- Value 215
  22.4994444444444,                       !- Value 216
  22.5105555555556,                       !- Value 217
  22.52,                                  !- Value 218
  22.5272222222222,                       !- Value 219
  22.5322222222222,                       !- Value 220
  22.5355555555556,                       !- Value 221
  22.5366666666667,                       !- Value 222
  22.5361111111111,                       !- Value 223
  22.5333333333333,                       !- Value 224
  22.5288888888889,                       !- Value 225
  22.5222222222222,                       !- Value 226
  22.5133333333333,                       !- Value 227
  22.5027777777778,                       !- Value 228
  22.49,                                  !- Value 229
  22.475,                                 !- Value 230
  22.4583333333333,                       !- Value 231
  22.44,                                  !- Value 232
  22.4194444444444,                       !- Value 233
  22.3966666666667,                       !- Value 234
  22.3722222222222,                       !- Value 235
  22.3455555555556,                       !- Value 236
  22.3172222222222,                       !- Value 237
  22.2872222222222,                       !- Value 238
  22.2544444444444,                       !- Value 239
  22.2205555555556,                       !- Value 240
  22.1844444444444,                       !- Value 241
  22.1466666666667,                       !- Value 242
  22.1066666666667,                       !- Value 243
  22.065,                                 !- Value 244
  22.0211111111111,                       !- Value 245
  21.9761111111111,                       !- Value 246
  21.9283333333333,                       !- Value 247
  21.8794444444444,                       !- Value 248
  21.8288888888889,                       !- Value 249
  21.7761111111111,                       !- Value 250
  21.7216666666667,                       !- Value 251
  21.6655555555556,                       !- Value 252
  21.6072222222222,                       !- Value 253
  21.5477777777778,                       !- Value 254
  21.4861111111111,                       !- Value 255
  21.4233333333333,                       !- Value 256
  21.3583333333333,                       !- Value 257
  21.2922222222222,                       !- Value 258
  21.2244444444444,                       !- Value 259
  21.1544444444444,                       !- Value 260
  21.0833333333333,                       !- Value 261
  21.0105555555556,                       !- Value 262
  20.9366666666667,                       !- Value 263
  20.8605555555556,                       !- Value 264
  20.7833333333333,                       !- Value 265
  20.7044444444444,                       !- Value 266
  20.6244444444444,                       !- Value 267
  20.5427777777778,                       !- Value 268
  20.4594444444444,                       !- Value 269
  20.375,                                 !- Value 270
  20.2888888888889,                       !- Value 271
  20.2022222222222,                       !- Value 272
  20.1133333333333,                       !- Value 273
  20.0238888888889,                       !- Value 274
  19.9327777777778,                       !- Value 275
  19.8405555555556,                       !- Value 276
  19.7472222222222,                       !- Value 277
  19.6522222222222,                       !- Value 278
  19.5566666666667,                       !- Value 279
  19.46,                                  !- Value 280
  19.3622222222222,                       !- Value 281
  19.2627777777778,                       !- Value 282
  19.1627777777778,                       !- Value 283
  19.0616666666667,                       !- Value 284
  18.96,                                  !- Value 285
  18.8572222222222,                       !- Value 286
  18.7533333333333,                       !- Value 287
  18.6483333333333,                       !- Value 288
  18.5427777777778,                       !- Value 289
  18.4366666666667,                       !- Value 290
  18.3294444444444,                       !- Value 291
  18.2216666666667,                       !- Value 292
  18.1127777777778,                       !- Value 293
  18.0033333333333,                       !- Value 294
  17.8933333333333,                       !- Value 295
  17.7827777777778,                       !- Value 296
  17.6716666666667,                       !- Value 297
  17.56,                                  !- Value 298
  17.4477777777778,                       !- Value 299
  17.335,                                 !- Value 300
  17.2216666666667,                       !- Value 301
  17.1083333333333,                       !- Value 302
  16.9938888888889,                       !- Value 303
  16.88,                                  !- Value 304
  16.765,                                 !- Value 305
  16.65,                                  !- Value 306
  16.535,                                 !- Value 307
  16.4194444444444,                       !- Value 308
  16.3038888888889,                       !- Value 309
  16.1877777777778,                       !- Value 310
  16.0722222222222,                       !- Value 311
  15.9561111111111,                       !- Value 312
  15.84,                                  !- Value 313
  15.7238888888889,                       !- Value 314
  15.6077777777778,                       !- Value 315
  15.4916666666667,                       !- Value 316
  15.3761111111111,                       !- Value 317
  15.26,                                  !- Value 318
  15.1444444444444,                       !- Value 319
  15.0294444444444,                       !- Value 320
  14.9138888888889,                       !- Value 321
  14.7988888888889,                       !- Value 322
  14.6844444444444,                       !- Value 323
  14.57,                                  !- Value 324
  14.4561111111111,                       !- Value 325
  14.3427777777778,                       !- Value 326
  14.2294444444444,                       !- Value 327
  14.1166666666667,                       !- Value 328
  14.0044444444444,                       !- Value 329
  13.8927777777778,                       !- Value 330
  13.7822222222222,                       !- Value 331
  13.6716666666667,                       !- Value 332
  13.5616666666667,                       !- Value 333
  13.4522222222222,                       !- Value 334
  13.3438888888889,                       !- Value 335
  13.2361111111111,                       !- Value 336
  13.1294444444444,                       !- Value 337
  13.0227777777778,                       !- Value 338
  12.9177777777778,                       !- Value 339
  12.8127777777778,                       !- Value 340
  12.7094444444444,                       !- Value 341
  12.6066666666667,                       !- Value 342
  12.505,                                 !- Value 343
  12.4038888888889,                       !- Value 344
  12.3038888888889,                       !- Value 345
  12.205,                                 !- Value 346
  12.1077777777778,                       !- Value 347
  12.0111111111111,                       !- Value 348
  11.9155555555556,                       !- Value 349
  11.8211111111111,                       !- Value 350
  11.7277777777778,                       !- Value 351
  11.6355555555556,                       !- Value 352
  11.545,                                 !- Value 353
  11.4555555555556,                       !- Value 354
  11.3672222222222,                       !- Value 355
  11.2805555555556,                       !- Value 356
  11.195,                                 !- Value 357
  11.1105555555556,                       !- Value 358
  11.0277777777778,                       !- Value 359
  10.9461111111111,                       !- Value 360
  10.8661111111111,                       !- Value 361
  10.7877777777778,                       !- Value 362
  10.7105555555556,                       !- Value 363
  10.635,                                 !- Value 364
  10.5611111111111;                       !- Value 365

OS:Site:WaterMainsTemperature,
  {a25ba58e-749f-4787-8bf5-33ccdae0619a}, !- Handle
  Schedule,                               !- Calculation Method
  {f74f32bb-f60c-48bd-89f4-0b66af4e94d3}; !- Temperature Schedule Name

OS:Schedule:Constant,
  {5634457a-3b95-472f-9c93-a520d59621ca}, !- Handle
  mixed water temperature schedule,       !- Name
  {340972d2-741d-4173-8f1a-66bccdabc5c6}, !- Schedule Type Limits Name
  40.5555555555556;                       !- Value

OS:Schedule:File,
  {0c4af6a3-79b8-4dd0-91a0-da2c84648fda}, !- Handle
  hot_water_fixtures,                     !- Name
  {ead26607-0737-4912-8f11-6ae10ca6176b}, !- Schedule Type Limits Name
  {3ad0bed2-793c-441a-89ba-69fc0c8e2d37}, !- External File Name
  13,                                     !- Column Number
  1,                                      !- Rows to Skip at Top
  8760,                                   !- Number of Hours of Data
  ,                                       !- Column Separator
  ,                                       !- Interpolate to Timestep
  15,                                     !- Minutes per Item
  ,                                       !- Adjust Schedule for Daylight Savings
  Yes;                                    !- Translate File With Relative Path

OS:WaterUse:Equipment:Definition,
  {874bb9ff-1ce2-4329-8b17-e77f0e190e33}, !- Handle
  dhw fixtures,                           !- Name
  dhw fixtures,                           !- End-Use Subcategory
  4.81698420028945e-05,                   !- Peak Flow Rate {m3/s}
  {5634457a-3b95-472f-9c93-a520d59621ca}; !- Target Temperature Schedule Name

OS:WaterUse:Equipment,
  {92c115ec-671f-43c3-90a0-19726bbfd003}, !- Handle
  dhw fixtures,                           !- Name
  {874bb9ff-1ce2-4329-8b17-e77f0e190e33}, !- Water Use Equipment Definition Name
  ,                                       !- Space Name
  {0c4af6a3-79b8-4dd0-91a0-da2c84648fda}; !- Flow Rate Fraction Schedule Name

OS:WaterUse:Equipment:Definition,
  {87bab025-495f-46ef-9164-e6502a87f044}, !- Handle
  dhw distribution waste,                 !- Name
  dhw distribution waste,                 !- End-Use Subcategory
  1.61830678885404e-05,                   !- Peak Flow Rate {m3/s}
  {5634457a-3b95-472f-9c93-a520d59621ca}; !- Target Temperature Schedule Name

OS:WaterUse:Equipment,
  {e1dacb37-bc55-436b-8818-ac03ec301477}, !- Handle
  dhw distribution waste,                 !- Name
  {87bab025-495f-46ef-9164-e6502a87f044}, !- Water Use Equipment Definition Name
  ,                                       !- Space Name
  {0c4af6a3-79b8-4dd0-91a0-da2c84648fda}; !- Flow Rate Fraction Schedule Name

OS:Schedule:File,
  {8811b69f-499f-44c6-9568-5994686169b3}, !- Handle
  hot_water_clothes_washer,               !- Name
  {ead26607-0737-4912-8f11-6ae10ca6176b}, !- Schedule Type Limits Name
  {3ad0bed2-793c-441a-89ba-69fc0c8e2d37}, !- External File Name
  12,                                     !- Column Number
  1,                                      !- Rows to Skip at Top
  8760,                                   !- Number of Hours of Data
  ,                                       !- Column Separator
  ,                                       !- Interpolate to Timestep
  15,                                     !- Minutes per Item
  ,                                       !- Adjust Schedule for Daylight Savings
  Yes;                                    !- Translate File With Relative Path

OS:WaterUse:Equipment:Definition,
  {05f8fb4e-c862-4d1e-b7a0-c64d75a5981b}, !- Handle
  clothes washer,                         !- Name
  clothes washer,                         !- End-Use Subcategory
  9.68160358821358e-06;                   !- Peak Flow Rate {m3/s}

OS:WaterUse:Equipment,
  {cdd94c97-51ea-4a17-831e-82b90422d43d}, !- Handle
  clothes washer,                         !- Name
  {05f8fb4e-c862-4d1e-b7a0-c64d75a5981b}, !- Water Use Equipment Definition Name
  ,                                       !- Space Name
  {8811b69f-499f-44c6-9568-5994686169b3}; !- Flow Rate Fraction Schedule Name

OS:Schedule:File,
  {bc73dbc2-a6fe-4c1b-8552-c1213f2635d8}, !- Handle
  hot_water_dishwasher,                   !- Name
  {ead26607-0737-4912-8f11-6ae10ca6176b}, !- Schedule Type Limits Name
  {3ad0bed2-793c-441a-89ba-69fc0c8e2d37}, !- External File Name
  11,                                     !- Column Number
  1,                                      !- Rows to Skip at Top
  8760,                                   !- Number of Hours of Data
  ,                                       !- Column Separator
  ,                                       !- Interpolate to Timestep
  15,                                     !- Minutes per Item
  ,                                       !- Adjust Schedule for Daylight Savings
  Yes;                                    !- Translate File With Relative Path

OS:WaterUse:Equipment:Definition,
  {ca2d8723-e10e-4dc8-97c9-acd1fa6e4fcc}, !- Handle
  dishwasher,                             !- Name
  dishwasher,                             !- End-Use Subcategory
  6.60227245629882e-06;                   !- Peak Flow Rate {m3/s}

OS:WaterUse:Equipment,
  {0129fdfb-170c-454e-8cc1-2b32f31223ae}, !- Handle
  dishwasher,                             !- Name
  {ca2d8723-e10e-4dc8-97c9-acd1fa6e4fcc}, !- Water Use Equipment Definition Name
  ,                                       !- Space Name
  {bc73dbc2-a6fe-4c1b-8552-c1213f2635d8}; !- Flow Rate Fraction Schedule Name

OS:OtherEquipment:Definition,
  {bb7020a2-c3ca-426d-9b5e-4bc50815d29a}, !- Handle
  water sensible,                         !- Name
  EquipmentLevel,                         !- Design Level Calculation Method
  -716.232905590983,                      !- Design Level {W}
  ,                                       !- Watts per Space Floor Area {W/m2}
  ,                                       !- Watts per Person {W/Person}
  0,                                      !- Fraction Latent
  0.6,                                    !- Fraction Radiant
  0;                                      !- Fraction Lost

OS:OtherEquipment,
  {33a66e21-fe28-40c4-90dc-cbb16f40366a}, !- Handle
  water sensible,                         !- Name
  {bb7020a2-c3ca-426d-9b5e-4bc50815d29a}, !- Other Equipment Definition Name
  {d2d08edd-88aa-4a5f-9d1c-043be2ed219b}, !- Space or SpaceType Name
  {0c4af6a3-79b8-4dd0-91a0-da2c84648fda}, !- Schedule Name
  ,                                       !- Multiplier
  None,                                   !- Fuel Type
  water sensible;                         !- End-Use Subcategory

OS:OtherEquipment:Definition,
  {6be9651a-da5d-428a-87bc-11329e80b42e}, !- Handle
  water latent,                           !- Name
  EquipmentLevel,                         !- Design Level Calculation Method
  726.739989780582,                       !- Design Level {W}
  ,                                       !- Watts per Space Floor Area {W/m2}
  ,                                       !- Watts per Person {W/Person}
  1,                                      !- Fraction Latent
  0,                                      !- Fraction Radiant
  0;                                      !- Fraction Lost

OS:OtherEquipment,
  {e4830324-ecfe-49f8-b873-e7a691b9f6d3}, !- Handle
  water latent,                           !- Name
  {6be9651a-da5d-428a-87bc-11329e80b42e}, !- Other Equipment Definition Name
  {d2d08edd-88aa-4a5f-9d1c-043be2ed219b}, !- Space or SpaceType Name
  {0c4af6a3-79b8-4dd0-91a0-da2c84648fda}, !- Schedule Name
  ,                                       !- Multiplier
  None,                                   !- Fuel Type
  water latent;                           !- End-Use Subcategory

OS:Schedule:File,
  {6778d1f1-2dd8-4c1c-82fd-c2e9438c429a}, !- Handle
  plug_loads_other,                       !- Name
  {ead26607-0737-4912-8f11-6ae10ca6176b}, !- Schedule Type Limits Name
  {3ad0bed2-793c-441a-89ba-69fc0c8e2d37}, !- External File Name
  9,                                      !- Column Number
  1,                                      !- Rows to Skip at Top
  8760,                                   !- Number of Hours of Data
  ,                                       !- Column Separator
  ,                                       !- Interpolate to Timestep
  15,                                     !- Minutes per Item
  ,                                       !- Adjust Schedule for Daylight Savings
  Yes;                                    !- Translate File With Relative Path

OS:ElectricEquipment:Definition,
  {ee90dace-b47b-4235-bb64-68f5aa71b5da}, !- Handle
  misc plug loads,                        !- Name
  EquipmentLevel,                         !- Design Level Calculation Method
  502.115282396827,                       !- Design Level {W}
  ,                                       !- Watts per Space Floor Area {W/m2}
  ,                                       !- Watts per Person {W/person}
  0.021,                                  !- Fraction Latent
  0.558,                                  !- Fraction Radiant
  0.0489999999999999;                     !- Fraction Lost

OS:ElectricEquipment,
  {23073937-9711-4623-afeb-2063d5f8ff67}, !- Handle
  misc plug loads,                        !- Name
  {ee90dace-b47b-4235-bb64-68f5aa71b5da}, !- Electric Equipment Definition Name
  {d2d08edd-88aa-4a5f-9d1c-043be2ed219b}, !- Space or SpaceType Name
  {6778d1f1-2dd8-4c1c-82fd-c2e9438c429a}, !- Schedule Name
  ,                                       !- Multiplier
  misc plug loads;                        !- End-Use Subcategory

OS:Schedule:File,
  {373885c1-5f0a-417f-9737-079c589d3a00}, !- Handle
  lighting_interior,                      !- Name
  {ead26607-0737-4912-8f11-6ae10ca6176b}, !- Schedule Type Limits Name
  {3ad0bed2-793c-441a-89ba-69fc0c8e2d37}, !- External File Name
  2,                                      !- Column Number
  1,                                      !- Rows to Skip at Top
  8760,                                   !- Number of Hours of Data
  ,                                       !- Column Separator
  ,                                       !- Interpolate to Timestep
  15,                                     !- Minutes per Item
  ,                                       !- Adjust Schedule for Daylight Savings
  Yes;                                    !- Translate File With Relative Path

OS:Lights:Definition,
  {f056b10d-ba69-481b-8496-f03f24bec7bb}, !- Handle
  interior lighting,                      !- Name
  LightingLevel,                          !- Design Level Calculation Method
  1425.3695204275,                        !- Lighting Level {W}
  ,                                       !- Watts per Space Floor Area {W/m2}
  ,                                       !- Watts per Person {W/person}
  0.6,                                    !- Fraction Radiant
  0.2,                                    !- Fraction Visible
  0;                                      !- Return Air Fraction

OS:Lights,
  {463d1bcd-ff7a-477a-aa29-6093cd2365a0}, !- Handle
  interior lighting,                      !- Name
  {f056b10d-ba69-481b-8496-f03f24bec7bb}, !- Lights Definition Name
  {d2d08edd-88aa-4a5f-9d1c-043be2ed219b}, !- Space or SpaceType Name
  {373885c1-5f0a-417f-9737-079c589d3a00}, !- Schedule Name
  1,                                      !- Fraction Replaceable
  ,                                       !- Multiplier
  interior lighting;                      !- End-Use Subcategory

OS:Schedule:Ruleset,
  {feb54336-8f67-45fd-917e-3b344ea659e1}, !- Handle
  exterior lighting schedule,             !- Name
  {ead26607-0737-4912-8f11-6ae10ca6176b}, !- Schedule Type Limits Name
  {0db5b903-904a-432a-a51f-110e78660e48}; !- Default Day Schedule Name

OS:Schedule:Day,
  {0db5b903-904a-432a-a51f-110e78660e48}, !- Handle
  exterior lighting schedule default day, !- Name
  {ead26607-0737-4912-8f11-6ae10ca6176b}, !- Schedule Type Limits Name
  ,                                       !- Interpolate to Timestep
  24,                                     !- Hour 1
  0,                                      !- Minute 1
  0;                                      !- Value Until Time 1

OS:Schedule:Rule,
  {9e8308cd-8813-4d0e-963f-fe4617af2ff3}, !- Handle
  exterior lighting schedule weekday ruleset1, !- Name
  {feb54336-8f67-45fd-917e-3b344ea659e1}, !- Schedule Ruleset Name
  21,                                     !- Rule Order
  {36c05e2f-8640-40c4-b72c-0dd6c2500f48}, !- Day Schedule Name
  ,                                       !- Apply Sunday
  Yes,                                    !- Apply Monday
  Yes,                                    !- Apply Tuesday
  Yes,                                    !- Apply Wednesday
  Yes,                                    !- Apply Thursday
  Yes,                                    !- Apply Friday
  ,                                       !- Apply Saturday
  DateRange,                              !- Date Specification Type
  1,                                      !- Start Month
  1,                                      !- Start Day
  1,                                      !- End Month
  31;                                     !- End Day

OS:Schedule:Day,
  {36c05e2f-8640-40c4-b72c-0dd6c2500f48}, !- Handle
  exterior lighting schedule weekday1,    !- Name
  {ead26607-0737-4912-8f11-6ae10ca6176b}, !- Schedule Type Limits Name
  ,                                       !- Interpolate to Timestep
  5,                                      !- Hour 1
  0,                                      !- Minute 1
  0.434958518013411,                      !- Value Until Time 1
  6,                                      !- Hour 2
  0,                                      !- Minute 2
  0.349857938402091,                      !- Value Until Time 2
  7,                                      !- Hour 3
  0,                                      !- Minute 3
  0.330946698488465,                      !- Value Until Time 3
  8,                                      !- Hour 4
  0,                                      !- Minute 4
  0.321491078531651,                      !- Value Until Time 4
  9,                                      !- Hour 5
  0,                                      !- Minute 5
  0.312035458574838,                      !- Value Until Time 5
  10,                                     !- Hour 6
  0,                                      !- Minute 6
  0.264757358790772,                      !- Value Until Time 6
  11,                                     !- Hour 7
  0,                                      !- Minute 7
  0.208023639049892,                      !- Value Until Time 7
  12,                                     !- Hour 8
  0,                                      !- Minute 8
  0.141834299352199,                      !- Value Until Time 8
  13,                                     !- Hour 9
  0,                                      !- Minute 9
  0.113467439481759,                      !- Value Until Time 9
  15,                                     !- Hour 10
  0,                                      !- Minute 10
  0.104011819524946,                      !- Value Until Time 10
  16,                                     !- Hour 11
  0,                                      !- Minute 11
  0.113467439481759,                      !- Value Until Time 11
  17,                                     !- Hour 12
  0,                                      !- Minute 12
  0.179656779179452,                      !- Value Until Time 12
  18,                                     !- Hour 13
  0,                                      !- Minute 13
  0.349857938402091,                      !- Value Until Time 13
  19,                                     !- Hour 14
  0,                                      !- Minute 14
  0.463325377883851,                      !- Value Until Time 14
  20,                                     !- Hour 15
  0,                                      !- Minute 15
  0.614615297192863,                      !- Value Until Time 15
  21,                                     !- Hour 16
  0,                                      !- Minute 16
  0.860461416070008,                      !- Value Until Time 16
  22,                                     !- Hour 17
  0,                                      !- Minute 17
  0.992840095465394,                      !- Value Until Time 17
  23,                                     !- Hour 18
  0,                                      !- Minute 18
  0.860461416070008,                      !- Value Until Time 18
  24,                                     !- Hour 19
  0,                                      !- Minute 19
  0.595704057279236;                      !- Value Until Time 19

OS:Schedule:Rule,
  {babfd31a-0d09-415f-b52f-64020500c381}, !- Handle
  exterior lighting schedule weekend ruleset1, !- Name
  {feb54336-8f67-45fd-917e-3b344ea659e1}, !- Schedule Ruleset Name
  20,                                     !- Rule Order
  {c452b5fb-4dad-4440-b5eb-05e2bce8564d}, !- Day Schedule Name
  Yes,                                    !- Apply Sunday
  ,                                       !- Apply Monday
  ,                                       !- Apply Tuesday
  ,                                       !- Apply Wednesday
  ,                                       !- Apply Thursday
  ,                                       !- Apply Friday
  Yes,                                    !- Apply Saturday
  DateRange,                              !- Date Specification Type
  1,                                      !- Start Month
  1,                                      !- Start Day
  1,                                      !- End Month
  31;                                     !- End Day

OS:Schedule:Day,
  {c452b5fb-4dad-4440-b5eb-05e2bce8564d}, !- Handle
  exterior lighting schedule weekend1,    !- Name
  {ead26607-0737-4912-8f11-6ae10ca6176b}, !- Schedule Type Limits Name
  ,                                       !- Interpolate to Timestep
  2,                                      !- Hour 1
  0,                                      !- Minute 1
  0.434958518013411,                      !- Value Until Time 1
  4,                                      !- Hour 2
  0,                                      !- Minute 2
  0.425502898056597,                      !- Value Until Time 2
  5,                                      !- Hour 3
  0,                                      !- Minute 3
  0.434958518013411,                      !- Value Until Time 3
  6,                                      !- Hour 4
  0,                                      !- Minute 4
  0.425502898056597,                      !- Value Until Time 4
  7,                                      !- Hour 5
  0,                                      !- Minute 5
  0.416047278099784,                      !- Value Until Time 5
  8,                                      !- Hour 6
  0,                                      !- Minute 6
  0.387680418229344,                      !- Value Until Time 6
  9,                                      !- Hour 7
  0,                                      !- Minute 7
  0.340402318445278,                      !- Value Until Time 7
  10,                                     !- Hour 8
  0,                                      !- Minute 8
  0.283668598704398,                      !- Value Until Time 8
  11,                                     !- Hour 9
  0,                                      !- Minute 9
  0.226934878963519,                      !- Value Until Time 9
  12,                                     !- Hour 10
  0,                                      !- Minute 10
  0.151289919309012,                      !- Value Until Time 10
  13,                                     !- Hour 11
  0,                                      !- Minute 11
  0.113467439481759,                      !- Value Until Time 11
  15,                                     !- Hour 12
  0,                                      !- Minute 12
  0.104011819524946,                      !- Value Until Time 12
  16,                                     !- Hour 13
  0,                                      !- Minute 13
  0.113467439481759,                      !- Value Until Time 13
  17,                                     !- Hour 14
  0,                                      !- Minute 14
  0.179656779179452,                      !- Value Until Time 14
  18,                                     !- Hour 15
  0,                                      !- Minute 15
  0.359313558358904,                      !- Value Until Time 15
  19,                                     !- Hour 16
  0,                                      !- Minute 16
  0.453869757927037,                      !- Value Until Time 16
  20,                                     !- Hour 17
  0,                                      !- Minute 17
  0.567337197408797,                      !- Value Until Time 17
  21,                                     !- Hour 18
  0,                                      !- Minute 18
  0.784816456415502,                      !- Value Until Time 18
  22,                                     !- Hour 19
  0,                                      !- Minute 19
  0.926650755767701,                      !- Value Until Time 19
  23,                                     !- Hour 20
  0,                                      !- Minute 20
  0.803727696329128,                      !- Value Until Time 20
  24,                                     !- Hour 21
  0,                                      !- Minute 21
  0.557881577451983;                      !- Value Until Time 21

OS:Schedule:Rule,
  {1b101f04-8e27-435d-aa23-1812094b3709}, !- Handle
  exterior lighting schedule weekday ruleset2, !- Name
  {feb54336-8f67-45fd-917e-3b344ea659e1}, !- Schedule Ruleset Name
  19,                                     !- Rule Order
  {0d37dbff-a0a8-43e9-bee9-b20635e5b4a4}, !- Day Schedule Name
  ,                                       !- Apply Sunday
  Yes,                                    !- Apply Monday
  Yes,                                    !- Apply Tuesday
  Yes,                                    !- Apply Wednesday
  Yes,                                    !- Apply Thursday
  Yes,                                    !- Apply Friday
  ,                                       !- Apply Saturday
  DateRange,                              !- Date Specification Type
  2,                                      !- Start Month
  1,                                      !- Start Day
  2,                                      !- End Month
  28;                                     !- End Day

OS:Schedule:Day,
  {0d37dbff-a0a8-43e9-bee9-b20635e5b4a4}, !- Handle
  exterior lighting schedule weekday2,    !- Name
  {ead26607-0737-4912-8f11-6ae10ca6176b}, !- Schedule Type Limits Name
  ,                                       !- Interpolate to Timestep
  5,                                      !- Hour 1
  0,                                      !- Minute 1
  0.438095238095238,                      !- Value Until Time 1
  6,                                      !- Hour 2
  0,                                      !- Minute 2
  0.352380952380952,                      !- Value Until Time 2
  7,                                      !- Hour 3
  0,                                      !- Minute 3
  0.333333333333333,                      !- Value Until Time 3
  8,                                      !- Hour 4
  0,                                      !- Minute 4
  0.323809523809524,                      !- Value Until Time 4
  9,                                      !- Hour 5
  0,                                      !- Minute 5
  0.314285714285714,                      !- Value Until Time 5
  10,                                     !- Hour 6
  0,                                      !- Minute 6
  0.266666666666667,                      !- Value Until Time 6
  11,                                     !- Hour 7
  0,                                      !- Minute 7
  0.20952380952381,                       !- Value Until Time 7
  12,                                     !- Hour 8
  0,                                      !- Minute 8
  0.142857142857143,                      !- Value Until Time 8
  13,                                     !- Hour 9
  0,                                      !- Minute 9
  0.114285714285714,                      !- Value Until Time 9
  15,                                     !- Hour 10
  0,                                      !- Minute 10
  0.104761904761905,                      !- Value Until Time 10
  16,                                     !- Hour 11
  0,                                      !- Minute 11
  0.114285714285714,                      !- Value Until Time 11
  17,                                     !- Hour 12
  0,                                      !- Minute 12
  0.180952380952381,                      !- Value Until Time 12
  18,                                     !- Hour 13
  0,                                      !- Minute 13
  0.352380952380952,                      !- Value Until Time 13
  19,                                     !- Hour 14
  0,                                      !- Minute 14
  0.466666666666667,                      !- Value Until Time 14
  20,                                     !- Hour 15
  0,                                      !- Minute 15
  0.619047619047619,                      !- Value Until Time 15
  21,                                     !- Hour 16
  0,                                      !- Minute 16
  0.866666666666667,                      !- Value Until Time 16
  22,                                     !- Hour 17
  0,                                      !- Minute 17
  1,                                      !- Value Until Time 17
  23,                                     !- Hour 18
  0,                                      !- Minute 18
  0.866666666666667,                      !- Value Until Time 18
  24,                                     !- Hour 19
  0,                                      !- Minute 19
  0.6;                                    !- Value Until Time 19

OS:Schedule:Rule,
  {3998de81-8c2d-4e3f-a5ba-5daeeb4d64c2}, !- Handle
  exterior lighting schedule weekend ruleset2, !- Name
  {feb54336-8f67-45fd-917e-3b344ea659e1}, !- Schedule Ruleset Name
  18,                                     !- Rule Order
  {61be23e5-5de2-48ce-a17d-dd80722d73e5}, !- Day Schedule Name
  Yes,                                    !- Apply Sunday
  ,                                       !- Apply Monday
  ,                                       !- Apply Tuesday
  ,                                       !- Apply Wednesday
  ,                                       !- Apply Thursday
  ,                                       !- Apply Friday
  Yes,                                    !- Apply Saturday
  DateRange,                              !- Date Specification Type
  2,                                      !- Start Month
  1,                                      !- Start Day
  2,                                      !- End Month
  28;                                     !- End Day

OS:Schedule:Day,
  {61be23e5-5de2-48ce-a17d-dd80722d73e5}, !- Handle
  exterior lighting schedule weekend2,    !- Name
  {ead26607-0737-4912-8f11-6ae10ca6176b}, !- Schedule Type Limits Name
  ,                                       !- Interpolate to Timestep
  2,                                      !- Hour 1
  0,                                      !- Minute 1
  0.438095238095238,                      !- Value Until Time 1
  4,                                      !- Hour 2
  0,                                      !- Minute 2
  0.428571428571429,                      !- Value Until Time 2
  5,                                      !- Hour 3
  0,                                      !- Minute 3
  0.438095238095238,                      !- Value Until Time 3
  6,                                      !- Hour 4
  0,                                      !- Minute 4
  0.428571428571429,                      !- Value Until Time 4
  7,                                      !- Hour 5
  0,                                      !- Minute 5
  0.419047619047619,                      !- Value Until Time 5
  8,                                      !- Hour 6
  0,                                      !- Minute 6
  0.390476190476191,                      !- Value Until Time 6
  9,                                      !- Hour 7
  0,                                      !- Minute 7
  0.342857142857143,                      !- Value Until Time 7
  10,                                     !- Hour 8
  0,                                      !- Minute 8
  0.285714285714286,                      !- Value Until Time 8
  11,                                     !- Hour 9
  0,                                      !- Minute 9
  0.228571428571429,                      !- Value Until Time 9
  12,                                     !- Hour 10
  0,                                      !- Minute 10
  0.152380952380952,                      !- Value Until Time 10
  13,                                     !- Hour 11
  0,                                      !- Minute 11
  0.114285714285714,                      !- Value Until Time 11
  15,                                     !- Hour 12
  0,                                      !- Minute 12
  0.104761904761905,                      !- Value Until Time 12
  16,                                     !- Hour 13
  0,                                      !- Minute 13
  0.114285714285714,                      !- Value Until Time 13
  17,                                     !- Hour 14
  0,                                      !- Minute 14
  0.180952380952381,                      !- Value Until Time 14
  18,                                     !- Hour 15
  0,                                      !- Minute 15
  0.361904761904762,                      !- Value Until Time 15
  19,                                     !- Hour 16
  0,                                      !- Minute 16
  0.457142857142857,                      !- Value Until Time 16
  20,                                     !- Hour 17
  0,                                      !- Minute 17
  0.571428571428571,                      !- Value Until Time 17
  21,                                     !- Hour 18
  0,                                      !- Minute 18
  0.790476190476191,                      !- Value Until Time 18
  22,                                     !- Hour 19
  0,                                      !- Minute 19
  0.933333333333333,                      !- Value Until Time 19
  23,                                     !- Hour 20
  0,                                      !- Minute 20
  0.80952380952381,                       !- Value Until Time 20
  24,                                     !- Hour 21
  0,                                      !- Minute 21
  0.561904761904762;                      !- Value Until Time 21

OS:Schedule:Rule,
  {cd6d24f5-460c-42b6-a422-43d34e0e1eda}, !- Handle
  exterior lighting schedule weekday ruleset3, !- Name
  {feb54336-8f67-45fd-917e-3b344ea659e1}, !- Schedule Ruleset Name
  17,                                     !- Rule Order
  {79a5c14e-19b8-4e6a-9e71-5e8d5b209753}, !- Day Schedule Name
  ,                                       !- Apply Sunday
  Yes,                                    !- Apply Monday
  Yes,                                    !- Apply Tuesday
  Yes,                                    !- Apply Wednesday
  Yes,                                    !- Apply Thursday
  Yes,                                    !- Apply Friday
  ,                                       !- Apply Saturday
  DateRange,                              !- Date Specification Type
  3,                                      !- Start Month
  1,                                      !- Start Day
  3,                                      !- End Month
  31;                                     !- End Day

OS:Schedule:Day,
  {79a5c14e-19b8-4e6a-9e71-5e8d5b209753}, !- Handle
  exterior lighting schedule weekday3,    !- Name
  {ead26607-0737-4912-8f11-6ae10ca6176b}, !- Schedule Type Limits Name
  ,                                       !- Interpolate to Timestep
  5,                                      !- Hour 1
  0,                                      !- Minute 1
  0.346084782361632,                      !- Value Until Time 1
  6,                                      !- Hour 2
  0,                                      !- Minute 2
  0.278372542334356,                      !- Value Until Time 2
  7,                                      !- Hour 3
  0,                                      !- Minute 3
  0.26332537788385,                       !- Value Until Time 3
  8,                                      !- Hour 4
  0,                                      !- Minute 4
  0.255801795658598,                      !- Value Until Time 4
  9,                                      !- Hour 5
  0,                                      !- Minute 5
  0.248278213433345,                      !- Value Until Time 5
  10,                                     !- Hour 6
  0,                                      !- Minute 6
  0.21066030230708,                       !- Value Until Time 6
  11,                                     !- Hour 7
  0,                                      !- Minute 7
  0.165518808955563,                      !- Value Until Time 7
  12,                                     !- Hour 8
  0,                                      !- Minute 8
  0.112853733378793,                      !- Value Until Time 8
  13,                                     !- Hour 9
  0,                                      !- Minute 9
  0.0902829867030344,                     !- Value Until Time 9
  15,                                     !- Hour 10
  0,                                      !- Minute 10
  0.0827594044777816,                     !- Value Until Time 10
  16,                                     !- Hour 11
  0,                                      !- Minute 11
  0.0902829867030344,                     !- Value Until Time 11
  17,                                     !- Hour 12
  0,                                      !- Minute 12
  0.142948062279805,                      !- Value Until Time 12
  18,                                     !- Hour 13
  0,                                      !- Minute 13
  0.278372542334356,                      !- Value Until Time 13
  19,                                     !- Hour 14
  0,                                      !- Minute 14
  0.368655529037391,                      !- Value Until Time 14
  20,                                     !- Hour 15
  0,                                      !- Minute 15
  0.489032844641437,                      !- Value Until Time 15
  21,                                     !- Hour 16
  0,                                      !- Minute 16
  0.684645982498011,                      !- Value Until Time 16
  22,                                     !- Hour 17
  0,                                      !- Minute 17
  0.789976133651551,                      !- Value Until Time 17
  23,                                     !- Hour 18
  0,                                      !- Minute 18
  0.684645982498011,                      !- Value Until Time 18
  24,                                     !- Hour 19
  0,                                      !- Minute 19
  0.473985680190931;                      !- Value Until Time 19

OS:Schedule:Rule,
  {e5199897-3cb5-4651-b987-591574fba10b}, !- Handle
  exterior lighting schedule weekend ruleset3, !- Name
  {feb54336-8f67-45fd-917e-3b344ea659e1}, !- Schedule Ruleset Name
  16,                                     !- Rule Order
  {7104003d-b80c-4f8a-9e5e-81fdaa18a117}, !- Day Schedule Name
  Yes,                                    !- Apply Sunday
  ,                                       !- Apply Monday
  ,                                       !- Apply Tuesday
  ,                                       !- Apply Wednesday
  ,                                       !- Apply Thursday
  ,                                       !- Apply Friday
  Yes,                                    !- Apply Saturday
  DateRange,                              !- Date Specification Type
  3,                                      !- Start Month
  1,                                      !- Start Day
  3,                                      !- End Month
  31;                                     !- End Day

OS:Schedule:Day,
  {7104003d-b80c-4f8a-9e5e-81fdaa18a117}, !- Handle
  exterior lighting schedule weekend3,    !- Name
  {ead26607-0737-4912-8f11-6ae10ca6176b}, !- Schedule Type Limits Name
  ,                                       !- Interpolate to Timestep
  2,                                      !- Hour 1
  0,                                      !- Minute 1
  0.346084782361632,                      !- Value Until Time 1
  4,                                      !- Hour 2
  0,                                      !- Minute 2
  0.338561200136379,                      !- Value Until Time 2
  5,                                      !- Hour 3
  0,                                      !- Minute 3
  0.346084782361632,                      !- Value Until Time 3
  6,                                      !- Hour 4
  0,                                      !- Minute 4
  0.338561200136379,                      !- Value Until Time 4
  7,                                      !- Hour 5
  0,                                      !- Minute 5
  0.331037617911126,                      !- Value Until Time 5
  8,                                      !- Hour 6
  0,                                      !- Minute 6
  0.308466871235368,                      !- Value Until Time 6
  9,                                      !- Hour 7
  0,                                      !- Minute 7
  0.270848960109103,                      !- Value Until Time 7
  10,                                     !- Hour 8
  0,                                      !- Minute 8
  0.225707466757586,                      !- Value Until Time 8
  11,                                     !- Hour 9
  0,                                      !- Minute 9
  0.180565973406069,                      !- Value Until Time 9
  12,                                     !- Hour 10
  0,                                      !- Minute 10
  0.120377315604046,                      !- Value Until Time 10
  13,                                     !- Hour 11
  0,                                      !- Minute 11
  0.0902829867030344,                     !- Value Until Time 11
  15,                                     !- Hour 12
  0,                                      !- Minute 12
  0.0827594044777816,                     !- Value Until Time 12
  16,                                     !- Hour 13
  0,                                      !- Minute 13
  0.0902829867030344,                     !- Value Until Time 13
  17,                                     !- Hour 14
  0,                                      !- Minute 14
  0.142948062279805,                      !- Value Until Time 14
  18,                                     !- Hour 15
  0,                                      !- Minute 15
  0.285896124559609,                      !- Value Until Time 15
  19,                                     !- Hour 16
  0,                                      !- Minute 16
  0.361131946812138,                      !- Value Until Time 16
  20,                                     !- Hour 17
  0,                                      !- Minute 17
  0.451414933515172,                      !- Value Until Time 17
  21,                                     !- Hour 18
  0,                                      !- Minute 18
  0.624457324695988,                      !- Value Until Time 18
  22,                                     !- Hour 19
  0,                                      !- Minute 19
  0.737311058074781,                      !- Value Until Time 19
  23,                                     !- Hour 20
  0,                                      !- Minute 20
  0.639504489146494,                      !- Value Until Time 20
  24,                                     !- Hour 21
  0,                                      !- Minute 21
  0.443891351289919;                      !- Value Until Time 21

OS:Schedule:Rule,
  {8eda3478-1d02-453b-a249-202207d66875}, !- Handle
  exterior lighting schedule weekday ruleset4, !- Name
  {feb54336-8f67-45fd-917e-3b344ea659e1}, !- Schedule Ruleset Name
  15,                                     !- Rule Order
  {8e73c797-122c-4548-b677-c831285c3740}, !- Day Schedule Name
  ,                                       !- Apply Sunday
  Yes,                                    !- Apply Monday
  Yes,                                    !- Apply Tuesday
  Yes,                                    !- Apply Wednesday
  Yes,                                    !- Apply Thursday
  Yes,                                    !- Apply Friday
  ,                                       !- Apply Saturday
  DateRange,                              !- Date Specification Type
  4,                                      !- Start Month
  1,                                      !- Start Day
  4,                                      !- End Month
  30;                                     !- End Day

OS:Schedule:Day,
  {8e73c797-122c-4548-b677-c831285c3740}, !- Handle
  exterior lighting schedule weekday4,    !- Name
  {ead26607-0737-4912-8f11-6ae10ca6176b}, !- Schedule Type Limits Name
  ,                                       !- Interpolate to Timestep
  5,                                      !- Hour 1
  0,                                      !- Minute 1
  0.344690684547486,                      !- Value Until Time 1
  6,                                      !- Hour 2
  0,                                      !- Minute 2
  0.277251202788196,                      !- Value Until Time 2
  7,                                      !- Hour 3
  0,                                      !- Minute 3
  0.262264651286131,                      !- Value Until Time 3
  8,                                      !- Hour 4
  0,                                      !- Minute 4
  0.254771375535099,                      !- Value Until Time 4
  9,                                      !- Hour 5
  0,                                      !- Minute 5
  0.247278099784066,                      !- Value Until Time 5
  10,                                     !- Hour 6
  0,                                      !- Minute 6
  0.209811721028905,                      !- Value Until Time 6
  11,                                     !- Hour 7
  0,                                      !- Minute 7
  0.164852066522711,                      !- Value Until Time 7
  12,                                     !- Hour 8
  0,                                      !- Minute 8
  0.112399136265485,                      !- Value Until Time 8
  13,                                     !- Hour 9
  0,                                      !- Minute 9
  0.0899193090123878,                     !- Value Until Time 9
  15,                                     !- Hour 10
  0,                                      !- Minute 10
  0.0824260332613555,                     !- Value Until Time 10
  16,                                     !- Hour 11
  0,                                      !- Minute 11
  0.0899193090123878,                     !- Value Until Time 11
  17,                                     !- Hour 12
  0,                                      !- Minute 12
  0.142372239269614,                      !- Value Until Time 12
  18,                                     !- Hour 13
  0,                                      !- Minute 13
  0.277251202788196,                      !- Value Until Time 13
  19,                                     !- Hour 14
  0,                                      !- Minute 14
  0.367170511800583,                      !- Value Until Time 14
  20,                                     !- Hour 15
  0,                                      !- Minute 15
  0.4870629238171,                        !- Value Until Time 15
  21,                                     !- Hour 16
  0,                                      !- Minute 16
  0.681888093343941,                      !- Value Until Time 16
  22,                                     !- Hour 17
  0,                                      !- Minute 17
  0.786793953858393,                      !- Value Until Time 17
  23,                                     !- Hour 18
  0,                                      !- Minute 18
  0.681888093343941,                      !- Value Until Time 18
  24,                                     !- Hour 19
  0,                                      !- Minute 19
  0.472076372315036;                      !- Value Until Time 19

OS:Schedule:Rule,
  {7dd18bfa-27ed-472c-ac1e-5f83f1623239}, !- Handle
  exterior lighting schedule weekend ruleset4, !- Name
  {feb54336-8f67-45fd-917e-3b344ea659e1}, !- Schedule Ruleset Name
  14,                                     !- Rule Order
  {7eb6c08f-0b91-40c9-aa93-8599a04811a7}, !- Day Schedule Name
  Yes,                                    !- Apply Sunday
  ,                                       !- Apply Monday
  ,                                       !- Apply Tuesday
  ,                                       !- Apply Wednesday
  ,                                       !- Apply Thursday
  ,                                       !- Apply Friday
  Yes,                                    !- Apply Saturday
  DateRange,                              !- Date Specification Type
  4,                                      !- Start Month
  1,                                      !- Start Day
  4,                                      !- End Month
  30;                                     !- End Day

OS:Schedule:Day,
  {7eb6c08f-0b91-40c9-aa93-8599a04811a7}, !- Handle
  exterior lighting schedule weekend4,    !- Name
  {ead26607-0737-4912-8f11-6ae10ca6176b}, !- Schedule Type Limits Name
  ,                                       !- Interpolate to Timestep
  2,                                      !- Hour 1
  0,                                      !- Minute 1
  0.344690684547486,                      !- Value Until Time 1
  4,                                      !- Hour 2
  0,                                      !- Minute 2
  0.337197408796454,                      !- Value Until Time 2
  5,                                      !- Hour 3
  0,                                      !- Minute 3
  0.344690684547486,                      !- Value Until Time 3
  6,                                      !- Hour 4
  0,                                      !- Minute 4
  0.337197408796454,                      !- Value Until Time 4
  7,                                      !- Hour 5
  0,                                      !- Minute 5
  0.329704133045422,                      !- Value Until Time 5
  8,                                      !- Hour 6
  0,                                      !- Minute 6
  0.307224305792325,                      !- Value Until Time 6
  9,                                      !- Hour 7
  0,                                      !- Minute 7
  0.269757927037163,                      !- Value Until Time 7
  10,                                     !- Hour 8
  0,                                      !- Minute 8
  0.224798272530969,                      !- Value Until Time 8
  11,                                     !- Hour 9
  0,                                      !- Minute 9
  0.179838618024776,                      !- Value Until Time 9
  12,                                     !- Hour 10
  0,                                      !- Minute 10
  0.119892412016517,                      !- Value Until Time 10
  13,                                     !- Hour 11
  0,                                      !- Minute 11
  0.0899193090123878,                     !- Value Until Time 11
  15,                                     !- Hour 12
  0,                                      !- Minute 12
  0.0824260332613555,                     !- Value Until Time 12
  16,                                     !- Hour 13
  0,                                      !- Minute 13
  0.0899193090123878,                     !- Value Until Time 13
  17,                                     !- Hour 14
  0,                                      !- Minute 14
  0.142372239269614,                      !- Value Until Time 14
  18,                                     !- Hour 15
  0,                                      !- Minute 15
  0.284744478539228,                      !- Value Until Time 15
  19,                                     !- Hour 16
  0,                                      !- Minute 16
  0.359677236049551,                      !- Value Until Time 16
  20,                                     !- Hour 17
  0,                                      !- Minute 17
  0.449596545061939,                      !- Value Until Time 17
  21,                                     !- Hour 18
  0,                                      !- Minute 18
  0.621941887335682,                      !- Value Until Time 18
  22,                                     !- Hour 19
  0,                                      !- Minute 19
  0.734341023601167,                      !- Value Until Time 19
  23,                                     !- Hour 20
  0,                                      !- Minute 20
  0.636928438837747,                      !- Value Until Time 20
  24,                                     !- Hour 21
  0,                                      !- Minute 21
  0.442103269310907;                      !- Value Until Time 21

OS:Schedule:Rule,
  {f710599e-a15f-4c5c-be93-3d4b80a82456}, !- Handle
  exterior lighting schedule weekday ruleset5, !- Name
  {feb54336-8f67-45fd-917e-3b344ea659e1}, !- Schedule Ruleset Name
  13,                                     !- Rule Order
  {8af12862-158a-43d8-91b5-da941b77fdd0}, !- Day Schedule Name
  ,                                       !- Apply Sunday
  Yes,                                    !- Apply Monday
  Yes,                                    !- Apply Tuesday
  Yes,                                    !- Apply Wednesday
  Yes,                                    !- Apply Thursday
  Yes,                                    !- Apply Friday
  ,                                       !- Apply Saturday
  DateRange,                              !- Date Specification Type
  5,                                      !- Start Month
  1,                                      !- Start Day
  5,                                      !- End Month
  31;                                     !- End Day

OS:Schedule:Day,
  {8af12862-158a-43d8-91b5-da941b77fdd0}, !- Handle
  exterior lighting schedule weekday5,    !- Name
  {ead26607-0737-4912-8f11-6ae10ca6176b}, !- Schedule Type Limits Name
  ,                                       !- Interpolate to Timestep
  5,                                      !- Hour 1
  0,                                      !- Minute 1
  0.346084782361632,                      !- Value Until Time 1
  6,                                      !- Hour 2
  0,                                      !- Minute 2
  0.278372542334356,                      !- Value Until Time 2
  7,                                      !- Hour 3
  0,                                      !- Minute 3
  0.26332537788385,                       !- Value Until Time 3
  8,                                      !- Hour 4
  0,                                      !- Minute 4
  0.255801795658598,                      !- Value Until Time 4
  9,                                      !- Hour 5
  0,                                      !- Minute 5
  0.248278213433345,                      !- Value Until Time 5
  10,                                     !- Hour 6
  0,                                      !- Minute 6
  0.21066030230708,                       !- Value Until Time 6
  11,                                     !- Hour 7
  0,                                      !- Minute 7
  0.165518808955563,                      !- Value Until Time 7
  12,                                     !- Hour 8
  0,                                      !- Minute 8
  0.112853733378793,                      !- Value Until Time 8
  13,                                     !- Hour 9
  0,                                      !- Minute 9
  0.0902829867030344,                     !- Value Until Time 9
  15,                                     !- Hour 10
  0,                                      !- Minute 10
  0.0827594044777816,                     !- Value Until Time 10
  16,                                     !- Hour 11
  0,                                      !- Minute 11
  0.0902829867030344,                     !- Value Until Time 11
  17,                                     !- Hour 12
  0,                                      !- Minute 12
  0.142948062279805,                      !- Value Until Time 12
  18,                                     !- Hour 13
  0,                                      !- Minute 13
  0.278372542334356,                      !- Value Until Time 13
  19,                                     !- Hour 14
  0,                                      !- Minute 14
  0.368655529037391,                      !- Value Until Time 14
  20,                                     !- Hour 15
  0,                                      !- Minute 15
  0.489032844641437,                      !- Value Until Time 15
  21,                                     !- Hour 16
  0,                                      !- Minute 16
  0.684645982498011,                      !- Value Until Time 16
  22,                                     !- Hour 17
  0,                                      !- Minute 17
  0.789976133651551,                      !- Value Until Time 17
  23,                                     !- Hour 18
  0,                                      !- Minute 18
  0.684645982498011,                      !- Value Until Time 18
  24,                                     !- Hour 19
  0,                                      !- Minute 19
  0.473985680190931;                      !- Value Until Time 19

OS:Schedule:Rule,
  {1cd8c447-e8fb-460c-9fc5-fd4fab7c5240}, !- Handle
  exterior lighting schedule weekend ruleset5, !- Name
  {feb54336-8f67-45fd-917e-3b344ea659e1}, !- Schedule Ruleset Name
  12,                                     !- Rule Order
  {fd5fd120-8466-4e1a-896d-be001e07e86b}, !- Day Schedule Name
  Yes,                                    !- Apply Sunday
  ,                                       !- Apply Monday
  ,                                       !- Apply Tuesday
  ,                                       !- Apply Wednesday
  ,                                       !- Apply Thursday
  ,                                       !- Apply Friday
  Yes,                                    !- Apply Saturday
  DateRange,                              !- Date Specification Type
  5,                                      !- Start Month
  1,                                      !- Start Day
  5,                                      !- End Month
  31;                                     !- End Day

OS:Schedule:Day,
  {fd5fd120-8466-4e1a-896d-be001e07e86b}, !- Handle
  exterior lighting schedule weekend5,    !- Name
  {ead26607-0737-4912-8f11-6ae10ca6176b}, !- Schedule Type Limits Name
  ,                                       !- Interpolate to Timestep
  2,                                      !- Hour 1
  0,                                      !- Minute 1
  0.346084782361632,                      !- Value Until Time 1
  4,                                      !- Hour 2
  0,                                      !- Minute 2
  0.338561200136379,                      !- Value Until Time 2
  5,                                      !- Hour 3
  0,                                      !- Minute 3
  0.346084782361632,                      !- Value Until Time 3
  6,                                      !- Hour 4
  0,                                      !- Minute 4
  0.338561200136379,                      !- Value Until Time 4
  7,                                      !- Hour 5
  0,                                      !- Minute 5
  0.331037617911126,                      !- Value Until Time 5
  8,                                      !- Hour 6
  0,                                      !- Minute 6
  0.308466871235368,                      !- Value Until Time 6
  9,                                      !- Hour 7
  0,                                      !- Minute 7
  0.270848960109103,                      !- Value Until Time 7
  10,                                     !- Hour 8
  0,                                      !- Minute 8
  0.225707466757586,                      !- Value Until Time 8
  11,                                     !- Hour 9
  0,                                      !- Minute 9
  0.180565973406069,                      !- Value Until Time 9
  12,                                     !- Hour 10
  0,                                      !- Minute 10
  0.120377315604046,                      !- Value Until Time 10
  13,                                     !- Hour 11
  0,                                      !- Minute 11
  0.0902829867030344,                     !- Value Until Time 11
  15,                                     !- Hour 12
  0,                                      !- Minute 12
  0.0827594044777816,                     !- Value Until Time 12
  16,                                     !- Hour 13
  0,                                      !- Minute 13
  0.0902829867030344,                     !- Value Until Time 13
  17,                                     !- Hour 14
  0,                                      !- Minute 14
  0.142948062279805,                      !- Value Until Time 14
  18,                                     !- Hour 15
  0,                                      !- Minute 15
  0.285896124559609,                      !- Value Until Time 15
  19,                                     !- Hour 16
  0,                                      !- Minute 16
  0.361131946812138,                      !- Value Until Time 16
  20,                                     !- Hour 17
  0,                                      !- Minute 17
  0.451414933515172,                      !- Value Until Time 17
  21,                                     !- Hour 18
  0,                                      !- Minute 18
  0.624457324695988,                      !- Value Until Time 18
  22,                                     !- Hour 19
  0,                                      !- Minute 19
  0.737311058074781,                      !- Value Until Time 19
  23,                                     !- Hour 20
  0,                                      !- Minute 20
  0.639504489146494,                      !- Value Until Time 20
  24,                                     !- Hour 21
  0,                                      !- Minute 21
  0.443891351289919;                      !- Value Until Time 21

OS:Schedule:Rule,
  {03033760-eea6-4800-b4ec-9704a2b0426a}, !- Handle
  exterior lighting schedule weekday ruleset6, !- Name
  {feb54336-8f67-45fd-917e-3b344ea659e1}, !- Schedule Ruleset Name
  11,                                     !- Rule Order
  {1757fb68-ab31-4d17-b563-65c96913fa56}, !- Day Schedule Name
  ,                                       !- Apply Sunday
  Yes,                                    !- Apply Monday
  Yes,                                    !- Apply Tuesday
  Yes,                                    !- Apply Wednesday
  Yes,                                    !- Apply Thursday
  Yes,                                    !- Apply Friday
  ,                                       !- Apply Saturday
  DateRange,                              !- Date Specification Type
  6,                                      !- Start Month
  1,                                      !- Start Day
  6,                                      !- End Month
  30;                                     !- End Day

OS:Schedule:Day,
  {1757fb68-ab31-4d17-b563-65c96913fa56}, !- Handle
  exterior lighting schedule weekday6,    !- Name
  {ead26607-0737-4912-8f11-6ae10ca6176b}, !- Schedule Type Limits Name
  ,                                       !- Interpolate to Timestep
  5,                                      !- Hour 1
  0,                                      !- Minute 1
  0.288229723074592,                      !- Value Until Time 1
  6,                                      !- Hour 2
  0,                                      !- Minute 2
  0.231836951168693,                      !- Value Until Time 2
  7,                                      !- Hour 3
  0,                                      !- Minute 3
  0.219305224078494,                      !- Value Until Time 3
  8,                                      !- Hour 4
  0,                                      !- Minute 4
  0.213039360533394,                      !- Value Until Time 4
  9,                                      !- Hour 5
  0,                                      !- Minute 5
  0.206773496988294,                      !- Value Until Time 5
  10,                                     !- Hour 6
  0,                                      !- Minute 6
  0.175444179262795,                      !- Value Until Time 6
  11,                                     !- Hour 7
  0,                                      !- Minute 7
  0.137848997992196,                      !- Value Until Time 7
  12,                                     !- Hour 8
  0,                                      !- Minute 8
  0.0939879531764973,                     !- Value Until Time 8
  13,                                     !- Hour 9
  0,                                      !- Minute 9
  0.0751903625411979,                     !- Value Until Time 9
  15,                                     !- Hour 10
  0,                                      !- Minute 10
  0.068924498996098,                      !- Value Until Time 10
  16,                                     !- Hour 11
  0,                                      !- Minute 11
  0.0751903625411979,                     !- Value Until Time 11
  17,                                     !- Hour 12
  0,                                      !- Minute 12
  0.119051407356897,                      !- Value Until Time 12
  18,                                     !- Hour 13
  0,                                      !- Minute 13
  0.231836951168693,                      !- Value Until Time 13
  19,                                     !- Hour 14
  0,                                      !- Minute 14
  0.307027313709891,                      !- Value Until Time 14
  20,                                     !- Hour 15
  0,                                      !- Minute 15
  0.407281130431488,                      !- Value Until Time 15
  21,                                     !- Hour 16
  0,                                      !- Minute 16
  0.570193582604084,                      !- Value Until Time 16
  22,                                     !- Hour 17
  0,                                      !- Minute 17
  0.657915672235481,                      !- Value Until Time 17
  23,                                     !- Hour 18
  0,                                      !- Minute 18
  0.570193582604084,                      !- Value Until Time 18
  24,                                     !- Hour 19
  0,                                      !- Minute 19
  0.394749403341289;                      !- Value Until Time 19

OS:Schedule:Rule,
  {650ab1ae-dc8b-4b88-8e29-73fe2c40d101}, !- Handle
  exterior lighting schedule weekend ruleset6, !- Name
  {feb54336-8f67-45fd-917e-3b344ea659e1}, !- Schedule Ruleset Name
  10,                                     !- Rule Order
  {798deb66-dce1-4aa2-a032-b28dd2060815}, !- Day Schedule Name
  Yes,                                    !- Apply Sunday
  ,                                       !- Apply Monday
  ,                                       !- Apply Tuesday
  ,                                       !- Apply Wednesday
  ,                                       !- Apply Thursday
  ,                                       !- Apply Friday
  Yes,                                    !- Apply Saturday
  DateRange,                              !- Date Specification Type
  6,                                      !- Start Month
  1,                                      !- Start Day
  6,                                      !- End Month
  30;                                     !- End Day

OS:Schedule:Day,
  {798deb66-dce1-4aa2-a032-b28dd2060815}, !- Handle
  exterior lighting schedule weekend6,    !- Name
  {ead26607-0737-4912-8f11-6ae10ca6176b}, !- Schedule Type Limits Name
  ,                                       !- Interpolate to Timestep
  2,                                      !- Hour 1
  0,                                      !- Minute 1
  0.288229723074592,                      !- Value Until Time 1
  4,                                      !- Hour 2
  0,                                      !- Minute 2
  0.281963859529492,                      !- Value Until Time 2
  5,                                      !- Hour 3
  0,                                      !- Minute 3
  0.288229723074592,                      !- Value Until Time 3
  6,                                      !- Hour 4
  0,                                      !- Minute 4
  0.281963859529492,                      !- Value Until Time 4
  7,                                      !- Hour 5
  0,                                      !- Minute 5
  0.275697995984392,                      !- Value Until Time 5
  8,                                      !- Hour 6
  0,                                      !- Minute 6
  0.256900405349093,                      !- Value Until Time 6
  9,                                      !- Hour 7
  0,                                      !- Minute 7
  0.225571087623594,                      !- Value Until Time 7
  10,                                     !- Hour 8
  0,                                      !- Minute 8
  0.187975906352995,                      !- Value Until Time 8
  11,                                     !- Hour 9
  0,                                      !- Minute 9
  0.150380725082396,                      !- Value Until Time 9
  12,                                     !- Hour 10
  0,                                      !- Minute 10
  0.100253816721597,                      !- Value Until Time 10
  13,                                     !- Hour 11
  0,                                      !- Minute 11
  0.0751903625411979,                     !- Value Until Time 11
  15,                                     !- Hour 12
  0,                                      !- Minute 12
  0.068924498996098,                      !- Value Until Time 12
  16,                                     !- Hour 13
  0,                                      !- Minute 13
  0.0751903625411979,                     !- Value Until Time 13
  17,                                     !- Hour 14
  0,                                      !- Minute 14
  0.119051407356897,                      !- Value Until Time 14
  18,                                     !- Hour 15
  0,                                      !- Minute 15
  0.238102814713793,                      !- Value Until Time 15
  19,                                     !- Hour 16
  0,                                      !- Minute 16
  0.300761450164791,                      !- Value Until Time 16
  20,                                     !- Hour 17
  0,                                      !- Minute 17
  0.375951812705989,                      !- Value Until Time 17
  21,                                     !- Hour 18
  0,                                      !- Minute 18
  0.520066674243285,                      !- Value Until Time 18
  22,                                     !- Hour 19
  0,                                      !- Minute 19
  0.614054627419783,                      !- Value Until Time 19
  23,                                     !- Hour 20
  0,                                      !- Minute 20
  0.532598401333485,                      !- Value Until Time 20
  24,                                     !- Hour 21
  0,                                      !- Minute 21
  0.369685949160889;                      !- Value Until Time 21

OS:Schedule:Rule,
  {87723bd0-5eba-4443-80b6-eed893b4bfee}, !- Handle
  exterior lighting schedule weekday ruleset7, !- Name
  {feb54336-8f67-45fd-917e-3b344ea659e1}, !- Schedule Ruleset Name
  9,                                      !- Rule Order
  {90b52bd6-602d-49b0-917a-deea6fbab927}, !- Day Schedule Name
  ,                                       !- Apply Sunday
  Yes,                                    !- Apply Monday
  Yes,                                    !- Apply Tuesday
  Yes,                                    !- Apply Wednesday
  Yes,                                    !- Apply Thursday
  Yes,                                    !- Apply Friday
  ,                                       !- Apply Saturday
  DateRange,                              !- Date Specification Type
  7,                                      !- Start Month
  1,                                      !- Start Day
  8,                                      !- End Month
  31;                                     !- End Day

OS:Schedule:Day,
  {90b52bd6-602d-49b0-917a-deea6fbab927}, !- Handle
  exterior lighting schedule weekday7,    !- Name
  {ead26607-0737-4912-8f11-6ae10ca6176b}, !- Schedule Type Limits Name
  ,                                       !- Interpolate to Timestep
  5,                                      !- Hour 1
  0,                                      !- Minute 1
  0.286138576353373,                      !- Value Until Time 1
  6,                                      !- Hour 2
  0,                                      !- Minute 2
  0.230154941849453,                      !- Value Until Time 2
  7,                                      !- Hour 3
  0,                                      !- Minute 3
  0.217714134181915,                      !- Value Until Time 3
  8,                                      !- Hour 4
  0,                                      !- Minute 4
  0.211493730348146,                      !- Value Until Time 4
  9,                                      !- Hour 5
  0,                                      !- Minute 5
  0.205273326514377,                      !- Value Until Time 5
  10,                                     !- Hour 6
  0,                                      !- Minute 6
  0.174171307345532,                      !- Value Until Time 6
  11,                                     !- Hour 7
  0,                                      !- Minute 7
  0.136848884342918,                      !- Value Until Time 7
  12,                                     !- Hour 8
  0,                                      !- Minute 8
  0.0933060575065348,                     !- Value Until Time 8
  13,                                     !- Hour 9
  0,                                      !- Minute 9
  0.0746448460052279,                     !- Value Until Time 9
  15,                                     !- Hour 10
  0,                                      !- Minute 10
  0.0684244421714589,                     !- Value Until Time 10
  16,                                     !- Hour 11
  0,                                      !- Minute 11
  0.0746448460052279,                     !- Value Until Time 11
  17,                                     !- Hour 12
  0,                                      !- Minute 12
  0.118187672841611,                      !- Value Until Time 12
  18,                                     !- Hour 13
  0,                                      !- Minute 13
  0.230154941849453,                      !- Value Until Time 13
  19,                                     !- Hour 14
  0,                                      !- Minute 14
  0.30479978785468,                       !- Value Until Time 14
  20,                                     !- Hour 15
  0,                                      !- Minute 15
  0.404326249194984,                      !- Value Until Time 15
  21,                                     !- Hour 16
  0,                                      !- Minute 16
  0.566056748872978,                      !- Value Until Time 16
  22,                                     !- Hour 17
  0,                                      !- Minute 17
  0.653142402545744,                      !- Value Until Time 17
  23,                                     !- Hour 18
  0,                                      !- Minute 18
  0.566056748872978,                      !- Value Until Time 18
  24,                                     !- Hour 19
  0,                                      !- Minute 19
  0.391885441527446;                      !- Value Until Time 19

OS:Schedule:Rule,
  {99ec6e98-446f-44c7-a7e5-f967f9c71be2}, !- Handle
  exterior lighting schedule weekend ruleset7, !- Name
  {feb54336-8f67-45fd-917e-3b344ea659e1}, !- Schedule Ruleset Name
  8,                                      !- Rule Order
  {2a011624-5470-485b-b654-a1ec64fd9ba8}, !- Day Schedule Name
  Yes,                                    !- Apply Sunday
  ,                                       !- Apply Monday
  ,                                       !- Apply Tuesday
  ,                                       !- Apply Wednesday
  ,                                       !- Apply Thursday
  ,                                       !- Apply Friday
  Yes,                                    !- Apply Saturday
  DateRange,                              !- Date Specification Type
  7,                                      !- Start Month
  1,                                      !- Start Day
  8,                                      !- End Month
  31;                                     !- End Day

OS:Schedule:Day,
  {2a011624-5470-485b-b654-a1ec64fd9ba8}, !- Handle
  exterior lighting schedule weekend7,    !- Name
  {ead26607-0737-4912-8f11-6ae10ca6176b}, !- Schedule Type Limits Name
  ,                                       !- Interpolate to Timestep
  2,                                      !- Hour 1
  0,                                      !- Minute 1
  0.286138576353373,                      !- Value Until Time 1
  4,                                      !- Hour 2
  0,                                      !- Minute 2
  0.279918172519604,                      !- Value Until Time 2
  5,                                      !- Hour 3
  0,                                      !- Minute 3
  0.286138576353373,                      !- Value Until Time 3
  6,                                      !- Hour 4
  0,                                      !- Minute 4
  0.279918172519604,                      !- Value Until Time 4
  7,                                      !- Hour 5
  0,                                      !- Minute 5
  0.273697768685836,                      !- Value Until Time 5
  8,                                      !- Hour 6
  0,                                      !- Minute 6
  0.255036557184529,                      !- Value Until Time 6
  9,                                      !- Hour 7
  0,                                      !- Minute 7
  0.223934538015684,                      !- Value Until Time 7
  10,                                     !- Hour 8
  0,                                      !- Minute 8
  0.18661211501307,                       !- Value Until Time 8
  11,                                     !- Hour 9
  0,                                      !- Minute 9
  0.149289692010456,                      !- Value Until Time 9
  12,                                     !- Hour 10
  0,                                      !- Minute 10
  0.0995264613403038,                     !- Value Until Time 10
  13,                                     !- Hour 11
  0,                                      !- Minute 11
  0.0746448460052279,                     !- Value Until Time 11
  15,                                     !- Hour 12
  0,                                      !- Minute 12
  0.0684244421714589,                     !- Value Until Time 12
  16,                                     !- Hour 13
  0,                                      !- Minute 13
  0.0746448460052279,                     !- Value Until Time 13
  17,                                     !- Hour 14
  0,                                      !- Minute 14
  0.118187672841611,                      !- Value Until Time 14
  18,                                     !- Hour 15
  0,                                      !- Minute 15
  0.236375345683222,                      !- Value Until Time 15
  19,                                     !- Hour 16
  0,                                      !- Minute 16
  0.298579384020911,                      !- Value Until Time 16
  20,                                     !- Hour 17
  0,                                      !- Minute 17
  0.373224230026139,                      !- Value Until Time 17
  21,                                     !- Hour 18
  0,                                      !- Minute 18
  0.516293518202826,                      !- Value Until Time 18
  22,                                     !- Hour 19
  0,                                      !- Minute 19
  0.609599575709361,                      !- Value Until Time 19
  23,                                     !- Hour 20
  0,                                      !- Minute 20
  0.528734325870364,                      !- Value Until Time 20
  24,                                     !- Hour 21
  0,                                      !- Minute 21
  0.36700382619237;                       !- Value Until Time 21

OS:Schedule:Rule,
  {88333335-90c1-4cb9-ae5c-a7146599613c}, !- Handle
  exterior lighting schedule weekday ruleset9, !- Name
  {feb54336-8f67-45fd-917e-3b344ea659e1}, !- Schedule Ruleset Name
  7,                                      !- Rule Order
  {16eddbd5-aa18-413b-ad73-5ea5aade3710}, !- Day Schedule Name
  ,                                       !- Apply Sunday
  Yes,                                    !- Apply Monday
  Yes,                                    !- Apply Tuesday
  Yes,                                    !- Apply Wednesday
  Yes,                                    !- Apply Thursday
  Yes,                                    !- Apply Friday
  ,                                       !- Apply Saturday
  DateRange,                              !- Date Specification Type
  9,                                      !- Start Month
  1,                                      !- Start Day
  9,                                      !- End Month
  30;                                     !- End Day

OS:Schedule:Day,
  {16eddbd5-aa18-413b-ad73-5ea5aade3710}, !- Handle
  exterior lighting schedule weekday9,    !- Name
  {ead26607-0737-4912-8f11-6ae10ca6176b}, !- Schedule Type Limits Name
  ,                                       !- Interpolate to Timestep
  5,                                      !- Hour 1
  0,                                      !- Minute 1
  0.288229723074592,                      !- Value Until Time 1
  6,                                      !- Hour 2
  0,                                      !- Minute 2
  0.231836951168693,                      !- Value Until Time 2
  7,                                      !- Hour 3
  0,                                      !- Minute 3
  0.219305224078494,                      !- Value Until Time 3
  8,                                      !- Hour 4
  0,                                      !- Minute 4
  0.213039360533394,                      !- Value Until Time 4
  9,                                      !- Hour 5
  0,                                      !- Minute 5
  0.206773496988294,                      !- Value Until Time 5
  10,                                     !- Hour 6
  0,                                      !- Minute 6
  0.175444179262795,                      !- Value Until Time 6
  11,                                     !- Hour 7
  0,                                      !- Minute 7
  0.137848997992196,                      !- Value Until Time 7
  12,                                     !- Hour 8
  0,                                      !- Minute 8
  0.0939879531764973,                     !- Value Until Time 8
  13,                                     !- Hour 9
  0,                                      !- Minute 9
  0.0751903625411979,                     !- Value Until Time 9
  15,                                     !- Hour 10
  0,                                      !- Minute 10
  0.068924498996098,                      !- Value Until Time 10
  16,                                     !- Hour 11
  0,                                      !- Minute 11
  0.0751903625411979,                     !- Value Until Time 11
  17,                                     !- Hour 12
  0,                                      !- Minute 12
  0.119051407356897,                      !- Value Until Time 12
  18,                                     !- Hour 13
  0,                                      !- Minute 13
  0.231836951168693,                      !- Value Until Time 13
  19,                                     !- Hour 14
  0,                                      !- Minute 14
  0.307027313709891,                      !- Value Until Time 14
  20,                                     !- Hour 15
  0,                                      !- Minute 15
  0.407281130431488,                      !- Value Until Time 15
  21,                                     !- Hour 16
  0,                                      !- Minute 16
  0.570193582604084,                      !- Value Until Time 16
  22,                                     !- Hour 17
  0,                                      !- Minute 17
  0.657915672235481,                      !- Value Until Time 17
  23,                                     !- Hour 18
  0,                                      !- Minute 18
  0.570193582604084,                      !- Value Until Time 18
  24,                                     !- Hour 19
  0,                                      !- Minute 19
  0.394749403341289;                      !- Value Until Time 19

OS:Schedule:Rule,
  {afdade2f-1f80-4760-a4dc-ff5d13a7ad32}, !- Handle
  exterior lighting schedule weekend ruleset9, !- Name
  {feb54336-8f67-45fd-917e-3b344ea659e1}, !- Schedule Ruleset Name
  6,                                      !- Rule Order
  {4cad252b-87e0-4d2c-8fcd-540fe60f3a94}, !- Day Schedule Name
  Yes,                                    !- Apply Sunday
  ,                                       !- Apply Monday
  ,                                       !- Apply Tuesday
  ,                                       !- Apply Wednesday
  ,                                       !- Apply Thursday
  ,                                       !- Apply Friday
  Yes,                                    !- Apply Saturday
  DateRange,                              !- Date Specification Type
  9,                                      !- Start Month
  1,                                      !- Start Day
  9,                                      !- End Month
  30;                                     !- End Day

OS:Schedule:Day,
  {4cad252b-87e0-4d2c-8fcd-540fe60f3a94}, !- Handle
  exterior lighting schedule weekend9,    !- Name
  {ead26607-0737-4912-8f11-6ae10ca6176b}, !- Schedule Type Limits Name
  ,                                       !- Interpolate to Timestep
  2,                                      !- Hour 1
  0,                                      !- Minute 1
  0.288229723074592,                      !- Value Until Time 1
  4,                                      !- Hour 2
  0,                                      !- Minute 2
  0.281963859529492,                      !- Value Until Time 2
  5,                                      !- Hour 3
  0,                                      !- Minute 3
  0.288229723074592,                      !- Value Until Time 3
  6,                                      !- Hour 4
  0,                                      !- Minute 4
  0.281963859529492,                      !- Value Until Time 4
  7,                                      !- Hour 5
  0,                                      !- Minute 5
  0.275697995984392,                      !- Value Until Time 5
  8,                                      !- Hour 6
  0,                                      !- Minute 6
  0.256900405349093,                      !- Value Until Time 6
  9,                                      !- Hour 7
  0,                                      !- Minute 7
  0.225571087623594,                      !- Value Until Time 7
  10,                                     !- Hour 8
  0,                                      !- Minute 8
  0.187975906352995,                      !- Value Until Time 8
  11,                                     !- Hour 9
  0,                                      !- Minute 9
  0.150380725082396,                      !- Value Until Time 9
  12,                                     !- Hour 10
  0,                                      !- Minute 10
  0.100253816721597,                      !- Value Until Time 10
  13,                                     !- Hour 11
  0,                                      !- Minute 11
  0.0751903625411979,                     !- Value Until Time 11
  15,                                     !- Hour 12
  0,                                      !- Minute 12
  0.068924498996098,                      !- Value Until Time 12
  16,                                     !- Hour 13
  0,                                      !- Minute 13
  0.0751903625411979,                     !- Value Until Time 13
  17,                                     !- Hour 14
  0,                                      !- Minute 14
  0.119051407356897,                      !- Value Until Time 14
  18,                                     !- Hour 15
  0,                                      !- Minute 15
  0.238102814713793,                      !- Value Until Time 15
  19,                                     !- Hour 16
  0,                                      !- Minute 16
  0.300761450164791,                      !- Value Until Time 16
  20,                                     !- Hour 17
  0,                                      !- Minute 17
  0.375951812705989,                      !- Value Until Time 17
  21,                                     !- Hour 18
  0,                                      !- Minute 18
  0.520066674243285,                      !- Value Until Time 18
  22,                                     !- Hour 19
  0,                                      !- Minute 19
  0.614054627419783,                      !- Value Until Time 19
  23,                                     !- Hour 20
  0,                                      !- Minute 20
  0.532598401333485,                      !- Value Until Time 20
  24,                                     !- Hour 21
  0,                                      !- Minute 21
  0.369685949160889;                      !- Value Until Time 21

OS:Schedule:Rule,
  {e9643d77-1f33-420a-9e32-a7d86565da31}, !- Handle
  exterior lighting schedule weekday ruleset10, !- Name
  {feb54336-8f67-45fd-917e-3b344ea659e1}, !- Schedule Ruleset Name
  5,                                      !- Rule Order
  {fc1a462c-8576-4b41-a8ca-d27b9b9ba194}, !- Day Schedule Name
  ,                                       !- Apply Sunday
  Yes,                                    !- Apply Monday
  Yes,                                    !- Apply Tuesday
  Yes,                                    !- Apply Wednesday
  Yes,                                    !- Apply Thursday
  Yes,                                    !- Apply Friday
  ,                                       !- Apply Saturday
  DateRange,                              !- Date Specification Type
  10,                                     !- Start Month
  1,                                      !- Start Day
  10,                                     !- End Month
  31;                                     !- End Day

OS:Schedule:Day,
  {fc1a462c-8576-4b41-a8ca-d27b9b9ba194}, !- Handle
  exterior lighting schedule weekday10,   !- Name
  {ead26607-0737-4912-8f11-6ae10ca6176b}, !- Schedule Type Limits Name
  ,                                       !- Interpolate to Timestep
  5,                                      !- Hour 1
  0,                                      !- Minute 1
  0.345039209001023,                      !- Value Until Time 1
  6,                                      !- Hour 2
  0,                                      !- Minute 2
  0.277531537674736,                      !- Value Until Time 2
  7,                                      !- Hour 3
  0,                                      !- Minute 3
  0.262529832935561,                      !- Value Until Time 3
  8,                                      !- Hour 4
  0,                                      !- Minute 4
  0.255028980565973,                      !- Value Until Time 4
  9,                                      !- Hour 5
  0,                                      !- Minute 5
  0.247528128196386,                      !- Value Until Time 5
  10,                                     !- Hour 6
  0,                                      !- Minute 6
  0.210023866348449,                      !- Value Until Time 6
  11,                                     !- Hour 7
  0,                                      !- Minute 7
  0.165018752130924,                      !- Value Until Time 7
  12,                                     !- Hour 8
  0,                                      !- Minute 8
  0.112512785543812,                      !- Value Until Time 8
  13,                                     !- Hour 9
  0,                                      !- Minute 9
  0.0900102284350494,                     !- Value Until Time 9
  15,                                     !- Hour 10
  0,                                      !- Minute 10
  0.082509376065462,                      !- Value Until Time 10
  16,                                     !- Hour 11
  0,                                      !- Minute 11
  0.0900102284350494,                     !- Value Until Time 11
  17,                                     !- Hour 12
  0,                                      !- Minute 12
  0.142516195022162,                      !- Value Until Time 12
  18,                                     !- Hour 13
  0,                                      !- Minute 13
  0.277531537674736,                      !- Value Until Time 13
  19,                                     !- Hour 14
  0,                                      !- Minute 14
  0.367541766109785,                      !- Value Until Time 14
  20,                                     !- Hour 15
  0,                                      !- Minute 15
  0.487555404023184,                      !- Value Until Time 15
  21,                                     !- Hour 16
  0,                                      !- Minute 16
  0.682577565632458,                      !- Value Until Time 16
  22,                                     !- Hour 17
  0,                                      !- Minute 17
  0.787589498806682,                      !- Value Until Time 17
  23,                                     !- Hour 18
  0,                                      !- Minute 18
  0.682577565632458,                      !- Value Until Time 18
  24,                                     !- Hour 19
  0,                                      !- Minute 19
  0.47255369928401;                       !- Value Until Time 19

OS:Schedule:Rule,
  {f21bc4f6-ad03-4e22-b3c4-1895060fb5b0}, !- Handle
  exterior lighting schedule weekend ruleset10, !- Name
  {feb54336-8f67-45fd-917e-3b344ea659e1}, !- Schedule Ruleset Name
  4,                                      !- Rule Order
  {051f415c-6199-40e9-9db3-5b2be2d84820}, !- Day Schedule Name
  Yes,                                    !- Apply Sunday
  ,                                       !- Apply Monday
  ,                                       !- Apply Tuesday
  ,                                       !- Apply Wednesday
  ,                                       !- Apply Thursday
  ,                                       !- Apply Friday
  Yes,                                    !- Apply Saturday
  DateRange,                              !- Date Specification Type
  10,                                     !- Start Month
  1,                                      !- Start Day
  10,                                     !- End Month
  31;                                     !- End Day

OS:Schedule:Day,
  {051f415c-6199-40e9-9db3-5b2be2d84820}, !- Handle
  exterior lighting schedule weekend10,   !- Name
  {ead26607-0737-4912-8f11-6ae10ca6176b}, !- Schedule Type Limits Name
  ,                                       !- Interpolate to Timestep
  2,                                      !- Hour 1
  0,                                      !- Minute 1
  0.345039209001023,                      !- Value Until Time 1
  4,                                      !- Hour 2
  0,                                      !- Minute 2
  0.337538356631435,                      !- Value Until Time 2
  5,                                      !- Hour 3
  0,                                      !- Minute 3
  0.345039209001023,                      !- Value Until Time 3
  6,                                      !- Hour 4
  0,                                      !- Minute 4
  0.337538356631435,                      !- Value Until Time 4
  7,                                      !- Hour 5
  0,                                      !- Minute 5
  0.330037504261848,                      !- Value Until Time 5
  8,                                      !- Hour 6
  0,                                      !- Minute 6
  0.307534947153086,                      !- Value Until Time 6
  9,                                      !- Hour 7
  0,                                      !- Minute 7
  0.270030685305148,                      !- Value Until Time 7
  10,                                     !- Hour 8
  0,                                      !- Minute 8
  0.225025571087624,                      !- Value Until Time 8
  11,                                     !- Hour 9
  0,                                      !- Minute 9
  0.180020456870099,                      !- Value Until Time 9
  12,                                     !- Hour 10
  0,                                      !- Minute 10
  0.120013637913399,                      !- Value Until Time 10
  13,                                     !- Hour 11
  0,                                      !- Minute 11
  0.0900102284350494,                     !- Value Until Time 11
  15,                                     !- Hour 12
  0,                                      !- Minute 12
  0.082509376065462,                      !- Value Until Time 12
  16,                                     !- Hour 13
  0,                                      !- Minute 13
  0.0900102284350494,                     !- Value Until Time 13
  17,                                     !- Hour 14
  0,                                      !- Minute 14
  0.142516195022162,                      !- Value Until Time 14
  18,                                     !- Hour 15
  0,                                      !- Minute 15
  0.285032390044323,                      !- Value Until Time 15
  19,                                     !- Hour 16
  0,                                      !- Minute 16
  0.360040913740198,                      !- Value Until Time 16
  20,                                     !- Hour 17
  0,                                      !- Minute 17
  0.450051142175247,                      !- Value Until Time 17
  21,                                     !- Hour 18
  0,                                      !- Minute 18
  0.622570746675759,                      !- Value Until Time 18
  22,                                     !- Hour 19
  0,                                      !- Minute 19
  0.73508353221957,                       !- Value Until Time 19
  23,                                     !- Hour 20
  0,                                      !- Minute 20
  0.637572451414934,                      !- Value Until Time 20
  24,                                     !- Hour 21
  0,                                      !- Minute 21
  0.44255028980566;                       !- Value Until Time 21

OS:Schedule:Rule,
  {34ea2871-dbfe-4cd7-954a-ff29c22c2f30}, !- Handle
  exterior lighting schedule weekday ruleset11, !- Name
  {feb54336-8f67-45fd-917e-3b344ea659e1}, !- Schedule Ruleset Name
  3,                                      !- Rule Order
  {9766458a-8df7-40fc-b734-8097155514fa}, !- Day Schedule Name
  ,                                       !- Apply Sunday
  Yes,                                    !- Apply Monday
  Yes,                                    !- Apply Tuesday
  Yes,                                    !- Apply Wednesday
  Yes,                                    !- Apply Thursday
  Yes,                                    !- Apply Friday
  ,                                       !- Apply Saturday
  DateRange,                              !- Date Specification Type
  11,                                     !- Start Month
  1,                                      !- Start Day
  11,                                     !- End Month
  30;                                     !- End Day

OS:Schedule:Day,
  {9766458a-8df7-40fc-b734-8097155514fa}, !- Handle
  exterior lighting schedule weekday11,   !- Name
  {ead26607-0737-4912-8f11-6ae10ca6176b}, !- Schedule Type Limits Name
  ,                                       !- Interpolate to Timestep
  5,                                      !- Hour 1
  0,                                      !- Minute 1
  0.343993635640414,                      !- Value Until Time 1
  6,                                      !- Hour 2
  0,                                      !- Minute 2
  0.276690533015115,                      !- Value Until Time 2
  7,                                      !- Hour 3
  0,                                      !- Minute 3
  0.261734287987271,                      !- Value Until Time 3
  8,                                      !- Hour 4
  0,                                      !- Minute 4
  0.254256165473349,                      !- Value Until Time 4
  9,                                      !- Hour 5
  0,                                      !- Minute 5
  0.246778042959427,                      !- Value Until Time 5
  10,                                     !- Hour 6
  0,                                      !- Minute 6
  0.209387430389817,                      !- Value Until Time 6
  11,                                     !- Hour 7
  0,                                      !- Minute 7
  0.164518695306285,                      !- Value Until Time 7
  12,                                     !- Hour 8
  0,                                      !- Minute 8
  0.112171837708831,                      !- Value Until Time 8
  13,                                     !- Hour 9
  0,                                      !- Minute 9
  0.0897374701670644,                     !- Value Until Time 9
  15,                                     !- Hour 10
  0,                                      !- Minute 10
  0.0822593476531424,                     !- Value Until Time 10
  16,                                     !- Hour 11
  0,                                      !- Minute 11
  0.0897374701670644,                     !- Value Until Time 11
  17,                                     !- Hour 12
  0,                                      !- Minute 12
  0.142084327764519,                      !- Value Until Time 12
  18,                                     !- Hour 13
  0,                                      !- Minute 13
  0.276690533015115,                      !- Value Until Time 13
  19,                                     !- Hour 14
  0,                                      !- Minute 14
  0.36642800318218,                       !- Value Until Time 14
  20,                                     !- Hour 15
  0,                                      !- Minute 15
  0.486077963404932,                      !- Value Until Time 15
  21,                                     !- Hour 16
  0,                                      !- Minute 16
  0.680509148766905,                      !- Value Until Time 16
  22,                                     !- Hour 17
  0,                                      !- Minute 17
  0.785202863961814,                      !- Value Until Time 17
  23,                                     !- Hour 18
  0,                                      !- Minute 18
  0.680509148766905,                      !- Value Until Time 18
  24,                                     !- Hour 19
  0,                                      !- Minute 19
  0.471121718377088;                      !- Value Until Time 19

OS:Schedule:Rule,
  {aff873dc-f74b-4cea-ac12-b38d18185536}, !- Handle
  exterior lighting schedule weekend ruleset11, !- Name
  {feb54336-8f67-45fd-917e-3b344ea659e1}, !- Schedule Ruleset Name
  2,                                      !- Rule Order
  {2e1f230f-3240-4bde-b6fd-91eb63b0a714}, !- Day Schedule Name
  Yes,                                    !- Apply Sunday
  ,                                       !- Apply Monday
  ,                                       !- Apply Tuesday
  ,                                       !- Apply Wednesday
  ,                                       !- Apply Thursday
  ,                                       !- Apply Friday
  Yes,                                    !- Apply Saturday
  DateRange,                              !- Date Specification Type
  11,                                     !- Start Month
  1,                                      !- Start Day
  11,                                     !- End Month
  30;                                     !- End Day

OS:Schedule:Day,
  {2e1f230f-3240-4bde-b6fd-91eb63b0a714}, !- Handle
  exterior lighting schedule weekend11,   !- Name
  {ead26607-0737-4912-8f11-6ae10ca6176b}, !- Schedule Type Limits Name
  ,                                       !- Interpolate to Timestep
  2,                                      !- Hour 1
  0,                                      !- Minute 1
  0.343993635640414,                      !- Value Until Time 1
  4,                                      !- Hour 2
  0,                                      !- Minute 2
  0.336515513126492,                      !- Value Until Time 2
  5,                                      !- Hour 3
  0,                                      !- Minute 3
  0.343993635640414,                      !- Value Until Time 3
  6,                                      !- Hour 4
  0,                                      !- Minute 4
  0.336515513126492,                      !- Value Until Time 4
  7,                                      !- Hour 5
  0,                                      !- Minute 5
  0.32903739061257,                       !- Value Until Time 5
  8,                                      !- Hour 6
  0,                                      !- Minute 6
  0.306603023070804,                      !- Value Until Time 6
  9,                                      !- Hour 7
  0,                                      !- Minute 7
  0.269212410501193,                      !- Value Until Time 7
  10,                                     !- Hour 8
  0,                                      !- Minute 8
  0.224343675417661,                      !- Value Until Time 8
  11,                                     !- Hour 9
  0,                                      !- Minute 9
  0.179474940334129,                      !- Value Until Time 9
  12,                                     !- Hour 10
  0,                                      !- Minute 10
  0.119649960222753,                      !- Value Until Time 10
  13,                                     !- Hour 11
  0,                                      !- Minute 11
  0.0897374701670644,                     !- Value Until Time 11
  15,                                     !- Hour 12
  0,                                      !- Minute 12
  0.0822593476531424,                     !- Value Until Time 12
  16,                                     !- Hour 13
  0,                                      !- Minute 13
  0.0897374701670644,                     !- Value Until Time 13
  17,                                     !- Hour 14
  0,                                      !- Minute 14
  0.142084327764519,                      !- Value Until Time 14
  18,                                     !- Hour 15
  0,                                      !- Minute 15
  0.284168655529037,                      !- Value Until Time 15
  19,                                     !- Hour 16
  0,                                      !- Minute 16
  0.358949880668258,                      !- Value Until Time 16
  20,                                     !- Hour 17
  0,                                      !- Minute 17
  0.448687350835322,                      !- Value Until Time 17
  21,                                     !- Hour 18
  0,                                      !- Minute 18
  0.620684168655529,                      !- Value Until Time 18
  22,                                     !- Hour 19
  0,                                      !- Minute 19
  0.73285600636436,                       !- Value Until Time 19
  23,                                     !- Hour 20
  0,                                      !- Minute 20
  0.635640413683373,                      !- Value Until Time 20
  24,                                     !- Hour 21
  0,                                      !- Minute 21
  0.4412092283214;                        !- Value Until Time 21

OS:Schedule:Rule,
  {e85318bb-bf9a-4381-8e57-fa19805c2080}, !- Handle
  exterior lighting schedule weekday ruleset12, !- Name
  {feb54336-8f67-45fd-917e-3b344ea659e1}, !- Schedule Ruleset Name
  1,                                      !- Rule Order
  {24535642-71bf-48ea-8441-6979879ea805}, !- Day Schedule Name
  ,                                       !- Apply Sunday
  Yes,                                    !- Apply Monday
  Yes,                                    !- Apply Tuesday
  Yes,                                    !- Apply Wednesday
  Yes,                                    !- Apply Thursday
  Yes,                                    !- Apply Friday
  ,                                       !- Apply Saturday
  DateRange,                              !- Date Specification Type
  12,                                     !- Start Month
  1,                                      !- Start Day
  12,                                     !- End Month
  31;                                     !- End Day

OS:Schedule:Day,
  {24535642-71bf-48ea-8441-6979879ea805}, !- Handle
  exterior lighting schedule weekday12,   !- Name
  {ead26607-0737-4912-8f11-6ae10ca6176b}, !- Schedule Type Limits Name
  ,                                       !- Interpolate to Timestep
  5,                                      !- Hour 1
  0,                                      !- Minute 1
  0.434958518013411,                      !- Value Until Time 1
  6,                                      !- Hour 2
  0,                                      !- Minute 2
  0.349857938402091,                      !- Value Until Time 2
  7,                                      !- Hour 3
  0,                                      !- Minute 3
  0.330946698488465,                      !- Value Until Time 3
  8,                                      !- Hour 4
  0,                                      !- Minute 4
  0.321491078531651,                      !- Value Until Time 4
  9,                                      !- Hour 5
  0,                                      !- Minute 5
  0.312035458574838,                      !- Value Until Time 5
  10,                                     !- Hour 6
  0,                                      !- Minute 6
  0.264757358790772,                      !- Value Until Time 6
  11,                                     !- Hour 7
  0,                                      !- Minute 7
  0.208023639049892,                      !- Value Until Time 7
  12,                                     !- Hour 8
  0,                                      !- Minute 8
  0.141834299352199,                      !- Value Until Time 8
  13,                                     !- Hour 9
  0,                                      !- Minute 9
  0.113467439481759,                      !- Value Until Time 9
  15,                                     !- Hour 10
  0,                                      !- Minute 10
  0.104011819524946,                      !- Value Until Time 10
  16,                                     !- Hour 11
  0,                                      !- Minute 11
  0.113467439481759,                      !- Value Until Time 11
  17,                                     !- Hour 12
  0,                                      !- Minute 12
  0.179656779179452,                      !- Value Until Time 12
  18,                                     !- Hour 13
  0,                                      !- Minute 13
  0.349857938402091,                      !- Value Until Time 13
  19,                                     !- Hour 14
  0,                                      !- Minute 14
  0.463325377883851,                      !- Value Until Time 14
  20,                                     !- Hour 15
  0,                                      !- Minute 15
  0.614615297192863,                      !- Value Until Time 15
  21,                                     !- Hour 16
  0,                                      !- Minute 16
  0.860461416070008,                      !- Value Until Time 16
  22,                                     !- Hour 17
  0,                                      !- Minute 17
  0.992840095465394,                      !- Value Until Time 17
  23,                                     !- Hour 18
  0,                                      !- Minute 18
  0.860461416070008,                      !- Value Until Time 18
  24,                                     !- Hour 19
  0,                                      !- Minute 19
  0.595704057279236;                      !- Value Until Time 19

OS:Schedule:Rule,
  {97fbca63-b297-477e-b197-ea8f145d9b8e}, !- Handle
  exterior lighting schedule weekend ruleset12, !- Name
  {feb54336-8f67-45fd-917e-3b344ea659e1}, !- Schedule Ruleset Name
  0,                                      !- Rule Order
  {eb15dcbb-6613-44a8-9962-7143b10efab9}, !- Day Schedule Name
  Yes,                                    !- Apply Sunday
  ,                                       !- Apply Monday
  ,                                       !- Apply Tuesday
  ,                                       !- Apply Wednesday
  ,                                       !- Apply Thursday
  ,                                       !- Apply Friday
  Yes,                                    !- Apply Saturday
  DateRange,                              !- Date Specification Type
  12,                                     !- Start Month
  1,                                      !- Start Day
  12,                                     !- End Month
  31;                                     !- End Day

OS:Schedule:Day,
  {eb15dcbb-6613-44a8-9962-7143b10efab9}, !- Handle
  exterior lighting schedule weekend12,   !- Name
  {ead26607-0737-4912-8f11-6ae10ca6176b}, !- Schedule Type Limits Name
  ,                                       !- Interpolate to Timestep
  2,                                      !- Hour 1
  0,                                      !- Minute 1
  0.434958518013411,                      !- Value Until Time 1
  4,                                      !- Hour 2
  0,                                      !- Minute 2
  0.425502898056597,                      !- Value Until Time 2
  5,                                      !- Hour 3
  0,                                      !- Minute 3
  0.434958518013411,                      !- Value Until Time 3
  6,                                      !- Hour 4
  0,                                      !- Minute 4
  0.425502898056597,                      !- Value Until Time 4
  7,                                      !- Hour 5
  0,                                      !- Minute 5
  0.416047278099784,                      !- Value Until Time 5
  8,                                      !- Hour 6
  0,                                      !- Minute 6
  0.387680418229344,                      !- Value Until Time 6
  9,                                      !- Hour 7
  0,                                      !- Minute 7
  0.340402318445278,                      !- Value Until Time 7
  10,                                     !- Hour 8
  0,                                      !- Minute 8
  0.283668598704398,                      !- Value Until Time 8
  11,                                     !- Hour 9
  0,                                      !- Minute 9
  0.226934878963519,                      !- Value Until Time 9
  12,                                     !- Hour 10
  0,                                      !- Minute 10
  0.151289919309012,                      !- Value Until Time 10
  13,                                     !- Hour 11
  0,                                      !- Minute 11
  0.113467439481759,                      !- Value Until Time 11
  15,                                     !- Hour 12
  0,                                      !- Minute 12
  0.104011819524946,                      !- Value Until Time 12
  16,                                     !- Hour 13
  0,                                      !- Minute 13
  0.113467439481759,                      !- Value Until Time 13
  17,                                     !- Hour 14
  0,                                      !- Minute 14
  0.179656779179452,                      !- Value Until Time 14
  18,                                     !- Hour 15
  0,                                      !- Minute 15
  0.359313558358904,                      !- Value Until Time 15
  19,                                     !- Hour 16
  0,                                      !- Minute 16
  0.453869757927037,                      !- Value Until Time 16
  20,                                     !- Hour 17
  0,                                      !- Minute 17
  0.567337197408797,                      !- Value Until Time 17
  21,                                     !- Hour 18
  0,                                      !- Minute 18
  0.784816456415502,                      !- Value Until Time 18
  22,                                     !- Hour 19
  0,                                      !- Minute 19
  0.926650755767701,                      !- Value Until Time 19
  23,                                     !- Hour 20
  0,                                      !- Minute 20
  0.803727696329128,                      !- Value Until Time 20
  24,                                     !- Hour 21
  0,                                      !- Minute 21
  0.557881577451983;                      !- Value Until Time 21

OS:Exterior:Lights:Definition,
  {fbd82bf8-0a94-4327-8245-761643e83b05}, !- Handle
  exterior lighting,                      !- Name
  84.5718331691537;                       !- Design Level {W}

OS:Exterior:Lights,
  {a3328cae-fbee-4779-9b1b-6508f42aadeb}, !- Handle
  exterior lighting,                      !- Name
  {fbd82bf8-0a94-4327-8245-761643e83b05}, !- Exterior Lights Definition Name
  {feb54336-8f67-45fd-917e-3b344ea659e1}, !- Schedule Name
  ,                                       !- Control Option
  ,                                       !- Multiplier
  exterior lighting;                      !- End-Use Subcategory

OS:Schedule:Ruleset,
  {dafb4ede-ecfa-47d8-bf51-a76b694de5ae}, !- Handle
  cooling season schedule,                !- Name
  {ead26607-0737-4912-8f11-6ae10ca6176b}, !- Schedule Type Limits Name
  {4f27e5e3-7d0e-46c8-a170-475a749c27a4}; !- Default Day Schedule Name

OS:Schedule:Day,
  {4f27e5e3-7d0e-46c8-a170-475a749c27a4}, !- Handle
  cooling season schedule default day,    !- Name
  {ead26607-0737-4912-8f11-6ae10ca6176b}, !- Schedule Type Limits Name
  ,                                       !- Interpolate to Timestep
  24,                                     !- Hour 1
  0,                                      !- Minute 1
  0;                                      !- Value Until Time 1

OS:Schedule:Rule,
  {5d04e411-4b09-406e-bcf4-8e75137ddd6e}, !- Handle
  cooling season schedule allday ruleset1, !- Name
  {dafb4ede-ecfa-47d8-bf51-a76b694de5ae}, !- Schedule Ruleset Name
  2,                                      !- Rule Order
  {8bb04cb2-20fd-495e-bd3b-98387494933c}, !- Day Schedule Name
  Yes,                                    !- Apply Sunday
  Yes,                                    !- Apply Monday
  Yes,                                    !- Apply Tuesday
  Yes,                                    !- Apply Wednesday
  Yes,                                    !- Apply Thursday
  Yes,                                    !- Apply Friday
  Yes,                                    !- Apply Saturday
  DateRange,                              !- Date Specification Type
  1,                                      !- Start Month
  1,                                      !- Start Day
  3,                                      !- End Month
  31;                                     !- End Day

OS:Schedule:Day,
  {8bb04cb2-20fd-495e-bd3b-98387494933c}, !- Handle
  cooling season schedule allday1,        !- Name
  {ead26607-0737-4912-8f11-6ae10ca6176b}, !- Schedule Type Limits Name
  ,                                       !- Interpolate to Timestep
  24,                                     !- Hour 1
  0,                                      !- Minute 1
  0;                                      !- Value Until Time 1

OS:Schedule:Rule,
  {3f4511ba-50e3-479a-9402-3d9005a01a56}, !- Handle
  cooling season schedule allday ruleset4, !- Name
  {dafb4ede-ecfa-47d8-bf51-a76b694de5ae}, !- Schedule Ruleset Name
  1,                                      !- Rule Order
  {68146f71-6227-41df-9204-1d5658952f40}, !- Day Schedule Name
  Yes,                                    !- Apply Sunday
  Yes,                                    !- Apply Monday
  Yes,                                    !- Apply Tuesday
  Yes,                                    !- Apply Wednesday
  Yes,                                    !- Apply Thursday
  Yes,                                    !- Apply Friday
  Yes,                                    !- Apply Saturday
  DateRange,                              !- Date Specification Type
  4,                                      !- Start Month
  1,                                      !- Start Day
  10,                                     !- End Month
  31;                                     !- End Day

OS:Schedule:Day,
  {68146f71-6227-41df-9204-1d5658952f40}, !- Handle
  cooling season schedule allday4,        !- Name
  {ead26607-0737-4912-8f11-6ae10ca6176b}, !- Schedule Type Limits Name
  ,                                       !- Interpolate to Timestep
  24,                                     !- Hour 1
  0,                                      !- Minute 1
  1;                                      !- Value Until Time 1

OS:Schedule:Rule,
  {c4a79863-a2ab-4e0b-b415-e0ad7e1ba222}, !- Handle
  cooling season schedule allday ruleset11, !- Name
  {dafb4ede-ecfa-47d8-bf51-a76b694de5ae}, !- Schedule Ruleset Name
  0,                                      !- Rule Order
  {0747a1fb-957e-40ae-9149-50723247f33c}, !- Day Schedule Name
  Yes,                                    !- Apply Sunday
  Yes,                                    !- Apply Monday
  Yes,                                    !- Apply Tuesday
  Yes,                                    !- Apply Wednesday
  Yes,                                    !- Apply Thursday
  Yes,                                    !- Apply Friday
  Yes,                                    !- Apply Saturday
  DateRange,                              !- Date Specification Type
  11,                                     !- Start Month
  1,                                      !- Start Day
  12,                                     !- End Month
  31;                                     !- End Day

OS:Schedule:Day,
  {0747a1fb-957e-40ae-9149-50723247f33c}, !- Handle
  cooling season schedule allday11,       !- Name
  {ead26607-0737-4912-8f11-6ae10ca6176b}, !- Schedule Type Limits Name
  ,                                       !- Interpolate to Timestep
  24,                                     !- Hour 1
  0,                                      !- Minute 1
  0;                                      !- Value Until Time 1

OS:EnergyManagementSystem:Sensor,
  {902ffef1-301f-4d83-819a-3159ac87f779}, !- Handle
  cool_season,                            !- Name
  cooling season schedule,                !- Output Variable or Output Meter Index Key Name
  Schedule Value;                         !- Output Variable or Output Meter Name

OS:EnergyManagementSystem:Sensor,
  {4a676f9c-3ed4-4dfd-a2e0-adc933eef58f}, !- Handle
  out_pb_s,                               !- Name
  ,                                       !- Output Variable or Output Meter Index Key Name
  Site Outdoor Air Barometric Pressure;   !- Output Variable or Output Meter Name

OS:EnergyManagementSystem:Sensor,
  {dbbf0d19-a1ba-4ccd-99e2-8b1752ec74ab}, !- Handle
  out_wt_s,                               !- Name
  ,                                       !- Output Variable or Output Meter Index Key Name
  Site Outdoor Air Humidity Ratio;        !- Output Variable or Output Meter Name

OS:EnergyManagementSystem:Sensor,
  {1433404a-ba76-45dd-ae3c-354f3f6db2b4}, !- Handle
  win_s,                                  !- Name
  conditioned space,                      !- Output Variable or Output Meter Index Key Name
  Zone Air Humidity Ratio;                !- Output Variable or Output Meter Name

OS:EnergyManagementSystem:Sensor,
  {9c921773-c1a3-4537-82fe-1ac476ce5af8}, !- Handle
  site_vw_s,                              !- Name
  ,                                       !- Output Variable or Output Meter Index Key Name
  Site Wind Speed;                        !- Output Variable or Output Meter Name

OS:EnergyManagementSystem:Sensor,
  {93923c7d-5d28-42b8-96e6-be55bbc15d41}, !- Handle
  tin_s,                                  !- Name
  conditioned space,                      !- Output Variable or Output Meter Index Key Name
  Zone Mean Air Temperature;              !- Output Variable or Output Meter Name

OS:EnergyManagementSystem:Sensor,
  {78b154a5-28be-4b53-884f-54d2de5ec407}, !- Handle
  tout_s,                                 !- Name
  conditioned space,                      !- Output Variable or Output Meter Index Key Name
  Zone Outdoor Air Drybulb Temperature;   !- Output Variable or Output Meter Name

OS:EnergyManagementSystem:GlobalVariable,
  {e9a0bc37-1141-4106-8677-300c4a624b70}, !- Handle
  central_ac_and_furnace_airloop_Fan_RTF; !- Name

OS:EnergyManagementSystem:InternalVariable,
  {ed0ac08b-9157-40cd-be9c-0a351991210f}, !- Handle
  central_ac_and_furnace_airloop_max_sup_fan_mfr, !- Name
  central ac and furnace supply fan,      !- Internal Data Index Key Name
  Fan Maximum Mass Flow Rate;             !- Internal Data Type

OS:EnergyManagementSystem:Sensor,
  {7e6c013d-a71f-425f-9d9d-7fa70639c08e}, !- Handle
  central_ac_and_furnace_airloop_Fan_RTF_s, !- Name
  central ac and furnace supply fan,      !- Output Variable or Output Meter Index Key Name
  Fan Runtime Fraction Speed 1;           !- Output Variable or Output Meter Name

OS:EnergyManagementSystem:Sensor,
  {ff314b67-8b8c-4691-b7e1-3307c004e230}, !- Handle
  central_ac_and_furnace_airloop_Fan_RTF_s_1, !- Name
  central ac and furnace supply fan,      !- Output Variable or Output Meter Index Key Name
  Fan Runtime Fraction Speed 2;           !- Output Variable or Output Meter Name

OS:Schedule:Ruleset,
  {54db7b30-d01b-41a9-b1ac-1eef8a2c6398}, !- Handle
  natural vent schedule,                  !- Name
  {a1fd46e1-c2ba-420b-8020-11bc511876b0}, !- Schedule Type Limits Name
  {c7ca6834-cebc-496f-bbc7-371a9c7fab9c}; !- Default Day Schedule Name

OS:Schedule:Day,
  {c7ca6834-cebc-496f-bbc7-371a9c7fab9c}, !- Handle
  natural vent schedule default day,      !- Name
  {a1fd46e1-c2ba-420b-8020-11bc511876b0}, !- Schedule Type Limits Name
  ,                                       !- Interpolate to Timestep
  24,                                     !- Hour 1
  0,                                      !- Minute 1
  0;                                      !- Value Until Time 1

OS:Schedule:Rule,
  {65142ebe-60ec-4d8d-87b4-95b13730eeb1}, !- Handle
  natural vent schedule rule,             !- Name
  {54db7b30-d01b-41a9-b1ac-1eef8a2c6398}, !- Schedule Ruleset Name
  0,                                      !- Rule Order
  {44fa127b-a3e1-44cc-97de-4fde9ab53fbf}, !- Day Schedule Name
  ,                                       !- Apply Sunday
  Yes,                                    !- Apply Monday
  ,                                       !- Apply Tuesday
  Yes,                                    !- Apply Wednesday
  ,                                       !- Apply Thursday
  Yes,                                    !- Apply Friday
  ,                                       !- Apply Saturday
  DateRange,                              !- Date Specification Type
  1,                                      !- Start Month
  1,                                      !- Start Day
  12,                                     !- End Month
  31;                                     !- End Day

OS:Schedule:Day,
  {44fa127b-a3e1-44cc-97de-4fde9ab53fbf}, !- Handle
  natural vent schedule avail day,        !- Name
  {a1fd46e1-c2ba-420b-8020-11bc511876b0}, !- Schedule Type Limits Name
  ,                                       !- Interpolate to Timestep
  24,                                     !- Hour 1
  0,                                      !- Minute 1
  1;                                      !- Value Until Time 1

OS:EnergyManagementSystem:Sensor,
  {1b41067c-be22-4ad6-8e6a-392b3e468236}, !- Handle
  natural_vent_s,                         !- Name
  natural vent schedule,                  !- Output Variable or Output Meter Index Key Name
  Schedule Value;                         !- Output Variable or Output Meter Name

OS:EnergyManagementSystem:Sensor,
  {c650df2e-3849-4ba8-94cd-9e0a30a47b70}, !- Handle
  htg_sp_s,                               !- Name
  heating setpoint,                       !- Output Variable or Output Meter Index Key Name
  Schedule Value;                         !- Output Variable or Output Meter Name

OS:EnergyManagementSystem:Sensor,
  {de29d6c3-3804-46d1-af54-ec14b6594502}, !- Handle
  clg_sp_s,                               !- Name
  cooling setpoint,                       !- Output Variable or Output Meter Index Key Name
  Schedule Value;                         !- Output Variable or Output Meter Name

OS:SpaceInfiltration:DesignFlowRate,
  {f8737116-a7b9-4b4f-a0d8-cafd7b5ce37a}, !- Handle
  natural vent flow,                      !- Name
  {d2d08edd-88aa-4a5f-9d1c-043be2ed219b}, !- Space or SpaceType Name
  {fda96224-8ebb-4f2a-aa20-79c3f3146f94}, !- Schedule Name
  Flow/Space,                             !- Design Flow Rate Calculation Method
  0,                                      !- Design Flow Rate {m3/s}
  ,                                       !- Flow per Space Floor Area {m3/s-m2}
  ,                                       !- Flow per Exterior Surface Area {m3/s-m2}
  ,                                       !- Air Changes per Hour {1/hr}
  ,                                       !- Constant Term Coefficient
  ,                                       !- Temperature Term Coefficient
  ,                                       !- Velocity Term Coefficient
  ;                                       !- Velocity Squared Term Coefficient

OS:EnergyManagementSystem:Actuator,
  {c4c44bd4-53b0-4d44-bc85-2002f871b687}, !- Handle
  natural_vent_flow_act,                  !- Name
  {f8737116-a7b9-4b4f-a0d8-cafd7b5ce37a}, !- Actuated Component Name
  Zone Infiltration,                      !- Actuated Component Type
  Air Exchange Flow Rate,                 !- Actuated Component Control Type
  ;                                       !- Zone or Space Name

OS:AdditionalProperties,
  {d52be144-13da-4a0a-9443-471037fb5780}, !- Handle
  {f8737116-a7b9-4b4f-a0d8-cafd7b5ce37a}, !- Object Name
  ObjectType,                             !- Feature Name 1
  String,                                 !- Feature Data Type 1
  natural vent;                           !- Feature Value 1

OS:SpaceInfiltration:DesignFlowRate,
  {f19fb21a-4ac5-452c-85a6-3fc1edac9394}, !- Handle
  whole house fan flow,                   !- Name
  {d2d08edd-88aa-4a5f-9d1c-043be2ed219b}, !- Space or SpaceType Name
  {fda96224-8ebb-4f2a-aa20-79c3f3146f94}, !- Schedule Name
  Flow/Space,                             !- Design Flow Rate Calculation Method
  0,                                      !- Design Flow Rate {m3/s}
  ,                                       !- Flow per Space Floor Area {m3/s-m2}
  ,                                       !- Flow per Exterior Surface Area {m3/s-m2}
  ,                                       !- Air Changes per Hour {1/hr}
  ,                                       !- Constant Term Coefficient
  ,                                       !- Temperature Term Coefficient
  ,                                       !- Velocity Term Coefficient
  ;                                       !- Velocity Squared Term Coefficient

OS:EnergyManagementSystem:Actuator,
  {1b71576e-e050-44f1-a6b7-0b6cc6bb6bce}, !- Handle
  whole_house_fan_flow_act,               !- Name
  {f19fb21a-4ac5-452c-85a6-3fc1edac9394}, !- Actuated Component Name
  Zone Infiltration,                      !- Actuated Component Type
  Air Exchange Flow Rate,                 !- Actuated Component Control Type
  ;                                       !- Zone or Space Name

OS:AdditionalProperties,
  {0382a77d-f140-4865-bbf8-3f09340ee2f2}, !- Handle
  {f19fb21a-4ac5-452c-85a6-3fc1edac9394}, !- Object Name
  ObjectType,                             !- Feature Name 1
  String,                                 !- Feature Data Type 1
  whole house fan;                        !- Feature Value 1

OS:ElectricEquipment:Definition,
  {aab71198-3d8b-49c5-babf-9377d100f3af}, !- Handle
  whole house fan,                        !- Name
  EquipmentLevel,                         !- Design Level Calculation Method
  0,                                      !- Design Level {W}
  ,                                       !- Watts per Space Floor Area {W/m2}
  ,                                       !- Watts per Person {W/person}
  0,                                      !- Fraction Latent
  0,                                      !- Fraction Radiant
  1;                                      !- Fraction Lost

OS:ElectricEquipment,
  {620a2bdf-143d-4c95-8966-21ad8e4798e7}, !- Handle
  whole house fan,                        !- Name
  {aab71198-3d8b-49c5-babf-9377d100f3af}, !- Electric Equipment Definition Name
  {d2d08edd-88aa-4a5f-9d1c-043be2ed219b}, !- Space or SpaceType Name
  {fda96224-8ebb-4f2a-aa20-79c3f3146f94}, !- Schedule Name
  ,                                       !- Multiplier
  whole house fan;                        !- End-Use Subcategory

OS:EnergyManagementSystem:Actuator,
  {e6a0fcc2-38a3-498b-80a9-90970422b92c}, !- Handle
  whole_house_fan_act,                    !- Name
  {620a2bdf-143d-4c95-8966-21ad8e4798e7}, !- Actuated Component Name
  ElectricEquipment,                      !- Actuated Component Type
  Electricity Rate,                       !- Actuated Component Control Type
  {d2d08edd-88aa-4a5f-9d1c-043be2ed219b}; !- Zone or Space Name

OS:ZoneMixing,
  {ee0e173d-1b70-4b65-8486-540364dc6467}, !- Handle
  whole house fan mix,                    !- Name
  {9a355809-2119-4380-a1d1-a973051a74f5}, !- Zone or Space Name
  {78971067-5aaa-4a8a-9dec-e9838eb018f0}, !- Schedule Name
  Flow/Zone,                              !- Design Flow Rate Calculation Method
  0,                                      !- Design Flow Rate {m3/s}
  ,                                       !- Flow Rate per Floor Area {m3/s-m2}
  ,                                       !- Flow Rate per Person {m3/s-person}
  ,                                       !- Air Changes per Hour {1/hr}
  {541fd03f-8d32-4c19-ae15-f3b2ce1607af}, !- Source Zone or Space Name
  ,                                       !- Delta Temperature {deltaC}
  ,                                       !- Delta Temperature Schedule Name
  ,                                       !- Minimum Receiving Temperature Schedule Name
  ,                                       !- Maximum Receiving Temperature Schedule Name
  ,                                       !- Minimum Source Temperature Schedule Name
  ,                                       !- Maximum Source Temperature Schedule Name
  ,                                       !- Minimum Outdoor Temperature Schedule Name
  ;                                       !- Maximum Outdoor Temperature Schedule Name

OS:Schedule:Constant,
  {78971067-5aaa-4a8a-9dec-e9838eb018f0}, !- Handle
  Always On Continuous,                   !- Name
  {3bcc45f8-cfc2-41d5-a508-03682649548c}, !- Schedule Type Limits Name
  1;                                      !- Value

OS:ScheduleTypeLimits,
  {3bcc45f8-cfc2-41d5-a508-03682649548c}, !- Handle
  Fractional 1,                           !- Name
  0,                                      !- Lower Limit Value
  1,                                      !- Upper Limit Value
  Continuous,                             !- Numeric Type
  ;                                       !- Unit Type

OS:EnergyManagementSystem:Actuator,
  {905b4f05-a873-4561-8fd8-2c836f3eaa46}, !- Handle
  whole_house_fan_mix_act,                !- Name
  {ee0e173d-1b70-4b65-8486-540364dc6467}, !- Actuated Component Name
  ZoneMixing,                             !- Actuated Component Type
  Air Exchange Flow Rate,                 !- Actuated Component Control Type
  ;                                       !- Zone or Space Name

OS:EnergyManagementSystem:Program,
  {867a7ad0-f399-4809-9518-9cf507431998}, !- Handle
  natural_vent_program,                   !- Name
  Set Tin = tin_s,                        !- Program Line 1
  Set Tout = tout_s,                      !- Program Line 2
  Set Wout = out_wt_s,                    !- Program Line 3
  Set Pbar = out_pb_s,                    !- Program Line 4
  Set Phiout = (@RhFnTdbWPb Tout Wout Pbar), !- Program Line 5
  Set MaxHR = 0.0115,                     !- Program Line 6
  Set MaxRH = 0.7,                        !- Program Line 7
  Set Tnvsp = (htg_sp_s + clg_sp_s) / 2,  !- Program Line 8
  Set NVavail = natural_vent_s,           !- Program Line 9
  Set ClgSsnAvail = cool_season,          !- Program Line 10
  Set natural_vent_flow_act = 0,          !- Program Line 11
  Set whole_house_fan_flow_act = 0,       !- Program Line 12
  Set whole_house_fan_mix_act = 0,        !- Program Line 13
  Set whole_house_fan_act = 0,            !- Program Line 14
  If ((Wout < MaxHR) && (Phiout < MaxRH) && (Tin > Tout) && (Tin > Tnvsp) && (ClgSsnAvail > 0)), !- Program Line 15
  Set WHF_Flow = 0,                       !- Program Line 16
  Set Adj = (Tin-Tnvsp)/(Tin-Tout),       !- Program Line 17
  Set Adj = (@Min Adj 1),                 !- Program Line 18
  Set Adj = (@Max Adj 0),                 !- Program Line 19
  If (WHF_Flow > 0),                      !- Program Line 20
  Set whole_house_fan_flow_act = WHF_Flow*Adj, !- Program Line 21
  Set whole_house_fan_mix_act = WHF_Flow*Adj, !- Program Line 22
  Set WHF_W = 0,                          !- Program Line 23
  Set whole_house_fan_act = WHF_W*Adj,    !- Program Line 24
  ElseIf (NVavail > 0),                   !- Program Line 25
  Set NVArea = 8948.346490368,            !- Program Line 26
  Set Cs = 0.0001989901015519336,         !- Program Line 27
  Set Cw = 9.172957080274798e-05,         !- Program Line 28
  Set Tdiff = Tin-Tout,                   !- Program Line 29
  Set dT = (@Abs Tdiff),                  !- Program Line 30
  Set Vwind = site_vw_s,                  !- Program Line 31
  Set SGNV = NVArea*Adj*((((Cs*dT)+(Cw*(Vwind^2)))^0.5)/1000), !- Program Line 32
  Set MaxNV = 3.3703340077056003,         !- Program Line 33
  Set natural_vent_flow_act = (@Min SGNV MaxNV), !- Program Line 34
  EndIf,                                  !- Program Line 35
  EndIf;                                  !- Program Line 36

OS:AdditionalProperties,
  {254367b2-981a-4726-a3b0-428381373c8c}, !- Handle
  {867a7ad0-f399-4809-9518-9cf507431998}, !- Object Name
  ObjectType,                             !- Feature Name 1
  String,                                 !- Feature Data Type 1
  natural vent;                           !- Feature Value 1

OS:EnergyManagementSystem:ProgramCallingManager,
  {2bd54d71-1995-410f-8660-934b8e60d668}, !- Handle
  natural_vent_program calling manager,   !- Name
  BeginZoneTimestepAfterInitHeatBalance,  !- EnergyPlus Model Calling Point
  {867a7ad0-f399-4809-9518-9cf507431998}; !- Program Name 1

OS:EnergyManagementSystem:OutputVariable,
  {b13d1de8-0cfb-4898-aa50-a250388fd093}, !- Handle
  natural_vent_flow_act_timeseries_outvar, !- Name
  natural_vent_flow_act,                  !- EMS Variable Name
  Averaged,                               !- Type of Data in Variable
  ZoneTimestep,                           !- Update Frequency
  {867a7ad0-f399-4809-9518-9cf507431998}, !- EMS Program or Subroutine Name
  m^/s;                                   !- Units

OS:EnergyManagementSystem:OutputVariable,
  {9efefc0b-8789-4aca-acb1-4d9d21108323}, !- Handle
  whole_house_fan_flow_act_timeseries_outvar, !- Name
  whole_house_fan_flow_act,               !- EMS Variable Name
  Averaged,                               !- Type of Data in Variable
  ZoneTimestep,                           !- Update Frequency
  {867a7ad0-f399-4809-9518-9cf507431998}, !- EMS Program or Subroutine Name
  m^/s;                                   !- Units

OS:SpaceInfiltration:EffectiveLeakageArea,
  {f91f5288-b1fd-4782-aeb5-2172cf191a92}, !- Handle
  infil|attic - vented 1,                 !- Name
  {abd50040-048e-4ab7-b817-55428dc46b6f}, !- Space or SpaceType Name
  {fda96224-8ebb-4f2a-aa20-79c3f3146f94}, !- Schedule Name
  2764.20834512065,                       !- Effective Air Leakage Area {cm2}
  0.000550864296374544,                   !- Stack Coefficient
  4.40493912969447e-05;                   !- Wind Coefficient

OS:Schedule:Constant,
  {e061a160-9ce6-4684-9003-9c238389c8ea}, !- Handle
  mech vent house fan schedule,           !- Name
  {ead26607-0737-4912-8f11-6ae10ca6176b}, !- Schedule Type Limits Name
  1;                                      !- Value

OS:ElectricEquipment:Definition,
  {057049e8-9ba4-42f4-a434-6ce4e5a901d9}, !- Handle
  mech vent house fan,                    !- Name
  EquipmentLevel,                         !- Design Level Calculation Method
  0,                                      !- Design Level {W}
  ,                                       !- Watts per Space Floor Area {W/m2}
  ,                                       !- Watts per Person {W/person}
  0,                                      !- Fraction Latent
  0,                                      !- Fraction Radiant
  1;                                      !- Fraction Lost

OS:ElectricEquipment,
  {efdc8f6c-fff9-420c-b144-5ebdfb98bdf5}, !- Handle
  mech vent house fan,                    !- Name
  {057049e8-9ba4-42f4-a434-6ce4e5a901d9}, !- Electric Equipment Definition Name
  {d2d08edd-88aa-4a5f-9d1c-043be2ed219b}, !- Space or SpaceType Name
  {e061a160-9ce6-4684-9003-9c238389c8ea}, !- Schedule Name
  ,                                       !- Multiplier
  mech vent;                              !- End-Use Subcategory

OS:Schedule:Constant,
  {4b8ea04e-64ed-4bbd-97c8-7e1683029132}, !- Handle
  mech vent house fan cfis schedule,      !- Name
  {ead26607-0737-4912-8f11-6ae10ca6176b}, !- Schedule Type Limits Name
  1;                                      !- Value

OS:ElectricEquipment:Definition,
  {53a2ebe1-a84c-4c95-8e16-652893a53339}, !- Handle
  mech vent house fan cfis,               !- Name
  EquipmentLevel,                         !- Design Level Calculation Method
  0,                                      !- Design Level {W}
  ,                                       !- Watts per Space Floor Area {W/m2}
  ,                                       !- Watts per Person {W/person}
  0,                                      !- Fraction Latent
  0,                                      !- Fraction Radiant
  0;                                      !- Fraction Lost

OS:ElectricEquipment,
  {99074a51-beb2-4619-8d46-f8f7d169d71f}, !- Handle
  mech vent house fan cfis,               !- Name
  {53a2ebe1-a84c-4c95-8e16-652893a53339}, !- Electric Equipment Definition Name
  {d2d08edd-88aa-4a5f-9d1c-043be2ed219b}, !- Space or SpaceType Name
  {4b8ea04e-64ed-4bbd-97c8-7e1683029132}, !- Schedule Name
  ,                                       !- Multiplier
  mech vent;                              !- End-Use Subcategory

OS:EnergyManagementSystem:Actuator,
  {83c050f8-5e45-4cd1-8067-b9f95c949db8}, !- Handle
  mech_vent_house_fan_cfis_act,           !- Name
  {99074a51-beb2-4619-8d46-f8f7d169d71f}, !- Actuated Component Name
  ElectricEquipment,                      !- Actuated Component Type
  Electricity Rate,                       !- Actuated Component Control Type
  {d2d08edd-88aa-4a5f-9d1c-043be2ed219b}; !- Zone or Space Name

OS:SpaceInfiltration:DesignFlowRate,
  {7a0e6143-5b87-4ba6-a927-71704fca47c3}, !- Handle
  infil flow,                             !- Name
  {d2d08edd-88aa-4a5f-9d1c-043be2ed219b}, !- Space or SpaceType Name
  {fda96224-8ebb-4f2a-aa20-79c3f3146f94}, !- Schedule Name
  Flow/Space,                             !- Design Flow Rate Calculation Method
  0,                                      !- Design Flow Rate {m3/s}
  ,                                       !- Flow per Space Floor Area {m3/s-m2}
  ,                                       !- Flow per Exterior Surface Area {m3/s-m2}
  ,                                       !- Air Changes per Hour {1/hr}
  ,                                       !- Constant Term Coefficient
  ,                                       !- Temperature Term Coefficient
  ,                                       !- Velocity Term Coefficient
  ;                                       !- Velocity Squared Term Coefficient

OS:EnergyManagementSystem:Actuator,
  {c7c750e8-1cb7-4126-b07d-bdb50c7c8e41}, !- Handle
  infil_flow_act,                         !- Name
  {7a0e6143-5b87-4ba6-a927-71704fca47c3}, !- Actuated Component Name
  Zone Infiltration,                      !- Actuated Component Type
  Air Exchange Flow Rate,                 !- Actuated Component Control Type
  ;                                       !- Zone or Space Name

OS:AdditionalProperties,
  {e6b4dc88-bad6-44d0-911d-31ac023bbb55}, !- Handle
  {7a0e6143-5b87-4ba6-a927-71704fca47c3}, !- Object Name
  ObjectType,                             !- Feature Name 1
  String,                                 !- Feature Data Type 1
  infil;                                  !- Feature Value 1

OS:EnergyManagementSystem:Program,
  {cefd9831-7b35-48ab-ac3c-7b673028be40}, !- Handle
  infil_program,                          !- Name
  Set p_m = 0.14,                         !- Program Line 1
  Set p_s = 0.22,                         !- Program Line 2
  Set s_m = 270,                          !- Program Line 3
  Set s_s = 370,                          !- Program Line 4
  Set z_m = 9.99744,                      !- Program Line 5
  Set z_s = 5.410200000000001,            !- Program Line 6
  Set f_t = (((s_m/z_m)^p_m)*((z_s/s_s)^p_s)), !- Program Line 7
  Set Tdiff = tin_s-tout_s,               !- Program Line 8
  Set dT = @Abs Tdiff,                    !- Program Line 9
  Set c = 0.1061,                         !- Program Line 10
  Set Cs = 0.0999,                        !- Program Line 11
  Set Cw = 0.1472,                        !- Program Line 12
  Set n = 0.65,                           !- Program Line 13
  Set sft = (f_t*0.7000000000000001),     !- Program Line 14
  Set temp1 = ((c*Cw)*((sft*site_vw_s)^(2*n)))^2, !- Program Line 15
  Set Qinf = (((c*Cs*(dT^n))^2)+temp1)^0.5, !- Program Line 16
  Set Qinf = (@Max Qinf 0),               !- Program Line 17
  Set mech_vent_house_fan_sensible_load_equip_act = 0.0, !- Program Line 18
  Set mech_vent_house_fan_latent_load_equip_act = 0.0, !- Program Line 19
  Set OASupInPb = out_pb_s,               !- Program Line 20
  Set OASupInTemp = tout_s,               !- Program Line 21
  Set OASupInW = out_wt_s,                !- Program Line 22
  Set OASupRho = (@RhoAirFnPbTdbW OASupInPb OASupInTemp OASupInW), !- Program Line 23
  Set OASupCp = (@CpAirFnW OASupInW),     !- Program Line 24
  Set OASupInEnth = (@HFnTdbW OASupInTemp OASupInW), !- Program Line 25
  Set ZoneTemp = tin_s,                   !- Program Line 26
  Set ZoneW = win_s,                      !- Program Line 27
  Set ZoneCp = (@CpAirFnW ZoneW),         !- Program Line 28
  Set ZoneAirEnth = (@HFnTdbW ZoneTemp ZoneW), !- Program Line 29
  Set mech_vent_house_fan_cfis_act = 0.0, !- Program Line 30
  Set QWHV_cfis_sup = 0.0,                !- Program Line 31
  Set QWHV_cfis_suppl_sup = 0.0,          !- Program Line 32
  Set QWHV_cfis_suppl_exh = 0.0,          !- Program Line 33
  Set Qrange = 0,                         !- Program Line 34
  Set Qrange = Qrange + 0.04719 * mech_vent_range_fan_0_sch_s, !- Program Line 35
  Set Qbath = 0,                          !- Program Line 36
  Set Qbath = Qbath + 0.04719 * mech_vent_bath_fan_0_sch_s, !- Program Line 37
  Set Qdryer = 0,                         !- Program Line 38
  Set Qdryer = Qdryer + 0.14682 * clothes_dryer_exhaust_0_sch_s, !- Program Line 39
  Set QWHV_sup = 0.0,                     !- Program Line 40
  Set QWHV_exh = 0.0,                     !- Program Line 41
  Set Qexhaust = Qrange + Qbath + Qdryer + QWHV_exh + QWHV_cfis_suppl_exh, !- Program Line 42
  Set Qsupply = QWHV_sup + QWHV_cfis_sup + QWHV_cfis_suppl_sup, !- Program Line 43
  Set Qfan = (@Max Qexhaust Qsupply),     !- Program Line 44
  If Qfan > 0,                            !- Program Line 45
  Set Qavg = ((Qexhaust + Qsupply) / 2.0), !- Program Line 46
  If ((@Abs (Qexhaust - Qavg)) / Qavg) <= 0.1, !- Program Line 47
  Set phi = 1,                            !- Program Line 48
  Else,                                   !- Program Line 49
  Set phi = (Qinf / (Qinf + Qfan)),       !- Program Line 50
  EndIf,                                  !- Program Line 51
  Set Qinf_adj = phi * Qinf,              !- Program Line 52
  Else,                                   !- Program Line 53
  Set Qinf_adj = Qinf,                    !- Program Line 54
  EndIf,                                  !- Program Line 55
  Set infil_flow_act = Qinf_adj,          !- Program Line 56
  Set Qload = Qfan,                       !- Program Line 57
  Set Effectiveness_Sens = 0.0,           !- Program Line 58
  Set Effectiveness_Lat = 0.0,            !- Program Line 59
  Set Fan_MFR = Qload * OASupRho,         !- Program Line 60
  Set ZoneInEnth = OASupInEnth,           !- Program Line 61
  Set ZoneInTemp = OASupInTemp,           !- Program Line 62
  Set FanTotalToCond = Fan_MFR * (ZoneInEnth - ZoneAirEnth), !- Program Line 63
  Set FanSensToCond = Fan_MFR * ZoneCp * (ZoneInTemp - ZoneTemp), !- Program Line 64
  Set FanLatToCond = FanTotalToCond - FanSensToCond, !- Program Line 65
  Set mech_vent_house_fan_sensible_load_equip_act = mech_vent_house_fan_sensible_load_equip_act + FanSensToCond, !- Program Line 66
  Set mech_vent_house_fan_latent_load_equip_act = mech_vent_house_fan_latent_load_equip_act + FanLatToCond; !- Program Line 67

OS:AdditionalProperties,
  {d2ad9f85-3af5-4a4c-9846-99dd0b1c4b3d}, !- Handle
  {cefd9831-7b35-48ab-ac3c-7b673028be40}, !- Object Name
  ObjectType,                             !- Feature Name 1
  String,                                 !- Feature Data Type 1
  infil;                                  !- Feature Value 1

OS:OtherEquipment:Definition,
  {ddb4a898-9907-4a12-afb4-d6d806b7be30}, !- Handle
  mech vent house fan sensible load equip, !- Name
  EquipmentLevel,                         !- Design Level Calculation Method
  0,                                      !- Design Level {W}
  ,                                       !- Watts per Space Floor Area {W/m2}
  ,                                       !- Watts per Person {W/Person}
  0,                                      !- Fraction Latent
  0,                                      !- Fraction Radiant
  0;                                      !- Fraction Lost

OS:OtherEquipment,
  {a52f93a0-a924-4d55-891f-38ba82324b09}, !- Handle
  mech vent house fan sensible load equip, !- Name
  {ddb4a898-9907-4a12-afb4-d6d806b7be30}, !- Other Equipment Definition Name
  {d2d08edd-88aa-4a5f-9d1c-043be2ed219b}, !- Space or SpaceType Name
  {fda96224-8ebb-4f2a-aa20-79c3f3146f94}, !- Schedule Name
  ,                                       !- Multiplier
  None,                                   !- Fuel Type
  mech vent house fan;                    !- End-Use Subcategory

OS:EnergyManagementSystem:Actuator,
  {9c79bb36-0ec3-45b6-9370-0cbd4fd7a7f9}, !- Handle
  mech_vent_house_fan_sensible_load_equip_act, !- Name
  {a52f93a0-a924-4d55-891f-38ba82324b09}, !- Actuated Component Name
  OtherEquipment,                         !- Actuated Component Type
  Power Level,                            !- Actuated Component Control Type
  {d2d08edd-88aa-4a5f-9d1c-043be2ed219b}; !- Zone or Space Name

OS:OtherEquipment:Definition,
  {4b7da7e3-5ac8-4d72-8f5d-08e3a10bf0e6}, !- Handle
  mech vent house fan latent load equip,  !- Name
  EquipmentLevel,                         !- Design Level Calculation Method
  0,                                      !- Design Level {W}
  ,                                       !- Watts per Space Floor Area {W/m2}
  ,                                       !- Watts per Person {W/Person}
  1,                                      !- Fraction Latent
  0,                                      !- Fraction Radiant
  0;                                      !- Fraction Lost

OS:OtherEquipment,
  {cf2cf963-8b56-417d-806f-e18cec5fa758}, !- Handle
  mech vent house fan latent load equip,  !- Name
  {4b7da7e3-5ac8-4d72-8f5d-08e3a10bf0e6}, !- Other Equipment Definition Name
  {d2d08edd-88aa-4a5f-9d1c-043be2ed219b}, !- Space or SpaceType Name
  {fda96224-8ebb-4f2a-aa20-79c3f3146f94}, !- Schedule Name
  ,                                       !- Multiplier
  None,                                   !- Fuel Type
  mech vent house fan;                    !- End-Use Subcategory

OS:EnergyManagementSystem:Actuator,
  {be1338f3-efc2-4a49-88f9-f75176b8e5f0}, !- Handle
  mech_vent_house_fan_latent_load_equip_act, !- Name
  {cf2cf963-8b56-417d-806f-e18cec5fa758}, !- Actuated Component Name
  OtherEquipment,                         !- Actuated Component Type
  Power Level,                            !- Actuated Component Control Type
  {d2d08edd-88aa-4a5f-9d1c-043be2ed219b}; !- Zone or Space Name

OS:Schedule:Ruleset,
  {c26c496b-353a-4256-844d-b3d5a4e69cf9}, !- Handle
  mech vent range fan 0 schedule,         !- Name
  {ead26607-0737-4912-8f11-6ae10ca6176b}, !- Schedule Type Limits Name
  {36034758-b6c4-43f0-81d6-92229d6e9347}; !- Default Day Schedule Name

OS:Schedule:Day,
  {36034758-b6c4-43f0-81d6-92229d6e9347}, !- Handle
  mech vent range fan 0 schedule default day, !- Name
  {ead26607-0737-4912-8f11-6ae10ca6176b}, !- Schedule Type Limits Name
  ,                                       !- Interpolate to Timestep
  24,                                     !- Hour 1
  0,                                      !- Minute 1
  0;                                      !- Value Until Time 1

OS:Schedule:Rule,
  {534b7583-df2a-42c8-b9d1-fe13dc5e92c8}, !- Handle
  mech vent range fan 0 schedule allday ruleset1, !- Name
  {c26c496b-353a-4256-844d-b3d5a4e69cf9}, !- Schedule Ruleset Name
  0,                                      !- Rule Order
  {a0154bcf-692c-47e5-acc9-fe9de1a182bb}, !- Day Schedule Name
  Yes,                                    !- Apply Sunday
  Yes,                                    !- Apply Monday
  Yes,                                    !- Apply Tuesday
  Yes,                                    !- Apply Wednesday
  Yes,                                    !- Apply Thursday
  Yes,                                    !- Apply Friday
  Yes,                                    !- Apply Saturday
  DateRange,                              !- Date Specification Type
  1,                                      !- Start Month
  1,                                      !- Start Day
  12,                                     !- End Month
  31;                                     !- End Day

OS:Schedule:Day,
  {a0154bcf-692c-47e5-acc9-fe9de1a182bb}, !- Handle
  mech vent range fan 0 schedule allday1, !- Name
  {ead26607-0737-4912-8f11-6ae10ca6176b}, !- Schedule Type Limits Name
  ,                                       !- Interpolate to Timestep
  17,                                     !- Hour 1
  0,                                      !- Minute 1
  0,                                      !- Value Until Time 1
  18,                                     !- Hour 2
  0,                                      !- Minute 2
  1,                                      !- Value Until Time 2
  24,                                     !- Hour 3
  0,                                      !- Minute 3
  0;                                      !- Value Until Time 3

OS:EnergyManagementSystem:Sensor,
  {6297126b-6935-4551-bc8d-d79d80edee2f}, !- Handle
  mech_vent_range_fan_0_sch_s,            !- Name
  mech vent range fan 0 schedule,         !- Output Variable or Output Meter Index Key Name
  Schedule Value;                         !- Output Variable or Output Meter Name

OS:ElectricEquipment:Definition,
  {e831d222-a7d9-4748-b197-8e98594ce84c}, !- Handle
  mech vent range fan 0,                  !- Name
  EquipmentLevel,                         !- Design Level Calculation Method
  30,                                     !- Design Level {W}
  ,                                       !- Watts per Space Floor Area {W/m2}
  ,                                       !- Watts per Person {W/person}
  0,                                      !- Fraction Latent
  0,                                      !- Fraction Radiant
  1;                                      !- Fraction Lost

OS:ElectricEquipment,
  {6682af14-9664-4e2b-8866-938e3a4f09f1}, !- Handle
  mech vent range fan 0,                  !- Name
  {e831d222-a7d9-4748-b197-8e98594ce84c}, !- Electric Equipment Definition Name
  {d2d08edd-88aa-4a5f-9d1c-043be2ed219b}, !- Space or SpaceType Name
  {c26c496b-353a-4256-844d-b3d5a4e69cf9}, !- Schedule Name
  ,                                       !- Multiplier
  mech vent;                              !- End-Use Subcategory

OS:Schedule:Ruleset,
  {7a342195-796a-4290-b537-33e4a57013cc}, !- Handle
  mech vent bath fan 0 schedule,          !- Name
  {ead26607-0737-4912-8f11-6ae10ca6176b}, !- Schedule Type Limits Name
  {6f362ac1-1ca3-49fb-a4a6-8ec2bae1b802}; !- Default Day Schedule Name

OS:Schedule:Day,
  {6f362ac1-1ca3-49fb-a4a6-8ec2bae1b802}, !- Handle
  mech vent bath fan 0 schedule default day, !- Name
  {ead26607-0737-4912-8f11-6ae10ca6176b}, !- Schedule Type Limits Name
  ,                                       !- Interpolate to Timestep
  24,                                     !- Hour 1
  0,                                      !- Minute 1
  0;                                      !- Value Until Time 1

OS:Schedule:Rule,
  {38cd43cb-c1e2-489d-ba89-3a81deaa4738}, !- Handle
  mech vent bath fan 0 schedule allday ruleset1, !- Name
  {7a342195-796a-4290-b537-33e4a57013cc}, !- Schedule Ruleset Name
  0,                                      !- Rule Order
  {c69aaed5-264f-4320-bd1d-c8e582592558}, !- Day Schedule Name
  Yes,                                    !- Apply Sunday
  Yes,                                    !- Apply Monday
  Yes,                                    !- Apply Tuesday
  Yes,                                    !- Apply Wednesday
  Yes,                                    !- Apply Thursday
  Yes,                                    !- Apply Friday
  Yes,                                    !- Apply Saturday
  DateRange,                              !- Date Specification Type
  1,                                      !- Start Month
  1,                                      !- Start Day
  12,                                     !- End Month
  31;                                     !- End Day

OS:Schedule:Day,
  {c69aaed5-264f-4320-bd1d-c8e582592558}, !- Handle
  mech vent bath fan 0 schedule allday1,  !- Name
  {ead26607-0737-4912-8f11-6ae10ca6176b}, !- Schedule Type Limits Name
  ,                                       !- Interpolate to Timestep
  12,                                     !- Hour 1
  0,                                      !- Minute 1
  0,                                      !- Value Until Time 1
  13,                                     !- Hour 2
  0,                                      !- Minute 2
  1,                                      !- Value Until Time 2
  24,                                     !- Hour 3
  0,                                      !- Minute 3
  0;                                      !- Value Until Time 3

OS:EnergyManagementSystem:Sensor,
  {62bed0dc-c2b5-467e-b2e1-8229c42f0f6e}, !- Handle
  mech_vent_bath_fan_0_sch_s,             !- Name
  mech vent bath fan 0 schedule,          !- Output Variable or Output Meter Index Key Name
  Schedule Value;                         !- Output Variable or Output Meter Name

OS:ElectricEquipment:Definition,
  {66fd28ba-c63f-4af8-a234-b11eb4c5ea69}, !- Handle
  mech vent bath fan 0,                   !- Name
  EquipmentLevel,                         !- Design Level Calculation Method
  30,                                     !- Design Level {W}
  ,                                       !- Watts per Space Floor Area {W/m2}
  ,                                       !- Watts per Person {W/person}
  0,                                      !- Fraction Latent
  0,                                      !- Fraction Radiant
  1;                                      !- Fraction Lost

OS:ElectricEquipment,
  {a8604bcd-41a9-48dd-aefb-6fc1e9cf7a20}, !- Handle
  mech vent bath fan 0,                   !- Name
  {66fd28ba-c63f-4af8-a234-b11eb4c5ea69}, !- Electric Equipment Definition Name
  {d2d08edd-88aa-4a5f-9d1c-043be2ed219b}, !- Space or SpaceType Name
  {7a342195-796a-4290-b537-33e4a57013cc}, !- Schedule Name
  ,                                       !- Multiplier
  mech vent;                              !- End-Use Subcategory

OS:EnergyManagementSystem:Sensor,
  {629b8190-0f7c-4a02-ae7a-1086a69838a2}, !- Handle
  clothes_dryer_exhaust_0_sch_s,          !- Name
  clothes_dryer,                          !- Output Variable or Output Meter Index Key Name
  Schedule Value;                         !- Output Variable or Output Meter Name

OS:EnergyManagementSystem:OutputVariable,
  {573ee74a-9f8f-48ca-a118-8ba468d1ae9a}, !- Handle
  Qfan_timeseries_outvar,                 !- Name
  Qfan,                                   !- EMS Variable Name
  Averaged,                               !- Type of Data in Variable
  ZoneTimestep,                           !- Update Frequency
  {cefd9831-7b35-48ab-ac3c-7b673028be40}, !- EMS Program or Subroutine Name
  m^/s;                                   !- Units

OS:EnergyManagementSystem:OutputVariable,
  {b140b6ea-e95d-4d2d-bbf5-303890ec1361}, !- Handle
  infil_flow_act_timeseries_outvar,       !- Name
  infil_flow_act,                         !- EMS Variable Name
  Averaged,                               !- Type of Data in Variable
  ZoneTimestep,                           !- Update Frequency
  {cefd9831-7b35-48ab-ac3c-7b673028be40}, !- EMS Program or Subroutine Name
  m^/s;                                   !- Units

OS:EnergyManagementSystem:ProgramCallingManager,
  {2142a7a8-4638-400f-b6c1-90d04a443bab}, !- Handle
  infil_program calling manager,          !- Name
  BeginZoneTimestepAfterInitHeatBalance,  !- EnergyPlus Model Calling Point
  {cefd9831-7b35-48ab-ac3c-7b673028be40}; !- Program Name 1

OS:BuildingUnit,
  {e3a51409-6bb8-4de9-a8ff-fddcbc91f443}, !- Handle
  Building Unit 1,                        !- Name
  ,                                       !- Rendering Color
  ;                                       !- Building Unit Type

OS:AdditionalProperties,
  {85934a5f-d799-4499-9e87-0498077e79a5}, !- Handle
  {e3a51409-6bb8-4de9-a8ff-fddcbc91f443}, !- Object Name
  unit_num,                               !- Feature Name 1
  Integer,                                !- Feature Data Type 1
  1;                                      !- Feature Value 1

OS:EnergyManagementSystem:Sensor,
  {718e6d6e-6113-4896-8019-ba96569a4ae5}, !- Handle
  zone_htg_unmet_s,                       !- Name
  conditioned space,                      !- Output Variable or Output Meter Index Key Name
  Zone Heating Setpoint Not Met Time;     !- Output Variable or Output Meter Name

OS:EnergyManagementSystem:Sensor,
  {f4ddcb70-2580-4965-bc88-0162f2ae610e}, !- Handle
  zone_clg_unmet_s,                       !- Name
  conditioned space,                      !- Output Variable or Output Meter Index Key Name
  Zone Cooling Setpoint Not Met Time;     !- Output Variable or Output Meter Name

OS:AdditionalProperties,
  {209dbddc-7982-4274-9dfe-08ea0e614b3b}, !- Handle
  {62bed0dc-c2b5-467e-b2e1-8229c42f0f6e}; !- Object Name

OS:AdditionalProperties,
  {a819242a-2a3c-4ac9-9da7-4b5d132b5058}, !- Handle
  {6297126b-6935-4551-bc8d-d79d80edee2f}; !- Object Name

OS:AdditionalProperties,
  {ee6b84b4-48e9-49c3-b98f-f3db722fca04}, !- Handle
  {de29d6c3-3804-46d1-af54-ec14b6594502}; !- Object Name

OS:AdditionalProperties,
  {c3c4016d-6836-4823-b658-368179fa285c}, !- Handle
  {c650df2e-3849-4ba8-94cd-9e0a30a47b70}; !- Object Name

OS:AdditionalProperties,
  {cf092e6d-5ac1-421c-93c9-01f18706dd1e}, !- Handle
  {1b41067c-be22-4ad6-8e6a-392b3e468236}; !- Object Name

OS:AdditionalProperties,
  {ad505896-623d-4369-a244-596aab3821d4}, !- Handle
  {ff314b67-8b8c-4691-b7e1-3307c004e230}; !- Object Name

OS:AdditionalProperties,
  {e198967e-ec36-4cc0-8a24-b6ae53b89ae5}, !- Handle
  {629b8190-0f7c-4a02-ae7a-1086a69838a2}; !- Object Name

OS:AdditionalProperties,
  {9014ea9e-3cdb-4274-afa8-6e4a5997a475}, !- Handle
  {7e6c013d-a71f-425f-9d9d-7fa70639c08e}; !- Object Name

OS:AdditionalProperties,
  {e55184b7-424b-476c-9522-f523b2a08a8f}, !- Handle
  {78b154a5-28be-4b53-884f-54d2de5ec407}; !- Object Name

OS:AdditionalProperties,
  {eaeccae9-87f6-4385-acb5-b7cf0baac479}, !- Handle
  {a40b23f7-f8fb-4ef4-817c-873106450e54}; !- Object Name

OS:AdditionalProperties,
  {2228f758-38f1-4709-9f1e-d011273030de}, !- Handle
  {5e75c884-2de6-4a88-8f30-c1eccc72b351}; !- Object Name

OS:AdditionalProperties,
  {9166c41d-bf4f-40d0-9e87-0b3c8d496be9}, !- Handle
  {28e7d5b2-6183-4026-bea7-8e0c13056541}; !- Object Name

OS:AdditionalProperties,
  {e30b300b-b055-485e-b199-fd3a361bf106}, !- Handle
  {b353dcfc-a903-4ab9-9b4b-8b8c07750df5}; !- Object Name

OS:AdditionalProperties,
  {801d196d-1d56-4687-aa45-3dd395c572d9}, !- Handle
  {718e6d6e-6113-4896-8019-ba96569a4ae5}; !- Object Name

OS:AdditionalProperties,
  {88c380cc-f3df-42c0-ae4c-8884b11a4dee}, !- Handle
  {dbbf0d19-a1ba-4ccd-99e2-8b1752ec74ab}; !- Object Name

OS:AdditionalProperties,
  {100a511e-9bf2-4383-85df-72305a6c287a}, !- Handle
  {aafca98c-38a7-4e2f-82bd-ceb65b0baa80}; !- Object Name

OS:AdditionalProperties,
  {03f160ae-ed71-4bc8-ba5a-09fd20b8ae5a}, !- Handle
  {4a676f9c-3ed4-4dfd-a2e0-adc933eef58f}; !- Object Name

OS:AdditionalProperties,
  {fbb10281-5a67-44f0-b17a-beaceb4efe87}, !- Handle
  {7ebc4ba5-da73-4a9c-b26c-82d9394ab7d9}; !- Object Name

OS:AdditionalProperties,
  {3bdb585b-bd65-4d66-a91a-927d97a86baf}, !- Handle
  {1433404a-ba76-45dd-ae3c-354f3f6db2b4}; !- Object Name

OS:AdditionalProperties,
  {31cc7ba5-1595-42cf-a938-c0a9e9376ca0}, !- Handle
  {f4ddcb70-2580-4965-bc88-0162f2ae610e}; !- Object Name

OS:AdditionalProperties,
  {0b915b87-dad2-493a-8386-db5249af3fb9}, !- Handle
  {3ec69a30-533c-4afe-ab47-51c4dbdc2422}; !- Object Name

OS:AdditionalProperties,
  {1279ec49-f02c-41d7-843c-749ddc493ae7}, !- Handle
  {9c921773-c1a3-4537-82fe-1ac476ce5af8}; !- Object Name

OS:AdditionalProperties,
  {15b3d6f5-9df8-436d-bbd1-23cbcfa97c8a}, !- Handle
  {902ffef1-301f-4d83-819a-3159ac87f779}; !- Object Name

OS:AdditionalProperties,
  {e3508cbf-9508-42ff-a8e2-d027b99f6c26}, !- Handle
  {93923c7d-5d28-42b8-96e6-be55bbc15d41}; !- Object Name

OS:EnergyManagementSystem:Program,
  {1a58c3fe-ef3f-4666-a7c0-9597f63b009d}, !- Handle
  unmet_hours_program,                    !- Name
  Set htg_unmet_hours = 0,                !- Program Line 1
  Set clg_unmet_hours = 0,                !- Program Line 2
  If ((DayOfYear >= 1) && (DayOfYear <= 365)), !- Program Line 3
  If zone_htg_unmet_s > htg_unmet_hours,  !- Program Line 4
  Set htg_unmet_hours = zone_htg_unmet_s, !- Program Line 5
  EndIf,                                  !- Program Line 6
  EndIf,                                  !- Program Line 7
  If ((DayOfYear >= 1) && (DayOfYear <= 365)), !- Program Line 8
  If zone_clg_unmet_s > clg_unmet_hours,  !- Program Line 9
  Set clg_unmet_hours = zone_clg_unmet_s, !- Program Line 10
  EndIf,                                  !- Program Line 11
  EndIf;                                  !- Program Line 12

OS:AdditionalProperties,
  {e7fe8baf-6460-4f15-a835-4eb330353b68}, !- Handle
  {1a58c3fe-ef3f-4666-a7c0-9597f63b009d}, !- Object Name
  ObjectType,                             !- Feature Name 1
  String,                                 !- Feature Data Type 1
  unmet hours program;                    !- Feature Value 1

OS:EnergyManagementSystem:ProgramCallingManager,
  {955bc391-dd68-48b4-b7a2-90ef26d39417}, !- Handle
  unmet_hours_program calling manager,    !- Name
  EndOfZoneTimestepBeforeZoneReporting,   !- EnergyPlus Model Calling Point
  {1a58c3fe-ef3f-4666-a7c0-9597f63b009d}; !- Program Name 1

OS:EnergyManagementSystem:Sensor,
  {4641ccf0-6621-4189-ab68-e807a7edf4d0}, !- Handle
  htg_load_cond,                          !- Name
  ,                                       !- Output Variable or Output Meter Index Key Name
  Heating:EnergyTransfer:Zone:CONDITIONED SPACE; !- Output Variable or Output Meter Name

OS:EnergyManagementSystem:Sensor,
  {830d51a7-4aeb-4da4-9a87-fa99f55ee56d}, !- Handle
  clg_load_cond,                          !- Name
  ,                                       !- Output Variable or Output Meter Index Key Name
  Cooling:EnergyTransfer:Zone:CONDITIONED SPACE; !- Output Variable or Output Meter Name

OS:EnergyManagementSystem:Program,
  {794e6904-a075-4051-877e-4b1b10b7dda1}, !- Handle
  total_loads_program,                    !- Name
  Set loads_htg_tot = 0,                  !- Program Line 1
  Set loads_clg_tot = 0,                  !- Program Line 2
  If htg_load_cond > 0,                   !- Program Line 3
  Set loads_htg_tot = loads_htg_tot + (htg_load_cond - clg_load_cond) * 1.0, !- Program Line 4
  EndIf,                                  !- Program Line 5
  If clg_load_cond > 0,                   !- Program Line 6
  Set loads_clg_tot = loads_clg_tot + (clg_load_cond - htg_load_cond) * 1.0, !- Program Line 7
  EndIf;                                  !- Program Line 8

OS:AdditionalProperties,
  {d42f53e4-2a85-4b4b-9f6b-5396ec582be6}, !- Handle
  {794e6904-a075-4051-877e-4b1b10b7dda1}, !- Object Name
  ObjectType,                             !- Feature Name 1
  String,                                 !- Feature Data Type 1
  total loads program;                    !- Feature Value 1

OS:EnergyManagementSystem:ProgramCallingManager,
  {604c4e09-5754-43cc-8e57-439622753023}, !- Handle
  total_loads_program calling manager,    !- Name
  EndOfZoneTimestepAfterZoneReporting,    !- EnergyPlus Model Calling Point
  {794e6904-a075-4051-877e-4b1b10b7dda1}; !- Program Name 1

OS:Output:JSON,
  {ea2df844-38bf-410f-88da-f22ca447ffff}, !- Handle
  TimeSeriesAndTabular,                   !- Option Type
  No,                                     !- Output JSON
  No,                                     !- Output CBOR
  Yes;                                    !- Output MessagePack

OS:OutputControl:Files,
  {6d222415-55fa-4e95-9eb1-8c3f2d6d1913}, !- Handle
  No,                                     !- Output CSV
  No,                                     !- Output MTR
  No,                                     !- Output ESO
  No,                                     !- Output EIO
  Yes,                                    !- Output Tabular
  No,                                     !- Output SQLite
  Yes,                                    !- Output JSON
  No,                                     !- Output AUDIT
  Yes,                                    !- Output Zone Sizing
  Yes,                                    !- Output System Sizing
  Yes,                                    !- Output DXF
  No,                                     !- Output BND
  No,                                     !- Output RDD
  No,                                     !- Output MDD
  No,                                     !- Output MTD
  No,                                     !- Output SHD
  Yes,                                    !- Output DFS
  Yes,                                    !- Output GLHE
  Yes,                                    !- Output DelightIn
  Yes,                                    !- Output DelightELdmp
  Yes,                                    !- Output DelightDFdmp
  Yes,                                    !- Output EDD
  Yes,                                    !- Output DBG
  No,                                     !- Output PerfLog
  Yes,                                    !- Output SLN
  Yes,                                    !- Output SCI
  Yes,                                    !- Output WRL
  Yes,                                    !- Output Screen
  Yes,                                    !- Output ExtShd
  Yes;                                    !- Output Tarcog

OS:Building,
  {2afbed83-cdd2-456e-9c14-d567560e8eb0}, !- Handle
  Building 1,                             !- Name
  ,                                       !- Building Sector Type
  ,                                       !- North Axis {deg}
  ,                                       !- Nominal Floor to Floor Height {m}
  ,                                       !- Space Type Name
  ,                                       !- Default Construction Set Name
  ;                                       !- Default Schedule Set Name

OS:AdditionalProperties,
  {5a49e9fc-121b-4f77-ae40-0a518c911d8d}, !- Handle
  {2afbed83-cdd2-456e-9c14-d567560e8eb0}, !- Object Name
  hpxml_path,                             !- Feature Name 1
  String,                                 !- Feature Data Type 1
  /var/simdata/openstudio/run/home.xml,   !- Feature Value 1
  hpxml_defaults_path,                    !- Feature Name 2
  String,                                 !- Feature Data Type 2
  /var/simdata/openstudio/run/in.xml,     !- Feature Value 2
  building_id,                            !- Feature Name 3
  String,                                 !- Feature Data Type 3
  ,                                       !- Feature Value 3
  emissions_scenario_names,               !- Feature Name 4
  String,                                 !- Feature Data Type 4
  ["LRMER_LowRECost_15"&#44 "LRMER_MidCase_15"&#44 "LRMER_HighRECost_15"&#44 "LRMER_MidCase_25"], !- Feature Value 4
  emissions_scenario_types,               !- Feature Name 5
  String,                                 !- Feature Data Type 5
  ["CO2e"&#44 "CO2e"&#44 "CO2e"&#44 "CO2e"], !- Feature Value 5
  heated_zones,                           !- Feature Name 6
  String,                                 !- Feature Data Type 6
  ["conditioned space"],                  !- Feature Value 6
  cooled_zones,                           !- Feature Name 7
  String,                                 !- Feature Data Type 7
  ["conditioned space"],                  !- Feature Value 7
  is_southern_hemisphere,                 !- Feature Name 8
  Boolean,                                !- Feature Data Type 8
  false;                                  !- Feature Value 8

